Workbook

Sheet Producto 1 Plano 26
B2: ANEXO 1 - CANTIDADES DE ENERGÍA SOLICITADA EN kWh
B3: PRODUCTO 1
B4: PERIODO 01 DE ENERO DEL 2026 A DICIEMBRE 31 DE 2026
C5: DIA | D5: 1 | E5: 2 | F5: 3 | G5: 4 | H5: 5 | I5: 6 | J5: 7 | K5: 8 | L5: 9 | M5: 10 | N5: 11 | O5: 12 | P5: 13 | Q5: 14 | R5: 15 | S5: 16 | T5: 17 | U5: 18 | V5: 19 | W5: 20 | X5: 21 | Y5: 22 | Z5: 23 | AA5: 24 | AB5: Total | AC5: No. DÍAS | AD5: Total
B6: 46023 | C6: Hábil | D6: 5647.26 | E6: 5647.26 | F6: 5647.26 | G6: 5647.26 | H6: 5647.26 | I6: 5647.26 | J6: 5647.26 | K6: 5647.26 | L6: 5647.26 | M6: 5647.26 | N6: 5647.26 | O6: 5647.26 | P6: 5647.26 | Q6: 5647.26 | R6: 5647.26 | S6: 5647.26 | T6: 5647.26 | U6: 5647.26 | V6: 5647.26 | W6: 5647.26 | X6: 5647.26 | Y6: 5647.26 | Z6: 5647.26 | AA6: 5647.26 | AB6: =(SUM(D6:AA6)) -> 135534.24 | AC6: 20 | AD6: =(AB6*AC6)+(AB7*AC7)+(AB8*AC8)+(AB9*AC9) -> 4201561.4 | AE6: =+AD6 -> 4201561.4
C7: Sábado | D7: 5647.26 | E7: 5647.26 | F7: 5647.26 | G7: 5647.26 | H7: 5647.26 | I7: 5647.26 | J7: 5647.26 | K7: 5647.26 | L7: 5647.26 | M7: 5647.26 | N7: 5647.26 | O7: 5647.26 | P7: 5647.26 | Q7: 5647.26 | R7: 5647.26 | S7: 5647.26 | T7: 5647.26 | U7: 5647.26 | V7: 5647.26 | W7: 5647.26 | X7: 5647.26 | Y7: 5647.26 | Z7: 5647.26 | AA7: 5647.26 | AB7: =(SUM(D7:AA7)) -> 135534.24 | AC7: 5 | AE7: =+AD10 -> 3794958.7
C8: Domingo | D8: 5647.26 | E8: 5647.26 | F8: 5647.26 | G8: 5647.26 | H8: 5647.26 | I8: 5647.26 | J8: 5647.26 | K8: 5647.26 | L8: 5647.26 | M8: 5647.26 | N8: 5647.26 | O8: 5647.26 | P8: 5647.26 | Q8: 5647.26 | R8: 5647.26 | S8: 5647.26 | T8: 5647.26 | U8: 5647.26 | V8: 5647.26 | W8: 5647.26 | X8: 5647.26 | Y8: 5647.26 | Z8: 5647.26 | AA8: 5647.26 | AB8: =(SUM(D8:AA8)) -> 135534.24 | AC8: 4 | AE8: =+AD14 -> 4201561.4
C9: Festivo | D9: 5647.26 | E9: 5647.26 | F9: 5647.26 | G9: 5647.26 | H9: 5647.26 | I9: 5647.26 | J9: 5647.26 | K9: 5647.26 | L9: 5647.26 | M9: 5647.26 | N9: 5647.26 | O9: 5647.26 | P9: 5647.26 | Q9: 5647.26 | R9: 5647.26 | S9: 5647.26 | T9: 5647.26 | U9: 5647.26 | V9: 5647.26 | W9: 5647.26 | X9: 5647.26 | Y9: 5647.26 | Z9: 5647.26 | AA9: 5647.26 | AB9: =(SUM(D9:AA9)) -> 135534.24 | AC9: 2 | AE9: =+AD18 -> 4066027.2
B10: 46054 | C10: Hábil | D10: 5647.26 | E10: 5647.26 | F10: 5647.26 | G10: 5647.26 | H10: 5647.26 | I10: 5647.26 | J10: 5647.26 | K10: 5647.26 | L10: 5647.26 | M10: 5647.26 | N10: 5647.26 | O10: 5647.26 | P10: 5647.26 | Q10: 5647.26 | R10: 5647.26 | S10: 5647.26 | T10: 5647.26 | U10: 5647.26 | V10: 5647.26 | W10: 5647.26 | X10: 5647.26 | Y10: 5647.26 | Z10: 5647.26 | AA10: 5647.26 | AB10: =(SUM(D10:AA10)) -> 135534.24 | AC10: 20 | AD10: =(AB10*AC10)+(AB11*AC11)+(AB12*AC12)+(AB13*AC13) -> 3794958.7 | AE10: =+AD22 -> 4201561.4
C11: Sábado | D11: 5647.26 | E11: 5647.26 | F11: 5647.26 | G11: 5647.26 | H11: 5647.26 | I11: 5647.26 | J11: 5647.26 | K11: 5647.26 | L11: 5647.26 | M11: 5647.26 | N11: 5647.26 | O11: 5647.26 | P11: 5647.26 | Q11: 5647.26 | R11: 5647.26 | S11: 5647.26 | T11: 5647.26 | U11: 5647.26 | V11: 5647.26 | W11: 5647.26 | X11: 5647.26 | Y11: 5647.26 | Z11: 5647.26 | AA11: 5647.26 | AB11: =(SUM(D11:AA11)) -> 135534.24 | AC11: 4 | AE11: =+AD26 -> 4066027.2
C12: Domingo | D12: 5647.26 | E12: 5647.26 | F12: 5647.26 | G12: 5647.26 | H12: 5647.26 | I12: 5647.26 | J12: 5647.26 | K12: 5647.26 | L12: 5647.26 | M12: 5647.26 | N12: 5647.26 | O12: 5647.26 | P12: 5647.26 | Q12: 5647.26 | R12: 5647.26 | S12: 5647.26 | T12: 5647.26 | U12: 5647.26 | V12: 5647.26 | W12: 5647.26 | X12: 5647.26 | Y12: 5647.26 | Z12: 5647.26 | AA12: 5647.26 | AB12: =(SUM(D12:AA12)) -> 135534.24 | AC12: 4 | AE12: =+AD30 -> 4201561.4
C13: Festivo | D13: 5647.26 | E13: 5647.26 | F13: 5647.26 | G13: 5647.26 | H13: 5647.26 | I13: 5647.26 | J13: 5647.26 | K13: 5647.26 | L13: 5647.26 | M13: 5647.26 | N13: 5647.26 | O13: 5647.26 | P13: 5647.26 | Q13: 5647.26 | R13: 5647.26 | S13: 5647.26 | T13: 5647.26 | U13: 5647.26 | V13: 5647.26 | W13: 5647.26 | X13: 5647.26 | Y13: 5647.26 | Z13: 5647.26 | AA13: 5647.26 | AB13: =(SUM(D13:AA13)) -> 135534.24 | AC13: 0 | AE13: =+AD34 -> 4201561.4
B14: 46082 | C14: Hábil | D14: 5647.26 | E14: 5647.26 | F14: 5647.26 | G14: 5647.26 | H14: 5647.26 | I14: 5647.26 | J14: 5647.26 | K14: 5647.26 | L14: 5647.26 | M14: 5647.26 | N14: 5647.26 | O14: 5647.26 | P14: 5647.26 | Q14: 5647.26 | R14: 5647.26 | S14: 5647.26 | T14: 5647.26 | U14: 5647.26 | V14: 5647.26 | W14: 5647.26 | X14: 5647.26 | Y14: 5647.26 | Z14: 5647.26 | AA14: 5647.26 | AB14: =(SUM(D14:AA14)) -> 135534.24 | AC14: 21 | AD14: =(AB14*AC14)+(AB15*AC15)+(AB16*AC16)+(AB17*AC17) -> 4201561.4 | AE14: =+AD38 -> 4066027.2
C15: Sábado | D15: 5647.26 | E15: 5647.26 | F15: 5647.26 | G15: 5647.26 | H15: 5647.26 | I15: 5647.26 | J15: 5647.26 | K15: 5647.26 | L15: 5647.26 | M15: 5647.26 | N15: 5647.26 | O15: 5647.26 | P15: 5647.26 | Q15: 5647.26 | R15: 5647.26 | S15: 5647.26 | T15: 5647.26 | U15: 5647.26 | V15: 5647.26 | W15: 5647.26 | X15: 5647.26 | Y15: 5647.26 | Z15: 5647.26 | AA15: 5647.26 | AB15: =(SUM(D15:AA15)) -> 135534.24 | AC15: 4 | AE15: =+AD42 -> 4201561.4
C16: Domingo | D16: 5647.26 | E16: 5647.26 | F16: 5647.26 | G16: 5647.26 | H16: 5647.26 | I16: 5647.26 | J16: 5647.26 | K16: 5647.26 | L16: 5647.26 | M16: 5647.26 | N16: 5647.26 | O16: 5647.26 | P16: 5647.26 | Q16: 5647.26 | R16: 5647.26 | S16: 5647.26 | T16: 5647.26 | U16: 5647.26 | V16: 5647.26 | W16: 5647.26 | X16: 5647.26 | Y16: 5647.26 | Z16: 5647.26 | AA16: 5647.26 | AB16: =(SUM(D16:AA16)) -> 135534.24 | AC16: 5 | AE16: =+AD46 -> 4066027.2
C17: Festivo | D17: 5647.26 | E17: 5647.26 | F17: 5647.26 | G17: 5647.26 | H17: 5647.26 | I17: 5647.26 | J17: 5647.26 | K17: 5647.26 | L17: 5647.26 | M17: 5647.26 | N17: 5647.26 | O17: 5647.26 | P17: 5647.26 | Q17: 5647.26 | R17: 5647.26 | S17: 5647.26 | T17: 5647.26 | U17: 5647.26 | V17: 5647.26 | W17: 5647.26 | X17: 5647.26 | Y17: 5647.26 | Z17: 5647.26 | AA17: 5647.26 | AB17: =(SUM(D17:AA17)) -> 135534.24 | AC17: 1 | AE17: =+AD50 -> 4201561.4
B18: 46113 | C18: Hábil | D18: 5647.26 | E18: 5647.26 | F18: 5647.26 | G18: 5647.26 | H18: 5647.26 | I18: 5647.26 | J18: 5647.26 | K18: 5647.26 | L18: 5647.26 | M18: 5647.26 | N18: 5647.26 | O18: 5647.26 | P18: 5647.26 | Q18: 5647.26 | R18: 5647.26 | S18: 5647.26 | T18: 5647.26 | U18: 5647.26 | V18: 5647.26 | W18: 5647.26 | X18: 5647.26 | Y18: 5647.26 | Z18: 5647.26 | AA18: 5647.26 | AB18: =(SUM(D18:AA18)) -> 135534.24 | AC18: 20 | AD18: =(AB18*AC18)+(AB19*AC19)+(AB20*AC20)+(AB21*AC21) -> 4066027.2 | AE18: =+#REF! -> #REF!
C19: Sábado | D19: 5647.26 | E19: 5647.26 | F19: 5647.26 | G19: 5647.26 | H19: 5647.26 | I19: 5647.26 | J19: 5647.26 | K19: 5647.26 | L19: 5647.26 | M19: 5647.26 | N19: 5647.26 | O19: 5647.26 | P19: 5647.26 | Q19: 5647.26 | R19: 5647.26 | S19: 5647.26 | T19: 5647.26 | U19: 5647.26 | V19: 5647.26 | W19: 5647.26 | X19: 5647.26 | Y19: 5647.26 | Z19: 5647.26 | AA19: 5647.26 | AB19: =(SUM(D19:AA19)) -> 135534.24 | AC19: 4 | AE19: =+#REF! -> #REF!
C20: Domingo | D20: 5647.26 | E20: 5647.26 | F20: 5647.26 | G20: 5647.26 | H20: 5647.26 | I20: 5647.26 | J20: 5647.26 | K20: 5647.26 | L20: 5647.26 | M20: 5647.26 | N20: 5647.26 | O20: 5647.26 | P20: 5647.26 | Q20: 5647.26 | R20: 5647.26 | S20: 5647.26 | T20: 5647.26 | U20: 5647.26 | V20: 5647.26 | W20: 5647.26 | X20: 5647.26 | Y20: 5647.26 | Z20: 5647.26 | AA20: 5647.26 | AB20: =(SUM(D20:AA20)) -> 135534.24 | AC20: 4 | AE20: =+#REF! -> #REF!
C21: Festivo | D21: 5647.26 | E21: 5647.26 | F21: 5647.26 | G21: 5647.26 | H21: 5647.26 | I21: 5647.26 | J21: 5647.26 | K21: 5647.26 | L21: 5647.26 | M21: 5647.26 | N21: 5647.26 | O21: 5647.26 | P21: 5647.26 | Q21: 5647.26 | R21: 5647.26 | S21: 5647.26 | T21: 5647.26 | U21: 5647.26 | V21: 5647.26 | W21: 5647.26 | X21: 5647.26 | Y21: 5647.26 | Z21: 5647.26 | AA21: 5647.26 | AB21: =(SUM(D21:AA21)) -> 135534.24 | AC21: 2 | AE21: =+#REF! -> #REF!
B22: 46143 | C22: Hábil | D22: 5647.26 | E22: 5647.26 | F22: 5647.26 | G22: 5647.26 | H22: 5647.26 | I22: 5647.26 | J22: 5647.26 | K22: 5647.26 | L22: 5647.26 | M22: 5647.26 | N22: 5647.26 | O22: 5647.26 | P22: 5647.26 | Q22: 5647.26 | R22: 5647.26 | S22: 5647.26 | T22: 5647.26 | U22: 5647.26 | V22: 5647.26 | W22: 5647.26 | X22: 5647.26 | Y22: 5647.26 | Z22: 5647.26 | AA22: 5647.26 | AB22: =(SUM(D22:AA22)) -> 135534.24 | AC22: 19 | AD22: =(AB22*AC22)+(AB23*AC23)+(AB24*AC24)+(AB25*AC25) -> 4201561.4 | AE22: =+#REF! -> #REF!
C23: Sábado | D23: 5647.26 | E23: 5647.26 | F23: 5647.26 | G23: 5647.26 | H23: 5647.26 | I23: 5647.26 | J23: 5647.26 | K23: 5647.26 | L23: 5647.26 | M23: 5647.26 | N23: 5647.26 | O23: 5647.26 | P23: 5647.26 | Q23: 5647.26 | R23: 5647.26 | S23: 5647.26 | T23: 5647.26 | U23: 5647.26 | V23: 5647.26 | W23: 5647.26 | X23: 5647.26 | Y23: 5647.26 | Z23: 5647.26 | AA23: 5647.26 | AB23: =(SUM(D23:AA23)) -> 135534.24 | AC23: 5 | AE23: =+#REF! -> #REF!
C24: Domingo | D24: 5647.26 | E24: 5647.26 | F24: 5647.26 | G24: 5647.26 | H24: 5647.26 | I24: 5647.26 | J24: 5647.26 | K24: 5647.26 | L24: 5647.26 | M24: 5647.26 | N24: 5647.26 | O24: 5647.26 | P24: 5647.26 | Q24: 5647.26 | R24: 5647.26 | S24: 5647.26 | T24: 5647.26 | U24: 5647.26 | V24: 5647.26 | W24: 5647.26 | X24: 5647.26 | Y24: 5647.26 | Z24: 5647.26 | AA24: 5647.26 | AB24: =(SUM(D24:AA24)) -> 135534.24 | AC24: 5 | AE24: =+#REF! -> #REF!
C25: Festivo | D25: 5647.26 | E25: 5647.26 | F25: 5647.26 | G25: 5647.26 | H25: 5647.26 | I25: 5647.26 | J25: 5647.26 | K25: 5647.26 | L25: 5647.26 | M25: 5647.26 | N25: 5647.26 | O25: 5647.26 | P25: 5647.26 | Q25: 5647.26 | R25: 5647.26 | S25: 5647.26 | T25: 5647.26 | U25: 5647.26 | V25: 5647.26 | W25: 5647.26 | X25: 5647.26 | Y25: 5647.26 | Z25: 5647.26 | AA25: 5647.26 | AB25: =(SUM(D25:AA25)) -> 135534.24 | AC25: 2 | AE25: =+#REF! -> #REF!
B26: 46174 | C26: Hábil | D26: 5647.26 | E26: 5647.26 | F26: 5647.26 | G26: 5647.26 | H26: 5647.26 | I26: 5647.26 | J26: 5647.26 | K26: 5647.26 | L26: 5647.26 | M26: 5647.26 | N26: 5647.26 | O26: 5647.26 | P26: 5647.26 | Q26: 5647.26 | R26: 5647.26 | S26: 5647.26 | T26: 5647.26 | U26: 5647.26 | V26: 5647.26 | W26: 5647.26 | X26: 5647.26 | Y26: 5647.26 | Z26: 5647.26 | AA26: 5647.26 | AB26: =(SUM(D26:AA26)) -> 135534.24 | AC26: 19 | AD26: =(AB26*AC26)+(AB27*AC27)+(AB28*AC28)+(AB29*AC29) -> 4066027.2 | AE26: =+#REF! -> #REF!
C27: Sábado | D27: 5647.26 | E27: 5647.26 | F27: 5647.26 | G27: 5647.26 | H27: 5647.26 | I27: 5647.26 | J27: 5647.26 | K27: 5647.26 | L27: 5647.26 | M27: 5647.26 | N27: 5647.26 | O27: 5647.26 | P27: 5647.26 | Q27: 5647.26 | R27: 5647.26 | S27: 5647.26 | T27: 5647.26 | U27: 5647.26 | V27: 5647.26 | W27: 5647.26 | X27: 5647.26 | Y27: 5647.26 | Z27: 5647.26 | AA27: 5647.26 | AB27: =(SUM(D27:AA27)) -> 135534.24 | AC27: 4 | AE27: =+#REF! -> #REF!
C28: Domingo | D28: 5647.26 | E28: 5647.26 | F28: 5647.26 | G28: 5647.26 | H28: 5647.26 | I28: 5647.26 | J28: 5647.26 | K28: 5647.26 | L28: 5647.26 | M28: 5647.26 | N28: 5647.26 | O28: 5647.26 | P28: 5647.26 | Q28: 5647.26 | R28: 5647.26 | S28: 5647.26 | T28: 5647.26 | U28: 5647.26 | V28: 5647.26 | W28: 5647.26 | X28: 5647.26 | Y28: 5647.26 | Z28: 5647.26 | AA28: 5647.26 | AB28: =(SUM(D28:AA28)) -> 135534.24 | AC28: 4 | AE28: =+#REF! -> #REF!
C29: Festivo | D29: 5647.26 | E29: 5647.26 | F29: 5647.26 | G29: 5647.26 | H29: 5647.26 | I29: 5647.26 | J29: 5647.26 | K29: 5647.26 | L29: 5647.26 | M29: 5647.26 | N29: 5647.26 | O29: 5647.26 | P29: 5647.26 | Q29: 5647.26 | R29: 5647.26 | S29: 5647.26 | T29: 5647.26 | U29: 5647.26 | V29: 5647.26 | W29: 5647.26 | X29: 5647.26 | Y29: 5647.26 | Z29: 5647.26 | AA29: 5647.26 | AB29: =(SUM(D29:AA29)) -> 135534.24 | AC29: 3 | AE29: =+#REF! -> #REF!
B30: 46204 | C30: Hábil | D30: 5647.26 | E30: 5647.26 | F30: 5647.26 | G30: 5647.26 | H30: 5647.26 | I30: 5647.26 | J30: 5647.26 | K30: 5647.26 | L30: 5647.26 | M30: 5647.26 | N30: 5647.26 | O30: 5647.26 | P30: 5647.26 | Q30: 5647.26 | R30: 5647.26 | S30: 5647.26 | T30: 5647.26 | U30: 5647.26 | V30: 5647.26 | W30: 5647.26 | X30: 5647.26 | Y30: 5647.26 | Z30: 5647.26 | AA30: 5647.26 | AB30: =(SUM(D30:AA30)) -> 135534.24 | AC30: 22 | AD30: =(AB30*AC30)+(AB31*AC31)+(AB32*AC32)+(AB33*AC33) -> 4201561.4 | AE30: =+#REF! -> #REF!
C31: Sábado | D31: 5647.26 | E31: 5647.26 | F31: 5647.26 | G31: 5647.26 | H31: 5647.26 | I31: 5647.26 | J31: 5647.26 | K31: 5647.26 | L31: 5647.26 | M31: 5647.26 | N31: 5647.26 | O31: 5647.26 | P31: 5647.26 | Q31: 5647.26 | R31: 5647.26 | S31: 5647.26 | T31: 5647.26 | U31: 5647.26 | V31: 5647.26 | W31: 5647.26 | X31: 5647.26 | Y31: 5647.26 | Z31: 5647.26 | AA31: 5647.26 | AB31: =(SUM(D31:AA31)) -> 135534.24 | AC31: 4 | AE31: =+#REF! -> #REF!
C32: domingo | D32: 5647.26 | E32: 5647.26 | F32: 5647.26 | G32: 5647.26 | H32: 5647.26 | I32: 5647.26 | J32: 5647.26 | K32: 5647.26 | L32: 5647.26 | M32: 5647.26 | N32: 5647.26 | O32: 5647.26 | P32: 5647.26 | Q32: 5647.26 | R32: 5647.26 | S32: 5647.26 | T32: 5647.26 | U32: 5647.26 | V32: 5647.26 | W32: 5647.26 | X32: 5647.26 | Y32: 5647.26 | Z32: 5647.26 | AA32: 5647.26 | AB32: =(SUM(D32:AA32)) -> 135534.24 | AC32: 4 | AE32: =+#REF! -> #REF!
C33: Festivo | D33: 5647.26 | E33: 5647.26 | F33: 5647.26 | G33: 5647.26 | H33: 5647.26 | I33: 5647.26 | J33: 5647.26 | K33: 5647.26 | L33: 5647.26 | M33: 5647.26 | N33: 5647.26 | O33: 5647.26 | P33: 5647.26 | Q33: 5647.26 | R33: 5647.26 | S33: 5647.26 | T33: 5647.26 | U33: 5647.26 | V33: 5647.26 | W33: 5647.26 | X33: 5647.26 | Y33: 5647.26 | Z33: 5647.26 | AA33: 5647.26 | AB33: =(SUM(D33:AA33)) -> 135534.24 | AC33: 1 | AE33: =+#REF! -> #REF!
B34: 46235 | C34: Hábil | D34: 5647.26 | E34: 5647.26 | F34: 5647.26 | G34: 5647.26 | H34: 5647.26 | I34: 5647.26 | J34: 5647.26 | K34: 5647.26 | L34: 5647.26 | M34: 5647.26 | N34: 5647.26 | O34: 5647.26 | P34: 5647.26 | Q34: 5647.26 | R34: 5647.26 | S34: 5647.26 | T34: 5647.26 | U34: 5647.26 | V34: 5647.26 | W34: 5647.26 | X34: 5647.26 | Y34: 5647.26 | Z34: 5647.26 | AA34: 5647.26 | AB34: =(SUM(D34:AA34)) -> 135534.24 | AC34: 19 | AD34: =(AB34*AC34)+(AB35*AC35)+(AB36*AC36)+(AB37*AC37) -> 4201561.4 | AE34: =+#REF! -> #REF!
C35: Sábado | D35: 5647.26 | E35: 5647.26 | F35: 5647.26 | G35: 5647.26 | H35: 5647.26 | I35: 5647.26 | J35: 5647.26 | K35: 5647.26 | L35: 5647.26 | M35: 5647.26 | N35: 5647.26 | O35: 5647.26 | P35: 5647.26 | Q35: 5647.26 | R35: 5647.26 | S35: 5647.26 | T35: 5647.26 | U35: 5647.26 | V35: 5647.26 | W35: 5647.26 | X35: 5647.26 | Y35: 5647.26 | Z35: 5647.26 | AA35: 5647.26 | AB35: =(SUM(D35:AA35)) -> 135534.24 | AC35: 5 | AE35: =+#REF! -> #REF!
C36: Domingo | D36: 5647.26 | E36: 5647.26 | F36: 5647.26 | G36: 5647.26 | H36: 5647.26 | I36: 5647.26 | J36: 5647.26 | K36: 5647.26 | L36: 5647.26 | M36: 5647.26 | N36: 5647.26 | O36: 5647.26 | P36: 5647.26 | Q36: 5647.26 | R36: 5647.26 | S36: 5647.26 | T36: 5647.26 | U36: 5647.26 | V36: 5647.26 | W36: 5647.26 | X36: 5647.26 | Y36: 5647.26 | Z36: 5647.26 | AA36: 5647.26 | AB36: =(SUM(D36:AA36)) -> 135534.24 | AC36: 5 | AE36: =+#REF! -> #REF!
C37: Festivo | D37: 5647.26 | E37: 5647.26 | F37: 5647.26 | G37: 5647.26 | H37: 5647.26 | I37: 5647.26 | J37: 5647.26 | K37: 5647.26 | L37: 5647.26 | M37: 5647.26 | N37: 5647.26 | O37: 5647.26 | P37: 5647.26 | Q37: 5647.26 | R37: 5647.26 | S37: 5647.26 | T37: 5647.26 | U37: 5647.26 | V37: 5647.26 | W37: 5647.26 | X37: 5647.26 | Y37: 5647.26 | Z37: 5647.26 | AA37: 5647.26 | AB37: =(SUM(D37:AA37)) -> 135534.24 | AC37: 2 | AE37: =+#REF! -> #REF!
B38: 46266 | C38: Hábil | D38: 5647.26 | E38: 5647.26 | F38: 5647.26 | G38: 5647.26 | H38: 5647.26 | I38: 5647.26 | J38: 5647.26 | K38: 5647.26 | L38: 5647.26 | M38: 5647.26 | N38: 5647.26 | O38: 5647.26 | P38: 5647.26 | Q38: 5647.26 | R38: 5647.26 | S38: 5647.26 | T38: 5647.26 | U38: 5647.26 | V38: 5647.26 | W38: 5647.26 | X38: 5647.26 | Y38: 5647.26 | Z38: 5647.26 | AA38: 5647.26 | AB38: =(SUM(D38:AA38)) -> 135534.24 | AC38: 22 | AD38: =(AB38*AC38)+(AB39*AC39)+(AB40*AC40)+(AB41*AC41) -> 4066027.2 | AE38: =+#REF! -> #REF!
C39: Sábado | D39: 5647.26 | E39: 5647.26 | F39: 5647.26 | G39: 5647.26 | H39: 5647.26 | I39: 5647.26 | J39: 5647.26 | K39: 5647.26 | L39: 5647.26 | M39: 5647.26 | N39: 5647.26 | O39: 5647.26 | P39: 5647.26 | Q39: 5647.26 | R39: 5647.26 | S39: 5647.26 | T39: 5647.26 | U39: 5647.26 | V39: 5647.26 | W39: 5647.26 | X39: 5647.26 | Y39: 5647.26 | Z39: 5647.26 | AA39: 5647.26 | AB39: =(SUM(D39:AA39)) -> 135534.24 | AC39: 4 | AE39: =+#REF! -> #REF!
C40: Domingo | D40: 5647.26 | E40: 5647.26 | F40: 5647.26 | G40: 5647.26 | H40: 5647.26 | I40: 5647.26 | J40: 5647.26 | K40: 5647.26 | L40: 5647.26 | M40: 5647.26 | N40: 5647.26 | O40: 5647.26 | P40: 5647.26 | Q40: 5647.26 | R40: 5647.26 | S40: 5647.26 | T40: 5647.26 | U40: 5647.26 | V40: 5647.26 | W40: 5647.26 | X40: 5647.26 | Y40: 5647.26 | Z40: 5647.26 | AA40: 5647.26 | AB40: =(SUM(D40:AA40)) -> 135534.24 | AC40: 4 | AE40: =+#REF! -> #REF!
C41: Festivo | D41: 5647.26 | E41: 5647.26 | F41: 5647.26 | G41: 5647.26 | H41: 5647.26 | I41: 5647.26 | J41: 5647.26 | K41: 5647.26 | L41: 5647.26 | M41: 5647.26 | N41: 5647.26 | O41: 5647.26 | P41: 5647.26 | Q41: 5647.26 | R41: 5647.26 | S41: 5647.26 | T41: 5647.26 | U41: 5647.26 | V41: 5647.26 | W41: 5647.26 | X41: 5647.26 | Y41: 5647.26 | Z41: 5647.26 | AA41: 5647.26 | AB41: =(SUM(D41:AA41)) -> 135534.24 | AC41: 0 | AE41: =+#REF! -> #REF!
B42: 46296 | C42: Hábil | D42: 5647.26 | E42: 5647.26 | F42: 5647.26 | G42: 5647.26 | H42: 5647.26 | I42: 5647.26 | J42: 5647.26 | K42: 5647.26 | L42: 5647.26 | M42: 5647.26 | N42: 5647.26 | O42: 5647.26 | P42: 5647.26 | Q42: 5647.26 | R42: 5647.26 | S42: 5647.26 | T42: 5647.26 | U42: 5647.26 | V42: 5647.26 | W42: 5647.26 | X42: 5647.26 | Y42: 5647.26 | Z42: 5647.26 | AA42: 5647.26 | AB42: =(SUM(D42:AA42)) -> 135534.24 | AC42: 21 | AD42: =(AB42*AC42)+(AB43*AC43)+(AB44*AC44)+(AB45*AC45) -> 4201561.4 | AE42: =+#REF! -> #REF!
C43: Sábado | D43: 5647.26 | E43: 5647.26 | F43: 5647.26 | G43: 5647.26 | H43: 5647.26 | I43: 5647.26 | J43: 5647.26 | K43: 5647.26 | L43: 5647.26 | M43: 5647.26 | N43: 5647.26 | O43: 5647.26 | P43: 5647.26 | Q43: 5647.26 | R43: 5647.26 | S43: 5647.26 | T43: 5647.26 | U43: 5647.26 | V43: 5647.26 | W43: 5647.26 | X43: 5647.26 | Y43: 5647.26 | Z43: 5647.26 | AA43: 5647.26 | AB43: =(SUM(D43:AA43)) -> 135534.24 | AC43: 5 | AE43: =+#REF! -> #REF!
C44: Domingo | D44: 5647.26 | E44: 5647.26 | F44: 5647.26 | G44: 5647.26 | H44: 5647.26 | I44: 5647.26 | J44: 5647.26 | K44: 5647.26 | L44: 5647.26 | M44: 5647.26 | N44: 5647.26 | O44: 5647.26 | P44: 5647.26 | Q44: 5647.26 | R44: 5647.26 | S44: 5647.26 | T44: 5647.26 | U44: 5647.26 | V44: 5647.26 | W44: 5647.26 | X44: 5647.26 | Y44: 5647.26 | Z44: 5647.26 | AA44: 5647.26 | AB44: =(SUM(D44:AA44)) -> 135534.24 | AC44: 4 | AE44: =+#REF! -> #REF!
C45: Festivo | D45: 5647.26 | E45: 5647.26 | F45: 5647.26 | G45: 5647.26 | H45: 5647.26 | I45: 5647.26 | J45: 5647.26 | K45: 5647.26 | L45: 5647.26 | M45: 5647.26 | N45: 5647.26 | O45: 5647.26 | P45: 5647.26 | Q45: 5647.26 | R45: 5647.26 | S45: 5647.26 | T45: 5647.26 | U45: 5647.26 | V45: 5647.26 | W45: 5647.26 | X45: 5647.26 | Y45: 5647.26 | Z45: 5647.26 | AA45: 5647.26 | AB45: =(SUM(D45:AA45)) -> 135534.24 | AC45: 1 | AE45: =+#REF! -> #REF!
B46: 46327 | C46: Hábil | D46: 5647.26 | E46: 5647.26 | F46: 5647.26 | G46: 5647.26 | H46: 5647.26 | I46: 5647.26 | J46: 5647.26 | K46: 5647.26 | L46: 5647.26 | M46: 5647.26 | N46: 5647.26 | O46: 5647.26 | P46: 5647.26 | Q46: 5647.26 | R46: 5647.26 | S46: 5647.26 | T46: 5647.26 | U46: 5647.26 | V46: 5647.26 | W46: 5647.26 | X46: 5647.26 | Y46: 5647.26 | Z46: 5647.26 | AA46: 5647.26 | AB46: =(SUM(D46:AA46)) -> 135534.24 | AC46: 19 | AD46: =(AB46*AC46)+(AB47*AC47)+(AB48*AC48)+(AB49*AC49) -> 4066027.2 | AE46: =+#REF! -> #REF!
C47: Sábado | D47: 5647.26 | E47: 5647.26 | F47: 5647.26 | G47: 5647.26 | H47: 5647.26 | I47: 5647.26 | J47: 5647.26 | K47: 5647.26 | L47: 5647.26 | M47: 5647.26 | N47: 5647.26 | O47: 5647.26 | P47: 5647.26 | Q47: 5647.26 | R47: 5647.26 | S47: 5647.26 | T47: 5647.26 | U47: 5647.26 | V47: 5647.26 | W47: 5647.26 | X47: 5647.26 | Y47: 5647.26 | Z47: 5647.26 | AA47: 5647.26 | AB47: =(SUM(D47:AA47)) -> 135534.24 | AC47: 4 | AE47: =+#REF! -> #REF!
C48: Domingo | D48: 5647.26 | E48: 5647.26 | F48: 5647.26 | G48: 5647.26 | H48: 5647.26 | I48: 5647.26 | J48: 5647.26 | K48: 5647.26 | L48: 5647.26 | M48: 5647.26 | N48: 5647.26 | O48: 5647.26 | P48: 5647.26 | Q48: 5647.26 | R48: 5647.26 | S48: 5647.26 | T48: 5647.26 | U48: 5647.26 | V48: 5647.26 | W48: 5647.26 | X48: 5647.26 | Y48: 5647.26 | Z48: 5647.26 | AA48: 5647.26 | AB48: =(SUM(D48:AA48)) -> 135534.24 | AC48: 5 | AE48: =+#REF! -> #REF!
C49: Festivo | D49: 5647.26 | E49: 5647.26 | F49: 5647.26 | G49: 5647.26 | H49: 5647.26 | I49: 5647.26 | J49: 5647.26 | K49: 5647.26 | L49: 5647.26 | M49: 5647.26 | N49: 5647.26 | O49: 5647.26 | P49: 5647.26 | Q49: 5647.26 | R49: 5647.26 | S49: 5647.26 | T49: 5647.26 | U49: 5647.26 | V49: 5647.26 | W49: 5647.26 | X49: 5647.26 | Y49: 5647.26 | Z49: 5647.26 | AA49: 5647.26 | AB49: =(SUM(D49:AA49)) -> 135534.24 | AC49: 2 | AE49: =+#REF! -> #REF!
B50: 46357 | C50: Hábil | D50: 5647.26 | E50: 5647.26 | F50: 5647.26 | G50: 5647.26 | H50: 5647.26 | I50: 5647.26 | J50: 5647.26 | K50: 5647.26 | L50: 5647.26 | M50: 5647.26 | N50: 5647.26 | O50: 5647.26 | P50: 5647.26 | Q50: 5647.26 | R50: 5647.26 | S50: 5647.26 | T50: 5647.26 | U50: 5647.26 | V50: 5647.26 | W50: 5647.26 | X50: 5647.26 | Y50: 5647.26 | Z50: 5647.26 | AA50: 5647.26 | AB50: =(SUM(D50:AA50)) -> 135534.24 | AC50: 21 | AD50: =(AB50*AC50)+(AB51*AC51)+(AB52*AC52)+(AB53*AC53) -> 4201561.4 | AE50: =+#REF! -> #REF!
C51: Sábado | D51: 5647.26 | E51: 5647.26 | F51: 5647.26 | G51: 5647.26 | H51: 5647.26 | I51: 5647.26 | J51: 5647.26 | K51: 5647.26 | L51: 5647.26 | M51: 5647.26 | N51: 5647.26 | O51: 5647.26 | P51: 5647.26 | Q51: 5647.26 | R51: 5647.26 | S51: 5647.26 | T51: 5647.26 | U51: 5647.26 | V51: 5647.26 | W51: 5647.26 | X51: 5647.26 | Y51: 5647.26 | Z51: 5647.26 | AA51: 5647.26 | AB51: =(SUM(D51:AA51)) -> 135534.24 | AC51: 4 | AE51: =+#REF! -> #REF!
C52: Domingo | D52: 5647.26 | E52: 5647.26 | F52: 5647.26 | G52: 5647.26 | H52: 5647.26 | I52: 5647.26 | J52: 5647.26 | K52: 5647.26 | L52: 5647.26 | M52: 5647.26 | N52: 5647.26 | O52: 5647.26 | P52: 5647.26 | Q52: 5647.26 | R52: 5647.26 | S52: 5647.26 | T52: 5647.26 | U52: 5647.26 | V52: 5647.26 | W52: 5647.26 | X52: 5647.26 | Y52: 5647.26 | Z52: 5647.26 | AA52: 5647.26 | AB52: =(SUM(D52:AA52)) -> 135534.24 | AC52: 4 | AE52: =+#REF! -> #REF!
C53: Festivo | D53: 5647.26 | E53: 5647.26 | F53: 5647.26 | G53: 5647.26 | H53: 5647.26 | I53: 5647.26 | J53: 5647.26 | K53: 5647.26 | L53: 5647.26 | M53: 5647.26 | N53: 5647.26 | O53: 5647.26 | P53: 5647.26 | Q53: 5647.26 | R53: 5647.26 | S53: 5647.26 | T53: 5647.26 | U53: 5647.26 | V53: 5647.26 | W53: 5647.26 | X53: 5647.26 | Y53: 5647.26 | Z53: 5647.26 | AA53: 5647.26 | AB53: =(SUM(D53:AA53)) -> 135534.24 | AC53: 2 | AE53: =+#REF! -> #REF!
AD54: =SUM(AD6:AD53) -> 49469998

Sheet Anexo 2 Producto 1
B4: ANEXO 2 - OFERTA PRODUCTO 1
B5: NOMBRE DEL OFERENTE
B6: PRECIOS Y CANTIDADES DE ENERGIA OFERTADA
B7: EN PESOS DE ENERO 2025
B8: PRODUCTO 1
B9: AÑO | C9: MES | D9: PERIODO 2026
D10: E. Solicitada [kWh] | E10: % E. Ofertado | F10: E. Ofertada [kWh] | G10: $/kWh
B11: 2026 | C11: Enero | D11: =+'Producto 1 Plano 26'!AE6 -> 4201561.4 | F11: =+E11*D11 -> 0
B12: 2026 | C12: Febrero | D12: =+'Producto 1 Plano 26'!AE7 -> 3794958.7 | F12: =+E12*D12 -> 0
B13: 2026 | C13: Marzo | D13: =+'Producto 1 Plano 26'!AE8 -> 4201561.4 | F13: =+E13*D13 -> 0
B14: 2026 | C14: Abril | D14: =+'Producto 1 Plano 26'!AE9 -> 4066027.2 | F14: =+E14*D14 -> 0
B15: 2026 | C15: Mayo | D15: =+'Producto 1 Plano 26'!AE10 -> 4201561.4 | F15: =+E15*D15 -> 0
B16: 2026 | C16: Junio | D16: =+'Producto 1 Plano 26'!AE11 -> 4066027.2 | F16: =+E16*D16 -> 0
B17: 2026 | C17: Julio | D17: =+'Producto 1 Plano 26'!AE12 -> 4201561.4 | F17: =+E17*D17 -> 0
B18: 2026 | C18: Agosto | D18: =+'Producto 1 Plano 26'!AE13 -> 4201561.4 | F18: =+E18*D18 -> 0
B19: 2026 | C19: Septiembre | D19: =+'Producto 1 Plano 26'!AE14 -> 4066027.2 | F19: =+E19*D19 -> 0
B20: 2026 | C20: Octubre | D20: =+'Producto 1 Plano 26'!AE15 -> 4201561.4 | F20: =+E20*D20 -> 0
B21: 2026 | C21: Noviembre | D21: =+'Producto 1 Plano 26'!AE16 -> 4066027.2 | F21: =+E21*D21 -> 0
B22: 2026 | C22: Diciembre | D22: =+'Producto 1 Plano 26'!AE17 -> 4201561.4 | F22: =+E22*D22 -> 0 | H22: =SUM(D11:D22) -> 49469998 | I22: =+H22/1000 -> 49469.998
B23: Total Producto 1 | D23: =+SUM(D11:D22) -> 49469998 | I23: =+D23/1000 -> 49469.998
B25: E. Solicitada = Energía solicitada por RUITOQUE para el producto.
B26: % E. Ofertado = Porcentaje de energía ofertado por el agente respecto a la E. Solicitada.
B27: E. Ofertada = Energía ofertada por el agente, producto de la E. Solicitada y el % E. Ofertado.
B28: $/kWh = Tarifa de la oferta para todas las horas del mes.

Sheet Producto 2 Plano 27
B2: ANEXO 1 - CANTIDADES DE ENERGÍA SOLICITADA EN kWh
B3: PRODUCTO 2
B4: PERIODO 01 DE ENERO DEL 2027 A DICIEMBRE 31 DE 2027
C5: DIA | D5: 1 | E5: 2 | F5: 3 | G5: 4 | H5: 5 | I5: 6 | J5: 7 | K5: 8 | L5: 9 | M5: 10 | N5: 11 | O5: 12 | P5: 13 | Q5: 14 | R5: 15 | S5: 16 | T5: 17 | U5: 18 | V5: 19 | W5: 20 | X5: 21 | Y5: 22 | Z5: 23 | AA5: 24 | AB5: Total | AC5: No. DÍAS | AD5: Total
B6: 46388 | C6: Hábil | D6: 994.29 | E6: 994.29 | F6: 994.29 | G6: 994.29 | H6: 994.29 | I6: 994.29 | J6: 994.29 | K6: 994.29 | L6: 994.29 | M6: 994.29 | N6: 994.29 | O6: 994.29 | P6: 994.29 | Q6: 994.29 | R6: 994.29 | S6: 994.29 | T6: 994.29 | U6: 994.29 | V6: 994.29 | W6: 994.29 | X6: 994.29 | Y6: 994.29 | Z6: 994.29 | AA6: 994.29 | AB6: =(SUM(D6:AA6)) -> 23862.96 | AC6: 19 | AD6: =(AB6*AC6)+(AB7*AC7)+(AB8*AC8)+(AB9*AC9) -> 739751.76 | AE6: =+AD6 -> 739751.76
C7: Sábado | D7: 994.29 | E7: 994.29 | F7: 994.29 | G7: 994.29 | H7: 994.29 | I7: 994.29 | J7: 994.29 | K7: 994.29 | L7: 994.29 | M7: 994.29 | N7: 994.29 | O7: 994.29 | P7: 994.29 | Q7: 994.29 | R7: 994.29 | S7: 994.29 | T7: 994.29 | U7: 994.29 | V7: 994.29 | W7: 994.29 | X7: 994.29 | Y7: 994.29 | Z7: 994.29 | AA7: 994.29 | AB7: =(SUM(D7:AA7)) -> 23862.96 | AC7: 5 | AE7: =+AD10 -> 668162.88
C8: Domingo | D8: 994.29 | E8: 994.29 | F8: 994.29 | G8: 994.29 | H8: 994.29 | I8: 994.29 | J8: 994.29 | K8: 994.29 | L8: 994.29 | M8: 994.29 | N8: 994.29 | O8: 994.29 | P8: 994.29 | Q8: 994.29 | R8: 994.29 | S8: 994.29 | T8: 994.29 | U8: 994.29 | V8: 994.29 | W8: 994.29 | X8: 994.29 | Y8: 994.29 | Z8: 994.29 | AA8: 994.29 | AB8: =(SUM(D8:AA8)) -> 23862.96 | AC8: 5 | AE8: =+AD14 -> 739751.76
C9: Festivo | D9: 994.29 | E9: 994.29 | F9: 994.29 | G9: 994.29 | H9: 994.29 | I9: 994.29 | J9: 994.29 | K9: 994.29 | L9: 994.29 | M9: 994.29 | N9: 994.29 | O9: 994.29 | P9: 994.29 | Q9: 994.29 | R9: 994.29 | S9: 994.29 | T9: 994.29 | U9: 994.29 | V9: 994.29 | W9: 994.29 | X9: 994.29 | Y9: 994.29 | Z9: 994.29 | AA9: 994.29 | AB9: =(SUM(D9:AA9)) -> 23862.96 | AC9: 2 | AE9: =+AD18 -> 715888.8
B10: 46419 | C10: Hábil | D10: 994.29 | E10: 994.29 | F10: 994.29 | G10: 994.29 | H10: 994.29 | I10: 994.29 | J10: 994.29 | K10: 994.29 | L10: 994.29 | M10: 994.29 | N10: 994.29 | O10: 994.29 | P10: 994.29 | Q10: 994.29 | R10: 994.29 | S10: 994.29 | T10: 994.29 | U10: 994.29 | V10: 994.29 | W10: 994.29 | X10: 994.29 | Y10: 994.29 | Z10: 994.29 | AA10: 994.29 | AB10: =(SUM(D10:AA10)) -> 23862.96 | AC10: 20 | AD10: =(AB10*AC10)+(AB11*AC11)+(AB12*AC12)+(AB13*AC13) -> 668162.88 | AE10: =+AD22 -> 739751.76
C11: Sábado | D11: 994.29 | E11: 994.29 | F11: 994.29 | G11: 994.29 | H11: 994.29 | I11: 994.29 | J11: 994.29 | K11: 994.29 | L11: 994.29 | M11: 994.29 | N11: 994.29 | O11: 994.29 | P11: 994.29 | Q11: 994.29 | R11: 994.29 | S11: 994.29 | T11: 994.29 | U11: 994.29 | V11: 994.29 | W11: 994.29 | X11: 994.29 | Y11: 994.29 | Z11: 994.29 | AA11: 994.29 | AB11: =(SUM(D11:AA11)) -> 23862.96 | AC11: 4 | AE11: =+AD26 -> 715888.8
C12: Domingo | D12: 994.29 | E12: 994.29 | F12: 994.29 | G12: 994.29 | H12: 994.29 | I12: 994.29 | J12: 994.29 | K12: 994.29 | L12: 994.29 | M12: 994.29 | N12: 994.29 | O12: 994.29 | P12: 994.29 | Q12: 994.29 | R12: 994.29 | S12: 994.29 | T12: 994.29 | U12: 994.29 | V12: 994.29 | W12: 994.29 | X12: 994.29 | Y12: 994.29 | Z12: 994.29 | AA12: 994.29 | AB12: =(SUM(D12:AA12)) -> 23862.96 | AC12: 4 | AE12: =+AD30 -> 739751.76
C13: Festivo | D13: 994.29 | E13: 994.29 | F13: 994.29 | G13: 994.29 | H13: 994.29 | I13: 994.29 | J13: 994.29 | K13: 994.29 | L13: 994.29 | M13: 994.29 | N13: 994.29 | O13: 994.29 | P13: 994.29 | Q13: 994.29 | R13: 994.29 | S13: 994.29 | T13: 994.29 | U13: 994.29 | V13: 994.29 | W13: 994.29 | X13: 994.29 | Y13: 994.29 | Z13: 994.29 | AA13: 994.29 | AB13: =(SUM(D13:AA13)) -> 23862.96 | AC13: 0 | AE13: =+AD34 -> 739751.76
B14: 46447 | C14: Hábil | D14: 994.29 | E14: 994.29 | F14: 994.29 | G14: 994.29 | H14: 994.29 | I14: 994.29 | J14: 994.29 | K14: 994.29 | L14: 994.29 | M14: 994.29 | N14: 994.29 | O14: 994.29 | P14: 994.29 | Q14: 994.29 | R14: 994.29 | S14: 994.29 | T14: 994.29 | U14: 994.29 | V14: 994.29 | W14: 994.29 | X14: 994.29 | Y14: 994.29 | Z14: 994.29 | AA14: 994.29 | AB14: =(SUM(D14:AA14)) -> 23862.96 | AC14: 20 | AD14: =(AB14*AC14)+(AB15*AC15)+(AB16*AC16)+(AB17*AC17) -> 739751.76 | AE14: =+AD38 -> 715888.8
C15: Sábado | D15: 994.29 | E15: 994.29 | F15: 994.29 | G15: 994.29 | H15: 994.29 | I15: 994.29 | J15: 994.29 | K15: 994.29 | L15: 994.29 | M15: 994.29 | N15: 994.29 | O15: 994.29 | P15: 994.29 | Q15: 994.29 | R15: 994.29 | S15: 994.29 | T15: 994.29 | U15: 994.29 | V15: 994.29 | W15: 994.29 | X15: 994.29 | Y15: 994.29 | Z15: 994.29 | AA15: 994.29 | AB15: =(SUM(D15:AA15)) -> 23862.96 | AC15: 4 | AE15: =+AD42 -> 739751.76
C16: Domingo | D16: 994.29 | E16: 994.29 | F16: 994.29 | G16: 994.29 | H16: 994.29 | I16: 994.29 | J16: 994.29 | K16: 994.29 | L16: 994.29 | M16: 994.29 | N16: 994.29 | O16: 994.29 | P16: 994.29 | Q16: 994.29 | R16: 994.29 | S16: 994.29 | T16: 994.29 | U16: 994.29 | V16: 994.29 | W16: 994.29 | X16: 994.29 | Y16: 994.29 | Z16: 994.29 | AA16: 994.29 | AB16: =(SUM(D16:AA16)) -> 23862.96 | AC16: 4 | AE16: =+AD46 -> 715888.8
C17: Festivo | D17: 994.29 | E17: 994.29 | F17: 994.29 | G17: 994.29 | H17: 994.29 | I17: 994.29 | J17: 994.29 | K17: 994.29 | L17: 994.29 | M17: 994.29 | N17: 994.29 | O17: 994.29 | P17: 994.29 | Q17: 994.29 | R17: 994.29 | S17: 994.29 | T17: 994.29 | U17: 994.29 | V17: 994.29 | W17: 994.29 | X17: 994.29 | Y17: 994.29 | Z17: 994.29 | AA17: 994.29 | AB17: =(SUM(D17:AA17)) -> 23862.96 | AC17: 3 | AE17: =+AD50 -> 739751.76
B18: 46478 | C18: Hábil | D18: 994.29 | E18: 994.29 | F18: 994.29 | G18: 994.29 | H18: 994.29 | I18: 994.29 | J18: 994.29 | K18: 994.29 | L18: 994.29 | M18: 994.29 | N18: 994.29 | O18: 994.29 | P18: 994.29 | Q18: 994.29 | R18: 994.29 | S18: 994.29 | T18: 994.29 | U18: 994.29 | V18: 994.29 | W18: 994.29 | X18: 994.29 | Y18: 994.29 | Z18: 994.29 | AA18: 994.29 | AB18: =(SUM(D18:AA18)) -> 23862.96 | AC18: 22 | AD18: =(AB18*AC18)+(AB19*AC19)+(AB20*AC20)+(AB21*AC21) -> 715888.8
C19: Sábado | D19: 994.29 | E19: 994.29 | F19: 994.29 | G19: 994.29 | H19: 994.29 | I19: 994.29 | J19: 994.29 | K19: 994.29 | L19: 994.29 | M19: 994.29 | N19: 994.29 | O19: 994.29 | P19: 994.29 | Q19: 994.29 | R19: 994.29 | S19: 994.29 | T19: 994.29 | U19: 994.29 | V19: 994.29 | W19: 994.29 | X19: 994.29 | Y19: 994.29 | Z19: 994.29 | AA19: 994.29 | AB19: =(SUM(D19:AA19)) -> 23862.96 | AC19: 4
C20: Domingo | D20: 994.29 | E20: 994.29 | F20: 994.29 | G20: 994.29 | H20: 994.29 | I20: 994.29 | J20: 994.29 | K20: 994.29 | L20: 994.29 | M20: 994.29 | N20: 994.29 | O20: 994.29 | P20: 994.29 | Q20: 994.29 | R20: 994.29 | S20: 994.29 | T20: 994.29 | U20: 994.29 | V20: 994.29 | W20: 994.29 | X20: 994.29 | Y20: 994.29 | Z20: 994.29 | AA20: 994.29 | AB20: =(SUM(D20:AA20)) -> 23862.96 | AC20: 4
C21: Festivo | D21: 994.29 | E21: 994.29 | F21: 994.29 | G21: 994.29 | H21: 994.29 | I21: 994.29 | J21: 994.29 | K21: 994.29 | L21: 994.29 | M21: 994.29 | N21: 994.29 | O21: 994.29 | P21: 994.29 | Q21: 994.29 | R21: 994.29 | S21: 994.29 | T21: 994.29 | U21: 994.29 | V21: 994.29 | W21: 994.29 | X21: 994.29 | Y21: 994.29 | Z21: 994.29 | AA21: 994.29 | AB21: =(SUM(D21:AA21)) -> 23862.96 | AC21: 0
B22: 46508 | C22: Hábil | D22: 994.29 | E22: 994.29 | F22: 994.29 | G22: 994.29 | H22: 994.29 | I22: 994.29 | J22: 994.29 | K22: 994.29 | L22: 994.29 | M22: 994.29 | N22: 994.29 | O22: 994.29 | P22: 994.29 | Q22: 994.29 | R22: 994.29 | S22: 994.29 | T22: 994.29 | U22: 994.29 | V22: 994.29 | W22: 994.29 | X22: 994.29 | Y22: 994.29 | Z22: 994.29 | AA22: 994.29 | AB22: =(SUM(D22:AA22)) -> 23862.96 | AC22: 19 | AD22: =(AB22*AC22)+(AB23*AC23)+(AB24*AC24)+(AB25*AC25) -> 739751.76
C23: Sábado | D23: 994.29 | E23: 994.29 | F23: 994.29 | G23: 994.29 | H23: 994.29 | I23: 994.29 | J23: 994.29 | K23: 994.29 | L23: 994.29 | M23: 994.29 | N23: 994.29 | O23: 994.29 | P23: 994.29 | Q23: 994.29 | R23: 994.29 | S23: 994.29 | T23: 994.29 | U23: 994.29 | V23: 994.29 | W23: 994.29 | X23: 994.29 | Y23: 994.29 | Z23: 994.29 | AA23: 994.29 | AB23: =(SUM(D23:AA23)) -> 23862.96 | AC23: 4
C24: Domingo | D24: 994.29 | E24: 994.29 | F24: 994.29 | G24: 994.29 | H24: 994.29 | I24: 994.29 | J24: 994.29 | K24: 994.29 | L24: 994.29 | M24: 994.29 | N24: 994.29 | O24: 994.29 | P24: 994.29 | Q24: 994.29 | R24: 994.29 | S24: 994.29 | T24: 994.29 | U24: 994.29 | V24: 994.29 | W24: 994.29 | X24: 994.29 | Y24: 994.29 | Z24: 994.29 | AA24: 994.29 | AB24: =(SUM(D24:AA24)) -> 23862.96 | AC24: 5
C25: Festivo | D25: 994.29 | E25: 994.29 | F25: 994.29 | G25: 994.29 | H25: 994.29 | I25: 994.29 | J25: 994.29 | K25: 994.29 | L25: 994.29 | M25: 994.29 | N25: 994.29 | O25: 994.29 | P25: 994.29 | Q25: 994.29 | R25: 994.29 | S25: 994.29 | T25: 994.29 | U25: 994.29 | V25: 994.29 | W25: 994.29 | X25: 994.29 | Y25: 994.29 | Z25: 994.29 | AA25: 994.29 | AB25: =(SUM(D25:AA25)) -> 23862.96 | AC25: 3
B26: 46539 | C26: Hábil | D26: 994.29 | E26: 994.29 | F26: 994.29 | G26: 994.29 | H26: 994.29 | I26: 994.29 | J26: 994.29 | K26: 994.29 | L26: 994.29 | M26: 994.29 | N26: 994.29 | O26: 994.29 | P26: 994.29 | Q26: 994.29 | R26: 994.29 | S26: 994.29 | T26: 994.29 | U26: 994.29 | V26: 994.29 | W26: 994.29 | X26: 994.29 | Y26: 994.29 | Z26: 994.29 | AA26: 994.29 | AB26: =(SUM(D26:AA26)) -> 23862.96 | AC26: 21 | AD26: =(AB26*AC26)+(AB27*AC27)+(AB28*AC28)+(AB29*AC29) -> 715888.8
C27: Sábado | D27: 994.29 | E27: 994.29 | F27: 994.29 | G27: 994.29 | H27: 994.29 | I27: 994.29 | J27: 994.29 | K27: 994.29 | L27: 994.29 | M27: 994.29 | N27: 994.29 | O27: 994.29 | P27: 994.29 | Q27: 994.29 | R27: 994.29 | S27: 994.29 | T27: 994.29 | U27: 994.29 | V27: 994.29 | W27: 994.29 | X27: 994.29 | Y27: 994.29 | Z27: 994.29 | AA27: 994.29 | AB27: =(SUM(D27:AA27)) -> 23862.96 | AC27: 4
C28: Domingo | D28: 994.29 | E28: 994.29 | F28: 994.29 | G28: 994.29 | H28: 994.29 | I28: 994.29 | J28: 994.29 | K28: 994.29 | L28: 994.29 | M28: 994.29 | N28: 994.29 | O28: 994.29 | P28: 994.29 | Q28: 994.29 | R28: 994.29 | S28: 994.29 | T28: 994.29 | U28: 994.29 | V28: 994.29 | W28: 994.29 | X28: 994.29 | Y28: 994.29 | Z28: 994.29 | AA28: 994.29 | AB28: =(SUM(D28:AA28)) -> 23862.96 | AC28: 4
C29: Festivo | D29: 994.29 | E29: 994.29 | F29: 994.29 | G29: 994.29 | H29: 994.29 | I29: 994.29 | J29: 994.29 | K29: 994.29 | L29: 994.29 | M29: 994.29 | N29: 994.29 | O29: 994.29 | P29: 994.29 | Q29: 994.29 | R29: 994.29 | S29: 994.29 | T29: 994.29 | U29: 994.29 | V29: 994.29 | W29: 994.29 | X29: 994.29 | Y29: 994.29 | Z29: 994.29 | AA29: 994.29 | AB29: =(SUM(D29:AA29)) -> 23862.96 | AC29: 1
B30: 46569 | C30: Hábil | D30: 994.29 | E30: 994.29 | F30: 994.29 | G30: 994.29 | H30: 994.29 | I30: 994.29 | J30: 994.29 | K30: 994.29 | L30: 994.29 | M30: 994.29 | N30: 994.29 | O30: 994.29 | P30: 994.29 | Q30: 994.29 | R30: 994.29 | S30: 994.29 | T30: 994.29 | U30: 994.29 | V30: 994.29 | W30: 994.29 | X30: 994.29 | Y30: 994.29 | Z30: 994.29 | AA30: 994.29 | AB30: =(SUM(D30:AA30)) -> 23862.96 | AC30: 20 | AD30: =(AB30*AC30)+(AB31*AC31)+(AB32*AC32)+(AB33*AC33) -> 739751.76
C31: Sábado | D31: 994.29 | E31: 994.29 | F31: 994.29 | G31: 994.29 | H31: 994.29 | I31: 994.29 | J31: 994.29 | K31: 994.29 | L31: 994.29 | M31: 994.29 | N31: 994.29 | O31: 994.29 | P31: 994.29 | Q31: 994.29 | R31: 994.29 | S31: 994.29 | T31: 994.29 | U31: 994.29 | V31: 994.29 | W31: 994.29 | X31: 994.29 | Y31: 994.29 | Z31: 994.29 | AA31: 994.29 | AB31: =(SUM(D31:AA31)) -> 23862.96 | AC31: 5
C32: domingo | D32: 994.29 | E32: 994.29 | F32: 994.29 | G32: 994.29 | H32: 994.29 | I32: 994.29 | J32: 994.29 | K32: 994.29 | L32: 994.29 | M32: 994.29 | N32: 994.29 | O32: 994.29 | P32: 994.29 | Q32: 994.29 | R32: 994.29 | S32: 994.29 | T32: 994.29 | U32: 994.29 | V32: 994.29 | W32: 994.29 | X32: 994.29 | Y32: 994.29 | Z32: 994.29 | AA32: 994.29 | AB32: =(SUM(D32:AA32)) -> 23862.96 | AC32: 4
C33: Festivo | D33: 994.29 | E33: 994.29 | F33: 994.29 | G33: 994.29 | H33: 994.29 | I33: 994.29 | J33: 994.29 | K33: 994.29 | L33: 994.29 | M33: 994.29 | N33: 994.29 | O33: 994.29 | P33: 994.29 | Q33: 994.29 | R33: 994.29 | S33: 994.29 | T33: 994.29 | U33: 994.29 | V33: 994.29 | W33: 994.29 | X33: 994.29 | Y33: 994.29 | Z33: 994.29 | AA33: 994.29 | AB33: =(SUM(D33:AA33)) -> 23862.96 | AC33: 2
B34: 46600 | C34: Hábil | D34: 994.29 | E34: 994.29 | F34: 994.29 | G34: 994.29 | H34: 994.29 | I34: 994.29 | J34: 994.29 | K34: 994.29 | L34: 994.29 | M34: 994.29 | N34: 994.29 | O34: 994.29 | P34: 994.29 | Q34: 994.29 | R34: 994.29 | S34: 994.29 | T34: 994.29 | U34: 994.29 | V34: 994.29 | W34: 994.29 | X34: 994.29 | Y34: 994.29 | Z34: 994.29 | AA34: 994.29 | AB34: =(SUM(D34:AA34)) -> 23862.96 | AC34: 21 | AD34: =(AB34*AC34)+(AB35*AC35)+(AB36*AC36)+(AB37*AC37) -> 739751.76
C35: Sábado | D35: 994.29 | E35: 994.29 | F35: 994.29 | G35: 994.29 | H35: 994.29 | I35: 994.29 | J35: 994.29 | K35: 994.29 | L35: 994.29 | M35: 994.29 | N35: 994.29 | O35: 994.29 | P35: 994.29 | Q35: 994.29 | R35: 994.29 | S35: 994.29 | T35: 994.29 | U35: 994.29 | V35: 994.29 | W35: 994.29 | X35: 994.29 | Y35: 994.29 | Z35: 994.29 | AA35: 994.29 | AB35: =(SUM(D35:AA35)) -> 23862.96 | AC35: 3
C36: Domingo | D36: 994.29 | E36: 994.29 | F36: 994.29 | G36: 994.29 | H36: 994.29 | I36: 994.29 | J36: 994.29 | K36: 994.29 | L36: 994.29 | M36: 994.29 | N36: 994.29 | O36: 994.29 | P36: 994.29 | Q36: 994.29 | R36: 994.29 | S36: 994.29 | T36: 994.29 | U36: 994.29 | V36: 994.29 | W36: 994.29 | X36: 994.29 | Y36: 994.29 | Z36: 994.29 | AA36: 994.29 | AB36: =(SUM(D36:AA36)) -> 23862.96 | AC36: 5
C37: Festivo | D37: 994.29 | E37: 994.29 | F37: 994.29 | G37: 994.29 | H37: 994.29 | I37: 994.29 | J37: 994.29 | K37: 994.29 | L37: 994.29 | M37: 994.29 | N37: 994.29 | O37: 994.29 | P37: 994.29 | Q37: 994.29 | R37: 994.29 | S37: 994.29 | T37: 994.29 | U37: 994.29 | V37: 994.29 | W37: 994.29 | X37: 994.29 | Y37: 994.29 | Z37: 994.29 | AA37: 994.29 | AB37: =(SUM(D37:AA37)) -> 23862.96 | AC37: 2
B38: 46631 | C38: Hábil | D38: 994.29 | E38: 994.29 | F38: 994.29 | G38: 994.29 | H38: 994.29 | I38: 994.29 | J38: 994.29 | K38: 994.29 | L38: 994.29 | M38: 994.29 | N38: 994.29 | O38: 994.29 | P38: 994.29 | Q38: 994.29 | R38: 994.29 | S38: 994.29 | T38: 994.29 | U38: 994.29 | V38: 994.29 | W38: 994.29 | X38: 994.29 | Y38: 994.29 | Z38: 994.29 | AA38: 994.29 | AB38: =(SUM(D38:AA38)) -> 23862.96 | AC38: 22 | AD38: =(AB38*AC38)+(AB39*AC39)+(AB40*AC40)+(AB41*AC41) -> 715888.8
C39: Sábado | D39: 994.29 | E39: 994.29 | F39: 994.29 | G39: 994.29 | H39: 994.29 | I39: 994.29 | J39: 994.29 | K39: 994.29 | L39: 994.29 | M39: 994.29 | N39: 994.29 | O39: 994.29 | P39: 994.29 | Q39: 994.29 | R39: 994.29 | S39: 994.29 | T39: 994.29 | U39: 994.29 | V39: 994.29 | W39: 994.29 | X39: 994.29 | Y39: 994.29 | Z39: 994.29 | AA39: 994.29 | AB39: =(SUM(D39:AA39)) -> 23862.96 | AC39: 4
C40: Domingo | D40: 994.29 | E40: 994.29 | F40: 994.29 | G40: 994.29 | H40: 994.29 | I40: 994.29 | J40: 994.29 | K40: 994.29 | L40: 994.29 | M40: 994.29 | N40: 994.29 | O40: 994.29 | P40: 994.29 | Q40: 994.29 | R40: 994.29 | S40: 994.29 | T40: 994.29 | U40: 994.29 | V40: 994.29 | W40: 994.29 | X40: 994.29 | Y40: 994.29 | Z40: 994.29 | AA40: 994.29 | AB40: =(SUM(D40:AA40)) -> 23862.96 | AC40: 4
C41: Festivo | D41: 994.29 | E41: 994.29 | F41: 994.29 | G41: 994.29 | H41: 994.29 | I41: 994.29 | J41: 994.29 | K41: 994.29 | L41: 994.29 | M41: 994.29 | N41: 994.29 | O41: 994.29 | P41: 994.29 | Q41: 994.29 | R41: 994.29 | S41: 994.29 | T41: 994.29 | U41: 994.29 | V41: 994.29 | W41: 994.29 | X41: 994.29 | Y41: 994.29 | Z41: 994.29 | AA41: 994.29 | AB41: =(SUM(D41:AA41)) -> 23862.96 | AC41: 0
B42: 46661 | C42: Hábil | D42: 994.29 | E42: 994.29 | F42: 994.29 | G42: 994.29 | H42: 994.29 | I42: 994.29 | J42: 994.29 | K42: 994.29 | L42: 994.29 | M42: 994.29 | N42: 994.29 | O42: 994.29 | P42: 994.29 | Q42: 994.29 | R42: 994.29 | S42: 994.29 | T42: 994.29 | U42: 994.29 | V42: 994.29 | W42: 994.29 | X42: 994.29 | Y42: 994.29 | Z42: 994.29 | AA42: 994.29 | AB42: =(SUM(D42:AA42)) -> 23862.96 | AC42: 20 | AD42: =(AB42*AC42)+(AB43*AC43)+(AB44*AC44)+(AB45*AC45) -> 739751.76
C43: Sábado | D43: 994.29 | E43: 994.29 | F43: 994.29 | G43: 994.29 | H43: 994.29 | I43: 994.29 | J43: 994.29 | K43: 994.29 | L43: 994.29 | M43: 994.29 | N43: 994.29 | O43: 994.29 | P43: 994.29 | Q43: 994.29 | R43: 994.29 | S43: 994.29 | T43: 994.29 | U43: 994.29 | V43: 994.29 | W43: 994.29 | X43: 994.29 | Y43: 994.29 | Z43: 994.29 | AA43: 994.29 | AB43: =(SUM(D43:AA43)) -> 23862.96 | AC43: 5
C44: Domingo | D44: 994.29 | E44: 994.29 | F44: 994.29 | G44: 994.29 | H44: 994.29 | I44: 994.29 | J44: 994.29 | K44: 994.29 | L44: 994.29 | M44: 994.29 | N44: 994.29 | O44: 994.29 | P44: 994.29 | Q44: 994.29 | R44: 994.29 | S44: 994.29 | T44: 994.29 | U44: 994.29 | V44: 994.29 | W44: 994.29 | X44: 994.29 | Y44: 994.29 | Z44: 994.29 | AA44: 994.29 | AB44: =(SUM(D44:AA44)) -> 23862.96 | AC44: 5
C45: Festivo | D45: 994.29 | E45: 994.29 | F45: 994.29 | G45: 994.29 | H45: 994.29 | I45: 994.29 | J45: 994.29 | K45: 994.29 | L45: 994.29 | M45: 994.29 | N45: 994.29 | O45: 994.29 | P45: 994.29 | Q45: 994.29 | R45: 994.29 | S45: 994.29 | T45: 994.29 | U45: 994.29 | V45: 994.29 | W45: 994.29 | X45: 994.29 | Y45: 994.29 | Z45: 994.29 | AA45: 994.29 | AB45: =(SUM(D45:AA45)) -> 23862.96 | AC45: 1
B46: 46692 | C46: Hábil | D46: 994.29 | E46: 994.29 | F46: 994.29 | G46: 994.29 | H46: 994.29 | I46: 994.29 | J46: 994.29 | K46: 994.29 | L46: 994.29 | M46: 994.29 | N46: 994.29 | O46: 994.29 | P46: 994.29 | Q46: 994.29 | R46: 994.29 | S46: 994.29 | T46: 994.29 | U46: 994.29 | V46: 994.29 | W46: 994.29 | X46: 994.29 | Y46: 994.29 | Z46: 994.29 | AA46: 994.29 | AB46: =(SUM(D46:AA46)) -> 23862.96 | AC46: 20 | AD46: =(AB46*AC46)+(AB47*AC47)+(AB48*AC48)+(AB49*AC49) -> 715888.8
C47: Sábado | D47: 994.29 | E47: 994.29 | F47: 994.29 | G47: 994.29 | H47: 994.29 | I47: 994.29 | J47: 994.29 | K47: 994.29 | L47: 994.29 | M47: 994.29 | N47: 994.29 | O47: 994.29 | P47: 994.29 | Q47: 994.29 | R47: 994.29 | S47: 994.29 | T47: 994.29 | U47: 994.29 | V47: 994.29 | W47: 994.29 | X47: 994.29 | Y47: 994.29 | Z47: 994.29 | AA47: 994.29 | AB47: =(SUM(D47:AA47)) -> 23862.96 | AC47: 4
C48: Domingo | D48: 994.29 | E48: 994.29 | F48: 994.29 | G48: 994.29 | H48: 994.29 | I48: 994.29 | J48: 994.29 | K48: 994.29 | L48: 994.29 | M48: 994.29 | N48: 994.29 | O48: 994.29 | P48: 994.29 | Q48: 994.29 | R48: 994.29 | S48: 994.29 | T48: 994.29 | U48: 994.29 | V48: 994.29 | W48: 994.29 | X48: 994.29 | Y48: 994.29 | Z48: 994.29 | AA48: 994.29 | AB48: =(SUM(D48:AA48)) -> 23862.96 | AC48: 4
C49: Festivo | D49: 994.29 | E49: 994.29 | F49: 994.29 | G49: 994.29 | H49: 994.29 | I49: 994.29 | J49: 994.29 | K49: 994.29 | L49: 994.29 | M49: 994.29 | N49: 994.29 | O49: 994.29 | P49: 994.29 | Q49: 994.29 | R49: 994.29 | S49: 994.29 | T49: 994.29 | U49: 994.29 | V49: 994.29 | W49: 994.29 | X49: 994.29 | Y49: 994.29 | Z49: 994.29 | AA49: 994.29 | AB49: =(SUM(D49:AA49)) -> 23862.96 | AC49: 2
B50: 46722 | C50: Hábil | D50: 994.29 | E50: 994.29 | F50: 994.29 | G50: 994.29 | H50: 994.29 | I50: 994.29 | J50: 994.29 | K50: 994.29 | L50: 994.29 | M50: 994.29 | N50: 994.29 | O50: 994.29 | P50: 994.29 | Q50: 994.29 | R50: 994.29 | S50: 994.29 | T50: 994.29 | U50: 994.29 | V50: 994.29 | W50: 994.29 | X50: 994.29 | Y50: 994.29 | Z50: 994.29 | AA50: 994.29 | AB50: =(SUM(D50:AA50)) -> 23862.96 | AC50: 22 | AD50: =(AB50*AC50)+(AB51*AC51)+(AB52*AC52)+(AB53*AC53) -> 739751.76
C51: Sábado | D51: 994.29 | E51: 994.29 | F51: 994.29 | G51: 994.29 | H51: 994.29 | I51: 994.29 | J51: 994.29 | K51: 994.29 | L51: 994.29 | M51: 994.29 | N51: 994.29 | O51: 994.29 | P51: 994.29 | Q51: 994.29 | R51: 994.29 | S51: 994.29 | T51: 994.29 | U51: 994.29 | V51: 994.29 | W51: 994.29 | X51: 994.29 | Y51: 994.29 | Z51: 994.29 | AA51: 994.29 | AB51: =(SUM(D51:AA51)) -> 23862.96 | AC51: 3
C52: Domingo | D52: 994.29 | E52: 994.29 | F52: 994.29 | G52: 994.29 | H52: 994.29 | I52: 994.29 | J52: 994.29 | K52: 994.29 | L52: 994.29 | M52: 994.29 | N52: 994.29 | O52: 994.29 | P52: 994.29 | Q52: 994.29 | R52: 994.29 | S52: 994.29 | T52: 994.29 | U52: 994.29 | V52: 994.29 | W52: 994.29 | X52: 994.29 | Y52: 994.29 | Z52: 994.29 | AA52: 994.29 | AB52: =(SUM(D52:AA52)) -> 23862.96 | AC52: 4
C53: Festivo | D53: 994.29 | E53: 994.29 | F53: 994.29 | G53: 994.29 | H53: 994.29 | I53: 994.29 | J53: 994.29 | K53: 994.29 | L53: 994.29 | M53: 994.29 | N53: 994.29 | O53: 994.29 | P53: 994.29 | Q53: 994.29 | R53: 994.29 | S53: 994.29 | T53: 994.29 | U53: 994.29 | V53: 994.29 | W53: 994.29 | X53: 994.29 | Y53: 994.29 | Z53: 994.29 | AA53: 994.29 | AB53: =(SUM(D53:AA53)) -> 23862.96 | AC53: 2
AD54: =SUM(AD6:AD53) -> 8709980.4

Sheet Anexo 2 Producto 2
B4: ANEXO 2 - OFERTA PRODUCTO 2
B5: NOMBRE DEL OFERENTE
B6: PRECIOS Y CANTIDADES DE ENERGIA OFERTADA
B7: EN PESOS DE ENERO 2025
B8: PRODUCTO 2
B9: AÑO | C9: MES | D9: PERIODO 2027
D10: E. Solicitada [kWh] | E10: % E. Ofertado | F10: E. Ofertada [kWh] | G10: $/kWh
B11: 2027 | C11: Enero | D11: =+'Producto 2 Plano 27'!AE6 -> 739751.76 | F11: =+E11*D11 -> 0
B12: 2027 | C12: Febrero | D12: =+'Producto 2 Plano 27'!AE7 -> 668162.88 | F12: =+E12*D12 -> 0
B13: 2027 | C13: Marzo | D13: =+'Producto 2 Plano 27'!AE8 -> 739751.76 | F13: =+E13*D13 -> 0
B14: 2027 | C14: Abril | D14: =+'Producto 2 Plano 27'!AE9 -> 715888.8 | F14: =+E14*D14 -> 0
B15: 2027 | C15: Mayo | D15: =+'Producto 2 Plano 27'!AE10 -> 739751.76 | F15: =+E15*D15 -> 0
B16: 2027 | C16: Junio | D16: =+'Producto 2 Plano 27'!AE11 -> 715888.8 | F16: =+E16*D16 -> 0
B17: 2027 | C17: Julio | D17: =+'Producto 2 Plano 27'!AE12 -> 739751.76 | F17: =+E17*D17 -> 0
B18: 2027 | C18: Agosto | D18: =+'Producto 2 Plano 27'!AE13 -> 739751.76 | F18: =+E18*D18 -> 0
B19: 2027 | C19: Septiembre | D19: =+'Producto 2 Plano 27'!AE14 -> 715888.8 | F19: =+E19*D19 -> 0
B20: 2027 | C20: Octubre | D20: =+'Producto 2 Plano 27'!AE15 -> 739751.76 | F20: =+E20*D20 -> 0
B21: 2027 | C21: Noviembre | D21: =+'Producto 2 Plano 27'!AE16 -> 715888.8 | F21: =+E21*D21 -> 0
B22: 2027 | C22: Diciembre | D22: =+'Producto 2 Plano 27'!AE17 -> 739751.76 | F22: =+E22*D22 -> 0 | H22: =SUM(D11:D22) -> 8709980.4 | I22: =+H22/1000 -> 8709.9804
B23: Total Producto 2 | D23: =+SUM(D11:D22) -> 8709980.4 | I23: =+D23/1000 -> 8709.9804
B25: E. Solicitada = Energía solicitada por RUITOQUE para el producto.
B26: % E. Ofertado = Porcentaje de energía ofertado por el agente respecto a la E. Solicitada.
B27: E. Ofertada = Energía ofertada por el agente, producto de la E. Solicitada y el % E. Ofertado.
B28: $/kWh = Tarifa de la oferta para todas las horas del mes.

Sheet Producto 3 Plano 28
B2: ANEXO 1 - CANTIDADES DE ENERGÍA SOLICITADA EN kWh
B3: PRODUCTO 3
B4: PERIODO 01 DE ENERO DEL 2028 A DICIEMBRE 31 DE 2028
C5: DIA | D5: 1 | E5: 2 | F5: 3 | G5: 4 | H5: 5 | I5: 6 | J5: 7 | K5: 8 | L5: 9 | M5: 10 | N5: 11 | O5: 12 | P5: 13 | Q5: 14 | R5: 15 | S5: 16 | T5: 17 | U5: 18 | V5: 19 | W5: 20 | X5: 21 | Y5: 22 | Z5: 23 | AA5: 24 | AB5: Total | AC5: No. DÍAS | AD5: Total
B6: 46753 | C6: Hábil | D6: 5227.17 | E6: 5227.17 | F6: 5227.17 | G6: 5227.17 | H6: 5227.17 | I6: 5227.17 | J6: 5227.17 | K6: 5227.17 | L6: 5227.17 | M6: 5227.17 | N6: 5227.17 | O6: 5227.17 | P6: 5227.17 | Q6: 5227.17 | R6: 5227.17 | S6: 5227.17 | T6: 5227.17 | U6: 5227.17 | V6: 5227.17 | W6: 5227.17 | X6: 5227.17 | Y6: 5227.17 | Z6: 5227.17 | AA6: 5227.17 | AB6: =(SUM(D6:AA6)) -> 125452.08 | AC6: 20 | AD6: =(AB6*AC6)+(AB7*AC7)+(AB8*AC8)+(AB9*AC9) -> 3889014.5 | AE6: =+AD6 -> 3889014.5
C7: Sábado | D7: 5227.17 | E7: 5227.17 | F7: 5227.17 | G7: 5227.17 | H7: 5227.17 | I7: 5227.17 | J7: 5227.17 | K7: 5227.17 | L7: 5227.17 | M7: 5227.17 | N7: 5227.17 | O7: 5227.17 | P7: 5227.17 | Q7: 5227.17 | R7: 5227.17 | S7: 5227.17 | T7: 5227.17 | U7: 5227.17 | V7: 5227.17 | W7: 5227.17 | X7: 5227.17 | Y7: 5227.17 | Z7: 5227.17 | AA7: 5227.17 | AB7: =(SUM(D7:AA7)) -> 125452.08 | AC7: 4 | AE7: =+AD10 -> 3638110.3
C8: Domingo | D8: 5227.17 | E8: 5227.17 | F8: 5227.17 | G8: 5227.17 | H8: 5227.17 | I8: 5227.17 | J8: 5227.17 | K8: 5227.17 | L8: 5227.17 | M8: 5227.17 | N8: 5227.17 | O8: 5227.17 | P8: 5227.17 | Q8: 5227.17 | R8: 5227.17 | S8: 5227.17 | T8: 5227.17 | U8: 5227.17 | V8: 5227.17 | W8: 5227.17 | X8: 5227.17 | Y8: 5227.17 | Z8: 5227.17 | AA8: 5227.17 | AB8: =(SUM(D8:AA8)) -> 125452.08 | AC8: 5 | AE8: =+AD14 -> 3889014.5
C9: Festivo | D9: 5227.17 | E9: 5227.17 | F9: 5227.17 | G9: 5227.17 | H9: 5227.17 | I9: 5227.17 | J9: 5227.17 | K9: 5227.17 | L9: 5227.17 | M9: 5227.17 | N9: 5227.17 | O9: 5227.17 | P9: 5227.17 | Q9: 5227.17 | R9: 5227.17 | S9: 5227.17 | T9: 5227.17 | U9: 5227.17 | V9: 5227.17 | W9: 5227.17 | X9: 5227.17 | Y9: 5227.17 | Z9: 5227.17 | AA9: 5227.17 | AB9: =(SUM(D9:AA9)) -> 125452.08 | AC9: 2 | AE9: =+AD18 -> 3763562.4
B10: 46784 | C10: Hábil | D10: 5227.17 | E10: 5227.17 | F10: 5227.17 | G10: 5227.17 | H10: 5227.17 | I10: 5227.17 | J10: 5227.17 | K10: 5227.17 | L10: 5227.17 | M10: 5227.17 | N10: 5227.17 | O10: 5227.17 | P10: 5227.17 | Q10: 5227.17 | R10: 5227.17 | S10: 5227.17 | T10: 5227.17 | U10: 5227.17 | V10: 5227.17 | W10: 5227.17 | X10: 5227.17 | Y10: 5227.17 | Z10: 5227.17 | AA10: 5227.17 | AB10: =(SUM(D10:AA10)) -> 125452.08 | AC10: 21 | AD10: =(AB10*AC10)+(AB11*AC11)+(AB12*AC12)+(AB13*AC13) -> 3638110.3 | AE10: =+AD22 -> 3889014.5
C11: Sábado | D11: 5227.17 | E11: 5227.17 | F11: 5227.17 | G11: 5227.17 | H11: 5227.17 | I11: 5227.17 | J11: 5227.17 | K11: 5227.17 | L11: 5227.17 | M11: 5227.17 | N11: 5227.17 | O11: 5227.17 | P11: 5227.17 | Q11: 5227.17 | R11: 5227.17 | S11: 5227.17 | T11: 5227.17 | U11: 5227.17 | V11: 5227.17 | W11: 5227.17 | X11: 5227.17 | Y11: 5227.17 | Z11: 5227.17 | AA11: 5227.17 | AB11: =(SUM(D11:AA11)) -> 125452.08 | AC11: 4 | AE11: =+AD26 -> 3763562.4
C12: Domingo | D12: 5227.17 | E12: 5227.17 | F12: 5227.17 | G12: 5227.17 | H12: 5227.17 | I12: 5227.17 | J12: 5227.17 | K12: 5227.17 | L12: 5227.17 | M12: 5227.17 | N12: 5227.17 | O12: 5227.17 | P12: 5227.17 | Q12: 5227.17 | R12: 5227.17 | S12: 5227.17 | T12: 5227.17 | U12: 5227.17 | V12: 5227.17 | W12: 5227.17 | X12: 5227.17 | Y12: 5227.17 | Z12: 5227.17 | AA12: 5227.17 | AB12: =(SUM(D12:AA12)) -> 125452.08 | AC12: 4 | AE12: =+AD30 -> 3889014.5
C13: Festivo | D13: 5227.17 | E13: 5227.17 | F13: 5227.17 | G13: 5227.17 | H13: 5227.17 | I13: 5227.17 | J13: 5227.17 | K13: 5227.17 | L13: 5227.17 | M13: 5227.17 | N13: 5227.17 | O13: 5227.17 | P13: 5227.17 | Q13: 5227.17 | R13: 5227.17 | S13: 5227.17 | T13: 5227.17 | U13: 5227.17 | V13: 5227.17 | W13: 5227.17 | X13: 5227.17 | Y13: 5227.17 | Z13: 5227.17 | AA13: 5227.17 | AB13: =(SUM(D13:AA13)) -> 125452.08 | AC13: 0 | AE13: =+AD34 -> 3889014.5
B14: 46813 | C14: Hábil | D14: 5227.17 | E14: 5227.17 | F14: 5227.17 | G14: 5227.17 | H14: 5227.17 | I14: 5227.17 | J14: 5227.17 | K14: 5227.17 | L14: 5227.17 | M14: 5227.17 | N14: 5227.17 | O14: 5227.17 | P14: 5227.17 | Q14: 5227.17 | R14: 5227.17 | S14: 5227.17 | T14: 5227.17 | U14: 5227.17 | V14: 5227.17 | W14: 5227.17 | X14: 5227.17 | Y14: 5227.17 | Z14: 5227.17 | AA14: 5227.17 | AB14: =(SUM(D14:AA14)) -> 125452.08 | AC14: 22 | AD14: =(AB14*AC14)+(AB15*AC15)+(AB16*AC16)+(AB17*AC17) -> 3889014.5 | AE14: =+AD38 -> 3763562.4
C15: Sábado | D15: 5227.17 | E15: 5227.17 | F15: 5227.17 | G15: 5227.17 | H15: 5227.17 | I15: 5227.17 | J15: 5227.17 | K15: 5227.17 | L15: 5227.17 | M15: 5227.17 | N15: 5227.17 | O15: 5227.17 | P15: 5227.17 | Q15: 5227.17 | R15: 5227.17 | S15: 5227.17 | T15: 5227.17 | U15: 5227.17 | V15: 5227.17 | W15: 5227.17 | X15: 5227.17 | Y15: 5227.17 | Z15: 5227.17 | AA15: 5227.17 | AB15: =(SUM(D15:AA15)) -> 125452.08 | AC15: 4 | AE15: =+AD42 -> 3889014.5
C16: Domingo | D16: 5227.17 | E16: 5227.17 | F16: 5227.17 | G16: 5227.17 | H16: 5227.17 | I16: 5227.17 | J16: 5227.17 | K16: 5227.17 | L16: 5227.17 | M16: 5227.17 | N16: 5227.17 | O16: 5227.17 | P16: 5227.17 | Q16: 5227.17 | R16: 5227.17 | S16: 5227.17 | T16: 5227.17 | U16: 5227.17 | V16: 5227.17 | W16: 5227.17 | X16: 5227.17 | Y16: 5227.17 | Z16: 5227.17 | AA16: 5227.17 | AB16: =(SUM(D16:AA16)) -> 125452.08 | AC16: 4 | AE16: =+AD46 -> 3763562.4
C17: Festivo | D17: 5227.17 | E17: 5227.17 | F17: 5227.17 | G17: 5227.17 | H17: 5227.17 | I17: 5227.17 | J17: 5227.17 | K17: 5227.17 | L17: 5227.17 | M17: 5227.17 | N17: 5227.17 | O17: 5227.17 | P17: 5227.17 | Q17: 5227.17 | R17: 5227.17 | S17: 5227.17 | T17: 5227.17 | U17: 5227.17 | V17: 5227.17 | W17: 5227.17 | X17: 5227.17 | Y17: 5227.17 | Z17: 5227.17 | AA17: 5227.17 | AB17: =(SUM(D17:AA17)) -> 125452.08 | AC17: 1 | AE17: =+AD50 -> 3889014.5
B18: 46844 | C18: Hábil | D18: 5227.17 | E18: 5227.17 | F18: 5227.17 | G18: 5227.17 | H18: 5227.17 | I18: 5227.17 | J18: 5227.17 | K18: 5227.17 | L18: 5227.17 | M18: 5227.17 | N18: 5227.17 | O18: 5227.17 | P18: 5227.17 | Q18: 5227.17 | R18: 5227.17 | S18: 5227.17 | T18: 5227.17 | U18: 5227.17 | V18: 5227.17 | W18: 5227.17 | X18: 5227.17 | Y18: 5227.17 | Z18: 5227.17 | AA18: 5227.17 | AB18: =(SUM(D18:AA18)) -> 125452.08 | AC18: 18 | AD18: =(AB18*AC18)+(AB19*AC19)+(AB20*AC20)+(AB21*AC21) -> 3763562.4
C19: Sábado | D19: 5227.17 | E19: 5227.17 | F19: 5227.17 | G19: 5227.17 | H19: 5227.17 | I19: 5227.17 | J19: 5227.17 | K19: 5227.17 | L19: 5227.17 | M19: 5227.17 | N19: 5227.17 | O19: 5227.17 | P19: 5227.17 | Q19: 5227.17 | R19: 5227.17 | S19: 5227.17 | T19: 5227.17 | U19: 5227.17 | V19: 5227.17 | W19: 5227.17 | X19: 5227.17 | Y19: 5227.17 | Z19: 5227.17 | AA19: 5227.17 | AB19: =(SUM(D19:AA19)) -> 125452.08 | AC19: 5
C20: Domingo | D20: 5227.17 | E20: 5227.17 | F20: 5227.17 | G20: 5227.17 | H20: 5227.17 | I20: 5227.17 | J20: 5227.17 | K20: 5227.17 | L20: 5227.17 | M20: 5227.17 | N20: 5227.17 | O20: 5227.17 | P20: 5227.17 | Q20: 5227.17 | R20: 5227.17 | S20: 5227.17 | T20: 5227.17 | U20: 5227.17 | V20: 5227.17 | W20: 5227.17 | X20: 5227.17 | Y20: 5227.17 | Z20: 5227.17 | AA20: 5227.17 | AB20: =(SUM(D20:AA20)) -> 125452.08 | AC20: 5
C21: Festivo | D21: 5227.17 | E21: 5227.17 | F21: 5227.17 | G21: 5227.17 | H21: 5227.17 | I21: 5227.17 | J21: 5227.17 | K21: 5227.17 | L21: 5227.17 | M21: 5227.17 | N21: 5227.17 | O21: 5227.17 | P21: 5227.17 | Q21: 5227.17 | R21: 5227.17 | S21: 5227.17 | T21: 5227.17 | U21: 5227.17 | V21: 5227.17 | W21: 5227.17 | X21: 5227.17 | Y21: 5227.17 | Z21: 5227.17 | AA21: 5227.17 | AB21: =(SUM(D21:AA21)) -> 125452.08 | AC21: 2
B22: 46874 | C22: Hábil | D22: 5227.17 | E22: 5227.17 | F22: 5227.17 | G22: 5227.17 | H22: 5227.17 | I22: 5227.17 | J22: 5227.17 | K22: 5227.17 | L22: 5227.17 | M22: 5227.17 | N22: 5227.17 | O22: 5227.17 | P22: 5227.17 | Q22: 5227.17 | R22: 5227.17 | S22: 5227.17 | T22: 5227.17 | U22: 5227.17 | V22: 5227.17 | W22: 5227.17 | X22: 5227.17 | Y22: 5227.17 | Z22: 5227.17 | AA22: 5227.17 | AB22: =(SUM(D22:AA22)) -> 125452.08 | AC22: 21 | AD22: =(AB22*AC22)+(AB23*AC23)+(AB24*AC24)+(AB25*AC25) -> 3889014.5
C23: Sábado | D23: 5227.17 | E23: 5227.17 | F23: 5227.17 | G23: 5227.17 | H23: 5227.17 | I23: 5227.17 | J23: 5227.17 | K23: 5227.17 | L23: 5227.17 | M23: 5227.17 | N23: 5227.17 | O23: 5227.17 | P23: 5227.17 | Q23: 5227.17 | R23: 5227.17 | S23: 5227.17 | T23: 5227.17 | U23: 5227.17 | V23: 5227.17 | W23: 5227.17 | X23: 5227.17 | Y23: 5227.17 | Z23: 5227.17 | AA23: 5227.17 | AB23: =(SUM(D23:AA23)) -> 125452.08 | AC23: 4
C24: Domingo | D24: 5227.17 | E24: 5227.17 | F24: 5227.17 | G24: 5227.17 | H24: 5227.17 | I24: 5227.17 | J24: 5227.17 | K24: 5227.17 | L24: 5227.17 | M24: 5227.17 | N24: 5227.17 | O24: 5227.17 | P24: 5227.17 | Q24: 5227.17 | R24: 5227.17 | S24: 5227.17 | T24: 5227.17 | U24: 5227.17 | V24: 5227.17 | W24: 5227.17 | X24: 5227.17 | Y24: 5227.17 | Z24: 5227.17 | AA24: 5227.17 | AB24: =(SUM(D24:AA24)) -> 125452.08 | AC24: 4
C25: Festivo | D25: 5227.17 | E25: 5227.17 | F25: 5227.17 | G25: 5227.17 | H25: 5227.17 | I25: 5227.17 | J25: 5227.17 | K25: 5227.17 | L25: 5227.17 | M25: 5227.17 | N25: 5227.17 | O25: 5227.17 | P25: 5227.17 | Q25: 5227.17 | R25: 5227.17 | S25: 5227.17 | T25: 5227.17 | U25: 5227.17 | V25: 5227.17 | W25: 5227.17 | X25: 5227.17 | Y25: 5227.17 | Z25: 5227.17 | AA25: 5227.17 | AB25: =(SUM(D25:AA25)) -> 125452.08 | AC25: 2
B26: 46905 | C26: Hábil | D26: 5227.17 | E26: 5227.17 | F26: 5227.17 | G26: 5227.17 | H26: 5227.17 | I26: 5227.17 | J26: 5227.17 | K26: 5227.17 | L26: 5227.17 | M26: 5227.17 | N26: 5227.17 | O26: 5227.17 | P26: 5227.17 | Q26: 5227.17 | R26: 5227.17 | S26: 5227.17 | T26: 5227.17 | U26: 5227.17 | V26: 5227.17 | W26: 5227.17 | X26: 5227.17 | Y26: 5227.17 | Z26: 5227.17 | AA26: 5227.17 | AB26: =(SUM(D26:AA26)) -> 125452.08 | AC26: 20 | AD26: =(AB26*AC26)+(AB27*AC27)+(AB28*AC28)+(AB29*AC29) -> 3763562.4
C27: Sábado | D27: 5227.17 | E27: 5227.17 | F27: 5227.17 | G27: 5227.17 | H27: 5227.17 | I27: 5227.17 | J27: 5227.17 | K27: 5227.17 | L27: 5227.17 | M27: 5227.17 | N27: 5227.17 | O27: 5227.17 | P27: 5227.17 | Q27: 5227.17 | R27: 5227.17 | S27: 5227.17 | T27: 5227.17 | U27: 5227.17 | V27: 5227.17 | W27: 5227.17 | X27: 5227.17 | Y27: 5227.17 | Z27: 5227.17 | AA27: 5227.17 | AB27: =(SUM(D27:AA27)) -> 125452.08 | AC27: 4
C28: Domingo | D28: 5227.17 | E28: 5227.17 | F28: 5227.17 | G28: 5227.17 | H28: 5227.17 | I28: 5227.17 | J28: 5227.17 | K28: 5227.17 | L28: 5227.17 | M28: 5227.17 | N28: 5227.17 | O28: 5227.17 | P28: 5227.17 | Q28: 5227.17 | R28: 5227.17 | S28: 5227.17 | T28: 5227.17 | U28: 5227.17 | V28: 5227.17 | W28: 5227.17 | X28: 5227.17 | Y28: 5227.17 | Z28: 5227.17 | AA28: 5227.17 | AB28: =(SUM(D28:AA28)) -> 125452.08 | AC28: 4
C29: Festivo | D29: 5227.17 | E29: 5227.17 | F29: 5227.17 | G29: 5227.17 | H29: 5227.17 | I29: 5227.17 | J29: 5227.17 | K29: 5227.17 | L29: 5227.17 | M29: 5227.17 | N29: 5227.17 | O29: 5227.17 | P29: 5227.17 | Q29: 5227.17 | R29: 5227.17 | S29: 5227.17 | T29: 5227.17 | U29: 5227.17 | V29: 5227.17 | W29: 5227.17 | X29: 5227.17 | Y29: 5227.17 | Z29: 5227.17 | AA29: 5227.17 | AB29: =(SUM(D29:AA29)) -> 125452.08 | AC29: 2
B30: 46935 | C30: Hábil | D30: 5227.17 | E30: 5227.17 | F30: 5227.17 | G30: 5227.17 | H30: 5227.17 | I30: 5227.17 | J30: 5227.17 | K30: 5227.17 | L30: 5227.17 | M30: 5227.17 | N30: 5227.17 | O30: 5227.17 | P30: 5227.17 | Q30: 5227.17 | R30: 5227.17 | S30: 5227.17 | T30: 5227.17 | U30: 5227.17 | V30: 5227.17 | W30: 5227.17 | X30: 5227.17 | Y30: 5227.17 | Z30: 5227.17 | AA30: 5227.17 | AB30: =(SUM(D30:AA30)) -> 125452.08 | AC30: 19 | AD30: =(AB30*AC30)+(AB31*AC31)+(AB32*AC32)+(AB33*AC33) -> 3889014.5
C31: Sábado | D31: 5227.17 | E31: 5227.17 | F31: 5227.17 | G31: 5227.17 | H31: 5227.17 | I31: 5227.17 | J31: 5227.17 | K31: 5227.17 | L31: 5227.17 | M31: 5227.17 | N31: 5227.17 | O31: 5227.17 | P31: 5227.17 | Q31: 5227.17 | R31: 5227.17 | S31: 5227.17 | T31: 5227.17 | U31: 5227.17 | V31: 5227.17 | W31: 5227.17 | X31: 5227.17 | Y31: 5227.17 | Z31: 5227.17 | AA31: 5227.17 | AB31: =(SUM(D31:AA31)) -> 125452.08 | AC31: 5
C32: domingo | D32: 5227.17 | E32: 5227.17 | F32: 5227.17 | G32: 5227.17 | H32: 5227.17 | I32: 5227.17 | J32: 5227.17 | K32: 5227.17 | L32: 5227.17 | M32: 5227.17 | N32: 5227.17 | O32: 5227.17 | P32: 5227.17 | Q32: 5227.17 | R32: 5227.17 | S32: 5227.17 | T32: 5227.17 | U32: 5227.17 | V32: 5227.17 | W32: 5227.17 | X32: 5227.17 | Y32: 5227.17 | Z32: 5227.17 | AA32: 5227.17 | AB32: =(SUM(D32:AA32)) -> 125452.08 | AC32: 5
C33: Festivo | D33: 5227.17 | E33: 5227.17 | F33: 5227.17 | G33: 5227.17 | H33: 5227.17 | I33: 5227.17 | J33: 5227.17 | K33: 5227.17 | L33: 5227.17 | M33: 5227.17 | N33: 5227.17 | O33: 5227.17 | P33: 5227.17 | Q33: 5227.17 | R33: 5227.17 | S33: 5227.17 | T33: 5227.17 | U33: 5227.17 | V33: 5227.17 | W33: 5227.17 | X33: 5227.17 | Y33: 5227.17 | Z33: 5227.17 | AA33: 5227.17 | AB33: =(SUM(D33:AA33)) -> 125452.08 | AC33: 2
B34: 46966 | C34: Hábil | D34: 5227.17 | E34: 5227.17 | F34: 5227.17 | G34: 5227.17 | H34: 5227.17 | I34: 5227.17 | J34: 5227.17 | K34: 5227.17 | L34: 5227.17 | M34: 5227.17 | N34: 5227.17 | O34: 5227.17 | P34: 5227.17 | Q34: 5227.17 | R34: 5227.17 | S34: 5227.17 | T34: 5227.17 | U34: 5227.17 | V34: 5227.17 | W34: 5227.17 | X34: 5227.17 | Y34: 5227.17 | Z34: 5227.17 | AA34: 5227.17 | AB34: =(SUM(D34:AA34)) -> 125452.08 | AC34: 21 | AD34: =(AB34*AC34)+(AB35*AC35)+(AB36*AC36)+(AB37*AC37) -> 3889014.5
C35: Sábado | D35: 5227.17 | E35: 5227.17 | F35: 5227.17 | G35: 5227.17 | H35: 5227.17 | I35: 5227.17 | J35: 5227.17 | K35: 5227.17 | L35: 5227.17 | M35: 5227.17 | N35: 5227.17 | O35: 5227.17 | P35: 5227.17 | Q35: 5227.17 | R35: 5227.17 | S35: 5227.17 | T35: 5227.17 | U35: 5227.17 | V35: 5227.17 | W35: 5227.17 | X35: 5227.17 | Y35: 5227.17 | Z35: 5227.17 | AA35: 5227.17 | AB35: =(SUM(D35:AA35)) -> 125452.08 | AC35: 4
C36: Domingo | D36: 5227.17 | E36: 5227.17 | F36: 5227.17 | G36: 5227.17 | H36: 5227.17 | I36: 5227.17 | J36: 5227.17 | K36: 5227.17 | L36: 5227.17 | M36: 5227.17 | N36: 5227.17 | O36: 5227.17 | P36: 5227.17 | Q36: 5227.17 | R36: 5227.17 | S36: 5227.17 | T36: 5227.17 | U36: 5227.17 | V36: 5227.17 | W36: 5227.17 | X36: 5227.17 | Y36: 5227.17 | Z36: 5227.17 | AA36: 5227.17 | AB36: =(SUM(D36:AA36)) -> 125452.08 | AC36: 4
C37: Festivo | D37: 5227.17 | E37: 5227.17 | F37: 5227.17 | G37: 5227.17 | H37: 5227.17 | I37: 5227.17 | J37: 5227.17 | K37: 5227.17 | L37: 5227.17 | M37: 5227.17 | N37: 5227.17 | O37: 5227.17 | P37: 5227.17 | Q37: 5227.17 | R37: 5227.17 | S37: 5227.17 | T37: 5227.17 | U37: 5227.17 | V37: 5227.17 | W37: 5227.17 | X37: 5227.17 | Y37: 5227.17 | Z37: 5227.17 | AA37: 5227.17 | AB37: =(SUM(D37:AA37)) -> 125452.08 | AC37: 2
B38: 46997 | C38: Hábil | D38: 5227.17 | E38: 5227.17 | F38: 5227.17 | G38: 5227.17 | H38: 5227.17 | I38: 5227.17 | J38: 5227.17 | K38: 5227.17 | L38: 5227.17 | M38: 5227.17 | N38: 5227.17 | O38: 5227.17 | P38: 5227.17 | Q38: 5227.17 | R38: 5227.17 | S38: 5227.17 | T38: 5227.17 | U38: 5227.17 | V38: 5227.17 | W38: 5227.17 | X38: 5227.17 | Y38: 5227.17 | Z38: 5227.17 | AA38: 5227.17 | AB38: =(SUM(D38:AA38)) -> 125452.08 | AC38: 21 | AD38: =(AB38*AC38)+(AB39*AC39)+(AB40*AC40)+(AB41*AC41) -> 3763562.4
C39: Sábado | D39: 5227.17 | E39: 5227.17 | F39: 5227.17 | G39: 5227.17 | H39: 5227.17 | I39: 5227.17 | J39: 5227.17 | K39: 5227.17 | L39: 5227.17 | M39: 5227.17 | N39: 5227.17 | O39: 5227.17 | P39: 5227.17 | Q39: 5227.17 | R39: 5227.17 | S39: 5227.17 | T39: 5227.17 | U39: 5227.17 | V39: 5227.17 | W39: 5227.17 | X39: 5227.17 | Y39: 5227.17 | Z39: 5227.17 | AA39: 5227.17 | AB39: =(SUM(D39:AA39)) -> 125452.08 | AC39: 5
C40: Domingo | D40: 5227.17 | E40: 5227.17 | F40: 5227.17 | G40: 5227.17 | H40: 5227.17 | I40: 5227.17 | J40: 5227.17 | K40: 5227.17 | L40: 5227.17 | M40: 5227.17 | N40: 5227.17 | O40: 5227.17 | P40: 5227.17 | Q40: 5227.17 | R40: 5227.17 | S40: 5227.17 | T40: 5227.17 | U40: 5227.17 | V40: 5227.17 | W40: 5227.17 | X40: 5227.17 | Y40: 5227.17 | Z40: 5227.17 | AA40: 5227.17 | AB40: =(SUM(D40:AA40)) -> 125452.08 | AC40: 4
C41: Festivo | D41: 5227.17 | E41: 5227.17 | F41: 5227.17 | G41: 5227.17 | H41: 5227.17 | I41: 5227.17 | J41: 5227.17 | K41: 5227.17 | L41: 5227.17 | M41: 5227.17 | N41: 5227.17 | O41: 5227.17 | P41: 5227.17 | Q41: 5227.17 | R41: 5227.17 | S41: 5227.17 | T41: 5227.17 | U41: 5227.17 | V41: 5227.17 | W41: 5227.17 | X41: 5227.17 | Y41: 5227.17 | Z41: 5227.17 | AA41: 5227.17 | AB41: =(SUM(D41:AA41)) -> 125452.08 | AC41: 0
B42: 47027 | C42: Hábil | D42: 5227.17 | E42: 5227.17 | F42: 5227.17 | G42: 5227.17 | H42: 5227.17 | I42: 5227.17 | J42: 5227.17 | K42: 5227.17 | L42: 5227.17 | M42: 5227.17 | N42: 5227.17 | O42: 5227.17 | P42: 5227.17 | Q42: 5227.17 | R42: 5227.17 | S42: 5227.17 | T42: 5227.17 | U42: 5227.17 | V42: 5227.17 | W42: 5227.17 | X42: 5227.17 | Y42: 5227.17 | Z42: 5227.17 | AA42: 5227.17 | AB42: =(SUM(D42:AA42)) -> 125452.08 | AC42: 21 | AD42: =(AB42*AC42)+(AB43*AC43)+(AB44*AC44)+(AB45*AC45) -> 3889014.5
C43: Sábado | D43: 5227.17 | E43: 5227.17 | F43: 5227.17 | G43: 5227.17 | H43: 5227.17 | I43: 5227.17 | J43: 5227.17 | K43: 5227.17 | L43: 5227.17 | M43: 5227.17 | N43: 5227.17 | O43: 5227.17 | P43: 5227.17 | Q43: 5227.17 | R43: 5227.17 | S43: 5227.17 | T43: 5227.17 | U43: 5227.17 | V43: 5227.17 | W43: 5227.17 | X43: 5227.17 | Y43: 5227.17 | Z43: 5227.17 | AA43: 5227.17 | AB43: =(SUM(D43:AA43)) -> 125452.08 | AC43: 4
C44: Domingo | D44: 5227.17 | E44: 5227.17 | F44: 5227.17 | G44: 5227.17 | H44: 5227.17 | I44: 5227.17 | J44: 5227.17 | K44: 5227.17 | L44: 5227.17 | M44: 5227.17 | N44: 5227.17 | O44: 5227.17 | P44: 5227.17 | Q44: 5227.17 | R44: 5227.17 | S44: 5227.17 | T44: 5227.17 | U44: 5227.17 | V44: 5227.17 | W44: 5227.17 | X44: 5227.17 | Y44: 5227.17 | Z44: 5227.17 | AA44: 5227.17 | AB44: =(SUM(D44:AA44)) -> 125452.08 | AC44: 5
C45: Festivo | D45: 5227.17 | E45: 5227.17 | F45: 5227.17 | G45: 5227.17 | H45: 5227.17 | I45: 5227.17 | J45: 5227.17 | K45: 5227.17 | L45: 5227.17 | M45: 5227.17 | N45: 5227.17 | O45: 5227.17 | P45: 5227.17 | Q45: 5227.17 | R45: 5227.17 | S45: 5227.17 | T45: 5227.17 | U45: 5227.17 | V45: 5227.17 | W45: 5227.17 | X45: 5227.17 | Y45: 5227.17 | Z45: 5227.17 | AA45: 5227.17 | AB45: =(SUM(D45:AA45)) -> 125452.08 | AC45: 1
B46: 47058 | C46: Hábil | D46: 5227.17 | E46: 5227.17 | F46: 5227.17 | G46: 5227.17 | H46: 5227.17 | I46: 5227.17 | J46: 5227.17 | K46: 5227.17 | L46: 5227.17 | M46: 5227.17 | N46: 5227.17 | O46: 5227.17 | P46: 5227.17 | Q46: 5227.17 | R46: 5227.17 | S46: 5227.17 | T46: 5227.17 | U46: 5227.17 | V46: 5227.17 | W46: 5227.17 | X46: 5227.17 | Y46: 5227.17 | Z46: 5227.17 | AA46: 5227.17 | AB46: =(SUM(D46:AA46)) -> 125452.08 | AC46: 20 | AD46: =(AB46*AC46)+(AB47*AC47)+(AB48*AC48)+(AB49*AC49) -> 3763562.4
C47: Sábado | D47: 5227.17 | E47: 5227.17 | F47: 5227.17 | G47: 5227.17 | H47: 5227.17 | I47: 5227.17 | J47: 5227.17 | K47: 5227.17 | L47: 5227.17 | M47: 5227.17 | N47: 5227.17 | O47: 5227.17 | P47: 5227.17 | Q47: 5227.17 | R47: 5227.17 | S47: 5227.17 | T47: 5227.17 | U47: 5227.17 | V47: 5227.17 | W47: 5227.17 | X47: 5227.17 | Y47: 5227.17 | Z47: 5227.17 | AA47: 5227.17 | AB47: =(SUM(D47:AA47)) -> 125452.08 | AC47: 4
C48: Domingo | D48: 5227.17 | E48: 5227.17 | F48: 5227.17 | G48: 5227.17 | H48: 5227.17 | I48: 5227.17 | J48: 5227.17 | K48: 5227.17 | L48: 5227.17 | M48: 5227.17 | N48: 5227.17 | O48: 5227.17 | P48: 5227.17 | Q48: 5227.17 | R48: 5227.17 | S48: 5227.17 | T48: 5227.17 | U48: 5227.17 | V48: 5227.17 | W48: 5227.17 | X48: 5227.17 | Y48: 5227.17 | Z48: 5227.17 | AA48: 5227.17 | AB48: =(SUM(D48:AA48)) -> 125452.08 | AC48: 4
C49: Festivo | D49: 5227.17 | E49: 5227.17 | F49: 5227.17 | G49: 5227.17 | H49: 5227.17 | I49: 5227.17 | J49: 5227.17 | K49: 5227.17 | L49: 5227.17 | M49: 5227.17 | N49: 5227.17 | O49: 5227.17 | P49: 5227.17 | Q49: 5227.17 | R49: 5227.17 | S49: 5227.17 | T49: 5227.17 | U49: 5227.17 | V49: 5227.17 | W49: 5227.17 | X49: 5227.17 | Y49: 5227.17 | Z49: 5227.17 | AA49: 5227.17 | AB49: =(SUM(D49:AA49)) -> 125452.08 | AC49: 2
B50: 47088 | C50: Hábil | D50: 5227.17 | E50: 5227.17 | F50: 5227.17 | G50: 5227.17 | H50: 5227.17 | I50: 5227.17 | J50: 5227.17 | K50: 5227.17 | L50: 5227.17 | M50: 5227.17 | N50: 5227.17 | O50: 5227.17 | P50: 5227.17 | Q50: 5227.17 | R50: 5227.17 | S50: 5227.17 | T50: 5227.17 | U50: 5227.17 | V50: 5227.17 | W50: 5227.17 | X50: 5227.17 | Y50: 5227.17 | Z50: 5227.17 | AA50: 5227.17 | AB50: =(SUM(D50:AA50)) -> 125452.08 | AC50: 19 | AD50: =(AB50*AC50)+(AB51*AC51)+(AB52*AC52)+(AB53*AC53) -> 3889014.5
C51: Sábado | D51: 5227.17 | E51: 5227.17 | F51: 5227.17 | G51: 5227.17 | H51: 5227.17 | I51: 5227.17 | J51: 5227.17 | K51: 5227.17 | L51: 5227.17 | M51: 5227.17 | N51: 5227.17 | O51: 5227.17 | P51: 5227.17 | Q51: 5227.17 | R51: 5227.17 | S51: 5227.17 | T51: 5227.17 | U51: 5227.17 | V51: 5227.17 | W51: 5227.17 | X51: 5227.17 | Y51: 5227.17 | Z51: 5227.17 | AA51: 5227.17 | AB51: =(SUM(D51:AA51)) -> 125452.08 | AC51: 5
C52: Domingo | D52: 5227.17 | E52: 5227.17 | F52: 5227.17 | G52: 5227.17 | H52: 5227.17 | I52: 5227.17 | J52: 5227.17 | K52: 5227.17 | L52: 5227.17 | M52: 5227.17 | N52: 5227.17 | O52: 5227.17 | P52: 5227.17 | Q52: 5227.17 | R52: 5227.17 | S52: 5227.17 | T52: 5227.17 | U52: 5227.17 | V52: 5227.17 | W52: 5227.17 | X52: 5227.17 | Y52: 5227.17 | Z52: 5227.17 | AA52: 5227.17 | AB52: =(SUM(D52:AA52)) -> 125452.08 | AC52: 5
C53: Festivo | D53: 5227.17 | E53: 5227.17 | F53: 5227.17 | G53: 5227.17 | H53: 5227.17 | I53: 5227.17 | J53: 5227.17 | K53: 5227.17 | L53: 5227.17 | M53: 5227.17 | N53: 5227.17 | O53: 5227.17 | P53: 5227.17 | Q53: 5227.17 | R53: 5227.17 | S53: 5227.17 | T53: 5227.17 | U53: 5227.17 | V53: 5227.17 | W53: 5227.17 | X53: 5227.17 | Y53: 5227.17 | Z53: 5227.17 | AA53: 5227.17 | AB53: =(SUM(D53:AA53)) -> 125452.08 | AC53: 2
AD54: =SUM(AD6:AD53) -> 45915461

Sheet Anexo 2 Producto 3
B4: ANEXO 2 - OFERTA PRODUCTO 3
B5: NOMBRE DEL OFERENTE
B6: PRECIOS Y CANTIDADES DE ENERGIA OFERTADA
B7: EN PESOS DE ENERO 2025
B8: PRODUCTO 3
B9: AÑO | C9: MES | D9: PERIODO 2028
D10: E. Solicitada [kWh] | E10: % E. Ofertado | F10: E. Ofertada [kWh] | G10: $/kWh
B11: 2028 | C11: Enero | D11: =+'Producto 3 Plano 28'!AE6 -> 3889014.5 | F11: =+E11*D11 -> 0
B12: 2028 | C12: Febrero | D12: =+'Producto 3 Plano 28'!AE7 -> 3638110.3 | F12: =+E12*D12 -> 0
B13: 2028 | C13: Marzo | D13: =+'Producto 3 Plano 28'!AE8 -> 3889014.5 | F13: =+E13*D13 -> 0
B14: 2028 | C14: Abril | D14: =+'Producto 3 Plano 28'!AE9 -> 3763562.4 | F14: =+E14*D14 -> 0
B15: 2028 | C15: Mayo | D15: =+'Producto 3 Plano 28'!AE10 -> 3889014.5 | F15: =+E15*D15 -> 0
B16: 2028 | C16: Junio | D16: =+'Producto 3 Plano 28'!AE11 -> 3763562.4 | F16: =+E16*D16 -> 0
B17: 2028 | C17: Julio | D17: =+'Producto 3 Plano 28'!AE12 -> 3889014.5 | F17: =+E17*D17 -> 0
B18: 2028 | C18: Agosto | D18: =+'Producto 3 Plano 28'!AE13 -> 3889014.5 | F18: =+E18*D18 -> 0
B19: 2028 | C19: Septiembre | D19: =+'Producto 3 Plano 28'!AE14 -> 3763562.4 | F19: =+E19*D19 -> 0
B20: 2028 | C20: Octubre | D20: =+'Producto 3 Plano 28'!AE15 -> 3889014.5 | F20: =+E20*D20 -> 0
B21: 2028 | C21: Noviembre | D21: =+'Producto 3 Plano 28'!AE16 -> 3763562.4 | F21: =+E21*D21 -> 0
B22: 2028 | C22: Diciembre | D22: =+'Producto 3 Plano 28'!AE17 -> 3889014.5 | F22: =+E22*D22 -> 0 | H22: =SUM(D11:D22) -> 45915461 | I22: =+H22/1000 -> 45915.461
B23: Total Producto 3 | D23: =+SUM(D11:D22) -> 45915461 | I23: =+D23/1000 -> 45915.461
B25: E. Solicitada = Energía solicitada por RUITOQUE para el producto.
B26: % E. Ofertado = Porcentaje de energía ofertado por el agente respecto a la E. Solicitada.
B27: E. Ofertada = Energía ofertada por el agente, producto de la E. Solicitada y el % E. Ofertado.
B28: $/kWh = Tarifa de la oferta para todas las horas del mes.

Sheet Producto 4 Plano 29
B2: ANEXO 1 - CANTIDADES DE ENERGÍA SOLICITADA EN kWh
B3: PRODUCTO 4
B4: PERIODO 01 DE ENERO DEL 2029 A DICIEMBRE 31 DE 2029
C5: DIA | D5: 1 | E5: 2 | F5: 3 | G5: 4 | H5: 5 | I5: 6 | J5: 7 | K5: 8 | L5: 9 | M5: 10 | N5: 11 | O5: 12 | P5: 13 | Q5: 14 | R5: 15 | S5: 16 | T5: 17 | U5: 18 | V5: 19 | W5: 20 | X5: 21 | Y5: 22 | Z5: 23 | AA5: 24 | AB5: Total | AC5: No. DÍAS | AD5: Total
B6: 47119 | C6: Hábil | D6: 8940.64 | E6: 8940.64 | F6: 8940.64 | G6: 8940.64 | H6: 8940.64 | I6: 8940.64 | J6: 8940.64 | K6: 8940.64 | L6: 8940.64 | M6: 8940.64 | N6: 8940.64 | O6: 8940.64 | P6: 8940.64 | Q6: 8940.64 | R6: 8940.64 | S6: 8940.64 | T6: 8940.64 | U6: 8940.64 | V6: 8940.64 | W6: 8940.64 | X6: 8940.64 | Y6: 8940.64 | Z6: 8940.64 | AA6: 8940.64 | AB6: =(SUM(D6:AA6)) -> 214575.36 | AC6: 21 | AD6: =(AB6*AC6)+(AB7*AC7)+(AB8*AC8)+(AB9*AC9) -> 6651836.2 | AE6: =+AD6 -> 6651836.2
C7: Sábado | D7: 8940.64 | E7: 8940.64 | F7: 8940.64 | G7: 8940.64 | H7: 8940.64 | I7: 8940.64 | J7: 8940.64 | K7: 8940.64 | L7: 8940.64 | M7: 8940.64 | N7: 8940.64 | O7: 8940.64 | P7: 8940.64 | Q7: 8940.64 | R7: 8940.64 | S7: 8940.64 | T7: 8940.64 | U7: 8940.64 | V7: 8940.64 | W7: 8940.64 | X7: 8940.64 | Y7: 8940.64 | Z7: 8940.64 | AA7: 8940.64 | AB7: =(SUM(D7:AA7)) -> 214575.36 | AC7: 4 | AE7: =+AD10 -> 6008110.1
C8: Domingo | D8: 8940.64 | E8: 8940.64 | F8: 8940.64 | G8: 8940.64 | H8: 8940.64 | I8: 8940.64 | J8: 8940.64 | K8: 8940.64 | L8: 8940.64 | M8: 8940.64 | N8: 8940.64 | O8: 8940.64 | P8: 8940.64 | Q8: 8940.64 | R8: 8940.64 | S8: 8940.64 | T8: 8940.64 | U8: 8940.64 | V8: 8940.64 | W8: 8940.64 | X8: 8940.64 | Y8: 8940.64 | Z8: 8940.64 | AA8: 8940.64 | AB8: =(SUM(D8:AA8)) -> 214575.36 | AC8: 4 | AE8: =+AD14 -> 6651836.2
C9: Festivo | D9: 8940.64 | E9: 8940.64 | F9: 8940.64 | G9: 8940.64 | H9: 8940.64 | I9: 8940.64 | J9: 8940.64 | K9: 8940.64 | L9: 8940.64 | M9: 8940.64 | N9: 8940.64 | O9: 8940.64 | P9: 8940.64 | Q9: 8940.64 | R9: 8940.64 | S9: 8940.64 | T9: 8940.64 | U9: 8940.64 | V9: 8940.64 | W9: 8940.64 | X9: 8940.64 | Y9: 8940.64 | Z9: 8940.64 | AA9: 8940.64 | AB9: =(SUM(D9:AA9)) -> 214575.36 | AC9: 2 | AE9: =+AD18 -> 6437260.8
B10: 47150 | C10: Hábil | D10: 8940.64 | E10: 8940.64 | F10: 8940.64 | G10: 8940.64 | H10: 8940.64 | I10: 8940.64 | J10: 8940.64 | K10: 8940.64 | L10: 8940.64 | M10: 8940.64 | N10: 8940.64 | O10: 8940.64 | P10: 8940.64 | Q10: 8940.64 | R10: 8940.64 | S10: 8940.64 | T10: 8940.64 | U10: 8940.64 | V10: 8940.64 | W10: 8940.64 | X10: 8940.64 | Y10: 8940.64 | Z10: 8940.64 | AA10: 8940.64 | AB10: =(SUM(D10:AA10)) -> 214575.36 | AC10: 20 | AD10: =(AB10*AC10)+(AB11*AC11)+(AB12*AC12)+(AB13*AC13) -> 6008110.1 | AE10: =+AD22 -> 6651836.2
C11: Sábado | D11: 8940.64 | E11: 8940.64 | F11: 8940.64 | G11: 8940.64 | H11: 8940.64 | I11: 8940.64 | J11: 8940.64 | K11: 8940.64 | L11: 8940.64 | M11: 8940.64 | N11: 8940.64 | O11: 8940.64 | P11: 8940.64 | Q11: 8940.64 | R11: 8940.64 | S11: 8940.64 | T11: 8940.64 | U11: 8940.64 | V11: 8940.64 | W11: 8940.64 | X11: 8940.64 | Y11: 8940.64 | Z11: 8940.64 | AA11: 8940.64 | AB11: =(SUM(D11:AA11)) -> 214575.36 | AC11: 4 | AE11: =+AD26 -> 6437260.8
C12: Domingo | D12: 8940.64 | E12: 8940.64 | F12: 8940.64 | G12: 8940.64 | H12: 8940.64 | I12: 8940.64 | J12: 8940.64 | K12: 8940.64 | L12: 8940.64 | M12: 8940.64 | N12: 8940.64 | O12: 8940.64 | P12: 8940.64 | Q12: 8940.64 | R12: 8940.64 | S12: 8940.64 | T12: 8940.64 | U12: 8940.64 | V12: 8940.64 | W12: 8940.64 | X12: 8940.64 | Y12: 8940.64 | Z12: 8940.64 | AA12: 8940.64 | AB12: =(SUM(D12:AA12)) -> 214575.36 | AC12: 4 | AE12: =+AD30 -> 6651836.2
C13: Festivo | D13: 8940.64 | E13: 8940.64 | F13: 8940.64 | G13: 8940.64 | H13: 8940.64 | I13: 8940.64 | J13: 8940.64 | K13: 8940.64 | L13: 8940.64 | M13: 8940.64 | N13: 8940.64 | O13: 8940.64 | P13: 8940.64 | Q13: 8940.64 | R13: 8940.64 | S13: 8940.64 | T13: 8940.64 | U13: 8940.64 | V13: 8940.64 | W13: 8940.64 | X13: 8940.64 | Y13: 8940.64 | Z13: 8940.64 | AA13: 8940.64 | AB13: =(SUM(D13:AA13)) -> 214575.36 | AC13: 0 | AE13: =+AD34 -> 6651836.2
B14: 47178 | C14: Hábil | D14: 8940.64 | E14: 8940.64 | F14: 8940.64 | G14: 8940.64 | H14: 8940.64 | I14: 8940.64 | J14: 8940.64 | K14: 8940.64 | L14: 8940.64 | M14: 8940.64 | N14: 8940.64 | O14: 8940.64 | P14: 8940.64 | Q14: 8940.64 | R14: 8940.64 | S14: 8940.64 | T14: 8940.64 | U14: 8940.64 | V14: 8940.64 | W14: 8940.64 | X14: 8940.64 | Y14: 8940.64 | Z14: 8940.64 | AA14: 8940.64 | AB14: =(SUM(D14:AA14)) -> 214575.36 | AC14: 19 | AD14: =(AB14*AC14)+(AB15*AC15)+(AB16*AC16)+(AB17*AC17) -> 6651836.2 | AE14: =+AD38 -> 6437260.8
C15: Sábado | D15: 8940.64 | E15: 8940.64 | F15: 8940.64 | G15: 8940.64 | H15: 8940.64 | I15: 8940.64 | J15: 8940.64 | K15: 8940.64 | L15: 8940.64 | M15: 8940.64 | N15: 8940.64 | O15: 8940.64 | P15: 8940.64 | Q15: 8940.64 | R15: 8940.64 | S15: 8940.64 | T15: 8940.64 | U15: 8940.64 | V15: 8940.64 | W15: 8940.64 | X15: 8940.64 | Y15: 8940.64 | Z15: 8940.64 | AA15: 8940.64 | AB15: =(SUM(D15:AA15)) -> 214575.36 | AC15: 5 | AE15: =+AD42 -> 6651836.2
C16: Domingo | D16: 8940.64 | E16: 8940.64 | F16: 8940.64 | G16: 8940.64 | H16: 8940.64 | I16: 8940.64 | J16: 8940.64 | K16: 8940.64 | L16: 8940.64 | M16: 8940.64 | N16: 8940.64 | O16: 8940.64 | P16: 8940.64 | Q16: 8940.64 | R16: 8940.64 | S16: 8940.64 | T16: 8940.64 | U16: 8940.64 | V16: 8940.64 | W16: 8940.64 | X16: 8940.64 | Y16: 8940.64 | Z16: 8940.64 | AA16: 8940.64 | AB16: =(SUM(D16:AA16)) -> 214575.36 | AC16: 4 | AE16: =+AD46 -> 6437260.8
C17: Festivo | D17: 8940.64 | E17: 8940.64 | F17: 8940.64 | G17: 8940.64 | H17: 8940.64 | I17: 8940.64 | J17: 8940.64 | K17: 8940.64 | L17: 8940.64 | M17: 8940.64 | N17: 8940.64 | O17: 8940.64 | P17: 8940.64 | Q17: 8940.64 | R17: 8940.64 | S17: 8940.64 | T17: 8940.64 | U17: 8940.64 | V17: 8940.64 | W17: 8940.64 | X17: 8940.64 | Y17: 8940.64 | Z17: 8940.64 | AA17: 8940.64 | AB17: =(SUM(D17:AA17)) -> 214575.36 | AC17: 3 | AE17: =+AD50 -> 6651836.2
B18: 47209 | C18: Hábil | D18: 8940.64 | E18: 8940.64 | F18: 8940.64 | G18: 8940.64 | H18: 8940.64 | I18: 8940.64 | J18: 8940.64 | K18: 8940.64 | L18: 8940.64 | M18: 8940.64 | N18: 8940.64 | O18: 8940.64 | P18: 8940.64 | Q18: 8940.64 | R18: 8940.64 | S18: 8940.64 | T18: 8940.64 | U18: 8940.64 | V18: 8940.64 | W18: 8940.64 | X18: 8940.64 | Y18: 8940.64 | Z18: 8940.64 | AA18: 8940.64 | AB18: =(SUM(D18:AA18)) -> 214575.36 | AC18: 21 | AD18: =(AB18*AC18)+(AB19*AC19)+(AB20*AC20)+(AB21*AC21) -> 6437260.8
C19: Sábado | D19: 8940.64 | E19: 8940.64 | F19: 8940.64 | G19: 8940.64 | H19: 8940.64 | I19: 8940.64 | J19: 8940.64 | K19: 8940.64 | L19: 8940.64 | M19: 8940.64 | N19: 8940.64 | O19: 8940.64 | P19: 8940.64 | Q19: 8940.64 | R19: 8940.64 | S19: 8940.64 | T19: 8940.64 | U19: 8940.64 | V19: 8940.64 | W19: 8940.64 | X19: 8940.64 | Y19: 8940.64 | Z19: 8940.64 | AA19: 8940.64 | AB19: =(SUM(D19:AA19)) -> 214575.36 | AC19: 4
C20: Domingo | D20: 8940.64 | E20: 8940.64 | F20: 8940.64 | G20: 8940.64 | H20: 8940.64 | I20: 8940.64 | J20: 8940.64 | K20: 8940.64 | L20: 8940.64 | M20: 8940.64 | N20: 8940.64 | O20: 8940.64 | P20: 8940.64 | Q20: 8940.64 | R20: 8940.64 | S20: 8940.64 | T20: 8940.64 | U20: 8940.64 | V20: 8940.64 | W20: 8940.64 | X20: 8940.64 | Y20: 8940.64 | Z20: 8940.64 | AA20: 8940.64 | AB20: =(SUM(D20:AA20)) -> 214575.36 | AC20: 5
C21: Festivo | D21: 8940.64 | E21: 8940.64 | F21: 8940.64 | G21: 8940.64 | H21: 8940.64 | I21: 8940.64 | J21: 8940.64 | K21: 8940.64 | L21: 8940.64 | M21: 8940.64 | N21: 8940.64 | O21: 8940.64 | P21: 8940.64 | Q21: 8940.64 | R21: 8940.64 | S21: 8940.64 | T21: 8940.64 | U21: 8940.64 | V21: 8940.64 | W21: 8940.64 | X21: 8940.64 | Y21: 8940.64 | Z21: 8940.64 | AA21: 8940.64 | AB21: =(SUM(D21:AA21)) -> 214575.36 | AC21: 0
B22: 47239 | C22: Hábil | D22: 8940.64 | E22: 8940.64 | F22: 8940.64 | G22: 8940.64 | H22: 8940.64 | I22: 8940.64 | J22: 8940.64 | K22: 8940.64 | L22: 8940.64 | M22: 8940.64 | N22: 8940.64 | O22: 8940.64 | P22: 8940.64 | Q22: 8940.64 | R22: 8940.64 | S22: 8940.64 | T22: 8940.64 | U22: 8940.64 | V22: 8940.64 | W22: 8940.64 | X22: 8940.64 | Y22: 8940.64 | Z22: 8940.64 | AA22: 8940.64 | AB22: =(SUM(D22:AA22)) -> 214575.36 | AC22: 21 | AD22: =(AB22*AC22)+(AB23*AC23)+(AB24*AC24)+(AB25*AC25) -> 6651836.2
C23: Sábado | D23: 8940.64 | E23: 8940.64 | F23: 8940.64 | G23: 8940.64 | H23: 8940.64 | I23: 8940.64 | J23: 8940.64 | K23: 8940.64 | L23: 8940.64 | M23: 8940.64 | N23: 8940.64 | O23: 8940.64 | P23: 8940.64 | Q23: 8940.64 | R23: 8940.64 | S23: 8940.64 | T23: 8940.64 | U23: 8940.64 | V23: 8940.64 | W23: 8940.64 | X23: 8940.64 | Y23: 8940.64 | Z23: 8940.64 | AA23: 8940.64 | AB23: =(SUM(D23:AA23)) -> 214575.36 | AC23: 4
C24: Domingo | D24: 8940.64 | E24: 8940.64 | F24: 8940.64 | G24: 8940.64 | H24: 8940.64 | I24: 8940.64 | J24: 8940.64 | K24: 8940.64 | L24: 8940.64 | M24: 8940.64 | N24: 8940.64 | O24: 8940.64 | P24: 8940.64 | Q24: 8940.64 | R24: 8940.64 | S24: 8940.64 | T24: 8940.64 | U24: 8940.64 | V24: 8940.64 | W24: 8940.64 | X24: 8940.64 | Y24: 8940.64 | Z24: 8940.64 | AA24: 8940.64 | AB24: =(SUM(D24:AA24)) -> 214575.36 | AC24: 4
C25: Festivo | D25: 8940.64 | E25: 8940.64 | F25: 8940.64 | G25: 8940.64 | H25: 8940.64 | I25: 8940.64 | J25: 8940.64 | K25: 8940.64 | L25: 8940.64 | M25: 8940.64 | N25: 8940.64 | O25: 8940.64 | P25: 8940.64 | Q25: 8940.64 | R25: 8940.64 | S25: 8940.64 | T25: 8940.64 | U25: 8940.64 | V25: 8940.64 | W25: 8940.64 | X25: 8940.64 | Y25: 8940.64 | Z25: 8940.64 | AA25: 8940.64 | AB25: =(SUM(D25:AA25)) -> 214575.36 | AC25: 2
B26: 47270 | C26: Hábil | D26: 8940.64 | E26: 8940.64 | F26: 8940.64 | G26: 8940.64 | H26: 8940.64 | I26: 8940.64 | J26: 8940.64 | K26: 8940.64 | L26: 8940.64 | M26: 8940.64 | N26: 8940.64 | O26: 8940.64 | P26: 8940.64 | Q26: 8940.64 | R26: 8940.64 | S26: 8940.64 | T26: 8940.64 | U26: 8940.64 | V26: 8940.64 | W26: 8940.64 | X26: 8940.64 | Y26: 8940.64 | Z26: 8940.64 | AA26: 8940.64 | AB26: =(SUM(D26:AA26)) -> 214575.36 | AC26: 19 | AD26: =(AB26*AC26)+(AB27*AC27)+(AB28*AC28)+(AB29*AC29) -> 6437260.8
C27: Sábado | D27: 8940.64 | E27: 8940.64 | F27: 8940.64 | G27: 8940.64 | H27: 8940.64 | I27: 8940.64 | J27: 8940.64 | K27: 8940.64 | L27: 8940.64 | M27: 8940.64 | N27: 8940.64 | O27: 8940.64 | P27: 8940.64 | Q27: 8940.64 | R27: 8940.64 | S27: 8940.64 | T27: 8940.64 | U27: 8940.64 | V27: 8940.64 | W27: 8940.64 | X27: 8940.64 | Y27: 8940.64 | Z27: 8940.64 | AA27: 8940.64 | AB27: =(SUM(D27:AA27)) -> 214575.36 | AC27: 5
C28: Domingo | D28: 8940.64 | E28: 8940.64 | F28: 8940.64 | G28: 8940.64 | H28: 8940.64 | I28: 8940.64 | J28: 8940.64 | K28: 8940.64 | L28: 8940.64 | M28: 8940.64 | N28: 8940.64 | O28: 8940.64 | P28: 8940.64 | Q28: 8940.64 | R28: 8940.64 | S28: 8940.64 | T28: 8940.64 | U28: 8940.64 | V28: 8940.64 | W28: 8940.64 | X28: 8940.64 | Y28: 8940.64 | Z28: 8940.64 | AA28: 8940.64 | AB28: =(SUM(D28:AA28)) -> 214575.36 | AC28: 4
C29: Festivo | D29: 8940.64 | E29: 8940.64 | F29: 8940.64 | G29: 8940.64 | H29: 8940.64 | I29: 8940.64 | J29: 8940.64 | K29: 8940.64 | L29: 8940.64 | M29: 8940.64 | N29: 8940.64 | O29: 8940.64 | P29: 8940.64 | Q29: 8940.64 | R29: 8940.64 | S29: 8940.64 | T29: 8940.64 | U29: 8940.64 | V29: 8940.64 | W29: 8940.64 | X29: 8940.64 | Y29: 8940.64 | Z29: 8940.64 | AA29: 8940.64 | AB29: =(SUM(D29:AA29)) -> 214575.36 | AC29: 2
B30: 47300 | C30: Hábil | D30: 8940.64 | E30: 8940.64 | F30: 8940.64 | G30: 8940.64 | H30: 8940.64 | I30: 8940.64 | J30: 8940.64 | K30: 8940.64 | L30: 8940.64 | M30: 8940.64 | N30: 8940.64 | O30: 8940.64 | P30: 8940.64 | Q30: 8940.64 | R30: 8940.64 | S30: 8940.64 | T30: 8940.64 | U30: 8940.64 | V30: 8940.64 | W30: 8940.64 | X30: 8940.64 | Y30: 8940.64 | Z30: 8940.64 | AA30: 8940.64 | AB30: =(SUM(D30:AA30)) -> 214575.36 | AC30: 20 | AD30: =(AB30*AC30)+(AB31*AC31)+(AB32*AC32)+(AB33*AC33) -> 6651836.2
C31: Sábado | D31: 8940.64 | E31: 8940.64 | F31: 8940.64 | G31: 8940.64 | H31: 8940.64 | I31: 8940.64 | J31: 8940.64 | K31: 8940.64 | L31: 8940.64 | M31: 8940.64 | N31: 8940.64 | O31: 8940.64 | P31: 8940.64 | Q31: 8940.64 | R31: 8940.64 | S31: 8940.64 | T31: 8940.64 | U31: 8940.64 | V31: 8940.64 | W31: 8940.64 | X31: 8940.64 | Y31: 8940.64 | Z31: 8940.64 | AA31: 8940.64 | AB31: =(SUM(D31:AA31)) -> 214575.36 | AC31: 4
C32: domingo | D32: 8940.64 | E32: 8940.64 | F32: 8940.64 | G32: 8940.64 | H32: 8940.64 | I32: 8940.64 | J32: 8940.64 | K32: 8940.64 | L32: 8940.64 | M32: 8940.64 | N32: 8940.64 | O32: 8940.64 | P32: 8940.64 | Q32: 8940.64 | R32: 8940.64 | S32: 8940.64 | T32: 8940.64 | U32: 8940.64 | V32: 8940.64 | W32: 8940.64 | X32: 8940.64 | Y32: 8940.64 | Z32: 8940.64 | AA32: 8940.64 | AB32: =(SUM(D32:AA32)) -> 214575.36 | AC32: 5
C33: Festivo | D33: 8940.64 | E33: 8940.64 | F33: 8940.64 | G33: 8940.64 | H33: 8940.64 | I33: 8940.64 | J33: 8940.64 | K33: 8940.64 | L33: 8940.64 | M33: 8940.64 | N33: 8940.64 | O33: 8940.64 | P33: 8940.64 | Q33: 8940.64 | R33: 8940.64 | S33: 8940.64 | T33: 8940.64 | U33: 8940.64 | V33: 8940.64 | W33: 8940.64 | X33: 8940.64 | Y33: 8940.64 | Z33: 8940.64 | AA33: 8940.64 | AB33: =(SUM(D33:AA33)) -> 214575.36 | AC33: 2
B34: 47331 | C34: Hábil | D34: 8940.64 | E34: 8940.64 | F34: 8940.64 | G34: 8940.64 | H34: 8940.64 | I34: 8940.64 | J34: 8940.64 | K34: 8940.64 | L34: 8940.64 | M34: 8940.64 | N34: 8940.64 | O34: 8940.64 | P34: 8940.64 | Q34: 8940.64 | R34: 8940.64 | S34: 8940.64 | T34: 8940.64 | U34: 8940.64 | V34: 8940.64 | W34: 8940.64 | X34: 8940.64 | Y34: 8940.64 | Z34: 8940.64 | AA34: 8940.64 | AB34: =(SUM(D34:AA34)) -> 214575.36 | AC34: 21 | AD34: =(AB34*AC34)+(AB35*AC35)+(AB36*AC36)+(AB37*AC37) -> 6651836.2
C35: Sábado | D35: 8940.64 | E35: 8940.64 | F35: 8940.64 | G35: 8940.64 | H35: 8940.64 | I35: 8940.64 | J35: 8940.64 | K35: 8940.64 | L35: 8940.64 | M35: 8940.64 | N35: 8940.64 | O35: 8940.64 | P35: 8940.64 | Q35: 8940.64 | R35: 8940.64 | S35: 8940.64 | T35: 8940.64 | U35: 8940.64 | V35: 8940.64 | W35: 8940.64 | X35: 8940.64 | Y35: 8940.64 | Z35: 8940.64 | AA35: 8940.64 | AB35: =(SUM(D35:AA35)) -> 214575.36 | AC35: 4
C36: Domingo | D36: 8940.64 | E36: 8940.64 | F36: 8940.64 | G36: 8940.64 | H36: 8940.64 | I36: 8940.64 | J36: 8940.64 | K36: 8940.64 | L36: 8940.64 | M36: 8940.64 | N36: 8940.64 | O36: 8940.64 | P36: 8940.64 | Q36: 8940.64 | R36: 8940.64 | S36: 8940.64 | T36: 8940.64 | U36: 8940.64 | V36: 8940.64 | W36: 8940.64 | X36: 8940.64 | Y36: 8940.64 | Z36: 8940.64 | AA36: 8940.64 | AB36: =(SUM(D36:AA36)) -> 214575.36 | AC36: 4
C37: Festivo | D37: 8940.64 | E37: 8940.64 | F37: 8940.64 | G37: 8940.64 | H37: 8940.64 | I37: 8940.64 | J37: 8940.64 | K37: 8940.64 | L37: 8940.64 | M37: 8940.64 | N37: 8940.64 | O37: 8940.64 | P37: 8940.64 | Q37: 8940.64 | R37: 8940.64 | S37: 8940.64 | T37: 8940.64 | U37: 8940.64 | V37: 8940.64 | W37: 8940.64 | X37: 8940.64 | Y37: 8940.64 | Z37: 8940.64 | AA37: 8940.64 | AB37: =(SUM(D37:AA37)) -> 214575.36 | AC37: 2
B38: 47362 | C38: Hábil | D38: 8940.64 | E38: 8940.64 | F38: 8940.64 | G38: 8940.64 | H38: 8940.64 | I38: 8940.64 | J38: 8940.64 | K38: 8940.64 | L38: 8940.64 | M38: 8940.64 | N38: 8940.64 | O38: 8940.64 | P38: 8940.64 | Q38: 8940.64 | R38: 8940.64 | S38: 8940.64 | T38: 8940.64 | U38: 8940.64 | V38: 8940.64 | W38: 8940.64 | X38: 8940.64 | Y38: 8940.64 | Z38: 8940.64 | AA38: 8940.64 | AB38: =(SUM(D38:AA38)) -> 214575.36 | AC38: 20 | AD38: =(AB38*AC38)+(AB39*AC39)+(AB40*AC40)+(AB41*AC41) -> 6437260.8
C39: Sábado | D39: 8940.64 | E39: 8940.64 | F39: 8940.64 | G39: 8940.64 | H39: 8940.64 | I39: 8940.64 | J39: 8940.64 | K39: 8940.64 | L39: 8940.64 | M39: 8940.64 | N39: 8940.64 | O39: 8940.64 | P39: 8940.64 | Q39: 8940.64 | R39: 8940.64 | S39: 8940.64 | T39: 8940.64 | U39: 8940.64 | V39: 8940.64 | W39: 8940.64 | X39: 8940.64 | Y39: 8940.64 | Z39: 8940.64 | AA39: 8940.64 | AB39: =(SUM(D39:AA39)) -> 214575.36 | AC39: 5
C40: Domingo | D40: 8940.64 | E40: 8940.64 | F40: 8940.64 | G40: 8940.64 | H40: 8940.64 | I40: 8940.64 | J40: 8940.64 | K40: 8940.64 | L40: 8940.64 | M40: 8940.64 | N40: 8940.64 | O40: 8940.64 | P40: 8940.64 | Q40: 8940.64 | R40: 8940.64 | S40: 8940.64 | T40: 8940.64 | U40: 8940.64 | V40: 8940.64 | W40: 8940.64 | X40: 8940.64 | Y40: 8940.64 | Z40: 8940.64 | AA40: 8940.64 | AB40: =(SUM(D40:AA40)) -> 214575.36 | AC40: 5
C41: Festivo | D41: 8940.64 | E41: 8940.64 | F41: 8940.64 | G41: 8940.64 | H41: 8940.64 | I41: 8940.64 | J41: 8940.64 | K41: 8940.64 | L41: 8940.64 | M41: 8940.64 | N41: 8940.64 | O41: 8940.64 | P41: 8940.64 | Q41: 8940.64 | R41: 8940.64 | S41: 8940.64 | T41: 8940.64 | U41: 8940.64 | V41: 8940.64 | W41: 8940.64 | X41: 8940.64 | Y41: 8940.64 | Z41: 8940.64 | AA41: 8940.64 | AB41: =(SUM(D41:AA41)) -> 214575.36 | AC41: 0
B42: 47392 | C42: Hábil | D42: 8940.64 | E42: 8940.64 | F42: 8940.64 | G42: 8940.64 | H42: 8940.64 | I42: 8940.64 | J42: 8940.64 | K42: 8940.64 | L42: 8940.64 | M42: 8940.64 | N42: 8940.64 | O42: 8940.64 | P42: 8940.64 | Q42: 8940.64 | R42: 8940.64 | S42: 8940.64 | T42: 8940.64 | U42: 8940.64 | V42: 8940.64 | W42: 8940.64 | X42: 8940.64 | Y42: 8940.64 | Z42: 8940.64 | AA42: 8940.64 | AB42: =(SUM(D42:AA42)) -> 214575.36 | AC42: 22 | AD42: =(AB42*AC42)+(AB43*AC43)+(AB44*AC44)+(AB45*AC45) -> 6651836.2
C43: Sábado | D43: 8940.64 | E43: 8940.64 | F43: 8940.64 | G43: 8940.64 | H43: 8940.64 | I43: 8940.64 | J43: 8940.64 | K43: 8940.64 | L43: 8940.64 | M43: 8940.64 | N43: 8940.64 | O43: 8940.64 | P43: 8940.64 | Q43: 8940.64 | R43: 8940.64 | S43: 8940.64 | T43: 8940.64 | U43: 8940.64 | V43: 8940.64 | W43: 8940.64 | X43: 8940.64 | Y43: 8940.64 | Z43: 8940.64 | AA43: 8940.64 | AB43: =(SUM(D43:AA43)) -> 214575.36 | AC43: 4
C44: Domingo | D44: 8940.64 | E44: 8940.64 | F44: 8940.64 | G44: 8940.64 | H44: 8940.64 | I44: 8940.64 | J44: 8940.64 | K44: 8940.64 | L44: 8940.64 | M44: 8940.64 | N44: 8940.64 | O44: 8940.64 | P44: 8940.64 | Q44: 8940.64 | R44: 8940.64 | S44: 8940.64 | T44: 8940.64 | U44: 8940.64 | V44: 8940.64 | W44: 8940.64 | X44: 8940.64 | Y44: 8940.64 | Z44: 8940.64 | AA44: 8940.64 | AB44: =(SUM(D44:AA44)) -> 214575.36 | AC44: 4
C45: Festivo | D45: 8940.64 | E45: 8940.64 | F45: 8940.64 | G45: 8940.64 | H45: 8940.64 | I45: 8940.64 | J45: 8940.64 | K45: 8940.64 | L45: 8940.64 | M45: 8940.64 | N45: 8940.64 | O45: 8940.64 | P45: 8940.64 | Q45: 8940.64 | R45: 8940.64 | S45: 8940.64 | T45: 8940.64 | U45: 8940.64 | V45: 8940.64 | W45: 8940.64 | X45: 8940.64 | Y45: 8940.64 | Z45: 8940.64 | AA45: 8940.64 | AB45: =(SUM(D45:AA45)) -> 214575.36 | AC45: 1
B46: 47423 | C46: Hábil | D46: 8940.64 | E46: 8940.64 | F46: 8940.64 | G46: 8940.64 | H46: 8940.64 | I46: 8940.64 | J46: 8940.64 | K46: 8940.64 | L46: 8940.64 | M46: 8940.64 | N46: 8940.64 | O46: 8940.64 | P46: 8940.64 | Q46: 8940.64 | R46: 8940.64 | S46: 8940.64 | T46: 8940.64 | U46: 8940.64 | V46: 8940.64 | W46: 8940.64 | X46: 8940.64 | Y46: 8940.64 | Z46: 8940.64 | AA46: 8940.64 | AB46: =(SUM(D46:AA46)) -> 214575.36 | AC46: 20 | AD46: =(AB46*AC46)+(AB47*AC47)+(AB48*AC48)+(AB49*AC49) -> 6437260.8
C47: Sábado | D47: 8940.64 | E47: 8940.64 | F47: 8940.64 | G47: 8940.64 | H47: 8940.64 | I47: 8940.64 | J47: 8940.64 | K47: 8940.64 | L47: 8940.64 | M47: 8940.64 | N47: 8940.64 | O47: 8940.64 | P47: 8940.64 | Q47: 8940.64 | R47: 8940.64 | S47: 8940.64 | T47: 8940.64 | U47: 8940.64 | V47: 8940.64 | W47: 8940.64 | X47: 8940.64 | Y47: 8940.64 | Z47: 8940.64 | AA47: 8940.64 | AB47: =(SUM(D47:AA47)) -> 214575.36 | AC47: 4
C48: Domingo | D48: 8940.64 | E48: 8940.64 | F48: 8940.64 | G48: 8940.64 | H48: 8940.64 | I48: 8940.64 | J48: 8940.64 | K48: 8940.64 | L48: 8940.64 | M48: 8940.64 | N48: 8940.64 | O48: 8940.64 | P48: 8940.64 | Q48: 8940.64 | R48: 8940.64 | S48: 8940.64 | T48: 8940.64 | U48: 8940.64 | V48: 8940.64 | W48: 8940.64 | X48: 8940.64 | Y48: 8940.64 | Z48: 8940.64 | AA48: 8940.64 | AB48: =(SUM(D48:AA48)) -> 214575.36 | AC48: 4
C49: Festivo | D49: 8940.64 | E49: 8940.64 | F49: 8940.64 | G49: 8940.64 | H49: 8940.64 | I49: 8940.64 | J49: 8940.64 | K49: 8940.64 | L49: 8940.64 | M49: 8940.64 | N49: 8940.64 | O49: 8940.64 | P49: 8940.64 | Q49: 8940.64 | R49: 8940.64 | S49: 8940.64 | T49: 8940.64 | U49: 8940.64 | V49: 8940.64 | W49: 8940.64 | X49: 8940.64 | Y49: 8940.64 | Z49: 8940.64 | AA49: 8940.64 | AB49: =(SUM(D49:AA49)) -> 214575.36 | AC49: 2
B50: 47453 | C50: Hábil | D50: 8940.64 | E50: 8940.64 | F50: 8940.64 | G50: 8940.64 | H50: 8940.64 | I50: 8940.64 | J50: 8940.64 | K50: 8940.64 | L50: 8940.64 | M50: 8940.64 | N50: 8940.64 | O50: 8940.64 | P50: 8940.64 | Q50: 8940.64 | R50: 8940.64 | S50: 8940.64 | T50: 8940.64 | U50: 8940.64 | V50: 8940.64 | W50: 8940.64 | X50: 8940.64 | Y50: 8940.64 | Z50: 8940.64 | AA50: 8940.64 | AB50: =(SUM(D50:AA50)) -> 214575.36 | AC50: 20 | AD50: =(AB50*AC50)+(AB51*AC51)+(AB52*AC52)+(AB53*AC53) -> 6651836.2
C51: Sábado | D51: 8940.64 | E51: 8940.64 | F51: 8940.64 | G51: 8940.64 | H51: 8940.64 | I51: 8940.64 | J51: 8940.64 | K51: 8940.64 | L51: 8940.64 | M51: 8940.64 | N51: 8940.64 | O51: 8940.64 | P51: 8940.64 | Q51: 8940.64 | R51: 8940.64 | S51: 8940.64 | T51: 8940.64 | U51: 8940.64 | V51: 8940.64 | W51: 8940.64 | X51: 8940.64 | Y51: 8940.64 | Z51: 8940.64 | AA51: 8940.64 | AB51: =(SUM(D51:AA51)) -> 214575.36 | AC51: 4
C52: Domingo | D52: 8940.64 | E52: 8940.64 | F52: 8940.64 | G52: 8940.64 | H52: 8940.64 | I52: 8940.64 | J52: 8940.64 | K52: 8940.64 | L52: 8940.64 | M52: 8940.64 | N52: 8940.64 | O52: 8940.64 | P52: 8940.64 | Q52: 8940.64 | R52: 8940.64 | S52: 8940.64 | T52: 8940.64 | U52: 8940.64 | V52: 8940.64 | W52: 8940.64 | X52: 8940.64 | Y52: 8940.64 | Z52: 8940.64 | AA52: 8940.64 | AB52: =(SUM(D52:AA52)) -> 214575.36 | AC52: 5
C53: Festivo | D53: 8940.64 | E53: 8940.64 | F53: 8940.64 | G53: 8940.64 | H53: 8940.64 | I53: 8940.64 | J53: 8940.64 | K53: 8940.64 | L53: 8940.64 | M53: 8940.64 | N53: 8940.64 | O53: 8940.64 | P53: 8940.64 | Q53: 8940.64 | R53: 8940.64 | S53: 8940.64 | T53: 8940.64 | U53: 8940.64 | V53: 8940.64 | W53: 8940.64 | X53: 8940.64 | Y53: 8940.64 | Z53: 8940.64 | AA53: 8940.64 | AB53: =(SUM(D53:AA53)) -> 214575.36 | AC53: 2
AD54: =SUM(AD6:AD53) -> 78320006

Sheet Anexo 2 Producto 4
B4: ANEXO 2 - OFERTA PRODUCTO 4
B5: NOMBRE DEL OFERENTE
B6: PRECIOS Y CANTIDADES DE ENERGIA OFERTADA
B7: EN PESOS DE ENERO 2025
B8: PRODUCTO 4
B9: AÑO | C9: MES | D9: PERIODO 2029
D10: E. Solicitada [kWh] | E10: % E. Ofertado | F10: E. Ofertada [kWh] | G10: $/kWh
B11: 2029 | C11: Enero | D11: =+'Producto 4 Plano 29'!AE6 -> 6651836.2 | F11: =+E11*D11 -> 0
B12: 2029 | C12: Febrero | D12: =+'Producto 4 Plano 29'!AE7 -> 6008110.1 | F12: =+E12*D12 -> 0
B13: 2029 | C13: Marzo | D13: =+'Producto 4 Plano 29'!AE8 -> 6651836.2 | F13: =+E13*D13 -> 0
B14: 2029 | C14: Abril | D14: =+'Producto 4 Plano 29'!AE9 -> 6437260.8 | F14: =+E14*D14 -> 0
B15: 2029 | C15: Mayo | D15: =+'Producto 4 Plano 29'!AE10 -> 6651836.2 | F15: =+E15*D15 -> 0
B16: 2029 | C16: Junio | D16: =+'Producto 4 Plano 29'!AE11 -> 6437260.8 | F16: =+E16*D16 -> 0
B17: 2029 | C17: Julio | D17: =+'Producto 4 Plano 29'!AE12 -> 6651836.2 | F17: =+E17*D17 -> 0
B18: 2029 | C18: Agosto | D18: =+'Producto 4 Plano 29'!AE13 -> 6651836.2 | F18: =+E18*D18 -> 0
B19: 2029 | C19: Septiembre | D19: =+'Producto 4 Plano 29'!AE14 -> 6437260.8 | F19: =+E19*D19 -> 0
B20: 2029 | C20: Octubre | D20: =+'Producto 4 Plano 29'!AE15 -> 6651836.2 | F20: =+E20*D20 -> 0
B21: 2029 | C21: Noviembre | D21: =+'Producto 4 Plano 29'!AE16 -> 6437260.8 | F21: =+E21*D21 -> 0
B22: 2029 | C22: Diciembre | D22: =+'Producto 4 Plano 29'!AE17 -> 6651836.2 | F22: =+E22*D22 -> 0 | H22: =SUM(D11:D22) -> 78320006 | I22: =+H22/1000 -> 78320.006
B23: Total Producto 4 | D23: =+SUM(D11:D22) -> 78320006 | I23: =+D23/1000 -> 78320.006
B25: E. Solicitada = Energía solicitada por RUITOQUE para el producto.
B26: % E. Ofertado = Porcentaje de energía ofertado por el agente respecto a la E. Solicitada.
B27: E. Ofertada = Energía ofertada por el agente, producto de la E. Solicitada y el % E. Ofertado.
B28: $/kWh = Tarifa de la oferta para todas las horas del mes.

Sheet Producto 5 Plano 30
B2: ANEXO 1 - CANTIDADES DE ENERGÍA SOLICITADA EN kWh
B3: PRODUCTO 5
B4: PERIODO 01 DE ENERO DEL 2030 A DICIEMBRE 31 DE 2030
C5: DIA | D5: 1 | E5: 2 | F5: 3 | G5: 4 | H5: 5 | I5: 6 | J5: 7 | K5: 8 | L5: 9 | M5: 10 | N5: 11 | O5: 12 | P5: 13 | Q5: 14 | R5: 15 | S5: 16 | T5: 17 | U5: 18 | V5: 19 | W5: 20 | X5: 21 | Y5: 22 | Z5: 23 | AA5: 24 | AB5: Total | AC5: No. DÍAS | AD5: Total
B6: 47484 | C6: Hábil | D6: 9115.3 | E6: 9115.3 | F6: 9115.3 | G6: 9115.3 | H6: 9115.3 | I6: 9115.3 | J6: 9115.3 | K6: 9115.3 | L6: 9115.3 | M6: 9115.3 | N6: 9115.3 | O6: 9115.3 | P6: 9115.3 | Q6: 9115.3 | R6: 9115.3 | S6: 9115.3 | T6: 9115.3 | U6: 9115.3 | V6: 9115.3 | W6: 9115.3 | X6: 9115.3 | Y6: 9115.3 | Z6: 9115.3 | AA6: 9115.3 | AB6: =(SUM(D6:AA6)) -> 218767.2 | AC6: 21 | AD6: =(AB6*AC6)+(AB7*AC7)+(AB8*AC8)+(AB9*AC9) -> 6781783.2 | AE6: =+AD6 -> 6781783.2
C7: Sábado | D7: 9115.3 | E7: 9115.3 | F7: 9115.3 | G7: 9115.3 | H7: 9115.3 | I7: 9115.3 | J7: 9115.3 | K7: 9115.3 | L7: 9115.3 | M7: 9115.3 | N7: 9115.3 | O7: 9115.3 | P7: 9115.3 | Q7: 9115.3 | R7: 9115.3 | S7: 9115.3 | T7: 9115.3 | U7: 9115.3 | V7: 9115.3 | W7: 9115.3 | X7: 9115.3 | Y7: 9115.3 | Z7: 9115.3 | AA7: 9115.3 | AB7: =(SUM(D7:AA7)) -> 218767.2 | AC7: 4 | AE7: =+AD10 -> 6125481.6
C8: Domingo | D8: 9115.3 | E8: 9115.3 | F8: 9115.3 | G8: 9115.3 | H8: 9115.3 | I8: 9115.3 | J8: 9115.3 | K8: 9115.3 | L8: 9115.3 | M8: 9115.3 | N8: 9115.3 | O8: 9115.3 | P8: 9115.3 | Q8: 9115.3 | R8: 9115.3 | S8: 9115.3 | T8: 9115.3 | U8: 9115.3 | V8: 9115.3 | W8: 9115.3 | X8: 9115.3 | Y8: 9115.3 | Z8: 9115.3 | AA8: 9115.3 | AB8: =(SUM(D8:AA8)) -> 218767.2 | AC8: 4 | AE8: =+AD14 -> 6781783.2
C9: Festivo | D9: 9115.3 | E9: 9115.3 | F9: 9115.3 | G9: 9115.3 | H9: 9115.3 | I9: 9115.3 | J9: 9115.3 | K9: 9115.3 | L9: 9115.3 | M9: 9115.3 | N9: 9115.3 | O9: 9115.3 | P9: 9115.3 | Q9: 9115.3 | R9: 9115.3 | S9: 9115.3 | T9: 9115.3 | U9: 9115.3 | V9: 9115.3 | W9: 9115.3 | X9: 9115.3 | Y9: 9115.3 | Z9: 9115.3 | AA9: 9115.3 | AB9: =(SUM(D9:AA9)) -> 218767.2 | AC9: 2 | AE9: =+AD18 -> 6563016
B10: 47515 | C10: Hábil | D10: 9115.3 | E10: 9115.3 | F10: 9115.3 | G10: 9115.3 | H10: 9115.3 | I10: 9115.3 | J10: 9115.3 | K10: 9115.3 | L10: 9115.3 | M10: 9115.3 | N10: 9115.3 | O10: 9115.3 | P10: 9115.3 | Q10: 9115.3 | R10: 9115.3 | S10: 9115.3 | T10: 9115.3 | U10: 9115.3 | V10: 9115.3 | W10: 9115.3 | X10: 9115.3 | Y10: 9115.3 | Z10: 9115.3 | AA10: 9115.3 | AB10: =(SUM(D10:AA10)) -> 218767.2 | AC10: 20 | AD10: =(AB10*AC10)+(AB11*AC11)+(AB12*AC12)+(AB13*AC13) -> 6125481.6 | AE10: =+AD22 -> 6781783.2
C11: Sábado | D11: 9115.3 | E11: 9115.3 | F11: 9115.3 | G11: 9115.3 | H11: 9115.3 | I11: 9115.3 | J11: 9115.3 | K11: 9115.3 | L11: 9115.3 | M11: 9115.3 | N11: 9115.3 | O11: 9115.3 | P11: 9115.3 | Q11: 9115.3 | R11: 9115.3 | S11: 9115.3 | T11: 9115.3 | U11: 9115.3 | V11: 9115.3 | W11: 9115.3 | X11: 9115.3 | Y11: 9115.3 | Z11: 9115.3 | AA11: 9115.3 | AB11: =(SUM(D11:AA11)) -> 218767.2 | AC11: 4 | AE11: =+AD26 -> 6563016
C12: Domingo | D12: 9115.3 | E12: 9115.3 | F12: 9115.3 | G12: 9115.3 | H12: 9115.3 | I12: 9115.3 | J12: 9115.3 | K12: 9115.3 | L12: 9115.3 | M12: 9115.3 | N12: 9115.3 | O12: 9115.3 | P12: 9115.3 | Q12: 9115.3 | R12: 9115.3 | S12: 9115.3 | T12: 9115.3 | U12: 9115.3 | V12: 9115.3 | W12: 9115.3 | X12: 9115.3 | Y12: 9115.3 | Z12: 9115.3 | AA12: 9115.3 | AB12: =(SUM(D12:AA12)) -> 218767.2 | AC12: 4 | AE12: =+AD30 -> 6781783.2
C13: Festivo | D13: 9115.3 | E13: 9115.3 | F13: 9115.3 | G13: 9115.3 | H13: 9115.3 | I13: 9115.3 | J13: 9115.3 | K13: 9115.3 | L13: 9115.3 | M13: 9115.3 | N13: 9115.3 | O13: 9115.3 | P13: 9115.3 | Q13: 9115.3 | R13: 9115.3 | S13: 9115.3 | T13: 9115.3 | U13: 9115.3 | V13: 9115.3 | W13: 9115.3 | X13: 9115.3 | Y13: 9115.3 | Z13: 9115.3 | AA13: 9115.3 | AB13: =(SUM(D13:AA13)) -> 218767.2 | AC13: 0 | AE13: =+AD34 -> 6781783.2
B14: 47543 | C14: Hábil | D14: 9115.3 | E14: 9115.3 | F14: 9115.3 | G14: 9115.3 | H14: 9115.3 | I14: 9115.3 | J14: 9115.3 | K14: 9115.3 | L14: 9115.3 | M14: 9115.3 | N14: 9115.3 | O14: 9115.3 | P14: 9115.3 | Q14: 9115.3 | R14: 9115.3 | S14: 9115.3 | T14: 9115.3 | U14: 9115.3 | V14: 9115.3 | W14: 9115.3 | X14: 9115.3 | Y14: 9115.3 | Z14: 9115.3 | AA14: 9115.3 | AB14: =(SUM(D14:AA14)) -> 218767.2 | AC14: 20 | AD14: =(AB14*AC14)+(AB15*AC15)+(AB16*AC16)+(AB17*AC17) -> 6781783.2 | AE14: =+AD38 -> 6563016
C15: Sábado | D15: 9115.3 | E15: 9115.3 | F15: 9115.3 | G15: 9115.3 | H15: 9115.3 | I15: 9115.3 | J15: 9115.3 | K15: 9115.3 | L15: 9115.3 | M15: 9115.3 | N15: 9115.3 | O15: 9115.3 | P15: 9115.3 | Q15: 9115.3 | R15: 9115.3 | S15: 9115.3 | T15: 9115.3 | U15: 9115.3 | V15: 9115.3 | W15: 9115.3 | X15: 9115.3 | Y15: 9115.3 | Z15: 9115.3 | AA15: 9115.3 | AB15: =(SUM(D15:AA15)) -> 218767.2 | AC15: 5 | AE15: =+AD42 -> 6781783.2
C16: Domingo | D16: 9115.3 | E16: 9115.3 | F16: 9115.3 | G16: 9115.3 | H16: 9115.3 | I16: 9115.3 | J16: 9115.3 | K16: 9115.3 | L16: 9115.3 | M16: 9115.3 | N16: 9115.3 | O16: 9115.3 | P16: 9115.3 | Q16: 9115.3 | R16: 9115.3 | S16: 9115.3 | T16: 9115.3 | U16: 9115.3 | V16: 9115.3 | W16: 9115.3 | X16: 9115.3 | Y16: 9115.3 | Z16: 9115.3 | AA16: 9115.3 | AB16: =(SUM(D16:AA16)) -> 218767.2 | AC16: 5 | AE16: =+AD46 -> 6563016
C17: Festivo | D17: 9115.3 | E17: 9115.3 | F17: 9115.3 | G17: 9115.3 | H17: 9115.3 | I17: 9115.3 | J17: 9115.3 | K17: 9115.3 | L17: 9115.3 | M17: 9115.3 | N17: 9115.3 | O17: 9115.3 | P17: 9115.3 | Q17: 9115.3 | R17: 9115.3 | S17: 9115.3 | T17: 9115.3 | U17: 9115.3 | V17: 9115.3 | W17: 9115.3 | X17: 9115.3 | Y17: 9115.3 | Z17: 9115.3 | AA17: 9115.3 | AB17: =(SUM(D17:AA17)) -> 218767.2 | AC17: 1 | AE17: =+AD50 -> 6781783.2
B18: 47574 | C18: Hábil | D18: 9115.3 | E18: 9115.3 | F18: 9115.3 | G18: 9115.3 | H18: 9115.3 | I18: 9115.3 | J18: 9115.3 | K18: 9115.3 | L18: 9115.3 | M18: 9115.3 | N18: 9115.3 | O18: 9115.3 | P18: 9115.3 | Q18: 9115.3 | R18: 9115.3 | S18: 9115.3 | T18: 9115.3 | U18: 9115.3 | V18: 9115.3 | W18: 9115.3 | X18: 9115.3 | Y18: 9115.3 | Z18: 9115.3 | AA18: 9115.3 | AB18: =(SUM(D18:AA18)) -> 218767.2 | AC18: 20 | AD18: =(AB18*AC18)+(AB19*AC19)+(AB20*AC20)+(AB21*AC21) -> 6563016
C19: Sábado | D19: 9115.3 | E19: 9115.3 | F19: 9115.3 | G19: 9115.3 | H19: 9115.3 | I19: 9115.3 | J19: 9115.3 | K19: 9115.3 | L19: 9115.3 | M19: 9115.3 | N19: 9115.3 | O19: 9115.3 | P19: 9115.3 | Q19: 9115.3 | R19: 9115.3 | S19: 9115.3 | T19: 9115.3 | U19: 9115.3 | V19: 9115.3 | W19: 9115.3 | X19: 9115.3 | Y19: 9115.3 | Z19: 9115.3 | AA19: 9115.3 | AB19: =(SUM(D19:AA19)) -> 218767.2 | AC19: 4
C20: Domingo | D20: 9115.3 | E20: 9115.3 | F20: 9115.3 | G20: 9115.3 | H20: 9115.3 | I20: 9115.3 | J20: 9115.3 | K20: 9115.3 | L20: 9115.3 | M20: 9115.3 | N20: 9115.3 | O20: 9115.3 | P20: 9115.3 | Q20: 9115.3 | R20: 9115.3 | S20: 9115.3 | T20: 9115.3 | U20: 9115.3 | V20: 9115.3 | W20: 9115.3 | X20: 9115.3 | Y20: 9115.3 | Z20: 9115.3 | AA20: 9115.3 | AB20: =(SUM(D20:AA20)) -> 218767.2 | AC20: 4
C21: Festivo | D21: 9115.3 | E21: 9115.3 | F21: 9115.3 | G21: 9115.3 | H21: 9115.3 | I21: 9115.3 | J21: 9115.3 | K21: 9115.3 | L21: 9115.3 | M21: 9115.3 | N21: 9115.3 | O21: 9115.3 | P21: 9115.3 | Q21: 9115.3 | R21: 9115.3 | S21: 9115.3 | T21: 9115.3 | U21: 9115.3 | V21: 9115.3 | W21: 9115.3 | X21: 9115.3 | Y21: 9115.3 | Z21: 9115.3 | AA21: 9115.3 | AB21: =(SUM(D21:AA21)) -> 218767.2 | AC21: 2
B22: 47604 | C22: Hábil | D22: 9115.3 | E22: 9115.3 | F22: 9115.3 | G22: 9115.3 | H22: 9115.3 | I22: 9115.3 | J22: 9115.3 | K22: 9115.3 | L22: 9115.3 | M22: 9115.3 | N22: 9115.3 | O22: 9115.3 | P22: 9115.3 | Q22: 9115.3 | R22: 9115.3 | S22: 9115.3 | T22: 9115.3 | U22: 9115.3 | V22: 9115.3 | W22: 9115.3 | X22: 9115.3 | Y22: 9115.3 | Z22: 9115.3 | AA22: 9115.3 | AB22: =(SUM(D22:AA22)) -> 218767.2 | AC22: 22 | AD22: =(AB22*AC22)+(AB23*AC23)+(AB24*AC24)+(AB25*AC25) -> 6781783.2
C23: Sábado | D23: 9115.3 | E23: 9115.3 | F23: 9115.3 | G23: 9115.3 | H23: 9115.3 | I23: 9115.3 | J23: 9115.3 | K23: 9115.3 | L23: 9115.3 | M23: 9115.3 | N23: 9115.3 | O23: 9115.3 | P23: 9115.3 | Q23: 9115.3 | R23: 9115.3 | S23: 9115.3 | T23: 9115.3 | U23: 9115.3 | V23: 9115.3 | W23: 9115.3 | X23: 9115.3 | Y23: 9115.3 | Z23: 9115.3 | AA23: 9115.3 | AB23: =(SUM(D23:AA23)) -> 218767.2 | AC23: 4
C24: Domingo | D24: 9115.3 | E24: 9115.3 | F24: 9115.3 | G24: 9115.3 | H24: 9115.3 | I24: 9115.3 | J24: 9115.3 | K24: 9115.3 | L24: 9115.3 | M24: 9115.3 | N24: 9115.3 | O24: 9115.3 | P24: 9115.3 | Q24: 9115.3 | R24: 9115.3 | S24: 9115.3 | T24: 9115.3 | U24: 9115.3 | V24: 9115.3 | W24: 9115.3 | X24: 9115.3 | Y24: 9115.3 | Z24: 9115.3 | AA24: 9115.3 | AB24: =(SUM(D24:AA24)) -> 218767.2 | AC24: 4
C25: Festivo | D25: 9115.3 | E25: 9115.3 | F25: 9115.3 | G25: 9115.3 | H25: 9115.3 | I25: 9115.3 | J25: 9115.3 | K25: 9115.3 | L25: 9115.3 | M25: 9115.3 | N25: 9115.3 | O25: 9115.3 | P25: 9115.3 | Q25: 9115.3 | R25: 9115.3 | S25: 9115.3 | T25: 9115.3 | U25: 9115.3 | V25: 9115.3 | W25: 9115.3 | X25: 9115.3 | Y25: 9115.3 | Z25: 9115.3 | AA25: 9115.3 | AB25: =(SUM(D25:AA25)) -> 218767.2 | AC25: 1
B26: 47635 | C26: Hábil | D26: 9115.3 | E26: 9115.3 | F26: 9115.3 | G26: 9115.3 | H26: 9115.3 | I26: 9115.3 | J26: 9115.3 | K26: 9115.3 | L26: 9115.3 | M26: 9115.3 | N26: 9115.3 | O26: 9115.3 | P26: 9115.3 | Q26: 9115.3 | R26: 9115.3 | S26: 9115.3 | T26: 9115.3 | U26: 9115.3 | V26: 9115.3 | W26: 9115.3 | X26: 9115.3 | Y26: 9115.3 | Z26: 9115.3 | AA26: 9115.3 | AB26: =(SUM(D26:AA26)) -> 218767.2 | AC26: 18 | AD26: =(AB26*AC26)+(AB27*AC27)+(AB28*AC28)+(AB29*AC29) -> 6563016
C27: Sábado | D27: 9115.3 | E27: 9115.3 | F27: 9115.3 | G27: 9115.3 | H27: 9115.3 | I27: 9115.3 | J27: 9115.3 | K27: 9115.3 | L27: 9115.3 | M27: 9115.3 | N27: 9115.3 | O27: 9115.3 | P27: 9115.3 | Q27: 9115.3 | R27: 9115.3 | S27: 9115.3 | T27: 9115.3 | U27: 9115.3 | V27: 9115.3 | W27: 9115.3 | X27: 9115.3 | Y27: 9115.3 | Z27: 9115.3 | AA27: 9115.3 | AB27: =(SUM(D27:AA27)) -> 218767.2 | AC27: 5
C28: Domingo | D28: 9115.3 | E28: 9115.3 | F28: 9115.3 | G28: 9115.3 | H28: 9115.3 | I28: 9115.3 | J28: 9115.3 | K28: 9115.3 | L28: 9115.3 | M28: 9115.3 | N28: 9115.3 | O28: 9115.3 | P28: 9115.3 | Q28: 9115.3 | R28: 9115.3 | S28: 9115.3 | T28: 9115.3 | U28: 9115.3 | V28: 9115.3 | W28: 9115.3 | X28: 9115.3 | Y28: 9115.3 | Z28: 9115.3 | AA28: 9115.3 | AB28: =(SUM(D28:AA28)) -> 218767.2 | AC28: 5
C29: Festivo | D29: 9115.3 | E29: 9115.3 | F29: 9115.3 | G29: 9115.3 | H29: 9115.3 | I29: 9115.3 | J29: 9115.3 | K29: 9115.3 | L29: 9115.3 | M29: 9115.3 | N29: 9115.3 | O29: 9115.3 | P29: 9115.3 | Q29: 9115.3 | R29: 9115.3 | S29: 9115.3 | T29: 9115.3 | U29: 9115.3 | V29: 9115.3 | W29: 9115.3 | X29: 9115.3 | Y29: 9115.3 | Z29: 9115.3 | AA29: 9115.3 | AB29: =(SUM(D29:AA29)) -> 218767.2 | AC29: 2
B30: 47665 | C30: Hábil | D30: 9115.3 | E30: 9115.3 | F30: 9115.3 | G30: 9115.3 | H30: 9115.3 | I30: 9115.3 | J30: 9115.3 | K30: 9115.3 | L30: 9115.3 | M30: 9115.3 | N30: 9115.3 | O30: 9115.3 | P30: 9115.3 | Q30: 9115.3 | R30: 9115.3 | S30: 9115.3 | T30: 9115.3 | U30: 9115.3 | V30: 9115.3 | W30: 9115.3 | X30: 9115.3 | Y30: 9115.3 | Z30: 9115.3 | AA30: 9115.3 | AB30: =(SUM(D30:AA30)) -> 218767.2 | AC30: 22 | AD30: =(AB30*AC30)+(AB31*AC31)+(AB32*AC32)+(AB33*AC33) -> 6781783.2
C31: Sábado | D31: 9115.3 | E31: 9115.3 | F31: 9115.3 | G31: 9115.3 | H31: 9115.3 | I31: 9115.3 | J31: 9115.3 | K31: 9115.3 | L31: 9115.3 | M31: 9115.3 | N31: 9115.3 | O31: 9115.3 | P31: 9115.3 | Q31: 9115.3 | R31: 9115.3 | S31: 9115.3 | T31: 9115.3 | U31: 9115.3 | V31: 9115.3 | W31: 9115.3 | X31: 9115.3 | Y31: 9115.3 | Z31: 9115.3 | AA31: 9115.3 | AB31: =(SUM(D31:AA31)) -> 218767.2 | AC31: 3
C32: domingo | D32: 9115.3 | E32: 9115.3 | F32: 9115.3 | G32: 9115.3 | H32: 9115.3 | I32: 9115.3 | J32: 9115.3 | K32: 9115.3 | L32: 9115.3 | M32: 9115.3 | N32: 9115.3 | O32: 9115.3 | P32: 9115.3 | Q32: 9115.3 | R32: 9115.3 | S32: 9115.3 | T32: 9115.3 | U32: 9115.3 | V32: 9115.3 | W32: 9115.3 | X32: 9115.3 | Y32: 9115.3 | Z32: 9115.3 | AA32: 9115.3 | AB32: =(SUM(D32:AA32)) -> 218767.2 | AC32: 4
C33: Festivo | D33: 9115.3 | E33: 9115.3 | F33: 9115.3 | G33: 9115.3 | H33: 9115.3 | I33: 9115.3 | J33: 9115.3 | K33: 9115.3 | L33: 9115.3 | M33: 9115.3 | N33: 9115.3 | O33: 9115.3 | P33: 9115.3 | Q33: 9115.3 | R33: 9115.3 | S33: 9115.3 | T33: 9115.3 | U33: 9115.3 | V33: 9115.3 | W33: 9115.3 | X33: 9115.3 | Y33: 9115.3 | Z33: 9115.3 | AA33: 9115.3 | AB33: =(SUM(D33:AA33)) -> 218767.2 | AC33: 2
B34: 47696 | C34: Hábil | D34: 9115.3 | E34: 9115.3 | F34: 9115.3 | G34: 9115.3 | H34: 9115.3 | I34: 9115.3 | J34: 9115.3 | K34: 9115.3 | L34: 9115.3 | M34: 9115.3 | N34: 9115.3 | O34: 9115.3 | P34: 9115.3 | Q34: 9115.3 | R34: 9115.3 | S34: 9115.3 | T34: 9115.3 | U34: 9115.3 | V34: 9115.3 | W34: 9115.3 | X34: 9115.3 | Y34: 9115.3 | Z34: 9115.3 | AA34: 9115.3 | AB34: =(SUM(D34:AA34)) -> 218767.2 | AC34: 20 | AD34: =(AB34*AC34)+(AB35*AC35)+(AB36*AC36)+(AB37*AC37) -> 6781783.2
C35: Sábado | D35: 9115.3 | E35: 9115.3 | F35: 9115.3 | G35: 9115.3 | H35: 9115.3 | I35: 9115.3 | J35: 9115.3 | K35: 9115.3 | L35: 9115.3 | M35: 9115.3 | N35: 9115.3 | O35: 9115.3 | P35: 9115.3 | Q35: 9115.3 | R35: 9115.3 | S35: 9115.3 | T35: 9115.3 | U35: 9115.3 | V35: 9115.3 | W35: 9115.3 | X35: 9115.3 | Y35: 9115.3 | Z35: 9115.3 | AA35: 9115.3 | AB35: =(SUM(D35:AA35)) -> 218767.2 | AC35: 5
C36: Domingo | D36: 9115.3 | E36: 9115.3 | F36: 9115.3 | G36: 9115.3 | H36: 9115.3 | I36: 9115.3 | J36: 9115.3 | K36: 9115.3 | L36: 9115.3 | M36: 9115.3 | N36: 9115.3 | O36: 9115.3 | P36: 9115.3 | Q36: 9115.3 | R36: 9115.3 | S36: 9115.3 | T36: 9115.3 | U36: 9115.3 | V36: 9115.3 | W36: 9115.3 | X36: 9115.3 | Y36: 9115.3 | Z36: 9115.3 | AA36: 9115.3 | AB36: =(SUM(D36:AA36)) -> 218767.2 | AC36: 4
C37: Festivo | D37: 9115.3 | E37: 9115.3 | F37: 9115.3 | G37: 9115.3 | H37: 9115.3 | I37: 9115.3 | J37: 9115.3 | K37: 9115.3 | L37: 9115.3 | M37: 9115.3 | N37: 9115.3 | O37: 9115.3 | P37: 9115.3 | Q37: 9115.3 | R37: 9115.3 | S37: 9115.3 | T37: 9115.3 | U37: 9115.3 | V37: 9115.3 | W37: 9115.3 | X37: 9115.3 | Y37: 9115.3 | Z37: 9115.3 | AA37: 9115.3 | AB37: =(SUM(D37:AA37)) -> 218767.2 | AC37: 2
B38: 47727 | C38: Hábil | D38: 9115.3 | E38: 9115.3 | F38: 9115.3 | G38: 9115.3 | H38: 9115.3 | I38: 9115.3 | J38: 9115.3 | K38: 9115.3 | L38: 9115.3 | M38: 9115.3 | N38: 9115.3 | O38: 9115.3 | P38: 9115.3 | Q38: 9115.3 | R38: 9115.3 | S38: 9115.3 | T38: 9115.3 | U38: 9115.3 | V38: 9115.3 | W38: 9115.3 | X38: 9115.3 | Y38: 9115.3 | Z38: 9115.3 | AA38: 9115.3 | AB38: =(SUM(D38:AA38)) -> 218767.2 | AC38: 21 | AD38: =(AB38*AC38)+(AB39*AC39)+(AB40*AC40)+(AB41*AC41) -> 6563016
C39: Sábado | D39: 9115.3 | E39: 9115.3 | F39: 9115.3 | G39: 9115.3 | H39: 9115.3 | I39: 9115.3 | J39: 9115.3 | K39: 9115.3 | L39: 9115.3 | M39: 9115.3 | N39: 9115.3 | O39: 9115.3 | P39: 9115.3 | Q39: 9115.3 | R39: 9115.3 | S39: 9115.3 | T39: 9115.3 | U39: 9115.3 | V39: 9115.3 | W39: 9115.3 | X39: 9115.3 | Y39: 9115.3 | Z39: 9115.3 | AA39: 9115.3 | AB39: =(SUM(D39:AA39)) -> 218767.2 | AC39: 4
C40: Domingo | D40: 9115.3 | E40: 9115.3 | F40: 9115.3 | G40: 9115.3 | H40: 9115.3 | I40: 9115.3 | J40: 9115.3 | K40: 9115.3 | L40: 9115.3 | M40: 9115.3 | N40: 9115.3 | O40: 9115.3 | P40: 9115.3 | Q40: 9115.3 | R40: 9115.3 | S40: 9115.3 | T40: 9115.3 | U40: 9115.3 | V40: 9115.3 | W40: 9115.3 | X40: 9115.3 | Y40: 9115.3 | Z40: 9115.3 | AA40: 9115.3 | AB40: =(SUM(D40:AA40)) -> 218767.2 | AC40: 5
C41: Festivo | D41: 9115.3 | E41: 9115.3 | F41: 9115.3 | G41: 9115.3 | H41: 9115.3 | I41: 9115.3 | J41: 9115.3 | K41: 9115.3 | L41: 9115.3 | M41: 9115.3 | N41: 9115.3 | O41: 9115.3 | P41: 9115.3 | Q41: 9115.3 | R41: 9115.3 | S41: 9115.3 | T41: 9115.3 | U41: 9115.3 | V41: 9115.3 | W41: 9115.3 | X41: 9115.3 | Y41: 9115.3 | Z41: 9115.3 | AA41: 9115.3 | AB41: =(SUM(D41:AA41)) -> 218767.2 | AC41: 0
B42: 47757 | C42: Hábil | D42: 9115.3 | E42: 9115.3 | F42: 9115.3 | G42: 9115.3 | H42: 9115.3 | I42: 9115.3 | J42: 9115.3 | K42: 9115.3 | L42: 9115.3 | M42: 9115.3 | N42: 9115.3 | O42: 9115.3 | P42: 9115.3 | Q42: 9115.3 | R42: 9115.3 | S42: 9115.3 | T42: 9115.3 | U42: 9115.3 | V42: 9115.3 | W42: 9115.3 | X42: 9115.3 | Y42: 9115.3 | Z42: 9115.3 | AA42: 9115.3 | AB42: =(SUM(D42:AA42)) -> 218767.2 | AC42: 22 | AD42: =(AB42*AC42)+(AB43*AC43)+(AB44*AC44)+(AB45*AC45) -> 6781783.2
C43: Sábado | D43: 9115.3 | E43: 9115.3 | F43: 9115.3 | G43: 9115.3 | H43: 9115.3 | I43: 9115.3 | J43: 9115.3 | K43: 9115.3 | L43: 9115.3 | M43: 9115.3 | N43: 9115.3 | O43: 9115.3 | P43: 9115.3 | Q43: 9115.3 | R43: 9115.3 | S43: 9115.3 | T43: 9115.3 | U43: 9115.3 | V43: 9115.3 | W43: 9115.3 | X43: 9115.3 | Y43: 9115.3 | Z43: 9115.3 | AA43: 9115.3 | AB43: =(SUM(D43:AA43)) -> 218767.2 | AC43: 4
C44: Domingo | D44: 9115.3 | E44: 9115.3 | F44: 9115.3 | G44: 9115.3 | H44: 9115.3 | I44: 9115.3 | J44: 9115.3 | K44: 9115.3 | L44: 9115.3 | M44: 9115.3 | N44: 9115.3 | O44: 9115.3 | P44: 9115.3 | Q44: 9115.3 | R44: 9115.3 | S44: 9115.3 | T44: 9115.3 | U44: 9115.3 | V44: 9115.3 | W44: 9115.3 | X44: 9115.3 | Y44: 9115.3 | Z44: 9115.3 | AA44: 9115.3 | AB44: =(SUM(D44:AA44)) -> 218767.2 | AC44: 4
C45: Festivo | D45: 9115.3 | E45: 9115.3 | F45: 9115.3 | G45: 9115.3 | H45: 9115.3 | I45: 9115.3 | J45: 9115.3 | K45: 9115.3 | L45: 9115.3 | M45: 9115.3 | N45: 9115.3 | O45: 9115.3 | P45: 9115.3 | Q45: 9115.3 | R45: 9115.3 | S45: 9115.3 | T45: 9115.3 | U45: 9115.3 | V45: 9115.3 | W45: 9115.3 | X45: 9115.3 | Y45: 9115.3 | Z45: 9115.3 | AA45: 9115.3 | AB45: =(SUM(D45:AA45)) -> 218767.2 | AC45: 1
B46: 47788 | C46: Hábil | D46: 9115.3 | E46: 9115.3 | F46: 9115.3 | G46: 9115.3 | H46: 9115.3 | I46: 9115.3 | J46: 9115.3 | K46: 9115.3 | L46: 9115.3 | M46: 9115.3 | N46: 9115.3 | O46: 9115.3 | P46: 9115.3 | Q46: 9115.3 | R46: 9115.3 | S46: 9115.3 | T46: 9115.3 | U46: 9115.3 | V46: 9115.3 | W46: 9115.3 | X46: 9115.3 | Y46: 9115.3 | Z46: 9115.3 | AA46: 9115.3 | AB46: =(SUM(D46:AA46)) -> 218767.2 | AC46: 19 | AD46: =(AB46*AC46)+(AB47*AC47)+(AB48*AC48)+(AB49*AC49) -> 6563016
C47: Sábado | D47: 9115.3 | E47: 9115.3 | F47: 9115.3 | G47: 9115.3 | H47: 9115.3 | I47: 9115.3 | J47: 9115.3 | K47: 9115.3 | L47: 9115.3 | M47: 9115.3 | N47: 9115.3 | O47: 9115.3 | P47: 9115.3 | Q47: 9115.3 | R47: 9115.3 | S47: 9115.3 | T47: 9115.3 | U47: 9115.3 | V47: 9115.3 | W47: 9115.3 | X47: 9115.3 | Y47: 9115.3 | Z47: 9115.3 | AA47: 9115.3 | AB47: =(SUM(D47:AA47)) -> 218767.2 | AC47: 5
C48: Domingo | D48: 9115.3 | E48: 9115.3 | F48: 9115.3 | G48: 9115.3 | H48: 9115.3 | I48: 9115.3 | J48: 9115.3 | K48: 9115.3 | L48: 9115.3 | M48: 9115.3 | N48: 9115.3 | O48: 9115.3 | P48: 9115.3 | Q48: 9115.3 | R48: 9115.3 | S48: 9115.3 | T48: 9115.3 | U48: 9115.3 | V48: 9115.3 | W48: 9115.3 | X48: 9115.3 | Y48: 9115.3 | Z48: 9115.3 | AA48: 9115.3 | AB48: =(SUM(D48:AA48)) -> 218767.2 | AC48: 4
C49: Festivo | D49: 9115.3 | E49: 9115.3 | F49: 9115.3 | G49: 9115.3 | H49: 9115.3 | I49: 9115.3 | J49: 9115.3 | K49: 9115.3 | L49: 9115.3 | M49: 9115.3 | N49: 9115.3 | O49: 9115.3 | P49: 9115.3 | Q49: 9115.3 | R49: 9115.3 | S49: 9115.3 | T49: 9115.3 | U49: 9115.3 | V49: 9115.3 | W49: 9115.3 | X49: 9115.3 | Y49: 9115.3 | Z49: 9115.3 | AA49: 9115.3 | AB49: =(SUM(D49:AA49)) -> 218767.2 | AC49: 2
B50: 47818 | C50: Hábil | D50: 9115.3 | E50: 9115.3 | F50: 9115.3 | G50: 9115.3 | H50: 9115.3 | I50: 9115.3 | J50: 9115.3 | K50: 9115.3 | L50: 9115.3 | M50: 9115.3 | N50: 9115.3 | O50: 9115.3 | P50: 9115.3 | Q50: 9115.3 | R50: 9115.3 | S50: 9115.3 | T50: 9115.3 | U50: 9115.3 | V50: 9115.3 | W50: 9115.3 | X50: 9115.3 | Y50: 9115.3 | Z50: 9115.3 | AA50: 9115.3 | AB50: =(SUM(D50:AA50)) -> 218767.2 | AC50: 21 | AD50: =(AB50*AC50)+(AB51*AC51)+(AB52*AC52)+(AB53*AC53) -> 6781783.2
C51: Sábado | D51: 9115.3 | E51: 9115.3 | F51: 9115.3 | G51: 9115.3 | H51: 9115.3 | I51: 9115.3 | J51: 9115.3 | K51: 9115.3 | L51: 9115.3 | M51: 9115.3 | N51: 9115.3 | O51: 9115.3 | P51: 9115.3 | Q51: 9115.3 | R51: 9115.3 | S51: 9115.3 | T51: 9115.3 | U51: 9115.3 | V51: 9115.3 | W51: 9115.3 | X51: 9115.3 | Y51: 9115.3 | Z51: 9115.3 | AA51: 9115.3 | AB51: =(SUM(D51:AA51)) -> 218767.2 | AC51: 4
C52: Domingo | D52: 9115.3 | E52: 9115.3 | F52: 9115.3 | G52: 9115.3 | H52: 9115.3 | I52: 9115.3 | J52: 9115.3 | K52: 9115.3 | L52: 9115.3 | M52: 9115.3 | N52: 9115.3 | O52: 9115.3 | P52: 9115.3 | Q52: 9115.3 | R52: 9115.3 | S52: 9115.3 | T52: 9115.3 | U52: 9115.3 | V52: 9115.3 | W52: 9115.3 | X52: 9115.3 | Y52: 9115.3 | Z52: 9115.3 | AA52: 9115.3 | AB52: =(SUM(D52:AA52)) -> 218767.2 | AC52: 4
C53: Festivo | D53: 9115.3 | E53: 9115.3 | F53: 9115.3 | G53: 9115.3 | H53: 9115.3 | I53: 9115.3 | J53: 9115.3 | K53: 9115.3 | L53: 9115.3 | M53: 9115.3 | N53: 9115.3 | O53: 9115.3 | P53: 9115.3 | Q53: 9115.3 | R53: 9115.3 | S53: 9115.3 | T53: 9115.3 | U53: 9115.3 | V53: 9115.3 | W53: 9115.3 | X53: 9115.3 | Y53: 9115.3 | Z53: 9115.3 | AA53: 9115.3 | AB53: =(SUM(D53:AA53)) -> 218767.2 | AC53: 2
AD54: =SUM(AD6:AD53) -> 79850028

Sheet Anexo 2 Producto 5
B4: ANEXO 2 - OFERTA PRODUCTO 5
B5: NOMBRE DEL OFERENTE
B6: PRECIOS Y CANTIDADES DE ENERGIA OFERTADA
B7: EN PESOS DE ENERO 2025
B8: PRODUCTO 5
B9: AÑO | C9: MES | D9: PERIODO 2030
D10: E. Solicitada [kWh] | E10: % E. Ofertado | F10: E. Ofertada [kWh] | G10: $/kWh
B11: 2030 | C11: Enero | D11: =+'Producto 5 Plano 30'!AE6 -> 6781783.2 | F11: =+E11*D11 -> 0
B12: 2030 | C12: Febrero | D12: =+'Producto 5 Plano 30'!AE7 -> 6125481.6 | F12: =+E12*D12 -> 0
B13: 2030 | C13: Marzo | D13: =+'Producto 5 Plano 30'!AE8 -> 6781783.2 | F13: =+E13*D13 -> 0
B14: 2030 | C14: Abril | D14: =+'Producto 5 Plano 30'!AE9 -> 6563016 | F14: =+E14*D14 -> 0
B15: 2030 | C15: Mayo | D15: =+'Producto 5 Plano 30'!AE10 -> 6781783.2 | F15: =+E15*D15 -> 0
B16: 2030 | C16: Junio | D16: =+'Producto 5 Plano 30'!AE11 -> 6563016 | F16: =+E16*D16 -> 0
B17: 2030 | C17: Julio | D17: =+'Producto 5 Plano 30'!AE12 -> 6781783.2 | F17: =+E17*D17 -> 0
B18: 2030 | C18: Agosto | D18: =+'Producto 5 Plano 30'!AE13 -> 6781783.2 | F18: =+E18*D18 -> 0
B19: 2030 | C19: Septiembre | D19: =+'Producto 5 Plano 30'!AE14 -> 6563016 | F19: =+E19*D19 -> 0
B20: 2030 | C20: Octubre | D20: =+'Producto 5 Plano 30'!AE15 -> 6781783.2 | F20: =+E20*D20 -> 0
B21: 2030 | C21: Noviembre | D21: =+'Producto 5 Plano 30'!AE16 -> 6563016 | F21: =+E21*D21 -> 0
B22: 2030 | C22: Diciembre | D22: =+'Producto 5 Plano 30'!AE17 -> 6781783.2 | F22: =+E22*D22 -> 0 | H22: =SUM(D11:D22) -> 79850028 | I22: =+H22/1000 -> 79850.028
B23: Total Producto 5 | D23: =+SUM(D11:D22) -> 79850028 | I23: =+D23/1000 -> 79850.028
B25: E. Solicitada = Energía solicitada por RUITOQUE para el producto.
B26: % E. Ofertado = Porcentaje de energía ofertado por el agente respecto a la E. Solicitada.
B27: E. Ofertada = Energía ofertada por el agente, producto de la E. Solicitada y el % E. Ofertado.
B28: $/kWh = Tarifa de la oferta para todas las horas del mes.
