Workbook

Sheet Cantidades - Producto 1
A1: Cantidad Ofrecida | B1: Tipo de día | C1: N° días mes | D1: MES-AÑO | E1: H1 | F1: H2 | G1: H3 | H1: H4 | I1: H5 | J1: H6 | K1: H7 | L1: H8 | M1: H9 | N1: H10 | O1: H11 | P1: H12 | Q1: H13 | R1: H14 | S1: H15 | T1: H16 | U1: H17 | V1: H18 | W1: H19 | X1: H20 | Y1: H21 | Z1: H22 | AA1: H23 | AB1: H24 | AC1: TOTAL | AD1: TOTAL MES
A2: CANTIDADES 2025
B3: ORD. | C3: 20 | D3: 45748 | E3: 3694.45 | F3: 3694.45 | G3: 3694.45 | H3: 3694.45 | I3: 3694.45 | J3: 3694.45 | K3: 3694.45 | L3: 3694.45 | M3: 3694.45 | N3: 3694.45 | O3: 3694.45 | P3: 3694.45 | Q3: 3694.45 | R3: 3694.45 | S3: 3694.45 | T3: 3694.45 | U3: 3694.45 | V3: 3694.45 | W3: 3694.45 | X3: 3694.45 | Y3: 3694.45 | Z3: 3694.45 | AA3: 3694.45 | AB3: 3694.45 | AC3: =SUM(E3:AB3)*C3 -> 1773336
B4: SAB. | C4: 4 | E4: 3694.45 | F4: 3694.45 | G4: 3694.45 | H4: 3694.45 | I4: 3694.45 | J4: 3694.45 | K4: 3694.45 | L4: 3694.45 | M4: 3694.45 | N4: 3694.45 | O4: 3694.45 | P4: 3694.45 | Q4: 3694.45 | R4: 3694.45 | S4: 3694.45 | T4: 3694.45 | U4: 3694.45 | V4: 3694.45 | W4: 3694.45 | X4: 3694.45 | Y4: 3694.45 | Z4: 3694.45 | AA4: 3694.45 | AB4: 3694.45 | AC4: =SUM(E4:AB4)*C4 -> 354667.2
B5: DOM- FES | C5: 6 | E5: 3694.45 | F5: 3694.45 | G5: 3694.45 | H5: 3694.45 | I5: 3694.45 | J5: 3694.45 | K5: 3694.45 | L5: 3694.45 | M5: 3694.45 | N5: 3694.45 | O5: 3694.45 | P5: 3694.45 | Q5: 3694.45 | R5: 3694.45 | S5: 3694.45 | T5: 3694.45 | U5: 3694.45 | V5: 3694.45 | W5: 3694.45 | X5: 3694.45 | Y5: 3694.45 | Z5: 3694.45 | AA5: 3694.45 | AB5: 3694.45 | AC5: =SUM(E5:AB5)*C5 -> 532000.8 | AD5: =+AC3+AC4+AC5 -> 2660004
B7: ORD. | C7: 21 | D7: 45778 | E7: 3941.44 | F7: 3941.44 | G7: 3941.44 | H7: 3941.44 | I7: 3941.44 | J7: 3941.44 | K7: 3941.44 | L7: 3941.44 | M7: 3941.44 | N7: 3941.44 | O7: 3941.44 | P7: 3941.44 | Q7: 3941.44 | R7: 3941.44 | S7: 3941.44 | T7: 3941.44 | U7: 3941.44 | V7: 3941.44 | W7: 3941.44 | X7: 3941.44 | Y7: 3941.44 | Z7: 3941.44 | AA7: 3941.44 | AB7: 3941.44 | AC7: 1891891.2
B8: SAB. | C8: 5 | E8: 3941.44 | F8: 3941.44 | G8: 3941.44 | H8: 3941.44 | I8: 3941.44 | J8: 3941.44 | K8: 3941.44 | L8: 3941.44 | M8: 3941.44 | N8: 3941.44 | O8: 3941.44 | P8: 3941.44 | Q8: 3941.44 | R8: 3941.44 | S8: 3941.44 | T8: 3941.44 | U8: 3941.44 | V8: 3941.44 | W8: 3941.44 | X8: 3941.44 | Y8: 3941.44 | Z8: 3941.44 | AA8: 3941.44 | AB8: 3941.44 | AC8: 472972.8
B9: DOM- FES | C9: 5 | E9: 3941.44 | F9: 3941.44 | G9: 3941.44 | H9: 3941.44 | I9: 3941.44 | J9: 3941.44 | K9: 3941.44 | L9: 3941.44 | M9: 3941.44 | N9: 3941.44 | O9: 3941.44 | P9: 3941.44 | Q9: 3941.44 | R9: 3941.44 | S9: 3941.44 | T9: 3941.44 | U9: 3941.44 | V9: 3941.44 | W9: 3941.44 | X9: 3941.44 | Y9: 3941.44 | Z9: 3941.44 | AA9: 3941.44 | AB9: 3941.44 | AC9: 472972.8 | AD9: 2837836.8
B11: ORD. | C11: 18 | E11: 3694.45 | F11: 3694.45 | G11: 3694.45 | H11: 3694.45 | I11: 3694.45 | J11: 3694.45 | K11: 3694.45 | L11: 3694.45 | M11: 3694.45 | N11: 3694.45 | O11: 3694.45 | P11: 3694.45 | Q11: 3694.45 | R11: 3694.45 | S11: 3694.45 | T11: 3694.45 | U11: 3694.45 | V11: 3694.45 | W11: 3694.45 | X11: 3694.45 | Y11: 3694.45 | Z11: 3694.45 | AA11: 3694.45 | AB11: 3694.45 | AC11: 1596002.4
B12: SAB. | C12: 4 | D12: 45809 | E12: 3694.45 | F12: 3694.45 | G12: 3694.45 | H12: 3694.45 | I12: 3694.45 | J12: 3694.45 | K12: 3694.45 | L12: 3694.45 | M12: 3694.45 | N12: 3694.45 | O12: 3694.45 | P12: 3694.45 | Q12: 3694.45 | R12: 3694.45 | S12: 3694.45 | T12: 3694.45 | U12: 3694.45 | V12: 3694.45 | W12: 3694.45 | X12: 3694.45 | Y12: 3694.45 | Z12: 3694.45 | AA12: 3694.45 | AB12: 3694.45 | AC12: 354667.2
B13: DOM- FES | C13: 8 | E13: 3694.45 | F13: 3694.45 | G13: 3694.45 | H13: 3694.45 | I13: 3694.45 | J13: 3694.45 | K13: 3694.45 | L13: 3694.45 | M13: 3694.45 | N13: 3694.45 | O13: 3694.45 | P13: 3694.45 | Q13: 3694.45 | R13: 3694.45 | S13: 3694.45 | T13: 3694.45 | U13: 3694.45 | V13: 3694.45 | W13: 3694.45 | X13: 3694.45 | Y13: 3694.45 | Z13: 3694.45 | AA13: 3694.45 | AB13: 3694.45 | AC13: 709334.4 | AD13: 2660004
B15: ORD. | C15: 23 | E15: 3456.99 | F15: 3456.99 | G15: 3456.99 | H15: 3456.99 | I15: 3456.99 | J15: 3456.99 | K15: 3456.99 | L15: 3456.99 | M15: 3456.99 | N15: 3456.99 | O15: 3456.99 | P15: 3456.99 | Q15: 3456.99 | R15: 3456.99 | S15: 3456.99 | T15: 3456.99 | U15: 3456.99 | V15: 3456.99 | W15: 3456.99 | X15: 3456.99 | Y15: 3456.99 | Z15: 3456.99 | AA15: 3456.99 | AB15: 3456.99 | AC15: 1908258.5
B16: SAB. | C16: 4 | D16: 45839 | E16: 3456.99 | F16: 3456.99 | G16: 3456.99 | H16: 3456.99 | I16: 3456.99 | J16: 3456.99 | K16: 3456.99 | L16: 3456.99 | M16: 3456.99 | N16: 3456.99 | O16: 3456.99 | P16: 3456.99 | Q16: 3456.99 | R16: 3456.99 | S16: 3456.99 | T16: 3456.99 | U16: 3456.99 | V16: 3456.99 | W16: 3456.99 | X16: 3456.99 | Y16: 3456.99 | Z16: 3456.99 | AA16: 3456.99 | AB16: 3456.99 | AC16: 331871.04
B17: DOM- FES | C17: 4 | E17: 3456.99 | F17: 3456.99 | G17: 3456.99 | H17: 3456.99 | I17: 3456.99 | J17: 3456.99 | K17: 3456.99 | L17: 3456.99 | M17: 3456.99 | N17: 3456.99 | O17: 3456.99 | P17: 3456.99 | Q17: 3456.99 | R17: 3456.99 | S17: 3456.99 | T17: 3456.99 | U17: 3456.99 | V17: 3456.99 | W17: 3456.99 | X17: 3456.99 | Y17: 3456.99 | Z17: 3456.99 | AA17: 3456.99 | AB17: 3456.99 | AC17: 331871.04 | AD17: 2572000.6
B19: ORD. | C19: 20 | E19: 3456.99 | F19: 3456.99 | G19: 3456.99 | H19: 3456.99 | I19: 3456.99 | J19: 3456.99 | K19: 3456.99 | L19: 3456.99 | M19: 3456.99 | N19: 3456.99 | O19: 3456.99 | P19: 3456.99 | Q19: 3456.99 | R19: 3456.99 | S19: 3456.99 | T19: 3456.99 | U19: 3456.99 | V19: 3456.99 | W19: 3456.99 | X19: 3456.99 | Y19: 3456.99 | Z19: 3456.99 | AA19: 3456.99 | AB19: 3456.99 | AC19: 1659355.2
B20: SAB. | C20: 5 | D20: 45870 | E20: 3456.99 | F20: 3456.99 | G20: 3456.99 | H20: 3456.99 | I20: 3456.99 | J20: 3456.99 | K20: 3456.99 | L20: 3456.99 | M20: 3456.99 | N20: 3456.99 | O20: 3456.99 | P20: 3456.99 | Q20: 3456.99 | R20: 3456.99 | S20: 3456.99 | T20: 3456.99 | U20: 3456.99 | V20: 3456.99 | W20: 3456.99 | X20: 3456.99 | Y20: 3456.99 | Z20: 3456.99 | AA20: 3456.99 | AB20: 3456.99 | AC20: 414838.8
B21: DOM- FES | C21: 6 | E21: 3456.99 | F21: 3456.99 | G21: 3456.99 | H21: 3456.99 | I21: 3456.99 | J21: 3456.99 | K21: 3456.99 | L21: 3456.99 | M21: 3456.99 | N21: 3456.99 | O21: 3456.99 | P21: 3456.99 | Q21: 3456.99 | R21: 3456.99 | S21: 3456.99 | T21: 3456.99 | U21: 3456.99 | V21: 3456.99 | W21: 3456.99 | X21: 3456.99 | Y21: 3456.99 | Z21: 3456.99 | AA21: 3456.99 | AB21: 3456.99 | AC21: 497806.56 | AD21: 2572000.6
B23: ORD. | C23: 22 | E23: 3138.89 | F23: 3138.89 | G23: 3138.89 | H23: 3138.89 | I23: 3138.89 | J23: 3138.89 | K23: 3138.89 | L23: 3138.89 | M23: 3138.89 | N23: 3138.89 | O23: 3138.89 | P23: 3138.89 | Q23: 3138.89 | R23: 3138.89 | S23: 3138.89 | T23: 3138.89 | U23: 3138.89 | V23: 3138.89 | W23: 3138.89 | X23: 3138.89 | Y23: 3138.89 | Z23: 3138.89 | AA23: 3138.89 | AB23: 3138.89 | AC23: 1657333.9
B24: SAB. | C24: 4 | D24: 45901 | E24: 3138.89 | F24: 3138.89 | G24: 3138.89 | H24: 3138.89 | I24: 3138.89 | J24: 3138.89 | K24: 3138.89 | L24: 3138.89 | M24: 3138.89 | N24: 3138.89 | O24: 3138.89 | P24: 3138.89 | Q24: 3138.89 | R24: 3138.89 | S24: 3138.89 | T24: 3138.89 | U24: 3138.89 | V24: 3138.89 | W24: 3138.89 | X24: 3138.89 | Y24: 3138.89 | Z24: 3138.89 | AA24: 3138.89 | AB24: 3138.89 | AC24: 301333.44
B25: DOM- FES | C25: 4 | E25: 3138.89 | F25: 3138.89 | G25: 3138.89 | H25: 3138.89 | I25: 3138.89 | J25: 3138.89 | K25: 3138.89 | L25: 3138.89 | M25: 3138.89 | N25: 3138.89 | O25: 3138.89 | P25: 3138.89 | Q25: 3138.89 | R25: 3138.89 | S25: 3138.89 | T25: 3138.89 | U25: 3138.89 | V25: 3138.89 | W25: 3138.89 | X25: 3138.89 | Y25: 3138.89 | Z25: 3138.89 | AA25: 3138.89 | AB25: 3138.89 | AC25: 301333.44 | AD25: 2260000.8
B27: ORD. | C27: 22 | E27: 3456.99 | F27: 3456.99 | G27: 3456.99 | H27: 3456.99 | I27: 3456.99 | J27: 3456.99 | K27: 3456.99 | L27: 3456.99 | M27: 3456.99 | N27: 3456.99 | O27: 3456.99 | P27: 3456.99 | Q27: 3456.99 | R27: 3456.99 | S27: 3456.99 | T27: 3456.99 | U27: 3456.99 | V27: 3456.99 | W27: 3456.99 | X27: 3456.99 | Y27: 3456.99 | Z27: 3456.99 | AA27: 3456.99 | AB27: 3456.99 | AC27: 1825290.7
B28: SAB. | C28: 4 | D28: 45931 | E28: 3456.99 | F28: 3456.99 | G28: 3456.99 | H28: 3456.99 | I28: 3456.99 | J28: 3456.99 | K28: 3456.99 | L28: 3456.99 | M28: 3456.99 | N28: 3456.99 | O28: 3456.99 | P28: 3456.99 | Q28: 3456.99 | R28: 3456.99 | S28: 3456.99 | T28: 3456.99 | U28: 3456.99 | V28: 3456.99 | W28: 3456.99 | X28: 3456.99 | Y28: 3456.99 | Z28: 3456.99 | AA28: 3456.99 | AB28: 3456.99 | AC28: 331871.04
B29: DOM- FES | C29: 5 | E29: 3456.99 | F29: 3456.99 | G29: 3456.99 | H29: 3456.99 | I29: 3456.99 | J29: 3456.99 | K29: 3456.99 | L29: 3456.99 | M29: 3456.99 | N29: 3456.99 | O29: 3456.99 | P29: 3456.99 | Q29: 3456.99 | R29: 3456.99 | S29: 3456.99 | T29: 3456.99 | U29: 3456.99 | V29: 3456.99 | W29: 3456.99 | X29: 3456.99 | Y29: 3456.99 | Z29: 3456.99 | AA29: 3456.99 | AB29: 3456.99 | AC29: 414838.8 | AD29: 2572000.6
B31: ORD. | C31: 18 | D31: 45962 | E31: 3138.9 | F31: 3138.9 | G31: 3138.9 | H31: 3138.9 | I31: 3138.9 | J31: 3138.9 | K31: 3138.9 | L31: 3138.9 | M31: 3138.9 | N31: 3138.9 | O31: 3138.9 | P31: 3138.9 | Q31: 3138.9 | R31: 3138.9 | S31: 3138.9 | T31: 3138.9 | U31: 3138.9 | V31: 3138.9 | W31: 3138.9 | X31: 3138.9 | Y31: 3138.9 | Z31: 3138.9 | AA31: 3138.9 | AB31: 3138.9 | AC31: 1356004.8
B32: SAB. | C32: 5 | E32: 3138.9 | F32: 3138.9 | G32: 3138.9 | H32: 3138.9 | I32: 3138.9 | J32: 3138.9 | K32: 3138.9 | L32: 3138.9 | M32: 3138.9 | N32: 3138.9 | O32: 3138.9 | P32: 3138.9 | Q32: 3138.9 | R32: 3138.9 | S32: 3138.9 | T32: 3138.9 | U32: 3138.9 | V32: 3138.9 | W32: 3138.9 | X32: 3138.9 | Y32: 3138.9 | Z32: 3138.9 | AA32: 3138.9 | AB32: 3138.9 | AC32: 376668
B33: DOM- FES | C33: 7 | E33: 3138.9 | F33: 3138.9 | G33: 3138.9 | H33: 3138.9 | I33: 3138.9 | J33: 3138.9 | K33: 3138.9 | L33: 3138.9 | M33: 3138.9 | N33: 3138.9 | O33: 3138.9 | P33: 3138.9 | Q33: 3138.9 | R33: 3138.9 | S33: 3138.9 | T33: 3138.9 | U33: 3138.9 | V33: 3138.9 | W33: 3138.9 | X33: 3138.9 | Y33: 3138.9 | Z33: 3138.9 | AA33: 3138.9 | AB33: 3138.9 | AC33: 527335.2 | AD33: 2260008
B35: ORD. | C35: 21 | D35: 45992 | E35: 2434.14 | F35: 2434.14 | G35: 2434.14 | H35: 2434.14 | I35: 2434.14 | J35: 2434.14 | K35: 2434.14 | L35: 2434.14 | M35: 2434.14 | N35: 2434.14 | O35: 2434.14 | P35: 2434.14 | Q35: 2434.14 | R35: 2434.14 | S35: 2434.14 | T35: 2434.14 | U35: 2434.14 | V35: 2434.14 | W35: 2434.14 | X35: 2434.14 | Y35: 2434.14 | Z35: 2434.14 | AA35: 2434.14 | AB35: 2434.14 | AC35: 1226806.6
B36: SAB. | C36: 4 | E36: 2434.14 | F36: 2434.14 | G36: 2434.14 | H36: 2434.14 | I36: 2434.14 | J36: 2434.14 | K36: 2434.14 | L36: 2434.14 | M36: 2434.14 | N36: 2434.14 | O36: 2434.14 | P36: 2434.14 | Q36: 2434.14 | R36: 2434.14 | S36: 2434.14 | T36: 2434.14 | U36: 2434.14 | V36: 2434.14 | W36: 2434.14 | X36: 2434.14 | Y36: 2434.14 | Z36: 2434.14 | AA36: 2434.14 | AB36: 2434.14 | AC36: 233677.44
B37: DOM- FES | C37: 6 | E37: 2434.14 | F37: 2434.14 | G37: 2434.14 | H37: 2434.14 | I37: 2434.14 | J37: 2434.14 | K37: 2434.14 | L37: 2434.14 | M37: 2434.14 | N37: 2434.14 | O37: 2434.14 | P37: 2434.14 | Q37: 2434.14 | R37: 2434.14 | S37: 2434.14 | T37: 2434.14 | U37: 2434.14 | V37: 2434.14 | W37: 2434.14 | X37: 2434.14 | Y37: 2434.14 | Z37: 2434.14 | AA37: 2434.14 | AB37: 2434.14 | AC37: 350516.16 | AD37: 1811000.2
A38: CANTIDADES 2026
B39: ORD. | C39: 20 | D39: 46023 | E39: 8310.6331 | F39: 8064.307 | G39: 7881.4379 | H39: 7729.7715 | I39: 7656.0365 | J39: 7726.0675 | K39: 7826.7925 | L39: 8446.1302 | M39: 9138.0896 | N39: 9707.8633 | O39: 10133.241 | P39: 10490.968 | Q39: 10465.411 | R39: 10539.369 | S39: 10819.821 | T39: 10882.19 | U39: 10684.51 | V39: 10522.57 | W39: 10990.297 | X39: 10969.28 | Y39: 10607.361 | Z39: 10059.541 | AA39: 9368.777 | AB39: 8757.3279 | AC39: 227777.79
B40: SAB. | C40: 5 | E40: 8311.5329 | F40: 8046.1135 | G40: 7857.7577 | H40: 7783.5403 | I40: 7724.5041 | J40: 7786.8732 | K40: 7810.1441 | L40: 8363.4846 | M40: 9032.9461 | N40: 9640.3525 | O40: 10147.972 | P40: 10507.183 | Q40: 10469.349 | R40: 10512.726 | S40: 10790.614 | T40: 10826.677 | U40: 10647.229 | V40: 10542.392 | W40: 11006.475 | X40: 10985.884 | Y40: 10609.639 | Z40: 10119.243 | AA40: 9430.407 | AB40: 8813.2974 | AC40: 227766.34
B41: DOM- FES | C41: 6 | E41: 8330.2888 | F41: 8030.4006 | G41: 7813.1635 | H41: 7719.7445 | I41: 7712.8982 | J41: 7796.0603 | K41: 7866.0948 | L41: 8408.6341 | M41: 9059.126 | N41: 9622.7809 | O41: 10085.892 | P41: 10530.886 | Q41: 10546.523 | R41: 10608.043 | S41: 10842.133 | T41: 10856.181 | U41: 10614.955 | V41: 10455.777 | W41: 10927.81 | X41: 10889.779 | Y41: 10518.161 | Z41: 10012.469 | AA41: 9407.3265 | AB41: 8812.5791 | AC41: 227467.71 | AD41: 7059193.8
B43: ORD. | C43: 20 | D43: 46054 | E43: 6168.67 | F43: 6077.67 | G43: 6034.9 | H43: 6036.27 | I43: 6109.52 | J43: 6222.82 | K43: 6549.05 | L43: 6812.5 | M43: 6978.57 | N43: 7085.04 | O43: 7173.31 | P43: 7254.76 | Q43: 7302.53 | R43: 7235.19 | S43: 7180.59 | T43: 7130.09 | U43: 7073.21 | V43: 7061.38 | W43: 7235.19 | X43: 7299.8 | Y43: 7151.93 | Z43: 6913.05 | AA43: 6632.32 | AB43: 6357.04 | AC43: 163075.4
B44: SAB. | C44: 4 | E44: 6063.11 | F44: 5975.3 | G44: 5928.43 | H44: 5916.6 | I44: 5957.1 | J44: 5998.96 | K44: 6164.58 | L44: 6362.5 | M44: 6559.52 | N44: 6705.57 | O44: 6817.96 | P44: 6906.68 | Q44: 6944.45 | R44: 6887.57 | S44: 6801.12 | T44: 6731.51 | U44: 6680.55 | V44: 6686.01 | W44: 6836.16 | X44: 6874.83 | Y44: 6764.27 | Z44: 6587.73 | AA44: 6378.88 | AB44: 6183.69 | AC44: 155713.08
B45: DOM- FES | C45: 4 | E45: 5773.73 | F45: 5700.48 | G45: 5661.8 | H45: 5642.69 | I45: 5644.51 | J45: 5634.5 | K45: 5696.84 | L45: 5807.86 | M45: 5963.92 | N45: 6094.96 | O45: 6187.78 | P45: 6265.13 | Q45: 6319.28 | R45: 6301.08 | S45: 6238.29 | T45: 6176.86 | U45: 6148.2 | V45: 6167.43 | W45: 6300.62 | X45: 6367.51 | Y45: 6296.53 | Z45: 6161.39 | AA45: 5993.04 | AB45: 5841.07 | AC45: 144385.5 | AD45: 4461902.3
B47: ORD. | C47: 21 | D47: 46082 | E47: 9993.05 | F47: 9921.16 | G47: 9887.49 | H47: 9888.86 | I47: 9945.73 | J47: 10035.82 | K47: 10292.9 | L47: 10499.47 | M47: 10631.42 | N47: 10715.14 | O47: 10784.75 | P47: 10848.91 | Q47: 10885.76 | R47: 10832.98 | S47: 10790.21 | T47: 10750.17 | U47: 10705.13 | V47: 10696.48 | W47: 10832.98 | X47: 10883.49 | Y47: 10767.46 | Z47: 10579.09 | AA47: 10358.42 | AB47: 10140.47 | AC47: 251667.34
B48: SAB. | C48: 4 | E48: 10813.87 | F48: 10673.28 | G48: 10597.75 | H48: 10579.09 | I48: 10644.16 | J48: 10710.59 | K48: 10975.85 | L48: 11293.44 | M48: 11609.67 | N48: 11844.45 | O48: 12023.72 | P48: 12166.13 | Q48: 12226.65 | R48: 12135.65 | S48: 11997.33 | T48: 11885.4 | U48: 11803.5 | V48: 11812.14 | W48: 12053.75 | X48: 12115.63 | Y48: 11938.18 | Z48: 11654.71 | AA48: 11319.83 | AB48: 11006.79 | AC48: 275881.56
B49: DOM- FES | C49: 6 | E49: 9691.39 | F49: 9632.69 | G49: 9601.75 | H49: 9586.74 | I49: 9588.1 | J49: 9579.91 | K49: 9629.51 | L49: 9718.69 | M49: 9843.81 | N49: 9948.46 | O49: 10022.63 | P49: 10084.51 | Q49: 10127.73 | R49: 10113.17 | S49: 10062.67 | T49: 10013.98 | U49: 9990.78 | V49: 10006.7 | W49: 10112.72 | X49: 10166.41 | Y49: 10109.53 | Z49: 10001.24 | AA49: 9866.56 | AB49: 9745.08 | AC49: 237244.76 | AD49: 7812008.9
B51: ORD. | C51: 20 | D51: 46113 | E51: 7411.34 | F51: 7182.8226 | G51: 7020.8933 | H51: 6924.818 | I51: 6897.7253 | J51: 6980.7795 | K51: 7067.9964 | L51: 7592.7207 | M51: 8193.7573 | N51: 8704.1316 | O51: 9090.8411 | P51: 9399.1802 | Q51: 9358.4149 | R51: 9387.0832 | S51: 9601.5142 | T51: 9632.3513 | U51: 9449.5725 | V51: 9312.49 | W51: 9720.1662 | X51: 9672.8478 | Y51: 9336.5179 | Z51: 8884.3382 | AA51: 8303.3065 | AB51: 7790.1487 | AC51: 202915.76
B52: SAB. | C52: 4 | E52: 7361.8281 | F52: 7218.8772 | G52: 7080.8188 | H52: 6991.1344 | I52: 6926.1236 | J52: 6998.4308 | K52: 7071.5971 | L52: 7600.3526 | M52: 8202.3847 | N52: 8655.9282 | O52: 9029.0544 | P52: 9371.7738 | Q52: 9410.1236 | R52: 9420.7504 | S52: 9624.5329 | T52: 9600.2011 | U52: 9383.4577 | V52: 9248.3791 | W52: 9666.5386 | X52: 9714.5071 | Y52: 9400.9939 | Z52: 8936.2297 | AA52: 8286.7461 | AB52: 7722.1462 | AC52: 202922.91
B53: DOM- FES | C53: 6 | E53: 7265.2754 | F53: 7105.2384 | G53: 7026.1792 | H53: 6986.2411 | I53: 6999.2195 | J53: 7081.3898 | K53: 7168.0544 | L53: 7650.1589 | M53: 8231.6876 | N53: 8732.3742 | O53: 9128.3463 | P53: 9446.5011 | Q53: 9397.3165 | R53: 9450.0629 | S53: 9640.6189 | T53: 9624.1443 | U53: 9391.0639 | V53: 9211.189 | W53: 9599.2413 | X53: 9604.4343 | Y53: 9313.7346 | Z53: 8834.9627 | AA53: 8236.5704 | AB53: 7679.2541 | AC53: 202803.26 | AD53: 6086826.3
B55: ORD. | C55: 19 | D55: 46143 | E55: 7426.7172 | F55: 7228.2388 | G55: 7075.347 | H55: 6968.5257 | I55: 6904.9177 | J55: 6958.469 | K55: 7030.976 | L55: 7571.2923 | M55: 8198.6037 | N55: 8732.3757 | O55: 9142.4455 | P55: 9464.4279 | Q55: 9433.4625 | R55: 9474.7275 | S55: 9691.2574 | T55: 9701.9812 | U55: 9511.638 | V55: 9383.5888 | W55: 9798.0966 | X55: 9784.7117 | Y55: 9468.3114 | Z55: 8990.5725 | AA55: 8375.9155 | AB55: 7822.4377 | AC55: 204139.04
B56: SAB. | C56: 5 | E56: 7404.7129 | F56: 7153.7945 | G56: 6980.5697 | H56: 6904.6619 | I56: 6918.6824 | J56: 6982.1259 | K56: 7059.0461 | L56: 7579.4766 | M56: 8206.0438 | N56: 8714.779 | O56: 9134.5906 | P56: 9496.8442 | Q56: 9460.6335 | R56: 9501.2405 | S56: 9707.191 | T56: 9761.5258 | U56: 9558.1798 | V56: 9408.9079 | W56: 9807.4205 | X56: 9732.9858 | Y56: 9390.84 | Z56: 8946.5438 | AA56: 8405.352 | AB56: 7849.2397 | AC56: 204065.39
B57: DOM- FES | C57: 7 | E57: 7458.4756 | F57: 7213.6815 | G57: 7027.9649 | H57: 6907.474 | I57: 6870.4588 | J57: 6993.6755 | K57: 7119.7314 | L57: 7666.7177 | M57: 8257.0457 | N57: 8763.4941 | O57: 9138.9419 | P57: 9459.5115 | Q57: 9453.3369 | R57: 9470.1781 | S57: 9699.4648 | T57: 9722.0192 | U57: 9535.9235 | V57: 9363.6056 | W57: 9762.3553 | X57: 9720.1705 | Y57: 9373.1996 | Z57: 8901.6334 | AA57: 8313.2718 | AB57: 7846.0728 | AC57: 204038.4 | AD57: 6327237.5
B59: ORD. | C59: 19 | D59: 46174 | E59: 9567.03 | F59: 9498.01 | G59: 9466.35 | H59: 9466.75 | I59: 9522.37 | J59: 9608.85 | K59: 9857.73 | L59: 10057.48 | M59: 10184.97 | N59: 10265.76 | O59: 10332.34 | P59: 10395.68 | Q59: 10431.81 | R59: 10380.66 | S59: 10338.84 | T59: 10300.68 | U59: 10256.83 | V59: 10247.49 | W59: 10380.66 | X59: 10429.38 | Y59: 10316.51 | Z59: 10135.03 | AA59: 9920.66 | AB59: 9711.16 | AC59: 241073.03
B60: SAB. | C60: 4 | E60: 9631.99 | F60: 9553.64 | G60: 9511.82 | H60: 9501.26 | I60: 9537.4 | J60: 9574.75 | K60: 9722.53 | L60: 9899.14 | M60: 10074.94 | N60: 10205.27 | O60: 10305.55 | P60: 10384.72 | Q60: 10418.42 | R60: 10367.67 | S60: 10290.53 | T60: 10228.41 | U60: 10182.94 | V60: 10187.81 | W60: 10321.79 | X60: 10356.3 | Y60: 10257.64 | Z60: 10100.11 | AA60: 9913.76 | AB60: 9739.58 | AC60: 240267.97
B61: DOM- FES | C61: 7 | E61: 9814.69 | F61: 9710.35 | G61: 9655.14 | H61: 9627.93 | I61: 9629.96 | J61: 9616.16 | K61: 9705.07 | L61: 9864.23 | M61: 10087.12 | N61: 10274.69 | O61: 10407.45 | P61: 10517.89 | Q61: 10595.43 | R61: 10569.45 | S61: 10479.72 | T61: 10391.62 | U61: 10350.61 | V61: 10378.63 | W61: 10569.04 | X61: 10664.05 | Y61: 10562.95 | Z61: 10369.7 | AA61: 10128.53 | AB61: 9911.32 | AC61: 243881.73 | AD61: 7248631.6
B63: ORD. | C63: 22 | D63: 46204 | E63: 8718.2117 | F63: 8479.1992 | G63: 8298.5817 | H63: 8150.0892 | I63: 8091.4975 | J63: 8164.2691 | K63: 8249.7677 | L63: 8843.1107 | M63: 9526.8389 | N63: 10079.158 | O63: 10488.749 | P63: 10824.958 | Q63: 10768.102 | R63: 10817.322 | S63: 11073.218 | T63: 11115.439 | U63: 10904.96 | V63: 10744.015 | W63: 11215.741 | X63: 11216.105 | Y63: 10891.339 | Z63: 10399.384 | AA63: 9746.1484 | AB63: 9154.167 | AC63: 235960.37
B64: SAB. | C64: 4 | E64: 8652.6095 | F64: 8403.5267 | G64: 8220.5627 | H64: 8174.6166 | I64: 8116.3374 | J64: 8163.164 | K64: 8202.3869 | L64: 8749.5572 | M64: 9414.097 | N64: 10029.78 | O64: 10558.283 | P64: 10901.293 | Q64: 10850.064 | R64: 10842.216 | S64: 11059.557 | T64: 11078.344 | U64: 10897.253 | V64: 10822.755 | W64: 11314.77 | X64: 11308.753 | Y64: 10919.736 | Z64: 10402.904 | AA64: 9724.7188 | AB64: 9131.2668 | AC64: 235938.55
B65: DOM- FES | C65: 5 | E65: 8662.3903 | F65: 8359.0461 | G65: 8162.1546 | H65: 8075.257 | I65: 8065.0796 | J65: 8112.4274 | K65: 8189.7636 | L65: 8739.3763 | M65: 9396.9058 | N65: 9984.9495 | O65: 10445.655 | P65: 10911.777 | Q65: 10933.531 | R65: 10986.3 | S65: 11187.598 | T65: 11168.527 | U65: 10917.129 | V65: 10792.178 | W65: 11335.567 | X65: 11336.423 | Y65: 10965.186 | Z65: 10420.189 | AA65: 9747.4059 | AB65: 9114.892 | AC65: 236009.71 | AD65: 7314930.9
B67: ORD. | C67: 19 | D67: 46235 | E67: 7631.9505 | F67: 7443.1106 | G67: 7289.807 | H67: 7194.7313 | I67: 7158.9938 | J67: 7208.4073 | K67: 7277.6999 | L67: 7791.8172 | M67: 8396.7131 | N67: 8904.7466 | O67: 9304.0021 | P67: 9623.1402 | Q67: 9574.0324 | R67: 9577.8774 | S67: 9766.6828 | T67: 9783.3093 | U67: 9598.4261 | V67: 9479.9393 | W67: 9894.6085 | X67: 9873.551 | Y67: 9533.9949 | Z67: 9058.6411 | AA67: 8470.0157 | AB67: 7963.1172 | AC67: 207799.32
B68: SAB. | C68: 5 | E68: 7606.8993 | F68: 7434.7558 | G68: 7325.0741 | H68: 7194.3609 | I68: 7147.8273 | J68: 7222.351 | K68: 7336.2613 | L68: 7825.1577 | M68: 8421.7299 | N68: 8908.8163 | O68: 9264.125 | P68: 9563.6338 | Q68: 9525.1106 | R68: 9603.2141 | S68: 9811.3432 | T68: 9824.8121 | U68: 9577.9816 | V68: 9404.8276 | W68: 9800.1743 | X68: 9808.6866 | Y68: 9547.3277 | Z68: 9086.2358 | AA68: 8496.5779 | AB68: 7968.9825 | AC68: 207706.27
B69: DOM- FES | C69: 7 | E69: 7580.8283 | F69: 7359.8819 | G69: 7224.9208 | H69: 7159.9775 | I69: 7127.6905 | J69: 7223.3803 | K69: 7301.2662 | L69: 7840.5821 | M69: 8422.6631 | N69: 8900.0206 | O69: 9270.8442 | P69: 9554.7808 | Q69: 9531.4043 | R69: 9577.2893 | S69: 9841.6487 | T69: 9867.9216 | U69: 9670.0961 | V69: 9492.2793 | W69: 9874.6703 | X69: 9830.5378 | Y69: 9507.0547 | Z69: 9099.3226 | AA69: 8523.0096 | AB69: 7987.5513 | AC69: 207769.62 | AD69: 6441105.7
B71: ORD. | C71: 20 | D71: 46266 | E71: 7601.8599 | F71: 7399.6561 | G71: 7260.0934 | H71: 7168.0148 | I71: 7136.241 | J71: 7211.7111 | K71: 7304.2983 | L71: 7856.4528 | M71: 8483.4779 | N71: 8989.8752 | O71: 9367.7932 | P71: 9669.4138 | Q71: 9631.908 | R71: 9676.1105 | S71: 9905.7794 | T71: 9927.3987 | U71: 9722.8388 | V71: 9556.4527 | W71: 9949.7607 | X71: 9929.928 | Y71: 9612.0027 | Z71: 9147.2386 | AA71: 8549.9416 | AB71: 7999.4768 | AC71: 209057.72
B72: SAB. | C72: 4 | E72: 7671.1635 | F72: 7411.6809 | G72: 7226.2659 | H72: 7112.4962 | I72: 7100.723 | J72: 7238.6574 | K72: 7336.9122 | L72: 7872.7467 | M72: 8450.9374 | N72: 8959.3202 | O72: 9342.1224 | P72: 9667.5373 | Q72: 9636.854 | R72: 9626.0527 | S72: 9828.8177 | T72: 9879.5675 | U72: 9760.7499 | V72: 9596.525 | W72: 9993.2911 | X72: 9923.1706 | Y72: 9577.7293 | Z72: 9121.2362 | AA72: 8540.5592 | AB72: 8081.6005 | AC72: 208956.72
B73: DOM- FES | C73: 6 | E73: 7693.9432 | F73: 7461.3756 | G73: 7264.2548 | H73: 7148.0738 | I73: 7086.6646 | J73: 7168.1815 | K73: 7280.5881 | L73: 7785.8804 | M73: 8389.7891 | N73: 8901.6834 | O73: 9315.3288 | P73: 9655.341 | Q73: 9636.5886 | R73: 9672.1563 | S73: 9862.9559 | T73: 9867.0987 | U73: 9666.893 | V73: 9579.3799 | W73: 10014.285 | X73: 9974.3556 | Y73: 9642.7887 | Z73: 9181.8153 | AA73: 8583.115 | AB73: 8071.7423 | AC73: 208904.28 | AD73: 6270407
B75: ORD. | C75: 21 | D75: 46296 | E75: 7713.7402 | F75: 7474.8105 | G75: 7290.1349 | H75: 7179.6367 | I75: 7146.8875 | J75: 7233.5886 | K75: 7315.3469 | L75: 7834.7756 | M75: 8422.9511 | N75: 8929.904 | O75: 9338.0659 | P75: 9683.8256 | Q75: 9680.3886 | R75: 9743.4874 | S75: 9971.3579 | T75: 9989.603 | U75: 9801.0498 | V75: 9672.1211 | W75: 10081.084 | X75: 10035.853 | Y75: 9699.8244 | Z75: 9230.9299 | AA75: 8636.5951 | AB75: 8109.2371 | AC75: 210215.2
B76: SAB. | C76: 5 | E76: 7702.4681 | F76: 7527.9556 | G76: 7360.4968 | H76: 7243.7569 | I76: 7143.6078 | J76: 7173.5747 | K76: 7236.6631 | L76: 7786.2742 | M76: 8443.4962 | N76: 8943.0153 | O76: 9329.5714 | P76: 9646.6613 | Q76: 9640.5131 | R76: 9684.9035 | S76: 9934.3539 | T76: 10004.638 | U76: 9811.2598 | V76: 9677.015 | W76: 10075.949 | X76: 10084.495 | Y76: 9752.4513 | Z76: 9281.7649 | AA76: 8681.4411 | AB76: 8100.0792 | AC76: 210266.41
B77: DOM- FES | C77: 5 | E77: 7691.1824 | F77: 7495.9883 | G77: 7404.1938 | H77: 7309.8887 | I77: 7246.8509 | J77: 7258.1824 | K77: 7301.682 | L77: 7800.4062 | M77: 8413.0395 | N77: 8966.2186 | O77: 9361.1447 | P77: 9683.9038 | Q77: 9629.3588 | R77: 9664.1244 | S77: 9875.5323 | T77: 9907.4627 | U77: 9714.9191 | V77: 9538.5437 | W77: 9950.359 | X77: 9967.7224 | Y77: 9733.545 | Z77: 9298.6251 | AA77: 8714.9379 | AB77: 8153.0616 | AC77: 210080.87 | AD77: 6516255.6
B79: ORD. | C79: 19 | D79: 46327 | E79: 7802.8303 | F79: 7602.5215 | G79: 7455.1767 | H79: 7329.1657 | I79: 7261.5669 | J79: 7299.6367 | K79: 7362.5587 | L79: 7887.4455 | M79: 8497.5865 | N79: 9009.8766 | O79: 9398.2307 | P79: 9696.0936 | Q79: 9640.0182 | R79: 9676.7606 | S79: 9911.0978 | T79: 9962.1659 | U79: 9790.5431 | V79: 9667.4339 | W79: 10082.039 | X79: 10074.606 | Y79: 9773.3085 | Z79: 9316.0676 | AA79: 8724.8484 | AB79: 8190.27 | AC79: 211411.85
B80: SAB. | C80: 4 | E80: 7814.2116 | F80: 7550.7942 | G80: 7377.9713 | H80: 7298.5124 | I80: 7326.3761 | J80: 7365.2721 | K80: 7429.7798 | L80: 7900.7582 | M80: 8473.8978 | N80: 8978.0156 | O80: 9373.5526 | P80: 9759.2793 | Q80: 9731.6318 | R80: 9763.1337 | S80: 9919.5029 | T80: 9907.6189 | U80: 9705.4372 | V80: 9615.0863 | W80: 10098.509 | X80: 10074.177 | Y80: 9760.4672 | Z80: 9302.7486 | AA80: 8730.0604 | AB80: 8188.5987 | AC80: 211445.39
B81: DOM- FES | C81: 5 | E81: 7803.1529 | F81: 7564.0588 | G81: 7371.1329 | H81: 7250.6457 | I81: 7201.0022 | J81: 7316.8814 | K81: 7415.9521 | L81: 7932.8647 | M81: 8494.5744 | N81: 8956.5046 | O81: 9317.497 | P81: 9648.6292 | Q81: 9658.5919 | R81: 9711.6138 | S81: 9930.1732 | T81: 9954.2169 | U81: 9793.9322 | V81: 9683.4127 | W81: 10118.823 | X81: 10129.552 | Y81: 9795.2333 | Z81: 9317.8536 | AA81: 8712.6959 | AB81: 8205.8033 | AC81: 211284.8 | AD81: 5919030.7
B83: ORD. | C83: 21 | D83: 46357 | E83: 6531.89 | F83: 6435.29 | G83: 6389.09 | H83: 6390.66 | I83: 6468.89 | J83: 6590.16 | K83: 6939.81 | L83: 7221.74 | M83: 7399.71 | N83: 7513.64 | O83: 7608.14 | P83: 7695.29 | Q83: 7746.21 | R83: 7673.76 | S83: 7616.01 | T83: 7561.94 | U83: 7500.51 | V83: 7487.91 | W83: 7673.76 | X83: 7743.59 | Y83: 7585.04 | Z83: 7329.36 | AA83: 7028.54 | AB83: 6734.01 | AC83: 172864.95
B84: SAB. | C84: 4 | E84: 6511.41 | F84: 6410.09 | G84: 6356.01 | H84: 6342.36 | I84: 6389.09 | J84: 6437.39 | K84: 6628.49 | L84: 6856.86 | M84: 7084.19 | N84: 7252.71 | O84: 7382.39 | P84: 7484.76 | Q84: 7528.34 | R84: 7462.71 | S84: 7362.96 | T84: 7282.64 | U84: 7223.84 | V84: 7230.14 | W84: 7403.39 | X84: 7448.01 | Y84: 7320.44 | Z84: 7116.74 | AA84: 6875.76 | AB84: 6650.54 | AC84: 168041.26
B85: DOM- FES | C85: 5 | E85: 6177.51 | F85: 6092.99 | G85: 6048.36 | H85: 6026.31 | I85: 6028.41 | J85: 6016.86 | K85: 6088.79 | L85: 6216.89 | M85: 6396.96 | N85: 6548.16 | O85: 6655.26 | P85: 6744.51 | Q85: 6806.99 | R85: 6785.99 | S85: 6713.54 | T85: 6642.66 | U85: 6609.59 | V85: 6632.16 | W85: 6785.46 | X85: 6862.64 | Y85: 6780.74 | Z85: 6624.81 | AA85: 6430.56 | AB85: 6255.21 | AC85: 154971.36 | AD85: 5077185.8
A86: CANTIDADES 2027
B87: ORD. | C87: 19 | D87: 46388 | E87: 5619.53 | F87: 5519.08 | G87: 5471.55 | H87: 5473.02 | I87: 5554.36 | J87: 5679.8 | K87: 6042.4 | L87: 6333.95 | M87: 6518.68 | N87: 6636.77 | O87: 6734.28 | P87: 6824.93 | Q87: 6877.85 | R87: 6802.88 | S87: 6742.61 | T87: 6686.75 | U87: 6623.54 | V87: 6609.82 | W87: 6802.88 | X87: 6874.91 | Y87: 6710.76 | Z87: 6445.67 | AA87: 6134.03 | AB87: 5828.76 | AC87: 151548.81
B88: SAB. | C88: 5 | E88: 5232.43 | F88: 5156.48 | G88: 5115.81 | H88: 5105.52 | I88: 5140.31 | J88: 5176.57 | K88: 5320.14 | L88: 5491.64 | M88: 5662.16 | N88: 5788.09 | O88: 5885.6 | P88: 5962.04 | Q88: 5994.87 | R88: 5945.87 | S88: 5870.9 | T88: 5810.63 | U88: 5766.53 | V88: 5770.94 | W88: 5901.28 | X88: 5934.6 | Y88: 5839.05 | Z88: 5686.17 | AA88: 5505.36 | AB88: 5336.8 | AC88: 134399.79
B89: DOM- FES | C89: 7 | E89: 4982.04 | F89: 4918.34 | G89: 4885.02 | H89: 4868.85 | I89: 4870.32 | J89: 4861.5 | K89: 4915.4 | L89: 5011.44 | M89: 5146.68 | N89: 5259.87 | O89: 5340.23 | P89: 5407.36 | Q89: 5453.91 | R89: 5438.23 | S89: 5383.84 | T89: 5330.92 | U89: 5305.93 | V89: 5323.08 | W89: 5437.74 | X89: 5496.05 | Y89: 5434.31 | Z89: 5317.2 | AA89: 5171.67 | AB89: 5040.35 | AC89: 124600.28 | AD89: 4423628.3
B91: ORD. | C91: 20 | D91: 46419 | E91: 6668.21 | F91: 6570.21 | G91: 6523.66 | H91: 6525.13 | I91: 6604.51 | J91: 6726.52 | K91: 7079.81 | L91: 7364.5 | M91: 7544.33 | N91: 7659.48 | O91: 7754.54 | P91: 7843.23 | Q91: 7894.68 | R91: 7821.67 | S91: 7762.87 | T91: 7708.48 | U91: 7646.74 | V91: 7633.51 | W91: 7821.67 | X91: 7891.74 | Y91: 7731.51 | Z91: 7473.28 | AA91: 7169.48 | AB91: 6872.05 | AC91: 176291.81
B92: SAB. | C92: 4 | E92: 6554.04 | F92: 6459.47 | G92: 6408.51 | H92: 6395.77 | I92: 6439.38 | J92: 6484.46 | K92: 6663.8 | L92: 6877.93 | M92: 7091.08 | N92: 7249.35 | O92: 7370.87 | P92: 7466.42 | Q92: 7507.09 | R92: 7445.84 | S92: 7352.25 | T92: 7276.79 | U92: 7221.91 | V92: 7227.79 | W92: 7390.47 | X92: 7432.12 | Y92: 7312.56 | Z92: 7121.46 | AA92: 6895.57 | AB92: 6684.38 | AC92: 168329.31
B93: DOM- FES | C93: 4 | E93: 6240.93 | F93: 6162.04 | G93: 6120.39 | H93: 6099.81 | I93: 6101.77 | J93: 6090.5 | K93: 6158.12 | L93: 6278.17 | M93: 6447.22 | N93: 6588.83 | O93: 6689.28 | P93: 6772.58 | Q93: 6830.89 | R93: 6811.78 | S93: 6743.67 | T93: 6677.03 | U93: 6646.16 | V93: 6667.23 | W93: 6810.8 | X93: 6883.32 | Y93: 6806.39 | Z93: 6660.37 | AA93: 6478.09 | AB93: 6313.5 | AC93: 156078.87 | AD93: 4823468.9
B95: ORD. | C95: 20 | D95: 46447 | E95: 11533.58 | F95: 11438.03 | G95: 11392.95 | H95: 11393.93 | I95: 11471.35 | J95: 11590.42 | K95: 11934.89 | L95: 12212.23 | M95: 12387.16 | N95: 12499.37 | O95: 12592.47 | P95: 12678.71 | Q95: 12728.69 | R95: 12657.64 | S95: 12600.31 | T95: 12547.39 | U95: 12487.12 | V95: 12474.38 | W95: 12657.64 | X95: 12726.24 | Y95: 12569.93 | Z95: 12318.07 | AA95: 12022.11 | AB95: 11732.52 | AC95: 292647.13
B96: SAB. | C96: 4 | E96: 11453.22 | F96: 11358.65 | G96: 11307.69 | H96: 11294.95 | I96: 11338.56 | J96: 11383.64 | K96: 11562.98 | L96: 11777.11 | M96: 11990.26 | N96: 12148.53 | O96: 12270.05 | P96: 12365.6 | Q96: 12406.27 | R96: 12345.02 | S96: 12251.43 | T96: 12175.97 | U96: 12121.09 | V96: 12126.97 | W96: 12289.65 | X96: 12331.3 | Y96: 12211.74 | Z96: 12020.64 | AA96: 11794.75 | AB96: 11583.56 | AC96: 285909.63
B97: DOM- FES | C97: 7 | E97: 11140.11 | F97: 11061.22 | G97: 11019.57 | H97: 10998.99 | I97: 11000.95 | J97: 10989.68 | K97: 11057.3 | L97: 11177.35 | M97: 11346.4 | N97: 11488.01 | O97: 11588.46 | P97: 11671.76 | Q97: 11730.07 | R97: 11710.96 | S97: 11642.85 | T97: 11576.21 | U97: 11545.34 | V97: 11566.41 | W97: 11709.98 | X97: 11782.5 | Y97: 11705.57 | Z97: 11559.55 | AA97: 11377.27 | AB97: 11213.12 | AC97: 273659.63 | AD97: 8912198.5
B99: ORD. | C99: 22 | D99: 46478 | E99: 9229.0522 | F99: 8961.4829 | G99: 8767.8869 | H99: 8647.9944 | I99: 8597.2042 | J99: 8674.52 | K99: 8760.6404 | L99: 9334.2607 | M99: 9995.6163 | N99: 10553.569 | O99: 10988.558 | P99: 11360.253 | Q99: 11334.066 | R99: 11384.984 | S99: 11631.364 | T99: 11643.755 | U99: 11419.776 | V99: 11290.157 | W99: 11792.918 | X99: 11799.353 | Y99: 11457.44 | Z99: 10943.319 | AA99: 10266.149 | AB99: 9666.1394 | AC99: 248500.46
B100: SAB. | C100: 4 | E100: 9165.6258 | F100: 8994.454 | G100: 8803.8296 | H100: 8654.8702 | I100: 8556.366 | J100: 8584.4436 | K100: 8651.6229 | L100: 9288.0267 | M100: 10060.02 | N100: 10614.699 | O100: 11043.082 | P100: 11354.246 | Q100: 11286.673 | R100: 11320.128 | S100: 11603.572 | T100: 11714.235 | U100: 11521.163 | V100: 11382.315 | W100: 11825.467 | X100: 11808.798 | Y100: 11439.97 | Z100: 10925.701 | AA100: 10254.573 | AB100: 9595.8855 | AC100: 248449.77
B101: DOM- FES | C101: 4 | E101: 9138.7893 | F101: 8922.7535 | G101: 8822.2524 | H101: 8670.919 | I101: 8606.9151 | J101: 8626.0834 | K101: 8683.7396 | L101: 9280.5949 | M101: 9976.1281 | N101: 10628.627 | O101: 11076.642 | P101: 11431.656 | Q101: 11325.45 | R101: 11326.536 | S101: 11560.005 | T101: 11641.909 | U101: 11509.305 | V101: 11348.665 | W101: 11822.31 | X101: 11799.366 | Y101: 11454.223 | Z101: 10914.591 | AA101: 10248.735 | AB101: 9645.6396 | AC101: 248461.84 | AD101: 7454656.5
B103: ORD. | C103: 19 | D103: 46508 | E103: 9283.6141 | F103: 9042.2537 | G103: 8861.3221 | H103: 8726.3501 | I103: 8666.136 | J103: 8726.6576 | K103: 8808.8569 | L103: 9402.2917 | M103: 10094.239 | N103: 10669.196 | O103: 11112.847 | P103: 11444.01 | Q103: 11382.295 | R103: 11422.144 | S103: 11683.251 | T103: 11737.767 | U103: 11528.621 | V103: 11367.802 | W103: 11814.146 | X103: 11780.346 | Y103: 11420.423 | Z103: 10915.219 | AA103: 10271.671 | AB103: 9702.5472 | AC103: 249864.01
B104: SAB. | C104: 5 | E104: 9316.5764 | F104: 9041.9641 | G104: 8856.4377 | H104: 8745.8216 | I104: 8738.2778 | J104: 8777.9238 | K104: 8862.3601 | L104: 9439.751 | M104: 10089.309 | N104: 10643.273 | O104: 11078.859 | P104: 11487.131 | Q104: 11440.079 | R104: 11470.141 | S104: 11652.583 | T104: 11639.855 | U104: 11406.593 | V104: 11283.489 | W104: 11816.963 | X104: 11790.164 | Y104: 11425.626 | Z104: 10901.843 | AA104: 10258.755 | AB104: 9663.1435 | AC104: 249826.92
B105: DOM- FES | C105: 7 | E105: 9182.1846 | F105: 9003.0322 | G105: 8854.8056 | H105: 8756.5952 | I105: 8712.4369 | J105: 8831.2791 | K105: 8931.0465 | L105: 9518.7495 | M105: 10207.306 | N105: 10747.386 | O105: 11145.556 | P105: 11495.951 | Q105: 11493.019 | R105: 11520.943 | S105: 11738.034 | T105: 11707.036 | U105: 11453.45 | V105: 11280.824 | W105: 11737.225 | X105: 11746.168 | Y105: 11387.561 | Z105: 10868.562 | AA105: 10171.203 | AB105: 9574.049 | AC105: 250064.4 | AD105: 7747001.5
B107: ORD. | C107: 21 | D107: 46539 | E107: 8096.7079 | F107: 7900.2345 | G107: 7749.6981 | H107: 7648.8829 | I107: 7617.2122 | J107: 7710.1353 | K107: 7810.2047 | L107: 8332.9926 | M107: 8922.3055 | N107: 9408.2884 | O107: 9789.6282 | P107: 10110.75 | Q107: 10090.053 | R107: 10124.709 | S107: 10326.295 | T107: 10323.217 | U107: 10121.016 | V107: 9989.0888 | W107: 10405.841 | X107: 10389.801 | Y107: 10067.342 | Z107: 9588.5078 | AA107: 8979.3293 | AB107: 8459.3513 | AC107: 219961.59
B108: SAB. | C108: 4 | E108: 8053.1961 | F108: 7829.8539 | G108: 7702.2787 | H108: 7668.9003 | I108: 7646.6439 | J108: 7728.2723 | K108: 7783.7727 | L108: 8310.286 | M108: 8906.1427 | N108: 9416.7676 | O108: 9805.7452 | P108: 10074.079 | Q108: 10027.544 | R108: 10091.129 | S108: 10378.778 | T108: 10376.57 | U108: 10173.885 | V108: 9987.5367 | W108: 10370.244 | X108: 10351.394 | Y108: 10041.404 | Z108: 9651.7302 | AA108: 9067.5296 | AB108: 8533.4807 | AC108: 219977.16
B109: DOM- FES | C109: 5 | E109: 8051.3434 | F109: 7799.0232 | G109: 7628.3188 | H109: 7560.6169 | I109: 7572.2127 | J109: 7635.0324 | K109: 7729.5418 | L109: 8267.9744 | M109: 8908.7899 | N109: 9445.2507 | O109: 9853.3338 | P109: 10175.615 | Q109: 10113.819 | R109: 10126.451 | S109: 10334.935 | T109: 10419.789 | U109: 10247.008 | V109: 10069.47 | W109: 10435.903 | X109: 10366.786 | Y109: 10021.065 | Z109: 9576.9399 | AA109: 9043.1309 | AB109: 8490.2104 | AC109: 219872.56 | AD109: 6598464.9
B111: ORD. | C111: 20 | D111: 46569 | E111: 11271.39 | F111: 11182.66 | G111: 11140.8 | H111: 11141.71 | I111: 11213.6 | J111: 11324.17 | K111: 11644.03 | L111: 11901.56 | M111: 12064 | N111: 12168.19 | O111: 12254.64 | P111: 12334.72 | Q111: 12381.13 | R111: 12315.16 | S111: 12261.92 | T111: 12212.78 | U111: 12156.82 | V111: 12144.99 | W111: 12315.16 | X111: 12378.86 | Y111: 12233.71 | Z111: 11999.84 | AA111: 11725.02 | AB111: 11456.12 | AC111: 285222.98
B112: SAB. | C112: 5 | E112: 10974.27 | F112: 10903.75 | G112: 10865.98 | H112: 10856.43 | I112: 10888.73 | J112: 10922.4 | K112: 11055.72 | L112: 11214.97 | M112: 11373.31 | N112: 11490.24 | O112: 11580.79 | P112: 11651.77 | Q112: 11682.25 | R112: 11636.75 | S112: 11567.14 | T112: 11511.17 | U112: 11470.22 | V112: 11474.32 | W112: 11595.35 | X112: 11626.29 | Y112: 11537.56 | Z112: 11395.6 | AA112: 11227.71 | AB112: 11071.19 | AC112: 271573.91
B113: DOM- FES | C113: 6 | E113: 10906.02 | F113: 10832.77 | G113: 10794.09 | H113: 10774.98 | I113: 10776.8 | J113: 10766.34 | K113: 10829.13 | L113: 10940.6 | M113: 11097.58 | N113: 11229.07 | O113: 11322.35 | P113: 11399.7 | Q113: 11453.84 | R113: 11436.1 | S113: 11372.85 | T113: 11310.97 | U113: 11282.31 | V113: 11301.87 | W113: 11435.19 | X113: 11502.53 | Y113: 11431.09 | Z113: 11295.5 | AA113: 11126.24 | AB113: 10973.82 | AC113: 267591.74 | AD113: 8667879.6
B115: ORD. | C115: 21 | D115: 46600 | E115: 8288.1428 | F115: 8056.8346 | G115: 7870.3626 | H115: 7733.7238 | I115: 7672.3962 | J115: 7737.5535 | K115: 7820.0165 | L115: 8346.0228 | M115: 8944.7646 | N115: 9428.1201 | O115: 9791.8663 | P115: 10105.828 | Q115: 10091.899 | R115: 10157.54 | S115: 10396.184 | T115: 10444.441 | U115: 10266.05 | V115: 10146.559 | W115: 10576 | X115: 10561.671 | Y115: 10243.372 | Z115: 9781.8633 | AA115: 9192.376 | AB115: 8659.1613 | AC115: 222312.75
B116: SAB. | C116: 4 | E116: 8204.9015 | F116: 8015.8702 | G116: 7927.9317 | H116: 7795.5149 | I116: 7739.5116 | J116: 7756.2838 | K116: 7806.733 | L116: 8328.9814 | M116: 8937.5729 | N116: 9508.5097 | O116: 9900.5229 | P116: 10211.16 | Q116: 10118.229 | R116: 10119.18 | S116: 10323.466 | T116: 10395.131 | U116: 10279.103 | V116: 10138.543 | W116: 10552.982 | X116: 10532.906 | Y116: 10230.906 | Z116: 9758.7284 | AA116: 9176.1036 | AB116: 8648.3955 | AC116: 222407.17
B117: DOM- FES | C117: 5 | E117: 9822.1887 | F117: 9557.7985 | G117: 9370.4849 | H117: 9320.3845 | I117: 9307.7837 | J117: 9388.9818 | K117: 9432.5292 | L117: 10008.584 | M117: 10694.111 | N117: 11316.38 | O117: 11844.751 | P117: 12246.826 | Q117: 12197.03 | R117: 12223.54 | S117: 12497.328 | T117: 12519.146 | U117: 12311.643 | V117: 12186.043 | W117: 12665.253 | X117: 12636.449 | Y117: 12239.136 | Z117: 11710.321 | AA117: 10987.874 | AB117: 10342.534 | AC117: 266827.1 | AD117: 6892331.9
B119: ORD. | C119: 22 | D119: 46631 | E119: 8325.5567 | F119: 8103.1048 | G119: 7947.9447 | H119: 7848.4822 | I119: 7810.3418 | J119: 7855.8648 | K119: 7918.4332 | L119: 8430.1144 | M119: 9030.0592 | N119: 9535.4395 | O119: 9922.808 | P119: 10226.683 | Q119: 10170.371 | R119: 10195.043 | S119: 10407.428 | T119: 10442.214 | U119: 10262.407 | V119: 10136.39 | W119: 10547.493 | X119: 10520.662 | Y119: 10207.796 | Z119: 9776.1134 | AA119: 9215.9254 | AB119: 8707.8709 | AC119: 223544.55
B120: SAB. | C120: 4 | E120: 8309.4085 | F120: 8094.6351 | G120: 7911.4839 | H120: 7803.1089 | I120: 7758.8175 | J120: 7889.9274 | K120: 7959.4443 | L120: 8454.6237 | M120: 9011.6341 | N120: 9472.2775 | O120: 9840.6953 | P120: 10194.208 | Q120: 10236.987 | R120: 10257.986 | S120: 10462.46 | T120: 10442.759 | U120: 10226.465 | V120: 10080.887 | W120: 10521.883 | X120: 10572.925 | Y120: 10275.289 | Z120: 9832.3823 | AA120: 9221.3045 | AB120: 8699.7918 | AC120: 223531.38
B121: DOM- FES | C121: 4 | E121: 8309.5087 | F121: 8103.1728 | G121: 7946.2013 | H121: 7792.3564 | I121: 7735.3356 | J121: 7827.1895 | K121: 7975.5643 | L121: 8468.6664 | M121: 9055.8646 | N121: 9508.7124 | O121: 9868.7974 | P121: 10187.705 | Q121: 10163.581 | R121: 10270.173 | S121: 10491.825 | T121: 10510.493 | U121: 10260.395 | V121: 10086.494 | W121: 10483.763 | X121: 10509.64 | Y121: 10264.914 | Z121: 9802.9392 | AA121: 9218.542 | AB121: 8691.5388 | AC121: 223533.37 | AD121: 6706239
B123: ORD. | C123: 20 | D123: 46661 | E123: 8845.41 | F123: 8749.86 | G123: 8704.78 | H123: 8705.76 | I123: 8783.18 | J123: 8902.25 | K123: 9246.72 | L123: 9524.06 | M123: 9698.99 | N123: 9811.2 | O123: 9904.3 | P123: 9990.54 | Q123: 10040.52 | R123: 9969.47 | S123: 9912.14 | T123: 9859.22 | U123: 9798.95 | V123: 9786.21 | W123: 9969.47 | X123: 10038.07 | Y123: 9881.76 | Z123: 9629.9 | AA123: 9333.94 | AB123: 9044.35 | AC123: 228131.05
B124: SAB. | C124: 5 | E124: 8525.44 | F124: 8449.49 | G124: 8408.82 | H124: 8398.53 | I124: 8433.32 | J124: 8469.58 | K124: 8613.15 | L124: 8784.65 | M124: 8955.17 | N124: 9081.1 | O124: 9178.61 | P124: 9255.05 | Q124: 9287.88 | R124: 9238.88 | S124: 9163.91 | T124: 9103.64 | U124: 9059.54 | V124: 9063.95 | W124: 9194.29 | X124: 9227.61 | Y124: 9132.06 | Z124: 8979.18 | AA124: 8798.37 | AB124: 8629.81 | AC124: 213432.03
B125: DOM- FES | C125: 6 | E125: 8275.05 | F125: 8211.35 | G125: 8178.03 | H125: 8161.86 | I125: 8163.33 | J125: 8154.51 | K125: 8208.41 | L125: 8304.45 | M125: 8439.69 | N125: 8552.88 | O125: 8633.24 | P125: 8700.37 | Q125: 8746.92 | R125: 8731.24 | S125: 8676.85 | T125: 8623.93 | U125: 8598.94 | V125: 8616.09 | W125: 8730.75 | X125: 8789.06 | Y125: 8727.32 | Z125: 8610.21 | AA125: 8464.68 | AB125: 8333.36 | AC125: 203632.52 | AD125: 6851576.3
B127: ORD. | C127: 20 | D127: 46692 | E127: 8333.4402 | F127: 8106.8527 | G127: 7937.9755 | H127: 7848.3871 | I127: 7827.8854 | J127: 7914.9361 | K127: 8004.8221 | L127: 8533.6334 | M127: 9142.5775 | N127: 9671.3506 | O127: 10079.187 | P127: 10389.683 | Q127: 10354.318 | R127: 10385.866 | S127: 10602.81 | T127: 10639.147 | U127: 10462.044 | V127: 10311.358 | W127: 10695.211 | X127: 10643.037 | Y127: 10307.618 | Z127: 9849.85 | AA127: 9267.0881 | AB127: 8747.3611 | AC127: 226056.44
B128: SAB. | C128: 4 | E128: 8414.3444 | F128: 8182.7275 | G128: 8011.6141 | H128: 7861.7039 | I128: 7792.0911 | J128: 7849.6341 | K128: 7958.3721 | L128: 8550.5126 | M128: 9171.4578 | N128: 9689.1617 | O128: 10054.298 | P128: 10377.471 | Q128: 10340.612 | R128: 10386.892 | S128: 10605.509 | T128: 10581.872 | U128: 10378.17 | V128: 10266.903 | W128: 10747.536 | X128: 10699.54 | Y128: 10368.157 | Z128: 9860.3938 | AA128: 9244.2648 | AB128: 8718.4872 | AC128: 226111.73
B129: DOM- FES | C129: 6 | E129: 8329.7468 | F129: 8167.4004 | G129: 8028.5778 | H129: 7911.1396 | I129: 7828.2578 | J129: 7887.0908 | K129: 7985.6826 | L129: 8535.8338 | M129: 9187.3932 | N129: 9667.2804 | O129: 10038.746 | P129: 10355.296 | Q129: 10320.516 | R129: 10367.073 | S129: 10580.13 | T129: 10589.348 | U129: 10370.155 | V129: 10227.753 | W129: 10633.919 | X129: 10680.981 | Y129: 10389.639 | Z129: 9920.0991 | AA129: 9304.9553 | AB129: 8732.7053 | AC129: 226039.72 | AD129: 6781814
...

Sheet Anexo 3 Oferta P1
D2: ANEXO No. 3
D3: CUADRO DE PRESENTACIÓN DE PRECIO OFERTADO
B5: Invitación N° | D5: Convoctatoria Pública No. CP-EGVC2025-001
B6: Oferente | D6: [Nombre del oferente]
B7: Modalidad | D7: Pague lo Contratado - PLC (1)
B8: Precio en | D8: $/kWh - Precios constantes de Diciembre-2024
B10: CUADRO DE PRECIOS Y CANTIDAD DE ENERGÍA OFERTADOS
B11: AÑO | C11: Cantidad de energia Solicitada kWh/mes | D11: Precio ofertado $/kWh | E11: % Energia Ofertada | F11: Cantidad de energia ofertada kWh/mes
B12: 45748 | C12: ='Cantidades - Producto 1'!AD5 -> 2660004 | E12: 0 | F12: 0 | G12: =+C12+'Anexo 3 Oferta P3'!C12 -> 5660007.8
B13: 45778 | C13: ='Cantidades - Producto 1'!AD9 -> 2837836.8 | E13: 0
B14: 45809 | C14: ='Cantidades - Producto 1'!AD13 -> 2660004 | E14: 0
B15: 45839 | C15: ='Cantidades - Producto 1'!AD17 -> 2572000.6 | E15: 0
B16: 45870 | C16: ='Cantidades - Producto 1'!AD21 -> 2572000.6 | E16: 0
B17: 45901 | C17: ='Cantidades - Producto 1'!AD25 -> 2260000.8 | E17: 0
B18: 45931 | C18: ='Cantidades - Producto 1'!AD29 -> 2572000.6 | E18: 0
B19: 45962 | C19: ='Cantidades - Producto 1'!AD33 -> 2260008 | E19: 0
B20: 45992 | C20: ='Cantidades - Producto 1'!AD37 -> 1811000.2 | E20: 0
B21: 2025 (4) | C21: =SUM(C12:C20) -> 22204855
B22: 46023 | C22: ='Cantidades - Producto 1'!AD41 -> 7059193.8 | E22: 0
B23: 46054 | C23: ='Cantidades - Producto 1'!AD45 -> 4461902.3 | E23: 0
B24: 46082 | C24: ='Cantidades - Producto 1'!AD49 -> 7812008.9 | E24: 0
B25: 46113 | C25: ='Cantidades - Producto 1'!AD53 -> 6086826.3 | E25: 0
B26: 46143 | C26: ='Cantidades - Producto 1'!AD57 -> 6327237.5 | E26: 0
B27: 46174 | C27: ='Cantidades - Producto 1'!AD61 -> 7248631.6 | E27: 0
B28: 46204 | C28: ='Cantidades - Producto 1'!AD65 -> 7314930.9 | E28: 0
B29: 46235 | C29: ='Cantidades - Producto 1'!AD69 -> 6441105.7 | E29: 0
B30: 46266 | C30: ='Cantidades - Producto 1'!AD73 -> 6270407 | E30: 0
B31: 46296 | C31: ='Cantidades - Producto 1'!AD77 -> 6516255.6 | E31: 0
B32: 46327 | C32: ='Cantidades - Producto 1'!AD81 -> 5919030.7 | E32: 0
B33: 46357 | C33: ='Cantidades - Producto 1'!AD85 -> 5077185.8 | E33: 0
B34: 2026 | C34: =SUM(C22:C33) -> 76534716
B35: 46388 | C35: ='Cantidades - Producto 1'!AD89 -> 4423628.3 | E35: 0
B36: 46419 | C36: ='Cantidades - Producto 1'!AD93 -> 4823468.9 | E36: 0
B37: 46447 | C37: ='Cantidades - Producto 1'!AD97 -> 8912198.5 | E37: 0
B38: 46478 | C38: ='Cantidades - Producto 1'!AD101 -> 7454656.5 | E38: 0
B39: 46508 | C39: ='Cantidades - Producto 1'!AD105 -> 7747001.5 | E39: 0
B40: 46539 | C40: ='Cantidades - Producto 1'!AD109 -> 6598464.9 | E40: 0
B41: 46569 | C41: ='Cantidades - Producto 1'!AD113 -> 8667879.6 | E41: 0
B42: 46600 | C42: ='Cantidades - Producto 1'!AD117 -> 6892331.9 | E42: 0
B43: 46631 | C43: ='Cantidades - Producto 1'!AD121 -> 6706239 | E43: 0
B44: 46661 | C44: ='Cantidades - Producto 1'!AD125 -> 6851576.3 | E44: 0
B45: 46692 | C45: ='Cantidades - Producto 1'!AD129 -> 6781814 | E45: 0
B46: 46722 | C46: ='Cantidades - Producto 1'!AD133 -> 7044430 | E46: 0
B47: 2027 | C47: =SUM(C35:C46) -> 82903689
B48: 46753 | C48: ='Cantidades - Producto 1'!AD137 -> 4449997.9 | E48: 0
B49: 46784 | C49: ='Cantidades - Producto 1'!AD141 -> 4450001.3 | E49: 0
B50: 46813 | C50: ='Cantidades - Producto 1'!AD145 -> 4449997.9 | E50: 0
B51: 46844 | C51: ='Cantidades - Producto 1'!AD149 -> 4450003.2 | E51: 0
B52: 46874 | C52: ='Cantidades - Producto 1'!AD153 -> 6549997.4 | E52: 0
B53: 46905 | C53: ='Cantidades - Producto 1'!AD157 -> 9549993.6 | E53: 0
B54: 46935 | C54: ='Cantidades - Producto 1'!AD161 -> 6549997.4 | E54: 0
B55: 46966 | C55: ='Cantidades - Producto 1'!AD165 -> 4464000 | E55: 0
B56: 46997 | C56: ='Cantidades - Producto 1'!AD169 -> 9549993.6 | E56: 0
B57: 47027 | C57: ='Cantidades - Producto 1'!AD173 -> 9549998.9 | E57: 0
B58: 47058 | C58: ='Cantidades - Producto 1'!AD177 -> 6549998.4 | E58: 0
B59: 47088 | C59: ='Cantidades - Producto 1'!AD181 -> 4799997.8 | E59: 0
B60: 2028 | C60: =SUM(C48:C59) -> 75363978
B61: 47119 | C61: ='Cantidades - Producto 1'!AD185 -> 5058063.4 | E61: 0
B62: 47150 | C62: ='Cantidades - Producto 1'!AD189 -> 4899995.5 | E62: 0
B63: 47178 | C63: ='Cantidades - Producto 1'!AD193 -> 4899998.9 | E63: 0
B64: 47209 | C64: ='Cantidades - Producto 1'!AD197 -> 4899996 | E64: 0
B65: 47239 | C65: ='Cantidades - Producto 1'!AD201 -> 9099997.9 | E65: 0
B66: 47270 | C66: ='Cantidades - Producto 1'!AD205 -> 9100000.8 | E66: 0
B67: 47300 | C67: ='Cantidades - Producto 1'!AD209 -> 9099997.9 | E67: 0
B68: 47331 | C68: ='Cantidades - Producto 1'!AD213 -> 9099997.9 | E68: 0
B69: 47362 | C69: ='Cantidades - Producto 1'!AD217 -> 9100000.8 | E69: 0
B70: 47392 | C70: ='Cantidades - Producto 1'!AD221 -> 9099997.9 | E70: 0
B71: 47423 | C71: ='Cantidades - Producto 1'!AD225 -> 9100000.8 | E71: 0
B72: 47453 | C72: ='Cantidades - Producto 1'!AD229 -> 5599998.7 | E72: 0
B73: 2029 | C73: =SUM(C61:C72) -> 89058047
B74: Promedio total | C74: =C21+C34+C47+C60+C73 -> 3.4606529e+08
B76: (1) PLC: Pague lo Contratado
B77: (2) Precios en Pesos colombianos, para cada periodo (mes), expresados con dos cifras decimales [$/kWh] - - Precios constantes de diciembre-2024
B78: (3) La energía ofertada y adjudicada se despachará de acuerdo con la curva de demanda definida en el Anexo No. 4.
B79: (4) Los oferentes que quieran participar en la totalidad de este producto deberán como mínimo, ofertar para el año 2025 un treinta porciento (30%) de la energía solicitada.
B80: (5) Si no se reciben la oferta minima para el año 2025 no se tendra en cuenta la oferta recibida para el 2026 hasta el 2029
B81: (6) si se recibe una oferta con la totalidad o el 100% de la energia solicitada si los precios por cada año estan por debajo del precio de reserva, se adjudicara el total del producto.
B87: Firma Oferente

Sheet Cantidades - Producto 2
A1: Cantidad Ofrecida | B1: Tipo de día | C1: N° días mes | D1: MES-AÑO | E1: H1 | F1: H2 | G1: H3 | H1: H4 | I1: H5 | J1: H6 | K1: H7 | L1: H8 | M1: H9 | N1: H10 | O1: H11 | P1: H12 | Q1: H13 | R1: H14 | S1: H15 | T1: H16 | U1: H17 | V1: H18 | W1: H19 | X1: H20 | Y1: H21 | Z1: H22 | AA1: H23 | AB1: H24 | AC1: TOTAL | AD1: TOTAL MES
A2: CANTIDADES 2025
B3: ORD. | C3: 20 | D3: 45748 | E3: 3600 | F3: 3600 | G3: 3600 | H3: 3600 | I3: 3600 | J3: 3600 | K3: 3600 | L3: 3600 | M3: 3600 | N3: 3600 | O3: 3600 | P3: 3600 | Q3: 3600 | R3: 3600 | S3: 3600 | T3: 3600 | U3: 3600 | V3: 3600 | W3: 3600 | X3: 3600 | Y3: 3600 | Z3: 3600 | AA3: 3600 | AB3: 3600 | AC3: 1728000
B4: SAB. | C4: 4 | E4: 3600 | F4: 3600 | G4: 3600 | H4: 3600 | I4: 3600 | J4: 3600 | K4: 3600 | L4: 3600 | M4: 3600 | N4: 3600 | O4: 3600 | P4: 3600 | Q4: 3600 | R4: 3600 | S4: 3600 | T4: 3600 | U4: 3600 | V4: 3600 | W4: 3600 | X4: 3600 | Y4: 3600 | Z4: 3600 | AA4: 3600 | AB4: 3600 | AC4: 345600
B5: DOM- FES | C5: 6 | E5: 3600 | F5: 3600 | G5: 3600 | H5: 3600 | I5: 3600 | J5: 3600 | K5: 3600 | L5: 3600 | M5: 3600 | N5: 3600 | O5: 3600 | P5: 3600 | Q5: 3600 | R5: 3600 | S5: 3600 | T5: 3600 | U5: 3600 | V5: 3600 | W5: 3600 | X5: 3600 | Y5: 3600 | Z5: 3600 | AA5: 3600 | AB5: 3600 | AC5: 518400 | AD5: 2592000
B7: ORD. | C7: 21 | D7: 45778 | E7: 1800 | F7: 1800 | G7: 1800 | H7: 1800 | I7: 1800 | J7: 1800 | K7: 1800 | L7: 1800 | M7: 1800 | N7: 1800 | O7: 1800 | P7: 1800 | Q7: 1800 | R7: 1800 | S7: 1800 | T7: 1800 | U7: 1800 | V7: 1800 | W7: 1800 | X7: 1800 | Y7: 1800 | Z7: 1800 | AA7: 1800 | AB7: 1800 | AC7: 907200
B8: SAB. | C8: 5 | E8: 1800 | F8: 1800 | G8: 1800 | H8: 1800 | I8: 1800 | J8: 1800 | K8: 1800 | L8: 1800 | M8: 1800 | N8: 1800 | O8: 1800 | P8: 1800 | Q8: 1800 | R8: 1800 | S8: 1800 | T8: 1800 | U8: 1800 | V8: 1800 | W8: 1800 | X8: 1800 | Y8: 1800 | Z8: 1800 | AA8: 1800 | AB8: 1800 | AC8: 216000
B9: DOM- FES | C9: 5 | E9: 1800 | F9: 1800 | G9: 1800 | H9: 1800 | I9: 1800 | J9: 1800 | K9: 1800 | L9: 1800 | M9: 1800 | N9: 1800 | O9: 1800 | P9: 1800 | Q9: 1800 | R9: 1800 | S9: 1800 | T9: 1800 | U9: 1800 | V9: 1800 | W9: 1800 | X9: 1800 | Y9: 1800 | Z9: 1800 | AA9: 1800 | AB9: 1800 | AC9: 216000 | AD9: 1339200
B11: ORD. | C11: 18 | E11: 1500 | F11: 1500 | G11: 1500 | H11: 1500 | I11: 1500 | J11: 1500 | K11: 1500 | L11: 1500 | M11: 1500 | N11: 1500 | O11: 1500 | P11: 1500 | Q11: 1500 | R11: 1500 | S11: 1500 | T11: 1500 | U11: 1500 | V11: 1500 | W11: 1500 | X11: 1500 | Y11: 1500 | Z11: 1500 | AA11: 1500 | AB11: 1500 | AC11: 648000
B12: SAB. | C12: 4 | D12: 45809 | E12: 1500 | F12: 1500 | G12: 1500 | H12: 1500 | I12: 1500 | J12: 1500 | K12: 1500 | L12: 1500 | M12: 1500 | N12: 1500 | O12: 1500 | P12: 1500 | Q12: 1500 | R12: 1500 | S12: 1500 | T12: 1500 | U12: 1500 | V12: 1500 | W12: 1500 | X12: 1500 | Y12: 1500 | Z12: 1500 | AA12: 1500 | AB12: 1500 | AC12: 144000
B13: DOM- FES | C13: 8 | E13: 1500 | F13: 1500 | G13: 1500 | H13: 1500 | I13: 1500 | J13: 1500 | K13: 1500 | L13: 1500 | M13: 1500 | N13: 1500 | O13: 1500 | P13: 1500 | Q13: 1500 | R13: 1500 | S13: 1500 | T13: 1500 | U13: 1500 | V13: 1500 | W13: 1500 | X13: 1500 | Y13: 1500 | Z13: 1500 | AA13: 1500 | AB13: 1500 | AC13: 288000 | AD13: 1080000
B15: ORD. | C15: 23 | E15: 1500 | F15: 1500 | G15: 1500 | H15: 1500 | I15: 1500 | J15: 1500 | K15: 1500 | L15: 1500 | M15: 1500 | N15: 1500 | O15: 1500 | P15: 1500 | Q15: 1500 | R15: 1500 | S15: 1500 | T15: 1500 | U15: 1500 | V15: 1500 | W15: 1500 | X15: 1500 | Y15: 1500 | Z15: 1500 | AA15: 1500 | AB15: 1500 | AC15: 828000
B16: SAB. | C16: 4 | D16: 45839 | E16: 1500 | F16: 1500 | G16: 1500 | H16: 1500 | I16: 1500 | J16: 1500 | K16: 1500 | L16: 1500 | M16: 1500 | N16: 1500 | O16: 1500 | P16: 1500 | Q16: 1500 | R16: 1500 | S16: 1500 | T16: 1500 | U16: 1500 | V16: 1500 | W16: 1500 | X16: 1500 | Y16: 1500 | Z16: 1500 | AA16: 1500 | AB16: 1500 | AC16: 144000
B17: DOM- FES | C17: 4 | E17: 1500 | F17: 1500 | G17: 1500 | H17: 1500 | I17: 1500 | J17: 1500 | K17: 1500 | L17: 1500 | M17: 1500 | N17: 1500 | O17: 1500 | P17: 1500 | Q17: 1500 | R17: 1500 | S17: 1500 | T17: 1500 | U17: 1500 | V17: 1500 | W17: 1500 | X17: 1500 | Y17: 1500 | Z17: 1500 | AA17: 1500 | AB17: 1500 | AC17: 144000 | AD17: 1116000
B19: ORD. | C19: 20 | E19: 1500 | F19: 1500 | G19: 1500 | H19: 1500 | I19: 1500 | J19: 1500 | K19: 1500 | L19: 1500 | M19: 1500 | N19: 1500 | O19: 1500 | P19: 1500 | Q19: 1500 | R19: 1500 | S19: 1500 | T19: 1500 | U19: 1500 | V19: 1500 | W19: 1500 | X19: 1500 | Y19: 1500 | Z19: 1500 | AA19: 1500 | AB19: 1500 | AC19: 720000
B20: SAB. | C20: 5 | D20: 45870 | E20: 1500 | F20: 1500 | G20: 1500 | H20: 1500 | I20: 1500 | J20: 1500 | K20: 1500 | L20: 1500 | M20: 1500 | N20: 1500 | O20: 1500 | P20: 1500 | Q20: 1500 | R20: 1500 | S20: 1500 | T20: 1500 | U20: 1500 | V20: 1500 | W20: 1500 | X20: 1500 | Y20: 1500 | Z20: 1500 | AA20: 1500 | AB20: 1500 | AC20: 180000
B21: DOM- FES | C21: 6 | E21: 1500 | F21: 1500 | G21: 1500 | H21: 1500 | I21: 1500 | J21: 1500 | K21: 1500 | L21: 1500 | M21: 1500 | N21: 1500 | O21: 1500 | P21: 1500 | Q21: 1500 | R21: 1500 | S21: 1500 | T21: 1500 | U21: 1500 | V21: 1500 | W21: 1500 | X21: 1500 | Y21: 1500 | Z21: 1500 | AA21: 1500 | AB21: 1500 | AC21: 216000 | AD21: 1116000
B23: ORD. | C23: 22 | E23: 1500 | F23: 1500 | G23: 1500 | H23: 1500 | I23: 1500 | J23: 1500 | K23: 1500 | L23: 1500 | M23: 1500 | N23: 1500 | O23: 1500 | P23: 1500 | Q23: 1500 | R23: 1500 | S23: 1500 | T23: 1500 | U23: 1500 | V23: 1500 | W23: 1500 | X23: 1500 | Y23: 1500 | Z23: 1500 | AA23: 1500 | AB23: 1500 | AC23: 792000
B24: SAB. | C24: 4 | D24: 45901 | E24: 1500 | F24: 1500 | G24: 1500 | H24: 1500 | I24: 1500 | J24: 1500 | K24: 1500 | L24: 1500 | M24: 1500 | N24: 1500 | O24: 1500 | P24: 1500 | Q24: 1500 | R24: 1500 | S24: 1500 | T24: 1500 | U24: 1500 | V24: 1500 | W24: 1500 | X24: 1500 | Y24: 1500 | Z24: 1500 | AA24: 1500 | AB24: 1500 | AC24: 144000
B25: DOM- FES | C25: 4 | E25: 1500 | F25: 1500 | G25: 1500 | H25: 1500 | I25: 1500 | J25: 1500 | K25: 1500 | L25: 1500 | M25: 1500 | N25: 1500 | O25: 1500 | P25: 1500 | Q25: 1500 | R25: 1500 | S25: 1500 | T25: 1500 | U25: 1500 | V25: 1500 | W25: 1500 | X25: 1500 | Y25: 1500 | Z25: 1500 | AA25: 1500 | AB25: 1500 | AC25: 144000 | AD25: 1080000
B27: ORD. | C27: 22 | E27: 1500 | F27: 1500 | G27: 1500 | H27: 1500 | I27: 1500 | J27: 1500 | K27: 1500 | L27: 1500 | M27: 1500 | N27: 1500 | O27: 1500 | P27: 1500 | Q27: 1500 | R27: 1500 | S27: 1500 | T27: 1500 | U27: 1500 | V27: 1500 | W27: 1500 | X27: 1500 | Y27: 1500 | Z27: 1500 | AA27: 1500 | AB27: 1500 | AC27: 792000
B28: SAB. | C28: 4 | D28: 45931 | E28: 1500 | F28: 1500 | G28: 1500 | H28: 1500 | I28: 1500 | J28: 1500 | K28: 1500 | L28: 1500 | M28: 1500 | N28: 1500 | O28: 1500 | P28: 1500 | Q28: 1500 | R28: 1500 | S28: 1500 | T28: 1500 | U28: 1500 | V28: 1500 | W28: 1500 | X28: 1500 | Y28: 1500 | Z28: 1500 | AA28: 1500 | AB28: 1500 | AC28: 144000
B29: DOM- FES | C29: 5 | E29: 1500 | F29: 1500 | G29: 1500 | H29: 1500 | I29: 1500 | J29: 1500 | K29: 1500 | L29: 1500 | M29: 1500 | N29: 1500 | O29: 1500 | P29: 1500 | Q29: 1500 | R29: 1500 | S29: 1500 | T29: 1500 | U29: 1500 | V29: 1500 | W29: 1500 | X29: 1500 | Y29: 1500 | Z29: 1500 | AA29: 1500 | AB29: 1500 | AC29: 180000 | AD29: 1116000
B31: ORD. | C31: 18 | D31: 45962 | E31: 1500 | F31: 1500 | G31: 1500 | H31: 1500 | I31: 1500 | J31: 1500 | K31: 1500 | L31: 1500 | M31: 1500 | N31: 1500 | O31: 1500 | P31: 1500 | Q31: 1500 | R31: 1500 | S31: 1500 | T31: 1500 | U31: 1500 | V31: 1500 | W31: 1500 | X31: 1500 | Y31: 1500 | Z31: 1500 | AA31: 1500 | AB31: 1500 | AC31: 648000
B32: SAB. | C32: 5 | E32: 1500 | F32: 1500 | G32: 1500 | H32: 1500 | I32: 1500 | J32: 1500 | K32: 1500 | L32: 1500 | M32: 1500 | N32: 1500 | O32: 1500 | P32: 1500 | Q32: 1500 | R32: 1500 | S32: 1500 | T32: 1500 | U32: 1500 | V32: 1500 | W32: 1500 | X32: 1500 | Y32: 1500 | Z32: 1500 | AA32: 1500 | AB32: 1500 | AC32: 180000
B33: DOM- FES | C33: 7 | E33: 1500 | F33: 1500 | G33: 1500 | H33: 1500 | I33: 1500 | J33: 1500 | K33: 1500 | L33: 1500 | M33: 1500 | N33: 1500 | O33: 1500 | P33: 1500 | Q33: 1500 | R33: 1500 | S33: 1500 | T33: 1500 | U33: 1500 | V33: 1500 | W33: 1500 | X33: 1500 | Y33: 1500 | Z33: 1500 | AA33: 1500 | AB33: 1500 | AC33: 252000 | AD33: 1080000
B35: ORD. | C35: 21 | D35: 45992 | E35: 5500 | F35: 5500 | G35: 5500 | H35: 5500 | I35: 5500 | J35: 5500 | K35: 5500 | L35: 5500 | M35: 5500 | N35: 5500 | O35: 5500 | P35: 5500 | Q35: 5500 | R35: 5500 | S35: 5500 | T35: 5500 | U35: 5500 | V35: 5500 | W35: 5500 | X35: 5500 | Y35: 5500 | Z35: 5500 | AA35: 5500 | AB35: 5500 | AC35: 2772000
B36: SAB. | C36: 4 | E36: 5500 | F36: 5500 | G36: 5500 | H36: 5500 | I36: 5500 | J36: 5500 | K36: 5500 | L36: 5500 | M36: 5500 | N36: 5500 | O36: 5500 | P36: 5500 | Q36: 5500 | R36: 5500 | S36: 5500 | T36: 5500 | U36: 5500 | V36: 5500 | W36: 5500 | X36: 5500 | Y36: 5500 | Z36: 5500 | AA36: 5500 | AB36: 5500 | AC36: 528000
B37: DOM- FES | C37: 6 | E37: 5500 | F37: 5500 | G37: 5500 | H37: 5500 | I37: 5500 | J37: 5500 | K37: 5500 | L37: 5500 | M37: 5500 | N37: 5500 | O37: 5500 | P37: 5500 | Q37: 5500 | R37: 5500 | S37: 5500 | T37: 5500 | U37: 5500 | V37: 5500 | W37: 5500 | X37: 5500 | Y37: 5500 | Z37: 5500 | AA37: 5500 | AB37: 5500 | AC37: 792000 | AD37: 4092000
A39: CANTIDADES 2026
B40: ORD. | C40: 20 | D40: 46023 | E40: 2077.6583 | F40: 2077.6583 | G40: 2077.6583 | H40: 2077.6583 | I40: 2077.6583 | J40: 2077.6583 | K40: 2077.6583 | L40: 2077.6583 | M40: 2077.6583 | N40: 2077.6583 | O40: 2077.6583 | P40: 2077.6583 | Q40: 2077.6583 | R40: 2077.6583 | S40: 2077.6583 | T40: 2077.6583 | U40: 2077.6583 | V40: 2077.6583 | W40: 2077.6583 | X40: 2077.6583 | Y40: 2077.6583 | Z40: 2077.6583 | AA40: 2077.6583 | AB40: 2077.6583 | AC40: 49863.799
B41: SAB. | C41: 5 | E41: 2077.6583 | F41: 2077.6583 | G41: 2077.6583 | H41: 2077.6583 | I41: 2077.6583 | J41: 2077.6583 | K41: 2077.6583 | L41: 2077.6583 | M41: 2077.6583 | N41: 2077.6583 | O41: 2077.6583 | P41: 2077.6583 | Q41: 2077.6583 | R41: 2077.6583 | S41: 2077.6583 | T41: 2077.6583 | U41: 2077.6583 | V41: 2077.6583 | W41: 2077.6583 | X41: 2077.6583 | Y41: 2077.6583 | Z41: 2077.6583 | AA41: 2077.6583 | AB41: 2077.6583 | AC41: 49863.799
B42: DOM- FES | C42: 6 | E42: 2077.6583 | F42: 2077.6583 | G42: 2077.6583 | H42: 2077.6583 | I42: 2077.6583 | J42: 2077.6583 | K42: 2077.6583 | L42: 2077.6583 | M42: 2077.6583 | N42: 2077.6583 | O42: 2077.6583 | P42: 2077.6583 | Q42: 2077.6583 | R42: 2077.6583 | S42: 2077.6583 | T42: 2077.6583 | U42: 2077.6583 | V42: 2077.6583 | W42: 2077.6583 | X42: 2077.6583 | Y42: 2077.6583 | Z42: 2077.6583 | AA42: 2077.6583 | AB42: 2077.6583 | AC42: 49863.799 | AD42: 1545777.8
B44: ORD. | C44: 20 | D44: 46054 | E44: 4295.8431 | F44: 4295.8431 | G44: 4295.8431 | H44: 4295.8431 | I44: 4295.8431 | J44: 4295.8431 | K44: 4295.8431 | L44: 4295.8431 | M44: 4295.8431 | N44: 4295.8431 | O44: 4295.8431 | P44: 4295.8431 | Q44: 4295.8431 | R44: 4295.8431 | S44: 4295.8431 | T44: 4295.8431 | U44: 4295.8431 | V44: 4295.8431 | W44: 4295.8431 | X44: 4295.8431 | Y44: 4295.8431 | Z44: 4295.8431 | AA44: 4295.8431 | AB44: 4295.8431 | AC44: 103100.24
B45: SAB. | C45: 4 | E45: 4295.8431 | F45: 4295.8431 | G45: 4295.8431 | H45: 4295.8431 | I45: 4295.8431 | J45: 4295.8431 | K45: 4295.8431 | L45: 4295.8431 | M45: 4295.8431 | N45: 4295.8431 | O45: 4295.8431 | P45: 4295.8431 | Q45: 4295.8431 | R45: 4295.8431 | S45: 4295.8431 | T45: 4295.8431 | U45: 4295.8431 | V45: 4295.8431 | W45: 4295.8431 | X45: 4295.8431 | Y45: 4295.8431 | Z45: 4295.8431 | AA45: 4295.8431 | AB45: 4295.8431 | AC45: 103100.24
B46: DOM- FES | C46: 4 | E46: 4295.8431 | F46: 4295.8431 | G46: 4295.8431 | H46: 4295.8431 | I46: 4295.8431 | J46: 4295.8431 | K46: 4295.8431 | L46: 4295.8431 | M46: 4295.8431 | N46: 4295.8431 | O46: 4295.8431 | P46: 4295.8431 | Q46: 4295.8431 | R46: 4295.8431 | S46: 4295.8431 | T46: 4295.8431 | U46: 4295.8431 | V46: 4295.8431 | W46: 4295.8431 | X46: 4295.8431 | Y46: 4295.8431 | Z46: 4295.8431 | AA46: 4295.8431 | AB46: 4295.8431 | AC46: 103100.24 | AD46: 2886806.6
B48: ORD. | C48: 21 | D48: 46082 | E48: 1400 | F48: 1400 | G48: 1400 | H48: 1400 | I48: 1400 | J48: 1400 | K48: 1400 | L48: 1400 | M48: 1400 | N48: 1400 | O48: 1400 | P48: 1400 | Q48: 1400 | R48: 1400 | S48: 1400 | T48: 1400 | U48: 1400 | V48: 1400 | W48: 1400 | X48: 1400 | Y48: 1400 | Z48: 1400 | AA48: 1400 | AB48: 1400 | AC48: 33600
B49: SAB. | C49: 4 | E49: 1400 | F49: 1400 | G49: 1400 | H49: 1400 | I49: 1400 | J49: 1400 | K49: 1400 | L49: 1400 | M49: 1400 | N49: 1400 | O49: 1400 | P49: 1400 | Q49: 1400 | R49: 1400 | S49: 1400 | T49: 1400 | U49: 1400 | V49: 1400 | W49: 1400 | X49: 1400 | Y49: 1400 | Z49: 1400 | AA49: 1400 | AB49: 1400 | AC49: 33600
B50: DOM- FES | C50: 6 | E50: 1400 | F50: 1400 | G50: 1400 | H50: 1400 | I50: 1400 | J50: 1400 | K50: 1400 | L50: 1400 | M50: 1400 | N50: 1400 | O50: 1400 | P50: 1400 | Q50: 1400 | R50: 1400 | S50: 1400 | T50: 1400 | U50: 1400 | V50: 1400 | W50: 1400 | X50: 1400 | Y50: 1400 | Z50: 1400 | AA50: 1400 | AB50: 1400 | AC50: 33600 | AD50: 1041600
B52: ORD. | C52: 20 | D52: 46113 | E52: 3176.2886 | F52: 3176.2886 | G52: 3176.2886 | H52: 3176.2886 | I52: 3176.2886 | J52: 3176.2886 | K52: 3176.2886 | L52: 3176.2886 | M52: 3176.2886 | N52: 3176.2886 | O52: 3176.2886 | P52: 3176.2886 | Q52: 3176.2886 | R52: 3176.2886 | S52: 3176.2886 | T52: 3176.2886 | U52: 3176.2886 | V52: 3176.2886 | W52: 3176.2886 | X52: 3176.2886 | Y52: 3176.2886 | Z52: 3176.2886 | AA52: 3176.2886 | AB52: 3176.2886 | AC52: 76230.925
B53: SAB. | C53: 4 | E53: 3176.2886 | F53: 3176.2886 | G53: 3176.2886 | H53: 3176.2886 | I53: 3176.2886 | J53: 3176.2886 | K53: 3176.2886 | L53: 3176.2886 | M53: 3176.2886 | N53: 3176.2886 | O53: 3176.2886 | P53: 3176.2886 | Q53: 3176.2886 | R53: 3176.2886 | S53: 3176.2886 | T53: 3176.2886 | U53: 3176.2886 | V53: 3176.2886 | W53: 3176.2886 | X53: 3176.2886 | Y53: 3176.2886 | Z53: 3176.2886 | AA53: 3176.2886 | AB53: 3176.2886 | AC53: 76230.925
B54: DOM- FES | C54: 6 | E54: 3176.2886 | F54: 3176.2886 | G54: 3176.2886 | H54: 3176.2886 | I54: 3176.2886 | J54: 3176.2886 | K54: 3176.2886 | L54: 3176.2886 | M54: 3176.2886 | N54: 3176.2886 | O54: 3176.2886 | P54: 3176.2886 | Q54: 3176.2886 | R54: 3176.2886 | S54: 3176.2886 | T54: 3176.2886 | U54: 3176.2886 | V54: 3176.2886 | W54: 3176.2886 | X54: 3176.2886 | Y54: 3176.2886 | Z54: 3176.2886 | AA54: 3176.2886 | AB54: 3176.2886 | AC54: 76230.925 | AD54: 2286927.8
B56: ORD. | C56: 19 | D56: 46143 | E56: 3182.8788 | F56: 3182.8788 | G56: 3182.8788 | H56: 3182.8788 | I56: 3182.8788 | J56: 3182.8788 | K56: 3182.8788 | L56: 3182.8788 | M56: 3182.8788 | N56: 3182.8788 | O56: 3182.8788 | P56: 3182.8788 | Q56: 3182.8788 | R56: 3182.8788 | S56: 3182.8788 | T56: 3182.8788 | U56: 3182.8788 | V56: 3182.8788 | W56: 3182.8788 | X56: 3182.8788 | Y56: 3182.8788 | Z56: 3182.8788 | AA56: 3182.8788 | AB56: 3182.8788 | AC56: 76389.091
B57: SAB. | C57: 5 | E57: 3182.8788 | F57: 3182.8788 | G57: 3182.8788 | H57: 3182.8788 | I57: 3182.8788 | J57: 3182.8788 | K57: 3182.8788 | L57: 3182.8788 | M57: 3182.8788 | N57: 3182.8788 | O57: 3182.8788 | P57: 3182.8788 | Q57: 3182.8788 | R57: 3182.8788 | S57: 3182.8788 | T57: 3182.8788 | U57: 3182.8788 | V57: 3182.8788 | W57: 3182.8788 | X57: 3182.8788 | Y57: 3182.8788 | Z57: 3182.8788 | AA57: 3182.8788 | AB57: 3182.8788 | AC57: 76389.091
B58: DOM- FES | C58: 7 | E58: 3182.8788 | F58: 3182.8788 | G58: 3182.8788 | H58: 3182.8788 | I58: 3182.8788 | J58: 3182.8788 | K58: 3182.8788 | L58: 3182.8788 | M58: 3182.8788 | N58: 3182.8788 | O58: 3182.8788 | P58: 3182.8788 | Q58: 3182.8788 | R58: 3182.8788 | S58: 3182.8788 | T58: 3182.8788 | U58: 3182.8788 | V58: 3182.8788 | W58: 3182.8788 | X58: 3182.8788 | Y58: 3182.8788 | Z58: 3182.8788 | AA58: 3182.8788 | AB58: 3182.8788 | AC58: 76389.091 | AD58: 2368061.8
B60: ORD. | C60: 19 | D60: 46174 | E60: 1900 | F60: 1900 | G60: 1900 | H60: 1900 | I60: 1900 | J60: 1900 | K60: 1900 | L60: 1900 | M60: 1900 | N60: 1900 | O60: 1900 | P60: 1900 | Q60: 1900 | R60: 1900 | S60: 1900 | T60: 1900 | U60: 1900 | V60: 1900 | W60: 1900 | X60: 1900 | Y60: 1900 | Z60: 1900 | AA60: 1900 | AB60: 1900 | AC60: 45600
B61: SAB. | C61: 4 | E61: 1900 | F61: 1900 | G61: 1900 | H61: 1900 | I61: 1900 | J61: 1900 | K61: 1900 | L61: 1900 | M61: 1900 | N61: 1900 | O61: 1900 | P61: 1900 | Q61: 1900 | R61: 1900 | S61: 1900 | T61: 1900 | U61: 1900 | V61: 1900 | W61: 1900 | X61: 1900 | Y61: 1900 | Z61: 1900 | AA61: 1900 | AB61: 1900 | AC61: 45600
B62: DOM- FES | C62: 7 | E62: 1900 | F62: 1900 | G62: 1900 | H62: 1900 | I62: 1900 | J62: 1900 | K62: 1900 | L62: 1900 | M62: 1900 | N62: 1900 | O62: 1900 | P62: 1900 | Q62: 1900 | R62: 1900 | S62: 1900 | T62: 1900 | U62: 1900 | V62: 1900 | W62: 1900 | X62: 1900 | Y62: 1900 | Z62: 1900 | AA62: 1900 | AB62: 1900 | AC62: 45600 | AD62: 1368000
B64: ORD. | C64: 22 | D64: 46204 | E64: 2179.5529 | F64: 2179.5529 | G64: 2179.5529 | H64: 2179.5529 | I64: 2179.5529 | J64: 2179.5529 | K64: 2179.5529 | L64: 2179.5529 | M64: 2179.5529 | N64: 2179.5529 | O64: 2179.5529 | P64: 2179.5529 | Q64: 2179.5529 | R64: 2179.5529 | S64: 2179.5529 | T64: 2179.5529 | U64: 2179.5529 | V64: 2179.5529 | W64: 2179.5529 | X64: 2179.5529 | Y64: 2179.5529 | Z64: 2179.5529 | AA64: 2179.5529 | AB64: 2179.5529 | AC64: 52309.27
B65: SAB. | C65: 4 | E65: 2179.5529 | F65: 2179.5529 | G65: 2179.5529 | H65: 2179.5529 | I65: 2179.5529 | J65: 2179.5529 | K65: 2179.5529 | L65: 2179.5529 | M65: 2179.5529 | N65: 2179.5529 | O65: 2179.5529 | P65: 2179.5529 | Q65: 2179.5529 | R65: 2179.5529 | S65: 2179.5529 | T65: 2179.5529 | U65: 2179.5529 | V65: 2179.5529 | W65: 2179.5529 | X65: 2179.5529 | Y65: 2179.5529 | Z65: 2179.5529 | AA65: 2179.5529 | AB65: 2179.5529 | AC65: 52309.27
B66: DOM- FES | C66: 5 | E66: 2179.5529 | F66: 2179.5529 | G66: 2179.5529 | H66: 2179.5529 | I66: 2179.5529 | J66: 2179.5529 | K66: 2179.5529 | L66: 2179.5529 | M66: 2179.5529 | N66: 2179.5529 | O66: 2179.5529 | P66: 2179.5529 | Q66: 2179.5529 | R66: 2179.5529 | S66: 2179.5529 | T66: 2179.5529 | U66: 2179.5529 | V66: 2179.5529 | W66: 2179.5529 | X66: 2179.5529 | Y66: 2179.5529 | Z66: 2179.5529 | AA66: 2179.5529 | AB66: 2179.5529 | AC66: 52309.27 | AD66: 1621587.4
B68: ORD. | C68: 19 | D68: 46235 | E68: 3270.8359 | F68: 3270.8359 | G68: 3270.8359 | H68: 3270.8359 | I68: 3270.8359 | J68: 3270.8359 | K68: 3270.8359 | L68: 3270.8359 | M68: 3270.8359 | N68: 3270.8359 | O68: 3270.8359 | P68: 3270.8359 | Q68: 3270.8359 | R68: 3270.8359 | S68: 3270.8359 | T68: 3270.8359 | U68: 3270.8359 | V68: 3270.8359 | W68: 3270.8359 | X68: 3270.8359 | Y68: 3270.8359 | Z68: 3270.8359 | AA68: 3270.8359 | AB68: 3270.8359 | AC68: 78500.063
B69: SAB. | C69: 5 | E69: 3270.8359 | F69: 3270.8359 | G69: 3270.8359 | H69: 3270.8359 | I69: 3270.8359 | J69: 3270.8359 | K69: 3270.8359 | L69: 3270.8359 | M69: 3270.8359 | N69: 3270.8359 | O69: 3270.8359 | P69: 3270.8359 | Q69: 3270.8359 | R69: 3270.8359 | S69: 3270.8359 | T69: 3270.8359 | U69: 3270.8359 | V69: 3270.8359 | W69: 3270.8359 | X69: 3270.8359 | Y69: 3270.8359 | Z69: 3270.8359 | AA69: 3270.8359 | AB69: 3270.8359 | AC69: 78500.063
B70: DOM- FES | C70: 7 | E70: 3270.8359 | F70: 3270.8359 | G70: 3270.8359 | H70: 3270.8359 | I70: 3270.8359 | J70: 3270.8359 | K70: 3270.8359 | L70: 3270.8359 | M70: 3270.8359 | N70: 3270.8359 | O70: 3270.8359 | P70: 3270.8359 | Q70: 3270.8359 | R70: 3270.8359 | S70: 3270.8359 | T70: 3270.8359 | U70: 3270.8359 | V70: 3270.8359 | W70: 3270.8359 | X70: 3270.8359 | Y70: 3270.8359 | Z70: 3270.8359 | AA70: 3270.8359 | AB70: 3270.8359 | AC70: 78500.063 | AD70: 2433501.9
G71: 3111.4686
B72: ORD. | C72: 20 | D72: 46266 | E72: 3257.94 | F72: 3171.2812 | H72: 3072.0063 | I72: 3058.389 | J72: 3090.7333 | K72: 3130.4136 | L72: 3367.0512 | M72: 3635.7762 | N72: 3852.8037 | O72: 4014.7685 | P72: 4144.0345 | Q72: 4127.9606 | R72: 4146.9045 | S72: 4245.334 | T72: 4254.5994 | U72: 4166.9309 | V72: 4095.6226 | W72: 4264.1832 | X72: 4255.6834 | Y72: 4119.4297 | Z72: 3920.2451 | AA72: 3664.2607 | AB72: 3428.3472 | AC72: 86484.699
B73: SAB. | C73: 4 | E73: 3287.6415 | F73: 3176.4347 | G73: 3096.9711 | H73: 3048.2126 | I73: 3043.167 | J73: 3102.2817 | K73: 3144.3909 | L73: 3374.0343 | M73: 3621.8303 | N73: 3839.7087 | O73: 4003.7667 | P73: 4143.2303 | Q73: 4130.0803 | R73: 4125.4512 | S73: 4212.3505 | T73: 4234.1004 | U73: 4183.1785 | V73: 4112.7964 | W73: 4282.839 | X73: 4252.7874 | Y73: 4104.7411 | Z73: 3909.1012 | AA73: 3660.2396 | AB73: 3463.5431 | AC73: 89552.879
B74: DOM- FES | C74: 6 | E74: 3297.4042 | F74: 3197.7324 | G74: 3113.2521 | H74: 3063.4602 | I74: 3037.142 | J74: 3072.0778 | K74: 3120.2521 | L74: 3336.8059 | M74: 3595.6239 | N74: 3815.0072 | O74: 3992.2838 | P74: 4138.0033 | Q74: 4129.9665 | R74: 4145.2099 | S74: 4226.9811 | T74: 4228.7566 | U74: 4142.9542 | V74: 4105.4485 | W74: 4291.8366 | X74: 4274.7238 | Y74: 4132.6237 | Z74: 3935.0637 | AA74: 3678.4779 | AB74: 3459.3181 | AC74: 89530.405 | AD74: 2625087.9
B76: ORD. | C76: 21 | D76: 46296 | E76: 3305.8887 | F76: 3203.4902 | G76: 3124.3435 | H76: 3076.9871 | I76: 3062.9518 | J76: 3100.1094 | K76: 3135.1487 | L76: 3357.761 | M76: 3609.8362 | N76: 3827.1017 | O76: 4002.0283 | P76: 4150.211 | Q76: 4148.738 | R76: 4175.7803 | S76: 4273.4391 | T76: 4281.2584 | U76: 4200.4499 | V76: 4145.1948 | W76: 4320.4644 | X76: 4301.0798 | Y76: 4157.0676 | Z76: 3956.1128 | AA76: 3701.3979 | AB76: 3475.3873 | AC76: 90092.228
B77: SAB. | C77: 5 | E77: 3301.0578 | F77: 3226.2667 | G77: 3154.4986 | H77: 3104.4673 | I77: 3061.5462 | J77: 3074.3891 | K77: 3101.427 | L77: 3336.9747 | M77: 3618.6412 | N77: 3832.7208 | O77: 3998.3877 | P77: 4134.2834 | Q77: 4131.6485 | R77: 4150.6729 | S77: 4257.5803 | T77: 4287.702 | U77: 4204.8256 | V77: 4147.2922 | W77: 4318.2639 | X77: 4321.9266 | Y77: 4179.622 | Z77: 3977.8993 | AA77: 3720.6176 | AB77: 3471.4625 | AC77: 90114.174
B78: DOM- FES | C78: 5 | E78: 3296.221 | F78: 3212.5664 | G78: 3173.2259 | H78: 3132.8094 | I78: 3105.7932 | J78: 3110.6496 | K78: 3129.2923 | L78: 3343.0312 | M78: 3605.5884 | N78: 3842.6651 | O78: 4011.9192 | P78: 4150.2445 | Q78: 4126.8681 | R78: 4141.7676 | S78: 4232.371 | T78: 4246.0555 | U78: 4163.5368 | V78: 4087.9473 | W78: 4264.4396 | X78: 4271.881 | Y78: 4171.5193 | Z78: 3985.125 | AA78: 3734.9734 | AB78: 3494.1693 | AC78: 90034.66 | AD78: 2792681
B80: ORD. | C80: 19 | D80: 46327 | E80: 3344.0701 | F80: 3344.0701 | G80: 3344.0701 | H80: 3344.0701 | I80: 3344.0701 | J80: 3344.0701 | K80: 3344.0701 | L80: 3344.0701 | M80: 3344.0701 | N80: 3344.0701 | O80: 3344.0701 | P80: 3344.0701 | Q80: 3344.0701 | R80: 3344.0701 | S80: 3344.0701 | T80: 3344.0701 | U80: 3344.0701 | V80: 3344.0701 | W80: 3344.0701 | X80: 3344.0701 | Y80: 3344.0701 | Z80: 3344.0701 | AA80: 3344.0701 | AB80: 3344.0701 | AC80: 80257.683
B81: SAB. | C81: 4 | E81: 3344.0701 | F81: 3344.0701 | G81: 3344.0701 | H81: 3344.0701 | I81: 3344.0701 | J81: 3344.0701 | K81: 3344.0701 | L81: 3344.0701 | M81: 3344.0701 | N81: 3344.0701 | O81: 3344.0701 | P81: 3344.0701 | Q81: 3344.0701 | R81: 3344.0701 | S81: 3344.0701 | T81: 3344.0701 | U81: 3344.0701 | V81: 3344.0701 | W81: 3344.0701 | X81: 3344.0701 | Y81: 3344.0701 | Z81: 3344.0701 | AA81: 3344.0701 | AB81: 3344.0701 | AC81: 80257.683
B82: DOM- FES | C82: 5 | E82: 3344.0701 | F82: 3344.0701 | G82: 3344.0701 | H82: 3344.0701 | I82: 3344.0701 | J82: 3344.0701 | K82: 3344.0701 | L82: 3344.0701 | M82: 3344.0701 | N82: 3344.0701 | O82: 3344.0701 | P82: 3344.0701 | Q82: 3344.0701 | R82: 3344.0701 | S82: 3344.0701 | T82: 3344.0701 | U82: 3344.0701 | V82: 3344.0701 | W82: 3344.0701 | X82: 3344.0701 | Y82: 3344.0701 | Z82: 3344.0701 | AA82: 3344.0701 | AB82: 3344.0701 | AC82: 80257.683 | AD82: 2247215.1
B84: ORD. | C84: 21 | D84: 46357 | E84: 4723.3059 | F84: 4514.5981 | G84: 4315.4668 | H84: 4151.9524 | I84: 4011.8982 | J84: 3990.5273 | K84: 3762.0912 | L84: 4200.4356 | M84: 4857.4297 | N84: 5447.108 | O84: 5895.1376 | P84: 6267.3648 | Q84: 6179.497 | R84: 6289.7926 | S84: 6624.9857 | T84: 6700.1849 | U84: 6485.3699 | V84: 6317.039 | W84: 6733.4839 | X84: 6641.2681 | Y84: 6347.8186 | Z84: 5951.3849 | AA84: 5421.4966 | AB84: 5008.1033 | AC84: 130837.74
B85: SAB. | C85: 4 | E85: 4721.9691 | F85: 4496.8219 | G85: 4333.2448 | H85: 4196.6077 | I85: 4053.6646 | J85: 4095.2758 | K85: 4013.0611 | L85: 4620.8568 | M85: 5239.5373 | N85: 5752.5156 | O85: 6114.2011 | P85: 6405.3074 | Q85: 6288.5231 | R85: 6460.4073 | S85: 6977.4123 | T85: 7069.3955 | U85: 6839.6345 | V85: 6573.7371 | W85: 6947.8536 | X85: 6861.3055 | Y85: 6578.6576 | Z85: 6230.0705 | AA85: 5659.1601 | AB85: 5152.6779 | AC85: 135681.9
B86: DOM- FES | C86: 5 | E86: 5009.317 | F86: 4823.1548 | G86: 4697.2712 | H86: 4606.6623 | I86: 4553.2098 | J86: 4601.2141 | K86: 4600.2788 | L86: 5195.2435 | M86: 5925.5156 | N86: 6461.1758 | O86: 6919.8001 | P86: 7222.2816 | Q86: 7050.2238 | R86: 7105.6818 | S86: 7481.7707 | T86: 7636.1558 | U86: 7393.1372 | V86: 7167.6927 | W86: 7550.5676 | X86: 7461.4844 | Y86: 7106.4848 | Z86: 6664.4519 | AA86: 6097.1375 | AB86: 5500.8121 | AC86: 148830.72 | AD86: 4034473.8
A87: CANTIDADES 2027
B88: ORD. | C88: 19 | D88: 46388 | E88: 5562.6366 | F88: 5369.1946 | G88: 5216.7328 | H88: 5098.408 | I88: 4996.7004 | J88: 4994.0745 | K88: 4746.6364 | L88: 5203.5165 | M88: 5876.9129 | N88: 6457.8055 | O88: 6899.5236 | P88: 7242.905 | Q88: 7135.5556 | R88: 7263.0685 | S88: 7640.5363 | T88: 7733.4069 | U88: 7527.1406 | V88: 7306.2623 | W88: 7667.8918 | X88: 7561.9246 | Y88: 7287.9368 | Z88: 6930.5562 | AA88: 6410.2126 | AB88: 5956.3169 | AC88: 154085.86
B89: SAB. | C89: 5 | E89: 5988.0983 | F89: 5775.055 | G89: 5559.1187 | H89: 5441.64 | I89: 5353.6817 | J89: 5472.7672 | K89: 5510.0993 | L89: 6045.4646 | M89: 6727.3274 | N89: 7330.8249 | O89: 7838.3808 | P89: 8169.8777 | Q89: 8085.4146 | R89: 8166.9026 | S89: 8506.0833 | T89: 8577.1237 | U89: 8341.6655 | V89: 8199.0438 | W89: 8641.722 | X89: 8562.2309 | Y89: 8121.3117 | Z89: 7567.6652 | AA89: 6886.347 | AB89: 6342.8858 | AC89: 171210.73
B90: DOM- FES | C90: 7 | E90: 6175.987 | F90: 5954.7801 | G90: 5806.958 | H90: 5695.379 | I90: 5644.1668 | J90: 5738.7141 | K90: 5808.7417 | L90: 6492.4338 | M90: 7214.4845 | N90: 7857.4209 | O90: 8318.122 | P90: 8750.9536 | Q90: 8679.6593 | R90: 8735.524 | S90: 9083.1555 | T90: 9098.0235 | U90: 8798.087 | V90: 8583.0127 | W90: 9104.9886 | X90: 9004.6786 | Y90: 8584.1256 | Z90: 7978.6455 | AA90: 7241.2231 | AB90: 6604.9264 | AC90: 180954.19 | AD90: 5050364.3
B92: ORD. | C92: 20 | D92: 46419 | E92: 4642.8524 | F92: 4423.7373 | G92: 4212.863 | H92: 4046.8623 | I92: 3907.5824 | J92: 3899.8661 | K92: 3690.9615 | L92: 4187.0546 | M92: 4891.3509 | N92: 5495.0721 | O92: 5953.4035 | P92: 6317.9909 | Q92: 6218.9376 | R92: 6329.6844 | S92: 6689.2103 | T92: 6790.4463 | U92: 6587.8438 | V92: 6415.4071 | W92: 6814.1701 | X92: 6692.0589 | Y92: 6366.0384 | Z92: 5947.2187 | AA92: 5407.9803 | AB92: 4965.4924 | AC92: 130894.09
B93: SAB. | C93: 4 | E93: 4659.0481 | F93: 4498.9923 | G93: 4430.6531 | H93: 4269.0439 | I93: 4146.4177 | J93: 4131.9129 | K93: 4025.2847 | L93: 4542.225 | M93: 5231.1155 | N93: 5892.8597 | O93: 6354.0406 | P93: 6733.4819 | Q93: 6614.9197 | R93: 6739.0811 | S93: 7136.1581 | T93: 7259.3973 | U93: 7045.919 | V93: 6774.8204 | W93: 7177.4956 | X93: 7142.933 | Y93: 6908.8991 | Z93: 6406.2286 | AA93: 5772.0181 | AB93: 5158.8543 | AC93: 139051.8
B94: DOM- FES | C94: 4 | E94: 5012.3039 | F94: 4787.1325 | G94: 4613.9082 | H94: 4582.4144 | I94: 4525.9777 | J94: 4622.635 | K94: 4579.4358 | L94: 5149.9945 | M94: 5820.5178 | N94: 6462.9728 | O94: 7020.8087 | P94: 7385.2605 | Q94: 7287.1732 | R94: 7361.3509 | S94: 7762.5533 | T94: 7845.2707 | U94: 7614.3703 | V94: 7397.573 | W94: 7804.6035 | X94: 7697.8622 | Y94: 7318.1196 | Z94: 6902.1033 | AA94: 6231.4387 | AB94: 5606.2478 | AC94: 151392.03 | AD94: 3779657
B96: ORD. | C96: 20 | D96: 46447 | E96: 0 | F96: 0 | G96: 0 | H96: 0 | I96: 0 | J96: 0 | K96: 0 | L96: 0 | M96: 0 | N96: 597.56178 | O96: 1062.6295 | P96: 1445.9868 | Q96: 1355.0799 | R96: 1507.6722 | S96: 1906.7889 | T96: 2034.3937 | U96: 1842.5641 | V96: 1650.7541 | W96: 2054.0459 | X96: 1962.6246 | Y96: 1676.0126 | Z96: 1292.7619 | AA96: 758.17657 | AB96: 252.72539 | AC96: 21399.778
B97: SAB. | C97: 4 | E97: 0 | F97: 0 | G97: 0 | H97: 0 | I97: 0 | J97: 0 | K97: 0 | L97: 0 | M97: 415.11127 | N97: 921.54923 | O97: 1335.2388 | P97: 1759.1681 | Q97: 1777.2685 | R97: 1887.5064 | S97: 2297.4614 | T97: 2409.6538 | U97: 2216.9587 | V97: 1995.7034 | W97: 2427.6114 | X97: 2356.2744 | Y97: 1986.2222 | Z97: 1517.8972 | AA97: 900.41796 | AB97: 450.59374 | AC97: 26654.636
B98: DOM- FES | C98: 7 | E98: 188.13281 | F98: 0 | G98: 0 | H98: 0 | I98: 0 | J98: 0 | K98: 0 | L98: 392.54599 | M98: 1109.9616 | N98: 1709.1976 | O98: 2206.7887 | P98: 2606.061 | Q98: 2543.3209 | R98: 2676.1119 | S98: 3063.913 | T98: 3125.1297 | U98: 2857.5899 | V98: 2663.3173 | W98: 3102.349 | X98: 2951.5595 | Y98: 2548.1352 | Z98: 1957.1294 | AA98: 1258.715 | AB98: 676.92474 | AC98: 37636.883 | AD98: 798072.29
B100: ORD. | C100: 22 | D100: 46478 | E100: 2307.263 | F100: 2240.3707 | G100: 2191.9717 | H100: 2161.9986 | I100: 2149.301 | J100: 2168.63 | K100: 2190.1601 | L100: 2333.5652 | M100: 2498.9041 | N100: 2638.3923 | O100: 2747.1396 | P100: 2840.0633 | Q100: 2833.5165 | R100: 2846.246 | S100: 2907.8409 | T100: 2910.9388 | U100: 2854.944 | V100: 2822.5392 | W100: 2948.2296 | X100: 2949.8382 | Y100: 2864.3601 | Z100: 2735.8298 | AA100: 2566.5372 | AB100: 2416.5349 | AC100: 62125.115
B101: SAB. | C101: 4 | E101: 2291.4064 | F101: 2248.6135 | G101: 2200.9574 | H101: 2163.7175 | I101: 2139.0915 | J101: 2146.1109 | K101: 2162.9057 | L101: 2322.0067 | M101: 2515.005 | N101: 2653.6747 | O101: 2760.7706 | P101: 2838.5615 | Q101: 2821.6682 | R101: 2830.0321 | S101: 2900.8929 | T101: 2928.5587 | U101: 2880.2908 | V101: 2845.5786 | W101: 2956.3668 | X101: 2952.1995 | Y101: 2859.9926 | Z101: 2731.4252 | AA101: 2563.6434 | AB101: 2398.9714 | AC101: 62112.442
B102: DOM- FES | C102: 4 | E102: 2284.6973 | F102: 2230.6884 | G102: 2205.5631 | H102: 2167.7297 | I102: 2151.7288 | J102: 2156.5208 | K102: 2170.9349 | L102: 2320.1487 | M102: 2494.032 | N102: 2657.1568 | O102: 2769.1606 | P102: 2857.9139 | Q102: 2831.3624 | R102: 2831.634 | S102: 2890.0013 | T102: 2910.4773 | U102: 2877.3264 | V102: 2837.1663 | W102: 2955.5775 | X102: 2949.8415 | Y102: 2863.5556 | Z102: 2728.6479 | AA102: 2562.1836 | AB102: 2411.4099 | AC102: 62115.459 | AD102: 1863664.1
B104: ORD. | C104: 19 | D104: 46508 | E104: 2320.9035 | F104: 2260.5634 | G104: 2215.3305 | H104: 2181.5875 | I104: 2166.534 | J104: 2181.6644 | K104: 2202.2142 | L104: 2350.5729 | M104: 2523.5598 | N104: 2667.299 | O104: 2778.2118 | P104: 2861.0026 | Q104: 2845.5738 | R104: 2855.5359 | S104: 2920.8127 | T104: 2934.4418 | U104: 2882.1553 | V104: 2841.9504 | W104: 2953.5364 | X104: 2945.0866 | Y104: 2855.1057 | Z104: 2728.8048 | AA104: 2567.9177 | AB104: 2425.6368 | AC104: 62466.002
B105: SAB. | C105: 5 | E105: 2329.1441 | F105: 2260.491 | G105: 2214.1094 | H105: 2186.4554 | I105: 2184.5694 | J105: 2194.4809 | K105: 2215.59 | L105: 2359.9377 | M105: 2522.3272 | N105: 2660.8183 | O105: 2769.7148 | P105: 2871.7829 | Q105: 2860.0198 | R105: 2867.5352 | S105: 2913.1457 | T105: 2909.9636 | U105: 2851.6482 | V105: 2820.8722 | W105: 2954.2408 | X105: 2947.541 | Y105: 2856.4066 | Z105: 2725.4606 | AA105: 2564.6888 | AB105: 2415.7859 | AC105: 62456.73
B106: DOM- FES | C106: 7 | E106: 2295.5462 | F106: 2250.7581 | G106: 2213.7014 | H106: 2189.1488 | I106: 2178.1092 | J106: 2207.8198 | K106: 2232.7616 | L106: 2379.6874 | M106: 2551.8265 | N106: 2686.8464 | O106: 2786.389 | P106: 2873.9878 | Q106: 2873.2547 | R106: 2880.2358 | S106: 2934.5085 | T106: 2926.7589 | U106: 2863.3624 | V106: 2820.2061 | W106: 2934.3062 | X106: 2936.5419 | Y106: 2846.8902 | Z106: 2717.1405 | AA106: 2542.8006 | AB106: 2393.5122 | AC106: 62516.1 | AD106: 1936750.4
B108: ORD. | C108: 21 | D108: 46539 | E108: 3470.0177 | F108: 3385.8148 | G108: 3321.2992 | H108: 3278.0927 | I108: 3264.5195 | J108: 3304.3437 | K108: 3347.2306 | L108: 3571.2825 | M108: 3823.8452 | N108: 4032.1236 | O108: 4195.5549 | P108: 4333.1785 | Q108: 4324.3084 | R108: 4339.1612 | S108: 4425.555 | T108: 4424.236 | U108: 4337.5783 | V108: 4281.038 | W108: 4459.6461 | X108: 4452.7721 | Y108: 4314.575 | Z108: 4109.3605 | AA108: 3848.284 | AB108: 3625.4363 | AC108: 94269.254
B109: SAB. | C109: 4 | E109: 3451.3698 | F109: 3355.6517 | G109: 3300.9766 | H109: 3286.6716 | I109: 3277.1331 | J109: 3312.1167 | K109: 3335.9026 | L109: 3561.5512 | M109: 3816.9183 | N109: 4035.7576 | O109: 4202.4622 | P109: 4317.4623 | Q109: 4297.5189 | R109: 4324.7694 | S109: 4448.0478 | T109: 4447.1015 | U109: 4360.2366 | V109: 4280.3729 | W109: 4444.3904 | X109: 4436.3116 | Y109: 4303.459 | Z109: 4136.4558 | AA109: 3886.0841 | AB109: 3657.206 | AC109: 94275.927
B110: DOM- FES | C110: 5 | E110: 3450.5757 | F110: 3342.4385 | G110: 3269.2795 | H110: 3240.2644 | I110: 3245.234 | J110: 3272.1567 | K110: 3312.6608 | L110: 3543.4176 | M110: 3818.0528 | N110: 4047.9646 | O110: 4222.8573 | P110: 4360.9777 | Q110: 4334.494 | R110: 4339.9077 | S110: 4429.2578 | T110: 4465.6239 | U110: 4391.575 | V110: 4315.4871 | W110: 4472.53 | X110: 4442.9084 | Y110: 4294.7419 | Z110: 4104.4028 | AA110: 3875.6275 | AB110: 3638.6616 | AC110: 94231.097 | AD110: 2827913.5
B112: ORD. | C112: 20 | D112: 46569 | E112: 351.82778 | F112: 125.87427 | G112: 0 | H112: 0 | I112: 0 | J112: 0 | K112: 0 | L112: 0 | M112: 649.4825 | N112: 1290.9449 | O112: 1799.9301 | P112: 2201.6661 | Q112: 2112.2789 | R112: 2222.7045 | S112: 2587.5237 | T112: 2691.0085 | U112: 2489.9168 | V112: 2281.4274 | W112: 2679.1544 | X112: 2580.3963 | Y112: 2272.7716 | Z112: 1860.8988 | AA112: 1296.8955 | AB112: 788.43716 | AC112: 32283.139
B113: SAB. | C113: 5 | E113: 722.05428 | F113: 469.27097 | G113: 198.53931 | H113: 6.166521 | I113: 0 | J113: 0 | K113: 53.324898 | L113: 633.57438 | M113: 1331.821 | N113: 1932.4624 | O113: 2432.6447 | P113: 2823.8434 | Q113: 2793.5789 | R113: 2957.8202 | S113: 3331.8429 | T113: 3427.4874 | U113: 3181.985 | V113: 3024.0536 | W113: 3468.8876 | X113: 3390.7422 | Y113: 3008.5633 | Z113: 2418.9843 | AA113: 1711.398 | AB113: 1134.2312 | AC113: 44453.277
B114: DOM- FES | C114: 6 | E114: 734.20342 | F114: 513.33363 | G114: 367.46966 | H114: 219.87279 | I114: 113.52504 | J114: 192.30357 | K114: 246.49417 | L114: 935.32842 | M114: 1659.7727 | N114: 2302.3485 | O114: 2740.0652 | P114: 3141.5201 | Q114: 3078.3827 | R114: 3156.629 | S114: 3525.5229 | T114: 3554.6007 | U114: 3264.2821 | V114: 3054.1297 | W114: 3576.4825 | X114: 3472.9849 | Y114: 3062.8193 | Z114: 2474.0994 | AA114: 1755.7667 | AB114: 1138.0732 | AC114: 48280.01 | AD114: 1157609.2
B116: ORD. | C116: 21 | D116: 46600 | E116: 3552.0612 | F116: 3452.9291 | G116: 3373.0125 | H116: 3314.453 | I116: 3288.1698 | J116: 3316.0944 | K116: 3351.4356 | L116: 3576.8669 | M116: 3833.4705 | N116: 4040.6229 | O116: 4196.5141 | P116: 4331.0692 | Q116: 4325.0996 | R116: 4353.2313 | S116: 4455.5076 | T116: 4476.1889 | U116: 4399.7357 | V116: 4348.5254 | W116: 4532.5714 | X116: 4526.4305 | Y116: 4390.0164 | Z116: 4192.2271 | AA116: 3939.5897 | AB116: 3711.0691 | AC116: 95276.892
B117: SAB. | C117: 4 | E117: 3516.3864 | F117: 3435.3729 | G117: 3397.685 | H117: 3340.935 | I117: 3316.9335 | J117: 3324.1216 | K117: 3345.7427 | L117: 3569.5635 | M117: 3830.3884 | N117: 4075.0756 | O117: 4243.0813 | P117: 4376.2113 | Q117: 4336.3839 | R117: 4336.7914 | S117: 4424.3424 | T117: 4455.0563 | U117: 4405.3299 | V117: 4345.0899 | W117: 4522.7066 | X117: 4514.1026 | Y117: 4384.6738 | Z117: 4182.3122 | AA117: 3932.6158 | AB117: 3706.4552 | AC117: 95317.357
B118: DOM- FES | C118: 5 | E118: 4209.5094 | F118: 4096.1994 | G118: 4015.9221 | H118: 3994.4505 | I118: 3989.0501 | J118: 4023.8493 | K118: 4042.5125 | L118: 4289.3931 | M118: 4583.1906 | N118: 4849.8773 | O118: 5076.3217 | P118: 5248.6397 | Q118: 5227.2984 | R118: 5238.6602 | S118: 5355.9976 | T118: 5365.3484 | U118: 5276.4186 | V118: 5222.5896 | W118: 5427.9656 | X118: 5415.621 | Y118: 5245.3439 | Z118: 5018.7091 | AA118: 4709.089 | AB118: 4432.5147 | AC118: 114354.47 | AD118: 2953856.5
B120: ORD. | C120: 22 | D120: 46631 | E120: 3568.0957 | F120: 3472.7592 | G120: 3406.262 | H120: 3363.6352 | I120: 3347.2893 | J120: 3366.7992 | K120: 3393.6142 | L120: 3612.9062 | M120: 3870.0254 | N120: 4086.6169 | O120: 4252.632 | P120: 4382.8642 | Q120: 4358.7302 | R120: 4369.304 | S120: 4460.3264 | T120: 4475.2344 | U120: 4398.1745 | V120: 4344.1673 | W120: 4520.3539 | X120: 4508.8551 | Y120: 4374.7698 | Z120: 4189.7629 | AA120: 3949.6823 | AB120: 3731.9447 | AC120: 95804.805
B121: SAB. | C121: 4 | E121: 3561.1751 | F121: 3469.1293 | G121: 3390.6359 | H121: 3344.1895 | I121: 3325.2075 | J121: 3381.3975 | K121: 3411.1904 | L121: 3623.4102 | M121: 3862.1289 | N121: 4059.5475 | O121: 4217.4409 | P121: 4368.9463 | Q121: 4387.2801 | R121: 4396.2797 | S121: 4483.9116 | T121: 4475.4682 | U121: 4382.7706 | V121: 4320.3801 | W121: 4509.3786 | X121: 4531.2536 | Y121: 4403.6954 | Z121: 4213.8781 | AA121: 3951.9876 | AB121: 3728.4822 | AC121: 95799.165
B122: DOM- FES | C122: 4 | E122: 3561.218 | F122: 3472.7884 | G122: 3405.5148 | H122: 3339.5813 | I122: 3315.1438 | J122: 3354.5098 | K122: 3418.099 | L122: 3629.4284 | M122: 3881.0848 | N122: 4075.1624 | O122: 4229.4846 | P122: 4366.1594 | Q122: 4355.8206 | R122: 4401.5029 | S122: 4496.4966 | T122: 4504.4968 | U122: 4397.312 | V122: 4322.783 | W122: 4493.0412 | X122: 4504.1315 | Y122: 4399.2488 | Z122: 4201.2597 | AA122: 3950.8037 | AB122: 3724.9452 | AC122: 95800.017 | AD122: 2874102.4
B124: ORD. | C124: 20 | D124: 46661 | E124: 3011.429 | F124: 2846.559 | G124: 2703.004 | H124: 2578.561 | I124: 2441.3578 | J124: 2420.4826 | K124: 2191.8235 | L124: 2655.22 | M124: 3325.8208 | N124: 3922.0605 | O124: 4387.6016 | P124: 4752.2057 | Q124: 4662.713 | R124: 4782.546 | S124: 5135.86 | T124: 5175.4954 | U124: 4926.6456 | V124: 4729.2854 | W124: 5137.3109 | X124: 5061.2003 | Y124: 4769.1585 | Z124: 4363.7675 | AA124: 3794.9718 | AB124: 3319.9149 | AC124: 93094.995
B125: SAB. | C125: 5 | E125: 3330.8176 | F125: 3122.4667 | G125: 2944.5369 | H125: 2865.4399 | I125: 2839.3933 | J125: 2861.1326 | K125: 2823.2449 | L125: 3407.0732 | M125: 4145.9827 | N125: 4692.5753 | O125: 5142.9477 | P125: 5497.7597 | Q125: 5372.998 | R125: 5451.1038 | S125: 5827.1831 | T125: 5980.694 | U125: 5741.4538 | V125: 5524.8325 | W125: 5898.2359 | X125: 5783.5932 | Y125: 5403.7117 | Z125: 4943.5483 | AA125: 4364.2918 | AB125: 3775.1713 | AC125: 107740.19
B126: DOM- FES | C126: 6 | E126: 3641.4484 | F126: 3375.8288 | G126: 3198.5319 | H126: 3054.6638 | I126: 3015.7115 | J126: 3165.1793 | K126: 3207.1135 | L126: 3849.781 | M126: 4553.8077 | N126: 5183.3779 | O126: 5637.5533 | P126: 6008.8548 | Q126: 5897.3048 | R126: 5902.6348 | S126: 6254.2143 | T126: 6380.5716 | U126: 6224.3335 | V126: 6031.5421 | W126: 6503.4066 | X126: 6365.1698 | Y126: 5932.3753 | Z126: 5369.6486 | AA126: 4667.8402 | AB126: 4119.5727 | AC126: 117540.47 | AD126: 3105843.6
B128: ORD. | C128: 20 | D128: 46692 | E128: 3571.4744 | F128: 3474.3655 | G128: 3401.9895 | H128: 3363.5945 | I128: 3354.808 | J128: 3392.1155 | K128: 3430.6381 | L128: 3657.2715 | M128: 3918.2475 | N128: 4144.8645 | O128: 4319.6516 | P128: 4452.7214 | Q128: 4437.5647 | R128: 4451.0855 | S128: 4544.0616 | T128: 4559.6346 | U128: 4483.7331 | V128: 4419.1534 | W128: 4583.662 | X128: 4561.3017 | Y128: 4417.5505 | Z128: 4221.3643 | AA128: 3971.6092 | AB128: 3748.869 | AC128: 96881.331
B129: SAB. | C129: 4 | E129: 3606.1476 | F129: 3506.8832 | G129: 3433.5489 | H129: 3369.3017 | I129: 3339.4676 | J129: 3364.1289 | K129: 3410.7309 | L129: 3664.5054 | M129: 3930.6248 | N129: 4152.4979 | O129: 4308.9848 | P129: 4447.4874 | Q129: 4431.6909 | R129: 4451.5252 | S129: 4545.218 | T129: 4535.0882 | U129: 4447.7872 | V129: 4400.1014 | W129: 4606.087 | X129: 4585.517 | Y129: 4443.4958 | Z129: 4225.8831 | AA129: 3961.8278 | AB129: 3736.4945 | AC129: 96905.025
...

Sheet Anexo 3 Oferta P2
D2: ANEXO No. 3
D3: CUADRO DE PRESENTACIÓN DE PRECIO OFERTADO
B5: Invitación N° | D5: Convoctatoria Pública No. CP-EGVC2025-001
B6: Oferente | D6: [Nombre del oferente]
B7: Modalidad | D7: Pague lo Contratado - PLC (1)
B8: Precio en | D8: $/kWh - Precios constantes de Diciembre-2024
B10: CUADRO DE PRECIOS Y CANTIDAD DE ENERGÍA OFERTADOS
B11: AÑO | C11: Cantidad de energia Solicitada kWh/mes | D11: Precio ofertado $/kWh | E11: % Energia Ofertada | F11: Cantidad de energia ofertada kWh/mes
B12: 45748 | C12: =+'Cantidades - Producto 2'!AD5 -> 2592000 | E12: 0
B13: 45778 | C13: =+'Cantidades - Producto 2'!AD9 -> 1339200 | E13: 0
B14: 45809 | C14: =+'Cantidades - Producto 2'!AD13 -> 1080000 | E14: 0
B15: 45839 | C15: =+'Cantidades - Producto 2'!AD17 -> 1116000 | E15: 0
B16: 45870 | C16: =+'Cantidades - Producto 2'!AD21 -> 1116000 | E16: 0
B17: 45901 | C17: =+'Cantidades - Producto 2'!AD25 -> 1080000 | E17: 0
B18: 45931 | C18: =+'Cantidades - Producto 2'!AD29 -> 1116000 | E18: 0
B19: 45962 | C19: =+'Cantidades - Producto 2'!AD33 -> 1080000 | E19: 0
B20: 45992 | C20: =+'Cantidades - Producto 2'!AD37 -> 4092000 | E20: 0
B21: 2025 | C21: =SUM(C12:C20) -> 14611200
B22: 46023 | C22: 1545777.8 | E22: 0
B23: 46054 | C23: 2886806.6 | E23: 0
B24: 46082 | C24: 1041600 | E24: 0
B25: 46113 | C25: 2286927.8 | E25: 0
B26: 46143 | C26: 2368061.8 | E26: 0
B27: 46174 | C27: 1368000 | E27: 0
B28: 46204 | C28: 1621587.4 | E28: 0
B29: 46235 | C29: 2433501.9 | E29: 0
B30: 46266 | C30: 2625087.9 | E30: 0
B31: 46296 | C31: 2792681 | E31: 0
B32: 46327 | C32: 2247215.1 | E32: 0
B33: 46357 | C33: 4034473.8 | E33: 0
B34: 2026 | C34: =SUM(C22:C33) -> 27251721
B35: 46388 | C35: 5050364.3 | E35: 0
B36: 46419 | C36: 3779657 | E36: 0
B37: 46447 | C37: 798072.29 | E37: 0
B38: 46478 | C38: 1863664.1 | E38: 0
B39: 46508 | C39: 1936750.4 | E39: 0
B40: 46539 | C40: 2827913.5 | E40: 0
B41: 46569 | C41: 1157609.2 | E41: 0
B42: 46600 | C42: 2953856.5 | E42: 0
B43: 46631 | C43: 2874102.4 | E43: 0
B44: 46661 | C44: 3105843.6 | E44: 0
B45: 46692 | C45: 2906491.7 | E45: 0
B46: 46722 | C46: 3019041.4 | E46: 0
B47: 2027 | C47: =SUM(C35:C46) -> 32273367
B48: 46753 | C48: 5666831.7 | E48: 0
B49: 46784 | C49: 5065184.8 | E49: 0
B50: 46813 | C50: 5777312.6 | E50: 0
B51: 46844 | C51: 5498556.7 | E51: 0
B52: 46874 | C52: 3782018.6 | E52: 0
B53: 46905 | C53: 781537.48 | E53: 0
B54: 46935 | C54: 3892341.1 | E54: 0
B55: 46966 | C55: 6034176 | E55: 0
B56: 46997 | C56: 902137.33 | E56: 0
B57: 47027 | C57: 1168160.5 | E57: 0
B58: 47058 | C58: 3763696.7 | E58: 0
B59: 47088 | C59: 5914753.7 | E59: 0
B60: 2028 | C60: =SUM(C48:C59) -> 48246707
B61: 47119 | C61: 5710375.3 | E61: 0
B62: 47150 | C62: 4872166.8 | E62: 0
B63: 47178 | C63: 5970148.8 | E63: 0
B64: 47209 | C64: 5673422.5 | E64: 0
B65: 47239 | C65: 1882405.7 | E65: 0
B66: 47270 | C66: 1579024.2 | E66: 0
B67: 47300 | C67: 1986949.5 | E67: 0
B68: 47331 | C68: 2041049.2 | E68: 0
B69: 47362 | C69: 1721455.2 | E69: 0
B70: 47392 | C70: 2127145.1 | E70: 0
B71: 47423 | C71: 1808545.2 | E71: 0
B72: 47453 | C72: 5717144.3 | E72: 0
B73: 2029 | C73: =SUM(C61:C72) -> 41089832
B74: 47484 | C74: 11362888 | E74: 0
B75: 47515 | C75: 10302568 | E75: 0
B76: 47543 | C76: 11449930 | E76: 0
B77: 47574 | C77: 11124131 | E77: 0
B78: 47604 | C78: 11539917 | E78: 0
B79: 47635 | C79: 11211214 | E79: 0
B80: 47665 | C80: 11363044 | E80: 0
B81: 47696 | C81: 11362832 | E81: 0
B82: 47727 | C82: 10996311 | E82: 0
B83: 47757 | C83: 11363044 | E83: 0
B84: 47788 | C84: 10996254 | E84: 0
B85: 47818 | C85: 11362576 | E85: 0
B86: 2030 | C86: =SUM(C74:C85) -> 1.3443471e+08
B87: 47849 | C87: 12095886 | E87: 0
B88: 47880 | C88: 10263312 | E88: 0
B89: 47908 | C89: 11362675 | E89: 0
B90: 47939 | C90: 10996155 | E90: 0
B91: 47969 | C91: 11362675 | E91: 0
B92: 48000 | C92: 10995843 | E92: 0
B93: 48030 | C93: 12828729 | E93: 0
B94: 48061 | C94: 11362519 | E94: 0
B95: 48092 | C95: 10996467 | E95: 0
B96: 48122 | C96: 11362888 | E96: 0
B97: 48153 | C97: 10263100 | E97: 0
B98: 48183 | C98: 11362732 | E98: 0
B99: 2031 | C99: =SUM(C87:C98) -> 1.3525298e+08
B100: Promedio total | C100: =+C21+C34+C47+C60+C73+C86+C99 -> 4.3316052e+08
B102: (1) PLC: Pague lo Contratado
B103: (2) Precios en Pesos colombianos, para cada periodo (mes), expresados con dos cifras decimales [$/kWh] - - Precios constantes de diciembre-2024
B104: (3) La energía ofertada y adjudicada se despachará de acuerdo con la curva de demanda definida en el Anexo No. 4.
...

Sheet Cantidades - Producto 3
A1: Cantidad Ofrecida | B1: Tipo de día | C1: N° días mes | D1: MES-AÑO | E1: H1 | F1: H2 | G1: H3 | H1: H4 | I1: H5 | J1: H6 | K1: H7 | L1: H8 | M1: H9 | N1: H10 | O1: H11 | P1: H12 | Q1: H13 | R1: H14 | S1: H15 | T1: H16 | U1: H17 | V1: H18 | W1: H19 | X1: H20 | Y1: H21 | Z1: H22 | AA1: H23 | AB1: H24 | AC1: TOTAL | AD1: TOTAL MES
A2: CANTIDADES 2025 | AE2: 2025
B3: ORD. | C3: 20 | D3: 45748 | E3: 3752.35 | F3: 3752.35 | G3: 3752.35 | H3: 3752.35 | I3: 3752.35 | J3: 3752.35 | K3: 3752.35 | L3: 4878.055 | M3: 4878.055 | N3: 4878.055 | O3: 4878.055 | P3: 4878.055 | Q3: 4878.055 | R3: 4878.055 | S3: 4878.055 | T3: 4878.055 | U3: 4878.055 | V3: 3564.7325 | W3: 3564.7325 | X3: 3564.7325 | Y3: 3564.7325 | Z3: 3564.7325 | AA3: 3564.7325 | AB3: 3564.7325 | AC3: =SUM(E3:AB3)*C3 -> 2000002.5
B4: SAB. | C4: 4 | E4: 3752.35 | F4: 3752.35 | G4: 3752.35 | H4: 3752.35 | I4: 3752.35 | J4: 3752.35 | K4: 3752.35 | L4: 4878.055 | M4: 4878.055 | N4: 4878.055 | O4: 4878.055 | P4: 4878.055 | Q4: 4878.055 | R4: 4878.055 | S4: 4878.055 | T4: 4878.055 | U4: 4878.055 | V4: 3564.7325 | W4: 3564.7325 | X4: 3564.7325 | Y4: 3564.7325 | Z4: 3564.7325 | AA4: 3564.7325 | AB4: 3564.7325 | AC4: =SUM(E4:AB4)*C4 -> 400000.51
B5: DOM- FES | C5: 6 | E5: 3752.35 | F5: 3752.35 | G5: 3752.35 | H5: 3752.35 | I5: 3752.35 | J5: 3752.35 | K5: 3752.35 | L5: 4878.055 | M5: 4878.055 | N5: 4878.055 | O5: 4878.055 | P5: 4878.055 | Q5: 4878.055 | R5: 4878.055 | S5: 4878.055 | T5: 4878.055 | U5: 4878.055 | V5: 3564.7325 | W5: 3564.7325 | X5: 3564.7325 | Y5: 3564.7325 | Z5: 3564.7325 | AA5: 3564.7325 | AB5: 3564.7325 | AC5: =SUM(E5:AB5)*C5 -> 600000.76 | AD5: =+AC3+AC4+AC5 -> 3000003.8
B7: ORD. | C7: 21 | D7: 45778 | E7: 4841.73 | F7: 4841.73 | G7: 4841.73 | H7: 4841.73 | I7: 4841.73 | J7: 4841.73 | K7: 4841.73 | L7: 6294.249 | M7: 6294.249 | N7: 6294.249 | O7: 6294.249 | P7: 6294.249 | Q7: 6294.249 | R7: 6294.249 | S7: 6294.249 | T7: 6294.249 | U7: 6294.249 | V7: 4599.6435 | W7: 4599.6435 | X7: 4599.6435 | Y7: 4599.6435 | Z7: 4599.6435 | AA7: 4599.6435 | AB7: 4599.6435 | AC7: 2580642.1
B8: SAB. | C8: 5 | E8: 4841.73 | F8: 4841.73 | G8: 4841.73 | H8: 4841.73 | I8: 4841.73 | J8: 4841.73 | K8: 4841.73 | L8: 6294.249 | M8: 6294.249 | N8: 6294.249 | O8: 6294.249 | P8: 6294.249 | Q8: 6294.249 | R8: 6294.249 | S8: 6294.249 | T8: 6294.249 | U8: 6294.249 | V8: 4599.6435 | W8: 4599.6435 | X8: 4599.6435 | Y8: 4599.6435 | Z8: 4599.6435 | AA8: 4599.6435 | AB8: 4599.6435 | AC8: 645160.52
B9: DOM- FES | C9: 5 | E9: 4841.73 | F9: 4841.73 | G9: 4841.73 | H9: 4841.73 | I9: 4841.73 | J9: 4841.73 | K9: 4841.73 | L9: 6294.249 | M9: 6294.249 | N9: 6294.249 | O9: 6294.249 | P9: 6294.249 | Q9: 6294.249 | R9: 6294.249 | S9: 6294.249 | T9: 6294.249 | U9: 6294.249 | V9: 4599.6435 | W9: 4599.6435 | X9: 4599.6435 | Y9: 4599.6435 | Z9: 4599.6435 | AA9: 4599.6435 | AB9: 4599.6435 | AC9: 774192.63 | AD9: 3999995.2
B11: ORD. | C11: 18 | E11: 6253.91 | F11: 6253.91 | G11: 6253.91 | H11: 6253.91 | I11: 6253.91 | J11: 6253.91 | K11: 6253.91 | L11: 8130.083 | M11: 8130.083 | N11: 8130.083 | O11: 8130.083 | P11: 8130.083 | Q11: 8130.083 | R11: 8130.083 | S11: 8130.083 | T11: 8130.083 | U11: 8130.083 | V11: 5941.2145 | W11: 5941.2145 | X11: 5941.2145 | Y11: 5941.2145 | Z11: 5941.2145 | AA11: 5941.2145 | AB11: 5941.2145 | AC11: 3000000.6
B12: SAB. | C12: 4 | D12: 45809 | E12: 6253.91 | F12: 6253.91 | G12: 6253.91 | H12: 6253.91 | I12: 6253.91 | J12: 6253.91 | K12: 6253.91 | L12: 8130.083 | M12: 8130.083 | N12: 8130.083 | O12: 8130.083 | P12: 8130.083 | Q12: 8130.083 | R12: 8130.083 | S12: 8130.083 | T12: 8130.083 | U12: 8130.083 | V12: 5941.2145 | W12: 5941.2145 | X12: 5941.2145 | Y12: 5941.2145 | Z12: 5941.2145 | AA12: 5941.2145 | AB12: 5941.2145 | AC12: 666666.81
B13: DOM- FES | C13: 8 | E13: 6253.91 | F13: 6253.91 | G13: 6253.91 | H13: 6253.91 | I13: 6253.91 | J13: 6253.91 | K13: 6253.91 | L13: 8130.083 | M13: 8130.083 | N13: 8130.083 | O13: 8130.083 | P13: 8130.083 | Q13: 8130.083 | R13: 8130.083 | S13: 8130.083 | T13: 8130.083 | U13: 8130.083 | V13: 5941.2145 | W13: 5941.2145 | X13: 5941.2145 | Y13: 5941.2145 | Z13: 5941.2145 | AA13: 5941.2145 | AB13: 5941.2145 | AC13: 1333333.6 | AD13: 5000001
B15: ORD. | C15: 23 | E15: 6052.17 | F15: 6052.17 | G15: 6052.17 | H15: 6052.17 | I15: 6052.17 | J15: 6052.17 | K15: 6052.17 | L15: 7867.821 | M15: 7867.821 | N15: 7867.821 | O15: 7867.821 | P15: 7867.821 | Q15: 7867.821 | R15: 7867.821 | S15: 7867.821 | T15: 7867.821 | U15: 7867.821 | V15: 5749.5615 | W15: 5749.5615 | X15: 5749.5615 | Y15: 5749.5615 | Z15: 5749.5615 | AA15: 5749.5615 | AB15: 5749.5615 | AC15: 3709677.6
B16: SAB. | C16: 4 | D16: 45839 | E16: 6052.17 | F16: 6052.17 | G16: 6052.17 | H16: 6052.17 | I16: 6052.17 | J16: 6052.17 | K16: 6052.17 | L16: 7867.821 | M16: 7867.821 | N16: 7867.821 | O16: 7867.821 | P16: 7867.821 | Q16: 7867.821 | R16: 7867.821 | S16: 7867.821 | T16: 7867.821 | U16: 7867.821 | V16: 5749.5615 | W16: 5749.5615 | X16: 5749.5615 | Y16: 5749.5615 | Z16: 5749.5615 | AA16: 5749.5615 | AB16: 5749.5615 | AC16: 645161.32
B17: DOM- FES | C17: 4 | E17: 6052.17 | F17: 6052.17 | G17: 6052.17 | H17: 6052.17 | I17: 6052.17 | J17: 6052.17 | K17: 6052.17 | L17: 7867.821 | M17: 7867.821 | N17: 7867.821 | O17: 7867.821 | P17: 7867.821 | Q17: 7867.821 | R17: 7867.821 | S17: 7867.821 | T17: 7867.821 | U17: 7867.821 | V17: 5749.5615 | W17: 5749.5615 | X17: 5749.5615 | Y17: 5749.5615 | Z17: 5749.5615 | AA17: 5749.5615 | AB17: 5749.5615 | AC17: 645161.32 | AD17: 5000000.2
B19: ORD. | C19: 20 | E19: 6052.17 | F19: 6052.17 | G19: 6052.17 | H19: 6052.17 | I19: 6052.17 | J19: 6052.17 | K19: 6052.17 | L19: 7867.821 | M19: 7867.821 | N19: 7867.821 | O19: 7867.821 | P19: 7867.821 | Q19: 7867.821 | R19: 7867.821 | S19: 7867.821 | T19: 7867.821 | U19: 7867.821 | V19: 5749.5615 | W19: 5749.5615 | X19: 5749.5615 | Y19: 5749.5615 | Z19: 5749.5615 | AA19: 5749.5615 | AB19: 5749.5615 | AC19: 3225806.6
B20: SAB. | C20: 5 | D20: 45870 | E20: 6052.17 | F20: 6052.17 | G20: 6052.17 | H20: 6052.17 | I20: 6052.17 | J20: 6052.17 | K20: 6052.17 | L20: 7867.821 | M20: 7867.821 | N20: 7867.821 | O20: 7867.821 | P20: 7867.821 | Q20: 7867.821 | R20: 7867.821 | S20: 7867.821 | T20: 7867.821 | U20: 7867.821 | V20: 5749.5615 | W20: 5749.5615 | X20: 5749.5615 | Y20: 5749.5615 | Z20: 5749.5615 | AA20: 5749.5615 | AB20: 5749.5615 | AC20: 806451.65
B21: DOM- FES | C21: 6 | E21: 6052.17 | F21: 6052.17 | G21: 6052.17 | H21: 6052.17 | I21: 6052.17 | J21: 6052.17 | K21: 6052.17 | L21: 7867.821 | M21: 7867.821 | N21: 7867.821 | O21: 7867.821 | P21: 7867.821 | Q21: 7867.821 | R21: 7867.821 | S21: 7867.821 | T21: 7867.821 | U21: 7867.821 | V21: 5749.5615 | W21: 5749.5615 | X21: 5749.5615 | Y21: 5749.5615 | Z21: 5749.5615 | AA21: 5749.5615 | AB21: 5749.5615 | AC21: 967741.98 | AD21: 5000000.2
B23: ORD. | C23: 22 | E23: 6253.91 | F23: 6253.91 | G23: 6253.91 | H23: 6253.91 | I23: 6253.91 | J23: 6253.91 | K23: 6253.91 | L23: 8130.083 | M23: 8130.083 | N23: 8130.083 | O23: 8130.083 | P23: 8130.083 | Q23: 8130.083 | R23: 8130.083 | S23: 8130.083 | T23: 8130.083 | U23: 8130.083 | V23: 5941.2145 | W23: 5941.2145 | X23: 5941.2145 | Y23: 5941.2145 | Z23: 5941.2145 | AA23: 5941.2145 | AB23: 5941.2145 | AC23: 3666667.4
B24: SAB. | C24: 4 | D24: 45901 | E24: 6253.91 | F24: 6253.91 | G24: 6253.91 | H24: 6253.91 | I24: 6253.91 | J24: 6253.91 | K24: 6253.91 | L24: 8130.083 | M24: 8130.083 | N24: 8130.083 | O24: 8130.083 | P24: 8130.083 | Q24: 8130.083 | R24: 8130.083 | S24: 8130.083 | T24: 8130.083 | U24: 8130.083 | V24: 5941.2145 | W24: 5941.2145 | X24: 5941.2145 | Y24: 5941.2145 | Z24: 5941.2145 | AA24: 5941.2145 | AB24: 5941.2145 | AC24: 666666.81
B25: DOM- FES | C25: 4 | E25: 6253.91 | F25: 6253.91 | G25: 6253.91 | H25: 6253.91 | I25: 6253.91 | J25: 6253.91 | K25: 6253.91 | L25: 8130.083 | M25: 8130.083 | N25: 8130.083 | O25: 8130.083 | P25: 8130.083 | Q25: 8130.083 | R25: 8130.083 | S25: 8130.083 | T25: 8130.083 | U25: 8130.083 | V25: 5941.2145 | W25: 5941.2145 | X25: 5941.2145 | Y25: 5941.2145 | Z25: 5941.2145 | AA25: 5941.2145 | AB25: 5941.2145 | AC25: 666666.81 | AD25: 5000001
B27: ORD. | C27: 22 | E27: 6052.17 | F27: 6052.17 | G27: 6052.17 | H27: 6052.17 | I27: 6052.17 | J27: 6052.17 | K27: 6052.17 | L27: 7867.821 | M27: 7867.821 | N27: 7867.821 | O27: 7867.821 | P27: 7867.821 | Q27: 7867.821 | R27: 7867.821 | S27: 7867.821 | T27: 7867.821 | U27: 7867.821 | V27: 5749.5615 | W27: 5749.5615 | X27: 5749.5615 | Y27: 5749.5615 | Z27: 5749.5615 | AA27: 5749.5615 | AB27: 5749.5615 | AC27: 3548387.3
B28: SAB. | C28: 4 | D28: 45931 | E28: 6052.17 | F28: 6052.17 | G28: 6052.17 | H28: 6052.17 | I28: 6052.17 | J28: 6052.17 | K28: 6052.17 | L28: 7867.821 | M28: 7867.821 | N28: 7867.821 | O28: 7867.821 | P28: 7867.821 | Q28: 7867.821 | R28: 7867.821 | S28: 7867.821 | T28: 7867.821 | U28: 7867.821 | V28: 5749.5615 | W28: 5749.5615 | X28: 5749.5615 | Y28: 5749.5615 | Z28: 5749.5615 | AA28: 5749.5615 | AB28: 5749.5615 | AC28: 645161.32
B29: DOM- FES | C29: 5 | E29: 6052.17 | F29: 6052.17 | G29: 6052.17 | H29: 6052.17 | I29: 6052.17 | J29: 6052.17 | K29: 6052.17 | L29: 7867.821 | M29: 7867.821 | N29: 7867.821 | O29: 7867.821 | P29: 7867.821 | Q29: 7867.821 | R29: 7867.821 | S29: 7867.821 | T29: 7867.821 | U29: 7867.821 | V29: 5749.5615 | W29: 5749.5615 | X29: 5749.5615 | Y29: 5749.5615 | Z29: 5749.5615 | AA29: 5749.5615 | AB29: 5749.5615 | AC29: 806451.65 | AD29: 5000000.2
B31: ORD. | C31: 18 | D31: 45962 | E31: 6253.91 | F31: 6253.91 | G31: 6253.91 | H31: 6253.91 | I31: 6253.91 | J31: 6253.91 | K31: 6253.91 | L31: 8130.083 | M31: 8130.083 | N31: 8130.083 | O31: 8130.083 | P31: 8130.083 | Q31: 8130.083 | R31: 8130.083 | S31: 8130.083 | T31: 8130.083 | U31: 8130.083 | V31: 5941.2145 | W31: 5941.2145 | X31: 5941.2145 | Y31: 5941.2145 | Z31: 5941.2145 | AA31: 5941.2145 | AB31: 5941.2145 | AC31: 3000000.6
B32: SAB. | C32: 5 | E32: 6253.91 | F32: 6253.91 | G32: 6253.91 | H32: 6253.91 | I32: 6253.91 | J32: 6253.91 | K32: 6253.91 | L32: 8130.083 | M32: 8130.083 | N32: 8130.083 | O32: 8130.083 | P32: 8130.083 | Q32: 8130.083 | R32: 8130.083 | S32: 8130.083 | T32: 8130.083 | U32: 8130.083 | V32: 5941.2145 | W32: 5941.2145 | X32: 5941.2145 | Y32: 5941.2145 | Z32: 5941.2145 | AA32: 5941.2145 | AB32: 5941.2145 | AC32: 833333.51
B33: DOM- FES | C33: 7 | E33: 6253.91 | F33: 6253.91 | G33: 6253.91 | H33: 6253.91 | I33: 6253.91 | J33: 6253.91 | K33: 6253.91 | L33: 8130.083 | M33: 8130.083 | N33: 8130.083 | O33: 8130.083 | P33: 8130.083 | Q33: 8130.083 | R33: 8130.083 | S33: 8130.083 | T33: 8130.083 | U33: 8130.083 | V33: 5941.2145 | W33: 5941.2145 | X33: 5941.2145 | Y33: 5941.2145 | Z33: 5941.2145 | AA33: 5941.2145 | AB33: 5941.2145 | AC33: 1166666.9 | AD33: 5000001
B35: ORD. | C35: 21 | D35: 45992 | E35: 3631.3018 | F35: 3631.3018 | G35: 3631.3018 | H35: 3631.3018 | I35: 3631.3018 | J35: 3631.3018 | K35: 3631.3018 | L35: 4720.6924 | M35: 4720.6924 | N35: 4720.6924 | O35: 4720.6924 | P35: 4720.6924 | Q35: 4720.6924 | R35: 4720.6924 | S35: 4720.6924 | T35: 4720.6924 | U35: 4720.6924 | V35: 3449.7367 | W35: 3449.7367 | X35: 3449.7367 | Y35: 3449.7367 | Z35: 3449.7367 | AA35: 3449.7367 | AB35: 3449.7367 | AC35: 2032258.1
B36: SAB. | C36: 4 | E36: 3631.3018 | F36: 3631.3018 | G36: 3631.3018 | H36: 3631.3018 | I36: 3631.3018 | J36: 3631.3018 | K36: 3631.3018 | L36: 4720.6924 | M36: 4720.6924 | N36: 4720.6924 | O36: 4720.6924 | P36: 4720.6924 | Q36: 4720.6924 | R36: 4720.6924 | S36: 4720.6924 | T36: 4720.6924 | U36: 4720.6924 | V36: 3449.7367 | W36: 3449.7367 | X36: 3449.7367 | Y36: 3449.7367 | Z36: 3449.7367 | AA36: 3449.7367 | AB36: 3449.7367 | AC36: 387096.77
B37: DOM- FES | C37: 6 | E37: 3631.3018 | F37: 3631.3018 | G37: 3631.3018 | H37: 3631.3018 | I37: 3631.3018 | J37: 3631.3018 | K37: 3631.3018 | L37: 4720.6924 | M37: 4720.6924 | N37: 4720.6924 | O37: 4720.6924 | P37: 4720.6924 | Q37: 4720.6924 | R37: 4720.6924 | S37: 4720.6924 | T37: 4720.6924 | U37: 4720.6924 | V37: 3449.7367 | W37: 3449.7367 | X37: 3449.7367 | Y37: 3449.7367 | Z37: 3449.7367 | AA37: 3449.7367 | AB37: 3449.7367 | AC37: 580645.16 | AD37: 3000000
A38: CANTIDADES 2026

Sheet Anexo 3 Oferta P3
D2: ANEXO No. 3
D3: CUADRO DE PRESENTACIÓN DE PRECIO OFERTADO
B5: Invitación N° | D5: Convoctatoria Pública No. CP-EGVC2025-001
B6: Oferente | D6: [Nombre del oferente]
B7: Modalidad | D7: Pague lo Contratado - PLC (1)
B8: Precio en | D8: $/kWh - Precios constantes de Diciembre-2024
B10: CUADRO DE PRECIOS Y CANTIDAD DE ENERGÍA OFERTADOS
B11: AÑO | C11: Cantidad de energia Solicitada kWh/mes | D11: Precio ofertado $/kWh | E11: % Energia Ofertada | F11: Cantidad de energia ofertada kWh/mes
B12: 45748 | C12: ='Cantidades - Producto 3'!AD5 -> 3000003.8 | E12: 0
B13: 45778 | C13: ='Cantidades - Producto 3'!AD9 -> 3999995.2 | E13: 0
B14: 45809 | C14: ='Cantidades - Producto 3'!AD13 -> 5000001 | E14: 0
B15: 45839 | C15: ='Cantidades - Producto 3'!AD17 -> 5000000.2 | E15: 0
B16: 45870 | C16: ='Cantidades - Producto 3'!AD21 -> 5000000.2 | E16: 0
B17: 45901 | C17: ='Cantidades - Producto 3'!AD25 -> 5000001 | E17: 0
B18: 45931 | C18: ='Cantidades - Producto 3'!AD29 -> 5000000.2 | E18: 0
B19: 45962 | C19: ='Cantidades - Producto 3'!AD33 -> 5000001 | E19: 0
B20: 45992 | C20: ='Cantidades - Producto 3'!AD37 -> 3000000 | E20: 0
B21: 2025 (4) | C21: =SUM(C12:C20) -> 40000003
B22: Promedio total | C22: =C21 -> 40000003
B24: (1) PLC: Pague lo Contratado
B25: (2) Precios en Pesos colombianos, para cada periodo (mes), expresados con dos cifras decimales [$/kWh] - - Precios constantes de diciembre-2024
B26: (3) La energía ofertada y adjudicada se despachará de acuerdo con la curva de demanda definida en el Anexo No. 4.
B27: (4) Los oferentes que quieran participar en la totalidad de este producto deberán como mínimo, ofertar para el año 2025 un treinta porciento (30%) de la energía solicitada.
B28: (5) Si no se reciben la oferta minima para el año 2025
B29: (6) si se recibe una oferta con la totalidad o el 100% de la energia solicitada si los precios por cada año estan por debajo del precio de reserva, se adjudicara el total del producto.
B32: Firma Oferente
