Workbook

Sheet Anexo 1
B3: ANEXO No 1 - PRODUCTO No. 1 - CURVA
B4: PAGUE LO CONTRATADO AÑO 2026
B5: PRECIO OFERTADO EN $ / kWh DE ENERO DE 2025
B8: MES | C8: ENERGIA SOLICITADA kWh/MES | D8: % OFERTADO ANUAL | E8: ENERGIA OFERTADA kWh/MES | F8: PRECIO OFERTADO ANUAL $/kWh
B10: 46023 | C10: =+'Anexo 8'!AC6 -> 23221203 | E10: =+'Cantidades Ofertadas Prod 1'!AC6 -> 0
B11: 46054 | C11: =+'Anexo 8'!AC9 -> 23785588 | E11: =+'Cantidades Ofertadas Prod 1'!AC9 -> 0
B12: 46082 | C12: =+'Anexo 8'!AC12 -> 31383419 | E12: =+'Cantidades Ofertadas Prod 1'!AC12 -> 0
B13: 46113 | C13: =+'Anexo 8'!AC15 -> 25056664 | E13: =+'Cantidades Ofertadas Prod 1'!AC15 -> 0
B14: 46143 | C14: =+'Anexo 8'!AC18 -> 27370737 | E14: =+'Cantidades Ofertadas Prod 1'!AC18 -> 0
B15: 46174 | C15: =+'Anexo 8'!AC21 -> 29093091 | E15: =+'Cantidades Ofertadas Prod 1'!AC21 -> 0
B16: 46204 | C16: =+'Anexo 8'!AC24 -> 29539875 | E16: =+'Cantidades Ofertadas Prod 1'!AC24 -> 0
B17: 46235 | C17: =+'Anexo 8'!AC27 -> 30580393 | E17: =+'Cantidades Ofertadas Prod 1'!AC27 -> 0
B18: 46266 | C18: =+'Anexo 8'!AC30 -> 32899598 | E18: =+'Cantidades Ofertadas Prod 1'!AC30 -> 0
B19: 46296 | C19: =+'Anexo 8'!AC33 -> 32296425 | E19: =+'Cantidades Ofertadas Prod 1'!AC33 -> 0
B20: 46327 | C20: =+'Anexo 8'!AC36 -> 29221777 | E20: =+'Cantidades Ofertadas Prod 1'!AC36 -> 0
B21: 46357 | C21: =+'Anexo 8'!AC39 -> 33826029 | E21: =+'Cantidades Ofertadas Prod 1'!AC39 -> 0
B22: TOTAL | C22: =+SUM(C10:C21) -> 348274799 | E22: =SUM(E10:E21) -> 0 | F22: =+F10 -> 0
B23: *Solo se debe ingresar valores en las celdas en color Naranja
B24: * Se debe ofertar un unico % para todos los meses del año.
B25: * Los % ofertados se aplicaran a las curvas de carga de la hoja "Anexo 8".
B26: * La energia ofertada se calcula de manera automatica en la hoja "Cantidades Ofertadas Prod 1"
A27: _____________________________________ | H27: =+C27-G27 -> 0
A28: Firma del Representante Legal | H28: =+C28-G28 -> 0
A29: o Apoderado General (Responsable del negocio) | H29: =+C29-G29 -> 0
B30: * Se debe ofertar un unico precio por producto.
B31: * Para este producto solo se reciben ofertas siguiendo la curva.
B34: ____________________________________________
B35: Firma del Representante Legal
B36: o Apoderado General (Responsable del negocio)

Sheet Anexo 8
A1: CURVAS REQUERIDAS PRODUCTO 1 AÑO 2026 MODALIDAD PAGUE LO CONTRATADO - kWh
A4: Periodo | B4: Tipo de día | C4: H01 | D4: H02 | E4: H03 | F4: H04 | G4: H05 | H4: H06 | I4: H07 | J4: H08 | K4: H09 | L4: H10 | M4: H11 | N4: H12 | O4: H13 | P4: H14 | Q4: H15 | R4: H16 | S4: H17 | T4: H18 | U4: H19 | V4: H20 | W4: H21 | X4: H22 | Y4: H23 | Z4: H24 | AA4: TOTAL DÍA | AB4: Días/ | AC4: TOTAL MES
AB5: mes
A6: 46023 | B6: O | C6: 26852 | D6: 25740 | E6: 24756 | F6: 24169 | G6: 24068 | H6: 23304 | I6: 22282 | J6: 41766 | K6: 43930 | L6: 45027 | M6: 46200 | N6: 48504 | O6: 50324 | P6: 50988 | Q6: 50590 | R6: 50629 | S6: 49808 | T6: 25237 | U6: 23329 | V6: 18754 | W6: 18392 | X6: 19629 | Y6: 21011 | Z6: 20881 | AA6: =SUM(C6:Z6) -> 796170 | AB6: 20 | AC6: =+AA6*AB6+AA7*AB7+AA8*AB8 -> 23221203
B7: S | C7: 24280 | D7: 22980 | E7: 22039 | F7: 21315 | G7: 21141 | H7: 21493 | I7: 21252 | J7: 39914 | K7: 42076 | L7: 43340 | M7: 43556 | N7: 45217 | O7: 46195 | P7: 46343 | Q7: 46583 | R7: 47215 | S7: 47964 | T7: 25550 | U7: 23637 | V7: 18623 | W7: 16802 | X7: 15507 | Y7: 15845 | Z7: 16310 | AA7: =SUM(C7:Z7) -> 735177 | AB7: 5
B8: F | C8: 20522 | D8: 19583 | E8: 19952 | F8: 19425 | G8: 19136 | H8: 19327 | I8: 17713 | J8: 34273 | K8: 35693 | L8: 36782 | M8: 37433 | N8: 38459 | O8: 39993 | P8: 40586 | Q8: 40909 | R8: 41033 | S8: 41401 | T8: 17157 | U8: 12272 | V8: 8145 | W8: 8206 | X8: 9450 | Y8: 12700 | Z8: 13503 | AA8: =SUM(C8:Z8) -> 603653 | AB8: 6
A9: 46054 | B9: O | C9: 29466 | D9: 27901 | E9: 27147 | F9: 26615 | G9: 26465 | H9: 25042 | I9: 23982 | J9: 44776 | K9: 47891 | L9: 48955 | M9: 49736 | N9: 51692 | O9: 52947 | P9: 53301 | Q9: 53362 | R9: 52857 | S9: 52878 | T9: 26901 | U9: 24274 | V9: 19386 | W9: 19373 | X9: 19693 | Y9: 22070 | Z9: 23127 | AA9: =SUM(C9:Z9) -> 849837 | AB9: 20 | AC9: =+AA9*AB9+AA10*AB10+AA11*AB11 -> 23785588
B10: S | C10: 28967 | D10: 27462 | E10: 26582 | F10: 25843 | G10: 25422 | H10: 24775 | I10: 24794 | J10: 43202 | K10: 46680 | L10: 47748 | M10: 48338 | N10: 50561 | O10: 51781 | P10: 52025 | Q10: 52155 | R10: 52097 | S10: 53043 | T10: 30316 | U10: 27719 | V10: 22938 | W10: 21756 | X10: 21600 | Y10: 23389 | Z10: 23070 | AA10: =SUM(C10:Z10) -> 852263 | AB10: 4
B11: F | C11: 29889 | D11: 28702 | E11: 28142 | F11: 27566 | G11: 27130 | H11: 26766 | I11: 24587 | J11: 42199 | K11: 45220 | L11: 47788 | M11: 48539 | N11: 47050 | O11: 50726 | P11: 50639 | Q11: 50609 | R11: 49876 | S11: 50762 | T11: 28494 | U11: 25444 | V11: 21543 | W11: 21986 | X11: 22621 | Y11: 24874 | Z11: 23797 | AA11: =SUM(C11:Z11) -> 844949 | AB11: 4
A12: 46082 | B12: O | C12: 34365 | D12: 32953 | E12: 32400 | F12: 31895 | G12: 32121 | H12: 32020 | I12: 31798 | J12: 52301 | K12: 55806 | L12: 57432 | M12: 58389 | N12: 60337 | O12: 60296 | P12: 60983 | Q12: 61680 | R12: 61547 | S12: 60768 | T12: 35697 | U12: 35346 | V12: 34015 | W12: 33393 | X12: 32405 | Y12: 30843 | Z12: 29259 | AA12: =SUM(C12:Z12) -> 1048049 | AB12: 21 | AC12: =+AA12*AB12+AA13*AB13+AA14*AB14 -> 31383419
B13: S | C13: 34147 | D13: 32270 | E13: 31622 | F13: 31326 | G13: 30655 | H13: 30917 | I13: 30006 | J13: 49618 | K13: 52807 | L13: 54724 | M13: 55714 | N13: 56811 | O13: 56744 | P13: 56231 | Q13: 56190 | R13: 56304 | S13: 55563 | T13: 32772 | U13: 30996 | V13: 29003 | W13: 28195 | X13: 27685 | Y13: 27334 | Z13: 26837 | AA13: =SUM(C13:Z13) -> 974471 | AB13: 4
B14: F | C14: 33083 | D14: 31848 | E14: 31342 | F14: 30822 | G14: 29213 | H14: 29333 | I14: 28038 | J14: 45720 | K14: 47999 | L14: 48961 | M14: 49528 | N14: 51284 | O14: 52871 | P14: 52675 | Q14: 52111 | R14: 52532 | S14: 52828 | T14: 29922 | U14: 28575 | V14: 26860 | W14: 26878 | X14: 27021 | Y14: 26648 | Z14: 26659 | AA14: =SUM(C14:Z14) -> 912751 | AB14: 6
A15: 46113 | B15: O | C15: 28838 | D15: 28133 | E15: 27230 | F15: 27223 | G15: 26481 | H15: 26287 | I15: 26357 | J15: 45536 | K15: 48334 | L15: 50060 | M15: 50805 | N15: 52705 | O15: 52530 | P15: 53522 | Q15: 54466 | R15: 54543 | S15: 53319 | T15: 27662 | U15: 25516 | V15: 24077 | W15: 23977 | X15: 24103 | Y15: 23882 | Z15: 23267 | AA15: =SUM(C15:Z15) -> 878853 | AB15: 20 | AC15: =+AA15*AB15+AA16*AB16+AA17*AB17 -> 25056664
B16: S | C16: 26277 | D16: 25541 | E16: 24111 | F16: 23601 | G16: 23056 | H16: 22892 | I16: 22357 | J16: 41475 | K16: 44551 | L16: 46183 | M16: 46543 | N16: 48401 | O16: 48519 | P16: 48767 | Q16: 48856 | R16: 49081 | S16: 49390 | T16: 25742 | U16: 23036 | V16: 20328 | W16: 19066 | X16: 19872 | Y16: 20791 | Z16: 20022 | AA16: =SUM(C16:Z16) -> 788458 | AB16: 4
B17: F | C17: 26202 | D17: 26093 | E17: 24786 | F17: 24300 | G17: 23294 | H17: 22322 | I17: 21693 | J17: 39069 | K17: 40890 | L17: 42473 | M17: 42842 | N17: 43893 | O17: 44380 | P17: 44300 | Q17: 43555 | R17: 44189 | S17: 44304 | T17: 21281 | U17: 18104 | V17: 14524 | W17: 14727 | X17: 16308 | Y17: 19030 | Z17: 18403 | AA17: =SUM(C17:Z17) -> 720962 | AB17: 6
A18: 46143 | B18: O | C18: 29692 | D18: 28611 | E18: 27731 | F18: 27436 | G18: 27290 | H18: 26644 | I18: 26686 | J18: 45682 | K18: 47993 | L18: 49259 | M18: 50674 | N18: 52554 | O18: 52933 | P18: 53708 | Q18: 54094 | R18: 54035 | S18: 53061 | T18: 27970 | U18: 26821 | V18: 25309 | W18: 24646 | X18: 24900 | Y18: 24538 | Z18: 24253 | AA18: =SUM(C18:Z18) -> 886520 | AB18: 19 | AC18: =+AA18*AB18+AA19*AB19+AA20*AB20 -> 27370737
B19: S | C19: 31519 | D19: 30391 | E19: 29593 | F19: 29247 | G19: 28557 | H19: 27818 | I19: 28236 | J19: 46793 | K19: 50275 | L19: 52992 | M19: 52947 | N19: 54359 | O19: 54192 | P19: 53801 | Q19: 53357 | R19: 52785 | S19: 53267 | T19: 29414 | U19: 29162 | V19: 26201 | W19: 24823 | X19: 24314 | Y19: 24012 | Z19: 23829 | AA19: =SUM(C19:Z19) -> 911884 | AB19: 5
B20: F | C20: 29065 | D20: 28446 | E20: 27568 | F20: 27595 | G20: 26928 | H20: 25722 | I20: 24500 | J20: 42424 | K20: 44188 | L20: 46448 | M20: 47063 | N20: 49254 | O20: 49936 | P20: 50733 | Q20: 49898 | R20: 57619 | S20: 49899 | T20: 27159 | U20: 25750 | V20: 23938 | W20: 23806 | X20: 24631 | Y20: 25649 | Z20: 24272 | AA20: =SUM(C20:Z20) -> 852491 | AB20: 7
A21: 46174 | B21: O | C21: 31162 | D21: 29911 | E21: 29419 | F21: 29034 | G21: 28755 | H21: 28666 | I21: 27882 | J21: 46480 | K21: 48455 | L21: 49612 | M21: 50980 | N21: 52999 | O21: 53510 | P21: 54147 | Q21: 54820 | R21: 54785 | S21: 53846 | T21: 29466 | U21: 30469 | V21: 28234 | W21: 27424 | X21: 26711 | Y21: 25451 | Z21: 24943 | AA21: =SUM(C21:Z21) -> 917161 | AB21: 19 | AC21: =+AA21*AB21+AA22*AB22+AA23*AB23 -> 29093091
B22: S | C22: 36658 | D22: 34684 | E22: 33734 | F22: 33047 | G22: 31865 | H22: 31144 | I22: 29826 | J22: 47535 | K22: 51181 | L22: 52801 | M22: 54174 | N22: 55511 | O22: 56433 | P22: 57160 | Q22: 57762 | R22: 58693 | S22: 59548 | T22: 37129 | U22: 38081 | V22: 35050 | W22: 32668 | X22: 31883 | Y22: 31756 | Z22: 30189 | AA22: =SUM(C22:Z22) -> 1018512 | AB22: 4
B23: F | C23: 37650 | D23: 36651 | E23: 36109 | F23: 35594 | G23: 35316 | H23: 35794 | I23: 33433 | J23: 52161 | K23: 55315 | L23: 56475 | M23: 57689 | N23: 59508 | O23: 58974 | P23: 59693 | Q23: 60550 | R23: 61439 | S23: 61330 | T23: 37838 | U23: 38961 | V23: 35985 | W23: 35219 | X23: 35148 | Y23: 34529 | Z23: 33351 | AA23: =SUM(C23:Z23) -> 1084712 | AB23: 7
A24: 46204 | B24: O | C24: 35177 | D24: 33748 | E24: 32877 | F24: 32200 | G24: 31752 | H24: 31180 | I24: 29553 | J24: 48939 | K24: 51389 | L24: 52903 | M24: 54326 | N24: 56436 | O24: 56686 | P24: 57512 | Q24: 58233 | R24: 58361 | S24: 57321 | T24: 32760 | U24: 34648 | V24: 31775 | W24: 30961 | X24: 30322 | Y24: 29741 | Z24: 29075 | AA24: =SUM(C24:Z24) -> 997875 | AB24: 22 | AC24: =+AA24*AB24+AA25*AB25+AA26*AB26 -> 29539875
B25: S | C25: 26003 | D25: 25280 | E25: 24599 | F25: 24420 | G25: 23539 | H25: 22987 | I25: 22640 | J25: 42204 | K25: 45062 | L25: 45720 | M25: 46808 | N25: 48016 | O25: 48249 | P25: 48154 | Q25: 48213 | R25: 48706 | S25: 48871 | T25: 26558 | U25: 26201 | V25: 22599 | W25: 20582 | X25: 20732 | Y25: 21179 | Z25: 21793 | AA25: =SUM(C25:Z25) -> 799115 | AB25: 4
B26: F | C26: 31904 | D26: 30795 | E26: 29657 | F26: 29330 | G26: 28670 | H26: 27986 | I26: 25716 | J26: 43092 | K26: 45107 | L26: 47178 | M26: 47488 | N26: 49268 | O26: 50441 | P26: 50869 | Q26: 50500 | R26: 50770 | S26: 50890 | T26: 28954 | U26: 29055 | V26: 26024 | W26: 25553 | X26: 25931 | Y26: 26646 | Z26: 26209 | AA26: =SUM(C26:Z26) -> 878033 | AB26: 5
A27: 46235 | B27: O | C27: 34855 | D27: 33658 | E27: 33068 | F27: 32431 | G27: 32154 | H27: 31881 | I27: 30672 | J27: 49816 | K27: 52238 | L27: 53650 | M27: 54801 | N27: 57115 | O27: 58224 | P27: 59648 | Q27: 60044 | R27: 60107 | S27: 58811 | T27: 34378 | U27: 35626 | V27: 33633 | W27: 32496 | X27: 31372 | Y27: 30498 | Z27: 30253 | AA27: =SUM(C27:Z27) -> 1021429 | AB27: 19 | AC27: =+AA27*AB27+AA28*AB28+AA29*AB29 -> 30580393
B28: S | C28: 33638 | D28: 33021 | E28: 32009 | F28: 31066 | G28: 30147 | H28: 29622 | I28: 27046 | J28: 46538 | K28: 49383 | L28: 51319 | M28: 52362 | N28: 53816 | O28: 54230 | P28: 54788 | Q28: 54607 | R28: 54885 | S28: 54593 | T28: 31892 | U28: 32470 | V28: 28338 | W28: 26582 | X28: 26345 | Y28: 26382 | Z28: 26598 | AA28: =SUM(C28:Z28) -> 941677 | AB28: 5
B29: F | C29: 34569 | D29: 33247 | E29: 32153 | F29: 31421 | G29: 30786 | H29: 30216 | I29: 27749 | J29: 46078 | K29: 48095 | L29: 49196 | M29: 49986 | N29: 51460 | O29: 53087 | P29: 53290 | Q29: 52113 | R29: 51488 | S29: 51851 | T29: 29406 | U29: 30225 | V29: 28172 | W29: 27444 | X29: 27418 | Y29: 27501 | Z29: 26600 | AA29: =SUM(C29:Z29) -> 923551 | AB29: 7
A30: 46266 | B30: O | C30: 39991 | D30: 38061 | E30: 36900 | F30: 36185 | G30: 35380 | H30: 35182 | I30: 34193 | J30: 53922 | K30: 56283 | L30: 57974 | M30: 59679 | N30: 61994 | O30: 63333 | P30: 64339 | Q30: 65388 | R30: 66023 | S30: 65173 | T30: 39277 | U30: 39825 | V30: 38194 | W30: 37435 | X30: 36488 | Y30: 35214 | Z30: 34714 | AA30: =SUM(C30:Z30) -> 1131147 | AB30: 22 | AC30: =+AA30*AB30+AA31*AB31+AA32*AB32 -> 32899598
B31: S | C31: 40973 | D31: 38577 | E31: 37315 | F31: 36567 | G31: 35427 | H31: 33832 | I31: 32875 | J31: 52114 | K31: 55859 | L31: 57677 | M31: 58712 | N31: 60885 | O31: 61069 | P31: 61594 | Q31: 61718 | R31: 61952 | S31: 62662 | T31: 39199 | U31: 37671 | V31: 35249 | W31: 33603 | X31: 33489 | Y31: 33302 | Z31: 32329 | AA31: =SUM(C31:Z31) -> 1094650 | AB31: 4
B32: F | C32: 35368 | D32: 34071 | E32: 33090 | F32: 32473 | G32: 31180 | H32: 29854 | I32: 26679 | J32: 43831 | K32: 45950 | L32: 47279 | M32: 47745 | N32: 49013 | O32: 50385 | P32: 50997 | Q32: 50360 | R32: 51668 | S32: 51948 | T32: 28904 | U32: 29535 | V32: 27406 | W32: 27050 | X32: 27307 | Y32: 28558 | Z32: 28290 | AA32: =SUM(C32:Z32) -> 908941 | AB32: 4
A33: 46296 | B33: O | C33: 36542 | D33: 35266 | E33: 34437 | F33: 33641 | G33: 33211 | H33: 33051 | I33: 31469 | J33: 49878 | K33: 52164 | L33: 53162 | M33: 54330 | N33: 56897 | O33: 58268 | P33: 59422 | Q33: 60108 | R33: 60574 | S33: 60058 | T33: 35300 | U33: 34647 | V33: 33223 | W33: 31820 | X33: 31378 | Y33: 30807 | Z33: 30952 | AA33: =SUM(C33:Z33) -> 1030605 | AB33: 21 | AC33: =+AA33*AB33+AA34*AB34+AA35*AB35 -> 32296425
B34: S | C34: 42567 | D34: 40963 | E34: 39771 | F34: 38803 | G34: 38188 | H34: 37679 | I34: 37935 | J34: 57316 | K34: 60748 | L34: 63288 | M34: 65117 | N34: 67141 | O34: 68250 | P34: 68849 | Q34: 69240 | R34: 68950 | S34: 68745 | T34: 46177 | U34: 47424 | V34: 45708 | W34: 43347 | X34: 41712 | Y34: 40896 | Z34: 38164 | AA34: =SUM(C34:Z34) -> 1236978 | AB34: 5
B35: F | C35: 33424 | D35: 32398 | E35: 30980 | F35: 30266 | G35: 29298 | H35: 28410 | I35: 25961 | J35: 42787 | K35: 44506 | L35: 46503 | M35: 47438 | N35: 49242 | O35: 50967 | P35: 51011 | Q35: 51110 | R35: 52255 | S35: 52601 | T35: 30573 | U35: 28963 | V35: 26658 | W35: 26462 | X35: 27078 | Y35: 27766 | Z35: 27109 | AA35: =SUM(C35:Z35) -> 893766 | AB35: 5
A36: 46327 | B36: O | C36: 35648 | D36: 34332 | E36: 33461 | F36: 33105 | G36: 32635 | H36: 32758 | I36: 32145 | J36: 51333 | K36: 53865 | L36: 55514 | M36: 57481 | N36: 60166 | O36: 60669 | P36: 61143 | Q36: 62699 | R36: 61231 | S36: 60637 | T36: 36012 | U36: 37182 | V36: 35475 | W36: 34521 | X36: 33273 | Y36: 31619 | Z36: 30917 | AA36: =SUM(C36:Z36) -> 1057821 | AB36: 19 | AC36: =+AA36*AB36+AA37*AB37+AA38*AB38 -> 29221777
B37: S | C37: 33763 | D37: 32548 | E37: 31753 | F37: 30842 | G37: 30506 | H37: 29303 | I37: 27169 | J37: 45580 | K37: 48494 | L37: 50688 | M37: 51274 | N37: 52997 | O37: 53934 | P37: 52921 | Q37: 53590 | R37: 53760 | S37: 54441 | T37: 31426 | U37: 31047 | V37: 29682 | W37: 28413 | X37: 27982 | Y37: 27225 | Z37: 25948 | AA37: =SUM(C37:Z37) -> 935286 | AB37: 4
B38: F | C38: 28134 | D38: 27462 | E38: 26528 | F38: 25720 | G38: 25419 | H38: 24726 | I38: 21778 | J38: 38840 | K38: 40416 | L38: 41929 | M38: 42165 | N38: 43538 | O38: 44810 | P38: 45373 | Q38: 44593 | R38: 44178 | S38: 45379 | T38: 22535 | U38: 22810 | V38: 22325 | W38: 22517 | X38: 22946 | Y38: 22922 | Z38: 21819 | AA38: =SUM(C38:Z38) -> 768862 | AB38: 7
A39: 46357 | B39: O | C39: 40043 | D39: 38056 | E39: 36969 | F39: 35926 | G39: 35581 | H39: 35516 | I39: 34305 | J39: 54365 | K39: 57378 | L39: 59413 | M39: 61217 | N39: 64156 | O39: 65263 | P39: 65539 | Q39: 66225 | R39: 65610 | S39: 64363 | T39: 39679 | U39: 39987 | V39: 38229 | W39: 36779 | X39: 35910 | Y39: 34978 | Z39: 34926 | AA39: =SUM(C39:Z39) -> 1140413 | AB39: 21 | AC39: =+AA39*AB39+AA40*AB40+AA41*AB41 -> 33826029
B40: S | C40: 34391 | D40: 33884 | E40: 33269 | F40: 32040 | G40: 31482 | H40: 30907 | I40: 29186 | J40: 48193 | K40: 51106 | L40: 52040 | M40: 53424 | N40: 54189 | O40: 54557 | P40: 53480 | Q40: 53706 | R40: 53306 | S40: 53484 | T40: 30859 | U40: 29829 | V40: 25920 | W40: 24012 | X40: 23077 | Y40: 22378 | Z40: 23636 | AA40: =SUM(C40:Z40) -> 932355 | AB40: 4
B41: F | C41: 38085 | D41: 36860 | E41: 35732 | F41: 34928 | G41: 34397 | H41: 33466 | I41: 30990 | J41: 48419 | K41: 50527 | L41: 52313 | M41: 53780 | N41: 55180 | O41: 56534 | P41: 57370 | Q41: 57429 | R41: 57569 | S41: 58363 | T41: 35685 | U41: 35804 | V41: 33999 | W41: 32747 | X41: 31764 | Y41: 31710 | Z41: 31005 | AA41: =SUM(C41:Z41) -> 1024656 | AB41: 6
A42: TOTAL AÑO | C42: =+SUM(C6:C41) -> 1173709 | D42: =+SUM(D6:D41) -> 1130127 | E42: =+SUM(E6:E41) -> 1098831 | F42: =+SUM(F6:F41) -> 1077417 | G42: =+SUM(G6:G41) -> 1056645 | H42: =+SUM(H6:H41) -> 1038822 | I42: =+SUM(I6:I41) -> 993483 | J42: =+SUM(J6:J41) -> 1664169 | ... AC42: =+SUM(AC6:AC41) -> 348274799

Sheet Cantidades Ofertadas Prod 1
A1: CANTIDADES OFERTADAS PRODUCTO 1 AÑO 2026 MODALIDAD PAGUE LO CONTRATADO - kWh
A4: Periodo | B4: Tipo de día | C4: H01 | D4: H02 | E4: H03 | F4: H04 | G4: H05 | H4: H06 | I4: H07 | J4: H08 | K4: H09 | L4: H10 | M4: H11 | N4: H12 | O4: H13 | P4: H14 | Q4: H15 | R4: H16 | S4: H17 | T4: H18 | U4: H19 | V4: H20 | W4: H21 | X4: H22 | Y4: H23 | Z4: H24 | AA4: TOTAL DÍA | AB4: Días/ | AC4: TOTAL MES
AB5: mes
A6: 46023 | B6: O | C6: =ROUND('Anexo 8'!C6*'Anexo 1'!$D$10,0) -> 0 | D6: =ROUND('Anexo 8'!D6*'Anexo 1'!$D$10,0) -> 0 | E6: =ROUND('Anexo 8'!E6*'Anexo 1'!$D$10,0) -> 0 | F6: =ROUND('Anexo 8'!F6*'Anexo 1'!$D$10,0) -> 0 | G6: =ROUND('Anexo 8'!G6*'Anexo 1'!$D$10,0) -> 0 | H6: =ROUND('Anexo 8'!H6*'Anexo 1'!$D$10,0) -> 0 | I6: =ROUND('Anexo 8'!I6*'Anexo 1'!$D$10,0) -> 0 | J6: =ROUND('Anexo 8'!J6*'Anexo 1'!$D$10,0) -> 0 | ... Z6: =ROUND('Anexo 8'!Z6*'Anexo 1'!$D$10,0) -> 0 | AA6: =SUM(C6:Z6) -> 0 | AB6: 20 | AC6: =+AA6*AB6+AA7*AB7+AA8*AB8 -> 0
B7: S | C7: =ROUND('Anexo 8'!C7*'Anexo 1'!$D$10,0) -> 0 | D7: =ROUND('Anexo 8'!D7*'Anexo 1'!$D$10,0) -> 0 | E7: =ROUND('Anexo 8'!E7*'Anexo 1'!$D$10,0) -> 0 | F7: =ROUND('Anexo 8'!F7*'Anexo 1'!$D$10,0) -> 0 | G7: =ROUND('Anexo 8'!G7*'Anexo 1'!$D$10,0) -> 0 | H7: =ROUND('Anexo 8'!H7*'Anexo 1'!$D$10,0) -> 0 | I7: =ROUND('Anexo 8'!I7*'Anexo 1'!$D$10,0) -> 0 | J7: =ROUND('Anexo 8'!J7*'Anexo 1'!$D$10,0) -> 0 | ... Z7: =ROUND('Anexo 8'!Z7*'Anexo 1'!$D$10,0) -> 0 | AA7: =SUM(C7:Z7) -> 0 | AB7: 5
B8: F | C8: =ROUND('Anexo 8'!C8*'Anexo 1'!$D$10,0) -> 0 | D8: =ROUND('Anexo 8'!D8*'Anexo 1'!$D$10,0) -> 0 | E8: =ROUND('Anexo 8'!E8*'Anexo 1'!$D$10,0) -> 0 | F8: =ROUND('Anexo 8'!F8*'Anexo 1'!$D$10,0) -> 0 | G8: =ROUND('Anexo 8'!G8*'Anexo 1'!$D$10,0) -> 0 | H8: =ROUND('Anexo 8'!H8*'Anexo 1'!$D$10,0) -> 0 | I8: =ROUND('Anexo 8'!I8*'Anexo 1'!$D$10,0) -> 0 | J8: =ROUND('Anexo 8'!J8*'Anexo 1'!$D$10,0) -> 0 | ... Z8: =ROUND('Anexo 8'!Z8*'Anexo 1'!$D$10,0) -> 0 | AA8: =SUM(C8:Z8) -> 0 | AB8: 6
A9: 46054 | B9: O | C9: =ROUND('Anexo 8'!C9*'Anexo 1'!$D$10,0) -> 0 | D9: =ROUND('Anexo 8'!D9*'Anexo 1'!$D$10,0) -> 0 | E9: =ROUND('Anexo 8'!E9*'Anexo 1'!$D$10,0) -> 0 | F9: =ROUND('Anexo 8'!F9*'Anexo 1'!$D$10,0) -> 0 | G9: =ROUND('Anexo 8'!G9*'Anexo 1'!$D$10,0) -> 0 | H9: =ROUND('Anexo 8'!H9*'Anexo 1'!$D$10,0) -> 0 | I9: =ROUND('Anexo 8'!I9*'Anexo 1'!$D$10,0) -> 0 | J9: =ROUND('Anexo 8'!J9*'Anexo 1'!$D$10,0) -> 0 | ... Z9: =ROUND('Anexo 8'!Z9*'Anexo 1'!$D$10,0) -> 0 | AA9: =SUM(C9:Z9) -> 0 | AB9: 20 | AC9: =+AA9*AB9+AA10*AB10+AA11*AB11 -> 0
B10: S | C10: =ROUND('Anexo 8'!C10*'Anexo 1'!$D$10,0) -> 0 | D10: =ROUND('Anexo 8'!D10*'Anexo 1'!$D$10,0) -> 0 | E10: =ROUND('Anexo 8'!E10*'Anexo 1'!$D$10,0) -> 0 | F10: =ROUND('Anexo 8'!F10*'Anexo 1'!$D$10,0) -> 0 | G10: =ROUND('Anexo 8'!G10*'Anexo 1'!$D$10,0) -> 0 | H10: =ROUND('Anexo 8'!H10*'Anexo 1'!$D$10,0) -> 0 | I10: =ROUND('Anexo 8'!I10*'Anexo 1'!$D$10,0) -> 0 | J10: =ROUND('Anexo 8'!J10*'Anexo 1'!$D$10,0) -> 0 | ... Z10: =ROUND('Anexo 8'!Z10*'Anexo 1'!$D$10,0) -> 0 | AA10: =SUM(C10:Z10) -> 0 | AB10: 4
B11: F | C11: =ROUND('Anexo 8'!C11*'Anexo 1'!$D$10,0) -> 0 | D11: =ROUND('Anexo 8'!D11*'Anexo 1'!$D$10,0) -> 0 | E11: =ROUND('Anexo 8'!E11*'Anexo 1'!$D$10,0) -> 0 | F11: =ROUND('Anexo 8'!F11*'Anexo 1'!$D$10,0) -> 0 | G11: =ROUND('Anexo 8'!G11*'Anexo 1'!$D$10,0) -> 0 | H11: =ROUND('Anexo 8'!H11*'Anexo 1'!$D$10,0) -> 0 | I11: =ROUND('Anexo 8'!I11*'Anexo 1'!$D$10,0) -> 0 | J11: =ROUND('Anexo 8'!J11*'Anexo 1'!$D$10,0) -> 0 | ... Z11: =ROUND('Anexo 8'!Z11*'Anexo 1'!$D$10,0) -> 0 | AA11: =SUM(C11:Z11) -> 0 | AB11: 4
A12: 46082 | B12: O | C12: =ROUND('Anexo 8'!C12*'Anexo 1'!$D$10,0) -> 0 | D12: =ROUND('Anexo 8'!D12*'Anexo 1'!$D$10,0) -> 0 | E12: =ROUND('Anexo 8'!E12*'Anexo 1'!$D$10,0) -> 0 | F12: =ROUND('Anexo 8'!F12*'Anexo 1'!$D$10,0) -> 0 | G12: =ROUND('Anexo 8'!G12*'Anexo 1'!$D$10,0) -> 0 | H12: =ROUND('Anexo 8'!H12*'Anexo 1'!$D$10,0) -> 0 | I12: =ROUND('Anexo 8'!I12*'Anexo 1'!$D$10,0) -> 0 | J12: =ROUND('Anexo 8'!J12*'Anexo 1'!$D$10,0) -> 0 | ... Z12: =ROUND('Anexo 8'!Z12*'Anexo 1'!$D$10,0) -> 0 | AA12: =SUM(C12:Z12) -> 0 | AB12: 21 | AC12: =+AA12*AB12+AA13*AB13+AA14*AB14 -> 0
B13: S | C13: =ROUND('Anexo 8'!C13*'Anexo 1'!$D$10,0) -> 0 | D13: =ROUND('Anexo 8'!D13*'Anexo 1'!$D$10,0) -> 0 | E13: =ROUND('Anexo 8'!E13*'Anexo 1'!$D$10,0) -> 0 | F13: =ROUND('Anexo 8'!F13*'Anexo 1'!$D$10,0) -> 0 | G13: =ROUND('Anexo 8'!G13*'Anexo 1'!$D$10,0) -> 0 | H13: =ROUND('Anexo 8'!H13*'Anexo 1'!$D$10,0) -> 0 | I13: =ROUND('Anexo 8'!I13*'Anexo 1'!$D$10,0) -> 0 | J13: =ROUND('Anexo 8'!J13*'Anexo 1'!$D$10,0) -> 0 | ... Z13: =ROUND('Anexo 8'!Z13*'Anexo 1'!$D$10,0) -> 0 | AA13: =SUM(C13:Z13) -> 0 | AB13: 4
B14: F | C14: =ROUND('Anexo 8'!C14*'Anexo 1'!$D$10,0) -> 0 | D14: =ROUND('Anexo 8'!D14*'Anexo 1'!$D$10,0) -> 0 | E14: =ROUND('Anexo 8'!E14*'Anexo 1'!$D$10,0) -> 0 | F14: =ROUND('Anexo 8'!F14*'Anexo 1'!$D$10,0) -> 0 | G14: =ROUND('Anexo 8'!G14*'Anexo 1'!$D$10,0) -> 0 | H14: =ROUND('Anexo 8'!H14*'Anexo 1'!$D$10,0) -> 0 | I14: =ROUND('Anexo 8'!I14*'Anexo 1'!$D$10,0) -> 0 | J14: =ROUND('Anexo 8'!J14*'Anexo 1'!$D$10,0) -> 0 | ... Z14: =ROUND('Anexo 8'!Z14*'Anexo 1'!$D$10,0) -> 0 | AA14: =SUM(C14:Z14) -> 0 | AB14: 6
A15: 46113 | B15: O | C15: =ROUND('Anexo 8'!C15*'Anexo 1'!$D$10,0) -> 0 | D15: =ROUND('Anexo 8'!D15*'Anexo 1'!$D$10,0) -> 0 | E15: =ROUND('Anexo 8'!E15*'Anexo 1'!$D$10,0) -> 0 | F15: =ROUND('Anexo 8'!F15*'Anexo 1'!$D$10,0) -> 0 | G15: =ROUND('Anexo 8'!G15*'Anexo 1'!$D$10,0) -> 0 | H15: =ROUND('Anexo 8'!H15*'Anexo 1'!$D$10,0) -> 0 | I15: =ROUND('Anexo 8'!I15*'Anexo 1'!$D$10,0) -> 0 | J15: =ROUND('Anexo 8'!J15*'Anexo 1'!$D$10,0) -> 0 | ... Z15: =ROUND('Anexo 8'!Z15*'Anexo 1'!$D$10,0) -> 0 | AA15: =SUM(C15:Z15) -> 0 | AB15: 20 | AC15: =+AA15*AB15+AA16*AB16+AA17*AB17 -> 0
B16: S | C16: =ROUND('Anexo 8'!C16*'Anexo 1'!$D$10,0) -> 0 | D16: =ROUND('Anexo 8'!D16*'Anexo 1'!$D$10,0) -> 0 | E16: =ROUND('Anexo 8'!E16*'Anexo 1'!$D$10,0) -> 0 | F16: =ROUND('Anexo 8'!F16*'Anexo 1'!$D$10,0) -> 0 | G16: =ROUND('Anexo 8'!G16*'Anexo 1'!$D$10,0) -> 0 | H16: =ROUND('Anexo 8'!H16*'Anexo 1'!$D$10,0) -> 0 | I16: =ROUND('Anexo 8'!I16*'Anexo 1'!$D$10,0) -> 0 | J16: =ROUND('Anexo 8'!J16*'Anexo 1'!$D$10,0) -> 0 | ... Z16: =ROUND('Anexo 8'!Z16*'Anexo 1'!$D$10,0) -> 0 | AA16: =SUM(C16:Z16) -> 0 | AB16: 4
B17: F | C17: =ROUND('Anexo 8'!C17*'Anexo 1'!$D$10,0) -> 0 | D17: =ROUND('Anexo 8'!D17*'Anexo 1'!$D$10,0) -> 0 | E17: =ROUND('Anexo 8'!E17*'Anexo 1'!$D$10,0) -> 0 | F17: =ROUND('Anexo 8'!F17*'Anexo 1'!$D$10,0) -> 0 | G17: =ROUND('Anexo 8'!G17*'Anexo 1'!$D$10,0) -> 0 | H17: =ROUND('Anexo 8'!H17*'Anexo 1'!$D$10,0) -> 0 | I17: =ROUND('Anexo 8'!I17*'Anexo 1'!$D$10,0) -> 0 | J17: =ROUND('Anexo 8'!J17*'Anexo 1'!$D$10,0) -> 0 | ... Z17: =ROUND('Anexo 8'!Z17*'Anexo 1'!$D$10,0) -> 0 | AA17: =SUM(C17:Z17) -> 0 | AB17: 6
A18: 46143 | B18: O | C18: =ROUND('Anexo 8'!C18*'Anexo 1'!$D$10,0) -> 0 | D18: =ROUND('Anexo 8'!D18*'Anexo 1'!$D$10,0) -> 0 | E18: =ROUND('Anexo 8'!E18*'Anexo 1'!$D$10,0) -> 0 | F18: =ROUND('Anexo 8'!F18*'Anexo 1'!$D$10,0) -> 0 | G18: =ROUND('Anexo 8'!G18*'Anexo 1'!$D$10,0) -> 0 | H18: =ROUND('Anexo 8'!H18*'Anexo 1'!$D$10,0) -> 0 | I18: =ROUND('Anexo 8'!I18*'Anexo 1'!$D$10,0) -> 0 | J18: =ROUND('Anexo 8'!J18*'Anexo 1'!$D$10,0) -> 0 | ... Z18: =ROUND('Anexo 8'!Z18*'Anexo 1'!$D$10,0) -> 0 | AA18: =SUM(C18:Z18) -> 0 | AB18: 19 | AC18: =+AA18*AB18+AA19*AB19+AA20*AB20 -> 0
B19: S | C19: =ROUND('Anexo 8'!C19*'Anexo 1'!$D$10,0) -> 0 | D19: =ROUND('Anexo 8'!D19*'Anexo 1'!$D$10,0) -> 0 | E19: =ROUND('Anexo 8'!E19*'Anexo 1'!$D$10,0) -> 0 | F19: =ROUND('Anexo 8'!F19*'Anexo 1'!$D$10,0) -> 0 | G19: =ROUND('Anexo 8'!G19*'Anexo 1'!$D$10,0) -> 0 | H19: =ROUND('Anexo 8'!H19*'Anexo 1'!$D$10,0) -> 0 | I19: =ROUND('Anexo 8'!I19*'Anexo 1'!$D$10,0) -> 0 | J19: =ROUND('Anexo 8'!J19*'Anexo 1'!$D$10,0) -> 0 | ... Z19: =ROUND('Anexo 8'!Z19*'Anexo 1'!$D$10,0) -> 0 | AA19: =SUM(C19:Z19) -> 0 | AB19: 5
B20: F | C20: =ROUND('Anexo 8'!C20*'Anexo 1'!$D$10,0) -> 0 | D20: =ROUND('Anexo 8'!D20*'Anexo 1'!$D$10,0) -> 0 | E20: =ROUND('Anexo 8'!E20*'Anexo 1'!$D$10,0) -> 0 | F20: =ROUND('Anexo 8'!F20*'Anexo 1'!$D$10,0) -> 0 | G20: =ROUND('Anexo 8'!G20*'Anexo 1'!$D$10,0) -> 0 | H20: =ROUND('Anexo 8'!H20*'Anexo 1'!$D$10,0) -> 0 | I20: =ROUND('Anexo 8'!I20*'Anexo 1'!$D$10,0) -> 0 | J20: =ROUND('Anexo 8'!J20*'Anexo 1'!$D$10,0) -> 0 | ... Z20: =ROUND('Anexo 8'!Z20*'Anexo 1'!$D$10,0) -> 0 | AA20: =SUM(C20:Z20) -> 0 | AB20: 7
A21: 46174 | B21: O | C21: =ROUND('Anexo 8'!C21*'Anexo 1'!$D$10,0) -> 0 | D21: =ROUND('Anexo 8'!D21*'Anexo 1'!$D$10,0) -> 0 | E21: =ROUND('Anexo 8'!E21*'Anexo 1'!$D$10,0) -> 0 | F21: =ROUND('Anexo 8'!F21*'Anexo 1'!$D$10,0) -> 0 | G21: =ROUND('Anexo 8'!G21*'Anexo 1'!$D$10,0) -> 0 | H21: =ROUND('Anexo 8'!H21*'Anexo 1'!$D$10,0) -> 0 | I21: =ROUND('Anexo 8'!I21*'Anexo 1'!$D$10,0) -> 0 | J21: =ROUND('Anexo 8'!J21*'Anexo 1'!$D$10,0) -> 0 | ... Z21: =ROUND('Anexo 8'!Z21*'Anexo 1'!$D$10,0) -> 0 | AA21: =SUM(C21:Z21) -> 0 | AB21: 19 | AC21: =+AA21*AB21+AA22*AB22+AA23*AB23 -> 0
B22: S | C22: =ROUND('Anexo 8'!C22*'Anexo 1'!$D$10,0) -> 0 | D22: =ROUND('Anexo 8'!D22*'Anexo 1'!$D$10,0) -> 0 | E22: =ROUND('Anexo 8'!E22*'Anexo 1'!$D$10,0) -> 0 | F22: =ROUND('Anexo 8'!F22*'Anexo 1'!$D$10,0) -> 0 | G22: =ROUND('Anexo 8'!G22*'Anexo 1'!$D$10,0) -> 0 | H22: =ROUND('Anexo 8'!H22*'Anexo 1'!$D$10,0) -> 0 | I22: =ROUND('Anexo 8'!I22*'Anexo 1'!$D$10,0) -> 0 | J22: =ROUND('Anexo 8'!J22*'Anexo 1'!$D$10,0) -> 0 | ... Z22: =ROUND('Anexo 8'!Z22*'Anexo 1'!$D$10,0) -> 0 | AA22: =SUM(C22:Z22) -> 0 | AB22: 4
B23: F | C23: =ROUND('Anexo 8'!C23*'Anexo 1'!$D$10,0) -> 0 | D23: =ROUND('Anexo 8'!D23*'Anexo 1'!$D$10,0) -> 0 | E23: =ROUND('Anexo 8'!E23*'Anexo 1'!$D$10,0) -> 0 | F23: =ROUND('Anexo 8'!F23*'Anexo 1'!$D$10,0) -> 0 | G23: =ROUND('Anexo 8'!G23*'Anexo 1'!$D$10,0) -> 0 | H23: =ROUND('Anexo 8'!H23*'Anexo 1'!$D$10,0) -> 0 | I23: =ROUND('Anexo 8'!I23*'Anexo 1'!$D$10,0) -> 0 | J23: =ROUND('Anexo 8'!J23*'Anexo 1'!$D$10,0) -> 0 | ... Z23: =ROUND('Anexo 8'!Z23*'Anexo 1'!$D$10,0) -> 0 | AA23: =SUM(C23:Z23) -> 0 | AB23: 7
A24: 46204 | B24: O | C24: =ROUND('Anexo 8'!C24*'Anexo 1'!$D$10,0) -> 0 | D24: =ROUND('Anexo 8'!D24*'Anexo 1'!$D$10,0) -> 0 | E24: =ROUND('Anexo 8'!E24*'Anexo 1'!$D$10,0) -> 0 | F24: =ROUND('Anexo 8'!F24*'Anexo 1'!$D$10,0) -> 0 | G24: =ROUND('Anexo 8'!G24*'Anexo 1'!$D$10,0) -> 0 | H24: =ROUND('Anexo 8'!H24*'Anexo 1'!$D$10,0) -> 0 | I24: =ROUND('Anexo 8'!I24*'Anexo 1'!$D$10,0) -> 0 | J24: =ROUND('Anexo 8'!J24*'Anexo 1'!$D$10,0) -> 0 | ... Z24: =ROUND('Anexo 8'!Z24*'Anexo 1'!$D$10,0) -> 0 | AA24: =SUM(C24:Z24) -> 0 | AB24: 22 | AC24: =+AA24*AB24+AA25*AB25+AA26*AB26 -> 0
B25: S | C25: =ROUND('Anexo 8'!C25*'Anexo 1'!$D$10,0) -> 0 | D25: =ROUND('Anexo 8'!D25*'Anexo 1'!$D$10,0) -> 0 | E25: =ROUND('Anexo 8'!E25*'Anexo 1'!$D$10,0) -> 0 | F25: =ROUND('Anexo 8'!F25*'Anexo 1'!$D$10,0) -> 0 | G25: =ROUND('Anexo 8'!G25*'Anexo 1'!$D$10,0) -> 0 | H25: =ROUND('Anexo 8'!H25*'Anexo 1'!$D$10,0) -> 0 | I25: =ROUND('Anexo 8'!I25*'Anexo 1'!$D$10,0) -> 0 | J25: =ROUND('Anexo 8'!J25*'Anexo 1'!$D$10,0) -> 0 | ... Z25: =ROUND('Anexo 8'!Z25*'Anexo 1'!$D$10,0) -> 0 | AA25: =SUM(C25:Z25) -> 0 | AB25: 4
B26: F | C26: =ROUND('Anexo 8'!C26*'Anexo 1'!$D$10,0) -> 0 | D26: =ROUND('Anexo 8'!D26*'Anexo 1'!$D$10,0) -> 0 | E26: =ROUND('Anexo 8'!E26*'Anexo 1'!$D$10,0) -> 0 | F26: =ROUND('Anexo 8'!F26*'Anexo 1'!$D$10,0) -> 0 | G26: =ROUND('Anexo 8'!G26*'Anexo 1'!$D$10,0) -> 0 | H26: =ROUND('Anexo 8'!H26*'Anexo 1'!$D$10,0) -> 0 | I26: =ROUND('Anexo 8'!I26*'Anexo 1'!$D$10,0) -> 0 | J26: =ROUND('Anexo 8'!J26*'Anexo 1'!$D$10,0) -> 0 | ... Z26: =ROUND('Anexo 8'!Z26*'Anexo 1'!$D$10,0) -> 0 | AA26: =SUM(C26:Z26) -> 0 | AB26: 5
A27: 46235 | B27: O | C27: =ROUND('Anexo 8'!C27*'Anexo 1'!$D$10,0) -> 0 | D27: =ROUND('Anexo 8'!D27*'Anexo 1'!$D$10,0) -> 0 | E27: =ROUND('Anexo 8'!E27*'Anexo 1'!$D$10,0) -> 0 | F27: =ROUND('Anexo 8'!F27*'Anexo 1'!$D$10,0) -> 0 | G27: =ROUND('Anexo 8'!G27*'Anexo 1'!$D$10,0) -> 0 | H27: =ROUND('Anexo 8'!H27*'Anexo 1'!$D$10,0) -> 0 | I27: =ROUND('Anexo 8'!I27*'Anexo 1'!$D$10,0) -> 0 | J27: =ROUND('Anexo 8'!J27*'Anexo 1'!$D$10,0) -> 0 | ... Z27: =ROUND('Anexo 8'!Z27*'Anexo 1'!$D$10,0) -> 0 | AA27: =SUM(C27:Z27) -> 0 | AB27: 19 | AC27: =+AA27*AB27+AA28*AB28+AA29*AB29 -> 0
B28: S | C28: =ROUND('Anexo 8'!C28*'Anexo 1'!$D$10,0) -> 0 | D28: =ROUND('Anexo 8'!D28*'Anexo 1'!$D$10,0) -> 0 | E28: =ROUND('Anexo 8'!E28*'Anexo 1'!$D$10,0) -> 0 | F28: =ROUND('Anexo 8'!F28*'Anexo 1'!$D$10,0) -> 0 | G28: =ROUND('Anexo 8'!G28*'Anexo 1'!$D$10,0) -> 0 | H28: =ROUND('Anexo 8'!H28*'Anexo 1'!$D$10,0) -> 0 | I28: =ROUND('Anexo 8'!I28*'Anexo 1'!$D$10,0) -> 0 | J28: =ROUND('Anexo 8'!J28*'Anexo 1'!$D$10,0) -> 0 | ... Z28: =ROUND('Anexo 8'!Z28*'Anexo 1'!$D$10,0) -> 0 | AA28: =SUM(C28:Z28) -> 0 | AB28: 5
B29: F | C29: =ROUND('Anexo 8'!C29*'Anexo 1'!$D$10,0) -> 0 | D29: =ROUND('Anexo 8'!D29*'Anexo 1'!$D$10,0) -> 0 | E29: =ROUND('Anexo 8'!E29*'Anexo 1'!$D$10,0) -> 0 | F29: =ROUND('Anexo 8'!F29*'Anexo 1'!$D$10,0) -> 0 | G29: =ROUND('Anexo 8'!G29*'Anexo 1'!$D$10,0) -> 0 | H29: =ROUND('Anexo 8'!H29*'Anexo 1'!$D$10,0) -> 0 | I29: =ROUND('Anexo 8'!I29*'Anexo 1'!$D$10,0) -> 0 | J29: =ROUND('Anexo 8'!J29*'Anexo 1'!$D$10,0) -> 0 | ... Z29: =ROUND('Anexo 8'!Z29*'Anexo 1'!$D$10,0) -> 0 | AA29: =SUM(C29:Z29) -> 0 | AB29: 7
A30: 46266 | B30: O | C30: =ROUND('Anexo 8'!C30*'Anexo 1'!$D$10,0) -> 0 | D30: =ROUND('Anexo 8'!D30*'Anexo 1'!$D$10,0) -> 0 | E30: =ROUND('Anexo 8'!E30*'Anexo 1'!$D$10,0) -> 0 | F30: =ROUND('Anexo 8'!F30*'Anexo 1'!$D$10,0) -> 0 | G30: =ROUND('Anexo 8'!G30*'Anexo 1'!$D$10,0) -> 0 | H30: =ROUND('Anexo 8'!H30*'Anexo 1'!$D$10,0) -> 0 | I30: =ROUND('Anexo 8'!I30*'Anexo 1'!$D$10,0) -> 0 | J30: =ROUND('Anexo 8'!J30*'Anexo 1'!$D$10,0) -> 0 | ... Z30: =ROUND('Anexo 8'!Z30*'Anexo 1'!$D$10,0) -> 0 | AA30: =SUM(C30:Z30) -> 0 | AB30: 22 | AC30: =+AA30*AB30+AA31*AB31+AA32*AB32 -> 0
B31: S | C31: =ROUND('Anexo 8'!C31*'Anexo 1'!$D$10,0) -> 0 | D31: =ROUND('Anexo 8'!D31*'Anexo 1'!$D$10,0) -> 0 | E31: =ROUND('Anexo 8'!E31*'Anexo 1'!$D$10,0) -> 0 | F31: =ROUND('Anexo 8'!F31*'Anexo 1'!$D$10,0) -> 0 | G31: =ROUND('Anexo 8'!G31*'Anexo 1'!$D$10,0) -> 0 | H31: =ROUND('Anexo 8'!H31*'Anexo 1'!$D$10,0) -> 0 | I31: =ROUND('Anexo 8'!I31*'Anexo 1'!$D$10,0) -> 0 | J31: =ROUND('Anexo 8'!J31*'Anexo 1'!$D$10,0) -> 0 | ... Z31: =ROUND('Anexo 8'!Z31*'Anexo 1'!$D$10,0) -> 0 | AA31: =SUM(C31:Z31) -> 0 | AB31: 4
B32: F | C32: =ROUND('Anexo 8'!C32*'Anexo 1'!$D$10,0) -> 0 | D32: =ROUND('Anexo 8'!D32*'Anexo 1'!$D$10,0) -> 0 | E32: =ROUND('Anexo 8'!E32*'Anexo 1'!$D$10,0) -> 0 | F32: =ROUND('Anexo 8'!F32*'Anexo 1'!$D$10,0) -> 0 | G32: =ROUND('Anexo 8'!G32*'Anexo 1'!$D$10,0) -> 0 | H32: =ROUND('Anexo 8'!H32*'Anexo 1'!$D$10,0) -> 0 | I32: =ROUND('Anexo 8'!I32*'Anexo 1'!$D$10,0) -> 0 | J32: =ROUND('Anexo 8'!J32*'Anexo 1'!$D$10,0) -> 0 | ... Z32: =ROUND('Anexo 8'!Z32*'Anexo 1'!$D$10,0) -> 0 | AA32: =SUM(C32:Z32) -> 0 | AB32: 4
A33: 46296 | B33: O | C33: =ROUND('Anexo 8'!C33*'Anexo 1'!$D$10,0) -> 0 | D33: =ROUND('Anexo 8'!D33*'Anexo 1'!$D$10,0) -> 0 | E33: =ROUND('Anexo 8'!E33*'Anexo 1'!$D$10,0) -> 0 | F33: =ROUND('Anexo 8'!F33*'Anexo 1'!$D$10,0) -> 0 | G33: =ROUND('Anexo 8'!G33*'Anexo 1'!$D$10,0) -> 0 | H33: =ROUND('Anexo 8'!H33*'Anexo 1'!$D$10,0) -> 0 | I33: =ROUND('Anexo 8'!I33*'Anexo 1'!$D$10,0) -> 0 | J33: =ROUND('Anexo 8'!J33*'Anexo 1'!$D$10,0) -> 0 | ... Z33: =ROUND('Anexo 8'!Z33*'Anexo 1'!$D$10,0) -> 0 | AA33: =SUM(C33:Z33) -> 0 | AB33: 21 | AC33: =+AA33*AB33+AA34*AB34+AA35*AB35 -> 0
B34: S | C34: =ROUND('Anexo 8'!C34*'Anexo 1'!$D$10,0) -> 0 | D34: =ROUND('Anexo 8'!D34*'Anexo 1'!$D$10,0) -> 0 | E34: =ROUND('Anexo 8'!E34*'Anexo 1'!$D$10,0) -> 0 | F34: =ROUND('Anexo 8'!F34*'Anexo 1'!$D$10,0) -> 0 | G34: =ROUND('Anexo 8'!G34*'Anexo 1'!$D$10,0) -> 0 | H34: =ROUND('Anexo 8'!H34*'Anexo 1'!$D$10,0) -> 0 | I34: =ROUND('Anexo 8'!I34*'Anexo 1'!$D$10,0) -> 0 | J34: =ROUND('Anexo 8'!J34*'Anexo 1'!$D$10,0) -> 0 | ... Z34: =ROUND('Anexo 8'!Z34*'Anexo 1'!$D$10,0) -> 0 | AA34: =SUM(C34:Z34) -> 0 | AB34: 5
B35: F | C35: =ROUND('Anexo 8'!C35*'Anexo 1'!$D$10,0) -> 0 | D35: =ROUND('Anexo 8'!D35*'Anexo 1'!$D$10,0) -> 0 | E35: =ROUND('Anexo 8'!E35*'Anexo 1'!$D$10,0) -> 0 | F35: =ROUND('Anexo 8'!F35*'Anexo 1'!$D$10,0) -> 0 | G35: =ROUND('Anexo 8'!G35*'Anexo 1'!$D$10,0) -> 0 | H35: =ROUND('Anexo 8'!H35*'Anexo 1'!$D$10,0) -> 0 | I35: =ROUND('Anexo 8'!I35*'Anexo 1'!$D$10,0) -> 0 | J35: =ROUND('Anexo 8'!J35*'Anexo 1'!$D$10,0) -> 0 | ... Z35: =ROUND('Anexo 8'!Z35*'Anexo 1'!$D$10,0) -> 0 | AA35: =SUM(C35:Z35) -> 0 | AB35: 5
A36: 46327 | B36: O | C36: =ROUND('Anexo 8'!C36*'Anexo 1'!$D$10,0) -> 0 | D36: =ROUND('Anexo 8'!D36*'Anexo 1'!$D$10,0) -> 0 | E36: =ROUND('Anexo 8'!E36*'Anexo 1'!$D$10,0) -> 0 | F36: =ROUND('Anexo 8'!F36*'Anexo 1'!$D$10,0) -> 0 | G36: =ROUND('Anexo 8'!G36*'Anexo 1'!$D$10,0) -> 0 | H36: =ROUND('Anexo 8'!H36*'Anexo 1'!$D$10,0) -> 0 | I36: =ROUND('Anexo 8'!I36*'Anexo 1'!$D$10,0) -> 0 | J36: =ROUND('Anexo 8'!J36*'Anexo 1'!$D$10,0) -> 0 | ... Z36: =ROUND('Anexo 8'!Z36*'Anexo 1'!$D$10,0) -> 0 | AA36: =SUM(C36:Z36) -> 0 | AB36: 19 | AC36: =+AA36*AB36+AA37*AB37+AA38*AB38 -> 0
B37: S | C37: =ROUND('Anexo 8'!C37*'Anexo 1'!$D$10,0) -> 0 | D37: =ROUND('Anexo 8'!D37*'Anexo 1'!$D$10,0) -> 0 | E37: =ROUND('Anexo 8'!E37*'Anexo 1'!$D$10,0) -> 0 | F37: =ROUND('Anexo 8'!F37*'Anexo 1'!$D$10,0) -> 0 | G37: =ROUND('Anexo 8'!G37*'Anexo 1'!$D$10,0) -> 0 | H37: =ROUND('Anexo 8'!H37*'Anexo 1'!$D$10,0) -> 0 | I37: =ROUND('Anexo 8'!I37*'Anexo 1'!$D$10,0) -> 0 | J37: =ROUND('Anexo 8'!J37*'Anexo 1'!$D$10,0) -> 0 | ... Z37: =ROUND('Anexo 8'!Z37*'Anexo 1'!$D$10,0) -> 0 | AA37: =SUM(C37:Z37) -> 0 | AB37: 4
B38: F | C38: =ROUND('Anexo 8'!C38*'Anexo 1'!$D$10,0) -> 0 | D38: =ROUND('Anexo 8'!D38*'Anexo 1'!$D$10,0) -> 0 | E38: =ROUND('Anexo 8'!E38*'Anexo 1'!$D$10,0) -> 0 | F38: =ROUND('Anexo 8'!F38*'Anexo 1'!$D$10,0) -> 0 | G38: =ROUND('Anexo 8'!G38*'Anexo 1'!$D$10,0) -> 0 | H38: =ROUND('Anexo 8'!H38*'Anexo 1'!$D$10,0) -> 0 | I38: =ROUND('Anexo 8'!I38*'Anexo 1'!$D$10,0) -> 0 | J38: =ROUND('Anexo 8'!J38*'Anexo 1'!$D$10,0) -> 0 | ... Z38: =ROUND('Anexo 8'!Z38*'Anexo 1'!$D$10,0) -> 0 | AA38: =SUM(C38:Z38) -> 0 | AB38: 7
A39: 46357 | B39: O | C39: =ROUND('Anexo 8'!C39*'Anexo 1'!$D$10,0) -> 0 | D39: =ROUND('Anexo 8'!D39*'Anexo 1'!$D$10,0) -> 0 | E39: =ROUND('Anexo 8'!E39*'Anexo 1'!$D$10,0) -> 0 | F39: =ROUND('Anexo 8'!F39*'Anexo 1'!$D$10,0) -> 0 | G39: =ROUND('Anexo 8'!G39*'Anexo 1'!$D$10,0) -> 0 | H39: =ROUND('Anexo 8'!H39*'Anexo 1'!$D$10,0) -> 0 | I39: =ROUND('Anexo 8'!I39*'Anexo 1'!$D$10,0) -> 0 | J39: =ROUND('Anexo 8'!J39*'Anexo 1'!$D$10,0) -> 0 | ... Z39: =ROUND('Anexo 8'!Z39*'Anexo 1'!$D$10,0) -> 0 | AA39: =SUM(C39:Z39) -> 0 | AB39: 21 | AC39: =+AA39*AB39+AA40*AB40+AA41*AB41 -> 0
B40: S | C40: =ROUND('Anexo 8'!C40*'Anexo 1'!$D$10,0) -> 0 | D40: =ROUND('Anexo 8'!D40*'Anexo 1'!$D$10,0) -> 0 | E40: =ROUND('Anexo 8'!E40*'Anexo 1'!$D$10,0) -> 0 | F40: =ROUND('Anexo 8'!F40*'Anexo 1'!$D$10,0) -> 0 | G40: =ROUND('Anexo 8'!G40*'Anexo 1'!$D$10,0) -> 0 | H40: =ROUND('Anexo 8'!H40*'Anexo 1'!$D$10,0) -> 0 | I40: =ROUND('Anexo 8'!I40*'Anexo 1'!$D$10,0) -> 0 | J40: =ROUND('Anexo 8'!J40*'Anexo 1'!$D$10,0) -> 0 | ... Z40: =ROUND('Anexo 8'!Z40*'Anexo 1'!$D$10,0) -> 0 | AA40: =SUM(C40:Z40) -> 0 | AB40: 4
B41: F | C41: =ROUND('Anexo 8'!C41*'Anexo 1'!$D$10,0) -> 0 | D41: =ROUND('Anexo 8'!D41*'Anexo 1'!$D$10,0) -> 0 | E41: =ROUND('Anexo 8'!E41*'Anexo 1'!$D$10,0) -> 0 | F41: =ROUND('Anexo 8'!F41*'Anexo 1'!$D$10,0) -> 0 | G41: =ROUND('Anexo 8'!G41*'Anexo 1'!$D$10,0) -> 0 | H41: =ROUND('Anexo 8'!H41*'Anexo 1'!$D$10,0) -> 0 | I41: =ROUND('Anexo 8'!I41*'Anexo 1'!$D$10,0) -> 0 | J41: =ROUND('Anexo 8'!J41*'Anexo 1'!$D$10,0) -> 0 | ... Z41: =ROUND('Anexo 8'!Z41*'Anexo 1'!$D$10,0) -> 0 | AA41: =SUM(C41:Z41) -> 0 | AB41: 6
A42: TOTAL AÑO | C42: =+SUM(C6:C41) -> 0 | D42: =+SUM(D6:D41) -> 0 | E42: =+SUM(E6:E41) -> 0 | F42: =+SUM(F6:F41) -> 0 | G42: =+SUM(G6:G41) -> 0 | H42: =+SUM(H6:H41) -> 0 | I42: =+SUM(I6:I41) -> 0 | J42: =+SUM(J6:J41) -> 0 | ... AC42: =+SUM(AC6:AC41) -> 0

Sheet Anexo 2
B3: ANEXO No 2 - PRODUCTO No. 2 - CURVA
B4: PAGUE LO CONTRATADO AÑO 2027
B5: PRECIO OFERTADO EN $ / kWh DE ENERO DE 2025
B8: MES | C8: ENERGIA SOLICITADA kWh/MES | D8: % OFERTADO ANUAL | E8: ENERGIA OFERTADA kWh/MES | F8: PRECIO OFERTADO ANUAL $/kWh
B10: 46388 | C10: =+'Anexo 9'!AC6 -> 65954714 | E10: =+'Cantidades Ofertadas Prod 2'!AC6 -> 0
B11: 46419 | C11: =+'Anexo 9'!AC9 -> 62974516 | E11: =+'Cantidades Ofertadas Prod 2'!AC9 -> 0
B12: 46447 | C12: =+'Anexo 9'!AC12 -> 67623091 | E12: =+'Cantidades Ofertadas Prod 2'!AC12 -> 0
B13: 46478 | C13: =+'Anexo 9'!AC15 -> 60519442 | E13: =+'Cantidades Ofertadas Prod 2'!AC15 -> 0
B14: 46508 | C14: =+'Anexo 9'!AC18 -> 63348286 | E14: =+'Cantidades Ofertadas Prod 2'!AC18 -> 0
B15: 46539 | C15: =+'Anexo 9'!AC21 -> 63361286 | E15: =+'Cantidades Ofertadas Prod 2'!AC21 -> 0
B16: 46569 | C16: =+'Anexo 9'!AC24 -> 66315125 | E16: =+'Cantidades Ofertadas Prod 2'!AC24 -> 0
B17: 46600 | C17: =+'Anexo 9'!AC27 -> 68019167 | E17: =+'Cantidades Ofertadas Prod 2'!AC27 -> 0
B18: 46631 | C18: =+'Anexo 9'!AC30 -> 69317302 | E18: =+'Cantidades Ofertadas Prod 2'!AC30 -> 0
B19: 46661 | C19: =+'Anexo 9'!AC33 -> 68101844 | E19: =+'Cantidades Ofertadas Prod 2'!AC33 -> 0
B20: 46692 | C20: =+'Anexo 9'!AC36 -> 63784834 | E20: =+'Cantidades Ofertadas Prod 2'!AC36 -> 0
B21: 46722 | C21: =+'Anexo 9'!AC39 -> 70600381 | E21: =+'Cantidades Ofertadas Prod 2'!AC39 -> 0
B22: TOTAL | C22: =+SUM(C10:C21) -> 789919988 | E22: =SUM(E10:E21) -> 0 | F22: =+F10 -> 0
B23: *Solo se debe ingresar valores en las celdas en color Naranja
B24: * Se debe ofertar un unico % para todos los meses del año.
B25: * Los % ofertados se aplicaran a las curvas de carga de la hoja "Anexo 9".
B26: * La energia ofertada se calcula de manera automatica en la hoja "Cantidades Ofertadas Prod2"
B27: * Se debe ofertar un unico precio por producto.
B28: * Para ofertas planas se debe diligenciar el anexo 2A, con un tope horario de 20.000 kWh
B32: ____________________________________________
B33: Firma del Representante Legal
B34: o Apoderado General (Responsable del negocio)

Sheet Anexo 2A
B3: ANEXO No 2A - PRODUCTO No. 2 - OFERTA PLANA
B4: PAGUE LO CONTRATADO AÑO 2027
B5: PRECIO OFERTADO EN $ / kWh DE ENERO DE 2025
B8: MES | C8: ENERGIA MAXIMA A OFERTAR kWh/MES | D8: kWh OFERTADO | E8: ENERGIA OFERTADA kWh/MES | F8: PRECIO OFERTADO ANUAL $/kWh
A9: 20000
A10: 31 | B10: 46388 | C10: =+$A$9*A10*24 -> 14880000 | E10: =+$D$10*A10*24 -> 0
A11: 28 | B11: 46419 | C11: =+$A$9*A11*24 -> 13440000 | E11: =+$D$10*A11*24 -> 0
A12: 31 | B12: 46447 | C12: =+$A$9*A12*24 -> 14880000 | E12: =+$D$10*A12*24 -> 0
A13: 30 | B13: 46478 | C13: =+$A$9*A13*24 -> 14400000 | E13: =+$D$10*A13*24 -> 0
A14: 31 | B14: 46508 | C14: =+$A$9*A14*24 -> 14880000 | E14: =+$D$10*A14*24 -> 0
A15: 30 | B15: 46539 | C15: =+$A$9*A15*24 -> 14400000 | E15: =+$D$10*A15*24 -> 0
A16: 31 | B16: 46569 | C16: =+$A$9*A16*24 -> 14880000 | E16: =+$D$10*A16*24 -> 0
A17: 31 | B17: 46600 | C17: =+$A$9*A17*24 -> 14880000 | E17: =+$D$10*A17*24 -> 0
A18: 30 | B18: 46631 | C18: =+$A$9*A18*24 -> 14400000 | E18: =+$D$10*A18*24 -> 0
A19: 31 | B19: 46661 | C19: =+$A$9*A19*24 -> 14880000 | E19: =+$D$10*A19*24 -> 0
A20: 30 | B20: 46692 | C20: =+$A$9*A20*24 -> 14400000 | E20: =+$D$10*A20*24 -> 0
A21: 31 | B21: 46722 | C21: =+$A$9*A21*24 -> 14880000 | E21: =+$D$10*A21*24 -> 0
B22: TOTAL | C22: =+SUM(C10:C21) -> 175200000 | E22: =SUM(E10:E21) -> 0 | F22: =+F10 -> 0
B23: *Solo se debe ingresar valores en las celdas en color Naranja
B24: * Se debe oferta un valor de kWh el cual se aplica para todas las horas del año, con un tope horario de 20.000 kWh
B25: * Se debe ofertar un unico precio por producto.
B26: * A las ofertas planas al momento de la evaluación se le adicionarán 5 $/kWh al precio ofertado; con el fin de hacerlas comparables con las Ofertas que siguen la curva
B29: ____________________________________________
B30: Firma del Representante Legal
B31: o Apoderado General (Responsable del negocio)

Sheet Anexo 9
A1: CURVAS REQUERIDAS PRODUCTO 2 AÑO 2027 MODALIDAD PAGUE LO CONTRATADO - kWh
A4: Periodo | B4: Tipo de día | C4: H01 | D4: H02 | E4: H03 | F4: H04 | G4: H05 | H4: H06 | I4: H07 | J4: H08 | K4: H09 | L4: H10 | M4: H11 | N4: H12 | O4: H13 | P4: H14 | Q4: H15 | R4: H16 | S4: H17 | T4: H18 | U4: H19 | V4: H20 | W4: H21 | X4: H22 | Y4: H23 | Z4: H24 | AA4: TOTAL DÍA | AB4: Días/ | AC4: TOTAL MES
AB5: mes
A6: 46388 | B6: O | C6: 72823 | D6: 68815 | E6: 66032 | F6: 64506 | G6: 64966 | H6: 66584 | I6: 67774 | J6: 95414 | K6: 102983 | L6: 108084 | M6: 113343 | N6: 119706 | O6: 121218 | P6: 122077 | Q6: 122736 | R6: 122995 | S6: 121243 | T6: 88230 | U6: 91818 | V6: 92972 | W6: 89586 | X6: 85072 | Y6: 77357 | Z6: 69044 | AA6: =SUM(C6:Z6) -> 2215378 | AB6: 19 | AC6: =+AA6*AB6+AA7*AB7+AA8*AB8 -> 65954714
B7: S | C7: 70933 | D7: 66358 | E7: 63390 | F7: 61367 | G7: 61200 | H7: 63019 | I7: 64375 | J7: 91127 | K7: 99285 | L7: 105015 | M7: 108449 | N7: 113542 | O7: 115028 | P7: 114556 | Q7: 114123 | R7: 114518 | S7: 114914 | T7: 85842 | U7: 90325 | V7: 91482 | W7: 86708 | X7: 80670 | Y7: 73752 | Z7: 66916 | AA7: =SUM(C7:Z7) -> 2116894 | AB7: 5
B8: F | C8: 68842 | D8: 64442 | E8: 62687 | F8: 60523 | G8: 59434 | H8: 59954 | I8: 57640 | J8: 79879 | K8: 85823 | L8: 90872 | M8: 94419 | N8: 98520 | O8: 102032 | P8: 102524 | Q8: 101814 | R8: 101330 | S8: 101445 | T8: 72315 | U8: 76202 | V8: 78495 | W8: 76330 | X8: 72544 | Y8: 67719 | Z8: 61081 | AA8: =SUM(C8:Z8) -> 1896866 | AB8: 7
A9: 46419 | B9: O | C9: 74983 | D9: 70603 | E9: 68254 | F9: 66915 | G9: 67575 | H9: 69713 | I9: 71496 | J9: 99489 | K9: 107509 | L9: 112024 | M9: 116514 | N9: 122115 | O9: 122260 | P9: 123175 | Q9: 124785 | R9: 124465 | S9: 123742 | T9: 89369 | U9: 91617 | V9: 93982 | W9: 90980 | X9: 85510 | Y9: 78299 | Z9: 70354 | AA9: =SUM(C9:Z9) -> 2265728 | AB9: 20 | AC9: =+AA9*AB9+AA10*AB10+AA11*AB11 -> 62974516
B10: S | C10: 76091 | D10: 71515 | E10: 68671 | F10: 66767 | G10: 66399 | H10: 67114 | I10: 69494 | J10: 95829 | K10: 105602 | L10: 110820 | M10: 114665 | N10: 120331 | O10: 121847 | P10: 121285 | Q10: 120710 | R10: 120243 | S10: 120807 | T10: 91232 | U10: 93781 | V10: 96259 | W10: 92002 | X10: 87103 | Y10: 81630 | Z10: 73798 | AA10: =SUM(C10:Z10) -> 2253995 | AB10: 4
B11: F | C11: 79015 | D11: 74432 | E11: 71829 | F11: 69692 | G11: 68714 | H11: 68725 | I11: 66521 | J11: 90350 | K11: 98469 | L11: 105223 | M11: 108585 | N11: 109523 | O11: 115337 | P11: 114744 | Q11: 113514 | R11: 111928 | S11: 112600 | T11: 84068 | U11: 86609 | V11: 90393 | W11: 88671 | X11: 84251 | Y11: 77932 | Z11: 69869 | AA11: =SUM(C11:Z11) -> 2160994 | AB11: 4
A12: 46447 | B12: O | C12: 73388 | D12: 69672 | E12: 67896 | F12: 66723 | G12: 67730 | H12: 70639 | I12: 72492 | J12: 100110 | K12: 107844 | L12: 112406 | M12: 116308 | N12: 121163 | O12: 120136 | P12: 121199 | Q12: 123132 | R12: 123145 | S12: 121719 | T12: 88444 | U12: 91705 | V12: 93679 | W12: 90760 | X12: 85488 | Y12: 77399 | Z12: 69361 | AA12: =SUM(C12:Z12) -> 2252538 | AB12: 20 | AC12: =+AA12*AB12+AA13*AB13+AA14*AB14 -> 67623091
B13: S | C13: 74270 | D13: 69675 | E13: 67662 | F13: 66604 | G13: 65816 | H13: 67413 | I13: 67400 | J13: 94914 | K13: 103148 | L13: 108627 | M13: 112323 | N13: 115742 | O13: 115614 | P13: 114252 | Q13: 113649 | R13: 113373 | S13: 111924 | T13: 82499 | U13: 84796 | V13: 85748 | W13: 82523 | X13: 78709 | Y13: 73533 | Z13: 68128 | AA13: =SUM(C13:Z13) -> 2138342 | AB13: 4
B14: F | C14: 74111 | D14: 70075 | E14: 67974 | F14: 66331 | G14: 63932 | H14: 64570 | I14: 62852 | J14: 86543 | K14: 92773 | L14: 96719 | M14: 99344 | N14: 103697 | O14: 106956 | P14: 106345 | Q14: 104656 | R14: 104726 | S14: 104802 | T14: 75558 | U14: 78740 | V14: 80936 | W14: 79115 | X14: 76088 | Y14: 70412 | Z14: 65454 | AA14: =SUM(C14:Z14) -> 2002709 | AB14: 7
A15: 46478 | B15: O | C15: 67471 | D15: 64616 | E15: 62307 | F15: 61742 | G15: 61532 | H15: 63860 | I15: 65833 | J15: 92281 | K15: 99311 | L15: 104237 | M15: 108114 | N15: 113138 | O15: 111964 | P15: 113434 | Q15: 115656 | R15: 115863 | S15: 113801 | T15: 80005 | U15: 82021 | V15: 83020 | W15: 80754 | X15: 76616 | Y15: 69849 | Z15: 62878 | AA15: =SUM(C15:Z15) -> 2070303 | AB15: 22 | AC15: =+AA15*AB15+AA16*AB16+AA17*AB17 -> 60519442
B16: S | C16: 65110 | D16: 61937 | E16: 58719 | F16: 57229 | G16: 56713 | H16: 57485 | I16: 58047 | J16: 85323 | K16: 93559 | L16: 98942 | M16: 101821 | N16: 106870 | O16: 107190 | P16: 106852 | Q16: 106375 | R16: 106248 | S16: 106482 | T16: 76213 | U16: 78180 | V16: 78432 | W16: 74604 | X16: 71169 | Y16: 67266 | Z16: 61175 | AA16: =SUM(C16:Z16) -> 1941941 | AB16: 4
B17: F | C17: 66628 | D17: 63951 | E17: 60696 | F17: 58977 | G17: 57305 | H17: 56045 | I17: 55535 | J17: 79313 | K17: 85034 | L17: 90037 | M17: 92665 | N17: 96176 | O17: 98069 | P17: 97612 | Q17: 95586 | R17: 95838 | S17: 95679 | T17: 66361 | U17: 68741 | V17: 69758 | W17: 67893 | X17: 65198 | Y17: 62105 | Z17: 56051 | AA17: =SUM(C17:Z17) -> 1801253 | AB17: 4
A18: 46508 | B18: O | C18: 68129 | D18: 64771 | E18: 62556 | F18: 61654 | G18: 62135 | H18: 63510 | I18: 65826 | J18: 92175 | K18: 98649 | L18: 103058 | M18: 107667 | N18: 112709 | O18: 112325 | P18: 113270 | Q18: 114567 | R18: 114592 | S18: 112839 | T18: 79894 | U18: 83286 | V18: 84144 | W18: 80967 | X18: 77032 | Y18: 70075 | Z18: 63692 | AA18: =SUM(C18:Z18) -> 2069522 | AB18: 19 | AC18: =+AA18*AB18+AA19*AB19+AA20*AB20 -> 63348286
B19: S | C19: 71689 | D19: 68081 | E19: 65758 | F19: 64542 | G19: 63827 | H19: 63472 | I19: 65803 | J19: 92357 | K19: 101128 | L19: 107939 | M19: 110251 | N19: 114157 | O19: 113960 | P19: 112630 | Q19: 111223 | R19: 109993 | S19: 110212 | T19: 79907 | U19: 85281 | V19: 83931 | W19: 79890 | X19: 75671 | Y19: 70301 | Z19: 65095 | AA19: =SUM(C19:Z19) -> 2087098 | AB19: 4
B20: F | C20: 69323 | D20: 66134 | E20: 63550 | F20: 62581 | G20: 61451 | H20: 59585 | I20: 58760 | J20: 83501 | K20: 89309 | L20: 95321 | M20: 98282 | N20: 103284 | O20: 105138 | P20: 105916 | Q20: 103686 | R20: 114556 | S20: 102844 | T20: 73967 | U20: 78001 | V20: 79119 | W20: 77155 | X20: 74548 | Y20: 70433 | Z20: 63428 | AA20: =SUM(C20:Z20) -> 1959872 | AB20: 8
A21: 46539 | B21: O | C21: 68489 | D21: 64738 | E21: 63200 | F21: 62152 | G21: 62497 | H21: 64203 | I21: 66764 | J21: 92842 | K21: 99210 | L21: 103634 | M21: 108384 | N21: 113604 | O21: 113373 | P21: 113973 | Q21: 115812 | R21: 115695 | S21: 114100 | T21: 81869 | U21: 86127 | V21: 87528 | W21: 84214 | X21: 78903 | Y21: 70323 | Z21: 63340 | AA21: =SUM(C21:Z21) -> 2094974 | AB21: 21 | AC21: =+AA21*AB21+AA22*AB22+AA23*AB23 -> 63361286
B22: S | C22: 74083 | D22: 69284 | E22: 66716 | F22: 65211 | G22: 64113 | H22: 63637 | I22: 65317 | J22: 91146 | K22: 100554 | L22: 106021 | M22: 110088 | N22: 114029 | O22: 115209 | P22: 115346 | Q22: 115201 | R22: 115923 | S22: 116301 | T22: 87854 | U22: 93016 | V22: 92359 | W22: 87064 | X22: 82623 | Y22: 76501 | Z22: 69172 | AA22: =SUM(C22:Z22) -> 2156768 | AB22: 4
B23: F | C23: 75682 | D23: 71800 | E23: 69711 | F23: 68186 | G23: 67377 | H23: 67428 | I23: 66268 | J23: 92064 | K23: 99632 | L23: 104297 | M23: 108161 | N23: 112586 | O23: 113504 | P23: 113664 | Q23: 112965 | R23: 113224 | S23: 113059 | T23: 83546 | U23: 88751 | V23: 89590 | W23: 86998 | X23: 83092 | Y23: 76620 | Z23: 69747 | AA23: =SUM(C23:Z23) -> 2147952 | AB23: 5
A24: 46569 | B24: O | C24: 74054 | D24: 70071 | E24: 67771 | F24: 66313 | G24: 66544 | H24: 67702 | I24: 68963 | J24: 96599 | K24: 103981 | L24: 109210 | M24: 114110 | N24: 119509 | O24: 118799 | P24: 119701 | Q24: 121297 | R24: 121388 | S24: 119319 | T24: 86318 | U24: 90846 | V24: 92013 | W24: 88955 | X24: 84023 | Y24: 76363 | Z24: 69205 | AA24: =SUM(C24:Z24) -> 2213054 | AB24: 20 | AC24: =+AA24*AB24+AA25*AB25+AA26*AB26 -> 66315125
B25: S | C25: 65701 | D25: 62035 | E25: 59894 | F25: 58720 | G25: 57728 | H25: 57760 | I25: 59933 | J25: 88802 | K25: 97380 | L25: 101744 | M25: 105756 | N25: 109649 | O25: 109847 | P25: 108742 | Q25: 107840 | R25: 107846 | S25: 107489 | T25: 78665 | U25: 81849 | V25: 81880 | W25: 77098 | X25: 73864 | Y25: 68907 | Z25: 64220 | AA25: =SUM(C25:Z25) -> 1993349 | AB25: 5
B26: F | C26: 73800 | D26: 69823 | E26: 66801 | F26: 65276 | G26: 64171 | H26: 63482 | I26: 61812 | J26: 85861 | K26: 92502 | L26: 98406 | M26: 100996 | N26: 105345 | O26: 107865 | P26: 107563 | Q26: 105867 | R26: 105386 | S26: 104974 | T26: 76686 | U26: 80326 | V26: 82369 | W26: 80383 | X26: 77032 | Y26: 72010 | Z26: 65814 | AA26: =SUM(C26:Z26) -> 2014550 | AB26: 6
A27: 46600 | B27: O | C27: 73500 | D27: 70006 | E27: 68095 | F27: 66740 | G27: 67074 | H27: 69147 | I27: 70962 | J27: 97517 | K27: 104448 | L27: 109141 | M27: 113863 | N27: 119426 | O27: 119805 | P27: 121684 | Q27: 123253 | R27: 123261 | S27: 120957 | T27: 88143 | U27: 92804 | V27: 94171 | W27: 90589 | X27: 84755 | Y27: 76919 | Z27: 70373 | AA27: =SUM(C27:Z27) -> 2236633 | AB27: 21 | AC27: =+AA27*AB27+AA28*AB28+AA29*AB29 -> 68019167
B28: S | C28: 75706 | D28: 72599 | E28: 69892 | F28: 67519 | G28: 66230 | H28: 67215 | I28: 66654 | J28: 94930 | K28: 103779 | L28: 109366 | M28: 114050 | N28: 118192 | O28: 118754 | P28: 118794 | Q28: 118038 | R28: 117852 | S28: 116707 | T28: 87219 | U28: 91941 | V28: 90450 | W28: 86089 | X28: 82247 | Y28: 77068 | Z28: 71184 | AA28: =SUM(C28:Z28) -> 2202475 | AB28: 3
B29: F | C29: 76966 | D29: 72766 | E29: 69634 | F29: 67715 | G29: 66531 | H29: 65981 | I29: 63935 | J29: 89262 | K29: 95762 | L29: 100483 | M29: 103438 | N29: 107566 | O29: 110707 | P29: 110439 | Q29: 107845 | R29: 105802 | S29: 106107 | T29: 77152 | U29: 82431 | V29: 84494 | W29: 81661 | X29: 78008 | Y29: 72657 | Z29: 65865 | AA29: =SUM(C29:Z29) -> 2063207 | AB29: 7
A30: 46631 | B30: O | C30: 79183 | D30: 74700 | E30: 71916 | F30: 70646 | G30: 70404 | H30: 72632 | I30: 74750 | J30: 101987 | K30: 108836 | L30: 114331 | M30: 119551 | N30: 125338 | O30: 125965 | P30: 127340 | Q30: 129753 | R30: 130703 | S30: 128692 | T30: 94694 | U30: 99959 | V30: 99454 | W30: 95935 | X30: 90291 | Y30: 81670 | Z30: 74827 | AA30: =SUM(C30:Z30) -> 2363557 | AB30: 22 | AC30: =+AA30*AB30+AA31*AB31+AA32*AB32 -> 69317302
B31: S | C31: 81331 | D31: 75919 | E31: 73024 | F31: 71607 | G31: 70295 | H31: 68942 | I31: 70690 | J31: 99123 | K31: 108847 | L31: 114737 | M31: 119160 | N31: 124158 | O31: 124423 | P31: 124133 | Q31: 123436 | R31: 122778 | S31: 122936 | T31: 93337 | U31: 96711 | V31: 95270 | W31: 90425 | X31: 86898 | Y31: 81268 | Z31: 74621 | AA31: =SUM(C31:Z31) -> 2314069 | AB31: 4
B32: F | C32: 76557 | D32: 72474 | E32: 69651 | F32: 67631 | G32: 65687 | H32: 63842 | I32: 61665 | J32: 85431 | K32: 91949 | L32: 96992 | M32: 99740 | N32: 103459 | O32: 106176 | P32: 106252 | Q32: 104372 | R32: 104844 | S32: 104858 | T32: 75772 | U32: 82064 | V32: 81836 | W32: 79801 | X32: 76411 | Y32: 71992 | Z32: 66237 | AA32: =SUM(C32:Z32) -> 2015693 | AB32: 4
A33: 46661 | B33: O | C33: 74054 | D33: 70472 | E33: 68391 | F33: 66884 | G33: 67074 | H33: 68574 | I33: 70517 | J33: 96373 | K33: 102929 | L33: 107288 | M33: 111917 | N33: 117777 | O33: 118417 | P33: 119791 | Q33: 121673 | R33: 122404 | S33: 120945 | T33: 89287 | U33: 93845 | V33: 91750 | W33: 87355 | X33: 82244 | Y33: 75021 | Z33: 69294 | AA33: =SUM(C33:Z33) -> 2214276 | AB33: 20 | AC33: =+AA33*AB33+AA34*AB34+AA35*AB35 -> 68101844
B34: S | C34: 80833 | D34: 76812 | E34: 74228 | F34: 72176 | G34: 71594 | H34: 71708 | I34: 74865 | J34: 102246 | K34: 110846 | L34: 116994 | M34: 121764 | N34: 126318 | O34: 127627 | P34: 127910 | Q34: 127462 | R34: 126519 | S34: 125729 | T34: 98458 | U34: 105718 | V34: 103640 | W34: 98477 | X34: 92616 | Y34: 86898 | Z34: 78608 | AA34: =SUM(C34:Z34) -> 2400046 | AB34: 5
B35: F | C35: 72753 | D35: 69105 | E35: 65770 | F35: 63876 | G35: 62452 | H35: 60844 | I35: 59741 | J35: 83140 | K35: 88870 | L35: 94518 | M35: 97842 | N35: 101958 | O35: 105214 | P35: 104811 | Q35: 103902 | R35: 104554 | S35: 104472 | T35: 77219 | U35: 81503 | V35: 80170 | W35: 77913 | X35: 74538 | Y35: 70067 | Z35: 64117 | AA35: =SUM(C35:Z35) -> 1969349 | AB35: 6
A36: 46692 | B36: O | C36: 72435 | D36: 68825 | E36: 66681 | F36: 65754 | G36: 65994 | H36: 68262 | I36: 71031 | J36: 97672 | K36: 104258 | L36: 109052 | M36: 114357 | N36: 120290 | O36: 119922 | P36: 120419 | Q36: 123221 | R36: 121498 | S36: 120269 | T36: 89510 | U36: 96463 | V36: 94085 | W36: 90244 | X36: 84221 | Y36: 75713 | Z36: 68921 | AA36: =SUM(C36:Z36) -> 2229097 | AB36: 20 | AC36: =+AA36*AB36+AA37*AB37+AA38*AB38 -> 63784834
B37: S | C37: 71362 | D37: 67593 | E37: 65451 | F37: 63412 | G37: 63167 | H37: 61960 | I37: 62572 | J37: 88628 | K37: 96663 | L37: 102616 | M37: 105756 | N37: 110256 | O37: 110826 | P37: 108720 | Q37: 109196 | R37: 109413 | S37: 109453 | T37: 81828 | U37: 87249 | V37: 85955 | W37: 81810 | X37: 77424 | Y37: 71129 | Z37: 64600 | AA37: =SUM(C37:Z37) -> 2057039 | AB37: 4
B38: F | C38: 65990 | D38: 62752 | E38: 60178 | F38: 58123 | G38: 57534 | H38: 56039 | I38: 54577 | J38: 78455 | K38: 84222 | L38: 89494 | M38: 92296 | N38: 96247 | O38: 98969 | P38: 98932 | Q38: 97060 | R38: 95676 | S38: 96642 | T38: 68662 | U38: 75211 | V38: 75505 | W38: 73633 | X38: 70197 | Y38: 64656 | Z38: 58073 | AA38: =SUM(C38:Z38) -> 1829123 | AB38: 6
A39: 46722 | B39: O | C39: 79050 | D39: 74419 | E39: 71828 | F39: 69996 | G39: 70076 | H39: 71600 | I39: 72642 | J39: 100922 | K39: 108578 | L39: 114134 | M39: 118952 | N39: 125214 | O39: 125966 | P39: 126327 | Q39: 127876 | R39: 127215 | S39: 125106 | T39: 93000 | U39: 98711 | V39: 97645 | W39: 93579 | X39: 88805 | Y39: 81833 | Z39: 76050 | AA39: =SUM(C39:Z39) -> 2339524 | AB39: 22 | AC39: =+AA39*AB39+AA40*AB40+AA41*AB41 -> 70600381
B40: S | C40: 74311 | D40: 70945 | E40: 69029 | F40: 66795 | G40: 66128 | H40: 66333 | I40: 66036 | J40: 93054 | K40: 100916 | L40: 105356 | M40: 109654 | N40: 112696 | O40: 113160 | P40: 111198 | Q40: 110918 | R40: 109775 | S40: 109454 | T40: 81392 | U40: 86276 | V40: 82495 | W40: 77962 | X40: 73393 | Y40: 67562 | Z40: 64213 | AA40: =SUM(C40:Z40) -> 2089051 | AB40: 3
B41: F | C41: 79974 | D41: 75863 | E41: 73021 | F41: 70803 | G41: 69716 | H41: 68384 | I41: 66326 | J41: 90050 | K41: 96196 | L41: 101588 | M41: 105601 | N41: 109466 | O41: 112174 | P41: 112787 | Q41: 111952 | R41: 111513 | S41: 111958 | T41: 83756 | U41: 90167 | V41: 89237 | W41: 85697 | X41: 81086 | Y41: 76197 | Z41: 70438 | AA41: =SUM(C41:Z41) -> 2143950 | AB41: 6
A42: TOTAL AÑO | C42: =+SUM(C6:C41) -> 2638620 | D42: =+SUM(D6:D41) -> 2498078 | E42: =+SUM(E6:E41) -> 2408863 | F42: =+SUM(F6:F41) -> 2351688 | G42: =+SUM(G6:G41) -> 2331115 | H42: =+SUM(H6:H41) -> 2347363 | I42: =+SUM(I6:I41) -> 2365868 | J42: =+SUM(J6:J41) -> 3304709 | ... AC42: =+SUM(AC6:AC41) -> 789919988

Sheet Cantidades Ofertadas Prod 2
A1: CANTIDADES OFERTADAS PRODUCTO 2 AÑO 2027 MODALIDAD PAGUE LO CONTRATADO - kWh
A4: Periodo | B4: Tipo de día | C4: H01 | D4: H02 | E4: H03 | F4: H04 | G4: H05 | H4: H06 | I4: H07 | J4: H08 | K4: H09 | L4: H10 | M4: H11 | N4: H12 | O4: H13 | P4: H14 | Q4: H15 | R4: H16 | S4: H17 | T4: H18 | U4: H19 | V4: H20 | W4: H21 | X4: H22 | Y4: H23 | Z4: H24 | AA4: TOTAL DÍA | AB4: Días/ | AC4: TOTAL MES
AB5: mes
A6: 46388 | B6: O | C6: =ROUND('Anexo 9'!C6*'Anexo 2'!$D$10,0) -> 0 | D6: =ROUND('Anexo 9'!D6*'Anexo 2'!$D$10,0) -> 0 | E6: =ROUND('Anexo 9'!E6*'Anexo 2'!$D$10,0) -> 0 | F6: =ROUND('Anexo 9'!F6*'Anexo 2'!$D$10,0) -> 0 | G6: =ROUND('Anexo 9'!G6*'Anexo 2'!$D$10,0) -> 0 | H6: =ROUND('Anexo 9'!H6*'Anexo 2'!$D$10,0) -> 0 | I6: =ROUND('Anexo 9'!I6*'Anexo 2'!$D$10,0) -> 0 | J6: =ROUND('Anexo 9'!J6*'Anexo 2'!$D$10,0) -> 0 | ... Z6: =ROUND('Anexo 9'!Z6*'Anexo 2'!$D$10,0) -> 0 | AA6: =SUM(C6:Z6) -> 0 | AB6: 19 | AC6: =+AA6*AB6+AA7*AB7+AA8*AB8 -> 0
B7: S | C7: =ROUND('Anexo 9'!C7*'Anexo 2'!$D$10,0) -> 0 | D7: =ROUND('Anexo 9'!D7*'Anexo 2'!$D$10,0) -> 0 | E7: =ROUND('Anexo 9'!E7*'Anexo 2'!$D$10,0) -> 0 | F7: =ROUND('Anexo 9'!F7*'Anexo 2'!$D$10,0) -> 0 | G7: =ROUND('Anexo 9'!G7*'Anexo 2'!$D$10,0) -> 0 | H7: =ROUND('Anexo 9'!H7*'Anexo 2'!$D$10,0) -> 0 | I7: =ROUND('Anexo 9'!I7*'Anexo 2'!$D$10,0) -> 0 | J7: =ROUND('Anexo 9'!J7*'Anexo 2'!$D$10,0) -> 0 | ... Z7: =ROUND('Anexo 9'!Z7*'Anexo 2'!$D$10,0) -> 0 | AA7: =SUM(C7:Z7) -> 0 | AB7: 5
B8: F | C8: =ROUND('Anexo 9'!C8*'Anexo 2'!$D$10,0) -> 0 | D8: =ROUND('Anexo 9'!D8*'Anexo 2'!$D$10,0) -> 0 | E8: =ROUND('Anexo 9'!E8*'Anexo 2'!$D$10,0) -> 0 | F8: =ROUND('Anexo 9'!F8*'Anexo 2'!$D$10,0) -> 0 | G8: =ROUND('Anexo 9'!G8*'Anexo 2'!$D$10,0) -> 0 | H8: =ROUND('Anexo 9'!H8*'Anexo 2'!$D$10,0) -> 0 | I8: =ROUND('Anexo 9'!I8*'Anexo 2'!$D$10,0) -> 0 | J8: =ROUND('Anexo 9'!J8*'Anexo 2'!$D$10,0) -> 0 | ... Z8: =ROUND('Anexo 9'!Z8*'Anexo 2'!$D$10,0) -> 0 | AA8: =SUM(C8:Z8) -> 0 | AB8: 7
A9: 46419 | B9: O | C9: =ROUND('Anexo 9'!C9*'Anexo 2'!$D$10,0) -> 0 | D9: =ROUND('Anexo 9'!D9*'Anexo 2'!$D$10,0) -> 0 | E9: =ROUND('Anexo 9'!E9*'Anexo 2'!$D$10,0) -> 0 | F9: =ROUND('Anexo 9'!F9*'Anexo 2'!$D$10,0) -> 0 | G9: =ROUND('Anexo 9'!G9*'Anexo 2'!$D$10,0) -> 0 | H9: =ROUND('Anexo 9'!H9*'Anexo 2'!$D$10,0) -> 0 | I9: =ROUND('Anexo 9'!I9*'Anexo 2'!$D$10,0) -> 0 | J9: =ROUND('Anexo 9'!J9*'Anexo 2'!$D$10,0) -> 0 | ... Z9: =ROUND('Anexo 9'!Z9*'Anexo 2'!$D$10,0) -> 0 | AA9: =SUM(C9:Z9) -> 0 | AB9: 20 | AC9: =+AA9*AB9+AA10*AB10+AA11*AB11 -> 0
B10: S | C10: =ROUND('Anexo 9'!C10*'Anexo 2'!$D$10,0) -> 0 | D10: =ROUND('Anexo 9'!D10*'Anexo 2'!$D$10,0) -> 0 | E10: =ROUND('Anexo 9'!E10*'Anexo 2'!$D$10,0) -> 0 | F10: =ROUND('Anexo 9'!F10*'Anexo 2'!$D$10,0) -> 0 | G10: =ROUND('Anexo 9'!G10*'Anexo 2'!$D$10,0) -> 0 | H10: =ROUND('Anexo 9'!H10*'Anexo 2'!$D$10,0) -> 0 | I10: =ROUND('Anexo 9'!I10*'Anexo 2'!$D$10,0) -> 0 | J10: =ROUND('Anexo 9'!J10*'Anexo 2'!$D$10,0) -> 0 | ... Z10: =ROUND('Anexo 9'!Z10*'Anexo 2'!$D$10,0) -> 0 | AA10: =SUM(C10:Z10) -> 0 | AB10: 4
B11: F | C11: =ROUND('Anexo 9'!C11*'Anexo 2'!$D$10,0) -> 0 | D11: =ROUND('Anexo 9'!D11*'Anexo 2'!$D$10,0) -> 0 | E11: =ROUND('Anexo 9'!E11*'Anexo 2'!$D$10,0) -> 0 | F11: =ROUND('Anexo 9'!F11*'Anexo 2'!$D$10,0) -> 0 | G11: =ROUND('Anexo 9'!G11*'Anexo 2'!$D$10,0) -> 0 | H11: =ROUND('Anexo 9'!H11*'Anexo 2'!$D$10,0) -> 0 | I11: =ROUND('Anexo 9'!I11*'Anexo 2'!$D$10,0) -> 0 | J11: =ROUND('Anexo 9'!J11*'Anexo 2'!$D$10,0) -> 0 | ... Z11: =ROUND('Anexo 9'!Z11*'Anexo 2'!$D$10,0) -> 0 | AA11: =SUM(C11:Z11) -> 0 | AB11: 4
A12: 46447 | B12: O | C12: =ROUND('Anexo 9'!C12*'Anexo 2'!$D$10,0) -> 0 | D12: =ROUND('Anexo 9'!D12*'Anexo 2'!$D$10,0) -> 0 | E12: =ROUND('Anexo 9'!E12*'Anexo 2'!$D$10,0) -> 0 | F12: =ROUND('Anexo 9'!F12*'Anexo 2'!$D$10,0) -> 0 | G12: =ROUND('Anexo 9'!G12*'Anexo 2'!$D$10,0) -> 0 | H12: =ROUND('Anexo 9'!H12*'Anexo 2'!$D$10,0) -> 0 | I12: =ROUND('Anexo 9'!I12*'Anexo 2'!$D$10,0) -> 0 | J12: =ROUND('Anexo 9'!J12*'Anexo 2'!$D$10,0) -> 0 | ... Z12: =ROUND('Anexo 9'!Z12*'Anexo 2'!$D$10,0) -> 0 | AA12: =SUM(C12:Z12) -> 0 | AB12: 20 | AC12: =+AA12*AB12+AA13*AB13+AA14*AB14 -> 0
B13: S | C13: =ROUND('Anexo 9'!C13*'Anexo 2'!$D$10,0) -> 0 | D13: =ROUND('Anexo 9'!D13*'Anexo 2'!$D$10,0) -> 0 | E13: =ROUND('Anexo 9'!E13*'Anexo 2'!$D$10,0) -> 0 | F13: =ROUND('Anexo 9'!F13*'Anexo 2'!$D$10,0) -> 0 | G13: =ROUND('Anexo 9'!G13*'Anexo 2'!$D$10,0) -> 0 | H13: =ROUND('Anexo 9'!H13*'Anexo 2'!$D$10,0) -> 0 | I13: =ROUND('Anexo 9'!I13*'Anexo 2'!$D$10,0) -> 0 | J13: =ROUND('Anexo 9'!J13*'Anexo 2'!$D$10,0) -> 0 | ... Z13: =ROUND('Anexo 9'!Z13*'Anexo 2'!$D$10,0) -> 0 | AA13: =SUM(C13:Z13) -> 0 | AB13: 4
B14: F | C14: =ROUND('Anexo 9'!C14*'Anexo 2'!$D$10,0) -> 0 | D14: =ROUND('Anexo 9'!D14*'Anexo 2'!$D$10,0) -> 0 | E14: =ROUND('Anexo 9'!E14*'Anexo 2'!$D$10,0) -> 0 | F14: =ROUND('Anexo 9'!F14*'Anexo 2'!$D$10,0) -> 0 | G14: =ROUND('Anexo 9'!G14*'Anexo 2'!$D$10,0) -> 0 | H14: =ROUND('Anexo 9'!H14*'Anexo 2'!$D$10,0) -> 0 | I14: =ROUND('Anexo 9'!I14*'Anexo 2'!$D$10,0) -> 0 | J14: =ROUND('Anexo 9'!J14*'Anexo 2'!$D$10,0) -> 0 | ... Z14: =ROUND('Anexo 9'!Z14*'Anexo 2'!$D$10,0) -> 0 | AA14: =SUM(C14:Z14) -> 0 | AB14: 7
A15: 46478 | B15: O | C15: =ROUND('Anexo 9'!C15*'Anexo 2'!$D$10,0) -> 0 | D15: =ROUND('Anexo 9'!D15*'Anexo 2'!$D$10,0) -> 0 | E15: =ROUND('Anexo 9'!E15*'Anexo 2'!$D$10,0) -> 0 | F15: =ROUND('Anexo 9'!F15*'Anexo 2'!$D$10,0) -> 0 | G15: =ROUND('Anexo 9'!G15*'Anexo 2'!$D$10,0) -> 0 | H15: =ROUND('Anexo 9'!H15*'Anexo 2'!$D$10,0) -> 0 | I15: =ROUND('Anexo 9'!I15*'Anexo 2'!$D$10,0) -> 0 | J15: =ROUND('Anexo 9'!J15*'Anexo 2'!$D$10,0) -> 0 | ... Z15: =ROUND('Anexo 9'!Z15*'Anexo 2'!$D$10,0) -> 0 | AA15: =SUM(C15:Z15) -> 0 | AB15: 22 | AC15: =+AA15*AB15+AA16*AB16+AA17*AB17 -> 0
B16: S | C16: =ROUND('Anexo 9'!C16*'Anexo 2'!$D$10,0) -> 0 | D16: =ROUND('Anexo 9'!D16*'Anexo 2'!$D$10,0) -> 0 | E16: =ROUND('Anexo 9'!E16*'Anexo 2'!$D$10,0) -> 0 | F16: =ROUND('Anexo 9'!F16*'Anexo 2'!$D$10,0) -> 0 | G16: =ROUND('Anexo 9'!G16*'Anexo 2'!$D$10,0) -> 0 | H16: =ROUND('Anexo 9'!H16*'Anexo 2'!$D$10,0) -> 0 | I16: =ROUND('Anexo 9'!I16*'Anexo 2'!$D$10,0) -> 0 | J16: =ROUND('Anexo 9'!J16*'Anexo 2'!$D$10,0) -> 0 | ... Z16: =ROUND('Anexo 9'!Z16*'Anexo 2'!$D$10,0) -> 0 | AA16: =SUM(C16:Z16) -> 0 | AB16: 4
B17: F | C17: =ROUND('Anexo 9'!C17*'Anexo 2'!$D$10,0) -> 0 | D17: =ROUND('Anexo 9'!D17*'Anexo 2'!$D$10,0) -> 0 | E17: =ROUND('Anexo 9'!E17*'Anexo 2'!$D$10,0) -> 0 | F17: =ROUND('Anexo 9'!F17*'Anexo 2'!$D$10,0) -> 0 | G17: =ROUND('Anexo 9'!G17*'Anexo 2'!$D$10,0) -> 0 | H17: =ROUND('Anexo 9'!H17*'Anexo 2'!$D$10,0) -> 0 | I17: =ROUND('Anexo 9'!I17*'Anexo 2'!$D$10,0) -> 0 | J17: =ROUND('Anexo 9'!J17*'Anexo 2'!$D$10,0) -> 0 | ... Z17: =ROUND('Anexo 9'!Z17*'Anexo 2'!$D$10,0) -> 0 | AA17: =SUM(C17:Z17) -> 0 | AB17: 4
A18: 46508 | B18: O | C18: =ROUND('Anexo 9'!C18*'Anexo 2'!$D$10,0) -> 0 | D18: =ROUND('Anexo 9'!D18*'Anexo 2'!$D$10,0) -> 0 | E18: =ROUND('Anexo 9'!E18*'Anexo 2'!$D$10,0) -> 0 | F18: =ROUND('Anexo 9'!F18*'Anexo 2'!$D$10,0) -> 0 | G18: =ROUND('Anexo 9'!G18*'Anexo 2'!$D$10,0) -> 0 | H18: =ROUND('Anexo 9'!H18*'Anexo 2'!$D$10,0) -> 0 | I18: =ROUND('Anexo 9'!I18*'Anexo 2'!$D$10,0) -> 0 | J18: =ROUND('Anexo 9'!J18*'Anexo 2'!$D$10,0) -> 0 | ... Z18: =ROUND('Anexo 9'!Z18*'Anexo 2'!$D$10,0) -> 0 | AA18: =SUM(C18:Z18) -> 0 | AB18: 19 | AC18: =+AA18*AB18+AA19*AB19+AA20*AB20 -> 0
B19: S | C19: =ROUND('Anexo 9'!C19*'Anexo 2'!$D$10,0) -> 0 | D19: =ROUND('Anexo 9'!D19*'Anexo 2'!$D$10,0) -> 0 | E19: =ROUND('Anexo 9'!E19*'Anexo 2'!$D$10,0) -> 0 | F19: =ROUND('Anexo 9'!F19*'Anexo 2'!$D$10,0) -> 0 | G19: =ROUND('Anexo 9'!G19*'Anexo 2'!$D$10,0) -> 0 | H19: =ROUND('Anexo 9'!H19*'Anexo 2'!$D$10,0) -> 0 | I19: =ROUND('Anexo 9'!I19*'Anexo 2'!$D$10,0) -> 0 | J19: =ROUND('Anexo 9'!J19*'Anexo 2'!$D$10,0) -> 0 | ... Z19: =ROUND('Anexo 9'!Z19*'Anexo 2'!$D$10,0) -> 0 | AA19: =SUM(C19:Z19) -> 0 | AB19: 4
B20: F | C20: =ROUND('Anexo 9'!C20*'Anexo 2'!$D$10,0) -> 0 | D20: =ROUND('Anexo 9'!D20*'Anexo 2'!$D$10,0) -> 0 | E20: =ROUND('Anexo 9'!E20*'Anexo 2'!$D$10,0) -> 0 | F20: =ROUND('Anexo 9'!F20*'Anexo 2'!$D$10,0) -> 0 | G20: =ROUND('Anexo 9'!G20*'Anexo 2'!$D$10,0) -> 0 | H20: =ROUND('Anexo 9'!H20*'Anexo 2'!$D$10,0) -> 0 | I20: =ROUND('Anexo 9'!I20*'Anexo 2'!$D$10,0) -> 0 | J20: =ROUND('Anexo 9'!J20*'Anexo 2'!$D$10,0) -> 0 | ... Z20: =ROUND('Anexo 9'!Z20*'Anexo 2'!$D$10,0) -> 0 | AA20: =SUM(C20:Z20) -> 0 | AB20: 8
A21: 46539 | B21: O | C21: =ROUND('Anexo 9'!C21*'Anexo 2'!$D$10,0) -> 0 | D21: =ROUND('Anexo 9'!D21*'Anexo 2'!$D$10,0) -> 0 | E21: =ROUND('Anexo 9'!E21*'Anexo 2'!$D$10,0) -> 0 | F21: =ROUND('Anexo 9'!F21*'Anexo 2'!$D$10,0) -> 0 | G21: =ROUND('Anexo 9'!G21*'Anexo 2'!$D$10,0) -> 0 | H21: =ROUND('Anexo 9'!H21*'Anexo 2'!$D$10,0) -> 0 | I21: =ROUND('Anexo 9'!I21*'Anexo 2'!$D$10,0) -> 0 | J21: =ROUND('Anexo 9'!J21*'Anexo 2'!$D$10,0) -> 0 | ... Z21: =ROUND('Anexo 9'!Z21*'Anexo 2'!$D$10,0) -> 0 | AA21: =SUM(C21:Z21) -> 0 | AB21: 21 | AC21: =+AA21*AB21+AA22*AB22+AA23*AB23 -> 0
B22: S | C22: =ROUND('Anexo 9'!C22*'Anexo 2'!$D$10,0) -> 0 | D22: =ROUND('Anexo 9'!D22*'Anexo 2'!$D$10,0) -> 0 | E22: =ROUND('Anexo 9'!E22*'Anexo 2'!$D$10,0) -> 0 | F22: =ROUND('Anexo 9'!F22*'Anexo 2'!$D$10,0) -> 0 | G22: =ROUND('Anexo 9'!G22*'Anexo 2'!$D$10,0) -> 0 | H22: =ROUND('Anexo 9'!H22*'Anexo 2'!$D$10,0) -> 0 | I22: =ROUND('Anexo 9'!I22*'Anexo 2'!$D$10,0) -> 0 | J22: =ROUND('Anexo 9'!J22*'Anexo 2'!$D$10,0) -> 0 | ... Z22: =ROUND('Anexo 9'!Z22*'Anexo 2'!$D$10,0) -> 0 | AA22: =SUM(C22:Z22) -> 0 | AB22: 4
B23: F | C23: =ROUND('Anexo 9'!C23*'Anexo 2'!$D$10,0) -> 0 | D23: =ROUND('Anexo 9'!D23*'Anexo 2'!$D$10,0) -> 0 | E23: =ROUND('Anexo 9'!E23*'Anexo 2'!$D$10,0) -> 0 | F23: =ROUND('Anexo 9'!F23*'Anexo 2'!$D$10,0) -> 0 | G23: =ROUND('Anexo 9'!G23*'Anexo 2'!$D$10,0) -> 0 | H23: =ROUND('Anexo 9'!H23*'Anexo 2'!$D$10,0) -> 0 | I23: =ROUND('Anexo 9'!I23*'Anexo 2'!$D$10,0) -> 0 | J23: =ROUND('Anexo 9'!J23*'Anexo 2'!$D$10,0) -> 0 | ... Z23: =ROUND('Anexo 9'!Z23*'Anexo 2'!$D$10,0) -> 0 | AA23: =SUM(C23:Z23) -> 0 | AB23: 5
A24: 46569 | B24: O | C24: =ROUND('Anexo 9'!C24*'Anexo 2'!$D$10,0) -> 0 | D24: =ROUND('Anexo 9'!D24*'Anexo 2'!$D$10,0) -> 0 | E24: =ROUND('Anexo 9'!E24*'Anexo 2'!$D$10,0) -> 0 | F24: =ROUND('Anexo 9'!F24*'Anexo 2'!$D$10,0) -> 0 | G24: =ROUND('Anexo 9'!G24*'Anexo 2'!$D$10,0) -> 0 | H24: =ROUND('Anexo 9'!H24*'Anexo 2'!$D$10,0) -> 0 | I24: =ROUND('Anexo 9'!I24*'Anexo 2'!$D$10,0) -> 0 | J24: =ROUND('Anexo 9'!J24*'Anexo 2'!$D$10,0) -> 0 | ... Z24: =ROUND('Anexo 9'!Z24*'Anexo 2'!$D$10,0) -> 0 | AA24: =SUM(C24:Z24) -> 0 | AB24: 20 | AC24: =+AA24*AB24+AA25*AB25+AA26*AB26 -> 0
B25: S | C25: =ROUND('Anexo 9'!C25*'Anexo 2'!$D$10,0) -> 0 | D25: =ROUND('Anexo 9'!D25*'Anexo 2'!$D$10,0) -> 0 | E25: =ROUND('Anexo 9'!E25*'Anexo 2'!$D$10,0) -> 0 | F25: =ROUND('Anexo 9'!F25*'Anexo 2'!$D$10,0) -> 0 | G25: =ROUND('Anexo 9'!G25*'Anexo 2'!$D$10,0) -> 0 | H25: =ROUND('Anexo 9'!H25*'Anexo 2'!$D$10,0) -> 0 | I25: =ROUND('Anexo 9'!I25*'Anexo 2'!$D$10,0) -> 0 | J25: =ROUND('Anexo 9'!J25*'Anexo 2'!$D$10,0) -> 0 | ... Z25: =ROUND('Anexo 9'!Z25*'Anexo 2'!$D$10,0) -> 0 | AA25: =SUM(C25:Z25) -> 0 | AB25: 5
B26: F | C26: =ROUND('Anexo 9'!C26*'Anexo 2'!$D$10,0) -> 0 | D26: =ROUND('Anexo 9'!D26*'Anexo 2'!$D$10,0) -> 0 | E26: =ROUND('Anexo 9'!E26*'Anexo 2'!$D$10,0) -> 0 | F26: =ROUND('Anexo 9'!F26*'Anexo 2'!$D$10,0) -> 0 | G26: =ROUND('Anexo 9'!G26*'Anexo 2'!$D$10,0) -> 0 | H26: =ROUND('Anexo 9'!H26*'Anexo 2'!$D$10,0) -> 0 | I26: =ROUND('Anexo 9'!I26*'Anexo 2'!$D$10,0) -> 0 | J26: =ROUND('Anexo 9'!J26*'Anexo 2'!$D$10,0) -> 0 | ... Z26: =ROUND('Anexo 9'!Z26*'Anexo 2'!$D$10,0) -> 0 | AA26: =SUM(C26:Z26) -> 0 | AB26: 6
A27: 46600 | B27: O | C27: =ROUND('Anexo 9'!C27*'Anexo 2'!$D$10,0) -> 0 | D27: =ROUND('Anexo 9'!D27*'Anexo 2'!$D$10,0) -> 0 | E27: =ROUND('Anexo 9'!E27*'Anexo 2'!$D$10,0) -> 0 | F27: =ROUND('Anexo 9'!F27*'Anexo 2'!$D$10,0) -> 0 | G27: =ROUND('Anexo 9'!G27*'Anexo 2'!$D$10,0) -> 0 | H27: =ROUND('Anexo 9'!H27*'Anexo 2'!$D$10,0) -> 0 | I27: =ROUND('Anexo 9'!I27*'Anexo 2'!$D$10,0) -> 0 | J27: =ROUND('Anexo 9'!J27*'Anexo 2'!$D$10,0) -> 0 | ... Z27: =ROUND('Anexo 9'!Z27*'Anexo 2'!$D$10,0) -> 0 | AA27: =SUM(C27:Z27) -> 0 | AB27: 21 | AC27: =+AA27*AB27+AA28*AB28+AA29*AB29 -> 0
B28: S | C28: =ROUND('Anexo 9'!C28*'Anexo 2'!$D$10,0) -> 0 | D28: =ROUND('Anexo 9'!D28*'Anexo 2'!$D$10,0) -> 0 | E28: =ROUND('Anexo 9'!E28*'Anexo 2'!$D$10,0) -> 0 | F28: =ROUND('Anexo 9'!F28*'Anexo 2'!$D$10,0) -> 0 | G28: =ROUND('Anexo 9'!G28*'Anexo 2'!$D$10,0) -> 0 | H28: =ROUND('Anexo 9'!H28*'Anexo 2'!$D$10,0) -> 0 | I28: =ROUND('Anexo 9'!I28*'Anexo 2'!$D$10,0) -> 0 | J28: =ROUND('Anexo 9'!J28*'Anexo 2'!$D$10,0) -> 0 | ... Z28: =ROUND('Anexo 9'!Z28*'Anexo 2'!$D$10,0) -> 0 | AA28: =SUM(C28:Z28) -> 0 | AB28: 3
B29: F | C29: =ROUND('Anexo 9'!C29*'Anexo 2'!$D$10,0) -> 0 | D29: =ROUND('Anexo 9'!D29*'Anexo 2'!$D$10,0) -> 0 | E29: =ROUND('Anexo 9'!E29*'Anexo 2'!$D$10,0) -> 0 | F29: =ROUND('Anexo 9'!F29*'Anexo 2'!$D$10,0) -> 0 | G29: =ROUND('Anexo 9'!G29*'Anexo 2'!$D$10,0) -> 0 | H29: =ROUND('Anexo 9'!H29*'Anexo 2'!$D$10,0) -> 0 | I29: =ROUND('Anexo 9'!I29*'Anexo 2'!$D$10,0) -> 0 | J29: =ROUND('Anexo 9'!J29*'Anexo 2'!$D$10,0) -> 0 | ... Z29: =ROUND('Anexo 9'!Z29*'Anexo 2'!$D$10,0) -> 0 | AA29: =SUM(C29:Z29) -> 0 | AB29: 7
A30: 46631 | B30: O | C30: =ROUND('Anexo 9'!C30*'Anexo 2'!$D$10,0) -> 0 | D30: =ROUND('Anexo 9'!D30*'Anexo 2'!$D$10,0) -> 0 | E30: =ROUND('Anexo 9'!E30*'Anexo 2'!$D$10,0) -> 0 | F30: =ROUND('Anexo 9'!F30*'Anexo 2'!$D$10,0) -> 0 | G30: =ROUND('Anexo 9'!G30*'Anexo 2'!$D$10,0) -> 0 | H30: =ROUND('Anexo 9'!H30*'Anexo 2'!$D$10,0) -> 0 | I30: =ROUND('Anexo 9'!I30*'Anexo 2'!$D$10,0) -> 0 | J30: =ROUND('Anexo 9'!J30*'Anexo 2'!$D$10,0) -> 0 | ... Z30: =ROUND('Anexo 9'!Z30*'Anexo 2'!$D$10,0) -> 0 | AA30: =SUM(C30:Z30) -> 0 | AB30: 22 | AC30: =+AA30*AB30+AA31*AB31+AA32*AB32 -> 0
B31: S | C31: =ROUND('Anexo 9'!C31*'Anexo 2'!$D$10,0) -> 0 | D31: =ROUND('Anexo 9'!D31*'Anexo 2'!$D$10,0) -> 0 | E31: =ROUND('Anexo 9'!E31*'Anexo 2'!$D$10,0) -> 0 | F31: =ROUND('Anexo 9'!F31*'Anexo 2'!$D$10,0) -> 0 | G31: =ROUND('Anexo 9'!G31*'Anexo 2'!$D$10,0) -> 0 | H31: =ROUND('Anexo 9'!H31*'Anexo 2'!$D$10,0) -> 0 | I31: =ROUND('Anexo 9'!I31*'Anexo 2'!$D$10,0) -> 0 | J31: =ROUND('Anexo 9'!J31*'Anexo 2'!$D$10,0) -> 0 | ... Z31: =ROUND('Anexo 9'!Z31*'Anexo 2'!$D$10,0) -> 0 | AA31: =SUM(C31:Z31) -> 0 | AB31: 4
B32: F | C32: =ROUND('Anexo 9'!C32*'Anexo 2'!$D$10,0) -> 0 | D32: =ROUND('Anexo 9'!D32*'Anexo 2'!$D$10,0) -> 0 | E32: =ROUND('Anexo 9'!E32*'Anexo 2'!$D$10,0) -> 0 | F32: =ROUND('Anexo 9'!F32*'Anexo 2'!$D$10,0) -> 0 | G32: =ROUND('Anexo 9'!G32*'Anexo 2'!$D$10,0) -> 0 | H32: =ROUND('Anexo 9'!H32*'Anexo 2'!$D$10,0) -> 0 | I32: =ROUND('Anexo 9'!I32*'Anexo 2'!$D$10,0) -> 0 | J32: =ROUND('Anexo 9'!J32*'Anexo 2'!$D$10,0) -> 0 | ... Z32: =ROUND('Anexo 9'!Z32*'Anexo 2'!$D$10,0) -> 0 | AA32: =SUM(C32:Z32) -> 0 | AB32: 4
A33: 46661 | B33: O | C33: =ROUND('Anexo 9'!C33*'Anexo 2'!$D$10,0) -> 0 | D33: =ROUND('Anexo 9'!D33*'Anexo 2'!$D$10,0) -> 0 | E33: =ROUND('Anexo 9'!E33*'Anexo 2'!$D$10,0) -> 0 | F33: =ROUND('Anexo 9'!F33*'Anexo 2'!$D$10,0) -> 0 | G33: =ROUND('Anexo 9'!G33*'Anexo 2'!$D$10,0) -> 0 | H33: =ROUND('Anexo 9'!H33*'Anexo 2'!$D$10,0) -> 0 | I33: =ROUND('Anexo 9'!I33*'Anexo 2'!$D$10,0) -> 0 | J33: =ROUND('Anexo 9'!J33*'Anexo 2'!$D$10,0) -> 0 | ... Z33: =ROUND('Anexo 9'!Z33*'Anexo 2'!$D$10,0) -> 0 | AA33: =SUM(C33:Z33) -> 0 | AB33: 20 | AC33: =+AA33*AB33+AA34*AB34+AA35*AB35 -> 0
B34: S | C34: =ROUND('Anexo 9'!C34*'Anexo 2'!$D$10,0) -> 0 | D34: =ROUND('Anexo 9'!D34*'Anexo 2'!$D$10,0) -> 0 | E34: =ROUND('Anexo 9'!E34*'Anexo 2'!$D$10,0) -> 0 | F34: =ROUND('Anexo 9'!F34*'Anexo 2'!$D$10,0) -> 0 | G34: =ROUND('Anexo 9'!G34*'Anexo 2'!$D$10,0) -> 0 | H34: =ROUND('Anexo 9'!H34*'Anexo 2'!$D$10,0) -> 0 | I34: =ROUND('Anexo 9'!I34*'Anexo 2'!$D$10,0) -> 0 | J34: =ROUND('Anexo 9'!J34*'Anexo 2'!$D$10,0) -> 0 | ... Z34: =ROUND('Anexo 9'!Z34*'Anexo 2'!$D$10,0) -> 0 | AA34: =SUM(C34:Z34) -> 0 | AB34: 5
B35: F | C35: =ROUND('Anexo 9'!C35*'Anexo 2'!$D$10,0) -> 0 | D35: =ROUND('Anexo 9'!D35*'Anexo 2'!$D$10,0) -> 0 | E35: =ROUND('Anexo 9'!E35*'Anexo 2'!$D$10,0) -> 0 | F35: =ROUND('Anexo 9'!F35*'Anexo 2'!$D$10,0) -> 0 | G35: =ROUND('Anexo 9'!G35*'Anexo 2'!$D$10,0) -> 0 | H35: =ROUND('Anexo 9'!H35*'Anexo 2'!$D$10,0) -> 0 | I35: =ROUND('Anexo 9'!I35*'Anexo 2'!$D$10,0) -> 0 | J35: =ROUND('Anexo 9'!J35*'Anexo 2'!$D$10,0) -> 0 | ... Z35: =ROUND('Anexo 9'!Z35*'Anexo 2'!$D$10,0) -> 0 | AA35: =SUM(C35:Z35) -> 0 | AB35: 6
A36: 46692 | B36: O | C36: =ROUND('Anexo 9'!C36*'Anexo 2'!$D$10,0) -> 0 | D36: =ROUND('Anexo 9'!D36*'Anexo 2'!$D$10,0) -> 0 | E36: =ROUND('Anexo 9'!E36*'Anexo 2'!$D$10,0) -> 0 | F36: =ROUND('Anexo 9'!F36*'Anexo 2'!$D$10,0) -> 0 | G36: =ROUND('Anexo 9'!G36*'Anexo 2'!$D$10,0) -> 0 | H36: =ROUND('Anexo 9'!H36*'Anexo 2'!$D$10,0) -> 0 | I36: =ROUND('Anexo 9'!I36*'Anexo 2'!$D$10,0) -> 0 | J36: =ROUND('Anexo 9'!J36*'Anexo 2'!$D$10,0) -> 0 | ... Z36: =ROUND('Anexo 9'!Z36*'Anexo 2'!$D$10,0) -> 0 | AA36: =SUM(C36:Z36) -> 0 | AB36: 20 | AC36: =+AA36*AB36+AA37*AB37+AA38*AB38 -> 0
B37: S | C37: =ROUND('Anexo 9'!C37*'Anexo 2'!$D$10,0) -> 0 | D37: =ROUND('Anexo 9'!D37*'Anexo 2'!$D$10,0) -> 0 | E37: =ROUND('Anexo 9'!E37*'Anexo 2'!$D$10,0) -> 0 | F37: =ROUND('Anexo 9'!F37*'Anexo 2'!$D$10,0) -> 0 | G37: =ROUND('Anexo 9'!G37*'Anexo 2'!$D$10,0) -> 0 | H37: =ROUND('Anexo 9'!H37*'Anexo 2'!$D$10,0) -> 0 | I37: =ROUND('Anexo 9'!I37*'Anexo 2'!$D$10,0) -> 0 | J37: =ROUND('Anexo 9'!J37*'Anexo 2'!$D$10,0) -> 0 | ... Z37: =ROUND('Anexo 9'!Z37*'Anexo 2'!$D$10,0) -> 0 | AA37: =SUM(C37:Z37) -> 0 | AB37: 4
B38: F | C38: =ROUND('Anexo 9'!C38*'Anexo 2'!$D$10,0) -> 0 | D38: =ROUND('Anexo 9'!D38*'Anexo 2'!$D$10,0) -> 0 | E38: =ROUND('Anexo 9'!E38*'Anexo 2'!$D$10,0) -> 0 | F38: =ROUND('Anexo 9'!F38*'Anexo 2'!$D$10,0) -> 0 | G38: =ROUND('Anexo 9'!G38*'Anexo 2'!$D$10,0) -> 0 | H38: =ROUND('Anexo 9'!H38*'Anexo 2'!$D$10,0) -> 0 | I38: =ROUND('Anexo 9'!I38*'Anexo 2'!$D$10,0) -> 0 | J38: =ROUND('Anexo 9'!J38*'Anexo 2'!$D$10,0) -> 0 | ... Z38: =ROUND('Anexo 9'!Z38*'Anexo 2'!$D$10,0) -> 0 | AA38: =SUM(C38:Z38) -> 0 | AB38: 6
A39: 46722 | B39: O | C39: =ROUND('Anexo 9'!C39*'Anexo 2'!$D$10,0) -> 0 | D39: =ROUND('Anexo 9'!D39*'Anexo 2'!$D$10,0) -> 0 | E39: =ROUND('Anexo 9'!E39*'Anexo 2'!$D$10,0) -> 0 | F39: =ROUND('Anexo 9'!F39*'Anexo 2'!$D$10,0) -> 0 | G39: =ROUND('Anexo 9'!G39*'Anexo 2'!$D$10,0) -> 0 | H39: =ROUND('Anexo 9'!H39*'Anexo 2'!$D$10,0) -> 0 | I39: =ROUND('Anexo 9'!I39*'Anexo 2'!$D$10,0) -> 0 | J39: =ROUND('Anexo 9'!J39*'Anexo 2'!$D$10,0) -> 0 | ... Z39: =ROUND('Anexo 9'!Z39*'Anexo 2'!$D$10,0) -> 0 | AA39: =SUM(C39:Z39) -> 0 | AB39: 22 | AC39: =+AA39*AB39+AA40*AB40+AA41*AB41 -> 0
B40: S | C40: =ROUND('Anexo 9'!C40*'Anexo 2'!$D$10,0) -> 0 | D40: =ROUND('Anexo 9'!D40*'Anexo 2'!$D$10,0) -> 0 | E40: =ROUND('Anexo 9'!E40*'Anexo 2'!$D$10,0) -> 0 | F40: =ROUND('Anexo 9'!F40*'Anexo 2'!$D$10,0) -> 0 | G40: =ROUND('Anexo 9'!G40*'Anexo 2'!$D$10,0) -> 0 | H40: =ROUND('Anexo 9'!H40*'Anexo 2'!$D$10,0) -> 0 | I40: =ROUND('Anexo 9'!I40*'Anexo 2'!$D$10,0) -> 0 | J40: =ROUND('Anexo 9'!J40*'Anexo 2'!$D$10,0) -> 0 | ... Z40: =ROUND('Anexo 9'!Z40*'Anexo 2'!$D$10,0) -> 0 | AA40: =SUM(C40:Z40) -> 0 | AB40: 3
B41: F | C41: =ROUND('Anexo 9'!C41*'Anexo 2'!$D$10,0) -> 0 | D41: =ROUND('Anexo 9'!D41*'Anexo 2'!$D$10,0) -> 0 | E41: =ROUND('Anexo 9'!E41*'Anexo 2'!$D$10,0) -> 0 | F41: =ROUND('Anexo 9'!F41*'Anexo 2'!$D$10,0) -> 0 | G41: =ROUND('Anexo 9'!G41*'Anexo 2'!$D$10,0) -> 0 | H41: =ROUND('Anexo 9'!H41*'Anexo 2'!$D$10,0) -> 0 | I41: =ROUND('Anexo 9'!I41*'Anexo 2'!$D$10,0) -> 0 | J41: =ROUND('Anexo 9'!J41*'Anexo 2'!$D$10,0) -> 0 | ... Z41: =ROUND('Anexo 9'!Z41*'Anexo 2'!$D$10,0) -> 0 | AA41: =SUM(C41:Z41) -> 0 | AB41: 6
A42: TOTAL AÑO | C42: =+SUM(C6:C41) -> 0 | D42: =+SUM(D6:D41) -> 0 | E42: =+SUM(E6:E41) -> 0 | F42: =+SUM(F6:F41) -> 0 | G42: =+SUM(G6:G41) -> 0 | H42: =+SUM(H6:H41) -> 0 | I42: =+SUM(I6:I41) -> 0 | J42: =+SUM(J6:J41) -> 0 | ... AC42: =+SUM(AC6:AC41) -> 0

Sheet Anexo 3
B3: ANEXO No 3 - PRODUCTO No. 3 - CURVA
B4: PAGUE LO CONTRATADO AÑO 2028
B5: PRECIO OFERTADO EN $ / kWh DE ENERO DE 2025
B8: MES | C8: ENERGIA SOLICITADA kWh/MES | D8: % OFERTADO ANUAL | E8: ENERGIA OFERTADA kWh/MES | F8: PRECIO OFERTADO ANUAL $/kWh
B10: 46753 | C10: =+'Anexo 10'!AC6 -> 72418253 | E10: =+'Cantidades Ofertadas Prod 3'!AC6 -> 0
B11: 46784 | C11: =+'Anexo 10'!AC9 -> 67814638 | E11: =+'Cantidades Ofertadas Prod 3'!AC9 -> 0
B12: 46813 | C12: =+'Anexo 10'!AC12 -> 72965025 | E12: =+'Cantidades Ofertadas Prod 3'!AC12 -> 0
B13: 46844 | C13: =+'Anexo 10'!AC15 -> 62229959 | E13: =+'Cantidades Ofertadas Prod 3'!AC15 -> 0
B14: 46874 | C14: =+'Anexo 10'!AC18 -> 65590613 | E14: =+'Cantidades Ofertadas Prod 3'!AC18 -> 0
B15: 46905 | C15: =+'Anexo 10'!AC21 -> 65082478 | E15: =+'Cantidades Ofertadas Prod 3'!AC21 -> 0
B16: 46935 | C16: =+'Anexo 10'!AC24 -> 68567739 | E16: =+'Cantidades Ofertadas Prod 3'!AC24 -> 0
B17: 46966 | C17: =+'Anexo 10'!AC27 -> 71071511 | E17: =+'Cantidades Ofertadas Prod 3'!AC27 -> 0
B18: 46997 | C18: =+'Anexo 10'!AC30 -> 72100839 | E18: =+'Cantidades Ofertadas Prod 3'!AC30 -> 0
B19: 47027 | C19: =+'Anexo 10'!AC33 -> 69739342 | E19: =+'Cantidades Ofertadas Prod 3'!AC33 -> 0
B20: 47058 | C20: =+'Anexo 10'!AC36 -> 65267432 | E20: =+'Cantidades Ofertadas Prod 3'!AC36 -> 0
B21: 47088 | C21: =+'Anexo 10'!AC39 -> 72276401 | E21: =+'Cantidades Ofertadas Prod 3'!AC39 -> 0
B22: TOTAL | C22: =+SUM(C10:C21) -> 825124230 | E22: =SUM(E10:E21) -> 0 | F22: =+F10 -> 0
B23: *Solo se debe ingresar valores en las celdas en color Naranja
B24: * Se debe ofertar un unico % para todos los meses del año.
B25: * Los % ofertados se aplicaran a las curvas de carga de la hoja "Anexo 10".
B26: * La energia ofertada se calcula de manera automatica en la hoja "Cantidades Ofertadas Prod3"
B27: * Se debe ofertar un unico precio por producto.
B28: * Para ofertas planas se debe diligenciar el anexo 3A, con un tope horario de 20.000 kWh
E30: =+E22/1000 -> 0
B32: ____________________________________________
B33: Firma del Representante Legal
B34: o Apoderado General (Responsable del negocio)

Sheet Anexo 3A
B3: ANEXO No 3A - PRODUCTO No. 3 - OFERTA PLANA
B4: PAGUE LO CONTRATADO AÑO 2028
B5: PRECIO OFERTADO EN $ / kWh DE ENERO DE 2025
B8: MES | C8: ENERGIA MAXIMA A OFERTAR kWh/MES | D8: kWh OFERTADO | E8: ENERGIA OFERTADA kWh/MES | F8: PRECIO OFERTADO ANUAL $/kWh
A9: 20000
A10: 31 | B10: 46753 | C10: =+$A$9*A10*24 -> 14880000 | E10: =+$D$10*A10*24 -> 0
A11: 29 | B11: 46784 | C11: =+$A$9*A11*24 -> 13920000 | E11: =+$D$10*A11*24 -> 0
A12: 31 | B12: 46813 | C12: =+$A$9*A12*24 -> 14880000 | E12: =+$D$10*A12*24 -> 0
A13: 30 | B13: 46844 | C13: =+$A$9*A13*24 -> 14400000 | E13: =+$D$10*A13*24 -> 0
A14: 31 | B14: 46874 | C14: =+$A$9*A14*24 -> 14880000 | E14: =+$D$10*A14*24 -> 0
A15: 30 | B15: 46905 | C15: =+$A$9*A15*24 -> 14400000 | E15: =+$D$10*A15*24 -> 0
A16: 31 | B16: 46935 | C16: =+$A$9*A16*24 -> 14880000 | E16: =+$D$10*A16*24 -> 0
A17: 31 | B17: 46966 | C17: =+$A$9*A17*24 -> 14880000 | E17: =+$D$10*A17*24 -> 0
A18: 30 | B18: 46997 | C18: =+$A$9*A18*24 -> 14400000 | E18: =+$D$10*A18*24 -> 0
A19: 31 | B19: 47027 | C19: =+$A$9*A19*24 -> 14880000 | E19: =+$D$10*A19*24 -> 0
A20: 30 | B20: 47058 | C20: =+$A$9*A20*24 -> 14400000 | E20: =+$D$10*A20*24 -> 0
A21: 31 | B21: 47088 | C21: =+$A$9*A21*24 -> 14880000 | E21: =+$D$10*A21*24 -> 0
B22: TOTAL | C22: =+SUM(C10:C21) -> 175680000 | E22: =SUM(E10:E21) -> 0 | F22: =+F10 -> 0
B23: *Solo se debe ingresar valores en las celdas en color Naranja
B24: * Se debe oferta un valor de kWh el cual se aplica para todas las horas del año, con un tope horario de 20.000 kWh
B25: * Se debe ofertar un unico precio por producto.
B26: * A las ofertas planas al momento de la evaluación se le adicionarán 5 $/kWh al precio ofertado; con el fin de hacerlas comparables con las Ofertas que siguen la curva
B29: ____________________________________________
B30: Firma del Representante Legal
B31: o Apoderado General (Responsable del negocio)

Sheet Anexo 10
A1: CURVAS REQUERIDAS PRODUCTO 3 AÑO 2028 MODALIDAD PAGUE LO CONTRATADO - kWh
A4: Periodo | B4: Tipo de día | C4: H01 | D4: H02 | E4: H03 | F4: H04 | G4: H05 | H4: H06 | I4: H07 | J4: H08 | K4: H09 | L4: H10 | M4: H11 | N4: H12 | O4: H13 | P4: H14 | Q4: H15 | R4: H16 | S4: H17 | T4: H18 | U4: H19 | V4: H20 | W4: H21 | X4: H22 | Y4: H23 | Z4: H24 | AA4: TOTAL DÍA | AB4: Días/ | AC4: TOTAL MES
AB5: mes
A6: 46753 | B6: O | C6: 72372 | D6: 66529 | E6: 62963 | F6: 61107 | G6: 62312 | H6: 67478 | I6: 72772 | J6: 86260 | K6: 97112 | L6: 105231 | M6: 113517 | N6: 121569 | O6: 120582 | P6: 120822 | Q6: 123086 | R6: 123542 | S6: 121788 | T6: 115797 | U6: 125434 | V6: 133602 | W6: 127809 | X6: 117837 | Y6: 101679 | Z6: 85262 | AA6: =SUM(C6:Z6) -> 2406462 | AB6: 20 | AC6: =+AA6*AB6+AA7*AB7+AA8*AB8 -> 72418253
B7: S | C7: 74330 | D7: 67726 | E7: 63668 | F7: 61087 | G7: 61139 | H7: 64157 | I7: 68000 | J7: 81514 | K7: 93610 | L7: 102668 | M7: 109326 | N7: 116193 | O7: 117091 | P7: 115718 | Q7: 114230 | R7: 113603 | S7: 112736 | T7: 110053 | U7: 122249 | V7: 130992 | W7: 124523 | X7: 115034 | Y7: 101733 | Z7: 88395 | AA7: =SUM(C7:Z7) -> 2329775 | AB7: 4
B8: F | C8: 78593 | D8: 71529 | E8: 67000 | F8: 63675 | G8: 62047 | H8: 62705 | I8: 62002 | J8: 70878 | K8: 80029 | L8: 88062 | M8: 93955 | N8: 100196 | O8: 104075 | P8: 103707 | Q8: 101432 | R8: 100129 | S8: 99556 | T8: 97605 | U8: 110812 | V8: 120514 | W8: 116439 | X8: 107821 | Y8: 94608 | Z8: 81190 | AA8: =SUM(C8:Z8) -> 2138559 | AB8: 7
A9: 46784 | B9: O | C9: 70722 | D9: 65175 | E9: 62012 | F9: 60430 | G9: 62143 | H9: 69889 | I9: 76539 | J9: 87727 | K9: 97292 | L9: 104253 | M9: 111802 | N9: 119027 | O9: 116472 | P9: 117558 | Q9: 120756 | R9: 121255 | S9: 119709 | T9: 113000 | U9: 119963 | V9: 130520 | W9: 125142 | X9: 114881 | Y9: 98797 | Z9: 82654 | AA9: =SUM(C9:Z9) -> 2367718 | AB9: 21 | AC9: =+AA9*AB9+AA10*AB10+AA11*AB11 -> 67814638
B10: S | C10: 74209 | D10: 68085 | E10: 64160 | F10: 61869 | G10: 62064 | H10: 65052 | I10: 70469 | J10: 83671 | K10: 96088 | L10: 104508 | M10: 111149 | N10: 117890 | O10: 118299 | P10: 116517 | Q10: 114974 | R10: 114122 | S10: 113165 | T10: 110150 | U10: 119500 | V10: 130133 | W10: 123958 | X10: 115348 | Y10: 103176 | Z10: 89370 | AA10: =SUM(C10:Z10) -> 2347926 | AB10: 4
B11: F | C11: 78207 | D11: 71340 | E11: 67176 | F11: 64024 | G11: 62979 | H11: 63838 | I11: 64686 | J11: 74457 | K11: 84450 | L11: 92650 | M11: 97906 | N11: 103260 | O11: 107038 | P11: 105958 | Q11: 103400 | R11: 101751 | S11: 101164 | T11: 99287 | U11: 109351 | V11: 121235 | W11: 117601 | X11: 108849 | Y11: 94513 | Z11: 80094 | AA11: =SUM(C11:Z11) -> 2175214 | AB11: 4
A12: 46813 | B12: O | C12: 71608 | D12: 66193 | E12: 63234 | F12: 61720 | G12: 63667 | H12: 71618 | I12: 77613 | J12: 89699 | K12: 99176 | L12: 106109 | M12: 113357 | N12: 120106 | O12: 117527 | P12: 118186 | Q12: 121111 | R12: 121539 | S12: 120220 | T12: 114585 | U12: 123753 | V12: 133050 | W12: 127351 | X12: 116619 | Y12: 100209 | Z12: 83990 | AA12: =SUM(C12:Z12) -> 2402240 | AB12: 22 | AC12: =+AA12*AB12+AA13*AB13+AA14*AB14 -> 72965025
B13: S | C13: 74598 | D13: 68299 | E13: 65010 | F13: 63149 | G13: 63144 | H13: 66530 | I13: 69737 | J13: 84283 | K13: 96048 | L13: 104505 | M13: 111109 | N13: 116683 | O13: 116565 | P13: 114521 | Q13: 113047 | R13: 111965 | S13: 110471 | T13: 107943 | U13: 118960 | V13: 127603 | W13: 121673 | X13: 113296 | Y13: 100828 | Z13: 88193 | AA13: =SUM(C13:Z13) -> 2328160 | AB13: 4
B14: F | C14: 77448 | D14: 70653 | E14: 66697 | F14: 63987 | G14: 62622 | H14: 63928 | I14: 63832 | J14: 74259 | K14: 83561 | L14: 90914 | M14: 96000 | N14: 102006 | O14: 105695 | P14: 104680 | Q14: 101940 | R14: 100827 | S14: 100158 | T14: 98454 | U14: 110484 | V14: 120812 | W14: 116768 | X14: 108451 | Y14: 94734 | Z14: 81711 | AA14: =SUM(C14:Z14) -> 2160621 | AB14: 5
A15: 46844 | B15: O | C15: 61197 | D15: 56207 | E15: 53127 | F15: 51766 | G15: 53365 | H15: 59641 | I15: 64774 | J15: 76174 | K15: 85376 | L15: 92508 | M15: 99855 | N15: 106712 | O15: 104345 | P15: 105094 | Q15: 107850 | R15: 108132 | S15: 106600 | T15: 106703 | U15: 117335 | V15: 123956 | W15: 118738 | X15: 108274 | Y15: 92307 | Z15: 76958 | AA15: =SUM(C15:Z15) -> 2136994 | AB15: 18 | AC15: =+AA15*AB15+AA16*AB16+AA17*AB17 -> 62229959
B16: S | C16: 62733 | D16: 57046 | E16: 53231 | F16: 51033 | G16: 51327 | H16: 53680 | I16: 57068 | J16: 70688 | K16: 82065 | L16: 90581 | M16: 96578 | N16: 103634 | O16: 104091 | P16: 102524 | Q16: 101087 | R16: 100131 | S16: 99851 | T16: 102880 | U16: 114996 | V16: 121884 | W16: 115697 | X16: 106996 | Y16: 94809 | Z16: 82074 | AA16: =SUM(C16:Z16) -> 2076684 | AB16: 5
B17: F | C17: 66685 | D17: 60421 | E17: 56166 | F17: 53337 | G17: 52095 | H17: 51777 | I17: 52793 | J17: 62781 | K17: 71575 | L17: 79307 | M17: 84655 | N17: 90224 | O17: 93499 | P17: 92586 | Q17: 89712 | R17: 88526 | S17: 87837 | T17: 91409 | U17: 104420 | V17: 112477 | W17: 108161 | X17: 99831 | Y17: 87151 | Z17: 74096 | AA17: =SUM(C17:Z17) -> 1911521 | AB17: 7
A18: 46874 | B18: O | C18: 61605 | D18: 56383 | E18: 53444 | F18: 51950 | G18: 53595 | H18: 58902 | I18: 65002 | J18: 76812 | K18: 86188 | L18: 93469 | M18: 100819 | N18: 107900 | O18: 105951 | P18: 106032 | Q18: 108132 | R18: 108371 | S18: 106862 | T18: 107423 | U18: 118777 | V18: 125349 | W18: 119380 | X18: 108874 | Y18: 92594 | Z18: 77497 | AA18: =SUM(C18:Z18) -> 2151311 | AB18: 21 | AC18: =+AA18*AB18+AA19*AB19+AA20*AB20 -> 65590613
B19: S | C19: 65412 | D19: 59693 | E19: 56229 | F19: 54194 | G19: 54415 | H19: 55674 | I19: 60713 | J19: 74323 | K19: 86041 | L19: 95112 | M19: 100997 | N19: 106620 | O19: 106621 | P19: 104411 | Q19: 102159 | R19: 100767 | S19: 99937 | T19: 103492 | U19: 117216 | V19: 122508 | W19: 116454 | X19: 107448 | Y19: 94946 | Z19: 82475 | AA19: =SUM(C19:Z19) -> 2127857 | AB19: 4
B20: F | C20: 66685 | D20: 60533 | E20: 56642 | F20: 54138 | G20: 53250 | H20: 52081 | I20: 54011 | J20: 64941 | K20: 74255 | L20: 82657 | M20: 88235 | N20: 94336 | O20: 96994 | P20: 96597 | Q20: 93438 | R20: 98122 | S20: 91369 | T20: 95252 | U20: 108998 | V20: 117109 | W20: 112624 | X20: 103757 | Y20: 90542 | Z20: 77043 | AA20: =SUM(C20:Z20) -> 1983609 | AB20: 6
A21: 46905 | B21: O | C21: 61940 | D21: 56733 | E21: 53964 | F21: 52532 | G21: 53934 | H21: 58624 | I21: 63874 | J21: 76073 | K21: 85625 | L21: 92636 | M21: 100077 | N21: 107298 | O21: 105150 | P21: 105222 | Q21: 107859 | R21: 108138 | S21: 106517 | T21: 106735 | U21: 116924 | V21: 124867 | W21: 119254 | X21: 108906 | Y21: 92687 | Z21: 77567 | AA21: =SUM(C21:Z21) -> 2143136 | AB21: 20 | AC21: =+AA21*AB21+AA22*AB22+AA23*AB23 -> 65082478
B22: S | C22: 70583 | D22: 64272 | E22: 60744 | F22: 58565 | G22: 58207 | H22: 59598 | I22: 62621 | J22: 75549 | K22: 87948 | L22: 96212 | M22: 103063 | N22: 108755 | O22: 109409 | P22: 108373 | Q22: 107411 | R22: 107691 | S22: 107211 | T22: 110638 | U22: 123541 | V22: 130954 | W22: 124283 | X22: 115304 | Y22: 103076 | Z22: 89623 | AA22: =SUM(C22:Z22) -> 2243631 | AB22: 4
B23: F | C23: 75980 | D23: 69588 | E23: 65760 | F23: 63020 | G23: 62634 | H23: 63154 | I23: 62901 | J23: 74386 | K23: 84434 | L23: 91549 | M23: 97776 | N23: 104033 | O23: 105196 | P23: 104830 | Q23: 103402 | R23: 102829 | S23: 101973 | T23: 104965 | U23: 118336 | V23: 127284 | W23: 122914 | X23: 113786 | Y23: 100128 | Z23: 86681 | AA23: =SUM(C23:Z23) -> 2207539 | AB23: 6
A24: 46935 | B24: O | C24: 68685 | D24: 63036 | E24: 59721 | F24: 57822 | G24: 58999 | H24: 63558 | I24: 67289 | J24: 80587 | K24: 90803 | L24: 98825 | M24: 106706 | N24: 113835 | O24: 111512 | P24: 112189 | Q24: 115192 | R24: 115673 | S24: 113528 | T24: 112300 | U24: 121234 | V24: 130953 | W24: 125934 | X24: 115975 | Y24: 99704 | Z24: 84623 | AA24: =SUM(C24:Z24) -> 2288683 | AB24: 19 | AC24: =+AA24*AB24+AA25*AB25+AA26*AB26 -> 68567739
B25: S | C25: 64166 | D25: 58081 | E25: 54821 | F25: 52764 | G25: 52813 | H25: 54501 | I25: 58173 | J25: 73572 | K25: 85824 | L25: 93905 | M25: 100479 | N25: 105934 | O25: 105714 | P25: 103711 | Q25: 102012 | R25: 101287 | S25: 100304 | T25: 103466 | U25: 112985 | V25: 122270 | W25: 116238 | X25: 108281 | Y25: 95984 | Z25: 83811 | AA25: =SUM(C25:Z25) -> 2111096 | AB25: 5
B26: F | C26: 72764 | D26: 66428 | E26: 62077 | F26: 59359 | G26: 58360 | H26: 58110 | I26: 57700 | J26: 68405 | K26: 78045 | L26: 86240 | M26: 92248 | N26: 97964 | O26: 100858 | P26: 99798 | Q26: 97061 | R26: 95831 | S26: 94846 | T26: 98200 | U26: 108759 | V26: 120143 | W26: 116312 | X26: 108368 | Y26: 95096 | Z26: 82354 | AA26: =SUM(C26:Z26) -> 2075326 | AB26: 7
A27: 46966 | B27: O | C27: 69858 | D27: 64463 | E27: 61582 | F27: 59674 | G27: 61082 | H27: 67234 | I27: 71643 | J27: 84057 | K27: 94058 | L27: 101735 | M27: 109639 | N27: 116983 | O27: 114763 | P27: 116444 | Q27: 119413 | R27: 119824 | S27: 117446 | T27: 116044 | U27: 126291 | V27: 134624 | W27: 129010 | X27: 118595 | Y27: 101885 | Z27: 87014 | AA27: =SUM(C27:Z27) -> 2363361 | AB27: 21 | AC27: =+AA27*AB27+AA28*AB28+AA29*AB29 -> 71071511
B28: S | C28: 71238 | D28: 65672 | E28: 62090 | F28: 59490 | G28: 59231 | H28: 60883 | I28: 62144 | J28: 76978 | K28: 88873 | L28: 97540 | M28: 104378 | N28: 109906 | O28: 109991 | P28: 108626 | Q28: 107101 | R28: 106532 | S28: 104763 | T28: 107132 | U28: 119598 | V28: 126298 | W28: 120098 | X28: 111899 | Y28: 100045 | Z28: 87875 | AA28: =SUM(C28:Z28) -> 2228381 | AB28: 4
B29: F | C29: 73990 | D29: 67445 | E29: 63199 | F29: 60352 | G29: 59438 | H29: 59586 | I29: 58425 | J29: 69603 | K29: 79056 | L29: 86711 | M29: 92589 | N29: 98505 | O29: 101789 | P29: 100721 | Q29: 97268 | R29: 95551 | S29: 94655 | T29: 97672 | U29: 110534 | V29: 120631 | W29: 116493 | X29: 107815 | Y29: 94515 | Z29: 81358 | AA29: =SUM(C29:Z29) -> 2087901 | AB29: 6
A30: 46997 | B30: O | C30: 74298 | D30: 68463 | E30: 64886 | F30: 63045 | G30: 64158 | H30: 69882 | I30: 74606 | J30: 87622 | K30: 97543 | L30: 105600 | M30: 113901 | N30: 121571 | O30: 119317 | P30: 120798 | Q30: 124546 | R30: 125663 | S30: 123583 | T30: 122125 | U30: 135841 | V30: 139093 | W30: 133287 | X30: 122625 | Y30: 105601 | Z30: 90675 | AA30: =SUM(C30:Z30) -> 2468729 | AB30: 21 | AC30: =+AA30*AB30+AA31*AB31+AA32*AB32 -> 72100839
B31: S | C31: 77237 | D31: 70219 | E31: 66460 | F31: 64110 | G31: 63930 | H31: 64174 | I31: 67706 | J31: 83351 | K31: 95988 | L31: 104862 | M31: 111516 | N31: 117310 | O31: 116802 | P31: 115304 | Q31: 113850 | R31: 113193 | S31: 112455 | T31: 115598 | U31: 130073 | V31: 132677 | W31: 125813 | X31: 117139 | Y31: 104933 | Z31: 92226 | AA31: =SUM(C31:Z31) -> 2376926 | AB31: 5
B32: F | C32: 76570 | D32: 70176 | E32: 65947 | F32: 62688 | G32: 60798 | H32: 59250 | I32: 58143 | J32: 69045 | K32: 78404 | L32: 85800 | M32: 91090 | N32: 96205 | O32: 99550 | P32: 99090 | Q32: 96368 | R32: 95988 | S32: 95234 | T32: 98393 | U32: 114866 | V32: 119687 | W32: 115732 | X32: 107434 | Y32: 94760 | Z32: 82007 | AA32: =SUM(C32:Z32) -> 2093225 | AB32: 4
A33: 47027 | B33: O | C33: 67297 | D33: 62079 | E33: 59110 | F33: 57394 | G33: 58906 | H33: 63846 | I33: 68405 | J33: 80136 | K33: 89442 | L33: 96464 | M33: 103833 | N33: 111203 | O33: 109143 | P33: 110436 | Q33: 113851 | R33: 114717 | S33: 113369 | T33: 115918 | U33: 131350 | V33: 130396 | W33: 123546 | X33: 112892 | Y33: 96991 | Z33: 83062 | AA33: =SUM(C33:Z33) -> 2273786 | AB33: 21 | AC33: =+AA33*AB33+AA34*AB34+AA35*AB35 -> 69739342
B34: S | C34: 76170 | D34: 70074 | E34: 66199 | F34: 63714 | G34: 64073 | H34: 65119 | I34: 69693 | J34: 84875 | K34: 97224 | L34: 105850 | M34: 113204 | N34: 119498 | O34: 120079 | P34: 118406 | Q34: 117098 | R34: 116211 | S34: 115077 | T34: 121577 | U34: 140067 | V34: 139378 | W34: 132120 | X34: 121922 | Y34: 109484 | Z34: 95387 | AA34: =SUM(C34:Z34) -> 2442499 | AB34: 4
B35: F | C35: 71561 | D35: 65404 | E35: 60982 | F35: 57809 | G35: 56574 | H35: 55260 | I35: 55442 | J35: 65702 | K35: 74754 | L35: 82794 | M35: 88512 | N35: 94551 | O35: 98009 | P35: 97028 | Q35: 94805 | R35: 94133 | S35: 93812 | T35: 100385 | U35: 117961 | V35: 119064 | W35: 114391 | X35: 105572 | Y35: 92477 | Z35: 79658 | AA35: =SUM(C35:Z35) -> 2036640 | AB35: 6
A36: 47058 | B36: O | C36: 64911 | D36: 59689 | E36: 56752 | F36: 55350 | G36: 57141 | H36: 62617 | I36: 68321 | J36: 80545 | K36: 89921 | L36: 97062 | M36: 104824 | N36: 112559 | O36: 109756 | P36: 110019 | Q36: 113645 | R36: 113106 | S36: 111987 | T36: 115827 | U36: 132286 | V36: 131109 | W36: 124205 | X36: 112524 | Y36: 95768 | Z36: 81028 | AA36: =SUM(C36:Z36) -> 2260952 | AB36: 20 | AC36: =+AA36*AB36+AA37*AB37+AA38*AB38 -> 65267432
B37: S | C37: 66759 | D37: 61423 | E37: 57914 | F37: 55777 | G37: 56061 | H37: 57065 | I37: 60231 | J37: 74033 | K37: 85788 | L37: 93865 | M37: 100319 | N37: 106288 | O37: 106343 | P37: 103574 | Q37: 103032 | R37: 102464 | S37: 102429 | T37: 109162 | U37: 127586 | V37: 127038 | W37: 120510 | X37: 111346 | Y37: 98179 | Z37: 84812 | AA37: =SUM(C37:Z37) -> 2171998 | AB37: 4
B38: F | C38: 64619 | D38: 58978 | E38: 54848 | F38: 51801 | G38: 51448 | H38: 50579 | I38: 50891 | J38: 61418 | K38: 70191 | L38: 77662 | M38: 82903 | N38: 88748 | O38: 91744 | P38: 91031 | Q38: 88040 | R38: 86205 | S38: 86240 | T38: 93018 | U38: 111344 | V38: 112918 | W38: 108512 | X38: 99975 | Y38: 86588 | Z38: 73699 | AA38: =SUM(C38:Z38) -> 1893400 | AB38: 6
A39: 47088 | B39: O | C39: 74369 | D39: 67853 | E39: 64096 | F39: 61961 | G39: 63106 | H39: 66918 | I39: 70535 | J39: 85525 | K39: 96976 | L39: 105274 | M39: 113035 | N39: 121099 | O39: 119966 | P39: 119822 | Q39: 122133 | R39: 121664 | S39: 119162 | T39: 120408 | U39: 136475 | V39: 138429 | W39: 131974 | X39: 121956 | Y39: 106781 | Z39: 92537 | AA39: =SUM(C39:Z39) -> 2442054 | AB39: 19 | AC39: =+AA39*AB39+AA40*AB40+AA41*AB41 -> 72276401
B40: S | C40: 71694 | D40: 66003 | E40: 62252 | F40: 59565 | G40: 59635 | H40: 61675 | I40: 63580 | J40: 77220 | K40: 88557 | L40: 95943 | M40: 102036 | N40: 107128 | O40: 107183 | P40: 104964 | Q40: 103851 | R40: 102555 | S40: 101810 | T40: 106373 | U40: 123857 | V40: 125017 | W40: 118557 | X40: 109939 | Y40: 97823 | Z40: 86520 | AA40: =SUM(C40:Z40) -> 2203737 | AB40: 5
B41: F | C41: 76460 | D41: 70103 | E41: 65221 | F41: 61949 | G41: 60576 | H41: 59973 | I41: 58626 | J41: 68373 | K41: 77422 | L41: 85300 | M41: 91422 | N41: 97099 | O41: 100418 | P41: 100791 | Q41: 98943 | R41: 97847 | S41: 97547 | T41: 102194 | U41: 119786 | V41: 123126 | W41: 118051 | X41: 109554 | Y41: 97179 | Z41: 84710 | AA41: =SUM(C41:Z41) -> 2122670 | AB41: 7
A42: TOTAL AÑO | C42: =+SUM(C6:C41) -> 2547553 | D42: =+SUM(D6:D41) -> 2331994 | E42: =+SUM(E6:E41) -> 2199384 | F42: =+SUM(F6:F41) -> 2116207 | G42: =+SUM(G6:G41) -> 2121268 | H42: =+SUM(H6:H41) -> 2208556 | I42: =+SUM(I6:I41) -> 2310960 | J42: =+SUM(J6:J41) -> 2755522 | ... AC42: =+SUM(AC6:AC41) -> 825124230

Sheet Cantidades Ofertadas Prod 3
A1: CANTIDADES OFERTADAS PRODUCTO 3 AÑO 2028 MODALIDAD PAGUE LO CONTRATADO - kWh
A4: Periodo | B4: Tipo de día | C4: H01 | D4: H02 | E4: H03 | F4: H04 | G4: H05 | H4: H06 | I4: H07 | J4: H08 | K4: H09 | L4: H10 | M4: H11 | N4: H12 | O4: H13 | P4: H14 | Q4: H15 | R4: H16 | S4: H17 | T4: H18 | U4: H19 | V4: H20 | W4: H21 | X4: H22 | Y4: H23 | Z4: H24 | AA4: TOTAL DÍA | AB4: Días/ | AC4: TOTAL MES
AB5: mes
A6: 46753 | B6: O | C6: =ROUND('Anexo 10'!C6*'Anexo 3'!$D$10,0) -> 0 | D6: =ROUND('Anexo 10'!D6*'Anexo 3'!$D$10,0) -> 0 | E6: =ROUND('Anexo 10'!E6*'Anexo 3'!$D$10,0) -> 0 | F6: =ROUND('Anexo 10'!F6*'Anexo 3'!$D$10,0) -> 0 | G6: =ROUND('Anexo 10'!G6*'Anexo 3'!$D$10,0) -> 0 | H6: =ROUND('Anexo 10'!H6*'Anexo 3'!$D$10,0) -> 0 | I6: =ROUND('Anexo 10'!I6*'Anexo 3'!$D$10,0) -> 0 | J6: =ROUND('Anexo 10'!J6*'Anexo 3'!$D$10,0) -> 0 | ... Z6: =ROUND('Anexo 10'!Z6*'Anexo 3'!$D$10,0) -> 0 | AA6: =SUM(C6:Z6) -> 0 | AB6: 20 | AC6: =+AA6*AB6+AA7*AB7+AA8*AB8 -> 0
B7: S | C7: =ROUND('Anexo 10'!C7*'Anexo 3'!$D$10,0) -> 0 | D7: =ROUND('Anexo 10'!D7*'Anexo 3'!$D$10,0) -> 0 | E7: =ROUND('Anexo 10'!E7*'Anexo 3'!$D$10,0) -> 0 | F7: =ROUND('Anexo 10'!F7*'Anexo 3'!$D$10,0) -> 0 | G7: =ROUND('Anexo 10'!G7*'Anexo 3'!$D$10,0) -> 0 | H7: =ROUND('Anexo 10'!H7*'Anexo 3'!$D$10,0) -> 0 | I7: =ROUND('Anexo 10'!I7*'Anexo 3'!$D$10,0) -> 0 | J7: =ROUND('Anexo 10'!J7*'Anexo 3'!$D$10,0) -> 0 | ... Z7: =ROUND('Anexo 10'!Z7*'Anexo 3'!$D$10,0) -> 0 | AA7: =SUM(C7:Z7) -> 0 | AB7: 4
B8: F | C8: =ROUND('Anexo 10'!C8*'Anexo 3'!$D$10,0) -> 0 | D8: =ROUND('Anexo 10'!D8*'Anexo 3'!$D$10,0) -> 0 | E8: =ROUND('Anexo 10'!E8*'Anexo 3'!$D$10,0) -> 0 | F8: =ROUND('Anexo 10'!F8*'Anexo 3'!$D$10,0) -> 0 | G8: =ROUND('Anexo 10'!G8*'Anexo 3'!$D$10,0) -> 0 | H8: =ROUND('Anexo 10'!H8*'Anexo 3'!$D$10,0) -> 0 | I8: =ROUND('Anexo 10'!I8*'Anexo 3'!$D$10,0) -> 0 | J8: =ROUND('Anexo 10'!J8*'Anexo 3'!$D$10,0) -> 0 | ... Z8: =ROUND('Anexo 10'!Z8*'Anexo 3'!$D$10,0) -> 0 | AA8: =SUM(C8:Z8) -> 0 | AB8: 7
A9: 46784 | B9: O | C9: =ROUND('Anexo 10'!C9*'Anexo 3'!$D$10,0) -> 0 | D9: =ROUND('Anexo 10'!D9*'Anexo 3'!$D$10,0) -> 0 | E9: =ROUND('Anexo 10'!E9*'Anexo 3'!$D$10,0) -> 0 | F9: =ROUND('Anexo 10'!F9*'Anexo 3'!$D$10,0) -> 0 | G9: =ROUND('Anexo 10'!G9*'Anexo 3'!$D$10,0) -> 0 | H9: =ROUND('Anexo 10'!H9*'Anexo 3'!$D$10,0) -> 0 | I9: =ROUND('Anexo 10'!I9*'Anexo 3'!$D$10,0) -> 0 | J9: =ROUND('Anexo 10'!J9*'Anexo 3'!$D$10,0) -> 0 | ... Z9: =ROUND('Anexo 10'!Z9*'Anexo 3'!$D$10,0) -> 0 | AA9: =SUM(C9:Z9) -> 0 | AB9: 21 | AC9: =+AA9*AB9+AA10*AB10+AA11*AB11 -> 0
B10: S | C10: =ROUND('Anexo 10'!C10*'Anexo 3'!$D$10,0) -> 0 | D10: =ROUND('Anexo 10'!D10*'Anexo 3'!$D$10,0) -> 0 | E10: =ROUND('Anexo 10'!E10*'Anexo 3'!$D$10,0) -> 0 | F10: =ROUND('Anexo 10'!F10*'Anexo 3'!$D$10,0) -> 0 | G10: =ROUND('Anexo 10'!G10*'Anexo 3'!$D$10,0) -> 0 | H10: =ROUND('Anexo 10'!H10*'Anexo 3'!$D$10,0) -> 0 | I10: =ROUND('Anexo 10'!I10*'Anexo 3'!$D$10,0) -> 0 | J10: =ROUND('Anexo 10'!J10*'Anexo 3'!$D$10,0) -> 0 | ... Z10: =ROUND('Anexo 10'!Z10*'Anexo 3'!$D$10,0) -> 0 | AA10: =SUM(C10:Z10) -> 0 | AB10: 4
B11: F | C11: =ROUND('Anexo 10'!C11*'Anexo 3'!$D$10,0) -> 0 | D11: =ROUND('Anexo 10'!D11*'Anexo 3'!$D$10,0) -> 0 | E11: =ROUND('Anexo 10'!E11*'Anexo 3'!$D$10,0) -> 0 | F11: =ROUND('Anexo 10'!F11*'Anexo 3'!$D$10,0) -> 0 | G11: =ROUND('Anexo 10'!G11*'Anexo 3'!$D$10,0) -> 0 | H11: =ROUND('Anexo 10'!H11*'Anexo 3'!$D$10,0) -> 0 | I11: =ROUND('Anexo 10'!I11*'Anexo 3'!$D$10,0) -> 0 | J11: =ROUND('Anexo 10'!J11*'Anexo 3'!$D$10,0) -> 0 | ... Z11: =ROUND('Anexo 10'!Z11*'Anexo 3'!$D$10,0) -> 0 | AA11: =SUM(C11:Z11) -> 0 | AB11: 4
A12: 46813 | B12: O | C12: =ROUND('Anexo 10'!C12*'Anexo 3'!$D$10,0) -> 0 | D12: =ROUND('Anexo 10'!D12*'Anexo 3'!$D$10,0) -> 0 | E12: =ROUND('Anexo 10'!E12*'Anexo 3'!$D$10,0) -> 0 | F12: =ROUND('Anexo 10'!F12*'Anexo 3'!$D$10,0) -> 0 | G12: =ROUND('Anexo 10'!G12*'Anexo 3'!$D$10,0) -> 0 | H12: =ROUND('Anexo 10'!H12*'Anexo 3'!$D$10,0) -> 0 | I12: =ROUND('Anexo 10'!I12*'Anexo 3'!$D$10,0) -> 0 | J12: =ROUND('Anexo 10'!J12*'Anexo 3'!$D$10,0) -> 0 | ... Z12: =ROUND('Anexo 10'!Z12*'Anexo 3'!$D$10,0) -> 0 | AA12: =SUM(C12:Z12) -> 0 | AB12: 22 | AC12: =+AA12*AB12+AA13*AB13+AA14*AB14 -> 0
B13: S | C13: =ROUND('Anexo 10'!C13*'Anexo 3'!$D$10,0) -> 0 | D13: =ROUND('Anexo 10'!D13*'Anexo 3'!$D$10,0) -> 0 | E13: =ROUND('Anexo 10'!E13*'Anexo 3'!$D$10,0) -> 0 | F13: =ROUND('Anexo 10'!F13*'Anexo 3'!$D$10,0) -> 0 | G13: =ROUND('Anexo 10'!G13*'Anexo 3'!$D$10,0) -> 0 | H13: =ROUND('Anexo 10'!H13*'Anexo 3'!$D$10,0) -> 0 | I13: =ROUND('Anexo 10'!I13*'Anexo 3'!$D$10,0) -> 0 | J13: =ROUND('Anexo 10'!J13*'Anexo 3'!$D$10,0) -> 0 | ... Z13: =ROUND('Anexo 10'!Z13*'Anexo 3'!$D$10,0) -> 0 | AA13: =SUM(C13:Z13) -> 0 | AB13: 4
B14: F | C14: =ROUND('Anexo 10'!C14*'Anexo 3'!$D$10,0) -> 0 | D14: =ROUND('Anexo 10'!D14*'Anexo 3'!$D$10,0) -> 0 | E14: =ROUND('Anexo 10'!E14*'Anexo 3'!$D$10,0) -> 0 | F14: =ROUND('Anexo 10'!F14*'Anexo 3'!$D$10,0) -> 0 | G14: =ROUND('Anexo 10'!G14*'Anexo 3'!$D$10,0) -> 0 | H14: =ROUND('Anexo 10'!H14*'Anexo 3'!$D$10,0) -> 0 | I14: =ROUND('Anexo 10'!I14*'Anexo 3'!$D$10,0) -> 0 | J14: =ROUND('Anexo 10'!J14*'Anexo 3'!$D$10,0) -> 0 | ... Z14: =ROUND('Anexo 10'!Z14*'Anexo 3'!$D$10,0) -> 0 | AA14: =SUM(C14:Z14) -> 0 | AB14: 5
A15: 46844 | B15: O | C15: =ROUND('Anexo 10'!C15*'Anexo 3'!$D$10,0) -> 0 | D15: =ROUND('Anexo 10'!D15*'Anexo 3'!$D$10,0) -> 0 | E15: =ROUND('Anexo 10'!E15*'Anexo 3'!$D$10,0) -> 0 | F15: =ROUND('Anexo 10'!F15*'Anexo 3'!$D$10,0) -> 0 | G15: =ROUND('Anexo 10'!G15*'Anexo 3'!$D$10,0) -> 0 | H15: =ROUND('Anexo 10'!H15*'Anexo 3'!$D$10,0) -> 0 | I15: =ROUND('Anexo 10'!I15*'Anexo 3'!$D$10,0) -> 0 | J15: =ROUND('Anexo 10'!J15*'Anexo 3'!$D$10,0) -> 0 | ... Z15: =ROUND('Anexo 10'!Z15*'Anexo 3'!$D$10,0) -> 0 | AA15: =SUM(C15:Z15) -> 0 | AB15: 18 | AC15: =+AA15*AB15+AA16*AB16+AA17*AB17 -> 0
B16: S | C16: =ROUND('Anexo 10'!C16*'Anexo 3'!$D$10,0) -> 0 | D16: =ROUND('Anexo 10'!D16*'Anexo 3'!$D$10,0) -> 0 | E16: =ROUND('Anexo 10'!E16*'Anexo 3'!$D$10,0) -> 0 | F16: =ROUND('Anexo 10'!F16*'Anexo 3'!$D$10,0) -> 0 | G16: =ROUND('Anexo 10'!G16*'Anexo 3'!$D$10,0) -> 0 | H16: =ROUND('Anexo 10'!H16*'Anexo 3'!$D$10,0) -> 0 | I16: =ROUND('Anexo 10'!I16*'Anexo 3'!$D$10,0) -> 0 | J16: =ROUND('Anexo 10'!J16*'Anexo 3'!$D$10,0) -> 0 | ... Z16: =ROUND('Anexo 10'!Z16*'Anexo 3'!$D$10,0) -> 0 | AA16: =SUM(C16:Z16) -> 0 | AB16: 5
B17: F | C17: =ROUND('Anexo 10'!C17*'Anexo 3'!$D$10,0) -> 0 | D17: =ROUND('Anexo 10'!D17*'Anexo 3'!$D$10,0) -> 0 | E17: =ROUND('Anexo 10'!E17*'Anexo 3'!$D$10,0) -> 0 | F17: =ROUND('Anexo 10'!F17*'Anexo 3'!$D$10,0) -> 0 | G17: =ROUND('Anexo 10'!G17*'Anexo 3'!$D$10,0) -> 0 | H17: =ROUND('Anexo 10'!H17*'Anexo 3'!$D$10,0) -> 0 | I17: =ROUND('Anexo 10'!I17*'Anexo 3'!$D$10,0) -> 0 | J17: =ROUND('Anexo 10'!J17*'Anexo 3'!$D$10,0) -> 0 | ... Z17: =ROUND('Anexo 10'!Z17*'Anexo 3'!$D$10,0) -> 0 | AA17: =SUM(C17:Z17) -> 0 | AB17: 7
A18: 46874 | B18: O | C18: =ROUND('Anexo 10'!C18*'Anexo 3'!$D$10,0) -> 0 | D18: =ROUND('Anexo 10'!D18*'Anexo 3'!$D$10,0) -> 0 | E18: =ROUND('Anexo 10'!E18*'Anexo 3'!$D$10,0) -> 0 | F18: =ROUND('Anexo 10'!F18*'Anexo 3'!$D$10,0) -> 0 | G18: =ROUND('Anexo 10'!G18*'Anexo 3'!$D$10,0) -> 0 | H18: =ROUND('Anexo 10'!H18*'Anexo 3'!$D$10,0) -> 0 | I18: =ROUND('Anexo 10'!I18*'Anexo 3'!$D$10,0) -> 0 | J18: =ROUND('Anexo 10'!J18*'Anexo 3'!$D$10,0) -> 0 | ... Z18: =ROUND('Anexo 10'!Z18*'Anexo 3'!$D$10,0) -> 0 | AA18: =SUM(C18:Z18) -> 0 | AB18: 21 | AC18: =+AA18*AB18+AA19*AB19+AA20*AB20 -> 0
B19: S | C19: =ROUND('Anexo 10'!C19*'Anexo 3'!$D$10,0) -> 0 | D19: =ROUND('Anexo 10'!D19*'Anexo 3'!$D$10,0) -> 0 | E19: =ROUND('Anexo 10'!E19*'Anexo 3'!$D$10,0) -> 0 | F19: =ROUND('Anexo 10'!F19*'Anexo 3'!$D$10,0) -> 0 | G19: =ROUND('Anexo 10'!G19*'Anexo 3'!$D$10,0) -> 0 | H19: =ROUND('Anexo 10'!H19*'Anexo 3'!$D$10,0) -> 0 | I19: =ROUND('Anexo 10'!I19*'Anexo 3'!$D$10,0) -> 0 | J19: =ROUND('Anexo 10'!J19*'Anexo 3'!$D$10,0) -> 0 | ... Z19: =ROUND('Anexo 10'!Z19*'Anexo 3'!$D$10,0) -> 0 | AA19: =SUM(C19:Z19) -> 0 | AB19: 4
B20: F | C20: =ROUND('Anexo 10'!C20*'Anexo 3'!$D$10,0) -> 0 | D20: =ROUND('Anexo 10'!D20*'Anexo 3'!$D$10,0) -> 0 | E20: =ROUND('Anexo 10'!E20*'Anexo 3'!$D$10,0) -> 0 | F20: =ROUND('Anexo 10'!F20*'Anexo 3'!$D$10,0) -> 0 | G20: =ROUND('Anexo 10'!G20*'Anexo 3'!$D$10,0) -> 0 | H20: =ROUND('Anexo 10'!H20*'Anexo 3'!$D$10,0) -> 0 | I20: =ROUND('Anexo 10'!I20*'Anexo 3'!$D$10,0) -> 0 | J20: =ROUND('Anexo 10'!J20*'Anexo 3'!$D$10,0) -> 0 | ... Z20: =ROUND('Anexo 10'!Z20*'Anexo 3'!$D$10,0) -> 0 | AA20: =SUM(C20:Z20) -> 0 | AB20: 6
A21: 46905 | B21: O | C21: =ROUND('Anexo 10'!C21*'Anexo 3'!$D$10,0) -> 0 | D21: =ROUND('Anexo 10'!D21*'Anexo 3'!$D$10,0) -> 0 | E21: =ROUND('Anexo 10'!E21*'Anexo 3'!$D$10,0) -> 0 | F21: =ROUND('Anexo 10'!F21*'Anexo 3'!$D$10,0) -> 0 | G21: =ROUND('Anexo 10'!G21*'Anexo 3'!$D$10,0) -> 0 | H21: =ROUND('Anexo 10'!H21*'Anexo 3'!$D$10,0) -> 0 | I21: =ROUND('Anexo 10'!I21*'Anexo 3'!$D$10,0) -> 0 | J21: =ROUND('Anexo 10'!J21*'Anexo 3'!$D$10,0) -> 0 | ... Z21: =ROUND('Anexo 10'!Z21*'Anexo 3'!$D$10,0) -> 0 | AA21: =SUM(C21:Z21) -> 0 | AB21: 20 | AC21: =+AA21*AB21+AA22*AB22+AA23*AB23 -> 0
B22: S | C22: =ROUND('Anexo 10'!C22*'Anexo 3'!$D$10,0) -> 0 | D22: =ROUND('Anexo 10'!D22*'Anexo 3'!$D$10,0) -> 0 | E22: =ROUND('Anexo 10'!E22*'Anexo 3'!$D$10,0) -> 0 | F22: =ROUND('Anexo 10'!F22*'Anexo 3'!$D$10,0) -> 0 | G22: =ROUND('Anexo 10'!G22*'Anexo 3'!$D$10,0) -> 0 | H22: =ROUND('Anexo 10'!H22*'Anexo 3'!$D$10,0) -> 0 | I22: =ROUND('Anexo 10'!I22*'Anexo 3'!$D$10,0) -> 0 | J22: =ROUND('Anexo 10'!J22*'Anexo 3'!$D$10,0) -> 0 | ... Z22: =ROUND('Anexo 10'!Z22*'Anexo 3'!$D$10,0) -> 0 | AA22: =SUM(C22:Z22) -> 0 | AB22: 4
B23: F | C23: =ROUND('Anexo 10'!C23*'Anexo 3'!$D$10,0) -> 0 | D23: =ROUND('Anexo 10'!D23*'Anexo 3'!$D$10,0) -> 0 | E23: =ROUND('Anexo 10'!E23*'Anexo 3'!$D$10,0) -> 0 | F23: =ROUND('Anexo 10'!F23*'Anexo 3'!$D$10,0) -> 0 | G23: =ROUND('Anexo 10'!G23*'Anexo 3'!$D$10,0) -> 0 | H23: =ROUND('Anexo 10'!H23*'Anexo 3'!$D$10,0) -> 0 | I23: =ROUND('Anexo 10'!I23*'Anexo 3'!$D$10,0) -> 0 | J23: =ROUND('Anexo 10'!J23*'Anexo 3'!$D$10,0) -> 0 | ... Z23: =ROUND('Anexo 10'!Z23*'Anexo 3'!$D$10,0) -> 0 | AA23: =SUM(C23:Z23) -> 0 | AB23: 6
A24: 46935 | B24: O | C24: =ROUND('Anexo 10'!C24*'Anexo 3'!$D$10,0) -> 0 | D24: =ROUND('Anexo 10'!D24*'Anexo 3'!$D$10,0) -> 0 | E24: =ROUND('Anexo 10'!E24*'Anexo 3'!$D$10,0) -> 0 | F24: =ROUND('Anexo 10'!F24*'Anexo 3'!$D$10,0) -> 0 | G24: =ROUND('Anexo 10'!G24*'Anexo 3'!$D$10,0) -> 0 | H24: =ROUND('Anexo 10'!H24*'Anexo 3'!$D$10,0) -> 0 | I24: =ROUND('Anexo 10'!I24*'Anexo 3'!$D$10,0) -> 0 | J24: =ROUND('Anexo 10'!J24*'Anexo 3'!$D$10,0) -> 0 | ... Z24: =ROUND('Anexo 10'!Z24*'Anexo 3'!$D$10,0) -> 0 | AA24: =SUM(C24:Z24) -> 0 | AB24: 19 | AC24: =+AA24*AB24+AA25*AB25+AA26*AB26 -> 0
B25: S | C25: =ROUND('Anexo 10'!C25*'Anexo 3'!$D$10,0) -> 0 | D25: =ROUND('Anexo 10'!D25*'Anexo 3'!$D$10,0) -> 0 | E25: =ROUND('Anexo 10'!E25*'Anexo 3'!$D$10,0) -> 0 | F25: =ROUND('Anexo 10'!F25*'Anexo 3'!$D$10,0) -> 0 | G25: =ROUND('Anexo 10'!G25*'Anexo 3'!$D$10,0) -> 0 | H25: =ROUND('Anexo 10'!H25*'Anexo 3'!$D$10,0) -> 0 | I25: =ROUND('Anexo 10'!I25*'Anexo 3'!$D$10,0) -> 0 | J25: =ROUND('Anexo 10'!J25*'Anexo 3'!$D$10,0) -> 0 | ... Z25: =ROUND('Anexo 10'!Z25*'Anexo 3'!$D$10,0) -> 0 | AA25: =SUM(C25:Z25) -> 0 | AB25: 5
B26: F | C26: =ROUND('Anexo 10'!C26*'Anexo 3'!$D$10,0) -> 0 | D26: =ROUND('Anexo 10'!D26*'Anexo 3'!$D$10,0) -> 0 | E26: =ROUND('Anexo 10'!E26*'Anexo 3'!$D$10,0) -> 0 | F26: =ROUND('Anexo 10'!F26*'Anexo 3'!$D$10,0) -> 0 | G26: =ROUND('Anexo 10'!G26*'Anexo 3'!$D$10,0) -> 0 | H26: =ROUND('Anexo 10'!H26*'Anexo 3'!$D$10,0) -> 0 | I26: =ROUND('Anexo 10'!I26*'Anexo 3'!$D$10,0) -> 0 | J26: =ROUND('Anexo 10'!J26*'Anexo 3'!$D$10,0) -> 0 | ... Z26: =ROUND('Anexo 10'!Z26*'Anexo 3'!$D$10,0) -> 0 | AA26: =SUM(C26:Z26) -> 0 | AB26: 7
A27: 46966 | B27: O | C27: =ROUND('Anexo 10'!C27*'Anexo 3'!$D$10,0) -> 0 | D27: =ROUND('Anexo 10'!D27*'Anexo 3'!$D$10,0) -> 0 | E27: =ROUND('Anexo 10'!E27*'Anexo 3'!$D$10,0) -> 0 | F27: =ROUND('Anexo 10'!F27*'Anexo 3'!$D$10,0) -> 0 | G27: =ROUND('Anexo 10'!G27*'Anexo 3'!$D$10,0) -> 0 | H27: =ROUND('Anexo 10'!H27*'Anexo 3'!$D$10,0) -> 0 | I27: =ROUND('Anexo 10'!I27*'Anexo 3'!$D$10,0) -> 0 | J27: =ROUND('Anexo 10'!J27*'Anexo 3'!$D$10,0) -> 0 | ... Z27: =ROUND('Anexo 10'!Z27*'Anexo 3'!$D$10,0) -> 0 | AA27: =SUM(C27:Z27) -> 0 | AB27: 21 | AC27: =+AA27*AB27+AA28*AB28+AA29*AB29 -> 0
B28: S | C28: =ROUND('Anexo 10'!C28*'Anexo 3'!$D$10,0) -> 0 | D28: =ROUND('Anexo 10'!D28*'Anexo 3'!$D$10,0) -> 0 | E28: =ROUND('Anexo 10'!E28*'Anexo 3'!$D$10,0) -> 0 | F28: =ROUND('Anexo 10'!F28*'Anexo 3'!$D$10,0) -> 0 | G28: =ROUND('Anexo 10'!G28*'Anexo 3'!$D$10,0) -> 0 | H28: =ROUND('Anexo 10'!H28*'Anexo 3'!$D$10,0) -> 0 | I28: =ROUND('Anexo 10'!I28*'Anexo 3'!$D$10,0) -> 0 | J28: =ROUND('Anexo 10'!J28*'Anexo 3'!$D$10,0) -> 0 | ... Z28: =ROUND('Anexo 10'!Z28*'Anexo 3'!$D$10,0) -> 0 | AA28: =SUM(C28:Z28) -> 0 | AB28: 4
B29: F | C29: =ROUND('Anexo 10'!C29*'Anexo 3'!$D$10,0) -> 0 | D29: =ROUND('Anexo 10'!D29*'Anexo 3'!$D$10,0) -> 0 | E29: =ROUND('Anexo 10'!E29*'Anexo 3'!$D$10,0) -> 0 | F29: =ROUND('Anexo 10'!F29*'Anexo 3'!$D$10,0) -> 0 | G29: =ROUND('Anexo 10'!G29*'Anexo 3'!$D$10,0) -> 0 | H29: =ROUND('Anexo 10'!H29*'Anexo 3'!$D$10,0) -> 0 | I29: =ROUND('Anexo 10'!I29*'Anexo 3'!$D$10,0) -> 0 | J29: =ROUND('Anexo 10'!J29*'Anexo 3'!$D$10,0) -> 0 | ... Z29: =ROUND('Anexo 10'!Z29*'Anexo 3'!$D$10,0) -> 0 | AA29: =SUM(C29:Z29) -> 0 | AB29: 6
A30: 46997 | B30: O | C30: =ROUND('Anexo 10'!C30*'Anexo 3'!$D$10,0) -> 0 | D30: =ROUND('Anexo 10'!D30*'Anexo 3'!$D$10,0) -> 0 | E30: =ROUND('Anexo 10'!E30*'Anexo 3'!$D$10,0) -> 0 | F30: =ROUND('Anexo 10'!F30*'Anexo 3'!$D$10,0) -> 0 | G30: =ROUND('Anexo 10'!G30*'Anexo 3'!$D$10,0) -> 0 | H30: =ROUND('Anexo 10'!H30*'Anexo 3'!$D$10,0) -> 0 | I30: =ROUND('Anexo 10'!I30*'Anexo 3'!$D$10,0) -> 0 | J30: =ROUND('Anexo 10'!J30*'Anexo 3'!$D$10,0) -> 0 | ... Z30: =ROUND('Anexo 10'!Z30*'Anexo 3'!$D$10,0) -> 0 | AA30: =SUM(C30:Z30) -> 0 | AB30: 21 | AC30: =+AA30*AB30+AA31*AB31+AA32*AB32 -> 0
B31: S | C31: =ROUND('Anexo 10'!C31*'Anexo 3'!$D$10,0) -> 0 | D31: =ROUND('Anexo 10'!D31*'Anexo 3'!$D$10,0) -> 0 | E31: =ROUND('Anexo 10'!E31*'Anexo 3'!$D$10,0) -> 0 | F31: =ROUND('Anexo 10'!F31*'Anexo 3'!$D$10,0) -> 0 | G31: =ROUND('Anexo 10'!G31*'Anexo 3'!$D$10,0) -> 0 | H31: =ROUND('Anexo 10'!H31*'Anexo 3'!$D$10,0) -> 0 | I31: =ROUND('Anexo 10'!I31*'Anexo 3'!$D$10,0) -> 0 | J31: =ROUND('Anexo 10'!J31*'Anexo 3'!$D$10,0) -> 0 | ... Z31: =ROUND('Anexo 10'!Z31*'Anexo 3'!$D$10,0) -> 0 | AA31: =SUM(C31:Z31) -> 0 | AB31: 5
B32: F | C32: =ROUND('Anexo 10'!C32*'Anexo 3'!$D$10,0) -> 0 | D32: =ROUND('Anexo 10'!D32*'Anexo 3'!$D$10,0) -> 0 | E32: =ROUND('Anexo 10'!E32*'Anexo 3'!$D$10,0) -> 0 | F32: =ROUND('Anexo 10'!F32*'Anexo 3'!$D$10,0) -> 0 | G32: =ROUND('Anexo 10'!G32*'Anexo 3'!$D$10,0) -> 0 | H32: =ROUND('Anexo 10'!H32*'Anexo 3'!$D$10,0) -> 0 | I32: =ROUND('Anexo 10'!I32*'Anexo 3'!$D$10,0) -> 0 | J32: =ROUND('Anexo 10'!J32*'Anexo 3'!$D$10,0) -> 0 | ... Z32: =ROUND('Anexo 10'!Z32*'Anexo 3'!$D$10,0) -> 0 | AA32: =SUM(C32:Z32) -> 0 | AB32: 4
A33: 47027 | B33: O | C33: =ROUND('Anexo 10'!C33*'Anexo 3'!$D$10,0) -> 0 | D33: =ROUND('Anexo 10'!D33*'Anexo 3'!$D$10,0) -> 0 | E33: =ROUND('Anexo 10'!E33*'Anexo 3'!$D$10,0) -> 0 | F33: =ROUND('Anexo 10'!F33*'Anexo 3'!$D$10,0) -> 0 | G33: =ROUND('Anexo 10'!G33*'Anexo 3'!$D$10,0) -> 0 | H33: =ROUND('Anexo 10'!H33*'Anexo 3'!$D$10,0) -> 0 | I33: =ROUND('Anexo 10'!I33*'Anexo 3'!$D$10,0) -> 0 | J33: =ROUND('Anexo 10'!J33*'Anexo 3'!$D$10,0) -> 0 | ... Z33: =ROUND('Anexo 10'!Z33*'Anexo 3'!$D$10,0) -> 0 | AA33: =SUM(C33:Z33) -> 0 | AB33: 21 | AC33: =+AA33*AB33+AA34*AB34+AA35*AB35 -> 0
B34: S | C34: =ROUND('Anexo 10'!C34*'Anexo 3'!$D$10,0) -> 0 | D34: =ROUND('Anexo 10'!D34*'Anexo 3'!$D$10,0) -> 0 | E34: =ROUND('Anexo 10'!E34*'Anexo 3'!$D$10,0) -> 0 | F34: =ROUND('Anexo 10'!F34*'Anexo 3'!$D$10,0) -> 0 | G34: =ROUND('Anexo 10'!G34*'Anexo 3'!$D$10,0) -> 0 | H34: =ROUND('Anexo 10'!H34*'Anexo 3'!$D$10,0) -> 0 | I34: =ROUND('Anexo 10'!I34*'Anexo 3'!$D$10,0) -> 0 | J34: =ROUND('Anexo 10'!J34*'Anexo 3'!$D$10,0) -> 0 | ... Z34: =ROUND('Anexo 10'!Z34*'Anexo 3'!$D$10,0) -> 0 | AA34: =SUM(C34:Z34) -> 0 | AB34: 4
B35: F | C35: =ROUND('Anexo 10'!C35*'Anexo 3'!$D$10,0) -> 0 | D35: =ROUND('Anexo 10'!D35*'Anexo 3'!$D$10,0) -> 0 | E35: =ROUND('Anexo 10'!E35*'Anexo 3'!$D$10,0) -> 0 | F35: =ROUND('Anexo 10'!F35*'Anexo 3'!$D$10,0) -> 0 | G35: =ROUND('Anexo 10'!G35*'Anexo 3'!$D$10,0) -> 0 | H35: =ROUND('Anexo 10'!H35*'Anexo 3'!$D$10,0) -> 0 | I35: =ROUND('Anexo 10'!I35*'Anexo 3'!$D$10,0) -> 0 | J35: =ROUND('Anexo 10'!J35*'Anexo 3'!$D$10,0) -> 0 | ... Z35: =ROUND('Anexo 10'!Z35*'Anexo 3'!$D$10,0) -> 0 | AA35: =SUM(C35:Z35) -> 0 | AB35: 6
A36: 47058 | B36: O | C36: =ROUND('Anexo 10'!C36*'Anexo 3'!$D$10,0) -> 0 | D36: =ROUND('Anexo 10'!D36*'Anexo 3'!$D$10,0) -> 0 | E36: =ROUND('Anexo 10'!E36*'Anexo 3'!$D$10,0) -> 0 | F36: =ROUND('Anexo 10'!F36*'Anexo 3'!$D$10,0) -> 0 | G36: =ROUND('Anexo 10'!G36*'Anexo 3'!$D$10,0) -> 0 | H36: =ROUND('Anexo 10'!H36*'Anexo 3'!$D$10,0) -> 0 | I36: =ROUND('Anexo 10'!I36*'Anexo 3'!$D$10,0) -> 0 | J36: =ROUND('Anexo 10'!J36*'Anexo 3'!$D$10,0) -> 0 | ... Z36: =ROUND('Anexo 10'!Z36*'Anexo 3'!$D$10,0) -> 0 | AA36: =SUM(C36:Z36) -> 0 | AB36: 20 | AC36: =+AA36*AB36+AA37*AB37+AA38*AB38 -> 0
B37: S | C37: =ROUND('Anexo 10'!C37*'Anexo 3'!$D$10,0) -> 0 | D37: =ROUND('Anexo 10'!D37*'Anexo 3'!$D$10,0) -> 0 | E37: =ROUND('Anexo 10'!E37*'Anexo 3'!$D$10,0) -> 0 | F37: =ROUND('Anexo 10'!F37*'Anexo 3'!$D$10,0) -> 0 | G37: =ROUND('Anexo 10'!G37*'Anexo 3'!$D$10,0) -> 0 | H37: =ROUND('Anexo 10'!H37*'Anexo 3'!$D$10,0) -> 0 | I37: =ROUND('Anexo 10'!I37*'Anexo 3'!$D$10,0) -> 0 | J37: =ROUND('Anexo 10'!J37*'Anexo 3'!$D$10,0) -> 0 | ... Z37: =ROUND('Anexo 10'!Z37*'Anexo 3'!$D$10,0) -> 0 | AA37: =SUM(C37:Z37) -> 0 | AB37: 4
B38: F | C38: =ROUND('Anexo 10'!C38*'Anexo 3'!$D$10,0) -> 0 | D38: =ROUND('Anexo 10'!D38*'Anexo 3'!$D$10,0) -> 0 | E38: =ROUND('Anexo 10'!E38*'Anexo 3'!$D$10,0) -> 0 | F38: =ROUND('Anexo 10'!F38*'Anexo 3'!$D$10,0) -> 0 | G38: =ROUND('Anexo 10'!G38*'Anexo 3'!$D$10,0) -> 0 | H38: =ROUND('Anexo 10'!H38*'Anexo 3'!$D$10,0) -> 0 | I38: =ROUND('Anexo 10'!I38*'Anexo 3'!$D$10,0) -> 0 | J38: =ROUND('Anexo 10'!J38*'Anexo 3'!$D$10,0) -> 0 | ... Z38: =ROUND('Anexo 10'!Z38*'Anexo 3'!$D$10,0) -> 0 | AA38: =SUM(C38:Z38) -> 0 | AB38: 6
A39: 47088 | B39: O | C39: =ROUND('Anexo 10'!C39*'Anexo 3'!$D$10,0) -> 0 | D39: =ROUND('Anexo 10'!D39*'Anexo 3'!$D$10,0) -> 0 | E39: =ROUND('Anexo 10'!E39*'Anexo 3'!$D$10,0) -> 0 | F39: =ROUND('Anexo 10'!F39*'Anexo 3'!$D$10,0) -> 0 | G39: =ROUND('Anexo 10'!G39*'Anexo 3'!$D$10,0) -> 0 | H39: =ROUND('Anexo 10'!H39*'Anexo 3'!$D$10,0) -> 0 | I39: =ROUND('Anexo 10'!I39*'Anexo 3'!$D$10,0) -> 0 | J39: =ROUND('Anexo 10'!J39*'Anexo 3'!$D$10,0) -> 0 | ... Z39: =ROUND('Anexo 10'!Z39*'Anexo 3'!$D$10,0) -> 0 | AA39: =SUM(C39:Z39) -> 0 | AB39: 19 | AC39: =+AA39*AB39+AA40*AB40+AA41*AB41 -> 0
B40: S | C40: =ROUND('Anexo 10'!C40*'Anexo 3'!$D$10,0) -> 0 | D40: =ROUND('Anexo 10'!D40*'Anexo 3'!$D$10,0) -> 0 | E40: =ROUND('Anexo 10'!E40*'Anexo 3'!$D$10,0) -> 0 | F40: =ROUND('Anexo 10'!F40*'Anexo 3'!$D$10,0) -> 0 | G40: =ROUND('Anexo 10'!G40*'Anexo 3'!$D$10,0) -> 0 | H40: =ROUND('Anexo 10'!H40*'Anexo 3'!$D$10,0) -> 0 | I40: =ROUND('Anexo 10'!I40*'Anexo 3'!$D$10,0) -> 0 | J40: =ROUND('Anexo 10'!J40*'Anexo 3'!$D$10,0) -> 0 | ... Z40: =ROUND('Anexo 10'!Z40*'Anexo 3'!$D$10,0) -> 0 | AA40: =SUM(C40:Z40) -> 0 | AB40: 5
B41: F | C41: =ROUND('Anexo 10'!C41*'Anexo 3'!$D$10,0) -> 0 | D41: =ROUND('Anexo 10'!D41*'Anexo 3'!$D$10,0) -> 0 | E41: =ROUND('Anexo 10'!E41*'Anexo 3'!$D$10,0) -> 0 | F41: =ROUND('Anexo 10'!F41*'Anexo 3'!$D$10,0) -> 0 | G41: =ROUND('Anexo 10'!G41*'Anexo 3'!$D$10,0) -> 0 | H41: =ROUND('Anexo 10'!H41*'Anexo 3'!$D$10,0) -> 0 | I41: =ROUND('Anexo 10'!I41*'Anexo 3'!$D$10,0) -> 0 | J41: =ROUND('Anexo 10'!J41*'Anexo 3'!$D$10,0) -> 0 | ... Z41: =ROUND('Anexo 10'!Z41*'Anexo 3'!$D$10,0) -> 0 | AA41: =SUM(C41:Z41) -> 0 | AB41: 7
A42: TOTAL AÑO | C42: =ROUND('Anexo 10'!C42*'Anexo 3'!$D$10,0) -> 0 | D42: =ROUND('Anexo 10'!D42*'Anexo 3'!$D$10,0) -> 0 | E42: =ROUND('Anexo 10'!E42*'Anexo 3'!$D$10,0) -> 0 | F42: =ROUND('Anexo 10'!F42*'Anexo 3'!$D$10,0) -> 0 | G42: =ROUND('Anexo 10'!G42*'Anexo 3'!$D$10,0) -> 0 | H42: =ROUND('Anexo 10'!H42*'Anexo 3'!$D$10,0) -> 0 | I42: =ROUND('Anexo 10'!I42*'Anexo 3'!$D$10,0) -> 0 | J42: =ROUND('Anexo 10'!J42*'Anexo 3'!$D$10,0) -> 0 | ... Z42: =ROUND('Anexo 10'!Z42*'Anexo 3'!$D$10,0) -> 0 | AA42: =+SUM(AA6:AA41) -> 0 | AB42: =+SUM(AB6:AB41) -> 366 | AC42: =+SUM(AC6:AC41) -> 0

Sheet Anexo 4
B3: ANEXO No 4 - PRODUCTO No. 4 - CURVA
B4: PAGUE LO CONTRATADO AÑO 2029
B5: PRECIO OFERTADO EN $ / kWh DE ENERO DE 2025
B8: MES | C8: ENERGIA SOLICITADA kWh/MES | D8: % OFERTADO ANUAL | E8: ENERGIA OFERTADA kWh/MES | F8: PRECIO OFERTADO ANUAL $/kWh
B10: 47119 | C10: =+'Anexo 11'!AC6 -> 32216153 | E10: =+'Cantidades Ofertadas Prod 4'!AC6 -> 0
B11: 47150 | C11: =+'Anexo 11'!AC9 -> 29960912 | E11: =+'Cantidades Ofertadas Prod 4'!AC9 -> 0
B12: 47178 | C12: =+'Anexo 11'!AC12 -> 31831790 | E12: =+'Cantidades Ofertadas Prod 4'!AC12 -> 0
B13: 47209 | C13: =+'Anexo 11'!AC15 -> 29029635 | E13: =+'Cantidades Ofertadas Prod 4'!AC15 -> 0
B14: 47239 | C14: =+'Anexo 11'!AC18 -> 30547117 | E14: =+'Cantidades Ofertadas Prod 4'!AC18 -> 0
B15: 47270 | C15: =+'Anexo 11'!AC21 -> 29817012 | E15: =+'Cantidades Ofertadas Prod 4'!AC21 -> 0
B16: 47300 | C16: =+'Anexo 11'!AC24 -> 32045472 | E16: =+'Cantidades Ofertadas Prod 4'!AC24 -> 0
B17: 47331 | C17: =+'Anexo 11'!AC27 -> 33327487 | E17: =+'Cantidades Ofertadas Prod 4'!AC27 -> 0
B18: 47362 | C18: =+'Anexo 11'!AC30 -> 33440500 | E18: =+'Cantidades Ofertadas Prod 4'!AC30 -> 0
B19: 47392 | C19: =+'Anexo 11'!AC33 -> 32138826 | E19: =+'Cantidades Ofertadas Prod 4'!AC33 -> 0
B20: 47423 | C20: =+'Anexo 11'!AC36 -> 29806394 | E20: =+'Cantidades Ofertadas Prod 4'!AC36 -> 0
B21: 47453 | C21: =+'Anexo 11'!AC39 -> 33338048 | E21: =+'Cantidades Ofertadas Prod 4'!AC39 -> 0
B22: TOTAL | C22: =+SUM(C10:C21) -> 377499346 | E22: =SUM(E10:E21) -> 0 | F22: =+F10 -> 0
B23: *Solo se debe ingresar valores en las celdas en color Naranja
B24: * Se debe ofertar un unico % para todos los meses del año.
B25: * Los % ofertados se aplicaran a las curvas de carga de la hoja "Anexo 11".
B26: * La energia ofertada se calcula de manera automatica en la hoja "Cantidades Ofertadas Prod4"
B27: * Se debe ofertar un unico precio por producto.
B28: * Para este producto solo se reciben ofertas siguiendo la curva.
B33: ____________________________________________
B34: Firma del Representante Legal
B35: o Apoderado General (Responsable del negocio)
H36: =+C36-G36 -> 0
H37: =+C37-G37 -> 0

Sheet Anexo 4A
B3: ANEXO No 4A - PRODUCTO No. 4 - OFERTA PLANA
B4: PAGUE LO CONTRATADO AÑO 2029
B5: PRECIO OFERTADO EN $ / kWh DE ENERO DE 2025
B8: MES | C8: ENERGIA MAXIMA A OFERTAR kWh/MES | D8: kWh OFERTADO | E8: ENERGIA OFERTADA kWh/MES | F8: PRECIO OFERTADO ANUAL $/kWh
A9: 20000
A10: 31 | B10: 47119 | C10: =+$A$9*A10*24 -> 14880000 | D10: 20000 | E10: =+$D$10*A10*24 -> 14880000
A11: 28 | B11: 47150 | C11: =+$A$9*A11*24 -> 13440000 | E11: =+$D$10*A11*24 -> 13440000
A12: 31 | B12: 47178 | C12: =+$A$9*A12*24 -> 14880000 | E12: =+$D$10*A12*24 -> 14880000
A13: 30 | B13: 47209 | C13: =+$A$9*A13*24 -> 14400000 | E13: =+$D$10*A13*24 -> 14400000
A14: 31 | B14: 47239 | C14: =+$A$9*A14*24 -> 14880000 | E14: =+$D$10*A14*24 -> 14880000
A15: 30 | B15: 47270 | C15: =+$A$9*A15*24 -> 14400000 | E15: =+$D$10*A15*24 -> 14400000
A16: 31 | B16: 47300 | C16: =+$A$9*A16*24 -> 14880000 | E16: =+$D$10*A16*24 -> 14880000
A17: 31 | B17: 47331 | C17: =+$A$9*A17*24 -> 14880000 | E17: =+$D$10*A17*24 -> 14880000
A18: 30 | B18: 47362 | C18: =+$A$9*A18*24 -> 14400000 | E18: =+$D$10*A18*24 -> 14400000
A19: 31 | B19: 47392 | C19: =+$A$9*A19*24 -> 14880000 | E19: =+$D$10*A19*24 -> 14880000
A20: 30 | B20: 47423 | C20: =+$A$9*A20*24 -> 14400000 | E20: =+$D$10*A20*24 -> 14400000
A21: 31 | B21: 47453 | C21: =+$A$9*A21*24 -> 14880000 | E21: =+$D$10*A21*24 -> 14880000
B22: TOTAL | C22: =+SUM(C10:C21) -> 175200000 | E22: =SUM(E10:E21) -> 175200000 | F22: =+F10 -> 0
B23: *Solo se debe ingresar valores en las celdas en color Naranja
B24: * Se debe oferta un valor de kWh el cual se aplica para todas las horas del año, con un tope horario de 30.000 kWh
B25: * Se debe ofertar un unico precio por producto.
B26: * A las ofertas planas al momento de la evaluación se le adicionarán 5 $/kWh al precio ofertado; con el fin de hacerlas comparables con las Ofertas que siguen la curva
B30: ____________________________________________
B31: Firma del Representante Legal
B32: o Apoderado General (Responsable del negocio)
H33: =+C33-G33 -> 0
H34: =+C34-G34 -> 0

Sheet Anexo 11
A1: CURVAS REQUERIDAS PRODUCTO 4 AÑO 2029 MODALIDAD PAGUE LO CONTRATADO - kWh
A4: Periodo | B4: Tipo de día | C4: H01 | D4: H02 | E4: H03 | F4: H04 | G4: H05 | H4: H06 | I4: H07 | J4: H08 | K4: H09 | L4: H10 | M4: H11 | N4: H12 | O4: H13 | P4: H14 | Q4: H15 | R4: H16 | S4: H17 | T4: H18 | U4: H19 | V4: H20 | W4: H21 | X4: H22 | Y4: H23 | Z4: H24 | AA4: TOTAL DÍA | AB4: Días/ | AC4: TOTAL MES
AB5: mes
A6: 47119 | B6: O | C6: 27534 | D6: 23846 | E6: 21586 | F6: 20406 | G6: 21152 | H6: 24333 | I6: 27315 | J6: 29038 | K6: 35911 | L6: 41044 | M6: 46279 | N6: 51379 | O6: 50817 | P6: 51013 | Q6: 52427 | R6: 52713 | S6: 51571 | T6: 64608 | U6: 70841 | V6: 75820 | W6: 72167 | X6: 65929 | Y6: 55849 | Z6: 45607 | AA6: =SUM(C6:Z6) -> 1079185 | AB6: 21 | AC6: =+AA6*AB6+AA7*AB7+AA8*AB8 -> 32216153
B7: S | C7: 28656 | D7: 24486 | E7: 21921 | F7: 20287 | G7: 20311 | H7: 22198 | I7: 24307 | J7: 26016 | K7: 33663 | L7: 39387 | M7: 43572 | N7: 47912 | O7: 48489 | P7: 47664 | Q7: 46767 | R7: 46401 | S7: 45872 | T7: 61046 | U7: 68862 | V7: 74190 | W7: 70078 | X7: 64080 | Y7: 55759 | Z7: 47432 | AA7: =SUM(C7:Z7) -> 1029356 | AB7: 4
B8: F | C8: 31165 | D8: 26724 | E8: 23915 | F8: 21824 | G8: 20800 | H8: 21213 | I8: 20444 | J8: 19186 | K8: 24974 | L8: 30053 | M8: 33779 | N8: 37706 | O8: 40160 | P8: 39974 | Q8: 38594 | R8: 37789 | S8: 37426 | T8: 53042 | U8: 61450 | V8: 67395 | W8: 64826 | X8: 59433 | Y8: 51235 | Z8: 42867 | AA8: =SUM(C8:Z8) -> 905974 | AB8: 6
A9: 47150 | B9: O | C9: 27648 | D9: 24065 | E9: 22026 | F9: 21003 | G9: 22081 | H9: 26934 | I9: 30811 | J9: 31235 | K9: 37458 | L9: 41944 | M9: 46795 | N9: 51458 | O9: 49866 | P9: 50587 | Q9: 52636 | R9: 52936 | S9: 51935 | T9: 64450 | U9: 69114 | V9: 75693 | W9: 72237 | X9: 65668 | Y9: 55468 | Z9: 45230 | AA9: =SUM(C9:Z9) -> 1089278 | AB9: 20 | AC9: =+AA9*AB9+AA10*AB10+AA11*AB11 -> 29960912
B10: S | C10: 29833 | D10: 25892 | E10: 23370 | F10: 21891 | G10: 21996 | H10: 23865 | I10: 26999 | J10: 28613 | K10: 36650 | L10: 42061 | M10: 46330 | N10: 50698 | O10: 50978 | P10: 49883 | Q10: 48936 | R10: 48399 | S10: 47804 | T10: 62752 | U10: 68898 | V10: 75527 | W10: 71538 | X10: 66007 | Y10: 58276 | Z10: 49483 | AA10: =SUM(C10:Z10) -> 1076679 | AB10: 4
B11: F | C11: 32398 | D11: 27999 | E11: 25338 | F11: 23319 | G11: 22640 | H11: 23172 | I11: 23337 | J11: 22751 | K11: 29240 | L11: 34566 | M11: 37964 | N11: 41321 | O11: 43821 | P11: 43157 | Q11: 41564 | R11: 40500 | S11: 40135 | T11: 55819 | U11: 62405 | V11: 69849 | W11: 67510 | X11: 61907 | Y11: 52814 | Z11: 43633 | AA11: =SUM(C11:Z11) -> 967159 | AB11: 4
A12: 47178 | B12: O | C12: 26801 | D12: 23399 | E12: 21547 | F12: 20586 | G12: 21796 | H12: 26695 | I12: 30104 | J12: 30950 | K12: 36977 | L12: 41350 | M12: 45894 | N12: 50150 | O12: 48560 | P12: 49009 | Q12: 50852 | R12: 51117 | S12: 50247 | T12: 63501 | U12: 69429 | V12: 75087 | W12: 71514 | X12: 64810 | Y12: 54608 | Z12: 44531 | AA12: =SUM(C12:Z12) -> 1069514 | AB12: 19 | AC12: =+AA12*AB12+AA13*AB13+AA14*AB14 -> 31831790
B13: S | C13: 28634 | D13: 24667 | E13: 22610 | F13: 21444 | G13: 21414 | H13: 23515 | I13: 25181 | J13: 27507 | K13: 34929 | L13: 40250 | M13: 44401 | N13: 47898 | O13: 47822 | P13: 46559 | Q13: 45663 | R13: 45008 | S13: 44031 | T13: 59292 | U13: 66299 | V13: 71529 | W13: 67806 | X13: 62574 | Y13: 54847 | Z13: 47021 | AA13: =SUM(C13:Z13) -> 1020901 | AB13: 5
B14: F | C14: 30346 | D14: 26101 | E14: 23635 | F14: 21940 | G14: 21034 | H14: 21849 | I14: 21463 | J14: 21174 | K14: 27043 | L14: 31646 | M14: 34842 | N14: 38634 | O14: 40971 | P14: 40353 | Q14: 38656 | R14: 37994 | S14: 37568 | T14: 53334 | U14: 60982 | V14: 67271 | W14: 64731 | X14: 59563 | Y14: 51066 | Z14: 43021 | AA14: =SUM(C14:Z14) -> 915217 | AB14: 7
A15: 47209 | B15: O | C15: 24491 | D15: 21334 | E15: 19367 | F15: 18511 | G15: 19485 | H15: 23408 | I15: 26326 | J15: 27458 | K15: 33368 | L15: 37930 | M15: 42589 | N15: 46990 | O15: 45490 | P15: 46011 | Q15: 47779 | R15: 47959 | S15: 46933 | T15: 60488 | U15: 67357 | V15: 71416 | W15: 68106 | X15: 61518 | Y15: 51486 | Z15: 41833 | AA15: =SUM(C15:Z15) -> 997633 | AB15: 21 | AC15: =+AA15*AB15+AA16*AB16+AA17*AB17 -> 29029635
B16: S | C16: 25351 | D16: 21758 | E16: 19309 | F16: 17912 | G16: 18077 | H16: 19548 | I16: 21351 | J16: 23870 | K16: 31150 | L16: 36574 | M16: 40375 | N16: 44896 | O16: 45176 | P16: 44219 | Q16: 43331 | R16: 42742 | S16: 42561 | T16: 58022 | U16: 65794 | V16: 69996 | W16: 66041 | X16: 60551 | Y16: 52930 | Z16: 44904 | AA16: =SUM(C16:Z16) -> 956438 | AB16: 4
B17: F | C17: 27819 | D17: 23891 | E17: 21170 | F17: 19378 | G17: 18566 | H17: 18337 | I17: 18654 | J17: 18832 | K17: 24450 | L17: 29379 | M17: 32777 | N17: 36338 | O17: 38391 | P17: 37833 | Q17: 36014 | R17: 35297 | S17: 34850 | T17: 50678 | U17: 59010 | V17: 63950 | W17: 61207 | X17: 55970 | Y17: 48073 | Z17: 39854 | AA17: =SUM(C17:Z17) -> 850718 | AB17: 5
A18: 47239 | B18: O | C18: 24820 | D18: 21498 | E18: 19609 | F18: 18681 | G18: 19704 | H18: 23005 | I18: 26562 | J18: 27943 | K18: 33945 | L18: 38581 | M18: 43261 | N18: 47782 | O18: 46555 | P18: 46650 | Q18: 47988 | R18: 48130 | S18: 47125 | T18: 60985 | U18: 68330 | V18: 72368 | W18: 68580 | X18: 61976 | Y18: 51742 | Z18: 42271 | AA18: =SUM(C18:Z18) -> 1008091 | AB18: 21 | AC18: =+AA18*AB18+AA19*AB19+AA20*AB20 -> 30547117
B19: S | C19: 27233 | D19: 23600 | E19: 21389 | F19: 20105 | G19: 20219 | H19: 20986 | I19: 23891 | J19: 26379 | K19: 33890 | L19: 39699 | M19: 43402 | N19: 46994 | O19: 46980 | P19: 45597 | Q19: 44183 | R19: 43284 | S19: 42761 | T19: 58541 | U19: 67398 | V19: 70577 | W19: 66710 | X19: 61015 | Y19: 53153 | Z19: 45330 | AA19: =SUM(C19:Z19) -> 993316 | AB19: 4
B20: F | C20: 27928 | D20: 24044 | E20: 21563 | F20: 20000 | G20: 19424 | H20: 18652 | I20: 19549 | J20: 20338 | K20: 26277 | L20: 31650 | M20: 35188 | N20: 39108 | O20: 40788 | P20: 40586 | Q20: 38587 | R20: 41812 | S20: 37265 | T20: 53293 | U20: 62120 | V20: 67105 | W20: 64267 | X20: 58713 | Y20: 50455 | Z20: 41945 | AA20: =SUM(C20:Z20) -> 900657 | AB20: 6
A21: 47270 | B21: O | C21: 24239 | D21: 20852 | E21: 19161 | F21: 18242 | G21: 19149 | H21: 22046 | I21: 25661 | J21: 27268 | K21: 33431 | L21: 37974 | M21: 42752 | N21: 47331 | O21: 46020 | P21: 46030 | Q21: 47704 | R21: 47798 | S21: 46795 | T21: 60478 | U21: 66665 | V21: 71856 | W21: 68258 | X21: 61618 | Y21: 51185 | Z21: 41594 | AA21: =SUM(C21:Z21) -> 994107 | AB21: 19 | AC21: =+AA21*AB21+AA22*AB22+AA23*AB23 -> 29817012
B22: S | C22: 28066 | D22: 24061 | E22: 21796 | F22: 20484 | G22: 20392 | H22: 21156 | I22: 23623 | J22: 25855 | K22: 33838 | L22: 39181 | M22: 43401 | N22: 47058 | O22: 47428 | P22: 46700 | Q22: 45938 | R22: 45951 | S22: 45493 | T22: 61339 | U22: 69166 | V22: 73612 | W22: 69406 | X22: 63787 | Y22: 55695 | Z22: 47189 | AA22: =SUM(C22:Z22) -> 1020615 | AB22: 5
B23: F | C23: 30754 | D23: 26659 | E23: 24275 | F23: 22621 | G23: 22231 | H23: 22287 | I23: 22541 | J23: 23648 | K23: 30012 | L23: 34702 | M23: 38626 | N23: 42524 | O23: 43667 | P23: 43259 | Q23: 41941 | R23: 41390 | S23: 40963 | T23: 56646 | U23: 64626 | V23: 70349 | W23: 67579 | X23: 61837 | Y23: 53166 | Z23: 44681 | AA23: =SUM(C23:Z23) -> 970984 | AB23: 6
A24: 47300 | B24: O | C24: 27824 | D24: 24216 | E24: 22122 | F24: 20949 | G24: 21778 | H24: 24597 | I24: 27366 | J24: 29777 | K24: 36453 | L24: 41634 | M24: 46653 | N24: 51224 | O24: 49754 | P24: 50079 | Q24: 51787 | R24: 51998 | S24: 50606 | T24: 63388 | U24: 68700 | V24: 74885 | W24: 71671 | X24: 65335 | Y24: 54961 | Z24: 45390 | AA24: =SUM(C24:Z24) -> 1073147 | AB24: 20 | AC24: =+AA24*AB24+AA25*AB25+AA26*AB26 -> 32045472
B25: S | C25: 26369 | D25: 22379 | E25: 20292 | F25: 18943 | G25: 18943 | H25: 19974 | I25: 22530 | J25: 26329 | K25: 34252 | L25: 39478 | M25: 43681 | N25: 47264 | O25: 47138 | P25: 45812 | Q25: 44634 | R25: 44097 | S25: 43410 | T25: 58932 | U25: 64950 | V25: 70791 | W25: 66933 | X25: 61865 | Y25: 53971 | Z25: 46186 | AA25: =SUM(C25:Z25) -> 989153 | AB25: 4
B26: F | C26: 31033 | D26: 26972 | E26: 24224 | F26: 22496 | G26: 21871 | H26: 21777 | I26: 21725 | J26: 22355 | K26: 28654 | L26: 33947 | M26: 37645 | N26: 41281 | O26: 43125 | P26: 42332 | Q26: 40538 | R26: 39668 | S26: 38974 | T26: 54641 | U26: 61121 | V26: 68502 | W26: 66122 | X26: 60910 | Y26: 52426 | Z26: 44221 | AA26: =SUM(C26:Z26) -> 946560 | AB26: 7
A27: 47331 | B27: O | C27: 28385 | D27: 24987 | E27: 23130 | F27: 21976 | G27: 22883 | H27: 26682 | I27: 29819 | J27: 31492 | K27: 37909 | L27: 42763 | M27: 47842 | N27: 52497 | O27: 51139 | P27: 52062 | Q27: 53901 | R27: 54066 | S27: 52582 | T27: 65308 | U27: 71570 | V27: 76826 | W27: 73258 | X27: 66541 | Y27: 55998 | Z27: 46573 | AA27: =SUM(C27:Z27) -> 1110189 | AB27: 21 | AC27: =+AA27*AB27+AA28*AB28+AA29*AB29 -> 33327487
B28: S | C28: 30478 | D28: 26907 | E28: 24584 | F28: 22827 | G28: 22580 | H28: 23983 | I28: 25302 | J28: 28642 | K28: 36532 | L28: 41980 | M28: 46606 | N28: 50222 | O28: 50304 | P28: 49454 | Q28: 48526 | R28: 48067 | S28: 46895 | T28: 61959 | U28: 69557 | V28: 73834 | W28: 69950 | X28: 64678 | Y28: 57060 | Z28: 48937 | AA28: =SUM(C28:Z28) -> 1069864 | AB28: 4
B29: F | C29: 31847 | D29: 27687 | E29: 24921 | F29: 23143 | G29: 22514 | H29: 22612 | I29: 22153 | J29: 23112 | K29: 29277 | L29: 34275 | M29: 37854 | N29: 41631 | O29: 43711 | P29: 43027 | Q29: 40895 | R29: 39539 | S29: 39080 | T29: 54549 | U29: 62452 | V29: 68834 | W29: 66069 | X29: 60564 | Y29: 52191 | Z29: 43740 | AA29: =SUM(C29:Z29) -> 955677 | AB29: 6
A30: 47362 | B30: O | C30: 30371 | D30: 26697 | E30: 24412 | F30: 23363 | G30: 24127 | H30: 27755 | I30: 31047 | J30: 33008 | K30: 39366 | L30: 44595 | M30: 49816 | N30: 54703 | O30: 53334 | P30: 54144 | Q30: 56393 | R30: 57018 | S30: 55594 | T30: 68456 | U30: 76859 | V30: 78845 | W30: 75047 | X30: 68228 | Y30: 57421 | Z30: 47977 | AA30: =SUM(C30:Z30) -> 1158576 | AB30: 20 | AC30: =+AA30*AB30+AA31*AB31+AA32*AB32 -> 33440500
B31: S | C31: 32168 | D31: 27776 | E31: 25407 | F31: 24077 | G31: 23956 | H31: 24215 | I31: 26797 | J31: 30674 | K31: 38849 | L31: 44560 | M31: 48994 | N31: 52759 | O31: 52552 | P31: 51526 | Q31: 50519 | R31: 49844 | S31: 49240 | T31: 64945 | U31: 73834 | V31: 75486 | W31: 71050 | X31: 65648 | Y31: 57797 | Z31: 49657 | AA31: =SUM(C31:Z31) -> 1112330 | AB31: 5
B32: F | C32: 32373 | D32: 28327 | E32: 25649 | F32: 23597 | G32: 22502 | H32: 21616 | I32: 21436 | J32: 22139 | K32: 28210 | L32: 33111 | M32: 36480 | N32: 39809 | O32: 41847 | P32: 41409 | Q32: 39670 | R32: 39114 | S32: 38635 | T32: 54375 | U32: 64427 | V32: 67463 | W32: 64949 | X32: 59610 | Y32: 51410 | Z32: 43308 | AA32: =SUM(C32:Z32) -> 941466 | AB32: 5
A33: 47392 | B33: O | C33: 26597 | D33: 23285 | E33: 21422 | F33: 20368 | G33: 21332 | H33: 24285 | I33: 27689 | J33: 29073 | K33: 35065 | L33: 39657 | M33: 44442 | N33: 49114 | O33: 47828 | P33: 48485 | Q33: 50529 | R33: 51018 | S33: 50007 | T33: 65171 | U33: 74612 | V33: 73925 | W33: 69566 | X33: 62742 | Y33: 52714 | Z33: 43899 | AA33: =SUM(C33:Z33) -> 1052825 | AB33: 22 | AC33: =+AA33*AB33+AA34*AB34+AA35*AB35 -> 32138826
B34: S | C34: 30787 | D34: 27036 | E34: 24713 | F34: 23158 | G34: 23354 | H34: 24111 | I34: 27209 | J34: 30371 | K34: 38089 | L34: 43473 | M34: 48013 | N34: 51894 | O34: 52208 | P34: 51306 | Q34: 50355 | R34: 49686 | S34: 48911 | T34: 66727 | U34: 77844 | V34: 77412 | W34: 72976 | X34: 66580 | Y34: 58865 | Z34: 50191 | AA34: =SUM(C34:Z34) -> 1115269 | AB34: 4
B35: F | C35: 29392 | D35: 25511 | E35: 22727 | F35: 20811 | G35: 20086 | H35: 19216 | I35: 19741 | J35: 20137 | K35: 25920 | L35: 31071 | M35: 34660 | N35: 38342 | O35: 40503 | P35: 39881 | Q35: 38449 | R35: 37902 | S35: 37548 | T35: 55163 | U35: 65900 | V35: 66551 | W35: 63651 | X35: 58111 | Y35: 49945 | Z35: 41902 | AA35: =SUM(C35:Z35) -> 903120 | AB35: 5
A36: 47423 | B36: O | C36: 25291 | D36: 21981 | E36: 20124 | F36: 19258 | G36: 20385 | H36: 23776 | I36: 27602 | J36: 29201 | K36: 35136 | L36: 39674 | M36: 44570 | N36: 49389 | O36: 47719 | P36: 47847 | Q36: 49980 | R36: 49673 | S36: 48894 | T36: 64958 | U36: 75080 | V36: 74302 | W36: 69953 | X36: 62635 | Y36: 52147 | Z36: 42891 | AA36: =SUM(C36:Z36) -> 1042466 | AB36: 20 | AC36: =+AA36*AB36+AA37*AB37+AA38*AB38 -> 29806394
B37: S | C37: 26529 | D37: 23055 | E37: 20904 | F37: 19488 | G37: 19664 | H37: 20158 | I37: 22605 | J37: 25028 | K37: 32480 | L37: 37687 | M37: 41699 | N37: 45543 | O37: 45377 | P37: 43699 | Q37: 43355 | R37: 43110 | S37: 42790 | T37: 60761 | U37: 71819 | V37: 71415 | W37: 67080 | X37: 61487 | Y37: 53300 | Z37: 45037 | AA37: =SUM(C37:Z37) -> 984070 | AB37: 4
B38: F | C38: 25823 | D38: 22187 | E38: 19637 | F38: 17753 | G38: 17480 | H38: 16771 | I38: 17412 | J38: 18032 | K38: 23778 | L38: 28728 | M38: 32197 | N38: 35916 | O38: 37839 | P38: 37257 | Q38: 35464 | R38: 34235 | S38: 34099 | T38: 51868 | U38: 63075 | V38: 64053 | W38: 61219 | X38: 55667 | Y38: 47228 | Z38: 39081 | AA38: =SUM(C38:Z38) -> 836799 | AB38: 6
A39: 47453 | B39: O | C39: 30256 | D39: 26236 | E39: 23920 | F39: 22652 | G39: 23360 | H39: 25765 | I39: 28210 | J39: 31331 | K39: 38420 | L39: 43623 | M39: 48377 | N39: 53358 | O39: 52657 | P39: 52620 | Q39: 54017 | R39: 53800 | S39: 52328 | T39: 66673 | U39: 76423 | V39: 77644 | W39: 73641 | X39: 67456 | Y39: 58039 | Z39: 49157 | AA39: =SUM(C39:Z39) -> 1129963 | AB39: 20 | AC39: =+AA39*AB39+AA40*AB40+AA41*AB41 -> 33338048
B40: S | C40: 29753 | D40: 25969 | E40: 23723 | F40: 22116 | G40: 22117 | H40: 23392 | I40: 24725 | J40: 27191 | K40: 34375 | L40: 39198 | M40: 43168 | N40: 46430 | O40: 46479 | P40: 45131 | Q40: 44408 | R40: 43518 | S40: 42958 | T40: 59582 | U40: 70242 | V40: 70921 | W40: 66917 | X40: 61476 | Y40: 53810 | Z40: 46688 | AA40: =SUM(C40:Z40) -> 1014287 | AB40: 4
B41: F | C41: 32459 | D41: 28389 | E41: 25474 | F41: 23423 | G41: 22583 | H41: 22173 | I41: 21630 | J41: 21637 | K41: 27407 | L41: 32460 | M41: 36280 | N41: 39863 | O41: 41892 | P41: 41949 | Q41: 40738 | R41: 39990 | S41: 39679 | T41: 56304 | U41: 67121 | V41: 69051 | W41: 65810 | X41: 60438 | Y41: 52771 | Z41: 44999 | AA41: =SUM(C41:Z41) -> 954520 | AB41: 7
A42: TOTAL AÑO | C42: =+SUM(C6:C41) -> 1031451 | D42: =+SUM(D6:D41) -> 894473 | E42: =+SUM(E6:E41) -> 810972 | F42: =+SUM(F6:F41) -> 759032 | G42: =+SUM(G6:G41) -> 761986 | H42: =+SUM(H6:H41) -> 816057 | I42: =+SUM(I6:I41) -> 883117 | J42: =+SUM(J6:J41) -> 937590 | ... AC42: =+SUM(AC6:AC41) -> 377499346

Sheet Cantidades Ofertadas Prod 4
A1: CANTIDADES OFERTADAS PRODUCTO 4 AÑO 2029 MODALIDAD PAGUE LO CONTRATADO - kWh
A4: Periodo | B4: Tipo de día | C4: H01 | D4: H02 | E4: H03 | F4: H04 | G4: H05 | H4: H06 | I4: H07 | J4: H08 | K4: H09 | L4: H10 | M4: H11 | N4: H12 | O4: H13 | P4: H14 | Q4: H15 | R4: H16 | S4: H17 | T4: H18 | U4: H19 | V4: H20 | W4: H21 | X4: H22 | Y4: H23 | Z4: H24 | AA4: TOTAL DÍA | AB4: Días/ | AC4: TOTAL MES
AB5: mes
A6: 47119 | B6: O | C6: =ROUND('Anexo 11'!C6*'Anexo 4'!$D$10,0) -> 0 | D6: =ROUND('Anexo 11'!D6*'Anexo 4'!$D$10,0) -> 0 | E6: =ROUND('Anexo 11'!E6*'Anexo 4'!$D$10,0) -> 0 | F6: =ROUND('Anexo 11'!F6*'Anexo 4'!$D$10,0) -> 0 | G6: =ROUND('Anexo 11'!G6*'Anexo 4'!$D$10,0) -> 0 | H6: =ROUND('Anexo 11'!H6*'Anexo 4'!$D$10,0) -> 0 | I6: =ROUND('Anexo 11'!I6*'Anexo 4'!$D$10,0) -> 0 | J6: =ROUND('Anexo 11'!J6*'Anexo 4'!$D$10,0) -> 0 | ... Z6: =ROUND('Anexo 11'!Z6*'Anexo 4'!$D$10,0) -> 0 | AA6: =SUM(C6:Z6) -> 0 | AB6: 21 | AC6: =+AA6*AB6+AA7*AB7+AA8*AB8 -> 0
B7: S | C7: =ROUND('Anexo 11'!C7*'Anexo 4'!$D$10,0) -> 0 | D7: =ROUND('Anexo 11'!D7*'Anexo 4'!$D$10,0) -> 0 | E7: =ROUND('Anexo 11'!E7*'Anexo 4'!$D$10,0) -> 0 | F7: =ROUND('Anexo 11'!F7*'Anexo 4'!$D$10,0) -> 0 | G7: =ROUND('Anexo 11'!G7*'Anexo 4'!$D$10,0) -> 0 | H7: =ROUND('Anexo 11'!H7*'Anexo 4'!$D$10,0) -> 0 | I7: =ROUND('Anexo 11'!I7*'Anexo 4'!$D$10,0) -> 0 | J7: =ROUND('Anexo 11'!J7*'Anexo 4'!$D$10,0) -> 0 | ... Z7: =ROUND('Anexo 11'!Z7*'Anexo 4'!$D$10,0) -> 0 | AA7: =SUM(C7:Z7) -> 0 | AB7: 4
B8: F | C8: =ROUND('Anexo 11'!C8*'Anexo 4'!$D$10,0) -> 0 | D8: =ROUND('Anexo 11'!D8*'Anexo 4'!$D$10,0) -> 0 | E8: =ROUND('Anexo 11'!E8*'Anexo 4'!$D$10,0) -> 0 | F8: =ROUND('Anexo 11'!F8*'Anexo 4'!$D$10,0) -> 0 | G8: =ROUND('Anexo 11'!G8*'Anexo 4'!$D$10,0) -> 0 | H8: =ROUND('Anexo 11'!H8*'Anexo 4'!$D$10,0) -> 0 | I8: =ROUND('Anexo 11'!I8*'Anexo 4'!$D$10,0) -> 0 | J8: =ROUND('Anexo 11'!J8*'Anexo 4'!$D$10,0) -> 0 | ... Z8: =ROUND('Anexo 11'!Z8*'Anexo 4'!$D$10,0) -> 0 | AA8: =SUM(C8:Z8) -> 0 | AB8: 6
A9: 47150 | B9: O | C9: =ROUND('Anexo 11'!C9*'Anexo 4'!$D$10,0) -> 0 | D9: =ROUND('Anexo 11'!D9*'Anexo 4'!$D$10,0) -> 0 | E9: =ROUND('Anexo 11'!E9*'Anexo 4'!$D$10,0) -> 0 | F9: =ROUND('Anexo 11'!F9*'Anexo 4'!$D$10,0) -> 0 | G9: =ROUND('Anexo 11'!G9*'Anexo 4'!$D$10,0) -> 0 | H9: =ROUND('Anexo 11'!H9*'Anexo 4'!$D$10,0) -> 0 | I9: =ROUND('Anexo 11'!I9*'Anexo 4'!$D$10,0) -> 0 | J9: =ROUND('Anexo 11'!J9*'Anexo 4'!$D$10,0) -> 0 | ... Z9: =ROUND('Anexo 11'!Z9*'Anexo 4'!$D$10,0) -> 0 | AA9: =SUM(C9:Z9) -> 0 | AB9: 20 | AC9: =+AA9*AB9+AA10*AB10+AA11*AB11 -> 0
B10: S | C10: =ROUND('Anexo 11'!C10*'Anexo 4'!$D$10,0) -> 0 | D10: =ROUND('Anexo 11'!D10*'Anexo 4'!$D$10,0) -> 0 | E10: =ROUND('Anexo 11'!E10*'Anexo 4'!$D$10,0) -> 0 | F10: =ROUND('Anexo 11'!F10*'Anexo 4'!$D$10,0) -> 0 | G10: =ROUND('Anexo 11'!G10*'Anexo 4'!$D$10,0) -> 0 | H10: =ROUND('Anexo 11'!H10*'Anexo 4'!$D$10,0) -> 0 | I10: =ROUND('Anexo 11'!I10*'Anexo 4'!$D$10,0) -> 0 | J10: =ROUND('Anexo 11'!J10*'Anexo 4'!$D$10,0) -> 0 | ... Z10: =ROUND('Anexo 11'!Z10*'Anexo 4'!$D$10,0) -> 0 | AA10: =SUM(C10:Z10) -> 0 | AB10: 4
B11: F | C11: =ROUND('Anexo 11'!C11*'Anexo 4'!$D$10,0) -> 0 | D11: =ROUND('Anexo 11'!D11*'Anexo 4'!$D$10,0) -> 0 | E11: =ROUND('Anexo 11'!E11*'Anexo 4'!$D$10,0) -> 0 | F11: =ROUND('Anexo 11'!F11*'Anexo 4'!$D$10,0) -> 0 | G11: =ROUND('Anexo 11'!G11*'Anexo 4'!$D$10,0) -> 0 | H11: =ROUND('Anexo 11'!H11*'Anexo 4'!$D$10,0) -> 0 | I11: =ROUND('Anexo 11'!I11*'Anexo 4'!$D$10,0) -> 0 | J11: =ROUND('Anexo 11'!J11*'Anexo 4'!$D$10,0) -> 0 | ... Z11: =ROUND('Anexo 11'!Z11*'Anexo 4'!$D$10,0) -> 0 | AA11: =SUM(C11:Z11) -> 0 | AB11: 4
A12: 47178 | B12: O | C12: =ROUND('Anexo 11'!C12*'Anexo 4'!$D$10,0) -> 0 | D12: =ROUND('Anexo 11'!D12*'Anexo 4'!$D$10,0) -> 0 | E12: =ROUND('Anexo 11'!E12*'Anexo 4'!$D$10,0) -> 0 | F12: =ROUND('Anexo 11'!F12*'Anexo 4'!$D$10,0) -> 0 | G12: =ROUND('Anexo 11'!G12*'Anexo 4'!$D$10,0) -> 0 | H12: =ROUND('Anexo 11'!H12*'Anexo 4'!$D$10,0) -> 0 | I12: =ROUND('Anexo 11'!I12*'Anexo 4'!$D$10,0) -> 0 | J12: =ROUND('Anexo 11'!J12*'Anexo 4'!$D$10,0) -> 0 | ... Z12: =ROUND('Anexo 11'!Z12*'Anexo 4'!$D$10,0) -> 0 | AA12: =SUM(C12:Z12) -> 0 | AB12: 19 | AC12: =+AA12*AB12+AA13*AB13+AA14*AB14 -> 0
B13: S | C13: =ROUND('Anexo 11'!C13*'Anexo 4'!$D$10,0) -> 0 | D13: =ROUND('Anexo 11'!D13*'Anexo 4'!$D$10,0) -> 0 | E13: =ROUND('Anexo 11'!E13*'Anexo 4'!$D$10,0) -> 0 | F13: =ROUND('Anexo 11'!F13*'Anexo 4'!$D$10,0) -> 0 | G13: =ROUND('Anexo 11'!G13*'Anexo 4'!$D$10,0) -> 0 | H13: =ROUND('Anexo 11'!H13*'Anexo 4'!$D$10,0) -> 0 | I13: =ROUND('Anexo 11'!I13*'Anexo 4'!$D$10,0) -> 0 | J13: =ROUND('Anexo 11'!J13*'Anexo 4'!$D$10,0) -> 0 | ... Z13: =ROUND('Anexo 11'!Z13*'Anexo 4'!$D$10,0) -> 0 | AA13: =SUM(C13:Z13) -> 0 | AB13: 5
B14: F | C14: =ROUND('Anexo 11'!C14*'Anexo 4'!$D$10,0) -> 0 | D14: =ROUND('Anexo 11'!D14*'Anexo 4'!$D$10,0) -> 0 | E14: =ROUND('Anexo 11'!E14*'Anexo 4'!$D$10,0) -> 0 | F14: =ROUND('Anexo 11'!F14*'Anexo 4'!$D$10,0) -> 0 | G14: =ROUND('Anexo 11'!G14*'Anexo 4'!$D$10,0) -> 0 | H14: =ROUND('Anexo 11'!H14*'Anexo 4'!$D$10,0) -> 0 | I14: =ROUND('Anexo 11'!I14*'Anexo 4'!$D$10,0) -> 0 | J14: =ROUND('Anexo 11'!J14*'Anexo 4'!$D$10,0) -> 0 | ... Z14: =ROUND('Anexo 11'!Z14*'Anexo 4'!$D$10,0) -> 0 | AA14: =SUM(C14:Z14) -> 0 | AB14: 7
A15: 47209 | B15: O | C15: =ROUND('Anexo 11'!C15*'Anexo 4'!$D$10,0) -> 0 | D15: =ROUND('Anexo 11'!D15*'Anexo 4'!$D$10,0) -> 0 | E15: =ROUND('Anexo 11'!E15*'Anexo 4'!$D$10,0) -> 0 | F15: =ROUND('Anexo 11'!F15*'Anexo 4'!$D$10,0) -> 0 | G15: =ROUND('Anexo 11'!G15*'Anexo 4'!$D$10,0) -> 0 | H15: =ROUND('Anexo 11'!H15*'Anexo 4'!$D$10,0) -> 0 | I15: =ROUND('Anexo 11'!I15*'Anexo 4'!$D$10,0) -> 0 | J15: =ROUND('Anexo 11'!J15*'Anexo 4'!$D$10,0) -> 0 | ... Z15: =ROUND('Anexo 11'!Z15*'Anexo 4'!$D$10,0) -> 0 | AA15: =SUM(C15:Z15) -> 0 | AB15: 21 | AC15: =+AA15*AB15+AA16*AB16+AA17*AB17 -> 0
B16: S | C16: =ROUND('Anexo 11'!C16*'Anexo 4'!$D$10,0) -> 0 | D16: =ROUND('Anexo 11'!D16*'Anexo 4'!$D$10,0) -> 0 | E16: =ROUND('Anexo 11'!E16*'Anexo 4'!$D$10,0) -> 0 | F16: =ROUND('Anexo 11'!F16*'Anexo 4'!$D$10,0) -> 0 | G16: =ROUND('Anexo 11'!G16*'Anexo 4'!$D$10,0) -> 0 | H16: =ROUND('Anexo 11'!H16*'Anexo 4'!$D$10,0) -> 0 | I16: =ROUND('Anexo 11'!I16*'Anexo 4'!$D$10,0) -> 0 | J16: =ROUND('Anexo 11'!J16*'Anexo 4'!$D$10,0) -> 0 | ... Z16: =ROUND('Anexo 11'!Z16*'Anexo 4'!$D$10,0) -> 0 | AA16: =SUM(C16:Z16) -> 0 | AB16: 4
B17: F | C17: =ROUND('Anexo 11'!C17*'Anexo 4'!$D$10,0) -> 0 | D17: =ROUND('Anexo 11'!D17*'Anexo 4'!$D$10,0) -> 0 | E17: =ROUND('Anexo 11'!E17*'Anexo 4'!$D$10,0) -> 0 | F17: =ROUND('Anexo 11'!F17*'Anexo 4'!$D$10,0) -> 0 | G17: =ROUND('Anexo 11'!G17*'Anexo 4'!$D$10,0) -> 0 | H17: =ROUND('Anexo 11'!H17*'Anexo 4'!$D$10,0) -> 0 | I17: =ROUND('Anexo 11'!I17*'Anexo 4'!$D$10,0) -> 0 | J17: =ROUND('Anexo 11'!J17*'Anexo 4'!$D$10,0) -> 0 | ... Z17: =ROUND('Anexo 11'!Z17*'Anexo 4'!$D$10,0) -> 0 | AA17: =SUM(C17:Z17) -> 0 | AB17: 5
A18: 47239 | B18: O | C18: =ROUND('Anexo 11'!C18*'Anexo 4'!$D$10,0) -> 0 | D18: =ROUND('Anexo 11'!D18*'Anexo 4'!$D$10,0) -> 0 | E18: =ROUND('Anexo 11'!E18*'Anexo 4'!$D$10,0) -> 0 | F18: =ROUND('Anexo 11'!F18*'Anexo 4'!$D$10,0) -> 0 | G18: =ROUND('Anexo 11'!G18*'Anexo 4'!$D$10,0) -> 0 | H18: =ROUND('Anexo 11'!H18*'Anexo 4'!$D$10,0) -> 0 | I18: =ROUND('Anexo 11'!I18*'Anexo 4'!$D$10,0) -> 0 | J18: =ROUND('Anexo 11'!J18*'Anexo 4'!$D$10,0) -> 0 | ... Z18: =ROUND('Anexo 11'!Z18*'Anexo 4'!$D$10,0) -> 0 | AA18: =SUM(C18:Z18) -> 0 | AB18: 21 | AC18: =+AA18*AB18+AA19*AB19+AA20*AB20 -> 0
B19: S | C19: =ROUND('Anexo 11'!C19*'Anexo 4'!$D$10,0) -> 0 | D19: =ROUND('Anexo 11'!D19*'Anexo 4'!$D$10,0) -> 0 | E19: =ROUND('Anexo 11'!E19*'Anexo 4'!$D$10,0) -> 0 | F19: =ROUND('Anexo 11'!F19*'Anexo 4'!$D$10,0) -> 0 | G19: =ROUND('Anexo 11'!G19*'Anexo 4'!$D$10,0) -> 0 | H19: =ROUND('Anexo 11'!H19*'Anexo 4'!$D$10,0) -> 0 | I19: =ROUND('Anexo 11'!I19*'Anexo 4'!$D$10,0) -> 0 | J19: =ROUND('Anexo 11'!J19*'Anexo 4'!$D$10,0) -> 0 | ... Z19: =ROUND('Anexo 11'!Z19*'Anexo 4'!$D$10,0) -> 0 | AA19: =SUM(C19:Z19) -> 0 | AB19: 4
B20: F | C20: =ROUND('Anexo 11'!C20*'Anexo 4'!$D$10,0) -> 0 | D20: =ROUND('Anexo 11'!D20*'Anexo 4'!$D$10,0) -> 0 | E20: =ROUND('Anexo 11'!E20*'Anexo 4'!$D$10,0) -> 0 | F20: =ROUND('Anexo 11'!F20*'Anexo 4'!$D$10,0) -> 0 | G20: =ROUND('Anexo 11'!G20*'Anexo 4'!$D$10,0) -> 0 | H20: =ROUND('Anexo 11'!H20*'Anexo 4'!$D$10,0) -> 0 | I20: =ROUND('Anexo 11'!I20*'Anexo 4'!$D$10,0) -> 0 | J20: =ROUND('Anexo 11'!J20*'Anexo 4'!$D$10,0) -> 0 | ... Z20: =ROUND('Anexo 11'!Z20*'Anexo 4'!$D$10,0) -> 0 | AA20: =SUM(C20:Z20) -> 0 | AB20: 6
A21: 47270 | B21: O | C21: =ROUND('Anexo 11'!C21*'Anexo 4'!$D$10,0) -> 0 | D21: =ROUND('Anexo 11'!D21*'Anexo 4'!$D$10,0) -> 0 | E21: =ROUND('Anexo 11'!E21*'Anexo 4'!$D$10,0) -> 0 | F21: =ROUND('Anexo 11'!F21*'Anexo 4'!$D$10,0) -> 0 | G21: =ROUND('Anexo 11'!G21*'Anexo 4'!$D$10,0) -> 0 | H21: =ROUND('Anexo 11'!H21*'Anexo 4'!$D$10,0) -> 0 | I21: =ROUND('Anexo 11'!I21*'Anexo 4'!$D$10,0) -> 0 | J21: =ROUND('Anexo 11'!J21*'Anexo 4'!$D$10,0) -> 0 | ... Z21: =ROUND('Anexo 11'!Z21*'Anexo 4'!$D$10,0) -> 0 | AA21: =SUM(C21:Z21) -> 0 | AB21: 19 | AC21: =+AA21*AB21+AA22*AB22+AA23*AB23 -> 0
B22: S | C22: =ROUND('Anexo 11'!C22*'Anexo 4'!$D$10,0) -> 0 | D22: =ROUND('Anexo 11'!D22*'Anexo 4'!$D$10,0) -> 0 | E22: =ROUND('Anexo 11'!E22*'Anexo 4'!$D$10,0) -> 0 | F22: =ROUND('Anexo 11'!F22*'Anexo 4'!$D$10,0) -> 0 | G22: =ROUND('Anexo 11'!G22*'Anexo 4'!$D$10,0) -> 0 | H22: =ROUND('Anexo 11'!H22*'Anexo 4'!$D$10,0) -> 0 | I22: =ROUND('Anexo 11'!I22*'Anexo 4'!$D$10,0) -> 0 | J22: =ROUND('Anexo 11'!J22*'Anexo 4'!$D$10,0) -> 0 | ... Z22: =ROUND('Anexo 11'!Z22*'Anexo 4'!$D$10,0) -> 0 | AA22: =SUM(C22:Z22) -> 0 | AB22: 5
B23: F | C23: =ROUND('Anexo 11'!C23*'Anexo 4'!$D$10,0) -> 0 | D23: =ROUND('Anexo 11'!D23*'Anexo 4'!$D$10,0) -> 0 | E23: =ROUND('Anexo 11'!E23*'Anexo 4'!$D$10,0) -> 0 | F23: =ROUND('Anexo 11'!F23*'Anexo 4'!$D$10,0) -> 0 | G23: =ROUND('Anexo 11'!G23*'Anexo 4'!$D$10,0) -> 0 | H23: =ROUND('Anexo 11'!H23*'Anexo 4'!$D$10,0) -> 0 | I23: =ROUND('Anexo 11'!I23*'Anexo 4'!$D$10,0) -> 0 | J23: =ROUND('Anexo 11'!J23*'Anexo 4'!$D$10,0) -> 0 | ... Z23: =ROUND('Anexo 11'!Z23*'Anexo 4'!$D$10,0) -> 0 | AA23: =SUM(C23:Z23) -> 0 | AB23: 6
A24: 47300 | B24: O | C24: =ROUND('Anexo 11'!C24*'Anexo 4'!$D$10,0) -> 0 | D24: =ROUND('Anexo 11'!D24*'Anexo 4'!$D$10,0) -> 0 | E24: =ROUND('Anexo 11'!E24*'Anexo 4'!$D$10,0) -> 0 | F24: =ROUND('Anexo 11'!F24*'Anexo 4'!$D$10,0) -> 0 | G24: =ROUND('Anexo 11'!G24*'Anexo 4'!$D$10,0) -> 0 | H24: =ROUND('Anexo 11'!H24*'Anexo 4'!$D$10,0) -> 0 | I24: =ROUND('Anexo 11'!I24*'Anexo 4'!$D$10,0) -> 0 | J24: =ROUND('Anexo 11'!J24*'Anexo 4'!$D$10,0) -> 0 | ... Z24: =ROUND('Anexo 11'!Z24*'Anexo 4'!$D$10,0) -> 0 | AA24: =SUM(C24:Z24) -> 0 | AB24: 20 | AC24: =+AA24*AB24+AA25*AB25+AA26*AB26 -> 0
B25: S | C25: =ROUND('Anexo 11'!C25*'Anexo 4'!$D$10,0) -> 0 | D25: =ROUND('Anexo 11'!D25*'Anexo 4'!$D$10,0) -> 0 | E25: =ROUND('Anexo 11'!E25*'Anexo 4'!$D$10,0) -> 0 | F25: =ROUND('Anexo 11'!F25*'Anexo 4'!$D$10,0) -> 0 | G25: =ROUND('Anexo 11'!G25*'Anexo 4'!$D$10,0) -> 0 | H25: =ROUND('Anexo 11'!H25*'Anexo 4'!$D$10,0) -> 0 | I25: =ROUND('Anexo 11'!I25*'Anexo 4'!$D$10,0) -> 0 | J25: =ROUND('Anexo 11'!J25*'Anexo 4'!$D$10,0) -> 0 | ... Z25: =ROUND('Anexo 11'!Z25*'Anexo 4'!$D$10,0) -> 0 | AA25: =SUM(C25:Z25) -> 0 | AB25: 4
B26: F | C26: =ROUND('Anexo 11'!C26*'Anexo 4'!$D$10,0) -> 0 | D26: =ROUND('Anexo 11'!D26*'Anexo 4'!$D$10,0) -> 0 | E26: =ROUND('Anexo 11'!E26*'Anexo 4'!$D$10,0) -> 0 | F26: =ROUND('Anexo 11'!F26*'Anexo 4'!$D$10,0) -> 0 | G26: =ROUND('Anexo 11'!G26*'Anexo 4'!$D$10,0) -> 0 | H26: =ROUND('Anexo 11'!H26*'Anexo 4'!$D$10,0) -> 0 | I26: =ROUND('Anexo 11'!I26*'Anexo 4'!$D$10,0) -> 0 | J26: =ROUND('Anexo 11'!J26*'Anexo 4'!$D$10,0) -> 0 | ... Z26: =ROUND('Anexo 11'!Z26*'Anexo 4'!$D$10,0) -> 0 | AA26: =SUM(C26:Z26) -> 0 | AB26: 7
A27: 47331 | B27: O | C27: =ROUND('Anexo 11'!C27*'Anexo 4'!$D$10,0) -> 0 | D27: =ROUND('Anexo 11'!D27*'Anexo 4'!$D$10,0) -> 0 | E27: =ROUND('Anexo 11'!E27*'Anexo 4'!$D$10,0) -> 0 | F27: =ROUND('Anexo 11'!F27*'Anexo 4'!$D$10,0) -> 0 | G27: =ROUND('Anexo 11'!G27*'Anexo 4'!$D$10,0) -> 0 | H27: =ROUND('Anexo 11'!H27*'Anexo 4'!$D$10,0) -> 0 | I27: =ROUND('Anexo 11'!I27*'Anexo 4'!$D$10,0) -> 0 | J27: =ROUND('Anexo 11'!J27*'Anexo 4'!$D$10,0) -> 0 | ... Z27: =ROUND('Anexo 11'!Z27*'Anexo 4'!$D$10,0) -> 0 | AA27: =SUM(C27:Z27) -> 0 | AB27: 21 | AC27: =+AA27*AB27+AA28*AB28+AA29*AB29 -> 0
B28: S | C28: =ROUND('Anexo 11'!C28*'Anexo 4'!$D$10,0) -> 0 | D28: =ROUND('Anexo 11'!D28*'Anexo 4'!$D$10,0) -> 0 | E28: =ROUND('Anexo 11'!E28*'Anexo 4'!$D$10,0) -> 0 | F28: =ROUND('Anexo 11'!F28*'Anexo 4'!$D$10,0) -> 0 | G28: =ROUND('Anexo 11'!G28*'Anexo 4'!$D$10,0) -> 0 | H28: =ROUND('Anexo 11'!H28*'Anexo 4'!$D$10,0) -> 0 | I28: =ROUND('Anexo 11'!I28*'Anexo 4'!$D$10,0) -> 0 | J28: =ROUND('Anexo 11'!J28*'Anexo 4'!$D$10,0) -> 0 | ... Z28: =ROUND('Anexo 11'!Z28*'Anexo 4'!$D$10,0) -> 0 | AA28: =SUM(C28:Z28) -> 0 | AB28: 4
B29: F | C29: =ROUND('Anexo 11'!C29*'Anexo 4'!$D$10,0) -> 0 | D29: =ROUND('Anexo 11'!D29*'Anexo 4'!$D$10,0) -> 0 | E29: =ROUND('Anexo 11'!E29*'Anexo 4'!$D$10,0) -> 0 | F29: =ROUND('Anexo 11'!F29*'Anexo 4'!$D$10,0) -> 0 | G29: =ROUND('Anexo 11'!G29*'Anexo 4'!$D$10,0) -> 0 | H29: =ROUND('Anexo 11'!H29*'Anexo 4'!$D$10,0) -> 0 | I29: =ROUND('Anexo 11'!I29*'Anexo 4'!$D$10,0) -> 0 | J29: =ROUND('Anexo 11'!J29*'Anexo 4'!$D$10,0) -> 0 | ... Z29: =ROUND('Anexo 11'!Z29*'Anexo 4'!$D$10,0) -> 0 | AA29: =SUM(C29:Z29) -> 0 | AB29: 6
A30: 47362 | B30: O | C30: =ROUND('Anexo 11'!C30*'Anexo 4'!$D$10,0) -> 0 | D30: =ROUND('Anexo 11'!D30*'Anexo 4'!$D$10,0) -> 0 | E30: =ROUND('Anexo 11'!E30*'Anexo 4'!$D$10,0) -> 0 | F30: =ROUND('Anexo 11'!F30*'Anexo 4'!$D$10,0) -> 0 | G30: =ROUND('Anexo 11'!G30*'Anexo 4'!$D$10,0) -> 0 | H30: =ROUND('Anexo 11'!H30*'Anexo 4'!$D$10,0) -> 0 | I30: =ROUND('Anexo 11'!I30*'Anexo 4'!$D$10,0) -> 0 | J30: =ROUND('Anexo 11'!J30*'Anexo 4'!$D$10,0) -> 0 | ... Z30: =ROUND('Anexo 11'!Z30*'Anexo 4'!$D$10,0) -> 0 | AA30: =SUM(C30:Z30) -> 0 | AB30: 20 | AC30: =+AA30*AB30+AA31*AB31+AA32*AB32 -> 0
B31: S | C31: =ROUND('Anexo 11'!C31*'Anexo 4'!$D$10,0) -> 0 | D31: =ROUND('Anexo 11'!D31*'Anexo 4'!$D$10,0) -> 0 | E31: =ROUND('Anexo 11'!E31*'Anexo 4'!$D$10,0) -> 0 | F31: =ROUND('Anexo 11'!F31*'Anexo 4'!$D$10,0) -> 0 | G31: =ROUND('Anexo 11'!G31*'Anexo 4'!$D$10,0) -> 0 | H31: =ROUND('Anexo 11'!H31*'Anexo 4'!$D$10,0) -> 0 | I31: =ROUND('Anexo 11'!I31*'Anexo 4'!$D$10,0) -> 0 | J31: =ROUND('Anexo 11'!J31*'Anexo 4'!$D$10,0) -> 0 | ... Z31: =ROUND('Anexo 11'!Z31*'Anexo 4'!$D$10,0) -> 0 | AA31: =SUM(C31:Z31) -> 0 | AB31: 5
B32: F | C32: =ROUND('Anexo 11'!C32*'Anexo 4'!$D$10,0) -> 0 | D32: =ROUND('Anexo 11'!D32*'Anexo 4'!$D$10,0) -> 0 | E32: =ROUND('Anexo 11'!E32*'Anexo 4'!$D$10,0) -> 0 | F32: =ROUND('Anexo 11'!F32*'Anexo 4'!$D$10,0) -> 0 | G32: =ROUND('Anexo 11'!G32*'Anexo 4'!$D$10,0) -> 0 | H32: =ROUND('Anexo 11'!H32*'Anexo 4'!$D$10,0) -> 0 | I32: =ROUND('Anexo 11'!I32*'Anexo 4'!$D$10,0) -> 0 | J32: =ROUND('Anexo 11'!J32*'Anexo 4'!$D$10,0) -> 0 | ... Z32: =ROUND('Anexo 11'!Z32*'Anexo 4'!$D$10,0) -> 0 | AA32: =SUM(C32:Z32) -> 0 | AB32: 5
A33: 47392 | B33: O | C33: =ROUND('Anexo 11'!C33*'Anexo 4'!$D$10,0) -> 0 | D33: =ROUND('Anexo 11'!D33*'Anexo 4'!$D$10,0) -> 0 | E33: =ROUND('Anexo 11'!E33*'Anexo 4'!$D$10,0) -> 0 | F33: =ROUND('Anexo 11'!F33*'Anexo 4'!$D$10,0) -> 0 | G33: =ROUND('Anexo 11'!G33*'Anexo 4'!$D$10,0) -> 0 | H33: =ROUND('Anexo 11'!H33*'Anexo 4'!$D$10,0) -> 0 | I33: =ROUND('Anexo 11'!I33*'Anexo 4'!$D$10,0) -> 0 | J33: =ROUND('Anexo 11'!J33*'Anexo 4'!$D$10,0) -> 0 | ... Z33: =ROUND('Anexo 11'!Z33*'Anexo 4'!$D$10,0) -> 0 | AA33: =SUM(C33:Z33) -> 0 | AB33: 22 | AC33: =+AA33*AB33+AA34*AB34+AA35*AB35 -> 0
B34: S | C34: =ROUND('Anexo 11'!C34*'Anexo 4'!$D$10,0) -> 0 | D34: =ROUND('Anexo 11'!D34*'Anexo 4'!$D$10,0) -> 0 | E34: =ROUND('Anexo 11'!E34*'Anexo 4'!$D$10,0) -> 0 | F34: =ROUND('Anexo 11'!F34*'Anexo 4'!$D$10,0) -> 0 | G34: =ROUND('Anexo 11'!G34*'Anexo 4'!$D$10,0) -> 0 | H34: =ROUND('Anexo 11'!H34*'Anexo 4'!$D$10,0) -> 0 | I34: =ROUND('Anexo 11'!I34*'Anexo 4'!$D$10,0) -> 0 | J34: =ROUND('Anexo 11'!J34*'Anexo 4'!$D$10,0) -> 0 | ... Z34: =ROUND('Anexo 11'!Z34*'Anexo 4'!$D$10,0) -> 0 | AA34: =SUM(C34:Z34) -> 0 | AB34: 4
B35: F | C35: =ROUND('Anexo 11'!C35*'Anexo 4'!$D$10,0) -> 0 | D35: =ROUND('Anexo 11'!D35*'Anexo 4'!$D$10,0) -> 0 | E35: =ROUND('Anexo 11'!E35*'Anexo 4'!$D$10,0) -> 0 | F35: =ROUND('Anexo 11'!F35*'Anexo 4'!$D$10,0) -> 0 | G35: =ROUND('Anexo 11'!G35*'Anexo 4'!$D$10,0) -> 0 | H35: =ROUND('Anexo 11'!H35*'Anexo 4'!$D$10,0) -> 0 | I35: =ROUND('Anexo 11'!I35*'Anexo 4'!$D$10,0) -> 0 | J35: =ROUND('Anexo 11'!J35*'Anexo 4'!$D$10,0) -> 0 | ... Z35: =ROUND('Anexo 11'!Z35*'Anexo 4'!$D$10,0) -> 0 | AA35: =SUM(C35:Z35) -> 0 | AB35: 5
A36: 47423 | B36: O | C36: =ROUND('Anexo 11'!C36*'Anexo 4'!$D$10,0) -> 0 | D36: =ROUND('Anexo 11'!D36*'Anexo 4'!$D$10,0) -> 0 | E36: =ROUND('Anexo 11'!E36*'Anexo 4'!$D$10,0) -> 0 | F36: =ROUND('Anexo 11'!F36*'Anexo 4'!$D$10,0) -> 0 | G36: =ROUND('Anexo 11'!G36*'Anexo 4'!$D$10,0) -> 0 | H36: =ROUND('Anexo 11'!H36*'Anexo 4'!$D$10,0) -> 0 | I36: =ROUND('Anexo 11'!I36*'Anexo 4'!$D$10,0) -> 0 | J36: =ROUND('Anexo 11'!J36*'Anexo 4'!$D$10,0) -> 0 | ... Z36: =ROUND('Anexo 11'!Z36*'Anexo 4'!$D$10,0) -> 0 | AA36: =SUM(C36:Z36) -> 0 | AB36: 20 | AC36: =+AA36*AB36+AA37*AB37+AA38*AB38 -> 0
B37: S | C37: =ROUND('Anexo 11'!C37*'Anexo 4'!$D$10,0) -> 0 | D37: =ROUND('Anexo 11'!D37*'Anexo 4'!$D$10,0) -> 0 | E37: =ROUND('Anexo 11'!E37*'Anexo 4'!$D$10,0) -> 0 | F37: =ROUND('Anexo 11'!F37*'Anexo 4'!$D$10,0) -> 0 | G37: =ROUND('Anexo 11'!G37*'Anexo 4'!$D$10,0) -> 0 | H37: =ROUND('Anexo 11'!H37*'Anexo 4'!$D$10,0) -> 0 | I37: =ROUND('Anexo 11'!I37*'Anexo 4'!$D$10,0) -> 0 | J37: =ROUND('Anexo 11'!J37*'Anexo 4'!$D$10,0) -> 0 | ... Z37: =ROUND('Anexo 11'!Z37*'Anexo 4'!$D$10,0) -> 0 | AA37: =SUM(C37:Z37) -> 0 | AB37: 4
B38: F | C38: =ROUND('Anexo 11'!C38*'Anexo 4'!$D$10,0) -> 0 | D38: =ROUND('Anexo 11'!D38*'Anexo 4'!$D$10,0) -> 0 | E38: =ROUND('Anexo 11'!E38*'Anexo 4'!$D$10,0) -> 0 | F38: =ROUND('Anexo 11'!F38*'Anexo 4'!$D$10,0) -> 0 | G38: =ROUND('Anexo 11'!G38*'Anexo 4'!$D$10,0) -> 0 | H38: =ROUND('Anexo 11'!H38*'Anexo 4'!$D$10,0) -> 0 | I38: =ROUND('Anexo 11'!I38*'Anexo 4'!$D$10,0) -> 0 | J38: =ROUND('Anexo 11'!J38*'Anexo 4'!$D$10,0) -> 0 | ... Z38: =ROUND('Anexo 11'!Z38*'Anexo 4'!$D$10,0) -> 0 | AA38: =SUM(C38:Z38) -> 0 | AB38: 6
A39: 47453 | B39: O | C39: =ROUND('Anexo 11'!C39*'Anexo 4'!$D$10,0) -> 0 | D39: =ROUND('Anexo 11'!D39*'Anexo 4'!$D$10,0) -> 0 | E39: =ROUND('Anexo 11'!E39*'Anexo 4'!$D$10,0) -> 0 | F39: =ROUND('Anexo 11'!F39*'Anexo 4'!$D$10,0) -> 0 | G39: =ROUND('Anexo 11'!G39*'Anexo 4'!$D$10,0) -> 0 | H39: =ROUND('Anexo 11'!H39*'Anexo 4'!$D$10,0) -> 0 | I39: =ROUND('Anexo 11'!I39*'Anexo 4'!$D$10,0) -> 0 | J39: =ROUND('Anexo 11'!J39*'Anexo 4'!$D$10,0) -> 0 | ... Z39: =ROUND('Anexo 11'!Z39*'Anexo 4'!$D$10,0) -> 0 | AA39: =SUM(C39:Z39) -> 0 | AB39: 20 | AC39: =+AA39*AB39+AA40*AB40+AA41*AB41 -> 0
B40: S | C40: =ROUND('Anexo 11'!C40*'Anexo 4'!$D$10,0) -> 0 | D40: =ROUND('Anexo 11'!D40*'Anexo 4'!$D$10,0) -> 0 | E40: =ROUND('Anexo 11'!E40*'Anexo 4'!$D$10,0) -> 0 | F40: =ROUND('Anexo 11'!F40*'Anexo 4'!$D$10,0) -> 0 | G40: =ROUND('Anexo 11'!G40*'Anexo 4'!$D$10,0) -> 0 | H40: =ROUND('Anexo 11'!H40*'Anexo 4'!$D$10,0) -> 0 | I40: =ROUND('Anexo 11'!I40*'Anexo 4'!$D$10,0) -> 0 | J40: =ROUND('Anexo 11'!J40*'Anexo 4'!$D$10,0) -> 0 | ... Z40: =ROUND('Anexo 11'!Z40*'Anexo 4'!$D$10,0) -> 0 | AA40: =SUM(C40:Z40) -> 0 | AB40: 4
B41: F | C41: =ROUND('Anexo 11'!C41*'Anexo 4'!$D$10,0) -> 0 | D41: =ROUND('Anexo 11'!D41*'Anexo 4'!$D$10,0) -> 0 | E41: =ROUND('Anexo 11'!E41*'Anexo 4'!$D$10,0) -> 0 | F41: =ROUND('Anexo 11'!F41*'Anexo 4'!$D$10,0) -> 0 | G41: =ROUND('Anexo 11'!G41*'Anexo 4'!$D$10,0) -> 0 | H41: =ROUND('Anexo 11'!H41*'Anexo 4'!$D$10,0) -> 0 | I41: =ROUND('Anexo 11'!I41*'Anexo 4'!$D$10,0) -> 0 | J41: =ROUND('Anexo 11'!J41*'Anexo 4'!$D$10,0) -> 0 | ... Z41: =ROUND('Anexo 11'!Z41*'Anexo 4'!$D$10,0) -> 0 | AA41: =SUM(C41:Z41) -> 0 | AB41: 7
A42: TOTAL AÑO | C42: =ROUND('Anexo 10'!C42*'Anexo 3'!$D$10,0) -> 0 | D42: =ROUND('Anexo 10'!D42*'Anexo 3'!$D$10,0) -> 0 | E42: =ROUND('Anexo 10'!E42*'Anexo 3'!$D$10,0) -> 0 | F42: =ROUND('Anexo 10'!F42*'Anexo 3'!$D$10,0) -> 0 | G42: =ROUND('Anexo 10'!G42*'Anexo 3'!$D$10,0) -> 0 | H42: =ROUND('Anexo 10'!H42*'Anexo 3'!$D$10,0) -> 0 | I42: =ROUND('Anexo 10'!I42*'Anexo 3'!$D$10,0) -> 0 | J42: =ROUND('Anexo 10'!J42*'Anexo 3'!$D$10,0) -> 0 | ... Z42: =ROUND('Anexo 10'!Z42*'Anexo 3'!$D$10,0) -> 0 | AA42: =+SUM(AA6:AA41) -> 0 | AB42: =+SUM(AB6:AB41) -> 365 | AC42: =+SUM(AC6:AC41) -> 0

Sheet Anexo 5
B3: ANEXO No 5 - PRODUCTO No. 5 CURVA
B4: PAGUE LO CONTRATADO AÑO 2030
B5: PRECIO OFERTADO EN $ / kWh DE ENERO DE 2025
B8: MES | C8: ENERGIA SOLICITADA kWh/MES | D8: % OFERTADO ANUAL | E8: ENERGIA OFERTADA kWh/MES | F8: PRECIO OFERTADO ANUAL $/kWh
A10: 31 | B10: 47484 | C10: =+'Anexo 12'!AC6 -> 44870367 | E10: =+'Cantidades Ofertadas Prod 5'!AC6 -> 0
A11: 29 | B11: 47515 | C11: =+'Anexo 12'!AC9 -> 41246296 | E11: =+'Cantidades Ofertadas Prod 5'!AC9 -> 0
A12: 31 | B12: 47543 | C12: =+'Anexo 12'!AC12 -> 44307539 | E12: =+'Cantidades Ofertadas Prod 5'!AC12 -> 0
A13: 30 | B13: 47574 | C13: =+'Anexo 12'!AC15 -> 41015990 | E13: =+'Cantidades Ofertadas Prod 5'!AC15 -> 0
A14: 31 | B14: 47604 | C14: =+'Anexo 12'!AC18 -> 43313823 | E14: =+'Cantidades Ofertadas Prod 5'!AC18 -> 0
A15: 30 | B15: 47635 | C15: =+'Anexo 12'!AC21 -> 41564362 | E15: =+'Cantidades Ofertadas Prod 5'!AC21 -> 0
A16: 31 | B16: 47665 | C16: =+'Anexo 12'!AC24 -> 44855576 | E16: =+'Cantidades Ofertadas Prod 5'!AC24 -> 0
A17: 31 | B17: 47696 | C17: =+'Anexo 12'!AC27 -> 45957986 | E17: =+'Cantidades Ofertadas Prod 5'!AC27 -> 0
A18: 30 | B18: 47727 | C18: =+'Anexo 12'!AC30 -> 45619149 | E18: =+'Cantidades Ofertadas Prod 5'!AC30 -> 0
A19: 31 | B19: 47757 | C19: =+'Anexo 12'!AC33 -> 44418452 | E19: =+'Cantidades Ofertadas Prod 5'!AC33 -> 0
A20: 30 | B20: 47788 | C20: =+'Anexo 12'!AC36 -> 41542151 | E20: =+'Cantidades Ofertadas Prod 5'!AC36 -> 0
A21: 31 | B21: 47818 | C21: =+'Anexo 12'!AC39 -> 45850786 | E21: =+'Cantidades Ofertadas Prod 5'!AC39 -> 0
B22: TOTAL | C22: =+SUM(C10:C21) -> 524562477 | E22: =SUM(E10:E21) -> 0 | F22: =+F10 -> 0
B24: *Solo se debe ingresar valores en las celdas en color Naranja
B25: * Se debe ofertar un unico % para todos los meses del año.
B26: * Los % ofertados se aplicaran a las curvas de carga de la hoja "Anexo 12".
B27: * La energia ofertada se calcula de manera automatica en la hoja "Cantidades Ofertadas Prod5"
B28: * Se debe ofertar un unico precio por producto.
B29: * Para este producto solo se reciben ofertas siguiendo la curva.
H30: =+C30-G30 -> 0
H31: =+C31-G31 -> 0
H32: =+C32-G32 -> 0
B33: ____________________________________________
B34: Firma del Representante Legal
B35: o Apoderado General (Responsable del negocio)

Sheet Anexo 5A
B3: ANEXO No 5A - PRODUCTO No. 5 - OFERTA PLANA
B4: PAGUE LO CONTRATADO AÑO 2030
B5: PRECIO OFERTADO EN $ / kWh DE ENERO DE 2025
B8: MES | C8: ENERGIA MAXIMA A OFERTAR kWh/MES | D8: kWh OFERTADO | E8: ENERGIA OFERTADA kWh/MES | F8: PRECIO OFERTADO ANUAL $/kWh
A9: 20000
A10: 31 | B10: 47484 | C10: =+$A$9*A10*24 -> 14880000 | E10: =+$D$10*A10*24 -> 0
A11: 28 | B11: 47515 | C11: =+$A$9*A11*24 -> 13440000 | E11: =+$D$10*A11*24 -> 0
A12: 31 | B12: 47543 | C12: =+$A$9*A12*24 -> 14880000 | E12: =+$D$10*A12*24 -> 0
A13: 30 | B13: 47574 | C13: =+$A$9*A13*24 -> 14400000 | E13: =+$D$10*A13*24 -> 0
A14: 31 | B14: 47604 | C14: =+$A$9*A14*24 -> 14880000 | E14: =+$D$10*A14*24 -> 0
A15: 30 | B15: 47635 | C15: =+$A$9*A15*24 -> 14400000 | E15: =+$D$10*A15*24 -> 0
A16: 31 | B16: 47665 | C16: =+$A$9*A16*24 -> 14880000 | E16: =+$D$10*A16*24 -> 0
A17: 31 | B17: 47696 | C17: =+$A$9*A17*24 -> 14880000 | E17: =+$D$10*A17*24 -> 0
A18: 30 | B18: 47727 | C18: =+$A$9*A18*24 -> 14400000 | E18: =+$D$10*A18*24 -> 0
A19: 31 | B19: 47757 | C19: =+$A$9*A19*24 -> 14880000 | E19: =+$D$10*A19*24 -> 0
A20: 30 | B20: 47788 | C20: =+$A$9*A20*24 -> 14400000 | E20: =+$D$10*A20*24 -> 0
A21: 31 | B21: 47818 | C21: =+$A$9*A21*24 -> 14880000 | E21: =+$D$10*A21*24 -> 0
B22: TOTAL | C22: =+SUM(C10:C21) -> 175200000 | E22: =SUM(E10:E21) -> 0 | F22: =+F10 -> 0
B23: *Solo se debe ingresar valores en las celdas en color Naranja
B24: * Se debe oferta un valor de kWh el cual se aplica para todas las horas del año, con un tope horario de 20.000 kWh
B25: * Se debe ofertar un unico precio por producto.
B26: * A las ofertas planas al momento de la evaluación se le adicionarán 5 $/kWh al precio ofertado; con el fin de hacerlas comparables con las Ofertas que siguen la curva
B31: ____________________________________________
B32: Firma del Representante Legal
B33: o Apoderado General (Responsable del negocio)

Sheet Anexo 12
A1: CURVAS REQUERIDAS PRODUCTO 5 AÑO 2030 MODALIDAD PAGUE LO CONTRATADO - kWh
A4: Periodo | B4: Tipo de día | C4: H01 | D4: H02 | E4: H03 | F4: H04 | G4: H05 | H4: H06 | I4: H07 | J4: H08 | K4: H09 | L4: H10 | M4: H11 | N4: H12 | O4: H13 | P4: H14 | Q4: H15 | R4: H16 | S4: H17 | T4: H18 | U4: H19 | V4: H20 | W4: H21 | X4: H22 | Y4: H23 | Z4: H24 | AA4: TOTAL DÍA | AB4: Días/ | AC4: TOTAL MES
AB5: mes
A6: 47484 | B6: O | C6: 41614 | D6: 37352 | E6: 34788 | F6: 33464 | G6: 34380 | H6: 38341 | I6: 42107 | J6: 44506 | K6: 52436 | L6: 58444 | M6: 64561 | N6: 70332 | O6: 69353 | P6: 69478 | Q6: 71249 | R6: 71587 | S6: 70347 | T6: 83247 | U6: 90949 | V6: 97363 | W6: 93051 | X6: 85488 | Y6: 73334 | Z6: 61056 | AA6: =SUM(C6:Z6) -> 1488827 | AB6: 21 | AC6: =+AA6*AB6+AA7*AB7+AA8*AB8 -> 44870367
B7: S | C7: 43393 | D7: 38580 | E7: 35643 | F7: 33791 | G7: 33850 | H7: 36067 | I7: 38650 | J7: 41168 | K7: 50032 | L7: 56723 | M7: 61735 | N7: 66692 | O7: 67229 | P7: 66208 | Q7: 65088 | R7: 64542 | S7: 63780 | T7: 78900 | U7: 88556 | V7: 95434 | W7: 90730 | X7: 83720 | Y7: 73771 | Z7: 63801 | AA7: =SUM(C7:Z7) -> 1438083 | AB7: 4
B8: F | C8: 47041 | D8: 41842 | E8: 38393 | F8: 35958 | G8: 34771 | H8: 35237 | I8: 34578 | J8: 33866 | K8: 40610 | L8: 46553 | M8: 50940 | N8: 55506 | O8: 58210 | P8: 57889 | Q8: 56169 | R8: 55178 | S8: 54680 | T8: 70397 | U8: 80929 | V8: 88449 | W8: 85381 | X8: 78825 | Y8: 68715 | Z8: 58661 | AA8: =SUM(C8:Z8) -> 1308778 | AB8: 6
A9: 47515 | B9: O | C9: 41485 | D9: 37415 | E9: 35076 | F9: 33927 | G9: 35256 | H9: 41357 | I9: 46217 | J9: 46845 | K9: 53849 | L9: 59095 | M9: 64827 | N9: 70140 | O9: 68007 | P9: 68819 | Q9: 71286 | R9: 71732 | S9: 70520 | T9: 82937 | U9: 88771 | V9: 97124 | W9: 93008 | X9: 85150 | Y9: 72750 | Z9: 60412 | AA9: =SUM(C9:Z9) -> 1496005 | AB9: 20 | AC9: =+AA9*AB9+AA10*AB10+AA11*AB11 -> 41246296
B10: S | C10: 44210 | D10: 39696 | E10: 36794 | F10: 35128 | G10: 35325 | H10: 37690 | I10: 41476 | J10: 43936 | K10: 53074 | L10: 59438 | M10: 64497 | N10: 69408 | O10: 69544 | P10: 68181 | Q10: 67015 | R10: 66376 | S10: 65500 | T10: 80398 | U10: 88150 | V10: 96550 | W10: 91925 | X10: 85352 | Y10: 75957 | Z10: 65516 | AA10: =SUM(C10:Z10) -> 1481136 | AB10: 4
B11: F | C11: 47157 | D11: 42035 | E11: 38913 | F11: 36569 | G11: 35820 | H11: 36523 | I11: 37084 | J11: 37019 | K11: 44360 | L11: 50370 | M11: 54352 | N11: 58657 | O11: 61069 | P11: 60282 | Q11: 58361 | R11: 57195 | S11: 56608 | T11: 72320 | U11: 80657 | V11: 89936 | W11: 87104 | X11: 80361 | Y11: 69289 | Z11: 58372 | AA11: =SUM(C11:Z11) -> 1350413 | AB11: 4
A12: 47543 | B12: O | C12: 40511 | D12: 36582 | E12: 34407 | F12: 33317 | G12: 34762 | H12: 40795 | I12: 45020 | J12: 46258 | K12: 53037 | L12: 58116 | M12: 63528 | N12: 68409 | O12: 66464 | P12: 66894 | Q12: 69034 | R12: 69382 | S12: 68453 | T12: 81683 | U12: 89023 | V12: 96208 | W12: 91929 | X12: 83874 | Y12: 71623 | Z12: 59529 | AA12: =SUM(C12:Z12) -> 1468838 | AB12: 20 | AC12: =+AA12*AB12+AA13*AB13+AA14*AB14 -> 44307539
B13: S | C13: 42800 | D13: 38262 | E13: 35850 | F13: 34471 | G13: 34553 | H13: 37085 | I13: 39293 | J13: 42505 | K13: 51053 | L13: 57248 | M13: 62169 | N13: 66270 | O13: 66189 | P13: 64726 | Q13: 63632 | R13: 62808 | S13: 61741 | T13: 77033 | U13: 85953 | V13: 92727 | W13: 88299 | X13: 81963 | Y13: 72538 | Z13: 63017 | AA13: =SUM(C13:Z13) -> 1422185 | AB13: 5
B14: F | C14: 45090 | D14: 40097 | E14: 37160 | F14: 35168 | G14: 34341 | H14: 35321 | I14: 35076 | J14: 35420 | K14: 42222 | L14: 47705 | M14: 51528 | N14: 55874 | O14: 58462 | P14: 57738 | Q14: 55753 | R14: 54866 | S14: 54290 | T14: 70221 | U14: 79850 | V14: 87834 | W14: 84756 | X14: 78384 | Y14: 68017 | Z14: 58136 | AA14: =SUM(C14:Z14) -> 1303309 | AB14: 6
A15: 47574 | B15: O | C15: 38385 | D15: 34648 | E15: 32400 | F15: 31355 | G15: 32676 | H15: 37509 | I15: 41067 | J15: 42865 | K15: 49600 | L15: 54876 | M15: 60444 | N15: 65491 | O15: 63687 | P15: 64151 | Q15: 66147 | R15: 66352 | S15: 65314 | T15: 79023 | U15: 87804 | V15: 93025 | W15: 88993 | X15: 80912 | Y15: 68679 | Z15: 56980 | AA15: =SUM(C15:Z15) -> 1402383 | AB15: 20 | AC15: =+AA15*AB15+AA16*AB16+AA17*AB17 -> 41015990
B16: S | C16: 39888 | D16: 35623 | E16: 32880 | F16: 31261 | G16: 31559 | H16: 33387 | I16: 35688 | J16: 39193 | K16: 47556 | L16: 53901 | M16: 58487 | N16: 63692 | O16: 64010 | P16: 62798 | Q16: 61695 | R16: 60936 | S16: 60659 | T16: 76346 | U16: 86331 | V16: 91854 | W16: 87212 | X16: 80477 | Y16: 70991 | Z16: 61311 | AA16: =SUM(C16:Z16) -> 1367735 | AB16: 4
B17: F | C17: 42921 | D17: 38134 | E17: 35037 | F17: 32932 | G17: 32115 | H17: 32007 | I17: 32506 | J17: 33454 | K17: 40006 | L17: 45755 | M17: 49846 | N17: 54018 | O17: 56442 | P17: 55773 | Q17: 53679 | R17: 52692 | S17: 52125 | T17: 68148 | U17: 78813 | V17: 85196 | W17: 81853 | X17: 75337 | Y17: 65360 | Z17: 55416 | AA17: =SUM(C17:Z17) -> 1249565 | AB17: 6
A18: 47604 | B18: O | C18: 38850 | D18: 34965 | E18: 32803 | F18: 31713 | G18: 32995 | H18: 37161 | I18: 41517 | J18: 43673 | K18: 50629 | L18: 56092 | M18: 61586 | N18: 66800 | O18: 65230 | P18: 65210 | Q18: 66783 | R18: 66967 | S18: 65907 | T18: 79886 | U18: 89101 | V18: 94324 | W18: 89792 | X18: 81644 | Y18: 69152 | Z18: 57581 | AA18: =SUM(C18:Z18) -> 1420361 | AB18: 22 | AC18: =+AA18*AB18+AA19*AB19+AA20*AB20 -> 43313823
B19: S | C19: 41495 | D19: 37237 | E19: 34666 | F19: 33150 | G19: 33413 | H19: 34485 | I19: 37976 | J19: 41568 | K19: 50168 | L19: 56814 | M19: 61369 | N19: 65524 | O19: 65538 | P19: 63909 | Q19: 62252 | R19: 61251 | S19: 60524 | T19: 76640 | U19: 87553 | V19: 91978 | W19: 87477 | X19: 80579 | Y19: 70985 | Z19: 61418 | AA19: =SUM(C19:Z19) -> 1397969 | AB19: 4
B20: F | C20: 42783 | D20: 38128 | E20: 35238 | F20: 33315 | G20: 32725 | H20: 31992 | I20: 33309 | J20: 34929 | K20: 41903 | L20: 48097 | M20: 52330 | N20: 56753 | O20: 58694 | P20: 58305 | Q20: 56000 | R20: 58589 | S20: 54377 | T20: 70601 | U20: 81682 | V20: 88121 | W20: 84661 | X20: 77699 | Y20: 67385 | Z20: 57185 | AA20: =SUM(C20:Z20) -> 1294801 | AB20: 5
A21: 47635 | B21: O | C21: 37789 | D21: 33883 | E21: 31888 | F21: 30835 | G21: 31985 | H21: 35550 | I21: 39973 | J21: 42450 | K21: 49620 | L21: 54951 | M21: 60538 | N21: 65787 | O21: 64089 | P21: 64006 | Q21: 65934 | R21: 66073 | S21: 64998 | T21: 78636 | U21: 86131 | V21: 92800 | W21: 88551 | X21: 80584 | Y21: 68100 | Z21: 56486 | AA21: =SUM(C21:Z21) -> 1391637 | AB21: 18 | AC21: =+AA21*AB21+AA22*AB22+AA23*AB23 -> 41564362
B22: S | C22: 41879 | D22: 37326 | E22: 34728 | F22: 33228 | G22: 33287 | H22: 34366 | I22: 37423 | J22: 40778 | K22: 49884 | L22: 56111 | M22: 61056 | N22: 65283 | O22: 65587 | P22: 64596 | Q22: 63599 | R22: 63493 | S22: 62819 | T22: 78738 | U22: 88258 | V22: 94239 | W22: 89499 | X22: 82758 | Y22: 72975 | Z22: 62857 | AA22: =SUM(C22:Z22) -> 1414767 | AB22: 5
B23: F | C23: 45145 | D23: 40326 | E23: 37498 | F23: 35551 | G23: 35153 | H23: 35200 | I23: 35762 | J23: 37619 | K23: 44859 | L23: 50352 | M23: 54941 | N23: 59407 | O23: 60803 | P23: 60226 | Q23: 58562 | R23: 57780 | S23: 57249 | T23: 73126 | U23: 82836 | V23: 90292 | W23: 87031 | X23: 80038 | Y23: 69564 | Z23: 59403 | AA23: =SUM(C23:Z23) -> 1348723 | AB23: 7
A24: 47665 | B24: O | C24: 41737 | D24: 37574 | E24: 35159 | F24: 33834 | G24: 34903 | H24: 38458 | I24: 41980 | J24: 45295 | K24: 53006 | L24: 59065 | M24: 64955 | N24: 70176 | O24: 68336 | P24: 68617 | Q24: 70623 | R24: 70881 | S24: 69358 | T24: 81920 | U24: 88219 | V24: 96249 | W24: 92461 | X24: 84829 | Y24: 72263 | Z24: 60685 | AA24: =SUM(C24:Z24) -> 1480583 | AB24: 22 | AC24: =+AA24*AB24+AA25*AB25+AA26*AB26 -> 44855576
B25: S | C25: 41211 | D25: 36486 | E25: 34052 | F25: 32445 | G25: 32598 | H25: 33960 | I25: 37039 | J25: 42011 | K25: 51184 | L25: 57441 | M25: 62389 | N25: 66540 | O25: 66343 | P25: 64753 | Q25: 63324 | R25: 62604 | S25: 61745 | T25: 77284 | U25: 84755 | V25: 92501 | W25: 88130 | X25: 81913 | Y25: 72212 | Z25: 62610 | AA25: =SUM(C25:Z25) -> 1405530 | AB25: 3
B26: F | C26: 46080 | D26: 41314 | E26: 38143 | F26: 36087 | G26: 35432 | H26: 35419 | I26: 35645 | J26: 37153 | K26: 44478 | L26: 50579 | M26: 55073 | N26: 59215 | O26: 61265 | P26: 60253 | Q26: 58134 | R26: 57049 | S26: 56191 | T26: 71839 | U26: 79837 | V26: 89322 | W26: 86481 | X26: 80081 | Y26: 69606 | Z26: 59684 | AA26: =SUM(C26:Z26) -> 1344360 | AB26: 6
A27: 47696 | B27: O | C27: 42513 | D27: 38558 | E27: 36393 | F27: 35079 | G27: 36229 | H27: 40938 | I27: 44852 | J27: 47343 | K27: 54766 | L27: 60467 | M27: 66464 | N27: 71763 | O27: 69907 | P27: 70825 | Q27: 73015 | R27: 73226 | S27: 71621 | T27: 84086 | U27: 91627 | V27: 98384 | W27: 94215 | X27: 86217 | Y27: 73470 | Z27: 61997 | AA27: =SUM(C27:Z27) -> 1523955 | AB27: 20 | AC27: =+AA27*AB27+AA28*AB28+AA29*AB29 -> 45957986
B28: S | C28: 45022 | D28: 40771 | E28: 38111 | F28: 36146 | G28: 36016 | H28: 37744 | I28: 39631 | J28: 44073 | K28: 53168 | L28: 59512 | M28: 64927 | N28: 69081 | O28: 69104 | P28: 67971 | Q28: 66860 | R28: 66273 | S28: 64898 | T28: 79935 | U28: 89238 | V28: 95147 | W28: 90684 | X28: 84293 | Y28: 74996 | Z28: 65121 | AA28: =SUM(C28:Z28) -> 1478722 | AB28: 5
B29: F | C29: 46615 | D29: 41756 | E29: 38575 | F29: 36521 | G29: 35869 | H29: 36083 | I29: 35831 | J29: 37575 | K29: 44740 | L29: 50634 | M29: 54905 | N29: 59269 | O29: 61535 | P29: 60667 | Q29: 58251 | R29: 56756 | S29: 56107 | T29: 71598 | U29: 81219 | V29: 89362 | W29: 86131 | X29: 79406 | Y29: 69145 | Z29: 58996 | AA29: =SUM(C29:Z29) -> 1347546 | AB29: 6
A30: 47727 | B30: O | C30: 44179 | D30: 40014 | E30: 37421 | F30: 36238 | G30: 37291 | H30: 41751 | I30: 45820 | J30: 48579 | K30: 55934 | L30: 62012 | M30: 68110 | N30: 73683 | O30: 71773 | P30: 72623 | Q30: 75217 | R30: 75891 | S30: 74313 | T30: 87153 | U30: 97434 | V30: 100144 | W30: 95654 | X30: 87498 | Y30: 74522 | Z30: 63077 | AA30: =SUM(C30:Z30) -> 1566331 | AB30: 21 | AC30: =+AA30*AB30+AA31*AB31+AA32*AB32 -> 45619149
B31: S | C31: 46220 | D31: 41251 | E31: 38566 | F31: 37036 | G31: 37081 | H31: 37643 | I31: 40828 | J31: 45958 | K31: 55277 | L31: 61929 | M31: 67125 | N31: 71338 | O31: 71028 | P31: 69708 | Q31: 68477 | R31: 67669 | S31: 66835 | T31: 82752 | U31: 93973 | V31: 96392 | W31: 91267 | X31: 84666 | Y31: 75136 | Z31: 65382 | AA31: =SUM(C31:Z31) -> 1513537 | AB31: 4
B32: F | C32: 47282 | D32: 42560 | E32: 39454 | F32: 37050 | G32: 35910 | H32: 35033 | I32: 35183 | J32: 36824 | K32: 43856 | L32: 49576 | M32: 53610 | N32: 57443 | O32: 59717 | P32: 59112 | Q32: 57100 | R32: 56269 | S32: 55633 | T32: 71514 | U32: 83814 | V32: 87878 | W32: 84864 | X32: 78314 | Y32: 68128 | Z32: 58286 | AA32: =SUM(C32:Z32) -> 1334410 | AB32: 5
A33: 47757 | B33: O | C33: 40070 | D33: 36237 | E33: 34095 | F33: 32936 | G33: 34184 | H33: 37857 | I33: 42117 | J33: 44348 | K33: 51271 | L33: 56687 | M33: 62313 | N33: 67592 | O33: 65785 | P33: 66431 | Q33: 68837 | R33: 69368 | S33: 68249 | T33: 83757 | U33: 95530 | V33: 94942 | W33: 89851 | X33: 81598 | Y33: 69431 | Z33: 58637 | AA33: =SUM(C33:Z33) -> 1452123 | AB33: 22 | AC33: =+AA33*AB33+AA34*AB34+AA35*AB35 -> 44418452
B34: S | C34: 44471 | D34: 40132 | E34: 37467 | F34: 35727 | G34: 36077 | H34: 37069 | I34: 40712 | J34: 45038 | K34: 53915 | L34: 60087 | M34: 65352 | N34: 69777 | O34: 69986 | P34: 68753 | Q34: 67551 | R34: 66806 | S34: 65901 | T34: 84251 | U34: 97803 | V34: 97560 | W34: 92497 | X34: 84938 | Y34: 75612 | Z34: 65422 | AA34: =SUM(C34:Z34) -> 1502904 | AB34: 4
B35: F | C35: 43988 | D35: 39414 | E35: 36246 | F35: 34007 | G35: 33273 | H35: 32368 | I35: 33283 | J35: 34585 | K35: 41358 | L35: 47306 | M35: 51544 | N35: 55772 | O35: 58126 | P35: 57360 | Q35: 55602 | R35: 54767 | S35: 54302 | T35: 72366 | U35: 85893 | V35: 86967 | W35: 83480 | X35: 76666 | Y35: 66542 | Z35: 56811 | AA35: =SUM(C35:Z35) -> 1292026 | AB35: 5
A36: 47788 | B36: O | C36: 38566 | D36: 34745 | E36: 32620 | F36: 31620 | G36: 33076 | H36: 37212 | I36: 41883 | J36: 44264 | K36: 51096 | L36: 56362 | M36: 62017 | N36: 67470 | O36: 65322 | P36: 65409 | Q36: 67788 | R36: 67651 | S36: 66811 | T36: 83379 | U36: 95671 | V36: 95012 | W36: 89851 | X36: 81099 | Y36: 68538 | Z36: 57335 | AA36: =SUM(C36:Z36) -> 1434797 | AB36: 19 | AC36: =+AA36*AB36+AA37*AB37+AA38*AB38 -> 41542151
B37: S | C37: 40382 | D37: 36361 | E37: 33850 | F37: 32289 | G37: 32562 | H37: 33397 | I37: 36593 | J37: 40147 | K37: 48767 | L37: 54741 | M37: 59559 | N37: 63954 | O37: 63634 | P37: 61743 | Q37: 61212 | R37: 60859 | S37: 60410 | T37: 79021 | U37: 92774 | V37: 92440 | W37: 87332 | X37: 80619 | Y37: 70763 | Z37: 60845 | AA37: =SUM(C37:Z37) -> 1384254 | AB37: 5
B38: F | C38: 40331 | D38: 36016 | E38: 33042 | F38: 30868 | G38: 30595 | H38: 29881 | I38: 31008 | J38: 32532 | K38: 39255 | L38: 45003 | M38: 49173 | N38: 53483 | O38: 55609 | P38: 54834 | Q38: 52756 | R38: 51340 | S38: 50999 | T38: 69381 | U38: 83169 | V38: 84420 | W38: 80955 | X38: 74124 | Y38: 63808 | Z38: 54041 | AA38: =SUM(C38:Z38) -> 1226623 | AB38: 6
A39: 47818 | B39: O | C39: 44063 | D39: 39466 | E39: 36807 | F39: 35418 | G39: 36344 | H39: 39293 | I39: 42399 | J39: 46529 | K39: 54717 | L39: 60741 | M39: 66277 | N39: 71891 | O39: 70845 | P39: 70744 | Q39: 72346 | R39: 72170 | S39: 70556 | T39: 85052 | U39: 97043 | V39: 98829 | W39: 94166 | X39: 86724 | Y39: 75342 | Z39: 64480 | AA39: =SUM(C39:Z39) -> 1532242 | AB39: 21 | AC39: =+AA39*AB39+AA40*AB40+AA41*AB41 -> 45850786
B40: S | C40: 44217 | D40: 39718 | E40: 37048 | F40: 35272 | G40: 35375 | H40: 37035 | I40: 38872 | J40: 42348 | K40: 50638 | L40: 56346 | M40: 60945 | N40: 64793 | O40: 64786 | P40: 63310 | Q40: 62395 | R40: 61389 | S40: 60692 | T40: 77585 | U40: 90916 | V40: 92410 | W40: 87815 | X40: 81319 | Y40: 72068 | Z40: 63152 | AA40: =SUM(C40:Z40) -> 1420444 | AB40: 4
B41: F | C41: 46898 | D41: 42143 | E41: 38735 | F41: 36364 | G41: 35422 | H41: 35086 | I41: 34725 | J41: 35454 | K41: 42141 | L41: 48000 | M41: 52431 | N41: 56575 | O41: 58837 | P41: 58805 | Q41: 57326 | R41: 56402 | S41: 55911 | T41: 72826 | U41: 86129 | V41: 88825 | W41: 85081 | X41: 78682 | Y41: 69292 | Z41: 59898 | AA41: =SUM(C41:Z41) -> 1331988 | AB41: 6
A42: TOTAL AÑO | C42: =+SUM(C6:C41) -> 1546281 | D42: =+SUM(D6:D41) -> 1386647 | E42: =+SUM(E6:E41) -> 1289946 | F42: =+SUM(F6:F41) -> 1230070 | G42: =+SUM(G6:G41) -> 1237203 | H42: =+SUM(H6:H41) -> 1306300 | I42: =+SUM(I6:I41) -> 1393123 | J42: =+SUM(J6:J41) -> 1478108 | ... AC42: =+SUM(AC6:AC41) -> 524562477

Sheet Cantidades Ofertadas Prod 5
A1: CANTIDADES OFERTADAS PRODUCTO 5 AÑO 2030 MODALIDAD PAGUE LO CONTRATADO - kWh
A4: Periodo | B4: Tipo de día | C4: H01 | D4: H02 | E4: H03 | F4: H04 | G4: H05 | H4: H06 | I4: H07 | J4: H08 | K4: H09 | L4: H10 | M4: H11 | N4: H12 | O4: H13 | P4: H14 | Q4: H15 | R4: H16 | S4: H17 | T4: H18 | U4: H19 | V4: H20 | W4: H21 | X4: H22 | Y4: H23 | Z4: H24 | AA4: TOTAL DÍA | AB4: Días/ | AC4: TOTAL MES
AB5: mes
A6: 47484 | B6: O | C6: =ROUND('Anexo 12'!C6*'Anexo 5'!$D$10,0) -> 0 | D6: =ROUND('Anexo 12'!D6*'Anexo 5'!$D$10,0) -> 0 | E6: =ROUND('Anexo 12'!E6*'Anexo 5'!$D$10,0) -> 0 | F6: =ROUND('Anexo 12'!F6*'Anexo 5'!$D$10,0) -> 0 | G6: =ROUND('Anexo 12'!G6*'Anexo 5'!$D$10,0) -> 0 | H6: =ROUND('Anexo 12'!H6*'Anexo 5'!$D$10,0) -> 0 | I6: =ROUND('Anexo 12'!I6*'Anexo 5'!$D$10,0) -> 0 | J6: =ROUND('Anexo 12'!J6*'Anexo 5'!$D$10,0) -> 0 | ... Z6: =ROUND('Anexo 12'!Z6*'Anexo 5'!$D$10,0) -> 0 | AA6: =SUM(C6:Z6) -> 0 | AB6: 21 | AC6: =+AA6*AB6+AA7*AB7+AA8*AB8 -> 0
B7: S | C7: =ROUND('Anexo 12'!C7*'Anexo 5'!$D$10,0) -> 0 | D7: =ROUND('Anexo 12'!D7*'Anexo 5'!$D$10,0) -> 0 | E7: =ROUND('Anexo 12'!E7*'Anexo 5'!$D$10,0) -> 0 | F7: =ROUND('Anexo 12'!F7*'Anexo 5'!$D$10,0) -> 0 | G7: =ROUND('Anexo 12'!G7*'Anexo 5'!$D$10,0) -> 0 | H7: =ROUND('Anexo 12'!H7*'Anexo 5'!$D$10,0) -> 0 | I7: =ROUND('Anexo 12'!I7*'Anexo 5'!$D$10,0) -> 0 | J7: =ROUND('Anexo 12'!J7*'Anexo 5'!$D$10,0) -> 0 | ... Z7: =ROUND('Anexo 12'!Z7*'Anexo 5'!$D$10,0) -> 0 | AA7: =SUM(C7:Z7) -> 0 | AB7: 4
B8: F | C8: =ROUND('Anexo 12'!C8*'Anexo 5'!$D$10,0) -> 0 | D8: =ROUND('Anexo 12'!D8*'Anexo 5'!$D$10,0) -> 0 | E8: =ROUND('Anexo 12'!E8*'Anexo 5'!$D$10,0) -> 0 | F8: =ROUND('Anexo 12'!F8*'Anexo 5'!$D$10,0) -> 0 | G8: =ROUND('Anexo 12'!G8*'Anexo 5'!$D$10,0) -> 0 | H8: =ROUND('Anexo 12'!H8*'Anexo 5'!$D$10,0) -> 0 | I8: =ROUND('Anexo 12'!I8*'Anexo 5'!$D$10,0) -> 0 | J8: =ROUND('Anexo 12'!J8*'Anexo 5'!$D$10,0) -> 0 | ... Z8: =ROUND('Anexo 12'!Z8*'Anexo 5'!$D$10,0) -> 0 | AA8: =SUM(C8:Z8) -> 0 | AB8: 6
A9: 47515 | B9: O | C9: =ROUND('Anexo 12'!C9*'Anexo 5'!$D$10,0) -> 0 | D9: =ROUND('Anexo 12'!D9*'Anexo 5'!$D$10,0) -> 0 | E9: =ROUND('Anexo 12'!E9*'Anexo 5'!$D$10,0) -> 0 | F9: =ROUND('Anexo 12'!F9*'Anexo 5'!$D$10,0) -> 0 | G9: =ROUND('Anexo 12'!G9*'Anexo 5'!$D$10,0) -> 0 | H9: =ROUND('Anexo 12'!H9*'Anexo 5'!$D$10,0) -> 0 | I9: =ROUND('Anexo 12'!I9*'Anexo 5'!$D$10,0) -> 0 | J9: =ROUND('Anexo 12'!J9*'Anexo 5'!$D$10,0) -> 0 | ... Z9: =ROUND('Anexo 12'!Z9*'Anexo 5'!$D$10,0) -> 0 | AA9: =SUM(C9:Z9) -> 0 | AB9: 20 | AC9: =+AA9*AB9+AA10*AB10+AA11*AB11 -> 0
B10: S | C10: =ROUND('Anexo 12'!C10*'Anexo 5'!$D$10,0) -> 0 | D10: =ROUND('Anexo 12'!D10*'Anexo 5'!$D$10,0) -> 0 | E10: =ROUND('Anexo 12'!E10*'Anexo 5'!$D$10,0) -> 0 | F10: =ROUND('Anexo 12'!F10*'Anexo 5'!$D$10,0) -> 0 | G10: =ROUND('Anexo 12'!G10*'Anexo 5'!$D$10,0) -> 0 | H10: =ROUND('Anexo 12'!H10*'Anexo 5'!$D$10,0) -> 0 | I10: =ROUND('Anexo 12'!I10*'Anexo 5'!$D$10,0) -> 0 | J10: =ROUND('Anexo 12'!J10*'Anexo 5'!$D$10,0) -> 0 | ... Z10: =ROUND('Anexo 12'!Z10*'Anexo 5'!$D$10,0) -> 0 | AA10: =SUM(C10:Z10) -> 0 | AB10: 4
B11: F | C11: =ROUND('Anexo 12'!C11*'Anexo 5'!$D$10,0) -> 0 | D11: =ROUND('Anexo 12'!D11*'Anexo 5'!$D$10,0) -> 0 | E11: =ROUND('Anexo 12'!E11*'Anexo 5'!$D$10,0) -> 0 | F11: =ROUND('Anexo 12'!F11*'Anexo 5'!$D$10,0) -> 0 | G11: =ROUND('Anexo 12'!G11*'Anexo 5'!$D$10,0) -> 0 | H11: =ROUND('Anexo 12'!H11*'Anexo 5'!$D$10,0) -> 0 | I11: =ROUND('Anexo 12'!I11*'Anexo 5'!$D$10,0) -> 0 | J11: =ROUND('Anexo 12'!J11*'Anexo 5'!$D$10,0) -> 0 | ... Z11: =ROUND('Anexo 12'!Z11*'Anexo 5'!$D$10,0) -> 0 | AA11: =SUM(C11:Z11) -> 0 | AB11: 4
A12: 47543 | B12: O | C12: =ROUND('Anexo 12'!C12*'Anexo 5'!$D$10,0) -> 0 | D12: =ROUND('Anexo 12'!D12*'Anexo 5'!$D$10,0) -> 0 | E12: =ROUND('Anexo 12'!E12*'Anexo 5'!$D$10,0) -> 0 | F12: =ROUND('Anexo 12'!F12*'Anexo 5'!$D$10,0) -> 0 | G12: =ROUND('Anexo 12'!G12*'Anexo 5'!$D$10,0) -> 0 | H12: =ROUND('Anexo 12'!H12*'Anexo 5'!$D$10,0) -> 0 | I12: =ROUND('Anexo 12'!I12*'Anexo 5'!$D$10,0) -> 0 | J12: =ROUND('Anexo 12'!J12*'Anexo 5'!$D$10,0) -> 0 | ... Z12: =ROUND('Anexo 12'!Z12*'Anexo 5'!$D$10,0) -> 0 | AA12: =SUM(C12:Z12) -> 0 | AB12: 20 | AC12: =+AA12*AB12+AA13*AB13+AA14*AB14 -> 0
B13: S | C13: =ROUND('Anexo 12'!C13*'Anexo 5'!$D$10,0) -> 0 | D13: =ROUND('Anexo 12'!D13*'Anexo 5'!$D$10,0) -> 0 | E13: =ROUND('Anexo 12'!E13*'Anexo 5'!$D$10,0) -> 0 | F13: =ROUND('Anexo 12'!F13*'Anexo 5'!$D$10,0) -> 0 | G13: =ROUND('Anexo 12'!G13*'Anexo 5'!$D$10,0) -> 0 | H13: =ROUND('Anexo 12'!H13*'Anexo 5'!$D$10,0) -> 0 | I13: =ROUND('Anexo 12'!I13*'Anexo 5'!$D$10,0) -> 0 | J13: =ROUND('Anexo 12'!J13*'Anexo 5'!$D$10,0) -> 0 | ... Z13: =ROUND('Anexo 12'!Z13*'Anexo 5'!$D$10,0) -> 0 | AA13: =SUM(C13:Z13) -> 0 | AB13: 5
B14: F | C14: =ROUND('Anexo 12'!C14*'Anexo 5'!$D$10,0) -> 0 | D14: =ROUND('Anexo 12'!D14*'Anexo 5'!$D$10,0) -> 0 | E14: =ROUND('Anexo 12'!E14*'Anexo 5'!$D$10,0) -> 0 | F14: =ROUND('Anexo 12'!F14*'Anexo 5'!$D$10,0) -> 0 | G14: =ROUND('Anexo 12'!G14*'Anexo 5'!$D$10,0) -> 0 | H14: =ROUND('Anexo 12'!H14*'Anexo 5'!$D$10,0) -> 0 | I14: =ROUND('Anexo 12'!I14*'Anexo 5'!$D$10,0) -> 0 | J14: =ROUND('Anexo 12'!J14*'Anexo 5'!$D$10,0) -> 0 | ... Z14: =ROUND('Anexo 12'!Z14*'Anexo 5'!$D$10,0) -> 0 | AA14: =SUM(C14:Z14) -> 0 | AB14: 6
A15: 47574 | B15: O | C15: =ROUND('Anexo 12'!C15*'Anexo 5'!$D$10,0) -> 0 | D15: =ROUND('Anexo 12'!D15*'Anexo 5'!$D$10,0) -> 0 | E15: =ROUND('Anexo 12'!E15*'Anexo 5'!$D$10,0) -> 0 | F15: =ROUND('Anexo 12'!F15*'Anexo 5'!$D$10,0) -> 0 | G15: =ROUND('Anexo 12'!G15*'Anexo 5'!$D$10,0) -> 0 | H15: =ROUND('Anexo 12'!H15*'Anexo 5'!$D$10,0) -> 0 | I15: =ROUND('Anexo 12'!I15*'Anexo 5'!$D$10,0) -> 0 | J15: =ROUND('Anexo 12'!J15*'Anexo 5'!$D$10,0) -> 0 | ... Z15: =ROUND('Anexo 12'!Z15*'Anexo 5'!$D$10,0) -> 0 | AA15: =SUM(C15:Z15) -> 0 | AB15: 20 | AC15: =+AA15*AB15+AA16*AB16+AA17*AB17 -> 0
B16: S | C16: =ROUND('Anexo 12'!C16*'Anexo 5'!$D$10,0) -> 0 | D16: =ROUND('Anexo 12'!D16*'Anexo 5'!$D$10,0) -> 0 | E16: =ROUND('Anexo 12'!E16*'Anexo 5'!$D$10,0) -> 0 | F16: =ROUND('Anexo 12'!F16*'Anexo 5'!$D$10,0) -> 0 | G16: =ROUND('Anexo 12'!G16*'Anexo 5'!$D$10,0) -> 0 | H16: =ROUND('Anexo 12'!H16*'Anexo 5'!$D$10,0) -> 0 | I16: =ROUND('Anexo 12'!I16*'Anexo 5'!$D$10,0) -> 0 | J16: =ROUND('Anexo 12'!J16*'Anexo 5'!$D$10,0) -> 0 | ... Z16: =ROUND('Anexo 12'!Z16*'Anexo 5'!$D$10,0) -> 0 | AA16: =SUM(C16:Z16) -> 0 | AB16: 4
B17: F | C17: =ROUND('Anexo 12'!C17*'Anexo 5'!$D$10,0) -> 0 | D17: =ROUND('Anexo 12'!D17*'Anexo 5'!$D$10,0) -> 0 | E17: =ROUND('Anexo 12'!E17*'Anexo 5'!$D$10,0) -> 0 | F17: =ROUND('Anexo 12'!F17*'Anexo 5'!$D$10,0) -> 0 | G17: =ROUND('Anexo 12'!G17*'Anexo 5'!$D$10,0) -> 0 | H17: =ROUND('Anexo 12'!H17*'Anexo 5'!$D$10,0) -> 0 | I17: =ROUND('Anexo 12'!I17*'Anexo 5'!$D$10,0) -> 0 | J17: =ROUND('Anexo 12'!J17*'Anexo 5'!$D$10,0) -> 0 | ... Z17: =ROUND('Anexo 12'!Z17*'Anexo 5'!$D$10,0) -> 0 | AA17: =SUM(C17:Z17) -> 0 | AB17: 6
A18: 47604 | B18: O | C18: =ROUND('Anexo 12'!C18*'Anexo 5'!$D$10,0) -> 0 | D18: =ROUND('Anexo 12'!D18*'Anexo 5'!$D$10,0) -> 0 | E18: =ROUND('Anexo 12'!E18*'Anexo 5'!$D$10,0) -> 0 | F18: =ROUND('Anexo 12'!F18*'Anexo 5'!$D$10,0) -> 0 | G18: =ROUND('Anexo 12'!G18*'Anexo 5'!$D$10,0) -> 0 | H18: =ROUND('Anexo 12'!H18*'Anexo 5'!$D$10,0) -> 0 | I18: =ROUND('Anexo 12'!I18*'Anexo 5'!$D$10,0) -> 0 | J18: =ROUND('Anexo 12'!J18*'Anexo 5'!$D$10,0) -> 0 | ... Z18: =ROUND('Anexo 12'!Z18*'Anexo 5'!$D$10,0) -> 0 | AA18: =SUM(C18:Z18) -> 0 | AB18: 22 | AC18: =+AA18*AB18+AA19*AB19+AA20*AB20 -> 0
B19: S | C19: =ROUND('Anexo 12'!C19*'Anexo 5'!$D$10,0) -> 0 | D19: =ROUND('Anexo 12'!D19*'Anexo 5'!$D$10,0) -> 0 | E19: =ROUND('Anexo 12'!E19*'Anexo 5'!$D$10,0) -> 0 | F19: =ROUND('Anexo 12'!F19*'Anexo 5'!$D$10,0) -> 0 | G19: =ROUND('Anexo 12'!G19*'Anexo 5'!$D$10,0) -> 0 | H19: =ROUND('Anexo 12'!H19*'Anexo 5'!$D$10,0) -> 0 | I19: =ROUND('Anexo 12'!I19*'Anexo 5'!$D$10,0) -> 0 | J19: =ROUND('Anexo 12'!J19*'Anexo 5'!$D$10,0) -> 0 | ... Z19: =ROUND('Anexo 12'!Z19*'Anexo 5'!$D$10,0) -> 0 | AA19: =SUM(C19:Z19) -> 0 | AB19: 4
B20: F | C20: =ROUND('Anexo 12'!C20*'Anexo 5'!$D$10,0) -> 0 | D20: =ROUND('Anexo 12'!D20*'Anexo 5'!$D$10,0) -> 0 | E20: =ROUND('Anexo 12'!E20*'Anexo 5'!$D$10,0) -> 0 | F20: =ROUND('Anexo 12'!F20*'Anexo 5'!$D$10,0) -> 0 | G20: =ROUND('Anexo 12'!G20*'Anexo 5'!$D$10,0) -> 0 | H20: =ROUND('Anexo 12'!H20*'Anexo 5'!$D$10,0) -> 0 | I20: =ROUND('Anexo 12'!I20*'Anexo 5'!$D$10,0) -> 0 | J20: =ROUND('Anexo 12'!J20*'Anexo 5'!$D$10,0) -> 0 | ... Z20: =ROUND('Anexo 12'!Z20*'Anexo 5'!$D$10,0) -> 0 | AA20: =SUM(C20:Z20) -> 0 | AB20: 5
A21: 47635 | B21: O | C21: =ROUND('Anexo 12'!C21*'Anexo 5'!$D$10,0) -> 0 | D21: =ROUND('Anexo 12'!D21*'Anexo 5'!$D$10,0) -> 0 | E21: =ROUND('Anexo 12'!E21*'Anexo 5'!$D$10,0) -> 0 | F21: =ROUND('Anexo 12'!F21*'Anexo 5'!$D$10,0) -> 0 | G21: =ROUND('Anexo 12'!G21*'Anexo 5'!$D$10,0) -> 0 | H21: =ROUND('Anexo 12'!H21*'Anexo 5'!$D$10,0) -> 0 | I21: =ROUND('Anexo 12'!I21*'Anexo 5'!$D$10,0) -> 0 | J21: =ROUND('Anexo 12'!J21*'Anexo 5'!$D$10,0) -> 0 | ... Z21: =ROUND('Anexo 12'!Z21*'Anexo 5'!$D$10,0) -> 0 | AA21: =SUM(C21:Z21) -> 0 | AB21: 18 | AC21: =+AA21*AB21+AA22*AB22+AA23*AB23 -> 0
B22: S | C22: =ROUND('Anexo 12'!C22*'Anexo 5'!$D$10,0) -> 0 | D22: =ROUND('Anexo 12'!D22*'Anexo 5'!$D$10,0) -> 0 | E22: =ROUND('Anexo 12'!E22*'Anexo 5'!$D$10,0) -> 0 | F22: =ROUND('Anexo 12'!F22*'Anexo 5'!$D$10,0) -> 0 | G22: =ROUND('Anexo 12'!G22*'Anexo 5'!$D$10,0) -> 0 | H22: =ROUND('Anexo 12'!H22*'Anexo 5'!$D$10,0) -> 0 | I22: =ROUND('Anexo 12'!I22*'Anexo 5'!$D$10,0) -> 0 | J22: =ROUND('Anexo 12'!J22*'Anexo 5'!$D$10,0) -> 0 | ... Z22: =ROUND('Anexo 12'!Z22*'Anexo 5'!$D$10,0) -> 0 | AA22: =SUM(C22:Z22) -> 0 | AB22: 5
B23: F | C23: =ROUND('Anexo 12'!C23*'Anexo 5'!$D$10,0) -> 0 | D23: =ROUND('Anexo 12'!D23*'Anexo 5'!$D$10,0) -> 0 | E23: =ROUND('Anexo 12'!E23*'Anexo 5'!$D$10,0) -> 0 | F23: =ROUND('Anexo 12'!F23*'Anexo 5'!$D$10,0) -> 0 | G23: =ROUND('Anexo 12'!G23*'Anexo 5'!$D$10,0) -> 0 | H23: =ROUND('Anexo 12'!H23*'Anexo 5'!$D$10,0) -> 0 | I23: =ROUND('Anexo 12'!I23*'Anexo 5'!$D$10,0) -> 0 | J23: =ROUND('Anexo 12'!J23*'Anexo 5'!$D$10,0) -> 0 | ... Z23: =ROUND('Anexo 12'!Z23*'Anexo 5'!$D$10,0) -> 0 | AA23: =SUM(C23:Z23) -> 0 | AB23: 7
A24: 47665 | B24: O | C24: =ROUND('Anexo 12'!C24*'Anexo 5'!$D$10,0) -> 0 | D24: =ROUND('Anexo 12'!D24*'Anexo 5'!$D$10,0) -> 0 | E24: =ROUND('Anexo 12'!E24*'Anexo 5'!$D$10,0) -> 0 | F24: =ROUND('Anexo 12'!F24*'Anexo 5'!$D$10,0) -> 0 | G24: =ROUND('Anexo 12'!G24*'Anexo 5'!$D$10,0) -> 0 | H24: =ROUND('Anexo 12'!H24*'Anexo 5'!$D$10,0) -> 0 | I24: =ROUND('Anexo 12'!I24*'Anexo 5'!$D$10,0) -> 0 | J24: =ROUND('Anexo 12'!J24*'Anexo 5'!$D$10,0) -> 0 | ... Z24: =ROUND('Anexo 12'!Z24*'Anexo 5'!$D$10,0) -> 0 | AA24: =SUM(C24:Z24) -> 0 | AB24: 22 | AC24: =+AA24*AB24+AA25*AB25+AA26*AB26 -> 0
B25: S | C25: =ROUND('Anexo 12'!C25*'Anexo 5'!$D$10,0) -> 0 | D25: =ROUND('Anexo 12'!D25*'Anexo 5'!$D$10,0) -> 0 | E25: =ROUND('Anexo 12'!E25*'Anexo 5'!$D$10,0) -> 0 | F25: =ROUND('Anexo 12'!F25*'Anexo 5'!$D$10,0) -> 0 | G25: =ROUND('Anexo 12'!G25*'Anexo 5'!$D$10,0) -> 0 | H25: =ROUND('Anexo 12'!H25*'Anexo 5'!$D$10,0) -> 0 | I25: =ROUND('Anexo 12'!I25*'Anexo 5'!$D$10,0) -> 0 | J25: =ROUND('Anexo 12'!J25*'Anexo 5'!$D$10,0) -> 0 | ... Z25: =ROUND('Anexo 12'!Z25*'Anexo 5'!$D$10,0) -> 0 | AA25: =SUM(C25:Z25) -> 0 | AB25: 3
B26: F | C26: =ROUND('Anexo 12'!C26*'Anexo 5'!$D$10,0) -> 0 | D26: =ROUND('Anexo 12'!D26*'Anexo 5'!$D$10,0) -> 0 | E26: =ROUND('Anexo 12'!E26*'Anexo 5'!$D$10,0) -> 0 | F26: =ROUND('Anexo 12'!F26*'Anexo 5'!$D$10,0) -> 0 | G26: =ROUND('Anexo 12'!G26*'Anexo 5'!$D$10,0) -> 0 | H26: =ROUND('Anexo 12'!H26*'Anexo 5'!$D$10,0) -> 0 | I26: =ROUND('Anexo 12'!I26*'Anexo 5'!$D$10,0) -> 0 | J26: =ROUND('Anexo 12'!J26*'Anexo 5'!$D$10,0) -> 0 | ... Z26: =ROUND('Anexo 12'!Z26*'Anexo 5'!$D$10,0) -> 0 | AA26: =SUM(C26:Z26) -> 0 | AB26: 6
A27: 47696 | B27: O | C27: =ROUND('Anexo 12'!C27*'Anexo 5'!$D$10,0) -> 0 | D27: =ROUND('Anexo 12'!D27*'Anexo 5'!$D$10,0) -> 0 | E27: =ROUND('Anexo 12'!E27*'Anexo 5'!$D$10,0) -> 0 | F27: =ROUND('Anexo 12'!F27*'Anexo 5'!$D$10,0) -> 0 | G27: =ROUND('Anexo 12'!G27*'Anexo 5'!$D$10,0) -> 0 | H27: =ROUND('Anexo 12'!H27*'Anexo 5'!$D$10,0) -> 0 | I27: =ROUND('Anexo 12'!I27*'Anexo 5'!$D$10,0) -> 0 | J27: =ROUND('Anexo 12'!J27*'Anexo 5'!$D$10,0) -> 0 | ... Z27: =ROUND('Anexo 12'!Z27*'Anexo 5'!$D$10,0) -> 0 | AA27: =SUM(C27:Z27) -> 0 | AB27: 20 | AC27: =+AA27*AB27+AA28*AB28+AA29*AB29 -> 0
B28: S | C28: =ROUND('Anexo 12'!C28*'Anexo 5'!$D$10,0) -> 0 | D28: =ROUND('Anexo 12'!D28*'Anexo 5'!$D$10,0) -> 0 | E28: =ROUND('Anexo 12'!E28*'Anexo 5'!$D$10,0) -> 0 | F28: =ROUND('Anexo 12'!F28*'Anexo 5'!$D$10,0) -> 0 | G28: =ROUND('Anexo 12'!G28*'Anexo 5'!$D$10,0) -> 0 | H28: =ROUND('Anexo 12'!H28*'Anexo 5'!$D$10,0) -> 0 | I28: =ROUND('Anexo 12'!I28*'Anexo 5'!$D$10,0) -> 0 | J28: =ROUND('Anexo 12'!J28*'Anexo 5'!$D$10,0) -> 0 | ... Z28: =ROUND('Anexo 12'!Z28*'Anexo 5'!$D$10,0) -> 0 | AA28: =SUM(C28:Z28) -> 0 | AB28: 5
B29: F | C29: =ROUND('Anexo 12'!C29*'Anexo 5'!$D$10,0) -> 0 | D29: =ROUND('Anexo 12'!D29*'Anexo 5'!$D$10,0) -> 0 | E29: =ROUND('Anexo 12'!E29*'Anexo 5'!$D$10,0) -> 0 | F29: =ROUND('Anexo 12'!F29*'Anexo 5'!$D$10,0) -> 0 | G29: =ROUND('Anexo 12'!G29*'Anexo 5'!$D$10,0) -> 0 | H29: =ROUND('Anexo 12'!H29*'Anexo 5'!$D$10,0) -> 0 | I29: =ROUND('Anexo 12'!I29*'Anexo 5'!$D$10,0) -> 0 | J29: =ROUND('Anexo 12'!J29*'Anexo 5'!$D$10,0) -> 0 | ... Z29: =ROUND('Anexo 12'!Z29*'Anexo 5'!$D$10,0) -> 0 | AA29: =SUM(C29:Z29) -> 0 | AB29: 6
A30: 47727 | B30: O | C30: =ROUND('Anexo 12'!C30*'Anexo 5'!$D$10,0) -> 0 | D30: =ROUND('Anexo 12'!D30*'Anexo 5'!$D$10,0) -> 0 | E30: =ROUND('Anexo 12'!E30*'Anexo 5'!$D$10,0) -> 0 | F30: =ROUND('Anexo 12'!F30*'Anexo 5'!$D$10,0) -> 0 | G30: =ROUND('Anexo 12'!G30*'Anexo 5'!$D$10,0) -> 0 | H30: =ROUND('Anexo 12'!H30*'Anexo 5'!$D$10,0) -> 0 | I30: =ROUND('Anexo 12'!I30*'Anexo 5'!$D$10,0) -> 0 | J30: =ROUND('Anexo 12'!J30*'Anexo 5'!$D$10,0) -> 0 | ... Z30: =ROUND('Anexo 12'!Z30*'Anexo 5'!$D$10,0) -> 0 | AA30: =SUM(C30:Z30) -> 0 | AB30: 21 | AC30: =+AA30*AB30+AA31*AB31+AA32*AB32 -> 0
B31: S | C31: =ROUND('Anexo 12'!C31*'Anexo 5'!$D$10,0) -> 0 | D31: =ROUND('Anexo 12'!D31*'Anexo 5'!$D$10,0) -> 0 | E31: =ROUND('Anexo 12'!E31*'Anexo 5'!$D$10,0) -> 0 | F31: =ROUND('Anexo 12'!F31*'Anexo 5'!$D$10,0) -> 0 | G31: =ROUND('Anexo 12'!G31*'Anexo 5'!$D$10,0) -> 0 | H31: =ROUND('Anexo 12'!H31*'Anexo 5'!$D$10,0) -> 0 | I31: =ROUND('Anexo 12'!I31*'Anexo 5'!$D$10,0) -> 0 | J31: =ROUND('Anexo 12'!J31*'Anexo 5'!$D$10,0) -> 0 | ... Z31: =ROUND('Anexo 12'!Z31*'Anexo 5'!$D$10,0) -> 0 | AA31: =SUM(C31:Z31) -> 0 | AB31: 4
B32: F | C32: =ROUND('Anexo 12'!C32*'Anexo 5'!$D$10,0) -> 0 | D32: =ROUND('Anexo 12'!D32*'Anexo 5'!$D$10,0) -> 0 | E32: =ROUND('Anexo 12'!E32*'Anexo 5'!$D$10,0) -> 0 | F32: =ROUND('Anexo 12'!F32*'Anexo 5'!$D$10,0) -> 0 | G32: =ROUND('Anexo 12'!G32*'Anexo 5'!$D$10,0) -> 0 | H32: =ROUND('Anexo 12'!H32*'Anexo 5'!$D$10,0) -> 0 | I32: =ROUND('Anexo 12'!I32*'Anexo 5'!$D$10,0) -> 0 | J32: =ROUND('Anexo 12'!J32*'Anexo 5'!$D$10,0) -> 0 | ... Z32: =ROUND('Anexo 12'!Z32*'Anexo 5'!$D$10,0) -> 0 | AA32: =SUM(C32:Z32) -> 0 | AB32: 5
A33: 47757 | B33: O | C33: =ROUND('Anexo 12'!C33*'Anexo 5'!$D$10,0) -> 0 | D33: =ROUND('Anexo 12'!D33*'Anexo 5'!$D$10,0) -> 0 | E33: =ROUND('Anexo 12'!E33*'Anexo 5'!$D$10,0) -> 0 | F33: =ROUND('Anexo 12'!F33*'Anexo 5'!$D$10,0) -> 0 | G33: =ROUND('Anexo 12'!G33*'Anexo 5'!$D$10,0) -> 0 | H33: =ROUND('Anexo 12'!H33*'Anexo 5'!$D$10,0) -> 0 | I33: =ROUND('Anexo 12'!I33*'Anexo 5'!$D$10,0) -> 0 | J33: =ROUND('Anexo 12'!J33*'Anexo 5'!$D$10,0) -> 0 | ... Z33: =ROUND('Anexo 12'!Z33*'Anexo 5'!$D$10,0) -> 0 | AA33: =SUM(C33:Z33) -> 0 | AB33: 22 | AC33: =+AA33*AB33+AA34*AB34+AA35*AB35 -> 0
B34: S | C34: =ROUND('Anexo 12'!C34*'Anexo 5'!$D$10,0) -> 0 | D34: =ROUND('Anexo 12'!D34*'Anexo 5'!$D$10,0) -> 0 | E34: =ROUND('Anexo 12'!E34*'Anexo 5'!$D$10,0) -> 0 | F34: =ROUND('Anexo 12'!F34*'Anexo 5'!$D$10,0) -> 0 | G34: =ROUND('Anexo 12'!G34*'Anexo 5'!$D$10,0) -> 0 | H34: =ROUND('Anexo 12'!H34*'Anexo 5'!$D$10,0) -> 0 | I34: =ROUND('Anexo 12'!I34*'Anexo 5'!$D$10,0) -> 0 | J34: =ROUND('Anexo 12'!J34*'Anexo 5'!$D$10,0) -> 0 | ... Z34: =ROUND('Anexo 12'!Z34*'Anexo 5'!$D$10,0) -> 0 | AA34: =SUM(C34:Z34) -> 0 | AB34: 4
B35: F | C35: =ROUND('Anexo 12'!C35*'Anexo 5'!$D$10,0) -> 0 | D35: =ROUND('Anexo 12'!D35*'Anexo 5'!$D$10,0) -> 0 | E35: =ROUND('Anexo 12'!E35*'Anexo 5'!$D$10,0) -> 0 | F35: =ROUND('Anexo 12'!F35*'Anexo 5'!$D$10,0) -> 0 | G35: =ROUND('Anexo 12'!G35*'Anexo 5'!$D$10,0) -> 0 | H35: =ROUND('Anexo 12'!H35*'Anexo 5'!$D$10,0) -> 0 | I35: =ROUND('Anexo 12'!I35*'Anexo 5'!$D$10,0) -> 0 | J35: =ROUND('Anexo 12'!J35*'Anexo 5'!$D$10,0) -> 0 | ... Z35: =ROUND('Anexo 12'!Z35*'Anexo 5'!$D$10,0) -> 0 | AA35: =SUM(C35:Z35) -> 0 | AB35: 5
A36: 47788 | B36: O | C36: =ROUND('Anexo 12'!C36*'Anexo 5'!$D$10,0) -> 0 | D36: =ROUND('Anexo 12'!D36*'Anexo 5'!$D$10,0) -> 0 | E36: =ROUND('Anexo 12'!E36*'Anexo 5'!$D$10,0) -> 0 | F36: =ROUND('Anexo 12'!F36*'Anexo 5'!$D$10,0) -> 0 | G36: =ROUND('Anexo 12'!G36*'Anexo 5'!$D$10,0) -> 0 | H36: =ROUND('Anexo 12'!H36*'Anexo 5'!$D$10,0) -> 0 | I36: =ROUND('Anexo 12'!I36*'Anexo 5'!$D$10,0) -> 0 | J36: =ROUND('Anexo 12'!J36*'Anexo 5'!$D$10,0) -> 0 | ... Z36: =ROUND('Anexo 12'!Z36*'Anexo 5'!$D$10,0) -> 0 | AA36: =SUM(C36:Z36) -> 0 | AB36: 19 | AC36: =+AA36*AB36+AA37*AB37+AA38*AB38 -> 0
B37: S | C37: =ROUND('Anexo 12'!C37*'Anexo 5'!$D$10,0) -> 0 | D37: =ROUND('Anexo 12'!D37*'Anexo 5'!$D$10,0) -> 0 | E37: =ROUND('Anexo 12'!E37*'Anexo 5'!$D$10,0) -> 0 | F37: =ROUND('Anexo 12'!F37*'Anexo 5'!$D$10,0) -> 0 | G37: =ROUND('Anexo 12'!G37*'Anexo 5'!$D$10,0) -> 0 | H37: =ROUND('Anexo 12'!H37*'Anexo 5'!$D$10,0) -> 0 | I37: =ROUND('Anexo 12'!I37*'Anexo 5'!$D$10,0) -> 0 | J37: =ROUND('Anexo 12'!J37*'Anexo 5'!$D$10,0) -> 0 | ... Z37: =ROUND('Anexo 12'!Z37*'Anexo 5'!$D$10,0) -> 0 | AA37: =SUM(C37:Z37) -> 0 | AB37: 5
B38: F | C38: =ROUND('Anexo 12'!C38*'Anexo 5'!$D$10,0) -> 0 | D38: =ROUND('Anexo 12'!D38*'Anexo 5'!$D$10,0) -> 0 | E38: =ROUND('Anexo 12'!E38*'Anexo 5'!$D$10,0) -> 0 | F38: =ROUND('Anexo 12'!F38*'Anexo 5'!$D$10,0) -> 0 | G38: =ROUND('Anexo 12'!G38*'Anexo 5'!$D$10,0) -> 0 | H38: =ROUND('Anexo 12'!H38*'Anexo 5'!$D$10,0) -> 0 | I38: =ROUND('Anexo 12'!I38*'Anexo 5'!$D$10,0) -> 0 | J38: =ROUND('Anexo 12'!J38*'Anexo 5'!$D$10,0) -> 0 | ... Z38: =ROUND('Anexo 12'!Z38*'Anexo 5'!$D$10,0) -> 0 | AA38: =SUM(C38:Z38) -> 0 | AB38: 6
A39: 47818 | B39: O | C39: =ROUND('Anexo 12'!C39*'Anexo 5'!$D$10,0) -> 0 | D39: =ROUND('Anexo 12'!D39*'Anexo 5'!$D$10,0) -> 0 | E39: =ROUND('Anexo 12'!E39*'Anexo 5'!$D$10,0) -> 0 | F39: =ROUND('Anexo 12'!F39*'Anexo 5'!$D$10,0) -> 0 | G39: =ROUND('Anexo 12'!G39*'Anexo 5'!$D$10,0) -> 0 | H39: =ROUND('Anexo 12'!H39*'Anexo 5'!$D$10,0) -> 0 | I39: =ROUND('Anexo 12'!I39*'Anexo 5'!$D$10,0) -> 0 | J39: =ROUND('Anexo 12'!J39*'Anexo 5'!$D$10,0) -> 0 | ... Z39: =ROUND('Anexo 12'!Z39*'Anexo 5'!$D$10,0) -> 0 | AA39: =SUM(C39:Z39) -> 0 | AB39: 21 | AC39: =+AA39*AB39+AA40*AB40+AA41*AB41 -> 0
B40: S | C40: =ROUND('Anexo 12'!C40*'Anexo 5'!$D$10,0) -> 0 | D40: =ROUND('Anexo 12'!D40*'Anexo 5'!$D$10,0) -> 0 | E40: =ROUND('Anexo 12'!E40*'Anexo 5'!$D$10,0) -> 0 | F40: =ROUND('Anexo 12'!F40*'Anexo 5'!$D$10,0) -> 0 | G40: =ROUND('Anexo 12'!G40*'Anexo 5'!$D$10,0) -> 0 | H40: =ROUND('Anexo 12'!H40*'Anexo 5'!$D$10,0) -> 0 | I40: =ROUND('Anexo 12'!I40*'Anexo 5'!$D$10,0) -> 0 | J40: =ROUND('Anexo 12'!J40*'Anexo 5'!$D$10,0) -> 0 | ... Z40: =ROUND('Anexo 12'!Z40*'Anexo 5'!$D$10,0) -> 0 | AA40: =SUM(C40:Z40) -> 0 | AB40: 4
B41: F | C41: =ROUND('Anexo 12'!C41*'Anexo 5'!$D$10,0) -> 0 | D41: =ROUND('Anexo 12'!D41*'Anexo 5'!$D$10,0) -> 0 | E41: =ROUND('Anexo 12'!E41*'Anexo 5'!$D$10,0) -> 0 | F41: =ROUND('Anexo 12'!F41*'Anexo 5'!$D$10,0) -> 0 | G41: =ROUND('Anexo 12'!G41*'Anexo 5'!$D$10,0) -> 0 | H41: =ROUND('Anexo 12'!H41*'Anexo 5'!$D$10,0) -> 0 | I41: =ROUND('Anexo 12'!I41*'Anexo 5'!$D$10,0) -> 0 | J41: =ROUND('Anexo 12'!J41*'Anexo 5'!$D$10,0) -> 0 | ... Z41: =ROUND('Anexo 12'!Z41*'Anexo 5'!$D$10,0) -> 0 | AA41: =SUM(C41:Z41) -> 0 | AB41: 6
A42: TOTAL AÑO | C42: =+SUM(C6:C41) -> 0 | D42: =+SUM(D6:D41) -> 0 | E42: =+SUM(E6:E41) -> 0 | F42: =+SUM(F6:F41) -> 0 | G42: =+SUM(G6:G41) -> 0 | H42: =+SUM(H6:H41) -> 0 | I42: =+SUM(I6:I41) -> 0 | J42: =+SUM(J6:J41) -> 0 | ... AC42: =+SUM(AC6:AC41) -> 0

Sheet Anexo 6
B3: ANEXO No 6 - PRODUCTO No. 6 CURVA
B4: PAGUE LO CONTRATADO AÑO 2031
B5: PRECIO OFERTADO EN $ / kWh DE ENERO DE 2025
B8: MES | C8: ENERGIA SOLICITADA kWh/MES | D8: % OFERTADO ANUAL | E8: ENERGIA OFERTADA kWh/MES | F8: PRECIO OFERTADO ANUAL $/kWh
A10: 31 | B10: 47849 | C10: =+'Anexo 13'!AC6 -> 73685361 | E10: =+'Cantidades Ofertadas Prod 6'!AC6 -> 0
A11: 29 | B11: 47880 | C11: =+'Anexo 13'!AC9 -> 68393756 | E11: =+'Cantidades Ofertadas Prod 6'!AC9 -> 0
A12: 31 | B12: 47908 | C12: =+'Anexo 13'!AC12 -> 72757227 | E12: =+'Cantidades Ofertadas Prod 6'!AC12 -> 0
A13: 30 | B13: 47939 | C13: =+'Anexo 13'!AC15 -> 68160812 | E13: =+'Cantidades Ofertadas Prod 6'!AC15 -> 0
A14: 31 | B14: 47969 | C14: =+'Anexo 13'!AC18 -> 71115117 | E14: =+'Cantidades Ofertadas Prod 6'!AC18 -> 0
A15: 30 | B15: 48000 | C15: =+'Anexo 13'!AC21 -> 68567058 | E15: =+'Cantidades Ofertadas Prod 6'!AC21 -> 0
A16: 31 | B16: 48030 | C16: =+'Anexo 13'!AC24 -> 73997820 | E16: =+'Cantidades Ofertadas Prod 6'!AC24 -> 0
A17: 31 | B17: 48061 | C17: =+'Anexo 13'!AC27 -> 75265988 | E17: =+'Cantidades Ofertadas Prod 6'!AC27 -> 0
A18: 30 | B18: 48092 | C18: =+'Anexo 13'!AC30 -> 74770582 | E18: =+'Cantidades Ofertadas Prod 6'!AC30 -> 0
A19: 31 | B19: 48122 | C19: =+'Anexo 13'!AC33 -> 72651108 | E19: =+'Cantidades Ofertadas Prod 6'!AC33 -> 0
A20: 30 | B20: 48153 | C20: =+'Anexo 13'!AC36 -> 68099975 | E20: =+'Cantidades Ofertadas Prod 6'!AC36 -> 0
A21: 31 | B21: 48183 | C21: =+'Anexo 13'!AC39 -> 74650363 | E21: =+'Cantidades Ofertadas Prod 6'!AC39 -> 0
B22: TOTAL | C22: =+SUM(C10:C21) -> 862115167 | E22: =SUM(E10:E21) -> 0 | F22: =+F10 -> 0
B24: *Solo se debe ingresar valores en las celdas en color Naranja
B25: * Se debe ofertar un unico % para todos los meses del año.
B26: * Los % ofertados se aplicaran a las curvas de carga de la hoja "Anexo 13".
B27: * La energia ofertada se calcula de manera automatica en la hoja "Cantidades Ofertadas Prod6"
B28: * Se debe ofertar un unico precio por producto.
B29: * Para ofertas planas se debe diligenciar el anexo 6A, con un tope horario de 20.000 kWh
H30: =+C30-G30 -> 0
H31: =+C31-G31 -> 0
H32: =+C32-G32 -> 0
B33: ____________________________________________
B34: Firma del Representante Legal
B35: o Apoderado General (Responsable del negocio)

Sheet Anexo 6A
B3: ANEXO No 6A - PRODUCTO No. 6 - OFERTA PLANA
B4: PAGUE LO CONTRATADO AÑO 2031
B5: PRECIO OFERTADO EN $ / kWh DE ENERO DE 2025
B8: MES | C8: ENERGIA MAXIMA A OFERTAR kWh/MES | D8: kWh OFERTADO | E8: ENERGIA OFERTADA kWh/MES | F8: PRECIO OFERTADO ANUAL $/kWh
A9: 20000
A10: 31 | B10: 47849 | C10: =+$A$9*A10*24 -> 14880000 | E10: =+$D$10*A10*24 -> 0
A11: 28 | B11: 47880 | C11: =+$A$9*A11*24 -> 13440000 | E11: =+$D$10*A11*24 -> 0
A12: 31 | B12: 47908 | C12: =+$A$9*A12*24 -> 14880000 | E12: =+$D$10*A12*24 -> 0
A13: 30 | B13: 47939 | C13: =+$A$9*A13*24 -> 14400000 | E13: =+$D$10*A13*24 -> 0
A14: 31 | B14: 47969 | C14: =+$A$9*A14*24 -> 14880000 | E14: =+$D$10*A14*24 -> 0
A15: 30 | B15: 48000 | C15: =+$A$9*A15*24 -> 14400000 | E15: =+$D$10*A15*24 -> 0
A16: 31 | B16: 48030 | C16: =+$A$9*A16*24 -> 14880000 | E16: =+$D$10*A16*24 -> 0
A17: 31 | B17: 48061 | C17: =+$A$9*A17*24 -> 14880000 | E17: =+$D$10*A17*24 -> 0
A18: 30 | B18: 48092 | C18: =+$A$9*A18*24 -> 14400000 | E18: =+$D$10*A18*24 -> 0
A19: 31 | B19: 48122 | C19: =+$A$9*A19*24 -> 14880000 | E19: =+$D$10*A19*24 -> 0
A20: 30 | B20: 48153 | C20: =+$A$9*A20*24 -> 14400000 | E20: =+$D$10*A20*24 -> 0
A21: 31 | B21: 48183 | C21: =+$A$9*A21*24 -> 14880000 | E21: =+$D$10*A21*24 -> 0
B22: TOTAL | C22: =+SUM(C10:C21) -> 175200000 | E22: =SUM(E10:E21) -> 0 | F22: =+F10 -> 0
B23: *Solo se debe ingresar valores en las celdas en color Naranja
B24: * Se debe oferta un valor de kWh el cual se aplica para todas las horas del año, con un tope horario de 20.000 kWh
B25: * Se debe ofertar un unico precio por producto.
B26: * A las ofertas planas al momento de la evaluación se le adicionarán 5 $/kWh al precio ofertado; con el fin de hacerlas comparables con las Ofertas que siguen la curva
B31: ____________________________________________
B32: Firma del Representante Legal
B33: o Apoderado General (Responsable del negocio)

Sheet Anexo 13
A1: CURVAS REQUERIDAS PRODUCTO 6 AÑO 2031 MODALIDAD PAGUE LO CONTRATADO - kWh
A4: Periodo | B4: Tipo de día | C4: H01 | D4: H02 | E4: H03 | F4: H04 | G4: H05 | H4: H06 | I4: H07 | J4: H08 | K4: H09 | L4: H10 | M4: H11 | N4: H12 | O4: H13 | P4: H14 | Q4: H15 | R4: H16 | S4: H17 | T4: H18 | U4: H19 | V4: H20 | W4: H21 | X4: H22 | Y4: H23 | Z4: H24 | AA4: TOTAL DÍA | AB4: Días/ | AC4: TOTAL MES
AB5: mes
A6: 47849 | B6: O | C6: 69643 | D6: 63060 | E6: 59100 | F6: 57054 | G6: 58468 | H6: 64586 | I6: 70403 | J6: 71991 | K6: 84239 | L6: 93518 | M6: 102967 | N6: 111880 | O6: 110366 | P6: 110561 | Q6: 113296 | R6: 113819 | S6: 111903 | T6: 138759 | U6: 150655 | V6: 160562 | W6: 153901 | X6: 142220 | Y6: 123447 | Z6: 104485 | AA6: =SUM(C6:Z6) -> 2440883 | AB6: 21 | AC6: =+AA6*AB6+AA7*AB7+AA8*AB8 -> 73685361
B7: S | C7: 72390 | D7: 64957 | E7: 60420 | F7: 57560 | G7: 57651 | H7: 61074 | I7: 65064 | J7: 66835 | K7: 80525 | L7: 90859 | M7: 98601 | N7: 106259 | O7: 107087 | P7: 105511 | Q7: 103780 | R7: 102938 | S7: 101758 | T7: 132046 | U7: 146960 | V7: 157582 | W7: 150317 | X7: 139490 | Y7: 124123 | Z7: 108725 | AA7: =SUM(C7:Z7) -> 2362512 | AB7: 4
B8: F | C8: 78025 | D8: 69993 | E8: 64667 | F8: 60907 | G8: 59074 | H8: 59793 | I8: 58774 | J8: 55557 | K8: 65973 | L8: 75153 | M8: 81928 | N8: 88980 | O8: 93157 | P8: 92660 | Q8: 90005 | R8: 88474 | S8: 87706 | T8: 118911 | U8: 135178 | V8: 146794 | W8: 142056 | X8: 131929 | Y8: 116315 | Z8: 100786 | AA8: =SUM(C8:Z8) -> 2162795 | AB8: 6
A9: 47880 | B9: O | C9: 70310 | D9: 63975 | E9: 60333 | F9: 58543 | G9: 60615 | H9: 70110 | I9: 77674 | J9: 76588 | K9: 87486 | L9: 95651 | M9: 104573 | N9: 112840 | O9: 109520 | P9: 110782 | Q9: 114622 | R9: 115314 | S9: 113430 | T9: 139510 | U9: 148588 | V9: 161587 | W9: 155183 | X9: 142954 | Y9: 123657 | Z9: 104457 | AA9: =SUM(C9:Z9) -> 2478302 | AB9: 20 | AC9: =+AA9*AB9+AA10*AB10+AA11*AB11 -> 68393756
B10: S | C10: 74550 | D10: 67526 | E10: 63010 | F10: 60416 | G10: 60723 | H10: 64403 | I10: 70295 | J10: 72059 | K10: 86280 | L10: 96184 | M10: 104057 | N10: 111701 | O10: 111913 | P10: 109791 | Q10: 107976 | R10: 106982 | S10: 105617 | T10: 135556 | U10: 147620 | V10: 160693 | W10: 153495 | X10: 143267 | Y10: 128646 | Z10: 112398 | AA10: =SUM(C10:Z10) -> 2455158 | AB10: 4
B11: F | C11: 79137 | D11: 71167 | E11: 66308 | F11: 62660 | G11: 61494 | H11: 62588 | I11: 63462 | J11: 61297 | K11: 72722 | L11: 82075 | M11: 88272 | N11: 94971 | O11: 98725 | P11: 97500 | Q11: 94510 | R11: 92696 | S11: 91783 | T11: 122989 | U11: 135962 | V11: 150402 | W11: 145995 | X11: 135503 | Y11: 118271 | Z11: 101282 | AA11: =SUM(C11:Z11) -> 2251771 | AB11: 4
A12: 47908 | B12: O | C12: 67875 | D12: 61810 | E12: 58453 | F12: 56770 | G12: 59001 | H12: 68313 | I12: 74836 | J12: 74624 | K12: 85089 | L12: 92930 | M12: 101284 | N12: 108818 | O12: 105816 | P12: 106480 | Q12: 109781 | R12: 110319 | S12: 108885 | T12: 136253 | U12: 147584 | V12: 158675 | W12: 152070 | X12: 139635 | Y12: 120725 | Z12: 102056 | AA12: =SUM(C12:Z12) -> 2408082 | AB12: 20 | AC12: =+AA12*AB12+AA13*AB13+AA14*AB14 -> 72757227
