Workbook
Name _Toc148954622: 'Banco de Preguntas'!#REF!
Name _Toc148954623: 'Banco de Preguntas'!#REF!
Name _Toc148954624: 'Banco de Preguntas'!#REF!
Name _Toc148954625: 'Banco de Preguntas'!#REF!
Name aaa: [1]Hoja9!$A$1,[1]Hoja9!$A$3,[1]Hoja9!$A$5,[1]Hoja9!$B$6,[1]Hoja9!$C$7
Name aaa: [1]Hoja9!$A$1,[1]Hoja9!$A$3,[1]Hoja9!$A$5,[1]Hoja9!$B$6,[1]Hoja9!$C$7
Name aaa: [1]Hoja9!$A$1,[1]Hoja9!$A$3,[1]Hoja9!$A$5,[1]Hoja9!$B$6,[1]Hoja9!$C$7
Name aaa: [1]Hoja9!$A$1,[1]Hoja9!$A$3,[1]Hoja9!$A$5,[1]Hoja9!$B$6,[1]Hoja9!$C$7
Name aaa: [1]Hoja9!$A$1,[1]Hoja9!$A$3,[1]Hoja9!$A$5,[1]Hoja9!$B$6,[1]Hoja9!$C$7
Name aaa: [1]Hoja9!$A$1,[1]Hoja9!$A$3,[1]Hoja9!$A$5,[1]Hoja9!$B$6,[1]Hoja9!$C$7
Name aaa: [1]Hoja9!$A$1,[1]Hoja9!$A$3,[1]Hoja9!$A$5,[1]Hoja9!$B$6,[1]Hoja9!$C$7
Name aaa: [1]Hoja9!$A$1,[1]Hoja9!$A$3,[1]Hoja9!$A$5,[1]Hoja9!$B$6,[1]Hoja9!$C$7
Name aaa: #REF!,#REF!,#REF!,#REF!,#REF!
Name AAAA: #REF!
Name Criterio_Extraer_Dem_Reg: #REF!
Name Criterio_Extraer_Dem_Reg: #REF!
Name Criterio_Extraer_Dem_Reg: #REF!
Name Criterio_Extraer_Dem_Reg: #REF!
Name Criterio_Extraer_Dem_Reg: #REF!
Name Criterio_Extraer_Dem_Reg: #REF!
Name Criterio_Extraer_Dem_Reg: #REF!
Name Criterio_Extraer_Dem_Reg: #REF!
Name Criterio_Extraer_Dem_Reg: #REF!
Name Criterio_Extraer_Dem_Reg: #REF!
Name Criterio_Extraer_Dem_Reg: #REF!
Name Criterio_Extraer_Dem_Reg: #REF!
Name Criterio_Extraer_Dem_Reg: #REF!
Name Cuadro: #REF!
Name Cuadro: #REF!
Name Cuadro: #REF!
Name Cuadro: #REF!
Name Cuadro: #REF!
Name Cuadro: #REF!
Name Cuadro: #REF!
Name Cuadro: #REF!
Name Cuadro: #REF!
Name Cuadro: #REF!
Name Cuadro: #REF!
Name Cuadro: #REF!
Name Cuadro: #REF!
Name eeee: #REF!
Name eeee: #REF!
Name eeee: [2]Comparación!#REF!
Name eeee: [2]Comparación!#REF!
Name eeee: [2]Comparación!#REF!
Name eeee: [2]Comparación!#REF!
Name eeee: #REF!
Name eeee: #REF!
Name eeee: [2]Comparación!#REF!
Name eeee: [2]Comparación!#REF!
Name eeee: [2]Comparación!#REF!
Name eeee: [2]Comparación!#REF!
Name eeee: #REF!
Name Meses: [3]Evaluación_Mensual!$S$2:$S$25
Name Meses: [3]Evaluación_Mensual!$S$2:$S$25
Name Meses: [3]Evaluación_Mensual!$S$2:$S$25
Name Meses: [3]Evaluación_Mensual!$S$2:$S$25
Name Meses: [3]Evaluación_Mensual!$S$2:$S$25
Name Meses: [3]Evaluación_Mensual!$S$2:$S$25
Name Meses: [3]Evaluación_Mensual!$S$2:$S$25

Sheet Listas desplegables
A2: Tipo de agente: | B2: Tipo de oferta:
A3: Comercializador | B3: CURVA
A4: Generador | B4: CURVA SOLAR
B5: CURVA FNCER
B6: PLANA SOLAR
B7: MIXTA
B8: PLANA

Sheet Banco de Preguntas
A2: Consolidado banco de preguntas y respuestas agentes convocatorias ESSA
A3: N° Convocatoria
A4: Nombre remitente correo:
A5: Correo electrónico
A6: Teléfono de contacto:
A9: AGENTE | B9: N° pregunta | C9: PREGUNTA | D9: RESPUESTA

Sheet Factor garantia
A2: 12. TABLA Factores de Indexación IPP serie oferta interna
A4: Mes | B4: Factor | D4: Mes | E4: Factor | G4: Mes | H4: Factor | J4: Mes | K4: Factor
A5: 45778 | B5: =+'[6]Factor (2)'!B5 -> 1.01 | D5: 47484 | E5: =+'[6]Factor (2)'!E5 -> 1.14 | G5: 49310 | H5: =+'[6]Factor (2)'!H5 -> 1.32 | J5: 51136 | K5: =+'[6]Factor (2)'!K5 -> 1.53
A6: 45809 | B6: =+'[6]Factor (2)'!B6 -> 1.01 | D6: 47515 | E6: =+'[6]Factor (2)'!E6 -> 1.15 | G6: 49341 | H6: =+'[6]Factor (2)'!H6 -> 1.33 | J6: 51167 | K6: =+'[6]Factor (2)'!K6 -> 1.54
A7: 45839 | B7: =+'[6]Factor (2)'!B7 -> 1.02 | D7: 47543 | E7: =+'[6]Factor (2)'!E7 -> 1.15 | G7: 49369 | H7: =+'[6]Factor (2)'!H7 -> 1.33 | J7: 51196 | K7: =+'[6]Factor (2)'!K7 -> 1.54
A8: 45870 | B8: =+'[6]Factor (2)'!B8 -> 1.02 | D8: 47574 | E8: =+'[6]Factor (2)'!E8 -> 1.15 | G8: 49400 | H8: =+'[6]Factor (2)'!H8 -> 1.33 | J8: 51227 | K8: =+'[6]Factor (2)'!K8 -> 1.54
A9: 45901 | B9: =+'[6]Factor (2)'!B9 -> 1.02 | D9: 47604 | E9: =+'[6]Factor (2)'!E9 -> 1.15 | G9: 49430 | H9: =+'[6]Factor (2)'!H9 -> 1.33 | J9: 51257 | K9: =+'[6]Factor (2)'!K9 -> 1.55
A10: 45931 | B10: =+'[6]Factor (2)'!B10 -> 1.02 | D10: 47635 | E10: =+'[6]Factor (2)'!E10 -> 1.16 | G10: 49461 | H10: =+'[6]Factor (2)'!H10 -> 1.34 | J10: 51288 | K10: =+'[6]Factor (2)'!K10 -> 1.55
A11: 45962 | B11: =+'[6]Factor (2)'!B11 -> 1.03 | D11: 47665 | E11: =+'[6]Factor (2)'!E11 -> 1.16 | G11: 49491 | H11: =+'[6]Factor (2)'!H11 -> 1.34 | J11: 51318 | K11: =+'[6]Factor (2)'!K11 -> 1.55
A12: 45992 | B12: =+'[6]Factor (2)'!B12 -> 1.03 | D12: 47696 | E12: =+'[6]Factor (2)'!E12 -> 1.16 | G12: 49522 | H12: =+'[6]Factor (2)'!H12 -> 1.34 | J12: 51349 | K12: =+'[6]Factor (2)'!K12 -> 1.55
A13: 46023 | B13: =+'[6]Factor (2)'!B13 -> 1.03 | D13: 47727 | E13: =+'[6]Factor (2)'!E13 -> 1.16 | G13: 49553 | H13: =+'[6]Factor (2)'!H13 -> 1.34 | J13: 51380 | K13: =+'[6]Factor (2)'!K13 -> 1.56
A14: 46054 | B14: =+'[6]Factor (2)'!B14 -> 1.03 | D14: 47757 | E14: =+'[6]Factor (2)'!E14 -> 1.16 | G14: 49583 | H14: =+'[6]Factor (2)'!H14 -> 1.35 | J14: 51410 | K14: =+'[6]Factor (2)'!K14 -> 1.56
A15: 46082 | B15: =+'[6]Factor (2)'!B15 -> 1.03 | D15: 47788 | E15: =+'[6]Factor (2)'!E15 -> 1.17 | G15: 49614 | H15: =+'[6]Factor (2)'!H15 -> 1.36 | J15: 51441 | K15: =+'[6]Factor (2)'!K15 -> 1.57
A16: 46113 | B16: =+'[6]Factor (2)'!B16 -> 1.03 | D16: 47818 | E16: =+'[6]Factor (2)'!E16 -> 1.17 | G16: 49644 | H16: =+'[6]Factor (2)'!H16 -> 1.36 | J16: 51471 | K16: =+'[6]Factor (2)'!K16 -> 1.57
A17: 46143 | B17: =+'[6]Factor (2)'!B17 -> 1.04 | D17: 47849 | E17: =+'[6]Factor (2)'!E17 -> 1.18 | G17: 49675 | H17: =+'[6]Factor (2)'!H17 -> 1.36
A18: 46174 | B18: =+'[6]Factor (2)'!B18 -> 1.04 | D18: 47880 | E18: =+'[6]Factor (2)'!E18 -> 1.18 | G18: 49706 | H18: =+'[6]Factor (2)'!H18 -> 1.37
A19: 46204 | B19: =+'[6]Factor (2)'!B19 -> 1.04 | D19: 47908 | E19: =+'[6]Factor (2)'!E19 -> 1.18 | G19: 49735 | H19: =+'[6]Factor (2)'!H19 -> 1.37
A20: 46235 | B20: =+'[6]Factor (2)'!B20 -> 1.04 | D20: 47939 | E20: =+'[6]Factor (2)'!E20 -> 1.18 | G20: 49766 | H20: =+'[6]Factor (2)'!H20 -> 1.37
A21: 46266 | B21: =+'[6]Factor (2)'!B21 -> 1.04 | D21: 47969 | E21: =+'[6]Factor (2)'!E21 -> 1.19 | G21: 49796 | H21: =+'[6]Factor (2)'!H21 -> 1.37
A22: 46296 | B22: =+'[6]Factor (2)'!B22 -> 1.05 | D22: 48000 | E22: =+'[6]Factor (2)'!E22 -> 1.19 | G22: 49827 | H22: =+'[6]Factor (2)'!H22 -> 1.38
A23: 46327 | B23: =+'[6]Factor (2)'!B23 -> 1.05 | D23: 48030 | E23: =+'[6]Factor (2)'!E23 -> 1.19 | G23: 49857 | H23: =+'[6]Factor (2)'!H23 -> 1.38
A24: 46357 | B24: =+'[6]Factor (2)'!B24 -> 1.05 | D24: 48061 | E24: =+'[6]Factor (2)'!E24 -> 1.19 | G24: 49888 | H24: =+'[6]Factor (2)'!H24 -> 1.38
A25: 46388 | B25: =+'[6]Factor (2)'!B25 -> 1.06 | D25: 48092 | E25: =+'[6]Factor (2)'!E25 -> 1.19 | G25: 49919 | H25: =+'[6]Factor (2)'!H25 -> 1.38
A26: 46419 | B26: =+'[6]Factor (2)'!B26 -> 1.06 | D26: 48122 | E26: =+'[6]Factor (2)'!E26 -> 1.2 | G26: 49949 | H26: =+'[6]Factor (2)'!H26 -> 1.39
A27: 46447 | B27: =+'[6]Factor (2)'!B27 -> 1.06 | D27: 48153 | E27: =+'[6]Factor (2)'!E27 -> 1.21 | G27: 49980 | H27: =+'[6]Factor (2)'!H27 -> 1.4
A28: 46478 | B28: =+'[6]Factor (2)'!B28 -> 1.06 | D28: 48183 | E28: =+'[6]Factor (2)'!E28 -> 1.21 | G28: 50010 | H28: =+'[6]Factor (2)'!H28 -> 1.4
... A60: 47453 | B60: =+'[6]Factor (2)'!B60 -> 1.14 | D60: 49157 | E60: =+'[6]Factor (2)'!E60 -> 1.3 | G60: 50983 | H60: =+'[6]Factor (2)'!H60 -> 1.51
D61: 49188 | E61: =+'[6]Factor (2)'!E61 -> 1.3 | G61: 51014 | H61: =+'[6]Factor (2)'!H61 -> 1.51
D62: 49218 | E62: =+'[6]Factor (2)'!E62 -> 1.31 | G62: 51044 | H62: =+'[6]Factor (2)'!H62 -> 1.52
D63: 49249 | E63: =+'[6]Factor (2)'!E63 -> 1.32 | G63: 51075 | H63: =+'[6]Factor (2)'!H63 -> 1.53
D64: 49279 | E64: =+'[6]Factor (2)'!E64 -> 1.32 | G64: 51105 | H64: =+'[6]Factor (2)'!H64 -> 1.53

Sheet Cantidades suministrar P1_2025
B2: ANEXO 10.1 CANTIDADES DE ENERGÍA A SUMINISTRAR PRODUCTO 1
B3: AÑO 2025
B6: Oferta Básica, para la Solicitud Pública de Ofertas No. CP-ESSC2025-001, del 1 de mayo de 2025 a 31 de diciembre de 2025.
B8: OFERENTE: | E8: Diligenciar
B9: Tipo de agente: | E9: Elegir de la lista desplegable
B10: Oferta No.: | E10: Diligenciar
B11: Tipo de oferta: | C11: CURVA | E11: Fijo
B12: % de su oferta con FNCER: | E12: Diligenciar
B14: Mes-año | C14: Energia Solicitada (kWh) | D14: % a ofertar | E14: Energia Oferta kWh | F14: Precio $ / kWh
A16: 31 | B16: 45658 | C16: =+'Cantidades P1_(2025)'!AE11 -> 0 | E16: =+C16*D16 -> 0
A17: 28 | B17: 45689 | C17: =+'Cantidades P1_(2025)'!AE12 -> 0 | E17: =+C17*D17 -> 0
A18: 31 | B18: 45717 | C18: =+'Cantidades P1_(2025)'!AE13 -> 0 | E18: =+C18*D18 -> 0
A19: 30 | B19: 45748 | C19: =+'Cantidades P1_(2025)'!AE14 -> 0 | E19: =+C19*D19 -> 0
A20: 31 | B20: 45778 | C20: =+'Cantidades P1_(2025)'!AE15 -> 25274336 | E20: =+C20*D20 -> 0
A21: 30 | B21: 45809 | C21: =+'Cantidades P1_(2025)'!AE16 -> 23289238 | E21: =+C21*D21 -> 0
A22: 31 | B22: 45839 | C22: =+'Cantidades P1_(2025)'!AE17 -> 30787655 | E22: =+C22*D22 -> 0
A23: 31 | B23: 45870 | C23: =+'Cantidades P1_(2025)'!AE18 -> 33589040 | E23: =+C23*D23 -> 0
A24: 30 | B24: 45901 | C24: =+'Cantidades P1_(2025)'!AE19 -> 35398839 | E24: =+C24*D24 -> 0
A25: 31 | B25: 45931 | C25: =+'Cantidades P1_(2025)'!AE20 -> 30572928 | E25: =+C25*D25 -> 0
A26: 30 | B26: 45962 | C26: =+'Cantidades P1_(2025)'!AE21 -> 34475949 | E26: =+C26*D26 -> 0
A27: 31 | B27: 45992 | C27: =+'Cantidades P1_(2025)'!AE22 -> 24036400 | E27: =+C27*D27 -> 0
A28: =SUM(A16:A27) -> 365 | B28: TOTAL | C28: =SUM(C16:C27) -> 2.3742439e+08 | D28: =+E28/C28 -> 0 | E28: =SUM(E16:E27) -> 0
B31: Notas:
B32: (1) La Energía Ofertada se distribuye en forma horaria de acuerdo con la curva de carga presentada en la tabla 9.1. TABLAS CANTIDADES DE ENERGÍA SOLICITADA PRODUCTO 1 AÑO 2025 del pliego de condiciones.
B34: (2) Tipo de Contrato: pague lo contratado.
B35: (3) Precio ofertado en $kWh, en pesos de diciembre 2024 (IPP Provisional)
B36: (4) El precio debe ser el mismo para todos los meses del año, con dos cifras decimales
B37: (5) El % igual o diferente para cada uno de los meses del año, con dos cifras decimales.
B38: (6) El precio incluye todos los cargos, impuestos y contribuciones que según la reglamentación vigente en la fecha de apertura de propuestas son responsabilidad de EL OFERENTE.
B39: (7) No serán tenidas en cuenta ofertas con condiciones y/o modificaciones adicionales a los Pliegos definitivos.
B40: (8) La oferta se acoge a todas las condiciones del pliego CP-ESSC2025-001.
B41: (9) Tipo de oferta curva
B42: EL OFERENTE deberá tener en cuenta lo siguiente al completar cada una de las Tablas de las cantidades a suministrar: Debe definir el porcentaje ofertado, hasta máximo el 100% de lo solicitado, teniendo en cuenta el tipo de contrato; EL CONTRATANTE aceptará la oferta de acuerdo a la metodología de evaluación hasta el máximo ofertado.
B48: FIRMA OFERENTE E.S.P.

Sheet Cantidades suministrar P2_2026
B2: ANEXO 10.2 CANTIDADES DE ENERGÍA A SUMINISTRAR PRODUCTO 2
B3: AÑO 2026
B6: Oferta Básica, para la Solicitud Pública de Ofertas No. CP-ESSC2025-001, del 1 de enero de 2026 a 31 de diciembre de 2026.
B8: OFERENTE: | E8: Diligenciar
B9: Tipo de agente: | E9: Elegir de la lista desplegable
B10: Oferta No.: | E10: Diligenciar
B11: Tipo de oferta: | C11: CURVA | E11: Fijo
B12: % de su oferta con FNCER: | E12: Diligenciar
B14: Mes-año | C14: Energia Solicitada (kWh) | D14: % a ofertar | E14: Energia Oferta kWh | F14: Precio $ / kWh
A16: 31 | B16: 46023 | C16: =+'Cantidades P2_(2026)'!AE11 -> 52892640 | E16: =+C16*D16 -> 0
A17: 28 | B17: 46054 | C17: =+'Cantidades P2_(2026)'!AE12 -> 43666628 | E17: =+C17*D17 -> 0
A18: 31 | B18: 46082 | C18: =+'Cantidades P2_(2026)'!AE13 -> 56214180 | E18: =+C18*D18 -> 0
A19: 30 | B19: 46113 | C19: =+'Cantidades P2_(2026)'!AE14 -> 49009504 | E19: =+C19*D19 -> 0
A20: 31 | B20: 46143 | C20: =+'Cantidades P2_(2026)'!AE15 -> 46722351 | E20: =+C20*D20 -> 0
A21: 30 | B21: 46174 | C21: =+'Cantidades P2_(2026)'!AE16 -> 45425929 | E21: =+C21*D21 -> 0
A22: 31 | B22: 46204 | C22: =+'Cantidades P2_(2026)'!AE17 -> 33835623 | E22: =+C22*D22 -> 0
A23: 31 | B23: 46235 | C23: =+'Cantidades P2_(2026)'!AE18 -> 32309527 | E23: =+C23*D23 -> 0
A24: 30 | B24: 46266 | C24: =+'Cantidades P2_(2026)'!AE19 -> 36615880 | E24: =+C24*D24 -> 0
A25: 31 | B25: 46296 | C25: =+'Cantidades P2_(2026)'!AE20 -> 32001011 | E25: =+C25*D25 -> 0
A26: 30 | B26: 46327 | C26: =+'Cantidades P2_(2026)'!AE21 -> 36404289 | E26: =+C26*D26 -> 0
A27: 31 | B27: 46357 | C27: =+'Cantidades P2_(2026)'!AE22 -> 26272122 | E27: =+C27*D27 -> 0
A28: =SUM(A16:A27) -> 365 | B28: TOTAL | C28: =SUM(C16:C27) -> 4.9136969e+08 | D28: =+E28/C28 -> 0 | E28: =SUM(E16:E27) -> 0
B31: Notas:
B32: (1) La Energía Ofertada se distribuye en forma horaria de acuerdo con la curva de carga presentada en la tabla 9.2. TABLAS CANTIDADES DE ENERGÍA SOLICITADA PRODUCTO 2 AÑO 2026 del pliego de condiciones.
B34: (2) Tipo de Contrato: pague lo contratado.
B35: (3) Precio ofertado en $kWh, en pesos de diciembre 2024 (IPP Provisional)
B36: (4) El precio debe ser el mismo para todos los meses del año, con dos cifras decimales
B37: (5) El % igual o diferente para cada uno de los meses del año, con dos cifras decimales.
B38: (6) El precio incluye todos los cargos, impuestos y contribuciones que según la reglamentación vigente en la fecha de apertura de propuestas son responsabilidad de EL OFERENTE.
B39: (7) No serán tenidas en cuenta ofertas con condiciones y/o modificaciones adicionales a los Pliegos definitivos.
B40: (8) La oferta se acoge a todas las condiciones del pliego CP-ESSC2025-001.
B41: (9) Tipo de oferta curva
B42: EL OFERENTE deberá tener en cuenta lo siguiente al completar cada una de las Tablas de las cantidades a suministrar: Debe definir el porcentaje ofertado, hasta máximo el 100% de lo solicitado, teniendo en cuenta el tipo de contrato; EL CONTRATANTE aceptará la oferta de acuerdo a la metodología de evaluación hasta el máximo ofertado.
B48: FIRMA OFERENTE E.S.P.

Sheet Cantidades suministrar P3_2027
B2: ANEXO 10.3 CANTIDADES DE ENERGÍA A SUMINISTRAR PRODUCTO 3
B3: AÑO 2027
B6: Oferta Básica, para la Solicitud Pública de Ofertas No. CP-ESSC2025-001, del 1 de enero de 2027 a 31 de diciembre de 2027.
B8: OFERENTE: | E8: Diligenciar
B9: Tipo de agente: | E9: Elegir de la lista desplegable
B10: Oferta No.: | E10: Diligenciar
B11: Tipo de oferta: | C11: CURVA | E11: Fijo
B12: % de su oferta con FNCER: | E12: Diligenciar
B14: Mes-año | C14: Energia Solicitada (kWh) | D14: % a ofertar | E14: Energia Oferta kWh | F14: Precio $ / kWh
A16: 31 | B16: 46388 | C16: =+'Cantidades P3_(2027)'!AE11 -> 49754275 | E16: =+C16*D16 -> 0
A17: 28 | B17: 46419 | C17: =+'Cantidades P3_(2027)'!AE12 -> 42439375 | E17: =+C17*D17 -> 0
A18: 31 | B18: 46447 | C18: =+'Cantidades P3_(2027)'!AE13 -> 53971518 | E18: =+C18*D18 -> 0
A19: 30 | B19: 46478 | C19: =+'Cantidades P3_(2027)'!AE14 -> 48426502 | E19: =+C19*D19 -> 0
A20: 31 | B20: 46508 | C20: =+'Cantidades P3_(2027)'!AE15 -> 46689956 | E20: =+C20*D20 -> 0
A21: 30 | B21: 46539 | C21: =+'Cantidades P3_(2027)'!AE16 -> 43845308 | E21: =+C21*D21 -> 0
A22: 31 | B22: 46569 | C22: =+'Cantidades P3_(2027)'!AE17 -> 41380294 | E22: =+C22*D22 -> 0
A23: 31 | B23: 46600 | C23: =+'Cantidades P3_(2027)'!AE18 -> 42178097 | E23: =+C23*D23 -> 0
A24: 30 | B24: 46631 | C24: =+'Cantidades P3_(2027)'!AE19 -> 47596709 | E24: =+C24*D24 -> 0
A25: 31 | B25: 46661 | C25: =+'Cantidades P3_(2027)'!AE20 -> 42681224 | E25: =+C25*D25 -> 0
A26: 30 | B26: 46692 | C26: =+'Cantidades P3_(2027)'!AE21 -> 45932158 | E26: =+C26*D26 -> 0
A27: 31 | B27: 46722 | C27: =+'Cantidades P3_(2027)'!AE22 -> 36952154 | E27: =+C27*D27 -> 0
A28: =SUM(A16:A27) -> 365 | B28: TOTAL | C28: =SUM(C16:C27) -> 5.4184757e+08 | D28: =+E28/C28 -> 0 | E28: =SUM(E16:E27) -> 0
B31: Notas:
B32: (1) La Energía Ofertada se distribuye en forma horaria de acuerdo con la curva de carga presentada en la tabla 9.3. TABLAS CANTIDADES DE ENERGÍA SOLICITADA PRODUCTO 3 AÑO 2027 del pliego de condiciones.
B34: (2) Tipo de Contrato: pague lo contratado.
B35: (3) Precio ofertado en $kWh, en pesos de diciembre 2024 (IPP Provisional)
B36: (4) El precio debe ser el mismo para todos los meses del año, con dos cifras decimales
B37: (5) El % igual o diferente para cada uno de los meses del año, con dos cifras decimales.
B38: (6) El precio incluye todos los cargos, impuestos y contribuciones que según la reglamentación vigente en la fecha de apertura de propuestas son responsabilidad de EL OFERENTE.
B39: (7) No serán tenidas en cuenta ofertas con condiciones y/o modificaciones adicionales a los Pliegos definitivos.
B40: (8) La oferta se acoge a todas las condiciones del pliego CP-ESSC2025-001.
B41: (9) Tipo de oferta curva
B42: EL OFERENTE deberá tener en cuenta lo siguiente al completar cada una de las Tablas de las cantidades a suministrar: Debe definir el porcentaje ofertado, hasta máximo el 100% de lo solicitado, teniendo en cuenta el tipo de contrato; EL CONTRATANTE aceptará la oferta de acuerdo a la metodología de evaluación hasta el máximo ofertado.
B48: FIRMA OFERENTE E.S.P.

Sheet Cantidades suministrar P4_2028
B2: ANEXO 10.4 CANTIDADES DE ENERGÍA A SUMINISTRAR PRODUCTO 4
B3: AÑO 2028
B6: Oferta Básica, para la Solicitud Pública de Ofertas No. CP-ESSC2025-001, del 1 de enero de 2028 a 31 de diciembre de 2028.
B8: OFERENTE: | E8: Diligenciar
B9: Tipo de agente: | E9: Elegir de la lista desplegable
B10: Oferta No.: | E10: Diligenciar
B11: Tipo de oferta: | C11: CURVA | E11: Fijo
B12: % de su oferta con FNCER: | E12: Diligenciar
B14: Mes-año | C14: Energia Solicitada (kWh) | D14: % a ofertar | E14: Energia Oferta kWh | F14: Precio $ / kWh
A16: 31 | B16: 46753 | C16: =+'Cantidades P4_(2028)'!AE11 -> 35501892 | E16: =+C16*$D$16 -> 0
A17: 28 | B17: 46784 | C17: =+'Cantidades P4_(2028)'!AE12 -> 25095936 | E17: =+C17*$D$16 -> 0
A18: 31 | B18: 46813 | C18: =+'Cantidades P4_(2028)'!AE13 -> 38148265 | E18: =+C18*$D$16 -> 0
A19: 30 | B19: 46844 | C19: =+'Cantidades P4_(2028)'!AE14 -> 32531127 | E19: =+C19*$D$16 -> 0
A20: 31 | B20: 46874 | C20: =+'Cantidades P4_(2028)'!AE15 -> 30044688 | E20: =+C20*$D$16 -> 0
A21: 30 | B21: 46905 | C21: =+'Cantidades P4_(2028)'!AE16 -> 29378670 | E21: =+C21*$D$16 -> 0
A22: 31 | B22: 46935 | C22: =+'Cantidades P4_(2028)'!AE17 -> 32227545 | E22: =+C22*$D$16 -> 0
A23: 31 | B23: 46966 | C23: =+'Cantidades P4_(2028)'!AE18 -> 32668048 | E23: =+C23*$D$16 -> 0
A24: 30 | B24: 46997 | C24: =+'Cantidades P4_(2028)'!AE19 -> 40099007 | E24: =+C24*$D$16 -> 0
A25: 31 | B25: 47027 | C25: =+'Cantidades P4_(2028)'!AE20 -> 34829175 | E25: =+C25*$D$16 -> 0
A26: 30 | B26: 47058 | C26: =+'Cantidades P4_(2028)'!AE21 -> 36675826 | E26: =+C26*$D$16 -> 0
A27: 31 | B27: 47088 | C27: =+'Cantidades P4_(2028)'!AE22 -> 25979329 | E27: =+C27*$D$16 -> 0
A28: =SUM(A16:A27) -> 365 | B28: TOTAL | C28: =SUM(C16:C27) -> 3.9317951e+08 | D28: =+E28/C28 -> 0 | E28: =SUM(E16:E27) -> 0
B31: Notas:
B32: (1) La Energía Ofertada se distribuye en forma horaria de acuerdo con la curva de carga presentada en la tabla 9.4. TABLAS CANTIDADES DE ENERGÍA SOLICITADA PRODUCTO 4 AÑO 2028 del pliego de condiciones.
B34: (2) Tipo de Contrato: pague lo contratado.
B35: (3) Precio ofertado en $kWh, en pesos de diciembre 2024 (IPP Provisional)
B36: (4) El precio debe ser el mismo para todos los meses del año, con dos cifras decimales
B37: (5) El % debe ser el mismo para todos los meses del año, con dos cifras decimales.
B38: (6) El precio incluye todos los cargos, impuestos y contribuciones que según la reglamentación vigente en la fecha de apertura de propuestas son responsabilidad de EL OFERENTE.
B39: (7) No serán tenidas en cuenta ofertas con condiciones y/o modificaciones adicionales a los Pliegos definitivos.
B40: (8) La oferta se acoge a todas las condiciones del pliego CP-ESSC2025-001.
B41: (9) Tipo de oferta curva
B42: EL OFERENTE deberá tener en cuenta lo siguiente al completar cada una de las Tablas de las cantidades a suministrar: Debe definir el porcentaje ofertado, hasta máximo el 100% de lo solicitado, teniendo en cuenta el tipo de contrato; EL CONTRATANTE aceptará la oferta de acuerdo a la metodología de evaluación hasta el máximo ofertado.
B48: FIRMA OFERENTE E.S.P.

Sheet Cant suministrar P5_29-40
B2: ANEXO 10.5 CANTIDADES DE ENERGÍA A SUMINISTRAR PRODUCTO 5
B3: AÑO 2029 al 2040
B6: Oferta Básica, para la Solicitud Pública de Ofertas No. CP-ESSC2025-001, del 1 de enero de 2029 a 31 de diciembre de 2040.
B7: OFERENTE: | K7: Diligenciar
B8: Tipo de agente: | K8: Elegir de la lista desplegable
B9: Oferta No: | K9: Diligenciar
B10: Tipo de oferta: | C10: CURVA | K10: Elegir de la lista desplegable
B11: % de su oferta con FNCER: | K11: Diligenciar
B13: Mes-año | C13: Energia Solicitada (kWh) | D13: % a ofertar | E13: Energia Oferta kWh | F13: Precio $ / kWh | H13: Mes-año | I13: Energia Solicitada (kWh) | J13: % a ofertar | K13: Energia Oferta kWh | L13: Precio $ / kWh
A15: 31 | B15: 47119 | C15: =+'Cantidades P5_(2029-2040)'!AC11 -> 30705470 | E15: =+C15*$D$15 -> 0 | H15: 49310 | I15: =+'Cantidades P5_(2029-2040)'!$AC$305 -> 11229385 | J15: =+$D$15 -> 0 | K15: =+I15*$J$15 -> 0
A16: 29 | B16: 47150 | C16: =+'Cantidades P5_(2029-2040)'!AC15 -> 22776052 | E16: =+C16*$D$15 -> 0 | H16: 49341 | I16: =+'Cantidades P5_(2029-2040)'!$AC$309 -> 10815000 | K16: =+I16*$J$15 -> 0
A17: 31 | B17: 47178 | C17: =+'Cantidades P5_(2029-2040)'!AC19 -> 33773824 | E17: =+C17*$D$15 -> 0 | H17: 49369 | I17: =+'Cantidades P5_(2029-2040)'!$AC$313 -> 12700423 | K17: =+I17*$J$15 -> 0
A18: 30 | B18: 47209 | C18: =+'Cantidades P5_(2029-2040)'!AC23 -> 28887141 | E18: =+C18*$D$15 -> 0 | H18: 49400 | I18: =+'Cantidades P5_(2029-2040)'!$AC$317 -> 13241252 | K18: =+I18*$J$15 -> 0
A19: 31 | B19: 47239 | C19: =+'Cantidades P5_(2029-2040)'!AC27 -> 26452679 | E19: =+C19*$D$15 -> 0 | H19: 49430 | I19: =+'Cantidades P5_(2029-2040)'!$AC$321 -> 14292836 | K19: =+I19*$J$15 -> 0
A20: 30 | B20: 47270 | C20: =+'Cantidades P5_(2029-2040)'!AC31 -> 25284267 | E20: =+C20*$D$15 -> 0 | H20: 49461 | I20: =+'Cantidades P5_(2029-2040)'!$AC$325 -> 12044014 | K20: =+I20*$J$15 -> 0
A21: 31 | B21: 47300 | C21: =+'Cantidades P5_(2029-2040)'!AC35 -> 28109899 | E21: =+C21*$D$15 -> 0 | H21: 49491 | I21: =+'Cantidades P5_(2029-2040)'!$AC$329 -> 12728364 | K21: =+I21*$J$15 -> 0
A22: 31 | B22: 47331 | C22: =+'Cantidades P5_(2029-2040)'!AC39 -> 28773743 | E22: =+C22*$D$15 -> 0 | H22: 49522 | I22: =+'Cantidades P5_(2029-2040)'!$AC$333 -> 13407853 | K22: =+I22*$J$15 -> 0
A23: 30 | B23: 47362 | C23: =+'Cantidades P5_(2029-2040)'!AC43 -> 35752687 | E23: =+C23*$D$15 -> 0 | H23: 49553 | I23: =+'Cantidades P5_(2029-2040)'!$AC$337 -> 15314049 | K23: =+I23*$J$15 -> 0
A24: 31 | B24: 47392 | C24: =+'Cantidades P5_(2029-2040)'!AC47 -> 30660260 | E24: =+C24*$D$15 -> 0 | H24: 49583 | I24: =+'Cantidades P5_(2029-2040)'!$AC$341 -> 14721460 | K24: =+I24*$J$15 -> 0
A25: 30 | B25: 47423 | C25: =+'Cantidades P5_(2029-2040)'!AC51 -> 32757071 | E25: =+C25*$D$15 -> 0 | H25: 49614 | I25: =+'Cantidades P5_(2029-2040)'!$AC$345 -> 16328816 | K25: =+I25*$J$15 -> 0
A26: 31 | B26: 47453 | C26: =+'Cantidades P5_(2029-2040)'!AC55 -> 22726250 | E26: =+C26*$D$15 -> 0 | H26: 49644 | I26: =+'Cantidades P5_(2029-2040)'!$AC$349 -> 12746690 | K26: =+I26*$J$15 -> 0
A27: 31 | B27: 47484 | C27: =+'Cantidades P5_(2029-2040)'!$AC$60 -> 33159730 | D27: =+$D$15 -> 0 | E27: =+C27*$D$27 -> 0 | H27: 49675 | I27: =+'Cantidades P5_(2029-2040)'!$AC$354 -> 17170103 | J27: =+$D$15 -> 0 | K27: =+I27*$J$27 -> 0
A28: 28 | B28: 47515 | C28: =+'Cantidades P5_(2029-2040)'!$AC$64 -> 27220925 | E28: =+C28*$D$27 -> 0 | H28: 49706 | I28: =+'Cantidades P5_(2029-2040)'!$AC$358 -> 14650068 | K28: =+I28*$J$27 -> 0
A29: 31 | B29: 47543 | C29: =+'Cantidades P5_(2029-2040)'!$AC$68 -> 36755144 | E29: =+C29*$D$27 -> 0 | H29: 49735 | I29: =+'Cantidades P5_(2029-2040)'!$AC$362 -> 19751565 | K29: =+I29*$J$27 -> 0
A30: 30 | B30: 47574 | C30: =+'Cantidades P5_(2029-2040)'!$AC$72 -> 32751765 | E30: =+C30*$D$27 -> 0 | H30: 49766 | I30: =+'Cantidades P5_(2029-2040)'!$AC$366 -> 18817025 | K30: =+I30*$J$27 -> 0
A31: 31 | B31: 47604 | C31: =+'Cantidades P5_(2029-2040)'!$AC$76 -> 30656534 | E31: =+C31*$D$27 -> 0 | H31: 49796 | I31: =+'Cantidades P5_(2029-2040)'!$AC$370 -> 18121459 | K31: =+I31*$J$27 -> 0
A32: 30 | B32: 47635 | C32: =+'Cantidades P5_(2029-2040)'!$AC$80 -> 27811957 | E32: =+C32*$D$27 -> 0 | H32: 49827 | I32: =+'Cantidades P5_(2029-2040)'!$AC$374 -> 16050325 | K32: =+I32*$J$27 -> 0
A33: 31 | B33: 47665 | C33: =+'Cantidades P5_(2029-2040)'!$AC$84 -> 31347807 | E33: =+C33*$D$27 -> 0 | H33: 49857 | I33: =+'Cantidades P5_(2029-2040)'!$AC$378 -> 17703453 | K33: =+I33*$J$27 -> 0
A34: 31 | B34: 47696 | C34: =+'Cantidades P5_(2029-2040)'!$AC$88 -> 32279755 | E34: =+C34*$D$27 -> 0 | H34: 49888 | I34: =+'Cantidades P5_(2029-2040)'!$AC$382 -> 17824828 | K34: =+I34*$J$27 -> 0
A35: 30 | B35: 47727 | C35: =+'Cantidades P5_(2029-2040)'!$AC$92 -> 38265613 | E35: =+C35*$D$27 -> 0 | H35: 49919 | I35: =+'Cantidades P5_(2029-2040)'!$AC$386 -> 20935156 | K35: =+I35*$J$27 -> 0
A36: 31 | B36: 47757 | C36: =+'Cantidades P5_(2029-2040)'!$AC$96 -> 33470313 | E36: =+C36*$D$27 -> 0 | H36: 49949 | I36: =+'Cantidades P5_(2029-2040)'!$AC$390 -> 18555864 | K36: =+I36*$J$27 -> 0
A37: 30 | B37: 47788 | C37: =+'Cantidades P5_(2029-2040)'!$AC$100 -> 35913927 | E37: =+C37*$D$27 -> 0 | H37: 49980 | I37: =+'Cantidades P5_(2029-2040)'!$AC$394 -> 20551660 | K37: =+I37*$J$27 -> 0
A38: 31 | B38: 47818 | C38: =+'Cantidades P5_(2029-2040)'!$AC$104 -> 27154877 | E38: =+C38*$D$27 -> 0 | H38: 50010 | I38: =+'Cantidades P5_(2029-2040)'!$AC$398 -> 15367244 | K38: =+I38*$J$27 -> 0
A39: 31 | B39: 47849 | C39: =+'Cantidades P5_(2029-2040)'!$AC$109 -> 21934067 | D39: =+$D$15 -> 0 | E39: =+C39*$D$39 -> 0 | H39: 50041 | I39: =+'Cantidades P5_(2029-2040)'!$AC$403 -> 25718051 | J39: =+$D$15 -> 0 | K39: =+I39*$J$39 -> 0
A40: 28 | B40: 47880 | C40: =+'Cantidades P5_(2029-2040)'!$AC$113 -> 18739989 | E40: =+C40*$D$39 -> 0 | H40: 50072 | I40: =+'Cantidades P5_(2029-2040)'!$AC$407 -> 25467006 | K40: =+I40*$J$39 -> 0
A41: 31 | B41: 47908 | C41: =+'Cantidades P5_(2029-2040)'!$AC$117 -> 24821666 | E41: =+C41*$D$39 -> 0 | H41: 50100 | I41: =+'Cantidades P5_(2029-2040)'!$AC$411 -> 28355166 | K41: =+I41*$J$39 -> 0
A42: 30 | B42: 47939 | C42: =+'Cantidades P5_(2029-2040)'!$AC$121 -> 23045246 | E42: =+C42*$D$39 -> 0 | H42: 50131 | I42: =+'Cantidades P5_(2029-2040)'!$AC$415 -> 28259633 | K42: =+I42*$J$39 -> 0
A43: 31 | B43: 47969 | C43: =+'Cantidades P5_(2029-2040)'!$AC$125 -> 22176513 | E43: =+C43*$D$39 -> 0 | H43: 50161 | I43: =+'Cantidades P5_(2029-2040)'!$AC$419 -> 28180001 | K43: =+I43*$J$39 -> 0
A44: 30 | B44: 48000 | C44: =+'Cantidades P5_(2029-2040)'!$AC$129 -> 18532812 | E44: =+C44*$D$39 -> 0 | H44: 50192 | I44: =+'Cantidades P5_(2029-2040)'!$AC$423 -> 24641284 | K44: =+I44*$J$39 -> 0
A45: 31 | B45: 48030 | C45: =+'Cantidades P5_(2029-2040)'!$AC$133 -> 21039691 | E45: =+C45*$D$39 -> 0 | H45: 50222 | I45: =+'Cantidades P5_(2029-2040)'!$AC$427 -> 26776827 | K45: =+I45*$J$39 -> 0
A46: 31 | B46: 48061 | C46: =+'Cantidades P5_(2029-2040)'!$AC$137 -> 22650935 | E46: =+C46*$D$39 -> 0 | H46: 50253 | I46: =+'Cantidades P5_(2029-2040)'!$AC$431 -> 27302841 | K46: =+I46*$J$39 -> 0
A47: 30 | B47: 48092 | C47: =+'Cantidades P5_(2029-2040)'!$AC$141 -> 27155036 | E47: =+C47*$D$39 -> 0 | H47: 50284 | I47: =+'Cantidades P5_(2029-2040)'!$AC$435 -> 29208627 | K47: =+I47*$J$39 -> 0
A48: 31 | B48: 48122 | C48: =+'Cantidades P5_(2029-2040)'!$AC$145 -> 23760438 | E48: =+C48*$D$39 -> 0 | H48: 50314 | I48: =+'Cantidades P5_(2029-2040)'!$AC$439 -> 27441525 | K48: =+I48*$J$39 -> 0
A49: 30 | B49: 48153 | C49: =+'Cantidades P5_(2029-2040)'!$AC$149 -> 26183941 | E49: =+C49*$D$39 -> 0 | H49: 50345 | I49: =+'Cantidades P5_(2029-2040)'!$AC$443 -> 29532158 | K49: =+I49*$J$39 -> 0
A50: 31 | B50: 48183 | C50: =+'Cantidades P5_(2029-2040)'!$AC$153 -> 19174528 | E50: =+C50*$D$39 -> 0 | H50: 50375 | I50: =+'Cantidades P5_(2029-2040)'!$AC$447 -> 25748336 | K50: =+I50*$J$39 -> 0
A51: 31 | B51: 48214 | C51: =+'Cantidades P5_(2029-2040)'!$AC$158 -> 8532540.3 | D51: =+$D$15 -> 0 | E51: =+C51*$D$51 -> 0 | H51: 50406 | I51: =+'Cantidades P5_(2029-2040)'!$AC$452 -> 26577641 | J51: =+$D$15 -> 0 | K51: =+I51*$J$51 -> 0
A52: 28 | B52: 48245 | C52: =+'Cantidades P5_(2029-2040)'!$AC$162 -> 7530569.7 | E52: =+C52*$D$51 -> 0 | H52: 50437 | I52: =+'Cantidades P5_(2029-2040)'!$AC$456 -> 26344360 | K52: =+I52*$J$51 -> 0
A53: 31 | B53: 48274 | C53: =+'Cantidades P5_(2029-2040)'!$AC$166 -> 9974362.8 | E53: =+C53*$D$51 -> 0 | H53: 50465 | I53: =+'Cantidades P5_(2029-2040)'!$AC$460 -> 29254974 | K53: =+I53*$J$51 -> 0
A54: 30 | B54: 48305 | C54: =+'Cantidades P5_(2029-2040)'!$AC$170 -> 10579662 | E54: =+C54*$D$51 -> 0 | H54: 50496 | I54: =+'Cantidades P5_(2029-2040)'!$AC$464 -> 29193294 | K54: =+I54*$J$51 -> 0
A55: 31 | B55: 48335 | C55: =+'Cantidades P5_(2029-2040)'!$AC$174 -> 11677898 | E55: =+C55*$D$51 -> 0 | H55: 50526 | I55: =+'Cantidades P5_(2029-2040)'!$AC$468 -> 29084542 | K55: =+I55*$J$51 -> 0
A56: 30 | B56: 48366 | C56: =+'Cantidades P5_(2029-2040)'!$AC$178 -> 9512134.8 | E56: =+C56*$D$51 -> 0 | H56: 50557 | I56: =+'Cantidades P5_(2029-2040)'!$AC$472 -> 25553431 | K56: =+I56*$J$51 -> 0
A57: 31 | B57: 48396 | C57: =+'Cantidades P5_(2029-2040)'!$AC$182 -> 10131747 | E57: =+C57*$D$51 -> 0 | H57: 50587 | I57: =+'Cantidades P5_(2029-2040)'!$AC$476 -> 27682155 | K57: =+I57*$J$51 -> 0
A58: 31 | B58: 48427 | C58: =+'Cantidades P5_(2029-2040)'!$AC$186 -> 10837334 | E58: =+C58*$D$51 -> 0 | H58: 50618 | I58: =+'Cantidades P5_(2029-2040)'!$AC$480 -> 28221725 | K58: =+I58*$J$51 -> 0
A59: 30 | B59: 48458 | C59: =+'Cantidades P5_(2029-2040)'!$AC$190 -> 12823065 | E59: =+C59*$D$51 -> 0 | H59: 50649 | I59: =+'Cantidades P5_(2029-2040)'!$AC$484 -> 30111274 | K59: =+I59*$J$51 -> 0
A60: 31 | B60: 48488 | C60: =+'Cantidades P5_(2029-2040)'!$AC$194 -> 12233706 | E60: =+C60*$D$51 -> 0 | H60: 50679 | I60: =+'Cantidades P5_(2029-2040)'!$AC$488 -> 28353333 | K60: =+I60*$J$51 -> 0
A61: 30 | B61: 48519 | C61: =+'Cantidades P5_(2029-2040)'!$AC$198 -> 13914164 | E61: =+C61*$D$51 -> 0 | H61: 50710 | I61: =+'Cantidades P5_(2029-2040)'!$AC$492 -> 30431249 | K61: =+I61*$J$51 -> 0
A62: 31 | B62: 48549 | C62: =+'Cantidades P5_(2029-2040)'!$AC$202 -> 10252586 | E62: =+C62*$D$51 -> 0 | H62: 50740 | I62: =+'Cantidades P5_(2029-2040)'!$AC$496 -> 26667966 | K62: =+I62*$J$51 -> 0
B63: 48580 | C63: =+'Cantidades P5_(2029-2040)'!$AC$207 -> 19542972 | D63: =+$D$15 -> 0 | E63: =+C63*$D$63 -> 0 | H63: 50771 | I63: =+'Cantidades P5_(2029-2040)'!$AC$501 -> 27438606 | J63: =+$D$15 -> 0 | K63: =+I63*$J$63 -> 0
B64: 48611 | C64: =+'Cantidades P5_(2029-2040)'!$AC$211 -> 18598413 | E64: =+C64*$D$63 -> 0 | H64: 50802 | I64: =+'Cantidades P5_(2029-2040)'!$AC$505 -> 27221453 | K64: =+I64*$J$63 -> 0
B65: 48639 | C65: =+'Cantidades P5_(2029-2040)'!$AC$215 -> 21287227 | E65: =+C65*$D$63 -> 0 | H65: 50830 | I65: =+'Cantidades P5_(2029-2040)'!$AC$509 -> 30154857 | K65: =+I65*$J$63 -> 0
B66: 48670 | C66: =+'Cantidades P5_(2029-2040)'!$AC$219 -> 21362094 | E66: =+C66*$D$63 -> 0 | H66: 50861 | I66: =+'Cantidades P5_(2029-2040)'!$AC$513 -> 30126712 | K66: =+I66*$J$63 -> 0
B67: 48700 | C67: =+'Cantidades P5_(2029-2040)'!$AC$223 -> 22522869 | E67: =+C67*$D$63 -> 0 | H67: 50891 | I67: =+'Cantidades P5_(2029-2040)'!$AC$517 -> 29989094 | K67: =+I67*$J$63 -> 0
B68: 48731 | C68: =+'Cantidades P5_(2029-2040)'!$AC$227 -> 19697169 | E68: =+C68*$D$63 -> 0 | H68: 50922 | I68: =+'Cantidades P5_(2029-2040)'!$AC$521 -> 26465283 | K68: =+I68*$J$63 -> 0
B69: 48761 | C69: =+'Cantidades P5_(2029-2040)'!$AC$231 -> 21016903 | E69: =+C69*$D$63 -> 0 | H69: 50952 | I69: =+'Cantidades P5_(2029-2040)'!$AC$525 -> 28587481 | K69: =+I69*$J$63 -> 0
B70: 48792 | C70: =+'Cantidades P5_(2029-2040)'!$AC$235 -> 21624722 | E70: =+C70*$D$63 -> 0 | H70: 50983 | I70: =+'Cantidades P5_(2029-2040)'!$AC$529 -> 29140520 | K70: =+I70*$J$63 -> 0
B71: 48823 | C71: =+'Cantidades P5_(2029-2040)'!$AC$239 -> 23444966 | E71: =+C71*$D$63 -> 0 | H71: 51014 | I71: =+'Cantidades P5_(2029-2040)'!$AC$533 -> 31013808 | K71: =+I71*$J$63 -> 0
B72: 48853 | C72: =+'Cantidades P5_(2029-2040)'!$AC$243 -> 22812551 | E72: =+C72*$D$63 -> 0 | H72: 51044 | I72: =+'Cantidades P5_(2029-2040)'!$AC$537 -> 29265142 | K72: =+I72*$J$63 -> 0
B73: 48884 | C73: =+'Cantidades P5_(2029-2040)'!$AC$247 -> 24361359 | E73: =+C73*$D$63 -> 0 | H73: 51075 | I73: =+'Cantidades P5_(2029-2040)'!$AC$541 -> 31330202 | K73: =+I73*$J$63 -> 0
B74: 48914 | C74: =+'Cantidades P5_(2029-2040)'!$AC$251 -> 20947670 | E74: =+C74*$D$63 -> 0 | H74: 51105 | I74: =+'Cantidades P5_(2029-2040)'!$AC$545 -> 27587654 | K74: =+I74*$J$63 -> 0
B75: 48945 | C75: =+'Cantidades P5_(2029-2040)'!$AC$256 -> 10712637 | D75: =+$D$15 -> 0 | E75: =+C75*$D$75 -> 0 | H75: 51136 | I75: =+'Cantidades P5_(2029-2040)'!$AC$550 -> 28445006 | J75: =+$D$15 -> 0 | K75: =+I75*$J$75 -> 0
B76: 48976 | C76: =+'Cantidades P5_(2029-2040)'!$AC$260 -> 10308459 | E76: =+C76*$D$75 -> 0 | H76: 51167 | I76: =+'Cantidades P5_(2029-2040)'!$AC$554 -> 26696118 | K76: =+I76*$J$75 -> 0
B77: 49004 | C77: =+'Cantidades P5_(2029-2040)'!$AC$264 -> 12191186 | E77: =+C77*$D$75 -> 0 | H77: 51196 | I77: =+'Cantidades P5_(2029-2040)'!$AC$558 -> 31191336 | K77: =+I77*$J$75 -> 0
B78: 49035 | C78: =+'Cantidades P5_(2029-2040)'!$AC$268 -> 12737333 | E78: =+C78*$D$75 -> 0 | H78: 51227 | I78: =+'Cantidades P5_(2029-2040)'!$AC$562 -> 30665704 | K78: =+I78*$J$75 -> 0
B79: 49065 | C79: =+'Cantidades P5_(2029-2040)'!$AC$272 -> 13810628 | E79: =+C79*$D$75 -> 0 | H79: 51257 | I79: =+'Cantidades P5_(2029-2040)'!$AC$566 -> 31041524 | K79: =+I79*$J$75 -> 0
B80: 49096 | C80: =+'Cantidades P5_(2029-2040)'!$AC$276 -> 11568758 | E80: =+C80*$D$75 -> 0 | H80: 51288 | I80: =+'Cantidades P5_(2029-2040)'!$AC$570 -> 27243311 | K80: =+I80*$J$75 -> 0
B81: 49126 | C81: =+'Cantidades P5_(2029-2040)'!$AC$280 -> 12260358 | E81: =+C81*$D$75 -> 0 | H81: 51318 | I81: =+'Cantidades P5_(2029-2040)'!$AC$574 -> 38757688 | K81: =+I81*$J$75 -> 0
B82: 49157 | C82: =+'Cantidades P5_(2029-2040)'!$AC$284 -> 12948310 | E82: =+C82*$D$75 -> 0 | H82: 51349 | I82: =+'Cantidades P5_(2029-2040)'!$AC$578 -> 38861117 | K82: =+I82*$J$75 -> 0
B83: 49188 | C83: =+'Cantidades P5_(2029-2040)'!$AC$288 -> 14878964 | E83: =+C83*$D$75 -> 0 | H83: 51380 | I83: =+'Cantidades P5_(2029-2040)'!$AC$582 -> 40526844 | K83: =+I83*$J$75 -> 0
B84: 49218 | C84: =+'Cantidades P5_(2029-2040)'!$AC$292 -> 14289011 | E84: =+C84*$D$75 -> 0 | H84: 51410 | I84: =+'Cantidades P5_(2029-2040)'!$AC$586 -> 39110519 | K84: =+I84*$J$75 -> 0
B85: 49249 | C85: =+'Cantidades P5_(2029-2040)'!$AC$296 -> 15919890 | E85: =+C85*$D$75 -> 0 | H85: 51441 | I85: =+'Cantidades P5_(2029-2040)'!$AC$590 -> 40994450 | K85: =+I85*$J$75 -> 0
B86: 49279 | C86: =+'Cantidades P5_(2029-2040)'!$AC$300 -> 12322804 | E86: =+C86*$D$75 -> 0 | H86: 51471 | I86: =+'Cantidades P5_(2029-2040)'!$AC$594 -> 36935209 | K86: =+I86*$J$75 -> 0
H87: TOTAL PRODUCTO | I87: =SUM(C15:C86)+SUM(I15:I86) -> 3.3397955e+09 | J87: =IFERROR(AVERAGE(D15:D50,D51:D86),"") -> 0 | K87: =SUM(E15:E86,K15:K86) -> 0 | L87: =(SUM(E15:E26)*F15+SUM(E27:E38)*F27+SUM(E39:E50)*F39+SUM(E51:E62)*F51+SUM(E63:E74)*F63+SUM(E75:E86)*F75+SUM(K15:K26)*L15+SUM(K27:K38)*L27+SUM(K39:K50)*L39+SUM(K51:K62)*L51+SUM(K63:K74)*L63+SUM(K75:K86)*L75)/K87 -> #DIV/0!
B102: Notas:
B103: (1) La Energía Ofertada se distribuye en forma horaria de acuerdo con la curva de carga presentada en la tabla 9.5. TABLAS CANTIDADES DE ENERGÍA SOLICITADA PRODUCTO 5 del pliego de condiciones.
B105: (2) Tipo de Contrato: pague lo contratado.
B106: (3) Precio ofertado en $kWh, en pesos de diciembre 2024 (IPP Provisional)
B107: (4) El precio debe ser Igual para todos los meses por año e Independiente por año del productor año, con dos cifras decimales
B108: (5) El % de energía debe ser Igual para todos los meses y años del producto, a dos cifras decimales.
B109: (6) El precio incluye todos los cargos, impuestos y contribuciones que según la reglamentación vigente en la fecha de apertura de propuestas son responsabilidad de EL OFERENTE .
B110: (7) No serán tenidas en cuenta ofertas con condiciones y/o modificaciones adicionales a los Pliegos definitivos.
B111: (8) La oferta se acoge a todas las condiciones del pliego CP-ESSC2025-001.
B112: (9) Tipo de oferta curva
B113: EL OFERENTE deberá tener en cuenta lo siguiente al completar cada una de las Tablas de las cantidades a suminsitrar: Debe definir el porcentaje ofertado, hasta máximo el 100% de lo solicitado, teniendo en cuenta el tipo de contrato; EL CONTRATANTE aceptará la oferta de acuerdo a la metodología de evaluación hasta el máximo ofertado, adjudicando proporcional a la oferta recibida para todos los años ofertados . Nota: Diligenciar columnas % a ofertar, energía horaria ofertada y precio.
B120: FIRMA OFERENTE E.S.P.

Sheet Cant suministrar P6_26-40
B2: ANEXO 10.6 CANTIDADES DE ENERGÍA A SUMINISTRAR PRODUCTO 6
B3: AÑO 2026 al 2040
B6: Oferta Básica, para la Solicitud Pública de Ofertas No. CP-ESSC2025-001, del 1 de julio de 2026 a 31 de diciembre de 2040.
B7: OFERENTE: | K7: Diligenciar
B8: Tipo de agente: | K8: Elegir de la lista desplegable
B9: Oferta No: | K9: Diligenciar
B10: Tipo de oferta: | C10: CURVA SOLAR | K10: Elegir de la lista desplegable
B11: % de su oferta con FNCER: | K11: Diligenciar
B13: Mes-año | C13: Energia Solicitada (kWh) | D13: % a ofertar | E13: Energia Oferta kWh | F13: Precio $ / kWh | H13: Mes-año | I13: Energia Solicitada (kWh) | J13: % a ofertar | K13: Energia Oferta kWh | L13: Precio $ / kWh | N13: Mes-año | O13: Energia Solicitada (kWh) | P13: % a ofertar | Q13: Energia Oferta kWh | R13: Precio $ / kWh
A15: 31 | B15: 46023 | C15: =+'Cantidades P6_(2026-2040)'!$AC$60 -> 0 | D15: 0.2 | E15: =+C15*$D$15 -> 0 | H15: 48580 | I15: =+'Cantidades P6_(2026-2040)'!$AC$403 -> 20213563 | J15: =+$D$15 -> 0.2 | K15: =+I15*$J$15 -> 4042712.6 | N15: 49310 | O15: =+'Cantidades P6_(2026-2040)'!$AC$501 -> 20020518 | P15: =+#REF! -> #REF! | Q15: =+O15*$D$63 -> 4004103.5
A16: 29 | B16: 46054 | C16: =+'Cantidades P6_(2026-2040)'!$AC$64 -> 0 | E16: =+C16*$D$15 -> 0 | H16: 48611 | I16: =+'Cantidades P6_(2026-2040)'!$AC$407 -> 18827988 | K16: =+I16*$J$15 -> 3765597.7 | N16: 49341 | O16: =+'Cantidades P6_(2026-2040)'!$AC$505 -> 18648175 | Q16: =+O16*$D$63 -> 3729634.9
A17: 31 | B17: 46082 | C17: =+'Cantidades P6_(2026-2040)'!$AC$68 -> 0 | E17: =+C17*$D$15 -> 0 | H17: 48639 | I17: =+'Cantidades P6_(2026-2040)'!$AC$411 -> 19588075 | K17: =+I17*$J$15 -> 3917614.9 | N17: 49369 | O17: =+'Cantidades P6_(2026-2040)'!$AC$509 -> 19401002 | Q17: =+O17*$D$63 -> 3880200.4
A18: 30 | B18: 46113 | C18: =+'Cantidades P6_(2026-2040)'!$AC$72 -> 0 | E18: =+C18*$D$15 -> 0 | H18: 48670 | I18: =+'Cantidades P6_(2026-2040)'!$AC$415 -> 17497836 | K18: =+I18*$J$15 -> 3499567.1 | N18: 49400 | O18: =+'Cantidades P6_(2026-2040)'!$AC$513 -> 17330726 | Q18: =+O18*$D$63 -> 3466145.1
A19: 31 | B19: 46143 | C19: =+'Cantidades P6_(2026-2040)'!$AC$76 -> 0 | E19: =+C19*$D$15 -> 0 | H19: 48700 | I19: =+'Cantidades P6_(2026-2040)'!$AC$419 -> 16626903 | K19: =+I19*$J$15 -> 3325380.6 | N19: 49430 | O19: =+'Cantidades P6_(2026-2040)'!$AC$517 -> 16468111 | Q19: =+O19*$D$63 -> 3293622.2
A20: 30 | B20: 46174 | C20: =+'Cantidades P6_(2026-2040)'!$AC$80 -> 0 | E20: =+C20*$D$15 -> 0 | H20: 48731 | I20: =+'Cantidades P6_(2026-2040)'!$AC$423 -> 16951524 | K20: =+I20*$J$15 -> 3390304.8 | N20: 49461 | O20: =+'Cantidades P6_(2026-2040)'!$AC$521 -> 16789631 | Q20: =+O20*$D$63 -> 3357926.2
A21: 31 | B21: 46204 | C21: =+'Cantidades P6_(2026-2040)'!$AC$84 -> 18703616 | E21: =+C21*$D$15 -> 3740723.3 | H21: 48761 | I21: =+'Cantidades P6_(2026-2040)'!$AC$427 -> 18281676 | K21: =+I21*$J$15 -> 3656335.2 | N21: 49491 | O21: =+'Cantidades P6_(2026-2040)'!$AC$525 -> 18107080 | Q21: =+O21*$D$63 -> 3621416
A22: 31 | B22: 46235 | C22: =+'Cantidades P6_(2026-2040)'!$AC$88 -> 17707279 | E22: =+C22*$D$15 -> 3541455.7 | H22: 48792 | I22: =+'Cantidades P6_(2026-2040)'!$AC$431 -> 17307814 | K22: =+I22*$J$15 -> 3461562.9 | N22: 49522 | O22: =+'Cantidades P6_(2026-2040)'!$AC$529 -> 17142519 | Q22: =+O22*$D$63 -> 3428503.8
A23: 30 | B23: 46266 | C23: =+'Cantidades P6_(2026-2040)'!$AC$92 -> 15269085 | E23: =+C23*$D$15 -> 3053817 | H23: 48823 | I23: =+'Cantidades P6_(2026-2040)'!$AC$435 -> 14924625 | K23: =+I23*$J$15 -> 2984925 | N23: 49553 | O23: =+'Cantidades P6_(2026-2040)'!$AC$533 -> 14782089 | Q23: =+O23*$D$63 -> 2956417.9
A24: 31 | B24: 46296 | C24: =+'Cantidades P6_(2026-2040)'!$AC$96 -> 15730803 | E24: =+C24*$D$15 -> 3146160.5 | H24: 48853 | I24: =+'Cantidades P6_(2026-2040)'!$AC$439 -> 15375927 | K24: =+I24*$J$15 -> 3075185.3 | N24: 49583 | O24: =+'Cantidades P6_(2026-2040)'!$AC$537 -> 15229081 | Q24: =+O24*$D$63 -> 3045816.2
A25: 30 | B25: 46327 | C25: =+'Cantidades P6_(2026-2040)'!$AC$100 -> 13697625 | E25: =+C25*$D$15 -> 2739525 | H25: 48884 | I25: =+'Cantidades P6_(2026-2040)'!$AC$443 -> 13388616 | K25: =+I25*$J$15 -> 2677723.2 | N25: 49614 | O25: =+'Cantidades P6_(2026-2040)'!$AC$541 -> 13260751 | Q25: =+O25*$D$63 -> 2652150.1
A26: 31 | B26: 46357 | C26: =+'Cantidades P6_(2026-2040)'!$AC$104 -> 18063692 | E26: =+C26*$D$15 -> 3612738.4 | H26: 48914 | I26: =+'Cantidades P6_(2026-2040)'!$AC$447 -> 17656188 | K26: =+I26*$J$15 -> 3531237.5 | N26: 49644 | O26: =+'Cantidades P6_(2026-2040)'!$AC$545 -> 17487565 | Q26: =+O26*$D$63 -> 3497513
A27: 31 | B27: 46388 | C27: =+'Cantidades P6_(2026-2040)'!$AC$109 -> 20639874 | D27: =+$D$15 -> 0.2 | E27: =+C27*$D$27 -> 4127974.8 | H27: 48945 | I27: =+'Cantidades P6_(2026-2040)'!$AC$452 -> 20117040 | J27: =+$D$15 -> 0.2 | K27: =+I27*$J$27 -> 4023408 | N27: 49675 | O27: =+'Cantidades P6_(2026-2040)'!$AC$550 -> 19940082 | P27: =+#REF! -> #REF! | Q27: =+O27*$D$63 -> 3988016.3
A28: 28 | B28: 46419 | C28: =+'Cantidades P6_(2026-2040)'!$AC$113 -> 19225077 | E28: =+C28*$D$27 -> 3845015.3 | H28: 48976 | I28: =+'Cantidades P6_(2026-2040)'!$AC$456 -> 18738082 | K28: =+I28*$J$27 -> 3747616.3 | N28: 49706 | O28: =+'Cantidades P6_(2026-2040)'!$AC$554 -> 19236583 | Q28: =+O28*$D$63 -> 3847316.5
A29: 31 | B29: 46447 | C29: =+'Cantidades P6_(2026-2040)'!$AC$117 -> 20001194 | E29: =+C29*$D$27 -> 4000238.9 | H29: 49004 | I29: =+'Cantidades P6_(2026-2040)'!$AC$460 -> 19494539 | K29: =+I29*$J$27 -> 3898907.8 | N29: 49735 | O29: =+'Cantidades P6_(2026-2040)'!$AC$558 -> 19323056 | Q29: =+O29*$D$63 -> 3864611.1
A30: 30 | B30: 46478 | C30: =+'Cantidades P6_(2026-2040)'!$AC$121 -> 17866871 | E30: =+C30*$D$27 -> 3573374.2 | H30: 49035 | I30: =+'Cantidades P6_(2026-2040)'!$AC$464 -> 17414281 | K30: =+I30*$J$27 -> 3482856.2 | N30: 49766 | O30: =+'Cantidades P6_(2026-2040)'!$AC$562 -> 17261097 | Q30: =+O30*$D$63 -> 3452219.4
A31: 31 | B31: 46508 | C31: =+'Cantidades P6_(2026-2040)'!$AC$125 -> 16977570 | E31: =+C31*$D$27 -> 3395514 | H31: 49065 | I31: =+'Cantidades P6_(2026-2040)'!$AC$468 -> 16547507 | K31: =+I31*$J$27 -> 3309501.4 | N31: 49796 | O31: =+'Cantidades P6_(2026-2040)'!$AC$566 -> 16401947 | Q31: =+O31*$D$63 -> 3280389.4
A32: 30 | B32: 46539 | C32: =+'Cantidades P6_(2026-2040)'!$AC$129 -> 17309037 | E32: =+C32*$D$27 -> 3461807.3 | H32: 49096 | I32: =+'Cantidades P6_(2026-2040)'!$AC$472 -> 16870577 | K32: =+I32*$J$27 -> 3374115.4 | N32: 49827 | O32: =+'Cantidades P6_(2026-2040)'!$AC$570 -> 16722176 | Q32: =+O32*$D$63 -> 3344435.1
A33: 31 | B33: 46569 | C33: =+'Cantidades P6_(2026-2040)'!$AC$133 -> 18667243 | E33: =+C33*$D$27 -> 3733448.5 | H33: 49126 | I33: =+'Cantidades P6_(2026-2040)'!$AC$476 -> 18194378 | K33: =+I33*$J$27 -> 3638875.6 | N33: 49857 | O33: =+'Cantidades P6_(2026-2040)'!$AC$574 -> 18034332 | Q33: =+O33*$D$63 -> 3606866.3
A34: 31 | B34: 46600 | C34: =+'Cantidades P6_(2026-2040)'!$AC$137 -> 17672842 | E34: =+C34*$D$27 -> 3534568.4 | H34: 49157 | I34: =+'Cantidades P6_(2026-2040)'!$AC$480 -> 17225166 | K34: =+I34*$J$27 -> 3445033.2 | N34: 49888 | O34: =+'Cantidades P6_(2026-2040)'!$AC$578 -> 17073645 | Q34: =+O34*$D$63 -> 3414729.1
A35: 30 | B35: 46631 | C35: =+'Cantidades P6_(2026-2040)'!$AC$141 -> 15239390 | E35: =+C35*$D$27 -> 3047878 | H35: 49188 | I35: =+'Cantidades P6_(2026-2040)'!$AC$484 -> 14853357 | K35: =+I35*$J$27 -> 2970671.5 | N35: 49919 | O35: =+'Cantidades P6_(2026-2040)'!$AC$582 -> 14722701 | Q35: =+O35*$D$63 -> 2944540.1
A36: 31 | B36: 46661 | C36: =+'Cantidades P6_(2026-2040)'!$AC$145 -> 15700210 | E36: =+C36*$D$27 -> 3140042 | H36: 49218 | I36: =+'Cantidades P6_(2026-2040)'!$AC$488 -> 15302504 | K36: =+I36*$J$27 -> 3060500.8 | N36: 49949 | O36: =+'Cantidades P6_(2026-2040)'!$AC$586 -> 15167896 | Q36: =+O36*$D$63 -> 3033579.2
A37: 30 | B37: 46692 | C37: =+'Cantidades P6_(2026-2040)'!$AC$149 -> 13670986 | E37: =+C37*$D$27 -> 2734197.3 | H37: 49249 | I37: =+'Cantidades P6_(2026-2040)'!$AC$492 -> 13324683 | K37: =+I37*$J$27 -> 2664936.5 | N37: 49980 | O37: =+'Cantidades P6_(2026-2040)'!$AC$590 -> 13207473 | Q37: =+O37*$D$63 -> 2641494.5
A38: 31 | B38: 46722 | C38: =+'Cantidades P6_(2026-2040)'!$AC$153 -> 18028563 | E38: =+C38*$D$27 -> 3605712.6 | H38: 49279 | I38: =+'Cantidades P6_(2026-2040)'!$AC$496 -> 17571876 | K38: =+I38*$J$27 -> 3514375.2 | N38: 50010 | O38: =+'Cantidades P6_(2026-2040)'!$AC$594 -> 17417306 | Q38: =+O38*$D$63 -> 3483461.2
A39: 31 | B39: 46753 | C39: =+'Cantidades P6_(2026-2040)'!$AC$158 -> 20591613 | D39: =+$D$15 -> 0.2 | E39: =+C39*$D$39 -> 4118322.6 | H39: 49310 | I39: =+'Cantidades P6_(2026-2040)'!$AC$501 -> 20020518 | J39: =+$D$15 -> 0.2 | K39: =+I39*$J$39 -> 4004103.5 | N39: 50041 | O39: =+'Cantidades P6_(2026-2040)'!$AC$599 -> 19867689 | P39: =+#REF! -> #REF! | Q39: =+O39*$D$63 -> 3973537.8
A40: 28 | B40: 46784 | C40: =+'Cantidades P6_(2026-2040)'!$AC$162 -> 19865127 | E40: =+C40*$D$39 -> 3973025.5 | H40: 49341 | I40: =+'Cantidades P6_(2026-2040)'!$AC$505 -> 18648175 | K40: =+I40*$J$39 -> 3729634.9 | N40: 50072 | O40: =+'Cantidades P6_(2026-2040)'!$AC$603 -> 18505822 | Q40: =+O40*$D$63 -> 3701164.4
A41: 31 | B41: 46813 | C41: =+'Cantidades P6_(2026-2040)'!$AC$166 -> 19954426 | E41: =+C41*$D$39 -> 3990885.2 | H41: 49369 | I41: =+'Cantidades P6_(2026-2040)'!$AC$509 -> 19401002 | K41: =+I41*$J$39 -> 3880200.4 | N41: 50100 | O41: =+'Cantidades P6_(2026-2040)'!$AC$607 -> 19252904 | Q41: =+O41*$D$63 -> 3850580.8
A42: 30 | B42: 46844 | C42: =+'Cantidades P6_(2026-2040)'!$AC$170 -> 17825093 | E42: =+C42*$D$39 -> 3565018.7 | H42: 49400 | I42: =+'Cantidades P6_(2026-2040)'!$AC$513 -> 17330726 | K42: =+I42*$J$39 -> 3466145.1 | N42: 50131 | O42: =+'Cantidades P6_(2026-2040)'!$AC$611 -> 17198430 | Q42: =+O42*$D$63 -> 3439686.1
A43: 31 | B43: 46874 | C43: =+'Cantidades P6_(2026-2040)'!$AC$174 -> 16937872 | E43: =+C43*$D$39 -> 3387574.4 | H43: 49430 | I43: =+'Cantidades P6_(2026-2040)'!$AC$517 -> 16468111 | K43: =+I43*$J$39 -> 3293622.2 | N43: 50161 | O43: =+'Cantidades P6_(2026-2040)'!$AC$615 -> 16342400 | Q43: =+O43*$D$63 -> 3268479.9
A44: 30 | B44: 46905 | C44: =+'Cantidades P6_(2026-2040)'!$AC$178 -> 17268564 | E44: =+C44*$D$39 -> 3453712.7 | H44: 49461 | I44: =+'Cantidades P6_(2026-2040)'!$AC$521 -> 16789631 | K44: =+I44*$J$39 -> 3357926.2 | N44: 50192 | O44: =+'Cantidades P6_(2026-2040)'!$AC$619 -> 16661466 | Q44: =+O44*$D$63 -> 3332293.2
A45: 31 | B45: 46935 | C45: =+'Cantidades P6_(2026-2040)'!$AC$182 -> 18623594 | E45: =+C45*$D$39 -> 3724718.7 | H45: 49491 | I45: =+'Cantidades P6_(2026-2040)'!$AC$525 -> 18107080 | K45: =+I45*$J$39 -> 3621416 | N45: 50222 | O45: =+'Cantidades P6_(2026-2040)'!$AC$623 -> 17968857 | Q45: =+O45*$D$63 -> 3593771.4
A46: 31 | B46: 46966 | C46: =+'Cantidades P6_(2026-2040)'!$AC$186 -> 17631518 | E46: =+C46*$D$39 -> 3526303.6 | H46: 49522 | I46: =+'Cantidades P6_(2026-2040)'!$AC$529 -> 17142519 | K46: =+I46*$J$39 -> 3428503.8 | N46: 50253 | O46: =+'Cantidades P6_(2026-2040)'!$AC$627 -> 17011660 | Q46: =+O46*$D$63 -> 3402332
A47: 30 | B47: 46997 | C47: =+'Cantidades P6_(2026-2040)'!$AC$190 -> 15203757 | E47: =+C47*$D$39 -> 3040751.4 | H47: 49553 | I47: =+'Cantidades P6_(2026-2040)'!$AC$533 -> 14782089 | K47: =+I47*$J$39 -> 2956417.9 | N47: 50284 | O47: =+'Cantidades P6_(2026-2040)'!$AC$631 -> 14669249 | Q47: =+O47*$D$63 -> 2933849.8
A48: 31 | B48: 47027 | C48: =+'Cantidades P6_(2026-2040)'!$AC$194 -> 15663498 | E48: =+C48*$D$39 -> 3132699.7 | H48: 49583 | I48: =+'Cantidades P6_(2026-2040)'!$AC$537 -> 15229081 | K48: =+I48*$J$39 -> 3045816.2 | N48: 50314 | O48: =+'Cantidades P6_(2026-2040)'!$AC$635 -> 15112829 | Q48: =+O48*$D$63 -> 3022565.8
A49: 30 | B49: 47058 | C49: =+'Cantidades P6_(2026-2040)'!$AC$198 -> 13639020 | E49: =+C49*$D$39 -> 2727804.1 | H49: 49614 | I49: =+'Cantidades P6_(2026-2040)'!$AC$541 -> 13260751 | K49: =+I49*$J$39 -> 2652150.1 | N49: 50345 | O49: =+'Cantidades P6_(2026-2040)'!$AC$639 -> 13159523 | Q49: =+O49*$D$63 -> 2631904.6
A50: 31 | B50: 47088 | C50: =+'Cantidades P6_(2026-2040)'!$AC$202 -> 17986407 | E50: =+C50*$D$39 -> 3597281.3 | H50: 49644 | I50: =+'Cantidades P6_(2026-2040)'!$AC$545 -> 17487565 | K50: =+I50*$J$39 -> 3497513 | N50: 50375 | O50: =+'Cantidades P6_(2026-2040)'!$AC$643 -> 17354073 | Q50: =+O50*$D$63 -> 3470814.6
A51: 31 | B51: 47119 | C51: =+'Cantidades P6_(2026-2040)'!$AC$207 -> 20535308 | D51: =+$D$15 -> 0.2 | E51: =+C51*$D$51 -> 4107061.6 | H51: 49675 | I51: =+'Cantidades P6_(2026-2040)'!$AC$550 -> 19940082 | J51: =+$D$15 -> 0.2 | K51: =+I51*$J$51 -> 3988016.3 | N51: 50406 | O51: =+'Cantidades P6_(2026-2040)'!$AC$648 -> 19803340 | P51: =+#REF! -> #REF! | Q51: =+O51*$D$63 -> 3960668
A52: 28 | B52: 47150 | C52: =+'Cantidades P6_(2026-2040)'!$AC$211 -> 19127678 | E52: =+C52*$D$51 -> 3825535.6 | H52: 49706 | I52: =+'Cantidades P6_(2026-2040)'!$AC$554 -> 19236583 | K52: =+I52*$J$51 -> 3847316.5 | N52: 50437 | O52: =+'Cantidades P6_(2026-2040)'!$AC$652 -> 18445885 | Q52: =+O52*$D$63 -> 3689176.9
A53: 31 | B53: 47178 | C53: =+'Cantidades P6_(2026-2040)'!$AC$215 -> 19899863 | E53: =+C53*$D$51 -> 3979972.6 | H53: 49735 | I53: =+'Cantidades P6_(2026-2040)'!$AC$558 -> 19323056 | K53: =+I53*$J$51 -> 3864611.1 | N53: 50465 | O53: =+'Cantidades P6_(2026-2040)'!$AC$656 -> 19190546 | Q53: =+O53*$D$63 -> 3838109.1
A54: 30 | B54: 47209 | C54: =+'Cantidades P6_(2026-2040)'!$AC$219 -> 17776353 | E54: =+C54*$D$51 -> 3555270.6 | H54: 49766 | I54: =+'Cantidades P6_(2026-2040)'!$AC$562 -> 17261097 | K54: =+I54*$J$51 -> 3452219.4 | N54: 50496 | O54: =+'Cantidades P6_(2026-2040)'!$AC$660 -> 17142727 | Q54: =+O54*$D$63 -> 3428545.4
A55: 31 | B55: 47239 | C55: =+'Cantidades P6_(2026-2040)'!$AC$223 -> 16891557 | E55: =+C55*$D$51 -> 3378311.5 | H55: 49796 | I55: =+'Cantidades P6_(2026-2040)'!$AC$566 -> 16401947 | K55: =+I55*$J$51 -> 3280389.4 | N55: 50526 | O55: =+'Cantidades P6_(2026-2040)'!$AC$664 -> 16289469 | Q55: =+O55*$D$63 -> 3257893.7
A56: 30 | B56: 47270 | C56: =+'Cantidades P6_(2026-2040)'!$AC$227 -> 17221345 | E56: =+C56*$D$51 -> 3444269 | H56: 49827 | I56: =+'Cantidades P6_(2026-2040)'!$AC$570 -> 16722176 | K56: =+I56*$J$51 -> 3344435.1 | N56: 50557 | O56: =+'Cantidades P6_(2026-2040)'!$AC$668 -> 16607502 | Q56: =+O56*$D$63 -> 3321500.3
A57: 31 | B57: 47300 | C57: =+'Cantidades P6_(2026-2040)'!$AC$231 -> 18572670 | E57: =+C57*$D$51 -> 3714533.9 | H57: 49857 | I57: =+'Cantidades P6_(2026-2040)'!$AC$574 -> 18034332 | K57: =+I57*$J$51 -> 3606866.3 | N57: 50587 | O57: =+'Cantidades P6_(2026-2040)'!$AC$672 -> 17910659 | Q57: =+O57*$D$63 -> 3582131.8
A58: 31 | B58: 47331 | C58: =+'Cantidades P6_(2026-2040)'!$AC$235 -> 17583307 | E58: =+C58*$D$51 -> 3516661.3 | H58: 49888 | I58: =+'Cantidades P6_(2026-2040)'!$AC$578 -> 17073645 | K58: =+I58*$J$51 -> 3414729.1 | N58: 50618 | O58: =+'Cantidades P6_(2026-2040)'!$AC$676 -> 16956562 | Q58: =+O58*$D$63 -> 3391312.5
A59: 30 | B59: 47362 | C59: =+'Cantidades P6_(2026-2040)'!$AC$239 -> 15162183 | E59: =+C59*$D$51 -> 3032436.6 | H59: 49919 | I59: =+'Cantidades P6_(2026-2040)'!$AC$582 -> 14722701 | K59: =+I59*$J$51 -> 2944540.1 | N59: 50649 | O59: =+'Cantidades P6_(2026-2040)'!$AC$680 -> 14621737 | Q59: =+O59*$D$63 -> 2924347.5
A60: 31 | B60: 47392 | C60: =+'Cantidades P6_(2026-2040)'!$AC$243 -> 15620669 | E60: =+C60*$D$51 -> 3124133.8 | H60: 49949 | I60: =+'Cantidades P6_(2026-2040)'!$AC$586 -> 15167896 | K60: =+I60*$J$51 -> 3033579.2 | N60: 50679 | O60: =+'Cantidades P6_(2026-2040)'!$AC$684 -> 15063880 | Q60: =+O60*$D$63 -> 3012776
A61: 30 | B61: 47423 | C61: =+'Cantidades P6_(2026-2040)'!$AC$247 -> 13601725 | E61: =+C61*$D$51 -> 2720345.1 | H61: 49980 | I61: =+'Cantidades P6_(2026-2040)'!$AC$590 -> 13207473 | K61: =+I61*$J$51 -> 2641494.5 | N61: 50710 | O61: =+'Cantidades P6_(2026-2040)'!$AC$688 -> 13116901 | Q61: =+O61*$D$63 -> 2623380.1
A62: 31 | B62: 47453 | C62: =+'Cantidades P6_(2026-2040)'!$AC$251 -> 17937225 | E62: =+C62*$D$51 -> 3587445 | H62: 50010 | I62: =+'Cantidades P6_(2026-2040)'!$AC$594 -> 17417306 | K62: =+I62*$J$51 -> 3483461.2 | N62: 50740 | O62: =+'Cantidades P6_(2026-2040)'!$AC$692 -> 17297865 | Q62: =+O62*$D$63 -> 3459573
B63: 47484 | C63: =+'Cantidades P6_(2026-2040)'!$AC$256 -> 20479002 | D63: =+$D$15 -> 0.2 | E63: =+C63*$D$63 -> 4095800.5 | H63: 50041 | I63: =+'Cantidades P6_(2026-2040)'!$AC$599 -> 19867689 | J63: =+$D$15 -> 0.2 | K63: =+I63*$J$63 -> 3973537.8 | N63: 50771 | O63: =+'Cantidades P6_(2026-2040)'!$AC$697 -> 19738991 | P63: =+#REF! -> #REF! | Q63: =+O63*$D$63 -> 3947798.3
B64: 47515 | C64: =+'Cantidades P6_(2026-2040)'!$AC$260 -> 19075232 | E64: =+C64*$D$63 -> 3815046.4 | H64: 50072 | I64: =+'Cantidades P6_(2026-2040)'!$AC$603 -> 18505822 | K64: =+I64*$J$63 -> 3701164.4 | N64: 50802 | O64: =+'Cantidades P6_(2026-2040)'!$AC$701 -> 18385946 | Q64: =+O64*$D$63 -> 3677189.3
B65: 47543 | C65: =+'Cantidades P6_(2026-2040)'!$AC$264 -> 19845300 | E65: =+C65*$D$63 -> 3969060 | H65: 50100 | I65: =+'Cantidades P6_(2026-2040)'!$AC$607 -> 19252904 | K65: =+I65*$J$63 -> 3850580.8 | N65: 50830 | O65: =+'Cantidades P6_(2026-2040)'!$AC$705 -> 19128188 | Q65: =+O65*$D$63 -> 3825637.6
B66: 47574 | C66: =+'Cantidades P6_(2026-2040)'!$AC$268 -> 17727613 | E66: =+C66*$D$63 -> 3545522.5 | H66: 50131 | I66: =+'Cantidades P6_(2026-2040)'!$AC$611 -> 17198430 | K66: =+I66*$J$63 -> 3439686.1 | N66: 50861 | O66: =+'Cantidades P6_(2026-2040)'!$AC$709 -> 17087023 | Q66: =+O66*$D$63 -> 3417404.7
B67: 47604 | C67: =+'Cantidades P6_(2026-2040)'!$AC$272 -> 16845243 | E67: =+C67*$D$63 -> 3369048.5 | H67: 50161 | I67: =+'Cantidades P6_(2026-2040)'!$AC$615 -> 16342400 | K67: =+I67*$J$63 -> 3268479.9 | N67: 50891 | O67: =+'Cantidades P6_(2026-2040)'!$AC$713 -> 16236538 | Q67: =+O67*$D$63 -> 3247307.5
B68: 47635 | C68: =+'Cantidades P6_(2026-2040)'!$AC$276 -> 17174126 | E68: =+C68*$D$63 -> 3434825.2 | H68: 50192 | I68: =+'Cantidades P6_(2026-2040)'!$AC$619 -> 16661466 | K68: =+I68*$J$63 -> 3332293.2 | N68: 50922 | O68: =+'Cantidades P6_(2026-2040)'!$AC$717 -> 16553537 | Q68: =+O68*$D$63 -> 3310707.4
B69: 47665 | C69: =+'Cantidades P6_(2026-2040)'!$AC$280 -> 18521745 | E69: =+C69*$D$63 -> 3704349.1 | H69: 50222 | I69: =+'Cantidades P6_(2026-2040)'!$AC$623 -> 17968857 | K69: =+I69*$J$63 -> 3593771.4 | N69: 50952 | O69: =+'Cantidades P6_(2026-2040)'!$AC$721 -> 17852460 | Q69: =+O69*$D$63 -> 3570492
B70: 47696 | C70: =+'Cantidades P6_(2026-2040)'!$AC$284 -> 17535096 | E70: =+C70*$D$63 -> 3507019.1 | H70: 50253 | I70: =+'Cantidades P6_(2026-2040)'!$AC$627 -> 17011660 | K70: =+I70*$J$63 -> 3402332 | N70: 50983 | O70: =+'Cantidades P6_(2026-2040)'!$AC$725 -> 16901463 | Q70: =+O70*$D$63 -> 3380292.6
B71: 47727 | C71: =+'Cantidades P6_(2026-2040)'!$AC$288 -> 15120611 | E71: =+C71*$D$63 -> 3024122.3 | H71: 50284 | I71: =+'Cantidades P6_(2026-2040)'!$AC$631 -> 14669249 | K71: =+I71*$J$63 -> 2933849.8 | N71: 51014 | O71: =+'Cantidades P6_(2026-2040)'!$AC$729 -> 14574226 | Q71: =+O71*$D$63 -> 2914845.2
B72: 47757 | C72: =+'Cantidades P6_(2026-2040)'!$AC$292 -> 15577839 | E72: =+C72*$D$63 -> 3115567.7 | H72: 50314 | I72: =+'Cantidades P6_(2026-2040)'!$AC$635 -> 15112829 | K72: =+I72*$J$63 -> 3022565.8 | N72: 51044 | O72: =+'Cantidades P6_(2026-2040)'!$AC$733 -> 15014932 | Q72: =+O72*$D$63 -> 3002986.4
B73: 47788 | C73: =+'Cantidades P6_(2026-2040)'!$AC$296 -> 13564431 | E73: =+C73*$D$63 -> 2712886.2 | H73: 50345 | I73: =+'Cantidades P6_(2026-2040)'!$AC$639 -> 13159523 | K73: =+I73*$J$63 -> 2631904.6 | N73: 51075 | O73: =+'Cantidades P6_(2026-2040)'!$AC$737 -> 13074279 | Q73: =+O73*$D$63 -> 2614855.8
B74: 47818 | C74: =+'Cantidades P6_(2026-2040)'!$AC$300 -> 17888043 | E74: =+C74*$D$63 -> 3577608.7 | H74: 50375 | I74: =+'Cantidades P6_(2026-2040)'!$AC$643 -> 17354073 | K74: =+I74*$J$63 -> 3470814.6 | N74: 51105 | O74: =+'Cantidades P6_(2026-2040)'!$AC$741 -> 17241658 | Q74: =+O74*$D$63 -> 3448331.5
B75: 47849 | C75: =+'Cantidades P6_(2026-2040)'!$AC$305 -> 20398566 | D75: =+$D$15 -> 0.2 | E75: =+C75*$D$75 -> 4079713.3 | H75: 50406 | I75: =+'Cantidades P6_(2026-2040)'!$AC$648 -> 19803340 | J75: =+$D$15 -> 0.2 | K75: =+I75*$J$75 -> 3960668 | N75: 51136 | O75: =+'Cantidades P6_(2026-2040)'!$AC$746 -> 19674643 | P75: =+#REF! -> #REF! | Q75: =+O75*$D$63 -> 3934928.5
B76: 47880 | C76: =+'Cantidades P6_(2026-2040)'!$AC$309 -> 19000310 | E76: =+C76*$D$75 -> 3800062 | H76: 50437 | I76: =+'Cantidades P6_(2026-2040)'!$AC$652 -> 18445885 | K76: =+I76*$J$75 -> 3689176.9 | N76: 51167 | O76: =+'Cantidades P6_(2026-2040)'!$AC$750 -> 18980509 | Q76: =+O76*$D$63 -> 3796101.7
B77: 47908 | C77: =+'Cantidades P6_(2026-2040)'!$AC$313 -> 19767353 | E77: =+C77*$D$75 -> 3953470.6 | H77: 50465 | I77: =+'Cantidades P6_(2026-2040)'!$AC$656 -> 19190546 | K77: =+I77*$J$75 -> 3838109.1 | N77: 51196 | O77: =+'Cantidades P6_(2026-2040)'!$AC$754 -> 19065830 | Q77: =+O77*$D$63 -> 3813166.1
B78: 47939 | C78: =+'Cantidades P6_(2026-2040)'!$AC$317 -> 17657983 | E78: =+C78*$D$75 -> 3531596.7 | H78: 50496 | I78: =+'Cantidades P6_(2026-2040)'!$AC$660 -> 17142727 | K78: =+I78*$J$75 -> 3428545.4 | N78: 51227 | O78: =+'Cantidades P6_(2026-2040)'!$AC$758 -> 17031319 | Q78: =+O78*$D$63 -> 3406263.9
B79: 47969 | C79: =+'Cantidades P6_(2026-2040)'!$AC$321 -> 16779079 | E79: =+C79*$D$75 -> 3355815.9 | H79: 50526 | I79: =+'Cantidades P6_(2026-2040)'!$AC$664 -> 16289469 | K79: =+I79*$J$75 -> 3257893.7 | N79: 51257 | O79: =+'Cantidades P6_(2026-2040)'!$AC$762 -> 16183607 | Q79: =+O79*$D$63 -> 3236721.5
B80: 48000 | C80: =+'Cantidades P6_(2026-2040)'!$AC$325 -> 17106671 | E80: =+C80*$D$75 -> 3421334.2 | H80: 50557 | I80: =+'Cantidades P6_(2026-2040)'!$AC$668 -> 16607502 | K80: =+I80*$J$75 -> 3321500.3 | N80: 51288 | O80: =+'Cantidades P6_(2026-2040)'!$AC$766 -> 16499573 | Q80: =+O80*$D$63 -> 3299914.5
B81: 48030 | C81: =+'Cantidades P6_(2026-2040)'!$AC$329 -> 18448997 | E81: =+C81*$D$75 -> 3689799.4 | H81: 50587 | I81: =+'Cantidades P6_(2026-2040)'!$AC$672 -> 17910659 | K81: =+I81*$J$75 -> 3582131.8 | N81: 51318 | O81: =+'Cantidades P6_(2026-2040)'!$AC$770 -> 17794262 | Q81: =+O81*$D$63 -> 3558852.3
B82: 48061 | C82: =+'Cantidades P6_(2026-2040)'!$AC$333 -> 17466222 | E82: =+C82*$D$75 -> 3493244.5 | H82: 50618 | I82: =+'Cantidades P6_(2026-2040)'!$AC$676 -> 16956562 | K82: =+I82*$J$75 -> 3391312.5 | N82: 51349 | O82: =+'Cantidades P6_(2026-2040)'!$AC$774 -> 16846364 | Q82: =+O82*$D$63 -> 3369272.7
B83: 48092 | C83: =+'Cantidades P6_(2026-2040)'!$AC$337 -> 15061221 | E83: =+C83*$D$75 -> 3012244.3 | H83: 50649 | I83: =+'Cantidades P6_(2026-2040)'!$AC$680 -> 14621737 | K83: =+I83*$J$75 -> 2924347.5 | N83: 51380 | O83: =+'Cantidades P6_(2026-2040)'!$AC$778 -> 14526715 | Q83: =+O83*$D$63 -> 2905343
B84: 48122 | C84: =+'Cantidades P6_(2026-2040)'!$AC$341 -> 15516653 | E84: =+C84*$D$75 -> 3103330.7 | H84: 50679 | I84: =+'Cantidades P6_(2026-2040)'!$AC$684 -> 15063880 | K84: =+I84*$J$75 -> 3012776 | N84: 51410 | O84: =+'Cantidades P6_(2026-2040)'!$AC$782 -> 14965984 | Q84: =+O84*$D$63 -> 2993196.7
B85: 48153 | C85: =+'Cantidades P6_(2026-2040)'!$AC$345 -> 13511154 | E85: =+C85*$D$75 -> 2702230.8 | H85: 50710 | I85: =+'Cantidades P6_(2026-2040)'!$AC$688 -> 13116901 | K85: =+I85*$J$75 -> 2623380.1 | N85: 51441 | O85: =+'Cantidades P6_(2026-2040)'!$AC$786 -> 13031657 | Q85: =+O85*$D$63 -> 2606331.3
B86: 48183 | C86: =+'Cantidades P6_(2026-2040)'!$AC$349 -> 17817784 | E86: =+C86*$D$75 -> 3563556.9 | H86: 50740 | I86: =+'Cantidades P6_(2026-2040)'!$AC$692 -> 17297865 | K86: =+I86*$J$75 -> 3459573 | N86: 51471 | O86: =+'Cantidades P6_(2026-2040)'!$AC$790 -> 17185449 | Q86: =+O86*$D$63 -> 3437089.8
B87: 48214 | C87: =+'Cantidades P6_(2026-2040)'!$AC$354 -> 20310087 | D87: =+$D$15 -> 0.2 | E87: =+C87*$D$87 -> 4062017.3 | H87: 50771 | I87: =+'Cantidades P6_(2026-2040)'!$AC$697 -> 19738991 | J87: =+$D$15 -> 0.2 | K87: =+I87*$J$87 -> 3947798.3 | N87: 51136 | O87: =+'Cantidades P6_(2026-2040)'!$AC$746 -> 19674643 | P87: =+#REF! -> #REF! | Q87: =+O87*$D$63 -> 3934928.5
B88: 48245 | C88: =+'Cantidades P6_(2026-2040)'!$AC$358 -> 19593534 | E88: =+C88*$D$87 -> 3918706.8 | H88: 50802 | I88: =+'Cantidades P6_(2026-2040)'!$AC$701 -> 18385946 | K88: =+I88*$J$87 -> 3677189.3 | N88: 51167 | O88: =+'Cantidades P6_(2026-2040)'!$AC$750 -> 18980509 | Q88: =+O88*$D$63 -> 3796101.7
B89: 48274 | C89: =+'Cantidades P6_(2026-2040)'!$AC$362 -> 19681612 | E89: =+C89*$D$87 -> 3936322.4 | H89: 50830 | I89: =+'Cantidades P6_(2026-2040)'!$AC$705 -> 19128188 | K89: =+I89*$J$87 -> 3825637.6 | N89: 51196 | O89: =+'Cantidades P6_(2026-2040)'!$AC$754 -> 19065830 | Q89: =+O89*$D$63 -> 3813166.1
B90: 48305 | C90: =+'Cantidades P6_(2026-2040)'!$AC$366 -> 17581391 | E90: =+C90*$D$87 -> 3516278.2 | H90: 50861 | I90: =+'Cantidades P6_(2026-2040)'!$AC$709 -> 17087023 | K90: =+I90*$J$87 -> 3417404.7 | N90: 51227 | O90: =+'Cantidades P6_(2026-2040)'!$AC$758 -> 17031319 | Q90: =+O90*$D$63 -> 3406263.9
B91: 48335 | C91: =+'Cantidades P6_(2026-2040)'!$AC$370 -> 16706300 | E91: =+C91*$D$87 -> 3341260 | H91: 50891 | I91: =+'Cantidades P6_(2026-2040)'!$AC$713 -> 16236538 | K91: =+I91*$J$87 -> 3247307.5 | N91: 51257 | O91: =+'Cantidades P6_(2026-2040)'!$AC$762 -> 16183607 | Q91: =+O91*$D$63 -> 3236721.5
B92: 48366 | C92: =+'Cantidades P6_(2026-2040)'!$AC$374 -> 17032470 | E92: =+C92*$D$87 -> 3406494 | H92: 50922 | I92: =+'Cantidades P6_(2026-2040)'!$AC$717 -> 16553537 | K92: =+I92*$J$87 -> 3310707.4 | N92: 51288 | O92: =+'Cantidades P6_(2026-2040)'!$AC$766 -> 16499573 | Q92: =+O92*$D$63 -> 3299914.5
B93: 48396 | C93: =+'Cantidades P6_(2026-2040)'!$AC$378 -> 18368974 | E93: =+C93*$D$87 -> 3673794.8 | H93: 50952 | I93: =+'Cantidades P6_(2026-2040)'!$AC$721 -> 17852460 | K93: =+I93*$J$87 -> 3570492 | N93: 51318 | O93: =+'Cantidades P6_(2026-2040)'!$AC$770 -> 17794262 | Q93: =+O93*$D$63 -> 3558852.3
B94: 48427 | C94: =+'Cantidades P6_(2026-2040)'!$AC$382 -> 17390462 | E94: =+C94*$D$87 -> 3478092.4 | H94: 50983 | I94: =+'Cantidades P6_(2026-2040)'!$AC$725 -> 16901463 | K94: =+I94*$J$87 -> 3380292.6 | N94: 51349 | O94: =+'Cantidades P6_(2026-2040)'!$AC$774 -> 16846364 | Q94: =+O94*$D$63 -> 3369272.7
B95: 48458 | C95: =+'Cantidades P6_(2026-2040)'!$AC$386 -> 14995893 | E95: =+C95*$D$87 -> 2999178.5 | H95: 51014 | I95: =+'Cantidades P6_(2026-2040)'!$AC$729 -> 14574226 | K95: =+I95*$J$87 -> 2914845.2 | N95: 51380 | O95: =+'Cantidades P6_(2026-2040)'!$AC$778 -> 14526715 | Q95: =+O95*$D$63 -> 2905343
B96: 48488 | C96: =+'Cantidades P6_(2026-2040)'!$AC$390 -> 15449349 | E96: =+C96*$D$87 -> 3089869.9 | H96: 51044 | I96: =+'Cantidades P6_(2026-2040)'!$AC$733 -> 15014932 | K96: =+I96*$J$87 -> 3002986.4 | N96: 51410 | O96: =+'Cantidades P6_(2026-2040)'!$AC$782 -> 14965984 | Q96: =+O96*$D$63 -> 2993196.7
B97: 48519 | C97: =+'Cantidades P6_(2026-2040)'!$AC$394 -> 13452549 | E97: =+C97*$D$87 -> 2690509.7 | H97: 51075 | I97: =+'Cantidades P6_(2026-2040)'!$AC$737 -> 13074279 | K97: =+I97*$J$87 -> 2614855.8 | N97: 51441 | O97: =+'Cantidades P6_(2026-2040)'!$AC$786 -> 13031657 | Q97: =+O97*$D$63 -> 2606331.3
B98: 48549 | C98: =+'Cantidades P6_(2026-2040)'!$AC$398 -> 17740499 | E98: =+C98*$D$87 -> 3548099.8 | H98: 51105 | I98: =+'Cantidades P6_(2026-2040)'!$AC$741 -> 17241658 | K98: =+I98*$J$87 -> 3448331.5 | N98: 51471 | O98: =+'Cantidades P6_(2026-2040)'!$AC$790 -> 17185449 | Q98: =+O98*$D$63 -> 3437089.8
H99: 51136 | I99: =+'Cantidades P6_(2026-2040)'!$AC$746 -> 19674643 | J99: =+$D$15 -> 0.2 | K99: =+I99*$J$99 -> 3934928.5 | N99: 51136 | O99: =+'Cantidades P6_(2026-2040)'!$AC$746 -> 19674643 | P99: =+#REF! -> #REF! | Q99: =+O99*$D$63 -> 3934928.5
H100: 51167 | I100: =+'Cantidades P6_(2026-2040)'!$AC$750 -> 18980509 | K100: =+I100*$J$99 -> 3796101.7 | N100: 51167 | O100: =+'Cantidades P6_(2026-2040)'!$AC$750 -> 18980509 | Q100: =+O100*$D$63 -> 3796101.7
H101: 51196 | I101: =+'Cantidades P6_(2026-2040)'!$AC$754 -> 19065830 | K101: =+I101*$J$99 -> 3813166.1 | N101: 51196 | O101: =+'Cantidades P6_(2026-2040)'!$AC$754 -> 19065830 | Q101: =+O101*$D$63 -> 3813166.1
H102: 51227 | I102: =+'Cantidades P6_(2026-2040)'!$AC$758 -> 17031319 | K102: =+I102*$J$99 -> 3406263.9 | N102: 51227 | O102: =+'Cantidades P6_(2026-2040)'!$AC$758 -> 17031319 | Q102: =+O102*$D$63 -> 3406263.9
H103: 51257 | I103: =+'Cantidades P6_(2026-2040)'!$AC$762 -> 16183607 | K103: =+I103*$J$99 -> 3236721.5 | N103: 51257 | O103: =+'Cantidades P6_(2026-2040)'!$AC$762 -> 16183607 | Q103: =+O103*$D$63 -> 3236721.5
H104: 51288 | I104: =+'Cantidades P6_(2026-2040)'!$AC$766 -> 16499573 | K104: =+I104*$J$99 -> 3299914.5 | N104: 51288 | O104: =+'Cantidades P6_(2026-2040)'!$AC$766 -> 16499573 | Q104: =+O104*$D$63 -> 3299914.5
H105: 51318 | I105: =+'Cantidades P6_(2026-2040)'!$AC$770 -> 17794262 | K105: =+I105*$J$99 -> 3558852.3 | N105: 51318 | O105: =+'Cantidades P6_(2026-2040)'!$AC$770 -> 17794262 | Q105: =+O105*$D$63 -> 3558852.3
...

Sheet Hoja9
B2: Mes | C2: AÑO 2026 Energia Solicitada (kWh) | D2: AÑO 2027 Energia Solicitada (kWh) | E2: AÑO 2028 Energia Solicitada (kWh) | F2: AÑO 2029 Energia Solicitada (kWh) | G2: AÑO 2030 Energia Solicitada (kWh) | H2: AÑO 2031 Energia Solicitada (kWh) | I2: AÑO 2032 Energia Solicitada (kWh) | J2: AÑO 2033 Energia Solicitada (kWh) | K2: AÑO 2034 Energia Solicitada (kWh) | L2: AÑO 2035 Energia Solicitada (kWh) | M2: TOTAL PRODUCTO 2 Energia Solicitada (kWh)
B3: CURVA | C3: La misma curva de la tabla 9.1.2 del producto 1 | D3: La misma curva de la tabla 9.1.3 del producto 1 | E3: La misma curva de la tabla 9.1.4 del producto 1 | F3: La misma curva de la tabla 9.1.5 del producto 1 | G3: La misma curva de la tabla 9.1.6 del producto 1 | H3: La misma curva de la tabla 9.1.7 del producto 1 | I3: La misma curva de la tabla 9.1.8 del producto 1 | J3: La misma curva de la tabla 9.1.9 del producto 1 | K3: La misma curva de la tabla 9.1.10 del producto 1 | L3: La misma curva de la tabla 9.1.11 del producto 1
B4: ene | C4: =+#REF! -> #REF! | D4: =+#REF! -> #REF! | E4: =+#REF! -> #REF! | F4: =+#REF! -> #REF! | G4: =+#REF! -> #REF! | H4: =+#REF! -> #REF! | I4: =+#REF! -> #REF! | J4: =+#REF! -> #REF! | ... L4: =+#REF! -> #REF! | M4: =SUM(C4:L4) -> #REF!
B5: feb | C5: =+#REF! -> #REF! | D5: =+#REF! -> #REF! | E5: =+#REF! -> #REF! | F5: =+#REF! -> #REF! | G5: =+#REF! -> #REF! | H5: =+#REF! -> #REF! | I5: =+#REF! -> #REF! | J5: =+#REF! -> #REF! | ... L5: =+#REF! -> #REF! | M5: =SUM(C5:L5) -> #REF!
B6: mar | C6: =+#REF! -> #REF! | D6: =+#REF! -> #REF! | E6: =+#REF! -> #REF! | F6: =+#REF! -> #REF! | G6: =+#REF! -> #REF! | H6: =+#REF! -> #REF! | I6: =+#REF! -> #REF! | J6: =+#REF! -> #REF! | ... L6: =+#REF! -> #REF! | M6: =SUM(C6:L6) -> #REF!
B7: abr | C7: =+#REF! -> #REF! | D7: =+#REF! -> #REF! | E7: =+#REF! -> #REF! | F7: =+#REF! -> #REF! | G7: =+#REF! -> #REF! | H7: =+#REF! -> #REF! | I7: =+#REF! -> #REF! | J7: =+#REF! -> #REF! | ... L7: =+#REF! -> #REF! | M7: =SUM(C7:L7) -> #REF!
B8: may | C8: =+#REF! -> #REF! | D8: =+#REF! -> #REF! | E8: =+#REF! -> #REF! | F8: =+#REF! -> #REF! | G8: =+#REF! -> #REF! | H8: =+#REF! -> #REF! | I8: =+#REF! -> #REF! | J8: =+#REF! -> #REF! | ... L8: =+#REF! -> #REF! | M8: =SUM(C8:L8) -> #REF!
B9: jun | C9: =+#REF! -> #REF! | D9: =+#REF! -> #REF! | E9: =+#REF! -> #REF! | F9: =+#REF! -> #REF! | G9: =+#REF! -> #REF! | H9: =+#REF! -> #REF! | I9: =+#REF! -> #REF! | J9: =+#REF! -> #REF! | ... L9: =+#REF! -> #REF! | M9: =SUM(C9:L9) -> #REF!
B10: jul | C10: =+#REF! -> #REF! | D10: =+#REF! -> #REF! | E10: =+#REF! -> #REF! | F10: =+#REF! -> #REF! | G10: =+#REF! -> #REF! | H10: =+#REF! -> #REF! | I10: =+#REF! -> #REF! | J10: =+#REF! -> #REF! | ... L10: =+#REF! -> #REF! | M10: =SUM(C10:L10) -> #REF!
B11: ago | C11: =+#REF! -> #REF! | D11: =+#REF! -> #REF! | E11: =+#REF! -> #REF! | F11: =+#REF! -> #REF! | G11: =+#REF! -> #REF! | H11: =+#REF! -> #REF! | I11: =+#REF! -> #REF! | J11: =+#REF! -> #REF! | ... L11: =+#REF! -> #REF! | M11: =SUM(C11:L11) -> #REF!
B12: sep | C12: =+#REF! -> #REF! | D12: =+#REF! -> #REF! | E12: =+#REF! -> #REF! | F12: =+#REF! -> #REF! | G12: =+#REF! -> #REF! | H12: =+#REF! -> #REF! | I12: =+#REF! -> #REF! | J12: =+#REF! -> #REF! | ... L12: =+#REF! -> #REF! | M12: =SUM(C12:L12) -> #REF!
B13: oct | C13: =+#REF! -> #REF! | D13: =+#REF! -> #REF! | E13: =+#REF! -> #REF! | F13: =+#REF! -> #REF! | G13: =+#REF! -> #REF! | H13: =+#REF! -> #REF! | I13: =+#REF! -> #REF! | J13: =+#REF! -> #REF! | ... L13: =+#REF! -> #REF! | M13: =SUM(C13:L13) -> #REF!
B14: nov | C14: =+#REF! -> #REF! | D14: =+#REF! -> #REF! | E14: =+#REF! -> #REF! | F14: =+#REF! -> #REF! | G14: =+#REF! -> #REF! | H14: =+#REF! -> #REF! | I14: =+#REF! -> #REF! | J14: =+#REF! -> #REF! | ... L14: =+#REF! -> #REF! | M14: =SUM(C14:L14) -> #REF!
B15: dic | C15: =+#REF! -> #REF! | D15: =+#REF! -> #REF! | E15: =+#REF! -> #REF! | F15: =+#REF! -> #REF! | G15: =+#REF! -> #REF! | H15: =+#REF! -> #REF! | I15: =+#REF! -> #REF! | J15: =+#REF! -> #REF! | ... L15: =+#REF! -> #REF! | M15: =SUM(C15:L15) -> #REF!
B16: TOTAL | C16: =SUM(C4:C15) -> #REF! | D16: =SUM(D4:D15) -> #REF! | E16: =SUM(E4:E15) -> #REF! | F16: =SUM(F4:F15) -> #REF! | G16: =SUM(G4:G15) -> #REF! | H16: =SUM(H4:H15) -> #REF! | I16: =SUM(I4:I15) -> #REF! | J16: =SUM(J4:J15) -> #REF! | ... M16: =SUM(M4:M15) -> #REF!
M17: =+M16-#REF! -> #REF!

Sheet Hoja9 (2)
B2: Mes | C2: AÑO 2027 Energia Solicitada (kWh) | D2: AÑO 2028 Energia Solicitada (kWh) | E2: AÑO 2029 Energia Solicitada (kWh) | F2: AÑO 2030 Energia Solicitada (kWh) | G2: AÑO 2031 Energia Solicitada (kWh) | H2: AÑO 2032 Energia Solicitada (kWh) | I2: AÑO 2033 Energia Solicitada (kWh) | J2: AÑO 2034 Energia Solicitada (kWh) | K2: AÑO 2035 Energia Solicitada (kWh) | L2: AÑO 2036 Energia Solicitada (kWh) | M2: TOTAL PRODUCTO 3 Energia Solicitada (kWh)
B3: CURVA | C3: La misma curva de la tabla 9.1.3 del producto 1 | D3: La misma curva de la tabla 9.1.4 del producto 1 | E3: La misma curva de la tabla 9.1.5 del producto 1 | F3: La misma curva de la tabla 9.1.6 del producto 1 | G3: La misma curva de la tabla 9.1.7 del producto 1 | H3: La misma curva de la tabla 9.1.8 del producto 1 | I3: La misma curva de la tabla 9.1.9 del producto 1 | J3: La misma curva de la tabla 9.1.10 del producto 1 | K3: La misma curva de la tabla 9.1.11 del producto 1 | L3: La misma curva de la tabla 9.1.12 del producto 1
B4: ene | C4: =+#REF! -> #REF! | D4: =+#REF! -> #REF! | E4: =+#REF! -> #REF! | F4: =+#REF! -> #REF! | G4: =+#REF! -> #REF! | H4: =+#REF! -> #REF! | I4: =+#REF! -> #REF! | J4: =+#REF! -> #REF! | ... L4: =+#REF! -> #REF! | M4: =SUM(C4:L4) -> #REF!
B5: feb | C5: =+#REF! -> #REF! | D5: =+#REF! -> #REF! | E5: =+#REF! -> #REF! | F5: =+#REF! -> #REF! | G5: =+#REF! -> #REF! | H5: =+#REF! -> #REF! | I5: =+#REF! -> #REF! | J5: =+#REF! -> #REF! | ... L5: =+#REF! -> #REF! | M5: =SUM(C5:L5) -> #REF!
B6: mar | C6: =+#REF! -> #REF! | D6: =+#REF! -> #REF! | E6: =+#REF! -> #REF! | F6: =+#REF! -> #REF! | G6: =+#REF! -> #REF! | H6: =+#REF! -> #REF! | I6: =+#REF! -> #REF! | J6: =+#REF! -> #REF! | ... L6: =+#REF! -> #REF! | M6: =SUM(C6:L6) -> #REF!
B7: abr | C7: =+#REF! -> #REF! | D7: =+#REF! -> #REF! | E7: =+#REF! -> #REF! | F7: =+#REF! -> #REF! | G7: =+#REF! -> #REF! | H7: =+#REF! -> #REF! | I7: =+#REF! -> #REF! | J7: =+#REF! -> #REF! | ... L7: =+#REF! -> #REF! | M7: =SUM(C7:L7) -> #REF!
B8: may | C8: =+#REF! -> #REF! | D8: =+#REF! -> #REF! | E8: =+#REF! -> #REF! | F8: =+#REF! -> #REF! | G8: =+#REF! -> #REF! | H8: =+#REF! -> #REF! | I8: =+#REF! -> #REF! | J8: =+#REF! -> #REF! | ... L8: =+#REF! -> #REF! | M8: =SUM(C8:L8) -> #REF!
B9: jun | C9: =+#REF! -> #REF! | D9: =+#REF! -> #REF! | E9: =+#REF! -> #REF! | F9: =+#REF! -> #REF! | G9: =+#REF! -> #REF! | H9: =+#REF! -> #REF! | I9: =+#REF! -> #REF! | J9: =+#REF! -> #REF! | ... L9: =+#REF! -> #REF! | M9: =SUM(C9:L9) -> #REF!
B10: jul | C10: =+#REF! -> #REF! | D10: =+#REF! -> #REF! | E10: =+#REF! -> #REF! | F10: =+#REF! -> #REF! | G10: =+#REF! -> #REF! | H10: =+#REF! -> #REF! | I10: =+#REF! -> #REF! | J10: =+#REF! -> #REF! | ... L10: =+#REF! -> #REF! | M10: =SUM(C10:L10) -> #REF!
B11: ago | C11: =+#REF! -> #REF! | D11: =+#REF! -> #REF! | E11: =+#REF! -> #REF! | F11: =+#REF! -> #REF! | G11: =+#REF! -> #REF! | H11: =+#REF! -> #REF! | I11: =+#REF! -> #REF! | J11: =+#REF! -> #REF! | ... L11: =+#REF! -> #REF! | M11: =SUM(C11:L11) -> #REF!
B12: sep | C12: =+#REF! -> #REF! | D12: =+#REF! -> #REF! | E12: =+#REF! -> #REF! | F12: =+#REF! -> #REF! | G12: =+#REF! -> #REF! | H12: =+#REF! -> #REF! | I12: =+#REF! -> #REF! | J12: =+#REF! -> #REF! | ... L12: =+#REF! -> #REF! | M12: =SUM(C12:L12) -> #REF!
B13: oct | C13: =+#REF! -> #REF! | D13: =+#REF! -> #REF! | E13: =+#REF! -> #REF! | F13: =+#REF! -> #REF! | G13: =+#REF! -> #REF! | H13: =+#REF! -> #REF! | I13: =+#REF! -> #REF! | J13: =+#REF! -> #REF! | ... L13: =+#REF! -> #REF! | M13: =SUM(C13:L13) -> #REF!
B14: nov | C14: =+#REF! -> #REF! | D14: =+#REF! -> #REF! | E14: =+#REF! -> #REF! | F14: =+#REF! -> #REF! | G14: =+#REF! -> #REF! | H14: =+#REF! -> #REF! | I14: =+#REF! -> #REF! | J14: =+#REF! -> #REF! | ... L14: =+#REF! -> #REF! | M14: =SUM(C14:L14) -> #REF!
B15: dic | C15: =+#REF! -> #REF! | D15: =+#REF! -> #REF! | E15: =+#REF! -> #REF! | F15: =+#REF! -> #REF! | G15: =+#REF! -> #REF! | H15: =+#REF! -> #REF! | I15: =+#REF! -> #REF! | J15: =+#REF! -> #REF! | ... L15: =+#REF! -> #REF! | M15: =SUM(C15:L15) -> #REF!
B16: TOTAL | C16: =SUM(C4:C15) -> #REF! | D16: =SUM(D4:D15) -> #REF! | E16: =SUM(E4:E15) -> #REF! | F16: =SUM(F4:F15) -> #REF! | G16: =SUM(G4:G15) -> #REF! | H16: =SUM(H4:H15) -> #REF! | I16: =SUM(I4:I15) -> #REF! | J16: =SUM(J4:J15) -> #REF! | ... M16: =SUM(M4:M15) -> #REF!
M17: =+M16-#REF! -> #REF!

Sheet Cantidades P1_(2025)
B4: 9.1 TABLAS CANTIDADES DE ENERGÍA SOLICITADA PRODUCTO 1 AÑO 2025 (kWh)
B5: ELETRIFICADORA DE SANTANDER S.A E.S.P.
B6: SOLICITUD PÚBLICA DE OFERTAS CP-ESSC2025-001
B7: PAGUELO CONTRATADO
B10: Mes | C10: Tipo Día | D10: Días | E10: H1 | F10: H2 | G10: H3 | H10: H4 | I10: H5 | J10: H6 | K10: H7 | L10: H8 | M10: H9 | N10: H10 | O10: H11 | P10: H12 | Q10: H13 | R10: H14 | S10: H15 | T10: H16 | U10: H17 | V10: H18 | W10: H19 | X10: H20 | Y10: H21 | Z10: H22 | AA10: H23 | AB10: H24 | AC10: TOTAL MES kWh | AE10: =+AC10 -> TOTAL MES kWh
B11: 45658 | C11: Ordinario | D11: 21 | E11: =ROUND('[7]2025'!E15,2) -> 0 | F11: =ROUND('[7]2025'!F15,2) -> 0 | G11: =ROUND('[7]2025'!G15,2) -> 0 | H11: =ROUND('[7]2025'!H15,2) -> 0 | I11: =ROUND('[7]2025'!I15,2) -> 0 | J11: =ROUND('[7]2025'!J15,2) -> 0 | K11: =ROUND('[7]2025'!K15,2) -> 0 | L11: =ROUND('[7]2025'!L15,2) -> 0 | ... AB11: =ROUND('[7]2025'!AB15,2) -> 0 | AC11: =SUM(E11:AB11)*D11+SUM(E12:AB12)*D12+SUM(E13:AB13)*D13+SUM(E14:AB14)*D14 -> 0 | AE11: =+AC11 -> 0
C12: Sábado | D12: 4 | E12: =ROUND('[7]2025'!E16,2) -> 0 | F12: =ROUND('[7]2025'!F16,2) -> 0 | G12: =ROUND('[7]2025'!G16,2) -> 0 | H12: =ROUND('[7]2025'!H16,2) -> 0 | I12: =ROUND('[7]2025'!I16,2) -> 0 | J12: =ROUND('[7]2025'!J16,2) -> 0 | K12: =ROUND('[7]2025'!K16,2) -> 0 | L12: =ROUND('[7]2025'!L16,2) -> 0 | ... AB12: =ROUND('[7]2025'!AB16,2) -> 0 | AE12: =+AC15 -> 0
C13: Domingo | D13: 4 | E13: =ROUND('[7]2025'!E17,2) -> 0 | F13: =ROUND('[7]2025'!F17,2) -> 0 | G13: =ROUND('[7]2025'!G17,2) -> 0 | H13: =ROUND('[7]2025'!H17,2) -> 0 | I13: =ROUND('[7]2025'!I17,2) -> 0 | J13: =ROUND('[7]2025'!J17,2) -> 0 | K13: =ROUND('[7]2025'!K17,2) -> 0 | L13: =ROUND('[7]2025'!L17,2) -> 0 | ... AB13: =ROUND('[7]2025'!AB17,2) -> 0 | AE13: =+AC19 -> 0
C14: Festivo | D14: 2 | E14: =ROUND('[7]2025'!E18,2) -> 0 | F14: =ROUND('[7]2025'!F18,2) -> 0 | G14: =ROUND('[7]2025'!G18,2) -> 0 | H14: =ROUND('[7]2025'!H18,2) -> 0 | I14: =ROUND('[7]2025'!I18,2) -> 0 | J14: =ROUND('[7]2025'!J18,2) -> 0 | K14: =ROUND('[7]2025'!K18,2) -> 0 | L14: =ROUND('[7]2025'!L18,2) -> 0 | ... AB14: =ROUND('[7]2025'!AB18,2) -> 0 | AE14: =+AC23 -> 0
B15: 45689 | C15: Ordinario | D15: 20 | E15: =ROUND('[7]2025'!E19,2) -> 0 | F15: =ROUND('[7]2025'!F19,2) -> 0 | G15: =ROUND('[7]2025'!G19,2) -> 0 | H15: =ROUND('[7]2025'!H19,2) -> 0 | I15: =ROUND('[7]2025'!I19,2) -> 0 | J15: =ROUND('[7]2025'!J19,2) -> 0 | K15: =ROUND('[7]2025'!K19,2) -> 0 | L15: =ROUND('[7]2025'!L19,2) -> 0 | ... AB15: =ROUND('[7]2025'!AB19,2) -> 0 | AC15: =SUM(E15:AB15)*D15+SUM(E16:AB16)*D16+SUM(E17:AB17)*D17+SUM(E18:AB18)*D18 -> 0 | AE15: =+AC27 -> 25274336
B16: Feb | C16: Sábado | D16: 4 | E16: =ROUND('[7]2025'!E20,2) -> 0 | F16: =ROUND('[7]2025'!F20,2) -> 0 | G16: =ROUND('[7]2025'!G20,2) -> 0 | H16: =ROUND('[7]2025'!H20,2) -> 0 | I16: =ROUND('[7]2025'!I20,2) -> 0 | J16: =ROUND('[7]2025'!J20,2) -> 0 | K16: =ROUND('[7]2025'!K20,2) -> 0 | L16: =ROUND('[7]2025'!L20,2) -> 0 | ... AB16: =ROUND('[7]2025'!AB20,2) -> 0 | AE16: =+AC31 -> 23289238
B17: Feb | C17: Domingo | D17: 4 | E17: =ROUND('[7]2025'!E21,2) -> 0 | F17: =ROUND('[7]2025'!F21,2) -> 0 | G17: =ROUND('[7]2025'!G21,2) -> 0 | H17: =ROUND('[7]2025'!H21,2) -> 0 | I17: =ROUND('[7]2025'!I21,2) -> 0 | J17: =ROUND('[7]2025'!J21,2) -> 0 | K17: =ROUND('[7]2025'!K21,2) -> 0 | L17: =ROUND('[7]2025'!L21,2) -> 0 | ... AB17: =ROUND('[7]2025'!AB21,2) -> 0 | AE17: =+AC35 -> 30787655
B18: Feb | C18: Festivo | D18: 0 | E18: =ROUND('[7]2025'!E22,2) -> 0 | F18: =ROUND('[7]2025'!F22,2) -> 0 | G18: =ROUND('[7]2025'!G22,2) -> 0 | H18: =ROUND('[7]2025'!H22,2) -> 0 | I18: =ROUND('[7]2025'!I22,2) -> 0 | J18: =ROUND('[7]2025'!J22,2) -> 0 | K18: =ROUND('[7]2025'!K22,2) -> 0 | L18: =ROUND('[7]2025'!L22,2) -> 0 | ... AB18: =ROUND('[7]2025'!AB22,2) -> 0 | AE18: =+AC39 -> 33589040
B19: 45717 | C19: Ordinario | D19: 20 | E19: =ROUND('[7]2025'!E23,2) -> 0 | F19: =ROUND('[7]2025'!F23,2) -> 0 | G19: =ROUND('[7]2025'!G23,2) -> 0 | H19: =ROUND('[7]2025'!H23,2) -> 0 | I19: =ROUND('[7]2025'!I23,2) -> 0 | J19: =ROUND('[7]2025'!J23,2) -> 0 | K19: =ROUND('[7]2025'!K23,2) -> 0 | L19: =ROUND('[7]2025'!L23,2) -> 0 | ... AB19: =ROUND('[7]2025'!AB23,2) -> 0 | AC19: =SUM(E19:AB19)*D19+SUM(E20:AB20)*D20+SUM(E21:AB21)*D21+SUM(E22:AB22)*D22 -> 0 | AE19: =+AC43 -> 35398839
C20: Sábado | D20: 5 | E20: =ROUND('[7]2025'!E24,2) -> 0 | F20: =ROUND('[7]2025'!F24,2) -> 0 | G20: =ROUND('[7]2025'!G24,2) -> 0 | H20: =ROUND('[7]2025'!H24,2) -> 0 | I20: =ROUND('[7]2025'!I24,2) -> 0 | J20: =ROUND('[7]2025'!J24,2) -> 0 | K20: =ROUND('[7]2025'!K24,2) -> 0 | L20: =ROUND('[7]2025'!L24,2) -> 0 | ... AB20: =ROUND('[7]2025'!AB24,2) -> 0 | AE20: =+AC47 -> 30572928
C21: Domingo | D21: 5 | E21: =ROUND('[7]2025'!E25,2) -> 0 | F21: =ROUND('[7]2025'!F25,2) -> 0 | G21: =ROUND('[7]2025'!G25,2) -> 0 | H21: =ROUND('[7]2025'!H25,2) -> 0 | I21: =ROUND('[7]2025'!I25,2) -> 0 | J21: =ROUND('[7]2025'!J25,2) -> 0 | K21: =ROUND('[7]2025'!K25,2) -> 0 | L21: =ROUND('[7]2025'!L25,2) -> 0 | ... AB21: =ROUND('[7]2025'!AB25,2) -> 0 | AE21: =+AC51 -> 34475949
C22: Festivo | D22: 1 | E22: =ROUND('[7]2025'!E26,2) -> 0 | F22: =ROUND('[7]2025'!F26,2) -> 0 | G22: =ROUND('[7]2025'!G26,2) -> 0 | H22: =ROUND('[7]2025'!H26,2) -> 0 | I22: =ROUND('[7]2025'!I26,2) -> 0 | J22: =ROUND('[7]2025'!J26,2) -> 0 | K22: =ROUND('[7]2025'!K26,2) -> 0 | L22: =ROUND('[7]2025'!L26,2) -> 0 | ... AB22: =ROUND('[7]2025'!AB26,2) -> 0 | AE22: =+AC55 -> 24036400
B23: 45748 | C23: Ordinario | D23: 20 | E23: =ROUND('[7]2025'!E27,2) -> 0 | F23: =ROUND('[7]2025'!F27,2) -> 0 | G23: =ROUND('[7]2025'!G27,2) -> 0 | H23: =ROUND('[7]2025'!H27,2) -> 0 | I23: =ROUND('[7]2025'!I27,2) -> 0 | J23: =ROUND('[7]2025'!J27,2) -> 0 | K23: =ROUND('[7]2025'!K27,2) -> 0 | L23: =ROUND('[7]2025'!L27,2) -> 0 | ... AB23: =ROUND('[7]2025'!AB27,2) -> 0 | AC23: =SUM(E23:AB23)*D23+SUM(E24:AB24)*D24+SUM(E25:AB25)*D25+SUM(E26:AB26)*D26 -> 0 | AE23: =SUM(AE11:AE22) -> 2.3742439e+08
B24: Feb | C24: Sábado | D24: 4 | E24: =ROUND('[7]2025'!E28,2) -> 0 | F24: =ROUND('[7]2025'!F28,2) -> 0 | G24: =ROUND('[7]2025'!G28,2) -> 0 | H24: =ROUND('[7]2025'!H28,2) -> 0 | I24: =ROUND('[7]2025'!I28,2) -> 0 | J24: =ROUND('[7]2025'!J28,2) -> 0 | K24: =ROUND('[7]2025'!K28,2) -> 0 | L24: =ROUND('[7]2025'!L28,2) -> 0 | ... AB24: =ROUND('[7]2025'!AB28,2) -> 0
B25: Feb | C25: Domingo | D25: 4 | E25: =ROUND('[7]2025'!E29,2) -> 0 | F25: =ROUND('[7]2025'!F29,2) -> 0 | G25: =ROUND('[7]2025'!G29,2) -> 0 | H25: =ROUND('[7]2025'!H29,2) -> 0 | I25: =ROUND('[7]2025'!I29,2) -> 0 | J25: =ROUND('[7]2025'!J29,2) -> 0 | K25: =ROUND('[7]2025'!K29,2) -> 0 | L25: =ROUND('[7]2025'!L29,2) -> 0 | ... AB25: =ROUND('[7]2025'!AB29,2) -> 0
B26: Feb | C26: Festivo | D26: 2 | E26: =ROUND('[7]2025'!E30,2) -> 0 | F26: =ROUND('[7]2025'!F30,2) -> 0 | G26: =ROUND('[7]2025'!G30,2) -> 0 | H26: =ROUND('[7]2025'!H30,2) -> 0 | I26: =ROUND('[7]2025'!I30,2) -> 0 | J26: =ROUND('[7]2025'!J30,2) -> 0 | K26: =ROUND('[7]2025'!K30,2) -> 0 | L26: =ROUND('[7]2025'!L30,2) -> 0 | ... AB26: =ROUND('[7]2025'!AB30,2) -> 0
B27: 45778 | C27: Ordinario | D27: =+'[7]2025'!D31 -> 21 | E27: =ROUND('[7]2025'!E31,2) -> 25637.02 | F27: =ROUND('[7]2025'!F31,2) -> 24468.25 | G27: =ROUND('[7]2025'!G31,2) -> 23378.3 | H27: =ROUND('[7]2025'!H31,2) -> 22564.64 | I27: =ROUND('[7]2025'!I31,2) -> 23375.01 | J27: =ROUND('[7]2025'!J31,2) -> 19242.88 | K27: =ROUND('[7]2025'!K31,2) -> 23846.74 | L27: =ROUND('[7]2025'!L31,2) -> 33385.23 | ... AB27: =ROUND('[7]2025'!AB31,2) -> 43280.13 | AC27: =SUM(E27:AB27)*D27+SUM(E28:AB28)*D28+SUM(E29:AB29)*D29+SUM(E30:AB30)*D30 -> 25274336
C28: Sábado | D28: =+'[7]2025'!D32 -> 5 | E28: =ROUND('[7]2025'!E32,2) -> 24620.69 | F28: =ROUND('[7]2025'!F32,2) -> 23754.07 | G28: =ROUND('[7]2025'!G32,2) -> 22791.14 | H28: =ROUND('[7]2025'!H32,2) -> 22597.52 | I28: =ROUND('[7]2025'!I32,2) -> 21882.62 | J28: =ROUND('[7]2025'!J32,2) -> 13746.07 | K28: =ROUND('[7]2025'!K32,2) -> 19851.19 | L28: =ROUND('[7]2025'!L32,2) -> 30032.43 | ... AB28: =ROUND('[7]2025'!AB32,2) -> 40891.55
C29: Domingo | D29: =+'[7]2025'!D33 -> 4 | E29: =ROUND('[7]2025'!E33,2) -> 23416.58 | F29: =ROUND('[7]2025'!F33,2) -> 22587.42 | G29: =ROUND('[7]2025'!G33,2) -> 22214.84 | H29: =ROUND('[7]2025'!H33,2) -> 21992.1 | I29: =ROUND('[7]2025'!I33,2) -> 21392.7 | J29: =ROUND('[7]2025'!J33,2) -> 14142.35 | K29: =ROUND('[7]2025'!K33,2) -> 18200.84 | L29: =ROUND('[7]2025'!L33,2) -> 26499.51 | ... AB29: =ROUND('[7]2025'!AB33,2) -> 46260.63
C30: Festivo | D30: =+'[7]2025'!D34 -> 1 | E30: =ROUND('[7]2025'!E34,2) -> 23416.58 | F30: =ROUND('[7]2025'!F34,2) -> 22587.42 | G30: =ROUND('[7]2025'!G34,2) -> 22214.84 | H30: =ROUND('[7]2025'!H34,2) -> 21992.1 | I30: =ROUND('[7]2025'!I34,2) -> 21392.7 | J30: =ROUND('[7]2025'!J34,2) -> 14142.35 | K30: =ROUND('[7]2025'!K34,2) -> 18200.84 | L30: =ROUND('[7]2025'!L34,2) -> 26499.51 | ... AB30: =ROUND('[7]2025'!AB34,2) -> 46260.63
B31: 45809 | C31: Ordinario | D31: =+'[7]2025'!D35 -> 18 | E31: =ROUND('[7]2025'!E35,2) -> 22785.98 | F31: =ROUND('[7]2025'!F35,2) -> 21817.41 | G31: =ROUND('[7]2025'!G35,2) -> 21031.19 | H31: =ROUND('[7]2025'!H35,2) -> 20930.61 | I31: =ROUND('[7]2025'!I35,2) -> 21887.12 | J31: =ROUND('[7]2025'!J35,2) -> 18454.08 | K31: =ROUND('[7]2025'!K35,2) -> 24336.15 | L31: =ROUND('[7]2025'!L35,2) -> 35092.55 | ... AB31: =ROUND('[7]2025'!AB35,2) -> 41475.03 | AC31: =SUM(E31:AB31)*D31+SUM(E32:AB32)*D32+SUM(E33:AB33)*D33+SUM(E34:AB34)*D34 -> 23289238
B32: Feb | C32: Sábado | D32: =+'[7]2025'!D36 -> 4 | E32: =ROUND('[7]2025'!E36,2) -> 20730 | F32: =ROUND('[7]2025'!F36,2) -> 20753.55 | G32: =ROUND('[7]2025'!G36,2) -> 19748.35 | H32: =ROUND('[7]2025'!H36,2) -> 18693.4 | I32: =ROUND('[7]2025'!I36,2) -> 19105.73 | J32: =ROUND('[7]2025'!J36,2) -> 14186.19 | K32: =ROUND('[7]2025'!K36,2) -> 21055.3 | L32: =ROUND('[7]2025'!L36,2) -> 31418.38 | ... AB32: =ROUND('[7]2025'!AB36,2) -> 28865.68
B33: Feb | C33: Domingo | D33: =+'[7]2025'!D37 -> 5 | E33: =ROUND('[7]2025'!E37,2) -> 16146.24 | F33: =ROUND('[7]2025'!F37,2) -> 17076.95 | G33: =ROUND('[7]2025'!G37,2) -> 16856.41 | H33: =ROUND('[7]2025'!H37,2) -> 17301.2 | I33: =ROUND('[7]2025'!I37,2) -> 17072.87 | J33: =ROUND('[7]2025'!J37,2) -> 12647.9 | K33: =ROUND('[7]2025'!K37,2) -> 15999.39 | L33: =ROUND('[7]2025'!L37,2) -> 25882.4 | ... AB33: =ROUND('[7]2025'!AB37,2) -> 41784.91
B34: Feb | C34: Festivo | D34: =+'[7]2025'!D38 -> 3 | E34: =ROUND('[7]2025'!E38,2) -> 16146.24 | F34: =ROUND('[7]2025'!F38,2) -> 17076.95 | G34: =ROUND('[7]2025'!G38,2) -> 16856.41 | H34: =ROUND('[7]2025'!H38,2) -> 17301.2 | I34: =ROUND('[7]2025'!I38,2) -> 17072.87 | J34: =ROUND('[7]2025'!J38,2) -> 12647.9 | K34: =ROUND('[7]2025'!K38,2) -> 15999.39 | L34: =ROUND('[7]2025'!L38,2) -> 25882.4 | ... AB34: =ROUND('[7]2025'!AB38,2) -> 41784.91
B35: 45839 | C35: Ordinario | D35: =+'[7]2025'!D39 -> 23 | E35: =ROUND('[7]2025'!E39,2) -> 29900.11 | F35: =ROUND('[7]2025'!F39,2) -> 27958.87 | G35: =ROUND('[7]2025'!G39,2) -> 26303.72 | H35: =ROUND('[7]2025'!H39,2) -> 25621.13 | I35: =ROUND('[7]2025'!I39,2) -> 25538.33 | J35: =ROUND('[7]2025'!J39,2) -> 21222.87 | K35: =ROUND('[7]2025'!K39,2) -> 26846.43 | L35: =ROUND('[7]2025'!L39,2) -> 37690.8 | ... AB35: =ROUND('[7]2025'!AB39,2) -> 50102.09 | AC35: =SUM(E35:AB35)*D35+SUM(E36:AB36)*D36+SUM(E37:AB37)*D37+SUM(E38:AB38)*D38 -> 30787655
C36: Sábado | D36: =+'[7]2025'!D40 -> 4 | E36: =ROUND('[7]2025'!E40,2) -> 29473.18 | F36: =ROUND('[7]2025'!F40,2) -> 28152.66 | G36: =ROUND('[7]2025'!G40,2) -> 26608.92 | H36: =ROUND('[7]2025'!H40,2) -> 25747.42 | I36: =ROUND('[7]2025'!I40,2) -> 25135.63 | J36: =ROUND('[7]2025'!J40,2) -> 20702.84 | K36: =ROUND('[7]2025'!K40,2) -> 25993.03 | L36: =ROUND('[7]2025'!L40,2) -> 37972.34 | ... AB36: =ROUND('[7]2025'!AB40,2) -> 53501.8
C37: Domingo | D37: =+'[7]2025'!D41 -> 3 | E37: =ROUND('[7]2025'!E41,2) -> 35255.3 | F37: =ROUND('[7]2025'!F41,2) -> 32508.59 | G37: =ROUND('[7]2025'!G41,2) -> 31342.97 | H37: =ROUND('[7]2025'!H41,2) -> 30886.62 | I37: =ROUND('[7]2025'!I41,2) -> 29533.06 | J37: =ROUND('[7]2025'!J41,2) -> 22958.94 | K37: =ROUND('[7]2025'!K41,2) -> 25224.73 | L37: =ROUND('[7]2025'!L41,2) -> 33538.25 | ... AB37: =ROUND('[7]2025'!AB41,2) -> 53180.52
C38: Festivo | D38: =+'[7]2025'!D42 -> 1 | E38: =ROUND('[7]2025'!E42,2) -> 35255.3 | F38: =ROUND('[7]2025'!F42,2) -> 32508.59 | G38: =ROUND('[7]2025'!G42,2) -> 31342.97 | H38: =ROUND('[7]2025'!H42,2) -> 30886.62 | I38: =ROUND('[7]2025'!I42,2) -> 29533.06 | J38: =ROUND('[7]2025'!J42,2) -> 22958.94 | K38: =ROUND('[7]2025'!K42,2) -> 25224.73 | L38: =ROUND('[7]2025'!L42,2) -> 33538.25 | ... AB38: =ROUND('[7]2025'!AB42,2) -> 53180.52
B39: 45870 | C39: Ordinario | D39: =+'[7]2025'!D43 -> 19 | E39: =ROUND('[7]2025'!E43,2) -> 34664.58 | F39: =ROUND('[7]2025'!F43,2) -> 32843.38 | G39: =ROUND('[7]2025'!G43,2) -> 31690.03 | H39: =ROUND('[7]2025'!H43,2) -> 30587.63 | I39: =ROUND('[7]2025'!I43,2) -> 31139.86 | J39: =ROUND('[7]2025'!J43,2) -> 27446.8 | K39: =ROUND('[7]2025'!K43,2) -> 31401.44 | L39: =ROUND('[7]2025'!L43,2) -> 41516.62 | ... AB39: =ROUND('[7]2025'!AB43,2) -> 53675.24 | AC39: =SUM(E39:AB39)*D39+SUM(E40:AB40)*D40+SUM(E41:AB41)*D41+SUM(E42:AB42)*D42 -> 33589040
B40: Feb | C40: Sábado | D40: =+'[7]2025'!D44 -> 5 | E40: =ROUND('[7]2025'!E44,2) -> 36288.84 | F40: =ROUND('[7]2025'!F44,2) -> 35108.56 | G40: =ROUND('[7]2025'!G44,2) -> 34392.01 | H40: =ROUND('[7]2025'!H44,2) -> 32486.25 | I40: =ROUND('[7]2025'!I44,2) -> 31777.5 | J40: =ROUND('[7]2025'!J44,2) -> 26624.35 | K40: =ROUND('[7]2025'!K44,2) -> 30523.43 | L40: =ROUND('[7]2025'!L44,2) -> 41604.94 | ... AB40: =ROUND('[7]2025'!AB44,2) -> 57883.03
B41: Feb | C41: Domingo | D41: =+'[7]2025'!D45 -> 5 | E41: =ROUND('[7]2025'!E45,2) -> 38489.62 | F41: =ROUND('[7]2025'!F45,2) -> 34628.19 | G41: =ROUND('[7]2025'!G45,2) -> 33915.65 | H41: =ROUND('[7]2025'!H45,2) -> 32754.74 | I41: =ROUND('[7]2025'!I45,2) -> 31502.77 | J41: =ROUND('[7]2025'!J45,2) -> 27005.94 | K41: =ROUND('[7]2025'!K45,2) -> 28858.95 | L41: =ROUND('[7]2025'!L45,2) -> 37169.96 | ... AB41: =ROUND('[7]2025'!AB45,2) -> 48243.22
B42: Feb | C42: Festivo | D42: =+'[7]2025'!D46 -> 2 | E42: =ROUND('[7]2025'!E46,2) -> 38489.62 | F42: =ROUND('[7]2025'!F46,2) -> 34628.19 | G42: =ROUND('[7]2025'!G46,2) -> 33915.65 | H42: =ROUND('[7]2025'!H46,2) -> 32754.74 | I42: =ROUND('[7]2025'!I46,2) -> 31502.77 | J42: =ROUND('[7]2025'!J46,2) -> 27005.94 | K42: =ROUND('[7]2025'!K46,2) -> 28858.95 | L42: =ROUND('[7]2025'!L46,2) -> 37169.96 | ... AB42: =ROUND('[7]2025'!AB46,2) -> 48243.22
B43: 45901 | C43: Ordinario | D43: =+'[7]2025'!D47 -> 22 | E43: =ROUND('[7]2025'!E47,2) -> 37285.83 | F43: =ROUND('[7]2025'!F47,2) -> 35421.91 | G43: =ROUND('[7]2025'!G47,2) -> 33822.47 | H43: =ROUND('[7]2025'!H47,2) -> 32889.87 | I43: =ROUND('[7]2025'!I47,2) -> 32991.91 | J43: =ROUND('[7]2025'!J47,2) -> 29543.96 | K43: =ROUND('[7]2025'!K47,2) -> 34863.64 | L43: =ROUND('[7]2025'!L47,2) -> 45297.63 | ... AB43: =ROUND('[7]2025'!AB47,2) -> 56112.43 | AC43: =SUM(E43:AB43)*D43+SUM(E44:AB44)*D44+SUM(E45:AB45)*D45+SUM(E46:AB46)*D46 -> 35398839
C44: Sábado | D44: =+'[7]2025'!D48 -> 4 | E44: =ROUND('[7]2025'!E48,2) -> 39136.98 | F44: =ROUND('[7]2025'!F48,2) -> 37628.94 | G44: =ROUND('[7]2025'!G48,2) -> 36527.74 | H44: =ROUND('[7]2025'!H48,2) -> 35729.24 | I44: =ROUND('[7]2025'!I48,2) -> 34818.8 | J44: =ROUND('[7]2025'!J48,2) -> 30298.46 | K44: =ROUND('[7]2025'!K48,2) -> 35551.53 | L44: =ROUND('[7]2025'!L48,2) -> 47817.14 | ... AB44: =ROUND('[7]2025'!AB48,2) -> 52475.18
C45: Domingo | D45: =+'[7]2025'!D49 -> 4 | E45: =ROUND('[7]2025'!E49,2) -> 33870.08 | F45: =ROUND('[7]2025'!F49,2) -> 32834.54 | G45: =ROUND('[7]2025'!G49,2) -> 32079.31 | H45: =ROUND('[7]2025'!H49,2) -> 31938.53 | I45: =ROUND('[7]2025'!I49,2) -> 31412.53 | J45: =ROUND('[7]2025'!J49,2) -> 27185.11 | K45: =ROUND('[7]2025'!K49,2) -> 29114.03 | L45: =ROUND('[7]2025'!L49,2) -> 38214.12 | ... AB45: =ROUND('[7]2025'!AB49,2) -> 59014.95
C46: Festivo | D46: =+'[7]2025'!D50 -> 0 | E46: =ROUND('[7]2025'!E50,2) -> 0 | F46: =ROUND('[7]2025'!F50,2) -> 0 | G46: =ROUND('[7]2025'!G50,2) -> 0 | H46: =ROUND('[7]2025'!H50,2) -> 0 | I46: =ROUND('[7]2025'!I50,2) -> 0 | J46: =ROUND('[7]2025'!J50,2) -> 0 | K46: =ROUND('[7]2025'!K50,2) -> 0 | L46: =ROUND('[7]2025'!L50,2) -> 0 | ... AB46: =ROUND('[7]2025'!AB50,2) -> 0
B47: 45931 | C47: Ordinario | D47: =+'[7]2025'!D51 -> 22 | E47: =ROUND('[7]2025'!E51,2) -> 32058.21 | F47: =ROUND('[7]2025'!F51,2) -> 30622.57 | G47: =ROUND('[7]2025'!G51,2) -> 29679.62 | H47: =ROUND('[7]2025'!H51,2) -> 29147.07 | I47: =ROUND('[7]2025'!I51,2) -> 29030.05 | J47: =ROUND('[7]2025'!J51,2) -> 24586.61 | K47: =ROUND('[7]2025'!K51,2) -> 29702.82 | L47: =ROUND('[7]2025'!L51,2) -> 40803.66 | ... AB47: =ROUND('[7]2025'!AB51,2) -> 51187.75 | AC47: =SUM(E47:AB47)*D47+SUM(E48:AB48)*D48+SUM(E49:AB49)*D49+SUM(E50:AB50)*D50 -> 30572928
B48: Feb | C48: Sábado | D48: =+'[7]2025'!D52 -> 4 | E48: =ROUND('[7]2025'!E52,2) -> 27840.94 | F48: =ROUND('[7]2025'!F52,2) -> 25148.05 | G48: =ROUND('[7]2025'!G52,2) -> 24752.9 | H48: =ROUND('[7]2025'!H52,2) -> 23971.69 | I48: =ROUND('[7]2025'!I52,2) -> 23991.2 | J48: =ROUND('[7]2025'!J52,2) -> 21159.92 | K48: =ROUND('[7]2025'!K52,2) -> 23415.79 | L48: =ROUND('[7]2025'!L52,2) -> 33266.25 | ... AB48: =ROUND('[7]2025'!AB52,2) -> 41669
B49: Feb | C49: Domingo | D49: =+'[7]2025'!D53 -> 4 | E49: =ROUND('[7]2025'!E53,2) -> 25085.4 | F49: =ROUND('[7]2025'!F53,2) -> 24467.99 | G49: =ROUND('[7]2025'!G53,2) -> 23421.52 | H49: =ROUND('[7]2025'!H53,2) -> 22864.33 | I49: =ROUND('[7]2025'!I53,2) -> 22758.13 | J49: =ROUND('[7]2025'!J53,2) -> 18415.41 | K49: =ROUND('[7]2025'!K53,2) -> 21052.83 | L49: =ROUND('[7]2025'!L53,2) -> 29507.91 | ... AB49: =ROUND('[7]2025'!AB53,2) -> 43440.84
B50: Feb | C50: Festivo | D50: =+'[7]2025'!D54 -> 1 | E50: =ROUND('[7]2025'!E54,2) -> 25085.4 | F50: =ROUND('[7]2025'!F54,2) -> 24467.99 | G50: =ROUND('[7]2025'!G54,2) -> 23421.52 | H50: =ROUND('[7]2025'!H54,2) -> 22864.33 | I50: =ROUND('[7]2025'!I54,2) -> 22758.13 | J50: =ROUND('[7]2025'!J54,2) -> 18415.41 | K50: =ROUND('[7]2025'!K54,2) -> 21052.83 | L50: =ROUND('[7]2025'!L54,2) -> 29507.91 | ... AB50: =ROUND('[7]2025'!AB54,2) -> 43440.84
B51: 45962 | C51: Ordinario | D51: =+'[7]2025'!D55 -> 18 | E51: =ROUND('[7]2025'!E55,2) -> 35919.21 | F51: =ROUND('[7]2025'!F55,2) -> 34624.2 | G51: =ROUND('[7]2025'!G55,2) -> 33159.18 | H51: =ROUND('[7]2025'!H55,2) -> 32860.83 | I51: =ROUND('[7]2025'!I55,2) -> 33283.83 | J51: =ROUND('[7]2025'!J55,2) -> 32456.61 | K51: =ROUND('[7]2025'!K55,2) -> 36952.42 | L51: =ROUND('[7]2025'!L55,2) -> 45646.03 | ... AB51: =ROUND('[7]2025'!AB55,2) -> 56371.42 | AC51: =SUM(E51:AB51)*D51+SUM(E52:AB52)*D52+SUM(E53:AB53)*D53+SUM(E54:AB54)*D54 -> 34475949
C52: Sábado | D52: =+'[7]2025'!D56 -> 5 | E52: =ROUND('[7]2025'!E56,2) -> 33177.67 | F52: =ROUND('[7]2025'!F56,2) -> 33359.03 | G52: =ROUND('[7]2025'!G56,2) -> 32088.96 | H52: =ROUND('[7]2025'!H56,2) -> 31482.64 | I52: =ROUND('[7]2025'!I56,2) -> 31167.2 | J52: =ROUND('[7]2025'!J56,2) -> 32328.96 | K52: =ROUND('[7]2025'!K56,2) -> 34160.25 | L52: =ROUND('[7]2025'!L56,2) -> 46458.89 | ... AB52: =ROUND('[7]2025'!AB56,2) -> 52249.31
C53: Domingo | D53: =+'[7]2025'!D57 -> 5 | E53: =ROUND('[7]2025'!E57,2) -> 32643.17 | F53: =ROUND('[7]2025'!F57,2) -> 31377.01 | G53: =ROUND('[7]2025'!G57,2) -> 29943.53 | H53: =ROUND('[7]2025'!H57,2) -> 29177.15 | I53: =ROUND('[7]2025'!I57,2) -> 28774.22 | J53: =ROUND('[7]2025'!J57,2) -> 26141.14 | K53: =ROUND('[7]2025'!K57,2) -> 28441.48 | L53: =ROUND('[7]2025'!L57,2) -> 38406.22 | ... AB53: =ROUND('[7]2025'!AB57,2) -> 55310.06
C54: Festivo | D54: =+'[7]2025'!D58 -> 2 | E54: =ROUND('[7]2025'!E58,2) -> 32643.17 | F54: =ROUND('[7]2025'!F58,2) -> 31377.01 | G54: =ROUND('[7]2025'!G58,2) -> 29943.53 | H54: =ROUND('[7]2025'!H58,2) -> 29177.15 | I54: =ROUND('[7]2025'!I58,2) -> 28774.22 | J54: =ROUND('[7]2025'!J58,2) -> 26141.14 | K54: =ROUND('[7]2025'!K58,2) -> 28441.48 | L54: =ROUND('[7]2025'!L58,2) -> 38406.22 | ... AB54: =ROUND('[7]2025'!AB58,2) -> 55310.06
B55: 45992 | C55: Ordinario | D55: =+'[7]2025'!D59 -> 21 | E55: =ROUND('[7]2025'!E59,2) -> 24327.51 | F55: =ROUND('[7]2025'!F59,2) -> 22713.03 | G55: =ROUND('[7]2025'!G59,2) -> 21499.45 | H55: =ROUND('[7]2025'!H59,2) -> 20543.46 | I55: =ROUND('[7]2025'!I59,2) -> 20209.64 | J55: =ROUND('[7]2025'!J59,2) -> 16322.27 | K55: =ROUND('[7]2025'!K59,2) -> 19671.5 | L55: =ROUND('[7]2025'!L59,2) -> 29458.54 | ... AB55: =ROUND('[7]2025'!AB59,2) -> 44991.13 | AC55: =SUM(E55:AB55)*D55+SUM(E56:AB56)*D56+SUM(E57:AB57)*D57+SUM(E58:AB58)*D58 -> 24036400
B56: Feb | C56: Sábado | D56: =+'[7]2025'!D60 -> 4 | E56: =ROUND('[7]2025'!E60,2) -> 26028.66 | F56: =ROUND('[7]2025'!F60,2) -> 23946.13 | G56: =ROUND('[7]2025'!G60,2) -> 23334.7 | H56: =ROUND('[7]2025'!H60,2) -> 22376.79 | I56: =ROUND('[7]2025'!I60,2) -> 21504.01 | J56: =ROUND('[7]2025'!J60,2) -> 17577.53 | K56: =ROUND('[7]2025'!K60,2) -> 18656.3 | L56: =ROUND('[7]2025'!L60,2) -> 27460.63 | ... AB56: =ROUND('[7]2025'!AB60,2) -> 38683.56
B57: Feb | C57: Domingo | D57: =+'[7]2025'!D61 -> 4 | E57: =ROUND('[7]2025'!E61,2) -> 17520.63 | F57: =ROUND('[7]2025'!F61,2) -> 16017.77 | G57: =ROUND('[7]2025'!G61,2) -> 15592.31 | H57: =ROUND('[7]2025'!H61,2) -> 15640.75 | I57: =ROUND('[7]2025'!I61,2) -> 16343.36 | J57: =ROUND('[7]2025'!J61,2) -> 12219.42 | K57: =ROUND('[7]2025'!K61,2) -> 14235.6 | L57: =ROUND('[7]2025'!L61,2) -> 24155.86 | ... AB57: =ROUND('[7]2025'!AB61,2) -> 37025.35
B58: Feb | C58: Festivo | D58: =+'[7]2025'!D62 -> 2 | E58: =ROUND('[7]2025'!E62,2) -> 17520.63 | F58: =ROUND('[7]2025'!F62,2) -> 16017.77 | G58: =ROUND('[7]2025'!G62,2) -> 15592.31 | H58: =ROUND('[7]2025'!H62,2) -> 15640.75 | I58: =ROUND('[7]2025'!I62,2) -> 16343.36 | J58: =ROUND('[7]2025'!J62,2) -> 12219.42 | K58: =ROUND('[7]2025'!K62,2) -> 14235.6 | L58: =ROUND('[7]2025'!L62,2) -> 24155.86 | ... AB58: =ROUND('[7]2025'!AB62,2) -> 37025.35
Z59: TOTAL AÑO kWh | AC59: =SUM(AC11:AC58) -> 2.3742439e+08

Sheet Cantidades P2_(2026)
B4: 9.2 TABLAS CANTIDADES DE ENERGÍA SOLICITADA PRODUCTO 2 AÑO 2026 (kWh)
B5: ELETRIFICADORA DE SANTANDER S.A E.S.P.
B6: SOLICITUD PÚBLICA DE OFERTAS CP-ESSC2025-001
B7: PAGUELO CONTRATADO
B10: Mes | C10: Tipo Día | D10: Días | E10: H1 | F10: H2 | G10: H3 | H10: H4 | I10: H5 | J10: H6 | K10: H7 | L10: H8 | M10: H9 | N10: H10 | O10: H11 | P10: H12 | Q10: H13 | R10: H14 | S10: H15 | T10: H16 | U10: H17 | V10: H18 | W10: H19 | X10: H20 | Y10: H21 | Z10: H22 | AA10: H23 | AB10: H24 | AC10: TOTAL MES kWh | AE10: =+AC10 -> TOTAL MES kWh
B11: 46023 | C11: Ordinario | D11: =+'[7]2026'!D15 -> 20 | E11: =ROUND('[7]2026'!E15,2) -> 61027.05 | F11: =ROUND('[7]2026'!F15,2) -> 58180.83 | G11: =ROUND('[7]2026'!G15,2) -> 56309.38 | H11: =ROUND('[7]2026'!H15,2) -> 54951.14 | I11: =ROUND('[7]2026'!I15,2) -> 54556.26 | J11: =ROUND('[7]2026'!J15,2) -> 50599.77 | K11: =ROUND('[7]2026'!K15,2) -> 52626.18 | L11: =ROUND('[7]2026'!L15,2) -> 64538.93 | ... AB11: =ROUND('[7]2026'!AB15,2) -> 82249.17 | AC11: =SUM(E11:AB11)*D11+SUM(E12:AB12)*D12+SUM(E13:AB13)*D13+SUM(E14:AB14)*D14 -> 52892640 | AE11: =+AC11 -> 52892640
C12: Sábado | D12: =+'[7]2026'!D16 -> 5 | E12: =ROUND('[7]2026'!E16,2) -> 57498.73 | F12: =ROUND('[7]2026'!F16,2) -> 54830.36 | G12: =ROUND('[7]2026'!G16,2) -> 52610.5 | H12: =ROUND('[7]2026'!H16,2) -> 51487.14 | I12: =ROUND('[7]2026'!I16,2) -> 51364.58 | J12: =ROUND('[7]2026'!J16,2) -> 47422.28 | K12: =ROUND('[7]2026'!K16,2) -> 49881.64 | L12: =ROUND('[7]2026'!L16,2) -> 60326.26 | ... AB12: =ROUND('[7]2026'!AB16,2) -> 79854.38 | AE12: =+AC15 -> 43666628
C13: Domingo | D13: =+'[7]2026'!D17 -> 4 | E13: =ROUND('[7]2026'!E17,2) -> 58177.35 | F13: =ROUND('[7]2026'!F17,2) -> 55307.54 | G13: =ROUND('[7]2026'!G17,2) -> 53647.94 | H13: =ROUND('[7]2026'!H17,2) -> 52359.79 | I13: =ROUND('[7]2026'!I17,2) -> 52154.87 | J13: =ROUND('[7]2026'!J17,2) -> 47315.59 | K13: =ROUND('[7]2026'!K17,2) -> 47845.06 | L13: =ROUND('[7]2026'!L17,2) -> 56186.98 | ... AB13: =ROUND('[7]2026'!AB17,2) -> 83347.19 | AE13: =+AC19 -> 56214180
C14: Festivo | D14: =+'[7]2026'!D18 -> 2 | E14: =ROUND('[7]2026'!E18,2) -> 58177.35 | F14: =ROUND('[7]2026'!F18,2) -> 55307.54 | G14: =ROUND('[7]2026'!G18,2) -> 53647.94 | H14: =ROUND('[7]2026'!H18,2) -> 52359.79 | I14: =ROUND('[7]2026'!I18,2) -> 52154.87 | J14: =ROUND('[7]2026'!J18,2) -> 47315.59 | K14: =ROUND('[7]2026'!K18,2) -> 47845.06 | L14: =ROUND('[7]2026'!L18,2) -> 56186.98 | ... AB14: =ROUND('[7]2026'!AB18,2) -> 83347.19 | AE14: =+AC23 -> 49009504
B15: 46054 | C15: Ordinario | D15: =+'[7]2026'!D19 -> 20 | E15: =ROUND('[7]2026'!E19,2) -> 49023.1 | F15: =ROUND('[7]2026'!F19,2) -> 48331.52 | G15: =ROUND('[7]2026'!G19,2) -> 47275.03 | H15: =ROUND('[7]2026'!H19,2) -> 46607.43 | I15: =ROUND('[7]2026'!I19,2) -> 47329.22 | J15: =ROUND('[7]2026'!J19,2) -> 45214.72 | K15: =ROUND('[7]2026'!K19,2) -> 46835.67 | L15: =ROUND('[7]2026'!L19,2) -> 56723.27 | ... AB15: =ROUND('[7]2026'!AB19,2) -> 78096.77 | AC15: =SUM(E15:AB15)*D15+SUM(E16:AB16)*D16+SUM(E17:AB17)*D17+SUM(E18:AB18)*D18 -> 43666628 | AE15: =+AC27 -> 46722351
B16: Feb | C16: Sábado | D16: =+'[7]2026'!D20 -> 4 | E16: =ROUND('[7]2026'!E20,2) -> 55187.43 | F16: =ROUND('[7]2026'!F20,2) -> 53256.71 | G16: =ROUND('[7]2026'!G20,2) -> 51559.99 | H16: =ROUND('[7]2026'!H20,2) -> 50405.99 | I16: =ROUND('[7]2026'!I20,2) -> 49753.55 | J16: =ROUND('[7]2026'!J20,2) -> 44918.74 | K16: =ROUND('[7]2026'!K20,2) -> 47859.99 | L16: =ROUND('[7]2026'!L20,2) -> 57774.52 | ... AB16: =ROUND('[7]2026'!AB20,2) -> 78752.61 | AE16: =+AC31 -> 45425929
B17: Feb | C17: Domingo | D17: =+'[7]2026'!D21 -> 4 | E17: =ROUND('[7]2026'!E21,2) -> 52092.39 | F17: =ROUND('[7]2026'!F21,2) -> 49372.26 | G17: =ROUND('[7]2026'!G21,2) -> 48880.64 | H17: =ROUND('[7]2026'!H21,2) -> 48198.22 | I17: =ROUND('[7]2026'!I21,2) -> 46714.91 | J17: =ROUND('[7]2026'!J21,2) -> 41813.89 | K17: =ROUND('[7]2026'!K21,2) -> 42579.9 | L17: =ROUND('[7]2026'!L21,2) -> 48800.93 | ... AB17: =ROUND('[7]2026'!AB21,2) -> 76610.93 | AE17: =+AC35 -> 33835623
B18: Feb | C18: Festivo | D18: =+'[7]2026'!D22 -> 0 | E18: =ROUND('[7]2026'!E22,2) -> 0 | F18: =ROUND('[7]2026'!F22,2) -> 0 | G18: =ROUND('[7]2026'!G22,2) -> 0 | H18: =ROUND('[7]2026'!H22,2) -> 0 | I18: =ROUND('[7]2026'!I22,2) -> 0 | J18: =ROUND('[7]2026'!J22,2) -> 0 | K18: =ROUND('[7]2026'!K22,2) -> 0 | L18: =ROUND('[7]2026'!L22,2) -> 0 | ... AB18: =ROUND('[7]2026'!AB22,2) -> 0 | AE18: =+AC39 -> 32309527
B19: 46082 | C19: Ordinario | D19: =+'[7]2026'!D23 -> 21 | E19: =ROUND('[7]2026'!E23,2) -> 62800 | F19: =ROUND('[7]2026'!F23,2) -> 60482.89 | G19: =ROUND('[7]2026'!G23,2) -> 58609.84 | H19: =ROUND('[7]2026'!H23,2) -> 57391.01 | I19: =ROUND('[7]2026'!I23,2) -> 57925.99 | J19: =ROUND('[7]2026'!J23,2) -> 54886.33 | K19: =ROUND('[7]2026'!K23,2) -> 57477.73 | L19: =ROUND('[7]2026'!L23,2) -> 69406.68 | ... AB19: =ROUND('[7]2026'!AB23,2) -> 85690.43 | AC19: =SUM(E19:AB19)*D19+SUM(E20:AB20)*D20+SUM(E21:AB21)*D21+SUM(E22:AB22)*D22 -> 56214180 | AE19: =+AC43 -> 36615880
C20: Sábado | D20: =+'[7]2026'!D24 -> 4 | E20: =ROUND('[7]2026'!E24,2) -> 64041.01 | F20: =ROUND('[7]2026'!F24,2) -> 60632.21 | G20: =ROUND('[7]2026'!G24,2) -> 59455.28 | H20: =ROUND('[7]2026'!H24,2) -> 57957.6 | I20: =ROUND('[7]2026'!I24,2) -> 57268.55 | J20: =ROUND('[7]2026'!J24,2) -> 53391.37 | K20: =ROUND('[7]2026'!K24,2) -> 56078.43 | L20: =ROUND('[7]2026'!L24,2) -> 67765.59 | ... AB20: =ROUND('[7]2026'!AB24,2) -> 82090.14 | AE20: =+AC47 -> 32001011
C21: Domingo | D21: =+'[7]2026'!D25 -> 5 | E21: =ROUND('[7]2026'!E25,2) -> 61065.24 | F21: =ROUND('[7]2026'!F25,2) -> 58977.71 | G21: =ROUND('[7]2026'!G25,2) -> 57978.94 | H21: =ROUND('[7]2026'!H25,2) -> 56704.04 | I21: =ROUND('[7]2026'!I25,2) -> 55674.63 | J21: =ROUND('[7]2026'!J25,2) -> 50437.88 | K21: =ROUND('[7]2026'!K25,2) -> 51221.57 | L21: =ROUND('[7]2026'!L25,2) -> 58806.1 | ... AB21: =ROUND('[7]2026'!AB25,2) -> 83799.69 | AE21: =+AC51 -> 36404289
C22: Festivo | D22: =+'[7]2026'!D26 -> 1 | E22: =ROUND('[7]2026'!E26,2) -> 61065.24 | F22: =ROUND('[7]2026'!F26,2) -> 58977.71 | G22: =ROUND('[7]2026'!G26,2) -> 57978.94 | H22: =ROUND('[7]2026'!H26,2) -> 56704.04 | I22: =ROUND('[7]2026'!I26,2) -> 55674.63 | J22: =ROUND('[7]2026'!J26,2) -> 50437.88 | K22: =ROUND('[7]2026'!K26,2) -> 51221.57 | L22: =ROUND('[7]2026'!L26,2) -> 58806.1 | ... AB22: =ROUND('[7]2026'!AB26,2) -> 83799.69 | AE22: =+AC55 -> 26272122
B23: 46113 | C23: Ordinario | D23: =+'[7]2026'!D27 -> 20 | E23: =ROUND('[7]2026'!E27,2) -> 54469.28 | F23: =ROUND('[7]2026'!F27,2) -> 53098.5 | G23: =ROUND('[7]2026'!G27,2) -> 51572.7 | H23: =ROUND('[7]2026'!H27,2) -> 50472.34 | I23: =ROUND('[7]2026'!I27,2) -> 51310.52 | J23: =ROUND('[7]2026'!J27,2) -> 48545.44 | K23: =ROUND('[7]2026'!K27,2) -> 51423.42 | L23: =ROUND('[7]2026'!L27,2) -> 61205.96 | ... AB23: =ROUND('[7]2026'!AB27,2) -> 76804.99 | AC23: =SUM(E23:AB23)*D23+SUM(E24:AB24)*D24+SUM(E25:AB25)*D25+SUM(E26:AB26)*D26 -> 49009504 | AE23: =SUM(AE11:AE22) -> 4.9136969e+08
B24: Feb | C24: Sábado | D24: =+'[7]2026'!D28 -> 4 | E24: =ROUND('[7]2026'!E28,2) -> 59957.1 | F24: =ROUND('[7]2026'!F28,2) -> 57828.15 | G24: =ROUND('[7]2026'!G28,2) -> 56332.58 | H24: =ROUND('[7]2026'!H28,2) -> 55079.9 | I24: =ROUND('[7]2026'!I28,2) -> 54785.13 | J24: =ROUND('[7]2026'!J28,2) -> 49532.99 | K24: =ROUND('[7]2026'!K28,2) -> 53713.69 | L24: =ROUND('[7]2026'!L28,2) -> 63282.9 | ... AB24: =ROUND('[7]2026'!AB28,2) -> 77976.85
B25: Feb | C25: Domingo | D25: =+'[7]2026'!D29 -> 4 | E25: =ROUND('[7]2026'!E29,2) -> 60233.34 | F25: =ROUND('[7]2026'!F29,2) -> 57298.84 | G25: =ROUND('[7]2026'!G29,2) -> 54731.9 | H25: =ROUND('[7]2026'!H29,2) -> 55595.38 | I25: =ROUND('[7]2026'!I29,2) -> 54063.41 | J25: =ROUND('[7]2026'!J29,2) -> 48733.63 | K25: =ROUND('[7]2026'!K29,2) -> 49724.94 | L25: =ROUND('[7]2026'!L29,2) -> 56063.5 | ... AB25: =ROUND('[7]2026'!AB29,2) -> 77446.24
B26: Feb | C26: Festivo | D26: =+'[7]2026'!D30 -> 2 | E26: =ROUND('[7]2026'!E30,2) -> 60233.34 | F26: =ROUND('[7]2026'!F30,2) -> 57298.84 | G26: =ROUND('[7]2026'!G30,2) -> 54731.9 | H26: =ROUND('[7]2026'!H30,2) -> 55595.38 | I26: =ROUND('[7]2026'!I30,2) -> 54063.41 | J26: =ROUND('[7]2026'!J30,2) -> 48733.63 | K26: =ROUND('[7]2026'!K30,2) -> 49724.94 | L26: =ROUND('[7]2026'!L30,2) -> 56063.5 | ... AB26: =ROUND('[7]2026'!AB30,2) -> 77446.24
B27: 46143 | C27: Ordinario | D27: =+'[7]2026'!D31 -> 19 | E27: =ROUND('[7]2026'!E31,2) -> 52661.52 | F27: =ROUND('[7]2026'!F31,2) -> 50678.59 | G27: =ROUND('[7]2026'!G31,2) -> 49113.53 | H27: =ROUND('[7]2026'!H31,2) -> 47979.14 | I27: =ROUND('[7]2026'!I31,2) -> 48831.59 | J27: =ROUND('[7]2026'!J31,2) -> 45372.95 | K27: =ROUND('[7]2026'!K31,2) -> 49506.28 | L27: =ROUND('[7]2026'!L31,2) -> 58194.28 | ... AB27: =ROUND('[7]2026'!AB31,2) -> 73249.36 | AC27: =SUM(E27:AB27)*D27+SUM(E28:AB28)*D28+SUM(E29:AB29)*D29+SUM(E30:AB30)*D30 -> 46722351
C28: Sábado | D28: =+'[7]2026'!D32 -> 5 | E28: =ROUND('[7]2026'!E32,2) -> 51718.93 | F28: =ROUND('[7]2026'!F32,2) -> 50045.05 | G28: =ROUND('[7]2026'!G32,2) -> 48518.61 | H28: =ROUND('[7]2026'!H32,2) -> 47944.83 | I28: =ROUND('[7]2026'!I32,2) -> 47418.98 | J28: =ROUND('[7]2026'!J32,2) -> 39943.42 | K28: =ROUND('[7]2026'!K32,2) -> 45160.67 | L28: =ROUND('[7]2026'!L32,2) -> 54331.44 | ... AB28: =ROUND('[7]2026'!AB32,2) -> 71357.63
C29: Domingo | D29: =+'[7]2026'!D33 -> 5 | E29: =ROUND('[7]2026'!E33,2) -> 51034.08 | F29: =ROUND('[7]2026'!F33,2) -> 49336.83 | G29: =ROUND('[7]2026'!G33,2) -> 48273.83 | H29: =ROUND('[7]2026'!H33,2) -> 47619.12 | I29: =ROUND('[7]2026'!I33,2) -> 46935.75 | J29: =ROUND('[7]2026'!J33,2) -> 39794.66 | K29: =ROUND('[7]2026'!K33,2) -> 42760.34 | L29: =ROUND('[7]2026'!L33,2) -> 49294.97 | ... AB29: =ROUND('[7]2026'!AB33,2) -> 75759.72
C30: Festivo | D30: =+'[7]2026'!D34 -> 2 | E30: =ROUND('[7]2026'!E34,2) -> 51034.08 | F30: =ROUND('[7]2026'!F34,2) -> 49336.83 | G30: =ROUND('[7]2026'!G34,2) -> 48273.83 | H30: =ROUND('[7]2026'!H34,2) -> 47619.12 | I30: =ROUND('[7]2026'!I34,2) -> 46935.75 | J30: =ROUND('[7]2026'!J34,2) -> 39794.66 | K30: =ROUND('[7]2026'!K34,2) -> 42760.34 | L30: =ROUND('[7]2026'!L34,2) -> 49294.97 | ... AB30: =ROUND('[7]2026'!AB34,2) -> 75759.72
B31: 46174 | C31: Ordinario | D31: =+'[7]2026'!D35 -> 19 | E31: =ROUND('[7]2026'!E35,2) -> 51223.17 | F31: =ROUND('[7]2026'!F35,2) -> 49336.16 | G31: =ROUND('[7]2026'!G35,2) -> 47991.52 | H31: =ROUND('[7]2026'!H35,2) -> 47497.45 | I31: =ROUND('[7]2026'!I35,2) -> 48477.09 | J31: =ROUND('[7]2026'!J35,2) -> 45481.1 | K31: =ROUND('[7]2026'!K35,2) -> 50736.72 | L31: =ROUND('[7]2026'!L35,2) -> 60951.49 | ... AB31: =ROUND('[7]2026'!AB35,2) -> 73060.42 | AC31: =SUM(E31:AB31)*D31+SUM(E32:AB32)*D32+SUM(E33:AB33)*D33+SUM(E34:AB34)*D34 -> 45425929
B32: Feb | C32: Sábado | D32: =+'[7]2026'!D36 -> 4 | E32: =ROUND('[7]2026'!E36,2) -> 50129.17 | F32: =ROUND('[7]2026'!F36,2) -> 49008.76 | G32: =ROUND('[7]2026'!G36,2) -> 47332.88 | H32: =ROUND('[7]2026'!H36,2) -> 45871.57 | I32: =ROUND('[7]2026'!I36,2) -> 46255.73 | J32: =ROUND('[7]2026'!J36,2) -> 41516.34 | K32: =ROUND('[7]2026'!K36,2) -> 47173.07 | L32: =ROUND('[7]2026'!L36,2) -> 56709.6 | ... AB32: =ROUND('[7]2026'!AB36,2) -> 62737.69
B33: Feb | C33: Domingo | D33: =+'[7]2026'!D37 -> 4 | E33: =ROUND('[7]2026'!E37,2) -> 46426.25 | F33: =ROUND('[7]2026'!F37,2) -> 45577.91 | G33: =ROUND('[7]2026'!G37,2) -> 44668.63 | H33: =ROUND('[7]2026'!H37,2) -> 44496.59 | I33: =ROUND('[7]2026'!I37,2) -> 44156.82 | J33: =ROUND('[7]2026'!J37,2) -> 39489.54 | K33: =ROUND('[7]2026'!K37,2) -> 41596.18 | L33: =ROUND('[7]2026'!L37,2) -> 49634.86 | ... AB33: =ROUND('[7]2026'!AB37,2) -> 72006.67
B34: Feb | C34: Festivo | D34: =+'[7]2026'!D38 -> 3 | E34: =ROUND('[7]2026'!E38,2) -> 46426.25 | F34: =ROUND('[7]2026'!F38,2) -> 45577.91 | G34: =ROUND('[7]2026'!G38,2) -> 44668.63 | H34: =ROUND('[7]2026'!H38,2) -> 44496.59 | I34: =ROUND('[7]2026'!I38,2) -> 44156.82 | J34: =ROUND('[7]2026'!J38,2) -> 39489.54 | K34: =ROUND('[7]2026'!K38,2) -> 41596.18 | L34: =ROUND('[7]2026'!L38,2) -> 49634.86 | ... AB34: =ROUND('[7]2026'!AB38,2) -> 72006.67
B35: 46204 | C35: Ordinario | D35: =+'[7]2026'!D39 -> 22 | E35: =ROUND('[7]2026'!E39,2) -> 36697.09 | F35: =ROUND('[7]2026'!F39,2) -> 34989.6 | G35: =ROUND('[7]2026'!G39,2) -> 33667.46 | H35: =ROUND('[7]2026'!H39,2) -> 33001.86 | I35: =ROUND('[7]2026'!I39,2) -> 33125.61 | J35: =ROUND('[7]2026'!J39,2) -> 31021.08 | K35: =ROUND('[7]2026'!K39,2) -> 34178.23 | L35: =ROUND('[7]2026'!L39,2) -> 40605.53 | ... AB35: =ROUND('[7]2026'!AB39,2) -> 51494.4 | AC35: =SUM(E35:AB35)*D35+SUM(E36:AB36)*D36+SUM(E37:AB37)*D37+SUM(E38:AB38)*D38 -> 33835623
C36: Sábado | D36: =+'[7]2026'!D40 -> 4 | E36: =ROUND('[7]2026'!E40,2) -> 36915.79 | F36: =ROUND('[7]2026'!F40,2) -> 35466.47 | G36: =ROUND('[7]2026'!G40,2) -> 34189.89 | H36: =ROUND('[7]2026'!H40,2) -> 33361.37 | I36: =ROUND('[7]2026'!I40,2) -> 33036.51 | J36: =ROUND('[7]2026'!J40,2) -> 30156.5 | K36: =ROUND('[7]2026'!K40,2) -> 33011.44 | L36: =ROUND('[7]2026'!L40,2) -> 40029.65 | ... AB36: =ROUND('[7]2026'!AB40,2) -> 53822.99
C37: Domingo | D37: =+'[7]2026'!D41 -> 4 | E37: =ROUND('[7]2026'!E41,2) -> 40161.26 | F37: =ROUND('[7]2026'!F41,2) -> 38001.16 | G37: =ROUND('[7]2026'!G41,2) -> 36877.99 | H37: =ROUND('[7]2026'!H41,2) -> 36240.39 | I37: =ROUND('[7]2026'!I41,2) -> 35369.4 | J37: =ROUND('[7]2026'!J41,2) -> 31179.08 | K37: =ROUND('[7]2026'!K41,2) -> 31931.46 | L37: =ROUND('[7]2026'!L41,2) -> 36251.19 | ... AB37: =ROUND('[7]2026'!AB41,2) -> 53082.62
C38: Festivo | D38: =+'[7]2026'!D42 -> 1 | E38: =ROUND('[7]2026'!E42,2) -> 40161.26 | F38: =ROUND('[7]2026'!F42,2) -> 38001.16 | G38: =ROUND('[7]2026'!G42,2) -> 36877.99 | H38: =ROUND('[7]2026'!H42,2) -> 36240.39 | I38: =ROUND('[7]2026'!I42,2) -> 35369.4 | J38: =ROUND('[7]2026'!J42,2) -> 31179.08 | K38: =ROUND('[7]2026'!K42,2) -> 31931.46 | L38: =ROUND('[7]2026'!L42,2) -> 36251.19 | ... AB38: =ROUND('[7]2026'!AB42,2) -> 53082.62
B39: 46235 | C39: Ordinario | D39: =+'[7]2026'!D43 -> 19 | E39: =ROUND('[7]2026'!E43,2) -> 35403.82 | F39: =ROUND('[7]2026'!F43,2) -> 33749.08 | G39: =ROUND('[7]2026'!G43,2) -> 32675.39 | H39: =ROUND('[7]2026'!H43,2) -> 31793.66 | I39: =ROUND('[7]2026'!I43,2) -> 32259.24 | J39: =ROUND('[7]2026'!J43,2) -> 30535.12 | K39: =ROUND('[7]2026'!K43,2) -> 32735.41 | L39: =ROUND('[7]2026'!L43,2) -> 38772.54 | ... AB39: =ROUND('[7]2026'!AB43,2) -> 49644.8 | AC39: =SUM(E39:AB39)*D39+SUM(E40:AB40)*D40+SUM(E41:AB41)*D41+SUM(E42:AB42)*D42 -> 32309527
B40: Feb | C40: Sábado | D40: =+'[7]2026'!D44 -> 5 | E40: =ROUND('[7]2026'!E44,2) -> 36737.95 | F40: =ROUND('[7]2026'!F44,2) -> 35350.71 | G40: =ROUND('[7]2026'!G44,2) -> 34427.27 | H40: =ROUND('[7]2026'!H44,2) -> 33058.16 | I40: =ROUND('[7]2026'!I44,2) -> 32666.33 | J40: =ROUND('[7]2026'!J44,2) -> 29556.96 | K40: =ROUND('[7]2026'!K44,2) -> 31601.16 | L40: =ROUND('[7]2026'!L44,2) -> 38127.76 | ... AB40: =ROUND('[7]2026'!AB44,2) -> 51585.13
B41: Feb | C41: Domingo | D41: =+'[7]2026'!D45 -> 5 | E41: =ROUND('[7]2026'!E45,2) -> 37566.57 | F41: =ROUND('[7]2026'!F45,2) -> 34712.17 | G41: =ROUND('[7]2026'!G45,2) -> 33852.17 | H41: =ROUND('[7]2026'!H45,2) -> 32921.06 | I41: =ROUND('[7]2026'!I45,2) -> 32169.85 | J41: =ROUND('[7]2026'!J45,2) -> 29143.59 | K41: =ROUND('[7]2026'!K45,2) -> 29621.54 | L41: =ROUND('[7]2026'!L45,2) -> 33939.51 | ... AB41: =ROUND('[7]2026'!AB45,2) -> 46053.11
B42: Feb | C42: Festivo | D42: =+'[7]2026'!D46 -> 2 | E42: =ROUND('[7]2026'!E46,2) -> 37566.57 | F42: =ROUND('[7]2026'!F46,2) -> 34712.17 | G42: =ROUND('[7]2026'!G46,2) -> 33852.17 | H42: =ROUND('[7]2026'!H46,2) -> 32921.06 | I42: =ROUND('[7]2026'!I46,2) -> 32169.85 | J42: =ROUND('[7]2026'!J46,2) -> 29143.59 | K42: =ROUND('[7]2026'!K46,2) -> 29621.54 | L42: =ROUND('[7]2026'!L46,2) -> 33939.51 | ... AB42: =ROUND('[7]2026'!AB46,2) -> 46053.11
B43: 46266 | C43: Ordinario | D43: =+'[7]2026'!D47 -> 22 | E43: =ROUND('[7]2026'!E47,2) -> 40750.93 | F43: =ROUND('[7]2026'!F47,2) -> 38921.66 | G43: =ROUND('[7]2026'!G47,2) -> 37488.65 | H43: =ROUND('[7]2026'!H47,2) -> 36623.52 | I43: =ROUND('[7]2026'!I47,2) -> 36930.85 | J43: =ROUND('[7]2026'!J47,2) -> 35193.01 | K43: =ROUND('[7]2026'!K47,2) -> 38525.34 | L43: =ROUND('[7]2026'!L47,2) -> 45495.43 | ... AB43: =ROUND('[7]2026'!AB47,2) -> 56159.3 | AC43: =SUM(E43:AB43)*D43+SUM(E44:AB44)*D44+SUM(E45:AB45)*D45+SUM(E46:AB46)*D46 -> 36615880
C44: Sábado | D44: =+'[7]2026'!D48 -> 4 | E44: =ROUND('[7]2026'!E48,2) -> 42332.02 | F44: =ROUND('[7]2026'!F48,2) -> 40665.45 | G44: =ROUND('[7]2026'!G48,2) -> 39476.63 | H44: =ROUND('[7]2026'!H48,2) -> 38599.77 | I44: =ROUND('[7]2026'!I48,2) -> 38082.07 | J44: =ROUND('[7]2026'!J48,2) -> 35001.39 | K44: =ROUND('[7]2026'!K48,2) -> 38130.88 | L44: =ROUND('[7]2026'!L48,2) -> 46089 | ... AB44: =ROUND('[7]2026'!AB48,2) -> 53690.09
C45: Domingo | D45: =+'[7]2026'!D49 -> 4 | E45: =ROUND('[7]2026'!E49,2) -> 38827.55 | F45: =ROUND('[7]2026'!F49,2) -> 37431.86 | G45: =ROUND('[7]2026'!G49,2) -> 36446.63 | H45: =ROUND('[7]2026'!H49,2) -> 36024.62 | I45: =ROUND('[7]2026'!I49,2) -> 35622.07 | J45: =ROUND('[7]2026'!J49,2) -> 32447.06 | K45: =ROUND('[7]2026'!K49,2) -> 33241.04 | L45: =ROUND('[7]2026'!L49,2) -> 38557.07 | ... AB45: =ROUND('[7]2026'!AB49,2) -> 57290.05
C46: Festivo | D46: =+'[7]2026'!D50 -> 0 | E46: =ROUND('[7]2026'!E50,2) -> 0 | F46: =ROUND('[7]2026'!F50,2) -> 0 | G46: =ROUND('[7]2026'!G50,2) -> 0 | H46: =ROUND('[7]2026'!H50,2) -> 0 | I46: =ROUND('[7]2026'!I50,2) -> 0 | J46: =ROUND('[7]2026'!J50,2) -> 0 | K46: =ROUND('[7]2026'!K50,2) -> 0 | L46: =ROUND('[7]2026'!L50,2) -> 0 | ... AB46: =ROUND('[7]2026'!AB50,2) -> 0
B47: 46296 | C47: Ordinario | D47: =+'[7]2026'!D51 -> 21 | E47: =ROUND('[7]2026'!E51,2) -> 35385.76 | F47: =ROUND('[7]2026'!F51,2) -> 33916.06 | G47: =ROUND('[7]2026'!G51,2) -> 32992.24 | H47: =ROUND('[7]2026'!H51,2) -> 32460.61 | I47: =ROUND('[7]2026'!I51,2) -> 32625.3 | J47: =ROUND('[7]2026'!J51,2) -> 30315.66 | K47: =ROUND('[7]2026'!K51,2) -> 33434.73 | L47: =ROUND('[7]2026'!L51,2) -> 40260.37 | ... AB47: =ROUND('[7]2026'!AB51,2) -> 50091.27 | AC47: =SUM(E47:AB47)*D47+SUM(E48:AB48)*D48+SUM(E49:AB49)*D49+SUM(E50:AB50)*D50 -> 32001011
B48: Feb | C48: Sábado | D48: =+'[7]2026'!D52 -> 5 | E48: =ROUND('[7]2026'!E52,2) -> 33639.34 | F48: =ROUND('[7]2026'!F52,2) -> 31441.07 | G48: =ROUND('[7]2026'!G52,2) -> 30729.33 | H48: =ROUND('[7]2026'!H52,2) -> 29980.47 | I48: =ROUND('[7]2026'!I52,2) -> 30071.02 | J48: =ROUND('[7]2026'!J52,2) -> 28141.98 | K48: =ROUND('[7]2026'!K52,2) -> 29392.22 | L48: =ROUND('[7]2026'!L52,2) -> 35424.75 | ... AB48: =ROUND('[7]2026'!AB52,2) -> 44998.38
B49: Feb | C49: Domingo | D49: =+'[7]2026'!D53 -> 4 | E49: =ROUND('[7]2026'!E53,2) -> 31912.19 | F49: =ROUND('[7]2026'!F53,2) -> 30906.95 | G49: =ROUND('[7]2026'!G53,2) -> 29845.22 | H49: =ROUND('[7]2026'!H53,2) -> 29200.35 | I49: =ROUND('[7]2026'!I53,2) -> 29090.79 | J49: =ROUND('[7]2026'!J53,2) -> 26024.88 | K49: =ROUND('[7]2026'!K53,2) -> 27276.51 | L49: =ROUND('[7]2026'!L53,2) -> 31865.42 | ... AB49: =ROUND('[7]2026'!AB53,2) -> 45504.84
B50: Feb | C50: Festivo | D50: =+'[7]2026'!D54 -> 1 | E50: =ROUND('[7]2026'!E54,2) -> 31912.19 | F50: =ROUND('[7]2026'!F54,2) -> 30906.95 | G50: =ROUND('[7]2026'!G54,2) -> 29845.22 | H50: =ROUND('[7]2026'!H54,2) -> 29200.35 | I50: =ROUND('[7]2026'!I54,2) -> 29090.79 | J50: =ROUND('[7]2026'!J54,2) -> 26024.88 | K50: =ROUND('[7]2026'!K54,2) -> 27276.51 | L50: =ROUND('[7]2026'!L54,2) -> 31865.42 | ... AB50: =ROUND('[7]2026'!AB54,2) -> 45504.84
B51: 46327 | C51: Ordinario | D51: =+'[7]2026'!D55 -> 19 | E51: =ROUND('[7]2026'!E55,2) -> 41516.19 | F51: =ROUND('[7]2026'!F55,2) -> 40027.54 | G51: =ROUND('[7]2026'!G55,2) -> 38691.62 | H51: =ROUND('[7]2026'!H55,2) -> 38231.18 | I51: =ROUND('[7]2026'!I55,2) -> 38675.77 | J51: =ROUND('[7]2026'!J55,2) -> 36829.45 | K51: =ROUND('[7]2026'!K55,2) -> 39869.5 | L51: =ROUND('[7]2026'!L55,2) -> 45949.19 | ... AB51: =ROUND('[7]2026'!AB55,2) -> 57057.95 | AC51: =SUM(E51:AB51)*D51+SUM(E52:AB52)*D52+SUM(E53:AB53)*D53+SUM(E54:AB54)*D54 -> 36404289
C52: Sábado | D52: =+'[7]2026'!D56 -> 4 | E52: =ROUND('[7]2026'!E56,2) -> 40031.61 | F52: =ROUND('[7]2026'!F56,2) -> 39339.72 | G52: =ROUND('[7]2026'!G56,2) -> 38094.56 | H52: =ROUND('[7]2026'!H56,2) -> 37418.06 | I52: =ROUND('[7]2026'!I56,2) -> 37357 | J52: =ROUND('[7]2026'!J56,2) -> 36310.18 | K52: =ROUND('[7]2026'!K56,2) -> 37353.91 | L52: =ROUND('[7]2026'!L56,2) -> 45506.24 | ... AB52: =ROUND('[7]2026'!AB56,2) -> 54346.08
C53: Domingo | D53: =+'[7]2026'!D57 -> 5 | E53: =ROUND('[7]2026'!E57,2) -> 39521.86 | F53: =ROUND('[7]2026'!F57,2) -> 38019.29 | G53: =ROUND('[7]2026'!G57,2) -> 36648.47 | H53: =ROUND('[7]2026'!H57,2) -> 35886.71 | I53: =ROUND('[7]2026'!I57,2) -> 35615.13 | J53: =ROUND('[7]2026'!J57,2) -> 31848.89 | K53: =ROUND('[7]2026'!K57,2) -> 32914.03 | L53: =ROUND('[7]2026'!L57,2) -> 38831.23 | ... AB53: =ROUND('[7]2026'!AB57,2) -> 55940.87
C54: Festivo | D54: =+'[7]2026'!D58 -> 2 | E54: =ROUND('[7]2026'!E58,2) -> 39521.86 | F54: =ROUND('[7]2026'!F58,2) -> 38019.29 | G54: =ROUND('[7]2026'!G58,2) -> 36648.47 | H54: =ROUND('[7]2026'!H58,2) -> 35886.71 | I54: =ROUND('[7]2026'!I58,2) -> 35615.13 | J54: =ROUND('[7]2026'!J58,2) -> 31848.89 | K54: =ROUND('[7]2026'!K58,2) -> 32914.03 | L54: =ROUND('[7]2026'!L58,2) -> 38831.23 | ... AB54: =ROUND('[7]2026'!AB58,2) -> 55940.87
B55: 46357 | C55: Ordinario | D55: =+'[7]2026'!D59 -> 21 | E55: =ROUND('[7]2026'!E59,2) -> 29538.85 | F55: =ROUND('[7]2026'!F59,2) -> 28141.69 | G55: =ROUND('[7]2026'!G59,2) -> 27182.71 | H55: =ROUND('[7]2026'!H59,2) -> 26479.02 | I55: =ROUND('[7]2026'!I59,2) -> 26379.88 | J55: =ROUND('[7]2026'!J59,2) -> 24340.31 | K55: =ROUND('[7]2026'!K59,2) -> 25962.28 | L55: =ROUND('[7]2026'!L59,2) -> 31200.8 | ... AB55: =ROUND('[7]2026'!AB59,2) -> 43306.02 | AC55: =SUM(E55:AB55)*D55+SUM(E56:AB56)*D56+SUM(E57:AB57)*D57+SUM(E58:AB58)*D58 -> 26272122
B56: Feb | C56: Sábado | D56: =+'[7]2026'!D60 -> 4 | E56: =ROUND('[7]2026'!E60,2) -> 30740.47 | F56: =ROUND('[7]2026'!F60,2) -> 29106.1 | G56: =ROUND('[7]2026'!G60,2) -> 28360.69 | H56: =ROUND('[7]2026'!H60,2) -> 27606.47 | I56: =ROUND('[7]2026'!I60,2) -> 27176.62 | J56: =ROUND('[7]2026'!J60,2) -> 24963.64 | K56: =ROUND('[7]2026'!K60,2) -> 25196.24 | L56: =ROUND('[7]2026'!L60,2) -> 29627.28 | ... AB56: =ROUND('[7]2026'!AB60,2) -> 40166.92
B57: Feb | C57: Domingo | D57: =+'[7]2026'!D61 -> 4 | E57: =ROUND('[7]2026'!E61,2) -> 26466.81 | F57: =ROUND('[7]2026'!F61,2) -> 25176.96 | G57: =ROUND('[7]2026'!G61,2) -> 24538.84 | H57: =ROUND('[7]2026'!H61,2) -> 24269.77 | I57: =ROUND('[7]2026'!I61,2) -> 24499.82 | J57: =ROUND('[7]2026'!J61,2) -> 21961 | K57: =ROUND('[7]2026'!K61,2) -> 22466.45 | L57: =ROUND('[7]2026'!L61,2) -> 26988.5 | ... AB57: =ROUND('[7]2026'!AB61,2) -> 38935.55
B58: Feb | C58: Festivo | D58: =+'[7]2026'!D62 -> 2 | E58: =ROUND('[7]2026'!E62,2) -> 26466.81 | F58: =ROUND('[7]2026'!F62,2) -> 25176.96 | G58: =ROUND('[7]2026'!G62,2) -> 24538.84 | H58: =ROUND('[7]2026'!H62,2) -> 24269.77 | I58: =ROUND('[7]2026'!I62,2) -> 24499.82 | J58: =ROUND('[7]2026'!J62,2) -> 21961 | K58: =ROUND('[7]2026'!K62,2) -> 22466.45 | L58: =ROUND('[7]2026'!L62,2) -> 26988.5 | ... AB58: =ROUND('[7]2026'!AB62,2) -> 38935.55
Z59: TOTAL AÑO kWh | AC59: =SUM(AC11:AC58) -> 4.9136969e+08

Sheet Cantidades P3_(2027)
B4: 9.3 TABLAS CANTIDADES DE ENERGÍA SOLICITADA PRODUCTO 3 AÑO 2027 (kWh)
B5: ELETRIFICADORA DE SANTANDER S.A E.S.P.
B6: SOLICITUD PÚBLICA DE OFERTAS CP-ESSC2025-001
B7: PAGUELO CONTRATADO
B10: Mes | C10: Tipo Día | D10: Días | E10: H1 | F10: H2 | G10: H3 | H10: H4 | I10: H5 | J10: H6 | K10: H7 | L10: H8 | M10: H9 | N10: H10 | O10: H11 | P10: H12 | Q10: H13 | R10: H14 | S10: H15 | T10: H16 | U10: H17 | V10: H18 | W10: H19 | X10: H20 | Y10: H21 | Z10: H22 | AA10: H23 | AB10: H24 | AC10: TOTAL MES kWh | AE10: =+AC10 -> TOTAL MES kWh
B11: 46388 | C11: Ordinario | D11: =+'[7]2027'!D15 -> 19 | E11: =ROUND('[7]2027'!E15,2) -> 54495.14 | F11: =ROUND('[7]2027'!F15,2) -> 50810.74 | G11: =ROUND('[7]2027'!G15,2) -> 48309.37 | H11: =ROUND('[7]2027'!H15,2) -> 46556.68 | I11: =ROUND('[7]2027'!I15,2) -> 46485.46 | J11: =ROUND('[7]2027'!J15,2) -> 47289.85 | K11: =ROUND('[7]2027'!K15,2) -> 48122.69 | L11: =ROUND('[7]2027'!L15,2) -> 57750.47 | ... AB11: =ROUND('[7]2027'!AB15,2) -> 72600.13 | AC11: =SUM(E11:AB11)*D11+SUM(E12:AB12)*D12+SUM(E13:AB13)*D13+SUM(E14:AB14)*D14 -> 49754275 | AE11: =+AC11 -> 49754275
C12: Sábado | D12: =+'[7]2027'!D16 -> 5 | E12: =ROUND('[7]2027'!E16,2) -> 53192.9 | F12: =ROUND('[7]2027'!F16,2) -> 49544.94 | G12: =ROUND('[7]2027'!G16,2) -> 46908.53 | H12: =ROUND('[7]2027'!H16,2) -> 45160.23 | I12: =ROUND('[7]2027'!I16,2) -> 44976.01 | J12: =ROUND('[7]2027'!J16,2) -> 44817.67 | K12: =ROUND('[7]2027'!K16,2) -> 45280.9 | L12: =ROUND('[7]2027'!L16,2) -> 53498.23 | ... AB12: =ROUND('[7]2027'!AB16,2) -> 71418 | AE12: =+AC15 -> 42439375
C13: Domingo | D13: =+'[7]2027'!D17 -> 5 | E13: =ROUND('[7]2027'!E17,2) -> 53586.16 | F13: =ROUND('[7]2027'!F17,2) -> 49816.89 | G13: =ROUND('[7]2027'!G17,2) -> 47349.36 | H13: =ROUND('[7]2027'!H17,2) -> 45531.72 | I13: =ROUND('[7]2027'!I17,2) -> 44810.06 | J13: =ROUND('[7]2027'!J17,2) -> 43641.43 | K13: =ROUND('[7]2027'!K17,2) -> 42017.4 | L13: =ROUND('[7]2027'!L17,2) -> 47182.46 | ... AB13: =ROUND('[7]2027'!AB17,2) -> 71810.36 | AE13: =+AC19 -> 53971518
C14: Festivo | D14: =+'[7]2027'!D18 -> 2 | E14: =ROUND('[7]2027'!E18,2) -> 53586.16 | F14: =ROUND('[7]2027'!F18,2) -> 49816.89 | G14: =ROUND('[7]2027'!G18,2) -> 47349.36 | H14: =ROUND('[7]2027'!H18,2) -> 45531.72 | I14: =ROUND('[7]2027'!I18,2) -> 44810.06 | J14: =ROUND('[7]2027'!J18,2) -> 43641.43 | K14: =ROUND('[7]2027'!K18,2) -> 42017.4 | L14: =ROUND('[7]2027'!L18,2) -> 47182.46 | ... AB14: =ROUND('[7]2027'!AB18,2) -> 71810.36 | AE14: =+AC23 -> 48426502
B15: 46419 | C15: Ordinario | D15: =+'[7]2027'!D19 -> 20 | E15: =ROUND('[7]2027'!E19,2) -> 47734.48 | F15: =ROUND('[7]2027'!F19,2) -> 45027.02 | G15: =ROUND('[7]2027'!G19,2) -> 42993.52 | H15: =ROUND('[7]2027'!H19,2) -> 41621.96 | I15: =ROUND('[7]2027'!I19,2) -> 42367.7 | J15: =ROUND('[7]2027'!J19,2) -> 44863.64 | K15: =ROUND('[7]2027'!K19,2) -> 45487.37 | L15: =ROUND('[7]2027'!L19,2) -> 53205 | ... AB15: =ROUND('[7]2027'!AB19,2) -> 68033.4 | AC15: =SUM(E15:AB15)*D15+SUM(E16:AB16)*D16+SUM(E17:AB17)*D17+SUM(E18:AB18)*D18 -> 42439375 | AE15: =+AC27 -> 46689956
B16: Feb | C16: Sábado | D16: =+'[7]2027'!D20 -> 4 | E16: =ROUND('[7]2027'!E20,2) -> 52051.77 | F16: =ROUND('[7]2027'!F20,2) -> 48744.02 | G16: =ROUND('[7]2027'!G20,2) -> 46181.14 | H16: =ROUND('[7]2027'!H20,2) -> 44444.54 | I16: =ROUND('[7]2027'!I20,2) -> 43897.14 | J16: =ROUND('[7]2027'!J20,2) -> 42973.08 | K16: =ROUND('[7]2027'!K20,2) -> 43756.86 | L16: =ROUND('[7]2027'!L20,2) -> 51588.48 | ... AB16: =ROUND('[7]2027'!AB20,2) -> 69231.54 | AE16: =+AC31 -> 43845308
B17: Feb | C17: Domingo | D17: =+'[7]2027'!D21 -> 4 | E17: =ROUND('[7]2027'!E21,2) -> 50201.57 | F17: =ROUND('[7]2027'!F21,2) -> 46438.13 | G17: =ROUND('[7]2027'!G21,2) -> 44477.5 | H17: =ROUND('[7]2027'!H21,2) -> 42795.22 | I17: =ROUND('[7]2027'!I21,2) -> 41527.09 | J17: =ROUND('[7]2027'!J21,2) -> 40117.02 | K17: =ROUND('[7]2027'!K21,2) -> 38686.66 | L17: =ROUND('[7]2027'!L21,2) -> 42932.98 | ... AB17: =ROUND('[7]2027'!AB21,2) -> 66567.22 | AE17: =+AC35 -> 41380294
B18: Feb | C18: Festivo | D18: =+'[7]2027'!D22 -> 0 | E18: =ROUND('[7]2027'!E22,2) -> 0 | F18: =ROUND('[7]2027'!F22,2) -> 0 | G18: =ROUND('[7]2027'!G22,2) -> 0 | H18: =ROUND('[7]2027'!H22,2) -> 0 | I18: =ROUND('[7]2027'!I22,2) -> 0 | J18: =ROUND('[7]2027'!J22,2) -> 0 | K18: =ROUND('[7]2027'!K22,2) -> 0 | L18: =ROUND('[7]2027'!L22,2) -> 0 | ... AB18: =ROUND('[7]2027'!AB22,2) -> 0 | AE18: =+AC39 -> 42178097
B19: 46447 | C19: Ordinario | D19: =+'[7]2027'!D23 -> 20 | E19: =ROUND('[7]2027'!E23,2) -> 57145.54 | F19: =ROUND('[7]2027'!F23,2) -> 53686.23 | G19: =ROUND('[7]2027'!G23,2) -> 51285.64 | H19: =ROUND('[7]2027'!H23,2) -> 49681.56 | I19: =ROUND('[7]2027'!I23,2) -> 50627.12 | J19: =ROUND('[7]2027'!J23,2) -> 53083.48 | K19: =ROUND('[7]2027'!K23,2) -> 54391.52 | L19: =ROUND('[7]2027'!L23,2) -> 64117.87 | ... AB19: =ROUND('[7]2027'!AB23,2) -> 76944.5 | AC19: =SUM(E19:AB19)*D19+SUM(E20:AB20)*D20+SUM(E21:AB21)*D21+SUM(E22:AB22)*D22 -> 53971518 | AE19: =+AC43 -> 47596709
C20: Sábado | D20: =+'[7]2027'!D24 -> 4 | E20: =ROUND('[7]2027'!E24,2) -> 58992.61 | F20: =ROUND('[7]2027'!F24,2) -> 54779.61 | G20: =ROUND('[7]2027'!G24,2) -> 52550.19 | H20: =ROUND('[7]2027'!H24,2) -> 50513.48 | I20: =ROUND('[7]2027'!I24,2) -> 50074.94 | J20: =ROUND('[7]2027'!J24,2) -> 50099.41 | K20: =ROUND('[7]2027'!K24,2) -> 51115.99 | L20: =ROUND('[7]2027'!L24,2) -> 61075.6 | ... AB20: =ROUND('[7]2027'!AB24,2) -> 75838 | AE20: =+AC47 -> 42681224
C21: Domingo | D21: =+'[7]2027'!D25 -> 4 | E21: =ROUND('[7]2027'!E25,2) -> 57899.7 | F21: =ROUND('[7]2027'!F25,2) -> 54183.11 | G21: =ROUND('[7]2027'!G25,2) -> 51887.72 | H21: =ROUND('[7]2027'!H25,2) -> 49965.89 | I21: =ROUND('[7]2027'!I25,2) -> 49016.31 | J21: =ROUND('[7]2027'!J25,2) -> 47465.56 | K21: =ROUND('[7]2027'!K25,2) -> 46254.61 | L21: =ROUND('[7]2027'!L25,2) -> 51460.31 | ... AB21: =ROUND('[7]2027'!AB25,2) -> 73277.75 | AE21: =+AC51 -> 45932158
C22: Festivo | D22: =+'[7]2027'!D26 -> 3 | E22: =ROUND('[7]2027'!E26,2) -> 57899.7 | F22: =ROUND('[7]2027'!F26,2) -> 54183.11 | G22: =ROUND('[7]2027'!G26,2) -> 51887.72 | H22: =ROUND('[7]2027'!H26,2) -> 49965.89 | I22: =ROUND('[7]2027'!I26,2) -> 49016.31 | J22: =ROUND('[7]2027'!J26,2) -> 47465.56 | K22: =ROUND('[7]2027'!K26,2) -> 46254.61 | L22: =ROUND('[7]2027'!L26,2) -> 51460.31 | ... AB22: =ROUND('[7]2027'!AB26,2) -> 73277.75 | AE22: =+AC55 -> 36952154
B23: 46478 | C23: Ordinario | D23: =+'[7]2027'!D27 -> 22 | E23: =ROUND('[7]2027'!E27,2) -> 51420.75 | F23: =ROUND('[7]2027'!F27,2) -> 48418.75 | G23: =ROUND('[7]2027'!G27,2) -> 46181.08 | H23: =ROUND('[7]2027'!H27,2) -> 44436.55 | I23: =ROUND('[7]2027'!I27,2) -> 45323.25 | J23: =ROUND('[7]2027'!J27,2) -> 46845.63 | K23: =ROUND('[7]2027'!K27,2) -> 48621.17 | L23: =ROUND('[7]2027'!L27,2) -> 57561.94 | ... AB23: =ROUND('[7]2027'!AB27,2) -> 70590.51 | AC23: =SUM(E23:AB23)*D23+SUM(E24:AB24)*D24+SUM(E25:AB25)*D25+SUM(E26:AB26)*D26 -> 48426502 | AE23: =SUM(AE11:AE22) -> 5.4184757e+08
B24: Feb | C24: Sábado | D24: =+'[7]2027'!D28 -> 4 | E24: =ROUND('[7]2027'!E28,2) -> 54469.04 | F24: =ROUND('[7]2027'!F28,2) -> 51101.61 | G24: =ROUND('[7]2027'!G28,2) -> 48888.52 | H24: =ROUND('[7]2027'!H28,2) -> 47183.2 | I24: =ROUND('[7]2027'!I28,2) -> 47042.74 | J24: =ROUND('[7]2027'!J28,2) -> 45390.23 | K24: =ROUND('[7]2027'!K28,2) -> 47606.72 | L24: =ROUND('[7]2027'!L28,2) -> 56512.06 | ... AB24: =ROUND('[7]2027'!AB28,2) -> 72276.69
B25: Feb | C25: Domingo | D25: =+'[7]2027'!D29 -> 4 | E25: =ROUND('[7]2027'!E29,2) -> 56421.65 | F25: =ROUND('[7]2027'!F29,2) -> 52364.65 | G25: =ROUND('[7]2027'!G29,2) -> 48933.2 | H25: =ROUND('[7]2027'!H29,2) -> 47633.25 | I25: =ROUND('[7]2027'!I29,2) -> 46391.2 | J25: =ROUND('[7]2027'!J29,2) -> 44298.76 | K25: =ROUND('[7]2027'!K29,2) -> 43743.46 | L25: =ROUND('[7]2027'!L29,2) -> 48758.37 | ... AB25: =ROUND('[7]2027'!AB29,2) -> 69634.73
B26: Feb | C26: Festivo | D26: =+'[7]2027'!D30 -> 0 | E26: =ROUND('[7]2027'!E30,2) -> 0 | F26: =ROUND('[7]2027'!F30,2) -> 0 | G26: =ROUND('[7]2027'!G30,2) -> 0 | H26: =ROUND('[7]2027'!H30,2) -> 0 | I26: =ROUND('[7]2027'!I30,2) -> 0 | J26: =ROUND('[7]2027'!J30,2) -> 0 | K26: =ROUND('[7]2027'!K30,2) -> 0 | L26: =ROUND('[7]2027'!L30,2) -> 0 | ... AB26: =ROUND('[7]2027'!AB30,2) -> 0
B27: 46508 | C27: Ordinario | D27: =+'[7]2027'!D31 -> 19 | E27: =ROUND('[7]2027'!E31,2) -> 49420.12 | F27: =ROUND('[7]2027'!F31,2) -> 46186.05 | G27: =ROUND('[7]2027'!G31,2) -> 43938.33 | H27: =ROUND('[7]2027'!H31,2) -> 42352.13 | I27: =ROUND('[7]2027'!I31,2) -> 43181.99 | J27: =ROUND('[7]2027'!J31,2) -> 43571.62 | K27: =ROUND('[7]2027'!K31,2) -> 46582.91 | L27: =ROUND('[7]2027'!L31,2) -> 55196.87 | ... AB27: =ROUND('[7]2027'!AB31,2) -> 67337.02 | AC27: =SUM(E27:AB27)*D27+SUM(E28:AB28)*D28+SUM(E29:AB29)*D29+SUM(E30:AB30)*D30 -> 46689956
C28: Sábado | D28: =+'[7]2027'!D32 -> 4 | E28: =ROUND('[7]2027'!E32,2) -> 48721.46 | F28: =ROUND('[7]2027'!F32,2) -> 45773.03 | G28: =ROUND('[7]2027'!G32,2) -> 43398.5 | H28: =ROUND('[7]2027'!H32,2) -> 42199.55 | I28: =ROUND('[7]2027'!I32,2) -> 42079.07 | J28: =ROUND('[7]2027'!J32,2) -> 39151.4 | K28: =ROUND('[7]2027'!K32,2) -> 42377.66 | L28: =ROUND('[7]2027'!L32,2) -> 51130.14 | ... AB28: =ROUND('[7]2027'!AB32,2) -> 66569.87
C29: Domingo | D29: =+'[7]2027'!D33 -> 5 | E29: =ROUND('[7]2027'!E33,2) -> 49061.65 | F29: =ROUND('[7]2027'!F33,2) -> 45981.8 | G29: =ROUND('[7]2027'!G33,2) -> 43785.7 | H29: =ROUND('[7]2027'!H33,2) -> 42420.94 | I29: =ROUND('[7]2027'!I33,2) -> 41664.2 | J29: =ROUND('[7]2027'!J33,2) -> 38126.49 | K29: =ROUND('[7]2027'!K33,2) -> 39134.91 | L29: =ROUND('[7]2027'!L33,2) -> 44441.97 | ... AB29: =ROUND('[7]2027'!AB33,2) -> 68699.31
C30: Festivo | D30: =+'[7]2027'!D34 -> 3 | E30: =ROUND('[7]2027'!E34,2) -> 49061.65 | F30: =ROUND('[7]2027'!F34,2) -> 45981.8 | G30: =ROUND('[7]2027'!G34,2) -> 43785.7 | H30: =ROUND('[7]2027'!H34,2) -> 42420.94 | I30: =ROUND('[7]2027'!I34,2) -> 41664.2 | J30: =ROUND('[7]2027'!J34,2) -> 38126.49 | K30: =ROUND('[7]2027'!K34,2) -> 39134.91 | L30: =ROUND('[7]2027'!L34,2) -> 44441.97 | ... AB30: =ROUND('[7]2027'!AB34,2) -> 68699.31
B31: 46539 | C31: Ordinario | D31: =+'[7]2027'!D35 -> 21 | E31: =ROUND('[7]2027'!E35,2) -> 46222.52 | F31: =ROUND('[7]2027'!F35,2) -> 43155.18 | G31: =ROUND('[7]2027'!G35,2) -> 41122.2 | H31: =ROUND('[7]2027'!H35,2) -> 40075.71 | I31: =ROUND('[7]2027'!I35,2) -> 40946.53 | J31: =ROUND('[7]2027'!J35,2) -> 41562.82 | K31: =ROUND('[7]2027'!K35,2) -> 45191 | L31: =ROUND('[7]2027'!L35,2) -> 54533.79 | ... AB31: =ROUND('[7]2027'!AB35,2) -> 64779.14 | AC31: =SUM(E31:AB31)*D31+SUM(E32:AB32)*D32+SUM(E33:AB33)*D33+SUM(E34:AB34)*D34 -> 43845308
B32: Feb | C32: Sábado | D32: =+'[7]2027'!D36 -> 4 | E32: =ROUND('[7]2027'!E36,2) -> 46821.32 | F32: =ROUND('[7]2027'!F36,2) -> 44047.84 | G32: =ROUND('[7]2027'!G36,2) -> 41554.29 | H32: =ROUND('[7]2027'!H36,2) -> 39663.84 | I32: =ROUND('[7]2027'!I36,2) -> 39946.11 | J32: =ROUND('[7]2027'!J36,2) -> 38803.77 | K32: =ROUND('[7]2027'!K36,2) -> 41904.44 | L32: =ROUND('[7]2027'!L36,2) -> 50286.14 | ... AB32: =ROUND('[7]2027'!AB36,2) -> 59627.8
B33: Feb | C33: Domingo | D33: =+'[7]2027'!D37 -> 4 | E33: =ROUND('[7]2027'!E37,2) -> 44102.92 | F33: =ROUND('[7]2027'!F37,2) -> 41517.82 | G33: =ROUND('[7]2027'!G37,2) -> 39648.2 | H33: =ROUND('[7]2027'!H37,2) -> 38520.61 | I33: =ROUND('[7]2027'!I37,2) -> 38054.09 | J33: =ROUND('[7]2027'!J37,2) -> 36458.62 | K33: =ROUND('[7]2027'!K37,2) -> 36647.38 | L33: =ROUND('[7]2027'!L37,2) -> 42341.81 | ... AB33: =ROUND('[7]2027'!AB37,2) -> 61713.08
B34: Feb | C34: Festivo | D34: =+'[7]2027'!D38 -> 1 | E34: =ROUND('[7]2027'!E38,2) -> 44102.92 | F34: =ROUND('[7]2027'!F38,2) -> 41517.82 | G34: =ROUND('[7]2027'!G38,2) -> 39648.2 | H34: =ROUND('[7]2027'!H38,2) -> 38520.61 | I34: =ROUND('[7]2027'!I38,2) -> 38054.09 | J34: =ROUND('[7]2027'!J38,2) -> 36458.62 | K34: =ROUND('[7]2027'!K38,2) -> 36647.38 | L34: =ROUND('[7]2027'!L38,2) -> 42341.81 | ... AB34: =ROUND('[7]2027'!AB38,2) -> 61713.08
B35: 46569 | C35: Ordinario | D35: =+'[7]2027'!D39 -> 20 | E35: =ROUND('[7]2027'!E39,2) -> 39361.7 | F35: =ROUND('[7]2027'!F39,2) -> 36046.82 | G35: =ROUND('[7]2027'!G39,2) -> 33723.07 | H35: =ROUND('[7]2027'!H39,2) -> 32312.42 | I35: =ROUND('[7]2027'!I39,2) -> 32909.89 | J35: =ROUND('[7]2027'!J39,2) -> 34113.16 | K35: =ROUND('[7]2027'!K39,2) -> 37185.24 | L35: =ROUND('[7]2027'!L39,2) -> 44161 | ... AB35: =ROUND('[7]2027'!AB39,2) -> 64154.8 | AC35: =SUM(E35:AB35)*D35+SUM(E36:AB36)*D36+SUM(E37:AB37)*D37+SUM(E38:AB38)*D38 -> 41380294
C36: Sábado | D36: =+'[7]2027'!D40 -> 5 | E36: =ROUND('[7]2027'!E40,2) -> 40866.01 | F36: =ROUND('[7]2027'!F40,2) -> 37529.42 | G36: =ROUND('[7]2027'!G40,2) -> 35198.85 | H36: =ROUND('[7]2027'!H40,2) -> 33461.76 | I36: =ROUND('[7]2027'!I40,2) -> 33218.66 | J36: =ROUND('[7]2027'!J40,2) -> 31866.02 | K36: =ROUND('[7]2027'!K40,2) -> 34373.85 | L36: =ROUND('[7]2027'!L40,2) -> 41747.67 | ... AB36: =ROUND('[7]2027'!AB40,2) -> 67472.9
C37: Domingo | D37: =+'[7]2027'!D41 -> 4 | E37: =ROUND('[7]2027'!E41,2) -> 43822.29 | F37: =ROUND('[7]2027'!F41,2) -> 40093.78 | G37: =ROUND('[7]2027'!G41,2) -> 37735.38 | H37: =ROUND('[7]2027'!H41,2) -> 36068.39 | I37: =ROUND('[7]2027'!I41,2) -> 34958.23 | J37: =ROUND('[7]2027'!J41,2) -> 32128.63 | K37: =ROUND('[7]2027'!K41,2) -> 31740.01 | L37: =ROUND('[7]2027'!L41,2) -> 35081.62 | ... AB37: =ROUND('[7]2027'!AB41,2) -> 65203.74
C38: Festivo | D38: =+'[7]2027'!D42 -> 2 | E38: =ROUND('[7]2027'!E42,2) -> 43822.29 | F38: =ROUND('[7]2027'!F42,2) -> 40093.78 | G38: =ROUND('[7]2027'!G42,2) -> 37735.38 | H38: =ROUND('[7]2027'!H42,2) -> 36068.39 | I38: =ROUND('[7]2027'!I42,2) -> 34958.23 | J38: =ROUND('[7]2027'!J42,2) -> 32128.63 | K38: =ROUND('[7]2027'!K42,2) -> 31740.01 | L38: =ROUND('[7]2027'!L42,2) -> 35081.62 | ... AB38: =ROUND('[7]2027'!AB42,2) -> 65203.74
B39: 46600 | C39: Ordinario | D39: =+'[7]2027'!D43 -> 21 | E39: =ROUND('[7]2027'!E43,2) -> 41214.53 | F39: =ROUND('[7]2027'!F43,2) -> 37812.19 | G39: =ROUND('[7]2027'!G43,2) -> 35557.49 | H39: =ROUND('[7]2027'!H43,2) -> 33963.83 | I39: =ROUND('[7]2027'!I43,2) -> 34855.01 | J39: =ROUND('[7]2027'!J43,2) -> 36523.91 | K39: =ROUND('[7]2027'!K43,2) -> 38740.8 | L39: =ROUND('[7]2027'!L43,2) -> 45899.06 | ... AB39: =ROUND('[7]2027'!AB43,2) -> 64718.85 | AC39: =SUM(E39:AB39)*D39+SUM(E40:AB40)*D40+SUM(E41:AB41)*D41+SUM(E42:AB42)*D42 -> 42178097
B40: Feb | C40: Sábado | D40: =+'[7]2027'!D44 -> 3 | E40: =ROUND('[7]2027'!E44,2) -> 43698.5 | F40: =ROUND('[7]2027'!F44,2) -> 40270.26 | G40: =ROUND('[7]2027'!G44,2) -> 37873.32 | H40: =ROUND('[7]2027'!H44,2) -> 35721.33 | I40: =ROUND('[7]2027'!I44,2) -> 35376.87 | J40: =ROUND('[7]2027'!J44,2) -> 34259.8 | K40: =ROUND('[7]2027'!K44,2) -> 36000.63 | L40: =ROUND('[7]2027'!L44,2) -> 43450.89 | ... AB40: =ROUND('[7]2027'!AB44,2) -> 65264.2
B41: Feb | C41: Domingo | D41: =+'[7]2027'!D45 -> 5 | E41: =ROUND('[7]2027'!E45,2) -> 43260.23 | F41: =ROUND('[7]2027'!F45,2) -> 38587.76 | G41: =ROUND('[7]2027'!G45,2) -> 36430.65 | H41: =ROUND('[7]2027'!H45,2) -> 34742.39 | I41: =ROUND('[7]2027'!I45,2) -> 33904.5 | J41: =ROUND('[7]2027'!J45,2) -> 32197.67 | K41: =ROUND('[7]2027'!K45,2) -> 31418.55 | L41: =ROUND('[7]2027'!L45,2) -> 35141.27 | ... AB41: =ROUND('[7]2027'!AB45,2) -> 59792.13
B42: Feb | C42: Festivo | D42: =+'[7]2027'!D46 -> 2 | E42: =ROUND('[7]2027'!E46,2) -> 43260.23 | F42: =ROUND('[7]2027'!F46,2) -> 38587.76 | G42: =ROUND('[7]2027'!G46,2) -> 36430.65 | H42: =ROUND('[7]2027'!H46,2) -> 34742.39 | I42: =ROUND('[7]2027'!I46,2) -> 33904.5 | J42: =ROUND('[7]2027'!J46,2) -> 32197.67 | K42: =ROUND('[7]2027'!K46,2) -> 31418.55 | L42: =ROUND('[7]2027'!L46,2) -> 35141.27 | ... AB42: =ROUND('[7]2027'!AB46,2) -> 59792.13
B43: 46631 | C43: Ordinario | D43: =+'[7]2027'!D47 -> 22 | E43: =ROUND('[7]2027'!E47,2) -> 47387.49 | F43: =ROUND('[7]2027'!F47,2) -> 43770.02 | G43: =ROUND('[7]2027'!G47,2) -> 41180.86 | H43: =ROUND('[7]2027'!H47,2) -> 39559.76 | I43: =ROUND('[7]2027'!I47,2) -> 40538.26 | J43: =ROUND('[7]2027'!J47,2) -> 42548.13 | K43: =ROUND('[7]2027'!K47,2) -> 45962.06 | L43: =ROUND('[7]2027'!L47,2) -> 54436.64 | ... AB43: =ROUND('[7]2027'!AB47,2) -> 71786.02 | AC43: =SUM(E43:AB43)*D43+SUM(E44:AB44)*D44+SUM(E45:AB45)*D45+SUM(E46:AB46)*D46 -> 47596709
C44: Sábado | D44: =+'[7]2027'!D48 -> 4 | E44: =ROUND('[7]2027'!E48,2) -> 50092.37 | F44: =ROUND('[7]2027'!F48,2) -> 46462.85 | G44: =ROUND('[7]2027'!G48,2) -> 43918.42 | H44: =ROUND('[7]2027'!H48,2) -> 42017.62 | I44: =ROUND('[7]2027'!I48,2) -> 41666.44 | J44: =ROUND('[7]2027'!J48,2) -> 40662.45 | K44: =ROUND('[7]2027'!K48,2) -> 43474.21 | L44: =ROUND('[7]2027'!L48,2) -> 52453.99 | ... AB44: =ROUND('[7]2027'!AB48,2) -> 68872.36
C45: Domingo | D45: =+'[7]2027'!D49 -> 4 | E45: =ROUND('[7]2027'!E49,2) -> 46141.05 | F45: =ROUND('[7]2027'!F49,2) -> 42702.01 | G45: =ROUND('[7]2027'!G49,2) -> 40317 | H45: =ROUND('[7]2027'!H49,2) -> 38974.39 | I45: =ROUND('[7]2027'!I49,2) -> 38381.77 | J45: =ROUND('[7]2027'!J49,2) -> 36743.52 | K45: =ROUND('[7]2027'!K49,2) -> 36741.35 | L45: =ROUND('[7]2027'!L49,2) -> 41579.39 | ... AB45: =ROUND('[7]2027'!AB49,2) -> 70947.89
C46: Festivo | D46: =+'[7]2027'!D50 -> 0 | E46: =ROUND('[7]2027'!E50,2) -> 0 | F46: =ROUND('[7]2027'!F50,2) -> 0 | G46: =ROUND('[7]2027'!G50,2) -> 0 | H46: =ROUND('[7]2027'!H50,2) -> 0 | I46: =ROUND('[7]2027'!I50,2) -> 0 | J46: =ROUND('[7]2027'!J50,2) -> 0 | K46: =ROUND('[7]2027'!K50,2) -> 0 | L46: =ROUND('[7]2027'!L50,2) -> 0 | ... AB46: =ROUND('[7]2027'!AB50,2) -> 0
B47: 46661 | C47: Ordinario | D47: =+'[7]2027'!D51 -> 20 | E47: =ROUND('[7]2027'!E51,2) -> 41191.86 | F47: =ROUND('[7]2027'!F51,2) -> 37855.07 | G47: =ROUND('[7]2027'!G51,2) -> 35831.61 | H47: =ROUND('[7]2027'!H51,2) -> 34648.67 | I47: =ROUND('[7]2027'!I51,2) -> 35529.67 | J47: =ROUND('[7]2027'!J51,2) -> 36790.98 | K47: =ROUND('[7]2027'!K51,2) -> 40279.84 | L47: =ROUND('[7]2027'!L51,2) -> 48513.86 | ... AB47: =ROUND('[7]2027'!AB51,2) -> 64750.48 | AC47: =SUM(E47:AB47)*D47+SUM(E48:AB48)*D48+SUM(E49:AB49)*D49+SUM(E50:AB50)*D50 -> 42681224
B48: Feb | C48: Sábado | D48: =+'[7]2027'!D52 -> 5 | E48: =ROUND('[7]2027'!E52,2) -> 41808.96 | F48: =ROUND('[7]2027'!F52,2) -> 37813.37 | G48: =ROUND('[7]2027'!G52,2) -> 35649.91 | H48: =ROUND('[7]2027'!H52,2) -> 34040.39 | I48: =ROUND('[7]2027'!I52,2) -> 34371.73 | J48: =ROUND('[7]2027'!J52,2) -> 34358.21 | K48: =ROUND('[7]2027'!K52,2) -> 35612.57 | L48: =ROUND('[7]2027'!L52,2) -> 42959.02 | ... AB48: =ROUND('[7]2027'!AB52,2) -> 61478.31
B49: Feb | C49: Domingo | D49: =+'[7]2027'!D53 -> 5 | E49: =ROUND('[7]2027'!E53,2) -> 39836.98 | F49: =ROUND('[7]2027'!F53,2) -> 36889.56 | G49: =ROUND('[7]2027'!G53,2) -> 34496.04 | H49: =ROUND('[7]2027'!H53,2) -> 32899.2 | I49: =ROUND('[7]2027'!I53,2) -> 32649 | J49: =ROUND('[7]2027'!J53,2) -> 31001.27 | K49: =ROUND('[7]2027'!K53,2) -> 31625.57 | L49: =ROUND('[7]2027'!L53,2) -> 35890.23 | ... AB49: =ROUND('[7]2027'!AB53,2) -> 60298.01
B50: Feb | C50: Festivo | D50: =+'[7]2027'!D54 -> 1 | E50: =ROUND('[7]2027'!E54,2) -> 39836.98 | F50: =ROUND('[7]2027'!F54,2) -> 36889.56 | G50: =ROUND('[7]2027'!G54,2) -> 34496.04 | H50: =ROUND('[7]2027'!H54,2) -> 32899.2 | I50: =ROUND('[7]2027'!I54,2) -> 32649 | J50: =ROUND('[7]2027'!J54,2) -> 31001.27 | K50: =ROUND('[7]2027'!K54,2) -> 31625.57 | L50: =ROUND('[7]2027'!L54,2) -> 35890.23 | ... AB50: =ROUND('[7]2027'!AB54,2) -> 60298.01
B51: 46692 | C51: Ordinario | D51: =+'[7]2027'!D55 -> 20 | E51: =ROUND('[7]2027'!E55,2) -> 46170.56 | F51: =ROUND('[7]2027'!F55,2) -> 42911.43 | G51: =ROUND('[7]2027'!G55,2) -> 40531.04 | H51: =ROUND('[7]2027'!H55,2) -> 39339.34 | I51: =ROUND('[7]2027'!I55,2) -> 40247.56 | J51: =ROUND('[7]2027'!J55,2) -> 41839.51 | K51: =ROUND('[7]2027'!K55,2) -> 45355.04 | L51: =ROUND('[7]2027'!L55,2) -> 53198.09 | ... AB51: =ROUND('[7]2027'!AB55,2) -> 70519.71 | AC51: =SUM(E51:AB51)*D51+SUM(E52:AB52)*D52+SUM(E53:AB53)*D53+SUM(E54:AB54)*D54 -> 45932158
C52: Sábado | D52: =+'[7]2027'!D56 -> 4 | E52: =ROUND('[7]2027'!E56,2) -> 45526.3 | F52: =ROUND('[7]2027'!F56,2) -> 42603.97 | G52: =ROUND('[7]2027'!G56,2) -> 40213.78 | H52: =ROUND('[7]2027'!H56,2) -> 38764.77 | I52: =ROUND('[7]2027'!I56,2) -> 39102.49 | J52: =ROUND('[7]2027'!J56,2) -> 40247.46 | K52: =ROUND('[7]2027'!K56,2) -> 41207.69 | L52: =ROUND('[7]2027'!L56,2) -> 50328.14 | ... AB52: =ROUND('[7]2027'!AB56,2) -> 67750.83
C53: Domingo | D53: =+'[7]2027'!D57 -> 4 | E53: =ROUND('[7]2027'!E57,2) -> 44573.88 | F53: =ROUND('[7]2027'!F57,2) -> 41210.73 | G53: =ROUND('[7]2027'!G57,2) -> 38642.59 | H53: =ROUND('[7]2027'!H57,2) -> 37161.25 | I53: =ROUND('[7]2027'!I57,2) -> 36866.23 | J53: =ROUND('[7]2027'!J57,2) -> 34919.64 | K53: =ROUND('[7]2027'!K57,2) -> 35184.68 | L53: =ROUND('[7]2027'!L57,2) -> 40379.18 | ... AB53: =ROUND('[7]2027'!AB57,2) -> 68235.04
C54: Festivo | D54: =+'[7]2027'!D58 -> 2 | E54: =ROUND('[7]2027'!E58,2) -> 44573.88 | F54: =ROUND('[7]2027'!F58,2) -> 41210.73 | G54: =ROUND('[7]2027'!G58,2) -> 38642.59 | H54: =ROUND('[7]2027'!H58,2) -> 37161.25 | I54: =ROUND('[7]2027'!I58,2) -> 36866.23 | J54: =ROUND('[7]2027'!J58,2) -> 34919.64 | K54: =ROUND('[7]2027'!K58,2) -> 35184.68 | L54: =ROUND('[7]2027'!L58,2) -> 40379.18 | ... AB54: =ROUND('[7]2027'!AB58,2) -> 68235.04
B55: 46722 | C55: Ordinario | D55: =+'[7]2027'!D59 -> 22 | E55: =ROUND('[7]2027'!E59,2) -> 36662 | F55: =ROUND('[7]2027'!F59,2) -> 33357.96 | G55: =ROUND('[7]2027'!G59,2) -> 31276.04 | H55: =ROUND('[7]2027'!H59,2) -> 29863.75 | I55: =ROUND('[7]2027'!I59,2) -> 30015.9 | J55: =ROUND('[7]2027'!J59,2) -> 30151.77 | K55: =ROUND('[7]2027'!K59,2) -> 31688.98 | L55: =ROUND('[7]2027'!L59,2) -> 38415.22 | ... AB55: =ROUND('[7]2027'!AB59,2) -> 59699.39 | AC55: =SUM(E55:AB55)*D55+SUM(E56:AB56)*D56+SUM(E57:AB57)*D57+SUM(E58:AB58)*D58 -> 36952154
B56: Feb | C56: Sábado | D56: =+'[7]2027'!D60 -> 3 | E56: =ROUND('[7]2027'!E60,2) -> 38952.43 | F56: =ROUND('[7]2027'!F60,2) -> 35429.38 | G56: =ROUND('[7]2027'!G60,2) -> 33225.94 | H56: =ROUND('[7]2027'!H60,2) -> 31594.65 | I56: =ROUND('[7]2027'!I60,2) -> 31241.19 | J56: =ROUND('[7]2027'!J60,2) -> 30664.35 | K56: =ROUND('[7]2027'!K60,2) -> 30216.64 | L56: =ROUND('[7]2027'!L60,2) -> 35251.31 | ... AB56: =ROUND('[7]2027'!AB60,2) -> 57001.46
B57: Feb | C57: Domingo | D57: =+'[7]2027'!D61 -> 4 | E57: =ROUND('[7]2027'!E61,2) -> 35139.58 | F57: =ROUND('[7]2027'!F61,2) -> 32111.15 | G57: =ROUND('[7]2027'!G61,2) -> 30052.15 | H57: =ROUND('[7]2027'!H61,2) -> 28782.27 | I57: =ROUND('[7]2027'!I61,2) -> 28556.17 | J57: =ROUND('[7]2027'!J61,2) -> 27095.41 | K57: =ROUND('[7]2027'!K61,2) -> 26252.42 | L57: =ROUND('[7]2027'!L61,2) -> 29872.41 | ... AB57: =ROUND('[7]2027'!AB61,2) -> 54504.33
B58: Feb | C58: Festivo | D58: =+'[7]2027'!D62 -> 2 | E58: =ROUND('[7]2027'!E62,2) -> 35139.58 | F58: =ROUND('[7]2027'!F62,2) -> 32111.15 | G58: =ROUND('[7]2027'!G62,2) -> 30052.15 | H58: =ROUND('[7]2027'!H62,2) -> 28782.27 | I58: =ROUND('[7]2027'!I62,2) -> 28556.17 | J58: =ROUND('[7]2027'!J62,2) -> 27095.41 | K58: =ROUND('[7]2027'!K62,2) -> 26252.42 | L58: =ROUND('[7]2027'!L62,2) -> 29872.41 | ... AB58: =ROUND('[7]2027'!AB62,2) -> 54504.33
Z59: TOTAL AÑO kWh | AC59: =SUM(AC11:AC58) -> 5.4184757e+08

Sheet Cantidades P4_(2028)
B4: 9.4 TABLAS CANTIDADES DE ENERGÍA SOLICITADA PRODUCTO 4 AÑO 2028 (kWh)
B5: ELETRIFICADORA DE SANTANDER S.A E.S.P.
B6: SOLICITUD PÚBLICA DE OFERTAS CP-ESSC2025-001
B7: PAGUELO CONTRATADO
B10: Mes | C10: Tipo Día | D10: Días | E10: H1 | F10: H2 | G10: H3 | H10: H4 | I10: H5 | J10: H6 | K10: H7 | L10: H8 | M10: H9 | N10: H10 | O10: H11 | P10: H12 | Q10: H13 | R10: H14 | S10: H15 | T10: H16 | U10: H17 | V10: H18 | W10: H19 | X10: H20 | Y10: H21 | Z10: H22 | AA10: H23 | AB10: H24 | AC10: TOTAL MES kWh | AE10: =+AC10 -> TOTAL MES kWh
B11: 46753 | C11: Ordinario | D11: =+'[7]2028'!D15 -> 20 | E11: =ROUND('[7]2028'!E15,2) -> 40967.2 | F11: =ROUND('[7]2028'!F15,2) -> 38762.26 | G11: =ROUND('[7]2028'!G15,2) -> 37248.5 | H11: =ROUND('[7]2028'!H15,2) -> 36200.78 | I11: =ROUND('[7]2028'!I15,2) -> 36252.02 | J11: =ROUND('[7]2028'!J15,2) -> 37823.92 | K11: =ROUND('[7]2028'!K15,2) -> 37965.7 | L11: =ROUND('[7]2028'!L15,2) -> 43340.72 | ... AB11: =ROUND('[7]2028'!AB15,2) -> 45793.26 | AC11: =SUM(E11:AB11)*D11+SUM(E12:AB12)*D12+SUM(E13:AB13)*D13+SUM(E14:AB14)*D14 -> 35501892 | AE11: =+AC11 -> 35501892
C12: Sábado | D12: =+'[7]2028'!D16 -> 4 | E12: =ROUND('[7]2028'!E16,2) -> 40884.49 | F12: =ROUND('[7]2028'!F16,2) -> 38660.02 | G12: =ROUND('[7]2028'!G16,2) -> 37132.84 | H12: =ROUND('[7]2028'!H16,2) -> 36023.8 | I12: =ROUND('[7]2028'!I16,2) -> 35908.1 | J12: =ROUND('[7]2028'!J16,2) -> 36592.4 | K12: =ROUND('[7]2028'!K16,2) -> 36276.61 | L12: =ROUND('[7]2028'!L16,2) -> 40845.16 | ... AB12: =ROUND('[7]2028'!AB16,2) -> 45493.25 | AE12: =+AC15 -> 25095936
C13: Domingo | D13: =+'[7]2028'!D17 -> 5 | E13: =ROUND('[7]2028'!E17,2) -> 41016.3 | F13: =ROUND('[7]2028'!F17,2) -> 38749 | G13: =ROUND('[7]2028'!G17,2) -> 37204.19 | H13: =ROUND('[7]2028'!H17,2) -> 36084.38 | I13: =ROUND('[7]2028'!I17,2) -> 35555.14 | J13: =ROUND('[7]2028'!J17,2) -> 35583.31 | K13: =ROUND('[7]2028'!K17,2) -> 34000.97 | L13: =ROUND('[7]2028'!L17,2) -> 36500.86 | ... AB13: =ROUND('[7]2028'!AB17,2) -> 44843.32 | AE13: =+AC19 -> 38148265
C14: Festivo | D14: =+'[7]2028'!D18 -> 2 | E14: =ROUND('[7]2028'!E18,2) -> 41016.3 | F14: =ROUND('[7]2028'!F18,2) -> 38749 | G14: =ROUND('[7]2028'!G18,2) -> 37204.19 | H14: =ROUND('[7]2028'!H18,2) -> 36084.38 | I14: =ROUND('[7]2028'!I18,2) -> 35555.14 | J14: =ROUND('[7]2028'!J18,2) -> 35583.31 | K14: =ROUND('[7]2028'!K18,2) -> 34000.97 | L14: =ROUND('[7]2028'!L18,2) -> 36500.86 | ... AB14: =ROUND('[7]2028'!AB18,2) -> 44843.32 | AE14: =+AC23 -> 32531127
B15: 46784 | C15: Ordinario | D15: =+'[7]2028'!D19 -> 21 | E15: =ROUND('[7]2028'!E19,2) -> 29770.16 | F15: =ROUND('[7]2028'!F19,2) -> 28184.48 | G15: =ROUND('[7]2028'!G19,2) -> 27106.39 | H15: =ROUND('[7]2028'!H19,2) -> 26369.8 | I15: =ROUND('[7]2028'!I19,2) -> 26694.89 | J15: =ROUND('[7]2028'!J19,2) -> 28885.62 | K15: =ROUND('[7]2028'!K19,2) -> 28962.65 | L15: =ROUND('[7]2028'!L19,2) -> 32348.77 | ... AB15: =ROUND('[7]2028'!AB19,2) -> 34193.84 | AC15: =SUM(E15:AB15)*D15+SUM(E16:AB16)*D16+SUM(E17:AB17)*D17+SUM(E18:AB18)*D18 -> 25095936 | AE15: =+AC27 -> 30044688
B16: Feb | C16: Sábado | D16: =+'[7]2028'!D20 -> 4 | E16: =ROUND('[7]2028'!E20,2) -> 31234.83 | F16: =ROUND('[7]2028'!F20,2) -> 29525.78 | G16: =ROUND('[7]2028'!G20,2) -> 28243.82 | H16: =ROUND('[7]2028'!H20,2) -> 27376.06 | I16: =ROUND('[7]2028'!I20,2) -> 27163.19 | J16: =ROUND('[7]2028'!J20,2) -> 27625.77 | K16: =ROUND('[7]2028'!K20,2) -> 27510.28 | L16: =ROUND('[7]2028'!L20,2) -> 30970.26 | ... AB16: =ROUND('[7]2028'!AB20,2) -> 34826.49 | AE16: =+AC31 -> 29378670
B17: Feb | C17: Domingo | D17: =+'[7]2028'!D21 -> 4 | E17: =ROUND('[7]2028'!E21,2) -> 30702.39 | F17: =ROUND('[7]2028'!F21,2) -> 28867.94 | G17: =ROUND('[7]2028'!G21,2) -> 27717.72 | H17: =ROUND('[7]2028'!H21,2) -> 26785.59 | I17: =ROUND('[7]2028'!I21,2) -> 26286.56 | J17: =ROUND('[7]2028'!J21,2) -> 26336.29 | K17: =ROUND('[7]2028'!K21,2) -> 25167.63 | L17: =ROUND('[7]2028'!L21,2) -> 26961.73 | ... AB17: =ROUND('[7]2028'!AB21,2) -> 33564.27 | AE17: =+AC35 -> 32227545
B18: Feb | C18: Festivo | D18: =+'[7]2028'!D22 -> 0 | E18: =ROUND('[7]2028'!E22,2) -> 0 | F18: =ROUND('[7]2028'!F22,2) -> 0 | G18: =ROUND('[7]2028'!G22,2) -> 0 | H18: =ROUND('[7]2028'!H22,2) -> 0 | I18: =ROUND('[7]2028'!I22,2) -> 0 | J18: =ROUND('[7]2028'!J22,2) -> 0 | K18: =ROUND('[7]2028'!K22,2) -> 0 | L18: =ROUND('[7]2028'!L22,2) -> 0 | ... AB18: =ROUND('[7]2028'!AB22,2) -> 0 | AE18: =+AC39 -> 32668048
B19: 46813 | C19: Ordinario | D19: =+'[7]2028'!D23 -> 22 | E19: =ROUND('[7]2028'!E23,2) -> 42392.07 | F19: =ROUND('[7]2028'!F23,2) -> 40227.1 | G19: =ROUND('[7]2028'!G23,2) -> 38801.02 | H19: =ROUND('[7]2028'!H23,2) -> 37838.67 | I19: =ROUND('[7]2028'!I23,2) -> 38458.75 | J19: =ROUND('[7]2028'!J23,2) -> 41346.05 | K19: =ROUND('[7]2028'!K23,2) -> 41714.93 | L19: =ROUND('[7]2028'!L23,2) -> 47017.46 | ... AB19: =ROUND('[7]2028'!AB23,2) -> 48174.28 | AC19: =SUM(E19:AB19)*D19+SUM(E20:AB20)*D20+SUM(E21:AB21)*D21+SUM(E22:AB22)*D22 -> 38148265 | AE19: =+AC43 -> 40099007
C20: Sábado | D20: =+'[7]2028'!D24 -> 4 | E20: =ROUND('[7]2028'!E24,2) -> 43546.98 | F20: =ROUND('[7]2028'!F24,2) -> 41079.21 | G20: =ROUND('[7]2028'!G24,2) -> 39592.89 | H20: =ROUND('[7]2028'!H24,2) -> 38356.62 | I20: =ROUND('[7]2028'!I24,2) -> 38195.94 | J20: =ROUND('[7]2028'!J24,2) -> 39152.38 | K20: =ROUND('[7]2028'!K24,2) -> 39231.21 | L20: =ROUND('[7]2028'!L24,2) -> 44817.72 | ... AB20: =ROUND('[7]2028'!AB24,2) -> 48305.45 | AE20: =+AC47 -> 34829175
C21: Domingo | D21: =+'[7]2028'!D25 -> 4 | E21: =ROUND('[7]2028'!E25,2) -> 43508.75 | F21: =ROUND('[7]2028'!F25,2) -> 41067.07 | G21: =ROUND('[7]2028'!G25,2) -> 39475.47 | H21: =ROUND('[7]2028'!H25,2) -> 38269.13 | I21: =ROUND('[7]2028'!I25,2) -> 37788.07 | J21: =ROUND('[7]2028'!J25,2) -> 37728.8 | K21: =ROUND('[7]2028'!K25,2) -> 36417.17 | L21: =ROUND('[7]2028'!L25,2) -> 39048.89 | ... AB21: =ROUND('[7]2028'!AB25,2) -> 45702.53 | AE21: =+AC51 -> 36675826
C22: Festivo | D22: =+'[7]2028'!D26 -> 1 | E22: =ROUND('[7]2028'!E26,2) -> 43508.75 | F22: =ROUND('[7]2028'!F26,2) -> 41067.07 | G22: =ROUND('[7]2028'!G26,2) -> 39475.47 | H22: =ROUND('[7]2028'!H26,2) -> 38269.13 | I22: =ROUND('[7]2028'!I26,2) -> 37788.07 | J22: =ROUND('[7]2028'!J26,2) -> 37728.8 | K22: =ROUND('[7]2028'!K26,2) -> 36417.17 | L22: =ROUND('[7]2028'!L26,2) -> 39048.89 | ... AB22: =ROUND('[7]2028'!AB26,2) -> 45702.53 | AE22: =+AC55 -> 25979329
B23: 46844 | C23: Ordinario | D23: =+'[7]2028'!D27 -> 18 | E23: =ROUND('[7]2028'!E27,2) -> 37784.58 | F23: =ROUND('[7]2028'!F27,2) -> 35877.14 | G23: =ROUND('[7]2028'!G27,2) -> 34585.87 | H23: =ROUND('[7]2028'!H27,2) -> 33556.06 | I23: =ROUND('[7]2028'!I27,2) -> 34007.29 | J23: =ROUND('[7]2028'!J27,2) -> 35810.34 | K23: =ROUND('[7]2028'!K27,2) -> 36476.61 | L23: =ROUND('[7]2028'!L27,2) -> 41518.93 | ... AB23: =ROUND('[7]2028'!AB27,2) -> 42409.4 | AC23: =SUM(E23:AB23)*D23+SUM(E24:AB24)*D24+SUM(E25:AB25)*D25+SUM(E26:AB26)*D26 -> 32531127 | AE23: =SUM(AE11:AE22) -> 3.9317951e+08
B24: Feb | C24: Sábado | D24: =+'[7]2028'!D28 -> 5 | E24: =ROUND('[7]2028'!E28,2) -> 38660.84 | F24: =ROUND('[7]2028'!F28,2) -> 36674.36 | G24: =ROUND('[7]2028'!G28,2) -> 35393.76 | H24: =ROUND('[7]2028'!H28,2) -> 34432.95 | I24: =ROUND('[7]2028'!I28,2) -> 34403.43 | J24: =ROUND('[7]2028'!J28,2) -> 34329.7 | K24: =ROUND('[7]2028'!K28,2) -> 34990.52 | L24: =ROUND('[7]2028'!L28,2) -> 40064.02 | ... AB24: =ROUND('[7]2028'!AB28,2) -> 43383.12
B25: Feb | C25: Domingo | D25: =+'[7]2028'!D29 -> 5 | E25: =ROUND('[7]2028'!E29,2) -> 39959.86 | F25: =ROUND('[7]2028'!F29,2) -> 37678.27 | G25: =ROUND('[7]2028'!G29,2) -> 35800.99 | H25: =ROUND('[7]2028'!H29,2) -> 34874.93 | I25: =ROUND('[7]2028'!I29,2) -> 34267.74 | J25: =ROUND('[7]2028'!J29,2) -> 33810.07 | K25: =ROUND('[7]2028'!K29,2) -> 32979.07 | L25: =ROUND('[7]2028'!L29,2) -> 35782.76 | ... AB25: =ROUND('[7]2028'!AB29,2) -> 41661.38
B26: Feb | C26: Festivo | D26: =+'[7]2028'!D30 -> 2 | E26: =ROUND('[7]2028'!E30,2) -> 39959.86 | F26: =ROUND('[7]2028'!F30,2) -> 37678.27 | G26: =ROUND('[7]2028'!G30,2) -> 35800.99 | H26: =ROUND('[7]2028'!H30,2) -> 34874.93 | I26: =ROUND('[7]2028'!I30,2) -> 34267.74 | J26: =ROUND('[7]2028'!J30,2) -> 33810.07 | K26: =ROUND('[7]2028'!K30,2) -> 32979.07 | L26: =ROUND('[7]2028'!L30,2) -> 35782.76 | ... AB26: =ROUND('[7]2028'!AB30,2) -> 41661.38
B27: 46874 | C27: Ordinario | D27: =+'[7]2028'!D31 -> 21 | E27: =ROUND('[7]2028'!E31,2) -> 33848.28 | F27: =ROUND('[7]2028'!F31,2) -> 32089.72 | G27: =ROUND('[7]2028'!G31,2) -> 30913.05 | H27: =ROUND('[7]2028'!H31,2) -> 30090.02 | I27: =ROUND('[7]2028'!I31,2) -> 30457.48 | J27: =ROUND('[7]2028'!J31,2) -> 31518.9 | K27: =ROUND('[7]2028'!K31,2) -> 32720.12 | L27: =ROUND('[7]2028'!L31,2) -> 37507.06 | ... AB27: =ROUND('[7]2028'!AB31,2) -> 37425.41 | AC27: =SUM(E27:AB27)*D27+SUM(E28:AB28)*D28+SUM(E29:AB29)*D29+SUM(E30:AB30)*D30 -> 30044688
C28: Sábado | D28: =+'[7]2028'!D32 -> 4 | E28: =ROUND('[7]2028'!E32,2) -> 33593.77 | F28: =ROUND('[7]2028'!F32,2) -> 31957.87 | G28: =ROUND('[7]2028'!G32,2) -> 30683.91 | H28: =ROUND('[7]2028'!H32,2) -> 29992.6 | I28: =ROUND('[7]2028'!I32,2) -> 30037.32 | J28: =ROUND('[7]2028'!J32,2) -> 29601.92 | K28: =ROUND('[7]2028'!K32,2) -> 30676.13 | L28: =ROUND('[7]2028'!L32,2) -> 35439.19 | ... AB28: =ROUND('[7]2028'!AB32,2) -> 37354.39
C29: Domingo | D29: =+'[7]2028'!D33 -> 4 | E29: =ROUND('[7]2028'!E33,2) -> 33996.62 | F29: =ROUND('[7]2028'!F33,2) -> 32275.3 | G29: =ROUND('[7]2028'!G33,2) -> 31012.05 | H29: =ROUND('[7]2028'!H33,2) -> 30225.51 | I29: =ROUND('[7]2028'!I33,2) -> 29867.56 | J29: =ROUND('[7]2028'!J33,2) -> 28859.2 | K29: =ROUND('[7]2028'!K33,2) -> 28844.61 | L29: =ROUND('[7]2028'!L33,2) -> 31684.72 | ... AB29: =ROUND('[7]2028'!AB33,2) -> 37760.13
C30: Festivo | D30: =+'[7]2028'!D34 -> 2 | E30: =ROUND('[7]2028'!E34,2) -> 33996.62 | F30: =ROUND('[7]2028'!F34,2) -> 32275.3 | G30: =ROUND('[7]2028'!G34,2) -> 31012.05 | H30: =ROUND('[7]2028'!H34,2) -> 30225.51 | I30: =ROUND('[7]2028'!I34,2) -> 29867.56 | J30: =ROUND('[7]2028'!J34,2) -> 28859.2 | K30: =ROUND('[7]2028'!K34,2) -> 28844.61 | L30: =ROUND('[7]2028'!L34,2) -> 31684.72 | ... AB30: =ROUND('[7]2028'!AB34,2) -> 37760.13
B31: 46905 | C31: Ordinario | D31: =+'[7]2028'!D35 -> 20 | E31: =ROUND('[7]2028'!E35,2) -> 33644.47 | F31: =ROUND('[7]2028'!F35,2) -> 31814.15 | G31: =ROUND('[7]2028'!G35,2) -> 30625.03 | H31: =ROUND('[7]2028'!H35,2) -> 29962.31 | I31: =ROUND('[7]2028'!I35,2) -> 30368.39 | J31: =ROUND('[7]2028'!J35,2) -> 31292.76 | K31: =ROUND('[7]2028'!K35,2) -> 32831.75 | L31: =ROUND('[7]2028'!L35,2) -> 37898.97 | ... AB31: =ROUND('[7]2028'!AB35,2) -> 38839.29 | AC31: =SUM(E31:AB31)*D31+SUM(E32:AB32)*D32+SUM(E33:AB33)*D33+SUM(E34:AB34)*D34 -> 29378670
B32: Feb | C32: Sábado | D32: =+'[7]2028'!D36 -> 4 | E32: =ROUND('[7]2028'!E36,2) -> 34375.8 | F32: =ROUND('[7]2028'!F36,2) -> 32570.98 | G32: =ROUND('[7]2028'!G36,2) -> 31119.34 | H32: =ROUND('[7]2028'!H36,2) -> 30067.57 | I32: =ROUND('[7]2028'!I36,2) -> 30182.16 | J32: =ROUND('[7]2028'!J36,2) -> 30125.08 | K32: =ROUND('[7]2028'!K36,2) -> 31116.2 | L32: =ROUND('[7]2028'!L36,2) -> 35579.83 | ... AB32: =ROUND('[7]2028'!AB36,2) -> 37586.94
B33: Feb | C33: Domingo | D33: =+'[7]2028'!D37 -> 4 | E33: =ROUND('[7]2028'!E37,2) -> 33273.04 | F33: =ROUND('[7]2028'!F37,2) -> 31540.71 | G33: =ROUND('[7]2028'!G37,2) -> 30363.45 | H33: =ROUND('[7]2028'!H37,2) -> 29557.18 | I33: =ROUND('[7]2028'!I37,2) -> 29292.3 | J33: =ROUND('[7]2028'!J37,2) -> 28756.41 | K33: =ROUND('[7]2028'!K37,2) -> 28337.49 | L33: =ROUND('[7]2028'!L37,2) -> 31001.85 | ... AB33: =ROUND('[7]2028'!AB37,2) -> 36783.43
B34: Feb | C34: Festivo | D34: =+'[7]2028'!D38 -> 2 | E34: =ROUND('[7]2028'!E38,2) -> 33273.04 | F34: =ROUND('[7]2028'!F38,2) -> 31540.71 | G34: =ROUND('[7]2028'!G38,2) -> 30363.45 | H34: =ROUND('[7]2028'!H38,2) -> 29557.18 | I34: =ROUND('[7]2028'!I38,2) -> 29292.3 | J34: =ROUND('[7]2028'!J38,2) -> 28756.41 | K34: =ROUND('[7]2028'!K38,2) -> 28337.49 | L34: =ROUND('[7]2028'!L38,2) -> 31001.85 | ... AB34: =ROUND('[7]2028'!AB38,2) -> 36783.43
B35: 46935 | C35: Ordinario | D35: =+'[7]2028'!D39 -> 19 | E35: =ROUND('[7]2028'!E39,2) -> 35352.53 | F35: =ROUND('[7]2028'!F39,2) -> 33401.01 | G35: =ROUND('[7]2028'!G39,2) -> 32084.89 | H35: =ROUND('[7]2028'!H39,2) -> 31229.14 | I35: =ROUND('[7]2028'!I39,2) -> 31657.17 | J35: =ROUND('[7]2028'!J39,2) -> 33300.7 | K35: =ROUND('[7]2028'!K39,2) -> 34578.63 | L35: =ROUND('[7]2028'!L39,2) -> 39528.91 | ... AB35: =ROUND('[7]2028'!AB39,2) -> 40948.46 | AC35: =SUM(E35:AB35)*D35+SUM(E36:AB36)*D36+SUM(E37:AB37)*D37+SUM(E38:AB38)*D38 -> 32227545
C36: Sábado | D36: =+'[7]2028'!D40 -> 5 | E36: =ROUND('[7]2028'!E40,2) -> 36468.82 | F36: =ROUND('[7]2028'!F40,2) -> 34392.8 | G36: =ROUND('[7]2028'!G40,2) -> 33052.31 | H36: =ROUND('[7]2028'!H40,2) -> 32002.2 | I36: =ROUND('[7]2028'!I40,2) -> 31941.88 | J36: =ROUND('[7]2028'!J40,2) -> 31718.96 | K36: =ROUND('[7]2028'!K40,2) -> 32638.38 | L36: =ROUND('[7]2028'!L40,2) -> 37670.06 | ... AB36: =ROUND('[7]2028'!AB40,2) -> 42655.87
C37: Domingo | D37: =+'[7]2028'!D41 -> 5 | E37: =ROUND('[7]2028'!E41,2) -> 37494.74 | F37: =ROUND('[7]2028'!F41,2) -> 35399.05 | G37: =ROUND('[7]2028'!G41,2) -> 33972.65 | H37: =ROUND('[7]2028'!H41,2) -> 32899.56 | I37: =ROUND('[7]2028'!I41,2) -> 32370.05 | J37: =ROUND('[7]2028'!J41,2) -> 31485.25 | K37: =ROUND('[7]2028'!K41,2) -> 30814.71 | L37: =ROUND('[7]2028'!L41,2) -> 33529.16 | ... AB37: =ROUND('[7]2028'!AB41,2) -> 41132.55
C38: Festivo | D38: =+'[7]2028'!D42 -> 2 | E38: =ROUND('[7]2028'!E42,2) -> 37494.74 | F38: =ROUND('[7]2028'!F42,2) -> 35399.05 | G38: =ROUND('[7]2028'!G42,2) -> 33972.65 | H38: =ROUND('[7]2028'!H42,2) -> 32899.56 | I38: =ROUND('[7]2028'!I42,2) -> 32370.05 | J38: =ROUND('[7]2028'!J42,2) -> 31485.25 | K38: =ROUND('[7]2028'!K42,2) -> 30814.71 | L38: =ROUND('[7]2028'!L42,2) -> 33529.16 | ... AB38: =ROUND('[7]2028'!AB42,2) -> 41132.55
B39: 46966 | C39: Ordinario | D39: =+'[7]2028'!D43 -> 21 | E39: =ROUND('[7]2028'!E43,2) -> 36429.56 | F39: =ROUND('[7]2028'!F43,2) -> 34470.67 | G39: =ROUND('[7]2028'!G43,2) -> 33163.39 | H39: =ROUND('[7]2028'!H43,2) -> 32288.39 | I39: =ROUND('[7]2028'!I43,2) -> 32788.67 | J39: =ROUND('[7]2028'!J43,2) -> 34637.12 | K39: =ROUND('[7]2028'!K43,2) -> 35560.56 | L39: =ROUND('[7]2028'!L43,2) -> 40671.66 | ... AB39: =ROUND('[7]2028'!AB43,2) -> 40608.98 | AC39: =SUM(E39:AB39)*D39+SUM(E40:AB40)*D40+SUM(E41:AB41)*D41+SUM(E42:AB42)*D42 -> 32668048
B40: Feb | C40: Sábado | D40: =+'[7]2028'!D44 -> 4 | E40: =ROUND('[7]2028'!E44,2) -> 37809.45 | F40: =ROUND('[7]2028'!F44,2) -> 35723.91 | G40: =ROUND('[7]2028'!G44,2) -> 34247.22 | H40: =ROUND('[7]2028'!H44,2) -> 33136.84 | I40: =ROUND('[7]2028'!I44,2) -> 33028 | J40: =ROUND('[7]2028'!J44,2) -> 33154.07 | K40: =ROUND('[7]2028'!K44,2) -> 33744 | L40: =ROUND('[7]2028'!L44,2) -> 38887.49 | ... AB40: =ROUND('[7]2028'!AB44,2) -> 40252.41
B41: Feb | C41: Domingo | D41: =+'[7]2028'!D45 -> 4 | E41: =ROUND('[7]2028'!E45,2) -> 37141.56 | F41: =ROUND('[7]2028'!F45,2) -> 34683.51 | G41: =ROUND('[7]2028'!G45,2) -> 33366.12 | H41: =ROUND('[7]2028'!H45,2) -> 32437.99 | I41: =ROUND('[7]2028'!I45,2) -> 32092.67 | J41: =ROUND('[7]2028'!J45,2) -> 31594.48 | K41: =ROUND('[7]2028'!K45,2) -> 30742.63 | L41: =ROUND('[7]2028'!L45,2) -> 33706.08 | ... AB41: =ROUND('[7]2028'!AB45,2) -> 38233.34
B42: Feb | C42: Festivo | D42: =+'[7]2028'!D46 -> 2 | E42: =ROUND('[7]2028'!E46,2) -> 37141.56 | F42: =ROUND('[7]2028'!F46,2) -> 34683.51 | G42: =ROUND('[7]2028'!G46,2) -> 33366.12 | H42: =ROUND('[7]2028'!H46,2) -> 32437.99 | I42: =ROUND('[7]2028'!I46,2) -> 32092.67 | J42: =ROUND('[7]2028'!J46,2) -> 31594.48 | K42: =ROUND('[7]2028'!K46,2) -> 30742.63 | L42: =ROUND('[7]2028'!L46,2) -> 33706.08 | ... AB42: =ROUND('[7]2028'!AB46,2) -> 38233.34
B43: 46997 | C43: Ordinario | D43: =+'[7]2028'!D47 -> 21 | E43: =ROUND('[7]2028'!E47,2) -> 45738.09 | F43: =ROUND('[7]2028'!F47,2) -> 43423 | G43: =ROUND('[7]2028'!G47,2) -> 41820.74 | H43: =ROUND('[7]2028'!H47,2) -> 40803.33 | I43: =ROUND('[7]2028'!I47,2) -> 41512.57 | J43: =ROUND('[7]2028'!J47,2) -> 43740.53 | K43: =ROUND('[7]2028'!K47,2) -> 45365.19 | L43: =ROUND('[7]2028'!L47,2) -> 52003.2 | ... AB43: =ROUND('[7]2028'!AB47,2) -> 49964.56 | AC43: =SUM(E43:AB43)*D43+SUM(E44:AB44)*D44+SUM(E45:AB45)*D45+SUM(E46:AB46)*D46 -> 40099007
C44: Sábado | D44: =+'[7]2028'!D48 -> 5 | E44: =ROUND('[7]2028'!E48,2) -> 47374.76 | F44: =ROUND('[7]2028'!F48,2) -> 44977.22 | G44: =ROUND('[7]2028'!G48,2) -> 43305.54 | H44: =ROUND('[7]2028'!H48,2) -> 42051.72 | I44: =ROUND('[7]2028'!I48,2) -> 41977.51 | J44: =ROUND('[7]2028'!J48,2) -> 42057.14 | K44: =ROUND('[7]2028'!K48,2) -> 43212.59 | L44: =ROUND('[7]2028'!L48,2) -> 49849.59 | ... AB44: =ROUND('[7]2028'!AB48,2) -> 48532.22
C45: Domingo | D45: =+'[7]2028'!D49 -> 4 | E45: =ROUND('[7]2028'!E49,2) -> 45512.72 | F45: =ROUND('[7]2028'!F49,2) -> 43159.84 | G45: =ROUND('[7]2028'!G49,2) -> 41535.74 | H45: =ROUND('[7]2028'!H49,2) -> 40562.77 | I45: =ROUND('[7]2028'!I49,2) -> 40229.08 | J45: =ROUND('[7]2028'!J49,2) -> 39599.09 | K45: =ROUND('[7]2028'!K49,2) -> 39231.56 | L45: =ROUND('[7]2028'!L49,2) -> 43243 | ... AB45: =ROUND('[7]2028'!AB49,2) -> 48732.84
C46: Festivo | D46: =+'[7]2028'!D50 -> 0 | E46: =ROUND('[7]2028'!E50,2) -> 0 | F46: =ROUND('[7]2028'!F50,2) -> 0 | G46: =ROUND('[7]2028'!G50,2) -> 0 | H46: =ROUND('[7]2028'!H50,2) -> 0 | I46: =ROUND('[7]2028'!I50,2) -> 0 | J46: =ROUND('[7]2028'!J50,2) -> 0 | K46: =ROUND('[7]2028'!K50,2) -> 0 | L46: =ROUND('[7]2028'!L50,2) -> 0 | ... AB46: =ROUND('[7]2028'!AB50,2) -> 0
B47: 47027 | C47: Ordinario | D47: =+'[7]2028'!D51 -> 21 | E47: =ROUND('[7]2028'!E51,2) -> 38409.84 | F47: =ROUND('[7]2028'!F51,2) -> 36363.97 | G47: =ROUND('[7]2028'!G51,2) -> 35136.91 | H47: =ROUND('[7]2028'!H51,2) -> 34416.03 | I47: =ROUND('[7]2028'!I51,2) -> 35049.17 | J47: =ROUND('[7]2028'!J51,2) -> 36753.73 | K47: =ROUND('[7]2028'!K51,2) -> 38389.8 | L47: =ROUND('[7]2028'!L51,2) -> 44329.13 | ... AB47: =ROUND('[7]2028'!AB51,2) -> 42165.78 | AC47: =SUM(E47:AB47)*D47+SUM(E48:AB48)*D48+SUM(E49:AB49)*D49+SUM(E50:AB50)*D50 -> 34829175
B48: Feb | C48: Sábado | D48: =+'[7]2028'!D52 -> 4 | E48: =ROUND('[7]2028'!E52,2) -> 39628.45 | F48: =ROUND('[7]2028'!F52,2) -> 37361.17 | G48: =ROUND('[7]2028'!G52,2) -> 35934.27 | H48: =ROUND('[7]2028'!H52,2) -> 34964.07 | I48: =ROUND('[7]2028'!I52,2) -> 35190.3 | J48: =ROUND('[7]2028'!J52,2) -> 35622.06 | K48: =ROUND('[7]2028'!K52,2) -> 36160.52 | L48: =ROUND('[7]2028'!L52,2) -> 41687.02 | ... AB48: =ROUND('[7]2028'!AB52,2) -> 41676.6
B49: Feb | C49: Domingo | D49: =+'[7]2028'!D53 -> 5 | E49: =ROUND('[7]2028'!E53,2) -> 38776.83 | F49: =ROUND('[7]2028'!F53,2) -> 36847.71 | G49: =ROUND('[7]2028'!G53,2) -> 35383.3 | H49: =ROUND('[7]2028'!H53,2) -> 34379.92 | I49: =ROUND('[7]2028'!I53,2) -> 34226.21 | J49: =ROUND('[7]2028'!J53,2) -> 33658.04 | K49: =ROUND('[7]2028'!K53,2) -> 33645.94 | L49: =ROUND('[7]2028'!L53,2) -> 37141.33 | ... AB49: =ROUND('[7]2028'!AB53,2) -> 40517.93
B50: Feb | C50: Festivo | D50: =+'[7]2028'!D54 -> 1 | E50: =ROUND('[7]2028'!E54,2) -> 38776.83 | F50: =ROUND('[7]2028'!F54,2) -> 36847.71 | G50: =ROUND('[7]2028'!G54,2) -> 35383.3 | H50: =ROUND('[7]2028'!H54,2) -> 34379.92 | I50: =ROUND('[7]2028'!I54,2) -> 34226.21 | J50: =ROUND('[7]2028'!J54,2) -> 33658.04 | K50: =ROUND('[7]2028'!K54,2) -> 33645.94 | L50: =ROUND('[7]2028'!L54,2) -> 37141.33 | ... AB50: =ROUND('[7]2028'!AB54,2) -> 40517.93
B51: 47058 | C51: Ordinario | D51: =+'[7]2028'!D55 -> 20 | E51: =ROUND('[7]2028'!E55,2) -> 42028.59 | F51: =ROUND('[7]2028'!F55,2) -> 40005.77 | G51: =ROUND('[7]2028'!G55,2) -> 38629.9 | H51: =ROUND('[7]2028'!H55,2) -> 37855.95 | I51: =ROUND('[7]2028'!I55,2) -> 38407.49 | J51: =ROUND('[7]2028'!J55,2) -> 40256.16 | K51: =ROUND('[7]2028'!K55,2) -> 42021.06 | L51: =ROUND('[7]2028'!L55,2) -> 48198.82 | ... AB51: =ROUND('[7]2028'!AB55,2) -> 45817.95 | AC51: =SUM(E51:AB51)*D51+SUM(E52:AB52)*D52+SUM(E53:AB53)*D53+SUM(E54:AB54)*D54 -> 36675826
C52: Sábado | D52: =+'[7]2028'!D56 -> 4 | E52: =ROUND('[7]2028'!E56,2) -> 42115.11 | F52: =ROUND('[7]2028'!F56,2) -> 40038.57 | G52: =ROUND('[7]2028'!G56,2) -> 38617.71 | H52: =ROUND('[7]2028'!H56,2) -> 37724.34 | I52: =ROUND('[7]2028'!I56,2) -> 38021.95 | J52: =ROUND('[7]2028'!J56,2) -> 39080.39 | K52: =ROUND('[7]2028'!K56,2) -> 39478.78 | L52: =ROUND('[7]2028'!L56,2) -> 45858.49 | ... AB52: =ROUND('[7]2028'!AB56,2) -> 44683.29
C53: Domingo | D53: =+'[7]2028'!D57 -> 4 | E53: =ROUND('[7]2028'!E57,2) -> 41554.52 | F53: =ROUND('[7]2028'!F57,2) -> 39453.34 | G53: =ROUND('[7]2028'!G57,2) -> 37940.21 | H53: =ROUND('[7]2028'!H57,2) -> 37055.53 | I53: =ROUND('[7]2028'!I57,2) -> 36928.35 | J53: =ROUND('[7]2028'!J57,2) -> 36365.02 | K53: =ROUND('[7]2028'!K57,2) -> 36138.94 | L53: =ROUND('[7]2028'!L57,2) -> 40046.64 | ... AB53: =ROUND('[7]2028'!AB57,2) -> 44420.81
C54: Festivo | D54: =+'[7]2028'!D58 -> 2 | E54: =ROUND('[7]2028'!E58,2) -> 41554.52 | F54: =ROUND('[7]2028'!F58,2) -> 39453.34 | G54: =ROUND('[7]2028'!G58,2) -> 37940.21 | H54: =ROUND('[7]2028'!H58,2) -> 37055.53 | I54: =ROUND('[7]2028'!I58,2) -> 36928.35 | J54: =ROUND('[7]2028'!J58,2) -> 36365.02 | K54: =ROUND('[7]2028'!K58,2) -> 36138.94 | L54: =ROUND('[7]2028'!L58,2) -> 40046.64 | ... AB54: =ROUND('[7]2028'!AB58,2) -> 44420.81
B55: 47088 | C55: Ordinario | D55: =+'[7]2028'!D59 -> 19 | E55: =ROUND('[7]2028'!E59,2) -> 29580.3 | F55: =ROUND('[7]2028'!F59,2) -> 27864.81 | G55: =ROUND('[7]2028'!G59,2) -> 26812.46 | H55: =ROUND('[7]2028'!H59,2) -> 26117.91 | I55: =ROUND('[7]2028'!I59,2) -> 26256.38 | J55: =ROUND('[7]2028'!J59,2) -> 26993.67 | K55: =ROUND('[7]2028'!K59,2) -> 27494.99 | L55: =ROUND('[7]2028'!L59,2) -> 31875.03 | ... AB55: =ROUND('[7]2028'!AB59,2) -> 33299.27 | AC55: =SUM(E55:AB55)*D55+SUM(E56:AB56)*D56+SUM(E57:AB57)*D57+SUM(E58:AB58)*D58 -> 25979329
B56: Feb | C56: Sábado | D56: =+'[7]2028'!D60 -> 5 | E56: =ROUND('[7]2028'!E60,2) -> 30684.72 | F56: =ROUND('[7]2028'!F60,2) -> 28908.12 | G56: =ROUND('[7]2028'!G60,2) -> 27696.3 | H56: =ROUND('[7]2028'!H60,2) -> 26872.75 | I56: =ROUND('[7]2028'!I60,2) -> 26791.21 | J56: =ROUND('[7]2028'!J60,2) -> 27124.22 | K56: =ROUND('[7]2028'!K60,2) -> 26708.68 | L56: =ROUND('[7]2028'!L60,2) -> 30156.19 | ... AB56: =ROUND('[7]2028'!AB60,2) -> 32619.97
B57: Feb | C57: Domingo | D57: =+'[7]2028'!D61 -> 5 | E57: =ROUND('[7]2028'!E61,2) -> 29673.15 | F57: =ROUND('[7]2028'!F61,2) -> 28104.11 | G57: =ROUND('[7]2028'!G61,2) -> 26950.48 | H57: =ROUND('[7]2028'!H61,2) -> 26193.69 | I57: =ROUND('[7]2028'!I61,2) -> 25957.82 | J57: =ROUND('[7]2028'!J61,2) -> 25678.33 | K57: =ROUND('[7]2028'!K61,2) -> 24859.55 | L57: =ROUND('[7]2028'!L61,2) -> 27219.42 | ... AB57: =ROUND('[7]2028'!AB61,2) -> 31377.43
B58: Feb | C58: Festivo | D58: =+'[7]2028'!D62 -> 2 | E58: =ROUND('[7]2028'!E62,2) -> 29673.15 | F58: =ROUND('[7]2028'!F62,2) -> 28104.11 | G58: =ROUND('[7]2028'!G62,2) -> 26950.48 | H58: =ROUND('[7]2028'!H62,2) -> 26193.69 | I58: =ROUND('[7]2028'!I62,2) -> 25957.82 | J58: =ROUND('[7]2028'!J62,2) -> 25678.33 | K58: =ROUND('[7]2028'!K62,2) -> 24859.55 | L58: =ROUND('[7]2028'!L62,2) -> 27219.42 | ... AB58: =ROUND('[7]2028'!AB62,2) -> 31377.43
Z59: TOTAL AÑO kWh | AC59: =SUM(AC11:AC58) -> 3.9317951e+08

Sheet Cantidades P5_(2029-2040)
B4: 9.5. TABLAS CANTIDADES DE ENERGÍA SOLICITADA PRODUCTO 5 AÑO 2029-2040 (kWh)
B5: ELETRIFICADORA DE SANTANDER S.A E.S.P.
B6: SOLICITUD PÚBLICA DE OFERTAS CP-ESSC2025-001
B7: PAGUELO CONTRATADO
BE8: 1000
B10: Mes | C10: Tipo Día | D10: Días | E10: H1 | F10: H2 | G10: H3 | H10: H4 | I10: H5 | J10: H6 | K10: H7 | L10: H8 | M10: H9 | N10: H10 | O10: H11 | P10: H12 | Q10: H13 | R10: H14 | S10: H15 | T10: H16 | U10: H17 | V10: H18 | W10: H19 | X10: H20 | Y10: H21 | Z10: H22 | AA10: H23 | AB10: H24 | AC10: TOTAL MES kWh | AF10: PERIODO | AG10: H1 | AH10: H2 | AI10: H3 | AJ10: H4 | AK10: H5 | AL10: H6 | AM10: H7 | AN10: H8 | AO10: H9 | AP10: H10 | AQ10: H11 | AR10: H12 | AS10: H13 | AT10: H14 | AU10: H15 | AV10: H16 | AW10: H17 | AX10: H18 | AY10: H19 | AZ10: H20 | BA10: H21 | BB10: H22 | BC10: H23 | BD10: H24 | BE10: TOTAL DIA | BF10: TOTAL AÑO | BH10: Año 2024 | BI10: =(+#REF!)/1000 -> #REF! | BJ10: MWh-año
B11: 47119 | C11: Ordinario | D11: =+'[7]2029'!D15 -> 21 | E11: =ROUND('[7]2029'!E15,2) -> 33107.22 | F11: =ROUND('[7]2029'!F15,2) -> 30858.04 | G11: =ROUND('[7]2029'!G15,2) -> 29316.52 | H11: =ROUND('[7]2029'!H15,2) -> 28247.59 | I11: =ROUND('[7]2029'!I15,2) -> 28285.25 | J11: =ROUND('[7]2029'!J15,2) -> 29826.86 | K11: =ROUND('[7]2029'!K15,2) -> 30016.51 | L11: =ROUND('[7]2029'!L15,2) -> 34459.59 | ... AB11: =ROUND('[7]2029'!AB15,2) -> 43598.4 | AC11: =SUM(E11:AB11)*D11+SUM(E12:AB12)*D12+SUM(E13:AB13)*D13+SUM(E14:AB14)*D14 -> 30705470
C12: Sábado | D12: =+'[7]2029'!D16 -> 4 | E12: =ROUND('[7]2029'!E16,2) -> 32914.49 | F12: =ROUND('[7]2029'!F16,2) -> 30651.82 | G12: =ROUND('[7]2029'!G16,2) -> 29086.13 | H12: =ROUND('[7]2029'!H16,2) -> 27964.61 | I12: =ROUND('[7]2029'!I16,2) -> 27847.44 | J12: =ROUND('[7]2029'!J16,2) -> 28520.33 | K12: =ROUND('[7]2029'!K16,2) -> 28275.67 | L12: =ROUND('[7]2029'!L16,2) -> 31882.58 | ... AB12: =ROUND('[7]2029'!AB16,2) -> 43224.6 | BG12: =+AC59/1000 -> 346659.35
C13: Domingo | D13: =+'[7]2029'!D17 -> 4 | E13: =ROUND('[7]2029'!E17,2) -> 33065.07 | F13: =ROUND('[7]2029'!F17,2) -> 30754.04 | G13: =ROUND('[7]2029'!G17,2) -> 29188.86 | H13: =ROUND('[7]2029'!H17,2) -> 28051.56 | I13: =ROUND('[7]2029'!I17,2) -> 27526.84 | J13: =ROUND('[7]2029'!J17,2) -> 27528.86 | K13: =ROUND('[7]2029'!K17,2) -> 25982.91 | L13: =ROUND('[7]2029'!L17,2) -> 27497.59 | ... AB13: =ROUND('[7]2029'!AB17,2) -> 42689.74 | BG13: =(+AC108)/1000 -> 386788.34
C14: Festivo | D14: =+'[7]2029'!D18 -> 2 | E14: =ROUND('[7]2029'!E18,2) -> 33065.07 | F14: =ROUND('[7]2029'!F18,2) -> 30754.04 | G14: =ROUND('[7]2029'!G18,2) -> 29188.86 | H14: =ROUND('[7]2029'!H18,2) -> 28051.56 | I14: =ROUND('[7]2029'!I18,2) -> 27526.84 | J14: =ROUND('[7]2029'!J18,2) -> 27528.86 | K14: =ROUND('[7]2029'!K18,2) -> 25982.91 | L14: =ROUND('[7]2029'!L18,2) -> 27497.59 | ... AB14: =ROUND('[7]2029'!AB18,2) -> 42689.74 | BG14: =(+AC157)/1000 -> 269214.86
B15: 47150 | C15: Ordinario | D15: =+'[7]2029'!D19 -> 20 | E15: =ROUND('[7]2029'!E19,2) -> 25724.56 | F15: =ROUND('[7]2029'!F19,2) -> 23986.36 | G15: =ROUND('[7]2029'!G19,2) -> 22787.85 | H15: =ROUND('[7]2029'!H19,2) -> 21970.54 | I15: =ROUND('[7]2029'!I19,2) -> 22343.44 | J15: =ROUND('[7]2029'!J19,2) -> 24772.35 | K15: =ROUND('[7]2029'!K19,2) -> 24889.3 | L15: =ROUND('[7]2029'!L19,2) -> 27727.99 | ... AB15: =ROUND('[7]2029'!AB19,2) -> 35874.56 | AC15: =SUM(E15:AB15)*D15+SUM(E16:AB16)*D16+SUM(E17:AB17)*D17+SUM(E18:AB18)*D18 -> 22776052 | BG15: =(+AC206)/1000 -> 127999.77
B16: Feb | C16: Sábado | D16: =+'[7]2029'!D20 -> 4 | E16: =ROUND('[7]2029'!E20,2) -> 27487.72 | F16: =ROUND('[7]2029'!F20,2) -> 25580.51 | G16: =ROUND('[7]2029'!G20,2) -> 24142.76 | H16: =ROUND('[7]2029'!H20,2) -> 23169.41 | I16: =ROUND('[7]2029'!I20,2) -> 22920.1 | J16: =ROUND('[7]2029'!J20,2) -> 23398.52 | K16: =ROUND('[7]2029'!K20,2) -> 23344.52 | L16: =ROUND('[7]2029'!L20,2) -> 26264.05 | ... AB16: =ROUND('[7]2029'!AB20,2) -> 36590.03 | BG16: =(+AC255)/1000 -> 257218.92
B17: Feb | C17: Domingo | D17: =+'[7]2029'!D21 -> 4 | E17: =ROUND('[7]2029'!E21,2) -> 26822.41 | F17: =ROUND('[7]2029'!F21,2) -> 24756.73 | G17: =ROUND('[7]2029'!G21,2) -> 23496.18 | H17: =ROUND('[7]2029'!H21,2) -> 22466.51 | I17: =ROUND('[7]2029'!I21,2) -> 21883.37 | J17: =ROUND('[7]2029'!J21,2) -> 21912.48 | K17: =ROUND('[7]2029'!K21,2) -> 20655.06 | L17: =ROUND('[7]2029'!L21,2) -> 21663.84 | ... AB17: =ROUND('[7]2029'!AB21,2) -> 35138.8 | BG17: =(+AC304)/1000 -> 153948.34
B18: Feb | C18: Festivo | D18: =+'[7]2029'!D22 -> 0 | E18: =ROUND('[7]2029'!E22,2) -> 0 | F18: =ROUND('[7]2029'!F22,2) -> 0 | G18: =ROUND('[7]2029'!G22,2) -> 0 | H18: =ROUND('[7]2029'!H22,2) -> 0 | I18: =ROUND('[7]2029'!I22,2) -> 0 | J18: =ROUND('[7]2029'!J22,2) -> 0 | K18: =ROUND('[7]2029'!K22,2) -> 0 | L18: =ROUND('[7]2029'!L22,2) -> 0 | ... AB18: =ROUND('[7]2029'!AB22,2) -> 0 | BG18: =(+AC353)/1000 -> 159570.14
B19: 47178 | C19: Ordinario | D19: =+'[7]2029'!D23 -> 19 | E19: =ROUND('[7]2029'!E23,2) -> 35440.44 | F19: =ROUND('[7]2029'!F23,2) -> 33183.12 | G19: =ROUND('[7]2029'!G23,2) -> 31684.6 | H19: =ROUND('[7]2029'!H23,2) -> 30674.87 | I19: =ROUND('[7]2029'!I23,2) -> 31317.1 | J19: =ROUND('[7]2029'!J23,2) -> 34257.25 | K19: =ROUND('[7]2029'!K23,2) -> 34701.78 | L19: =ROUND('[7]2029'!L23,2) -> 39172.12 | ... AB19: =ROUND('[7]2029'!AB23,2) -> 47344.7 | AC19: =SUM(E19:AB19)*D19+SUM(E20:AB20)*D20+SUM(E21:AB21)*D21+SUM(E22:AB22)*D22 -> 33773824 | BG19: =(+AC402)/1000 -> 215498.75
C20: Sábado | D20: =+'[7]2029'!D24 -> 5 | E20: =ROUND('[7]2029'!E24,2) -> 36644.75 | F20: =ROUND('[7]2029'!F24,2) -> 34046.01 | G20: =ROUND('[7]2029'!G24,2) -> 32510.16 | H20: =ROUND('[7]2029'!H24,2) -> 31215.33 | I20: =ROUND('[7]2029'!I24,2) -> 31030.48 | J20: =ROUND('[7]2029'!J24,2) -> 31998.61 | K20: =ROUND('[7]2029'!K24,2) -> 32154.31 | L20: =ROUND('[7]2029'!L24,2) -> 36902.46 | ... AB20: =ROUND('[7]2029'!AB24,2) -> 47357.98 | BG20: =+AC451/1000 -> 326631.45
C21: Domingo | D21: =+'[7]2029'!D25 -> 4 | E21: =ROUND('[7]2029'!E25,2) -> 36506.56 | F21: =ROUND('[7]2029'!F25,2) -> 33978.35 | G21: =ROUND('[7]2029'!G25,2) -> 32342.47 | H21: =ROUND('[7]2029'!H25,2) -> 31085.26 | I21: =ROUND('[7]2029'!I25,2) -> 30566.43 | J21: =ROUND('[7]2029'!J25,2) -> 30466.4 | K21: =ROUND('[7]2029'!K25,2) -> 29158.43 | L21: =ROUND('[7]2029'!L25,2) -> 30794.26 | ... AB21: =ROUND('[7]2029'!AB25,2) -> 44758.3 | BG21: =(+AC500)/1000 -> 337475.94
C22: Festivo | D22: =+'[7]2029'!D26 -> 3 | E22: =ROUND('[7]2029'!E26,2) -> 36506.56 | F22: =ROUND('[7]2029'!F26,2) -> 33978.35 | G22: =ROUND('[7]2029'!G26,2) -> 32342.47 | H22: =ROUND('[7]2029'!H26,2) -> 31085.26 | I22: =ROUND('[7]2029'!I26,2) -> 30566.43 | J22: =ROUND('[7]2029'!J26,2) -> 30466.4 | K22: =ROUND('[7]2029'!K26,2) -> 29158.43 | L22: =ROUND('[7]2029'!L26,2) -> 30794.26 | ... AB22: =ROUND('[7]2029'!AB26,2) -> 44758.3 | BG22: =(+AC549)/1000 -> 348320.81
B23: 47209 | C23: Ordinario | D23: =+'[7]2029'!D27 -> 21 | E23: =ROUND('[7]2029'!E27,2) -> 30777.17 | F23: =ROUND('[7]2029'!F27,2) -> 28802.6 | G23: =ROUND('[7]2029'!G27,2) -> 27446.66 | H23: =ROUND('[7]2029'!H27,2) -> 26369.05 | I23: =ROUND('[7]2029'!I27,2) -> 26852.64 | J23: =ROUND('[7]2029'!J27,2) -> 28718.28 | K23: =ROUND('[7]2029'!K27,2) -> 29470.91 | L23: =ROUND('[7]2029'!L27,2) -> 33636.21 | ... AB23: =ROUND('[7]2029'!AB27,2) -> 41434.14 | AC23: =SUM(E23:AB23)*D23+SUM(E24:AB24)*D24+SUM(E25:AB25)*D25+SUM(E26:AB26)*D26 -> 28887141 | BG23: =(+AC598)/1000 -> 410468.83
B24: Feb | C24: Sábado | D24: =+'[7]2029'!D28 -> 4 | E24: =ROUND('[7]2029'!E28,2) -> 31840.26 | F24: =ROUND('[7]2029'!F28,2) -> 29761.29 | G24: =ROUND('[7]2029'!G28,2) -> 28417.16 | H24: =ROUND('[7]2029'!H28,2) -> 27404.47 | I24: =ROUND('[7]2029'!I28,2) -> 27365.13 | J24: =ROUND('[7]2029'!J28,2) -> 27251.34 | K24: =ROUND('[7]2029'!K28,2) -> 28040.28 | L24: =ROUND('[7]2029'!L28,2) -> 32230.3 | ... AB24: =ROUND('[7]2029'!AB28,2) -> 42472.4
B25: Feb | C25: Domingo | D25: =+'[7]2029'!D29 -> 5 | E25: =ROUND('[7]2029'!E29,2) -> 33176.42 | F25: =ROUND('[7]2029'!F29,2) -> 30770.96 | G25: =ROUND('[7]2029'!G29,2) -> 28783.03 | H25: =ROUND('[7]2029'!H29,2) -> 27839.07 | I25: =ROUND('[7]2029'!I29,2) -> 27183.76 | J25: =ROUND('[7]2029'!J29,2) -> 26682.29 | K25: =ROUND('[7]2029'!K29,2) -> 25871.3 | L25: =ROUND('[7]2029'!L29,2) -> 27657.47 | ... AB25: =ROUND('[7]2029'!AB29,2) -> 40668.27 | BG25: =+AC599/1000 -> 3339795.5
B26: Feb | C26: Festivo | D26: =+'[7]2029'!D30 -> 0 | E26: =ROUND('[7]2029'!E30,2) -> 0 | F26: =ROUND('[7]2029'!F30,2) -> 0 | G26: =ROUND('[7]2029'!G30,2) -> 0 | H26: =ROUND('[7]2029'!H30,2) -> 0 | I26: =ROUND('[7]2029'!I30,2) -> 0 | J26: =ROUND('[7]2029'!J30,2) -> 0 | K26: =ROUND('[7]2029'!K30,2) -> 0 | L26: =ROUND('[7]2029'!L30,2) -> 0 | ... AB26: =ROUND('[7]2029'!AB30,2) -> 0 | BG26: 1000
B27: 47239 | C27: Ordinario | D27: =+'[7]2029'!D31 -> 21 | E27: =ROUND('[7]2029'!E31,2) -> 27428.09 | F27: =ROUND('[7]2029'!F31,2) -> 25555.12 | G27: =ROUND('[7]2029'!G31,2) -> 24294.28 | H27: =ROUND('[7]2029'!H31,2) -> 23411.05 | I27: =ROUND('[7]2029'!I31,2) -> 23816.47 | J27: =ROUND('[7]2029'!J31,2) -> 24926.96 | K27: =ROUND('[7]2029'!K31,2) -> 26282.14 | L27: =ROUND('[7]2029'!L31,2) -> 30236.29 | ... AB27: =ROUND('[7]2029'!AB31,2) -> 36944.82 | AC27: =SUM(E27:AB27)*D27+SUM(E28:AB28)*D28+SUM(E29:AB29)*D29+SUM(E30:AB30)*D30 -> 26452679
C28: Sábado | D28: =+'[7]2029'!D32 -> 4 | E28: =ROUND('[7]2029'!E32,2) -> 27136 | F28: =ROUND('[7]2029'!F32,2) -> 25399.15 | G28: =ROUND('[7]2029'!G32,2) -> 24039.4 | H28: =ROUND('[7]2029'!H32,2) -> 23309.74 | I28: =ROUND('[7]2029'!I32,2) -> 23338.87 | J28: =ROUND('[7]2029'!J32,2) -> 22780.42 | K28: =ROUND('[7]2029'!K32,2) -> 24039.68 | L28: =ROUND('[7]2029'!L32,2) -> 27984.77 | ... AB28: =ROUND('[7]2029'!AB32,2) -> 36809.81
C29: Domingo | D29: =+'[7]2029'!D33 -> 4 | E29: =ROUND('[7]2029'!E33,2) -> 27528.52 | F29: =ROUND('[7]2029'!F33,2) -> 25703.04 | G29: =ROUND('[7]2029'!G33,2) -> 24369.16 | H29: =ROUND('[7]2029'!H33,2) -> 23538.91 | I29: =ROUND('[7]2029'!I33,2) -> 23148.68 | J29: =ROUND('[7]2029'!J33,2) -> 22011.48 | K29: =ROUND('[7]2029'!K33,2) -> 22078.23 | L29: =ROUND('[7]2029'!L33,2) -> 23960.28 | ... AB29: =ROUND('[7]2029'!AB33,2) -> 37375.55
C30: Festivo | D30: =+'[7]2029'!D34 -> 2 | E30: =ROUND('[7]2029'!E34,2) -> 27528.52 | F30: =ROUND('[7]2029'!F34,2) -> 25703.04 | G30: =ROUND('[7]2029'!G34,2) -> 24369.16 | H30: =ROUND('[7]2029'!H34,2) -> 23538.91 | I30: =ROUND('[7]2029'!I34,2) -> 23148.68 | J30: =ROUND('[7]2029'!J34,2) -> 22011.48 | K30: =ROUND('[7]2029'!K34,2) -> 22078.23 | L30: =ROUND('[7]2029'!L34,2) -> 23960.28 | ... AB30: =ROUND('[7]2029'!AB34,2) -> 37375.55
B31: 47270 | C31: Ordinario | D31: =+'[7]2029'!D35 -> 19 | E31: =ROUND('[7]2029'!E35,2) -> 26604.09 | F31: =ROUND('[7]2029'!F35,2) -> 24706.79 | G31: =ROUND('[7]2029'!G35,2) -> 23470.51 | H31: =ROUND('[7]2029'!H35,2) -> 22789.41 | I31: =ROUND('[7]2029'!I35,2) -> 23227.82 | J31: =ROUND('[7]2029'!J35,2) -> 24188.6 | K31: =ROUND('[7]2029'!K35,2) -> 25885.52 | L31: =ROUND('[7]2029'!L35,2) -> 30108.34 | ... AB31: =ROUND('[7]2029'!AB35,2) -> 37465.97 | AC31: =SUM(E31:AB31)*D31+SUM(E32:AB32)*D32+SUM(E33:AB33)*D33+SUM(E34:AB34)*D34 -> 25284267
B32: Feb | C32: Sábado | D32: =+'[7]2029'!D36 -> 5 | E32: =ROUND('[7]2029'!E36,2) -> 27304.65 | F32: =ROUND('[7]2029'!F36,2) -> 25456.85 | G32: =ROUND('[7]2029'!G36,2) -> 23946.51 | H32: =ROUND('[7]2029'!H36,2) -> 22844.57 | I32: =ROUND('[7]2029'!I36,2) -> 22971.61 | J32: =ROUND('[7]2029'!J36,2) -> 22892.29 | K32: =ROUND('[7]2029'!K36,2) -> 24051.37 | L32: =ROUND('[7]2029'!L36,2) -> 27646.77 | ... AB32: =ROUND('[7]2029'!AB36,2) -> 35867.51
B33: Feb | C33: Domingo | D33: =+'[7]2029'!D37 -> 4 | E33: =ROUND('[7]2029'!E37,2) -> 26081.69 | F33: =ROUND('[7]2029'!F37,2) -> 24315.16 | G33: =ROUND('[7]2029'!G37,2) -> 23104.32 | H33: =ROUND('[7]2029'!H37,2) -> 22289.08 | I33: =ROUND('[7]2029'!I37,2) -> 22012.44 | J33: =ROUND('[7]2029'!J37,2) -> 21454.37 | K33: =ROUND('[7]2029'!K37,2) -> 21086.61 | L33: =ROUND('[7]2029'!L37,2) -> 22828.04 | ... AB33: =ROUND('[7]2029'!AB37,2) -> 35336.59
B34: Feb | C34: Festivo | D34: =+'[7]2029'!D38 -> 2 | E34: =ROUND('[7]2029'!E38,2) -> 26081.69 | F34: =ROUND('[7]2029'!F38,2) -> 24315.16 | G34: =ROUND('[7]2029'!G38,2) -> 23104.32 | H34: =ROUND('[7]2029'!H38,2) -> 22289.08 | I34: =ROUND('[7]2029'!I38,2) -> 22012.44 | J34: =ROUND('[7]2029'!J38,2) -> 21454.37 | K34: =ROUND('[7]2029'!K38,2) -> 21086.61 | L34: =ROUND('[7]2029'!L38,2) -> 22828.04 | ... AB34: =ROUND('[7]2029'!AB38,2) -> 35336.59
B35: 47300 | C35: Ordinario | D35: =+'[7]2029'!D39 -> 20 | E35: =ROUND('[7]2029'!E39,2) -> 28296.47 | F35: =ROUND('[7]2029'!F39,2) -> 26258.9 | G35: =ROUND('[7]2029'!G39,2) -> 24876.24 | H35: =ROUND('[7]2029'!H39,2) -> 23986.91 | I35: =ROUND('[7]2029'!I39,2) -> 24421.26 | J35: =ROUND('[7]2029'!J39,2) -> 26089.85 | K35: =ROUND('[7]2029'!K39,2) -> 27513.47 | L35: =ROUND('[7]2029'!L39,2) -> 31579.88 | ... AB35: =ROUND('[7]2029'!AB39,2) -> 39668.09 | AC35: =SUM(E35:AB35)*D35+SUM(E36:AB36)*D36+SUM(E37:AB37)*D37+SUM(E38:AB38)*D38 -> 28109899
C36: Sábado | D36: =+'[7]2029'!D40 -> 4 | E36: =ROUND('[7]2029'!E40,2) -> 29423.96 | F36: =ROUND('[7]2029'!F40,2) -> 27274.82 | G36: =ROUND('[7]2029'!G40,2) -> 25870.08 | H36: =ROUND('[7]2029'!H40,2) -> 24778.18 | I36: =ROUND('[7]2029'!I40,2) -> 24701.58 | J36: =ROUND('[7]2029'!J40,2) -> 24464.42 | K36: =ROUND('[7]2029'!K40,2) -> 25514.29 | L36: =ROUND('[7]2029'!L40,2) -> 29691.72 | ... AB36: =ROUND('[7]2029'!AB40,2) -> 41518.37
C37: Domingo | D37: =+'[7]2029'!D41 -> 5 | E37: =ROUND('[7]2029'!E41,2) -> 30612.75 | F37: =ROUND('[7]2029'!F41,2) -> 28408.32 | G37: =ROUND('[7]2029'!G41,2) -> 26925.29 | H37: =ROUND('[7]2029'!H41,2) -> 25820 | I37: =ROUND('[7]2029'!I41,2) -> 25246.72 | J37: =ROUND('[7]2029'!J41,2) -> 24281.89 | K37: =ROUND('[7]2029'!K41,2) -> 23636.09 | L37: =ROUND('[7]2029'!L41,2) -> 25360.51 | ... AB37: =ROUND('[7]2029'!AB41,2) -> 39934.57
C38: Festivo | D38: =+'[7]2029'!D42 -> 2 | E38: =ROUND('[7]2029'!E42,2) -> 30612.75 | F38: =ROUND('[7]2029'!F42,2) -> 28408.32 | G38: =ROUND('[7]2029'!G42,2) -> 26925.29 | H38: =ROUND('[7]2029'!H42,2) -> 25820 | I38: =ROUND('[7]2029'!I42,2) -> 25246.72 | J38: =ROUND('[7]2029'!J42,2) -> 24281.89 | K38: =ROUND('[7]2029'!K42,2) -> 23636.09 | L38: =ROUND('[7]2029'!L42,2) -> 25360.51 | ... AB38: =ROUND('[7]2029'!AB42,2) -> 39934.57
B39: 47331 | C39: Ordinario | D39: =+'[7]2029'!D43 -> 21 | E39: =ROUND('[7]2029'!E43,2) -> 29564.16 | F39: =ROUND('[7]2029'!F43,2) -> 27488.67 | G39: =ROUND('[7]2029'!G43,2) -> 26105.08 | H39: =ROUND('[7]2029'!H43,2) -> 25170.85 | I39: =ROUND('[7]2029'!I43,2) -> 25703.07 | J39: =ROUND('[7]2029'!J43,2) -> 27627.42 | K39: =ROUND('[7]2029'!K43,2) -> 28663.45 | L39: =ROUND('[7]2029'!L43,2) -> 32907.6 | ... AB39: =ROUND('[7]2029'!AB43,2) -> 39803.01 | AC39: =SUM(E39:AB39)*D39+SUM(E40:AB40)*D40+SUM(E41:AB41)*D41+SUM(E42:AB42)*D42 -> 28773743
B40: Feb | C40: Sábado | D40: =+'[7]2029'!D44 -> 4 | E40: =ROUND('[7]2029'!E44,2) -> 31034.62 | F40: =ROUND('[7]2029'!F44,2) -> 28843.73 | G40: =ROUND('[7]2029'!G44,2) -> 27295.38 | H40: =ROUND('[7]2029'!H44,2) -> 26097.28 | I40: =ROUND('[7]2029'!I44,2) -> 25966.92 | J40: =ROUND('[7]2029'!J44,2) -> 26069.86 | K40: =ROUND('[7]2029'!K44,2) -> 26758.81 | L40: =ROUND('[7]2029'!L44,2) -> 31060.45 | ... AB40: =ROUND('[7]2029'!AB44,2) -> 39531.92
B41: Feb | C41: Domingo | D41: =+'[7]2029'!D45 -> 4 | E41: =ROUND('[7]2029'!E45,2) -> 30396.82 | F41: =ROUND('[7]2029'!F45,2) -> 27753.45 | G41: =ROUND('[7]2029'!G45,2) -> 26370.29 | H41: =ROUND('[7]2029'!H45,2) -> 25379.55 | I41: =ROUND('[7]2029'!I45,2) -> 24990.64 | J41: =ROUND('[7]2029'!J45,2) -> 24462.76 | K41: =ROUND('[7]2029'!K45,2) -> 23606.63 | L41: =ROUND('[7]2029'!L45,2) -> 25580.06 | ... AB41: =ROUND('[7]2029'!AB45,2) -> 37168.63
B42: Feb | C42: Festivo | D42: =+'[7]2029'!D46 -> 2 | E42: =ROUND('[7]2029'!E46,2) -> 30396.82 | F42: =ROUND('[7]2029'!F46,2) -> 27753.45 | G42: =ROUND('[7]2029'!G46,2) -> 26370.29 | H42: =ROUND('[7]2029'!H46,2) -> 25379.55 | I42: =ROUND('[7]2029'!I46,2) -> 24990.64 | J42: =ROUND('[7]2029'!J46,2) -> 24462.76 | K42: =ROUND('[7]2029'!K46,2) -> 23606.63 | L42: =ROUND('[7]2029'!L46,2) -> 25580.06 | ... AB42: =ROUND('[7]2029'!AB46,2) -> 37168.63
B43: 47362 | C43: Ordinario | D43: =+'[7]2029'!D47 -> 20 | E43: =ROUND('[7]2029'!E47,2) -> 38019.27 | F43: =ROUND('[7]2029'!F47,2) -> 35574.2 | G43: =ROUND('[7]2029'!G47,2) -> 33873.18 | H43: =ROUND('[7]2029'!H47,2) -> 32795.47 | I43: =ROUND('[7]2029'!I47,2) -> 33531.14 | J43: =ROUND('[7]2029'!J47,2) -> 35849.78 | K43: =ROUND('[7]2029'!K47,2) -> 37658.48 | L43: =ROUND('[7]2029'!L47,2) -> 43335.42 | ... AB43: =ROUND('[7]2029'!AB47,2) -> 49088.48 | AC43: =SUM(E43:AB43)*D43+SUM(E44:AB44)*D44+SUM(E45:AB45)*D45+SUM(E46:AB46)*D46 -> 35752687
C44: Sábado | D44: =+'[7]2029'!D48 -> 5 | E44: =ROUND('[7]2029'!E48,2) -> 39762.98 | F44: =ROUND('[7]2029'!F48,2) -> 37242.85 | G44: =ROUND('[7]2029'!G48,2) -> 35484.27 | H44: =ROUND('[7]2029'!H48,2) -> 34166.08 | I44: =ROUND('[7]2029'!I48,2) -> 34063.51 | J44: =ROUND('[7]2029'!J48,2) -> 34131.9 | K44: =ROUND('[7]2029'!K48,2) -> 35453.89 | L44: =ROUND('[7]2029'!L48,2) -> 41181.85 | ... AB44: =ROUND('[7]2029'!AB48,2) -> 47484.72
C45: Domingo | D45: =+'[7]2029'!D49 -> 5 | E45: =ROUND('[7]2029'!E49,2) -> 37689.27 | F45: =ROUND('[7]2029'!F49,2) -> 35228.71 | G45: =ROUND('[7]2029'!G49,2) -> 33529.14 | H45: =ROUND('[7]2029'!H49,2) -> 32519.84 | I45: =ROUND('[7]2029'!I49,2) -> 32160.07 | J45: =ROUND('[7]2029'!J49,2) -> 31503.61 | K45: =ROUND('[7]2029'!K49,2) -> 31157.47 | L45: =ROUND('[7]2029'!L49,2) -> 34082.54 | ... AB45: =ROUND('[7]2029'!AB49,2) -> 47880.82
C46: Festivo | D46: =+'[7]2029'!D50 -> 0 | E46: =ROUND('[7]2029'!E50,2) -> 0 | F46: =ROUND('[7]2029'!F50,2) -> 0 | G46: =ROUND('[7]2029'!G50,2) -> 0 | H46: =ROUND('[7]2029'!H50,2) -> 0 | I46: =ROUND('[7]2029'!I50,2) -> 0 | J46: =ROUND('[7]2029'!J50,2) -> 0 | K46: =ROUND('[7]2029'!K50,2) -> 0 | L46: =ROUND('[7]2029'!L50,2) -> 0 | ... AB46: =ROUND('[7]2029'!AB50,2) -> 0
B47: 47392 | C47: Ordinario | D47: =+'[7]2029'!D51 -> 22 | E47: =ROUND('[7]2029'!E51,2) -> 30923.34 | F47: =ROUND('[7]2029'!F51,2) -> 28768.75 | G47: =ROUND('[7]2029'!G51,2) -> 27474.28 | H47: =ROUND('[7]2029'!H51,2) -> 26714.42 | I47: =ROUND('[7]2029'!I51,2) -> 27366.08 | J47: =ROUND('[7]2029'!J51,2) -> 29117.91 | K47: =ROUND('[7]2029'!K51,2) -> 30928.08 | L47: =ROUND('[7]2029'!L51,2) -> 35968.83 | ... AB47: =ROUND('[7]2029'!AB51,2) -> 41126.65 | AC47: =SUM(E47:AB47)*D47+SUM(E48:AB48)*D48+SUM(E49:AB49)*D49+SUM(E50:AB50)*D50 -> 30660260
B48: Feb | C48: Sábado | D48: =+'[7]2029'!D52 -> 4 | E48: =ROUND('[7]2029'!E52,2) -> 32070.12 | F48: =ROUND('[7]2029'!F52,2) -> 29652.69 | G48: =ROUND('[7]2029'!G52,2) -> 28166.33 | H48: =ROUND('[7]2029'!H52,2) -> 27141.87 | I48: =ROUND('[7]2029'!I52,2) -> 27376.38 | J48: =ROUND('[7]2029'!J52,2) -> 27855.26 | K48: =ROUND('[7]2029'!K52,2) -> 28453.2 | L48: =ROUND('[7]2029'!L52,2) -> 33033.32 | ... AB48: =ROUND('[7]2029'!AB52,2) -> 40356.76
B49: Feb | C49: Domingo | D49: =+'[7]2029'!D53 -> 4 | E49: =ROUND('[7]2029'!E53,2) -> 31115.16 | F49: =ROUND('[7]2029'!F53,2) -> 29103.37 | G49: =ROUND('[7]2029'!G53,2) -> 27560.64 | H49: =ROUND('[7]2029'!H53,2) -> 26507.89 | I49: =ROUND('[7]2029'!I53,2) -> 26346.07 | J49: =ROUND('[7]2029'!J53,2) -> 25750.11 | K49: =ROUND('[7]2029'!K53,2) -> 25788.92 | L49: =ROUND('[7]2029'!L53,2) -> 28230.81 | ... AB49: =ROUND('[7]2029'!AB53,2) -> 39188.07
B50: Feb | C50: Festivo | D50: =+'[7]2029'!D54 -> 1 | E50: =ROUND('[7]2029'!E54,2) -> 31115.16 | F50: =ROUND('[7]2029'!F54,2) -> 29103.37 | G50: =ROUND('[7]2029'!G54,2) -> 27560.64 | H50: =ROUND('[7]2029'!H54,2) -> 26507.89 | I50: =ROUND('[7]2029'!I54,2) -> 26346.07 | J50: =ROUND('[7]2029'!J54,2) -> 25750.11 | K50: =ROUND('[7]2029'!K54,2) -> 25788.92 | L50: =ROUND('[7]2029'!L54,2) -> 28230.81 | ... AB50: =ROUND('[7]2029'!AB54,2) -> 39188.07
B51: 47423 | C51: Ordinario | D51: =+'[7]2029'!D55 -> 20 | E51: =ROUND('[7]2029'!E55,2) -> 34638.5 | F51: =ROUND('[7]2029'!F55,2) -> 32487.54 | G51: =ROUND('[7]2029'!G55,2) -> 31007.96 | H51: =ROUND('[7]2029'!H55,2) -> 30190.59 | I51: =ROUND('[7]2029'!I55,2) -> 30779.05 | J51: =ROUND('[7]2029'!J55,2) -> 32730.62 | K51: =ROUND('[7]2029'!K55,2) -> 34681.22 | L51: =ROUND('[7]2029'!L55,2) -> 39888.28 | ... AB51: =ROUND('[7]2029'!AB55,2) -> 45335.26 | AC51: =SUM(E51:AB51)*D51+SUM(E52:AB52)*D52+SUM(E53:AB53)*D53+SUM(E54:AB54)*D54 -> 32757071
C52: Sábado | D52: =+'[7]2029'!D56 -> 4 | E52: =ROUND('[7]2029'!E56,2) -> 34651.13 | F52: =ROUND('[7]2029'!F56,2) -> 32485.95 | G52: =ROUND('[7]2029'!G56,2) -> 30964.85 | H52: =ROUND('[7]2029'!H56,2) -> 30013.92 | I52: =ROUND('[7]2029'!I56,2) -> 30316.02 | J52: =ROUND('[7]2029'!J56,2) -> 31498.09 | K52: =ROUND('[7]2029'!K56,2) -> 31944.87 | L52: =ROUND('[7]2029'!L56,2) -> 37465.32 | ... AB52: =ROUND('[7]2029'!AB56,2) -> 44014.62
C53: Domingo | D53: =+'[7]2029'!D57 -> 4 | E53: =ROUND('[7]2029'!E57,2) -> 34050.03 | F53: =ROUND('[7]2029'!F57,2) -> 31818.05 | G53: =ROUND('[7]2029'!G57,2) -> 30195.87 | H53: =ROUND('[7]2029'!H57,2) -> 29249.51 | I53: =ROUND('[7]2029'!I57,2) -> 29105.14 | J53: =ROUND('[7]2029'!J57,2) -> 28484.52 | K53: =ROUND('[7]2029'!K57,2) -> 28291.91 | L53: =ROUND('[7]2029'!L57,2) -> 31162.46 | ... AB53: =ROUND('[7]2029'!AB57,2) -> 43822.98
C54: Festivo | D54: =+'[7]2029'!D58 -> 2 | E54: =ROUND('[7]2029'!E58,2) -> 34050.03 | F54: =ROUND('[7]2029'!F58,2) -> 31818.05 | G54: =ROUND('[7]2029'!G58,2) -> 30195.87 | H54: =ROUND('[7]2029'!H58,2) -> 29249.51 | I54: =ROUND('[7]2029'!I58,2) -> 29105.14 | J54: =ROUND('[7]2029'!J58,2) -> 28484.52 | K54: =ROUND('[7]2029'!K58,2) -> 28291.91 | L54: =ROUND('[7]2029'!L58,2) -> 31162.46 | ... AB54: =ROUND('[7]2029'!AB58,2) -> 43822.98
B55: 47453 | C55: Ordinario | D55: =+'[7]2029'!D59 -> 20 | E55: =ROUND('[7]2029'!E59,2) -> 23716.03 | F55: =ROUND('[7]2029'!F59,2) -> 21873.37 | G55: =ROUND('[7]2029'!G59,2) -> 20737.94 | H55: =ROUND('[7]2029'!H59,2) -> 19985.05 | I55: =ROUND('[7]2029'!I59,2) -> 20123.26 | J55: =ROUND('[7]2029'!J59,2) -> 20902.76 | K55: =ROUND('[7]2029'!K59,2) -> 21489.49 | L55: =ROUND('[7]2029'!L59,2) -> 25122.72 | ... AB55: =ROUND('[7]2029'!AB59,2) -> 33002.04 | AC55: =SUM(E55:AB55)*D55+SUM(E56:AB56)*D56+SUM(E57:AB57)*D57+SUM(E58:AB58)*D58 -> 22726250
B56: Feb | C56: Sábado | D56: =+'[7]2029'!D60 -> 4 | E56: =ROUND('[7]2029'!E60,2) -> 24917.35 | F56: =ROUND('[7]2029'!F60,2) -> 22999.74 | G56: =ROUND('[7]2029'!G60,2) -> 21710.07 | H56: =ROUND('[7]2029'!H60,2) -> 20821.3 | I56: =ROUND('[7]2029'!I60,2) -> 20715.69 | J56: =ROUND('[7]2029'!J60,2) -> 21068.65 | K56: =ROUND('[7]2029'!K60,2) -> 20638.64 | L56: =ROUND('[7]2029'!L60,2) -> 23267.83 | ... AB56: =ROUND('[7]2029'!AB60,2) -> 32131.45
B57: Feb | C57: Domingo | D57: =+'[7]2029'!D61 -> 5 | E57: =ROUND('[7]2029'!E61,2) -> 23659.38 | F57: =ROUND('[7]2029'!F61,2) -> 21973.4 | G57: =ROUND('[7]2029'!G61,2) -> 20749.23 | H57: =ROUND('[7]2029'!H61,2) -> 19953.59 | I57: =ROUND('[7]2029'!I61,2) -> 19721.23 | J57: =ROUND('[7]2029'!J61,2) -> 19424.91 | K57: =ROUND('[7]2029'!K61,2) -> 18591.61 | L57: =ROUND('[7]2029'!L61,2) -> 20101.09 | ... AB57: =ROUND('[7]2029'!AB61,2) -> 30763.16
B58: Feb | C58: Festivo | D58: =+'[7]2029'!D62 -> 2 | E58: =ROUND('[7]2029'!E62,2) -> 23659.38 | F58: =ROUND('[7]2029'!F62,2) -> 21973.4 | G58: =ROUND('[7]2029'!G62,2) -> 20749.23 | H58: =ROUND('[7]2029'!H62,2) -> 19953.59 | I58: =ROUND('[7]2029'!I62,2) -> 19721.23 | J58: =ROUND('[7]2029'!J62,2) -> 19424.91 | K58: =ROUND('[7]2029'!K62,2) -> 18591.61 | L58: =ROUND('[7]2029'!L62,2) -> 20101.09 | ... AB58: =ROUND('[7]2029'!AB62,2) -> 30763.16
Z59: TOTAL AÑO kWh | AC59: =SUM(AC11:AC58) -> 3.4665935e+08
B60: 47484 | C60: Ordinario | D60: =+'[7]2030'!D15 -> 21 | E60: =ROUND('[7]2030'!E15,2) -> 32578.76 | F60: =ROUND('[7]2030'!F15,2) -> 29632.35 | G60: =ROUND('[7]2030'!G15,2) -> 27616.7 | H60: =ROUND('[7]2030'!H15,2) -> 26216.16 | I60: =ROUND('[7]2030'!I15,2) -> 26244.72 | J60: =ROUND('[7]2030'!J15,2) -> 28176.09 | K60: =ROUND('[7]2030'!K15,2) -> 28514.11 | L60: =ROUND('[7]2030'!L15,2) -> 33179.29 | ... AB60: =ROUND('[7]2030'!AB15,2) -> 52800.72 | AC60: =SUM(E60:AB60)*D60+SUM(E61:AB61)*D61+SUM(E62:AB62)*D62+SUM(E63:AB63)*D63 -> 33159730
C61: Sábado | D61: =+'[7]2030'!D16 -> 4 | E61: =ROUND('[7]2030'!E16,2) -> 32172.01 | F61: =ROUND('[7]2030'!F16,2) -> 29217.09 | G61: =ROUND('[7]2030'!G16,2) -> 27154.86 | H61: =ROUND('[7]2030'!H16,2) -> 25699.57 | I61: =ROUND('[7]2030'!I16,2) -> 25547.27 | J61: =ROUND('[7]2030'!J16,2) -> 26392.99 | K61: =ROUND('[7]2030'!K16,2) -> 26208.17 | L61: =ROUND('[7]2030'!L16,2) -> 29758.73 | ... AB61: =ROUND('[7]2030'!AB16,2) -> 52217.89
C62: Domingo | D62: =+'[7]2030'!D17 -> 4 | E62: =ROUND('[7]2030'!E17,2) -> 32392.2 | F62: =ROUND('[7]2030'!F17,2) -> 29367.36 | G62: =ROUND('[7]2030'!G17,2) -> 27332.02 | H62: =ROUND('[7]2030'!H17,2) -> 25849.28 | I62: =ROUND('[7]2030'!I17,2) -> 25183.46 | J62: =ROUND('[7]2030'!J17,2) -> 25148.09 | K62: =ROUND('[7]2030'!K17,2) -> 23245.29 | L62: =ROUND('[7]2030'!L17,2) -> 24080.66 | ... AB62: =ROUND('[7]2030'!AB17,2) -> 51706.89
C63: Festivo | D63: =+'[7]2030'!D18 -> 2 | E63: =ROUND('[7]2030'!E18,2) -> 32392.2 | F63: =ROUND('[7]2030'!F18,2) -> 29367.36 | G63: =ROUND('[7]2030'!G18,2) -> 27332.02 | H63: =ROUND('[7]2030'!H18,2) -> 25849.28 | I63: =ROUND('[7]2030'!I18,2) -> 25183.46 | J63: =ROUND('[7]2030'!J18,2) -> 25148.09 | K63: =ROUND('[7]2030'!K18,2) -> 23245.29 | L63: =ROUND('[7]2030'!L18,2) -> 24080.66 | ... AB63: =ROUND('[7]2030'!AB18,2) -> 51706.89
B64: 47515 | C64: Ordinario | D64: =+'[7]2030'!D19 -> 20 | E64: =ROUND('[7]2030'!E19,2) -> 27408.71 | F64: =ROUND('[7]2030'!F19,2) -> 24975.55 | G64: =ROUND('[7]2030'!G19,2) -> 23273.29 | H64: =ROUND('[7]2030'!H19,2) -> 22114.69 | I64: =ROUND('[7]2030'!I19,2) -> 22660.97 | J64: =ROUND('[7]2030'!J19,2) -> 26101.31 | K64: =ROUND('[7]2030'!K19,2) -> 26339.22 | L64: =ROUND('[7]2030'!L19,2) -> 29408.07 | ... AB64: =ROUND('[7]2030'!AB19,2) -> 47947.23 | AC64: =SUM(E64:AB64)*D64+SUM(E65:AB65)*D65+SUM(E66:AB66)*D66+SUM(E67:AB67)*D67 -> 27220925
B65: Feb | C65: Sábado | D65: =+'[7]2030'!D20 -> 4 | E65: =ROUND('[7]2030'!E20,2) -> 30108.1 | F65: =ROUND('[7]2030'!F20,2) -> 27388.69 | G65: =ROUND('[7]2030'!G20,2) -> 25328.48 | H65: =ROUND('[7]2030'!H20,2) -> 23933.54 | I65: =ROUND('[7]2030'!I20,2) -> 23561.12 | J65: =ROUND('[7]2030'!J20,2) -> 24188.81 | K65: =ROUND('[7]2030'!K20,2) -> 24246.16 | L65: =ROUND('[7]2030'!L20,2) -> 27427.94 | ... AB65: =ROUND('[7]2030'!AB20,2) -> 48971.45
B66: Feb | C66: Domingo | D66: =+'[7]2030'!D21 -> 4 | E66: =ROUND('[7]2030'!E21,2) -> 29056.98 | F66: =ROUND('[7]2030'!F21,2) -> 26085.01 | G66: =ROUND('[7]2030'!G21,2) -> 24320.88 | H66: =ROUND('[7]2030'!H21,2) -> 22867.97 | I66: =ROUND('[7]2030'!I21,2) -> 21998.72 | J66: =ROUND('[7]2030'!J21,2) -> 22002.2 | K66: =ROUND('[7]2030'!K21,2) -> 20303.17 | L66: =ROUND('[7]2030'!L21,2) -> 20686.07 | ... AB66: =ROUND('[7]2030'!AB21,2) -> 46859.87
B67: Feb | C67: Festivo | D67: =+'[7]2030'!D22 -> 0 | E67: =ROUND('[7]2030'!E22,2) -> 0 | F67: =ROUND('[7]2030'!F22,2) -> 0 | G67: =ROUND('[7]2030'!G22,2) -> 0 | H67: =ROUND('[7]2030'!H22,2) -> 0 | I67: =ROUND('[7]2030'!I22,2) -> 0 | J67: =ROUND('[7]2030'!J22,2) -> 0 | K67: =ROUND('[7]2030'!K22,2) -> 0 | L67: =ROUND('[7]2030'!L22,2) -> 0 | ... AB67: =ROUND('[7]2030'!AB22,2) -> 0
B68: 47543 | C68: Ordinario | D68: =+'[7]2030'!D23 -> 20 | E68: =ROUND('[7]2030'!E23,2) -> 34768.42 | F68: =ROUND('[7]2030'!F23,2) -> 31853.73 | G68: =ROUND('[7]2030'!G23,2) -> 29902.22 | H68: =ROUND('[7]2030'!H23,2) -> 28589.38 | I68: =ROUND('[7]2030'!I23,2) -> 29412.48 | J68: =ROUND('[7]2030'!J23,2) -> 33108.51 | K68: =ROUND('[7]2030'!K23,2) -> 33794.41 | L68: =ROUND('[7]2030'!L23,2) -> 38426.21 | ... AB68: =ROUND('[7]2030'!AB23,2) -> 57082.42 | AC68: =SUM(E68:AB68)*D68+SUM(E69:AB69)*D69+SUM(E70:AB70)*D70+SUM(E71:AB71)*D71 -> 36755144
C69: Sábado | D69: =+'[7]2030'!D24 -> 5 | E69: =ROUND('[7]2030'!E24,2) -> 36323.7 | F69: =ROUND('[7]2030'!F24,2) -> 32931.41 | G69: =ROUND('[7]2030'!G24,2) -> 30968.11 | H69: =ROUND('[7]2030'!H24,2) -> 29287.82 | I69: =ROUND('[7]2030'!I24,2) -> 29024.39 | J69: =ROUND('[7]2030'!J24,2) -> 30232.92 | K69: =ROUND('[7]2030'!K24,2) -> 30565.31 | L69: =ROUND('[7]2030'!L24,2) -> 35529.7 | ... AB69: =ROUND('[7]2030'!AB24,2) -> 56921.74
C70: Domingo | D70: =+'[7]2030'!D25 -> 5 | E70: =ROUND('[7]2030'!E25,2) -> 36004.85 | F70: =ROUND('[7]2030'!F25,2) -> 32765.53 | G70: =ROUND('[7]2030'!G25,2) -> 30686.97 | H70: =ROUND('[7]2030'!H25,2) -> 29064.38 | I70: =ROUND('[7]2030'!I25,2) -> 28369.83 | J70: =ROUND('[7]2030'!J25,2) -> 28186.07 | K70: =ROUND('[7]2030'!K25,2) -> 26608.68 | L70: =ROUND('[7]2030'!L25,2) -> 27509.38 | ... AB70: =ROUND('[7]2030'!AB25,2) -> 53756.85
C71: Festivo | D71: =+'[7]2030'!D26 -> 1 | E71: =ROUND('[7]2030'!E26,2) -> 36004.85 | F71: =ROUND('[7]2030'!F26,2) -> 32765.53 | G71: =ROUND('[7]2030'!G26,2) -> 30686.97 | H71: =ROUND('[7]2030'!H26,2) -> 29064.38 | I71: =ROUND('[7]2030'!I26,2) -> 28369.83 | J71: =ROUND('[7]2030'!J26,2) -> 28186.07 | K71: =ROUND('[7]2030'!K26,2) -> 26608.68 | L71: =ROUND('[7]2030'!L26,2) -> 27509.38 | ... AB71: =ROUND('[7]2030'!AB26,2) -> 53756.85
B72: 47574 | C72: Ordinario | D72: =+'[7]2030'!D27 -> 20 | E72: =ROUND('[7]2030'!E27,2) -> 31394.35 | F72: =ROUND('[7]2030'!F27,2) -> 28723.58 | G72: =ROUND('[7]2030'!G27,2) -> 26861.97 | H72: =ROUND('[7]2030'!H27,2) -> 25387.77 | I72: =ROUND('[7]2030'!I27,2) -> 26065.58 | J72: =ROUND('[7]2030'!J27,2) -> 28587.68 | K72: =ROUND('[7]2030'!K27,2) -> 29724.55 | L72: =ROUND('[7]2030'!L27,2) -> 34202.41 | ... AB72: =ROUND('[7]2030'!AB27,2) -> 52653.88 | AC72: =SUM(E72:AB72)*D72+SUM(E73:AB73)*D73+SUM(E74:AB74)*D74+SUM(E75:AB75)*D75 -> 32751765
B73: Feb | C73: Sábado | D73: =+'[7]2030'!D28 -> 4 | E73: =ROUND('[7]2030'!E28,2) -> 33056.53 | F73: =ROUND('[7]2030'!F28,2) -> 30212.18 | G73: =ROUND('[7]2030'!G28,2) -> 28367.56 | H73: =ROUND('[7]2030'!H28,2) -> 26971.89 | I73: =ROUND('[7]2030'!I28,2) -> 26906.04 | J73: =ROUND('[7]2030'!J28,2) -> 26698.26 | K73: =ROUND('[7]2030'!K28,2) -> 27944.51 | L73: =ROUND('[7]2030'!L28,2) -> 32444.96 | ... AB73: =ROUND('[7]2030'!AB28,2) -> 54089.16
B74: Feb | C74: Domingo | D74: =+'[7]2030'!D29 -> 4 | E74: =ROUND('[7]2030'!E29,2) -> 34816.53 | F74: =ROUND('[7]2030'!F29,2) -> 31505.84 | G74: =ROUND('[7]2030'!G29,2) -> 28768.18 | H74: =ROUND('[7]2030'!H29,2) -> 27608.46 | I74: =ROUND('[7]2030'!I29,2) -> 26660.15 | J74: =ROUND('[7]2030'!J29,2) -> 25932.5 | K74: =ROUND('[7]2030'!K29,2) -> 24900.27 | L74: =ROUND('[7]2030'!L29,2) -> 26079.18 | ... AB74: =ROUND('[7]2030'!AB29,2) -> 51689.36
B75: Feb | C75: Festivo | D75: =+'[7]2030'!D30 -> 2 | E75: =ROUND('[7]2030'!E30,2) -> 34816.53 | F75: =ROUND('[7]2030'!F30,2) -> 31505.84 | G75: =ROUND('[7]2030'!G30,2) -> 28768.18 | H75: =ROUND('[7]2030'!H30,2) -> 27608.46 | I75: =ROUND('[7]2030'!I30,2) -> 26660.15 | J75: =ROUND('[7]2030'!J30,2) -> 25932.5 | K75: =ROUND('[7]2030'!K30,2) -> 24900.27 | L75: =ROUND('[7]2030'!L30,2) -> 26079.18 | ... AB75: =ROUND('[7]2030'!AB30,2) -> 51689.36
B76: 47604 | C76: Ordinario | D76: =+'[7]2030'!D31 -> 22 | E76: =ROUND('[7]2030'!E31,2) -> 28195.54 | F76: =ROUND('[7]2030'!F31,2) -> 25556.15 | G76: =ROUND('[7]2030'!G31,2) -> 23768.83 | H76: =ROUND('[7]2030'!H31,2) -> 22515.06 | I76: =ROUND('[7]2030'!I31,2) -> 23105.78 | J76: =ROUND('[7]2030'!J31,2) -> 24643.05 | K76: =ROUND('[7]2030'!K31,2) -> 26684.94 | L76: =ROUND('[7]2030'!L31,2) -> 31003.56 | ... AB76: =ROUND('[7]2030'!AB31,2) -> 48080.86 | AC76: =SUM(E76:AB76)*D76+SUM(E77:AB77)*D77+SUM(E78:AB78)*D78+SUM(E79:AB79)*D79 -> 30656534
C77: Sábado | D77: =+'[7]2030'!D32 -> 4 | E77: =ROUND('[7]2030'!E32,2) -> 27754.88 | F77: =ROUND('[7]2030'!F32,2) -> 25314.89 | G77: =ROUND('[7]2030'!G32,2) -> 23394.74 | H77: =ROUND('[7]2030'!H32,2) -> 22375.61 | I77: =ROUND('[7]2030'!I32,2) -> 22391.13 | J77: =ROUND('[7]2030'!J32,2) -> 21473.39 | K77: =ROUND('[7]2030'!K32,2) -> 23434.45 | L77: =ROUND('[7]2030'!L32,2) -> 27762.85 | ... AB77: =ROUND('[7]2030'!AB32,2) -> 47809.66
C78: Domingo | D78: =+'[7]2030'!D33 -> 4 | E78: =ROUND('[7]2030'!E33,2) -> 28257.54 | F78: =ROUND('[7]2030'!F33,2) -> 25695.88 | G78: =ROUND('[7]2030'!G33,2) -> 23832.2 | H78: =ROUND('[7]2030'!H33,2) -> 22672.52 | I78: =ROUND('[7]2030'!I33,2) -> 22110.21 | J78: =ROUND('[7]2030'!J33,2) -> 20420.31 | K78: =ROUND('[7]2030'!K33,2) -> 20655.59 | L78: =ROUND('[7]2030'!L33,2) -> 22056.02 | ... AB78: =ROUND('[7]2030'!AB33,2) -> 48785.47
C79: Festivo | D79: =+'[7]2030'!D34 -> 1 | E79: =ROUND('[7]2030'!E34,2) -> 28257.54 | F79: =ROUND('[7]2030'!F34,2) -> 25695.88 | G79: =ROUND('[7]2030'!G34,2) -> 23832.2 | H79: =ROUND('[7]2030'!H34,2) -> 22672.52 | I79: =ROUND('[7]2030'!I34,2) -> 22110.21 | J79: =ROUND('[7]2030'!J34,2) -> 20420.31 | K79: =ROUND('[7]2030'!K34,2) -> 20655.59 | L79: =ROUND('[7]2030'!L34,2) -> 22056.02 | ... AB79: =ROUND('[7]2030'!AB34,2) -> 48785.47
B80: 47635 | C80: Ordinario | D80: =+'[7]2030'!D35 -> 18 | E80: =ROUND('[7]2030'!E35,2) -> 26053.56 | F80: =ROUND('[7]2030'!F35,2) -> 23490.29 | G80: =ROUND('[7]2030'!G35,2) -> 21814.82 | H80: =ROUND('[7]2030'!H35,2) -> 20902.99 | I80: =ROUND('[7]2030'!I35,2) -> 21520.02 | J80: =ROUND('[7]2030'!J35,2) -> 22821.7 | K80: =ROUND('[7]2030'!K35,2) -> 25283.33 | L80: =ROUND('[7]2030'!L35,2) -> 29886.33 | ... AB80: =ROUND('[7]2030'!AB35,2) -> 46885 | AC80: =SUM(E80:AB80)*D80+SUM(E81:AB81)*D81+SUM(E82:AB82)*D82+SUM(E83:AB83)*D83 -> 27811957
B81: Feb | C81: Sábado | D81: =+'[7]2030'!D36 -> 5 | E81: =ROUND('[7]2030'!E36,2) -> 26918.56 | F81: =ROUND('[7]2030'!F36,2) -> 24454.81 | G81: =ROUND('[7]2030'!G36,2) -> 22406.44 | H81: =ROUND('[7]2030'!H36,2) -> 20901.06 | I81: =ROUND('[7]2030'!I36,2) -> 21084.43 | J81: =ROUND('[7]2030'!J36,2) -> 20948.67 | K81: =ROUND('[7]2030'!K36,2) -> 22726.23 | L81: =ROUND('[7]2030'!L36,2) -> 26479.14 | ... AB81: =ROUND('[7]2030'!AB36,2) -> 44315.85
B82: Feb | C82: Domingo | D82: =+'[7]2030'!D37 -> 5 | E82: =ROUND('[7]2030'!E37,2) -> 25153.23 | F82: =ROUND('[7]2030'!F37,2) -> 22807.93 | G82: =ROUND('[7]2030'!G37,2) -> 21185.54 | H82: =ROUND('[7]2030'!H37,2) -> 20113.19 | I82: =ROUND('[7]2030'!I37,2) -> 19736.48 | J82: =ROUND('[7]2030'!J37,2) -> 18978.9 | K82: =ROUND('[7]2030'!K37,2) -> 18601.28 | L82: =ROUND('[7]2030'!L37,2) -> 19865.17 | ... AB82: =ROUND('[7]2030'!AB37,2) -> 44036.28
B83: Feb | C83: Festivo | D83: =+'[7]2030'!D38 -> 2 | E83: =ROUND('[7]2030'!E38,2) -> 25153.23 | F83: =ROUND('[7]2030'!F38,2) -> 22807.93 | G83: =ROUND('[7]2030'!G38,2) -> 21185.54 | H83: =ROUND('[7]2030'!H38,2) -> 20113.19 | I83: =ROUND('[7]2030'!I38,2) -> 19736.48 | J83: =ROUND('[7]2030'!J38,2) -> 18978.9 | K83: =ROUND('[7]2030'!K38,2) -> 18601.28 | L83: =ROUND('[7]2030'!L38,2) -> 19865.17 | ... AB83: =ROUND('[7]2030'!AB38,2) -> 44036.28
