Workbook

Sheet Cantidades 2027
C2: CANTIDADES DE ENERGÍA SOLICITADAS (kWh)
C3: EMPRESAS PÚBLICAS DE MEDELLÍN E.S.P.
C4: 2027
C6: Mes | D6: Tipo Día | E6: Días | F6: H1 | G6: H2 | H6: H3 | I6: H4 | J6: H5 | K6: H6 | L6: H7 | M6: H8 | N6: H9 | O6: H10 | P6: H11 | Q6: H12 | R6: H13 | S6: H14 | T6: H15 | U6: H16 | V6: H17 | W6: H18 | X6: H19 | Y6: H20 | Z6: H21 | AA6: H22 | AB6: H23 | AC6: H24 | AD6: TOTAL MES
C7: Ene | D7: Ordinario | E7: 19 | F7: =+[1]Resumen!F7*1000 -> 43813.642 | G7: =+[1]Resumen!G7*1000 -> 39665.254 | H7: =+[1]Resumen!H7*1000 -> 36828.059 | I7: =+[1]Resumen!I7*1000 -> 36269.994 | J7: =+[1]Resumen!J7*1000 -> 38345.209 | K7: =+[1]Resumen!K7*1000 -> 47715.167 | L7: =+[1]Resumen!L7*1000 -> 58442.347 | M7: =+[1]Resumen!M7*1000 -> 55336.176 | ... AC7: =+[1]Resumen!AC7*1000 -> 35254.686 | AD7: =SUM(F7:AC7)*E7+SUM(F8:AC8)*E8+SUM(F9:AC9)*E9+SUM(F10:AC10)*E10 -> 40268590
D8: Sábado | E8: 5 | F8: =+[1]Resumen!F8*1000 -> 46194.401 | G8: =+[1]Resumen!G8*1000 -> 41036.063 | H8: =+[1]Resumen!H8*1000 -> 37664.072 | I8: =+[1]Resumen!I8*1000 -> 35817.653 | J8: =+[1]Resumen!J8*1000 -> 37198.734 | K8: =+[1]Resumen!K8*1000 -> 42053.352 | L8: =+[1]Resumen!L8*1000 -> 47939.68 | M8: =+[1]Resumen!M8*1000 -> 44469.307 | ... AC8: =+[1]Resumen!AC8*1000 -> 34092.389
D9: Domingo | E9: 5 | F9: =+[1]Resumen!F9*1000 -> 45192.353 | G9: =+[1]Resumen!G9*1000 -> 39849.56 | H9: =+[1]Resumen!H9*1000 -> 35957.4 | I9: =+[1]Resumen!I9*1000 -> 33879.222 | J9: =+[1]Resumen!J9*1000 -> 34169.308 | K9: =+[1]Resumen!K9*1000 -> 36410.747 | L9: =+[1]Resumen!L9*1000 -> 38292.833 | M9: =+[1]Resumen!M9*1000 -> 33298.071 | ... AC9: =+[1]Resumen!AC9*1000 -> 28114.828
D10: Festivo | E10: 2 | F10: =+[1]Resumen!F10*1000 -> 45973.328 | G10: =+[1]Resumen!G10*1000 -> 42913.387 | H10: =+[1]Resumen!H10*1000 -> 41013.358 | I10: =+[1]Resumen!I10*1000 -> 37804.168 | J10: =+[1]Resumen!J10*1000 -> 37810.128 | K10: =+[1]Resumen!K10*1000 -> 38750.848 | L10: =+[1]Resumen!L10*1000 -> 39671.246 | M10: =+[1]Resumen!M10*1000 -> 31541.757 | ... AC10: =+[1]Resumen!AC10*1000 -> 25016.408
C11: Feb | D11: Ordinario | E11: 20 | F11: =+[1]Resumen!F11*1000 -> 48162.847 | G11: =+[1]Resumen!G11*1000 -> 43331.341 | H11: =+[1]Resumen!H11*1000 -> 41032.857 | I11: =+[1]Resumen!I11*1000 -> 40886.006 | J11: =+[1]Resumen!J11*1000 -> 46062.138 | K11: =+[1]Resumen!K11*1000 -> 64182.607 | L11: =+[1]Resumen!L11*1000 -> 73866.923 | M11: =+[1]Resumen!M11*1000 -> 65816.15 | ... AC11: =+[1]Resumen!AC11*1000 -> 38562.637 | AD11: =SUM(F11:AC11)*E11+SUM(F12:AC12)*E12+SUM(F13:AC13)*E13+SUM(F14:AC14)*E14 -> 42743658
D12: Sábado | E12: 4 | F12: =+[1]Resumen!F12*1000 -> 52728.415 | G12: =+[1]Resumen!G12*1000 -> 47353.752 | H12: =+[1]Resumen!H12*1000 -> 43588.394 | I12: =+[1]Resumen!I12*1000 -> 42699.076 | J12: =+[1]Resumen!J12*1000 -> 45335.844 | K12: =+[1]Resumen!K12*1000 -> 50515.339 | L12: =+[1]Resumen!L12*1000 -> 60057.54 | M12: =+[1]Resumen!M12*1000 -> 58343.067 | ... AC12: =+[1]Resumen!AC12*1000 -> 38293.086
D13: Domingo | E13: 4 | F13: =+[1]Resumen!F13*1000 -> 49175.459 | G13: =+[1]Resumen!G13*1000 -> 43335.393 | H13: =+[1]Resumen!H13*1000 -> 39717.105 | I13: =+[1]Resumen!I13*1000 -> 37973.377 | J13: =+[1]Resumen!J13*1000 -> 38578.843 | K13: =+[1]Resumen!K13*1000 -> 40573.264 | L13: =+[1]Resumen!L13*1000 -> 44876.928 | M13: =+[1]Resumen!M13*1000 -> 41089.417 | ... AC13: =+[1]Resumen!AC13*1000 -> 31295.462
D14: Festivo | E14: 0 | F14: =+[1]Resumen!F14*1000 -> 0 | G14: =+[1]Resumen!G14*1000 -> 0 | H14: =+[1]Resumen!H14*1000 -> 0 | I14: =+[1]Resumen!I14*1000 -> 0 | J14: =+[1]Resumen!J14*1000 -> 0 | K14: =+[1]Resumen!K14*1000 -> 0 | L14: =+[1]Resumen!L14*1000 -> 0 | M14: =+[1]Resumen!M14*1000 -> 0 | ... AC14: =+[1]Resumen!AC14*1000 -> 0
C15: Mar | D15: Ordinario | E15: 20 | F15: =+[1]Resumen!F15*1000 -> 45602.346 | G15: =+[1]Resumen!G15*1000 -> 41466.933 | H15: =+[1]Resumen!H15*1000 -> 39227.914 | I15: =+[1]Resumen!I15*1000 -> 39154.496 | J15: =+[1]Resumen!J15*1000 -> 43612.289 | K15: =+[1]Resumen!K15*1000 -> 59705.133 | L15: =+[1]Resumen!L15*1000 -> 68233.622 | M15: =+[1]Resumen!M15*1000 -> 60892.728 | ... AC15: =+[1]Resumen!AC15*1000 -> 35670.822 | AD15: =SUM(F15:AC15)*E15+SUM(F16:AC16)*E16+SUM(F17:AC17)*E17+SUM(F18:AC18)*E18 -> 43700782
D16: Sábado | E16: 4 | F16: =+[1]Resumen!F16*1000 -> 45253.642 | G16: =+[1]Resumen!G16*1000 -> 40768.025 | H16: =+[1]Resumen!H16*1000 -> 37631.079 | I16: =+[1]Resumen!I16*1000 -> 36806.182 | J16: =+[1]Resumen!J16*1000 -> 39701.956 | K16: =+[1]Resumen!K16*1000 -> 45895.301 | L16: =+[1]Resumen!L16*1000 -> 53515.62 | M16: =+[1]Resumen!M16*1000 -> 54207.199 | ... AC16: =+[1]Resumen!AC16*1000 -> 36579.392
D17: Domingo | E17: 4 | F17: =+[1]Resumen!F17*1000 -> 45724.075 | G17: =+[1]Resumen!G17*1000 -> 40525.568 | H17: =+[1]Resumen!H17*1000 -> 36643.448 | I17: =+[1]Resumen!I17*1000 -> 34812.527 | J17: =+[1]Resumen!J17*1000 -> 34871.136 | K17: =+[1]Resumen!K17*1000 -> 36515.981 | L17: =+[1]Resumen!L17*1000 -> 39098.911 | M17: =+[1]Resumen!M17*1000 -> 36423.933 | ... AC17: =+[1]Resumen!AC17*1000 -> 29297.069
D18: Festivo | E18: 3 | F18: =+[1]Resumen!F18*1000 -> 55146.743 | G18: =+[1]Resumen!G18*1000 -> 50360.435 | H18: =+[1]Resumen!H18*1000 -> 46653.286 | I18: =+[1]Resumen!I18*1000 -> 44435.099 | J18: =+[1]Resumen!J18*1000 -> 45416.321 | K18: =+[1]Resumen!K18*1000 -> 46842.985 | L18: =+[1]Resumen!L18*1000 -> 48659.543 | M18: =+[1]Resumen!M18*1000 -> 46812.925 | ... AC18: =+[1]Resumen!AC18*1000 -> 41758.169
C19: Abr | D19: Ordinario | E19: 22 | F19: =+[1]Resumen!F19*1000 -> 43311.265 | G19: =+[1]Resumen!G19*1000 -> 38703.287 | H19: =+[1]Resumen!H19*1000 -> 36360.718 | I19: =+[1]Resumen!I19*1000 -> 36297.043 | J19: =+[1]Resumen!J19*1000 -> 40587.588 | K19: =+[1]Resumen!K19*1000 -> 55183.916 | L19: =+[1]Resumen!L19*1000 -> 64184.649 | M19: =+[1]Resumen!M19*1000 -> 57676.655 | ... AC19: =+[1]Resumen!AC19*1000 -> 35318.174 | AD19: =SUM(F19:AC19)*E19+SUM(F20:AC20)*E20+SUM(F21:AC21)*E21+SUM(F22:AC22)*E22 -> 41482288
D20: Sábado | E20: 4 | F20: =+[1]Resumen!F20*1000 -> 43895.661 | G20: =+[1]Resumen!G20*1000 -> 38220.973 | H20: =+[1]Resumen!H20*1000 -> 34897.797 | I20: =+[1]Resumen!I20*1000 -> 34246.014 | J20: =+[1]Resumen!J20*1000 -> 36382.557 | K20: =+[1]Resumen!K20*1000 -> 41827.771 | L20: =+[1]Resumen!L20*1000 -> 49866.974 | M20: =+[1]Resumen!M20*1000 -> 49003.197 | ... AC20: =+[1]Resumen!AC20*1000 -> 35372.054
D21: Domingo | E21: 4 | F21: =+[1]Resumen!F21*1000 -> 46190.9 | G21: =+[1]Resumen!G21*1000 -> 40514.873 | H21: =+[1]Resumen!H21*1000 -> 36603.729 | I21: =+[1]Resumen!I21*1000 -> 34919.992 | J21: =+[1]Resumen!J21*1000 -> 35186.363 | K21: =+[1]Resumen!K21*1000 -> 36157.015 | L21: =+[1]Resumen!L21*1000 -> 40405.25 | M21: =+[1]Resumen!M21*1000 -> 38010.445 | ... AC21: =+[1]Resumen!AC21*1000 -> 26801.961
D22: Festivo | E22: 0 | F22: =+[1]Resumen!F22*1000 -> 109560.77 | G22: =+[1]Resumen!G22*1000 -> 101670.19 | H22: =+[1]Resumen!H22*1000 -> 96208.357 | I22: =+[1]Resumen!I22*1000 -> 93669.423 | J22: =+[1]Resumen!J22*1000 -> 94584.784 | K22: =+[1]Resumen!K22*1000 -> 96366.153 | L22: =+[1]Resumen!L22*1000 -> 99747.089 | M22: =+[1]Resumen!M22*1000 -> 96639.561 | ... AC22: =+[1]Resumen!AC22*1000 -> 97455.209
C23: May | D23: Ordinario | E23: 19 | F23: =+[1]Resumen!F23*1000 -> 35141.335 | G23: =+[1]Resumen!G23*1000 -> 30280.099 | H23: =+[1]Resumen!H23*1000 -> 27902.655 | I23: =+[1]Resumen!I23*1000 -> 27853.924 | J23: =+[1]Resumen!J23*1000 -> 32039.68 | K23: =+[1]Resumen!K23*1000 -> 48139.892 | L23: =+[1]Resumen!L23*1000 -> 57437.856 | M23: =+[1]Resumen!M23*1000 -> 51729.977 | ... AC23: =+[1]Resumen!AC23*1000 -> 26797.938 | AD23: =SUM(F23:AC23)*E23+SUM(F24:AC24)*E24+SUM(F25:AC25)*E25+SUM(F26:AC26)*E26 -> 34680251
D24: Sábado | E24: 4 | F24: =+[1]Resumen!F24*1000 -> 35875.082 | G24: =+[1]Resumen!G24*1000 -> 30677.377 | H24: =+[1]Resumen!H24*1000 -> 27558.144 | I24: =+[1]Resumen!I24*1000 -> 25987.253 | J24: =+[1]Resumen!J24*1000 -> 26518.698 | K24: =+[1]Resumen!K24*1000 -> 29782.98 | L24: =+[1]Resumen!L24*1000 -> 37368.495 | M24: =+[1]Resumen!M24*1000 -> 37782.296 | ... AC24: =+[1]Resumen!AC24*1000 -> 27114.649
D25: Domingo | E25: 5 | F25: =+[1]Resumen!F25*1000 -> 36190.601 | G25: =+[1]Resumen!G25*1000 -> 31603.937 | H25: =+[1]Resumen!H25*1000 -> 26553.695 | I25: =+[1]Resumen!I25*1000 -> 23001.04 | J25: =+[1]Resumen!J25*1000 -> 20853.918 | K25: =+[1]Resumen!K25*1000 -> 19530.243 | L25: =+[1]Resumen!L25*1000 -> 20795.636 | M25: =+[1]Resumen!M25*1000 -> 18495.821 | ... AC25: =+[1]Resumen!AC25*1000 -> 16825.607
D26: Festivo | E26: 3 | F26: =+[1]Resumen!F26*1000 -> 32618.043 | G26: =+[1]Resumen!G26*1000 -> 27665.577 | H26: =+[1]Resumen!H26*1000 -> 24793.389 | I26: =+[1]Resumen!I26*1000 -> 23586.465 | J26: =+[1]Resumen!J26*1000 -> 27113.976 | K26: =+[1]Resumen!K26*1000 -> 33972.873 | L26: =+[1]Resumen!L26*1000 -> 37259.68 | M26: =+[1]Resumen!M26*1000 -> 34230.956 | ... AC26: =+[1]Resumen!AC26*1000 -> 15376.361
C27: Jun | D27: Ordinario | E27: 21 | F27: =+[1]Resumen!F27*1000 -> 28325.183 | G27: =+[1]Resumen!G27*1000 -> 23892.43 | H27: =+[1]Resumen!H27*1000 -> 21602.528 | I27: =+[1]Resumen!I27*1000 -> 21537.1 | J27: =+[1]Resumen!J27*1000 -> 24055.076 | K27: =+[1]Resumen!K27*1000 -> 33867.597 | L27: =+[1]Resumen!L27*1000 -> 42845.468 | M27: =+[1]Resumen!M27*1000 -> 39415.84 | ... AC27: =+[1]Resumen!AC27*1000 -> 17888.46 | AD27: =SUM(F27:AC27)*E27+SUM(F28:AC28)*E28+SUM(F29:AC29)*E29+SUM(F30:AC30)*E30 -> 27234709
D28: Sábado | E28: 4 | F28: =+[1]Resumen!F28*1000 -> 27883.807 | G28: =+[1]Resumen!G28*1000 -> 23016.111 | H28: =+[1]Resumen!H28*1000 -> 19614.064 | I28: =+[1]Resumen!I28*1000 -> 18496.812 | J28: =+[1]Resumen!J28*1000 -> 19877.309 | K28: =+[1]Resumen!K28*1000 -> 23552.241 | L28: =+[1]Resumen!L28*1000 -> 30830.89 | M28: =+[1]Resumen!M28*1000 -> 30604.155 | ... AC28: =+[1]Resumen!AC28*1000 -> 18128.648
D29: Domingo | E29: 4 | F29: =+[1]Resumen!F29*1000 -> 30211.074 | G29: =+[1]Resumen!G29*1000 -> 25896.936 | H29: =+[1]Resumen!H29*1000 -> 22247.284 | I29: =+[1]Resumen!I29*1000 -> 20860.461 | J29: =+[1]Resumen!J29*1000 -> 20802.884 | K29: =+[1]Resumen!K29*1000 -> 21550.54 | L29: =+[1]Resumen!L29*1000 -> 22613.172 | M29: =+[1]Resumen!M29*1000 -> 18294.529 | ... AC29: =+[1]Resumen!AC29*1000 -> 15511.083
D30: Festivo | E30: 1 | F30: =+[1]Resumen!F30*1000 -> 27732.945 | G30: =+[1]Resumen!G30*1000 -> 23085.912 | H30: =+[1]Resumen!H30*1000 -> 20089.687 | I30: =+[1]Resumen!I30*1000 -> 18779.847 | J30: =+[1]Resumen!J30*1000 -> 18824.436 | K30: =+[1]Resumen!K30*1000 -> 20393.882 | L30: =+[1]Resumen!L30*1000 -> 22184.648 | M30: =+[1]Resumen!M30*1000 -> 17420.144 | ... AC30: =+[1]Resumen!AC30*1000 -> 15902.629
C31: Jul | D31: Ordinario | E31: 20 | F31: =+[1]Resumen!F31*1000 -> 37663.95 | G31: =+[1]Resumen!G31*1000 -> 32840.857 | H31: =+[1]Resumen!H31*1000 -> 30017.352 | I31: =+[1]Resumen!I31*1000 -> 29726.083 | J31: =+[1]Resumen!J31*1000 -> 32122.988 | K31: =+[1]Resumen!K31*1000 -> 42911.076 | L31: =+[1]Resumen!L31*1000 -> 51975.531 | M31: =+[1]Resumen!M31*1000 -> 48760.519 | ... AC31: =+[1]Resumen!AC31*1000 -> 26046.288 | AD31: =SUM(F31:AC31)*E31+SUM(F32:AC32)*E32+SUM(F33:AC33)*E33+SUM(F34:AC34)*E34 -> 34154193
D32: Sábado | E32: 5 | F32: =+[1]Resumen!F32*1000 -> 35916.113 | G32: =+[1]Resumen!G32*1000 -> 31147.71 | H32: =+[1]Resumen!H32*1000 -> 28207.946 | I32: =+[1]Resumen!I32*1000 -> 26690.28 | J32: =+[1]Resumen!J32*1000 -> 28346.407 | K32: =+[1]Resumen!K32*1000 -> 32387.089 | L32: =+[1]Resumen!L32*1000 -> 39455.748 | M32: =+[1]Resumen!M32*1000 -> 39243.341 | ... AC32: =+[1]Resumen!AC32*1000 -> 20336.097
D33: Domingo | E33: 4 | F33: =+[1]Resumen!F33*1000 -> 30132.492 | G33: =+[1]Resumen!G33*1000 -> 25550.275 | H33: =+[1]Resumen!H33*1000 -> 21996.706 | I33: =+[1]Resumen!I33*1000 -> 20094.413 | J33: =+[1]Resumen!J33*1000 -> 20912.187 | K33: =+[1]Resumen!K33*1000 -> 21745.407 | L33: =+[1]Resumen!L33*1000 -> 25242.463 | M33: =+[1]Resumen!M33*1000 -> 22212.207 | ... AC33: =+[1]Resumen!AC33*1000 -> 12812.426
D34: Festivo | E34: 2 | F34: =+[1]Resumen!F34*1000 -> 42831.439 | G34: =+[1]Resumen!G34*1000 -> 36728.58 | H34: =+[1]Resumen!H34*1000 -> 32397.791 | I34: =+[1]Resumen!I34*1000 -> 29753.126 | J34: =+[1]Resumen!J34*1000 -> 27876.462 | K34: =+[1]Resumen!K34*1000 -> 25866.55 | L34: =+[1]Resumen!L34*1000 -> 28362.453 | M34: =+[1]Resumen!M34*1000 -> 25236.247 | ... AC34: =+[1]Resumen!AC34*1000 -> 24120.472
C35: Ago | D35: Ordinario | E35: 21 | F35: =+[1]Resumen!F35*1000 -> 35088.724 | G35: =+[1]Resumen!G35*1000 -> 30172.253 | H35: =+[1]Resumen!H35*1000 -> 27238.442 | I35: =+[1]Resumen!I35*1000 -> 26927.832 | J35: =+[1]Resumen!J35*1000 -> 30454.288 | K35: =+[1]Resumen!K35*1000 -> 43620.265 | L35: =+[1]Resumen!L35*1000 -> 53613.085 | M35: =+[1]Resumen!M35*1000 -> 49126.894 | ... AC35: =+[1]Resumen!AC35*1000 -> 24852.056 | AD35: =SUM(F35:AC35)*E35+SUM(F36:AC36)*E36+SUM(F37:AC37)*E37+SUM(F38:AC38)*E38 -> 33336329
D36: Sábado | E36: 3 | F36: =+[1]Resumen!F36*1000 -> 35089.231 | G36: =+[1]Resumen!G36*1000 -> 30069.087 | H36: =+[1]Resumen!H36*1000 -> 27106.336 | I36: =+[1]Resumen!I36*1000 -> 25327.471 | J36: =+[1]Resumen!J36*1000 -> 27339.716 | K36: =+[1]Resumen!K36*1000 -> 30700.518 | L36: =+[1]Resumen!L36*1000 -> 38204.549 | M36: =+[1]Resumen!M36*1000 -> 38629.059 | ... AC36: =+[1]Resumen!AC36*1000 -> 18339.122
D37: Domingo | E37: 5 | F37: =+[1]Resumen!F37*1000 -> 30382.339 | G37: =+[1]Resumen!G37*1000 -> 26150.149 | H37: =+[1]Resumen!H37*1000 -> 22557.868 | I37: =+[1]Resumen!I37*1000 -> 21173.485 | J37: =+[1]Resumen!J37*1000 -> 21601.121 | K37: =+[1]Resumen!K37*1000 -> 23962.09 | L37: =+[1]Resumen!L37*1000 -> 25643.088 | M37: =+[1]Resumen!M37*1000 -> 22962.331 | ... AC37: =+[1]Resumen!AC37*1000 -> 13322.732
D38: Festivo | E38: 2 | F38: =+[1]Resumen!F38*1000 -> 27244.322 | G38: =+[1]Resumen!G38*1000 -> 22522.035 | H38: =+[1]Resumen!H38*1000 -> 18433.676 | I38: =+[1]Resumen!I38*1000 -> 18016.71 | J38: =+[1]Resumen!J38*1000 -> 17837.45 | K38: =+[1]Resumen!K38*1000 -> 21322.147 | L38: =+[1]Resumen!L38*1000 -> 24853.46 | M38: =+[1]Resumen!M38*1000 -> 20603.632 | ... AC38: =+[1]Resumen!AC38*1000 -> 13341.339
C39: Sep | D39: Ordinario | E39: 22 | F39: =+[1]Resumen!F39*1000 -> 45528.864 | G39: =+[1]Resumen!G39*1000 -> 41140.809 | H39: =+[1]Resumen!H39*1000 -> 38589.913 | I39: =+[1]Resumen!I39*1000 -> 38177.224 | J39: =+[1]Resumen!J39*1000 -> 41541.562 | K39: =+[1]Resumen!K39*1000 -> 55118.825 | L39: =+[1]Resumen!L39*1000 -> 64013.205 | M39: =+[1]Resumen!M39*1000 -> 57927.04 | ... AC39: =+[1]Resumen!AC39*1000 -> 33668.348 | AD39: =SUM(F39:AC39)*E39+SUM(F40:AC40)*E40+SUM(F41:AC41)*E41+SUM(F42:AC42)*E42 -> 40506338
D40: Sábado | E40: 4 | F40: =+[1]Resumen!F40*1000 -> 41601.758 | G40: =+[1]Resumen!G40*1000 -> 37419.336 | H40: =+[1]Resumen!H40*1000 -> 34569.532 | I40: =+[1]Resumen!I40*1000 -> 33397.393 | J40: =+[1]Resumen!J40*1000 -> 35662.845 | K40: =+[1]Resumen!K40*1000 -> 41505.623 | L40: =+[1]Resumen!L40*1000 -> 47772.394 | M40: =+[1]Resumen!M40*1000 -> 47055.738 | ... AC40: =+[1]Resumen!AC40*1000 -> 31817.277
D41: Domingo | E41: 4 | F41: =+[1]Resumen!F41*1000 -> 44723.543 | G41: =+[1]Resumen!G41*1000 -> 38784.716 | H41: =+[1]Resumen!H41*1000 -> 35176.828 | I41: =+[1]Resumen!I41*1000 -> 32810.97 | J41: =+[1]Resumen!J41*1000 -> 32841.809 | K41: =+[1]Resumen!K41*1000 -> 33743.131 | L41: =+[1]Resumen!L41*1000 -> 35968.813 | M41: =+[1]Resumen!M41*1000 -> 32295.471 | ... AC41: =+[1]Resumen!AC41*1000 -> 24134.662
D42: Festivo | E42: 0 | F42: =+[1]Resumen!F42*1000 -> 0 | G42: =+[1]Resumen!G42*1000 -> 0 | H42: =+[1]Resumen!H42*1000 -> 0 | I42: =+[1]Resumen!I42*1000 -> 0 | J42: =+[1]Resumen!J42*1000 -> 0 | K42: =+[1]Resumen!K42*1000 -> 0 | L42: =+[1]Resumen!L42*1000 -> 0 | M42: =+[1]Resumen!M42*1000 -> 0 | ... AC42: =+[1]Resumen!AC42*1000 -> 0
C43: Oct | D43: Ordinario | E43: 20 | F43: =+[1]Resumen!F43*1000 -> 42722.22 | G43: =+[1]Resumen!G43*1000 -> 38073.485 | H43: =+[1]Resumen!H43*1000 -> 36098.181 | I43: =+[1]Resumen!I43*1000 -> 35669.53 | J43: =+[1]Resumen!J43*1000 -> 38753.772 | K43: =+[1]Resumen!K43*1000 -> 50859.484 | L43: =+[1]Resumen!L43*1000 -> 59619.933 | M43: =+[1]Resumen!M43*1000 -> 54935.15 | ... AC43: =+[1]Resumen!AC43*1000 -> 31602.767 | AD43: =SUM(F43:AC43)*E43+SUM(F44:AC44)*E44+SUM(F45:AC45)*E45+SUM(F46:AC46)*E46 -> 38955128
D44: Sábado | E44: 5 | F44: =+[1]Resumen!F44*1000 -> 42184.356 | G44: =+[1]Resumen!G44*1000 -> 36795.621 | H44: =+[1]Resumen!H44*1000 -> 33523.408 | I44: =+[1]Resumen!I44*1000 -> 32106.766 | J44: =+[1]Resumen!J44*1000 -> 34240.109 | K44: =+[1]Resumen!K44*1000 -> 39263.196 | L44: =+[1]Resumen!L44*1000 -> 44327.054 | M44: =+[1]Resumen!M44*1000 -> 42867.128 | ... AC44: =+[1]Resumen!AC44*1000 -> 28902.052
D45: Domingo | E45: 5 | F45: =+[1]Resumen!F45*1000 -> 40757.32 | G45: =+[1]Resumen!G45*1000 -> 37160.166 | H45: =+[1]Resumen!H45*1000 -> 33953.14 | I45: =+[1]Resumen!I45*1000 -> 31960.79 | J45: =+[1]Resumen!J45*1000 -> 31881.015 | K45: =+[1]Resumen!K45*1000 -> 33894.252 | L45: =+[1]Resumen!L45*1000 -> 34893.168 | M45: =+[1]Resumen!M45*1000 -> 31379.796 | ... AC45: =+[1]Resumen!AC45*1000 -> 24060.411
D46: Festivo | E46: 1 | F46: =+[1]Resumen!F46*1000 -> 35595.532 | G46: =+[1]Resumen!G46*1000 -> 31502.435 | H46: =+[1]Resumen!H46*1000 -> 27825.031 | I46: =+[1]Resumen!I46*1000 -> 27199.409 | J46: =+[1]Resumen!J46*1000 -> 27649.717 | K46: =+[1]Resumen!K46*1000 -> 31263.524 | L46: =+[1]Resumen!L46*1000 -> 32181.87 | M46: =+[1]Resumen!M46*1000 -> 27663.503 | ... AC46: =+[1]Resumen!AC46*1000 -> 18273.671
C47: Nov | D47: Ordinario | E47: 20 | F47: =+[1]Resumen!F47*1000 -> 44906.416 | G47: =+[1]Resumen!G47*1000 -> 40346.481 | H47: =+[1]Resumen!H47*1000 -> 37646.612 | I47: =+[1]Resumen!I47*1000 -> 37162.949 | J47: =+[1]Resumen!J47*1000 -> 40272.82 | K47: =+[1]Resumen!K47*1000 -> 52301.632 | L47: =+[1]Resumen!L47*1000 -> 62212.898 | M47: =+[1]Resumen!M47*1000 -> 57075.155 | ... AC47: =+[1]Resumen!AC47*1000 -> 33643.299 | AD47: =SUM(F47:AC47)*E47+SUM(F48:AC48)*E48+SUM(F49:AC49)*E49+SUM(F50:AC50)*E50 -> 39641632
D48: Sábado | E48: 4 | F48: =+[1]Resumen!F48*1000 -> 43761.586 | G48: =+[1]Resumen!G48*1000 -> 38228.568 | H48: =+[1]Resumen!H48*1000 -> 35346.891 | I48: =+[1]Resumen!I48*1000 -> 34452.362 | J48: =+[1]Resumen!J48*1000 -> 36151.244 | K48: =+[1]Resumen!K48*1000 -> 40847.014 | L48: =+[1]Resumen!L48*1000 -> 47063.083 | M48: =+[1]Resumen!M48*1000 -> 45855.46 | ... AC48: =+[1]Resumen!AC48*1000 -> 33534.68
D49: Domingo | E49: 4 | F49: =+[1]Resumen!F49*1000 -> 46313.805 | G49: =+[1]Resumen!G49*1000 -> 41947.865 | H49: =+[1]Resumen!H49*1000 -> 37995.851 | I49: =+[1]Resumen!I49*1000 -> 36416.675 | J49: =+[1]Resumen!J49*1000 -> 36332.393 | K49: =+[1]Resumen!K49*1000 -> 38102.236 | L49: =+[1]Resumen!L49*1000 -> 39037.317 | M49: =+[1]Resumen!M49*1000 -> 34184.321 | ... AC49: =+[1]Resumen!AC49*1000 -> 27426.208
D50: Festivo | E50: 2 | F50: =+[1]Resumen!F50*1000 -> 43776.619 | G50: =+[1]Resumen!G50*1000 -> 38032.515 | H50: =+[1]Resumen!H50*1000 -> 35198.886 | I50: =+[1]Resumen!I50*1000 -> 33449.987 | J50: =+[1]Resumen!J50*1000 -> 34518.319 | K50: =+[1]Resumen!K50*1000 -> 36582.807 | L50: =+[1]Resumen!L50*1000 -> 37186.307 | M50: =+[1]Resumen!M50*1000 -> 33282.005 | ... AC50: =+[1]Resumen!AC50*1000 -> 27861.278
C51: Dic | D51: Ordinario | E51: 22 | F51: =+[1]Resumen!F51*1000 -> 51439.161 | G51: =+[1]Resumen!G51*1000 -> 45800.268 | H51: =+[1]Resumen!H51*1000 -> 42405.73 | I51: =+[1]Resumen!I51*1000 -> 41524.163 | J51: =+[1]Resumen!J51*1000 -> 43080.468 | K51: =+[1]Resumen!K51*1000 -> 51115.457 | L51: =+[1]Resumen!L51*1000 -> 59720.688 | M51: =+[1]Resumen!M51*1000 -> 58953.409 | ... AC51: =+[1]Resumen!AC51*1000 -> 42305.286 | AD51: =SUM(F51:AC51)*E51+SUM(F52:AC52)*E52+SUM(F53:AC53)*E53+SUM(F54:AC54)*E54 -> 44711423
D52: Sábado | E52: 3 | F52: =+[1]Resumen!F52*1000 -> 48950.032 | G52: =+[1]Resumen!G52*1000 -> 42636.379 | H52: =+[1]Resumen!H52*1000 -> 39229.892 | I52: =+[1]Resumen!I52*1000 -> 38343.183 | J52: =+[1]Resumen!J52*1000 -> 37802.937 | K52: =+[1]Resumen!K52*1000 -> 45865.418 | L52: =+[1]Resumen!L52*1000 -> 48377.469 | M52: =+[1]Resumen!M52*1000 -> 48435.732 | ... AC52: =+[1]Resumen!AC52*1000 -> 39787.736
D53: Domingo | E53: 4 | F53: =+[1]Resumen!F53*1000 -> 51957.779 | G53: =+[1]Resumen!G53*1000 -> 45842.517 | H53: =+[1]Resumen!H53*1000 -> 41657.68 | I53: =+[1]Resumen!I53*1000 -> 39550.928 | J53: =+[1]Resumen!J53*1000 -> 39514.434 | K53: =+[1]Resumen!K53*1000 -> 41990.357 | L53: =+[1]Resumen!L53*1000 -> 43739.605 | M53: =+[1]Resumen!M53*1000 -> 40700.664 | ... AC53: =+[1]Resumen!AC53*1000 -> 35092.344
D54: Festivo | E54: 2 | F54: =+[1]Resumen!F54*1000 -> 44495.224 | G54: =+[1]Resumen!G54*1000 -> 41012.274 | H54: =+[1]Resumen!H54*1000 -> 37095.363 | I54: =+[1]Resumen!I54*1000 -> 34668.764 | J54: =+[1]Resumen!J54*1000 -> 34090.555 | K54: =+[1]Resumen!K54*1000 -> 34908.685 | L54: =+[1]Resumen!L54*1000 -> 33271.249 | M54: =+[1]Resumen!M54*1000 -> 25775.496 | ... AC54: =+[1]Resumen!AC54*1000 -> 25954.76
Y55: TOTAL AÑO kWh | AD55: =SUM(AD7:AD54) -> 4.6141532e+08

Sheet Cantidades 2028
C2: CANTIDADES DE ENERGÍA SOLICITADAS (kWh)
C3: EMPRESAS PÚBLICAS DE MEDELLÍN E.S.P.
C4: 2028
C6: Mes | D6: Tipo Día | E6: Días | F6: H1 | G6: H2 | H6: H3 | I6: H4 | J6: H5 | K6: H6 | L6: H7 | M6: H8 | N6: H9 | O6: H10 | P6: H11 | Q6: H12 | R6: H13 | S6: H14 | T6: H15 | U6: H16 | V6: H17 | W6: H18 | X6: H19 | Y6: H20 | Z6: H21 | AA6: H22 | AB6: H23 | AC6: H24 | AD6: TOTAL MES
C7: Ene | D7: Ordinario | E7: 20 | F7: =+[2]Resumen!F7*1000 -> 74040.341 | G7: =+[2]Resumen!G7*1000 -> 62593.148 | H7: =+[2]Resumen!H7*1000 -> 55846.897 | I7: =+[2]Resumen!I7*1000 -> 55002.529 | J7: =+[2]Resumen!J7*1000 -> 67163.652 | K7: =+[2]Resumen!K7*1000 -> 93269.859 | L7: =+[2]Resumen!L7*1000 -> 122335.52 | M7: =+[2]Resumen!M7*1000 -> 128313.99 | ... AC7: =+[2]Resumen!AC7*1000 -> 74090.195 | AD7: =SUM(F7:AC7)*E7+SUM(F8:AC8)*E8+SUM(F9:AC9)*E9+SUM(F10:AC10)*E10 -> 93960932
D8: Sábado | E8: 4 | F8: =+[2]Resumen!F8*1000 -> 82065.019 | G8: =+[2]Resumen!G8*1000 -> 68304.639 | H8: =+[2]Resumen!H8*1000 -> 60288.156 | I8: =+[2]Resumen!I8*1000 -> 57095.06 | J8: =+[2]Resumen!J8*1000 -> 62884.607 | K8: =+[2]Resumen!K8*1000 -> 76217.862 | L8: =+[2]Resumen!L8*1000 -> 96001.036 | M8: =+[2]Resumen!M8*1000 -> 103611.16 | ... AC8: =+[2]Resumen!AC8*1000 -> 76753.161
D9: Domingo | E9: 5 | F9: =+[2]Resumen!F9*1000 -> 80798.476 | G9: =+[2]Resumen!G9*1000 -> 66381.665 | H9: =+[2]Resumen!H9*1000 -> 57035.044 | I9: =+[2]Resumen!I9*1000 -> 52381.321 | J9: =+[2]Resumen!J9*1000 -> 53407.841 | K9: =+[2]Resumen!K9*1000 -> 59164.634 | L9: =+[2]Resumen!L9*1000 -> 67157.418 | M9: =+[2]Resumen!M9*1000 -> 67579.973 | ... AC9: =+[2]Resumen!AC9*1000 -> 63188.164
D10: Festivo | E10: 2 | F10: =+[2]Resumen!F10*1000 -> 85507.994 | G10: =+[2]Resumen!G10*1000 -> 75103.491 | H10: =+[2]Resumen!H10*1000 -> 67074.881 | I10: =+[2]Resumen!I10*1000 -> 59592.939 | J10: =+[2]Resumen!J10*1000 -> 59302.126 | K10: =+[2]Resumen!K10*1000 -> 61732.99 | L10: =+[2]Resumen!L10*1000 -> 65045.52 | M10: =+[2]Resumen!M10*1000 -> 58823.086 | ... AC10: =+[2]Resumen!AC10*1000 -> 56203.167
C11: Feb | D11: Ordinario | E11: 21 | F11: =+[2]Resumen!F11*1000 -> 72519.999 | G11: =+[2]Resumen!G11*1000 -> 60708.686 | H11: =+[2]Resumen!H11*1000 -> 55035.116 | I11: =+[2]Resumen!I11*1000 -> 54989.185 | J11: =+[2]Resumen!J11*1000 -> 71754.034 | K11: =+[2]Resumen!K11*1000 -> 109886.86 | L11: =+[2]Resumen!L11*1000 -> 139370.93 | M11: =+[2]Resumen!M11*1000 -> 139259.1 | ... AC11: =+[2]Resumen!AC11*1000 -> 71468.334 | AD11: =SUM(F11:AC11)*E11+SUM(F12:AC12)*E12+SUM(F13:AC13)*E13+SUM(F14:AC14)*E14 -> 92294495
D12: Sábado | E12: 4 | F12: =+[2]Resumen!F12*1000 -> 85607.248 | G12: =+[2]Resumen!G12*1000 -> 71824.31 | H12: =+[2]Resumen!H12*1000 -> 63185.711 | I12: =+[2]Resumen!I12*1000 -> 61129.996 | J12: =+[2]Resumen!J12*1000 -> 67709.48 | K12: =+[2]Resumen!K12*1000 -> 79558.743 | L12: =+[2]Resumen!L12*1000 -> 103514.21 | M12: =+[2]Resumen!M12*1000 -> 114315.98 | ... AC12: =+[2]Resumen!AC12*1000 -> 74602.389
D13: Domingo | E13: 4 | F13: =+[2]Resumen!F13*1000 -> 80738.1 | G13: =+[2]Resumen!G13*1000 -> 66168.4 | H13: =+[2]Resumen!H13*1000 -> 56805.832 | I13: =+[2]Resumen!I13*1000 -> 51738.138 | J13: =+[2]Resumen!J13*1000 -> 52662.27 | K13: =+[2]Resumen!K13*1000 -> 57221.353 | L13: =+[2]Resumen!L13*1000 -> 66821.106 | M13: =+[2]Resumen!M13*1000 -> 68062.964 | ... AC13: =+[2]Resumen!AC13*1000 -> 57067.267
D14: Festivo | E14: 0 | F14: =+[2]Resumen!F14*1000 -> 0 | G14: =+[2]Resumen!G14*1000 -> 0 | H14: =+[2]Resumen!H14*1000 -> 0 | I14: =+[2]Resumen!I14*1000 -> 0 | J14: =+[2]Resumen!J14*1000 -> 0 | K14: =+[2]Resumen!K14*1000 -> 0 | L14: =+[2]Resumen!L14*1000 -> 0 | M14: =+[2]Resumen!M14*1000 -> 0 | ... AC14: =+[2]Resumen!AC14*1000 -> 0
C15: Mar | D15: Ordinario | E15: 22 | F15: =+[2]Resumen!F15*1000 -> 75406.387 | G15: =+[2]Resumen!G15*1000 -> 64055.875 | H15: =+[2]Resumen!H15*1000 -> 58179.107 | I15: =+[2]Resumen!I15*1000 -> 58331.825 | J15: =+[2]Resumen!J15*1000 -> 74776.408 | K15: =+[2]Resumen!K15*1000 -> 111526.37 | L15: =+[2]Resumen!L15*1000 -> 139708.71 | M15: =+[2]Resumen!M15*1000 -> 142130.47 | ... AC15: =+[2]Resumen!AC15*1000 -> 73919.501 | AD15: =SUM(F15:AC15)*E15+SUM(F16:AC16)*E16+SUM(F17:AC17)*E17+SUM(F18:AC18)*E18 -> 1.0131428e+08
D16: Sábado | E16: 4 | F16: =+[2]Resumen!F16*1000 -> 81261.18 | G16: =+[2]Resumen!G16*1000 -> 68415.04 | H16: =+[2]Resumen!H16*1000 -> 60575.002 | I16: =+[2]Resumen!I16*1000 -> 58973.034 | J16: =+[2]Resumen!J16*1000 -> 67441.704 | K16: =+[2]Resumen!K16*1000 -> 83945.391 | L16: =+[2]Resumen!L16*1000 -> 107805.94 | M16: =+[2]Resumen!M16*1000 -> 121987.23 | ... AC16: =+[2]Resumen!AC16*1000 -> 80734.26
D17: Domingo | E17: 4 | F17: =+[2]Resumen!F17*1000 -> 82287.898 | G17: =+[2]Resumen!G17*1000 -> 67993.377 | H17: =+[2]Resumen!H17*1000 -> 58435.553 | I17: =+[2]Resumen!I17*1000 -> 53874.298 | J17: =+[2]Resumen!J17*1000 -> 54975.362 | K17: =+[2]Resumen!K17*1000 -> 60677.109 | L17: =+[2]Resumen!L17*1000 -> 69856.51 | M17: =+[2]Resumen!M17*1000 -> 75930.113 | ... AC17: =+[2]Resumen!AC17*1000 -> 64858.93
D18: Festivo | E18: 1 | F18: =+[2]Resumen!F18*1000 -> 91445.314 | G18: =+[2]Resumen!G18*1000 -> 77279.899 | H18: =+[2]Resumen!H18*1000 -> 68316.413 | I18: =+[2]Resumen!I18*1000 -> 64371.972 | J18: =+[2]Resumen!J18*1000 -> 67276.447 | K18: =+[2]Resumen!K18*1000 -> 72963.732 | L18: =+[2]Resumen!L18*1000 -> 81256.532 | M18: =+[2]Resumen!M18*1000 -> 87565.548 | ... AC18: =+[2]Resumen!AC18*1000 -> 76160.902
C19: Abr | D19: Ordinario | E19: 18 | F19: =+[2]Resumen!F19*1000 -> 76681.835 | G19: =+[2]Resumen!G19*1000 -> 64783.213 | H19: =+[2]Resumen!H19*1000 -> 58864.199 | I19: =+[2]Resumen!I19*1000 -> 59070.845 | J19: =+[2]Resumen!J19*1000 -> 74597.974 | K19: =+[2]Resumen!K19*1000 -> 107229.16 | L19: =+[2]Resumen!L19*1000 -> 135644.17 | M19: =+[2]Resumen!M19*1000 -> 140840.51 | ... AC19: =+[2]Resumen!AC19*1000 -> 77143.928 | AD19: =SUM(F19:AC19)*E19+SUM(F20:AC20)*E20+SUM(F21:AC21)*E21+SUM(F22:AC22)*E22 -> 95730393
D20: Sábado | E20: 5 | F20: =+[2]Resumen!F20*1000 -> 80677.985 | G20: =+[2]Resumen!G20*1000 -> 66646.932 | H20: =+[2]Resumen!H20*1000 -> 58728.858 | I20: =+[2]Resumen!I20*1000 -> 56953.268 | J20: =+[2]Resumen!J20*1000 -> 63831.165 | K20: =+[2]Resumen!K20*1000 -> 76791.388 | L20: =+[2]Resumen!L20*1000 -> 97748.845 | M20: =+[2]Resumen!M20*1000 -> 110066.1 | ... AC20: =+[2]Resumen!AC20*1000 -> 80638.728
D21: Domingo | E21: 5 | F21: =+[2]Resumen!F21*1000 -> 85097.416 | G21: =+[2]Resumen!G21*1000 -> 70310.686 | H21: =+[2]Resumen!H21*1000 -> 60793.014 | I21: =+[2]Resumen!I21*1000 -> 56560.895 | J21: =+[2]Resumen!J21*1000 -> 57837.714 | K21: =+[2]Resumen!K21*1000 -> 61234.1 | L21: =+[2]Resumen!L21*1000 -> 72062.32 | M21: =+[2]Resumen!M21*1000 -> 78513.799 | ... AC21: =+[2]Resumen!AC21*1000 -> 63757.422
D22: Festivo | E22: 2 | F22: =+[2]Resumen!F22*1000 -> 93447.52 | G22: =+[2]Resumen!G22*1000 -> 77940.194 | H22: =+[2]Resumen!H22*1000 -> 68100.553 | I22: =+[2]Resumen!I22*1000 -> 63576.356 | J22: =+[2]Resumen!J22*1000 -> 65461.496 | K22: =+[2]Resumen!K22*1000 -> 69306.727 | L22: =+[2]Resumen!L22*1000 -> 77683.804 | M22: =+[2]Resumen!M22*1000 -> 80974.445 | ... AC22: =+[2]Resumen!AC22*1000 -> 79103.065
C23: May | D23: Ordinario | E23: 21 | F23: =+[2]Resumen!F23*1000 -> 75560.718 | G23: =+[2]Resumen!G23*1000 -> 63544.945 | H23: =+[2]Resumen!H23*1000 -> 57552.303 | I23: =+[2]Resumen!I23*1000 -> 58028.941 | J23: =+[2]Resumen!J23*1000 -> 74392.441 | K23: =+[2]Resumen!K23*1000 -> 108919.43 | L23: =+[2]Resumen!L23*1000 -> 138975.54 | M23: =+[2]Resumen!M23*1000 -> 143820.19 | ... AC23: =+[2]Resumen!AC23*1000 -> 76031.066 | AD23: =SUM(F23:AC23)*E23+SUM(F24:AC24)*E24+SUM(F25:AC25)*E25+SUM(F26:AC26)*E26 -> 99950640
D24: Sábado | E24: 4 | F24: =+[2]Resumen!F24*1000 -> 83446.715 | G24: =+[2]Resumen!G24*1000 -> 69415.603 | H24: =+[2]Resumen!H24*1000 -> 61958.117 | I24: =+[2]Resumen!I24*1000 -> 59579.956 | J24: =+[2]Resumen!J24*1000 -> 66301.993 | K24: =+[2]Resumen!K24*1000 -> 77858.045 | L24: =+[2]Resumen!L24*1000 -> 100610.79 | M24: =+[2]Resumen!M24*1000 -> 114600.25 | ... AC24: =+[2]Resumen!AC24*1000 -> 78772.606
D25: Domingo | E25: 4 | F25: =+[2]Resumen!F25*1000 -> 80525.834 | G25: =+[2]Resumen!G25*1000 -> 66624.66 | H25: =+[2]Resumen!H25*1000 -> 56820.333 | I25: =+[2]Resumen!I25*1000 -> 51958.096 | J25: =+[2]Resumen!J25*1000 -> 51232.162 | K25: =+[2]Resumen!K25*1000 -> 53057.032 | L25: =+[2]Resumen!L25*1000 -> 62306.448 | M25: =+[2]Resumen!M25*1000 -> 68159.459 | ... AC25: =+[2]Resumen!AC25*1000 -> 59434.45
D26: Festivo | E26: 2 | F26: =+[2]Resumen!F26*1000 -> 74259.8 | G26: =+[2]Resumen!G26*1000 -> 60772.581 | H26: =+[2]Resumen!H26*1000 -> 53048.968 | I26: =+[2]Resumen!I26*1000 -> 50573.404 | J26: =+[2]Resumen!J26*1000 -> 57573.065 | K26: =+[2]Resumen!K26*1000 -> 68620.062 | L26: =+[2]Resumen!L26*1000 -> 80716.351 | M26: =+[2]Resumen!M26*1000 -> 87879.366 | ... AC26: =+[2]Resumen!AC26*1000 -> 60559.788
C27: Jun | D27: Ordinario | E27: 20 | F27: =+[2]Resumen!F27*1000 -> 68905.993 | G27: =+[2]Resumen!G27*1000 -> 56855.211 | H27: =+[2]Resumen!H27*1000 -> 50683.021 | I27: =+[2]Resumen!I27*1000 -> 50619.252 | J27: =+[2]Resumen!J27*1000 -> 63597.879 | K27: =+[2]Resumen!K27*1000 -> 89115.842 | L27: =+[2]Resumen!L27*1000 -> 118187.93 | M27: =+[2]Resumen!M27*1000 -> 128123.06 | ... AC27: =+[2]Resumen!AC27*1000 -> 67079.87 | AD27: =SUM(F27:AC27)*E27+SUM(F28:AC28)*E28+SUM(F29:AC29)*E29+SUM(F30:AC30)*E30 -> 88752437
D28: Sábado | E28: 4 | F28: =+[2]Resumen!F28*1000 -> 75005.72 | G28: =+[2]Resumen!G28*1000 -> 61299.177 | H28: =+[2]Resumen!H28*1000 -> 52786.284 | I28: =+[2]Resumen!I28*1000 -> 50561.139 | J28: =+[2]Resumen!J28*1000 -> 57056.528 | K28: =+[2]Resumen!K28*1000 -> 68806.422 | L28: =+[2]Resumen!L28*1000 -> 91862.732 | M28: =+[2]Resumen!M28*1000 -> 105932.9 | ... AC28: =+[2]Resumen!AC28*1000 -> 72074.451
D29: Domingo | E29: 4 | F29: =+[2]Resumen!F29*1000 -> 78440.495 | G29: =+[2]Resumen!G29*1000 -> 64806.658 | H29: =+[2]Resumen!H29*1000 -> 55305.682 | I29: =+[2]Resumen!I29*1000 -> 51321.908 | J29: =+[2]Resumen!J29*1000 -> 52224.818 | K29: =+[2]Resumen!K29*1000 -> 54902.669 | L29: =+[2]Resumen!L29*1000 -> 63367.352 | M29: =+[2]Resumen!M29*1000 -> 67690.129 | ... AC29: =+[2]Resumen!AC29*1000 -> 61313.226
D30: Festivo | E30: 2 | F30: =+[2]Resumen!F30*1000 -> 70180.791 | G30: =+[2]Resumen!G30*1000 -> 57070.232 | H30: =+[2]Resumen!H30*1000 -> 48875.37 | I30: =+[2]Resumen!I30*1000 -> 45614.641 | J30: =+[2]Resumen!J30*1000 -> 47852.658 | K30: =+[2]Resumen!K30*1000 -> 52801.233 | L30: =+[2]Resumen!L30*1000 -> 61306.798 | M30: =+[2]Resumen!M30*1000 -> 65070.835 | ... AC30: =+[2]Resumen!AC30*1000 -> 58632.593
C31: Jul | D31: Ordinario | E31: 19 | F31: =+[2]Resumen!F31*1000 -> 66015.9 | G31: =+[2]Resumen!G31*1000 -> 53255.884 | H31: =+[2]Resumen!H31*1000 -> 46226.021 | I31: =+[2]Resumen!I31*1000 -> 45729.247 | J31: =+[2]Resumen!J31*1000 -> 59336.679 | K31: =+[2]Resumen!K31*1000 -> 88734.717 | L31: =+[2]Resumen!L31*1000 -> 117865.76 | M31: =+[2]Resumen!M31*1000 -> 125592.55 | ... AC31: =+[2]Resumen!AC31*1000 -> 65447.958 | AD31: =SUM(F31:AC31)*E31+SUM(F32:AC32)*E32+SUM(F33:AC33)*E33+SUM(F34:AC34)*E34 -> 88100350
D32: Sábado | E32: 5 | F32: =+[2]Resumen!F32*1000 -> 70414.108 | G32: =+[2]Resumen!G32*1000 -> 56527.729 | H32: =+[2]Resumen!H32*1000 -> 48235.738 | I32: =+[2]Resumen!I32*1000 -> 45154.937 | J32: =+[2]Resumen!J32*1000 -> 51772.858 | K32: =+[2]Resumen!K32*1000 -> 64447.76 | L32: =+[2]Resumen!L32*1000 -> 87187.569 | M32: =+[2]Resumen!M32*1000 -> 101466.84 | ... AC32: =+[2]Resumen!AC32*1000 -> 61170.435
D33: Domingo | E33: 5 | F33: =+[2]Resumen!F33*1000 -> 61566.834 | G33: =+[2]Resumen!G33*1000 -> 47091.045 | H33: =+[2]Resumen!H33*1000 -> 37709.082 | I33: =+[2]Resumen!I33*1000 -> 32991.064 | J33: =+[2]Resumen!J33*1000 -> 34758.415 | K33: =+[2]Resumen!K33*1000 -> 38515.248 | L33: =+[2]Resumen!L33*1000 -> 49464.402 | M33: =+[2]Resumen!M33*1000 -> 54602.269 | ... AC33: =+[2]Resumen!AC33*1000 -> 43499.275
D34: Festivo | E34: 2 | F34: =+[2]Resumen!F34*1000 -> 78909.695 | G34: =+[2]Resumen!G34*1000 -> 62812 | H34: =+[2]Resumen!H34*1000 -> 52704.829 | I34: =+[2]Resumen!I34*1000 -> 47458.724 | J34: =+[2]Resumen!J34*1000 -> 46712.832 | K34: =+[2]Resumen!K34*1000 -> 46806.989 | L34: =+[2]Resumen!L34*1000 -> 56848.795 | M34: =+[2]Resumen!M34*1000 -> 61959.06 | ... AC34: =+[2]Resumen!AC34*1000 -> 62306.98
C35: Ago | D35: Ordinario | E35: 21 | F35: =+[2]Resumen!F35*1000 -> 63613.093 | G35: =+[2]Resumen!G35*1000 -> 50783.352 | H35: =+[2]Resumen!H35*1000 -> 43824.725 | I35: =+[2]Resumen!I35*1000 -> 43349.858 | J35: =+[2]Resumen!J35*1000 -> 58610.812 | K35: =+[2]Resumen!K35*1000 -> 91390.6 | L35: =+[2]Resumen!L35*1000 -> 121758.6 | M35: =+[2]Resumen!M35*1000 -> 126878.17 | ... AC35: =+[2]Resumen!AC35*1000 -> 63956.753 | AD35: =SUM(F35:AC35)*E35+SUM(F36:AC36)*E36+SUM(F37:AC37)*E37+SUM(F38:AC38)*E38 -> 89084306
D36: Sábado | E36: 4 | F36: =+[2]Resumen!F36*1000 -> 68546.216 | G36: =+[2]Resumen!G36*1000 -> 55084.384 | H36: =+[2]Resumen!H36*1000 -> 46972.718 | I36: =+[2]Resumen!I36*1000 -> 44206.464 | J36: =+[2]Resumen!J36*1000 -> 51446.695 | K36: =+[2]Resumen!K36*1000 -> 63622.87 | L36: =+[2]Resumen!L36*1000 -> 86890.447 | M36: =+[2]Resumen!M36*1000 -> 101465 | ... AC36: =+[2]Resumen!AC36*1000 -> 58894.959
D37: Domingo | E37: 4 | F37: =+[2]Resumen!F37*1000 -> 64046.095 | G37: =+[2]Resumen!G37*1000 -> 50204.402 | H37: =+[2]Resumen!H37*1000 -> 40452.659 | I37: =+[2]Resumen!I37*1000 -> 36174.458 | J37: =+[2]Resumen!J37*1000 -> 38112.563 | K37: =+[2]Resumen!K37*1000 -> 43693.854 | L37: =+[2]Resumen!L37*1000 -> 51635.009 | M37: =+[2]Resumen!M37*1000 -> 57040.525 | ... AC37: =+[2]Resumen!AC37*1000 -> 47913.601
D38: Festivo | E38: 2 | F38: =+[2]Resumen!F38*1000 -> 58669.334 | G38: =+[2]Resumen!G38*1000 -> 44672.168 | H38: =+[2]Resumen!H38*1000 -> 35101.333 | I38: =+[2]Resumen!I38*1000 -> 33104.12 | J38: =+[2]Resumen!J38*1000 -> 35605.145 | K38: =+[2]Resumen!K38*1000 -> 44037.993 | L38: =+[2]Resumen!L38*1000 -> 56311.535 | M38: =+[2]Resumen!M38*1000 -> 60543.464 | ... AC38: =+[2]Resumen!AC38*1000 -> 47547.563
C39: Sep | D39: Ordinario | E39: 21 | F39: =+[2]Resumen!F39*1000 -> 60745.942 | G39: =+[2]Resumen!G39*1000 -> 48729.488 | H39: =+[2]Resumen!H39*1000 -> 42472.707 | I39: =+[2]Resumen!I39*1000 -> 42087.31 | J39: =+[2]Resumen!J39*1000 -> 57271.497 | K39: =+[2]Resumen!K39*1000 -> 90815.557 | L39: =+[2]Resumen!L39*1000 -> 119966.36 | M39: =+[2]Resumen!M39*1000 -> 123254.76 | ... AC39: =+[2]Resumen!AC39*1000 -> 59379.19 | AD39: =SUM(F39:AC39)*E39+SUM(F40:AC40)*E40+SUM(F41:AC41)*E41+SUM(F42:AC42)*E42 -> 85827980
D40: Sábado | E40: 5 | F40: =+[2]Resumen!F40*1000 -> 64727.941 | G40: =+[2]Resumen!G40*1000 -> 51652.961 | H40: =+[2]Resumen!H40*1000 -> 43292.834 | I40: =+[2]Resumen!I40*1000 -> 41113.343 | J40: =+[2]Resumen!J40*1000 -> 48890.481 | K40: =+[2]Resumen!K40*1000 -> 63709.81 | L40: =+[2]Resumen!L40*1000 -> 85284.172 | M40: =+[2]Resumen!M40*1000 -> 99020.826 | ... AC40: =+[2]Resumen!AC40*1000 -> 61042.378
D41: Domingo | E41: 4 | F41: =+[2]Resumen!F41*1000 -> 65865.108 | G41: =+[2]Resumen!G41*1000 -> 50124.127 | H41: =+[2]Resumen!H41*1000 -> 40788.226 | I41: =+[2]Resumen!I41*1000 -> 35832.007 | J41: =+[2]Resumen!J41*1000 -> 36503.803 | K41: =+[2]Resumen!K41*1000 -> 40128.316 | L41: =+[2]Resumen!L41*1000 -> 48715.467 | M41: =+[2]Resumen!M41*1000 -> 52992.467 | ... AC41: =+[2]Resumen!AC41*1000 -> 43464.282
D42: Festivo | E42: 0 | F42: =+[2]Resumen!F42*1000 -> 0 | G42: =+[2]Resumen!G42*1000 -> 0 | H42: =+[2]Resumen!H42*1000 -> 0 | I42: =+[2]Resumen!I42*1000 -> 0 | J42: =+[2]Resumen!J42*1000 -> 0 | K42: =+[2]Resumen!K42*1000 -> 0 | L42: =+[2]Resumen!L42*1000 -> 0 | M42: =+[2]Resumen!M42*1000 -> 0 | ... AC42: =+[2]Resumen!AC42*1000 -> 0
C43: Oct | D43: Ordinario | E43: 21 | F43: =+[2]Resumen!F43*1000 -> 55218.397 | G43: =+[2]Resumen!G43*1000 -> 43167.366 | H43: =+[2]Resumen!H43*1000 -> 37655.82 | I43: =+[2]Resumen!I43*1000 -> 37275.388 | J43: =+[2]Resumen!J43*1000 -> 52395.929 | K43: =+[2]Resumen!K43*1000 -> 83381.104 | L43: =+[2]Resumen!L43*1000 -> 112106.57 | M43: =+[2]Resumen!M43*1000 -> 117849.99 | ... AC43: =+[2]Resumen!AC43*1000 -> 54692.273 | AD43: =SUM(F43:AC43)*E43+SUM(F44:AC44)*E44+SUM(F45:AC45)*E45+SUM(F46:AC46)*E46 -> 83618192
D44: Sábado | E44: 4 | F44: =+[2]Resumen!F44*1000 -> 61273.017 | G44: =+[2]Resumen!G44*1000 -> 47313.028 | H44: =+[2]Resumen!H44*1000 -> 39348.108 | I44: =+[2]Resumen!I44*1000 -> 36777.71 | J44: =+[2]Resumen!J44*1000 -> 44647.32 | K44: =+[2]Resumen!K44*1000 -> 58094.687 | L44: =+[2]Resumen!L44*1000 -> 79204.015 | M44: =+[2]Resumen!M44*1000 -> 91659.442 | ... AC44: =+[2]Resumen!AC44*1000 -> 54434.912
D45: Domingo | E45: 5 | F45: =+[2]Resumen!F45*1000 -> 59033.954 | G45: =+[2]Resumen!G45*1000 -> 46502.9 | H45: =+[2]Resumen!H45*1000 -> 37856.05 | I45: =+[2]Resumen!I45*1000 -> 33310.03 | J45: =+[2]Resumen!J45*1000 -> 34766.06 | K45: =+[2]Resumen!K45*1000 -> 39197.886 | L45: =+[2]Resumen!L45*1000 -> 47510.572 | M45: =+[2]Resumen!M45*1000 -> 52416.988 | ... AC45: =+[2]Resumen!AC45*1000 -> 41682.608
D46: Festivo | E46: 1 | F46: =+[2]Resumen!F46*1000 -> 47468.152 | G46: =+[2]Resumen!G46*1000 -> 34984.203 | H46: =+[2]Resumen!H46*1000 -> 26571.218 | I46: =+[2]Resumen!I46*1000 -> 23262.548 | J46: =+[2]Resumen!J46*1000 -> 26805.134 | K46: =+[2]Resumen!K46*1000 -> 33480.153 | L46: =+[2]Resumen!L46*1000 -> 41874.477 | M46: =+[2]Resumen!M46*1000 -> 46058.18 | ... AC46: =+[2]Resumen!AC46*1000 -> 33920.783
C47: Nov | D47: Ordinario | E47: 20 | F47: =+[2]Resumen!F47*1000 -> 59785.121 | G47: =+[2]Resumen!G47*1000 -> 47797.442 | H47: =+[2]Resumen!H47*1000 -> 41260.973 | I47: =+[2]Resumen!I47*1000 -> 40849.475 | J47: =+[2]Resumen!J47*1000 -> 55985.305 | K47: =+[2]Resumen!K47*1000 -> 86549.11 | L47: =+[2]Resumen!L47*1000 -> 117490.82 | M47: =+[2]Resumen!M47*1000 -> 123415.74 | ... AC47: =+[2]Resumen!AC47*1000 -> 59478.103 | AD47: =SUM(F47:AC47)*E47+SUM(F48:AC48)*E48+SUM(F49:AC49)*E49+SUM(F50:AC50)*E50 -> 84749472
D48: Sábado | E48: 4 | F48: =+[2]Resumen!F48*1000 -> 65319.953 | G48: =+[2]Resumen!G48*1000 -> 50920.448 | H48: =+[2]Resumen!H48*1000 -> 42893.606 | I48: =+[2]Resumen!I48*1000 -> 41218.957 | J48: =+[2]Resumen!J48*1000 -> 48786.484 | K48: =+[2]Resumen!K48*1000 -> 62204.441 | L48: =+[2]Resumen!L48*1000 -> 85205.38 | M48: =+[2]Resumen!M48*1000 -> 98700.556 | ... AC48: =+[2]Resumen!AC48*1000 -> 63170.799
D49: Domingo | E49: 4 | F49: =+[2]Resumen!F49*1000 -> 68141.276 | G49: =+[2]Resumen!G49*1000 -> 54503.052 | H49: =+[2]Resumen!H49*1000 -> 44628.92 | I49: =+[2]Resumen!I49*1000 -> 40226.107 | J49: =+[2]Resumen!J49*1000 -> 41561.994 | K49: =+[2]Resumen!K49*1000 -> 46575.831 | L49: =+[2]Resumen!L49*1000 -> 54801.228 | M49: =+[2]Resumen!M49*1000 -> 58730.281 | ... AC49: =+[2]Resumen!AC49*1000 -> 50037.785
D50: Festivo | E50: 2 | F50: =+[2]Resumen!F50*1000 -> 58953.687 | G50: =+[2]Resumen!G50*1000 -> 45306.569 | H50: =+[2]Resumen!H50*1000 -> 37804.935 | I50: =+[2]Resumen!I50*1000 -> 34008.156 | J50: =+[2]Resumen!J50*1000 -> 37705.73 | K50: =+[2]Resumen!K50*1000 -> 44137.401 | L50: =+[2]Resumen!L50*1000 -> 50733.803 | M50: =+[2]Resumen!M50*1000 -> 55275.817 | ... AC50: =+[2]Resumen!AC50*1000 -> 44817.587
C51: Dic | D51: Ordinario | E51: 19 | F51: =+[2]Resumen!F51*1000 -> 73429.741 | G51: =+[2]Resumen!G51*1000 -> 58960.817 | H51: =+[2]Resumen!H51*1000 -> 50959.492 | I51: =+[2]Resumen!I51*1000 -> 49556.835 | J51: =+[2]Resumen!J51*1000 -> 61235.376 | K51: =+[2]Resumen!K51*1000 -> 83663.915 | L51: =+[2]Resumen!L51*1000 -> 110553.54 | M51: =+[2]Resumen!M51*1000 -> 123395.21 | ... AC51: =+[2]Resumen!AC51*1000 -> 76664.12 | AD51: =SUM(F51:AC51)*E51+SUM(F52:AC52)*E52+SUM(F53:AC53)*E53+SUM(F54:AC54)*E54 -> 91594946
D52: Sábado | E52: 5 | F52: =+[2]Resumen!F52*1000 -> 77810.79 | G52: =+[2]Resumen!G52*1000 -> 61748.399 | H52: =+[2]Resumen!H52*1000 -> 52553.323 | I52: =+[2]Resumen!I52*1000 -> 49781.621 | J52: =+[2]Resumen!J52*1000 -> 54149.901 | K52: =+[2]Resumen!K52*1000 -> 72133.543 | L52: =+[2]Resumen!L52*1000 -> 88771.58 | M52: =+[2]Resumen!M52*1000 -> 102196.58 | ... AC52: =+[2]Resumen!AC52*1000 -> 75283.034
D53: Domingo | E53: 5 | F53: =+[2]Resumen!F53*1000 -> 79004.866 | G53: =+[2]Resumen!G53*1000 -> 62963.74 | H53: =+[2]Resumen!H53*1000 -> 52170.874 | I53: =+[2]Resumen!I53*1000 -> 46904.602 | J53: =+[2]Resumen!J53*1000 -> 46676.567 | K53: =+[2]Resumen!K53*1000 -> 51396.151 | L53: =+[2]Resumen!L53*1000 -> 57242.032 | M53: =+[2]Resumen!M53*1000 -> 61102.378 | ... AC53: =+[2]Resumen!AC53*1000 -> 62087.58
D54: Festivo | E54: 2 | F54: =+[2]Resumen!F54*1000 -> 74596.104 | G54: =+[2]Resumen!G54*1000 -> 62531.638 | H54: =+[2]Resumen!H54*1000 -> 51886.287 | I54: =+[2]Resumen!I54*1000 -> 45201.562 | J54: =+[2]Resumen!J54*1000 -> 44142.228 | K54: =+[2]Resumen!K54*1000 -> 46523.722 | L54: =+[2]Resumen!L54*1000 -> 47285.676 | M54: =+[2]Resumen!M54*1000 -> 44002.663 | ... AC54: =+[2]Resumen!AC54*1000 -> 50233.228
Z55: TOTAL AÑO kWh | AD55: =SUM(AD7:AD54) -> 1.0949784e+09

Sheet Cantidades 2029
C2: CANTIDADES DE ENERGÍA SOLICITADAS (kWh)
C3: EMPRESAS PÚBLICAS DE MEDELLÍN E.S.P.
C4: 2029
C6: Mes | D6: Tipo Día | E6: Días | F6: H1 | G6: H2 | H6: H3 | I6: H4 | J6: H5 | K6: H6 | L6: H7 | M6: H8 | N6: H9 | O6: H10 | P6: H11 | Q6: H12 | R6: H13 | S6: H14 | T6: H15 | U6: H16 | V6: H17 | W6: H18 | X6: H19 | Y6: H20 | Z6: H21 | AA6: H22 | AB6: H23 | AC6: H24 | AD6: TOTAL MES
C7: Ene | D7: Ordinario | E7: 21 | F7: =+[3]Resumen!F7*1000 -> 108131.06 | G7: =+[3]Resumen!G7*1000 -> 95731.359 | H7: =+[3]Resumen!H7*1000 -> 88578.898 | I7: =+[3]Resumen!I7*1000 -> 87783.827 | J7: =+[3]Resumen!J7*1000 -> 100104.41 | K7: =+[3]Resumen!K7*1000 -> 128191.54 | L7: =+[3]Resumen!L7*1000 -> 159399.76 | M7: =+[3]Resumen!M7*1000 -> 164500.14 | ... AC7: =+[3]Resumen!AC7*1000 -> 122963.06 | AD7: =SUM(F7:AC7)*E7+SUM(F8:AC8)*E8+SUM(F9:AC9)*E9+SUM(F10:AC10)*E10 -> 1.2550018e+08
D8: Sábado | E8: 4 | F8: =+[3]Resumen!F8*1000 -> 115732.7 | G8: =+[3]Resumen!G8*1000 -> 100987.03 | H8: =+[3]Resumen!H8*1000 -> 92478.203 | I8: =+[3]Resumen!I8*1000 -> 89182.159 | J8: =+[3]Resumen!J8*1000 -> 95712.657 | K8: =+[3]Resumen!K8*1000 -> 110017.33 | L8: =+[3]Resumen!L8*1000 -> 131646.31 | M8: =+[3]Resumen!M8*1000 -> 138816.72 | ... AC8: =+[3]Resumen!AC8*1000 -> 124591.21
D9: Domingo | E9: 4 | F9: =+[3]Resumen!F9*1000 -> 114272.71 | G9: =+[3]Resumen!G9*1000 -> 98772.267 | H9: =+[3]Resumen!H9*1000 -> 88777.787 | I9: =+[3]Resumen!I9*1000 -> 83842.897 | J9: =+[3]Resumen!J9*1000 -> 85016.545 | K9: =+[3]Resumen!K9*1000 -> 91133.23 | L9: =+[3]Resumen!L9*1000 -> 100051.13 | M9: =+[3]Resumen!M9*1000 -> 99211.659 | ... AC9: =+[3]Resumen!AC9*1000 -> 110236.41
D10: Festivo | E10: 2 | F10: =+[3]Resumen!F10*1000 -> 119461.79 | G10: =+[3]Resumen!G10*1000 -> 108274.6 | H10: =+[3]Resumen!H10*1000 -> 99526.775 | I10: =+[3]Resumen!I10*1000 -> 91606.573 | J10: =+[3]Resumen!J10*1000 -> 91346.188 | K10: =+[3]Resumen!K10*1000 -> 93886.047 | L10: =+[3]Resumen!L10*1000 -> 97632.011 | M10: =+[3]Resumen!M10*1000 -> 89610.021 | ... AC10: =+[3]Resumen!AC10*1000 -> 102967.5
C11: Feb | D11: Ordinario | E11: 20 | F11: =+[3]Resumen!F11*1000 -> 116500.89 | G11: =+[3]Resumen!G11*1000 -> 103360.4 | H11: =+[3]Resumen!H11*1000 -> 96981.422 | I11: =+[3]Resumen!I11*1000 -> 96964.908 | J11: =+[3]Resumen!J11*1000 -> 114441.69 | K11: =+[3]Resumen!K11*1000 -> 156282.98 | L11: =+[3]Resumen!L11*1000 -> 188800.4 | M11: =+[3]Resumen!M11*1000 -> 187922.58 | ... AC11: =+[3]Resumen!AC11*1000 -> 130968.31 | AD11: =SUM(F11:AC11)*E11+SUM(F12:AC12)*E12+SUM(F13:AC13)*E13+SUM(F14:AC14)*E14 -> 1.2577248e+08
D12: Sábado | E12: 4 | F12: =+[3]Resumen!F12*1000 -> 129230.17 | G12: =+[3]Resumen!G12*1000 -> 114230.35 | H12: =+[3]Resumen!H12*1000 -> 104918.12 | I12: =+[3]Resumen!I12*1000 -> 103046.9 | J12: =+[3]Resumen!J12*1000 -> 111678.36 | K12: =+[3]Resumen!K12*1000 -> 127747.78 | L12: =+[3]Resumen!L12*1000 -> 155217.31 | M12: =+[3]Resumen!M12*1000 -> 165402.75 | ... AC12: =+[3]Resumen!AC12*1000 -> 134015.27
D13: Domingo | E13: 4 | F13: =+[3]Resumen!F13*1000 -> 124667.64 | G13: =+[3]Resumen!G13*1000 -> 108657.96 | H13: =+[3]Resumen!H13*1000 -> 98484.443 | I13: =+[3]Resumen!I13*1000 -> 93350.32 | J13: =+[3]Resumen!J13*1000 -> 95435.909 | K13: =+[3]Resumen!K13*1000 -> 101800.81 | L13: =+[3]Resumen!L13*1000 -> 114358.74 | M13: =+[3]Resumen!M13*1000 -> 116015.83 | ... AC13: =+[3]Resumen!AC13*1000 -> 115837.98
D14: Festivo | E14: 0 | F14: =+[3]Resumen!F14*1000 -> 0 | G14: =+[3]Resumen!G14*1000 -> 0 | H14: =+[3]Resumen!H14*1000 -> 0 | I14: =+[3]Resumen!I14*1000 -> 0 | J14: =+[3]Resumen!J14*1000 -> 0 | K14: =+[3]Resumen!K14*1000 -> 0 | L14: =+[3]Resumen!L14*1000 -> 0 | M14: =+[3]Resumen!M14*1000 -> 0 | ... AC14: =+[3]Resumen!AC14*1000 -> 0
C15: Mar | D15: Ordinario | E15: 19 | F15: =+[3]Resumen!F15*1000 -> 112667.85 | G15: =+[3]Resumen!G15*1000 -> 100434.21 | H15: =+[3]Resumen!H15*1000 -> 94133.057 | I15: =+[3]Resumen!I15*1000 -> 94374.35 | J15: =+[3]Resumen!J15*1000 -> 111589.42 | K15: =+[3]Resumen!K15*1000 -> 151880.66 | L15: =+[3]Resumen!L15*1000 -> 182660.72 | M15: =+[3]Resumen!M15*1000 -> 184104.09 | ... AC15: =+[3]Resumen!AC15*1000 -> 126508.77 | AD15: =SUM(F15:AC15)*E15+SUM(F16:AC16)*E16+SUM(F17:AC17)*E17+SUM(F18:AC18)*E18 -> 1.3431931e+08
D16: Sábado | E16: 5 | F16: =+[3]Resumen!F16*1000 -> 118704.13 | G16: =+[3]Resumen!G16*1000 -> 104793.22 | H16: =+[3]Resumen!H16*1000 -> 96394.229 | I16: =+[3]Resumen!I16*1000 -> 94776.901 | J16: =+[3]Resumen!J16*1000 -> 104263.73 | K16: =+[3]Resumen!K16*1000 -> 122217.3 | L16: =+[3]Resumen!L16*1000 -> 148530.69 | M16: =+[3]Resumen!M16*1000 -> 162720.57 | ... AC16: =+[3]Resumen!AC16*1000 -> 132452.94
D17: Domingo | E17: 4 | F17: =+[3]Resumen!F17*1000 -> 119435.62 | G17: =+[3]Resumen!G17*1000 -> 103927.65 | H17: =+[3]Resumen!H17*1000 -> 93760.123 | I17: =+[3]Resumen!I17*1000 -> 88819.201 | J17: =+[3]Resumen!J17*1000 -> 90202.92 | K17: =+[3]Resumen!K17*1000 -> 96596.825 | L17: =+[3]Resumen!L17*1000 -> 106780.71 | M17: =+[3]Resumen!M17*1000 -> 112115.31 | ... AC17: =+[3]Resumen!AC17*1000 -> 115238.65
D18: Festivo | E18: 3 | F18: =+[3]Resumen!F18*1000 -> 128481.04 | G18: =+[3]Resumen!G18*1000 -> 113112.42 | H18: =+[3]Resumen!H18*1000 -> 103533.97 | I18: =+[3]Resumen!I18*1000 -> 99471.836 | J18: =+[3]Resumen!J18*1000 -> 102598.24 | K18: =+[3]Resumen!K18*1000 -> 109219.42 | L18: =+[3]Resumen!L18*1000 -> 118385.52 | M18: =+[3]Resumen!M18*1000 -> 123284.19 | ... AC18: =+[3]Resumen!AC18*1000 -> 127083.17
C19: Abr | D19: Ordinario | E19: 21 | F19: =+[3]Resumen!F19*1000 -> 110863.9 | G19: =+[3]Resumen!G19*1000 -> 98176.141 | H19: =+[3]Resumen!H19*1000 -> 91853.927 | I19: =+[3]Resumen!I19*1000 -> 92084.431 | J19: =+[3]Resumen!J19*1000 -> 107805.64 | K19: =+[3]Resumen!K19*1000 -> 142598.85 | L19: =+[3]Resumen!L19*1000 -> 172998.15 | M19: =+[3]Resumen!M19*1000 -> 177656.78 | ... AC19: =+[3]Resumen!AC19*1000 -> 126220.36 | AD19: =SUM(F19:AC19)*E19+SUM(F20:AC20)*E20+SUM(F21:AC21)*E21+SUM(F22:AC22)*E22 -> 1.2816719e+08
D20: Sábado | E20: 4 | F20: =+[3]Resumen!F20*1000 -> 114424.24 | G20: =+[3]Resumen!G20*1000 -> 99520.384 | H20: =+[3]Resumen!H20*1000 -> 91109.948 | I20: =+[3]Resumen!I20*1000 -> 89347.403 | J20: =+[3]Resumen!J20*1000 -> 97188.556 | K20: =+[3]Resumen!K20*1000 -> 111294.22 | L20: =+[3]Resumen!L20*1000 -> 134098.74 | M20: =+[3]Resumen!M20*1000 -> 146041.71 | ... AC20: =+[3]Resumen!AC20*1000 -> 128767.63
D21: Domingo | E21: 5 | F21: =+[3]Resumen!F21*1000 -> 119032.23 | G21: =+[3]Resumen!G21*1000 -> 103270.83 | H21: =+[3]Resumen!H21*1000 -> 93305.067 | I21: =+[3]Resumen!I21*1000 -> 88900 | J21: =+[3]Resumen!J21*1000 -> 90653.569 | K21: =+[3]Resumen!K21*1000 -> 94810.061 | L21: =+[3]Resumen!L21*1000 -> 106766.45 | M21: =+[3]Resumen!M21*1000 -> 112529.57 | ... AC21: =+[3]Resumen!AC21*1000 -> 111542.9
D22: Festivo | E22: 0 | F22: =+[3]Resumen!F22*1000 -> 211200.85 | G22: =+[3]Resumen!G22*1000 -> 192832.67 | H22: =+[3]Resumen!H22*1000 -> 181468.8 | I22: =+[3]Resumen!I22*1000 -> 176314.59 | J22: =+[3]Resumen!J22*1000 -> 178887.75 | K22: =+[3]Resumen!K22*1000 -> 184152.94 | L22: =+[3]Resumen!L22*1000 -> 194805.2 | M22: =+[3]Resumen!M22*1000 -> 196114.96 | ... AC22: =+[3]Resumen!AC22*1000 -> 214317.13
C23: May | D23: Ordinario | E23: 21 | F23: =+[3]Resumen!F23*1000 -> 111665.93 | G23: =+[3]Resumen!G23*1000 -> 98680.12 | H23: =+[3]Resumen!H23*1000 -> 92135.565 | I23: =+[3]Resumen!I23*1000 -> 92563.332 | J23: =+[3]Resumen!J23*1000 -> 108669.42 | K23: =+[3]Resumen!K23*1000 -> 143961.44 | L23: =+[3]Resumen!L23*1000 -> 176443.44 | M23: =+[3]Resumen!M23*1000 -> 181896.78 | ... AC23: =+[3]Resumen!AC23*1000 -> 126935.17 | AD23: =SUM(F23:AC23)*E23+SUM(F24:AC24)*E24+SUM(F25:AC25)*E25+SUM(F26:AC26)*E26 -> 1.3282954e+08
D24: Sábado | E24: 4 | F24: =+[3]Resumen!F24*1000 -> 118922.53 | G24: =+[3]Resumen!G24*1000 -> 103924.51 | H24: =+[3]Resumen!H24*1000 -> 96032.564 | I24: =+[3]Resumen!I24*1000 -> 93648.151 | J24: =+[3]Resumen!J24*1000 -> 101474 | K24: =+[3]Resumen!K24*1000 -> 114229.84 | L24: =+[3]Resumen!L24*1000 -> 140026.38 | M24: =+[3]Resumen!M24*1000 -> 155040.9 | ... AC24: =+[3]Resumen!AC24*1000 -> 129489.87
D25: Domingo | E25: 4 | F25: =+[3]Resumen!F25*1000 -> 116486.08 | G25: =+[3]Resumen!G25*1000 -> 101425.95 | H25: =+[3]Resumen!H25*1000 -> 91176.137 | I25: =+[3]Resumen!I25*1000 -> 86298.366 | J25: =+[3]Resumen!J25*1000 -> 86408.717 | K25: =+[3]Resumen!K25*1000 -> 89155.891 | L25: =+[3]Resumen!L25*1000 -> 100561.4 | M25: =+[3]Resumen!M25*1000 -> 106304.23 | ... AC25: =+[3]Resumen!AC25*1000 -> 110010.07
D26: Festivo | E26: 2 | F26: =+[3]Resumen!F26*1000 -> 109070.58 | G26: =+[3]Resumen!G26*1000 -> 94748.433 | H26: =+[3]Resumen!H26*1000 -> 86312.753 | I26: =+[3]Resumen!I26*1000 -> 83659.793 | J26: =+[3]Resumen!J26*1000 -> 90902.443 | K26: =+[3]Resumen!K26*1000 -> 102165.65 | L26: =+[3]Resumen!L26*1000 -> 115415.88 | M26: =+[3]Resumen!M26*1000 -> 121985.45 | ... AC26: =+[3]Resumen!AC26*1000 -> 109535.57
C27: Jun | D27: Ordinario | E27: 19 | F27: =+[3]Resumen!F27*1000 -> 107622.53 | G27: =+[3]Resumen!G27*1000 -> 94557.666 | H27: =+[3]Resumen!H27*1000 -> 87936.529 | I27: =+[3]Resumen!I27*1000 -> 87928.207 | J27: =+[3]Resumen!J27*1000 -> 101432.68 | K27: =+[3]Resumen!K27*1000 -> 129441.33 | L27: =+[3]Resumen!L27*1000 -> 161253.95 | M27: =+[3]Resumen!M27*1000 -> 171147.17 | ... AC27: =+[3]Resumen!AC27*1000 -> 121045.39 | AD27: =SUM(F27:AC27)*E27+SUM(F28:AC28)*E28+SUM(F29:AC29)*E29+SUM(F30:AC30)*E30 -> 1.2235907e+08
D28: Sábado | E28: 5 | F28: =+[3]Resumen!F28*1000 -> 113336.53 | G28: =+[3]Resumen!G28*1000 -> 98621.33 | H28: =+[3]Resumen!H28*1000 -> 89492.85 | I28: =+[3]Resumen!I28*1000 -> 87109.313 | J28: =+[3]Resumen!J28*1000 -> 94631.908 | K28: =+[3]Resumen!K28*1000 -> 107634.69 | L28: =+[3]Resumen!L28*1000 -> 132844.37 | M28: =+[3]Resumen!M28*1000 -> 147029.18 | ... AC28: =+[3]Resumen!AC28*1000 -> 124206.38
D29: Domingo | E29: 4 | F29: =+[3]Resumen!F29*1000 -> 115837.27 | G29: =+[3]Resumen!G29*1000 -> 101063.85 | H29: =+[3]Resumen!H29*1000 -> 90946.461 | I29: =+[3]Resumen!I29*1000 -> 86646.613 | J29: =+[3]Resumen!J29*1000 -> 87789.987 | K29: =+[3]Resumen!K29*1000 -> 91037.935 | L29: =+[3]Resumen!L29*1000 -> 100858.72 | M29: =+[3]Resumen!M29*1000 -> 104457.99 | ... AC29: =+[3]Resumen!AC29*1000 -> 112704.13
D30: Festivo | E30: 2 | F30: =+[3]Resumen!F30*1000 -> 107299.6 | G30: =+[3]Resumen!G30*1000 -> 93091.009 | H30: =+[3]Resumen!H30*1000 -> 84314.063 | I30: =+[3]Resumen!I30*1000 -> 80834.809 | J30: =+[3]Resumen!J30*1000 -> 83425.979 | K30: =+[3]Resumen!K30*1000 -> 88736.207 | L30: =+[3]Resumen!L30*1000 -> 98293.948 | M30: =+[3]Resumen!M30*1000 -> 101271.49 | ... AC30: =+[3]Resumen!AC30*1000 -> 109996.32
C31: Jul | D31: Ordinario | E31: 20 | F31: =+[3]Resumen!F31*1000 -> 118731.77 | G31: =+[3]Resumen!G31*1000 -> 104986.92 | H31: =+[3]Resumen!H31*1000 -> 97466.925 | I31: =+[3]Resumen!I31*1000 -> 96990.608 | J31: =+[3]Resumen!J31*1000 -> 110870.6 | K31: =+[3]Resumen!K31*1000 -> 142968.44 | L31: =+[3]Resumen!L31*1000 -> 174589.55 | M31: =+[3]Resumen!M31*1000 -> 181608.77 | ... AC31: =+[3]Resumen!AC31*1000 -> 133563.22 | AD31: =SUM(F31:AC31)*E31+SUM(F32:AC32)*E32+SUM(F33:AC33)*E33+SUM(F34:AC34)*E34 -> 1.3366753e+08
D32: Sábado | E32: 4 | F32: =+[3]Resumen!F32*1000 -> 122873.75 | G32: =+[3]Resumen!G32*1000 -> 107923.2 | H32: =+[3]Resumen!H32*1000 -> 99034.927 | I32: =+[3]Resumen!I32*1000 -> 95812.418 | J32: =+[3]Resumen!J32*1000 -> 103148.77 | K32: =+[3]Resumen!K32*1000 -> 117077.71 | L32: =+[3]Resumen!L32*1000 -> 141894.25 | M32: =+[3]Resumen!M32*1000 -> 156220.24 | ... AC32: =+[3]Resumen!AC32*1000 -> 128435.52
D33: Domingo | E33: 5 | F33: =+[3]Resumen!F33*1000 -> 114461.54 | G33: =+[3]Resumen!G33*1000 -> 98926.722 | H33: =+[3]Resumen!H33*1000 -> 88785.462 | I33: =+[3]Resumen!I33*1000 -> 83629.108 | J33: =+[3]Resumen!J33*1000 -> 85515.758 | K33: =+[3]Resumen!K33*1000 -> 89537.839 | L33: =+[3]Resumen!L33*1000 -> 101297.66 | M33: =+[3]Resumen!M33*1000 -> 105370.66 | ... AC33: =+[3]Resumen!AC33*1000 -> 110002.67
D34: Festivo | E34: 2 | F34: =+[3]Resumen!F34*1000 -> 131393.29 | G34: =+[3]Resumen!G34*1000 -> 114445.95 | H34: =+[3]Resumen!H34*1000 -> 103569.27 | I34: =+[3]Resumen!I34*1000 -> 98094.36 | J34: =+[3]Resumen!J34*1000 -> 97833.923 | K34: =+[3]Resumen!K34*1000 -> 98684.602 | L34: =+[3]Resumen!L34*1000 -> 109586.99 | M34: =+[3]Resumen!M34*1000 -> 113951.98 | ... AC34: =+[3]Resumen!AC34*1000 -> 127784.64
C35: Ago | D35: Ordinario | E35: 21 | F35: =+[3]Resumen!F35*1000 -> 116073.25 | G35: =+[3]Resumen!G35*1000 -> 102321.02 | H35: =+[3]Resumen!H35*1000 -> 94908.984 | I35: =+[3]Resumen!I35*1000 -> 94518.625 | J35: =+[3]Resumen!J35*1000 -> 109966.36 | K35: =+[3]Resumen!K35*1000 -> 145208.94 | L35: =+[3]Resumen!L35*1000 -> 178018.56 | M35: =+[3]Resumen!M35*1000 -> 182493.43 | ... AC35: =+[3]Resumen!AC35*1000 -> 131482.17 | AD35: =SUM(F35:AC35)*E35+SUM(F36:AC36)*E36+SUM(F37:AC37)*E37+SUM(F38:AC38)*E38 -> 1.3390988e+08
D36: Sábado | E36: 4 | F36: =+[3]Resumen!F36*1000 -> 120528.5 | G36: =+[3]Resumen!G36*1000 -> 106056.51 | H36: =+[3]Resumen!H36*1000 -> 97368.92 | I36: =+[3]Resumen!I36*1000 -> 94490.762 | J36: =+[3]Resumen!J36*1000 -> 102461.41 | K36: =+[3]Resumen!K36*1000 -> 115720.54 | L36: =+[3]Resumen!L36*1000 -> 140701.9 | M36: =+[3]Resumen!M36*1000 -> 155389.01 | ... AC36: =+[3]Resumen!AC36*1000 -> 124909.99
D37: Domingo | E37: 4 | F37: =+[3]Resumen!F37*1000 -> 115734.9 | G37: =+[3]Resumen!G37*1000 -> 100854.39 | H37: =+[3]Resumen!H37*1000 -> 90415.409 | I37: =+[3]Resumen!I37*1000 -> 85888.477 | J37: =+[3]Resumen!J37*1000 -> 87941.173 | K37: =+[3]Resumen!K37*1000 -> 93807.039 | L37: =+[3]Resumen!L37*1000 -> 102711.05 | M37: =+[3]Resumen!M37*1000 -> 107141.29 | ... AC37: =+[3]Resumen!AC37*1000 -> 113127.46
D38: Festivo | E38: 2 | F38: =+[3]Resumen!F38*1000 -> 110442.53 | G38: =+[3]Resumen!G38*1000 -> 95176.016 | H38: =+[3]Resumen!H38*1000 -> 85028.301 | I38: =+[3]Resumen!I38*1000 -> 82702.55 | J38: =+[3]Resumen!J38*1000 -> 85625.107 | K38: =+[3]Resumen!K38*1000 -> 94525.767 | L38: =+[3]Resumen!L38*1000 -> 107659.29 | M38: =+[3]Resumen!M38*1000 -> 111151.4 | ... AC38: =+[3]Resumen!AC38*1000 -> 113321.92
C39: Sep | D39: Ordinario | E39: 20 | F39: =+[3]Resumen!F39*1000 -> 115541.21 | G39: =+[3]Resumen!G39*1000 -> 102548.99 | H39: =+[3]Resumen!H39*1000 -> 95858.008 | I39: =+[3]Resumen!I39*1000 -> 95546.925 | J39: =+[3]Resumen!J39*1000 -> 111102.69 | K39: =+[3]Resumen!K39*1000 -> 147299.68 | L39: =+[3]Resumen!L39*1000 -> 179235.03 | M39: =+[3]Resumen!M39*1000 -> 182032.03 | ... AC39: =+[3]Resumen!AC39*1000 -> 129354.41 | AD39: =SUM(F39:AC39)*E39+SUM(F40:AC40)*E40+SUM(F41:AC41)*E41+SUM(F42:AC42)*E42 -> 1.3038233e+08
D40: Sábado | E40: 5 | F40: =+[3]Resumen!F40*1000 -> 119334.18 | G40: =+[3]Resumen!G40*1000 -> 105166.67 | H40: =+[3]Resumen!H40*1000 -> 96201.327 | I40: =+[3]Resumen!I40*1000 -> 93929.705 | J40: =+[3]Resumen!J40*1000 -> 102589.25 | K40: =+[3]Resumen!K40*1000 -> 118588.46 | L40: =+[3]Resumen!L40*1000 -> 142425.26 | M40: =+[3]Resumen!M40*1000 -> 156423.26 | ... AC40: =+[3]Resumen!AC40*1000 -> 130122.64
D41: Domingo | E41: 5 | F41: =+[3]Resumen!F41*1000 -> 120294.19 | G41: =+[3]Resumen!G41*1000 -> 103377.33 | H41: =+[3]Resumen!H41*1000 -> 93311.374 | I41: =+[3]Resumen!I41*1000 -> 87996.313 | J41: =+[3]Resumen!J41*1000 -> 88811.175 | K41: =+[3]Resumen!K41*1000 -> 92870.104 | L41: =+[3]Resumen!L41*1000 -> 102449.36 | M41: =+[3]Resumen!M41*1000 -> 105877.15 | ... AC41: =+[3]Resumen!AC41*1000 -> 111553.77
D42: Festivo | E42: 0 | F42: =+[3]Resumen!F42*1000 -> 0 | G42: =+[3]Resumen!G42*1000 -> 0 | H42: =+[3]Resumen!H42*1000 -> 0 | I42: =+[3]Resumen!I42*1000 -> 0 | J42: =+[3]Resumen!J42*1000 -> 0 | K42: =+[3]Resumen!K42*1000 -> 0 | L42: =+[3]Resumen!L42*1000 -> 0 | M42: =+[3]Resumen!M42*1000 -> 0 | ... AC42: =+[3]Resumen!AC42*1000 -> 0
C43: Oct | D43: Ordinario | E43: 22 | F43: =+[3]Resumen!F43*1000 -> 106308.45 | G43: =+[3]Resumen!G43*1000 -> 93370.837 | H43: =+[3]Resumen!H43*1000 -> 87412.85 | I43: =+[3]Resumen!I43*1000 -> 87086.552 | J43: =+[3]Resumen!J43*1000 -> 102450.61 | K43: =+[3]Resumen!K43*1000 -> 135467.23 | L43: =+[3]Resumen!L43*1000 -> 166632.79 | M43: =+[3]Resumen!M43*1000 -> 171887.35 | ... AC43: =+[3]Resumen!AC43*1000 -> 120774.55 | AD43: =SUM(F43:AC43)*E43+SUM(F44:AC44)*E44+SUM(F45:AC45)*E45+SUM(F46:AC46)*E46 -> 1.2826404e+08
D44: Sábado | E44: 4 | F44: =+[3]Resumen!F44*1000 -> 111846.56 | G44: =+[3]Resumen!G44*1000 -> 97086.595 | H44: =+[3]Resumen!H44*1000 -> 88639.094 | I44: =+[3]Resumen!I44*1000 -> 85960.751 | J44: =+[3]Resumen!J44*1000 -> 94580.563 | K44: =+[3]Resumen!K44*1000 -> 109083.9 | L44: =+[3]Resumen!L44*1000 -> 132246.55 | M44: =+[3]Resumen!M44*1000 -> 144599.36 | ... AC44: =+[3]Resumen!AC44*1000 -> 119285.59
D45: Domingo | E45: 4 | F45: =+[3]Resumen!F45*1000 -> 109331.07 | G45: =+[3]Resumen!G45*1000 -> 95717.055 | H45: =+[3]Resumen!H45*1000 -> 86433.715 | I45: =+[3]Resumen!I45*1000 -> 81601.364 | J45: =+[3]Resumen!J45*1000 -> 83256.532 | K45: =+[3]Resumen!K45*1000 -> 87862.355 | L45: =+[3]Resumen!L45*1000 -> 97250.078 | M45: =+[3]Resumen!M45*1000 -> 101365.41 | ... AC45: =+[3]Resumen!AC45*1000 -> 105666.22
D46: Festivo | E46: 1 | F46: =+[3]Resumen!F46*1000 -> 97444.406 | G46: =+[3]Resumen!G46*1000 -> 83954.608 | H46: =+[3]Resumen!H46*1000 -> 75010.686 | I46: =+[3]Resumen!I46*1000 -> 71492.123 | J46: =+[3]Resumen!J46*1000 -> 75330.677 | K46: =+[3]Resumen!K46*1000 -> 82216.597 | L46: =+[3]Resumen!L46*1000 -> 91668.272 | M46: =+[3]Resumen!M46*1000 -> 94943.26 | ... AC46: =+[3]Resumen!AC46*1000 -> 97769.249
C47: Nov | D47: Ordinario | E47: 20 | F47: =+[3]Resumen!F47*1000 -> 110224.31 | G47: =+[3]Resumen!G47*1000 -> 97334.724 | H47: =+[3]Resumen!H47*1000 -> 90352.258 | I47: =+[3]Resumen!I47*1000 -> 90030.79 | J47: =+[3]Resumen!J47*1000 -> 105459.01 | K47: =+[3]Resumen!K47*1000 -> 138408.23 | L47: =+[3]Resumen!L47*1000 -> 172015.21 | M47: =+[3]Resumen!M47*1000 -> 177592.16 | ... AC47: =+[3]Resumen!AC47*1000 -> 125057.57 | AD47: =SUM(F47:AC47)*E47+SUM(F48:AC48)*E48+SUM(F49:AC49)*E49+SUM(F50:AC50)*E50 -> 1.2692877e+08
D48: Sábado | E48: 4 | F48: =+[3]Resumen!F48*1000 -> 115586.85 | G48: =+[3]Resumen!G48*1000 -> 100208.94 | H48: =+[3]Resumen!H48*1000 -> 91623.317 | I48: =+[3]Resumen!I48*1000 -> 89846.847 | J48: =+[3]Resumen!J48*1000 -> 98351.056 | K48: =+[3]Resumen!K48*1000 -> 112906.14 | L48: =+[3]Resumen!L48*1000 -> 138227.62 | M48: =+[3]Resumen!M48*1000 -> 151777.9 | ... AC48: =+[3]Resumen!AC48*1000 -> 127430.85
D49: Domingo | E49: 4 | F49: =+[3]Resumen!F49*1000 -> 117851.49 | G49: =+[3]Resumen!G49*1000 -> 103079.37 | H49: =+[3]Resumen!H49*1000 -> 92598.254 | I49: =+[3]Resumen!I49*1000 -> 87928.355 | J49: =+[3]Resumen!J49*1000 -> 89536.289 | K49: =+[3]Resumen!K49*1000 -> 94915.919 | L49: =+[3]Resumen!L49*1000 -> 104248.51 | M49: =+[3]Resumen!M49*1000 -> 107668.1 | ... AC49: =+[3]Resumen!AC49*1000 -> 113612.31
D50: Festivo | E50: 2 | F50: =+[3]Resumen!F50*1000 -> 107896.64 | G50: =+[3]Resumen!G50*1000 -> 93397.705 | H50: =+[3]Resumen!H50*1000 -> 85312.86 | I50: =+[3]Resumen!I50*1000 -> 81347.249 | J50: =+[3]Resumen!J50*1000 -> 85488.028 | K50: =+[3]Resumen!K50*1000 -> 92349.003 | L50: =+[3]Resumen!L50*1000 -> 100094.08 | M50: =+[3]Resumen!M50*1000 -> 103817.22 | ... AC50: =+[3]Resumen!AC50*1000 -> 107805.47
C51: Dic | D51: Ordinario | E51: 20 | F51: =+[3]Resumen!F51*1000 -> 121796.3 | G51: =+[3]Resumen!G51*1000 -> 106269.95 | H51: =+[3]Resumen!H51*1000 -> 97722.816 | I51: =+[3]Resumen!I51*1000 -> 96253.095 | J51: =+[3]Resumen!J51*1000 -> 107828.92 | K51: =+[3]Resumen!K51*1000 -> 131594.99 | L51: =+[3]Resumen!L51*1000 -> 160413.1 | M51: =+[3]Resumen!M51*1000 -> 172921.08 | ... AC51: =+[3]Resumen!AC51*1000 -> 140034.3 | AD51: =SUM(F51:AC51)*E51+SUM(F52:AC52)*E52+SUM(F53:AC53)*E53+SUM(F54:AC54)*E54 -> 1.3341815e+08
D52: Sábado | E52: 4 | F52: =+[3]Resumen!F52*1000 -> 125788.02 | G52: =+[3]Resumen!G52*1000 -> 108670.47 | H52: =+[3]Resumen!H52*1000 -> 98996.747 | I52: =+[3]Resumen!I52*1000 -> 96072.886 | J52: =+[3]Resumen!J52*1000 -> 101636.64 | K52: =+[3]Resumen!K52*1000 -> 121124.13 | L52: =+[3]Resumen!L52*1000 -> 140127.98 | M52: =+[3]Resumen!M52*1000 -> 153308.74 | ... AC52: =+[3]Resumen!AC52*1000 -> 137965.79
D53: Domingo | E53: 5 | F53: =+[3]Resumen!F53*1000 -> 126856.81 | G53: =+[3]Resumen!G53*1000 -> 109811.19 | H53: =+[3]Resumen!H53*1000 -> 98496.604 | I53: =+[3]Resumen!I53*1000 -> 93067.946 | J53: =+[3]Resumen!J53*1000 -> 93870.621 | K53: =+[3]Resumen!K53*1000 -> 99841.331 | L53: =+[3]Resumen!L53*1000 -> 107857.06 | M53: =+[3]Resumen!M53*1000 -> 111315.06 | ... AC53: =+[3]Resumen!AC53*1000 -> 124502.16
D54: Festivo | E54: 2 | F54: =+[3]Resumen!F54*1000 -> 123827.86 | G54: =+[3]Resumen!G54*1000 -> 110554.36 | H54: =+[3]Resumen!H54*1000 -> 99112.729 | I54: =+[3]Resumen!I54*1000 -> 91939.438 | J54: =+[3]Resumen!J54*1000 -> 90950.803 | K54: =+[3]Resumen!K54*1000 -> 93479.891 | L54: =+[3]Resumen!L54*1000 -> 94740.448 | M54: =+[3]Resumen!M54*1000 -> 90084.63 | ... AC54: =+[3]Resumen!AC54*1000 -> 112327.83
Z55: TOTAL AÑO kWh | AD55: =SUM(AD7:AD54) -> 1.5555185e+09

Sheet Cantidades 2030
C2: CANTIDADES DE ENERGÍA SOLICITADAS (kWh)
C3: EMPRESAS PÚBLICAS DE MEDELLÍN E.S.P.
C4: 2030
C6: Mes | D6: Tipo Día | E6: Días | F6: H1 | G6: H2 | H6: H3 | I6: H4 | J6: H5 | K6: H6 | L6: H7 | M6: H8 | N6: H9 | O6: H10 | P6: H11 | Q6: H12 | R6: H13 | S6: H14 | T6: H15 | U6: H16 | V6: H17 | W6: H18 | X6: H19 | Y6: H20 | Z6: H21 | AA6: H22 | AB6: H23 | AC6: H24 | AD6: TOTAL MES
C7: Ene | D7: Ordinario | E7: 21 | F7: =+[4]Resumen!F7*1000 -> 112739.97 | G7: =+[4]Resumen!G7*1000 -> 103779.61 | H7: =+[4]Resumen!H7*1000 -> 98635.076 | I7: =+[4]Resumen!I7*1000 -> 98062.913 | J7: =+[4]Resumen!J7*1000 -> 111097.92 | K7: =+[4]Resumen!K7*1000 -> 132061.66 | L7: =+[4]Resumen!L7*1000 -> 155226.58 | M7: =+[4]Resumen!M7*1000 -> 157822.1 | ... AC7: =+[4]Resumen!AC7*1000 -> 125133.55 | AD7: =SUM(F7:AC7)*E7+SUM(F8:AC8)*E8+SUM(F9:AC9)*E9+SUM(F10:AC10)*E10 -> 1.2077596e+08
D8: Sábado | E8: 4 | F8: =+[4]Resumen!F8*1000 -> 122702.85 | G8: =+[4]Resumen!G8*1000 -> 111689.43 | H8: =+[4]Resumen!H8*1000 -> 105357.94 | I8: =+[4]Resumen!I8*1000 -> 102948.76 | J8: =+[4]Resumen!J8*1000 -> 107880.7 | K8: =+[4]Resumen!K8*1000 -> 118561.25 | L8: =+[4]Resumen!L8*1000 -> 134832.09 | M8: =+[4]Resumen!M8*1000 -> 139120.94 | ... AC8: =+[4]Resumen!AC8*1000 -> 131074.47
D9: Domingo | E9: 4 | F9: =+[4]Resumen!F9*1000 -> 121646.71 | G9: =+[4]Resumen!G9*1000 -> 110077.01 | H9: =+[4]Resumen!H9*1000 -> 102621.37 | I9: =+[4]Resumen!I9*1000 -> 98956.838 | J9: =+[4]Resumen!J9*1000 -> 99825.632 | K9: =+[4]Resumen!K9*1000 -> 104371.2 | L9: =+[4]Resumen!L9*1000 -> 111144.33 | M9: =+[4]Resumen!M9*1000 -> 109378.69 | ... AC9: =+[4]Resumen!AC9*1000 -> 120529.76
D10: Festivo | E10: 2 | F10: =+[4]Resumen!F10*1000 -> 124728.04 | G10: =+[4]Resumen!G10*1000 -> 116329.18 | H10: =+[4]Resumen!H10*1000 -> 109688.27 | I10: =+[4]Resumen!I10*1000 -> 103932.03 | J10: =+[4]Resumen!J10*1000 -> 103704.35 | K10: =+[4]Resumen!K10*1000 -> 105637.38 | L10: =+[4]Resumen!L10*1000 -> 108453.04 | M10: =+[4]Resumen!M10*1000 -> 101420.98 | ... AC10: =+[4]Resumen!AC10*1000 -> 114697.82
C11: Feb | D11: Ordinario | E11: 20 | F11: =+[4]Resumen!F11*1000 -> 119021.24 | G11: =+[4]Resumen!G11*1000 -> 109563.13 | H11: =+[4]Resumen!H11*1000 -> 104946.34 | I11: =+[4]Resumen!I11*1000 -> 104931.59 | J11: =+[4]Resumen!J11*1000 -> 122027.89 | K11: =+[4]Resumen!K11*1000 -> 153109.31 | L11: =+[4]Resumen!L11*1000 -> 177430.48 | M11: =+[4]Resumen!M11*1000 -> 175644.15 | ... AC11: =+[4]Resumen!AC11*1000 -> 131208.39 | AD11: =SUM(F11:AC11)*E11+SUM(F12:AC12)*E12+SUM(F13:AC13)*E13+SUM(F14:AC14)*E14 -> 1.1860737e+08
D12: Sábado | E12: 4 | F12: =+[4]Resumen!F12*1000 -> 132750.01 | G12: =+[4]Resumen!G12*1000 -> 121524.27 | H12: =+[4]Resumen!H12*1000 -> 114602.62 | I12: =+[4]Resumen!I12*1000 -> 113162.3 | J12: =+[4]Resumen!J12*1000 -> 119584.97 | K12: =+[4]Resumen!K12*1000 -> 131641.82 | L12: =+[4]Resumen!L12*1000 -> 152192.4 | M12: =+[4]Resumen!M12*1000 -> 158719.55 | ... AC12: =+[4]Resumen!AC12*1000 -> 138575.79
D13: Domingo | E13: 4 | F13: =+[4]Resumen!F13*1000 -> 129645.6 | G13: =+[4]Resumen!G13*1000 -> 117694.04 | H13: =+[4]Resumen!H13*1000 -> 110104.65 | I13: =+[4]Resumen!I13*1000 -> 106278.92 | J13: =+[4]Resumen!J13*1000 -> 107816.81 | K13: =+[4]Resumen!K13*1000 -> 112594.86 | L13: =+[4]Resumen!L13*1000 -> 121981.81 | M13: =+[4]Resumen!M13*1000 -> 121959.91 | ... AC13: =+[4]Resumen!AC13*1000 -> 125391.06
D14: Festivo | E14: 0 | F14: =+[4]Resumen!F14*1000 -> 0 | G14: =+[4]Resumen!G14*1000 -> 0 | H14: =+[4]Resumen!H14*1000 -> 0 | I14: =+[4]Resumen!I14*1000 -> 0 | J14: =+[4]Resumen!J14*1000 -> 0 | K14: =+[4]Resumen!K14*1000 -> 0 | L14: =+[4]Resumen!L14*1000 -> 0 | M14: =+[4]Resumen!M14*1000 -> 0 | ... AC14: =+[4]Resumen!AC14*1000 -> 0
C15: Mar | D15: Ordinario | E15: 20 | F15: =+[4]Resumen!F15*1000 -> 115908.45 | G15: =+[4]Resumen!G15*1000 -> 107038.5 | H15: =+[4]Resumen!H15*1000 -> 102486.69 | I15: =+[4]Resumen!I15*1000 -> 102677.39 | J15: =+[4]Resumen!J15*1000 -> 119557.71 | K15: =+[4]Resumen!K15*1000 -> 149462.02 | L15: =+[4]Resumen!L15*1000 -> 172560.04 | M15: =+[4]Resumen!M15*1000 -> 172504.01 | ... AC15: =+[4]Resumen!AC15*1000 -> 127691.53 | AD15: =SUM(F15:AC15)*E15+SUM(F16:AC16)*E16+SUM(F17:AC17)*E17+SUM(F18:AC18)*E18 -> 1.2740401e+08
D16: Sábado | E16: 5 | F16: =+[4]Resumen!F16*1000 -> 124981.39 | G16: =+[4]Resumen!G16*1000 -> 114495.72 | H16: =+[4]Resumen!H16*1000 -> 108247.7 | I16: =+[4]Resumen!I16*1000 -> 106984.86 | J16: =+[4]Resumen!J16*1000 -> 113963.77 | K16: =+[4]Resumen!K16*1000 -> 127244.52 | L16: =+[4]Resumen!L16*1000 -> 147011.5 | M16: =+[4]Resumen!M16*1000 -> 156146.54 | ... AC16: =+[4]Resumen!AC16*1000 -> 136601.77
D17: Domingo | E17: 5 | F17: =+[4]Resumen!F17*1000 -> 125297.77 | G17: =+[4]Resumen!G17*1000 -> 113651.65 | H17: =+[4]Resumen!H17*1000 -> 106174.42 | I17: =+[4]Resumen!I17*1000 -> 102464.33 | J17: =+[4]Resumen!J17*1000 -> 103544.01 | K17: =+[4]Resumen!K17*1000 -> 108328.83 | L17: =+[4]Resumen!L17*1000 -> 116105.36 | M17: =+[4]Resumen!M17*1000 -> 118713.18 | ... AC17: =+[4]Resumen!AC17*1000 -> 123924.98
D18: Festivo | E18: 1 | F18: =+[4]Resumen!F18*1000 -> 130772.99 | G18: =+[4]Resumen!G18*1000 -> 119339.25 | H18: =+[4]Resumen!H18*1000 -> 112272.23 | I18: =+[4]Resumen!I18*1000 -> 109241.5 | J18: =+[4]Resumen!J18*1000 -> 111622.65 | K18: =+[4]Resumen!K18*1000 -> 116655.23 | L18: =+[4]Resumen!L18*1000 -> 123693.26 | M18: =+[4]Resumen!M18*1000 -> 126032.99 | ... AC18: =+[4]Resumen!AC18*1000 -> 131935.9
C19: Abr | D19: Ordinario | E19: 20 | F19: =+[4]Resumen!F19*1000 -> 115860.71 | G19: =+[4]Resumen!G19*1000 -> 106683.95 | H19: =+[4]Resumen!H19*1000 -> 102101.65 | I19: =+[4]Resumen!I19*1000 -> 102279.73 | J19: =+[4]Resumen!J19*1000 -> 118213.31 | K19: =+[4]Resumen!K19*1000 -> 144487.19 | L19: =+[4]Resumen!L19*1000 -> 167465.74 | M19: =+[4]Resumen!M19*1000 -> 169827.13 | ... AC19: =+[4]Resumen!AC19*1000 -> 128690.81 | AD19: =SUM(F19:AC19)*E19+SUM(F20:AC20)*E20+SUM(F21:AC21)*E21+SUM(F22:AC22)*E22 -> 1.2243437e+08
D20: Sábado | E20: 4 | F20: =+[4]Resumen!F20*1000 -> 123189.79 | G20: =+[4]Resumen!G20*1000 -> 112006.74 | H20: =+[4]Resumen!H20*1000 -> 105711.83 | I20: =+[4]Resumen!I20*1000 -> 104355.04 | J20: =+[4]Resumen!J20*1000 -> 110344.37 | K20: =+[4]Resumen!K20*1000 -> 121021.03 | L20: =+[4]Resumen!L20*1000 -> 138534.05 | M20: =+[4]Resumen!M20*1000 -> 146553.48 | ... AC20: =+[4]Resumen!AC20*1000 -> 135543.1
D21: Domingo | E21: 4 | F21: =+[4]Resumen!F21*1000 -> 126364.65 | G21: =+[4]Resumen!G21*1000 -> 114560.94 | H21: =+[4]Resumen!H21*1000 -> 107067.78 | I21: =+[4]Resumen!I21*1000 -> 103711.24 | J21: =+[4]Resumen!J21*1000 -> 105024.27 | K21: =+[4]Resumen!K21*1000 -> 108289.65 | L21: =+[4]Resumen!L21*1000 -> 117307.1 | M21: =+[4]Resumen!M21*1000 -> 120449.4 | ... AC21: =+[4]Resumen!AC21*1000 -> 122676.91
D22: Festivo | E22: 2 | F22: =+[4]Resumen!F22*1000 -> 131684.58 | G22: =+[4]Resumen!G22*1000 -> 119394.69 | H22: =+[4]Resumen!H22*1000 -> 111817.86 | I22: =+[4]Resumen!I22*1000 -> 108395.2 | J22: =+[4]Resumen!J22*1000 -> 110174.18 | K22: =+[4]Resumen!K22*1000 -> 113750.24 | L22: =+[4]Resumen!L22*1000 -> 120799.2 | M22: =+[4]Resumen!M22*1000 -> 121917.16 | ... AC22: =+[4]Resumen!AC22*1000 -> 133894.59
C23: May | D23: Ordinario | E23: 22 | F23: =+[4]Resumen!F23*1000 -> 106730.16 | G23: =+[4]Resumen!G23*1000 -> 97451.464 | H23: =+[4]Resumen!H23*1000 -> 92774.675 | I23: =+[4]Resumen!I23*1000 -> 93061.759 | J23: =+[4]Resumen!J23*1000 -> 108876.23 | K23: =+[4]Resumen!K23*1000 -> 135080.88 | L23: =+[4]Resumen!L23*1000 -> 159265.98 | M23: =+[4]Resumen!M23*1000 -> 162081.2 | ... AC23: =+[4]Resumen!AC23*1000 -> 119248.42 | AD23: =SUM(F23:AC23)*E23+SUM(F24:AC24)*E24+SUM(F25:AC25)*E25+SUM(F26:AC26)*E26 -> 1.204358e+08
D24: Sábado | E24: 4 | F24: =+[4]Resumen!F24*1000 -> 116592.94 | G24: =+[4]Resumen!G24*1000 -> 105500.05 | H24: =+[4]Resumen!H24*1000 -> 99593.74 | I24: =+[4]Resumen!I24*1000 -> 97850.339 | J24: =+[4]Resumen!J24*1000 -> 103900.31 | K24: =+[4]Resumen!K24*1000 -> 113842.26 | L24: =+[4]Resumen!L24*1000 -> 133302.31 | M24: =+[4]Resumen!M24*1000 -> 142948.5 | ... AC24: =+[4]Resumen!AC24*1000 -> 125979.09
D25: Domingo | E25: 4 | F25: =+[4]Resumen!F25*1000 -> 114802.04 | G25: =+[4]Resumen!G25*1000 -> 103562.77 | H25: =+[4]Resumen!H25*1000 -> 95982.175 | I25: =+[4]Resumen!I25*1000 -> 92400.366 | J25: =+[4]Resumen!J25*1000 -> 92743.858 | K25: =+[4]Resumen!K25*1000 -> 95043.468 | L25: =+[4]Resumen!L25*1000 -> 103943.93 | M25: =+[4]Resumen!M25*1000 -> 107155.89 | ... AC25: =+[4]Resumen!AC25*1000 -> 111935.15
D26: Festivo | E26: 1 | F26: =+[4]Resumen!F26*1000 -> 109066.8 | G26: =+[4]Resumen!G26*1000 -> 98386.721 | H26: =+[4]Resumen!H26*1000 -> 92120.451 | I26: =+[4]Resumen!I26*1000 -> 90106.252 | J26: =+[4]Resumen!J26*1000 -> 95235.078 | K26: =+[4]Resumen!K26*1000 -> 103139.31 | L26: =+[4]Resumen!L26*1000 -> 113064.85 | M26: =+[4]Resumen!M26*1000 -> 116671.82 | ... AC26: =+[4]Resumen!AC26*1000 -> 111621.34
C27: Jun | D27: Ordinario | E27: 18 | F27: =+[4]Resumen!F27*1000 -> 105927.1 | G27: =+[4]Resumen!G27*1000 -> 96457.068 | H27: =+[4]Resumen!H27*1000 -> 91610.392 | I27: =+[4]Resumen!I27*1000 -> 91576.319 | J27: =+[4]Resumen!J27*1000 -> 105504.6 | K27: =+[4]Resumen!K27*1000 -> 126431.46 | L27: =+[4]Resumen!L27*1000 -> 150402.35 | M27: =+[4]Resumen!M27*1000 -> 156781.56 | ... AC27: =+[4]Resumen!AC27*1000 -> 117573.15 | AD27: =SUM(F27:AC27)*E27+SUM(F28:AC28)*E28+SUM(F29:AC29)*E29+SUM(F30:AC30)*E30 -> 1.1260123e+08
D28: Sábado | E28: 5 | F28: =+[4]Resumen!F28*1000 -> 114652.53 | G28: =+[4]Resumen!G28*1000 -> 103564.89 | H28: =+[4]Resumen!H28*1000 -> 96763.068 | I28: =+[4]Resumen!I28*1000 -> 94972.508 | J28: =+[4]Resumen!J28*1000 -> 100778.94 | K28: =+[4]Resumen!K28*1000 -> 110660.77 | L28: =+[4]Resumen!L28*1000 -> 129845.82 | M28: =+[4]Resumen!M28*1000 -> 139167.64 | ... AC28: =+[4]Resumen!AC28*1000 -> 124462.81
D29: Domingo | E29: 5 | F29: =+[4]Resumen!F29*1000 -> 116074.8 | G29: =+[4]Resumen!G29*1000 -> 104940.03 | H29: =+[4]Resumen!H29*1000 -> 97352.063 | I29: =+[4]Resumen!I29*1000 -> 94056.274 | J29: =+[4]Resumen!J29*1000 -> 94953.791 | K29: =+[4]Resumen!K29*1000 -> 97514.039 | L29: =+[4]Resumen!L29*1000 -> 105079.11 | M29: =+[4]Resumen!M29*1000 -> 106692.72 | ... AC29: =+[4]Resumen!AC29*1000 -> 115620.64
D30: Festivo | E30: 2 | F30: =+[4]Resumen!F30*1000 -> 109780.55 | G30: =+[4]Resumen!G30*1000 -> 99134.464 | H30: =+[4]Resumen!H30*1000 -> 92508.449 | I30: =+[4]Resumen!I30*1000 -> 89879.302 | J30: =+[4]Resumen!J30*1000 -> 91929.322 | K30: =+[4]Resumen!K30*1000 -> 95864.224 | L30: =+[4]Resumen!L30*1000 -> 103356.99 | M30: =+[4]Resumen!M30*1000 -> 104580.55 | ... AC30: =+[4]Resumen!AC30*1000 -> 113945.95
C31: Jul | D31: Ordinario | E31: 22 | F31: =+[4]Resumen!F31*1000 -> 114934.67 | G31: =+[4]Resumen!G31*1000 -> 105150.76 | H31: =+[4]Resumen!H31*1000 -> 99816.111 | I31: =+[4]Resumen!I31*1000 -> 99499.827 | J31: =+[4]Resumen!J31*1000 -> 113913.89 | K31: =+[4]Resumen!K31*1000 -> 138013.38 | L31: =+[4]Resumen!L31*1000 -> 161578.2 | M31: =+[4]Resumen!M31*1000 -> 165424.98 | ... AC31: =+[4]Resumen!AC31*1000 -> 127326.32 | AD31: =SUM(F31:AC31)*E31+SUM(F32:AC32)*E32+SUM(F33:AC33)*E33+SUM(F34:AC34)*E34 -> 1.2413667e+08
D32: Sábado | E32: 3 | F32: =+[4]Resumen!F32*1000 -> 122877.59 | G32: =+[4]Resumen!G32*1000 -> 111825.51 | H32: =+[4]Resumen!H32*1000 -> 105218.18 | I32: =+[4]Resumen!I32*1000 -> 102877.13 | J32: =+[4]Resumen!J32*1000 -> 108428.48 | K32: =+[4]Resumen!K32*1000 -> 118811.72 | L32: =+[4]Resumen!L32*1000 -> 137429.27 | M32: =+[4]Resumen!M32*1000 -> 146786.39 | ... AC32: =+[4]Resumen!AC32*1000 -> 129195.54
D33: Domingo | E33: 4 | F33: =+[4]Resumen!F33*1000 -> 117244.07 | G33: =+[4]Resumen!G33*1000 -> 105691.31 | H33: =+[4]Resumen!H33*1000 -> 98133.102 | I33: =+[4]Resumen!I33*1000 -> 94317.126 | J33: =+[4]Resumen!J33*1000 -> 95686.991 | K33: =+[4]Resumen!K33*1000 -> 98709.136 | L33: =+[4]Resumen!L33*1000 -> 107480.26 | M33: =+[4]Resumen!M33*1000 -> 109253.89 | ... AC33: =+[4]Resumen!AC33*1000 -> 115847.66
D34: Festivo | E34: 2 | F34: =+[4]Resumen!F34*1000 -> 128060.78 | G34: =+[4]Resumen!G34*1000 -> 115678.98 | H34: =+[4]Resumen!H34*1000 -> 107755.24 | I34: =+[4]Resumen!I34*1000 -> 103787.96 | J34: =+[4]Resumen!J34*1000 -> 103981.51 | K34: =+[4]Resumen!K34*1000 -> 105085.75 | L34: =+[4]Resumen!L34*1000 -> 113421.98 | M34: =+[4]Resumen!M34*1000 -> 115548.21 | ... AC34: =+[4]Resumen!AC34*1000 -> 127866.3
C35: Ago | D35: Ordinario | E35: 20 | F35: =+[4]Resumen!F35*1000 -> 114567.62 | G35: =+[4]Resumen!G35*1000 -> 104714.71 | H35: =+[4]Resumen!H35*1000 -> 99473.574 | I35: =+[4]Resumen!I35*1000 -> 99215.411 | J35: =+[4]Resumen!J35*1000 -> 114812 | K35: =+[4]Resumen!K35*1000 -> 141232.39 | L35: =+[4]Resumen!L35*1000 -> 165718.17 | M35: =+[4]Resumen!M35*1000 -> 167926.39 | ... AC35: =+[4]Resumen!AC35*1000 -> 127288.29 | AD35: =SUM(F35:AC35)*E35+SUM(F36:AC36)*E36+SUM(F37:AC37)*E37+SUM(F38:AC38)*E38 -> 1.2413564e+08
D36: Sábado | E36: 5 | F36: =+[4]Resumen!F36*1000 -> 122783.81 | G36: =+[4]Resumen!G36*1000 -> 111899.56 | H36: =+[4]Resumen!H36*1000 -> 105515.45 | I36: =+[4]Resumen!I36*1000 -> 103323.31 | J36: =+[4]Resumen!J36*1000 -> 109393.7 | K36: =+[4]Resumen!K36*1000 -> 119526.29 | L36: =+[4]Resumen!L36*1000 -> 138504.81 | M36: =+[4]Resumen!M36*1000 -> 148227.28 | ... AC36: =+[4]Resumen!AC36*1000 -> 128295.39
D37: Domingo | E37: 4 | F37: =+[4]Resumen!F37*1000 -> 119611.35 | G37: =+[4]Resumen!G37*1000 -> 108393.97 | H37: =+[4]Resumen!H37*1000 -> 100595.66 | I37: =+[4]Resumen!I37*1000 -> 97171.995 | J37: =+[4]Resumen!J37*1000 -> 98634.885 | K37: =+[4]Resumen!K37*1000 -> 103076.39 | L37: =+[4]Resumen!L37*1000 -> 109837.93 | M37: =+[4]Resumen!M37*1000 -> 111929.46 | ... AC37: =+[4]Resumen!AC37*1000 -> 119190.33
D38: Festivo | E38: 2 | F38: =+[4]Resumen!F38*1000 -> 115396.41 | G38: =+[4]Resumen!G38*1000 -> 104056.37 | H38: =+[4]Resumen!H38*1000 -> 96530.781 | I38: =+[4]Resumen!I38*1000 -> 94786.215 | J38: =+[4]Resumen!J38*1000 -> 96938.813 | K38: =+[4]Resumen!K38*1000 -> 103405.43 | L38: =+[4]Resumen!L38*1000 -> 113019.94 | M38: =+[4]Resumen!M38*1000 -> 114567.33 | ... AC38: =+[4]Resumen!AC38*1000 -> 118950.07
C39: Sep | D39: Ordinario | E39: 21 | F39: =+[4]Resumen!F39*1000 -> 106044.92 | G39: =+[4]Resumen!G39*1000 -> 96716.253 | H39: =+[4]Resumen!H39*1000 -> 91904.413 | I39: =+[4]Resumen!I39*1000 -> 91731.324 | J39: =+[4]Resumen!J39*1000 -> 107309.43 | K39: =+[4]Resumen!K39*1000 -> 134214.83 | L39: =+[4]Resumen!L39*1000 -> 158146.98 | M39: =+[4]Resumen!M39*1000 -> 159312.25 | ... AC39: =+[4]Resumen!AC39*1000 -> 117648.88 | AD39: =SUM(F39:AC39)*E39+SUM(F40:AC40)*E40+SUM(F41:AC41)*E41+SUM(F42:AC42)*E42 -> 1.1530735e+08
D40: Sábado | E40: 4 | F40: =+[4]Resumen!F40*1000 -> 113695.14 | G40: =+[4]Resumen!G40*1000 -> 103104.31 | H40: =+[4]Resumen!H40*1000 -> 96455.136 | I40: =+[4]Resumen!I40*1000 -> 94745.156 | J40: =+[4]Resumen!J40*1000 -> 101243 | K40: =+[4]Resumen!K40*1000 -> 113061.18 | L40: =+[4]Resumen!L40*1000 -> 131220.09 | M40: =+[4]Resumen!M40*1000 -> 140531.57 | ... AC40: =+[4]Resumen!AC40*1000 -> 122891.86
D41: Domingo | E41: 5 | F41: =+[4]Resumen!F41*1000 -> 113873.13 | G41: =+[4]Resumen!G41*1000 -> 101498.68 | H41: =+[4]Resumen!H41*1000 -> 93941.916 | I41: =+[4]Resumen!I41*1000 -> 90008.887 | J41: =+[4]Resumen!J41*1000 -> 90659.47 | K41: =+[4]Resumen!K41*1000 -> 93840.566 | L41: =+[4]Resumen!L41*1000 -> 101076.68 | M41: =+[4]Resumen!M41*1000 -> 102541.98 | ... AC41: =+[4]Resumen!AC41*1000 -> 109245.81
D42: Festivo | E42: 0 | F42: =+[4]Resumen!F42*1000 -> 0 | G42: =+[4]Resumen!G42*1000 -> 0 | H42: =+[4]Resumen!H42*1000 -> 0 | I42: =+[4]Resumen!I42*1000 -> 0 | J42: =+[4]Resumen!J42*1000 -> 0 | K42: =+[4]Resumen!K42*1000 -> 0 | L42: =+[4]Resumen!L42*1000 -> 0 | M42: =+[4]Resumen!M42*1000 -> 0 | ... AC42: =+[4]Resumen!AC42*1000 -> 0
C43: Oct | D43: Ordinario | E43: 22 | F43: =+[4]Resumen!F43*1000 -> 99704.043 | G43: =+[4]Resumen!G43*1000 -> 90505.423 | H43: =+[4]Resumen!H43*1000 -> 86209.068 | I43: =+[4]Resumen!I43*1000 -> 86062.656 | J43: =+[4]Resumen!J43*1000 -> 101429.7 | K43: =+[4]Resumen!K43*1000 -> 126108.68 | L43: =+[4]Resumen!L43*1000 -> 149665.26 | M43: =+[4]Resumen!M43*1000 -> 152615.83 | ... AC43: =+[4]Resumen!AC43*1000 -> 111555.01 | AD43: =SUM(F43:AC43)*E43+SUM(F44:AC44)*E44+SUM(F45:AC45)*E45+SUM(F46:AC46)*E46 -> 1.1450773e+08
D44: Sábado | E44: 4 | F44: =+[4]Resumen!F44*1000 -> 108188.94 | G44: =+[4]Resumen!G44*1000 -> 97204.074 | H44: =+[4]Resumen!H44*1000 -> 90936.37 | I44: =+[4]Resumen!I44*1000 -> 89023.747 | J44: =+[4]Resumen!J44*1000 -> 95579.567 | K44: =+[4]Resumen!K44*1000 -> 106503.16 | L44: =+[4]Resumen!L44*1000 -> 124273.75 | M44: =+[4]Resumen!M44*1000 -> 132523.07 | ... AC44: =+[4]Resumen!AC44*1000 -> 115196.67
D45: Domingo | E45: 4 | F45: =+[4]Resumen!F45*1000 -> 106476.84 | G45: =+[4]Resumen!G45*1000 -> 96237.179 | H45: =+[4]Resumen!H45*1000 -> 89251.138 | I45: =+[4]Resumen!I45*1000 -> 85677.011 | J45: =+[4]Resumen!J45*1000 -> 86933.327 | K45: =+[4]Resumen!K45*1000 -> 90456.812 | L45: =+[4]Resumen!L45*1000 -> 97900.825 | M45: =+[4]Resumen!M45*1000 -> 99848.433 | ... AC45: =+[4]Resumen!AC45*1000 -> 105467.21
D46: Festivo | E46: 1 | F46: =+[4]Resumen!F46*1000 -> 98165.751 | G46: =+[4]Resumen!G46*1000 -> 88136.375 | H46: =+[4]Resumen!H46*1000 -> 81502.693 | I46: =+[4]Resumen!I46*1000 -> 78803.862 | J46: =+[4]Resumen!J46*1000 -> 81707.268 | K46: =+[4]Resumen!K46*1000 -> 86769.33 | L46: =+[4]Resumen!L46*1000 -> 94039.306 | M46: =+[4]Resumen!M46*1000 -> 95510.003 | ... AC46: =+[4]Resumen!AC46*1000 -> 99749.752
C47: Nov | D47: Ordinario | E47: 19 | F47: =+[4]Resumen!F47*1000 -> 102946.44 | G47: =+[4]Resumen!G47*1000 -> 93655.66 | H47: =+[4]Resumen!H47*1000 -> 88675.946 | I47: =+[4]Resumen!I47*1000 -> 88462.113 | J47: =+[4]Resumen!J47*1000 -> 103898.44 | K47: =+[4]Resumen!K47*1000 -> 128485.23 | L47: =+[4]Resumen!L47*1000 -> 153827.58 | M47: =+[4]Resumen!M47*1000 -> 157138.45 | ... AC47: =+[4]Resumen!AC47*1000 -> 115241.71 | AD47: =SUM(F47:AC47)*E47+SUM(F48:AC48)*E48+SUM(F49:AC49)*E49+SUM(F50:AC50)*E50 -> 1.1289725e+08
D48: Sábado | E48: 5 | F48: =+[4]Resumen!F48*1000 -> 111327.73 | G48: =+[4]Resumen!G48*1000 -> 99861.292 | H48: =+[4]Resumen!H48*1000 -> 93580.861 | I48: =+[4]Resumen!I48*1000 -> 92219.122 | J48: =+[4]Resumen!J48*1000 -> 98708.152 | K48: =+[4]Resumen!K48*1000 -> 109714.42 | L48: =+[4]Resumen!L48*1000 -> 128906.35 | M48: =+[4]Resumen!M48*1000 -> 138103.03 | ... AC48: =+[4]Resumen!AC48*1000 -> 121614.43
D49: Domingo | E49: 4 | F49: =+[4]Resumen!F49*1000 -> 112760.54 | G49: =+[4]Resumen!G49*1000 -> 101702.72 | H49: =+[4]Resumen!H49*1000 -> 93897.252 | I49: =+[4]Resumen!I49*1000 -> 90426.082 | J49: =+[4]Resumen!J49*1000 -> 91701.618 | K49: =+[4]Resumen!K49*1000 -> 95773.592 | L49: =+[4]Resumen!L49*1000 -> 103123.02 | M49: =+[4]Resumen!M49*1000 -> 104688.37 | ... AC49: =+[4]Resumen!AC49*1000 -> 111439.05
D50: Festivo | E50: 2 | F50: =+[4]Resumen!F50*1000 -> 105474.99 | G50: =+[4]Resumen!G50*1000 -> 94671.986 | H50: =+[4]Resumen!H50*1000 -> 88602.784 | I50: =+[4]Resumen!I50*1000 -> 85667.9 | J50: =+[4]Resumen!J50*1000 -> 88774.943 | K50: =+[4]Resumen!K50*1000 -> 93859.01 | L50: =+[4]Resumen!L50*1000 -> 100096.53 | M50: =+[4]Resumen!M50*1000 -> 102020.79 | ... AC50: =+[4]Resumen!AC50*1000 -> 107375.58
C51: Dic | D51: Ordinario | E51: 21 | F51: =+[4]Resumen!F51*1000 -> 121941.85 | G51: =+[4]Resumen!G51*1000 -> 110855.92 | H51: =+[4]Resumen!H51*1000 -> 104779.38 | I51: =+[4]Resumen!I51*1000 -> 103754.98 | J51: =+[4]Resumen!J51*1000 -> 116355.05 | K51: =+[4]Resumen!K51*1000 -> 133928 | L51: =+[4]Resumen!L51*1000 -> 155482.29 | M51: =+[4]Resumen!M51*1000 -> 163707.01 | ... AC51: =+[4]Resumen!AC51*1000 -> 136482.84 | AD51: =SUM(F51:AC51)*E51+SUM(F52:AC52)*E52+SUM(F53:AC53)*E53+SUM(F54:AC54)*E54 -> 1.2691268e+08
D52: Sábado | E52: 4 | F52: =+[4]Resumen!F52*1000 -> 129560.75 | G52: =+[4]Resumen!G52*1000 -> 116914.61 | H52: =+[4]Resumen!H52*1000 -> 109767.33 | I52: =+[4]Resumen!I52*1000 -> 107590.98 | J52: =+[4]Resumen!J52*1000 -> 111938.4 | K52: =+[4]Resumen!K52*1000 -> 126036.09 | L52: =+[4]Resumen!L52*1000 -> 140556.88 | M52: =+[4]Resumen!M52*1000 -> 149049.07 | ... AC52: =+[4]Resumen!AC52*1000 -> 140174.88
D53: Domingo | E53: 4 | F53: =+[4]Resumen!F53*1000 -> 130223.4 | G53: =+[4]Resumen!G53*1000 -> 117642 | H53: =+[4]Resumen!H53*1000 -> 109309.04 | I53: =+[4]Resumen!I53*1000 -> 105284.78 | J53: =+[4]Resumen!J53*1000 -> 106098.28 | K53: =+[4]Resumen!K53*1000 -> 110659.18 | L53: =+[4]Resumen!L53*1000 -> 117125.43 | M53: =+[4]Resumen!M53*1000 -> 118673.75 | ... AC53: =+[4]Resumen!AC53*1000 -> 130518.08
D54: Festivo | E54: 2 | F54: =+[4]Resumen!F54*1000 -> 128610.17 | G54: =+[4]Resumen!G54*1000 -> 118707.13 | H54: =+[4]Resumen!H54*1000 -> 110273.45 | I54: =+[4]Resumen!I54*1000 -> 104994.92 | J54: =+[4]Resumen!J54*1000 -> 104359.59 | K54: =+[4]Resumen!K54*1000 -> 106331.71 | L54: =+[4]Resumen!L54*1000 -> 107673.45 | M54: =+[4]Resumen!M54*1000 -> 103244.5 | ... AC54: =+[4]Resumen!AC54*1000 -> 121990.9
Z55: TOTAL AÑO kWh | AD55: =SUM(AD7:AD54) -> 1.4401561e+09

Sheet Cantidades 2031
C2: CANTIDADES DE ENERGÍA SOLICITADAS (kWh)
C3: EMPRESAS PÚBLICAS DE MEDELLÍN E.S.P.
C4: 2031
C6: Mes | D6: Tipo Día | E6: Días | F6: H1 | G6: H2 | H6: H3 | I6: H4 | J6: H5 | K6: H6 | L6: H7 | M6: H8 | N6: H9 | O6: H10 | P6: H11 | Q6: H12 | R6: H13 | S6: H14 | T6: H15 | U6: H16 | V6: H17 | W6: H18 | X6: H19 | Y6: H20 | Z6: H21 | AA6: H22 | AB6: H23 | AC6: H24 | AD6: TOTAL MES
C7: Ene | D7: Ordinario | E7: 21 | F7: =+[5]Resumen!F7*1000 -> 144552.4 | G7: =+[5]Resumen!G7*1000 -> 135430.07 | H7: =+[5]Resumen!H7*1000 -> 130225.37 | I7: =+[5]Resumen!I7*1000 -> 129662.5 | J7: =+[5]Resumen!J7*1000 -> 144337 | K7: =+[5]Resumen!K7*1000 -> 165712.07 | L7: =+[5]Resumen!L7*1000 -> 189242.03 | M7: =+[5]Resumen!M7*1000 -> 190923.59 | ... AC7: =+[5]Resumen!AC7*1000 -> 158240.11 | AD7: =SUM(F7:AC7)*E7+SUM(F8:AC8)*E8+SUM(F9:AC9)*E9+SUM(F10:AC10)*E10 -> 1.4618239e+08
D8: Sábado | E8: 4 | F8: =+[5]Resumen!F8*1000 -> 156091.62 | G8: =+[5]Resumen!G8*1000 -> 144875.08 | H8: =+[5]Resumen!H8*1000 -> 138448.75 | I8: =+[5]Resumen!I8*1000 -> 136033.73 | J8: =+[5]Resumen!J8*1000 -> 141143.18 | K8: =+[5]Resumen!K8*1000 -> 152019.87 | L8: =+[5]Resumen!L8*1000 -> 168697.47 | M8: =+[5]Resumen!M8*1000 -> 172263.94 | ... AC8: =+[5]Resumen!AC8*1000 -> 165756.43
D9: Domingo | E9: 4 | F9: =+[5]Resumen!F9*1000 -> 155021.26 | G9: =+[5]Resumen!G9*1000 -> 143229.95 | H9: =+[5]Resumen!H9*1000 -> 135631.38 | I9: =+[5]Resumen!I9*1000 -> 131908.39 | J9: =+[5]Resumen!J9*1000 -> 132808.23 | K9: =+[5]Resumen!K9*1000 -> 137416.98 | L9: =+[5]Resumen!L9*1000 -> 144433.57 | M9: =+[5]Resumen!M9*1000 -> 141791.71 | ... AC9: =+[5]Resumen!AC9*1000 -> 155124.42
D10: Festivo | E10: 2 | F10: =+[5]Resumen!F10*1000 -> 157700.08 | G10: =+[5]Resumen!G10*1000 -> 149136.38 | H10: =+[5]Resumen!H10*1000 -> 142315.03 | I10: =+[5]Resumen!I10*1000 -> 136552.23 | J10: =+[5]Resumen!J10*1000 -> 136314.77 | K10: =+[5]Resumen!K10*1000 -> 138292.48 | L10: =+[5]Resumen!L10*1000 -> 141205.26 | M10: =+[5]Resumen!M10*1000 -> 133241.94 | ... AC10: =+[5]Resumen!AC10*1000 -> 148983.74
C11: Feb | D11: Ordinario | E11: 20 | F11: =+[5]Resumen!F11*1000 -> 151051.52 | G11: =+[5]Resumen!G11*1000 -> 141464.96 | H11: =+[5]Resumen!H11*1000 -> 136770.74 | I11: =+[5]Resumen!I11*1000 -> 136769.68 | J11: =+[5]Resumen!J11*1000 -> 155593.14 | K11: =+[5]Resumen!K11*1000 -> 187137.79 | L11: =+[5]Resumen!L11*1000 -> 211943.38 | M11: =+[5]Resumen!M11*1000 -> 209257.1 | ... AC11: =+[5]Resumen!AC11*1000 -> 164561.57 | AD11: =SUM(F11:AC11)*E11+SUM(F12:AC12)*E12+SUM(F13:AC13)*E13+SUM(F14:AC14)*E14 -> 1.4184879e+08
D12: Sábado | E12: 4 | F12: =+[5]Resumen!F12*1000 -> 166202.37 | G12: =+[5]Resumen!G12*1000 -> 154753.13 | H12: =+[5]Resumen!H12*1000 -> 147763.48 | I12: =+[5]Resumen!I12*1000 -> 146272.7 | J12: =+[5]Resumen!J12*1000 -> 152834.25 | K12: =+[5]Resumen!K12*1000 -> 165152.6 | L12: =+[5]Resumen!L12*1000 -> 186152.13 | M12: =+[5]Resumen!M12*1000 -> 191997.73 | ... AC12: =+[5]Resumen!AC12*1000 -> 173603.57
D13: Domingo | E13: 4 | F13: =+[5]Resumen!F13*1000 -> 163277.17 | G13: =+[5]Resumen!G13*1000 -> 151133.03 | H13: =+[5]Resumen!H13*1000 -> 143424.12 | I13: =+[5]Resumen!I13*1000 -> 139546.91 | J13: =+[5]Resumen!J13*1000 -> 141115.92 | K13: =+[5]Resumen!K13*1000 -> 146000.74 | L13: =+[5]Resumen!L13*1000 -> 155554.87 | M13: =+[5]Resumen!M13*1000 -> 154616.43 | ... AC13: =+[5]Resumen!AC13*1000 -> 160464.3
D14: Festivo | E14: 0 | F14: =+[5]Resumen!F14*1000 -> 0 | G14: =+[5]Resumen!G14*1000 -> 0 | H14: =+[5]Resumen!H14*1000 -> 0 | I14: =+[5]Resumen!I14*1000 -> 0 | J14: =+[5]Resumen!J14*1000 -> 0 | K14: =+[5]Resumen!K14*1000 -> 0 | L14: =+[5]Resumen!L14*1000 -> 0 | M14: =+[5]Resumen!M14*1000 -> 0 | ... AC14: =+[5]Resumen!AC14*1000 -> 0
C15: Mar | D15: Ordinario | E15: 20 | F15: =+[5]Resumen!F15*1000 -> 148033.34 | G15: =+[5]Resumen!G15*1000 -> 138987.35 | H15: =+[5]Resumen!H15*1000 -> 134354.96 | I15: =+[5]Resumen!I15*1000 -> 134556.54 | J15: =+[5]Resumen!J15*1000 -> 153145.88 | K15: =+[5]Resumen!K15*1000 -> 183452.53 | L15: =+[5]Resumen!L15*1000 -> 207039.03 | M15: =+[5]Resumen!M15*1000 -> 206119.36 | ... AC15: =+[5]Resumen!AC15*1000 -> 161168.93 | AD15: =SUM(F15:AC15)*E15+SUM(F16:AC16)*E16+SUM(F17:AC17)*E17+SUM(F18:AC18)*E18 -> 1.5302064e+08
D16: Sábado | E16: 5 | F16: =+[5]Resumen!F16*1000 -> 158746.85 | G16: =+[5]Resumen!G16*1000 -> 148005.78 | H16: =+[5]Resumen!H16*1000 -> 141662.35 | I16: =+[5]Resumen!I16*1000 -> 140337.39 | J16: =+[5]Resumen!J16*1000 -> 147365.87 | K16: =+[5]Resumen!K16*1000 -> 160792.39 | L16: =+[5]Resumen!L16*1000 -> 180988.32 | M16: =+[5]Resumen!M16*1000 -> 189192.68 | ... AC16: =+[5]Resumen!AC16*1000 -> 171471.26
D17: Domingo | E17: 5 | F17: =+[5]Resumen!F17*1000 -> 158909.92 | G17: =+[5]Resumen!G17*1000 -> 147011.78 | H17: =+[5]Resumen!H17*1000 -> 139480.15 | I17: =+[5]Resumen!I17*1000 -> 135689.87 | J17: =+[5]Resumen!J17*1000 -> 136820.73 | K17: =+[5]Resumen!K17*1000 -> 141697.08 | L17: =+[5]Resumen!L17*1000 -> 149729.12 | M17: =+[5]Resumen!M17*1000 -> 151344.4 | ... AC17: =+[5]Resumen!AC17*1000 -> 158692.27
D18: Festivo | E18: 1 | F18: =+[5]Resumen!F18*1000 -> 163591.13 | G18: =+[5]Resumen!G18*1000 -> 151982.96 | H18: =+[5]Resumen!H18*1000 -> 144849.6 | I18: =+[5]Resumen!I18*1000 -> 141766.09 | J18: =+[5]Resumen!J18*1000 -> 144221.29 | K18: =+[5]Resumen!K18*1000 -> 149404.4 | L18: =+[5]Resumen!L18*1000 -> 156701.71 | M18: =+[5]Resumen!M18*1000 -> 158086.05 | ... AC18: =+[5]Resumen!AC18*1000 -> 166265.18
C19: Abr | D19: Ordinario | E19: 20 | F19: =+[5]Resumen!F19*1000 -> 148118.67 | G19: =+[5]Resumen!G19*1000 -> 138807.28 | H19: =+[5]Resumen!H19*1000 -> 134151.54 | I19: =+[5]Resumen!I19*1000 -> 134336.71 | J19: =+[5]Resumen!J19*1000 -> 152054.83 | K19: =+[5]Resumen!K19*1000 -> 178889.27 | L19: =+[5]Resumen!L19*1000 -> 202369.23 | M19: =+[5]Resumen!M19*1000 -> 203859.3 | ... AC19: =+[5]Resumen!AC19*1000 -> 162209.47 | AD19: =SUM(F19:AC19)*E19+SUM(F20:AC20)*E20+SUM(F21:AC21)*E21+SUM(F22:AC22)*E22 -> 1.4747879e+08
D20: Sábado | E20: 4 | F20: =+[5]Resumen!F20*1000 -> 157134.76 | G20: =+[5]Resumen!G20*1000 -> 145752.48 | H20: =+[5]Resumen!H20*1000 -> 139357.14 | I20: =+[5]Resumen!I20*1000 -> 137949.93 | J20: =+[5]Resumen!J20*1000 -> 144111.8 | K20: =+[5]Resumen!K20*1000 -> 155032.38 | L20: =+[5]Resumen!L20*1000 -> 173121.01 | M20: =+[5]Resumen!M20*1000 -> 180522.38 | ... AC20: =+[5]Resumen!AC20*1000 -> 170715.87
D21: Domingo | E21: 4 | F21: =+[5]Resumen!F21*1000 -> 160161.71 | G21: =+[5]Resumen!G21*1000 -> 148176.73 | H21: =+[5]Resumen!H21*1000 -> 140535.1 | I21: =+[5]Resumen!I21*1000 -> 137080.12 | J21: =+[5]Resumen!J21*1000 -> 138410.54 | K21: =+[5]Resumen!K21*1000 -> 141830.64 | L21: =+[5]Resumen!L21*1000 -> 151029.5 | M21: =+[5]Resumen!M21*1000 -> 153272.48 | ... AC21: =+[5]Resumen!AC21*1000 -> 157681.59
D22: Festivo | E22: 2 | F22: =+[5]Resumen!F22*1000 -> 165025.11 | G22: =+[5]Resumen!G22*1000 -> 152542.77 | H22: =+[5]Resumen!H22*1000 -> 144868.45 | I22: =+[5]Resumen!I22*1000 -> 141388.78 | J22: =+[5]Resumen!J22*1000 -> 143234.48 | K22: =+[5]Resumen!K22*1000 -> 147011.1 | L22: =+[5]Resumen!L22*1000 -> 154260.16 | M22: =+[5]Resumen!M22*1000 -> 154656.83 | ... AC22: =+[5]Resumen!AC22*1000 -> 168165.89
C23: May | D23: Ordinario | E23: 20 | F23: =+[5]Resumen!F23*1000 -> 147505.68 | G23: =+[5]Resumen!G23*1000 -> 138046.69 | H23: =+[5]Resumen!H23*1000 -> 133284.04 | I23: =+[5]Resumen!I23*1000 -> 133544.19 | J23: =+[5]Resumen!J23*1000 -> 151222.46 | K23: =+[5]Resumen!K23*1000 -> 177885.71 | L23: =+[5]Resumen!L23*1000 -> 202548.54 | M23: =+[5]Resumen!M23*1000 -> 204519.69 | ... AC23: =+[5]Resumen!AC23*1000 -> 161314.73 | AD23: =SUM(F23:AC23)*E23+SUM(F24:AC24)*E24+SUM(F25:AC25)*E25+SUM(F26:AC26)*E26 -> 1.5210876e+08
D24: Sábado | E24: 5 | F24: =+[5]Resumen!F24*1000 -> 159032.92 | G24: =+[5]Resumen!G24*1000 -> 147807.03 | H24: =+[5]Resumen!H24*1000 -> 141784 | I24: =+[5]Resumen!I24*1000 -> 140099.23 | J24: =+[5]Resumen!J24*1000 -> 146612.38 | K24: =+[5]Resumen!K24*1000 -> 157526.28 | L24: =+[5]Resumen!L24*1000 -> 177725.91 | M24: =+[5]Resumen!M24*1000 -> 186302.71 | ... AC24: =+[5]Resumen!AC24*1000 -> 169949.69
D25: Domingo | E25: 4 | F25: =+[5]Resumen!F25*1000 -> 157358.93 | G25: =+[5]Resumen!G25*1000 -> 145889.87 | H25: =+[5]Resumen!H25*1000 -> 138208.77 | I25: =+[5]Resumen!I25*1000 -> 134627.13 | J25: =+[5]Resumen!J25*1000 -> 135331.88 | K25: =+[5]Resumen!K25*1000 -> 138097.51 | L25: =+[5]Resumen!L25*1000 -> 147806.22 | M25: =+[5]Resumen!M25*1000 -> 150528.56 | ... AC25: =+[5]Resumen!AC25*1000 -> 156151.71
D26: Festivo | E26: 2 | F26: =+[5]Resumen!F26*1000 -> 151737.14 | G26: =+[5]Resumen!G26*1000 -> 140736.1 | H26: =+[5]Resumen!H26*1000 -> 134321.81 | I26: =+[5]Resumen!I26*1000 -> 132198.89 | J26: =+[5]Resumen!J26*1000 -> 137220.52 | K26: =+[5]Resumen!K26*1000 -> 144925.61 | L26: =+[5]Resumen!L26*1000 -> 155170.74 | M26: =+[5]Resumen!M26*1000 -> 157964.67 | ... AC26: =+[5]Resumen!AC26*1000 -> 155780.43
C27: Jun | D27: Ordinario | E27: 18 | F27: =+[5]Resumen!F27*1000 -> 146557.25 | G27: =+[5]Resumen!G27*1000 -> 136906.9 | H27: =+[5]Resumen!H27*1000 -> 131960.19 | I27: =+[5]Resumen!I27*1000 -> 131938.82 | J27: =+[5]Resumen!J27*1000 -> 147863.01 | K27: =+[5]Resumen!K27*1000 -> 169268.41 | L27: =+[5]Resumen!L27*1000 -> 193844.22 | M27: =+[5]Resumen!M27*1000 -> 199564.29 | ... AC27: =+[5]Resumen!AC27*1000 -> 159718.88 | AD27: =SUM(F27:AC27)*E27+SUM(F28:AC28)*E28+SUM(F29:AC29)*E29+SUM(F30:AC30)*E30 -> 1.4363302e+08
D28: Sábado | E28: 4 | F28: =+[5]Resumen!F28*1000 -> 157250.07 | G28: =+[5]Resumen!G28*1000 -> 145916.52 | H28: =+[5]Resumen!H28*1000 -> 139030.42 | I28: =+[5]Resumen!I28*1000 -> 137174.98 | J28: =+[5]Resumen!J28*1000 -> 143238.05 | K28: =+[5]Resumen!K28*1000 -> 153411.41 | L28: =+[5]Resumen!L28*1000 -> 173157.15 | M28: =+[5]Resumen!M28*1000 -> 181717.41 | ... AC28: =+[5]Resumen!AC28*1000 -> 168299.58
D29: Domingo | E29: 5 | F29: =+[5]Resumen!F29*1000 -> 158349.75 | G29: =+[5]Resumen!G29*1000 -> 146939.81 | H29: =+[5]Resumen!H29*1000 -> 139220.86 | I29: =+[5]Resumen!I29*1000 -> 135820.92 | J29: =+[5]Resumen!J29*1000 -> 136771.14 | K29: =+[5]Resumen!K29*1000 -> 139493.43 | L29: =+[5]Resumen!L29*1000 -> 147435.14 | M29: =+[5]Resumen!M29*1000 -> 148231.44 | ... AC29: =+[5]Resumen!AC29*1000 -> 159178.13
D30: Festivo | E30: 3 | F30: =+[5]Resumen!F30*1000 -> 151946.4 | G30: =+[5]Resumen!G30*1000 -> 141083.37 | H30: =+[5]Resumen!H30*1000 -> 134333.8 | I30: =+[5]Resumen!I30*1000 -> 131657.35 | J30: =+[5]Resumen!J30*1000 -> 133821.21 | K30: =+[5]Resumen!K30*1000 -> 137840.06 | L30: =+[5]Resumen!L30*1000 -> 145674.22 | M30: =+[5]Resumen!M30*1000 -> 146178.16 | ... AC30: =+[5]Resumen!AC30*1000 -> 157519.51
C31: Jul | D31: Ordinario | E31: 23 | F31: =+[5]Resumen!F31*1000 -> 149695.7 | G31: =+[5]Resumen!G31*1000 -> 139849.25 | H31: =+[5]Resumen!H31*1000 -> 134496.22 | I31: =+[5]Resumen!I31*1000 -> 134197.63 | J31: =+[5]Resumen!J31*1000 -> 150428.83 | K31: =+[5]Resumen!K31*1000 -> 175045.98 | L31: =+[5]Resumen!L31*1000 -> 199001.2 | M31: =+[5]Resumen!M31*1000 -> 201863.09 | ... AC31: =+[5]Resumen!AC31*1000 -> 163397.31 | AD31: =SUM(F31:AC31)*E31+SUM(F32:AC32)*E32+SUM(F33:AC33)*E33+SUM(F34:AC34)*E34 -> 1.5297373e+08
D32: Sábado | E32: 4 | F32: =+[5]Resumen!F32*1000 -> 159560.68 | G32: =+[5]Resumen!G32*1000 -> 148391.21 | H32: =+[5]Resumen!H32*1000 -> 141699.11 | I32: =+[5]Resumen!I32*1000 -> 139367.88 | J32: =+[5]Resumen!J32*1000 -> 145077.77 | K32: =+[5]Resumen!K32*1000 -> 155662.19 | L32: =+[5]Resumen!L32*1000 -> 174667.6 | M32: =+[5]Resumen!M32*1000 -> 183210.86 | ... AC32: =+[5]Resumen!AC32*1000 -> 167456.59
D33: Domingo | E33: 4 | F33: =+[5]Resumen!F33*1000 -> 154317.57 | G33: =+[5]Resumen!G33*1000 -> 142614.92 | H33: =+[5]Resumen!H33*1000 -> 134938.29 | I33: =+[5]Resumen!I33*1000 -> 131067.29 | J33: =+[5]Resumen!J33*1000 -> 132437.56 | K33: =+[5]Resumen!K33*1000 -> 135511.8 | L33: =+[5]Resumen!L33*1000 -> 144413.4 | M33: =+[5]Resumen!M33*1000 -> 145253.6 | ... AC33: =+[5]Resumen!AC33*1000 -> 154181.63
D34: Festivo | E34: 0 | F34: =+[5]Resumen!F34*1000 -> 164150.41 | G34: =+[5]Resumen!G34*1000 -> 151769.49 | H34: =+[5]Resumen!H34*1000 -> 143823.17 | I34: =+[5]Resumen!I34*1000 -> 139875.97 | J34: =+[5]Resumen!J34*1000 -> 140351.99 | K34: =+[5]Resumen!K34*1000 -> 141818.89 | L34: =+[5]Resumen!L34*1000 -> 150391.19 | M34: =+[5]Resumen!M34*1000 -> 151776.71 | ... AC34: =+[5]Resumen!AC34*1000 -> 165394.36
C35: Ago | D35: Ordinario | E35: 19 | F35: =+[5]Resumen!F35*1000 -> 151048.38 | G35: =+[5]Resumen!G35*1000 -> 141048.6 | H35: =+[5]Resumen!H35*1000 -> 135769.38 | I35: =+[5]Resumen!I35*1000 -> 135539.75 | J35: =+[5]Resumen!J35*1000 -> 153038.96 | K35: =+[5]Resumen!K35*1000 -> 180140.88 | L35: =+[5]Resumen!L35*1000 -> 205132.8 | M35: =+[5]Resumen!M35*1000 -> 206514.68 | ... AC35: =+[5]Resumen!AC35*1000 -> 165112.25 | AD35: =SUM(F35:AC35)*E35+SUM(F36:AC36)*E36+SUM(F37:AC37)*E37+SUM(F38:AC38)*E38 -> 1.5266476e+08
D36: Sábado | E36: 5 | F36: =+[5]Resumen!F36*1000 -> 161216.64 | G36: =+[5]Resumen!G36*1000 -> 150051.69 | H36: =+[5]Resumen!H36*1000 -> 143601.54 | I36: =+[5]Resumen!I36*1000 -> 141338.2 | J36: =+[5]Resumen!J36*1000 -> 147631.07 | K36: =+[5]Resumen!K36*1000 -> 158117.38 | L36: =+[5]Resumen!L36*1000 -> 177638.15 | M36: =+[5]Resumen!M36*1000 -> 186712.71 | ... AC36: =+[5]Resumen!AC36*1000 -> 168253.79
D37: Domingo | E37: 5 | F37: =+[5]Resumen!F37*1000 -> 158126.3 | G37: =+[5]Resumen!G37*1000 -> 146635.98 | H37: =+[5]Resumen!H37*1000 -> 138677.8 | I37: =+[5]Resumen!I37*1000 -> 135175.72 | J37: =+[5]Resumen!J37*1000 -> 136617.93 | K37: =+[5]Resumen!K37*1000 -> 141168.39 | L37: =+[5]Resumen!L37*1000 -> 148179.72 | M37: =+[5]Resumen!M37*1000 -> 149451.69 | ... AC37: =+[5]Resumen!AC37*1000 -> 158745.75
D38: Festivo | E38: 2 | F38: =+[5]Resumen!F38*1000 -> 153727.29 | G38: =+[5]Resumen!G38*1000 -> 142137.47 | H38: =+[5]Resumen!H38*1000 -> 134492.71 | I38: =+[5]Resumen!I38*1000 -> 132675.8 | J38: =+[5]Resumen!J38*1000 -> 134871.88 | K38: =+[5]Resumen!K38*1000 -> 141341.09 | L38: =+[5]Resumen!L38*1000 -> 151001.9 | M38: =+[5]Resumen!M38*1000 -> 151812.28 | ... AC38: =+[5]Resumen!AC38*1000 -> 158404.53
C39: Sep | D39: Ordinario | E39: 22 | F39: =+[5]Resumen!F39*1000 -> 149022.5 | G39: =+[5]Resumen!G39*1000 -> 139597.55 | H39: =+[5]Resumen!H39*1000 -> 134740.51 | I39: =+[5]Resumen!I39*1000 -> 134606.12 | J39: =+[5]Resumen!J39*1000 -> 152141.45 | K39: =+[5]Resumen!K39*1000 -> 179395.41 | L39: =+[5]Resumen!L39*1000 -> 203732.24 | M39: =+[5]Resumen!M39*1000 -> 204071.82 | ... AC39: =+[5]Resumen!AC39*1000 -> 161831.62 | AD39: =SUM(F39:AC39)*E39+SUM(F40:AC40)*E40+SUM(F41:AC41)*E41+SUM(F42:AC42)*E42 -> 1.4895013e+08
D40: Sábado | E40: 4 | F40: =+[5]Resumen!F40*1000 -> 158662.86 | G40: =+[5]Resumen!G40*1000 -> 147933.99 | H40: =+[5]Resumen!H40*1000 -> 141256.51 | I40: =+[5]Resumen!I40*1000 -> 139517.43 | J40: =+[5]Resumen!J40*1000 -> 146174.74 | K40: =+[5]Resumen!K40*1000 -> 158095.92 | L40: =+[5]Resumen!L40*1000 -> 176764.59 | M40: =+[5]Resumen!M40*1000 -> 185309.64 | ... AC40: =+[5]Resumen!AC40*1000 -> 168874.98
D41: Domingo | E41: 4 | F41: =+[5]Resumen!F41*1000 -> 158614.62 | G41: =+[5]Resumen!G41*1000 -> 146217.19 | H41: =+[5]Resumen!H41*1000 -> 138536.11 | I41: =+[5]Resumen!I41*1000 -> 134558.2 | J41: =+[5]Resumen!J41*1000 -> 135266.79 | K41: =+[5]Resumen!K41*1000 -> 138596.31 | L41: =+[5]Resumen!L41*1000 -> 146020.79 | M41: =+[5]Resumen!M41*1000 -> 146625.27 | ... AC41: =+[5]Resumen!AC41*1000 -> 155218.47
D42: Festivo | E42: 0 | F42: =+[5]Resumen!F42*1000 -> 0 | G42: =+[5]Resumen!G42*1000 -> 0 | H42: =+[5]Resumen!H42*1000 -> 0 | I42: =+[5]Resumen!I42*1000 -> 0 | J42: =+[5]Resumen!J42*1000 -> 0 | K42: =+[5]Resumen!K42*1000 -> 0 | L42: =+[5]Resumen!L42*1000 -> 0 | M42: =+[5]Resumen!M42*1000 -> 0 | ... AC42: =+[5]Resumen!AC42*1000 -> 0
C43: Oct | D43: Ordinario | E43: 22 | F43: =+[5]Resumen!F43*1000 -> 143568.01 | G43: =+[5]Resumen!G43*1000 -> 134261.46 | H43: =+[5]Resumen!H43*1000 -> 129879.97 | I43: =+[5]Resumen!I43*1000 -> 129786.94 | J43: =+[5]Resumen!J43*1000 -> 147220.56 | K43: =+[5]Resumen!K43*1000 -> 172359.07 | L43: =+[5]Resumen!L43*1000 -> 196531.51 | M43: =+[5]Resumen!M43*1000 -> 198734.6 | ... AC43: =+[5]Resumen!AC43*1000 -> 156624.08 | AD43: =SUM(F43:AC43)*E43+SUM(F44:AC44)*E44+SUM(F45:AC45)*E45+SUM(F46:AC46)*E46 -> 1.4936655e+08
D44: Sábado | E44: 4 | F44: =+[5]Resumen!F44*1000 -> 153958.29 | G44: =+[5]Resumen!G44*1000 -> 142823.85 | H44: =+[5]Resumen!H44*1000 -> 136476.05 | I44: =+[5]Resumen!I44*1000 -> 134579.12 | J44: =+[5]Resumen!J44*1000 -> 141341.82 | K44: =+[5]Resumen!K44*1000 -> 152539.5 | L44: =+[5]Resumen!L44*1000 -> 170935.68 | M44: =+[5]Resumen!M44*1000 -> 178574.93 | ... AC44: =+[5]Resumen!AC44*1000 -> 162146.22
D45: Domingo | E45: 4 | F45: =+[5]Resumen!F45*1000 -> 152251.33 | G45: =+[5]Resumen!G45*1000 -> 141777.78 | H45: =+[5]Resumen!H45*1000 -> 134630.49 | I45: =+[5]Resumen!I45*1000 -> 131007.68 | J45: =+[5]Resumen!J45*1000 -> 132307.27 | K45: =+[5]Resumen!K45*1000 -> 135921.33 | L45: =+[5]Resumen!L45*1000 -> 143797.28 | M45: =+[5]Resumen!M45*1000 -> 144956.73 | ... AC45: =+[5]Resumen!AC45*1000 -> 152454.85
D46: Festivo | E46: 1 | F46: =+[5]Resumen!F46*1000 -> 144214.98 | G46: =+[5]Resumen!G46*1000 -> 134008.44 | H46: =+[5]Resumen!H46*1000 -> 127275.96 | I46: =+[5]Resumen!I46*1000 -> 124522.73 | J46: =+[5]Resumen!J46*1000 -> 127475.19 | K46: =+[5]Resumen!K46*1000 -> 132572.32 | L46: =+[5]Resumen!L46*1000 -> 140110.68 | M46: =+[5]Resumen!M46*1000 -> 140826.51 | ... AC46: =+[5]Resumen!AC46*1000 -> 146728.98
C47: Nov | D47: Ordinario | E47: 18 | F47: =+[5]Resumen!F47*1000 -> 147557.49 | G47: =+[5]Resumen!G47*1000 -> 138072.06 | H47: =+[5]Resumen!H47*1000 -> 133021.26 | I47: =+[5]Resumen!I47*1000 -> 132830.27 | J47: =+[5]Resumen!J47*1000 -> 150376.84 | K47: =+[5]Resumen!K47*1000 -> 175527.33 | L47: =+[5]Resumen!L47*1000 -> 201566.51 | M47: =+[5]Resumen!M47*1000 -> 204231.12 | ... AC47: =+[5]Resumen!AC47*1000 -> 161208.88 | AD47: =SUM(F47:AC47)*E47+SUM(F48:AC48)*E48+SUM(F49:AC49)*E49+SUM(F50:AC50)*E50 -> 1.4659644e+08
D48: Sábado | E48: 5 | F48: =+[5]Resumen!F48*1000 -> 157878.38 | G48: =+[5]Resumen!G48*1000 -> 146197.92 | H48: =+[5]Resumen!H48*1000 -> 139868.44 | I48: =+[5]Resumen!I48*1000 -> 138460.79 | J48: =+[5]Resumen!J48*1000 -> 145220.15 | K48: =+[5]Resumen!K48*1000 -> 156567.51 | L48: =+[5]Resumen!L48*1000 -> 176391.31 | M48: =+[5]Resumen!M48*1000 -> 185049.82 | ... AC48: =+[5]Resumen!AC48*1000 -> 169332.22
D49: Domingo | E49: 5 | F49: =+[5]Resumen!F49*1000 -> 159050.91 | G49: =+[5]Resumen!G49*1000 -> 147741.11 | H49: =+[5]Resumen!H49*1000 -> 139808.13 | I49: =+[5]Resumen!I49*1000 -> 136294.75 | J49: =+[5]Resumen!J49*1000 -> 137666.2 | K49: =+[5]Resumen!K49*1000 -> 141849.23 | L49: =+[5]Resumen!L49*1000 -> 149621.54 | M49: =+[5]Resumen!M49*1000 -> 150558.31 | ... AC49: =+[5]Resumen!AC49*1000 -> 159025.8
D50: Festivo | E50: 2 | F50: =+[5]Resumen!F50*1000 -> 151736.47 | G50: =+[5]Resumen!G50*1000 -> 140726.61 | H50: =+[5]Resumen!H50*1000 -> 134503.92 | I50: =+[5]Resumen!I50*1000 -> 131544.46 | J50: =+[5]Resumen!J50*1000 -> 134756.48 | K50: =+[5]Resumen!K50*1000 -> 139917.43 | L50: =+[5]Resumen!L50*1000 -> 146635.83 | M50: =+[5]Resumen!M50*1000 -> 147929.06 | ... AC50: =+[5]Resumen!AC50*1000 -> 155077.71
C51: Dic | D51: Ordinario | E51: 21 | F51: =+[5]Resumen!F51*1000 -> 153839.25 | G51: =+[5]Resumen!G51*1000 -> 142632.97 | H51: =+[5]Resumen!H51*1000 -> 136503.42 | I51: =+[5]Resumen!I51*1000 -> 135480.49 | J51: =+[5]Resumen!J51*1000 -> 149664.03 | K51: =+[5]Resumen!K51*1000 -> 167413.31 | L51: =+[5]Resumen!L51*1000 -> 189360.58 | M51: =+[5]Resumen!M51*1000 -> 196858.2 | ... AC51: =+[5]Resumen!AC51*1000 -> 169560.92 | AD51: =SUM(F51:AC51)*E51+SUM(F52:AC52)*E52+SUM(F53:AC53)*E53+SUM(F54:AC54)*E54 -> 1.5253553e+08
D52: Sábado | E52: 4 | F52: =+[5]Resumen!F52*1000 -> 163062.35 | G52: =+[5]Resumen!G52*1000 -> 150254.97 | H52: =+[5]Resumen!H52*1000 -> 143045.87 | I52: =+[5]Resumen!I52*1000 -> 140856.95 | J52: =+[5]Resumen!J52*1000 -> 145529.28 | K52: =+[5]Resumen!K52*1000 -> 159753.91 | L52: =+[5]Resumen!L52*1000 -> 174909.09 | M52: =+[5]Resumen!M52*1000 -> 182601.41 | ... AC52: =+[5]Resumen!AC52*1000 -> 175089.4
D53: Domingo | E53: 4 | F53: =+[5]Resumen!F53*1000 -> 163726.74 | G53: =+[5]Resumen!G53*1000 -> 150994.35 | H53: =+[5]Resumen!H53*1000 -> 142618.42 | I53: =+[5]Resumen!I53*1000 -> 138578.13 | J53: =+[5]Resumen!J53*1000 -> 139780.13 | K53: =+[5]Resumen!K53*1000 -> 144744.08 | L53: =+[5]Resumen!L53*1000 -> 152028.05 | M53: =+[5]Resumen!M53*1000 -> 153025.06 | ... AC53: =+[5]Resumen!AC53*1000 -> 165628.26
D54: Festivo | E54: 2 | F54: =+[5]Resumen!F54*1000 -> 162615.57 | G54: =+[5]Resumen!G54*1000 -> 152470.93 | H54: =+[5]Resumen!H54*1000 -> 143924.39 | I54: =+[5]Resumen!I54*1000 -> 138581.44 | J54: =+[5]Resumen!J54*1000 -> 138007.87 | K54: =+[5]Resumen!K54*1000 -> 140053.17 | L54: =+[5]Resumen!L54*1000 -> 141685.98 | M54: =+[5]Resumen!M54*1000 -> 136466.79 | ... AC54: =+[5]Resumen!AC54*1000 -> 157174.34
Z55: TOTAL AÑO kWh | AD55: =SUM(AD7:AD54) -> 1.7873595e+09

Sheet Cantidades 2032
C2: CANTIDADES DE ENERGÍA SOLICITADAS (kWh)
C3: EMPRESAS PÚBLICAS DE MEDELLÍN E.S.P.
C4: 2032
C6: Mes | D6: Tipo Día | E6: Días | F6: H1 | G6: H2 | H6: H3 | I6: H4 | J6: H5 | K6: H6 | L6: H7 | M6: H8 | N6: H9 | O6: H10 | P6: H11 | Q6: H12 | R6: H13 | S6: H14 | T6: H15 | U6: H16 | V6: H17 | W6: H18 | X6: H19 | Y6: H20 | Z6: H21 | AA6: H22 | AB6: H23 | AC6: H24 | AD6: TOTAL MES
C7: Ene | D7: Ordinario | E7: 20 | F7: =[6]Resumen!F7*1000 -> 152438.48 | G7: =[6]Resumen!G7*1000 -> 142850.96 | H7: =[6]Resumen!H7*1000 -> 137380.86 | I7: =[6]Resumen!I7*1000 -> 136789.28 | J7: =[6]Resumen!J7*1000 -> 152223.6 | K7: =[6]Resumen!K7*1000 -> 174687.97 | L7: =[6]Resumen!L7*1000 -> 199417.05 | M7: =[6]Resumen!M7*1000 -> 189393.39 | ... AC7: =[6]Resumen!AC7*1000 -> 166996.31 | AD7: =SUM(F7:AC7)*E7+SUM(F8:AC8)*E8+SUM(F9:AC9)*E9+SUM(F10:AC10)*E10 -> 1.4955146e+08
D8: Sábado | E8: 5 | F8: =[6]Resumen!F8*1000 -> 164577.25 | G8: =[6]Resumen!G8*1000 -> 152789.1 | H8: =[6]Resumen!H8*1000 -> 146035.28 | I8: =[6]Resumen!I8*1000 -> 143497.19 | J8: =[6]Resumen!J8*1000 -> 148867.02 | K8: =[6]Resumen!K8*1000 -> 160298 | L8: =[6]Resumen!L8*1000 -> 177825.5 | M8: =[6]Resumen!M8*1000 -> 171009.82 | ... AC8: =[6]Resumen!AC8*1000 -> 174912.16
D9: Domingo | E9: 4 | F9: =[6]Resumen!F9*1000 -> 163452.34 | G9: =[6]Resumen!G9*1000 -> 151060.14 | H9: =[6]Resumen!H9*1000 -> 143074.33 | I9: =[6]Resumen!I9*1000 -> 139161.62 | J9: =[6]Resumen!J9*1000 -> 140107.31 | K9: =[6]Resumen!K9*1000 -> 144950.93 | L9: =[6]Resumen!L9*1000 -> 152325.1 | M9: =[6]Resumen!M9*1000 -> 141007.66 | ... AC9: =[6]Resumen!AC9*1000 -> 163738.33
D10: Festivo | E10: 2 | F10: =[6]Resumen!F10*1000 -> 166267.68 | G10: =[6]Resumen!G10*1000 -> 157267.57 | H10: =[6]Resumen!H10*1000 -> 150098.59 | I10: =[6]Resumen!I10*1000 -> 144042.11 | J10: =[6]Resumen!J10*1000 -> 143792.55 | K10: =[6]Resumen!K10*1000 -> 145871.04 | L10: =[6]Resumen!L10*1000 -> 148932.26 | M10: =[6]Resumen!M10*1000 -> 133058.74 | ... AC10: =[6]Resumen!AC10*1000 -> 157284.71
C11: Feb | D11: Ordinario | E11: 20 | F11: =[6]Resumen!F11*1000 -> 153460.58 | G11: =[6]Resumen!G11*1000 -> 143709.68 | H11: =[6]Resumen!H11*1000 -> 138934.98 | I11: =[6]Resumen!I11*1000 -> 138933.9 | J11: =[6]Resumen!J11*1000 -> 158076.08 | K11: =[6]Resumen!K11*1000 -> 190161.89 | L11: =[6]Resumen!L11*1000 -> 215393.01 | M11: =[6]Resumen!M11*1000 -> 199215.27 | ... AC11: =[6]Resumen!AC11*1000 -> 167141.88 | AD11: =SUM(F11:AC11)*E11+SUM(F12:AC12)*E12+SUM(F13:AC13)*E13+SUM(F14:AC14)*E14 -> 1.4429097e+08
D12: Sábado | E12: 4 | F12: =[6]Resumen!F12*1000 -> 168867.32 | G12: =[6]Resumen!G12*1000 -> 157221.66 | H12: =[6]Resumen!H12*1000 -> 150112.1 | I12: =[6]Resumen!I12*1000 -> 148595.75 | J12: =[6]Resumen!J12*1000 -> 155269.87 | K12: =[6]Resumen!K12*1000 -> 167799.53 | L12: =[6]Resumen!L12*1000 -> 189159.32 | M12: =[6]Resumen!M12*1000 -> 182811.89 | ... AC12: =[6]Resumen!AC12*1000 -> 176333.19
D13: Domingo | E13: 5 | F13: =[6]Resumen!F13*1000 -> 165891.93 | G13: =[6]Resumen!G13*1000 -> 153539.45 | H13: =[6]Resumen!H13*1000 -> 145698.3 | I13: =[6]Resumen!I13*1000 -> 141754.58 | J13: =[6]Resumen!J13*1000 -> 143350.5 | K13: =[6]Resumen!K13*1000 -> 148319.13 | L13: =[6]Resumen!L13*1000 -> 158037.16 | M13: =[6]Resumen!M13*1000 -> 147284.53 | ... AC13: =[6]Resumen!AC13*1000 -> 162968.52
D14: Festivo | E14: 0 | F14: =[6]Resumen!F14*1000 -> 0 | G14: =[6]Resumen!G14*1000 -> 0 | H14: =[6]Resumen!H14*1000 -> 0 | I14: =[6]Resumen!I14*1000 -> 0 | J14: =[6]Resumen!J14*1000 -> 0 | K14: =[6]Resumen!K14*1000 -> 0 | L14: =[6]Resumen!L14*1000 -> 0 | M14: =[6]Resumen!M14*1000 -> 0 | ... AC14: =[6]Resumen!AC14*1000 -> 0
C15: Mar | D15: Ordinario | E15: 20 | F15: =[6]Resumen!F15*1000 -> 155843.9 | G15: =[6]Resumen!G15*1000 -> 146350.19 | H15: =[6]Resumen!H15*1000 -> 141488.53 | I15: =[6]Resumen!I15*1000 -> 141700.09 | J15: =[6]Resumen!J15*1000 -> 161220.15 | K15: =[6]Resumen!K15*1000 -> 193025.85 | L15: =[6]Resumen!L15*1000 -> 217779 | M15: =[6]Resumen!M15*1000 -> 204503.85 | ... AC15: =[6]Resumen!AC15*1000 -> 169791.42 | AD15: =SUM(F15:AC15)*E15+SUM(F16:AC16)*E16+SUM(F17:AC17)*E17+SUM(F18:AC18)*E18 -> 1.5665691e+08
D16: Sábado | E16: 4 | F16: =[6]Resumen!F16*1000 -> 167098.15 | G16: =[6]Resumen!G16*1000 -> 155825.8 | H16: =[6]Resumen!H16*1000 -> 149168.61 | I16: =[6]Resumen!I16*1000 -> 147778.11 | J16: =[6]Resumen!J16*1000 -> 155154.24 | K16: =[6]Resumen!K16*1000 -> 169244.88 | L16: =[6]Resumen!L16*1000 -> 190439.75 | M16: =[6]Resumen!M16*1000 -> 187829.75 | ... AC16: =[6]Resumen!AC16*1000 -> 180618.89
D17: Domingo | E17: 4 | F17: =[6]Resumen!F17*1000 -> 167269.29 | G17: =[6]Resumen!G17*1000 -> 154782.64 | H17: =[6]Resumen!H17*1000 -> 146878.47 | I17: =[6]Resumen!I17*1000 -> 142900.71 | J17: =[6]Resumen!J17*1000 -> 144087.51 | K17: =[6]Resumen!K17*1000 -> 149205.06 | L17: =[6]Resumen!L17*1000 -> 157634.39 | M17: =[6]Resumen!M17*1000 -> 150546.23 | ... AC17: =[6]Resumen!AC17*1000 -> 167207.81
D18: Festivo | E18: 3 | F18: =[6]Resumen!F18*1000 -> 172182.05 | G18: =[6]Resumen!G18*1000 -> 159999.7 | H18: =[6]Resumen!H18*1000 -> 152513.51 | I18: =[6]Resumen!I18*1000 -> 149277.48 | J18: =[6]Resumen!J18*1000 -> 151854.12 | K18: =[6]Resumen!K18*1000 -> 157293.6 | L18: =[6]Resumen!L18*1000 -> 164951.86 | M18: =[6]Resumen!M18*1000 -> 157187.28 | ... AC18: =[6]Resumen!AC18*1000 -> 175155.31
C19: Abr | D19: Ordinario | E19: 22 | F19: =[6]Resumen!F19*1000 -> 154376.54 | G19: =[6]Resumen!G19*1000 -> 144690.25 | H19: =[6]Resumen!H19*1000 -> 139847.06 | I19: =[6]Resumen!I19*1000 -> 140039.69 | J19: =[6]Resumen!J19*1000 -> 158477.69 | K19: =[6]Resumen!K19*1000 -> 186392.04 | L19: =[6]Resumen!L19*1000 -> 210816.93 | M19: =[6]Resumen!M19*1000 -> 199771.89 | ... AC19: =[6]Resumen!AC19*1000 -> 169133.06 | AD19: =SUM(F19:AC19)*E19+SUM(F20:AC20)*E20+SUM(F21:AC21)*E21+SUM(F22:AC22)*E22 -> 1.5088266e+08
D20: Sábado | E20: 4 | F20: =[6]Resumen!F20*1000 -> 163762.06 | G20: =[6]Resumen!G20*1000 -> 151921.72 | H20: =[6]Resumen!H20*1000 -> 145269 | I20: =[6]Resumen!I20*1000 -> 143805.16 | J20: =[6]Resumen!J20*1000 -> 150215.01 | K20: =[6]Resumen!K20*1000 -> 161575.07 | L20: =[6]Resumen!L20*1000 -> 180391.65 | M20: =[6]Resumen!M20*1000 -> 177030.69 | ... AC20: =[6]Resumen!AC20*1000 -> 177991.24
D21: Domingo | E21: 4 | F21: =[6]Resumen!F21*1000 -> 166910.83 | G21: =[6]Resumen!G21*1000 -> 154443.52 | H21: =[6]Resumen!H21*1000 -> 146494.37 | I21: =[6]Resumen!I21*1000 -> 142900.35 | J21: =[6]Resumen!J21*1000 -> 144284.3 | K21: =[6]Resumen!K21*1000 -> 147842.04 | L21: =[6]Resumen!L21*1000 -> 157411.1 | M21: =[6]Resumen!M21*1000 -> 150476.39 | ... AC21: =[6]Resumen!AC21*1000 -> 164432.42
D22: Festivo | E22: 0 | F22: =[6]Resumen!F22*1000 -> 171969.94 | G22: =[6]Resumen!G22*1000 -> 158985.27 | H22: =[6]Resumen!H22*1000 -> 151002.1 | I22: =[6]Resumen!I22*1000 -> 147382.4 | J22: =[6]Resumen!J22*1000 -> 149302.38 | K22: =[6]Resumen!K22*1000 -> 153230.98 | L22: =[6]Resumen!L22*1000 -> 160771.77 | M22: =[6]Resumen!M22*1000 -> 161423.96 | ... AC22: =[6]Resumen!AC22*1000 -> 175338.64
C23: May | D23: Ordinario | E23: 19 | F23: =[6]Resumen!F23*1000 -> 156446.41 | G23: =[6]Resumen!G23*1000 -> 146454.17 | H23: =[6]Resumen!H23*1000 -> 141423.03 | I23: =[6]Resumen!I23*1000 -> 141697.84 | J23: =[6]Resumen!J23*1000 -> 160386.55 | K23: =[6]Resumen!K23*1000 -> 188551.86 | L23: =[6]Resumen!L23*1000 -> 214604.06 | M23: =[6]Resumen!M23*1000 -> 204451.91 | ... AC23: =[6]Resumen!AC23*1000 -> 171242.97 | AD23: =SUM(F23:AC23)*E23+SUM(F24:AC24)*E24+SUM(F25:AC25)*E25+SUM(F26:AC26)*E26 -> 1.5577533e+08
D24: Sábado | E24: 4 | F24: =[6]Resumen!F24*1000 -> 168637 | G24: =[6]Resumen!G24*1000 -> 156778.7 | H24: =[6]Resumen!H24*1000 -> 150416.37 | I24: =[6]Resumen!I24*1000 -> 148636.68 | J24: =[6]Resumen!J24*1000 -> 155516.76 | K24: =[6]Resumen!K24*1000 -> 167045.48 | L24: =[6]Resumen!L24*1000 -> 188383.05 | M24: =[6]Resumen!M24*1000 -> 186389.59 | ... AC24: =[6]Resumen!AC24*1000 -> 180384.45
D25: Domingo | E25: 5 | F25: =[6]Resumen!F25*1000 -> 166868.71 | G25: =[6]Resumen!G25*1000 -> 154753.54 | H25: =[6]Resumen!H25*1000 -> 146639.73 | I25: =[6]Resumen!I25*1000 -> 142856.32 | J25: =[6]Resumen!J25*1000 -> 143600.77 | K25: =[6]Resumen!K25*1000 -> 146522.2 | L25: =[6]Resumen!L25*1000 -> 156777.85 | M25: =[6]Resumen!M25*1000 -> 150919.18 | ... AC25: =[6]Resumen!AC25*1000 -> 165809.17
D26: Festivo | E26: 3 | F26: =[6]Resumen!F26*1000 -> 160930.22 | G26: =[6]Resumen!G26*1000 -> 149309.43 | H26: =[6]Resumen!H26*1000 -> 142533.81 | I26: =[6]Resumen!I26*1000 -> 140291.28 | J26: =[6]Resumen!J26*1000 -> 145595.82 | K26: =[6]Resumen!K26*1000 -> 153734.96 | L26: =[6]Resumen!L26*1000 -> 164557.25 | M26: =[6]Resumen!M26*1000 -> 158292.15 | ... AC26: =[6]Resumen!AC26*1000 -> 165416.98
C27: Jun | D27: Ordinario | E27: 21 | F27: =[6]Resumen!F27*1000 -> 151993.42 | G27: =[6]Resumen!G27*1000 -> 141998.35 | H27: =[6]Resumen!H27*1000 -> 136874.93 | I27: =[6]Resumen!I27*1000 -> 136852.8 | J27: =[6]Resumen!J27*1000 -> 153350.29 | K27: =[6]Resumen!K27*1000 -> 175520.03 | L27: =[6]Resumen!L27*1000 -> 200973.4 | M27: =[6]Resumen!M27*1000 -> 194159.87 | ... AC27: =[6]Resumen!AC27*1000 -> 165692.41 | AD27: =SUM(F27:AC27)*E27+SUM(F28:AC28)*E28+SUM(F29:AC29)*E29+SUM(F30:AC30)*E30 -> 1.4677454e+08
D28: Sábado | E28: 4 | F28: =[6]Resumen!F28*1000 -> 163072.55 | G28: =[6]Resumen!G28*1000 -> 151334.3 | H28: =[6]Resumen!H28*1000 -> 144202.31 | I28: =[6]Resumen!I28*1000 -> 142280.62 | J28: =[6]Resumen!J28*1000 -> 148560.18 | K28: =[6]Resumen!K28*1000 -> 159096.81 | L28: =[6]Resumen!L28*1000 -> 179547.63 | M28: =[6]Resumen!M28*1000 -> 176876.04 | ... AC28: =[6]Resumen!AC28*1000 -> 174585.96
D29: Domingo | E29: 4 | F29: =[6]Resumen!F29*1000 -> 164211.49 | G29: =[6]Resumen!G29*1000 -> 152394.13 | H29: =[6]Resumen!H29*1000 -> 144399.55 | I29: =[6]Resumen!I29*1000 -> 140878.21 | J29: =[6]Resumen!J29*1000 -> 141862.35 | K29: =[6]Resumen!K29*1000 -> 144681.85 | L29: =[6]Resumen!L29*1000 -> 152907.14 | M29: =[6]Resumen!M29*1000 -> 144452.19 | ... AC29: =[6]Resumen!AC29*1000 -> 165138.8
D30: Festivo | E30: 1 | F30: =[6]Resumen!F30*1000 -> 157579.49 | G30: =[6]Resumen!G30*1000 -> 146328.56 | H30: =[6]Resumen!H30*1000 -> 139337.98 | I30: =[6]Resumen!I30*1000 -> 136565.96 | J30: =[6]Resumen!J30*1000 -> 138807.09 | K30: =[6]Resumen!K30*1000 -> 142969.44 | L30: =[6]Resumen!L30*1000 -> 151083.35 | M30: =[6]Resumen!M30*1000 -> 142463.19 | ... AC30: =[6]Resumen!AC30*1000 -> 163420.95
C31: Jul | D31: Ordinario | E31: 20 | F31: =[6]Resumen!F31*1000 -> 159323.26 | G31: =[6]Resumen!G31*1000 -> 148889.16 | H31: =[6]Resumen!H31*1000 -> 143216.65 | I31: =[6]Resumen!I31*1000 -> 142900.24 | J31: =[6]Resumen!J31*1000 -> 160115.62 | K31: =[6]Resumen!K31*1000 -> 186200.93 | L31: =[6]Resumen!L31*1000 -> 211584.85 | M31: =[6]Resumen!M31*1000 -> 202525.79 | ... AC31: =[6]Resumen!AC31*1000 -> 174074.49 | AD31: =SUM(F31:AC31)*E31+SUM(F32:AC32)*E32+SUM(F33:AC33)*E33+SUM(F34:AC34)*E34 -> 1.5657337e+08
D32: Sábado | E32: 5 | F32: =[6]Resumen!F32*1000 -> 169792.08 | G32: =[6]Resumen!G32*1000 -> 157956.46 | H32: =[6]Resumen!H32*1000 -> 150865.25 | I32: =[6]Resumen!I32*1000 -> 148394.98 | J32: =[6]Resumen!J32*1000 -> 154445.42 | K32: =[6]Resumen!K32*1000 -> 165661.09 | L32: =[6]Resumen!L32*1000 -> 185799.98 | M32: =[6]Resumen!M32*1000 -> 184079.33 | ... AC32: =[6]Resumen!AC32*1000 -> 178398.05
D33: Domingo | E33: 4 | F33: =[6]Resumen!F33*1000 -> 164236.27 | G33: =[6]Resumen!G33*1000 -> 151835.68 | H33: =[6]Resumen!H33*1000 -> 143701.21 | I33: =[6]Resumen!I33*1000 -> 139599.34 | J33: =[6]Resumen!J33*1000 -> 141051.34 | K33: =[6]Resumen!K33*1000 -> 144308.93 | L33: =[6]Resumen!L33*1000 -> 153741.42 | M33: =[6]Resumen!M33*1000 -> 145992.58 | ... AC33: =[6]Resumen!AC33*1000 -> 164331.37
D34: Festivo | E34: 2 | F34: =[6]Resumen!F34*1000 -> 174655.55 | G34: =[6]Resumen!G34*1000 -> 161536.23 | H34: =[6]Resumen!H34*1000 -> 153115.99 | I34: =[6]Resumen!I34*1000 -> 148933.37 | J34: =[6]Resumen!J34*1000 -> 149437.79 | K34: =[6]Resumen!K34*1000 -> 150992.17 | L34: =[6]Resumen!L34*1000 -> 160075.73 | M34: =[6]Resumen!M34*1000 -> 152605.97 | ... AC34: =[6]Resumen!AC34*1000 -> 176212.83
C35: Ago | D35: Ordinario | E35: 21 | F35: =[6]Resumen!F35*1000 -> 158187.29 | G35: =[6]Resumen!G35*1000 -> 147740.43 | H35: =[6]Resumen!H35*1000 -> 142225.17 | I35: =[6]Resumen!I35*1000 -> 141985.28 | J35: =[6]Resumen!J35*1000 -> 160275.43 | K35: =[6]Resumen!K35*1000 -> 188588.4 | L35: =[6]Resumen!L35*1000 -> 214697.1 | M35: =[6]Resumen!M35*1000 -> 203705.81 | ... AC35: =[6]Resumen!AC35*1000 -> 173008.89 | AD35: =SUM(F35:AC35)*E35+SUM(F36:AC36)*E36+SUM(F37:AC37)*E37+SUM(F38:AC38)*E38 -> 1.5619961e+08
D36: Sábado | E36: 3 | F36: =[6]Resumen!F36*1000 -> 168818.53 | G36: =[6]Resumen!G36*1000 -> 157154.67 | H36: =[6]Resumen!H36*1000 -> 150416.3 | I36: =[6]Resumen!I36*1000 -> 148051.82 | J36: =[6]Resumen!J36*1000 -> 154625.89 | K36: =[6]Resumen!K36*1000 -> 165580.77 | L36: =[6]Resumen!L36*1000 -> 185973.85 | M36: =[6]Resumen!M36*1000 -> 184222.73 | ... AC36: =[6]Resumen!AC36*1000 -> 176303.19
D37: Domingo | E37: 5 | F37: =[6]Resumen!F37*1000 -> 165590.1 | G37: =[6]Resumen!G37*1000 -> 153586.33 | H37: =[6]Resumen!H37*1000 -> 145272.54 | I37: =[6]Resumen!I37*1000 -> 141613.97 | J37: =[6]Resumen!J37*1000 -> 143120.63 | K37: =[6]Resumen!K37*1000 -> 147874.42 | L37: =[6]Resumen!L37*1000 -> 155199.05 | M37: =[6]Resumen!M37*1000 -> 147726.98 | ... AC37: =[6]Resumen!AC37*1000 -> 166370.27
D38: Festivo | E38: 2 | F38: =[6]Resumen!F38*1000 -> 160994.52 | G38: =[6]Resumen!G38*1000 -> 148886.8 | H38: =[6]Resumen!H38*1000 -> 140900.43 | I38: =[6]Resumen!I38*1000 -> 139002.33 | J38: =[6]Resumen!J38*1000 -> 141296.55 | K38: =[6]Resumen!K38*1000 -> 148054.84 | L38: =[6]Resumen!L38*1000 -> 158147.34 | M38: =[6]Resumen!M38*1000 -> 149726.47 | ... AC38: =[6]Resumen!AC38*1000 -> 166013.8
C39: Sep | D39: Ordinario | E39: 22 | F39: =[6]Resumen!F39*1000 -> 156795.52 | G39: =[6]Resumen!G39*1000 -> 146908.88 | H39: =[6]Resumen!H39*1000 -> 141813.93 | I39: =[6]Resumen!I39*1000 -> 141672.96 | J39: =[6]Resumen!J39*1000 -> 160077.7 | K39: =[6]Resumen!K39*1000 -> 188665.84 | L39: =[6]Resumen!L39*1000 -> 214194.03 | M39: =[6]Resumen!M39*1000 -> 201771.79 | ... AC39: =[6]Resumen!AC39*1000 -> 170390.33 | AD39: =SUM(F39:AC39)*E39+SUM(F40:AC40)*E40+SUM(F41:AC41)*E41+SUM(F42:AC42)*E42 -> 1.522022e+08
D40: Sábado | E40: 4 | F40: =[6]Resumen!F40*1000 -> 166918.36 | G40: =[6]Resumen!G40*1000 -> 155664.28 | H40: =[6]Resumen!H40*1000 -> 148659.91 | I40: =[6]Resumen!I40*1000 -> 146835.69 | J40: =[6]Resumen!J40*1000 -> 153818.9 | K40: =[6]Resumen!K40*1000 -> 166323.67 | L40: =[6]Resumen!L40*1000 -> 185906.23 | M40: =[6]Resumen!M40*1000 -> 183283.79 | ... AC40: =[6]Resumen!AC40*1000 -> 177793.72
D41: Domingo | E41: 4 | F41: =[6]Resumen!F41*1000 -> 166867.75 | G41: =[6]Resumen!G41*1000 -> 153863.43 | H41: =[6]Resumen!H41*1000 -> 145806.34 | I41: =[6]Resumen!I41*1000 -> 141633.7 | J41: =[6]Resumen!J41*1000 -> 142376.97 | K41: =[6]Resumen!K41*1000 -> 145869.48 | L41: =[6]Resumen!L41*1000 -> 153657.42 | M41: =[6]Resumen!M41*1000 -> 145309.46 | ... AC41: =[6]Resumen!AC41*1000 -> 163468.68
D42: Festivo | E42: 0 | F42: =[6]Resumen!F42*1000 -> 0 | G42: =[6]Resumen!G42*1000 -> 0 | H42: =[6]Resumen!H42*1000 -> 0 | I42: =[6]Resumen!I42*1000 -> 0 | J42: =[6]Resumen!J42*1000 -> 0 | K42: =[6]Resumen!K42*1000 -> 0 | L42: =[6]Resumen!L42*1000 -> 0 | M42: =[6]Resumen!M42*1000 -> 0 | ... AC42: =[6]Resumen!AC42*1000 -> 0
C43: Oct | D43: Ordinario | E43: 20 | F43: =[6]Resumen!F43*1000 -> 152167.65 | G43: =[6]Resumen!G43*1000 -> 142343.17 | H43: =[6]Resumen!H43*1000 -> 137717.85 | I43: =[6]Resumen!I43*1000 -> 137619.64 | J43: =[6]Resumen!J43*1000 -> 156036.9 | K43: =[6]Resumen!K43*1000 -> 182573.33 | L43: =[6]Resumen!L43*1000 -> 208089.96 | M43: =[6]Resumen!M43*1000 -> 198079.65 | ... AC43: =[6]Resumen!AC43*1000 -> 166154.24 | AD43: =SUM(F43:AC43)*E43+SUM(F44:AC44)*E44+SUM(F45:AC45)*E45+SUM(F46:AC46)*E46 -> 1.5267607e+08
D44: Sábado | E44: 5 | F44: =[6]Resumen!F44*1000 -> 163149.31 | G44: =[6]Resumen!G44*1000 -> 151395.7 | H44: =[6]Resumen!H44*1000 -> 144694.91 | I44: =[6]Resumen!I44*1000 -> 142692.49 | J44: =[6]Resumen!J44*1000 -> 149831.26 | K44: =[6]Resumen!K44*1000 -> 161651.63 | L44: =[6]Resumen!L44*1000 -> 181070.78 | M44: =[6]Resumen!M44*1000 -> 177916.57 | ... AC44: =[6]Resumen!AC44*1000 -> 172003.1
D45: Domingo | E45: 5 | F45: =[6]Resumen!F45*1000 -> 161347.43 | G45: =[6]Resumen!G45*1000 -> 150291.46 | H45: =[6]Resumen!H45*1000 -> 142746.72 | I45: =[6]Resumen!I45*1000 -> 138922.45 | J45: =[6]Resumen!J45*1000 -> 140294.31 | K45: =[6]Resumen!K45*1000 -> 144109.35 | L45: =[6]Resumen!L45*1000 -> 152423.26 | M45: =[6]Resumen!M45*1000 -> 144620.74 | ... AC45: =[6]Resumen!AC45*1000 -> 161772.81
D46: Festivo | E46: 1 | F46: =[6]Resumen!F46*1000 -> 152864.19 | G46: =[6]Resumen!G46*1000 -> 142090.08 | H46: =[6]Resumen!H46*1000 -> 134983.22 | I46: =[6]Resumen!I46*1000 -> 132076.88 | J46: =[6]Resumen!J46*1000 -> 135193.53 | K46: =[6]Resumen!K46*1000 -> 140574.1 | L46: =[6]Resumen!L46*1000 -> 148531.66 | M46: =[6]Resumen!M46*1000 -> 140388.78 | ... AC46: =[6]Resumen!AC46*1000 -> 155728.53
C47: Nov | D47: Ordinario | E47: 20 | F47: =[6]Resumen!F47*1000 -> 154206.71 | G47: =[6]Resumen!G47*1000 -> 144316 | H47: =[6]Resumen!H47*1000 -> 139049.4 | I47: =[6]Resumen!I47*1000 -> 138850.25 | J47: =[6]Resumen!J47*1000 -> 157154.13 | K47: =[6]Resumen!K47*1000 -> 183378.62 | L47: =[6]Resumen!L47*1000 -> 210529.74 | M47: =[6]Resumen!M47*1000 -> 200176.17 | ... AC47: =[6]Resumen!AC47*1000 -> 168556.62 | AD47: =SUM(F47:AC47)*E47+SUM(F48:AC48)*E48+SUM(F49:AC49)*E49+SUM(F50:AC50)*E50 -> 1.4975648e+08
D48: Sábado | E48: 4 | F48: =[6]Resumen!F48*1000 -> 164976.01 | G48: =[6]Resumen!G48*1000 -> 152796.76 | H48: =[6]Resumen!H48*1000 -> 146196.99 | I48: =[6]Resumen!I48*1000 -> 144729.23 | J48: =[6]Resumen!J48*1000 -> 151777.24 | K48: =[6]Resumen!K48*1000 -> 163609.16 | L48: =[6]Resumen!L48*1000 -> 184279.49 | M48: =[6]Resumen!M48*1000 -> 181405.48 | ... AC48: =[6]Resumen!AC48*1000 -> 177037.93
D49: Domingo | E49: 4 | F49: =[6]Resumen!F49*1000 -> 166198.61 | G49: =[6]Resumen!G49*1000 -> 154405.85 | H49: =[6]Resumen!H49*1000 -> 146134.11 | I49: =[6]Resumen!I49*1000 -> 142470.7 | J49: =[6]Resumen!J49*1000 -> 143900.72 | K49: =[6]Resumen!K49*1000 -> 148262.37 | L49: =[6]Resumen!L49*1000 -> 156366.58 | M49: =[6]Resumen!M49*1000 -> 147975.98 | ... AC49: =[6]Resumen!AC49*1000 -> 166291.4
D50: Festivo | E50: 2 | F50: =[6]Resumen!F50*1000 -> 158571.82 | G50: =[6]Resumen!G50*1000 -> 147091.81 | H50: =[6]Resumen!H50*1000 -> 140603.4 | I50: =[6]Resumen!I50*1000 -> 137517.56 | J50: =[6]Resumen!J50*1000 -> 140866.74 | K50: =[6]Resumen!K50*1000 -> 146248.08 | L50: =[6]Resumen!L50*1000 -> 153253.37 | M50: =[6]Resumen!M50*1000 -> 145474.84 | ... AC50: =[6]Resumen!AC50*1000 -> 162174.72
C51: Dic | D51: Ordinario | E51: 22 | F51: =[6]Resumen!F51*1000 -> 161630.45 | G51: =[6]Resumen!G51*1000 -> 149889.27 | H51: =[6]Resumen!H51*1000 -> 143467.13 | I51: =[6]Resumen!I51*1000 -> 142395.37 | J51: =[6]Resumen!J51*1000 -> 157266.05 | K51: =[6]Resumen!K51*1000 -> 175862.09 | L51: =[6]Resumen!L51*1000 -> 198856.4 | M51: =[6]Resumen!M51*1000 -> 194776.27 | ... AC51: =[6]Resumen!AC51*1000 -> 178252.36 | AD51: =SUM(F51:AC51)*E51+SUM(F52:AC52)*E52+SUM(F53:AC53)*E53+SUM(F54:AC54)*E54 -> 1.5610123e+08
D52: Sábado | E52: 3 | F52: =[6]Resumen!F52*1000 -> 171303.55 | G52: =[6]Resumen!G52*1000 -> 157885.17 | H52: =[6]Resumen!H52*1000 -> 150332.15 | I52: =[6]Resumen!I52*1000 -> 148038.8 | J52: =[6]Resumen!J52*1000 -> 152934.04 | K52: =[6]Resumen!K52*1000 -> 167837.29 | L52: =[6]Resumen!L52*1000 -> 183715.47 | M52: =[6]Resumen!M52*1000 -> 180649.08 | ... AC52: =[6]Resumen!AC52*1000 -> 184058.86
D53: Domingo | E53: 4 | F53: =[6]Resumen!F53*1000 -> 171999.64 | G53: =[6]Resumen!G53*1000 -> 158659.83 | H53: =[6]Resumen!H53*1000 -> 149884.3 | I53: =[6]Resumen!I53*1000 -> 145651.27 | J53: =[6]Resumen!J53*1000 -> 146910.62 | K53: =[6]Resumen!K53*1000 -> 152111.38 | L53: =[6]Resumen!L53*1000 -> 159742.85 | M53: =[6]Resumen!M53*1000 -> 151744.48 | ... AC53: =[6]Resumen!AC53*1000 -> 174146.35
D54: Festivo | E54: 2 | F54: =[6]Resumen!F54*1000 -> 170835.46 | G54: =[6]Resumen!G54*1000 -> 160206.86 | H54: =[6]Resumen!H54*1000 -> 151252.58 | I54: =[6]Resumen!I54*1000 -> 145654.73 | J54: =[6]Resumen!J54*1000 -> 145053.8 | K54: =[6]Resumen!K54*1000 -> 147196.68 | L54: =[6]Resumen!L54*1000 -> 148907.38 | M54: =[6]Resumen!M54*1000 -> 135419.2 | ... AC54: =[6]Resumen!AC54*1000 -> 165289.12
Z55: TOTAL AÑO kWh | AD55: =SUM(AD7:AD54) -> 1.8274408e+09

Sheet Oferta 2027
B2: NOMBRE DEL OFERENTE
B3: PRECIOS Y CANTIDADES DE ENERGIA OFERTADA
B4: EN PESOS DE FEBRERO 2026
B6: OFERTA - CURVA
B7: MES | C7: AÑO 2027
C8: Energia Solicitada kWh | D8: % | E8: Energia Ofertada kWh | F8: Precio $/KWh
B9: 46388 | C9: =+'Cantidades 2027'!AD7 -> 40268590 | D9: % | F9: $/kWh
B10: 46419 | C10: =+'Cantidades 2027'!AD11 -> 42743658
B11: 46447 | C11: =+'Cantidades 2027'!AD15 -> 43700782
B12: 46478 | C12: =+'Cantidades 2027'!AD19 -> 41482288
B13: 46508 | C13: =+'Cantidades 2027'!AD23 -> 34680251
B14: 46539 | C14: =+'Cantidades 2027'!AD27 -> 27234709
B15: 46569 | C15: =+'Cantidades 2027'!AD31 -> 34154193
B16: 46600 | C16: =+'Cantidades 2027'!AD35 -> 33336329
B17: 46631 | C17: =+'Cantidades 2027'!AD39 -> 40506338
B18: 46661 | C18: =+'Cantidades 2027'!AD43 -> 38955128
B19: 46692 | C19: =+'Cantidades 2027'!AD47 -> 39641632
B20: 46722 | C20: =+'Cantidades 2027'!AD51 -> 44711423
B21: Total año | C21: =SUM(C9:C20) -> 4.6141532e+08
C23: =+C21/1000 -> 461415.32
A24: Notas:
A25: 1. La Energía Ofertada se distribuye en forma horaria de acuerdo con la curva de carga presentada en la hoja Cantidades por año
A26: 2. Tipo de Contrato: pague lo contratado.
A27: 3. Precio ofertado en $kWh, en pesos de febrero 2026.
A28: 4. El % y el precio debe ser el mismo para todos los meses del año

Sheet Oferta 2028
B2: NOMBRE DEL OFERENTE
B3: PRECIOS Y CANTIDADES DE ENERGIA OFERTADA
B4: EN PESOS DE FEBRERO 2026
B6: OFERTA - CURVA
B7: MES | C7: AÑO 2028
C8: Energia Solicitada kWh | D8: % | E8: Energia Ofertada kWh | F8: Precio $/KWh
B9: 46753 | C9: =+'Cantidades 2028'!AD7 -> 93960932 | D9: % | F9: $/kWh
B10: 46784 | C10: =+'Cantidades 2028'!AD11 -> 92294495
B11: 46813 | C11: =+'Cantidades 2028'!AD15 -> 1.0131428e+08
B12: 46844 | C12: =+'Cantidades 2028'!AD19 -> 95730393
B13: 46874 | C13: =+'Cantidades 2028'!AD23 -> 99950640
B14: 46905 | C14: =+'Cantidades 2028'!AD27 -> 88752437
B15: 46935 | C15: =+'Cantidades 2028'!AD31 -> 88100350
B16: 46966 | C16: =+'Cantidades 2028'!AD35 -> 89084306
B17: 46997 | C17: =+'Cantidades 2028'!AD39 -> 85827980
B18: 47027 | C18: =+'Cantidades 2028'!AD43 -> 83618192
B19: 47058 | C19: =+'Cantidades 2028'!AD47 -> 84749472
B20: 47088 | C20: =+'Cantidades 2028'!AD51 -> 91594946
B21: Total año | C21: =SUM(C9:C20) -> 1.0949784e+09
C23: =+C21/1000 -> 1094978.4
A24: Notas:
A25: 1. La Energía Ofertada se distribuye en forma horaria de acuerdo con la curva de carga presentada en la hoja Cantidades por año
A26: 2. Tipo de Contrato: pague lo contratado.
A27: 3. Precio ofertado en $kWh, en pesos de febrero 2026.
A28: 4. El % y el precio debe ser el mismo para todos los meses del año

Sheet Oferta 2029
B2: NOMBRE DEL OFERENTE
B3: PRECIOS Y CANTIDADES DE ENERGIA OFERTADA
B4: EN PESOS DE FEBRERO 2026
B6: OFERTA - CURVA
B7: MES | C7: AÑO 2029
C8: Energia Solicitada kWh | D8: % | E8: Energia Ofertada kWh | F8: Precio $/KWh
B9: 47119 | C9: =+'Cantidades 2029'!AD7 -> 1.2550018e+08 | D9: % | F9: $/kWh
B10: 47150 | C10: =+'Cantidades 2029'!AD11 -> 1.2577248e+08
B11: 47178 | C11: =+'Cantidades 2029'!AD15 -> 1.3431931e+08
B12: 47209 | C12: =+'Cantidades 2029'!AD19 -> 1.2816719e+08
B13: 47239 | C13: =+'Cantidades 2029'!AD23 -> 1.3282954e+08
B14: 47270 | C14: =+'Cantidades 2029'!AD27 -> 1.2235907e+08
B15: 47300 | C15: =+'Cantidades 2029'!AD31 -> 1.3366753e+08
B16: 47331 | C16: =+'Cantidades 2029'!AD35 -> 1.3390988e+08
B17: 47362 | C17: =+'Cantidades 2029'!AD39 -> 1.3038233e+08
B18: 47392 | C18: =+'Cantidades 2029'!AD43 -> 1.2826404e+08
B19: 47423 | C19: =+'Cantidades 2029'!AD47 -> 1.2692877e+08
B20: 47453 | C20: =+'Cantidades 2029'!AD51 -> 1.3341815e+08
B21: Total año | C21: =SUM(C9:C20) -> 1.5555185e+09
C23: =+C21/1000 -> 1555518.5
A24: Notas:
A25: 1. La Energía Ofertada se distribuye en forma horaria de acuerdo con la curva de carga presentada en la hoja Cantidades por año
A26: 2. Tipo de Contrato: pague lo contratado.
A27: 3. Precio ofertado en $kWh, en pesos de febrero 2026.
A28: 4. El % y el precio debe ser el mismo para todos los meses del año

Sheet Oferta 2030
B2: NOMBRE DEL OFERENTE
B3: PRECIOS Y CANTIDADES DE ENERGIA OFERTADA
B4: EN PESOS DE FEBRERO 2026
B6: OFERTA - CURVA O PLANA
B7: MES | C7: AÑO 2030
C8: Energia Solicitada kWh | D8: % | E8: Energia Ofertada kWh | F8: Precio $/KWh
B9: 47484 | C9: =+'Cantidades 2030'!AD7 -> 1.2077596e+08 | D9: % | F9: $/kWh
B10: 47515 | C10: =+'Cantidades 2030'!AD11 -> 1.1860737e+08
B11: 47543 | C11: =+'Cantidades 2030'!AD15 -> 1.2740401e+08
B12: 47574 | C12: =+'Cantidades 2030'!AD19 -> 1.2243437e+08
B13: 47604 | C13: =+'Cantidades 2030'!AD23 -> 1.204358e+08
B14: 47635 | C14: =+'Cantidades 2030'!AD27 -> 1.1260123e+08
B15: 47665 | C15: =+'Cantidades 2030'!AD31 -> 1.2413667e+08
B16: 47696 | C16: =+'Cantidades 2030'!AD35 -> 1.2413564e+08
B17: 47727 | C17: =+'Cantidades 2030'!AD39 -> 1.1530735e+08
B18: 47757 | C18: =+'Cantidades 2030'!AD43 -> 1.1450773e+08
B19: 47788 | C19: =+'Cantidades 2030'!AD47 -> 1.1289725e+08
B20: 47818 | C20: =+'Cantidades 2030'!AD51 -> 1.2691268e+08
B21: Total año | C21: =SUM(C9:C20) -> 1.4401561e+09
C23: =+C21/1000 -> 1440156.1
A24: Notas:
A25: 1. La Energía Ofertada se distribuye en forma horaria de acuerdo con la curva de carga presentada en la hoja Cantidades por año
A26: 2. Tipo de Contrato: pague lo contratado.
A27: 3. Precio ofertado en $kWh, en pesos de febrero 2026.
A28: 4. El % y el precio debe ser el mismo para todos los meses del año
A29: 5. Tope horario ofertas planas de 90.000 KWh

Sheet Oferta 2031
B2: NOMBRE DEL OFERENTE
B3: PRECIOS Y CANTIDADES DE ENERGIA OFERTADA
B4: EN PESOS DE FEBRERO 2026
B6: OFERTA - CURVA O PLANA
B7: MES | C7: AÑO 2031
C8: Energia Solicitada kWh | D8: % | E8: Energia Ofertada kWh | F8: Precio $/KWh
B9: 47849 | C9: =+'Cantidades 2031'!AD7 -> 1.4618239e+08 | D9: % | F9: $/kWh
B10: 47880 | C10: =+'Cantidades 2031'!AD11 -> 1.4184879e+08
B11: 47908 | C11: =+'Cantidades 2031'!AD15 -> 1.5302064e+08
B12: 47939 | C12: =+'Cantidades 2031'!AD19 -> 1.4747879e+08
B13: 47969 | C13: =+'Cantidades 2031'!AD23 -> 1.5210876e+08
B14: 48000 | C14: =+'Cantidades 2031'!AD27 -> 1.4363302e+08
B15: 48030 | C15: =+'Cantidades 2031'!AD31 -> 1.5297373e+08
B16: 48061 | C16: =+'Cantidades 2031'!AD35 -> 1.5266476e+08
B17: 48092 | C17: =+'Cantidades 2031'!AD39 -> 1.4895013e+08
B18: 48122 | C18: =+'Cantidades 2031'!AD43 -> 1.4936655e+08
B19: 48153 | C19: =+'Cantidades 2031'!AD47 -> 1.4659644e+08
B20: 48183 | C20: =+'Cantidades 2031'!AD51 -> 1.5253553e+08
B21: Total año | C21: =SUM(C9:C20) -> 1.7873595e+09
C23: =+C21/1000 -> 1787359.5
A24: Notas:
A25: 1. La Energía Ofertada se distribuye en forma horaria de acuerdo con la curva de carga presentada en la hoja Cantidades por año
A26: 2. Tipo de Contrato: pague lo contratado.
A27: 3. Precio ofertado en $kWh, en pesos de febrero 2026.
A28: 4. El % y el precio debe ser el mismo para todos los meses del año
A29: 5. Tope horario ofertas planas de 130.000 KWh

Sheet Oferta 2032
B2: NOMBRE DEL OFERENTE
B3: PRECIOS Y CANTIDADES DE ENERGIA OFERTADA
B4: EN PESOS DE FEBRERO 2026
B6: OFERTA - CURVA O PLANA
B7: MES | C7: AÑO 2032
C8: Energia Solicitada kWh | D8: % | E8: Energia Ofertada kWh | F8: Precio $/KWh
B9: 48214 | C9: =+'Cantidades 2032'!AD7 -> 1.4955146e+08 | D9: % | F9: $/kWh
B10: 48245 | C10: =+'Cantidades 2032'!AD11 -> 1.4429097e+08
B11: 48274 | C11: =+'Cantidades 2032'!AD15 -> 1.5665691e+08
B12: 48305 | C12: =+'Cantidades 2032'!AD19 -> 1.5088266e+08
B13: 48335 | C13: =+'Cantidades 2032'!AD23 -> 1.5577533e+08
B14: 48366 | C14: =+'Cantidades 2032'!AD27 -> 1.4677454e+08
B15: 48396 | C15: =+'Cantidades 2032'!AD31 -> 1.5657337e+08
B16: 48427 | C16: =+'Cantidades 2032'!AD35 -> 1.5619961e+08
B17: 48458 | C17: =+'Cantidades 2032'!AD39 -> 1.522022e+08
B18: 48488 | C18: =+'Cantidades 2032'!AD43 -> 1.5267607e+08
B19: 48519 | C19: =+'Cantidades 2032'!AD47 -> 1.4975648e+08
B20: 48549 | C20: =+'Cantidades 2032'!AD51 -> 1.5610123e+08
B21: Total año | C21: =SUM(C9:C20) -> 1.8274408e+09
C23: =+C21/1000 -> 1827440.8
A24: Notas:
A25: 1. La Energía Ofertada se distribuye en forma horaria de acuerdo con la curva de carga presentada en la hoja Cantidades por año
A26: 2. Tipo de Contrato: pague lo contratado.
A27: 3. Precio ofertado en $kWh, en pesos de febrero 2026.
A28: 4. El % y el precio debe ser el mismo para todos los meses del año
A29: 5. Tope horario ofertas planas de 140.000 KWh

Sheet Oferta Horaria 2027-2032
C2: CANTIDADES DE ENERGÍA SOLICITADAS (kWh)
C3: EMPRESAS PÚBLICAS DE MEDELLÍN E.S.P.
C4: DISTRIBUCIÓN HORARIA PRODUCTOS 1 A 6 AÑOS 2027 A 2032
C6: Mes | D6: Tipo Día | E6: Días | F6: H1 | G6: H2 | H6: H3 | I6: H4 | J6: H5 | K6: H6 | L6: H7 | M6: H8 | N6: H9 | O6: H10 | P6: H11 | Q6: H12 | R6: H13 | S6: H14 | T6: H15 | U6: H16 | V6: H17 | W6: H18 | X6: H19 | Y6: H20 | Z6: H21 | AA6: H22 | AB6: H23 | AC6: H24 | AD6: TOTAL MES
C7: Ene | D7: Ordinario | AD7: =SUM(F7:AC7)*E7+SUM(F8:AC8)*E8+SUM(F9:AC9)*E9+SUM(F10:AC10)*E10 -> 0
D8: Sábado
D9: Domingo
D10: Festivo
C11: Feb | D11: Ordinario | AD11: =SUM(F11:AC11)*E11+SUM(F12:AC12)*E12+SUM(F13:AC13)*E13+SUM(F14:AC14)*E14 -> 0
D12: Sábado
D13: Domingo
D14: Festivo
C15: Mar | D15: Ordinario | AD15: =SUM(F15:AC15)*E15+SUM(F16:AC16)*E16+SUM(F17:AC17)*E17+SUM(F18:AC18)*E18 -> 0
D16: Sábado
D17: Domingo
D18: Festivo
C19: Abr | D19: Ordinario | AD19: =SUM(F19:AC19)*E19+SUM(F20:AC20)*E20+SUM(F21:AC21)*E21+SUM(F22:AC22)*E22 -> 0
D20: Sábado
D21: Domingo
D22: Festivo
C23: May | D23: Ordinario | AD23: =SUM(F23:AC23)*E23+SUM(F24:AC24)*E24+SUM(F25:AC25)*E25+SUM(F26:AC26)*E26 -> 0
D24: Sábado
D25: Domingo
D26: Festivo
C27: Jun | D27: Ordinario | AD27: =SUM(F27:AC27)*E27+SUM(F28:AC28)*E28+SUM(F29:AC29)*E29+SUM(F30:AC30)*E30 -> 0
D28: Sábado
D29: Domingo
D30: Festivo
C31: Jul | D31: Ordinario | AD31: =SUM(F31:AC31)*E31+SUM(F32:AC32)*E32+SUM(F33:AC33)*E33+SUM(F34:AC34)*E34 -> 0
D32: Sábado
D33: Domingo
D34: Festivo
C35: Ago | D35: Ordinario | AD35: =SUM(F35:AC35)*E35+SUM(F36:AC36)*E36+SUM(F37:AC37)*E37+SUM(F38:AC38)*E38 -> 0
D36: Sábado
D37: Domingo
D38: Festivo
C39: Sep | D39: Ordinario | AD39: =SUM(F39:AC39)*E39+SUM(F40:AC40)*E40+SUM(F41:AC41)*E41+SUM(F42:AC42)*E42 -> 0
D40: Sábado
D41: Domingo
D42: Festivo
C43: Oct | D43: Ordinario | AD43: =SUM(F43:AC43)*E43+SUM(F44:AC44)*E44+SUM(F45:AC45)*E45+SUM(F46:AC46)*E46 -> 0
D44: Sábado
D45: Domingo
D46: Festivo
C47: Nov | D47: Ordinario | AD47: =SUM(F47:AC47)*E47+SUM(F48:AC48)*E48+SUM(F49:AC49)*E49+SUM(F50:AC50)*E50 -> 0
D48: Sábado
D49: Domingo
D50: Festivo
C51: Dic | D51: Ordinario | AD51: =SUM(F51:AC51)*E51+SUM(F52:AC52)*E52+SUM(F53:AC53)*E53+SUM(F54:AC54)*E54 -> 0
D52: Sábado
D53: Domingo
D54: Festivo
AA55: TOTAL AÑO kWh | AD55: =SUM(AD7:AD54) -> 0
