Workbook

Sheet Producto 1
A1: ANEXO No. 1A CANTIDADES DE ENERGIA REQUERIDA
A2: CONVOCATORIA PÚBLICA EMSA-CP-EMSC2026-001
A5: AÑO | B5: ENERGIA SOLICITADA | C5: PAGUE LO CONTRATADO
C6: Oferta (%) De la Curva Demanda
B7: Necesidad TOTAL AÑO kWh | C7: % | D7: Oferta $/kWh
A8: 46388 | B8: =VLOOKUP(A8,'Cant producto 1_2027-2028'!$A$6:$AC$77,29,FALSE) -> 7440000
A9: 46419 | B9: =VLOOKUP(A9,'Cant producto 1_2027-2028'!$A$6:$AC$77,29,FALSE) -> 6720000
A10: 46447 | B10: =VLOOKUP(A10,'Cant producto 1_2027-2028'!$A$6:$AC$77,29,FALSE) -> 7440000
A11: 46478 | B11: =VLOOKUP(A11,'Cant producto 1_2027-2028'!$A$6:$AC$77,29,FALSE) -> 7200000
A12: 46508 | B12: =VLOOKUP(A12,'Cant producto 1_2027-2028'!$A$6:$AC$77,29,FALSE) -> 7440000
A13: 46539 | B13: =VLOOKUP(A13,'Cant producto 1_2027-2028'!$A$6:$AC$77,29,FALSE) -> 7200000
A14: 46569 | B14: =VLOOKUP(A14,'Cant producto 1_2027-2028'!$A$6:$AC$77,29,FALSE) -> 7440000
A15: 46600 | B15: =VLOOKUP(A15,'Cant producto 1_2027-2028'!$A$6:$AC$77,29,FALSE) -> 7440000
A16: 46631 | B16: =VLOOKUP(A16,'Cant producto 1_2027-2028'!$A$6:$AC$77,29,FALSE) -> 7200000
A17: 46661 | B17: =VLOOKUP(A17,'Cant producto 1_2027-2028'!$A$6:$AC$77,29,FALSE) -> 7440000
A18: 46692 | B18: =VLOOKUP(A18,'Cant producto 1_2027-2028'!$A$6:$AC$77,29,FALSE) -> 7200000
A19: 46722 | B19: =VLOOKUP(A19,'Cant producto 1_2027-2028'!$A$6:$AC$77,29,FALSE) -> 7440000
... A31: 47088 | B31: =VLOOKUP(A31,'Cant producto 1_2027-2028'!$A$6:$AC$77,29,FALSE) -> 11160000
A32: TOTAL | B32: =SUM(B8:B31) -> 219360000
A34: NOMBRE Y FIRMA DEL REPRESENTANTE LEGAL
A35: AGENTE PROPONENTE
A37: NOTAS:
A39: Se acepta adjudicaciones parciales: NO___ SI_____

Sheet Cant producto 1_2027-2028
A1: ANEXO No. 1
A2: ENERGIA ELECTRICA PLANA ENERO-2027 A DICIEMBRE-2028
A3: CONVOCATORIA PÚBLICA EMSA No. CP-EMSC2026-001
B4: HORA | C4: 1 | D4: 2 | E4: 3 | F4: 4 | G4: 5 | H4: 6 | I4: 7 | J4: 8 | K4: 9 | L4: 10 | M4: 11 | N4: 12 | O4: 13 | P4: 14 | Q4: 15 | R4: 16 | S4: 17 | T4: 18 | U4: 19 | V4: 20 | W4: 21 | X4: 22 | Y4: 23 | Z4: 24 | AA4: # DIAS | AB4: TOTAL | AC4: MES
A5: MES/AÑO | B5: TIPO DE DIA | C5: kWh | D5: kWh | E5: kWh | F5: kWh | G5: kWh | H5: kWh | I5: kWh | J5: kWh | K5: kWh | L5: kWh | M5: kWh | N5: kWh | O5: kWh | P5: kWh | Q5: kWh | R5: kWh | S5: kWh | T5: kWh | U5: kWh | V5: kWh | W5: kWh | X5: kWh | Y5: kWh | Z5: kWh
A6: 46388 | B6: NORMAL | C6: 10000 | D6: =+C6 -> 10000 | E6: =+D6 -> 10000 | F6: =+E6 -> 10000 | G6: =+F6 -> 10000 | H6: =+G6 -> 10000 | I6: =+H6 -> 10000 | J6: =+I6 -> 10000 | K6: =+J6 -> 10000 | ... Z6: =+Y6 -> 10000 | AA6: 19 | AB6: =+SUM(C6:Z6)*AA6 -> 4560000 | AC6: =+AB6+AB7+AB8 -> 7440000
B7: SABADO | C7: 10000 | D7: =+C7 -> 10000 | E7: =+D7 -> 10000 | F7: =+E7 -> 10000 | G7: =+F7 -> 10000 | H7: =+G7 -> 10000 | I7: =+H7 -> 10000 | J7: =+I7 -> 10000 | K7: =+J7 -> 10000 | ... Z7: =+Y7 -> 10000 | AA7: 5 | AB7: =+SUM(C7:Z7)*AA7 -> 1200000
B8: DOM/FES | C8: 10000 | D8: =+C8 -> 10000 | E8: =+D8 -> 10000 | F8: =+E8 -> 10000 | G8: =+F8 -> 10000 | H8: =+G8 -> 10000 | I8: =+H8 -> 10000 | J8: =+I8 -> 10000 | K8: =+J8 -> 10000 | ... Z8: =+Y8 -> 10000 | AA8: 7 | AB8: =+SUM(C8:Z8)*AA8 -> 1680000
A9: 46419 | B9: NORMAL | C9: 10000 | D9: =+C9 -> 10000 | E9: =+D9 -> 10000 | F9: =+E9 -> 10000 | G9: =+F9 -> 10000 | H9: =+G9 -> 10000 | I9: =+H9 -> 10000 | J9: =+I9 -> 10000 | K9: =+J9 -> 10000 | ... Z9: =+Y9 -> 10000 | AA9: 20 | AB9: =+SUM(C9:Z9)*AA9 -> 4800000 | AC9: =+AB9+AB10+AB11 -> 6720000
B10: SABADO | C10: 10000 | D10: =+C10 -> 10000 | E10: =+D10 -> 10000 | F10: =+E10 -> 10000 | G10: =+F10 -> 10000 | H10: =+G10 -> 10000 | I10: =+H10 -> 10000 | J10: =+I10 -> 10000 | K10: =+J10 -> 10000 | ... Z10: =+Y10 -> 10000 | AA10: 4 | AB10: =+SUM(C10:Z10)*AA10 -> 960000
B11: DOM/FES | C11: 10000 | D11: =+C11 -> 10000 | E11: =+D11 -> 10000 | F11: =+E11 -> 10000 | G11: =+F11 -> 10000 | H11: =+G11 -> 10000 | I11: =+H11 -> 10000 | J11: =+I11 -> 10000 | K11: =+J11 -> 10000 | ... Z11: =+Y11 -> 10000 | AA11: 4 | AB11: =+SUM(C11:Z11)*AA11 -> 960000
A12: 46447 | B12: NORMAL | C12: 10000 | D12: =+C12 -> 10000 | E12: =+D12 -> 10000 | F12: =+E12 -> 10000 | G12: =+F12 -> 10000 | H12: =+G12 -> 10000 | I12: =+H12 -> 10000 | J12: =+I12 -> 10000 | K12: =+J12 -> 10000 | ... Z12: =+Y12 -> 10000 | AA12: 20 | AB12: =+SUM(C12:Z12)*AA12 -> 4800000 | AC12: =+AB12+AB13+AB14 -> 7440000
B13: SABADO | C13: 10000 | D13: =+C13 -> 10000 | E13: =+D13 -> 10000 | F13: =+E13 -> 10000 | G13: =+F13 -> 10000 | H13: =+G13 -> 10000 | I13: =+H13 -> 10000 | J13: =+I13 -> 10000 | K13: =+J13 -> 10000 | ... Z13: =+Y13 -> 10000 | AA13: 4 | AB13: =+SUM(C13:Z13)*AA13 -> 960000
B14: DOM/FES | C14: 10000 | D14: =+C14 -> 10000 | E14: =+D14 -> 10000 | F14: =+E14 -> 10000 | G14: =+F14 -> 10000 | H14: =+G14 -> 10000 | I14: =+H14 -> 10000 | J14: =+I14 -> 10000 | K14: =+J14 -> 10000 | ... Z14: =+Y14 -> 10000 | AA14: 7 | AB14: =+SUM(C14:Z14)*AA14 -> 1680000
A15: 46478 | B15: NORMAL | C15: 10000 | D15: =+C15 -> 10000 | E15: =+D15 -> 10000 | F15: =+E15 -> 10000 | G15: =+F15 -> 10000 | H15: =+G15 -> 10000 | I15: =+H15 -> 10000 | J15: =+I15 -> 10000 | K15: =+J15 -> 10000 | ... Z15: =+Y15 -> 10000 | AA15: 22 | AB15: =+SUM(C15:Z15)*AA15 -> 5280000 | AC15: =+AB15+AB16+AB17 -> 7200000
B16: SABADO | C16: 10000 | D16: =+C16 -> 10000 | E16: =+D16 -> 10000 | F16: =+E16 -> 10000 | G16: =+F16 -> 10000 | H16: =+G16 -> 10000 | I16: =+H16 -> 10000 | J16: =+I16 -> 10000 | K16: =+J16 -> 10000 | ... Z16: =+Y16 -> 10000 | AA16: 4 | AB16: =+SUM(C16:Z16)*AA16 -> 960000
B17: DOM/FES | C17: 10000 | D17: =+C17 -> 10000 | E17: =+D17 -> 10000 | F17: =+E17 -> 10000 | G17: =+F17 -> 10000 | H17: =+G17 -> 10000 | I17: =+H17 -> 10000 | J17: =+I17 -> 10000 | K17: =+J17 -> 10000 | ... Z17: =+Y17 -> 10000 | AA17: 4 | AB17: =+SUM(C17:Z17)*AA17 -> 960000
A18: 46508 | B18: NORMAL | C18: 10000 | D18: =+C18 -> 10000 | E18: =+D18 -> 10000 | F18: =+E18 -> 10000 | G18: =+F18 -> 10000 | H18: =+G18 -> 10000 | I18: =+H18 -> 10000 | J18: =+I18 -> 10000 | K18: =+J18 -> 10000 | ... Z18: =+Y18 -> 10000 | AA18: 19 | AB18: =+SUM(C18:Z18)*AA18 -> 4560000 | AC18: =+AB18+AB19+AB20 -> 7440000
B19: SABADO | C19: 10000 | D19: =+C19 -> 10000 | E19: =+D19 -> 10000 | F19: =+E19 -> 10000 | G19: =+F19 -> 10000 | H19: =+G19 -> 10000 | I19: =+H19 -> 10000 | J19: =+I19 -> 10000 | K19: =+J19 -> 10000 | ... Z19: =+Y19 -> 10000 | AA19: 4 | AB19: =+SUM(C19:Z19)*AA19 -> 960000
B20: DOM/FES | C20: 10000 | D20: =+C20 -> 10000 | E20: =+D20 -> 10000 | F20: =+E20 -> 10000 | G20: =+F20 -> 10000 | H20: =+G20 -> 10000 | I20: =+H20 -> 10000 | J20: =+I20 -> 10000 | K20: =+J20 -> 10000 | ... Z20: =+Y20 -> 10000 | AA20: 8 | AB20: =+SUM(C20:Z20)*AA20 -> 1920000
A21: 46539 | B21: NORMAL | C21: 10000 | D21: =+C21 -> 10000 | E21: =+D21 -> 10000 | F21: =+E21 -> 10000 | G21: =+F21 -> 10000 | H21: =+G21 -> 10000 | I21: =+H21 -> 10000 | J21: =+I21 -> 10000 | K21: =+J21 -> 10000 | ... Z21: =+Y21 -> 10000 | AA21: 21 | AB21: =+SUM(C21:Z21)*AA21 -> 5040000 | AC21: =+AB21+AB22+AB23 -> 7200000
B22: SABADO | C22: 10000 | D22: =+C22 -> 10000 | E22: =+D22 -> 10000 | F22: =+E22 -> 10000 | G22: =+F22 -> 10000 | H22: =+G22 -> 10000 | I22: =+H22 -> 10000 | J22: =+I22 -> 10000 | K22: =+J22 -> 10000 | ... Z22: =+Y22 -> 10000 | AA22: 4 | AB22: =+SUM(C22:Z22)*AA22 -> 960000
B23: DOM/FES | C23: 10000 | D23: =+C23 -> 10000 | E23: =+D23 -> 10000 | F23: =+E23 -> 10000 | G23: =+F23 -> 10000 | H23: =+G23 -> 10000 | I23: =+H23 -> 10000 | J23: =+I23 -> 10000 | K23: =+J23 -> 10000 | ... Z23: =+Y23 -> 10000 | AA23: 5 | AB23: =+SUM(C23:Z23)*AA23 -> 1200000
A24: 46569 | B24: NORMAL | C24: 10000 | D24: =+C24 -> 10000 | E24: =+D24 -> 10000 | F24: =+E24 -> 10000 | G24: =+F24 -> 10000 | H24: =+G24 -> 10000 | I24: =+H24 -> 10000 | J24: =+I24 -> 10000 | K24: =+J24 -> 10000 | ... Z24: =+Y24 -> 10000 | AA24: 20 | AB24: =+SUM(C24:Z24)*AA24 -> 4800000 | AC24: =+AB24+AB25+AB26 -> 7440000
B25: SABADO | C25: 10000 | D25: =+C25 -> 10000 | E25: =+D25 -> 10000 | F25: =+E25 -> 10000 | G25: =+F25 -> 10000 | H25: =+G25 -> 10000 | I25: =+H25 -> 10000 | J25: =+I25 -> 10000 | K25: =+J25 -> 10000 | ... Z25: =+Y25 -> 10000 | AA25: 5 | AB25: =+SUM(C25:Z25)*AA25 -> 1200000
B26: DOM/FES | C26: 10000 | D26: =+C26 -> 10000 | E26: =+D26 -> 10000 | F26: =+E26 -> 10000 | G26: =+F26 -> 10000 | H26: =+G26 -> 10000 | I26: =+H26 -> 10000 | J26: =+I26 -> 10000 | K26: =+J26 -> 10000 | ... Z26: =+Y26 -> 10000 | AA26: 6 | AB26: =+SUM(C26:Z26)*AA26 -> 1440000
A27: 46600 | B27: NORMAL | C27: 10000 | D27: =+C27 -> 10000 | E27: =+D27 -> 10000 | F27: =+E27 -> 10000 | G27: =+F27 -> 10000 | H27: =+G27 -> 10000 | I27: =+H27 -> 10000 | J27: =+I27 -> 10000 | K27: =+J27 -> 10000 | ... Z27: =+Y27 -> 10000 | AA27: 21 | AB27: =+SUM(C27:Z27)*AA27 -> 5040000 | AC27: =+AB27+AB28+AB29 -> 7440000
B28: SABADO | C28: 10000 | D28: =+C28 -> 10000 | E28: =+D28 -> 10000 | F28: =+E28 -> 10000 | G28: =+F28 -> 10000 | H28: =+G28 -> 10000 | I28: =+H28 -> 10000 | J28: =+I28 -> 10000 | K28: =+J28 -> 10000 | ... Z28: =+Y28 -> 10000 | AA28: 3 | AB28: =+SUM(C28:Z28)*AA28 -> 720000
B29: DOM/FES | C29: 10000 | D29: =+C29 -> 10000 | E29: =+D29 -> 10000 | F29: =+E29 -> 10000 | G29: =+F29 -> 10000 | H29: =+G29 -> 10000 | I29: =+H29 -> 10000 | J29: =+I29 -> 10000 | K29: =+J29 -> 10000 | ... Z29: =+Y29 -> 10000 | AA29: 7 | AB29: =+SUM(C29:Z29)*AA29 -> 1680000
A30: 46631 | B30: NORMAL | C30: 10000 | D30: =+C30 -> 10000 | E30: =+D30 -> 10000 | F30: =+E30 -> 10000 | G30: =+F30 -> 10000 | H30: =+G30 -> 10000 | I30: =+H30 -> 10000 | J30: =+I30 -> 10000 | K30: =+J30 -> 10000 | ... Z30: =+Y30 -> 10000 | AA30: 22 | AB30: =+SUM(C30:Z30)*AA30 -> 5280000 | AC30: =+AB30+AB31+AB32 -> 7200000
B31: SABADO | C31: 10000 | D31: =+C31 -> 10000 | E31: =+D31 -> 10000 | F31: =+E31 -> 10000 | G31: =+F31 -> 10000 | H31: =+G31 -> 10000 | I31: =+H31 -> 10000 | J31: =+I31 -> 10000 | K31: =+J31 -> 10000 | ... Z31: =+Y31 -> 10000 | AA31: 4 | AB31: =+SUM(C31:Z31)*AA31 -> 960000
B32: DOM/FES | C32: 10000 | D32: =+C32 -> 10000 | E32: =+D32 -> 10000 | F32: =+E32 -> 10000 | G32: =+F32 -> 10000 | H32: =+G32 -> 10000 | I32: =+H32 -> 10000 | J32: =+I32 -> 10000 | K32: =+J32 -> 10000 | ... Z32: =+Y32 -> 10000 | AA32: 4 | AB32: =+SUM(C32:Z32)*AA32 -> 960000
A33: 46661 | B33: NORMAL | C33: 10000 | D33: =+C33 -> 10000 | E33: =+D33 -> 10000 | F33: =+E33 -> 10000 | G33: =+F33 -> 10000 | H33: =+G33 -> 10000 | I33: =+H33 -> 10000 | J33: =+I33 -> 10000 | K33: =+J33 -> 10000 | ... Z33: =+Y33 -> 10000 | AA33: 20 | AB33: =+SUM(C33:Z33)*AA33 -> 4800000 | AC33: =+AB33+AB34+AB35 -> 7440000
B34: SABADO | C34: 10000 | D34: =+C34 -> 10000 | E34: =+D34 -> 10000 | F34: =+E34 -> 10000 | G34: =+F34 -> 10000 | H34: =+G34 -> 10000 | I34: =+H34 -> 10000 | J34: =+I34 -> 10000 | K34: =+J34 -> 10000 | ... Z34: =+Y34 -> 10000 | AA34: 5 | AB34: =+SUM(C34:Z34)*AA34 -> 1200000
B35: DOM/FES | C35: 10000 | D35: =+C35 -> 10000 | E35: =+D35 -> 10000 | F35: =+E35 -> 10000 | G35: =+F35 -> 10000 | H35: =+G35 -> 10000 | I35: =+H35 -> 10000 | J35: =+I35 -> 10000 | K35: =+J35 -> 10000 | ... Z35: =+Y35 -> 10000 | AA35: 6 | AB35: =+SUM(C35:Z35)*AA35 -> 1440000
A36: 46692 | B36: NORMAL | C36: 10000 | D36: =+C36 -> 10000 | E36: =+D36 -> 10000 | F36: =+E36 -> 10000 | G36: =+F36 -> 10000 | H36: =+G36 -> 10000 | I36: =+H36 -> 10000 | J36: =+I36 -> 10000 | K36: =+J36 -> 10000 | ... Z36: =+Y36 -> 10000 | AA36: 20 | AB36: =+SUM(C36:Z36)*AA36 -> 4800000 | AC36: =+AB36+AB37+AB38 -> 7200000
B37: SABADO | C37: 10000 | D37: =+C37 -> 10000 | E37: =+D37 -> 10000 | F37: =+E37 -> 10000 | G37: =+F37 -> 10000 | H37: =+G37 -> 10000 | I37: =+H37 -> 10000 | J37: =+I37 -> 10000 | K37: =+J37 -> 10000 | ... Z37: =+Y37 -> 10000 | AA37: 4 | AB37: =+SUM(C37:Z37)*AA37 -> 960000
B38: DOM/FES | C38: 10000 | D38: =+C38 -> 10000 | E38: =+D38 -> 10000 | F38: =+E38 -> 10000 | G38: =+F38 -> 10000 | H38: =+G38 -> 10000 | I38: =+H38 -> 10000 | J38: =+I38 -> 10000 | K38: =+J38 -> 10000 | ... Z38: =+Y38 -> 10000 | AA38: 6 | AB38: =+SUM(C38:Z38)*AA38 -> 1440000
A39: 46722 | B39: NORMAL | C39: 10000 | D39: =+C39 -> 10000 | E39: =+D39 -> 10000 | F39: =+E39 -> 10000 | G39: =+F39 -> 10000 | H39: =+G39 -> 10000 | I39: =+H39 -> 10000 | J39: =+I39 -> 10000 | K39: =+J39 -> 10000 | ... Z39: =+Y39 -> 10000 | AA39: 22 | AB39: =+SUM(C39:Z39)*AA39 -> 5280000 | AC39: =+AB39+AB40+AB41 -> 7440000
B40: SABADO | C40: 10000 | D40: =+C40 -> 10000 | E40: =+D40 -> 10000 | F40: =+E40 -> 10000 | G40: =+F40 -> 10000 | H40: =+G40 -> 10000 | I40: =+H40 -> 10000 | J40: =+I40 -> 10000 | K40: =+J40 -> 10000 | ... Z40: =+Y40 -> 10000 | AA40: 3 | AB40: =+SUM(C40:Z40)*AA40 -> 720000
B41: DOM/FES | C41: 10000 | D41: =+C41 -> 10000 | E41: =+D41 -> 10000 | F41: =+E41 -> 10000 | G41: =+F41 -> 10000 | H41: =+G41 -> 10000 | I41: =+H41 -> 10000 | J41: =+I41 -> 10000 | K41: =+J41 -> 10000 | ... Z41: =+Y41 -> 10000 | AA41: 6 | AB41: =+SUM(C41:Z41)*AA41 -> 1440000
A42: 46753 | B42: NORMAL | C42: 15000 | D42: =+C42 -> 15000 | E42: =+D42 -> 15000 | F42: =+E42 -> 15000 | G42: =+F42 -> 15000 | H42: =+G42 -> 15000 | I42: =+H42 -> 15000 | J42: =+I42 -> 15000 | K42: =+J42 -> 15000 | ... Z42: =+Y42 -> 15000 | AA42: 20 | AB42: =+SUM(C42:Z42)*AA42 -> 7200000 | AC42: =+AB42+AB43+AB44 -> 11160000
B43: SABADO | C43: 15000 | D43: =+C43 -> 15000 | E43: =+D43 -> 15000 | F43: =+E43 -> 15000 | G43: =+F43 -> 15000 | H43: =+G43 -> 15000 | I43: =+H43 -> 15000 | J43: =+I43 -> 15000 | K43: =+J43 -> 15000 | ... Z43: =+Y43 -> 15000 | AA43: 4 | AB43: =+SUM(C43:Z43)*AA43 -> 1440000
B44: DOM/FES | C44: 15000 | D44: =+C44 -> 15000 | E44: =+D44 -> 15000 | F44: =+E44 -> 15000 | G44: =+F44 -> 15000 | H44: =+G44 -> 15000 | I44: =+H44 -> 15000 | J44: =+I44 -> 15000 | K44: =+J44 -> 15000 | ... Z44: =+Y44 -> 15000 | AA44: 7 | AB44: =+SUM(C44:Z44)*AA44 -> 2520000
A45: 46784 | B45: NORMAL | C45: 15000 | D45: =+C45 -> 15000 | E45: =+D45 -> 15000 | F45: =+E45 -> 15000 | G45: =+F45 -> 15000 | H45: =+G45 -> 15000 | I45: =+H45 -> 15000 | J45: =+I45 -> 15000 | K45: =+J45 -> 15000 | ... Z45: =+Y45 -> 15000 | AA45: 21 | AB45: =+SUM(C45:Z45)*AA45 -> 7560000 | AC45: =+AB45+AB46+AB47 -> 10440000
B46: SABADO | C46: 15000 | D46: =+C46 -> 15000 | E46: =+D46 -> 15000 | F46: =+E46 -> 15000 | G46: =+F46 -> 15000 | H46: =+G46 -> 15000 | I46: =+H46 -> 15000 | J46: =+I46 -> 15000 | K46: =+J46 -> 15000 | ... Z46: =+Y46 -> 15000 | AA46: 4 | AB46: =+SUM(C46:Z46)*AA46 -> 1440000
B47: DOM/FES | C47: 15000 | D47: =+C47 -> 15000 | E47: =+D47 -> 15000 | F47: =+E47 -> 15000 | G47: =+F47 -> 15000 | H47: =+G47 -> 15000 | I47: =+H47 -> 15000 | J47: =+I47 -> 15000 | K47: =+J47 -> 15000 | ... Z47: =+Y47 -> 15000 | AA47: 4 | AB47: =+SUM(C47:Z47)*AA47 -> 1440000
A48: 46813 | B48: NORMAL | C48: 15000 | D48: =+C48 -> 15000 | E48: =+D48 -> 15000 | F48: =+E48 -> 15000 | G48: =+F48 -> 15000 | H48: =+G48 -> 15000 | I48: =+H48 -> 15000 | J48: =+I48 -> 15000 | K48: =+J48 -> 15000 | ... Z48: =+Y48 -> 15000 | AA48: 22 | AB48: =+SUM(C48:Z48)*AA48 -> 7920000 | AC48: =+AB48+AB49+AB50 -> 11160000
B49: SABADO | C49: 15000 | D49: =+C49 -> 15000 | E49: =+D49 -> 15000 | F49: =+E49 -> 15000 | G49: =+F49 -> 15000 | H49: =+G49 -> 15000 | I49: =+H49 -> 15000 | J49: =+I49 -> 15000 | K49: =+J49 -> 15000 | ... Z49: =+Y49 -> 15000 | AA49: 4 | AB49: =+SUM(C49:Z49)*AA49 -> 1440000
B50: DOM/FES | C50: 15000 | D50: =+C50 -> 15000 | E50: =+D50 -> 15000 | F50: =+E50 -> 15000 | G50: =+F50 -> 15000 | H50: =+G50 -> 15000 | I50: =+H50 -> 15000 | J50: =+I50 -> 15000 | K50: =+J50 -> 15000 | ... Z50: =+Y50 -> 15000 | AA50: 5 | AB50: =+SUM(C50:Z50)*AA50 -> 1800000
A51: 46844 | B51: NORMAL | C51: 15000 | D51: =+C51 -> 15000 | E51: =+D51 -> 15000 | F51: =+E51 -> 15000 | G51: =+F51 -> 15000 | H51: =+G51 -> 15000 | I51: =+H51 -> 15000 | J51: =+I51 -> 15000 | K51: =+J51 -> 15000 | ... Z51: =+Y51 -> 15000 | AA51: 18 | AB51: =+SUM(C51:Z51)*AA51 -> 6480000 | AC51: =+AB51+AB52+AB53 -> 10800000
B52: SABADO | C52: 15000 | D52: =+C52 -> 15000 | E52: =+D52 -> 15000 | F52: =+E52 -> 15000 | G52: =+F52 -> 15000 | H52: =+G52 -> 15000 | I52: =+H52 -> 15000 | J52: =+I52 -> 15000 | K52: =+J52 -> 15000 | ... Z52: =+Y52 -> 15000 | AA52: 5 | AB52: =+SUM(C52:Z52)*AA52 -> 1800000
B53: DOM/FES | C53: 15000 | D53: =+C53 -> 15000 | E53: =+D53 -> 15000 | F53: =+E53 -> 15000 | G53: =+F53 -> 15000 | H53: =+G53 -> 15000 | I53: =+H53 -> 15000 | J53: =+I53 -> 15000 | K53: =+J53 -> 15000 | ... Z53: =+Y53 -> 15000 | AA53: 7 | AB53: =+SUM(C53:Z53)*AA53 -> 2520000
A54: 46874 | B54: NORMAL | C54: 15000 | D54: =+C54 -> 15000 | E54: =+D54 -> 15000 | F54: =+E54 -> 15000 | G54: =+F54 -> 15000 | H54: =+G54 -> 15000 | I54: =+H54 -> 15000 | J54: =+I54 -> 15000 | K54: =+J54 -> 15000 | ... Z54: =+Y54 -> 15000 | AA54: 21 | AB54: =+SUM(C54:Z54)*AA54 -> 7560000 | AC54: =+AB54+AB55+AB56 -> 11160000
B55: SABADO | C55: 15000 | D55: =+C55 -> 15000 | E55: =+D55 -> 15000 | F55: =+E55 -> 15000 | G55: =+F55 -> 15000 | H55: =+G55 -> 15000 | I55: =+H55 -> 15000 | J55: =+I55 -> 15000 | K55: =+J55 -> 15000 | ... Z55: =+Y55 -> 15000 | AA55: 4 | AB55: =+SUM(C55:Z55)*AA55 -> 1440000
B56: DOM/FES | C56: 15000 | D56: =+C56 -> 15000 | E56: =+D56 -> 15000 | F56: =+E56 -> 15000 | G56: =+F56 -> 15000 | H56: =+G56 -> 15000 | I56: =+H56 -> 15000 | J56: =+I56 -> 15000 | K56: =+J56 -> 15000 | ... Z56: =+Y56 -> 15000 | AA56: 6 | AB56: =+SUM(C56:Z56)*AA56 -> 2160000
A57: 46905 | B57: NORMAL | C57: 15000 | D57: =+C57 -> 15000 | E57: =+D57 -> 15000 | F57: =+E57 -> 15000 | G57: =+F57 -> 15000 | H57: =+G57 -> 15000 | I57: =+H57 -> 15000 | J57: =+I57 -> 15000 | K57: =+J57 -> 15000 | ... Z57: =+Y57 -> 15000 | AA57: 20 | AB57: =+SUM(C57:Z57)*AA57 -> 7200000 | AC57: =+AB57+AB58+AB59 -> 10800000
B58: SABADO | C58: 15000 | D58: =+C58 -> 15000 | E58: =+D58 -> 15000 | F58: =+E58 -> 15000 | G58: =+F58 -> 15000 | H58: =+G58 -> 15000 | I58: =+H58 -> 15000 | J58: =+I58 -> 15000 | K58: =+J58 -> 15000 | ... Z58: =+Y58 -> 15000 | AA58: 4 | AB58: =+SUM(C58:Z58)*AA58 -> 1440000
B59: DOM/FES | C59: 15000 | D59: =+C59 -> 15000 | E59: =+D59 -> 15000 | F59: =+E59 -> 15000 | G59: =+F59 -> 15000 | H59: =+G59 -> 15000 | I59: =+H59 -> 15000 | J59: =+I59 -> 15000 | K59: =+J59 -> 15000 | ... Z59: =+Y59 -> 15000 | AA59: 6 | AB59: =+SUM(C59:Z59)*AA59 -> 2160000
A60: 46935 | B60: NORMAL | C60: 15000 | D60: =+C60 -> 15000 | E60: =+D60 -> 15000 | F60: =+E60 -> 15000 | G60: =+F60 -> 15000 | H60: =+G60 -> 15000 | I60: =+H60 -> 15000 | J60: =+I60 -> 15000 | K60: =+J60 -> 15000 | ... Z60: =+Y60 -> 15000 | AA60: 19 | AB60: =+SUM(C60:Z60)*AA60 -> 6840000 | AC60: =+AB60+AB61+AB62 -> 11160000
B61: SABADO | C61: 15000 | D61: =+C61 -> 15000 | E61: =+D61 -> 15000 | F61: =+E61 -> 15000 | G61: =+F61 -> 15000 | H61: =+G61 -> 15000 | I61: =+H61 -> 15000 | J61: =+I61 -> 15000 | K61: =+J61 -> 15000 | ... Z61: =+Y61 -> 15000 | AA61: 5 | AB61: =+SUM(C61:Z61)*AA61 -> 1800000
B62: DOM/FES | C62: 15000 | D62: =+C62 -> 15000 | E62: =+D62 -> 15000 | F62: =+E62 -> 15000 | G62: =+F62 -> 15000 | H62: =+G62 -> 15000 | I62: =+H62 -> 15000 | J62: =+I62 -> 15000 | K62: =+J62 -> 15000 | ... Z62: =+Y62 -> 15000 | AA62: 7 | AB62: =+SUM(C62:Z62)*AA62 -> 2520000
A63: 46966 | B63: NORMAL | C63: 15000 | D63: =+C63 -> 15000 | E63: =+D63 -> 15000 | F63: =+E63 -> 15000 | G63: =+F63 -> 15000 | H63: =+G63 -> 15000 | I63: =+H63 -> 15000 | J63: =+I63 -> 15000 | K63: =+J63 -> 15000 | ... Z63: =+Y63 -> 15000 | AA63: 21 | AB63: =+SUM(C63:Z63)*AA63 -> 7560000 | AC63: =+AB63+AB64+AB65 -> 11160000
B64: SABADO | C64: 15000 | D64: =+C64 -> 15000 | E64: =+D64 -> 15000 | F64: =+E64 -> 15000 | G64: =+F64 -> 15000 | H64: =+G64 -> 15000 | I64: =+H64 -> 15000 | J64: =+I64 -> 15000 | K64: =+J64 -> 15000 | ... Z64: =+Y64 -> 15000 | AA64: 4 | AB64: =+SUM(C64:Z64)*AA64 -> 1440000
B65: DOM/FES | C65: 15000 | D65: =+C65 -> 15000 | E65: =+D65 -> 15000 | F65: =+E65 -> 15000 | G65: =+F65 -> 15000 | H65: =+G65 -> 15000 | I65: =+H65 -> 15000 | J65: =+I65 -> 15000 | K65: =+J65 -> 15000 | ... Z65: =+Y65 -> 15000 | AA65: 6 | AB65: =+SUM(C65:Z65)*AA65 -> 2160000
A66: 46997 | B66: NORMAL | C66: 15000 | D66: =+C66 -> 15000 | E66: =+D66 -> 15000 | F66: =+E66 -> 15000 | G66: =+F66 -> 15000 | H66: =+G66 -> 15000 | I66: =+H66 -> 15000 | J66: =+I66 -> 15000 | K66: =+J66 -> 15000 | ... Z66: =+Y66 -> 15000 | AA66: 21 | AB66: =+SUM(C66:Z66)*AA66 -> 7560000 | AC66: =+AB66+AB67+AB68 -> 10800000
B67: SABADO | C67: 15000 | D67: =+C67 -> 15000 | E67: =+D67 -> 15000 | F67: =+E67 -> 15000 | G67: =+F67 -> 15000 | H67: =+G67 -> 15000 | I67: =+H67 -> 15000 | J67: =+I67 -> 15000 | K67: =+J67 -> 15000 | ... Z67: =+Y67 -> 15000 | AA67: 5 | AB67: =+SUM(C67:Z67)*AA67 -> 1800000
B68: DOM/FES | C68: 15000 | D68: =+C68 -> 15000 | E68: =+D68 -> 15000 | F68: =+E68 -> 15000 | G68: =+F68 -> 15000 | H68: =+G68 -> 15000 | I68: =+H68 -> 15000 | J68: =+I68 -> 15000 | K68: =+J68 -> 15000 | ... Z68: =+Y68 -> 15000 | AA68: 4 | AB68: =+SUM(C68:Z68)*AA68 -> 1440000
A69: 47027 | B69: NORMAL | C69: 15000 | D69: =+C69 -> 15000 | E69: =+D69 -> 15000 | F69: =+E69 -> 15000 | G69: =+F69 -> 15000 | H69: =+G69 -> 15000 | I69: =+H69 -> 15000 | J69: =+I69 -> 15000 | K69: =+J69 -> 15000 | ... Z69: =+Y69 -> 15000 | AA69: 21 | AB69: =+SUM(C69:Z69)*AA69 -> 7560000 | AC69: =+AB69+AB70+AB71 -> 11160000
B70: SABADO | C70: 15000 | D70: =+C70 -> 15000 | E70: =+D70 -> 15000 | F70: =+E70 -> 15000 | G70: =+F70 -> 15000 | H70: =+G70 -> 15000 | I70: =+H70 -> 15000 | J70: =+I70 -> 15000 | K70: =+J70 -> 15000 | ... Z70: =+Y70 -> 15000 | AA70: 4 | AB70: =+SUM(C70:Z70)*AA70 -> 1440000
B71: DOM/FES | C71: 15000 | D71: =+C71 -> 15000 | E71: =+D71 -> 15000 | F71: =+E71 -> 15000 | G71: =+F71 -> 15000 | H71: =+G71 -> 15000 | I71: =+H71 -> 15000 | J71: =+I71 -> 15000 | K71: =+J71 -> 15000 | ... Z71: =+Y71 -> 15000 | AA71: 6 | AB71: =+SUM(C71:Z71)*AA71 -> 2160000
A72: 47058 | B72: NORMAL | C72: 15000 | D72: =+C72 -> 15000 | E72: =+D72 -> 15000 | F72: =+E72 -> 15000 | G72: =+F72 -> 15000 | H72: =+G72 -> 15000 | I72: =+H72 -> 15000 | J72: =+I72 -> 15000 | K72: =+J72 -> 15000 | ... Z72: =+Y72 -> 15000 | AA72: 20 | AB72: =+SUM(C72:Z72)*AA72 -> 7200000 | AC72: =+AB72+AB73+AB74 -> 10800000
B73: SABADO | C73: 15000 | D73: =+C73 -> 15000 | E73: =+D73 -> 15000 | F73: =+E73 -> 15000 | G73: =+F73 -> 15000 | H73: =+G73 -> 15000 | I73: =+H73 -> 15000 | J73: =+I73 -> 15000 | K73: =+J73 -> 15000 | ... Z73: =+Y73 -> 15000 | AA73: 4 | AB73: =+SUM(C73:Z73)*AA73 -> 1440000
B74: DOM/FES | C74: 15000 | D74: =+C74 -> 15000 | E74: =+D74 -> 15000 | F74: =+E74 -> 15000 | G74: =+F74 -> 15000 | H74: =+G74 -> 15000 | I74: =+H74 -> 15000 | J74: =+I74 -> 15000 | K74: =+J74 -> 15000 | ... Z74: =+Y74 -> 15000 | AA74: 6 | AB74: =+SUM(C74:Z74)*AA74 -> 2160000
A75: 47088 | B75: NORMAL | C75: 15000 | D75: =+C75 -> 15000 | E75: =+D75 -> 15000 | F75: =+E75 -> 15000 | G75: =+F75 -> 15000 | H75: =+G75 -> 15000 | I75: =+H75 -> 15000 | J75: =+I75 -> 15000 | K75: =+J75 -> 15000 | ... Z75: =+Y75 -> 15000 | AA75: 19 | AB75: =+SUM(C75:Z75)*AA75 -> 6840000 | AC75: =+AB75+AB76+AB77 -> 11160000
B76: SABADO | C76: 15000 | D76: =+C76 -> 15000 | E76: =+D76 -> 15000 | F76: =+E76 -> 15000 | G76: =+F76 -> 15000 | H76: =+G76 -> 15000 | I76: =+H76 -> 15000 | J76: =+I76 -> 15000 | K76: =+J76 -> 15000 | ... Z76: =+Y76 -> 15000 | AA76: 5 | AB76: =+SUM(C76:Z76)*AA76 -> 1800000
B77: DOM/FES | C77: 15000 | D77: =+C77 -> 15000 | E77: =+D77 -> 15000 | F77: =+E77 -> 15000 | G77: =+F77 -> 15000 | H77: =+G77 -> 15000 | I77: =+H77 -> 15000 | J77: =+I77 -> 15000 | K77: =+J77 -> 15000 | ... Z77: =+Y77 -> 15000 | AA77: 7 | AB77: =+SUM(C77:Z77)*AA77 -> 2520000

Sheet Producto 2
A1: ANEXO No. 1A CANTIDADES DE ENERGIA REQUERIDA
A2: CONVOCATORIA PÚBLICA EMSA-CP-EMSC2026-001
A3: OFERTA DE SUMINISTRO DE ENERGÍA ELECTRICA PLANA DE ENERO-2029 A DICIEMBRE-2030
A5: AÑO | B5: ENERGIA SOLICITADA | C5: PAGUE LO CONTRATADO
C6: Oferta (%) De la Curva Demanda
B7: Necesidad TOTAL AÑO kWh | C7: % | D7: Oferta $/kWh
A8: 47119 | B8: =+VLOOKUP(A8,'Cant producto 2_2029-2030'!$A:$AD,29,FALSE) -> 23808000
A9: 47150 | B9: =+VLOOKUP(A9,'Cant producto 2_2029-2030'!$A:$AD,29,FALSE) -> 21504000
A10: 47178 | B10: =+VLOOKUP(A10,'Cant producto 2_2029-2030'!$A:$AD,29,FALSE) -> 23808000
A11: 47209 | B11: =+VLOOKUP(A11,'Cant producto 2_2029-2030'!$A:$AD,29,FALSE) -> 23040000
A12: 47239 | B12: =+VLOOKUP(A12,'Cant producto 2_2029-2030'!$A:$AD,29,FALSE) -> 23808000
A13: 47270 | B13: =+VLOOKUP(A13,'Cant producto 2_2029-2030'!$A:$AD,29,FALSE) -> 23040000
A14: 47300 | B14: =+VLOOKUP(A14,'Cant producto 2_2029-2030'!$A:$AD,29,FALSE) -> 23808000
A15: 47331 | B15: =+VLOOKUP(A15,'Cant producto 2_2029-2030'!$A:$AD,29,FALSE) -> 23808000
A16: 47362 | B16: =+VLOOKUP(A16,'Cant producto 2_2029-2030'!$A:$AD,29,FALSE) -> 23040000
A17: 47392 | B17: =+VLOOKUP(A17,'Cant producto 2_2029-2030'!$A:$AD,29,FALSE) -> 23808000
A18: 47423 | B18: =+VLOOKUP(A18,'Cant producto 2_2029-2030'!$A:$AD,29,FALSE) -> 23040000
A19: 47453 | B19: =+VLOOKUP(A19,'Cant producto 2_2029-2030'!$A:$AD,29,FALSE) -> 23808000
... A31: 47818 | B31: =+VLOOKUP(A31,'Cant producto 2_2029-2030'!$A:$AD,29,FALSE) -> 23808000
A32: TOTAL | B32: =SUM(B8:B31) -> 560640000
A34: NOMBRE Y FIRMA DEL REPRESENTANTE LEGAL
A35: AGENTE PROPONENTE
A37: NOTAS:
A39: Se acepta adjudicaciones parciales: NO___ SI_____

Sheet Cant producto 2_2029-2030
A1: ANEXO No. 1
A2: ENERGIA ELECTRICA PLANA ENERO-2029 A DICIEMBRE-2030
A3: CONVOCATORIA PÚBLICA EMSA No. CP-EMSC2026-001
B4: HORA | C4: 1 | D4: 2 | E4: 3 | F4: 4 | G4: 5 | H4: 6 | I4: 7 | J4: 8 | K4: 9 | L4: 10 | M4: 11 | N4: 12 | O4: 13 | P4: 14 | Q4: 15 | R4: 16 | S4: 17 | T4: 18 | U4: 19 | V4: 20 | W4: 21 | X4: 22 | Y4: 23 | Z4: 24 | AA4: # DIAS | AB4: TOTAL | AC4: MES
A5: MES/AÑO | B5: TIPO DE DIA | C5: kWh | D5: kWh | E5: kWh | F5: kWh | G5: kWh | H5: kWh | I5: kWh | J5: kWh | K5: kWh | L5: kWh | M5: kWh | N5: kWh | O5: kWh | P5: kWh | Q5: kWh | R5: kWh | S5: kWh | T5: kWh | U5: kWh | V5: kWh | W5: kWh | X5: kWh | Y5: kWh | Z5: kWh
A6: 47119 | B6: NORMAL | C6: 32000 | D6: =+C6 -> 32000 | E6: =+D6 -> 32000 | F6: =+E6 -> 32000 | G6: =+F6 -> 32000 | H6: =+G6 -> 32000 | I6: =+H6 -> 32000 | J6: =+I6 -> 32000 | K6: =+J6 -> 32000 | ... Z6: =+Y6 -> 32000 | AA6: 21 | AB6: =+SUM(C6:Z6)*AA6 -> 16128000 | AC6: =+AB6+AB7+AB8 -> 23808000
B7: SABADO | C7: 32000 | D7: =+C7 -> 32000 | E7: =+D7 -> 32000 | F7: =+E7 -> 32000 | G7: =+F7 -> 32000 | H7: =+G7 -> 32000 | I7: =+H7 -> 32000 | J7: =+I7 -> 32000 | K7: =+J7 -> 32000 | ... Z7: =+Y7 -> 32000 | AA7: 4 | AB7: =+SUM(C7:Z7)*AA7 -> 3072000
B8: DOM/FES | C8: 32000 | D8: =+C8 -> 32000 | E8: =+D8 -> 32000 | F8: =+E8 -> 32000 | G8: =+F8 -> 32000 | H8: =+G8 -> 32000 | I8: =+H8 -> 32000 | J8: =+I8 -> 32000 | K8: =+J8 -> 32000 | ... Z8: =+Y8 -> 32000 | AA8: 6 | AB8: =+SUM(C8:Z8)*AA8 -> 4608000
A9: 47150 | B9: NORMAL | C9: 32000 | D9: =+C9 -> 32000 | E9: =+D9 -> 32000 | F9: =+E9 -> 32000 | G9: =+F9 -> 32000 | H9: =+G9 -> 32000 | I9: =+H9 -> 32000 | J9: =+I9 -> 32000 | K9: =+J9 -> 32000 | ... Z9: =+Y9 -> 32000 | AA9: 20 | AB9: =+SUM(C9:Z9)*AA9 -> 15360000 | AC9: =+AB9+AB10+AB11 -> 21504000
B10: SABADO | C10: 32000 | D10: =+C10 -> 32000 | E10: =+D10 -> 32000 | F10: =+E10 -> 32000 | G10: =+F10 -> 32000 | H10: =+G10 -> 32000 | I10: =+H10 -> 32000 | J10: =+I10 -> 32000 | K10: =+J10 -> 32000 | ... Z10: =+Y10 -> 32000 | AA10: 4 | AB10: =+SUM(C10:Z10)*AA10 -> 3072000
B11: DOM/FES | C11: 32000 | D11: =+C11 -> 32000 | E11: =+D11 -> 32000 | F11: =+E11 -> 32000 | G11: =+F11 -> 32000 | H11: =+G11 -> 32000 | I11: =+H11 -> 32000 | J11: =+I11 -> 32000 | K11: =+J11 -> 32000 | ... Z11: =+Y11 -> 32000 | AA11: 4 | AB11: =+SUM(C11:Z11)*AA11 -> 3072000
A12: 47178 | B12: NORMAL | C12: 32000 | D12: =+C12 -> 32000 | E12: =+D12 -> 32000 | F12: =+E12 -> 32000 | G12: =+F12 -> 32000 | H12: =+G12 -> 32000 | I12: =+H12 -> 32000 | J12: =+I12 -> 32000 | K12: =+J12 -> 32000 | ... Z12: =+Y12 -> 32000 | AA12: 19 | AB12: =+SUM(C12:Z12)*AA12 -> 14592000 | AC12: =+AB12+AB13+AB14 -> 23808000
B13: SABADO | C13: 32000 | D13: =+C13 -> 32000 | E13: =+D13 -> 32000 | F13: =+E13 -> 32000 | G13: =+F13 -> 32000 | H13: =+G13 -> 32000 | I13: =+H13 -> 32000 | J13: =+I13 -> 32000 | K13: =+J13 -> 32000 | ... Z13: =+Y13 -> 32000 | AA13: 5 | AB13: =+SUM(C13:Z13)*AA13 -> 3840000
B14: DOM/FES | C14: 32000 | D14: =+C14 -> 32000 | E14: =+D14 -> 32000 | F14: =+E14 -> 32000 | G14: =+F14 -> 32000 | H14: =+G14 -> 32000 | I14: =+H14 -> 32000 | J14: =+I14 -> 32000 | K14: =+J14 -> 32000 | ... Z14: =+Y14 -> 32000 | AA14: 7 | AB14: =+SUM(C14:Z14)*AA14 -> 5376000
A15: 47209 | B15: NORMAL | C15: 32000 | D15: =+C15 -> 32000 | E15: =+D15 -> 32000 | F15: =+E15 -> 32000 | G15: =+F15 -> 32000 | H15: =+G15 -> 32000 | I15: =+H15 -> 32000 | J15: =+I15 -> 32000 | K15: =+J15 -> 32000 | ... Z15: =+Y15 -> 32000 | AA15: 21 | AB15: =+SUM(C15:Z15)*AA15 -> 16128000 | AC15: =+AB15+AB16+AB17 -> 23040000
B16: SABADO | C16: 32000 | D16: =+C16 -> 32000 | E16: =+D16 -> 32000 | F16: =+E16 -> 32000 | G16: =+F16 -> 32000 | H16: =+G16 -> 32000 | I16: =+H16 -> 32000 | J16: =+I16 -> 32000 | K16: =+J16 -> 32000 | ... Z16: =+Y16 -> 32000 | AA16: 4 | AB16: =+SUM(C16:Z16)*AA16 -> 3072000
B17: DOM/FES | C17: 32000 | D17: =+C17 -> 32000 | E17: =+D17 -> 32000 | F17: =+E17 -> 32000 | G17: =+F17 -> 32000 | H17: =+G17 -> 32000 | I17: =+H17 -> 32000 | J17: =+I17 -> 32000 | K17: =+J17 -> 32000 | ... Z17: =+Y17 -> 32000 | AA17: 5 | AB17: =+SUM(C17:Z17)*AA17 -> 3840000
A18: 47239 | B18: NORMAL | C18: 32000 | D18: =+C18 -> 32000 | E18: =+D18 -> 32000 | F18: =+E18 -> 32000 | G18: =+F18 -> 32000 | H18: =+G18 -> 32000 | I18: =+H18 -> 32000 | J18: =+I18 -> 32000 | K18: =+J18 -> 32000 | ... Z18: =+Y18 -> 32000 | AA18: 21 | AB18: =+SUM(C18:Z18)*AA18 -> 16128000 | AC18: =+AB18+AB19+AB20 -> 23808000
B19: SABADO | C19: 32000 | D19: =+C19 -> 32000 | E19: =+D19 -> 32000 | F19: =+E19 -> 32000 | G19: =+F19 -> 32000 | H19: =+G19 -> 32000 | I19: =+H19 -> 32000 | J19: =+I19 -> 32000 | K19: =+J19 -> 32000 | ... Z19: =+Y19 -> 32000 | AA19: 4 | AB19: =+SUM(C19:Z19)*AA19 -> 3072000
B20: DOM/FES | C20: 32000 | D20: =+C20 -> 32000 | E20: =+D20 -> 32000 | F20: =+E20 -> 32000 | G20: =+F20 -> 32000 | H20: =+G20 -> 32000 | I20: =+H20 -> 32000 | J20: =+I20 -> 32000 | K20: =+J20 -> 32000 | ... Z20: =+Y20 -> 32000 | AA20: 6 | AB20: =+SUM(C20:Z20)*AA20 -> 4608000
A21: 47270 | B21: NORMAL | C21: 32000 | D21: =+C21 -> 32000 | E21: =+D21 -> 32000 | F21: =+E21 -> 32000 | G21: =+F21 -> 32000 | H21: =+G21 -> 32000 | I21: =+H21 -> 32000 | J21: =+I21 -> 32000 | K21: =+J21 -> 32000 | ... Z21: =+Y21 -> 32000 | AA21: 19 | AB21: =+SUM(C21:Z21)*AA21 -> 14592000 | AC21: =+AB21+AB22+AB23 -> 23040000
B22: SABADO | C22: 32000 | D22: =+C22 -> 32000 | E22: =+D22 -> 32000 | F22: =+E22 -> 32000 | G22: =+F22 -> 32000 | H22: =+G22 -> 32000 | I22: =+H22 -> 32000 | J22: =+I22 -> 32000 | K22: =+J22 -> 32000 | ... Z22: =+Y22 -> 32000 | AA22: 5 | AB22: =+SUM(C22:Z22)*AA22 -> 3840000
B23: DOM/FES | C23: 32000 | D23: =+C23 -> 32000 | E23: =+D23 -> 32000 | F23: =+E23 -> 32000 | G23: =+F23 -> 32000 | H23: =+G23 -> 32000 | I23: =+H23 -> 32000 | J23: =+I23 -> 32000 | K23: =+J23 -> 32000 | ... Z23: =+Y23 -> 32000 | AA23: 6 | AB23: =+SUM(C23:Z23)*AA23 -> 4608000
A24: 47300 | B24: NORMAL | C24: 32000 | D24: =+C24 -> 32000 | E24: =+D24 -> 32000 | F24: =+E24 -> 32000 | G24: =+F24 -> 32000 | H24: =+G24 -> 32000 | I24: =+H24 -> 32000 | J24: =+I24 -> 32000 | K24: =+J24 -> 32000 | ... Z24: =+Y24 -> 32000 | AA24: 20 | AB24: =+SUM(C24:Z24)*AA24 -> 15360000 | AC24: =+AB24+AB25+AB26 -> 23808000
B25: SABADO | C25: 32000 | D25: =+C25 -> 32000 | E25: =+D25 -> 32000 | F25: =+E25 -> 32000 | G25: =+F25 -> 32000 | H25: =+G25 -> 32000 | I25: =+H25 -> 32000 | J25: =+I25 -> 32000 | K25: =+J25 -> 32000 | ... Z25: =+Y25 -> 32000 | AA25: 4 | AB25: =+SUM(C25:Z25)*AA25 -> 3072000
B26: DOM/FES | C26: 32000 | D26: =+C26 -> 32000 | E26: =+D26 -> 32000 | F26: =+E26 -> 32000 | G26: =+F26 -> 32000 | H26: =+G26 -> 32000 | I26: =+H26 -> 32000 | J26: =+I26 -> 32000 | K26: =+J26 -> 32000 | ... Z26: =+Y26 -> 32000 | AA26: 7 | AB26: =+SUM(C26:Z26)*AA26 -> 5376000
A27: 47331 | B27: NORMAL | C27: 32000 | D27: =+C27 -> 32000 | E27: =+D27 -> 32000 | F27: =+E27 -> 32000 | G27: =+F27 -> 32000 | H27: =+G27 -> 32000 | I27: =+H27 -> 32000 | J27: =+I27 -> 32000 | K27: =+J27 -> 32000 | ... Z27: =+Y27 -> 32000 | AA27: 21 | AB27: =+SUM(C27:Z27)*AA27 -> 16128000 | AC27: =+AB27+AB28+AB29 -> 23808000
B28: SABADO | C28: 32000 | D28: =+C28 -> 32000 | E28: =+D28 -> 32000 | F28: =+E28 -> 32000 | G28: =+F28 -> 32000 | H28: =+G28 -> 32000 | I28: =+H28 -> 32000 | J28: =+I28 -> 32000 | K28: =+J28 -> 32000 | ... Z28: =+Y28 -> 32000 | AA28: 4 | AB28: =+SUM(C28:Z28)*AA28 -> 3072000
B29: DOM/FES | C29: 32000 | D29: =+C29 -> 32000 | E29: =+D29 -> 32000 | F29: =+E29 -> 32000 | G29: =+F29 -> 32000 | H29: =+G29 -> 32000 | I29: =+H29 -> 32000 | J29: =+I29 -> 32000 | K29: =+J29 -> 32000 | ... Z29: =+Y29 -> 32000 | AA29: 6 | AB29: =+SUM(C29:Z29)*AA29 -> 4608000
A30: 47362 | B30: NORMAL | C30: 32000 | D30: =+C30 -> 32000 | E30: =+D30 -> 32000 | F30: =+E30 -> 32000 | G30: =+F30 -> 32000 | H30: =+G30 -> 32000 | I30: =+H30 -> 32000 | J30: =+I30 -> 32000 | K30: =+J30 -> 32000 | ... Z30: =+Y30 -> 32000 | AA30: 20 | AB30: =+SUM(C30:Z30)*AA30 -> 15360000 | AC30: =+AB30+AB31+AB32 -> 23040000
B31: SABADO | C31: 32000 | D31: =+C31 -> 32000 | E31: =+D31 -> 32000 | F31: =+E31 -> 32000 | G31: =+F31 -> 32000 | H31: =+G31 -> 32000 | I31: =+H31 -> 32000 | J31: =+I31 -> 32000 | K31: =+J31 -> 32000 | ... Z31: =+Y31 -> 32000 | AA31: 5 | AB31: =+SUM(C31:Z31)*AA31 -> 3840000
B32: DOM/FES | C32: 32000 | D32: =+C32 -> 32000 | E32: =+D32 -> 32000 | F32: =+E32 -> 32000 | G32: =+F32 -> 32000 | H32: =+G32 -> 32000 | I32: =+H32 -> 32000 | J32: =+I32 -> 32000 | K32: =+J32 -> 32000 | ... Z32: =+Y32 -> 32000 | AA32: 5 | AB32: =+SUM(C32:Z32)*AA32 -> 3840000
A33: 47392 | B33: NORMAL | C33: 32000 | D33: =+C33 -> 32000 | E33: =+D33 -> 32000 | F33: =+E33 -> 32000 | G33: =+F33 -> 32000 | H33: =+G33 -> 32000 | I33: =+H33 -> 32000 | J33: =+I33 -> 32000 | K33: =+J33 -> 32000 | ... Z33: =+Y33 -> 32000 | AA33: 22 | AB33: =+SUM(C33:Z33)*AA33 -> 16896000 | AC33: =+AB33+AB34+AB35 -> 23808000
B34: SABADO | C34: 32000 | D34: =+C34 -> 32000 | E34: =+D34 -> 32000 | F34: =+E34 -> 32000 | G34: =+F34 -> 32000 | H34: =+G34 -> 32000 | I34: =+H34 -> 32000 | J34: =+I34 -> 32000 | K34: =+J34 -> 32000 | ... Z34: =+Y34 -> 32000 | AA34: 4 | AB34: =+SUM(C34:Z34)*AA34 -> 3072000
B35: DOM/FES | C35: 32000 | D35: =+C35 -> 32000 | E35: =+D35 -> 32000 | F35: =+E35 -> 32000 | G35: =+F35 -> 32000 | H35: =+G35 -> 32000 | I35: =+H35 -> 32000 | J35: =+I35 -> 32000 | K35: =+J35 -> 32000 | ... Z35: =+Y35 -> 32000 | AA35: 5 | AB35: =+SUM(C35:Z35)*AA35 -> 3840000
A36: 47423 | B36: NORMAL | C36: 32000 | D36: =+C36 -> 32000 | E36: =+D36 -> 32000 | F36: =+E36 -> 32000 | G36: =+F36 -> 32000 | H36: =+G36 -> 32000 | I36: =+H36 -> 32000 | J36: =+I36 -> 32000 | K36: =+J36 -> 32000 | ... Z36: =+Y36 -> 32000 | AA36: 20 | AB36: =+SUM(C36:Z36)*AA36 -> 15360000 | AC36: =+AB36+AB37+AB38 -> 23040000
B37: SABADO | C37: 32000 | D37: =+C37 -> 32000 | E37: =+D37 -> 32000 | F37: =+E37 -> 32000 | G37: =+F37 -> 32000 | H37: =+G37 -> 32000 | I37: =+H37 -> 32000 | J37: =+I37 -> 32000 | K37: =+J37 -> 32000 | ... Z37: =+Y37 -> 32000 | AA37: 4 | AB37: =+SUM(C37:Z37)*AA37 -> 3072000
B38: DOM/FES | C38: 32000 | D38: =+C38 -> 32000 | E38: =+D38 -> 32000 | F38: =+E38 -> 32000 | G38: =+F38 -> 32000 | H38: =+G38 -> 32000 | I38: =+H38 -> 32000 | J38: =+I38 -> 32000 | K38: =+J38 -> 32000 | ... Z38: =+Y38 -> 32000 | AA38: 6 | AB38: =+SUM(C38:Z38)*AA38 -> 4608000
A39: 47453 | B39: NORMAL | C39: 32000 | D39: =+C39 -> 32000 | E39: =+D39 -> 32000 | F39: =+E39 -> 32000 | G39: =+F39 -> 32000 | H39: =+G39 -> 32000 | I39: =+H39 -> 32000 | J39: =+I39 -> 32000 | K39: =+J39 -> 32000 | ... Z39: =+Y39 -> 32000 | AA39: 20 | AB39: =+SUM(C39:Z39)*AA39 -> 15360000 | AC39: =+AB39+AB40+AB41 -> 23808000
B40: SABADO | C40: 32000 | D40: =+C40 -> 32000 | E40: =+D40 -> 32000 | F40: =+E40 -> 32000 | G40: =+F40 -> 32000 | H40: =+G40 -> 32000 | I40: =+H40 -> 32000 | J40: =+I40 -> 32000 | K40: =+J40 -> 32000 | ... Z40: =+Y40 -> 32000 | AA40: 4 | AB40: =+SUM(C40:Z40)*AA40 -> 3072000
B41: DOM/FES | C41: 32000 | D41: =+C41 -> 32000 | E41: =+D41 -> 32000 | F41: =+E41 -> 32000 | G41: =+F41 -> 32000 | H41: =+G41 -> 32000 | I41: =+H41 -> 32000 | J41: =+I41 -> 32000 | K41: =+J41 -> 32000 | ... Z41: =+Y41 -> 32000 | AA41: 7 | AB41: =+SUM(C41:Z41)*AA41 -> 5376000
A42: 47484 | B42: NORMAL | C42: 32000 | D42: =+C42 -> 32000 | E42: =+D42 -> 32000 | F42: =+E42 -> 32000 | G42: =+F42 -> 32000 | H42: =+G42 -> 32000 | I42: =+H42 -> 32000 | J42: =+I42 -> 32000 | K42: =+J42 -> 32000 | ... Z42: =+Y42 -> 32000 | AA42: 21 | AB42: =+SUM(C42:Z42)*AA42 -> 16128000 | AC42: =+AB42+AB43+AB44 -> 23808000
B43: SABADO | C43: 32000 | D43: =+C43 -> 32000 | E43: =+D43 -> 32000 | F43: =+E43 -> 32000 | G43: =+F43 -> 32000 | H43: =+G43 -> 32000 | I43: =+H43 -> 32000 | J43: =+I43 -> 32000 | K43: =+J43 -> 32000 | ... Z43: =+Y43 -> 32000 | AA43: 4 | AB43: =+SUM(C43:Z43)*AA43 -> 3072000
B44: DOM/FES | C44: 32000 | D44: =+C44 -> 32000 | E44: =+D44 -> 32000 | F44: =+E44 -> 32000 | G44: =+F44 -> 32000 | H44: =+G44 -> 32000 | I44: =+H44 -> 32000 | J44: =+I44 -> 32000 | K44: =+J44 -> 32000 | ... Z44: =+Y44 -> 32000 | AA44: 6 | AB44: =+SUM(C44:Z44)*AA44 -> 4608000
A45: 47515 | B45: NORMAL | C45: 32000 | D45: =+C45 -> 32000 | E45: =+D45 -> 32000 | F45: =+E45 -> 32000 | G45: =+F45 -> 32000 | H45: =+G45 -> 32000 | I45: =+H45 -> 32000 | J45: =+I45 -> 32000 | K45: =+J45 -> 32000 | ... Z45: =+Y45 -> 32000 | AA45: 20 | AB45: =+SUM(C45:Z45)*AA45 -> 15360000 | AC45: =+AB45+AB46+AB47 -> 21504000
B46: SABADO | C46: 32000 | D46: =+C46 -> 32000 | E46: =+D46 -> 32000 | F46: =+E46 -> 32000 | G46: =+F46 -> 32000 | H46: =+G46 -> 32000 | I46: =+H46 -> 32000 | J46: =+I46 -> 32000 | K46: =+J46 -> 32000 | ... Z46: =+Y46 -> 32000 | AA46: 4 | AB46: =+SUM(C46:Z46)*AA46 -> 3072000
B47: DOM/FES | C47: 32000 | D47: =+C47 -> 32000 | E47: =+D47 -> 32000 | F47: =+E47 -> 32000 | G47: =+F47 -> 32000 | H47: =+G47 -> 32000 | I47: =+H47 -> 32000 | J47: =+I47 -> 32000 | K47: =+J47 -> 32000 | ... Z47: =+Y47 -> 32000 | AA47: 4 | AB47: =+SUM(C47:Z47)*AA47 -> 3072000
A48: 47543 | B48: NORMAL | C48: 32000 | D48: =+C48 -> 32000 | E48: =+D48 -> 32000 | F48: =+E48 -> 32000 | G48: =+F48 -> 32000 | H48: =+G48 -> 32000 | I48: =+H48 -> 32000 | J48: =+I48 -> 32000 | K48: =+J48 -> 32000 | ... Z48: =+Y48 -> 32000 | AA48: 20 | AB48: =+SUM(C48:Z48)*AA48 -> 15360000 | AC48: =+AB48+AB49+AB50 -> 23808000
B49: SABADO | C49: 32000 | D49: =+C49 -> 32000 | E49: =+D49 -> 32000 | F49: =+E49 -> 32000 | G49: =+F49 -> 32000 | H49: =+G49 -> 32000 | I49: =+H49 -> 32000 | J49: =+I49 -> 32000 | K49: =+J49 -> 32000 | ... Z49: =+Y49 -> 32000 | AA49: 5 | AB49: =+SUM(C49:Z49)*AA49 -> 3840000
B50: DOM/FES | C50: 32000 | D50: =+C50 -> 32000 | E50: =+D50 -> 32000 | F50: =+E50 -> 32000 | G50: =+F50 -> 32000 | H50: =+G50 -> 32000 | I50: =+H50 -> 32000 | J50: =+I50 -> 32000 | K50: =+J50 -> 32000 | ... Z50: =+Y50 -> 32000 | AA50: 6 | AB50: =+SUM(C50:Z50)*AA50 -> 4608000
A51: 47574 | B51: NORMAL | C51: 32000 | D51: =+C51 -> 32000 | E51: =+D51 -> 32000 | F51: =+E51 -> 32000 | G51: =+F51 -> 32000 | H51: =+G51 -> 32000 | I51: =+H51 -> 32000 | J51: =+I51 -> 32000 | K51: =+J51 -> 32000 | ... Z51: =+Y51 -> 32000 | AA51: 20 | AB51: =+SUM(C51:Z51)*AA51 -> 15360000 | AC51: =+AB51+AB52+AB53 -> 23040000
B52: SABADO | C52: 32000 | D52: =+C52 -> 32000 | E52: =+D52 -> 32000 | F52: =+E52 -> 32000 | G52: =+F52 -> 32000 | H52: =+G52 -> 32000 | I52: =+H52 -> 32000 | J52: =+I52 -> 32000 | K52: =+J52 -> 32000 | ... Z52: =+Y52 -> 32000 | AA52: 4 | AB52: =+SUM(C52:Z52)*AA52 -> 3072000
B53: DOM/FES | C53: 32000 | D53: =+C53 -> 32000 | E53: =+D53 -> 32000 | F53: =+E53 -> 32000 | G53: =+F53 -> 32000 | H53: =+G53 -> 32000 | I53: =+H53 -> 32000 | J53: =+I53 -> 32000 | K53: =+J53 -> 32000 | ... Z53: =+Y53 -> 32000 | AA53: 6 | AB53: =+SUM(C53:Z53)*AA53 -> 4608000
A54: 47604 | B54: NORMAL | C54: 32000 | D54: =+C54 -> 32000 | E54: =+D54 -> 32000 | F54: =+E54 -> 32000 | G54: =+F54 -> 32000 | H54: =+G54 -> 32000 | I54: =+H54 -> 32000 | J54: =+I54 -> 32000 | K54: =+J54 -> 32000 | ... Z54: =+Y54 -> 32000 | AA54: 22 | AB54: =+SUM(C54:Z54)*AA54 -> 16896000 | AC54: =+AB54+AB55+AB56 -> 23808000
B55: SABADO | C55: 32000 | D55: =+C55 -> 32000 | E55: =+D55 -> 32000 | F55: =+E55 -> 32000 | G55: =+F55 -> 32000 | H55: =+G55 -> 32000 | I55: =+H55 -> 32000 | J55: =+I55 -> 32000 | K55: =+J55 -> 32000 | ... Z55: =+Y55 -> 32000 | AA55: 4 | AB55: =+SUM(C55:Z55)*AA55 -> 3072000
B56: DOM/FES | C56: 32000 | D56: =+C56 -> 32000 | E56: =+D56 -> 32000 | F56: =+E56 -> 32000 | G56: =+F56 -> 32000 | H56: =+G56 -> 32000 | I56: =+H56 -> 32000 | J56: =+I56 -> 32000 | K56: =+J56 -> 32000 | ... Z56: =+Y56 -> 32000 | AA56: 5 | AB56: =+SUM(C56:Z56)*AA56 -> 3840000
A57: 47635 | B57: NORMAL | C57: 32000 | D57: =+C57 -> 32000 | E57: =+D57 -> 32000 | F57: =+E57 -> 32000 | G57: =+F57 -> 32000 | H57: =+G57 -> 32000 | I57: =+H57 -> 32000 | J57: =+I57 -> 32000 | K57: =+J57 -> 32000 | ... Z57: =+Y57 -> 32000 | AA57: 18 | AB57: =+SUM(C57:Z57)*AA57 -> 13824000 | AC57: =+AB57+AB58+AB59 -> 23040000
B58: SABADO | C58: 32000 | D58: =+C58 -> 32000 | E58: =+D58 -> 32000 | F58: =+E58 -> 32000 | G58: =+F58 -> 32000 | H58: =+G58 -> 32000 | I58: =+H58 -> 32000 | J58: =+I58 -> 32000 | K58: =+J58 -> 32000 | ... Z58: =+Y58 -> 32000 | AA58: 5 | AB58: =+SUM(C58:Z58)*AA58 -> 3840000
B59: DOM/FES | C59: 32000 | D59: =+C59 -> 32000 | E59: =+D59 -> 32000 | F59: =+E59 -> 32000 | G59: =+F59 -> 32000 | H59: =+G59 -> 32000 | I59: =+H59 -> 32000 | J59: =+I59 -> 32000 | K59: =+J59 -> 32000 | ... Z59: =+Y59 -> 32000 | AA59: 7 | AB59: =+SUM(C59:Z59)*AA59 -> 5376000
A60: 47665 | B60: NORMAL | C60: 32000 | D60: =+C60 -> 32000 | E60: =+D60 -> 32000 | F60: =+E60 -> 32000 | G60: =+F60 -> 32000 | H60: =+G60 -> 32000 | I60: =+H60 -> 32000 | J60: =+I60 -> 32000 | K60: =+J60 -> 32000 | ... Z60: =+Y60 -> 32000 | AA60: 22 | AB60: =+SUM(C60:Z60)*AA60 -> 16896000 | AC60: =+AB60+AB61+AB62 -> 23808000
B61: SABADO | C61: 32000 | D61: =+C61 -> 32000 | E61: =+D61 -> 32000 | F61: =+E61 -> 32000 | G61: =+F61 -> 32000 | H61: =+G61 -> 32000 | I61: =+H61 -> 32000 | J61: =+I61 -> 32000 | K61: =+J61 -> 32000 | ... Z61: =+Y61 -> 32000 | AA61: 3 | AB61: =+SUM(C61:Z61)*AA61 -> 2304000
B62: DOM/FES | C62: 32000 | D62: =+C62 -> 32000 | E62: =+D62 -> 32000 | F62: =+E62 -> 32000 | G62: =+F62 -> 32000 | H62: =+G62 -> 32000 | I62: =+H62 -> 32000 | J62: =+I62 -> 32000 | K62: =+J62 -> 32000 | ... Z62: =+Y62 -> 32000 | AA62: 6 | AB62: =+SUM(C62:Z62)*AA62 -> 4608000
A63: 47696 | B63: NORMAL | C63: 32000 | D63: =+C63 -> 32000 | E63: =+D63 -> 32000 | F63: =+E63 -> 32000 | G63: =+F63 -> 32000 | H63: =+G63 -> 32000 | I63: =+H63 -> 32000 | J63: =+I63 -> 32000 | K63: =+J63 -> 32000 | ... Z63: =+Y63 -> 32000 | AA63: 20 | AB63: =+SUM(C63:Z63)*AA63 -> 15360000 | AC63: =+AB63+AB64+AB65 -> 23808000
B64: SABADO | C64: 32000 | D64: =+C64 -> 32000 | E64: =+D64 -> 32000 | F64: =+E64 -> 32000 | G64: =+F64 -> 32000 | H64: =+G64 -> 32000 | I64: =+H64 -> 32000 | J64: =+I64 -> 32000 | K64: =+J64 -> 32000 | ... Z64: =+Y64 -> 32000 | AA64: 5 | AB64: =+SUM(C64:Z64)*AA64 -> 3840000
B65: DOM/FES | C65: 32000 | D65: =+C65 -> 32000 | E65: =+D65 -> 32000 | F65: =+E65 -> 32000 | G65: =+F65 -> 32000 | H65: =+G65 -> 32000 | I65: =+H65 -> 32000 | J65: =+I65 -> 32000 | K65: =+J65 -> 32000 | ... Z65: =+Y65 -> 32000 | AA65: 6 | AB65: =+SUM(C65:Z65)*AA65 -> 4608000
A66: 47727 | B66: NORMAL | C66: 32000 | D66: =+C66 -> 32000 | E66: =+D66 -> 32000 | F66: =+E66 -> 32000 | G66: =+F66 -> 32000 | H66: =+G66 -> 32000 | I66: =+H66 -> 32000 | J66: =+I66 -> 32000 | K66: =+J66 -> 32000 | ... Z66: =+Y66 -> 32000 | AA66: 21 | AB66: =+SUM(C66:Z66)*AA66 -> 16128000 | AC66: =+AB66+AB67+AB68 -> 23040000
B67: SABADO | C67: 32000 | D67: =+C67 -> 32000 | E67: =+D67 -> 32000 | F67: =+E67 -> 32000 | G67: =+F67 -> 32000 | H67: =+G67 -> 32000 | I67: =+H67 -> 32000 | J67: =+I67 -> 32000 | K67: =+J67 -> 32000 | ... Z67: =+Y67 -> 32000 | AA67: 4 | AB67: =+SUM(C67:Z67)*AA67 -> 3072000
B68: DOM/FES | C68: 32000 | D68: =+C68 -> 32000 | E68: =+D68 -> 32000 | F68: =+E68 -> 32000 | G68: =+F68 -> 32000 | H68: =+G68 -> 32000 | I68: =+H68 -> 32000 | J68: =+I68 -> 32000 | K68: =+J68 -> 32000 | ... Z68: =+Y68 -> 32000 | AA68: 5 | AB68: =+SUM(C68:Z68)*AA68 -> 3840000
A69: 47757 | B69: NORMAL | C69: 32000 | D69: =+C69 -> 32000 | E69: =+D69 -> 32000 | F69: =+E69 -> 32000 | G69: =+F69 -> 32000 | H69: =+G69 -> 32000 | I69: =+H69 -> 32000 | J69: =+I69 -> 32000 | K69: =+J69 -> 32000 | ... Z69: =+Y69 -> 32000 | AA69: 22 | AB69: =+SUM(C69:Z69)*AA69 -> 16896000 | AC69: =+AB69+AB70+AB71 -> 23808000
B70: SABADO | C70: 32000 | D70: =+C70 -> 32000 | E70: =+D70 -> 32000 | F70: =+E70 -> 32000 | G70: =+F70 -> 32000 | H70: =+G70 -> 32000 | I70: =+H70 -> 32000 | J70: =+I70 -> 32000 | K70: =+J70 -> 32000 | ... Z70: =+Y70 -> 32000 | AA70: 4 | AB70: =+SUM(C70:Z70)*AA70 -> 3072000
B71: DOM/FES | C71: 32000 | D71: =+C71 -> 32000 | E71: =+D71 -> 32000 | F71: =+E71 -> 32000 | G71: =+F71 -> 32000 | H71: =+G71 -> 32000 | I71: =+H71 -> 32000 | J71: =+I71 -> 32000 | K71: =+J71 -> 32000 | ... Z71: =+Y71 -> 32000 | AA71: 5 | AB71: =+SUM(C71:Z71)*AA71 -> 3840000
A72: 47788 | B72: NORMAL | C72: 32000 | D72: =+C72 -> 32000 | E72: =+D72 -> 32000 | F72: =+E72 -> 32000 | G72: =+F72 -> 32000 | H72: =+G72 -> 32000 | I72: =+H72 -> 32000 | J72: =+I72 -> 32000 | K72: =+J72 -> 32000 | ... Z72: =+Y72 -> 32000 | AA72: 19 | AB72: =+SUM(C72:Z72)*AA72 -> 14592000 | AC72: =+AB72+AB73+AB74 -> 23040000
B73: SABADO | C73: 32000 | D73: =+C73 -> 32000 | E73: =+D73 -> 32000 | F73: =+E73 -> 32000 | G73: =+F73 -> 32000 | H73: =+G73 -> 32000 | I73: =+H73 -> 32000 | J73: =+I73 -> 32000 | K73: =+J73 -> 32000 | ... Z73: =+Y73 -> 32000 | AA73: 5 | AB73: =+SUM(C73:Z73)*AA73 -> 3840000
B74: DOM/FES | C74: 32000 | D74: =+C74 -> 32000 | E74: =+D74 -> 32000 | F74: =+E74 -> 32000 | G74: =+F74 -> 32000 | H74: =+G74 -> 32000 | I74: =+H74 -> 32000 | J74: =+I74 -> 32000 | K74: =+J74 -> 32000 | ... Z74: =+Y74 -> 32000 | AA74: 6 | AB74: =+SUM(C74:Z74)*AA74 -> 4608000
A75: 47818 | B75: NORMAL | C75: 32000 | D75: =+C75 -> 32000 | E75: =+D75 -> 32000 | F75: =+E75 -> 32000 | G75: =+F75 -> 32000 | H75: =+G75 -> 32000 | I75: =+H75 -> 32000 | J75: =+I75 -> 32000 | K75: =+J75 -> 32000 | ... Z75: =+Y75 -> 32000 | AA75: 21 | AB75: =+SUM(C75:Z75)*AA75 -> 16128000 | AC75: =+AB75+AB76+AB77 -> 23808000
B76: SABADO | C76: 32000 | D76: =+C76 -> 32000 | E76: =+D76 -> 32000 | F76: =+E76 -> 32000 | G76: =+F76 -> 32000 | H76: =+G76 -> 32000 | I76: =+H76 -> 32000 | J76: =+I76 -> 32000 | K76: =+J76 -> 32000 | ... Z76: =+Y76 -> 32000 | AA76: 4 | AB76: =+SUM(C76:Z76)*AA76 -> 3072000
B77: DOM/FES | C77: 32000 | D77: =+C77 -> 32000 | E77: =+D77 -> 32000 | F77: =+E77 -> 32000 | G77: =+F77 -> 32000 | H77: =+G77 -> 32000 | I77: =+H77 -> 32000 | J77: =+I77 -> 32000 | K77: =+J77 -> 32000 | ... Z77: =+Y77 -> 32000 | AA77: 6 | AB77: =+SUM(C77:Z77)*AA77 -> 4608000

Sheet Producto 3
A1: ANEXO No. 1A CANTIDADES DE ENERGIA REQUERIDA
A2: CONVOCATORIA PÚBLICA EMSA-CP-EMSC2026-001
A3: OFERTA DE SUMINISTRO DE ENERGÍA ELECTRICA PLANA DE ENERO-2031 A DICIEMBRE-2031
A5: AÑO | B5: ENERGIA SOLICITADA | C5: PAGUE LO CONTRATADO
C6: Oferta (%) De la Curva Demanda
B7: Necesidad TOTAL AÑO kWh | C7: % | D7: Oferta $/kWh
A8: 47849 | B8: =+VLOOKUP(A8,'Cant producto 3_2031'!$A:$AD,29,FALSE) -> 29760000
A9: 47880 | B9: =+VLOOKUP(A9,'Cant producto 3_2031'!$A:$AD,29,FALSE) -> 26880000
A10: 47908 | B10: =+VLOOKUP(A10,'Cant producto 3_2031'!$A:$AD,29,FALSE) -> 29760000
A11: 47939 | B11: =+VLOOKUP(A11,'Cant producto 3_2031'!$A:$AD,29,FALSE) -> 28800000
A12: 47969 | B12: =+VLOOKUP(A12,'Cant producto 3_2031'!$A:$AD,29,FALSE) -> 29760000
A13: 48000 | B13: =+VLOOKUP(A13,'Cant producto 3_2031'!$A:$AD,29,FALSE) -> 28800000
A14: 48030 | B14: =+VLOOKUP(A14,'Cant producto 3_2031'!$A:$AD,29,FALSE) -> 29760000
A15: 48061 | B15: =+VLOOKUP(A15,'Cant producto 3_2031'!$A:$AD,29,FALSE) -> 29760000
A16: 48092 | B16: =+VLOOKUP(A16,'Cant producto 3_2031'!$A:$AD,29,FALSE) -> 28800000
A17: 48122 | B17: =+VLOOKUP(A17,'Cant producto 3_2031'!$A:$AD,29,FALSE) -> 29760000
A18: 48153 | B18: =+VLOOKUP(A18,'Cant producto 3_2031'!$A:$AD,29,FALSE) -> 28800000
A19: 48183 | B19: =+VLOOKUP(A19,'Cant producto 3_2031'!$A:$AD,29,FALSE) -> 29760000
A20: TOTAL | B20: =SUM(B8:B19) -> 350400000
A22: NOMBRE Y FIRMA DEL REPRESENTANTE LEGAL
A23: AGENTE PROPONENTE
A25: NOTAS:
A27: Se acepta adjudicaciones parciales: NO___ SI_____

Sheet Cant producto 3_2031
A1: ANEXO No. 1
A2: ENERGIA ELECTRICA PLANA ENERO-2031 A DICIEMBRE-2031
A3: CONVOCATORIA PÚBLICA EMSA No. CP-EMSC2026-001
B4: HORA | C4: 1 | D4: 2 | E4: 3 | F4: 4 | G4: 5 | H4: 6 | I4: 7 | J4: 8 | K4: 9 | L4: 10 | M4: 11 | N4: 12 | O4: 13 | P4: 14 | Q4: 15 | R4: 16 | S4: 17 | T4: 18 | U4: 19 | V4: 20 | W4: 21 | X4: 22 | Y4: 23 | Z4: 24 | AA4: # DIAS | AB4: TOTAL | AC4: MES
A5: MES/AÑO | B5: TIPO DE DIA | C5: kWh | D5: kWh | E5: kWh | F5: kWh | G5: kWh | H5: kWh | I5: kWh | J5: kWh | K5: kWh | L5: kWh | M5: kWh | N5: kWh | O5: kWh | P5: kWh | Q5: kWh | R5: kWh | S5: kWh | T5: kWh | U5: kWh | V5: kWh | W5: kWh | X5: kWh | Y5: kWh | Z5: kWh
A6: 47849 | B6: NORMAL | C6: 40000 | D6: =+C6 -> 40000 | E6: =+D6 -> 40000 | F6: =+E6 -> 40000 | G6: =+F6 -> 40000 | H6: =+G6 -> 40000 | I6: =+H6 -> 40000 | J6: =+I6 -> 40000 | K6: =+J6 -> 40000 | ... Z6: =+Y6 -> 40000 | AA6: 21 | AB6: =+SUM(C6:Z6)*AA6 -> 20160000 | AC6: =+AB6+AB7+AB8 -> 29760000
B7: SABADO | C7: 40000 | D7: =+C7 -> 40000 | E7: =+D7 -> 40000 | F7: =+E7 -> 40000 | G7: =+F7 -> 40000 | H7: =+G7 -> 40000 | I7: =+H7 -> 40000 | J7: =+I7 -> 40000 | K7: =+J7 -> 40000 | ... Z7: =+Y7 -> 40000 | AA7: 4 | AB7: =+SUM(C7:Z7)*AA7 -> 3840000
B8: DOM/FES | C8: 40000 | D8: =+C8 -> 40000 | E8: =+D8 -> 40000 | F8: =+E8 -> 40000 | G8: =+F8 -> 40000 | H8: =+G8 -> 40000 | I8: =+H8 -> 40000 | J8: =+I8 -> 40000 | K8: =+J8 -> 40000 | ... Z8: =+Y8 -> 40000 | AA8: 6 | AB8: =+SUM(C8:Z8)*AA8 -> 5760000
A9: 47880 | B9: NORMAL | C9: 40000 | D9: =+C9 -> 40000 | E9: =+D9 -> 40000 | F9: =+E9 -> 40000 | G9: =+F9 -> 40000 | H9: =+G9 -> 40000 | I9: =+H9 -> 40000 | J9: =+I9 -> 40000 | K9: =+J9 -> 40000 | ... Z9: =+Y9 -> 40000 | AA9: 20 | AB9: =+SUM(C9:Z9)*AA9 -> 19200000 | AC9: =+AB9+AB10+AB11 -> 26880000
B10: SABADO | C10: 40000 | D10: =+C10 -> 40000 | E10: =+D10 -> 40000 | F10: =+E10 -> 40000 | G10: =+F10 -> 40000 | H10: =+G10 -> 40000 | I10: =+H10 -> 40000 | J10: =+I10 -> 40000 | K10: =+J10 -> 40000 | ... Z10: =+Y10 -> 40000 | AA10: 4 | AB10: =+SUM(C10:Z10)*AA10 -> 3840000
B11: DOM/FES | C11: 40000 | D11: =+C11 -> 40000 | E11: =+D11 -> 40000 | F11: =+E11 -> 40000 | G11: =+F11 -> 40000 | H11: =+G11 -> 40000 | I11: =+H11 -> 40000 | J11: =+I11 -> 40000 | K11: =+J11 -> 40000 | ... Z11: =+Y11 -> 40000 | AA11: 4 | AB11: =+SUM(C11:Z11)*AA11 -> 3840000
A12: 47908 | B12: NORMAL | C12: 40000 | D12: =+C12 -> 40000 | E12: =+D12 -> 40000 | F12: =+E12 -> 40000 | G12: =+F12 -> 40000 | H12: =+G12 -> 40000 | I12: =+H12 -> 40000 | J12: =+I12 -> 40000 | K12: =+J12 -> 40000 | ... Z12: =+Y12 -> 40000 | AA12: 20 | AB12: =+SUM(C12:Z12)*AA12 -> 19200000 | AC12: =+AB12+AB13+AB14 -> 29760000
B13: SABADO | C13: 40000 | D13: =+C13 -> 40000 | E13: =+D13 -> 40000 | F13: =+E13 -> 40000 | G13: =+F13 -> 40000 | H13: =+G13 -> 40000 | I13: =+H13 -> 40000 | J13: =+I13 -> 40000 | K13: =+J13 -> 40000 | ... Z13: =+Y13 -> 40000 | AA13: 5 | AB13: =+SUM(C13:Z13)*AA13 -> 4800000
B14: DOM/FES | C14: 40000 | D14: =+C14 -> 40000 | E14: =+D14 -> 40000 | F14: =+E14 -> 40000 | G14: =+F14 -> 40000 | H14: =+G14 -> 40000 | I14: =+H14 -> 40000 | J14: =+I14 -> 40000 | K14: =+J14 -> 40000 | ... Z14: =+Y14 -> 40000 | AA14: 6 | AB14: =+SUM(C14:Z14)*AA14 -> 5760000
A15: 47939 | B15: NORMAL | C15: 40000 | D15: =+C15 -> 40000 | E15: =+D15 -> 40000 | F15: =+E15 -> 40000 | G15: =+F15 -> 40000 | H15: =+G15 -> 40000 | I15: =+H15 -> 40000 | J15: =+I15 -> 40000 | K15: =+J15 -> 40000 | ... Z15: =+Y15 -> 40000 | AA15: 20 | AB15: =+SUM(C15:Z15)*AA15 -> 19200000 | AC15: =+AB15+AB16+AB17 -> 28800000
B16: SABADO | C16: 40000 | D16: =+C16 -> 40000 | E16: =+D16 -> 40000 | F16: =+E16 -> 40000 | G16: =+F16 -> 40000 | H16: =+G16 -> 40000 | I16: =+H16 -> 40000 | J16: =+I16 -> 40000 | K16: =+J16 -> 40000 | ... Z16: =+Y16 -> 40000 | AA16: 4 | AB16: =+SUM(C16:Z16)*AA16 -> 3840000
B17: DOM/FES | C17: 40000 | D17: =+C17 -> 40000 | E17: =+D17 -> 40000 | F17: =+E17 -> 40000 | G17: =+F17 -> 40000 | H17: =+G17 -> 40000 | I17: =+H17 -> 40000 | J17: =+I17 -> 40000 | K17: =+J17 -> 40000 | ... Z17: =+Y17 -> 40000 | AA17: 6 | AB17: =+SUM(C17:Z17)*AA17 -> 5760000
A18: 47969 | B18: NORMAL | C18: 40000 | D18: =+C18 -> 40000 | E18: =+D18 -> 40000 | F18: =+E18 -> 40000 | G18: =+F18 -> 40000 | H18: =+G18 -> 40000 | I18: =+H18 -> 40000 | J18: =+I18 -> 40000 | K18: =+J18 -> 40000 | ... Z18: =+Y18 -> 40000 | AA18: 20 | AB18: =+SUM(C18:Z18)*AA18 -> 19200000 | AC18: =+AB18+AB19+AB20 -> 29760000
B19: SABADO | C19: 40000 | D19: =+C19 -> 40000 | E19: =+D19 -> 40000 | F19: =+E19 -> 40000 | G19: =+F19 -> 40000 | H19: =+G19 -> 40000 | I19: =+H19 -> 40000 | J19: =+I19 -> 40000 | K19: =+J19 -> 40000 | ... Z19: =+Y19 -> 40000 | AA19: 5 | AB19: =+SUM(C19:Z19)*AA19 -> 4800000
B20: DOM/FES | C20: 40000 | D20: =+C20 -> 40000 | E20: =+D20 -> 40000 | F20: =+E20 -> 40000 | G20: =+F20 -> 40000 | H20: =+G20 -> 40000 | I20: =+H20 -> 40000 | J20: =+I20 -> 40000 | K20: =+J20 -> 40000 | ... Z20: =+Y20 -> 40000 | AA20: 6 | AB20: =+SUM(C20:Z20)*AA20 -> 5760000
A21: 48000 | B21: NORMAL | C21: 40000 | D21: =+C21 -> 40000 | E21: =+D21 -> 40000 | F21: =+E21 -> 40000 | G21: =+F21 -> 40000 | H21: =+G21 -> 40000 | I21: =+H21 -> 40000 | J21: =+I21 -> 40000 | K21: =+J21 -> 40000 | ... Z21: =+Y21 -> 40000 | AA21: 18 | AB21: =+SUM(C21:Z21)*AA21 -> 17280000 | AC21: =+AB21+AB22+AB23 -> 28800000
B22: SABADO | C22: 40000 | D22: =+C22 -> 40000 | E22: =+D22 -> 40000 | F22: =+E22 -> 40000 | G22: =+F22 -> 40000 | H22: =+G22 -> 40000 | I22: =+H22 -> 40000 | J22: =+I22 -> 40000 | K22: =+J22 -> 40000 | ... Z22: =+Y22 -> 40000 | AA22: 4 | AB22: =+SUM(C22:Z22)*AA22 -> 3840000
B23: DOM/FES | C23: 40000 | D23: =+C23 -> 40000 | E23: =+D23 -> 40000 | F23: =+E23 -> 40000 | G23: =+F23 -> 40000 | H23: =+G23 -> 40000 | I23: =+H23 -> 40000 | J23: =+I23 -> 40000 | K23: =+J23 -> 40000 | ... Z23: =+Y23 -> 40000 | AA23: 8 | AB23: =+SUM(C23:Z23)*AA23 -> 7680000
A24: 48030 | B24: NORMAL | C24: 40000 | D24: =+C24 -> 40000 | E24: =+D24 -> 40000 | F24: =+E24 -> 40000 | G24: =+F24 -> 40000 | H24: =+G24 -> 40000 | I24: =+H24 -> 40000 | J24: =+I24 -> 40000 | K24: =+J24 -> 40000 | ... Z24: =+Y24 -> 40000 | AA24: 23 | AB24: =+SUM(C24:Z24)*AA24 -> 22080000 | AC24: =+AB24+AB25+AB26 -> 29760000
B25: SABADO | C25: 40000 | D25: =+C25 -> 40000 | E25: =+D25 -> 40000 | F25: =+E25 -> 40000 | G25: =+F25 -> 40000 | H25: =+G25 -> 40000 | I25: =+H25 -> 40000 | J25: =+I25 -> 40000 | K25: =+J25 -> 40000 | ... Z25: =+Y25 -> 40000 | AA25: 4 | AB25: =+SUM(C25:Z25)*AA25 -> 3840000
B26: DOM/FES | C26: 40000 | D26: =+C26 -> 40000 | E26: =+D26 -> 40000 | F26: =+E26 -> 40000 | G26: =+F26 -> 40000 | H26: =+G26 -> 40000 | I26: =+H26 -> 40000 | J26: =+I26 -> 40000 | K26: =+J26 -> 40000 | ... Z26: =+Y26 -> 40000 | AA26: 4 | AB26: =+SUM(C26:Z26)*AA26 -> 3840000
A27: 48061 | B27: NORMAL | C27: 40000 | D27: =+C27 -> 40000 | E27: =+D27 -> 40000 | F27: =+E27 -> 40000 | G27: =+F27 -> 40000 | H27: =+G27 -> 40000 | I27: =+H27 -> 40000 | J27: =+I27 -> 40000 | K27: =+J27 -> 40000 | ... Z27: =+Y27 -> 40000 | AA27: 19 | AB27: =+SUM(C27:Z27)*AA27 -> 18240000 | AC27: =+AB27+AB28+AB29 -> 29760000
B28: SABADO | C28: 40000 | D28: =+C28 -> 40000 | E28: =+D28 -> 40000 | F28: =+E28 -> 40000 | G28: =+F28 -> 40000 | H28: =+G28 -> 40000 | I28: =+H28 -> 40000 | J28: =+I28 -> 40000 | K28: =+J28 -> 40000 | ... Z28: =+Y28 -> 40000 | AA28: 5 | AB28: =+SUM(C28:Z28)*AA28 -> 4800000
B29: DOM/FES | C29: 40000 | D29: =+C29 -> 40000 | E29: =+D29 -> 40000 | F29: =+E29 -> 40000 | G29: =+F29 -> 40000 | H29: =+G29 -> 40000 | I29: =+H29 -> 40000 | J29: =+I29 -> 40000 | K29: =+J29 -> 40000 | ... Z29: =+Y29 -> 40000 | AA29: 7 | AB29: =+SUM(C29:Z29)*AA29 -> 6720000
A30: 48092 | B30: NORMAL | C30: 40000 | D30: =+C30 -> 40000 | E30: =+D30 -> 40000 | F30: =+E30 -> 40000 | G30: =+F30 -> 40000 | H30: =+G30 -> 40000 | I30: =+H30 -> 40000 | J30: =+I30 -> 40000 | K30: =+J30 -> 40000 | ... Z30: =+Y30 -> 40000 | AA30: 22 | AB30: =+SUM(C30:Z30)*AA30 -> 21120000 | AC30: =+AB30+AB31+AB32 -> 28800000
B31: SABADO | C31: 40000 | D31: =+C31 -> 40000 | E31: =+D31 -> 40000 | F31: =+E31 -> 40000 | G31: =+F31 -> 40000 | H31: =+G31 -> 40000 | I31: =+H31 -> 40000 | J31: =+I31 -> 40000 | K31: =+J31 -> 40000 | ... Z31: =+Y31 -> 40000 | AA31: 4 | AB31: =+SUM(C31:Z31)*AA31 -> 3840000
B32: DOM/FES | C32: 40000 | D32: =+C32 -> 40000 | E32: =+D32 -> 40000 | F32: =+E32 -> 40000 | G32: =+F32 -> 40000 | H32: =+G32 -> 40000 | I32: =+H32 -> 40000 | J32: =+I32 -> 40000 | K32: =+J32 -> 40000 | ... Z32: =+Y32 -> 40000 | AA32: 4 | AB32: =+SUM(C32:Z32)*AA32 -> 3840000
A33: 48122 | B33: NORMAL | C33: 40000 | D33: =+C33 -> 40000 | E33: =+D33 -> 40000 | F33: =+E33 -> 40000 | G33: =+F33 -> 40000 | H33: =+G33 -> 40000 | I33: =+H33 -> 40000 | J33: =+I33 -> 40000 | K33: =+J33 -> 40000 | ... Z33: =+Y33 -> 40000 | AA33: 22 | AB33: =+SUM(C33:Z33)*AA33 -> 21120000 | AC33: =+AB33+AB34+AB35 -> 29760000
B34: SABADO | C34: 40000 | D34: =+C34 -> 40000 | E34: =+D34 -> 40000 | F34: =+E34 -> 40000 | G34: =+F34 -> 40000 | H34: =+G34 -> 40000 | I34: =+H34 -> 40000 | J34: =+I34 -> 40000 | K34: =+J34 -> 40000 | ... Z34: =+Y34 -> 40000 | AA34: 4 | AB34: =+SUM(C34:Z34)*AA34 -> 3840000
B35: DOM/FES | C35: 40000 | D35: =+C35 -> 40000 | E35: =+D35 -> 40000 | F35: =+E35 -> 40000 | G35: =+F35 -> 40000 | H35: =+G35 -> 40000 | I35: =+H35 -> 40000 | J35: =+I35 -> 40000 | K35: =+J35 -> 40000 | ... Z35: =+Y35 -> 40000 | AA35: 5 | AB35: =+SUM(C35:Z35)*AA35 -> 4800000
A36: 48153 | B36: NORMAL | C36: 40000 | D36: =+C36 -> 40000 | E36: =+D36 -> 40000 | F36: =+E36 -> 40000 | G36: =+F36 -> 40000 | H36: =+G36 -> 40000 | I36: =+H36 -> 40000 | J36: =+I36 -> 40000 | K36: =+J36 -> 40000 | ... Z36: =+Y36 -> 40000 | AA36: 18 | AB36: =+SUM(C36:Z36)*AA36 -> 17280000 | AC36: =+AB36+AB37+AB38 -> 28800000
B37: SABADO | C37: 40000 | D37: =+C37 -> 40000 | E37: =+D37 -> 40000 | F37: =+E37 -> 40000 | G37: =+F37 -> 40000 | H37: =+G37 -> 40000 | I37: =+H37 -> 40000 | J37: =+I37 -> 40000 | K37: =+J37 -> 40000 | ... Z37: =+Y37 -> 40000 | AA37: 5 | AB37: =+SUM(C37:Z37)*AA37 -> 4800000
B38: DOM/FES | C38: 40000 | D38: =+C38 -> 40000 | E38: =+D38 -> 40000 | F38: =+E38 -> 40000 | G38: =+F38 -> 40000 | H38: =+G38 -> 40000 | I38: =+H38 -> 40000 | J38: =+I38 -> 40000 | K38: =+J38 -> 40000 | ... Z38: =+Y38 -> 40000 | AA38: 7 | AB38: =+SUM(C38:Z38)*AA38 -> 6720000
A39: 48183 | B39: NORMAL | C39: 40000 | D39: =+C39 -> 40000 | E39: =+D39 -> 40000 | F39: =+E39 -> 40000 | G39: =+F39 -> 40000 | H39: =+G39 -> 40000 | I39: =+H39 -> 40000 | J39: =+I39 -> 40000 | K39: =+J39 -> 40000 | ... Z39: =+Y39 -> 40000 | AA39: 21 | AB39: =+SUM(C39:Z39)*AA39 -> 20160000 | AC39: =+AB39+AB40+AB41 -> 29760000
B40: SABADO | C40: 40000 | D40: =+C40 -> 40000 | E40: =+D40 -> 40000 | F40: =+E40 -> 40000 | G40: =+F40 -> 40000 | H40: =+G40 -> 40000 | I40: =+H40 -> 40000 | J40: =+I40 -> 40000 | K40: =+J40 -> 40000 | ... Z40: =+Y40 -> 40000 | AA40: 4 | AB40: =+SUM(C40:Z40)*AA40 -> 3840000
B41: DOM/FES | C41: 40000 | D41: =+C41 -> 40000 | E41: =+D41 -> 40000 | F41: =+E41 -> 40000 | G41: =+F41 -> 40000 | H41: =+G41 -> 40000 | I41: =+H41 -> 40000 | J41: =+I41 -> 40000 | K41: =+J41 -> 40000 | ... Z41: =+Y41 -> 40000 | AA41: 6 | AB41: =+SUM(C41:Z41)*AA41 -> 5760000

Sheet Producto 4
A1: ANEXO No. 1A CANTIDADES DE ENERGIA REQUERIDA
A2: CONVOCATORIA PÚBLICA EMSA-CP-EMSC2026-001
A3: OFERTA DE SUMINISTRO DE ENERGÍA ELECTRICA PLANA DE ENERO-2032 A DICIEMBRE-2032
A5: AÑO | B5: ENERGIA SOLICITADA | C5: PAGUE LO CONTRATADO
C6: Oferta (%) De la Curva Demanda
B7: Necesidad TOTAL AÑO kWh | C7: % | D7: Oferta $/kWh
A8: 48214 | B8: =+VLOOKUP(A8,'Cant producto 4_2032'!$A:$AD,29,FALSE) -> 39432000
A9: 48245 | B9: =+VLOOKUP(A9,'Cant producto 4_2032'!$A:$AD,29,FALSE) -> 36888000
A10: 48274 | B10: =+VLOOKUP(A10,'Cant producto 4_2032'!$A:$AD,29,FALSE) -> 39432000
A11: 48305 | B11: =+VLOOKUP(A11,'Cant producto 4_2032'!$A:$AD,29,FALSE) -> 30960000
A12: 48335 | B12: =+VLOOKUP(A12,'Cant producto 4_2032'!$A:$AD,29,FALSE) -> 31992000
A13: 48366 | B13: =+VLOOKUP(A13,'Cant producto 4_2032'!$A:$AD,29,FALSE) -> 27360000
A14: 48396 | B14: =+VLOOKUP(A14,'Cant producto 4_2032'!$A:$AD,29,FALSE) -> 28272000
A15: 48427 | B15: =+VLOOKUP(A15,'Cant producto 4_2032'!$A:$AD,29,FALSE) -> 31992000
A16: 48458 | B16: =+VLOOKUP(A16,'Cant producto 4_2032'!$A:$AD,29,FALSE) -> 30960000
A17: 48488 | B17: =+VLOOKUP(A17,'Cant producto 4_2032'!$A:$AD,29,FALSE) -> 31992000
A18: 48519 | B18: =+VLOOKUP(A18,'Cant producto 4_2032'!$A:$AD,29,FALSE) -> 30960000
A19: 48549 | B19: =+VLOOKUP(A19,'Cant producto 4_2032'!$A:$AD,29,FALSE) -> 39432000
A20: TOTAL | B20: =+SUM(B8:B19) -> 399672000
A23: NOTAS:
A25: Se acepta adjudicaciones parciales: NO___ SI_____
A312: NOMBRE Y FIRMA DEL REPRESENTANTE LEGAL
A313: AGENTE PROPONENTE
A315: NOTAS:
A316: Se acepta adjudicaciones parciales: NO___ SI_____ % Minimo a aceptar: _____
A317: En este formulario, el oferente debera manifestar formalmente si acepta o no adjudicaciones parciales y en caso afirmativo el porcentaje minimo que acepta.
A319: En el caso de no marcar en este formulario la casilla de adjudicaciones parciales, se entendera que NO acepta adjudicaciones parciales.

Sheet Cant producto 4_2032
A1: ANEXO No. 1
A2: ENERGIA ELECTRICA PLANA ENERO-2032 A DICIEMBRE-2032
A3: CONVOCATORIA PÚBLICA EMSA No. CP-EMSC2026-001
B4: HORA | C4: 1 | D4: 2 | E4: 3 | F4: 4 | G4: 5 | H4: 6 | I4: 7 | J4: 8 | K4: 9 | L4: 10 | M4: 11 | N4: 12 | O4: 13 | P4: 14 | Q4: 15 | R4: 16 | S4: 17 | T4: 18 | U4: 19 | V4: 20 | W4: 21 | X4: 22 | Y4: 23 | Z4: 24 | AA4: # DIAS | AB4: TOTAL | AC4: MES
A5: MES/AÑO | B5: TIPO DE DIA | C5: kWh | D5: kWh | E5: kWh | F5: kWh | G5: kWh | H5: kWh | I5: kWh | J5: kWh | K5: kWh | L5: kWh | M5: kWh | N5: kWh | O5: kWh | P5: kWh | Q5: kWh | R5: kWh | S5: kWh | T5: kWh | U5: kWh | V5: kWh | W5: kWh | X5: kWh | Y5: kWh | Z5: kWh
A6: 48214 | B6: NORMAL | C6: 53000 | D6: =+C6 -> 53000 | E6: =+D6 -> 53000 | F6: =+E6 -> 53000 | G6: =+F6 -> 53000 | H6: =+G6 -> 53000 | I6: =+H6 -> 53000 | J6: =+I6 -> 53000 | K6: =+J6 -> 53000 | ... Z6: =+Y6 -> 53000 | AA6: 20 | AB6: =+SUM(C6:Z6)*AA6 -> 25440000 | AC6: =+AB6+AB7+AB8 -> 39432000
B7: SABADO | C7: 53000 | D7: =+C7 -> 53000 | E7: =+D7 -> 53000 | F7: =+E7 -> 53000 | G7: =+F7 -> 53000 | H7: =+G7 -> 53000 | I7: =+H7 -> 53000 | J7: =+I7 -> 53000 | K7: =+J7 -> 53000 | ... Z7: =+Y7 -> 53000 | AA7: 5 | AB7: =+SUM(C7:Z7)*AA7 -> 6360000
B8: DOM/FES | C8: 53000 | D8: =+C8 -> 53000 | E8: =+D8 -> 53000 | F8: =+E8 -> 53000 | G8: =+F8 -> 53000 | H8: =+G8 -> 53000 | I8: =+H8 -> 53000 | J8: =+I8 -> 53000 | K8: =+J8 -> 53000 | ... Z8: =+Y8 -> 53000 | AA8: 6 | AB8: =+SUM(C8:Z8)*AA8 -> 7632000
A9: 48245 | B9: NORMAL | C9: 53000 | D9: =+C9 -> 53000 | E9: =+D9 -> 53000 | F9: =+E9 -> 53000 | G9: =+F9 -> 53000 | H9: =+G9 -> 53000 | I9: =+H9 -> 53000 | J9: =+I9 -> 53000 | K9: =+J9 -> 53000 | ... Z9: =+Y9 -> 53000 | AA9: 20 | AB9: =+SUM(C9:Z9)*AA9 -> 25440000 | AC9: =+AB9+AB10+AB11 -> 36888000
B10: SABADO | C10: 53000 | D10: =+C10 -> 53000 | E10: =+D10 -> 53000 | F10: =+E10 -> 53000 | G10: =+F10 -> 53000 | H10: =+G10 -> 53000 | I10: =+H10 -> 53000 | J10: =+I10 -> 53000 | K10: =+J10 -> 53000 | ... Z10: =+Y10 -> 53000 | AA10: 4 | AB10: =+SUM(C10:Z10)*AA10 -> 5088000
B11: DOM/FES | C11: 53000 | D11: =+C11 -> 53000 | E11: =+D11 -> 53000 | F11: =+E11 -> 53000 | G11: =+F11 -> 53000 | H11: =+G11 -> 53000 | I11: =+H11 -> 53000 | J11: =+I11 -> 53000 | K11: =+J11 -> 53000 | ... Z11: =+Y11 -> 53000 | AA11: 5 | AB11: =+SUM(C11:Z11)*AA11 -> 6360000
A12: 48274 | B12: NORMAL | C12: 53000 | D12: =+C12 -> 53000 | E12: =+D12 -> 53000 | F12: =+E12 -> 53000 | G12: =+F12 -> 53000 | H12: =+G12 -> 53000 | I12: =+H12 -> 53000 | J12: =+I12 -> 53000 | K12: =+J12 -> 53000 | ... Z12: =+Y12 -> 53000 | AA12: 20 | AB12: =+SUM(C12:Z12)*AA12 -> 25440000 | AC12: =+AB12+AB13+AB14 -> 39432000
B13: SABADO | C13: 53000 | D13: =+C13 -> 53000 | E13: =+D13 -> 53000 | F13: =+E13 -> 53000 | G13: =+F13 -> 53000 | H13: =+G13 -> 53000 | I13: =+H13 -> 53000 | J13: =+I13 -> 53000 | K13: =+J13 -> 53000 | ... Z13: =+Y13 -> 53000 | AA13: 4 | AB13: =+SUM(C13:Z13)*AA13 -> 5088000
B14: DOM/FES | C14: 53000 | D14: =+C14 -> 53000 | E14: =+D14 -> 53000 | F14: =+E14 -> 53000 | G14: =+F14 -> 53000 | H14: =+G14 -> 53000 | I14: =+H14 -> 53000 | J14: =+I14 -> 53000 | K14: =+J14 -> 53000 | ... Z14: =+Y14 -> 53000 | AA14: 7 | AB14: =+SUM(C14:Z14)*AA14 -> 8904000
A15: 48305 | B15: NORMAL | C15: 43000 | D15: =+C15 -> 43000 | E15: =+D15 -> 43000 | F15: =+E15 -> 43000 | G15: =+F15 -> 43000 | H15: =+G15 -> 43000 | I15: =+H15 -> 43000 | J15: =+I15 -> 43000 | K15: =+J15 -> 43000 | ... Z15: =+Y15 -> 43000 | AA15: 22 | AB15: =+SUM(C15:Z15)*AA15 -> 22704000 | AC15: =+AB15+AB16+AB17 -> 30960000
B16: SABADO | C16: 43000 | D16: =+C16 -> 43000 | E16: =+D16 -> 43000 | F16: =+E16 -> 43000 | G16: =+F16 -> 43000 | H16: =+G16 -> 43000 | I16: =+H16 -> 43000 | J16: =+I16 -> 43000 | K16: =+J16 -> 43000 | ... Z16: =+Y16 -> 43000 | AA16: 4 | AB16: =+SUM(C16:Z16)*AA16 -> 4128000
B17: DOM/FES | C17: 43000 | D17: =+C17 -> 43000 | E17: =+D17 -> 43000 | F17: =+E17 -> 43000 | G17: =+F17 -> 43000 | H17: =+G17 -> 43000 | I17: =+H17 -> 43000 | J17: =+I17 -> 43000 | K17: =+J17 -> 43000 | ... Z17: =+Y17 -> 43000 | AA17: 4 | AB17: =+SUM(C17:Z17)*AA17 -> 4128000
A18: 48335 | B18: NORMAL | C18: 43000 | D18: =+C18 -> 43000 | E18: =+D18 -> 43000 | F18: =+E18 -> 43000 | G18: =+F18 -> 43000 | H18: =+G18 -> 43000 | I18: =+H18 -> 43000 | J18: =+I18 -> 43000 | K18: =+J18 -> 43000 | ... Z18: =+Y18 -> 43000 | AA18: 19 | AB18: =+SUM(C18:Z18)*AA18 -> 19608000 | AC18: =+AB18+AB19+AB20 -> 31992000
B19: SABADO | C19: 43000 | D19: =+C19 -> 43000 | E19: =+D19 -> 43000 | F19: =+E19 -> 43000 | G19: =+F19 -> 43000 | H19: =+G19 -> 43000 | I19: =+H19 -> 43000 | J19: =+I19 -> 43000 | K19: =+J19 -> 43000 | ... Z19: =+Y19 -> 43000 | AA19: 4 | AB19: =+SUM(C19:Z19)*AA19 -> 4128000
B20: DOM/FES | C20: 43000 | D20: =+C20 -> 43000 | E20: =+D20 -> 43000 | F20: =+E20 -> 43000 | G20: =+F20 -> 43000 | H20: =+G20 -> 43000 | I20: =+H20 -> 43000 | J20: =+I20 -> 43000 | K20: =+J20 -> 43000 | ... Z20: =+Y20 -> 43000 | AA20: 8 | AB20: =+SUM(C20:Z20)*AA20 -> 8256000
A21: 48366 | B21: NORMAL | C21: 38000 | D21: =+C21 -> 38000 | E21: =+D21 -> 38000 | F21: =+E21 -> 38000 | G21: =+F21 -> 38000 | H21: =+G21 -> 38000 | I21: =+H21 -> 38000 | J21: =+I21 -> 38000 | K21: =+J21 -> 38000 | ... Z21: =+Y21 -> 38000 | AA21: 21 | AB21: =+SUM(C21:Z21)*AA21 -> 19152000 | AC21: =+AB21+AB22+AB23 -> 27360000
B22: SABADO | C22: 38000 | D22: =+C22 -> 38000 | E22: =+D22 -> 38000 | F22: =+E22 -> 38000 | G22: =+F22 -> 38000 | H22: =+G22 -> 38000 | I22: =+H22 -> 38000 | J22: =+I22 -> 38000 | K22: =+J22 -> 38000 | ... Z22: =+Y22 -> 38000 | AA22: 4 | AB22: =+SUM(C22:Z22)*AA22 -> 3648000
B23: DOM/FES | C23: 38000 | D23: =+C23 -> 38000 | E23: =+D23 -> 38000 | F23: =+E23 -> 38000 | G23: =+F23 -> 38000 | H23: =+G23 -> 38000 | I23: =+H23 -> 38000 | J23: =+I23 -> 38000 | K23: =+J23 -> 38000 | ... Z23: =+Y23 -> 38000 | AA23: 5 | AB23: =+SUM(C23:Z23)*AA23 -> 4560000
A24: 48396 | B24: NORMAL | C24: 38000 | D24: =+C24 -> 38000 | E24: =+D24 -> 38000 | F24: =+E24 -> 38000 | G24: =+F24 -> 38000 | H24: =+G24 -> 38000 | I24: =+H24 -> 38000 | J24: =+I24 -> 38000 | K24: =+J24 -> 38000 | ... Z24: =+Y24 -> 38000 | AA24: 20 | AB24: =+SUM(C24:Z24)*AA24 -> 18240000 | AC24: =+AB24+AB25+AB26 -> 28272000
B25: SABADO | C25: 38000 | D25: =+C25 -> 38000 | E25: =+D25 -> 38000 | F25: =+E25 -> 38000 | G25: =+F25 -> 38000 | H25: =+G25 -> 38000 | I25: =+H25 -> 38000 | J25: =+I25 -> 38000 | K25: =+J25 -> 38000 | ... Z25: =+Y25 -> 38000 | AA25: 5 | AB25: =+SUM(C25:Z25)*AA25 -> 4560000
B26: DOM/FES | C26: 38000 | D26: =+C26 -> 38000 | E26: =+D26 -> 38000 | F26: =+E26 -> 38000 | G26: =+F26 -> 38000 | H26: =+G26 -> 38000 | I26: =+H26 -> 38000 | J26: =+I26 -> 38000 | K26: =+J26 -> 38000 | ... Z26: =+Y26 -> 38000 | AA26: 6 | AB26: =+SUM(C26:Z26)*AA26 -> 5472000
A27: 48427 | B27: NORMAL | C27: 43000 | D27: =+C27 -> 43000 | E27: =+D27 -> 43000 | F27: =+E27 -> 43000 | G27: =+F27 -> 43000 | H27: =+G27 -> 43000 | I27: =+H27 -> 43000 | J27: =+I27 -> 43000 | K27: =+J27 -> 43000 | ... Z27: =+Y27 -> 43000 | AA27: 21 | AB27: =+SUM(C27:Z27)*AA27 -> 21672000 | AC27: =+AB27+AB28+AB29 -> 31992000
B28: SABADO | C28: 43000 | D28: =+C28 -> 43000 | E28: =+D28 -> 43000 | F28: =+E28 -> 43000 | G28: =+F28 -> 43000 | H28: =+G28 -> 43000 | I28: =+H28 -> 43000 | J28: =+I28 -> 43000 | K28: =+J28 -> 43000 | ... Z28: =+Y28 -> 43000 | AA28: 3 | AB28: =+SUM(C28:Z28)*AA28 -> 3096000
B29: DOM/FES | C29: 43000 | D29: =+C29 -> 43000 | E29: =+D29 -> 43000 | F29: =+E29 -> 43000 | G29: =+F29 -> 43000 | H29: =+G29 -> 43000 | I29: =+H29 -> 43000 | J29: =+I29 -> 43000 | K29: =+J29 -> 43000 | ... Z29: =+Y29 -> 43000 | AA29: 7 | AB29: =+SUM(C29:Z29)*AA29 -> 7224000
A30: 48458 | B30: NORMAL | C30: 43000 | D30: =+C30 -> 43000 | E30: =+D30 -> 43000 | F30: =+E30 -> 43000 | G30: =+F30 -> 43000 | H30: =+G30 -> 43000 | I30: =+H30 -> 43000 | J30: =+I30 -> 43000 | K30: =+J30 -> 43000 | ... Z30: =+Y30 -> 43000 | AA30: 22 | AB30: =+SUM(C30:Z30)*AA30 -> 22704000 | AC30: =+AB30+AB31+AB32 -> 30960000
B31: SABADO | C31: 43000 | D31: =+C31 -> 43000 | E31: =+D31 -> 43000 | F31: =+E31 -> 43000 | G31: =+F31 -> 43000 | H31: =+G31 -> 43000 | I31: =+H31 -> 43000 | J31: =+I31 -> 43000 | K31: =+J31 -> 43000 | ... Z31: =+Y31 -> 43000 | AA31: 4 | AB31: =+SUM(C31:Z31)*AA31 -> 4128000
B32: DOM/FES | C32: 43000 | D32: =+C32 -> 43000 | E32: =+D32 -> 43000 | F32: =+E32 -> 43000 | G32: =+F32 -> 43000 | H32: =+G32 -> 43000 | I32: =+H32 -> 43000 | J32: =+I32 -> 43000 | K32: =+J32 -> 43000 | ... Z32: =+Y32 -> 43000 | AA32: 4 | AB32: =+SUM(C32:Z32)*AA32 -> 4128000
A33: 48488 | B33: NORMAL | C33: 43000 | D33: =+C33 -> 43000 | E33: =+D33 -> 43000 | F33: =+E33 -> 43000 | G33: =+F33 -> 43000 | H33: =+G33 -> 43000 | I33: =+H33 -> 43000 | J33: =+I33 -> 43000 | K33: =+J33 -> 43000 | ... Z33: =+Y33 -> 43000 | AA33: 20 | AB33: =+SUM(C33:Z33)*AA33 -> 20640000 | AC33: =+AB33+AB34+AB35 -> 31992000
B34: SABADO | C34: 43000 | D34: =+C34 -> 43000 | E34: =+D34 -> 43000 | F34: =+E34 -> 43000 | G34: =+F34 -> 43000 | H34: =+G34 -> 43000 | I34: =+H34 -> 43000 | J34: =+I34 -> 43000 | K34: =+J34 -> 43000 | ... Z34: =+Y34 -> 43000 | AA34: 5 | AB34: =+SUM(C34:Z34)*AA34 -> 5160000
B35: DOM/FES | C35: 43000 | D35: =+C35 -> 43000 | E35: =+D35 -> 43000 | F35: =+E35 -> 43000 | G35: =+F35 -> 43000 | H35: =+G35 -> 43000 | I35: =+H35 -> 43000 | J35: =+I35 -> 43000 | K35: =+J35 -> 43000 | ... Z35: =+Y35 -> 43000 | AA35: 6 | AB35: =+SUM(C35:Z35)*AA35 -> 6192000
A36: 48519 | B36: NORMAL | C36: 43000 | D36: =+C36 -> 43000 | E36: =+D36 -> 43000 | F36: =+E36 -> 43000 | G36: =+F36 -> 43000 | H36: =+G36 -> 43000 | I36: =+H36 -> 43000 | J36: =+I36 -> 43000 | K36: =+J36 -> 43000 | ... Z36: =+Y36 -> 43000 | AA36: 20 | AB36: =+SUM(C36:Z36)*AA36 -> 20640000 | AC36: =+AB36+AB37+AB38 -> 30960000
B37: SABADO | C37: 43000 | D37: =+C37 -> 43000 | E37: =+D37 -> 43000 | F37: =+E37 -> 43000 | G37: =+F37 -> 43000 | H37: =+G37 -> 43000 | I37: =+H37 -> 43000 | J37: =+I37 -> 43000 | K37: =+J37 -> 43000 | ... Z37: =+Y37 -> 43000 | AA37: 4 | AB37: =+SUM(C37:Z37)*AA37 -> 4128000
B38: DOM/FES | C38: 43000 | D38: =+C38 -> 43000 | E38: =+D38 -> 43000 | F38: =+E38 -> 43000 | G38: =+F38 -> 43000 | H38: =+G38 -> 43000 | I38: =+H38 -> 43000 | J38: =+I38 -> 43000 | K38: =+J38 -> 43000 | ... Z38: =+Y38 -> 43000 | AA38: 6 | AB38: =+SUM(C38:Z38)*AA38 -> 6192000
A39: 48549 | B39: NORMAL | C39: 53000 | D39: =+C39 -> 53000 | E39: =+D39 -> 53000 | F39: =+E39 -> 53000 | G39: =+F39 -> 53000 | H39: =+G39 -> 53000 | I39: =+H39 -> 53000 | J39: =+I39 -> 53000 | K39: =+J39 -> 53000 | ... Z39: =+Y39 -> 53000 | AA39: 22 | AB39: =+SUM(C39:Z39)*AA39 -> 27984000 | AC39: =+AB39+AB40+AB41 -> 39432000
B40: SABADO | C40: 53000 | D40: =+C40 -> 53000 | E40: =+D40 -> 53000 | F40: =+E40 -> 53000 | G40: =+F40 -> 53000 | H40: =+G40 -> 53000 | I40: =+H40 -> 53000 | J40: =+I40 -> 53000 | K40: =+J40 -> 53000 | ... Z40: =+Y40 -> 53000 | AA40: 3 | AB40: =+SUM(C40:Z40)*AA40 -> 3816000
B41: DOM/FES | C41: 53000 | D41: =+C41 -> 53000 | E41: =+D41 -> 53000 | F41: =+E41 -> 53000 | G41: =+F41 -> 53000 | H41: =+G41 -> 53000 | I41: =+H41 -> 53000 | J41: =+I41 -> 53000 | K41: =+J41 -> 53000 | ... Z41: =+Y41 -> 53000 | AA41: 6 | AB41: =+SUM(C41:Z41)*AA41 -> 7632000

Sheet Producto 5
A1: ANEXO No. 1A CANTIDADES DE ENERGIA REQUERIDA
A2: CONVOCATORIA PÚBLICA EMSA-CP-EMSC2026-001
A3: OFERTA DE SUMINISTRO DE ENERGÍA ELECTRICA PLANA DE ENERO-2033 A DICIEMBRE-2036
A5: AÑO | B5: ENERGIA SOLICITADA | C5: PAGUE LO CONTRATADO
C6: Oferta (%) De la Curva Demanda
B7: Necesidad TOTAL AÑO kWh | C7: % | D7: Oferta $/kWh
A8: 48580 | B8: =+VLOOKUP(A8,'Cant producto_5_2033-36'!$A:$AD,29,FALSE) -> 46128000
A9: 48611 | B9: =+VLOOKUP(A9,'Cant producto_5_2033-36'!$A:$AD,29,FALSE) -> 41664000
A10: 48639 | B10: =+VLOOKUP(A10,'Cant producto_5_2033-36'!$A:$AD,29,FALSE) -> 46128000
A11: 48670 | B11: =+VLOOKUP(A11,'Cant producto_5_2033-36'!$A:$AD,29,FALSE) -> 44640000
A12: 48700 | B12: =+VLOOKUP(A12,'Cant producto_5_2033-36'!$A:$AD,29,FALSE) -> 46128000
A13: 48731 | B13: =+VLOOKUP(A13,'Cant producto_5_2033-36'!$A:$AD,29,FALSE) -> 44640000
A14: 48761 | B14: =+VLOOKUP(A14,'Cant producto_5_2033-36'!$A:$AD,29,FALSE) -> 46128000
A15: 48792 | B15: =+VLOOKUP(A15,'Cant producto_5_2033-36'!$A:$AD,29,FALSE) -> 46128000
A16: 48823 | B16: =+VLOOKUP(A16,'Cant producto_5_2033-36'!$A:$AD,29,FALSE) -> 44640000
A17: 48853 | B17: =+VLOOKUP(A17,'Cant producto_5_2033-36'!$A:$AD,29,FALSE) -> 46128000
A18: 48884 | B18: =+VLOOKUP(A18,'Cant producto_5_2033-36'!$A:$AD,29,FALSE) -> 44640000
A19: 48914 | B19: =+VLOOKUP(A19,'Cant producto_5_2033-36'!$A:$AD,29,FALSE) -> 46128000
... A55: 50010 | B55: =+VLOOKUP(A55,'Cant producto_5_2033-36'!$A:$AD,29,FALSE) -> 72912000
A56: TOTAL | B56: =+SUM(B8:B55) -> 2858112000
A59: NOTAS:
A61: Se acepta adjudicaciones parciales: NO___ SI_____
A348: NOMBRE Y FIRMA DEL REPRESENTANTE LEGAL
A349: AGENTE PROPONENTE
A351: NOTAS:
A352: Se acepta adjudicaciones parciales: NO___ SI_____ % Minimo a aceptar: _____
A353: En este formulario, el oferente debera manifestar formalmente si acepta o no adjudicaciones parciales y en caso afirmativo el porcentaje minimo que acepta.
A355: En el caso de no marcar en este formulario la casilla de adjudicaciones parciales, se entendera que NO acepta adjudicaciones parciales.

Sheet Cant producto_5_2033-36
A1: ANEXO No. 1
A2: ENERGIA ELECTRICA PLANA ENERO-2033 A DICIEMBRE-2036
A3: CONVOCATORIA PÚBLICA EMSA No. CP-EMSC2026-001
B4: HORA | C4: 1 | D4: 2 | E4: 3 | F4: 4 | G4: 5 | H4: 6 | I4: 7 | J4: 8 | K4: 9 | L4: 10 | M4: 11 | N4: 12 | O4: 13 | P4: 14 | Q4: 15 | R4: 16 | S4: 17 | T4: 18 | U4: 19 | V4: 20 | W4: 21 | X4: 22 | Y4: 23 | Z4: 24 | AA4: # DIAS | AB4: TOTAL | AC4: MES
A5: MES/AÑO | B5: TIPO DE DIA | C5: kWh | D5: kWh | E5: kWh | F5: kWh | G5: kWh | H5: kWh | I5: kWh | J5: kWh | K5: kWh | L5: kWh | M5: kWh | N5: kWh | O5: kWh | P5: kWh | Q5: kWh | R5: kWh | S5: kWh | T5: kWh | U5: kWh | V5: kWh | W5: kWh | X5: kWh | Y5: kWh | Z5: kWh
A6: 48580 | B6: NORMAL | C6: 62000 | D6: =+C6 -> 62000 | E6: =+D6 -> 62000 | F6: =+E6 -> 62000 | G6: =+F6 -> 62000 | H6: =+G6 -> 62000 | I6: =+H6 -> 62000 | J6: =+I6 -> 62000 | K6: =+J6 -> 62000 | ... Z6: =+Y6 -> 62000 | AA6: 20 | AB6: =+SUM(C6:Z6)*AA6 -> 29760000 | AC6: =+AB6+AB7+AB8 -> 46128000
B7: SABADO | C7: 62000 | D7: =+C7 -> 62000 | E7: =+D7 -> 62000 | F7: =+E7 -> 62000 | G7: =+F7 -> 62000 | H7: =+G7 -> 62000 | I7: =+H7 -> 62000 | J7: =+I7 -> 62000 | K7: =+J7 -> 62000 | ... Z7: =+Y7 -> 62000 | AA7: 5 | AB7: =+SUM(C7:Z7)*AA7 -> 7440000
B8: DOM/FES | C8: 62000 | D8: =+C8 -> 62000 | E8: =+D8 -> 62000 | F8: =+E8 -> 62000 | G8: =+F8 -> 62000 | H8: =+G8 -> 62000 | I8: =+H8 -> 62000 | J8: =+I8 -> 62000 | K8: =+J8 -> 62000 | ... Z8: =+Y8 -> 62000 | AA8: 6 | AB8: =+SUM(C8:Z8)*AA8 -> 8928000
A9: 48611 | B9: NORMAL | C9: 62000 | D9: =+C9 -> 62000 | E9: =+D9 -> 62000 | F9: =+E9 -> 62000 | G9: =+F9 -> 62000 | H9: =+G9 -> 62000 | I9: =+H9 -> 62000 | J9: =+I9 -> 62000 | K9: =+J9 -> 62000 | ... Z9: =+Y9 -> 62000 | AA9: 20 | AB9: =+SUM(C9:Z9)*AA9 -> 29760000 | AC9: =+AB9+AB10+AB11 -> 41664000
B10: SABADO | C10: 62000 | D10: =+C10 -> 62000 | E10: =+D10 -> 62000 | F10: =+E10 -> 62000 | G10: =+F10 -> 62000 | H10: =+G10 -> 62000 | I10: =+H10 -> 62000 | J10: =+I10 -> 62000 | K10: =+J10 -> 62000 | ... Z10: =+Y10 -> 62000 | AA10: 4 | AB10: =+SUM(C10:Z10)*AA10 -> 5952000
B11: DOM/FES | C11: 62000 | D11: =+C11 -> 62000 | E11: =+D11 -> 62000 | F11: =+E11 -> 62000 | G11: =+F11 -> 62000 | H11: =+G11 -> 62000 | I11: =+H11 -> 62000 | J11: =+I11 -> 62000 | K11: =+J11 -> 62000 | ... Z11: =+Y11 -> 62000 | AA11: 4 | AB11: =+SUM(C11:Z11)*AA11 -> 5952000
A12: 48639 | B12: NORMAL | C12: 62000 | D12: =+C12 -> 62000 | E12: =+D12 -> 62000 | F12: =+E12 -> 62000 | G12: =+F12 -> 62000 | H12: =+G12 -> 62000 | I12: =+H12 -> 62000 | J12: =+I12 -> 62000 | K12: =+J12 -> 62000 | ... Z12: =+Y12 -> 62000 | AA12: 22 | AB12: =+SUM(C12:Z12)*AA12 -> 32736000 | AC12: =+AB12+AB13+AB14 -> 46128000
B13: SABADO | C13: 62000 | D13: =+C13 -> 62000 | E13: =+D13 -> 62000 | F13: =+E13 -> 62000 | G13: =+F13 -> 62000 | H13: =+G13 -> 62000 | I13: =+H13 -> 62000 | J13: =+I13 -> 62000 | K13: =+J13 -> 62000 | ... Z13: =+Y13 -> 62000 | AA13: 4 | AB13: =+SUM(C13:Z13)*AA13 -> 5952000
B14: DOM/FES | C14: 62000 | D14: =+C14 -> 62000 | E14: =+D14 -> 62000 | F14: =+E14 -> 62000 | G14: =+F14 -> 62000 | H14: =+G14 -> 62000 | I14: =+H14 -> 62000 | J14: =+I14 -> 62000 | K14: =+J14 -> 62000 | ... Z14: =+Y14 -> 62000 | AA14: 5 | AB14: =+SUM(C14:Z14)*AA14 -> 7440000
A15: 48670 | B15: NORMAL | C15: 62000 | D15: =+C15 -> 62000 | E15: =+D15 -> 62000 | F15: =+E15 -> 62000 | G15: =+F15 -> 62000 | H15: =+G15 -> 62000 | I15: =+H15 -> 62000 | J15: =+I15 -> 62000 | K15: =+J15 -> 62000 | ... Z15: =+Y15 -> 62000 | AA15: 19 | AB15: =+SUM(C15:Z15)*AA15 -> 28272000 | AC15: =+AB15+AB16+AB17 -> 44640000
B16: SABADO | C16: 62000 | D16: =+C16 -> 62000 | E16: =+D16 -> 62000 | F16: =+E16 -> 62000 | G16: =+F16 -> 62000 | H16: =+G16 -> 62000 | I16: =+H16 -> 62000 | J16: =+I16 -> 62000 | K16: =+J16 -> 62000 | ... Z16: =+Y16 -> 62000 | AA16: 5 | AB16: =+SUM(C16:Z16)*AA16 -> 7440000
B17: DOM/FES | C17: 62000 | D17: =+C17 -> 62000 | E17: =+D17 -> 62000 | F17: =+E17 -> 62000 | G17: =+F17 -> 62000 | H17: =+G17 -> 62000 | I17: =+H17 -> 62000 | J17: =+I17 -> 62000 | K17: =+J17 -> 62000 | ... Z17: =+Y17 -> 62000 | AA17: 6 | AB17: =+SUM(C17:Z17)*AA17 -> 8928000
A18: 48700 | B18: NORMAL | C18: 62000 | D18: =+C18 -> 62000 | E18: =+D18 -> 62000 | F18: =+E18 -> 62000 | G18: =+F18 -> 62000 | H18: =+G18 -> 62000 | I18: =+H18 -> 62000 | J18: =+I18 -> 62000 | K18: =+J18 -> 62000 | ... Z18: =+Y18 -> 62000 | AA18: 21 | AB18: =+SUM(C18:Z18)*AA18 -> 31248000 | AC18: =+AB18+AB19+AB20 -> 46128000
B19: SABADO | C19: 62000 | D19: =+C19 -> 62000 | E19: =+D19 -> 62000 | F19: =+E19 -> 62000 | G19: =+F19 -> 62000 | H19: =+G19 -> 62000 | I19: =+H19 -> 62000 | J19: =+I19 -> 62000 | K19: =+J19 -> 62000 | ... Z19: =+Y19 -> 62000 | AA19: 4 | AB19: =+SUM(C19:Z19)*AA19 -> 5952000
B20: DOM/FES | C20: 62000 | D20: =+C20 -> 62000 | E20: =+D20 -> 62000 | F20: =+E20 -> 62000 | G20: =+F20 -> 62000 | H20: =+G20 -> 62000 | I20: =+H20 -> 62000 | J20: =+I20 -> 62000 | K20: =+J20 -> 62000 | ... Z20: =+Y20 -> 62000 | AA20: 6 | AB20: =+SUM(C20:Z20)*AA20 -> 8928000
A21: 48731 | B21: NORMAL | C21: 62000 | D21: =+C21 -> 62000 | E21: =+D21 -> 62000 | F21: =+E21 -> 62000 | G21: =+F21 -> 62000 | H21: =+G21 -> 62000 | I21: =+H21 -> 62000 | J21: =+I21 -> 62000 | K21: =+J21 -> 62000 | ... Z21: =+Y21 -> 62000 | AA21: 21 | AB21: =+SUM(C21:Z21)*AA21 -> 31248000 | AC21: =+AB21+AB22+AB23 -> 44640000
B22: SABADO | C22: 62000 | D22: =+C22 -> 62000 | E22: =+D22 -> 62000 | F22: =+E22 -> 62000 | G22: =+F22 -> 62000 | H22: =+G22 -> 62000 | I22: =+H22 -> 62000 | J22: =+I22 -> 62000 | K22: =+J22 -> 62000 | ... Z22: =+Y22 -> 62000 | AA22: 4 | AB22: =+SUM(C22:Z22)*AA22 -> 5952000
B23: DOM/FES | C23: 62000 | D23: =+C23 -> 62000 | E23: =+D23 -> 62000 | F23: =+E23 -> 62000 | G23: =+F23 -> 62000 | H23: =+G23 -> 62000 | I23: =+H23 -> 62000 | J23: =+I23 -> 62000 | K23: =+J23 -> 62000 | ... Z23: =+Y23 -> 62000 | AA23: 5 | AB23: =+SUM(C23:Z23)*AA23 -> 7440000
A24: 48761 | B24: NORMAL | C24: 62000 | D24: =+C24 -> 62000 | E24: =+D24 -> 62000 | F24: =+E24 -> 62000 | G24: =+F24 -> 62000 | H24: =+G24 -> 62000 | I24: =+H24 -> 62000 | J24: =+I24 -> 62000 | K24: =+J24 -> 62000 | ... Z24: =+Y24 -> 62000 | AA24: 19 | AB24: =+SUM(C24:Z24)*AA24 -> 28272000 | AC24: =+AB24+AB25+AB26 -> 46128000
B25: SABADO | C25: 62000 | D25: =+C25 -> 62000 | E25: =+D25 -> 62000 | F25: =+E25 -> 62000 | G25: =+F25 -> 62000 | H25: =+G25 -> 62000 | I25: =+H25 -> 62000 | J25: =+I25 -> 62000 | K25: =+J25 -> 62000 | ... Z25: =+Y25 -> 62000 | AA25: 5 | AB25: =+SUM(C25:Z25)*AA25 -> 7440000
B26: DOM/FES | C26: 62000 | D26: =+C26 -> 62000 | E26: =+D26 -> 62000 | F26: =+E26 -> 62000 | G26: =+F26 -> 62000 | H26: =+G26 -> 62000 | I26: =+H26 -> 62000 | J26: =+I26 -> 62000 | K26: =+J26 -> 62000 | ... Z26: =+Y26 -> 62000 | AA26: 7 | AB26: =+SUM(C26:Z26)*AA26 -> 10416000
A27: 48792 | B27: NORMAL | C27: 62000 | D27: =+C27 -> 62000 | E27: =+D27 -> 62000 | F27: =+E27 -> 62000 | G27: =+F27 -> 62000 | H27: =+G27 -> 62000 | I27: =+H27 -> 62000 | J27: =+I27 -> 62000 | K27: =+J27 -> 62000 | ... Z27: =+Y27 -> 62000 | AA27: 22 | AB27: =+SUM(C27:Z27)*AA27 -> 32736000 | AC27: =+AB27+AB28+AB29 -> 46128000
B28: SABADO | C28: 62000 | D28: =+C28 -> 62000 | E28: =+D28 -> 62000 | F28: =+E28 -> 62000 | G28: =+F28 -> 62000 | H28: =+G28 -> 62000 | I28: =+H28 -> 62000 | J28: =+I28 -> 62000 | K28: =+J28 -> 62000 | ... Z28: =+Y28 -> 62000 | AA28: 4 | AB28: =+SUM(C28:Z28)*AA28 -> 5952000
B29: DOM/FES | C29: 62000 | D29: =+C29 -> 62000 | E29: =+D29 -> 62000 | F29: =+E29 -> 62000 | G29: =+F29 -> 62000 | H29: =+G29 -> 62000 | I29: =+H29 -> 62000 | J29: =+I29 -> 62000 | K29: =+J29 -> 62000 | ... Z29: =+Y29 -> 62000 | AA29: 5 | AB29: =+SUM(C29:Z29)*AA29 -> 7440000
A30: 48823 | B30: NORMAL | C30: 62000 | D30: =+C30 -> 62000 | E30: =+D30 -> 62000 | F30: =+E30 -> 62000 | G30: =+F30 -> 62000 | H30: =+G30 -> 62000 | I30: =+H30 -> 62000 | J30: =+I30 -> 62000 | K30: =+J30 -> 62000 | ... Z30: =+Y30 -> 62000 | AA30: 22 | AB30: =+SUM(C30:Z30)*AA30 -> 32736000 | AC30: =+AB30+AB31+AB32 -> 44640000
B31: SABADO | C31: 62000 | D31: =+C31 -> 62000 | E31: =+D31 -> 62000 | F31: =+E31 -> 62000 | G31: =+F31 -> 62000 | H31: =+G31 -> 62000 | I31: =+H31 -> 62000 | J31: =+I31 -> 62000 | K31: =+J31 -> 62000 | ... Z31: =+Y31 -> 62000 | AA31: 4 | AB31: =+SUM(C31:Z31)*AA31 -> 5952000
B32: DOM/FES | C32: 62000 | D32: =+C32 -> 62000 | E32: =+D32 -> 62000 | F32: =+E32 -> 62000 | G32: =+F32 -> 62000 | H32: =+G32 -> 62000 | I32: =+H32 -> 62000 | J32: =+I32 -> 62000 | K32: =+J32 -> 62000 | ... Z32: =+Y32 -> 62000 | AA32: 4 | AB32: =+SUM(C32:Z32)*AA32 -> 5952000
A33: 48853 | B33: NORMAL | C33: 62000 | D33: =+C33 -> 62000 | E33: =+D33 -> 62000 | F33: =+E33 -> 62000 | G33: =+F33 -> 62000 | H33: =+G33 -> 62000 | I33: =+H33 -> 62000 | J33: =+I33 -> 62000 | K33: =+J33 -> 62000 | ... Z33: =+Y33 -> 62000 | AA33: 20 | AB33: =+SUM(C33:Z33)*AA33 -> 29760000 | AC33: =+AB33+AB34+AB35 -> 46128000
B34: SABADO | C34: 62000 | D34: =+C34 -> 62000 | E34: =+D34 -> 62000 | F34: =+E34 -> 62000 | G34: =+F34 -> 62000 | H34: =+G34 -> 62000 | I34: =+H34 -> 62000 | J34: =+I34 -> 62000 | K34: =+J34 -> 62000 | ... Z34: =+Y34 -> 62000 | AA34: 5 | AB34: =+SUM(C34:Z34)*AA34 -> 7440000
B35: DOM/FES | C35: 62000 | D35: =+C35 -> 62000 | E35: =+D35 -> 62000 | F35: =+E35 -> 62000 | G35: =+F35 -> 62000 | H35: =+G35 -> 62000 | I35: =+H35 -> 62000 | J35: =+I35 -> 62000 | K35: =+J35 -> 62000 | ... Z35: =+Y35 -> 62000 | AA35: 6 | AB35: =+SUM(C35:Z35)*AA35 -> 8928000
A36: 48884 | B36: NORMAL | C36: 62000 | D36: =+C36 -> 62000 | E36: =+D36 -> 62000 | F36: =+E36 -> 62000 | G36: =+F36 -> 62000 | H36: =+G36 -> 62000 | I36: =+H36 -> 62000 | J36: =+I36 -> 62000 | K36: =+J36 -> 62000 | ... Z36: =+Y36 -> 62000 | AA36: 20 | AB36: =+SUM(C36:Z36)*AA36 -> 29760000 | AC36: =+AB36+AB37+AB38 -> 44640000
B37: SABADO | C37: 62000 | D37: =+C37 -> 62000 | E37: =+D37 -> 62000 | F37: =+E37 -> 62000 | G37: =+F37 -> 62000 | H37: =+G37 -> 62000 | I37: =+H37 -> 62000 | J37: =+I37 -> 62000 | K37: =+J37 -> 62000 | ... Z37: =+Y37 -> 62000 | AA37: 4 | AB37: =+SUM(C37:Z37)*AA37 -> 5952000
B38: DOM/FES | C38: 62000 | D38: =+C38 -> 62000 | E38: =+D38 -> 62000 | F38: =+E38 -> 62000 | G38: =+F38 -> 62000 | H38: =+G38 -> 62000 | I38: =+H38 -> 62000 | J38: =+I38 -> 62000 | K38: =+J38 -> 62000 | ... Z38: =+Y38 -> 62000 | AA38: 6 | AB38: =+SUM(C38:Z38)*AA38 -> 8928000
A39: 48914 | B39: NORMAL | C39: 62000 | D39: =+C39 -> 62000 | E39: =+D39 -> 62000 | F39: =+E39 -> 62000 | G39: =+F39 -> 62000 | H39: =+G39 -> 62000 | I39: =+H39 -> 62000 | J39: =+I39 -> 62000 | K39: =+J39 -> 62000 | ... Z39: =+Y39 -> 62000 | AA39: 21 | AB39: =+SUM(C39:Z39)*AA39 -> 31248000 | AC39: =+AB39+AB40+AB41 -> 46128000
B40: SABADO | C40: 62000 | D40: =+C40 -> 62000 | E40: =+D40 -> 62000 | F40: =+E40 -> 62000 | G40: =+F40 -> 62000 | H40: =+G40 -> 62000 | I40: =+H40 -> 62000 | J40: =+I40 -> 62000 | K40: =+J40 -> 62000 | ... Z40: =+Y40 -> 62000 | AA40: 5 | AB40: =+SUM(C40:Z40)*AA40 -> 7440000
B41: DOM/FES | C41: 62000 | D41: =+C41 -> 62000 | E41: =+D41 -> 62000 | F41: =+E41 -> 62000 | G41: =+F41 -> 62000 | H41: =+G41 -> 62000 | I41: =+H41 -> 62000 | J41: =+I41 -> 62000 | K41: =+J41 -> 62000 | ... Z41: =+Y41 -> 62000 | AA41: 5 | AB41: =+SUM(C41:Z41)*AA41 -> 7440000
A42: 48945 | B42: NORMAL | C42: 68000 | D42: =+C42 -> 68000 | E42: =+D42 -> 68000 | F42: =+E42 -> 68000 | G42: =+F42 -> 68000 | H42: =+G42 -> 68000 | I42: =+H42 -> 68000 | J42: =+I42 -> 68000 | K42: =+J42 -> 68000 | ... Z42: =+Y42 -> 68000 | AA42: 21 | AB42: =+SUM(C42:Z42)*AA42 -> 34272000 | AC42: =+AB42+AB43+AB44 -> 50592000
B43: SABADO | C43: 68000 | D43: =+C43 -> 68000 | E43: =+D43 -> 68000 | F43: =+E43 -> 68000 | G43: =+F43 -> 68000 | H43: =+G43 -> 68000 | I43: =+H43 -> 68000 | J43: =+I43 -> 68000 | K43: =+J43 -> 68000 | ... Z43: =+Y43 -> 68000 | AA43: 4 | AB43: =+SUM(C43:Z43)*AA43 -> 6528000
B44: DOM/FES | C44: 68000 | D44: =+C44 -> 68000 | E44: =+D44 -> 68000 | F44: =+E44 -> 68000 | G44: =+F44 -> 68000 | H44: =+G44 -> 68000 | I44: =+H44 -> 68000 | J44: =+I44 -> 68000 | K44: =+J44 -> 68000 | ... Z44: =+Y44 -> 68000 | AA44: 6 | AB44: =+SUM(C44:Z44)*AA44 -> 9792000
A45: 48976 | B45: NORMAL | C45: 68000 | D45: =+C45 -> 68000 | E45: =+D45 -> 68000 | F45: =+E45 -> 68000 | G45: =+F45 -> 68000 | H45: =+G45 -> 68000 | I45: =+H45 -> 68000 | J45: =+I45 -> 68000 | K45: =+J45 -> 68000 | ... Z45: =+Y45 -> 68000 | AA45: 20 | AB45: =+SUM(C45:Z45)*AA45 -> 32640000 | AC45: =+AB45+AB46+AB47 -> 45696000
B46: SABADO | C46: 68000 | D46: =+C46 -> 68000 | E46: =+D46 -> 68000 | F46: =+E46 -> 68000 | G46: =+F46 -> 68000 | H46: =+G46 -> 68000 | I46: =+H46 -> 68000 | J46: =+I46 -> 68000 | K46: =+J46 -> 68000 | ... Z46: =+Y46 -> 68000 | AA46: 4 | AB46: =+SUM(C46:Z46)*AA46 -> 6528000
B47: DOM/FES | C47: 68000 | D47: =+C47 -> 68000 | E47: =+D47 -> 68000 | F47: =+E47 -> 68000 | G47: =+F47 -> 68000 | H47: =+G47 -> 68000 | I47: =+H47 -> 68000 | J47: =+I47 -> 68000 | K47: =+J47 -> 68000 | ... Z47: =+Y47 -> 68000 | AA47: 4 | AB47: =+SUM(C47:Z47)*AA47 -> 6528000
A48: 49004 | B48: NORMAL | C48: 68000 | D48: =+C48 -> 68000 | E48: =+D48 -> 68000 | F48: =+E48 -> 68000 | G48: =+F48 -> 68000 | H48: =+G48 -> 68000 | I48: =+H48 -> 68000 | J48: =+I48 -> 68000 | K48: =+J48 -> 68000 | ... Z48: =+Y48 -> 68000 | AA48: 22 | AB48: =+SUM(C48:Z48)*AA48 -> 35904000 | AC48: =+AB48+AB49+AB50 -> 50592000
B49: SABADO | C49: 68000 | D49: =+C49 -> 68000 | E49: =+D49 -> 68000 | F49: =+E49 -> 68000 | G49: =+F49 -> 68000 | H49: =+G49 -> 68000 | I49: =+H49 -> 68000 | J49: =+I49 -> 68000 | K49: =+J49 -> 68000 | ... Z49: =+Y49 -> 68000 | AA49: 4 | AB49: =+SUM(C49:Z49)*AA49 -> 6528000
B50: DOM/FES | C50: 68000 | D50: =+C50 -> 68000 | E50: =+D50 -> 68000 | F50: =+E50 -> 68000 | G50: =+F50 -> 68000 | H50: =+G50 -> 68000 | I50: =+H50 -> 68000 | J50: =+I50 -> 68000 | K50: =+J50 -> 68000 | ... Z50: =+Y50 -> 68000 | AA50: 5 | AB50: =+SUM(C50:Z50)*AA50 -> 8160000
A51: 49035 | B51: NORMAL | C51: 68000 | D51: =+C51 -> 68000 | E51: =+D51 -> 68000 | F51: =+E51 -> 68000 | G51: =+F51 -> 68000 | H51: =+G51 -> 68000 | I51: =+H51 -> 68000 | J51: =+I51 -> 68000 | K51: =+J51 -> 68000 | ... Z51: =+Y51 -> 68000 | AA51: 18 | AB51: =+SUM(C51:Z51)*AA51 -> 29376000 | AC51: =+AB51+AB52+AB53 -> 48960000
B52: SABADO | C52: 68000 | D52: =+C52 -> 68000 | E52: =+D52 -> 68000 | F52: =+E52 -> 68000 | G52: =+F52 -> 68000 | H52: =+G52 -> 68000 | I52: =+H52 -> 68000 | J52: =+I52 -> 68000 | K52: =+J52 -> 68000 | ... Z52: =+Y52 -> 68000 | AA52: 5 | AB52: =+SUM(C52:Z52)*AA52 -> 8160000
B53: DOM/FES | C53: 68000 | D53: =+C53 -> 68000 | E53: =+D53 -> 68000 | F53: =+E53 -> 68000 | G53: =+F53 -> 68000 | H53: =+G53 -> 68000 | I53: =+H53 -> 68000 | J53: =+I53 -> 68000 | K53: =+J53 -> 68000 | ... Z53: =+Y53 -> 68000 | AA53: 7 | AB53: =+SUM(C53:Z53)*AA53 -> 11424000
A54: 49065 | B54: NORMAL | C54: 68000 | D54: =+C54 -> 68000 | E54: =+D54 -> 68000 | F54: =+E54 -> 68000 | G54: =+F54 -> 68000 | H54: =+G54 -> 68000 | I54: =+H54 -> 68000 | J54: =+I54 -> 68000 | K54: =+J54 -> 68000 | ... Z54: =+Y54 -> 68000 | AA54: 21 | AB54: =+SUM(C54:Z54)*AA54 -> 34272000 | AC54: =+AB54+AB55+AB56 -> 50592000
B55: SABADO | C55: 68000 | D55: =+C55 -> 68000 | E55: =+D55 -> 68000 | F55: =+E55 -> 68000 | G55: =+F55 -> 68000 | H55: =+G55 -> 68000 | I55: =+H55 -> 68000 | J55: =+I55 -> 68000 | K55: =+J55 -> 68000 | ... Z55: =+Y55 -> 68000 | AA55: 4 | AB55: =+SUM(C55:Z55)*AA55 -> 6528000
B56: DOM/FES | C56: 68000 | D56: =+C56 -> 68000 | E56: =+D56 -> 68000 | F56: =+E56 -> 68000 | G56: =+F56 -> 68000 | H56: =+G56 -> 68000 | I56: =+H56 -> 68000 | J56: =+I56 -> 68000 | K56: =+J56 -> 68000 | ... Z56: =+Y56 -> 68000 | AA56: 6 | AB56: =+SUM(C56:Z56)*AA56 -> 9792000
A57: 49096 | B57: NORMAL | C57: 68000 | D57: =+C57 -> 68000 | E57: =+D57 -> 68000 | F57: =+E57 -> 68000 | G57: =+F57 -> 68000 | H57: =+G57 -> 68000 | I57: =+H57 -> 68000 | J57: =+I57 -> 68000 | K57: =+J57 -> 68000 | ... Z57: =+Y57 -> 68000 | AA57: 20 | AB57: =+SUM(C57:Z57)*AA57 -> 32640000 | AC57: =+AB57+AB58+AB59 -> 48960000
B58: SABADO | C58: 68000 | D58: =+C58 -> 68000 | E58: =+D58 -> 68000 | F58: =+E58 -> 68000 | G58: =+F58 -> 68000 | H58: =+G58 -> 68000 | I58: =+H58 -> 68000 | J58: =+I58 -> 68000 | K58: =+J58 -> 68000 | ... Z58: =+Y58 -> 68000 | AA58: 4 | AB58: =+SUM(C58:Z58)*AA58 -> 6528000
B59: DOM/FES | C59: 68000 | D59: =+C59 -> 68000 | E59: =+D59 -> 68000 | F59: =+E59 -> 68000 | G59: =+F59 -> 68000 | H59: =+G59 -> 68000 | I59: =+H59 -> 68000 | J59: =+I59 -> 68000 | K59: =+J59 -> 68000 | ... Z59: =+Y59 -> 68000 | AA59: 6 | AB59: =+SUM(C59:Z59)*AA59 -> 9792000
A60: 49126 | B60: NORMAL | C60: 68000 | D60: =+C60 -> 68000 | E60: =+D60 -> 68000 | F60: =+E60 -> 68000 | G60: =+F60 -> 68000 | H60: =+G60 -> 68000 | I60: =+H60 -> 68000 | J60: =+I60 -> 68000 | K60: =+J60 -> 68000 | ... Z60: =+Y60 -> 68000 | AA60: 19 | AB60: =+SUM(C60:Z60)*AA60 -> 31008000 | AC60: =+AB60+AB61+AB62 -> 50592000
B61: SABADO | C61: 68000 | D61: =+C61 -> 68000 | E61: =+D61 -> 68000 | F61: =+E61 -> 68000 | G61: =+F61 -> 68000 | H61: =+G61 -> 68000 | I61: =+H61 -> 68000 | J61: =+I61 -> 68000 | K61: =+J61 -> 68000 | ... Z61: =+Y61 -> 68000 | AA61: 5 | AB61: =+SUM(C61:Z61)*AA61 -> 8160000
B62: DOM/FES | C62: 68000 | D62: =+C62 -> 68000 | E62: =+D62 -> 68000 | F62: =+E62 -> 68000 | G62: =+F62 -> 68000 | H62: =+G62 -> 68000 | I62: =+H62 -> 68000 | J62: =+I62 -> 68000 | K62: =+J62 -> 68000 | ... Z62: =+Y62 -> 68000 | AA62: 7 | AB62: =+SUM(C62:Z62)*AA62 -> 11424000
A63: 49157 | B63: NORMAL | C63: 68000 | D63: =+C63 -> 68000 | E63: =+D63 -> 68000 | F63: =+E63 -> 68000 | G63: =+F63 -> 68000 | H63: =+G63 -> 68000 | I63: =+H63 -> 68000 | J63: =+I63 -> 68000 | K63: =+J63 -> 68000 | ... Z63: =+Y63 -> 68000 | AA63: 21 | AB63: =+SUM(C63:Z63)*AA63 -> 34272000 | AC63: =+AB63+AB64+AB65 -> 50592000
B64: SABADO | C64: 68000 | D64: =+C64 -> 68000 | E64: =+D64 -> 68000 | F64: =+E64 -> 68000 | G64: =+F64 -> 68000 | H64: =+G64 -> 68000 | I64: =+H64 -> 68000 | J64: =+I64 -> 68000 | K64: =+J64 -> 68000 | ... Z64: =+Y64 -> 68000 | AA64: 4 | AB64: =+SUM(C64:Z64)*AA64 -> 6528000
B65: DOM/FES | C65: 68000 | D65: =+C65 -> 68000 | E65: =+D65 -> 68000 | F65: =+E65 -> 68000 | G65: =+F65 -> 68000 | H65: =+G65 -> 68000 | I65: =+H65 -> 68000 | J65: =+I65 -> 68000 | K65: =+J65 -> 68000 | ... Z65: =+Y65 -> 68000 | AA65: 6 | AB65: =+SUM(C65:Z65)*AA65 -> 9792000
A66: 49188 | B66: NORMAL | C66: 68000 | D66: =+C66 -> 68000 | E66: =+D66 -> 68000 | F66: =+E66 -> 68000 | G66: =+F66 -> 68000 | H66: =+G66 -> 68000 | I66: =+H66 -> 68000 | J66: =+I66 -> 68000 | K66: =+J66 -> 68000 | ... Z66: =+Y66 -> 68000 | AA66: 21 | AB66: =+SUM(C66:Z66)*AA66 -> 34272000 | AC66: =+AB66+AB67+AB68 -> 48960000
B67: SABADO | C67: 68000 | D67: =+C67 -> 68000 | E67: =+D67 -> 68000 | F67: =+E67 -> 68000 | G67: =+F67 -> 68000 | H67: =+G67 -> 68000 | I67: =+H67 -> 68000 | J67: =+I67 -> 68000 | K67: =+J67 -> 68000 | ... Z67: =+Y67 -> 68000 | AA67: 5 | AB67: =+SUM(C67:Z67)*AA67 -> 8160000
B68: DOM/FES | C68: 68000 | D68: =+C68 -> 68000 | E68: =+D68 -> 68000 | F68: =+E68 -> 68000 | G68: =+F68 -> 68000 | H68: =+G68 -> 68000 | I68: =+H68 -> 68000 | J68: =+I68 -> 68000 | K68: =+J68 -> 68000 | ... Z68: =+Y68 -> 68000 | AA68: 4 | AB68: =+SUM(C68:Z68)*AA68 -> 6528000
A69: 49218 | B69: NORMAL | C69: 68000 | D69: =+C69 -> 68000 | E69: =+D69 -> 68000 | F69: =+E69 -> 68000 | G69: =+F69 -> 68000 | H69: =+G69 -> 68000 | I69: =+H69 -> 68000 | J69: =+I69 -> 68000 | K69: =+J69 -> 68000 | ... Z69: =+Y69 -> 68000 | AA69: 21 | AB69: =+SUM(C69:Z69)*AA69 -> 34272000 | AC69: =+AB69+AB70+AB71 -> 50592000
B70: SABADO | C70: 68000 | D70: =+C70 -> 68000 | E70: =+D70 -> 68000 | F70: =+E70 -> 68000 | G70: =+F70 -> 68000 | H70: =+G70 -> 68000 | I70: =+H70 -> 68000 | J70: =+I70 -> 68000 | K70: =+J70 -> 68000 | ... Z70: =+Y70 -> 68000 | AA70: 4 | AB70: =+SUM(C70:Z70)*AA70 -> 6528000
B71: DOM/FES | C71: 68000 | D71: =+C71 -> 68000 | E71: =+D71 -> 68000 | F71: =+E71 -> 68000 | G71: =+F71 -> 68000 | H71: =+G71 -> 68000 | I71: =+H71 -> 68000 | J71: =+I71 -> 68000 | K71: =+J71 -> 68000 | ... Z71: =+Y71 -> 68000 | AA71: 6 | AB71: =+SUM(C71:Z71)*AA71 -> 9792000
A72: 49249 | B72: NORMAL | C72: 68000 | D72: =+C72 -> 68000 | E72: =+D72 -> 68000 | F72: =+E72 -> 68000 | G72: =+F72 -> 68000 | H72: =+G72 -> 68000 | I72: =+H72 -> 68000 | J72: =+I72 -> 68000 | K72: =+J72 -> 68000 | ... Z72: =+Y72 -> 68000 | AA72: 20 | AB72: =+SUM(C72:Z72)*AA72 -> 32640000 | AC72: =+AB72+AB73+AB74 -> 48960000
B73: SABADO | C73: 68000 | D73: =+C73 -> 68000 | E73: =+D73 -> 68000 | F73: =+E73 -> 68000 | G73: =+F73 -> 68000 | H73: =+G73 -> 68000 | I73: =+H73 -> 68000 | J73: =+I73 -> 68000 | K73: =+J73 -> 68000 | ... Z73: =+Y73 -> 68000 | AA73: 4 | AB73: =+SUM(C73:Z73)*AA73 -> 6528000
B74: DOM/FES | C74: 68000 | D74: =+C74 -> 68000 | E74: =+D74 -> 68000 | F74: =+E74 -> 68000 | G74: =+F74 -> 68000 | H74: =+G74 -> 68000 | I74: =+H74 -> 68000 | J74: =+I74 -> 68000 | K74: =+J74 -> 68000 | ... Z74: =+Y74 -> 68000 | AA74: 6 | AB74: =+SUM(C74:Z74)*AA74 -> 9792000
A75: 49279 | B75: NORMAL | C75: 68000 | D75: =+C75 -> 68000 | E75: =+D75 -> 68000 | F75: =+E75 -> 68000 | G75: =+F75 -> 68000 | H75: =+G75 -> 68000 | I75: =+H75 -> 68000 | J75: =+I75 -> 68000 | K75: =+J75 -> 68000 | ... Z75: =+Y75 -> 68000 | AA75: 19 | AB75: =+SUM(C75:Z75)*AA75 -> 31008000 | AC75: =+AB75+AB76+AB77 -> 50592000
B76: SABADO | C76: 68000 | D76: =+C76 -> 68000 | E76: =+D76 -> 68000 | F76: =+E76 -> 68000 | G76: =+F76 -> 68000 | H76: =+G76 -> 68000 | I76: =+H76 -> 68000 | J76: =+I76 -> 68000 | K76: =+J76 -> 68000 | ... Z76: =+Y76 -> 68000 | AA76: 5 | AB76: =+SUM(C76:Z76)*AA76 -> 8160000
B77: DOM/FES | C77: 68000 | D77: =+C77 -> 68000 | E77: =+D77 -> 68000 | F77: =+E77 -> 68000 | G77: =+F77 -> 68000 | H77: =+G77 -> 68000 | I77: =+H77 -> 68000 | J77: =+I77 -> 68000 | K77: =+J77 -> 68000 | ... Z77: =+Y77 -> 68000 | AA77: 7 | AB77: =+SUM(C77:Z77)*AA77 -> 11424000
A78: 49310 | B78: NORMAL | C78: 98000 | D78: =+C78 -> 98000 | E78: =+D78 -> 98000 | F78: =+E78 -> 98000 | G78: =+F78 -> 98000 | H78: =+G78 -> 98000 | I78: =+H78 -> 98000 | J78: =+I78 -> 98000 | K78: =+J78 -> 98000 | ... Z78: =+Y78 -> 98000 | AA78: 21 | AB78: =+SUM(C78:Z78)*AA78 -> 49392000 | AC78: =+AB78+AB79+AB80 -> 72912000
B79: SABADO | C79: 98000 | D79: =+C79 -> 98000 | E79: =+D79 -> 98000 | F79: =+E79 -> 98000 | G79: =+F79 -> 98000 | H79: =+G79 -> 98000 | I79: =+H79 -> 98000 | J79: =+I79 -> 98000 | K79: =+J79 -> 98000 | ... Z79: =+Y79 -> 98000 | AA79: 4 | AB79: =+SUM(C79:Z79)*AA79 -> 9408000
B80: DOM/FES | C80: 98000 | D80: =+C80 -> 98000 | E80: =+D80 -> 98000 | F80: =+E80 -> 98000 | G80: =+F80 -> 98000 | H80: =+G80 -> 98000 | I80: =+H80 -> 98000 | J80: =+I80 -> 98000 | K80: =+J80 -> 98000 | ... Z80: =+Y80 -> 98000 | AA80: 6 | AB80: =+SUM(C80:Z80)*AA80 -> 14112000
A81: 49341 | B81: NORMAL | C81: 98000 | D81: =+C81 -> 98000 | E81: =+D81 -> 98000 | F81: =+E81 -> 98000 | G81: =+F81 -> 98000 | H81: =+G81 -> 98000 | I81: =+H81 -> 98000 | J81: =+I81 -> 98000 | K81: =+J81 -> 98000 | ... Z81: =+Y81 -> 98000 | AA81: 20 | AB81: =+SUM(C81:Z81)*AA81 -> 47040000 | AC81: =+AB81+AB82+AB83 -> 65856000
B82: SABADO | C82: 98000 | D82: =+C82 -> 98000 | E82: =+D82 -> 98000 | F82: =+E82 -> 98000 | G82: =+F82 -> 98000 | H82: =+G82 -> 98000 | I82: =+H82 -> 98000 | J82: =+I82 -> 98000 | K82: =+J82 -> 98000 | ... Z82: =+Y82 -> 98000 | AA82: 4 | AB82: =+SUM(C82:Z82)*AA82 -> 9408000
B83: DOM/FES | C83: 98000 | D83: =+C83 -> 98000 | E83: =+D83 -> 98000 | F83: =+E83 -> 98000 | G83: =+F83 -> 98000 | H83: =+G83 -> 98000 | I83: =+H83 -> 98000 | J83: =+I83 -> 98000 | K83: =+J83 -> 98000 | ... Z83: =+Y83 -> 98000 | AA83: 4 | AB83: =+SUM(C83:Z83)*AA83 -> 9408000
A84: 49369 | B84: NORMAL | C84: 98000 | D84: =+C84 -> 98000 | E84: =+D84 -> 98000 | F84: =+E84 -> 98000 | G84: =+F84 -> 98000 | H84: =+G84 -> 98000 | I84: =+H84 -> 98000 | J84: =+I84 -> 98000 | K84: =+J84 -> 98000 | ... Z84: =+Y84 -> 98000 | AA84: 19 | AB84: =+SUM(C84:Z84)*AA84 -> 44688000 | AC84: =+AB84+AB85+AB86 -> 72912000
B85: SABADO | C85: 98000 | D85: =+C85 -> 98000 | E85: =+D85 -> 98000 | F85: =+E85 -> 98000 | G85: =+F85 -> 98000 | H85: =+G85 -> 98000 | I85: =+H85 -> 98000 | J85: =+I85 -> 98000 | K85: =+J85 -> 98000 | ... Z85: =+Y85 -> 98000 | AA85: 5 | AB85: =+SUM(C85:Z85)*AA85 -> 11760000
B86: DOM/FES | C86: 98000 | D86: =+C86 -> 98000 | E86: =+D86 -> 98000 | F86: =+E86 -> 98000 | G86: =+F86 -> 98000 | H86: =+G86 -> 98000 | I86: =+H86 -> 98000 | J86: =+I86 -> 98000 | K86: =+J86 -> 98000 | ... Z86: =+Y86 -> 98000 | AA86: 7 | AB86: =+SUM(C86:Z86)*AA86 -> 16464000
A87: 49400 | B87: NORMAL | C87: 98000 | D87: =+C87 -> 98000 | E87: =+D87 -> 98000 | F87: =+E87 -> 98000 | G87: =+F87 -> 98000 | H87: =+G87 -> 98000 | I87: =+H87 -> 98000 | J87: =+I87 -> 98000 | K87: =+J87 -> 98000 | ... Z87: =+Y87 -> 98000 | AA87: 21 | AB87: =+SUM(C87:Z87)*AA87 -> 49392000 | AC87: =+AB87+AB88+AB89 -> 70560000
B88: SABADO | C88: 98000 | D88: =+C88 -> 98000 | E88: =+D88 -> 98000 | F88: =+E88 -> 98000 | G88: =+F88 -> 98000 | H88: =+G88 -> 98000 | I88: =+H88 -> 98000 | J88: =+I88 -> 98000 | K88: =+J88 -> 98000 | ... Z88: =+Y88 -> 98000 | AA88: 4 | AB88: =+SUM(C88:Z88)*AA88 -> 9408000
B89: DOM/FES | C89: 98000 | D89: =+C89 -> 98000 | E89: =+D89 -> 98000 | F89: =+E89 -> 98000 | G89: =+F89 -> 98000 | H89: =+G89 -> 98000 | I89: =+H89 -> 98000 | J89: =+I89 -> 98000 | K89: =+J89 -> 98000 | ... Z89: =+Y89 -> 98000 | AA89: 5 | AB89: =+SUM(C89:Z89)*AA89 -> 11760000
A90: 49430 | B90: NORMAL | C90: 98000 | D90: =+C90 -> 98000 | E90: =+D90 -> 98000 | F90: =+E90 -> 98000 | G90: =+F90 -> 98000 | H90: =+G90 -> 98000 | I90: =+H90 -> 98000 | J90: =+I90 -> 98000 | K90: =+J90 -> 98000 | ... Z90: =+Y90 -> 98000 | AA90: 20 | AB90: =+SUM(C90:Z90)*AA90 -> 47040000 | AC90: =+AB90+AB91+AB92 -> 72912000
B91: SABADO | C91: 98000 | D91: =+C91 -> 98000 | E91: =+D91 -> 98000 | F91: =+E91 -> 98000 | G91: =+F91 -> 98000 | H91: =+G91 -> 98000 | I91: =+H91 -> 98000 | J91: =+I91 -> 98000 | K91: =+J91 -> 98000 | ... Z91: =+Y91 -> 98000 | AA91: 4 | AB91: =+SUM(C91:Z91)*AA91 -> 9408000
B92: DOM/FES | C92: 98000 | D92: =+C92 -> 98000 | E92: =+D92 -> 98000 | F92: =+E92 -> 98000 | G92: =+F92 -> 98000 | H92: =+G92 -> 98000 | I92: =+H92 -> 98000 | J92: =+I92 -> 98000 | K92: =+J92 -> 98000 | ... Z92: =+Y92 -> 98000 | AA92: 7 | AB92: =+SUM(C92:Z92)*AA92 -> 16464000
A93: 49461 | B93: NORMAL | C93: 98000 | D93: =+C93 -> 98000 | E93: =+D93 -> 98000 | F93: =+E93 -> 98000 | G93: =+F93 -> 98000 | H93: =+G93 -> 98000 | I93: =+H93 -> 98000 | J93: =+I93 -> 98000 | K93: =+J93 -> 98000 | ... Z93: =+Y93 -> 98000 | AA93: 20 | AB93: =+SUM(C93:Z93)*AA93 -> 47040000 | AC93: =+AB93+AB94+AB95 -> 70560000
B94: SABADO | C94: 98000 | D94: =+C94 -> 98000 | E94: =+D94 -> 98000 | F94: =+E94 -> 98000 | G94: =+F94 -> 98000 | H94: =+G94 -> 98000 | I94: =+H94 -> 98000 | J94: =+I94 -> 98000 | K94: =+J94 -> 98000 | ... Z94: =+Y94 -> 98000 | AA94: 5 | AB94: =+SUM(C94:Z94)*AA94 -> 11760000
B95: DOM/FES | C95: 98000 | D95: =+C95 -> 98000 | E95: =+D95 -> 98000 | F95: =+E95 -> 98000 | G95: =+F95 -> 98000 | H95: =+G95 -> 98000 | I95: =+H95 -> 98000 | J95: =+I95 -> 98000 | K95: =+J95 -> 98000 | ... Z95: =+Y95 -> 98000 | AA95: 5 | AB95: =+SUM(C95:Z95)*AA95 -> 11760000
A96: 49491 | B96: NORMAL | C96: 98000 | D96: =+C96 -> 98000 | E96: =+D96 -> 98000 | F96: =+E96 -> 98000 | G96: =+F96 -> 98000 | H96: =+G96 -> 98000 | I96: =+H96 -> 98000 | J96: =+I96 -> 98000 | K96: =+J96 -> 98000 | ... Z96: =+Y96 -> 98000 | AA96: 20 | AB96: =+SUM(C96:Z96)*AA96 -> 47040000 | AC96: =+AB96+AB97+AB98 -> 72912000
B97: SABADO | C97: 98000 | D97: =+C97 -> 98000 | E97: =+D97 -> 98000 | F97: =+E97 -> 98000 | G97: =+F97 -> 98000 | H97: =+G97 -> 98000 | I97: =+H97 -> 98000 | J97: =+I97 -> 98000 | K97: =+J97 -> 98000 | ... Z97: =+Y97 -> 98000 | AA97: 4 | AB97: =+SUM(C97:Z97)*AA97 -> 9408000
B98: DOM/FES | C98: 98000 | D98: =+C98 -> 98000 | E98: =+D98 -> 98000 | F98: =+E98 -> 98000 | G98: =+F98 -> 98000 | H98: =+G98 -> 98000 | I98: =+H98 -> 98000 | J98: =+I98 -> 98000 | K98: =+J98 -> 98000 | ... Z98: =+Y98 -> 98000 | AA98: 7 | AB98: =+SUM(C98:Z98)*AA98 -> 16464000
A99: 49522 | B99: NORMAL | C99: 98000 | D99: =+C99 -> 98000 | E99: =+D99 -> 98000 | F99: =+E99 -> 98000 | G99: =+F99 -> 98000 | H99: =+G99 -> 98000 | I99: =+H99 -> 98000 | J99: =+I99 -> 98000 | K99: =+J99 -> 98000 | ... Z99: =+Y99 -> 98000 | AA99: 21 | AB99: =+SUM(C99:Z99)*AA99 -> 49392000 | AC99: =+AB99+AB100+AB101 -> 72912000
B100: SABADO | C100: 98000 | D100: =+C100 -> 98000 | E100: =+D100 -> 98000 | F100: =+E100 -> 98000 | G100: =+F100 -> 98000 | H100: =+G100 -> 98000 | I100: =+H100 -> 98000 | J100: =+I100 -> 98000 | K100: =+J100 -> 98000 | ... Z100: =+Y100 -> 98000 | AA100: 4 | AB100: =+SUM(C100:Z100)*AA100 -> 9408000
...
