Workbook

Sheet Oferta Producto 1
B1: ANEXO. CANTIDADES DE ENERGÍA Y PRECIO
B2: PRODUCTO: | C2: 1
B4: CONVOCATORIA PUBLICA: | C4: CP-CHCC2025-001
B5: OFERENTE:
B6: AÑO: | C6: 2027
B7: CANTIDAD EN: | C7: KWh
B8: EN PESOS DE | C8: 45689
B9: INDICADOR: | C9: IPP- PROVISIONAL
B10: TIPO DE CONTRATO: | C10: PC
B11: TIPO DE CARGA: | C11: CURVA
B13: Fecha | C13: Energia Solicitada kWh | D13: Porcentaje Ofertado % | E13: Energia Ofertada kWh | F13: Precio $/KWh
B14: 46388 | C14: =+'Cantidad Producto 1'!AE7 -> 16083668 | E14: =+C14*D14 -> 0
B15: 46419 | C15: =+'Cantidad Producto 1'!AE8 -> 16772713 | E15: =+C15*D15 -> 0
B16: 46447 | C16: =+'Cantidad Producto 1'!AE9 -> 15930449 | E16: =+C16*D16 -> 0
B17: 46478 | C17: =+'Cantidad Producto 1'!AE10 -> 15981097 | E17: =+C17*D17 -> 0
B18: 46508 | C18: =+'Cantidad Producto 1'!AE11 -> 14566451 | E18: =+C18*D18 -> 0
B19: 46539 | C19: =+'Cantidad Producto 1'!AE12 -> 14674689 | E19: =+C19*D19 -> 0
B20: 46569 | C20: =+'Cantidad Producto 1'!AE13 -> 13313300 | E20: =+C20*D20 -> 0
B21: 46600 | C21: =+'Cantidad Producto 1'!AE14 -> 12973895 | E21: =+C21*D21 -> 0
B22: 46631 | C22: =+'Cantidad Producto 1'!AE15 -> 14018103 | E22: =+C22*D22 -> 0
B23: 46661 | C23: =+'Cantidad Producto 1'!AE16 -> 13266334 | E23: =+C23*D23 -> 0
B24: 46692 | C24: =+'Cantidad Producto 1'!AE17 -> 13751175 | E24: =+C24*D24 -> 0
B25: 46722 | C25: =+'Cantidad Producto 1'!AE18 -> 12975104 | E25: =+C25*D25 -> 0
B26: Total año | C26: =SUM(C14:C25) -> 1.7430698e+08 | D26: % | E26: =SUM(E14:E25) -> 0
B29: Notas:
B30: 1. La Energía Ofertada se distribuye en forma horaria de acuerdo con la curva de carga presentada en la hoja Cantidades Producto.
B31: 2. Se aceptan ofertas siguiendo la curva
B32: 3.Tipo de Contrato: pague lo contratado.
B33: 4. Precio ofertado en $kWh, en pesos de febrero 2025.
B34: 5.Con % igual para todos los meses del año, el precio debe ser el mismo para todos los meses del año

Sheet Oferta Producto 2
B1: ANEXO. CANTIDADES DE ENERGÍA Y PRECIO
B2: PRODUCTO: | C2: 2
B4: CONVOCATORIA PUBLICA: | C4: =+'Oferta Producto 1'!C4 -> CP-CHCC2025-001
B5: OFERENTE:
B6: AÑO: | C6: 2028
B7: CANTIDAD EN: | C7: KWh
B8: EN PESOS DE | C8: =+'Oferta Producto 1'!C8 -> 45689
B9: INDICADOR: | C9: IPP- PROVISIONAL
B10: TIPO DE CONTRATO: | C10: PC
B11: TIPO DE CARGA: | C11: CURVA
B13: Fecha | C13: Energia Solicitada kWh | D13: Porcentaje Ofertado % | E13: Energia Ofertada kWh | F13: Precio $/KWh
B14: 46753 | C14: =+'Cantidad Producto 2'!AE7 -> 5640298 | E14: =+C14*D14 -> 0
B15: 46784 | C15: =+'Cantidad Producto 2'!AE8 -> 5481906.5 | E15: =+C15*D15 -> 0
B16: 46813 | C16: =+'Cantidad Producto 2'!AE9 -> 5737244.8 | E16: =+C16*D16 -> 0
B17: 46844 | C17: =+'Cantidad Producto 2'!AE10 -> 5761066.8 | E17: =+C17*D17 -> 0
B18: 46874 | C18: =+'Cantidad Producto 2'!AE11 -> 5621176.9 | E18: =+C18*D18 -> 0
B19: 46905 | C19: =+'Cantidad Producto 2'!AE12 -> 5640392.8 | E19: =+C19*D19 -> 0
B20: 46935 | C20: =+'Cantidad Producto 2'!AE13 -> 5897064.8 | E20: =+C20*D20 -> 0
B21: 46966 | C21: =+'Cantidad Producto 2'!AE14 -> 5698999.5 | E21: =+C21*D21 -> 0
B22: 46997 | C22: =+'Cantidad Producto 2'!AE15 -> 5553537.9 | E22: =+C22*D22 -> 0
B23: 47027 | C23: =+'Cantidad Producto 2'!AE16 -> 5705697 | E23: =+C23*D23 -> 0
B24: 47058 | C24: =+'Cantidad Producto 2'!AE17 -> 5600704.9 | E24: =+C24*D24 -> 0
B25: 47088 | C25: =+'Cantidad Producto 2'!AE18 -> 5690344.3 | E25: =+C25*D25 -> 0
B26: Total producto | C26: =SUM(C14:C25) -> 68028434 | D26: % | E26: =SUM(E14:E25) -> 0
B29: Notas:
B30: 1. La Energía Ofertada se distribuye en forma horaria de acuerdo con la curva de carga presentada en la hoja Cantidades Producto.
B31: 2. Se aceptan ofertas siguiendo la curva
B32: 3.Tipo de Contrato: pague lo contratado.
B33: 4. Precio ofertado en $kWh, en pesos de febrero 2025.
B34: 5.Con % igual para todos los meses del año, el precio debe ser el mismo para todos los meses del año

Sheet Oferta Producto 3
B1: ANEXO. CANTIDADES DE ENERGÍA Y PRECIO
B2: PRODUCTO: | C2: 3
B4: CONVOCATORIA PUBLICA: | C4: =+'Oferta Producto 1'!C4 -> CP-CHCC2025-001
B5: OFERENTE:
B6: AÑO: | C6: 2029
B7: CANTIDAD EN: | C7: KWh
B8: EN PESOS DE | C8: =+'Oferta Producto 1'!C8 -> 45689
B9: INDICADOR: | C9: IPP- PROVISIONAL
B10: TIPO DE CONTRATO: | C10: PC
B11: TIPO DE CARGA: | C11: CURVA
B13: Fecha | C13: Energia Solicitada kWh | D13: Porcentaje Ofertado % | E13: Energia Ofertada kWh | F13: Precio $/KWh
B14: 47119 | C14: =+'Cantidad Producto 3'!AE7 -> 7611173.4
B15: 47150 | C15: =+'Cantidad Producto 3'!AE8 -> 7372921
B16: 47178 | C16: =+'Cantidad Producto 3'!AE9 -> 7629884.1
B17: 47209 | C17: =+'Cantidad Producto 3'!AE10 -> 7671929.7
B18: 47239 | C18: =+'Cantidad Producto 3'!AE11 -> 7564719.2
B19: 47270 | C19: =+'Cantidad Producto 3'!AE12 -> 7481094.2
B20: 47300 | C20: =+'Cantidad Producto 3'!AE13 -> 7609421.9
B21: 47331 | C21: =+'Cantidad Producto 3'!AE14 -> 7737643
B22: 47362 | C22: =+'Cantidad Producto 3'!AE15 -> 7520959.6
B23: 47392 | C23: =+'Cantidad Producto 3'!AE16 -> 7771992.7
B24: 47423 | C24: =+'Cantidad Producto 3'!AE17 -> 7622142.1
B25: 47453 | C25: =+'Cantidad Producto 3'!AE18 -> 7728670
B26: Total producto | C26: =SUM(C14:C25) -> 91322551 | D26: %
B29: Notas:
B30: 1. La Energía Ofertada se distribuye en forma horaria de acuerdo con la curva de carga presentada en la hoja Cantidades Producto.
B31: 2. Se aceptan ofertas siguiendo la curva
B32: 3.Tipo de Contrato: pague lo contratado.
B33: 4. Precio ofertado en $kWh, en pesos de febrero 2025.
B34: 5.Con % igual para todos los meses del año, el precio debe ser el mismo para todos los meses del año

Sheet Oferta Producto 4
B1: ANEXO. CANTIDADES DE ENERGÍA Y PRECIO
B2: PRODUCTO: | C2: 4
B4: CONVOCATORIA PUBLICA: | C4: =+'Oferta Producto 1'!C4 -> CP-CHCC2025-001
B5: OFERENTE:
B6: AÑO: | C6: 2030
B7: CANTIDAD EN: | C7: KWh
B8: EN PESOS DE | C8: =+'Oferta Producto 1'!C8 -> 45689
B9: INDICADOR: | C9: IPP- PROVISIONAL
B10: TIPO DE CONTRATO: | C10: PC
B11: TIPO DE CARGA: | C11: CURVA
B13: Fecha | C13: Energia Solicitada kWh | D13: Porcentaje Ofertado % | E13: Energia Ofertada kWh | F13: Precio $/KWh
B14: 47484 | C14: =+'Cantidad Producto 4'!AE7 -> 9409166.4
B15: 47515 | C15: =+'Cantidad Producto 4'!AE8 -> 9079556.8
B16: 47543 | C16: =+'Cantidad Producto 4'!AE9 -> 9418074
B17: 47574 | C17: =+'Cantidad Producto 4'!AE10 -> 9434893.2
B18: 47604 | C18: =+'Cantidad Producto 4'!AE11 -> 9337617.4
B19: 47635 | C19: =+'Cantidad Producto 4'!AE12 -> 9246410.5
B20: 47665 | C20: =+'Cantidad Producto 4'!AE13 -> 9352791.7
B21: 47696 | C21: =+'Cantidad Producto 4'!AE14 -> 9545266
B22: 47727 | C22: =+'Cantidad Producto 4'!AE15 -> 9276815.5
B23: 47757 | C23: =+'Cantidad Producto 4'!AE16 -> 9574587.7
B24: 47788 | C24: =+'Cantidad Producto 4'!AE17 -> 9400577.5
B25: 47818 | C25: =+'Cantidad Producto 4'!AE18 -> 9542555.6
B26: Total producto | C26: =SUM(C14:C25) -> 1.1261831e+08 | D26: %
B29: Notas:
B30: 1. La Energía Ofertada se distribuye en forma horaria de acuerdo con la curva de carga presentada en la hoja Cantidades Producto.
B31: 2. Se aceptan ofertas siguiendo la curva
B32: 3.Tipo de Contrato: pague lo contratado.
B33: 4. Precio ofertado en $kWh, en pesos de febrero 2025.
B34: 5.Con % igual para todos los meses del año, el precio debe ser el mismo para todos los meses del año

Sheet Oferta Producto 5
B1: ANEXO. CANTIDADES DE ENERGÍA Y PRECIO
B2: PRODUCTO: | C2: 5
B4: CONVOCATORIA PUBLICA: | C4: =+'Oferta Producto 1'!C4 -> CP-CHCC2025-001
B5: OFERENTE:
B6: AÑO: | C6: 2031
B7: CANTIDAD EN: | C7: KWh
B8: EN PESOS DE | C8: =+'Oferta Producto 1'!C8 -> 45689
B9: INDICADOR: | C9: IPP- PROVISIONAL
B10: TIPO DE CONTRATO: | C10: PC
B11: TIPO DE CARGA: | C11: CURVA
B13: Fecha | C13: Energia Solicitada kWh | D13: Porcentaje Ofertado % | E13: Energia Ofertada kWh | F13: Precio $/KWh
B14: 47849 | C14: =+'Cantidad Producto 5'!AE7 -> 21420608
B15: 47880 | C15: =+'Cantidad Producto 5'!AE8 -> 21812343
B16: 47908 | C16: =+'Cantidad Producto 5'!AE9 -> 21131939
B17: 47939 | C17: =+'Cantidad Producto 5'!AE10 -> 21385626
B18: 47969 | C18: =+'Cantidad Producto 5'!AE11 -> 21461838
B19: 48000 | C19: =+'Cantidad Producto 5'!AE12 -> 21296894
B20: 48030 | C20: =+'Cantidad Producto 5'!AE13 -> 21324668
B21: 48061 | C21: =+'Cantidad Producto 5'!AE14 -> 21433379
B22: 48092 | C22: =+'Cantidad Producto 5'!AE15 -> 22122625
B23: 48122 | C23: =+'Cantidad Producto 5'!AE16 -> 21708117
B24: 48153 | C24: =+'Cantidad Producto 5'!AE17 -> 22105418
B25: 48183 | C25: =+'Cantidad Producto 5'!AE18 -> 21482702
B26: Total producto | C26: =SUM(C14:C25) -> 2.5868616e+08 | D26: %
B29: Notas:
B30: 1. La Energía Ofertada se distribuye en forma horaria de acuerdo con la curva de carga presentada en la hoja Cantidades Producto.
B31: 2. Se aceptan ofertas siguiendo la curva
B32: 3.Tipo de Contrato: pague lo contratado.
B33: 4. Precio ofertado en $kWh, en pesos de febrero 2025.
B34: 5.Con % igual para todos los meses del año, el precio debe ser el mismo para todos los meses del año

Sheet Oferta Producto 6
B1: ANEXO. CANTIDADES DE ENERGÍA Y PRECIO
B2: PRODUCTO: | C2: 6
B4: CONVOCATORIA PUBLICA: | C4: =+'Oferta Producto 1'!C4 -> CP-CHCC2025-001
B5: OFERENTE:
B6: AÑO: | C6: 2032
B7: CANTIDAD EN: | C7: KWh
B8: EN PESOS DE | C8: =+'Oferta Producto 1'!C8 -> 45689
B9: INDICADOR: | C9: IPP- PROVISIONAL
B10: TIPO DE CONTRATO: | C10: PC
B11: TIPO DE CARGA: | C11: CURVA
B13: Fecha | C13: Energia Solicitada kWh | D13: Porcentaje Ofertado % | E13: Energia Ofertada kWh | F13: Precio $/KWh
B14: 48214 | C14: =+'Cantidad Producto 6'!AE7 -> 21728549
B15: 48245 | C15: =+'Cantidad Producto 6'!AE8 -> 21917429
B16: 48274 | C16: =+'Cantidad Producto 6'!AE9 -> 21438237
B17: 48305 | C17: =+'Cantidad Producto 6'!AE10 -> 21698464
B18: 48335 | C18: =+'Cantidad Producto 6'!AE11 -> 21766749
B19: 48366 | C19: =+'Cantidad Producto 6'!AE12 -> 21609648
B20: 48396 | C20: =+'Cantidad Producto 6'!AE13 -> 22030649
B21: 48427 | C21: =+'Cantidad Producto 6'!AE14 -> 21883418
B22: 48458 | C22: =+'Cantidad Producto 6'!AE15 -> 22427742
B23: 48488 | C23: =+'Cantidad Producto 6'!AE16 -> 22015326
B24: 48519 | C24: =+'Cantidad Producto 6'!AE17 -> 22410234
B25: 48549 | C25: =+'Cantidad Producto 6'!AE18 -> 21934849
B26: Total producto | C26: =SUM(C14:C25) -> 2.628613e+08 | D26: %
B29: Notas:
B30: 1. La Energía Ofertada se distribuye en forma horaria de acuerdo con la curva de carga presentada en la hoja Cantidades Producto.
B31: 2. Se aceptan ofertas siguiendo la curva
B32: 3.Tipo de Contrato: pague lo contratado.
B33: 4. Precio ofertado en $kWh, en pesos de febrero 2025.
B34: 5.Con % igual para todos los meses del año, el precio debe ser el mismo para todos los meses del año

Sheet Cantidad Producto 1
B2: CANTIDADES DE ENERGÍA SOLICITADAS (kWh)
B3: CENTRAL HIDROELECTRICA DE CALDAS S.A. E.S.P. -BENEFICIO E INTERÉS COLECTIVO
B4: 2027
B6: Mes | C6: Tipo Día | D6: Días | E6: H1 | F6: H2 | G6: H3 | H6: H4 | I6: H5 | J6: H6 | K6: H7 | L6: H8 | M6: H9 | N6: H10 | O6: H11 | P6: H12 | Q6: H13 | R6: H14 | S6: H15 | T6: H16 | U6: H17 | V6: H18 | W6: H19 | X6: H20 | Y6: H21 | Z6: H22 | AA6: H23 | AB6: H24 | AC6: TOTAL MES
B7: Ene | C7: Ordinario | D7: 19 | E7: 27916.71 | F7: 26213.35 | G7: 25314.08 | H7: 25096.16 | I7: 12385.41 | J7: 14922.43 | K7: 16495.02 | L7: 25594.45 | M7: 25938.38 | N7: 26405.21 | O7: 27580.72 | P7: 28794.09 | Q7: 28559.87 | R7: 28425.01 | S7: 28782.73 | T7: 28811.15 | U7: 28753.12 | V7: 24602.82 | W7: 1321.31 | X7: 1380.56 | Y7: 1324.47 | Z7: 24067.93 | AA7: 20279.82 | AB7: 38081.71 | AC7: =+SUM(E7:AB7)*D7+SUM(E8:AB8)*D8+SUM(E9:AB9)*D9+SUM(E10:AB10)*D10 -> 16083668 | AE7: =+AC7 -> 16083668
B8: Ene | C8: Sábado | D8: 5 | E8: 13373.88 | F8: 12303.68 | G8: 12021.35 | H8: 11967.23 | I8: 12040.98 | J8: 12798.69 | K8: 14032.8 | L8: 24028.43 | M8: 25574.49 | N8: 26577.82 | O8: 27147.86 | P8: 27730.71 | Q8: 28454.42 | R8: 27947.68 | S8: 27954.01 | T8: 26391.52 | U8: 26984.74 | V8: 22966.18 | W8: 25228.12 | X8: 25993.9 | Y8: 24775.16 | Z8: 22962.24 | AA8: 20459.66 | AB8: 18437.34 | AE8: =+AC11 -> 16772713
B9: Ene | C9: Domingo | D9: 5 | E9: 13917.79 | F9: 12754.14 | G9: 11992.67 | H9: 11601.79 | I9: 11221.58 | J9: 11194.6 | K9: 11297.69 | L9: 19903.12 | M9: 21539.02 | N9: 22656.63 | O9: 23557.49 | P9: 24657.23 | Q9: 25290.3 | R9: 25532.36 | S9: 24904.71 | T9: 24844.57 | U9: 24990.87 | V9: 21352.81 | W9: 24146.98 | X9: 25371.01 | Y9: 24497.32 | Z9: 22202 | AA9: 18957.16 | AB9: 16485.36 | AE9: =+AC15 -> 15930449
B10: Ene | C10: Festivo | D10: 2 | E10: 13975.84 | F10: 13542.97 | G10: 12889.59 | H10: 12197.47 | I10: 11687.75 | J10: 11209.16 | K10: 10300.71 | L10: 17927.67 | M10: 19010.08 | N10: 20572.4 | O10: 21501.02 | P10: 22548.01 | Q10: 23928.94 | R10: 24738.14 | S10: 23873.26 | T10: 23964.61 | U10: 24297.16 | V10: 21176.59 | W10: 23526.28 | X10: 24197.88 | Y10: 23398.4 | Z10: 21440.04 | AA10: 18901.88 | AB10: 16531.21 | AE10: =+AC19 -> 15981097
B11: Feb | C11: Ordinario | D11: 20 | E11: 33265.88 | F11: 31548.6 | G11: 31007.89 | H11: 30763.75 | I11: 16266.69 | J11: 19913.99 | K11: 19944.01 | L11: 28368.95 | M11: 28494.13 | N11: 29029.52 | O11: 30176.3 | P11: 31330.55 | Q11: 30977.19 | R11: 31073.39 | S11: 31674.12 | T11: 31873.59 | U11: 31333.28 | V11: 25877.62 | W11: 1443.12 | X11: 1548.13 | Y11: 1501.98 | Z11: 27394.14 | AA11: 23928.33 | AB11: 42507.2 | AC11: =+SUM(E11:AB11)*D11+SUM(E12:AB12)*D12+SUM(E13:AB13)*D13+SUM(E14:AB14)*D14 -> 16772713 | AE11: =+AC23 -> 14566451
B12: Feb | C12: Sábado | D12: 4 | E12: 16814.21 | F12: 15704.55 | G12: 14956.66 | H12: 14829.48 | I12: 15161.36 | J12: 15937.12 | K12: 15669.55 | L12: 26437.78 | M12: 28097.82 | N12: 28836.42 | O12: 30156.69 | P12: 31123.69 | Q12: 31548.57 | R12: 30651.43 | S12: 30150.08 | T12: 29896.15 | U12: 29547.65 | V12: 24790.57 | W12: 27990.41 | X12: 30026.1 | Y12: 28794.6 | Z12: 26739.56 | AA12: 24154.73 | AB12: 21753.82 | AE12: =+AC27 -> 14674689
B13: Feb | C13: Domingo | D13: 4 | E13: 17702.67 | F13: 16325.48 | G13: 15569.38 | H13: 15102.69 | I13: 14583.29 | J13: 14560.76 | K13: 13472.01 | L13: 22325.42 | M13: 24210.91 | N13: 25907.05 | O13: 26822.64 | P13: 27647.51 | Q13: 28616.82 | R13: 28332.72 | S13: 27844.92 | T13: 27455.7 | U13: 26637.18 | V13: 23187.74 | W13: 26205.46 | X13: 28437.5 | Y13: 27931.43 | Z13: 25849.67 | AA13: 22835.64 | AB13: 19632.93 | AE13: =+AC31 -> 13313300
B14: Feb | C14: Festivo | D14: 0 | E14: 0 | F14: 0 | G14: 0 | H14: 0 | I14: 0 | J14: 0 | K14: 0 | L14: 0 | M14: 0 | N14: 0 | O14: 0 | P14: 0 | Q14: 0 | R14: 0 | S14: 0 | T14: 0 | U14: 0 | V14: 0 | W14: 0 | X14: 0 | Y14: 0 | Z14: 0 | AA14: 0 | AB14: 0 | AE14: =+AC35 -> 12973895
B15: Mar | C15: Ordinario | D15: 20 | E15: 29242.93 | F15: 27763.79 | G15: 27206.58 | H15: 26759.14 | I15: 14022.35 | J15: 16399.43 | K15: 15808.01 | L15: 24355.9 | M15: 24669.82 | N15: 25213 | O15: 26010.98 | P15: 26856 | Q15: 26758.18 | R15: 26966.34 | S15: 27616.19 | T15: 27654.17 | U15: 27233.46 | V15: 22649.06 | W15: 1250.04 | X15: 1351.52 | Y15: 1316.75 | Z15: 24241.96 | AA15: 21355.58 | AB15: 38670.61 | AC15: =+SUM(E15:AB15)*D15+SUM(E16:AB16)*D16+SUM(E17:AB17)*D17+SUM(E18:AB18)*D18 -> 15930449 | AE15: =+AC39 -> 14018103
B16: Mar | C16: Sábado | D16: 4 | E16: 15082.83 | F16: 13978.44 | G16: 13505.5 | H16: 13287.71 | I16: 13271.87 | J16: 13825.08 | K16: 12608.12 | L16: 22433.44 | M16: 23872.57 | N16: 24807.19 | O16: 25302.89 | P16: 25843.98 | Q16: 25961.4 | R16: 25868.04 | S16: 25676.61 | T16: 25484.81 | U16: 25013.8 | V16: 21184.8 | W16: 24177.92 | X16: 25378.15 | Y16: 24369.69 | Z16: 23152.88 | AA16: 21227.29 | AB16: 19508.1 | AE16: =+AC43 -> 13266334
B17: Mar | C17: Domingo | D17: 4 | E17: 15349.09 | F17: 14239.51 | G17: 13671.36 | H17: 13205.86 | I17: 12950.02 | J17: 12852.08 | K17: 11005.9 | L17: 19430.83 | M17: 21174.78 | N17: 22635.72 | O17: 22936.59 | P17: 23230.57 | Q17: 23667.76 | R17: 24229.86 | S17: 23920.39 | T17: 23945.96 | U17: 23485.64 | V17: 19534.23 | W17: 22249.67 | X17: 24754.16 | Y17: 24488.87 | Z17: 23066.27 | AA17: 20570.84 | AB17: 18244.3 | AE17: =+AC47 -> 13751175
B18: Mar | C18: Festivo | D18: 3 | E18: 14457.73 | F18: 13370.75 | G18: 12821 | H18: 12603.42 | I18: 12372.18 | J18: 12688.32 | K18: 11218.27 | L18: 20252.99 | M18: 21955.72 | N18: 22046.43 | O18: 21832.84 | P18: 22626.81 | Q18: 23516.61 | R18: 23600.25 | S18: 22843.3 | T18: 22686.66 | U18: 22434.18 | V18: 18706.32 | W18: 21865.66 | X18: 22908.25 | Y18: 22304.11 | Z18: 22198.14 | AA18: 20898.5 | AB18: 19244.86 | AE18: =+AC51 -> 12975104
B19: Abr | C19: Ordinario | D19: 22 | E19: 29715.26 | F19: 27972.53 | G19: 27331.7 | H19: 27203.56 | I19: 14204.54 | J19: 17774.02 | K19: 17861.39 | L19: 25611.54 | M19: 24753.54 | N19: 24982.42 | O19: 25840.46 | P19: 25546.59 | Q19: 25931.9 | R19: 26412.54 | S19: 27292.37 | T19: 27658.87 | U19: 27799.6 | V19: 23826.93 | W19: 1355.39 | X19: 1396.52 | Y19: 1349.84 | Z19: 24860.97 | AA19: 21399.04 | AB19: 38918.55 | AC19: =+SUM(E19:AB19)*D19+SUM(E20:AB20)*D20+SUM(E21:AB21)*D21+SUM(E22:AB22)*D22 -> 15981097 | AE19: =SUM(AE7:AE18) -> 1.7430698e+08
B20: Abr | C20: Sábado | D20: 4 | E20: 15265.86 | F20: 14461.24 | G20: 13541.6 | H20: 13492.49 | I20: 13890.1 | J20: 14710.61 | K20: 13704.26 | L20: 24897.94 | M20: 26766.18 | N20: 27340.96 | O20: 27642.78 | P20: 27782.02 | Q20: 28507.4 | R20: 27290.43 | S20: 27008.52 | T20: 27103.78 | U20: 27087.87 | V20: 20986.21 | W20: 26487.89 | X20: 27608.51 | Y20: 26460.15 | Z20: 24922.48 | AA20: 22381.83 | AB20: 21828.94
B21: Abr | C21: Domingo | D21: 4 | E21: 15969.34 | F21: 15023.08 | G21: 14374.66 | H21: 13888.49 | I21: 13421.84 | J21: 13319.29 | K21: 11938.02 | L21: 20502.45 | M21: 22041.03 | N21: 22962.91 | O21: 23787.54 | P21: 24640.76 | Q21: 26072.4 | R21: 26576.22 | S21: 25669.36 | T21: 25382.78 | U21: 24820.26 | V21: 21602.54 | W21: 24935.49 | X21: 25872.14 | Y21: 25477.88 | Z21: 23471.11 | AA21: 20772.15 | AB21: 18082.08
B22: Abr | C22: Festivo | D22: 0 | E22: 0 | F22: 0 | G22: 0 | H22: 0 | I22: 0 | J22: 0 | K22: 0 | L22: 0 | M22: 0 | N22: 0 | O22: 0 | P22: 0 | Q22: 0 | R22: 0 | S22: 0 | T22: 0 | U22: 0 | V22: 0 | W22: 0 | X22: 0 | Y22: 0 | Z22: 0 | AA22: 0 | AB22: 0
B23: May | C23: Ordinario | D23: 19 | E23: 28459.24 | F23: 27200.85 | G23: 26572.82 | H23: 26459.57 | I23: 13702.93 | J23: 16838.3 | K23: 15731.6 | L23: 22599.65 | M23: 20240.35 | N23: 19586.67 | O23: 20153.8 | P23: 21068.56 | Q23: 20642.77 | R23: 20972.67 | S23: 22005.62 | T23: 23089.35 | U23: 24973.74 | V23: 22035.57 | W23: 1321.66 | X23: 1356.32 | Y23: 1301.71 | Z23: 24121.03 | AA23: 21102.82 | AB23: 38156.85 | AC23: =+SUM(E23:AB23)*D23+SUM(E24:AB24)*D24+SUM(E25:AB25)*D25+SUM(E26:AB26)*D26 -> 14566451
B24: May | C24: Sábado | D24: 4 | E24: 14822.72 | F24: 13966.94 | G24: 13517.02 | H24: 13233.35 | I24: 13563.38 | J24: 14023.6 | K24: 12749.42 | L24: 21668.99 | M24: 20982.89 | N24: 20998.6 | O24: 21037.44 | P24: 21627.07 | Q24: 21602.94 | R24: 21099.93 | S24: 21308.98 | T24: 22017.4 | U24: 24047.04 | V24: 21306.77 | W24: 25799.91 | X24: 26613.72 | Y24: 25496.65 | Z24: 23976.13 | AA24: 21715.9 | AB24: 19110.8
B25: May | C25: Domingo | D25: 5 | E25: 15102.48 | F25: 14136.57 | G25: 13554.93 | H25: 13038 | I25: 12915.12 | J25: 12500.83 | K25: 10148.46 | L25: 17591.74 | M25: 17244.85 | N25: 17814.35 | O25: 18327.46 | P25: 19189.49 | Q25: 19290.98 | R25: 18963.84 | S25: 18682.48 | T25: 19512.8 | U25: 21716.04 | V25: 19287.76 | W25: 23960.74 | X25: 25179.8 | Y25: 24785.03 | Z25: 23233.83 | AA25: 20871.15 | AB25: 18105.14
B26: May | C26: Festivo | D26: 3 | E26: 14268.25 | F26: 13381.75 | G26: 13058.88 | H26: 12700.09 | I26: 12840.31 | J26: 12835.33 | K26: 10635.99 | L26: 18190.97 | M26: 17775.59 | N26: 18161.15 | O26: 19225.62 | P26: 20760.8 | Q26: 21572.57 | R26: 21316.13 | S26: 21092.58 | T26: 21687.48 | U26: 23458.16 | V26: 21112.96 | W26: 26015.86 | X26: 27210.13 | Y26: 26038.7 | Z26: 24170.88 | AA26: 21351.02 | AB26: 18250.94
B27: Jun | C27: Ordinario | D27: 21 | E27: 29252.04 | F27: 27630.51 | G27: 27106.63 | H27: 27007.5 | I27: 13767.24 | J27: 15901.29 | K27: 15114.58 | L27: 23050.58 | M27: 21388.15 | N27: 21103.46 | O27: 21649.11 | P27: 22949.64 | Q27: 22495.94 | R27: 22469.84 | S27: 23472.88 | T27: 24167.4 | U27: 26017.75 | V27: 22677.22 | W27: 1359.32 | X27: 1401.12 | Y27: 1338.49 | Z27: 24820.06 | AA27: 21635.7 | AB27: 39143.49 | AC27: =+SUM(E27:AB27)*D27+SUM(E28:AB28)*D28+SUM(E29:AB29)*D29+SUM(E30:AB30)*D30 -> 14674689
B28: Jun | C28: Sábado | D28: 4 | E28: 15397.19 | F28: 14345.16 | G28: 14033.25 | H28: 13688.7 | I28: 14088.44 | J28: 14582.39 | K28: 13383.44 | L28: 22591.34 | M28: 21817.23 | N28: 21810.7 | O28: 21821.85 | P28: 22700.69 | Q28: 22682.78 | R28: 22319.56 | S28: 22740.02 | T28: 23451.07 | U28: 25285.34 | V28: 22220.98 | W28: 26767.22 | X28: 27987.2 | Y28: 26796.14 | Z28: 24937.4 | AA28: 22587.08 | AB28: 19980.43
B29: Jun | C29: Domingo | D29: 4 | E29: 15647.31 | F29: 14970.55 | G29: 14159.52 | H29: 13858.62 | I29: 13696.78 | J29: 13282.09 | K29: 10509.98 | L29: 18318.02 | M29: 17960 | N29: 18064.96 | O29: 18305.61 | P29: 19309.53 | Q29: 20008.53 | R29: 19826.07 | S29: 20087.51 | T29: 20772.02 | U29: 22469.32 | V29: 19967.28 | W29: 24348.82 | X29: 25462.77 | Y29: 24737.23 | Z29: 23212.26 | AA29: 21045.91 | AB29: 18561.15
B30: Jun | C30: Festivo | D30: 1 | E30: 15301.19 | F30: 14438.48 | G30: 13810.72 | H30: 13437.35 | I30: 13656.67 | J30: 13449.77 | K30: 10855.47 | L30: 17929.94 | M30: 17696.02 | N30: 17218.79 | O30: 18486.3 | P30: 20025.26 | Q30: 20544.55 | R30: 19526.15 | S30: 20006.3 | T30: 20577.05 | U30: 21958.85 | V30: 21235.53 | W30: 26664.98 | X30: 27470.85 | Y30: 26157.25 | Z30: 23785.46 | AA30: 20747.21 | AB30: 18000.08
B31: Jul | C31: Ordinario | D31: 20 | E31: 26685.46 | F31: 24845.04 | G31: 24191.67 | H31: 23834.16 | I31: 11625.64 | J31: 14399.14 | K31: 12822.7 | L31: 19508.13 | M31: 17469.13 | N31: 17162.19 | O31: 17820.86 | P31: 19405.9 | Q31: 18621.94 | R31: 18761.03 | S31: 20115.04 | T31: 20871.09 | U31: 22450.28 | V31: 21762.51 | W31: 1311.43 | X31: 1382.79 | Y31: 1322.76 | Z31: 24343.08 | AA31: 21168.46 | AB31: 39738.22 | AC31: =+SUM(E31:AB31)*D31+SUM(E32:AB32)*D32+SUM(E33:AB33)*D33+SUM(E34:AB34)*D34 -> 13313300
B32: Jul | C32: Sábado | D32: 5 | E32: 11349.26 | F32: 10735.2 | G32: 10165.38 | H32: 10235.58 | I32: 10449.26 | J32: 11000.87 | K32: 9879.5 | L32: 18146.66 | M32: 17611.42 | N32: 17824.19 | O32: 17807.63 | P32: 18760.59 | Q32: 18471.16 | R32: 18265.51 | S32: 18377.25 | T32: 19064.69 | U32: 21138.74 | V32: 20878.08 | W32: 25217.46 | X32: 26810.36 | Y32: 25615.17 | Z32: 24043.71 | AA32: 21481.48 | AB32: 18737.34
B33: Jul | C33: Domingo | D33: 4 | E33: 12675.55 | F33: 11936.94 | G33: 10980.33 | H33: 10704.59 | I33: 10554.04 | J33: 10187.96 | K33: 7486.1 | L33: 14420.02 | M33: 13893.99 | N33: 14491.76 | O33: 15111.96 | P33: 16646.7 | Q33: 17080.92 | R33: 17088.93 | S33: 17181.96 | T33: 17872.59 | U33: 19828.2 | V33: 19916.2 | W33: 24329.36 | X33: 25850.14 | Y33: 24623.33 | Z33: 22938.06 | AA33: 21097.38 | AB33: 18546
B34: Jul | C34: Festivo | D34: 2 | E34: 12175.01 | F34: 11316.7 | G34: 10669.49 | H34: 10799.56 | I34: 10366.64 | J34: 10480.63 | K34: 8141.21 | L34: 15235.86 | M34: 14811.42 | N34: 14512.15 | O34: 15636.97 | P34: 16677.66 | Q34: 17010.58 | R34: 16985.4 | S34: 17447.56 | T34: 18239.45 | U34: 19557.48 | V34: 19367.38 | W34: 23803.66 | X34: 25390.05 | Y34: 24506.06 | Z34: 22534.67 | AA34: 20545.96 | AB34: 18199.71
B35: Ago | C35: Ordinario | D35: 21 | E35: 25642.43 | F35: 24333.8 | G35: 23574.43 | H35: 23462.16 | I35: 11698.08 | J35: 14985.23 | K35: 13446.56 | L35: 19657.71 | M35: 17525.21 | N35: 16908.86 | O35: 17493.77 | P35: 18504.55 | Q35: 17702.98 | R35: 18218.82 | S35: 19470.99 | T35: 20263.93 | U35: 22116.31 | V35: 20558.97 | W35: 1274.78 | X35: 1333.05 | Y35: 1280.13 | Z35: 23608.82 | AA35: 20006.6 | AB35: 38453.76 | AC35: =+SUM(E35:AB35)*D35+SUM(E36:AB36)*D36+SUM(E37:AB37)*D37+SUM(E38:AB38)*D38 -> 12973895
B36: Ago | C36: Sábado | D36: 3 | E36: 12939.74 | F36: 12013.28 | G36: 11584.56 | H36: 11419.52 | I36: 11738.71 | J36: 12299.3 | K36: 10448.4 | L36: 18731.57 | M36: 17885.02 | N36: 18066.81 | O36: 18186.9 | P36: 19183.34 | Q36: 18347.99 | R36: 18088.89 | S36: 18106.92 | T36: 18746.72 | U36: 21092.14 | V36: 19980.86 | W36: 25100.56 | X36: 25853.78 | Y36: 24522.64 | Z36: 22933.26 | AA36: 19853.27 | AB36: 17981.24
B37: Ago | C37: Domingo | D37: 5 | E37: 12022.48 | F37: 11432.61 | G37: 10953.69 | H37: 10595.06 | I37: 10322.83 | J37: 10354.86 | K37: 6821.94 | L37: 13474.9 | M37: 13112.3 | N37: 13186.49 | O37: 13875.94 | P37: 14985.52 | Q37: 15139.06 | R37: 15763.99 | S37: 15878.58 | T37: 16492.62 | U37: 18694.65 | V37: 17967.68 | W37: 22797.87 | X37: 24018.42 | Y37: 23526.3 | Z37: 22035.17 | AA37: 18521.87 | AB37: 16602.21
B38: Ago | C38: Festivo | D38: 2 | E38: 11417.77 | F38: 10963.15 | G38: 10328.01 | H38: 10292.12 | I38: 10393.56 | J38: 10551.12 | K38: 7956.4 | L38: 15206.96 | M38: 14390.32 | N38: 15206.77 | O38: 16239.46 | P38: 18119.83 | Q38: 17799.96 | R38: 17778.34 | S38: 17850.61 | T38: 18357.88 | U38: 19923.15 | V38: 19840.91 | W38: 24291.32 | X38: 25984.37 | Y38: 24885.02 | Z38: 22747.89 | AA38: 19389.86 | AB38: 16951.63
B39: Sep | C39: Ordinario | D39: 22 | E39: 28581.48 | F39: 27213.73 | G39: 26704.59 | H39: 26379.72 | I39: 13246.73 | J39: 16378.41 | K39: 15049.85 | L39: 21634.66 | M39: 19300.85 | N39: 18927.75 | O39: 19237.7 | P39: 20329.96 | Q39: 19948.1 | R39: 20486.93 | S39: 21859.06 | T39: 22991.2 | U39: 24749.47 | V39: 23033.62 | W39: 1415.25 | X39: 1433 | Y39: 1374.47 | Z39: 25059.37 | AA39: 21631.23 | AB39: 40743.63 | AC39: =+SUM(E39:AB39)*D39+SUM(E40:AB40)*D40+SUM(E41:AB41)*D41+SUM(E42:AB42)*D42 -> 14018103
B40: Sep | C40: Sábado | D40: 4 | E40: 14654.14 | F40: 13383.57 | G40: 12959.54 | H40: 12684.13 | I40: 13105.69 | J40: 13716.21 | K40: 12300.84 | L40: 20263.77 | M40: 19859.53 | N40: 19829.64 | O40: 19736.55 | P40: 20229.26 | Q40: 20027.94 | R40: 19767.05 | S40: 20042.1 | T40: 20975.5 | U40: 23471.94 | V40: 21931.89 | W40: 26853.37 | X40: 26717.13 | Y40: 25876.52 | Z40: 23530.76 | AA40: 21178.92 | AB40: 19157.25
B41: Sep | C41: Domingo | D41: 4 | E41: 14167.5 | F41: 13357.36 | G41: 12850.85 | H41: 12403.75 | I41: 12118.74 | J41: 11589.86 | K41: 8904.2 | L41: 15757.13 | M41: 15605.26 | N41: 15603.16 | O41: 15890.28 | P41: 16519.03 | Q41: 16967.14 | R41: 17025.16 | S41: 17732.56 | T41: 18852.02 | U41: 20898.2 | V41: 20453.57 | W41: 25813.19 | X41: 26074.41 | Y41: 25508.69 | Z41: 22906.07 | AA41: 20099.32 | AB41: 17765.92
B42: Sep | C42: Festivo | D42: 0 | E42: 0 | F42: 0 | G42: 0 | H42: 0 | I42: 0 | J42: 0 | K42: 0 | L42: 0 | M42: 0 | N42: 0 | O42: 0 | P42: 0 | Q42: 0 | R42: 0 | S42: 0 | T42: 0 | U42: 0 | V42: 0 | W42: 0 | X42: 0 | Y42: 0 | Z42: 0 | AA42: 0 | AB42: 0
B43: Oct | C43: Ordinario | D43: 20 | E43: 26558.52 | F43: 24595.64 | G43: 23997.15 | H43: 24097.97 | I43: 12154.46 | J43: 14975.36 | K43: 13670.79 | L43: 20314.28 | M43: 17695.71 | N43: 17263.41 | O43: 17310.11 | P43: 18064.74 | Q43: 17737.12 | R43: 18125.05 | S43: 19707.69 | T43: 20820.64 | U43: 22974.64 | V43: 22128.6 | W43: 1343.37 | X43: 1330.58 | Y43: 1246.16 | Z43: 22952.68 | AA43: 19689 | AB43: 37855.97 | AC43: =+SUM(E43:AB43)*D43+SUM(E44:AB44)*D44+SUM(E45:AB45)*D45+SUM(E46:AB46)*D46 -> 13266334
B44: Oct | C44: Sábado | D44: 5 | E44: 13298.74 | F44: 12177.5 | G44: 11654.46 | H44: 11581.14 | I44: 11954.84 | J44: 12366.29 | K44: 10495.73 | L44: 19353.18 | M44: 17969.45 | N44: 18180.62 | O44: 17801.16 | P44: 18344.36 | Q44: 18319.06 | R44: 18073.24 | S44: 18826.49 | T44: 19807.14 | U44: 21923.85 | V44: 20665.8 | W44: 26754.25 | X44: 26430.39 | Y44: 25421.45 | Z44: 23864.62 | AA44: 21148.2 | AB44: 19129.24
B45: Oct | C45: Domingo | D45: 5 | E45: 13878.09 | F45: 12917.21 | G45: 12169.18 | H45: 11675.78 | I45: 11612.04 | J45: 11017.32 | K45: 8001.52 | L45: 14968.15 | M45: 14658.96 | N45: 15515.18 | O45: 14938.82 | P45: 15630.33 | Q45: 16055.96 | R45: 15908.04 | S45: 16934.54 | T45: 17880.26 | U45: 19303.18 | V45: 19246.94 | W45: 24129.03 | X45: 24571.54 | Y45: 23517.01 | Z45: 21345.64 | AA45: 18684.5 | AB45: 16289.41
B46: Oct | C46: Festivo | D46: 1 | E46: 12212.65 | F46: 11623.56 | G46: 10920.5 | H46: 10751.4 | I46: 10999.35 | J46: 10970 | K46: 7351.18 | L46: 14965.88 | M46: 13827.17 | N46: 14978.83 | O46: 15122.4 | P46: 16914.98 | Q46: 17363.03 | R46: 17612.91 | S46: 18066.32 | T46: 18290.68 | U46: 19694.86 | V46: 21108.27 | W46: 26762.15 | X46: 26467.76 | Y46: 25277.62 | Z46: 23196.65 | AA46: 20071.61 | AB46: 17642.63
B47: Nov | C47: Ordinario | D47: 20 | E47: 27854.96 | F47: 26458.89 | G47: 26094.59 | H47: 25949.01 | I47: 13024.38 | J47: 15898.13 | K47: 15006.95 | L47: 21964.85 | M47: 19288.16 | N47: 18884.4 | O47: 18876.76 | P47: 19874.67 | Q47: 19667.72 | R47: 19783.92 | S47: 21468.96 | T47: 22558.56 | U47: 24561.63 | V47: 23630.49 | W47: 1446.49 | X47: 1435.64 | Y47: 1339.04 | Z47: 24431.32 | AA47: 21258.28 | AB47: 41064.74 | AC47: =+SUM(E47:AB47)*D47+SUM(E48:AB48)*D48+SUM(E49:AB49)*D49+SUM(E50:AB50)*D50 -> 13751175
B48: Nov | C48: Sábado | D48: 4 | E48: 13477.31 | F48: 12497.66 | G48: 12219.8 | H48: 12015.73 | I48: 12702.09 | J48: 13141.55 | K48: 12132.35 | L48: 20810.55 | M48: 19782.82 | N48: 19620.5 | O48: 19338.84 | P48: 19583.18 | Q48: 19357.27 | R48: 19526 | S48: 20326.64 | T48: 21479.76 | U48: 23137.19 | V48: 22397.36 | W48: 27463.44 | X48: 27509.36 | Y48: 25803.97 | Z48: 24020.12 | AA48: 21814.71 | AB48: 19487.07
B49: Nov | C49: Domingo | D49: 4 | E49: 13693.26 | F49: 12872.33 | G49: 12080.94 | H49: 11868.42 | I49: 11982.63 | J49: 11537.5 | K49: 8770.19 | L49: 15689.7 | M49: 15156.1 | N49: 15234.42 | O49: 15237.52 | P49: 16774.07 | Q49: 17148.67 | R49: 17781.6 | S49: 18463.09 | T49: 19381.86 | U49: 21663.66 | V49: 21121.35 | W49: 25810.72 | X49: 25944.49 | Y49: 24811.18 | Z49: 23101.04 | AA49: 20543.8 | AB49: 17990.95
B50: Nov | C50: Festivo | D50: 2 | E50: 12767.65 | F50: 12035.76 | G50: 11803.73 | H50: 11444.06 | I50: 11529.17 | J50: 11908.28 | K50: 8654.29 | L50: 15365.75 | M50: 14665.8 | N50: 15219.61 | O50: 15656.14 | P50: 16920.71 | Q50: 17399.96 | R50: 17849.26 | S50: 18242.06 | T50: 18858.26 | U50: 20237.93 | V50: 21078.66 | W50: 26397.1 | X50: 26372.28 | Y50: 25024.48 | Z50: 22496.24 | AA50: 19726.77 | AB50: 17098.55
B51: Dic | C51: Ordinario | D51: 22 | E51: 26511.28 | F51: 24720.52 | G51: 24070.46 | H51: 23889.85 | I51: 11683.6 | J51: 13084.22 | K51: 11634.73 | L51: 19410.96 | M51: 17680.6 | N51: 17370.38 | O51: 17510.86 | P51: 18399.26 | Q51: 18287.29 | R51: 18387.2 | S51: 19382.18 | T51: 20445.96 | U51: 22407.81 | V51: 21822.72 | W51: 1343.34 | X51: 1332.06 | Y51: 1268.06 | Z51: 23382.87 | AA51: 20688.18 | AB51: 39559.66 | AC51: =+SUM(E51:AB51)*D51+SUM(E52:AB52)*D52+SUM(E53:AB53)*D53+SUM(E54:AB54)*D54 -> 12975104
B52: Dic | C52: Sábado | D52: 3 | E52: 12949.04 | F52: 11853.7 | G52: 11325.35 | H52: 11193.08 | I52: 11406.06 | J52: 12107.12 | K52: 10051.28 | L52: 18426.95 | M52: 17526.86 | N52: 17324.84 | O52: 16973.82 | P52: 17166.45 | Q52: 17609.18 | R52: 17337.46 | S52: 17286.04 | T52: 18290.53 | U52: 20379.48 | V52: 20033.33 | W52: 24923.5 | X52: 24577.08 | Y52: 23352.5 | Z52: 21597.61 | AA52: 19733.67 | AB52: 17932.6
B53: Dic | C53: Domingo | D53: 4 | E53: 13113.59 | F53: 12140.69 | G53: 11396.85 | H53: 11024.71 | I53: 10650.89 | J53: 10348.04 | K53: 7358.2 | L53: 13659.34 | M53: 13120.16 | N53: 13219.7 | O53: 13123.2 | P53: 13591.45 | Q53: 14650.55 | R53: 15034.3 | S53: 15721.91 | T53: 16540.12 | U53: 18099.17 | V53: 18098.64 | W53: 23576.65 | X53: 24287.51 | Y53: 23784.65 | Z53: 22365.44 | AA53: 19742.7 | AB53: 17074.98
B54: Dic | C54: Festivo | D54: 2 | E54: 13533.73 | F54: 12989.52 | G54: 12189.6 | H54: 11369.79 | I54: 10800.66 | J54: 10158.97 | K54: 6221.86 | L54: 12330 | M54: 11066.3 | N54: 10900.46 | O54: 11100.52 | P54: 12014.38 | Q54: 13031.32 | R54: 13759.87 | S54: 14328.67 | T54: 15278.49 | U54: 17720.94 | V54: 17253.74 | W54: 22923.73 | X54: 23249.36 | Y54: 22471.03 | Z54: 20859.48 | AA54: 18277.84 | AB54: 16224.18
Z55: TOTAL AÑO kWh | AC55: =SUM(AC7:AC54) -> 1.7430698e+08
E62: 1000

Sheet Cantidad Producto 2
B2: CANTIDADES DE ENERGÍA SOLICITADAS (kWh)
B3: CENTRAL HIDROELECTRICA DE CALDAS S.A. E.S.P. -BENEFICIO E INTERÉS COLECTIVO
B4: 2028
B6: Mes | C6: Tipo Día | D6: Días | E6: H1 | F6: H2 | G6: H3 | H6: H4 | I6: H5 | J6: H6 | K6: H7 | L6: H8 | M6: H9 | N6: H10 | O6: H11 | P6: H12 | Q6: H13 | R6: H14 | S6: H15 | T6: H16 | U6: H17 | V6: H18 | W6: H19 | X6: H20 | Y6: H21 | Z6: H22 | AA6: H23 | AB6: H24 | AC6: TOTAL MES
B7: Ene | C7: Ordinario | D7: 20 | E7: 4795.18 | F7: 4422.26 | G7: 4182.23 | H7: 4208.02 | I7: 4732.92 | J7: 6399.93 | K7: 7172.62 | L7: 11449.46 | M7: 9497.35 | N7: 8741.52 | O7: 9007.82 | P7: 9582.79 | Q7: 9113.16 | R7: 9288.2 | S7: 9942.2 | T7: 10745.36 | U7: 13346.71 | V7: 8237.12 | W7: 9417.92 | X7: 9518.55 | Y7: 8961.73 | Z7: 7735.16 | AA7: 5927.34 | AB7: 4813.55 | AC7: =+SUM(E7:AB7)*D7+SUM(E8:AB8)*D8+SUM(E9:AB9)*D9+SUM(E10:AB10)*D10 -> 5640298 | AE7: =+AC7 -> 5640298
B8: Ene | C8: Sábado | D8: 4 | E8: 5341.02 | F8: 4673.09 | G8: 4596.31 | H8: 4607.49 | I8: 4669.12 | J8: 5259.9 | K8: 5853.06 | L8: 10786.6 | M8: 9390.93 | N8: 9153.28 | O8: 9064.7 | P8: 9304.8 | Q8: 9790.96 | R8: 9710.95 | S8: 10304.26 | T8: 9684.3 | U8: 12792.01 | V8: 7535.84 | W8: 8893.94 | X8: 8613.52 | Y8: 8121.44 | Z8: 7412.84 | AA8: 6280.62 | AB8: 5418 | AE8: =+AC11 -> 5481906.5
B9: Ene | C9: Domingo | D9: 5 | E9: 5415.14 | F9: 4822.02 | G9: 4229.3 | H9: 3974.61 | I9: 3763.91 | J9: 3912.26 | K9: 3706.78 | L9: 8036.66 | M9: 6751.02 | N9: 6433.25 | O9: 6527.87 | P9: 7351.59 | Q9: 7417.07 | R9: 7863.24 | S9: 7963.08 | T9: 8875.04 | U9: 11628.66 | V9: 6565.36 | W9: 8600.29 | X9: 8506.7 | Y9: 7933.08 | Z9: 6518.19 | AA9: 5178.44 | AB9: 3970.85 | AE9: =+AC15 -> 5737244.8
B10: Ene | C10: Festivo | D10: 2 | E10: 5017.75 | F10: 4911.88 | G10: 4535.56 | H10: 4306.02 | I10: 4019.58 | J10: 3738.56 | K10: 2852.81 | L10: 6719.24 | M10: 5094.08 | N10: 5085.52 | O10: 5096.11 | P10: 5703.4 | Q10: 6528.94 | R10: 7585.87 | S10: 7311.71 | T10: 8435.45 | U10: 11351.04 | V10: 7044.55 | W10: 7942.62 | X10: 7637.06 | Y10: 7092.93 | Z10: 6010.56 | AA10: 5176.24 | AB10: 4181.54 | AE10: =+AC19 -> 5761066.8
B11: Feb | C11: Ordinario | D11: 21 | E11: 6287.98 | F11: 5906.83 | G11: 5773.14 | H11: 5719.78 | I11: 6183.41 | J11: 7836.22 | K11: 6903.5 | L11: 10726.16 | M11: 8715.9 | N11: 8114.23 | O11: 8120.13 | P11: 8653.77 | Q11: 8509.5 | R11: 8712.17 | S11: 9489.22 | T11: 10427.68 | U11: 12502.94 | V11: 6582.31 | W11: 8581.79 | X11: 9203.22 | Y11: 8961.7 | Z11: 8176.5 | AA11: 7164.28 | AB11: 6200.37 | AC11: =+SUM(E11:AB11)*D11+SUM(E12:AB12)*D12+SUM(E13:AB13)*D13+SUM(E14:AB14)*D14 -> 5481906.5 | AE11: =+AC23 -> 5621176.9
B12: Feb | C12: Sábado | D12: 4 | E12: 6546.1 | F12: 6071.22 | G12: 5751.07 | H12: 5684.92 | I12: 5845.48 | J12: 6247.98 | K12: 5176.7 | L12: 9997.43 | M12: 8632.38 | N12: 8133.06 | O12: 8162.73 | P12: 8598.86 | Q12: 8778.42 | R12: 8577 | S12: 8847.88 | T12: 9606.57 | U12: 11742.16 | V12: 6240.9 | W12: 8326.82 | X12: 8936.37 | Y12: 8584.49 | Z12: 7948.11 | AA12: 7167.26 | AB12: 6379.1 | AE12: =+AC27 -> 5640392.8
B13: Feb | C13: Domingo | D13: 4 | E13: 6872.18 | F13: 6286.87 | G13: 5968.54 | H13: 5768.71 | I13: 5584.37 | J13: 5608.47 | K13: 4118.5 | L13: 8220.15 | M13: 6995.16 | N13: 6829.66 | O13: 6731.94 | P13: 7169.58 | Q13: 7571.94 | R13: 7631.67 | S13: 7932.18 | T13: 8603.46 | U13: 10573.17 | V13: 5753.66 | W13: 7762.15 | X13: 8422.91 | Y13: 8292.75 | Z13: 7669.54 | AA13: 6777.04 | AB13: 5722.18 | AE13: =+AC31 -> 5897064.8
B14: Feb | C14: Festivo | D14: 0 | E14: 0 | F14: 0 | G14: 0 | H14: 0 | I14: 0 | J14: 0 | K14: 0 | L14: 0 | M14: 0 | N14: 0 | O14: 0 | P14: 0 | Q14: 0 | R14: 0 | S14: 0 | T14: 0 | U14: 0 | V14: 0 | W14: 0 | X14: 0 | Y14: 0 | Z14: 0 | AA14: 0 | AB14: 0 | AE14: =+AC35 -> 5698999.5
B15: Mar | C15: Ordinario | D15: 22 | E15: 7399.95 | F15: 6953.96 | G15: 6782.7 | H15: 6599.1 | I15: 6739.66 | J15: 7514.3 | K15: 5478.54 | L15: 9617.58 | M15: 7851.04 | N15: 7309.16 | O15: 7196.55 | P15: 7691.3 | Q15: 7856.23 | R15: 8233.17 | S15: 9086.34 | T15: 9911.01 | U15: 11969.58 | V15: 6224.48 | W15: 8240.5 | X15: 9317.78 | Y15: 9377.28 | Z15: 8812.79 | AA15: 7977.79 | AB15: 7488.56 | AC15: =+SUM(E15:AB15)*D15+SUM(E16:AB16)*D16+SUM(E17:AB17)*D17+SUM(E18:AB18)*D18 -> 5737244.8 | AE15: =+AC39 -> 5553537.9
B16: Mar | C16: Sábado | D16: 4 | E16: 7450.24 | F16: 6814.19 | G16: 6524.31 | H16: 6398.73 | I16: 6288.24 | J16: 6498.67 | K16: 4055.3 | L16: 8666.28 | M16: 7290.88 | N16: 6941.48 | O16: 6684.78 | P16: 6935.6 | Q16: 7074.81 | R16: 7441.66 | S16: 7964.43 | T16: 8757.84 | U16: 10814.52 | V16: 5551.24 | W16: 8003.98 | X16: 8350.76 | Y16: 8122.38 | Z16: 7983.01 | AA16: 7650.76 | AB16: 7166.58 | AE16: =+AC43 -> 5705697
B17: Mar | C17: Domingo | D17: 4 | E17: 7573.88 | F17: 6961.96 | G17: 6641.42 | H17: 6394.56 | I17: 6252.75 | J17: 6265.79 | K17: 3773.24 | L17: 7753.8 | M17: 6395.06 | N17: 6223.66 | O17: 5753.64 | P17: 5812.08 | Q17: 5981.03 | R17: 6657.88 | S17: 7114.09 | T17: 8090.63 | U17: 10184.45 | V17: 5027.89 | W17: 7173.45 | X17: 8389.68 | Y17: 8570.21 | Z17: 8267.44 | AA17: 7622.16 | AB17: 6755.64 | AE17: =+AC47 -> 5600704.9
B18: Mar | C18: Festivo | D18: 1 | E18: 7112.83 | F18: 6491.99 | G18: 6142.52 | H18: 6049.75 | I18: 5854.12 | J18: 6118.94 | K18: 3866.19 | L18: 8267.37 | M18: 7021.74 | N18: 5841.44 | O18: 4818.48 | P18: 5159.64 | Q18: 5687.1 | R18: 6120.08 | S18: 6314.65 | T18: 7137.09 | U18: 9421.71 | V18: 4667.16 | W18: 7247.85 | X18: 6974.78 | Y18: 7086.88 | Z18: 8214.56 | AA18: 7948.97 | AB18: 7565.02 | AE18: =+AC51 -> 5690344.3
B19: Abr | C19: Ordinario | D19: 18 | E19: 7163.23 | F19: 6660.7 | G19: 6465.7 | H19: 6401.78 | I19: 6871.59 | J19: 8531.04 | K19: 6904.66 | L19: 10488.37 | M19: 7862.3 | N19: 7080.85 | O19: 7013.69 | P19: 6650.58 | Q19: 7141.65 | R19: 7700.05 | S19: 8750.12 | T19: 9802.49 | U19: 12324.13 | V19: 6826.35 | W19: 9362.64 | X19: 9546.49 | Y19: 9407.38 | Z19: 8762.84 | AA19: 7632.75 | AB19: 6835.74 | AC19: =+SUM(E19:AB19)*D19+SUM(E20:AB20)*D20+SUM(E21:AB21)*D21+SUM(E22:AB22)*D22 -> 5761066.8
B20: Abr | C20: Sábado | D20: 5 | E20: 7595.77 | F20: 7166.67 | G20: 6569.58 | H20: 6578.65 | I20: 6784.82 | J20: 7189.17 | K20: 5210.48 | L20: 10542.07 | M20: 9392.48 | N20: 8666.91 | O20: 8228.41 | P20: 8165.86 | Q20: 8557.85 | R20: 8298.64 | S20: 8787.66 | T20: 9784.48 | U20: 12278.94 | V20: 6158.3 | W20: 9625.1 | X20: 10119.22 | Y20: 9776.95 | Z20: 9323.73 | AA20: 8466.08 | AB20: 8002.46
B21: Abr | C21: Domingo | D21: 5 | E21: 7984.04 | F21: 7518.01 | G21: 7179.97 | H21: 6939.12 | I21: 6657.5 | J21: 6650.56 | K21: 4409.28 | L21: 8436.73 | M21: 6859.38 | N21: 6270.26 | O21: 6202.22 | P21: 6776.73 | Q21: 7757.52 | R21: 8351.06 | S21: 8397.29 | T21: 9184.92 | U21: 11166.41 | V21: 6186.42 | W21: 8877.5 | X21: 9037.37 | Y21: 9102.44 | Z21: 8471.54 | AA21: 7676.97 | AB21: 6625.73
B22: Abr | C22: Festivo | D22: 2 | E22: 8403.69 | F22: 7927.65 | G22: 7538.19 | H22: 7083.76 | I22: 6791.25 | J22: 6629.09 | K22: 4295.3 | L22: 8332.85 | M22: 6955.93 | N22: 6756.46 | O22: 7206.53 | P22: 7459.39 | Q22: 7931.7 | R22: 8608.23 | S22: 8813.16 | T22: 9610.11 | U22: 11710.02 | V22: 6738.65 | W22: 9639.84 | X22: 10153.5 | Y22: 10405.39 | Z22: 9055.13 | AA22: 7169.16 | AB22: 5661.24
B23: May | C23: Ordinario | D23: 21 | E23: 6631.98 | F23: 6309.35 | G23: 6127.96 | H23: 6058.05 | I23: 6352.79 | J23: 7591.55 | K23: 5977.84 | L23: 9901.09 | M23: 7719.29 | N23: 6946.51 | O23: 7009.08 | P23: 7463.71 | Q23: 7349 | R23: 7721.46 | S23: 8492.9 | T23: 9493.79 | U23: 11690.09 | V23: 6054.2 | W23: 8671.32 | X23: 8794 | Y23: 8528.38 | Z23: 8106.91 | AA23: 7347.66 | AB23: 6537.29 | AC23: =+SUM(E23:AB23)*D23+SUM(E24:AB24)*D24+SUM(E25:AB25)*D25+SUM(E26:AB26)*D26 -> 5621176.9
B24: May | C24: Sábado | D24: 4 | E24: 7132.57 | F24: 6646.84 | G24: 6429.93 | H24: 6243.66 | I24: 6388.59 | J24: 6534.56 | K24: 4882.32 | L24: 9654.93 | M24: 8255.07 | N24: 7847.67 | O24: 7558.91 | P24: 7880.65 | Q24: 7893.66 | R24: 7784.98 | S24: 8254.64 | T24: 9081.75 | U24: 11395.61 | V24: 6005.98 | W24: 8803.92 | X24: 8903.96 | Y24: 8572.62 | Z24: 8185.68 | AA24: 7574.66 | AB24: 6529.26
B25: May | C25: Domingo | D25: 4 | E25: 7186.8 | F25: 6676.95 | G25: 6400.76 | H25: 6121.73 | I25: 6094.72 | J25: 5948.13 | K25: 3843.66 | L25: 7949.91 | M25: 6610.89 | N25: 6446.5 | O25: 6484.47 | P25: 7014.6 | Q25: 7082.66 | R25: 6984.04 | S25: 7036.75 | T25: 7968.7 | U25: 10405.73 | V25: 5349.14 | W25: 8154.4 | X25: 8469.24 | Y25: 8399.4 | Z25: 8036.6 | AA25: 7489.68 | AB25: 6377.22
B26: May | C26: Festivo | D26: 2 | E26: 6944.36 | F26: 6463.17 | G26: 6310.72 | H26: 6102.82 | I26: 6182.62 | J26: 6265.65 | K26: 4309.17 | L26: 8480.43 | M26: 7196.83 | N26: 6836.54 | O26: 7152.34 | P26: 8002.03 | Q26: 8472.79 | R26: 8471.24 | S26: 8614.08 | T26: 9385.36 | U26: 11487.15 | V26: 6557.78 | W26: 9444.52 | X26: 9544.64 | Y26: 8998.14 | Z26: 8592.92 | AA26: 7954.46 | AB26: 6668.38
B27: Jun | C27: Ordinario | D27: 20 | E27: 6502.73 | F27: 6071.39 | G27: 5951.62 | H27: 5893.62 | I27: 6209.8 | J27: 7057.56 | K27: 5664.42 | L27: 10044.14 | M27: 8314.01 | N27: 7762.94 | O27: 7768.81 | P27: 8444.32 | Q27: 8307.96 | R27: 8404.68 | S27: 9171.03 | T27: 9886.56 | U27: 12084.39 | V27: 6481.22 | W27: 9276.85 | X27: 9338.94 | Y27: 8976.51 | Z27: 8500.37 | AA27: 7587.98 | AB27: 6585.89 | AC27: =+SUM(E27:AB27)*D27+SUM(E28:AB28)*D28+SUM(E29:AB29)*D29+SUM(E30:AB30)*D30 -> 5640392.8
B28: Jun | C28: Sábado | D28: 4 | E28: 7329.24 | F28: 6724.56 | G28: 6618.1 | H28: 6411.22 | I28: 6588.25 | J28: 6826.03 | K28: 5209.67 | L28: 10184.53 | M28: 8682.09 | N28: 8283.32 | O28: 7982.17 | P28: 8466.62 | Q28: 8465.71 | R28: 8404.5 | S28: 8993.72 | T28: 9810.15 | U28: 12032.26 | V28: 6634.9 | W28: 9408.05 | X28: 9888.71 | Y28: 9562.78 | Z28: 9009.56 | AA28: 8270.69 | AB28: 7238.72
B29: Jun | C29: Domingo | D29: 4 | E29: 7373.77 | F29: 7076.45 | G29: 6639.1 | H29: 6529.67 | I29: 6473.66 | J29: 6342.87 | K29: 3893.52 | L29: 8253.53 | M29: 6892.04 | N29: 6391.99 | O29: 6279.79 | P29: 6863.8 | Q29: 7258.08 | R29: 7283.11 | S29: 7841.68 | T29: 8663.23 | U29: 10724.55 | V29: 5948.52 | W29: 8596.48 | X29: 8686.92 | Y29: 8423.01 | Z29: 8083.65 | AA29: 7579.78 | AB29: 6640.41
B30: Jun | C30: Festivo | D30: 2 | E30: 7246.3 | F30: 6813.46 | G30: 6446.04 | H30: 6265.76 | I30: 6427.36 | J30: 6392.67 | K30: 4161.14 | L30: 7954.41 | M30: 6829.18 | N30: 5780.53 | O30: 6242.32 | P30: 7052.9 | Q30: 7305.36 | R30: 6734.94 | S30: 7464.58 | T30: 8282.16 | U30: 10079.32 | V30: 6383.27 | W30: 9800.96 | X30: 9538.33 | Y30: 9016.15 | Z30: 8172.86 | AA30: 7193.01 | AB30: 6205.66
B31: Jul | C31: Ordinario | D31: 19 | E31: 6959.7 | F31: 6489.5 | G31: 6318.74 | H31: 6202.4 | I31: 6579.17 | J31: 7763.92 | K31: 5919.02 | L31: 10151.43 | M31: 8194.68 | N31: 7664.69 | O31: 7775.84 | P31: 8715.99 | Q31: 8321.71 | R31: 8514.37 | S31: 9487.35 | T31: 10215.75 | U31: 12196.44 | V31: 6620.02 | W31: 9522.35 | X31: 9847.35 | Y31: 9476.95 | Z31: 8830 | AA31: 7971.39 | AB31: 6687.26 | AC31: =+SUM(E31:AB31)*D31+SUM(E32:AB32)*D32+SUM(E33:AB33)*D33+SUM(E34:AB34)*D34 -> 5897064.8
B32: Jul | C32: Sábado | D32: 5 | E32: 6318.7 | F32: 6041.92 | G32: 5703.49 | H32: 5773.86 | I32: 5877.26 | J32: 6132.77 | K32: 4691.22 | L32: 9593.75 | M32: 8276.57 | N32: 8023.38 | O32: 7718.96 | P32: 8318.84 | Q32: 8087.42 | R32: 8176.96 | S32: 8511.7 | T32: 9341.88 | U32: 11713.91 | V32: 6404.37 | W32: 9130.62 | X32: 9710.38 | Y32: 9305.82 | Z32: 8867.2 | AA32: 8014.57 | AB32: 6836.34
B33: Jul | C33: Domingo | D33: 5 | E33: 7047.34 | F33: 6696.62 | G33: 6166.21 | H33: 6041.95 | I33: 5994.43 | J33: 5802.68 | K33: 3545.77 | L33: 7938.7 | M33: 6479.58 | N33: 6362.26 | O33: 6504.15 | P33: 7498.64 | Q33: 7703.38 | R33: 7821.21 | S33: 8195.44 | T33: 9000.58 | U33: 11284.97 | V33: 6386.65 | W33: 9070.92 | X33: 9380.67 | Y33: 8702.11 | Z33: 8229.88 | AA33: 8111.58 | AB33: 7113.36
B34: Jul | C34: Festivo | D34: 2 | E34: 6906.44 | F34: 6474.27 | G34: 6068.53 | H34: 6198.96 | I34: 5891.82 | J34: 5976.11 | K34: 3904 | L34: 8223.4 | M34: 7027.77 | N34: 6199.2 | O34: 6665.78 | P34: 7207.66 | Q34: 7276.11 | R34: 7436.5 | S34: 8080.48 | T34: 8989.89 | U34: 10864.18 | V34: 5700.86 | W34: 8399.23 | X34: 8859.06 | Y34: 8569.36 | Z34: 7895.22 | AA34: 7682.72 | AB34: 6860.24
B35: Ago | C35: Ordinario | D35: 21 | E35: 6562.45 | F35: 6259.91 | G35: 6009.94 | H35: 5951.65 | I35: 6436.86 | J35: 8013.11 | K35: 6249.6 | L35: 10167.57 | M35: 8170.46 | N35: 7447.4 | O35: 7539.65 | P35: 8093.81 | Q35: 7652 | R35: 8089.49 | S35: 8943.25 | T35: 9703.64 | U35: 11907.57 | V35: 5849.77 | W35: 9094.68 | X35: 9338.46 | Y35: 8997.56 | Z35: 8344.01 | AA35: 7142.56 | AB35: 6299.11 | AC35: =+SUM(E35:AB35)*D35+SUM(E36:AB36)*D36+SUM(E37:AB37)*D37+SUM(E38:AB38)*D38 -> 5698999.5
B36: Ago | C36: Sábado | D36: 4 | E36: 7336.51 | F36: 6796.46 | G36: 6566.87 | H36: 6486.99 | I36: 6648.96 | J36: 6822.85 | K36: 4840.7 | L36: 9841 | M36: 8400.88 | N36: 8212.58 | O36: 7963.33 | P36: 8597.5 | Q36: 7990.53 | R36: 8044.21 | S36: 8277.88 | T36: 9071.84 | U36: 11640.6 | V36: 5936.9 | W36: 9273.39 | X36: 9228.28 | Y36: 8673.92 | Z36: 8225.72 | AA36: 6954.53 | AB36: 6431.26
B37: Ago | C37: Domingo | D37: 4 | E37: 6437.27 | F37: 6164.75 | G37: 5952.25 | H37: 5815.96 | I37: 5655.54 | J37: 5693.7 | K37: 2741.96 | L37: 6960.01 | M37: 5684.48 | N37: 5316.21 | O37: 5578.05 | P37: 6319.36 | Q37: 6317 | R37: 6796.57 | S37: 7144.11 | T37: 7948.77 | U37: 10395.25 | V37: 5025.76 | W37: 8154.86 | X37: 8485.42 | Y37: 8447.61 | Z37: 8106.68 | AA37: 6664.2 | AB37: 6053.79
B38: Ago | C38: Festivo | D38: 2 | E38: 6358.4 | F38: 6129.9 | G38: 5743.48 | H38: 5783.08 | I38: 5854.85 | J38: 5969.75 | K38: 3878.25 | L38: 8486.95 | M38: 7054.32 | N38: 7124.32 | O38: 7394.52 | P38: 8519.06 | Q38: 8056.3 | R38: 8244.41 | S38: 8631.3 | T38: 9309.63 | U38: 11173 | V38: 6187.61 | W38: 9049.35 | X38: 9696.08 | Y38: 9275.2 | Z38: 8614.81 | AA38: 7410.5 | AB38: 6530.84
B39: Sep | C39: Ordinario | D39: 21 | E39: 6691.04 | F39: 6379.31 | G39: 6266.46 | H39: 6159.33 | I39: 6574.88 | J39: 7906.88 | K39: 6186.48 | L39: 10253.66 | M39: 8064.34 | N39: 7481.02 | O39: 7249.42 | P39: 7831.34 | Q39: 7706.36 | R39: 8116.3 | S39: 9056.25 | T39: 10070.3 | U39: 12178.65 | V39: 6188 | W39: 9201.74 | X39: 9135.5 | Y39: 8885.42 | Z39: 8123.94 | AA39: 7172.94 | AB39: 6291.76 | AC39: =+SUM(E39:AB39)*D39+SUM(E40:AB40)*D40+SUM(E41:AB41)*D41+SUM(E42:AB42)*D42 -> 5553537.9
B40: Sep | C40: Sábado | D40: 5 | E40: 7428.34 | F40: 6771.21 | G40: 6589.24 | H40: 6452.5 | I40: 6668.97 | J40: 6981.8 | K40: 5217.1 | L40: 9687.01 | M40: 8435.97 | N40: 7988.79 | O40: 7596.34 | P40: 7924.68 | Q40: 7771.4 | R40: 7767.62 | S40: 8217.11 | T40: 9196.81 | U40: 11842.76 | V40: 5776.96 | W40: 8617.04 | X40: 8457.74 | Y40: 8387.16 | Z40: 7469.92 | AA40: 6925.15 | AB40: 6325.07
B41: Sep | C41: Domingo | D41: 4 | E41: 7072.28 | F41: 6712.5 | G41: 6480.5 | H41: 6285.55 | I41: 6205.34 | J41: 5869.27 | K41: 3638.52 | L41: 7746.54 | M41: 6528.61 | N41: 5993.08 | O41: 5861.01 | P41: 6145.72 | Q41: 6304.95 | R41: 6496.1 | S41: 7236.73 | T41: 8340.8 | U41: 10660.1 | V41: 5595.5 | W41: 8574.46 | X41: 8340.27 | Y41: 8336.21 | Z41: 7387.87 | AA41: 6783.76 | AB41: 6018.5
B42: Sep | C42: Festivo | D42: 0 | E42: 0 | F42: 0 | G42: 0 | H42: 0 | I42: 0 | J42: 0 | K42: 0 | L42: 0 | M42: 0 | N42: 0 | O42: 0 | P42: 0 | Q42: 0 | R42: 0 | S42: 0 | T42: 0 | U42: 0 | V42: 0 | W42: 0 | X42: 0 | Y42: 0 | Z42: 0 | AA42: 0 | AB42: 0
B43: Oct | C43: Ordinario | D43: 21 | E43: 7225.86 | F43: 6809.44 | G43: 6561.61 | H43: 6596.98 | I43: 7157.82 | J43: 8364.45 | K43: 5806.32 | L43: 9822.31 | M43: 7393.5 | N43: 6889.25 | O43: 6469.96 | P43: 6674.99 | Q43: 6508.37 | R43: 6929.89 | S43: 8380.27 | T43: 9492.1 | U43: 12009.96 | V43: 6331.01 | W43: 9473.94 | X43: 9312.76 | Y43: 8581.17 | Z43: 8225.89 | AA43: 7219.97 | AB43: 6596.32 | AC43: =+SUM(E43:AB43)*D43+SUM(E44:AB44)*D44+SUM(E45:AB45)*D45+SUM(E46:AB46)*D46 -> 5705697
B44: Oct | C44: Sábado | D44: 4 | E44: 8001.92 | F44: 7453.66 | G44: 7134.96 | H44: 7130.04 | I44: 7302.41 | J44: 7250.14 | K44: 4336.25 | L44: 9756.04 | M44: 7700.92 | N44: 7561.16 | O44: 6733.81 | P44: 6920.29 | Q44: 6907.58 | R44: 6958.79 | S44: 8165.64 | T44: 9465.83 | U44: 11912 | V44: 5395.32 | W44: 10298.42 | X44: 10128.22 | Y44: 10087.24 | Z44: 9882.04 | AA44: 8830.72 | AB44: 8233.24
B45: Oct | C45: Domingo | D45: 5 | E45: 8356.42 | F45: 8037.51 | G45: 7559.21 | H45: 7226.6 | I45: 7326.94 | J45: 6700.64 | K45: 3162.92 | L45: 7626.89 | M45: 6560.55 | N45: 6907.37 | O45: 6052.3 | P45: 6326.8 | Q45: 6440.68 | R45: 6357.73 | S45: 7741.19 | T45: 8980.56 | U45: 10634.12 | V45: 5483.83 | W45: 8692.64 | X45: 8772.97 | Y45: 8434.2 | Z45: 7651.94 | AA45: 6946.45 | AB45: 6138.59
B46: Oct | C46: Festivo | D46: 1 | E46: 6681.16 | F46: 6828.65 | G46: 6293.86 | H46: 6254.46 | I46: 6493.23 | J46: 6582.68 | K46: 2369.47 | L46: 7587.36 | M46: 5597.07 | N46: 6182.52 | O46: 5610.74 | P46: 6715.44 | Q46: 6870.04 | R46: 7335.65 | S46: 8584.12 | T46: 8768.29 | U46: 10666.46 | V46: 6503.61 | W46: 10719.63 | X46: 10398.42 | Y46: 10102.72 | Z46: 9781.66 | AA46: 8716.16 | AB46: 7754.89
B47: Nov | C47: Ordinario | D47: 20 | E47: 6736.35 | F47: 6476.19 | G47: 6495.81 | H47: 6438.6 | I47: 7154.98 | J47: 8579.35 | K47: 6490.13 | L47: 10727.62 | M47: 8233.6 | N47: 7528.86 | O47: 7126.47 | P47: 7618.46 | Q47: 7311.31 | R47: 7478.81 | S47: 8742.76 | T47: 9747.93 | U47: 11982.73 | V47: 6325.46 | W47: 10068.71 | X47: 9821.55 | Y47: 8631.05 | Z47: 7791.57 | AA47: 7043.32 | AB47: 6341.45 | AC47: =+SUM(E47:AB47)*D47+SUM(E48:AB48)*D48+SUM(E49:AB49)*D49+SUM(E50:AB50)*D50 -> 5600704.9
B48: Nov | C48: Sábado | D48: 4 | E48: 7483.78 | F48: 6944.94 | G48: 6784.63 | H48: 6685.23 | I48: 7040.38 | J48: 6943.86 | K48: 5526.14 | L48: 10635.49 | M48: 8958.29 | N48: 8243.02 | O48: 7691.08 | P48: 7687.2 | Q48: 7068.86 | R48: 7561.36 | S48: 8548.57 | T48: 9801.7 | U48: 11833.11 | V48: 6294.46 | W48: 9367.07 | X48: 9596.82 | Y48: 8740.64 | Z48: 8216.46 | AA48: 7703.48 | AB48: 6913.52
B49: Nov | C49: Domingo | D49: 4 | E49: 7393.06 | F49: 6997.26 | G49: 6441.4 | H49: 6558.57 | I49: 6677.22 | J49: 6228.84 | K49: 3423.42 | L49: 7459.1 | M49: 6306.33 | N49: 5869.93 | O49: 5497.26 | P49: 6870.3 | Q49: 6789.44 | R49: 7130.33 | S49: 7978.42 | T49: 8861.9 | U49: 11901.9 | V49: 6344.29 | W49: 9059.69 | X49: 9082.78 | Y49: 8437.54 | Z49: 8048.16 | AA49: 7195.94 | AB49: 6322.38
B50: Nov | C50: Festivo | D50: 2 | E50: 7087.06 | F50: 6820.32 | G50: 6757.68 | H50: 6350.28 | I50: 6595.44 | J50: 6732.54 | K50: 3372.03 | L50: 7081.69 | M50: 5948.96 | N50: 5718.12 | O50: 5450.99 | P50: 5986.85 | Q50: 5868.75 | R50: 6407.33 | S50: 6905.15 | T50: 7612.05 | U50: 9861.46 | V50: 5789.28 | W50: 8952.04 | X50: 8646.15 | Y50: 7994.76 | Z50: 7163.05 | AA50: 6475.43 | AB50: 5553.25
B51: Dic | C51: Ordinario | D51: 19 | E51: 7343.18 | F51: 6902.01 | G51: 6788.94 | H51: 6745.91 | I51: 7166.03 | J51: 7984.01 | K51: 5747.96 | L51: 10409.73 | M51: 8363.76 | N51: 7611.53 | O51: 7238.88 | P51: 7849.69 | Q51: 7636.06 | R51: 7915.68 | S51: 8838.22 | T51: 10030.21 | U51: 12398.82 | V51: 6998.2 | W51: 10602.5 | X51: 9969.63 | Y51: 9393.42 | Z51: 8737.9 | AA51: 8122.56 | AB51: 7418.66 | AC51: =+SUM(E51:AB51)*D51+SUM(E52:AB52)*D52+SUM(E53:AB53)*D53+SUM(E54:AB54)*D54 -> 5690344.3
B52: Dic | C52: Sábado | D52: 5 | E52: 8158.16 | F52: 7493.84 | G52: 7128.59 | H52: 7014.07 | I52: 6927.36 | J52: 7043.3 | K52: 4088.52 | L52: 9494.44 | M52: 8251.26 | N52: 7730.96 | O52: 6984.35 | P52: 6796.78 | Q52: 7380.72 | R52: 7034.69 | S52: 6920.88 | T52: 7993.24 | U52: 10536.61 | V52: 5390.56 | W52: 8654.88 | X52: 8165.96 | Y52: 7504.82 | Z52: 6796.07 | AA52: 6797.2 | AB52: 6730.8
B53: Dic | C53: Domingo | D53: 5 | E53: 7753.73 | F53: 7299.3 | G53: 6802.59 | H53: 6731.6 | I53: 6284.94 | J53: 5758.21 | K53: 2097.61 | L53: 5504.92 | M53: 4354.78 | N53: 4010.99 | O53: 3700.14 | P53: 4052.68 | Q53: 4975.7 | R53: 5619.74 | S53: 6403.34 | T53: 7153.45 | U53: 9068.74 | V53: 4047.19 | W53: 7854.78 | X53: 8621.18 | Y53: 9072.46 | Z53: 8743.76 | AA53: 7197.37 | AB53: 5454.2
B54: Dic | C54: Festivo | D54: 2 | E54: 8202.74 | F54: 7967.55 | G54: 7461.37 | H54: 6869.82 | I54: 6546.63 | J54: 6038.92 | K54: 2281.6 | L54: 5988.61 | M54: 4315.01 | N54: 3529.11 | O54: 3308.86 | P54: 3679.48 | Q54: 4177.94 | R54: 4817.78 | S54: 5648.84 | T54: 6839.04 | U54: 9550.22 | V54: 4275.02 | W54: 8445.49 | X54: 8622.27 | Y54: 8533.86 | Z54: 8031.16 | AA54: 6896.6 | AB54: 6162.44
Z55: TOTAL AÑO kWh | AC55: =SUM(AC7:AC54) -> 68028434
AC57: =+AC55-'Oferta Producto 2'!C26 -> 0
E58: 1000

Sheet Cantidad Producto 3
B2: CANTIDADES DE ENERGÍA SOLICITADAS (kWh)
B3: CENTRAL HIDROELECTRICA DE CALDAS S.A. E.S.P. -BENEFICIO E INTERÉS COLECTIVO
B4: 2029
B6: Mes | C6: Tipo Día | D6: Días | E6: H1 | F6: H2 | G6: H3 | H6: H4 | I6: H5 | J6: H6 | K6: H7 | L6: H8 | M6: H9 | N6: H10 | O6: H11 | P6: H12 | Q6: H13 | R6: H14 | S6: H15 | T6: H16 | U6: H17 | V6: H18 | W6: H19 | X6: H20 | Y6: H21 | Z6: H22 | AA6: H23 | AB6: H24 | AC6: TOTAL MES
B7: Ene | C7: Ordinario | D7: 21 | E7: 5598.18 | F7: 5172.9 | G7: 4914.58 | H7: 4925.18 | I7: 5494.77 | J7: 7328.16 | K7: 7977.3 | L7: 13061.36 | M7: 11080.12 | N7: 10339.58 | O7: 10649.46 | P7: 11321.78 | Q7: 10894.94 | R7: 11075.02 | S7: 11798.31 | T7: 12629.96 | U7: 15212.58 | V7: 14223.66 | W7: 15928.36 | X7: 16378.35 | Y7: 15527.75 | Z7: 13755.37 | AA7: 11116.12 | AB7: 9296.52 | AC7: =+SUM(E7:AB7)*D7+SUM(E8:AB8)*D8+SUM(E9:AB9)*D9+SUM(E10:AB10)*D10 -> 7611173.4 | AE7: =+AC7 -> 7611173.4
B8: Ene | C8: Sábado | D8: 4 | E8: 6143.69 | F8: 5414.84 | G8: 5315.46 | H8: 5319.85 | I8: 5374.47 | J8: 5974.42 | K8: 6414.48 | L8: 12196.36 | M8: 10917.3 | N8: 10704.94 | O8: 10603.85 | P8: 10879.2 | Q8: 11423.46 | R8: 11320.13 | S8: 11920.72 | T8: 11278.88 | U8: 14400.62 | V8: 13194.93 | W8: 15145.73 | X8: 15237.18 | Y8: 14415.86 | Z8: 13270.16 | AA8: 11527.91 | AB8: 10028.74 | AE8: =+AC11 -> 7372921
B9: Ene | C9: Domingo | D9: 4 | E9: 6303.3 | F9: 5623.89 | G9: 5007.09 | H9: 4729.12 | I9: 4469.17 | J9: 4555.01 | K9: 4135.8 | L9: 9102.15 | M9: 7943.58 | N9: 7698.23 | O9: 7815.93 | P9: 8669.36 | Q9: 8854.32 | R9: 9326.71 | S9: 9401.34 | T9: 10307.34 | U9: 13043.83 | V9: 11881.72 | W9: 14436.88 | X9: 14815.6 | Y9: 14082.1 | Z9: 12183.99 | AA9: 10103.86 | AB9: 8212.74 | AE9: =+AC15 -> 7629884.1
B10: Ene | C10: Festivo | D10: 2 | E10: 5980.4 | F10: 5845.75 | G10: 5430.27 | H10: 5120.44 | I10: 4769.11 | J10: 4416.57 | K10: 3231.53 | L10: 7623.39 | M10: 6071.41 | N10: 6165.45 | O10: 6221.25 | P10: 6896.23 | Q10: 7849.24 | R10: 8935.92 | S10: 8653.87 | T10: 9763.26 | U10: 12668.89 | V10: 12118.14 | W10: 13791.68 | X10: 13879.25 | Y10: 13105.05 | Z10: 11542.36 | AA10: 10017.8 | AB10: 8383.7 | AE10: =+AC19 -> 7671929.7
B11: Feb | C11: Ordinario | D11: 20 | E11: 7454.75 | F11: 7020.65 | G11: 6883.6 | H11: 6827.34 | I11: 7399.57 | J11: 9427.24 | K11: 8335.59 | L11: 13013.86 | M11: 10915.1 | N11: 10293.31 | O11: 10366.93 | P11: 10976.31 | Q11: 10802.38 | R11: 11051.78 | S11: 11935.81 | T11: 12922.82 | U11: 14985.47 | V11: 12891.16 | W11: 15421.42 | X11: 16580.32 | Y11: 16020.2 | Z11: 14553.24 | AA11: 12600.37 | AB11: 10933.02 | AC11: =+SUM(E11:AB11)*D11+SUM(E12:AB12)*D12+SUM(E13:AB13)*D13+SUM(E14:AB14)*D14 -> 7372921 | AE11: =+AC23 -> 7564719.2
B12: Feb | C12: Sábado | D12: 4 | E12: 7745.22 | F12: 7187.52 | G12: 6805.49 | H12: 6737.7 | I12: 6919.12 | J12: 7359.19 | K12: 6116.46 | L12: 12032.02 | M12: 10775.4 | N12: 10275.65 | O12: 10398.92 | P12: 10888.91 | Q12: 11130.86 | R12: 10858.07 | S12: 11102.53 | T12: 11857.53 | U12: 14003.9 | V12: 12311.32 | W12: 14927.3 | X12: 16042.79 | Y12: 15342.49 | Z12: 14232.08 | AA12: 12805.39 | AB12: 11360.88 | AE12: =+AC27 -> 7481094.2
B13: Feb | C13: Domingo | D13: 4 | E13: 8173.8 | F13: 7475.84 | G13: 7098.35 | H13: 6856.84 | I13: 6587.7 | J13: 6563.26 | K13: 4832.84 | L13: 9727.77 | M13: 8651.59 | N13: 8618.54 | O13: 8566.54 | P13: 9045.23 | Q13: 9572.71 | R13: 9634.59 | S13: 9907.65 | T13: 10555.64 | U13: 12469.2 | V13: 11434.52 | W13: 13983.57 | X13: 15222.7 | Y13: 14908.51 | Z13: 13753.52 | AA13: 12069.37 | AB13: 10242.04 | AE13: =+AC31 -> 7609421.9
B14: Feb | C14: Festivo | D14: 0 | E14: 0 | F14: 0 | G14: 0 | H14: 0 | I14: 0 | J14: 0 | K14: 0 | L14: 0 | M14: 0 | N14: 0 | O14: 0 | P14: 0 | Q14: 0 | R14: 0 | S14: 0 | T14: 0 | U14: 0 | V14: 0 | W14: 0 | X14: 0 | Y14: 0 | Z14: 0 | AA14: 0 | AB14: 0 | AE14: =+AC35 -> 7737643
B15: Mar | C15: Ordinario | D15: 19 | E15: 7658.98 | F15: 7206.31 | G15: 7034.55 | H15: 6899.39 | I15: 7246.99 | J15: 8675.8 | K15: 7126.42 | L15: 11910.05 | M15: 9981.8 | N15: 9416.41 | O15: 9378.81 | P15: 9897.7 | Q15: 9867.56 | R15: 10199.17 | S15: 11116.55 | T15: 11997.47 | U15: 14108.69 | V15: 12429.98 | W15: 14867.31 | X15: 16092.36 | Y15: 15653.25 | Z15: 14381.84 | AA15: 12623.47 | AB15: 11315.55 | AC15: =+SUM(E15:AB15)*D15+SUM(E16:AB16)*D16+SUM(E17:AB17)*D17+SUM(E18:AB18)*D18 -> 7629884.1 | AE15: =+AC39 -> 7520959.6
B16: Mar | C16: Sábado | D16: 5 | E16: 7884.37 | F16: 7218.77 | G16: 6933.42 | H16: 6800.72 | I16: 6797.95 | J16: 7138.63 | K16: 5217.97 | L16: 10776.07 | M16: 9508.7 | N16: 9173.52 | O16: 8957.58 | P16: 9297.36 | Q16: 9395.63 | R16: 9546.72 | S16: 9964.13 | T16: 10708.94 | U16: 12781.09 | V16: 11554.9 | W16: 14361.77 | X16: 15090.32 | Y16: 14473.14 | Z16: 13717.3 | AA16: 12531.94 | AB16: 11349.99 | AE16: =+AC43 -> 7771992.7
B17: Mar | C17: Domingo | D17: 4 | E17: 8041.38 | F17: 7372.7 | G17: 7029.48 | H17: 6751.95 | I17: 6605.45 | J17: 6558.06 | K17: 4256.32 | L17: 9000.74 | M17: 7911.12 | N17: 7885.41 | O17: 7555.85 | P17: 7749.65 | Q17: 8039.71 | R17: 8579.1 | S17: 8927.75 | T17: 9799.86 | U17: 11863.56 | V17: 10553.34 | W17: 13201.36 | X17: 14702.17 | Y17: 14525.2 | Z17: 13648.06 | AA17: 12122.24 | AB17: 10591.14 | AE17: =+AC47 -> 7622142.1
B18: Mar | C18: Festivo | D18: 3 | E18: 7514.54 | F18: 6860.05 | G18: 6530.17 | H18: 6397.48 | I18: 6266.44 | J18: 6461.42 | K18: 4382.26 | L18: 9486.16 | M18: 8370.17 | N18: 7539.36 | O18: 6912.58 | P18: 7400.99 | Q18: 7955.2 | R18: 8211.51 | S18: 8297.28 | T18: 9060.97 | U18: 11246.54 | V18: 10064.8 | W18: 12969.4 | X18: 13629.49 | Y18: 13247.29 | Z18: 13123.63 | AA18: 12312.32 | AB18: 11177.03 | AE18: =+AC51 -> 7728670
B19: Abr | C19: Ordinario | D19: 21 | E19: 7475.1 | F19: 6972.72 | G19: 6785.14 | H19: 6747.88 | I19: 7354.09 | J19: 9460.66 | K19: 8294.98 | L19: 12634.4 | M19: 10009.16 | N19: 9251.56 | O19: 9238.82 | P19: 9084.19 | Q19: 9337.58 | R19: 9832.4 | S19: 10881.32 | T19: 11956.26 | U19: 14404.21 | V19: 12995.72 | W19: 15958.5 | X19: 16456.26 | Y19: 15888.31 | Z19: 14601.83 | AA19: 12525.2 | AB19: 10868.63 | AC19: =+SUM(E19:AB19)*D19+SUM(E20:AB20)*D20+SUM(E21:AB21)*D21+SUM(E22:AB22)*D22 -> 7671929.7
B20: Abr | C20: Sábado | D20: 4 | E20: 7988.65 | F20: 7507.96 | G20: 6965.41 | H20: 6933.42 | I20: 7169.98 | J20: 7659.43 | K20: 5840.87 | L20: 12220.83 | M20: 11189.74 | N20: 10634.82 | O20: 10298.74 | P20: 10394.5 | Q20: 10859.05 | R20: 10346.22 | S20: 10715.12 | T20: 11629.76 | U20: 13972.87 | V20: 11309.64 | W20: 15577.36 | X20: 16246.01 | Y20: 15554.56 | Z20: 14627.92 | AA20: 13101.38 | AB20: 12610.14
B21: Abr | C21: Domingo | D21: 5 | E21: 8401.14 | F21: 7836.4 | G21: 7450.55 | H21: 7164.02 | I21: 6892.94 | J21: 6841.18 | K21: 4810.78 | L21: 9650.14 | M21: 8425.31 | N21: 8070.34 | O21: 8037.89 | P21: 8548.18 | Q21: 9413.55 | R21: 9923.14 | S21: 9926.9 | T21: 10618.03 | U21: 12626.12 | V21: 11653.85 | W21: 14647.23 | X21: 15216.08 | Y21: 14968.7 | Z21: 13764.78 | AA21: 12140.22 | AB21: 10412.3
B22: Abr | C22: Festivo | D22: 0 | E22: 0 | F22: 0 | G22: 0 | H22: 0 | I22: 0 | J22: 0 | K22: 0 | L22: 0 | M22: 0 | N22: 0 | O22: 0 | P22: 0 | Q22: 0 | R22: 0 | S22: 0 | T22: 0 | U22: 0 | V22: 0 | W22: 0 | X22: 0 | Y22: 0 | Z22: 0 | AA22: 0 | AB22: 0
B23: May | C23: Ordinario | D23: 21 | E23: 6945.8 | F23: 6592.29 | G23: 6413.42 | H23: 6382.33 | I23: 6883.13 | J23: 8695.98 | K23: 7538.77 | L23: 12058.1 | M23: 9800.14 | N23: 9045.09 | O23: 9151.45 | P23: 9684.38 | Q23: 9450.75 | R23: 9731.04 | S23: 10552.78 | T23: 11541.46 | U23: 13725.56 | V23: 12208.29 | W23: 15187.34 | X23: 15597.51 | Y23: 14955.08 | Z23: 13829.43 | AA23: 12057.98 | AB23: 10423.24 | AC23: =+SUM(E23:AB23)*D23+SUM(E24:AB24)*D24+SUM(E25:AB25)*D25+SUM(E26:AB26)*D26 -> 7564719.2
B24: May | C24: Sábado | D24: 4 | E24: 7529.08 | F24: 7035.64 | G24: 6773.56 | H24: 6610.03 | I24: 6802.26 | J24: 7070.46 | K24: 5819.32 | L24: 11526.45 | M24: 10228.38 | N24: 9856.75 | O24: 9662.22 | P24: 10005.92 | Q24: 10005.68 | R24: 9806.6 | S24: 10154.46 | T24: 10927.09 | U24: 13184.12 | V24: 11780.11 | W24: 14812.94 | X24: 15288.32 | Y24: 14634.97 | Z24: 13741.5 | AA24: 12415.35 | AB24: 10773.5
B25: May | C25: Domingo | D25: 4 | E25: 7691.68 | F25: 7133.74 | G25: 6796.9 | H25: 6498.69 | I25: 6429.67 | J25: 6196.29 | K25: 4324.48 | L25: 9192.61 | M25: 8086.19 | N25: 8030.63 | O25: 8107.37 | P25: 8606.36 | Q25: 8675.87 | R25: 8578.04 | S25: 8645.68 | T25: 9490.46 | U25: 11827.67 | V25: 10597.19 | W25: 13734.1 | X25: 14447.04 | Y25: 14212.71 | Z25: 13301.02 | AA25: 11913.33 | AB25: 10189.38
B26: May | C26: Festivo | D26: 2 | E26: 7210.72 | F26: 6697.42 | G26: 6510.76 | H26: 6303.36 | I26: 6385.49 | J26: 6386.27 | K26: 4600.92 | L26: 9531.85 | M26: 8388.6 | N26: 8229.58 | O26: 8621.13 | P26: 9509.3 | Q26: 9985.55 | R26: 9928.34 | S26: 10027.2 | T26: 10735.39 | U26: 12829.8 | V26: 11647.77 | W26: 14921.99 | X26: 15625.88 | Y26: 14941.58 | Z26: 13842.76 | AA26: 12183.46 | AB26: 10271.81
B27: Jun | C27: Ordinario | D27: 19 | E27: 6920.17 | F27: 6469.07 | G27: 6322.79 | H27: 6294.99 | I27: 6738.24 | J27: 7972.55 | K27: 6988.5 | L27: 12119.8 | M27: 10256.06 | N27: 9708.2 | O27: 9800.81 | P27: 10553.04 | Q27: 10304.46 | R27: 10381.76 | S27: 11189.17 | T27: 11954.66 | U27: 14126.51 | V27: 12528.32 | W27: 15574.28 | X27: 16067.48 | Y27: 15335.57 | Z27: 14191.22 | AA27: 12325.99 | AB27: 10569.11 | AC27: =+SUM(E27:AB27)*D27+SUM(E28:AB28)*D28+SUM(E29:AB29)*D29+SUM(E30:AB30)*D30 -> 7481094.2
B28: Jun | C28: Sábado | D28: 5 | E28: 7678.7 | F28: 7071.54 | G28: 6890.66 | H28: 6690.98 | I28: 6923.43 | J28: 7207.86 | K28: 5989.39 | L28: 11854.01 | M28: 10503.61 | N28: 10116.86 | O28: 9901.15 | P28: 10409.64 | Q28: 10411.65 | R28: 10297.2 | S28: 10770.09 | T28: 11546.04 | U28: 13693.6 | V28: 12256.52 | W28: 15323.84 | X28: 16038.05 | Y28: 15339.41 | Z28: 14251.82 | AA28: 12876.28 | AB28: 11229.01
B29: Jun | C29: Domingo | D29: 4 | E29: 7821.53 | F29: 7432.99 | G29: 6963.84 | H29: 6791.39 | I29: 6698.37 | J29: 6460.6 | K29: 4335.87 | L29: 9402.16 | M29: 8287.96 | N29: 7964.24 | O29: 7879.71 | P29: 8459.6 | Q29: 8874.94 | R29: 8862.96 | S29: 9242.98 | T29: 10005.04 | U29: 12054.37 | V29: 10933.8 | W29: 13908.86 | X29: 14566.06 | Y29: 14142.94 | Z29: 13247.86 | AA29: 11975.92 | AB29: 10408.86
B30: Jun | C30: Festivo | D30: 2 | E30: 7627 | F30: 7128.76 | G30: 6766.96 | H30: 6549.83 | I30: 6678.24 | J30: 6557.38 | K30: 4535.38 | L30: 9178.58 | M30: 8136.64 | N30: 7475.25 | O30: 7982 | P30: 8872.18 | Q30: 9180.91 | R30: 8688.12 | S30: 9195.75 | T30: 9890.3 | U30: 11765.24 | V30: 11678.13 | W30: 15255.04 | X30: 15739.64 | Y30: 14974.94 | Z30: 13589.52 | AA30: 11811.05 | AB30: 10085.1
B31: Jul | C31: Ordinario | D31: 20 | E31: 7089.97 | F31: 6608.18 | G31: 6435.15 | H31: 6341.67 | I31: 6833.27 | J31: 8438.54 | K31: 7003.62 | L31: 11892.62 | M31: 9816.68 | N31: 9259.36 | O31: 9421.11 | P31: 10340.88 | Q31: 9902.24 | R31: 10073.84 | S31: 11083.27 | T31: 11883.56 | U31: 13886.44 | V31: 12373.05 | W31: 15392.86 | X31: 16233.25 | Y31: 15529.24 | Z31: 14289.9 | AA31: 12424.63 | AB31: 10440.68 | AC31: =+SUM(E31:AB31)*D31+SUM(E32:AB32)*D32+SUM(E33:AB33)*D33+SUM(E34:AB34)*D34 -> 7609421.9
B32: Jul | C32: Sábado | D32: 4 | E32: 6673.99 | F32: 6317.77 | G32: 5987.41 | H32: 6028.06 | I32: 6151.8 | J32: 6470.85 | K32: 5302.3 | L32: 11110.29 | M32: 9901.04 | N32: 9644.52 | O32: 9416.7 | P32: 9970.24 | Q32: 9816.21 | R32: 9790.47 | S32: 10081.22 | T32: 10841.97 | U32: 13118.2 | V32: 11852.12 | W32: 14801.87 | X32: 15734.08 | Y32: 15033.4 | Z32: 14108.91 | AA32: 12605.86 | AB32: 10888.28
B33: Jul | C33: Domingo | D33: 5 | E33: 7440.76 | F33: 7013.78 | G33: 6459.36 | H33: 6300.6 | I33: 6217.28 | J33: 6008.68 | K33: 3927.36 | L33: 8972.48 | M33: 7766.16 | N33: 7730.06 | O33: 7868.47 | P33: 8757.23 | Q33: 9019.01 | R33: 9114.68 | S33: 9396.64 | T33: 10160.47 | U33: 12353.63 | V33: 11280.41 | W33: 14274.03 | X33: 15168.97 | Y33: 14456.44 | Z33: 13468.52 | AA33: 12376.7 | AB33: 10777.07
B34: Jul | C34: Festivo | D34: 2 | E34: 7152.78 | F34: 6656.3 | G34: 6280.79 | H34: 6356.4 | I34: 6106.63 | J34: 6174.47 | K34: 4303.3 | L34: 9438.11 | M34: 8291.85 | N34: 7733.78 | O34: 8164.88 | P34: 8767.19 | Q34: 8975.27 | R34: 9051.58 | S34: 9546.75 | T34: 10368.54 | U34: 12200.7 | V34: 10971.61 | W34: 13979.77 | X34: 14911.24 | Y34: 14392.84 | Z34: 13239.03 | AA34: 12061.8 | AB34: 10578.16
B35: Ago | C35: Ordinario | D35: 21 | E35: 7102.7 | F35: 6734.98 | G35: 6524.19 | H35: 6491.03 | I35: 7105.72 | J35: 9067.62 | K35: 7691.65 | L35: 12299.2 | M35: 10190.72 | N35: 9480 | O35: 9629.4 | P35: 10247.84 | Q35: 9787.86 | R35: 10170.57 | S35: 11125.52 | T35: 11942.46 | U35: 14108.2 | V35: 12168.12 | W35: 15517.3 | X35: 16234.38 | Y35: 15592.33 | Z35: 14376.27 | AA35: 12183.23 | AB35: 10513.82 | AC35: =+SUM(E35:AB35)*D35+SUM(E36:AB36)*D36+SUM(E37:AB37)*D37+SUM(E38:AB38)*D38 -> 7737643
B36: Ago | C36: Sábado | D36: 4 | E36: 7869.04 | F36: 7305.91 | G36: 7043.08 | H36: 6940.84 | I36: 7134.4 | J36: 7484.92 | K36: 5923.7 | L36: 11767.1 | M36: 10416.12 | N36: 10171.01 | O36: 10051.07 | P36: 10657.87 | Q36: 10180.75 | R36: 10104.72 | S36: 10328.88 | T36: 11050.89 | U36: 13493.46 | V36: 11805.25 | W36: 15266.94 | X36: 15742.3 | Y36: 14938.59 | Z36: 13965.42 | AA36: 12102.3 | AB36: 10821.25
B37: Ago | C37: Domingo | D37: 4 | E37: 7319.92 | F37: 6953.84 | G37: 6660.71 | H37: 6443.21 | I37: 6287.39 | J37: 6319.88 | K37: 3763.56 | L37: 8657.1 | M37: 7587.6 | N37: 7277.37 | O37: 7483.28 | P37: 8151.63 | Q37: 8256.11 | R37: 8707.6 | S37: 8987.45 | T37: 9696.07 | U37: 12039.86 | V37: 10566.05 | W37: 13853.08 | X37: 14607.25 | Y37: 14304.43 | Z37: 13391.98 | AA37: 11268.89 | AB37: 9973.16
B38: Ago | C38: Festivo | D38: 2 | E38: 6970.63 | F38: 6685.73 | G38: 6302.57 | H38: 6276.14 | I38: 6340.39 | J38: 6447.78 | K38: 4435.84 | L38: 9674.18 | M38: 8335.58 | N38: 8467.93 | O38: 8885.86 | P38: 10013.65 | Q38: 9845.52 | R38: 9908.97 | S38: 10161.75 | T38: 10808.44 | U38: 12787.63 | V38: 11710.02 | W38: 14780.3 | X38: 15802.72 | Y38: 15135.06 | Z38: 13826.88 | AA38: 11786.13 | AB38: 10191.67
B39: Sep | C39: Ordinario | D39: 20 | E39: 7269.64 | F39: 6928.73 | G39: 6803.59 | H39: 6719.44 | I39: 7278.3 | J39: 9004.46 | K39: 7658.5 | L39: 12456.8 | M39: 10191.66 | N39: 9568.19 | O39: 9494.6 | P39: 10090.39 | Q39: 9898.3 | R39: 10307.71 | S39: 11319.86 | T39: 12334.37 | U39: 14452.7 | V39: 12414.49 | W39: 15815.55 | X39: 16017.49 | Y39: 15369.1 | Z39: 14016.28 | AA39: 12104.68 | AB39: 10471.5 | AC39: =+SUM(E39:AB39)*D39+SUM(E40:AB40)*D40+SUM(E41:AB41)*D41+SUM(E42:AB42)*D42 -> 7520959.6
B40: Sep | C40: Sábado | D40: 5 | E40: 8051.72 | F40: 7351.78 | G40: 7122.24 | H40: 6970.1 | I40: 7200.51 | J40: 7527.19 | K40: 6145.65 | L40: 11697.14 | M40: 10509.83 | N40: 10075.35 | O40: 9772.66 | P40: 10030.68 | Q40: 9932.08 | R40: 9895.19 | S40: 10299.87 | T40: 11207.02 | U40: 13732.69 | V40: 11799.78 | W40: 15003.52 | X40: 14924.1 | Y40: 14463.19 | Z40: 13151.34 | AA40: 11839.79 | AB40: 10605.25
B41: Sep | C41: Domingo | D41: 5 | E41: 7766.04 | F41: 7329.15 | G41: 7056.87 | H41: 6810.35 | I41: 6647.78 | J41: 6344.74 | K41: 4263.91 | L41: 9195.05 | M41: 8144.82 | N41: 7719.8 | O41: 7630.41 | P41: 7967.08 | Q41: 8230.12 | R41: 8368.94 | S41: 9020.34 | T41: 10036.93 | U41: 12291.68 | V41: 10981.04 | W41: 14429.95 | X41: 14569.46 | Y41: 14256.8 | Z41: 12802.64 | AA41: 11235.28 | AB41: 9838.76
B42: Sep | C42: Festivo | D42: 0 | E42: 0 | F42: 0 | G42: 0 | H42: 0 | I42: 0 | J42: 0 | K42: 0 | L42: 0 | M42: 0 | N42: 0 | O42: 0 | P42: 0 | Q42: 0 | R42: 0 | S42: 0 | T42: 0 | U42: 0 | V42: 0 | W42: 0 | X42: 0 | Y42: 0 | Z42: 0 | AA42: 0 | AB42: 0
B43: Oct | C43: Ordinario | D43: 22 | E43: 7875.58 | F43: 7431.8 | G43: 7197.85 | H43: 7243.11 | I43: 7928.5 | J43: 9469.11 | K43: 7077.8 | L43: 11858.62 | M43: 9317.21 | N43: 8773.71 | O43: 8411.36 | P43: 8698.14 | Q43: 8510.54 | R43: 8957.05 | S43: 10466.16 | T43: 11594.12 | U43: 14106.61 | V43: 12708.92 | W43: 16523.34 | X43: 16301.92 | Y43: 15173.62 | Z43: 14181.67 | AA43: 12247.63 | AB43: 10836.02 | AC43: =+SUM(E43:AB43)*D43+SUM(E44:AB44)*D44+SUM(E45:AB45)*D45+SUM(E46:AB46)*D46 -> 7771992.7
B44: Oct | C44: Sábado | D44: 4 | E44: 8741.16 | F44: 8146.45 | G44: 7797.82 | H44: 7787.31 | I44: 7993.02 | J44: 8009.79 | K44: 5230.86 | L44: 11599.76 | M44: 9628.37 | N44: 9519.92 | O44: 8744.72 | P44: 8971.11 | Q44: 8955.06 | R44: 8970.39 | S44: 10108.52 | T44: 11355.65 | U44: 13808.08 | V44: 11540.12 | W44: 16998.9 | X44: 16767.29 | Y44: 16336.76 | Z44: 15601.12 | AA44: 13866.62 | AB44: 12623.03
B45: Oct | C45: Domingo | D45: 4 | E45: 9146.28 | F45: 8770.06 | G45: 8248.24 | H45: 7887.83 | I45: 7941.2 | J45: 7302.01 | K45: 3795.68 | L45: 8946.76 | M45: 7990.89 | N45: 8407 | O45: 7560.4 | P45: 7900.07 | Q45: 8088.77 | R45: 8017.74 | S45: 9360.13 | T45: 10548.48 | U45: 12213.68 | V45: 11049.39 | W45: 14962.59 | X45: 15194.31 | Y45: 14547.74 | Z45: 13215 | AA45: 11702.1 | AB45: 10177.87
B46: Oct | C46: Festivo | D46: 1 | E46: 7460.11 | F46: 7529.56 | G46: 6974.63 | H46: 6917.86 | I46: 7151.54 | J46: 7190.24 | K46: 3019.84 | L46: 8913.34 | M46: 7060.24 | N46: 7729.88 | O46: 7266.82 | P46: 8502.35 | Q46: 8720.96 | R46: 9181.28 | S46: 10275.24 | T46: 10482.32 | U46: 12316.22 | V46: 12540.78 | W46: 17301.77 | X46: 16962.58 | Y46: 16292.67 | Z46: 15260.99 | AA46: 13349.36 | AB46: 11699.36
B47: Nov | C47: Ordinario | D47: 20 | E47: 7506.48 | F47: 7206.71 | G47: 7210.27 | H47: 7160.93 | I47: 7977.2 | J47: 9693.53 | K47: 7759.27 | L47: 12827.35 | M47: 10216.46 | N47: 9511.07 | O47: 9142.69 | P47: 9692.84 | Q47: 9379.99 | R47: 9547.03 | S47: 10888.61 | T47: 11924.34 | U47: 14193.92 | V47: 12777.89 | W47: 17141.12 | X47: 16864.93 | Y47: 15299.37 | Z47: 13836.89 | AA47: 12151.92 | AB47: 10652.58 | AC47: =+SUM(E47:AB47)*D47+SUM(E48:AB48)*D48+SUM(E49:AB49)*D49+SUM(E50:AB50)*D50 -> 7622142.1
B48: Nov | C48: Sábado | D48: 4 | E48: 8272.33 | F48: 7677.98 | G48: 7512.82 | H48: 7397.39 | I48: 7813.88 | J48: 7792.13 | K48: 6391.4 | L48: 12498.23 | M48: 10900.57 | N48: 10240.16 | O48: 9689.93 | P48: 9684.87 | Q48: 9134.16 | R48: 9575.94 | S48: 10500.28 | T48: 11743.08 | U48: 13771.15 | V48: 12323.74 | W48: 16138.99 | X48: 16288.44 | Y48: 15059.5 | Z48: 14035.94 | AA48: 12851.47 | AB48: 11385
B49: Nov | C49: Domingo | D49: 4 | E49: 8237.15 | F49: 7793.03 | G49: 7202.96 | H49: 7266.3 | I49: 7370.5 | J49: 6881.12 | K49: 4010.02 | L49: 8836.75 | M49: 7788.26 | N49: 7423.09 | O49: 7080.41 | P49: 8468.75 | Q49: 8481.06 | R49: 8891.68 | S49: 9685.39 | T49: 10574.71 | U49: 13532 | V49: 11932.21 | W49: 15358.27 | X49: 15406.62 | Y49: 14514.2 | Z49: 13592.13 | AA49: 12063.81 | AB49: 10483.53
B50: Nov | C50: Festivo | D50: 2 | E50: 7805.72 | F50: 7483.44 | G50: 7406.61 | H50: 7010.06 | I50: 7220.5 | J50: 7366.08 | K50: 3950.69 | L50: 8473.67 | M50: 7402.66 | N50: 7295.34 | O50: 7135.72 | P50: 7777.66 | Q50: 7784.37 | R50: 8320.8 | S50: 8769.12 | T50: 9459 | U50: 11610.14 | V50: 11613.76 | W50: 15506.44 | X50: 15253 | Y50: 14229.36 | Z50: 12677.25 | AA50: 11198.09 | AB50: 9581.03
B51: Dic | C51: Ordinario | D51: 20 | E51: 7813.18 | F51: 7335.88 | G51: 7209.73 | H51: 7163.03 | I51: 7620.88 | J51: 8497.09 | K51: 6302.26 | L51: 11973.9 | M51: 10055.46 | N51: 9362.04 | O51: 9051.47 | P51: 9855.18 | Q51: 9511.23 | R51: 9813.4 | S51: 10723.68 | T51: 11857.28 | U51: 14201.62 | V51: 13019.72 | W51: 17319.95 | X51: 16654.98 | Y51: 15630.37 | Z51: 14340.04 | AA51: 12894.41 | AB51: 11399.46 | AC51: =+SUM(E51:AB51)*D51+SUM(E52:AB52)*D52+SUM(E53:AB53)*D53+SUM(E54:AB54)*D54 -> 7728670
B52: Dic | C52: Sábado | D52: 4 | E52: 8653.52 | F52: 7976.42 | G52: 7666.79 | H52: 7589.12 | I52: 7716.49 | J52: 8167.69 | K52: 5697.87 | L52: 12027.34 | M52: 10653.15 | N52: 10124.79 | O52: 9553.77 | P52: 9576.74 | Q52: 9876.03 | R52: 9609.76 | S52: 9702.75 | T52: 10815.45 | U52: 13229.37 | V52: 11896.88 | W52: 15918.15 | X52: 15443.54 | Y52: 14397.63 | Z52: 13070.16 | AA52: 12187.08 | AB52: 11370.69
B53: Dic | C53: Domingo | D53: 5 | E53: 8522.7 | F53: 7964.42 | G53: 7487.19 | H53: 7412.57 | I53: 7100.1 | J53: 6848.25 | K53: 3612.08 | L53: 8110.1 | M53: 7117.1 | N53: 6823.78 | O53: 6569.46 | P53: 7002.08 | Q53: 7735.04 | R53: 8042.71 | S53: 8789.53 | T53: 9523.6 | U53: 11525.95 | V53: 10359.62 | W53: 14786.96 | X53: 15436.32 | Y53: 15481.24 | Z53: 14565.54 | AA53: 12450 | AB53: 10133.77
B54: Dic | C54: Festivo | D54: 2 | E54: 8914.56 | F54: 8622.21 | G54: 8059.72 | H54: 7393.72 | I54: 7007.96 | J54: 6382.33 | K54: 2646.12 | L54: 7076.59 | M54: 5676.91 | N54: 4996.46 | O54: 4857.05 | P54: 5320.45 | Q54: 5877.39 | R54: 6491.53 | S54: 7176.94 | T54: 8352.93 | U54: 10980.18 | V54: 9766.26 | W54: 14425.19 | X54: 14673.2 | Y54: 14336.39 | Z54: 13355.37 | AA54: 11482.52 | AB54: 10057.99
Z55: TOTAL AÑO kWh | AC55: =SUM(AC7:AC54) -> 91322551
G61: 1000

Sheet Cantidad Producto 4
B2: CANTIDADES DE ENERGÍA SOLICITADAS (kWh)
B3: CENTRAL HIDROELECTRICA DE CALDAS S.A. E.S.P. -BENEFICIO E INTERÉS COLECTIVO
B4: 2030
B6: Mes | C6: Tipo Día | D6: Días | E6: H1 | F6: H2 | G6: H3 | H6: H4 | I6: H5 | J6: H6 | K6: H7 | L6: H8 | M6: H9 | N6: H10 | O6: H11 | P6: H12 | Q6: H13 | R6: H14 | S6: H15 | T6: H16 | U6: H17 | V6: H18 | W6: H19 | X6: H20 | Y6: H21 | Z6: H22 | AA6: H23 | AB6: H24 | AC6: TOTAL MES
B7: Ene | C7: Ordinario | D7: 21 | E7: 17761.06 | F7: 16460.45 | G7: 15732.11 | H7: 15659.66 | I7: 7261.06 | J7: 9135.43 | K7: 9977.93 | L7: 14741.24 | M7: 13491.62 | N7: 13225.72 | O7: 13768.42 | P7: 14644.39 | Q7: 14292.51 | R7: 14326.02 | S7: 14883.01 | T7: 15459.08 | U7: 17324.79 | V7: 16622.96 | W7: 923.24 | X7: 957.52 | Y7: 910.96 | Z7: 16346.52 | AA7: 13542.2 | AB7: 26836 | AC7: =+SUM(E7:AB7)*D7+SUM(E8:AB8)*D8+SUM(E9:AB9)*D9+SUM(E10:AB10)*D10 -> 9409166.4 | AE7: =+AC7 -> 9409166.4
B8: Ene | C8: Sábado | D8: 4 | E8: 8116.14 | F8: 7278.79 | G8: 7046.78 | H8: 6984.78 | I8: 7085.95 | J8: 7732.01 | K8: 8275.81 | L8: 13734.85 | M8: 13265.89 | N8: 13431.84 | O8: 13584.02 | P8: 14070.7 | Q8: 14541.95 | R8: 14286.2 | S8: 14594.88 | T8: 13991.1 | U8: 16289.11 | V8: 15537.23 | W8: 17616.25 | X8: 18032.25 | Y8: 17103.98 | Z8: 15786.34 | AA8: 13865.5 | AB8: 12102.84 | AE8: =+AC11 -> 9079556.8
B9: Ene | C9: Domingo | D9: 4 | E9: 8337.37 | F9: 7522.38 | G9: 6896.15 | H9: 6586.86 | I9: 6342.54 | J9: 6435.2 | K9: 6119.49 | L9: 10680.36 | M9: 10327.54 | N9: 10545.89 | O9: 10888.31 | P9: 11776.13 | Q9: 12097.96 | R9: 12384.58 | S9: 12276.95 | T9: 12860.51 | U9: 14832.69 | V9: 14202.74 | W9: 16698.33 | X9: 17443.29 | Y9: 16721.84 | Z9: 14838.19 | AA9: 12541.64 | AB9: 10451.62 | AE9: =+AC15 -> 9418074
B10: Ene | C10: Festivo | D10: 2 | E10: 8300.81 | F10: 7947.76 | G10: 7432.92 | H10: 7037.17 | I10: 6678.85 | J10: 6398.84 | K10: 5335.26 | L10: 9280.35 | M10: 8455.02 | N10: 8917.97 | O10: 9262.14 | P10: 10119.92 | Q10: 11070.45 | R10: 11866.52 | S10: 11505.31 | T10: 12240.06 | U10: 14369.46 | V10: 14216.94 | W10: 16233.32 | X10: 16657.02 | Y10: 15840.2 | Z10: 14206.55 | AA10: 12379.25 | AB10: 10522.64 | AE10: =+AC19 -> 9434893.2
B11: Feb | C11: Ordinario | D11: 20 | E11: 19533.26 | F11: 18377.81 | G11: 17967.4 | H11: 17815.8 | I11: 8977.22 | J11: 11405.14 | K11: 10952.57 | L11: 15127.24 | M11: 13682.56 | N11: 13431.98 | O11: 13789.87 | P11: 14547.37 | Q11: 14312.41 | R11: 14445.52 | S11: 15211 | T11: 15977.02 | U11: 17456.48 | V11: 15851.64 | W11: 915.22 | X11: 983.54 | Y11: 946.97 | Z11: 17182.99 | AA11: 14797.27 | AB11: 27475.09 | AC11: =+SUM(E11:AB11)*D11+SUM(E12:AB12)*D12+SUM(E13:AB13)*D13+SUM(E14:AB14)*D14 -> 9079556.8 | AE11: =+AC23 -> 9337617.4
B12: Feb | C12: Sábado | D12: 4 | E12: 9517.76 | F12: 8854.01 | G12: 8401.9 | H12: 8310.06 | I12: 8540.82 | J12: 9126.51 | K12: 8483.83 | L12: 14090.91 | M12: 13595.67 | N12: 13495.54 | O12: 13870.76 | P12: 14475.26 | Q12: 14711.31 | R12: 14265.23 | S12: 14272.58 | T12: 14785.46 | U12: 16344.42 | V12: 15171.36 | W12: 17685.98 | X12: 18993.91 | Y12: 18140.18 | Z12: 16825.07 | AA12: 15094.13 | AB12: 13351.83 | AE12: =+AC27 -> 9246410.5
B13: Feb | C13: Domingo | D13: 4 | E13: 9967.63 | F13: 9146.23 | G13: 8700.73 | H13: 8418.46 | I13: 8151.86 | J13: 8171.88 | K13: 6903.89 | L13: 11459.36 | M13: 11197.25 | N13: 11564.24 | O13: 11773.01 | P13: 12413.89 | Q13: 12966.41 | R13: 12905.68 | S13: 12962.06 | T13: 13331.33 | U13: 14663.43 | V13: 14126.39 | W13: 16593.91 | X13: 18081.95 | Y13: 17660.31 | Z13: 16254.52 | AA13: 14196.67 | AB13: 12056.77 | AE13: =+AC31 -> 9352791.7
B14: Feb | C14: Festivo | D14: 0 | E14: 0 | F14: 0 | G14: 0 | H14: 0 | I14: 0 | J14: 0 | K14: 0 | L14: 0 | M14: 0 | N14: 0 | O14: 0 | P14: 0 | Q14: 0 | R14: 0 | S14: 0 | T14: 0 | U14: 0 | V14: 0 | W14: 0 | X14: 0 | Y14: 0 | Z14: 0 | AA14: 0 | AB14: 0 | AE14: =+AC35 -> 9545266
B15: Mar | C15: Ordinario | D15: 20 | E15: 19267.08 | F15: 18111.61 | G15: 17647.04 | H15: 17344.07 | I15: 8733.36 | J15: 10528.12 | K15: 9565.91 | L15: 13856.24 | M15: 12561 | N15: 12344.42 | O15: 12581.44 | P15: 13223.67 | Q15: 13119.61 | R15: 13347.29 | S15: 14136.18 | T15: 14791.09 | U15: 16345.6 | V15: 15173.53 | W15: 877.98 | X15: 946.22 | Y15: 916.69 | Z15: 16803.56 | AA15: 14681.97 | AB15: 27318.75 | AC15: =+SUM(E15:AB15)*D15+SUM(E16:AB16)*D16+SUM(E17:AB17)*D17+SUM(E18:AB18)*D18 -> 9418074 | AE15: =+AC39 -> 9276815.5
B16: Mar | C16: Sábado | D16: 5 | E16: 9503.47 | F16: 8713.05 | G16: 8368.48 | H16: 8209.48 | I16: 8256.75 | J16: 8722.86 | K16: 7345.1 | L16: 12609.37 | M16: 12083.76 | N16: 12124.3 | O16: 12164.58 | P16: 12633.32 | Q16: 12714.06 | R16: 12698.35 | S16: 12901.57 | T16: 13379.04 | U16: 14880.15 | V16: 14197.52 | W16: 16960 | X16: 17822.79 | Y16: 17068.8 | Z16: 16099.54 | AA16: 14625.37 | AB16: 13168.14 | AE16: =+AC43 -> 9574587.7
B17: Mar | C17: Domingo | D17: 5 | E17: 9688.37 | F17: 8883.63 | G17: 8468.54 | H17: 8145.99 | I17: 8004.38 | J17: 7995.04 | K17: 6098.22 | L17: 10506.54 | M17: 10193.78 | N17: 10587.23 | O17: 10523.11 | P17: 10836.25 | Q17: 11170.97 | R17: 11596.32 | S17: 11726.54 | T17: 12326.57 | U17: 13812.82 | V17: 13021.26 | W17: 15644.42 | X17: 17319.8 | Y17: 17034.26 | Z17: 15934.37 | AA17: 14085.87 | AB17: 12273.33 | AE17: =+AC47 -> 9400577.5
B18: Mar | C18: Festivo | D18: 1 | E18: 9100.5 | F18: 8319.86 | G18: 7932.77 | H18: 7760.9 | I18: 7658.44 | J18: 7906.73 | K18: 6233.83 | L18: 11012.61 | M18: 10635.68 | N18: 10228.96 | O18: 9914.91 | P18: 10555.46 | Q18: 11143.4 | R18: 11255.51 | S18: 11104.53 | T18: 11604.81 | U18: 13202.26 | V18: 12515.25 | W18: 15389.24 | X18: 16290.62 | Y18: 15760.58 | Z18: 15344.12 | AA18: 14269.81 | AB18: 12847.33 | AE18: =+AC51 -> 9542555.6
B19: Abr | C19: Ordinario | D19: 20 | E19: 19674.02 | F19: 18354.58 | G19: 17839.75 | H19: 17734.16 | I19: 8931.51 | J19: 11376.91 | K19: 10802.56 | L19: 14710.95 | M19: 12718.41 | N19: 12318.61 | O19: 12589.12 | P19: 12565.3 | Q19: 12754.78 | R19: 13149.61 | S19: 14060.97 | T19: 14910.26 | U19: 16787.58 | V19: 15876.52 | W19: 942.2 | X19: 973.17 | Y19: 937.28 | Z19: 17185.56 | AA19: 14722.6 | AB19: 27441.38 | AC19: =+SUM(E19:AB19)*D19+SUM(E20:AB20)*D20+SUM(E21:AB21)*D21+SUM(E22:AB22)*D22 -> 9434893.2
B20: Abr | C20: Sábado | D20: 4 | E20: 9689.26 | F20: 9086.28 | G20: 8478.89 | H20: 8416.63 | I20: 8698.27 | J20: 9309.97 | K20: 8010.75 | L20: 14147.65 | M20: 13879.56 | N20: 13731.76 | O20: 13659.74 | P20: 13892.43 | Q20: 14351.08 | R20: 13667.43 | S20: 13813.77 | T20: 14460.61 | U20: 16220.41 | V20: 14067.67 | W20: 18335.83 | X20: 19113 | Y20: 18276.38 | Z20: 17147.65 | AA20: 15322.51 | AB20: 14535.65
B21: Abr | C21: Domingo | D21: 4 | E21: 10154.75 | F21: 9449.72 | G21: 8982.44 | H21: 8646.61 | I21: 8375.82 | J21: 8360.29 | K21: 6738.75 | L21: 11288.38 | M21: 10848.35 | N21: 10922.38 | O21: 11154.7 | P21: 11769.11 | Q21: 12667.05 | R21: 13072.71 | S21: 12849.4 | T21: 13252.27 | U21: 14691.83 | V21: 14242.78 | W21: 17250.58 | X21: 17978.25 | Y21: 17614.61 | Z21: 16172.38 | AA21: 14218.77 | AB21: 12173.82
B22: Abr | C22: Festivo | D22: 2 | E22: 10323.35 | F22: 9652.78 | G22: 9173.15 | H22: 8739.75 | I22: 8460.78 | J22: 8363.66 | K22: 6697.27 | L22: 11265.97 | M22: 10892.25 | N22: 11132.94 | O22: 11586.23 | P22: 12079.37 | Q22: 12771.51 | R22: 13212.34 | S22: 13062.66 | T22: 13459.77 | U22: 14943.16 | V22: 14470.88 | W22: 17807.35 | X22: 18659.48 | Y22: 18366.03 | Z22: 16505.36 | AA22: 14073.03 | AB22: 11791.79
B23: May | C23: Ordinario | D23: 22 | E23: 18351.18 | F23: 17358.19 | G23: 16865.56 | H23: 16775.67 | I23: 8378.6 | J23: 10529.75 | K23: 9969.57 | L23: 14021.86 | M23: 12401.13 | N23: 11999.67 | O23: 12389.73 | P23: 13068.34 | Q23: 12777.76 | R23: 12932.62 | S23: 13610.15 | T23: 14353.14 | U23: 15964.84 | V23: 14975.74 | W23: 897.03 | X23: 923.79 | Y23: 884.11 | Z23: 16296.94 | AA23: 14143.85 | AB23: 26319.97 | AC23: =+SUM(E23:AB23)*D23+SUM(E24:AB24)*D24+SUM(E25:AB25)*D25+SUM(E26:AB26)*D26 -> 9337617.4
B24: May | C24: Sábado | D24: 4 | E24: 9159.83 | F24: 8544.31 | G24: 8213.48 | H24: 8023.52 | I24: 8260.5 | J24: 8644.24 | K24: 7944.72 | L24: 13377.21 | M24: 12822.37 | N24: 12833.76 | O24: 12913.25 | P24: 13374.05 | Q24: 13356.77 | R24: 13004.34 | S24: 13124.84 | T24: 13632.81 | U24: 15316.27 | V24: 14454.51 | W24: 17468.2 | X24: 18025.59 | Y24: 17243.48 | Z24: 16148.92 | AA24: 14539.47 | AB24: 12623.45
B25: May | C25: Domingo | D25: 4 | E25: 9355.59 | F25: 8665.67 | G25: 8247.94 | H25: 7905.44 | I25: 7835.7 | J25: 7615.68 | K25: 6178.53 | L25: 10728.59 | M25: 10390.52 | N25: 10752.59 | O25: 11097.77 | P25: 11704.59 | Q25: 11781.86 | R25: 11569.44 | S25: 11427.2 | T25: 11999.86 | U25: 13751.64 | V25: 13057.99 | W25: 16173.46 | X25: 17026.96 | Y25: 16703.26 | Z25: 15583.59 | AA25: 13896.34 | AB25: 11881.48
B26: May | C26: Festivo | D26: 1 | E26: 8759.11 | F26: 8130.71 | G26: 7877.51 | H26: 7638.95 | I26: 7748.17 | J26: 7782.41 | K26: 6432.89 | L26: 11038.9 | M26: 10640.95 | N26: 10909.59 | O26: 11606.72 | P26: 12648.95 | Q26: 13157.19 | R26: 12972.04 | S26: 12852.6 | T26: 13287.39 | U26: 14809.11 | V26: 14161.8 | W26: 17456.73 | X26: 18315.53 | Y26: 17505.05 | Z26: 16144.51 | AA26: 14129.33 | AB26: 11922.77
B27: Jun | C27: Ordinario | D27: 18 | E27: 18804.87 | F27: 17572.03 | G27: 17119 | H27: 17035.18 | I27: 8330.04 | J27: 9824.94 | K27: 9444.73 | L27: 14197.77 | M27: 12990.24 | N27: 12812.33 | O27: 13210.53 | P27: 14131.59 | Q27: 13817.39 | R27: 13776.14 | S27: 14436.26 | T27: 14962.24 | U27: 16555.67 | V27: 15459.89 | W27: 922.86 | X27: 956.2 | Y27: 912.18 | Z27: 16839.76 | AA27: 14580.68 | AB27: 27252.55 | AC27: =+SUM(E27:AB27)*D27+SUM(E28:AB28)*D28+SUM(E29:AB29)*D29+SUM(E30:AB30)*D30 -> 9246410.5
B28: Jun | C28: Sábado | D28: 5 | E28: 9418.45 | F28: 8687.89 | G28: 8426.1 | H28: 8195.39 | I28: 8480.79 | J28: 8866.96 | K28: 8211.99 | L28: 13814.97 | M28: 13225.99 | N28: 13221.06 | O28: 13284.9 | P28: 13926.23 | Q28: 13916.38 | R28: 13654.38 | S28: 13908.05 | T28: 14420.43 | U28: 15976.86 | V28: 15068.13 | W28: 18086.08 | X28: 18961.81 | Y28: 18125.24 | Z28: 16818.62 | AA28: 15148.98 | AB28: 13200.47
B29: Jun | C29: Domingo | D29: 5 | E29: 9607.41 | F29: 9078.68 | G29: 8519.5 | H29: 8295.94 | I29: 8202.84 | J29: 7974.4 | K29: 6296.51 | L29: 11052.03 | M29: 10722.62 | N29: 10818.08 | O29: 10995.57 | P29: 11700.69 | Q29: 12146.26 | R29: 12006.93 | S29: 12147.68 | T29: 12637.94 | U29: 14107.84 | V29: 13504.4 | W29: 16455.25 | X29: 17308.64 | Y29: 16803.33 | Z29: 15691.58 | AA29: 14105.25 | AB29: 12244.89
B30: Jun | C30: Festivo | D30: 2 | E30: 9360.17 | F30: 8726.66 | G30: 8297.27 | H30: 8035.51 | I30: 8181.05 | J30: 8092.06 | K30: 6494.2 | L30: 10832.75 | M30: 10537.4 | N30: 10328.96 | O30: 11149.53 | P30: 12213.38 | Q30: 12556.72 | R30: 11922.11 | S30: 12186.71 | T30: 12590.87 | U30: 13902.76 | V30: 14349.2 | W30: 17899.64 | X30: 18635.62 | Y30: 17749.54 | Z30: 16109.06 | AA30: 13966.1 | AB30: 11906.3
B31: Jul | C31: Ordinario | D31: 22 | E31: 18817.12 | F31: 17526.52 | G31: 17037.83 | H31: 16798.86 | I31: 8277.9 | J31: 10172.55 | K31: 9305.92 | L31: 13752.56 | M31: 12312.57 | N31: 12110.86 | O31: 12558.2 | P31: 13620.37 | Q31: 13122.81 | R31: 13186.39 | S31: 14064.71 | T31: 14633.7 | U31: 16061.8 | V31: 15044.82 | W31: 898.61 | X31: 950.51 | Y31: 908.78 | Z31: 16713.17 | AA31: 14475.14 | AB31: 26542.76 | AC31: =+SUM(E31:AB31)*D31+SUM(E32:AB32)*D32+SUM(E33:AB33)*D33+SUM(E34:AB34)*D34 -> 9352791.7
B32: Jul | C32: Sábado | D32: 3 | E32: 8253.34 | F32: 7771.95 | G32: 7379.3 | H32: 7395.74 | I32: 7555.64 | J32: 7982.16 | K32: 7336.1 | L32: 12860.64 | M32: 12401.23 | N32: 12523.57 | O32: 12559.71 | P32: 13221.41 | Q32: 13064.13 | R32: 12886.52 | S32: 12975.6 | T32: 13464.5 | U32: 15154.16 | V32: 14410.55 | W32: 17286.09 | X32: 18385.94 | Y32: 17568.44 | Z32: 16446.89 | AA32: 14664.62 | AB32: 12695.07
B33: Jul | C33: Domingo | D33: 4 | E33: 9083.25 | F33: 8525.36 | G33: 7883.36 | H33: 7682.89 | I33: 7598.16 | J33: 7423.25 | K33: 5752.29 | L33: 10469.29 | M33: 10026.83 | N33: 10393.28 | O33: 10790.72 | P33: 11787.4 | Q33: 12071.97 | R33: 12064.87 | S33: 12123.61 | T33: 12625.91 | U33: 14229.71 | V33: 13652.73 | W33: 16583.4 | X33: 17693.83 | Y33: 16912.82 | Z33: 15744.95 | AA33: 14331.04 | AB33: 12454
B34: Jul | C34: Festivo | D34: 2 | E34: 8724.13 | F34: 8100.57 | G34: 7665.95 | H34: 7712.78 | I34: 7481.65 | J34: 7606.79 | K34: 6168.23 | L34: 11004.73 | M34: 10576.41 | N34: 10448.1 | O34: 11149.9 | P34: 11894.01 | Q34: 12137.68 | R34: 12091.46 | S34: 12370.39 | T34: 12915.75 | U34: 14150.6 | V34: 13439.58 | W34: 16401.03 | X34: 17539.55 | Y34: 16926.06 | Z34: 15560.62 | AA34: 14038.57 | AB34: 12277.48
B35: Ago | C35: Ordinario | D35: 20 | E35: 18964.37 | F35: 17938.16 | G35: 17362.5 | H35: 17260.78 | I35: 8638.72 | J35: 10962.87 | K35: 10194.04 | L35: 14339.47 | M35: 12875.94 | N35: 12518.86 | O35: 12965.77 | P35: 13733.42 | Q35: 13188.61 | R35: 13454.91 | S35: 14277.61 | T35: 14843.83 | U35: 16439.18 | V35: 15014.85 | W35: 918.01 | X35: 962.24 | Y35: 921.67 | Z35: 16926.15 | AA35: 14317.49 | AB35: 26827.19 | AC35: =+SUM(E35:AB35)*D35+SUM(E36:AB36)*D36+SUM(E37:AB37)*D37+SUM(E38:AB38)*D38 -> 9545266
B36: Ago | C36: Sábado | D36: 5 | E36: 9520.64 | F36: 8834.45 | G36: 8509.14 | H36: 8381.34 | I36: 8621.39 | J36: 9085.08 | K36: 8059.08 | L36: 13657.85 | M36: 13093.61 | N36: 13248.22 | O36: 13392.28 | P36: 14123.99 | Q36: 13637.52 | R36: 13402.05 | S36: 13402.46 | T36: 13850.08 | U36: 15715.72 | V36: 14549.12 | W36: 17992.55 | X36: 18605.05 | Y36: 17655.32 | Z36: 16451.9 | AA36: 14286.66 | AB36: 12711.72
B37: Ago | C37: Domingo | D37: 4 | E37: 9015.27 | F37: 8516.21 | G37: 8149.14 | H37: 7886.25 | I37: 7746.3 | J37: 7799.63 | K37: 5626.72 | L37: 10219.37 | M37: 9954.7 | N37: 10089.77 | O37: 10572.94 | P37: 11379.31 | Q37: 11525.46 | R37: 11832.35 | S37: 11886.81 | T37: 12308.95 | U37: 14055.13 | V37: 13119.66 | W37: 16414.82 | X37: 17352.77 | Y37: 16932.31 | Z37: 15770.29 | AA37: 13312.23 | AB37: 11718.5
B38: Ago | C38: Festivo | D38: 2 | E38: 8621.79 | F38: 8217.71 | G38: 7747.01 | H38: 7689.33 | I38: 7770.08 | J38: 7918.12 | K38: 6314.39 | L38: 11250.34 | M38: 10731.56 | N38: 11315.98 | O38: 12023.29 | P38: 13323.9 | Q38: 13180.91 | R38: 13108.95 | S38: 13117.7 | T38: 13491.9 | U38: 14868.92 | V38: 14302.73 | W38: 17334.71 | X38: 18610.91 | Y38: 17826.86 | Z38: 16263.55 | AA38: 13859.66 | AB38: 11938.46
B39: Sep | C39: Ordinario | D39: 21 | E39: 19090.53 | F39: 18125.94 | G39: 17748.95 | H39: 17541.77 | I39: 8787.83 | J39: 10858.39 | K39: 10139.61 | L39: 14497.1 | M39: 12890.07 | N39: 12606.45 | O39: 12795.49 | P39: 13549.77 | Q39: 13261.91 | R39: 13567.72 | S39: 14439.92 | T39: 15219.61 | U39: 16771.3 | V39: 15298.79 | W39: 937.53 | X39: 949.62 | Y39: 908.41 | Z39: 16535.59 | AA39: 14225.64 | AB39: 26444.5 | AC39: =+SUM(E39:AB39)*D39+SUM(E40:AB40)*D40+SUM(E41:AB41)*D41+SUM(E42:AB42)*D42 -> 9276815.5
B40: Sep | C40: Sábado | D40: 4 | E40: 9688.23 | F40: 8866.92 | G40: 8574.19 | H40: 8396.28 | I40: 8682.59 | J40: 9134.91 | K40: 8308.75 | L40: 13627.74 | M40: 13210.03 | N40: 13161.23 | O40: 13118.02 | P40: 13512.41 | Q40: 13389.24 | R40: 13183.19 | S40: 13361.19 | T40: 14001.26 | U40: 15929.24 | V40: 14577.91 | W40: 17810.54 | X40: 17747.92 | Y40: 17117.53 | Z40: 15591.92 | AA40: 13991.25 | AB40: 12470.18
B41: Sep | C41: Domingo | D41: 5 | E41: 9449.81 | F41: 8884.83 | G41: 8532.18 | H41: 8241.62 | I41: 8080.06 | J41: 7799.84 | K41: 6136.76 | L41: 10761.48 | M41: 10520.53 | N41: 10517.25 | O41: 10701.45 | P41: 11171.63 | Q41: 11452.71 | R41: 11455.59 | S41: 11877.58 | T41: 12606.38 | U41: 14279.68 | V41: 13524.92 | W41: 17050.29 | X41: 17295.02 | Y41: 16877.04 | Z41: 15164.29 | AA41: 13258.69 | AB41: 11553.09
B42: Sep | C42: Festivo | D42: 0 | E42: 0 | F42: 0 | G42: 0 | H42: 0 | I42: 0 | J42: 0 | K42: 0 | L42: 0 | M42: 0 | N42: 0 | O42: 0 | P42: 0 | Q42: 0 | R42: 0 | S42: 0 | T42: 0 | U42: 0 | V42: 0 | W42: 0 | X42: 0 | Y42: 0 | Z42: 0 | AA42: 0 | AB42: 0
B43: Oct | C43: Ordinario | D43: 22 | E43: 19391.18 | F43: 18260.59 | G43: 17723.84 | H43: 17773.66 | I43: 9034.58 | J43: 10941.94 | K43: 9833.42 | L43: 14255.67 | M43: 12439.89 | N43: 12224.58 | O43: 12255.63 | P43: 12791.84 | Q43: 12533.57 | R43: 12779.12 | S43: 13937.68 | T43: 14760.06 | U43: 16626.6 | V43: 15781.01 | W43: 964.35 | X43: 953.22 | Y43: 891.27 | Z43: 16445.57 | AA43: 14105.6 | AB43: 26446.57 | AC43: =+SUM(E43:AB43)*D43+SUM(E44:AB44)*D44+SUM(E45:AB45)*D45+SUM(E46:AB46)*D46 -> 9574587.7
B44: Oct | C44: Sábado | D44: 4 | E44: 9838.67 | F44: 9155.36 | G44: 8761.22 | H44: 8698.11 | I44: 8973.09 | J44: 9248.5 | K44: 7705.04 | L44: 13686.46 | M44: 12637.18 | N44: 12859.83 | O44: 12547.89 | P44: 12968.63 | Q44: 12952.34 | R44: 12756.49 | S44: 13394.79 | T44: 14188.42 | U44: 15990.81 | V44: 14628.14 | W44: 19295.17 | X44: 19064.13 | Y44: 18368.81 | Z44: 17297.33 | AA44: 15325.61 | AB44: 13750.64
B45: Oct | C45: Domingo | D45: 4 | E45: 10245.05 | F45: 9701.84 | G45: 9139.08 | H45: 8765.58 | I45: 8777.63 | J45: 8314 | K45: 5969.1 | L45: 10781.24 | M45: 10578.04 | N45: 11279.21 | O45: 10868.12 | P45: 11360.12 | Q45: 11606.05 | R45: 11438.7 | S45: 12251.78 | T45: 13022.23 | U45: 14231.3 | V45: 13709.35 | W45: 17339.6 | X45: 17635.11 | Y45: 16863.89 | Z45: 15331.16 | AA45: 13438.48 | AB45: 11603.67
B46: Oct | C46: Festivo | D46: 1 | E46: 8930.34 | F46: 8710.37 | G46: 8157.28 | H46: 8029.19 | I46: 8245.64 | J46: 8295.05 | K46: 5438.72 | L46: 10765.81 | M46: 9846 | N46: 10752.38 | O46: 10816.58 | P46: 12124.39 | Q46: 12426.18 | R46: 12574.33 | S46: 13074.39 | T46: 13174.82 | U46: 14511.52 | V46: 15160.79 | W46: 19366.34 | X46: 19126.57 | Y46: 18270.71 | Z46: 16831.94 | AA46: 14589.31 | AB46: 12665.36
B47: Nov | C47: Ordinario | D47: 19 | E47: 19360.27 | F47: 18422.77 | G47: 18211.52 | H47: 18094.09 | I47: 9149.18 | J47: 11166.51 | K47: 10429.04 | L47: 15107.16 | M47: 13235.5 | N47: 12917.22 | O47: 12924.38 | P47: 13632.75 | Q47: 13288.57 | R47: 13317.32 | S47: 14379.51 | T47: 15108.86 | U47: 16827.45 | V47: 15967.01 | W47: 992.98 | X47: 981.06 | Y47: 904.28 | Z47: 16369.34 | AA47: 14183.32 | AB47: 26773.74 | AC47: =+SUM(E47:AB47)*D47+SUM(E48:AB48)*D48+SUM(E49:AB49)*D49+SUM(E50:AB50)*D50 -> 9400577.5
B48: Nov | C48: Sábado | D48: 5 | E48: 9567.86 | F48: 8871.03 | G48: 8638.51 | H48: 8476.87 | I48: 8932.74 | J48: 9184.16 | K48: 8604.86 | L48: 14466.39 | M48: 13697.57 | N48: 13512.05 | O48: 13308.97 | P48: 13472.25 | Q48: 13116.76 | R48: 13232.35 | S48: 13744.61 | T48: 14568.69 | U48: 16039.16 | V48: 15210.61 | W48: 18797.94 | X48: 18835.82 | Y48: 17570.54 | Z48: 16303.68 | AA48: 14744.94 | AB48: 12966.67
B49: Nov | C49: Domingo | D49: 4 | E49: 9641.14 | F49: 9053.24 | G49: 8449.61 | H49: 8370.37 | I49: 8440.83 | J49: 8075.66 | K49: 6128.57 | L49: 10796.53 | M49: 10526.95 | N49: 10647.29 | O49: 10622.69 | P49: 11892.22 | Q49: 12040.73 | R49: 12289.6 | S49: 12686.98 | T49: 13237.21 | U49: 15314.76 | V49: 14480.3 | W49: 17756.66 | X49: 17829.43 | Y49: 16922.48 | Z49: 15708.95 | AA49: 13877.45 | AB49: 11981.84
B50: Nov | C50: Festivo | D50: 2 | E50: 9110.07 | F50: 8608.24 | G50: 8430.02 | H50: 8090.31 | I50: 8281.61 | J50: 8431.54 | K50: 6084.67 | L50: 10572.18 | M50: 10182.92 | N50: 10568.96 | O50: 10853.58 | P50: 11679.94 | Q50: 11839.83 | R50: 12087.96 | S50: 12210.67 | T50: 12593.96 | U50: 14115.45 | V50: 14460.15 | W50: 18120.32 | X50: 17983.42 | Y50: 16866.98 | Z50: 15031.93 | AA50: 13122.16 | AB50: 11189.96
B51: Dic | C51: Ordinario | D51: 21 | E51: 19837.5 | F51: 18517.98 | G51: 18055.44 | H51: 17902.68 | I51: 8860.15 | J51: 9920.21 | K51: 8828.95 | L51: 14145.54 | M51: 12940.55 | N51: 12711.65 | O51: 12804.41 | P51: 13620.14 | Q51: 13382.63 | R51: 13479.21 | S51: 14185.45 | T51: 14980.84 | U51: 16676.86 | V51: 15928.19 | W51: 989.26 | X51: 971.86 | Y51: 919.74 | Z51: 16914.91 | AA51: 14998.07 | AB51: 28092.59 | AC51: =+SUM(E51:AB51)*D51+SUM(E52:AB52)*D52+SUM(E53:AB53)*D53+SUM(E54:AB54)*D54 -> 9542555.6
B52: Dic | C52: Sábado | D52: 4 | E52: 10027.02 | F52: 9187.59 | G52: 8784.22 | H52: 8639.81 | I52: 8757.65 | J52: 9224.24 | K52: 7615.73 | L52: 13492.46 | M52: 12945.98 | N52: 12883.7 | O52: 12644.74 | P52: 12810.19 | Q52: 13127.93 | R52: 12745.2 | S52: 12620.98 | T52: 13357.97 | U52: 15169.32 | V52: 14500.41 | W52: 18186.45 | X52: 17851.8 | Y52: 16811.75 | Z52: 15417.94 | AA52: 14230.5 | AB52: 12994.18
B53: Dic | C53: Domingo | D53: 4 | E53: 9897.75 | F53: 9180.15 | G53: 8623.91 | H53: 8439.37 | I53: 8141.63 | J53: 7877.07 | K53: 5517.87 | L53: 9761.57 | M53: 9511.64 | N53: 9693.13 | O53: 9745.67 | P53: 10247.99 | Q53: 10942.74 | R53: 11208.56 | S53: 11633.92 | T53: 12082.46 | U53: 13449.11 | V53: 12924.79 | W53: 17032.31 | X53: 17649.08 | Y53: 17437.5 | Z53: 16318.36 | AA53: 14097.17 | AB53: 11710.94
B54: Dic | C54: Festivo | D54: 2 | E54: 10303.48 | F54: 9847.53 | G54: 9237.77 | H54: 8607.1 | I54: 8236.52 | J54: 7780.03 | K54: 4958.73 | L54: 9136.58 | M54: 8363.16 | N54: 8219.35 | O54: 8394.5 | P54: 9067.6 | Q54: 9713.21 | R54: 10175.3 | S54: 10556.66 | T54: 11310.98 | U54: 13276.04 | V54: 12596.99 | W54: 16798.43 | X54: 17046.07 | Y54: 16506.03 | Z54: 15327.62 | AA54: 13353.24 | AB54: 11679.49
Z55: TOTAL AÑO kWh | AC55: =SUM(AC7:AC54) -> 1.1261831e+08

Sheet Cantidad Producto 5
B2: CANTIDADES DE ENERGÍA SOLICITADAS (kWh)
B3: CENTRAL HIDROELECTRICA DE CALDAS S.A. E.S.P. -BENEFICIO E INTERÉS COLECTIVO
B4: 2031
B6: Mes | C6: Tipo Día | D6: Días | E6: H1 | F6: H2 | G6: H3 | H6: H4 | I6: H5 | J6: H6 | K6: H7 | L6: H8 | M6: H9 | N6: H10 | O6: H11 | P6: H12 | Q6: H13 | R6: H14 | S6: H15 | T6: H16 | U6: H17 | V6: H18 | W6: H19 | X6: H20 | Y6: H21 | Z6: H22 | AA6: H23 | AB6: H24 | AC6: TOTAL MES
B7: Ene | C7: Ordinario | D7: 21 | E7: 17911.77 | F7: 16633.1 | G7: 15967.02 | H7: 15811.82 | I7: 16951.18 | J7: 20634.58 | K7: 22123.86 | L7: 31683.09 | M7: 30431.26 | N7: 30651.86 | O7: 32018.47 | P7: 34051.83 | Q7: 33636.79 | R7: 33490.72 | S7: 34371.15 | T7: 35110.8 | U7: 37412.8 | V7: 36615.7 | W7: 40558.78 | X7: 42422.72 | Y7: 40550.18 | Z7: 36815.5 | AA7: 31109.86 | AB7: 26577.28 | AC7: =+SUM(E7:AB7)*D7+SUM(E8:AB8)*D8+SUM(E9:AB9)*D9+SUM(E10:AB10)*D10 -> 21420608 | AE7: =+AC7 -> 21420608
B8: Ene | C8: Sábado | D8: 4 | E8: 18839.78 | F8: 17084.97 | G8: 16445.32 | H8: 16225.66 | I8: 16457.03 | J8: 17692.16 | K8: 18477.56 | L8: 29351.06 | M8: 29839.94 | N8: 30704.91 | O8: 31312.47 | P8: 32547.73 | Q8: 33390.3 | R8: 32677.4 | S8: 32841.38 | T8: 31815.24 | U8: 34795.01 | V8: 34327.62 | W8: 38780.19 | X8: 40263.26 | Y8: 38292.66 | Z8: 35443.22 | AA8: 31472.73 | AB8: 27683.96 | AE8: =+AC11 -> 21812343
B9: Ene | C9: Domingo | D9: 4 | E9: 19490.87 | F9: 17677.47 | G9: 16510.71 | H9: 15880.41 | I9: 15393.1 | J9: 15463.1 | K9: 14623.24 | L9: 23436.12 | M9: 24131.18 | N9: 25288.68 | O9: 26247.71 | P9: 27934.97 | Q9: 28925.8 | R9: 29214.28 | S9: 28729.88 | T9: 29314.32 | U9: 31742.34 | V9: 31811.91 | W9: 36704.26 | X9: 38897.71 | Y9: 37584.27 | Z9: 34086.42 | AA9: 29198.15 | AB9: 24894.14 | AE9: =+AC15 -> 21131939
B10: Ene | C10: Festivo | D10: 2 | E10: 19963.58 | F10: 18967.85 | G10: 17839.95 | H10: 16858.92 | I10: 16112.25 | J10: 15610.93 | K10: 13321.03 | L10: 20792.96 | M10: 20454.28 | N10: 21979.26 | O10: 23068.98 | P10: 24971.07 | Q10: 26876.69 | R10: 27919.34 | S10: 27176.57 | T10: 27930.68 | U10: 30635.38 | V10: 31308.37 | W10: 36123 | X10: 37597.22 | Y10: 36105.12 | Z10: 32935.77 | AA10: 28839.74 | AB10: 24837.58 | AE10: =+AC19 -> 21385626
B11: Feb | C11: Ordinario | D11: 20 | E11: 21515.17 | F11: 20235.43 | G11: 19779.52 | H11: 19607.28 | I11: 21214.2 | J11: 26916.3 | K11: 26828.13 | L11: 35042.22 | M11: 33309.89 | N11: 33431.96 | O11: 34690.4 | P11: 36476.82 | Q11: 35906.51 | R11: 36040.95 | S11: 37415.9 | T11: 38546.68 | U11: 40351.59 | V11: 38153.17 | W11: 43154.4 | X11: 46374.94 | Y11: 44648.25 | Z11: 40509.92 | AA11: 34879.58 | AB11: 30150.09 | AC11: =+SUM(E11:AB11)*D11+SUM(E12:AB12)*D12+SUM(E13:AB13)*D13+SUM(E14:AB14)*D14 -> 21812343 | AE11: =+AC23 -> 21461838
B12: Feb | C12: Sábado | D12: 4 | E12: 22509.6 | F12: 20938.93 | G12: 19869.98 | H12: 19645.73 | I12: 20194.33 | J12: 21581.92 | K12: 21037.58 | L12: 32617.03 | M12: 33099.07 | N12: 33580.01 | O12: 34872.77 | P12: 36308.42 | Q12: 36837.8 | R12: 35619.74 | S12: 35215.89 | T12: 35761.15 | U12: 37749.74 | V12: 36550.97 | W12: 41691.27 | X12: 44776.6 | Y12: 42763.58 | Z12: 39657.94 | AA12: 35575.62 | AB12: 31470.96 | AE12: =+AC27 -> 21296894
B13: Feb | C13: Domingo | D13: 4 | E13: 23561.67 | F13: 21618.16 | G13: 20569.24 | H13: 19902.57 | I13: 19282.5 | J13: 19346.11 | K13: 17333.31 | L13: 26471.12 | M13: 27493.46 | N13: 29059.46 | O13: 29962.92 | P13: 31478.38 | Q13: 32752.59 | R13: 32433.62 | S13: 32154.24 | T13: 32359.25 | U13: 33819.3 | V13: 34086.82 | W13: 39124.56 | X13: 42627.25 | Y13: 41630.73 | Z13: 38317.36 | AA13: 33462.74 | AB13: 28415.25 | AE13: =+AC31 -> 21324668
B14: Feb | C14: Festivo | D14: 0 | E14: 0 | F14: 0 | G14: 0 | H14: 0 | I14: 0 | J14: 0 | K14: 0 | L14: 0 | M14: 0 | N14: 0 | O14: 0 | P14: 0 | Q14: 0 | R14: 0 | S14: 0 | T14: 0 | U14: 0 | V14: 0 | W14: 0 | X14: 0 | Y14: 0 | Z14: 0 | AA14: 0 | AB14: 0 | AE14: =+AC35 -> 21433379
B15: Mar | C15: Ordinario | D15: 20 | E15: 19123.59 | F15: 17978.15 | G15: 17510.26 | H15: 17290.88 | I15: 18515.74 | J15: 23112.82 | K15: 22751.43 | L15: 30983.66 | M15: 29313.58 | N15: 29370.66 | O15: 30274.93 | P15: 31638.47 | Q15: 31100.64 | R15: 31331.22 | S15: 32675.85 | T15: 33611.65 | U15: 35697.82 | V15: 34559.22 | W15: 38986.27 | X15: 41649.34 | Y15: 40054.36 | Z15: 36521.02 | AA15: 31670.72 | AB15: 27813.48 | AC15: =+SUM(E15:AB15)*D15+SUM(E16:AB16)*D16+SUM(E17:AB17)*D17+SUM(E18:AB18)*D18 -> 21131939 | AE15: =+AC39 -> 22122625
B16: Mar | C16: Sábado | D16: 5 | E16: 20010.63 | F16: 18364.66 | G16: 17659.09 | H16: 17323.39 | I16: 17609.6 | J16: 18789.3 | K16: 17652.92 | L16: 28294.17 | M16: 28539.47 | N16: 29159.1 | O16: 29631.31 | P16: 30762.43 | Q16: 30834.58 | R16: 30313.94 | S16: 30257.6 | T16: 30676.77 | U16: 32604.86 | V16: 32576.39 | W16: 37621.79 | X16: 39591.47 | Y16: 37807.5 | Z16: 35391.97 | AA16: 31809.46 | AB16: 28410.9 | AE16: =+AC43 -> 21708117
B17: Mar | C17: Domingo | D17: 5 | E17: 20425.43 | F17: 18703.84 | G17: 17823.58 | H17: 17134.2 | I17: 16872.06 | J17: 16813.64 | K17: 14125.29 | L17: 22888.6 | M17: 23777.34 | N17: 25274.4 | O17: 25691.14 | P17: 26589.56 | Q17: 27410.34 | R17: 27871.82 | S17: 27671.91 | T17: 28246.02 | U17: 30072.15 | V17: 29941.88 | W17: 34876.64 | X17: 38237.96 | Y17: 37340.56 | Z17: 34720.6 | AA17: 30425.7 | AB17: 26410.51 | AE17: =+AC47 -> 22105418
B18: Mar | C18: Festivo | D18: 1 | E18: 19178.69 | F18: 17545.65 | G18: 16784.27 | H18: 16370.97 | I18: 16297.46 | J18: 16726.02 | K18: 14433.24 | L18: 23819.41 | M18: 24359.79 | N18: 24638.05 | O18: 24983.58 | P18: 26534.86 | Q18: 27696.52 | R18: 27493.41 | S18: 26738.04 | T18: 27197.18 | U18: 29131.06 | V18: 28913.9 | W18: 34139.49 | X18: 36731.84 | Y18: 35251.02 | Z18: 33205.74 | AA18: 30627.39 | AB18: 27233.79 | AE18: =+AC51 -> 21482702
B19: Abr | C19: Ordinario | D19: 20 | E19: 19497.19 | F19: 18214.52 | G19: 17725.98 | H19: 17649.5 | I19: 19286.27 | J19: 24869.72 | K19: 25204.83 | L19: 32954.7 | M19: 30186.24 | N19: 29999.85 | O19: 30962.71 | P19: 31331.52 | Q19: 31305 | R19: 31835.76 | S19: 33313.89 | T19: 34581.17 | U19: 37088.88 | V19: 36260.63 | W19: 41827.58 | X19: 43299.86 | Y19: 41526.21 | Z19: 37940.54 | AA19: 32431.43 | AB19: 27858.41 | AC19: =+SUM(E19:AB19)*D19+SUM(E20:AB20)*D20+SUM(E21:AB21)*D21+SUM(E22:AB22)*D22 -> 21385626
B20: Abr | C20: Sábado | D20: 4 | E20: 20713.67 | F20: 19377.48 | G20: 18230.77 | H20: 18024.48 | I20: 18649.74 | J20: 20061.67 | K20: 18550.43 | L20: 31093.55 | M20: 31869.29 | N20: 32409.06 | O20: 32762.55 | P20: 33570.64 | Q20: 34524.98 | R20: 32685.25 | S20: 32483.09 | T20: 33179.71 | U20: 35411.62 | V20: 32206.98 | W20: 40512.04 | X20: 42087.56 | Y20: 40153.49 | Z20: 37612.4 | AA20: 33512.9 | AB20: 31800.48
B21: Abr | C21: Domingo | D21: 4 | E21: 21737.58 | F21: 20121.65 | G21: 19099.22 | H21: 18354.41 | I21: 17863.92 | J21: 17813.16 | K21: 15652.02 | L21: 24840.34 | M21: 25568.18 | N21: 26601.73 | O21: 27463.79 | P21: 28639.49 | Q21: 30217.3 | R21: 30733.12 | S21: 29921.18 | T21: 30121.3 | U21: 31956.92 | V21: 32483.56 | W21: 37981.03 | X21: 39789.74 | Y21: 38724.83 | Z21: 35522.38 | AA21: 31083.71 | AB21: 26532.13
B22: Abr | C22: Festivo | D22: 2 | E22: 21642.99 | F22: 20150.42 | G22: 19148.95 | H22: 18363.46 | I22: 17848.37 | J22: 17762.05 | K22: 15558.3 | L22: 24813.91 | M22: 25544.22 | N22: 26626.04 | O22: 27496.7 | P22: 28714.88 | Q22: 30307.14 | R22: 30825.54 | S22: 30043.6 | T22: 30215.95 | U22: 32031.73 | V22: 32390.62 | W22: 38648.32 | X22: 40440.27 | Y22: 39443.2 | Z22: 35670.57 | AA22: 30867.77 | AB22: 26121.2
B23: May | C23: Ordinario | D23: 20 | E23: 18487 | F23: 17441.67 | G23: 16956.61 | H23: 16918.08 | I23: 18500.21 | J23: 23752.75 | K23: 24154.87 | L23: 31946.65 | M23: 29809.31 | N23: 29610.8 | O23: 30816.42 | P23: 32391.75 | Q23: 31620.2 | R23: 31605.8 | S23: 32708.94 | T23: 33702.1 | U23: 35780.13 | V23: 34857.16 | W23: 40380.32 | X23: 41723.38 | Y23: 39824.83 | Z23: 36499.1 | AA23: 31413.67 | AB23: 26922.5 | AC23: =+SUM(E23:AB23)*D23+SUM(E24:AB24)*D24+SUM(E25:AB25)*D25+SUM(E26:AB26)*D26 -> 21461838
B24: May | C24: Sábado | D24: 5 | E24: 19978.62 | F24: 18656.62 | G24: 17875.43 | H24: 17509.13 | I24: 18069.84 | J24: 19114.47 | K24: 19113.31 | L24: 30202.26 | M24: 30430.71 | N24: 31068.78 | O24: 31748.52 | P24: 32804 | Q24: 32718.92 | R24: 31728.78 | S24: 31464.65 | T24: 31943.75 | U24: 34125.14 | V24: 33600.6 | W24: 39154.26 | X24: 40405.18 | Y24: 38632.33 | Z24: 36083.99 | AA24: 32312.94 | AB24: 28129.21
B25: May | C25: Domingo | D25: 4 | E25: 20528.62 | F25: 18998.88 | G25: 18014.08 | H25: 17298.43 | I25: 17098.88 | J25: 16586.37 | K25: 14827.73 | L25: 23970.22 | M25: 24809.62 | N25: 26241.18 | O25: 27341.33 | P25: 28592.24 | Q25: 28772.1 | R25: 28220.02 | S25: 27660.5 | T25: 28201.3 | U25: 30405.12 | V25: 30381.88 | W25: 36139.25 | X25: 38004.42 | Y25: 37188.27 | Z25: 34556.57 | AA25: 30563.94 | AB25: 26196.28
B26: May | C26: Festivo | D26: 2 | E26: 18887.3 | F26: 17520.66 | G26: 16914.62 | H26: 16423.1 | I26: 16669.43 | J26: 16683.42 | K26: 15021.19 | L26: 24253.16 | M26: 24824.29 | N26: 26227.5 | O26: 28087.21 | P26: 30313.54 | Q26: 31313.72 | R26: 30702.44 | S26: 30114.32 | T26: 30433.62 | U26: 32364.75 | V26: 32263.3 | W26: 38523.28 | X26: 40633.69 | Y26: 38877.29 | Z26: 35575.72 | AA26: 30710.5 | AB26: 25965.37
B27: Jun | C27: Ordinario | D27: 18 | E27: 19093.73 | F27: 17854.15 | G27: 17340.46 | H27: 17291.84 | I27: 18580.85 | J27: 22252.03 | K27: 22964.5 | L27: 32380.95 | M27: 30975.14 | N27: 31222.34 | O27: 32534.14 | P27: 34599.34 | Q27: 33775.16 | R27: 33496.83 | S27: 34564.9 | T27: 35240.97 | U27: 37262.28 | V27: 36126.5 | W27: 41546.16 | X27: 43296.21 | Y27: 41291.52 | Z27: 37973.74 | AA27: 32723.22 | AB27: 27949.71 | AC27: =+SUM(E27:AB27)*D27+SUM(E28:AB28)*D28+SUM(E29:AB29)*D29+SUM(E30:AB30)*D30 -> 21296894
B28: Jun | C28: Sábado | D28: 4 | E28: 20612.02 | F28: 19074.24 | G28: 18365.18 | H28: 17890.62 | I28: 18567.92 | J28: 19492.05 | K28: 19642.35 | L28: 30983.38 | M28: 31259.92 | N28: 31845.38 | O28: 32498.6 | P28: 33903.38 | Q28: 33863.02 | R28: 33090.1 | S28: 33093.07 | T28: 33601.42 | U28: 35480.99 | V28: 34959.76 | W28: 40417.85 | X28: 42437.89 | Y28: 40504.37 | Z28: 37510.48 | AA28: 33678.28 | AB28: 29347.36
B29: Jun | C29: Domingo | D29: 5 | E29: 21165.78 | F29: 19854.24 | G29: 18633.04 | H29: 18051.83 | I29: 17831.17 | J29: 17273.58 | K29: 15227.97 | L29: 24687.4 | M29: 25608.08 | N29: 26632.68 | O29: 27398.02 | P29: 28889.26 | Q29: 29794.86 | R29: 29306.62 | S29: 28978.62 | T29: 29401.58 | U29: 31205.43 | V29: 31290.65 | W29: 36776.14 | X29: 38995.72 | Y29: 37903.1 | Z29: 35226.32 | AA29: 31395.41 | AB29: 27254.7
B30: Jun | C30: Festivo | D30: 3 | E30: 20549.9 | F30: 19082.25 | G30: 18179 | H30: 17576.04 | I30: 17820.96 | J30: 17586.61 | K30: 15514.68 | L30: 24392.83 | M30: 25112.13 | N30: 25909.23 | O30: 27960.19 | P30: 30295.84 | Q30: 31042.18 | R30: 29732.59 | S30: 29593.23 | T30: 29738.02 | U30: 31397.78 | V30: 33197.63 | W30: 39523.62 | X30: 41893.75 | Y30: 40041.08 | Z30: 36410.52 | AA30: 31486.54 | AB30: 26778.04
B31: Jul | C31: Ordinario | D31: 23 | E31: 18344.37 | F31: 17075.97 | G31: 16585.31 | H31: 16381.26 | I31: 17731.49 | J31: 22216.9 | K31: 21929.02 | L31: 30517.53 | M31: 28658.65 | N31: 28781.5 | O31: 30104.15 | P31: 32251.62 | Q31: 31189.4 | R31: 31139.08 | S31: 32628.85 | T31: 33423.54 | U31: 35202.68 | V31: 34324.42 | W31: 39411.2 | X31: 41881.79 | Y31: 40002.66 | Z31: 36759.44 | AA31: 31598.89 | AB31: 26567.12 | AC31: =+SUM(E31:AB31)*D31+SUM(E32:AB32)*D32+SUM(E33:AB33)*D33+SUM(E34:AB34)*D34 -> 21324668
B32: Jul | C32: Sábado | D32: 4 | E32: 17974.99 | F32: 16809.91 | G32: 16007.67 | H32: 15967.15 | I32: 16338.08 | J32: 17365.29 | K32: 17272.42 | L32: 28411.06 | M32: 28840.62 | N32: 29615.1 | O32: 30159.71 | P32: 31473.94 | Q32: 31278.38 | R32: 30595.73 | S32: 30423.39 | T32: 30819.05 | U32: 32927.54 | V32: 32796.36 | W32: 37944.48 | X32: 40304.34 | Y32: 38506.03 | Z32: 35929.24 | AA32: 31917.5 | AB32: 27804.52
B33: Jul | C33: Domingo | D33: 3 | E33: 19675.39 | F33: 18353.38 | G33: 16998.7 | H33: 16525.54 | I33: 16313.49 | J33: 16027.54 | K33: 13743.31 | L33: 22999.38 | M33: 23651.89 | N33: 25029.18 | O33: 26150.54 | P33: 28024.75 | Q33: 28647.61 | R33: 28469.83 | S33: 28131.78 | T33: 28627.04 | U33: 30564.32 | V33: 30776.66 | W33: 36078.38 | X33: 38710.24 | Y33: 37255.75 | Z33: 34659.59 | AA33: 30995.02 | AB33: 26936.97
B34: Jul | C34: Festivo | D34: 1 | E34: 23863.94 | F34: 21327.49 | G34: 19878.16 | H34: 19584.29 | I34: 19514.63 | J34: 20592.74 | K34: 20355.69 | L34: 25792.53 | M34: 27727.05 | N34: 30084.71 | O34: 33038.31 | P34: 35982.31 | Q34: 36629.22 | R34: 35636.07 | S34: 35017.58 | T34: 34996.62 | U34: 36051.3 | V34: 44288.64 | W34: 50851.17 | X34: 55073.71 | Y34: 53028.77 | Z34: 48433.68 | AA34: 42321.71 | AB34: 36371.79
B35: Ago | C35: Ordinario | D35: 19 | E35: 18694.9 | F35: 17615.91 | G35: 17123.29 | H35: 17055.98 | I35: 18685.96 | J35: 23911.8 | K35: 23776.72 | L35: 31868.65 | M35: 29953.72 | N35: 29799.77 | O35: 31088.72 | P35: 32765.18 | Q35: 31633.75 | R35: 31911.2 | S35: 33377.18 | T35: 34135.63 | U35: 36156.56 | V35: 34401.9 | W35: 40210.74 | X35: 42312.88 | Y35: 40576.64 | Z35: 37306.3 | AA35: 31532.37 | AB35: 26980.06 | AC35: =+SUM(E35:AB35)*D35+SUM(E36:AB36)*D36+SUM(E37:AB37)*D37+SUM(E38:AB38)*D38 -> 21433379
B36: Ago | C36: Sábado | D36: 5 | E36: 20274.67 | F36: 18835.26 | G36: 18113.65 | H36: 17819.12 | I36: 18355.24 | J36: 19581.74 | K36: 18941.99 | L36: 30177.49 | M36: 30346.8 | N36: 31095.69 | O36: 31889.33 | P36: 33349.12 | Q36: 32592.71 | R36: 31788.17 | S36: 31470.15 | T36: 31805.18 | U36: 34215.27 | V36: 33022.12 | W36: 39073.82 | X36: 40736.41 | Y36: 38776.92 | Z36: 36064.19 | AA36: 31502.52 | AB36: 27829.31
B37: Ago | C37: Domingo | D37: 5 | E37: 19849.53 | F37: 18653.35 | G37: 17782.84 | H37: 17136.84 | I37: 16891.99 | J37: 17016.8 | K37: 14054.85 | L37: 23125.94 | M37: 24034.2 | N37: 24937.24 | O37: 26125.12 | P37: 27670.71 | Q37: 28118.36 | R37: 28495.01 | S37: 28199.83 | T37: 28438.62 | U37: 30639.77 | V37: 30092.34 | W37: 35864.12 | X37: 38037.03 | Y37: 37042.7 | Z37: 34395.01 | AA37: 29200.32 | AB37: 25556.74
B38: Ago | C38: Festivo | D38: 2 | E38: 18687.13 | F38: 17732.75 | G38: 16773.83 | H38: 16545.67 | I38: 16700.13 | J38: 17021.06 | K38: 14713.06 | L38: 24362.06 | M38: 24646.5 | N38: 26417.8 | O38: 28315.04 | P38: 30929.83 | Q38: 31080.1 | R38: 30608.36 | S38: 30125.44 | T38: 30371.68 | U38: 32178.99 | V38: 32310.33 | W38: 37716.77 | X38: 40337.23 | Y38: 38646.25 | Z38: 35111.28 | AA38: 29858.25 | AB38: 25639.38
B39: Sep | C39: Ordinario | D39: 22 | E39: 20097.44 | F39: 19038.44 | G39: 18612.2 | H39: 18435.85 | I39: 20034.72 | J39: 24995.48 | K39: 25102.3 | L39: 33655.44 | M39: 31608.37 | N39: 31603.33 | O39: 32627.94 | P39: 34319.8 | Q39: 33565.98 | R39: 33981.82 | S39: 35507.92 | T39: 36585.5 | U39: 38581.35 | V39: 36638.98 | W39: 43183.8 | X39: 43999.2 | Y39: 42013.28 | Z39: 38247.22 | AA39: 32768.88 | AB39: 28160.08 | AC39: =+SUM(E39:AB39)*D39+SUM(E40:AB40)*D40+SUM(E41:AB41)*D41+SUM(E42:AB42)*D42 -> 22122625
B40: Sep | C40: Sábado | D40: 4 | E40: 21878.92 | F40: 20051.13 | G40: 19328.37 | H40: 18917.28 | I40: 19564.2 | J40: 20623.41 | K40: 20451.17 | L40: 31597.59 | M40: 32154.04 | N40: 32717.57 | O40: 33193.87 | P40: 34043.24 | Q40: 33849.6 | R40: 33165.7 | S40: 33084.21 | T40: 33760.77 | U40: 36281.86 | V40: 34988 | W40: 41130.6 | X40: 41164.47 | Y40: 39569.62 | Z40: 36202.99 | AA40: 32267.86 | AB40: 28669.61
B41: Sep | C41: Domingo | D41: 4 | E41: 21561.29 | F41: 20175.4 | G41: 19323.64 | H41: 18632.66 | I41: 18219 | J41: 17775.18 | K41: 15501.21 | L41: 24905.91 | M41: 25981.42 | N41: 26796.51 | O41: 27642.81 | P41: 28807.03 | Q41: 29519.18 | R41: 29248.08 | S41: 29579.79 | T41: 30388.48 | U41: 32500.76 | V41: 32313.64 | W41: 39077.83 | X41: 39975.53 | Y41: 38841.84 | Z41: 35047.58 | AA41: 30316.36 | AB41: 26359.79
B42: Sep | C42: Festivo | D42: 0 | E42: 0 | F42: 0 | G42: 0 | H42: 0 | I42: 0 | J42: 0 | K42: 0 | L42: 0 | M42: 0 | N42: 0 | O42: 0 | P42: 0 | Q42: 0 | R42: 0 | S42: 0 | T42: 0 | U42: 0 | V42: 0 | W42: 0 | X42: 0 | Y42: 0 | Z42: 0 | AA42: 0 | AB42: 0
B43: Oct | C43: Ordinario | D43: 22 | E43: 18717.8 | F43: 17625.24 | G43: 17187.12 | H43: 17206.12 | I43: 18947.88 | J43: 23414.1 | K43: 23541.09 | L43: 32356.27 | M43: 29934.07 | N43: 29928.6 | O43: 30628.5 | P43: 32077.11 | Q43: 31501 | R43: 31706.4 | S43: 33364.64 | T43: 34429.64 | U43: 36858.56 | V43: 36231.13 | W43: 42464.87 | X43: 42081.93 | Y43: 39500.77 | Z43: 36107.42 | AA43: 30834.36 | AB43: 26508.76 | AC43: =+SUM(E43:AB43)*D43+SUM(E44:AB44)*D44+SUM(E45:AB45)*D45+SUM(E46:AB46)*D46 -> 21708117
B44: Oct | C44: Sábado | D44: 4 | E44: 20303.15 | F44: 18891.27 | G44: 18068.84 | H44: 17880.03 | I44: 18517.98 | J44: 19491.42 | K44: 18736.52 | L44: 30593.01 | M44: 30139.46 | N44: 31028.9 | O44: 31225.26 | P44: 32313.83 | Q44: 32276.7 | R44: 31588.18 | S44: 31892.79 | T44: 32578.72 | U44: 34916.12 | V44: 34139.93 | W44: 41596.94 | X44: 41142.27 | Y44: 39304.46 | Z44: 36581.89 | AA44: 32343.89 | AB44: 28683.84
B45: Oct | C45: Domingo | D45: 4 | E45: 21113.1 | F45: 19811.82 | G45: 18678.98 | H45: 17959.44 | I45: 17839.22 | J45: 17277.23 | K45: 14817.28 | L45: 24226 | M45: 25037.2 | N45: 26761.54 | O45: 26656.11 | P45: 27868.54 | Q45: 28520.9 | R45: 28120.64 | S45: 28752.58 | T45: 29452.65 | U45: 31031.74 | V45: 31496.6 | W45: 37980.81 | X45: 38695.36 | Y45: 37000.16 | Z45: 33615.99 | AA45: 29246.98 | AB45: 25104.09
B46: Oct | C46: Festivo | D46: 1 | E46: 19305.38 | F46: 18358.86 | G46: 17352.06 | H46: 16994.06 | I46: 17340.76 | J46: 17362.98 | K46: 14253.04 | L46: 24236.79 | M46: 24114.3 | N46: 26164.61 | O46: 27189.98 | P46: 29830.43 | Q46: 30586.1 | R46: 30420.98 | S46: 30198.71 | T46: 30296.11 | U46: 31868.99 | V46: 34127.8 | W46: 41272.38 | X46: 40999.07 | Y46: 39014.48 | Z46: 35443.55 | AA46: 30484.11 | AB46: 26325.78
B47: Nov | C47: Ordinario | D47: 18 | E47: 19875.84 | F47: 18796.42 | G47: 18423.04 | H47: 18325.11 | I47: 20152.74 | J47: 24785.27 | K47: 25536.62 | L47: 34945.84 | M47: 32473.98 | N47: 32515.77 | O47: 33174.1 | P47: 34830.22 | Q47: 34167.37 | R47: 33995.62 | S47: 35632.68 | T47: 36560.28 | U47: 38936.67 | V47: 38210.57 | W47: 45026.8 | X47: 44688.99 | Y47: 41769.64 | Z47: 37884.58 | AA47: 32525.82 | AB47: 27835.21 | AC47: =+SUM(E47:AB47)*D47+SUM(E48:AB48)*D48+SUM(E49:AB49)*D49+SUM(E50:AB50)*D50 -> 22105418
B48: Nov | C48: Sábado | D48: 5 | E48: 21073.5 | F48: 19531.66 | G48: 18989.42 | H48: 18588 | I48: 19593.34 | J48: 20618.64 | K48: 20834.35 | L48: 32907.9 | M48: 32901.15 | N48: 33411.95 | O48: 33599.47 | P48: 34181.84 | Q48: 33960.01 | R48: 33584.74 | S48: 33767.57 | T48: 34625.36 | U48: 36479.36 | V48: 36046.98 | W48: 42819.78 | X48: 42678.89 | Y48: 40105.05 | Z48: 37122.81 | AA48: 33305.99 | AB48: 29118.61
B49: Nov | C49: Domingo | D49: 5 | E49: 21476.72 | F49: 20079.62 | G49: 18889.86 | H49: 18424.5 | I49: 18497.15 | J49: 17977.99 | K49: 15721.14 | L49: 25438.78 | M49: 26278.63 | N49: 27358.53 | O49: 27872.53 | P49: 30039.8 | Q49: 30686.93 | R49: 31024.63 | S49: 31054.94 | T49: 31570.12 | U49: 33890.16 | V49: 33874.82 | W49: 40176.68 | X49: 40374.99 | Y49: 38594.35 | Z49: 35626.26 | AA49: 31418.35 | AB49: 26980.09
B50: Nov | C50: Festivo | D50: 2 | E50: 20129.68 | F50: 18825.86 | G50: 18307.57 | H50: 17795.88 | I50: 18050.68 | J50: 18388.9 | K50: 15648.3 | L50: 25254.2 | M50: 25668.2 | N50: 27339.62 | O50: 28724.22 | P50: 30727.9 | Q50: 31481.03 | R50: 31493.86 | S50: 31139.14 | T50: 31359.03 | U50: 32994.38 | V50: 34376.79 | W50: 41328.07 | X50: 41350.99 | Y50: 39041.37 | Z50: 34850.72 | AA50: 30196.13 | AB50: 25679.22
B51: Dic | C51: Ordinario | D51: 21 | E51: 19307.89 | F51: 17949.79 | G51: 17412.12 | H51: 17250.72 | I51: 18344.92 | J51: 20595.24 | K51: 20297.37 | L51: 31056.95 | M51: 30035.54 | N51: 30366.44 | O51: 31207.63 | P51: 32905.61 | Q51: 32508.7 | R51: 32399.42 | S51: 33374.99 | T51: 34249.26 | U51: 36356.66 | V51: 35859.05 | W51: 42517.08 | X51: 42332.6 | Y51: 40171.54 | Z51: 36866.41 | AA51: 32286.7 | AB51: 27790.91 | AC51: =+SUM(E51:AB51)*D51+SUM(E52:AB52)*D52+SUM(E53:AB53)*D53+SUM(E54:AB54)*D54 -> 21482702
B52: Dic | C52: Sábado | D52: 4 | E52: 20641.14 | F52: 18878.5 | G52: 18089.13 | H52: 17783.15 | I52: 18271.7 | J52: 19576.74 | K52: 18582.22 | L52: 30061.2 | M52: 30052.45 | N52: 30584.7 | O52: 30855.05 | P52: 31626.7 | Q52: 31866.66 | R52: 31158.36 | S52: 30912.74 | T52: 31757.94 | U52: 33988.59 | V52: 33784.81 | W52: 40350.72 | X52: 40003.68 | Y52: 37958.07 | Z52: 34986.22 | AA52: 31631.33 | AB52: 28184.79
B53: Dic | C53: Domingo | D53: 4 | E53: 20827.09 | F53: 19155.7 | G53: 18066.36 | H53: 17545.66 | I53: 17207.9 | J53: 17076.8 | K53: 14692.81 | L53: 23761.27 | M53: 24531.34 | N53: 25583.62 | O53: 26159.55 | P53: 27234.84 | Q53: 28204.08 | R53: 28198.9 | S53: 28469.51 | T53: 28889.12 | U53: 30566.65 | V53: 31010.16 | W53: 38163.48 | X53: 38985.67 | Y53: 37845.94 | Z53: 35219.06 | AA53: 30997.14 | AB53: 26533.01
B54: Dic | C54: Festivo | D54: 2 | E54: 21471.57 | F54: 20350.22 | G54: 19111.48 | H54: 17940.68 | I54: 17202.78 | J54: 16470.3 | K54: 12722.61 | L54: 21193.64 | M54: 20988.04 | N54: 21647.39 | O54: 22517.48 | P54: 24155.94 | Q54: 25558.15 | R54: 26158.74 | S54: 26225.38 | T54: 26944.11 | U54: 29452.07 | V54: 29665.58 | W54: 36751.46 | X54: 37238.39 | Y54: 35844.73 | Z54: 33180.39 | AA54: 29063.38 | AB54: 25314.58
Z55: TOTAL AÑO kWh | AC55: =SUM(AC7:AC54) -> 2.5868616e+08
E62: 1000

Sheet Cantidad Producto 6
B2: CANTIDADES DE ENERGÍA SOLICITADAS kWh)
B3: CENTRAL HIDROELECTRICA DE CALDAS S.A. E.S.P. -BENEFICIO E INTERÉS COLECTIVO
B4: 2032
B6: Mes | C6: Tipo Día | D6: Días | E6: H1 | F6: H2 | G6: H3 | H6: H4 | I6: H5 | J6: H6 | K6: H7 | L6: H8 | M6: H9 | N6: H10 | O6: H11 | P6: H12 | Q6: H13 | R6: H14 | S6: H15 | T6: H16 | U6: H17 | V6: H18 | W6: H19 | X6: H20 | Y6: H21 | Z6: H22 | AA6: H23 | AB6: H24 | AC6: TOTAL MES
B7: Ene | C7: Ordinario | D7: 20 | E7: 18231.21 | F7: 16932.06 | G7: 16254.95 | H7: 16096.51 | I7: 17250.86 | J7: 20983.88 | K7: 22515.19 | L7: 32130.04 | M7: 30898.45 | N7: 31140.05 | O7: 32535.86 | P7: 34599.36 | Q7: 34179.23 | R7: 34025.89 | S7: 34907.28 | T7: 35642.89 | U7: 37945.39 | V7: 37160.42 | W7: 41146.82 | X7: 43037.56 | Y7: 41137.64 | Z7: 37349.38 | AA7: 31562.32 | AB7: 26963.24 | AC7: =+SUM(E7:AB7)*D7+SUM(E8:AB8)*D8+SUM(E9:AB9)*D9+SUM(E10:AB10)*D10 -> 21728549 | AE7: =+AC7 -> 21728549
B8: Ene | C8: Sábado | D8: 5 | E8: 19170.45 | F8: 17388.82 | G8: 16739.05 | H8: 16515.47 | I8: 16751.22 | J8: 18006.17 | K8: 18824.94 | L8: 29772.12 | M8: 30300.3 | N8: 31193.75 | O8: 31820.89 | P8: 33076.61 | Q8: 33929.01 | R8: 33202.34 | S8: 33359.78 | T8: 32307.79 | U8: 35297.37 | V8: 34840.79 | W8: 39342.99 | X8: 40847.54 | Y8: 38848.8 | Z8: 35957.68 | AA8: 31929.6 | AB8: 28085.15 | AE8: =+AC11 -> 21917429
B9: Ene | C9: Domingo | D9: 4 | E9: 19828.94 | F9: 17988.18 | G9: 16804.33 | H9: 16165.48 | I9: 15674.22 | J9: 15750.92 | K9: 14925.12 | L9: 23794.84 | M9: 24528.36 | N9: 25715.77 | O9: 26698.01 | P9: 28410.72 | Q9: 29412.18 | R9: 29699.06 | S9: 29200.2 | T9: 29780.31 | U9: 32210.84 | V9: 32288.83 | W9: 37236.99 | X9: 39462.39 | Y9: 38129.82 | Z9: 34582.31 | AA9: 29624.22 | AB9: 25257.99 | AE9: =+AC15 -> 21438237
B10: Ene | C10: Festivo | D10: 2 | E10: 20304.59 | F10: 19291.41 | G10: 18147.36 | H10: 17154.26 | I10: 16400.8 | J10: 15900.06 | K10: 13605.92 | L10: 21120.77 | M10: 20810.06 | N10: 22368.83 | O10: 23481.72 | P10: 25410.92 | Q10: 27338.2 | R10: 28388.83 | S10: 27627.63 | T10: 28379.64 | U10: 31090.28 | V10: 31779.55 | W10: 36648.6 | X10: 38144.37 | Y10: 36629.82 | Z10: 33414.82 | AA10: 29259.54 | AB10: 25199.86 | AE10: =+AC19 -> 21698464
B11: Feb | C11: Ordinario | D11: 20 | E11: 20838.68 | F11: 19581.03 | G11: 19131.94 | H11: 18961.77 | I11: 20534.96 | J11: 26117.93 | K11: 26013.32 | L11: 34017.52 | M11: 32288.87 | N11: 32397.36 | O11: 33624.29 | P11: 35378.43 | Q11: 34822.14 | R11: 34955.18 | S11: 36308.93 | T11: 37431.49 | U11: 39242.81 | V11: 37382.6 | W11: 42307.06 | X11: 45465.38 | Y11: 43770.95 | Z11: 39711.71 | AA11: 34188.15 | AB11: 29547.48 | AC11: =+SUM(E11:AB11)*D11+SUM(E12:AB12)*D12+SUM(E13:AB13)*D13+SUM(E14:AB14)*D14 -> 21917429 | AE11: =+AC23 -> 21766749
B12: Feb | C12: Sábado | D12: 4 | E12: 21811.35 | F12: 20268.63 | G12: 19219.32 | H12: 18998.41 | I12: 19536.68 | J12: 20899.61 | K12: 20347.39 | L12: 31646.62 | M12: 32081.5 | N12: 32540.16 | O12: 33801.57 | P12: 35212.96 | Q12: 35732.14 | R12: 34542.16 | S12: 34155.98 | T12: 34706.58 | U12: 36698.35 | V12: 35811.03 | W12: 40871.35 | X12: 43897.14 | Y12: 41922.55 | Z12: 38875.78 | AA12: 34870.36 | AB12: 30843.36 | AE12: =+AC27 -> 21609648
B13: Feb | C13: Domingo | D13: 5 | E13: 22840.1 | F13: 20932.45 | G13: 19902.99 | H13: 19249.83 | I13: 18644.81 | J13: 18713.15 | K13: 16724.15 | L13: 25642.42 | M13: 26602.22 | N13: 28121 | O13: 28999.94 | P13: 30488.59 | Q13: 31735.95 | R13: 31426.1 | S13: 31161.8 | T13: 31379.35 | U13: 32853.73 | V13: 33394.04 | W13: 38354.08 | X13: 41789.74 | Y13: 40811.49 | Z13: 37560.7 | AA13: 32797.79 | AB13: 27846.74 | AE13: =+AC31 -> 22030649
B14: Feb | C14: Festivo | D14: 0 | E14: 0 | F14: 0 | G14: 0 | H14: 0 | I14: 0 | J14: 0 | K14: 0 | L14: 0 | M14: 0 | N14: 0 | O14: 0 | P14: 0 | Q14: 0 | R14: 0 | S14: 0 | T14: 0 | U14: 0 | V14: 0 | W14: 0 | X14: 0 | Y14: 0 | Z14: 0 | AA14: 0 | AB14: 0 | AE14: =+AC35 -> 21883418
B15: Mar | C15: Ordinario | D15: 20 | E15: 19518.24 | F15: 18351.32 | G15: 17873.72 | H15: 17649.5 | I15: 18891.94 | J15: 23555.73 | K15: 23216.26 | L15: 31497.21 | M15: 29846.88 | N15: 29926.76 | O15: 30858.02 | P15: 32246.76 | Q15: 31701.87 | R15: 31929.48 | S15: 33281.78 | T15: 34215.49 | U15: 36298.61 | V15: 35153.19 | W15: 39635.81 | X15: 42342.48 | Y15: 40720.25 | Z15: 37128.29 | AA15: 32196.74 | AB15: 28273.26 | AC15: =+SUM(E15:AB15)*D15+SUM(E16:AB16)*D16+SUM(E17:AB17)*D17+SUM(E18:AB18)*D18 -> 21438237 | AE15: =+AC39 -> 22427742
B16: Mar | C16: Sábado | D16: 4 | E16: 20416.64 | F16: 18741.86 | G16: 18023.62 | H16: 17681.66 | I16: 17973.34 | J16: 19174.38 | K16: 18047.63 | L16: 28773 | M16: 29060.44 | N16: 29710.3 | O16: 30203.79 | P16: 31357.04 | Q16: 31429.68 | R16: 30896.41 | S16: 30829.03 | T16: 31240.09 | U16: 33163.38 | V16: 33138.86 | W16: 38249.11 | X16: 40250.88 | Y16: 38437.21 | Z16: 35980.29 | AA16: 32337.64 | AB16: 28881.25 | AE16: =+AC43 -> 22015326
B17: Mar | C17: Domingo | D17: 4 | E17: 20836.74 | F17: 19085.4 | G17: 18189.94 | H17: 17489.62 | I17: 17226.36 | J17: 17172.96 | K17: 14471.68 | L17: 23301.92 | M17: 24239.41 | N17: 25776.4 | O17: 26212.48 | P17: 27129.14 | Q17: 27960.26 | R17: 28423.09 | S17: 28210.72 | T17: 28779.14 | U17: 30598.62 | V17: 30461.97 | W17: 35459.96 | X17: 38875.28 | Y17: 37961.64 | Z17: 35296.71 | AA17: 30930.32 | AB17: 26848.16 | AE17: =+AC47 -> 22410234
B18: Mar | C18: Festivo | D18: 3 | E18: 19572.81 | F18: 17911.23 | G18: 17136.25 | H18: 16716.46 | I18: 16643.56 | J18: 17083.89 | K18: 14784.55 | L18: 24247.14 | M18: 24831.8 | N18: 25131.02 | O18: 25493.78 | P18: 27071.75 | Q18: 28249.29 | R18: 28037.6 | S18: 27262.2 | T18: 27713.41 | U18: 29642.04 | V18: 29420.12 | W18: 34713.86 | X18: 37349.14 | Y18: 35842.89 | Z18: 33760.92 | AA18: 31135.24 | AB18: 27683.56 | AE18: =+AC51 -> 21934849
B19: Abr | C19: Ordinario | D19: 22 | E19: 19673.5 | F19: 18376.49 | G19: 17881.26 | H19: 17802.52 | I19: 19451.57 | J19: 25078.63 | K19: 25433.7 | L19: 33164 | M19: 30403.04 | N19: 30230.94 | O19: 31210.82 | P19: 31588.3 | Q19: 31562.23 | R19: 32092 | S19: 33572.8 | T19: 34840.02 | U19: 37348.66 | V19: 36597.16 | W19: 42203.3 | X19: 43689.64 | Y19: 41899.08 | Z19: 38279.91 | AA19: 32720.93 | AB19: 28105.14 | AC19: =+SUM(E19:AB19)*D19+SUM(E20:AB20)*D20+SUM(E21:AB21)*D21+SUM(E22:AB22)*D22 -> 21698464
B20: Abr | C20: Sábado | D20: 4 | E20: 20898.19 | F20: 19547.57 | G20: 18389.99 | H20: 18180.78 | I20: 18812.12 | J20: 20239.45 | K20: 18731.15 | L20: 31299.7 | M20: 32103 | N20: 32660.44 | O20: 33026.39 | P20: 33845.92 | Q20: 34811.68 | R20: 32948.61 | S20: 32738.7 | T20: 33432.5 | U20: 35663.84 | V20: 32520.19 | W20: 40874.47 | X20: 42465.33 | Y20: 40513.5 | Z20: 37947.32 | AA20: 33809.92 | AB20: 32066.95
B21: Abr | C21: Domingo | D21: 4 | E21: 21928.49 | F21: 20295.98 | G21: 19263.5 | H21: 18512.47 | I21: 18021.2 | J21: 17977.07 | K21: 15819.01 | L21: 25012.86 | M21: 25765.4 | N21: 26817.43 | O21: 27694.8 | P21: 28883.85 | Q21: 30470.65 | R21: 30985.92 | S21: 30162.41 | T21: 30356.58 | U21: 32188.54 | V21: 32784.77 | W21: 38323.46 | X21: 40149.64 | Y21: 39073.6 | Z21: 35840.94 | AA21: 31360.84 | AB21: 26767.94
B22: Abr | C22: Festivo | D22: 0 | E22: 0 | F22: 0 | G22: 0 | H22: 0 | I22: 0 | J22: 0 | K22: 0 | L22: 0 | M22: 0 | N22: 0 | O22: 0 | P22: 0 | Q22: 0 | R22: 0 | S22: 0 | T22: 0 | U22: 0 | V22: 0 | W22: 0 | X22: 0 | Y22: 0 | Z22: 0 | AA22: 0 | AB22: 0
B23: May | C23: Ordinario | D23: 19 | E23: 18912.03 | F23: 17846.16 | G23: 17351 | H23: 17310.67 | I23: 18918.99 | J23: 24261.46 | K23: 24694.35 | L23: 32544.73 | M23: 30415.42 | N23: 30234.47 | O23: 31472.97 | P23: 33077.66 | Q23: 32293.15 | R23: 32272.91 | S23: 33382.57 | T23: 34376.31 | U23: 36452 | V23: 35504.1 | W23: 41106.57 | X23: 42474.49 | Y23: 40541.68 | Z23: 37156.1 | AA23: 31979.52 | AB23: 27407.4 | AC23: =+SUM(E23:AB23)*D23+SUM(E24:AB24)*D24+SUM(E25:AB25)*D25+SUM(E26:AB26)*D26 -> 21766749
B24: May | C24: Sábado | D24: 4 | E24: 20426.12 | F24: 19079.91 | G24: 18283.75 | H24: 17910.92 | I24: 18482.14 | J24: 19547.65 | K24: 19572.12 | L24: 30776.41 | M24: 31048.98 | N24: 31717.19 | O24: 32421.4 | P24: 33498.3 | Q24: 33411.1 | R24: 32399.71 | S24: 32121.22 | T24: 32592.64 | U24: 34773.1 | V24: 34225.37 | W24: 39858.83 | X24: 41131.99 | Y24: 39327.24 | Z24: 36732.54 | AA24: 32893.52 | AB24: 28634.97
B25: May | C25: Domingo | D25: 5 | E25: 20985.44 | F25: 19427.6 | G25: 18424.96 | H25: 17697.19 | I25: 17496.89 | J25: 16981.58 | K25: 15220.09 | L25: 24455.35 | M25: 25345.61 | N25: 26817.88 | O25: 27948.49 | P25: 29223.16 | Q25: 29403.44 | R25: 28836.59 | S25: 28258.64 | T25: 28793.76 | U25: 30997.71 | V25: 30950.19 | W25: 36790.44 | X25: 38689.66 | Y25: 37857.84 | Z25: 35178.28 | AA25: 31113.91 | AB25: 26667.98
B26: May | C26: Festivo | D26: 3 | E26: 19318.44 | F26: 17926.09 | G26: 17308.64 | H26: 16808.45 | I26: 17060.42 | J26: 17079.66 | K26: 15415.97 | L26: 24741.18 | M26: 25360.28 | N26: 26804.59 | O26: 28705.92 | P26: 30971.82 | Q26: 31985.88 | R26: 31358.56 | S26: 30750.71 | T26: 31060.55 | U26: 32986.8 | V26: 32864.27 | W26: 39215.95 | X26: 41363.62 | Y26: 39575.3 | Z26: 36214.33 | AA26: 31262.72 | AB26: 26433.22
B27: Jun | C27: Ordinario | D27: 21 | E27: 19170.08 | F27: 17920.98 | G27: 17402.74 | H27: 17352.29 | I27: 18646.74 | J27: 22335.37 | K27: 23062.76 | L27: 32445.52 | M27: 31052.84 | N27: 31312.66 | O27: 32637.23 | P27: 34715.26 | Q27: 33888.5 | R27: 33605.2 | S27: 34671.48 | T27: 35343.92 | U27: 37363.47 | V27: 36329.87 | W27: 41770.76 | X27: 43532.58 | Y27: 41516.52 | Z27: 38179.27 | AA27: 32898.66 | AB27: 28097.41 | AC27: =+SUM(E27:AB27)*D27+SUM(E28:AB28)*D28+SUM(E29:AB29)*D29+SUM(E30:AB30)*D30 -> 21609648
B28: Jun | C28: Sábado | D28: 4 | E28: 20692.48 | F28: 19144.1 | G28: 18429.57 | H28: 17951.86 | I28: 18633.55 | J28: 19566.49 | K28: 19730.26 | L28: 31045.06 | M28: 31338.96 | N28: 31938.08 | O28: 32601.96 | P28: 34018 | Q28: 33976.75 | R28: 33198.09 | S28: 33197.15 | T28: 33702.02 | U28: 35579.78 | V28: 35156.02 | W28: 40635.46 | X28: 42667.76 | Y28: 40723.72 | Z28: 37712.9 | AA28: 33857.63 | AB28: 29502.24
B29: Jun | C29: Domingo | D29: 4 | E29: 21247.4 | F29: 19926.4 | G29: 18698.04 | H29: 18114.16 | I29: 17895.64 | J29: 17342.68 | K29: 15303.16 | L29: 24742.25 | M29: 25678.18 | N29: 26715.15 | O29: 27490.26 | P29: 28992 | Q29: 29899.4 | R29: 29405.72 | S29: 29073.31 | T29: 29493.18 | U29: 31294.66 | V29: 31469.1 | W29: 36976.51 | X29: 39209.32 | Y29: 38109.81 | Z29: 35417.1 | AA29: 31563.1 | AB29: 27398.66
B30: Jun | C30: Festivo | D30: 1 | E30: 20631.31 | F30: 19153.82 | G30: 18244.8 | H30: 17638.15 | I30: 17886.51 | J30: 17656.81 | K30: 15590.72 | L30: 24447.42 | M30: 25181.58 | N30: 25989.25 | O30: 28053.32 | P30: 30402.1 | Q30: 31148.94 | R30: 29831.93 | S30: 29688.65 | T30: 29829.22 | U30: 31485.7 | V30: 33384 | W30: 39735.59 | X30: 42120.1 | Y30: 40256.63 | Z30: 36605.29 | AA30: 31653.18 | AB30: 26918.59
B31: Jul | C31: Ordinario | D31: 20 | E31: 19711.52 | F31: 18417.27 | G31: 17915.62 | H31: 17706.57 | I31: 19080.93 | J31: 23648.52 | K31: 23381.72 | L31: 32232.42 | M31: 30387.08 | N31: 30533.82 | O31: 31894.05 | P31: 34083.77 | Q31: 33003.1 | R31: 32945.79 | S31: 34449.47 | T31: 35241.13 | U31: 37011.98 | V31: 35255.39 | W31: 40418.88 | X31: 42937.8 | Y31: 41022.4 | Z31: 37716.28 | AA31: 32456.11 | AB31: 27327.36 | AC31: =+SUM(E31:AB31)*D31+SUM(E32:AB32)*D32+SUM(E33:AB33)*D33+SUM(E34:AB34)*D34 -> 22030649
B32: Jul | C32: Sábado | D32: 5 | E32: 19333.08 | F32: 18144.02 | G32: 17325.6 | H32: 17283.82 | I32: 17662.23 | J32: 18711.55 | K32: 18644.87 | L32: 30092.48 | M32: 30572.97 | N32: 31382.9 | O32: 31951.47 | P32: 33293.38 | Q32: 33093.83 | R32: 32393.87 | S32: 32207.52 | T32: 32593.42 | U32: 34699.77 | V32: 33698.18 | W32: 38924.03 | X32: 41330.17 | Y32: 39497.24 | Z32: 36870.02 | AA32: 32780.62 | AB32: 28588.15
B33: Jul | C33: Domingo | D33: 4 | E33: 21063.62 | F33: 19715.31 | G33: 18334.54 | H33: 17852.91 | I33: 17640.32 | J33: 17354.76 | K33: 15057.72 | L33: 24599.68 | M33: 25304.28 | N33: 26724.88 | O33: 27879.3 | P33: 29789.79 | Q33: 30422.28 | R33: 30234.94 | S33: 29880.82 | T33: 30368.7 | U33: 32301.4 | V33: 31639.07 | W33: 37021.35 | X33: 39704.85 | Y33: 38222.24 | Z33: 35575.73 | AA33: 31839.55 | AB33: 27702.48
B34: Jul | C34: Festivo | D34: 2 | E34: 20083.15 | F34: 18626.91 | G34: 17761.28 | H34: 17742.87 | I34: 17381.64 | J34: 17693.64 | K34: 15895.68 | L34: 25925.04 | M34: 26311.83 | N34: 27083.28 | O34: 28784.05 | P34: 30466.86 | Q34: 31172.78 | R34: 30809.89 | S34: 30833.35 | T34: 31312.54 | U34: 32593.3 | V34: 31745.65 | W34: 37228.74 | X34: 39860.83 | Y34: 38499.24 | Z34: 35473.47 | AA34: 31525.68 | AB34: 27573.89
B35: Ago | C35: Ordinario | D35: 21 | E35: 19184.29 | F35: 18089.3 | G35: 17588.68 | H35: 17519.05 | I35: 19166.9 | J35: 24450.86 | K35: 24334.66 | L35: 32487.2 | M35: 30585.47 | N35: 30447.29 | O35: 31761.79 | P35: 33460.92 | Q35: 32318 | R35: 32593.28 | S35: 34065.33 | T35: 34820.14 | U35: 36837.95 | V35: 34905.47 | W35: 40771.61 | X35: 42900.13 | Y35: 41141.69 | Z35: 37829.51 | AA35: 31984.13 | AB35: 27374.04 | AC35: =+SUM(E35:AB35)*D35+SUM(E36:AB36)*D36+SUM(E37:AB37)*D37+SUM(E38:AB38)*D38 -> 21883418
B36: Ago | C36: Sábado | D36: 3 | E36: 20780.06 | F36: 19320.8 | G36: 18588.5 | H36: 18290.16 | I36: 18833.3 | J36: 20077.37 | K36: 19451.58 | L36: 30784.67 | M36: 30985.19 | N36: 31757.7 | O36: 32571.6 | P36: 34052.16 | Q36: 33286.91 | R36: 32469.71 | S36: 32140.92 | T36: 32468.16 | U36: 34879.66 | V36: 33508.2 | W36: 39619.86 | X36: 41303.3 | Y36: 39319.57 | Z36: 36572.28 | AA36: 31954.3 | AB36: 28234
B37: Ago | C37: Domingo | D37: 5 | E37: 20348.68 | F37: 19135.58 | G37: 18253.69 | H37: 17600.22 | I37: 17355.18 | J37: 17487.82 | K37: 14515.63 | L37: 23669.37 | M37: 24613.54 | N37: 25540.58 | O37: 26751.61 | P37: 28318.51 | Q37: 28769.36 | R37: 29145.76 | S37: 28839.94 | T37: 29070.78 | U37: 31271.73 | V37: 30541.91 | W37: 36370.81 | X37: 38572.3 | Y37: 37565 | Z37: 34883.67 | AA37: 29625.24 | AB37: 25934.31
B38: Ago | C38: Festivo | D38: 2 | E38: 19174.85 | F38: 18205.98 | G38: 17234.36 | H38: 17002.58 | I38: 17160.24 | J38: 17490.55 | K38: 15179.44 | L38: 24912.85 | M38: 25228.11 | N38: 27033.55 | O38: 28961.55 | P38: 31609.22 | Q38: 31759.62 | R38: 31278.21 | S38: 30782.88 | T38: 31021.42 | U38: 32823.76 | V38: 32786.36 | W38: 38245.65 | X38: 40899.55 | Y38: 39187.47 | Z38: 35608.3 | AA38: 30290.35 | AB38: 26018.43
B39: Sep | C39: Ordinario | D39: 22 | E39: 20405.26 | F39: 19329.95 | G39: 18896.28 | H39: 18716.41 | I39: 20333.69 | J39: 25353.52 | K39: 25481.61 | L39: 34066.07 | M39: 32030.51 | N39: 32042.95 | O39: 33090.72 | P39: 34806.66 | Q39: 34044.65 | R39: 34460.44 | S39: 35994.26 | T39: 37071.64 | U39: 39063.7 | V39: 37138.4 | W39: 43754.26 | X39: 44580.59 | Y39: 42567.96 | Z39: 38751.84 | AA39: 33200.87 | AB39: 28530.6 | AC39: =+SUM(E39:AB39)*D39+SUM(E40:AB40)*D40+SUM(E41:AB41)*D41+SUM(E42:AB42)*D42 -> 22427742
B40: Sep | C40: Sábado | D40: 4 | E40: 22205.79 | F40: 20352.44 | G40: 19619.2 | H40: 19202.18 | I40: 19857.67 | J40: 20933.75 | K40: 20780.24 | L40: 31988.57 | M40: 32582.7 | N40: 33170.06 | O40: 33663.26 | P40: 34527.09 | Q40: 34330.67 | R40: 33634.6 | S40: 33544.63 | T40: 34217.2 | U40: 36741.38 | V40: 35465.25 | W40: 41674.25 | X40: 41710.03 | Y40: 40093.32 | Z40: 36682.28 | AA40: 32694.51 | AB40: 29047.79
B41: Sep | C41: Domingo | D41: 4 | E41: 21882.96 | F41: 20477.03 | G41: 19613.76 | H41: 18914.48 | I41: 18498.12 | J41: 18055.73 | K41: 15776.94 | L41: 25233.43 | M41: 26349.14 | N41: 27187.75 | O41: 28054.36 | P41: 29236.27 | Q41: 29955.28 | R41: 29676.07 | S41: 30004.47 | T41: 30812.08 | U41: 32922.96 | V41: 32755.62 | W41: 39593.66 | X41: 40504.26 | Y41: 39355.15 | Z41: 35511.33 | AA41: 30717.52 | AB41: 26707.64
B42: Sep | C42: Festivo | D42: 0 | E42: 0 | F42: 0 | G42: 0 | H42: 0 | I42: 0 | J42: 0 | K42: 0 | L42: 0 | M42: 0 | N42: 0 | O42: 0 | P42: 0 | Q42: 0 | R42: 0 | S42: 0 | T42: 0 | U42: 0 | V42: 0 | W42: 0 | X42: 0 | Y42: 0 | Z42: 0 | AA42: 0 | AB42: 0
B43: Oct | C43: Ordinario | D43: 20 | E43: 19103.44 | F43: 17991.33 | G43: 17544.72 | H43: 17562.71 | I43: 19330.26 | J43: 23864.31 | K43: 24014.65 | L43: 32898.23 | M43: 30480.18 | N43: 30493.66 | O43: 31215.92 | P43: 32689.26 | Q43: 32105.42 | R43: 32308.72 | S43: 33981.22 | T43: 35047.12 | U43: 37478.06 | V43: 36843.87 | W43: 43161.44 | X43: 42772.41 | Y43: 40149.22 | Z43: 36699.98 | AA43: 31340.99 | AB43: 26944.49 | AC43: =+SUM(E43:AB43)*D43+SUM(E44:AB44)*D44+SUM(E45:AB45)*D45+SUM(E46:AB46)*D46 -> 22015326
B44: Oct | C44: Sábado | D44: 5 | E44: 20711.29 | F44: 19275.09 | G44: 18438.73 | H44: 18246.23 | I44: 18894.64 | J44: 19886.01 | K44: 19141.52 | L44: 31112.83 | M44: 30688.79 | N44: 31610.97 | O44: 31822.12 | P44: 32931.16 | Q44: 32892.81 | R44: 32189.64 | S44: 32490.24 | T44: 33172.59 | U44: 35512.35 | V44: 34718.16 | W44: 42278.4 | X44: 41816.74 | Y44: 39948.75 | Z44: 37181.39 | AA44: 32874.16 | AB44: 29153.9
B45: Oct | C45: Domingo | D45: 5 | E45: 21532.58 | F45: 20209 | G45: 19057.52 | H45: 18326.88 | I45: 18206.87 | J45: 17642.09 | K45: 15168.49 | L45: 24663.53 | M45: 25520.74 | N45: 27287.54 | O45: 27191.49 | P45: 28425.46 | Q45: 29086.38 | R45: 28675.26 | S45: 29308.14 | T45: 30005.36 | U45: 31574.53 | V45: 32031.94 | W45: 38604.34 | X45: 39330.21 | Y45: 37607.47 | Z45: 34168.42 | AA45: 29728.31 | AB45: 25517.82
B46: Oct | C46: Festivo | D46: 1 | E46: 19698.54 | F46: 18735.03 | G46: 17711.87 | H46: 17347.68 | I46: 17701.61 | J46: 17729.16 | K46: 14595.2 | L46: 24673.03 | M46: 24584.52 | N46: 26680.66 | O46: 27732.03 | P46: 30415.08 | Q46: 31181.22 | R46: 31009.84 | S46: 30775.2 | T46: 30860.97 | U46: 32423.87 | V46: 34704 | W46: 41947.72 | X46: 41670.83 | Y46: 39653.86 | Z46: 36024.85 | AA46: 30984.75 | AB46: 26758.09
B47: Nov | C47: Ordinario | D47: 20 | E47: 20066.14 | F47: 18974.54 | G47: 18595.7 | H47: 18495.62 | I47: 20337.01 | J47: 25006.4 | K47: 25778.74 | L47: 35194.46 | M47: 32731.08 | N47: 32787.54 | O47: 33460.4 | P47: 35133.58 | Q47: 34466.5 | R47: 34289 | S47: 35930.63 | T47: 36856.13 | U47: 39232.3 | V47: 38572.14 | W47: 45439.25 | X47: 45098.48 | Y47: 42152.95 | Z47: 38231.84 | AA47: 32823.21 | AB47: 28088.56 | AC47: =+SUM(E47:AB47)*D47+SUM(E48:AB48)*D48+SUM(E49:AB49)*D49+SUM(E50:AB50)*D50 -> 22410234
B48: Nov | C48: Sábado | D48: 4 | E48: 21271.26 | F48: 19713.87 | G48: 19164.95 | H48: 18759.52 | I48: 19773.57 | J48: 20811.2 | K48: 21043.98 | L48: 33145.12 | M48: 33161.75 | N48: 33690.18 | O48: 33888.79 | P48: 34480.86 | Q48: 34257.01 | R48: 33875.73 | S48: 34053.55 | T48: 34909.6 | U48: 36760.27 | V48: 36388.45 | W48: 43212.13 | X48: 43069.74 | Y48: 40473.19 | Z48: 37462.95 | AA48: 33609.99 | AB48: 29383.6
B49: Nov | C49: Domingo | D49: 4 | E49: 21676.49 | F49: 20265 | G49: 19064.1 | H49: 18595.01 | I49: 18670.6 | J49: 18153.75 | K49: 15896.2 | L49: 25633.96 | M49: 26498.85 | N49: 27598.06 | O49: 28124.5 | P49: 30312.77 | Q49: 30963.2 | R49: 31299.61 | S49: 31324.74 | T49: 31836.75 | U49: 34156.58 | V49: 34196 | W49: 40545 | X49: 40745.67 | Y49: 38948.76 | Z49: 35952.8 | AA49: 31705.4 | AB49: 27226.08
B50: Nov | C50: Festivo | D50: 2 | E50: 20320.62 | F50: 19003.31 | G50: 18479 | H50: 17962.56 | I50: 18220.88 | J50: 18567.77 | K50: 15823 | L50: 25446.67 | M50: 25884.79 | N50: 27578.71 | O50: 28981.68 | P50: 31003.85 | Q50: 31761.96 | R50: 31771.43 | S50: 31408.87 | T50: 31623.02 | U50: 33252.95 | V50: 34703.57 | W50: 41707.48 | X50: 41731.1 | Y50: 39400.27 | Z50: 35171.66 | AA50: 30473.23 | AB50: 25914.2
B51: Dic | C51: Ordinario | D51: 22 | E51: 19815.03 | F51: 18438.09 | G51: 17892.16 | H51: 17727.74 | I51: 18834.42 | J51: 21112.6 | K51: 20832.06 | L51: 31686.95 | M51: 30686.68 | N51: 31038.44 | O51: 31900.2 | P51: 33621.55 | Q51: 33220.45 | R51: 33104.74 | S51: 34081.68 | T51: 34953.76 | U51: 37059.39 | V51: 36387.51 | W51: 43114.93 | X51: 42929.09 | Y51: 40740.91 | Z51: 37394.04 | AA51: 32755.73 | AB51: 28202.45 | AC51: =+SUM(E51:AB51)*D51+SUM(E52:AB52)*D52+SUM(E53:AB53)*D53+SUM(E54:AB54)*D54 -> 21934849
B52: Dic | C52: Sábado | D52: 3 | E52: 21162.16 | F52: 19376.16 | G52: 18576.22 | H52: 18265.78 | I52: 18760.77 | J52: 20084.56 | K52: 19099.89 | L52: 30682.9 | M52: 30705.23 | N52: 31260.09 | O52: 31545.03 | P52: 32330.26 | Q52: 32572.52 | R52: 31852.1 | S52: 31595.94 | T52: 32439.4 | U52: 34669.26 | V52: 34288.18 | W52: 40921.64 | X52: 40571.39 | Y52: 38500.03 | Z52: 35490.68 | AA52: 32092.1 | AB52: 28600.66
B53: Dic | C53: Domingo | D53: 4 | E53: 21349.78 | F53: 19655.83 | G53: 18552.39 | H53: 18025.36 | I53: 17686.1 | J53: 17559.38 | K53: 15171.39 | L53: 24327.3 | M53: 25133.24 | N53: 26210.5 | O53: 26803.35 | P53: 27894.98 | Q53: 28872.74 | R53: 28862.73 | S53: 29129.3 | T53: 29542.79 | U53: 31213.88 | V53: 31478.91 | W53: 38707.2 | X53: 39540 | Y53: 38385.2 | Z53: 35724.62 | AA53: 31448.92 | AB53: 26928.19
B54: Dic | C54: Festivo | D54: 2 | E54: 21997.75 | F54: 20860.09 | G54: 19605.85 | H54: 18422.39 | I54: 17678.82 | J54: 16944.94 | K54: 13178.8 | L54: 21732.22 | M54: 21551.99 | N54: 22232.97 | O54: 23121.38 | P54: 24781.49 | Q54: 26197.62 | R54: 26799.8 | S54: 26859.34 | T54: 27575 | U54: 30085.85 | V54: 30120.16 | W54: 37279.94 | X54: 37773.12 | Y54: 36360.95 | Z54: 33662.83 | AA54: 29494.42 | AB54: 25697.73
Z55: TOTAL AÑO kWh | AC55: =SUM(AC7:AC54) -> 2.628613e+08
H59: 1000
