Workbook

Sheet PRODUCTO 01
C1: CP-GNCC2025-002
C2: CP-GNCC2025-002-PROD01
C3: CANTIDAD EN: | D3: KWh
C4: MODALIDAD: | D4: PAGUE LO CONTRATADO
C5: OFERENTE:
C9: MES DE SUMINISTRO | D9: ENERGÍA SOLICITADA (KWh) | E9: % ENERGÍA OFRECIDA | F9: ENERGÍA OFRECIDA (KWh) | G9: PRECIO OFERTADO ($/KWh)
C10: 46023 | D10: =+_xlfn.XLOOKUP(C10,'Cantidades horarias PROD 01'!E:E,'Cantidades horarias PROD 01'!F:F) -> 39045741 | E10: 1 | F10: =ROUND(D10*$E10,2) -> 39045741
C11: 46054 | D11: =+_xlfn.XLOOKUP(C11,'Cantidades horarias PROD 01'!E:E,'Cantidades horarias PROD 01'!F:F) -> 36042923 | E11: 1 | F11: =ROUND(D11*$E11,2) -> 36042923
C12: 46082 | D12: =+_xlfn.XLOOKUP(C12,'Cantidades horarias PROD 01'!E:E,'Cantidades horarias PROD 01'!F:F) -> 39294897 | E12: 1 | F12: =ROUND(D12*$E12,2) -> 39294897
C13: 46113 | D13: =+_xlfn.XLOOKUP(C13,'Cantidades horarias PROD 01'!E:E,'Cantidades horarias PROD 01'!F:F) -> 37825628 | E13: 1 | F13: =ROUND(D13*$E13,2) -> 37825628
C14: 46143 | D14: =+_xlfn.XLOOKUP(C14,'Cantidades horarias PROD 01'!E:E,'Cantidades horarias PROD 01'!F:F) -> 39202114 | E14: 1 | F14: =ROUND(D14*$E14,2) -> 39202114
C15: 46174 | D15: =+_xlfn.XLOOKUP(C15,'Cantidades horarias PROD 01'!E:E,'Cantidades horarias PROD 01'!F:F) -> 37941686 | E15: 1 | F15: =ROUND(D15*$E15,2) -> 37941686
C16: 46204 | D16: =+_xlfn.XLOOKUP(C16,'Cantidades horarias PROD 01'!E:E,'Cantidades horarias PROD 01'!F:F) -> 40137511 | E16: 1 | F16: =ROUND(D16*$E16,2) -> 40137511
C17: 46235 | D17: =+_xlfn.XLOOKUP(C17,'Cantidades horarias PROD 01'!E:E,'Cantidades horarias PROD 01'!F:F) -> 38908847 | E17: 1 | F17: =ROUND(D17*$E17,2) -> 38908847
C18: 46266 | D18: =+_xlfn.XLOOKUP(C18,'Cantidades horarias PROD 01'!E:E,'Cantidades horarias PROD 01'!F:F) -> 38535133 | E18: 1 | F18: =ROUND(D18*$E18,2) -> 38535133
C19: 46296 | D19: =+_xlfn.XLOOKUP(C19,'Cantidades horarias PROD 01'!E:E,'Cantidades horarias PROD 01'!F:F) -> 39571327 | E19: 1 | F19: =ROUND(D19*$E19,2) -> 39571327
C20: 46327 | D20: =+_xlfn.XLOOKUP(C20,'Cantidades horarias PROD 01'!E:E,'Cantidades horarias PROD 01'!F:F) -> 38022246 | E20: 1 | F20: =ROUND(D20*$E20,2) -> 38022246
C21: 46357 | D21: =+_xlfn.XLOOKUP(C21,'Cantidades horarias PROD 01'!E:E,'Cantidades horarias PROD 01'!F:F) -> 38156821 | E21: 1 | F21: =ROUND(D21*$E21,2) -> 38156821
C22: TOTAL | D22: =SUM(D10:D21) -> 4.6268487e+08 | E22: =IFERROR(F22/D22,0) -> 1 | F22: =SUM(F10:F21) -> 4.6268487e+08 | G22: =G10 -> 0
D24: Relacion ≥ | E24: 0.8
D25: Relacion: | E25: =MIN(E10:E21)/MAX(E10:E21) -> 1
C26: Nota
C27: 1. $/kWh expresados en pesos de julio de 2025.
C28: 2. La energia ofertada se despachara conforme a las cantidades horarias de este anexo
C32: XXXXXXXXXXXXXXXXXXXXXXXX
C33: REPRESENTANTE LEGAL
C34: XXXXXXXXXXXXXXXXXXXXXX S.A E.S.P

Sheet Cantidades horarias PROD 01
E1: CUADRO DE CANTIDADES HORARIAS OFRECIDAS
E2: CANTIDADES DE ENERGIA (KWh) - PRODUCTO 1
E3: PAGUE LO CONTRATADO
E5: OFERENTE:
F8: Cantidad Ofrecida | G8: Tipo de día | H8: N° días mes | I8: H1 | J8: H2 | K8: H3 | L8: H4 | M8: H5 | N8: H6 | O8: H7 | P8: H8 | Q8: H9 | R8: H10 | S8: H11 | T8: H12 | U8: H13 | V8: H14 | W8: H15 | X8: H16 | Y8: H17 | Z8: H18 | AA8: H19 | AB8: H20 | AC8: H21 | AD8: H22 | AE8: H23 | AF8: H24 | AG8: TOTAL
E9: 46023 | F9: =+AG13 -> 39045741 | G9: OR | H9: 20 | I9: 46531.807 | J9: 45464.635 | K9: 44892.082 | L9: 44894.445 | M9: 44638.293 | N9: 46081.403 | O9: 49363.983 | P9: 56329.077 | Q9: 61907.059 | R9: 63611.528 | S9: 64667.698 | T9: 64235.098 | U9: 62105.257 | V9: 61214.617 | W9: 63059.359 | X9: 64186.176 | Y9: 63490.423 | Z9: 63548.963 | AA9: 60555.118 | AB9: 58586.029 | AC9: 55680.976 | AD9: 52286.072 | AE9: 49739.852 | AF9: 48446.831 | AG9: =ROUND(SUM(I9:AF9)*H9,2) -> 26710336
G10: SA | H10: 5 | I10: 45437.722 | J10: 44363.604 | K10: 43958.12 | L10: 43768.702 | M10: 43450.757 | N10: 44531.574 | O10: 47965.669 | P10: 56599.476 | Q10: 57593.086 | R10: 55870.048 | S10: 60910.344 | T10: 60882.835 | U10: 57733.248 | V10: 57559.075 | W10: 59494.37 | X10: 58760.909 | Y10: 58674.257 | Z10: 59557.763 | AA10: 56696.882 | AB10: 55913.586 | AC10: 53391.134 | AD10: 50052.733 | AE10: 47317.133 | AF10: 45879.755 | AG10: =ROUND(SUM(I10:AF10)*H10,2) -> 6331813.9
G11: DO | H11: 4 | I11: 41998.111 | J11: 41561.923 | K11: 41371.287 | L11: 41164.563 | M11: 41488.393 | N11: 41079.541 | O11: 43066.107 | P11: 40039.386 | Q11: 34127.207 | R11: 30990.951 | S11: 35524.432 | T11: 39293.398 | U11: 41886.636 | V11: 43425.272 | W11: 41722.063 | X11: 41823.475 | Y11: 41910.776 | Z11: 42002.278 | AA11: 41628.764 | AB11: 41745.982 | AC11: 41268.055 | AD11: 40833.699 | AE11: 40687.202 | AF11: 40272.84 | AG11: =ROUND(SUM(I11:AF11)*H11,2) -> 3883649.4
G12: FE | H12: 2 | I12: 45535.495 | J12: 44988.562 | K12: 44762.523 | L12: 44775.143 | M12: 45064.269 | N12: 43522.709 | O12: 44777.933 | P12: 45761.319 | Q12: 41659.23 | R12: 39509.735 | S12: 44276.367 | T12: 48716.46 | U12: 50615.966 | V12: 49758.923 | W12: 46112.203 | X12: 43322.167 | Y12: 43257.199 | Z12: 43951.743 | AA12: 43897.392 | AB12: 44005.468 | AC12: 42814.91 | AD12: 40020.75 | AE12: 39677.973 | AF12: 39186.609 | AG12: =ROUND(SUM(I12:AF12)*H12,2) -> 2119942.1
G13: TOTAL | H13: =+SUM(H9:H12) -> 31 | I13: =+SUMPRODUCT(I9:I12,$H9:$H12) -> 1416888.2 | J13: =+SUMPRODUCT(J9:J12,$H9:$H12) -> 1387335.5 | K13: =+SUMPRODUCT(K9:K12,$H9:$H12) -> 1372642.4 | L13: =+SUMPRODUCT(L9:L12,$H9:$H12) -> 1370940.9 | M13: =+SUMPRODUCT(M9:M12,$H9:$H12) -> 1366101.8 | N13: =+SUMPRODUCT(N9:N12,$H9:$H12) -> 1395649.5 | O13: =+SUMPRODUCT(O9:O12,$H9:$H12) -> 1488928.3 | P13: =+SUMPRODUCT(P9:P12,$H9:$H12) -> 1661259.1 | ... AF13: =+SUMPRODUCT(AF9:AF12,$H9:$H12) -> 1437800 | AG13: =SUM(I13:AF13) -> 39045741
E14: 46054 | F14: =+AG18 -> 36042923 | G14: OR | H14: 20 | I14: 47285.378 | J14: 46205.821 | K14: 45610.856 | L14: 45617.717 | M14: 45183.114 | N14: 46617.123 | O14: 49798.301 | P14: 56495.408 | Q14: 62462.846 | R14: 62046.563 | S14: 65453.149 | T14: 65450.122 | U14: 63155.503 | V14: 62633.198 | W14: 63701.525 | X14: 64825.532 | Y14: 64152.577 | Z14: 64083.299 | AA14: 61156.394 | AB14: 59231.351 | AC14: 56338.255 | AD14: 52989.373 | AE14: 50326.455 | AF14: 49084.491 | AG14: =+SUM(I14:AF14)*H14 -> 26998087
E15: 46054 | G15: SA | H15: 4 | I15: 46448.031 | J15: 45385.644 | K15: 44978.292 | L15: 44756.384 | M15: 44348.887 | N15: 45419.541 | O15: 48776.132 | P15: 57796.136 | Q15: 57520.428 | R15: 54464.035 | S15: 57761.488 | T15: 59124.563 | U15: 57662.181 | V15: 61889.652 | W15: 61402.474 | X15: 60067.947 | Y15: 59749.338 | Z15: 60602.272 | AA15: 58175.593 | AB15: 56917.733 | AC15: 54461.406 | AD15: 51094.74 | AE15: 48330.093 | AF15: 46897.292 | AG15: =+SUM(I15:AF15)*H15 -> 5136121.1
E16: 46054 | G16: DO | H16: 4 | I16: 42428.397 | J16: 41965.62 | K16: 41744.496 | L16: 41563.245 | M16: 41908.14 | N16: 41646.644 | O16: 43285.058 | P16: 39993.347 | Q16: 34646.419 | R16: 30227.298 | S16: 33060.495 | T16: 38146.466 | U16: 42317.789 | V16: 46387.573 | W16: 42650.271 | X16: 42171.893 | Y16: 42219.848 | Z16: 42358.008 | AA16: 41929.965 | AB16: 42206.588 | AC16: 41648.821 | AD16: 41152.535 | AE16: 40987.302 | AF16: 40532.392 | AG16: =+SUM(I16:AF16)*H16 -> 3908714.4
E17: 46054 | G17: FE | H17: 0 | I17: 0 | J17: 0 | K17: 0 | L17: 0 | M17: 0 | N17: 0 | O17: 0 | P17: 0 | Q17: 0 | R17: 0 | S17: 0 | T17: 0 | U17: 0 | V17: 0 | W17: 0 | X17: 0 | Y17: 0 | Z17: 0 | AA17: 0 | AB17: 0 | AC17: 0 | AD17: 0 | AE17: 0 | AF17: 0 | AG17: =+SUM(I17:AF17)*H17 -> 0
E18: 46054 | G18: TOTAL | H18: =+SUM(H14:H17) -> 28 | I18: =+SUMPRODUCT(I14:I17,$H14:$H17) -> 1301213.3 | J18: =+SUMPRODUCT(J14:J17,$H14:$H17) -> 1273521.5 | K18: =+SUMPRODUCT(K14:K17,$H14:$H17) -> 1259108.3 | L18: =+SUMPRODUCT(L14:L17,$H14:$H17) -> 1257632.9 | M18: =+SUMPRODUCT(M14:M17,$H14:$H17) -> 1248690.4 | N18: =+SUMPRODUCT(N14:N17,$H14:$H17) -> 1280607.2 | O18: =+SUMPRODUCT(O14:O17,$H14:$H17) -> 1364210.8 | P18: =+SUMPRODUCT(P14:P17,$H14:$H17) -> 1521066.1 | ... AF18: =+SUMPRODUCT(AF14:AF17,$H14:$H17) -> 1331408.6 | AG18: =SUM(I18:AF18) -> 36042923
E19: 46082 | F19: =+AG23 -> 39294897 | G19: OR | H19: 21 | I19: 47448.963 | J19: 46381.126 | K19: 45790.527 | L19: 45786.691 | M19: 45375.465 | N19: 46685.021 | O19: 49677.663 | P19: 54609.619 | Q19: 58688.471 | R19: 61558.936 | S19: 62389.448 | T19: 62003.335 | U19: 60067.544 | V19: 61387.675 | W19: 63256.699 | X19: 64424.956 | Y19: 63752.966 | Z19: 63742.09 | AA19: 60904.761 | AB19: 59100.323 | AC19: 56245.039 | AD19: 52985.046 | AE19: 50390.877 | AF19: 49152.465 | AG19: =+SUM(I19:AF19)*H19 -> 27967920
E20: 46082 | G20: SA | H20: 4 | I20: 46418.223 | J20: 45365.056 | K20: 44992.234 | L20: 44815.293 | M20: 44434.044 | N20: 45443.274 | O20: 47887.926 | P20: 54761.103 | Q20: 60542.341 | R20: 61433.365 | S20: 63897.726 | T20: 63909.495 | U20: 61192.759 | V20: 60738.776 | W20: 59542.377 | X20: 59841.711 | Y20: 59499.179 | Z20: 60379.537 | AA20: 58023.595 | AB20: 56849.319 | AC20: 54438.821 | AD20: 51163.59 | AE20: 48498.365 | AF20: 47094.123 | AG20: =+SUM(I20:AF20)*H20 -> 5204648.9
E21: 46082 | G21: DO | H21: 5 | I21: 43990.728 | J21: 43535.399 | K21: 43288.412 | L21: 43088.634 | M21: 43239.142 | N21: 42204.153 | O21: 42157.455 | P21: 43868.905 | Q21: 40082.898 | R21: 36567.898 | S21: 39159.991 | T21: 42335.137 | U21: 45361.587 | V21: 43328.215 | W21: 41504.207 | X21: 42318.22 | Y21: 42188.899 | Z21: 42611.098 | AA21: 42282.711 | AB21: 42620.062 | AC21: 41983.221 | AD21: 41561.433 | AE21: 41380.759 | AF21: 40990.617 | AG21: =+SUM(I21:AF21)*H21 -> 5058248.9
E22: 46082 | G22: FE | H22: 1 | I22: 45702.535 | J22: 45167.195 | K22: 44909.556 | L22: 44694.201 | M22: 44629.094 | N22: 42633.949 | O22: 42433.092 | P22: 46967.586 | Q22: 47622.082 | R22: 45092.963 | S22: 47918.017 | T22: 51709.935 | U22: 49093.616 | V22: 46463.78 | W22: 42247.539 | X22: 42176.439 | Y22: 41773.424 | Z22: 42539.199 | AA22: 42401.904 | AB22: 42878.31 | AC22: 41916.957 | AD22: 41372.364 | AE22: 41078.242 | AF22: 40657.044 | AG22: =+SUM(I22:AF22)*H22 -> 1064079
E23: 46082 | G23: TOTAL | H23: =+SUM(H19:H22) -> 31 | I23: =+SUMPRODUCT(I19:I22,$H19:$H22) -> 1447757.3 | J23: =+SUMPRODUCT(J19:J22,$H19:$H22) -> 1418308.1 | K23: =+SUMPRODUCT(K19:K22,$H19:$H22) -> 1402921.6 | L23: =+SUMPRODUCT(L19:L22,$H19:$H22) -> 1400919 | M23: =+SUMPRODUCT(M19:M22,$H19:$H22) -> 1391445.8 | N23: =+SUMPRODUCT(N19:N22,$H19:$H22) -> 1415813.2 | O23: =+SUMPRODUCT(O19:O22,$H19:$H22) -> 1488003 | P23: =+SUMPRODUCT(P19:P22,$H19:$H22) -> 1632158.5 | ... AF23: =+SUMPRODUCT(AF19:AF22,$H19:$H22) -> 1466188.4 | AG23: =SUM(I23:AF23) -> 39294897
E24: 46113 | F24: =+AG28 -> 37825628 | G24: OR | H24: 20 | I24: 48589.29 | J24: 47504.826 | K24: 46896.955 | L24: 46881.77 | M24: 46460.389 | N24: 47814.913 | O24: 50946.604 | P24: 56036.337 | Q24: 60502.753 | R24: 57655.591 | S24: 59729.777 | T24: 59590.434 | U24: 60416.598 | V24: 63169.58 | W24: 65051.573 | X24: 66186.195 | Y24: 65493.163 | Z24: 65398.699 | AA24: 62450.269 | AB24: 60585.265 | AC24: 57652.009 | AD24: 54301.761 | AE24: 51633.698 | AF24: 50367.184 | AG24: =+SUM(I24:AF24)*H24 -> 27026313
E25: 46113 | G25: SA | H25: 4 | I25: 47490.138 | J25: 46416.194 | K25: 46022.107 | L25: 45821.528 | M25: 45424.94 | N25: 46440.259 | O25: 49125.483 | P25: 56191.442 | Q25: 54130.09 | R25: 49931.013 | S25: 50903.099 | T25: 49558.574 | U25: 48033.241 | V25: 48120.144 | W25: 56452.589 | X25: 61153.675 | Y25: 60804.788 | Z25: 61647.63 | AA25: 59258.595 | AB25: 58040.207 | AC25: 55552.582 | AD25: 52174.457 | AE25: 49408.539 | AF25: 47982.112 | AG25: =+SUM(I25:AF25)*H25 -> 4984333.7
E26: 46113 | G26: DO | H26: 4 | I26: 44299.376 | J26: 43853.842 | K26: 43589.512 | L26: 43382.348 | M26: 43678.469 | N26: 43248.316 | O26: 41542.633 | P26: 35674.919 | Q26: 30920.87 | R26: 25320.686 | S26: 25803.986 | T26: 28227.096 | U26: 32402.778 | V26: 34175.222 | W26: 43222.267 | X26: 43991.874 | Y26: 44028.003 | Z26: 44212.121 | AA26: 43758.651 | AB26: 43959.159 | AC26: 43441.561 | AD26: 43032.5 | AE26: 42881.838 | AF26: 42482.418 | AG26: =+SUM(I26:AF26)*H26 -> 3804521.8
E27: 46113 | G27: FE | H27: 2 | I27: 46098.862 | J27: 45547.092 | K27: 45284.453 | L27: 45060.048 | M27: 45004.301 | N27: 42984.396 | O27: 43063.418 | P27: 41392.971 | Q27: 38444.454 | R27: 33837.53 | S27: 34553.722 | T27: 37645.809 | U27: 41127.369 | V27: 43013.19 | W27: 42035.036 | X27: 42579.696 | Y27: 42174.96 | Z27: 42934.756 | AA27: 42797.731 | AB27: 43264.597 | AC27: 42279.934 | AD27: 41715.161 | AE27: 41413.558 | AF27: 40977.04 | AG27: =+SUM(I27:AF27)*H27 -> 2010460.2
E28: 46113 | G28: TOTAL | H28: =+SUM(H24:H27) -> 30 | I28: =+SUMPRODUCT(I24:I27,$H24:$H27) -> 1431141.6 | J28: =+SUMPRODUCT(J24:J27,$H24:$H27) -> 1402270.9 | K28: =+SUMPRODUCT(K24:K27,$H24:$H27) -> 1386954.5 | L28: =+SUMPRODUCT(L24:L27,$H24:$H27) -> 1384571 | M28: =+SUMPRODUCT(M24:M27,$H24:$H27) -> 1375630 | N28: =+SUMPRODUCT(N24:N27,$H24:$H27) -> 1401021.4 | O28: =+SUMPRODUCT(O24:O27,$H24:$H27) -> 1467731.4 | P28: =+SUMPRODUCT(P24:P27,$H24:$H27) -> 1570978.1 | ... AF28: =+SUMPRODUCT(AF24:AF27,$H24:$H27) -> 1451155.9 | AG28: =SUM(I28:AF28) -> 37825628
E29: 46143 | F29: =+AG33 -> 39202114 | G29: OR | H29: 19 | I29: 49318.953 | J29: 48237.89 | K29: 47630.447 | L29: 47612.319 | M29: 47182.857 | N29: 48464.222 | O29: 51466.902 | P29: 56484.071 | Q29: 59356.372 | R29: 57007.966 | S29: 61419.182 | T29: 63208.113 | U29: 62115.235 | V29: 63459.31 | W29: 65344.014 | X29: 66494.69 | Y29: 65802.362 | Z29: 65747.974 | AA29: 62862.149 | AB29: 61069.962 | AC29: 58177.099 | AD29: 54897.242 | AE29: 52290.967 | AF29: 51039.143 | AG29: =+SUM(I29:AF29)*H29 -> 25967099
E30: 46143 | G30: SA | H30: 5 | I30: 47959.355 | J30: 46900.995 | K30: 46531.51 | L30: 46357.071 | M30: 45957.563 | N30: 46924.133 | O30: 49552.766 | P30: 55671.091 | Q30: 50084.236 | R30: 49133.308 | S30: 52529.623 | T30: 53243.647 | U30: 52040.851 | V30: 54783.144 | W30: 57518.408 | X30: 61438.36 | Y30: 61079.75 | Z30: 61942.759 | AA30: 59584.628 | AB30: 58443.667 | AC30: 56007.331 | AD30: 52701.852 | AE30: 50008.153 | AF30: 48608.336 | AG30: =+SUM(I30:AF30)*H30 -> 6325012.7
E31: 46143 | G31: DO | H31: 5 | I31: 44773.394 | J31: 44351.988 | K31: 44082.139 | L31: 43893.737 | M31: 44179.894 | N31: 43800.484 | O31: 41676.618 | P31: 35367.538 | Q31: 26728.517 | R31: 24362.831 | S31: 27259.231 | T31: 31759.35 | U31: 36285.799 | V31: 40731.191 | W31: 43590.548 | X31: 44342.089 | Y31: 44380.167 | Z31: 44598.866 | AA31: 44121.657 | AB31: 44376.25 | AC31: 43914.116 | AD31: 43570.261 | AE31: 43443.464 | AF31: 43079.658 | AG31: =+SUM(I31:AF31)*H31 -> 4843348.9
E32: 46143 | G32: FE | H32: 2 | I32: 47377.551 | J32: 46830.977 | K32: 46553.067 | L32: 46071.898 | M32: 46389.362 | N32: 44287.005 | O32: 44518.461 | P32: 41096.41 | Q32: 34263.771 | R32: 32886.375 | S32: 36015.556 | T32: 41186.153 | U32: 45019.72 | V32: 47083.138 | W32: 43078.916 | X32: 43582.463 | Y32: 43135.587 | Z32: 44019.375 | AA32: 43887.268 | AB32: 44495.942 | AC32: 43531.131 | AD32: 42987.14 | AE32: 42709.551 | AF32: 42319.435 | AG32: =+SUM(I32:AF32)*H32 -> 2066652.5
E33: 46143 | G33: TOTAL | H33: =+SUM(H29:H32) -> 31 | I33: =+SUMPRODUCT(I29:I32,$H29:$H32) -> 1495479 | J33: =+SUMPRODUCT(J29:J32,$H29:$H32) -> 1466446.8 | K33: =+SUMPRODUCT(K29:K32,$H29:$H32) -> 1451152.9 | L33: =+SUMPRODUCT(L29:L32,$H29:$H32) -> 1448031.9 | M33: =+SUMPRODUCT(M29:M32,$H29:$H32) -> 1439940.3 | N33: =+SUMPRODUCT(N29:N32,$H29:$H32) -> 1463017.3 | O33: =+SUMPRODUCT(O29:O32,$H29:$H32) -> 1523055 | P33: =+SUMPRODUCT(P29:P32,$H29:$H32) -> 1610583.3 | ... AF33: =+SUMPRODUCT(AF29:AF32,$H29:$H32) -> 1512822.6 | AG33: =SUM(I33:AF33) -> 39202114
E34: 46174 | F34: =+AG38 -> 37941686 | G34: OR | H34: 19 | I34: 50264.024 | J34: 49179.972 | K34: 48570.454 | L34: 48557.68 | M34: 48113.627 | N34: 49414.019 | O34: 52445.651 | P34: 57818.587 | Q34: 58883.935 | R34: 53334.923 | S34: 55126.274 | T34: 58430.826 | U34: 58023.833 | V34: 64523.564 | W34: 66406.673 | X34: 67540.342 | Y34: 66846.394 | Z34: 66770.999 | AA34: 63868.005 | AB34: 62055.453 | AC34: 59157.82 | AD34: 55863.435 | AE34: 53248.607 | AF34: 51997.054 | AG34: =+SUM(I34:AF34)*H34 -> 25962401
E35: 46174 | G35: SA | H35: 4 | I35: 49121.847 | J35: 48059.619 | K35: 47683.878 | L35: 47496.228 | M35: 47082.007 | N35: 48055.538 | O35: 51911.309 | P35: 55136.237 | Q35: 50858.849 | R35: 45636.135 | S35: 46326.036 | T35: 48427.576 | U35: 45886.366 | V35: 52071.621 | W35: 59212.138 | X35: 62655.673 | Y35: 62303.85 | Z35: 63154.298 | AA35: 60779.59 | AB35: 59625.212 | AC35: 57173.96 | AD35: 53840.994 | AE35: 51115.9 | AF35: 49709.984 | AG35: =+SUM(I35:AF35)*H35 -> 5053299.4
E36: 46174 | G36: DO | H36: 4 | I36: 45824.627 | J36: 45390.564 | K36: 45115.738 | L36: 44920.7 | M36: 45216.789 | N36: 45211.388 | O36: 40461.227 | P36: 34667.634 | Q36: 27710.37 | R36: 21090.588 | S36: 21295.353 | T36: 27157.188 | U36: 30307.134 | V36: 38171.818 | W36: 44603.339 | X36: 45369.835 | Y36: 45407.621 | Z36: 45625.332 | AA36: 45144.352 | AB36: 45399.88 | AC36: 44926.47 | AD36: 44574.346 | AE36: 44446.26 | AF36: 44071.806 | AG36: =+SUM(I36:AF36)*H36 -> 3848441.4
E37: 46174 | G37: FE | H37: 3 | I37: 48369.694 | J37: 47806.086 | K37: 46444.731 | L37: 45729.658 | M37: 46046.232 | N37: 45681.44 | O37: 43302.381 | P37: 40382.966 | Q37: 35230.144 | R37: 29605.442 | S37: 30043.009 | T37: 36573.171 | U37: 39028.754 | V37: 47007.347 | W37: 45051.663 | X37: 44607.658 | Y37: 44160.959 | Z37: 45034.001 | AA37: 44901.759 | AB37: 45495.892 | AC37: 44506.344 | AD37: 43939.339 | AE37: 43653.042 | AF37: 43246.25 | AG37: =+SUM(I37:AF37)*H37 -> 3077543.9
E38: 46174 | G38: TOTAL | H38: =+SUM(H34:H37) -> 30 | I38: =+SUMPRODUCT(I34:I37,$H34:$H37) -> 1479911.4 | J38: =+SUMPRODUCT(J34:J37,$H34:$H37) -> 1451638.5 | K38: =+SUMPRODUCT(K34:K37,$H34:$H37) -> 1433371.3 | L38: =+SUMPRODUCT(L34:L37,$H34:$H37) -> 1429452.6 | M38: =+SUMPRODUCT(M34:M37,$H34:$H37) -> 1421492.8 | N38: =+SUMPRODUCT(N34:N37,$H34:$H37) -> 1448978.4 | O38: =+SUMPRODUCT(O34:O37,$H34:$H37) -> 1495864.7 | P38: =+SUMPRODUCT(P34:P37,$H34:$H37) -> 1578917.5 | ... AF38: =+SUMPRODUCT(AF34:AF37,$H34:$H37) -> 1492809.9 | AG38: =SUM(I38:AF38) -> 37941686
E39: 46204 | F39: =+AG43 -> 40137511 | G39: OR | H39: 22 | I39: 50077.112 | J39: 48995.241 | K39: 48386.941 | L39: 48367.78 | M39: 47939.078 | N39: 49223.184 | O39: 52234.555 | P39: 57260.449 | Q39: 61472.712 | R39: 55222.389 | S39: 59118.588 | T39: 59610.943 | U39: 58207.189 | V39: 64255.292 | W39: 66140.834 | X39: 67290.556 | Y39: 66597.099 | Z39: 66538.619 | AA39: 63646.254 | AB39: 61850.555 | AC39: 58952.603 | AD39: 55667.047 | AE39: 53055.749 | AF39: 51801.916 | AG39: =+SUM(I39:AF39)*H39 -> 30182079
E40: 46204 | G40: SA | H40: 4 | I40: 48792.956 | J40: 47733.575 | K40: 47363.114 | L40: 47187.983 | M40: 46788.616 | N40: 47755.561 | O40: 50831.601 | P40: 57163.555 | Q40: 53305.986 | R40: 47386.121 | S40: 50176.18 | T40: 49453.203 | U40: 45934.112 | V40: 52364.443 | W40: 56969.121 | X40: 62283.162 | Y40: 61923.86 | Z40: 62785.458 | AA40: 60426.321 | AB40: 59283.074 | AC40: 56843.046 | AD40: 53533.106 | AE40: 50835.293 | AF40: 49434.402 | AG40: =+SUM(I40:AF40)*H40 -> 5066215.4
E41: 46204 | G41: DO | H41: 4 | I41: 45258.396 | J41: 44843.208 | K41: 44572.59 | L41: 44388.547 | M41: 44675.534 | N41: 44337.673 | O41: 41582.776 | P41: 36445.862 | Q41: 29833.097 | R41: 22487.124 | S41: 24770.308 | T41: 27848.746 | U41: 30079.649 | V41: 38225.52 | W41: 44021.263 | X41: 44772.38 | Y41: 44812.599 | Z41: 45041.019 | AA41: 44555.9 | AB41: 44829.701 | AC41: 44388.107 | AD41: 44065.598 | AE41: 43949.356 | AF41: 43594.141 | AG41: =+SUM(I41:AF41)*H41 -> 3853516.4
E42: 46204 | G42: FE | H42: 1 | I42: 48057.956 | J42: 47508.785 | K42: 47140.691 | L42: 46259.568 | M42: 46576.722 | N42: 45259.385 | O42: 44426.279 | P42: 42184.794 | Q42: 37379.76 | R42: 31017.878 | S42: 33533.943 | T42: 37284.408 | U42: 38823.39 | V42: 47082.219 | W42: 45756.483 | X42: 44354.535 | Y42: 43913.627 | Z42: 44782.52 | AA42: 44649.029 | AB42: 45242.322 | AC42: 44272.064 | AD42: 43717.337 | AE42: 43435.515 | AF42: 43041.124 | AG42: =+SUM(I42:AF42)*H42 -> 1035700.3
E43: 46204 | G43: TOTAL | H43: =+SUM(H39:H42) -> 31 | I43: =+SUMPRODUCT(I39:I42,$H39:$H42) -> 1525959.8 | J43: =+SUMPRODUCT(J39:J42,$H39:$H42) -> 1495711.2 | K43: =+SUMPRODUCT(K39:K42,$H39:$H42) -> 1479396.2 | L43: =+SUMPRODUCT(L39:L42,$H39:$H42) -> 1476656.8 | M43: =+SUMPRODUCT(M39:M42,$H39:$H42) -> 1467093 | N43: =+SUMPRODUCT(N39:N42,$H39:$H42) -> 1496542.4 | O43: =+SUMPRODUCT(O39:O42,$H39:$H42) -> 1563244 | P43: =+SUMPRODUCT(P39:P42,$H39:$H42) -> 1676352.3 | ... AF43: =+SUMPRODUCT(AF39:AF42,$H39:$H42) -> 1554797.4 | AG43: =SUM(I43:AF43) -> 40137511
E44: 46235 | F44: =+AG48 -> 38908847 | G44: OR | H44: 19 | I44: 49753.481 | J44: 48671 | K44: 48061.896 | L44: 48042.127 | M44: 47612.038 | N44: 48893.492 | O44: 51902.836 | P44: 57241.61 | Q44: 55194.338 | R44: 53493.922 | S44: 56024.936 | T44: 60374.778 | U44: 62242.542 | V44: 63932.944 | W44: 65819.23 | X44: 66968.115 | Y44: 66273.722 | Z44: 66213.712 | AA44: 63320.24 | AB44: 61526.411 | AC44: 58627.607 | AD44: 55342.539 | AE44: 52732.012 | AF44: 51477.935 | AG44: =+SUM(I44:AF44)*H44 -> 25835126
E45: 46235 | G45: SA | H45: 5 | I45: 48490.797 | J45: 47430.746 | K45: 47059.995 | L45: 46884.666 | M45: 46484.574 | N45: 47449.853 | O45: 50825.517 | P45: 54788.981 | Q45: 47080.681 | R45: 45707.504 | S45: 47134.848 | T45: 50273.788 | U45: 49752.445 | V45: 51203.721 | W45: 59955.148 | X45: 61988.29 | Y45: 61628.009 | Z45: 62488.246 | AA45: 60128.56 | AB45: 58985.753 | AC45: 56542.991 | AD45: 53229.781 | AE45: 50528.938 | AF45: 49127.785 | AG45: =+SUM(I45:AF45)*H45 -> 6275858.1
E46: 46235 | G46: DO | H46: 5 | I46: 45211.036 | J46: 44789.461 | K46: 44517.104 | L46: 44329.724 | M46: 44615.418 | N46: 44441.706 | O46: 40959.28 | P46: 34160.278 | Q46: 23723.412 | R46: 20935.667 | S46: 21862.965 | T46: 28788.09 | U46: 33996.122 | V46: 37150.608 | W46: 44017.564 | X46: 44768.486 | Y46: 44805.836 | Z46: 45028.609 | AA46: 44548.041 | AB46: 44807.5 | AC46: 44346.522 | AD46: 44006.923 | AE46: 43880.693 | AF46: 43519.169 | AG46: =+SUM(I46:AF46)*H46 -> 4766051.1
E47: 46235 | G47: FE | H47: 2 | I47: 47537.153 | J47: 46989.847 | K47: 46710.128 | L47: 46078.198 | M47: 46395.712 | N47: 44629.002 | O47: 43800.733 | P47: 39888.86 | Q47: 31258.426 | R47: 29458.991 | S47: 30619.091 | T47: 38214.683 | U47: 42729.813 | V47: 45997.607 | W47: 43675.849 | X47: 43706.646 | Y47: 43255.049 | Z47: 44151.434 | AA47: 44019.955 | AB47: 44642.607 | AC47: 43678.101 | AD47: 43135.41 | AE47: 42859.848 | AF47: 42473.095 | AG47: =+SUM(I47:AF47)*H47 -> 2031812.5
E48: 46235 | G48: TOTAL | H48: =+SUM(H44:H47) -> 31 | I48: =+SUMPRODUCT(I44:I47,$H44:$H47) -> 1508899.6 | J48: =+SUMPRODUCT(J44:J47,$H44:$H47) -> 1479829.7 | K48: =+SUMPRODUCT(K44:K47,$H44:$H47) -> 1464481.8 | L48: =+SUMPRODUCT(L44:L47,$H44:$H47) -> 1461028.8 | M48: =+SUMPRODUCT(M44:M47,$H44:$H47) -> 1452920.1 | N48: =+SUMPRODUCT(N44:N47,$H44:$H47) -> 1477692.1 | O48: =+SUMPRODUCT(O44:O47,$H44:$H47) -> 1532679.3 | P48: =+SUMPRODUCT(P44:P47,$H44:$H47) -> 1612114.6 | ... AF48: =+SUMPRODUCT(AF44:AF47,$H44:$H47) -> 1526261.7 | AG48: =SUM(I48:AF48) -> 38908847
E49: 46266 | F49: =+AG53 -> 38535133 | G49: OR | H49: 22 | I49: 50281.96 | J49: 49195.768 | K49: 48583.96 | L49: 48136.622 | M49: 48126.064 | N49: 49432.766 | O49: 53159.614 | P49: 51966.414 | Q49: 49394.565 | R49: 49921.211 | S49: 56596.697 | T49: 59418.039 | U49: 60538.712 | V49: 63787.599 | W49: 66521.493 | X49: 67652.608 | Y49: 66955.678 | Z49: 66869.749 | AA49: 63950.252 | AB49: 62129.264 | AC49: 59218.749 | AD49: 55910.254 | AE49: 53283.036 | AF49: 52026.447 | AG49: =+SUM(I49:AF49)*H49 -> 29767265
E50: 46266 | G50: SA | H50: 4 | I50: 49250.975 | J50: 48182.603 | K50: 47800.003 | L50: 47754.615 | M50: 47196.312 | N50: 48595.417 | O50: 53095.664 | P50: 46590.811 | Q50: 41705.769 | R50: 42540.803 | S50: 48129.189 | T50: 49775.579 | U50: 48714.505 | V50: 47429.115 | W50: 55664.144 | X50: 62822.343 | Y50: 62497.865 | Z50: 63340.975 | AA50: 60959.751 | AB50: 59786.581 | AC50: 57313.943 | AD50: 53954.876 | AE50: 51205.896 | AF50: 49792.469 | AG50: =+SUM(I50:AF50)*H50 -> 4976400.8
E51: 46266 | G51: DO | H51: 4 | I51: 46058.456 | J51: 45615.666 | K51: 45439.43 | L51: 45429.96 | M51: 45877.778 | N51: 44017.705 | O51: 38833 | P51: 26695.017 | Q51: 19297.919 | R51: 18804.786 | S51: 23951.876 | T51: 29262.401 | U51: 33763.023 | V51: 34078.993 | W51: 43499.611 | X51: 45661.729 | Y51: 45695.54 | Z51: 45905.941 | AA51: 45430.842 | AB51: 45667.328 | AC51: 45167.653 | AD51: 44792.659 | AE51: 44651.057 | AF51: 44268.209 | AG51: =+SUM(I51:AF51)*H51 -> 3791466.3
E52: 46266 | G52: FE | H52: 0 | I52: 0 | J52: 0 | K52: 0 | L52: 0 | M52: 0 | N52: 0 | O52: 0 | P52: 0 | Q52: 0 | R52: 0 | S52: 0 | T52: 0 | U52: 0 | V52: 0 | W52: 0 | X52: 0 | Y52: 0 | Z52: 0 | AA52: 0 | AB52: 0 | AC52: 0 | AD52: 0 | AE52: 0 | AF52: 0 | AG52: =+SUM(I52:AF52)*H52 -> 0
E53: 46266 | G53: TOTAL | H53: =+SUM(H49:H52) -> 30 | I53: =+SUMPRODUCT(I49:I52,$H49:$H52) -> 1487440.9 | J53: =+SUMPRODUCT(J49:J52,$H49:$H52) -> 1457500 | K53: =+SUMPRODUCT(K49:K52,$H49:$H52) -> 1441804.9 | L53: =+SUMPRODUCT(L49:L52,$H49:$H52) -> 1431744 | M53: =+SUMPRODUCT(M49:M52,$H49:$H52) -> 1431069.8 | N53: =+SUMPRODUCT(N49:N52,$H49:$H52) -> 1457973.3 | O53: =+SUMPRODUCT(O49:O52,$H49:$H52) -> 1537226.2 | P53: =+SUMPRODUCT(P49:P52,$H49:$H52) -> 1436404.4 | ... AF53: =+SUMPRODUCT(AF49:AF52,$H49:$H52) -> 1520824.6 | AG53: =SUM(I53:AF53) -> 38535133
E54: 46296 | F54: =+AG58 -> 39571327 | G54: OR | H54: 21 | I54: 50201.51 | J54: 49118.742 | K54: 48509.365 | L54: 48489.157 | M54: 48059.987 | N54: 49343.942 | O54: 52522.956 | P54: 55463.695 | Q54: 54851.93 | R54: 51102.094 | S54: 55878.975 | T54: 58077.918 | U54: 59130.933 | V54: 64403.462 | W54: 66290.011 | X54: 67438.59 | Y54: 66743.823 | Z54: 66681.81 | AA54: 63784.742 | AB54: 61988.179 | AC54: 59086.572 | AD54: 55797.892 | AE54: 53184.078 | AF54: 51928.873 | AG54: =+SUM(I54:AF54)*H54 -> 28519664
E55: 46296 | G55: SA | H55: 5 | I55: 49017.781 | J55: 47955.177 | K55: 47581.241 | L55: 47403.675 | M55: 47005.61 | N55: 48000.883 | O55: 52311.956 | P55: 50035.302 | Q55: 47091.264 | R55: 43650.556 | S55: 47338.497 | T55: 48356.018 | U55: 47236.426 | V55: 49118.151 | W55: 56076.99 | X55: 62543.301 | Y55: 62182.467 | Z55: 63040.086 | AA55: 60677.574 | AB55: 59525.106 | AC55: 57073.789 | AD55: 53750.07 | AE55: 51039.651 | AF55: 49634.97 | AG55: =+SUM(I55:AF55)*H55 -> 6238232.7
E56: 46296 | G56: DO | H56: 4 | I56: 45713.497 | J56: 45289.957 | K56: 45017.581 | L56: 44828.945 | M56: 45437.052 | N56: 44439.853 | O56: 39282.814 | P56: 30010.078 | Q56: 24513.675 | R56: 19729.909 | S56: 22964.134 | T56: 27666.971 | U56: 32140.784 | V56: 35643.628 | W56: 44535.856 | X56: 45286.839 | Y56: 45323.449 | Z56: 45543.605 | AA56: 45065.153 | AB56: 45319.148 | AC56: 44851.859 | AD56: 44506.044 | AE56: 44376.583 | AF56: 44012.608 | AG56: =+SUM(I56:AF56)*H56 -> 3806000.1
E57: 46296 | G57: FE | H57: 1 | I57: 47977.001 | J57: 47143.385 | K57: 45487.491 | L57: 44784.328 | M57: 45103.312 | N57: 44930.485 | O57: 42118.407 | P57: 35676.961 | Q57: 31977.069 | R57: 28209.013 | S57: 31675.27 | T57: 37038.534 | U57: 40813.665 | V57: 44433.197 | W57: 44068.178 | X57: 44163.753 | Y57: 43713.408 | Z57: 44606.608 | AA57: 44474.865 | AB57: 45094.175 | AC57: 44128.742 | AD57: 43584.186 | AE57: 43307.811 | AF57: 42920.151 | AG57: =+SUM(I57:AF57)*H57 -> 1007430
E58: 46296 | G58: TOTAL | H58: =+SUM(H54:H57) -> 31 | I58: =+SUMPRODUCT(I54:I57,$H54:$H57) -> 1530151.6 | J58: =+SUMPRODUCT(J54:J57,$H54:$H57) -> 1499572.7 | K58: =+SUMPRODUCT(K54:K57,$H54:$H57) -> 1482160.7 | L58: =+SUMPRODUCT(L54:L57,$H54:$H57) -> 1479390.8 | M58: =+SUMPRODUCT(M54:M57,$H54:$H57) -> 1471139.3 | N58: =+SUMPRODUCT(N54:N57,$H54:$H57) -> 1498917.1 | O58: =+SUMPRODUCT(O54:O57,$H54:$H57) -> 1563791.5 | P58: =+SUMPRODUCT(P54:P57,$H54:$H57) -> 1570631.4 | ... AF58: =+SUMPRODUCT(AF54:AF57,$H54:$H57) -> 1557651.8 | AG58: =SUM(I58:AF58) -> 39571327
E59: 46327 | F59: =+AG63 -> 38022246 | G59: OR | H59: 19 | I59: 50324.893 | J59: 49238.551 | K59: 48362.62 | L59: 47751.606 | M59: 48167.853 | N59: 49473.195 | O59: 52988.36 | P59: 58134.789 | Q59: 58337.484 | R59: 56725.077 | S59: 59566.34 | T59: 59145.865 | U59: 58274.05 | V59: 64032.106 | W59: 66560.934 | X59: 67691.825 | Y59: 66994.632 | Z59: 66908.569 | AA59: 63989.352 | AB59: 62169.497 | AC59: 59259.218 | AD59: 55951.539 | AE59: 53325.19 | AF59: 52068.727 | AG59: =+SUM(I59:AF59)*H59 -> 26133403
E60: 46327 | G60: SA | H60: 4 | I60: 49102.852 | J60: 48036.923 | K60: 47692.009 | L60: 47644.852 | M60: 47053.765 | N60: 48347.783 | O60: 52622.297 | P60: 52933.006 | Q60: 50736.128 | R60: 49428.029 | S60: 51185.642 | T60: 49597.494 | U60: 46477.252 | V60: 46451.629 | W60: 50725.989 | X60: 61990.346 | Y60: 62323.17 | Z60: 63168.559 | AA60: 60790.106 | AB60: 59627.182 | AC60: 57162.551 | AD60: 53813.362 | AE60: 51073.366 | AF60: 49663.525 | AG60: =+SUM(I60:AF60)*H60 -> 5030591.3
E61: 46327 | G61: DO | H61: 5 | I61: 45822.34 | J61: 45384.619 | K61: 45193.647 | L61: 45147.461 | M61: 45376.464 | N61: 43824.654 | O61: 38940.944 | P61: 33188.153 | Q61: 28522.669 | R61: 25903.462 | S61: 27231.349 | T61: 29282.407 | U61: 31690.36 | V61: 33245.776 | W61: 40478.226 | X61: 45381.571 | Y61: 45417.174 | Z61: 45635.307 | AA61: 45153.916 | AB61: 45405.827 | AC61: 44922.813 | AD61: 44565.013 | AE61: 44431.956 | AF61: 44056.001 | AG61: =+SUM(I61:AF61)*H61 -> 4821010.5
E62: 46327 | G62: FE | H62: 2 | I62: 47915.191 | J62: 46505.535 | K62: 44873.411 | L62: 44179.198 | M62: 44497.622 | N62: 44329.295 | O62: 41774.897 | P62: 38829.185 | Q62: 35956.223 | R62: 34364.987 | S62: 35924.755 | T62: 38632.06 | U62: 40338.691 | V62: 42012.115 | W62: 43347.183 | X62: 44095.924 | Y62: 43642.453 | Z62: 44533.408 | AA62: 44402.161 | AB62: 45016.008 | AC62: 44027.603 | AD62: 43463.712 | AE62: 43180.534 | AF62: 42778.567 | AG62: =+SUM(I62:AF62)*H62 -> 2037241.4
E63: 46327 | G63: TOTAL | H63: =+SUM(H59:H62) -> 30 | I63: =+SUMPRODUCT(I59:I62,$H59:$H62) -> 1477526.5 | J63: =+SUMPRODUCT(J59:J62,$H59:$H62) -> 1447614.3 | K63: =+SUMPRODUCT(K59:K62,$H59:$H62) -> 1425372.9 | L63: =+SUMPRODUCT(L59:L62,$H59:$H62) -> 1411955.6 | M63: =+SUMPRODUCT(M59:M62,$H59:$H62) -> 1419281.8 | N63: =+SUMPRODUCT(N59:N62,$H59:$H62) -> 1441163.7 | O63: =+SUMPRODUCT(O59:O62,$H59:$H62) -> 1495522.5 | P63: =+SUMPRODUCT(P59:P62,$H59:$H62) -> 1559892.1 | ... AF63: =+SUMPRODUCT(AF59:AF62,$H59:$H62) -> 1493797.1 | AG63: =SUM(I63:AF63) -> 38022246
E64: 46357 | F64: =+AG68 -> 38156821 | G64: OR | H64: 21 | I64: 48405.573 | J64: 47320.002 | K64: 46708.042 | L64: 46683.935 | M64: 46261.279 | N64: 47563.828 | O64: 50625.714 | P64: 54235.895 | Q64: 52419.226 | R64: 49779.586 | S64: 55751.964 | T64: 58210.09 | U64: 58861.737 | V64: 62790.512 | W64: 64679.652 | X64: 65825.179 | Y64: 65126.804 | Z64: 65047.688 | AA64: 62120.758 | AB64: 60303.211 | AC64: 57378.281 | AD64: 54060.755 | AE64: 51420.786 | AF64: 50156.249 | AG64: =+SUM(I64:AF64)*H64 -> 27756472
E65: 46357 | G65: SA | H65: 4 | I65: 47253.063 | J65: 46182.941 | K65: 45799.928 | L65: 45616.014 | M65: 45223.129 | N65: 46205.721 | O65: 48897.776 | P65: 48504.391 | Q65: 44261.84 | R65: 41947.438 | S65: 46816.496 | T65: 47913.46 | U65: 45543.94 | V65: 47964.897 | W65: 52970.497 | X65: 60861.362 | Y65: 60498.32 | Z65: 61347.769 | AA65: 58977.053 | AB65: 57797.99 | AC65: 55321.06 | AD65: 51965.972 | AE65: 49226.901 | AF65: 47812.246 | AG65: =+SUM(I65:AF65)*H65 -> 4819640.8
E66: 46357 | G66: DO | H66: 4 | I66: 43758.605 | J66: 43331.53 | K66: 43058.025 | L66: 42867.623 | M66: 43152.282 | N66: 42766.716 | O66: 40696.015 | P66: 27786.098 | Q66: 20794.631 | R66: 17063.141 | S66: 21425.413 | T66: 26320.282 | U66: 29695.627 | V66: 33830.114 | W66: 40942.094 | X66: 43354.976 | Y66: 43389.952 | Z66: 43607.32 | AA66: 43131.112 | AB66: 43377.587 | AC66: 42899.735 | AD66: 42544.86 | AE66: 42409.954 | AF66: 42042.673 | AG66: =+SUM(I66:AF66)*H66 -> 3616985.5
E67: 46357 | G67: FE | H67: 2 | I67: 46636.477 | J67: 46078.432 | K67: 45798.425 | L67: 45577.2 | M67: 45505.872 | N67: 43560.992 | O67: 43528.198 | P67: 33513.15 | Q67: 28331.045 | R67: 25585.525 | S67: 30180.879 | T67: 35747.125 | U67: 38429.268 | V67: 42675.163 | W67: 43924.41 | X67: 43257.892 | Y67: 42838.543 | Z67: 43653.404 | AA67: 43515.039 | AB67: 44052.331 | AC67: 43063.107 | AD67: 42470.868 | AE67: 42173.907 | AF67: 41764.11 | AG67: =+SUM(I67:AF67)*H67 -> 1963722.7
E68: 46357 | G68: TOTAL | H68: =+SUM(H64:H67) -> 31 | I68: =+SUMPRODUCT(I64:I67,$H64:$H67) -> 1473836.7 | J68: =+SUMPRODUCT(J64:J67,$H64:$H67) -> 1443934.8 | K68: =+SUMPRODUCT(K64:K67,$H64:$H67) -> 1427897.6 | L68: =+SUMPRODUCT(L64:L67,$H64:$H67) -> 1425451.6 | M68: =+SUMPRODUCT(M64:M67,$H64:$H67) -> 1416000.2 | N68: =+SUMPRODUCT(N64:N67,$H64:$H67) -> 1441852.1 | O68: =+SUMPRODUCT(O64:O67,$H64:$H67) -> 1508571.6 | P68: =+SUMPRODUCT(P64:P67,$H64:$H67) -> 1511142 | ... AF68: =+SUMPRODUCT(AF64:AF67,$H64:$H67) -> 1496229.1 | AG68: =SUM(I68:AF68) -> 38156821

Sheet PRODUCTO 02
C1: CP-GNCC2025-002
C2: CP-GNCC2025-002-PROD02
C3: CANTIDAD EN: | D3: KWh
C4: MODALIDAD: | D4: PAGUE LO CONTRATADO
C5: OFERENTE:
C9: MES DE SUMINISTRO | D9: ENERGÍA SOLICITADA (KWh) | E9: % ENERGÍA OFRECIDA | F9: ENERGÍA OFRECIDA (KWh) | G9: PRECIO OFERTADO ($/KWh)
C10: 46388 | D10: =+_xlfn.XLOOKUP(C10,'Cantidades horarias PROD 02'!E:E,'Cantidades horarias PROD 02'!F:F) -> 11440518 | E10: 1 | F10: =ROUND(D10*$E10,2) -> 11440518
C11: 46419 | D11: =+_xlfn.XLOOKUP(C11,'Cantidades horarias PROD 02'!E:E,'Cantidades horarias PROD 02'!F:F) -> 10200418 | E11: 1 | F11: =ROUND(D11*$E11,2) -> 10200418
C12: 46447 | D12: =+_xlfn.XLOOKUP(C12,'Cantidades horarias PROD 02'!E:E,'Cantidades horarias PROD 02'!F:F) -> 11568663 | E12: 1 | F12: =ROUND(D12*$E12,2) -> 11568663
C13: 46478 | D13: =+_xlfn.XLOOKUP(C13,'Cantidades horarias PROD 02'!E:E,'Cantidades horarias PROD 02'!F:F) -> 11416737 | E13: 1 | F13: =ROUND(D13*$E13,2) -> 11416737
C14: 46508 | D14: =+_xlfn.XLOOKUP(C14,'Cantidades horarias PROD 02'!E:E,'Cantidades horarias PROD 02'!F:F) -> 12949904 | E14: 1 | F14: =ROUND(D14*$E14,2) -> 12949904
C15: 46539 | D15: =+_xlfn.XLOOKUP(C15,'Cantidades horarias PROD 02'!E:E,'Cantidades horarias PROD 02'!F:F) -> 11118312 | E15: 1 | F15: =ROUND(D15*$E15,2) -> 11118312
C16: 46569 | D16: =+_xlfn.XLOOKUP(C16,'Cantidades horarias PROD 02'!E:E,'Cantidades horarias PROD 02'!F:F) -> 11391158 | E16: 1 | F16: =ROUND(D16*$E16,2) -> 11391158
C17: 46600 | D17: =+_xlfn.XLOOKUP(C17,'Cantidades horarias PROD 02'!E:E,'Cantidades horarias PROD 02'!F:F) -> 11268128 | E17: 1 | F17: =ROUND(D17*$E17,2) -> 11268128
C18: 46631 | D18: =+_xlfn.XLOOKUP(C18,'Cantidades horarias PROD 02'!E:E,'Cantidades horarias PROD 02'!F:F) -> 11165385 | E18: 1 | F18: =ROUND(D18*$E18,2) -> 11165385
C19: 46661 | D19: =+_xlfn.XLOOKUP(C19,'Cantidades horarias PROD 02'!E:E,'Cantidades horarias PROD 02'!F:F) -> 11392405 | E19: 1 | F19: =ROUND(D19*$E19,2) -> 11392405
C20: 46692 | D20: =+_xlfn.XLOOKUP(C20,'Cantidades horarias PROD 02'!E:E,'Cantidades horarias PROD 02'!F:F) -> 11092068 | E20: 1 | F20: =ROUND(D20*$E20,2) -> 11092068
C21: 46722 | D21: =+_xlfn.XLOOKUP(C21,'Cantidades horarias PROD 02'!E:E,'Cantidades horarias PROD 02'!F:F) -> 11426856 | E21: 1 | F21: =ROUND(D21*$E21,2) -> 11426856
C22: TOTAL | D22: =SUM(D10:D21) -> 1.3643055e+08 | E22: =IFERROR(F22/D22,0) -> 1 | F22: =SUM(F10:F21) -> 1.3643055e+08 | G22: =G10 -> 0
D24: Relacion ≥ | E24: 0.8
D25: Relacion: | E25: =MIN(E10:E21)/MAX(E10:E21) -> 1
C26: Nota
C27: 1. $/kWh expresados en pesos de julio de 2025.
C28: 2. La energia ofertada se despachara conforme a las cantidades horarias de este anexo
C32: XXXXXXXXXXXXXXXXXXXXXXXX
C33: REPRESENTANTE LEGAL
C34: XXXXXXXXXXXXXXXXXXXXXX S.A E.S.P

Sheet Cantidades horarias PROD 02
E1: CUADRO DE CANTIDADES HORARIAS OFRECIDAS
E2: CANTIDADES DE ENERGIA (KWh) - PRODUCTO 2
E4: PAGUE LO CONTRATADO
E5: OFERENTE:
E8: MES | F8: Cantidad Ofrecida | G8: Tipo de día | H8: N° días mes | I8: H1 | J8: H2 | K8: H3 | L8: H4 | M8: H5 | N8: H6 | O8: H7 | P8: H8 | Q8: H9 | R8: H10 | S8: H11 | T8: H12 | U8: H13 | V8: H14 | W8: H15 | X8: H16 | Y8: H17 | Z8: H18 | AA8: H19 | AB8: H20 | AC8: H21 | AD8: H22 | AE8: H23 | AF8: H24 | AG8: TOTAL
E9: 46388 | F9: =+AG13 -> 11440518 | G9: OR | H9: 19 | I9: 14619.285 | J9: 14324.808 | K9: 14148.61 | L9: 14098.365 | M9: 14101.837 | N9: 14389.626 | O9: 15199.684 | P9: 16068.333 | Q9: 16626.62 | R9: 16341.103 | S9: 16876.252 | T9: 17113.527 | U9: 16945.573 | V9: 17439.311 | W9: 18320.417 | X9: 19179.924 | Y9: 19625.981 | Z9: 19809.92 | AA9: 19140.614 | AB9: 18553.633 | AC9: 17718.057 | AD9: 16607.472 | AE9: 15661.91 | AF9: 15169.486 | AG9: =ROUND(SUM(I9:AF9)*H9,2) -> 7563526.7
G10: SA | H10: 5 | I10: 14632.925 | J10: 14318.894 | K10: 14123.78 | L10: 14039.773 | M10: 14010.899 | N10: 14152.925 | O10: 14645.999 | P10: 15116.821 | Q10: 13733.816 | R10: 12131.126 | S10: 13525.767 | T10: 13534.426 | U10: 13112.45 | V10: 13967.519 | W10: 16119.03 | X10: 16891.267 | Y10: 17490.386 | Z10: 18163.905 | AA10: 17899.323 | AB10: 17521.796 | AC10: 16856.11 | AD10: 15829.622 | AE10: 14951.039 | AF10: 14464.097 | AG10: =ROUND(SUM(I10:AF10)*H10,2) -> 1806168.5
G11: DO | H11: 5 | I11: 13882.926 | J11: 13636.02 | K11: 13473.96 | L11: 13365.201 | M11: 13357.171 | N11: 13213.7 | O11: 12903.949 | P11: 9402.7606 | Q11: 5641.948 | R11: 3743.7538 | S11: 4855.3642 | T11: 6587.8234 | U11: 8500.452 | V11: 10583.808 | W11: 13342.986 | X11: 14153.514 | Y11: 14914.817 | Z11: 15658.426 | AA11: 15731.04 | AB11: 15564.127 | AC11: 15093.303 | AD11: 14577.941 | AE11: 14149.143 | AF11: 13822.533 | AG11: =ROUND(SUM(I11:AF11)*H11,2) -> 1450783.3
G12: FE | H12: 2 | I12: 14123.325 | J12: 13886.326 | K12: 13737.982 | L12: 13638.78 | M12: 13630.762 | N12: 13389.667 | O12: 13086.598 | P12: 10335.678 | Q12: 8511.9383 | R12: 7444.2837 | S12: 8283.27 | T12: 9254.0064 | U12: 9875.2517 | V12: 12019.638 | W12: 13603.664 | X12: 14437.68 | Y12: 15135.979 | Z12: 15897.717 | AA12: 15938.103 | AB12: 15787.618 | AC12: 15254.677 | AD12: 14677.225 | AE12: 14206.51 | AF12: 13863.052 | AG12: =ROUND(SUM(I12:AF12)*H12,2) -> 620039.46
G13: TOTAL | H13: =+SUM(H9:H12) -> 31 | I13: =+SUMPRODUCT(I9:I12,$H9:$H12) -> 448592.32 | J13: =+SUMPRODUCT(J9:J12,$H9:$H12) -> 439718.58 | K13: =+SUMPRODUCT(K9:K12,$H9:$H12) -> 434288.26 | L13: =+SUMPRODUCT(L9:L12,$H9:$H12) -> 432171.37 | M13: =+SUMPRODUCT(M9:M12,$H9:$H12) -> 432036.78 | N13: =+SUMPRODUCT(N9:N12,$H9:$H12) -> 437015.36 | O13: =+SUMPRODUCT(O9:O12,$H9:$H12) -> 452716.94 | P13: =+SUMPRODUCT(P9:P12,$H9:$H12) -> 448567.58 | ... AF13: =+SUMPRODUCT(AF9:AF12,$H9:$H12) -> 457379.48 | AG13: =SUM(I13:AF13) -> 11440518
E14: 46419 | F14: =+AG18 -> 10200418 | G14: OR | H14: 20 | I14: 14355.851 | J14: 14043.258 | K14: 13842.248 | L14: 13780.028 | M14: 13708.103 | N14: 13927.919 | O14: 14348.049 | P14: 14762.611 | Q14: 15055.728 | R14: 14962.98 | S14: 15213.16 | T14: 15557.766 | U14: 15648.227 | V14: 16062.041 | W14: 16721.35 | X14: 17585.339 | Y14: 18230.674 | Z14: 18905.846 | AA14: 18541.904 | AB14: 18083.716 | AC14: 17273.459 | AD14: 16299.446 | AE14: 15489.734 | AF14: 15036.97 | AG14: =+SUM(I14:AF14)*H14 -> 7548728.1
E15: =+E14 -> 46419 | G15: SA | H15: 4 | I15: 14479.459 | J15: 14186.219 | K15: 14035.517 | L15: 13953.539 | M15: 13948.815 | N15: 14186.99 | O15: 14902.435 | P15: 15699.455 | Q15: 14140.354 | R15: 12130.14 | S15: 12968.003 | T15: 13257.814 | U15: 13324.758 | V15: 15024.669 | W15: 16861.145 | X15: 18453.308 | Y15: 18950.762 | Z15: 19265.153 | AA15: 18671.962 | AB15: 18182.037 | AC15: 17412.218 | AD15: 16304.435 | AE15: 15351.361 | AF15: 14835.356 | AG15: =+SUM(I15:AF15)*H15 -> 1482103.6
E16: =+E15 -> 46419 | G16: DO | H16: 4 | I16: 13979.567 | J16: 13728.886 | K16: 13560.619 | L16: 13449.12 | M16: 13444.8 | N16: 13294.343 | O16: 12972.425 | P16: 9696.8997 | Q16: 6014.6104 | R16: 3726.1693 | S16: 4263.2147 | T16: 6268.4199 | U16: 8655.8665 | V16: 11592.116 | W16: 13414.32 | X16: 14230.416 | Y16: 14991.202 | Z16: 15738.088 | AA16: 15805.311 | AB16: 15643.698 | AC16: 15167.176 | AD16: 14649.868 | AE16: 14219.816 | AF16: 13889.512 | AG16: =+SUM(I16:AF16)*H16 -> 1169585.9
E17: =+E16 -> 46419 | G17: FE | H17: 0 | I17: 0 | J17: 0 | K17: 0 | L17: 0 | M17: 0 | N17: 0 | O17: 0 | P17: 0 | Q17: 0 | R17: 0 | S17: 0 | T17: 0 | U17: 0 | V17: 0 | W17: 0 | X17: 0 | Y17: 0 | Z17: 0 | AA17: 0 | AB17: 0 | AC17: 0 | AD17: 0 | AE17: 0 | AF17: 0 | AG17: =+SUM(I17:AF17)*H17 -> 0
E18: =+E17 -> 46419 | G18: TOTAL | H18: =+SUM(H14:H17) -> 28 | I18: =+SUMPRODUCT(I14:I17,$H14:$H17) -> 400953.13 | J18: =+SUMPRODUCT(J14:J17,$H14:$H17) -> 392525.57 | K18: =+SUMPRODUCT(K14:K17,$H14:$H17) -> 387229.51 | L18: =+SUMPRODUCT(L14:L17,$H14:$H17) -> 385211.2 | M18: =+SUMPRODUCT(M14:M17,$H14:$H17) -> 383736.52 | N18: =+SUMPRODUCT(N14:N17,$H14:$H17) -> 388483.7 | O18: =+SUMPRODUCT(O14:O17,$H14:$H17) -> 398460.42 | P18: =+SUMPRODUCT(P14:P17,$H14:$H17) -> 396837.63 | ... AF18: =+SUMPRODUCT(AF14:AF17,$H14:$H17) -> 415638.88 | AG18: =SUM(I18:AF18) -> 10200418
E19: 46447 | F19: =+AG23 -> 11568663 | G19: OR | H19: 20 | I19: 14529.859 | J19: 14236.508 | K19: 14058.461 | L19: 14008.626 | M19: 14003.945 | N19: 14276.595 | O19: 15054.051 | P19: 15909.531 | Q19: 16456.001 | R19: 16402.235 | S19: 16685.887 | T19: 16916.932 | U19: 16751.405 | V19: 17250.999 | W19: 18132.45 | X19: 18990.126 | Y19: 19435.223 | Z19: 19625.374 | AA19: 18970.798 | AB19: 18402.083 | AC19: 17574.677 | AD19: 16481.912 | AE19: 15553.659 | AF19: 15066 | AG19: =+SUM(I19:AF19)*H19 -> 7895466.7
E20: =+E19 -> 46447 | G20: SA | H20: 4 | I20: 14572.675 | J20: 14263.351 | K20: 14072.348 | L20: 13992.08 | M20: 13956.549 | N20: 14088.07 | O20: 14565.233 | P20: 15030.791 | Q20: 15338.984 | R20: 15143.739 | S20: 15467.779 | T20: 15465.952 | U20: 15387.84 | V20: 15585.235 | W20: 16035.812 | X20: 16803.999 | Y20: 17402.424 | Z20: 18074.842 | AA20: 17811.875 | AB20: 17453.748 | AC20: 16795.216 | AD20: 15778.573 | AE20: 14909.005 | AF20: 14427.894 | AG20: =+SUM(I20:AF20)*H20 -> 1489696
E21: =+E20 -> 46447 | G21: DO | H21: 4 | I21: 13980.28 | J21: 13729.896 | K21: 13560.119 | L21: 13452.84 | M21: 13422.926 | N21: 13195.175 | O21: 12807.407 | P21: 12189.946 | Q21: 9126.0922 | R21: 6535.7476 | S21: 6938.0642 | T21: 8534.3118 | U21: 10819.699 | V21: 12650.061 | W21: 13215.104 | X21: 14031.496 | Y21: 14766.076 | Z21: 15554.281 | AA21: 15635.408 | AB21: 15498.802 | AC21: 15004.961 | AD21: 14491.828 | AE21: 14055.898 | AF21: 13733.025 | AG21: =+SUM(I21:AF21)*H21 -> 1227717.8
E22: =+E21 -> 46447 | G22: FE | H22: 3 | I22: 14018.302 | J22: 13783.685 | K22: 13630.857 | L22: 13535.223 | M22: 13516.033 | N22: 13239.045 | O22: 12891.283 | P22: 12595.52 | Q22: 10444.655 | R22: 9022.905 | S22: 9411.2869 | T22: 10352.612 | U22: 12423.224 | V22: 12966.866 | W22: 13361.277 | X22: 14193.012 | Y22: 14877.002 | Z22: 15675.3 | AA22: 15714.949 | AB22: 15604.934 | AC22: 15074.798 | AD22: 14508.218 | AE22: 14042.964 | AF22: 13710.045 | AG22: =+SUM(I22:AF22)*H22 -> 955781.99
E23: =+E22 -> 46447 | G23: TOTAL | H23: =+SUM(H19:H22) -> 31 | I23: =+SUMPRODUCT(I19:I22,$H19:$H22) -> 446863.9 | J23: =+SUMPRODUCT(J19:J22,$H19:$H22) -> 438054.21 | K23: =+SUMPRODUCT(K19:K22,$H19:$H22) -> 432591.67 | L23: =+SUMPRODUCT(L19:L22,$H19:$H22) -> 430557.87 | M23: =+SUMPRODUCT(M19:M22,$H19:$H22) -> 430144.9 | N23: =+SUMPRODUCT(N19:N22,$H19:$H22) -> 434382.01 | O23: =+SUMPRODUCT(O19:O22,$H19:$H22) -> 449245.43 | P23: =+SUMPRODUCT(P19:P22,$H19:$H22) -> 464860.12 | ... AF23: =+SUMPRODUCT(AF19:AF22,$H19:$H22) -> 455093.81 | AG23: =SUM(I23:AF23) -> 11568663
E24: 46478 | F24: =+AG28 -> 11416737 | G24: OR | H24: 22 | I24: 14822.221 | J24: 14508.073 | K24: 14304.518 | L24: 14237.874 | M24: 14167.086 | N24: 14375.249 | O24: 14787.651 | P24: 15209.715 | Q24: 15508.037 | R24: 15424.869 | S24: 15674.916 | T24: 16021.267 | U24: 16110.481 | V24: 16527.392 | W24: 17190.195 | X24: 18056.295 | Y24: 18698.281 | Z24: 19371.986 | AA24: 19004.484 | AB24: 18555.348 | AC24: 17739.611 | AD24: 16766.669 | AE24: 15957.587 | AF24: 15502.235 | AG24: =+SUM(I24:AF24)*H24 -> 8547484.9
E25: =+E24 -> 46478 | G25: SA | H25: 4 | I25: 14800.775 | J25: 14506.538 | K25: 14356.957 | L25: 14278.625 | M25: 14276.065 | N25: 14506.094 | O25: 15214.638 | P25: 16012.431 | Q25: 16491.908 | R25: 16390.757 | S25: 16657.082 | T25: 16736.459 | U25: 16502.12 | V25: 16412.756 | W25: 17943.422 | X25: 18781.279 | Y25: 19273.174 | Z25: 19586.973 | AA25: 18997.326 | AB25: 18513.493 | AC25: 17739.337 | AD25: 16629.464 | AE25: 15676.332 | AF25: 15161.444 | AG25: =+SUM(I25:AF25)*H25 -> 1581781.8
E26: =+E25 -> 46478 | G26: DO | H26: 4 | I26: 14289.937 | J26: 14040.969 | K26: 13868.68 | L26: 13760.333 | M26: 13751.507 | N26: 13611.361 | O26: 13291.632 | P26: 12433.309 | Q26: 10354.154 | R26: 8264.1852 | S26: 8695.8288 | T26: 9751.4791 | U26: 11845.701 | V26: 13017.032 | W26: 13728.89 | X26: 14538.852 | Y26: 15297.394 | Z26: 16051.118 | AA26: 16114.127 | AB26: 15957.702 | AC26: 15481.134 | AD26: 14969.843 | AE26: 14538.26 | AF26: 14214.044 | AG26: =+SUM(I26:AF26)*H26 -> 1287469.9
E27: =+E26 -> 46478 | G27: FE | H27: 0 | I27: 0 | J27: 0 | K27: 0 | L27: 0 | M27: 0 | N27: 0 | O27: 0 | P27: 0 | Q27: 0 | R27: 0 | S27: 0 | T27: 0 | U27: 0 | V27: 0 | W27: 0 | X27: 0 | Y27: 0 | Z27: 0 | AA27: 0 | AB27: 0 | AC27: 0 | AD27: 0 | AE27: 0 | AF27: 0 | AG27: =+SUM(I27:AF27)*H27 -> 0
E28: =+E27 -> 46478 | G28: TOTAL | H28: =+SUM(H24:H27) -> 30 | I28: =+SUMPRODUCT(I24:I27,$H24:$H27) -> 442451.72 | J28: =+SUMPRODUCT(J24:J27,$H24:$H27) -> 433367.64 | K28: =+SUMPRODUCT(K24:K27,$H24:$H27) -> 427601.95 | L28: =+SUMPRODUCT(L24:L27,$H24:$H27) -> 425389.06 | M28: =+SUMPRODUCT(M24:M27,$H24:$H27) -> 423786.18 | N28: =+SUMPRODUCT(N24:N27,$H24:$H27) -> 428725.28 | O28: =+SUMPRODUCT(O24:O27,$H24:$H27) -> 439353.4 | P28: =+SUMPRODUCT(P24:P27,$H24:$H27) -> 448396.7 | ... AF28: =+SUMPRODUCT(AF24:AF27,$H24:$H27) -> 458551.13 | AG28: =SUM(I28:AF28) -> 11416737
E29: 46508 | F29: =+AG33 -> 12949904 | G29: OR | H29: 19 | I29: 16451.819 | J29: 16156.555 | K29: 15976.07 | L29: 15924.164 | M29: 15916.842 | N29: 16185.407 | O29: 16964.32 | P29: 17832.141 | Q29: 18390.7 | R29: 18347.983 | S29: 18634.77 | T29: 18869.068 | U29: 18699.103 | V29: 19202.166 | W29: 20085.887 | X29: 20941.019 | Y29: 21383.17 | Z29: 21567.02 | AA29: 20905.416 | AB29: 20338.479 | AC29: 19505.631 | AD29: 18409.99 | AE29: 17479.981 | AF29: 16990.379 | AG29: =+SUM(I29:AF29)*H29 -> 8382003.5
E30: =+E29 -> 46508 | G30: SA | H30: 4 | I30: 16462.316 | J30: 16152.24 | K30: 15961.719 | L30: 15881.818 | M30: 15843.642 | N30: 15968.982 | O30: 16444.03 | P30: 16916.113 | Q30: 17229.47 | R30: 17148.222 | S30: 17368.653 | T30: 17487.765 | U30: 17319.044 | V30: 17490.566 | W30: 17938.237 | X30: 18701.681 | Y30: 19297.775 | Z30: 19967.682 | AA30: 19704.4 | AB30: 19351.097 | AC30: 18688.824 | AD30: 17667.803 | AE30: 16794.108 | AF30: 16313.636 | AG30: =+SUM(I30:AF30)*H30 -> 1672399.3
E31: =+E30 -> 46508 | G31: DO | H31: 5 | I31: 15744.76 | J31: 15499.285 | K31: 15326.199 | L31: 15220.569 | M31: 15210.303 | N31: 15077.002 | O31: 14758.339 | P31: 13879.73 | Q31: 10999.794 | R31: 9934.5227 | S31: 10498.24 | T31: 12221.287 | U31: 14400.274 | V31: 14767.253 | W31: 15168.4 | X31: 15975.745 | Y31: 16734.568 | Z31: 17493.301 | AA31: 17552.873 | AB31: 17404.281 | AC31: 16935.744 | AD31: 16433.898 | AE31: 16005.772 | AF31: 15686.714 | AG31: =+SUM(I31:AF31)*H31 -> 1794644.3
E32: =+E31 -> 46508 | G32: FE | H32: 3 | I32: 15878.004 | J32: 15641.759 | K32: 15485.997 | L32: 15391.058 | M32: 15367.331 | N32: 15082.038 | O32: 14713.707 | P32: 14420.074 | Q32: 12522.5 | R32: 11552.407 | S32: 12173.119 | T32: 14201.138 | U32: 14565.844 | V32: 14804.203 | W32: 15188.5 | X32: 16013.753 | Y32: 16691.389 | Z32: 17506.783 | AA32: 17547.182 | AB32: 17456.324 | AC32: 16925.688 | AD32: 16359.192 | AE32: 15896.337 | AF32: 15567.916 | AG32: =+SUM(I32:AF32)*H32 -> 1100856.7
E33: =+E32 -> 46508 | G33: TOTAL | H33: =+SUM(H29:H32) -> 31 | I33: =+SUMPRODUCT(I29:I32,$H29:$H32) -> 504791.65 | J33: =+SUMPRODUCT(J29:J32,$H29:$H32) -> 496005.21 | K33: =+SUMPRODUCT(K29:K32,$H29:$H32) -> 490481.19 | L33: =+SUMPRODUCT(L29:L32,$H29:$H32) -> 488362.4 | M33: =+SUMPRODUCT(M29:M32,$H29:$H32) -> 487948.07 | N33: =+SUMPRODUCT(N29:N32,$H29:$H32) -> 492029.79 | O33: =+SUMPRODUCT(O29:O32,$H29:$H32) -> 506031.01 | P33: =+SUMPRODUCT(P29:P32,$H29:$H32) -> 519134.01 | ... AF33: =+SUMPRODUCT(AF29:AF32,$H29:$H32) -> 513209.06 | AG33: =SUM(I33:AF33) -> 12949904
E34: 46539 | F34: =+AG38 -> 11118312 | G34: OR | H34: 21 | I34: 14165.188 | J34: 13869.492 | K34: 13688.705 | L34: 13637.574 | M34: 13628.14 | N34: 13899.46 | O34: 14682.564 | P34: 15554.245 | Q34: 16117.551 | R34: 16077.027 | S34: 16365.665 | T34: 16601.067 | U34: 16429.056 | V34: 16932.798 | W34: 17816.288 | X34: 18668.954 | Y34: 19110.87 | Z34: 19291.679 | AA34: 18627.591 | AB34: 18057.704 | AC34: 17224.162 | AD34: 16126.415 | AE34: 15195.166 | AF34: 14705.609 | AG34: =+SUM(I34:AF34)*H34 -> 8115932.4
E35: =+E34 -> 46539 | G35: SA | H35: 4 | I35: 14191.866 | J35: 13881.231 | K35: 13689.802 | L35: 13607.985 | M35: 13567.679 | N35: 13694.025 | O35: 14173.094 | P35: 14650.546 | Q35: 14968.739 | R35: 14887.77 | S35: 15112.043 | T35: 15232.245 | U35: 15060.54 | V35: 15229.729 | W35: 15676.609 | X35: 16439.17 | Y35: 17036.249 | Z35: 17704.335 | AA35: 17438.651 | AB35: 17083.406 | AC35: 16418.971 | AD35: 15393.965 | AE35: 14515.727 | AF35: 14034.373 | AG35: =+SUM(I35:AF35)*H35 -> 1454755
E36: =+E35 -> 46539 | G36: DO | H36: 4 | I36: 13473.506 | J36: 13226.197 | K36: 13052.391 | L36: 12945.797 | M36: 12936.97 | N36: 12800.757 | O36: 12478.407 | P36: 12089.337 | Q36: 10373.847 | R36: 8244.2447 | S36: 8252.6554 | T36: 10914.319 | U36: 12223.397 | V36: 12490.162 | W36: 12891.578 | X36: 13701.087 | Y36: 14459.871 | Z36: 15218.458 | AA36: 15277.484 | AB36: 15129.028 | AC36: 14658.86 | AD36: 14155.814 | AE36: 13727.501 | AF36: 13406.9 | AG36: =+SUM(I36:AF36)*H36 -> 1232514.3
E37: =+E36 -> 46539 | G37: FE | H37: 1 | I37: 13632.21 | J37: 13393.5 | K37: 13237.011 | L37: 13140.669 | M37: 13118.539 | N37: 12830.625 | O37: 12459.875 | P37: 12168.035 | Q37: 11835.475 | R37: 9798.6731 | S37: 9859.8337 | T37: 12061.519 | U37: 12322.49 | V37: 12561.557 | W37: 12945.385 | X37: 13772.75 | Y37: 14450.411 | Z37: 15264.246 | AA37: 15304.628 | AB37: 15211.664 | AC37: 14677.442 | AD37: 14107.615 | AE37: 13643.497 | AF37: 13312.662 | AG37: =+SUM(I37:AF37)*H37 -> 315110.31
E38: =+E37 -> 46539 | G38: TOTAL | H38: =+SUM(H34:H37) -> 30 | I38: =+SUMPRODUCT(I34:I37,$H34:$H37) -> 421762.65 | J38: =+SUMPRODUCT(J34:J37,$H34:$H37) -> 413082.54 | K38: =+SUMPRODUCT(K34:K37,$H34:$H37) -> 407668.58 | L38: =+SUMPRODUCT(L34:L37,$H34:$H37) -> 405744.86 | M38: =+SUMPRODUCT(M34:M37,$H34:$H37) -> 405328.07 | N38: =+SUMPRODUCT(N34:N37,$H34:$H37) -> 410698.41 | O38: =+SUMPRODUCT(O34:O37,$H34:$H37) -> 427399.73 | P38: =+SUMPRODUCT(P34:P37,$H34:$H37) -> 445766.72 | ... AF38: =+SUMPRODUCT(AF34:AF37,$H34:$H37) -> 431895.55 | AG38: =SUM(I38:AF38) -> 11118312
E39: 46569 | F39: =+AG43 -> 11391158 | G39: OR | H39: 20 | I39: 14132.399 | J39: 13837.016 | K39: 13656.404 | L39: 13604.351 | M39: 13597.139 | N39: 13866.098 | O39: 14646.271 | P39: 15515.357 | Q39: 16075.099 | R39: 16033.233 | S39: 16320.729 | T39: 16555.47 | U39: 16385.121 | V39: 16888.224 | W39: 17772.064 | X39: 18627.055 | Y39: 19069.045 | Z39: 19252.302 | AA39: 18589.754 | AB39: 18022.307 | AC39: 17188.717 | AD39: 16092.252 | AE39: 15161.515 | AF39: 14671.624 | AG39: =+SUM(I39:AF39)*H39 -> 7711190.9
E40: =+E39 -> 46569 | G40: SA | H40: 5 | I40: 14138.511 | J40: 13828.287 | K40: 13637.623 | L40: 13557.62 | M40: 13519.466 | N40: 13644.86 | O40: 14120.339 | P40: 14593.021 | Q40: 14906.978 | R40: 14826.28 | S40: 15047.198 | T40: 15166.465 | U40: 14997.305 | V40: 15168.658 | W40: 15616.219 | X40: 16379.497 | Y40: 16975.495 | Z40: 17645.196 | AA40: 17381.767 | AB40: 17028.131 | AC40: 16365.324 | AD40: 15343.653 | AE40: 14469.365 | AF40: 13988.739 | AG40: =+SUM(I40:AF40)*H40 -> 1811730
E41: =+E40 -> 46569 | G41: DO | H41: 4 | I41: 13385.772 | J41: 13141.203 | K41: 12968 | L41: 12863.005 | M41: 12852.855 | N41: 12720.823 | O41: 12401.627 | P41: 12009.894 | Q41: 11193.739 | R41: 8816.582 | S41: 9527.675 | T41: 10904.811 | U41: 12133.4 | V41: 12399.252 | W41: 12801.552 | X41: 13608.833 | Y41: 14367.97 | Z41: 15128.112 | AA41: 15186.536 | AB41: 15040.726 | AC41: 14575.165 | AD41: 14076.411 | AE41: 13649.811 | AF41: 13331.998 | AG41: =+SUM(I41:AF41)*H41 -> 1236343
E42: =+E41 -> 46569 | G42: FE | H42: 2 | I42: 13581.341 | J42: 13344.721 | K42: 13188.879 | L42: 13093.598 | M42: 13070.666 | N42: 12788.808 | O42: 12423.857 | P42: 12132.145 | Q42: 11895.007 | R42: 10275.753 | S42: 11034.564 | T42: 12023.136 | U42: 12283.267 | V42: 12521.744 | W42: 12905.561 | X42: 13730.369 | Y42: 14408.867 | Z42: 15222.104 | AA42: 15262.305 | AB42: 15169.218 | AC42: 14637.791 | AD42: 14069.741 | AE42: 13606.272 | AF42: 13277.233 | AG42: =+SUM(I42:AF42)*H42 -> 631893.89
E43: =+E42 -> 46569 | G43: TOTAL | H43: =+SUM(H39:H42) -> 31 | I43: =+SUMPRODUCT(I39:I42,$H39:$H42) -> 434046.31 | J43: =+SUMPRODUCT(J39:J42,$H39:$H42) -> 425136 | K43: =+SUMPRODUCT(K39:K42,$H39:$H42) -> 419565.96 | L43: =+SUMPRODUCT(L39:L42,$H39:$H42) -> 417514.34 | M43: =+SUMPRODUCT(M39:M42,$H39:$H42) -> 417092.86 | N43: =+SUMPRODUCT(N39:N42,$H39:$H42) -> 422007.17 | O43: =+SUMPRODUCT(O39:O42,$H39:$H42) -> 437981.33 | P43: =+SUMPRODUCT(P39:P42,$H39:$H42) -> 455576.11 | ... AF43: =+SUMPRODUCT(AF39:AF42,$H39:$H42) -> 443258.64 | AG43: =SUM(I43:AF43) -> 11391158
E44: 46600 | F44: =+AG48 -> 11268128 | G44: OR | H44: 21 | I44: 14035.056 | J44: 13739.583 | K44: 13558.857 | L44: 13506.715 | M44: 13499.302 | N44: 13767.879 | O44: 14547.758 | P44: 15417.246 | Q44: 15977.398 | R44: 15935.977 | S44: 16223.456 | T44: 16458.269 | U44: 16287.754 | V44: 16791.067 | W44: 17675.015 | X44: 18529.887 | Y44: 18971.736 | Z44: 19154.775 | AA44: 18492.067 | AB44: 17924.889 | AC44: 17091.179 | AD44: 15994.781 | AE44: 15064.158 | AF44: 14574.23 | AG44: =+SUM(I44:AF44)*H44 -> 8047599.7
E45: =+E44 -> 46600 | G45: SA | H45: 3 | I45: 14044.279 | J45: 13733.959 | K45: 13543.25 | L45: 13463.221 | M45: 13424.961 | N45: 13550.113 | O45: 14025.691 | P45: 14498.914 | Q45: 14813.357 | R45: 14733.281 | S45: 14954.479 | T45: 15073.961 | U45: 14904.485 | V45: 15075.934 | W45: 15523.323 | X45: 16286.321 | Y45: 16882.174 | Z45: 17551.678 | AA45: 17288.171 | AB45: 16934.598 | AC45: 16271.397 | AD45: 15249.252 | AE45: 14374.526 | AF45: 13893.861 | AG45: =+SUM(I45:AF45)*H45 -> 1080285.6
E46: =+E45 -> 46600 | G46: DO | H46: 5 | I46: 13328.448 | J46: 13082.946 | K46: 12909.497 | L46: 12804.014 | M46: 12793.681 | N46: 12660.788 | O46: 12341.683 | P46: 11952.4 | Q46: 8969.7916 | R46: 8076.2645 | S46: 8605.9457 | T46: 10710.436 | U46: 12083.276 | V46: 12349.369 | W46: 12750.548 | X46: 13557.801 | Y46: 14316.521 | Z46: 15075.842 | AA46: 15134.928 | AB46: 14987.041 | AC46: 14518.673 | AD46: 14017.443 | AE46: 13589.399 | AF46: 13270.669 | AG46: =+SUM(I46:AF46)*H46 -> 1519437
E47: =+E46 -> 46600 | G47: FE | H47: 2 | I47: 13455.442 | J47: 13219.092 | K47: 13063.065 | L47: 12968.234 | M47: 12943.997 | N47: 12657.538 | O47: 12286.92 | P47: 11993.261 | Q47: 10511.318 | R47: 9712.3373 | S47: 10297.515 | T47: 11879.948 | U47: 12139.952 | V47: 12377.935 | W47: 12761.354 | X47: 13586.061 | Y47: 14263.011 | Z47: 15080.228 | AA47: 15120.722 | AB47: 15031.889 | AC47: 14501.296 | AD47: 13934.99 | AE47: 13472.427 | AF47: 13144.493 | AG47: =+SUM(I47:AF47)*H47 -> 620806.05
E48: =+E47 -> 46600 | G48: TOTAL | H48: =+SUM(H44:H47) -> 31 | I48: =+SUMPRODUCT(I44:I47,$H44:$H47) -> 430422.13 | J48: =+SUMPRODUCT(J44:J47,$H44:$H47) -> 421586.04 | K48: =+SUMPRODUCT(K44:K47,$H44:$H47) -> 416039.37 | L48: =+SUMPRODUCT(L44:L47,$H44:$H47) -> 413987.22 | M48: =+SUMPRODUCT(M44:M47,$H44:$H47) -> 413616.62 | N48: =+SUMPRODUCT(N44:N47,$H44:$H47) -> 418394.81 | O48: =+SUMPRODUCT(O44:O47,$H44:$H47) -> 433862.24 | P48: =+SUMPRODUCT(P44:P47,$H44:$H47) -> 451007.43 | ... AF48: =+SUMPRODUCT(AF44:AF47,$H44:$H47) -> 440382.75 | AG48: =SUM(I48:AF48) -> 11268128
E49: 46631 | F49: =+AG53 -> 11165385 | G49: OR | H49: 22 | I49: 14145.065 | J49: 13849.056 | K49: 13667.938 | L49: 13616.417 | M49: 13607.218 | N49: 13879.45 | O49: 14665.642 | P49: 15540.555 | Q49: 16106.897 | R49: 16068.587 | S49: 16358.985 | T49: 16595.509 | U49: 16422.5 | V49: 16926.382 | W49: 17810.193 | X49: 18662.492 | Y49: 19103.975 | Z49: 19283.258 | AA49: 18616.78 | AB49: 18045.67 | AC49: 17210.262 | AD49: 16110.472 | AE49: 15177.43 | AF49: 14687.141 | AG49: =+SUM(I49:AF49)*H49 -> 8495473.3
E50: =+E49 -> 46631 | G50: SA | H50: 4 | I50: 14187.844 | J50: 13876.32 | K50: 13683.896 | L50: 13601.383 | M50: 13561.511 | N50: 13688.91 | O50: 14171.047 | P50: 14651.712 | Q50: 14973.288 | R50: 14894.92 | S50: 15122.253 | T50: 15243.082 | U50: 15068.817 | V50: 15236.461 | W50: 15682.949 | X50: 16444.926 | Y50: 17041.625 | Z50: 17708.651 | AA50: 17442.023 | AB50: 17084.055 | AC50: 16416.524 | AD50: 15387.737 | AE50: 14506.038 | AF50: 14023.597 | AG50: =+SUM(I50:AF50)*H50 -> 1454798.3
E51: =+E50 -> 46631 | G51: DO | H51: 4 | I51: 13484.649 | J51: 13236.076 | K51: 13061.894 | L51: 12954.656 | M51: 12945.571 | N51: 12808.226 | O51: 12485.96 | P51: 10325.063 | Q51: 7565.8715 | R51: 7262.5203 | S51: 8844.7855 | T51: 11276.358 | U51: 12244.217 | V51: 12511.281 | W51: 12911.18 | X51: 13720.641 | Y51: 14478.849 | Z51: 15236.379 | AA51: 15296.254 | AB51: 15145.042 | AC51: 14671.068 | AD51: 14164.713 | AE51: 13734.441 | AF51: 13412.623 | AG51: =+SUM(I51:AF51)*H51 -> 1215113.3
E52: =+E51 -> 46631 | G52: FE | H52: 0 | I52: 0 | J52: 0 | K52: 0 | L52: 0 | M52: 0 | N52: 0 | O52: 0 | P52: 0 | Q52: 0 | R52: 0 | S52: 0 | T52: 0 | U52: 0 | V52: 0 | W52: 0 | X52: 0 | Y52: 0 | Z52: 0 | AA52: 0 | AB52: 0 | AC52: 0 | AD52: 0 | AE52: 0 | AF52: 0 | AG52: =+SUM(I52:AF52)*H52 -> 0
E53: =+E52 -> 46631 | G53: TOTAL | H53: =+SUM(H49:H52) -> 30 | I53: =+SUMPRODUCT(I49:I52,$H49:$H52) -> 421881.4 | J53: =+SUMPRODUCT(J49:J52,$H49:$H52) -> 413128.81 | K53: =+SUMPRODUCT(K49:K52,$H49:$H52) -> 407677.8 | L53: =+SUMPRODUCT(L49:L52,$H49:$H52) -> 405785.33 | M53: =+SUMPRODUCT(M49:M52,$H49:$H52) -> 405387.13 | N53: =+SUMPRODUCT(N49:N52,$H49:$H52) -> 411336.44 | O53: =+SUMPRODUCT(O49:O52,$H49:$H52) -> 429272.15 | P53: =+SUMPRODUCT(P49:P52,$H49:$H52) -> 441799.32 | ... AF53: =+SUMPRODUCT(AF49:AF52,$H49:$H52) -> 432861.99 | AG53: =SUM(I53:AF53) -> 11165385
E54: 46661 | F54: =+AG58 -> 11392405 | G54: OR | H54: 20 | I54: 14162.682 | J54: 13867.168 | K54: 13686.402 | L54: 13634.198 | M54: 13626.918 | N54: 13895.856 | O54: 14676.59 | P54: 15546.716 | Q54: 16107.454 | R54: 16066.408 | S54: 16354.32 | T54: 16589.378 | U54: 16418.682 | V54: 16921.951 | W54: 17805.938 | X54: 18660.765 | Y54: 19102.562 | Z54: 19285.308 | AA54: 18622.079 | AB54: 18054.507 | AC54: 17220.388 | AD54: 16123.472 | AE54: 15192.369 | AF54: 14702.279 | AG54: =+SUM(I54:AF54)*H54 -> 7726487.8
E55: =+E54 -> 46661 | G55: SA | H55: 5 | I55: 14183.339 | J55: 13872.651 | K55: 13681.483 | L55: 13601.127 | M55: 13563.161 | N55: 13689.019 | O55: 14166.046 | P55: 14640.459 | Q55: 14956.213 | R55: 14876.962 | S55: 15099.466 | T55: 15219.1 | U55: 15048.589 | V55: 15219.202 | W55: 15666.524 | X55: 16429.441 | Y55: 17025.215 | Z55: 17694.341 | AA55: 17430.424 | AB55: 17075.453 | AC55: 16411.009 | AD55: 15387.345 | AE55: 14511.229 | AF55: 14030.056 | AG55: =+SUM(I55:AF55)*H55 -> 1817389.3
E56: =+E55 -> 46661 | G56: DO | H56: 5 | I56: 13463.956 | J56: 13218.173 | K56: 13044.721 | L56: 12939.054 | M56: 12928.678 | N56: 12795.43 | O56: 12476.448 | P56: 11422.81 | Q56: 9170.7833 | R56: 7789.8887 | S56: 9220.1718 | T56: 11208.885 | U56: 12221.304 | V56: 12487.526 | W56: 12888.35 | X56: 13695.613 | Y56: 14454.226 | Z56: 15213.169 | AA56: 15272.561 | AB56: 15123.88 | AC56: 14654.6 | AD56: 14152.471 | AE56: 13723.957 | AF56: 13404.875 | AG56: =+SUM(I56:AF56)*H56 -> 1534857.6
E57: =+E56 -> 46661 | G57: FE | H57: 1 | I57: 13581.884 | J57: 13345.477 | K57: 13189.454 | L57: 13094.559 | M57: 13070.48 | N57: 12784.659 | O57: 12414.734 | P57: 12121.397 | Q57: 10729.004 | R57: 9443.355 | S57: 10930.454 | T57: 12008.896 | U57: 12268.929 | V57: 12506.95 | W57: 12890.338 | X57: 13715.003 | Y57: 14392.136 | Z57: 15208.892 | AA57: 15249.346 | AB57: 15160.026 | AC57: 14629.3 | AD57: 14062.725 | AE57: 13600.042 | AF57: 13271.98 | AG57: =+SUM(I57:AF57)*H57 -> 313670.02
E58: =+E57 -> 46661 | G58: TOTAL | H58: =+SUM(H54:H57) -> 31 | I58: =+SUMPRODUCT(I54:I57,$H54:$H57) -> 435071.99 | J58: =+SUMPRODUCT(J54:J57,$H54:$H57) -> 426142.96 | K58: =+SUMPRODUCT(K54:K57,$H54:$H57) -> 420548.52 | L58: =+SUMPRODUCT(L54:L57,$H54:$H57) -> 418479.43 | M58: =+SUMPRODUCT(M54:M57,$H54:$H57) -> 418068.04 | N58: =+SUMPRODUCT(N54:N57,$H54:$H57) -> 423124.03 | O58: =+SUMPRODUCT(O54:O57,$H54:$H57) -> 439159 | P58: =+SUMPRODUCT(P54:P57,$H54:$H57) -> 453372.06 | ... AF58: =+SUMPRODUCT(AF54:AF57,$H54:$H57) -> 444492.21 | AG58: =SUM(I58:AF58) -> 11392405
E59: 46692 | F59: =+AG63 -> 11092068 | G59: OR | H59: 20 | I59: 14190.816 | J59: 13894.786 | K59: 13713.635 | L59: 13662.095 | M59: 13652.804 | N59: 13924.839 | O59: 14710.774 | P59: 15585.705 | Q59: 16152.078 | R59: 16113.853 | S59: 16404.165 | T59: 16640.665 | U59: 16467.635 | V59: 16971.598 | W59: 17855.437 | X59: 18707.705 | Y59: 19149.151 | Z59: 19328.412 | AA59: 18661.976 | AB59: 18091.031 | AC59: 17255.654 | AD59: 16155.986 | AE59: 15223.068 | AF59: 14732.796 | AG59: =+SUM(I59:AF59)*H59 -> 7744933.2
E60: =+E59 -> 46692 | G60: SA | H60: 4 | I60: 14244.057 | J60: 13932.886 | K60: 13740.931 | L60: 13658.746 | M60: 13618.533 | N60: 13745.114 | O60: 14225.766 | P60: 14705.376 | Q60: 15025.743 | R60: 14946.727 | S60: 15172.786 | T60: 15293.534 | U60: 15120.241 | V60: 15288.793 | W60: 15735.288 | X60: 16497.253 | Y60: 17093.991 | Z60: 17761.345 | AA60: 17495.116 | AB60: 17138.634 | AC60: 16472.263 | AD60: 15444.906 | AE60: 14564.51 | AF60: 14082.589 | AG60: =+SUM(I60:AF60)*H60 -> 1460020.5
E61: =+E60 -> 46692 | G61: DO | H61: 4 | I61: 13488.952 | J61: 13241.114 | K61: 13066.859 | L61: 12960.126 | M61: 12951.139 | N61: 12814.808 | O61: 12492.131 | P61: 12103.86 | Q61: 10557.483 | R61: 9526.763 | S61: 10386.328 | T61: 11914.697 | U61: 12241.662 | V61: 12508.319 | W61: 12909.149 | X61: 13718.565 | Y61: 14477.033 | Z61: 15235.681 | AA61: 15294.65 | AB61: 15145.667 | AC61: 14674.107 | AD61: 14170.24 | AE61: 13741.208 | AF61: 13420.39 | AG61: =+SUM(I61:AF61)*H61 -> 1252163.7
E62: =+E61 -> 46692 | G62: FE | H62: 2 | I62: 13588.688 | J62: 13349.897 | K62: 13193.09 | L62: 13096.925 | M62: 13074.041 | N62: 12784.188 | O62: 12410.094 | P62: 12117.957 | Q62: 11881.171 | R62: 11217.081 | S62: 11764.352 | T62: 12011.818 | U62: 12272.836 | V62: 12511.409 | W62: 12894.2 | X62: 13720.937 | Y62: 14397.618 | Z62: 15214.048 | AA62: 15254.573 | AB62: 15164.463 | AC62: 14630.412 | AD62: 14061.032 | AE62: 13597.367 | AF62: 13267.231 | AG62: =+SUM(I62:AF62)*H62 -> 634950.86
E63: =+E62 -> 46692 | G63: TOTAL | H63: =+SUM(H59:H62) -> 30 | I63: =+SUMPRODUCT(I59:I62,$H59:$H62) -> 421925.72 | J63: =+SUMPRODUCT(J59:J62,$H59:$H62) -> 413291.5 | K63: =+SUMPRODUCT(K59:K62,$H59:$H62) -> 407890.03 | L63: =+SUMPRODUCT(L59:L62,$H59:$H62) -> 405911.23 | M63: =+SUMPRODUCT(M59:M62,$H59:$H62) -> 405482.86 | N63: =+SUMPRODUCT(N59:N62,$H59:$H62) -> 410304.85 | O63: =+SUMPRODUCT(O59:O62,$H59:$H62) -> 425907.26 | P63: =+SUMPRODUCT(P59:P62,$H59:$H62) -> 443186.96 | ... AF63: =+SUMPRODUCT(AF59:AF62,$H59:$H62) -> 431202.3 | AG63: =SUM(I63:AF63) -> 11092068
E64: 46722 | F64: =+AG68 -> 11426856 | G64: OR | H64: 22 | I64: 14192.179 | J64: 13896.26 | K64: 13715.118 | L64: 13662.348 | M64: 13656.013 | N64: 13927.643 | O64: 14715.133 | P64: 15590.666 | Q64: 16156.402 | R64: 16118.663 | S64: 16410.074 | T64: 16647.162 | U64: 16474.891 | V64: 16977.947 | W64: 17862.31 | X64: 18716.698 | Y64: 19157.971 | Z64: 19338.242 | AA64: 18670.687 | AB64: 18100.075 | AC64: 17262.58 | AD64: 16161.482 | AE64: 15226.593 | AF64: 14735.152 | AG64: =+SUM(I64:AF64)*H64 -> 8522190.4
E65: =+E64 -> 46722 | G65: SA | H65: 3 | I65: 14217.358 | J65: 13905.581 | K65: 13713.1 | L65: 13631.821 | M65: 13594.608 | N65: 13722.266 | O65: 14203.394 | P65: 14681.461 | Q65: 15001.19 | R65: 14437.283 | S65: 15150.966 | T65: 15271.154 | U65: 15097.564 | V65: 15265.904 | W65: 15712.938 | X65: 16475.449 | Y65: 17070.905 | Z65: 17738.846 | AA65: 17473.739 | AB65: 17114.919 | AC65: 16446.764 | AD65: 15418.555 | AE65: 14538.292 | AF65: 14055.672 | AG65: =+SUM(I65:AF65)*H65 -> 1091819.2
E66: =+E65 -> 46722 | G66: DO | H66: 4 | I66: 13470.431 | J66: 13224.138 | K66: 13050.516 | L66: 12944.598 | M66: 12934.114 | N66: 12800.425 | O66: 12481.458 | P66: 9839.807 | Q66: 7007.6157 | R66: 5884.6237 | S66: 8094.1743 | T66: 10042.366 | U66: 11769.223 | V66: 12497.971 | W66: 12898.184 | X66: 13705.424 | Y66: 14463.8 | Z66: 15222.339 | AA66: 15282.054 | AB66: 15132.286 | AC66: 14661.477 | AD66: 14158.032 | AE66: 13728.73 | AF66: 13409.169 | AG66: =+SUM(I66:AF66)*H66 -> 1194811.8
E67: =+E66 -> 46722 | G67: FE | H67: 2 | I67: 13677.341 | J67: 13439.433 | K67: 13283.368 | L67: 13186.881 | M67: 13166.792 | N67: 12897.082 | O67: 12544.281 | P67: 10998.313 | Q67: 8292.9793 | R67: 7502.3884 | S67: 9515.3174 | T67: 11803.515 | U67: 12428.781 | V67: 12667.731 | W67: 13050.055 | X67: 13873.415 | Y67: 14555.038 | Z67: 15360.445 | AA67: 15399.94 | AB67: 15298.741 | AC67: 14764.572 | AD67: 14191.088 | AE67: 13725.426 | AF67: 13394.155 | AG67: =+SUM(I67:AF67)*H67 -> 618034.16
E68: =+E67 -> 46722 | G68: TOTAL | H68: =+SUM(H64:H67) -> 31 | I68: =+SUMPRODUCT(I64:I67,$H64:$H67) -> 436116.42 | J68: =+SUMPRODUCT(J64:J67,$H64:$H67) -> 427209.87 | K68: =+SUMPRODUCT(K64:K67,$H64:$H67) -> 421640.69 | L68: =+SUMPRODUCT(L64:L67,$H64:$H67) -> 419619.27 | M68: =+SUMPRODUCT(M64:M67,$H64:$H67) -> 419286.16 | N68: =+SUMPRODUCT(N64:N67,$H64:$H67) -> 424570.8 | O68: =+SUMPRODUCT(O64:O67,$H64:$H67) -> 441357.49 | P68: =+SUMPRODUCT(P64:P67,$H64:$H67) -> 448394.88 | ... AF68: =+SUMPRODUCT(AF64:AF67,$H64:$H67) -> 446765.35 | AG68: =SUM(I68:AF68) -> 11426856

Sheet PRODUCTO 03
C1: CP-GNCC2025-002
C2: CP-GNCC2025-002-PROD03
C3: CANTIDAD EN: | D3: KWh
C4: MODALIDAD: | D4: PAGUE LO CONTRATADO
C5: OFERENTE:
C9: MES DE SUMINISTRO | D9: ENERGÍA SOLICITADA (KWh) | E9: % ENERGÍA OFRECIDA | F9: ENERGÍA OFRECIDA (KWh) | G9: PRECIO OFERTADO ($/KWh)
C10: 46753 | D10: =+_xlfn.XLOOKUP(C10,'Cantidades horarias PROD 03'!E:E,'Cantidades horarias PROD 03'!F:F) -> 17638374 | E10: 1 | F10: =ROUND(D10*$E10,2) -> 17638374
C11: 46784 | D11: =+_xlfn.XLOOKUP(C11,'Cantidades horarias PROD 03'!E:E,'Cantidades horarias PROD 03'!F:F) -> 16702855 | E11: 1 | F11: =ROUND(D11*$E11,2) -> 16702855
C12: 46813 | D12: =+_xlfn.XLOOKUP(C12,'Cantidades horarias PROD 03'!E:E,'Cantidades horarias PROD 03'!F:F) -> 17698009 | E12: 1 | F12: =ROUND(D12*$E12,2) -> 17698009
C13: 46844 | D13: =+_xlfn.XLOOKUP(C13,'Cantidades horarias PROD 03'!E:E,'Cantidades horarias PROD 03'!F:F) -> 16890742 | E13: 1 | F13: =ROUND(D13*$E13,2) -> 16890742
C14: 46874 | D14: =+_xlfn.XLOOKUP(C14,'Cantidades horarias PROD 03'!E:E,'Cantidades horarias PROD 03'!F:F) -> 17388735 | E14: 1 | F14: =ROUND(D14*$E14,2) -> 17388735
C15: 46905 | D15: =+_xlfn.XLOOKUP(C15,'Cantidades horarias PROD 03'!E:E,'Cantidades horarias PROD 03'!F:F) -> 16766444 | E15: 1 | F15: =ROUND(D15*$E15,2) -> 16766444
C16: 46935 | D16: =+_xlfn.XLOOKUP(C16,'Cantidades horarias PROD 03'!E:E,'Cantidades horarias PROD 03'!F:F) -> 17160883 | E16: 1 | F16: =ROUND(D16*$E16,2) -> 17160883
C17: 46966 | D17: =+_xlfn.XLOOKUP(C17,'Cantidades horarias PROD 03'!E:E,'Cantidades horarias PROD 03'!F:F) -> 17403558 | E17: 1 | F17: =ROUND(D17*$E17,2) -> 17403558
C18: 46997 | D18: =+_xlfn.XLOOKUP(C18,'Cantidades horarias PROD 03'!E:E,'Cantidades horarias PROD 03'!F:F) -> 17115135 | E18: 1 | F18: =ROUND(D18*$E18,2) -> 17115135
C19: 47027 | D19: =+_xlfn.XLOOKUP(C19,'Cantidades horarias PROD 03'!E:E,'Cantidades horarias PROD 03'!F:F) -> 17420937 | E19: 1 | F19: =ROUND(D19*$E19,2) -> 17420937
C20: 47058 | D20: =+_xlfn.XLOOKUP(C20,'Cantidades horarias PROD 03'!E:E,'Cantidades horarias PROD 03'!F:F) -> 16804656 | E20: 1 | F20: =ROUND(D20*$E20,2) -> 16804656
C21: 47088 | D21: =+_xlfn.XLOOKUP(C21,'Cantidades horarias PROD 03'!E:E,'Cantidades horarias PROD 03'!F:F) -> 17276321 | E21: 1 | F21: =ROUND(D21*$E21,2) -> 17276321
C22: TOTAL | D22: =SUM(D10:D21) -> 2.0626665e+08 | E22: =IFERROR(F22/D22,0) -> 1 | F22: =SUM(F10:F21) -> 2.0626665e+08 | G22: =G10 -> 0
D24: Relacion ≥ | E24: 0.8
D25: Relacion: | E25: =MIN(E10:E21)/MAX(E10:E21) -> 1
C26: Nota
C27: 1. $/kWh expresados en pesos de julio de 2025.
C28: 2. La energia ofertada se despachara conforme a las cantidades horarias de este anexo
C32: XXXXXXXXXXXXXXXXXXXXXXXX
C33: REPRESENTANTE LEGAL
C34: XXXXXXXXXXXXXXXXXXXXXX S.A E.S.P

Sheet Cantidades horarias PROD 03
E1: CUADRO DE CANTIDADES HORARIAS OFRECIDAS
E2: CANTIDADES DE ENERGIA (KWh) - PRODUCTO 3
E3: PAGUE LO CONTRATADO
E5: OFERENTE:
E8: MES | F8: Cantidad Ofrecida | G8: Tipo de día | H8: N° días mes | I8: H1 | J8: H2 | K8: H3 | L8: H4 | M8: H5 | N8: H6 | O8: H7 | P8: H8 | Q8: H9 | R8: H10 | S8: H11 | T8: H12 | U8: H13 | V8: H14 | W8: H15 | X8: H16 | Y8: H17 | Z8: H18 | AA8: H19 | AB8: H20 | AC8: H21 | AD8: H22 | AE8: H23 | AF8: H24 | AG8: TOTAL
E9: 46753 | F9: =+AG13 -> 17638374 | G9: OR | H9: 20 | I9: 21592.93 | J9: 21082.225 | K9: 20749.201 | L9: 20687.654 | M9: 20691.727 | N9: 21243.448 | O9: 22997.19 | P9: 24741.596 | Q9: 26005.715 | R9: 26300.529 | S9: 27297.483 | T9: 27838.271 | U9: 27252.448 | V9: 28159.689 | W9: 29609.415 | X9: 30662.95 | Y9: 31301.63 | Z9: 31106.414 | AA9: 29794.23 | AB9: 28814.638 | AC9: 27217.294 | AD9: 25278.701 | AE9: 23459.664 | AF9: 22606.076 | AG9: =ROUND(SUM(I9:AF9)*H9,2) -> 12329822
G10: SA | H10: 4 | I10: 21477.65 | J10: 20888.61 | K10: 20578.162 | L10: 20505.39 | M10: 20473.089 | N10: 20710.742 | O10: 21668.984 | P10: 22438.655 | Q10: 23078.787 | R10: 23291.918 | S10: 24081.397 | T10: 24334.313 | U10: 23771.605 | V10: 23828.132 | W10: 24135.94 | X10: 24886.788 | Y10: 25838.775 | Z10: 26880.13 | AA10: 26648.951 | AB10: 26162.243 | AC10: 25050.994 | AD10: 23255.301 | AE10: 21657.971 | AF10: 20747.874 | AG10: =ROUND(SUM(I10:AF10)*H10,2) -> 2225569.6
G11: DO | H11: 5 | I11: 18479.722 | J11: 18032.212 | K11: 17680.169 | L11: 17479.099 | M11: 17362.2 | N11: 17190.756 | O11: 16679.615 | P11: 15886.037 | Q11: 15527.436 | R11: 15370.248 | S11: 15848.024 | T11: 16521.536 | U11: 16915.397 | V11: 17372.588 | W11: 17969.567 | X11: 19040.051 | Y11: 20452.494 | Z11: 21974.529 | AA11: 22169.745 | AB11: 21941.871 | AC11: 20975.663 | AD11: 19940.006 | AE11: 19041.766 | AF11: 18405.248 | AG11: =ROUND(SUM(I11:AF11)*H11,2) -> 2191279.9
G12: FE | H12: 2 | I12: 18909.92 | J12: 18479.676 | K12: 18159.392 | L12: 17970.325 | M12: 17839.434 | N12: 17448.346 | O12: 16910.327 | P12: 16262.754 | Q12: 16016.523 | R12: 15890.483 | S12: 16427.527 | T12: 16954.996 | U12: 17246.252 | V12: 17641.826 | W12: 18256.598 | X12: 19396.801 | Y12: 20712.369 | Z12: 22274.132 | AA12: 22368.794 | AB12: 22178.342 | AC12: 21097.197 | AD12: 19976.148 | AE12: 19034.92 | AF12: 18397.8 | AG12: =ROUND(SUM(I12:AF12)*H12,2) -> 891701.76
G13: TOTAL | H13: =+SUM(H9:H12) -> 31 | I13: =+SUMPRODUCT(I9:I12,$H9:$H12) -> 647987.66 | J13: =+SUMPRODUCT(J9:J12,$H9:$H12) -> 632319.35 | K13: =+SUMPRODUCT(K9:K12,$H9:$H12) -> 622016.29 | L13: =+SUMPRODUCT(L9:L12,$H9:$H12) -> 619110.79 | M13: =+SUMPRODUCT(M9:M12,$H9:$H12) -> 618216.76 | N13: =+SUMPRODUCT(N9:N12,$H9:$H12) -> 628562.4 | O13: =+SUMPRODUCT(O9:O12,$H9:$H12) -> 663838.47 | P13: =+SUMPRODUCT(P9:P12,$H9:$H12) -> 696542.24 | ... AF13: =+SUMPRODUCT(AF9:AF12,$H9:$H12) -> 663934.86 | AG13: =SUM(I13:AF13) -> 17638374
E14: 46784 | F14: =+AG18 -> 16702855 | G14: OR | H14: 21 | I14: 21328.865 | J14: 20822.216 | K14: 20487.938 | L14: 20428.704 | M14: 20422.684 | N14: 20957.238 | O14: 22661.259 | P14: 24375.695 | Q14: 25611.807 | R14: 25889.696 | S14: 26861.316 | T14: 27390.295 | U14: 26811.544 | V14: 27725.041 | W14: 29173.148 | X14: 30225.423 | Y14: 30865.031 | Z14: 30684.91 | AA14: 29401.088 | AB14: 28447.647 | AC14: 26865.444 | AD14: 24955.743 | AE14: 23164.004 | AF14: 22319.238 | AG14: =+SUM(I14:AF14)*H14 -> 12765395
E15: =+E14 -> 46784 | G15: SA | H15: 4 | I15: 21249.455 | J15: 20670.05 | K15: 20365.847 | L15: 20299.221 | M15: 20257.94 | N15: 20485.172 | O15: 21418.373 | P15: 22171.642 | Q15: 22793.677 | R15: 23001.779 | S15: 23769.81 | T15: 24025.186 | U15: 23475.349 | V15: 23551.281 | W15: 23855.537 | X15: 24604.603 | Y15: 25558.267 | Z15: 26599.699 | AA15: 26370.927 | AB15: 25912.738 | AC15: 24817.569 | AD15: 23043.519 | AE15: 21466.21 | AF15: 20565.555 | AG15: =+SUM(I15:AF15)*H15 -> 2201317.6
E16: =+E15 -> 46784 | G16: DO | H16: 4 | I16: 18321.52 | J16: 17882.077 | K16: 17521.958 | L16: 17323.96 | M16: 17205.719 | N16: 17043.734 | O16: 16530.403 | P16: 15723.529 | Q16: 15348.182 | R16: 15183.855 | S16: 15654.168 | T16: 16325.396 | U16: 16719.052 | V16: 17166.879 | W16: 17766.541 | X16: 18834.005 | Y16: 20247.038 | Z16: 21781.703 | AA16: 21965.413 | AB16: 21757.84 | AC16: 20802.382 | AD16: 19782.239 | AE16: 18888.642 | AF16: 18259.293 | AG16: =+SUM(I16:AF16)*H16 -> 1736142.1
E17: =+E16 -> 46784 | G17: FE | H17: 0 | I17: 0 | J17: 0 | K17: 0 | L17: 0 | M17: 0 | N17: 0 | O17: 0 | P17: 0 | Q17: 0 | R17: 0 | S17: 0 | T17: 0 | U17: 0 | V17: 0 | W17: 0 | X17: 0 | Y17: 0 | Z17: 0 | AA17: 0 | AB17: 0 | AC17: 0 | AD17: 0 | AE17: 0 | AF17: 0 | AG17: =+SUM(I17:AF17)*H17 -> 0
E18: =+E17 -> 46784 | G18: TOTAL | H18: =+SUM(H14:H17) -> 29 | I18: =+SUMPRODUCT(I14:I17,$H14:$H17) -> 606190.07 | J18: =+SUMPRODUCT(J14:J17,$H14:$H17) -> 591475.04 | K18: =+SUMPRODUCT(K14:K17,$H14:$H17) -> 581797.92 | L18: =+SUMPRODUCT(L14:L17,$H14:$H17) -> 579495.51 | M18: =+SUMPRODUCT(M14:M17,$H14:$H17) -> 578730.99 | N18: =+SUMPRODUCT(N14:N17,$H14:$H17) -> 590217.63 | O18: =+SUMPRODUCT(O14:O17,$H14:$H17) -> 627681.54 | P18: =+SUMPRODUCT(P14:P17,$H14:$H17) -> 663470.28 | ... AF18: =+SUMPRODUCT(AF14:AF17,$H14:$H17) -> 624003.38 | AG18: =SUM(I18:AF18) -> 16702855
E19: 46813 | F19: =+AG23 -> 17698009 | G19: OR | H19: 22 | I19: 21284.094 | J19: 20775.741 | K19: 20438.865 | L19: 20378.171 | M19: 20365.26 | N19: 20885.429 | O19: 22571.251 | P19: 24288.218 | Q19: 25527.71 | R19: 25812.499 | S19: 26778.339 | T19: 27306.153 | U19: 26725.373 | V19: 27644.819 | W19: 29095.267 | X19: 30144.983 | Y19: 30781.662 | Z19: 30599.393 | AA19: 29317.9 | AB19: 28376.368 | AC19: 26796.049 | AD19: 24894.581 | AE19: 23111.61 | AF19: 22267.951 | AG19: =+SUM(I19:AF19)*H19 -> 13335689
E20: =+E19 -> 46813 | G20: SA | H20: 4 | I20: 21229.627 | J20: 20650.402 | K20: 20348.506 | L20: 20283.534 | M20: 20237.365 | N20: 20453.126 | O20: 21378.206 | P20: 22136.912 | Q20: 22761.944 | R20: 22980.257 | S20: 23745.884 | T20: 24005.795 | U20: 23455.308 | V20: 23539.83 | W20: 23840.06 | X20: 24582.474 | Y20: 25533.013 | Z20: 26572.078 | AA20: 26344.259 | AB20: 25897.972 | AC20: 24801.629 | AD20: 23026.447 | AE20: 21447.905 | AF20: 20549.961 | AG20: =+SUM(I20:AF20)*H20 -> 2199210
E21: =+E20 -> 46813 | G21: DO | H21: 4 | I21: 18560.079 | J21: 18105.32 | K21: 17737.2 | L21: 17539.211 | M21: 17376.719 | N21: 17029.671 | O21: 16355.98 | P21: 15543.794 | Q21: 15208.573 | R21: 15054.772 | S21: 15549.757 | T21: 16177.91 | U21: 16554.838 | V21: 17002.276 | W21: 17580.627 | X21: 18663.33 | Y21: 20020.09 | Z21: 21635.052 | AA21: 21848.007 | AB21: 21683.267 | AC21: 20669.113 | AD21: 19638.102 | AE21: 18725 | AF21: 18096.264 | AG21: =+SUM(I21:AF21)*H21 -> 1729419.8
E22: =+E21 -> 46813 | G22: FE | H22: 1 | I22: 18568.611 | J22: 18143.328 | K22: 17813.708 | L22: 17632.064 | M22: 17477.9 | N22: 17012.027 | O22: 16380.886 | P22: 15709.838 | Q22: 15464.248 | R22: 15337.834 | S22: 15872.22 | T22: 16370.938 | U22: 16654.851 | V22: 17033.388 | W22: 17629.081 | X22: 18764.529 | Y22: 20050.284 | Z22: 21688.225 | AA22: 21781.349 | AB22: 21675.222 | AC22: 20599.92 | AD22: 19501.521 | AE22: 18571.671 | AF22: 17956.513 | AG22: =+SUM(I22:AF22)*H22 -> 433690.16
E23: =+E22 -> 46813 | G23: TOTAL | H23: =+SUM(H19:H22) -> 31 | I23: =+SUMPRODUCT(I19:I22,$H19:$H22) -> 645977.51 | J23: =+SUMPRODUCT(J19:J22,$H19:$H22) -> 630232.52 | K23: =+SUMPRODUCT(K19:K22,$H19:$H22) -> 619811.56 | L23: =+SUMPRODUCT(L19:L22,$H19:$H22) -> 617242.79 | M23: =+SUMPRODUCT(M19:M22,$H19:$H22) -> 615969.97 | N23: =+SUMPRODUCT(N19:N22,$H19:$H22) -> 626422.65 | O23: =+SUMPRODUCT(O19:O22,$H19:$H22) -> 663885.16 | P23: =+SUMPRODUCT(P19:P22,$H19:$H22) -> 700773.46 | ... AF23: =+SUMPRODUCT(AF19:AF22,$H19:$H22) -> 662436.33 | AG23: =SUM(I23:AF23) -> 17698009
E24: 46844 | F24: =+AG28 -> 16890742 | G24: OR | H24: 18 | I24: 21541.06 | J24: 21028.767 | K24: 20687.458 | L24: 20621.991 | M24: 20609.851 | N24: 21136.289 | O24: 22851.674 | P24: 24605.514 | Q24: 25879.9 | R24: 26191.374 | S24: 27175.342 | T24: 27715.366 | U24: 27122.861 | V24: 28045.528 | W24: 29500.205 | X24: 30545.097 | Y24: 31176.14 | Z24: 30976.213 | AA24: 29668.592 | AB24: 28716.631 | AC24: 27115.958 | AD24: 25193.868 | AE24: 23393.21 | AF24: 22541.688 | AG24: =+SUM(I24:AF24)*H24 -> 11052730
E25: =+E24 -> 46844 | G25: SA | H25: 5 | I25: 21448.921 | J25: 20864.674 | K25: 20558.371 | L25: 20490.33 | M25: 20443.895 | N25: 20659.204 | O25: 21597.349 | P25: 22377.608 | Q25: 23023.782 | R25: 23262.852 | S25: 24044.701 | T25: 24310.795 | U25: 23745.222 | V25: 23825.721 | W25: 24121.415 | X25: 24856.703 | Y25: 25803.288 | Z25: 26834.908 | AA25: 26602.205 | AB25: 26147 | AC25: 25032.173 | AD25: 23234.605 | AE25: 21635.469 | AF25: 20732.798 | AG25: =+SUM(I25:AF25)*H25 -> 2778269.9
E26: =+E25 -> 46844 | G26: DO | H26: 5 | I26: 18515.067 | J26: 18068.221 | K26: 17696.376 | L26: 17498.895 | M26: 17377.519 | N26: 17220.468 | O26: 16695.749 | P26: 15889.397 | Q26: 15514.928 | R26: 15361.462 | S26: 15852.235 | T26: 16540.319 | U26: 16928.915 | V26: 17370.95 | W26: 17963.397 | X26: 19028.155 | Y26: 20435.36 | Z26: 21980.274 | AA26: 22155.401 | AB26: 21952.251 | AC26: 20981.119 | AD26: 19960.034 | AE26: 19058.245 | AF26: 18431.339 | AG26: =+SUM(I26:AF26)*H26 -> 2192380.4
E27: =+E26 -> 46844 | G27: FE | H27: 2 | I27: 18568.208 | J27: 18142.925 | K27: 17813.3 | L27: 17631.661 | M27: 17477.497 | N27: 17011.619 | O27: 16380.483 | P27: 15709.429 | Q27: 15463.845 | R27: 15337.426 | S27: 15871.818 | T27: 16370.536 | U27: 16654.448 | V27: 17032.98 | W27: 17628.678 | X27: 18764.126 | Y27: 20049.881 | Z27: 21687.822 | AA27: 21780.946 | AB27: 21674.819 | AC27: 20599.512 | AD27: 19501.118 | AE27: 18571.263 | AF27: 17956.105 | AG27: =+SUM(I27:AF27)*H27 -> 867360.89
E28: =+E27 -> 46844 | G28: TOTAL | H28: =+SUM(H24:H27) -> 30 | I28: =+SUMPRODUCT(I24:I27,$H24:$H27) -> 624695.43 | J28: =+SUMPRODUCT(J24:J27,$H24:$H27) -> 609468.12 | K28: =+SUMPRODUCT(K24:K27,$H24:$H27) -> 599274.59 | L28: =+SUMPRODUCT(L24:L27,$H24:$H27) -> 596405.28 | M28: =+SUMPRODUCT(M24:M27,$H24:$H27) -> 595039.38 | N28: =+SUMPRODUCT(N24:N27,$H24:$H27) -> 603874.81 | O28: =+SUMPRODUCT(O24:O27,$H24:$H27) -> 635556.59 | P28: =+SUMPRODUCT(P24:P27,$H24:$H27) -> 665653.13 | ... AF28: =+SUMPRODUCT(AF24:AF27,$H24:$H27) -> 637483.28 | AG28: =SUM(I28:AF28) -> 16890742
E29: 46874 | F29: =+AG33 -> 17388735 | G29: OR | H29: 21 | I29: 21105.015 | J29: 20592.669 | K29: 20250.706 | L29: 20185.705 | M29: 20167.288 | N29: 20678.953 | O29: 22367.806 | P29: 24110.484 | Q29: 25375.168 | R29: 25682.974 | S29: 26655.352 | T29: 27189.938 | U29: 26599.924 | V29: 27526.589 | W29: 28981.768 | X29: 30026.182 | Y29: 30656.722 | Z29: 30461.326 | AA29: 29165.194 | AB29: 28227.363 | AC29: 26635.7 | AD29: 24728.237 | AE29: 22941.611 | AF29: 22093.905 | AG29: =+SUM(I29:AF29)*H29 -> 12650538
E30: =+E29 -> 46874 | G30: SA | H30: 4 | I30: 20980.39 | J30: 20399.595 | K30: 20098.71 | L30: 20034.49 | M30: 19982.808 | N30: 20185.695 | O30: 21106.377 | P30: 21878.678 | Q30: 22514.458 | R30: 22751.395 | S30: 23520.048 | T30: 23787.162 | U30: 23230.652 | V30: 23323.281 | W30: 23617.456 | X30: 24349.99 | Y30: 25295.675 | Z30: 26329.503 | AA30: 26101.026 | AB30: 25664.791 | AC30: 24560.649 | AD30: 22776.344 | AE30: 21189.205 | AF30: 20292.598 | AG30: =+SUM(I30:AF30)*H30 -> 2175883.9
E31: =+E30 -> 46874 | G31: DO | H31: 4 | I31: 18081.951 | J31: 17637.433 | K31: 17262.41 | L31: 17067.859 | M31: 16946.301 | N31: 16796.04 | O31: 16266.337 | P31: 15446.382 | Q31: 15062.568 | R31: 14904.652 | S31: 15387.549 | T31: 16073.52 | U31: 16461.576 | V31: 16899.984 | W31: 17495.918 | X31: 18559.769 | Y31: 19967.049 | Z31: 21520.592 | AA31: 21688.638 | AB31: 21498.925 | AC31: 20537.495 | AD31: 19530 | AE31: 18633.157 | AF31: 18012.372 | AG31: =+SUM(I31:AF31)*H31 -> 1710953.9
E32: =+E31 -> 46874 | G32: FE | H32: 2 | I32: 18274.707 | J32: 17846.036 | K32: 17510.297 | L32: 17330.115 | M32: 17166.489 | N32: 16683.307 | O32: 16009.314 | P32: 15342.702 | Q32: 15098.031 | R32: 14980.895 | S32: 15536.218 | T32: 16036.957 | U32: 16322.605 | V32: 16692.889 | W32: 17267.509 | X32: 18389.451 | Y32: 19661.972 | Z32: 21335.525 | AA32: 21430.217 | AB32: 21364.005 | AC32: 20287.653 | AD32: 19189.441 | AE32: 18264.585 | AF32: 17658.802 | AG32: =+SUM(I32:AF32)*H32 -> 851359.44
E33: =+E32 -> 46874 | G33: TOTAL | H33: =+SUM(H29:H32) -> 31 | I33: =+SUMPRODUCT(I29:I32,$H29:$H32) -> 636004.09 | J33: =+SUMPRODUCT(J29:J32,$H29:$H32) -> 620286.23 | K33: =+SUMPRODUCT(K29:K32,$H29:$H32) -> 609729.9 | L33: =+SUMPRODUCT(L29:L32,$H29:$H32) -> 606969.42 | M33: =+SUMPRODUCT(M29:M32,$H29:$H32) -> 605562.46 | N33: =+SUMPRODUCT(N29:N32,$H29:$H32) -> 615551.57 | O33: =+SUMPRODUCT(O29:O32,$H29:$H32) -> 651233.42 | P33: =+SUMPRODUCT(P29:P32,$H29:$H32) -> 686305.81 | ... AF33: =+SUMPRODUCT(AF29:AF32,$H29:$H32) -> 652509.49 | AG33: =SUM(I33:AF33) -> 17388735
E34: 46905 | F34: =+AG38 -> 16766444 | G34: OR | H34: 20 | I34: 21081.475 | J34: 20569.303 | K34: 20227.501 | L34: 20162.763 | M34: 20143.774 | N34: 20653.881 | O34: 22339.067 | P34: 24079.043 | Q34: 25341.237 | R34: 25647.466 | S34: 26617.99 | T34: 27151.534 | U34: 26562.286 | V34: 27489.148 | W34: 28944.166 | X34: 29988.767 | Y34: 30619.53 | Z34: 30425.361 | AA34: 29131.45 | AB34: 28195.32 | AC34: 26605.394 | AD34: 24700.158 | AE34: 22915.572 | AF34: 22068.563 | AG34: =+SUM(I34:AF34)*H34 -> 12033215
E35: =+E34 -> 46905 | G35: SA | H35: 4 | I35: 20976.352 | J35: 20395.645 | K35: 20094.872 | L35: 20030.732 | M35: 19978.973 | N35: 20181.681 | O35: 21102.008 | P35: 21874.033 | Q35: 22509.509 | R35: 22746.26 | S35: 23514.6 | T35: 23781.688 | U35: 23225.419 | V35: 23318.26 | W35: 23612.441 | X35: 24344.983 | Y35: 25290.689 | Z35: 26324.604 | AA35: 26096.226 | AB35: 25660.335 | AC35: 24556.484 | AD35: 22772.54 | AE35: 21185.73 | AF35: 20289.244 | AG35: =+SUM(I35:AF35)*H35 -> 2175453.2
E36: =+E35 -> 46905 | G36: DO | H36: 4 | I36: 18028.52 | J36: 17585.13 | K36: 17210.12 | L36: 17016.295 | M36: 16894.918 | N36: 16746.063 | O36: 16215.883 | P36: 15392.36 | Q36: 15006.062 | R36: 14846.216 | S36: 15325.609 | T36: 16009.832 | U36: 16398.108 | V36: 16835.989 | W36: 17433.341 | X36: 18497.156 | Y36: 19904.866 | Z36: 21459.917 | AA36: 21626.738 | AB36: 21440.196 | AC36: 20482.398 | AD36: 19478.492 | AE36: 18583.516 | AF36: 17964.141 | AG36: =+SUM(I36:AF36)*H36 -> 1705527.5
E37: =+E36 -> 46905 | G37: FE | H37: 2 | I37: 18288.508 | J37: 17859.655 | K37: 17523.915 | L37: 17343.532 | M37: 17180.414 | N37: 16699.245 | O37: 16027.412 | P37: 15361.83 | Q37: 15117.344 | R37: 15000.686 | S37: 15556.785 | T37: 16058.696 | U37: 16344.43 | V37: 16714.837 | W37: 17289.341 | X37: 18411.135 | Y37: 19684.227 | Z37: 21356.339 | AA37: 21450.908 | AB37: 21383.188 | AC37: 20306.414 | AD37: 19207.338 | AE37: 18282.108 | AF37: 17675.919 | AG37: =+SUM(I37:AF37)*H37 -> 852248.41
E38: =+E37 -> 46905 | G38: TOTAL | H38: =+SUM(H34:H37) -> 30 | I38: =+SUMPRODUCT(I34:I37,$H34:$H37) -> 614226.01 | J38: =+SUMPRODUCT(J34:J37,$H34:$H37) -> 599028.47 | K38: =+SUMPRODUCT(K34:K37,$H34:$H37) -> 588817.82 | L38: =+SUMPRODUCT(L34:L37,$H34:$H37) -> 586130.44 | M38: =+SUMPRODUCT(M34:M37,$H34:$H37) -> 584731.88 | N38: =+SUMPRODUCT(N34:N37,$H34:$H37) -> 594187.09 | O38: =+SUMPRODUCT(O34:O37,$H34:$H37) -> 628107.72 | P38: =+SUMPRODUCT(P34:P37,$H34:$H37) -> 661370.1 | ... AF38: =+SUMPRODUCT(AF34:AF37,$H34:$H37) -> 629736.65 | AG38: =SUM(I38:AF38) -> 16766444
E39: 46935 | F39: =+AG43 -> 17160883 | G39: OR | H39: 19 | I39: 21124.996 | J39: 20612.399 | K39: 20270.177 | L39: 20204.864 | M39: 20186.676 | N39: 20699.164 | O39: 22390.641 | P39: 24135.957 | Q39: 25403.103 | R39: 25712.687 | S39: 26686.54 | T39: 27222.05 | U39: 26631.223 | V39: 27557.98 | W39: 29013.409 | X39: 30057.532 | Y39: 30687.735 | Z39: 30491.103 | AA39: 29193 | AB39: 28254.101 | AC39: 26660.904 | AD39: 24751.726 | AE39: 22963.58 | AF39: 22115.276 | AG39: =+SUM(I39:AF39)*H39 -> 11457510
E40: =+E39 -> 46935 | G40: SA | H40: 5 | I40: 20994.027 | J40: 20412.927 | K40: 20111.745 | L40: 20047.317 | M40: 19995.68 | N40: 20198.678 | O40: 21120.256 | P40: 21893.803 | Q40: 22530.837 | R40: 22768.915 | S40: 23538.584 | T40: 23806.019 | U40: 23248.598 | V40: 23340.882 | W40: 23634.821 | X40: 24367.002 | Y40: 25312.485 | Z40: 26345.894 | AA40: 26117.104 | AB40: 25680.179 | AC40: 24574.925 | AD40: 22789.276 | AE40: 21200.893 | AF40: 20303.962 | AG40: =+SUM(I40:AF40)*H40 -> 2721674
E41: =+E40 -> 46935 | G41: DO | H41: 5 | I41: 17990.394 | J41: 17547.748 | K41: 17172.491 | L41: 16979.257 | M41: 16857.95 | N41: 16710.333 | O41: 16179.516 | P41: 15353.157 | Q41: 14964.89 | R41: 14803.736 | S41: 15280.771 | T41: 15963.96 | U41: 16352.308 | V41: 16789.642 | W41: 17387.972 | X41: 18451.696 | Y41: 19859.625 | Z41: 21416.103 | AA41: 21581.763 | AB41: 21397.847 | AC41: 20442.612 | AD41: 19441.56 | AE41: 18547.898 | AF41: 17929.71 | AG41: =+SUM(I41:AF41)*H41 -> 2127014.7
E42: =+E41 -> 46935 | G42: FE | H42: 2 | I42: 18327.18 | J42: 17897.727 | K42: 17561.82 | L42: 17380.925 | M42: 17218.953 | N42: 16742.93 | O42: 16075.978 | P42: 15413.374 | Q42: 15169.443 | R42: 15054.341 | S42: 15613.166 | T42: 16118.399 | U42: 16404.422 | V42: 16774.949 | W42: 17348.573 | X42: 18469.592 | Y42: 19743.908 | Z42: 21412.968 | AA42: 21507.243 | AB42: 21436.388 | AC42: 20358.394 | AD42: 19256.939 | AE42: 18330.802 | AF42: 17723.732 | AG42: =+SUM(I42:AF42)*H42 -> 854684.29
E43: =+E42 -> 46935 | G43: TOTAL | H43: =+SUM(H39:H42) -> 31 | I43: =+SUMPRODUCT(I39:I42,$H39:$H42) -> 632951.38 | J43: =+SUMPRODUCT(J39:J42,$H39:$H42) -> 617234.41 | K43: =+SUMPRODUCT(K39:K42,$H39:$H42) -> 606678.19 | L43: =+SUMPRODUCT(L39:L42,$H39:$H42) -> 603787.14 | M43: =+SUMPRODUCT(M39:M42,$H39:$H42) -> 602252.89 | N43: =+SUMPRODUCT(N39:N42,$H39:$H42) -> 611315.03 | O43: =+SUMPRODUCT(O39:O42,$H39:$H42) -> 644073 | P43: =+SUMPRODUCT(P39:P42,$H39:$H42) -> 675644.73 | ... AF43: =+SUMPRODUCT(AF39:AF42,$H39:$H42) -> 646806.06 | AG43: =SUM(I43:AF43) -> 17160883
E44: 46966 | F44: =+AG48 -> 17403558 | G44: OR | H44: 21 | I44: 21126.839 | J44: 20614.063 | K44: 20271.6 | L44: 20206.102 | M44: 20187.497 | N44: 20699.189 | O44: 22390.053 | P44: 24136.201 | Q44: 25404.205 | R44: 25714.717 | S44: 26688.534 | T44: 27224.191 | U44: 26633.024 | V44: 27560.218 | W44: 29015.871 | X44: 30059.74 | Y44: 30689.657 | Z44: 30492.562 | AA44: 29194.129 | AB44: 28255.796 | AC44: 26662.347 | AD44: 24753.31 | AE44: 22965.398 | AF44: 22117.016 | AG44: =+SUM(I44:AF44)*H44 -> 12664307
E45: =+E44 -> 46966 | G45: SA | H45: 4 | I45: 21002.355 | J45: 20421.054 | K45: 20119.785 | L45: 20055.298 | M45: 20003.445 | N45: 20205.934 | O45: 21127.716 | P45: 21902.398 | Q45: 22540.441 | R45: 22779.819 | S45: 23550.064 | T45: 23817.953 | U45: 23259.873 | V45: 23352.347 | W45: 23645.93 | X45: 24377.533 | Y45: 25322.717 | Z45: 26355.712 | AA45: 26126.764 | AB45: 25689.964 | AC45: 24583.893 | AD45: 22797.252 | AE45: 21207.96 | AF45: 20310.947 | AG45: =+SUM(I45:AF45)*H45 -> 2178228.6
E46: =+E45 -> 46966 | G46: DO | H46: 4 | I46: 18075.616 | J46: 17631.038 | K46: 17255.265 | L46: 17061.021 | M46: 16939.325 | N46: 16789.911 | O46: 16259.294 | P46: 15438.031 | Q46: 15053.346 | R46: 14895.406 | S46: 15378.315 | T46: 16064.723 | U46: 16452.537 | V46: 16890.373 | W46: 17486.373 | X46: 18550.035 | Y46: 19957.099 | Z46: 21511.868 | AA46: 21678.901 | AB46: 21490.662 | AC46: 20529.572 | AD46: 19523.366 | AE46: 18626.689 | AF46: 18006.591 | AG46: =+SUM(I46:AF46)*H46 -> 1710181.4
E47: =+E46 -> 46966 | G47: FE | H47: 2 | I47: 18269.531 | J47: 17840.641 | K47: 17504.353 | L47: 17324.384 | M47: 17159.702 | N47: 16674.089 | O47: 15995.334 | P47: 15328.666 | Q47: 15083.989 | R47: 14967.478 | S47: 15524.32 | T47: 16024.726 | U47: 16310.489 | V47: 16679.982 | W47: 17252.775 | X47: 18373.584 | Y47: 19644.674 | Z47: 21322.036 | AA47: 21416.911 | AB47: 21354.917 | AC47: 20278.667 | AD47: 19180.84 | AE47: 18256.592 | AF47: 17651.829 | AG47: =+SUM(I47:AF47)*H47 -> 850841.01
E48: =+E47 -> 46966 | G48: TOTAL | H48: =+SUM(H44:H47) -> 31 | I48: =+SUMPRODUCT(I44:I47,$H44:$H47) -> 636514.57 | J48: =+SUMPRODUCT(J44:J47,$H44:$H47) -> 620784.98 | K48: =+SUMPRODUCT(K44:K47,$H44:$H47) -> 610212.5 | L48: =+SUMPRODUCT(L44:L47,$H44:$H47) -> 607442.19 | M48: =+SUMPRODUCT(M44:M47,$H44:$H47) -> 606027.91 | N48: =+SUMPRODUCT(N44:N47,$H44:$H47) -> 616014.52 | O48: =+SUMPRODUCT(O44:O47,$H44:$H47) -> 651729.81 | P48: =+SUMPRODUCT(P44:P47,$H44:$H47) -> 686879.28 | ... AF48: =+SUMPRODUCT(AF44:AF47,$H44:$H47) -> 653031.14 | AG48: =SUM(I48:AF48) -> 17403558
E49: 46997 | F49: =+AG53 -> 17115135 | G49: OR | H49: 21 | I49: 21131.693 | J49: 20618.879 | K49: 20276.38 | L49: 20210.831 | M49: 20192.333 | N49: 20704.339 | O49: 22395.957 | P49: 24142.672 | Q49: 25411.188 | R49: 25722.028 | S49: 26696.224 | T49: 27232.102 | U49: 26640.775 | V49: 27567.927 | W49: 29023.617 | X49: 30067.449 | Y49: 30697.318 | Z49: 30499.968 | AA49: 29201.075 | AB49: 28262.394 | AC49: 26668.586 | AD49: 24759.093 | AE49: 22970.761 | AF49: 22122.236 | AG49: =+SUM(I49:AF49)*H49 -> 12667532
E50: =+E49 -> 46997 | G50: SA | H50: 5 | I50: 21060.119 | J50: 20477.56 | K50: 20174.718 | L50: 20109.126 | M50: 20058.275 | N50: 20263.173 | O50: 21189.895 | P50: 21968.613 | Q50: 22611.132 | R50: 22853.306 | S50: 23628.017 | T50: 23896.414 | U50: 23334.813 | V50: 23424.434 | W50: 23717.801 | X50: 24449.127 | Y50: 25394.04 | Z50: 26425.74 | AA50: 26195.4 | AB50: 25753.836 | AC50: 24643.537 | AD50: 22851.715 | AE50: 21257.695 | AF50: 20358.943 | AG50: =+SUM(I50:AF50)*H50 -> 2730487.1
E51: =+E50 -> 46997 | G51: DO | H51: 4 | I51: 18143.887 | J51: 17697.865 | K51: 17322.075 | L51: 17126.905 | M51: 17004.985 | N51: 16853.773 | O51: 16323.768 | P51: 15507.064 | Q51: 15125.552 | R51: 14970.083 | S51: 15457.463 | T51: 16146.105 | U51: 16533.639 | V51: 16972.143 | W51: 17566.331 | X51: 18630.049 | Y51: 20036.558 | Z51: 21589.4 | AA51: 21757.995 | AB51: 21565.709 | AC51: 20599.978 | AD51: 19589.18 | AE51: 18690.118 | AF51: 18068.216 | AG51: =+SUM(I51:AF51)*H51 -> 1717115.4
E52: =+E51 -> 46997 | G52: FE | H52: 0 | I52: 0 | J52: 0 | K52: 0 | L52: 0 | M52: 0 | N52: 0 | O52: 0 | P52: 0 | Q52: 0 | R52: 0 | S52: 0 | T52: 0 | U52: 0 | V52: 0 | W52: 0 | X52: 0 | Y52: 0 | Z52: 0 | AA52: 0 | AB52: 0 | AC52: 0 | AD52: 0 | AE52: 0 | AF52: 0 | AG52: =+SUM(I52:AF52)*H52 -> 0
E53: =+E52 -> 46997 | G53: TOTAL | H53: =+SUM(H49:H52) -> 30 | I53: =+SUMPRODUCT(I49:I52,$H49:$H52) -> 621641.7 | J53: =+SUMPRODUCT(J49:J52,$H49:$H52) -> 606175.72 | K53: =+SUMPRODUCT(K49:K52,$H49:$H52) -> 595965.88 | L53: =+SUMPRODUCT(L49:L52,$H49:$H52) -> 593480.7 | M53: =+SUMPRODUCT(M49:M52,$H49:$H52) -> 592350.3 | N53: =+SUMPRODUCT(N49:N52,$H49:$H52) -> 603522.08 | O53: =+SUMPRODUCT(O49:O52,$H49:$H52) -> 641559.65 | P53: =+SUMPRODUCT(P49:P52,$H49:$H52) -> 678867.44 | ... AF53: =+SUMPRODUCT(AF49:AF52,$H49:$H52) -> 638634.54 | AG53: =SUM(I53:AF53) -> 17115135
E54: 47027 | F54: =+AG58 -> 17420937 | G54: OR | H54: 21 | I54: 21138.341 | J54: 20625.475 | K54: 20282.938 | L54: 20217.311 | M54: 20198.977 | N54: 20711.421 | O54: 22404.07 | P54: 24151.548 | Q54: 25420.768 | R54: 25732.057 | S54: 26706.782 | T54: 27242.952 | U54: 26651.404 | V54: 27578.507 | W54: 29034.238 | X54: 30078.017 | Y54: 30707.823 | Z54: 30510.128 | AA54: 29210.602 | AB54: 28271.446 | AC54: 26677.146 | AD54: 24767.025 | AE54: 22978.118 | AF54: 22129.394 | AG54: =+SUM(I54:AF54)*H54 -> 12671956
E55: =+E54 -> 47027 | G55: SA | H55: 4 | I55: 21037.686 | J55: 20455.61 | K55: 20153.38 | L55: 20088.219 | M55: 20036.981 | N55: 20240.942 | O55: 21165.739 | P55: 21942.89 | Q55: 22583.678 | R55: 22824.765 | S55: 23597.74 | T55: 23865.943 | U55: 23305.71 | V55: 23396.439 | W55: 23689.889 | X55: 24421.322 | Y55: 25366.34 | Z55: 26398.542 | AA55: 26168.741 | AB55: 25729.034 | AC55: 24620.374 | AD55: 22830.56 | AE55: 21238.375 | AF55: 20340.301 | AG55: =+SUM(I55:AF55)*H55 -> 2181996.8
E56: =+E55 -> 47027 | G56: DO | H56: 5 | I56: 18103.547 | J56: 17658.379 | K56: 17282.596 | L56: 17087.972 | M56: 16966.186 | N56: 16816.037 | O56: 16285.665 | P56: 15466.27 | Q56: 15082.878 | R56: 14925.948 | S56: 15410.689 | T56: 16098.013 | U56: 16485.71 | V56: 16923.821 | W56: 17519.079 | X56: 18582.763 | Y56: 19989.598 | Z56: 21543.585 | AA56: 21711.254 | AB56: 21521.357 | AC56: 20558.373 | AD56: 19550.29 | AE56: 18652.639 | AF56: 18031.806 | AG56: =+SUM(I56:AF56)*H56 -> 2141272.3
E57: =+E56 -> 47027 | G57: FE | H57: 1 | I57: 18278.567 | J57: 17849.555 | K57: 17513.274 | L57: 17333.177 | M57: 17168.823 | N57: 16684.544 | O57: 16007.223 | P57: 15341.23 | Q57: 15096.674 | R57: 14980.469 | S57: 15537.81 | T57: 16038.983 | U57: 16324.798 | V57: 16694.383 | W57: 17267.108 | X57: 18387.823 | Y57: 19659.295 | Z57: 21335.696 | AA57: 21430.493 | AB57: 21367.491 | AC57: 20290.959 | AD57: 19192.575 | AE57: 18268.074 | AF57: 17663.04 | AG57: =+SUM(I57:AF57)*H57 -> 425712.06
E58: =+E57 -> 47027 | G58: TOTAL | H58: =+SUM(H54:H57) -> 31 | I58: =+SUMPRODUCT(I54:I57,$H54:$H57) -> 636852.22 | J58: =+SUMPRODUCT(J54:J57,$H54:$H57) -> 621098.86 | K58: =+SUMPRODUCT(K54:K57,$H54:$H57) -> 610481.48 | L58: =+SUMPRODUCT(L54:L57,$H54:$H57) -> 607689.45 | M58: =+SUMPRODUCT(M54:M57,$H54:$H57) -> 606326.19 | N58: =+SUMPRODUCT(N54:N57,$H54:$H57) -> 616668.34 | O58: =+SUMPRODUCT(O54:O57,$H54:$H57) -> 652583.98 | P58: =+SUMPRODUCT(P54:P57,$H54:$H57) -> 687626.64 | ... AF58: =+SUMPRODUCT(AF54:AF57,$H54:$H57) -> 653900.55 | AG58: =SUM(I58:AF58) -> 17420937
E59: 47058 | F59: =+AG63 -> 16804656 | G59: OR | H59: 20 | I59: 21130.204 | J59: 20617.346 | K59: 20274.781 | L59: 20209.192 | M59: 20190.504 | N59: 20702.098 | O59: 22393.179 | P59: 24139.932 | Q59: 25408.515 | R59: 25719.527 | S59: 26693.547 | T59: 27229.379 | U59: 26638.008 | V59: 27565.323 | W59: 29021.077 | X59: 30064.841 | Y59: 30694.632 | Z59: 30497.237 | AA59: 29198.43 | AB59: 28260.095 | AC59: 26666.355 | AD59: 24757.11 | AE59: 22969.039 | AF59: 22120.55 | AG59: =+SUM(I59:AF59)*H59 -> 12063218
E60: =+E59 -> 47058 | G60: SA | H60: 4 | I60: 21026.03 | J60: 20444.202 | K60: 20142.338 | L60: 20077.433 | M60: 20025.866 | N60: 20229.057 | O60: 21152.689 | P60: 21929.213 | Q60: 22569.218 | R60: 22810.043 | S60: 23582.095 | T60: 23850.321 | U60: 23290.748 | V60: 23382.256 | W60: 23675.643 | X60: 24406.948 | Y60: 25351.931 | Z60: 26384.323 | AA60: 26154.81 | AB60: 25716.342 | AC60: 24608.457 | AD60: 22819.618 | AE60: 21228.306 | AF60: 20330.64 | AG60: =+SUM(I60:AF60)*H60 -> 2180754.1
E61: =+E60 -> 47058 | G61: DO | H61: 4 | I61: 18069.64 | J61: 17625.152 | K61: 17249.207 | L61: 17055.09 | M61: 16933.384 | N61: 16784.278 | O61: 16253.409 | P61: 15431.554 | Q61: 15046.456 | R61: 14888.351 | S61: 15370.962 | T61: 16057.321 | U61: 16445.098 | V61: 16882.759 | W61: 17478.895 | X61: 18542.513 | Y61: 19949.562 | Z61: 21504.74 | AA61: 21671.44 | AB61: 21483.8 | AC61: 20523.099 | AD61: 19517.485 | AE61: 18621.012 | AF61: 18001.186 | AG61: =+SUM(I61:AF61)*H61 -> 1709545.6
E62: =+E61 -> 47058 | G62: FE | H62: 2 | I62: 18274.765 | J62: 17845.742 | K62: 17509.335 | L62: 17329.323 | M62: 17164.637 | N62: 16679.429 | O62: 16000.632 | P62: 15334.425 | Q62: 15089.836 | R62: 14973.674 | S62: 15531.209 | T62: 16032.083 | U62: 16317.908 | V62: 16687.292 | W62: 17259.63 | X62: 18380.119 | Y62: 19651.164 | Z62: 21328.688 | AA62: 21423.554 | AB62: 21361.786 | AC62: 20285.356 | AD62: 19187.225 | AE62: 18262.935 | AF62: 17658.203 | AG62: =+SUM(I62:AF62)*H62 -> 851137.9
E63: =+E62 -> 47058 | G63: TOTAL | H63: =+SUM(H59:H62) -> 30 | I63: =+SUMPRODUCT(I59:I62,$H59:$H62) -> 615536.3 | J63: =+SUMPRODUCT(J59:J62,$H59:$H62) -> 600315.83 | K63: =+SUMPRODUCT(K59:K62,$H59:$H62) -> 590080.48 | L63: =+SUMPRODUCT(L59:L62,$H59:$H62) -> 587372.58 | M63: =+SUMPRODUCT(M59:M62,$H59:$H62) -> 585976.36 | N63: =+SUMPRODUCT(N59:N62,$H59:$H62) -> 595454.15 | O63: =+SUMPRODUCT(O59:O62,$H59:$H62) -> 629489.24 | P63: =+SUMPRODUCT(P59:P62,$H59:$H62) -> 662910.56 | ... AF63: =+SUMPRODUCT(AF59:AF62,$H59:$H62) -> 631054.71 | AG63: =SUM(I63:AF63) -> 16804656
E64: 47088 | F64: =+AG68 -> 17276321 | G64: OR | H64: 19 | I64: 21232.681 | J64: 20718.969 | K64: 20375.642 | L64: 20308.84 | M64: 20292.473 | N64: 20810.526 | O64: 22517.253 | P64: 24275.998 | Q64: 25555.638 | R64: 25873.814 | S64: 26855.824 | T64: 27396.223 | U64: 26801.398 | V64: 27728.058 | W64: 29184.574 | X64: 30227.438 | Y64: 30856.15 | Z64: 30653.293 | AA64: 29344.757 | AB64: 28399.267 | AC64: 26797.934 | AD64: 24879.099 | AE64: 23082.303 | AF64: 22230.768 | AG64: =+SUM(I64:AF64)*H64 -> 11521579
E65: =+E64 -> 47088 | G65: SA | H65: 5 | I65: 21141.442 | J65: 20557.098 | K65: 20252.132 | L65: 20185.051 | M65: 20135.374 | N65: 20343.09 | O65: 21276.434 | P65: 22061.205 | Q65: 22710.261 | R65: 22956.975 | S65: 23737.919 | T65: 24007.279 | U65: 23440.63 | V65: 23526.628 | W65: 23819.475 | X65: 24550.058 | Y65: 25494.408 | Z65: 26524.149 | AA65: 26291.869 | AB65: 25844.136 | AC65: 24727.744 | AD65: 22928.465 | AE65: 21327.64 | AF65: 20426.554 | AG65: =+SUM(I65:AF65)*H65 -> 2741330.1
E66: =+E65 -> 47088 | G66: DO | H66: 5 | I66: 18149.912 | J66: 17703.679 | K66: 17327.553 | L66: 17132.398 | M66: 17010.389 | N66: 16859.319 | O66: 16328.98 | P66: 15512.288 | Q66: 15130.803 | R66: 14975.64 | S66: 15463.608 | T66: 16152.732 | U66: 16540.12 | V66: 16978.462 | W66: 17572.44 | X66: 18636.078 | Y66: 20042.421 | Z66: 21595.56 | AA66: 21763.911 | AB66: 21571.75 | AC66: 20605.574 | AD66: 19594.754 | AE66: 18695.461 | AF66: 18073.628 | AG66: =+SUM(I66:AF66)*H66 -> 2147087.3
E67: =+E66 -> 47088 | G67: FE | H67: 2 | I67: 18510.334 | J67: 18078.2 | K67: 17741.826 | L67: 17558.412 | M67: 17402.371 | N67: 16951.66 | O67: 16310.024 | P67: 15661.328 | Q67: 15419.98 | R67: 15311.827 | S67: 15882.54 | T67: 16403.441 | U67: 16690.74 | V67: 17062.263 | W67: 17632.766 | X67: 18750.769 | Y67: 20031.591 | Z67: 21684.345 | AA67: 21777.144 | AB67: 21689.391 | AC67: 20605.679 | AD67: 19492.906 | AE67: 18562.197 | AF67: 17950.474 | AG67: =+SUM(I67:AF67)*H67 -> 866324.42
E68: =+E67 -> 47088 | G68: TOTAL | H68: =+SUM(H64:H67) -> 31 | I68: =+SUMPRODUCT(I64:I67,$H64:$H67) -> 636898.38 | J68: =+SUMPRODUCT(J64:J67,$H64:$H67) -> 621120.7 | K68: =+SUMPRODUCT(K64:K67,$H64:$H67) -> 610519.28 | L68: =+SUMPRODUCT(L64:L67,$H64:$H67) -> 607572.03 | M68: =+SUMPRODUCT(M64:M67,$H64:$H67) -> 606090.54 | N68: =+SUMPRODUCT(N64:N67,$H64:$H67) -> 615315.36 | O68: =+SUMPRODUCT(O64:O67,$H64:$H67) -> 648474.92 | P68: =+SUMPRODUCT(P64:P67,$H64:$H67) -> 680434.09 | ... AF68: =+SUMPRODUCT(AF64:AF67,$H64:$H67) -> 650786.46 | AG68: =SUM(I68:AF68) -> 17276321

Sheet PRODUCTO 04 
C1: CP-GNCC2025-002
C2: CP-GNCC2025-002-PROD04
C3: CANTIDAD EN: | D3: KWh
C4: MODALIDAD: | D4: PAGUE LO CONTRATADO
C5: OFERENTE:
C9: MES DE SUMINISTRO | D9: ENERGÍA SOLICITADA (KWh) | E9: % ENERGÍA OFRECIDA | F9: ENERGÍA OFRECIDA (KWh) | G9: PRECIO OFERTADO ($/KWh)
C10: 47119 | D10: =+_xlfn.XLOOKUP(C10,'Cantidades horarias PROD 04'!E:E,'Cantidades horarias PROD 04'!F:F) -> 31438022 | E10: 1 | F10: =ROUND(D10*$E10,2) -> 31438022
C11: 47150 | D11: =+_xlfn.XLOOKUP(C11,'Cantidades horarias PROD 04'!E:E,'Cantidades horarias PROD 04'!F:F) -> 28472450 | E11: 1 | F11: =ROUND(D11*$E11,2) -> 28472450
C12: 47178 | D12: =+_xlfn.XLOOKUP(C12,'Cantidades horarias PROD 04'!E:E,'Cantidades horarias PROD 04'!F:F) -> 29981998 | E12: 1 | F12: =ROUND(D12*$E12,2) -> 29981998
C13: 47209 | D13: =+_xlfn.XLOOKUP(C13,'Cantidades horarias PROD 04'!E:E,'Cantidades horarias PROD 04'!F:F) -> 30519284 | E13: 1 | F13: =ROUND(D13*$E13,2) -> 30519284
C14: 47239 | D14: =+_xlfn.XLOOKUP(C14,'Cantidades horarias PROD 04'!E:E,'Cantidades horarias PROD 04'!F:F) -> 30810329 | E14: 1 | F14: =ROUND(D14*$E14,2) -> 30810329
C15: 47270 | D15: =+_xlfn.XLOOKUP(C15,'Cantidades horarias PROD 04'!E:E,'Cantidades horarias PROD 04'!F:F) -> 29973625 | E15: 1 | F15: =ROUND(D15*$E15,2) -> 29973625
C16: 47300 | D16: =+_xlfn.XLOOKUP(C16,'Cantidades horarias PROD 04'!E:E,'Cantidades horarias PROD 04'!F:F) -> 30372145 | E16: 1 | F16: =ROUND(D16*$E16,2) -> 30372145
C17: 47331 | D17: =+_xlfn.XLOOKUP(C17,'Cantidades horarias PROD 04'!E:E,'Cantidades horarias PROD 04'!F:F) -> 30851783 | E17: 1 | F17: =ROUND(D17*$E17,2) -> 30851783
C18: 47362 | D18: =+_xlfn.XLOOKUP(C18,'Cantidades horarias PROD 04'!E:E,'Cantidades horarias PROD 04'!F:F) -> 30132090 | E18: 1 | F18: =ROUND(D18*$E18,2) -> 30132090
C19: 47392 | D19: =+_xlfn.XLOOKUP(C19,'Cantidades horarias PROD 04'!E:E,'Cantidades horarias PROD 04'!F:F) -> 31354398 | E19: 1 | F19: =ROUND(D19*$E19,2) -> 31354398
C20: 47423 | D20: =+_xlfn.XLOOKUP(C20,'Cantidades horarias PROD 04'!E:E,'Cantidades horarias PROD 04'!F:F) -> 29761781 | E20: 1 | F20: =ROUND(D20*$E20,2) -> 29761781
C21: 47453 | D21: =+_xlfn.XLOOKUP(C21,'Cantidades horarias PROD 04'!E:E,'Cantidades horarias PROD 04'!F:F) -> 30693422 | E21: 1 | F21: =ROUND(D21*$E21,2) -> 30693422
C22: TOTAL | D22: =SUM(D10:D21) -> 3.6436133e+08 | E22: =IFERROR(F22/D22,0) -> 1 | F22: =SUM(F10:F21) -> 3.6436133e+08 | G22: =G10 -> 0
D24: Relacion ≥ | E24: 0.8
D25: Relacion: | E25: =MIN(E10:E21)/MAX(E10:E21) -> 1
C26: Nota
C27: 1. $/kWh expresados en pesos de julio de 2025.
C28: 2. La energia ofertada se despachara conforme a las cantidades horarias de este anexo
C32: XXXXXXXXXXXXXXXXXXXXXXXX
C33: REPRESENTANTE LEGAL
C34: XXXXXXXXXXXXXXXXXXXXXX S.A E.S.P

Sheet Cantidades horarias PROD 04
E1: CUADRO DE CANTIDADES HORARIAS OFRECIDAS
E2: CANTIDADES DE ENERGIA (KWh) - PRODUCTO 4
E3: PAGUE LO CONTRATADO
E5: OFERENTE:
E8: MES | F8: Cantidad Ofrecida | G8: Tipo de día | H8: N° días mes | I8: H1 | J8: H2 | K8: H3 | L8: H4 | M8: H5 | N8: H6 | O8: H7 | P8: H8 | Q8: H9 | R8: H10 | S8: H11 | T8: H12 | U8: H13 | V8: H14 | W8: H15 | X8: H16 | Y8: H17 | Z8: H18 | AA8: H19 | AB8: H20 | AC8: H21 | AD8: H22 | AE8: H23 | AF8: H24 | AG8: TOTAL
E9: 47119 | F9: =+AG13 -> 31438022 | G9: OR | H9: 21 | I9: 37057.055 | J9: 36049.279 | K9: 35386.601 | L9: 35368.569 | M9: 35249.244 | N9: 36553.474 | O9: 40698.175 | P9: 45964.273 | Q9: 49781.304 | R9: 51136.371 | S9: 53272.395 | T9: 54369.015 | U9: 52778.192 | V9: 54345.085 | W9: 56619.034 | X9: 57882.004 | Y9: 57755.474 | Z9: 55810.812 | AA9: 52703.343 | AB9: 50904.039 | AC9: 47610.057 | AD9: 44036.554 | AE9: 40491.015 | AF9: 39017.027 | AG9: =ROUND(SUM(I9:AF9)*H9,2) -> 23537606
G10: SA | H10: 4 | I10: 36039.828 | J10: 34837.015 | K10: 34378.942 | L10: 34377.893 | M10: 34261.47 | N10: 34936.865 | O10: 37317.201 | P10: 40586.51 | Q10: 42997.116 | R10: 44056.926 | S10: 45661.397 | T10: 46212.8 | U10: 44780.664 | V10: 44557.741 | W10: 44386.98 | X10: 44950.804 | Y10: 45436.294 | Z10: 46143.642 | AA10: 45356.524 | AB10: 44650.345 | AC10: 42524.489 | AD10: 39147.615 | AE10: 36114.377 | AF10: 34364.422 | AG10: =ROUND(SUM(I10:AF10)*H10,2) -> 3912311.5
G11: DO | H11: 4 | I11: 27131.598 | J11: 26408.697 | K11: 25786.033 | L11: 25445.815 | M11: 25224.448 | N11: 25130.252 | O11: 24477.476 | P11: 24123.321 | Q11: 24279.938 | R11: 24510.069 | S11: 25270.496 | T11: 26341.877 | U11: 26677.943 | V11: 27143.126 | W11: 27779.094 | X11: 29136.353 | Y11: 30721.156 | Z11: 32440.989 | AA11: 32511.294 | AB11: 32391.086 | AC11: 30798.195 | AD11: 29133.373 | AE11: 27728.457 | AF11: 26685.191 | AG11: =ROUND(SUM(I11:AF11)*H11,2) -> 2629105.1
G12: FE | H12: 2 | I12: 29160.067 | J12: 28399.101 | K12: 27798.288 | L12: 27457.811 | M12: 27078.647 | N12: 26091.612 | O12: 24924.848 | P12: 24773.832 | Q12: 25221.456 | R12: 25525.73 | S12: 26457.598 | T12: 27219.771 | U12: 27381.35 | V12: 27795.911 | W12: 28397.358 | X12: 29905.879 | Y12: 31199.887 | Z12: 33161.595 | AA12: 33236.027 | AB12: 33194.061 | AC12: 31218.958 | AD12: 29363.262 | AE12: 27809.377 | AF12: 26727.379 | AG12: =ROUND(SUM(I12:AF12)*H12,2) -> 1358999.6
G13: TOTAL | H13: =+SUM(H9:H12) -> 31 | I13: =+SUMPRODUCT(I9:I12,$H9:$H12) -> 1089204 | J13: =+SUMPRODUCT(J9:J12,$H9:$H12) -> 1058815.9 | K13: =+SUMPRODUCT(K9:K12,$H9:$H12) -> 1039375.1 | L13: =+SUMPRODUCT(L9:L12,$H9:$H12) -> 1036950.4 | M13: =+SUMPRODUCT(M9:M12,$H9:$H12) -> 1032335.1 | N13: =+SUMPRODUCT(N9:N12,$H9:$H12) -> 1060074.6 | O13: =+SUMPRODUCT(O9:O12,$H9:$H12) -> 1151690.1 | P13: =+SUMPRODUCT(P9:P12,$H9:$H12) -> 1273636.7 | ... AF13: =+SUMPRODUCT(AF9:AF12,$H9:$H12) -> 1117010.8 | AG13: =SUM(I13:AF13) -> 31438022
E14: 47150 | F14: =+AG18 -> 28472450 | G14: OR | H14: 20 | I14: 36419.813 | J14: 35419.412 | K14: 34751.848 | L14: 34738.713 | M14: 34594.899 | N14: 35852.571 | O14: 39922.42 | P14: 45187.359 | Q14: 48952.86 | R14: 50172.179 | S14: 52124.578 | T14: 53260.522 | U14: 51795.219 | V14: 53575.486 | W14: 55780.822 | X14: 57040.705 | Y14: 56689.924 | Z14: 54792.788 | AA14: 51792.305 | AB14: 50052.277 | AC14: 46788.207 | AD14: 43275.05 | AE14: 39787.594 | AF14: 38329.934 | AG14: =+SUM(I14:AF14)*H14 -> 22021950
E15: =+E14 -> 47150 | G15: SA | H15: 4 | I15: 35495.588 | J15: 34313.855 | K15: 33868.902 | L15: 33882.042 | M15: 33743.324 | N15: 34387.344 | O15: 36751.124 | P15: 40048.259 | Q15: 42429.602 | R15: 43383.58 | S15: 44813.657 | T15: 45438.296 | U15: 44145.696 | V15: 44164.931 | W15: 43915.582 | X15: 44473.92 | Y15: 44738.744 | Z15: 45461.706 | AA15: 44721.681 | AB15: 44082.716 | AC15: 41990.653 | AD15: 38657.25 | AE15: 35664.738 | AF15: 33933.209 | AG15: =+SUM(I15:AF15)*H15 -> 3858025.6
E16: =+E15 -> 47150 | G16: DO | H16: 4 | I16: 26761.295 | J16: 26055.289 | K16: 25410.219 | L16: 25076.287 | M16: 24850.887 | N16: 24772.517 | O16: 24152.969 | P16: 23828.772 | Q16: 23955.589 | R16: 24073.151 | S16: 24693.562 | T16: 25830.221 | U16: 26278.955 | V16: 26917.228 | W16: 27490.49 | X16: 28840.052 | Y16: 30202.957 | Z16: 31971.986 | AA16: 32056.892 | AB16: 31984.4 | AC16: 30411.499 | AD16: 28777.846 | AE16: 27377.795 | AF16: 26347.875 | AG16: =+SUM(I16:AF16)*H16 -> 2592474.9
E17: =+E16 -> 47150 | G17: FE | H17: 0 | I17: 0 | J17: 0 | K17: 0 | L17: 0 | M17: 0 | N17: 0 | O17: 0 | P17: 0 | Q17: 0 | R17: 0 | S17: 0 | T17: 0 | U17: 0 | V17: 0 | W17: 0 | X17: 0 | Y17: 0 | Z17: 0 | AA17: 0 | AB17: 0 | AC17: 0 | AD17: 0 | AE17: 0 | AF17: 0 | AG17: =+SUM(I17:AF17)*H17 -> 0
E18: =+E17 -> 47150 | G18: TOTAL | H18: =+SUM(H14:H17) -> 28 | I18: =+SUMPRODUCT(I14:I17,$H14:$H17) -> 977423.79 | J18: =+SUMPRODUCT(J14:J17,$H14:$H17) -> 949864.81 | K18: =+SUMPRODUCT(K14:K17,$H14:$H17) -> 932153.44 | L18: =+SUMPRODUCT(L14:L17,$H14:$H17) -> 930607.59 | M18: =+SUMPRODUCT(M14:M17,$H14:$H17) -> 926274.82 | N18: =+SUMPRODUCT(N14:N17,$H14:$H17) -> 953690.87 | O18: =+SUMPRODUCT(O14:O17,$H14:$H17) -> 1042064.8 | P18: =+SUMPRODUCT(P14:P17,$H14:$H17) -> 1159255.3 | ... AF18: =+SUMPRODUCT(AF14:AF17,$H14:$H17) -> 1007723 | AG18: =SUM(I18:AF18) -> 28472450
E19: 47178 | F19: =+AG23 -> 29981998 | G19: OR | H19: 19 | I19: 36108.437 | J19: 35107.239 | K19: 34433.795 | L19: 34418.145 | M19: 34251.321 | N19: 35467.317 | O19: 39422.066 | P19: 44611.427 | Q19: 48359.574 | R19: 49686.611 | S19: 51735.621 | T19: 52795.95 | U19: 51219.244 | V19: 52820.276 | W19: 55096.228 | X19: 56348.524 | Y19: 56216.4 | Z19: 54307.945 | AA19: 51286.308 | AB19: 49593.439 | AC19: 46347.068 | AD19: 42877.397 | AE19: 39432.718 | AF19: 37986.507 | AG19: =+SUM(I19:AF19)*H19 -> 20708662
E20: =+E19 -> 47178 | G20: SA | H20: 5 | I20: 35261.231 | J20: 34085.862 | K20: 33651.722 | L20: 33672.474 | M20: 33517.27 | N20: 34131.432 | O20: 36419.047 | P20: 39657.684 | Q20: 42026.051 | R20: 43100.363 | S20: 44638.126 | T20: 45209.084 | U20: 43811.136 | V20: 43666.503 | W20: 43474.54 | X20: 44014.781 | Y20: 44496.223 | Z20: 45197.165 | AA20: 44419.452 | AB20: 43826.311 | AC20: 41742.141 | AD20: 38422.634 | AE20: 35441.94 | AF20: 33725.963 | AG20: =+SUM(I20:AF20)*H20 -> 4788045.7
E21: =+E20 -> 47178 | G21: DO | H21: 4 | I21: 27271.369 | J21: 26528.198 | K21: 25860.568 | L21: 25528.977 | M21: 25180.087 | N21: 24594.794 | O21: 23487.415 | P21: 23081.221 | Q21: 23303.225 | R21: 23542.828 | S21: 24351.399 | T21: 25295.92 | U21: 25584.627 | V21: 26022.528 | W21: 26606.402 | X21: 27997.837 | Y21: 29426.912 | Z21: 31406.621 | AA21: 31526.532 | AB21: 31582.908 | AC21: 29855.916 | AD21: 28204.09 | AE21: 26757.608 | AF21: 25736.108 | AG21: =+SUM(I21:AF21)*H21 -> 2554936.4
E22: =+E21 -> 47178 | G22: FE | H22: 3 | I22: 28120.593 | J22: 27373.489 | K22: 26746.57 | L22: 26426.86 | M22: 25982.607 | N22: 24786.418 | O22: 23359.229 | P22: 23142.556 | Q22: 23591.973 | R22: 23895.19 | S22: 24819.654 | T22: 25501.407 | U22: 25642.447 | V22: 26009.363 | W22: 26557.459 | X22: 28052.682 | Y22: 29263.315 | Z22: 31438.049 | AA22: 31508.187 | AB22: 31702.05 | AC22: 29743.291 | AD22: 27950.943 | AE22: 26428.87 | AF22: 25408.287 | AG22: =+SUM(I22:AF22)*H22 -> 1930354.5
E23: =+E22 -> 47178 | G23: TOTAL | H23: =+SUM(H19:H22) -> 31 | I23: =+SUMPRODUCT(I19:I22,$H19:$H22) -> 1055813.7 | J23: =+SUMPRODUCT(J19:J22,$H19:$H22) -> 1025700.1 | K23: =+SUMPRODUCT(K19:K22,$H19:$H22) -> 1006182.7 | L23: =+SUMPRODUCT(L19:L22,$H19:$H22) -> 1003703.6 | M23: =+SUMPRODUCT(M19:M22,$H19:$H22) -> 997029.62 | N23: =+SUMPRODUCT(N19:N22,$H19:$H22) -> 1017274.6 | O23: =+SUMPRODUCT(O19:O22,$H19:$H22) -> 1095141.8 | P23: =+SUMPRODUCT(P19:P22,$H19:$H22) -> 1207658.1 | ... AF23: =+SUMPRODUCT(AF19:AF22,$H19:$H22) -> 1069542.7 | AG23: =SUM(I23:AF23) -> 29981998
E24: 47209 | F24: =+AG28 -> 30519284 | G24: OR | H24: 21 | I24: 36828.152 | J24: 35815.943 | K24: 35130.105 | L24: 35101.105 | M24: 34936.436 | N24: 36169.967 | O24: 40207.385 | P24: 45499.879 | Q24: 49345.612 | R24: 50747.271 | S24: 52846.982 | T24: 53941.46 | U24: 52331.959 | V24: 53941.99 | W24: 56229.786 | X24: 57468.581 | Y24: 57320.703 | Z24: 55362.858 | AA24: 52268.146 | AB24: 50546.119 | AC24: 47242.828 | AD24: 43715.47 | AE24: 40221.334 | AF24: 38753.133 | AG24: =+SUM(I24:AF24)*H24 -> 23351437
E25: =+E24 -> 47209 | G25: SA | H25: 4 | I25: 35875.646 | J25: 34686.242 | K25: 34239.763 | L25: 34251.94 | M25: 34095.984 | N25: 34708.904 | O25: 37033.038 | P25: 40331.95 | Q25: 42759.446 | R25: 43891.811 | S25: 45474.94 | T25: 46063.195 | U25: 44623.053 | V25: 44467.164 | W25: 44262.529 | X25: 44782.831 | Y25: 45253.22 | Z25: 45933.332 | AA25: 45141.965 | AB25: 44523.89 | AC25: 42388.029 | AD25: 39005.903 | AE25: 35967.618 | AF25: 34238.423 | AG25: =+SUM(I25:AF25)*H25 -> 3896003.3
E26: =+E25 -> 47209 | G26: DO | H26: 4 | I26: 27197.372 | J26: 26476.323 | K26: 25798.292 | L26: 25468.102 | M26: 25234.209 | N26: 25180.269 | O26: 24489.517 | P26: 24099.641 | Q26: 24211.872 | R26: 24452.424 | S26: 25249.208 | T26: 26361.326 | U26: 26682.674 | V26: 27105.47 | W26: 27728.765 | X26: 29070 | Y26: 30640.16 | Z26: 32423.982 | AA26: 32438.095 | AB26: 32387.041 | AC26: 30780.365 | AD26: 29156.304 | AE26: 27741.463 | AF26: 26725.073 | AG26: =+SUM(I26:AF26)*H26 -> 2628391.8
E27: =+E26 -> 47209 | G27: FE | H27: 1 | I27: 28120.593 | J27: 27373.489 | K27: 26746.57 | L27: 26426.86 | M27: 25982.607 | N27: 24786.418 | O27: 23359.229 | P27: 23142.556 | Q27: 23591.973 | R27: 23895.19 | S27: 24819.654 | T27: 25501.407 | U27: 25642.447 | V27: 26009.363 | W27: 26557.459 | X27: 28052.682 | Y27: 29263.315 | Z27: 31438.049 | AA27: 31508.187 | AB27: 31702.05 | AC27: 29743.291 | AD27: 27950.943 | AE27: 26428.87 | AF27: 25408.287 | AG27: =+SUM(I27:AF27)*H27 -> 643451.49
E28: =+E27 -> 47209 | G28: TOTAL | H28: =+SUM(H24:H27) -> 30 | I28: =+SUMPRODUCT(I24:I27,$H24:$H27) -> 1053803.9 | J28: =+SUMPRODUCT(J24:J27,$H24:$H27) -> 1024158.6 | K28: =+SUMPRODUCT(K24:K27,$H24:$H27) -> 1004631 | L28: =+SUMPRODUCT(L24:L27,$H24:$H27) -> 1002430.2 | M28: =+SUMPRODUCT(M24:M27,$H24:$H27) -> 996968.53 | N28: =+SUMPRODUCT(N24:N27,$H24:$H27) -> 1023912.4 | O28: =+SUMPRODUCT(O24:O27,$H24:$H27) -> 1113804.5 | P28: =+SUMPRODUCT(P24:P27,$H24:$H27) -> 1236366.4 | ... AF28: =+SUMPRODUCT(AF24:AF27,$H24:$H27) -> 1083078.1 | AG28: =SUM(I28:AF28) -> 30519284
E29: 47239 | F29: =+AG33 -> 30810329 | G29: OR | H29: 21 | I29: 36457.2 | J29: 35444.834 | K29: 34757.171 | L29: 34729.46 | M29: 34547.249 | N29: 35739.454 | O29: 39702.676 | P29: 44963.963 | Q29: 48782.556 | R29: 50173.958 | S29: 52241.252 | T29: 53320.522 | U29: 51717.98 | V29: 53339.211 | W29: 55628.396 | X29: 56865.862 | Y29: 56716.571 | Z29: 54771.4 | AA29: 51708.824 | AB29: 50026.309 | AC29: 46748.219 | AD29: 43261.78 | AE29: 39806.879 | AF29: 38349.344 | AG29: =+SUM(I29:AF29)*H29 -> 23095823
E30: =+E29 -> 47239 | G30: SA | H30: 4 | I30: 35413.835 | J30: 34234.079 | K30: 33802.758 | L30: 33825.624 | M30: 33655.003 | N30: 34233.162 | O30: 36508.465 | P30: 39785.127 | Q30: 42183.563 | R30: 43309.942 | S30: 44856.174 | T30: 45447.28 | U30: 44032.485 | V30: 43910.528 | W30: 43701.626 | X30: 44214.237 | Y30: 44682.108 | Z30: 45368.403 | AA30: 44588.849 | AB30: 44023.823 | AC30: 41917.841 | AD30: 38572.824 | AE30: 35568.083 | AF30: 33855.847 | AG30: =+SUM(I30:AF30)*H30 -> 3846766.7
E31: =+E30 -> 47239 | G31: DO | H31: 4 | I31: 26783.848 | J31: 26069.312 | K31: 25382.383 | L31: 25060.402 | M31: 24825.996 | N31: 24791.056 | O31: 24086.356 | P31: 23658.427 | Q31: 23744.531 | R31: 23972.624 | S31: 24747.38 | T31: 25853.601 | U31: 26173.442 | V31: 26586.092 | W31: 27219.138 | X31: 28557.855 | Y31: 30128.201 | Z31: 31936.165 | AA31: 31930.476 | AB31: 31917.002 | AC31: 30337.459 | AD31: 28751.402 | AE31: 27350.397 | AF31: 26351.126 | AG31: =+SUM(I31:AF31)*H31 -> 2584858.7
E32: =+E31 -> 47239 | G32: FE | H32: 2 | I32: 28148.285 | J32: 27391.708 | K32: 26747.677 | L32: 26432.037 | M32: 25961.336 | N32: 24716.747 | O32: 23169.708 | P32: 22965.452 | Q32: 23417.423 | R32: 23746.606 | S32: 24729.6 | T32: 25417.019 | U32: 25562.9 | V32: 25906.745 | W32: 26395.898 | X32: 27853.357 | Y32: 29026.973 | Z32: 31301.314 | AA32: 31375.823 | AB32: 31681.316 | AC32: 29719.635 | AD32: 27927.792 | AE32: 26419.689 | AF32: 25425.333 | AG32: =+SUM(I32:AF32)*H32 -> 1282880.7
E33: =+E32 -> 47239 | G33: TOTAL | H33: =+SUM(H29:H32) -> 31 | I33: =+SUMPRODUCT(I29:I32,$H29:$H32) -> 1070688.5 | J33: =+SUMPRODUCT(J29:J32,$H29:$H32) -> 1040338.5 | K33: =+SUMPRODUCT(K29:K32,$H29:$H32) -> 1020136.5 | L33: =+SUMPRODUCT(L29:L32,$H29:$H32) -> 1017726.8 | M33: =+SUMPRODUCT(M29:M32,$H29:$H32) -> 1011338.9 | N33: =+SUMPRODUCT(N29:N32,$H29:$H32) -> 1036058.9 | O33: =+SUMPRODUCT(O29:O32,$H29:$H32) -> 1122474.9 | P33: =+SUMPRODUCT(P29:P32,$H29:$H32) -> 1243948.3 | ... AF33: =+SUMPRODUCT(AF29:AF32,$H29:$H32) -> 1097014.8 | AG33: =SUM(I33:AF33) -> 30810329
E34: 47270 | F34: =+AG38 -> 29973625 | G34: OR | H34: 20 | I34: 36391.357 | J34: 35379.501 | K34: 34692.271 | L34: 34665.305 | M34: 34481.496 | N34: 35669.343 | O34: 39622.309 | P34: 44876.032 | Q34: 48687.672 | R34: 50074.652 | S34: 52136.772 | T34: 53213.122 | U34: 51612.731 | V34: 53234.491 | W34: 55523.23 | X34: 56761.225 | Y34: 56612.562 | Z34: 54670.82 | AA34: 51614.457 | AB34: 49936.698 | AC34: 46663.463 | AD34: 43183.255 | AE34: 39734.051 | AF34: 38278.471 | AG34: =+SUM(I34:AF34)*H34 -> 21954306
E35: =+E34 -> 47270 | G35: SA | H35: 5 | I35: 35402.541 | J35: 34223.03 | K35: 33792.023 | L35: 33815.109 | M35: 33644.277 | N35: 34221.933 | O35: 36496.248 | P35: 39772.143 | Q35: 42169.719 | R35: 43295.587 | S35: 44840.943 | T35: 45431.966 | U35: 44017.852 | V35: 43896.478 | W35: 43687.606 | X35: 44200.248 | Y35: 44668.163 | Z35: 45354.701 | AA35: 44575.421 | AB35: 44011.36 | AC35: 41906.195 | AD35: 38562.182 | AE35: 35558.355 | AF35: 33846.466 | AG35: =+SUM(I35:AF35)*H35 -> 4806952.7
E36: =+E35 -> 47270 | G36: DO | H36: 4 | I36: 26634.416 | J36: 25923.048 | K36: 25236.155 | L36: 24916.199 | M36: 24682.286 | N36: 24651.285 | O36: 23945.244 | P36: 23507.35 | Q36: 23586.507 | R36: 23809.199 | S36: 24574.159 | T36: 25675.485 | U36: 25995.945 | V36: 26407.123 | W36: 27044.137 | X36: 28382.743 | Y36: 29954.3 | Z36: 31766.474 | AA36: 31757.369 | AB36: 31752.75 | AC36: 30183.372 | AD36: 28607.353 | AE36: 27211.57 | AF36: 26216.248 | AG36: =+SUM(I36:AF36)*H36 -> 2569682.9
E37: =+E36 -> 47270 | G37: FE | H37: 1 | I37: 28186.877 | J37: 27429.788 | K37: 26785.756 | L37: 26469.561 | M37: 26000.267 | N37: 24761.313 | O37: 23220.323 | P37: 23018.939 | Q37: 23471.441 | R37: 23801.944 | S37: 24787.116 | T37: 25477.816 | U37: 25623.94 | V37: 25968.129 | W37: 26456.962 | X37: 27914.001 | Y37: 29089.207 | Z37: 31359.523 | AA37: 31433.695 | AB37: 31734.967 | AC37: 29772.094 | AD37: 27977.852 | AE37: 26468.703 | AF37: 25473.21 | AG37: =+SUM(I37:AF37)*H37 -> 642683.43
E38: =+E37 -> 47270 | G38: TOTAL | H38: =+SUM(H34:H37) -> 30 | I38: =+SUMPRODUCT(I34:I37,$H34:$H37) -> 1039564.4 | J38: =+SUMPRODUCT(J34:J37,$H34:$H37) -> 1009827.1 | K38: =+SUMPRODUCT(K34:K37,$H34:$H37) -> 990535.92 | L38: =+SUMPRODUCT(L34:L37,$H34:$H37) -> 988516 | M38: =+SUMPRODUCT(M34:M37,$H34:$H37) -> 982580.71 | N38: =+SUMPRODUCT(N34:N37,$H34:$H37) -> 1007863 | O38: =+SUMPRODUCT(O34:O37,$H34:$H37) -> 1093928.7 | P38: =+SUMPRODUCT(P34:P37,$H34:$H37) -> 1213429.7 | ... AF38: =+SUMPRODUCT(AF34:AF37,$H34:$H37) -> 1065140 | AG38: =SUM(I38:AF38) -> 29973625
E39: 47300 | F39: =+AG43 -> 30372145 | G39: OR | H39: 20 | I39: 36513.064 | J39: 35500.013 | K39: 34811.627 | L39: 34783.043 | M39: 34601.477 | N39: 35795.983 | O39: 39766.54 | P39: 45035.193 | Q39: 48860.687 | R39: 50257.061 | S39: 52328.473 | T39: 53410.324 | U39: 51805.525 | V39: 53426.995 | W39: 55716.88 | X39: 56953.54 | Y39: 56803.303 | Z39: 54854.67 | AA39: 51786.583 | AB39: 50101.093 | AC39: 46818.705 | AD39: 43327.463 | AE39: 39868.324 | AF39: 38409.101 | AG39: =+SUM(I39:AF39)*H39 -> 22030713
E40: =+E39 -> 47300 | G40: SA | H40: 4 | I40: 35451.979 | J40: 34271.362 | K40: 33839.211 | L40: 33861.497 | M40: 33690.996 | N40: 34269.47 | O40: 36547.274 | P40: 39827.426 | Q40: 42229.364 | R40: 43358.935 | S40: 44908.013 | T40: 45500.02 | U40: 44082.675 | V40: 43959.74 | W40: 43750.203 | X40: 44261.824 | Y40: 44729.128 | Z40: 45414.234 | AA40: 44633.815 | AB40: 44066.865 | AC40: 41957.772 | AD40: 38608.976 | AE40: 35600.767 | AF40: 33887.633 | AG40: =+SUM(I40:AF40)*H40 -> 3850836.7
E41: =+E40 -> 47300 | G41: DO | H41: 5 | I41: 26527.787 | J41: 25818.501 | K41: 25130.921 | L41: 24812.616 | M41: 24578.907 | N41: 24551.357 | O41: 23843.55 | P41: 23397.714 | Q41: 23471.368 | R41: 23690.404 | S41: 24448.775 | T41: 25547.213 | U41: 25867.861 | V41: 26277.508 | W41: 26917.255 | X41: 28255.607 | Y41: 29827.778 | Z41: 31643.945 | AA41: 31631.583 | AB41: 31634.319 | AC41: 30072.115 | AD41: 28504.068 | AE41: 27111.963 | AF41: 26119.949 | AG41: =+SUM(I41:AF41)*H41 -> 3198415.3
E42: =+E41 -> 47300 | G42: FE | H42: 2 | I42: 28295.032 | J42: 27536.265 | K42: 26891.775 | L42: 26574.142 | M42: 26108.057 | N42: 24883.498 | O42: 23356.144 | P42: 23163.087 | Q42: 23617.136 | R42: 23952.005 | S42: 24944.8 | T42: 25644.786 | U42: 25791.714 | V42: 26136.242 | W42: 26622.614 | X42: 28077.476 | Y42: 29256.12 | Z42: 31517.89 | AA42: 31591.241 | AB42: 31883.745 | AC42: 29917.473 | AD42: 28116.569 | AE42: 26604.879 | AF42: 25606.923 | AG42: =+SUM(I42:AF42)*H42 -> 1292179.2
E43: =+E42 -> 47300 | G43: TOTAL | H43: =+SUM(H39:H42) -> 31 | I43: =+SUMPRODUCT(I39:I42,$H39:$H42) -> 1061298.2 | J43: =+SUMPRODUCT(J39:J42,$H39:$H42) -> 1031250.7 | K43: =+SUMPRODUCT(K39:K42,$H39:$H42) -> 1011027.5 | L43: =+SUMPRODUCT(L39:L42,$H39:$H42) -> 1008318.2 | M43: =+SUMPRODUCT(M39:M42,$H39:$H42) -> 1001904.2 | N43: =+SUMPRODUCT(N39:N42,$H39:$H42) -> 1025521.3 | O43: =+SUMPRODUCT(O39:O42,$H39:$H42) -> 1107449.9 | P43: =+SUMPRODUCT(P39:P42,$H39:$H42) -> 1223328.3 | ... AF43: =+SUMPRODUCT(AF39:AF42,$H39:$H42) -> 1085546.2 | AG43: =SUM(I43:AF43) -> 30372145
E44: 47331 | F44: =+AG48 -> 30851783 | G44: OR | H44: 21 | I44: 36518.228 | J44: 35504.673 | K44: 34815.599 | L44: 34786.512 | M44: 34603.764 | N44: 35796.042 | O44: 39764.891 | P44: 45035.884 | Q44: 48863.766 | R44: 50262.73 | S44: 52334.048 | T44: 53416.318 | U44: 51810.56 | V44: 53433.248 | W44: 55723.765 | X44: 56959.724 | Y44: 56808.679 | Z44: 54858.76 | AA44: 51789.746 | AB44: 50105.831 | AC44: 46822.733 | AD44: 43331.892 | AE44: 39873.4 | AF44: 38413.971 | AG44: =+SUM(I44:AF44)*H44 -> 23134330
E45: =+E44 -> 47331 | G45: SA | H45: 4 | I45: 35475.27 | J45: 34294.086 | K45: 33861.691 | L45: 33883.815 | M45: 33712.705 | N45: 34289.77 | O45: 36568.143 | P45: 39851.459 | Q45: 42256.225 | R45: 43389.432 | S45: 44940.124 | T45: 45533.39 | U45: 44114.203 | V45: 43991.812 | W45: 43781.269 | X45: 44291.27 | Y45: 44757.742 | Z45: 45441.697 | AA45: 44660.82 | AB45: 44094.233 | AC45: 41982.838 | AD45: 38631.289 | AE45: 35620.525 | AF45: 33907.158 | AG45: =+SUM(I45:AF45)*H45 -> 3853323.9
E46: =+E45 -> 47331 | G46: DO | H46: 4 | I46: 26766.126 | J46: 26051.436 | K46: 25362.402 | L46: 25041.272 | M46: 24806.485 | N46: 24773.911 | O46: 24066.651 | P46: 23635.085 | Q46: 23718.746 | R46: 23946.781 | S46: 24721.568 | T46: 25829.002 | U46: 26148.16 | V46: 26559.212 | W46: 27192.44 | X46: 28530.625 | Y46: 30100.372 | Z46: 31911.765 | AA46: 31903.244 | AB46: 31893.886 | AC46: 30315.316 | AD46: 28732.848 | AE46: 27332.316 | AF46: 26334.967 | AG46: =+SUM(I46:AF46)*H46 -> 2582698.5
E47: =+E46 -> 47331 | G47: FE | H47: 2 | I47: 28133.802 | J47: 27376.607 | K47: 26731.052 | L47: 26416.019 | M47: 25942.346 | N47: 24690.973 | O47: 23130.607 | P47: 22926.195 | Q47: 23378.16 | R47: 23709.076 | S47: 24696.324 | T47: 25382.806 | U47: 25529.012 | V47: 25870.652 | W47: 26354.698 | X47: 27808.979 | Y47: 28978.601 | Z47: 31263.578 | AA47: 31338.624 | AB47: 31655.909 | AC47: 29694.492 | AD47: 27903.748 | AE47: 26397.348 | AF47: 25405.825 | AG47: =+SUM(I47:AF47)*H47 -> 1281430.9
E48: =+E47 -> 47331 | G48: TOTAL | H48: =+SUM(H44:H47) -> 31 | I48: =+SUMPRODUCT(I44:I47,$H44:$H47) -> 1072116 | J48: =+SUMPRODUCT(J44:J47,$H44:$H47) -> 1041733.4 | K48: =+SUMPRODUCT(K44:K47,$H44:$H47) -> 1021486.1 | L48: =+SUMPRODUCT(L44:L47,$H44:$H47) -> 1019049.1 | M48: =+SUMPRODUCT(M44:M47,$H44:$H47) -> 1012640.5 | N48: =+SUMPRODUCT(N44:N47,$H44:$H47) -> 1037353.6 | O48: =+SUMPRODUCT(O44:O47,$H44:$H47) -> 1123863.1 | P48: =+SUMPRODUCT(P44:P47,$H44:$H47) -> 1245552.1 | ... AF48: =+SUMPRODUCT(AF44:AF47,$H44:$H47) -> 1098473.5 | AG48: =SUM(I48:AF48) -> 30851783
E49: 47362 | F49: =+AG53 -> 30132090 | G49: OR | H49: 20 | I49: 36531.798 | J49: 35518.135 | K49: 34828.968 | L49: 34799.724 | M49: 34617.298 | N49: 35810.459 | O49: 39781.406 | P49: 45053.968 | Q49: 48883.295 | R49: 50283.184 | S49: 52355.565 | T49: 53438.439 | U49: 51832.231 | V49: 53454.819 | W49: 55745.431 | X49: 56981.277 | Y49: 56830.098 | Z49: 54879.466 | AA49: 51809.168 | AB49: 50124.285 | AC49: 46840.185 | AD49: 43348.065 | AE49: 39888.405 | AF49: 38428.573 | AG49: =+SUM(I49:AF49)*H49 -> 22041285
E50: =+E49 -> 47362 | G50: SA | H50: 5 | I50: 35636.817 | J50: 34452.121 | K50: 34015.32 | L50: 34034.351 | M50: 33866.051 | N50: 34449.837 | O50: 36742.033 | P50: 40036.645 | Q50: 42453.921 | R50: 43594.959 | S50: 45158.131 | T50: 45752.815 | U50: 44323.791 | V50: 44193.412 | W50: 43982.26 | X50: 44491.496 | Y50: 44957.199 | Z50: 45637.547 | AA50: 44852.774 | AB50: 44272.858 | AC50: 42149.644 | AD50: 38783.596 | AE50: 35759.614 | AF50: 34041.385 | AG50: =+SUM(I50:AF50)*H50 -> 4838192.9
E51: =+E50 -> 47362 | G51: DO | H51: 5 | I51: 26957.06 | J51: 26238.324 | K51: 25549.25 | L51: 25225.532 | M51: 24990.116 | N51: 24952.503 | O51: 24246.962 | P51: 23828.138 | Q51: 23920.68 | R51: 24155.613 | S51: 24942.914 | T51: 26056.598 | U51: 26374.966 | V51: 26787.904 | W51: 27416.062 | X51: 28754.391 | Y51: 30322.592 | Z51: 32128.598 | AA51: 32124.449 | AB51: 32103.766 | AC51: 30512.209 | AD51: 28916.909 | AE51: 27509.704 | AF51: 26507.305 | AG51: =+SUM(I51:AF51)*H51 -> 3252612.7
E52: =+E51 -> 47362 | G52: FE | H52: 0 | I52: 0 | J52: 0 | K52: 0 | L52: 0 | M52: 0 | N52: 0 | O52: 0 | P52: 0 | Q52: 0 | R52: 0 | S52: 0 | T52: 0 | U52: 0 | V52: 0 | W52: 0 | X52: 0 | Y52: 0 | Z52: 0 | AA52: 0 | AB52: 0 | AC52: 0 | AD52: 0 | AE52: 0 | AF52: 0 | AG52: =+SUM(I52:AF52)*H52 -> 0
E53: =+E52 -> 47362 | G53: TOTAL | H53: =+SUM(H49:H52) -> 30 | I53: =+SUMPRODUCT(I49:I52,$H49:$H52) -> 1043605.3 | J53: =+SUMPRODUCT(J49:J52,$H49:$H52) -> 1013814.9 | K53: =+SUMPRODUCT(K49:K52,$H49:$H52) -> 994402.22 | L53: =+SUMPRODUCT(L49:L52,$H49:$H52) -> 992293.9 | M53: =+SUMPRODUCT(M49:M52,$H49:$H52) -> 986626.79 | N53: =+SUMPRODUCT(N49:N52,$H49:$H52) -> 1013220.9 | O53: =+SUMPRODUCT(O49:O52,$H49:$H52) -> 1100573.1 | P53: =+SUMPRODUCT(P49:P52,$H49:$H52) -> 1220403.3 | ... AF53: =+SUMPRODUCT(AF49:AF52,$H49:$H52) -> 1071314.9 | AG53: =SUM(I53:AF53) -> 30132090
E54: 47392 | F54: =+AG58 -> 31354398 | G54: OR | H54: 22 | I54: 36550.401 | J54: 35536.593 | K54: 34847.302 | L54: 34817.847 | M54: 34635.869 | N54: 35830.255 | O54: 39804.094 | P54: 45078.797 | Q54: 48910.092 | R54: 50311.236 | S54: 52385.078 | T54: 53468.777 | U54: 51861.96 | V54: 53484.401 | W54: 55775.14 | X54: 57010.835 | Y54: 56859.477 | Z54: 54907.874 | AA54: 51835.82 | AB54: 50149.598 | AC54: 46864.126 | AD54: 43370.247 | AE54: 39908.98 | AF54: 38448.596 | AG54: =+SUM(I54:AF54)*H54 -> 24258375
E55: =+E54 -> 47392 | G55: SA | H55: 4 | I55: 35574.074 | J55: 34390.742 | K55: 33955.654 | L55: 33975.887 | M55: 33806.492 | N55: 34387.66 | O55: 36674.484 | P55: 39964.713 | Q55: 42377.133 | R55: 43515.137 | S55: 45073.461 | T55: 45667.598 | U55: 44242.393 | V55: 44115.122 | W55: 43904.204 | X55: 44413.732 | Y55: 44879.732 | Z55: 45561.479 | AA55: 44778.219 | AB55: 44203.487 | AC55: 42084.862 | AD55: 38724.443 | AE55: 35705.592 | AF55: 33989.253 | AG55: =+SUM(I55:AF55)*H55 -> 3863862.2
E56: =+E55 -> 47392 | G56: DO | H56: 4 | I56: 26844.237 | J56: 26127.891 | K56: 25438.834 | L56: 25116.647 | M56: 24881.601 | N56: 24846.971 | O56: 24140.408 | P56: 23714.048 | Q56: 23801.338 | R56: 24032.196 | S56: 24812.106 | T56: 25922.102 | U56: 26240.935 | V56: 26652.754 | W56: 27283.908 | X56: 28622.15 | Y56: 30191.263 | Z56: 32000.459 | AA56: 31993.721 | AB56: 31979.738 | AC56: 30395.854 | AD56: 28808.143 | AE56: 27404.881 | AF56: 26405.47 | AG56: =+SUM(I56:AF56)*H56 -> 2590630.6
E57: =+E56 -> 47392 | G57: FE | H57: 1 | I57: 28159.07 | J57: 27401.544 | K57: 26755.998 | L57: 26440.598 | M57: 25967.86 | N57: 24720.204 | O57: 23163.862 | P57: 22961.325 | Q57: 23413.637 | R57: 23745.404 | S57: 24734.049 | T57: 25422.678 | U57: 25569.04 | V57: 25910.917 | W57: 26394.784 | X57: 27848.808 | Y57: 29019.491 | Z57: 31301.781 | AA57: 31376.604 | AB57: 31691.066 | AC57: 29728.869 | AD57: 27936.553 | AE57: 26429.461 | AF57: 25437.181 | AG57: =+SUM(I57:AF57)*H57 -> 641530.78
E58: =+E57 -> 47392 | G58: TOTAL | H58: =+SUM(H54:H57) -> 31 | I58: =+SUMPRODUCT(I54:I57,$H54:$H57) -> 1081941.1 | J58: =+SUMPRODUCT(J54:J57,$H54:$H57) -> 1051281.1 | K58: =+SUMPRODUCT(K54:K57,$H54:$H57) -> 1030974.6 | L58: =+SUMPRODUCT(L54:L57,$H54:$H57) -> 1028803.4 | M58: =+SUMPRODUCT(M54:M57,$H54:$H57) -> 1022709.3 | N58: =+SUMPRODUCT(N54:N57,$H54:$H57) -> 1049924.3 | O58: =+SUMPRODUCT(O54:O57,$H54:$H57) -> 1142113.5 | P58: =+SUMPRODUCT(P54:P57,$H54:$H57) -> 1269409.9 | ... AF58: =+SUMPRODUCT(AF54:AF57,$H54:$H57) -> 1112885.2 | AG58: =SUM(I58:AF58) -> 31354398
E59: 47423 | F59: =+AG63 -> 29761781 | G59: OR | H59: 20 | I59: 36527.638 | J59: 35513.85 | K59: 34824.489 | L59: 34795.142 | M59: 34612.173 | N59: 35804.19 | O59: 39773.639 | P59: 45046.314 | Q59: 48875.823 | R59: 50276.192 | S59: 52348.077 | T59: 53430.831 | U59: 51824.492 | V59: 53447.539 | W59: 55738.324 | X59: 56973.981 | Y59: 56822.585 | Z59: 54871.826 | AA59: 51801.772 | AB59: 50117.848 | AC59: 46833.944 | AD59: 43342.519 | AE59: 39883.588 | AF59: 38423.862 | AG59: =+SUM(I59:AF59)*H59 -> 22038213
E60: =+E59 -> 47423 | G60: SA | H60: 4 | I60: 35541.48 | J60: 34358.837 | K60: 33924.769 | L60: 33945.721 | M60: 33775.418 | N60: 34354.432 | O60: 36637.987 | P60: 39926.454 | Q60: 42336.695 | R60: 43473.962 | S60: 45029.705 | T60: 45623.911 | U60: 44200.548 | V60: 44075.459 | W60: 43864.355 | X60: 44373.529 | Y60: 44839.442 | Z60: 45521.705 | AA60: 44739.266 | AB60: 44167.991 | AC60: 42051.549 | AD60: 38693.833 | AE60: 35677.431 | AF60: 33962.23 | AG60: =+SUM(I60:AF60)*H60 -> 3860386.8
E61: =+E60 -> 47423 | G61: DO | H61: 4 | I61: 26749.417 | J61: 26034.963 | K61: 25345.455 | L61: 25024.69 | M61: 24789.858 | N61: 24758.154 | O61: 24050.201 | P61: 23616.965 | Q61: 23699.484 | R61: 23927.046 | S61: 24701.008 | T61: 25808.3 | U61: 26127.357 | V61: 26537.922 | W61: 27171.528 | X61: 28509.584 | Y61: 30079.298 | Z61: 31891.824 | AA61: 31882.373 | AB61: 31874.698 | AC61: 30297.212 | AD61: 28716.409 | AE61: 27316.428 | AF61: 26319.849 | AG61: =+SUM(I61:AF61)*H61 -> 2580920.1
E62: =+E61 -> 47423 | G62: FE | H62: 2 | I62: 28148.442 | J62: 27390.875 | K62: 26744.988 | L62: 26429.831 | M62: 25956.158 | N62: 24705.904 | O62: 23145.421 | P62: 22942.299 | Q62: 23394.508 | R62: 23726.41 | S62: 24715.591 | T62: 25403.383 | U62: 25549.771 | V62: 25891.088 | W62: 26373.873 | X62: 27827.266 | Y62: 28996.751 | Z62: 31282.192 | AA62: 31357.2 | AB62: 31675.11 | AC62: 29713.201 | AD62: 27921.59 | AE62: 26415.079 | AF62: 25423.651 | AG62: =+SUM(I62:AF62)*H62 -> 1282261.2
E63: =+E62 -> 47423 | G63: TOTAL | H63: =+SUM(H59:H62) -> 30 | I63: =+SUMPRODUCT(I59:I62,$H59:$H62) -> 1036013.2 | J63: =+SUMPRODUCT(J59:J62,$H59:$H62) -> 1006633.9 | K63: =+SUMPRODUCT(K59:K62,$H59:$H62) -> 987060.66 | L63: =+SUMPRODUCT(L59:L62,$H59:$H62) -> 984644.15 | M63: =+SUMPRODUCT(M59:M62,$H59:$H62) -> 978416.87 | N63: =+SUMPRODUCT(N59:N62,$H59:$H62) -> 1001945.9 | O63: =+SUMPRODUCT(O59:O62,$H59:$H62) -> 1084516.4 | P63: =+SUMPRODUCT(P59:P62,$H59:$H62) -> 1200984.5 | ... AF63: =+SUMPRODUCT(AF59:AF62,$H59:$H62) -> 1060452.9 | AG63: =SUM(I63:AF63) -> 29761781
E64: 47453 | F64: =+AG68 -> 30693422 | G64: OR | H64: 20 | I64: 36814.223 | J64: 35798.051 | K64: 35106.572 | L64: 35073.827 | M64: 34897.351 | N64: 36107.424 | O64: 40120.624 | P64: 45426.838 | Q64: 49287.264 | R64: 50707.673 | S64: 52801.903 | T64: 53897.434 | U64: 52281.447 | V64: 53902.645 | W64: 56195.577 | X64: 57428.7 | Y64: 57274.3 | Z64: 55308.258 | AA64: 52211.002 | AB64: 50507.071 | AC64: 47201.92 | AD64: 43683.687 | AE64: 40200.35 | AF64: 38732.097 | AG64: =+SUM(I64:AF64)*H64 -> 22219325
E65: =+E64 -> 47453 | G65: SA | H65: 4 | I65: 35864.245 | J65: 34674.565 | K65: 34231.82 | L65: 34246.685 | M65: 34081.668 | N65: 34673.343 | O65: 36984.059 | P65: 40295.59 | Q65: 42731.154 | R65: 43884.874 | S65: 45465.493 | T65: 46062.873 | U65: 44619.72 | V65: 44479.217 | W65: 44266.6 | X65: 44773.759 | Y65: 45237.903 | Z65: 45912.756 | AA65: 45122.567 | AB65: 44525.396 | AC65: 42385.148 | AD65: 38998.251 | AE65: 35955.229 | AF65: 34230.465 | AG65: =+SUM(I65:AF65)*H65 -> 3894813.5
E66: =+E65 -> 47453 | G66: DO | H66: 5 | I66: 26973.91 | J66: 26254.582 | K66: 25564.563 | L66: 25240.889 | M66: 25005.221 | N66: 24968.011 | O66: 24261.551 | P66: 23842.755 | Q66: 23935.36 | R66: 24171.16 | S66: 24960.098 | T66: 26075.134 | U66: 26393.095 | V66: 26805.564 | W66: 27433.147 | X66: 28771.256 | Y66: 30338.99 | Z66: 32145.827 | AA66: 32140.982 | AB66: 32120.667 | AC66: 30527.86 | AD66: 28932.497 | AE66: 27524.638 | AF66: 26522.441 | AG66: =+SUM(I66:AF66)*H66 -> 3254551
E67: =+E66 -> 47453 | G67: FE | H67: 2 | I67: 28807.24 | J67: 28040.982 | K67: 27395.18 | L67: 27070.513 | M67: 26621.004 | N67: 25467.236 | O67: 24010.684 | P67: 23856.541 | Q67: 24317.809 | R67: 24672.103 | S67: 25698.147 | T67: 26441.94 | U67: 26592.446 | V67: 26939.749 | W67: 27417.402 | X67: 28863.83 | Y67: 30060.667 | Z67: 32276.833 | AA67: 32346.064 | AB67: 32591.305 | AC67: 30609.04 | AD67: 28776.472 | AE67: 27252.015 | AF67: 26241.039 | AG67: =+SUM(I67:AF67)*H67 -> 1324732.5
E68: =+E67 -> 47453 | G68: TOTAL | H68: =+SUM(H64:H67) -> 31 | I68: =+SUMPRODUCT(I64:I67,$H64:$H67) -> 1072225.5 | J68: =+SUMPRODUCT(J64:J67,$H64:$H67) -> 1042014.2 | K68: =+SUMPRODUCT(K64:K67,$H64:$H67) -> 1021671.9 | L68: =+SUMPRODUCT(L64:L67,$H64:$H67) -> 1018808.7 | M68: =+SUMPRODUCT(M64:M67,$H64:$H67) -> 1012541.8 | N68: =+SUMPRODUCT(N64:N67,$H64:$H67) -> 1036616.4 | O68: =+SUMPRODUCT(O64:O67,$H64:$H67) -> 1119677.8 | P68: =+SUMPRODUCT(P64:P67,$H64:$H67) -> 1236646 | ... AF68: =+SUMPRODUCT(AF64:AF67,$H64:$H67) -> 1096658.1 | AG68: =SUM(I68:AF68) -> 30693422

Sheet PRODUCTO 05
C1: CP-GNCC2025-002
C2: CP-GNCC2025-002-PROD05
C3: CANTIDAD EN: | D3: KWh
C4: MODALIDAD: | D4: PAGUE LO CONTRATADO
C5: OFERENTE:
C9: MES DE SUMINISTRO | D9: ENERGÍA SOLICITADA (KWh) | E9: % ENERGÍA OFRECIDA | F9: ENERGÍA OFRECIDA (KWh) | G9: PRECIO OFERTADO ($/KWh)
C10: 47484 | D10: =+_xlfn.XLOOKUP(C10,'Cantidades horarias PROD 05'!E:E,'Cantidades horarias PROD 05'!F:F) -> 18343339 | E10: 1 | F10: =ROUND(D10*$E10,2) -> 18343339
C11: 47515 | D11: =+_xlfn.XLOOKUP(C11,'Cantidades horarias PROD 05'!E:E,'Cantidades horarias PROD 05'!F:F) -> 16603406 | E11: 1 | F11: =ROUND(D11*$E11,2) -> 16603406
C12: 47543 | D12: =+_xlfn.XLOOKUP(C12,'Cantidades horarias PROD 05'!E:E,'Cantidades horarias PROD 05'!F:F) -> 18020658 | E12: 1 | F12: =ROUND(D12*$E12,2) -> 18020658
C13: 47574 | D13: =+_xlfn.XLOOKUP(C13,'Cantidades horarias PROD 05'!E:E,'Cantidades horarias PROD 05'!F:F) -> 17787523 | E13: 1 | F13: =ROUND(D13*$E13,2) -> 17787523
C14: 47604 | D14: =+_xlfn.XLOOKUP(C14,'Cantidades horarias PROD 05'!E:E,'Cantidades horarias PROD 05'!F:F) -> 18544408 | E14: 1 | F14: =ROUND(D14*$E14,2) -> 18544408
C15: 47635 | D15: =+_xlfn.XLOOKUP(C15,'Cantidades horarias PROD 05'!E:E,'Cantidades horarias PROD 05'!F:F) -> 17304309 | E15: 1 | F15: =ROUND(D15*$E15,2) -> 17304309
C16: 47665 | D16: =+_xlfn.XLOOKUP(C16,'Cantidades horarias PROD 05'!E:E,'Cantidades horarias PROD 05'!F:F) -> 18365232 | E16: 1 | F16: =ROUND(D16*$E16,2) -> 18365232
C17: 47696 | D17: =+_xlfn.XLOOKUP(C17,'Cantidades horarias PROD 05'!E:E,'Cantidades horarias PROD 05'!F:F) -> 18267635 | E17: 1 | F17: =ROUND(D17*$E17,2) -> 18267635
C18: 47727 | D18: =+_xlfn.XLOOKUP(C18,'Cantidades horarias PROD 05'!E:E,'Cantidades horarias PROD 05'!F:F) -> 17976425 | E18: 1 | F18: =ROUND(D18*$E18,2) -> 17976425
C19: 47757 | D19: =+_xlfn.XLOOKUP(C19,'Cantidades horarias PROD 05'!E:E,'Cantidades horarias PROD 05'!F:F) -> 18660830 | E19: 1 | F19: =ROUND(D19*$E19,2) -> 18660830
C20: 47788 | D20: =+_xlfn.XLOOKUP(C20,'Cantidades horarias PROD 05'!E:E,'Cantidades horarias PROD 05'!F:F) -> 17702444 | E20: 1 | F20: =ROUND(D20*$E20,2) -> 17702444
C21: 47818 | D21: =+_xlfn.XLOOKUP(C21,'Cantidades horarias PROD 05'!E:E,'Cantidades horarias PROD 05'!F:F) -> 18488167 | E21: 1 | F21: =ROUND(D21*$E21,2) -> 18488167
C22: TOTAL | D22: =SUM(D10:D21) -> 2.1606438e+08 | E22: =IFERROR(F22/D22,0) -> 1 | F22: =SUM(F10:F21) -> 2.1606438e+08 | G22: =G10 -> 0
D24: Relacion ≥ | E24: 0.8
D25: Relacion: | E25: =MIN(E10:E21)/MAX(E10:E21) -> 1
C26: Nota
C27: 1. $/kWh expresados en pesos de julio de 2025.
C28: 2. La energia ofertada se despachara conforme a las cantidades horarias de este anexo
C32: XXXXXXXXXXXXXXXXXXXXXXXX
C33: REPRESENTANTE LEGAL
C34: XXXXXXXXXXXXXXXXXXXXXX S.A E.S.P

Sheet Cantidades horarias PROD 05
E1: CUADRO DE CANTIDADES HORARIAS OFRECIDAS
E2: CANTIDADES DE ENERGIA (KWh) - PRODUCTO 5
E3: PAGUE LO CONTRATADO
E5: OFERENTE:
E8: MES | F8: Cantidad Ofrecida | G8: Tipo de día | H8: N° días mes | I8: H1 | J8: H2 | K8: H3 | L8: H4 | M8: H5 | N8: H6 | O8: H7 | P8: H8 | Q8: H9 | R8: H10 | S8: H11 | T8: H12 | U8: H13 | V8: H14 | W8: H15 | X8: H16 | Y8: H17 | Z8: H18 | AA8: H19 | AB8: H20 | AC8: H21 | AD8: H22 | AE8: H23 | AF8: H24 | AG8: TOTAL
E9: 47484 | F9: =+AG13 -> 18343339 | G9: OR | H9: 21 | I9: 21905.307 | J9: 21379.832 | K9: 21034.145 | L9: 21027.613 | M9: 20961.86 | N9: 21652.606 | O9: 23852.035 | P9: 26688.597 | Q9: 28744.266 | R9: 29491.638 | S9: 30616.758 | T9: 31190.477 | U9: 30342.468 | V9: 31143.114 | W9: 32297.58 | X9: 32911.022 | Y9: 32775.067 | Z9: 31684.328 | AA9: 30044.519 | AB9: 29110.037 | AC9: 27388.549 | AD9: 25532.245 | AE9: 23684.75 | AF9: 22922.023 | AG9: =ROUND(SUM(I9:AF9)*H9,2) -> 13615998
G10: SA | H10: 4 | I10: 21352.983 | J10: 20724.689 | K10: 20490.13 | L10: 20493.54 | M10: 20431.372 | N10: 20793.979 | O10: 22068.03 | P10: 23861.391 | Q10: 25178.861 | R10: 25768.558 | S10: 26613.126 | T10: 26903.191 | U10: 26141.064 | V10: 26005.379 | W10: 25879.812 | X10: 26125.878 | Y10: 26308.871 | Z10: 26606.824 | AA10: 26182.089 | AB10: 25820.93 | AC10: 24714.325 | AD10: 22958.178 | AE10: 21379.884 | AF10: 20468.697 | AG10: =ROUND(SUM(I10:AF10)*H10,2) -> 2293087.1
G11: DO | H11: 4 | I11: 16624.99 | J11: 16252.501 | K11: 15929.831 | L11: 15754.004 | M11: 15638.837 | N11: 15601.209 | O11: 15290.027 | P11: 15179.087 | Q11: 15313.422 | R11: 13862.273 | S11: 15140.214 | T11: 16418.461 | U11: 16574.994 | V11: 16795.256 | W11: 17096.889 | X11: 17761.183 | Y11: 18522.673 | Z11: 19350.333 | AA11: 19373.119 | AB11: 19319.586 | AC11: 18497.728 | AD11: 17640.172 | AE11: 16917.823 | AF11: 16379.75 | AG11: =ROUND(SUM(I11:AF11)*H11,2) -> 1604937.4
G12: FE | H12: 2 | I12: 17715.417 | J12: 17321.077 | K12: 17008.668 | L12: 16832.041 | M12: 16630.982 | N12: 16115.057 | O12: 15523.077 | P12: 15515.699 | Q12: 15803.693 | R12: 15301.471 | S12: 16486.061 | T12: 16876.838 | U12: 16943.167 | V12: 17139.004 | W12: 17420.704 | X12: 18164.249 | Y12: 18771.347 | Z12: 19729.662 | AA12: 19760.224 | AB12: 19747.609 | AC12: 18722.145 | AD12: 17764.442 | AE12: 16962.638 | AF12: 16403.326 | AG12: =ROUND(SUM(I12:AF12)*H12,2) -> 829317.2
G13: TOTAL | H13: =+SUM(H9:H12) -> 31 | I13: =+SUMPRODUCT(I9:I12,$H9:$H12) -> 647354.17 | J13: =+SUMPRODUCT(J9:J12,$H9:$H12) -> 631527.39 | K13: =+SUMPRODUCT(K9:K12,$H9:$H12) -> 621414.23 | L13: =+SUMPRODUCT(L9:L12,$H9:$H12) -> 620234.14 | M13: =+SUMPRODUCT(M9:M12,$H9:$H12) -> 617741.86 | N13: =+SUMPRODUCT(N9:N12,$H9:$H12) -> 632515.58 | O13: =+SUMPRODUCT(O9:O12,$H9:$H12) -> 681371.12 | P13: =+SUMPRODUCT(P9:P12,$H9:$H12) -> 747653.85 | ... AF13: =+SUMPRODUCT(AF9:AF12,$H9:$H12) -> 661562.91 | AG13: =SUM(I13:AF13) -> 18343339
E14: 47515 | F14: =+AG18 -> 16603406 | G14: OR | H14: 20 | I14: 21561.282 | J14: 21039.783 | K14: 20691.521 | L14: 20687.613 | M14: 20608.796 | N14: 21275.008 | O14: 23432.421 | P14: 26264.964 | Q14: 28292.45 | R14: 28972.188 | S14: 30005.644 | T14: 30596.99 | U14: 29810.426 | V14: 30715.062 | W14: 31836.438 | X14: 32448.407 | Y14: 32204.372 | Z14: 31138.483 | AA14: 29553.708 | AB14: 28650.917 | AC14: 26945.5 | AD14: 25121.552 | AE14: 23305.177 | AF14: 22551.246 | AG14: =+SUM(I14:AF14)*H14 -> 12754199
E15: =+E14 -> 47515 | G15: SA | H15: 4 | I15: 21058.473 | J15: 20441.463 | K15: 20213.936 | L15: 20224.927 | M15: 20150.875 | N15: 20497.067 | O15: 21760.227 | P15: 23565.098 | Q15: 24866.293 | R15: 25404.298 | S15: 26162.129 | T15: 26487.924 | U15: 25794.719 | V15: 25778.432 | W15: 25614.544 | X15: 25857.877 | Y15: 25934.67 | Z15: 26240.374 | AA15: 25838.671 | AB15: 25513.4 | AC15: 24424.909 | AD15: 22692.104 | AE15: 21135.666 | AF15: 20234.384 | AG15: =+SUM(I15:AF15)*H15 -> 2263569.8
E16: =+E15 -> 47515 | G16: DO | H16: 4 | I16: 16423.207 | J16: 16059.775 | K16: 15725.199 | L16: 15552.746 | M16: 15435.44 | N16: 15406.594 | O16: 15111.173 | P16: 15012.974 | Q16: 15130.812 | R16: 13963.127 | S16: 14693.627 | T16: 16143.614 | U16: 16354.656 | V16: 16657.46 | W16: 16929.229 | X16: 17589.597 | Y16: 18244.207 | Z16: 19097.478 | AA16: 19125.942 | AB16: 19097.888 | AC16: 18286.795 | AD16: 17445.974 | AE16: 16726.328 | AF16: 16195.441 | AG16: =+SUM(I16:AF16)*H16 -> 1585637.1
E17: =+E16 -> 47515 | G17: FE | H17: 0 | I17: 0 | J17: 0 | K17: 0 | L17: 0 | M17: 0 | N17: 0 | O17: 0 | P17: 0 | Q17: 0 | R17: 0 | S17: 0 | T17: 0 | U17: 0 | V17: 0 | W17: 0 | X17: 0 | Y17: 0 | Z17: 0 | AA17: 0 | AB17: 0 | AC17: 0 | AD17: 0 | AE17: 0 | AF17: 0 | AG17: =+SUM(I17:AF17)*H17 -> 0
E18: =+E17 -> 47515 | G18: TOTAL | H18: =+SUM(H14:H17) -> 28 | I18: =+SUMPRODUCT(I14:I17,$H14:$H17) -> 581152.35 | J18: =+SUMPRODUCT(J14:J17,$H14:$H17) -> 566800.61 | K18: =+SUMPRODUCT(K14:K17,$H14:$H17) -> 557586.95 | L18: =+SUMPRODUCT(L14:L17,$H14:$H17) -> 556862.95 | M18: =+SUMPRODUCT(M14:M17,$H14:$H17) -> 554521.18 | N18: =+SUMPRODUCT(N14:N17,$H14:$H17) -> 569114.81 | O18: =+SUMPRODUCT(O14:O17,$H14:$H17) -> 616134.01 | P18: =+SUMPRODUCT(P14:P17,$H14:$H17) -> 679611.58 | ... AF18: =+SUMPRODUCT(AF14:AF17,$H14:$H17) -> 596744.22 | AG18: =SUM(I18:AF18) -> 16603406
E19: 47543 | F19: =+AG23 -> 18020658 | G19: OR | H19: 20 | I19: 21540.804 | J19: 21015.299 | K19: 20662.474 | L19: 20656.067 | M19: 20568.547 | N19: 21224.262 | O19: 23385.558 | P19: 26432.944 | Q19: 28532.419 | R19: 29217.836 | S19: 30207.833 | T19: 30747.823 | U19: 29942.801 | V19: 30734.542 | W19: 31900.351 | X19: 32627.97 | Y19: 32384.428 | Z19: 31155.682 | AA19: 29511.05 | AB19: 28620.266 | AC19: 26912.386 | AD19: 25091.904 | AE19: 23280.816 | AF19: 22524.737 | AG19: =+SUM(I19:AF19)*H19 -> 12777576
E20: =+E19 -> 47543 | G20: SA | H20: 5 | I20: 21073.314 | J20: 20454.662 | K20: 20228.618 | L20: 20241.071 | M20: 20160.601 | N20: 20499.117 | O20: 21777.488 | P20: 23797.976 | Q20: 25169.115 | R20: 25717.368 | S20: 26435.917 | T20: 26716.865 | U20: 26006.716 | V20: 25878.518 | W20: 25747.376 | X20: 26100.233 | Y20: 26178.346 | Z20: 26324.406 | AA20: 25864.088 | AB20: 25552.078 | AC20: 24458.004 | AD20: 22717.007 | AE20: 21153.085 | AF20: 20252.139 | AG20: =+SUM(I20:AF20)*H20 -> 2842520.5
E21: =+E20 -> 47543 | G21: DO | H21: 5 | I21: 16781.166 | J21: 16395.313 | K21: 16048.672 | L21: 15875.359 | M21: 15698.838 | N21: 15430.17 | O21: 14943.138 | P21: 15042.781 | Q21: 15277.455 | R21: 15386.272 | S21: 15712.381 | T21: 16190.777 | U21: 16367.187 | V21: 16547.882 | W21: 16829.62 | X21: 17629.133 | Y21: 18215.381 | Z21: 19020.218 | AA21: 19029.055 | AB21: 19056 | AC21: 18162.574 | AD21: 17302.499 | AE21: 16552.631 | AF21: 16019.676 | AG21: =+SUM(I21:AF21)*H21 -> 1997570.9
E22: =+E21 -> 47543 | G22: FE | H22: 1 | I22: 17306.941 | J22: 16915.996 | K22: 16589.017 | L22: 16420.89 | M22: 16188.836 | N22: 15577.226 | O22: 14904.258 | P22: 15102.412 | Q22: 15460.811 | R22: 15603.754 | S22: 15994.419 | T22: 16332.289 | U22: 16430.43 | V22: 16576.217 | W22: 16837.958 | X22: 17694.518 | Y22: 18160.748 | Z22: 19073.242 | AA22: 19062.402 | AB22: 19158.613 | AC22: 18133.275 | AD22: 17196.58 | AE22: 16402.236 | AF22: 15867.101 | AG22: =+SUM(I22:AF22)*H22 -> 402990.17
E23: =+E22 -> 47543 | G23: TOTAL | H23: =+SUM(H19:H22) -> 31 | I23: =+SUMPRODUCT(I19:I22,$H19:$H22) -> 637395.41 | J23: =+SUMPRODUCT(J19:J22,$H19:$H22) -> 621471.86 | K23: =+SUMPRODUCT(K19:K22,$H19:$H22) -> 611224.95 | L23: =+SUMPRODUCT(L19:L22,$H19:$H22) -> 610124.39 | M23: =+SUMPRODUCT(M19:M22,$H19:$H22) -> 606856.97 | N23: =+SUMPRODUCT(N19:N22,$H19:$H22) -> 619708.9 | O23: =+SUMPRODUCT(O19:O22,$H19:$H22) -> 666218.55 | P23: =+SUMPRODUCT(P19:P22,$H19:$H22) -> 737965.08 | ... AF23: =+SUMPRODUCT(AF19:AF22,$H19:$H22) -> 647720.91 | AG23: =SUM(I23:AF23) -> 18020658
E24: 47574 | F24: =+AG28 -> 17787523 | G24: OR | H24: 20 | I24: 21881.286 | J24: 21349.671 | K24: 20990.394 | L24: 20977.39 | M24: 20891.089 | N24: 21562.856 | O24: 23785.089 | P24: 27022.993 | Q24: 29237.139 | R24: 29974.906 | S24: 30997.895 | T24: 31503.077 | U24: 30658.786 | V24: 31377.599 | W24: 32694.609 | X24: 33350.99 | Y24: 33046.368 | Z24: 31684.852 | AA24: 29989.644 | AB24: 29083.12 | AC24: 27345.655 | AD24: 25494.058 | AE24: 23656.273 | AF24: 22887.97 | AG24: =+SUM(I24:AF24)*H24 -> 13028874
E25: =+E24 -> 47574 | G25: SA | H25: 4 | I25: 21364.718 | J25: 20738.442 | K25: 20505.776 | L25: 20513.822 | M25: 20433.019 | N25: 20778.138 | O25: 22094.431 | P25: 24283.504 | Q25: 25750.225 | R25: 26343.01 | S25: 27091.834 | T25: 27329.436 | U25: 26575.429 | V25: 26363.373 | W25: 26370.1 | X25: 26648.289 | Y25: 26668.103 | Z25: 26696.786 | AA25: 26215.711 | AB25: 25890.641 | AC25: 24770.002 | AD25: 22995.921 | AE25: 21401.717 | AF25: 20492.854 | AG25: =+SUM(I25:AF25)*H25 -> 2313261.1
E26: =+E25 -> 47574 | G26: DO | H26: 3 | I26: 16744.716 | J26: 16368.368 | K26: 16016.079 | L26: 15843.002 | M26: 15720.892 | N26: 15711.053 | O26: 15440.16 | P26: 15685.601 | Q26: 15934.318 | R26: 16060.053 | S26: 16389.079 | T26: 16896.7 | U26: 17066.622 | V26: 17162.479 | W26: 17606.986 | X26: 18317.768 | Y26: 18918.504 | Z26: 19523.536 | AA26: 19468.563 | AB26: 19443.599 | AC26: 18605.205 | AD26: 17755.98 | AE26: 17019.061 | AF26: 16487.125 | AG26: =+SUM(I26:AF26)*H26 -> 1230556.4
E27: =+E26 -> 47574 | G27: FE | H27: 3 | I27: 17304.764 | J27: 16912.948 | K27: 16585.375 | L27: 16416.872 | M27: 16184.773 | N27: 15579.897 | O27: 14925.805 | P27: 15262.381 | Q27: 15687.059 | R27: 15846.505 | S27: 16245.711 | T27: 16532.983 | U27: 16608.915 | V27: 16676.831 | W27: 17082.749 | X27: 17874.525 | Y27: 18288.207 | Z27: 19093.766 | AA27: 19068.899 | AB27: 19164.277 | AC27: 18136.844 | AD27: 17197.694 | AE27: 16401.283 | AF27: 15864.79 | AG27: =+SUM(I27:AF27)*H27 -> 1214831.6
E28: =+E27 -> 47574 | G28: TOTAL | H28: =+SUM(H24:H27) -> 30 | I28: =+SUMPRODUCT(I24:I27,$H24:$H27) -> 625233.02 | J28: =+SUMPRODUCT(J24:J27,$H24:$H27) -> 609791.13 | K28: =+SUMPRODUCT(K24:K27,$H24:$H27) -> 599635.35 | L28: =+SUMPRODUCT(L24:L27,$H24:$H27) -> 598382.71 | M28: =+SUMPRODUCT(M24:M27,$H24:$H27) -> 595270.86 | N28: =+SUMPRODUCT(N24:N27,$H24:$H27) -> 608242.52 | O28: =+SUMPRODUCT(O24:O27,$H24:$H27) -> 655177.41 | P28: =+SUMPRODUCT(P24:P27,$H24:$H27) -> 730437.81 | ... AF28: =+SUMPRODUCT(AF24:AF27,$H24:$H27) -> 636786.57 | AG28: =SUM(I28:AF28) -> 17787523
E29: 47604 | F29: =+AG33 -> 18544408 | G29: OR | H29: 22 | I29: 21718.594 | J29: 21186.022 | K29: 20825.312 | L29: 20812.665 | M29: 20718.23 | N29: 21376.409 | O29: 23493.604 | P29: 26720.687 | Q29: 28897.543 | R29: 29794.236 | S29: 30819.295 | T29: 31423.616 | U29: 30617.771 | V29: 31408.341 | W29: 32491.129 | X29: 32979.055 | Y29: 32602.244 | Z29: 31414.248 | AA29: 29751.563 | AB29: 28861.905 | AC29: 27133.851 | AD29: 25297.96 | AE29: 23475.591 | AF29: 22710.57 | AG29: =+SUM(I29:AF29)*H29 -> 14223670
E30: =+E29 -> 47604 | G30: SA | H30: 4 | I30: 21159.827 | J30: 20537.171 | K30: 20310.94 | L30: 20323.727 | M30: 20235.985 | N30: 20570.104 | O30: 21792.304 | P30: 23973.232 | Q30: 25400.927 | R30: 26154.717 | S30: 26903.302 | T30: 27248.084 | U30: 26541.129 | V30: 26410.312 | W30: 26178.44 | X30: 26284.779 | Y30: 26232.43 | Z30: 26433.382 | AA30: 25976.778 | AB30: 25675.68 | AC30: 24567.208 | AD30: 22807.401 | AE30: 21226.189 | AF30: 20323.736 | AG30: =+SUM(I30:AF30)*H30 -> 2293071.1
E31: =+E30 -> 47604 | G31: DO | H31: 4 | I31: 16561.908 | J31: 16187.645 | K31: 15830.422 | L31: 15660.812 | M31: 15538.244 | N31: 15542.161 | O31: 15191.391 | P31: 15419.269 | Q31: 15629.043 | R31: 15912.218 | S31: 16247.855 | T31: 16859.68 | U31: 17065.731 | V31: 17222.75 | W31: 17435.468 | X31: 17977.17 | Y31: 18507.545 | Z31: 19294.105 | AA31: 19249.309 | AB31: 19241.31 | AC31: 18413.673 | AD31: 17580.149 | AE31: 16847.711 | AF31: 16322.491 | AG31: =+SUM(I31:AF31)*H31 -> 1622952.2
E32: =+E31 -> 47604 | G32: FE | H32: 1 | I32: 17330.588 | J32: 16933.4 | K32: 16597.103 | L32: 16430.157 | M32: 16185.455 | N32: 15562.64 | O32: 14779.028 | P32: 15122.385 | Q32: 15521.828 | R32: 15856.997 | S32: 16301.094 | T32: 16697.85 | U32: 16812.708 | V32: 16935.437 | W32: 17077.083 | X32: 17683.143 | Y32: 18008.782 | Z32: 19031.521 | AA32: 19027.837 | AB32: 19175.387 | AC32: 18144.465 | AD32: 17203.09 | AE32: 16411.241 | AF32: 15885.839 | AG32: =+SUM(I32:AF32)*H32 -> 404715.06
E33: =+E32 -> 47604 | G33: TOTAL | H33: =+SUM(H29:H32) -> 31 | I33: =+SUMPRODUCT(I29:I32,$H29:$H32) -> 646026.6 | J33: =+SUMPRODUCT(J29:J32,$H29:$H32) -> 629925.14 | K33: =+SUMPRODUCT(K29:K32,$H29:$H32) -> 619319.42 | L33: =+SUMPRODUCT(L29:L32,$H29:$H32) -> 618246.94 | M33: =+SUMPRODUCT(M29:M32,$H29:$H32) -> 615083.44 | N33: =+SUMPRODUCT(N29:N32,$H29:$H32) -> 630292.71 | O33: =+SUMPRODUCT(O29:O32,$H29:$H32) -> 679573.09 | P33: =+SUMPRODUCT(P29:P32,$H29:$H32) -> 760547.51 | ... AF33: =+SUMPRODUCT(AF29:AF32,$H29:$H32) -> 662103.29 | AG33: =SUM(I33:AF33) -> 18544408
E34: 47635 | F34: =+AG38 -> 17304309 | G34: OR | H34: 18 | I34: 21693.987 | J34: 21161.111 | K34: 20800.255 | L34: 20787.822 | M34: 20692.72 | N34: 21338.59 | O34: 23469.062 | P34: 26611.811 | Q34: 28792.306 | R34: 29562.962 | S34: 30521.19 | T34: 31196.217 | U34: 30333.32 | V34: 31295.669 | W34: 32517.561 | X34: 33132.067 | Y34: 32824.916 | Z34: 31386.494 | AA34: 29724.039 | AB34: 28835.503 | AC34: 27108.148 | AD34: 25272.974 | AE34: 23451.339 | AF34: 22686.189 | AG34: =+SUM(I34:AF34)*H34 -> 11613533
E35: =+E34 -> 47635 | G35: SA | H35: 5 | I35: 21161.55 | J35: 20538.411 | K35: 20311.89 | L35: 20324.604 | M35: 20236.763 | N35: 20560.074 | O35: 21799.241 | P35: 23898.072 | Q35: 25331.756 | R35: 25961.374 | S35: 26645.033 | T35: 27061.545 | U35: 26296.786 | V35: 26336.945 | W35: 26243.314 | X35: 26475.745 | Y35: 26493.117 | Z35: 26443.303 | AA35: 25985.131 | AB35: 25683.797 | AC35: 24574.481 | AD35: 22813.119 | AE35: 21230.554 | AF35: 20327.263 | AG35: =+SUM(I35:AF35)*H35 -> 2863669.3
E36: =+E35 -> 47635 | G36: DO | H36: 5 | I36: 16496.923 | J36: 16123.575 | K36: 15765.942 | L36: 15597.038 | M36: 15474.573 | N36: 15469.332 | O36: 15133.889 | P36: 15274.005 | Q36: 15486.007 | R36: 15642.36 | S36: 15908.663 | T36: 16590.599 | U36: 16739.92 | V36: 17067.434 | W36: 17420.41 | X36: 18088.364 | Y36: 18689.373 | Z36: 19227.522 | AA36: 19179.848 | AB36: 19175.584 | AC36: 18351.524 | AD36: 17521.398 | AE36: 16790.226 | AF36: 16266.054 | AG36: =+SUM(I36:AF36)*H36 -> 2017402.8
E37: =+E36 -> 47635 | G37: FE | H37: 2 | I37: 17354.513 | J37: 16956.561 | K37: 16619.9 | L37: 16452.465 | M37: 16208.373 | N37: 15577.285 | O37: 14812.791 | P37: 15074.7 | Q37: 15479.995 | R37: 15691.559 | S37: 16072.034 | T37: 16542.64 | U37: 16600.46 | V37: 16894.431 | W37: 17174.363 | X37: 17906.593 | Y37: 18303.01 | Z37: 19073.36 | AA37: 19068.014 | AB37: 19213.131 | AC37: 18180.379 | AD37: 17236.422 | AE37: 16442.86 | AF37: 15916.118 | AG37: =+SUM(I37:AF37)*H37 -> 809703.92
E38: =+E37 -> 47635 | G38: TOTAL | H38: =+SUM(H34:H37) -> 30 | I38: =+SUMPRODUCT(I34:I37,$H34:$H37) -> 613493.16 | J38: =+SUMPRODUCT(J34:J37,$H34:$H37) -> 598123.05 | K38: =+SUMPRODUCT(K34:K37,$H34:$H37) -> 588033.55 | L38: =+SUMPRODUCT(L34:L37,$H34:$H37) -> 586693.94 | M38: =+SUMPRODUCT(M34:M37,$H34:$H37) -> 583442.39 | N38: =+SUMPRODUCT(N34:N37,$H34:$H37) -> 595396.23 | O38: =+SUMPRODUCT(O34:O37,$H34:$H37) -> 636734.36 | P38: =+SUMPRODUCT(P34:P37,$H34:$H37) -> 705022.38 | ... AF38: =+SUMPRODUCT(AF34:AF37,$H34:$H37) -> 623150.22 | AG38: =SUM(I38:AF38) -> 17304309
E39: 47665 | F39: =+AG43 -> 18365232 | G39: OR | H39: 22 | I39: 21753.976 | J39: 21220.188 | K39: 20858.557 | L39: 20845.289 | M39: 20751.281 | N39: 21402.428 | O39: 23574.657 | P39: 26814.57 | Q39: 28974.878 | R39: 29722.575 | S39: 30762.8 | T39: 31297.993 | U39: 30369.134 | V39: 31295.617 | W39: 32427.702 | X39: 32986.715 | Y39: 32657.056 | Z39: 31431.167 | AA39: 29813.663 | AB39: 28920.771 | AC39: 27188.027 | AD39: 25346.248 | AE39: 23518.663 | AF39: 22751.156 | AG39: =+SUM(I39:AF39)*H39 -> 14227072
E40: =+E39 -> 47665 | G40: SA | H40: 3 | I40: 21187.336 | J40: 20563.285 | K40: 20335.975 | L40: 20348.229 | M40: 20260.531 | N40: 20586.137 | O40: 21859.881 | P40: 24050.168 | Q40: 25458.778 | R40: 26062.715 | S40: 26825.616 | T40: 27099.955 | U40: 26269.783 | V40: 26272.93 | W40: 26087.903 | X40: 26264.808 | Y40: 26260.343 | Z40: 26426.435 | AA40: 26018.923 | AB40: 25715.837 | AC40: 24603.89 | AD40: 22839.005 | AE40: 21253.252 | AF40: 20348.747 | AG40: =+SUM(I40:AF40)*H40 -> 1719001.4
E41: =+E40 -> 47665 | G41: DO | H41: 4 | I41: 16447.314 | J41: 16074.614 | K41: 15716.393 | L41: 15548.127 | M41: 15425.676 | N41: 15423.71 | O41: 15119.392 | P41: 15344.241 | Q41: 15525.874 | R41: 15652.819 | S41: 15993.319 | T41: 16531.602 | U41: 16617.807 | V41: 16908.606 | W41: 17171.939 | X41: 17784.912 | Y41: 18364.929 | Z41: 19121.879 | AA41: 19124.135 | AB41: 19123.138 | AC41: 18301.757 | AD41: 17474.631 | AE41: 16744.509 | AF41: 16221.429 | AG41: =+SUM(I41:AF41)*H41 -> 1607051
E42: =+E41 -> 47665 | G42: FE | H42: 2 | I42: 17406.874 | J42: 17007.814 | K42: 16670.707 | L42: 16502.457 | M42: 16259.823 | N42: 15637.144 | O42: 14911.162 | P42: 15265.653 | Q42: 15643.993 | R42: 15829.98 | S42: 16291.433 | T42: 16624.065 | U42: 16618.986 | V42: 16877.07 | W42: 17064.912 | X42: 17741.286 | Y42: 18118.004 | Z42: 19101.205 | AA42: 19146.834 | AB42: 19287.605 | AC42: 18252.469 | AD42: 17304.507 | AE42: 16509.032 | AF42: 15980.653 | AG42: =+SUM(I42:AF42)*H42 -> 812107.34
E43: =+E42 -> 47665 | G43: TOTAL | H43: =+SUM(H39:H42) -> 31 | I43: =+SUMPRODUCT(I39:I42,$H39:$H42) -> 642752.49 | J43: =+SUMPRODUCT(J39:J42,$H39:$H42) -> 626848.07 | K43: =+SUMPRODUCT(K39:K42,$H39:$H42) -> 616103.17 | L43: =+SUMPRODUCT(L39:L42,$H39:$H42) -> 614838.45 | M43: =+SUMPRODUCT(M39:M42,$H39:$H42) -> 611532.13 | N43: =+SUMPRODUCT(N39:N42,$H39:$H42) -> 625580.96 | O43: =+SUMPRODUCT(O39:O42,$H39:$H42) -> 674521.99 | P43: =+SUMPRODUCT(P39:P42,$H39:$H42) -> 753979.3 | ... AF43: =+SUMPRODUCT(AF39:AF42,$H39:$H42) -> 658418.69 | AG43: =SUM(I43:AF43) -> 18365232
E44: 47696 | F44: =+AG48 -> 18267635 | G44: OR | H44: 20 | I44: 21797.313 | J44: 21262.391 | K44: 20899.862 | L44: 20886.094 | M44: 20791.727 | N44: 21448.342 | O44: 23589.682 | P44: 26692.415 | Q44: 28800.788 | R44: 29718.318 | S44: 30742.859 | T44: 31360.196 | U44: 30589.254 | V44: 31412.594 | W44: 32687.632 | X44: 33212.201 | Y44: 32846.295 | Z44: 31529.438 | AA44: 29868.14 | AB44: 28974.074 | AC44: 27238.406 | AD44: 25393.045 | AE44: 23562.511 | AF44: 22793.099 | AG44: =+SUM(I44:AF44)*H44 -> 12961934
E45: =+E44 -> 47696 | G45: SA | H45: 5 | I45: 21240.249 | J45: 20614.956 | K45: 20386.757 | L45: 20398.592 | M45: 20310.631 | N45: 20641.557 | O45: 21884.383 | P45: 23936.284 | Q45: 25292.336 | R45: 26066.655 | S45: 26814.499 | T45: 27170.839 | U45: 26498.036 | V45: 26396.39 | W45: 26351.828 | X45: 26493.476 | Y45: 26453.309 | Z45: 26530.35 | AA45: 26080.885 | AB45: 25776.732 | AC45: 24661.646 | AD45: 22892.062 | AE45: 21302.122 | AF45: 20395.843 | AG45: =+SUM(I45:AF45)*H45 -> 2872952.1
E46: =+E45 -> 47696 | G46: DO | H46: 4 | I46: 16601.523 | J46: 16225.237 | K46: 15865.608 | L46: 15695.563 | M46: 15572.383 | N46: 15573.233 | O46: 15235.608 | P46: 15325.413 | Q46: 15456.575 | R46: 15755.953 | S46: 16088.214 | T46: 16713.366 | U46: 16958.962 | V46: 17146.242 | W46: 17547.577 | X46: 18126.297 | Y46: 18670.381 | Z46: 19337.295 | AA46: 19300.371 | AB46: 19292.734 | AC46: 18461.424 | AD46: 17625.07 | AE46: 16888.829 | AF46: 16361.783 | AG46: =+SUM(I46:AF46)*H46 -> 1623302.6
E47: =+E46 -> 47696 | G47: FE | H47: 2 | I47: 17370.373 | J47: 16971.175 | K47: 16632.959 | L47: 16465.563 | M47: 16219.282 | N47: 15589.395 | O47: 14814.83 | P47: 15022.485 | Q47: 15344.698 | R47: 15696.999 | S47: 16139.802 | T47: 16548.402 | U47: 16702.857 | V47: 16855.173 | W47: 17183.151 | X47: 17825.183 | Y47: 18162.82 | Z47: 19069.083 | AA47: 19074.03 | AB47: 19225.712 | AC47: 18190.755 | AD47: 17245.124 | AE47: 16450.061 | AF47: 15923.356 | AG47: =+SUM(I47:AF47)*H47 -> 809446.54
E48: =+E47 -> 47696 | G48: TOTAL | H48: =+SUM(H44:H47) -> 31 | I48: =+SUMPRODUCT(I44:I47,$H44:$H47) -> 643294.34 | J48: =+SUMPRODUCT(J44:J47,$H44:$H47) -> 627165.9 | K48: =+SUMPRODUCT(K44:K47,$H44:$H47) -> 616659.37 | L48: =+SUMPRODUCT(L44:L47,$H44:$H47) -> 615428.23 | M48: =+SUMPRODUCT(M44:M47,$H44:$H47) -> 612115.79 | N48: =+SUMPRODUCT(N44:N47,$H44:$H47) -> 625646.34 | O48: =+SUMPRODUCT(O44:O47,$H44:$H47) -> 671787.65 | P48: =+SUMPRODUCT(P44:P47,$H44:$H47) -> 744876.35 | ... AF48: =+SUMPRODUCT(AF44:AF47,$H44:$H47) -> 655135.04 | AG48: =SUM(I48:AF48) -> 18267635
E49: 47727 | F49: =+AG53 -> 17976425 | G49: OR | H49: 21 | I49: 21834.595 | J49: 21299.015 | K49: 20936.05 | L49: 20922.049 | M49: 20827.945 | N49: 21486.278 | O49: 23553.039 | P49: 26523.768 | Q49: 28728.272 | R49: 29716.945 | S49: 30862.935 | T49: 31599.777 | U49: 30691.161 | V49: 31401.614 | W49: 32692.974 | X49: 33159.279 | Y49: 32878.334 | Z49: 31621.571 | AA49: 29917.122 | AB49: 29021.321 | AC49: 27283.397 | AD49: 25434.914 | AE49: 23601.628 | AF49: 22830.835 | AG49: =+SUM(I49:AF49)*H49 -> 13625321
E50: =+E49 -> 47727 | G50: SA | H50: 4 | I50: 21348.324 | J50: 20720.698 | K50: 20489.908 | L50: 20500.07 | M50: 20413.448 | N50: 20748.499 | O50: 21921.531 | P50: 23844.949 | Q50: 25301.792 | R50: 26150.548 | S50: 27025.119 | T50: 27500.989 | U50: 26685.987 | V50: 26466.79 | W50: 26437.019 | X50: 26519.818 | Y50: 26564.689 | Z50: 26701.741 | AA50: 26209.013 | AB50: 25897.739 | AC50: 24775.665 | AD50: 22996.922 | AE50: 21398.709 | AF50: 20489.001 | AG50: =+SUM(I50:AF50)*H50 -> 2308435.9
E51: =+E50 -> 47727 | G51: DO | H51: 5 | I51: 16722.491 | J51: 16343.617 | K51: 15983.491 | L51: 15811.931 | M51: 15688.305 | N51: 15687.179 | O51: 15272.378 | P51: 15232.979 | Q51: 15462.257 | R51: 15835.272 | S51: 16294.096 | T51: 17041.833 | U51: 17150.761 | V51: 17225.742 | W51: 17639.895 | X51: 18160.443 | Y51: 18789.583 | Z51: 19516.181 | AA51: 19440.412 | AB51: 19426.852 | AC51: 18587.965 | AD51: 17743.97 | AE51: 17003.186 | AF51: 16472.808 | AG51: =+SUM(I51:AF51)*H51 -> 2042668.1
E52: =+E51 -> 47727 | G52: FE | H52: 0 | I52: 0 | J52: 0 | K52: 0 | L52: 0 | M52: 0 | N52: 0 | O52: 0 | P52: 0 | Q52: 0 | R52: 0 | S52: 0 | T52: 0 | U52: 0 | V52: 0 | W52: 0 | X52: 0 | Y52: 0 | Z52: 0 | AA52: 0 | AB52: 0 | AC52: 0 | AD52: 0 | AE52: 0 | AF52: 0 | AG52: =+SUM(I52:AF52)*H52 -> 0
E53: =+E52 -> 47727 | G53: TOTAL | H53: =+SUM(H49:H52) -> 30 | I53: =+SUMPRODUCT(I49:I52,$H49:$H52) -> 627532.25 | J53: =+SUMPRODUCT(J49:J52,$H49:$H52) -> 611880.2 | K53: =+SUMPRODUCT(K49:K52,$H49:$H52) -> 601534.14 | L53: =+SUMPRODUCT(L49:L52,$H49:$H52) -> 600422.96 | M53: =+SUMPRODUCT(M49:M52,$H49:$H52) -> 597482.16 | N53: =+SUMPRODUCT(N49:N52,$H49:$H52) -> 612641.73 | O53: =+SUMPRODUCT(O49:O52,$H49:$H52) -> 658661.83 | P53: =+SUMPRODUCT(P49:P52,$H49:$H52) -> 728543.82 | ... AF53: =+SUMPRODUCT(AF49:AF52,$H49:$H52) -> 643767.57 | AG53: =SUM(I53:AF53) -> 17976425
E54: 47757 | F54: =+AG58 -> 18660830 | G54: OR | H54: 22 | I54: 21859.697 | J54: 21323.121 | K54: 20959.503 | L54: 20945.131 | M54: 20851.45 | N54: 21516.963 | O54: 23606.604 | P54: 26679.014 | Q54: 28949.151 | R54: 29824.903 | S54: 30959.081 | T54: 31566.787 | U54: 30695.373 | V54: 31528.539 | W54: 32773.735 | X54: 33365.781 | Y54: 33043.65 | Z54: 31710.654 | AA54: 29961.365 | AB54: 29062.93 | AC54: 27321.672 | AD54: 25468.434 | AE54: 23631.003 | AF54: 22858.069 | AG54: =+SUM(I54:AF54)*H54 -> 14310177
E55: =+E54 -> 47757 | G55: SA | H55: 4 | I55: 21335.808 | J55: 20707.82 | K55: 20477.038 | L55: 20487.415 | M55: 20400.302 | N55: 20740.149 | O55: 21930.986 | P55: 23951.328 | Q55: 25469.702 | R55: 26203.558 | S55: 27063.132 | T55: 27408.65 | U55: 26632.818 | V55: 26536.502 | W55: 26458.845 | X55: 26667.206 | Y55: 26671.696 | Z55: 26735.56 | AA55: 26201.222 | AB55: 25891.119 | AC55: 24769.1 | AD55: 22989.508 | AE55: 21390.644 | AF55: 20480.105 | AG55: =+SUM(I55:AF55)*H55 -> 2310400.8
E56: =+E55 -> 47757 | G56: DO | H56: 4 | I56: 16685.37 | J56: 16306.569 | K56: 15945.706 | L56: 15774.418 | M56: 15650.743 | N56: 15656.256 | O56: 15258.859 | P56: 15312.891 | Q56: 15602.145 | R56: 15859.252 | S56: 16301.655 | T56: 16918.793 | U56: 17067.224 | V56: 17263.98 | W56: 17631.714 | X56: 18277.968 | Y56: 18867.56 | Z56: 19522.585 | AA56: 19404.016 | AB56: 19392.702 | AC56: 18555.216 | AD56: 17712.348 | AE56: 16971.234 | AF56: 16440.784 | AG56: =+SUM(I56:AF56)*H56 -> 1633519.9
E57: =+E56 -> 47757 | G57: FE | H57: 1 | I57: 17427.671 | J57: 17026.813 | K57: 16687.568 | L57: 16519.35 | M57: 16273.417 | N57: 15651.399 | O57: 14819.693 | P57: 14990.633 | Q57: 15469.545 | R57: 15778.7 | S57: 16329.919 | T57: 16729.93 | U57: 16787.074 | V57: 16948.26 | W57: 17243.768 | X57: 17953.365 | Y57: 18337.272 | Z57: 19231.12 | AA57: 19152.677 | AB57: 19301.617 | AC57: 18262.661 | AD57: 17312.058 | AE57: 16513.109 | AF57: 15983.704 | AG57: =+SUM(I57:AF57)*H57 -> 406731.32
E58: =+E57 -> 47757 | G58: TOTAL | H58: =+SUM(H54:H57) -> 31 | I58: =+SUMPRODUCT(I54:I57,$H54:$H57) -> 650425.72 | J58: =+SUMPRODUCT(J54:J57,$H54:$H57) -> 634193.03 | K58: =+SUMPRODUCT(K54:K57,$H54:$H57) -> 623487.61 | L58: =+SUMPRODUCT(L54:L57,$H54:$H57) -> 622359.56 | M58: =+SUMPRODUCT(M54:M57,$H54:$H57) -> 619209.51 | N58: =+SUMPRODUCT(N54:N57,$H54:$H57) -> 634610.2 | O58: =+SUMPRODUCT(O54:O57,$H54:$H57) -> 682924.36 | P58: =+SUMPRODUCT(P54:P57,$H54:$H57) -> 758985.81 | ... AF58: =+SUMPRODUCT(AF54:AF57,$H54:$H57) -> 666544.77 | AG58: =SUM(I58:AF58) -> 18660830
E59: 47788 | F59: =+AG63 -> 17702444 | G59: OR | H59: 19 | I59: 21845.362 | J59: 21307.98 | K59: 20943.806 | L59: 20929.252 | M59: 20835.278 | N59: 21504.502 | O59: 23653.127 | P59: 26802.237 | Q59: 29096.052 | R59: 30013.081 | S59: 31087.37 | T59: 31654.31 | U59: 30753.699 | V59: 31523.27 | W59: 32702.68 | X59: 33227.049 | Y59: 33060.009 | Z59: 31712.811 | AA59: 29955.066 | AB59: 29055.975 | AC59: 27313.092 | AD59: 25457.587 | AE59: 23618.296 | AF59: 22844.035 | AG59: =+SUM(I59:AF59)*H59 -> 12367023
E60: =+E59 -> 47788 | G60: SA | H60: 5 | I60: 21317.648 | J60: 20689.096 | K60: 20458.1 | L60: 20468.515 | M60: 20380.991 | N60: 20724.161 | O60: 21973.491 | P60: 24069.196 | Q60: 25610.292 | R60: 26385.485 | S60: 27184.7 | T60: 27489.441 | U60: 26684.947 | V60: 26524.567 | W60: 26379.441 | X60: 26519.626 | Y60: 26679.691 | Z60: 26730.9 | AA60: 26189.031 | AB60: 25879.453 | AC60: 24756.607 | AD60: 22975.21 | AE60: 21374.799 | AF60: 20463.284 | AG60: =+SUM(I60:AF60)*H60 -> 2889543.4
E61: =+E60 -> 47788 | G61: DO | H61: 4 | I61: 16636.759 | J61: 16257.932 | K61: 15896.202 | L61: 15725.193 | M61: 15601.422 | N61: 15611.957 | O61: 15271.767 | P61: 15396.943 | Q61: 15706.464 | R61: 16003.235 | S61: 16383.476 | T61: 16959.596 | U61: 17080.283 | V61: 17212.126 | W61: 17513.797 | X61: 18092.252 | Y61: 18838.235 | Z61: 19482.617 | AA61: 19355.506 | AB61: 19346.387 | AC61: 18509.985 | AD61: 17668.243 | AE61: 16926.773 | AF61: 16396.371 | AG61: =+SUM(I61:AF61)*H61 -> 1631494.1
E62: =+E61 -> 47788 | G62: FE | H62: 2 | I62: 17418.224 | J62: 17016.544 | K62: 16676.588 | L62: 16508.138 | M62: 16261.716 | N62: 15642.365 | O62: 14867.136 | P62: 15112.549 | Q62: 15614.03 | R62: 15964.509 | S62: 16456.666 | T62: 16816.346 | U62: 16845.451 | V62: 16941.864 | W62: 17169.757 | X62: 17811.44 | Y62: 18350.864 | Z62: 19233.821 | AA62: 19147.783 | AB62: 19297.599 | AC62: 18256.846 | AD62: 17304.318 | AE62: 16503.743 | AF62: 15973.49 | AG62: =+SUM(I62:AF62)*H62 -> 814383.57
E63: =+E62 -> 47788 | G63: TOTAL | H63: =+SUM(H59:H62) -> 30 | I63: =+SUMPRODUCT(I59:I62,$H59:$H62) -> 623033.61 | J63: =+SUMPRODUCT(J59:J62,$H59:$H62) -> 607361.92 | K63: =+SUMPRODUCT(K59:K62,$H59:$H62) -> 597160.79 | L63: =+SUMPRODUCT(L59:L62,$H59:$H62) -> 595915.42 | M63: =+SUMPRODUCT(M59:M62,$H59:$H62) -> 592704.35 | N63: =+SUMPRODUCT(N59:N62,$H59:$H62) -> 605938.9 | O63: =+SUMPRODUCT(O59:O62,$H59:$H62) -> 650098.21 | P63: =+SUMPRODUCT(P59:P62,$H59:$H62) -> 721401.35 | ... AF63: =+SUMPRODUCT(AF59:AF62,$H59:$H62) -> 633885.55 | AG63: =SUM(I63:AF63) -> 17702444
E64: 47818 | F64: =+AG68 -> 18488167 | G64: OR | H64: 21 | I64: 21997.091 | J64: 21458.914 | K64: 21093.939 | L64: 21077.94 | M64: 20986.867 | N64: 21657.258 | O64: 23767.214 | P64: 26677.592 | Q64: 28895.021 | R64: 29805.085 | S64: 31033.365 | T64: 31642.505 | U64: 30747.394 | V64: 31579.837 | W64: 32687.374 | X64: 33332.333 | Y64: 33146.019 | Z64: 31904.489 | AA64: 30159.388 | AB64: 29251.648 | AC64: 27499.555 | AD64: 25632.947 | AE64: 23783.351 | AF64: 23005.877 | AG64: =+SUM(I64:AF64)*H64 -> 13709283
E65: =+E64 -> 47818 | G65: SA | H65: 4 | I65: 21485.646 | J65: 20854.097 | K65: 20619.388 | L65: 20627.148 | M65: 20542.073 | N65: 20884.049 | O65: 22087.134 | P65: 23939.689 | Q65: 25401.93 | R65: 26168.347 | S65: 27122.742 | T65: 27465.358 | U65: 26661.682 | V65: 26558.166 | W65: 26339.927 | X65: 26601.012 | Y65: 26742.175 | Z65: 26902.235 | AA65: 26381.762 | AB65: 26060.568 | AC65: 24927.239 | AD65: 23133.389 | AE65: 21521.55 | AF65: 20606.165 | AG65: =+SUM(I65:AF65)*H65 -> 2318533.9
E66: =+E65 -> 47818 | G66: DO | H66: 4 | I66: 16756.302 | J66: 16375.662 | K66: 16013.996 | L66: 15841.816 | M66: 15717.732 | N66: 15718.81 | O66: 15321 | P66: 15199.254 | Q66: 15422.963 | R66: 15179.588 | S66: 16237.807 | T66: 16853.299 | U66: 16982.889 | V66: 17179.381 | W66: 17405.915 | X66: 18106.258 | Y66: 18833.176 | Z66: 19587.024 | AA66: 19486.889 | AB66: 19472.369 | AC66: 18629.733 | AD66: 17782.269 | AE66: 17038.121 | AF66: 16505.756 | AG66: =+SUM(I66:AF66)*H66 -> 1630592
E67: =+E66 -> 47818 | G67: FE | H67: 2 | I67: 17745.093 | J67: 17339.683 | K67: 17000.006 | L67: 16827.213 | M67: 16592.174 | N67: 16011.28 | O67: 15226.423 | P67: 15241.123 | Q67: 15656.341 | R67: 16000.967 | S67: 16653.976 | T67: 17075.988 | U67: 17116.577 | V67: 17279.705 | W67: 17432.749 | X67: 18192.945 | Y67: 18727.144 | Z67: 19689.613 | AA67: 19625.967 | AB67: 19741.921 | AC67: 18692.42 | AD67: 17721.653 | AE67: 16913.577 | AF67: 16374.711 | AG67: =+SUM(I67:AF67)*H67 -> 829758.5
E68: =+E67 -> 47818 | G68: TOTAL | H68: =+SUM(H64:H67) -> 31 | I68: =+SUMPRODUCT(I64:I67,$H64:$H67) -> 650396.89 | J68: =+SUMPRODUCT(J64:J67,$H64:$H67) -> 634235.59 | K68: =+SUMPRODUCT(K64:K67,$H64:$H67) -> 623506.26 | L68: =+SUMPRODUCT(L64:L67,$H64:$H67) -> 622167.03 | M68: =+SUMPRODUCT(M64:M67,$H64:$H67) -> 618947.77 | N68: =+SUMPRODUCT(N64:N67,$H64:$H67) -> 633236.42 | O68: =+SUMPRODUCT(O64:O67,$H64:$H67) -> 679196.88 | P68: =+SUMPRODUCT(P64:P67,$H64:$H67) -> 747267.46 | ... AF68: =+SUMPRODUCT(AF64:AF67,$H64:$H67) -> 664320.53 | AG68: =SUM(I68:AF68) -> 18488167

Sheet calendario
A1: Cuenta de TIPO
A2: MES | B2: TIPO | C2: 2014 | D2: 2015 | E2: 2016 | F2: 2017 | G2: 2018
A3: 1 | B3: 1ORD | C3: =31-C4-C5 -> 21 | D3: =31-D4-D5 -> 20 | E3: 19 | F3: 21 | G3: 21
A4: 1 | B4: 2SÁB | C4: 4 | D4: 5 | E4: 5 | F4: 4 | G4: 4
A5: 1 | B5: 3FES | C5: 6 | D5: 6 | E5: 7 | F5: 6 | G5: 6
A6: 2 | B6: 1ORD | C6: =28-C7-C8 -> 20 | D6: =28-D7-D8 -> 20 | E6: 21 | F6: 20 | G6: 20
A7: 2 | B7: 2SÁB | C7: 4 | D7: 4 | E7: 4 | F7: 4 | G7: 4
A8: 2 | B8: 3FES | C8: 4 | D8: 4 | E8: 4 | F8: 4 | G8: 4
A9: 3 | B9: 1ORD | C9: =31-C10-C11 -> 20 | D9: =31-D10-D11 -> 21 | E9: 20 | F9: 22 | G9: 19
A10: 3 | B10: 2SÁB | C10: 5 | D10: 4 | E10: 4 | F10: 4 | G10: 5
A11: 3 | B11: 3FES | C11: 6 | D11: 6 | E11: 7 | F11: 5 | G11: 7
A12: 4 | B12: 1ORD | C12: =30-C13-C14 -> 20 | D12: =30-D13-D14 -> 20 | E12: 21 | F12: 18 | G12: 21
A13: 4 | B13: 2SÁB | C13: 4 | D13: 4 | E13: 5 | F13: 5 | G13: 4
A14: 4 | B14: 3FES | C14: 6 | D14: 6 | E14: 4 | F14: 7 | G14: 5
A15: 5 | B15: 1ORD | C15: =31-C16-C17 -> 21 | D15: =31-D16-D17 -> 19 | E15: 20 | F15: 21 | G15: 21
A16: 5 | B16: 2SÁB | C16: 5 | D16: 5 | E16: 4 | F16: 4 | G16: 4
A17: 5 | B17: 3FES | C17: 5 | D17: 7 | E17: 7 | F17: 6 | G17: 6
A18: 6 | B18: 1ORD | C18: =30-C19-C20 -> 18 | D18: =30-D19-D20 -> 19 | E18: 21 | F18: 20 | G18: 19
A19: 6 | B19: 2SÁB | C19: 4 | D19: 4 | E19: 4 | F19: 4 | G19: 5
A20: 6 | B20: 3FES | C20: 8 | D20: 7 | E20: 5 | F20: 6 | G20: 6
A21: 7 | B21: 1ORD | C21: =31-C22-C23 -> 23 | D21: =31-D22-D23 -> 22 | E21: 19 | F21: 19 | G21: 20
A22: 7 | B22: 2SÁB | C22: 4 | D22: 4 | E22: 5 | F22: 5 | G22: 4
A23: 7 | B23: 3FES | C23: 4 | D23: 5 | E23: 7 | F23: 7 | G23: 7
A24: 8 | B24: 1ORD | C24: =31-C25-C26 -> 19 | D24: =31-D25-D26 -> 19 | E24: 22 | F24: 21 | G24: 21
A25: 8 | B25: 2SÁB | C25: 5 | D25: 5 | E25: 4 | F25: 4 | G25: 4
A26: 8 | B26: 3FES | C26: 7 | D26: 7 | E26: 5 | F26: 6 | G26: 6
A27: 9 | B27: 1ORD | C27: =30-C28-C29 -> 22 | D27: =30-D28-D29 -> 22 | E27: 22 | F27: 21 | G27: 20
A28: 9 | B28: 2SÁB | C28: 4 | D28: 4 | E28: 4 | F28: 5 | G28: 5
A29: 9 | B29: 3FES | C29: 4 | D29: 4 | E29: 4 | F29: 4 | G29: 5
A30: 10 | B30: 1ORD | C30: =31-C31-C32 -> 22 | D30: =31-D31-D32 -> 21 | E30: 20 | F30: 21 | G30: 22
A31: 10 | B31: 2SÁB | C31: 4 | D31: 5 | E31: 5 | F31: 4 | G31: 4
A32: 10 | B32: 3FES | C32: 5 | D32: 5 | E32: 6 | F32: 6 | G32: 5
A33: 11 | B33: 1ORD | C33: =30-C34-C35 -> 18 | D33: =30-D34-D35 -> 19 | E33: 20 | F33: 20 | G33: 20
A34: 11 | B34: 2SÁB | C34: 5 | D34: 4 | E34: 4 | F34: 4 | G34: 4
A35: 11 | B35: 3FES | C35: 7 | D35: 7 | E35: 6 | F35: 6 | G35: 6
A36: 12 | B36: 1ORD | C36: =31-C37-C38 -> 21 | D36: =31-D37-D38 -> 21 | E36: 21 | F36: 19 | G36: 20
A37: 12 | B37: 2SÁB | C37: 4 | D37: 4 | E37: 5 | F37: 5 | G37: 5
A38: 12 | B38: 3FES | C38: 6 | D38: 6 | E38: 5 | F38: 7 | G38: 6

Sheet curvas típicas de referencia
A2: tipo día | B2: H1 | C2: H2 | D2: H3 | E2: H4 | F2: H5 | G2: H6 | H2: H7 | I2: H8 | J2: H9 | K2: H10 | L2: H11 | M2: H12 | N2: H13 | O2: H14 | P2: H15 | Q2: H16 | R2: H17 | S2: H18 | T2: H19 | U2: H20 | V2: H21 | W2: H22 | X2: H23 | Y2: H24
A3: Habil | B3: 0.027834527 | C3: 0.026682521 | D3: 0.025923893 | E3: 0.025439158 | F3: 0.025556097 | G3: 0.027259445 | H3: 0.032350135 | I3: 0.040455761 | J3: 0.047464293 | K3: 0.051692777 | L3: 0.054607079 | M3: 0.05493643 | N3: 0.052911056 | O3: 0.054485015 | P3: 0.056958239 | Q3: 0.057105703 | R3: 0.054820804 | S3: 0.051080543 | T3: 0.047845564 | U3: 0.044575088 | V3: 0.040435268 | W3: 0.036298963 | X3: 0.032954022 | Y3: 0.030327619
A4: Sabado | B4: 0.031933621 | C4: 0.030285079 | D4: 0.02935318 | E4: 0.028733579 | F4: 0.028654972 | G4: 0.029977253 | H4: 0.034030119 | I4: 0.040020468 | J4: 0.046345254 | K4: 0.051632171 | L4: 0.055400723 | M4: 0.055432951 | N4: 0.052958111 | O4: 0.051848023 | P4: 0.050438564 | Q4: 0.049277928 | R4: 0.047857004 | S4: 0.0471393 | T4: 0.046673457 | U4: 0.044979657 | V4: 0.042158325 | W4: 0.038032949 | X4: 0.03456292 | Y4: 0.032274391
A5: Festivo | B5: 0.0369262 | C5: 0.035565247 | D5: 0.034193693 | E5: 0.033394425 | F5: 0.032854151 | G5: 0.032653619 | H5: 0.033632199 | I5: 0.036341608 | J5: 0.040377423 | K5: 0.043732241 | L5: 0.047238598 | M5: 0.049884901 | N5: 0.050097655 | O5: 0.049054338 | P5: 0.047949351 | Q5: 0.047121269 | R5: 0.046744813 | S5: 0.046327025 | T5: 0.047122858 | U5: 0.046196154 | V5: 0.044346624 | W5: 0.041928399 | X5: 0.039253217 | Y5: 0.037063992
A8: CURVA ACTUALIZADA CON DEMANDAS PROYECCION DEMANDA REGULADA MATRICIAL 2014 (Enero 2014)
