Workbook

Sheet Basis
B3: EXPEDIENTE: | D3: CP-CEOC-2026-003
B4: CANTIDAD EN: | D4: kWh
B5: MODALIDAD: | D5: PLC - Pague Lo Contratado
B6: Pesos de: | D6: 46143
B8: PRODUCTOS: | C8: 1
B9: AÑO | C9: 2027
B10: Curva Plana | C10: =1/24 -> 0.041666667
B11: Curva Horaria
B12: MES | C12: Tipo de día | D12: N° días mes | E12: H1 | F12: H2 | G12: H3 | H12: H4 | I12: H5 | J12: H6 | K12: H7 | L12: H8 | M12: H9 | N12: H10 | O12: H11 | P12: H12 | Q12: H13 | R12: H14 | S12: H15 | T12: H16 | U12: H17 | V12: H18 | W12: H19 | X12: H20 | Y12: H21 | Z12: H22 | AA12: H23 | AB12: H24
B13: 44927 | C13: ORD. | D13: 21 | E13: 0.019001807 | F13: 0.015724578 | G13: 0.013880005 | H13: 0.013793242 | I13: 0.017893597 | J13: 0.026334738 | K13: 0.033174491 | L13: 0.033755201 | M13: 0.03764105 | N13: 0.040405931 | O13: 0.043876241 | P13: 0.047992291 | Q13: 0.046808039 | R13: 0.043509924 | S13: 0.043568002 | T13: 0.045478991 | U13: 0.047150818 | V13: 0.059136095 | W13: 0.076418399 | X13: 0.082632005 | Y13: 0.074388348 | Z13: 0.061615699 | AA13: 0.044850157 | AB13: 0.03097035 | AC13: =+SUM(E13:AB13)*D13 -> 21
C14: SAB. | D14: 4 | E14: 0.021689491 | F14: 0.017161159 | G14: 0.015507481 | H14: 0.015252109 | I14: 0.017494435 | J14: 0.023502608 | K14: 0.031307885 | L14: 0.033201632 | M14: 0.038507498 | N14: 0.041713828 | O14: 0.045165509 | P14: 0.048641585 | Q14: 0.048120921 | R14: 0.044490629 | S14: 0.043267251 | T14: 0.043651178 | U14: 0.044759856 | V14: 0.056873245 | W14: 0.074786002 | X14: 0.081495515 | Y14: 0.073641035 | Z14: 0.060361301 | AA14: 0.045327065 | AB14: 0.034080783 | AC14: =+SUM(E14:AB14)*D14 -> 4
C15: DOM. | D15: 5 | E15: 0.015051671 | F15: 0.02238003 | G15: 0.01975765 | H15: 0.018804298 | I15: 0.019321816 | J15: 0.023835999 | K15: 0.028934412 | L15: 0.031397674 | M15: 0.036145685 | N15: 0.039407306 | O15: 0.042427705 | P15: 0.046405931 | Q15: 0.047292099 | R15: 0.043863491 | S15: 0.041906622 | T15: 0.042329663 | U15: 0.044035686 | V15: 0.05695443 | W15: 0.075855718 | X15: 0.08437196 | Y15: 0.076149292 | Z15: 0.061649073 | AA15: 0.046944526 | AB15: 0.034777263 | AC15: =+SUM(E15:AB15)*D15 -> 5
C16: FES. | D16: 1 | E16: 0.015051671 | F16: 0.02238003 | G16: 0.01975765 | H16: 0.018804298 | I16: 0.019321816 | J16: 0.023835999 | K16: 0.028934412 | L16: 0.031397674 | M16: 0.036145685 | N16: 0.039407306 | O16: 0.042427705 | P16: 0.046405931 | Q16: 0.047292099 | R16: 0.043863491 | S16: 0.041906622 | T16: 0.042329663 | U16: 0.044035686 | V16: 0.05695443 | W16: 0.075855718 | X16: 0.08437196 | Y16: 0.076149292 | Z16: 0.061649073 | AA16: 0.046944526 | AB16: 0.034777263 | AC16: =+SUM(E16:AB16)*D16 -> 1
C17: TOTAL | D17: =+SUM(D13:D16) -> 31 | E17: =+SUMPRODUCT(E13:E16,$D13:$D16) -> 0.57610594 | F17: =+SUMPRODUCT(F13:F16,$D13:$D16) -> 0.53314095 | G17: =+SUMPRODUCT(G13:G16,$D13:$D16) -> 0.47205592 | H17: =+SUMPRODUCT(H13:H16,$D13:$D16) -> 0.46349231 | I17: =+SUMPRODUCT(I13:I16,$D13:$D16) -> 0.56167417 | J17: =+SUMPRODUCT(J13:J16,$D13:$D16) -> 0.79005592 | K17: =+SUMPRODUCT(K13:K16,$D13:$D16) -> 0.99550233 | L17: =+SUMPRODUCT(L13:L16,$D13:$D16) -> 1.0300518 | ... AB17: =+SUMPRODUCT(AB13:AB16,$D13:$D16) -> 0.99536405 | AC17: =+SUM(E17:AB17) -> 31
B18: =+EDATE(B13,1) -> 44958 | C18: ORD. | D18: 20 | E18: 0.019312065 | F18: 0.016086855 | G18: 0.014273523 | H18: 0.014191026 | I18: 0.018242634 | J18: 0.026619043 | K18: 0.033398163 | L18: 0.03394894 | M18: 0.037735615 | N18: 0.040444209 | O18: 0.043872988 | P18: 0.047926761 | Q18: 0.046745049 | R18: 0.043507224 | S18: 0.043577469 | T18: 0.045464185 | U18: 0.047122197 | V18: 0.058791631 | W18: 0.075802804 | X18: 0.082010321 | Y18: 0.073878053 | Z18: 0.061270625 | AA18: 0.044734731 | AB18: 0.031043888 | AC18: =+SUM(E18:AB18)*D18 -> 20
C19: SAB. | D19: 4 | E19: 0.021952698 | F19: 0.017511624 | G19: 0.015879558 | H19: 0.015627243 | I19: 0.017840421 | J19: 0.023778268 | K19: 0.031474518 | L19: 0.033386385 | M19: 0.038597725 | N19: 0.041744458 | O19: 0.045152238 | P19: 0.048577176 | Q19: 0.048054803 | R19: 0.044495677 | S19: 0.043284473 | T19: 0.043667307 | U19: 0.04476593 | V19: 0.056554557 | W19: 0.074192853 | X19: 0.080894646 | Y19: 0.073153051 | Z19: 0.060061541 | AA19: 0.045227182 | AB19: 0.034125669 | AC19: =+SUM(E19:AB19)*D19 -> 4
C20: DOM. | D20: 4 | E20: 0.026352118 | F20: 0.022114401 | G20: 0.019579103 | H20: 0.018784522 | I20: 0.018297569 | J20: 0.021441964 | K20: 0.027514899 | L20: 0.031816057 | M20: 0.037135796 | N20: 0.040291587 | O20: 0.042717715 | P20: 0.046506841 | Q20: 0.046769932 | R20: 0.043413376 | S20: 0.041481212 | T20: 0.041777654 | U20: 0.043315162 | V20: 0.055539125 | W20: 0.074545063 | X20: 0.083159001 | Y20: 0.075496552 | Z20: 0.061324227 | AA20: 0.046565132 | AB20: 0.034060993 | AC20: =+SUM(E20:AB20)*D20 -> 4
C21: FES. | D21: 0 | E21: 0.026352118 | F21: 0.022114401 | G21: 0.019579103 | H21: 0.018784522 | I21: 0.018297569 | J21: 0.021441964 | K21: 0.027514899 | L21: 0.031816057 | M21: 0.037135796 | N21: 0.040291587 | O21: 0.042717715 | P21: 0.046506841 | Q21: 0.046769932 | R21: 0.043413376 | S21: 0.041481212 | T21: 0.041777654 | U21: 0.043315162 | V21: 0.055539125 | W21: 0.074545063 | X21: 0.083159001 | Y21: 0.075496552 | Z21: 0.061324227 | AA21: 0.046565132 | AB21: 0.034060993 | AC21: =+SUM(E21:AB21)*D21 -> 0
C22: TOTAL | D22: =+SUM(D18:D21) -> 28 | E22: =+SUMPRODUCT(E18:E21,$D18:$D21) -> 0.57946057 | F22: =+SUMPRODUCT(F18:F21,$D18:$D21) -> 0.4802412 | G22: =+SUMPRODUCT(G18:G21,$D18:$D21) -> 0.4273051 | H22: =+SUMPRODUCT(H18:H21,$D18:$D21) -> 0.42146757 | I22: =+SUMPRODUCT(I18:I21,$D18:$D21) -> 0.50940463 | J22: =+SUMPRODUCT(J18:J21,$D18:$D21) -> 0.71326179 | K22: =+SUMPRODUCT(K18:K21,$D18:$D21) -> 0.90392093 | L22: =+SUMPRODUCT(L18:L21,$D18:$D21) -> 0.93978857 | ... AB22: =+SUMPRODUCT(AB18:AB21,$D18:$D21) -> 0.8936244 | AC22: =+SUM(E22:AB22) -> 28
B23: =+EDATE(B18,1) -> 44986 | C23: ORD. | D23: 22 | E23: 0.052643358 | F23: 0.021954713 | G23: 0.019492126 | H23: 0.018587449 | I23: 0.019085789 | J23: 0.023330656 | K23: 0.028150809 | L23: 0.030535556 | M23: 0.034999992 | N23: 0.038060289 | O23: 0.04090395 | P23: 0.044628634 | Q23: 0.045442401 | R23: 0.042244821 | S23: 0.04040261 | T23: 0.040800449 | U23: 0.042401027 | V23: 0.054339487 | W23: 0.07210186 | X23: 0.080207526 | Y23: 0.072457077 | Z23: 0.058805176 | AA23: 0.044938795 | AB23: 0.033485453 | AC23: =+SUM(E23:AB23)*D23 -> 22
C24: SAB. | D24: 4 | E24: 0.022237422 | F24: 0.017906314 | G24: 0.016297579 | H24: 0.016048394 | I24: 0.018230187 | J24: 0.02409663 | K24: 0.031671212 | L24: 0.033600778 | M24: 0.038695932 | N24: 0.041768414 | O24: 0.045129427 | P24: 0.048495931 | Q24: 0.047966938 | R24: 0.044497953 | S24: 0.043297772 | T24: 0.043681635 | U24: 0.044771874 | V24: 0.056182065 | W24: 0.073501323 | X24: 0.080239491 | Y24: 0.072625566 | Z24: 0.059745559 | AA24: 0.045128982 | AB24: 0.034182622 | AC24: =+SUM(E24:AB24)*D24 -> 4
C25: DOM. | D25: 4 | E25: 0.052643358 | F25: 0.021954713 | G25: 0.019492126 | H25: 0.018587449 | I25: 0.019085789 | J25: 0.023330656 | K25: 0.028150809 | L25: 0.030535556 | M25: 0.034999992 | N25: 0.038060289 | O25: 0.04090395 | P25: 0.044628634 | Q25: 0.045442401 | R25: 0.042244821 | S25: 0.04040261 | T25: 0.040800449 | U25: 0.042401027 | V25: 0.054339487 | W25: 0.07210186 | X25: 0.080207526 | Y25: 0.072457077 | Z25: 0.058805176 | AA25: 0.044938795 | AB25: 0.033485453 | AC25: =+SUM(E25:AB25)*D25 -> 4
C26: FES. | D26: 1 | E26: 0.052643358 | F26: 0.021954713 | G26: 0.019492126 | H26: 0.018587449 | I26: 0.019085789 | J26: 0.023330656 | K26: 0.028150809 | L26: 0.030535556 | M26: 0.034999992 | N26: 0.038060289 | O26: 0.04090395 | P26: 0.044628634 | Q26: 0.045442401 | R26: 0.042244821 | S26: 0.04040261 | T26: 0.040800449 | U26: 0.042401027 | V26: 0.054339487 | W26: 0.07210186 | X26: 0.080207526 | Y26: 0.072457077 | Z26: 0.058805176 | AA26: 0.044938795 | AB26: 0.033485453 | AC26: =+SUM(E26:AB26)*D26 -> 1
C27: TOTAL | D27: =+SUM(D23:D26) -> 31 | E27: =+SUMPRODUCT(E23:E26,$D23:$D26) -> 1.5103203 | F27: =+SUMPRODUCT(F23:F26,$D23:$D26) -> 0.6644025 | G27: =+SUMPRODUCT(G23:G26,$D23:$D26) -> 0.59147771 | H27: =+SUMPRODUCT(H23:H26,$D23:$D26) -> 0.56605469 | I27: =+SUMPRODUCT(I23:I26,$D23:$D26) -> 0.58823705 | J27: =+SUMPRODUCT(J23:J26,$D23:$D26) -> 0.72631423 | K27: =+SUMPRODUCT(K23:K26,$D23:$D26) -> 0.88675669 | L27: =+SUMPRODUCT(L23:L26,$D23:$D26) -> 0.95886312 | ... AB27: =+SUMPRODUCT(AB23:AB26,$D23:$D26) -> 1.0408377 | AC27: =+SUM(E27:AB27) -> 31
B28: =+EDATE(B23,1) -> 45017 | C28: ORD. | D28: 18 | E28: 0.018931194 | F28: 0.01564526 | G28: 0.013796154 | H28: 0.013709731 | I28: 0.017824203 | J28: 0.026301412 | K28: 0.033168787 | L28: 0.033727412 | M28: 0.037616229 | N28: 0.040386026 | O28: 0.04386823 | P28: 0.047995823 | Q28: 0.046805232 | R28: 0.043499914 | S28: 0.043560713 | T28: 0.045477968 | U28: 0.047156735 | V28: 0.05919873 | W28: 0.076527624 | X28: 0.082775954 | Y28: 0.074506537 | Z28: 0.061692543 | AA28: 0.044875249 | AB28: 0.030952342 | AC28: =+SUM(E28:AB28)*D28 -> 18
C29: SAB. | D29: 5 | E29: 0.021625172 | F29: 0.017087813 | G29: 0.015428824 | H29: 0.015172586 | I29: 0.017422131 | J29: 0.023451225 | K29: 0.031280178 | L29: 0.033168877 | M29: 0.038486827 | N29: 0.041699974 | O29: 0.04516298 | P29: 0.048649088 | Q29: 0.048125085 | R29: 0.044487797 | S29: 0.043259741 | T29: 0.043645674 | U29: 0.044758794 | V29: 0.056927863 | W29: 0.074890207 | X29: 0.081636984 | Y29: 0.073759292 | Z29: 0.060439801 | AA29: 0.04535796 | AB29: 0.034075126 | AC29: =+SUM(E29:AB29)*D29 -> 5
C30: DOM. | D30: 5 | E30: 0.026060253 | F30: 0.021750584 | G30: 0.019234802 | H30: 0.018376006 | I30: 0.017499975 | J30: 0.02059002 | K30: 0.026990743 | L30: 0.032011434 | M30: 0.037536099 | N30: 0.040467118 | O30: 0.042683604 | P30: 0.046436433 | Q30: 0.046739851 | R30: 0.043398878 | S30: 0.041236733 | T30: 0.041440635 | U30: 0.043086796 | V30: 0.055440703 | W30: 0.074544475 | X30: 0.084159547 | Y30: 0.076593639 | Z30: 0.062273006 | AA30: 0.047127709 | AB30: 0.034320956 | AC30: =+SUM(E30:AB30)*D30 -> 5
C31: FES. | D31: 2 | E31: 0.026060253 | F31: 0.021750584 | G31: 0.019234802 | H31: 0.018376006 | I31: 0.017499975 | J31: 0.02059002 | K31: 0.026990743 | L31: 0.032011434 | M31: 0.037536099 | N31: 0.040467118 | O31: 0.042683604 | P31: 0.046436433 | Q31: 0.046739851 | R31: 0.043398878 | S31: 0.041236733 | T31: 0.041440635 | U31: 0.043086796 | V31: 0.055440703 | W31: 0.074544475 | X31: 0.084159547 | Y31: 0.076593639 | Z31: 0.062273006 | AA31: 0.047127709 | AB31: 0.034320956 | AC31: =+SUM(E31:AB31)*D31 -> 2
C32: TOTAL | D32: =+SUM(D28:D31) -> 30 | E32: =+SUMPRODUCT(E28:E31,$D28:$D31) -> 0.63130912 | F32: =+SUMPRODUCT(F28:F31,$D28:$D31) -> 0.51930783 | G32: =+SUMPRODUCT(G28:G31,$D28:$D31) -> 0.46011851 | H32: =+SUMPRODUCT(H28:H31,$D28:$D31) -> 0.45127012 | I32: =+SUMPRODUCT(I28:I31,$D28:$D31) -> 0.53044613 | J32: =+SUMPRODUCT(J28:J31,$D28:$D31) -> 0.73481169 | K32: =+SUMPRODUCT(K28:K31,$D28:$D31) -> 0.94237425 | L32: =+SUMPRODUCT(L28:L31,$D28:$D31) -> 0.99701784 | ... AB32: =+SUMPRODUCT(AB28:AB31,$D28:$D31) -> 0.96776447 | AC32: =+SUM(E32:AB32) -> 30
B33: =+EDATE(B28,1) -> 45047 | C33: ORD. | D33: 21 | E33: 0.0192947 | F33: 0.016029744 | G33: 0.014184046 | H33: 0.014085931 | I33: 0.018104571 | J33: 0.026232823 | K33: 0.032852268 | L33: 0.033748278 | M33: 0.037771907 | N33: 0.040576821 | O33: 0.043979095 | P33: 0.048067323 | Q33: 0.046953582 | R33: 0.043635545 | S33: 0.043640237 | T33: 0.045519423 | U33: 0.047133307 | V33: 0.058993206 | W33: 0.07619792 | X33: 0.082012333 | Y33: 0.07387854 | Z33: 0.061306104 | AA33: 0.044751448 | AB33: 0.031050848 | AC33: =+SUM(E33:AB33)*D33 -> 21
C34: SAB. | D34: 4 | E34: 0.021990147 | F34: 0.017416254 | G34: 0.015787624 | H34: 0.015537281 | I34: 0.017745017 | J34: 0.023629032 | K34: 0.031344715 | L34: 0.033268981 | M34: 0.038596855 | N34: 0.04182654 | O34: 0.045221132 | P34: 0.048667775 | Q34: 0.048189617 | R34: 0.044517891 | S34: 0.043328493 | T34: 0.043690661 | U34: 0.044764556 | V34: 0.056779977 | W34: 0.074585648 | X34: 0.080868828 | Y34: 0.073091597 | Z34: 0.059953228 | AA34: 0.045132658 | AB34: 0.034065491 | AC34: =+SUM(E34:AB34)*D34 -> 4
C35: DOM. | D35: 4 | E35: 0.052209548 | F35: 0.02156115 | G35: 0.019022282 | H35: 0.018134488 | I35: 0.018589411 | J35: 0.022938267 | K35: 0.02775319 | L35: 0.030145517 | M35: 0.034720812 | N35: 0.037888234 | O35: 0.040785068 | P35: 0.044678169 | Q35: 0.045604859 | R35: 0.04220288 | S35: 0.040325422 | T35: 0.04073289 | U35: 0.042390154 | V35: 0.054922596 | W35: 0.073173951 | X35: 0.081014141 | Y35: 0.073161069 | Z35: 0.059254368 | AA35: 0.045234287 | AB35: 0.033557245 | AC35: =+SUM(E35:AB35)*D35 -> 4
C36: FES. | D36: 2 | E36: 0.052209548 | F36: 0.02156115 | G36: 0.019022282 | H36: 0.018134488 | I36: 0.018589411 | J36: 0.022938267 | K36: 0.02775319 | L36: 0.030145517 | M36: 0.034720812 | N36: 0.037888234 | O36: 0.040785068 | P36: 0.044678169 | Q36: 0.045604859 | R36: 0.04220288 | S36: 0.040325422 | T36: 0.04073289 | U36: 0.042390154 | V36: 0.054922596 | W36: 0.073173951 | X36: 0.081014141 | Y36: 0.073161069 | Z36: 0.059254368 | AA36: 0.045234287 | AB36: 0.033557245 | AC36: =+SUM(E36:AB36)*D36 -> 2
C37: TOTAL | D37: =+SUM(D33:D36) -> 31 | E37: =+SUMPRODUCT(E33:E36,$D33:$D36) -> 0.80640657 | F37: =+SUMPRODUCT(F33:F36,$D33:$D36) -> 0.53565655 | G37: =+SUMPRODUCT(G33:G36,$D33:$D36) -> 0.47514915 | H37: =+SUMPRODUCT(H33:H36,$D33:$D36) -> 0.46676061 | I37: =+SUMPRODUCT(I33:I36,$D33:$D36) -> 0.56271253 | J37: =+SUMPRODUCT(J33:J36,$D33:$D36) -> 0.78303501 | K37: =+SUMPRODUCT(K33:K36,$D33:$D36) -> 0.98179562 | L37: =+SUMPRODUCT(L33:L36,$D33:$D36) -> 1.0226629 | ... AB37: =+SUMPRODUCT(AB33:AB36,$D33:$D36) -> 0.98967325 | AC37: =+SUM(E37:AB37) -> 31
B38: =+EDATE(B33,1) -> 45078 | C38: ORD. | D38: 20 | E38: 0.018158969 | F38: 0.014702893 | G38: 0.012742208 | H38: 0.012628212 | I38: 0.016824599 | J38: 0.025184953 | K38: 0.032023177 | L38: 0.033035673 | M38: 0.037426827 | N38: 0.040439595 | O38: 0.043993341 | P38: 0.048310132 | Q38: 0.047188426 | R38: 0.043648195 | S38: 0.043607109 | T38: 0.045574946 | U38: 0.047238513 | V38: 0.060257286 | W38: 0.078457958 | X38: 0.084287029 | Y38: 0.075745553 | Z38: 0.062569172 | AA38: 0.045173795 | AB38: 0.03078144 | AC38: =+SUM(E38:AB38)*D38 -> 20
C39: SAB. | D39: 4 | E39: 0.021027643 | F39: 0.016131836 | G39: 0.014424221 | H39: 0.014162752 | I39: 0.01647702 | J39: 0.022617399 | K39: 0.030732406 | L39: 0.032590895 | M39: 0.038266926 | N39: 0.041716288 | O39: 0.045271335 | P39: 0.048905533 | Q39: 0.048434499 | R39: 0.044500176 | S39: 0.043266617 | T39: 0.043632366 | U39: 0.044742587 | V39: 0.057950154 | W39: 0.076763465 | X39: 0.08306681 | Y39: 0.074875762 | Z39: 0.061047707 | AA39: 0.045495964 | AB39: 0.033899641 | AC39: =+SUM(E39:AB39)*D39 -> 4
C40: DOM. | D40: 4 | E40: 0.050784811 | F40: 0.020560525 | G40: 0.017872608 | H40: 0.016956026 | I40: 0.017407069 | J40: 0.021996946 | K40: 0.027014241 | L40: 0.029372501 | M40: 0.034202135 | N40: 0.037561937 | O40: 0.040610682 | P40: 0.044759905 | Q40: 0.045786595 | R40: 0.042130129 | S40: 0.040153802 | T40: 0.040583797 | U40: 0.042342046 | V40: 0.056081432 | W40: 0.075372486 | X40: 0.083404528 | Y40: 0.075161839 | Z40: 0.06052603 | AA40: 0.045826204 | AB40: 0.033531729 | AC40: =+SUM(E40:AB40)*D40 -> 4
C41: FES. | D41: 2 | E41: 0.050784811 | F41: 0.020560525 | G41: 0.017872608 | H41: 0.016956026 | I41: 0.017407069 | J41: 0.021996946 | K41: 0.027014241 | L41: 0.029372501 | M41: 0.034202135 | N41: 0.037561937 | O41: 0.040610682 | P41: 0.044759905 | Q41: 0.045786595 | R41: 0.042130129 | S41: 0.040153802 | T41: 0.040583797 | U41: 0.042342046 | V41: 0.056081432 | W41: 0.075372486 | X41: 0.083404528 | Y41: 0.075161839 | Z41: 0.06052603 | AA41: 0.045826204 | AB41: 0.033531729 | AC41: =+SUM(E41:AB41)*D41 -> 2
C42: TOTAL | D42: =+SUM(D38:D41) -> 30 | E42: =+SUMPRODUCT(E38:E41,$D38:$D41) -> 0.75199882 | F42: =+SUMPRODUCT(F38:F41,$D38:$D41) -> 0.48194834 | G42: =+SUMPRODUCT(G38:G41,$D38:$D41) -> 0.41977669 | H42: =+SUMPRODUCT(H38:H41,$D38:$D41) -> 0.4109514 | I42: =+SUMPRODUCT(I38:I41,$D38:$D41) -> 0.50684247 | J42: =+SUMPRODUCT(J38:J41,$D38:$D41) -> 0.72615032 | K42: =+SUMPRODUCT(K38:K41,$D38:$D41) -> 0.92547861 | L42: =+SUMPRODUCT(L38:L41,$D38:$D41) -> 0.96731204 | ... AB42: =+SUMPRODUCT(AB38:AB41,$D38:$D41) -> 0.95241773 | AC42: =+SUM(E42:AB42) -> 30
B43: =+EDATE(B38,1) -> 45108 | C43: ORD. | D43: 19 | E43: 0.017823732 | F43: 0.014338465 | G43: 0.012377434 | H43: 0.012297984 | I43: 0.016577265 | J43: 0.025149083 | K43: 0.032088163 | L43: 0.033048075 | M43: 0.037441165 | N43: 0.040453974 | O43: 0.044034912 | P43: 0.048422533 | Q43: 0.047273176 | R43: 0.043660234 | S43: 0.042622937 | T43: 0.045683447 | U43: 0.047384292 | V43: 0.060606171 | W43: 0.078943455 | X43: 0.08470045 | Y43: 0.076120955 | Z43: 0.062879561 | AA43: 0.045320652 | AB43: 0.030751883 | AC43: =+SUM(E43:AB43)*D43 -> 19
C44: SAB. | D44: 5 | E44: 0.017823732 | F44: 0.014338465 | G44: 0.012377434 | H44: 0.012297984 | I44: 0.016577265 | J44: 0.025149083 | K44: 0.032088163 | L44: 0.033048075 | M44: 0.037441165 | N44: 0.040453974 | O44: 0.044034912 | P44: 0.048422533 | Q44: 0.047273176 | R44: 0.043660234 | S44: 0.042622937 | T44: 0.045683447 | U44: 0.047384292 | V44: 0.060606171 | W44: 0.078943455 | X44: 0.08470045 | Y44: 0.076120955 | Z44: 0.062879561 | AA44: 0.045320652 | AB44: 0.030751883 | AC44: =+SUM(E44:AB44)*D44 -> 5
C45: DOM. | D45: 5 | E45: 0.052444099 | F45: 0.02126452 | G45: 0.018418407 | H45: 0.017311284 | I45: 0.017434362 | J45: 0.020851271 | K45: 0.025301557 | L45: 0.028540441 | M45: 0.034034521 | N45: 0.037731016 | O45: 0.040737511 | P45: 0.044833694 | Q45: 0.046131052 | R45: 0.042455934 | S45: 0.039746668 | T45: 0.04036635 | U45: 0.041937368 | V45: 0.056050473 | W45: 0.075891561 | X45: 0.083556779 | Y45: 0.075163275 | Z45: 0.060365642 | AA45: 0.045745942 | AB45: 0.033686272 | AC45: =+SUM(E45:AB45)*D45 -> 5
C46: FES. | D46: 2 | E46: 0.052444099 | F46: 0.02126452 | G46: 0.018418407 | H46: 0.017311284 | I46: 0.017434362 | J46: 0.020851271 | K46: 0.025301557 | L46: 0.028540441 | M46: 0.034034521 | N46: 0.037731016 | O46: 0.040737511 | P46: 0.044833694 | Q46: 0.046131052 | R46: 0.042455934 | S46: 0.039746668 | T46: 0.04036635 | U46: 0.041937368 | V46: 0.056050473 | W46: 0.075891561 | X46: 0.083556779 | Y46: 0.075163275 | Z46: 0.060365642 | AA46: 0.045745942 | AB46: 0.033686272 | AC46: =+SUM(E46:AB46)*D46 -> 2
C47: TOTAL | D47: =+SUM(D43:D46) -> 31 | E47: =+SUMPRODUCT(E43:E46,$D43:$D46) -> 0.79487827 | F47: =+SUMPRODUCT(F43:F46,$D43:$D46) -> 0.49297479 | G47: =+SUMPRODUCT(G43:G46,$D43:$D46) -> 0.42598726 | H47: =+SUMPRODUCT(H43:H46,$D43:$D46) -> 0.41633061 | I47: =+SUMPRODUCT(I43:I46,$D43:$D46) -> 0.5198949 | J47: =+SUMPRODUCT(J43:J46,$D43:$D46) -> 0.7495369 | K47: =+SUMPRODUCT(K43:K46,$D43:$D46) -> 0.9472268 | L47: =+SUMPRODUCT(L43:L46,$D43:$D46) -> 0.99293689 | ... AB47: =+SUMPRODUCT(AB43:AB46,$D43:$D46) -> 0.97384911 | AC47: =+SUM(E47:AB47) -> 31
B48: =+EDATE(B43,1) -> 45139 | C48: ORD. | D48: 21 | E48: 0.017100204 | F48: 0.013490094 | G48: 0.011453235 | H48: 0.011362194 | I48: 0.015753118 | J48: 0.024458519 | K48: 0.031528894 | L48: 0.032581936 | M48: 0.037224265 | N48: 0.040376091 | O48: 0.044052935 | P48: 0.048588652 | Q48: 0.047438105 | R48: 0.043678839 | S48: 0.042511996 | T48: 0.045724423 | U48: 0.047454467 | V48: 0.06143207 | W48: 0.08041956 | X48: 0.086166818 | Y48: 0.077324916 | Z48: 0.063696829 | AA48: 0.045597263 | AB48: 0.030584576 | AC48: =+SUM(E48:AB48)*D48 -> 21
C49: SAB. | D49: 4 | E49: 0.020307859 | F49: 0.015106032 | G49: 0.01333787 | H49: 0.013068506 | I49: 0.01546406 | J49: 0.021783592 | K49: 0.030219428 | L49: 0.032030478 | M49: 0.038026516 | N49: 0.041681593 | O49: 0.045357068 | P49: 0.049147038 | Q49: 0.048699474 | R49: 0.044513785 | S49: 0.0427875 | T49: 0.043614632 | U49: 0.044743331 | V49: 0.058979277 | W49: 0.078650031 | X49: 0.084799877 | Y49: 0.076270094 | Z49: 0.061882541 | AA49: 0.045763277 | AB49: 0.033766141 | AC49: =+SUM(E49:AB49)*D49 -> 4
C50: DOM. | D50: 4 | E50: 0.051693782 | F50: 0.020695437 | G50: 0.017741025 | H50: 0.016599277 | I50: 0.016690279 | J50: 0.020155606 | K50: 0.024682155 | L50: 0.027976925 | M50: 0.033690449 | N50: 0.037538582 | O50: 0.040637083 | P50: 0.044891173 | Q50: 0.04627665 | R50: 0.042437793 | S50: 0.039601319 | T50: 0.040252011 | U50: 0.041870427 | V50: 0.056782074 | W50: 0.077329022 | X50: 0.085077827 | Y50: 0.076425882 | Z50: 0.061154369 | AA50: 0.046114517 | AB50: 0.033686337 | AC50: =+SUM(E50:AB50)*D50 -> 4
C51: FES. | D51: 2 | E51: 0.051693782 | F51: 0.020695437 | G51: 0.017741025 | H51: 0.016599277 | I51: 0.016690279 | J51: 0.020155606 | K51: 0.024682155 | L51: 0.027976925 | M51: 0.033690449 | N51: 0.037538582 | O51: 0.040637083 | P51: 0.044891173 | Q51: 0.04627665 | R51: 0.042437793 | S51: 0.039601319 | T51: 0.040252011 | U51: 0.041870427 | V51: 0.056782074 | W51: 0.077329022 | X51: 0.085077827 | Y51: 0.076425882 | Z51: 0.061154369 | AA51: 0.046114517 | AB51: 0.033686337 | AC51: =+SUM(E51:AB51)*D51 -> 2
C52: TOTAL | D52: =+SUM(D48:D51) -> 31 | E52: =+SUMPRODUCT(E48:E51,$D48:$D51) -> 0.75049841 | F52: =+SUMPRODUCT(F48:F51,$D48:$D51) -> 0.46788873 | G52: =+SUMPRODUCT(G48:G51,$D48:$D51) -> 0.40031556 | H52: =+SUMPRODUCT(H48:H51,$D48:$D51) -> 0.39047576 | I52: =+SUMPRODUCT(I48:I51,$D48:$D51) -> 0.49281339 | J52: =+SUMPRODUCT(J48:J51,$D48:$D51) -> 0.7216969 | K52: =+SUMPRODUCT(K48:K51,$D48:$D51) -> 0.93107742 | L52: =+SUMPRODUCT(L48:L51,$D48:$D51) -> 0.98020413 | ... AB52: =+SUMPRODUCT(AB48:AB51,$D48:$D51) -> 0.97945869 | AC52: =+SUM(E52:AB52) -> 31
B53: =+EDATE(B48,1) -> 45170 | C53: ORD. | D53: 21 | E53: 0.018527972 | F53: 0.015113003 | G53: 0.013173876 | H53: 0.013058685 | I53: 0.017190673 | J53: 0.025390171 | K53: 0.032104545 | L53: 0.033216669 | M53: 0.037588866 | N53: 0.040576793 | O53: 0.04407626 | P53: 0.048339006 | Q53: 0.047245061 | R53: 0.043739898 | S53: 0.042662793 | T53: 0.045626736 | U53: 0.047259239 | V53: 0.05999837 | W53: 0.077979758 | X53: 0.083657394 | Y53: 0.075234773 | Z53: 0.062248385 | AA53: 0.045092232 | AB53: 0.030898841 | AC53: =+SUM(E53:AB53)*D53 -> 21
C54: SAB. | D54: 5 | E54: 0.021348406 | F54: 0.016497815 | G54: 0.01481527 | H54: 0.014557911 | I54: 0.016838053 | J54: 0.022880517 | K54: 0.03088307 | L54: 0.03276855 | M54: 0.038385173 | N54: 0.041800676 | O54: 0.045302409 | P54: 0.048888665 | Q54: 0.048432631 | R54: 0.044533551 | S54: 0.042915205 | T54: 0.043678357 | U54: 0.044768086 | V54: 0.057699247 | W54: 0.076274678 | X54: 0.082409632 | Y54: 0.074329097 | Z54: 0.060690124 | AA54: 0.045363429 | AB54: 0.033939448 | AC54: =+SUM(E54:AB54)*D54 -> 5
C55: DOM. | D55: 4 | E55: 0.025776545 | F55: 0.021259382 | G55: 0.018566646 | H55: 0.017817136 | I55: 0.017236927 | J55: 0.020452842 | K55: 0.026661489 | L55: 0.031026358 | M55: 0.036627545 | N55: 0.040048147 | O55: 0.042583762 | P55: 0.046685445 | Q55: 0.047042254 | R55: 0.043318495 | S55: 0.041307447 | T55: 0.041682448 | U55: 0.043287727 | V55: 0.056676827 | W55: 0.076763995 | X55: 0.084898154 | Y55: 0.076978135 | Z55: 0.062231237 | AA55: 0.047054859 | AB55: 0.034016198 | AC55: =+SUM(E55:AB55)*D55 -> 4
C56: FES. | D56: 0 | E56: 0.025776545 | F56: 0.021259382 | G56: 0.018566646 | H56: 0.017817136 | I56: 0.017236927 | J56: 0.020452842 | K56: 0.026661489 | L56: 0.031026358 | M56: 0.036627545 | N56: 0.040048147 | O56: 0.042583762 | P56: 0.046685445 | Q56: 0.047042254 | R56: 0.043318495 | S56: 0.041307447 | T56: 0.041682448 | U56: 0.043287727 | V56: 0.056676827 | W56: 0.076763995 | X56: 0.084898154 | Y56: 0.076978135 | Z56: 0.062231237 | AA56: 0.047054859 | AB56: 0.034016198 | AC56: =+SUM(E56:AB56)*D56 -> 0
C57: TOTAL | D57: =+SUM(D53:D56) -> 30 | E57: =+SUMPRODUCT(E53:E56,$D53:$D56) -> 0.59893562 | F57: =+SUMPRODUCT(F53:F56,$D53:$D56) -> 0.48489967 | G57: =+SUMPRODUCT(G53:G56,$D53:$D56) -> 0.42499434 | H57: =+SUMPRODUCT(H53:H56,$D53:$D56) -> 0.41829048 | I57: =+SUMPRODUCT(I53:I56,$D53:$D56) -> 0.51414211 | J57: =+SUMPRODUCT(J53:J56,$D53:$D56) -> 0.72940754 | K57: =+SUMPRODUCT(K53:K56,$D53:$D56) -> 0.93525674 | L57: =+SUMPRODUCT(L53:L56,$D53:$D56) -> 0.98549824 | ... AB57: =+SUMPRODUCT(AB53:AB56,$D53:$D56) -> 0.9546377 | AC57: =+SUM(E57:AB57) -> 30
B58: =+EDATE(B53,1) -> 45200 | C58: ORD. | D58: 21 | E58: 0.018678263 | F58: 0.015333961 | G58: 0.0134551 | H58: 0.01338116 | I58: 0.01752439 | J58: 0.025915821 | K58: 0.032697831 | L58: 0.03355973 | M58: 0.037678679 | N58: 0.040539872 | O58: 0.044013241 | P58: 0.048226375 | Q58: 0.047082122 | R58: 0.043643538 | S58: 0.042746859 | T58: 0.045624532 | U58: 0.04728755 | V58: 0.059650181 | W58: 0.077257094 | X58: 0.083051586 | Y58: 0.074760935 | Z58: 0.061945955 | AA58: 0.045000688 | AB58: 0.030944536 | AC58: =+SUM(E58:AB58)*D58 -> 21
C59: SAB. | D59: 4 | E59: 0.021606078 | F59: 0.016868898 | G59: 0.015207521 | H59: 0.01495287 | I59: 0.017204617 | J59: 0.023186263 | K59: 0.03107499 | L59: 0.032975192 | M59: 0.038474161 | N59: 0.041813704 | O59: 0.04527358 | P59: 0.048804056 | Q59: 0.048337874 | R59: 0.0445321 | S59: 0.042946956 | T59: 0.043687896 | U59: 0.044772167 | V59: 0.057335274 | W59: 0.07560165 | X59: 0.08180838 | Y59: 0.073848677 | Z59: 0.060408727 | AA59: 0.045281328 | AB59: 0.033997039 | AC59: =+SUM(E59:AB59)*D59 -> 4
C60: DOM. | D60: 5 | E60: 0.028222195 | F60: 0.023305777 | G60: 0.02039254 | H60: 0.019116318 | I60: 0.01900196 | J60: 0.021363091 | K60: 0.025342182 | L60: 0.029398386 | M60: 0.035347318 | N60: 0.039233216 | O60: 0.04215893 | P60: 0.046073944 | Q60: 0.047505125 | R60: 0.043979335 | S60: 0.04086531 | T60: 0.041463662 | U60: 0.042833403 | V60: 0.056518587 | W60: 0.076404117 | X60: 0.08396191 | Y60: 0.075535986 | Z60: 0.060824913 | AA60: 0.04641264 | AB60: 0.034739155 | AC60: =+SUM(E60:AB60)*D60 -> 5
C61: FES. | D61: 1 | E61: 0.028222195 | F61: 0.023305777 | G61: 0.02039254 | H61: 0.019116318 | I61: 0.01900196 | J61: 0.021363091 | K61: 0.025342182 | L61: 0.029398386 | M61: 0.035347318 | N61: 0.039233216 | O61: 0.04215893 | P61: 0.046073944 | Q61: 0.047505125 | R61: 0.043979335 | S61: 0.04086531 | T61: 0.041463662 | U61: 0.042833403 | V61: 0.056518587 | W61: 0.076404117 | X61: 0.08396191 | Y61: 0.075535986 | Z61: 0.060824913 | AA61: 0.04641264 | AB61: 0.034739155 | AC61: =+SUM(E61:AB61)*D61 -> 1
C62: TOTAL | D62: =+SUM(D58:D61) -> 31 | E62: =+SUMPRODUCT(E58:E61,$D58:$D61) -> 0.648001 | F62: =+SUMPRODUCT(F58:F61,$D58:$D61) -> 0.52932344 | G62: =+SUMPRODUCT(G58:G61,$D58:$D61) -> 0.46574242 | H62: =+SUMPRODUCT(H58:H61,$D58:$D61) -> 0.45551375 | I62: =+SUMPRODUCT(I58:I61,$D58:$D61) -> 0.55084242 | J62: =+SUMPRODUCT(J58:J61,$D58:$D61) -> 0.76515583 | K62: =+SUMPRODUCT(K58:K61,$D58:$D61) -> 0.96300751 | L62: =+SUMPRODUCT(L58:L61,$D58:$D61) -> 1.0130454 | ... AB62: =+SUMPRODUCT(AB58:AB61,$D58:$D61) -> 0.99425833 | AC62: =+SUM(E62:AB62) -> 31
B63: =+EDATE(B58,1) -> 45231 | C63: ORD. | D63: 20 | E63: 0.018909472 | F63: 0.015573053 | G63: 0.013683605 | H63: 0.01357846 | I63: 0.017657418 | J63: 0.025846345 | K63: 0.03252952 | L63: 0.033500604 | M63: 0.037675802 | N63: 0.040563125 | O63: 0.044016931 | P63: 0.048189488 | Q63: 0.047078879 | R63: 0.043674773 | S63: 0.042719841 | T63: 0.045567456 | U63: 0.047195119 | V63: 0.059475759 | W63: 0.077051697 | X63: 0.082836692 | Y63: 0.074557798 | Z63: 0.06177365 | AA63: 0.04491837 | AB63: 0.031426144 | AC63: =+SUM(E63:AB63)*D63 -> 20
C64: SAB. | D64: 4 | E64: 0.021664721 | F64: 0.016963096 | G64: 0.015306521 | H64: 0.015052389 | I64: 0.01729774 | J64: 0.023268455 | K64: 0.031128907 | L64: 0.033033649 | M64: 0.038497108 | N64: 0.041813226 | O64: 0.045264021 | P64: 0.048779842 | Q64: 0.048308394 | R64: 0.044532072 | S64: 0.042956882 | T64: 0.043690417 | U64: 0.044774998 | V64: 0.057231292 | W64: 0.075413411 | X64: 0.08166441 | Y64: 0.07373569 | Z64: 0.06034603 | AA64: 0.045265036 | AB64: 0.034011693 | AC64: =+SUM(E64:AB64)*D64 -> 4
C65: DOM. | D65: 4 | E65: 0.026544379 | F65: 0.021766753 | G65: 0.019103238 | H65: 0.018183734 | I65: 0.018645408 | J65: 0.023200508 | K65: 0.028210954 | L65: 0.030658057 | M65: 0.035450702 | N65: 0.038776886 | O65: 0.041806691 | P65: 0.045904954 | Q65: 0.046900342 | R65: 0.043303475 | S65: 0.041174018 | T65: 0.041766389 | U65: 0.04350689 | V65: 0.056828212 | W65: 0.075959412 | X65: 0.084047914 | Y65: 0.075845652 | Z65: 0.06130065 | AA65: 0.046665215 | AB65: 0.034449568 | AC65: =+SUM(E65:AB65)*D65 -> 4
C66: FES. | D66: 2 | E66: 0.026544379 | F66: 0.021766753 | G66: 0.019103238 | H66: 0.018183734 | I66: 0.018645408 | J66: 0.023200508 | K66: 0.028210954 | L66: 0.030658057 | M66: 0.035450702 | N66: 0.038776886 | O66: 0.041806691 | P66: 0.045904954 | Q66: 0.046900342 | R66: 0.043303475 | S66: 0.041174018 | T66: 0.041766389 | U66: 0.04350689 | V66: 0.056828212 | W66: 0.075959412 | X66: 0.084047914 | Y66: 0.075845652 | Z66: 0.06130065 | AA66: 0.046665215 | AB66: 0.034449568 | AC66: =+SUM(E66:AB66)*D66 -> 2
C67: TOTAL | D67: =+SUM(D63:D66) -> 30 | E67: =+SUMPRODUCT(E63:E66,$D63:$D66) -> 0.62411459 | F67: =+SUMPRODUCT(F63:F66,$D63:$D66) -> 0.50991396 | G67: =+SUMPRODUCT(G63:G66,$D63:$D66) -> 0.4495176 | H67: =+SUMPRODUCT(H63:H66,$D63:$D66) -> 0.44088117 | I67: =+SUMPRODUCT(I63:I66,$D63:$D66) -> 0.53421177 | J67: =+SUMPRODUCT(J63:J66,$D63:$D66) -> 0.74920378 | K67: =+SUMPRODUCT(K63:K66,$D63:$D66) -> 0.94437175 | L67: =+SUMPRODUCT(L63:L66,$D63:$D66) -> 0.98609502 | ... AB67: =+SUMPRODUCT(AB63:AB66,$D63:$D66) -> 0.97126706 | AC67: =+SUM(E67:AB67) -> 30
B68: =+EDATE(B63,1) -> 45261 | C68: ORD. | D68: 19 | E68: 0.020166214 | F68: 0.017067715 | G68: 0.01532782 | H68: 0.015251743 | I68: 0.019162336 | J68: 0.02728658 | K68: 0.033852615 | L68: 0.034436985 | M68: 0.038033248 | N68: 0.040621665 | O68: 0.04393079 | P68: 0.047828702 | Q68: 0.046675345 | R68: 0.043573555 | S68: 0.042970792 | T68: 0.045474902 | U68: 0.047081906 | V68: 0.057955248 | W68: 0.074301658 | X68: 0.080368105 | Y68: 0.072533704 | Z68: 0.060379902 | AA68: 0.044453134 | AB68: 0.031265339 | AC68: =+SUM(E68:AB68)*D68 -> 19
C69: SAB. | D69: 5 | E69: 0.022686193 | F69: 0.018437113 | G69: 0.016864437 | H69: 0.016620999 | I69: 0.018753804 | J69: 0.024484384 | K69: 0.031892956 | L69: 0.03386049 | M69: 0.038854948 | N69: 0.041868031 | O69: 0.045153078 | P69: 0.048447192 | Q69: 0.047934612 | R69: 0.044530669 | S69: 0.043087833 | T69: 0.043732588 | U69: 0.044796015 | V69: 0.055775837 | W69: 0.072728547 | X69: 0.079272864 | Y69: 0.07182411 | Z69: 0.059224915 | AA69: 0.04493412 | AB69: 0.034234263 | AC69: =+SUM(E69:AB69)*D69 -> 5
C70: DOM. | D70: 5 | E70: 0.026905858 | F70: 0.022848574 | G70: 0.02047469 | H70: 0.019651085 | I70: 0.018859696 | J70: 0.021800151 | K70: 0.027862025 | L70: 0.032749489 | M70: 0.037956836 | N70: 0.040721818 | O70: 0.042832359 | P70: 0.046359632 | Q70: 0.046629086 | R70: 0.043506555 | S70: 0.041343317 | T70: 0.041660139 | U70: 0.043211348 | V70: 0.054381005 | W70: 0.072410878 | X70: 0.081607276 | Y70: 0.074425493 | Z70: 0.06087156 | AA70: 0.046518168 | AB70: 0.034412961 | AC70: =+SUM(E70:AB70)*D70 -> 5
C71: FES. | D71: 2 | E71: 0.026905858 | F71: 0.022848574 | G71: 0.02047469 | H71: 0.019651085 | I71: 0.018859696 | J71: 0.021800151 | K71: 0.027862025 | L71: 0.032749489 | M71: 0.037956836 | N71: 0.040721818 | O71: 0.042832359 | P71: 0.046359632 | Q71: 0.046629086 | R71: 0.043506555 | S71: 0.041343317 | T71: 0.041660139 | U71: 0.043211348 | V71: 0.054381005 | W71: 0.072410878 | X71: 0.081607276 | Y71: 0.074425493 | Z71: 0.06087156 | AA71: 0.046518168 | AB71: 0.034412961 | AC71: =+SUM(E71:AB71)*D71 -> 2
C72: TOTAL | D72: =+SUM(D68:D71) -> 31 | E72: =+SUMPRODUCT(E68:E71,$D68:$D71) -> 0.68493003 | F72: =+SUMPRODUCT(F68:F71,$D68:$D71) -> 0.57641216 | G72: =+SUMPRODUCT(G68:G71,$D68:$D71) -> 0.5188736 | H72: =+SUMPRODUCT(H68:H71,$D68:$D71) -> 0.5104457 | I72: =+SUMPRODUCT(I68:I71,$D68:$D71) -> 0.58987127 | J72: =+SUMPRODUCT(J68:J71,$D68:$D71) -> 0.793468 | K72: =+SUMPRODUCT(K68:K71,$D68:$D71) -> 0.99769864 | L72: =+SUMPRODUCT(L68:L71,$D68:$D71) -> 1.0528516 | ... AB72: =+SUMPRODUCT(AB68:AB71,$D68:$D71) -> 1.0061035 | AC72: =+SUM(E72:AB72) -> 31
B73: =+EDATE(B68,1) -> 45292 | C73: ORD. | D73: 21 | E73: 0.029361257 | F73: 0.02769271 | G73: 0.026785161 | H73: 0.026786989 | I73: 0.029135775 | J73: 0.034540444 | K73: 0.038789035 | L73: 0.039578658 | M73: 0.040957538 | N73: 0.04216692 | O73: 0.044150375 | P73: 0.046294816 | Q73: 0.045431876 | R73: 0.043879729 | S73: 0.044118507 | T73: 0.045188433 | U73: 0.046243026 | V73: 0.048247239 | W73: 0.057096885 | X73: 0.061739938 | Y73: 0.057231882 | Z73: 0.050129255 | AA73: 0.041010488 | AB73: 0.033443063 | AC73: =+SUM(E73:AB73)*D73 -> 21
C74: SAB. | D74: 4 | E74: 0.030659473 | F74: 0.028600001 | G74: 0.027683859 | H74: 0.027537802 | I74: 0.02878254 | J74: 0.032241586 | K74: 0.036453129 | L74: 0.039012639 | M74: 0.041549208 | N74: 0.043042517 | O74: 0.044973694 | P74: 0.046808022 | Q74: 0.046383383 | R74: 0.044751655 | S74: 0.044013078 | T74: 0.044288561 | U74: 0.044973578 | V74: 0.046933207 | W74: 0.056210586 | X74: 0.061205657 | Y74: 0.057018442 | Z74: 0.049896672 | AA74: 0.041622868 | AB74: 0.035357845 | AC74: =+SUM(E74:AB74)*D74 -> 4
C75: DOM. | D75: 4 | E75: 0.033281515 | F75: 0.031140044 | G75: 0.029843351 | H75: 0.029286928 | I75: 0.029138029 | J75: 0.030942884 | K75: 0.034432485 | L75: 0.038305304 | M75: 0.041103791 | N75: 0.042608444 | O75: 0.043914682 | P75: 0.045729867 | Q75: 0.045741488 | R75: 0.044277061 | S75: 0.043144199 | T75: 0.043279567 | U75: 0.044109955 | V75: 0.046298729 | W75: 0.05617665 | X75: 0.062194705 | Y75: 0.057928891 | Z75: 0.050194992 | AA75: 0.041853093 | AB75: 0.035073347 | AC75: =+SUM(E75:AB75)*D75 -> 4
C76: FES. | D76: 2 | E76: 0.033675034 | F76: 0.031245693 | G76: 0.029861746 | H76: 0.029235019 | I76: 0.030186379 | J76: 0.033123683 | K76: 0.035563631 | L76: 0.037375437 | M76: 0.039557896 | N76: 0.041330002 | O76: 0.043273465 | P76: 0.045278417 | Q76: 0.04576519 | R76: 0.044214288 | S76: 0.04324543 | T76: 0.043554999 | U76: 0.04443551 | V76: 0.047172191 | W76: 0.056899741 | X76: 0.061986739 | Y76: 0.0572087 | Z76: 0.049339561 | AA76: 0.041368945 | AB76: 0.035102305 | AC76: =+SUM(E76:AB76)*D76 -> 2
C77: TOTAL | D77: =+SUM(D73:D76) -> 31 | E77: =+SUMPRODUCT(E73:E76,$D73:$D76) -> 0.93970042 | F77: =+SUMPRODUCT(F73:F76,$D73:$D76) -> 0.88299848 | G77: =+SUMPRODUCT(G73:G76,$D73:$D76) -> 0.85232072 | H77: =+SUMPRODUCT(H73:H76,$D73:$D76) -> 0.84829574 | I77: =+SUMPRODUCT(I73:I76,$D73:$D76) -> 0.90390631 | J77: =+SUMPRODUCT(J73:J76,$D73:$D76) -> 1.0443346 | K77: =+SUMPRODUCT(K73:K76,$D73:$D76) -> 1.1692395 | L77: =+SUMPRODUCT(L73:L76,$D73:$D76) -> 1.2151745 | ... AB77: =+SUMPRODUCT(AB73:AB76,$D73:$D76) -> 1.0542337 | AC77: =+SUM(E77:AB77) -> 31
B78: =+EDATE(B73,1) -> 45323 | C78: ORD. | D78: 21 | E78: 0.029361257 | F78: 0.02769271 | G78: 0.026785161 | H78: 0.026786989 | I78: 0.029135775 | J78: 0.034540444 | K78: 0.038789035 | L78: 0.039578658 | M78: 0.040957538 | N78: 0.04216692 | O78: 0.044150375 | P78: 0.046294816 | Q78: 0.045431876 | R78: 0.043879729 | S78: 0.044118507 | T78: 0.045188433 | U78: 0.046243026 | V78: 0.048247239 | W78: 0.057096885 | X78: 0.061739938 | Y78: 0.057231882 | Z78: 0.050129255 | AA78: 0.041010488 | AB78: 0.033443063 | AC78: =+SUM(E78:AB78)*D78 -> 21
C79: SAB. | D79: 4 | E79: 0.030659473 | F79: 0.028600001 | G79: 0.027683859 | H79: 0.027537802 | I79: 0.02878254 | J79: 0.032241586 | K79: 0.036453129 | L79: 0.039012639 | M79: 0.041549208 | N79: 0.043042517 | O79: 0.044973694 | P79: 0.046808022 | Q79: 0.046383383 | R79: 0.044751655 | S79: 0.044013078 | T79: 0.044288561 | U79: 0.044973578 | V79: 0.046933207 | W79: 0.056210586 | X79: 0.061205657 | Y79: 0.057018442 | Z79: 0.049896672 | AA79: 0.041622868 | AB79: 0.035357845 | AC79: =+SUM(E79:AB79)*D79 -> 4
C80: DOM. | D80: 4 | E80: 0.033281515 | F80: 0.031140044 | G80: 0.029843351 | H80: 0.029286928 | I80: 0.029138029 | J80: 0.030942884 | K80: 0.034432485 | L80: 0.038305304 | M80: 0.041103791 | N80: 0.042608444 | O80: 0.043914682 | P80: 0.045729867 | Q80: 0.045741488 | R80: 0.044277061 | S80: 0.043144199 | T80: 0.043279567 | U80: 0.044109955 | V80: 0.046298729 | W80: 0.05617665 | X80: 0.062194705 | Y80: 0.057928891 | Z80: 0.050194992 | AA80: 0.041853093 | AB80: 0.035073347 | AC80: =+SUM(E80:AB80)*D80 -> 4
C81: FES. | D81: 0 | E81: 0.033675034 | F81: 0.031245693 | G81: 0.029861746 | H81: 0.029235019 | I81: 0.030186379 | J81: 0.033123683 | K81: 0.035563631 | L81: 0.037375437 | M81: 0.039557896 | N81: 0.041330002 | O81: 0.043273465 | P81: 0.045278417 | Q81: 0.04576519 | R81: 0.044214288 | S81: 0.04324543 | T81: 0.043554999 | U81: 0.04443551 | V81: 0.047172191 | W81: 0.056899741 | X81: 0.061986739 | Y81: 0.0572087 | Z81: 0.049339561 | AA81: 0.041368945 | AB81: 0.035102305 | AC81: =+SUM(E81:AB81)*D81 -> 0
C82: TOTAL | D82: =+SUM(D78:D81) -> 29 | E82: =+SUMPRODUCT(E78:E81,$D78:$D81) -> 0.87235035 | F82: =+SUMPRODUCT(F78:F81,$D78:$D81) -> 0.8205071 | G82: =+SUMPRODUCT(G78:G81,$D78:$D81) -> 0.79259723 | H82: =+SUMPRODUCT(H78:H81,$D78:$D81) -> 0.7898257 | I82: =+SUMPRODUCT(I78:I81,$D78:$D81) -> 0.84353355 | J82: =+SUMPRODUCT(J78:J81,$D78:$D81) -> 0.9780872 | K82: =+SUMPRODUCT(K78:K81,$D78:$D81) -> 1.0981122 | L82: =+SUMPRODUCT(L78:L81,$D78:$D81) -> 1.1404236 | ... AB82: =+SUMPRODUCT(AB78:AB81,$D78:$D81) -> 0.98402908 | AC82: =+SUM(E82:AB82) -> 29
B83: =+EDATE(B78,1) -> 45352 | C83: ORD. | D83: 18 | E83: 0.029361257 | F83: 0.02769271 | G83: 0.026785161 | H83: 0.026786989 | I83: 0.029135775 | J83: 0.034540444 | K83: 0.038789035 | L83: 0.039578658 | M83: 0.040957538 | N83: 0.04216692 | O83: 0.044150375 | P83: 0.046294816 | Q83: 0.045431876 | R83: 0.043879729 | S83: 0.044118507 | T83: 0.045188433 | U83: 0.046243026 | V83: 0.048247239 | W83: 0.057096885 | X83: 0.061739938 | Y83: 0.057231882 | Z83: 0.050129255 | AA83: 0.041010488 | AB83: 0.033443063 | AC83: =+SUM(E83:AB83)*D83 -> 18
C84: SAB. | D84: 5 | E84: 0.030659473 | F84: 0.028600001 | G84: 0.027683859 | H84: 0.027537802 | I84: 0.02878254 | J84: 0.032241586 | K84: 0.036453129 | L84: 0.039012639 | M84: 0.041549208 | N84: 0.043042517 | O84: 0.044973694 | P84: 0.046808022 | Q84: 0.046383383 | R84: 0.044751655 | S84: 0.044013078 | T84: 0.044288561 | U84: 0.044973578 | V84: 0.046933207 | W84: 0.056210586 | X84: 0.061205657 | Y84: 0.057018442 | Z84: 0.049896672 | AA84: 0.041622868 | AB84: 0.035357845 | AC84: =+SUM(E84:AB84)*D84 -> 5
C85: DOM. | D85: 5 | E85: 0.033281515 | F85: 0.031140044 | G85: 0.029843351 | H85: 0.029286928 | I85: 0.029138029 | J85: 0.030942884 | K85: 0.034432485 | L85: 0.038305304 | M85: 0.041103791 | N85: 0.042608444 | O85: 0.043914682 | P85: 0.045729867 | Q85: 0.045741488 | R85: 0.044277061 | S85: 0.043144199 | T85: 0.043279567 | U85: 0.044109955 | V85: 0.046298729 | W85: 0.05617665 | X85: 0.062194705 | Y85: 0.057928891 | Z85: 0.050194992 | AA85: 0.041853093 | AB85: 0.035073347 | AC85: =+SUM(E85:AB85)*D85 -> 5
C86: FES. | D86: 3 | E86: 0.033675034 | F86: 0.031245693 | G86: 0.029861746 | H86: 0.029235019 | I86: 0.030186379 | J86: 0.033123683 | K86: 0.035563631 | L86: 0.037375437 | M86: 0.039557896 | N86: 0.041330002 | O86: 0.043273465 | P86: 0.045278417 | Q86: 0.04576519 | R86: 0.044214288 | S86: 0.04324543 | T86: 0.043554999 | U86: 0.04443551 | V86: 0.047172191 | W86: 0.056899741 | X86: 0.061986739 | Y86: 0.0572087 | Z86: 0.049339561 | AA86: 0.041368945 | AB86: 0.035102305 | AC86: =+SUM(E86:AB86)*D86 -> 3
C87: TOTAL | D87: =+SUM(D83:D86) -> 31 | E87: =+SUMPRODUCT(E83:E86,$D83:$D86) -> 0.94923267 | F87: =+SUMPRODUCT(F83:F86,$D83:$D86) -> 0.89090609 | G87: =+SUMPRODUCT(G83:G86,$D83:$D86) -> 0.85935419 | H87: =+SUMPRODUCT(H83:H86,$D83:$D86) -> 0.85399452 | I87: =+SUMPRODUCT(I83:I86,$D83:$D86) -> 0.90460593 | J87: =+SUMPRODUCT(J83:J86,$D83:$D86) -> 1.0370214 | K87: =+SUMPRODUCT(K83:K86,$D83:$D86) -> 1.1593216 | L87: =+SUMPRODUCT(L83:L86,$D83:$D86) -> 1.2111319 | ... AB87: =+SUMPRODUCT(AB83:AB86,$D83:$D86) -> 1.059438 | AC87: =+SUM(E87:AB87) -> 31
B88: =+EDATE(B83,1) -> 45383 | C88: ORD. | D88: 22 | E88: 0.029361257 | F88: 0.02769271 | G88: 0.026785161 | H88: 0.026786989 | I88: 0.029135775 | J88: 0.034540444 | K88: 0.038789035 | L88: 0.039578658 | M88: 0.040957538 | N88: 0.04216692 | O88: 0.044150375 | P88: 0.046294816 | Q88: 0.045431876 | R88: 0.043879729 | S88: 0.044118507 | T88: 0.045188433 | U88: 0.046243026 | V88: 0.048247239 | W88: 0.057096885 | X88: 0.061739938 | Y88: 0.057231882 | Z88: 0.050129255 | AA88: 0.041010488 | AB88: 0.033443063 | AC88: =+SUM(E88:AB88)*D88 -> 22
C89: SAB. | D89: 4 | E89: 0.030659473 | F89: 0.028600001 | G89: 0.027683859 | H89: 0.027537802 | I89: 0.02878254 | J89: 0.032241586 | K89: 0.036453129 | L89: 0.039012639 | M89: 0.041549208 | N89: 0.043042517 | O89: 0.044973694 | P89: 0.046808022 | Q89: 0.046383383 | R89: 0.044751655 | S89: 0.044013078 | T89: 0.044288561 | U89: 0.044973578 | V89: 0.046933207 | W89: 0.056210586 | X89: 0.061205657 | Y89: 0.057018442 | Z89: 0.049896672 | AA89: 0.041622868 | AB89: 0.035357845 | AC89: =+SUM(E89:AB89)*D89 -> 4
C90: DOM. | D90: 4 | E90: 0.033281515 | F90: 0.031140044 | G90: 0.029843351 | H90: 0.029286928 | I90: 0.029138029 | J90: 0.030942884 | K90: 0.034432485 | L90: 0.038305304 | M90: 0.041103791 | N90: 0.042608444 | O90: 0.043914682 | P90: 0.045729867 | Q90: 0.045741488 | R90: 0.044277061 | S90: 0.043144199 | T90: 0.043279567 | U90: 0.044109955 | V90: 0.046298729 | W90: 0.05617665 | X90: 0.062194705 | Y90: 0.057928891 | Z90: 0.050194992 | AA90: 0.041853093 | AB90: 0.035073347 | AC90: =+SUM(E90:AB90)*D90 -> 4
C91: FES. | D91: 0 | E91: 0.033675034 | F91: 0.031245693 | G91: 0.029861746 | H91: 0.029235019 | I91: 0.030186379 | J91: 0.033123683 | K91: 0.035563631 | L91: 0.037375437 | M91: 0.039557896 | N91: 0.041330002 | O91: 0.043273465 | P91: 0.045278417 | Q91: 0.04576519 | R91: 0.044214288 | S91: 0.04324543 | T91: 0.043554999 | U91: 0.04443551 | V91: 0.047172191 | W91: 0.056899741 | X91: 0.061986739 | Y91: 0.0572087 | Z91: 0.049339561 | AA91: 0.041368945 | AB91: 0.035102305 | AC91: =+SUM(E91:AB91)*D91 -> 0
C92: TOTAL | D92: =+SUM(D88:D91) -> 30 | E92: =+SUMPRODUCT(E88:E91,$D88:$D91) -> 0.90171161 | F92: =+SUMPRODUCT(F88:F91,$D88:$D91) -> 0.84819981 | G92: =+SUMPRODUCT(G88:G91,$D88:$D91) -> 0.81938239 | H92: =+SUMPRODUCT(H88:H91,$D88:$D91) -> 0.81661269 | I92: =+SUMPRODUCT(I88:I91,$D88:$D91) -> 0.87266933 | J92: =+SUMPRODUCT(J88:J91,$D88:$D91) -> 1.0126276 | K92: =+SUMPRODUCT(K88:K91,$D88:$D91) -> 1.1369012 | L92: =+SUMPRODUCT(L88:L91,$D88:$D91) -> 1.1800023 | ... AB92: =+SUMPRODUCT(AB88:AB91,$D88:$D91) -> 1.0174721 | AC92: =+SUM(E92:AB92) -> 30
B93: =+EDATE(B88,1) -> 45413 | C93: ORD. | D93: 21 | E93: 0.029361257 | F93: 0.02769271 | G93: 0.026785161 | H93: 0.026786989 | I93: 0.029135775 | J93: 0.034540444 | K93: 0.038789035 | L93: 0.039578658 | M93: 0.040957538 | N93: 0.04216692 | O93: 0.044150375 | P93: 0.046294816 | Q93: 0.045431876 | R93: 0.043879729 | S93: 0.044118507 | T93: 0.045188433 | U93: 0.046243026 | V93: 0.048247239 | W93: 0.057096885 | X93: 0.061739938 | Y93: 0.057231882 | Z93: 0.050129255 | AA93: 0.041010488 | AB93: 0.033443063 | AC93: =+SUM(E93:AB93)*D93 -> 21
C94: SAB. | D94: 4 | E94: 0.030659473 | F94: 0.028600001 | G94: 0.027683859 | H94: 0.027537802 | I94: 0.02878254 | J94: 0.032241586 | K94: 0.036453129 | L94: 0.039012639 | M94: 0.041549208 | N94: 0.043042517 | O94: 0.044973694 | P94: 0.046808022 | Q94: 0.046383383 | R94: 0.044751655 | S94: 0.044013078 | T94: 0.044288561 | U94: 0.044973578 | V94: 0.046933207 | W94: 0.056210586 | X94: 0.061205657 | Y94: 0.057018442 | Z94: 0.049896672 | AA94: 0.041622868 | AB94: 0.035357845 | AC94: =+SUM(E94:AB94)*D94 -> 4
C95: DOM. | D95: 4 | E95: 0.033281515 | F95: 0.031140044 | G95: 0.029843351 | H95: 0.029286928 | I95: 0.029138029 | J95: 0.030942884 | K95: 0.034432485 | L95: 0.038305304 | M95: 0.041103791 | N95: 0.042608444 | O95: 0.043914682 | P95: 0.045729867 | Q95: 0.045741488 | R95: 0.044277061 | S95: 0.043144199 | T95: 0.043279567 | U95: 0.044109955 | V95: 0.046298729 | W95: 0.05617665 | X95: 0.062194705 | Y95: 0.057928891 | Z95: 0.050194992 | AA95: 0.041853093 | AB95: 0.035073347 | AC95: =+SUM(E95:AB95)*D95 -> 4
C96: FES. | D96: 2 | E96: 0.033675034 | F96: 0.031245693 | G96: 0.029861746 | H96: 0.029235019 | I96: 0.030186379 | J96: 0.033123683 | K96: 0.035563631 | L96: 0.037375437 | M96: 0.039557896 | N96: 0.041330002 | O96: 0.043273465 | P96: 0.045278417 | Q96: 0.04576519 | R96: 0.044214288 | S96: 0.04324543 | T96: 0.043554999 | U96: 0.04443551 | V96: 0.047172191 | W96: 0.056899741 | X96: 0.061986739 | Y96: 0.0572087 | Z96: 0.049339561 | AA96: 0.041368945 | AB96: 0.035102305 | AC96: =+SUM(E96:AB96)*D96 -> 2
C97: TOTAL | D97: =+SUM(D93:D96) -> 31 | E97: =+SUMPRODUCT(E93:E96,$D93:$D96) -> 0.93970042 | F97: =+SUMPRODUCT(F93:F96,$D93:$D96) -> 0.88299848 | G97: =+SUMPRODUCT(G93:G96,$D93:$D96) -> 0.85232072 | H97: =+SUMPRODUCT(H93:H96,$D93:$D96) -> 0.84829574 | I97: =+SUMPRODUCT(I93:I96,$D93:$D96) -> 0.90390631 | J97: =+SUMPRODUCT(J93:J96,$D93:$D96) -> 1.0443346 | K97: =+SUMPRODUCT(K93:K96,$D93:$D96) -> 1.1692395 | L97: =+SUMPRODUCT(L93:L96,$D93:$D96) -> 1.2151745 | ... AB97: =+SUMPRODUCT(AB93:AB96,$D93:$D96) -> 1.0542337 | AC97: =+SUM(E97:AB97) -> 31
B98: =+EDATE(B93,1) -> 45444 | C98: ORD. | D98: 18 | E98: 0.029361257 | F98: 0.02769271 | G98: 0.026785161 | H98: 0.026786989 | I98: 0.029135775 | J98: 0.034540444 | K98: 0.038789035 | L98: 0.039578658 | M98: 0.040957538 | N98: 0.04216692 | O98: 0.044150375 | P98: 0.046294816 | Q98: 0.045431876 | R98: 0.043879729 | S98: 0.044118507 | T98: 0.045188433 | U98: 0.046243026 | V98: 0.048247239 | W98: 0.057096885 | X98: 0.061739938 | Y98: 0.057231882 | Z98: 0.050129255 | AA98: 0.041010488 | AB98: 0.033443063 | AC98: =+SUM(E98:AB98)*D98 -> 18
C99: SAB. | D99: 5 | E99: 0.030659473 | F99: 0.028600001 | G99: 0.027683859 | H99: 0.027537802 | I99: 0.02878254 | J99: 0.032241586 | K99: 0.036453129 | L99: 0.039012639 | M99: 0.041549208 | N99: 0.043042517 | O99: 0.044973694 | P99: 0.046808022 | Q99: 0.046383383 | R99: 0.044751655 | S99: 0.044013078 | T99: 0.044288561 | U99: 0.044973578 | V99: 0.046933207 | W99: 0.056210586 | X99: 0.061205657 | Y99: 0.057018442 | Z99: 0.049896672 | AA99: 0.041622868 | AB99: 0.035357845 | AC99: =+SUM(E99:AB99)*D99 -> 5
C100: DOM. | D100: 5 | E100: 0.033281515 | F100: 0.031140044 | G100: 0.029843351 | H100: 0.029286928 | I100: 0.029138029 | J100: 0.030942884 | K100: 0.034432485 | L100: 0.038305304 | M100: 0.041103791 | N100: 0.042608444 | O100: 0.043914682 | P100: 0.045729867 | Q100: 0.045741488 | R100: 0.044277061 | S100: 0.043144199 | T100: 0.043279567 | U100: 0.044109955 | V100: 0.046298729 | W100: 0.05617665 | X100: 0.062194705 | Y100: 0.057928891 | Z100: 0.050194992 | AA100: 0.041853093 | AB100: 0.035073347 | AC100: =+SUM(E100:AB100)*D100 -> 5
C101: FES. | D101: 2 | E101: 0.033675034 | F101: 0.031245693 | G101: 0.029861746 | H101: 0.029235019 | I101: 0.030186379 | J101: 0.033123683 | K101: 0.035563631 | L101: 0.037375437 | M101: 0.039557896 | N101: 0.041330002 | O101: 0.043273465 | P101: 0.045278417 | Q101: 0.04576519 | R101: 0.044214288 | S101: 0.04324543 | T101: 0.043554999 | U101: 0.04443551 | V101: 0.047172191 | W101: 0.056899741 | X101: 0.061986739 | Y101: 0.0572087 | Z101: 0.049339561 | AA101: 0.041368945 | AB101: 0.035102305 | AC101: =+SUM(E101:AB101)*D101 -> 2
C102: TOTAL | D102: =+SUM(D98:D101) -> 30 | E102: =+SUMPRODUCT(E98:E101,$D98:$D101) -> 0.91555763 | F102: =+SUMPRODUCT(F98:F101,$D98:$D101) -> 0.8596604 | G102: =+SUMPRODUCT(G98:G101,$D98:$D101) -> 0.82949245 | H102: =+SUMPRODUCT(H98:H101,$D98:$D101) -> 0.8247595 | I102: =+SUMPRODUCT(I98:I101,$D98:$D101) -> 0.87441956 | J102: =+SUMPRODUCT(J98:J101,$D98:$D101) -> 1.0038977 | K102: =+SUMPRODUCT(K98:K101,$D98:$D101) -> 1.123758 | L102: =+SUMPRODUCT(L98:L101,$D98:$D101) -> 1.1737564 | ... AB102: =+SUMPRODUCT(AB98:AB101,$D98:$D101) -> 1.0243357 | AC102: =+SUM(E102:AB102) -> 30
B103: =+EDATE(B98,1) -> 45474 | C103: ORD. | D103: 22 | E103: 0.029361257 | F103: 0.02769271 | G103: 0.026785161 | H103: 0.026786989 | I103: 0.029135775 | J103: 0.034540444 | K103: 0.038789035 | L103: 0.039578658 | M103: 0.040957538 | N103: 0.04216692 | O103: 0.044150375 | P103: 0.046294816 | Q103: 0.045431876 | R103: 0.043879729 | S103: 0.044118507 | T103: 0.045188433 | U103: 0.046243026 | V103: 0.048247239 | W103: 0.057096885 | X103: 0.061739938 | Y103: 0.057231882 | Z103: 0.050129255 | AA103: 0.041010488 | AB103: 0.033443063 | AC103: =+SUM(E103:AB103)*D103 -> 22
...

Sheet Prod- 1
B2: EXPEDIENTE: | D2: =Basis!D3 -> CP-CEOC-2026-003
B3: PRODUCTO: | D3: Producto 01 - Curva Horaria / Plana
B5: CANTIDAD EN: | D5: =+Basis!D4 -> kWh
B6: MODALIDAD: | D6: =+Basis!D5 -> PLC - Pague Lo Contratado
B7: OFERENTE:
B9: MES DE SUMINISTRO | C9: ENERGÍA SOLICITADA (kWh) | D9: PORCENTAJE ENERGÍA OFRECIDA | E9: ENERGÍA OFRECIDA (kWh) | F9: PRECIO OFERTADO ($/kWh)
B10: 46388 | C10: 5244820.6 | D10: 1 | E10: =+C10*D10 -> 5244820.6
B11: =+EDATE(B10,1) -> 46419 | C11: 6143027.5 | D11: =+D10 -> 1 | E11: =+C11*D11 -> 6143027.5
B12: =+EDATE(B11,1) -> 46447 | C12: 5760479.5 | D12: =+D11 -> 1 | E12: =+C12*D12 -> 5760479.5
B13: =+EDATE(B12,1) -> 46478 | C13: 3057415.2 | D13: =+D12 -> 1 | E13: =+C13*D13 -> 3057415.2
B14: =+EDATE(B13,1) -> 46508 | C14: 3048897.1 | D14: =+D13 -> 1 | E14: =+C14*D14 -> 3048897.1
B15: =+EDATE(B14,1) -> 46539 | C15: 3055708.8 | D15: =+D14 -> 1 | E15: =+C15*D15 -> 3055708.8
B16: =+EDATE(B15,1) -> 46569 | C16: 3049313.8 | D16: =+D15 -> 1 | E16: =+C16*D16 -> 3049313.8
B17: =+EDATE(B16,1) -> 46600 | C17: 3049581.6 | D17: =+D16 -> 1 | E17: =+C17*D17 -> 3049581.6
B18: =+EDATE(B17,1) -> 46631 | C18: 3057760.8 | D18: =+D17 -> 1 | E18: =+C18*D18 -> 3057760.8
B19: =+EDATE(B18,1) -> 46661 | C19: 3049842 | D19: =+D18 -> 1 | E19: =+C19*D19 -> 3049842
B20: =+EDATE(B19,1) -> 46692 | C20: 3057638.4 | D20: =+D19 -> 1 | E20: =+C20*D20 -> 3057638.4
B21: =+EDATE(B20,1) -> 46722 | C21: 5049847.9 | D21: =+D20 -> 1 | E21: =+C21*D21 -> 5049847.9
B22: =+EDATE(#REF!,1) -> #REF! | D22: =+#REF! -> #REF! | E22: =+C22*D22 -> #REF! | I22: =+ROUND(J22,2) -> 0
B23: =+EDATE(B22,1) -> #REF! | D23: =+D22 -> #REF! | E23: =+C23*D23 -> #REF! | I23: =+ROUND(J23,2) -> 0
B24: =+EDATE(B23,1) -> #REF! | D24: =+D23 -> #REF! | E24: =+C24*D24 -> #REF! | I24: =+ROUND(J24,2) -> 0
B25: =+EDATE(B24,1) -> #REF! | D25: =+D24 -> #REF! | E25: =+C25*D25 -> #REF! | I25: =+ROUND(J25,2) -> 0
B26: =+EDATE(B25,1) -> #REF! | D26: =+D25 -> #REF! | E26: =+C26*D26 -> #REF! | I26: =+ROUND(J26,2) -> 0
B27: =+EDATE(B26,1) -> #REF! | D27: =+D26 -> #REF! | E27: =+C27*D27 -> #REF! | I27: =+ROUND(J27,2) -> 0
B28: =+EDATE(B27,1) -> #REF! | D28: =+D27 -> #REF! | E28: =+C28*D28 -> #REF! | I28: =+ROUND(J28,2) -> 0
B29: =+EDATE(B28,1) -> #REF! | D29: =+D28 -> #REF! | E29: =+C29*D29 -> #REF! | I29: =+ROUND(J29,2) -> 0
B30: =+EDATE(B29,1) -> #REF! | D30: =+D29 -> #REF! | E30: =+C30*D30 -> #REF! | I30: =+ROUND(J30,2) -> 0
B31: =+EDATE(B30,1) -> #REF! | D31: =+D30 -> #REF! | E31: =+C31*D31 -> #REF! | I31: =+ROUND(J31,2) -> 0
B32: =+EDATE(B31,1) -> #REF! | D32: =+D31 -> #REF! | E32: =+C32*D32 -> #REF! | I32: =+ROUND(J32,2) -> 0
B33: =+EDATE(B32,1) -> #REF! | D33: =+D32 -> #REF! | E33: =+C33*D33 -> #REF! | H33: =+SUM(E22:E33)-'Cant. P01'!AF188 -> #REF! | I33: =+ROUND(J33,2) -> 0
B34: =+EDATE(B33,1) -> #REF! | D34: =+D33 -> #REF! | E34: =+C34*D34 -> #REF! | I34: =+ROUND(J34,2) -> 0
B35: =+EDATE(B34,1) -> #REF! | D35: =+D34 -> #REF! | E35: =+C35*D35 -> #REF! | I35: =+ROUND(J35,2) -> 0
B36: =+EDATE(B35,1) -> #REF! | D36: =+D35 -> #REF! | E36: =+C36*D36 -> #REF! | I36: =+ROUND(J36,2) -> 0
B37: =+EDATE(B36,1) -> #REF! | D37: =+D36 -> #REF! | E37: =+C37*D37 -> #REF! | I37: =+ROUND(J37,2) -> 0
B38: =+EDATE(B37,1) -> #REF! | D38: =+D37 -> #REF! | E38: =+C38*D38 -> #REF! | I38: =+ROUND(J38,2) -> 0
B39: =+EDATE(B38,1) -> #REF! | D39: =+D38 -> #REF! | E39: =+C39*D39 -> #REF! | I39: =+ROUND(J39,2) -> 0
B40: =+EDATE(B39,1) -> #REF! | D40: =+D39 -> #REF! | E40: =+C40*D40 -> #REF! | I40: =+ROUND(J40,2) -> 0
B41: =+EDATE(B40,1) -> #REF! | D41: =+D40 -> #REF! | E41: =+C41*D41 -> #REF! | I41: =+ROUND(J41,2) -> 0
B42: =+EDATE(B41,1) -> #REF! | D42: =+D41 -> #REF! | E42: =+C42*D42 -> #REF! | I42: =+ROUND(J42,2) -> 0
B43: =+EDATE(B42,1) -> #REF! | D43: =+D42 -> #REF! | E43: =+C43*D43 -> #REF! | I43: =+ROUND(J43,2) -> 0
B44: =+EDATE(B43,1) -> #REF! | D44: =+D43 -> #REF! | E44: =+C44*D44 -> #REF! | I44: =+ROUND(J44,2) -> 0
B45: =+EDATE(B44,1) -> #REF! | D45: =+D44 -> #REF! | E45: =+C45*D45 -> #REF! | H45: =+SUM(E34:E45)-'Cant. P01'!AF248 -> #REF! | I45: =+ROUND(J45,2) -> 0
B46: =+EDATE(B45,1) -> #REF! | D46: =+D45 -> #REF! | E46: =+C46*D46 -> #REF! | I46: =+ROUND(J46,2) -> 0
B47: =+EDATE(B46,1) -> #REF! | D47: =+D46 -> #REF! | E47: =+C47*D47 -> #REF! | I47: =+ROUND(J47,2) -> 0
B48: =+EDATE(B47,1) -> #REF! | D48: =+D47 -> #REF! | E48: =+C48*D48 -> #REF! | I48: =+ROUND(J48,2) -> 0
B49: =+EDATE(B48,1) -> #REF! | D49: =+D48 -> #REF! | E49: =+C49*D49 -> #REF! | I49: =+ROUND(J49,2) -> 0
B50: =+EDATE(B49,1) -> #REF! | D50: =+D49 -> #REF! | E50: =+C50*D50 -> #REF! | I50: =+ROUND(J50,2) -> 0
B51: =+EDATE(B50,1) -> #REF! | D51: =+D50 -> #REF! | E51: =+C51*D51 -> #REF! | I51: =+ROUND(J51,2) -> 0
B52: =+EDATE(B51,1) -> #REF! | D52: =+D51 -> #REF! | E52: =+C52*D52 -> #REF! | I52: =+ROUND(J52,2) -> 0
B53: =+EDATE(B52,1) -> #REF! | D53: =+D52 -> #REF! | E53: =+C53*D53 -> #REF! | I53: =+ROUND(J53,2) -> 0
B54: =+EDATE(B53,1) -> #REF! | D54: =+D53 -> #REF! | E54: =+C54*D54 -> #REF! | I54: =+ROUND(J54,2) -> 0
B55: =+EDATE(B54,1) -> #REF! | D55: =+D54 -> #REF! | E55: =+C55*D55 -> #REF! | I55: =+ROUND(J55,2) -> 0
B56: =+EDATE(B55,1) -> #REF! | D56: =+D55 -> #REF! | E56: =+C56*D56 -> #REF! | I56: =+ROUND(J56,2) -> 0
B57: =+EDATE(B56,1) -> #REF! | D57: =+D56 -> #REF! | E57: =+C57*D57 -> #REF! | H57: =+SUM(E46:E57)-'Cant. P01'!AF308 -> #REF! | I57: =+ROUND(J57,2) -> 0
B58: =+EDATE(B57,1) -> #REF! | D58: =+D57 -> #REF! | E58: =+C58*D58 -> #REF! | I58: =+ROUND(J58,2) -> 0
B59: =+EDATE(B58,1) -> #REF! | D59: =+D58 -> #REF! | E59: =+C59*D59 -> #REF! | I59: =+ROUND(J59,2) -> 0
B60: =+EDATE(B59,1) -> #REF! | D60: =+D59 -> #REF! | E60: =+C60*D60 -> #REF! | I60: =+ROUND(J60,2) -> 0
B61: =+EDATE(B60,1) -> #REF! | D61: =+D60 -> #REF! | E61: =+C61*D61 -> #REF! | I61: =+ROUND(J61,2) -> 0
B62: =+EDATE(B61,1) -> #REF! | D62: =+D61 -> #REF! | E62: =+C62*D62 -> #REF! | I62: =+ROUND(J62,2) -> 0
B63: =+EDATE(B62,1) -> #REF! | D63: =+D62 -> #REF! | E63: =+C63*D63 -> #REF! | I63: =+ROUND(J63,2) -> 0
B64: =+EDATE(B63,1) -> #REF! | D64: =+D63 -> #REF! | E64: =+C64*D64 -> #REF! | I64: =+ROUND(J64,2) -> 0
B65: =+EDATE(B64,1) -> #REF! | D65: =+D64 -> #REF! | E65: =+C65*D65 -> #REF! | I65: =+ROUND(J65,2) -> 0
B66: =+EDATE(B65,1) -> #REF! | D66: =+D65 -> #REF! | E66: =+C66*D66 -> #REF! | I66: =+ROUND(J66,2) -> 0
B67: =+EDATE(B66,1) -> #REF! | D67: =+D66 -> #REF! | E67: =+C67*D67 -> #REF! | I67: =+ROUND(J67,2) -> 0
B68: =+EDATE(B67,1) -> #REF! | D68: =+D67 -> #REF! | E68: =+C68*D68 -> #REF! | I68: =+ROUND(J68,2) -> 0
B69: =+EDATE(B68,1) -> #REF! | D69: =+D68 -> #REF! | E69: =+C69*D69 -> #REF! | H69: =+SUM(E58:E69)-'Cant. P01'!AF368 -> #REF! | I69: =+ROUND(J69,2) -> 0
B70: =+EDATE(B69,1) -> #REF! | D70: =+D69 -> #REF! | E70: =+C70*D70 -> #REF! | I70: =+ROUND(J70,2) -> 0
B71: =+EDATE(B70,1) -> #REF! | D71: =+D70 -> #REF! | E71: =+C71*D71 -> #REF! | I71: =+ROUND(J71,2) -> 0
B72: =+EDATE(B71,1) -> #REF! | D72: =+D71 -> #REF! | E72: =+C72*D72 -> #REF! | I72: =+ROUND(J72,2) -> 0
B73: =+EDATE(B72,1) -> #REF! | D73: =+D72 -> #REF! | E73: =+C73*D73 -> #REF! | I73: =+ROUND(J73,2) -> 0
B74: =+EDATE(B73,1) -> #REF! | D74: =+D73 -> #REF! | E74: =+C74*D74 -> #REF! | I74: =+ROUND(J74,2) -> 0
B75: =+EDATE(B74,1) -> #REF! | D75: =+D74 -> #REF! | E75: =+C75*D75 -> #REF! | I75: =+ROUND(J75,2) -> 0
B76: =+EDATE(B75,1) -> #REF! | D76: =+D75 -> #REF! | E76: =+C76*D76 -> #REF! | I76: =+ROUND(J76,2) -> 0
B77: =+EDATE(B76,1) -> #REF! | D77: =+D76 -> #REF! | E77: =+C77*D77 -> #REF! | I77: =+ROUND(J77,2) -> 0
B78: =+EDATE(B77,1) -> #REF! | D78: =+D77 -> #REF! | E78: =+C78*D78 -> #REF! | I78: =+ROUND(J78,2) -> 0
B79: =+EDATE(B78,1) -> #REF! | D79: =+D78 -> #REF! | E79: =+C79*D79 -> #REF! | I79: =+ROUND(J79,2) -> 0
B80: =+EDATE(B79,1) -> #REF! | D80: =+D79 -> #REF! | E80: =+C80*D80 -> #REF! | I80: =+ROUND(J80,2) -> 0
B81: =+EDATE(B80,1) -> #REF! | D81: =+D80 -> #REF! | E81: =+C81*D81 -> #REF! | H81: =+SUM(E70:E81)-'Cant. P01'!AF428 -> #REF! | I81: =+ROUND(J81,2) -> 0
B82: =+EDATE(B81,1) -> #REF! | D82: =+D81 -> #REF! | E82: =+C82*D82 -> #REF! | I82: =+ROUND(J82,2) -> 0
B83: =+EDATE(B82,1) -> #REF! | D83: =+D82 -> #REF! | E83: =+C83*D83 -> #REF! | I83: =+ROUND(J83,2) -> 0
B84: =+EDATE(B83,1) -> #REF! | D84: =+D83 -> #REF! | E84: =+C84*D84 -> #REF! | I84: =+ROUND(J84,2) -> 0
B85: =+EDATE(B84,1) -> #REF! | D85: =+D84 -> #REF! | E85: =+C85*D85 -> #REF! | I85: =+ROUND(J85,2) -> 0
B86: =+EDATE(B85,1) -> #REF! | D86: =+D85 -> #REF! | E86: =+C86*D86 -> #REF! | I86: =+ROUND(J86,2) -> 0
B87: =+EDATE(B86,1) -> #REF! | D87: =+D86 -> #REF! | E87: =+C87*D87 -> #REF! | I87: =+ROUND(J87,2) -> 0
B88: =+EDATE(B87,1) -> #REF! | D88: =+D87 -> #REF! | E88: =+C88*D88 -> #REF! | I88: =+ROUND(J88,2) -> 0
B89: =+EDATE(B88,1) -> #REF! | D89: =+D88 -> #REF! | E89: =+C89*D89 -> #REF! | I89: =+ROUND(J89,2) -> 0
B90: =+EDATE(B89,1) -> #REF! | D90: =+D89 -> #REF! | E90: =+C90*D90 -> #REF! | I90: =+ROUND(J90,2) -> 0
B91: =+EDATE(B90,1) -> #REF! | D91: =+D90 -> #REF! | E91: =+C91*D91 -> #REF! | I91: =+ROUND(J91,2) -> 0
B92: =+EDATE(B91,1) -> #REF! | D92: =+D91 -> #REF! | E92: =+C92*D92 -> #REF! | I92: =+ROUND(J92,2) -> 0
B93: =+EDATE(B92,1) -> #REF! | D93: =+D92 -> #REF! | E93: =+C93*D93 -> #REF! | H93: =+SUM(E82:E93)-'Cant. P01'!AF488 -> #REF! | I93: =+ROUND(J93,2) -> 0
B94: =+EDATE(B93,1) -> #REF! | D94: =+D93 -> #REF! | E94: =+C94*D94 -> #REF! | I94: =+ROUND(J94,2) -> 0
B95: =+EDATE(B94,1) -> #REF! | D95: =+D94 -> #REF! | E95: =+C95*D95 -> #REF! | I95: =+ROUND(J95,2) -> 0
B96: =+EDATE(B95,1) -> #REF! | D96: =+D95 -> #REF! | E96: =+C96*D96 -> #REF! | I96: =+ROUND(J96,2) -> 0
B97: =+EDATE(B96,1) -> #REF! | D97: =+D96 -> #REF! | E97: =+C97*D97 -> #REF! | I97: =+ROUND(J97,2) -> 0
B98: =+EDATE(B97,1) -> #REF! | D98: =+D97 -> #REF! | E98: =+C98*D98 -> #REF! | I98: =+ROUND(J98,2) -> 0
B99: =+EDATE(B98,1) -> #REF! | D99: =+D98 -> #REF! | E99: =+C99*D99 -> #REF! | I99: =+ROUND(J99,2) -> 0
B100: =+EDATE(B99,1) -> #REF! | D100: =+D99 -> #REF! | E100: =+C100*D100 -> #REF! | I100: =+ROUND(J100,2) -> 0
B101: =+EDATE(B100,1) -> #REF! | D101: =+D100 -> #REF! | E101: =+C101*D101 -> #REF! | I101: =+ROUND(J101,2) -> 0
B102: =+EDATE(B101,1) -> #REF! | D102: =+D101 -> #REF! | E102: =+C102*D102 -> #REF! | I102: =+ROUND(J102,2) -> 0
B103: =+EDATE(B102,1) -> #REF! | D103: =+D102 -> #REF! | E103: =+C103*D103 -> #REF! | I103: =+ROUND(J103,2) -> 0
...

Sheet Cant. P01
B2: =+"CUADRO DE CANTIDADES HORARIAS OFRECIDAS "&'Prod- 1'!D3 -> CUADRO DE CANTIDADES HORARIAS OFRECIDAS Producto 01 - Curva Horaria / Plana
B3: CANTIDADES DE ENERGIA Y PRECIO
B4: =+'Prod- 1'!D6 -> PLC - Pague Lo Contratado
B6: OFERENTE: | C6: =+'Prod- 1'!D7 -> 0
C8: Cantidad Ofrecida | D8: Tipo de día | E8: N° días mes | F8: H1 | G8: H2 | H8: H3 | I8: H4 | J8: H5 | K8: H6 | L8: H7 | M8: H8 | N8: H9 | O8: H10 | P8: H11 | Q8: H12 | R8: H13 | S8: H14 | T8: H15 | U8: H16 | V8: H17 | W8: H18 | X8: H19 | Y8: H20 | Z8: H21 | AA8: H22 | AB8: H23 | AC8: H24 | AD8: TOTAL
B9: =+'Prod- 1'!B10 -> 46388 | C9: =IFERROR(VLOOKUP(B9,'Prod- 1'!$B$10:$E$69,4,0),0) -> 5244820.6 | D9: ORD. | E9: =+Basis!D133 -> 21 | F9: =+(Basis!E133/(EOMONTH($B9,0)-$B9+1)*$C9) -> 4967.5653 | G9: =+(Basis!F133/(EOMONTH($B9,0)-$B9+1)*$C9) -> 4685.2676 | H9: =+(Basis!G133/(EOMONTH($B9,0)-$B9+1)*$C9) -> 4531.7215 | I9: =+(Basis!H133/(EOMONTH($B9,0)-$B9+1)*$C9) -> 4532.0307 | J9: =+(Basis!I133/(EOMONTH($B9,0)-$B9+1)*$C9) -> 4929.4165 | K9: =+(Basis!J133/(EOMONTH($B9,0)-$B9+1)*$C9) -> 5843.8203 | L9: =+(Basis!K133/(EOMONTH($B9,0)-$B9+1)*$C9) -> 6562.63 | M9: =+(Basis!L133/(EOMONTH($B9,0)-$B9+1)*$C9) -> 6696.2246 | ... AC9: =+(Basis!AB133/(EOMONTH($B9,0)-$B9+1)*$C9) -> 5658.1568 | AD9: =+SUM(F9:AC9)*E9 -> 3552943
B10: =+B9 -> 46388 | C10: =IFERROR(VLOOKUP(B10,'Prod- 1'!$B$10:$E$69,4,0),0) -> 5244820.6 | D10: SAB. | E10: =+Basis!D134 -> 4 | F10: =+(Basis!E134/(EOMONTH($B10,0)-$B10+1)*$C10) -> 5187.2076 | G10: =+(Basis!F134/(EOMONTH($B10,0)-$B10+1)*$C10) -> 4838.7701 | H10: =+(Basis!G134/(EOMONTH($B10,0)-$B10+1)*$C10) -> 4683.77 | I10: =+(Basis!H134/(EOMONTH($B10,0)-$B10+1)*$C10) -> 4659.0591 | J10: =+(Basis!I134/(EOMONTH($B10,0)-$B10+1)*$C10) -> 4869.6534 | K10: =+(Basis!J134/(EOMONTH($B10,0)-$B10+1)*$C10) -> 5454.8816 | L10: =+(Basis!K134/(EOMONTH($B10,0)-$B10+1)*$C10) -> 6167.4233 | M10: =+(Basis!L134/(EOMONTH($B10,0)-$B10+1)*$C10) -> 6600.461 | ... AC10: =+(Basis!AB134/(EOMONTH($B10,0)-$B10+1)*$C10) -> 5982.1146 | AD10: =+SUM(F10:AC10)*E10 -> 676751.04
B11: =+B10 -> 46388 | C11: =IFERROR(VLOOKUP(B11,'Prod- 1'!$B$10:$E$69,4,0),0) -> 5244820.6 | D11: DOM. | E11: =+Basis!D135 -> 4 | F11: =+(Basis!E135/(EOMONTH($B11,0)-$B11+1)*$C11) -> 5630.8249 | G11: =+(Basis!F135/(EOMONTH($B11,0)-$B11+1)*$C11) -> 5268.5143 | H11: =+(Basis!G135/(EOMONTH($B11,0)-$B11+1)*$C11) -> 5049.1297 | I11: =+(Basis!H135/(EOMONTH($B11,0)-$B11+1)*$C11) -> 4954.9897 | J11: =+(Basis!I135/(EOMONTH($B11,0)-$B11+1)*$C11) -> 4929.7979 | K11: =+(Basis!J135/(EOMONTH($B11,0)-$B11+1)*$C11) -> 5235.1572 | L11: =+(Basis!K135/(EOMONTH($B11,0)-$B11+1)*$C11) -> 5825.555 | M11: =+(Basis!L135/(EOMONTH($B11,0)-$B11+1)*$C11) -> 6480.7887 | ... AC11: =+(Basis!AB135/(EOMONTH($B11,0)-$B11+1)*$C11) -> 5933.981 | AD11: =+SUM(F11:AC11)*E11 -> 676751.04
B12: =+B11 -> 46388 | C12: =IFERROR(VLOOKUP(B12,'Prod- 1'!$B$10:$E$69,4,0),0) -> 5244820.6 | D12: FES. | E12: =+Basis!D136 -> 2 | F12: =+(Basis!E136/(EOMONTH($B12,0)-$B12+1)*$C12) -> 5697.4035 | G12: =+(Basis!F136/(EOMONTH($B12,0)-$B12+1)*$C12) -> 5286.3887 | H12: =+(Basis!G136/(EOMONTH($B12,0)-$B12+1)*$C12) -> 5052.2419 | I12: =+(Basis!H136/(EOMONTH($B12,0)-$B12+1)*$C12) -> 4946.2074 | J12: =+(Basis!I136/(EOMONTH($B12,0)-$B12+1)*$C12) -> 5107.1659 | K12: =+(Basis!J136/(EOMONTH($B12,0)-$B12+1)*$C12) -> 5604.1217 | L12: =+(Basis!K136/(EOMONTH($B12,0)-$B12+1)*$C12) -> 6016.931 | M12: =+(Basis!L136/(EOMONTH($B12,0)-$B12+1)*$C12) -> 6323.4665 | ... AC12: =+(Basis!AB136/(EOMONTH($B12,0)-$B12+1)*$C12) -> 5938.8804 | AD12: =+SUM(F12:AC12)*E12 -> 338375.52
D13: TOTAL | E13: =+SUM(E9:E12) -> 31 | F13: =+SUMPRODUCT(F9:F12,$E9:$E12) -> 158985.81 | G13: =+SUMPRODUCT(G9:G12,$E9:$E12) -> 149392.54 | H13: =+SUMPRODUCT(H9:H12,$E9:$E12) -> 144202.23 | I13: =+SUMPRODUCT(I9:I12,$E9:$E12) -> 143521.26 | J13: =+SUMPRODUCT(J9:J12,$E9:$E12) -> 152929.88 | K13: =+SUMPRODUCT(K9:K12,$E9:$E12) -> 176688.63 | L13: =+SUMPRODUCT(L9:L12,$E9:$E12) -> 197821 | M13: =+SUMPRODUCT(M9:M12,$E9:$E12) -> 205592.65 | ... AC13: =+SUMPRODUCT(AC9:AC12,$E9:$E12) -> 178363.44 | AD13: =+SUM(AD9:AD12) -> 5244820.6 | AE13: =+AD13-C9 -> 0
B14: =+EDATE(B9,1) -> 46419 | C14: =IFERROR(VLOOKUP(B14,'Prod- 1'!$B$10:$E$69,4,0),0) -> 6143027.5 | D14: ORD. | E14: =+Basis!D138 -> 20 | F14: =+(Basis!E138/(EOMONTH($B14,0)-$B14+1)*$C14) -> 6441.6789 | G14: =+(Basis!F138/(EOMONTH($B14,0)-$B14+1)*$C14) -> 6075.6101 | H14: =+(Basis!G138/(EOMONTH($B14,0)-$B14+1)*$C14) -> 5876.4994 | I14: =+(Basis!H138/(EOMONTH($B14,0)-$B14+1)*$C14) -> 5876.9005 | J14: =+(Basis!I138/(EOMONTH($B14,0)-$B14+1)*$C14) -> 6392.2096 | K14: =+(Basis!J138/(EOMONTH($B14,0)-$B14+1)*$C14) -> 7577.9606 | L14: =+(Basis!K138/(EOMONTH($B14,0)-$B14+1)*$C14) -> 8510.0754 | M14: =+(Basis!L138/(EOMONTH($B14,0)-$B14+1)*$C14) -> 8683.3138 | ... AC14: =+(Basis!AB138/(EOMONTH($B14,0)-$B14+1)*$C14) -> 7337.2019 | AD14: =+SUM(F14:AC14)*E14 -> 4387876.8
B15: =+B14 -> 46419 | C15: =IFERROR(VLOOKUP(B15,'Prod- 1'!$B$10:$E$69,4,0),0) -> 6143027.5 | D15: SAB. | E15: =+Basis!D139 -> 4 | F15: =+(Basis!E139/(EOMONTH($B15,0)-$B15+1)*$C15) -> 6726.4996 | G15: =+(Basis!F139/(EOMONTH($B15,0)-$B15+1)*$C15) -> 6274.6641 | H15: =+(Basis!G139/(EOMONTH($B15,0)-$B15+1)*$C15) -> 6073.668 | I15: =+(Basis!H139/(EOMONTH($B15,0)-$B15+1)*$C15) -> 6041.6242 | J15: =+(Basis!I139/(EOMONTH($B15,0)-$B15+1)*$C15) -> 6314.7119 | K15: =+(Basis!J139/(EOMONTH($B15,0)-$B15+1)*$C15) -> 7073.6053 | L15: =+(Basis!K139/(EOMONTH($B15,0)-$B15+1)*$C15) -> 7997.592 | M15: =+(Basis!L139/(EOMONTH($B15,0)-$B15+1)*$C15) -> 8559.1327 | ... AC15: =+(Basis!AB139/(EOMONTH($B15,0)-$B15+1)*$C15) -> 7757.2933 | AD15: =+SUM(F15:AC15)*E15 -> 877575.36
B16: =+B15 -> 46419 | C16: =IFERROR(VLOOKUP(B16,'Prod- 1'!$B$10:$E$69,4,0),0) -> 6143027.5 | D16: DOM. | E16: =+Basis!D140 -> 4 | F16: =+(Basis!E140/(EOMONTH($B16,0)-$B16+1)*$C16) -> 7301.7593 | G16: =+(Basis!F140/(EOMONTH($B16,0)-$B16+1)*$C16) -> 6831.9338 | H16: =+(Basis!G140/(EOMONTH($B16,0)-$B16+1)*$C16) -> 6547.4474 | I16: =+(Basis!H140/(EOMONTH($B16,0)-$B16+1)*$C16) -> 6425.3716 | J16: =+(Basis!I140/(EOMONTH($B16,0)-$B16+1)*$C16) -> 6392.7041 | K16: =+(Basis!J140/(EOMONTH($B16,0)-$B16+1)*$C16) -> 6788.678 | L16: =+(Basis!K140/(EOMONTH($B16,0)-$B16+1)*$C16) -> 7554.2751 | M16: =+(Basis!L140/(EOMONTH($B16,0)-$B16+1)*$C16) -> 8403.9478 | ... AC16: =+(Basis!AB140/(EOMONTH($B16,0)-$B16+1)*$C16) -> 7694.8762 | AD16: =+SUM(F16:AC16)*E16 -> 877575.36
B17: =+B16 -> 46419 | C17: =IFERROR(VLOOKUP(B17,'Prod- 1'!$B$10:$E$69,4,0),0) -> 6143027.5 | D17: FES. | E17: =+Basis!D141 -> 0 | F17: =+(Basis!E141/(EOMONTH($B17,0)-$B17+1)*$C17) -> 7388.0949 | G17: =+(Basis!F141/(EOMONTH($B17,0)-$B17+1)*$C17) -> 6855.1125 | H17: =+(Basis!G141/(EOMONTH($B17,0)-$B17+1)*$C17) -> 6551.4832 | I17: =+(Basis!H141/(EOMONTH($B17,0)-$B17+1)*$C17) -> 6413.9832 | J17: =+(Basis!I141/(EOMONTH($B17,0)-$B17+1)*$C17) -> 6622.7056 | K17: =+(Basis!J141/(EOMONTH($B17,0)-$B17+1)*$C17) -> 7267.1319 | L17: =+(Basis!K141/(EOMONTH($B17,0)-$B17+1)*$C17) -> 7802.4415 | M17: =+(Basis!L141/(EOMONTH($B17,0)-$B17+1)*$C17) -> 8199.9407 | ... AC17: =+(Basis!AB141/(EOMONTH($B17,0)-$B17+1)*$C17) -> 7701.2296 | AD17: =+SUM(F17:AC17)*E17 -> 0
D18: TOTAL | E18: =+SUM(E14:E17) -> 28 | F18: =+SUMPRODUCT(F14:F17,$E14:$E17) -> 184946.61 | G18: =+SUMPRODUCT(G14:G17,$E14:$E17) -> 173938.59 | H18: =+SUMPRODUCT(H14:H17,$E14:$E17) -> 168014.45 | I18: =+SUMPRODUCT(I14:I17,$E14:$E17) -> 167405.99 | J18: =+SUMPRODUCT(J14:J17,$E14:$E17) -> 178673.86 | K18: =+SUMPRODUCT(K14:K17,$E14:$E17) -> 207008.35 | L18: =+SUMPRODUCT(L14:L17,$E14:$E17) -> 232408.98 | M18: =+SUMPRODUCT(M14:M17,$E14:$E17) -> 241518.6 | ... AC18: =+SUMPRODUCT(AC14:AC17,$E14:$E17) -> 208552.72 | AD18: =+SUM(AD14:AD17) -> 6143027.5 | AE18: =+AD18-C14 -> 0
B19: =+EDATE(B14,1) -> 46447 | C19: =IFERROR(VLOOKUP(B19,'Prod- 1'!$B$10:$E$69,4,0),0) -> 5760479.5 | D19: ORD. | E19: =+Basis!D143 -> 20 | F19: =+(Basis!E143/(EOMONTH($B19,0)-$B19+1)*$C19) -> 5455.9652 | G19: =+(Basis!F143/(EOMONTH($B19,0)-$B19+1)*$C19) -> 5145.9126 | H19: =+(Basis!G143/(EOMONTH($B19,0)-$B19+1)*$C19) -> 4977.2701 | I19: =+(Basis!H143/(EOMONTH($B19,0)-$B19+1)*$C19) -> 4977.6098 | J19: =+(Basis!I143/(EOMONTH($B19,0)-$B19+1)*$C19) -> 5414.0657 | K19: =+(Basis!J143/(EOMONTH($B19,0)-$B19+1)*$C19) -> 6418.3716 | L19: =+(Basis!K143/(EOMONTH($B19,0)-$B19+1)*$C19) -> 7207.853 | M19: =+(Basis!L143/(EOMONTH($B19,0)-$B19+1)*$C19) -> 7354.5823 | ... AC19: =+(Basis!AB143/(EOMONTH($B19,0)-$B19+1)*$C19) -> 6214.4541 | AD19: =+SUM(F19:AC19)*E19 -> 3716438.4
B20: =+B19 -> 46447 | C20: =IFERROR(VLOOKUP(B20,'Prod- 1'!$B$10:$E$69,4,0),0) -> 5760479.5 | D20: SAB. | E20: =+Basis!D144 -> 5 | F20: =+(Basis!E144/(EOMONTH($B20,0)-$B20+1)*$C20) -> 5697.2022 | G20: =+(Basis!F144/(EOMONTH($B20,0)-$B20+1)*$C20) -> 5314.5071 | H20: =+(Basis!G144/(EOMONTH($B20,0)-$B20+1)*$C20) -> 5144.2678 | I20: =+(Basis!H144/(EOMONTH($B20,0)-$B20+1)*$C20) -> 5117.1273 | J20: =+(Basis!I144/(EOMONTH($B20,0)-$B20+1)*$C20) -> 5348.4268 | K20: =+(Basis!J144/(EOMONTH($B20,0)-$B20+1)*$C20) -> 5991.1933 | L20: =+(Basis!K144/(EOMONTH($B20,0)-$B20+1)*$C20) -> 6773.7905 | M20: =+(Basis!L144/(EOMONTH($B20,0)-$B20+1)*$C20) -> 7249.4035 | ... AC20: =+(Basis!AB144/(EOMONTH($B20,0)-$B20+1)*$C20) -> 6570.2626 | AD20: =+SUM(F20:AC20)*E20 -> 929109.6
B21: =+B20 -> 46447 | C21: =IFERROR(VLOOKUP(B21,'Prod- 1'!$B$10:$E$69,4,0),0) -> 5760479.5 | D21: DOM. | E21: =+Basis!D145 -> 5 | F21: =+(Basis!E145/(EOMONTH($B21,0)-$B21+1)*$C21) -> 6184.4349 | G21: =+(Basis!F145/(EOMONTH($B21,0)-$B21+1)*$C21) -> 5786.5027 | H21: =+(Basis!G145/(EOMONTH($B21,0)-$B21+1)*$C21) -> 5545.5488 | I21: =+(Basis!H145/(EOMONTH($B21,0)-$B21+1)*$C21) -> 5442.1532 | J21: =+(Basis!I145/(EOMONTH($B21,0)-$B21+1)*$C21) -> 5414.4845 | K21: =+(Basis!J145/(EOMONTH($B21,0)-$B21+1)*$C21) -> 5749.866 | L21: =+(Basis!K145/(EOMONTH($B21,0)-$B21+1)*$C21) -> 6398.3104 | M21: =+(Basis!L145/(EOMONTH($B21,0)-$B21+1)*$C21) -> 7117.9652 | ... AC21: =+(Basis!AB145/(EOMONTH($B21,0)-$B21+1)*$C21) -> 6517.3966 | AD21: =+SUM(F21:AC21)*E21 -> 929109.6
B22: =+B21 -> 46447 | C22: =IFERROR(VLOOKUP(B22,'Prod- 1'!$B$10:$E$69,4,0),0) -> 5760479.5 | D22: FES. | E22: =+Basis!D146 -> 1 | F22: =+(Basis!E146/(EOMONTH($B22,0)-$B22+1)*$C22) -> 6257.5594 | G22: =+(Basis!F146/(EOMONTH($B22,0)-$B22+1)*$C22) -> 5806.1346 | H22: =+(Basis!G146/(EOMONTH($B22,0)-$B22+1)*$C22) -> 5548.967 | I22: =+(Basis!H146/(EOMONTH($B22,0)-$B22+1)*$C22) -> 5432.5074 | J22: =+(Basis!I146/(EOMONTH($B22,0)-$B22+1)*$C22) -> 5609.2909 | K22: =+(Basis!J146/(EOMONTH($B22,0)-$B22+1)*$C22) -> 6155.1063 | L22: =+(Basis!K146/(EOMONTH($B22,0)-$B22+1)*$C22) -> 6608.5022 | M22: =+(Basis!L146/(EOMONTH($B22,0)-$B22+1)*$C22) -> 6945.1755 | ... AC22: =+(Basis!AB146/(EOMONTH($B22,0)-$B22+1)*$C22) -> 6522.7778 | AD22: =+SUM(F22:AC22)*E22 -> 185821.92
D23: TOTAL | E23: =+SUM(E19:E22) -> 31 | F23: =+SUMPRODUCT(F19:F22,$E19:$E22) -> 174785.05 | G23: =+SUMPRODUCT(G19:G22,$E19:$E22) -> 164229.44 | H23: =+SUMPRODUCT(H19:H22,$E19:$E22) -> 158543.45 | I23: =+SUMPRODUCT(I19:I22,$E19:$E22) -> 157781.11 | J23: =+SUMPRODUCT(J19:J22,$E19:$E22) -> 167705.16 | K23: =+SUMPRODUCT(K19:K22,$E19:$E22) -> 193227.84 | L23: =+SUMPRODUCT(L19:L22,$E19:$E22) -> 216626.07 | M23: =+SUMPRODUCT(M19:M22,$E19:$E22) -> 225873.66 | ... AC23: =+SUMPRODUCT(AC19:AC22,$E19:$E22) -> 196250.16 | AD23: =+SUM(AD19:AD22) -> 5760479.5 | AE23: =+AD23-C19 -> 0
B24: =+EDATE(B19,1) -> 46478 | C24: =IFERROR(VLOOKUP(B24,'Prod- 1'!$B$10:$E$69,4,0),0) -> 3057415.2 | D24: ORD. | E24: =+Basis!D148 -> 20 | F24: =+(Basis!E148/(EOMONTH($B24,0)-$B24+1)*$C24) -> 2992.3185 | G24: =+(Basis!F148/(EOMONTH($B24,0)-$B24+1)*$C24) -> 2822.2704 | H24: =+(Basis!G148/(EOMONTH($B24,0)-$B24+1)*$C24) -> 2729.7787 | I24: =+(Basis!H148/(EOMONTH($B24,0)-$B24+1)*$C24) -> 2729.9649 | J24: =+(Basis!I148/(EOMONTH($B24,0)-$B24+1)*$C24) -> 2969.3387 | K24: =+(Basis!J148/(EOMONTH($B24,0)-$B24+1)*$C24) -> 3520.1493 | L24: =+(Basis!K148/(EOMONTH($B24,0)-$B24+1)*$C24) -> 3953.1395 | M24: =+(Basis!L148/(EOMONTH($B24,0)-$B24+1)*$C24) -> 4033.6131 | ... AC24: =+(Basis!AB148/(EOMONTH($B24,0)-$B24+1)*$C24) -> 3408.3109 | AD24: =+SUM(F24:AC24)*E24 -> 2038276.8
B25: =+B24 -> 46478 | C25: =IFERROR(VLOOKUP(B25,'Prod- 1'!$B$10:$E$69,4,0),0) -> 3057415.2 | D25: SAB. | E25: =+Basis!D149 -> 4 | F25: =+(Basis!E149/(EOMONTH($B25,0)-$B25+1)*$C25) -> 3124.6246 | G25: =+(Basis!F149/(EOMONTH($B25,0)-$B25+1)*$C25) -> 2914.7359 | H25: =+(Basis!G149/(EOMONTH($B25,0)-$B25+1)*$C25) -> 2821.3683 | I25: =+(Basis!H149/(EOMONTH($B25,0)-$B25+1)*$C25) -> 2806.4832 | J25: =+(Basis!I149/(EOMONTH($B25,0)-$B25+1)*$C25) -> 2933.3392 | K25: =+(Basis!J149/(EOMONTH($B25,0)-$B25+1)*$C25) -> 3285.8638 | L25: =+(Basis!K149/(EOMONTH($B25,0)-$B25+1)*$C25) -> 3715.0784 | M25: =+(Basis!L149/(EOMONTH($B25,0)-$B25+1)*$C25) -> 3975.9279 | ... AC25: =+(Basis!AB149/(EOMONTH($B25,0)-$B25+1)*$C25) -> 3603.4537 | AD25: =+SUM(F25:AC25)*E25 -> 407655.36
B26: =+B25 -> 46478 | C26: =IFERROR(VLOOKUP(B26,'Prod- 1'!$B$10:$E$69,4,0),0) -> 3057415.2 | D26: DOM. | E26: =+Basis!D150 -> 4 | F26: =+(Basis!E150/(EOMONTH($B26,0)-$B26+1)*$C26) -> 3391.847 | G26: =+(Basis!F150/(EOMONTH($B26,0)-$B26+1)*$C26) -> 3173.6014 | H26: =+(Basis!G150/(EOMONTH($B26,0)-$B26+1)*$C26) -> 3041.4505 | I26: =+(Basis!H150/(EOMONTH($B26,0)-$B26+1)*$C26) -> 2984.7433 | J26: =+(Basis!I150/(EOMONTH($B26,0)-$B26+1)*$C26) -> 2969.5684 | K26: =+(Basis!J150/(EOMONTH($B26,0)-$B26+1)*$C26) -> 3153.5081 | L26: =+(Basis!K150/(EOMONTH($B26,0)-$B26+1)*$C26) -> 3509.1468 | M26: =+(Basis!L150/(EOMONTH($B26,0)-$B26+1)*$C26) -> 3903.8407 | ... AC26: =+(Basis!AB150/(EOMONTH($B26,0)-$B26+1)*$C26) -> 3574.4594 | AD26: =+SUM(F26:AC26)*E26 -> 407655.36
B27: =+B26 -> 46478 | C27: =IFERROR(VLOOKUP(B27,'Prod- 1'!$B$10:$E$69,4,0),0) -> 3057415.2 | D27: FES. | E27: =+Basis!D151 -> 2 | F27: =+(Basis!E151/(EOMONTH($B27,0)-$B27+1)*$C27) -> 3431.952 | G27: =+(Basis!F151/(EOMONTH($B27,0)-$B27+1)*$C27) -> 3184.3685 | H27: =+(Basis!G151/(EOMONTH($B27,0)-$B27+1)*$C27) -> 3043.3252 | I27: =+(Basis!H151/(EOMONTH($B27,0)-$B27+1)*$C27) -> 2979.4531 | J27: =+(Basis!I151/(EOMONTH($B27,0)-$B27+1)*$C27) -> 3076.4098 | K27: =+(Basis!J151/(EOMONTH($B27,0)-$B27+1)*$C27) -> 3375.7617 | L27: =+(Basis!K151/(EOMONTH($B27,0)-$B27+1)*$C27) -> 3624.4262 | M27: =+(Basis!L151/(EOMONTH($B27,0)-$B27+1)*$C27) -> 3809.0743 | ... AC27: =+(Basis!AB151/(EOMONTH($B27,0)-$B27+1)*$C27) -> 3577.4107 | AD27: =+SUM(F27:AC27)*E27 -> 203827.68
D28: TOTAL | E28: =+SUM(E24:E27) -> 30 | F28: =+SUMPRODUCT(F24:F27,$E24:$E27) -> 92776.16 | G28: =+SUMPRODUCT(G24:G27,$E24:$E27) -> 87167.496 | H28: =+SUMPRODUCT(H24:H27,$E24:$E27) -> 84133.499 | I28: =+SUMPRODUCT(I24:I27,$E24:$E27) -> 83723.111 | J28: =+SUMPRODUCT(J24:J27,$E24:$E27) -> 89151.225 | K28: =+SUMPRODUCT(K24:K27,$E24:$E27) -> 102912 | L28: =+SUMPRODUCT(L24:L27,$E24:$E27) -> 115208.54 | M28: =+SUMPRODUCT(M24:M27,$E24:$E27) -> 119809.48 | ... AC28: =+SUMPRODUCT(AC24:AC27,$E24:$E27) -> 104032.69 | AD28: =+SUM(AD24:AD27) -> 3057415.2 | AE28: =+AD28-C24 -> 0
B29: =+EDATE(B24,1) -> 46508 | C29: =IFERROR(VLOOKUP(B29,'Prod- 1'!$B$10:$E$69,4,0),0) -> 3048897.1 | D29: ORD. | E29: =+Basis!D153 -> 21 | F29: =+(Basis!E153/(EOMONTH($B29,0)-$B29+1)*$C29) -> 2887.7243 | G29: =+(Basis!F153/(EOMONTH($B29,0)-$B29+1)*$C29) -> 2723.6202 | H29: =+(Basis!G153/(EOMONTH($B29,0)-$B29+1)*$C29) -> 2634.3613 | I29: =+(Basis!H153/(EOMONTH($B29,0)-$B29+1)*$C29) -> 2634.5411 | J29: =+(Basis!I153/(EOMONTH($B29,0)-$B29+1)*$C29) -> 2865.5478 | K29: =+(Basis!J153/(EOMONTH($B29,0)-$B29+1)*$C29) -> 3397.1052 | L29: =+(Basis!K153/(EOMONTH($B29,0)-$B29+1)*$C29) -> 3814.9606 | M29: =+(Basis!L153/(EOMONTH($B29,0)-$B29+1)*$C29) -> 3892.6212 | ... AC29: =+(Basis!AB153/(EOMONTH($B29,0)-$B29+1)*$C29) -> 3289.176 | AD29: =+SUM(F29:AC29)*E29 -> 2065381.9
B30: =+B29 -> 46508 | C30: =IFERROR(VLOOKUP(B30,'Prod- 1'!$B$10:$E$69,4,0),0) -> 3048897.1 | D30: SAB. | E30: =+Basis!D154 -> 5 | F30: =+(Basis!E154/(EOMONTH($B30,0)-$B30+1)*$C30) -> 3015.4058 | G30: =+(Basis!F154/(EOMONTH($B30,0)-$B30+1)*$C30) -> 2812.8536 | H30: =+(Basis!G154/(EOMONTH($B30,0)-$B30+1)*$C30) -> 2722.7496 | I30: =+(Basis!H154/(EOMONTH($B30,0)-$B30+1)*$C30) -> 2708.3847 | J30: =+(Basis!I154/(EOMONTH($B30,0)-$B30+1)*$C30) -> 2830.8065 | K30: =+(Basis!J154/(EOMONTH($B30,0)-$B30+1)*$C30) -> 3171.0089 | L30: =+(Basis!K154/(EOMONTH($B30,0)-$B30+1)*$C30) -> 3585.2207 | M30: =+(Basis!L154/(EOMONTH($B30,0)-$B30+1)*$C30) -> 3836.9524 | ... AC30: =+(Basis!AB154/(EOMONTH($B30,0)-$B30+1)*$C30) -> 3477.4978 | AD30: =+SUM(F30:AC30)*E30 -> 491757.6
B31: =+B30 -> 46508 | C31: =IFERROR(VLOOKUP(B31,'Prod- 1'!$B$10:$E$69,4,0),0) -> 3048897.1 | D31: DOM. | E31: =+Basis!D155 -> 4 | F31: =+(Basis!E155/(EOMONTH($B31,0)-$B31+1)*$C31) -> 3273.2875 | G31: =+(Basis!F155/(EOMONTH($B31,0)-$B31+1)*$C31) -> 3062.6706 | H31: =+(Basis!G155/(EOMONTH($B31,0)-$B31+1)*$C31) -> 2935.1389 | I31: =+(Basis!H155/(EOMONTH($B31,0)-$B31+1)*$C31) -> 2880.4139 | J31: =+(Basis!I155/(EOMONTH($B31,0)-$B31+1)*$C31) -> 2865.7694 | K31: =+(Basis!J155/(EOMONTH($B31,0)-$B31+1)*$C31) -> 3043.2796 | L31: =+(Basis!K155/(EOMONTH($B31,0)-$B31+1)*$C31) -> 3386.4872 | M31: =+(Basis!L155/(EOMONTH($B31,0)-$B31+1)*$C31) -> 3767.3849 | ... AC31: =+(Basis!AB155/(EOMONTH($B31,0)-$B31+1)*$C31) -> 3449.517 | AD31: =+SUM(F31:AC31)*E31 -> 393406.08
B32: =+B31 -> 46508 | C32: =IFERROR(VLOOKUP(B32,'Prod- 1'!$B$10:$E$69,4,0),0) -> 3048897.1 | D32: FES. | E32: =+Basis!D156 -> 1 | F32: =+(Basis!E156/(EOMONTH($B32,0)-$B32+1)*$C32) -> 3311.9907 | G32: =+(Basis!F156/(EOMONTH($B32,0)-$B32+1)*$C32) -> 3073.0614 | H32: =+(Basis!G156/(EOMONTH($B32,0)-$B32+1)*$C32) -> 2936.9481 | I32: =+(Basis!H156/(EOMONTH($B32,0)-$B32+1)*$C32) -> 2875.3086 | J32: =+(Basis!I156/(EOMONTH($B32,0)-$B32+1)*$C32) -> 2968.8763 | K32: =+(Basis!J156/(EOMONTH($B32,0)-$B32+1)*$C32) -> 3257.7645 | L32: =+(Basis!K156/(EOMONTH($B32,0)-$B32+1)*$C32) -> 3497.7371 | M32: =+(Basis!L156/(EOMONTH($B32,0)-$B32+1)*$C32) -> 3675.931 | ... AC32: =+(Basis!AB156/(EOMONTH($B32,0)-$B32+1)*$C32) -> 3452.3651 | AD32: =+SUM(F32:AC32)*E32 -> 98351.52
D33: TOTAL | E33: =+SUM(E29:E32) -> 31 | F33: =+SUMPRODUCT(F29:F32,$E29:$E32) -> 92124.379 | G33: =+SUMPRODUCT(G29:G32,$E29:$E32) -> 86584.035 | H33: =+SUMPRODUCT(H29:H32,$E29:$E32) -> 83612.84 | I33: =+SUMPRODUCT(I29:I32,$E29:$E32) -> 83264.251 | J33: =+SUMPRODUCT(J29:J32,$E29:$E32) -> 88762.49 | K33: =+SUMPRODUCT(K29:K32,$E29:$E32) -> 102625.14 | L33: =+SUMPRODUCT(L29:L32,$E29:$E32) -> 115083.96 | M33: =+SUMPRODUCT(M29:M32,$E29:$E32) -> 119675.28 | ... AC33: =+SUMPRODUCT(AC29:AC32,$E29:$E32) -> 103710.62 | AD33: =+SUM(AD29:AD32) -> 3048897.1 | AE33: =+AD33-C29 -> 0
B34: =+EDATE(B29,1) -> 46539 | C34: =IFERROR(VLOOKUP(B34,'Prod- 1'!$B$10:$E$69,4,0),0) -> 3055708.8 | D34: ORD. | E34: =+Basis!D158 -> 18 | F34: =+(Basis!E158/(EOMONTH($B34,0)-$B34+1)*$C34) -> 2990.6484 | G34: =+(Basis!F158/(EOMONTH($B34,0)-$B34+1)*$C34) -> 2820.6953 | H34: =+(Basis!G158/(EOMONTH($B34,0)-$B34+1)*$C34) -> 2728.2551 | I34: =+(Basis!H158/(EOMONTH($B34,0)-$B34+1)*$C34) -> 2728.4413 | J34: =+(Basis!I158/(EOMONTH($B34,0)-$B34+1)*$C34) -> 2967.6815 | K34: =+(Basis!J158/(EOMONTH($B34,0)-$B34+1)*$C34) -> 3518.1846 | L34: =+(Basis!K158/(EOMONTH($B34,0)-$B34+1)*$C34) -> 3950.9332 | M34: =+(Basis!L158/(EOMONTH($B34,0)-$B34+1)*$C34) -> 4031.3618 | ... AC34: =+(Basis!AB158/(EOMONTH($B34,0)-$B34+1)*$C34) -> 3406.4087 | AD34: =+SUM(F34:AC34)*E34 -> 1833425.3
B35: =+B34 -> 46539 | C35: =IFERROR(VLOOKUP(B35,'Prod- 1'!$B$10:$E$69,4,0),0) -> 3055708.8 | D35: SAB. | E35: =+Basis!D159 -> 4 | F35: =+(Basis!E159/(EOMONTH($B35,0)-$B35+1)*$C35) -> 3122.8807 | G35: =+(Basis!F159/(EOMONTH($B35,0)-$B35+1)*$C35) -> 2913.1092 | H35: =+(Basis!G159/(EOMONTH($B35,0)-$B35+1)*$C35) -> 2819.7937 | I35: =+(Basis!H159/(EOMONTH($B35,0)-$B35+1)*$C35) -> 2804.9168 | J35: =+(Basis!I159/(EOMONTH($B35,0)-$B35+1)*$C35) -> 2931.702 | K35: =+(Basis!J159/(EOMONTH($B35,0)-$B35+1)*$C35) -> 3284.0299 | L35: =+(Basis!K159/(EOMONTH($B35,0)-$B35+1)*$C35) -> 3713.0049 | M35: =+(Basis!L159/(EOMONTH($B35,0)-$B35+1)*$C35) -> 3973.7088 | ... AC35: =+(Basis!AB159/(EOMONTH($B35,0)-$B35+1)*$C35) -> 3601.4426 | AD35: =+SUM(F35:AC35)*E35 -> 407427.84
B36: =+B35 -> 46539 | C36: =IFERROR(VLOOKUP(B36,'Prod- 1'!$B$10:$E$69,4,0),0) -> 3055708.8 | D36: DOM. | E36: =+Basis!D160 -> 5 | F36: =+(Basis!E160/(EOMONTH($B36,0)-$B36+1)*$C36) -> 3389.9539 | G36: =+(Basis!F160/(EOMONTH($B36,0)-$B36+1)*$C36) -> 3171.8302 | H36: =+(Basis!G160/(EOMONTH($B36,0)-$B36+1)*$C36) -> 3039.753 | I36: =+(Basis!H160/(EOMONTH($B36,0)-$B36+1)*$C36) -> 2983.0775 | J36: =+(Basis!I160/(EOMONTH($B36,0)-$B36+1)*$C36) -> 2967.9111 | K36: =+(Basis!J160/(EOMONTH($B36,0)-$B36+1)*$C36) -> 3151.7481 | L36: =+(Basis!K160/(EOMONTH($B36,0)-$B36+1)*$C36) -> 3507.1882 | M36: =+(Basis!L160/(EOMONTH($B36,0)-$B36+1)*$C36) -> 3901.6619 | ... AC36: =+(Basis!AB160/(EOMONTH($B36,0)-$B36+1)*$C36) -> 3572.4645 | AD36: =+SUM(F36:AC36)*E36 -> 509284.8
B37: =+B36 -> 46539 | C37: =IFERROR(VLOOKUP(B37,'Prod- 1'!$B$10:$E$69,4,0),0) -> 3055708.8 | D37: FES. | E37: =+Basis!D161 -> 3 | F37: =+(Basis!E161/(EOMONTH($B37,0)-$B37+1)*$C37) -> 3430.0366 | G37: =+(Basis!F161/(EOMONTH($B37,0)-$B37+1)*$C37) -> 3182.5913 | H37: =+(Basis!G161/(EOMONTH($B37,0)-$B37+1)*$C37) -> 3041.6267 | I37: =+(Basis!H161/(EOMONTH($B37,0)-$B37+1)*$C37) -> 2977.7902 | J37: =+(Basis!I161/(EOMONTH($B37,0)-$B37+1)*$C37) -> 3074.6928 | K37: =+(Basis!J161/(EOMONTH($B37,0)-$B37+1)*$C37) -> 3373.8776 | L37: =+(Basis!K161/(EOMONTH($B37,0)-$B37+1)*$C37) -> 3622.4033 | M37: =+(Basis!L161/(EOMONTH($B37,0)-$B37+1)*$C37) -> 3806.9484 | ... AC37: =+(Basis!AB161/(EOMONTH($B37,0)-$B37+1)*$C37) -> 3575.4141 | AD37: =+SUM(F37:AC37)*E37 -> 305570.88
D38: TOTAL | E38: =+SUM(E34:E37) -> 30 | F38: =+SUMPRODUCT(F34:F37,$E34:$E37) -> 93563.073 | G38: =+SUMPRODUCT(G34:G37,$E34:$E37) -> 87831.877 | H38: =+SUMPRODUCT(H34:H37,$E34:$E37) -> 84711.412 | I38: =+SUMPRODUCT(I34:I37,$E34:$E37) -> 84180.369 | J38: =+SUMPRODUCT(J34:J37,$E34:$E37) -> 89208.708 | K38: =+SUMPRODUCT(K34:K37,$E34:$E37) -> 102343.82 | L38: =+SUMPRODUCT(L34:L37,$E34:$E37) -> 114371.97 | M38: =+SUMPRODUCT(M34:M37,$E34:$E37) -> 119388.5 | ... AC38: =+SUMPRODUCT(AC34:AC37,$E34:$E37) -> 104309.69 | AD38: =+SUM(AD34:AD37) -> 3055708.8 | AE38: =+AD38-C34 -> 0
B39: =+EDATE(B34,1) -> 46569 | C39: =IFERROR(VLOOKUP(B39,'Prod- 1'!$B$10:$E$69,4,0),0) -> 3049313.8 | D39: ORD. | E39: =+Basis!D163 -> 23 | F39: =+(Basis!E163/(EOMONTH($B39,0)-$B39+1)*$C39) -> 2888.1189 | G39: =+(Basis!F163/(EOMONTH($B39,0)-$B39+1)*$C39) -> 2723.9923 | H39: =+(Basis!G163/(EOMONTH($B39,0)-$B39+1)*$C39) -> 2634.7213 | I39: =+(Basis!H163/(EOMONTH($B39,0)-$B39+1)*$C39) -> 2634.9011 | J39: =+(Basis!I163/(EOMONTH($B39,0)-$B39+1)*$C39) -> 2865.9394 | K39: =+(Basis!J163/(EOMONTH($B39,0)-$B39+1)*$C39) -> 3397.5694 | L39: =+(Basis!K163/(EOMONTH($B39,0)-$B39+1)*$C39) -> 3815.4819 | M39: =+(Basis!L163/(EOMONTH($B39,0)-$B39+1)*$C39) -> 3893.1531 | ... AC39: =+(Basis!AB163/(EOMONTH($B39,0)-$B39+1)*$C39) -> 3289.6255 | AD39: =+SUM(F39:AC39)*E39 -> 2262394.1
B40: =+B39 -> 46569 | C40: =IFERROR(VLOOKUP(B40,'Prod- 1'!$B$10:$E$69,4,0),0) -> 3049313.8 | D40: SAB. | E40: =+Basis!D164 -> 4 | F40: =+(Basis!E164/(EOMONTH($B40,0)-$B40+1)*$C40) -> 3015.8179 | G40: =+(Basis!F164/(EOMONTH($B40,0)-$B40+1)*$C40) -> 2813.238 | H40: =+(Basis!G164/(EOMONTH($B40,0)-$B40+1)*$C40) -> 2723.1216 | I40: =+(Basis!H164/(EOMONTH($B40,0)-$B40+1)*$C40) -> 2708.7548 | J40: =+(Basis!I164/(EOMONTH($B40,0)-$B40+1)*$C40) -> 2831.1934 | K40: =+(Basis!J164/(EOMONTH($B40,0)-$B40+1)*$C40) -> 3171.4423 | L40: =+(Basis!K164/(EOMONTH($B40,0)-$B40+1)*$C40) -> 3585.7106 | M40: =+(Basis!L164/(EOMONTH($B40,0)-$B40+1)*$C40) -> 3837.4767 | ... AC40: =+(Basis!AB164/(EOMONTH($B40,0)-$B40+1)*$C40) -> 3477.973 | AD40: =+SUM(F40:AC40)*E40 -> 393459.84
B41: =+B40 -> 46569 | C41: =IFERROR(VLOOKUP(B41,'Prod- 1'!$B$10:$E$69,4,0),0) -> 3049313.8 | D41: DOM. | E41: =+Basis!D165 -> 4 | F41: =+(Basis!E165/(EOMONTH($B41,0)-$B41+1)*$C41) -> 3273.7348 | G41: =+(Basis!F165/(EOMONTH($B41,0)-$B41+1)*$C41) -> 3063.0892 | H41: =+(Basis!G165/(EOMONTH($B41,0)-$B41+1)*$C41) -> 2935.54 | I41: =+(Basis!H165/(EOMONTH($B41,0)-$B41+1)*$C41) -> 2880.8075 | J41: =+(Basis!I165/(EOMONTH($B41,0)-$B41+1)*$C41) -> 2866.1611 | K41: =+(Basis!J165/(EOMONTH($B41,0)-$B41+1)*$C41) -> 3043.6955 | L41: =+(Basis!K165/(EOMONTH($B41,0)-$B41+1)*$C41) -> 3386.95 | M41: =+(Basis!L165/(EOMONTH($B41,0)-$B41+1)*$C41) -> 3767.8997 | ... AC41: =+(Basis!AB165/(EOMONTH($B41,0)-$B41+1)*$C41) -> 3449.9883 | AD41: =+SUM(F41:AC41)*E41 -> 393459.84
B42: =+B41 -> 46569 | C42: =IFERROR(VLOOKUP(B42,'Prod- 1'!$B$10:$E$69,4,0),0) -> 3049313.8 | D42: FES. | E42: =+Basis!D166 -> 0 | F42: =+(Basis!E166/(EOMONTH($B42,0)-$B42+1)*$C42) -> 3312.4433 | G42: =+(Basis!F166/(EOMONTH($B42,0)-$B42+1)*$C42) -> 3073.4813 | H42: =+(Basis!G166/(EOMONTH($B42,0)-$B42+1)*$C42) -> 2937.3495 | I42: =+(Basis!H166/(EOMONTH($B42,0)-$B42+1)*$C42) -> 2875.7015 | J42: =+(Basis!I166/(EOMONTH($B42,0)-$B42+1)*$C42) -> 2969.282 | K42: =+(Basis!J166/(EOMONTH($B42,0)-$B42+1)*$C42) -> 3258.2097 | L42: =+(Basis!K166/(EOMONTH($B42,0)-$B42+1)*$C42) -> 3498.2151 | M42: =+(Basis!L166/(EOMONTH($B42,0)-$B42+1)*$C42) -> 3676.4334 | ... AC42: =+(Basis!AB166/(EOMONTH($B42,0)-$B42+1)*$C42) -> 3452.8369 | AD42: =+SUM(F42:AC42)*E42 -> 0
D43: TOTAL | E43: =+SUM(E39:E42) -> 31 | F43: =+SUMPRODUCT(F39:F42,$E39:$E42) -> 91584.945 | G43: =+SUMPRODUCT(G39:G42,$E39:$E42) -> 86157.132 | H43: =+SUMPRODUCT(H39:H42,$E39:$E42) -> 83233.237 | I43: =+SUMPRODUCT(I39:I42,$E39:$E42) -> 82960.975 | J43: =+SUMPRODUCT(J39:J42,$E39:$E42) -> 88706.023 | K43: =+SUMPRODUCT(K39:K42,$E39:$E42) -> 103004.65 | L43: =+SUMPRODUCT(L39:L42,$E39:$E42) -> 115646.73 | M43: =+SUMPRODUCT(M39:M42,$E39:$E42) -> 119964.03 | ... AC43: =+SUMPRODUCT(AC39:AC42,$E39:$E42) -> 103373.23 | AD43: =+SUM(AD39:AD42) -> 3049313.8 | AE43: =+AD43-C39 -> 0
B44: =+EDATE(B39,1) -> 46600 | C44: =IFERROR(VLOOKUP(B44,'Prod- 1'!$B$10:$E$69,4,0),0) -> 3049581.6 | D44: ORD. | E44: =+Basis!D168 -> 19 | F44: =+(Basis!E168/(EOMONTH($B44,0)-$B44+1)*$C44) -> 2888.3726 | G44: =+(Basis!F168/(EOMONTH($B44,0)-$B44+1)*$C44) -> 2724.2316 | H44: =+(Basis!G168/(EOMONTH($B44,0)-$B44+1)*$C44) -> 2634.9528 | I44: =+(Basis!H168/(EOMONTH($B44,0)-$B44+1)*$C44) -> 2635.1326 | J44: =+(Basis!I168/(EOMONTH($B44,0)-$B44+1)*$C44) -> 2866.1911 | K44: =+(Basis!J168/(EOMONTH($B44,0)-$B44+1)*$C44) -> 3397.8678 | L44: =+(Basis!K168/(EOMONTH($B44,0)-$B44+1)*$C44) -> 3815.817 | M44: =+(Basis!L168/(EOMONTH($B44,0)-$B44+1)*$C44) -> 3893.4951 | ... AC44: =+(Basis!AB168/(EOMONTH($B44,0)-$B44+1)*$C44) -> 3289.9145 | AD44: =+SUM(F44:AC44)*E44 -> 1869098.4
B45: =+B44 -> 46600 | C45: =IFERROR(VLOOKUP(B45,'Prod- 1'!$B$10:$E$69,4,0),0) -> 3049581.6 | D45: SAB. | E45: =+Basis!D169 -> 5 | F45: =+(Basis!E169/(EOMONTH($B45,0)-$B45+1)*$C45) -> 3016.0828 | G45: =+(Basis!F169/(EOMONTH($B45,0)-$B45+1)*$C45) -> 2813.4851 | H45: =+(Basis!G169/(EOMONTH($B45,0)-$B45+1)*$C45) -> 2723.3608 | I45: =+(Basis!H169/(EOMONTH($B45,0)-$B45+1)*$C45) -> 2708.9927 | J45: =+(Basis!I169/(EOMONTH($B45,0)-$B45+1)*$C45) -> 2831.4421 | K45: =+(Basis!J169/(EOMONTH($B45,0)-$B45+1)*$C45) -> 3171.7208 | L45: =+(Basis!K169/(EOMONTH($B45,0)-$B45+1)*$C45) -> 3586.0256 | M45: =+(Basis!L169/(EOMONTH($B45,0)-$B45+1)*$C45) -> 3837.8138 | ... AC45: =+(Basis!AB169/(EOMONTH($B45,0)-$B45+1)*$C45) -> 3478.2785 | AD45: =+SUM(F45:AC45)*E45 -> 491868
B46: =+B45 -> 46600 | C46: =IFERROR(VLOOKUP(B46,'Prod- 1'!$B$10:$E$69,4,0),0) -> 3049581.6 | D46: DOM. | E46: =+Basis!D170 -> 5 | F46: =+(Basis!E170/(EOMONTH($B46,0)-$B46+1)*$C46) -> 3274.0224 | G46: =+(Basis!F170/(EOMONTH($B46,0)-$B46+1)*$C46) -> 3063.3582 | H46: =+(Basis!G170/(EOMONTH($B46,0)-$B46+1)*$C46) -> 2935.7979 | I46: =+(Basis!H170/(EOMONTH($B46,0)-$B46+1)*$C46) -> 2881.0605 | J46: =+(Basis!I170/(EOMONTH($B46,0)-$B46+1)*$C46) -> 2866.4128 | K46: =+(Basis!J170/(EOMONTH($B46,0)-$B46+1)*$C46) -> 3043.9629 | L46: =+(Basis!K170/(EOMONTH($B46,0)-$B46+1)*$C46) -> 3387.2475 | M46: =+(Basis!L170/(EOMONTH($B46,0)-$B46+1)*$C46) -> 3768.2307 | ... AC46: =+(Basis!AB170/(EOMONTH($B46,0)-$B46+1)*$C46) -> 3450.2914 | AD46: =+SUM(F46:AC46)*E46 -> 491868
B47: =+B46 -> 46600 | C47: =IFERROR(VLOOKUP(B47,'Prod- 1'!$B$10:$E$69,4,0),0) -> 3049581.6 | D47: FES. | E47: =+Basis!D171 -> 2 | F47: =+(Basis!E171/(EOMONTH($B47,0)-$B47+1)*$C47) -> 3312.7343 | G47: =+(Basis!F171/(EOMONTH($B47,0)-$B47+1)*$C47) -> 3073.7513 | H47: =+(Basis!G171/(EOMONTH($B47,0)-$B47+1)*$C47) -> 2937.6075 | I47: =+(Basis!H171/(EOMONTH($B47,0)-$B47+1)*$C47) -> 2875.9541 | J47: =+(Basis!I171/(EOMONTH($B47,0)-$B47+1)*$C47) -> 2969.5428 | K47: =+(Basis!J171/(EOMONTH($B47,0)-$B47+1)*$C47) -> 3258.4959 | L47: =+(Basis!K171/(EOMONTH($B47,0)-$B47+1)*$C47) -> 3498.5224 | M47: =+(Basis!L171/(EOMONTH($B47,0)-$B47+1)*$C47) -> 3676.7563 | ... AC47: =+(Basis!AB171/(EOMONTH($B47,0)-$B47+1)*$C47) -> 3453.1401 | AD47: =+SUM(F47:AC47)*E47 -> 196747.2
D48: TOTAL | E48: =+SUM(E44:E47) -> 31 | F48: =+SUMPRODUCT(F44:F47,$E44:$E47) -> 92955.073 | G48: =+SUMPRODUCT(G44:G47,$E44:$E47) -> 87292.12 | H48: =+SUMPRODUCT(H44:H47,$E44:$E47) -> 84235.111 | I48: =+SUMPRODUCT(I44:I47,$E44:$E47) -> 83769.694 | J48: =+SUMPRODUCT(J44:J47,$E44:$E47) -> 88885.991 | K48: =+SUMPRODUCT(K44:K47,$E44:$E47) -> 102154.9 | L48: =+SUMPRODUCT(L44:L47,$E44:$E47) -> 114363.93 | M48: =+SUMPRODUCT(M44:M47,$E44:$E47) -> 119360.14 | ... AC48: =+SUMPRODUCT(AC44:AC47,$E44:$E47) -> 104057.5 | AD48: =+SUM(AD44:AD47) -> 3049581.6 | AE48: =+AD48-C44 -> 0
B49: =+EDATE(B44,1) -> 46631 | C49: =IFERROR(VLOOKUP(B49,'Prod- 1'!$B$10:$E$69,4,0),0) -> 3057760.8 | D49: ORD. | E49: =+Basis!D173 -> 22 | F49: =+(Basis!E173/(EOMONTH($B49,0)-$B49+1)*$C49) -> 2992.6567 | G49: =+(Basis!F173/(EOMONTH($B49,0)-$B49+1)*$C49) -> 2822.5895 | H49: =+(Basis!G173/(EOMONTH($B49,0)-$B49+1)*$C49) -> 2730.0872 | I49: =+(Basis!H173/(EOMONTH($B49,0)-$B49+1)*$C49) -> 2730.2735 | J49: =+(Basis!I173/(EOMONTH($B49,0)-$B49+1)*$C49) -> 2969.6744 | K49: =+(Basis!J173/(EOMONTH($B49,0)-$B49+1)*$C49) -> 3520.5472 | L49: =+(Basis!K173/(EOMONTH($B49,0)-$B49+1)*$C49) -> 3953.5864 | M49: =+(Basis!L173/(EOMONTH($B49,0)-$B49+1)*$C49) -> 4034.069 | ... AC49: =+(Basis!AB173/(EOMONTH($B49,0)-$B49+1)*$C49) -> 3408.6962 | AD49: =+SUM(F49:AC49)*E49 -> 2242357.9
B50: =+B49 -> 46631 | C50: =IFERROR(VLOOKUP(B50,'Prod- 1'!$B$10:$E$69,4,0),0) -> 3057760.8 | D50: SAB. | E50: =+Basis!D174 -> 4 | F50: =+(Basis!E174/(EOMONTH($B50,0)-$B50+1)*$C50) -> 3124.9778 | G50: =+(Basis!F174/(EOMONTH($B50,0)-$B50+1)*$C50) -> 2915.0654 | H50: =+(Basis!G174/(EOMONTH($B50,0)-$B50+1)*$C50) -> 2821.6873 | I50: =+(Basis!H174/(EOMONTH($B50,0)-$B50+1)*$C50) -> 2806.8004 | J50: =+(Basis!I174/(EOMONTH($B50,0)-$B50+1)*$C50) -> 2933.6707 | K50: =+(Basis!J174/(EOMONTH($B50,0)-$B50+1)*$C50) -> 3286.2352 | L50: =+(Basis!K174/(EOMONTH($B50,0)-$B50+1)*$C50) -> 3715.4983 | M50: =+(Basis!L174/(EOMONTH($B50,0)-$B50+1)*$C50) -> 3976.3773 | ... AC50: =+(Basis!AB174/(EOMONTH($B50,0)-$B50+1)*$C50) -> 3603.8611 | AD50: =+SUM(F50:AC50)*E50 -> 407701.44
B51: =+B50 -> 46631 | C51: =IFERROR(VLOOKUP(B51,'Prod- 1'!$B$10:$E$69,4,0),0) -> 3057760.8 | D51: DOM. | E51: =+Basis!D175 -> 4 | F51: =+(Basis!E175/(EOMONTH($B51,0)-$B51+1)*$C51) -> 3392.2304 | G51: =+(Basis!F175/(EOMONTH($B51,0)-$B51+1)*$C51) -> 3173.9602 | H51: =+(Basis!G175/(EOMONTH($B51,0)-$B51+1)*$C51) -> 3041.7943 | I51: =+(Basis!H175/(EOMONTH($B51,0)-$B51+1)*$C51) -> 2985.0807 | J51: =+(Basis!I175/(EOMONTH($B51,0)-$B51+1)*$C51) -> 2969.9041 | K51: =+(Basis!J175/(EOMONTH($B51,0)-$B51+1)*$C51) -> 3153.8645 | L51: =+(Basis!K175/(EOMONTH($B51,0)-$B51+1)*$C51) -> 3509.5434 | M51: =+(Basis!L175/(EOMONTH($B51,0)-$B51+1)*$C51) -> 3904.2819 | ... AC51: =+(Basis!AB175/(EOMONTH($B51,0)-$B51+1)*$C51) -> 3574.8635 | AD51: =+SUM(F51:AC51)*E51 -> 407701.44
B52: =+B51 -> 46631 | C52: =IFERROR(VLOOKUP(B52,'Prod- 1'!$B$10:$E$69,4,0),0) -> 3057760.8 | D52: FES. | E52: =+Basis!D176 -> 0 | F52: =+(Basis!E176/(EOMONTH($B52,0)-$B52+1)*$C52) -> 3432.3399 | G52: =+(Basis!F176/(EOMONTH($B52,0)-$B52+1)*$C52) -> 3184.7285 | H52: =+(Basis!G176/(EOMONTH($B52,0)-$B52+1)*$C52) -> 3043.6692 | I52: =+(Basis!H176/(EOMONTH($B52,0)-$B52+1)*$C52) -> 2979.7899 | J52: =+(Basis!I176/(EOMONTH($B52,0)-$B52+1)*$C52) -> 3076.7576 | K52: =+(Basis!J176/(EOMONTH($B52,0)-$B52+1)*$C52) -> 3376.1433 | L52: =+(Basis!K176/(EOMONTH($B52,0)-$B52+1)*$C52) -> 3624.8359 | M52: =+(Basis!L176/(EOMONTH($B52,0)-$B52+1)*$C52) -> 3809.5049 | ... AC52: =+(Basis!AB176/(EOMONTH($B52,0)-$B52+1)*$C52) -> 3577.8151 | AD52: =+SUM(F52:AC52)*E52 -> 0
D53: TOTAL | E53: =+SUM(E49:E52) -> 30 | F53: =+SUMPRODUCT(F49:F52,$E49:$E52) -> 91907.28 | G53: =+SUMPRODUCT(G49:G52,$E49:$E52) -> 86453.071 | H53: =+SUMPRODUCT(H49:H52,$E49:$E52) -> 83515.845 | I53: =+SUMPRODUCT(I49:I52,$E49:$E52) -> 83233.542 | J53: =+SUMPRODUCT(J49:J52,$E49:$E52) -> 88947.136 | K53: =+SUMPRODUCT(K49:K52,$E49:$E52) -> 103212.44 | L53: =+SUMPRODUCT(L49:L52,$E49:$E52) -> 115879.07 | M53: =+SUMPRODUCT(M49:M52,$E49:$E52) -> 120272.16 | ... AC53: =+SUMPRODUCT(AC49:AC52,$E49:$E52) -> 103706.21 | AD53: =+SUM(AD49:AD52) -> 3057760.8 | AE53: =+AD53-C49 -> 0
B54: =+EDATE(B49,1) -> 46661 | C54: =IFERROR(VLOOKUP(B54,'Prod- 1'!$B$10:$E$69,4,0),0) -> 3049842 | D54: ORD. | E54: =+Basis!D178 -> 22 | F54: =+(Basis!E178/(EOMONTH($B54,0)-$B54+1)*$C54) -> 2888.6192 | G54: =+(Basis!F178/(EOMONTH($B54,0)-$B54+1)*$C54) -> 2724.4642 | H54: =+(Basis!G178/(EOMONTH($B54,0)-$B54+1)*$C54) -> 2635.1777 | I54: =+(Basis!H178/(EOMONTH($B54,0)-$B54+1)*$C54) -> 2635.3576 | J54: =+(Basis!I178/(EOMONTH($B54,0)-$B54+1)*$C54) -> 2866.4358 | K54: =+(Basis!J178/(EOMONTH($B54,0)-$B54+1)*$C54) -> 3398.1579 | L54: =+(Basis!K178/(EOMONTH($B54,0)-$B54+1)*$C54) -> 3816.1429 | M54: =+(Basis!L178/(EOMONTH($B54,0)-$B54+1)*$C54) -> 3893.8276 | ... AC54: =+(Basis!AB178/(EOMONTH($B54,0)-$B54+1)*$C54) -> 3290.1954 | AD54: =+SUM(F54:AC54)*E54 -> 2164404
B55: =+B54 -> 46661 | C55: =IFERROR(VLOOKUP(B55,'Prod- 1'!$B$10:$E$69,4,0),0) -> 3049842 | D55: SAB. | E55: =+Basis!D179 -> 4 | F55: =+(Basis!E179/(EOMONTH($B55,0)-$B55+1)*$C55) -> 3016.3403 | G55: =+(Basis!F179/(EOMONTH($B55,0)-$B55+1)*$C55) -> 2813.7253 | H55: =+(Basis!G179/(EOMONTH($B55,0)-$B55+1)*$C55) -> 2723.5934 | I55: =+(Basis!H179/(EOMONTH($B55,0)-$B55+1)*$C55) -> 2709.2241 | J55: =+(Basis!I179/(EOMONTH($B55,0)-$B55+1)*$C55) -> 2831.6838 | K55: =+(Basis!J179/(EOMONTH($B55,0)-$B55+1)*$C55) -> 3171.9917 | L55: =+(Basis!K179/(EOMONTH($B55,0)-$B55+1)*$C55) -> 3586.3318 | M55: =+(Basis!L179/(EOMONTH($B55,0)-$B55+1)*$C55) -> 3838.1415 | ... AC55: =+(Basis!AB179/(EOMONTH($B55,0)-$B55+1)*$C55) -> 3478.5755 | AD55: =+SUM(F55:AC55)*E55 -> 393528
B56: =+B55 -> 46661 | C56: =IFERROR(VLOOKUP(B56,'Prod- 1'!$B$10:$E$69,4,0),0) -> 3049842 | D56: DOM. | E56: =+Basis!D180 -> 4 | F56: =+(Basis!E180/(EOMONTH($B56,0)-$B56+1)*$C56) -> 3274.302 | G56: =+(Basis!F180/(EOMONTH($B56,0)-$B56+1)*$C56) -> 3063.6198 | H56: =+(Basis!G180/(EOMONTH($B56,0)-$B56+1)*$C56) -> 2936.0486 | I56: =+(Basis!H180/(EOMONTH($B56,0)-$B56+1)*$C56) -> 2881.3065 | J56: =+(Basis!I180/(EOMONTH($B56,0)-$B56+1)*$C56) -> 2866.6576 | K56: =+(Basis!J180/(EOMONTH($B56,0)-$B56+1)*$C56) -> 3044.2228 | L56: =+(Basis!K180/(EOMONTH($B56,0)-$B56+1)*$C56) -> 3387.5367 | M56: =+(Basis!L180/(EOMONTH($B56,0)-$B56+1)*$C56) -> 3768.5525 | ... AC56: =+(Basis!AB180/(EOMONTH($B56,0)-$B56+1)*$C56) -> 3450.586 | AD56: =+SUM(F56:AC56)*E56 -> 393528
B57: =+B56 -> 46661 | C57: =IFERROR(VLOOKUP(B57,'Prod- 1'!$B$10:$E$69,4,0),0) -> 3049842 | D57: FES. | E57: =+Basis!D181 -> 1 | F57: =+(Basis!E181/(EOMONTH($B57,0)-$B57+1)*$C57) -> 3313.0172 | G57: =+(Basis!F181/(EOMONTH($B57,0)-$B57+1)*$C57) -> 3074.0137 | H57: =+(Basis!G181/(EOMONTH($B57,0)-$B57+1)*$C57) -> 2937.8583 | I57: =+(Basis!H181/(EOMONTH($B57,0)-$B57+1)*$C57) -> 2876.1997 | J57: =+(Basis!I181/(EOMONTH($B57,0)-$B57+1)*$C57) -> 2969.7964 | K57: =+(Basis!J181/(EOMONTH($B57,0)-$B57+1)*$C57) -> 3258.7742 | L57: =+(Basis!K181/(EOMONTH($B57,0)-$B57+1)*$C57) -> 3498.8211 | M57: =+(Basis!L181/(EOMONTH($B57,0)-$B57+1)*$C57) -> 3677.0702 | ... AC57: =+(Basis!AB181/(EOMONTH($B57,0)-$B57+1)*$C57) -> 3453.435 | AD57: =+SUM(F57:AC57)*E57 -> 98382
D58: TOTAL | E58: =+SUM(E54:E57) -> 31 | F58: =+SUMPRODUCT(F54:F57,$E54:$E57) -> 92025.209 | G58: =+SUMPRODUCT(G54:G57,$E54:$E57) -> 86521.607 | H58: =+SUMPRODUCT(H54:H57,$E54:$E57) -> 83550.337 | I58: =+SUMPRODUCT(I54:I57,$E54:$E57) -> 83216.189 | J58: =+SUMPRODUCT(J54:J57,$E54:$E57) -> 88824.75 | K58: =+SUMPRODUCT(K54:K57,$E54:$E57) -> 102883.11 | L58: =+SUMPRODUCT(L54:L57,$E54:$E57) -> 115349.44 | M58: =+SUMPRODUCT(M54:M57,$E54:$E57) -> 119768.05 | ... AC58: =+SUMPRODUCT(AC54:AC57,$E54:$E57) -> 103554.38 | AD58: =+SUM(AD54:AD57) -> 3049842 | AE58: =+AD58-C54 -> 0
B59: =+EDATE(B54,1) -> 46692 | C59: =IFERROR(VLOOKUP(B59,'Prod- 1'!$B$10:$E$69,4,0),0) -> 3057638.4 | D59: ORD. | E59: =+Basis!D183 -> 18 | F59: =+(Basis!E183/(EOMONTH($B59,0)-$B59+1)*$C59) -> 2992.5369 | G59: =+(Basis!F183/(EOMONTH($B59,0)-$B59+1)*$C59) -> 2822.4765 | H59: =+(Basis!G183/(EOMONTH($B59,0)-$B59+1)*$C59) -> 2729.9779 | I59: =+(Basis!H183/(EOMONTH($B59,0)-$B59+1)*$C59) -> 2730.1642 | J59: =+(Basis!I183/(EOMONTH($B59,0)-$B59+1)*$C59) -> 2969.5555 | K59: =+(Basis!J183/(EOMONTH($B59,0)-$B59+1)*$C59) -> 3520.4062 | L59: =+(Basis!K183/(EOMONTH($B59,0)-$B59+1)*$C59) -> 3953.4281 | M59: =+(Basis!L183/(EOMONTH($B59,0)-$B59+1)*$C59) -> 4033.9075 | ... AC59: =+(Basis!AB183/(EOMONTH($B59,0)-$B59+1)*$C59) -> 3408.5597 | AD59: =+SUM(F59:AC59)*E59 -> 1834583
B60: =+B59 -> 46692 | C60: =IFERROR(VLOOKUP(B60,'Prod- 1'!$B$10:$E$69,4,0),0) -> 3057638.4 | D60: SAB. | E60: =+Basis!D184 -> 5 | F60: =+(Basis!E184/(EOMONTH($B60,0)-$B60+1)*$C60) -> 3124.8528 | G60: =+(Basis!F184/(EOMONTH($B60,0)-$B60+1)*$C60) -> 2914.9487 | H60: =+(Basis!G184/(EOMONTH($B60,0)-$B60+1)*$C60) -> 2821.5743 | I60: =+(Basis!H184/(EOMONTH($B60,0)-$B60+1)*$C60) -> 2806.688 | J60: =+(Basis!I184/(EOMONTH($B60,0)-$B60+1)*$C60) -> 2933.5533 | K60: =+(Basis!J184/(EOMONTH($B60,0)-$B60+1)*$C60) -> 3286.1037 | L60: =+(Basis!K184/(EOMONTH($B60,0)-$B60+1)*$C60) -> 3715.3496 | M60: =+(Basis!L184/(EOMONTH($B60,0)-$B60+1)*$C60) -> 3976.2181 | ... AC60: =+(Basis!AB184/(EOMONTH($B60,0)-$B60+1)*$C60) -> 3603.7168 | AD60: =+SUM(F60:AC60)*E60 -> 509606.4
B61: =+B60 -> 46692 | C61: =IFERROR(VLOOKUP(B61,'Prod- 1'!$B$10:$E$69,4,0),0) -> 3057638.4 | D61: DOM. | E61: =+Basis!D185 -> 5 | F61: =+(Basis!E185/(EOMONTH($B61,0)-$B61+1)*$C61) -> 3392.0946 | G61: =+(Basis!F185/(EOMONTH($B61,0)-$B61+1)*$C61) -> 3173.8331 | H61: =+(Basis!G185/(EOMONTH($B61,0)-$B61+1)*$C61) -> 3041.6725 | I61: =+(Basis!H185/(EOMONTH($B61,0)-$B61+1)*$C61) -> 2984.9612 | J61: =+(Basis!I185/(EOMONTH($B61,0)-$B61+1)*$C61) -> 2969.7852 | K61: =+(Basis!J185/(EOMONTH($B61,0)-$B61+1)*$C61) -> 3153.7383 | L61: =+(Basis!K185/(EOMONTH($B61,0)-$B61+1)*$C61) -> 3509.4029 | M61: =+(Basis!L185/(EOMONTH($B61,0)-$B61+1)*$C61) -> 3904.1257 | ... AC61: =+(Basis!AB185/(EOMONTH($B61,0)-$B61+1)*$C61) -> 3574.7204 | AD61: =+SUM(F61:AC61)*E61 -> 509606.4
B62: =+B61 -> 46692 | C62: =IFERROR(VLOOKUP(B62,'Prod- 1'!$B$10:$E$69,4,0),0) -> 3057638.4 | D62: FES. | E62: =+Basis!D186 -> 2 | F62: =+(Basis!E186/(EOMONTH($B62,0)-$B62+1)*$C62) -> 3432.2025 | G62: =+(Basis!F186/(EOMONTH($B62,0)-$B62+1)*$C62) -> 3184.601 | H62: =+(Basis!G186/(EOMONTH($B62,0)-$B62+1)*$C62) -> 3043.5474 | I62: =+(Basis!H186/(EOMONTH($B62,0)-$B62+1)*$C62) -> 2979.6706 | J62: =+(Basis!I186/(EOMONTH($B62,0)-$B62+1)*$C62) -> 3076.6344 | K62: =+(Basis!J186/(EOMONTH($B62,0)-$B62+1)*$C62) -> 3376.0081 | L62: =+(Basis!K186/(EOMONTH($B62,0)-$B62+1)*$C62) -> 3624.6908 | M62: =+(Basis!L186/(EOMONTH($B62,0)-$B62+1)*$C62) -> 3809.3524 | ... AC62: =+(Basis!AB186/(EOMONTH($B62,0)-$B62+1)*$C62) -> 3577.6719 | AD62: =+SUM(F62:AC62)*E62 -> 203842.56
D63: TOTAL | E63: =+SUM(E59:E62) -> 30 | F63: =+SUMPRODUCT(F59:F62,$E59:$E62) -> 93314.806 | G63: =+SUMPRODUCT(G59:G62,$E59:$E62) -> 87617.688 | H63: =+SUMPRODUCT(H59:H62,$E59:$E62) -> 84542.932 | I63: =+SUMPRODUCT(I59:I62,$E59:$E62) -> 84060.544 | J63: =+SUMPRODUCT(J59:J62,$E59:$E62) -> 89121.96 | K63: =+SUMPRODUCT(K59:K62,$E59:$E62) -> 102318.54 | L63: =+SUMPRODUCT(L59:L62,$E59:$E62) -> 114534.85 | M63: =+SUMPRODUCT(M59:M62,$E59:$E62) -> 119630.76 | ... AC63: =+SUMPRODUCT(AC59:AC62,$E59:$E62) -> 104401.61 | AD63: =+SUM(AD59:AD62) -> 3057638.4 | AE63: =+AD63-C59 -> 0
B64: =+EDATE(B59,1) -> 46722 | C64: =IFERROR(VLOOKUP(B64,'Prod- 1'!$B$10:$E$69,4,0),0) -> 5049847.9 | D64: ORD. | E64: =+Basis!D188 -> 21 | F64: =+(Basis!E188/(EOMONTH($B64,0)-$B64+1)*$C64) -> 4782.8995 | G64: =+(Basis!F188/(EOMONTH($B64,0)-$B64+1)*$C64) -> 4511.096 | H64: =+(Basis!G188/(EOMONTH($B64,0)-$B64+1)*$C64) -> 4363.2578 | I64: =+(Basis!H188/(EOMONTH($B64,0)-$B64+1)*$C64) -> 4363.5556 | J64: =+(Basis!I188/(EOMONTH($B64,0)-$B64+1)*$C64) -> 4746.1688 | K64: =+(Basis!J188/(EOMONTH($B64,0)-$B64+1)*$C64) -> 5626.5803 | L64: =+(Basis!K188/(EOMONTH($B64,0)-$B64+1)*$C64) -> 6318.6687 | M64: =+(Basis!L188/(EOMONTH($B64,0)-$B64+1)*$C64) -> 6447.297 | ... AC64: =+(Basis!AB188/(EOMONTH($B64,0)-$B64+1)*$C64) -> 5447.8187 | AD64: =+SUM(F64:AC64)*E64 -> 3420864.7
B65: =+B64 -> 46722 | C65: =IFERROR(VLOOKUP(B65,'Prod- 1'!$B$10:$E$69,4,0),0) -> 5049847.9 | D65: SAB. | E65: =+Basis!D189 -> 4 | F65: =+(Basis!E189/(EOMONTH($B65,0)-$B65+1)*$C65) -> 4994.3767 | G65: =+(Basis!F189/(EOMONTH($B65,0)-$B65+1)*$C65) -> 4658.8921 | H65: =+(Basis!G189/(EOMONTH($B65,0)-$B65+1)*$C65) -> 4509.6541 | I65: =+(Basis!H189/(EOMONTH($B65,0)-$B65+1)*$C65) -> 4485.8617 | J65: =+(Basis!I189/(EOMONTH($B65,0)-$B65+1)*$C65) -> 4688.6274 | K65: =+(Basis!J189/(EOMONTH($B65,0)-$B65+1)*$C65) -> 5252.1001 | L65: =+(Basis!K189/(EOMONTH($B65,0)-$B65+1)*$C65) -> 5938.1535 | M65: =+(Basis!L189/(EOMONTH($B65,0)-$B65+1)*$C65) -> 6355.0934 | ... AC65: =+(Basis!AB189/(EOMONTH($B65,0)-$B65+1)*$C65) -> 5759.7335 | AD65: =+SUM(F65:AC65)*E65 -> 651593.28
B66: =+B65 -> 46722 | C66: =IFERROR(VLOOKUP(B66,'Prod- 1'!$B$10:$E$69,4,0),0) -> 5049847.9 | D66: DOM. | E66: =+Basis!D190 -> 4 | F66: =+(Basis!E190/(EOMONTH($B66,0)-$B66+1)*$C66) -> 5421.5028 | G66: =+(Basis!F190/(EOMONTH($B66,0)-$B66+1)*$C66) -> 5072.6608 | H66: =+(Basis!G190/(EOMONTH($B66,0)-$B66+1)*$C66) -> 4861.4318 | I66: =+(Basis!H190/(EOMONTH($B66,0)-$B66+1)*$C66) -> 4770.7914 | J66: =+(Basis!I190/(EOMONTH($B66,0)-$B66+1)*$C66) -> 4746.536 | K66: =+(Basis!J190/(EOMONTH($B66,0)-$B66+1)*$C66) -> 5040.5437 | L66: =+(Basis!K190/(EOMONTH($B66,0)-$B66+1)*$C66) -> 5608.9939 | M66: =+(Basis!L190/(EOMONTH($B66,0)-$B66+1)*$C66) -> 6239.8697 | ... AC66: =+(Basis!AB190/(EOMONTH($B66,0)-$B66+1)*$C66) -> 5713.3892 | AD66: =+SUM(F66:AC66)*E66 -> 651593.28
B67: =+B66 -> 46722 | C67: =IFERROR(VLOOKUP(B67,'Prod- 1'!$B$10:$E$69,4,0),0) -> 5049847.9 | D67: FES. | E67: =+Basis!D191 -> 2 | F67: =+(Basis!E191/(EOMONTH($B67,0)-$B67+1)*$C67) -> 5485.6064 | G67: =+(Basis!F191/(EOMONTH($B67,0)-$B67+1)*$C67) -> 5089.8708 | H67: =+(Basis!G191/(EOMONTH($B67,0)-$B67+1)*$C67) -> 4864.4283 | I67: =+(Basis!H191/(EOMONTH($B67,0)-$B67+1)*$C67) -> 4762.3355 | J67: =+(Basis!I191/(EOMONTH($B67,0)-$B67+1)*$C67) -> 4917.3104 | K67: =+(Basis!J191/(EOMONTH($B67,0)-$B67+1)*$C67) -> 5395.7923 | L67: =+(Basis!K191/(EOMONTH($B67,0)-$B67+1)*$C67) -> 5793.2557 | M67: =+(Basis!L191/(EOMONTH($B67,0)-$B67+1)*$C67) -> 6088.3959 | ... AC67: =+(Basis!AB191/(EOMONTH($B67,0)-$B67+1)*$C67) -> 5718.1066 | AD67: =+SUM(F67:AC67)*E67 -> 325796.64
D68: TOTAL | E68: =+SUM(E64:E67) -> 31 | F68: =+SUMPRODUCT(F64:F67,$E64:$E67) -> 153075.62 | G68: =+SUMPRODUCT(G64:G67,$E64:$E67) -> 143838.97 | H68: =+SUMPRODUCT(H64:H67,$E64:$E67) -> 138841.61 | I68: =+SUMPRODUCT(I64:I67,$E64:$E67) -> 138185.95 | J68: =+SUMPRODUCT(J64:J67,$E64:$E67) -> 147244.82 | K68: =+SUMPRODUCT(K64:K67,$E64:$E67) -> 170120.35 | L68: =+SUMPRODUCT(L64:L67,$E64:$E67) -> 190467.14 | M68: =+SUMPRODUCT(M64:M67,$E64:$E67) -> 197949.88 | ... AC68: =+SUMPRODUCT(AC64:AC67,$E64:$E67) -> 171732.9 | AD68: =+SUM(AD64:AD67) -> 5049847.9 | AE68: =+AD68-C64 -> 0
B69: =+EDATE(B64,1) -> 46753 | C69: =IFERROR(VLOOKUP(B69,'Prod- 1'!$B$10:$E$69,4,0),0) -> 0 | D69: ORD. | E69: =+Basis!D193 -> 20 | F69: =+(Basis!E193/(EOMONTH($B69,0)-$B69+1)*$C69) -> 0 | G69: =+(Basis!F193/(EOMONTH($B69,0)-$B69+1)*$C69) -> 0 | H69: =+(Basis!G193/(EOMONTH($B69,0)-$B69+1)*$C69) -> 0 | I69: =+(Basis!H193/(EOMONTH($B69,0)-$B69+1)*$C69) -> 0 | J69: =+(Basis!I193/(EOMONTH($B69,0)-$B69+1)*$C69) -> 0 | K69: =+(Basis!J193/(EOMONTH($B69,0)-$B69+1)*$C69) -> 0 | L69: =+(Basis!K193/(EOMONTH($B69,0)-$B69+1)*$C69) -> 0 | M69: =+(Basis!L193/(EOMONTH($B69,0)-$B69+1)*$C69) -> 0 | ... AC69: =+(Basis!AB193/(EOMONTH($B69,0)-$B69+1)*$C69) -> 0 | AD69: =+SUM(F69:AC69)*E69 -> 0
B70: =+B69 -> 46753 | C70: =IFERROR(VLOOKUP(B70,'Prod- 1'!$B$10:$E$69,4,0),0) -> 0 | D70: SAB. | E70: =+Basis!D194 -> 5 | F70: =+(Basis!E194/(EOMONTH($B70,0)-$B70+1)*$C70) -> 0 | G70: =+(Basis!F194/(EOMONTH($B70,0)-$B70+1)*$C70) -> 0 | H70: =+(Basis!G194/(EOMONTH($B70,0)-$B70+1)*$C70) -> 0 | I70: =+(Basis!H194/(EOMONTH($B70,0)-$B70+1)*$C70) -> 0 | J70: =+(Basis!I194/(EOMONTH($B70,0)-$B70+1)*$C70) -> 0 | K70: =+(Basis!J194/(EOMONTH($B70,0)-$B70+1)*$C70) -> 0 | L70: =+(Basis!K194/(EOMONTH($B70,0)-$B70+1)*$C70) -> 0 | M70: =+(Basis!L194/(EOMONTH($B70,0)-$B70+1)*$C70) -> 0 | ... AC70: =+(Basis!AB194/(EOMONTH($B70,0)-$B70+1)*$C70) -> 0 | AD70: =+SUM(F70:AC70)*E70 -> 0
B71: =+B70 -> 46753 | C71: =IFERROR(VLOOKUP(B71,'Prod- 1'!$B$10:$E$69,4,0),0) -> 0 | D71: DOM. | E71: =+Basis!D195 -> 4 | F71: =+(Basis!E195/(EOMONTH($B71,0)-$B71+1)*$C71) -> 0 | G71: =+(Basis!F195/(EOMONTH($B71,0)-$B71+1)*$C71) -> 0 | H71: =+(Basis!G195/(EOMONTH($B71,0)-$B71+1)*$C71) -> 0 | I71: =+(Basis!H195/(EOMONTH($B71,0)-$B71+1)*$C71) -> 0 | J71: =+(Basis!I195/(EOMONTH($B71,0)-$B71+1)*$C71) -> 0 | K71: =+(Basis!J195/(EOMONTH($B71,0)-$B71+1)*$C71) -> 0 | L71: =+(Basis!K195/(EOMONTH($B71,0)-$B71+1)*$C71) -> 0 | M71: =+(Basis!L195/(EOMONTH($B71,0)-$B71+1)*$C71) -> 0 | ... AC71: =+(Basis!AB195/(EOMONTH($B71,0)-$B71+1)*$C71) -> 0 | AD71: =+SUM(F71:AC71)*E71 -> 0
B72: =+B71 -> 46753 | C72: =IFERROR(VLOOKUP(B72,'Prod- 1'!$B$10:$E$69,4,0),0) -> 0 | D72: FES. | E72: =+Basis!D196 -> 2 | F72: =+(Basis!E196/(EOMONTH($B72,0)-$B72+1)*$C72) -> 0 | G72: =+(Basis!F196/(EOMONTH($B72,0)-$B72+1)*$C72) -> 0 | H72: =+(Basis!G196/(EOMONTH($B72,0)-$B72+1)*$C72) -> 0 | I72: =+(Basis!H196/(EOMONTH($B72,0)-$B72+1)*$C72) -> 0 | J72: =+(Basis!I196/(EOMONTH($B72,0)-$B72+1)*$C72) -> 0 | K72: =+(Basis!J196/(EOMONTH($B72,0)-$B72+1)*$C72) -> 0 | L72: =+(Basis!K196/(EOMONTH($B72,0)-$B72+1)*$C72) -> 0 | M72: =+(Basis!L196/(EOMONTH($B72,0)-$B72+1)*$C72) -> 0 | ... AC72: =+(Basis!AB196/(EOMONTH($B72,0)-$B72+1)*$C72) -> 0 | AD72: =+SUM(F72:AC72)*E72 -> 0
D73: TOTAL | E73: =+SUM(E69:E72) -> 31 | F73: =+SUMPRODUCT(F69:F72,$E69:$E72) -> 0 | G73: =+SUMPRODUCT(G69:G72,$E69:$E72) -> 0 | H73: =+SUMPRODUCT(H69:H72,$E69:$E72) -> 0 | I73: =+SUMPRODUCT(I69:I72,$E69:$E72) -> 0 | J73: =+SUMPRODUCT(J69:J72,$E69:$E72) -> 0 | K73: =+SUMPRODUCT(K69:K72,$E69:$E72) -> 0 | L73: =+SUMPRODUCT(L69:L72,$E69:$E72) -> 0 | M73: =+SUMPRODUCT(M69:M72,$E69:$E72) -> 0 | ... AC73: =+SUMPRODUCT(AC69:AC72,$E69:$E72) -> 0 | AD73: =+SUM(AD69:AD72) -> 0 | AE73: =+AD73-C69 -> 0
B74: =+EDATE(B69,1) -> 46784 | C74: =IFERROR(VLOOKUP(B74,'Prod- 1'!$B$10:$E$69,4,0),0) -> 0 | D74: ORD. | E74: =+Basis!D198 -> 20 | F74: =+(Basis!E198/(EOMONTH($B74,0)-$B74+1)*$C74) -> 0 | G74: =+(Basis!F198/(EOMONTH($B74,0)-$B74+1)*$C74) -> 0 | H74: =+(Basis!G198/(EOMONTH($B74,0)-$B74+1)*$C74) -> 0 | I74: =+(Basis!H198/(EOMONTH($B74,0)-$B74+1)*$C74) -> 0 | J74: =+(Basis!I198/(EOMONTH($B74,0)-$B74+1)*$C74) -> 0 | K74: =+(Basis!J198/(EOMONTH($B74,0)-$B74+1)*$C74) -> 0 | L74: =+(Basis!K198/(EOMONTH($B74,0)-$B74+1)*$C74) -> 0 | M74: =+(Basis!L198/(EOMONTH($B74,0)-$B74+1)*$C74) -> 0 | ... AC74: =+(Basis!AB198/(EOMONTH($B74,0)-$B74+1)*$C74) -> 0 | AD74: =+SUM(F74:AC74)*E74 -> 0
B75: =+B74 -> 46784 | C75: =IFERROR(VLOOKUP(B75,'Prod- 1'!$B$10:$E$69,4,0),0) -> 0 | D75: SAB. | E75: =+Basis!D199 -> 4 | F75: =+(Basis!E199/(EOMONTH($B75,0)-$B75+1)*$C75) -> 0 | G75: =+(Basis!F199/(EOMONTH($B75,0)-$B75+1)*$C75) -> 0 | H75: =+(Basis!G199/(EOMONTH($B75,0)-$B75+1)*$C75) -> 0 | I75: =+(Basis!H199/(EOMONTH($B75,0)-$B75+1)*$C75) -> 0 | J75: =+(Basis!I199/(EOMONTH($B75,0)-$B75+1)*$C75) -> 0 | K75: =+(Basis!J199/(EOMONTH($B75,0)-$B75+1)*$C75) -> 0 | L75: =+(Basis!K199/(EOMONTH($B75,0)-$B75+1)*$C75) -> 0 | M75: =+(Basis!L199/(EOMONTH($B75,0)-$B75+1)*$C75) -> 0 | ... AC75: =+(Basis!AB199/(EOMONTH($B75,0)-$B75+1)*$C75) -> 0 | AD75: =+SUM(F75:AC75)*E75 -> 0
B76: =+B75 -> 46784 | C76: =IFERROR(VLOOKUP(B76,'Prod- 1'!$B$10:$E$69,4,0),0) -> 0 | D76: DOM. | E76: =+Basis!D200 -> 4 | F76: =+(Basis!E200/(EOMONTH($B76,0)-$B76+1)*$C76) -> 0 | G76: =+(Basis!F200/(EOMONTH($B76,0)-$B76+1)*$C76) -> 0 | H76: =+(Basis!G200/(EOMONTH($B76,0)-$B76+1)*$C76) -> 0 | I76: =+(Basis!H200/(EOMONTH($B76,0)-$B76+1)*$C76) -> 0 | J76: =+(Basis!I200/(EOMONTH($B76,0)-$B76+1)*$C76) -> 0 | K76: =+(Basis!J200/(EOMONTH($B76,0)-$B76+1)*$C76) -> 0 | L76: =+(Basis!K200/(EOMONTH($B76,0)-$B76+1)*$C76) -> 0 | M76: =+(Basis!L200/(EOMONTH($B76,0)-$B76+1)*$C76) -> 0 | ... AC76: =+(Basis!AB200/(EOMONTH($B76,0)-$B76+1)*$C76) -> 0 | AD76: =+SUM(F76:AC76)*E76 -> 0
B77: =+B76 -> 46784 | C77: =IFERROR(VLOOKUP(B77,'Prod- 1'!$B$10:$E$69,4,0),0) -> 0 | D77: FES. | E77: =+Basis!D201 -> 0 | F77: =+(Basis!E201/(EOMONTH($B77,0)-$B77+1)*$C77) -> 0 | G77: =+(Basis!F201/(EOMONTH($B77,0)-$B77+1)*$C77) -> 0 | H77: =+(Basis!G201/(EOMONTH($B77,0)-$B77+1)*$C77) -> 0 | I77: =+(Basis!H201/(EOMONTH($B77,0)-$B77+1)*$C77) -> 0 | J77: =+(Basis!I201/(EOMONTH($B77,0)-$B77+1)*$C77) -> 0 | K77: =+(Basis!J201/(EOMONTH($B77,0)-$B77+1)*$C77) -> 0 | L77: =+(Basis!K201/(EOMONTH($B77,0)-$B77+1)*$C77) -> 0 | M77: =+(Basis!L201/(EOMONTH($B77,0)-$B77+1)*$C77) -> 0 | ... AC77: =+(Basis!AB201/(EOMONTH($B77,0)-$B77+1)*$C77) -> 0 | AD77: =+SUM(F77:AC77)*E77 -> 0
D78: TOTAL | E78: =+SUM(E74:E77) -> 28 | F78: =+SUMPRODUCT(F74:F77,$E74:$E77) -> 0 | G78: =+SUMPRODUCT(G74:G77,$E74:$E77) -> 0 | H78: =+SUMPRODUCT(H74:H77,$E74:$E77) -> 0 | I78: =+SUMPRODUCT(I74:I77,$E74:$E77) -> 0 | J78: =+SUMPRODUCT(J74:J77,$E74:$E77) -> 0 | K78: =+SUMPRODUCT(K74:K77,$E74:$E77) -> 0 | L78: =+SUMPRODUCT(L74:L77,$E74:$E77) -> 0 | M78: =+SUMPRODUCT(M74:M77,$E74:$E77) -> 0 | ... AC78: =+SUMPRODUCT(AC74:AC77,$E74:$E77) -> 0 | AD78: =+SUM(AD74:AD77) -> 0 | AE78: =+AD78-C74 -> 0
B79: =+EDATE(B74,1) -> 46813 | C79: =IFERROR(VLOOKUP(B79,'Prod- 1'!$B$10:$E$69,4,0),0) -> 0 | D79: ORD. | E79: =+Basis!D203 -> 21 | F79: =+(Basis!E203/(EOMONTH($B79,0)-$B79+1)*$C79) -> 0 | G79: =+(Basis!F203/(EOMONTH($B79,0)-$B79+1)*$C79) -> 0 | H79: =+(Basis!G203/(EOMONTH($B79,0)-$B79+1)*$C79) -> 0 | I79: =+(Basis!H203/(EOMONTH($B79,0)-$B79+1)*$C79) -> 0 | J79: =+(Basis!I203/(EOMONTH($B79,0)-$B79+1)*$C79) -> 0 | K79: =+(Basis!J203/(EOMONTH($B79,0)-$B79+1)*$C79) -> 0 | L79: =+(Basis!K203/(EOMONTH($B79,0)-$B79+1)*$C79) -> 0 | M79: =+(Basis!L203/(EOMONTH($B79,0)-$B79+1)*$C79) -> 0 | ... AC79: =+(Basis!AB203/(EOMONTH($B79,0)-$B79+1)*$C79) -> 0 | AD79: =+SUM(F79:AC79)*E79 -> 0
B80: =+B79 -> 46813 | C80: =IFERROR(VLOOKUP(B80,'Prod- 1'!$B$10:$E$69,4,0),0) -> 0 | D80: SAB. | E80: =+Basis!D204 -> 4 | F80: =+(Basis!E204/(EOMONTH($B80,0)-$B80+1)*$C80) -> 0 | G80: =+(Basis!F204/(EOMONTH($B80,0)-$B80+1)*$C80) -> 0 | H80: =+(Basis!G204/(EOMONTH($B80,0)-$B80+1)*$C80) -> 0 | I80: =+(Basis!H204/(EOMONTH($B80,0)-$B80+1)*$C80) -> 0 | J80: =+(Basis!I204/(EOMONTH($B80,0)-$B80+1)*$C80) -> 0 | K80: =+(Basis!J204/(EOMONTH($B80,0)-$B80+1)*$C80) -> 0 | L80: =+(Basis!K204/(EOMONTH($B80,0)-$B80+1)*$C80) -> 0 | M80: =+(Basis!L204/(EOMONTH($B80,0)-$B80+1)*$C80) -> 0 | ... AC80: =+(Basis!AB204/(EOMONTH($B80,0)-$B80+1)*$C80) -> 0 | AD80: =+SUM(F80:AC80)*E80 -> 0
B81: =+B80 -> 46813 | C81: =IFERROR(VLOOKUP(B81,'Prod- 1'!$B$10:$E$69,4,0),0) -> 0 | D81: DOM. | E81: =+Basis!D205 -> 5 | F81: =+(Basis!E205/(EOMONTH($B81,0)-$B81+1)*$C81) -> 0 | G81: =+(Basis!F205/(EOMONTH($B81,0)-$B81+1)*$C81) -> 0 | H81: =+(Basis!G205/(EOMONTH($B81,0)-$B81+1)*$C81) -> 0 | I81: =+(Basis!H205/(EOMONTH($B81,0)-$B81+1)*$C81) -> 0 | J81: =+(Basis!I205/(EOMONTH($B81,0)-$B81+1)*$C81) -> 0 | K81: =+(Basis!J205/(EOMONTH($B81,0)-$B81+1)*$C81) -> 0 | L81: =+(Basis!K205/(EOMONTH($B81,0)-$B81+1)*$C81) -> 0 | M81: =+(Basis!L205/(EOMONTH($B81,0)-$B81+1)*$C81) -> 0 | ... AC81: =+(Basis!AB205/(EOMONTH($B81,0)-$B81+1)*$C81) -> 0 | AD81: =+SUM(F81:AC81)*E81 -> 0
B82: =+B81 -> 46813 | C82: =IFERROR(VLOOKUP(B82,'Prod- 1'!$B$10:$E$69,4,0),0) -> 0 | D82: FES. | E82: =+Basis!D206 -> 1 | F82: =+(Basis!E206/(EOMONTH($B82,0)-$B82+1)*$C82) -> 0 | G82: =+(Basis!F206/(EOMONTH($B82,0)-$B82+1)*$C82) -> 0 | H82: =+(Basis!G206/(EOMONTH($B82,0)-$B82+1)*$C82) -> 0 | I82: =+(Basis!H206/(EOMONTH($B82,0)-$B82+1)*$C82) -> 0 | J82: =+(Basis!I206/(EOMONTH($B82,0)-$B82+1)*$C82) -> 0 | K82: =+(Basis!J206/(EOMONTH($B82,0)-$B82+1)*$C82) -> 0 | L82: =+(Basis!K206/(EOMONTH($B82,0)-$B82+1)*$C82) -> 0 | M82: =+(Basis!L206/(EOMONTH($B82,0)-$B82+1)*$C82) -> 0 | ... AC82: =+(Basis!AB206/(EOMONTH($B82,0)-$B82+1)*$C82) -> 0 | AD82: =+SUM(F82:AC82)*E82 -> 0
D83: TOTAL | E83: =+SUM(E79:E82) -> 31 | F83: =+SUMPRODUCT(F79:F82,$E79:$E82) -> 0 | G83: =+SUMPRODUCT(G79:G82,$E79:$E82) -> 0 | H83: =+SUMPRODUCT(H79:H82,$E79:$E82) -> 0 | I83: =+SUMPRODUCT(I79:I82,$E79:$E82) -> 0 | J83: =+SUMPRODUCT(J79:J82,$E79:$E82) -> 0 | K83: =+SUMPRODUCT(K79:K82,$E79:$E82) -> 0 | L83: =+SUMPRODUCT(L79:L82,$E79:$E82) -> 0 | M83: =+SUMPRODUCT(M79:M82,$E79:$E82) -> 0 | ... AC83: =+SUMPRODUCT(AC79:AC82,$E79:$E82) -> 0 | AD83: =+SUM(AD79:AD82) -> 0 | AE83: =+AD83-C79 -> 0
B84: =+EDATE(B79,1) -> 46844 | C84: =IFERROR(VLOOKUP(B84,'Prod- 1'!$B$10:$E$69,4,0),0) -> 0 | D84: ORD. | E84: =+Basis!D208 -> 20 | F84: =+(Basis!E208/(EOMONTH($B84,0)-$B84+1)*$C84) -> 0 | G84: =+(Basis!F208/(EOMONTH($B84,0)-$B84+1)*$C84) -> 0 | H84: =+(Basis!G208/(EOMONTH($B84,0)-$B84+1)*$C84) -> 0 | I84: =+(Basis!H208/(EOMONTH($B84,0)-$B84+1)*$C84) -> 0 | J84: =+(Basis!I208/(EOMONTH($B84,0)-$B84+1)*$C84) -> 0 | K84: =+(Basis!J208/(EOMONTH($B84,0)-$B84+1)*$C84) -> 0 | L84: =+(Basis!K208/(EOMONTH($B84,0)-$B84+1)*$C84) -> 0 | M84: =+(Basis!L208/(EOMONTH($B84,0)-$B84+1)*$C84) -> 0 | ... AC84: =+(Basis!AB208/(EOMONTH($B84,0)-$B84+1)*$C84) -> 0 | AD84: =+SUM(F84:AC84)*E84 -> 0
B85: =+B84 -> 46844 | C85: =IFERROR(VLOOKUP(B85,'Prod- 1'!$B$10:$E$69,4,0),0) -> 0 | D85: SAB. | E85: =+Basis!D209 -> 4 | F85: =+(Basis!E209/(EOMONTH($B85,0)-$B85+1)*$C85) -> 0 | G85: =+(Basis!F209/(EOMONTH($B85,0)-$B85+1)*$C85) -> 0 | H85: =+(Basis!G209/(EOMONTH($B85,0)-$B85+1)*$C85) -> 0 | I85: =+(Basis!H209/(EOMONTH($B85,0)-$B85+1)*$C85) -> 0 | J85: =+(Basis!I209/(EOMONTH($B85,0)-$B85+1)*$C85) -> 0 | K85: =+(Basis!J209/(EOMONTH($B85,0)-$B85+1)*$C85) -> 0 | L85: =+(Basis!K209/(EOMONTH($B85,0)-$B85+1)*$C85) -> 0 | M85: =+(Basis!L209/(EOMONTH($B85,0)-$B85+1)*$C85) -> 0 | ... AC85: =+(Basis!AB209/(EOMONTH($B85,0)-$B85+1)*$C85) -> 0 | AD85: =+SUM(F85:AC85)*E85 -> 0
B86: =+B85 -> 46844 | C86: =IFERROR(VLOOKUP(B86,'Prod- 1'!$B$10:$E$69,4,0),0) -> 0 | D86: DOM. | E86: =+Basis!D210 -> 4 | F86: =+(Basis!E210/(EOMONTH($B86,0)-$B86+1)*$C86) -> 0 | G86: =+(Basis!F210/(EOMONTH($B86,0)-$B86+1)*$C86) -> 0 | H86: =+(Basis!G210/(EOMONTH($B86,0)-$B86+1)*$C86) -> 0 | I86: =+(Basis!H210/(EOMONTH($B86,0)-$B86+1)*$C86) -> 0 | J86: =+(Basis!I210/(EOMONTH($B86,0)-$B86+1)*$C86) -> 0 | K86: =+(Basis!J210/(EOMONTH($B86,0)-$B86+1)*$C86) -> 0 | L86: =+(Basis!K210/(EOMONTH($B86,0)-$B86+1)*$C86) -> 0 | M86: =+(Basis!L210/(EOMONTH($B86,0)-$B86+1)*$C86) -> 0 | ... AC86: =+(Basis!AB210/(EOMONTH($B86,0)-$B86+1)*$C86) -> 0 | AD86: =+SUM(F86:AC86)*E86 -> 0
B87: =+B86 -> 46844 | C87: =IFERROR(VLOOKUP(B87,'Prod- 1'!$B$10:$E$69,4,0),0) -> 0 | D87: FES. | E87: =+Basis!D211 -> 2 | F87: =+(Basis!E211/(EOMONTH($B87,0)-$B87+1)*$C87) -> 0 | G87: =+(Basis!F211/(EOMONTH($B87,0)-$B87+1)*$C87) -> 0 | H87: =+(Basis!G211/(EOMONTH($B87,0)-$B87+1)*$C87) -> 0 | I87: =+(Basis!H211/(EOMONTH($B87,0)-$B87+1)*$C87) -> 0 | J87: =+(Basis!I211/(EOMONTH($B87,0)-$B87+1)*$C87) -> 0 | K87: =+(Basis!J211/(EOMONTH($B87,0)-$B87+1)*$C87) -> 0 | L87: =+(Basis!K211/(EOMONTH($B87,0)-$B87+1)*$C87) -> 0 | M87: =+(Basis!L211/(EOMONTH($B87,0)-$B87+1)*$C87) -> 0 | ... AC87: =+(Basis!AB211/(EOMONTH($B87,0)-$B87+1)*$C87) -> 0 | AD87: =+SUM(F87:AC87)*E87 -> 0
D88: TOTAL | E88: =+SUM(E84:E87) -> 30 | F88: =+SUMPRODUCT(F84:F87,$E84:$E87) -> 0 | G88: =+SUMPRODUCT(G84:G87,$E84:$E87) -> 0 | H88: =+SUMPRODUCT(H84:H87,$E84:$E87) -> 0 | I88: =+SUMPRODUCT(I84:I87,$E84:$E87) -> 0 | J88: =+SUMPRODUCT(J84:J87,$E84:$E87) -> 0 | K88: =+SUMPRODUCT(K84:K87,$E84:$E87) -> 0 | L88: =+SUMPRODUCT(L84:L87,$E84:$E87) -> 0 | M88: =+SUMPRODUCT(M84:M87,$E84:$E87) -> 0 | ... AC88: =+SUMPRODUCT(AC84:AC87,$E84:$E87) -> 0 | AD88: =+SUM(AD84:AD87) -> 0 | AE88: =+AD88-C84 -> 0
B89: =+EDATE(B84,1) -> 46874 | C89: =IFERROR(VLOOKUP(B89,'Prod- 1'!$B$10:$E$69,4,0),0) -> 0 | D89: ORD. | E89: =+Basis!D213 -> 19 | F89: =+(Basis!E213/(EOMONTH($B89,0)-$B89+1)*$C89) -> 0 | G89: =+(Basis!F213/(EOMONTH($B89,0)-$B89+1)*$C89) -> 0 | H89: =+(Basis!G213/(EOMONTH($B89,0)-$B89+1)*$C89) -> 0 | I89: =+(Basis!H213/(EOMONTH($B89,0)-$B89+1)*$C89) -> 0 | J89: =+(Basis!I213/(EOMONTH($B89,0)-$B89+1)*$C89) -> 0 | K89: =+(Basis!J213/(EOMONTH($B89,0)-$B89+1)*$C89) -> 0 | L89: =+(Basis!K213/(EOMONTH($B89,0)-$B89+1)*$C89) -> 0 | M89: =+(Basis!L213/(EOMONTH($B89,0)-$B89+1)*$C89) -> 0 | ... AC89: =+(Basis!AB213/(EOMONTH($B89,0)-$B89+1)*$C89) -> 0 | AD89: =+SUM(F89:AC89)*E89 -> 0
B90: =+B89 -> 46874 | C90: =IFERROR(VLOOKUP(B90,'Prod- 1'!$B$10:$E$69,4,0),0) -> 0 | D90: SAB. | E90: =+Basis!D214 -> 5 | F90: =+(Basis!E214/(EOMONTH($B90,0)-$B90+1)*$C90) -> 0 | G90: =+(Basis!F214/(EOMONTH($B90,0)-$B90+1)*$C90) -> 0 | H90: =+(Basis!G214/(EOMONTH($B90,0)-$B90+1)*$C90) -> 0 | I90: =+(Basis!H214/(EOMONTH($B90,0)-$B90+1)*$C90) -> 0 | J90: =+(Basis!I214/(EOMONTH($B90,0)-$B90+1)*$C90) -> 0 | K90: =+(Basis!J214/(EOMONTH($B90,0)-$B90+1)*$C90) -> 0 | L90: =+(Basis!K214/(EOMONTH($B90,0)-$B90+1)*$C90) -> 0 | M90: =+(Basis!L214/(EOMONTH($B90,0)-$B90+1)*$C90) -> 0 | ... AC90: =+(Basis!AB214/(EOMONTH($B90,0)-$B90+1)*$C90) -> 0 | AD90: =+SUM(F90:AC90)*E90 -> 0
B91: =+B90 -> 46874 | C91: =IFERROR(VLOOKUP(B91,'Prod- 1'!$B$10:$E$69,4,0),0) -> 0 | D91: DOM. | E91: =+Basis!D215 -> 5 | F91: =+(Basis!E215/(EOMONTH($B91,0)-$B91+1)*$C91) -> 0 | G91: =+(Basis!F215/(EOMONTH($B91,0)-$B91+1)*$C91) -> 0 | H91: =+(Basis!G215/(EOMONTH($B91,0)-$B91+1)*$C91) -> 0 | I91: =+(Basis!H215/(EOMONTH($B91,0)-$B91+1)*$C91) -> 0 | J91: =+(Basis!I215/(EOMONTH($B91,0)-$B91+1)*$C91) -> 0 | K91: =+(Basis!J215/(EOMONTH($B91,0)-$B91+1)*$C91) -> 0 | L91: =+(Basis!K215/(EOMONTH($B91,0)-$B91+1)*$C91) -> 0 | M91: =+(Basis!L215/(EOMONTH($B91,0)-$B91+1)*$C91) -> 0 | ... AC91: =+(Basis!AB215/(EOMONTH($B91,0)-$B91+1)*$C91) -> 0 | AD91: =+SUM(F91:AC91)*E91 -> 0
B92: =+B91 -> 46874 | C92: =IFERROR(VLOOKUP(B92,'Prod- 1'!$B$10:$E$69,4,0),0) -> 0 | D92: FES. | E92: =+Basis!D216 -> 2 | F92: =+(Basis!E216/(EOMONTH($B92,0)-$B92+1)*$C92) -> 0 | G92: =+(Basis!F216/(EOMONTH($B92,0)-$B92+1)*$C92) -> 0 | H92: =+(Basis!G216/(EOMONTH($B92,0)-$B92+1)*$C92) -> 0 | I92: =+(Basis!H216/(EOMONTH($B92,0)-$B92+1)*$C92) -> 0 | J92: =+(Basis!I216/(EOMONTH($B92,0)-$B92+1)*$C92) -> 0 | K92: =+(Basis!J216/(EOMONTH($B92,0)-$B92+1)*$C92) -> 0 | L92: =+(Basis!K216/(EOMONTH($B92,0)-$B92+1)*$C92) -> 0 | M92: =+(Basis!L216/(EOMONTH($B92,0)-$B92+1)*$C92) -> 0 | ... AC92: =+(Basis!AB216/(EOMONTH($B92,0)-$B92+1)*$C92) -> 0 | AD92: =+SUM(F92:AC92)*E92 -> 0
D93: TOTAL | E93: =+SUM(E89:E92) -> 31 | F93: =+SUMPRODUCT(F89:F92,$E89:$E92) -> 0 | G93: =+SUMPRODUCT(G89:G92,$E89:$E92) -> 0 | H93: =+SUMPRODUCT(H89:H92,$E89:$E92) -> 0 | I93: =+SUMPRODUCT(I89:I92,$E89:$E92) -> 0 | J93: =+SUMPRODUCT(J89:J92,$E89:$E92) -> 0 | K93: =+SUMPRODUCT(K89:K92,$E89:$E92) -> 0 | L93: =+SUMPRODUCT(L89:L92,$E89:$E92) -> 0 | M93: =+SUMPRODUCT(M89:M92,$E89:$E92) -> 0 | ... AC93: =+SUMPRODUCT(AC89:AC92,$E89:$E92) -> 0 | AD93: =+SUM(AD89:AD92) -> 0 | AE93: =+AD93-C89 -> 0
B94: =+EDATE(B89,1) -> 46905 | C94: =IFERROR(VLOOKUP(B94,'Prod- 1'!$B$10:$E$69,4,0),0) -> 0 | D94: ORD. | E94: =+Basis!D218 -> 19 | F94: =+(Basis!E218/(EOMONTH($B94,0)-$B94+1)*$C94) -> 0 | G94: =+(Basis!F218/(EOMONTH($B94,0)-$B94+1)*$C94) -> 0 | H94: =+(Basis!G218/(EOMONTH($B94,0)-$B94+1)*$C94) -> 0 | I94: =+(Basis!H218/(EOMONTH($B94,0)-$B94+1)*$C94) -> 0 | J94: =+(Basis!I218/(EOMONTH($B94,0)-$B94+1)*$C94) -> 0 | K94: =+(Basis!J218/(EOMONTH($B94,0)-$B94+1)*$C94) -> 0 | L94: =+(Basis!K218/(EOMONTH($B94,0)-$B94+1)*$C94) -> 0 | M94: =+(Basis!L218/(EOMONTH($B94,0)-$B94+1)*$C94) -> 0 | ... AC94: =+(Basis!AB218/(EOMONTH($B94,0)-$B94+1)*$C94) -> 0 | AD94: =+SUM(F94:AC94)*E94 -> 0
B95: =+B94 -> 46905 | C95: =IFERROR(VLOOKUP(B95,'Prod- 1'!$B$10:$E$69,4,0),0) -> 0 | D95: SAB. | E95: =+Basis!D219 -> 4 | F95: =+(Basis!E219/(EOMONTH($B95,0)-$B95+1)*$C95) -> 0 | G95: =+(Basis!F219/(EOMONTH($B95,0)-$B95+1)*$C95) -> 0 | H95: =+(Basis!G219/(EOMONTH($B95,0)-$B95+1)*$C95) -> 0 | I95: =+(Basis!H219/(EOMONTH($B95,0)-$B95+1)*$C95) -> 0 | J95: =+(Basis!I219/(EOMONTH($B95,0)-$B95+1)*$C95) -> 0 | K95: =+(Basis!J219/(EOMONTH($B95,0)-$B95+1)*$C95) -> 0 | L95: =+(Basis!K219/(EOMONTH($B95,0)-$B95+1)*$C95) -> 0 | M95: =+(Basis!L219/(EOMONTH($B95,0)-$B95+1)*$C95) -> 0 | ... AC95: =+(Basis!AB219/(EOMONTH($B95,0)-$B95+1)*$C95) -> 0 | AD95: =+SUM(F95:AC95)*E95 -> 0
B96: =+B95 -> 46905 | C96: =IFERROR(VLOOKUP(B96,'Prod- 1'!$B$10:$E$69,4,0),0) -> 0 | D96: DOM. | E96: =+Basis!D220 -> 4 | F96: =+(Basis!E220/(EOMONTH($B96,0)-$B96+1)*$C96) -> 0 | G96: =+(Basis!F220/(EOMONTH($B96,0)-$B96+1)*$C96) -> 0 | H96: =+(Basis!G220/(EOMONTH($B96,0)-$B96+1)*$C96) -> 0 | I96: =+(Basis!H220/(EOMONTH($B96,0)-$B96+1)*$C96) -> 0 | J96: =+(Basis!I220/(EOMONTH($B96,0)-$B96+1)*$C96) -> 0 | K96: =+(Basis!J220/(EOMONTH($B96,0)-$B96+1)*$C96) -> 0 | L96: =+(Basis!K220/(EOMONTH($B96,0)-$B96+1)*$C96) -> 0 | M96: =+(Basis!L220/(EOMONTH($B96,0)-$B96+1)*$C96) -> 0 | ... AC96: =+(Basis!AB220/(EOMONTH($B96,0)-$B96+1)*$C96) -> 0 | AD96: =+SUM(F96:AC96)*E96 -> 0
B97: =+B96 -> 46905 | C97: =IFERROR(VLOOKUP(B97,'Prod- 1'!$B$10:$E$69,4,0),0) -> 0 | D97: FES. | E97: =+Basis!D221 -> 3 | F97: =+(Basis!E221/(EOMONTH($B97,0)-$B97+1)*$C97) -> 0 | G97: =+(Basis!F221/(EOMONTH($B97,0)-$B97+1)*$C97) -> 0 | H97: =+(Basis!G221/(EOMONTH($B97,0)-$B97+1)*$C97) -> 0 | I97: =+(Basis!H221/(EOMONTH($B97,0)-$B97+1)*$C97) -> 0 | J97: =+(Basis!I221/(EOMONTH($B97,0)-$B97+1)*$C97) -> 0 | K97: =+(Basis!J221/(EOMONTH($B97,0)-$B97+1)*$C97) -> 0 | L97: =+(Basis!K221/(EOMONTH($B97,0)-$B97+1)*$C97) -> 0 | M97: =+(Basis!L221/(EOMONTH($B97,0)-$B97+1)*$C97) -> 0 | ... AC97: =+(Basis!AB221/(EOMONTH($B97,0)-$B97+1)*$C97) -> 0 | AD97: =+SUM(F97:AC97)*E97 -> 0
D98: TOTAL | E98: =+SUM(E94:E97) -> 30 | F98: =+SUMPRODUCT(F94:F97,$E94:$E97) -> 0 | G98: =+SUMPRODUCT(G94:G97,$E94:$E97) -> 0 | H98: =+SUMPRODUCT(H94:H97,$E94:$E97) -> 0 | I98: =+SUMPRODUCT(I94:I97,$E94:$E97) -> 0 | J98: =+SUMPRODUCT(J94:J97,$E94:$E97) -> 0 | K98: =+SUMPRODUCT(K94:K97,$E94:$E97) -> 0 | L98: =+SUMPRODUCT(L94:L97,$E94:$E97) -> 0 | M98: =+SUMPRODUCT(M94:M97,$E94:$E97) -> 0 | ... AC98: =+SUMPRODUCT(AC94:AC97,$E94:$E97) -> 0 | AD98: =+SUM(AD94:AD97) -> 0 | AE98: =+AD98-C94 -> 0
B99: =+EDATE(B94,1) -> 46935 | C99: =IFERROR(VLOOKUP(B99,'Prod- 1'!$B$10:$E$69,4,0),0) -> 0 | D99: ORD. | E99: =+Basis!D223 -> 22 | F99: =+(Basis!E223/(EOMONTH($B99,0)-$B99+1)*$C99) -> 0 | G99: =+(Basis!F223/(EOMONTH($B99,0)-$B99+1)*$C99) -> 0 | H99: =+(Basis!G223/(EOMONTH($B99,0)-$B99+1)*$C99) -> 0 | I99: =+(Basis!H223/(EOMONTH($B99,0)-$B99+1)*$C99) -> 0 | J99: =+(Basis!I223/(EOMONTH($B99,0)-$B99+1)*$C99) -> 0 | K99: =+(Basis!J223/(EOMONTH($B99,0)-$B99+1)*$C99) -> 0 | L99: =+(Basis!K223/(EOMONTH($B99,0)-$B99+1)*$C99) -> 0 | M99: =+(Basis!L223/(EOMONTH($B99,0)-$B99+1)*$C99) -> 0 | ... AC99: =+(Basis!AB223/(EOMONTH($B99,0)-$B99+1)*$C99) -> 0 | AD99: =+SUM(F99:AC99)*E99 -> 0
B100: =+B99 -> 46935 | C100: =IFERROR(VLOOKUP(B100,'Prod- 1'!$B$10:$E$69,4,0),0) -> 0 | D100: SAB. | E100: =+Basis!D224 -> 4 | F100: =+(Basis!E224/(EOMONTH($B100,0)-$B100+1)*$C100) -> 0 | G100: =+(Basis!F224/(EOMONTH($B100,0)-$B100+1)*$C100) -> 0 | H100: =+(Basis!G224/(EOMONTH($B100,0)-$B100+1)*$C100) -> 0 | I100: =+(Basis!H224/(EOMONTH($B100,0)-$B100+1)*$C100) -> 0 | J100: =+(Basis!I224/(EOMONTH($B100,0)-$B100+1)*$C100) -> 0 | K100: =+(Basis!J224/(EOMONTH($B100,0)-$B100+1)*$C100) -> 0 | L100: =+(Basis!K224/(EOMONTH($B100,0)-$B100+1)*$C100) -> 0 | M100: =+(Basis!L224/(EOMONTH($B100,0)-$B100+1)*$C100) -> 0 | ... AC100: =+(Basis!AB224/(EOMONTH($B100,0)-$B100+1)*$C100) -> 0 | AD100: =+SUM(F100:AC100)*E100 -> 0
B101: =+B100 -> 46935 | C101: =IFERROR(VLOOKUP(B101,'Prod- 1'!$B$10:$E$69,4,0),0) -> 0 | D101: DOM. | E101: =+Basis!D225 -> 4 | F101: =+(Basis!E225/(EOMONTH($B101,0)-$B101+1)*$C101) -> 0 | G101: =+(Basis!F225/(EOMONTH($B101,0)-$B101+1)*$C101) -> 0 | H101: =+(Basis!G225/(EOMONTH($B101,0)-$B101+1)*$C101) -> 0 | I101: =+(Basis!H225/(EOMONTH($B101,0)-$B101+1)*$C101) -> 0 | J101: =+(Basis!I225/(EOMONTH($B101,0)-$B101+1)*$C101) -> 0 | K101: =+(Basis!J225/(EOMONTH($B101,0)-$B101+1)*$C101) -> 0 | L101: =+(Basis!K225/(EOMONTH($B101,0)-$B101+1)*$C101) -> 0 | M101: =+(Basis!L225/(EOMONTH($B101,0)-$B101+1)*$C101) -> 0 | ... AC101: =+(Basis!AB225/(EOMONTH($B101,0)-$B101+1)*$C101) -> 0 | AD101: =+SUM(F101:AC101)*E101 -> 0
B102: =+B101 -> 46935 | C102: =IFERROR(VLOOKUP(B102,'Prod- 1'!$B$10:$E$69,4,0),0) -> 0 | D102: FES. | E102: =+Basis!D226 -> 1 | F102: =+(Basis!E226/(EOMONTH($B102,0)-$B102+1)*$C102) -> 0 | G102: =+(Basis!F226/(EOMONTH($B102,0)-$B102+1)*$C102) -> 0 | H102: =+(Basis!G226/(EOMONTH($B102,0)-$B102+1)*$C102) -> 0 | I102: =+(Basis!H226/(EOMONTH($B102,0)-$B102+1)*$C102) -> 0 | J102: =+(Basis!I226/(EOMONTH($B102,0)-$B102+1)*$C102) -> 0 | K102: =+(Basis!J226/(EOMONTH($B102,0)-$B102+1)*$C102) -> 0 | L102: =+(Basis!K226/(EOMONTH($B102,0)-$B102+1)*$C102) -> 0 | M102: =+(Basis!L226/(EOMONTH($B102,0)-$B102+1)*$C102) -> 0 | ... AC102: =+(Basis!AB226/(EOMONTH($B102,0)-$B102+1)*$C102) -> 0 | AD102: =+SUM(F102:AC102)*E102 -> 0
D103: TOTAL | E103: =+SUM(E99:E102) -> 31 | F103: =+SUMPRODUCT(F99:F102,$E99:$E102) -> 0 | G103: =+SUMPRODUCT(G99:G102,$E99:$E102) -> 0 | H103: =+SUMPRODUCT(H99:H102,$E99:$E102) -> 0 | I103: =+SUMPRODUCT(I99:I102,$E99:$E102) -> 0 | J103: =+SUMPRODUCT(J99:J102,$E99:$E102) -> 0 | K103: =+SUMPRODUCT(K99:K102,$E99:$E102) -> 0 | L103: =+SUMPRODUCT(L99:L102,$E99:$E102) -> 0 | M103: =+SUMPRODUCT(M99:M102,$E99:$E102) -> 0 | ... AC103: =+SUMPRODUCT(AC99:AC102,$E99:$E102) -> 0 | AD103: =+SUM(AD99:AD102) -> 0 | AE103: =+AD103-C99 -> 0
...
