Workbook

Sheet Anexo 1
B3: ANEXO No 1 - PRODUCTO No. 1 - CURVA
B4: PAGUE LO CONTRATADO AÑO 2026
B5: PRECIO OFERTADO EN $ / kWh DE ABRIL DE 2025
B8: MES | C8: ENERGIA SOLICITADA kWh/MES | D8: % OFERTADO ANUAL | E8: ENERGIA OFERTADA kWh/MES | F8: PRECIO OFERTADO ANUAL $/kWh
B10: 46023 | C10: =+'Anexo 11'!AC6 -> 12390605 | E10: =+'Cantidades Ofertadas Prod 1'!AC6 -> 0
B11: 46054 | C11: =+'Anexo 11'!AC9 -> 11417324 | E11: =+'Cantidades Ofertadas Prod 1'!AC9 -> 0
B12: 46082 | C12: =+'Anexo 11'!AC12 -> 12298630 | E12: =+'Cantidades Ofertadas Prod 1'!AC12 -> 0
B13: 46113 | C13: =+'Anexo 11'!AC15 -> 11627746 | E13: =+'Cantidades Ofertadas Prod 1'!AC15 -> 0
B14: 46143 | C14: =+'Anexo 11'!AC18 -> 12073036 | E14: =+'Cantidades Ofertadas Prod 1'!AC18 -> 0
B15: 46174 | C15: =+'Anexo 11'!AC21 -> 11688903 | E15: =+'Cantidades Ofertadas Prod 1'!AC21 -> 0
B16: 46204 | C16: =+'Anexo 11'!AC24 -> 12412726 | E16: =+'Cantidades Ofertadas Prod 1'!AC24 -> 0
B17: 46235 | C17: =+'Anexo 11'!AC27 -> 12586725 | E17: =+'Cantidades Ofertadas Prod 1'!AC27 -> 0
B18: 46266 | C18: =+'Anexo 11'!AC30 -> 12409140 | E18: =+'Cantidades Ofertadas Prod 1'!AC30 -> 0
B19: 46296 | C19: =+'Anexo 11'!AC33 -> 12283132 | E19: =+'Cantidades Ofertadas Prod 1'!AC33 -> 0
B20: 46327 | C20: =+'Anexo 11'!AC36 -> 11629733 | E20: =+'Cantidades Ofertadas Prod 1'!AC36 -> 0
B21: 46357 | C21: =+'Anexo 11'!AC39 -> 12526287 | E21: =+'Cantidades Ofertadas Prod 1'!AC39 -> 0
B22: TOTAL | C22: =+SUM(C10:C21) -> 145343987 | E22: =SUM(E10:E21) -> 0 | F22: =+F10 -> 0
B23: *Solo se debe ingresar valores en las celdas en color Naranja
B24: * Se debe ofertar un unico % para todos los meses del año.
B25: * Los % ofertados se aplicaran a las curvas de carga de la hoja "Anexo 11".
B26: * La energia ofertada se calcula de manera automatica en la hoja "Cantidades Ofertadas Prod 1"
B27: * Se debe ofertar un unico precio por producto.
B28: * Para ofertas planas se debe diligenciar el anexo 1A, con un tope horario de 16.591 kWh
B31: ____________________________________________
B32: Firma del Representante Legal
B33: o Apoderado General (Responsable del negocio)

Sheet Anexo 1A
B3: ANEXO No 1A - PRODUCTO No. 1 - OFERTA PLANA
B4: PAGUE LO CONTRATADO AÑO 2026
B5: PRECIO OFERTADO EN $ / kWh DE ABRIL DE 2025
B8: MES | C8: ENERGIA MAXIMA A OFERTAR kWh/MES | D8: kWh OFERTADO | E8: ENERGIA OFERTADA kWh/MES | F8: PRECIO OFERTADO ANUAL $/kWh
A9: 16591
A10: 31 | B10: 46023 | C10: =+$A$9*A10*24 -> 12343704 | E10: =+$D$10*A10*24 -> 0
A11: 28 | B11: 46054 | C11: =+$A$9*A11*24 -> 11149152 | E11: =+$D$10*A11*24 -> 0
A12: 31 | B12: 46082 | C12: =+$A$9*A12*24 -> 12343704 | E12: =+$D$10*A12*24 -> 0
A13: 30 | B13: 46113 | C13: =+$A$9*A13*24 -> 11945520 | E13: =+$D$10*A13*24 -> 0
A14: 31 | B14: 46143 | C14: =+$A$9*A14*24 -> 12343704 | E14: =+$D$10*A14*24 -> 0
A15: 30 | B15: 46174 | C15: =+$A$9*A15*24 -> 11945520 | E15: =+$D$10*A15*24 -> 0
A16: 31 | B16: 46204 | C16: =+$A$9*A16*24 -> 12343704 | E16: =+$D$10*A16*24 -> 0
A17: 31 | B17: 46235 | C17: =+$A$9*A17*24 -> 12343704 | E17: =+$D$10*A17*24 -> 0
A18: 30 | B18: 46266 | C18: =+$A$9*A18*24 -> 11945520 | E18: =+$D$10*A18*24 -> 0
A19: 31 | B19: 46296 | C19: =+$A$9*A19*24 -> 12343704 | E19: =+$D$10*A19*24 -> 0
A20: 30 | B20: 46327 | C20: =+$A$9*A20*24 -> 11945520 | E20: =+$D$10*A20*24 -> 0
A21: 31 | B21: 46357 | C21: =+$A$9*A21*24 -> 12343704 | E21: =+$D$10*A21*24 -> 0
B22: TOTAL | C22: =+SUM(C10:C21) -> 145337160 | E22: =SUM(E10:E21) -> 0 | F22: =+F10 -> 0
B23: *Solo se debe ingresar valores en las celdas en color Naranja
B24: * Se debe oferta un valor de kWh el cual se aplica para todas las horas del año, con un tope horario de 16.591 kWh
B25: * Se debe ofertar un unico precio por producto.
B26: * A las ofertas planas al momento de la evaluación se le adicionarán 5 $/kWh al precio ofertado; con el fin de hacerlas comparables con las Ofertas que siguen la curva
B31: ____________________________________________
B32: Firma del Representante Legal
B33: o Apoderado General (Responsable del negocio)

Sheet Anexo 11
A1: CURVAS REQUERIDAS PRODUCTO 1 AÑO 2026 MODALIDAD PAGUE LO CONTRATADO - kWh
A4: Periodo | B4: Tipo de día | C4: H01 | D4: H02 | E4: H03 | F4: H04 | G4: H05 | H4: H06 | I4: H07 | J4: H08 | K4: H09 | L4: H10 | M4: H11 | N4: H12 | O4: H13 | P4: H14 | Q4: H15 | R4: H16 | S4: H17 | T4: H18 | U4: H19 | V4: H20 | W4: H21 | X4: H22 | Y4: H23 | Z4: H24 | AA4: TOTAL DÍA | AB4: Días/ | AC4: TOTAL MES
AB5: mes
A6: 46023 | B6: O | C6: 13462 | D6: 12684 | E6: 12216 | F6: 11974 | G6: 12141 | H6: 12865 | I6: 13552 | J6: 14839 | K6: 16287 | L6: 17384 | M6: 18501 | N6: 19554 | O6: 19375 | P6: 19399 | Q6: 19722 | R6: 19784 | S6: 19557 | T6: 19134 | U6: 20540 | V6: 21711 | W6: 20924 | X6: 19543 | Y6: 17324 | Z6: 15082 | AA6: =SUM(C6:Z6) -> 407554 | AB6: 20 | AC6: =+AA6*AB6+AA7*AB7+AA8*AB8 -> 12390605
B7: S | C7: 13787 | D7: 12908 | E7: 12372 | F7: 12034 | G7: 12045 | H7: 12449 | I7: 12921 | J7: 14230 | K7: 15848 | L7: 17070 | M7: 17985 | N7: 18890 | O7: 18988 | P7: 18801 | Q7: 18597 | R7: 18497 | S7: 18358 | T7: 18340 | U7: 20103 | V7: 21359 | W7: 20500 | X7: 19220 | Y7: 17404 | Z7: 15583 | AA7: =SUM(C7:Z7) -> 398289 | AB7: 5
B8: F | C8: 14453 | D8: 13504 | E8: 12874 | F8: 12430 | G8: 12213 | H8: 12298 | I8: 12177 | J8: 12897 | K8: 14128 | L8: 15213 | M8: 16014 | N8: 16847 | O8: 17341 | P8: 17282 | Q8: 16969 | R8: 16788 | S8: 16697 | T8: 16787 | U8: 18710 | V8: 20083 | W8: 19523 | X8: 18326 | Y8: 16481 | Z8: 14645 | AA8: =SUM(C8:Z8) -> 374680 | AB8: 6
A9: 46054 | B9: O | C9: 13541 | D9: 12792 | E9: 12362 | F9: 12150 | G9: 12395 | H9: 13517 | I9: 14412 | J9: 15383 | K9: 16671 | L9: 17636 | M9: 18691 | N9: 19668 | O9: 19275 | P9: 19425 | Q9: 19879 | R9: 19960 | S9: 19738 | T9: 19222 | U9: 20296 | V9: 21832 | W9: 21075 | X9: 19630 | Y9: 17349 | Z9: 15079 | AA9: =SUM(C9:Z9) -> 411978 | AB9: 20 | AC9: =+AA9*AB9+AA10*AB10+AA11*AB11 -> 11417324
B10: S | C10: 14042 | D10: 13212 | E10: 12678 | F10: 12372 | G10: 12408 | H10: 12843 | I10: 13539 | J10: 14847 | K10: 16528 | L10: 17699 | M10: 18630 | N10: 19533 | O10: 19558 | P10: 19308 | Q10: 19093 | R10: 18975 | S10: 18814 | T10: 18755 | U10: 20181 | V10: 21726 | W10: 20876 | X10: 19667 | Y10: 17938 | Z10: 16018 | AA10: =SUM(C10:Z10) -> 409240 | AB10: 4
B11: F | C11: 14585 | D11: 13642 | E11: 13068 | F11: 12637 | G11: 12499 | H11: 12628 | I11: 12732 | J11: 13575 | K11: 14926 | L11: 16031 | M11: 16764 | N11: 17556 | O11: 17999 | P11: 17855 | Q11: 17501 | R11: 17287 | S11: 17179 | T11: 17270 | U11: 18803 | V11: 20510 | W11: 19989 | X11: 18749 | Y11: 16712 | Z11: 14704 | AA11: =SUM(C11:Z11) -> 385201 | AB11: 4
A12: 46082 | B12: O | C12: 13253 | D12: 12536 | E12: 12139 | F12: 11941 | G12: 12204 | H12: 13305 | I12: 14076 | J12: 15150 | K12: 16388 | L12: 17314 | M12: 18302 | N12: 19192 | O12: 18838 | P12: 18916 | Q12: 19306 | R12: 19370 | S12: 19200 | T12: 18838 | U12: 20177 | V12: 21488 | W12: 20707 | X12: 19237 | Y12: 17002 | Z12: 14795 | AA12: =SUM(C12:Z12) -> 403674 | AB12: 21 | AC12: =+AA12*AB12+AA13*AB13+AA14*AB14 -> 12298630
B13: S | C13: 13671 | D13: 12843 | E13: 12403 | F13: 12151 | G13: 12166 | H13: 12628 | I13: 13031 | J13: 14466 | K13: 16025 | L13: 17156 | M13: 18054 | N13: 18802 | O13: 18787 | P13: 18521 | Q13: 18321 | R13: 18171 | S13: 17976 | T13: 17989 | U13: 19616 | V13: 20853 | W13: 20045 | X13: 18889 | Y13: 17169 | Z13: 15431 | AA13: =SUM(C13:Z13) -> 395164 | AB13: 4
B14: F | C14: 14089 | D14: 13178 | E14: 12642 | F14: 12278 | G14: 12128 | H14: 12306 | I14: 12262 | J14: 13173 | K14: 14414 | L14: 15414 | M14: 16112 | N14: 16905 | O14: 17377 | P14: 17245 | Q14: 16883 | R14: 16721 | S14: 16616 | T14: 16746 | U14: 18503 | V14: 19960 | W14: 19398 | X14: 18235 | Y14: 16344 | Z14: 14541 | AA14: =SUM(C14:Z14) -> 373470 | AB14: 6
A15: 46113 | B15: O | C15: 12948 | D15: 12261 | E15: 11848 | F15: 11657 | G15: 11899 | H15: 12787 | I15: 13440 | J15: 14624 | K15: 15861 | L15: 16830 | M15: 17853 | N15: 18779 | O15: 18448 | P15: 18533 | Q15: 18900 | R15: 18937 | S15: 18747 | T15: 18470 | U15: 20082 | V15: 21041 | W15: 20300 | X15: 18816 | Y15: 16570 | Z15: 14421 | AA15: =SUM(C15:Z15) -> 394052 | AB15: 20 | AC15: =+AA15*AB15+AA16*AB16+AA17*AB17 -> 11627746
B16: S | C16: 13224 | D16: 12440 | E16: 11937 | F16: 11639 | G16: 11694 | H16: 12030 | I16: 12452 | J16: 13950 | K16: 15486 | L16: 16651 | M16: 17493 | N16: 18449 | O16: 18507 | P16: 18285 | Q16: 18082 | R16: 17943 | S16: 17892 | T16: 17978 | U16: 19812 | V16: 20826 | W16: 19973 | X16: 18736 | Y16: 16994 | Z16: 15217 | AA16: =SUM(C16:Z16) -> 387690 | AB16: 4
B17: F | C17: 13781 | D17: 12902 | E17: 12333 | F17: 11946 | G17: 11796 | H17: 11776 | I17: 11868 | J17: 12896 | K17: 14099 | L17: 15155 | M17: 15906 | N17: 16672 | O17: 17118 | P17: 16995 | Q17: 16610 | R17: 16429 | S17: 16325 | T17: 16473 | U17: 18431 | V17: 19603 | W17: 18989 | X17: 17793 | Y17: 15961 | Z17: 14134 | AA17: =SUM(C17:Z17) -> 365991 | AB17: 6
A18: 46143 | B18: O | C18: 12967 | D18: 12257 | E18: 11862 | F18: 11664 | G18: 11898 | H18: 12659 | I18: 13455 | J18: 14698 | K18: 15969 | L18: 16967 | M18: 17970 | N18: 18923 | O18: 18635 | P18: 18631 | Q18: 18918 | R18: 18952 | S18: 18758 | T18: 18532 | U18: 20215 | V18: 21170 | W18: 20342 | X18: 18853 | Y18: 16571 | Z18: 14458 | AA18: =SUM(C18:Z18) -> 395324 | AB18: 19 | AC18: =+AA18*AB18+AA19*AB19+AA20*AB20 -> 12073036
B19: S | C19: 13447 | D19: 12669 | E19: 12200 | F19: 11923 | G19: 11971 | H19: 12167 | I19: 12804 | J19: 14310 | K19: 15881 | L19: 17095 | M19: 17926 | N19: 18685 | O19: 18688 | P19: 18391 | Q19: 18088 | R19: 17905 | S19: 17772 | T19: 17936 | U19: 19929 | V19: 20738 | W19: 19916 | X19: 18656 | Y19: 16903 | Z19: 15156 | AA19: =SUM(C19:Z19) -> 391156 | AB19: 5
B20: F | C20: 13682 | D20: 12832 | E20: 12304 | F20: 11953 | G20: 11845 | H20: 11711 | I20: 11952 | J20: 13097 | K20: 14371 | L20: 15502 | M20: 16275 | N20: 17083 | O20: 17437 | P20: 17366 | Q20: 16945 | R20: 17418 | S20: 16649 | T20: 16832 | U20: 18856 | V20: 20033 | W20: 19401 | X20: 18129 | Y20: 16245 | Z20: 14382 | AA20: =SUM(C20:Z20) -> 372300 | AB20: 7
A21: 46174 | B21: O | C21: 12814 | D21: 12089 | E21: 11727 | F21: 11532 | G21: 11747 | H21: 12401 | I21: 13262 | J21: 14574 | K21: 15900 | L21: 16888 | M21: 17921 | N21: 18885 | O21: 18574 | P21: 18553 | Q21: 18908 | R21: 18928 | S21: 18735 | T21: 18445 | U21: 19787 | V21: 21040 | W21: 20255 | X21: 18780 | Y21: 16464 | Z21: 14318 | AA21: =SUM(C21:Z21) -> 392527 | AB21: 19 | AC21: =+AA21*AB21+AA22*AB22+AA23*AB23 -> 11688903
B22: S | C22: 13433 | D22: 12597 | E22: 12118 | F22: 11847 | G22: 11871 | H22: 12063 | I22: 12693 | J22: 14182 | K22: 15862 | L22: 17016 | M22: 17916 | N22: 18697 | O22: 18748 | P22: 18556 | Q22: 18358 | R22: 18324 | S22: 18187 | T22: 18323 | U22: 20034 | V22: 21132 | W22: 20265 | X22: 19028 | Y22: 17195 | Z22: 15331 | AA22: =SUM(C22:Z22) -> 393776 | AB22: 4
B23: F | C23: 13980 | D23: 13089 | E23: 12572 | F23: 12219 | G23: 12136 | H23: 12122 | I23: 12283 | J23: 13477 | K23: 14803 | L23: 15827 | M23: 16670 | N23: 17485 | O23: 17775 | P23: 17652 | Q23: 17311 | R23: 17150 | S23: 17062 | T23: 17202 | U23: 18937 | V23: 20329 | W23: 19730 | X23: 18443 | Y23: 16508 | Z23: 14636 | AA23: =SUM(C23:Z23) -> 379398 | AB23: 7
A24: 46204 | B24: O | C24: 13416 | D24: 12653 | E24: 12213 | F24: 11973 | G24: 12177 | H24: 12828 | I24: 13527 | J24: 14992 | K24: 16415 | L24: 17531 | M24: 18611 | N24: 19569 | O24: 19230 | P24: 19271 | Q24: 19625 | R24: 19664 | S24: 19386 | T24: 18901 | U24: 20011 | V24: 21499 | W24: 20804 | X24: 19402 | Y24: 17089 | Z24: 14960 | AA24: =SUM(C24:Z24) -> 405747 | AB24: 22 | AC24: =+AA24*AB24+AA25*AB25+AA26*AB26 -> 12412726
B25: S | C25: 13446 | D25: 12570 | E25: 12124 | F25: 11825 | G25: 11854 | H25: 12103 | I25: 12705 | J25: 14478 | K25: 16166 | L25: 17322 | M25: 18230 | N25: 18998 | O25: 18963 | P25: 18666 | Q25: 18395 | R25: 18255 | S25: 18093 | T25: 18147 | U25: 19503 | V25: 20936 | W25: 20137 | X25: 18993 | Y25: 17201 | Z25: 15428 | AA25: =SUM(C25:Z25) -> 394538 | AB25: 4
B26: F | C26: 14269 | D26: 13393 | E26: 12815 | F26: 12437 | G26: 12319 | H26: 12323 | I26: 12404 | J26: 13531 | K26: 14884 | L26: 16006 | M26: 16822 | N26: 17580 | O26: 17955 | P26: 17758 | Q26: 17365 | R26: 17157 | S26: 16996 | T26: 17070 | U26: 18507 | V26: 20274 | W26: 19757 | X26: 18568 | Y26: 16636 | Z26: 14802 | AA26: =SUM(C26:Z26) -> 381628 | AB26: 5
A27: 46235 | B27: O | C27: 13574 | D27: 12851 | E27: 12451 | F27: 12215 | G27: 12429 | H27: 13291 | I27: 14058 | J27: 15362 | K27: 16727 | L27: 17771 | M27: 18878 | N27: 19848 | O27: 19506 | P27: 19661 | Q27: 20060 | R27: 20092 | S27: 19802 | T27: 19302 | U27: 20652 | V27: 21903 | W27: 21139 | X27: 19661 | Y27: 17319 | Z27: 15205 | AA27: =SUM(C27:Z27) -> 413757 | AB27: 19 | AC27: =+AA27*AB27+AA28*AB28+AA29*AB29 -> 12586725
B28: S | C28: 14129 | D28: 13344 | E28: 12854 | F28: 12486 | G28: 12459 | H28: 12805 | I28: 13215 | J28: 14888 | K28: 16579 | L28: 17738 | M28: 18754 | N28: 19523 | O28: 19529 | P28: 19319 | Q28: 19117 | R28: 19000 | S28: 18746 | T28: 18710 | U28: 20383 | V28: 21488 | W28: 20674 | X28: 19493 | Y28: 17774 | Z28: 15923 | AA28: =SUM(C28:Z28) -> 408930 | AB28: 5
B29: F | C29: 14393 | D29: 13500 | E29: 12912 | F29: 12537 | G29: 12415 | H29: 12457 | I29: 12455 | J29: 13628 | K29: 14953 | L29: 16046 | M29: 16819 | N29: 17621 | O29: 18034 | P29: 17873 | Q29: 17434 | R29: 17140 | S29: 17029 | T29: 17077 | U29: 18812 | V29: 20319 | W29: 19716 | X29: 18478 | Y29: 16592 | Z29: 14716 | AA29: =SUM(C29:Z29) -> 382956 | AB29: 7
A30: 46266 | B30: O | C30: 13817 | D30: 13056 | E30: 12580 | F30: 12372 | G30: 12573 | H30: 13397 | I30: 14191 | J30: 15537 | K30: 16889 | L30: 18013 | M30: 19129 | N30: 20151 | O30: 19800 | P30: 19944 | Q30: 20410 | R30: 20526 | S30: 20232 | T30: 19817 | U30: 21671 | V30: 22172 | W30: 21339 | X30: 19835 | Y30: 17444 | Z30: 15335 | AA30: =SUM(C30:Z30) -> 420230 | AB30: 22 | AC30: =+AA30*AB30+AA31*AB31+AA32*AB32 -> 12409140
B31: S | C31: 14186 | D31: 13280 | E31: 12790 | F31: 12521 | G31: 12532 | H31: 12648 | I31: 13282 | J31: 15085 | K31: 16803 | L31: 18030 | M31: 19000 | N31: 19777 | O31: 19728 | P31: 19476 | Q31: 19243 | R31: 19073 | S31: 18909 | T31: 19050 | U31: 21084 | V31: 21539 | W31: 20594 | X31: 19386 | Y31: 17621 | Z31: 15819 | AA31: =SUM(C31:Z31) -> 411456 | AB31: 4
B32: F | C32: 14443 | D32: 13576 | E32: 13007 | F32: 12566 | G32: 12367 | H32: 12216 | I32: 12309 | J32: 13461 | K32: 14760 | L32: 15825 | M32: 16567 | N32: 17276 | O32: 17687 | P32: 17561 | Q32: 17191 | R32: 17011 | S32: 16894 | T32: 17029 | U32: 19249 | V32: 20005 | W32: 19451 | X32: 18239 | Y32: 16345 | Z32: 14529 | AA32: =SUM(C32:Z32) -> 379564 | AB32: 4
A33: 46296 | B33: O | C33: 13093 | D33: 12391 | E33: 12001 | F33: 11792 | G33: 12024 | H33: 12687 | I33: 13533 | J33: 14800 | K33: 16072 | L33: 17076 | M33: 18116 | N33: 19080 | O33: 18745 | P33: 18848 | Q33: 19280 | R33: 19372 | S33: 19158 | T33: 19214 | U33: 21339 | V33: 21230 | W33: 20298 | X33: 18776 | Y33: 16542 | Z33: 14555 | AA33: =SUM(C33:Z33) -> 400022 | AB33: 21 | AC33: =+AA33*AB33+AA34*AB34+AA35*AB35 -> 12283132
B34: S | C34: 13784 | D34: 12998 | E34: 12521 | F34: 12204 | G34: 12268 | H34: 12458 | I34: 13162 | J34: 14783 | K34: 16398 | L34: 17520 | M34: 18475 | N34: 19275 | O34: 19307 | P34: 19088 | Q34: 18856 | R34: 18712 | S34: 18544 | T34: 19128 | U34: 21556 | V34: 21518 | W34: 20607 | X34: 19227 | Y34: 17525 | Z34: 15675 | AA34: =SUM(C34:Z34) -> 405589 | AB34: 5
B35: F | C35: 13830 | D35: 12993 | E35: 12415 | F35: 12012 | G35: 11883 | H35: 11716 | I35: 11940 | J35: 13036 | K35: 14279 | L35: 15372 | M35: 16146 | N35: 16907 | O35: 17335 | P35: 17192 | Q35: 16866 | R35: 16700 | S35: 16605 | T35: 17117 | U35: 19563 | V35: 19763 | W35: 19129 | X35: 17880 | Y35: 16025 | Z35: 14241 | AA35: =SUM(C35:Z35) -> 370945 | AB35: 5
A36: 46327 | B36: O | C36: 12851 | D36: 12151 | E36: 11763 | F36: 11581 | G36: 11850 | H36: 12607 | I36: 13507 | J36: 14794 | K36: 16043 | L36: 17009 | M36: 18044 | N36: 19035 | O36: 18646 | P36: 18657 | Q36: 19079 | R36: 19060 | S36: 18904 | T36: 19162 | U36: 21381 | V36: 21262 | W36: 20317 | X36: 18715 | Y36: 16414 | Z36: 14356 | AA36: =SUM(C36:Z36) -> 397188 | AB36: 19 | AC36: =+AA36*AB36+AA37*AB37+AA38*AB38 -> 11629733
B37: S | C37: 13197 | D37: 12452 | E37: 11998 | F37: 11707 | G37: 11758 | H37: 11905 | I37: 12554 | J37: 14047 | K37: 15625 | L37: 16726 | M37: 17606 | N37: 18416 | O37: 18340 | P37: 17999 | Q37: 17898 | R37: 17841 | S37: 17737 | T37: 18372 | U37: 20842 | V37: 20780 | W37: 19828 | X37: 18611 | Y37: 16810 | Z37: 14999 | AA37: =SUM(C37:Z37) -> 388048 | AB37: 4
B38: F | C38: 13250 | D38: 12453 | E38: 11912 | F38: 11517 | G38: 11463 | H38: 11322 | I38: 11591 | J38: 12733 | K38: 13979 | L38: 15049 | M38: 15827 | N38: 16618 | O38: 17010 | P38: 16855 | Q38: 16481 | R38: 16216 | S38: 16140 | T38: 16716 | U38: 19206 | V38: 19437 | W38: 18797 | X38: 17529 | Y38: 15631 | Z38: 13835 | AA38: =SUM(C38:Z38) -> 361567 | AB38: 7
A39: 46357 | B39: O | C39: 13768 | D39: 12935 | E39: 12454 | F39: 12207 | G39: 12377 | H39: 12920 | I39: 13524 | J39: 15115 | K39: 16601 | L39: 17700 | M39: 18702 | N39: 19718 | O39: 19524 | P39: 19509 | Q39: 19797 | R39: 19772 | S39: 19487 | T39: 19357 | U39: 21516 | V39: 21850 | W39: 21002 | X39: 19647 | Y39: 17568 | Z39: 15577 | AA39: =SUM(C39:Z39) -> 412627 | AB39: 21 | AC39: =+AA39*AB39+AA40*AB40+AA41*AB41 -> 12526287
B40: S | C40: 14009 | D40: 13163 | E40: 12679 | F40: 12359 | G40: 12377 | H40: 12685 | I40: 13058 | J40: 14557 | K40: 16087 | L40: 17153 | M40: 18010 | N40: 18724 | O40: 18724 | P40: 18456 | Q40: 18284 | R40: 18093 | S40: 17958 | T40: 18280 | U40: 20709 | V40: 20994 | W40: 20154 | X40: 18953 | Y40: 17239 | Z40: 15584 | AA40: =SUM(C40:Z40) -> 398289 | AB40: 4
B41: F | C41: 14360 | D41: 13485 | E41: 12874 | F41: 12440 | G41: 12270 | H41: 12209 | I41: 12189 | J41: 13176 | K41: 14402 | L41: 15480 | M41: 16287 | N41: 17044 | O41: 17453 | P41: 17431 | Q41: 17155 | R41: 16981 | S41: 16880 | T41: 17200 | U41: 19609 | V41: 20098 | W41: 19411 | X41: 18237 | Y41: 16521 | Z41: 14802 | AA41: =SUM(C41:Z41) -> 377994 | AB41: 6
A42: TOTAL AÑO | C42: =+SUM(C6:C41) -> 492974 | D42: =+SUM(D6:D41) -> 463679 | E42: =+SUM(E6:E41) -> 446018 | F42: =+SUM(F6:F41) -> 435098 | G42: =+SUM(G6:G41) -> 436451 | H42: =+SUM(H6:H41) -> 449132 | I42: =+SUM(I6:I41) -> 466115 | J42: =+SUM(J6:J41) -> 512371 | ... AC42: =+SUM(AC6:AC41) -> 145343987

Sheet Cantidades Ofertadas Prod 1
A1: CANTIDADES OFERTADAS PRODUCTO 1 AÑO 2026 MODALIDAD PAGUE LO CONTRATADO - kWh
A4: Periodo | B4: Tipo de día | C4: H01 | D4: H02 | E4: H03 | F4: H04 | G4: H05 | H4: H06 | I4: H07 | J4: H08 | K4: H09 | L4: H10 | M4: H11 | N4: H12 | O4: H13 | P4: H14 | Q4: H15 | R4: H16 | S4: H17 | T4: H18 | U4: H19 | V4: H20 | W4: H21 | X4: H22 | Y4: H23 | Z4: H24 | AA4: TOTAL DÍA | AB4: Días/ | AC4: TOTAL MES
AB5: mes
A6: 46023 | B6: O | C6: =ROUND('Anexo 11'!C6*'Anexo 1'!$D$10,0) -> 0 | D6: =ROUND('Anexo 11'!D6*'Anexo 1'!$D$10,0) -> 0 | E6: =ROUND('Anexo 11'!E6*'Anexo 1'!$D$10,0) -> 0 | F6: =ROUND('Anexo 11'!F6*'Anexo 1'!$D$10,0) -> 0 | G6: =ROUND('Anexo 11'!G6*'Anexo 1'!$D$10,0) -> 0 | H6: =ROUND('Anexo 11'!H6*'Anexo 1'!$D$10,0) -> 0 | I6: =ROUND('Anexo 11'!I6*'Anexo 1'!$D$10,0) -> 0 | J6: =ROUND('Anexo 11'!J6*'Anexo 1'!$D$10,0) -> 0 | ... Z6: =ROUND('Anexo 11'!Z6*'Anexo 1'!$D$10,0) -> 0 | AA6: =SUM(C6:Z6) -> 0 | AB6: 20 | AC6: =+AA6*AB6+AA7*AB7+AA8*AB8 -> 0
B7: S | C7: =ROUND('Anexo 11'!C7*'Anexo 1'!$D$10,0) -> 0 | D7: =ROUND('Anexo 11'!D7*'Anexo 1'!$D$10,0) -> 0 | E7: =ROUND('Anexo 11'!E7*'Anexo 1'!$D$10,0) -> 0 | F7: =ROUND('Anexo 11'!F7*'Anexo 1'!$D$10,0) -> 0 | G7: =ROUND('Anexo 11'!G7*'Anexo 1'!$D$10,0) -> 0 | H7: =ROUND('Anexo 11'!H7*'Anexo 1'!$D$10,0) -> 0 | I7: =ROUND('Anexo 11'!I7*'Anexo 1'!$D$10,0) -> 0 | J7: =ROUND('Anexo 11'!J7*'Anexo 1'!$D$10,0) -> 0 | ... Z7: =ROUND('Anexo 11'!Z7*'Anexo 1'!$D$10,0) -> 0 | AA7: =SUM(C7:Z7) -> 0 | AB7: 5
B8: F | C8: =ROUND('Anexo 11'!C8*'Anexo 1'!$D$10,0) -> 0 | D8: =ROUND('Anexo 11'!D8*'Anexo 1'!$D$10,0) -> 0 | E8: =ROUND('Anexo 11'!E8*'Anexo 1'!$D$10,0) -> 0 | F8: =ROUND('Anexo 11'!F8*'Anexo 1'!$D$10,0) -> 0 | G8: =ROUND('Anexo 11'!G8*'Anexo 1'!$D$10,0) -> 0 | H8: =ROUND('Anexo 11'!H8*'Anexo 1'!$D$10,0) -> 0 | I8: =ROUND('Anexo 11'!I8*'Anexo 1'!$D$10,0) -> 0 | J8: =ROUND('Anexo 11'!J8*'Anexo 1'!$D$10,0) -> 0 | ... Z8: =ROUND('Anexo 11'!Z8*'Anexo 1'!$D$10,0) -> 0 | AA8: =SUM(C8:Z8) -> 0 | AB8: 6
A9: 46054 | B9: O | C9: =ROUND('Anexo 11'!C9*'Anexo 1'!$D$10,0) -> 0 | D9: =ROUND('Anexo 11'!D9*'Anexo 1'!$D$10,0) -> 0 | E9: =ROUND('Anexo 11'!E9*'Anexo 1'!$D$10,0) -> 0 | F9: =ROUND('Anexo 11'!F9*'Anexo 1'!$D$10,0) -> 0 | G9: =ROUND('Anexo 11'!G9*'Anexo 1'!$D$10,0) -> 0 | H9: =ROUND('Anexo 11'!H9*'Anexo 1'!$D$10,0) -> 0 | I9: =ROUND('Anexo 11'!I9*'Anexo 1'!$D$10,0) -> 0 | J9: =ROUND('Anexo 11'!J9*'Anexo 1'!$D$10,0) -> 0 | ... Z9: =ROUND('Anexo 11'!Z9*'Anexo 1'!$D$10,0) -> 0 | AA9: =SUM(C9:Z9) -> 0 | AB9: 20 | AC9: =+AA9*AB9+AA10*AB10+AA11*AB11 -> 0
B10: S | C10: =ROUND('Anexo 11'!C10*'Anexo 1'!$D$10,0) -> 0 | D10: =ROUND('Anexo 11'!D10*'Anexo 1'!$D$10,0) -> 0 | E10: =ROUND('Anexo 11'!E10*'Anexo 1'!$D$10,0) -> 0 | F10: =ROUND('Anexo 11'!F10*'Anexo 1'!$D$10,0) -> 0 | G10: =ROUND('Anexo 11'!G10*'Anexo 1'!$D$10,0) -> 0 | H10: =ROUND('Anexo 11'!H10*'Anexo 1'!$D$10,0) -> 0 | I10: =ROUND('Anexo 11'!I10*'Anexo 1'!$D$10,0) -> 0 | J10: =ROUND('Anexo 11'!J10*'Anexo 1'!$D$10,0) -> 0 | ... Z10: =ROUND('Anexo 11'!Z10*'Anexo 1'!$D$10,0) -> 0 | AA10: =SUM(C10:Z10) -> 0 | AB10: 4
B11: F | C11: =ROUND('Anexo 11'!C11*'Anexo 1'!$D$10,0) -> 0 | D11: =ROUND('Anexo 11'!D11*'Anexo 1'!$D$10,0) -> 0 | E11: =ROUND('Anexo 11'!E11*'Anexo 1'!$D$10,0) -> 0 | F11: =ROUND('Anexo 11'!F11*'Anexo 1'!$D$10,0) -> 0 | G11: =ROUND('Anexo 11'!G11*'Anexo 1'!$D$10,0) -> 0 | H11: =ROUND('Anexo 11'!H11*'Anexo 1'!$D$10,0) -> 0 | I11: =ROUND('Anexo 11'!I11*'Anexo 1'!$D$10,0) -> 0 | J11: =ROUND('Anexo 11'!J11*'Anexo 1'!$D$10,0) -> 0 | ... Z11: =ROUND('Anexo 11'!Z11*'Anexo 1'!$D$10,0) -> 0 | AA11: =SUM(C11:Z11) -> 0 | AB11: 4
A12: 46082 | B12: O | C12: =ROUND('Anexo 11'!C12*'Anexo 1'!$D$10,0) -> 0 | D12: =ROUND('Anexo 11'!D12*'Anexo 1'!$D$10,0) -> 0 | E12: =ROUND('Anexo 11'!E12*'Anexo 1'!$D$10,0) -> 0 | F12: =ROUND('Anexo 11'!F12*'Anexo 1'!$D$10,0) -> 0 | G12: =ROUND('Anexo 11'!G12*'Anexo 1'!$D$10,0) -> 0 | H12: =ROUND('Anexo 11'!H12*'Anexo 1'!$D$10,0) -> 0 | I12: =ROUND('Anexo 11'!I12*'Anexo 1'!$D$10,0) -> 0 | J12: =ROUND('Anexo 11'!J12*'Anexo 1'!$D$10,0) -> 0 | ... Z12: =ROUND('Anexo 11'!Z12*'Anexo 1'!$D$10,0) -> 0 | AA12: =SUM(C12:Z12) -> 0 | AB12: 21 | AC12: =+AA12*AB12+AA13*AB13+AA14*AB14 -> 0
B13: S | C13: =ROUND('Anexo 11'!C13*'Anexo 1'!$D$10,0) -> 0 | D13: =ROUND('Anexo 11'!D13*'Anexo 1'!$D$10,0) -> 0 | E13: =ROUND('Anexo 11'!E13*'Anexo 1'!$D$10,0) -> 0 | F13: =ROUND('Anexo 11'!F13*'Anexo 1'!$D$10,0) -> 0 | G13: =ROUND('Anexo 11'!G13*'Anexo 1'!$D$10,0) -> 0 | H13: =ROUND('Anexo 11'!H13*'Anexo 1'!$D$10,0) -> 0 | I13: =ROUND('Anexo 11'!I13*'Anexo 1'!$D$10,0) -> 0 | J13: =ROUND('Anexo 11'!J13*'Anexo 1'!$D$10,0) -> 0 | ... Z13: =ROUND('Anexo 11'!Z13*'Anexo 1'!$D$10,0) -> 0 | AA13: =SUM(C13:Z13) -> 0 | AB13: 4
B14: F | C14: =ROUND('Anexo 11'!C14*'Anexo 1'!$D$10,0) -> 0 | D14: =ROUND('Anexo 11'!D14*'Anexo 1'!$D$10,0) -> 0 | E14: =ROUND('Anexo 11'!E14*'Anexo 1'!$D$10,0) -> 0 | F14: =ROUND('Anexo 11'!F14*'Anexo 1'!$D$10,0) -> 0 | G14: =ROUND('Anexo 11'!G14*'Anexo 1'!$D$10,0) -> 0 | H14: =ROUND('Anexo 11'!H14*'Anexo 1'!$D$10,0) -> 0 | I14: =ROUND('Anexo 11'!I14*'Anexo 1'!$D$10,0) -> 0 | J14: =ROUND('Anexo 11'!J14*'Anexo 1'!$D$10,0) -> 0 | ... Z14: =ROUND('Anexo 11'!Z14*'Anexo 1'!$D$10,0) -> 0 | AA14: =SUM(C14:Z14) -> 0 | AB14: 6
A15: 46113 | B15: O | C15: =ROUND('Anexo 11'!C15*'Anexo 1'!$D$10,0) -> 0 | D15: =ROUND('Anexo 11'!D15*'Anexo 1'!$D$10,0) -> 0 | E15: =ROUND('Anexo 11'!E15*'Anexo 1'!$D$10,0) -> 0 | F15: =ROUND('Anexo 11'!F15*'Anexo 1'!$D$10,0) -> 0 | G15: =ROUND('Anexo 11'!G15*'Anexo 1'!$D$10,0) -> 0 | H15: =ROUND('Anexo 11'!H15*'Anexo 1'!$D$10,0) -> 0 | I15: =ROUND('Anexo 11'!I15*'Anexo 1'!$D$10,0) -> 0 | J15: =ROUND('Anexo 11'!J15*'Anexo 1'!$D$10,0) -> 0 | ... Z15: =ROUND('Anexo 11'!Z15*'Anexo 1'!$D$10,0) -> 0 | AA15: =SUM(C15:Z15) -> 0 | AB15: 20 | AC15: =+AA15*AB15+AA16*AB16+AA17*AB17 -> 0
B16: S | C16: =ROUND('Anexo 11'!C16*'Anexo 1'!$D$10,0) -> 0 | D16: =ROUND('Anexo 11'!D16*'Anexo 1'!$D$10,0) -> 0 | E16: =ROUND('Anexo 11'!E16*'Anexo 1'!$D$10,0) -> 0 | F16: =ROUND('Anexo 11'!F16*'Anexo 1'!$D$10,0) -> 0 | G16: =ROUND('Anexo 11'!G16*'Anexo 1'!$D$10,0) -> 0 | H16: =ROUND('Anexo 11'!H16*'Anexo 1'!$D$10,0) -> 0 | I16: =ROUND('Anexo 11'!I16*'Anexo 1'!$D$10,0) -> 0 | J16: =ROUND('Anexo 11'!J16*'Anexo 1'!$D$10,0) -> 0 | ... Z16: =ROUND('Anexo 11'!Z16*'Anexo 1'!$D$10,0) -> 0 | AA16: =SUM(C16:Z16) -> 0 | AB16: 4
B17: F | C17: =ROUND('Anexo 11'!C17*'Anexo 1'!$D$10,0) -> 0 | D17: =ROUND('Anexo 11'!D17*'Anexo 1'!$D$10,0) -> 0 | E17: =ROUND('Anexo 11'!E17*'Anexo 1'!$D$10,0) -> 0 | F17: =ROUND('Anexo 11'!F17*'Anexo 1'!$D$10,0) -> 0 | G17: =ROUND('Anexo 11'!G17*'Anexo 1'!$D$10,0) -> 0 | H17: =ROUND('Anexo 11'!H17*'Anexo 1'!$D$10,0) -> 0 | I17: =ROUND('Anexo 11'!I17*'Anexo 1'!$D$10,0) -> 0 | J17: =ROUND('Anexo 11'!J17*'Anexo 1'!$D$10,0) -> 0 | ... Z17: =ROUND('Anexo 11'!Z17*'Anexo 1'!$D$10,0) -> 0 | AA17: =SUM(C17:Z17) -> 0 | AB17: 6
A18: 46143 | B18: O | C18: =ROUND('Anexo 11'!C18*'Anexo 1'!$D$10,0) -> 0 | D18: =ROUND('Anexo 11'!D18*'Anexo 1'!$D$10,0) -> 0 | E18: =ROUND('Anexo 11'!E18*'Anexo 1'!$D$10,0) -> 0 | F18: =ROUND('Anexo 11'!F18*'Anexo 1'!$D$10,0) -> 0 | G18: =ROUND('Anexo 11'!G18*'Anexo 1'!$D$10,0) -> 0 | H18: =ROUND('Anexo 11'!H18*'Anexo 1'!$D$10,0) -> 0 | I18: =ROUND('Anexo 11'!I18*'Anexo 1'!$D$10,0) -> 0 | J18: =ROUND('Anexo 11'!J18*'Anexo 1'!$D$10,0) -> 0 | ... Z18: =ROUND('Anexo 11'!Z18*'Anexo 1'!$D$10,0) -> 0 | AA18: =SUM(C18:Z18) -> 0 | AB18: 19 | AC18: =+AA18*AB18+AA19*AB19+AA20*AB20 -> 0
B19: S | C19: =ROUND('Anexo 11'!C19*'Anexo 1'!$D$10,0) -> 0 | D19: =ROUND('Anexo 11'!D19*'Anexo 1'!$D$10,0) -> 0 | E19: =ROUND('Anexo 11'!E19*'Anexo 1'!$D$10,0) -> 0 | F19: =ROUND('Anexo 11'!F19*'Anexo 1'!$D$10,0) -> 0 | G19: =ROUND('Anexo 11'!G19*'Anexo 1'!$D$10,0) -> 0 | H19: =ROUND('Anexo 11'!H19*'Anexo 1'!$D$10,0) -> 0 | I19: =ROUND('Anexo 11'!I19*'Anexo 1'!$D$10,0) -> 0 | J19: =ROUND('Anexo 11'!J19*'Anexo 1'!$D$10,0) -> 0 | ... Z19: =ROUND('Anexo 11'!Z19*'Anexo 1'!$D$10,0) -> 0 | AA19: =SUM(C19:Z19) -> 0 | AB19: 5
B20: F | C20: =ROUND('Anexo 11'!C20*'Anexo 1'!$D$10,0) -> 0 | D20: =ROUND('Anexo 11'!D20*'Anexo 1'!$D$10,0) -> 0 | E20: =ROUND('Anexo 11'!E20*'Anexo 1'!$D$10,0) -> 0 | F20: =ROUND('Anexo 11'!F20*'Anexo 1'!$D$10,0) -> 0 | G20: =ROUND('Anexo 11'!G20*'Anexo 1'!$D$10,0) -> 0 | H20: =ROUND('Anexo 11'!H20*'Anexo 1'!$D$10,0) -> 0 | I20: =ROUND('Anexo 11'!I20*'Anexo 1'!$D$10,0) -> 0 | J20: =ROUND('Anexo 11'!J20*'Anexo 1'!$D$10,0) -> 0 | ... Z20: =ROUND('Anexo 11'!Z20*'Anexo 1'!$D$10,0) -> 0 | AA20: =SUM(C20:Z20) -> 0 | AB20: 7
A21: 46174 | B21: O | C21: =ROUND('Anexo 11'!C21*'Anexo 1'!$D$10,0) -> 0 | D21: =ROUND('Anexo 11'!D21*'Anexo 1'!$D$10,0) -> 0 | E21: =ROUND('Anexo 11'!E21*'Anexo 1'!$D$10,0) -> 0 | F21: =ROUND('Anexo 11'!F21*'Anexo 1'!$D$10,0) -> 0 | G21: =ROUND('Anexo 11'!G21*'Anexo 1'!$D$10,0) -> 0 | H21: =ROUND('Anexo 11'!H21*'Anexo 1'!$D$10,0) -> 0 | I21: =ROUND('Anexo 11'!I21*'Anexo 1'!$D$10,0) -> 0 | J21: =ROUND('Anexo 11'!J21*'Anexo 1'!$D$10,0) -> 0 | ... Z21: =ROUND('Anexo 11'!Z21*'Anexo 1'!$D$10,0) -> 0 | AA21: =SUM(C21:Z21) -> 0 | AB21: 19 | AC21: =+AA21*AB21+AA22*AB22+AA23*AB23 -> 0
B22: S | C22: =ROUND('Anexo 11'!C22*'Anexo 1'!$D$10,0) -> 0 | D22: =ROUND('Anexo 11'!D22*'Anexo 1'!$D$10,0) -> 0 | E22: =ROUND('Anexo 11'!E22*'Anexo 1'!$D$10,0) -> 0 | F22: =ROUND('Anexo 11'!F22*'Anexo 1'!$D$10,0) -> 0 | G22: =ROUND('Anexo 11'!G22*'Anexo 1'!$D$10,0) -> 0 | H22: =ROUND('Anexo 11'!H22*'Anexo 1'!$D$10,0) -> 0 | I22: =ROUND('Anexo 11'!I22*'Anexo 1'!$D$10,0) -> 0 | J22: =ROUND('Anexo 11'!J22*'Anexo 1'!$D$10,0) -> 0 | ... Z22: =ROUND('Anexo 11'!Z22*'Anexo 1'!$D$10,0) -> 0 | AA22: =SUM(C22:Z22) -> 0 | AB22: 4
B23: F | C23: =ROUND('Anexo 11'!C23*'Anexo 1'!$D$10,0) -> 0 | D23: =ROUND('Anexo 11'!D23*'Anexo 1'!$D$10,0) -> 0 | E23: =ROUND('Anexo 11'!E23*'Anexo 1'!$D$10,0) -> 0 | F23: =ROUND('Anexo 11'!F23*'Anexo 1'!$D$10,0) -> 0 | G23: =ROUND('Anexo 11'!G23*'Anexo 1'!$D$10,0) -> 0 | H23: =ROUND('Anexo 11'!H23*'Anexo 1'!$D$10,0) -> 0 | I23: =ROUND('Anexo 11'!I23*'Anexo 1'!$D$10,0) -> 0 | J23: =ROUND('Anexo 11'!J23*'Anexo 1'!$D$10,0) -> 0 | ... Z23: =ROUND('Anexo 11'!Z23*'Anexo 1'!$D$10,0) -> 0 | AA23: =SUM(C23:Z23) -> 0 | AB23: 7
A24: 46204 | B24: O | C24: =ROUND('Anexo 11'!C24*'Anexo 1'!$D$10,0) -> 0 | D24: =ROUND('Anexo 11'!D24*'Anexo 1'!$D$10,0) -> 0 | E24: =ROUND('Anexo 11'!E24*'Anexo 1'!$D$10,0) -> 0 | F24: =ROUND('Anexo 11'!F24*'Anexo 1'!$D$10,0) -> 0 | G24: =ROUND('Anexo 11'!G24*'Anexo 1'!$D$10,0) -> 0 | H24: =ROUND('Anexo 11'!H24*'Anexo 1'!$D$10,0) -> 0 | I24: =ROUND('Anexo 11'!I24*'Anexo 1'!$D$10,0) -> 0 | J24: =ROUND('Anexo 11'!J24*'Anexo 1'!$D$10,0) -> 0 | ... Z24: =ROUND('Anexo 11'!Z24*'Anexo 1'!$D$10,0) -> 0 | AA24: =SUM(C24:Z24) -> 0 | AB24: 22 | AC24: =+AA24*AB24+AA25*AB25+AA26*AB26 -> 0
B25: S | C25: =ROUND('Anexo 11'!C25*'Anexo 1'!$D$10,0) -> 0 | D25: =ROUND('Anexo 11'!D25*'Anexo 1'!$D$10,0) -> 0 | E25: =ROUND('Anexo 11'!E25*'Anexo 1'!$D$10,0) -> 0 | F25: =ROUND('Anexo 11'!F25*'Anexo 1'!$D$10,0) -> 0 | G25: =ROUND('Anexo 11'!G25*'Anexo 1'!$D$10,0) -> 0 | H25: =ROUND('Anexo 11'!H25*'Anexo 1'!$D$10,0) -> 0 | I25: =ROUND('Anexo 11'!I25*'Anexo 1'!$D$10,0) -> 0 | J25: =ROUND('Anexo 11'!J25*'Anexo 1'!$D$10,0) -> 0 | ... Z25: =ROUND('Anexo 11'!Z25*'Anexo 1'!$D$10,0) -> 0 | AA25: =SUM(C25:Z25) -> 0 | AB25: 4
B26: F | C26: =ROUND('Anexo 11'!C26*'Anexo 1'!$D$10,0) -> 0 | D26: =ROUND('Anexo 11'!D26*'Anexo 1'!$D$10,0) -> 0 | E26: =ROUND('Anexo 11'!E26*'Anexo 1'!$D$10,0) -> 0 | F26: =ROUND('Anexo 11'!F26*'Anexo 1'!$D$10,0) -> 0 | G26: =ROUND('Anexo 11'!G26*'Anexo 1'!$D$10,0) -> 0 | H26: =ROUND('Anexo 11'!H26*'Anexo 1'!$D$10,0) -> 0 | I26: =ROUND('Anexo 11'!I26*'Anexo 1'!$D$10,0) -> 0 | J26: =ROUND('Anexo 11'!J26*'Anexo 1'!$D$10,0) -> 0 | ... Z26: =ROUND('Anexo 11'!Z26*'Anexo 1'!$D$10,0) -> 0 | AA26: =SUM(C26:Z26) -> 0 | AB26: 5
A27: 46235 | B27: O | C27: =ROUND('Anexo 11'!C27*'Anexo 1'!$D$10,0) -> 0 | D27: =ROUND('Anexo 11'!D27*'Anexo 1'!$D$10,0) -> 0 | E27: =ROUND('Anexo 11'!E27*'Anexo 1'!$D$10,0) -> 0 | F27: =ROUND('Anexo 11'!F27*'Anexo 1'!$D$10,0) -> 0 | G27: =ROUND('Anexo 11'!G27*'Anexo 1'!$D$10,0) -> 0 | H27: =ROUND('Anexo 11'!H27*'Anexo 1'!$D$10,0) -> 0 | I27: =ROUND('Anexo 11'!I27*'Anexo 1'!$D$10,0) -> 0 | J27: =ROUND('Anexo 11'!J27*'Anexo 1'!$D$10,0) -> 0 | ... Z27: =ROUND('Anexo 11'!Z27*'Anexo 1'!$D$10,0) -> 0 | AA27: =SUM(C27:Z27) -> 0 | AB27: 19 | AC27: =+AA27*AB27+AA28*AB28+AA29*AB29 -> 0
B28: S | C28: =ROUND('Anexo 11'!C28*'Anexo 1'!$D$10,0) -> 0 | D28: =ROUND('Anexo 11'!D28*'Anexo 1'!$D$10,0) -> 0 | E28: =ROUND('Anexo 11'!E28*'Anexo 1'!$D$10,0) -> 0 | F28: =ROUND('Anexo 11'!F28*'Anexo 1'!$D$10,0) -> 0 | G28: =ROUND('Anexo 11'!G28*'Anexo 1'!$D$10,0) -> 0 | H28: =ROUND('Anexo 11'!H28*'Anexo 1'!$D$10,0) -> 0 | I28: =ROUND('Anexo 11'!I28*'Anexo 1'!$D$10,0) -> 0 | J28: =ROUND('Anexo 11'!J28*'Anexo 1'!$D$10,0) -> 0 | ... Z28: =ROUND('Anexo 11'!Z28*'Anexo 1'!$D$10,0) -> 0 | AA28: =SUM(C28:Z28) -> 0 | AB28: 5
B29: F | C29: =ROUND('Anexo 11'!C29*'Anexo 1'!$D$10,0) -> 0 | D29: =ROUND('Anexo 11'!D29*'Anexo 1'!$D$10,0) -> 0 | E29: =ROUND('Anexo 11'!E29*'Anexo 1'!$D$10,0) -> 0 | F29: =ROUND('Anexo 11'!F29*'Anexo 1'!$D$10,0) -> 0 | G29: =ROUND('Anexo 11'!G29*'Anexo 1'!$D$10,0) -> 0 | H29: =ROUND('Anexo 11'!H29*'Anexo 1'!$D$10,0) -> 0 | I29: =ROUND('Anexo 11'!I29*'Anexo 1'!$D$10,0) -> 0 | J29: =ROUND('Anexo 11'!J29*'Anexo 1'!$D$10,0) -> 0 | ... Z29: =ROUND('Anexo 11'!Z29*'Anexo 1'!$D$10,0) -> 0 | AA29: =SUM(C29:Z29) -> 0 | AB29: 7
A30: 46266 | B30: O | C30: =ROUND('Anexo 11'!C30*'Anexo 1'!$D$10,0) -> 0 | D30: =ROUND('Anexo 11'!D30*'Anexo 1'!$D$10,0) -> 0 | E30: =ROUND('Anexo 11'!E30*'Anexo 1'!$D$10,0) -> 0 | F30: =ROUND('Anexo 11'!F30*'Anexo 1'!$D$10,0) -> 0 | G30: =ROUND('Anexo 11'!G30*'Anexo 1'!$D$10,0) -> 0 | H30: =ROUND('Anexo 11'!H30*'Anexo 1'!$D$10,0) -> 0 | I30: =ROUND('Anexo 11'!I30*'Anexo 1'!$D$10,0) -> 0 | J30: =ROUND('Anexo 11'!J30*'Anexo 1'!$D$10,0) -> 0 | ... Z30: =ROUND('Anexo 11'!Z30*'Anexo 1'!$D$10,0) -> 0 | AA30: =SUM(C30:Z30) -> 0 | AB30: 22 | AC30: =+AA30*AB30+AA31*AB31+AA32*AB32 -> 0
B31: S | C31: =ROUND('Anexo 11'!C31*'Anexo 1'!$D$10,0) -> 0 | D31: =ROUND('Anexo 11'!D31*'Anexo 1'!$D$10,0) -> 0 | E31: =ROUND('Anexo 11'!E31*'Anexo 1'!$D$10,0) -> 0 | F31: =ROUND('Anexo 11'!F31*'Anexo 1'!$D$10,0) -> 0 | G31: =ROUND('Anexo 11'!G31*'Anexo 1'!$D$10,0) -> 0 | H31: =ROUND('Anexo 11'!H31*'Anexo 1'!$D$10,0) -> 0 | I31: =ROUND('Anexo 11'!I31*'Anexo 1'!$D$10,0) -> 0 | J31: =ROUND('Anexo 11'!J31*'Anexo 1'!$D$10,0) -> 0 | ... Z31: =ROUND('Anexo 11'!Z31*'Anexo 1'!$D$10,0) -> 0 | AA31: =SUM(C31:Z31) -> 0 | AB31: 4
B32: F | C32: =ROUND('Anexo 11'!C32*'Anexo 1'!$D$10,0) -> 0 | D32: =ROUND('Anexo 11'!D32*'Anexo 1'!$D$10,0) -> 0 | E32: =ROUND('Anexo 11'!E32*'Anexo 1'!$D$10,0) -> 0 | F32: =ROUND('Anexo 11'!F32*'Anexo 1'!$D$10,0) -> 0 | G32: =ROUND('Anexo 11'!G32*'Anexo 1'!$D$10,0) -> 0 | H32: =ROUND('Anexo 11'!H32*'Anexo 1'!$D$10,0) -> 0 | I32: =ROUND('Anexo 11'!I32*'Anexo 1'!$D$10,0) -> 0 | J32: =ROUND('Anexo 11'!J32*'Anexo 1'!$D$10,0) -> 0 | ... Z32: =ROUND('Anexo 11'!Z32*'Anexo 1'!$D$10,0) -> 0 | AA32: =SUM(C32:Z32) -> 0 | AB32: 4
A33: 46296 | B33: O | C33: =ROUND('Anexo 11'!C33*'Anexo 1'!$D$10,0) -> 0 | D33: =ROUND('Anexo 11'!D33*'Anexo 1'!$D$10,0) -> 0 | E33: =ROUND('Anexo 11'!E33*'Anexo 1'!$D$10,0) -> 0 | F33: =ROUND('Anexo 11'!F33*'Anexo 1'!$D$10,0) -> 0 | G33: =ROUND('Anexo 11'!G33*'Anexo 1'!$D$10,0) -> 0 | H33: =ROUND('Anexo 11'!H33*'Anexo 1'!$D$10,0) -> 0 | I33: =ROUND('Anexo 11'!I33*'Anexo 1'!$D$10,0) -> 0 | J33: =ROUND('Anexo 11'!J33*'Anexo 1'!$D$10,0) -> 0 | ... Z33: =ROUND('Anexo 11'!Z33*'Anexo 1'!$D$10,0) -> 0 | AA33: =SUM(C33:Z33) -> 0 | AB33: 21 | AC33: =+AA33*AB33+AA34*AB34+AA35*AB35 -> 0
B34: S | C34: =ROUND('Anexo 11'!C34*'Anexo 1'!$D$10,0) -> 0 | D34: =ROUND('Anexo 11'!D34*'Anexo 1'!$D$10,0) -> 0 | E34: =ROUND('Anexo 11'!E34*'Anexo 1'!$D$10,0) -> 0 | F34: =ROUND('Anexo 11'!F34*'Anexo 1'!$D$10,0) -> 0 | G34: =ROUND('Anexo 11'!G34*'Anexo 1'!$D$10,0) -> 0 | H34: =ROUND('Anexo 11'!H34*'Anexo 1'!$D$10,0) -> 0 | I34: =ROUND('Anexo 11'!I34*'Anexo 1'!$D$10,0) -> 0 | J34: =ROUND('Anexo 11'!J34*'Anexo 1'!$D$10,0) -> 0 | ... Z34: =ROUND('Anexo 11'!Z34*'Anexo 1'!$D$10,0) -> 0 | AA34: =SUM(C34:Z34) -> 0 | AB34: 5
B35: F | C35: =ROUND('Anexo 11'!C35*'Anexo 1'!$D$10,0) -> 0 | D35: =ROUND('Anexo 11'!D35*'Anexo 1'!$D$10,0) -> 0 | E35: =ROUND('Anexo 11'!E35*'Anexo 1'!$D$10,0) -> 0 | F35: =ROUND('Anexo 11'!F35*'Anexo 1'!$D$10,0) -> 0 | G35: =ROUND('Anexo 11'!G35*'Anexo 1'!$D$10,0) -> 0 | H35: =ROUND('Anexo 11'!H35*'Anexo 1'!$D$10,0) -> 0 | I35: =ROUND('Anexo 11'!I35*'Anexo 1'!$D$10,0) -> 0 | J35: =ROUND('Anexo 11'!J35*'Anexo 1'!$D$10,0) -> 0 | ... Z35: =ROUND('Anexo 11'!Z35*'Anexo 1'!$D$10,0) -> 0 | AA35: =SUM(C35:Z35) -> 0 | AB35: 5
A36: 46327 | B36: O | C36: =ROUND('Anexo 11'!C36*'Anexo 1'!$D$10,0) -> 0 | D36: =ROUND('Anexo 11'!D36*'Anexo 1'!$D$10,0) -> 0 | E36: =ROUND('Anexo 11'!E36*'Anexo 1'!$D$10,0) -> 0 | F36: =ROUND('Anexo 11'!F36*'Anexo 1'!$D$10,0) -> 0 | G36: =ROUND('Anexo 11'!G36*'Anexo 1'!$D$10,0) -> 0 | H36: =ROUND('Anexo 11'!H36*'Anexo 1'!$D$10,0) -> 0 | I36: =ROUND('Anexo 11'!I36*'Anexo 1'!$D$10,0) -> 0 | J36: =ROUND('Anexo 11'!J36*'Anexo 1'!$D$10,0) -> 0 | ... Z36: =ROUND('Anexo 11'!Z36*'Anexo 1'!$D$10,0) -> 0 | AA36: =SUM(C36:Z36) -> 0 | AB36: 19 | AC36: =+AA36*AB36+AA37*AB37+AA38*AB38 -> 0
B37: S | C37: =ROUND('Anexo 11'!C37*'Anexo 1'!$D$10,0) -> 0 | D37: =ROUND('Anexo 11'!D37*'Anexo 1'!$D$10,0) -> 0 | E37: =ROUND('Anexo 11'!E37*'Anexo 1'!$D$10,0) -> 0 | F37: =ROUND('Anexo 11'!F37*'Anexo 1'!$D$10,0) -> 0 | G37: =ROUND('Anexo 11'!G37*'Anexo 1'!$D$10,0) -> 0 | H37: =ROUND('Anexo 11'!H37*'Anexo 1'!$D$10,0) -> 0 | I37: =ROUND('Anexo 11'!I37*'Anexo 1'!$D$10,0) -> 0 | J37: =ROUND('Anexo 11'!J37*'Anexo 1'!$D$10,0) -> 0 | ... Z37: =ROUND('Anexo 11'!Z37*'Anexo 1'!$D$10,0) -> 0 | AA37: =SUM(C37:Z37) -> 0 | AB37: 4
B38: F | C38: =ROUND('Anexo 11'!C38*'Anexo 1'!$D$10,0) -> 0 | D38: =ROUND('Anexo 11'!D38*'Anexo 1'!$D$10,0) -> 0 | E38: =ROUND('Anexo 11'!E38*'Anexo 1'!$D$10,0) -> 0 | F38: =ROUND('Anexo 11'!F38*'Anexo 1'!$D$10,0) -> 0 | G38: =ROUND('Anexo 11'!G38*'Anexo 1'!$D$10,0) -> 0 | H38: =ROUND('Anexo 11'!H38*'Anexo 1'!$D$10,0) -> 0 | I38: =ROUND('Anexo 11'!I38*'Anexo 1'!$D$10,0) -> 0 | J38: =ROUND('Anexo 11'!J38*'Anexo 1'!$D$10,0) -> 0 | ... Z38: =ROUND('Anexo 11'!Z38*'Anexo 1'!$D$10,0) -> 0 | AA38: =SUM(C38:Z38) -> 0 | AB38: 7
A39: 46357 | B39: O | C39: =ROUND('Anexo 11'!C39*'Anexo 1'!$D$10,0) -> 0 | D39: =ROUND('Anexo 11'!D39*'Anexo 1'!$D$10,0) -> 0 | E39: =ROUND('Anexo 11'!E39*'Anexo 1'!$D$10,0) -> 0 | F39: =ROUND('Anexo 11'!F39*'Anexo 1'!$D$10,0) -> 0 | G39: =ROUND('Anexo 11'!G39*'Anexo 1'!$D$10,0) -> 0 | H39: =ROUND('Anexo 11'!H39*'Anexo 1'!$D$10,0) -> 0 | I39: =ROUND('Anexo 11'!I39*'Anexo 1'!$D$10,0) -> 0 | J39: =ROUND('Anexo 11'!J39*'Anexo 1'!$D$10,0) -> 0 | ... Z39: =ROUND('Anexo 11'!Z39*'Anexo 1'!$D$10,0) -> 0 | AA39: =SUM(C39:Z39) -> 0 | AB39: 21 | AC39: =+AA39*AB39+AA40*AB40+AA41*AB41 -> 0
B40: S | C40: =ROUND('Anexo 11'!C40*'Anexo 1'!$D$10,0) -> 0 | D40: =ROUND('Anexo 11'!D40*'Anexo 1'!$D$10,0) -> 0 | E40: =ROUND('Anexo 11'!E40*'Anexo 1'!$D$10,0) -> 0 | F40: =ROUND('Anexo 11'!F40*'Anexo 1'!$D$10,0) -> 0 | G40: =ROUND('Anexo 11'!G40*'Anexo 1'!$D$10,0) -> 0 | H40: =ROUND('Anexo 11'!H40*'Anexo 1'!$D$10,0) -> 0 | I40: =ROUND('Anexo 11'!I40*'Anexo 1'!$D$10,0) -> 0 | J40: =ROUND('Anexo 11'!J40*'Anexo 1'!$D$10,0) -> 0 | ... Z40: =ROUND('Anexo 11'!Z40*'Anexo 1'!$D$10,0) -> 0 | AA40: =SUM(C40:Z40) -> 0 | AB40: 4
B41: F | C41: =ROUND('Anexo 11'!C41*'Anexo 1'!$D$10,0) -> 0 | D41: =ROUND('Anexo 11'!D41*'Anexo 1'!$D$10,0) -> 0 | E41: =ROUND('Anexo 11'!E41*'Anexo 1'!$D$10,0) -> 0 | F41: =ROUND('Anexo 11'!F41*'Anexo 1'!$D$10,0) -> 0 | G41: =ROUND('Anexo 11'!G41*'Anexo 1'!$D$10,0) -> 0 | H41: =ROUND('Anexo 11'!H41*'Anexo 1'!$D$10,0) -> 0 | I41: =ROUND('Anexo 11'!I41*'Anexo 1'!$D$10,0) -> 0 | J41: =ROUND('Anexo 11'!J41*'Anexo 1'!$D$10,0) -> 0 | ... Z41: =ROUND('Anexo 11'!Z41*'Anexo 1'!$D$10,0) -> 0 | AA41: =SUM(C41:Z41) -> 0 | AB41: 6
A42: TOTAL AÑO | C42: =+SUM(C6:C41) -> 0 | D42: =+SUM(D6:D41) -> 0 | E42: =+SUM(E6:E41) -> 0 | F42: =+SUM(F6:F41) -> 0 | G42: =+SUM(G6:G41) -> 0 | H42: =+SUM(H6:H41) -> 0 | I42: =+SUM(I6:I41) -> 0 | J42: =+SUM(J6:J41) -> 0 | ... AC42: =+SUM(AC6:AC41) -> 0

Sheet Anexo 2
B3: ANEXO No 2 - PRODUCTO No. 2 - CURVA
B4: PAGUE LO CONTRATADO AÑO 2027
B5: PRECIO OFERTADO EN $ / kWh DE ABRIL DE 2025
B8: MES | C8: ENERGIA SOLICITADA kWh/MES | D8: % OFERTADO ANUAL | E8: ENERGIA OFERTADA kWh/MES | F8: PRECIO OFERTADO ANUAL $/kWh
B10: 46388 | C10: =+'Anexo 12'!AC6 -> 10657301 | E10: =+'Cantidades Ofertadas Prod 2'!AC6 -> 0
B11: 46419 | C11: =+'Anexo 12'!AC9 -> 9846236 | E11: =+'Cantidades Ofertadas Prod 2'!AC9 -> 0
B12: 46447 | C12: =+'Anexo 12'!AC12 -> 10580321 | E12: =+'Cantidades Ofertadas Prod 2'!AC12 -> 0
B13: 46478 | C13: =+'Anexo 12'!AC15 -> 10076204 | E13: =+'Cantidades Ofertadas Prod 2'!AC15 -> 0
B14: 46508 | C14: =+'Anexo 12'!AC18 -> 10395490 | E14: =+'Cantidades Ofertadas Prod 2'!AC18 -> 0
B15: 46539 | C15: =+'Anexo 12'!AC21 -> 10103194 | E15: =+'Cantidades Ofertadas Prod 2'!AC21 -> 0
B16: 46569 | C16: =+'Anexo 12'!AC24 -> 10674199 | E16: =+'Cantidades Ofertadas Prod 2'!AC24 -> 0
B17: 46600 | C17: =+'Anexo 12'!AC27 -> 10863111 | E17: =+'Cantidades Ofertadas Prod 2'!AC27 -> 0
B18: 46631 | C18: =+'Anexo 12'!AC30 -> 10701632 | E18: =+'Cantidades Ofertadas Prod 2'!AC30 -> 0
B19: 46661 | C19: =+'Anexo 12'!AC33 -> 10567965 | E19: =+'Cantidades Ofertadas Prod 2'!AC33 -> 0
B20: 46692 | C20: =+'Anexo 12'!AC36 -> 10060220 | E20: =+'Cantidades Ofertadas Prod 2'!AC36 -> 0
B21: 46722 | C21: =+'Anexo 12'!AC39 -> 10807043 | E21: =+'Cantidades Ofertadas Prod 2'!AC39 -> 0
B22: TOTAL | C22: =+SUM(C10:C21) -> 125332916 | E22: =SUM(E10:E21) -> 0 | F22: =+F10 -> 0
B23: *Solo se debe ingresar valores en las celdas en color Naranja
B24: * Se debe ofertar un unico % para todos los meses del año.
B25: * Los % ofertados se aplicaran a las curvas de carga de la hoja "Anexo 12".
B26: * La energia ofertada se calcula de manera automatica en la hoja "Cantidades Ofertadas Prod2"
B27: * Se debe ofertar un unico precio por producto.
B28: * Para ofertas planas se debe diligenciar el anexo 2A, con un tope horario de 14.307 kWh
B31: ____________________________________________
B32: Firma del Representante Legal
B33: o Apoderado General (Responsable del negocio)

Sheet Anexo 2A
B3: ANEXO No 2A - PRODUCTO No. 2 - OFERTA PLANA
B4: PAGUE LO CONTRATADO AÑO 2027
B5: PRECIO OFERTADO EN $ / kWh DE ABRIL DE 2025
B8: MES | C8: ENERGIA MAXIMA A OFERTAR kWh/MES | D8: kWh OFERTADO | E8: ENERGIA OFERTADA kWh/MES | F8: PRECIO OFERTADO ANUAL $/kWh
A9: 14307
A10: 31 | B10: 46388 | C10: =+$A$9*A10*24 -> 10644408 | E10: =+$D$10*A10*24 -> 0
A11: 28 | B11: 46419 | C11: =+$A$9*A11*24 -> 9614304 | E11: =+$D$10*A11*24 -> 0
A12: 31 | B12: 46447 | C12: =+$A$9*A12*24 -> 10644408 | E12: =+$D$10*A12*24 -> 0
A13: 30 | B13: 46478 | C13: =+$A$9*A13*24 -> 10301040 | E13: =+$D$10*A13*24 -> 0
A14: 31 | B14: 46508 | C14: =+$A$9*A14*24 -> 10644408 | E14: =+$D$10*A14*24 -> 0
A15: 30 | B15: 46539 | C15: =+$A$9*A15*24 -> 10301040 | E15: =+$D$10*A15*24 -> 0
A16: 31 | B16: 46569 | C16: =+$A$9*A16*24 -> 10644408 | E16: =+$D$10*A16*24 -> 0
A17: 31 | B17: 46600 | C17: =+$A$9*A17*24 -> 10644408 | E17: =+$D$10*A17*24 -> 0
A18: 30 | B18: 46631 | C18: =+$A$9*A18*24 -> 10301040 | E18: =+$D$10*A18*24 -> 0
A19: 31 | B19: 46661 | C19: =+$A$9*A19*24 -> 10644408 | E19: =+$D$10*A19*24 -> 0
A20: 30 | B20: 46692 | C20: =+$A$9*A20*24 -> 10301040 | E20: =+$D$10*A20*24 -> 0
A21: 31 | B21: 46722 | C21: =+$A$9*A21*24 -> 10644408 | E21: =+$D$10*A21*24 -> 0
B22: TOTAL | C22: =+SUM(C10:C21) -> 125329320 | E22: =SUM(E10:E21) -> 0 | F22: =+F10 -> 0
B23: *Solo se debe ingresar valores en las celdas en color Naranja
B24: * Se debe oferta un valor de kWh el cual se aplica para todas las horas del año, con un tope horario de 14.307 kWh
B25: * Se debe ofertar un unico precio por producto.
B26: * A las ofertas planas al momento de la evaluación se le adicionarán 5 $/kWh al precio ofertado; con el fin de hacerlas comparables con las Ofertas que siguen la curva
B31: ____________________________________________
B32: Firma del Representante Legal
B33: o Apoderado General (Responsable del negocio)

Sheet Anexo 12
A1: CURVAS REQUERIDAS PRODUCTO 2 AÑO 2027 MODALIDAD PAGUE LO CONTRATADO - kWh
A4: Periodo | B4: Tipo de día | C4: H01 | D4: H02 | E4: H03 | F4: H04 | G4: H05 | H4: H06 | I4: H07 | J4: H08 | K4: H09 | L4: H10 | M4: H11 | N4: H12 | O4: H13 | P4: H14 | Q4: H15 | R4: H16 | S4: H17 | T4: H18 | U4: H19 | V4: H20 | W4: H21 | X4: H22 | Y4: H23 | Z4: H24 | AA4: TOTAL DÍA | AB4: Días/ | AC4: TOTAL MES
AB5: mes
A6: 46388 | B6: O | C6: 11610 | D6: 10939 | E6: 10535 | F6: 10326 | G6: 10471 | H6: 11094 | I6: 11687 | J6: 12797 | K6: 14046 | L6: 14992 | M6: 15955 | N6: 16864 | O6: 16709 | P6: 16729 | Q6: 17008 | R6: 17061 | S6: 16866 | T6: 16501 | U6: 17714 | V6: 18724 | W6: 18045 | X6: 16854 | Y6: 14940 | Z6: 13007 | AA6: =SUM(C6:Z6) -> 351474 | AB6: 19 | AC6: =+AA6*AB6+AA7*AB7+AA8*AB8 -> 10657301
B7: S | C7: 11890 | D7: 11132 | E7: 10670 | F7: 10378 | G7: 10387 | H7: 10736 | I7: 11143 | J7: 12272 | K7: 13667 | L7: 14721 | M7: 15510 | N7: 16291 | O7: 16375 | P7: 16214 | Q7: 16038 | R7: 15952 | S7: 15832 | T7: 15817 | U7: 17337 | V7: 18420 | W7: 17679 | X7: 16575 | Y7: 15009 | Z7: 13439 | AA7: =SUM(C7:Z7) -> 343484 | AB7: 5
B8: F | C8: 12464 | D8: 11646 | E8: 11103 | F8: 10719 | G8: 10532 | H8: 10606 | I8: 10502 | J8: 11122 | K8: 12184 | L8: 13120 | M8: 13810 | N8: 14529 | O8: 14955 | P8: 14904 | Q8: 14634 | R8: 14478 | S8: 14399 | T8: 14477 | U8: 16136 | V8: 17320 | W8: 16837 | X8: 15805 | Y8: 14213 | Z8: 12630 | AA8: =SUM(C8:Z8) -> 323125 | AB8: 7
A9: 46419 | B9: O | C9: 11678 | D9: 11032 | E9: 10661 | F9: 10478 | G9: 10689 | H9: 11657 | I9: 12429 | J9: 13266 | K9: 14377 | L9: 15209 | M9: 16119 | N9: 16962 | O9: 16623 | P9: 16752 | Q9: 17143 | R9: 17214 | S9: 17022 | T9: 16577 | U9: 17503 | V9: 18828 | W9: 18175 | X9: 16928 | Y9: 14961 | Z9: 13004 | AA9: =SUM(C9:Z9) -> 355287 | AB9: 20 | AC9: =+AA9*AB9+AA10*AB10+AA11*AB11 -> 9846236
B10: S | C10: 12110 | D10: 11394 | E10: 10934 | F10: 10669 | G10: 10701 | H10: 11076 | I10: 11676 | J10: 12804 | K10: 14254 | L10: 15264 | M10: 16066 | N10: 16845 | O10: 16867 | P10: 16651 | Q10: 16466 | R10: 16364 | S10: 16225 | T10: 16174 | U10: 17404 | V10: 18737 | W10: 18003 | X10: 16960 | Y10: 15470 | Z10: 13814 | AA10: =SUM(C10:Z10) -> 352928 | AB10: 4
B11: F | C11: 12578 | D11: 11765 | E11: 11270 | F11: 10898 | G11: 10779 | H11: 10891 | I11: 10980 | J11: 11707 | K11: 12872 | L11: 13825 | M11: 14457 | N11: 15140 | O11: 15523 | P11: 15398 | Q11: 15093 | R11: 14908 | S11: 14815 | T11: 14893 | U11: 16216 | V11: 17688 | W11: 17239 | X11: 16169 | Y11: 14412 | Z11: 12680 | AA11: =SUM(C11:Z11) -> 332196 | AB11: 4
A12: 46447 | B12: O | C12: 11430 | D12: 10811 | E12: 10469 | F12: 10298 | G12: 10525 | H12: 11474 | I12: 12139 | J12: 13066 | K12: 14133 | L12: 14932 | M12: 15784 | N12: 16552 | O12: 16246 | P12: 16313 | Q12: 16650 | R12: 16705 | S12: 16558 | T12: 16245 | U12: 17401 | V12: 18531 | W12: 17858 | X12: 16590 | Y12: 14662 | Z12: 12759 | AA12: =SUM(C12:Z12) -> 348131 | AB12: 20 | AC12: =+AA12*AB12+AA13*AB13+AA14*AB14 -> 10580321
B13: S | C13: 11790 | D13: 11076 | E13: 10696 | F13: 10479 | G13: 10492 | H13: 10891 | I13: 11238 | J13: 12475 | K13: 13820 | L13: 14795 | M13: 15570 | N13: 16215 | O13: 16202 | P13: 15972 | Q13: 15800 | R13: 15670 | S13: 15502 | T13: 15514 | U13: 16917 | V13: 17983 | W13: 17286 | X13: 16290 | Y13: 14806 | Z13: 13308 | AA13: =SUM(C13:Z13) -> 340787 | AB13: 4
B14: F | C14: 12150 | D14: 11364 | E14: 10902 | F14: 10589 | G14: 10459 | H14: 10613 | I14: 10574 | J14: 11360 | K14: 12431 | L14: 13293 | M14: 13895 | N14: 14579 | O14: 14986 | P14: 14872 | Q14: 14560 | R14: 14420 | S14: 14330 | T14: 14442 | U14: 15957 | V14: 17213 | W14: 16729 | X14: 15726 | Y14: 14095 | Z14: 12540 | AA14: =SUM(C14:Z14) -> 322079 | AB14: 7
A15: 46478 | B15: O | C15: 11166 | D15: 10574 | E15: 10218 | F15: 10053 | G15: 10262 | H15: 11027 | I15: 11591 | J15: 12612 | K15: 13679 | L15: 14514 | M15: 15396 | N15: 16195 | O15: 15910 | P15: 15983 | Q15: 16299 | R15: 16332 | S15: 16167 | T15: 15928 | U15: 17319 | V15: 18146 | W15: 17507 | X15: 16227 | Y15: 14290 | Z15: 12437 | AA15: =SUM(C15:Z15) -> 339832 | AB15: 22 | AC15: =+AA15*AB15+AA16*AB16+AA17*AB17 -> 10076204
B16: S | C16: 11404 | D16: 10729 | E16: 10294 | F16: 10038 | G16: 10085 | H16: 10375 | I16: 10739 | J16: 12030 | K16: 13355 | L16: 14360 | M16: 15086 | N16: 15910 | O16: 15961 | P16: 15769 | Q16: 15594 | R16: 15474 | S16: 15430 | T16: 15504 | U16: 17086 | V16: 17960 | W16: 17225 | X16: 16158 | Y16: 14656 | Z16: 13123 | AA16: =SUM(C16:Z16) -> 334345 | AB16: 4
B17: F | C17: 11884 | D17: 11126 | E17: 10636 | F17: 10302 | G17: 10173 | H17: 10156 | I17: 10235 | J17: 11122 | K17: 12159 | L17: 13070 | M17: 13718 | N17: 14378 | O17: 14762 | P17: 14656 | Q17: 14325 | R17: 14168 | S17: 14079 | T17: 14206 | U17: 15895 | V17: 16906 | W17: 16376 | X17: 15344 | Y17: 13764 | Z17: 12190 | AA17: =SUM(C17:Z17) -> 315630 | AB17: 4
A18: 46508 | B18: O | C18: 11183 | D18: 10571 | E18: 10230 | F18: 10059 | G18: 10261 | H18: 10917 | I18: 11603 | J18: 12675 | K18: 13771 | L18: 14632 | M18: 15497 | N18: 16319 | O18: 16071 | P18: 16067 | Q18: 16315 | R18: 16344 | S18: 16177 | T18: 15982 | U18: 17434 | V18: 18257 | W18: 17543 | X18: 16259 | Y18: 14291 | Z18: 12468 | AA18: =SUM(C18:Z18) -> 340926 | AB18: 19 | AC18: =+AA18*AB18+AA19*AB19+AA20*AB20 -> 10395490
B19: S | C19: 11597 | D19: 10926 | E19: 10521 | F19: 10282 | G19: 10324 | H19: 10493 | I19: 11042 | J19: 12341 | K19: 13695 | L19: 14742 | M19: 15460 | N19: 16114 | O19: 16116 | P19: 15860 | Q19: 15599 | R19: 15441 | S19: 15327 | T19: 15468 | U19: 17187 | V19: 17884 | W19: 17175 | X19: 16089 | Y19: 14577 | Z19: 13070 | AA19: =SUM(C19:Z19) -> 337330 | AB19: 4
B20: F | C20: 11799 | D20: 11066 | E20: 10611 | F20: 10308 | G20: 10215 | H20: 10100 | I20: 10307 | J20: 11295 | K20: 12393 | L20: 13369 | M20: 14036 | N20: 14732 | O20: 15038 | P20: 14977 | Q20: 14614 | R20: 15022 | S20: 14358 | T20: 14516 | U20: 16262 | V20: 17276 | W20: 16731 | X20: 15634 | Y20: 14010 | Z20: 12403 | AA20: =SUM(C20:Z20) -> 321072 | AB20: 8
A21: 46539 | B21: O | C21: 11051 | D21: 10426 | E21: 10113 | F21: 9946 | G21: 10131 | H21: 10694 | I21: 11438 | J21: 12569 | K21: 13712 | L21: 14564 | M21: 15455 | N21: 16287 | O21: 16018 | P21: 16000 | Q21: 16306 | R21: 16323 | S21: 16157 | T21: 15907 | U21: 17064 | V21: 18145 | W21: 17468 | X21: 16196 | Y21: 14199 | Z21: 12348 | AA21: =SUM(C21:Z21) -> 338517 | AB21: 21 | AC21: =+AA21*AB21+AA22*AB22+AA23*AB23 -> 10103194
B22: S | C22: 11585 | D22: 10864 | E22: 10450 | F22: 10217 | G22: 10237 | H22: 10403 | I22: 10947 | J22: 12231 | K22: 13680 | L22: 14674 | M22: 15451 | N22: 16124 | O22: 16168 | P22: 16003 | Q22: 15832 | R22: 15802 | S22: 15684 | T22: 15802 | U22: 17277 | V22: 18224 | W22: 17477 | X22: 16410 | Y22: 14829 | Z22: 13222 | AA22: =SUM(C22:Z22) -> 339593 | AB22: 4
B23: F | C23: 12057 | D23: 11288 | E23: 10842 | F23: 10538 | G23: 10466 | H23: 10454 | I23: 10593 | J23: 11622 | K23: 12766 | L23: 13649 | M23: 14376 | N23: 15079 | O23: 15329 | P23: 15223 | Q23: 14929 | R23: 14790 | S23: 14715 | T23: 14835 | U23: 16331 | V23: 17532 | W23: 17015 | X23: 15905 | Y23: 14237 | Z23: 12622 | AA23: =SUM(C23:Z23) -> 327193 | AB23: 5
A24: 46569 | B24: O | C24: 11570 | D24: 10912 | E24: 10532 | F24: 10325 | G24: 10502 | H24: 11063 | I24: 11666 | J24: 12929 | K24: 14157 | L24: 15119 | M24: 16050 | N24: 16876 | O24: 16584 | P24: 16620 | Q24: 16924 | R24: 16958 | S24: 16718 | T24: 16300 | U24: 17257 | V24: 18541 | W24: 17941 | X24: 16732 | Y24: 14737 | Z24: 12901 | AA24: =SUM(C24:Z24) -> 349914 | AB24: 20 | AC24: =+AA24*AB24+AA25*AB25+AA26*AB26 -> 10674199
B25: S | C25: 11596 | D25: 10840 | E25: 10455 | F25: 10198 | G25: 10223 | H25: 10437 | I25: 10957 | J25: 12486 | K25: 13942 | L25: 14938 | M25: 15721 | N25: 16384 | O25: 16353 | P25: 16097 | Q25: 15864 | R25: 15743 | S25: 15604 | T25: 15650 | U25: 16819 | V25: 18056 | W25: 17366 | X25: 16379 | Y25: 14834 | Z25: 13305 | AA25: =SUM(C25:Z25) -> 340247 | AB25: 5
B26: F | C26: 12306 | D26: 11550 | E26: 11051 | F26: 10725 | G26: 10624 | H26: 10627 | I26: 10697 | J26: 11669 | K26: 12836 | L26: 13803 | M26: 14508 | N26: 15161 | O26: 15484 | P26: 15314 | Q26: 14976 | R26: 14796 | S26: 14657 | T26: 14721 | U26: 15960 | V26: 17484 | W26: 17039 | X26: 16013 | Y26: 14347 | Z26: 12766 | AA26: =SUM(C26:Z26) -> 329114 | AB26: 6
A27: 46600 | B27: O | C27: 11706 | D27: 11082 | E27: 10738 | F27: 10534 | G27: 10719 | H27: 11462 | I27: 12124 | J27: 13248 | K27: 14425 | L27: 15326 | M27: 16280 | N27: 17117 | O27: 16822 | P27: 16955 | Q27: 17300 | R27: 17327 | S27: 17078 | T27: 16646 | U27: 17811 | V27: 18890 | W27: 18230 | X27: 16956 | Y27: 14936 | Z27: 13112 | AA27: =SUM(C27:Z27) -> 356824 | AB27: 21 | AC27: =+AA27*AB27+AA28*AB28+AA29*AB29 -> 10863111
B28: S | C28: 12185 | D28: 11508 | E28: 11085 | F28: 10768 | G28: 10744 | H28: 11043 | I28: 11397 | J28: 12839 | K28: 14298 | L28: 15297 | M28: 16174 | N28: 16837 | O28: 16841 | P28: 16660 | Q28: 16486 | R28: 16386 | S28: 16166 | T28: 16136 | U28: 17578 | V28: 18531 | W28: 17830 | X28: 16811 | Y28: 15328 | Z28: 13732 | AA28: =SUM(C28:Z28) -> 352660 | AB28: 3
B29: F | C29: 12412 | D29: 11643 | E29: 11135 | F29: 10812 | G29: 10707 | H29: 10743 | I29: 10741 | J29: 11753 | K29: 12895 | L29: 13838 | M29: 14505 | N29: 15196 | O29: 15553 | P29: 15413 | Q29: 15035 | R29: 14782 | S29: 14686 | T29: 14727 | U29: 16223 | V29: 17523 | W29: 17003 | X29: 15936 | Y29: 14309 | Z29: 12691 | AA29: =SUM(C29:Z29) -> 330261 | AB29: 7
A30: 46631 | B30: O | C30: 11916 | D30: 11259 | E30: 10849 | F30: 10670 | G30: 10843 | H30: 11554 | I30: 12238 | J30: 13399 | K30: 14565 | L30: 15534 | M30: 16497 | N30: 17379 | O30: 17076 | P30: 17199 | Q30: 17602 | R30: 17702 | S30: 17448 | T30: 17090 | U30: 18689 | V30: 19121 | W30: 18402 | X30: 17105 | Y30: 15044 | Z30: 13225 | AA30: =SUM(C30:Z30) -> 362406 | AB30: 22 | AC30: =+AA30*AB30+AA31*AB31+AA32*AB32 -> 10701632
B31: S | C31: 12234 | D31: 11453 | E31: 11030 | F31: 10798 | G31: 10808 | H31: 10908 | I31: 11455 | J31: 13009 | K31: 14491 | L31: 15549 | M31: 16385 | N31: 17056 | O31: 17014 | P31: 16796 | Q31: 16595 | R31: 16449 | S31: 16307 | T31: 16429 | U31: 18183 | V31: 18575 | W31: 17760 | X31: 16718 | Y31: 15196 | Z31: 13642 | AA31: =SUM(C31:Z31) -> 354840 | AB31: 4
B32: F | C32: 12456 | D32: 11708 | E32: 11217 | F32: 10837 | G32: 10665 | H32: 10535 | I32: 10615 | J32: 11609 | K32: 12729 | L32: 13647 | M32: 14288 | N32: 14899 | O32: 15253 | P32: 15145 | Q32: 14825 | R32: 14670 | S32: 14569 | T32: 14686 | U32: 16600 | V32: 17252 | W32: 16775 | X32: 15729 | Y32: 14096 | Z32: 12530 | AA32: =SUM(C32:Z32) -> 327335 | AB32: 4
A33: 46661 | B33: O | C33: 11291 | D33: 10686 | E33: 10350 | F33: 10170 | G33: 10369 | H33: 10942 | I33: 11671 | J33: 12764 | K33: 13861 | L33: 14726 | M33: 15623 | N33: 16454 | O33: 16166 | P33: 16254 | Q33: 16627 | R33: 16707 | S33: 16522 | T33: 16570 | U33: 18403 | V33: 18309 | W33: 17505 | X33: 16193 | Y33: 14266 | Z33: 12553 | AA33: =SUM(C33:Z33) -> 344982 | AB33: 20 | AC33: =+AA33*AB33+AA34*AB34+AA35*AB35 -> 10567965
B34: S | C34: 11887 | D34: 11209 | E34: 10798 | F34: 10525 | G34: 10580 | H34: 10744 | I34: 11351 | J34: 12749 | K34: 14142 | L34: 15109 | M34: 15932 | N34: 16623 | O34: 16650 | P34: 16462 | Q34: 16262 | R34: 16137 | S34: 15992 | T34: 16496 | U34: 18590 | V34: 18557 | W34: 17771 | X34: 16581 | Y34: 15114 | Z34: 13518 | AA34: =SUM(C34:Z34) -> 349779 | AB34: 5
B35: F | C35: 11927 | D35: 11205 | E35: 10707 | F35: 10359 | G35: 10248 | H35: 10104 | I35: 10297 | J35: 11243 | K35: 12315 | L35: 13256 | M35: 13924 | N35: 14581 | O35: 14949 | P35: 14827 | Q35: 14545 | R35: 14402 | S35: 14320 | T35: 14762 | U35: 16871 | V35: 17044 | W35: 16497 | X35: 15420 | Y35: 13820 | Z35: 12282 | AA35: =SUM(C35:Z35) -> 319905 | AB35: 6
A36: 46692 | B36: O | C36: 11083 | D36: 10479 | E36: 10144 | F36: 9987 | G36: 10219 | H36: 10872 | I36: 11648 | J36: 12758 | K36: 13835 | L36: 14669 | M36: 15561 | N36: 16416 | O36: 16081 | P36: 16090 | Q36: 16454 | R36: 16438 | S36: 16303 | T36: 16525 | U36: 18439 | V36: 18337 | W36: 17521 | X36: 16140 | Y36: 14156 | Z36: 12381 | AA36: =SUM(C36:Z36) -> 342536 | AB36: 20 | AC36: =+AA36*AB36+AA37*AB37+AA38*AB38 -> 10060220
B37: S | C37: 11381 | D37: 10739 | E37: 10347 | F37: 10096 | G37: 10140 | H37: 10267 | I37: 10826 | J37: 12114 | K37: 13475 | L37: 14425 | M37: 15184 | N37: 15882 | O37: 15817 | P37: 15522 | Q37: 15436 | R37: 15386 | S37: 15296 | T37: 15844 | U37: 17974 | V37: 17921 | W37: 17100 | X37: 16050 | Y37: 14497 | Z37: 12935 | AA37: =SUM(C37:Z37) -> 334654 | AB37: 4
B38: F | C38: 11427 | D38: 10739 | E38: 10273 | F38: 9932 | G38: 9886 | H38: 9764 | I38: 9996 | J38: 10981 | K38: 12055 | L38: 12978 | M38: 13649 | N38: 14332 | O38: 14669 | P38: 14536 | Q38: 14213 | R38: 13984 | S38: 13919 | T38: 14416 | U38: 16563 | V38: 16763 | W38: 16211 | X38: 15117 | Y38: 13480 | Z38: 11931 | AA38: =SUM(C38:Z38) -> 311814 | AB38: 6
A39: 46722 | B39: O | C39: 11874 | D39: 11156 | E39: 10740 | F39: 10527 | G39: 10674 | H39: 11142 | I39: 11663 | J39: 13035 | K39: 14317 | L39: 15264 | M39: 16129 | N39: 17005 | O39: 16838 | P39: 16824 | Q39: 17073 | R39: 17051 | S39: 16806 | T39: 16694 | U39: 18556 | V39: 18843 | W39: 18112 | X39: 16943 | Y39: 15150 | Z39: 13434 | AA39: =SUM(C39:Z39) -> 355850 | AB39: 22 | AC39: =+AA39*AB39+AA40*AB40+AA41*AB41 -> 10807043
B40: S | C40: 11988 | D40: 11263 | E40: 10849 | F40: 10576 | G40: 10591 | H40: 10854 | I40: 11173 | J40: 12457 | K40: 13765 | L40: 14678 | M40: 15411 | N40: 16022 | O40: 16022 | P40: 15793 | Q40: 15646 | R40: 15482 | S40: 15366 | T40: 15642 | U40: 17721 | V40: 17965 | W40: 17246 | X40: 16218 | Y40: 14752 | Z40: 13335 | AA40: =SUM(C40:Z40) -> 340815 | AB40: 3
B41: F | C41: 12384 | D41: 11629 | E41: 11103 | F41: 10729 | G41: 10582 | H41: 10529 | I41: 10512 | J41: 11363 | K41: 12420 | L41: 13350 | M41: 14046 | N41: 14699 | O41: 15051 | P41: 15033 | Q41: 14795 | R41: 14644 | S41: 14557 | T41: 14833 | U41: 16911 | V41: 17332 | W41: 16740 | X41: 15728 | Y41: 14248 | Z41: 12765 | AA41: =SUM(C41:Z41) -> 325983 | AB41: 6
A42: TOTAL AÑO | C42: =+SUM(C6:C41) -> 425049 | D42: =+SUM(D6:D41) -> 399789 | E42: =+SUM(E6:E41) -> 384558 | F42: =+SUM(F6:F41) -> 375145 | G42: =+SUM(G6:G41) -> 376313 | H42: =+SUM(H6:H41) -> 387247 | I42: =+SUM(I6:I41) -> 401890 | J42: =+SUM(J6:J41) -> 441771 | ... AC42: =+SUM(AC6:AC41) -> 125332916

Sheet Cantidades Ofertadas Prod 2
A1: CANTIDADES OFERTADAS PRODUCTO 2 AÑO 2027 MODALIDAD PAGUE LO CONTRATADO - kWh
A4: Periodo | B4: Tipo de día | C4: H01 | D4: H02 | E4: H03 | F4: H04 | G4: H05 | H4: H06 | I4: H07 | J4: H08 | K4: H09 | L4: H10 | M4: H11 | N4: H12 | O4: H13 | P4: H14 | Q4: H15 | R4: H16 | S4: H17 | T4: H18 | U4: H19 | V4: H20 | W4: H21 | X4: H22 | Y4: H23 | Z4: H24 | AA4: TOTAL DÍA | AB4: Días/ | AC4: TOTAL MES
AB5: mes
A6: 46388 | B6: O | C6: =ROUND('Anexo 12'!C6*'Anexo 2'!$D$10,0) -> 0 | D6: =ROUND('Anexo 12'!D6*'Anexo 2'!$D$10,0) -> 0 | E6: =ROUND('Anexo 12'!E6*'Anexo 2'!$D$10,0) -> 0 | F6: =ROUND('Anexo 12'!F6*'Anexo 2'!$D$10,0) -> 0 | G6: =ROUND('Anexo 12'!G6*'Anexo 2'!$D$10,0) -> 0 | H6: =ROUND('Anexo 12'!H6*'Anexo 2'!$D$10,0) -> 0 | I6: =ROUND('Anexo 12'!I6*'Anexo 2'!$D$10,0) -> 0 | J6: =ROUND('Anexo 12'!J6*'Anexo 2'!$D$10,0) -> 0 | ... Z6: =ROUND('Anexo 12'!Z6*'Anexo 2'!$D$10,0) -> 0 | AA6: =SUM(C6:Z6) -> 0 | AB6: 19 | AC6: =+AA6*AB6+AA7*AB7+AA8*AB8 -> 0
B7: S | C7: =ROUND('Anexo 12'!C7*'Anexo 2'!$D$10,0) -> 0 | D7: =ROUND('Anexo 12'!D7*'Anexo 2'!$D$10,0) -> 0 | E7: =ROUND('Anexo 12'!E7*'Anexo 2'!$D$10,0) -> 0 | F7: =ROUND('Anexo 12'!F7*'Anexo 2'!$D$10,0) -> 0 | G7: =ROUND('Anexo 12'!G7*'Anexo 2'!$D$10,0) -> 0 | H7: =ROUND('Anexo 12'!H7*'Anexo 2'!$D$10,0) -> 0 | I7: =ROUND('Anexo 12'!I7*'Anexo 2'!$D$10,0) -> 0 | J7: =ROUND('Anexo 12'!J7*'Anexo 2'!$D$10,0) -> 0 | ... Z7: =ROUND('Anexo 12'!Z7*'Anexo 2'!$D$10,0) -> 0 | AA7: =SUM(C7:Z7) -> 0 | AB7: 5
B8: F | C8: =ROUND('Anexo 12'!C8*'Anexo 2'!$D$10,0) -> 0 | D8: =ROUND('Anexo 12'!D8*'Anexo 2'!$D$10,0) -> 0 | E8: =ROUND('Anexo 12'!E8*'Anexo 2'!$D$10,0) -> 0 | F8: =ROUND('Anexo 12'!F8*'Anexo 2'!$D$10,0) -> 0 | G8: =ROUND('Anexo 12'!G8*'Anexo 2'!$D$10,0) -> 0 | H8: =ROUND('Anexo 12'!H8*'Anexo 2'!$D$10,0) -> 0 | I8: =ROUND('Anexo 12'!I8*'Anexo 2'!$D$10,0) -> 0 | J8: =ROUND('Anexo 12'!J8*'Anexo 2'!$D$10,0) -> 0 | ... Z8: =ROUND('Anexo 12'!Z8*'Anexo 2'!$D$10,0) -> 0 | AA8: =SUM(C8:Z8) -> 0 | AB8: 7
A9: 46419 | B9: O | C9: =ROUND('Anexo 12'!C9*'Anexo 2'!$D$10,0) -> 0 | D9: =ROUND('Anexo 12'!D9*'Anexo 2'!$D$10,0) -> 0 | E9: =ROUND('Anexo 12'!E9*'Anexo 2'!$D$10,0) -> 0 | F9: =ROUND('Anexo 12'!F9*'Anexo 2'!$D$10,0) -> 0 | G9: =ROUND('Anexo 12'!G9*'Anexo 2'!$D$10,0) -> 0 | H9: =ROUND('Anexo 12'!H9*'Anexo 2'!$D$10,0) -> 0 | I9: =ROUND('Anexo 12'!I9*'Anexo 2'!$D$10,0) -> 0 | J9: =ROUND('Anexo 12'!J9*'Anexo 2'!$D$10,0) -> 0 | ... Z9: =ROUND('Anexo 12'!Z9*'Anexo 2'!$D$10,0) -> 0 | AA9: =SUM(C9:Z9) -> 0 | AB9: 20 | AC9: =+AA9*AB9+AA10*AB10+AA11*AB11 -> 0
B10: S | C10: =ROUND('Anexo 12'!C10*'Anexo 2'!$D$10,0) -> 0 | D10: =ROUND('Anexo 12'!D10*'Anexo 2'!$D$10,0) -> 0 | E10: =ROUND('Anexo 12'!E10*'Anexo 2'!$D$10,0) -> 0 | F10: =ROUND('Anexo 12'!F10*'Anexo 2'!$D$10,0) -> 0 | G10: =ROUND('Anexo 12'!G10*'Anexo 2'!$D$10,0) -> 0 | H10: =ROUND('Anexo 12'!H10*'Anexo 2'!$D$10,0) -> 0 | I10: =ROUND('Anexo 12'!I10*'Anexo 2'!$D$10,0) -> 0 | J10: =ROUND('Anexo 12'!J10*'Anexo 2'!$D$10,0) -> 0 | ... Z10: =ROUND('Anexo 12'!Z10*'Anexo 2'!$D$10,0) -> 0 | AA10: =SUM(C10:Z10) -> 0 | AB10: 4
B11: F | C11: =ROUND('Anexo 12'!C11*'Anexo 2'!$D$10,0) -> 0 | D11: =ROUND('Anexo 12'!D11*'Anexo 2'!$D$10,0) -> 0 | E11: =ROUND('Anexo 12'!E11*'Anexo 2'!$D$10,0) -> 0 | F11: =ROUND('Anexo 12'!F11*'Anexo 2'!$D$10,0) -> 0 | G11: =ROUND('Anexo 12'!G11*'Anexo 2'!$D$10,0) -> 0 | H11: =ROUND('Anexo 12'!H11*'Anexo 2'!$D$10,0) -> 0 | I11: =ROUND('Anexo 12'!I11*'Anexo 2'!$D$10,0) -> 0 | J11: =ROUND('Anexo 12'!J11*'Anexo 2'!$D$10,0) -> 0 | ... Z11: =ROUND('Anexo 12'!Z11*'Anexo 2'!$D$10,0) -> 0 | AA11: =SUM(C11:Z11) -> 0 | AB11: 4
A12: 46447 | B12: O | C12: =ROUND('Anexo 12'!C12*'Anexo 2'!$D$10,0) -> 0 | D12: =ROUND('Anexo 12'!D12*'Anexo 2'!$D$10,0) -> 0 | E12: =ROUND('Anexo 12'!E12*'Anexo 2'!$D$10,0) -> 0 | F12: =ROUND('Anexo 12'!F12*'Anexo 2'!$D$10,0) -> 0 | G12: =ROUND('Anexo 12'!G12*'Anexo 2'!$D$10,0) -> 0 | H12: =ROUND('Anexo 12'!H12*'Anexo 2'!$D$10,0) -> 0 | I12: =ROUND('Anexo 12'!I12*'Anexo 2'!$D$10,0) -> 0 | J12: =ROUND('Anexo 12'!J12*'Anexo 2'!$D$10,0) -> 0 | ... Z12: =ROUND('Anexo 12'!Z12*'Anexo 2'!$D$10,0) -> 0 | AA12: =SUM(C12:Z12) -> 0 | AB12: 20 | AC12: =+AA12*AB12+AA13*AB13+AA14*AB14 -> 0
B13: S | C13: =ROUND('Anexo 12'!C13*'Anexo 2'!$D$10,0) -> 0 | D13: =ROUND('Anexo 12'!D13*'Anexo 2'!$D$10,0) -> 0 | E13: =ROUND('Anexo 12'!E13*'Anexo 2'!$D$10,0) -> 0 | F13: =ROUND('Anexo 12'!F13*'Anexo 2'!$D$10,0) -> 0 | G13: =ROUND('Anexo 12'!G13*'Anexo 2'!$D$10,0) -> 0 | H13: =ROUND('Anexo 12'!H13*'Anexo 2'!$D$10,0) -> 0 | I13: =ROUND('Anexo 12'!I13*'Anexo 2'!$D$10,0) -> 0 | J13: =ROUND('Anexo 12'!J13*'Anexo 2'!$D$10,0) -> 0 | ... Z13: =ROUND('Anexo 12'!Z13*'Anexo 2'!$D$10,0) -> 0 | AA13: =SUM(C13:Z13) -> 0 | AB13: 4
B14: F | C14: =ROUND('Anexo 12'!C14*'Anexo 2'!$D$10,0) -> 0 | D14: =ROUND('Anexo 12'!D14*'Anexo 2'!$D$10,0) -> 0 | E14: =ROUND('Anexo 12'!E14*'Anexo 2'!$D$10,0) -> 0 | F14: =ROUND('Anexo 12'!F14*'Anexo 2'!$D$10,0) -> 0 | G14: =ROUND('Anexo 12'!G14*'Anexo 2'!$D$10,0) -> 0 | H14: =ROUND('Anexo 12'!H14*'Anexo 2'!$D$10,0) -> 0 | I14: =ROUND('Anexo 12'!I14*'Anexo 2'!$D$10,0) -> 0 | J14: =ROUND('Anexo 12'!J14*'Anexo 2'!$D$10,0) -> 0 | ... Z14: =ROUND('Anexo 12'!Z14*'Anexo 2'!$D$10,0) -> 0 | AA14: =SUM(C14:Z14) -> 0 | AB14: 7
A15: 46478 | B15: O | C15: =ROUND('Anexo 12'!C15*'Anexo 2'!$D$10,0) -> 0 | D15: =ROUND('Anexo 12'!D15*'Anexo 2'!$D$10,0) -> 0 | E15: =ROUND('Anexo 12'!E15*'Anexo 2'!$D$10,0) -> 0 | F15: =ROUND('Anexo 12'!F15*'Anexo 2'!$D$10,0) -> 0 | G15: =ROUND('Anexo 12'!G15*'Anexo 2'!$D$10,0) -> 0 | H15: =ROUND('Anexo 12'!H15*'Anexo 2'!$D$10,0) -> 0 | I15: =ROUND('Anexo 12'!I15*'Anexo 2'!$D$10,0) -> 0 | J15: =ROUND('Anexo 12'!J15*'Anexo 2'!$D$10,0) -> 0 | ... Z15: =ROUND('Anexo 12'!Z15*'Anexo 2'!$D$10,0) -> 0 | AA15: =SUM(C15:Z15) -> 0 | AB15: 22 | AC15: =+AA15*AB15+AA16*AB16+AA17*AB17 -> 0
B16: S | C16: =ROUND('Anexo 12'!C16*'Anexo 2'!$D$10,0) -> 0 | D16: =ROUND('Anexo 12'!D16*'Anexo 2'!$D$10,0) -> 0 | E16: =ROUND('Anexo 12'!E16*'Anexo 2'!$D$10,0) -> 0 | F16: =ROUND('Anexo 12'!F16*'Anexo 2'!$D$10,0) -> 0 | G16: =ROUND('Anexo 12'!G16*'Anexo 2'!$D$10,0) -> 0 | H16: =ROUND('Anexo 12'!H16*'Anexo 2'!$D$10,0) -> 0 | I16: =ROUND('Anexo 12'!I16*'Anexo 2'!$D$10,0) -> 0 | J16: =ROUND('Anexo 12'!J16*'Anexo 2'!$D$10,0) -> 0 | ... Z16: =ROUND('Anexo 12'!Z16*'Anexo 2'!$D$10,0) -> 0 | AA16: =SUM(C16:Z16) -> 0 | AB16: 4
B17: F | C17: =ROUND('Anexo 12'!C17*'Anexo 2'!$D$10,0) -> 0 | D17: =ROUND('Anexo 12'!D17*'Anexo 2'!$D$10,0) -> 0 | E17: =ROUND('Anexo 12'!E17*'Anexo 2'!$D$10,0) -> 0 | F17: =ROUND('Anexo 12'!F17*'Anexo 2'!$D$10,0) -> 0 | G17: =ROUND('Anexo 12'!G17*'Anexo 2'!$D$10,0) -> 0 | H17: =ROUND('Anexo 12'!H17*'Anexo 2'!$D$10,0) -> 0 | I17: =ROUND('Anexo 12'!I17*'Anexo 2'!$D$10,0) -> 0 | J17: =ROUND('Anexo 12'!J17*'Anexo 2'!$D$10,0) -> 0 | ... Z17: =ROUND('Anexo 12'!Z17*'Anexo 2'!$D$10,0) -> 0 | AA17: =SUM(C17:Z17) -> 0 | AB17: 4
A18: 46508 | B18: O | C18: =ROUND('Anexo 12'!C18*'Anexo 2'!$D$10,0) -> 0 | D18: =ROUND('Anexo 12'!D18*'Anexo 2'!$D$10,0) -> 0 | E18: =ROUND('Anexo 12'!E18*'Anexo 2'!$D$10,0) -> 0 | F18: =ROUND('Anexo 12'!F18*'Anexo 2'!$D$10,0) -> 0 | G18: =ROUND('Anexo 12'!G18*'Anexo 2'!$D$10,0) -> 0 | H18: =ROUND('Anexo 12'!H18*'Anexo 2'!$D$10,0) -> 0 | I18: =ROUND('Anexo 12'!I18*'Anexo 2'!$D$10,0) -> 0 | J18: =ROUND('Anexo 12'!J18*'Anexo 2'!$D$10,0) -> 0 | ... Z18: =ROUND('Anexo 12'!Z18*'Anexo 2'!$D$10,0) -> 0 | AA18: =SUM(C18:Z18) -> 0 | AB18: 19 | AC18: =+AA18*AB18+AA19*AB19+AA20*AB20 -> 0
B19: S | C19: =ROUND('Anexo 12'!C19*'Anexo 2'!$D$10,0) -> 0 | D19: =ROUND('Anexo 12'!D19*'Anexo 2'!$D$10,0) -> 0 | E19: =ROUND('Anexo 12'!E19*'Anexo 2'!$D$10,0) -> 0 | F19: =ROUND('Anexo 12'!F19*'Anexo 2'!$D$10,0) -> 0 | G19: =ROUND('Anexo 12'!G19*'Anexo 2'!$D$10,0) -> 0 | H19: =ROUND('Anexo 12'!H19*'Anexo 2'!$D$10,0) -> 0 | I19: =ROUND('Anexo 12'!I19*'Anexo 2'!$D$10,0) -> 0 | J19: =ROUND('Anexo 12'!J19*'Anexo 2'!$D$10,0) -> 0 | ... Z19: =ROUND('Anexo 12'!Z19*'Anexo 2'!$D$10,0) -> 0 | AA19: =SUM(C19:Z19) -> 0 | AB19: 4
B20: F | C20: =ROUND('Anexo 12'!C20*'Anexo 2'!$D$10,0) -> 0 | D20: =ROUND('Anexo 12'!D20*'Anexo 2'!$D$10,0) -> 0 | E20: =ROUND('Anexo 12'!E20*'Anexo 2'!$D$10,0) -> 0 | F20: =ROUND('Anexo 12'!F20*'Anexo 2'!$D$10,0) -> 0 | G20: =ROUND('Anexo 12'!G20*'Anexo 2'!$D$10,0) -> 0 | H20: =ROUND('Anexo 12'!H20*'Anexo 2'!$D$10,0) -> 0 | I20: =ROUND('Anexo 12'!I20*'Anexo 2'!$D$10,0) -> 0 | J20: =ROUND('Anexo 12'!J20*'Anexo 2'!$D$10,0) -> 0 | ... Z20: =ROUND('Anexo 12'!Z20*'Anexo 2'!$D$10,0) -> 0 | AA20: =SUM(C20:Z20) -> 0 | AB20: 8
A21: 46539 | B21: O | C21: =ROUND('Anexo 12'!C21*'Anexo 2'!$D$10,0) -> 0 | D21: =ROUND('Anexo 12'!D21*'Anexo 2'!$D$10,0) -> 0 | E21: =ROUND('Anexo 12'!E21*'Anexo 2'!$D$10,0) -> 0 | F21: =ROUND('Anexo 12'!F21*'Anexo 2'!$D$10,0) -> 0 | G21: =ROUND('Anexo 12'!G21*'Anexo 2'!$D$10,0) -> 0 | H21: =ROUND('Anexo 12'!H21*'Anexo 2'!$D$10,0) -> 0 | I21: =ROUND('Anexo 12'!I21*'Anexo 2'!$D$10,0) -> 0 | J21: =ROUND('Anexo 12'!J21*'Anexo 2'!$D$10,0) -> 0 | ... Z21: =ROUND('Anexo 12'!Z21*'Anexo 2'!$D$10,0) -> 0 | AA21: =SUM(C21:Z21) -> 0 | AB21: 21 | AC21: =+AA21*AB21+AA22*AB22+AA23*AB23 -> 0
B22: S | C22: =ROUND('Anexo 12'!C22*'Anexo 2'!$D$10,0) -> 0 | D22: =ROUND('Anexo 12'!D22*'Anexo 2'!$D$10,0) -> 0 | E22: =ROUND('Anexo 12'!E22*'Anexo 2'!$D$10,0) -> 0 | F22: =ROUND('Anexo 12'!F22*'Anexo 2'!$D$10,0) -> 0 | G22: =ROUND('Anexo 12'!G22*'Anexo 2'!$D$10,0) -> 0 | H22: =ROUND('Anexo 12'!H22*'Anexo 2'!$D$10,0) -> 0 | I22: =ROUND('Anexo 12'!I22*'Anexo 2'!$D$10,0) -> 0 | J22: =ROUND('Anexo 12'!J22*'Anexo 2'!$D$10,0) -> 0 | ... Z22: =ROUND('Anexo 12'!Z22*'Anexo 2'!$D$10,0) -> 0 | AA22: =SUM(C22:Z22) -> 0 | AB22: 4
B23: F | C23: =ROUND('Anexo 12'!C23*'Anexo 2'!$D$10,0) -> 0 | D23: =ROUND('Anexo 12'!D23*'Anexo 2'!$D$10,0) -> 0 | E23: =ROUND('Anexo 12'!E23*'Anexo 2'!$D$10,0) -> 0 | F23: =ROUND('Anexo 12'!F23*'Anexo 2'!$D$10,0) -> 0 | G23: =ROUND('Anexo 12'!G23*'Anexo 2'!$D$10,0) -> 0 | H23: =ROUND('Anexo 12'!H23*'Anexo 2'!$D$10,0) -> 0 | I23: =ROUND('Anexo 12'!I23*'Anexo 2'!$D$10,0) -> 0 | J23: =ROUND('Anexo 12'!J23*'Anexo 2'!$D$10,0) -> 0 | ... Z23: =ROUND('Anexo 12'!Z23*'Anexo 2'!$D$10,0) -> 0 | AA23: =SUM(C23:Z23) -> 0 | AB23: 5
A24: 46569 | B24: O | C24: =ROUND('Anexo 12'!C24*'Anexo 2'!$D$10,0) -> 0 | D24: =ROUND('Anexo 12'!D24*'Anexo 2'!$D$10,0) -> 0 | E24: =ROUND('Anexo 12'!E24*'Anexo 2'!$D$10,0) -> 0 | F24: =ROUND('Anexo 12'!F24*'Anexo 2'!$D$10,0) -> 0 | G24: =ROUND('Anexo 12'!G24*'Anexo 2'!$D$10,0) -> 0 | H24: =ROUND('Anexo 12'!H24*'Anexo 2'!$D$10,0) -> 0 | I24: =ROUND('Anexo 12'!I24*'Anexo 2'!$D$10,0) -> 0 | J24: =ROUND('Anexo 12'!J24*'Anexo 2'!$D$10,0) -> 0 | ... Z24: =ROUND('Anexo 12'!Z24*'Anexo 2'!$D$10,0) -> 0 | AA24: =SUM(C24:Z24) -> 0 | AB24: 20 | AC24: =+AA24*AB24+AA25*AB25+AA26*AB26 -> 0
B25: S | C25: =ROUND('Anexo 12'!C25*'Anexo 2'!$D$10,0) -> 0 | D25: =ROUND('Anexo 12'!D25*'Anexo 2'!$D$10,0) -> 0 | E25: =ROUND('Anexo 12'!E25*'Anexo 2'!$D$10,0) -> 0 | F25: =ROUND('Anexo 12'!F25*'Anexo 2'!$D$10,0) -> 0 | G25: =ROUND('Anexo 12'!G25*'Anexo 2'!$D$10,0) -> 0 | H25: =ROUND('Anexo 12'!H25*'Anexo 2'!$D$10,0) -> 0 | I25: =ROUND('Anexo 12'!I25*'Anexo 2'!$D$10,0) -> 0 | J25: =ROUND('Anexo 12'!J25*'Anexo 2'!$D$10,0) -> 0 | ... Z25: =ROUND('Anexo 12'!Z25*'Anexo 2'!$D$10,0) -> 0 | AA25: =SUM(C25:Z25) -> 0 | AB25: 5
B26: F | C26: =ROUND('Anexo 12'!C26*'Anexo 2'!$D$10,0) -> 0 | D26: =ROUND('Anexo 12'!D26*'Anexo 2'!$D$10,0) -> 0 | E26: =ROUND('Anexo 12'!E26*'Anexo 2'!$D$10,0) -> 0 | F26: =ROUND('Anexo 12'!F26*'Anexo 2'!$D$10,0) -> 0 | G26: =ROUND('Anexo 12'!G26*'Anexo 2'!$D$10,0) -> 0 | H26: =ROUND('Anexo 12'!H26*'Anexo 2'!$D$10,0) -> 0 | I26: =ROUND('Anexo 12'!I26*'Anexo 2'!$D$10,0) -> 0 | J26: =ROUND('Anexo 12'!J26*'Anexo 2'!$D$10,0) -> 0 | ... Z26: =ROUND('Anexo 12'!Z26*'Anexo 2'!$D$10,0) -> 0 | AA26: =SUM(C26:Z26) -> 0 | AB26: 6
A27: 46600 | B27: O | C27: =ROUND('Anexo 12'!C27*'Anexo 2'!$D$10,0) -> 0 | D27: =ROUND('Anexo 12'!D27*'Anexo 2'!$D$10,0) -> 0 | E27: =ROUND('Anexo 12'!E27*'Anexo 2'!$D$10,0) -> 0 | F27: =ROUND('Anexo 12'!F27*'Anexo 2'!$D$10,0) -> 0 | G27: =ROUND('Anexo 12'!G27*'Anexo 2'!$D$10,0) -> 0 | H27: =ROUND('Anexo 12'!H27*'Anexo 2'!$D$10,0) -> 0 | I27: =ROUND('Anexo 12'!I27*'Anexo 2'!$D$10,0) -> 0 | J27: =ROUND('Anexo 12'!J27*'Anexo 2'!$D$10,0) -> 0 | ... Z27: =ROUND('Anexo 12'!Z27*'Anexo 2'!$D$10,0) -> 0 | AA27: =SUM(C27:Z27) -> 0 | AB27: 21 | AC27: =+AA27*AB27+AA28*AB28+AA29*AB29 -> 0
B28: S | C28: =ROUND('Anexo 12'!C28*'Anexo 2'!$D$10,0) -> 0 | D28: =ROUND('Anexo 12'!D28*'Anexo 2'!$D$10,0) -> 0 | E28: =ROUND('Anexo 12'!E28*'Anexo 2'!$D$10,0) -> 0 | F28: =ROUND('Anexo 12'!F28*'Anexo 2'!$D$10,0) -> 0 | G28: =ROUND('Anexo 12'!G28*'Anexo 2'!$D$10,0) -> 0 | H28: =ROUND('Anexo 12'!H28*'Anexo 2'!$D$10,0) -> 0 | I28: =ROUND('Anexo 12'!I28*'Anexo 2'!$D$10,0) -> 0 | J28: =ROUND('Anexo 12'!J28*'Anexo 2'!$D$10,0) -> 0 | ... Z28: =ROUND('Anexo 12'!Z28*'Anexo 2'!$D$10,0) -> 0 | AA28: =SUM(C28:Z28) -> 0 | AB28: 3
B29: F | C29: =ROUND('Anexo 12'!C29*'Anexo 2'!$D$10,0) -> 0 | D29: =ROUND('Anexo 12'!D29*'Anexo 2'!$D$10,0) -> 0 | E29: =ROUND('Anexo 12'!E29*'Anexo 2'!$D$10,0) -> 0 | F29: =ROUND('Anexo 12'!F29*'Anexo 2'!$D$10,0) -> 0 | G29: =ROUND('Anexo 12'!G29*'Anexo 2'!$D$10,0) -> 0 | H29: =ROUND('Anexo 12'!H29*'Anexo 2'!$D$10,0) -> 0 | I29: =ROUND('Anexo 12'!I29*'Anexo 2'!$D$10,0) -> 0 | J29: =ROUND('Anexo 12'!J29*'Anexo 2'!$D$10,0) -> 0 | ... Z29: =ROUND('Anexo 12'!Z29*'Anexo 2'!$D$10,0) -> 0 | AA29: =SUM(C29:Z29) -> 0 | AB29: 7
A30: 46631 | B30: O | C30: =ROUND('Anexo 12'!C30*'Anexo 2'!$D$10,0) -> 0 | D30: =ROUND('Anexo 12'!D30*'Anexo 2'!$D$10,0) -> 0 | E30: =ROUND('Anexo 12'!E30*'Anexo 2'!$D$10,0) -> 0 | F30: =ROUND('Anexo 12'!F30*'Anexo 2'!$D$10,0) -> 0 | G30: =ROUND('Anexo 12'!G30*'Anexo 2'!$D$10,0) -> 0 | H30: =ROUND('Anexo 12'!H30*'Anexo 2'!$D$10,0) -> 0 | I30: =ROUND('Anexo 12'!I30*'Anexo 2'!$D$10,0) -> 0 | J30: =ROUND('Anexo 12'!J30*'Anexo 2'!$D$10,0) -> 0 | ... Z30: =ROUND('Anexo 12'!Z30*'Anexo 2'!$D$10,0) -> 0 | AA30: =SUM(C30:Z30) -> 0 | AB30: 22 | AC30: =+AA30*AB30+AA31*AB31+AA32*AB32 -> 0
B31: S | C31: =ROUND('Anexo 12'!C31*'Anexo 2'!$D$10,0) -> 0 | D31: =ROUND('Anexo 12'!D31*'Anexo 2'!$D$10,0) -> 0 | E31: =ROUND('Anexo 12'!E31*'Anexo 2'!$D$10,0) -> 0 | F31: =ROUND('Anexo 12'!F31*'Anexo 2'!$D$10,0) -> 0 | G31: =ROUND('Anexo 12'!G31*'Anexo 2'!$D$10,0) -> 0 | H31: =ROUND('Anexo 12'!H31*'Anexo 2'!$D$10,0) -> 0 | I31: =ROUND('Anexo 12'!I31*'Anexo 2'!$D$10,0) -> 0 | J31: =ROUND('Anexo 12'!J31*'Anexo 2'!$D$10,0) -> 0 | ... Z31: =ROUND('Anexo 12'!Z31*'Anexo 2'!$D$10,0) -> 0 | AA31: =SUM(C31:Z31) -> 0 | AB31: 4
B32: F | C32: =ROUND('Anexo 12'!C32*'Anexo 2'!$D$10,0) -> 0 | D32: =ROUND('Anexo 12'!D32*'Anexo 2'!$D$10,0) -> 0 | E32: =ROUND('Anexo 12'!E32*'Anexo 2'!$D$10,0) -> 0 | F32: =ROUND('Anexo 12'!F32*'Anexo 2'!$D$10,0) -> 0 | G32: =ROUND('Anexo 12'!G32*'Anexo 2'!$D$10,0) -> 0 | H32: =ROUND('Anexo 12'!H32*'Anexo 2'!$D$10,0) -> 0 | I32: =ROUND('Anexo 12'!I32*'Anexo 2'!$D$10,0) -> 0 | J32: =ROUND('Anexo 12'!J32*'Anexo 2'!$D$10,0) -> 0 | ... Z32: =ROUND('Anexo 12'!Z32*'Anexo 2'!$D$10,0) -> 0 | AA32: =SUM(C32:Z32) -> 0 | AB32: 4
A33: 46661 | B33: O | C33: =ROUND('Anexo 12'!C33*'Anexo 2'!$D$10,0) -> 0 | D33: =ROUND('Anexo 12'!D33*'Anexo 2'!$D$10,0) -> 0 | E33: =ROUND('Anexo 12'!E33*'Anexo 2'!$D$10,0) -> 0 | F33: =ROUND('Anexo 12'!F33*'Anexo 2'!$D$10,0) -> 0 | G33: =ROUND('Anexo 12'!G33*'Anexo 2'!$D$10,0) -> 0 | H33: =ROUND('Anexo 12'!H33*'Anexo 2'!$D$10,0) -> 0 | I33: =ROUND('Anexo 12'!I33*'Anexo 2'!$D$10,0) -> 0 | J33: =ROUND('Anexo 12'!J33*'Anexo 2'!$D$10,0) -> 0 | ... Z33: =ROUND('Anexo 12'!Z33*'Anexo 2'!$D$10,0) -> 0 | AA33: =SUM(C33:Z33) -> 0 | AB33: 20 | AC33: =+AA33*AB33+AA34*AB34+AA35*AB35 -> 0
B34: S | C34: =ROUND('Anexo 12'!C34*'Anexo 2'!$D$10,0) -> 0 | D34: =ROUND('Anexo 12'!D34*'Anexo 2'!$D$10,0) -> 0 | E34: =ROUND('Anexo 12'!E34*'Anexo 2'!$D$10,0) -> 0 | F34: =ROUND('Anexo 12'!F34*'Anexo 2'!$D$10,0) -> 0 | G34: =ROUND('Anexo 12'!G34*'Anexo 2'!$D$10,0) -> 0 | H34: =ROUND('Anexo 12'!H34*'Anexo 2'!$D$10,0) -> 0 | I34: =ROUND('Anexo 12'!I34*'Anexo 2'!$D$10,0) -> 0 | J34: =ROUND('Anexo 12'!J34*'Anexo 2'!$D$10,0) -> 0 | ... Z34: =ROUND('Anexo 12'!Z34*'Anexo 2'!$D$10,0) -> 0 | AA34: =SUM(C34:Z34) -> 0 | AB34: 5
B35: F | C35: =ROUND('Anexo 12'!C35*'Anexo 2'!$D$10,0) -> 0 | D35: =ROUND('Anexo 12'!D35*'Anexo 2'!$D$10,0) -> 0 | E35: =ROUND('Anexo 12'!E35*'Anexo 2'!$D$10,0) -> 0 | F35: =ROUND('Anexo 12'!F35*'Anexo 2'!$D$10,0) -> 0 | G35: =ROUND('Anexo 12'!G35*'Anexo 2'!$D$10,0) -> 0 | H35: =ROUND('Anexo 12'!H35*'Anexo 2'!$D$10,0) -> 0 | I35: =ROUND('Anexo 12'!I35*'Anexo 2'!$D$10,0) -> 0 | J35: =ROUND('Anexo 12'!J35*'Anexo 2'!$D$10,0) -> 0 | ... Z35: =ROUND('Anexo 12'!Z35*'Anexo 2'!$D$10,0) -> 0 | AA35: =SUM(C35:Z35) -> 0 | AB35: 6
A36: 46692 | B36: O | C36: =ROUND('Anexo 12'!C36*'Anexo 2'!$D$10,0) -> 0 | D36: =ROUND('Anexo 12'!D36*'Anexo 2'!$D$10,0) -> 0 | E36: =ROUND('Anexo 12'!E36*'Anexo 2'!$D$10,0) -> 0 | F36: =ROUND('Anexo 12'!F36*'Anexo 2'!$D$10,0) -> 0 | G36: =ROUND('Anexo 12'!G36*'Anexo 2'!$D$10,0) -> 0 | H36: =ROUND('Anexo 12'!H36*'Anexo 2'!$D$10,0) -> 0 | I36: =ROUND('Anexo 12'!I36*'Anexo 2'!$D$10,0) -> 0 | J36: =ROUND('Anexo 12'!J36*'Anexo 2'!$D$10,0) -> 0 | ... Z36: =ROUND('Anexo 12'!Z36*'Anexo 2'!$D$10,0) -> 0 | AA36: =SUM(C36:Z36) -> 0 | AB36: 20 | AC36: =+AA36*AB36+AA37*AB37+AA38*AB38 -> 0
B37: S | C37: =ROUND('Anexo 12'!C37*'Anexo 2'!$D$10,0) -> 0 | D37: =ROUND('Anexo 12'!D37*'Anexo 2'!$D$10,0) -> 0 | E37: =ROUND('Anexo 12'!E37*'Anexo 2'!$D$10,0) -> 0 | F37: =ROUND('Anexo 12'!F37*'Anexo 2'!$D$10,0) -> 0 | G37: =ROUND('Anexo 12'!G37*'Anexo 2'!$D$10,0) -> 0 | H37: =ROUND('Anexo 12'!H37*'Anexo 2'!$D$10,0) -> 0 | I37: =ROUND('Anexo 12'!I37*'Anexo 2'!$D$10,0) -> 0 | J37: =ROUND('Anexo 12'!J37*'Anexo 2'!$D$10,0) -> 0 | ... Z37: =ROUND('Anexo 12'!Z37*'Anexo 2'!$D$10,0) -> 0 | AA37: =SUM(C37:Z37) -> 0 | AB37: 4
B38: F | C38: =ROUND('Anexo 12'!C38*'Anexo 2'!$D$10,0) -> 0 | D38: =ROUND('Anexo 12'!D38*'Anexo 2'!$D$10,0) -> 0 | E38: =ROUND('Anexo 12'!E38*'Anexo 2'!$D$10,0) -> 0 | F38: =ROUND('Anexo 12'!F38*'Anexo 2'!$D$10,0) -> 0 | G38: =ROUND('Anexo 12'!G38*'Anexo 2'!$D$10,0) -> 0 | H38: =ROUND('Anexo 12'!H38*'Anexo 2'!$D$10,0) -> 0 | I38: =ROUND('Anexo 12'!I38*'Anexo 2'!$D$10,0) -> 0 | J38: =ROUND('Anexo 12'!J38*'Anexo 2'!$D$10,0) -> 0 | ... Z38: =ROUND('Anexo 12'!Z38*'Anexo 2'!$D$10,0) -> 0 | AA38: =SUM(C38:Z38) -> 0 | AB38: 6
A39: 46722 | B39: O | C39: =ROUND('Anexo 12'!C39*'Anexo 2'!$D$10,0) -> 0 | D39: =ROUND('Anexo 12'!D39*'Anexo 2'!$D$10,0) -> 0 | E39: =ROUND('Anexo 12'!E39*'Anexo 2'!$D$10,0) -> 0 | F39: =ROUND('Anexo 12'!F39*'Anexo 2'!$D$10,0) -> 0 | G39: =ROUND('Anexo 12'!G39*'Anexo 2'!$D$10,0) -> 0 | H39: =ROUND('Anexo 12'!H39*'Anexo 2'!$D$10,0) -> 0 | I39: =ROUND('Anexo 12'!I39*'Anexo 2'!$D$10,0) -> 0 | J39: =ROUND('Anexo 12'!J39*'Anexo 2'!$D$10,0) -> 0 | ... Z39: =ROUND('Anexo 12'!Z39*'Anexo 2'!$D$10,0) -> 0 | AA39: =SUM(C39:Z39) -> 0 | AB39: 22 | AC39: =+AA39*AB39+AA40*AB40+AA41*AB41 -> 0
B40: S | C40: =ROUND('Anexo 12'!C40*'Anexo 2'!$D$10,0) -> 0 | D40: =ROUND('Anexo 12'!D40*'Anexo 2'!$D$10,0) -> 0 | E40: =ROUND('Anexo 12'!E40*'Anexo 2'!$D$10,0) -> 0 | F40: =ROUND('Anexo 12'!F40*'Anexo 2'!$D$10,0) -> 0 | G40: =ROUND('Anexo 12'!G40*'Anexo 2'!$D$10,0) -> 0 | H40: =ROUND('Anexo 12'!H40*'Anexo 2'!$D$10,0) -> 0 | I40: =ROUND('Anexo 12'!I40*'Anexo 2'!$D$10,0) -> 0 | J40: =ROUND('Anexo 12'!J40*'Anexo 2'!$D$10,0) -> 0 | ... Z40: =ROUND('Anexo 12'!Z40*'Anexo 2'!$D$10,0) -> 0 | AA40: =SUM(C40:Z40) -> 0 | AB40: 3
B41: F | C41: =ROUND('Anexo 12'!C41*'Anexo 2'!$D$10,0) -> 0 | D41: =ROUND('Anexo 12'!D41*'Anexo 2'!$D$10,0) -> 0 | E41: =ROUND('Anexo 12'!E41*'Anexo 2'!$D$10,0) -> 0 | F41: =ROUND('Anexo 12'!F41*'Anexo 2'!$D$10,0) -> 0 | G41: =ROUND('Anexo 12'!G41*'Anexo 2'!$D$10,0) -> 0 | H41: =ROUND('Anexo 12'!H41*'Anexo 2'!$D$10,0) -> 0 | I41: =ROUND('Anexo 12'!I41*'Anexo 2'!$D$10,0) -> 0 | J41: =ROUND('Anexo 12'!J41*'Anexo 2'!$D$10,0) -> 0 | ... Z41: =ROUND('Anexo 12'!Z41*'Anexo 2'!$D$10,0) -> 0 | AA41: =SUM(C41:Z41) -> 0 | AB41: 6
A42: TOTAL AÑO | C42: =+SUM(C6:C41) -> 0 | D42: =+SUM(D6:D41) -> 0 | E42: =+SUM(E6:E41) -> 0 | F42: =+SUM(F6:F41) -> 0 | G42: =+SUM(G6:G41) -> 0 | H42: =+SUM(H6:H41) -> 0 | I42: =+SUM(I6:I41) -> 0 | J42: =+SUM(J6:J41) -> 0 | ... AC42: =+SUM(AC6:AC41) -> 0

Sheet Anexo 3
B3: ANEXO No 3 - PRODUCTO No. 3 - CURVA
B4: PAGUE LO CONTRATADO AÑO 2028
B5: PRECIO OFERTADO EN $ / kWh DE ABRIL DE 2025
B8: MES | C8: ENERGIA SOLICITADA kWh/MES | D8: % OFERTADO ANUAL | E8: ENERGIA OFERTADA kWh/MES | F8: PRECIO OFERTADO ANUAL $/kWh
B10: 46753 | C10: =+'Anexo 13'!AC6 -> 17293302 | E10: =+'Cantidades Ofertadas Prod 3'!AC6 -> 0
B11: 46784 | C11: =+'Anexo 13'!AC9 -> 16541326 | E11: =+'Cantidades Ofertadas Prod 3'!AC9 -> 0
B12: 46813 | C12: =+'Anexo 13'!AC12 -> 17239977 | E12: =+'Cantidades Ofertadas Prod 3'!AC12 -> 0
B13: 46844 | C13: =+'Anexo 13'!AC15 -> 16211500 | E13: =+'Cantidades Ofertadas Prod 3'!AC15 -> 0
B14: 46874 | C14: =+'Anexo 13'!AC18 -> 16920192 | E14: =+'Cantidades Ofertadas Prod 3'!AC18 -> 0
B15: 46905 | C15: =+'Anexo 13'!AC21 -> 16363472 | E15: =+'Cantidades Ofertadas Prod 3'!AC21 -> 0
B16: 46935 | C16: =+'Anexo 13'!AC24 -> 17274031 | E16: =+'Cantidades Ofertadas Prod 3'!AC24 -> 0
B17: 46966 | C17: =+'Anexo 13'!AC27 -> 17650378 | E17: =+'Cantidades Ofertadas Prod 3'!AC27 -> 0
B18: 46997 | C18: =+'Anexo 13'!AC30 -> 17339973 | E18: =+'Cantidades Ofertadas Prod 3'!AC30 -> 0
B19: 47027 | C19: =+'Anexo 13'!AC33 -> 17127638 | E19: =+'Cantidades Ofertadas Prod 3'!AC33 -> 0
B20: 47058 | C20: =+'Anexo 13'!AC36 -> 16312126 | E20: =+'Cantidades Ofertadas Prod 3'!AC36 -> 0
B21: 47088 | C21: =+'Anexo 13'!AC39 -> 17425945 | E21: =+'Cantidades Ofertadas Prod 3'!AC39 -> 0
B22: TOTAL | C22: =+SUM(C10:C21) -> 203699860 | E22: =SUM(E10:E21) -> 0 | F22: =+F10 -> 0
B23: *Solo se debe ingresar valores en las celdas en color Naranja
B24: * Se debe ofertar un unico % para todos los meses del año.
B25: * Los % ofertados se aplicaran a las curvas de carga de la hoja "Anexo 13".
B26: * La energia ofertada se calcula de manera automatica en la hoja "Cantidades Ofertadas Prod3"
B27: * Se debe ofertar un unico precio por producto.
B28: * Para ofertas planas se debe diligenciar el anexo 3A, con un tope horario de 23.189 kWh
E30: =+E22/1000 -> 0
B32: ____________________________________________
B33: Firma del Representante Legal
B34: o Apoderado General (Responsable del negocio)

Sheet Anexo 3A
B3: ANEXO No 3A - PRODUCTO No. 3 - OFERTA PLANA
B4: PAGUE LO CONTRATADO AÑO 2028
B5: PRECIO OFERTADO EN $ / kWh DE ABRIL DE 2025
B8: MES | C8: ENERGIA MAXIMA A OFERTAR kWh/MES | D8: kWh OFERTADO | E8: ENERGIA OFERTADA kWh/MES | F8: PRECIO OFERTADO ANUAL $/kWh
A9: 23189
A10: 31 | B10: 46753 | C10: =+$A$9*A10*24 -> 17252616 | E10: =+$D$10*A10*24 -> 0
A11: 29 | B11: 46784 | C11: =+$A$9*A11*24 -> 16139544 | E11: =+$D$10*A11*24 -> 0
A12: 31 | B12: 46813 | C12: =+$A$9*A12*24 -> 17252616 | E12: =+$D$10*A12*24 -> 0
A13: 30 | B13: 46844 | C13: =+$A$9*A13*24 -> 16696080 | E13: =+$D$10*A13*24 -> 0
A14: 31 | B14: 46874 | C14: =+$A$9*A14*24 -> 17252616 | E14: =+$D$10*A14*24 -> 0
A15: 30 | B15: 46905 | C15: =+$A$9*A15*24 -> 16696080 | E15: =+$D$10*A15*24 -> 0
A16: 31 | B16: 46935 | C16: =+$A$9*A16*24 -> 17252616 | E16: =+$D$10*A16*24 -> 0
A17: 31 | B17: 46966 | C17: =+$A$9*A17*24 -> 17252616 | E17: =+$D$10*A17*24 -> 0
A18: 30 | B18: 46997 | C18: =+$A$9*A18*24 -> 16696080 | E18: =+$D$10*A18*24 -> 0
A19: 31 | B19: 47027 | C19: =+$A$9*A19*24 -> 17252616 | E19: =+$D$10*A19*24 -> 0
A20: 30 | B20: 47058 | C20: =+$A$9*A20*24 -> 16696080 | E20: =+$D$10*A20*24 -> 0
A21: 31 | B21: 47088 | C21: =+$A$9*A21*24 -> 17252616 | E21: =+$D$10*A21*24 -> 0
B22: TOTAL | C22: =+SUM(C10:C21) -> 203692176 | E22: =SUM(E10:E21) -> 0 | F22: =+F10 -> 0
B23: *Solo se debe ingresar valores en las celdas en color Naranja
B24: * Se debe oferta un valor de kWh el cual se aplica para todas las horas del año, con un tope horario de 23.189 kWh
B25: * Se debe ofertar un unico precio por producto.
B26: * A las ofertas planas al momento de la evaluación se le adicionarán 5 $/kWh al precio ofertado; con el fin de hacerlas comparables con las Ofertas que siguen la curva
B31: ____________________________________________
B32: Firma del Representante Legal
B33: o Apoderado General (Responsable del negocio)

Sheet Anexo 13
A1: CURVAS REQUERIDAS PRODUCTO 3 AÑO 2028 MODALIDAD PAGUE LO CONTRATADO - kWh
A4: Periodo | B4: Tipo de día | C4: H01 | D4: H02 | E4: H03 | F4: H04 | G4: H05 | H4: H06 | I4: H07 | J4: H08 | K4: H09 | L4: H10 | M4: H11 | N4: H12 | O4: H13 | P4: H14 | Q4: H15 | R4: H16 | S4: H17 | T4: H18 | U4: H19 | V4: H20 | W4: H21 | X4: H22 | Y4: H23 | Z4: H24 | AA4: TOTAL DÍA | AB4: Días/ | AC4: TOTAL MES
AB5: mes
A6: 46753 | B6: O | C6: 18825 | D6: 17737 | E6: 17082 | F6: 16744 | G6: 16978 | H6: 17989 | I6: 18950 | J6: 20750 | K6: 22775 | L6: 24309 | M6: 25870 | N6: 27344 | O6: 27094 | P6: 27126 | Q6: 27578 | R6: 27664 | S6: 27348 | T6: 26755 | U6: 28722 | V6: 30359 | W6: 29258 | X6: 27328 | Y6: 24224 | Z6: 21090 | AA6: =SUM(C6:Z6) -> 569899 | AB6: 20 | AC6: =+AA6*AB6+AA7*AB7+AA8*AB8 -> 17293302
B7: S | C7: 19279 | D7: 18050 | E7: 17300 | F7: 16828 | G7: 16843 | H7: 17408 | I7: 18068 | J7: 19898 | K7: 22161 | L7: 23869 | M7: 25149 | N7: 26415 | O7: 26552 | P7: 26291 | Q7: 26005 | R7: 25866 | S7: 25671 | T7: 25646 | U7: 28111 | V7: 29867 | W7: 28666 | X7: 26876 | Y7: 24336 | Z7: 21791 | AA7: =SUM(C7:Z7) -> 556946 | AB7: 4
B8: F | C8: 20210 | D8: 18883 | E8: 18002 | F8: 17381 | G8: 17078 | H8: 17197 | I8: 17028 | J8: 18034 | K8: 19756 | L8: 21273 | M8: 22393 | N8: 23559 | O8: 24249 | P8: 24167 | Q8: 23728 | R8: 23475 | S8: 23348 | T8: 23475 | U8: 26164 | V8: 28084 | W8: 27300 | X8: 25626 | Y8: 23045 | Z8: 20479 | AA8: =SUM(C8:Z8) -> 523934 | AB8: 7
A9: 46784 | B9: O | C9: 18935 | D9: 17888 | E9: 17286 | F9: 16990 | G9: 17332 | H9: 18902 | I9: 20152 | J9: 21510 | K9: 23312 | L9: 24661 | M9: 26136 | N9: 27502 | O9: 26954 | P9: 27162 | Q9: 27797 | R9: 27911 | S9: 27600 | T9: 26880 | U9: 28380 | V9: 30529 | W9: 29470 | X9: 27449 | Y9: 24259 | Z9: 21085 | AA9: =SUM(C9:Z9) -> 576082 | AB9: 21 | AC9: =+AA9*AB9+AA10*AB10+AA11*AB11 -> 16541326
B10: S | C10: 19636 | D10: 18475 | E10: 17728 | F10: 17300 | G10: 17350 | H10: 17959 | I10: 18933 | J10: 20762 | K10: 23112 | L10: 24749 | M10: 26051 | N10: 27314 | O10: 27349 | P10: 26999 | Q10: 26698 | R10: 26534 | S10: 26308 | T10: 26226 | U10: 28220 | V10: 30381 | W10: 29191 | X10: 27501 | Y10: 25084 | Z10: 22398 | AA10: =SUM(C10:Z10) -> 572258 | AB10: 4
B11: F | C11: 20394 | D11: 19077 | E11: 18274 | F11: 17671 | G11: 17478 | H11: 17659 | I11: 17803 | J11: 18983 | K11: 20871 | L11: 22417 | M11: 23442 | N11: 24549 | O11: 25169 | P11: 24967 | Q11: 24473 | R11: 24173 | S11: 24022 | T11: 24149 | U11: 26293 | V11: 28680 | W11: 27952 | X11: 26217 | Y11: 23369 | Z11: 20561 | AA11: =SUM(C11:Z11) -> 538643 | AB11: 4
A12: 46813 | B12: O | C12: 18533 | D12: 17530 | E12: 16975 | F12: 16697 | G12: 17066 | H12: 18605 | I12: 19683 | J12: 21186 | K12: 22915 | L12: 24211 | M12: 25592 | N12: 26838 | O12: 26341 | P12: 26451 | Q12: 26997 | R12: 27086 | S12: 26849 | T12: 26341 | U12: 28214 | V12: 30047 | W12: 28956 | X12: 26900 | Y12: 23775 | Z12: 20689 | AA12: =SUM(C12:Z12) -> 564477 | AB12: 22 | AC12: =+AA12*AB12+AA13*AB13+AA14*AB14 -> 17239977
B13: S | C13: 19116 | D13: 17959 | E13: 17343 | F13: 16991 | G13: 17012 | H13: 17659 | I13: 18222 | J13: 20228 | K13: 22409 | L13: 23990 | M13: 25245 | N13: 26292 | O13: 26271 | P13: 25898 | Q13: 25619 | R13: 25409 | S13: 25136 | T13: 25155 | U13: 27431 | V13: 29159 | W13: 28029 | X13: 26413 | Y13: 24008 | Z13: 21578 | AA13: =SUM(C13:Z13) -> 552572 | AB13: 4
B14: F | C14: 19701 | D14: 18427 | E14: 17678 | F14: 17169 | G14: 16958 | H14: 17208 | I14: 17146 | J14: 18420 | K14: 20156 | L14: 21555 | M14: 22530 | N14: 23639 | O14: 24299 | P14: 24115 | Q14: 23608 | R14: 23382 | S14: 23235 | T14: 23417 | U14: 25874 | V14: 27911 | W14: 27125 | X14: 25499 | Y14: 22854 | Z14: 20333 | AA14: =SUM(C14:Z14) -> 522239 | AB14: 5
A15: 46844 | B15: O | C15: 18105 | D15: 17146 | E15: 16568 | F15: 16300 | G15: 16639 | H15: 17880 | I15: 18794 | J15: 20450 | K15: 22179 | L15: 23534 | M15: 24964 | N15: 26260 | O15: 25797 | P15: 25916 | Q15: 26428 | R15: 26481 | S15: 26214 | T15: 25827 | U15: 28082 | V15: 29422 | W15: 28387 | X15: 26312 | Y15: 23171 | Z15: 20166 | AA15: =SUM(C15:Z15) -> 551022 | AB15: 18 | AC15: =+AA15*AB15+AA16*AB16+AA17*AB17 -> 16211500
B16: S | C16: 18491 | D16: 17396 | E16: 16692 | F16: 16276 | G16: 16352 | H16: 16822 | I16: 17413 | J16: 19507 | K16: 21654 | L16: 23284 | M16: 24462 | N16: 25798 | O16: 25880 | P16: 25568 | Q16: 25285 | R16: 25090 | S16: 25019 | T16: 25139 | U16: 27704 | V16: 29122 | W16: 27930 | X16: 26200 | Y16: 23764 | Z16: 21278 | AA16: =SUM(C16:Z16) -> 542126 | AB16: 5
B17: F | C17: 19270 | D17: 18041 | E17: 17246 | F17: 16705 | G17: 16495 | H17: 16467 | I17: 16596 | J17: 18033 | K17: 19716 | L17: 21192 | M17: 22243 | N17: 23314 | O17: 23936 | P17: 23765 | Q17: 23227 | R17: 22973 | S17: 22828 | T17: 23034 | U17: 25773 | V17: 27412 | W17: 26553 | X17: 24880 | Y17: 22318 | Z17: 19765 | AA17: =SUM(C17:Z17) -> 511782 | AB17: 7
A18: 46874 | B18: O | C18: 18132 | D18: 17140 | E18: 16587 | F18: 16310 | G18: 16637 | H18: 17702 | I18: 18814 | J18: 20553 | K18: 22330 | L18: 23725 | M18: 25128 | N18: 26460 | O18: 26058 | P18: 26053 | Q18: 26454 | R18: 26501 | S18: 26231 | T18: 25914 | U18: 28268 | V18: 29602 | W18: 28445 | X18: 26363 | Y18: 23172 | Z18: 20217 | AA18: =SUM(C18:Z18) -> 552796 | AB18: 21 | AC18: =+AA18*AB18+AA19*AB19+AA20*AB20 -> 16920192
B19: S | C19: 18804 | D19: 17716 | E19: 17059 | F19: 16672 | G19: 16739 | H19: 17013 | I19: 17905 | J19: 20010 | K19: 22206 | L19: 23904 | M19: 25067 | N19: 26129 | O19: 26132 | P19: 25716 | Q19: 25293 | R19: 25037 | S19: 24852 | T19: 25081 | U19: 27868 | V19: 28998 | W19: 27849 | X19: 26087 | Y19: 23636 | Z19: 21193 | AA19: =SUM(C19:Z19) -> 546966 | AB19: 4
B20: F | C20: 19132 | D20: 17943 | E20: 17205 | F20: 16714 | G20: 16563 | H20: 16376 | I20: 16712 | J20: 18314 | K20: 20095 | L20: 21677 | M20: 22758 | N20: 23888 | O20: 24384 | P20: 24284 | Q20: 23696 | R20: 24357 | S20: 23281 | T20: 23537 | U20: 26368 | V20: 28012 | W20: 27129 | X20: 25350 | Y20: 22716 | Z20: 20111 | AA20: =SUM(C20:Z20) -> 520602 | AB20: 6
A21: 46905 | B21: O | C21: 17918 | D21: 16905 | E21: 16398 | F21: 16126 | G21: 16427 | H21: 17340 | I21: 18545 | J21: 20380 | K21: 22233 | L21: 23616 | M21: 25060 | N21: 26408 | O21: 25973 | P21: 25944 | Q21: 26440 | R21: 26467 | S21: 26198 | T21: 25792 | U21: 27669 | V21: 29421 | W21: 28323 | X21: 26260 | Y21: 23023 | Z21: 20022 | AA21: =SUM(C21:Z21) -> 548888 | AB21: 20 | AC21: =+AA21*AB21+AA22*AB22+AA23*AB23 -> 16363472
B22: S | C22: 18784 | D22: 17615 | E22: 16945 | F22: 16566 | G22: 16600 | H22: 16869 | I22: 17750 | J22: 19832 | K22: 22181 | L22: 23794 | M22: 25053 | N22: 26144 | O22: 26216 | P22: 25948 | Q22: 25671 | R22: 25623 | S22: 25432 | T22: 25622 | U22: 28014 | V22: 29549 | W22: 28338 | X22: 26607 | Y22: 24045 | Z22: 21438 | AA22: =SUM(C22:Z22) -> 550636 | AB22: 4
B23: F | C23: 19549 | D23: 18303 | E23: 17580 | F23: 17086 | G23: 16970 | H23: 16950 | I23: 17176 | J23: 18845 | K23: 20700 | L23: 22132 | M23: 23310 | N23: 24450 | O23: 24856 | P23: 24684 | Q23: 24207 | R23: 23981 | S23: 23859 | T23: 24054 | U23: 26480 | V23: 28427 | W23: 27590 | X23: 25789 | Y23: 23084 | Z23: 20466 | AA23: =SUM(C23:Z23) -> 530528 | AB23: 6
A24: 46935 | B24: O | C24: 18761 | D24: 17693 | E24: 17077 | F24: 16742 | G24: 17028 | H24: 17937 | I24: 18916 | J24: 20964 | K24: 22954 | L24: 24514 | M24: 26025 | N24: 27364 | O24: 26890 | P24: 26948 | Q24: 27442 | R24: 27497 | S24: 27108 | T24: 26430 | U24: 27982 | V24: 30063 | W24: 29090 | X24: 27130 | Y24: 23896 | Z24: 20919 | AA24: =SUM(C24:Z24) -> 567370 | AB24: 19 | AC24: =+AA24*AB24+AA25*AB25+AA26*AB26 -> 17274031
B25: S | C25: 18802 | D25: 17577 | E25: 16953 | F25: 16536 | G25: 16576 | H25: 16924 | I25: 17766 | J25: 20245 | K25: 22606 | L25: 24222 | M25: 25492 | N25: 26566 | O25: 26516 | P25: 26101 | Q25: 25723 | R25: 25527 | S25: 25301 | T25: 25376 | U25: 27272 | V25: 29276 | W25: 28158 | X25: 26558 | Y25: 24053 | Z25: 21574 | AA25: =SUM(C25:Z25) -> 551700 | AB25: 5
B26: F | C26: 19953 | D26: 18728 | E26: 17919 | F26: 17391 | G26: 17226 | H26: 17231 | I26: 17344 | J26: 18921 | K26: 20813 | L26: 22382 | M26: 23523 | N26: 24582 | O26: 25107 | P26: 24831 | Q26: 24282 | R26: 23991 | S26: 23766 | T26: 23870 | U26: 25879 | V26: 28350 | W26: 27628 | X26: 25965 | Y26: 23262 | Z26: 20699 | AA26: =SUM(C26:Z26) -> 533643 | AB26: 7
A27: 46966 | B27: O | C27: 18981 | D27: 17970 | E27: 17411 | F27: 17081 | G27: 17380 | H27: 18585 | I27: 19658 | J27: 21482 | K27: 23389 | L27: 24850 | M27: 26398 | N27: 27754 | O27: 27277 | P27: 27493 | Q27: 28050 | R27: 28095 | S27: 27691 | T27: 26990 | U27: 28879 | V27: 30629 | W27: 29559 | X27: 27493 | Y27: 24218 | Z27: 21261 | AA27: =SUM(C27:Z27) -> 578574 | AB27: 21 | AC27: =+AA27*AB27+AA28*AB28+AA29*AB29 -> 17650378
B28: S | C28: 19757 | D28: 18660 | E28: 17974 | F28: 17460 | G28: 17421 | H28: 17905 | I28: 18479 | J28: 20818 | K28: 23183 | L28: 24804 | M28: 26225 | N28: 27300 | O28: 27308 | P28: 27014 | Q28: 26732 | R28: 26569 | S28: 26213 | T28: 26164 | U28: 28503 | V28: 30047 | W28: 28910 | X28: 27259 | Y28: 24854 | Z28: 22266 | AA28: =SUM(C28:Z28) -> 571825 | AB28: 4
B29: F | C29: 20126 | D29: 18878 | E29: 18055 | F29: 17532 | G29: 17361 | H29: 17419 | I29: 17416 | J29: 19057 | K29: 20909 | L29: 22437 | M29: 23519 | N29: 24640 | O29: 25218 | P29: 24992 | Q29: 24379 | R29: 23968 | S29: 23813 | T29: 23879 | U29: 26305 | V29: 28412 | W29: 27570 | X29: 25839 | Y29: 23202 | Z29: 20578 | AA29: =SUM(C29:Z29) -> 535504 | AB29: 6
A30: 46997 | B30: O | C30: 19320 | D30: 18256 | E30: 17591 | F30: 17301 | G30: 17582 | H30: 18734 | I30: 19844 | J30: 21725 | K30: 23617 | L30: 25188 | M30: 26749 | N30: 28179 | O30: 27688 | P30: 27888 | Q30: 28540 | R30: 28703 | S30: 28291 | T30: 27710 | U30: 30303 | V30: 31004 | W30: 29839 | X30: 27736 | Y30: 24393 | Z30: 21444 | AA30: =SUM(C30:Z30) -> 587625 | AB30: 21 | AC30: =+AA30*AB30+AA31*AB31+AA32*AB32 -> 17339973
B31: S | C31: 19836 | D31: 18570 | E31: 17885 | F31: 17509 | G31: 17525 | H31: 17687 | I31: 18573 | J31: 21094 | K31: 23497 | L31: 25212 | M31: 26568 | N31: 27655 | O31: 27587 | P31: 27235 | Q31: 26908 | R31: 26671 | S31: 26442 | T31: 26639 | U31: 29483 | V31: 30119 | W31: 28797 | X31: 27108 | Y31: 24640 | Z31: 22120 | AA31: =SUM(C31:Z31) -> 575360 | AB31: 5
B32: F | C32: 20197 | D32: 18985 | E32: 18188 | F32: 17572 | G32: 17293 | H32: 17082 | I32: 17212 | J32: 18823 | K32: 20639 | L32: 22129 | M32: 23167 | N32: 24158 | O32: 24732 | P32: 24557 | Q32: 24039 | R32: 23787 | S32: 23624 | T32: 23812 | U32: 26916 | V32: 27974 | W32: 27199 | X32: 25504 | Y32: 22856 | Z32: 20317 | AA32: =SUM(C32:Z32) -> 530762 | AB32: 4
A33: 47027 | B33: O | C33: 18309 | D33: 17328 | E33: 16782 | F33: 16490 | G33: 16813 | H33: 17741 | I33: 18923 | J33: 20695 | K33: 22475 | L33: 23878 | M33: 25332 | N33: 26680 | O33: 26212 | P33: 26356 | Q33: 26960 | R33: 27089 | S33: 26789 | T33: 26868 | U33: 29839 | V33: 29687 | W33: 28383 | X33: 26256 | Y33: 23132 | Z33: 20353 | AA33: =SUM(C33:Z33) -> 559370 | AB33: 21 | AC33: =+AA33*AB33+AA34*AB34+AA35*AB35 -> 17127638
B34: S | C34: 19274 | D34: 18175 | E34: 17508 | F34: 17066 | G34: 17155 | H34: 17421 | I34: 18406 | J34: 20672 | K34: 22930 | L34: 24499 | M34: 25834 | N34: 26953 | O34: 26997 | P34: 26692 | Q34: 26367 | R34: 26166 | S34: 25931 | T34: 26748 | U34: 30143 | V34: 30089 | W34: 28815 | X34: 26885 | Y34: 24506 | Z34: 21920 | AA34: =SUM(C34:Z34) -> 567152 | AB34: 4
B35: F | C35: 19339 | D35: 18169 | E35: 17361 | F35: 16797 | G35: 16617 | H35: 16383 | I35: 16696 | J35: 18229 | K35: 19968 | L35: 21495 | M35: 22577 | N35: 23642 | O35: 24240 | P35: 24041 | Q35: 23584 | R35: 23353 | S35: 23219 | T35: 23935 | U35: 27355 | V35: 27636 | W35: 26749 | X35: 25002 | Y35: 22409 | Z35: 19914 | AA35: =SUM(C35:Z35) -> 518710 | AB35: 6
A36: 47058 | B36: O | C36: 17971 | D36: 16991 | E36: 16448 | F36: 16194 | G36: 16570 | H36: 17629 | I36: 18887 | J36: 20687 | K36: 22433 | L36: 23785 | M36: 25231 | N36: 26617 | O36: 26074 | P36: 26089 | Q36: 26679 | R36: 26653 | S36: 26434 | T36: 26795 | U36: 29897 | V36: 29732 | W36: 28410 | X36: 26170 | Y36: 22953 | Z36: 20075 | AA36: =SUM(C36:Z36) -> 555404 | AB36: 20 | AC36: =+AA36*AB36+AA37*AB37+AA38*AB38 -> 16312126
B37: S | C37: 18453 | D37: 17413 | E37: 16777 | F37: 16371 | G37: 16442 | H37: 16647 | I37: 17554 | J37: 19642 | K37: 21850 | L37: 23389 | M37: 24619 | N37: 25751 | O37: 25646 | P37: 25168 | Q37: 25028 | R37: 24948 | S37: 24802 | T37: 25690 | U37: 29144 | V37: 29058 | W37: 27726 | X37: 26024 | Y37: 23506 | Z37: 20974 | AA37: =SUM(C37:Z37) -> 542622 | AB37: 4
B38: F | C38: 18528 | D38: 17413 | E38: 16657 | F38: 16104 | G38: 16030 | H38: 15832 | I38: 16208 | J38: 17806 | K38: 19547 | L38: 21044 | M38: 22132 | N38: 23238 | O38: 23785 | P38: 23569 | Q38: 23046 | R38: 22675 | S38: 22569 | T38: 23374 | U38: 26856 | V38: 27180 | W38: 26285 | X38: 24511 | Y38: 21858 | Z38: 19346 | AA38: =SUM(C38:Z38) -> 505593 | AB38: 6
A39: 47088 | B39: O | C39: 19253 | D39: 18088 | E39: 17415 | F39: 17069 | G39: 17307 | H39: 18066 | I39: 18911 | J39: 21136 | K39: 23214 | L39: 24751 | M39: 26152 | N39: 27573 | O39: 27302 | P39: 27280 | Q39: 27683 | R39: 27648 | S39: 27250 | T39: 27068 | U39: 30087 | V39: 30553 | W39: 29368 | X39: 27473 | Y39: 24566 | Z39: 21783 | AA39: =SUM(C39:Z39) -> 576996 | AB39: 19 | AC39: =+AA39*AB39+AA40*AB40+AA41*AB41 -> 17425945
B40: S | C40: 19437 | D40: 18263 | E40: 17592 | F40: 17148 | G40: 17172 | H40: 17600 | I40: 18117 | J40: 20198 | K40: 22320 | L40: 23799 | M40: 24988 | N40: 25980 | O40: 25979 | P40: 25608 | Q40: 25369 | R40: 25104 | S40: 24916 | T40: 25362 | U40: 28734 | V40: 29129 | W40: 27963 | X40: 26297 | Y40: 23919 | Z40: 21622 | AA40: =SUM(C40:Z40) -> 552616 | AB40: 5
B41: F | C41: 20080 | D41: 18857 | E41: 18002 | F41: 17396 | G41: 17158 | H41: 17072 | I41: 17044 | J41: 18424 | K41: 20139 | L41: 21646 | M41: 22774 | N41: 23834 | O41: 24405 | P41: 24375 | Q41: 23989 | R41: 23745 | S41: 23604 | T41: 24051 | U41: 27420 | V41: 28103 | W41: 27143 | X41: 25502 | Y41: 23102 | Z41: 20698 | AA41: =SUM(C41:Z41) -> 528563 | AB41: 7
A42: TOTAL AÑO | C42: =+SUM(C6:C41) -> 689191 | D42: =+SUM(D6:D41) -> 648245 | E42: =+SUM(E6:E41) -> 623543 | F42: =+SUM(F6:F41) -> 608285 | G42: =+SUM(G6:G41) -> 610173 | H42: =+SUM(H6:H41) -> 627900 | I42: =+SUM(I6:I41) -> 651644 | J42: =+SUM(J6:J41) -> 716313 | ... AC42: =+SUM(AC6:AC41) -> 203699860

Sheet Cantidades Ofertadas Prod 3
A1: CANTIDADES OFERTADAS PRODUCTO 3 AÑO 2028 MODALIDAD PAGUE LO CONTRATADO - kWh
A4: Periodo | B4: Tipo de día | C4: H01 | D4: H02 | E4: H03 | F4: H04 | G4: H05 | H4: H06 | I4: H07 | J4: H08 | K4: H09 | L4: H10 | M4: H11 | N4: H12 | O4: H13 | P4: H14 | Q4: H15 | R4: H16 | S4: H17 | T4: H18 | U4: H19 | V4: H20 | W4: H21 | X4: H22 | Y4: H23 | Z4: H24 | AA4: TOTAL DÍA | AB4: Días/ | AC4: TOTAL MES
AB5: mes
A6: 46753 | B6: O | C6: =ROUND('Anexo 13'!C6*'Anexo 3'!$D$10,0) -> 0 | D6: =ROUND('Anexo 13'!D6*'Anexo 3'!$D$10,0) -> 0 | E6: =ROUND('Anexo 13'!E6*'Anexo 3'!$D$10,0) -> 0 | F6: =ROUND('Anexo 13'!F6*'Anexo 3'!$D$10,0) -> 0 | G6: =ROUND('Anexo 13'!G6*'Anexo 3'!$D$10,0) -> 0 | H6: =ROUND('Anexo 13'!H6*'Anexo 3'!$D$10,0) -> 0 | I6: =ROUND('Anexo 13'!I6*'Anexo 3'!$D$10,0) -> 0 | J6: =ROUND('Anexo 13'!J6*'Anexo 3'!$D$10,0) -> 0 | ... Z6: =ROUND('Anexo 13'!Z6*'Anexo 3'!$D$10,0) -> 0 | AA6: =SUM(C6:Z6) -> 0 | AB6: 20 | AC6: =+AA6*AB6+AA7*AB7+AA8*AB8 -> 0
B7: S | C7: =ROUND('Anexo 13'!C7*'Anexo 3'!$D$10,0) -> 0 | D7: =ROUND('Anexo 13'!D7*'Anexo 3'!$D$10,0) -> 0 | E7: =ROUND('Anexo 13'!E7*'Anexo 3'!$D$10,0) -> 0 | F7: =ROUND('Anexo 13'!F7*'Anexo 3'!$D$10,0) -> 0 | G7: =ROUND('Anexo 13'!G7*'Anexo 3'!$D$10,0) -> 0 | H7: =ROUND('Anexo 13'!H7*'Anexo 3'!$D$10,0) -> 0 | I7: =ROUND('Anexo 13'!I7*'Anexo 3'!$D$10,0) -> 0 | J7: =ROUND('Anexo 13'!J7*'Anexo 3'!$D$10,0) -> 0 | ... Z7: =ROUND('Anexo 13'!Z7*'Anexo 3'!$D$10,0) -> 0 | AA7: =SUM(C7:Z7) -> 0 | AB7: 4
B8: F | C8: =ROUND('Anexo 13'!C8*'Anexo 3'!$D$10,0) -> 0 | D8: =ROUND('Anexo 13'!D8*'Anexo 3'!$D$10,0) -> 0 | E8: =ROUND('Anexo 13'!E8*'Anexo 3'!$D$10,0) -> 0 | F8: =ROUND('Anexo 13'!F8*'Anexo 3'!$D$10,0) -> 0 | G8: =ROUND('Anexo 13'!G8*'Anexo 3'!$D$10,0) -> 0 | H8: =ROUND('Anexo 13'!H8*'Anexo 3'!$D$10,0) -> 0 | I8: =ROUND('Anexo 13'!I8*'Anexo 3'!$D$10,0) -> 0 | J8: =ROUND('Anexo 13'!J8*'Anexo 3'!$D$10,0) -> 0 | ... Z8: =ROUND('Anexo 13'!Z8*'Anexo 3'!$D$10,0) -> 0 | AA8: =SUM(C8:Z8) -> 0 | AB8: 7
A9: 46784 | B9: O | C9: =ROUND('Anexo 13'!C9*'Anexo 3'!$D$10,0) -> 0 | D9: =ROUND('Anexo 13'!D9*'Anexo 3'!$D$10,0) -> 0 | E9: =ROUND('Anexo 13'!E9*'Anexo 3'!$D$10,0) -> 0 | F9: =ROUND('Anexo 13'!F9*'Anexo 3'!$D$10,0) -> 0 | G9: =ROUND('Anexo 13'!G9*'Anexo 3'!$D$10,0) -> 0 | H9: =ROUND('Anexo 13'!H9*'Anexo 3'!$D$10,0) -> 0 | I9: =ROUND('Anexo 13'!I9*'Anexo 3'!$D$10,0) -> 0 | J9: =ROUND('Anexo 13'!J9*'Anexo 3'!$D$10,0) -> 0 | ... Z9: =ROUND('Anexo 13'!Z9*'Anexo 3'!$D$10,0) -> 0 | AA9: =SUM(C9:Z9) -> 0 | AB9: 21 | AC9: =+AA9*AB9+AA10*AB10+AA11*AB11 -> 0
B10: S | C10: =ROUND('Anexo 13'!C10*'Anexo 3'!$D$10,0) -> 0 | D10: =ROUND('Anexo 13'!D10*'Anexo 3'!$D$10,0) -> 0 | E10: =ROUND('Anexo 13'!E10*'Anexo 3'!$D$10,0) -> 0 | F10: =ROUND('Anexo 13'!F10*'Anexo 3'!$D$10,0) -> 0 | G10: =ROUND('Anexo 13'!G10*'Anexo 3'!$D$10,0) -> 0 | H10: =ROUND('Anexo 13'!H10*'Anexo 3'!$D$10,0) -> 0 | I10: =ROUND('Anexo 13'!I10*'Anexo 3'!$D$10,0) -> 0 | J10: =ROUND('Anexo 13'!J10*'Anexo 3'!$D$10,0) -> 0 | ... Z10: =ROUND('Anexo 13'!Z10*'Anexo 3'!$D$10,0) -> 0 | AA10: =SUM(C10:Z10) -> 0 | AB10: 4
B11: F | C11: =ROUND('Anexo 13'!C11*'Anexo 3'!$D$10,0) -> 0 | D11: =ROUND('Anexo 13'!D11*'Anexo 3'!$D$10,0) -> 0 | E11: =ROUND('Anexo 13'!E11*'Anexo 3'!$D$10,0) -> 0 | F11: =ROUND('Anexo 13'!F11*'Anexo 3'!$D$10,0) -> 0 | G11: =ROUND('Anexo 13'!G11*'Anexo 3'!$D$10,0) -> 0 | H11: =ROUND('Anexo 13'!H11*'Anexo 3'!$D$10,0) -> 0 | I11: =ROUND('Anexo 13'!I11*'Anexo 3'!$D$10,0) -> 0 | J11: =ROUND('Anexo 13'!J11*'Anexo 3'!$D$10,0) -> 0 | ... Z11: =ROUND('Anexo 13'!Z11*'Anexo 3'!$D$10,0) -> 0 | AA11: =SUM(C11:Z11) -> 0 | AB11: 4
A12: 46813 | B12: O | C12: =ROUND('Anexo 13'!C12*'Anexo 3'!$D$10,0) -> 0 | D12: =ROUND('Anexo 13'!D12*'Anexo 3'!$D$10,0) -> 0 | E12: =ROUND('Anexo 13'!E12*'Anexo 3'!$D$10,0) -> 0 | F12: =ROUND('Anexo 13'!F12*'Anexo 3'!$D$10,0) -> 0 | G12: =ROUND('Anexo 13'!G12*'Anexo 3'!$D$10,0) -> 0 | H12: =ROUND('Anexo 13'!H12*'Anexo 3'!$D$10,0) -> 0 | I12: =ROUND('Anexo 13'!I12*'Anexo 3'!$D$10,0) -> 0 | J12: =ROUND('Anexo 13'!J12*'Anexo 3'!$D$10,0) -> 0 | ... Z12: =ROUND('Anexo 13'!Z12*'Anexo 3'!$D$10,0) -> 0 | AA12: =SUM(C12:Z12) -> 0 | AB12: 22 | AC12: =+AA12*AB12+AA13*AB13+AA14*AB14 -> 0
B13: S | C13: =ROUND('Anexo 13'!C13*'Anexo 3'!$D$10,0) -> 0 | D13: =ROUND('Anexo 13'!D13*'Anexo 3'!$D$10,0) -> 0 | E13: =ROUND('Anexo 13'!E13*'Anexo 3'!$D$10,0) -> 0 | F13: =ROUND('Anexo 13'!F13*'Anexo 3'!$D$10,0) -> 0 | G13: =ROUND('Anexo 13'!G13*'Anexo 3'!$D$10,0) -> 0 | H13: =ROUND('Anexo 13'!H13*'Anexo 3'!$D$10,0) -> 0 | I13: =ROUND('Anexo 13'!I13*'Anexo 3'!$D$10,0) -> 0 | J13: =ROUND('Anexo 13'!J13*'Anexo 3'!$D$10,0) -> 0 | ... Z13: =ROUND('Anexo 13'!Z13*'Anexo 3'!$D$10,0) -> 0 | AA13: =SUM(C13:Z13) -> 0 | AB13: 4
B14: F | C14: =ROUND('Anexo 13'!C14*'Anexo 3'!$D$10,0) -> 0 | D14: =ROUND('Anexo 13'!D14*'Anexo 3'!$D$10,0) -> 0 | E14: =ROUND('Anexo 13'!E14*'Anexo 3'!$D$10,0) -> 0 | F14: =ROUND('Anexo 13'!F14*'Anexo 3'!$D$10,0) -> 0 | G14: =ROUND('Anexo 13'!G14*'Anexo 3'!$D$10,0) -> 0 | H14: =ROUND('Anexo 13'!H14*'Anexo 3'!$D$10,0) -> 0 | I14: =ROUND('Anexo 13'!I14*'Anexo 3'!$D$10,0) -> 0 | J14: =ROUND('Anexo 13'!J14*'Anexo 3'!$D$10,0) -> 0 | ... Z14: =ROUND('Anexo 13'!Z14*'Anexo 3'!$D$10,0) -> 0 | AA14: =SUM(C14:Z14) -> 0 | AB14: 5
A15: 46844 | B15: O | C15: =ROUND('Anexo 13'!C15*'Anexo 3'!$D$10,0) -> 0 | D15: =ROUND('Anexo 13'!D15*'Anexo 3'!$D$10,0) -> 0 | E15: =ROUND('Anexo 13'!E15*'Anexo 3'!$D$10,0) -> 0 | F15: =ROUND('Anexo 13'!F15*'Anexo 3'!$D$10,0) -> 0 | G15: =ROUND('Anexo 13'!G15*'Anexo 3'!$D$10,0) -> 0 | H15: =ROUND('Anexo 13'!H15*'Anexo 3'!$D$10,0) -> 0 | I15: =ROUND('Anexo 13'!I15*'Anexo 3'!$D$10,0) -> 0 | J15: =ROUND('Anexo 13'!J15*'Anexo 3'!$D$10,0) -> 0 | ... Z15: =ROUND('Anexo 13'!Z15*'Anexo 3'!$D$10,0) -> 0 | AA15: =SUM(C15:Z15) -> 0 | AB15: 18 | AC15: =+AA15*AB15+AA16*AB16+AA17*AB17 -> 0
B16: S | C16: =ROUND('Anexo 13'!C16*'Anexo 3'!$D$10,0) -> 0 | D16: =ROUND('Anexo 13'!D16*'Anexo 3'!$D$10,0) -> 0 | E16: =ROUND('Anexo 13'!E16*'Anexo 3'!$D$10,0) -> 0 | F16: =ROUND('Anexo 13'!F16*'Anexo 3'!$D$10,0) -> 0 | G16: =ROUND('Anexo 13'!G16*'Anexo 3'!$D$10,0) -> 0 | H16: =ROUND('Anexo 13'!H16*'Anexo 3'!$D$10,0) -> 0 | I16: =ROUND('Anexo 13'!I16*'Anexo 3'!$D$10,0) -> 0 | J16: =ROUND('Anexo 13'!J16*'Anexo 3'!$D$10,0) -> 0 | ... Z16: =ROUND('Anexo 13'!Z16*'Anexo 3'!$D$10,0) -> 0 | AA16: =SUM(C16:Z16) -> 0 | AB16: 5
B17: F | C17: =ROUND('Anexo 13'!C17*'Anexo 3'!$D$10,0) -> 0 | D17: =ROUND('Anexo 13'!D17*'Anexo 3'!$D$10,0) -> 0 | E17: =ROUND('Anexo 13'!E17*'Anexo 3'!$D$10,0) -> 0 | F17: =ROUND('Anexo 13'!F17*'Anexo 3'!$D$10,0) -> 0 | G17: =ROUND('Anexo 13'!G17*'Anexo 3'!$D$10,0) -> 0 | H17: =ROUND('Anexo 13'!H17*'Anexo 3'!$D$10,0) -> 0 | I17: =ROUND('Anexo 13'!I17*'Anexo 3'!$D$10,0) -> 0 | J17: =ROUND('Anexo 13'!J17*'Anexo 3'!$D$10,0) -> 0 | ... Z17: =ROUND('Anexo 13'!Z17*'Anexo 3'!$D$10,0) -> 0 | AA17: =SUM(C17:Z17) -> 0 | AB17: 7
A18: 46874 | B18: O | C18: =ROUND('Anexo 13'!C18*'Anexo 3'!$D$10,0) -> 0 | D18: =ROUND('Anexo 13'!D18*'Anexo 3'!$D$10,0) -> 0 | E18: =ROUND('Anexo 13'!E18*'Anexo 3'!$D$10,0) -> 0 | F18: =ROUND('Anexo 13'!F18*'Anexo 3'!$D$10,0) -> 0 | G18: =ROUND('Anexo 13'!G18*'Anexo 3'!$D$10,0) -> 0 | H18: =ROUND('Anexo 13'!H18*'Anexo 3'!$D$10,0) -> 0 | I18: =ROUND('Anexo 13'!I18*'Anexo 3'!$D$10,0) -> 0 | J18: =ROUND('Anexo 13'!J18*'Anexo 3'!$D$10,0) -> 0 | ... Z18: =ROUND('Anexo 13'!Z18*'Anexo 3'!$D$10,0) -> 0 | AA18: =SUM(C18:Z18) -> 0 | AB18: 21 | AC18: =+AA18*AB18+AA19*AB19+AA20*AB20 -> 0
B19: S | C19: =ROUND('Anexo 13'!C19*'Anexo 3'!$D$10,0) -> 0 | D19: =ROUND('Anexo 13'!D19*'Anexo 3'!$D$10,0) -> 0 | E19: =ROUND('Anexo 13'!E19*'Anexo 3'!$D$10,0) -> 0 | F19: =ROUND('Anexo 13'!F19*'Anexo 3'!$D$10,0) -> 0 | G19: =ROUND('Anexo 13'!G19*'Anexo 3'!$D$10,0) -> 0 | H19: =ROUND('Anexo 13'!H19*'Anexo 3'!$D$10,0) -> 0 | I19: =ROUND('Anexo 13'!I19*'Anexo 3'!$D$10,0) -> 0 | J19: =ROUND('Anexo 13'!J19*'Anexo 3'!$D$10,0) -> 0 | ... Z19: =ROUND('Anexo 13'!Z19*'Anexo 3'!$D$10,0) -> 0 | AA19: =SUM(C19:Z19) -> 0 | AB19: 4
B20: F | C20: =ROUND('Anexo 13'!C20*'Anexo 3'!$D$10,0) -> 0 | D20: =ROUND('Anexo 13'!D20*'Anexo 3'!$D$10,0) -> 0 | E20: =ROUND('Anexo 13'!E20*'Anexo 3'!$D$10,0) -> 0 | F20: =ROUND('Anexo 13'!F20*'Anexo 3'!$D$10,0) -> 0 | G20: =ROUND('Anexo 13'!G20*'Anexo 3'!$D$10,0) -> 0 | H20: =ROUND('Anexo 13'!H20*'Anexo 3'!$D$10,0) -> 0 | I20: =ROUND('Anexo 13'!I20*'Anexo 3'!$D$10,0) -> 0 | J20: =ROUND('Anexo 13'!J20*'Anexo 3'!$D$10,0) -> 0 | ... Z20: =ROUND('Anexo 13'!Z20*'Anexo 3'!$D$10,0) -> 0 | AA20: =SUM(C20:Z20) -> 0 | AB20: 6
A21: 46905 | B21: O | C21: =ROUND('Anexo 13'!C21*'Anexo 3'!$D$10,0) -> 0 | D21: =ROUND('Anexo 13'!D21*'Anexo 3'!$D$10,0) -> 0 | E21: =ROUND('Anexo 13'!E21*'Anexo 3'!$D$10,0) -> 0 | F21: =ROUND('Anexo 13'!F21*'Anexo 3'!$D$10,0) -> 0 | G21: =ROUND('Anexo 13'!G21*'Anexo 3'!$D$10,0) -> 0 | H21: =ROUND('Anexo 13'!H21*'Anexo 3'!$D$10,0) -> 0 | I21: =ROUND('Anexo 13'!I21*'Anexo 3'!$D$10,0) -> 0 | J21: =ROUND('Anexo 13'!J21*'Anexo 3'!$D$10,0) -> 0 | ... Z21: =ROUND('Anexo 13'!Z21*'Anexo 3'!$D$10,0) -> 0 | AA21: =SUM(C21:Z21) -> 0 | AB21: 20 | AC21: =+AA21*AB21+AA22*AB22+AA23*AB23 -> 0
B22: S | C22: =ROUND('Anexo 13'!C22*'Anexo 3'!$D$10,0) -> 0 | D22: =ROUND('Anexo 13'!D22*'Anexo 3'!$D$10,0) -> 0 | E22: =ROUND('Anexo 13'!E22*'Anexo 3'!$D$10,0) -> 0 | F22: =ROUND('Anexo 13'!F22*'Anexo 3'!$D$10,0) -> 0 | G22: =ROUND('Anexo 13'!G22*'Anexo 3'!$D$10,0) -> 0 | H22: =ROUND('Anexo 13'!H22*'Anexo 3'!$D$10,0) -> 0 | I22: =ROUND('Anexo 13'!I22*'Anexo 3'!$D$10,0) -> 0 | J22: =ROUND('Anexo 13'!J22*'Anexo 3'!$D$10,0) -> 0 | ... Z22: =ROUND('Anexo 13'!Z22*'Anexo 3'!$D$10,0) -> 0 | AA22: =SUM(C22:Z22) -> 0 | AB22: 4
B23: F | C23: =ROUND('Anexo 13'!C23*'Anexo 3'!$D$10,0) -> 0 | D23: =ROUND('Anexo 13'!D23*'Anexo 3'!$D$10,0) -> 0 | E23: =ROUND('Anexo 13'!E23*'Anexo 3'!$D$10,0) -> 0 | F23: =ROUND('Anexo 13'!F23*'Anexo 3'!$D$10,0) -> 0 | G23: =ROUND('Anexo 13'!G23*'Anexo 3'!$D$10,0) -> 0 | H23: =ROUND('Anexo 13'!H23*'Anexo 3'!$D$10,0) -> 0 | I23: =ROUND('Anexo 13'!I23*'Anexo 3'!$D$10,0) -> 0 | J23: =ROUND('Anexo 13'!J23*'Anexo 3'!$D$10,0) -> 0 | ... Z23: =ROUND('Anexo 13'!Z23*'Anexo 3'!$D$10,0) -> 0 | AA23: =SUM(C23:Z23) -> 0 | AB23: 6
A24: 46935 | B24: O | C24: =ROUND('Anexo 13'!C24*'Anexo 3'!$D$10,0) -> 0 | D24: =ROUND('Anexo 13'!D24*'Anexo 3'!$D$10,0) -> 0 | E24: =ROUND('Anexo 13'!E24*'Anexo 3'!$D$10,0) -> 0 | F24: =ROUND('Anexo 13'!F24*'Anexo 3'!$D$10,0) -> 0 | G24: =ROUND('Anexo 13'!G24*'Anexo 3'!$D$10,0) -> 0 | H24: =ROUND('Anexo 13'!H24*'Anexo 3'!$D$10,0) -> 0 | I24: =ROUND('Anexo 13'!I24*'Anexo 3'!$D$10,0) -> 0 | J24: =ROUND('Anexo 13'!J24*'Anexo 3'!$D$10,0) -> 0 | ... Z24: =ROUND('Anexo 13'!Z24*'Anexo 3'!$D$10,0) -> 0 | AA24: =SUM(C24:Z24) -> 0 | AB24: 19 | AC24: =+AA24*AB24+AA25*AB25+AA26*AB26 -> 0
B25: S | C25: =ROUND('Anexo 13'!C25*'Anexo 3'!$D$10,0) -> 0 | D25: =ROUND('Anexo 13'!D25*'Anexo 3'!$D$10,0) -> 0 | E25: =ROUND('Anexo 13'!E25*'Anexo 3'!$D$10,0) -> 0 | F25: =ROUND('Anexo 13'!F25*'Anexo 3'!$D$10,0) -> 0 | G25: =ROUND('Anexo 13'!G25*'Anexo 3'!$D$10,0) -> 0 | H25: =ROUND('Anexo 13'!H25*'Anexo 3'!$D$10,0) -> 0 | I25: =ROUND('Anexo 13'!I25*'Anexo 3'!$D$10,0) -> 0 | J25: =ROUND('Anexo 13'!J25*'Anexo 3'!$D$10,0) -> 0 | ... Z25: =ROUND('Anexo 13'!Z25*'Anexo 3'!$D$10,0) -> 0 | AA25: =SUM(C25:Z25) -> 0 | AB25: 5
B26: F | C26: =ROUND('Anexo 13'!C26*'Anexo 3'!$D$10,0) -> 0 | D26: =ROUND('Anexo 13'!D26*'Anexo 3'!$D$10,0) -> 0 | E26: =ROUND('Anexo 13'!E26*'Anexo 3'!$D$10,0) -> 0 | F26: =ROUND('Anexo 13'!F26*'Anexo 3'!$D$10,0) -> 0 | G26: =ROUND('Anexo 13'!G26*'Anexo 3'!$D$10,0) -> 0 | H26: =ROUND('Anexo 13'!H26*'Anexo 3'!$D$10,0) -> 0 | I26: =ROUND('Anexo 13'!I26*'Anexo 3'!$D$10,0) -> 0 | J26: =ROUND('Anexo 13'!J26*'Anexo 3'!$D$10,0) -> 0 | ... Z26: =ROUND('Anexo 13'!Z26*'Anexo 3'!$D$10,0) -> 0 | AA26: =SUM(C26:Z26) -> 0 | AB26: 7
A27: 46966 | B27: O | C27: =ROUND('Anexo 13'!C27*'Anexo 3'!$D$10,0) -> 0 | D27: =ROUND('Anexo 13'!D27*'Anexo 3'!$D$10,0) -> 0 | E27: =ROUND('Anexo 13'!E27*'Anexo 3'!$D$10,0) -> 0 | F27: =ROUND('Anexo 13'!F27*'Anexo 3'!$D$10,0) -> 0 | G27: =ROUND('Anexo 13'!G27*'Anexo 3'!$D$10,0) -> 0 | H27: =ROUND('Anexo 13'!H27*'Anexo 3'!$D$10,0) -> 0 | I27: =ROUND('Anexo 13'!I27*'Anexo 3'!$D$10,0) -> 0 | J27: =ROUND('Anexo 13'!J27*'Anexo 3'!$D$10,0) -> 0 | ... Z27: =ROUND('Anexo 13'!Z27*'Anexo 3'!$D$10,0) -> 0 | AA27: =SUM(C27:Z27) -> 0 | AB27: 21 | AC27: =+AA27*AB27+AA28*AB28+AA29*AB29 -> 0
B28: S | C28: =ROUND('Anexo 13'!C28*'Anexo 3'!$D$10,0) -> 0 | D28: =ROUND('Anexo 13'!D28*'Anexo 3'!$D$10,0) -> 0 | E28: =ROUND('Anexo 13'!E28*'Anexo 3'!$D$10,0) -> 0 | F28: =ROUND('Anexo 13'!F28*'Anexo 3'!$D$10,0) -> 0 | G28: =ROUND('Anexo 13'!G28*'Anexo 3'!$D$10,0) -> 0 | H28: =ROUND('Anexo 13'!H28*'Anexo 3'!$D$10,0) -> 0 | I28: =ROUND('Anexo 13'!I28*'Anexo 3'!$D$10,0) -> 0 | J28: =ROUND('Anexo 13'!J28*'Anexo 3'!$D$10,0) -> 0 | ... Z28: =ROUND('Anexo 13'!Z28*'Anexo 3'!$D$10,0) -> 0 | AA28: =SUM(C28:Z28) -> 0 | AB28: 4
B29: F | C29: =ROUND('Anexo 13'!C29*'Anexo 3'!$D$10,0) -> 0 | D29: =ROUND('Anexo 13'!D29*'Anexo 3'!$D$10,0) -> 0 | E29: =ROUND('Anexo 13'!E29*'Anexo 3'!$D$10,0) -> 0 | F29: =ROUND('Anexo 13'!F29*'Anexo 3'!$D$10,0) -> 0 | G29: =ROUND('Anexo 13'!G29*'Anexo 3'!$D$10,0) -> 0 | H29: =ROUND('Anexo 13'!H29*'Anexo 3'!$D$10,0) -> 0 | I29: =ROUND('Anexo 13'!I29*'Anexo 3'!$D$10,0) -> 0 | J29: =ROUND('Anexo 13'!J29*'Anexo 3'!$D$10,0) -> 0 | ... Z29: =ROUND('Anexo 13'!Z29*'Anexo 3'!$D$10,0) -> 0 | AA29: =SUM(C29:Z29) -> 0 | AB29: 6
A30: 46997 | B30: O | C30: =ROUND('Anexo 13'!C30*'Anexo 3'!$D$10,0) -> 0 | D30: =ROUND('Anexo 13'!D30*'Anexo 3'!$D$10,0) -> 0 | E30: =ROUND('Anexo 13'!E30*'Anexo 3'!$D$10,0) -> 0 | F30: =ROUND('Anexo 13'!F30*'Anexo 3'!$D$10,0) -> 0 | G30: =ROUND('Anexo 13'!G30*'Anexo 3'!$D$10,0) -> 0 | H30: =ROUND('Anexo 13'!H30*'Anexo 3'!$D$10,0) -> 0 | I30: =ROUND('Anexo 13'!I30*'Anexo 3'!$D$10,0) -> 0 | J30: =ROUND('Anexo 13'!J30*'Anexo 3'!$D$10,0) -> 0 | ... Z30: =ROUND('Anexo 13'!Z30*'Anexo 3'!$D$10,0) -> 0 | AA30: =SUM(C30:Z30) -> 0 | AB30: 21 | AC30: =+AA30*AB30+AA31*AB31+AA32*AB32 -> 0
B31: S | C31: =ROUND('Anexo 13'!C31*'Anexo 3'!$D$10,0) -> 0 | D31: =ROUND('Anexo 13'!D31*'Anexo 3'!$D$10,0) -> 0 | E31: =ROUND('Anexo 13'!E31*'Anexo 3'!$D$10,0) -> 0 | F31: =ROUND('Anexo 13'!F31*'Anexo 3'!$D$10,0) -> 0 | G31: =ROUND('Anexo 13'!G31*'Anexo 3'!$D$10,0) -> 0 | H31: =ROUND('Anexo 13'!H31*'Anexo 3'!$D$10,0) -> 0 | I31: =ROUND('Anexo 13'!I31*'Anexo 3'!$D$10,0) -> 0 | J31: =ROUND('Anexo 13'!J31*'Anexo 3'!$D$10,0) -> 0 | ... Z31: =ROUND('Anexo 13'!Z31*'Anexo 3'!$D$10,0) -> 0 | AA31: =SUM(C31:Z31) -> 0 | AB31: 5
B32: F | C32: =ROUND('Anexo 13'!C32*'Anexo 3'!$D$10,0) -> 0 | D32: =ROUND('Anexo 13'!D32*'Anexo 3'!$D$10,0) -> 0 | E32: =ROUND('Anexo 13'!E32*'Anexo 3'!$D$10,0) -> 0 | F32: =ROUND('Anexo 13'!F32*'Anexo 3'!$D$10,0) -> 0 | G32: =ROUND('Anexo 13'!G32*'Anexo 3'!$D$10,0) -> 0 | H32: =ROUND('Anexo 13'!H32*'Anexo 3'!$D$10,0) -> 0 | I32: =ROUND('Anexo 13'!I32*'Anexo 3'!$D$10,0) -> 0 | J32: =ROUND('Anexo 13'!J32*'Anexo 3'!$D$10,0) -> 0 | ... Z32: =ROUND('Anexo 13'!Z32*'Anexo 3'!$D$10,0) -> 0 | AA32: =SUM(C32:Z32) -> 0 | AB32: 4
A33: 47027 | B33: O | C33: =ROUND('Anexo 13'!C33*'Anexo 3'!$D$10,0) -> 0 | D33: =ROUND('Anexo 13'!D33*'Anexo 3'!$D$10,0) -> 0 | E33: =ROUND('Anexo 13'!E33*'Anexo 3'!$D$10,0) -> 0 | F33: =ROUND('Anexo 13'!F33*'Anexo 3'!$D$10,0) -> 0 | G33: =ROUND('Anexo 13'!G33*'Anexo 3'!$D$10,0) -> 0 | H33: =ROUND('Anexo 13'!H33*'Anexo 3'!$D$10,0) -> 0 | I33: =ROUND('Anexo 13'!I33*'Anexo 3'!$D$10,0) -> 0 | J33: =ROUND('Anexo 13'!J33*'Anexo 3'!$D$10,0) -> 0 | ... Z33: =ROUND('Anexo 13'!Z33*'Anexo 3'!$D$10,0) -> 0 | AA33: =SUM(C33:Z33) -> 0 | AB33: 21 | AC33: =+AA33*AB33+AA34*AB34+AA35*AB35 -> 0
B34: S | C34: =ROUND('Anexo 13'!C34*'Anexo 3'!$D$10,0) -> 0 | D34: =ROUND('Anexo 13'!D34*'Anexo 3'!$D$10,0) -> 0 | E34: =ROUND('Anexo 13'!E34*'Anexo 3'!$D$10,0) -> 0 | F34: =ROUND('Anexo 13'!F34*'Anexo 3'!$D$10,0) -> 0 | G34: =ROUND('Anexo 13'!G34*'Anexo 3'!$D$10,0) -> 0 | H34: =ROUND('Anexo 13'!H34*'Anexo 3'!$D$10,0) -> 0 | I34: =ROUND('Anexo 13'!I34*'Anexo 3'!$D$10,0) -> 0 | J34: =ROUND('Anexo 13'!J34*'Anexo 3'!$D$10,0) -> 0 | ... Z34: =ROUND('Anexo 13'!Z34*'Anexo 3'!$D$10,0) -> 0 | AA34: =SUM(C34:Z34) -> 0 | AB34: 4
B35: F | C35: =ROUND('Anexo 13'!C35*'Anexo 3'!$D$10,0) -> 0 | D35: =ROUND('Anexo 13'!D35*'Anexo 3'!$D$10,0) -> 0 | E35: =ROUND('Anexo 13'!E35*'Anexo 3'!$D$10,0) -> 0 | F35: =ROUND('Anexo 13'!F35*'Anexo 3'!$D$10,0) -> 0 | G35: =ROUND('Anexo 13'!G35*'Anexo 3'!$D$10,0) -> 0 | H35: =ROUND('Anexo 13'!H35*'Anexo 3'!$D$10,0) -> 0 | I35: =ROUND('Anexo 13'!I35*'Anexo 3'!$D$10,0) -> 0 | J35: =ROUND('Anexo 13'!J35*'Anexo 3'!$D$10,0) -> 0 | ... Z35: =ROUND('Anexo 13'!Z35*'Anexo 3'!$D$10,0) -> 0 | AA35: =SUM(C35:Z35) -> 0 | AB35: 6
A36: 47058 | B36: O | C36: =ROUND('Anexo 13'!C36*'Anexo 3'!$D$10,0) -> 0 | D36: =ROUND('Anexo 13'!D36*'Anexo 3'!$D$10,0) -> 0 | E36: =ROUND('Anexo 13'!E36*'Anexo 3'!$D$10,0) -> 0 | F36: =ROUND('Anexo 13'!F36*'Anexo 3'!$D$10,0) -> 0 | G36: =ROUND('Anexo 13'!G36*'Anexo 3'!$D$10,0) -> 0 | H36: =ROUND('Anexo 13'!H36*'Anexo 3'!$D$10,0) -> 0 | I36: =ROUND('Anexo 13'!I36*'Anexo 3'!$D$10,0) -> 0 | J36: =ROUND('Anexo 13'!J36*'Anexo 3'!$D$10,0) -> 0 | ... Z36: =ROUND('Anexo 13'!Z36*'Anexo 3'!$D$10,0) -> 0 | AA36: =SUM(C36:Z36) -> 0 | AB36: 20 | AC36: =+AA36*AB36+AA37*AB37+AA38*AB38 -> 0
B37: S | C37: =ROUND('Anexo 13'!C37*'Anexo 3'!$D$10,0) -> 0 | D37: =ROUND('Anexo 13'!D37*'Anexo 3'!$D$10,0) -> 0 | E37: =ROUND('Anexo 13'!E37*'Anexo 3'!$D$10,0) -> 0 | F37: =ROUND('Anexo 13'!F37*'Anexo 3'!$D$10,0) -> 0 | G37: =ROUND('Anexo 13'!G37*'Anexo 3'!$D$10,0) -> 0 | H37: =ROUND('Anexo 13'!H37*'Anexo 3'!$D$10,0) -> 0 | I37: =ROUND('Anexo 13'!I37*'Anexo 3'!$D$10,0) -> 0 | J37: =ROUND('Anexo 13'!J37*'Anexo 3'!$D$10,0) -> 0 | ... Z37: =ROUND('Anexo 13'!Z37*'Anexo 3'!$D$10,0) -> 0 | AA37: =SUM(C37:Z37) -> 0 | AB37: 4
B38: F | C38: =ROUND('Anexo 13'!C38*'Anexo 3'!$D$10,0) -> 0 | D38: =ROUND('Anexo 13'!D38*'Anexo 3'!$D$10,0) -> 0 | E38: =ROUND('Anexo 13'!E38*'Anexo 3'!$D$10,0) -> 0 | F38: =ROUND('Anexo 13'!F38*'Anexo 3'!$D$10,0) -> 0 | G38: =ROUND('Anexo 13'!G38*'Anexo 3'!$D$10,0) -> 0 | H38: =ROUND('Anexo 13'!H38*'Anexo 3'!$D$10,0) -> 0 | I38: =ROUND('Anexo 13'!I38*'Anexo 3'!$D$10,0) -> 0 | J38: =ROUND('Anexo 13'!J38*'Anexo 3'!$D$10,0) -> 0 | ... Z38: =ROUND('Anexo 13'!Z38*'Anexo 3'!$D$10,0) -> 0 | AA38: =SUM(C38:Z38) -> 0 | AB38: 6
A39: 47088 | B39: O | C39: =ROUND('Anexo 13'!C39*'Anexo 3'!$D$10,0) -> 0 | D39: =ROUND('Anexo 13'!D39*'Anexo 3'!$D$10,0) -> 0 | E39: =ROUND('Anexo 13'!E39*'Anexo 3'!$D$10,0) -> 0 | F39: =ROUND('Anexo 13'!F39*'Anexo 3'!$D$10,0) -> 0 | G39: =ROUND('Anexo 13'!G39*'Anexo 3'!$D$10,0) -> 0 | H39: =ROUND('Anexo 13'!H39*'Anexo 3'!$D$10,0) -> 0 | I39: =ROUND('Anexo 13'!I39*'Anexo 3'!$D$10,0) -> 0 | J39: =ROUND('Anexo 13'!J39*'Anexo 3'!$D$10,0) -> 0 | ... Z39: =ROUND('Anexo 13'!Z39*'Anexo 3'!$D$10,0) -> 0 | AA39: =SUM(C39:Z39) -> 0 | AB39: 19 | AC39: =+AA39*AB39+AA40*AB40+AA41*AB41 -> 0
B40: S | C40: =ROUND('Anexo 13'!C40*'Anexo 3'!$D$10,0) -> 0 | D40: =ROUND('Anexo 13'!D40*'Anexo 3'!$D$10,0) -> 0 | E40: =ROUND('Anexo 13'!E40*'Anexo 3'!$D$10,0) -> 0 | F40: =ROUND('Anexo 13'!F40*'Anexo 3'!$D$10,0) -> 0 | G40: =ROUND('Anexo 13'!G40*'Anexo 3'!$D$10,0) -> 0 | H40: =ROUND('Anexo 13'!H40*'Anexo 3'!$D$10,0) -> 0 | I40: =ROUND('Anexo 13'!I40*'Anexo 3'!$D$10,0) -> 0 | J40: =ROUND('Anexo 13'!J40*'Anexo 3'!$D$10,0) -> 0 | ... Z40: =ROUND('Anexo 13'!Z40*'Anexo 3'!$D$10,0) -> 0 | AA40: =SUM(C40:Z40) -> 0 | AB40: 5
B41: F | C41: =ROUND('Anexo 13'!C41*'Anexo 3'!$D$10,0) -> 0 | D41: =ROUND('Anexo 13'!D41*'Anexo 3'!$D$10,0) -> 0 | E41: =ROUND('Anexo 13'!E41*'Anexo 3'!$D$10,0) -> 0 | F41: =ROUND('Anexo 13'!F41*'Anexo 3'!$D$10,0) -> 0 | G41: =ROUND('Anexo 13'!G41*'Anexo 3'!$D$10,0) -> 0 | H41: =ROUND('Anexo 13'!H41*'Anexo 3'!$D$10,0) -> 0 | I41: =ROUND('Anexo 13'!I41*'Anexo 3'!$D$10,0) -> 0 | J41: =ROUND('Anexo 13'!J41*'Anexo 3'!$D$10,0) -> 0 | ... Z41: =ROUND('Anexo 13'!Z41*'Anexo 3'!$D$10,0) -> 0 | AA41: =SUM(C41:Z41) -> 0 | AB41: 7
A42: TOTAL AÑO | C42: =ROUND('Anexo 13'!C42*'Anexo 3'!$D$10,0) -> 0 | D42: =ROUND('Anexo 13'!D42*'Anexo 3'!$D$10,0) -> 0 | E42: =ROUND('Anexo 13'!E42*'Anexo 3'!$D$10,0) -> 0 | F42: =ROUND('Anexo 13'!F42*'Anexo 3'!$D$10,0) -> 0 | G42: =ROUND('Anexo 13'!G42*'Anexo 3'!$D$10,0) -> 0 | H42: =ROUND('Anexo 13'!H42*'Anexo 3'!$D$10,0) -> 0 | I42: =ROUND('Anexo 13'!I42*'Anexo 3'!$D$10,0) -> 0 | J42: =ROUND('Anexo 13'!J42*'Anexo 3'!$D$10,0) -> 0 | ... Z42: =ROUND('Anexo 13'!Z42*'Anexo 3'!$D$10,0) -> 0 | AA42: =+SUM(AA6:AA41) -> 0 | AB42: =+SUM(AB6:AB41) -> 366 | AC42: =+SUM(AC6:AC41) -> 0

Sheet Anexo 4
B3: ANEXO No 4 - PRODUCTO No. 4 - CURVA
B4: PAGUE LO CONTRATADO AÑO 2029
B5: PRECIO OFERTADO EN $ / kWh DE ABRIL DE 2025
B8: MES | C8: ENERGIA SOLICITADA kWh/MES | D8: % OFERTADO ANUAL | E8: ENERGIA OFERTADA kWh/MES | F8: PRECIO OFERTADO ANUAL $/kWh
B10: 47119 | C10: =+'Anexo 14'!AC6 -> 22317395 | E10: =+'Cantidades Ofertadas Prod 4'!AC6 -> 0
B11: 47150 | C11: =+'Anexo 14'!AC9 -> 20548992 | E11: =+'Cantidades Ofertadas Prod 4'!AC9 -> 0
B12: 47178 | C12: =+'Anexo 14'!AC12 -> 22065556 | E12: =+'Cantidades Ofertadas Prod 4'!AC12 -> 0
B13: 47209 | C13: =+'Anexo 14'!AC15 -> 20978333 | E13: =+'Cantidades Ofertadas Prod 4'!AC15 -> 0
B14: 47239 | C14: =+'Anexo 14'!AC18 -> 21778059 | E14: =+'Cantidades Ofertadas Prod 4'!AC18 -> 0
B15: 47270 | C15: =+'Anexo 14'!AC21 -> 21063761 | E15: =+'Cantidades Ofertadas Prod 4'!AC21 -> 0
B16: 47300 | C16: =+'Anexo 14'!AC24 -> 22253660 | E16: =+'Cantidades Ofertadas Prod 4'!AC24 -> 0
B17: 47331 | C17: =+'Anexo 14'!AC27 -> 22717830 | E17: =+'Cantidades Ofertadas Prod 4'!AC27 -> 0
B18: 47362 | C18: =+'Anexo 14'!AC30 -> 22245115 | E18: =+'Cantidades Ofertadas Prod 4'!AC30 -> 0
B19: 47392 | C19: =+'Anexo 14'!AC33 -> 22097350 | E19: =+'Cantidades Ofertadas Prod 4'!AC33 -> 0
B20: 47423 | C20: =+'Anexo 14'!AC36 -> 20995396 | E20: =+'Cantidades Ofertadas Prod 4'!AC36 -> 0
B21: 47453 | C21: =+'Anexo 14'!AC39 -> 22460362 | E21: =+'Cantidades Ofertadas Prod 4'!AC39 -> 0
B22: TOTAL | C22: =+SUM(C10:C21) -> 261521809 | E22: =SUM(E10:E21) -> 0 | F22: =+F10 -> 0
B23: *Solo se debe ingresar valores en las celdas en color Naranja
B24: * Se debe ofertar un unico % para todos los meses del año.
B25: * Los % ofertados se aplicaran a las curvas de carga de la hoja "Anexo 14".
B26: * La energia ofertada se calcula de manera automatica en la hoja "Cantidades Ofertadas Prod4"
B27: * Se debe ofertar un unico precio por producto.
B28: * Para ofertas planas se debe diligenciar el anexo 4A, con un tope horario de 29.854 kWh
B33: ____________________________________________
B34: Firma del Representante Legal
B35: o Apoderado General (Responsable del negocio)
H36: =+C36-G36 -> 0
H37: =+C37-G37 -> 0

Sheet Anexo 4A
B3: ANEXO No 4A - PRODUCTO No. 4 - OFERTA PLANA
B4: PAGUE LO CONTRATADO AÑO 2029
B5: PRECIO OFERTADO EN $ / kWh DE ABRIL DE 2025
B8: MES | C8: ENERGIA MAXIMA A OFERTAR kWh/MES | D8: kWh OFERTADO | E8: ENERGIA OFERTADA kWh/MES | F8: PRECIO OFERTADO ANUAL $/kWh
A9: 29854
A10: 31 | B10: 47119 | C10: =+$A$9*A10*24 -> 22211376 | E10: =+$D$10*A10*24 -> 0
A11: 28 | B11: 47150 | C11: =+$A$9*A11*24 -> 20061888 | E11: =+$D$10*A11*24 -> 0
A12: 31 | B12: 47178 | C12: =+$A$9*A12*24 -> 22211376 | E12: =+$D$10*A12*24 -> 0
A13: 30 | B13: 47209 | C13: =+$A$9*A13*24 -> 21494880 | E13: =+$D$10*A13*24 -> 0
A14: 31 | B14: 47239 | C14: =+$A$9*A14*24 -> 22211376 | E14: =+$D$10*A14*24 -> 0
A15: 30 | B15: 47270 | C15: =+$A$9*A15*24 -> 21494880 | E15: =+$D$10*A15*24 -> 0
A16: 31 | B16: 47300 | C16: =+$A$9*A16*24 -> 22211376 | E16: =+$D$10*A16*24 -> 0
A17: 31 | B17: 47331 | C17: =+$A$9*A17*24 -> 22211376 | E17: =+$D$10*A17*24 -> 0
A18: 30 | B18: 47362 | C18: =+$A$9*A18*24 -> 21494880 | E18: =+$D$10*A18*24 -> 0
A19: 31 | B19: 47392 | C19: =+$A$9*A19*24 -> 22211376 | E19: =+$D$10*A19*24 -> 0
A20: 30 | B20: 47423 | C20: =+$A$9*A20*24 -> 21494880 | E20: =+$D$10*A20*24 -> 0
A21: 31 | B21: 47453 | C21: =+$A$9*A21*24 -> 22211376 | E21: =+$D$10*A21*24 -> 0
B22: TOTAL | C22: =+SUM(C10:C21) -> 261521040 | E22: =SUM(E10:E21) -> 0 | F22: =+F10 -> 0
B23: *Solo se debe ingresar valores en las celdas en color Naranja
B24: * Se debe oferta un valor de kWh el cual se aplica para todas las horas del año, con un tope horario de 29.854 kWh
B25: * Se debe ofertar un unico precio por producto.
B26: * A las ofertas planas al momento de la evaluación se le adicionarán 5 $/kWh al precio ofertado; con el fin de hacerlas comparables con las Ofertas que siguen la curva
B31: ____________________________________________
B32: Firma del Representante Legal
B33: o Apoderado General (Responsable del negocio)

Sheet Anexo 14
A1: CURVAS REQUERIDAS PRODUCTO 4 AÑO 2029 MODALIDAD PAGUE LO CONTRATADO - kWh
A4: Periodo | B4: Tipo de día | C4: H01 | D4: H02 | E4: H03 | F4: H04 | G4: H05 | H4: H06 | I4: H07 | J4: H08 | K4: H09 | L4: H10 | M4: H11 | N4: H12 | O4: H13 | P4: H14 | Q4: H15 | R4: H16 | S4: H17 | T4: H18 | U4: H19 | V4: H20 | W4: H21 | X4: H22 | Y4: H23 | Z4: H24 | AA4: TOTAL DÍA | AB4: Días/ | AC4: TOTAL MES
AB5: mes
A6: 47119 | B6: O | C6: 24229 | D6: 22829 | E6: 21986 | F6: 21551 | G6: 21852 | H6: 23154 | I6: 24391 | J6: 26708 | K6: 29314 | L6: 31288 | M6: 33298 | N6: 35194 | O6: 34872 | P6: 34914 | Q6: 35496 | R6: 35607 | S6: 35199 | T6: 34437 | U6: 36968 | V6: 39076 | W6: 37659 | X6: 35173 | Y6: 31179 | Z6: 27145 | AA6: =SUM(C6:Z6) -> 733519 | AB6: 21 | AC6: =+AA6*AB6+AA7*AB7+AA8*AB8 -> 22317395
B7: S | C7: 24814 | D7: 23232 | E7: 22267 | F7: 21659 | G7: 21678 | H7: 22406 | I7: 23255 | J7: 25611 | K7: 28523 | L7: 30722 | M7: 32369 | N7: 33998 | O7: 34175 | P7: 33839 | Q7: 33471 | R7: 33292 | S7: 33041 | T7: 33009 | U7: 36182 | V7: 38442 | W7: 36896 | X7: 34592 | Y7: 31323 | Z7: 28047 | AA7: =SUM(C7:Z7) -> 716843 | AB7: 4
B8: F | C8: 26013 | D8: 24304 | E8: 23171 | F8: 22371 | G8: 21981 | H8: 22134 | I8: 21917 | J8: 23211 | K8: 25428 | L8: 27381 | M8: 28822 | N8: 30322 | O8: 31211 | P8: 31105 | Q8: 30540 | R8: 30215 | S8: 30051 | T8: 30214 | U8: 33675 | V8: 36146 | W8: 35138 | X8: 32984 | Y8: 29662 | Z8: 26358 | AA8: =SUM(C8:Z8) -> 674354 | AB8: 6
A9: 47150 | B9: O | C9: 24371 | D9: 23024 | E9: 22249 | F9: 21868 | G9: 22309 | H9: 24329 | I9: 25938 | J9: 27686 | K9: 30004 | L9: 31742 | M9: 33640 | N9: 35399 | O9: 34692 | P9: 34961 | Q9: 35778 | R9: 35925 | S9: 35524 | T9: 34597 | U9: 36528 | V9: 39294 | W9: 37931 | X9: 35329 | Y9: 31224 | Z9: 27139 | AA9: =SUM(C9:Z9) -> 741481 | AB9: 20 | AC9: =+AA9*AB9+AA10*AB10+AA11*AB11 -> 20548992
B10: S | C10: 25273 | D10: 23779 | E10: 22818 | F10: 22267 | G10: 22332 | H10: 23115 | I10: 24368 | J10: 26722 | K10: 29748 | L10: 31855 | M10: 33530 | N10: 35156 | O10: 35201 | P10: 34750 | Q10: 34364 | R10: 34152 | S10: 33862 | T10: 33756 | U10: 36322 | V10: 39104 | W10: 37572 | X10: 35396 | Y10: 32285 | Z10: 28829 | AA10: =SUM(C10:Z10) -> 736556 | AB10: 4
B11: F | C11: 26249 | D11: 24554 | E11: 23520 | F11: 22744 | G11: 22496 | H11: 22729 | I11: 22914 | J11: 24433 | K11: 26863 | L11: 28853 | M11: 30172 | N11: 31597 | O11: 32396 | P11: 32135 | Q11: 31499 | R11: 31113 | S11: 30919 | T11: 31082 | U11: 33842 | V11: 36914 | W11: 35977 | X11: 33744 | Y11: 30078 | Z11: 26464 | AA11: =SUM(C11:Z11) -> 693287 | AB11: 4
A12: 47178 | B12: O | C12: 23853 | D12: 22563 | E12: 21849 | F12: 21491 | G12: 21966 | H12: 23946 | I12: 25334 | J12: 27268 | K12: 29494 | L12: 31163 | M12: 32940 | N12: 34543 | O12: 33904 | P12: 34045 | Q12: 34748 | R12: 34862 | S12: 34557 | T12: 33904 | U12: 36315 | V12: 38674 | W12: 37269 | X12: 34623 | Y12: 30600 | Z12: 26628 | AA12: =SUM(C12:Z12) -> 726539 | AB12: 19 | AC12: =+AA12*AB12+AA13*AB13+AA14*AB14 -> 22065556
B13: S | C13: 24605 | D13: 23115 | E13: 22323 | F13: 21870 | G13: 21897 | H13: 22728 | I13: 23453 | J13: 26035 | K13: 28843 | L13: 30877 | M13: 32493 | N13: 33840 | O13: 33813 | P13: 33333 | Q13: 32974 | R13: 32704 | S13: 32353 | T13: 32377 | U13: 35306 | V13: 37531 | W13: 36077 | X13: 33996 | Y13: 30901 | Z13: 27774 | AA13: =SUM(C13:Z13) -> 711218 | AB13: 5
B14: F | C14: 25357 | D14: 23717 | E14: 22753 | F14: 22099 | G14: 21827 | H14: 22149 | I14: 22068 | J14: 23708 | K14: 25942 | L14: 27743 | M14: 28999 | N14: 30426 | O14: 31276 | P14: 31038 | Q14: 30386 | R14: 30095 | S14: 29906 | T14: 30140 | U14: 33302 | V14: 35924 | W14: 34913 | X14: 32820 | Y14: 29416 | Z14: 26171 | AA14: =SUM(C14:Z14) -> 672175 | AB14: 7
A15: 47209 | B15: O | C15: 23303 | D15: 22068 | E15: 21325 | F15: 20980 | G15: 21416 | H15: 23014 | I15: 24190 | J15: 26321 | K15: 28547 | L15: 30291 | M15: 32131 | N15: 33799 | O15: 33203 | P15: 33356 | Q15: 34016 | R15: 34084 | S15: 33741 | T15: 33242 | U15: 36144 | V15: 37870 | W15: 36537 | X15: 33866 | Y15: 29823 | Z15: 25956 | AA15: =SUM(C15:Z15) -> 709223 | AB15: 21 | AC15: =+AA15*AB15+AA16*AB16+AA17*AB17 -> 20978333
B16: S | C16: 23800 | D16: 22390 | E16: 21484 | F16: 20949 | G16: 21047 | H16: 21651 | I16: 22412 | J16: 25107 | K16: 27871 | L16: 29969 | M16: 31485 | N16: 33204 | O16: 33310 | P16: 32909 | Q16: 32545 | R16: 32294 | S16: 32202 | T16: 32357 | U16: 35657 | V16: 37483 | W16: 35948 | X16: 33722 | Y16: 30587 | Z16: 27387 | AA16: =SUM(C16:Z16) -> 697770 | AB16: 4
B17: F | C17: 24803 | D17: 23220 | E17: 22197 | F17: 21501 | G17: 21231 | H17: 21195 | I17: 21360 | J17: 23211 | K17: 25376 | L17: 27276 | M17: 28629 | N17: 30007 | O17: 30808 | P17: 30587 | Q17: 29895 | R17: 29569 | S17: 29382 | T17: 29648 | U17: 33172 | V17: 35282 | W17: 34177 | X17: 32023 | Y17: 28726 | Z17: 25439 | AA17: =SUM(C17:Z17) -> 658714 | AB17: 5
A18: 47239 | B18: O | C18: 23338 | D18: 22060 | E18: 21349 | F18: 20993 | G18: 21414 | H18: 22784 | I18: 24216 | J18: 26453 | K18: 28740 | L18: 30537 | M18: 32343 | N18: 34057 | O18: 33539 | P18: 33532 | Q18: 34050 | R18: 34110 | S18: 33762 | T18: 33354 | U18: 36384 | V18: 38101 | W18: 36611 | X18: 33932 | Y18: 29825 | Z18: 26021 | AA18: =SUM(C18:Z18) -> 711505 | AB18: 21 | AC18: =+AA18*AB18+AA19*AB19+AA20*AB20 -> 21778059
B19: S | C19: 24202 | D19: 22802 | E19: 21957 | F19: 21459 | G19: 21545 | H19: 21898 | I19: 23045 | J19: 25755 | K19: 28582 | L19: 30767 | M19: 32264 | N19: 33630 | O19: 33635 | P19: 33100 | Q19: 32555 | R19: 32226 | S19: 31987 | T19: 32282 | U19: 35869 | V19: 37324 | W19: 35844 | X19: 33577 | Y19: 30422 | Z19: 27277 | AA19: =SUM(C19:Z19) -> 704004 | AB19: 4
B20: F | C20: 24625 | D20: 23095 | E20: 22145 | F20: 21513 | G20: 21319 | H20: 21078 | I20: 21511 | J20: 23572 | K20: 25865 | L20: 27901 | M20: 29292 | N20: 30746 | O20: 31384 | P20: 31256 | Q20: 30499 | R20: 31350 | S20: 29965 | T20: 30295 | U20: 33938 | V20: 36055 | W20: 34917 | X20: 32629 | Y20: 29238 | Z20: 25885 | AA20: =SUM(C20:Z20) -> 670073 | AB20: 6
A21: 47270 | B21: O | C21: 23063 | D21: 21758 | E21: 21106 | F21: 20756 | G21: 21143 | H21: 22319 | I21: 23870 | J21: 26231 | K21: 28617 | L21: 30396 | M21: 32255 | N21: 33990 | O21: 33430 | P21: 33392 | Q21: 34031 | R21: 34066 | S21: 33719 | T21: 33197 | U21: 35613 | V21: 37868 | W21: 36455 | X21: 33800 | Y21: 29633 | Z21: 25770 | AA21: =SUM(C21:Z21) -> 706478 | AB21: 19 | AC21: =+AA21*AB21+AA22*AB22+AA23*AB23 -> 21063761
B22: S | C22: 24178 | D22: 22672 | E22: 21809 | F22: 21322 | G22: 21365 | H22: 21712 | I22: 22846 | J22: 25525 | K22: 28549 | L22: 30625 | M22: 32246 | N22: 33651 | O22: 33743 | P22: 33398 | Q22: 33041 | R22: 32979 | S22: 32733 | T22: 32978 | U22: 36057 | V22: 38033 | W22: 36473 | X22: 34246 | Y22: 30949 | Z22: 27593 | AA22: =SUM(C22:Z22) -> 708723 | AB22: 5
B23: F | C23: 25162 | D23: 23558 | E23: 22627 | F23: 21992 | G23: 21842 | H23: 21817 | I23: 22107 | J23: 24255 | K23: 26643 | L23: 28486 | M23: 30003 | N23: 31469 | O23: 31992 | P23: 31771 | Q23: 31156 | R23: 30867 | S23: 30709 | T23: 30960 | U23: 34083 | V23: 36589 | W23: 35511 | X23: 33193 | Y23: 29711 | Z23: 26341 | AA23: =SUM(C23:Z23) -> 682844 | AB23: 6
A24: 47300 | B24: O | C24: 24147 | D24: 22773 | E24: 21980 | F24: 21549 | G24: 21917 | H24: 23087 | I24: 24347 | J24: 26983 | K24: 29544 | L24: 31553 | M24: 33496 | N24: 35220 | O24: 34610 | P24: 34685 | Q24: 35321 | R24: 35392 | S24: 34891 | T24: 34019 | U24: 36015 | V24: 38695 | W24: 37442 | X24: 34919 | Y24: 30756 | Z24: 26924 | AA24: =SUM(C24:Z24) -> 730265 | AB24: 20 | AC24: =+AA24*AB24+AA25*AB25+AA26*AB26 -> 22253660
B25: S | C25: 24201 | D25: 22623 | E25: 21820 | F25: 21283 | G25: 21334 | H25: 21783 | I25: 22866 | J25: 26058 | K25: 29096 | L25: 31176 | M25: 32810 | N25: 34193 | O25: 34129 | P25: 33595 | Q25: 33108 | R25: 32856 | S25: 32565 | T25: 32662 | U25: 35101 | V25: 37681 | W25: 36242 | X25: 34183 | Y25: 30959 | Z25: 27768 | AA25: =SUM(C25:Z25) -> 710092 | AB25: 4
B26: F | C26: 25682 | D26: 24105 | E26: 23064 | F26: 22383 | G26: 22171 | H26: 22179 | I26: 22324 | J26: 24353 | K26: 26788 | L26: 28808 | M26: 30277 | N26: 31640 | O26: 32315 | P26: 31961 | Q26: 31254 | R26: 30879 | S26: 30589 | T26: 30723 | U26: 33309 | V26: 36489 | W26: 35560 | X26: 33420 | Y26: 29941 | Z26: 26642 | AA26: =SUM(C26:Z26) -> 686856 | AB26: 7
A27: 47331 | B27: O | C27: 24431 | D27: 23129 | E27: 22410 | F27: 21984 | G27: 22370 | H27: 23921 | I27: 25302 | J27: 27649 | K27: 30105 | L27: 31985 | M27: 33977 | N27: 35722 | O27: 35108 | P27: 35386 | Q27: 36104 | R27: 36161 | S27: 35641 | T27: 34739 | U27: 37170 | V27: 39422 | W27: 38046 | X27: 35386 | Y27: 31171 | Z27: 27365 | AA27: =SUM(C27:Z27) -> 744684 | AB27: 21 | AC27: =+AA27*AB27+AA28*AB28+AA29*AB29 -> 22717830
B28: S | C28: 25430 | D28: 24017 | E28: 23134 | F28: 22472 | G28: 22423 | H28: 23046 | I28: 23784 | J28: 26795 | K28: 29839 | L28: 31925 | M28: 33754 | N28: 35138 | O28: 35148 | P28: 34770 | Q28: 34407 | R28: 34197 | S28: 33739 | T28: 33675 | U28: 36686 | V28: 38674 | W28: 37210 | X28: 35085 | Y28: 31989 | Z28: 28659 | AA28: =SUM(C28:Z28) -> 735996 | AB28: 4
B29: F | C29: 25904 | D29: 24298 | E29: 23239 | F29: 22565 | G29: 22345 | H29: 22420 | I29: 22416 | J29: 24528 | K29: 26913 | L29: 28879 | M29: 30271 | N29: 31714 | O29: 32458 | P29: 32167 | Q29: 31378 | R29: 30850 | S29: 30649 | T29: 30735 | U29: 33857 | V29: 36570 | W29: 35485 | X29: 33257 | Y29: 29863 | Z29: 26486 | AA29: =SUM(C29:Z29) -> 689247 | AB29: 6
A30: 47362 | B30: O | C30: 24867 | D30: 23498 | E30: 22642 | F30: 22268 | G30: 22629 | H30: 24112 | I30: 25541 | J30: 27963 | K30: 30397 | L30: 32420 | M30: 34428 | N30: 36269 | O30: 35637 | P30: 35895 | Q30: 36734 | R30: 36944 | S30: 36413 | T30: 35666 | U30: 39003 | V30: 39905 | W30: 38406 | X30: 35699 | Y30: 31396 | Z30: 27601 | AA30: =SUM(C30:Z30) -> 756333 | AB30: 20 | AC30: =+AA30*AB30+AA31*AB31+AA32*AB32 -> 22245115
B31: S | C31: 25532 | D31: 23902 | E31: 23020 | F31: 22536 | G31: 22556 | H31: 22765 | I31: 23906 | J31: 27150 | K31: 30243 | L31: 32450 | M31: 34196 | N31: 35595 | O31: 35507 | P31: 35054 | Q31: 34633 | R31: 34329 | S31: 34033 | T31: 34287 | U31: 37948 | V31: 38766 | W31: 37065 | X31: 34890 | Y31: 31715 | Z31: 28470 | AA31: =SUM(C31:Z31) -> 740548 | AB31: 5
B32: F | C32: 25995 | D32: 24435 | E32: 23410 | F32: 22617 | G32: 22258 | H32: 21986 | I32: 22154 | J32: 24227 | K32: 26564 | L32: 28482 | M32: 29818 | N32: 31094 | O32: 31833 | P32: 31607 | Q32: 30940 | R32: 30616 | S32: 30406 | T32: 30649 | U32: 34644 | V32: 36005 | W32: 35009 | X32: 32826 | Y32: 29418 | Z32: 26150 | AA32: =SUM(C32:Z32) -> 683143 | AB32: 5
A33: 47392 | B33: O | C33: 23565 | D33: 22302 | E33: 21600 | F33: 21224 | G33: 21640 | H33: 22835 | I33: 24356 | J33: 26637 | K33: 28927 | L33: 30733 | M33: 32605 | N33: 34340 | O33: 33737 | P33: 33923 | Q33: 34700 | R33: 34867 | S33: 34481 | T33: 34582 | U33: 38406 | V33: 38210 | W33: 36532 | X33: 33794 | Y33: 29773 | Z33: 26197 | AA33: =SUM(C33:Z33) -> 719966 | AB33: 22 | AC33: =+AA33*AB33+AA34*AB34+AA35*AB35 -> 22097350
B34: S | C34: 24808 | D34: 23394 | E34: 22535 | F34: 21965 | G34: 22080 | H34: 22423 | I34: 23690 | J34: 26607 | K34: 29513 | L34: 31532 | M34: 33251 | N34: 34691 | O34: 34748 | P34: 34355 | Q34: 33938 | R34: 33678 | S34: 33375 | T34: 34427 | U34: 38797 | V34: 38728 | W34: 37088 | X34: 34604 | Y34: 31542 | Z34: 28213 | AA34: =SUM(C34:Z34) -> 729982 | AB34: 4
B35: F | C35: 24892 | D35: 23385 | E35: 22345 | F35: 21619 | G35: 21388 | H35: 21087 | I35: 21490 | J35: 23463 | K35: 25700 | L35: 27666 | M35: 29059 | N35: 30430 | O35: 31199 | P35: 30943 | Q35: 30355 | R35: 30057 | S35: 29885 | T35: 30807 | U35: 35209 | V35: 35570 | W35: 34429 | X35: 32181 | Y35: 28843 | Z35: 25632 | AA35: =SUM(C35:Z35) -> 667634 | AB35: 5
A36: 47423 | B36: O | C36: 23130 | D36: 21869 | E36: 21171 | F36: 20843 | G36: 21328 | H36: 22690 | I36: 24309 | J36: 26626 | K36: 28874 | L36: 30613 | M36: 32475 | N36: 34259 | O36: 33560 | P36: 33579 | Q36: 34339 | R36: 34305 | S36: 34024 | T36: 34487 | U36: 38481 | V36: 38268 | W36: 36567 | X36: 33683 | Y36: 29543 | Z36: 25839 | AA36: =SUM(C36:Z36) -> 714862 | AB36: 20 | AC36: =+AA36*AB36+AA37*AB37+AA38*AB38 -> 20995396
B37: S | C37: 23751 | D37: 22412 | E37: 21593 | F37: 21071 | G37: 21163 | H37: 21427 | I37: 22594 | J37: 25281 | K37: 28123 | L37: 30104 | M37: 31688 | N37: 33144 | O37: 33009 | P37: 32394 | Q37: 32214 | R37: 32111 | S37: 31922 | T37: 33066 | U37: 37512 | V37: 37400 | W37: 35686 | X37: 33496 | Y37: 30254 | Z37: 26996 | AA37: =SUM(C37:Z37) -> 698411 | AB37: 4
B38: F | C38: 23848 | D38: 22412 | E38: 21440 | F38: 20728 | G38: 20632 | H38: 20377 | I38: 20862 | J38: 22918 | K38: 25160 | L38: 27086 | M38: 28486 | N38: 29910 | O38: 30614 | P38: 30336 | Q38: 29662 | R38: 29185 | S38: 29049 | T38: 30085 | U38: 34567 | V38: 34983 | W38: 33831 | X38: 31548 | Y38: 28133 | Z38: 24900 | AA38: =SUM(C38:Z38) -> 650752 | AB38: 6
A39: 47453 | B39: O | C39: 24781 | D39: 23281 | E39: 22415 | F39: 21970 | G39: 22276 | H39: 23253 | I39: 24340 | J39: 27204 | K39: 29879 | L39: 31857 | M39: 33660 | N39: 35489 | O39: 35140 | P39: 35112 | Q39: 35630 | R39: 35586 | S39: 35073 | T39: 34839 | U39: 38725 | V39: 39325 | W39: 37800 | X39: 35361 | Y39: 31619 | Z39: 28037 | AA39: =SUM(C39:Z39) -> 742652 | AB39: 20 | AC39: =+AA39*AB39+AA40*AB40+AA41*AB41 -> 22460362
B40: S | C40: 25018 | D40: 23506 | E40: 22642 | F40: 22071 | G40: 22102 | H40: 22653 | I40: 23319 | J40: 25997 | K40: 28728 | L40: 30632 | M40: 32163 | N40: 33439 | O40: 33437 | P40: 32960 | Q40: 32652 | R40: 32312 | S40: 32070 | T40: 32644 | U40: 36983 | V40: 37492 | W40: 35991 | X40: 33847 | Y40: 30786 | Z40: 27830 | AA40: =SUM(C40:Z40) -> 711274 | AB40: 4
B41: F | C41: 25846 | D41: 24271 | E41: 23171 | F41: 22390 | G41: 22084 | H41: 21973 | I41: 21938 | J41: 23714 | K41: 25921 | L41: 27861 | M41: 29313 | N41: 30677 | O41: 31412 | P41: 31373 | Q41: 30876 | R41: 30562 | S41: 30381 | T41: 30957 | U41: 35292 | V41: 36172 | W41: 34936 | X41: 32823 | Y41: 29735 | Z41: 26640 | AA41: =SUM(C41:Z41) -> 680318 | AB41: 7
A42: TOTAL AÑO | C42: =+SUM(C6:C41) -> 887066 | D42: =+SUM(D6:D41) -> 834352 | E42: =+SUM(E6:E41) -> 802566 | F42: =+SUM(F6:F41) -> 782923 | G42: =+SUM(G6:G41) -> 785356 | H42: =+SUM(H6:H41) -> 808175 | I42: =+SUM(I6:I41) -> 838733 | J42: =+SUM(J6:J41) -> 921965 | ... AC42: =+SUM(AC6:AC41) -> 261521809

Sheet Cantidades Ofertadas Prod 4
A1: CANTIDADES OFERTADAS PRODUCTO 4 AÑO 2029 MODALIDAD PAGUE LO CONTRATADO - kWh
A4: Periodo | B4: Tipo de día | C4: H01 | D4: H02 | E4: H03 | F4: H04 | G4: H05 | H4: H06 | I4: H07 | J4: H08 | K4: H09 | L4: H10 | M4: H11 | N4: H12 | O4: H13 | P4: H14 | Q4: H15 | R4: H16 | S4: H17 | T4: H18 | U4: H19 | V4: H20 | W4: H21 | X4: H22 | Y4: H23 | Z4: H24 | AA4: TOTAL DÍA | AB4: Días/ | AC4: TOTAL MES
AB5: mes
A6: 47119 | B6: O | C6: =ROUND('Anexo 14'!C6*'Anexo 4'!$D$10,0) -> 0 | D6: =ROUND('Anexo 14'!D6*'Anexo 4'!$D$10,0) -> 0 | E6: =ROUND('Anexo 14'!E6*'Anexo 4'!$D$10,0) -> 0 | F6: =ROUND('Anexo 14'!F6*'Anexo 4'!$D$10,0) -> 0 | G6: =ROUND('Anexo 14'!G6*'Anexo 4'!$D$10,0) -> 0 | H6: =ROUND('Anexo 14'!H6*'Anexo 4'!$D$10,0) -> 0 | I6: =ROUND('Anexo 14'!I6*'Anexo 4'!$D$10,0) -> 0 | J6: =ROUND('Anexo 14'!J6*'Anexo 4'!$D$10,0) -> 0 | ... Z6: =ROUND('Anexo 14'!Z6*'Anexo 4'!$D$10,0) -> 0 | AA6: =SUM(C6:Z6) -> 0 | AB6: 21 | AC6: =+AA6*AB6+AA7*AB7+AA8*AB8 -> 0
B7: S | C7: =ROUND('Anexo 14'!C7*'Anexo 4'!$D$10,0) -> 0 | D7: =ROUND('Anexo 14'!D7*'Anexo 4'!$D$10,0) -> 0 | E7: =ROUND('Anexo 14'!E7*'Anexo 4'!$D$10,0) -> 0 | F7: =ROUND('Anexo 14'!F7*'Anexo 4'!$D$10,0) -> 0 | G7: =ROUND('Anexo 14'!G7*'Anexo 4'!$D$10,0) -> 0 | H7: =ROUND('Anexo 14'!H7*'Anexo 4'!$D$10,0) -> 0 | I7: =ROUND('Anexo 14'!I7*'Anexo 4'!$D$10,0) -> 0 | J7: =ROUND('Anexo 14'!J7*'Anexo 4'!$D$10,0) -> 0 | ... Z7: =ROUND('Anexo 14'!Z7*'Anexo 4'!$D$10,0) -> 0 | AA7: =SUM(C7:Z7) -> 0 | AB7: 4
B8: F | C8: =ROUND('Anexo 14'!C8*'Anexo 4'!$D$10,0) -> 0 | D8: =ROUND('Anexo 14'!D8*'Anexo 4'!$D$10,0) -> 0 | E8: =ROUND('Anexo 14'!E8*'Anexo 4'!$D$10,0) -> 0 | F8: =ROUND('Anexo 14'!F8*'Anexo 4'!$D$10,0) -> 0 | G8: =ROUND('Anexo 14'!G8*'Anexo 4'!$D$10,0) -> 0 | H8: =ROUND('Anexo 14'!H8*'Anexo 4'!$D$10,0) -> 0 | I8: =ROUND('Anexo 14'!I8*'Anexo 4'!$D$10,0) -> 0 | J8: =ROUND('Anexo 14'!J8*'Anexo 4'!$D$10,0) -> 0 | ... Z8: =ROUND('Anexo 14'!Z8*'Anexo 4'!$D$10,0) -> 0 | AA8: =SUM(C8:Z8) -> 0 | AB8: 6
A9: 47150 | B9: O | C9: =ROUND('Anexo 14'!C9*'Anexo 4'!$D$10,0) -> 0 | D9: =ROUND('Anexo 14'!D9*'Anexo 4'!$D$10,0) -> 0 | E9: =ROUND('Anexo 14'!E9*'Anexo 4'!$D$10,0) -> 0 | F9: =ROUND('Anexo 14'!F9*'Anexo 4'!$D$10,0) -> 0 | G9: =ROUND('Anexo 14'!G9*'Anexo 4'!$D$10,0) -> 0 | H9: =ROUND('Anexo 14'!H9*'Anexo 4'!$D$10,0) -> 0 | I9: =ROUND('Anexo 14'!I9*'Anexo 4'!$D$10,0) -> 0 | J9: =ROUND('Anexo 14'!J9*'Anexo 4'!$D$10,0) -> 0 | ... Z9: =ROUND('Anexo 14'!Z9*'Anexo 4'!$D$10,0) -> 0 | AA9: =SUM(C9:Z9) -> 0 | AB9: 20 | AC9: =+AA9*AB9+AA10*AB10+AA11*AB11 -> 0
B10: S | C10: =ROUND('Anexo 14'!C10*'Anexo 4'!$D$10,0) -> 0 | D10: =ROUND('Anexo 14'!D10*'Anexo 4'!$D$10,0) -> 0 | E10: =ROUND('Anexo 14'!E10*'Anexo 4'!$D$10,0) -> 0 | F10: =ROUND('Anexo 14'!F10*'Anexo 4'!$D$10,0) -> 0 | G10: =ROUND('Anexo 14'!G10*'Anexo 4'!$D$10,0) -> 0 | H10: =ROUND('Anexo 14'!H10*'Anexo 4'!$D$10,0) -> 0 | I10: =ROUND('Anexo 14'!I10*'Anexo 4'!$D$10,0) -> 0 | J10: =ROUND('Anexo 14'!J10*'Anexo 4'!$D$10,0) -> 0 | ... Z10: =ROUND('Anexo 14'!Z10*'Anexo 4'!$D$10,0) -> 0 | AA10: =SUM(C10:Z10) -> 0 | AB10: 4
B11: F | C11: =ROUND('Anexo 14'!C11*'Anexo 4'!$D$10,0) -> 0 | D11: =ROUND('Anexo 14'!D11*'Anexo 4'!$D$10,0) -> 0 | E11: =ROUND('Anexo 14'!E11*'Anexo 4'!$D$10,0) -> 0 | F11: =ROUND('Anexo 14'!F11*'Anexo 4'!$D$10,0) -> 0 | G11: =ROUND('Anexo 14'!G11*'Anexo 4'!$D$10,0) -> 0 | H11: =ROUND('Anexo 14'!H11*'Anexo 4'!$D$10,0) -> 0 | I11: =ROUND('Anexo 14'!I11*'Anexo 4'!$D$10,0) -> 0 | J11: =ROUND('Anexo 14'!J11*'Anexo 4'!$D$10,0) -> 0 | ... Z11: =ROUND('Anexo 14'!Z11*'Anexo 4'!$D$10,0) -> 0 | AA11: =SUM(C11:Z11) -> 0 | AB11: 4
A12: 47178 | B12: O | C12: =ROUND('Anexo 14'!C12*'Anexo 4'!$D$10,0) -> 0 | D12: =ROUND('Anexo 14'!D12*'Anexo 4'!$D$10,0) -> 0 | E12: =ROUND('Anexo 14'!E12*'Anexo 4'!$D$10,0) -> 0 | F12: =ROUND('Anexo 14'!F12*'Anexo 4'!$D$10,0) -> 0 | G12: =ROUND('Anexo 14'!G12*'Anexo 4'!$D$10,0) -> 0 | H12: =ROUND('Anexo 14'!H12*'Anexo 4'!$D$10,0) -> 0 | I12: =ROUND('Anexo 14'!I12*'Anexo 4'!$D$10,0) -> 0 | J12: =ROUND('Anexo 14'!J12*'Anexo 4'!$D$10,0) -> 0 | ... Z12: =ROUND('Anexo 14'!Z12*'Anexo 4'!$D$10,0) -> 0 | AA12: =SUM(C12:Z12) -> 0 | AB12: 19 | AC12: =+AA12*AB12+AA13*AB13+AA14*AB14 -> 0
B13: S | C13: =ROUND('Anexo 14'!C13*'Anexo 4'!$D$10,0) -> 0 | D13: =ROUND('Anexo 14'!D13*'Anexo 4'!$D$10,0) -> 0 | E13: =ROUND('Anexo 14'!E13*'Anexo 4'!$D$10,0) -> 0 | F13: =ROUND('Anexo 14'!F13*'Anexo 4'!$D$10,0) -> 0 | G13: =ROUND('Anexo 14'!G13*'Anexo 4'!$D$10,0) -> 0 | H13: =ROUND('Anexo 14'!H13*'Anexo 4'!$D$10,0) -> 0 | I13: =ROUND('Anexo 14'!I13*'Anexo 4'!$D$10,0) -> 0 | J13: =ROUND('Anexo 14'!J13*'Anexo 4'!$D$10,0) -> 0 | ... Z13: =ROUND('Anexo 14'!Z13*'Anexo 4'!$D$10,0) -> 0 | AA13: =SUM(C13:Z13) -> 0 | AB13: 5
B14: F | C14: =ROUND('Anexo 14'!C14*'Anexo 4'!$D$10,0) -> 0 | D14: =ROUND('Anexo 14'!D14*'Anexo 4'!$D$10,0) -> 0 | E14: =ROUND('Anexo 14'!E14*'Anexo 4'!$D$10,0) -> 0 | F14: =ROUND('Anexo 14'!F14*'Anexo 4'!$D$10,0) -> 0 | G14: =ROUND('Anexo 14'!G14*'Anexo 4'!$D$10,0) -> 0 | H14: =ROUND('Anexo 14'!H14*'Anexo 4'!$D$10,0) -> 0 | I14: =ROUND('Anexo 14'!I14*'Anexo 4'!$D$10,0) -> 0 | J14: =ROUND('Anexo 14'!J14*'Anexo 4'!$D$10,0) -> 0 | ... Z14: =ROUND('Anexo 14'!Z14*'Anexo 4'!$D$10,0) -> 0 | AA14: =SUM(C14:Z14) -> 0 | AB14: 7
A15: 47209 | B15: O | C15: =ROUND('Anexo 14'!C15*'Anexo 4'!$D$10,0) -> 0 | D15: =ROUND('Anexo 14'!D15*'Anexo 4'!$D$10,0) -> 0 | E15: =ROUND('Anexo 14'!E15*'Anexo 4'!$D$10,0) -> 0 | F15: =ROUND('Anexo 14'!F15*'Anexo 4'!$D$10,0) -> 0 | G15: =ROUND('Anexo 14'!G15*'Anexo 4'!$D$10,0) -> 0 | H15: =ROUND('Anexo 14'!H15*'Anexo 4'!$D$10,0) -> 0 | I15: =ROUND('Anexo 14'!I15*'Anexo 4'!$D$10,0) -> 0 | J15: =ROUND('Anexo 14'!J15*'Anexo 4'!$D$10,0) -> 0 | ... Z15: =ROUND('Anexo 14'!Z15*'Anexo 4'!$D$10,0) -> 0 | AA15: =SUM(C15:Z15) -> 0 | AB15: 21 | AC15: =+AA15*AB15+AA16*AB16+AA17*AB17 -> 0
B16: S | C16: =ROUND('Anexo 14'!C16*'Anexo 4'!$D$10,0) -> 0 | D16: =ROUND('Anexo 14'!D16*'Anexo 4'!$D$10,0) -> 0 | E16: =ROUND('Anexo 14'!E16*'Anexo 4'!$D$10,0) -> 0 | F16: =ROUND('Anexo 14'!F16*'Anexo 4'!$D$10,0) -> 0 | G16: =ROUND('Anexo 14'!G16*'Anexo 4'!$D$10,0) -> 0 | H16: =ROUND('Anexo 14'!H16*'Anexo 4'!$D$10,0) -> 0 | I16: =ROUND('Anexo 14'!I16*'Anexo 4'!$D$10,0) -> 0 | J16: =ROUND('Anexo 14'!J16*'Anexo 4'!$D$10,0) -> 0 | ... Z16: =ROUND('Anexo 14'!Z16*'Anexo 4'!$D$10,0) -> 0 | AA16: =SUM(C16:Z16) -> 0 | AB16: 4
B17: F | C17: =ROUND('Anexo 14'!C17*'Anexo 4'!$D$10,0) -> 0 | D17: =ROUND('Anexo 14'!D17*'Anexo 4'!$D$10,0) -> 0 | E17: =ROUND('Anexo 14'!E17*'Anexo 4'!$D$10,0) -> 0 | F17: =ROUND('Anexo 14'!F17*'Anexo 4'!$D$10,0) -> 0 | G17: =ROUND('Anexo 14'!G17*'Anexo 4'!$D$10,0) -> 0 | H17: =ROUND('Anexo 14'!H17*'Anexo 4'!$D$10,0) -> 0 | I17: =ROUND('Anexo 14'!I17*'Anexo 4'!$D$10,0) -> 0 | J17: =ROUND('Anexo 14'!J17*'Anexo 4'!$D$10,0) -> 0 | ... Z17: =ROUND('Anexo 14'!Z17*'Anexo 4'!$D$10,0) -> 0 | AA17: =SUM(C17:Z17) -> 0 | AB17: 5
A18: 47239 | B18: O | C18: =ROUND('Anexo 14'!C18*'Anexo 4'!$D$10,0) -> 0 | D18: =ROUND('Anexo 14'!D18*'Anexo 4'!$D$10,0) -> 0 | E18: =ROUND('Anexo 14'!E18*'Anexo 4'!$D$10,0) -> 0 | F18: =ROUND('Anexo 14'!F18*'Anexo 4'!$D$10,0) -> 0 | G18: =ROUND('Anexo 14'!G18*'Anexo 4'!$D$10,0) -> 0 | H18: =ROUND('Anexo 14'!H18*'Anexo 4'!$D$10,0) -> 0 | I18: =ROUND('Anexo 14'!I18*'Anexo 4'!$D$10,0) -> 0 | J18: =ROUND('Anexo 14'!J18*'Anexo 4'!$D$10,0) -> 0 | ... Z18: =ROUND('Anexo 14'!Z18*'Anexo 4'!$D$10,0) -> 0 | AA18: =SUM(C18:Z18) -> 0 | AB18: 21 | AC18: =+AA18*AB18+AA19*AB19+AA20*AB20 -> 0
B19: S | C19: =ROUND('Anexo 14'!C19*'Anexo 4'!$D$10,0) -> 0 | D19: =ROUND('Anexo 14'!D19*'Anexo 4'!$D$10,0) -> 0 | E19: =ROUND('Anexo 14'!E19*'Anexo 4'!$D$10,0) -> 0 | F19: =ROUND('Anexo 14'!F19*'Anexo 4'!$D$10,0) -> 0 | G19: =ROUND('Anexo 14'!G19*'Anexo 4'!$D$10,0) -> 0 | H19: =ROUND('Anexo 14'!H19*'Anexo 4'!$D$10,0) -> 0 | I19: =ROUND('Anexo 14'!I19*'Anexo 4'!$D$10,0) -> 0 | J19: =ROUND('Anexo 14'!J19*'Anexo 4'!$D$10,0) -> 0 | ... Z19: =ROUND('Anexo 14'!Z19*'Anexo 4'!$D$10,0) -> 0 | AA19: =SUM(C19:Z19) -> 0 | AB19: 4
B20: F | C20: =ROUND('Anexo 14'!C20*'Anexo 4'!$D$10,0) -> 0 | D20: =ROUND('Anexo 14'!D20*'Anexo 4'!$D$10,0) -> 0 | E20: =ROUND('Anexo 14'!E20*'Anexo 4'!$D$10,0) -> 0 | F20: =ROUND('Anexo 14'!F20*'Anexo 4'!$D$10,0) -> 0 | G20: =ROUND('Anexo 14'!G20*'Anexo 4'!$D$10,0) -> 0 | H20: =ROUND('Anexo 14'!H20*'Anexo 4'!$D$10,0) -> 0 | I20: =ROUND('Anexo 14'!I20*'Anexo 4'!$D$10,0) -> 0 | J20: =ROUND('Anexo 14'!J20*'Anexo 4'!$D$10,0) -> 0 | ... Z20: =ROUND('Anexo 14'!Z20*'Anexo 4'!$D$10,0) -> 0 | AA20: =SUM(C20:Z20) -> 0 | AB20: 6
A21: 47270 | B21: O | C21: =ROUND('Anexo 14'!C21*'Anexo 4'!$D$10,0) -> 0 | D21: =ROUND('Anexo 14'!D21*'Anexo 4'!$D$10,0) -> 0 | E21: =ROUND('Anexo 14'!E21*'Anexo 4'!$D$10,0) -> 0 | F21: =ROUND('Anexo 14'!F21*'Anexo 4'!$D$10,0) -> 0 | G21: =ROUND('Anexo 14'!G21*'Anexo 4'!$D$10,0) -> 0 | H21: =ROUND('Anexo 14'!H21*'Anexo 4'!$D$10,0) -> 0 | I21: =ROUND('Anexo 14'!I21*'Anexo 4'!$D$10,0) -> 0 | J21: =ROUND('Anexo 14'!J21*'Anexo 4'!$D$10,0) -> 0 | ... Z21: =ROUND('Anexo 14'!Z21*'Anexo 4'!$D$10,0) -> 0 | AA21: =SUM(C21:Z21) -> 0 | AB21: 19 | AC21: =+AA21*AB21+AA22*AB22+AA23*AB23 -> 0
B22: S | C22: =ROUND('Anexo 14'!C22*'Anexo 4'!$D$10,0) -> 0 | D22: =ROUND('Anexo 14'!D22*'Anexo 4'!$D$10,0) -> 0 | E22: =ROUND('Anexo 14'!E22*'Anexo 4'!$D$10,0) -> 0 | F22: =ROUND('Anexo 14'!F22*'Anexo 4'!$D$10,0) -> 0 | G22: =ROUND('Anexo 14'!G22*'Anexo 4'!$D$10,0) -> 0 | H22: =ROUND('Anexo 14'!H22*'Anexo 4'!$D$10,0) -> 0 | I22: =ROUND('Anexo 14'!I22*'Anexo 4'!$D$10,0) -> 0 | J22: =ROUND('Anexo 14'!J22*'Anexo 4'!$D$10,0) -> 0 | ... Z22: =ROUND('Anexo 14'!Z22*'Anexo 4'!$D$10,0) -> 0 | AA22: =SUM(C22:Z22) -> 0 | AB22: 5
B23: F | C23: =ROUND('Anexo 14'!C23*'Anexo 4'!$D$10,0) -> 0 | D23: =ROUND('Anexo 14'!D23*'Anexo 4'!$D$10,0) -> 0 | E23: =ROUND('Anexo 14'!E23*'Anexo 4'!$D$10,0) -> 0 | F23: =ROUND('Anexo 14'!F23*'Anexo 4'!$D$10,0) -> 0 | G23: =ROUND('Anexo 14'!G23*'Anexo 4'!$D$10,0) -> 0 | H23: =ROUND('Anexo 14'!H23*'Anexo 4'!$D$10,0) -> 0 | I23: =ROUND('Anexo 14'!I23*'Anexo 4'!$D$10,0) -> 0 | J23: =ROUND('Anexo 14'!J23*'Anexo 4'!$D$10,0) -> 0 | ... Z23: =ROUND('Anexo 14'!Z23*'Anexo 4'!$D$10,0) -> 0 | AA23: =SUM(C23:Z23) -> 0 | AB23: 6
A24: 47300 | B24: O | C24: =ROUND('Anexo 14'!C24*'Anexo 4'!$D$10,0) -> 0 | D24: =ROUND('Anexo 14'!D24*'Anexo 4'!$D$10,0) -> 0 | E24: =ROUND('Anexo 14'!E24*'Anexo 4'!$D$10,0) -> 0 | F24: =ROUND('Anexo 14'!F24*'Anexo 4'!$D$10,0) -> 0 | G24: =ROUND('Anexo 14'!G24*'Anexo 4'!$D$10,0) -> 0 | H24: =ROUND('Anexo 14'!H24*'Anexo 4'!$D$10,0) -> 0 | I24: =ROUND('Anexo 14'!I24*'Anexo 4'!$D$10,0) -> 0 | J24: =ROUND('Anexo 14'!J24*'Anexo 4'!$D$10,0) -> 0 | ... Z24: =ROUND('Anexo 14'!Z24*'Anexo 4'!$D$10,0) -> 0 | AA24: =SUM(C24:Z24) -> 0 | AB24: 20 | AC24: =+AA24*AB24+AA25*AB25+AA26*AB26 -> 0
B25: S | C25: =ROUND('Anexo 14'!C25*'Anexo 4'!$D$10,0) -> 0 | D25: =ROUND('Anexo 14'!D25*'Anexo 4'!$D$10,0) -> 0 | E25: =ROUND('Anexo 14'!E25*'Anexo 4'!$D$10,0) -> 0 | F25: =ROUND('Anexo 14'!F25*'Anexo 4'!$D$10,0) -> 0 | G25: =ROUND('Anexo 14'!G25*'Anexo 4'!$D$10,0) -> 0 | H25: =ROUND('Anexo 14'!H25*'Anexo 4'!$D$10,0) -> 0 | I25: =ROUND('Anexo 14'!I25*'Anexo 4'!$D$10,0) -> 0 | J25: =ROUND('Anexo 14'!J25*'Anexo 4'!$D$10,0) -> 0 | ... Z25: =ROUND('Anexo 14'!Z25*'Anexo 4'!$D$10,0) -> 0 | AA25: =SUM(C25:Z25) -> 0 | AB25: 4
B26: F | C26: =ROUND('Anexo 14'!C26*'Anexo 4'!$D$10,0) -> 0 | D26: =ROUND('Anexo 14'!D26*'Anexo 4'!$D$10,0) -> 0 | E26: =ROUND('Anexo 14'!E26*'Anexo 4'!$D$10,0) -> 0 | F26: =ROUND('Anexo 14'!F26*'Anexo 4'!$D$10,0) -> 0 | G26: =ROUND('Anexo 14'!G26*'Anexo 4'!$D$10,0) -> 0 | H26: =ROUND('Anexo 14'!H26*'Anexo 4'!$D$10,0) -> 0 | I26: =ROUND('Anexo 14'!I26*'Anexo 4'!$D$10,0) -> 0 | J26: =ROUND('Anexo 14'!J26*'Anexo 4'!$D$10,0) -> 0 | ... Z26: =ROUND('Anexo 14'!Z26*'Anexo 4'!$D$10,0) -> 0 | AA26: =SUM(C26:Z26) -> 0 | AB26: 7
A27: 47331 | B27: O | C27: =ROUND('Anexo 14'!C27*'Anexo 4'!$D$10,0) -> 0 | D27: =ROUND('Anexo 14'!D27*'Anexo 4'!$D$10,0) -> 0 | E27: =ROUND('Anexo 14'!E27*'Anexo 4'!$D$10,0) -> 0 | F27: =ROUND('Anexo 14'!F27*'Anexo 4'!$D$10,0) -> 0 | G27: =ROUND('Anexo 14'!G27*'Anexo 4'!$D$10,0) -> 0 | H27: =ROUND('Anexo 14'!H27*'Anexo 4'!$D$10,0) -> 0 | I27: =ROUND('Anexo 14'!I27*'Anexo 4'!$D$10,0) -> 0 | J27: =ROUND('Anexo 14'!J27*'Anexo 4'!$D$10,0) -> 0 | ... Z27: =ROUND('Anexo 14'!Z27*'Anexo 4'!$D$10,0) -> 0 | AA27: =SUM(C27:Z27) -> 0 | AB27: 21 | AC27: =+AA27*AB27+AA28*AB28+AA29*AB29 -> 0
B28: S | C28: =ROUND('Anexo 14'!C28*'Anexo 4'!$D$10,0) -> 0 | D28: =ROUND('Anexo 14'!D28*'Anexo 4'!$D$10,0) -> 0 | E28: =ROUND('Anexo 14'!E28*'Anexo 4'!$D$10,0) -> 0 | F28: =ROUND('Anexo 14'!F28*'Anexo 4'!$D$10,0) -> 0 | G28: =ROUND('Anexo 14'!G28*'Anexo 4'!$D$10,0) -> 0 | H28: =ROUND('Anexo 14'!H28*'Anexo 4'!$D$10,0) -> 0 | I28: =ROUND('Anexo 14'!I28*'Anexo 4'!$D$10,0) -> 0 | J28: =ROUND('Anexo 14'!J28*'Anexo 4'!$D$10,0) -> 0 | ... Z28: =ROUND('Anexo 14'!Z28*'Anexo 4'!$D$10,0) -> 0 | AA28: =SUM(C28:Z28) -> 0 | AB28: 4
B29: F | C29: =ROUND('Anexo 14'!C29*'Anexo 4'!$D$10,0) -> 0 | D29: =ROUND('Anexo 14'!D29*'Anexo 4'!$D$10,0) -> 0 | E29: =ROUND('Anexo 14'!E29*'Anexo 4'!$D$10,0) -> 0 | F29: =ROUND('Anexo 14'!F29*'Anexo 4'!$D$10,0) -> 0 | G29: =ROUND('Anexo 14'!G29*'Anexo 4'!$D$10,0) -> 0 | H29: =ROUND('Anexo 14'!H29*'Anexo 4'!$D$10,0) -> 0 | I29: =ROUND('Anexo 14'!I29*'Anexo 4'!$D$10,0) -> 0 | J29: =ROUND('Anexo 14'!J29*'Anexo 4'!$D$10,0) -> 0 | ... Z29: =ROUND('Anexo 14'!Z29*'Anexo 4'!$D$10,0) -> 0 | AA29: =SUM(C29:Z29) -> 0 | AB29: 6
A30: 47362 | B30: O | C30: =ROUND('Anexo 14'!C30*'Anexo 4'!$D$10,0) -> 0 | D30: =ROUND('Anexo 14'!D30*'Anexo 4'!$D$10,0) -> 0 | E30: =ROUND('Anexo 14'!E30*'Anexo 4'!$D$10,0) -> 0 | F30: =ROUND('Anexo 14'!F30*'Anexo 4'!$D$10,0) -> 0 | G30: =ROUND('Anexo 14'!G30*'Anexo 4'!$D$10,0) -> 0 | H30: =ROUND('Anexo 14'!H30*'Anexo 4'!$D$10,0) -> 0 | I30: =ROUND('Anexo 14'!I30*'Anexo 4'!$D$10,0) -> 0 | J30: =ROUND('Anexo 14'!J30*'Anexo 4'!$D$10,0) -> 0 | ... Z30: =ROUND('Anexo 14'!Z30*'Anexo 4'!$D$10,0) -> 0 | AA30: =SUM(C30:Z30) -> 0 | AB30: 20 | AC30: =+AA30*AB30+AA31*AB31+AA32*AB32 -> 0
B31: S | C31: =ROUND('Anexo 14'!C31*'Anexo 4'!$D$10,0) -> 0 | D31: =ROUND('Anexo 14'!D31*'Anexo 4'!$D$10,0) -> 0 | E31: =ROUND('Anexo 14'!E31*'Anexo 4'!$D$10,0) -> 0 | F31: =ROUND('Anexo 14'!F31*'Anexo 4'!$D$10,0) -> 0 | G31: =ROUND('Anexo 14'!G31*'Anexo 4'!$D$10,0) -> 0 | H31: =ROUND('Anexo 14'!H31*'Anexo 4'!$D$10,0) -> 0 | I31: =ROUND('Anexo 14'!I31*'Anexo 4'!$D$10,0) -> 0 | J31: =ROUND('Anexo 14'!J31*'Anexo 4'!$D$10,0) -> 0 | ... Z31: =ROUND('Anexo 14'!Z31*'Anexo 4'!$D$10,0) -> 0 | AA31: =SUM(C31:Z31) -> 0 | AB31: 5
B32: F | C32: =ROUND('Anexo 14'!C32*'Anexo 4'!$D$10,0) -> 0 | D32: =ROUND('Anexo 14'!D32*'Anexo 4'!$D$10,0) -> 0 | E32: =ROUND('Anexo 14'!E32*'Anexo 4'!$D$10,0) -> 0 | F32: =ROUND('Anexo 14'!F32*'Anexo 4'!$D$10,0) -> 0 | G32: =ROUND('Anexo 14'!G32*'Anexo 4'!$D$10,0) -> 0 | H32: =ROUND('Anexo 14'!H32*'Anexo 4'!$D$10,0) -> 0 | I32: =ROUND('Anexo 14'!I32*'Anexo 4'!$D$10,0) -> 0 | J32: =ROUND('Anexo 14'!J32*'Anexo 4'!$D$10,0) -> 0 | ... Z32: =ROUND('Anexo 14'!Z32*'Anexo 4'!$D$10,0) -> 0 | AA32: =SUM(C32:Z32) -> 0 | AB32: 5
A33: 47392 | B33: O | C33: =ROUND('Anexo 14'!C33*'Anexo 4'!$D$10,0) -> 0 | D33: =ROUND('Anexo 14'!D33*'Anexo 4'!$D$10,0) -> 0 | E33: =ROUND('Anexo 14'!E33*'Anexo 4'!$D$10,0) -> 0 | F33: =ROUND('Anexo 14'!F33*'Anexo 4'!$D$10,0) -> 0 | G33: =ROUND('Anexo 14'!G33*'Anexo 4'!$D$10,0) -> 0 | H33: =ROUND('Anexo 14'!H33*'Anexo 4'!$D$10,0) -> 0 | I33: =ROUND('Anexo 14'!I33*'Anexo 4'!$D$10,0) -> 0 | J33: =ROUND('Anexo 14'!J33*'Anexo 4'!$D$10,0) -> 0 | ... Z33: =ROUND('Anexo 14'!Z33*'Anexo 4'!$D$10,0) -> 0 | AA33: =SUM(C33:Z33) -> 0 | AB33: 22 | AC33: =+AA33*AB33+AA34*AB34+AA35*AB35 -> 0
B34: S | C34: =ROUND('Anexo 14'!C34*'Anexo 4'!$D$10,0) -> 0 | D34: =ROUND('Anexo 14'!D34*'Anexo 4'!$D$10,0) -> 0 | E34: =ROUND('Anexo 14'!E34*'Anexo 4'!$D$10,0) -> 0 | F34: =ROUND('Anexo 14'!F34*'Anexo 4'!$D$10,0) -> 0 | G34: =ROUND('Anexo 14'!G34*'Anexo 4'!$D$10,0) -> 0 | H34: =ROUND('Anexo 14'!H34*'Anexo 4'!$D$10,0) -> 0 | I34: =ROUND('Anexo 14'!I34*'Anexo 4'!$D$10,0) -> 0 | J34: =ROUND('Anexo 14'!J34*'Anexo 4'!$D$10,0) -> 0 | ... Z34: =ROUND('Anexo 14'!Z34*'Anexo 4'!$D$10,0) -> 0 | AA34: =SUM(C34:Z34) -> 0 | AB34: 4
B35: F | C35: =ROUND('Anexo 14'!C35*'Anexo 4'!$D$10,0) -> 0 | D35: =ROUND('Anexo 14'!D35*'Anexo 4'!$D$10,0) -> 0 | E35: =ROUND('Anexo 14'!E35*'Anexo 4'!$D$10,0) -> 0 | F35: =ROUND('Anexo 14'!F35*'Anexo 4'!$D$10,0) -> 0 | G35: =ROUND('Anexo 14'!G35*'Anexo 4'!$D$10,0) -> 0 | H35: =ROUND('Anexo 14'!H35*'Anexo 4'!$D$10,0) -> 0 | I35: =ROUND('Anexo 14'!I35*'Anexo 4'!$D$10,0) -> 0 | J35: =ROUND('Anexo 14'!J35*'Anexo 4'!$D$10,0) -> 0 | ... Z35: =ROUND('Anexo 14'!Z35*'Anexo 4'!$D$10,0) -> 0 | AA35: =SUM(C35:Z35) -> 0 | AB35: 5
A36: 47423 | B36: O | C36: =ROUND('Anexo 14'!C36*'Anexo 4'!$D$10,0) -> 0 | D36: =ROUND('Anexo 14'!D36*'Anexo 4'!$D$10,0) -> 0 | E36: =ROUND('Anexo 14'!E36*'Anexo 4'!$D$10,0) -> 0 | F36: =ROUND('Anexo 14'!F36*'Anexo 4'!$D$10,0) -> 0 | G36: =ROUND('Anexo 14'!G36*'Anexo 4'!$D$10,0) -> 0 | H36: =ROUND('Anexo 14'!H36*'Anexo 4'!$D$10,0) -> 0 | I36: =ROUND('Anexo 14'!I36*'Anexo 4'!$D$10,0) -> 0 | J36: =ROUND('Anexo 14'!J36*'Anexo 4'!$D$10,0) -> 0 | ... Z36: =ROUND('Anexo 14'!Z36*'Anexo 4'!$D$10,0) -> 0 | AA36: =SUM(C36:Z36) -> 0 | AB36: 20 | AC36: =+AA36*AB36+AA37*AB37+AA38*AB38 -> 0
B37: S | C37: =ROUND('Anexo 14'!C37*'Anexo 4'!$D$10,0) -> 0 | D37: =ROUND('Anexo 14'!D37*'Anexo 4'!$D$10,0) -> 0 | E37: =ROUND('Anexo 14'!E37*'Anexo 4'!$D$10,0) -> 0 | F37: =ROUND('Anexo 14'!F37*'Anexo 4'!$D$10,0) -> 0 | G37: =ROUND('Anexo 14'!G37*'Anexo 4'!$D$10,0) -> 0 | H37: =ROUND('Anexo 14'!H37*'Anexo 4'!$D$10,0) -> 0 | I37: =ROUND('Anexo 14'!I37*'Anexo 4'!$D$10,0) -> 0 | J37: =ROUND('Anexo 14'!J37*'Anexo 4'!$D$10,0) -> 0 | ... Z37: =ROUND('Anexo 14'!Z37*'Anexo 4'!$D$10,0) -> 0 | AA37: =SUM(C37:Z37) -> 0 | AB37: 4
B38: F | C38: =ROUND('Anexo 14'!C38*'Anexo 4'!$D$10,0) -> 0 | D38: =ROUND('Anexo 14'!D38*'Anexo 4'!$D$10,0) -> 0 | E38: =ROUND('Anexo 14'!E38*'Anexo 4'!$D$10,0) -> 0 | F38: =ROUND('Anexo 14'!F38*'Anexo 4'!$D$10,0) -> 0 | G38: =ROUND('Anexo 14'!G38*'Anexo 4'!$D$10,0) -> 0 | H38: =ROUND('Anexo 14'!H38*'Anexo 4'!$D$10,0) -> 0 | I38: =ROUND('Anexo 14'!I38*'Anexo 4'!$D$10,0) -> 0 | J38: =ROUND('Anexo 14'!J38*'Anexo 4'!$D$10,0) -> 0 | ... Z38: =ROUND('Anexo 14'!Z38*'Anexo 4'!$D$10,0) -> 0 | AA38: =SUM(C38:Z38) -> 0 | AB38: 6
A39: 47453 | B39: O | C39: =ROUND('Anexo 14'!C39*'Anexo 4'!$D$10,0) -> 0 | D39: =ROUND('Anexo 14'!D39*'Anexo 4'!$D$10,0) -> 0 | E39: =ROUND('Anexo 14'!E39*'Anexo 4'!$D$10,0) -> 0 | F39: =ROUND('Anexo 14'!F39*'Anexo 4'!$D$10,0) -> 0 | G39: =ROUND('Anexo 14'!G39*'Anexo 4'!$D$10,0) -> 0 | H39: =ROUND('Anexo 14'!H39*'Anexo 4'!$D$10,0) -> 0 | I39: =ROUND('Anexo 14'!I39*'Anexo 4'!$D$10,0) -> 0 | J39: =ROUND('Anexo 14'!J39*'Anexo 4'!$D$10,0) -> 0 | ... Z39: =ROUND('Anexo 14'!Z39*'Anexo 4'!$D$10,0) -> 0 | AA39: =SUM(C39:Z39) -> 0 | AB39: 20 | AC39: =+AA39*AB39+AA40*AB40+AA41*AB41 -> 0
B40: S | C40: =ROUND('Anexo 14'!C40*'Anexo 4'!$D$10,0) -> 0 | D40: =ROUND('Anexo 14'!D40*'Anexo 4'!$D$10,0) -> 0 | E40: =ROUND('Anexo 14'!E40*'Anexo 4'!$D$10,0) -> 0 | F40: =ROUND('Anexo 14'!F40*'Anexo 4'!$D$10,0) -> 0 | G40: =ROUND('Anexo 14'!G40*'Anexo 4'!$D$10,0) -> 0 | H40: =ROUND('Anexo 14'!H40*'Anexo 4'!$D$10,0) -> 0 | I40: =ROUND('Anexo 14'!I40*'Anexo 4'!$D$10,0) -> 0 | J40: =ROUND('Anexo 14'!J40*'Anexo 4'!$D$10,0) -> 0 | ... Z40: =ROUND('Anexo 14'!Z40*'Anexo 4'!$D$10,0) -> 0 | AA40: =SUM(C40:Z40) -> 0 | AB40: 4
B41: F | C41: =ROUND('Anexo 14'!C41*'Anexo 4'!$D$10,0) -> 0 | D41: =ROUND('Anexo 14'!D41*'Anexo 4'!$D$10,0) -> 0 | E41: =ROUND('Anexo 14'!E41*'Anexo 4'!$D$10,0) -> 0 | F41: =ROUND('Anexo 14'!F41*'Anexo 4'!$D$10,0) -> 0 | G41: =ROUND('Anexo 14'!G41*'Anexo 4'!$D$10,0) -> 0 | H41: =ROUND('Anexo 14'!H41*'Anexo 4'!$D$10,0) -> 0 | I41: =ROUND('Anexo 14'!I41*'Anexo 4'!$D$10,0) -> 0 | J41: =ROUND('Anexo 14'!J41*'Anexo 4'!$D$10,0) -> 0 | ... Z41: =ROUND('Anexo 14'!Z41*'Anexo 4'!$D$10,0) -> 0 | AA41: =SUM(C41:Z41) -> 0 | AB41: 7
A42: TOTAL AÑO | C42: =ROUND('Anexo 13'!C42*'Anexo 3'!$D$10,0) -> 0 | D42: =ROUND('Anexo 13'!D42*'Anexo 3'!$D$10,0) -> 0 | E42: =ROUND('Anexo 13'!E42*'Anexo 3'!$D$10,0) -> 0 | F42: =ROUND('Anexo 13'!F42*'Anexo 3'!$D$10,0) -> 0 | G42: =ROUND('Anexo 13'!G42*'Anexo 3'!$D$10,0) -> 0 | H42: =ROUND('Anexo 13'!H42*'Anexo 3'!$D$10,0) -> 0 | I42: =ROUND('Anexo 13'!I42*'Anexo 3'!$D$10,0) -> 0 | J42: =ROUND('Anexo 13'!J42*'Anexo 3'!$D$10,0) -> 0 | ... Z42: =ROUND('Anexo 13'!Z42*'Anexo 3'!$D$10,0) -> 0 | AA42: =+SUM(AA6:AA41) -> 0 | AB42: =+SUM(AB6:AB41) -> 365 | AC42: =+SUM(AC6:AC41) -> 0

Sheet Anexo 5
B3: ANEXO No 5 - PRODUCTO No. 5 CURVA
B4: PAGUE LO CONTRATADO AÑO 2030
B5: PRECIO OFERTADO EN $ / kWh DE ABRIL DE 2025
B8: MES | C8: ENERGIA SOLICITADA kWh/MES | D8: % OFERTADO ANUAL | E8: ENERGIA OFERTADA kWh/MES | F8: PRECIO OFERTADO ANUAL $/kWh
A10: 31 | B10: 47484 | C10: =+'Anexo 15'!AC6 -> 54032354 | E10: =+'Cantidades Ofertadas Prod 5'!AC6 -> 0
A11: 29 | B11: 47515 | C11: =+'Anexo 15'!AC9 -> 49722666 | E11: =+'Cantidades Ofertadas Prod 5'!AC9 -> 0
A12: 31 | B12: 47543 | C12: =+'Anexo 15'!AC12 -> 53397794 | E12: =+'Cantidades Ofertadas Prod 5'!AC12 -> 0
A13: 30 | B13: 47574 | C13: =+'Anexo 15'!AC15 -> 49712576 | E13: =+'Cantidades Ofertadas Prod 5'!AC15 -> 0
A14: 31 | B14: 47604 | C14: =+'Anexo 15'!AC18 -> 52315098 | E14: =+'Cantidades Ofertadas Prod 5'!AC18 -> 0
A15: 30 | B15: 47635 | C15: =+'Anexo 15'!AC21 -> 50268030 | E15: =+'Cantidades Ofertadas Prod 5'!AC21 -> 0
A16: 31 | B16: 47665 | C16: =+'Anexo 15'!AC24 -> 54019575 | E16: =+'Cantidades Ofertadas Prod 5'!AC24 -> 0
A17: 31 | B17: 47696 | C17: =+'Anexo 15'!AC27 -> 55266646 | E17: =+'Cantidades Ofertadas Prod 5'!AC27 -> 0
A18: 30 | B18: 47727 | C18: =+'Anexo 15'!AC30 -> 54681746 | E18: =+'Cantidades Ofertadas Prod 5'!AC30 -> 0
A19: 31 | B19: 47757 | C19: =+'Anexo 15'!AC33 -> 53474634 | E19: =+'Cantidades Ofertadas Prod 5'!AC33 -> 0
A20: 30 | B20: 47788 | C20: =+'Anexo 15'!AC36 -> 50201156 | E20: =+'Cantidades Ofertadas Prod 5'!AC36 -> 0
A21: 31 | B21: 47818 | C21: =+'Anexo 15'!AC39 -> 55029110 | E21: =+'Cantidades Ofertadas Prod 5'!AC39 -> 0
B22: TOTAL | C22: =+SUM(C10:C21) -> 632121387 | E22: =SUM(E10:E21) -> 0 | F22: =+F10 -> 0
B24: *Solo se debe ingresar valores en las celdas en color Naranja
B25: * Se debe ofertar un unico % para todos los meses del año.
B26: * Los % ofertados se aplicaran a las curvas de carga de la hoja "Anexo 15".
B27: * La energia ofertada se calcula de manera automatica en la hoja "Cantidades Ofertadas Prod 5"
B28: * Se debe ofertar un unico precio por producto.
B29: * Para ofertas planas se debe diligenciar el anexo 5A, con un tope horario de 72.159 kWh
H30: =+C30-G30 -> 0
H31: =+C31-G31 -> 0
H32: =+C32-G32 -> 0
B33: ____________________________________________
B34: Firma del Representante Legal
B35: o Apoderado General (Responsable del negocio)

Sheet Anexo 5A
B3: ANEXO No 5A - PRODUCTO No. 5 - OFERTA PLANA
B4: PAGUE LO CONTRATADO AÑO 2030
B5: PRECIO OFERTADO EN $ / kWh DE ABRIL DE 2025
B8: MES | C8: ENERGIA MAXIMA A OFERTAR kWh/MES | D8: kWh OFERTADO | E8: ENERGIA OFERTADA kWh/MES | F8: PRECIO OFERTADO ANUAL $/kWh
A9: 72159
A10: 31 | B10: 47484 | C10: =+$A$9*A10*24 -> 53686296 | E10: =+$D$10*A10*24 -> 0
A11: 28 | B11: 47515 | C11: =+$A$9*A11*24 -> 48490848 | E11: =+$D$10*A11*24 -> 0
A12: 31 | B12: 47543 | C12: =+$A$9*A12*24 -> 53686296 | E12: =+$D$10*A12*24 -> 0
A13: 30 | B13: 47574 | C13: =+$A$9*A13*24 -> 51954480 | E13: =+$D$10*A13*24 -> 0
A14: 31 | B14: 47604 | C14: =+$A$9*A14*24 -> 53686296 | E14: =+$D$10*A14*24 -> 0
A15: 30 | B15: 47635 | C15: =+$A$9*A15*24 -> 51954480 | E15: =+$D$10*A15*24 -> 0
A16: 31 | B16: 47665 | C16: =+$A$9*A16*24 -> 53686296 | E16: =+$D$10*A16*24 -> 0
A17: 31 | B17: 47696 | C17: =+$A$9*A17*24 -> 53686296 | E17: =+$D$10*A17*24 -> 0
A18: 30 | B18: 47727 | C18: =+$A$9*A18*24 -> 51954480 | E18: =+$D$10*A18*24 -> 0
A19: 31 | B19: 47757 | C19: =+$A$9*A19*24 -> 53686296 | E19: =+$D$10*A19*24 -> 0
A20: 30 | B20: 47788 | C20: =+$A$9*A20*24 -> 51954480 | E20: =+$D$10*A20*24 -> 0
A21: 31 | B21: 47818 | C21: =+$A$9*A21*24 -> 53686296 | E21: =+$D$10*A21*24 -> 0
B22: TOTAL | C22: =+SUM(C10:C21) -> 632112840 | E22: =SUM(E10:E21) -> 0 | F22: =+F10 -> 0
B23: *Solo se debe ingresar valores en las celdas en color Naranja
B24: * Se debe oferta un valor de kWh el cual se aplica para todas las horas del año, con un tope horario de 72.159 kWh
B25: * Se debe ofertar un unico precio por producto.
B26: * A las ofertas planas al momento de la evaluación se le adicionarán 5 $/kWh al precio ofertado; con el fin de hacerlas comparables con las Ofertas que siguen la curva
B31: ____________________________________________
B32: Firma del Representante Legal
B33: o Apoderado General (Responsable del negocio)

Sheet Anexo 15
A1: CURVAS REQUERIDAS PRODUCTO 5 AÑO 2030 MODALIDAD PAGUE LO CONTRATADO - kWh
A4: Periodo | B4: Tipo de día | C4: H01 | D4: H02 | E4: H03 | F4: H04 | G4: H05 | H4: H06 | I4: H07 | J4: H08 | K4: H09 | L4: H10 | M4: H11 | N4: H12 | O4: H13 | P4: H14 | Q4: H15 | R4: H16 | S4: H17 | T4: H18 | U4: H19 | V4: H20 | W4: H21 | X4: H22 | Y4: H23 | Z4: H24 | AA4: TOTAL DÍA | AB4: Días/ | AC4: TOTAL MES
AB5: mes
A6: 47484 | B6: O | C6: 53444 | D6: 48713 | E6: 45866 | F6: 44396 | G6: 45413 | H6: 49810.5 | I6: 53991 | J6: 54784 | K6: 63587 | L6: 70256 | M6: 77048 | N6: 83454 | O6: 82366.5 | P6: 82506 | Q6: 84472 | R6: 84848 | S6: 83471 | T6: 96936.5 | U6: 105486.5 | V6: 112607 | W6: 107820 | X6: 99423.5 | Y6: 85931.5 | Z6: 72302.5 | AA6: =SUM(C6:Z6) -> 1788933.5 | AB6: 21 | AC6: =+AA6*AB6+AA7*AB7+AA8*AB8 -> 54032354
B7: S | C7: 55418.5 | D7: 50076 | E7: 46816 | F7: 44760 | G7: 44826 | H7: 47286 | I7: 50153 | J7: 51078 | K7: 60918 | L7: 68345 | M7: 73909 | N7: 79414.5 | O7: 80009 | P7: 78876 | Q7: 77632.5 | R7: 77027 | S7: 76179.5 | T7: 92111 | U7: 102831 | V7: 110465.5 | W7: 105244 | X7: 97461.5 | Y7: 86417 | Z7: 75349 | AA7: =SUM(C7:Z7) -> 1732603 | AB7: 4
B8: F | C8: 59468 | D8: 53696.5 | E8: 49867.5 | F8: 47165 | G8: 45848.5 | H8: 46365 | I8: 45632.5 | J8: 42972 | K8: 50459.5 | L8: 57056.5 | M8: 61926 | N8: 66995.5 | O8: 69997 | P8: 69639.5 | Q8: 67731 | R8: 66631 | S8: 66079 | T8: 82671 | U8: 94363 | V8: 102711 | W8: 99305.5 | X8: 92027.5 | Y8: 80805 | Z8: 69643.5 | AA8: =SUM(C8:Z8) -> 1589056.5 | AB8: 6
A9: 47515 | B9: O | C9: 53445 | D9: 48919.5 | E9: 46318 | F9: 45039.5 | G9: 46518 | H9: 53304 | I9: 58708.5 | J9: 57545 | K9: 65333 | L9: 71167.5 | M9: 77543.5 | N9: 83451 | O9: 81078.5 | P9: 81981 | Q9: 84724.5 | R9: 85220.5 | S9: 83872.5 | T9: 96798 | U9: 103285 | V9: 112573.5 | W9: 107998 | X9: 99259.5 | Y9: 85469.5 | Z9: 71748.5 | AA9: =SUM(C9:Z9) -> 1801301.5 | AB9: 20 | AC9: =+AA9*AB9+AA10*AB10+AA11*AB11 -> 49722666
B10: S | C10: 56475.5 | D10: 51456.5 | E10: 48229 | F10: 46376 | G10: 46595.5 | H10: 49225 | I10: 53436 | J10: 54309.5 | K10: 64471.5 | L10: 71549 | M10: 77175 | N10: 82636 | O10: 82788 | P10: 81273 | Q10: 79975 | R10: 79264.5 | S10: 78289 | T10: 93973 | U10: 102594 | V10: 111936.5 | W10: 106792.5 | X10: 99483 | Y10: 89036 | Z10: 77424.5 | AA10: =SUM(C10:Z10) -> 1784763.5 | AB10: 4
B11: F | C11: 59753 | D11: 54057.5 | E11: 50585.5 | F11: 47978 | G11: 47145.5 | H11: 47927 | I11: 48551 | J11: 46617 | K11: 54781.5 | L11: 61465.5 | M11: 65894 | N11: 70680.5 | O11: 73363 | P11: 72488 | Q11: 70351 | R11: 69055.5 | S11: 68402 | T11: 84991.5 | U11: 94262 | V11: 104581 | W11: 101431 | X11: 93934 | Y11: 81620.5 | Z11: 69480 | AA11: =SUM(C11:Z11) -> 1639395.5 | AB11: 4
A12: 47543 | B12: O | C12: 52209 | D12: 47848 | E12: 45434 | F12: 44225 | G12: 45828.5 | H12: 52524 | I12: 57214 | J12: 56716.5 | K12: 64241.5 | L12: 69879.5 | M12: 75885.5 | N12: 81303.5 | O12: 79145 | P12: 79622.5 | Q12: 81997 | R12: 82383.5 | S12: 81352 | T12: 95185.5 | U12: 103332.5 | V12: 111307.5 | W12: 106558.5 | X12: 97616 | Y12: 84019.5 | Z12: 70595.5 | AA12: =SUM(C12:Z12) -> 1766424 | AB12: 20 | AC12: =+AA12*AB12+AA13*AB13+AA14*AB14 -> 53397794
B13: S | C13: 54749 | D13: 49713 | E13: 47035.5 | F13: 45505 | G13: 45596 | H13: 48406 | I13: 50857 | J13: 52550.5 | K13: 62039 | L13: 68916 | M13: 74377 | N13: 78929.5 | O13: 78839 | P13: 77216.5 | Q13: 76002 | R13: 75087 | S13: 73902.5 | T13: 90024 | U13: 99924 | V13: 107444.5 | W13: 102528.5 | X13: 95496 | Y13: 85034.5 | Z13: 74466.5 | AA13: =SUM(C13:Z13) -> 1714638.5 | AB13: 5
B14: F | C14: 57291 | D14: 51749.5 | E14: 48489 | F14: 46278.5 | G14: 45361.5 | H14: 46448.5 | I14: 46176.5 | J14: 44686.5 | K14: 52236.5 | L14: 58322.5 | M14: 62566.5 | N14: 67389.5 | O14: 70262.5 | P14: 69459 | Q14: 67255 | R14: 66271.5 | S14: 65632 | T14: 82462.5 | U14: 93151 | V14: 102013.5 | W14: 98595.5 | X14: 91522.5 | Y14: 80016.5 | Z14: 69049.5 | AA14: =SUM(C14:Z14) -> 1582687 | AB14: 6
A15: 47574 | B15: O | C15: 49966 | D15: 45811 | E15: 43311.5 | F15: 42151.5 | G15: 43619.5 | H15: 48992.5 | I15: 52947 | J15: 53082 | K15: 60569 | L15: 66434 | M15: 72623.5 | N15: 78233 | O15: 76228.5 | P15: 76743 | Q15: 78963 | R15: 79190 | S15: 78036 | T15: 92398 | U15: 102159.5 | V15: 107964 | W15: 103481.5 | X15: 94498.5 | Y15: 80900 | Z15: 67894.5 | AA15: =SUM(C15:Z15) -> 1696197 | AB15: 20 | AC15: =+AA15*AB15+AA16*AB16+AA17*AB17 -> 49712576
B16: S | C16: 51636.5 | D16: 46895 | E16: 43846 | F16: 42047 | G16: 42377.5 | H16: 44410.5 | I16: 46967.5 | J16: 48999.5 | K16: 58296 | L16: 65350 | M16: 70448.5 | N16: 76233 | O16: 76587.5 | P16: 75239.5 | Q16: 74014 | R16: 73170 | S16: 72861.5 | T16: 89422.5 | U16: 100523 | V16: 106662 | W16: 101502 | X16: 94014 | Y16: 83469.5 | Z16: 72709.5 | AA16: =SUM(C16:Z16) -> 1657682 | AB16: 4
B17: F | C17: 55007.5 | D17: 49685.5 | E17: 46243.5 | F17: 43903 | G17: 42995 | H17: 42876 | I17: 43431 | J17: 42620.5 | K17: 49903.5 | L17: 56294.5 | M17: 60843.5 | N17: 65479.5 | O17: 68174.5 | P17: 67430 | Q17: 65103 | R17: 64005.5 | S17: 63375.5 | T17: 80310 | U17: 92164 | V17: 99259.5 | W17: 95544 | X17: 88301 | Y17: 77211 | Z17: 66157 | AA17: =SUM(C17:Z17) -> 1526318 | AB17: 6
A18: 47604 | B18: O | C18: 50389 | D18: 46075 | E18: 43675 | F18: 42466 | G18: 43889 | H18: 48514.5 | I18: 53350.5 | J18: 53874 | K18: 61597.5 | L18: 67662.5 | M18: 73762 | N18: 79551 | O18: 77806.5 | P18: 77784.5 | Q18: 79530.5 | R18: 79735.5 | S18: 78558.5 | T18: 93222.5 | U18: 103453.5 | V18: 109251.5 | W18: 104221 | X18: 95174 | Y18: 81306 | Z18: 68458.5 | AA18: =SUM(C18:Z18) -> 1713308.5 | AB18: 22 | AC18: =+AA18*AB18+AA19*AB19+AA20*AB20 -> 52315098
B19: S | C19: 53321 | D19: 48594.5 | E19: 45739.5 | F19: 44056.5 | G19: 44347.5 | H19: 45539 | I19: 49415 | J19: 51531.5 | K19: 61080 | L19: 68459.5 | M19: 73515 | N19: 78129 | O19: 78144.5 | P19: 76336.5 | Q19: 74496 | R19: 73385.5 | S19: 72578.5 | T19: 89615 | U19: 101730 | V19: 106643 | W19: 101646.5 | X19: 93987.5 | Y19: 83335.5 | Z19: 72714.5 | AA19: =SUM(C19:Z19) -> 1688341 | AB19: 4
B20: F | C20: 54751.5 | D20: 49582.5 | E20: 46374 | F20: 44240 | G20: 43584 | H20: 42771 | I20: 44232.5 | J20: 44161.5 | K20: 51904 | L20: 58780.5 | M20: 63480.5 | N20: 68390.5 | O20: 70546 | P20: 70113.5 | Q20: 67555 | R20: 70429.5 | S20: 65753 | T20: 82908.5 | U20: 95211.5 | V20: 102359.5 | W20: 98518.5 | X20: 90789 | Y20: 79338.5 | Z20: 68014.5 | AA20: =SUM(C20:Z20) -> 1573789.5 | AB20: 5
A21: 47635 | B21: O | C21: 49269 | D21: 44916.5 | E21: 42704 | F21: 41532.5 | G21: 42815.5 | H21: 46777 | I21: 51763 | J21: 52657.5 | K21: 60640 | L21: 66580 | M21: 72800 | N21: 78635 | O21: 76748.5 | P21: 76648.5 | Q21: 78792.5 | R21: 78939 | S21: 77749.5 | T21: 92033.5 | U21: 100318 | V21: 107770.5 | W21: 103040 | X21: 94167 | Y21: 80257 | Z21: 67328.5 | AA21: =SUM(C21:Z21) -> 1684882.5 | AB21: 18 | AC21: =+AA21*AB21+AA22*AB22+AA23*AB23 -> 50268030
B22: S | C22: 53630 | D22: 48567.5 | E22: 45676.5 | F22: 44015.5 | G22: 44099 | H22: 45291.5 | I22: 48786.5 | J22: 50678.5 | K22: 60812.5 | L22: 67748.5 | M22: 73235 | N22: 77939 | O22: 78272 | P22: 77155 | Q22: 76026 | R22: 75887 | S22: 75119.5 | T22: 91949 | U22: 102478 | V22: 109127 | W22: 103862.5 | X22: 96369.5 | Y22: 85445 | Z22: 74189 | AA22: =SUM(C22:Z22) -> 1706359.5 | AB22: 5
B23: F | C23: 57185 | D23: 51819.5 | E23: 48678 | F23: 46521 | G23: 46064 | H23: 46084.5 | I23: 46791 | J23: 46990 | K23: 55033.5 | L23: 61161.5 | M23: 66263 | N23: 71220 | O23: 72820 | P23: 72154.5 | Q23: 70254 | R23: 69360.5 | S23: 68784 | T23: 85582.5 | U23: 96308 | V23: 104629.5 | W23: 101004.5 | X23: 93225.5 | Y23: 81567 | Z23: 70263 | AA23: =SUM(C23:Z23) -> 1629764 | AB23: 7
A24: 47665 | B24: O | C24: 53484.5 | D24: 48857.5 | E24: 46177.5 | F24: 44709.5 | G24: 45909.5 | H24: 49858 | I24: 53847.5 | J24: 55672.5 | K24: 64254 | L24: 70993 | M24: 77538.5 | N24: 83341.5 | O24: 81295 | P24: 81593 | Q24: 83801 | R24: 84076.5 | S24: 82385 | T24: 95477.5 | U24: 102412 | V24: 111358.5 | W24: 107148 | X24: 98662.5 | Y24: 84687 | Z24: 71813 | AA24: =SUM(C24:Z24) -> 1779352.5 | AB24: 22 | AC24: =+AA24*AB24+AA25*AB25+AA26*AB26 -> 54019575
B25: S | C25: 53078 | D25: 47813.5 | E25: 45108.5 | F25: 43317 | G25: 43488 | H25: 45000.5 | I25: 48475 | J25: 52147 | K25: 62349 | L25: 69314.5 | M25: 74814 | N25: 79436 | O25: 79217.5 | P25: 77444 | Q25: 75843.5 | R25: 75032.5 | S25: 74072 | T25: 90461 | U25: 98742.5 | V25: 107369 | W25: 102514.5 | X25: 95599.5 | Y25: 84802 | Z25: 74116 | AA25: =SUM(C25:Z25) -> 1699555 | AB25: 3
B26: F | C26: 58390 | D26: 53090.5 | E26: 49571.5 | F26: 47285 | G26: 46560.5 | H26: 46555 | I26: 46861 | J26: 46670 | K26: 54822.5 | L26: 61607.5 | M26: 66589.5 | N26: 71190.5 | O26: 73467.5 | P26: 72326 | Q26: 69966 | R26: 68747 | S26: 67789 | T26: 84299 | U26: 93145.5 | V26: 103725 | W26: 100574 | X26: 93439.5 | Y26: 81783.5 | Z26: 70737 | AA26: =SUM(C26:Z26) -> 1629192.5 | AB26: 6
A27: 47696 | B27: O | C27: 54368 | D27: 49976 | E27: 47567 | F27: 46112.5 | G27: 47395.5 | H27: 52625.5 | I27: 57045 | J27: 57940.5 | K27: 66194 | L27: 72527 | M27: 79201 | N27: 85087.5 | O27: 83023.5 | P27: 84024.5 | Q27: 86454.5 | R27: 86678 | S27: 84903.5 | T27: 97888.5 | U27: 106223.5 | V27: 113749 | W27: 109116.5 | X27: 100212.5 | Y27: 86040.5 | Z27: 73276.5 | AA27: =SUM(C27:Z27) -> 1827630.5 | AB27: 20 | AC27: =+AA27*AB27+AA28*AB28+AA29*AB29 -> 55266646
B28: S | C28: 57290 | D28: 52559.5 | E28: 49599 | F28: 47405.5 | G28: 47256.5 | H28: 49217.5 | I28: 51404.5 | J28: 54483 | K28: 64623.5 | L28: 71668 | M28: 77717.5 | N28: 82343.5 | O28: 82370 | P28: 81108 | Q28: 79876 | R28: 79212 | S28: 77680.5 | T28: 93516 | U28: 103807 | V28: 110403 | W28: 105450 | X28: 98335.5 | Y28: 87983.5 | Z28: 76955 | AA28: =SUM(C28:Z28) -> 1782264.5 | AB28: 5
B29: F | C29: 59020.5 | D29: 53618.5 | E29: 50077 | F29: 47797.5 | G29: 47069 | H29: 47310.5 | I29: 47093 | J29: 47166.5 | K29: 55143.5 | L29: 61710.5 | M29: 66443.5 | N29: 71293.5 | O29: 73809.5 | P29: 72841.5 | Q29: 70163 | R29: 68473.5 | S29: 67763.5 | T29: 84103 | U29: 94753.5 | V29: 103821.5 | W29: 100216.5 | X29: 92737.5 | Y29: 81329.5 | Z29: 70029.5 | AA29: =SUM(C29:Z29) -> 1633785.5 | AB29: 6
A30: 47727 | B30: O | C30: 56131 | D30: 51506.5 | E30: 48625 | F30: 47322.5 | G30: 48504 | H30: 53469.5 | I30: 58057.5 | J30: 59240 | K30: 67418 | L30: 74186.5 | M30: 80959.5 | N30: 87152.5 | O30: 85029.5 | P30: 85956 | Q30: 88825 | R30: 89565 | S30: 87802.5 | T30: 101230.5 | U30: 112610 | V30: 115628 | W30: 110625 | X30: 101549.5 | Y30: 87115.5 | Z30: 74381 | AA30: =SUM(C30:Z30) -> 1872890 | AB30: 21 | AC30: =+AA30*AB30+AA31*AB31+AA32*AB32 -> 54681746
B31: S | C31: 58391.5 | D31: 52878 | E31: 49898 | F31: 48214 | G31: 48268 | H31: 48910 | I31: 52520.5 | J31: 56368.5 | K31: 66738.5 | L31: 74139 | M31: 79937.5 | N31: 84625.5 | O31: 84293 | P31: 82812 | Q31: 81432 | R31: 80504.5 | S31: 79562.5 | T31: 96396.5 | U31: 108832.5 | V31: 111536.5 | W31: 105834 | X31: 98502 | Y31: 87887.5 | Z31: 77029.5 | AA31: =SUM(C31:Z31) -> 1815511.5 | AB31: 4
B32: F | C32: 59660.5 | D32: 54412.5 | E32: 50959.5 | F32: 48289.5 | G32: 47036 | H32: 46074.5 | I32: 46334.5 | J32: 46290 | K32: 54117.5 | L32: 60497 | M32: 64984 | N32: 69252 | O32: 71769 | P32: 71076.5 | Q32: 68838.5 | R32: 67875.5 | S32: 67168.5 | T32: 83965.5 | U32: 97582 | V32: 102113.5 | W32: 98763.5 | X32: 91468.5 | Y32: 80112.5 | Z32: 69161 | AA32: =SUM(C32:Z32) -> 1617802 | AB32: 5
A33: 47757 | B33: O | C33: 51606.5 | D33: 47350 | E33: 44973 | F33: 43689.5 | G33: 45080 | H33: 49147.5 | I33: 53972.5 | J33: 54593.5 | K33: 62291 | L33: 68324.5 | M33: 74587.5 | N33: 80449 | O33: 78435.5 | P33: 79131 | Q33: 81791.5 | R33: 82375.5 | S33: 81118.5 | T33: 97485 | U33: 110519 | V33: 109865 | W33: 104209 | X33: 95026.5 | Y33: 81502.5 | Z33: 69496.5 | AA33: =SUM(C33:Z33) -> 1747020 | AB33: 22 | AC33: =+AA33*AB33+AA34*AB34+AA35*AB35 -> 53474634
B34: S | C34: 56333 | D34: 51525.5 | E34: 48580 | F34: 46651 | G34: 47038 | H34: 48152 | I34: 52252 | J34: 55157 | K34: 65004.5 | L34: 71849 | M34: 77684.5 | N34: 82586.5 | O34: 82808.5 | P34: 81449.5 | Q34: 80098 | R34: 79260.5 | S34: 78250.5 | T34: 97784 | U34: 112763 | V34: 112502 | W34: 106900.5 | X34: 98508.5 | Y34: 88159 | Z34: 76861.5 | AA34: =SUM(C34:Z34) -> 1798158.5 | AB34: 4
B35: F | C35: 55987.5 | D35: 50906.5 | E35: 47390.5 | F35: 44912.5 | G35: 44105 | H35: 43098.5 | I35: 44195 | J35: 43782.5 | K35: 51310.5 | L35: 57922.5 | M35: 62626.5 | N35: 67306 | O35: 69916.5 | P35: 69062.5 | Q35: 67103.5 | R35: 66157.5 | S35: 65627 | T35: 84814.5 | U35: 99797.5 | V35: 100996 | W35: 97129 | X35: 89557.5 | Y35: 78310.5 | Z35: 67496.5 | AA35: =SUM(C35:Z35) -> 1569512 | AB35: 5
A36: 47788 | B36: O | C36: 49984 | D36: 45738.5 | E36: 43379 | F36: 42268.5 | G36: 43891 | H36: 48484.5 | I36: 53735.5 | J36: 54513 | K36: 62100.5 | L36: 67953 | M36: 74233.5 | N36: 80280.5 | O36: 77902.5 | P36: 77991.5 | Q36: 80614 | R36: 80471.5 | S36: 79534 | T36: 97089 | U36: 110698 | V36: 109970.5 | W36: 104236.5 | X36: 94514 | Y36: 80560 | Z36: 68105 | AA36: =SUM(C36:Z36) -> 1728248 | AB36: 19 | AC36: =+AA36*AB36+AA37*AB37+AA38*AB38 -> 50201156
B37: S | C37: 52019 | D37: 47541 | E37: 44759.5 | F37: 43018.5 | G37: 43323 | H37: 44242.5 | I37: 47881 | J37: 49949.5 | K37: 59526 | L37: 66172 | M37: 71521 | N37: 76410.5 | O37: 76030 | P37: 73935.5 | Q37: 73342 | R37: 72961 | S37: 72430 | T37: 92259 | U37: 107468.5 | V37: 107096.5 | W37: 101399.5 | X37: 93958.5 | Y37: 83014.5 | Z37: 72004.5 | AA37: =SUM(C37:Z37) -> 1672263 | AB37: 5
B38: F | C38: 52051.5 | D38: 47247.5 | E38: 43950 | F38: 41538 | G38: 41230.5 | H38: 40421.5 | I38: 41762 | J38: 41604.5 | K38: 49094 | L38: 55503.5 | M38: 60157 | N38: 64947.5 | O38: 67312 | P38: 66432.5 | Q38: 64134 | R38: 62552 | S38: 62155 | T38: 81704 | U38: 96971.5 | V38: 98364.5 | W38: 94508 | X38: 86895 | Y38: 75423.5 | Z38: 64562 | AA38: =SUM(C38:Z38) -> 1500521.5 | AB38: 6
A39: 47818 | B39: O | C39: 55963 | D39: 50869.5 | E39: 47924 | F39: 46390 | G39: 47420 | H39: 50699.5 | I39: 54200 | J39: 56897.5 | K39: 65975.5 | L39: 72660.5 | M39: 78794.5 | N39: 85015 | O39: 83848.5 | P39: 83740 | Q39: 85512.5 | R39: 85327.5 | S39: 83550 | T39: 98790 | U39: 112059 | V39: 114051.5 | W39: 108881.5 | X39: 100625.5 | Y39: 87988.5 | Z39: 75920 | AA39: =SUM(C39:Z39) -> 1833103.5 | AB39: 21 | AC39: =+AA39*AB39+AA40*AB40+AA41*AB41 -> 55029110
B40: S | C40: 56282 | D40: 51261 | E40: 48307.5 | F40: 46345.5 | G40: 46457.5 | H40: 48304.5 | I40: 50393.5 | J40: 52387.5 | K40: 61595.5 | L40: 67954.5 | M40: 73074.5 | N40: 77355.5 | O40: 77348 | P40: 75716 | Q40: 74695 | R40: 73570 | S40: 72786 | T40: 90704 | U40: 105470.5 | V40: 107142 | W40: 102050 | X40: 94830 | Y40: 84544.5 | Z40: 74625.5 | AA40: =SUM(C40:Z40) -> 1713200.5 | AB40: 4
B41: F | C41: 59215.5 | D41: 53927 | E41: 50160 | F41: 47526.5 | G41: 46484 | H41: 46110.5 | I41: 45774.5 | J41: 44720.5 | K41: 52151.5 | L41: 58666.5 | M41: 63583 | N41: 68185 | O41: 70689 | P41: 70631 | Q41: 68981 | R41: 67947 | S41: 67386.5 | T41: 85323.5 | U41: 100063.5 | V41: 103051.5 | W41: 98890.5 | X41: 91780.5 | Y41: 81355 | Z41: 70919 | AA41: =SUM(C41:Z41) -> 1613522.5 | AB41: 6
A42: TOTAL AÑO | C42: =+SUM(C6:C41) -> 1976664.5 | D42: =+SUM(D6:D41) -> 1799255.5 | E42: =+SUM(E6:E41) -> 1691895 | F42: =+SUM(F6:F41) -> 1625449 | G42: =+SUM(G6:G41) -> 1633439.5 | H42: =+SUM(H6:H41) -> 1710234.5 | I42: =+SUM(I6:I41) -> 1808208 | J42: =+SUM(J6:J41) -> 1835437.5 | ... AC42: =+SUM(AC6:AC41) -> 632121387

Sheet Cantidades Ofertadas Prod 5
A1: CANTIDADES OFERTADAS PRODUCTO 5 AÑO 2030 MODALIDAD PAGUE LO CONTRATADO - kWh
A4: Periodo | B4: Tipo de día | C4: H01 | D4: H02 | E4: H03 | F4: H04 | G4: H05 | H4: H06 | I4: H07 | J4: H08 | K4: H09 | L4: H10 | M4: H11 | N4: H12 | O4: H13 | P4: H14 | Q4: H15 | R4: H16 | S4: H17 | T4: H18 | U4: H19 | V4: H20 | W4: H21 | X4: H22 | Y4: H23 | Z4: H24 | AA4: TOTAL DÍA | AB4: Días/ | AC4: TOTAL MES
AB5: mes
A6: 47484 | B6: O | C6: =ROUND('Anexo 15'!C6*'Anexo 5'!$D$10,0) -> 0 | D6: =ROUND('Anexo 15'!D6*'Anexo 5'!$D$10,0) -> 0 | E6: =ROUND('Anexo 15'!E6*'Anexo 5'!$D$10,0) -> 0 | F6: =ROUND('Anexo 15'!F6*'Anexo 5'!$D$10,0) -> 0 | G6: =ROUND('Anexo 15'!G6*'Anexo 5'!$D$10,0) -> 0 | H6: =ROUND('Anexo 15'!H6*'Anexo 5'!$D$10,0) -> 0 | I6: =ROUND('Anexo 15'!I6*'Anexo 5'!$D$10,0) -> 0 | J6: =ROUND('Anexo 15'!J6*'Anexo 5'!$D$10,0) -> 0 | ... Z6: =ROUND('Anexo 15'!Z6*'Anexo 5'!$D$10,0) -> 0 | AA6: =SUM(C6:Z6) -> 0 | AB6: 21 | AC6: =+AA6*AB6+AA7*AB7+AA8*AB8 -> 0
B7: S | C7: =ROUND('Anexo 15'!C7*'Anexo 5'!$D$10,0) -> 0 | D7: =ROUND('Anexo 15'!D7*'Anexo 5'!$D$10,0) -> 0 | E7: =ROUND('Anexo 15'!E7*'Anexo 5'!$D$10,0) -> 0 | F7: =ROUND('Anexo 15'!F7*'Anexo 5'!$D$10,0) -> 0 | G7: =ROUND('Anexo 15'!G7*'Anexo 5'!$D$10,0) -> 0 | H7: =ROUND('Anexo 15'!H7*'Anexo 5'!$D$10,0) -> 0 | I7: =ROUND('Anexo 15'!I7*'Anexo 5'!$D$10,0) -> 0 | J7: =ROUND('Anexo 15'!J7*'Anexo 5'!$D$10,0) -> 0 | ... Z7: =ROUND('Anexo 15'!Z7*'Anexo 5'!$D$10,0) -> 0 | AA7: =SUM(C7:Z7) -> 0 | AB7: 4
B8: F | C8: =ROUND('Anexo 15'!C8*'Anexo 5'!$D$10,0) -> 0 | D8: =ROUND('Anexo 15'!D8*'Anexo 5'!$D$10,0) -> 0 | E8: =ROUND('Anexo 15'!E8*'Anexo 5'!$D$10,0) -> 0 | F8: =ROUND('Anexo 15'!F8*'Anexo 5'!$D$10,0) -> 0 | G8: =ROUND('Anexo 15'!G8*'Anexo 5'!$D$10,0) -> 0 | H8: =ROUND('Anexo 15'!H8*'Anexo 5'!$D$10,0) -> 0 | I8: =ROUND('Anexo 15'!I8*'Anexo 5'!$D$10,0) -> 0 | J8: =ROUND('Anexo 15'!J8*'Anexo 5'!$D$10,0) -> 0 | ... Z8: =ROUND('Anexo 15'!Z8*'Anexo 5'!$D$10,0) -> 0 | AA8: =SUM(C8:Z8) -> 0 | AB8: 6
A9: 47515 | B9: O | C9: =ROUND('Anexo 15'!C9*'Anexo 5'!$D$10,0) -> 0 | D9: =ROUND('Anexo 15'!D9*'Anexo 5'!$D$10,0) -> 0 | E9: =ROUND('Anexo 15'!E9*'Anexo 5'!$D$10,0) -> 0 | F9: =ROUND('Anexo 15'!F9*'Anexo 5'!$D$10,0) -> 0 | G9: =ROUND('Anexo 15'!G9*'Anexo 5'!$D$10,0) -> 0 | H9: =ROUND('Anexo 15'!H9*'Anexo 5'!$D$10,0) -> 0 | I9: =ROUND('Anexo 15'!I9*'Anexo 5'!$D$10,0) -> 0 | J9: =ROUND('Anexo 15'!J9*'Anexo 5'!$D$10,0) -> 0 | ... Z9: =ROUND('Anexo 15'!Z9*'Anexo 5'!$D$10,0) -> 0 | AA9: =SUM(C9:Z9) -> 0 | AB9: 20 | AC9: =+AA9*AB9+AA10*AB10+AA11*AB11 -> 0
B10: S | C10: =ROUND('Anexo 15'!C10*'Anexo 5'!$D$10,0) -> 0 | D10: =ROUND('Anexo 15'!D10*'Anexo 5'!$D$10,0) -> 0 | E10: =ROUND('Anexo 15'!E10*'Anexo 5'!$D$10,0) -> 0 | F10: =ROUND('Anexo 15'!F10*'Anexo 5'!$D$10,0) -> 0 | G10: =ROUND('Anexo 15'!G10*'Anexo 5'!$D$10,0) -> 0 | H10: =ROUND('Anexo 15'!H10*'Anexo 5'!$D$10,0) -> 0 | I10: =ROUND('Anexo 15'!I10*'Anexo 5'!$D$10,0) -> 0 | J10: =ROUND('Anexo 15'!J10*'Anexo 5'!$D$10,0) -> 0 | ... Z10: =ROUND('Anexo 15'!Z10*'Anexo 5'!$D$10,0) -> 0 | AA10: =SUM(C10:Z10) -> 0 | AB10: 4
B11: F | C11: =ROUND('Anexo 15'!C11*'Anexo 5'!$D$10,0) -> 0 | D11: =ROUND('Anexo 15'!D11*'Anexo 5'!$D$10,0) -> 0 | E11: =ROUND('Anexo 15'!E11*'Anexo 5'!$D$10,0) -> 0 | F11: =ROUND('Anexo 15'!F11*'Anexo 5'!$D$10,0) -> 0 | G11: =ROUND('Anexo 15'!G11*'Anexo 5'!$D$10,0) -> 0 | H11: =ROUND('Anexo 15'!H11*'Anexo 5'!$D$10,0) -> 0 | I11: =ROUND('Anexo 15'!I11*'Anexo 5'!$D$10,0) -> 0 | J11: =ROUND('Anexo 15'!J11*'Anexo 5'!$D$10,0) -> 0 | ... Z11: =ROUND('Anexo 15'!Z11*'Anexo 5'!$D$10,0) -> 0 | AA11: =SUM(C11:Z11) -> 0 | AB11: 4
A12: 47543 | B12: O | C12: =ROUND('Anexo 15'!C12*'Anexo 5'!$D$10,0) -> 0 | D12: =ROUND('Anexo 15'!D12*'Anexo 5'!$D$10,0) -> 0 | E12: =ROUND('Anexo 15'!E12*'Anexo 5'!$D$10,0) -> 0 | F12: =ROUND('Anexo 15'!F12*'Anexo 5'!$D$10,0) -> 0 | G12: =ROUND('Anexo 15'!G12*'Anexo 5'!$D$10,0) -> 0 | H12: =ROUND('Anexo 15'!H12*'Anexo 5'!$D$10,0) -> 0 | I12: =ROUND('Anexo 15'!I12*'Anexo 5'!$D$10,0) -> 0 | J12: =ROUND('Anexo 15'!J12*'Anexo 5'!$D$10,0) -> 0 | ... Z12: =ROUND('Anexo 15'!Z12*'Anexo 5'!$D$10,0) -> 0 | AA12: =SUM(C12:Z12) -> 0 | AB12: 20 | AC12: =+AA12*AB12+AA13*AB13+AA14*AB14 -> 0
B13: S | C13: =ROUND('Anexo 15'!C13*'Anexo 5'!$D$10,0) -> 0 | D13: =ROUND('Anexo 15'!D13*'Anexo 5'!$D$10,0) -> 0 | E13: =ROUND('Anexo 15'!E13*'Anexo 5'!$D$10,0) -> 0 | F13: =ROUND('Anexo 15'!F13*'Anexo 5'!$D$10,0) -> 0 | G13: =ROUND('Anexo 15'!G13*'Anexo 5'!$D$10,0) -> 0 | H13: =ROUND('Anexo 15'!H13*'Anexo 5'!$D$10,0) -> 0 | I13: =ROUND('Anexo 15'!I13*'Anexo 5'!$D$10,0) -> 0 | J13: =ROUND('Anexo 15'!J13*'Anexo 5'!$D$10,0) -> 0 | ... Z13: =ROUND('Anexo 15'!Z13*'Anexo 5'!$D$10,0) -> 0 | AA13: =SUM(C13:Z13) -> 0 | AB13: 5
B14: F | C14: =ROUND('Anexo 15'!C14*'Anexo 5'!$D$10,0) -> 0 | D14: =ROUND('Anexo 15'!D14*'Anexo 5'!$D$10,0) -> 0 | E14: =ROUND('Anexo 15'!E14*'Anexo 5'!$D$10,0) -> 0 | F14: =ROUND('Anexo 15'!F14*'Anexo 5'!$D$10,0) -> 0 | G14: =ROUND('Anexo 15'!G14*'Anexo 5'!$D$10,0) -> 0 | H14: =ROUND('Anexo 15'!H14*'Anexo 5'!$D$10,0) -> 0 | I14: =ROUND('Anexo 15'!I14*'Anexo 5'!$D$10,0) -> 0 | J14: =ROUND('Anexo 15'!J14*'Anexo 5'!$D$10,0) -> 0 | ... Z14: =ROUND('Anexo 15'!Z14*'Anexo 5'!$D$10,0) -> 0 | AA14: =SUM(C14:Z14) -> 0 | AB14: 6
A15: 47574 | B15: O | C15: =ROUND('Anexo 15'!C15*'Anexo 5'!$D$10,0) -> 0 | D15: =ROUND('Anexo 15'!D15*'Anexo 5'!$D$10,0) -> 0 | E15: =ROUND('Anexo 15'!E15*'Anexo 5'!$D$10,0) -> 0 | F15: =ROUND('Anexo 15'!F15*'Anexo 5'!$D$10,0) -> 0 | G15: =ROUND('Anexo 15'!G15*'Anexo 5'!$D$10,0) -> 0 | H15: =ROUND('Anexo 15'!H15*'Anexo 5'!$D$10,0) -> 0 | I15: =ROUND('Anexo 15'!I15*'Anexo 5'!$D$10,0) -> 0 | J15: =ROUND('Anexo 15'!J15*'Anexo 5'!$D$10,0) -> 0 | ... Z15: =ROUND('Anexo 15'!Z15*'Anexo 5'!$D$10,0) -> 0 | AA15: =SUM(C15:Z15) -> 0 | AB15: 20 | AC15: =+AA15*AB15+AA16*AB16+AA17*AB17 -> 0
B16: S | C16: =ROUND('Anexo 15'!C16*'Anexo 5'!$D$10,0) -> 0 | D16: =ROUND('Anexo 15'!D16*'Anexo 5'!$D$10,0) -> 0 | E16: =ROUND('Anexo 15'!E16*'Anexo 5'!$D$10,0) -> 0 | F16: =ROUND('Anexo 15'!F16*'Anexo 5'!$D$10,0) -> 0 | G16: =ROUND('Anexo 15'!G16*'Anexo 5'!$D$10,0) -> 0 | H16: =ROUND('Anexo 15'!H16*'Anexo 5'!$D$10,0) -> 0 | I16: =ROUND('Anexo 15'!I16*'Anexo 5'!$D$10,0) -> 0 | J16: =ROUND('Anexo 15'!J16*'Anexo 5'!$D$10,0) -> 0 | ... Z16: =ROUND('Anexo 15'!Z16*'Anexo 5'!$D$10,0) -> 0 | AA16: =SUM(C16:Z16) -> 0 | AB16: 4
B17: F | C17: =ROUND('Anexo 15'!C17*'Anexo 5'!$D$10,0) -> 0 | D17: =ROUND('Anexo 15'!D17*'Anexo 5'!$D$10,0) -> 0 | E17: =ROUND('Anexo 15'!E17*'Anexo 5'!$D$10,0) -> 0 | F17: =ROUND('Anexo 15'!F17*'Anexo 5'!$D$10,0) -> 0 | G17: =ROUND('Anexo 15'!G17*'Anexo 5'!$D$10,0) -> 0 | H17: =ROUND('Anexo 15'!H17*'Anexo 5'!$D$10,0) -> 0 | I17: =ROUND('Anexo 15'!I17*'Anexo 5'!$D$10,0) -> 0 | J17: =ROUND('Anexo 15'!J17*'Anexo 5'!$D$10,0) -> 0 | ... Z17: =ROUND('Anexo 15'!Z17*'Anexo 5'!$D$10,0) -> 0 | AA17: =SUM(C17:Z17) -> 0 | AB17: 6
A18: 47604 | B18: O | C18: =ROUND('Anexo 15'!C18*'Anexo 5'!$D$10,0) -> 0 | D18: =ROUND('Anexo 15'!D18*'Anexo 5'!$D$10,0) -> 0 | E18: =ROUND('Anexo 15'!E18*'Anexo 5'!$D$10,0) -> 0 | F18: =ROUND('Anexo 15'!F18*'Anexo 5'!$D$10,0) -> 0 | G18: =ROUND('Anexo 15'!G18*'Anexo 5'!$D$10,0) -> 0 | H18: =ROUND('Anexo 15'!H18*'Anexo 5'!$D$10,0) -> 0 | I18: =ROUND('Anexo 15'!I18*'Anexo 5'!$D$10,0) -> 0 | J18: =ROUND('Anexo 15'!J18*'Anexo 5'!$D$10,0) -> 0 | ... Z18: =ROUND('Anexo 15'!Z18*'Anexo 5'!$D$10,0) -> 0 | AA18: =SUM(C18:Z18) -> 0 | AB18: 22 | AC18: =+AA18*AB18+AA19*AB19+AA20*AB20 -> 0
B19: S | C19: =ROUND('Anexo 15'!C19*'Anexo 5'!$D$10,0) -> 0 | D19: =ROUND('Anexo 15'!D19*'Anexo 5'!$D$10,0) -> 0 | E19: =ROUND('Anexo 15'!E19*'Anexo 5'!$D$10,0) -> 0 | F19: =ROUND('Anexo 15'!F19*'Anexo 5'!$D$10,0) -> 0 | G19: =ROUND('Anexo 15'!G19*'Anexo 5'!$D$10,0) -> 0 | H19: =ROUND('Anexo 15'!H19*'Anexo 5'!$D$10,0) -> 0 | I19: =ROUND('Anexo 15'!I19*'Anexo 5'!$D$10,0) -> 0 | J19: =ROUND('Anexo 15'!J19*'Anexo 5'!$D$10,0) -> 0 | ... Z19: =ROUND('Anexo 15'!Z19*'Anexo 5'!$D$10,0) -> 0 | AA19: =SUM(C19:Z19) -> 0 | AB19: 4
B20: F | C20: =ROUND('Anexo 15'!C20*'Anexo 5'!$D$10,0) -> 0 | D20: =ROUND('Anexo 15'!D20*'Anexo 5'!$D$10,0) -> 0 | E20: =ROUND('Anexo 15'!E20*'Anexo 5'!$D$10,0) -> 0 | F20: =ROUND('Anexo 15'!F20*'Anexo 5'!$D$10,0) -> 0 | G20: =ROUND('Anexo 15'!G20*'Anexo 5'!$D$10,0) -> 0 | H20: =ROUND('Anexo 15'!H20*'Anexo 5'!$D$10,0) -> 0 | I20: =ROUND('Anexo 15'!I20*'Anexo 5'!$D$10,0) -> 0 | J20: =ROUND('Anexo 15'!J20*'Anexo 5'!$D$10,0) -> 0 | ... Z20: =ROUND('Anexo 15'!Z20*'Anexo 5'!$D$10,0) -> 0 | AA20: =SUM(C20:Z20) -> 0 | AB20: 5
A21: 47635 | B21: O | C21: =ROUND('Anexo 15'!C21*'Anexo 5'!$D$10,0) -> 0 | D21: =ROUND('Anexo 15'!D21*'Anexo 5'!$D$10,0) -> 0 | E21: =ROUND('Anexo 15'!E21*'Anexo 5'!$D$10,0) -> 0 | F21: =ROUND('Anexo 15'!F21*'Anexo 5'!$D$10,0) -> 0 | G21: =ROUND('Anexo 15'!G21*'Anexo 5'!$D$10,0) -> 0 | H21: =ROUND('Anexo 15'!H21*'Anexo 5'!$D$10,0) -> 0 | I21: =ROUND('Anexo 15'!I21*'Anexo 5'!$D$10,0) -> 0 | J21: =ROUND('Anexo 15'!J21*'Anexo 5'!$D$10,0) -> 0 | ... Z21: =ROUND('Anexo 15'!Z21*'Anexo 5'!$D$10,0) -> 0 | AA21: =SUM(C21:Z21) -> 0 | AB21: 18 | AC21: =+AA21*AB21+AA22*AB22+AA23*AB23 -> 0
B22: S | C22: =ROUND('Anexo 15'!C22*'Anexo 5'!$D$10,0) -> 0 | D22: =ROUND('Anexo 15'!D22*'Anexo 5'!$D$10,0) -> 0 | E22: =ROUND('Anexo 15'!E22*'Anexo 5'!$D$10,0) -> 0 | F22: =ROUND('Anexo 15'!F22*'Anexo 5'!$D$10,0) -> 0 | G22: =ROUND('Anexo 15'!G22*'Anexo 5'!$D$10,0) -> 0 | H22: =ROUND('Anexo 15'!H22*'Anexo 5'!$D$10,0) -> 0 | I22: =ROUND('Anexo 15'!I22*'Anexo 5'!$D$10,0) -> 0 | J22: =ROUND('Anexo 15'!J22*'Anexo 5'!$D$10,0) -> 0 | ... Z22: =ROUND('Anexo 15'!Z22*'Anexo 5'!$D$10,0) -> 0 | AA22: =SUM(C22:Z22) -> 0 | AB22: 5
B23: F | C23: =ROUND('Anexo 15'!C23*'Anexo 5'!$D$10,0) -> 0 | D23: =ROUND('Anexo 15'!D23*'Anexo 5'!$D$10,0) -> 0 | E23: =ROUND('Anexo 15'!E23*'Anexo 5'!$D$10,0) -> 0 | F23: =ROUND('Anexo 15'!F23*'Anexo 5'!$D$10,0) -> 0 | G23: =ROUND('Anexo 15'!G23*'Anexo 5'!$D$10,0) -> 0 | H23: =ROUND('Anexo 15'!H23*'Anexo 5'!$D$10,0) -> 0 | I23: =ROUND('Anexo 15'!I23*'Anexo 5'!$D$10,0) -> 0 | J23: =ROUND('Anexo 15'!J23*'Anexo 5'!$D$10,0) -> 0 | ... Z23: =ROUND('Anexo 15'!Z23*'Anexo 5'!$D$10,0) -> 0 | AA23: =SUM(C23:Z23) -> 0 | AB23: 7
A24: 47665 | B24: O | C24: =ROUND('Anexo 15'!C24*'Anexo 5'!$D$10,0) -> 0 | D24: =ROUND('Anexo 15'!D24*'Anexo 5'!$D$10,0) -> 0 | E24: =ROUND('Anexo 15'!E24*'Anexo 5'!$D$10,0) -> 0 | F24: =ROUND('Anexo 15'!F24*'Anexo 5'!$D$10,0) -> 0 | G24: =ROUND('Anexo 15'!G24*'Anexo 5'!$D$10,0) -> 0 | H24: =ROUND('Anexo 15'!H24*'Anexo 5'!$D$10,0) -> 0 | I24: =ROUND('Anexo 15'!I24*'Anexo 5'!$D$10,0) -> 0 | J24: =ROUND('Anexo 15'!J24*'Anexo 5'!$D$10,0) -> 0 | ... Z24: =ROUND('Anexo 15'!Z24*'Anexo 5'!$D$10,0) -> 0 | AA24: =SUM(C24:Z24) -> 0 | AB24: 22 | AC24: =+AA24*AB24+AA25*AB25+AA26*AB26 -> 0
B25: S | C25: =ROUND('Anexo 15'!C25*'Anexo 5'!$D$10,0) -> 0 | D25: =ROUND('Anexo 15'!D25*'Anexo 5'!$D$10,0) -> 0 | E25: =ROUND('Anexo 15'!E25*'Anexo 5'!$D$10,0) -> 0 | F25: =ROUND('Anexo 15'!F25*'Anexo 5'!$D$10,0) -> 0 | G25: =ROUND('Anexo 15'!G25*'Anexo 5'!$D$10,0) -> 0 | H25: =ROUND('Anexo 15'!H25*'Anexo 5'!$D$10,0) -> 0 | I25: =ROUND('Anexo 15'!I25*'Anexo 5'!$D$10,0) -> 0 | J25: =ROUND('Anexo 15'!J25*'Anexo 5'!$D$10,0) -> 0 | ... Z25: =ROUND('Anexo 15'!Z25*'Anexo 5'!$D$10,0) -> 0 | AA25: =SUM(C25:Z25) -> 0 | AB25: 3
B26: F | C26: =ROUND('Anexo 15'!C26*'Anexo 5'!$D$10,0) -> 0 | D26: =ROUND('Anexo 15'!D26*'Anexo 5'!$D$10,0) -> 0 | E26: =ROUND('Anexo 15'!E26*'Anexo 5'!$D$10,0) -> 0 | F26: =ROUND('Anexo 15'!F26*'Anexo 5'!$D$10,0) -> 0 | G26: =ROUND('Anexo 15'!G26*'Anexo 5'!$D$10,0) -> 0 | H26: =ROUND('Anexo 15'!H26*'Anexo 5'!$D$10,0) -> 0 | I26: =ROUND('Anexo 15'!I26*'Anexo 5'!$D$10,0) -> 0 | J26: =ROUND('Anexo 15'!J26*'Anexo 5'!$D$10,0) -> 0 | ... Z26: =ROUND('Anexo 15'!Z26*'Anexo 5'!$D$10,0) -> 0 | AA26: =SUM(C26:Z26) -> 0 | AB26: 6
A27: 47696 | B27: O | C27: =ROUND('Anexo 15'!C27*'Anexo 5'!$D$10,0) -> 0 | D27: =ROUND('Anexo 15'!D27*'Anexo 5'!$D$10,0) -> 0 | E27: =ROUND('Anexo 15'!E27*'Anexo 5'!$D$10,0) -> 0 | F27: =ROUND('Anexo 15'!F27*'Anexo 5'!$D$10,0) -> 0 | G27: =ROUND('Anexo 15'!G27*'Anexo 5'!$D$10,0) -> 0 | H27: =ROUND('Anexo 15'!H27*'Anexo 5'!$D$10,0) -> 0 | I27: =ROUND('Anexo 15'!I27*'Anexo 5'!$D$10,0) -> 0 | J27: =ROUND('Anexo 15'!J27*'Anexo 5'!$D$10,0) -> 0 | ... Z27: =ROUND('Anexo 15'!Z27*'Anexo 5'!$D$10,0) -> 0 | AA27: =SUM(C27:Z27) -> 0 | AB27: 20 | AC27: =+AA27*AB27+AA28*AB28+AA29*AB29 -> 0
B28: S | C28: =ROUND('Anexo 15'!C28*'Anexo 5'!$D$10,0) -> 0 | D28: =ROUND('Anexo 15'!D28*'Anexo 5'!$D$10,0) -> 0 | E28: =ROUND('Anexo 15'!E28*'Anexo 5'!$D$10,0) -> 0 | F28: =ROUND('Anexo 15'!F28*'Anexo 5'!$D$10,0) -> 0 | G28: =ROUND('Anexo 15'!G28*'Anexo 5'!$D$10,0) -> 0 | H28: =ROUND('Anexo 15'!H28*'Anexo 5'!$D$10,0) -> 0 | I28: =ROUND('Anexo 15'!I28*'Anexo 5'!$D$10,0) -> 0 | J28: =ROUND('Anexo 15'!J28*'Anexo 5'!$D$10,0) -> 0 | ... Z28: =ROUND('Anexo 15'!Z28*'Anexo 5'!$D$10,0) -> 0 | AA28: =SUM(C28:Z28) -> 0 | AB28: 5
B29: F | C29: =ROUND('Anexo 15'!C29*'Anexo 5'!$D$10,0) -> 0 | D29: =ROUND('Anexo 15'!D29*'Anexo 5'!$D$10,0) -> 0 | E29: =ROUND('Anexo 15'!E29*'Anexo 5'!$D$10,0) -> 0 | F29: =ROUND('Anexo 15'!F29*'Anexo 5'!$D$10,0) -> 0 | G29: =ROUND('Anexo 15'!G29*'Anexo 5'!$D$10,0) -> 0 | H29: =ROUND('Anexo 15'!H29*'Anexo 5'!$D$10,0) -> 0 | I29: =ROUND('Anexo 15'!I29*'Anexo 5'!$D$10,0) -> 0 | J29: =ROUND('Anexo 15'!J29*'Anexo 5'!$D$10,0) -> 0 | ... Z29: =ROUND('Anexo 15'!Z29*'Anexo 5'!$D$10,0) -> 0 | AA29: =SUM(C29:Z29) -> 0 | AB29: 6
A30: 47727 | B30: O | C30: =ROUND('Anexo 15'!C30*'Anexo 5'!$D$10,0) -> 0 | D30: =ROUND('Anexo 15'!D30*'Anexo 5'!$D$10,0) -> 0 | E30: =ROUND('Anexo 15'!E30*'Anexo 5'!$D$10,0) -> 0 | F30: =ROUND('Anexo 15'!F30*'Anexo 5'!$D$10,0) -> 0 | G30: =ROUND('Anexo 15'!G30*'Anexo 5'!$D$10,0) -> 0 | H30: =ROUND('Anexo 15'!H30*'Anexo 5'!$D$10,0) -> 0 | I30: =ROUND('Anexo 15'!I30*'Anexo 5'!$D$10,0) -> 0 | J30: =ROUND('Anexo 15'!J30*'Anexo 5'!$D$10,0) -> 0 | ... Z30: =ROUND('Anexo 15'!Z30*'Anexo 5'!$D$10,0) -> 0 | AA30: =SUM(C30:Z30) -> 0 | AB30: 21 | AC30: =+AA30*AB30+AA31*AB31+AA32*AB32 -> 0
B31: S | C31: =ROUND('Anexo 15'!C31*'Anexo 5'!$D$10,0) -> 0 | D31: =ROUND('Anexo 15'!D31*'Anexo 5'!$D$10,0) -> 0 | E31: =ROUND('Anexo 15'!E31*'Anexo 5'!$D$10,0) -> 0 | F31: =ROUND('Anexo 15'!F31*'Anexo 5'!$D$10,0) -> 0 | G31: =ROUND('Anexo 15'!G31*'Anexo 5'!$D$10,0) -> 0 | H31: =ROUND('Anexo 15'!H31*'Anexo 5'!$D$10,0) -> 0 | I31: =ROUND('Anexo 15'!I31*'Anexo 5'!$D$10,0) -> 0 | J31: =ROUND('Anexo 15'!J31*'Anexo 5'!$D$10,0) -> 0 | ... Z31: =ROUND('Anexo 15'!Z31*'Anexo 5'!$D$10,0) -> 0 | AA31: =SUM(C31:Z31) -> 0 | AB31: 4
B32: F | C32: =ROUND('Anexo 15'!C32*'Anexo 5'!$D$10,0) -> 0 | D32: =ROUND('Anexo 15'!D32*'Anexo 5'!$D$10,0) -> 0 | E32: =ROUND('Anexo 15'!E32*'Anexo 5'!$D$10,0) -> 0 | F32: =ROUND('Anexo 15'!F32*'Anexo 5'!$D$10,0) -> 0 | G32: =ROUND('Anexo 15'!G32*'Anexo 5'!$D$10,0) -> 0 | H32: =ROUND('Anexo 15'!H32*'Anexo 5'!$D$10,0) -> 0 | I32: =ROUND('Anexo 15'!I32*'Anexo 5'!$D$10,0) -> 0 | J32: =ROUND('Anexo 15'!J32*'Anexo 5'!$D$10,0) -> 0 | ... Z32: =ROUND('Anexo 15'!Z32*'Anexo 5'!$D$10,0) -> 0 | AA32: =SUM(C32:Z32) -> 0 | AB32: 5
A33: 47757 | B33: O | C33: =ROUND('Anexo 15'!C33*'Anexo 5'!$D$10,0) -> 0 | D33: =ROUND('Anexo 15'!D33*'Anexo 5'!$D$10,0) -> 0 | E33: =ROUND('Anexo 15'!E33*'Anexo 5'!$D$10,0) -> 0 | F33: =ROUND('Anexo 15'!F33*'Anexo 5'!$D$10,0) -> 0 | G33: =ROUND('Anexo 15'!G33*'Anexo 5'!$D$10,0) -> 0 | H33: =ROUND('Anexo 15'!H33*'Anexo 5'!$D$10,0) -> 0 | I33: =ROUND('Anexo 15'!I33*'Anexo 5'!$D$10,0) -> 0 | J33: =ROUND('Anexo 15'!J33*'Anexo 5'!$D$10,0) -> 0 | ... Z33: =ROUND('Anexo 15'!Z33*'Anexo 5'!$D$10,0) -> 0 | AA33: =SUM(C33:Z33) -> 0 | AB33: 22 | AC33: =+AA33*AB33+AA34*AB34+AA35*AB35 -> 0
B34: S | C34: =ROUND('Anexo 15'!C34*'Anexo 5'!$D$10,0) -> 0 | D34: =ROUND('Anexo 15'!D34*'Anexo 5'!$D$10,0) -> 0 | E34: =ROUND('Anexo 15'!E34*'Anexo 5'!$D$10,0) -> 0 | F34: =ROUND('Anexo 15'!F34*'Anexo 5'!$D$10,0) -> 0 | G34: =ROUND('Anexo 15'!G34*'Anexo 5'!$D$10,0) -> 0 | H34: =ROUND('Anexo 15'!H34*'Anexo 5'!$D$10,0) -> 0 | I34: =ROUND('Anexo 15'!I34*'Anexo 5'!$D$10,0) -> 0 | J34: =ROUND('Anexo 15'!J34*'Anexo 5'!$D$10,0) -> 0 | ... Z34: =ROUND('Anexo 15'!Z34*'Anexo 5'!$D$10,0) -> 0 | AA34: =SUM(C34:Z34) -> 0 | AB34: 4
B35: F | C35: =ROUND('Anexo 15'!C35*'Anexo 5'!$D$10,0) -> 0 | D35: =ROUND('Anexo 15'!D35*'Anexo 5'!$D$10,0) -> 0 | E35: =ROUND('Anexo 15'!E35*'Anexo 5'!$D$10,0) -> 0 | F35: =ROUND('Anexo 15'!F35*'Anexo 5'!$D$10,0) -> 0 | G35: =ROUND('Anexo 15'!G35*'Anexo 5'!$D$10,0) -> 0 | H35: =ROUND('Anexo 15'!H35*'Anexo 5'!$D$10,0) -> 0 | I35: =ROUND('Anexo 15'!I35*'Anexo 5'!$D$10,0) -> 0 | J35: =ROUND('Anexo 15'!J35*'Anexo 5'!$D$10,0) -> 0 | ... Z35: =ROUND('Anexo 15'!Z35*'Anexo 5'!$D$10,0) -> 0 | AA35: =SUM(C35:Z35) -> 0 | AB35: 5
A36: 47788 | B36: O | C36: =ROUND('Anexo 15'!C36*'Anexo 5'!$D$10,0) -> 0 | D36: =ROUND('Anexo 15'!D36*'Anexo 5'!$D$10,0) -> 0 | E36: =ROUND('Anexo 15'!E36*'Anexo 5'!$D$10,0) -> 0 | F36: =ROUND('Anexo 15'!F36*'Anexo 5'!$D$10,0) -> 0 | G36: =ROUND('Anexo 15'!G36*'Anexo 5'!$D$10,0) -> 0 | H36: =ROUND('Anexo 15'!H36*'Anexo 5'!$D$10,0) -> 0 | I36: =ROUND('Anexo 15'!I36*'Anexo 5'!$D$10,0) -> 0 | J36: =ROUND('Anexo 15'!J36*'Anexo 5'!$D$10,0) -> 0 | ... Z36: =ROUND('Anexo 15'!Z36*'Anexo 5'!$D$10,0) -> 0 | AA36: =SUM(C36:Z36) -> 0 | AB36: 19 | AC36: =+AA36*AB36+AA37*AB37+AA38*AB38 -> 0
B37: S | C37: =ROUND('Anexo 15'!C37*'Anexo 5'!$D$10,0) -> 0 | D37: =ROUND('Anexo 15'!D37*'Anexo 5'!$D$10,0) -> 0 | E37: =ROUND('Anexo 15'!E37*'Anexo 5'!$D$10,0) -> 0 | F37: =ROUND('Anexo 15'!F37*'Anexo 5'!$D$10,0) -> 0 | G37: =ROUND('Anexo 15'!G37*'Anexo 5'!$D$10,0) -> 0 | H37: =ROUND('Anexo 15'!H37*'Anexo 5'!$D$10,0) -> 0 | I37: =ROUND('Anexo 15'!I37*'Anexo 5'!$D$10,0) -> 0 | J37: =ROUND('Anexo 15'!J37*'Anexo 5'!$D$10,0) -> 0 | ... Z37: =ROUND('Anexo 15'!Z37*'Anexo 5'!$D$10,0) -> 0 | AA37: =SUM(C37:Z37) -> 0 | AB37: 5
B38: F | C38: =ROUND('Anexo 15'!C38*'Anexo 5'!$D$10,0) -> 0 | D38: =ROUND('Anexo 15'!D38*'Anexo 5'!$D$10,0) -> 0 | E38: =ROUND('Anexo 15'!E38*'Anexo 5'!$D$10,0) -> 0 | F38: =ROUND('Anexo 15'!F38*'Anexo 5'!$D$10,0) -> 0 | G38: =ROUND('Anexo 15'!G38*'Anexo 5'!$D$10,0) -> 0 | H38: =ROUND('Anexo 15'!H38*'Anexo 5'!$D$10,0) -> 0 | I38: =ROUND('Anexo 15'!I38*'Anexo 5'!$D$10,0) -> 0 | J38: =ROUND('Anexo 15'!J38*'Anexo 5'!$D$10,0) -> 0 | ... Z38: =ROUND('Anexo 15'!Z38*'Anexo 5'!$D$10,0) -> 0 | AA38: =SUM(C38:Z38) -> 0 | AB38: 6
A39: 47818 | B39: O | C39: =ROUND('Anexo 15'!C39*'Anexo 5'!$D$10,0) -> 0 | D39: =ROUND('Anexo 15'!D39*'Anexo 5'!$D$10,0) -> 0 | E39: =ROUND('Anexo 15'!E39*'Anexo 5'!$D$10,0) -> 0 | F39: =ROUND('Anexo 15'!F39*'Anexo 5'!$D$10,0) -> 0 | G39: =ROUND('Anexo 15'!G39*'Anexo 5'!$D$10,0) -> 0 | H39: =ROUND('Anexo 15'!H39*'Anexo 5'!$D$10,0) -> 0 | I39: =ROUND('Anexo 15'!I39*'Anexo 5'!$D$10,0) -> 0 | J39: =ROUND('Anexo 15'!J39*'Anexo 5'!$D$10,0) -> 0 | ... Z39: =ROUND('Anexo 15'!Z39*'Anexo 5'!$D$10,0) -> 0 | AA39: =SUM(C39:Z39) -> 0 | AB39: 21 | AC39: =+AA39*AB39+AA40*AB40+AA41*AB41 -> 0
B40: S | C40: =ROUND('Anexo 15'!C40*'Anexo 5'!$D$10,0) -> 0 | D40: =ROUND('Anexo 15'!D40*'Anexo 5'!$D$10,0) -> 0 | E40: =ROUND('Anexo 15'!E40*'Anexo 5'!$D$10,0) -> 0 | F40: =ROUND('Anexo 15'!F40*'Anexo 5'!$D$10,0) -> 0 | G40: =ROUND('Anexo 15'!G40*'Anexo 5'!$D$10,0) -> 0 | H40: =ROUND('Anexo 15'!H40*'Anexo 5'!$D$10,0) -> 0 | I40: =ROUND('Anexo 15'!I40*'Anexo 5'!$D$10,0) -> 0 | J40: =ROUND('Anexo 15'!J40*'Anexo 5'!$D$10,0) -> 0 | ... Z40: =ROUND('Anexo 15'!Z40*'Anexo 5'!$D$10,0) -> 0 | AA40: =SUM(C40:Z40) -> 0 | AB40: 4
B41: F | C41: =ROUND('Anexo 15'!C41*'Anexo 5'!$D$10,0) -> 0 | D41: =ROUND('Anexo 15'!D41*'Anexo 5'!$D$10,0) -> 0 | E41: =ROUND('Anexo 15'!E41*'Anexo 5'!$D$10,0) -> 0 | F41: =ROUND('Anexo 15'!F41*'Anexo 5'!$D$10,0) -> 0 | G41: =ROUND('Anexo 15'!G41*'Anexo 5'!$D$10,0) -> 0 | H41: =ROUND('Anexo 15'!H41*'Anexo 5'!$D$10,0) -> 0 | I41: =ROUND('Anexo 15'!I41*'Anexo 5'!$D$10,0) -> 0 | J41: =ROUND('Anexo 15'!J41*'Anexo 5'!$D$10,0) -> 0 | ... Z41: =ROUND('Anexo 15'!Z41*'Anexo 5'!$D$10,0) -> 0 | AA41: =SUM(C41:Z41) -> 0 | AB41: 6
A42: TOTAL AÑO | C42: =+SUM(C6:C41) -> 0 | D42: =+SUM(D6:D41) -> 0 | E42: =+SUM(E6:E41) -> 0 | F42: =+SUM(F6:F41) -> 0 | G42: =+SUM(G6:G41) -> 0 | H42: =+SUM(H6:H41) -> 0 | I42: =+SUM(I6:I41) -> 0 | J42: =+SUM(J6:J41) -> 0 | ... AC42: =+SUM(AC6:AC41) -> 0

Sheet Anexo 6
B3: ANEXO No 6 - PRODUCTO No. 6 CURVA
B4: PAGUE LO CONTRATADO AÑO 2031
B5: PRECIO OFERTADO EN $ / kWh DE ABRIL DE 2025
B8: MES | C8: ENERGIA SOLICITADA kWh/MES | D8: % OFERTADO ANUAL | E8: ENERGIA OFERTADA kWh/MES | F8: PRECIO OFERTADO ANUAL $/kWh
A10: 31 | B10: 47849 | C10: =+'Anexo 16'!AC6 -> 42038164 | E10: =+'Cantidades Ofertadas Prod 6'!AC6 -> 0
A11: 29 | B11: 47880 | C11: =+'Anexo 16'!AC9 -> 38707004 | E11: =+'Cantidades Ofertadas Prod 6'!AC9 -> 0
A12: 31 | B12: 47908 | C12: =+'Anexo 16'!AC12 -> 41666135 | E12: =+'Cantidades Ofertadas Prod 6'!AC12 -> 0
A13: 30 | B13: 47939 | C13: =+'Anexo 16'!AC15 -> 39420724 | E13: =+'Cantidades Ofertadas Prod 6'!AC15 -> 0
A14: 31 | B14: 47969 | C14: =+'Anexo 16'!AC18 -> 41008145 | E14: =+'Cantidades Ofertadas Prod 6'!AC18 -> 0
A15: 30 | B15: 48000 | C15: =+'Anexo 16'!AC21 -> 39583498 | E15: =+'Cantidades Ofertadas Prod 6'!AC21 -> 0
A16: 31 | B16: 48030 | C16: =+'Anexo 16'!AC24 -> 42163324 | E16: =+'Cantidades Ofertadas Prod 6'!AC24 -> 0
A17: 31 | B17: 48061 | C17: =+'Anexo 16'!AC27 -> 42671591 | E17: =+'Cantidades Ofertadas Prod 6'!AC27 -> 0
A18: 30 | B18: 48092 | C18: =+'Anexo 16'!AC30 -> 42069540 | E18: =+'Cantidades Ofertadas Prod 6'!AC30 -> 0
A19: 31 | B19: 48122 | C19: =+'Anexo 16'!AC33 -> 41623686 | E19: =+'Cantidades Ofertadas Prod 6'!AC33 -> 0
A20: 30 | B20: 48153 | C20: =+'Anexo 16'!AC36 -> 39396304 | E20: =+'Cantidades Ofertadas Prod 6'!AC36 -> 0
A21: 31 | B21: 48183 | C21: =+'Anexo 16'!AC39 -> 42424899 | E21: =+'Cantidades Ofertadas Prod 6'!AC39 -> 0
B22: TOTAL | C22: =+SUM(C10:C21) -> 492773014 | E22: =SUM(E10:E21) -> 0 | F22: =+F10 -> 0
B24: *Solo se debe ingresar valores en las celdas en color Naranja
B25: * Se debe ofertar un unico % para todos los meses del año.
B26: * Los % ofertados se aplicaran a las curvas de carga de la hoja "Anexo 16".
B27: * La energia ofertada se calcula de manera automatica en la hoja "Cantidades Ofertadas Prod6"
B28: * Se debe ofertar un unico precio por producto.
B29: * Para ofertas planas se debe diligenciar el anexo 6A, con un tope horario de 56.252 kWh
H30: =+C30-G30 -> 0
H31: =+C31-G31 -> 0
H32: =+C32-G32 -> 0
B33: ____________________________________________
B34: Firma del Representante Legal
B35: o Apoderado General (Responsable del negocio)

Sheet Anexo 6A
B3: ANEXO No 6A - PRODUCTO No. 6 - OFERTA PLANA
B4: PAGUE LO CONTRATADO AÑO 2031
B5: PRECIO OFERTADO EN $ / kWh DE ABRIL DE 2025
B8: MES | C8: ENERGIA MAXIMA A OFERTAR kWh/MES | D8: kWh OFERTADO | E8: ENERGIA OFERTADA kWh/MES | F8: PRECIO OFERTADO ANUAL $/kWh
A9: 56252
A10: 31 | B10: 47849 | C10: =+$A$9*A10*24 -> 41851488 | E10: =+$D$10*A10*24 -> 0
A11: 28 | B11: 47880 | C11: =+$A$9*A11*24 -> 37801344 | E11: =+$D$10*A11*24 -> 0
A12: 31 | B12: 47908 | C12: =+$A$9*A12*24 -> 41851488 | E12: =+$D$10*A12*24 -> 0
A13: 30 | B13: 47939 | C13: =+$A$9*A13*24 -> 40501440 | E13: =+$D$10*A13*24 -> 0
A14: 31 | B14: 47969 | C14: =+$A$9*A14*24 -> 41851488 | E14: =+$D$10*A14*24 -> 0
A15: 30 | B15: 48000 | C15: =+$A$9*A15*24 -> 40501440 | E15: =+$D$10*A15*24 -> 0
A16: 31 | B16: 48030 | C16: =+$A$9*A16*24 -> 41851488 | E16: =+$D$10*A16*24 -> 0
A17: 31 | B17: 48061 | C17: =+$A$9*A17*24 -> 41851488 | E17: =+$D$10*A17*24 -> 0
A18: 30 | B18: 48092 | C18: =+$A$9*A18*24 -> 40501440 | E18: =+$D$10*A18*24 -> 0
A19: 31 | B19: 48122 | C19: =+$A$9*A19*24 -> 41851488 | E19: =+$D$10*A19*24 -> 0
A20: 30 | B20: 48153 | C20: =+$A$9*A20*24 -> 40501440 | E20: =+$D$10*A20*24 -> 0
A21: 31 | B21: 48183 | C21: =+$A$9*A21*24 -> 41851488 | E21: =+$D$10*A21*24 -> 0
B22: TOTAL | C22: =+SUM(C10:C21) -> 492767520 | E22: =SUM(E10:E21) -> 0 | F22: =+F10 -> 0
B23: *Solo se debe ingresar valores en las celdas en color Naranja
B24: * Se debe oferta un valor de kWh el cual se aplica para todas las horas del año, con un tope horario de 56.252 kWh
B25: * Se debe ofertar un unico precio por producto.
B26: * A las ofertas planas al momento de la evaluación se le adicionarán 5 $/kWh al precio ofertado; con el fin de hacerlas comparables con las Ofertas que siguen la curva
B29: ____________________________________________
B30: Firma del Representante Legal
B31: o Apoderado General (Responsable del negocio)

Sheet Anexo 16
A1: CURVAS REQUERIDAS PRODUCTO 6 AÑO 2031 MODALIDAD PAGUE LO CONTRATADO - kWh
A4: Periodo | B4: Tipo de día | C4: H01 | D4: H02 | E4: H03 | F4: H04 | G4: H05 | H4: H06 | I4: H07 | J4: H08 | K4: H09 | L4: H10 | M4: H11 | N4: H12 | O4: H13 | P4: H14 | Q4: H15 | R4: H16 | S4: H17 | T4: H18 | U4: H19 | V4: H20 | W4: H21 | X4: H22 | Y4: H23 | Z4: H24 | AA4: TOTAL DÍA | AB4: Días/ | AC4: TOTAL MES
AB5: mes
A6: 47849 | B6: O | C6: 45640 | D6: 43002 | E6: 41415 | F6: 40595 | G6: 41162 | H6: 43613 | I6: 45944 | J6: 50308 | K6: 55217 | L6: 58935 | M6: 62722 | N6: 66293 | O6: 65687 | P6: 65765 | Q6: 66861 | R6: 67071 | S6: 66303 | T6: 64867 | U6: 69634 | V6: 73605 | W6: 70936 | X6: 66254 | Y6: 58731 | Z6: 51132 | AA6: =SUM(C6:Z6) -> 1381692 | AB6: 21 | AC6: =+AA6*AB6+AA7*AB7+AA8*AB8 -> 42038164
