Workbook
Name Cuadro: #REF!

Sheet R-Producto 1
B2: ANEXO 4 - OFERTAS PRODUCTO 1
B3: NOMBRE DEL OFERENTE
B4: PRECIOS Y CANTIDADES DE ENERGÍA OFERTADA
B7: PRODUCTO 1
B8: AÑO | C8: MES | D8: PERIODO 2026-08-01 A 2036-12-31
D9: E. Solicitada [kWh] | E9: % E. Ofertado | F9: E. Ofertada [kWh] | G9: $/kWh
B10: =ROUNDDOWN((ROW()-10+7)/12,0)+2026 -> 2026 | C10: Ago | D10: =SUMIFS('Producto 1'!$AC:$AC,'Producto 1'!$A:$A,'R-Producto 1'!$B10,'Producto 1'!$B:$B,'R-Producto 1'!$C10) -> 448068.43 | F10: =D10*$E$10 -> 0
B11: =ROUNDDOWN((ROW()-10+7)/12,0)+2026 -> 2026 | C11: Sep | D11: =SUMIFS('Producto 1'!$AC:$AC,'Producto 1'!$A:$A,'R-Producto 1'!$B11,'Producto 1'!$B:$B,'R-Producto 1'!$C11) -> 441176.54 | F11: =D11*$E$10 -> 0
B12: =ROUNDDOWN((ROW()-10+7)/12,0)+2026 -> 2026 | C12: Oct | D12: =SUMIFS('Producto 1'!$AC:$AC,'Producto 1'!$A:$A,'R-Producto 1'!$B12,'Producto 1'!$B:$B,'R-Producto 1'!$C12) -> 453325.11 | F12: =D12*$E$10 -> 0
B13: =ROUNDDOWN((ROW()-10+7)/12,0)+2026 -> 2026 | C13: Nov | D13: =SUMIFS('Producto 1'!$AC:$AC,'Producto 1'!$A:$A,'R-Producto 1'!$B13,'Producto 1'!$B:$B,'R-Producto 1'!$C13) -> 435919.86 | F13: =D13*$E$10 -> 0
B14: =ROUNDDOWN((ROW()-10+7)/12,0)+2026 -> 2026 | C14: Dic | D14: =SUMIFS('Producto 1'!$AC:$AC,'Producto 1'!$A:$A,'R-Producto 1'!$B14,'Producto 1'!$B:$B,'R-Producto 1'!$C14) -> 457084.58 | F14: =D14*$E$10 -> 0
B15: =ROUNDDOWN((ROW()-10+7)/12,0)+2026 -> 2027 | C15: Ene | D15: =SUMIFS('Producto 1'!$AC:$AC,'Producto 1'!$A:$A,'R-Producto 1'!$B15,'Producto 1'!$B:$B,'R-Producto 1'!$C15) -> 448068.43 | F15: =D15*$E$10 -> 0
B16: =ROUNDDOWN((ROW()-10+7)/12,0)+2026 -> 2027 | C16: Feb | D16: =SUMIFS('Producto 1'!$AC:$AC,'Producto 1'!$A:$A,'R-Producto 1'!$B16,'Producto 1'!$B:$B,'R-Producto 1'!$C16) -> 409360.47 | F16: =D16*$E$10 -> 0
B17: =ROUNDDOWN((ROW()-10+7)/12,0)+2026 -> 2027 | C17: Mar | D17: =SUMIFS('Producto 1'!$AC:$AC,'Producto 1'!$A:$A,'R-Producto 1'!$B17,'Producto 1'!$B:$B,'R-Producto 1'!$C17) -> 457084.58 | F17: =D17*$E$10 -> 0
B18: =ROUNDDOWN((ROW()-10+7)/12,0)+2026 -> 2027 | C18: Abr | D18: =SUMIFS('Producto 1'!$AC:$AC,'Producto 1'!$A:$A,'R-Producto 1'!$B18,'Producto 1'!$B:$B,'R-Producto 1'!$C18) -> 441176.54 | F18: =D18*$E$10 -> 0
B19: =ROUNDDOWN((ROW()-10+7)/12,0)+2026 -> 2027 | C19: May | D19: =SUMIFS('Producto 1'!$AC:$AC,'Producto 1'!$A:$A,'R-Producto 1'!$B19,'Producto 1'!$B:$B,'R-Producto 1'!$C19) -> 448068.43 | F19: =D19*$E$10 -> 0
B20: =ROUNDDOWN((ROW()-10+7)/12,0)+2026 -> 2027 | C20: Jun | D20: =SUMIFS('Producto 1'!$AC:$AC,'Producto 1'!$A:$A,'R-Producto 1'!$B20,'Producto 1'!$B:$B,'R-Producto 1'!$C20) -> 441176.54 | F20: =D20*$E$10 -> 0
B21: =ROUNDDOWN((ROW()-10+7)/12,0)+2026 -> 2027 | C21: Jul | D21: =SUMIFS('Producto 1'!$AC:$AC,'Producto 1'!$A:$A,'R-Producto 1'!$B21,'Producto 1'!$B:$B,'R-Producto 1'!$C21) -> 453325.11 | F21: =D21*$E$10 -> 0
... B134: =ROUNDDOWN((ROW()-10+7)/12,0)+2026 -> 2036 | C134: Dic | D134: =SUMIFS('Producto 1'!$AC:$AC,'Producto 1'!$A:$A,'R-Producto 1'!$B134,'Producto 1'!$B:$B,'R-Producto 1'!$C134) -> 457084.58 | F134: =D134*$E$10 -> 0
C135: TOTAL PRODUCTO | D135: =SUM(D10:D134) -> 55641207 | F135: =D135*$E$10 -> 0
B137: - Por favor complete los campos naranja
B138: - El Tope Ofertado debe tener máximo dos decimales y corresponde al tope horario para cada hora del mes ofertado.
B139: - La tarifa ofertada debe tener dos decimales

Sheet Producto 1
B1: ANEXO 4 - CANTIDADES DE ENERGÍA ESTIMADAS EN kWh
B2: SOL & CIELO ENERGÍA SAS ESP
B3: PERIODO: DE 1 AGOSTO 2026 A 31 DICIEMBRE 2036
A5: Año | B5: Mes | C5: Dias\Horas | D5: HO1 | E5: HO2 | F5: HO3 | G5: HO4 | H5: HO5 | I5: HO6 | J5: HO7 | K5: HO8 | L5: HO9 | M5: H10 | N5: H11 | O5: H12 | P5: H13 | Q5: H14 | R5: H15 | S5: H16 | T5: H17 | U5: H18 | V5: H19 | W5: H20 | X5: H21 | Y5: H22 | Z5: H23 | AA5: H24 | AB5: N. Días | AC5: Total
A6: =ROUNDDOWN((ROW()-6+3*7)/(12*3),0)+2026 -> 2026 | B6: =PROPER(TEXT(DATEVALUE("1/"&MOD(ROUNDDOWN((ROW()-6+7*3)/3,0),12)+1&"/"&Tabla1[[#This Row],[Año]]),"mmm")) -> Ago | C6: =CHOOSE(MOD(ROW()-6,3)+1,"Hábil","Sábado","Domingo y Festivo") -> Hábil | D6: 777.23381 | E6: 747.80976 | F6: 722.91357 | G6: 698.02429 | H6: 691.64548 | I6: 710.39976 | J6: 735.9181 | K6: 722.64095 | L6: 637.61286 | M6: 406.39833 | N6: 277.80167 | O6: 285.09048 | P6: 123.77286 | Q6: 92.608333 | R6: 299.13643 | S6: 455.46952 | T6: 747.55857 | U6: 1079.5924 | V6: 1066.6105 | W6: 976.5219 | X6: 970.79452 | Y6: 956.94905 | Z6: 895.17119 | AA6: 830.36286 | AB6: 21 | AC6: =AB6*SUM(D6:AA6) -> 334068.78
A7: =ROUNDDOWN((ROW()-6+3*7)/(12*3),0)+2026 -> 2026 | B7: =PROPER(TEXT(DATEVALUE("1/"&MOD(ROUNDDOWN((ROW()-6+7*3)/3,0),12)+1&"/"&Tabla1[[#This Row],[Año]]),"mmm")) -> Ago | C7: =CHOOSE(MOD(ROW()-6,3)+1,"Hábil","Sábado","Domingo y Festivo") -> Sábado | D7: 813.79875 | E7: 785.5775 | F7: 753.28625 | G7: 734.605 | H7: 726.27 | I7: 712.55625 | J7: 640.93625 | K7: 409.8825 | L7: 287.9925 | M7: 105.765 | N7: 101.3975 | O7: 0 | P7: 0 | Q7: 0 | R7: 0 | S7: 40.31625 | T7: 258.25125 | U7: 607.15125 | V7: 858.05625 | W7: 898.06375 | X7: 894.5625 | Y7: 881.21 | Z7: 841.66875 | AA7: 797.2225 | AB7: 5 | AC7: =AB7*SUM(D7:AA7) -> 60742.85
A8: =ROUNDDOWN((ROW()-6+3*7)/(12*3),0)+2026 -> 2026 | B8: =PROPER(TEXT(DATEVALUE("1/"&MOD(ROUNDDOWN((ROW()-6+7*3)/3,0),12)+1&"/"&Tabla1[[#This Row],[Año]]),"mmm")) -> Ago | C8: =CHOOSE(MOD(ROW()-6,3)+1,"Hábil","Sábado","Domingo y Festivo") -> Domingo y Festivo | D8: 767.4075 | E8: 745.98 | F8: 728.80917 | G8: 709.7475 | H8: 701.08667 | I8: 679.6175 | J8: 568.16167 | K8: 161.14 | L8: 0 | M8: 0 | N8: 0 | O8: 0 | P8: 0 | Q8: 0 | R8: 0 | S8: 5.3475 | T8: 162.04417 | U8: 516.5025 | V8: 769.26167 | W8: 839.73333 | X8: 863.92333 | Y8: 861.945 | Z8: 812.425 | AA8: 758.22833 | AB8: 5 | AC8: =AB8*SUM(D8:AA8) -> 53256.804
A9: =ROUNDDOWN((ROW()-6+3*7)/(12*3),0)+2026 -> 2026 | B9: =PROPER(TEXT(DATEVALUE("1/"&MOD(ROUNDDOWN((ROW()-6+7*3)/3,0),12)+1&"/"&Tabla1[[#This Row],[Año]]),"mmm")) -> Sep | C9: =CHOOSE(MOD(ROW()-6,3)+1,"Hábil","Sábado","Domingo y Festivo") -> Hábil | D9: 777.23381 | E9: 747.80976 | F9: 722.91357 | G9: 698.02429 | H9: 691.64548 | I9: 710.39976 | J9: 735.9181 | K9: 722.64095 | L9: 637.61286 | M9: 406.39833 | N9: 277.80167 | O9: 285.09048 | P9: 123.77286 | Q9: 92.608333 | R9: 299.13643 | S9: 455.46952 | T9: 747.55857 | U9: 1079.5924 | V9: 1066.6105 | W9: 976.5219 | X9: 970.79452 | Y9: 956.94905 | Z9: 895.17119 | AA9: 830.36286 | AB9: 22 | AC9: =AB9*SUM(D9:AA9) -> 349976.82
A10: =ROUNDDOWN((ROW()-6+3*7)/(12*3),0)+2026 -> 2026 | B10: =PROPER(TEXT(DATEVALUE("1/"&MOD(ROUNDDOWN((ROW()-6+7*3)/3,0),12)+1&"/"&Tabla1[[#This Row],[Año]]),"mmm")) -> Sep | C10: =CHOOSE(MOD(ROW()-6,3)+1,"Hábil","Sábado","Domingo y Festivo") -> Sábado | D10: 813.79875 | E10: 785.5775 | F10: 753.28625 | G10: 734.605 | H10: 726.27 | I10: 712.55625 | J10: 640.93625 | K10: 409.8825 | L10: 287.9925 | M10: 105.765 | N10: 101.3975 | O10: 0 | P10: 0 | Q10: 0 | R10: 0 | S10: 40.31625 | T10: 258.25125 | U10: 607.15125 | V10: 858.05625 | W10: 898.06375 | X10: 894.5625 | Y10: 881.21 | Z10: 841.66875 | AA10: 797.2225 | AB10: 4 | AC10: =AB10*SUM(D10:AA10) -> 48594.28
A11: =ROUNDDOWN((ROW()-6+3*7)/(12*3),0)+2026 -> 2026 | B11: =PROPER(TEXT(DATEVALUE("1/"&MOD(ROUNDDOWN((ROW()-6+7*3)/3,0),12)+1&"/"&Tabla1[[#This Row],[Año]]),"mmm")) -> Sep | C11: =CHOOSE(MOD(ROW()-6,3)+1,"Hábil","Sábado","Domingo y Festivo") -> Domingo y Festivo | D11: 767.4075 | E11: 745.98 | F11: 728.80917 | G11: 709.7475 | H11: 701.08667 | I11: 679.6175 | J11: 568.16167 | K11: 161.14 | L11: 0 | M11: 0 | N11: 0 | O11: 0 | P11: 0 | Q11: 0 | R11: 0 | S11: 5.3475 | T11: 162.04417 | U11: 516.5025 | V11: 769.26167 | W11: 839.73333 | X11: 863.92333 | Y11: 861.945 | Z11: 812.425 | AA11: 758.22833 | AB11: 4 | AC11: =AB11*SUM(D11:AA11) -> 42605.443
A12: =ROUNDDOWN((ROW()-6+3*7)/(12*3),0)+2026 -> 2026 | B12: =PROPER(TEXT(DATEVALUE("1/"&MOD(ROUNDDOWN((ROW()-6+7*3)/3,0),12)+1&"/"&Tabla1[[#This Row],[Año]]),"mmm")) -> Oct | C12: =CHOOSE(MOD(ROW()-6,3)+1,"Hábil","Sábado","Domingo y Festivo") -> Hábil | D12: 777.23381 | E12: 747.80976 | F12: 722.91357 | G12: 698.02429 | H12: 691.64548 | I12: 710.39976 | J12: 735.9181 | K12: 722.64095 | L12: 637.61286 | M12: 406.39833 | N12: 277.80167 | O12: 285.09048 | P12: 123.77286 | Q12: 92.608333 | R12: 299.13643 | S12: 455.46952 | T12: 747.55857 | U12: 1079.5924 | V12: 1066.6105 | W12: 976.5219 | X12: 970.79452 | Y12: 956.94905 | Z12: 895.17119 | AA12: 830.36286 | AB12: 22 | AC12: =AB12*SUM(D12:AA12) -> 349976.82
A13: =ROUNDDOWN((ROW()-6+3*7)/(12*3),0)+2026 -> 2026 | B13: =PROPER(TEXT(DATEVALUE("1/"&MOD(ROUNDDOWN((ROW()-6+7*3)/3,0),12)+1&"/"&Tabla1[[#This Row],[Año]]),"mmm")) -> Oct | C13: =CHOOSE(MOD(ROW()-6,3)+1,"Hábil","Sábado","Domingo y Festivo") -> Sábado | D13: 813.79875 | E13: 785.5775 | F13: 753.28625 | G13: 734.605 | H13: 726.27 | I13: 712.55625 | J13: 640.93625 | K13: 409.8825 | L13: 287.9925 | M13: 105.765 | N13: 101.3975 | O13: 0 | P13: 0 | Q13: 0 | R13: 0 | S13: 40.31625 | T13: 258.25125 | U13: 607.15125 | V13: 858.05625 | W13: 898.06375 | X13: 894.5625 | Y13: 881.21 | Z13: 841.66875 | AA13: 797.2225 | AB13: 5 | AC13: =AB13*SUM(D13:AA13) -> 60742.85
A14: =ROUNDDOWN((ROW()-6+3*7)/(12*3),0)+2026 -> 2026 | B14: =PROPER(TEXT(DATEVALUE("1/"&MOD(ROUNDDOWN((ROW()-6+7*3)/3,0),12)+1&"/"&Tabla1[[#This Row],[Año]]),"mmm")) -> Oct | C14: =CHOOSE(MOD(ROW()-6,3)+1,"Hábil","Sábado","Domingo y Festivo") -> Domingo y Festivo | D14: 767.4075 | E14: 745.98 | F14: 728.80917 | G14: 709.7475 | H14: 701.08667 | I14: 679.6175 | J14: 568.16167 | K14: 161.14 | L14: 0 | M14: 0 | N14: 0 | O14: 0 | P14: 0 | Q14: 0 | R14: 0 | S14: 5.3475 | T14: 162.04417 | U14: 516.5025 | V14: 769.26167 | W14: 839.73333 | X14: 863.92333 | Y14: 861.945 | Z14: 812.425 | AA14: 758.22833 | AB14: 4 | AC14: =AB14*SUM(D14:AA14) -> 42605.443
A15: =ROUNDDOWN((ROW()-6+3*7)/(12*3),0)+2026 -> 2026 | B15: =PROPER(TEXT(DATEVALUE("1/"&MOD(ROUNDDOWN((ROW()-6+7*3)/3,0),12)+1&"/"&Tabla1[[#This Row],[Año]]),"mmm")) -> Nov | C15: =CHOOSE(MOD(ROW()-6,3)+1,"Hábil","Sábado","Domingo y Festivo") -> Hábil | D15: 777.23381 | E15: 747.80976 | F15: 722.91357 | G15: 698.02429 | H15: 691.64548 | I15: 710.39976 | J15: 735.9181 | K15: 722.64095 | L15: 637.61286 | M15: 406.39833 | N15: 277.80167 | O15: 285.09048 | P15: 123.77286 | Q15: 92.608333 | R15: 299.13643 | S15: 455.46952 | T15: 747.55857 | U15: 1079.5924 | V15: 1066.6105 | W15: 976.5219 | X15: 970.79452 | Y15: 956.94905 | Z15: 895.17119 | AA15: 830.36286 | AB15: 21 | AC15: =AB15*SUM(D15:AA15) -> 334068.78
A16: =ROUNDDOWN((ROW()-6+3*7)/(12*3),0)+2026 -> 2026 | B16: =PROPER(TEXT(DATEVALUE("1/"&MOD(ROUNDDOWN((ROW()-6+7*3)/3,0),12)+1&"/"&Tabla1[[#This Row],[Año]]),"mmm")) -> Nov | C16: =CHOOSE(MOD(ROW()-6,3)+1,"Hábil","Sábado","Domingo y Festivo") -> Sábado | D16: 813.79875 | E16: 785.5775 | F16: 753.28625 | G16: 734.605 | H16: 726.27 | I16: 712.55625 | J16: 640.93625 | K16: 409.8825 | L16: 287.9925 | M16: 105.765 | N16: 101.3975 | O16: 0 | P16: 0 | Q16: 0 | R16: 0 | S16: 40.31625 | T16: 258.25125 | U16: 607.15125 | V16: 858.05625 | W16: 898.06375 | X16: 894.5625 | Y16: 881.21 | Z16: 841.66875 | AA16: 797.2225 | AB16: 4 | AC16: =AB16*SUM(D16:AA16) -> 48594.28
A17: =ROUNDDOWN((ROW()-6+3*7)/(12*3),0)+2026 -> 2026 | B17: =PROPER(TEXT(DATEVALUE("1/"&MOD(ROUNDDOWN((ROW()-6+7*3)/3,0),12)+1&"/"&Tabla1[[#This Row],[Año]]),"mmm")) -> Nov | C17: =CHOOSE(MOD(ROW()-6,3)+1,"Hábil","Sábado","Domingo y Festivo") -> Domingo y Festivo | D17: 767.4075 | E17: 745.98 | F17: 728.80917 | G17: 709.7475 | H17: 701.08667 | I17: 679.6175 | J17: 568.16167 | K17: 161.14 | L17: 0 | M17: 0 | N17: 0 | O17: 0 | P17: 0 | Q17: 0 | R17: 0 | S17: 5.3475 | T17: 162.04417 | U17: 516.5025 | V17: 769.26167 | W17: 839.73333 | X17: 863.92333 | Y17: 861.945 | Z17: 812.425 | AA17: 758.22833 | AB17: 5 | AC17: =AB17*SUM(D17:AA17) -> 53256.804
... A380: =ROUNDDOWN((ROW()-6+3*7)/(12*3),0)+2026 -> 2036 | B380: =PROPER(TEXT(DATEVALUE("1/"&MOD(ROUNDDOWN((ROW()-6+7*3)/3,0),12)+1&"/"&Tabla1[[#This Row],[Año]]),"mmm")) -> Dic | C380: =CHOOSE(MOD(ROW()-6,3)+1,"Hábil","Sábado","Domingo y Festivo") -> Domingo y Festivo | D380: 767.4075 | E380: 745.98 | F380: 728.80917 | G380: 709.7475 | H380: 701.08667 | I380: 679.6175 | J380: 568.16167 | K380: 161.14 | L380: 0 | M380: 0 | N380: 0 | O380: 0 | P380: 0 | Q380: 0 | R380: 0 | S380: 5.3475 | T380: 162.04417 | U380: 516.5025 | V380: 769.26167 | W380: 839.73333 | X380: 863.92333 | Y380: 861.945 | Z380: 812.425 | AA380: 758.22833 | AB380: 4 | AC380: =AB380*SUM(D380:AA380) -> 42605.443
