Workbook

Sheet Producto 1 Curvo 26
B2: ANEXO 1 - CANTIDADES DE ENERGÍA SOLICITADA EN kWh
B3: PRODUCTO 1
B4: PERIODO 17 DE DICIEMBRE DEL 2026 A DICIEMBRE 31 DE 2026
C5: DIA | D5: 1 | E5: 2 | F5: 3 | G5: 4 | H5: 5 | I5: 6 | J5: 7 | K5: 8 | L5: 9 | M5: 10 | N5: 11 | O5: 12 | P5: 13 | Q5: 14 | R5: 15 | S5: 16 | T5: 17 | U5: 18 | V5: 19 | W5: 20 | X5: 21 | Y5: 22 | Z5: 23 | AA5: 24 | AB5: Total | AC5: No. DÍAS | AD5: Total
B6: 46357 | C6: Hábil | D6: 7544.62 | E6: 5596.86 | F6: 4545.31 | G6: 3638.53 | H6: 5747.3 | I6: 12681.99 | J6: 27001.49 | K6: 40694.8 | L6: 44307.81 | M6: 45326.18 | N6: 46600.81 | O6: 45768.42 | P6: 44330.02 | Q6: 46719.14 | R6: 48812.01 | S6: 49328.16 | T6: 47671.76 | U6: 41072.5 | V6: 38634.81 | W6: 35694.17 | X6: 32083.57 | Y6: 26954.57 | Z6: 20815.97 | AA6: 17300.22 | AB6: =(SUM(D6:AA6)) -> 738871.02 | AC6: 10 | AD6: =(AB6*AC6)+(AB7*AC7)+(AB8*AC8)+(AB9*AC9) -> 8849115.2
C7: Sábado | D7: 13625.89 | E7: 11346.42 | F7: 9562.85 | G7: 8092.43 | H7: 9134.89 | I7: 11801.18 | J7: 21002.44 | K7: 29333.34 | L7: 32516.56 | M7: 34405.49 | N7: 37379.91 | O7: 34503.32 | P7: 29255.14 | Q7: 27623.59 | R7: 27503.89 | S7: 28658.7 | T7: 29305.25 | U7: 33657.29 | V7: 32908.2 | W7: 30806.03 | X7: 25188.57 | Y7: 18995.38 | Z7: 13699.61 | AA7: 10716.04 | AB7: =(SUM(D7:AA7)) -> 561022.41 | AC7: 2
C8: Domingo | D8: 4517.54 | E8: 2539.53 | F8: 558.65 | G8: 0 | H8: 0 | I8: 0 | J8: 0 | K8: 0 | L8: 0 | M8: 0 | N8: 869.17 | O8: 1811.63 | P8: 1865.16 | Q8: 2174.56 | R8: 2125.49 | S8: 5703.51 | T8: 7500.07 | U8: 13363.71 | V8: 14363.03 | W8: 13368.92 | X8: 11015.23 | Y8: 6962.63 | Z8: 4091.3 | AA8: 1642.79 | AB8: =(SUM(D8:AA8)) -> 94472.92 | AC8: 2
C9: Festivo | D9: 2095.24 | E9: 53.24 | F9: 0 | G9: 0 | H9: 0 | I9: 0 | J9: 0 | K9: 0 | L9: 0 | M9: 1501.57 | N9: 4135.41 | O9: 6109.6 | P9: 4953.13 | Q9: 5382.92 | R9: 5954.92 | S9: 8879.92 | T9: 11027.2 | U9: 19693.92 | V9: 22158.48 | W9: 19195.08 | X9: 15987.88 | Y9: 10870 | Z9: 7260.92 | AA9: 4154.88 | AB9: =(SUM(D9:AA9)) -> 149414.31 | AC9: 1
AD10: =SUM(AD6:AD9) -> 8849115.2

Sheet Anexo 2 Producto 1
B4: ANEXO 2 - OFERTA PRODUCTO 1
B5: NOMBRE DEL OFERENTE
B6: PRECIOS Y CANTIDADES DE ENERGIA OFERTADA
B7: EN PESOS DE DICIEMBRE 2026
B8: PRODUCTO 1
B9: AÑO | C9: MES | D9: PERIODO 2026
D10: E. Solicitada [kWh] | E10: % E. Ofertado | F10: E. Ofertada [kWh] | G10: $/kWh
B11: 2026 | C11: Diciembre | D11: =+'Producto 1 Curvo 26'!AD6 -> 8849115.2 | F11: =+E11*D11 -> 0 | H11: =SUM(D11:D11) -> 8849115.2 | I11: =+H11/1000 -> 8849.1152
B12: Total Producto 1 | D12: =+SUM(D11:D11) -> 8849115.2 | I12: =+D12/1000 -> 8849.1152
B14: E. Solicitada = Energía solicitada por RUITOQUE para el producto.
B15: % E. Ofertado = Porcentaje de energía ofertado por el agente respecto a la E. Solicitada.
B16: E. Ofertada = Energía ofertada por el agente, producto de la E. Solicitada y el % E. Ofertado.
B17: $/kWh = Tarifa de la oferta para todas las horas del mes.

Sheet Producto 2 Curvo 27
B2: ANEXO 1 - CANTIDADES DE ENERGÍA SOLICITADA EN kWh
B3: PRODUCTO 2
B4: PERIODO 01 DE ENERO DEL 2027 A JULIO 31 DE 2027
C5: DIA | D5: 1 | E5: 2 | F5: 3 | G5: 4 | H5: 5 | I5: 6 | J5: 7 | K5: 8 | L5: 9 | M5: 10 | N5: 11 | O5: 12 | P5: 13 | Q5: 14 | R5: 15 | S5: 16 | T5: 17 | U5: 18 | V5: 19 | W5: 20 | X5: 21 | Y5: 22 | Z5: 23 | AA5: 24 | AB5: Total | AC5: No. DÍAS | AD5: Total
B6: 46388 | C6: Hábil | D6: 3541.29 | E6: 4801.88 | F6: 5503.88 | G6: 5620.22 | H6: 5636.51 | I6: 5738.64 | J6: 6230.82 | K6: 7996.82 | L6: 9750.96 | M6: 10935.59 | N6: 12716.67 | O6: 12788.68 | P6: 12936.5 | Q6: 12434.21 | R6: 10459.15 | S6: 7375.27 | T6: 3621.69 | U6: 0 | V6: 0 | W6: 0 | X6: 0 | Y6: 0 | Z6: 0 | AA6: 0 | AB6: =(SUM(D6:AA6)) -> 138088.78 | AC6: 19 | AD6: =(AB6*AC6)+(AB7*AC7)+(AB8*AC8)+(AB9*AC9) -> 4163559.7 | AE6: =+AD6 -> 4163559.7
C7: Sábado | D7: 3125.2 | E7: 4389.23 | F7: 5139.5 | G7: 5237.2 | H7: 5234.08 | I7: 5342.64 | J7: 5788.37 | K7: 7412.8 | L7: 9221.17 | M7: 10314.74 | N7: 11989.73 | O7: 12119.71 | P7: 12263.37 | Q7: 11793.8 | R7: 9773.03 | S7: 6671.94 | T7: 2913 | U7: 0 | V7: 0 | W7: 0 | X7: 0 | Y7: 0 | Z7: 0 | AA7: 0 | AB7: =(SUM(D7:AA7)) -> 128729.51 | AC7: 5 | AE7: =+AD10 -> 1184350.5
C8: Domingo | D8: 3138.64 | E8: 4434.44 | F8: 4999.56 | G8: 5136.92 | H8: 5146.56 | I8: 5305.79 | J8: 5710.1 | K8: 7314.7 | L8: 9078.87 | M8: 10176.93 | N8: 11985.21 | O8: 12056.9 | P8: 12158.63 | Q8: 11777.41 | R8: 9812.42 | S8: 6736.66 | T8: 2858.58 | U8: 0 | V8: 0 | W8: 0 | X8: 0 | Y8: 0 | Z8: 0 | AA8: 0 | AB8: =(SUM(D8:AA8)) -> 127828.32 | AC8: 5 | AE8: =+AD14 -> 4194387.5
C9: Festivo | D9: 3423.6 | E9: 4690.6 | F9: 5216.83 | G9: 5307.15 | H9: 5312.4 | I9: 5353.38 | J9: 5675.81 | K9: 7389.01 | L9: 9067.18 | M9: 10194.05 | N9: 11854.93 | O9: 11965.57 | P9: 12094.37 | Q9: 11647.17 | R9: 9721.06 | S9: 6673.24 | T9: 2955.54 | U9: 0 | V9: 0 | W9: 0 | X9: 0 | Y9: 0 | Z9: 0 | AA9: 0 | AB9: =(SUM(D9:AA9)) -> 128541.89 | AC9: 2 | AE9: =+AD18 -> 4500001.9
B10: 46419 | C10: Hábil | D10: 0 | E10: 7.25 | F10: 571.01 | G10: 846.93 | H10: 944.47 | I10: 1000.76 | J10: 1378.47 | K10: 2318.93 | L10: 3489.87 | M10: 4371.49 | N10: 5389.13 | O10: 5695.36 | P10: 5776.79 | Q10: 5265.46 | R10: 4113.01 | S10: 2152.26 | T10: 0 | U10: 0 | V10: 0 | W10: 0 | X10: 0 | Y10: 0 | Z10: 0 | AA10: 0 | AB10: =(SUM(D10:AA10)) -> 43321.19 | AC10: 20 | AD10: =(AB10*AC10)+(AB11*AC11)+(AB12*AC12)+(AB13*AC13) -> 1184350.5 | AE10: =+AD22 -> 5458424.1
C11: Sábado | D11: 0 | E11: 0 | F11: 389.42 | G11: 668.71 | H11: 756.04 | I11: 851.98 | J11: 1204.65 | K11: 2097.77 | L11: 3295.83 | M11: 4115.96 | N11: 5094.64 | O11: 5425.82 | P11: 5510.88 | Q11: 5005.77 | R11: 3805.14 | S11: 1808.48 | T11: 0 | U11: 0 | V11: 0 | W11: 0 | X11: 0 | Y11: 0 | Z11: 0 | AA11: 0 | AB11: =(SUM(D11:AA11)) -> 40031.09 | AC11: 4 | AE11: =+AD26 -> 5127893
C12: Domingo | D12: 0 | E12: 0 | F12: 420.91 | G12: 654.85 | H12: 729.95 | I12: 827.51 | J12: 1111.46 | K12: 2011.45 | L12: 3185.8 | M12: 4020.23 | N12: 5050.89 | O12: 5371.16 | P12: 5429.79 | Q12: 4977.17 | R12: 3817.02 | S12: 1842.4 | T12: 0 | U12: 0 | V12: 0 | W12: 0 | X12: 0 | Y12: 0 | Z12: 0 | AA12: 0 | AB12: =(SUM(D12:AA12)) -> 39450.59 | AC12: 4 | AE12: =+AD30 -> 5589998.9
C13: Festivo | D13: 0 | E13: 300.54 | F13: 847.11 | G13: 1047.92 | H13: 1079.75 | I13: 1082.48 | J13: 1221.88 | K13: 2192.91 | L13: 3336.99 | M13: 4189.79 | N13: 5136.8 | O13: 5485.23 | P13: 5562.67 | Q13: 5080.93 | R13: 3927.98 | S13: 1964.24 | T13: 0 | U13: 0 | V13: 0 | W13: 0 | X13: 0 | Y13: 0 | Z13: 0 | AA13: 0 | AB13: =(SUM(D13:AA13)) -> 42457.22 | AC13: 0 | AE13: =+#REF! -> #REF!
B14: 46447 | C14: Hábil | D14: 7519.71 | E14: 7425.43 | F14: 7286.85 | G14: 7218.04 | H14: 7212.43 | I14: 7176.85 | J14: 7211.07 | K14: 6812.32 | L14: 6360.13 | M14: 5837.87 | N14: 8153.6 | O14: 8875.79 | P14: 8984.75 | Q14: 7747.05 | R14: 5946.96 | S14: 6396.67 | T14: 7497.24 | U14: 1246.59 | V14: 1329.94 | W14: 1462.81 | X14: 1745.88 | Y14: 2203.32 | Z14: 2799.97 | AA14: 3285.21 | AB14: =(SUM(D14:AA14)) -> 137736.48 | AC14: 20 | AD14: =(AB14*AC14)+(AB15*AC15)+(AB16*AC16)+(AB17*AC17) -> 4194387.5 | AE14: =+#REF! -> #REF!
C15: Sábado | D15: 7333.91 | E15: 7231.77 | F15: 7075.92 | G15: 6992.76 | H15: 6977.75 | I15: 7008.01 | J15: 7093.95 | K15: 6677.91 | L15: 6033.33 | M15: 5454.84 | N15: 7701.6 | O15: 8427.9 | P15: 8467.99 | Q15: 7275.51 | R15: 5416.89 | S15: 5873.35 | T15: 6969.58 | U15: 951.67 | V15: 1082.97 | W15: 1272.59 | X15: 1622.83 | Y15: 2154.39 | Z15: 2804.57 | AA15: 3254.81 | AB15: =(SUM(D15:AA15)) -> 131156.8 | AC15: 4 | AE15: =+#REF! -> #REF!
C16: Domingo | D16: 7196.63 | E16: 7209.4 | F16: 7095.16 | G16: 7048.55 | H16: 7059.01 | I16: 7147.59 | J16: 7230.28 | K16: 6575.88 | L16: 5754.89 | M16: 5177.35 | N16: 7493.7 | O16: 8219.09 | P16: 8277.52 | Q16: 7164.04 | R16: 5367.51 | S16: 5871.9 | T16: 6853.83 | U16: 874.88 | V16: 1013 | W16: 1162.03 | X16: 1506.05 | Y16: 2021.24 | Z16: 2656.82 | AA16: 3167.27 | AB16: =(SUM(D16:AA16)) -> 129143.62 | AC16: 4 | AE16: =+#REF! -> #REF!
C17: Festivo | D17: 7499.27 | E17: 7502.56 | F17: 7388.95 | G17: 7288.77 | H17: 7273.94 | I17: 7247.52 | J17: 7232.72 | K17: 6672.35 | L17: 5853.74 | M17: 5385.48 | N17: 7514.79 | O17: 8260.79 | P17: 8315.4 | Q17: 7124.83 | R17: 5340.25 | S17: 5847.18 | T17: 7003.78 | U17: 1064.98 | V17: 1321.5 | W17: 1382.12 | X17: 1732.31 | Y17: 2218.01 | Z17: 2899.94 | AA17: 3447.56 | AB17: =(SUM(D17:AA17)) -> 132818.74 | AC17: 3 | AE17: =+#REF! -> #REF!
B18: 46478 | C18: Hábil | D18: 8261.73 | E18: 8188.17 | F18: 8059.5 | G18: 7994.66 | H18: 7988.6 | I18: 7908.43 | J18: 7923.91 | K18: 7564.19 | L18: 7017.73 | M18: 6473.53 | N18: 9137.24 | O18: 9923.34 | P18: 9800.74 | Q18: 8794.42 | R18: 6926.17 | S18: 7033.68 | T18: 7894.68 | U18: 1348.05 | V18: 1658.29 | W18: 1728.52 | X18: 1856.36 | Y18: 2115.28 | Z18: 2464.91 | AA18: 2646.74 | AB18: =(SUM(D18:AA18)) -> 150708.87 | AC18: 22 | AD18: =(AB18*AC18)+(AB19*AC19)+(AB20*AC20)+(AB21*AC21) -> 4500001.9
C19: Sábado | D19: 8018.3 | E19: 7946.51 | F19: 7797.52 | G19: 7718 | H19: 7706.1 | I19: 7704.26 | J19: 7787.73 | K19: 7354.46 | L19: 6819.22 | M19: 6202.24 | N19: 8756.16 | O19: 9573.3 | P19: 9448.52 | Q19: 8480.5 | R19: 6570.34 | S19: 6651.53 | T19: 7512.36 | U19: 1292.18 | V19: 1661.57 | W19: 1758.16 | X19: 1921.48 | Y19: 2192.01 | Z19: 2494.65 | AA19: 2728.94 | AB19: =(SUM(D19:AA19)) -> 146096.04 | AC19: 4
C20: Domingo | D20: 7985.41 | E20: 7928.79 | F20: 7809.73 | G20: 7770.52 | H20: 7777.69 | I20: 7830.82 | J20: 7911.39 | K20: 7486.07 | L20: 6926.66 | M20: 6309.75 | N20: 8989.2 | O20: 9798.54 | P20: 9694.99 | Q20: 8724.61 | R20: 6888.39 | S20: 6990.57 | T20: 7678.6 | U20: 1671.88 | V20: 2031.29 | W20: 2060.82 | X20: 2153.37 | Y20: 2314.29 | Z20: 2548.99 | AA20: 2723.28 | AB20: =(SUM(D20:AA20)) -> 150005.65 | AC20: 4
C21: Festivo | D21: 8294.76 | E21: 8224.28 | F21: 8118.19 | G21: 8031.08 | H21: 8019.44 | I21: 7946.33 | J21: 7920.9 | K21: 7606.41 | L21: 7000.14 | M21: 6419.12 | N21: 8969.25 | O21: 9806.64 | P21: 9652.21 | Q21: 8697.35 | R21: 6878.91 | S21: 6981.89 | T21: 7847.97 | U21: 1872.89 | V21: 2270.83 | W21: 2315.51 | X21: 2441.71 | Y21: 2582.43 | Z21: 2829.32 | AA21: 3000.72 | AB21: =(SUM(D21:AA21)) -> 153728.28 | AC21: 0
B22: 46508 | C22: Hábil | D22: 9722.63 | E22: 10088.91 | F22: 10055.54 | G22: 10004.89 | H22: 9995.59 | I22: 9921.4 | J22: 10021.14 | K22: 9936.35 | L22: 9789.29 | M22: 9531.52 | N22: 9126.35 | O22: 8769.19 | P22: 8802.75 | Q22: 8923.94 | R22: 9185.01 | S22: 9473.75 | T22: 9379.03 | U22: 1308.16 | V22: 1615.98 | W22: 1703.39 | X22: 1835.64 | Y22: 2105.58 | Z22: 2438.68 | AA22: 2624.19 | AB22: =(SUM(D22:AA22)) -> 176358.9 | AC22: 19 | AD22: =(AB22*AC22)+(AB23*AC23)+(AB24*AC24)+(AB25*AC25) -> 5458424.1
C23: Sábado | D23: 9428.24 | E23: 9792.76 | F23: 9751.36 | G23: 9697.44 | H23: 9668.93 | I23: 9678.04 | J23: 9890.07 | K23: 9791.65 | L23: 9584.18 | M23: 9235.67 | N23: 8814.56 | O23: 8423.78 | P23: 8430.47 | Q23: 8651.23 | R23: 8843.08 | S23: 9110.6 | T23: 9014.82 | U23: 1203.45 | V23: 1600.01 | W23: 1707.23 | X23: 1879.54 | Y23: 2160.27 | Z23: 2449.3 | AA23: 2661.04 | AB23: =(SUM(D23:AA23)) -> 171467.72 | AC23: 4
C24: Domingo | D24: 9478.79 | E24: 9843.6 | F24: 9831.14 | G24: 9801.82 | H24: 9803.56 | I24: 9853.65 | J24: 10039.84 | K24: 9900.66 | L24: 9724.78 | M24: 9428.79 | N24: 9040.2 | O24: 8715.41 | P24: 8757.27 | Q24: 8936.51 | R24: 9234.24 | S24: 9572.48 | T24: 9304.96 | U24: 1724.03 | V24: 2118.97 | W24: 2205.88 | X24: 2292.9 | Y24: 2452 | Z24: 2667.51 | AA24: 2820.99 | AB24: =(SUM(D24:AA24)) -> 177549.98 | AC24: 5
C25: Festivo | D25: 9689.33 | E25: 10049.69 | F25: 10050.07 | G25: 9976.39 | H25: 9959.86 | I25: 9903.96 | J25: 10014.8 | K25: 9901.48 | L25: 9684.6 | M25: 9466.51 | N25: 8881.17 | O25: 8590.65 | P25: 8576.11 | Q25: 8909.5 | R25: 9265.38 | S25: 9530.33 | T25: 9287.13 | U25: 1715.9 | V25: 2130.98 | W25: 2181.73 | X25: 2294.81 | Y25: 2421.76 | Z25: 2674.39 | AA25: 2838.22 | AB25: =(SUM(D25:AA25)) -> 177994.75 | AC25: 3
B26: 46539 | C26: Hábil | D26: 7894.15 | E26: 8462.88 | F26: 8909.48 | G26: 8976.44 | H26: 8924.47 | I26: 9029.99 | J26: 9718.4 | K26: 10056.82 | L26: 10324.73 | M26: 10345.44 | N26: 10276.13 | O26: 9931.55 | P26: 10001.62 | Q26: 10027.5 | R26: 9762.51 | S26: 9216.2 | T26: 6330.88 | U26: 1317.29 | V26: 1638.36 | W26: 1718.88 | X26: 1818.98 | Y26: 2106.21 | Z26: 2447.96 | AA26: 2634.28 | AB26: =(SUM(D26:AA26)) -> 171871.15 | AC26: 21 | AD26: =(AB26*AC26)+(AB27*AC27)+(AB28*AC28)+(AB29*AC29) -> 5127893
C27: Sábado | D27: 7639.85 | E27: 8217.74 | F27: 8640.81 | G27: 8685.44 | H27: 8620.03 | I27: 8787.54 | J27: 9542.46 | K27: 9777.28 | L27: 10081.15 | M27: 10003.04 | N27: 9839.75 | O27: 9560.51 | P27: 9642.3 | Q27: 9663.88 | R27: 9335.51 | S27: 8769.15 | T27: 5886.07 | U27: 1194.8 | V27: 1632.43 | W27: 1709.8 | X27: 1885.48 | Y27: 2144.91 | Z27: 2442.59 | AA27: 2655.7 | AB27: =(SUM(D27:AA27)) -> 166358.22 | AC27: 4
C28: Domingo | D28: 7573.62 | E28: 8172.77 | F28: 8649.64 | G28: 8723.63 | H28: 8688.98 | I28: 8921.57 | J28: 9631.45 | K28: 9888.83 | L28: 10145.05 | M28: 10094.39 | N28: 10051.17 | O28: 9743.03 | P28: 9778.38 | Q28: 9888.35 | R28: 9638.58 | S28: 9087.39 | T28: 6020.4 | U28: 1631.13 | V28: 2021.57 | W28: 2077.3 | X28: 2187.63 | Y28: 2336.08 | Z28: 2541.74 | AA28: 2718.39 | AB28: =(SUM(D28:AA28)) -> 170211.07 | AC28: 4
C29: Festivo | D29: 7803.53 | E29: 8396.72 | F29: 8881.16 | G29: 8920.99 | H29: 8857.94 | I29: 8965.1 | J29: 9604.56 | K29: 10023.47 | L29: 10178.39 | M29: 10122.58 | N29: 9928.22 | O29: 9654.07 | P29: 9731.72 | Q29: 9771.33 | R29: 9539.83 | S29: 9006.35 | T29: 6163.51 | U29: 1812.09 | V29: 2159.48 | W29: 2246.46 | X29: 2381.91 | Y29: 2518.98 | Z29: 2743.45 | AA29: 2909.82 | AB29: =(SUM(D29:AA29)) -> 172321.66 | AC29: 1
B30: 46569 | C30: Hábil | D30: 8053.75 | E30: 8281.55 | F30: 8427.4 | G30: 8466.23 | H30: 8452.9 | I30: 8509.46 | J30: 8779.08 | K30: 8513.79 | L30: 8167.91 | M30: 7886.81 | N30: 11136.44 | O30: 12193.6 | P30: 12323.31 | Q30: 11094.18 | R30: 7913.51 | S30: 8933.82 | T30: 8348.23 | U30: 2817.89 | V30: 2443.7 | W30: 2567.8 | X30: 2889.13 | Y30: 3476.24 | Z30: 4126.22 | AA30: 4571.6 | AB30: =(SUM(D30:AA30)) -> 178374.55 | AC30: 20 | AD30: =(AB30*AC30)+(AB31*AC31)+(AB32*AC32)+(AB33*AC33) -> 5589998.9
C31: Sábado | D31: 8007.29 | E31: 8237.16 | F31: 8460.67 | G31: 8614.93 | H31: 8632.96 | I31: 8706.94 | J31: 8948.35 | K31: 8610.41 | L31: 8160.74 | M31: 7905.18 | N31: 11134.05 | O31: 12057.56 | P31: 12149.05 | Q31: 10924.11 | R31: 7831.78 | S31: 8925.66 | T31: 8471.63 | U31: 2748.96 | V31: 2574.63 | W31: 2774.89 | X31: 3145.41 | Y31: 3842.69 | Z31: 4504.79 | AA31: 5028.52 | AB31: =(SUM(D31:AA31)) -> 180398.36 | AC31: 5
C32: domingo | D32: 8275.14 | E32: 8516.52 | F32: 8657.54 | G32: 8760.42 | H32: 8801.34 | I32: 8909.68 | J32: 9232.09 | K32: 8716.3 | L32: 8343.37 | M32: 8132.81 | N32: 11258.42 | O32: 12233.82 | P32: 12399.59 | Q32: 11233.07 | R32: 8063.05 | S32: 9175.01 | T32: 8825.46 | U32: 3624.33 | V32: 3089.07 | W32: 3174.29 | X32: 3506.01 | Y32: 3996.57 | Z32: 4526.38 | AA32: 4863.33 | AB32: =(SUM(D32:AA32)) -> 186313.61 | AC32: 4
C33: Festivo | D33: 8379.84 | E33: 8595.75 | F33: 8713.68 | G33: 8816.55 | H33: 8793.85 | I33: 8970.19 | J33: 9244.71 | K33: 8634.12 | L33: 8355.88 | M33: 8077.9 | N33: 11488.19 | O33: 12440.82 | P33: 12525.42 | Q33: 11324.66 | R33: 8203.05 | S33: 9229.63 | T33: 8701.71 | U33: 3532.83 | V33: 3164.73 | W33: 3270.17 | X33: 3436.42 | Y33: 3744.57 | Z33: 4787.8 | AA33: 5198.37 | AB33: =(SUM(D33:AA33)) -> 187630.84 | AC33: 2
AD34: =SUM(AD6:AD33) -> 30218616

Sheet Anexo 2 Producto 2
B4: ANEXO 2 - OFERTA PRODUCTO 2
B5: NOMBRE DEL OFERENTE
B6: PRECIOS Y CANTIDADES DE ENERGIA OFERTADA
B7: EN PESOS DE DICIEMBRE 2026
B8: PRODUCTO 2
B9: AÑO | C9: MES | D9: PERIODO 2026
D10: E. Solicitada [kWh] | E10: % E. Ofertado | F10: E. Ofertada [kWh] | G10: $/kWh
B11: 2027 | C11: Enero | D11: =+'Producto 2 Curvo 27'!AE6 -> 4163559.7 | F11: =+$E$11*D11 -> 0
B12: =+B11 -> 2027 | C12: Febrero | D12: =+'Producto 2 Curvo 27'!AE7 -> 1184350.5 | F12: =+$E$11*D12 -> 0
B13: =+B12 -> 2027 | C13: Marzo | D13: =+'Producto 2 Curvo 27'!AE8 -> 4194387.5 | F13: =+$E$11*D13 -> 0
B14: =+B13 -> 2027 | C14: Abril | D14: =+'Producto 2 Curvo 27'!AE9 -> 4500001.9 | F14: =+$E$11*D14 -> 0
B15: =+B14 -> 2027 | C15: Mayo | D15: =+'Producto 2 Curvo 27'!AE10 -> 5458424.1 | F15: =+$E$11*D15 -> 0
B16: =+B15 -> 2027 | C16: Junio | D16: =+'Producto 2 Curvo 27'!AE11 -> 5127893 | F16: =+$E$11*D16 -> 0
B17: =+B16 -> 2027 | C17: Julio | D17: =+'Producto 2 Curvo 27'!AE12 -> 5589998.9 | F17: =+$E$11*D17 -> 0
B18: Total Producto 2 | D18: =+SUM(D11:D17) -> 30218616 | F18: =+SUM(F11:F17) -> 0
B20: E. Solicitada = Energía solicitada por RUITOQUE para el producto.
B21: % E. Ofertado = Porcentaje de energía ofertado por el agente respecto a la E. Solicitada.
B22: E. Ofertada = Energía ofertada por el agente, producto de la E. Solicitada y el % E. Ofertado.
B23: $/kWh = Tarifa de la oferta para todas las horas del mes.

Sheet Producto 3 Plano 27
B2: ANEXO 1 - CANTIDADES DE ENERGÍA SOLICITADA EN kWh
B3: PRODUCTO 3
B4: PERIODO 01 DE ENERO DEL 2027 A JULIO 31 DE 2027
C5: DIA | D5: 1 | E5: 2 | F5: 3 | G5: 4 | H5: 5 | I5: 6 | J5: 7 | K5: 8 | L5: 9 | M5: 10 | N5: 11 | O5: 12 | P5: 13 | Q5: 14 | R5: 15 | S5: 16 | T5: 17 | U5: 18 | V5: 19 | W5: 20 | X5: 21 | Y5: 22 | Z5: 23 | AA5: 24 | AB5: Total | AC5: No. DÍAS | AD5: Total
B6: 46388 | C6: Hábil | D6: 3530.48 | E6: 3530.48 | F6: 3530.48 | G6: 3530.48 | H6: 3530.48 | I6: 3530.48 | J6: 3530.48 | K6: 3530.48 | L6: 3530.48 | M6: 3530.48 | N6: 3530.48 | O6: 3530.48 | P6: 3530.48 | Q6: 3530.48 | R6: 3530.48 | S6: 3530.48 | T6: 3530.48 | U6: 3530.48 | V6: 3530.48 | W6: 3530.48 | X6: 3530.48 | Y6: 3530.48 | Z6: 3530.48 | AA6: 3530.48 | AB6: =(SUM(D6:AA6)) -> 84731.52 | AC6: 19 | AD6: =(AB6*AC6)+(AB7*AC7)+(AB8*AC8)+(AB9*AC9) -> 2626677.1 | AE6: =+AD6 -> 2626677.1
C7: Sábado | D7: 3530.48 | E7: 3530.48 | F7: 3530.48 | G7: 3530.48 | H7: 3530.48 | I7: 3530.48 | J7: 3530.48 | K7: 3530.48 | L7: 3530.48 | M7: 3530.48 | N7: 3530.48 | O7: 3530.48 | P7: 3530.48 | Q7: 3530.48 | R7: 3530.48 | S7: 3530.48 | T7: 3530.48 | U7: 3530.48 | V7: 3530.48 | W7: 3530.48 | X7: 3530.48 | Y7: 3530.48 | Z7: 3530.48 | AA7: 3530.48 | AB7: =(SUM(D7:AA7)) -> 84731.52 | AC7: 5 | AE7: =+AD10 -> 2626680
C8: Domingo | D8: 3530.48 | E8: 3530.48 | F8: 3530.48 | G8: 3530.48 | H8: 3530.48 | I8: 3530.48 | J8: 3530.48 | K8: 3530.48 | L8: 3530.48 | M8: 3530.48 | N8: 3530.48 | O8: 3530.48 | P8: 3530.48 | Q8: 3530.48 | R8: 3530.48 | S8: 3530.48 | T8: 3530.48 | U8: 3530.48 | V8: 3530.48 | W8: 3530.48 | X8: 3530.48 | Y8: 3530.48 | Z8: 3530.48 | AA8: 3530.48 | AB8: =(SUM(D8:AA8)) -> 84731.52 | AC8: 5 | AE8: =+AD14 -> 2626677.1
C9: Festivo | D9: 3530.48 | E9: 3530.48 | F9: 3530.48 | G9: 3530.48 | H9: 3530.48 | I9: 3530.48 | J9: 3530.48 | K9: 3530.48 | L9: 3530.48 | M9: 3530.48 | N9: 3530.48 | O9: 3530.48 | P9: 3530.48 | Q9: 3530.48 | R9: 3530.48 | S9: 3530.48 | T9: 3530.48 | U9: 3530.48 | V9: 3530.48 | W9: 3530.48 | X9: 3530.48 | Y9: 3530.48 | Z9: 3530.48 | AA9: 3530.48 | AB9: =(SUM(D9:AA9)) -> 84731.52 | AC9: 2 | AE9: =+AD18 -> 2626682.4
B10: 46419 | C10: Hábil | D10: 3908.75 | E10: 3908.75 | F10: 3908.75 | G10: 3908.75 | H10: 3908.75 | I10: 3908.75 | J10: 3908.75 | K10: 3908.75 | L10: 3908.75 | M10: 3908.75 | N10: 3908.75 | O10: 3908.75 | P10: 3908.75 | Q10: 3908.75 | R10: 3908.75 | S10: 3908.75 | T10: 3908.75 | U10: 3908.75 | V10: 3908.75 | W10: 3908.75 | X10: 3908.75 | Y10: 3908.75 | Z10: 3908.75 | AA10: 3908.75 | AB10: =(SUM(D10:AA10)) -> 93810 | AC10: 20 | AD10: =(AB10*AC10)+(AB11*AC11)+(AB12*AC12)+(AB13*AC13) -> 2626680 | AE10: =+AD22 -> 2626677.1
C11: Sábado | D11: 3908.75 | E11: 3908.75 | F11: 3908.75 | G11: 3908.75 | H11: 3908.75 | I11: 3908.75 | J11: 3908.75 | K11: 3908.75 | L11: 3908.75 | M11: 3908.75 | N11: 3908.75 | O11: 3908.75 | P11: 3908.75 | Q11: 3908.75 | R11: 3908.75 | S11: 3908.75 | T11: 3908.75 | U11: 3908.75 | V11: 3908.75 | W11: 3908.75 | X11: 3908.75 | Y11: 3908.75 | Z11: 3908.75 | AA11: 3908.75 | AB11: =(SUM(D11:AA11)) -> 93810 | AC11: 4 | AE11: =+AD26 -> 2626682.4
C12: Domingo | D12: 3908.75 | E12: 3908.75 | F12: 3908.75 | G12: 3908.75 | H12: 3908.75 | I12: 3908.75 | J12: 3908.75 | K12: 3908.75 | L12: 3908.75 | M12: 3908.75 | N12: 3908.75 | O12: 3908.75 | P12: 3908.75 | Q12: 3908.75 | R12: 3908.75 | S12: 3908.75 | T12: 3908.75 | U12: 3908.75 | V12: 3908.75 | W12: 3908.75 | X12: 3908.75 | Y12: 3908.75 | Z12: 3908.75 | AA12: 3908.75 | AB12: =(SUM(D12:AA12)) -> 93810 | AC12: 4 | AE12: =+AD30 -> 2626677.1
C13: Festivo | D13: 3908.75 | E13: 3908.75 | F13: 3908.75 | G13: 3908.75 | H13: 3908.75 | I13: 3908.75 | J13: 3908.75 | K13: 3908.75 | L13: 3908.75 | M13: 3908.75 | N13: 3908.75 | O13: 3908.75 | P13: 3908.75 | Q13: 3908.75 | R13: 3908.75 | S13: 3908.75 | T13: 3908.75 | U13: 3908.75 | V13: 3908.75 | W13: 3908.75 | X13: 3908.75 | Y13: 3908.75 | Z13: 3908.75 | AA13: 3908.75 | AB13: =(SUM(D13:AA13)) -> 93810 | AC13: 0 | AE13: =+#REF! -> #REF!
B14: 46447 | C14: Hábil | D14: 3530.48 | E14: 3530.48 | F14: 3530.48 | G14: 3530.48 | H14: 3530.48 | I14: 3530.48 | J14: 3530.48 | K14: 3530.48 | L14: 3530.48 | M14: 3530.48 | N14: 3530.48 | O14: 3530.48 | P14: 3530.48 | Q14: 3530.48 | R14: 3530.48 | S14: 3530.48 | T14: 3530.48 | U14: 3530.48 | V14: 3530.48 | W14: 3530.48 | X14: 3530.48 | Y14: 3530.48 | Z14: 3530.48 | AA14: 3530.48 | AB14: =(SUM(D14:AA14)) -> 84731.52 | AC14: 20 | AD14: =(AB14*AC14)+(AB15*AC15)+(AB16*AC16)+(AB17*AC17) -> 2626677.1 | AE14: =+#REF! -> #REF!
C15: Sábado | D15: 3530.48 | E15: 3530.48 | F15: 3530.48 | G15: 3530.48 | H15: 3530.48 | I15: 3530.48 | J15: 3530.48 | K15: 3530.48 | L15: 3530.48 | M15: 3530.48 | N15: 3530.48 | O15: 3530.48 | P15: 3530.48 | Q15: 3530.48 | R15: 3530.48 | S15: 3530.48 | T15: 3530.48 | U15: 3530.48 | V15: 3530.48 | W15: 3530.48 | X15: 3530.48 | Y15: 3530.48 | Z15: 3530.48 | AA15: 3530.48 | AB15: =(SUM(D15:AA15)) -> 84731.52 | AC15: 4 | AE15: =+#REF! -> #REF!
C16: Domingo | D16: 3530.48 | E16: 3530.48 | F16: 3530.48 | G16: 3530.48 | H16: 3530.48 | I16: 3530.48 | J16: 3530.48 | K16: 3530.48 | L16: 3530.48 | M16: 3530.48 | N16: 3530.48 | O16: 3530.48 | P16: 3530.48 | Q16: 3530.48 | R16: 3530.48 | S16: 3530.48 | T16: 3530.48 | U16: 3530.48 | V16: 3530.48 | W16: 3530.48 | X16: 3530.48 | Y16: 3530.48 | Z16: 3530.48 | AA16: 3530.48 | AB16: =(SUM(D16:AA16)) -> 84731.52 | AC16: 4 | AE16: =+#REF! -> #REF!
C17: Festivo | D17: 3530.48 | E17: 3530.48 | F17: 3530.48 | G17: 3530.48 | H17: 3530.48 | I17: 3530.48 | J17: 3530.48 | K17: 3530.48 | L17: 3530.48 | M17: 3530.48 | N17: 3530.48 | O17: 3530.48 | P17: 3530.48 | Q17: 3530.48 | R17: 3530.48 | S17: 3530.48 | T17: 3530.48 | U17: 3530.48 | V17: 3530.48 | W17: 3530.48 | X17: 3530.48 | Y17: 3530.48 | Z17: 3530.48 | AA17: 3530.48 | AB17: =(SUM(D17:AA17)) -> 84731.52 | AC17: 3 | AE17: =+#REF! -> #REF!
B18: 46478 | C18: Hábil | D18: 3648.17 | E18: 3648.17 | F18: 3648.17 | G18: 3648.17 | H18: 3648.17 | I18: 3648.17 | J18: 3648.17 | K18: 3648.17 | L18: 3648.17 | M18: 3648.17 | N18: 3648.17 | O18: 3648.17 | P18: 3648.17 | Q18: 3648.17 | R18: 3648.17 | S18: 3648.17 | T18: 3648.17 | U18: 3648.17 | V18: 3648.17 | W18: 3648.17 | X18: 3648.17 | Y18: 3648.17 | Z18: 3648.17 | AA18: 3648.17 | AB18: =(SUM(D18:AA18)) -> 87556.08 | AC18: 22 | AD18: =(AB18*AC18)+(AB19*AC19)+(AB20*AC20)+(AB21*AC21) -> 2626682.4
C19: Sábado | D19: 3648.17 | E19: 3648.17 | F19: 3648.17 | G19: 3648.17 | H19: 3648.17 | I19: 3648.17 | J19: 3648.17 | K19: 3648.17 | L19: 3648.17 | M19: 3648.17 | N19: 3648.17 | O19: 3648.17 | P19: 3648.17 | Q19: 3648.17 | R19: 3648.17 | S19: 3648.17 | T19: 3648.17 | U19: 3648.17 | V19: 3648.17 | W19: 3648.17 | X19: 3648.17 | Y19: 3648.17 | Z19: 3648.17 | AA19: 3648.17 | AB19: =(SUM(D19:AA19)) -> 87556.08 | AC19: 4
C20: Domingo | D20: 3648.17 | E20: 3648.17 | F20: 3648.17 | G20: 3648.17 | H20: 3648.17 | I20: 3648.17 | J20: 3648.17 | K20: 3648.17 | L20: 3648.17 | M20: 3648.17 | N20: 3648.17 | O20: 3648.17 | P20: 3648.17 | Q20: 3648.17 | R20: 3648.17 | S20: 3648.17 | T20: 3648.17 | U20: 3648.17 | V20: 3648.17 | W20: 3648.17 | X20: 3648.17 | Y20: 3648.17 | Z20: 3648.17 | AA20: 3648.17 | AB20: =(SUM(D20:AA20)) -> 87556.08 | AC20: 4
C21: Festivo | D21: 3648.17 | E21: 3648.17 | F21: 3648.17 | G21: 3648.17 | H21: 3648.17 | I21: 3648.17 | J21: 3648.17 | K21: 3648.17 | L21: 3648.17 | M21: 3648.17 | N21: 3648.17 | O21: 3648.17 | P21: 3648.17 | Q21: 3648.17 | R21: 3648.17 | S21: 3648.17 | T21: 3648.17 | U21: 3648.17 | V21: 3648.17 | W21: 3648.17 | X21: 3648.17 | Y21: 3648.17 | Z21: 3648.17 | AA21: 3648.17 | AB21: =(SUM(D21:AA21)) -> 87556.08 | AC21: 0
B22: 46508 | C22: Hábil | D22: 3530.48 | E22: 3530.48 | F22: 3530.48 | G22: 3530.48 | H22: 3530.48 | I22: 3530.48 | J22: 3530.48 | K22: 3530.48 | L22: 3530.48 | M22: 3530.48 | N22: 3530.48 | O22: 3530.48 | P22: 3530.48 | Q22: 3530.48 | R22: 3530.48 | S22: 3530.48 | T22: 3530.48 | U22: 3530.48 | V22: 3530.48 | W22: 3530.48 | X22: 3530.48 | Y22: 3530.48 | Z22: 3530.48 | AA22: 3530.48 | AB22: =(SUM(D22:AA22)) -> 84731.52 | AC22: 19 | AD22: =(AB22*AC22)+(AB23*AC23)+(AB24*AC24)+(AB25*AC25) -> 2626677.1
C23: Sábado | D23: 3530.48 | E23: 3530.48 | F23: 3530.48 | G23: 3530.48 | H23: 3530.48 | I23: 3530.48 | J23: 3530.48 | K23: 3530.48 | L23: 3530.48 | M23: 3530.48 | N23: 3530.48 | O23: 3530.48 | P23: 3530.48 | Q23: 3530.48 | R23: 3530.48 | S23: 3530.48 | T23: 3530.48 | U23: 3530.48 | V23: 3530.48 | W23: 3530.48 | X23: 3530.48 | Y23: 3530.48 | Z23: 3530.48 | AA23: 3530.48 | AB23: =(SUM(D23:AA23)) -> 84731.52 | AC23: 4
C24: Domingo | D24: 3530.48 | E24: 3530.48 | F24: 3530.48 | G24: 3530.48 | H24: 3530.48 | I24: 3530.48 | J24: 3530.48 | K24: 3530.48 | L24: 3530.48 | M24: 3530.48 | N24: 3530.48 | O24: 3530.48 | P24: 3530.48 | Q24: 3530.48 | R24: 3530.48 | S24: 3530.48 | T24: 3530.48 | U24: 3530.48 | V24: 3530.48 | W24: 3530.48 | X24: 3530.48 | Y24: 3530.48 | Z24: 3530.48 | AA24: 3530.48 | AB24: =(SUM(D24:AA24)) -> 84731.52 | AC24: 5
C25: Festivo | D25: 3530.48 | E25: 3530.48 | F25: 3530.48 | G25: 3530.48 | H25: 3530.48 | I25: 3530.48 | J25: 3530.48 | K25: 3530.48 | L25: 3530.48 | M25: 3530.48 | N25: 3530.48 | O25: 3530.48 | P25: 3530.48 | Q25: 3530.48 | R25: 3530.48 | S25: 3530.48 | T25: 3530.48 | U25: 3530.48 | V25: 3530.48 | W25: 3530.48 | X25: 3530.48 | Y25: 3530.48 | Z25: 3530.48 | AA25: 3530.48 | AB25: =(SUM(D25:AA25)) -> 84731.52 | AC25: 3
B26: 46539 | C26: Hábil | D26: 3648.17 | E26: 3648.17 | F26: 3648.17 | G26: 3648.17 | H26: 3648.17 | I26: 3648.17 | J26: 3648.17 | K26: 3648.17 | L26: 3648.17 | M26: 3648.17 | N26: 3648.17 | O26: 3648.17 | P26: 3648.17 | Q26: 3648.17 | R26: 3648.17 | S26: 3648.17 | T26: 3648.17 | U26: 3648.17 | V26: 3648.17 | W26: 3648.17 | X26: 3648.17 | Y26: 3648.17 | Z26: 3648.17 | AA26: 3648.17 | AB26: =(SUM(D26:AA26)) -> 87556.08 | AC26: 21 | AD26: =(AB26*AC26)+(AB27*AC27)+(AB28*AC28)+(AB29*AC29) -> 2626682.4
C27: Sábado | D27: 3648.17 | E27: 3648.17 | F27: 3648.17 | G27: 3648.17 | H27: 3648.17 | I27: 3648.17 | J27: 3648.17 | K27: 3648.17 | L27: 3648.17 | M27: 3648.17 | N27: 3648.17 | O27: 3648.17 | P27: 3648.17 | Q27: 3648.17 | R27: 3648.17 | S27: 3648.17 | T27: 3648.17 | U27: 3648.17 | V27: 3648.17 | W27: 3648.17 | X27: 3648.17 | Y27: 3648.17 | Z27: 3648.17 | AA27: 3648.17 | AB27: =(SUM(D27:AA27)) -> 87556.08 | AC27: 4
C28: Domingo | D28: 3648.17 | E28: 3648.17 | F28: 3648.17 | G28: 3648.17 | H28: 3648.17 | I28: 3648.17 | J28: 3648.17 | K28: 3648.17 | L28: 3648.17 | M28: 3648.17 | N28: 3648.17 | O28: 3648.17 | P28: 3648.17 | Q28: 3648.17 | R28: 3648.17 | S28: 3648.17 | T28: 3648.17 | U28: 3648.17 | V28: 3648.17 | W28: 3648.17 | X28: 3648.17 | Y28: 3648.17 | Z28: 3648.17 | AA28: 3648.17 | AB28: =(SUM(D28:AA28)) -> 87556.08 | AC28: 4
C29: Festivo | D29: 3648.17 | E29: 3648.17 | F29: 3648.17 | G29: 3648.17 | H29: 3648.17 | I29: 3648.17 | J29: 3648.17 | K29: 3648.17 | L29: 3648.17 | M29: 3648.17 | N29: 3648.17 | O29: 3648.17 | P29: 3648.17 | Q29: 3648.17 | R29: 3648.17 | S29: 3648.17 | T29: 3648.17 | U29: 3648.17 | V29: 3648.17 | W29: 3648.17 | X29: 3648.17 | Y29: 3648.17 | Z29: 3648.17 | AA29: 3648.17 | AB29: =(SUM(D29:AA29)) -> 87556.08 | AC29: 1
B30: 46569 | C30: Hábil | D30: 3530.48 | E30: 3530.48 | F30: 3530.48 | G30: 3530.48 | H30: 3530.48 | I30: 3530.48 | J30: 3530.48 | K30: 3530.48 | L30: 3530.48 | M30: 3530.48 | N30: 3530.48 | O30: 3530.48 | P30: 3530.48 | Q30: 3530.48 | R30: 3530.48 | S30: 3530.48 | T30: 3530.48 | U30: 3530.48 | V30: 3530.48 | W30: 3530.48 | X30: 3530.48 | Y30: 3530.48 | Z30: 3530.48 | AA30: 3530.48 | AB30: =(SUM(D30:AA30)) -> 84731.52 | AC30: 20 | AD30: =(AB30*AC30)+(AB31*AC31)+(AB32*AC32)+(AB33*AC33) -> 2626677.1
C31: Sábado | D31: 3530.48 | E31: 3530.48 | F31: 3530.48 | G31: 3530.48 | H31: 3530.48 | I31: 3530.48 | J31: 3530.48 | K31: 3530.48 | L31: 3530.48 | M31: 3530.48 | N31: 3530.48 | O31: 3530.48 | P31: 3530.48 | Q31: 3530.48 | R31: 3530.48 | S31: 3530.48 | T31: 3530.48 | U31: 3530.48 | V31: 3530.48 | W31: 3530.48 | X31: 3530.48 | Y31: 3530.48 | Z31: 3530.48 | AA31: 3530.48 | AB31: =(SUM(D31:AA31)) -> 84731.52 | AC31: 5
C32: domingo | D32: 3530.48 | E32: 3530.48 | F32: 3530.48 | G32: 3530.48 | H32: 3530.48 | I32: 3530.48 | J32: 3530.48 | K32: 3530.48 | L32: 3530.48 | M32: 3530.48 | N32: 3530.48 | O32: 3530.48 | P32: 3530.48 | Q32: 3530.48 | R32: 3530.48 | S32: 3530.48 | T32: 3530.48 | U32: 3530.48 | V32: 3530.48 | W32: 3530.48 | X32: 3530.48 | Y32: 3530.48 | Z32: 3530.48 | AA32: 3530.48 | AB32: =(SUM(D32:AA32)) -> 84731.52 | AC32: 4
C33: Festivo | D33: 3530.48 | E33: 3530.48 | F33: 3530.48 | G33: 3530.48 | H33: 3530.48 | I33: 3530.48 | J33: 3530.48 | K33: 3530.48 | L33: 3530.48 | M33: 3530.48 | N33: 3530.48 | O33: 3530.48 | P33: 3530.48 | Q33: 3530.48 | R33: 3530.48 | S33: 3530.48 | T33: 3530.48 | U33: 3530.48 | V33: 3530.48 | W33: 3530.48 | X33: 3530.48 | Y33: 3530.48 | Z33: 3530.48 | AA33: 3530.48 | AB33: =(SUM(D33:AA33)) -> 84731.52 | AC33: 2
AD34: =SUM(AD6:AD33) -> 18386753

Sheet Anexo 2 Producto 3
B4: ANEXO 2 - OFERTA PRODUCTO 3
B5: NOMBRE DEL OFERENTE
B6: PRECIOS Y CANTIDADES DE ENERGIA OFERTADA
B7: EN PESOS DE DICIEMBRE 2026
B8: PRODUCTO 3
B9: 2027 | C9: Enero | D9: =+'Producto 3 Plano 27'!AE6 -> 2626677.1 | F9: =+E9*D9 -> 0
B10: =+B9 -> 2027 | C10: Febrero | D10: =+'Producto 3 Plano 27'!AE7 -> 2626680 | F10: =+E10*D10 -> 0
B11: =+B10 -> 2027 | C11: Marzo | D11: =+'Producto 3 Plano 27'!AE8 -> 2626677.1 | F11: =+E11*D11 -> 0
B12: =+B11 -> 2027 | C12: Abril | D12: =+'Producto 3 Plano 27'!AE9 -> 2626682.4 | F12: =+E12*D12 -> 0
B13: =+B12 -> 2027 | C13: Mayo | D13: =+'Producto 3 Plano 27'!AE10 -> 2626677.1 | F13: =+E13*D13 -> 0
B14: =+B13 -> 2027 | C14: Junio | D14: =+'Producto 3 Plano 27'!AE11 -> 2626682.4 | F14: =+E14*D14 -> 0
B15: =+B14 -> 2027 | C15: Julio | D15: =+'Producto 3 Plano 27'!AE12 -> 2626677.1 | F15: =+E15*D15 -> 0
B16: Total Producto 2 | D16: =+SUM(D9:D15) -> 18386753
B18: E. Solicitada = Energía solicitada por RUITOQUE para el producto.
B19: % E. Ofertado = Porcentaje de energía ofertado por el agente respecto a la E. Solicitada.
B20: E. Ofertada = Energía ofertada por el agente, producto de la E. Solicitada y el % E. Ofertado.
B21: $/kWh = Tarifa de la oferta para todas las horas del mes.
