Workbook

Sheet A2P1
B1: CENTRALES ELECTRICAS DE NARIÑO S.A. E.S.P.
B2: CURVA DE ENERGIA DE REFERENCIA PARA OFERTAR MENSUAL
B3: ANEXO 2 PRODUCTO 1 - CUADRO DE CANTIDADES DE ENERGÍA
B4: AÑO 2031 MWh
B7: Franja | C7: Hora | D7: AÑO 2031 MWh
D8: 47849 | E8: 47880 | F8: 47908 | G8: 47939 | H8: 47969 | I8: 48000 | J8: 48030 | K8: 48061 | L8: 48092 | M8: 48122 | N8: 48153 | O8: 48183
B9: Baja | C9: 1 | D9: 16.9 | E9: 16.9 | F9: 16.9 | G9: 16.9 | H9: 16.9 | I9: 16.9 | J9: 16.9 | K9: 16.9 | L9: 16.9 | M9: 16.9 | N9: 16.9 | O9: 16.9
C10: 2 | D10: 16.9 | E10: 16.9 | F10: 16.9 | G10: 16.9 | H10: 16.9 | I10: 16.9 | J10: 16.9 | K10: 16.9 | L10: 16.9 | M10: 16.9 | N10: 16.9 | O10: 16.9
C11: 3 | D11: 16.9 | E11: 16.9 | F11: 16.9 | G11: 16.9 | H11: 16.9 | I11: 16.9 | J11: 16.9 | K11: 16.9 | L11: 16.9 | M11: 16.9 | N11: 16.9 | O11: 16.9
C12: 4 | D12: 16.9 | E12: 16.9 | F12: 16.9 | G12: 16.9 | H12: 16.9 | I12: 16.9 | J12: 16.9 | K12: 16.9 | L12: 16.9 | M12: 16.9 | N12: 16.9 | O12: 16.9
B13: Media | C13: 5 | D13: 16.9 | E13: 16.9 | F13: 16.9 | G13: 16.9 | H13: 16.9 | I13: 16.9 | J13: 16.9 | K13: 16.9 | L13: 16.9 | M13: 16.9 | N13: 16.9 | O13: 16.9
C14: 6 | D14: 16.9 | E14: 16.9 | F14: 16.9 | G14: 16.9 | H14: 16.9 | I14: 16.9 | J14: 16.9 | K14: 16.9 | L14: 16.9 | M14: 16.9 | N14: 16.9 | O14: 16.9
C15: 7 | D15: 16.9 | E15: 16.9 | F15: 16.9 | G15: 16.9 | H15: 16.9 | I15: 16.9 | J15: 16.9 | K15: 16.9 | L15: 16.9 | M15: 16.9 | N15: 16.9 | O15: 16.9
C16: 8 | D16: 16.9 | E16: 16.9 | F16: 16.9 | G16: 16.9 | H16: 16.9 | I16: 16.9 | J16: 16.9 | K16: 16.9 | L16: 16.9 | M16: 16.9 | N16: 16.9 | O16: 16.9
C17: 9 | D17: 16.9 | E17: 16.9 | F17: 16.9 | G17: 16.9 | H17: 16.9 | I17: 16.9 | J17: 16.9 | K17: 16.9 | L17: 16.9 | M17: 16.9 | N17: 16.9 | O17: 16.9
B18: Alta | C18: 10 | D18: 16.9 | E18: 16.9 | F18: 16.9 | G18: 16.9 | H18: 16.9 | I18: 16.9 | J18: 16.9 | K18: 16.9 | L18: 16.9 | M18: 16.9 | N18: 16.9 | O18: 16.9
C19: 11 | D19: 16.9 | E19: 16.9 | F19: 16.9 | G19: 16.9 | H19: 16.9 | I19: 16.9 | J19: 16.9 | K19: 16.9 | L19: 16.9 | M19: 16.9 | N19: 16.9 | O19: 16.9
C20: 12 | D20: 16.9 | E20: 16.9 | F20: 16.9 | G20: 16.9 | H20: 16.9 | I20: 16.9 | J20: 16.9 | K20: 16.9 | L20: 16.9 | M20: 16.9 | N20: 16.9 | O20: 16.9
B21: Media | C21: 13 | D21: 16.9 | E21: 16.9 | F21: 16.9 | G21: 16.9 | H21: 16.9 | I21: 16.9 | J21: 16.9 | K21: 16.9 | L21: 16.9 | M21: 16.9 | N21: 16.9 | O21: 16.9
C22: 14 | D22: 16.9 | E22: 16.9 | F22: 16.9 | G22: 16.9 | H22: 16.9 | I22: 16.9 | J22: 16.9 | K22: 16.9 | L22: 16.9 | M22: 16.9 | N22: 16.9 | O22: 16.9
C23: 15 | D23: 16.9 | E23: 16.9 | F23: 16.9 | G23: 16.9 | H23: 16.9 | I23: 16.9 | J23: 16.9 | K23: 16.9 | L23: 16.9 | M23: 16.9 | N23: 16.9 | O23: 16.9
C24: 16 | D24: 16.9 | E24: 16.9 | F24: 16.9 | G24: 16.9 | H24: 16.9 | I24: 16.9 | J24: 16.9 | K24: 16.9 | L24: 16.9 | M24: 16.9 | N24: 16.9 | O24: 16.9
C25: 17 | D25: 16.9 | E25: 16.9 | F25: 16.9 | G25: 16.9 | H25: 16.9 | I25: 16.9 | J25: 16.9 | K25: 16.9 | L25: 16.9 | M25: 16.9 | N25: 16.9 | O25: 16.9
C26: 18 | D26: 16.9 | E26: 16.9 | F26: 16.9 | G26: 16.9 | H26: 16.9 | I26: 16.9 | J26: 16.9 | K26: 16.9 | L26: 16.9 | M26: 16.9 | N26: 16.9 | O26: 16.9
B27: Alta | C27: 19 | D27: 16.9 | E27: 16.9 | F27: 16.9 | G27: 16.9 | H27: 16.9 | I27: 16.9 | J27: 16.9 | K27: 16.9 | L27: 16.9 | M27: 16.9 | N27: 16.9 | O27: 16.9
C28: 20 | D28: 16.9 | E28: 16.9 | F28: 16.9 | G28: 16.9 | H28: 16.9 | I28: 16.9 | J28: 16.9 | K28: 16.9 | L28: 16.9 | M28: 16.9 | N28: 16.9 | O28: 16.9
C29: 21 | D29: 16.9 | E29: 16.9 | F29: 16.9 | G29: 16.9 | H29: 16.9 | I29: 16.9 | J29: 16.9 | K29: 16.9 | L29: 16.9 | M29: 16.9 | N29: 16.9 | O29: 16.9
B30: Media | C30: 22 | D30: 16.9 | E30: 16.9 | F30: 16.9 | G30: 16.9 | H30: 16.9 | I30: 16.9 | J30: 16.9 | K30: 16.9 | L30: 16.9 | M30: 16.9 | N30: 16.9 | O30: 16.9
C31: 23 | D31: 16.9 | E31: 16.9 | F31: 16.9 | G31: 16.9 | H31: 16.9 | I31: 16.9 | J31: 16.9 | K31: 16.9 | L31: 16.9 | M31: 16.9 | N31: 16.9 | O31: 16.9
B32: Baja | C32: 24 | D32: 16.9 | E32: 16.9 | F32: 16.9 | G32: 16.9 | H32: 16.9 | I32: 16.9 | J32: 16.9 | K32: 16.9 | L32: 16.9 | M32: 16.9 | N32: 16.9 | O32: 16.9
B33: Días | D33: 31 | E33: 28 | F33: 31 | G33: 30 | H33: 31 | I33: 30 | J33: 31 | K33: 31 | L33: 30 | M33: 31 | N33: 30 | O33: 31
B34: Resúmen Periodo Año 2031 MWh
B35: Baja | D35: =(SUM(D9:D12)+D32) -> 84.5 | E35: =(SUM(E9:E12)+E32) -> 84.5 | F35: =(SUM(F9:F12)+F32) -> 84.5 | G35: =(SUM(G9:G12)+G32) -> 84.5 | H35: =(SUM(H9:H12)+H32) -> 84.5 | I35: =(SUM(I9:I12)+I32) -> 84.5 | J35: =(SUM(J9:J12)+J32) -> 84.5 | K35: =(SUM(K9:K12)+K32) -> 84.5 | ... O35: =(SUM(O9:O12)+O32) -> 84.5
B36: Media | D36: =(SUM(D13:D17)+SUM(D21:D26)+D30+D31) -> 219.7 | E36: =(SUM(E13:E17)+SUM(E21:E26)+E30+E31) -> 219.7 | F36: =(SUM(F13:F17)+SUM(F21:F26)+F30+F31) -> 219.7 | G36: =(SUM(G13:G17)+SUM(G21:G26)+G30+G31) -> 219.7 | H36: =(SUM(H13:H17)+SUM(H21:H26)+H30+H31) -> 219.7 | I36: =(SUM(I13:I17)+SUM(I21:I26)+I30+I31) -> 219.7 | J36: =(SUM(J13:J17)+SUM(J21:J26)+J30+J31) -> 219.7 | K36: =(SUM(K13:K17)+SUM(K21:K26)+K30+K31) -> 219.7 | ... O36: =(SUM(O13:O17)+SUM(O21:O26)+O30+O31) -> 219.7
B37: Alta | D37: =(SUM(D18:D20)+SUM(D27:D29)) -> 101.4 | E37: =(SUM(E18:E20)+SUM(E27:E29)) -> 101.4 | F37: =(SUM(F18:F20)+SUM(F27:F29)) -> 101.4 | G37: =(SUM(G18:G20)+SUM(G27:G29)) -> 101.4 | H37: =(SUM(H18:H20)+SUM(H27:H29)) -> 101.4 | I37: =(SUM(I18:I20)+SUM(I27:I29)) -> 101.4 | J37: =(SUM(J18:J20)+SUM(J27:J29)) -> 101.4 | K37: =(SUM(K18:K20)+SUM(K27:K29)) -> 101.4 | ... O37: =(SUM(O18:O20)+SUM(O27:O29)) -> 101.4
B38: Subtotal Baja | D38: =D35*D33 -> 2619.5 | E38: =E35*E33 -> 2366 | F38: =F35*F33 -> 2619.5 | G38: =G35*G33 -> 2535 | H38: =H35*H33 -> 2619.5 | I38: =I35*I33 -> 2535 | J38: =J35*J33 -> 2619.5 | K38: =K35*K33 -> 2619.5 | ... O38: =O35*O33 -> 2619.5
B39: Subtotal Media | D39: =D33*D36 -> 6810.7 | E39: =E33*E36 -> 6151.6 | F39: =F33*F36 -> 6810.7 | G39: =G33*G36 -> 6591 | H39: =H33*H36 -> 6810.7 | I39: =I33*I36 -> 6591 | J39: =J33*J36 -> 6810.7 | K39: =K33*K36 -> 6810.7 | ... O39: =O33*O36 -> 6810.7
B40: Subtotal Alta | D40: =D33*D37 -> 3143.4 | E40: =E33*E37 -> 2839.2 | F40: =F33*F37 -> 3143.4 | G40: =G33*G37 -> 3042 | H40: =H33*H37 -> 3143.4 | I40: =I33*I37 -> 3042 | J40: =J33*J37 -> 3143.4 | K40: =K33*K37 -> 3143.4 | ... O40: =O33*O37 -> 3143.4
B41: Total | D41: =D40+D39+D38 -> 12573.6 | E41: =E40+E39+E38 -> 11356.8 | F41: =F40+F39+F38 -> 12573.6 | G41: =G40+G39+G38 -> 12168 | H41: =H40+H39+H38 -> 12573.6 | I41: =I40+I39+I38 -> 12168 | J41: =J40+J39+J38 -> 12573.6 | K41: =K40+K39+K38 -> 12573.6 | ... O41: =O40+O39+O38 -> 12573.6 | P41: =SUM(D41:O41) -> 148044
D42: 47849 | E42: 47880 | F42: 47908 | G42: 47939 | H42: 47969 | I42: 48000 | J42: 48030 | K42: 48061 | L42: 48092 | M42: 48122 | N42: 48153 | O42: 48183

Sheet A3P2
B1: CENTRALES ELECTRICAS DE NARIÑO S.A. E.S.P.
B2: CURVA DE ENERGIA DE REFERENCIA PARA OFERTAR MENSUAL
B3: ANEXO 3 PRODUCTO 2 - CUADRO DE CANTIDADES DE ENERGÍA
B4: AÑO 2032 MWh
B7: Franja | C7: Hora | D7: AÑO 2032 MWh
D8: 48214 | E8: 48245 | F8: 48274 | G8: 48305 | H8: 48335 | I8: 48366 | J8: 48396 | K8: 48427 | L8: 48458 | M8: 48488 | N8: 48519 | O8: 48549
B9: Baja | C9: 1 | D9: 14.6 | E9: 14.6 | F9: 14.6 | G9: 14.6 | H9: 14.6 | I9: 14.6 | J9: 14.6 | K9: 14.6 | L9: 14.6 | M9: 14.6 | N9: 14.6 | O9: 14.6
C10: 2 | D10: 14.6 | E10: 14.6 | F10: 14.6 | G10: 14.6 | H10: 14.6 | I10: 14.6 | J10: 14.6 | K10: 14.6 | L10: 14.6 | M10: 14.6 | N10: 14.6 | O10: 14.6
C11: 3 | D11: 14.6 | E11: 14.6 | F11: 14.6 | G11: 14.6 | H11: 14.6 | I11: 14.6 | J11: 14.6 | K11: 14.6 | L11: 14.6 | M11: 14.6 | N11: 14.6 | O11: 14.6
C12: 4 | D12: 14.6 | E12: 14.6 | F12: 14.6 | G12: 14.6 | H12: 14.6 | I12: 14.6 | J12: 14.6 | K12: 14.6 | L12: 14.6 | M12: 14.6 | N12: 14.6 | O12: 14.6
B13: Media | C13: 5 | D13: 14.6 | E13: 14.6 | F13: 14.6 | G13: 14.6 | H13: 14.6 | I13: 14.6 | J13: 14.6 | K13: 14.6 | L13: 14.6 | M13: 14.6 | N13: 14.6 | O13: 14.6
C14: 6 | D14: 14.6 | E14: 14.6 | F14: 14.6 | G14: 14.6 | H14: 14.6 | I14: 14.6 | J14: 14.6 | K14: 14.6 | L14: 14.6 | M14: 14.6 | N14: 14.6 | O14: 14.6
C15: 7 | D15: 14.6 | E15: 14.6 | F15: 14.6 | G15: 14.6 | H15: 14.6 | I15: 14.6 | J15: 14.6 | K15: 14.6 | L15: 14.6 | M15: 14.6 | N15: 14.6 | O15: 14.6
C16: 8 | D16: 14.6 | E16: 14.6 | F16: 14.6 | G16: 14.6 | H16: 14.6 | I16: 14.6 | J16: 14.6 | K16: 14.6 | L16: 14.6 | M16: 14.6 | N16: 14.6 | O16: 14.6
C17: 9 | D17: 14.6 | E17: 14.6 | F17: 14.6 | G17: 14.6 | H17: 14.6 | I17: 14.6 | J17: 14.6 | K17: 14.6 | L17: 14.6 | M17: 14.6 | N17: 14.6 | O17: 14.6
B18: Alta | C18: 10 | D18: 14.6 | E18: 14.6 | F18: 14.6 | G18: 14.6 | H18: 14.6 | I18: 14.6 | J18: 14.6 | K18: 14.6 | L18: 14.6 | M18: 14.6 | N18: 14.6 | O18: 14.6
C19: 11 | D19: 14.6 | E19: 14.6 | F19: 14.6 | G19: 14.6 | H19: 14.6 | I19: 14.6 | J19: 14.6 | K19: 14.6 | L19: 14.6 | M19: 14.6 | N19: 14.6 | O19: 14.6
C20: 12 | D20: 14.6 | E20: 14.6 | F20: 14.6 | G20: 14.6 | H20: 14.6 | I20: 14.6 | J20: 14.6 | K20: 14.6 | L20: 14.6 | M20: 14.6 | N20: 14.6 | O20: 14.6
B21: Media | C21: 13 | D21: 14.6 | E21: 14.6 | F21: 14.6 | G21: 14.6 | H21: 14.6 | I21: 14.6 | J21: 14.6 | K21: 14.6 | L21: 14.6 | M21: 14.6 | N21: 14.6 | O21: 14.6
C22: 14 | D22: 14.6 | E22: 14.6 | F22: 14.6 | G22: 14.6 | H22: 14.6 | I22: 14.6 | J22: 14.6 | K22: 14.6 | L22: 14.6 | M22: 14.6 | N22: 14.6 | O22: 14.6
C23: 15 | D23: 14.6 | E23: 14.6 | F23: 14.6 | G23: 14.6 | H23: 14.6 | I23: 14.6 | J23: 14.6 | K23: 14.6 | L23: 14.6 | M23: 14.6 | N23: 14.6 | O23: 14.6
C24: 16 | D24: 14.6 | E24: 14.6 | F24: 14.6 | G24: 14.6 | H24: 14.6 | I24: 14.6 | J24: 14.6 | K24: 14.6 | L24: 14.6 | M24: 14.6 | N24: 14.6 | O24: 14.6
C25: 17 | D25: 14.6 | E25: 14.6 | F25: 14.6 | G25: 14.6 | H25: 14.6 | I25: 14.6 | J25: 14.6 | K25: 14.6 | L25: 14.6 | M25: 14.6 | N25: 14.6 | O25: 14.6
C26: 18 | D26: 14.6 | E26: 14.6 | F26: 14.6 | G26: 14.6 | H26: 14.6 | I26: 14.6 | J26: 14.6 | K26: 14.6 | L26: 14.6 | M26: 14.6 | N26: 14.6 | O26: 14.6
B27: Alta | C27: 19 | D27: 14.6 | E27: 14.6 | F27: 14.6 | G27: 14.6 | H27: 14.6 | I27: 14.6 | J27: 14.6 | K27: 14.6 | L27: 14.6 | M27: 14.6 | N27: 14.6 | O27: 14.6
C28: 20 | D28: 14.6 | E28: 14.6 | F28: 14.6 | G28: 14.6 | H28: 14.6 | I28: 14.6 | J28: 14.6 | K28: 14.6 | L28: 14.6 | M28: 14.6 | N28: 14.6 | O28: 14.6
C29: 21 | D29: 14.6 | E29: 14.6 | F29: 14.6 | G29: 14.6 | H29: 14.6 | I29: 14.6 | J29: 14.6 | K29: 14.6 | L29: 14.6 | M29: 14.6 | N29: 14.6 | O29: 14.6
B30: Media | C30: 22 | D30: 14.6 | E30: 14.6 | F30: 14.6 | G30: 14.6 | H30: 14.6 | I30: 14.6 | J30: 14.6 | K30: 14.6 | L30: 14.6 | M30: 14.6 | N30: 14.6 | O30: 14.6
C31: 23 | D31: 14.6 | E31: 14.6 | F31: 14.6 | G31: 14.6 | H31: 14.6 | I31: 14.6 | J31: 14.6 | K31: 14.6 | L31: 14.6 | M31: 14.6 | N31: 14.6 | O31: 14.6
B32: Baja | C32: 24 | D32: 14.6 | E32: 14.6 | F32: 14.6 | G32: 14.6 | H32: 14.6 | I32: 14.6 | J32: 14.6 | K32: 14.6 | L32: 14.6 | M32: 14.6 | N32: 14.6 | O32: 14.6
B33: Días | D33: 31 | E33: 29 | F33: 31 | G33: 30 | H33: 31 | I33: 30 | J33: 31 | K33: 31 | L33: 30 | M33: 31 | N33: 30 | O33: 31
B34: Resúmen Periodo Año 2032 MWh
B35: Baja | D35: =(SUM(D9:D12)+D32) -> 73 | E35: =(SUM(E9:E12)+E32) -> 73 | F35: =(SUM(F9:F12)+F32) -> 73 | G35: =(SUM(G9:G12)+G32) -> 73 | H35: =(SUM(H9:H12)+H32) -> 73 | I35: =(SUM(I9:I12)+I32) -> 73 | J35: =(SUM(J9:J12)+J32) -> 73 | K35: =(SUM(K9:K12)+K32) -> 73 | ... O35: =(SUM(O9:O12)+O32) -> 73
B36: Media | D36: =(SUM(D13:D17)+SUM(D21:D26)+D30+D31) -> 189.8 | E36: =(SUM(E13:E17)+SUM(E21:E26)+E30+E31) -> 189.8 | F36: =(SUM(F13:F17)+SUM(F21:F26)+F30+F31) -> 189.8 | G36: =(SUM(G13:G17)+SUM(G21:G26)+G30+G31) -> 189.8 | H36: =(SUM(H13:H17)+SUM(H21:H26)+H30+H31) -> 189.8 | I36: =(SUM(I13:I17)+SUM(I21:I26)+I30+I31) -> 189.8 | J36: =(SUM(J13:J17)+SUM(J21:J26)+J30+J31) -> 189.8 | K36: =(SUM(K13:K17)+SUM(K21:K26)+K30+K31) -> 189.8 | ... O36: =(SUM(O13:O17)+SUM(O21:O26)+O30+O31) -> 189.8
B37: Alta | D37: =(SUM(D18:D20)+SUM(D27:D29)) -> 87.6 | E37: =(SUM(E18:E20)+SUM(E27:E29)) -> 87.6 | F37: =(SUM(F18:F20)+SUM(F27:F29)) -> 87.6 | G37: =(SUM(G18:G20)+SUM(G27:G29)) -> 87.6 | H37: =(SUM(H18:H20)+SUM(H27:H29)) -> 87.6 | I37: =(SUM(I18:I20)+SUM(I27:I29)) -> 87.6 | J37: =(SUM(J18:J20)+SUM(J27:J29)) -> 87.6 | K37: =(SUM(K18:K20)+SUM(K27:K29)) -> 87.6 | ... O37: =(SUM(O18:O20)+SUM(O27:O29)) -> 87.6
B38: Subtotal Baja | D38: =D35*D33 -> 2263 | E38: =E35*E33 -> 2117 | F38: =F35*F33 -> 2263 | G38: =G35*G33 -> 2190 | H38: =H35*H33 -> 2263 | I38: =I35*I33 -> 2190 | J38: =J35*J33 -> 2263 | K38: =K35*K33 -> 2263 | ... O38: =O35*O33 -> 2263
B39: Subtotal Media | D39: =D33*D36 -> 5883.8 | E39: =E33*E36 -> 5504.2 | F39: =F33*F36 -> 5883.8 | G39: =G33*G36 -> 5694 | H39: =H33*H36 -> 5883.8 | I39: =I33*I36 -> 5694 | J39: =J33*J36 -> 5883.8 | K39: =K33*K36 -> 5883.8 | ... O39: =O33*O36 -> 5883.8
B40: Subtotal Alta | D40: =D33*D37 -> 2715.6 | E40: =E33*E37 -> 2540.4 | F40: =F33*F37 -> 2715.6 | G40: =G33*G37 -> 2628 | H40: =H33*H37 -> 2715.6 | I40: =I33*I37 -> 2628 | J40: =J33*J37 -> 2715.6 | K40: =K33*K37 -> 2715.6 | ... O40: =O33*O37 -> 2715.6
B41: Total | D41: =D40+D39+D38 -> 10862.4 | E41: =E40+E39+E38 -> 10161.6 | F41: =F40+F39+F38 -> 10862.4 | G41: =G40+G39+G38 -> 10512 | H41: =H40+H39+H38 -> 10862.4 | I41: =I40+I39+I38 -> 10512 | J41: =J40+J39+J38 -> 10862.4 | K41: =K40+K39+K38 -> 10862.4 | ... O41: =O40+O39+O38 -> 10862.4 | P41: =SUM(D41:O41) -> 128246.4
D42: 48214 | E42: 48245 | F42: 48274 | G42: 48305 | H42: 48335 | I42: 48366 | J42: 48396 | K42: 48427 | L42: 48458 | M42: 48488 | N42: 48519 | O42: 48549

Sheet A4P3
B1: CENTRALES ELECTRICAS DE NARIÑO S.A. E.S.P.
B2: CURVA DE ENERGIA DE REFERENCIA PARA OFERTAR MENSUAL
B3: ANEXO 4 PRODUCTO 3 - CUADRO DE CANTIDADES DE ENERGÍA
B4: AÑO 2033 MWh
B7: Franja | C7: Hora | D7: AÑO 2033 MWh
D8: 48580 | E8: 48611 | F8: 48639 | G8: 48670 | H8: 48700 | I8: 48731 | J8: 48761 | K8: 48792 | L8: 48823 | M8: 48853 | N8: 48884 | O8: 48914
B9: Baja | C9: 1 | D9: 18.2 | E9: 18.2 | F9: 18.2 | G9: 18.2 | H9: 18.2 | I9: 18.2 | J9: 18.2 | K9: 18.2 | L9: 18.2 | M9: 18.2 | N9: 18.2 | O9: 18.2
C10: 2 | D10: 18.2 | E10: 18.2 | F10: 18.2 | G10: 18.2 | H10: 18.2 | I10: 18.2 | J10: 18.2 | K10: 18.2 | L10: 18.2 | M10: 18.2 | N10: 18.2 | O10: 18.2
C11: 3 | D11: 18.2 | E11: 18.2 | F11: 18.2 | G11: 18.2 | H11: 18.2 | I11: 18.2 | J11: 18.2 | K11: 18.2 | L11: 18.2 | M11: 18.2 | N11: 18.2 | O11: 18.2
C12: 4 | D12: 18.2 | E12: 18.2 | F12: 18.2 | G12: 18.2 | H12: 18.2 | I12: 18.2 | J12: 18.2 | K12: 18.2 | L12: 18.2 | M12: 18.2 | N12: 18.2 | O12: 18.2
B13: Media | C13: 5 | D13: 18.2 | E13: 18.2 | F13: 18.2 | G13: 18.2 | H13: 18.2 | I13: 18.2 | J13: 18.2 | K13: 18.2 | L13: 18.2 | M13: 18.2 | N13: 18.2 | O13: 18.2
C14: 6 | D14: 18.2 | E14: 18.2 | F14: 18.2 | G14: 18.2 | H14: 18.2 | I14: 18.2 | J14: 18.2 | K14: 18.2 | L14: 18.2 | M14: 18.2 | N14: 18.2 | O14: 18.2
C15: 7 | D15: 18.2 | E15: 18.2 | F15: 18.2 | G15: 18.2 | H15: 18.2 | I15: 18.2 | J15: 18.2 | K15: 18.2 | L15: 18.2 | M15: 18.2 | N15: 18.2 | O15: 18.2
C16: 8 | D16: 18.2 | E16: 18.2 | F16: 18.2 | G16: 18.2 | H16: 18.2 | I16: 18.2 | J16: 18.2 | K16: 18.2 | L16: 18.2 | M16: 18.2 | N16: 18.2 | O16: 18.2
C17: 9 | D17: 18.2 | E17: 18.2 | F17: 18.2 | G17: 18.2 | H17: 18.2 | I17: 18.2 | J17: 18.2 | K17: 18.2 | L17: 18.2 | M17: 18.2 | N17: 18.2 | O17: 18.2
B18: Alta | C18: 10 | D18: 18.2 | E18: 18.2 | F18: 18.2 | G18: 18.2 | H18: 18.2 | I18: 18.2 | J18: 18.2 | K18: 18.2 | L18: 18.2 | M18: 18.2 | N18: 18.2 | O18: 18.2
C19: 11 | D19: 18.2 | E19: 18.2 | F19: 18.2 | G19: 18.2 | H19: 18.2 | I19: 18.2 | J19: 18.2 | K19: 18.2 | L19: 18.2 | M19: 18.2 | N19: 18.2 | O19: 18.2
C20: 12 | D20: 18.2 | E20: 18.2 | F20: 18.2 | G20: 18.2 | H20: 18.2 | I20: 18.2 | J20: 18.2 | K20: 18.2 | L20: 18.2 | M20: 18.2 | N20: 18.2 | O20: 18.2
B21: Media | C21: 13 | D21: 18.2 | E21: 18.2 | F21: 18.2 | G21: 18.2 | H21: 18.2 | I21: 18.2 | J21: 18.2 | K21: 18.2 | L21: 18.2 | M21: 18.2 | N21: 18.2 | O21: 18.2
C22: 14 | D22: 18.2 | E22: 18.2 | F22: 18.2 | G22: 18.2 | H22: 18.2 | I22: 18.2 | J22: 18.2 | K22: 18.2 | L22: 18.2 | M22: 18.2 | N22: 18.2 | O22: 18.2
C23: 15 | D23: 18.2 | E23: 18.2 | F23: 18.2 | G23: 18.2 | H23: 18.2 | I23: 18.2 | J23: 18.2 | K23: 18.2 | L23: 18.2 | M23: 18.2 | N23: 18.2 | O23: 18.2
C24: 16 | D24: 18.2 | E24: 18.2 | F24: 18.2 | G24: 18.2 | H24: 18.2 | I24: 18.2 | J24: 18.2 | K24: 18.2 | L24: 18.2 | M24: 18.2 | N24: 18.2 | O24: 18.2
C25: 17 | D25: 18.2 | E25: 18.2 | F25: 18.2 | G25: 18.2 | H25: 18.2 | I25: 18.2 | J25: 18.2 | K25: 18.2 | L25: 18.2 | M25: 18.2 | N25: 18.2 | O25: 18.2
C26: 18 | D26: 18.2 | E26: 18.2 | F26: 18.2 | G26: 18.2 | H26: 18.2 | I26: 18.2 | J26: 18.2 | K26: 18.2 | L26: 18.2 | M26: 18.2 | N26: 18.2 | O26: 18.2
B27: Alta | C27: 19 | D27: 18.2 | E27: 18.2 | F27: 18.2 | G27: 18.2 | H27: 18.2 | I27: 18.2 | J27: 18.2 | K27: 18.2 | L27: 18.2 | M27: 18.2 | N27: 18.2 | O27: 18.2
C28: 20 | D28: 18.2 | E28: 18.2 | F28: 18.2 | G28: 18.2 | H28: 18.2 | I28: 18.2 | J28: 18.2 | K28: 18.2 | L28: 18.2 | M28: 18.2 | N28: 18.2 | O28: 18.2
C29: 21 | D29: 18.2 | E29: 18.2 | F29: 18.2 | G29: 18.2 | H29: 18.2 | I29: 18.2 | J29: 18.2 | K29: 18.2 | L29: 18.2 | M29: 18.2 | N29: 18.2 | O29: 18.2
B30: Media | C30: 22 | D30: 18.2 | E30: 18.2 | F30: 18.2 | G30: 18.2 | H30: 18.2 | I30: 18.2 | J30: 18.2 | K30: 18.2 | L30: 18.2 | M30: 18.2 | N30: 18.2 | O30: 18.2
C31: 23 | D31: 18.2 | E31: 18.2 | F31: 18.2 | G31: 18.2 | H31: 18.2 | I31: 18.2 | J31: 18.2 | K31: 18.2 | L31: 18.2 | M31: 18.2 | N31: 18.2 | O31: 18.2
B32: Baja | C32: 24 | D32: 18.2 | E32: 18.2 | F32: 18.2 | G32: 18.2 | H32: 18.2 | I32: 18.2 | J32: 18.2 | K32: 18.2 | L32: 18.2 | M32: 18.2 | N32: 18.2 | O32: 18.2
B33: Días | D33: 31 | E33: 28 | F33: 31 | G33: 30 | H33: 31 | I33: 30 | J33: 31 | K33: 31 | L33: 30 | M33: 31 | N33: 30 | O33: 31
B34: Resúmen Periodo Año 2033 MWh
B35: Baja | D35: =(SUM(D9:D12)+D32) -> 91 | E35: =(SUM(E9:E12)+E32) -> 91 | F35: =(SUM(F9:F12)+F32) -> 91 | G35: =(SUM(G9:G12)+G32) -> 91 | H35: =(SUM(H9:H12)+H32) -> 91 | I35: =(SUM(I9:I12)+I32) -> 91 | J35: =(SUM(J9:J12)+J32) -> 91 | K35: =(SUM(K9:K12)+K32) -> 91 | ... O35: =(SUM(O9:O12)+O32) -> 91
B36: Media | D36: =(SUM(D13:D17)+SUM(D21:D26)+D30+D31) -> 236.6 | E36: =(SUM(E13:E17)+SUM(E21:E26)+E30+E31) -> 236.6 | F36: =(SUM(F13:F17)+SUM(F21:F26)+F30+F31) -> 236.6 | G36: =(SUM(G13:G17)+SUM(G21:G26)+G30+G31) -> 236.6 | H36: =(SUM(H13:H17)+SUM(H21:H26)+H30+H31) -> 236.6 | I36: =(SUM(I13:I17)+SUM(I21:I26)+I30+I31) -> 236.6 | J36: =(SUM(J13:J17)+SUM(J21:J26)+J30+J31) -> 236.6 | K36: =(SUM(K13:K17)+SUM(K21:K26)+K30+K31) -> 236.6 | ... O36: =(SUM(O13:O17)+SUM(O21:O26)+O30+O31) -> 236.6
B37: Alta | D37: =(SUM(D18:D20)+SUM(D27:D29)) -> 109.2 | E37: =(SUM(E18:E20)+SUM(E27:E29)) -> 109.2 | F37: =(SUM(F18:F20)+SUM(F27:F29)) -> 109.2 | G37: =(SUM(G18:G20)+SUM(G27:G29)) -> 109.2 | H37: =(SUM(H18:H20)+SUM(H27:H29)) -> 109.2 | I37: =(SUM(I18:I20)+SUM(I27:I29)) -> 109.2 | J37: =(SUM(J18:J20)+SUM(J27:J29)) -> 109.2 | K37: =(SUM(K18:K20)+SUM(K27:K29)) -> 109.2 | ... O37: =(SUM(O18:O20)+SUM(O27:O29)) -> 109.2
B38: Subtotal Baja | D38: =D35*D33 -> 2821 | E38: =E35*E33 -> 2548 | F38: =F35*F33 -> 2821 | G38: =G35*G33 -> 2730 | H38: =H35*H33 -> 2821 | I38: =I35*I33 -> 2730 | J38: =J35*J33 -> 2821 | K38: =K35*K33 -> 2821 | ... O38: =O35*O33 -> 2821
B39: Subtotal Media | D39: =D33*D36 -> 7334.6 | E39: =E33*E36 -> 6624.8 | F39: =F33*F36 -> 7334.6 | G39: =G33*G36 -> 7098 | H39: =H33*H36 -> 7334.6 | I39: =I33*I36 -> 7098 | J39: =J33*J36 -> 7334.6 | K39: =K33*K36 -> 7334.6 | ... O39: =O33*O36 -> 7334.6
B40: Subtotal Alta | D40: =D33*D37 -> 3385.2 | E40: =E33*E37 -> 3057.6 | F40: =F33*F37 -> 3385.2 | G40: =G33*G37 -> 3276 | H40: =H33*H37 -> 3385.2 | I40: =I33*I37 -> 3276 | J40: =J33*J37 -> 3385.2 | K40: =K33*K37 -> 3385.2 | ... O40: =O33*O37 -> 3385.2
B41: Total | D41: =D40+D39+D38 -> 13540.8 | E41: =E40+E39+E38 -> 12230.4 | F41: =F40+F39+F38 -> 13540.8 | G41: =G40+G39+G38 -> 13104 | H41: =H40+H39+H38 -> 13540.8 | I41: =I40+I39+I38 -> 13104 | J41: =J40+J39+J38 -> 13540.8 | K41: =K40+K39+K38 -> 13540.8 | ... O41: =O40+O39+O38 -> 13540.8 | P41: =SUM(D41:O41) -> 159432
D42: 48580 | E42: 48611 | F42: 48639 | G42: 48670 | H42: 48700 | I42: 48731 | J42: 48761 | K42: 48792 | L42: 48823 | M42: 48853 | N42: 48884 | O42: 48914

Sheet A5P4
B1: CENTRALES ELECTRICAS DE NARIÑO S.A. E.S.P.
B2: CURVA DE ENERGIA DE REFERENCIA PARA OFERTAR MENSUAL
B3: ANEXO 5 PRODUCTO 4 - CUADRO DE CANTIDADES DE ENERGÍA
B4: AÑO 2034 MWh
B7: Franja | C7: Hora | D7: AÑO 2034 MWh
D8: 48945 | E8: 48976 | F8: 49004 | G8: 49035 | H8: 49065 | I8: 49096 | J8: 49126 | K8: 49157 | L8: 49188 | M8: 49218 | N8: 49249 | O8: 49279
B9: Baja | C9: 1 | D9: 8.5 | E9: 8.5 | F9: 8.5 | G9: 8.5 | H9: 8.5 | I9: 8.5 | J9: 8.5 | K9: 8.5 | L9: 8.5 | M9: 8.5 | N9: 8.5 | O9: 8.5
C10: 2 | D10: 8.5 | E10: 8.5 | F10: 8.5 | G10: 8.5 | H10: 8.5 | I10: 8.5 | J10: 8.5 | K10: 8.5 | L10: 8.5 | M10: 8.5 | N10: 8.5 | O10: 8.5
C11: 3 | D11: 8.5 | E11: 8.5 | F11: 8.5 | G11: 8.5 | H11: 8.5 | I11: 8.5 | J11: 8.5 | K11: 8.5 | L11: 8.5 | M11: 8.5 | N11: 8.5 | O11: 8.5
C12: 4 | D12: 8.5 | E12: 8.5 | F12: 8.5 | G12: 8.5 | H12: 8.5 | I12: 8.5 | J12: 8.5 | K12: 8.5 | L12: 8.5 | M12: 8.5 | N12: 8.5 | O12: 8.5
B13: Media | C13: 5 | D13: 8.5 | E13: 8.5 | F13: 8.5 | G13: 8.5 | H13: 8.5 | I13: 8.5 | J13: 8.5 | K13: 8.5 | L13: 8.5 | M13: 8.5 | N13: 8.5 | O13: 8.5
C14: 6 | D14: 8.5 | E14: 8.5 | F14: 8.5 | G14: 8.5 | H14: 8.5 | I14: 8.5 | J14: 8.5 | K14: 8.5 | L14: 8.5 | M14: 8.5 | N14: 8.5 | O14: 8.5
C15: 7 | D15: 8.5 | E15: 8.5 | F15: 8.5 | G15: 8.5 | H15: 8.5 | I15: 8.5 | J15: 8.5 | K15: 8.5 | L15: 8.5 | M15: 8.5 | N15: 8.5 | O15: 8.5
C16: 8 | D16: 8.5 | E16: 8.5 | F16: 8.5 | G16: 8.5 | H16: 8.5 | I16: 8.5 | J16: 8.5 | K16: 8.5 | L16: 8.5 | M16: 8.5 | N16: 8.5 | O16: 8.5
C17: 9 | D17: 8.5 | E17: 8.5 | F17: 8.5 | G17: 8.5 | H17: 8.5 | I17: 8.5 | J17: 8.5 | K17: 8.5 | L17: 8.5 | M17: 8.5 | N17: 8.5 | O17: 8.5
B18: Alta | C18: 10 | D18: 8.5 | E18: 8.5 | F18: 8.5 | G18: 8.5 | H18: 8.5 | I18: 8.5 | J18: 8.5 | K18: 8.5 | L18: 8.5 | M18: 8.5 | N18: 8.5 | O18: 8.5
C19: 11 | D19: 8.5 | E19: 8.5 | F19: 8.5 | G19: 8.5 | H19: 8.5 | I19: 8.5 | J19: 8.5 | K19: 8.5 | L19: 8.5 | M19: 8.5 | N19: 8.5 | O19: 8.5
C20: 12 | D20: 8.5 | E20: 8.5 | F20: 8.5 | G20: 8.5 | H20: 8.5 | I20: 8.5 | J20: 8.5 | K20: 8.5 | L20: 8.5 | M20: 8.5 | N20: 8.5 | O20: 8.5
B21: Media | C21: 13 | D21: 8.5 | E21: 8.5 | F21: 8.5 | G21: 8.5 | H21: 8.5 | I21: 8.5 | J21: 8.5 | K21: 8.5 | L21: 8.5 | M21: 8.5 | N21: 8.5 | O21: 8.5
C22: 14 | D22: 8.5 | E22: 8.5 | F22: 8.5 | G22: 8.5 | H22: 8.5 | I22: 8.5 | J22: 8.5 | K22: 8.5 | L22: 8.5 | M22: 8.5 | N22: 8.5 | O22: 8.5
C23: 15 | D23: 8.5 | E23: 8.5 | F23: 8.5 | G23: 8.5 | H23: 8.5 | I23: 8.5 | J23: 8.5 | K23: 8.5 | L23: 8.5 | M23: 8.5 | N23: 8.5 | O23: 8.5
C24: 16 | D24: 8.5 | E24: 8.5 | F24: 8.5 | G24: 8.5 | H24: 8.5 | I24: 8.5 | J24: 8.5 | K24: 8.5 | L24: 8.5 | M24: 8.5 | N24: 8.5 | O24: 8.5
C25: 17 | D25: 8.5 | E25: 8.5 | F25: 8.5 | G25: 8.5 | H25: 8.5 | I25: 8.5 | J25: 8.5 | K25: 8.5 | L25: 8.5 | M25: 8.5 | N25: 8.5 | O25: 8.5
C26: 18 | D26: 8.5 | E26: 8.5 | F26: 8.5 | G26: 8.5 | H26: 8.5 | I26: 8.5 | J26: 8.5 | K26: 8.5 | L26: 8.5 | M26: 8.5 | N26: 8.5 | O26: 8.5
B27: Alta | C27: 19 | D27: 8.5 | E27: 8.5 | F27: 8.5 | G27: 8.5 | H27: 8.5 | I27: 8.5 | J27: 8.5 | K27: 8.5 | L27: 8.5 | M27: 8.5 | N27: 8.5 | O27: 8.5
C28: 20 | D28: 8.5 | E28: 8.5 | F28: 8.5 | G28: 8.5 | H28: 8.5 | I28: 8.5 | J28: 8.5 | K28: 8.5 | L28: 8.5 | M28: 8.5 | N28: 8.5 | O28: 8.5
C29: 21 | D29: 8.5 | E29: 8.5 | F29: 8.5 | G29: 8.5 | H29: 8.5 | I29: 8.5 | J29: 8.5 | K29: 8.5 | L29: 8.5 | M29: 8.5 | N29: 8.5 | O29: 8.5
B30: Media | C30: 22 | D30: 8.5 | E30: 8.5 | F30: 8.5 | G30: 8.5 | H30: 8.5 | I30: 8.5 | J30: 8.5 | K30: 8.5 | L30: 8.5 | M30: 8.5 | N30: 8.5 | O30: 8.5
C31: 23 | D31: 8.5 | E31: 8.5 | F31: 8.5 | G31: 8.5 | H31: 8.5 | I31: 8.5 | J31: 8.5 | K31: 8.5 | L31: 8.5 | M31: 8.5 | N31: 8.5 | O31: 8.5
B32: Baja | C32: 24 | D32: 8.5 | E32: 8.5 | F32: 8.5 | G32: 8.5 | H32: 8.5 | I32: 8.5 | J32: 8.5 | K32: 8.5 | L32: 8.5 | M32: 8.5 | N32: 8.5 | O32: 8.5
B33: Días | D33: 31 | E33: 28 | F33: 31 | G33: 30 | H33: 31 | I33: 30 | J33: 31 | K33: 31 | L33: 30 | M33: 31 | N33: 30 | O33: 31
B34: Resúmen Periodo Año 2034 MWh
B35: Baja | D35: =(SUM(D9:D12)+D32) -> 42.5 | E35: =(SUM(E9:E12)+E32) -> 42.5 | F35: =(SUM(F9:F12)+F32) -> 42.5 | G35: =(SUM(G9:G12)+G32) -> 42.5 | H35: =(SUM(H9:H12)+H32) -> 42.5 | I35: =(SUM(I9:I12)+I32) -> 42.5 | J35: =(SUM(J9:J12)+J32) -> 42.5 | K35: =(SUM(K9:K12)+K32) -> 42.5 | ... O35: =(SUM(O9:O12)+O32) -> 42.5
B36: Media | D36: =(SUM(D13:D17)+SUM(D21:D26)+D30+D31) -> 110.5 | E36: =(SUM(E13:E17)+SUM(E21:E26)+E30+E31) -> 110.5 | F36: =(SUM(F13:F17)+SUM(F21:F26)+F30+F31) -> 110.5 | G36: =(SUM(G13:G17)+SUM(G21:G26)+G30+G31) -> 110.5 | H36: =(SUM(H13:H17)+SUM(H21:H26)+H30+H31) -> 110.5 | I36: =(SUM(I13:I17)+SUM(I21:I26)+I30+I31) -> 110.5 | J36: =(SUM(J13:J17)+SUM(J21:J26)+J30+J31) -> 110.5 | K36: =(SUM(K13:K17)+SUM(K21:K26)+K30+K31) -> 110.5 | ... O36: =(SUM(O13:O17)+SUM(O21:O26)+O30+O31) -> 110.5
B37: Alta | D37: =(SUM(D18:D20)+SUM(D27:D29)) -> 51 | E37: =(SUM(E18:E20)+SUM(E27:E29)) -> 51 | F37: =(SUM(F18:F20)+SUM(F27:F29)) -> 51 | G37: =(SUM(G18:G20)+SUM(G27:G29)) -> 51 | H37: =(SUM(H18:H20)+SUM(H27:H29)) -> 51 | I37: =(SUM(I18:I20)+SUM(I27:I29)) -> 51 | J37: =(SUM(J18:J20)+SUM(J27:J29)) -> 51 | K37: =(SUM(K18:K20)+SUM(K27:K29)) -> 51 | ... O37: =(SUM(O18:O20)+SUM(O27:O29)) -> 51
B38: Subtotal Baja | D38: =D35*D33 -> 1317.5 | E38: =E35*E33 -> 1190 | F38: =F35*F33 -> 1317.5 | G38: =G35*G33 -> 1275 | H38: =H35*H33 -> 1317.5 | I38: =I35*I33 -> 1275 | J38: =J35*J33 -> 1317.5 | K38: =K35*K33 -> 1317.5 | ... O38: =O35*O33 -> 1317.5
B39: Subtotal Media | D39: =D33*D36 -> 3425.5 | E39: =E33*E36 -> 3094 | F39: =F33*F36 -> 3425.5 | G39: =G33*G36 -> 3315 | H39: =H33*H36 -> 3425.5 | I39: =I33*I36 -> 3315 | J39: =J33*J36 -> 3425.5 | K39: =K33*K36 -> 3425.5 | ... O39: =O33*O36 -> 3425.5
B40: Subtotal Alta | D40: =D33*D37 -> 1581 | E40: =E33*E37 -> 1428 | F40: =F33*F37 -> 1581 | G40: =G33*G37 -> 1530 | H40: =H33*H37 -> 1581 | I40: =I33*I37 -> 1530 | J40: =J33*J37 -> 1581 | K40: =K33*K37 -> 1581 | ... O40: =O33*O37 -> 1581
B41: Total | D41: =D40+D39+D38 -> 6324 | E41: =E40+E39+E38 -> 5712 | F41: =F40+F39+F38 -> 6324 | G41: =G40+G39+G38 -> 6120 | H41: =H40+H39+H38 -> 6324 | I41: =I40+I39+I38 -> 6120 | J41: =J40+J39+J38 -> 6324 | K41: =K40+K39+K38 -> 6324 | ... O41: =O40+O39+O38 -> 6324 | P41: =SUM(D41:O41) -> 74460
D42: 48945 | E42: 48976 | F42: 49004 | G42: 49035 | H42: 49065 | I42: 49096 | J42: 49126 | K42: 49157 | L42: 49188 | M42: 49218 | N42: 49249 | O42: 49279

Sheet A6P5
B1: CENTRALES ELECTRICAS DE NARIÑO S.A. E.S.P.
B2: CURVA DE ENERGIA DE REFERENCIA PARA OFERTAR MENSUAL
B3: ANEXO 6 PRODUCTO 5 - CUADRO DE CANTIDADES DE ENERGÍA
B4: AÑO 2035 MWh
B7: Franja | C7: Hora | D7: AÑO 2035 MWh
D8: 49310 | E8: 49341 | F8: 49369 | G8: 49400 | H8: 49430 | I8: 49461 | J8: 49491 | K8: 49522 | L8: 49553 | M8: 49583 | N8: 49614 | O8: 49644
B9: Baja | C9: 1 | D9: 7.6 | E9: 7.6 | F9: 7.6 | G9: 7.6 | H9: 7.6 | I9: 7.6 | J9: 7.6 | K9: 7.6 | L9: 7.6 | M9: 7.6 | N9: 7.6 | O9: 7.6
C10: 2 | D10: 7.6 | E10: 7.6 | F10: 7.6 | G10: 7.6 | H10: 7.6 | I10: 7.6 | J10: 7.6 | K10: 7.6 | L10: 7.6 | M10: 7.6 | N10: 7.6 | O10: 7.6
C11: 3 | D11: 7.6 | E11: 7.6 | F11: 7.6 | G11: 7.6 | H11: 7.6 | I11: 7.6 | J11: 7.6 | K11: 7.6 | L11: 7.6 | M11: 7.6 | N11: 7.6 | O11: 7.6
C12: 4 | D12: 7.6 | E12: 7.6 | F12: 7.6 | G12: 7.6 | H12: 7.6 | I12: 7.6 | J12: 7.6 | K12: 7.6 | L12: 7.6 | M12: 7.6 | N12: 7.6 | O12: 7.6
B13: Media | C13: 5 | D13: 7.6 | E13: 7.6 | F13: 7.6 | G13: 7.6 | H13: 7.6 | I13: 7.6 | J13: 7.6 | K13: 7.6 | L13: 7.6 | M13: 7.6 | N13: 7.6 | O13: 7.6
C14: 6 | D14: 7.6 | E14: 7.6 | F14: 7.6 | G14: 7.6 | H14: 7.6 | I14: 7.6 | J14: 7.6 | K14: 7.6 | L14: 7.6 | M14: 7.6 | N14: 7.6 | O14: 7.6
C15: 7 | D15: 7.6 | E15: 7.6 | F15: 7.6 | G15: 7.6 | H15: 7.6 | I15: 7.6 | J15: 7.6 | K15: 7.6 | L15: 7.6 | M15: 7.6 | N15: 7.6 | O15: 7.6
C16: 8 | D16: 7.6 | E16: 7.6 | F16: 7.6 | G16: 7.6 | H16: 7.6 | I16: 7.6 | J16: 7.6 | K16: 7.6 | L16: 7.6 | M16: 7.6 | N16: 7.6 | O16: 7.6
C17: 9 | D17: 7.6 | E17: 7.6 | F17: 7.6 | G17: 7.6 | H17: 7.6 | I17: 7.6 | J17: 7.6 | K17: 7.6 | L17: 7.6 | M17: 7.6 | N17: 7.6 | O17: 7.6
B18: Alta | C18: 10 | D18: 7.6 | E18: 7.6 | F18: 7.6 | G18: 7.6 | H18: 7.6 | I18: 7.6 | J18: 7.6 | K18: 7.6 | L18: 7.6 | M18: 7.6 | N18: 7.6 | O18: 7.6
C19: 11 | D19: 7.6 | E19: 7.6 | F19: 7.6 | G19: 7.6 | H19: 7.6 | I19: 7.6 | J19: 7.6 | K19: 7.6 | L19: 7.6 | M19: 7.6 | N19: 7.6 | O19: 7.6
C20: 12 | D20: 7.6 | E20: 7.6 | F20: 7.6 | G20: 7.6 | H20: 7.6 | I20: 7.6 | J20: 7.6 | K20: 7.6 | L20: 7.6 | M20: 7.6 | N20: 7.6 | O20: 7.6
B21: Media | C21: 13 | D21: 7.6 | E21: 7.6 | F21: 7.6 | G21: 7.6 | H21: 7.6 | I21: 7.6 | J21: 7.6 | K21: 7.6 | L21: 7.6 | M21: 7.6 | N21: 7.6 | O21: 7.6
C22: 14 | D22: 7.6 | E22: 7.6 | F22: 7.6 | G22: 7.6 | H22: 7.6 | I22: 7.6 | J22: 7.6 | K22: 7.6 | L22: 7.6 | M22: 7.6 | N22: 7.6 | O22: 7.6
C23: 15 | D23: 7.6 | E23: 7.6 | F23: 7.6 | G23: 7.6 | H23: 7.6 | I23: 7.6 | J23: 7.6 | K23: 7.6 | L23: 7.6 | M23: 7.6 | N23: 7.6 | O23: 7.6
C24: 16 | D24: 7.6 | E24: 7.6 | F24: 7.6 | G24: 7.6 | H24: 7.6 | I24: 7.6 | J24: 7.6 | K24: 7.6 | L24: 7.6 | M24: 7.6 | N24: 7.6 | O24: 7.6
C25: 17 | D25: 7.6 | E25: 7.6 | F25: 7.6 | G25: 7.6 | H25: 7.6 | I25: 7.6 | J25: 7.6 | K25: 7.6 | L25: 7.6 | M25: 7.6 | N25: 7.6 | O25: 7.6
C26: 18 | D26: 7.6 | E26: 7.6 | F26: 7.6 | G26: 7.6 | H26: 7.6 | I26: 7.6 | J26: 7.6 | K26: 7.6 | L26: 7.6 | M26: 7.6 | N26: 7.6 | O26: 7.6
B27: Alta | C27: 19 | D27: 7.6 | E27: 7.6 | F27: 7.6 | G27: 7.6 | H27: 7.6 | I27: 7.6 | J27: 7.6 | K27: 7.6 | L27: 7.6 | M27: 7.6 | N27: 7.6 | O27: 7.6
C28: 20 | D28: 7.6 | E28: 7.6 | F28: 7.6 | G28: 7.6 | H28: 7.6 | I28: 7.6 | J28: 7.6 | K28: 7.6 | L28: 7.6 | M28: 7.6 | N28: 7.6 | O28: 7.6
C29: 21 | D29: 7.6 | E29: 7.6 | F29: 7.6 | G29: 7.6 | H29: 7.6 | I29: 7.6 | J29: 7.6 | K29: 7.6 | L29: 7.6 | M29: 7.6 | N29: 7.6 | O29: 7.6
B30: Media | C30: 22 | D30: 7.6 | E30: 7.6 | F30: 7.6 | G30: 7.6 | H30: 7.6 | I30: 7.6 | J30: 7.6 | K30: 7.6 | L30: 7.6 | M30: 7.6 | N30: 7.6 | O30: 7.6
C31: 23 | D31: 7.6 | E31: 7.6 | F31: 7.6 | G31: 7.6 | H31: 7.6 | I31: 7.6 | J31: 7.6 | K31: 7.6 | L31: 7.6 | M31: 7.6 | N31: 7.6 | O31: 7.6
B32: Baja | C32: 24 | D32: 7.6 | E32: 7.6 | F32: 7.6 | G32: 7.6 | H32: 7.6 | I32: 7.6 | J32: 7.6 | K32: 7.6 | L32: 7.6 | M32: 7.6 | N32: 7.6 | O32: 7.6
B33: Días | D33: 31 | E33: 28 | F33: 31 | G33: 30 | H33: 31 | I33: 30 | J33: 31 | K33: 31 | L33: 30 | M33: 31 | N33: 30 | O33: 31
B34: Resúmen Periodo Año 2035 MWh
B35: Baja | D35: =(SUM(D9:D12)+D32) -> 38 | E35: =(SUM(E9:E12)+E32) -> 38 | F35: =(SUM(F9:F12)+F32) -> 38 | G35: =(SUM(G9:G12)+G32) -> 38 | H35: =(SUM(H9:H12)+H32) -> 38 | I35: =(SUM(I9:I12)+I32) -> 38 | J35: =(SUM(J9:J12)+J32) -> 38 | K35: =(SUM(K9:K12)+K32) -> 38 | ... O35: =(SUM(O9:O12)+O32) -> 38
B36: Media | D36: =(SUM(D13:D17)+SUM(D21:D26)+D30+D31) -> 98.8 | E36: =(SUM(E13:E17)+SUM(E21:E26)+E30+E31) -> 98.8 | F36: =(SUM(F13:F17)+SUM(F21:F26)+F30+F31) -> 98.8 | G36: =(SUM(G13:G17)+SUM(G21:G26)+G30+G31) -> 98.8 | H36: =(SUM(H13:H17)+SUM(H21:H26)+H30+H31) -> 98.8 | I36: =(SUM(I13:I17)+SUM(I21:I26)+I30+I31) -> 98.8 | J36: =(SUM(J13:J17)+SUM(J21:J26)+J30+J31) -> 98.8 | K36: =(SUM(K13:K17)+SUM(K21:K26)+K30+K31) -> 98.8 | ... O36: =(SUM(O13:O17)+SUM(O21:O26)+O30+O31) -> 98.8
B37: Alta | D37: =(SUM(D18:D20)+SUM(D27:D29)) -> 45.6 | E37: =(SUM(E18:E20)+SUM(E27:E29)) -> 45.6 | F37: =(SUM(F18:F20)+SUM(F27:F29)) -> 45.6 | G37: =(SUM(G18:G20)+SUM(G27:G29)) -> 45.6 | H37: =(SUM(H18:H20)+SUM(H27:H29)) -> 45.6 | I37: =(SUM(I18:I20)+SUM(I27:I29)) -> 45.6 | J37: =(SUM(J18:J20)+SUM(J27:J29)) -> 45.6 | K37: =(SUM(K18:K20)+SUM(K27:K29)) -> 45.6 | ... O37: =(SUM(O18:O20)+SUM(O27:O29)) -> 45.6
B38: Subtotal Baja | D38: =D35*D33 -> 1178 | E38: =E35*E33 -> 1064 | F38: =F35*F33 -> 1178 | G38: =G35*G33 -> 1140 | H38: =H35*H33 -> 1178 | I38: =I35*I33 -> 1140 | J38: =J35*J33 -> 1178 | K38: =K35*K33 -> 1178 | ... O38: =O35*O33 -> 1178
B39: Subtotal Media | D39: =D33*D36 -> 3062.8 | E39: =E33*E36 -> 2766.4 | F39: =F33*F36 -> 3062.8 | G39: =G33*G36 -> 2964 | H39: =H33*H36 -> 3062.8 | I39: =I33*I36 -> 2964 | J39: =J33*J36 -> 3062.8 | K39: =K33*K36 -> 3062.8 | ... O39: =O33*O36 -> 3062.8
B40: Subtotal Alta | D40: =D33*D37 -> 1413.6 | E40: =E33*E37 -> 1276.8 | F40: =F33*F37 -> 1413.6 | G40: =G33*G37 -> 1368 | H40: =H33*H37 -> 1413.6 | I40: =I33*I37 -> 1368 | J40: =J33*J37 -> 1413.6 | K40: =K33*K37 -> 1413.6 | ... O40: =O33*O37 -> 1413.6
B41: Total | D41: =D40+D39+D38 -> 5654.4 | E41: =E40+E39+E38 -> 5107.2 | F41: =F40+F39+F38 -> 5654.4 | G41: =G40+G39+G38 -> 5472 | H41: =H40+H39+H38 -> 5654.4 | I41: =I40+I39+I38 -> 5472 | J41: =J40+J39+J38 -> 5654.4 | K41: =K40+K39+K38 -> 5654.4 | ... O41: =O40+O39+O38 -> 5654.4 | P41: =SUM(D41:O41) -> 66576
D42: 49310 | E42: 49341 | F42: 49369 | G42: 49400 | H42: 49430 | I42: 49461 | J42: 49491 | K42: 49522 | L42: 49553 | M42: 49583 | N42: 49614 | O42: 49644

Sheet A7P6
B1: CENTRALES ELECTRICAS DE NARIÑO S.A. E.S.P.
B2: CURVA DE ENERGIA DE REFERENCIA PARA OFERTAR MENSUAL
B3: ANEXO 7 PRODUCTO 6 - CUADRO DE CANTIDADES DE ENERGÍA
B4: AÑO 2036 MWh
B7: Franja | C7: Hora | D7: AÑO 2036 MWh
D8: 49675 | E8: 49706 | F8: 49735 | G8: 49766 | H8: 49796 | I8: 49827 | J8: 49857 | K8: 49888 | L8: 49919 | M8: 49949 | N8: 49980 | O8: 50010
B9: Baja | C9: 1 | D9: 2.3 | E9: 2.3 | F9: 2.3 | G9: 2.3 | H9: 2.3 | I9: 2.3 | J9: 2.3 | K9: 2.3 | L9: 2.3 | M9: 2.3 | N9: 2.3 | O9: 2.3
C10: 2 | D10: 2.3 | E10: 2.3 | F10: 2.3 | G10: 2.3 | H10: 2.3 | I10: 2.3 | J10: 2.3 | K10: 2.3 | L10: 2.3 | M10: 2.3 | N10: 2.3 | O10: 2.3
C11: 3 | D11: 2.3 | E11: 2.3 | F11: 2.3 | G11: 2.3 | H11: 2.3 | I11: 2.3 | J11: 2.3 | K11: 2.3 | L11: 2.3 | M11: 2.3 | N11: 2.3 | O11: 2.3
C12: 4 | D12: 2.3 | E12: 2.3 | F12: 2.3 | G12: 2.3 | H12: 2.3 | I12: 2.3 | J12: 2.3 | K12: 2.3 | L12: 2.3 | M12: 2.3 | N12: 2.3 | O12: 2.3
B13: Media | C13: 5 | D13: 2.3 | E13: 2.3 | F13: 2.3 | G13: 2.3 | H13: 2.3 | I13: 2.3 | J13: 2.3 | K13: 2.3 | L13: 2.3 | M13: 2.3 | N13: 2.3 | O13: 2.3
C14: 6 | D14: 2.3 | E14: 2.3 | F14: 2.3 | G14: 2.3 | H14: 2.3 | I14: 2.3 | J14: 2.3 | K14: 2.3 | L14: 2.3 | M14: 2.3 | N14: 2.3 | O14: 2.3
C15: 7 | D15: 2.3 | E15: 2.3 | F15: 2.3 | G15: 2.3 | H15: 2.3 | I15: 2.3 | J15: 2.3 | K15: 2.3 | L15: 2.3 | M15: 2.3 | N15: 2.3 | O15: 2.3
C16: 8 | D16: 2.3 | E16: 2.3 | F16: 2.3 | G16: 2.3 | H16: 2.3 | I16: 2.3 | J16: 2.3 | K16: 2.3 | L16: 2.3 | M16: 2.3 | N16: 2.3 | O16: 2.3
C17: 9 | D17: 2.3 | E17: 2.3 | F17: 2.3 | G17: 2.3 | H17: 2.3 | I17: 2.3 | J17: 2.3 | K17: 2.3 | L17: 2.3 | M17: 2.3 | N17: 2.3 | O17: 2.3
B18: Alta | C18: 10 | D18: 2.3 | E18: 2.3 | F18: 2.3 | G18: 2.3 | H18: 2.3 | I18: 2.3 | J18: 2.3 | K18: 2.3 | L18: 2.3 | M18: 2.3 | N18: 2.3 | O18: 2.3
C19: 11 | D19: 2.3 | E19: 2.3 | F19: 2.3 | G19: 2.3 | H19: 2.3 | I19: 2.3 | J19: 2.3 | K19: 2.3 | L19: 2.3 | M19: 2.3 | N19: 2.3 | O19: 2.3
C20: 12 | D20: 2.3 | E20: 2.3 | F20: 2.3 | G20: 2.3 | H20: 2.3 | I20: 2.3 | J20: 2.3 | K20: 2.3 | L20: 2.3 | M20: 2.3 | N20: 2.3 | O20: 2.3
B21: Media | C21: 13 | D21: 2.3 | E21: 2.3 | F21: 2.3 | G21: 2.3 | H21: 2.3 | I21: 2.3 | J21: 2.3 | K21: 2.3 | L21: 2.3 | M21: 2.3 | N21: 2.3 | O21: 2.3
C22: 14 | D22: 2.3 | E22: 2.3 | F22: 2.3 | G22: 2.3 | H22: 2.3 | I22: 2.3 | J22: 2.3 | K22: 2.3 | L22: 2.3 | M22: 2.3 | N22: 2.3 | O22: 2.3
C23: 15 | D23: 2.3 | E23: 2.3 | F23: 2.3 | G23: 2.3 | H23: 2.3 | I23: 2.3 | J23: 2.3 | K23: 2.3 | L23: 2.3 | M23: 2.3 | N23: 2.3 | O23: 2.3
C24: 16 | D24: 2.3 | E24: 2.3 | F24: 2.3 | G24: 2.3 | H24: 2.3 | I24: 2.3 | J24: 2.3 | K24: 2.3 | L24: 2.3 | M24: 2.3 | N24: 2.3 | O24: 2.3
C25: 17 | D25: 2.3 | E25: 2.3 | F25: 2.3 | G25: 2.3 | H25: 2.3 | I25: 2.3 | J25: 2.3 | K25: 2.3 | L25: 2.3 | M25: 2.3 | N25: 2.3 | O25: 2.3
C26: 18 | D26: 2.3 | E26: 2.3 | F26: 2.3 | G26: 2.3 | H26: 2.3 | I26: 2.3 | J26: 2.3 | K26: 2.3 | L26: 2.3 | M26: 2.3 | N26: 2.3 | O26: 2.3
B27: Alta | C27: 19 | D27: 2.3 | E27: 2.3 | F27: 2.3 | G27: 2.3 | H27: 2.3 | I27: 2.3 | J27: 2.3 | K27: 2.3 | L27: 2.3 | M27: 2.3 | N27: 2.3 | O27: 2.3
C28: 20 | D28: 2.3 | E28: 2.3 | F28: 2.3 | G28: 2.3 | H28: 2.3 | I28: 2.3 | J28: 2.3 | K28: 2.3 | L28: 2.3 | M28: 2.3 | N28: 2.3 | O28: 2.3
C29: 21 | D29: 2.3 | E29: 2.3 | F29: 2.3 | G29: 2.3 | H29: 2.3 | I29: 2.3 | J29: 2.3 | K29: 2.3 | L29: 2.3 | M29: 2.3 | N29: 2.3 | O29: 2.3
B30: Media | C30: 22 | D30: 2.3 | E30: 2.3 | F30: 2.3 | G30: 2.3 | H30: 2.3 | I30: 2.3 | J30: 2.3 | K30: 2.3 | L30: 2.3 | M30: 2.3 | N30: 2.3 | O30: 2.3
C31: 23 | D31: 2.3 | E31: 2.3 | F31: 2.3 | G31: 2.3 | H31: 2.3 | I31: 2.3 | J31: 2.3 | K31: 2.3 | L31: 2.3 | M31: 2.3 | N31: 2.3 | O31: 2.3
B32: Baja | C32: 24 | D32: 2.3 | E32: 2.3 | F32: 2.3 | G32: 2.3 | H32: 2.3 | I32: 2.3 | J32: 2.3 | K32: 2.3 | L32: 2.3 | M32: 2.3 | N32: 2.3 | O32: 2.3
B33: Días | D33: 31 | E33: 29 | F33: 31 | G33: 30 | H33: 31 | I33: 30 | J33: 31 | K33: 31 | L33: 30 | M33: 31 | N33: 30 | O33: 31
B34: Resúmen Periodo Año 2036 MWh
B35: Baja | D35: =(SUM(D9:D12)+D32) -> 11.5 | E35: =(SUM(E9:E12)+E32) -> 11.5 | F35: =(SUM(F9:F12)+F32) -> 11.5 | G35: =(SUM(G9:G12)+G32) -> 11.5 | H35: =(SUM(H9:H12)+H32) -> 11.5 | I35: =(SUM(I9:I12)+I32) -> 11.5 | J35: =(SUM(J9:J12)+J32) -> 11.5 | K35: =(SUM(K9:K12)+K32) -> 11.5 | ... O35: =(SUM(O9:O12)+O32) -> 11.5
B36: Media | D36: =(SUM(D13:D17)+SUM(D21:D26)+D30+D31) -> 29.9 | E36: =(SUM(E13:E17)+SUM(E21:E26)+E30+E31) -> 29.9 | F36: =(SUM(F13:F17)+SUM(F21:F26)+F30+F31) -> 29.9 | G36: =(SUM(G13:G17)+SUM(G21:G26)+G30+G31) -> 29.9 | H36: =(SUM(H13:H17)+SUM(H21:H26)+H30+H31) -> 29.9 | I36: =(SUM(I13:I17)+SUM(I21:I26)+I30+I31) -> 29.9 | J36: =(SUM(J13:J17)+SUM(J21:J26)+J30+J31) -> 29.9 | K36: =(SUM(K13:K17)+SUM(K21:K26)+K30+K31) -> 29.9 | ... O36: =(SUM(O13:O17)+SUM(O21:O26)+O30+O31) -> 29.9
B37: Alta | D37: =(SUM(D18:D20)+SUM(D27:D29)) -> 13.8 | E37: =(SUM(E18:E20)+SUM(E27:E29)) -> 13.8 | F37: =(SUM(F18:F20)+SUM(F27:F29)) -> 13.8 | G37: =(SUM(G18:G20)+SUM(G27:G29)) -> 13.8 | H37: =(SUM(H18:H20)+SUM(H27:H29)) -> 13.8 | I37: =(SUM(I18:I20)+SUM(I27:I29)) -> 13.8 | J37: =(SUM(J18:J20)+SUM(J27:J29)) -> 13.8 | K37: =(SUM(K18:K20)+SUM(K27:K29)) -> 13.8 | ... O37: =(SUM(O18:O20)+SUM(O27:O29)) -> 13.8
B38: Subtotal Baja | D38: =D35*D33 -> 356.5 | E38: =E35*E33 -> 333.5 | F38: =F35*F33 -> 356.5 | G38: =G35*G33 -> 345 | H38: =H35*H33 -> 356.5 | I38: =I35*I33 -> 345 | J38: =J35*J33 -> 356.5 | K38: =K35*K33 -> 356.5 | ... O38: =O35*O33 -> 356.5
B39: Subtotal Media | D39: =D33*D36 -> 926.9 | E39: =E33*E36 -> 867.1 | F39: =F33*F36 -> 926.9 | G39: =G33*G36 -> 897 | H39: =H33*H36 -> 926.9 | I39: =I33*I36 -> 897 | J39: =J33*J36 -> 926.9 | K39: =K33*K36 -> 926.9 | ... O39: =O33*O36 -> 926.9
B40: Subtotal Alta | D40: =D33*D37 -> 427.8 | E40: =E33*E37 -> 400.2 | F40: =F33*F37 -> 427.8 | G40: =G33*G37 -> 414 | H40: =H33*H37 -> 427.8 | I40: =I33*I37 -> 414 | J40: =J33*J37 -> 427.8 | K40: =K33*K37 -> 427.8 | ... O40: =O33*O37 -> 427.8
B41: Total | D41: =D40+D39+D38 -> 1711.2 | E41: =E40+E39+E38 -> 1600.8 | F41: =F40+F39+F38 -> 1711.2 | G41: =G40+G39+G38 -> 1656 | H41: =H40+H39+H38 -> 1711.2 | I41: =I40+I39+I38 -> 1656 | J41: =J40+J39+J38 -> 1711.2 | K41: =K40+K39+K38 -> 1711.2 | ... O41: =O40+O39+O38 -> 1711.2 | P41: =SUM(D41:O41) -> 20203.2
D42: 49675 | E42: 49706 | F42: 49735 | G42: 49766 | H42: 49796 | I42: 49827 | J42: 49857 | K42: 49888 | L42: 49919 | M42: 49949 | N42: 49980 | O42: 50010

Sheet A8P7
C1: CENTRALES ELECTRICAS DE NARIÑO S.A. E.S.P.
C2: CURVA DE ENERGIA DE REFERENCIA PARA OFERTAR ANUAL
C3: ANEXO 8 PRODUCTO 7 - CUADRO DE CANTIDADES DE ENERGÍA
C4: PERIODO 2027 A 2036 MWh
B7: BLOQUE | C7: Hora | D7: PERIODO 2027 a 2036 MWh
D8: 2027 | E8: 2028 | F8: 2029 | G8: 2030 | H8: 2031 | I8: 2032 | J8: 2033 | K8: 2034 | L8: 2035 | M8: 2036
B9: B1 | C9: 1 | D9: 2.8 | E9: 2.8 | F9: 2.8 | G9: 2.8 | H9: 2.8 | I9: 2.8 | J9: 2.8 | K9: 2.8 | L9: 2.8 | M9: 2.8
C10: 2 | D10: 2.8 | E10: 2.8 | F10: 2.8 | G10: 2.8 | H10: 2.8 | I10: 2.8 | J10: 2.8 | K10: 2.8 | L10: 2.8 | M10: 2.8
C11: 3 | D11: 2.8 | E11: 2.8 | F11: 2.8 | G11: 2.8 | H11: 2.8 | I11: 2.8 | J11: 2.8 | K11: 2.8 | L11: 2.8 | M11: 2.8
C12: 4 | D12: 2.8 | E12: 2.8 | F12: 2.8 | G12: 2.8 | H12: 2.8 | I12: 2.8 | J12: 2.8 | K12: 2.8 | L12: 2.8 | M12: 2.8
C13: 5 | D13: 2.8 | E13: 2.8 | F13: 2.8 | G13: 2.8 | H13: 2.8 | I13: 2.8 | J13: 2.8 | K13: 2.8 | L13: 2.8 | M13: 2.8
C14: 6 | D14: 2.8 | E14: 2.8 | F14: 2.8 | G14: 2.8 | H14: 2.8 | I14: 2.8 | J14: 2.8 | K14: 2.8 | L14: 2.8 | M14: 2.8
C15: 7 | D15: 2.8 | E15: 2.8 | F15: 2.8 | G15: 2.8 | H15: 2.8 | I15: 2.8 | J15: 2.8 | K15: 2.8 | L15: 2.8 | M15: 2.8
B16: B2 | C16: 8 | D16: 2.8 | E16: 2.8 | F16: 2.8 | G16: 2.8 | H16: 2.8 | I16: 2.8 | J16: 2.8 | K16: 2.8 | L16: 2.8 | M16: 2.8
C17: 9 | D17: 2.8 | E17: 2.8 | F17: 2.8 | G17: 2.8 | H17: 2.8 | I17: 2.8 | J17: 2.8 | K17: 2.8 | L17: 2.8 | M17: 2.8
C18: 10 | D18: 2.8 | E18: 2.8 | F18: 2.8 | G18: 2.8 | H18: 2.8 | I18: 2.8 | J18: 2.8 | K18: 2.8 | L18: 2.8 | M18: 2.8
C19: 11 | D19: 2.8 | E19: 2.8 | F19: 2.8 | G19: 2.8 | H19: 2.8 | I19: 2.8 | J19: 2.8 | K19: 2.8 | L19: 2.8 | M19: 2.8
C20: 12 | D20: 2.8 | E20: 2.8 | F20: 2.8 | G20: 2.8 | H20: 2.8 | I20: 2.8 | J20: 2.8 | K20: 2.8 | L20: 2.8 | M20: 2.8
C21: 13 | D21: 2.8 | E21: 2.8 | F21: 2.8 | G21: 2.8 | H21: 2.8 | I21: 2.8 | J21: 2.8 | K21: 2.8 | L21: 2.8 | M21: 2.8
C22: 14 | D22: 2.8 | E22: 2.8 | F22: 2.8 | G22: 2.8 | H22: 2.8 | I22: 2.8 | J22: 2.8 | K22: 2.8 | L22: 2.8 | M22: 2.8
C23: 15 | D23: 2.8 | E23: 2.8 | F23: 2.8 | G23: 2.8 | H23: 2.8 | I23: 2.8 | J23: 2.8 | K23: 2.8 | L23: 2.8 | M23: 2.8
C24: 16 | D24: 2.8 | E24: 2.8 | F24: 2.8 | G24: 2.8 | H24: 2.8 | I24: 2.8 | J24: 2.8 | K24: 2.8 | L24: 2.8 | M24: 2.8
C25: 17 | D25: 2.8 | E25: 2.8 | F25: 2.8 | G25: 2.8 | H25: 2.8 | I25: 2.8 | J25: 2.8 | K25: 2.8 | L25: 2.8 | M25: 2.8
B26: B3 | C26: 18 | D26: 2.8 | E26: 2.8 | F26: 2.8 | G26: 2.8 | H26: 2.8 | I26: 2.8 | J26: 2.8 | K26: 2.8 | L26: 2.8 | M26: 2.8
C27: 19 | D27: 2.8 | E27: 2.8 | F27: 2.8 | G27: 2.8 | H27: 2.8 | I27: 2.8 | J27: 2.8 | K27: 2.8 | L27: 2.8 | M27: 2.8
C28: 20 | D28: 2.8 | E28: 2.8 | F28: 2.8 | G28: 2.8 | H28: 2.8 | I28: 2.8 | J28: 2.8 | K28: 2.8 | L28: 2.8 | M28: 2.8
C29: 21 | D29: 2.8 | E29: 2.8 | F29: 2.8 | G29: 2.8 | H29: 2.8 | I29: 2.8 | J29: 2.8 | K29: 2.8 | L29: 2.8 | M29: 2.8
C30: 22 | D30: 2.8 | E30: 2.8 | F30: 2.8 | G30: 2.8 | H30: 2.8 | I30: 2.8 | J30: 2.8 | K30: 2.8 | L30: 2.8 | M30: 2.8
C31: 23 | D31: 2.8 | E31: 2.8 | F31: 2.8 | G31: 2.8 | H31: 2.8 | I31: 2.8 | J31: 2.8 | K31: 2.8 | L31: 2.8 | M31: 2.8
C32: 24 | D32: 2.8 | E32: 2.8 | F32: 2.8 | G32: 2.8 | H32: 2.8 | I32: 2.8 | J32: 2.8 | K32: 2.8 | L32: 2.8 | M32: 2.8
B33: Días | D33: 365 | E33: 366 | F33: 365 | G33: 365 | H33: 365 | I33: 366 | J33: 365 | K33: 365 | L33: 365 | M33: 366
B34: Resúmen Periodo 2027 a 2036 MWh
B35: B1 | D35: =SUM(D9:D15) -> 19.6 | E35: =SUM(E9:E15) -> 19.6 | F35: =SUM(F9:F15) -> 19.6 | G35: =SUM(G9:G15) -> 19.6 | H35: =SUM(H9:H15) -> 19.6 | I35: =SUM(I9:I15) -> 19.6 | J35: =SUM(J9:J15) -> 19.6 | K35: =SUM(K9:K15) -> 19.6 | ... M35: =SUM(M9:M15) -> 19.6
B36: B2 | D36: =SUM(D16:D25) -> 28 | E36: =SUM(E16:E25) -> 28 | F36: =SUM(F16:F25) -> 28 | G36: =SUM(G16:G25) -> 28 | H36: =SUM(H16:H25) -> 28 | I36: =SUM(I16:I25) -> 28 | J36: =SUM(J16:J25) -> 28 | K36: =SUM(K16:K25) -> 28 | ... M36: =SUM(M16:M25) -> 28
B37: B3 | D37: =SUM(D26:D32) -> 19.6 | E37: =SUM(E26:E32) -> 19.6 | F37: =SUM(F26:F32) -> 19.6 | G37: =SUM(G26:G32) -> 19.6 | H37: =SUM(H26:H32) -> 19.6 | I37: =SUM(I26:I32) -> 19.6 | J37: =SUM(J26:J32) -> 19.6 | K37: =SUM(K26:K32) -> 19.6 | ... M37: =SUM(M26:M32) -> 19.6
B38: Subtotal B1 | D38: =D35*D33 -> 7154 | E38: =E35*E33 -> 7173.6 | F38: =F35*F33 -> 7154 | G38: =G35*G33 -> 7154 | H38: =H35*H33 -> 7154 | I38: =I35*I33 -> 7173.6 | J38: =J35*J33 -> 7154 | K38: =K35*K33 -> 7154 | ... M38: =M35*M33 -> 7173.6
B39: Subtotal B2 | D39: =D33*D36 -> 10220 | E39: =E33*E36 -> 10248 | F39: =F33*F36 -> 10220 | G39: =G33*G36 -> 10220 | H39: =H33*H36 -> 10220 | I39: =I33*I36 -> 10248 | J39: =J33*J36 -> 10220 | K39: =K33*K36 -> 10220 | ... M39: =M33*M36 -> 10248
B40: Subtotal B3 | D40: =D33*D37 -> 7154 | E40: =E33*E37 -> 7173.6 | F40: =F33*F37 -> 7154 | G40: =G33*G37 -> 7154 | H40: =H33*H37 -> 7154 | I40: =I33*I37 -> 7173.6 | J40: =J33*J37 -> 7154 | K40: =K33*K37 -> 7154 | ... M40: =M33*M37 -> 7173.6
B41: Total | D41: =D40+D39+D38 -> 24528 | E41: =E40+E39+E38 -> 24595.2 | F41: =F40+F39+F38 -> 24528 | G41: =G40+G39+G38 -> 24528 | H41: =H40+H39+H38 -> 24528 | I41: =I40+I39+I38 -> 24595.2 | J41: =J40+J39+J38 -> 24528 | K41: =K40+K39+K38 -> 24528 | ... M41: =M40+M39+M38 -> 24595.2 | N41: =SUM(D41:M41) -> 245481.6
D42: 2027 | E42: 2028 | F42: 2029 | G42: 2030 | H42: 2031 | I42: 2032 | J42: 2033 | K42: 2034 | L42: 2035 | M42: 2036

Sheet a9P1
A1: CENTRALES ELECTRICAS DE NARIÑO S.A. E.S.P.
A2: PROPUESTA ECONOMICA PRODUCTO 1 01 ENERO 2031 A 31 DICIEMBRE 2031
A3: ANEXO No. 9
A6: INVITACIÓN: | B6: CP-CDNC2026-001
A7: OFERENTE:
A8: TIPO DE OFERTA:
A9: CANTIDAD EN: | B9: MWh
A10: PRECIOS $/kWh de: | B10: Marzo de 2026
A11: MODALIDAD:
A14: AÑO 2031 | B14: ENERGÍA SOLICITADA (MWh) | C14: NIVEL DE COBERTURA ESPERADO (%) | D14: ENERGÍA OFRECIDA (MWh) | E14: PRECIO OFERTADO ($/kWh)
A16: ENE2031 | B16: =+A2P1!D41 -> 12573.6 | C16: 1
A17: FEB2031 | B17: =+A2P1!E41 -> 11356.8 | C17: 1
A18: MAR2031 | B18: =+A2P1!F41 -> 12573.6 | C18: 1
A19: ABR2031 | B19: =+A2P1!G41 -> 12168 | C19: 1
A20: MAY2031 | B20: =+A2P1!H41 -> 12573.6 | C20: 1
A21: JUN2031 | B21: =+A2P1!I41 -> 12168 | C21: 1
A22: JUL2031 | B22: =+A2P1!J41 -> 12573.6 | C22: 1
A23: AGO2031 | B23: =+A2P1!K41 -> 12573.6 | C23: 1
A24: SEP2031 | B24: =+A2P1!L41 -> 12168 | C24: 1
A25: OCT2031 | B25: =+A2P1!M41 -> 12573.6 | C25: 1
A26: NOV2031 | B26: =+A2P1!N41 -> 12168 | C26: 1
A27: DIC2031 | B27: =+A2P1!O41 -> 12573.6 | C27: 1
A28: TOTAL | B28: =SUM(B16:B27) -> 148044 | C28: 1
A30: NOTAS:

Sheet a10P2
A1: CENTRALES ELECTRICAS DE NARIÑO S.A. E.S.P.
A2: PROPUESTA ECONOMICA PRODUCTO 2 01 ENERO 2032 A 31 DICIEMBRE 2032
A3: ANEXO No. 10
A6: INVITACIÓN: | B6: CP-CDNC2026-001
A7: OFERENTE:
A8: TIPO DE OFERTA:
A9: CANTIDAD EN: | B9: MWh
A10: PRECIOS $/kWh de: | B10: Marzo de 2026
A11: MODALIDAD:
A14: AÑO 2032 | B14: ENERGÍA SOLICITADA (MWh) | C14: NIVEL DE COBERTURA ESPERADO (%) | D14: ENERGÍA OFRECIDA (MWh) | E14: PRECIO OFERTADO ($/kWh)
A16: ENE2032 | B16: =+A3P2!D41 -> 10862.4 | C16: 1
A17: FEB2032 | B17: =+A3P2!E41 -> 10161.6 | C17: 1
A18: MAR2032 | B18: =+A3P2!F41 -> 10862.4 | C18: 1
A19: ABR2032 | B19: =+A3P2!G41 -> 10512 | C19: 1
A20: MAY2032 | B20: =+A3P2!H41 -> 10862.4 | C20: 1
A21: JUN2032 | B21: =+A3P2!I41 -> 10512 | C21: 1
A22: JUL2032 | B22: =+A3P2!J41 -> 10862.4 | C22: 1
A23: AGO2032 | B23: =+A3P2!K41 -> 10862.4 | C23: 1
A24: SEP2032 | B24: =+A3P2!L41 -> 10512 | C24: 1
A25: OCT2032 | B25: =+A3P2!M41 -> 10862.4 | C25: 1
A26: NOV2032 | B26: =+A3P2!N41 -> 10512 | C26: 1
A27: DIC2032 | B27: =+A3P2!O41 -> 10862.4 | C27: 1
A28: TOTAL | B28: =SUM(B16:B27) -> 128246.4 | C28: 1
A30: NOTAS:

Sheet a11P3
A1: CENTRALES ELECTRICAS DE NARIÑO S.A. E.S.P.
A2: PROPUESTA ECONOMICA PRODUCTO 3 01 ENERO 2033 A 31 DICIEMBRE 2033
A3: ANEXO No. 11
A6: INVITACIÓN: | B6: CP-CDNC2026-001
A7: OFERENTE:
A8: TIPO DE OFERTA:
A9: CANTIDAD EN: | B9: MWh
A10: PRECIOS $/kWh de: | B10: Marzo de 2026
A11: MODALIDAD:
A14: AÑO 2033 | B14: ENERGÍA SOLICITADA (MWh) | C14: NIVEL DE COBERTURA ESPERADO (%) | D14: ENERGÍA OFRECIDA (MWh) | E14: PRECIO OFERTADO ($/kWh)
A16: ENE2033 | B16: =+A4P3!D41 -> 13540.8 | C16: 1
A17: FEB2033 | B17: =+A4P3!E41 -> 12230.4 | C17: 1
A18: MAR2033 | B18: =+A4P3!F41 -> 13540.8 | C18: 1
A19: ABR2033 | B19: =+A4P3!G41 -> 13104 | C19: 1
A20: MAY2033 | B20: =+A4P3!H41 -> 13540.8 | C20: 1
A21: JUN2033 | B21: =+A4P3!I41 -> 13104 | C21: 1
A22: JUL2033 | B22: =+A4P3!J41 -> 13540.8 | C22: 1
A23: AGO2033 | B23: =+A4P3!K41 -> 13540.8 | C23: 1
A24: SEP2033 | B24: =+A4P3!L41 -> 13104 | C24: 1
A25: OCT2033 | B25: =+A4P3!M41 -> 13540.8 | C25: 1
A26: NOV2033 | B26: =+A4P3!N41 -> 13104 | C26: 1
A27: DIC2033 | B27: =+A4P3!O41 -> 13540.8 | C27: 1
A28: TOTAL | B28: =SUM(B16:B27) -> 159432 | C28: 1
A30: NOTAS:

Sheet a12P4
A1: CENTRALES ELECTRICAS DE NARIÑO S.A. E.S.P.
A2: PROPUESTA ECONOMICA PRODUCTO 4 01 ENERO 2034 A 31 DICIEMBRE 2034
A3: ANEXO No. 12
A6: INVITACIÓN: | B6: CP-CDNC2026-001
A7: OFERENTE:
A8: TIPO DE OFERTA:
A9: CANTIDAD EN: | B9: MWh
A10: PRECIOS $/kWh de: | B10: Marzo de 2026
A11: MODALIDAD:
A14: AÑO 2034 | B14: ENERGÍA SOLICITADA (MWh) | C14: NIVEL DE COBERTURA ESPERADO (%) | D14: ENERGÍA OFRECIDA (MWh) | E14: PRECIO OFERTADO ($/kWh)
A16: ENE2034 | B16: =+A5P4!D41 -> 6324 | C16: 1
A17: FEB2034 | B17: =+A5P4!E41 -> 5712 | C17: 1
A18: MAR2034 | B18: =+A5P4!F41 -> 6324 | C18: 1
A19: ABR2034 | B19: =+A5P4!G41 -> 6120 | C19: 1
A20: MAY2034 | B20: =+A5P4!H41 -> 6324 | C20: 1
A21: JUN2034 | B21: =+A5P4!I41 -> 6120 | C21: 1
A22: JUL2034 | B22: =+A5P4!J41 -> 6324 | C22: 1
A23: AGO2034 | B23: =+A5P4!K41 -> 6324 | C23: 1
A24: SEP2034 | B24: =+A5P4!L41 -> 6120 | C24: 1
A25: OCT2034 | B25: =+A5P4!M41 -> 6324 | C25: 1
A26: NOV2034 | B26: =+A5P4!N41 -> 6120 | C26: 1
A27: DIC2034 | B27: =+A5P4!O41 -> 6324 | C27: 1
A28: TOTAL | B28: =SUM(B16:B27) -> 74460 | C28: 1
A30: NOTAS:

Sheet a13P5
A1: CENTRALES ELECTRICAS DE NARIÑO S.A. E.S.P.
A2: PROPUESTA ECONOMICA PRODUCTO 5 01 ENERO 2035 A 31 DICIEMBRE 2035
A3: ANEXO No. 13
A6: INVITACIÓN: | B6: CP-CDNC2026-001
A7: OFERENTE:
A8: TIPO DE OFERTA:
A9: CANTIDAD EN: | B9: MWh
A10: PRECIOS $/kWh de: | B10: Marzo de 2026
A11: MODALIDAD:
A14: AÑO 2035 | B14: ENERGÍA SOLICITADA (MWh) | C14: NIVEL DE COBERTURA ESPERADO (%) | D14: ENERGÍA OFRECIDA (MWh) | E14: PRECIO OFERTADO ($/kWh)
A16: ENE2035 | B16: =+A6P5!D41 -> 5654.4 | C16: 1
A17: FEB2035 | B17: =+A6P5!E41 -> 5107.2 | C17: 1
A18: MAR2035 | B18: =+A6P5!F41 -> 5654.4 | C18: 1
A19: ABR2035 | B19: =+A6P5!G41 -> 5472 | C19: 1
A20: MAY2035 | B20: =+A6P5!H41 -> 5654.4 | C20: 1
A21: JUN2035 | B21: =+A6P5!I41 -> 5472 | C21: 1
A22: JUL2035 | B22: =+A6P5!J41 -> 5654.4 | C22: 1
A23: AGO2035 | B23: =+A6P5!K41 -> 5654.4 | C23: 1
A24: SEP2035 | B24: =+A6P5!L41 -> 5472 | C24: 1
A25: OCT2035 | B25: =+A6P5!M41 -> 5654.4 | C25: 1
A26: NOV2035 | B26: =+A6P5!N41 -> 5472 | C26: 1
A27: DIC2035 | B27: =+A6P5!O41 -> 5654.4 | C27: 1
A28: TOTAL | B28: =SUM(B16:B27) -> 66576 | C28: 1
A30: NOTAS:

Sheet a14P6
A1: CENTRALES ELECTRICAS DE NARIÑO S.A. E.S.P.
A2: PROPUESTA ECONOMICA PRODUCTO 6 01 ENERO 2036 A 31 DICIEMBRE 2036
A3: ANEXO No. 14
A6: INVITACIÓN: | B6: CP-CDNC2026-001
A7: OFERENTE:
A8: TIPO DE OFERTA:
A9: CANTIDAD EN: | B9: MWh
A10: PRECIOS $/kWh de: | B10: Marzo de 2026
A11: MODALIDAD:
A14: AÑO 2036 | B14: ENERGÍA SOLICITADA (MWh) | C14: NIVEL DE COBERTURA ESPERADO (%) | D14: ENERGÍA OFRECIDA (MWh) | E14: PRECIO OFERTADO ($/kWh)
A16: ENE2036 | B16: =+A7P6!D41 -> 1711.2 | C16: 1
A17: FEB2036 | B17: =+A7P6!E41 -> 1600.8 | C17: 1
A18: MAR2036 | B18: =+A7P6!F41 -> 1711.2 | C18: 1
A19: ABR2036 | B19: =+A7P6!G41 -> 1656 | C19: 1
A20: MAY2036 | B20: =+A7P6!H41 -> 1711.2 | C20: 1
A21: JUN2036 | B21: =+A7P6!I41 -> 1656 | C21: 1
A22: JUL2036 | B22: =+A7P6!J41 -> 1711.2 | C22: 1
A23: AGO2036 | B23: =+A7P6!K41 -> 1711.2 | C23: 1
A24: SEP2036 | B24: =+A7P6!L41 -> 1656 | C24: 1
A25: OCT2036 | B25: =+A7P6!M41 -> 1711.2 | C25: 1
A26: NOV2036 | B26: =+A7P6!N41 -> 1656 | C26: 1
A27: DIC2036 | B27: =+A7P6!O41 -> 1711.2 | C27: 1
A28: TOTAL | B28: =SUM(B16:B27) -> 20203.2 | C28: 1
A30: NOTAS:

Sheet a15P7
A1: CENTRALES ELECTRICAS DE NARIÑO S.A. E.S.P.
A2: PROPUESTA ECONOMICA PRODUCTO 7 01 ENERO 2027 A 31 DICIEMBRE 2036
A3: ANEXO No. 15
A6: INVITACIÓN: | B6: CP-CDNC2026-001
A7: OFERENTE:
A8: TIPO DE OFERTA:
A9: CANTIDAD EN: | B9: MWh
A10: PRECIOS $/kWh de: | B10: Marzo de 2026
A11: MODALIDAD:
A14: AÑOS | B14: ENERGÍA SOLICITADA (MWh) | C14: NIVEL DE COBERTURA ESPERADO (%) | D14: ENERGÍA OFRECIDA (MWh) | E14: PRECIO OFERTADO ($/kWh)
A16: 2027 | B16: =+A8P7!D41 -> 24528 | C16: 1
A17: 2028 | B17: =+A8P7!E41 -> 24595.2 | C17: 1
A18: 2029 | B18: =+A8P7!F41 -> 24528 | C18: 1
A19: 2030 | B19: =+A8P7!G41 -> 24528 | C19: 1
A20: 2031 | B20: =+A8P7!H41 -> 24528 | C20: 1
A21: 2032 | B21: =+A8P7!I41 -> 24595.2 | C21: 1
A22: 2033 | B22: =+A8P7!J41 -> 24528 | C22: 1
A23: 2034 | B23: =+A8P7!K41 -> 24528 | C23: 1
A24: 2035 | B24: =+A8P7!L41 -> 24528 | C24: 1
A25: 2036 | B25: =+A8P7!M41 -> 24595.2 | C25: 1
A26: TOTAL | B26: =SUM(B16:B25) -> 245481.6 | C26: 1
A28: NOTAS:
