Workbook

Sheet OF P1 
B1: * La energia a ofertar debe ser expresada únicamente en kilovatio (kWh) redondeado a cero decimales
B4: OFERTA PRODUCTO 1
B5: MES | C5: ENERGIA SOLICITADA (kWh) | D5: % | E5: ENERGIA OFERTADA (kWh) | F5: PRECIO $/kWh
B6: 46023 | C6: =+VLOOKUP(B6,'CURVA P1'!$A$7:$AD$56,30,FALSE) -> 26673174 | D6: % | F6: $/kWh
B7: 46054 | C7: =+VLOOKUP(B7,'CURVA P1'!$A$7:$AD$56,30,FALSE) -> 27446688
B8: 46082 | C8: =+VLOOKUP(B8,'CURVA P1'!$A$7:$AD$56,30,FALSE) -> 26678356
B9: 46113 | C9: =+VLOOKUP(B9,'CURVA P1'!$A$7:$AD$56,30,FALSE) -> 27760442
B10: 46143 | C10: =+VLOOKUP(B10,'CURVA P1'!$A$7:$AD$56,30,FALSE) -> 28373867
B11: 46174 | C11: =+VLOOKUP(B11,'CURVA P1'!$A$7:$AD$56,30,FALSE) -> 28775725
B12: 46204 | C12: =+VLOOKUP(B12,'CURVA P1'!$A$7:$AD$56,30,FALSE) -> 27971551
B13: 46235 | C13: =+VLOOKUP(B13,'CURVA P1'!$A$7:$AD$56,30,FALSE) -> 29060343
B14: 46266 | C14: =+VLOOKUP(B14,'CURVA P1'!$A$7:$AD$56,30,FALSE) -> 29703314
B15: 46296 | C15: =+VLOOKUP(B15,'CURVA P1'!$A$7:$AD$56,30,FALSE) -> 29301634
B16: 46327 | C16: =+VLOOKUP(B16,'CURVA P1'!$A$7:$AD$56,30,FALSE) -> 28803316
B17: 46357 | C17: =+VLOOKUP(B17,'CURVA P1'!$A$7:$AD$56,30,FALSE) -> 28030366
C18: =+SUM(C6:C17) -> 338578776

Sheet CURVA P1
A1: Curva de distribucion en kwh
A2: * La energia a ofertar debe ser expresada únicamente en kilovatio (kWh) redondeado a cero decimales
A4: TOTAL | C4: =+AD55 -> 338578776
A5: MES | B5: DÍA | C5: HORA 01 | D5: HORA 02 | E5: HORA 03 | F5: HORA 04 | G5: HORA 05 | H5: HORA 06 | I5: HORA 07 | J5: HORA 08 | K5: HORA 09 | L5: HORA 10 | M5: HORA 11 | N5: HORA 12 | O5: HORA 13 | P5: HORA 14 | Q5: HORA 15 | R5: HORA 16 | S5: HORA 17 | T5: HORA 18 | U5: HORA 19 | V5: HORA 20 | W5: HORA 21 | X5: HORA 22 | Y5: HORA 23 | Z5: HORA 24 | AA5: TOTAL DÍA | AB5: NUMERO DÍAS | AC5: TOTAL DÍA MES | AD5: TOTAL MES
A7: 46023 | B7: Hábil | C7: 36483 | D7: 35530 | E7: 34091 | F7: 33021 | G7: 32679 | H7: 33265 | I7: 34178 | J7: 35053 | K7: 38371 | L7: 40922 | M7: 43080 | N7: 44425 | O7: 42333 | P7: 45202 | Q7: 49073 | R7: 49850 | S7: 48845 | T7: 33000 | U7: 33611 | V7: 32533 | W7: 31567 | X7: 30791 | Y7: 29414 | Z7: 27515 | AA7: =SUM(C7:Z7) -> 894832 | AB7: 20 | AC7: =+AA7*AB7 -> 17896640 | AD7: =+SUM(AC7:AC10) -> 26673174
A8: 46024 | B8: Sábado | C8: 37377 | D8: 36097 | E8: 34425 | F8: 33232 | G8: 32684 | H8: 32851 | I8: 33460 | J8: 34411 | K8: 38197 | L8: 40946 | M8: 42939 | N8: 43849 | O8: 42448 | P8: 43007 | Q8: 44664 | R8: 45009 | S8: 43876 | T8: 30845 | U8: 32410 | V8: 31557 | W8: 30491 | X8: 29539 | Y8: 28485 | Z8: 26959 | AA8: =SUM(C8:Z8) -> 869758 | AB8: 5 | AC8: =+AA8*AB8 -> 4348790
A9: 46025 | B9: Domingo | C9: 36740 | D9: 35636 | E9: 34091 | F9: 32890 | G9: 32185 | H9: 31809 | I9: 31771 | J9: 30156 | K9: 31360 | L9: 32941 | M9: 33958 | N9: 34857 | O9: 35463 | P9: 35757 | Q9: 36486 | R9: 37026 | S9: 36701 | T9: 25763 | U9: 27737 | V9: 28107 | W9: 28048 | X9: 27805 | Y9: 26801 | Z9: 24924 | AA9: =SUM(C9:Z9) -> 769012 | AB9: 4 | AC9: =+AA9*AB9 -> 3076048
A10: 46026 | B10: Festivo | C10: 30982 | D10: 29952 | E10: 29420 | F10: 28681 | G10: 28350 | H10: 28026 | I10: 27591 | J10: 25828 | K10: 26941 | L10: 28477 | M10: 30028 | N10: 30899 | O10: 31265 | P10: 31774 | Q10: 32497 | R10: 32934 | S10: 32343 | T10: 22982 | U10: 25092 | V10: 25278 | W10: 25160 | X10: 24843 | Y10: 23919 | Z10: 22586 | AA10: =SUM(C10:Z10) -> 675848 | AB10: 2 | AC10: =+AA10*AB10 -> 1351696
A11: 46054 | B11: Hábil | C11: 40714 | D11: 38660 | E11: 37169 | F11: 36236 | G11: 36317 | H11: 38550 | I11: 40311 | J11: 41867 | K11: 45322 | L11: 47873 | M11: 50238 | N11: 50415 | O11: 46583 | P11: 51148 | Q11: 55819 | R11: 56707 | S11: 55412 | T11: 36735 | U11: 36918 | V11: 36405 | W11: 35774 | X11: 34307 | Y11: 31455 | Z11: 28759 | AA11: =SUM(C11:Z11) -> 1009694 | AB11: 20 | AC11: =+AA11*AB11 -> 20193880 | AD11: =+SUM(AC11:AC14) -> 27446688
A12: 46055 | B12: Sábado | C12: 39077 | D12: 37140 | E12: 35692 | F12: 34823 | G12: 34396 | H12: 35067 | I12: 36692 | J12: 38967 | K12: 42909 | L12: 45818 | M12: 47755 | N12: 48495 | O12: 46757 | P12: 46918 | Q12: 48176 | R12: 48567 | S12: 47256 | T12: 32139 | U12: 33979 | V12: 34024 | W12: 32945 | X12: 31780 | Y12: 30241 | Z12: 28439 | AA12: =SUM(C12:Z12) -> 938052 | AB12: 4 | AC12: =+AA12*AB12 -> 3752208
A13: 46056 | B13: Domingo | C13: 40291 | D13: 38238 | E13: 36732 | F13: 35457 | G13: 34864 | H13: 34707 | I13: 35065 | J13: 34200 | K13: 35705 | L13: 37750 | M13: 38979 | N13: 40163 | O13: 40612 | P13: 40725 | Q13: 41775 | R13: 42790 | S13: 42631 | T13: 30082 | U13: 32474 | V13: 33567 | W13: 33682 | X13: 33416 | Y13: 31850 | Z13: 29395 | AA13: =SUM(C13:Z13) -> 875150 | AB13: 4 | AC13: =+AA13*AB13 -> 3500600
A14: 46057 | B14: Festivo | C14: 0 | D14: 0 | E14: 0 | F14: 0 | G14: 0 | H14: 0 | I14: 0 | J14: 0 | K14: 0 | L14: 0 | M14: 0 | N14: 0 | O14: 0 | P14: 0 | Q14: 0 | R14: 0 | S14: 0 | T14: 0 | U14: 0 | V14: 0 | W14: 0 | X14: 0 | Y14: 0 | Z14: 0 | AA14: =SUM(C14:Z14) -> 0 | AB14: 0 | AC14: =+AA14*AB14 -> 0
A15: 46082 | B15: Hábil | C15: 37021 | D15: 35042 | E15: 33649 | F15: 32631 | G15: 32521 | H15: 33969 | I15: 34520 | J15: 35443 | K15: 38367 | L15: 40558 | M15: 42553 | N15: 43035 | O15: 40173 | P15: 44403 | Q15: 48725 | R15: 49439 | S15: 48353 | T15: 31559 | U15: 31768 | V15: 31692 | W15: 31750 | X15: 31202 | Y15: 29092 | Z15: 26820 | AA15: =SUM(C15:Z15) -> 884285 | AB15: 21 | AC15: =+AA15*AB15 -> 18569985 | AD15: =+SUM(AC15:AC18) -> 26678356
B16: Sábado | C16: 38120 | D16: 36123 | E16: 34578 | F16: 33302 | G16: 32635 | H16: 32644 | I16: 33347 | J16: 34826 | K16: 38264 | L16: 40835 | M16: 42748 | N16: 43297 | O16: 41482 | P16: 42049 | Q16: 43818 | R16: 44243 | S16: 43197 | T16: 29876 | U16: 31215 | V16: 31130 | W16: 30754 | X16: 30476 | Y16: 29861 | Z16: 28421 | AA16: =SUM(C16:Z16) -> 867241 | AB16: 4 | AC16: =+AA16*AB16 -> 3468964
B17: Domingo | C17: 38845 | D17: 36799 | E17: 35346 | F17: 34161 | G17: 33370 | H17: 32766 | I17: 32439 | J17: 30809 | K17: 31622 | L17: 32700 | M17: 33303 | N17: 34098 | O17: 34921 | P17: 35461 | Q17: 36548 | R17: 37438 | S17: 37274 | T17: 25914 | U17: 27839 | V17: 29255 | W17: 29841 | X17: 30034 | Y17: 28309 | Z17: 26226 | AA17: =SUM(C17:Z17) -> 785318 | AB17: 5 | AC17: =+AA17*AB17 -> 3926590
B18: Festivo | C18: 31524 | D18: 29493 | E18: 28244 | F18: 27384 | G18: 27117 | H18: 26867 | I18: 27428 | J18: 27427 | K18: 29370 | L18: 31533 | M18: 33612 | N18: 35117 | O18: 34896 | P18: 35808 | Q18: 36319 | R18: 36141 | S18: 35385 | T18: 23607 | U18: 25977 | V18: 27344 | W18: 27611 | X18: 27156 | Y18: 24911 | Z18: 22546 | AA18: =SUM(C18:Z18) -> 712817 | AB18: 1 | AC18: =+AA18*AB18 -> 712817
A19: 46113 | B19: Hábil | C19: 39038 | D19: 36963 | E19: 35545 | F19: 34531 | G19: 34530 | H19: 35569 | I19: 36698 | J19: 38718 | K19: 42539 | L19: 45066 | M19: 47618 | N19: 48409 | O19: 44899 | P19: 49182 | Q19: 54140 | R19: 54709 | S19: 53184 | T19: 35099 | U19: 35537 | V19: 35061 | W19: 34665 | X19: 33820 | Y19: 31629 | Z19: 29038 | AA19: =SUM(C19:Z19) -> 966187 | AB19: 20 | AC19: =+AA19*AB19 -> 19323740 | AD19: =+SUM(AC19:AC22) -> 27760442
B20: Sábado | C20: 39981 | D20: 38014 | E20: 36544 | F20: 35219 | G20: 34747 | H20: 34334 | I20: 35612 | J20: 37290 | K20: 41393 | L20: 43989 | M20: 46288 | N20: 47213 | O20: 45404 | P20: 45786 | Q20: 47274 | R20: 47540 | S20: 46053 | T20: 32108 | U20: 33484 | V20: 32675 | W20: 31752 | X20: 30731 | Y20: 29515 | Z20: 28020 | AA20: =SUM(C20:Z20) -> 920966 | AB20: 4 | AC20: =+AA20*AB20 -> 3683864
B21: Domingo | C21: 39899 | D21: 37653 | E21: 36012 | F21: 34742 | G21: 33934 | H21: 32997 | I21: 33084 | J21: 32296 | K21: 33691 | L21: 35057 | M21: 36139 | N21: 37645 | O21: 38191 | P21: 38586 | Q21: 39691 | R21: 40354 | S21: 39971 | T21: 27676 | U21: 29849 | V21: 30728 | W21: 30168 | X21: 30040 | Y21: 28544 | Z21: 26220 | AA21: =SUM(C21:Z21) -> 823167 | AB21: 4 | AC21: =+AA21*AB21 -> 3292668
B22: Festivo | C22: 37378 | D22: 35313 | E22: 33780 | F22: 32639 | G22: 31802 | H22: 30879 | I22: 31062 | J22: 29297 | K22: 29446 | L22: 29885 | M22: 30425 | N22: 31706 | O22: 32426 | P22: 32795 | Q22: 33886 | R22: 34189 | S22: 33738 | T22: 23686 | U22: 25934 | V22: 26790 | W22: 26399 | X22: 26292 | Y22: 25789 | Z22: 24549 | AA22: =SUM(C22:Z22) -> 730085 | AB22: 2 | AC22: =+AA22*AB22 -> 1460170
A23: 46143 | B23: Hábil | C23: 39885 | D23: 37867 | E23: 36298 | F23: 35183 | G23: 34853 | H23: 34862 | I23: 35908 | J23: 37946 | K23: 41932 | L23: 44653 | M23: 47053 | N23: 47669 | O23: 44273 | P23: 48865 | Q23: 53707 | R23: 53954 | S23: 52271 | T23: 35045 | U23: 34369 | V23: 34106 | W23: 34382 | X23: 33955 | Y23: 32065 | Z23: 29627 | AA23: =SUM(C23:Z23) -> 960728 | AB23: 19 | AC23: =+AA23*AB23 -> 18253832 | AD23: =+SUM(AC23:AC26) -> 28373867
B24: Sábado | C24: 40646 | D24: 38298 | E24: 36467 | F24: 35207 | G24: 34575 | H24: 33520 | I24: 35130 | J24: 36816 | K24: 41070 | L24: 44151 | M24: 46488 | N24: 47072 | O24: 45240 | P24: 45823 | Q24: 47234 | R24: 46808 | S24: 45226 | T24: 30691 | U24: 31707 | V24: 31791 | W24: 30972 | X24: 30416 | Y24: 29588 | Z24: 27879 | AA24: =SUM(C24:Z24) -> 912815 | AB24: 5 | AC24: =+AA24*AB24 -> 4564075
B25: Domingo | C25: 39303 | D25: 37437 | E25: 35899 | F25: 34644 | G25: 33797 | H25: 32192 | I25: 32778 | J25: 31994 | K25: 33173 | L25: 34542 | M25: 35837 | N25: 36680 | O25: 36480 | P25: 36481 | Q25: 37786 | R25: 38299 | S25: 38004 | T25: 26693 | U25: 28502 | V25: 29350 | W25: 29780 | X25: 30317 | Y25: 29392 | Z25: 27488 | AA25: =SUM(C25:Z25) -> 806848 | AB25: 5 | AC25: =+AA25*AB25 -> 4034240
B26: Festivo | C26: 34678 | D26: 32822 | E26: 31456 | F26: 30395 | G26: 29875 | H26: 28639 | I26: 29602 | J26: 29226 | K26: 31009 | L26: 32991 | M26: 34688 | N26: 35935 | O26: 35889 | P26: 36567 | Q26: 37526 | R26: 37937 | S26: 37082 | T26: 24963 | U26: 27231 | V26: 29165 | W26: 29811 | X26: 29881 | Y26: 28038 | Z26: 25454 | AA26: =SUM(C26:Z26) -> 760860 | AB26: 2 | AC26: =+AA26*AB26 -> 1521720
A27: 46174 | B27: Hábil | C27: 41789 | D27: 39664 | E27: 37982 | F27: 36874 | G27: 36520 | H27: 36337 | I27: 38048 | J27: 40608 | K27: 44754 | L27: 47328 | M27: 49698 | N27: 50631 | O27: 46803 | P27: 51004 | Q27: 55402 | R27: 55849 | S27: 54411 | T27: 35690 | U27: 35348 | V27: 35269 | W27: 35211 | X27: 34714 | Y27: 32959 | Z27: 30546 | AA27: =SUM(C27:Z27) -> 1003439 | AB27: 19 | AC27: =+AA27*AB27 -> 19065341 | AD27: =+SUM(AC27:AC30) -> 28775725
B28: Sábado | C28: 41690 | D28: 39621 | E28: 38004 | F28: 36752 | G28: 36320 | H28: 35350 | I28: 37111 | J28: 39502 | K28: 43505 | L28: 46140 | M28: 48108 | N28: 48599 | O28: 46321 | P28: 46484 | Q28: 48783 | R28: 49365 | S28: 47904 | T28: 32927 | U28: 33956 | V28: 33495 | W28: 32753 | X28: 31962 | Y28: 30952 | Z28: 29444 | AA28: =SUM(C28:Z28) -> 955048 | AB28: 4 | AC28: =+AA28*AB28 -> 3820192
B29: Domingo | C29: 41545 | D29: 39717 | E29: 38192 | F29: 36860 | G29: 36121 | H29: 34490 | I29: 34979 | J29: 34330 | K29: 35111 | L29: 36920 | M29: 37430 | N29: 38288 | O29: 38734 | P29: 38990 | Q29: 40089 | R29: 40785 | S29: 40686 | T29: 27825 | U29: 29765 | V29: 31271 | W29: 31726 | X29: 32479 | Y29: 31804 | Z29: 30257 | AA29: =SUM(C29:Z29) -> 858394 | AB29: 4 | AC29: =+AA29*AB29 -> 3433576
B30: Festivo | C30: 37231 | D30: 35422 | E30: 34086 | F30: 32973 | G30: 32485 | H30: 31308 | I30: 32261 | J30: 32753 | K30: 35257 | L30: 37748 | M30: 39402 | N30: 40242 | O30: 39633 | P30: 39834 | Q30: 40635 | R30: 40615 | S30: 39512 | T30: 25910 | U30: 27589 | V30: 29833 | W30: 29845 | X30: 29763 | Y30: 28352 | Z30: 26183 | AA30: =SUM(C30:Z30) -> 818872 | AB30: 3 | AC30: =+AA30*AB30 -> 2456616
A31: 46204 | B31: Hábil | C31: 39220 | D31: 37153 | E31: 35653 | F31: 34432 | G31: 34042 | H31: 34242 | I31: 35481 | J31: 37438 | K31: 41446 | L31: 44011 | M31: 46372 | N31: 46685 | O31: 42892 | P31: 46836 | Q31: 51098 | R31: 51477 | S31: 49800 | T31: 32507 | U31: 32037 | V31: 32397 | W31: 32683 | X31: 32279 | Y31: 30532 | Z31: 28181 | AA31: =SUM(C31:Z31) -> 928894 | AB31: 22 | AC31: =+AA31*AB31 -> 20435668 | AD31: =+SUM(AC31:AC34) -> 27971551
B32: Sábado | C32: 38033 | D32: 36212 | E32: 34811 | F32: 33698 | G32: 33359 | H32: 32594 | I32: 33820 | J32: 35458 | K32: 39120 | L32: 41760 | M32: 43495 | N32: 44437 | O32: 42558 | P32: 43172 | Q32: 45077 | R32: 45035 | S32: 43332 | T32: 28344 | U32: 29909 | V32: 30913 | W32: 30116 | X32: 29849 | Y32: 29403 | Z32: 28305 | AA32: =SUM(C32:Z32) -> 872810 | AB32: 4 | AC32: =+AA32*AB32 -> 3491240
B33: Domingo | C33: 40236 | D33: 38329 | E33: 36645 | F33: 35396 | G33: 34535 | H33: 33160 | I33: 33540 | J33: 31788 | K33: 32829 | L33: 34528 | M33: 35290 | N33: 35872 | O33: 36371 | P33: 36806 | Q33: 37501 | R33: 38292 | S33: 38016 | T33: 27305 | U33: 29042 | V33: 30554 | W33: 30861 | X33: 31230 | Y33: 30346 | Z33: 28724 | AA33: =SUM(C33:Z33) -> 817196 | AB33: 4 | AC33: =+AA33*AB33 -> 3268784
B34: Festivo | C34: 37063 | D34: 35105 | E34: 33539 | F34: 32580 | G34: 32019 | H34: 31076 | I34: 31580 | J34: 31202 | K34: 32949 | L34: 34796 | M34: 36086 | N34: 36668 | O34: 35989 | P34: 36730 | Q34: 37591 | R34: 37986 | S34: 37136 | T34: 24410 | U34: 26460 | V34: 28245 | W34: 28286 | X34: 27815 | Y34: 26229 | Z34: 24319 | AA34: =SUM(C34:Z34) -> 775859 | AB34: 1 | AC34: =+AA34*AB34 -> 775859
A35: 46235 | B35: Hábil | C35: 40968 | D35: 38760 | E35: 37135 | F35: 35858 | G35: 35399 | H35: 35416 | I35: 36446 | J35: 38650 | K35: 42372 | L35: 45321 | M35: 47650 | N35: 48327 | O35: 44507 | P35: 49153 | Q35: 54075 | R35: 54509 | S35: 52988 | T35: 34573 | U35: 34183 | V35: 34670 | W35: 35095 | X35: 35119 | Y35: 33250 | Z35: 31017 | AA35: =SUM(C35:Z35) -> 975441 | AB35: 19 | AC35: =+AA35*AB35 -> 18533379 | AD35: =+SUM(AC35:AC38) -> 29060343
B36: Sábado | C36: 44120 | D36: 41738 | E36: 39857 | F36: 38362 | G36: 37607 | H36: 36466 | I36: 37463 | J36: 39537 | K36: 43087 | L36: 46175 | M36: 47718 | N36: 48991 | O36: 46415 | P36: 47132 | Q36: 48835 | R36: 48785 | S36: 47576 | T36: 32465 | U36: 34032 | V36: 34150 | W36: 33404 | X36: 33748 | Y36: 33272 | Z36: 32077 | AA36: =SUM(C36:Z36) -> 973012 | AB36: 5 | AC36: =+AA36*AB36 -> 4865060
B37: Domingo | C37: 42201 | D37: 40079 | E37: 38358 | F37: 36960 | G37: 35854 | H37: 33971 | I37: 33907 | J37: 32927 | K37: 33633 | L37: 34384 | M37: 35541 | N37: 35608 | O37: 36290 | P37: 37722 | Q37: 38385 | R37: 39140 | S37: 37859 | T37: 25829 | U37: 28180 | V37: 29115 | W37: 29485 | X37: 30225 | Y37: 29301 | Z37: 27660 | AA37: =SUM(C37:Z37) -> 822614 | AB37: 5 | AC37: =+AA37*AB37 -> 4113070
B38: Festivo | C38: 34791 | D38: 33270 | E38: 31936 | F38: 31103 | G38: 30653 | H38: 29902 | I38: 30107 | J38: 29677 | K38: 31439 | L38: 33957 | M38: 35600 | N38: 36863 | O38: 36790 | P38: 37414 | Q38: 38358 | R38: 38934 | S38: 38006 | T38: 24130 | U38: 26817 | V38: 28973 | W38: 29419 | X38: 30554 | Y38: 29362 | Z38: 26362 | AA38: =SUM(C38:Z38) -> 774417 | AB38: 2 | AC38: =+AA38*AB38 -> 1548834
A39: 46266 | B39: Hábil | C39: 42678 | D39: 40251 | E39: 38434 | F39: 37012 | G39: 36467 | H39: 36504 | I39: 37733 | J39: 40145 | K39: 43990 | L39: 47028 | M39: 49568 | N39: 50255 | O39: 46661 | P39: 51664 | Q39: 56120 | R39: 56412 | S39: 54414 | T39: 36218 | U39: 36425 | V39: 35970 | W39: 36297 | X39: 36208 | Y39: 34411 | Z39: 31630 | AA39: =SUM(C39:Z39) -> 1012495 | AB39: 22 | AC39: =+AA39*AB39 -> 22274890 | AD39: =+SUM(AC39:AC42) -> 29703314
B40: Sábado | C40: 42960 | D40: 40770 | E40: 39043 | F40: 37701 | G40: 37017 | H40: 35868 | I40: 37368 | J40: 39849 | K40: 44133 | L40: 46822 | M40: 49072 | N40: 50068 | O40: 47646 | P40: 48652 | Q40: 50649 | R40: 50717 | S40: 49068 | T40: 34625 | U40: 36254 | V40: 35297 | W40: 34286 | X40: 33882 | Y40: 32936 | Z40: 31612 | AA40: =SUM(C40:Z40) -> 986295 | AB40: 4 | AC40: =+AA40*AB40 -> 3945180
B41: Domingo | C41: 42591 | D41: 40570 | E41: 39034 | F41: 37769 | G41: 36782 | H41: 35506 | I41: 35845 | J41: 34712 | K41: 35445 | L41: 36218 | M41: 37661 | N41: 38774 | O41: 38514 | P41: 39430 | Q41: 41178 | R41: 41642 | S41: 41018 | T41: 28769 | U41: 31028 | V41: 31977 | W41: 32440 | X41: 32793 | Y41: 31553 | Z41: 29562 | AA41: =SUM(C41:Z41) -> 870811 | AB41: 4 | AC41: =+AA41*AB41 -> 3483244
B42: Festivo | C42: 0 | D42: 0 | E42: 0 | F42: 0 | G42: 0 | H42: 0 | I42: 0 | J42: 0 | K42: 0 | L42: 0 | M42: 0 | N42: 0 | O42: 0 | P42: 0 | Q42: 0 | R42: 0 | S42: 0 | T42: 0 | U42: 0 | V42: 0 | W42: 0 | X42: 0 | Y42: 0 | Z42: 0 | AA42: =SUM(C42:Z42) -> 0 | AB42: 0 | AC42: =+AA42*AB42 -> 0
A43: 46296 | B43: Hábil | C43: 39964 | D43: 37816 | E43: 36251 | F43: 35126 | G43: 34806 | H43: 34903 | I43: 36210 | J43: 38596 | K43: 43117 | L43: 46248 | M43: 49066 | N43: 50172 | O43: 46650 | P43: 51059 | Q43: 55695 | R43: 55684 | S43: 53761 | T43: 36714 | U43: 36064 | V43: 34837 | W43: 34210 | X43: 33527 | Y43: 31492 | Z43: 28983 | AA43: =SUM(C43:Z43) -> 980951 | AB43: 21 | AC43: =+AA43*AB43 -> 20599971 | AD43: =+SUM(AC43:AC46) -> 29301634
B44: Sábado | C44: 38689 | D44: 36527 | E44: 34964 | F44: 33736 | G44: 33239 | H44: 32617 | I44: 33799 | J44: 35540 | K44: 40081 | L44: 43235 | M44: 45465 | N44: 46590 | O44: 44915 | P44: 44954 | Q44: 46404 | R44: 46397 | S44: 45440 | T44: 31695 | U44: 33192 | V44: 32064 | W44: 31233 | X44: 30272 | Y44: 29100 | Z44: 27596 | AA44: =SUM(C44:Z44) -> 897744 | AB44: 5 | AC44: =+AA44*AB44 -> 4488720
B45: Domingo | C45: 40140 | D45: 38179 | E45: 36647 | F45: 35394 | G45: 34506 | H45: 33253 | I45: 33736 | J45: 32383 | K45: 33461 | L45: 35162 | M45: 36238 | N45: 37626 | O45: 37950 | P45: 38419 | Q45: 39317 | R45: 40290 | S45: 40048 | T45: 28818 | U45: 30932 | V45: 31388 | W45: 31649 | X45: 31719 | Y45: 30224 | Z45: 28276 | AA45: =SUM(C45:Z45) -> 835755 | AB45: 4 | AC45: =+AA45*AB45 -> 3343020
B46: Festivo | C46: 39342 | D46: 37363 | E46: 36051 | F46: 35255 | G46: 34824 | H46: 33511 | I46: 33637 | J46: 34072 | K46: 36361 | L46: 39052 | M46: 40723 | N46: 40987 | O46: 41771 | P46: 42432 | Q46: 44052 | R46: 43769 | S46: 42939 | T46: 30402 | U46: 32017 | V46: 31990 | W46: 32052 | X46: 31184 | Y46: 29111 | Z46: 27026 | AA46: =SUM(C46:Z46) -> 869923 | AB46: 1 | AC46: =+AA46*AB46 -> 869923
A47: 46327 | B47: Hábil | C47: 39982 | D47: 37863 | E47: 36409 | F47: 35446 | G47: 35376 | H47: 35810 | I47: 37596 | J47: 40262 | K47: 44664 | L47: 47563 | M47: 50133 | N47: 51160 | O47: 47540 | P47: 51266 | Q47: 55535 | R47: 56256 | S47: 54654 | T47: 38140 | U47: 37527 | V47: 35877 | W47: 35179 | X47: 33965 | Y47: 31684 | Z47: 29035 | AA47: =SUM(C47:Z47) -> 998922 | AB47: 19 | AC47: =+AA47*AB47 -> 18979518 | AD47: =+SUM(AC47:AC50) -> 28803316
B48: Sábado | C48: 40558 | D48: 38485 | E48: 36944 | F48: 35835 | G48: 35336 | H48: 34869 | I48: 36219 | J48: 38548 | K48: 43290 | L48: 46652 | M48: 48497 | N48: 49479 | O48: 47170 | P48: 47034 | Q48: 48139 | R48: 47879 | S48: 46683 | T48: 32961 | U48: 33804 | V48: 32558 | W48: 31391 | X48: 30036 | Y48: 28936 | Z48: 27246 | AA48: =SUM(C48:Z48) -> 938549 | AB48: 4 | AC48: =+AA48*AB48 -> 3754196
B49: Domingo | C49: 39272 | D49: 37440 | E49: 36210 | F49: 35016 | G49: 34292 | H49: 33392 | I49: 33992 | J49: 33550 | K49: 35477 | L49: 37396 | M49: 39094 | N49: 40151 | O49: 40553 | P49: 40661 | Q49: 41281 | R49: 41241 | S49: 40752 | T49: 29966 | U49: 31231 | V49: 31173 | W49: 30692 | X49: 30202 | Y49: 29114 | Z49: 27246 | AA49: =SUM(C49:Z49) -> 849394 | AB49: 5 | AC49: =+AA49*AB49 -> 4246970
B50: Festivo | C50: 39781 | D50: 37792 | E50: 36256 | F50: 35202 | G50: 34805 | H50: 33928 | I50: 34415 | J50: 35013 | K50: 37611 | L50: 40535 | M50: 42818 | N50: 44275 | O50: 44307 | P50: 45401 | Q50: 46152 | R50: 46138 | S50: 45392 | T50: 33550 | U50: 34904 | V50: 34738 | W50: 34246 | X50: 33335 | Y50: 31456 | Z50: 29266 | AA50: =SUM(C50:Z50) -> 911316 | AB50: 2 | AC50: =+AA50*AB50 -> 1822632
A51: 46357 | B51: Hábil | C51: 38813 | D51: 36777 | E51: 35359 | F51: 34323 | G51: 33954 | H51: 33952 | I51: 34872 | J51: 36942 | K51: 40889 | L51: 43873 | M51: 46141 | N51: 47254 | O51: 44696 | P51: 46979 | Q51: 50857 | R51: 51530 | S51: 50453 | T51: 34394 | U51: 34953 | V51: 33634 | W51: 32527 | X51: 31693 | Y51: 30293 | Z51: 28310 | AA51: =SUM(C51:Z51) -> 933468 | AB51: 21 | AC51: =+AA51*AB51 -> 19602828 | AD51: =+SUM(AC51:AC54) -> 28030366
B52: Sábado | C52: 40135 | D52: 37874 | E52: 36264 | F52: 35017 | G52: 34383 | H52: 34197 | I52: 34806 | J52: 35597 | K52: 39178 | L52: 41824 | M52: 43912 | N52: 44921 | O52: 44121 | P52: 44671 | Q52: 46276 | R52: 46543 | S52: 45526 | T52: 32529 | U52: 34697 | V52: 34164 | W52: 32514 | X52: 30996 | Y52: 29866 | Z52: 28431 | AA52: =SUM(C52:Z52) -> 908442 | AB52: 4 | AC52: =+AA52*AB52 -> 3633768
B53: Domingo | C53: 41259 | D53: 39133 | E53: 37527 | F53: 36270 | G53: 35499 | H53: 33968 | I53: 33946 | J53: 32978 | K53: 34454 | L53: 36258 | M53: 37566 | N53: 38631 | O53: 38404 | P53: 38692 | Q53: 39773 | R53: 41017 | S53: 40762 | T53: 29852 | U53: 32510 | V53: 31995 | W53: 30670 | X53: 29210 | Y53: 27510 | Z53: 25932 | AA53: =SUM(C53:Z53) -> 843816 | AB53: 4 | AC53: =+AA53*AB53 -> 3375264
B54: Festivo | C54: 32730 | D54: 31529 | E54: 30604 | F54: 29712 | G54: 29192 | H54: 28647 | I54: 28500 | J54: 27705 | K54: 29001 | L54: 30907 | M54: 32215 | N54: 33051 | O54: 33512 | P54: 34002 | Q54: 34593 | R54: 35006 | S54: 34743 | T54: 23603 | U54: 26187 | V54: 26511 | W54: 25822 | X54: 25161 | Y54: 24085 | Z54: 22235 | AA54: =SUM(C54:Z54) -> 709253 | AB54: 2 | AC54: =+AA54*AB54 -> 1418506
AD55: =SUM(AD7:AD51) -> 338578776

Sheet OF P2
C1: * La energia a ofertar debe ser expresada únicamente en kilovatio (kWh) redondeado a cero decimales
C4: OFERTA PRODUCTO 2
C5: MES | D5: ENERGIA SOLICITADA (KWh) | E5: % | F5: ENERGIA OFERTADA (KWh) | G5: PRECIO $/kWh
C6: 46388 | D6: =+VLOOKUP(C6,'CURVA P2'!$A$4:$AD$55,30,FALSE) -> 26183284 | E6: % | G6: $/kWh
C7: 46419 | D7: =+VLOOKUP(C7,'CURVA P2'!$A$4:$AD$55,30,FALSE) -> 27076744
C8: 46447 | D8: =+VLOOKUP(C8,'CURVA P2'!$A$4:$AD$55,30,FALSE) -> 26175253
C9: 46478 | D9: =+VLOOKUP(C9,'CURVA P2'!$A$4:$AD$55,30,FALSE) -> 27329640
C10: 46508 | D10: =+VLOOKUP(C10,'CURVA P2'!$A$4:$AD$55,30,FALSE) -> 27682621
C11: 46539 | D11: =+VLOOKUP(C11,'CURVA P2'!$A$4:$AD$55,30,FALSE) -> 28239251
C12: 46569 | D12: =+VLOOKUP(C12,'CURVA P2'!$A$4:$AD$55,30,FALSE) -> 24946557
C13: 46600 | D13: =+VLOOKUP(C13,'CURVA P2'!$A$4:$AD$55,30,FALSE) -> 26544363
C14: 46631 | D14: =+VLOOKUP(C14,'CURVA P2'!$A$4:$AD$55,30,FALSE) -> 27481854
C15: 46661 | D15: =+VLOOKUP(C15,'CURVA P2'!$A$4:$AD$55,30,FALSE) -> 27071840
C16: 46692 | D16: =+VLOOKUP(C16,'CURVA P2'!$A$4:$AD$55,30,FALSE) -> 26729030
C17: 46722 | D17: =+VLOOKUP(C17,'CURVA P2'!$A$4:$AD$55,30,FALSE) -> 25768675
D18: =SUM(D6:D17) -> 321229112

Sheet CURVA P2
A1: Curva de distribucion en kwh
A2: * La energia a ofertar debe ser expresada únicamente en kilovatio (kWh) redondeado a cero decimales
A4: TOTAL | C4: =+AD55 -> 321229112
A5: MES | B5: DÍA | C5: HORA 01 | D5: HORA 02 | E5: HORA 03 | F5: HORA 04 | G5: HORA 05 | H5: HORA 06 | I5: HORA 07 | J5: HORA 08 | K5: HORA 09 | L5: HORA 10 | M5: HORA 11 | N5: HORA 12 | O5: HORA 13 | P5: HORA 14 | Q5: HORA 15 | R5: HORA 16 | S5: HORA 17 | T5: HORA 18 | U5: HORA 19 | V5: HORA 20 | W5: HORA 21 | X5: HORA 22 | Y5: HORA 23 | Z5: HORA 24 | AA5: TOTAL DÍA | AB5: NUMERO DÍAS | AC5: TOTAL DÍA MES | AD5: TOTAL MES
A7: 46388 | B7: Hábil | C7: 40227 | D7: 38779 | E7: 37353 | F7: 36304 | G7: 35978 | H7: 36610 | I7: 37571 | J7: 23640 | K7: 27146 | L7: 29695 | M7: 31892 | N7: 33200 | O7: 31024 | P7: 33744 | Q7: 37342 | R7: 37978 | S7: 36844 | T7: 43998 | U7: 45229 | V7: 44426 | W7: 43550 | X7: 42485 | Y7: 40439 | Z7: 37701 | AA7: =SUM(C7:Z7) -> 883155 | AB7: 19 | AC7: =+AA7*AB7 -> 16779945 | AD7: =+SUM(AC7:AC10) -> 26183284
B8: Sábado | C8: 41175 | D8: 39486 | E8: 37870 | F8: 36692 | G8: 36198 | H8: 36403 | I8: 36994 | J8: 22827 | K8: 26535 | L8: 29139 | M8: 31075 | N8: 32039 | O8: 30692 | P8: 31206 | Q8: 32591 | R8: 32745 | S8: 31565 | T8: 40905 | U8: 43588 | V8: 43106 | W8: 41927 | X8: 40785 | Y8: 39317 | Z8: 37291 | AA8: =SUM(C8:Z8) -> 852151 | AB8: 5 | AC8: =+AA8*AB8 -> 4260755
B9: Domingo | C9: 40654 | D9: 39109 | E9: 37570 | F9: 36361 | G9: 35666 | H9: 35321 | I9: 35235 | J9: 18777 | K9: 20139 | L9: 21735 | M9: 22717 | N9: 23633 | O9: 24137 | P9: 24368 | Q9: 24976 | R9: 25426 | S9: 25049 | T9: 35905 | U9: 39161 | V9: 39986 | W9: 39859 | X9: 39387 | Y9: 37827 | Z9: 35444 | AA9: =SUM(C9:Z9) -> 758442 | AB9: 5 | AC9: =+AA9*AB9 -> 3792210
B10: Festivo | C10: 35315 | D10: 34367 | E10: 33680 | F10: 32903 | G10: 32522 | H10: 32181 | I10: 31716 | J10: 15031 | K10: 16210 | L10: 17782 | M10: 19176 | N10: 20081 | O10: 20516 | P10: 20953 | Q10: 21491 | R10: 21802 | S10: 21158 | T10: 33234 | U10: 36729 | V10: 37283 | W10: 36962 | X10: 36264 | Y10: 34850 | Z10: 32981 | AA10: =SUM(C10:Z10) -> 675187 | AB10: 2 | AC10: =+AA10*AB10 -> 1350374
A11: 46419 | B11: Hábil | C11: 44237 | D11: 42125 | E11: 40625 | F11: 39645 | G11: 39658 | H11: 41620 | I11: 43304 | J11: 29848 | K11: 33433 | L11: 35976 | M11: 38320 | N11: 38720 | O11: 35003 | P11: 39214 | Q11: 43593 | R11: 44346 | S11: 42974 | T11: 48334 | U11: 48925 | V11: 48666 | W11: 47984 | X11: 46495 | Y11: 43433 | Z11: 40014 | AA11: =SUM(C11:Z11) -> 996492 | AB11: 20 | AC11: =+AA11*AB11 -> 19929840 | AD11: =+SUM(AC11:AC14) -> 27076744
B12: Sábado | C12: 43058 | D12: 41032 | E12: 39572 | F12: 38610 | G12: 38237 | H12: 38849 | I12: 40350 | J12: 27261 | K12: 31394 | L12: 34154 | M12: 36092 | N12: 36856 | O12: 34872 | P12: 35077 | Q12: 36396 | R12: 36574 | S12: 35219 | T12: 43288 | U12: 45859 | V12: 46078 | W12: 44862 | X12: 43549 | Y12: 41838 | Z12: 39578 | AA12: =SUM(C12:Z12) -> 928655 | AB12: 4 | AC12: =+AA12*AB12 -> 3714620
B13: Domingo | C13: 44001 | D13: 41859 | E13: 40341 | F13: 39102 | G13: 38454 | H13: 38277 | I13: 38561 | J13: 22651 | K13: 24215 | L13: 26139 | M13: 27321 | N13: 28448 | O13: 28865 | P13: 28961 | Q13: 29815 | R13: 30558 | S13: 30289 | T13: 40041 | U13: 43269 | V13: 44880 | W13: 45059 | X13: 44714 | Y13: 42627 | Z13: 39624 | AA13: =SUM(C13:Z13) -> 858071 | AB13: 4 | AC13: =+AA13*AB13 -> 3432284
B14: Festivo | C14: 0 | D14: 0 | E14: 0 | F14: 0 | G14: 0 | H14: 0 | I14: 0 | J14: 0 | K14: 0 | L14: 0 | M14: 0 | N14: 0 | O14: 0 | P14: 0 | Q14: 0 | R14: 0 | S14: 0 | T14: 0 | U14: 0 | V14: 0 | W14: 0 | X14: 0 | Y14: 0 | Z14: 0 | AA14: =SUM(C14:Z14) -> 0 | AB14: 0 | AC14: =+AA14*AB14 -> 0
A15: 46447 | B15: Hábil | C15: 40470 | D15: 38469 | E15: 37080 | F15: 36076 | G15: 35980 | H15: 37292 | I15: 38078 | J15: 24228 | K15: 27384 | L15: 29561 | M15: 31563 | N15: 32161 | O15: 29253 | P15: 33063 | Q15: 37052 | R15: 37657 | S15: 36558 | T15: 43123 | U15: 43880 | V15: 43805 | W15: 43488 | X15: 42545 | Y15: 40108 | Z15: 37145 | AA15: =SUM(C15:Z15) -> 876019 | AB15: 20 | AC15: =+AA15*AB15 -> 17520380 | AD15: =+SUM(AC15:AC18) -> 26175253
B16: Sábado | C16: 41476 | D16: 39408 | E16: 37900 | F16: 36677 | G16: 36106 | H16: 36193 | I16: 37025 | J16: 23529 | K16: 27045 | L16: 29425 | M16: 31285 | N16: 31824 | O16: 29942 | P16: 30376 | Q16: 31834 | R16: 32083 | S16: 31028 | T16: 40153 | U16: 42465 | V16: 42563 | W16: 41792 | X16: 41040 | Y16: 39926 | Z16: 38060 | AA16: =SUM(C16:Z16) -> 849155 | AB16: 4 | AC16: =+AA16*AB16 -> 3396620
B17: Domingo | C17: 41854 | D17: 39809 | E17: 38361 | F17: 37184 | G17: 36452 | H17: 35961 | I17: 35710 | J17: 19358 | K17: 20483 | L17: 21699 | M17: 22352 | N17: 23306 | O17: 23932 | P17: 24296 | Q17: 25210 | R17: 25842 | S17: 25594 | T17: 36134 | U17: 39060 | V17: 40707 | W17: 41143 | X17: 41061 | Y17: 39082 | Z17: 36491 | AA17: =SUM(C17:Z17) -> 771081 | AB17: 4 | AC17: =+AA17*AB17 -> 3084324
B18: Festivo | C18: 36563 | D18: 34504 | E18: 33202 | F18: 32312 | G18: 31933 | H18: 31772 | I18: 32294 | J18: 17299 | K18: 19382 | L18: 21530 | M18: 23416 | N18: 24685 | O18: 24223 | P18: 25000 | Q18: 25513 | R18: 25362 | S18: 24500 | T18: 34741 | U18: 38101 | V18: 39709 | W18: 39798 | X18: 38998 | Y18: 36326 | Z18: 33480 | AA18: =SUM(C18:Z18) -> 724643 | AB18: 3 | AC18: =+AA18*AB18 -> 2173929
A19: 46478 | B19: Hábil | C19: 41990 | D19: 39893 | E19: 38461 | F19: 37451 | G19: 37386 | H19: 38110 | I19: 39321 | J19: 26236 | K19: 30148 | L19: 32697 | M19: 35148 | N19: 36031 | O19: 32660 | P19: 36560 | Q19: 41010 | R19: 41460 | S19: 39955 | T19: 46007 | U19: 46707 | V19: 46362 | W19: 45936 | X19: 44830 | Y19: 42288 | Z19: 39063 | AA19: =SUM(C19:Z19) -> 935710 | AB19: 22 | AC19: =+AA19*AB19 -> 20585620 | AD19: =+SUM(AC19:AC22) -> 27329640
B20: Sábado | C20: 42708 | D20: 40646 | E20: 39124 | F20: 37899 | G20: 37428 | H20: 36915 | I20: 38174 | J20: 24704 | K20: 28827 | L20: 31449 | M20: 33524 | N20: 34429 | O20: 32676 | P20: 33119 | Q20: 34507 | R20: 34572 | S20: 33105 | T20: 42078 | U20: 44254 | V20: 43730 | W20: 42702 | X20: 41579 | Y20: 40139 | Z20: 38245 | AA20: =SUM(C20:Z20) -> 886533 | AB20: 4 | AC20: =+AA20*AB20 -> 3546132
B21: Domingo | C21: 42769 | D21: 40544 | E21: 38921 | F21: 37646 | G21: 36887 | H21: 35911 | I21: 36113 | J21: 20254 | K21: 21707 | L21: 23202 | M21: 24328 | N21: 25738 | O21: 26204 | P21: 26544 | Q21: 27492 | R21: 27970 | S21: 27466 | T21: 37659 | U21: 40630 | V21: 41835 | W21: 41588 | X21: 41422 | Y21: 39678 | Z21: 36964 | AA21: =SUM(C21:Z21) -> 799472 | AB21: 4 | AC21: =+AA21*AB21 -> 3197888
B22: Festivo | C22: 0 | D22: 0 | E22: 0 | F22: 0 | G22: 0 | H22: 0 | I22: 0 | J22: 0 | K22: 0 | L22: 0 | M22: 0 | N22: 0 | O22: 0 | P22: 0 | Q22: 0 | R22: 0 | S22: 0 | T22: 0 | U22: 0 | V22: 0 | W22: 0 | X22: 0 | Y22: 0 | Z22: 0 | AA22: =SUM(C22:Z22) -> 0 | AB22: 0 | AC22: =+AA22*AB22 -> 0
A23: 46508 | B23: Hábil | C23: 42836 | D23: 40804 | E23: 39277 | F23: 38201 | G23: 37910 | H23: 37775 | I23: 39081 | J23: 26207 | K23: 30367 | L23: 33086 | M23: 35426 | N23: 36147 | O23: 32844 | P23: 36864 | Q23: 41231 | R23: 41394 | S23: 39743 | T23: 45819 | U23: 45919 | V23: 45831 | W23: 45840 | X23: 45046 | Y23: 42700 | Z23: 39640 | AA23: =SUM(C23:Z23) -> 939988 | AB23: 19 | AC23: =+AA23*AB23 -> 17859772 | AD23: =+SUM(AC23:AC26) -> 27682621
B24: Sábado | C24: 44039 | D24: 41722 | E24: 39985 | F24: 38694 | G24: 38125 | H24: 37057 | I24: 38506 | J24: 25149 | K24: 29482 | L24: 32434 | M24: 34550 | N24: 35135 | O24: 33222 | P24: 33693 | Q24: 34910 | R24: 34700 | S24: 33130 | T24: 41334 | U24: 43242 | V24: 43492 | W24: 42627 | X24: 41853 | Y24: 40650 | Z24: 38669 | AA24: =SUM(C24:Z24) -> 896400 | AB24: 4 | AC24: =+AA24*AB24 -> 3585600
B25: Domingo | C25: 42803 | D25: 40858 | E25: 39335 | F25: 38084 | G25: 37269 | H25: 35645 | I25: 36308 | J25: 20405 | K25: 21758 | L25: 23254 | M25: 24524 | N25: 25401 | O25: 25238 | P25: 25274 | Q25: 26391 | R25: 26723 | S25: 26288 | T25: 36758 | U25: 39523 | V25: 40837 | W25: 41202 | X25: 41453 | Y25: 40140 | Z25: 37756 | AA25: =SUM(C25:Z25) -> 793227 | AB25: 5 | AC25: =+AA25*AB25 -> 3966135
B26: Festivo | C26: 38557 | D26: 36633 | E26: 35247 | F26: 34213 | G26: 33725 | H26: 32577 | I26: 33556 | J26: 18288 | K26: 20260 | L26: 22336 | M26: 24083 | N26: 25273 | O26: 25044 | P26: 25663 | Q26: 26597 | R26: 26831 | S26: 25891 | T26: 35724 | U26: 38787 | V26: 40783 | W26: 41192 | X26: 40919 | Y26: 38838 | Z26: 36021 | AA26: =SUM(C26:Z26) -> 757038 | AB26: 3 | AC26: =+AA26*AB26 -> 2271114
A27: 46539 | B27: Hábil | C27: 44238 | D27: 42101 | E27: 40484 | F27: 39392 | G27: 39090 | H27: 38800 | I27: 40634 | J27: 28146 | K27: 32411 | L27: 35007 | M27: 37306 | N27: 38257 | O27: 34593 | P27: 38346 | Q27: 42442 | R27: 42772 | S27: 41329 | T27: 46747 | U27: 46728 | V27: 46929 | W27: 46621 | X27: 45684 | Y27: 43447 | Z27: 40429 | AA27: =SUM(C27:Z27) -> 971933 | AB27: 21 | AC27: =+AA27*AB27 -> 20410593 | AD27: =+SUM(AC27:AC30) -> 28239251
B28: Sábado | C28: 44595 | D28: 42512 | E28: 40923 | F28: 39722 | G28: 39311 | H28: 38314 | I28: 40069 | J28: 27050 | K28: 31192 | L28: 33847 | M28: 35805 | N28: 36396 | O28: 34188 | P28: 34240 | Q28: 36036 | R28: 36359 | S28: 34931 | T28: 43100 | U28: 44738 | V28: 44904 | W28: 43971 | X28: 42980 | Y28: 41668 | Z28: 39791 | AA28: =SUM(C28:Z28) -> 926642 | AB28: 4 | AC28: =+AA28*AB28 -> 3706568
B29: Domingo | C29: 44388 | D29: 42450 | E29: 40948 | F29: 39697 | G29: 38973 | H29: 37390 | I29: 37981 | J29: 22213 | K29: 23203 | L29: 25033 | M29: 25630 | N29: 26459 | O29: 26751 | P29: 26880 | Q29: 27737 | R29: 28173 | S29: 27991 | T29: 37625 | U29: 40318 | V29: 42375 | W29: 42670 | X29: 42894 | Y29: 41776 | Z29: 39695 | AA29: =SUM(C29:Z29) -> 829250 | AB29: 4 | AC29: =+AA29*AB29 -> 3317000
B30: Festivo | C30: 40584 | D30: 38691 | E30: 37350 | F30: 36259 | G30: 35824 | H30: 34665 | I30: 35645 | J30: 20983 | K30: 23498 | L30: 25942 | M30: 27725 | N30: 28677 | O30: 28066 | P30: 28352 | Q30: 29038 | R30: 28874 | S30: 27728 | T30: 36834 | U30: 39349 | V30: 41860 | W30: 41768 | X30: 41278 | Y30: 39385 | Z30: 36715 | AA30: =SUM(C30:Z30) -> 805090 | AB30: 1 | AC30: =+AA30*AB30 -> 805090
A31: 46569 | B31: Hábil | C31: 38731 | D31: 36645 | E31: 35145 | F31: 33969 | G31: 33607 | H31: 33677 | I31: 35122 | J31: 21432 | K31: 25553 | L31: 28142 | M31: 30414 | N31: 30869 | O31: 27163 | P31: 30797 | Q31: 34799 | R31: 35125 | S31: 33498 | T31: 42904 | U31: 42667 | V31: 43430 | W31: 43427 | X31: 42704 | Y31: 40578 | Z31: 37688 | AA31: =SUM(C31:Z31) -> 838086 | AB31: 20 | AC31: =+AA31*AB31 -> 16761720 | AD31: =+SUM(AC31:AC34) -> 24946557
B32: Sábado | C32: 38102 | D32: 36150 | E32: 34744 | F32: 33616 | G32: 33220 | H32: 32450 | I32: 33767 | J32: 19703 | K32: 23560 | L32: 26197 | M32: 27903 | N32: 28832 | O32: 26887 | P32: 27328 | Q32: 28932 | R32: 28805 | S32: 27224 | T32: 38642 | U32: 40536 | V32: 41744 | W32: 40798 | X32: 40131 | Y32: 39247 | Z32: 37691 | AA32: =SUM(C32:Z32) -> 786209 | AB32: 5 | AC32: =+AA32*AB32 -> 3931045
B33: Domingo | C33: 39568 | D33: 37539 | E33: 35931 | F33: 34737 | G33: 33931 | H33: 32584 | I33: 33001 | J33: 15772 | K33: 17011 | L33: 18572 | M33: 19392 | N33: 20004 | O33: 20440 | P33: 20711 | Q33: 21309 | R33: 21962 | S33: 21542 | T33: 35726 | U33: 38006 | V33: 40147 | W33: 40518 | X33: 40645 | Y33: 39359 | Z33: 37235 | AA33: =SUM(C33:Z33) -> 715642 | AB33: 4 | AC33: =+AA33*AB33 -> 2862568
B34: Festivo | C34: 36831 | D34: 34842 | E34: 33315 | F34: 32337 | G34: 31823 | H34: 30892 | I34: 31540 | J34: 15587 | K34: 17572 | L34: 19481 | M34: 20801 | N34: 21453 | O34: 20685 | P34: 21393 | Q34: 22215 | R34: 22518 | S34: 21614 | T34: 34312 | U34: 36890 | V34: 39455 | W34: 39479 | X34: 38947 | Y34: 37100 | Z34: 34530 | AA34: =SUM(C34:Z34) -> 695612 | AB34: 2 | AC34: =+AA34*AB34 -> 1391224
A35: 46600 | B35: Hábil | C35: 40929 | D35: 38769 | E35: 37153 | F35: 35915 | G35: 35491 | H35: 35502 | I35: 36651 | J35: 23226 | K35: 27151 | L35: 30065 | M35: 32390 | N35: 33146 | O35: 29487 | P35: 33713 | Q35: 38246 | R35: 38572 | S35: 37018 | T35: 45072 | U35: 45073 | V35: 45524 | W35: 45658 | X35: 45199 | Y35: 42934 | Z35: 40071 | AA35: =SUM(C35:Z35) -> 892955 | AB35: 21 | AC35: =+AA35*AB35 -> 18752055 | AD35: =+SUM(AC35:AC38) -> 26544363
B36: Sábado | C36: 43469 | D36: 41136 | E36: 39329 | F36: 37914 | G36: 37183 | H36: 36219 | I36: 37252 | J36: 23587 | K36: 27390 | L36: 30341 | M36: 31956 | N36: 33208 | O36: 30785 | P36: 31418 | Q36: 32900 | R36: 32818 | S36: 31497 | T36: 41960 | U36: 44088 | V36: 44342 | W36: 43378 | X36: 43196 | Y36: 42361 | Z36: 40667 | AA36: =SUM(C36:Z36) -> 878394 | AB36: 3 | AC36: =+AA36*AB36 -> 2635182
B37: Domingo | C37: 42150 | D37: 39990 | E37: 38260 | F37: 36905 | G37: 35880 | H37: 34102 | I37: 34105 | J37: 17616 | K37: 18625 | L37: 19642 | M37: 20776 | N37: 21033 | O37: 21590 | P37: 22687 | Q37: 23293 | R37: 23866 | S37: 22680 | T37: 35302 | U37: 38275 | V37: 39767 | W37: 40214 | X37: 40605 | Y37: 39389 | Z37: 37202 | AA37: =SUM(C37:Z37) -> 743954 | AB37: 5 | AC37: =+AA37*AB37 -> 3719770
B38: Festivo | C38: 36331 | D38: 34642 | E38: 33247 | F38: 32329 | G38: 31869 | H38: 31028 | I38: 31400 | J38: 15533 | K38: 17606 | L38: 20129 | M38: 21844 | N38: 23127 | O38: 22851 | P38: 23419 | Q38: 24327 | R38: 24822 | S38: 23776 | T38: 35122 | U38: 38273 | V38: 40248 | W38: 40381 | X38: 40865 | Y38: 39242 | Z38: 36267 | AA38: =SUM(C38:Z38) -> 718678 | AB38: 2 | AC38: =+AA38*AB38 -> 1437356
A39: 46631 | B39: Hábil | C39: 42873 | D39: 40495 | E39: 38732 | F39: 37366 | G39: 36866 | H39: 36808 | I39: 38164 | J39: 25049 | K39: 29172 | L39: 32208 | M39: 34715 | N39: 35514 | O39: 32015 | P39: 36565 | Q39: 40820 | R39: 41002 | S39: 39014 | T39: 47218 | U39: 47734 | V39: 47048 | W39: 47052 | X39: 46587 | Y39: 44374 | Z39: 41094 | AA39: =SUM(C39:Z39) -> 938485 | AB39: 22 | AC39: =+AA39*AB39 -> 20646670 | AD39: =+SUM(AC39:AC42) -> 27481854
B40: Sábado | C40: 43572 | D40: 41392 | E40: 39671 | F40: 38262 | G40: 37568 | H40: 36518 | I40: 37891 | J40: 24645 | K40: 29012 | L40: 31763 | M40: 34030 | N40: 35000 | O40: 32761 | P40: 33573 | Q40: 35256 | R40: 35139 | S40: 33399 | T40: 44365 | U40: 46745 | V40: 45898 | W40: 44662 | X40: 43899 | Y40: 42808 | Z40: 41109 | AA40: =SUM(C40:Z40) -> 908938 | AB40: 4 | AC40: =+AA40*AB40 -> 3635752
B41: Domingo | C41: 43101 | D41: 41029 | E41: 39447 | F41: 38169 | G41: 37246 | H41: 35940 | I41: 36313 | J41: 19725 | K41: 20711 | L41: 21761 | M41: 23105 | N41: 24285 | O41: 24162 | P41: 24966 | Q41: 26380 | R41: 26657 | S41: 25949 | T41: 38428 | U41: 41630 | V41: 42672 | W41: 43224 | X41: 43525 | Y41: 42009 | Z41: 39424 | AA41: =SUM(C41:Z41) -> 799858 | AB41: 4 | AC41: =+AA41*AB41 -> 3199432
B42: Festivo | C42: 0 | D42: 0 | E42: 0 | F42: 0 | G42: 0 | H42: 0 | I42: 0 | J42: 0 | K42: 0 | L42: 0 | M42: 0 | N42: 0 | O42: 0 | P42: 0 | Q42: 0 | R42: 0 | S42: 0 | T42: 0 | U42: 0 | V42: 0 | W42: 0 | X42: 0 | Y42: 0 | Z42: 0 | AA42: =SUM(C42:Z42) -> 0 | AB42: 0 | AC42: =+AA42*AB42 -> 0
A43: 46661 | B43: Hábil | C43: 40742 | D43: 38578 | E43: 37024 | F43: 35935 | G43: 35629 | H43: 35608 | I43: 37073 | J43: 23924 | K43: 28520 | L43: 31622 | M43: 34280 | N43: 35380 | O43: 31952 | P43: 36066 | Q43: 40368 | R43: 40306 | S43: 38434 | T43: 47987 | U43: 47738 | V43: 46247 | W43: 45420 | X43: 44384 | Y43: 41936 | Z43: 38888 | AA43: =SUM(C43:Z43) -> 914041 | AB43: 20 | AC43: =+AA43*AB43 -> 18280820 | AD43: =+SUM(AC43:AC46) -> 27071840
B44: Sábado | C44: 39781 | D44: 37613 | E44: 36085 | F44: 34869 | G44: 34380 | H44: 33704 | I44: 34974 | J44: 21201 | K44: 25824 | L44: 28916 | M44: 31142 | N44: 32237 | O44: 30496 | P44: 30580 | Q44: 31889 | R44: 31588 | S44: 30381 | T44: 42385 | U44: 44179 | V44: 42984 | W44: 41896 | X44: 40672 | Y44: 39172 | Z44: 37251 | AA44: =SUM(C44:Z44) -> 834199 | AB44: 5 | AC44: =+AA44*AB44 -> 4170995
B45: Domingo | C45: 40723 | D45: 38738 | E45: 37212 | F45: 35922 | G45: 35073 | H45: 33834 | I45: 34327 | J45: 17538 | K45: 18840 | L45: 20661 | M45: 21815 | N45: 23185 | O45: 23459 | P45: 23801 | Q45: 24599 | R45: 25357 | S45: 24899 | T45: 38619 | U45: 41222 | V45: 41656 | W45: 41853 | X45: 41738 | Y45: 40035 | Z45: 37653 | AA45: =SUM(C45:Z45) -> 762759 | AB45: 5 | AC45: =+AA45*AB45 -> 3813795
B46: Festivo | C46: 40135 | D46: 38122 | E46: 36714 | F46: 35732 | G46: 35259 | H46: 33858 | I46: 34290 | J46: 19232 | K46: 21741 | L46: 24455 | M46: 26208 | N46: 26699 | O46: 27203 | P46: 27910 | Q46: 29375 | R46: 29095 | S46: 28123 | T46: 40865 | U46: 43200 | V46: 43635 | W46: 43597 | X46: 42752 | Y46: 40432 | Z46: 37598 | AA46: =SUM(C46:Z46) -> 806230 | AB46: 1 | AC46: =+AA46*AB46 -> 806230
A47: 46692 | B47: Hábil | C47: 40392 | D47: 38286 | E47: 36812 | F47: 35857 | G47: 35765 | H47: 36114 | I47: 38067 | J47: 25102 | K47: 29556 | L47: 32435 | M47: 34960 | N47: 36040 | O47: 32509 | P47: 36007 | Q47: 40020 | R47: 40508 | S47: 38879 | T47: 49265 | U47: 48949 | V47: 47111 | W47: 46090 | X47: 44516 | Y47: 41836 | Z47: 38642 | AA47: =SUM(C47:Z47) -> 923718 | AB47: 20 | AC47: =+AA47*AB47 -> 18474360 | AD47: =+SUM(AC47:AC50) -> 26729030
B48: Sábado | C48: 41105 | D48: 39002 | E48: 37476 | F48: 36302 | G48: 35833 | H48: 35320 | I48: 36782 | J48: 23512 | K48: 28321 | L48: 31680 | M48: 33585 | N48: 34565 | O48: 32325 | P48: 32314 | Q48: 33377 | R48: 33031 | S48: 31714 | T48: 44165 | U48: 45431 | V48: 44063 | W48: 42686 | X48: 41087 | Y48: 39549 | Z48: 37563 | AA48: =SUM(C48:Z48) -> 870788 | AB48: 4 | AC48: =+AA48*AB48 -> 3483152
B49: Domingo | C49: 40308 | D49: 38382 | E49: 36975 | F49: 35783 | G49: 35045 | H49: 34099 | I49: 34759 | J49: 18745 | K49: 20743 | L49: 22669 | M49: 24335 | N49: 25380 | O49: 25759 | P49: 25843 | Q49: 26370 | R49: 26264 | S49: 25675 | T49: 40131 | U49: 42063 | V49: 42062 | W49: 41590 | X49: 40951 | Y49: 39474 | Z49: 37157 | AA49: =SUM(C49:Z49) -> 780562 | AB49: 4 | AC49: =+AA49*AB49 -> 3122248
B50: Festivo | C50: 39762 | D50: 37713 | E50: 36284 | F50: 35276 | G50: 34890 | H50: 34060 | I50: 34738 | J50: 19794 | K50: 22489 | L50: 25377 | M50: 27621 | N50: 29032 | O50: 28776 | P50: 29776 | Q50: 30447 | R50: 30302 | S50: 29448 | T50: 43130 | U50: 45022 | V50: 44875 | W50: 44210 | X50: 43022 | Y50: 40657 | Z50: 37934 | AA50: =SUM(C50:Z50) -> 824635 | AB50: 2 | AC50: =+AA50*AB50 -> 1649270
A51: 46722 | B51: Hábil | C51: 39332 | D51: 37269 | E51: 35840 | F51: 34794 | G51: 34454 | H51: 34496 | I51: 35553 | J51: 21941 | K51: 25987 | L51: 28874 | M51: 31089 | N51: 32181 | O51: 29580 | P51: 31751 | Q51: 35327 | R51: 35848 | S51: 34755 | T51: 45314 | U51: 46428 | V51: 44862 | W51: 43438 | X51: 42212 | Y51: 40335 | Z51: 37846 | AA51: =SUM(C51:Z51) -> 859506 | AB51: 22 | AC51: =+AA51*AB51 -> 18909132 | AD51: =+SUM(AC51:AC54) -> 25768675
B52: Sábado | C52: 40303 | D52: 38073 | E52: 36464 | F52: 35259 | G52: 34687 | H52: 34509 | I52: 35275 | J52: 20697 | K52: 24457 | L52: 27101 | M52: 29152 | N52: 30150 | O52: 29117 | P52: 29563 | Q52: 30920 | R52: 30973 | S52: 29872 | T52: 42745 | U52: 45420 | V52: 44609 | W52: 42739 | X52: 41016 | Y52: 39467 | Z52: 37665 | AA52: =SUM(C52:Z52) -> 830233 | AB52: 3 | AC52: =+AA52*AB52 -> 2490699
B53: Domingo | C53: 40919 | D53: 38838 | E53: 37245 | F53: 36027 | G53: 35270 | H53: 33882 | I53: 33980 | J53: 17583 | K53: 19265 | L53: 21204 | M53: 22570 | N53: 23650 | O53: 23691 | P53: 23953 | Q53: 24860 | R53: 25777 | S53: 25351 | T53: 39559 | U53: 42810 | V53: 42394 | W53: 41204 | X53: 39832 | Y53: 37953 | Z53: 35918 | AA53: =SUM(C53:Z53) -> 763735 | AB53: 4 | AC53: =+AA53*AB53 -> 3054940
B54: Festivo | C54: 34563 | D54: 33426 | E54: 32526 | F54: 31650 | G54: 31092 | H54: 30493 | I54: 30330 | J54: 13853 | K54: 15181 | L54: 16969 | M54: 18216 | N54: 19013 | O54: 19313 | P54: 19766 | Q54: 20261 | R54: 20497 | S54: 20144 | T54: 34050 | U54: 37308 | V54: 37657 | W54: 36936 | X54: 36178 | Y54: 34822 | Z54: 32708 | AA54: =SUM(C54:Z54) -> 656952 | AB54: 2 | AC54: =+AA54*AB54 -> 1313904
AD55: =SUM(AD7:AD51) -> 321229112

Sheet OF P3
C1: * La energia a ofertar debe ser expresada únicamente en kilovatio (kWh) redondeado a cero decimales
C4: OFERTA PRODUCTO 3
C5: MES | D5: ENERGIA SOLICITADA (KWh) | E5: % | F5: ENERGIA OFERTADA (KWh) | G5: PRECIO $/kWh
C6: 46753 | D6: =+VLOOKUP(C6,'CURVA P3'!$A$4:$AD$55,30,FALSE) -> 15559781 | E6: % | G6: $/kWh
C7: 46784 | D7: =+VLOOKUP(C7,'CURVA P3'!$A$4:$AD$55,30,FALSE) -> 16225232
C8: 46813 | D8: =+VLOOKUP(C8,'CURVA P3'!$A$4:$AD$55,30,FALSE) -> 15474282
C9: 46844 | D9: =+VLOOKUP(C9,'CURVA P3'!$A$4:$AD$55,30,FALSE) -> 16558763
C10: 46874 | D10: =+VLOOKUP(C10,'CURVA P3'!$A$4:$AD$55,30,FALSE) -> 16869675
C11: 46905 | D11: =+VLOOKUP(C11,'CURVA P3'!$A$4:$AD$55,30,FALSE) -> 17034818
C12: 46935 | D12: =+VLOOKUP(C12,'CURVA P3'!$A$4:$AD$55,30,FALSE) -> 16155256
C13: 46966 | D13: =+VLOOKUP(C13,'CURVA P3'!$A$4:$AD$55,30,FALSE) -> 17338692
C14: 46997 | D14: =+VLOOKUP(C14,'CURVA P3'!$A$4:$AD$55,30,FALSE) -> 18398718
C15: 47027 | D15: =+VLOOKUP(C15,'CURVA P3'!$A$4:$AD$55,30,FALSE) -> 18051075
C16: 47058 | D16: =+VLOOKUP(C16,'CURVA P3'!$A$4:$AD$55,30,FALSE) -> 17882804
C17: 47088 | D17: =+VLOOKUP(C17,'CURVA P3'!$A$4:$AD$55,30,FALSE) -> 17036252
D18: =SUM(D6:D17) -> 202585348

Sheet CURVA P3
A1: Curva de distribucion en kwh
A2: * La energia a ofertar debe ser expresada únicamente en kilovatio (kWh) redondeado a cero decimales
A4: TOTAL | C4: =+AD55 -> 202585348
A5: MES | B5: DÍA | C5: HORA 01 | D5: HORA 02 | E5: HORA 03 | F5: HORA 04 | G5: HORA 05 | H5: HORA 06 | I5: HORA 07 | J5: HORA 08 | K5: HORA 09 | L5: HORA 10 | M5: HORA 11 | N5: HORA 12 | O5: HORA 13 | P5: HORA 14 | Q5: HORA 15 | R5: HORA 16 | S5: HORA 17 | T5: HORA 18 | U5: HORA 19 | V5: HORA 20 | W5: HORA 21 | X5: HORA 22 | Y5: HORA 23 | Z5: HORA 24 | AA5: TOTAL DÍA | AB5: NUMERO DÍAS | AC5: TOTAL DÍA MES | AD5: TOTAL MES
A7: 46753 | B7: Hábil | C7: 26645 | D7: 25397 | E7: 24296 | F7: 23446 | G7: 23132 | H7: 23454 | I7: 6225 | J7: 8666 | K7: 6924 | L7: 7564 | M7: 8787 | N7: 8883 | O7: 7903 | P7: 12026 | Q7: 18672 | R7: 23311 | S7: 42090 | T7: 35001 | U7: 36071 | V7: 35631 | W7: 35233 | X7: 34566 | Y7: 32890 | Z7: 30588 | AA7: =SUM(C7:Z7) -> 537401 | AB7: 20 | AC7: =+AA7*AB7 -> 10748020 | AD7: =+SUM(AC7:AC10) -> 15559781
B8: Sábado | C8: 26998 | D8: 25576 | E8: 24346 | F8: 23463 | G8: 23018 | H8: 23061 | I8: 5600 | J8: 7748 | K8: 6213 | L8: 6820 | M8: 7776 | N8: 7525 | O8: 7273 | P8: 9304 | Q8: 13956 | R8: 18195 | S8: 37007 | T8: 32335 | U8: 34637 | V8: 34348 | W8: 33477 | X8: 32683 | Y8: 31607 | Z8: 29950 | AA8: =SUM(C8:Z8) -> 502916 | AB8: 4 | AC8: =+AA8*AB8 -> 2011664
B9: Domingo | C9: 26570 | D9: 25266 | E9: 24087 | F9: 23166 | G9: 22627 | H9: 22291 | I9: 4377 | J9: 4171 | K9: 348 | L9: 7 | M9: 87 | N9: 5 | O9: 1261 | P9: 3044 | Q9: 7037 | R9: 11629 | S9: 31168 | T9: 28568 | U9: 31344 | V9: 32199 | W9: 32252 | X9: 32011 | Y9: 30742 | Z9: 28726 | AA9: =SUM(C9:Z9) -> 422983 | AB9: 5 | AC9: =+AA9*AB9 -> 2114915
B10: Festivo | C10: 20997 | D10: 20376 | E10: 19845 | F10: 19297 | G10: 19016 | H10: 18775 | I10: 772 | J10: 5 | K10: 5 | L10: 5 | M10: 5 | N10: 5 | O10: 5 | P10: 5 | Q10: 2515 | R10: 6893 | S10: 26263 | T10: 24786 | U10: 27927 | V10: 28496 | W10: 28172 | X10: 27495 | Y10: 26257 | Z10: 24674 | AA10: =SUM(C10:Z10) -> 342591 | AB10: 2 | AC10: =+AA10*AB10 -> 685182
A11: 46784 | B11: Hábil | C11: 27966 | D11: 26416 | E11: 25292 | F11: 24537 | G11: 24475 | H11: 25647 | I11: 8950 | J11: 12201 | K11: 10153 | L11: 10532 | M11: 11732 | N11: 10809 | O11: 8646 | P11: 14019 | Q11: 21527 | R11: 26485 | S11: 45282 | T11: 37018 | U11: 37428 | V11: 37316 | W11: 37087 | X11: 36132 | Y11: 33895 | Z11: 31231 | AA11: =SUM(C11:Z11) -> 584776 | AB11: 21 | AC11: =+AA11*AB11 -> 12280296 | AD11: =+SUM(AC11:AC14) -> 16225232
B12: Sábado | C12: 26490 | D12: 25121 | E12: 24075 | F12: 23416 | G12: 23187 | H12: 23576 | I12: 6671 | J12: 9719 | K12: 8166 | L12: 8653 | M12: 9496 | N12: 8989 | O12: 8109 | P12: 9882 | Q12: 14719 | R12: 19215 | S12: 38109 | T12: 32958 | U12: 35028 | V12: 35200 | W12: 34423 | X12: 33595 | Y12: 32442 | Z12: 30683 | AA12: =SUM(C12:Z12) -> 521922 | AB12: 4 | AC12: =+AA12*AB12 -> 2087688
B13: Domingo | C13: 27397 | D13: 25863 | E13: 24756 | F13: 23839 | G13: 23358 | H13: 23125 | I13: 5391 | J13: 5692 | K13: 1645 | L13: 1514 | M13: 1780 | N13: 1710 | O13: 3190 | P13: 4840 | Q13: 9155 | R13: 14167 | S13: 33991 | T13: 30638 | U13: 33247 | V13: 34646 | W13: 35047 | X13: 34982 | Y13: 33383 | Z13: 30956 | AA13: =SUM(C13:Z13) -> 464312 | AB13: 4 | AC13: =+AA13*AB13 -> 1857248
B14: Festivo | C14: 0 | D14: 0 | E14: 0 | F14: 0 | G14: 0 | H14: 0 | I14: 0 | J14: 0 | K14: 0 | L14: 0 | M14: 0 | N14: 0 | O14: 0 | P14: 0 | Q14: 0 | R14: 0 | S14: 0 | T14: 0 | U14: 0 | V14: 0 | W14: 0 | X14: 0 | Y14: 0 | Z14: 0 | AB14: 0 | AC14: =+AA14*AB14 -> 0
A15: 46813 | B15: Hábil | C15: 26407 | D15: 24868 | E15: 23768 | F15: 22934 | G15: 22729 | H15: 23316 | I15: 6176 | J15: 8751 | K15: 6673 | L15: 6855 | M15: 7845 | N15: 7246 | O15: 5751 | P15: 10704 | Q15: 17558 | R15: 22109 | S15: 40970 | T15: 33718 | U15: 34358 | V15: 34376 | W15: 34392 | X15: 33931 | Y15: 32265 | Z15: 29959 | AA15: =SUM(C15:Z15) -> 517659 | AB15: 22 | AC15: =+AA15*AB15 -> 11388498 | AD15: =+SUM(AC15:AC18) -> 15474282
B16: Sábado | C16: 27391 | D16: 25786 | E16: 24582 | F16: 23613 | G16: 23104 | H16: 23009 | I16: 5786 | J16: 8208 | K16: 6446 | L16: 6738 | M16: 7612 | N16: 6880 | O16: 6174 | P16: 8228 | Q16: 13000 | R16: 17270 | S16: 36151 | T16: 31765 | U16: 33629 | V16: 33732 | W16: 33213 | X16: 32851 | Y16: 32121 | Z16: 30646 | AA16: =SUM(C16:Z16) -> 497935 | AB16: 4 | AC16: =+AA16*AB16 -> 1991740
B17: Domingo | C17: 27547 | D17: 26070 | E17: 24945 | F17: 24051 | G17: 23473 | H17: 22945 | I17: 4931 | J17: 4475 | K17: 422 | L17: 5 | M17: 5 | N17: 5 | O17: 945 | P17: 2841 | Q17: 7198 | R17: 11836 | S17: 31411 | T17: 28919 | U17: 31189 | V17: 32656 | W17: 33389 | X17: 33697 | Y17: 32288 | Z17: 30126 | AA17: =SUM(C17:Z17) -> 435369 | AB17: 4 | AC17: =+AA17*AB17 -> 1741476
B18: Festivo | C18: 21167 | D18: 19781 | E18: 18891 | F18: 18286 | G18: 17991 | H18: 17917 | I18: 578 | J18: 1519 | K18: 5 | L18: 5 | M18: 5 | N18: 5 | O18: 5 | P18: 1459 | Q18: 5333 | R18: 9386 | S18: 28540 | T18: 25346 | U18: 28119 | V18: 29341 | W18: 29323 | X18: 28614 | Y18: 26570 | Z18: 24382 | AA18: =SUM(C18:Z18) -> 352568 | AB18: 1 | AC18: =+AA18*AB18 -> 352568
A19: 46844 | B19: Hábil | C19: 28276 | D19: 26661 | E19: 25542 | F19: 24725 | G19: 24614 | H19: 25031 | I19: 8126 | J19: 11964 | K19: 10644 | L19: 11155 | M19: 12603 | N19: 12212 | O19: 9991 | P19: 15230 | Q19: 22834 | R19: 27453 | S19: 45995 | T19: 37209 | U19: 37767 | V19: 37595 | W19: 37566 | X19: 36844 | Y19: 34820 | Z19: 32158 | AA19: =SUM(C19:Z19) -> 597015 | AB19: 18 | AC19: =+AA19*AB19 -> 10746270 | AD19: =+SUM(AC19:AC22) -> 16558763
B20: Sábado | C20: 28547 | D20: 26957 | E20: 25828 | F20: 24887 | G20: 24446 | H20: 23973 | I20: 7068 | J20: 10239 | K20: 9060 | L20: 9647 | M20: 10631 | N20: 10451 | O20: 9742 | P20: 11836 | Q20: 16651 | R20: 20906 | S20: 39458 | T20: 33750 | U20: 35531 | V20: 35229 | W20: 34574 | X20: 33835 | Y20: 32735 | Z20: 31121 | AA20: =SUM(C20:Z20) -> 547102 | AB20: 5 | AC20: =+AA20*AB20 -> 2735510
B21: Domingo | C21: 28432 | D21: 26793 | E21: 25600 | F21: 24617 | G21: 24016 | H21: 23185 | I21: 5535 | J21: 6106 | K21: 2283 | L21: 1923 | M21: 2148 | N21: 2230 | O21: 3724 | P21: 5667 | Q21: 10042 | R21: 14641 | S21: 34069 | T21: 30320 | U21: 32881 | V21: 34013 | W21: 34076 | X21: 34134 | Y21: 32743 | Z21: 30389 | AA21: =SUM(C21:Z21) -> 469567 | AB21: 5 | AC21: =+AA21*AB21 -> 2347835
B22: Festivo | C22: 24281 | D22: 22838 | E22: 21809 | F22: 21069 | G22: 20581 | H22: 19862 | I22: 2410 | J22: 2015 | K22: 5 | L22: 5 | M22: 5 | N22: 5 | O22: 5 | P22: 5 | Q22: 3176 | R22: 7486 | S22: 27217 | T22: 25036 | U22: 27868 | V22: 28739 | W22: 28566 | X22: 28277 | Y22: 27397 | Z22: 25917 | AA22: =SUM(C22:Z22) -> 364574 | AB22: 2 | AC22: =+AA22*AB22 -> 729148
A23: 46874 | B23: Hábil | C23: 27992 | D23: 26506 | E23: 25371 | F23: 24586 | G23: 24347 | H23: 24146 | I23: 7378 | J23: 11059 | K23: 9958 | L23: 10620 | M23: 11876 | N23: 11409 | O23: 9412 | P23: 14388 | Q23: 21732 | R23: 25982 | S23: 44374 | T23: 35981 | U23: 36443 | V23: 36510 | W23: 36559 | X23: 35992 | Y23: 34188 | Z23: 31674 | AA23: =SUM(C23:Z23) -> 578483 | AB23: 21 | AC23: =+AA23*AB23 -> 12148143 | AD23: =+SUM(AC23:AC26) -> 16869675
B24: Sábado | C24: 29086 | D24: 27312 | E24: 25958 | F24: 24981 | G24: 24533 | H24: 23767 | I24: 6937 | J24: 9948 | K24: 8987 | L24: 9866 | M24: 10809 | N24: 10097 | O24: 9150 | P24: 11022 | Q24: 15444 | R24: 19506 | S24: 38078 | T24: 32239 | U24: 34224 | V24: 34496 | W24: 33882 | X24: 33320 | Y24: 32379 | Z24: 30812 | AA24: =SUM(C24:Z24) -> 536833 | AB24: 4 | AC24: =+AA24*AB24 -> 2147332
B25: Domingo | C25: 27849 | D25: 26436 | E25: 25355 | F25: 24419 | G25: 23792 | H25: 22643 | I25: 5302 | J25: 5665 | K25: 1845 | L25: 1292 | M25: 1645 | N25: 1290 | O25: 2172 | P25: 3581 | Q25: 7921 | R25: 12243 | S25: 31697 | T25: 28297 | U25: 30901 | V25: 32133 | W25: 32496 | X25: 32726 | Y25: 31669 | Z25: 29681 | AA25: =SUM(C25:Z25) -> 443050 | AB25: 4 | AC25: =+AA25*AB25 -> 1772200
B26: Festivo | C26: 23703 | D26: 22336 | E26: 21362 | F26: 20651 | G26: 20324 | H26: 19558 | I26: 2575 | J26: 3371 | K26: 111 | L26: 208 | M26: 1005 | N26: 917 | O26: 1576 | P26: 3601 | Q26: 7858 | R26: 12133 | S26: 31202 | T26: 27333 | U26: 29930 | V26: 31398 | W26: 31580 | X26: 31216 | Y26: 29599 | Z26: 27453 | AA26: =SUM(C26:Z26) -> 401000 | AB26: 2 | AC26: =+AA26*AB26 -> 802000
A27: 46905 | B27: Hábil | C27: 28794 | D27: 27205 | E27: 26003 | F27: 25192 | G27: 24930 | H27: 24607 | I27: 8177 | J27: 12391 | K27: 11368 | L27: 11857 | M27: 13030 | N27: 12704 | O27: 10282 | P27: 15117 | Q27: 22285 | R27: 26744 | S27: 45441 | T27: 36859 | U27: 37148 | V27: 37418 | W27: 37258 | X27: 36584 | Y27: 34806 | Z27: 32319 | AA27: =SUM(C27:Z27) -> 598519 | AB27: 20 | AC27: =+AA27*AB27 -> 11970380 | AD27: =+SUM(AC27:AC30) -> 17034818
B28: Sábado | C28: 29375 | D28: 27860 | E28: 26637 | F28: 25750 | G28: 25414 | H28: 24648 | I28: 8212 | J28: 11699 | K28: 10471 | L28: 10910 | M28: 11897 | N28: 11287 | O28: 10168 | P28: 11564 | Q28: 16695 | R28: 21237 | S28: 39869 | T28: 34372 | U28: 35822 | V28: 36100 | W28: 35353 | X28: 34694 | Y28: 33707 | Z28: 32201 | AA28: =SUM(C28:Z28) -> 565942 | AB28: 4 | AC28: =+AA28*AB28 -> 2263768
B29: Domingo | C29: 29014 | D29: 27574 | E29: 26465 | F29: 25540 | G29: 25004 | H29: 23817 | I29: 6452 | J29: 7156 | K29: 2775 | L29: 2760 | M29: 2278 | N29: 1990 | O29: 3319 | P29: 5042 | Q29: 9376 | R29: 13970 | S29: 33826 | T29: 30336 | U29: 32836 | V29: 34521 | W29: 34773 | X29: 34999 | Y29: 34191 | Z29: 32475 | AA29: =SUM(C29:Z29) -> 480489 | AB29: 4 | AC29: =+AA29*AB29 -> 1921956
B30: Festivo | C30: 25007 | D30: 23628 | E30: 22672 | F30: 21907 | G30: 21618 | H30: 20802 | I30: 3829 | J30: 5282 | K30: 2355 | L30: 2697 | M30: 3584 | N30: 3364 | O30: 3796 | P30: 5654 | Q30: 9738 | R30: 13786 | S30: 32748 | T30: 28721 | U30: 30982 | V30: 32963 | W30: 32845 | X30: 32284 | Y30: 30654 | Z30: 28441 | AA30: =SUM(C30:Z30) -> 439357 | AB30: 2 | AC30: =+AA30*AB30 -> 878714
A31: 46935 | B31: Hábil | C31: 27699 | D31: 26157 | E31: 25027 | F31: 24154 | G31: 23832 | H31: 23780 | I31: 7196 | J31: 10630 | K31: 9484 | L31: 9962 | M31: 11208 | N31: 10464 | O31: 7985 | P31: 12847 | Q31: 20053 | R31: 24443 | S31: 42699 | T31: 35067 | U31: 35085 | V31: 35897 | W31: 35932 | X31: 35437 | Y31: 33755 | Z31: 31325 | AA31: =SUM(C31:Z31) -> 560118 | AB31: 19 | AC31: =+AA31*AB31 -> 10642242 | AD31: =+SUM(AC31:AC34) -> 16155256
B32: Sábado | C32: 26549 | D32: 25155 | E32: 24141 | F32: 23327 | G32: 23016 | H32: 22497 | I32: 5738 | J32: 8668 | K32: 7212 | L32: 7738 | M32: 8378 | N32: 8182 | O32: 7298 | P32: 9150 | Q32: 14083 | R32: 17891 | S32: 36303 | T32: 31228 | U32: 32942 | V32: 33926 | W32: 33225 | X32: 32641 | Y32: 31844 | Z32: 30455 | AA32: =SUM(C32:Z32) -> 501587 | AB32: 5 | AC32: =+AA32*AB32 -> 2507935
B33: Domingo | C33: 27420 | D33: 25983 | E33: 24874 | F33: 24020 | G33: 23440 | H33: 22530 | I33: 5199 | J33: 5108 | K33: 1237 | L33: 799 | M33: 724 | N33: 74 | O33: 1535 | P33: 3195 | Q33: 7011 | R33: 11746 | S33: 30988 | T33: 28468 | U33: 30520 | V33: 32348 | W33: 32614 | X33: 32681 | Y33: 31627 | Z33: 29946 | AA33: =SUM(C33:Z33) -> 434087 | AB33: 5 | AC33: =+AA33*AB33 -> 2170435
B34: Festivo | C34: 24906 | D34: 23469 | E34: 22395 | F34: 21699 | G34: 21352 | H34: 20716 | I34: 3610 | J34: 4638 | K34: 1574 | L34: 1530 | M34: 1954 | N34: 1454 | O34: 1559 | P34: 3774 | Q34: 8040 | R34: 12442 | S34: 31534 | T34: 27905 | U34: 29857 | V34: 31943 | W34: 31910 | X34: 31429 | Y34: 29908 | Z34: 27724 | AA34: =SUM(C34:Z34) -> 417322 | AB34: 2 | AC34: =+AA34*AB34 -> 834644
A35: 46966 | B35: Hábil | C35: 28662 | D35: 27083 | E35: 25877 | F35: 24940 | G35: 24591 | H35: 24508 | I35: 7837 | J35: 11696 | K35: 10248 | L35: 11098 | M35: 12353 | N35: 11961 | O35: 9504 | P35: 14793 | Q35: 22274 | R35: 26583 | S35: 45028 | T35: 36010 | U35: 36276 | V35: 36672 | W35: 36838 | X35: 36453 | Y35: 34719 | Z35: 32326 | AA35: =SUM(C35:Z35) -> 588330 | AB35: 21 | AC35: =+AA35*AB35 -> 12354930 | AD35: =+SUM(AC35:AC38) -> 17338692
B36: Sábado | C36: 30370 | D36: 28736 | E36: 27389 | F36: 26361 | G36: 25794 | H36: 25072 | I36: 8204 | J36: 11884 | K36: 10349 | L36: 11232 | M36: 11663 | N36: 11965 | O36: 10405 | P36: 12550 | Q36: 17280 | R36: 21364 | S36: 40249 | T36: 33595 | U36: 35501 | V36: 35772 | W36: 35123 | X36: 34848 | Y36: 34144 | Z36: 32737 | AA36: =SUM(C36:Z36) -> 572587 | AB36: 4 | AC36: =+AA36*AB36 -> 2290348
B37: Domingo | C37: 29618 | D37: 28069 | E37: 26836 | F37: 25837 | G37: 24990 | H37: 23697 | I37: 6139 | J37: 6704 | K37: 2507 | L37: 1463 | M37: 1800 | N37: 802 | O37: 2210 | P37: 4664 | Q37: 8440 | R37: 13217 | S37: 31987 | T37: 28266 | U37: 30904 | V37: 32390 | W37: 32751 | X37: 33143 | Y37: 32175 | Z37: 30298 | AA37: =SUM(C37:Z37) -> 458907 | AB37: 4 | AC37: =+AA37*AB37 -> 1835628
B38: Festivo | C38: 24573 | D38: 23323 | E38: 22322 | F38: 21645 | G38: 21319 | H38: 20695 | I38: 3348 | J38: 4412 | K38: 1370 | L38: 1845 | M38: 2636 | N38: 2691 | O38: 3293 | P38: 5274 | Q38: 9501 | R38: 14081 | S38: 33022 | T38: 28108 | U38: 30620 | V38: 31967 | W38: 31913 | X38: 31952 | Y38: 30565 | Z38: 28418 | AA38: =SUM(C38:Z38) -> 428893 | AB38: 2 | AC38: =+AA38*AB38 -> 857786
A39: 46997 | B39: Hábil | C39: 30444 | D39: 28705 | E39: 27378 | F39: 26350 | G39: 25967 | H39: 25921 | I39: 9250 | J39: 13719 | K39: 12385 | L39: 13292 | M39: 14691 | N39: 14208 | O39: 11907 | P39: 17594 | Q39: 25018 | R39: 29501 | S39: 47505 | T39: 38269 | U39: 38987 | V39: 38438 | W39: 38524 | X39: 38170 | Y39: 36353 | Z39: 33712 | AA39: =SUM(C39:Z39) -> 636288 | AB39: 21 | AC39: =+AA39*AB39 -> 13362048 | AD39: =+SUM(AC39:AC42) -> 18398718
B40: Sábado | C40: 30382 | D40: 28841 | E40: 27593 | F40: 26558 | G40: 26077 | H40: 25387 | I40: 8719 | J40: 13088 | K40: 11859 | L40: 12321 | M40: 13596 | N40: 13395 | O40: 12274 | P40: 14614 | Q40: 19622 | R40: 23642 | S40: 42015 | T40: 35602 | U40: 37816 | V40: 37160 | W40: 36278 | X40: 35616 | Y40: 34770 | Z40: 33305 | AA40: =SUM(C40:Z40) -> 600530 | AB40: 5 | AC40: =+AA40*AB40 -> 3002650
B41: Domingo | C41: 30509 | D41: 28995 | E41: 27811 | F41: 26846 | G41: 26216 | H41: 25230 | I41: 7831 | J41: 8700 | K41: 4301 | L41: 3188 | M41: 3654 | N41: 3535 | O41: 4286 | P41: 6691 | Q41: 11492 | R41: 15935 | S41: 35330 | T41: 31188 | U41: 34060 | V41: 34898 | W41: 35448 | X41: 35683 | Y41: 34437 | Z41: 32241 | AA41: =SUM(C41:Z41) -> 508505 | AB41: 4 | AC41: =+AA41*AB41 -> 2034020
B42: Festivo | C42: 0 | D42: 0 | E42: 0 | F42: 0 | G42: 0 | H42: 0 | I42: 0 | J42: 0 | K42: 0 | L42: 0 | M42: 0 | N42: 0 | O42: 0 | P42: 0 | Q42: 0 | R42: 0 | S42: 0 | T42: 0 | U42: 0 | V42: 0 | W42: 0 | X42: 0 | Y42: 0 | Z42: 0 | AB42: 0 | AC42: =+AA42*AB42 -> 0
A43: 47027 | B43: Hábil | C43: 29039 | D43: 27423 | E43: 26212 | F43: 25338 | G43: 25004 | H43: 24790 | I43: 8003 | J43: 12408 | K43: 11795 | L43: 12891 | M43: 14572 | N43: 14532 | O43: 12261 | P43: 17699 | Q43: 25200 | R43: 29176 | S43: 47264 | T43: 38958 | U43: 38643 | V43: 37546 | W43: 37070 | X43: 36425 | Y43: 34512 | Z43: 32037 | AA43: =SUM(C43:Z43) -> 618798 | AB43: 21 | AC43: =+AA43*AB43 -> 12994758 | AD43: =+SUM(AC43:AC46) -> 18051075
B44: Sábado | C44: 27817 | D44: 26300 | E44: 25137 | F44: 24248 | G44: 23834 | H44: 23281 | I44: 6285 | J44: 9656 | K44: 9031 | L44: 10068 | M44: 11238 | N44: 11128 | O44: 10461 | P44: 11960 | Q44: 16657 | R44: 20443 | S44: 39292 | T44: 33881 | U44: 35121 | V44: 34152 | W44: 33452 | X44: 32740 | Y44: 31765 | Z44: 30272 | AA44: =SUM(C44:Z44) -> 538219 | AB44: 4 | AC44: =+AA44*AB44 -> 2152876
B45: Domingo | C45: 29153 | D45: 27668 | E45: 26575 | F45: 25658 | G45: 24987 | H45: 23995 | I45: 6477 | J45: 6620 | K45: 2552 | L45: 2251 | M45: 2331 | N45: 2511 | O45: 3594 | P45: 5476 | Q45: 9621 | R45: 14577 | S45: 34088 | T45: 30812 | U45: 32948 | V45: 33436 | W45: 33899 | X45: 34110 | Y45: 32840 | Z45: 30922 | AA45: =SUM(C45:Z45) -> 477101 | AB45: 5 | AC45: =+AA45*AB45 -> 2385505
B46: Festivo | C46: 28452 | D46: 26840 | E46: 25789 | F46: 25091 | G46: 24672 | H46: 23512 | I46: 5791 | J46: 8006 | K46: 5291 | L46: 6031 | M46: 6554 | N46: 5536 | O46: 7437 | P46: 9761 | Q46: 14731 | R46: 18275 | S46: 37132 | T46: 32622 | U46: 34692 | V46: 35237 | W46: 35632 | X46: 35526 | Y46: 33811 | Z46: 31515 | AA46: =SUM(C46:Z46) -> 517936 | AB46: 1 | AC46: =+AA46*AB46 -> 517936
A47: 47058 | B47: Hábil | C47: 28912 | D47: 27354 | E47: 26262 | F47: 25493 | G47: 25353 | H47: 25385 | I47: 8858 | J47: 13486 | K47: 12567 | L47: 13329 | M47: 14822 | N47: 14641 | O47: 12414 | P47: 17361 | Q47: 24578 | R47: 29293 | S47: 47796 | T47: 40083 | U47: 39763 | V47: 38437 | W47: 37846 | X47: 36720 | Y47: 34659 | Z47: 32130 | AA47: =SUM(C47:Z47) -> 627542 | AB47: 20 | AC47: =+AA47*AB47 -> 12550840 | AD47: =+SUM(AC47:AC50) -> 17882804
B48: Sábado | C48: 29323 | D48: 27743 | E48: 26605 | F48: 25778 | G48: 25415 | H48: 24966 | I48: 8019 | J48: 11972 | K48: 11245 | L48: 12400 | M48: 13047 | N48: 12811 | O48: 11699 | P48: 13366 | Q48: 18005 | R48: 21984 | S48: 40827 | T48: 35704 | U48: 36872 | V48: 35746 | W48: 34642 | X48: 33546 | Y48: 32509 | Z48: 30904 | AA48: =SUM(C48:Z48) -> 575128 | AB48: 4 | AC48: =+AA48*AB48 -> 2300512
B49: Domingo | C49: 28465 | D49: 27098 | E49: 26102 | F49: 25168 | G49: 24632 | H49: 23868 | I49: 6452 | J49: 7523 | K49: 3966 | L49: 3696 | M49: 4443 | N49: 4133 | O49: 5504 | P49: 7203 | Q49: 11333 | R49: 15631 | S49: 35074 | T49: 32365 | U49: 33900 | V49: 34013 | W49: 33746 | X49: 33335 | Y49: 32318 | Z49: 30489 | AA49: =SUM(C49:Z49) -> 490457 | AB49: 4 | AC49: =+AA49*AB49 -> 1961828
B50: Festivo | C50: 28549 | D50: 27039 | E50: 25953 | F50: 25153 | G50: 24770 | H50: 24063 | I50: 6479 | J50: 8587 | K50: 5771 | L50: 6423 | M50: 7484 | N50: 7570 | O50: 8497 | P50: 10971 | Q50: 15069 | R50: 19191 | S50: 38477 | T50: 34538 | U50: 36163 | V50: 36343 | W50: 36312 | X50: 35727 | Y50: 33982 | Z50: 31701 | AA50: =SUM(C50:Z50) -> 534812 | AB50: 2 | AC50: =+AA50*AB50 -> 1069624
A51: 47088 | B51: Hábil | C51: 28415 | D51: 26933 | E51: 25857 | F51: 25037 | G51: 24725 | H51: 24597 | I51: 7498 | J51: 11127 | K51: 9834 | L51: 10674 | M51: 11839 | N51: 11612 | O51: 10174 | P51: 13883 | Q51: 20573 | R51: 25001 | S51: 43906 | T51: 36908 | U51: 37693 | V51: 36484 | W51: 35591 | X51: 34789 | Y51: 33456 | Z51: 31541 | AA51: =SUM(C51:Z51) -> 578147 | AB51: 19 | AC51: =+AA51*AB51 -> 10984793 | AD51: =+SUM(AC51:AC54) -> 17036252
B52: Sábado | C52: 29317 | D52: 27785 | E52: 26507 | F52: 25548 | G52: 25067 | H52: 24926 | I52: 7491 | J52: 10179 | K52: 8780 | L52: 9406 | M52: 10324 | N52: 10037 | O52: 9995 | P52: 11996 | Q52: 16636 | R52: 20699 | S52: 39631 | T52: 35300 | U52: 37271 | V52: 36410 | W52: 35260 | X52: 34457 | Y52: 33753 | Z52: 32429 | AA52: =SUM(C52:Z52) -> 559204 | AB52: 5 | AC52: =+AA52*AB52 -> 2796020
B53: Domingo | C53: 30479 | D53: 28832 | E53: 27571 | F53: 26627 | G53: 25989 | H53: 24554 | I53: 6710 | J53: 7153 | K53: 3504 | L53: 3287 | M53: 3574 | N53: 3573 | O53: 4652 | P53: 6605 | Q53: 11081 | R53: 16365 | S53: 36009 | T53: 33305 | U53: 36197 | V53: 35881 | W53: 34743 | X53: 33356 | Y53: 31766 | Z53: 30196 | AA53: =SUM(C53:Z53) -> 502009 | AB53: 5 | AC53: =+AA53*AB53 -> 2510045
B54: Festivo | C54: 22849 | D54: 22091 | E54: 21482 | F54: 20885 | G54: 20487 | H54: 20056 | I54: 2265 | J54: 2822 | K54: 5 | L54: 5 | M54: 5 | N54: 5 | O54: 5 | P54: 1441 | Q54: 5243 | R54: 9519 | S54: 29134 | T54: 26426 | U54: 29060 | V54: 29321 | W54: 28793 | X54: 28207 | Y54: 27111 | Z54: 25480 | AA54: =SUM(C54:Z54) -> 372697 | AB54: 2 | AC54: =+AA54*AB54 -> 745394
AD55: =SUM(AD7:AD51) -> 202585348

Sheet OF P4
C1: * La energia a ofertar debe ser expresada únicamente en kilovatio (kWh) redondeado a cero decimales
C4: OFERTA PRODUCTO 5
C5: MES | D5: ENERGIA SOLICITADA (KWh) | E5: % | F5: ENERGIA OFERTADA (KWh) | G5: PRECIO $/kWh
C6: 47119 | D6: =+VLOOKUP(C6,'CURVA P4'!$A$4:$AD$55,30,FALSE) -> 35484572 | E6: % | G6: $/kWh
C7: 47150 | D7: =+VLOOKUP(C7,'CURVA P4'!$A$4:$AD$55,30,FALSE) -> 36552052
C8: 47178 | D8: =+VLOOKUP(C8,'CURVA P4'!$A$4:$AD$55,30,FALSE) -> 35263004
C9: 47209 | D9: =+VLOOKUP(C9,'CURVA P4'!$A$4:$AD$55,30,FALSE) -> 36938684
C10: 47239 | D10: =+VLOOKUP(C10,'CURVA P4'!$A$4:$AD$55,30,FALSE) -> 37563901
C11: 47270 | D11: =+VLOOKUP(C11,'CURVA P4'!$A$4:$AD$55,30,FALSE) -> 37841320
C12: 47300 | D12: =+VLOOKUP(C12,'CURVA P4'!$A$4:$AD$55,30,FALSE) -> 36528245
C13: 47331 | D13: =+VLOOKUP(C13,'CURVA P4'!$A$4:$AD$55,30,FALSE) -> 38495261
C14: 47362 | D14: =+VLOOKUP(C14,'CURVA P4'!$A$4:$AD$55,30,FALSE) -> 39826410
C15: 47392 | D15: =+VLOOKUP(C15,'CURVA P4'!$A$4:$AD$55,30,FALSE) -> 39475538
C16: 47423 | D16: =+VLOOKUP(C16,'CURVA P4'!$A$4:$AD$55,30,FALSE) -> 38895632
C17: 47453 | D17: =+VLOOKUP(C17,'CURVA P4'!$A$4:$AD$55,30,FALSE) -> 37752062
D18: =SUM(D6:D17) -> 450616681

Sheet CURVA P4
A1: Curva de distribucion en kwh
A2: * La energia a ofertar debe ser expresada únicamente en kilovatio (kWh) redondeado a cero decimales
A4: TOTAL | C4: =+AD55 -> 450616681
A5: MES | B5: DÍA | C5: HORA 01 | D5: HORA 02 | E5: HORA 03 | F5: HORA 04 | G5: HORA 05 | H5: HORA 06 | I5: HORA 07 | J5: HORA 08 | K5: HORA 09 | L5: HORA 10 | M5: HORA 11 | N5: HORA 12 | O5: HORA 13 | P5: HORA 14 | Q5: HORA 15 | R5: HORA 16 | S5: HORA 17 | T5: HORA 18 | U5: HORA 19 | V5: HORA 20 | W5: HORA 21 | X5: HORA 22 | Y5: HORA 23 | Z5: HORA 24 | AA5: TOTAL DÍA | AB5: NUMERO DÍAS | AC5: TOTAL DÍA MES | AD5: TOTAL MES
A7: 47119 | B7: Hábil | C7: 53586 | D7: 51076 | E7: 49090 | F7: 47632 | G7: 47176 | H7: 48067 | I7: 32722 | J7: 28201 | K7: 28287 | L7: 29841 | M7: 32121 | N7: 32645 | O7: 30512 | P7: 36160 | Q7: 45198 | R7: 50901 | S7: 68414 | T7: 70572 | U7: 72978 | V7: 72161 | W7: 71075 | X7: 69303 | Y7: 65697 | Z7: 60917 | AA7: =SUM(C7:Z7) -> 1194332 | AB7: 21 | AC7: =+AA7*AB7 -> 25080972 | AD7: =+SUM(AC7:AC10) -> 35484572
B8: Sábado | C8: 54879 | D8: 52115 | E8: 49908 | F8: 48277 | G8: 47621 | H8: 47917 | I8: 32003 | J8: 26819 | K8: 26884 | L8: 28345 | M8: 30127 | N8: 30233 | O8: 29471 | P8: 31956 | Q8: 37733 | R8: 42680 | S8: 60226 | T8: 65166 | U8: 70161 | V8: 69876 | W8: 68098 | X8: 66303 | Y8: 63813 | Z8: 60409 | AA8: =SUM(C8:Z8) -> 1141020 | AB8: 4 | AC8: =+AA8*AB8 -> 4564080
B9: Domingo | C9: 54249 | D9: 51660 | E9: 49510 | F9: 47814 | G9: 46849 | H9: 46378 | I9: 29507 | J9: 21274 | K9: 17908 | L9: 18049 | M9: 18442 | N9: 18440 | O9: 20249 | P9: 22300 | Q9: 27100 | R9: 32607 | S9: 51338 | T9: 58178 | U9: 64163 | V9: 65848 | W9: 65631 | X9: 64757 | Y9: 61963 | Z9: 58025 | AA9: =SUM(C9:Z9) -> 1012239 | AB9: 4 | AC9: =+AA9*AB9 -> 4048956
B10: Festivo | C10: 46843 | D10: 45614 | E10: 44511 | F10: 43398 | G10: 42822 | H10: 42333 | I10: 24991 | J10: 16296 | K10: 12440 | L10: 12557 | M10: 13404 | N10: 13400 | O10: 15300 | P10: 17621 | Q10: 22220 | R10: 27465 | S10: 45811 | T10: 54103 | U10: 60573 | V10: 61767 | W10: 61088 | X10: 59676 | Y10: 57138 | Z10: 53911 | AA10: =SUM(C10:Z10) -> 895282 | AB10: 2 | AC10: =+AA10*AB10 -> 1790564
A11: 47150 | B11: Hábil | C11: 58903 | D11: 55883 | E11: 53760 | F11: 52328 | G11: 52269 | H11: 54721 | I11: 40256 | J11: 36120 | K11: 35850 | L11: 37163 | M11: 39500 | N11: 38802 | O11: 34707 | P11: 42546 | Q11: 53197 | R11: 59596 | S11: 77125 | T11: 77736 | U11: 78986 | V11: 78894 | W11: 77933 | X11: 75823 | Y11: 71250 | Z11: 65607 | AA11: =SUM(C11:Z11) -> 1348955 | AB11: 20 | AC11: =+AA11*AB11 -> 26979100 | AD11: =+SUM(AC11:AC14) -> 36552052
B12: Sábado | C12: 57525 | D12: 54622 | E12: 52565 | F12: 51139 | G12: 50670 | H12: 51466 | I12: 36684 | J12: 32661 | K12: 33180 | L12: 34645 | M12: 36403 | N12: 36052 | O12: 34092 | P12: 36390 | Q12: 42881 | R12: 48348 | S12: 65961 | T12: 70001 | U12: 74451 | V12: 74944 | W12: 73098 | X12: 71109 | Y12: 68522 | Z12: 64813 | AA12: =SUM(C12:Z12) -> 1252222 | AB12: 4 | AC12: =+AA12*AB12 -> 5008888
B13: Domingo | C13: 58651 | D13: 55566 | E13: 53424 | F13: 51713 | G13: 50751 | H13: 50461 | I13: 34031 | J13: 26203 | K13: 22494 | L13: 22775 | M13: 23378 | N13: 23503 | O13: 25396 | P13: 27460 | Q13: 32955 | R13: 39204 | S13: 58350 | T13: 64180 | U13: 69686 | V13: 72561 | W13: 72947 | X13: 72419 | Y13: 68899 | Z13: 64009 | AA13: =SUM(C13:Z13) -> 1141016 | AB13: 4 | AC13: =+AA13*AB13 -> 4564064
B14: Festivo | C14: 0 | D14: 0 | E14: 0 | F14: 0 | G14: 0 | H14: 0 | I14: 0 | J14: 0 | K14: 0 | L14: 0 | M14: 0 | N14: 0 | O14: 0 | P14: 0 | Q14: 0 | R14: 0 | S14: 0 | T14: 0 | U14: 0 | V14: 0 | W14: 0 | X14: 0 | Y14: 0 | Z14: 0 | AA14: =SUM(C14:Z14) -> 0 | AB14: 0 | AC14: =+AA14*AB14 -> 0
A15: 47178 | B15: Hábil | C15: 53565 | D15: 50736 | E15: 48779 | F15: 47369 | G15: 47218 | H15: 48845 | I15: 33478 | J15: 29176 | K15: 28843 | L15: 29824 | M15: 31778 | N15: 31412 | O15: 28259 | P15: 35210 | Q15: 44751 | R15: 50427 | S15: 68121 | T15: 69903 | U15: 71550 | V15: 71461 | W15: 70692 | X15: 69009 | Y15: 65261 | Z15: 60339 | AA15: =SUM(C15:Z15) -> 1186006 | AB15: 19 | AC15: =+AA15*AB15 -> 22534114 | AD15: =+SUM(AC15:AC18) -> 35263004
B16: Sábado | C16: 54938 | D16: 51968 | E16: 49872 | F16: 48197 | G16: 47467 | H16: 47627 | I16: 32200 | J16: 28118 | K16: 28105 | L16: 29179 | M16: 30864 | N16: 30258 | O16: 28570 | P16: 30866 | Q16: 36728 | R16: 41814 | S16: 59571 | T16: 64452 | U16: 68747 | V16: 69080 | W16: 67598 | X16: 66098 | Y16: 64041 | Z16: 60944 | AA16: =SUM(C16:Z16) -> 1137302 | AB16: 5 | AC16: =+AA16*AB16 -> 5686510
B17: Domingo | C17: 55125 | D17: 52274 | E17: 50245 | F17: 48600 | G17: 47622 | H17: 47004 | I17: 30020 | J17: 22006 | K17: 18458 | L17: 18183 | M17: 18200 | N17: 18426 | O17: 20309 | P17: 22432 | Q17: 27650 | R17: 33224 | S17: 52088 | T17: 58733 | U17: 63917 | V17: 66538 | W17: 67099 | X17: 66793 | Y17: 63746 | Z17: 59504 | AA17: =SUM(C17:Z17) -> 1028196 | AB17: 4 | AC17: =+AA17*AB17 -> 4112784
B18: Festivo | C18: 49028 | D18: 46155 | E18: 44303 | F18: 43044 | G18: 42407 | H18: 42275 | I18: 26287 | J18: 20072 | K18: 17822 | L18: 18733 | M18: 20271 | N18: 20490 | O18: 20684 | P18: 23433 | Q18: 28220 | R18: 32965 | S18: 50923 | T18: 57092 | U18: 62918 | V18: 65446 | W18: 65373 | X18: 63864 | Y18: 59632 | Z18: 55095 | AA18: =SUM(C18:Z18) -> 976532 | AB18: 3 | AC18: =+AA18*AB18 -> 2929596
A19: 47209 | B19: Hábil | C19: 56152 | D19: 53168 | E19: 51126 | F19: 49694 | G19: 49533 | H19: 50249 | I19: 35319 | J19: 32028 | K19: 32633 | L19: 34177 | M19: 36701 | N19: 36697 | O19: 32971 | P19: 40246 | Q19: 50522 | R19: 56135 | S19: 73330 | T19: 74117 | U19: 75385 | V19: 75042 | W19: 74468 | X19: 72653 | Y19: 68646 | Z19: 63352 | AA19: =SUM(C19:Z19) -> 1274344 | AB19: 21 | AC19: =+AA19*AB19 -> 26761224 | AD19: =+SUM(AC19:AC22) -> 36938684
B20: Sábado | C20: 56907 | D20: 53909 | E20: 51721 | F20: 50076 | G20: 49396 | H20: 48569 | I20: 33607 | J20: 29628 | K20: 30393 | L20: 32056 | M20: 33861 | N20: 33811 | O20: 32426 | P20: 34999 | Q20: 41125 | R20: 46077 | S20: 63321 | T20: 67457 | U20: 71392 | V20: 70946 | W20: 69399 | X20: 67712 | Y20: 65427 | Z20: 62280 | AA20: =SUM(C20:Z20) -> 1196495 | AB20: 4 | AC20: =+AA20*AB20 -> 4785980
B21: Domingo | C21: 57083 | D21: 53973 | E21: 51708 | F21: 49900 | G21: 48867 | H21: 47435 | I21: 31117 | J21: 23708 | K21: 20299 | L21: 20396 | M21: 21087 | N21: 21673 | O21: 23502 | P21: 25786 | Q21: 31186 | R21: 36766 | S21: 55299 | T21: 61121 | U21: 66236 | V21: 68332 | W21: 68343 | X21: 68111 | Y21: 65354 | Z21: 61014 | AA21: =SUM(C21:Z21) -> 1078296 | AB21: 5 | AC21: =+AA21*AB21 -> 5391480
B22: Festivo | C22: 0 | D22: 0 | E22: 0 | F22: 0 | G22: 0 | H22: 0 | I22: 0 | J22: 0 | K22: 0 | L22: 0 | M22: 0 | N22: 0 | O22: 0 | P22: 0 | Q22: 0 | R22: 0 | S22: 0 | T22: 0 | U22: 0 | V22: 0 | W22: 0 | X22: 0 | Y22: 0 | Z22: 0 | AA22: =SUM(C22:Z22) -> 0 | AB22: 0 | AC22: =+AA22*AB22 -> 0
A23: 47239 | B23: Hábil | C23: 56310 | D23: 53483 | E23: 51404 | F23: 49950 | G23: 49577 | H23: 49238 | I23: 34601 | J23: 31558 | K23: 32669 | L23: 34426 | M23: 36774 | N23: 36572 | O23: 32990 | P23: 40013 | Q23: 49945 | R23: 55022 | S23: 71975 | T23: 72495 | U23: 73504 | V23: 73588 | W23: 73341 | X23: 71861 | Y23: 68092 | Z23: 63111 | AA23: =SUM(C23:Z23) -> 1262499 | AB23: 21 | AC23: =+AA23*AB23 -> 26512479 | AD23: =+SUM(AC23:AC26) -> 37563901
B24: Sábado | C24: 58422 | D24: 55224 | E24: 52885 | F24: 51062 | G24: 50325 | H24: 48837 | I24: 33983 | J24: 30085 | K24: 31311 | L24: 33274 | M24: 35097 | N24: 34561 | O24: 32792 | P24: 35114 | Q24: 40706 | R24: 45585 | S24: 62657 | T24: 65962 | U24: 69674 | V24: 70212 | W24: 68955 | X24: 67652 | Y24: 65574 | Z24: 62496 | AA24: =SUM(C24:Z24) -> 1202445 | AB24: 4 | AC24: =+AA24*AB24 -> 4809780
B25: Domingo | C25: 56733 | D25: 53973 | E25: 51883 | F25: 50149 | G25: 49044 | H25: 46787 | I25: 31074 | J25: 23428 | K25: 20118 | L25: 20196 | M25: 21019 | N25: 20965 | O25: 21945 | P25: 23773 | Q25: 29226 | R25: 34427 | S25: 52974 | T25: 58827 | U25: 63801 | V25: 66174 | W25: 66644 | X25: 66719 | Y25: 64465 | Z25: 60581 | AA25: =SUM(C25:Z25) -> 1054925 | AB25: 4 | AC25: =+AA25*AB25 -> 4219700
B26: Festivo | C26: 50969 | D26: 48254 | E26: 46327 | F26: 44928 | G26: 44288 | H26: 42794 | I26: 27490 | J26: 20963 | K26: 18552 | L26: 19468 | M26: 21076 | N26: 21382 | O26: 21995 | P26: 24597 | Q26: 29973 | R26: 35046 | S26: 52924 | T26: 58025 | U26: 63207 | V26: 66068 | W26: 66379 | X26: 65612 | Y26: 62430 | Z26: 58224 | AA26: =SUM(C26:Z26) -> 1010971 | AB26: 2 | AC26: =+AA26*AB26 -> 2021942
A27: 47270 | B27: Hábil | C27: 58310 | D27: 55280 | E27: 53057 | F27: 51528 | G27: 51141 | H27: 50611 | I27: 36608 | J27: 34091 | K27: 35337 | L27: 36948 | M27: 39250 | N27: 39275 | O27: 35146 | P27: 42079 | Q27: 52025 | R27: 57450 | S27: 74729 | T27: 75325 | U27: 75695 | V27: 76293 | W27: 75615 | X27: 73836 | Y27: 70119 | Z27: 65131 | AA27: =SUM(C27:Z27) -> 1314879 | AB27: 19 | AC27: =+AA27*AB27 -> 24982701 | AD27: =+SUM(AC27:AC30) -> 37841320
B28: Sábado | C28: 59294 | D28: 56347 | E28: 54119 | F28: 52470 | G28: 51901 | H28: 50464 | I28: 36245 | J28: 32598 | K28: 33588 | L28: 35264 | M28: 37146 | N28: 36729 | O28: 34673 | P28: 36409 | Q28: 42707 | R28: 47988 | S28: 65313 | T28: 69263 | U28: 72277 | V28: 73183 | W28: 71641 | X28: 70038 | Y28: 67852 | Z28: 64768 | AA28: =SUM(C28:Z28) -> 1252277 | AB28: 5 | AC28: =+AA28*AB28 -> 6261385
B29: Domingo | C29: 58901 | D29: 56064 | E29: 53964 | F29: 52274 | G29: 51265 | H29: 49071 | I29: 33290 | J29: 25888 | K29: 21963 | L29: 22463 | M29: 22365 | N29: 22185 | O29: 23673 | P29: 25559 | Q29: 30742 | R29: 36183 | S29: 55268 | T29: 61053 | U29: 65788 | V29: 69324 | W29: 69595 | X29: 69393 | Y29: 67350 | Z29: 63795 | AA29: =SUM(C29:Z29) -> 1107416 | AB29: 4 | AC29: =+AA29*AB29 -> 4429664
B30: Festivo | C30: 53730 | D30: 50986 | E30: 49097 | F30: 47588 | G30: 47030 | H30: 45420 | I30: 30144 | J30: 24242 | K30: 22417 | L30: 23725 | M30: 25508 | N30: 25658 | O30: 25938 | P30: 28284 | Q30: 33327 | R30: 37992 | S30: 55671 | T30: 60816 | U30: 65350 | V30: 69244 | W30: 68995 | X30: 67834 | Y30: 64585 | Z30: 60204 | AA30: =SUM(C30:Z30) -> 1083785 | AB30: 2 | AC30: =+AA30*AB30 -> 2167570
A31: 47300 | B31: Hábil | C31: 55690 | D31: 52759 | E31: 50658 | F31: 49053 | G31: 48563 | H31: 48521 | I31: 34063 | J31: 30837 | K31: 31846 | L31: 33457 | M31: 35707 | N31: 35154 | O31: 30913 | P31: 37734 | Q31: 47438 | R31: 52784 | S31: 69736 | T31: 70900 | U31: 70848 | V31: 72394 | W31: 72102 | X31: 70765 | Y31: 67345 | Z31: 62643 | AA31: =SUM(C31:Z31) -> 1231910 | AB31: 20 | AC31: =+AA31*AB31 -> 24638200 | AD31: =+SUM(AC31:AC34) -> 36528245
B32: Sábado | C32: 55169 | D32: 52333 | E32: 50371 | F32: 48786 | G32: 48177 | H32: 47110 | I32: 32348 | J32: 28506 | K32: 29158 | L32: 30813 | M32: 32269 | N32: 32275 | O32: 30475 | P32: 32692 | Q32: 38783 | R32: 43385 | S32: 60508 | T32: 64607 | U32: 67693 | V32: 69634 | W32: 68143 | X32: 66772 | Y32: 65042 | Z32: 62320 | AA32: =SUM(C32:Z32) -> 1157369 | AB32: 4 | AC32: =+AA32*AB32 -> 4629476
B33: Domingo | C33: 56500 | D33: 53568 | E33: 51407 | F33: 49797 | G33: 48725 | H33: 46886 | I33: 30841 | J33: 22627 | K33: 19176 | L33: 19094 | M33: 19357 | N33: 18903 | O33: 20666 | P33: 22634 | Q33: 27414 | R33: 33160 | S33: 51669 | T33: 58436 | U33: 62297 | V33: 66024 | W33: 66610 | X33: 66541 | Y33: 64288 | Z33: 60747 | AA33: =SUM(C33:Z33) -> 1037367 | AB33: 5 | AC33: =+AA33*AB33 -> 5186835
B34: Festivo | C34: 53113 | D34: 50290 | E34: 48193 | F34: 46823 | G34: 46154 | H34: 44908 | I34: 29380 | J34: 22929 | K34: 20816 | L34: 21493 | M34: 22498 | N34: 22173 | O34: 21944 | P34: 24842 | Q34: 30219 | R34: 35512 | S34: 53442 | T34: 58799 | U34: 62653 | V34: 66810 | W34: 66743 | X34: 65805 | Y34: 62826 | Z34: 58502 | AA34: =SUM(C34:Z34) -> 1036867 | AB34: 2 | AC34: =+AA34*AB34 -> 2073734
A35: 47331 | B35: Hábil | C35: 57873 | D35: 54911 | E35: 52665 | F35: 50972 | G35: 50405 | H35: 50394 | I35: 35466 | J35: 32459 | K35: 33289 | L35: 35328 | M35: 37735 | N35: 37575 | O35: 33481 | P35: 41033 | Q35: 51335 | R35: 56604 | S35: 73606 | T35: 73324 | U35: 73774 | V35: 74392 | W35: 74307 | X35: 73165 | Y35: 69560 | Z35: 64826 | AA35: =SUM(C35:Z35) -> 1288479 | AB35: 21 | AC35: =+AA35*AB35 -> 27058059 | AD35: =+SUM(AC35:AC38) -> 38495261
B36: Sábado | C36: 60829 | D36: 57642 | E36: 55189 | F36: 53294 | G36: 52290 | H36: 51103 | I36: 35917 | J36: 32422 | K36: 33114 | L36: 35100 | M36: 36501 | N36: 37019 | O36: 34694 | P36: 37317 | Q36: 43294 | R36: 48069 | S36: 65377 | T36: 67901 | U36: 71544 | V36: 72057 | W36: 70492 | X36: 69680 | Y36: 68122 | Z36: 65199 | AA36: =SUM(C36:Z36) -> 1254166 | AB36: 4 | AC36: =+AA36*AB36 -> 5016664
B37: Domingo | C37: 59576 | D37: 56544 | E37: 54135 | F37: 52287 | G37: 50913 | H37: 48534 | I37: 31955 | J37: 24584 | K37: 20916 | L37: 20434 | M37: 21093 | N37: 20284 | O37: 22124 | P37: 25143 | Q37: 29966 | R37: 35569 | S37: 53251 | T37: 58383 | U37: 63307 | V37: 66057 | W37: 66769 | X37: 66999 | Y37: 64977 | Z37: 61283 | AA37: =SUM(C37:Z37) -> 1075083 | AB37: 4 | AC37: =+AA37*AB37 -> 4300332
B38: Festivo | C38: 52726 | D38: 50222 | E38: 48234 | F38: 46879 | G38: 46233 | H38: 44982 | I38: 28991 | J38: 22641 | K38: 20611 | L38: 22109 | M38: 23714 | N38: 24262 | O38: 24783 | P38: 27314 | Q38: 32641 | R38: 38216 | S38: 55885 | T38: 59640 | U38: 64593 | V38: 67175 | W38: 67014 | X38: 66977 | Y38: 64211 | Z38: 60050 | AA38: =SUM(C38:Z38) -> 1060103 | AB38: 2 | AC38: =+AA38*AB38 -> 2120206
A39: 47362 | B39: Hábil | C39: 61086 | D39: 57798 | E39: 55367 | F39: 53497 | G39: 52832 | H39: 52664 | I39: 38005 | J39: 35479 | K39: 36622 | L39: 38840 | M39: 41480 | N39: 41361 | O39: 37431 | P39: 45540 | Q39: 55820 | R39: 61071 | S39: 77527 | T39: 77606 | U39: 78732 | V39: 77513 | W39: 77211 | X39: 76165 | Y39: 72556 | Z39: 67331 | AA39: =SUM(C39:Z39) -> 1369534 | AB39: 20 | AC39: =+AA39*AB39 -> 27390680 | AD39: =+SUM(AC39:AC42) -> 39826410
B40: Sábado | C40: 62322 | D40: 59286 | E40: 56881 | F40: 54842 | G40: 53869 | H40: 52501 | I40: 37634 | J40: 34716 | K40: 35979 | L40: 37800 | M40: 40156 | N40: 40171 | O40: 38218 | P40: 41050 | Q40: 47365 | R40: 52048 | S40: 68795 | T40: 72141 | U40: 76395 | V40: 75294 | W40: 73315 | X40: 71843 | Y40: 70135 | Z40: 67289 | AA40: =SUM(C40:Z40) -> 1320045 | AB40: 5 | AC40: =+AA40*AB40 -> 6600225
B41: Domingo | C41: 61673 | D41: 58723 | E41: 56455 | F41: 54645 | G41: 53418 | H41: 51553 | I41: 35428 | J41: 27876 | K41: 24034 | L41: 23548 | M41: 24412 | N41: 24815 | O41: 25956 | P41: 28878 | Q41: 34778 | R41: 40061 | S41: 58368 | T41: 63610 | U41: 69236 | V41: 70827 | W41: 71738 | X41: 72115 | Y41: 69650 | Z41: 65304 | AA41: =SUM(C41:Z41) -> 1167101 | AB41: 5 | AC41: =+AA41*AB41 -> 5835505
B42: Festivo | C42: 0 | D42: 0 | E42: 0 | F42: 0 | G42: 0 | H42: 0 | I42: 0 | J42: 0 | K42: 0 | L42: 0 | M42: 0 | N42: 0 | O42: 0 | P42: 0 | Q42: 0 | R42: 0 | S42: 0 | T42: 0 | U42: 0 | V42: 0 | W42: 0 | X42: 0 | Y42: 0 | Z42: 0 | AA42: =SUM(C42:Z42) -> 0 | AB42: 0 | AC42: =+AA42*AB42 -> 0
A43: 47392 | B43: Hábil | C43: 57910 | D43: 54890 | E43: 52728 | F43: 51234 | G43: 50799 | H43: 50622 | I43: 36086 | J43: 33419 | K43: 35167 | L43: 37478 | M43: 40219 | N43: 40472 | O43: 36673 | P43: 44211 | Q43: 54251 | R43: 59015 | S43: 75637 | T43: 78110 | U43: 78135 | V43: 75771 | W43: 74439 | X43: 72653 | Y43: 68771 | Z43: 63890 | AA43: =SUM(C43:Z43) -> 1322580 | AB43: 22 | AC43: =+AA43*AB43 -> 29096760 | AD43: =+SUM(AC43:AC46) -> 39475538
B44: Sábado | C44: 56750 | D44: 53755 | E44: 51660 | F44: 49985 | G44: 49301 | H44: 48304 | I44: 33421 | J44: 29800 | K44: 31500 | L44: 33755 | M44: 35997 | N44: 36208 | O44: 34731 | P44: 36650 | Q44: 42474 | R44: 46632 | S44: 63944 | T44: 69427 | U44: 72230 | V44: 70464 | W44: 68698 | X44: 66756 | Y44: 64345 | Z44: 61205 | AA44: =SUM(C44:Z44) -> 1207992 | AB44: 4 | AC44: =+AA44*AB44 -> 4831968
B45: Domingo | C45: 57733 | D45: 54954 | E45: 52848 | F45: 51034 | G45: 49881 | H45: 48157 | I45: 32137 | J45: 24171 | K45: 20808 | L45: 21350 | M45: 22080 | N45: 22713 | O45: 24203 | P45: 26347 | Q45: 31447 | R45: 37289 | S45: 55736 | T45: 63168 | U45: 67369 | V45: 68000 | W45: 68284 | X45: 68001 | Y45: 65395 | Z45: 61571 | AA45: =SUM(C45:Z45) -> 1094676 | AB45: 4 | AC45: =+AA45*AB45 -> 4378704
B46: Festivo | C46: 57051 | D46: 54202 | E46: 52156 | F46: 50630 | G46: 49920 | H46: 47871 | I46: 31997 | J46: 26543 | K46: 25098 | L46: 26894 | M46: 28494 | N46: 28013 | O46: 29718 | P46: 32612 | Q46: 38676 | R46: 43130 | S46: 60861 | T46: 67029 | U46: 71120 | V46: 72252 | W46: 72196 | X46: 71150 | Y46: 67640 | Z46: 62853 | AA46: =SUM(C46:Z46) -> 1168106 | AB46: 1 | AC46: =+AA46*AB46 -> 1168106
A47: 47423 | B47: Hábil | C47: 57723 | D47: 54785 | E47: 52704 | F47: 51360 | G47: 51196 | H47: 51561 | I47: 37701 | J47: 35298 | K47: 36722 | L47: 38680 | M47: 41340 | N47: 41587 | O47: 37633 | P47: 44454 | Q47: 54312 | R47: 59874 | S47: 76866 | T47: 80504 | U47: 80335 | V47: 77544 | W47: 75810 | X47: 73220 | Y47: 68994 | Z47: 63875 | AA47: =SUM(C47:Z47) -> 1344078 | AB47: 20 | AC47: =+AA47*AB47 -> 26881560 | AD47: =+SUM(AC47:AC50) -> 38895632
B48: Sábado | C48: 58822 | D48: 55844 | E48: 53718 | F48: 52024 | G48: 51390 | H48: 50616 | I48: 36009 | J48: 33116 | K48: 34993 | L48: 37671 | M48: 39464 | N48: 39510 | O48: 37444 | P48: 39406 | Q48: 45127 | R48: 49614 | S48: 66982 | T48: 73202 | U48: 75479 | V48: 73388 | W48: 71202 | X48: 68705 | Y48: 66103 | Z48: 62953 | AA48: =SUM(C48:Z48) -> 1272782 | AB48: 4 | AC48: =+AA48*AB48 -> 5091128
B49: Domingo | C49: 58089 | D49: 55316 | E49: 53197 | F49: 51516 | G49: 50473 | H49: 49092 | I49: 33341 | J49: 26469 | K49: 23900 | L49: 24433 | M49: 25840 | N49: 25946 | O49: 27694 | P49: 29626 | Q49: 34492 | R49: 39378 | S49: 57835 | T49: 66345 | U49: 69787 | V49: 69868 | W49: 69225 | X49: 68183 | Y49: 65712 | Z49: 61942 | AA49: =SUM(C49:Z49) -> 1137699 | AB49: 4 | AC49: =+AA49*AB49 -> 4550796
B50: Festivo | C50: 56478 | D50: 53556 | E50: 51644 | F50: 50263 | G50: 49711 | H50: 48571 | I50: 32923 | J50: 27595 | K50: 26127 | L50: 28055 | M50: 30269 | N50: 30893 | O50: 31444 | P50: 34649 | Q50: 39709 | R50: 44439 | S50: 62513 | T50: 70008 | U50: 73288 | V50: 73166 | W50: 72155 | X50: 70259 | Y50: 66411 | Z50: 61948 | AA50: =SUM(C50:Z50) -> 1186074 | AB50: 2 | AC50: =+AA50*AB50 -> 2372148
A51: 47453 | B51: Hábil | C51: 56826 | D51: 53917 | E51: 51898 | F51: 50413 | G51: 49948 | H51: 50014 | I51: 34906 | J51: 31625 | K51: 32567 | L51: 34532 | M51: 36750 | N51: 36962 | O51: 34198 | P51: 39118 | Q51: 48146 | R51: 53642 | S51: 71339 | T51: 74869 | U51: 77005 | V51: 74516 | W51: 72208 | X51: 70092 | Y51: 66955 | Z51: 62886 | AA51: =SUM(C51:Z51) -> 1265332 | AB51: 20 | AC51: =+AA51*AB51 -> 25306640 | AD51: =+SUM(AC51:AC54) -> 37752062
B52: Sábado | C52: 57911 | D52: 54836 | E52: 52559 | F52: 50895 | G52: 50135 | H52: 49889 | I52: 34367 | J52: 29985 | K52: 30556 | L52: 32261 | M52: 34233 | N52: 34319 | O52: 33681 | P52: 36011 | Q52: 41786 | R52: 46536 | S52: 64156 | T52: 70572 | U52: 74887 | V52: 73393 | W52: 70566 | X52: 68017 | Y52: 65493 | Z52: 62561 | AA52: =SUM(C52:Z52) -> 1219605 | AB52: 4 | AC52: =+AA52*AB52 -> 4878420
B53: Domingo | C53: 58471 | D53: 55565 | E53: 53327 | F53: 51643 | G53: 50576 | H53: 48669 | I53: 32196 | J53: 24967 | K53: 22215 | L53: 22974 | M53: 24024 | N53: 24304 | O53: 25837 | P53: 28000 | Q53: 33237 | R53: 39239 | S53: 57790 | T53: 65610 | U53: 70946 | V53: 70452 | W53: 68837 | X53: 66889 | Y53: 63989 | Z53: 60619 | AA53: =SUM(C53:Z53) -> 1120376 | AB53: 5 | AC53: =+AA53*AB53 -> 5601880
B54: Festivo | C54: 50883 | D54: 49363 | E54: 48135 | F54: 46931 | G54: 46117 | H54: 45231 | I54: 28320 | J54: 20875 | K54: 17412 | L54: 17688 | M54: 18449 | N54: 18215 | O54: 19638 | P54: 22025 | Q54: 26670 | R54: 31739 | S54: 50465 | T54: 57874 | U54: 63240 | V54: 63763 | W54: 62708 | X54: 61526 | Y54: 59292 | Z54: 56002 | AA54: =SUM(C54:Z54) -> 982561 | AB54: 2 | AC54: =+AA54*AB54 -> 1965122
AD55: =+SUM(AD7:AD54) -> 450616681

Sheet OF P5
C1: * La energia a ofertar debe ser expresada únicamente en kilovatio (kWh) redondeado a cero decimales
C4: OFERTA PRODUCTO 5
C5: MES | D5: ENERGIA SOLICITADA (KWh) | E5: % | F5: ENERGIA OFERTADA (KWh) | G5: PRECIO $/kWh
C6: 47484 | D6: =+VLOOKUP(C6,'CURVA P5'!$A$4:$AD$55,30,FALSE) -> 20848968 | E6: % | G6: $/kWh
C7: 47515 | D7: =+VLOOKUP(C7,'CURVA P5'!$A$4:$AD$55,30,FALSE) -> 21210608
C8: 47543 | D8: =+VLOOKUP(C8,'CURVA P5'!$A$4:$AD$55,30,FALSE) -> 20721776
C9: 47574 | D9: =+VLOOKUP(C9,'CURVA P5'!$A$4:$AD$55,30,FALSE) -> 21548702
C10: 47604 | D10: =+VLOOKUP(C10,'CURVA P5'!$A$4:$AD$55,30,FALSE) -> 21911422
C11: 47635 | D11: =+VLOOKUP(C11,'CURVA P5'!$A$4:$AD$55,30,FALSE) -> 22025973
C12: 47665 | D12: =+VLOOKUP(C12,'CURVA P5'!$A$4:$AD$55,30,FALSE) -> 21395767
C13: 47696 | D13: =+VLOOKUP(C13,'CURVA P5'!$A$4:$AD$55,30,FALSE) -> 22415106
C14: 47727 | D14: =+VLOOKUP(C14,'CURVA P5'!$A$4:$AD$55,30,FALSE) -> 23011129
C15: 47757 | D15: =+VLOOKUP(C15,'CURVA P5'!$A$4:$AD$55,30,FALSE) -> 22883526
C16: 47788 | D16: =+VLOOKUP(C16,'CURVA P5'!$A$4:$AD$55,30,FALSE) -> 22520787
C17: 47818 | D17: =+VLOOKUP(C17,'CURVA P5'!$A$4:$AD$55,30,FALSE) -> 21991591
D18: =SUM(D6:D17) -> 262485355

Sheet CURVA P5
A1: Curva de distribucion en kwh
A2: * La energia a ofertar debe ser expresada únicamente en kilovatio (kWh) redondeado a cero decimales
A4: TOTAL | C4: =+AD55 -> 262485355
A5: MES | B5: DÍA | C5: HORA 01 | D5: HORA 02 | E5: HORA 03 | F5: HORA 04 | G5: HORA 05 | H5: HORA 06 | I5: HORA 07 | J5: HORA 08 | K5: HORA 09 | L5: HORA 10 | M5: HORA 11 | N5: HORA 12 | O5: HORA 13 | P5: HORA 14 | Q5: HORA 15 | R5: HORA 16 | S5: HORA 17 | T5: HORA 18 | U5: HORA 19 | V5: HORA 20 | W5: HORA 21 | X5: HORA 22 | Y5: HORA 23 | Z5: HORA 24 | AA5: TOTAL DÍA | AB5: NUMERO DÍAS | AC5: TOTAL DÍA MES | AD5: TOTAL MES
A7: 47484 | B7: Hábil | C7: 30617 | D7: 29277 | E7: 28224 | F7: 27456 | G7: 27222 | H7: 27716 | I7: 20803 | J7: 18677 | K7: 18224 | L7: 19130 | M7: 20363 | N7: 20701 | O7: 19522 | P7: 22335 | Q7: 26801 | R7: 29500 | S7: 37452 | T7: 40061 | U7: 41377 | V7: 40933 | W7: 40320 | X7: 39331 | Y7: 37364 | Z7: 34766 | AA7: =SUM(C7:Z7) -> 698172 | AB7: 21 | AC7: =+AA7*AB7 -> 14661612 | AD7: =+SUM(AC7:AC10) -> 20848968
B8: Sábado | C8: 31349 | D8: 29877 | E8: 28707 | F8: 27839 | G8: 27500 | H8: 27673 | I8: 20449 | J8: 17945 | K8: 17484 | L8: 18341 | M8: 19313 | N8: 19442 | O8: 18988 | P8: 20173 | Q8: 22941 | R8: 25240 | S8: 33206 | T8: 37133 | U8: 39857 | V8: 39716 | W8: 38749 | X8: 37761 | Y8: 36391 | Z8: 34542 | AA8: =SUM(C8:Z8) -> 670616 | AB8: 4 | AC8: =+AA8*AB8 -> 2682464
B9: Domingo | C9: 31023 | D9: 29642 | E9: 28501 | F9: 27599 | G9: 27087 | H9: 26847 | I9: 19106 | J9: 14965 | K9: 12851 | L9: 13035 | M9: 13287 | N9: 13359 | O9: 14226 | P9: 15183 | Q9: 17447 | R9: 20036 | S9: 28618 | T9: 33370 | U9: 36633 | V9: 37539 | W9: 37400 | X9: 36900 | Y9: 35373 | Z9: 33248 | AA9: =SUM(C9:Z9) -> 603275 | AB9: 4 | AC9: =+AA9*AB9 -> 2413100
B10: Festivo | C10: 27281 | D10: 26619 | E10: 26027 | F10: 25429 | G10: 25119 | H10: 24856 | I10: 16843 | J10: 12457 | K10: 10143 | L10: 10321 | M10: 10816 | N10: 10886 | O10: 11809 | P10: 12919 | Q10: 15091 | R10: 17550 | S10: 25924 | T10: 31399 | U10: 34907 | V10: 35554 | W10: 35185 | X10: 34421 | Y10: 33045 | Z10: 31295 | AA10: =SUM(C10:Z10) -> 545896 | AB10: 2 | AC10: =+AA10*AB10 -> 1091792
A11: 47515 | B11: Hábil | C11: 33464 | D11: 31857 | E11: 30730 | F11: 29972 | G11: 29946 | H11: 31269 | I11: 24816 | J11: 22904 | K11: 22151 | L11: 22948 | M11: 24216 | N11: 23953 | O11: 21757 | P11: 25693 | Q11: 30966 | R11: 34005 | S11: 41951 | T11: 43906 | U11: 44607 | V11: 44562 | W11: 44007 | X11: 42852 | Y11: 40377 | Z11: 37316 | AA11: =SUM(C11:Z11) -> 780225 | AB11: 20 | AC11: =+AA11*AB11 -> 15604500 | AD11: =+SUM(AC11:AC14) -> 21210608
B12: Sábado | C12: 32825 | D12: 31264 | E12: 30168 | F12: 29400 | G12: 29147 | H12: 29575 | I12: 22961 | J12: 21103 | K12: 20809 | L12: 21686 | M12: 22653 | N12: 22547 | O12: 21465 | P12: 22556 | Q12: 25687 | R12: 28232 | S12: 36214 | T12: 39762 | U12: 42177 | V12: 42451 | W12: 41435 | X12: 40338 | Y12: 38922 | Z12: 36911 | AA12: =SUM(C12:Z12) -> 730288 | AB12: 4 | AC12: =+AA12*AB12 -> 2921152
B13: Domingo | C13: 33386 | D13: 31738 | E13: 30598 | F13: 29691 | G13: 29178 | H13: 29035 | I13: 21540 | J13: 17639 | K13: 15280 | L13: 15530 | M13: 15885 | N13: 16008 | O13: 16913 | P13: 17882 | Q13: 20492 | R13: 23437 | S13: 32214 | T13: 36549 | U13: 39532 | V13: 41083 | W13: 41260 | X13: 40947 | Y13: 39029 | Z13: 36393 | AA13: =SUM(C13:Z13) -> 671239 | AB13: 4 | AC13: =+AA13*AB13 -> 2684956
B14: Festivo | C14: 0 | D14: 0 | E14: 0 | F14: 0 | G14: 0 | H14: 0 | I14: 0 | J14: 0 | K14: 0 | L14: 0 | M14: 0 | N14: 0 | O14: 0 | P14: 0 | Q14: 0 | R14: 0 | S14: 0 | T14: 0 | U14: 0 | V14: 0 | W14: 0 | X14: 0 | Y14: 0 | Z14: 0 | AA14: =SUM(C14:Z14) -> 0 | AB14: 0 | AC14: =+AA14*AB14 -> 0
A15: 47543 | B15: Hábil | C15: 30422 | D15: 28929 | E15: 27901 | F15: 27165 | G15: 27101 | H15: 28002 | I15: 21055 | J15: 19029 | K15: 18329 | L15: 18939 | M15: 19997 | N15: 19883 | O15: 18174 | P15: 21650 | Q15: 26373 | R15: 29067 | S15: 37122 | T15: 39537 | U15: 40442 | V15: 40385 | W15: 39920 | X15: 38964 | Y15: 36917 | Z15: 34250 | AA15: =SUM(C15:Z15) -> 689553 | AB15: 20 | AC15: =+AA15*AB15 -> 13791060 | AD15: =+SUM(AC15:AC18) -> 20721776
B16: Sábado | C16: 31118 | D16: 29550 | E16: 28451 | F16: 27574 | G16: 27201 | H16: 27307 | I16: 20338 | J16: 18443 | K16: 17924 | L16: 18579 | M16: 19493 | N16: 19256 | O16: 18318 | P16: 19388 | Q16: 22188 | R16: 24567 | S16: 32658 | T16: 36508 | U16: 38848 | V16: 39034 | W16: 38210 | X16: 37354 | Y16: 36210 | Z16: 34535 | AA16: =SUM(C16:Z16) -> 663052 | AB16: 5 | AC16: =+AA16*AB16 -> 3315260
B17: Domingo | C17: 31217 | D17: 29702 | E17: 28634 | F17: 27765 | G17: 27253 | H17: 26950 | I17: 19152 | J17: 15155 | K17: 12950 | L17: 12918 | M17: 12969 | N17: 13154 | O17: 14057 | P17: 15045 | Q17: 17512 | R17: 20137 | S17: 28798 | T17: 33419 | U17: 36244 | V17: 37634 | W17: 37875 | X17: 37650 | Y17: 35993 | Z17: 33717 | AA17: =SUM(C17:Z17) -> 605900 | AB17: 5 | AC17: =+AA17*AB17 -> 3029500
B18: Festivo | C18: 28356 | D18: 26817 | E18: 25825 | F18: 25150 | G18: 24809 | H18: 24738 | I18: 17452 | J18: 14396 | K18: 12818 | L18: 13403 | M18: 14250 | N18: 14433 | O18: 14475 | P18: 15806 | Q18: 18074 | R18: 20275 | S18: 28451 | T18: 32905 | U18: 36052 | V18: 37420 | W18: 37381 | X18: 36566 | Y18: 34278 | Z18: 31826 | AA18: =SUM(C18:Z18) -> 585956 | AB18: 1 | AC18: =+AA18*AB18 -> 585956
A19: 47574 | B19: Hábil | C19: 32350 | D19: 30745 | E19: 29649 | F19: 28884 | G19: 28802 | H19: 29189 | I19: 22494 | J19: 21062 | K19: 20849 | L19: 21790 | M19: 23167 | N19: 23259 | O19: 21248 | P19: 24927 | Q19: 30045 | R19: 32688 | S19: 40459 | T19: 42418 | U19: 43122 | V19: 42930 | W19: 42579 | X19: 41559 | Y19: 39364 | Z19: 36465 | AA19: =SUM(C19:Z19) -> 750044 | AB19: 20 | AC19: =+AA19*AB19 -> 15000880 | AD19: =+SUM(AC19:AC22) -> 21548702
B20: Sábado | C20: 32778 | D20: 31163 | E20: 29980 | F20: 29100 | G20: 28743 | H20: 28304 | I20: 21592 | J20: 19793 | K20: 19700 | L20: 20704 | M20: 21708 | N20: 21747 | O20: 20960 | P20: 22189 | Q20: 25147 | R20: 27439 | S20: 35238 | T20: 38790 | U20: 40967 | V20: 40727 | W20: 39861 | X20: 38921 | Y20: 37662 | Z20: 35944 | AA20: =SUM(C20:Z20) -> 709157 | AB20: 4 | AC20: =+AA20*AB20 -> 2836628
B21: Domingo | C21: 32898 | D21: 31219 | E21: 29995 | F21: 29024 | G21: 28473 | H21: 27711 | I21: 20268 | J21: 16622 | K21: 14452 | L21: 14629 | M21: 15051 | N21: 15441 | O21: 16320 | P21: 17395 | Q21: 19972 | R21: 22598 | S21: 31068 | T21: 35342 | U21: 38141 | V21: 39276 | W21: 39269 | X21: 39117 | Y21: 37607 | Z21: 35254 | AA21: =SUM(C21:Z21) -> 647142 | AB21: 4 | AC21: =+AA21*AB21 -> 2588568
B22: Festivo | C22: 30293 | D22: 28746 | E22: 27648 | F22: 26863 | G22: 26351 | H22: 25572 | I22: 18171 | J22: 13887 | K22: 11044 | L22: 10467 | M22: 10504 | N22: 10639 | O22: 11707 | P22: 12803 | Q22: 15397 | R22: 17757 | S22: 26420 | T22: 31276 | U22: 34380 | V22: 35326 | W22: 35151 | X22: 34828 | Y22: 33851 | Z22: 32232 | AA22: =SUM(C22:Z22) -> 561313 | AB22: 2 | AC22: =+AA22*AB22 -> 1122626
A23: 47604 | B23: Hábil | C23: 31901 | D23: 30400 | E23: 29301 | F23: 28530 | G23: 28337 | H23: 28163 | I23: 21606 | J23: 20232 | K23: 20234 | L23: 21246 | M23: 22508 | N23: 22476 | O23: 20570 | P23: 24091 | Q23: 28991 | R23: 31366 | S23: 39037 | T23: 40879 | U23: 41416 | V23: 41456 | W23: 41302 | X23: 40484 | Y23: 38442 | Z23: 35763 | AA23: =SUM(C23:Z23) -> 728731 | AB23: 22 | AC23: =+AA23*AB23 -> 16032082 | AD23: =+SUM(AC23:AC26) -> 21911422
B24: Sábado | C24: 33016 | D24: 31329 | E24: 30102 | F24: 29136 | G24: 28752 | H24: 27960 | I24: 21289 | J24: 19473 | K24: 19549 | L24: 20659 | M24: 21652 | N24: 21454 | O24: 20497 | P24: 21604 | Q24: 24286 | R24: 26561 | S24: 34281 | T24: 37415 | U24: 39388 | V24: 39677 | W24: 38996 | X24: 38282 | Y24: 37151 | Z24: 35495 | AA24: =SUM(C24:Z24) -> 698004 | AB24: 4 | AC24: =+AA24*AB24 -> 2792016
B25: Domingo | C25: 32162 | D25: 30693 | E25: 29581 | F25: 28663 | G25: 28082 | H25: 26879 | I25: 19755 | J25: 15917 | K25: 13789 | L25: 13953 | M25: 14421 | N25: 14465 | O25: 14909 | P25: 15779 | Q25: 18389 | R25: 20830 | S25: 29319 | T25: 33619 | U25: 36276 | V25: 37545 | W25: 37782 | X25: 37801 | Y25: 36579 | Z25: 34493 | AA25: =SUM(C25:Z25) -> 621681 | AB25: 4 | AC25: =+AA25*AB25 -> 2486724
B26: Festivo | C26: 29240 | D26: 27792 | E26: 26763 | F26: 26017 | G26: 25675 | H26: 24878 | I26: 17954 | J26: 14711 | K26: 13063 | L26: 13644 | M26: 14522 | N26: 14747 | O26: 15006 | P26: 16260 | Q26: 18831 | R26: 21202 | S26: 29341 | T26: 33254 | U26: 36041 | V26: 37582 | W26: 37750 | X26: 37339 | Y26: 35626 | Z26: 33362 | AA26: =SUM(C26:Z26) -> 600600 | AB26: 1 | AC26: =+AA26*AB26 -> 600600
A27: 47635 | B27: Hábil | C27: 33311 | D27: 31689 | E27: 30502 | F27: 29685 | G27: 29484 | H27: 29208 | I27: 23002 | J27: 21962 | K27: 22017 | L27: 22982 | M27: 24243 | N27: 24337 | O27: 22134 | P27: 25635 | Q27: 30581 | R27: 33132 | S27: 40947 | T27: 42837 | U27: 43018 | V27: 43344 | W27: 42952 | X27: 41960 | Y27: 39930 | Z27: 37220 | AA27: =SUM(C27:Z27) -> 766112 | AB27: 18 | AC27: =+AA27*AB27 -> 13790016 | AD27: =+SUM(AC27:AC30) -> 22025973
B28: Sábado | C28: 33821 | D28: 32239 | E28: 31053 | F28: 30172 | G28: 29872 | H28: 29104 | I28: 22771 | J28: 21111 | K28: 21083 | L28: 22093 | M28: 23124 | N28: 22987 | O28: 21864 | P28: 22681 | Q28: 25702 | R28: 28160 | S28: 36009 | T28: 39469 | U28: 41110 | V28: 41619 | W28: 40778 | X28: 39887 | Y28: 38686 | Z28: 37005 | AA28: =SUM(C28:Z28) -> 732400 | AB28: 5 | AC28: =+AA28*AB28 -> 3662000
B29: Domingo | C29: 33632 | D29: 32109 | E29: 30985 | F29: 30084 | G29: 29544 | H29: 28373 | I29: 21216 | J29: 17534 | K29: 15084 | L29: 15447 | M29: 15477 | N29: 15445 | O29: 16138 | P29: 17003 | Q29: 19453 | R29: 22000 | S29: 30751 | T29: 34990 | U29: 37539 | V29: 39470 | W29: 39603 | X29: 39456 | Y29: 38319 | Z29: 36381 | AA29: =SUM(C29:Z29) -> 656033 | AB29: 5 | AC29: =+AA29*AB29 -> 3280165
B30: Festivo | C30: 31024 | D30: 29549 | E30: 28533 | F30: 27721 | G30: 27421 | H30: 26554 | I30: 19652 | J30: 16787 | K30: 15406 | L30: 16210 | M30: 17192 | N30: 17346 | O30: 17427 | P30: 18547 | Q30: 20941 | R30: 23090 | S30: 31112 | T30: 35056 | U30: 37515 | V30: 39628 | W30: 39493 | X30: 38865 | Y30: 37102 | Z30: 34725 | AA30: =SUM(C30:Z30) -> 646896 | AB30: 2 | AC30: =+AA30*AB30 -> 1293792
A31: 47665 | B31: Hábil | C31: 31588 | D31: 30031 | E31: 28919 | F31: 28070 | G31: 27817 | H31: 27801 | I31: 21329 | J31: 19855 | K31: 19824 | L31: 20773 | M31: 21978 | N31: 21772 | O31: 19533 | P31: 22944 | Q31: 27722 | R31: 30239 | S31: 37926 | T31: 40030 | U31: 39991 | V31: 40815 | W31: 40637 | X31: 39895 | Y31: 38048 | Z31: 35525 | AA31: =SUM(C31:Z31) -> 713062 | AB31: 22 | AC31: =+AA31*AB31 -> 15687364 | AD31: =+SUM(AC31:AC34) -> 21395767
B32: Sábado | C32: 31415 | D32: 29898 | E32: 28854 | F32: 28010 | G32: 27686 | H32: 27115 | I32: 20485 | J32: 18687 | K32: 18506 | L32: 19473 | M32: 20283 | N32: 20342 | O32: 19358 | P32: 20407 | Q32: 23323 | R32: 25472 | S32: 33240 | T32: 36727 | U32: 38365 | V32: 39410 | W32: 38600 | X32: 37851 | Y32: 36913 | Z32: 35453 | AA32: =SUM(C32:Z32) -> 675873 | AB32: 3 | AC32: =+AA32*AB32 -> 2027619
B33: Domingo | C33: 32113 | D33: 30545 | E33: 29392 | F33: 28537 | G33: 27969 | H33: 26984 | I33: 19661 | J33: 15516 | K33: 13327 | L33: 13387 | M33: 13574 | N33: 13417 | O33: 14256 | P33: 15182 | Q33: 17455 | R33: 20167 | S33: 28660 | T33: 33376 | U33: 35437 | V33: 37447 | W33: 37766 | X33: 37718 | Y33: 36497 | Z33: 34578 | AA33: =SUM(C33:Z33) -> 612961 | AB33: 4 | AC33: =+AA33*AB33 -> 2451844
B34: Festivo | C34: 30402 | D34: 28897 | E34: 27780 | F34: 27049 | G34: 26692 | H34: 26028 | I34: 18984 | J34: 15787 | K34: 14252 | L34: 14709 | M34: 15275 | N34: 15175 | O34: 15001 | P34: 16407 | Q34: 18978 | R34: 21462 | S34: 29628 | T34: 33650 | U34: 35722 | V34: 37955 | W34: 37920 | X34: 37415 | Y34: 35813 | Z34: 33489 | AA34: =SUM(C34:Z34) -> 614470 | AB34: 2 | AC34: =+AA34*AB34 -> 1228940
A35: 47696 | B35: Hábil | C35: 32934 | D35: 31355 | E35: 30159 | F35: 29261 | G35: 28964 | H35: 28969 | I35: 22232 | J35: 20891 | K35: 20775 | L35: 21944 | M35: 23250 | N35: 23237 | O35: 21069 | P35: 24876 | Q35: 29993 | R35: 32474 | S35: 40162 | T35: 41598 | U35: 41830 | V35: 42154 | W35: 42083 | X35: 41444 | Y35: 39481 | Z35: 36922 | AA35: =SUM(C35:Z35) -> 748057 | AB35: 20 | AC35: =+AA35*AB35 -> 14961140 | AD35: =+SUM(AC35:AC38) -> 22415106
B36: Sábado | C36: 34503 | D36: 32795 | E36: 31493 | F36: 30483 | G36: 29952 | H36: 29328 | I36: 22464 | J36: 20847 | K36: 20667 | L36: 21802 | M36: 22609 | N36: 22916 | O36: 21692 | P36: 22944 | Q36: 25821 | R36: 28034 | S36: 35851 | T36: 38625 | U36: 40584 | V36: 40858 | W36: 39992 | X36: 39541 | Y36: 38689 | Z36: 37100 | AA36: =SUM(C36:Z36) -> 729590 | AB36: 5 | AC36: =+AA36*AB36 -> 3647950
B37: Domingo | C37: 33835 | D37: 32212 | E37: 30921 | F37: 29937 | G37: 29219 | H37: 27953 | I37: 20339 | J37: 16651 | K37: 14356 | L37: 14252 | M37: 14629 | N37: 14303 | O37: 15198 | P37: 16654 | Q37: 18958 | R37: 21581 | S37: 29632 | T37: 33532 | U37: 36173 | V37: 37643 | W37: 38028 | X37: 38120 | Y37: 37018 | Z37: 35024 | AA37: =SUM(C37:Z37) -> 636168 | AB37: 4 | AC37: =+AA37*AB37 -> 2544672
B38: Festivo | C38: 30338 | D38: 28996 | E38: 27930 | F38: 27204 | G38: 26857 | H38: 26186 | I38: 18898 | J38: 15767 | K38: 14294 | L38: 15187 | M38: 16070 | N38: 16425 | O38: 16635 | P38: 17853 | Q38: 20402 | R38: 23031 | S38: 31056 | T38: 34301 | U38: 36981 | V38: 38380 | W38: 38295 | X38: 38277 | Y38: 36781 | Z38: 34528 | AA38: =SUM(C38:Z38) -> 630672 | AB38: 2 | AC38: =+AA38*AB38 -> 1261344
A39: 47727 | B39: Hábil | C39: 34532 | D39: 32781 | E39: 31492 | F39: 30501 | G39: 30151 | H39: 30058 | I39: 23481 | J39: 22387 | K39: 22383 | L39: 23645 | M39: 25069 | N39: 25091 | O39: 23008 | P39: 27089 | Q39: 32185 | R39: 34631 | S39: 42049 | T39: 43776 | U39: 44359 | V39: 43694 | W39: 43502 | X39: 42917 | Y39: 40969 | Z39: 38149 | AA39: =SUM(C39:Z39) -> 787899 | AB39: 21 | AC39: =+AA39*AB39 -> 16545879 | AD39: =+SUM(AC39:AC42) -> 23011129
B40: Sábado | C40: 35275 | D40: 33651 | E40: 32368 | F40: 31279 | G40: 30757 | H40: 30023 | I40: 23326 | J40: 22008 | K40: 22072 | L40: 23153 | M40: 24421 | N40: 24490 | O40: 23435 | P40: 24789 | Q40: 27828 | R40: 29995 | S40: 37542 | T40: 40826 | U40: 43107 | V40: 42523 | W40: 41439 | X40: 40636 | Y40: 39711 | Z40: 38181 | AA40: =SUM(C40:Z40) -> 762835 | AB40: 4 | AC40: =+AA40*AB40 -> 3051340
B41: Domingo | C41: 34870 | D41: 33295 | E41: 32087 | F41: 31126 | G41: 30470 | H41: 29478 | I41: 22117 | J41: 18341 | K41: 15898 | L41: 15798 | M41: 16282 | N41: 16570 | O41: 17124 | P41: 18521 | Q41: 21340 | R41: 23810 | S41: 32158 | T41: 36222 | U41: 39248 | V41: 40104 | W41: 40583 | X41: 40781 | Y41: 39451 | Z41: 37108 | AA41: =SUM(C41:Z41) -> 682782 | AB41: 5 | AC41: =+AA41*AB41 -> 3413910
B42: Festivo | C42: 0 | D42: 0 | E42: 0 | F42: 0 | G42: 0 | H42: 0 | I42: 0 | J42: 0 | K42: 0 | L42: 0 | M42: 0 | N42: 0 | O42: 0 | P42: 0 | Q42: 0 | R42: 0 | S42: 0 | T42: 0 | U42: 0 | V42: 0 | W42: 0 | X42: 0 | Y42: 0 | Z42: 0 | AA42: =SUM(C42:Z42) -> 0 | AB42: 0 | AC42: =+AA42*AB42 -> 0
A43: 47757 | B43: Hábil | C43: 32860 | D43: 31254 | E43: 30110 | F43: 29324 | G43: 29106 | H43: 29029 | I43: 22542 | J43: 21370 | K43: 21666 | L43: 22964 | M43: 24418 | N43: 24609 | O43: 22596 | P43: 26373 | Q43: 31327 | R43: 33548 | S43: 41053 | T43: 44069 | U43: 44122 | V43: 42831 | W43: 42083 | X43: 41084 | Y43: 38979 | Z43: 36341 | AA43: =SUM(C43:Z43) -> 763658 | AB43: 22 | AC43: =+AA43*AB43 -> 16800476 | AD43: =+SUM(AC43:AC46) -> 22883526
B44: Sábado | C44: 32316 | D44: 30711 | E44: 29601 | F44: 28708 | G44: 28350 | H44: 27823 | I44: 21156 | J44: 19496 | K44: 19817 | L44: 21091 | M44: 22307 | N44: 22482 | O44: 21657 | P44: 22569 | Q44: 25356 | R44: 27244 | S44: 35071 | T44: 39466 | U44: 41007 | V44: 40061 | W44: 39080 | X44: 37993 | Y44: 36656 | Z44: 34947 | AA44: =SUM(C44:Z44) -> 704965 | AB44: 4 | AC44: =+AA44*AB44 -> 2819860
B45: Domingo | C45: 32743 | D45: 31264 | E45: 30138 | F45: 29167 | G45: 28560 | H45: 27651 | I45: 20369 | J45: 16386 | K45: 14258 | L45: 14673 | M45: 15123 | N45: 15513 | O45: 16238 | P45: 17239 | Q45: 19663 | R45: 22408 | S45: 30828 | T45: 36073 | U45: 38342 | V45: 38660 | W45: 38770 | X45: 38570 | Y45: 37153 | Z45: 35085 | AA45: =SUM(C45:Z45) -> 644874 | AB45: 4 | AC45: =+AA45*AB45 -> 2579496
B46: Festivo | C46: 32420 | D46: 30915 | E46: 29823 | F46: 28999 | G46: 28627 | H46: 27547 | I46: 20374 | J46: 17682 | K46: 16474 | L46: 17509 | M46: 18422 | N46: 18293 | O46: 19048 | P46: 20438 | Q46: 23335 | R46: 25425 | S46: 33497 | T46: 38176 | U46: 40382 | V46: 40992 | W46: 40904 | X46: 40277 | Y46: 38368 | Z46: 35767 | AA46: =SUM(C46:Z46) -> 683694 | AB46: 1 | AC46: =+AA46*AB46 -> 683694
A47: 47788 | B47: Hábil | C47: 32802 | D47: 31234 | E47: 30123 | F47: 29414 | G47: 29334 | H47: 29551 | I47: 23440 | J47: 22432 | K47: 22546 | L47: 23679 | M47: 25108 | N47: 25313 | O47: 23200 | P47: 26609 | Q47: 31488 | R47: 34091 | S47: 41763 | T47: 45421 | U47: 45357 | V47: 43833 | W47: 42857 | X47: 41430 | Y47: 39133 | Z47: 36354 | AA47: =SUM(C47:Z47) -> 776512 | AB47: 19 | AC47: =+AA47*AB47 -> 14753728 | AD47: =+SUM(AC47:AC50) -> 22520787
B48: Sábado | C48: 33407 | D48: 31820 | E48: 30688 | F48: 29776 | G48: 29441 | H48: 29034 | I48: 22528 | J48: 21277 | K48: 21677 | L48: 23190 | M48: 24206 | N48: 24299 | O48: 23173 | P48: 24086 | Q48: 26814 | R48: 28865 | S48: 36721 | T48: 41553 | U48: 42780 | V48: 41656 | W48: 40473 | X48: 39098 | Y48: 37653 | Z48: 35950 | AA48: =SUM(C48:Z48) -> 740165 | AB48: 5 | AC48: =+AA48*AB48 -> 3700825
B49: Domingo | C49: 33069 | D49: 31578 | E49: 30435 | F49: 29544 | G49: 28986 | H49: 28254 | I49: 21122 | J49: 17736 | K49: 15962 | L49: 16374 | M49: 17148 | N49: 17286 | O49: 18127 | P49: 19022 | Q49: 21305 | R49: 23553 | S49: 31983 | T49: 37830 | U49: 39716 | V49: 39750 | W49: 39392 | X49: 38813 | Y49: 37445 | Z49: 35395 | AA49: =SUM(C49:Z49) -> 669825 | AB49: 4 | AC49: =+AA49*AB49 -> 2679300
B50: Festivo | C50: 32107 | D50: 30544 | E50: 29533 | F50: 28804 | G50: 28521 | H50: 27926 | I50: 20874 | J50: 18290 | K50: 17072 | L50: 18202 | M50: 19419 | N50: 19818 | O50: 20005 | P50: 21563 | Q50: 23966 | R50: 26144 | S50: 34365 | T50: 39783 | U50: 41559 | V50: 41458 | W50: 40844 | X50: 39766 | Y50: 37657 | Z50: 35247 | AA50: =SUM(C50:Z50) -> 693467 | AB50: 2 | AC50: =+AA50*AB50 -> 1386934
A51: 47818 | B51: Hábil | C51: 32116 | D51: 30567 | E51: 29498 | F51: 28715 | G51: 28477 | H51: 28532 | I51: 21738 | J51: 20238 | K51: 20158 | L51: 21272 | M51: 22467 | N51: 22652 | O51: 21166 | P51: 23587 | Q51: 28027 | R51: 30630 | S51: 38680 | T51: 42145 | U51: 43329 | V51: 41984 | W51: 40705 | X51: 39533 | Y51: 37813 | Z51: 35606 | AA51: =SUM(C51:Z51) -> 729635 | AB51: 21 | AC51: =+AA51*AB51 -> 15322335 | AD51: =+SUM(AC51:AC54) -> 21991591
B52: Sábado | C52: 32656 | D52: 31013 | E52: 29815 | F52: 28942 | G52: 28548 | H52: 28419 | I52: 21420 | J52: 19341 | K52: 19092 | L52: 20077 | M52: 21156 | N52: 21274 | O52: 20879 | P52: 21976 | Q52: 24740 | R52: 26946 | S52: 34949 | T52: 39759 | U52: 42109 | V52: 41322 | W52: 39761 | X52: 38321 | Y52: 36886 | Z52: 35289 | AA52: =SUM(C52:Z52) -> 704690 | AB52: 4 | AC52: =+AA52*AB52 -> 2818760
B53: Domingo | C53: 32850 | D53: 31323 | E53: 30146 | F53: 29259 | G53: 28703 | H53: 27744 | I53: 20230 | J53: 16641 | K53: 14808 | L53: 15334 | M53: 15943 | N53: 16140 | O53: 16884 | P53: 17885 | Q53: 20350 | R53: 23149 | S53: 31618 | T53: 37019 | U53: 39860 | V53: 39601 | W53: 38772 | X53: 37777 | Y53: 36233 | Z53: 34404 | AA53: =SUM(C53:Z53) -> 652673 | AB53: 5 | AC53: =+AA53*AB53 -> 3263365
B54: Festivo | C54: 29254 | D54: 28441 | E54: 27785 | F54: 27140 | G54: 26705 | H54: 26232 | I54: 18450 | J54: 14721 | K54: 12508 | L54: 12763 | M54: 13206 | N54: 13154 | O54: 13830 | P54: 14973 | Q54: 17169 | R54: 19537 | S54: 28112 | T54: 33250 | U54: 36144 | V54: 36427 | W54: 35857 | X54: 35219 | Y54: 34015 | Z54: 32239 | AA54: =SUM(C54:Z54) -> 587131 | AB54: 1 | AC54: =+AA54*AB54 -> 587131
AD55: =+SUM(AD7:AD54) -> 262485355

Sheet OF P6
C1: * La energia a ofertar debe ser expresada únicamente en kilovatio (kWh) redondeado a cero decimales
C4: OFERTA PRODUCTO 5
C5: MES | D5: ENERGIA SOLICITADA (KWh) | E5: % | F5: ENERGIA OFERTADA (KWh) | G5: PRECIO $/kWh
C6: 47849 | D6: =+VLOOKUP(C6,'CURVA P6'!$A$4:$AD$55,30,FALSE) -> 20874265 | E6: % | G6: $/kWh
C7: 47880 | D7: =+VLOOKUP(C7,'CURVA P6'!$A$4:$AD$55,30,FALSE) -> 21225368
C8: 47908 | D8: =+VLOOKUP(C8,'CURVA P6'!$A$4:$AD$55,30,FALSE) -> 20750635
C9: 47939 | D9: =+VLOOKUP(C9,'CURVA P6'!$A$4:$AD$55,30,FALSE) -> 21627346
C10: 47969 | D10: =+VLOOKUP(C10,'CURVA P6'!$A$4:$AD$55,30,FALSE) -> 21903219
C11: 48000 | D11: =+VLOOKUP(C11,'CURVA P6'!$A$4:$AD$55,30,FALSE) -> 22015728
C12: 48030 | D12: =+VLOOKUP(C12,'CURVA P6'!$A$4:$AD$55,30,FALSE) -> 21407290
C13: 48061 | D13: =+VLOOKUP(C13,'CURVA P6'!$A$4:$AD$55,30,FALSE) -> 22392326
C14: 48092 | D14: =+VLOOKUP(C14,'CURVA P6'!$A$4:$AD$55,30,FALSE) -> 22975064
C15: 48122 | D15: =+VLOOKUP(C15,'CURVA P6'!$A$4:$AD$55,30,FALSE) -> 22848708
C16: 48153 | D16: =+VLOOKUP(C16,'CURVA P6'!$A$4:$AD$55,30,FALSE) -> 22494721
C17: 48183 | D17: =+VLOOKUP(C17,'CURVA P6'!$A$4:$AD$55,30,FALSE) -> 21982327
D18: =SUM(D6:D17) -> 262496997

Sheet CURVA P6
A1: Curva de distribucion en kwh
A2: * La energia a ofertar debe ser expresada únicamente en kilovatio (kWh) redondeado a cero decimales
A4: TOTAL | C4: =+AD55 -> 262496997
A5: MES | B5: DÍA | C5: HORA 01 | D5: HORA 02 | E5: HORA 03 | F5: HORA 04 | G5: HORA 05 | H5: HORA 06 | I5: HORA 07 | J5: HORA 08 | K5: HORA 09 | L5: HORA 10 | M5: HORA 11 | N5: HORA 12 | O5: HORA 13 | P5: HORA 14 | Q5: HORA 15 | R5: HORA 16 | S5: HORA 17 | T5: HORA 18 | U5: HORA 19 | V5: HORA 20 | W5: HORA 21 | X5: HORA 22 | Y5: HORA 23 | Z5: HORA 24 | AA5: TOTAL DÍA | AB5: NUMERO DÍAS | AC5: TOTAL DÍA MES | AD5: TOTAL MES
A7: 47849 | B7: Hábil | C7: 30477 | D7: 29147 | E7: 28101 | F7: 27338 | G7: 27105 | H7: 27596 | I7: 20902 | J7: 18955 | K7: 18590 | L7: 19518 | M7: 20756 | N7: 21108 | O7: 19923 | P7: 22697 | Q7: 27086 | R7: 29708 | S7: 37403 | T7: 39808 | U7: 41115 | V7: 40673 | W7: 40064 | X7: 39081 | Y7: 37128 | Z7: 34548 | AA7: =SUM(C7:Z7) -> 698827 | AB7: 21 | AC7: =+AA7*AB7 -> 14675367 | AD7: =+SUM(AC7:AC10) -> 20874265
B8: Sábado | C8: 31205 | D8: 29743 | E8: 28580 | F8: 27718 | G8: 27382 | H8: 27553 | I8: 20550 | J8: 18228 | K8: 17855 | L8: 18735 | M8: 19713 | N8: 19859 | O8: 19393 | P8: 20549 | Q8: 23251 | R8: 25475 | S8: 33183 | T8: 36900 | U8: 39605 | V8: 39464 | W8: 38504 | X8: 37523 | Y8: 36162 | Z8: 34325 | AA8: =SUM(C8:Z8) -> 671455 | AB8: 4 | AC8: =+AA8*AB8 -> 2685820
B9: Domingo | C9: 30881 | D9: 29509 | E9: 28375 | F9: 27479 | G9: 26971 | H9: 26732 | I9: 19215 | J9: 15266 | K9: 13250 | L9: 13461 | M9: 13724 | N9: 13812 | O9: 14660 | P9: 15590 | Q9: 17791 | R9: 20303 | S9: 28623 | T9: 33161 | U9: 36401 | V9: 37301 | W9: 37163 | X9: 36667 | Y9: 35150 | Z9: 33039 | AA9: =SUM(C9:Z9) -> 604524 | AB9: 4 | AC9: =+AA9*AB9 -> 2418096
B10: Festivo | C10: 27161 | D10: 26504 | E10: 25916 | F10: 25322 | G10: 25014 | H10: 24753 | I10: 16966 | J10: 12773 | K10: 10558 | L10: 10764 | M10: 11267 | N10: 11355 | O10: 12257 | P10: 13339 | Q10: 15448 | R10: 17832 | S10: 25945 | T10: 31203 | U10: 34686 | V10: 35328 | W10: 34962 | X10: 34203 | Y10: 32837 | Z10: 31098 | AA10: =SUM(C10:Z10) -> 547491 | AB10: 2 | AC10: =+AA10*AB10 -> 1094982
A11: 47880 | B11: Hábil | C11: 33312 | D11: 31715 | E11: 30596 | F11: 29843 | G11: 29817 | H11: 31132 | I11: 24896 | J11: 23167 | K11: 22514 | L11: 23337 | M11: 24610 | N11: 24368 | O11: 22169 | P11: 26058 | Q11: 31243 | R11: 34197 | S11: 41880 | T11: 43631 | U11: 44326 | V11: 44282 | W11: 43730 | X11: 42582 | Y11: 40123 | Z11: 37082 | AA11: =SUM(C11:Z11) -> 780610 | AB11: 20 | AC11: =+AA11*AB11 -> 15612200 | AD11: =+SUM(AC11:AC14) -> 21225368
B12: Sábado | C12: 32676 | D12: 31126 | E12: 30036 | F12: 29274 | G12: 29023 | H12: 29448 | I12: 23051 | J12: 21377 | K12: 21180 | L12: 22082 | M12: 23057 | N12: 22971 | O12: 21879 | P12: 22940 | Q12: 25997 | R12: 28460 | S12: 36179 | T12: 39513 | U12: 41912 | V12: 42184 | W12: 41175 | X12: 40085 | Y12: 38678 | Z12: 36681 | AA12: =SUM(C12:Z12) -> 730984 | AB12: 4 | AC12: =+AA12*AB12 -> 2923936
B13: Domingo | C13: 33234 | D13: 31596 | E13: 30465 | F13: 29563 | G13: 29054 | H13: 28912 | I13: 21639 | J13: 17935 | K13: 15685 | L13: 15964 | M13: 16330 | N13: 16472 | O13: 17355 | P13: 18294 | Q13: 20834 | R13: 23694 | S13: 32204 | T13: 36323 | U13: 39285 | V13: 40826 | W13: 41001 | X13: 40690 | Y13: 38786 | Z13: 36167 | AA13: =SUM(C13:Z13) -> 672308 | AB13: 4 | AC13: =+AA13*AB13 -> 2689232
B14: Festivo | C14: 0 | D14: 0 | E14: 0 | F14: 0 | G14: 0 | H14: 0 | I14: 0 | J14: 0 | K14: 0 | L14: 0 | M14: 0 | N14: 0 | O14: 0 | P14: 0 | Q14: 0 | R14: 0 | S14: 0 | T14: 0 | U14: 0 | V14: 0 | W14: 0 | X14: 0 | Y14: 0 | Z14: 0 | AA14: =SUM(C14:Z14) -> 0 | AB14: 0 | AC14: =+AA14*AB14 -> 0
A15: 47908 | B15: Hábil | C15: 30288 | D15: 28805 | E15: 27784 | F15: 27052 | G15: 26988 | H15: 27884 | I15: 21156 | J15: 19309 | K15: 18699 | L15: 19332 | M15: 20397 | N15: 20300 | O15: 18587 | P15: 22020 | Q15: 26666 | R15: 29282 | S15: 37078 | T15: 39289 | U15: 40187 | V15: 40132 | W15: 39670 | X15: 38721 | Y15: 36686 | Z15: 34038 | AA15: =SUM(C15:Z15) -> 690350 | AB15: 20 | AC15: =+AA15*AB15 -> 13807000 | AD15: =+SUM(AC15:AC18) -> 20750635
B16: Sábado | C16: 30980 | D16: 29423 | E16: 28331 | F16: 27458 | G16: 27088 | H16: 27193 | I16: 20443 | J16: 18727 | K16: 18296 | L16: 18975 | M16: 19896 | N16: 19677 | O16: 18731 | P16: 19773 | Q16: 22506 | R16: 24811 | S16: 32642 | T16: 36282 | U16: 38606 | V16: 38790 | W16: 37972 | X16: 37121 | Y16: 35986 | Z16: 34321 | AA16: =SUM(C16:Z16) -> 664028 | AB16: 5 | AC16: =+AA16*AB16 -> 3320140
B17: Domingo | C17: 31079 | D17: 29574 | E17: 28512 | F17: 27649 | G17: 27141 | H17: 26839 | I17: 19266 | J17: 15459 | K17: 13353 | L17: 13348 | M17: 13411 | N17: 13612 | O17: 14496 | P17: 15456 | Q17: 17859 | R17: 20407 | S17: 28806 | T17: 33212 | U17: 36018 | V17: 37398 | W17: 37638 | X17: 37415 | Y17: 35768 | Z17: 33508 | AA17: =SUM(C17:Z17) -> 607224 | AB17: 5 | AC17: =+AA17*AB17 -> 3036120
B18: Festivo | C18: 28233 | D18: 26704 | E18: 25718 | F18: 25048 | G18: 24710 | H18: 24639 | I18: 17574 | J18: 14704 | K18: 13221 | L18: 13829 | M18: 14684 | N18: 14883 | O18: 14911 | P18: 16212 | Q18: 18417 | R18: 20543 | S18: 28460 | T18: 32700 | U18: 35826 | V18: 37184 | W18: 37146 | X18: 36337 | Y18: 34064 | Z18: 31628 | AA18: =SUM(C18:Z18) -> 587375 | AB18: 1 | AC18: =+AA18*AB18 -> 587375
A19: 47939 | B19: Hábil | C19: 32183 | D19: 30590 | E19: 29501 | F19: 28742 | G19: 28660 | H19: 29045 | I19: 22567 | J19: 21310 | K19: 21184 | L19: 22147 | M19: 23528 | N19: 23635 | O19: 21624 | P19: 25257 | Q19: 30291 | R19: 32856 | S19: 40369 | T19: 42131 | U19: 42830 | V19: 42640 | W19: 42290 | X19: 41278 | Y19: 39098 | Z19: 36220 | AA19: =SUM(C19:Z19) -> 749976 | AB19: 20 | AC19: =+AA19*AB19 -> 14999520 | AD19: =+SUM(AC19:AC22) -> 21627346
B20: Sábado | C20: 32609 | D20: 31005 | E20: 29831 | F20: 28956 | G20: 28603 | H20: 28166 | I20: 21672 | J20: 20050 | K20: 20043 | L20: 21069 | M20: 22078 | N20: 22134 | O20: 21338 | P20: 22537 | Q20: 25426 | R20: 27641 | S20: 35182 | T20: 38529 | U20: 40690 | V20: 40452 | W20: 39592 | X20: 38658 | Y20: 37408 | Z20: 35702 | AA20: =SUM(C20:Z20) -> 709371 | AB20: 4 | AC20: =+AA20*AB20 -> 2837484
B21: Domingo | C21: 32728 | D21: 31060 | E21: 29845 | F21: 28881 | G21: 28333 | H21: 27576 | I21: 20356 | J21: 16899 | K21: 14830 | L21: 15033 | M21: 15465 | N21: 15870 | O21: 16728 | P21: 17775 | Q21: 20284 | R21: 22832 | S21: 31040 | T21: 35105 | U21: 37883 | V21: 39010 | W21: 39003 | X21: 38852 | Y21: 37353 | Z21: 35016 | AA21: =SUM(C21:Z21) -> 647757 | AB21: 4 | AC21: =+AA21*AB21 -> 2591028
B22: Festivo | C22: 31924 | D22: 30388 | E22: 29297 | F22: 28517 | G22: 28009 | H22: 27235 | I22: 20056 | J22: 16314 | K22: 13576 | L22: 13031 | M22: 13081 | N22: 13232 | O22: 14278 | P22: 15345 | Q22: 17872 | R22: 20155 | S22: 28554 | T22: 31545 | U22: 34626 | V22: 35565 | W22: 35392 | X22: 35070 | Y22: 34101 | Z22: 32494 | AA22: =SUM(C22:Z22) -> 599657 | AB22: 2 | AC22: =+AA22*AB22 -> 1199314
A23: 47969 | B23: Hábil | C23: 31912 | D23: 30413 | E23: 29316 | F23: 28547 | G23: 28354 | H23: 28181 | I23: 21845 | J23: 20667 | K23: 20771 | L23: 21814 | M23: 23090 | N23: 23078 | O23: 21157 | P23: 24647 | Q23: 29481 | R23: 31780 | S23: 39188 | T23: 40815 | U23: 41352 | V23: 41391 | W23: 41238 | X23: 40421 | Y23: 38383 | Z23: 35709 | AA23: =SUM(C23:Z23) -> 733550 | AB23: 20 | AC23: =+AA23*AB23 -> 14671000 | AD23: =+SUM(AC23:AC26) -> 21903219
B24: Sábado | C24: 33024 | D24: 31340 | E24: 30115 | F24: 29152 | G24: 28768 | H24: 27977 | I24: 21529 | J24: 19909 | K24: 20087 | L24: 21228 | M24: 22235 | N24: 22057 | O24: 21085 | P24: 22165 | Q24: 24783 | R24: 26982 | S24: 34439 | T24: 37358 | U24: 39327 | V24: 39614 | W24: 38934 | X24: 38222 | Y24: 37094 | Z24: 35441 | AA24: =SUM(C24:Z24) -> 702865 | AB24: 5 | AC24: =+AA24*AB24 -> 3514325
B25: Domingo | C25: 32172 | D25: 30706 | E25: 29595 | F25: 28679 | G25: 28099 | H25: 26898 | I25: 19997 | J25: 16359 | K25: 14336 | L25: 14533 | M25: 15016 | N25: 15079 | O25: 15506 | P25: 16348 | Q25: 18895 | R25: 21260 | S25: 29484 | T25: 33569 | U25: 36220 | V25: 37487 | W25: 37723 | X25: 37742 | Y25: 36523 | Z25: 34441 | AA25: =SUM(C25:Z25) -> 626667 | AB25: 4 | AC25: =+AA25*AB25 -> 2506668
B26: Festivo | C26: 29254 | D26: 27809 | E26: 26782 | F26: 26037 | G26: 25696 | H26: 24900 | I26: 18199 | J26: 15155 | K26: 13611 | L26: 14224 | M26: 15115 | N26: 15360 | O26: 15602 | P26: 16828 | Q26: 19336 | R26: 21631 | S26: 29506 | T26: 33203 | U26: 35985 | V26: 37523 | W26: 37691 | X26: 37282 | Y26: 35572 | Z26: 33312 | AA26: =SUM(C26:Z26) -> 605613 | AB26: 2 | AC26: =+AA26*AB26 -> 1211226
A27: 48000 | B27: Hábil | C27: 33233 | D27: 31618 | E27: 30437 | F27: 29623 | G27: 29423 | H27: 29149 | I27: 23160 | J27: 22304 | K27: 22455 | L27: 23447 | M27: 24716 | N27: 24829 | O27: 22619 | P27: 26081 | Q27: 30951 | R27: 33424 | S27: 40978 | T27: 42655 | U27: 42835 | V27: 43159 | W27: 42770 | X27: 41782 | Y27: 39762 | Z27: 37064 | AA27: =SUM(C27:Z27) -> 768474 | AB27: 18 | AC27: =+AA27*AB27 -> 13832532 | AD27: =+SUM(AC27:AC30) -> 22015728
B28: Sábado | C28: 33740 | D28: 32165 | E28: 30984 | F28: 30107 | G28: 29809 | H28: 29044 | I28: 22929 | J28: 21457 | K28: 21524 | L28: 22561 | M28: 23602 | N28: 23485 | O28: 22350 | P28: 23139 | Q28: 26093 | R28: 28473 | S28: 36061 | T28: 39303 | U28: 40936 | V28: 41442 | W28: 40605 | X28: 39718 | Y28: 38522 | Z28: 36850 | AA28: =SUM(C28:Z28) -> 734899 | AB28: 4 | AC28: =+AA28*AB28 -> 2939596
B29: Domingo | C29: 33552 | D29: 32035 | E29: 30917 | F29: 30020 | G29: 29482 | H29: 28316 | I29: 21381 | J29: 17895 | K29: 15552 | L29: 15944 | M29: 15987 | N29: 15974 | O29: 16648 | P29: 17486 | Q29: 19870 | R29: 22339 | S29: 30825 | T29: 34845 | U29: 37381 | V29: 39303 | W29: 39436 | X29: 39290 | Y29: 38159 | Z29: 36230 | AA29: =SUM(C29:Z29) -> 658867 | AB29: 5 | AC29: =+AA29*AB29 -> 3294335
B30: Festivo | C30: 30955 | D30: 29487 | E30: 28475 | F30: 27667 | G30: 27368 | H30: 26505 | I30: 19824 | J30: 17151 | K30: 15872 | L30: 16703 | M30: 17695 | N30: 17867 | O30: 17931 | P30: 19022 | Q30: 21352 | R30: 23423 | S30: 31184 | T30: 34909 | U30: 37355 | V30: 39459 | W30: 39325 | X30: 38700 | Y30: 36946 | Z30: 34580 | AA30: =SUM(C30:Z30) -> 649755 | AB30: 3 | AC30: =+AA30*AB30 -> 1949265
A31: 48030 | B31: Hábil | C31: 31239 | D31: 29703 | E31: 28604 | F31: 27766 | G31: 27516 | H31: 27501 | I31: 21237 | J31: 19910 | K31: 19943 | L31: 20900 | M31: 22100 | N31: 21908 | O31: 19686 | P31: 23040 | Q31: 27724 | R31: 30165 | S31: 37604 | T31: 39530 | U31: 39492 | V31: 40304 | W31: 40129 | X31: 39397 | Y31: 37573 | Z31: 35083 | AA31: =SUM(C31:Z31) -> 708054 | AB31: 23 | AC31: =+AA31*AB31 -> 16285242 | AD31: =+SUM(AC31:AC34) -> 21407290
B32: Sábado | C32: 31068 | D32: 29570 | E32: 28539 | F32: 27706 | G32: 27387 | H32: 26822 | I32: 20403 | J32: 18756 | K32: 18639 | L32: 19616 | M32: 20424 | N32: 20496 | O32: 19513 | P32: 20534 | Q32: 23379 | R32: 25456 | S32: 32975 | T32: 36268 | U32: 37886 | V32: 38916 | W32: 38117 | X32: 37378 | Y32: 36453 | Z32: 35012 | AA32: =SUM(C32:Z32) -> 671313 | AB32: 4 | AC32: =+AA32*AB32 -> 2685252
B33: Domingo | C33: 31759 | D33: 30210 | E33: 29072 | F33: 28228 | G33: 27667 | H33: 26694 | I33: 19590 | J33: 15623 | K33: 13525 | L33: 13604 | M33: 13799 | N33: 13656 | O33: 14474 | P33: 15372 | Q33: 17582 | R33: 20217 | S33: 28451 | T33: 32962 | U33: 34997 | V33: 36980 | W33: 37296 | X33: 37249 | Y33: 36043 | Z33: 34149 | AA33: =SUM(C33:Z33) -> 609199 | AB33: 4 | AC33: =+AA33*AB33 -> 2436796
B34: Festivo | C34: -2137 | D34: -2137 | E34: -2137 | F34: -2137 | G34: -2137 | H34: -2137 | I34: -2137 | J34: -2557 | K34: -2557 | L34: -2557 | M34: -2557 | N34: -2557 | O34: -2557 | P34: -2557 | Q34: -2557 | R34: -2557 | S34: -2557 | T34: -573 | U34: -573 | V34: -573 | W34: -573 | X34: -573 | Y34: -573 | Z34: -573 | AA34: =SUM(C34:Z34) -> -44540 | AB34: 0 | AC34: =+AA34*AB34 -> 0
A35: 48061 | B35: Hábil | C35: 32868 | D35: 31295 | E35: 30104 | F35: 29209 | G35: 28914 | H35: 28918 | I35: 22401 | J35: 21248 | K35: 21227 | L35: 22422 | M35: 23738 | N35: 23744 | O35: 21567 | P35: 25337 | Q35: 30381 | R35: 32786 | S35: 40214 | T35: 41443 | U35: 41674 | V35: 41997 | W35: 41927 | X35: 41291 | Y35: 39336 | Z35: 36787 | AA35: =SUM(C35:Z35) -> 750828 | AB35: 19 | AC35: =+AA35*AB35 -> 14265732 | AD35: =+SUM(AC35:AC38) -> 22392326
B36: Sábado | C36: 34432 | D36: 32731 | E36: 31433 | F36: 30428 | G36: 29899 | H36: 29276 | I36: 22633 | J36: 21204 | K36: 21120 | L36: 22282 | M36: 23100 | N36: 23424 | O36: 22188 | P36: 23413 | Q36: 26224 | R36: 28363 | S36: 35919 | T36: 38483 | U36: 40434 | V36: 40706 | W36: 39844 | X36: 39395 | Y36: 38547 | Z36: 36965 | AA36: =SUM(C36:Z36) -> 732443 | AB36: 5 | AC36: =+AA36*AB36 -> 3662215
B37: Domingo | C37: 33766 | D37: 32148 | E37: 30864 | F37: 29883 | G37: 29167 | H37: 27906 | I37: 20515 | J37: 17023 | K37: 14831 | L37: 14758 | M37: 15148 | N37: 14841 | O37: 15717 | P37: 17144 | Q37: 19385 | R37: 21932 | S37: 29721 | T37: 33409 | U37: 36039 | V37: 37502 | W37: 37886 | X37: 37978 | Y37: 36882 | Z37: 34896 | AA37: =SUM(C37:Z37) -> 639341 | AB37: 5 | AC37: =+AA37*AB37 -> 3196705
B38: Festivo | C38: 30279 | D38: 28943 | E38: 27881 | F38: 27158 | G38: 26812 | H38: 26145 | I38: 19078 | J38: 16141 | K38: 14768 | L38: 15688 | M38: 16582 | N38: 16955 | O38: 17148 | P38: 18338 | Q38: 20823 | R38: 23375 | S38: 31139 | T38: 34173 | U38: 36843 | V38: 38236 | W38: 38152 | X38: 38135 | Y38: 36645 | Z38: 34400 | AA38: =SUM(C38:Z38) -> 633837 | AB38: 2 | AC38: =+AA38*AB38 -> 1267674
A39: 48092 | B39: Hábil | C39: 34182 | D39: 32451 | E39: 31177 | F39: 30197 | G39: 29850 | H39: 29758 | I39: 23392 | J39: 22446 | K39: 22511 | L39: 23782 | M39: 25200 | N39: 25235 | O39: 23164 | P39: 27183 | Q39: 32183 | R39: 34552 | S39: 41722 | T39: 43282 | U39: 43859 | V39: 43201 | W39: 43012 | X39: 42434 | Y39: 40508 | Z39: 37721 | AA39: =SUM(C39:Z39) -> 783002 | AB39: 22 | AC39: =+AA39*AB39 -> 17226044 | AD39: =+SUM(AC39:AC42) -> 22975064
B40: Sábado | C40: 34915 | D40: 33310 | E40: 32042 | F40: 30966 | G40: 30449 | H40: 29723 | I40: 23239 | J40: 22071 | K40: 22204 | L40: 23295 | M40: 24560 | N40: 24641 | O40: 23586 | P40: 24908 | Q40: 27874 | R40: 29967 | S40: 37265 | T40: 40367 | U40: 42621 | V40: 42044 | W40: 40972 | X40: 40178 | Y40: 39265 | Z40: 37752 | AA40: =SUM(C40:Z40) -> 758214 | AB40: 4 | AC40: =+AA40*AB40 -> 3032856
B41: Domingo | C41: 34515 | D41: 32958 | E41: 31764 | F41: 30814 | G41: 30165 | H41: 29185 | I41: 22044 | J41: 18444 | K41: 16097 | L41: 16021 | M41: 16510 | N41: 16808 | O41: 17344 | P41: 18708 | Q41: 21456 | R41: 23850 | S41: 31941 | T41: 35815 | U41: 38806 | V41: 39652 | W41: 40125 | X41: 40321 | Y41: 39007 | Z41: 36691 | AA41: =SUM(C41:Z41) -> 679041 | AB41: 4 | AC41: =+AA41*AB41 -> 2716164
B42: Festivo | C42: 0 | D42: 0 | E42: 0 | F42: 0 | G42: 0 | H42: 0 | I42: 0 | J42: 0 | K42: 0 | L42: 0 | M42: 0 | N42: 0 | O42: 0 | P42: 0 | Q42: 0 | R42: 0 | S42: 0 | T42: 0 | U42: 0 | V42: 0 | W42: 0 | X42: 0 | Y42: 0 | Z42: 0 | AA42: =SUM(C42:Z42) -> 0 | AB42: 0 | AC42: =+AA42*AB42 -> 0
A43: 48122 | B43: Hábil | C43: 32648 | D43: 31055 | E43: 29920 | F43: 29140 | G43: 28924 | H43: 28847 | I43: 22575 | J43: 21567 | K43: 21941 | L43: 23255 | M43: 24710 | N43: 24916 | O43: 22904 | P43: 26633 | Q43: 31503 | R43: 33651 | S43: 40902 | T43: 43724 | U43: 43776 | V43: 42496 | W43: 41754 | X43: 40763 | Y43: 38675 | Z43: 36058 | AA43: =SUM(C43:Z43) -> 762337 | AB43: 22 | AC43: =+AA43*AB43 -> 16771414 | AD43: =+SUM(AC43:AC46) -> 22848708
B44: Sábado | C44: 32108 | D44: 30516 | E44: 29414 | F44: 28529 | G44: 28173 | H44: 27650 | I44: 21199 | J44: 19708 | K44: 20107 | L44: 21396 | M44: 22616 | N44: 22805 | O44: 21972 | P44: 22857 | Q44: 25577 | R44: 27394 | S44: 34966 | T44: 39158 | U44: 40686 | V44: 39747 | W44: 38775 | X44: 37697 | Y44: 36371 | Z44: 34676 | AA44: =SUM(C44:Z44) -> 704097 | AB44: 4 | AC44: =+AA44*AB44 -> 2816388
B45: Domingo | C45: 32533 | D45: 31065 | E45: 29949 | F45: 28985 | G45: 28383 | H45: 27481 | I45: 20420 | J45: 16621 | K45: 14590 | L45: 15028 | M45: 15486 | N45: 15889 | O45: 16595 | P45: 17568 | Q45: 19928 | R45: 22595 | S45: 30755 | T45: 35793 | U45: 38043 | V45: 38359 | W45: 38468 | X45: 38270 | Y45: 36864 | Z45: 34812 | AA45: =SUM(C45:Z45) -> 644480 | AB45: 4 | AC45: =+AA45*AB45 -> 2577920
B46: Festivo | C46: 32212 | D46: 30719 | E46: 29635 | F46: 28818 | G46: 28449 | H46: 27378 | I46: 20424 | J46: 17908 | K46: 16789 | L46: 17842 | M46: 18760 | N46: 18647 | O46: 19384 | P46: 20743 | Q46: 23572 | R46: 25588 | S46: 33404 | T46: 37878 | U46: 40066 | V46: 40671 | W46: 40583 | X46: 39961 | Y46: 38068 | Z46: 35487 | AA46: =SUM(C46:Z46) -> 682986 | AB46: 1 | AC46: =+AA46*AB46 -> 682986
A47: 48153 | B47: Hábil | C47: 32731 | D47: 31169 | E47: 30063 | F47: 29356 | G47: 29277 | H47: 29493 | I47: 23599 | J47: 22777 | K47: 22989 | L47: 24149 | M47: 25588 | N47: 25812 | O47: 23690 | P47: 27062 | Q47: 31867 | R47: 34392 | S47: 41801 | T47: 45249 | U47: 45186 | V47: 43667 | W47: 42695 | X47: 41275 | Y47: 38986 | Z47: 36219 | AA47: =SUM(C47:Z47) -> 779092 | AB47: 18 | AC47: =+AA47*AB47 -> 14023656 | AD47: =+SUM(AC47:AC50) -> 22494721
B48: Sábado | C48: 33333 | D48: 31753 | E48: 30625 | F48: 29717 | G48: 29383 | H48: 28977 | I48: 22691 | J48: 21627 | K48: 22123 | L48: 23662 | M48: 24689 | N48: 24801 | O48: 23662 | P48: 24548 | Q48: 27209 | R48: 29184 | S48: 36777 | T48: 41396 | U48: 42617 | V48: 41498 | W48: 40320 | X48: 38951 | Y48: 37512 | Z48: 35815 | AA48: =SUM(C48:Z48) -> 742870 | AB48: 5 | AC48: =+AA48*AB48 -> 3714350
B49: Domingo | C49: 32996 | D49: 31511 | E49: 30373 | F49: 29485 | G49: 28929 | H49: 28201 | I49: 21290 | J49: 18099 | K49: 16429 | L49: 16871 | M49: 17657 | N49: 17814 | O49: 18636 | P49: 19503 | Q49: 21720 | R49: 23892 | S49: 32057 | T49: 37688 | U49: 39567 | V49: 39600 | W49: 39244 | X49: 38667 | Y49: 37304 | Z49: 35262 | AA49: =SUM(C49:Z49) -> 672795 | AB49: 5 | AC49: =+AA49*AB49 -> 3363975
B50: Festivo | C50: 32039 | D50: 30483 | E50: 29475 | F50: 28749 | G50: 28467 | H50: 27874 | I50: 21044 | J50: 18651 | K50: 17536 | L50: 18692 | M50: 19920 | N50: 20337 | O50: 20507 | P50: 22035 | Q50: 24373 | R50: 26474 | S50: 34431 | T50: 39635 | U50: 41403 | V50: 41303 | W50: 40691 | X50: 39618 | Y50: 37517 | Z50: 35116 | AA50: =SUM(C50:Z50) -> 696370 | AB50: 2 | AC50: =+AA50*AB50 -> 1392740
A51: 48183 | B51: Hábil | C51: 32013 | D51: 30472 | E51: 29408 | F51: 28629 | G51: 28392 | H51: 28447 | I51: 21872 | J51: 20550 | K51: 20560 | L51: 21698 | M51: 22901 | N51: 23103 | O51: 21609 | P51: 23995 | Q51: 28362 | R51: 30889 | S51: 38679 | T51: 41942 | U51: 43119 | V51: 41781 | W51: 40509 | X51: 39343 | Y51: 37632 | Z51: 35436 | AA51: =SUM(C51:Z51) -> 731341 | AB51: 21 | AC51: =+AA51*AB51 -> 15358161 | AD51: =+SUM(AC51:AC54) -> 21982327
B52: Sábado | C52: 32551 | D52: 30916 | E52: 29724 | F52: 28855 | G52: 28464 | H52: 28335 | I52: 21556 | J52: 19657 | K52: 19500 | L52: 20509 | M52: 21596 | N52: 21731 | O52: 21323 | P52: 22392 | Q52: 25090 | R52: 27223 | S52: 34966 | T52: 39568 | U52: 41905 | V52: 41123 | W52: 39570 | X52: 38137 | Y52: 36710 | Z52: 35120 | AA52: =SUM(C52:Z52) -> 706521 | AB52: 4 | AC52: =+AA52*AB52 -> 2826084
B53: Domingo | C53: 32744 | D53: 31225 | E53: 30054 | F53: 29172 | G53: 28618 | H53: 27664 | I53: 20372 | J53: 16970 | K53: 15237 | L53: 15789 | M53: 16409 | N53: 16623 | O53: 17347 | P53: 18321 | Q53: 20722 | R53: 23444 | S53: 31650 | T53: 36842 | U53: 39668 | V53: 39410 | W53: 38586 | X53: 37595 | Y53: 36059 | Z53: 34239 | AA53: =SUM(C53:Z53) -> 654760 | AB53: 4 | AC53: =+AA53*AB53 -> 2619040
B54: Festivo | C54: 29164 | D54: 28356 | E54: 27702 | F54: 27061 | G54: 26628 | H54: 26157 | I54: 18600 | J54: 15059 | K54: 12948 | L54: 13230 | M54: 13684 | N54: 13651 | O54: 14308 | P54: 15423 | Q54: 17556 | R54: 19849 | S54: 28161 | T54: 33091 | U54: 35970 | V54: 36251 | W54: 35685 | X54: 35050 | Y54: 33852 | Z54: 32085 | AA54: =SUM(C54:Z54) -> 589521 | AB54: 2 | AC54: =+AA54*AB54 -> 1179042
AD55: =+SUM(AD7:AD54) -> 262496997

Sheet OF P7
C1: * La energia a ofertar debe ser expresada únicamente en kilovatio (kWh) redondeado a cero decimales
C4: OFERTA PRODUCTO 7
C5: MES | D5: ENERGIA SOLICITADA (KWh) | E5: % | F5: ENERGIA TOTAL SOLICITADA AÑO (KWh) | G5: PRECIO $/kWh
C6: 46388 | D6: 8725051 | E6: % | F6: =SUM(D6:D17) -> 107043275 | G6: $/kWh
C7: 46419 | D7: 9022812
C8: 46447 | D8: 8722401
C9: 46478 | D9: 9107066
C10: 46508 | D10: 9224636
C11: 46539 | D11: 9410160
C12: 46569 | D12: 8312977
C13: 46600 | D13: 8845409
C14: 46631 | D14: 9157762
C15: 46661 | D15: 9021135
C16: 46692 | D16: 8906952
C17: 46722 | D17: 8586914
C18: 46753 | D18: 5189091 | E18: % | F18: =SUM(D18:D29) -> 67560515 | G18: $/kWh
C19: 46784 | D19: 5410957
C20: 46813 | D20: 5160567
C21: 46844 | D21: 5522251
C22: 46874 | D22: 5625848
C23: 46905 | D23: 5680978
C24: 46935 | D24: 5387647
C25: 46966 | D25: 5782330
C26: 46997 | D26: 6135770
C27: 47027 | D27: 6019818
C28: 47058 | D28: 5963762
C29: 47088 | D29: 5681496
C30: 47119 | D30: 11826680 | E30: % | F30: =SUM(D30:D41) -> 150186608 | G30: $/kWh
C31: 47150 | D31: 12182512
C32: 47178 | D32: 11752852
C33: 47209 | D33: 12311398
C34: 47239 | D34: 12519647
C35: 47270 | D35: 12612178
C36: 47300 | D36: 12174578
C37: 47331 | D37: 12830120
C38: 47362 | D38: 13273835
C39: 47392 | D39: 13156862
C40: 47423 | D40: 12963566
C41: 47453 | D41: 12582380
C42: 47484 | D42: 6951541 | E42: % | F42: =SUM(D42:D53) -> 87518938 | G42: $/kWh
C43: 47515 | D43: 7072136
C44: 47543 | D44: 6909161
C45: 47574 | D45: 7184884
C46: 47604 | D46: 7305753
C47: 47635 | D47: 7344025
C48: 47665 | D48: 7133842
C49: 47696 | D49: 7473780
C50: 47727 | D50: 7672485
C51: 47757 | D51: 7629882
C52: 47788 | D52: 7508937
C53: 47818 | D53: 7332512
C54: 47849 | D54: 6958871 | E54: % | F54: =SUM(D54:D65) -> 87508721 | G54: $/kWh
C55: 47880 | D55: 7075888
C56: 47908 | D56: 6917680
C57: 47939 | D57: 7209944
C58: 47969 | D58: 7301861
C59: 48000 | D59: 7339407
C60: 48030 | D60: 7136552
C61: 48061 | D61: 7464920
C62: 48092 | D62: 7659194
C63: 48122 | D63: 7617119
C64: 48153 | D64: 7499040
C65: 48183 | D65: 7328245
F66: =SUM(F6:F65) -> 499818057

Sheet CURVA P7
A1: Curva de distribucion en kwh | AF1: Curva de distribucion en kwh | BK1: Curva de distribucion en kwh | CQ1: Curva de distribucion en kwh | DW1: Curva de distribucion en kwh
A2: * La energia a ofertar debe ser expresada únicamente en kilovatio (kWh) redondeado a cero decimales | AF2: * La energia a ofertar debe ser expresada únicamente en kilovatio (kWh) redondeado a cero decimales | BK2: * La energia a ofertar debe ser expresada únicamente en kilovatio (kWh) redondeado a cero decimales | CQ2: * La energia a ofertar debe ser expresada únicamente en kilovatio (kWh) redondeado a cero decimales | DW2: * La energia a ofertar debe ser expresada únicamente en kilovatio (kWh) redondeado a cero decimales
A3: TOTAL | C3: =+AD54 -> 107043275 | AD3: 100000000 | AF3: TOTAL | AH3: =+BI54 -> 67560515 | BI3: 100000000 | BK3: TOTAL | BM3: =+CN54 -> 150186608 | CN3: 100000000 | CQ3: TOTAL | CS3: =+DT54 -> 87518938 | DT3: 100000000 | DW3: TOTAL | DY3: =+EZ54 -> 87508721 | EZ3: 100000000
A4: MES | B4: DÍA | C4: HORA 01 | D4: HORA 02 | E4: HORA 03 | F4: HORA 04 | G4: HORA 05 | H4: HORA 06 | I4: HORA 07 | J4: HORA 08 | K4: HORA 09 | L4: HORA 10 | M4: HORA 11 | N4: HORA 12 | O4: HORA 13 | P4: HORA 14 | Q4: HORA 15 | R4: HORA 16 | S4: HORA 17 | T4: HORA 18 | U4: HORA 19 | V4: HORA 20 | W4: HORA 21 | X4: HORA 22 | Y4: HORA 23 | Z4: HORA 24 | AA4: TOTAL DÍA | AB4: NUMERO DÍAS | AC4: TOTAL DÍA MES | AD4: TOTAL MES | AF4: MES | AG4: DÍA | AH4: HORA 01 | AI4: HORA 02 | AJ4: HORA 03 | AK4: HORA 04 | AL4: HORA 05 | AM4: HORA 06 | AN4: HORA 07 | AO4: HORA 08 | AP4: HORA 09 | AQ4: HORA 10 | AR4: HORA 11 | AS4: HORA 12 | AT4: HORA 13 | AU4: HORA 14 | AV4: HORA 15 | AW4: HORA 16 | AX4: HORA 17 | AY4: HORA 18 | AZ4: HORA 19 | BA4: HORA 20 | BB4: HORA 21 | BC4: HORA 22 | BD4: HORA 23 | BE4: HORA 24 | BF4: TOTAL DÍA | BG4: NUMERO DÍAS | BH4: TOTAL DÍA MES | BI4: TOTAL MES | BK4: MES | BL4: DÍA | BM4: HORA 01 | BN4: HORA 02 | BO4: HORA 03 | BP4: HORA 04 | BQ4: HORA 05 | BR4: HORA 06 | BS4: HORA 07 | BT4: HORA 08 | BU4: HORA 09 | BV4: HORA 10 | BW4: HORA 11 | BX4: HORA 12 | BY4: HORA 13 | BZ4: HORA 14 | CA4: HORA 15 | CB4: HORA 16 | CC4: HORA 17 | CD4: HORA 18 | CE4: HORA 19 | CF4: HORA 20 | CG4: HORA 21 | CH4: HORA 22 | CI4: HORA 23 | CJ4: HORA 24 | CK4: TOTAL DÍA | CL4: NUMERO DÍAS | CM4: TOTAL DÍA MES | CN4: TOTAL MES | CQ4: MES | CR4: DÍA | CS4: HORA 01 | CT4: HORA 02 | CU4: HORA 03 | CV4: HORA 04 | CW4: HORA 05 | CX4: HORA 06 | CY4: HORA 07 | CZ4: HORA 08 | DA4: HORA 09 | DB4: HORA 10 | DC4: HORA 11 | DD4: HORA 12 | DE4: HORA 13 | DF4: HORA 14 | DG4: HORA 15 | DH4: HORA 16 | DI4: HORA 17 | DJ4: HORA 18 | DK4: HORA 19 | DL4: HORA 20 | DM4: HORA 21 | DN4: HORA 22 | DO4: HORA 23 | DP4: HORA 24 | DQ4: TOTAL DÍA | DR4: NUMERO DÍAS | DS4: TOTAL DÍA MES | DT4: TOTAL MES | DW4: MES | DX4: DÍA | DY4: HORA 01 | DZ4: HORA 02 | EA4: HORA 03 | EB4: HORA 04 | EC4: HORA 05 | ED4: HORA 06 | EE4: HORA 07 | EF4: HORA 08 | EG4: HORA 09 | EH4: HORA 10 | EI4: HORA 11 | EJ4: HORA 12 | EK4: HORA 13 | EL4: HORA 14 | EM4: HORA 15 | EN4: HORA 16 | EO4: HORA 17 | EP4: HORA 18 | EQ4: HORA 19 | ER4: HORA 20 | ES4: HORA 21 | ET4: HORA 22 | EU4: HORA 23 | EV4: HORA 24 | EW4: TOTAL DÍA | EX4: NUMERO DÍAS | EY4: TOTAL DÍA MES | EZ4: TOTAL MES
A6: 46388 | B6: Hábil | C6: 13405 | D6: 12922 | E6: 12447 | F6: 12098 | G6: 11989 | H6: 12200 | I6: 12520 | J6: 7878 | K6: 9046 | L6: 9895 | M6: 10628 | N6: 11063 | O6: 10338 | P6: 11244 | Q6: 12444 | R6: 12655 | S6: 12277 | T6: 14662 | U6: 15072 | V6: 14804 | W6: 14512 | X6: 14157 | Y6: 13475 | Z6: 12563 | AA6: =+SUM(C6:Z6) -> 294294 | AB6: 19 | AC6: =+AB6*AA6 -> 5591586 | AD6: =+SUM(AC6:AC9) -> 8725051 | AF6: 46753 | AG6: Hábil | AH6: 8886 | AI6: 8470 | AJ6: 8102 | AK6: 7819 | AL6: 7714 | AM6: 7822 | AN6: 2076 | AO6: 2890 | AP6: 2309 | AQ6: 2522 | AR6: 2931 | AS6: 2962 | AT6: 2636 | AU6: 4011 | AV6: 6227 | AW6: 7774 | AX6: 14037 | AY6: 11673 | AZ6: 12029 | BA6: 11882 | BB6: 11750 | BC6: 11527 | BD6: 10968 | BE6: 10201 | BF6: =+SUM(AH6:BE6) -> 179218 | BG6: 20 | BH6: =+BG6*BF6 -> 3584360 | BI6: =+SUM(BH6:BH9) -> 5189091 | BK6: 47119 | BL6: Hábil | BM6: 17860 | BN6: 17023 | BO6: 16361 | BP6: 15875 | BQ6: 15723 | BR6: 16020 | BS6: 10906 | BT6: 9399 | BU6: 9428 | BV6: 9946 | BW6: 10706 | BX6: 10880 | BY6: 10169 | BZ6: 12052 | CA6: 15064 | CB6: 16965 | CC6: 22802 | CD6: 23521 | CE6: 24323 | CF6: 24051 | CG6: 23689 | CH6: 23098 | CI6: 21896 | CJ6: 20303 | CK6: =+SUM(BM6:CJ6) -> 398060 | CL6: 21 | CM6: =+CL6*CK6 -> 8359260 | CN6: =+SUM(CM6:CM9) -> 11826680 | CQ6: 47484 | CR6: Hábil | CS6: 10208 | CT6: 9762 | CU6: 9411 | CV6: 9154 | CW6: 9077 | CX6: 9241 | CY6: 6936 | CZ6: 6227 | DA6: 6076 | DB6: 6378 | DC6: 6790 | DD6: 6902 | DE6: 6509 | DF6: 7447 | DG6: 8936 | DH6: 9836 | DI6: 12488 | DJ6: 13357 | DK6: 13796 | DL6: 13648 | DM6: 13444 | DN6: 13114 | DO6: 12458 | DP6: 11592 | DQ6: =+SUM(CS6:DP6) -> 232787 | DR6: 21 | DS6: =+DR6*DQ6 -> 4888527 | DT6: =+SUM(DS6:DS9) -> 6951541 | DW6: 47849 | DX6: Hábil | DY6: 10160 | DZ6: 9717 | EA6: 9368 | EB6: 9114 | EC6: 9036 | ED6: 9200 | EE6: 6968 | EF6: 6319 | EG6: 6197 | EH6: 6507 | EI6: 6919 | EJ6: 7037 | EK6: 6642 | EL6: 7566 | EM6: 9030 | EN6: 9904 | EO6: 12469 | EP6: 13271 | EQ6: 13707 | ER6: 13559 | ES6: 13356 | ET6: 13029 | EU6: 12377 | EV6: 11517 | EW6: =+SUM(DY6:EV6) -> 232969 | EX6: 21 | EY6: =+EX6*EW6 -> 4892349 | EZ6: =+SUM(EY6:EY9) -> 6958871
B7: Sábado | C7: 13721 | D7: 13158 | E7: 12619 | F7: 12227 | G7: 12062 | H7: 12131 | I7: 12327 | J7: 7607 | K7: 8842 | L7: 9710 | M7: 10355 | N7: 10676 | O7: 10228 | P7: 10399 | Q7: 10860 | R7: 10912 | S7: 10518 | T7: 13631 | U7: 14525 | V7: 14364 | W7: 13971 | X7: 13591 | Y7: 13101 | Z7: 12426 | AA7: =+SUM(C7:Z7) -> 283961 | AB7: 5 | AC7: =+AB7*AA7 -> 1419805 | AG7: Sábado | AH7: 9003 | AI7: 8529 | AJ7: 8119 | AK7: 7825 | AL7: 7676 | AM7: 7690 | AN7: 1868 | AO7: 2584 | AP7: 2072 | AQ7: 2274 | AR7: 2593 | AS7: 2509 | AT7: 2425 | AU7: 3103 | AV7: 4654 | AW7: 6068 | AX7: 12342 | AY7: 10783 | AZ7: 11551 | BA7: 11455 | BB7: 11164 | BC7: 10899 | BD7: 10541 | BE7: 9988 | BF7: =+SUM(AH7:BE7) -> 167715 | BG7: 4 | BH7: =+BG7*BF7 -> 670860 | BL7: Sábado | BM7: 18291 | BN7: 17370 | BO7: 16634 | BP7: 16090 | BQ7: 15872 | BR7: 15970 | BS7: 10666 | BT7: 8939 | BU7: 8960 | BV7: 9447 | BW7: 10041 | BX7: 10076 | BY7: 9822 | BZ7: 10651 | CA7: 12576 | CB7: 14225 | CC7: 20073 | CD7: 21719 | CE7: 23384 | CF7: 23289 | CG7: 22697 | CH7: 22098 | CI7: 21268 | CJ7: 20134 | CK7: =+SUM(BM7:CJ7) -> 380292 | CL7: 4 | CM7: =+CL7*CK7 -> 1521168 | CR7: Sábado | CS7: 10453 | CT7: 9962 | CU7: 9572 | CV7: 9282 | CW7: 9169 | CX7: 9227 | CY7: 6818 | CZ7: 5983 | DA7: 5830 | DB7: 6115 | DC7: 6440 | DD7: 6483 | DE7: 6331 | DF7: 6726 | DG7: 7649 | DH7: 8416 | DI7: 11072 | DJ7: 12381 | DK7: 13289 | DL7: 13242 | DM7: 12920 | DN7: 12591 | DO7: 12134 | DP7: 11517 | DQ7: =+SUM(CS7:DP7) -> 223602 | DR7: 4 | DS7: =+DR7*DQ7 -> 894408 | DX7: Sábado | DY7: 10403 | DZ7: 9916 | EA7: 9528 | EB7: 9240 | EC7: 9128 | ED7: 9185 | EE7: 6851 | EF7: 6077 | EG7: 5952 | EH7: 6246 | EI7: 6572 | EJ7: 6620 | EK7: 6465 | EL7: 6850 | EM7: 7751 | EN7: 8493 | EO7: 11062 | EP7: 12301 | EQ7: 13203 | ER7: 13156 | ES7: 12836 | ET7: 12509 | EU7: 12055 | EV7: 11443 | EW7: =+SUM(DY7:EV7) -> 223842 | EX7: 4 | EY7: =+EX7*EW7 -> 895368
B8: Domingo | C8: 13547 | D8: 13032 | E8: 12519 | F8: 12117 | G8: 11885 | H8: 11770 | I8: 11741 | J8: 6257 | K8: 6711 | L8: 7243 | M8: 7570 | N8: 7875 | O8: 8043 | P8: 8120 | Q8: 8323 | R8: 8473 | S8: 8347 | T8: 11965 | U8: 13050 | V8: 13325 | W8: 13282 | X8: 13125 | Y8: 12605 | Z8: 11811 | AA8: =+SUM(C8:Z8) -> 252736 | AB8: 5 | AC8: =+AB8*AA8 -> 1263680 | AG8: Domingo | AH8: 8861 | AI8: 8426 | AJ8: 8033 | AK8: 7726 | AL8: 7546 | AM8: 7434 | AN8: 1460 | AO8: 1391 | AP8: 116 | AQ8: 2 | AR8: 29 | AS8: 5 | AT8: 421 | AU8: 1015 | AV8: 2347 | AW8: 3878 | AX8: 10394 | AY8: 9527 | AZ8: 10453 | BA8: 10738 | BB8: 10756 | BC8: 10675 | BD8: 10252 | BE8: 9580 | BF8: =+SUM(AH8:BE8) -> 141065 | BG8: 5 | BH8: =+BG8*BF8 -> 705325 | BL8: Domingo | BM8: 18081 | BN8: 17218 | BO8: 16501 | BP8: 15936 | BQ8: 15614 | BR8: 15457 | BS8: 9834 | BT8: 7090 | BU8: 5968 | BV8: 6015 | BW8: 6147 | BX8: 6146 | BY8: 6749 | BZ8: 7432 | CA8: 9032 | CB8: 10868 | CC8: 17111 | CD8: 19390 | CE8: 21385 | CF8: 21947 | CG8: 21874 | CH8: 21583 | CI8: 20652 | CJ8: 19339 | CK8: =+SUM(BM8:CJ8) -> 337369 | CL8: 4 | CM8: =+CL8*CK8 -> 1349476 | CR8: Domingo | CS8: 10344 | CT8: 9883 | CU8: 9503 | CV8: 9202 | CW8: 9032 | CX8: 8951 | CY8: 6370 | CZ8: 4990 | DA8: 4285 | DB8: 4346 | DC8: 4430 | DD8: 4454 | DE8: 4743 | DF8: 5063 | DG8: 5817 | DH8: 6680 | DI8: 9542 | DJ8: 11126 | DK8: 12214 | DL8: 12516 | DM8: 12470 | DN8: 12304 | DO8: 11794 | DP8: 11086 | DQ8: =+SUM(CS8:DP8) -> 201145 | DR8: 4 | DS8: =+DR8*DQ8 -> 804580 | DX8: Domingo | DY8: 10295 | DZ8: 9838 | EA8: 9459 | EB8: 9161 | EC8: 8991 | ED8: 8912 | EE8: 6406 | EF8: 5089 | EG8: 4417 | EH8: 4488 | EI8: 4575 | EJ8: 4604 | EK8: 4887 | EL8: 5197 | EM8: 5931 | EN8: 6768 | EO8: 9542 | EP8: 11055 | EQ8: 12135 | ER8: 12435 | ES8: 12389 | ET8: 12224 | EU8: 11718 | EV8: 11014 | EW8: =+SUM(DY8:EV8) -> 201530 | EX8: 4 | EY8: =+EX8*EW8 -> 806120
B9: Festivo | C9: 11768 | D9: 11452 | E9: 11223 | F9: 10964 | G9: 10837 | H9: 10724 | I9: 10569 | J9: 5009 | K9: 5402 | L9: 5925 | M9: 6390 | N9: 6691 | O9: 6837 | P9: 6982 | Q9: 7161 | R9: 7265 | S9: 7050 | T9: 11074 | U9: 12239 | V9: 12424 | W9: 12317 | X9: 12084 | Y9: 11613 | Z9: 10990 | AA9: =+SUM(C9:Z9) -> 224990 | AB9: 2 | AC9: =+AB9*AA9 -> 449980 | AG9: Festivo | AH9: 7002 | AI9: 6795 | AJ9: 6618 | AK9: 6435 | AL9: 6342 | AM9: 6261 | AN9: 257 | AO9: 5 | AP9: 5 | AQ9: 5 | AR9: 5 | AS9: 5 | AT9: 5 | AU9: 5 | AV9: 839 | AW9: 2299 | AX9: 8758 | AY9: 8266 | AZ9: 9313 | BA9: 9503 | BB9: 9395 | BC9: 9169 | BD9: 8757 | BE9: 8229 | BF9: =+SUM(AH9:BE9) -> 114273 | BG9: 2 | BH9: =+BG9*BF9 -> 228546 | BL9: Festivo | BM9: 15612 | BN9: 15203 | BO9: 14835 | BP9: 14464 | BQ9: 14272 | BR9: 14109 | BS9: 8329 | BT9: 5431 | BU9: 4146 | BV9: 4185 | BW9: 4467 | BX9: 4466 | BY9: 5099 | BZ9: 5873 | CA9: 7406 | CB9: 9154 | CC9: 15268 | CD9: 18032 | CE9: 20189 | CF9: 20586 | CG9: 20360 | CH9: 19890 | CI9: 19044 | CJ9: 17968 | CK9: =+SUM(BM9:CJ9) -> 298388 | CL9: 2 | CM9: =+CL9*CK9 -> 596776 | CR9: Festivo | CS9: 9096 | CT9: 8875 | CU9: 8678 | CV9: 8479 | CW9: 8375 | CX9: 8288 | CY9: 5616 | CZ9: 4153 | DA9: 3382 | DB9: 3441 | DC9: 3606 | DD9: 3630 | DE9: 3937 | DF9: 4307 | DG9: 5032 | DH9: 5851 | DI9: 8644 | DJ9: 10469 | DK9: 11639 | DL9: 11854 | DM9: 11732 | DN9: 11477 | DO9: 11018 | DP9: 10434 | DQ9: =+SUM(CS9:DP9) -> 182013 | DR9: 2 | DS9: =+DR9*DQ9 -> 364026 | DX9: Festivo | DY9: 9055 | DZ9: 8836 | EA9: 8640 | EB9: 8442 | EC9: 8339 | ED9: 8252 | EE9: 5656 | EF9: 4258 | EG9: 3520 | EH9: 3588 | EI9: 3756 | EJ9: 3785 | EK9: 4086 | EL9: 4447 | EM9: 5150 | EN9: 5945 | EO9: 8649 | EP9: 10402 | EQ9: 11563 | ER9: 11777 | ES9: 11655 | ET9: 11402 | EU9: 10947 | EV9: 10367 | EW9: =+SUM(DY9:EV9) -> 182517 | EX9: 2 | EY9: =+EX9*EW9 -> 365034
A10: 46419 | B10: Hábil | C10: 14741 | D10: 14037 | E10: 13538 | F10: 13211 | G10: 13215 | H10: 13869 | I10: 14430 | J10: 9946 | K10: 11141 | L10: 11988 | M10: 12770 | N10: 12903 | O10: 11664 | P10: 13067 | Q10: 14527 | R10: 14778 | S10: 14320 | T10: 16106 | U10: 16303 | V10: 16217 | W10: 15990 | X10: 15494 | Y10: 14473 | Z10: 13334 | AA10: =+SUM(C10:Z10) -> 332062 | AB10: 20 | AC10: =+AA10*AB10 -> 6641240 | AD10: =+SUM(AC10:AC13) -> 9022812 | AF10: 46784 | AG10: Hábil | AH10: 9326 | AI10: 8810 | AJ10: 8435 | AK10: 8183 | AL10: 8162 | AM10: 8553 | AN10: 2985 | AO10: 4069 | AP10: 3386 | AQ10: 3512 | AR10: 3912 | AS10: 3605 | AT10: 2883 | AU10: 4675 | AV10: 7179 | AW10: 8833 | AX10: 15101 | AY10: 12345 | AZ10: 12482 | BA10: 12444 | BB10: 12368 | BC10: 12050 | BD10: 11304 | BE10: 10415 | BF10: =+SUM(AH10:BE10) -> 195017 | BG10: 21 | BH10: =+BF10*BG10 -> 4095357 | BI10: =+SUM(BH10:BH13) -> 5410957 | BK10: 47150 | BL10: Hábil | BM10: 19632 | BN10: 18625 | BO10: 17918 | BP10: 17441 | BQ10: 17421 | BR10: 18238 | BS10: 13417 | BT10: 12039 | BU10: 11948 | BV10: 12386 | BW10: 13165 | BX10: 12932 | BY10: 11568 | BZ10: 14180 | CA10: 17730 | CB10: 19863 | CC10: 25705 | CD10: 25909 | CE10: 26326 | CF10: 26295 | CG10: 25974 | CH10: 25271 | CI10: 23747 | CJ10: 21866 | CK10: =+SUM(BM10:CJ10) -> 449596 | CL10: 20 | CM10: =+CK10*CL10 -> 8991920 | CN10: =+SUM(CM10:CM13) -> 12182512 | CQ10: 47515 | CR10: Hábil | CS10: 11158 | CT10: 10622 | CU10: 10246 | CV10: 9993 | CW10: 9985 | CX10: 10426 | CY10: 8274 | CZ10: 7637 | DA10: 7386 | DB10: 7652 | DC10: 8074 | DD10: 7986 | DE10: 7254 | DF10: 8567 | DG10: 10325 | DH10: 11338 | DI10: 13987 | DJ10: 14639 | DK10: 14873 | DL10: 14858 | DM10: 14673 | DN10: 14288 | DO10: 13463 | DP10: 12442 | DQ10: =+SUM(CS10:DP10) -> 260146 | DR10: 20 | DS10: =+DQ10*DR10 -> 5202920 | DT10: =+SUM(DS10:DS13) -> 7072136 | DW10: 47880 | DX10: Hábil | DY10: 11105 | DZ10: 10573 | EA10: 10200 | EB10: 9949 | EC10: 9940 | ED10: 10378 | EE10: 8300 | EF10: 7723 | EG10: 7505 | EH10: 7780 | EI10: 8204 | EJ10: 8123 | EK10: 7390 | EL10: 8687 | EM10: 10416 | EN10: 11400 | EO10: 13962 | EP10: 14545 | EQ10: 14777 | ER10: 14762 | ES10: 14578 | ET10: 14196 | EU10: 13376 | EV10: 12362 | EW10: =+SUM(DY10:EV10) -> 260231 | EX10: 20 | EY10: =+EW10*EX10 -> 5204620 | EZ10: =+SUM(EY10:EY13) -> 7075888
B11: Sábado | C11: 14348 | D11: 13673 | E11: 13187 | F11: 12866 | G11: 12742 | H11: 12946 | I11: 13446 | J11: 9084 | K11: 10461 | L11: 11381 | M11: 12027 | N11: 12282 | O11: 11620 | P11: 11689 | Q11: 12128 | R11: 12188 | S11: 11736 | T11: 14425 | U11: 15282 | V11: 15355 | W11: 14949 | X11: 14512 | Y11: 13942 | Z11: 13189 | AA11: =+SUM(C11:Z11) -> 309458 | AB11: 4 | AC11: =+AA11*AB11 -> 1237832 | AG11: Sábado | AH11: 8834 | AI11: 8378 | AJ11: 8029 | AK11: 7809 | AL11: 7733 | AM11: 7862 | AN11: 2225 | AO11: 3241 | AP11: 2723 | AQ11: 2886 | AR11: 3167 | AS11: 2998 | AT11: 2704 | AU11: 3295 | AV11: 4909 | AW11: 6408 | AX11: 12709 | AY11: 10991 | AZ11: 11681 | BA11: 11739 | BB11: 11480 | BC11: 11204 | BD11: 10819 | BE11: 10232 | BF11: =+SUM(AH11:BE11) -> 174056 | BG11: 4 | BH11: =+BF11*BG11 -> 696224 | BL11: Sábado | BM11: 19173 | BN11: 18205 | BO11: 17519 | BP11: 17044 | BQ11: 16888 | BR11: 17153 | BS11: 12226 | BT11: 10886 | BU11: 11059 | BV11: 11547 | BW11: 12133 | BX11: 12016 | BY11: 11363 | BZ11: 12129 | CA11: 14292 | CB11: 16114 | CC11: 21984 | CD11: 23331 | CE11: 24814 | CF11: 24978 | CG11: 24363 | CH11: 23700 | CI11: 22838 | CJ11: 21602 | CK11: =+SUM(BM11:CJ11) -> 417357 | CL11: 4 | CM11: =+CK11*CL11 -> 1669428 | CR11: Sábado | CS11: 10945 | CT11: 10424 | CU11: 10059 | CV11: 9803 | CW11: 9718 | CX11: 9861 | CY11: 7656 | CZ11: 7036 | DA11: 6938 | DB11: 7231 | DC11: 7553 | DD11: 7518 | DE11: 7157 | DF11: 7521 | DG11: 8565 | DH11: 9413 | DI11: 12075 | DJ11: 13258 | DK11: 14063 | DL11: 14154 | DM11: 13816 | DN11: 13450 | DO11: 12978 | DP11: 12307 | DQ11: =+SUM(CS11:DP11) -> 243499 | DR11: 4 | DS11: =+DQ11*DR11 -> 973996 | DX11: Sábado | DY11: 10893 | DZ11: 10377 | EA11: 10013 | EB11: 9759 | EC11: 9675 | ED11: 9817 | EE11: 7685 | EF11: 7127 | EG11: 7061 | EH11: 7361 | EI11: 7687 | EJ11: 7658 | EK11: 7294 | EL11: 7647 | EM11: 8667 | EN11: 9488 | EO11: 12061 | EP11: 13173 | EQ11: 13972 | ER11: 14063 | ES11: 13726 | ET11: 13363 | EU11: 12894 | EV11: 12228 | EW11: =+SUM(DY11:EV11) -> 243689 | EX11: 4 | EY11: =+EW11*EX11 -> 974756
B12: Domingo | C12: 14662 | D12: 13949 | E12: 13443 | F12: 13030 | G12: 12814 | H12: 12755 | I12: 12850 | J12: 7548 | K12: 8069 | L12: 8710 | M12: 9104 | N12: 9480 | O12: 9619 | P12: 9651 | Q12: 9935 | R12: 10183 | S12: 10093 | T12: 13343 | U12: 14418 | V12: 14955 | W12: 15015 | X12: 14900 | Y12: 14205 | Z12: 13204 | AA12: =+SUM(C12:Z12) -> 285935 | AB12: 4 | AC12: =+AA12*AB12 -> 1143740 | AG12: Domingo | AH12: 9137 | AI12: 8625 | AJ12: 8256 | AK12: 7950 | AL12: 7790 | AM12: 7712 | AN12: 1798 | AO12: 1898 | AP12: 548 | AQ12: 505 | AR12: 594 | AS12: 570 | AT12: 1064 | AU12: 1614 | AV12: 3053 | AW12: 4725 | AX12: 11336 | AY12: 10217 | AZ12: 11088 | BA12: 11554 | BB12: 11688 | BC12: 11666 | BD12: 11133 | BE12: 10323 | BF12: =+SUM(AH12:BE12) -> 154844 | BG12: 4 | BH12: =+BF12*BG12 -> 619376 | BL12: Domingo | BM12: 19548 | BN12: 18520 | BO12: 17806 | BP12: 17235 | BQ12: 16915 | BR12: 16818 | BS12: 11342 | BT12: 8733 | BU12: 7497 | BV12: 7591 | BW12: 7792 | BX12: 7833 | BY12: 8464 | BZ12: 9152 | CA12: 10984 | CB12: 13066 | CC12: 19448 | CD12: 21390 | CE12: 23226 | CF12: 24184 | CG12: 24313 | CH12: 24137 | CI12: 22963 | CJ12: 21334 | CK12: =+SUM(BM12:CJ12) -> 380291 | CL12: 4 | CM12: =+CK12*CL12 -> 1521164 | CR12: Domingo | CS12: 11132 | CT12: 10582 | CU12: 10202 | CV12: 9900 | CW12: 9729 | CX12: 9681 | CY12: 7182 | CZ12: 5881 | DA12: 5095 | DB12: 5178 | DC12: 5296 | DD12: 5337 | DE12: 5639 | DF12: 5962 | DG12: 6832 | DH12: 7814 | DI12: 10741 | DJ12: 12186 | DK12: 13181 | DL12: 13698 | DM12: 13757 | DN12: 13653 | DO12: 13013 | DP12: 12134 | DQ12: =+SUM(CS12:DP12) -> 223805 | DR12: 4 | DS12: =+DQ12*DR12 -> 895220 | DX12: Domingo | DY12: 11079 | DZ12: 10533 | EA12: 10156 | EB12: 9856 | EC12: 9686 | ED12: 9638 | EE12: 7214 | EF12: 5979 | EG12: 5229 | EH12: 5322 | EI12: 5444 | EJ12: 5491 | EK12: 5786 | EL12: 6099 | EM12: 6945 | EN12: 7899 | EO12: 10736 | EP12: 12109 | EQ12: 13096 | ER12: 13610 | ES12: 13669 | ET12: 13565 | EU12: 12930 | EV12: 12057 | EW12: =+SUM(DY12:EV12) -> 224128 | EX12: 4 | EY12: =+EW12*EX12 -> 896512
B13: Festivo | C13: 0 | D13: 0 | E13: 0 | F13: 0 | G13: 0 | H13: 0 | I13: 0 | J13: 0 | K13: 0 | L13: 0 | M13: 0 | N13: 0 | O13: 0 | P13: 0 | Q13: 0 | R13: 0 | S13: 0 | T13: 0 | U13: 0 | V13: 0 | W13: 0 | X13: 0 | Y13: 0 | Z13: 0 | AA13: =+SUM(C13:Z13) -> 0 | AB13: 0 | AC13: =+AA13*AB13 -> 0 | AG13: Festivo | AH13: 0 | AI13: 0 | AJ13: 0 | AK13: 0 | AL13: 0 | AM13: 0 | AN13: 0 | AO13: 0 | AP13: 0 | AQ13: 0 | AR13: 0 | AS13: 0 | AT13: 0 | AU13: 0 | AV13: 0 | AW13: 0 | AX13: 0 | AY13: 0 | AZ13: 0 | BA13: 0 | BB13: 0 | BC13: 0 | BD13: 0 | BE13: 0 | BF13: =+SUM(AH13:BE13) -> 0 | BG13: 0 | BH13: =+BF13*BG13 -> 0 | BL13: Festivo | BM13: 0 | BN13: 0 | BO13: 0 | BP13: 0 | BQ13: 0 | BR13: 0 | BS13: 0 | BT13: 0 | BU13: 0 | BV13: 0 | BW13: 0 | BX13: 0 | BY13: 0 | BZ13: 0 | CA13: 0 | CB13: 0 | CC13: 0 | CD13: 0 | CE13: 0 | CF13: 0 | CG13: 0 | CH13: 0 | CI13: 0 | CJ13: 0 | CK13: =+SUM(BM13:CJ13) -> 0 | CL13: 0 | CM13: =+CK13*CL13 -> 0 | CR13: Festivo | CS13: 0 | CT13: 0 | CU13: 0 | CV13: 0 | CW13: 0 | CX13: 0 | CY13: 0 | CZ13: 0 | DA13: 0 | DB13: 0 | DC13: 0 | DD13: 0 | DE13: 0 | DF13: 0 | DG13: 0 | DH13: 0 | DI13: 0 | DJ13: 0 | DK13: 0 | DL13: 0 | DM13: 0 | DN13: 0 | DO13: 0 | DP13: 0 | DQ13: =+SUM(CS13:DP13) -> 0 | DR13: 0 | DS13: =+DQ13*DR13 -> 0 | DX13: Festivo | DY13: 0 | DZ13: 0 | EA13: 0 | EB13: 0 | EC13: 0 | ED13: 0 | EE13: 0 | EF13: 0 | EG13: 0 | EH13: 0 | EI13: 0 | EJ13: 0 | EK13: 0 | EL13: 0 | EM13: 0 | EN13: 0 | EO13: 0 | EP13: 0 | EQ13: 0 | ER13: 0 | ES13: 0 | ET13: 0 | EU13: 0 | EV13: 0 | EW13: =+SUM(DY13:EV13) -> 0 | EX13: 0 | EY13: =+EW13*EX13 -> 0
A14: 46447 | B14: Hábil | C14: 13486 | D14: 12819 | E14: 12356 | F14: 12022 | G14: 11990 | H14: 12427 | I14: 12689 | J14: 8073 | K14: 9125 | L14: 9851 | M14: 10518 | N14: 10717 | O14: 9748 | P14: 11017 | Q14: 12347 | R14: 12548 | S14: 12182 | T14: 14370 | U14: 14622 | V14: 14597 | W14: 14492 | X14: 14177 | Y14: 13365 | Z14: 12378 | AA14: =+SUM(C14:Z14) -> 291916 | AB14: 20 | AC14: =+AA14*AB14 -> 5838320 | AD14: =+SUM(AC14:AC17) -> 8722401 | AF14: 46813 | AG14: Hábil | AH14: 8806 | AI14: 8293 | AJ14: 7926 | AK14: 7648 | AL14: 7580 | AM14: 7776 | AN14: 2060 | AO14: 2918 | AP14: 2226 | AQ14: 2286 | AR14: 2616 | AS14: 2416 | AT14: 1918 | AU14: 3570 | AV14: 5855 | AW14: 7373 | AX14: 13663 | AY14: 11245 | AZ14: 11458 | BA14: 11464 | BB14: 11470 | BC14: 11316 | BD14: 10760 | BE14: 9991 | BF14: =+SUM(AH14:BE14) -> 172634 | BG14: 22 | BH14: =+BF14*BG14 -> 3797948 | BI14: =+SUM(BH14:BH17) -> 5160567 | BK14: 47178 | BL14: Hábil | BM14: 17853 | BN14: 16910 | BO14: 16258 | BP14: 15788 | BQ14: 15737 | BR14: 16280 | BS14: 11158 | BT14: 9724 | BU14: 9613 | BV14: 9940 | BW14: 10591 | BX14: 10469 | BY14: 9419 | BZ14: 11735 | CA14: 14915 | CB14: 16807 | CC14: 22704 | CD14: 23298 | CE14: 23847 | CF14: 23817 | CG14: 23561 | CH14: 23000 | CI14: 21751 | CJ14: 20111 | CK14: =+SUM(BM14:CJ14) -> 395286 | CL14: 19 | CM14: =+CK14*CL14 -> 7510434 | CN14: =+SUM(CM14:CM17) -> 11752852 | CQ14: 47543 | CR14: Hábil | CS14: 10143 | CT14: 9646 | CU14: 9303 | CV14: 9057 | CW14: 9036 | CX14: 9336 | CY14: 7020 | CZ14: 6345 | DA14: 6111 | DB14: 6315 | DC14: 6668 | DD14: 6629 | DE14: 6060 | DF14: 7219 | DG14: 8794 | DH14: 9692 | DI14: 12377 | DJ14: 13183 | DK14: 13484 | DL14: 13465 | DM14: 13310 | DN14: 12992 | DO14: 12309 | DP14: 11420 | DQ14: =+SUM(CS14:DP14) -> 229914 | DR14: 20 | DS14: =+DQ14*DR14 -> 4598280 | DT14: =+SUM(DS14:DS17) -> 6909161 | DW14: 47908 | DX14: Hábil | DY14: 10097 | DZ14: 9603 | EA14: 9262 | EB14: 9018 | EC14: 8997 | ED14: 9296 | EE14: 7053 | EF14: 6437 | EG14: 6234 | EH14: 6445 | EI14: 6800 | EJ14: 6767 | EK14: 6196 | EL14: 7341 | EM14: 8890 | EN14: 9762 | EO14: 12361 | EP14: 13098 | EQ14: 13397 | ER14: 13379 | ES14: 13225 | ET14: 12908 | EU14: 12230 | EV14: 11347 | EW14: =+SUM(DY14:EV14) -> 230143 | EX14: 20 | EY14: =+EW14*EX14 -> 4602860 | EZ14: =+SUM(EY14:EY17) -> 6917680
B15: Sábado | C15: 13821 | D15: 13132 | E15: 12629 | F15: 12222 | G15: 12032 | H15: 12061 | I15: 12338 | J15: 7840 | K15: 9012 | L15: 9805 | M15: 10425 | N15: 10605 | O15: 9978 | P15: 10122 | Q15: 10608 | R15: 10691 | S15: 10340 | T15: 13380 | U15: 14151 | V15: 14183 | W15: 13926 | X15: 13676 | Y15: 13305 | Z15: 12683 | AA15: =+SUM(C15:Z15) -> 282965 | AB15: 4 | AC15: =+AA15*AB15 -> 1131860 | AG15: Sábado | AH15: 9135 | AI15: 8599 | AJ15: 8198 | AK15: 7875 | AL15: 7705 | AM15: 7673 | AN15: 1930 | AO15: 2737 | AP15: 2150 | AQ15: 2247 | AR15: 2539 | AS15: 2294 | AT15: 2059 | AU15: 2744 | AV15: 4335 | AW15: 5759 | AX15: 12056 | AY15: 10593 | AZ15: 11215 | BA15: 11249 | BB15: 11076 | BC15: 10955 | BD15: 10712 | BE15: 10220 | BF15: =+SUM(AH15:BE15) -> 166055 | BG15: 4 | BH15: =+BF15*BG15 -> 664220 | BL15: Sábado | BM15: 18310 | BN15: 17320 | BO15: 16622 | BP15: 16064 | BQ15: 15820 | BR15: 15874 | BS15: 10732 | BT15: 9371 | BU15: 9367 | BV15: 9725 | BW15: 10287 | BX15: 10085 | BY15: 9522 | BZ15: 10287 | CA15: 12241 | CB15: 13936 | CC15: 19855 | CD15: 21481 | CE15: 22913 | CF15: 23024 | CG15: 22530 | CH15: 22030 | CI15: 21344 | CJ15: 20312 | CK15: =+SUM(BM15:CJ15) -> 379052 | CL15: 5 | CM15: =+CK15*CL15 -> 1895260 | CR15: Sábado | CS15: 10376 | CT15: 9853 | CU15: 9486 | CV15: 9194 | CW15: 9069 | CX15: 9105 | CY15: 6781 | CZ15: 6149 | DA15: 5976 | DB15: 6195 | DC15: 6500 | DD15: 6420 | DE15: 6108 | DF15: 6464 | DG15: 7398 | DH15: 8191 | DI15: 10889 | DJ15: 12173 | DK15: 12953 | DL15: 13015 | DM15: 12740 | DN15: 12455 | DO15: 12073 | DP15: 11515 | DQ15: =+SUM(CS15:DP15) -> 221078 | DR15: 5 | DS15: =+DQ15*DR15 -> 1105390 | DX15: Sábado | DY15: 10328 | DZ15: 9809 | EA15: 9445 | EB15: 9154 | EC15: 9030 | ED15: 9065 | EE15: 6815 | EF15: 6243 | EG15: 6099 | EH15: 6326 | EI15: 6633 | EJ15: 6560 | EK15: 6244 | EL15: 6592 | EM15: 7503 | EN15: 8271 | EO15: 10882 | EP15: 12095 | EQ15: 12870 | ER15: 12931 | ES15: 12659 | ET15: 12375 | EU15: 11997 | EV15: 11442 | EW15: =+SUM(DY15:EV15) -> 221368 | EX15: 5 | EY15: =+EW15*EX15 -> 1106840
B16: Domingo | C16: 13947 | D16: 13266 | E16: 12783 | F16: 12391 | G16: 12147 | H16: 11983 | I16: 11900 | J16: 6451 | K16: 6826 | L16: 7231 | M16: 7448 | N16: 7766 | O16: 7975 | P16: 8096 | Q16: 8401 | R16: 8611 | S16: 8529 | T16: 12041 | U16: 13016 | V16: 13565 | W16: 13710 | X16: 13683 | Y16: 13023 | Z16: 12160 | AA16: =+SUM(C16:Z16) -> 256949 | AB16: 4 | AC16: =+AA16*AB16 -> 1027796 | AG16: Domingo | AH16: 9187 | AI16: 8694 | AJ16: 8319 | AK16: 8021 | AL16: 7828 | AM16: 7652 | AN16: 1645 | AO16: 1492 | AP16: 141 | AQ16: 5 | AR16: 5 | AS16: 5 | AT16: 315 | AU16: 947 | AV16: 2400 | AW16: 3947 | AX16: 10475 | AY16: 9644 | AZ16: 10401 | BA16: 10890 | BB16: 11135 | BC16: 11238 | BD16: 10768 | BE16: 10047 | BF16: =+SUM(AH16:BE16) -> 145201 | BG16: 4 | BH16: =+BF16*BG16 -> 580804 | BL16: Domingo | BM16: 18373 | BN16: 17422 | BO16: 16746 | BP16: 16198 | BQ16: 15872 | BR16: 15666 | BS16: 10005 | BT16: 7334 | BU16: 6152 | BV16: 6060 | BW16: 6066 | BX16: 6141 | BY16: 6769 | BZ16: 7476 | CA16: 9216 | CB16: 11073 | CC16: 17360 | CD16: 19575 | CE16: 21303 | CF16: 22177 | CG16: 22363 | CH16: 22262 | CI16: 21246 | CJ16: 19832 | CK16: =+SUM(BM16:CJ16) -> 342687 | CL16: 4 | CM16: =+CK16*CL16 -> 1370748 | CR16: Domingo | CS16: 10409 | CT16: 9904 | CU16: 9547 | CV16: 9258 | CW16: 9087 | CX16: 8986 | CY16: 6386 | CZ16: 5053 | DA16: 4318 | DB16: 4307 | DC16: 4324 | DD16: 4386 | DE16: 4687 | DF16: 5016 | DG16: 5839 | DH16: 6714 | DI16: 9602 | DJ16: 11143 | DK16: 12085 | DL16: 12548 | DM16: 12629 | DN16: 12553 | DO16: 12001 | DP16: 11242 | DQ16: =+SUM(CS16:DP16) -> 202024 | DR16: 5 | DS16: =+DQ16*DR16 -> 1010120 | DX16: Domingo | DY16: 10361 | DZ16: 9859 | EA16: 9505 | EB16: 9217 | EC16: 9048 | ED16: 8947 | EE16: 6423 | EF16: 5154 | EG16: 4452 | EH16: 4450 | EI16: 4471 | EJ16: 4538 | EK16: 4832 | EL16: 5153 | EM16: 5954 | EN16: 6803 | EO16: 9603 | EP16: 11072 | EQ16: 12007 | ER16: 12468 | ES16: 12548 | ET16: 12473 | EU16: 11924 | EV16: 11171 | EW16: =+SUM(DY16:EV16) -> 202433 | EX16: 5 | EY16: =+EW16*EX16 -> 1012165
B17: Festivo | C17: 12184 | D17: 11498 | E17: 11064 | F17: 10767 | G17: 10641 | H17: 10588 | I17: 10761 | J17: 5765 | K17: 6459 | L17: 7174 | M17: 7803 | N17: 8226 | O17: 8072 | P17: 8331 | Q17: 8502 | R17: 8452 | S17: 8164 | T17: 11577 | U17: 12696 | V17: 13232 | W17: 13262 | X17: 12995 | Y17: 12105 | Z17: 11157 | AA17: =+SUM(C17:Z17) -> 241475 | AB17: 3 | AC17: =+AA17*AB17 -> 724425 | AG17: Festivo | AH17: 7059 | AI17: 6597 | AJ17: 6300 | AK17: 6098 | AL17: 6000 | AM17: 5975 | AN17: 193 | AO17: 506 | AP17: 5 | AQ17: 5 | AR17: 5 | AS17: 5 | AT17: 5 | AU17: 487 | AV17: 1778 | AW17: 3130 | AX17: 9518 | AY17: 8453 | AZ17: 9377 | BA17: 9785 | BB17: 9779 | BC17: 9543 | BD17: 8861 | BE17: 8131 | BF17: =+SUM(AH17:BE17) -> 117595 | BG17: 1 | BH17: =+BF17*BG17 -> 117595 | BL17: Festivo | BM17: 16341 | BN17: 15383 | BO17: 14766 | BP17: 14346 | BQ17: 14134 | BR17: 14090 | BS17: 8761 | BT17: 6690 | BU17: 5940 | BV17: 6244 | BW17: 6756 | BX17: 6829 | BY17: 6894 | BZ17: 7810 | CA17: 9405 | CB17: 10987 | CC17: 16972 | CD17: 19028 | CE17: 20970 | CF17: 21813 | CG17: 21788 | CH17: 21285 | CI17: 19875 | CJ17: 18363 | CK17: =+SUM(BM17:CJ17) -> 325470 | CL17: 3 | CM17: =+CK17*CL17 -> 976410 | CR17: Festivo | CS17: 9455 | CT17: 8941 | CU17: 8611 | CV17: 8386 | CW17: 8272 | CX17: 8248 | CY17: 5819 | CZ17: 4800 | DA17: 4274 | DB17: 4469 | DC17: 4751 | DD17: 4812 | DE17: 4826 | DF17: 5270 | DG17: 6026 | DH17: 6760 | DI17: 9486 | DJ17: 10971 | DK17: 12021 | DL17: 12477 | DM17: 12464 | DN17: 12192 | DO17: 11429 | DP17: 10611 | DQ17: =+SUM(CS17:DP17) -> 195371 | DR17: 1 | DS17: =+DQ17*DR17 -> 195371 | DX17: Festivo | DY17: 9412 | DZ17: 8902 | EA17: 8574 | EB17: 8350 | EC17: 8238 | ED17: 8214 | EE17: 5859 | EF17: 4902 | EG17: 4407 | EH17: 4610 | EI17: 4895 | EJ17: 4962 | EK17: 4971 | EL17: 5405 | EM17: 6140 | EN17: 6849 | EO17: 9488 | EP17: 10901 | EQ17: 11943 | ER17: 12396 | ES17: 12383 | ET17: 12114 | EU17: 11356 | EV17: 10544 | EW17: =+SUM(DY17:EV17) -> 195815 | EX17: 1 | EY17: =+EW17*EX17 -> 195815
A18: 46478 | B18: Hábil | C18: 13992 | D18: 13294 | E18: 12816 | F18: 12480 | G18: 12458 | H18: 12699 | I18: 13103 | J18: 8743 | K18: 10046 | L18: 10896 | M18: 11712 | N18: 12007 | O18: 10883 | P18: 12183 | Q18: 13666 | R18: 13816 | S18: 13314 | T18: 15331 | U18: 15564 | V18: 15449 | W18: 15307 | X18: 14939 | Y18: 14092 | Z18: 13017 | AA18: =+SUM(C18:Z18) -> 311807 | AB18: 22 | AC18: =+AA18*AB18 -> 6859754 | AD18: =+SUM(AC18:AC21) -> 9107066 | AF18: 46844 | AG18: Hábil | AH18: 9430 | AI18: 8891 | AJ18: 8518 | AK18: 8245 | AL18: 8209 | AM18: 8348 | AN18: 2710 | AO18: 3990 | AP18: 3550 | AQ18: 3720 | AR18: 4203 | AS18: 4073 | AT18: 3332 | AU18: 5079 | AV18: 7615 | AW18: 9155 | AX18: 15339 | AY18: 12409 | AZ18: 12595 | BA18: 12538 | BB18: 12528 | BC18: 12287 | BD18: 11612 | BE18: 10724 | BF18: =+SUM(AH18:BE18) -> 199100 | BG18: 18 | BH18: =+BF18*BG18 -> 3583800 | BI18: =+SUM(BH18:BH21) -> 5522251 | BK18: 47209 | BL18: Hábil | BM18: 18715 | BN18: 17721 | BO18: 17040 | BP18: 16563 | BQ18: 16509 | BR18: 16748 | BS18: 11771 | BT18: 10675 | BU18: 10876 | BV18: 11391 | BW18: 12232 | BX18: 12231 | BY18: 10989 | BZ18: 13414 | CA18: 16839 | CB18: 18709 | CC18: 24440 | CD18: 24703 | CE18: 25125 | CF18: 25011 | CG18: 24819 | CH18: 24215 | CI18: 22879 | CJ18: 21115 | CK18: =+SUM(BM18:CJ18) -> 424730 | CL18: 21 | CM18: =+CK18*CL18 -> 8919330 | CN18: =+SUM(CM18:CM21) -> 12311398 | CQ18: 47574 | CR18: Hábil | CS18: 10786 | CT18: 10251 | CU18: 9886 | CV18: 9631 | CW18: 9603 | CX18: 9732 | CY18: 7500 | CZ18: 7023 | DA18: 6952 | DB18: 7265 | DC18: 7725 | DD18: 7755 | DE18: 7085 | DF18: 8311 | DG18: 10018 | DH18: 10899 | DI18: 13490 | DJ18: 14143 | DK18: 14378 | DL18: 14314 | DM18: 14197 | DN18: 13857 | DO18: 13125 | DP18: 12158 | DQ18: =+SUM(CS18:DP18) -> 250084 | DR18: 20 | DS18: =+DQ18*DR18 -> 5001680 | DT18: =+SUM(DS18:DS21) -> 7184884 | DW18: 47939 | DX18: Hábil | DY18: 10729 | DZ18: 10198 | EA18: 9835 | EB18: 9582 | EC18: 9554 | ED18: 9683 | EE18: 7523 | EF18: 7104 | EG18: 7062 | EH18: 7383 | EI18: 7844 | EJ18: 7879 | EK18: 7209 | EL18: 8420 | EM18: 10098 | EN18: 10953 | EO18: 13458 | EP18: 14045 | EQ18: 14278 | ER18: 14215 | ES18: 14098 | ET18: 13761 | EU18: 13034 | EV18: 12075 | EW18: =+SUM(DY18:EV18) -> 250020 | EX18: 20 | EY18: =+EW18*EX18 -> 5000400 | EZ18: =+SUM(EY18:EY21) -> 7209944
B19: Sábado | C19: 14232 | D19: 13545 | E19: 13037 | F19: 12629 | G19: 12472 | H19: 12301 | I19: 12721 | J19: 8232 | K19: 9606 | L19: 10480 | M19: 11171 | N19: 11473 | O19: 10888 | P19: 11036 | Q19: 11499 | R19: 11520 | S19: 11032 | T19: 14022 | U19: 14747 | V19: 14572 | W19: 14230 | X19: 13855 | Y19: 13375 | Z19: 12744 | AA19: =+SUM(C19:Z19) -> 295419 | AB19: 4 | AC19: =+AA19*AB19 -> 1181676 | AG19: Sábado | AH19: 9520 | AI19: 8990 | AJ19: 8614 | AK19: 8299 | AL19: 8152 | AM19: 7995 | AN19: 2357 | AO19: 3415 | AP19: 3021 | AQ19: 3217 | AR19: 3545 | AS19: 3485 | AT19: 3249 | AU19: 3947 | AV19: 5553 | AW19: 6972 | AX19: 13159 | AY19: 11255 | AZ19: 11849 | BA19: 11749 | BB19: 11530 | BC19: 11284 | BD19: 10917 | BE19: 10378 | BF19: =+SUM(AH19:BE19) -> 182452 | BG19: 5 | BH19: =+BF19*BG19 -> 912260 | BL19: Sábado | BM19: 18967 | BN19: 17967 | BO19: 17238 | BP19: 16690 | BQ19: 16463 | BR19: 16188 | BS19: 11201 | BT19: 9875 | BU19: 10130 | BV19: 10684 | BW19: 11286 | BX19: 11269 | BY19: 10807 | BZ19: 11665 | CA19: 13707 | CB19: 15357 | CC19: 21104 | CD19: 22483 | CE19: 23794 | CF19: 23646 | CG19: 23130 | CH19: 22568 | CI19: 21806 | CJ19: 20757 | CK19: =+SUM(BM19:CJ19) -> 398782 | CL19: 4 | CM19: =+CK19*CL19 -> 1595128 | CR19: Sábado | CS19: 10929 | CT19: 10391 | CU19: 9996 | CV19: 9703 | CW19: 9584 | CX19: 9437 | CY19: 7199 | CZ19: 6600 | DA19: 6569 | DB19: 6903 | DC19: 7238 | DD19: 7251 | DE19: 6989 | DF19: 7398 | DG19: 8385 | DH19: 9149 | DI19: 11749 | DJ19: 12933 | DK19: 13659 | DL19: 13579 | DM19: 13291 | DN19: 12977 | DO19: 12557 | DP19: 11985 | DQ19: =+SUM(CS19:DP19) -> 236451 | DR19: 4 | DS19: =+DQ19*DR19 -> 945804 | DX19: Sábado | DY19: 10871 | DZ19: 10336 | EA19: 9945 | EB19: 9653 | EC19: 9535 | ED19: 9390 | EE19: 7225 | EF19: 6684 | EG19: 6682 | EH19: 7024 | EI19: 7360 | EJ19: 7379 | EK19: 7114 | EL19: 7513 | EM19: 8476 | EN19: 9215 | EO19: 11729 | EP19: 12844 | EQ19: 13565 | ER19: 13485 | ES19: 13199 | ET19: 12888 | EU19: 12471 | EV19: 11902 | EW19: =+SUM(DY19:EV19) -> 236485 | EX19: 4 | EY19: =+EW19*EX19 -> 945940
B20: Domingo | C20: 14252 | D20: 13510 | E20: 12970 | F20: 12545 | G20: 12292 | H20: 11967 | I20: 12034 | J20: 6749 | K20: 7233 | L20: 7732 | M20: 8107 | N20: 8577 | O20: 8732 | P20: 8845 | Q20: 9161 | R20: 9321 | S20: 9152 | T20: 12549 | U20: 13539 | V20: 13941 | W20: 13858 | X20: 13803 | Y20: 13222 | Z20: 12318 | AA20: =+SUM(C20:Z20) -> 266409 | AB20: 4 | AC20: =+AA20*AB20 -> 1065636 | AG20: Domingo | AH20: 9482 | AI20: 8935 | AJ20: 8537 | AK20: 8210 | AL20: 8009 | AM20: 7732 | AN20: 1846 | AO20: 2036 | AP20: 761 | AQ20: 641 | AR20: 716 | AS20: 744 | AT20: 1242 | AU20: 1890 | AV20: 3349 | AW20: 4883 | AX20: 11362 | AY20: 10112 | AZ20: 10966 | BA20: 11343 | BB20: 11364 | BC20: 11383 | BD20: 10920 | BE20: 10134 | BF20: =+SUM(AH20:BE20) -> 156597 | BG20: 5 | BH20: =+BF20*BG20 -> 782985 | BL20: Domingo | BM20: 19025 | BN20: 17989 | BO20: 17234 | BP20: 16631 | BQ20: 16287 | BR20: 15810 | BS20: 10371 | BT20: 7902 | BU20: 6766 | BV20: 6798 | BW20: 7028 | BX20: 7223 | BY20: 7833 | BZ20: 8594 | CA20: 10394 | CB20: 12254 | CC20: 18431 | CD20: 20371 | CE20: 22076 | CF20: 22774 | CG20: 22778 | CH20: 22701 | CI20: 21782 | CJ20: 20336 | CK20: =+SUM(BM20:CJ20) -> 359388 | CL20: 5 | CM20: =+CK20*CL20 -> 1796940 | CR20: Domingo | CS20: 10969 | CT20: 10409 | CU20: 10001 | CV20: 9677 | CW20: 9494 | CX20: 9239 | CY20: 6758 | CZ20: 5542 | DA20: 4819 | DB20: 4878 | DC20: 5018 | DD20: 5149 | DE20: 5441 | DF20: 5800 | DG20: 6659 | DH20: 7535 | DI20: 10359 | DJ20: 11784 | DK20: 12717 | DL20: 13096 | DM20: 13093 | DN20: 13043 | DO20: 12539 | DP20: 11754 | DQ20: =+SUM(CS20:DP20) -> 215773 | DR20: 4 | DS20: =+DQ20*DR20 -> 863092 | DX20: Domingo | DY20: 10911 | DZ20: 10355 | EA20: 9950 | EB20: 9628 | EC20: 9446 | ED20: 9193 | EE20: 6786 | EF20: 5634 | EG20: 4944 | EH20: 5012 | EI20: 5156 | EJ20: 5291 | EK20: 5577 | EL20: 5926 | EM20: 6762 | EN20: 7612 | EO20: 10348 | EP20: 11703 | EQ20: 12629 | ER20: 13005 | ES20: 13002 | ET20: 12952 | EU20: 12452 | EV20: 11673 | EW20: =+SUM(DY20:EV20) -> 215947 | EX20: 4 | EY20: =+EW20*EX20 -> 863788
B21: Festivo | C21: 0 | D21: 0 | E21: 0 | F21: 0 | G21: 0 | H21: 0 | I21: 0 | J21: 0 | K21: 0 | L21: 0 | M21: 0 | N21: 0 | O21: 0 | P21: 0 | Q21: 0 | R21: 0 | S21: 0 | T21: 0 | U21: 0 | V21: 0 | W21: 0 | X21: 0 | Y21: 0 | Z21: 0 | AA21: =+SUM(C21:Z21) -> 0 | AB21: 0 | AC21: =+AA21*AB21 -> 0 | AG21: Festivo | AH21: 8098 | AI21: 7616 | AJ21: 7273 | AK21: 7026 | AL21: 6864 | AM21: 6624 | AN21: 804 | AO21: 672 | AP21: 5 | AQ21: 5 | AR21: 5 | AS21: 5 | AT21: 5 | AU21: 5 | AV21: 1059 | AW21: 2496 | AX21: 9077 | AY21: 8349 | AZ21: 9294 | BA21: 9584 | BB21: 9527 | BC21: 9430 | BD21: 9137 | BE21: 8643 | BF21: =+SUM(AH21:BE21) -> 121603 | BG21: 2 | BH21: =+BF21*BG21 -> 243206 | BL21: Festivo | BM21: 0 | BN21: 0 | BO21: 0 | BP21: 0 | BQ21: 0 | BR21: 0 | BS21: 0 | BT21: 0 | BU21: 0 | BV21: 0 | BW21: 0 | BX21: 0 | BY21: 0 | BZ21: 0 | CA21: 0 | CB21: 0 | CC21: 0 | CD21: 0 | CE21: 0 | CF21: 0 | CG21: 0 | CH21: 0 | CI21: 0 | CJ21: 0 | CK21: =+SUM(BM21:CJ21) -> 0 | CL21: 0 | CM21: =+CK21*CL21 -> 0 | CR21: Festivo | CS21: 10100 | CT21: 9585 | CU21: 9219 | CV21: 8957 | CW21: 8786 | CX21: 8526 | CY21: 6059 | CZ21: 4630 | DA21: 3682 | DB21: 3490 | DC21: 3502 | DD21: 3547 | DE21: 3903 | DF21: 4269 | DG21: 5134 | DH21: 5921 | DI21: 8809 | DJ21: 10428 | DK21: 11463 | DL21: 11778 | DM21: 11720 | DN21: 11612 | DO21: 11287 | DP21: 10747 | DQ21: =+SUM(CS21:DP21) -> 187154 | DR21: 2 | DS21: =+DQ21*DR21 -> 374308 | DX21: Festivo | DY21: 10642 | DZ21: 10131 | EA21: 9767 | EB21: 9507 | EC21: 9337 | ED21: 9079 | EE21: 6686 | EF21: 5439 | EG21: 4526 | EH21: 4344 | EI21: 4361 | EJ21: 4411 | EK21: 4760 | EL21: 5116 | EM21: 5958 | EN21: 6719 | EO21: 9519 | EP21: 10516 | EQ21: 11543 | ER21: 11856 | ES21: 11799 | ET21: 11691 | EU21: 11368 | EV21: 10833 | EW21: =+SUM(DY21:EV21) -> 199908 | EX21: 2 | EY21: =+EW21*EX21 -> 399816
A22: 46508 | B22: Hábil | C22: 14274 | D22: 13597 | E22: 13088 | F22: 12730 | G22: 12633 | H22: 12588 | I22: 13023 | J22: 8733 | K22: 10119 | L22: 11025 | M22: 11805 | N22: 12045 | O22: 10945 | P22: 12284 | Q22: 13739 | R22: 13794 | S22: 13243 | T22: 15268 | U22: 15302 | V22: 15272 | W22: 15275 | X22: 15011 | Y22: 14229 | Z22: 13209 | AA22: =+SUM(C22:Z22) -> 313231 | AB22: 19 | AC22: =+AA22*AB22 -> 5951389 | AD22: =+SUM(AC22:AC25) -> 9224636 | AF22: 46874 | AG22: Hábil | AH22: 9335 | AI22: 8839 | AJ22: 8461 | AK22: 8199 | AL22: 8120 | AM22: 8052 | AN22: 2460 | AO22: 3688 | AP22: 3321 | AQ22: 3542 | AR22: 3960 | AS22: 3805 | AT22: 3139 | AU22: 4798 | AV22: 7248 | AW22: 8665 | AX22: 14798 | AY22: 11999 | AZ22: 12154 | BA22: 12176 | BB22: 12192 | BC22: 12003 | BD22: 11401 | BE22: 10563 | BF22: =+SUM(AH22:BE22) -> 192918 | BG22: 21 | BH22: =+BF22*BG22 -> 4051278 | BI22: =+SUM(BH22:BH25) -> 5625848 | BK22: 47239 | BL22: Hábil | BM22: 18768 | BN22: 17825 | BO22: 17133 | BP22: 16648 | BQ22: 16523 | BR22: 16410 | BS22: 11532 | BT22: 10518 | BU22: 10888 | BV22: 11474 | BW22: 12256 | BX22: 12189 | BY22: 10995 | BZ22: 13336 | CA22: 16646 | CB22: 18338 | CC22: 23989 | CD22: 24162 | CE22: 24498 | CF22: 24526 | CG22: 24444 | CH22: 23951 | CI22: 22694 | CJ22: 21034 | CK22: =+SUM(BM22:CJ22) -> 420777 | CL22: 21 | CM22: =+CK22*CL22 -> 8836317 | CN22: =+SUM(CM22:CM25) -> 12519647 | CQ22: 47604 | CR22: Hábil | CS22: 10637 | CT22: 10136 | CU22: 9770 | CV22: 9513 | CW22: 9448 | CX22: 9390 | CY22: 7204 | CZ22: 6746 | DA22: 6746 | DB22: 7084 | DC22: 7505 | DD22: 7494 | DE22: 6858 | DF22: 8032 | DG22: 9666 | DH22: 10458 | DI22: 13016 | DJ22: 13630 | DK22: 13809 | DL22: 13823 | DM22: 13771 | DN22: 13498 | DO22: 12817 | DP22: 11924 | DQ22: =+SUM(CS22:DP22) -> 242975 | DR22: 22 | DS22: =+DQ22*DR22 -> 5345450 | DT22: =+SUM(DS22:DS25) -> 7305753 | DW22: 47969 | DX22: Hábil | DY22: 10639 | DZ22: 10139 | EA22: 9773 | EB22: 9517 | EC22: 9452 | ED22: 9395 | EE22: 7283 | EF22: 6890 | EG22: 6924 | EH22: 7272 | EI22: 7697 | EJ22: 7693 | EK22: 7053 | EL22: 8217 | EM22: 9828 | EN22: 10595 | EO22: 13064 | EP22: 13607 | EQ22: 13785 | ER22: 13798 | ES22: 13747 | ET22: 13475 | EU22: 12796 | EV22: 11904 | EW22: =+SUM(DY22:EV22) -> 244543 | EX22: 20 | EY22: =+EW22*EX22 -> 4890860 | EZ22: =+SUM(EY22:EY25) -> 7301861
B23: Sábado | C23: 14675 | D23: 13903 | E23: 13324 | F23: 12894 | G23: 12704 | H23: 12348 | I23: 12831 | J23: 8380 | K23: 9824 | L23: 10808 | M23: 11513 | N23: 11708 | O23: 11071 | P23: 11228 | Q23: 11633 | R23: 11563 | S23: 11040 | T23: 13774 | U23: 14409 | V23: 14493 | W23: 14204 | X23: 13947 | Y23: 13546 | Z23: 12886 | AA23: =+SUM(C23:Z23) -> 298706 | AB23: 4 | AC23: =+AA23*AB23 -> 1194824 | AG23: Sábado | AH23: 9700 | AI23: 9108 | AJ23: 8657 | AK23: 8331 | AL23: 8181 | AM23: 7926 | AN23: 2313 | AO23: 3318 | AP23: 2997 | AQ23: 3290 | AR23: 3605 | AS23: 3367 | AT23: 3051 | AU23: 3676 | AV23: 5151 | AW23: 6505 | AX23: 12699 | AY23: 10751 | AZ23: 11413 | BA23: 11504 | BB23: 11299 | BC23: 11112 | BD23: 10798 | BE23: 10276 | BF23: =+SUM(AH23:BE23) -> 179028 | BG23: 4 | BH23: =+BF23*BG23 -> 716112 | BL23: Sábado | BM23: 19471 | BN23: 18406 | BO23: 17626 | BP23: 17018 | BQ23: 16773 | BR23: 16277 | BS23: 11326 | BT23: 10027 | BU23: 10436 | BV23: 11090 | BW23: 11697 | BX23: 11519 | BY23: 10929 | BZ23: 11703 | CA23: 13567 | CB23: 15193 | CC23: 20883 | CD23: 21985 | CE23: 23222 | CF23: 23401 | CG23: 22982 | CH23: 22548 | CI23: 21855 | CJ23: 20829 | CK23: =+SUM(BM23:CJ23) -> 400763 | CL23: 4 | CM23: =+CK23*CL23 -> 1603052 | CR23: Sábado | CS23: 11008 | CT23: 10446 | CU23: 10037 | CV23: 9715 | CW23: 9587 | CX23: 9322 | CY23: 7098 | CZ23: 6493 | DA23: 6518 | DB23: 6888 | DC23: 7219 | DD23: 7153 | DE23: 6834 | DF23: 7203 | DG23: 8097 | DH23: 8856 | DI23: 11430 | DJ23: 12475 | DK23: 13133 | DL23: 13229 | DM23: 13002 | DN23: 12764 | DO23: 12387 | DP23: 11835 | DQ23: =+SUM(CS23:DP23) -> 232729 | DR23: 4 | DS23: =+DQ23*DR23 -> 930916 | DX23: Sábado | DY23: 11009 | DZ23: 10448 | EA23: 10040 | EB23: 9718 | EC23: 9590 | ED23: 9327 | EE23: 7177 | EF23: 6637 | EG23: 6696 | EH23: 7077 | EI23: 7412 | EJ23: 7353 | EK23: 7029 | EL23: 7389 | EM23: 8262 | EN23: 8995 | EO23: 11481 | EP23: 12454 | EQ23: 13110 | ER23: 13206 | ES23: 12980 | ET23: 12742 | EU23: 12366 | EV23: 11815 | EW23: =+SUM(DY23:EV23) -> 234313 | EX23: 5 | EY23: =+EW23*EX23 -> 1171565
B24: Domingo | C24: 14263 | D24: 13615 | E24: 13107 | F24: 12691 | G24: 12419 | H24: 11878 | I24: 12099 | J24: 6800 | K24: 7250 | L24: 7749 | M24: 8172 | N24: 8464 | O24: 8410 | P24: 8422 | Q24: 8794 | R24: 8905 | S24: 8760 | T24: 12249 | U24: 13170 | V24: 13608 | W24: 13730 | X24: 13813 | Y24: 13376 | Z24: 12581 | AA24: =+SUM(C24:Z24) -> 264325 | AB24: 5 | AC24: =+AA24*AB24 -> 1321625 | AG24: Domingo | AH24: 9287 | AI24: 8816 | AJ24: 8456 | AK24: 8144 | AL24: 7934 | AM24: 7551 | AN24: 1768 | AO24: 1889 | AP24: 615 | AQ24: 431 | AR24: 549 | AS24: 430 | AT24: 724 | AU24: 1194 | AV24: 2641 | AW24: 4083 | AX24: 10570 | AY24: 9437 | AZ24: 10305 | BA24: 10716 | BB24: 10837 | BC24: 10914 | BD24: 10561 | BE24: 9898 | BF24: =+SUM(AH24:BE24) -> 147750 | BG24: 4 | BH24: =+BF24*BG24 -> 591000 | BL24: Domingo | BM24: 18908 | BN24: 17989 | BO24: 17292 | BP24: 16714 | BQ24: 16346 | BR24: 15594 | BS24: 10357 | BT24: 7808 | BU24: 6705 | BV24: 6731 | BW24: 7005 | BX24: 6988 | BY24: 7314 | BZ24: 7923 | CA24: 9741 | CB24: 11474 | CC24: 17656 | CD24: 19606 | CE24: 21264 | CF24: 22055 | CG24: 22212 | CH24: 22237 | CI24: 21486 | CJ24: 20191 | CK24: =+SUM(BM24:CJ24) -> 351596 | CL24: 4 | CM24: =+CK24*CL24 -> 1406384 | CR24: Domingo | CS24: 10724 | CT24: 10234 | CU24: 9863 | CV24: 9557 | CW24: 9363 | CX24: 8962 | CY24: 6587 | CZ24: 5307 | DA24: 4598 | DB24: 4652 | DC24: 4808 | DD24: 4823 | DE24: 4971 | DF24: 5261 | DG24: 6131 | DH24: 6945 | DI24: 9776 | DJ24: 11210 | DK24: 12095 | DL24: 12518 | DM24: 12597 | DN24: 12604 | DO24: 12196 | DP24: 11501 | DQ24: =+SUM(CS24:DP24) -> 207283 | DR24: 4 | DS24: =+DQ24*DR24 -> 829132 | DX24: Domingo | DY24: 10725 | DZ24: 10236 | EA24: 9866 | EB24: 9561 | EC24: 9367 | ED24: 8967 | EE24: 6666 | EF24: 5454 | EG24: 4779 | EH24: 4845 | EI24: 5006 | EJ24: 5027 | EK24: 5169 | EL24: 5450 | EM24: 6299 | EN24: 7087 | EO24: 9829 | EP24: 11191 | EQ24: 12075 | ER24: 12497 | ES24: 12576 | ET24: 12582 | EU24: 12176 | EV24: 11482 | EW24: =+SUM(DY24:EV24) -> 208912 | EX24: 4 | EY24: =+EW24*EX24 -> 835648
B25: Festivo | C25: 12848 | D25: 12207 | E25: 11745 | F25: 11401 | G25: 11238 | H25: 10856 | I25: 11182 | J25: 6094 | K25: 6751 | L25: 7443 | M25: 8025 | N25: 8422 | O25: 8345 | P25: 8552 | Q25: 8863 | R25: 8941 | S25: 8628 | T25: 11904 | U25: 12925 | V25: 13590 | W25: 13726 | X25: 13635 | Y25: 12942 | Z25: 12003 | AA25: =+SUM(C25:Z25) -> 252266 | AB25: 3 | AC25: =+AA25*AB25 -> 756798 | AG25: Festivo | AH25: 7905 | AI25: 7449 | AJ25: 7124 | AK25: 6887 | AL25: 6778 | AM25: 6522 | AN25: 859 | AO25: 1124 | AP25: 37 | AQ25: 69 | AR25: 335 | AS25: 306 | AT25: 525 | AU25: 1201 | AV25: 2621 | AW25: 4046 | AX25: 10406 | AY25: 9115 | AZ25: 9981 | BA25: 10471 | BB25: 10532 | BC25: 10410 | BD25: 9871 | BE25: 9155 | BF25: =+SUM(AH25:BE25) -> 133729 | BG25: 2 | BH25: =+BF25*BG25 -> 267458 | BL25: Festivo | BM25: 16987 | BN25: 16083 | BO25: 15440 | BP25: 14974 | BQ25: 14761 | BR25: 14263 | BS25: 9162 | BT25: 6987 | BU25: 6183 | BV25: 6489 | BW25: 7025 | BX25: 7126 | BY25: 7331 | BZ25: 8198 | CA25: 9990 | CB25: 11680 | CC25: 17639 | CD25: 19339 | CE25: 21066 | CF25: 22020 | CG25: 22123 | CH25: 21868 | CI25: 20807 | CJ25: 19406 | CK25: =+SUM(BM25:CJ25) -> 336947 | CL25: 2 | CM25: =+CK25*CL25 -> 673894 | CR25: Festivo | CS25: 9749 | CT25: 9266 | CU25: 8924 | CV25: 8675 | CW25: 8561 | CX25: 8295 | CY25: 5986 | CZ25: 4905 | DA25: 4355 | DB25: 4549 | DC25: 4842 | DD25: 4917 | DE25: 5003 | DF25: 5421 | DG25: 6279 | DH25: 7069 | DI25: 9783 | DJ25: 11088 | DK25: 12017 | DL25: 12531 | DM25: 12587 | DN25: 12450 | DO25: 11879 | DP25: 11124 | DQ25: =+SUM(CS25:DP25) -> 200255 | DR25: 1 | DS25: =+DQ25*DR25 -> 200255 | DX25: Festivo | DY25: 9753 | DZ25: 9271 | EA25: 8929 | EB25: 8680 | EC25: 8566 | ED25: 8301 | EE25: 6067 | EF25: 5052 | EG25: 4537 | EH25: 4742 | EI25: 5039 | EJ25: 5121 | EK25: 5201 | EL25: 5610 | EM25: 6446 | EN25: 7211 | EO25: 9836 | EP25: 11069 | EQ25: 11996 | ER25: 12509 | ES25: 12565 | ET25: 12429 | EU25: 11859 | EV25: 11105 | EW25: =+SUM(DY25:EV25) -> 201894 | EX25: 2 | EY25: =+EW25*EX25 -> 403788
A26: 46539 | B26: Hábil | C26: 14742 | D26: 14029 | E26: 13491 | F26: 13127 | G26: 13026 | H26: 12929 | I26: 13541 | J26: 9379 | K26: 10800 | L26: 11665 | M26: 12431 | N26: 12748 | O26: 11528 | P26: 12778 | Q26: 14143 | R26: 14253 | S26: 13772 | T26: 15578 | U26: 15571 | V26: 15638 | W26: 15535 | X26: 15223 | Y26: 14478 | Z26: 13472 | AA26: =+SUM(C26:Z26) -> 323877 | AB26: 21 | AC26: =+AA26*AB26 -> 6801417 | AD26: =+SUM(AC26:AC29) -> 9410160 | AF26: 46905 | AG26: Hábil | AH26: 9603 | AI26: 9073 | AJ26: 8672 | AK26: 8401 | AL26: 8314 | AM26: 8206 | AN26: 2727 | AO26: 4132 | AP26: 3791 | AQ26: 3954 | AR26: 4345 | AS26: 4237 | AT26: 3429 | AU26: 5041 | AV26: 7432 | AW26: 8919 | AX26: 15154 | AY26: 12292 | AZ26: 12389 | BA26: 12479 | BB26: 12425 | BC26: 12201 | BD26: 11608 | BE26: 10778 | BF26: =+SUM(AH26:BE26) -> 199602 | BG26: 20 | BH26: =+BF26*BG26 -> 3992040 | BI26: =+SUM(BH26:BH29) -> 5680978 | BK26: 47270 | BL26: Hábil | BM26: 19434 | BN26: 18424 | BO26: 17683 | BP26: 17174 | BQ26: 17045 | BR26: 16868 | BS26: 12201 | BT26: 11362 | BU26: 11778 | BV26: 12314 | BW26: 13082 | BX26: 13090 | BY26: 11714 | BZ26: 14024 | CA26: 17339 | CB26: 19148 | CC26: 24907 | CD26: 25105 | CE26: 25229 | CF26: 25428 | CG26: 25202 | CH26: 24609 | CI26: 23370 | CJ26: 21708 | CK26: =+SUM(BM26:CJ26) -> 438238 | CL26: 19 | CM26: =+CK26*CL26 -> 8326522 | CN26: =+SUM(CM26:CM29) -> 12612178 | CQ26: 47635 | CR26: Hábil | CS26: 11107 | CT26: 10566 | CU26: 10170 | CV26: 9898 | CW26: 9831 | CX26: 9739 | CY26: 7670 | CZ26: 7323 | DA26: 7341 | DB26: 7663 | DC26: 8083 | DD26: 8115 | DE26: 7380 | DF26: 8547 | DG26: 10196 | DH26: 11047 | DI26: 13653 | DJ26: 14283 | DK26: 14343 | DL26: 14452 | DM26: 14321 | DN26: 13990 | DO26: 13314 | DP26: 12410 | DQ26: =+SUM(CS26:DP26) -> 255442 | DR26: 18 | DS26: =+DQ26*DR26 -> 4597956 | DT26: =+SUM(DS26:DS29) -> 7344025 | DW26: 48000 | DX26: Hábil | DY26: 11079 | DZ26: 10541 | EA26: 10147 | EB26: 9875 | EC26: 9809 | ED26: 9717 | EE26: 7721 | EF26: 7436 | EG26: 7486 | EH26: 7816 | EI26: 8240 | EJ26: 8277 | EK26: 7540 | EL26: 8695 | EM26: 10318 | EN26: 11143 | EO26: 13661 | EP26: 14220 | EQ26: 14280 | ER26: 14388 | ES26: 14258 | ET26: 13929 | EU26: 13255 | EV26: 12356 | EW26: =+SUM(DY26:EV26) -> 256187 | EX26: 18 | EY26: =+EW26*EX26 -> 4611366 | EZ26: =+SUM(EY26:EY29) -> 7339407
B27: Sábado | C27: 14860 | D27: 14166 | E27: 13637 | F27: 13237 | G27: 13100 | H27: 12767 | I27: 13352 | J27: 9014 | K27: 10394 | L27: 11279 | M27: 11931 | N27: 12128 | O27: 11392 | P27: 11410 | Q27: 12008 | R27: 12116 | S27: 11640 | T27: 14362 | U27: 14908 | V27: 14964 | W27: 14652 | X27: 14322 | Y27: 13885 | Z27: 13260 | AA27: =+SUM(C27:Z27) -> 308784 | AB27: 4 | AC27: =+AA27*AB27 -> 1235136 | AG27: Sábado | AH27: 9796 | AI27: 9291 | AJ27: 8883 | AK27: 8587 | AL27: 8475 | AM27: 8220 | AN27: 2738 | AO27: 3901 | AP27: 3492 | AQ27: 3638 | AR27: 3967 | AS27: 3764 | AT27: 3391 | AU27: 3856 | AV27: 5568 | AW27: 7082 | AX27: 13296 | AY27: 11463 | AZ27: 11946 | BA27: 12039 | BB27: 11790 | BC27: 11570 | BD27: 11241 | BE27: 10739 | BF27: =+SUM(AH27:BE27) -> 188733 | BG27: 4 | BH27: =+BF27*BG27 -> 754932 | BL27: Sábado | BM27: 19762 | BN27: 18780 | BO27: 18037 | BP27: 17488 | BQ27: 17298 | BR27: 16819 | BS27: 12080 | BT27: 10865 | BU27: 11195 | BV27: 11753 | BW27: 12380 | BX27: 12241 | BY27: 11556 | BZ27: 12135 | CA27: 14234 | CB27: 15994 | CC27: 21768 | CD27: 23085 | CE27: 24089 | CF27: 24391 | CG27: 23877 | CH27: 23343 | CI27: 22615 | CJ27: 21587 | CK27: =+SUM(BM27:CJ27) -> 417372 | CL27: 5 | CM27: =+CK27*CL27 -> 2086860 | CR27: Sábado | CS27: 11277 | CT27: 10749 | CU27: 10354 | CV27: 10060 | CW27: 9960 | CX27: 9704 | CY27: 7592 | CZ27: 7039 | DA27: 7029 | DB27: 7366 | DC27: 7710 | DD27: 7665 | DE27: 7290 | DF27: 7562 | DG27: 8570 | DH27: 9389 | DI27: 12006 | DJ27: 13160 | DK27: 13707 | DL27: 13877 | DM27: 13596 | DN27: 13299 | DO27: 12899 | DP27: 12338 | DQ27: =+SUM(CS27:DP27) -> 244198 | DR27: 5 | DS27: =+DQ27*DR27 -> 1220990 | DX27: Sábado | DY27: 11248 | DZ27: 10723 | EA27: 10329 | EB27: 10037 | EC27: 9937 | ED27: 9682 | EE27: 7644 | EF27: 7153 | EG27: 7175 | EH27: 7521 | EI27: 7868 | EJ27: 7829 | EK27: 7451 | EL27: 7714 | EM27: 8699 | EN27: 9492 | EO27: 12022 | EP27: 13103 | EQ27: 13647 | ER27: 13815 | ES27: 13537 | ET27: 13241 | EU27: 12842 | EV27: 12285 | EW27: =+SUM(DY27:EV27) -> 244994 | EX27: 4 | EY27: =+EW27*EX27 -> 979976
B28: Domingo | C28: 14792 | D28: 14146 | E28: 13645 | F28: 13228 | G28: 12987 | H28: 12459 | I28: 12656 | J28: 7402 | K28: 7732 | L28: 8342 | M28: 8541 | N28: 8817 | O28: 8914 | P28: 8957 | Q28: 9243 | R28: 9388 | S28: 9328 | T28: 12538 | U28: 13435 | V28: 14121 | W28: 14219 | X28: 14293 | Y28: 13921 | Z28: 13228 | AA28: =+SUM(C28:Z28) -> 276332 | AB28: 4 | AC28: =+AA28*AB28 -> 1105328 | AG28: Domingo | AH28: 9676 | AI28: 9196 | AJ28: 8826 | AK28: 8517 | AL28: 8339 | AM28: 7943 | AN28: 2152 | AO28: 2387 | AP28: 925 | AQ28: 920 | AR28: 760 | AS28: 664 | AT28: 1107 | AU28: 1681 | AV28: 3127 | AW28: 4659 | AX28: 11280 | AY28: 10117 | AZ28: 10951 | BA28: 11512 | BB28: 11597 | BC28: 11672 | BD28: 11402 | BE28: 10830 | BF28: =+SUM(AH28:BE28) -> 160240 | BG28: 4 | BH28: =+BF28*BG28 -> 640960 | BL28: Domingo | BM28: 19631 | BN28: 18686 | BO28: 17986 | BP28: 17423 | BQ28: 17086 | BR28: 16355 | BS28: 11095 | BT28: 8628 | BU28: 7320 | BV28: 7487 | BW28: 7454 | BX28: 7394 | BY28: 7890 | BZ28: 8518 | CA28: 10246 | CB28: 12059 | CC28: 18420 | CD28: 20348 | CE28: 21927 | CF28: 23105 | CG28: 23195 | CH28: 23128 | CI28: 22447 | CJ28: 21262 | CK28: =+SUM(BM28:CJ28) -> 369090 | CL28: 4 | CM28: =+CK28*CL28 -> 1476360 | CR28: Domingo | CS28: 11214 | CT28: 10706 | CU28: 10331 | CV28: 10031 | CW28: 9851 | CX28: 9460 | CY28: 7074 | CZ28: 5846 | DA28: 5029 | DB28: 5151 | DC28: 5160 | DD28: 5150 | DE28: 5381 | DF28: 5669 | DG28: 6486 | DH28: 7335 | DI28: 10253 | DJ28: 11667 | DK28: 12517 | DL28: 13160 | DM28: 13205 | DN28: 13156 | DO28: 12777 | DP28: 12130 | DQ28: =+SUM(CS28:DP28) -> 218739 | DR28: 5 | DS28: =+DQ28*DR28 -> 1093695 | DX28: Domingo | DY28: 11185 | DZ28: 10680 | EA28: 10307 | EB28: 10008 | EC28: 9828 | ED28: 9440 | EE28: 7128 | EF28: 5966 | EG28: 5184 | EH28: 5315 | EI28: 5330 | EJ28: 5325 | EK28: 5550 | EL28: 5829 | EM28: 6624 | EN28: 7447 | EO28: 10276 | EP28: 11616 | EQ28: 12462 | ER28: 13103 | ES28: 13147 | ET28: 13098 | EU28: 12721 | EV28: 12078 | EW28: =+SUM(DY28:EV28) -> 219647 | EX28: 5 | EY28: =+EW28*EX28 -> 1098235
B29: Festivo | C29: 13524 | D29: 12893 | E29: 12446 | F29: 12082 | G29: 11937 | H29: 11551 | I29: 11878 | J29: 6992 | K29: 7830 | L29: 8645 | M29: 9239 | N29: 9556 | O29: 9353 | P29: 9448 | Q29: 9676 | R29: 9622 | S29: 9240 | T29: 12274 | U29: 13112 | V29: 13949 | W29: 13918 | X29: 13755 | Y29: 13124 | Z29: 12235 | AA29: =+SUM(C29:Z29) -> 268279 | AB29: 1 | AC29: =+AA29*AB29 -> 268279 | AG29: Festivo | AH29: 8340 | AI29: 7880 | AJ29: 7561 | AK29: 7306 | AL29: 7210 | AM29: 6937 | AN29: 1277 | AO29: 1762 | AP29: 785 | AQ29: 899 | AR29: 1195 | AS29: 1122 | AT29: 1266 | AU29: 1886 | AV29: 3248 | AW29: 4598 | AX29: 10921 | AY29: 9578 | AZ29: 10332 | BA29: 10993 | BB29: 10953 | BC29: 10766 | BD29: 10223 | BE29: 9485 | BF29: =+SUM(AH29:BE29) -> 146523 | BG29: 2 | BH29: =+BF29*BG29 -> 293046 | BL29: Festivo | BM29: 17908 | BN29: 16993 | BO29: 16364 | BP29: 15861 | BQ29: 15675 | BR29: 15138 | BS29: 10047 | BT29: 8080 | BU29: 7471 | BV29: 7907 | BW29: 8502 | BX29: 8552 | BY29: 8645 | BZ29: 9427 | CA29: 11108 | CB29: 12662 | CC29: 18555 | CD29: 20269 | CE29: 21781 | CF29: 23078 | CG29: 22995 | CH29: 22609 | CI29: 21526 | CJ29: 20065 | CK29: =+SUM(BM29:CJ29) -> 361218 | CL29: 2 | CM29: =+CK29*CL29 -> 722436 | CR29: Festivo | CS29: 10344 | CT29: 9852 | CU29: 9514 | CV29: 9243 | CW29: 9143 | CX29: 8854 | CY29: 6553 | CZ29: 5597 | DA29: 5137 | DB29: 5405 | DC29: 5732 | DD29: 5784 | DE29: 5811 | DF29: 6184 | DG29: 6982 | DH29: 7699 | DI29: 10374 | DJ29: 11688 | DK29: 12508 | DL29: 13213 | DM29: 13168 | DN29: 12958 | DO29: 12371 | DP29: 11578 | DQ29: =+SUM(CS29:DP29) -> 215692 | DR29: 2 | DS29: =+DQ29*DR29 -> 431384 | DX29: Festivo | DY29: 10320 | DZ29: 9830 | EA29: 9493 | EB29: 9223 | EC29: 9124 | ED29: 8836 | EE29: 6609 | EF29: 5718 | EG29: 5291 | EH29: 5568 | EI29: 5899 | EJ29: 5956 | EK29: 5978 | EL29: 6341 | EM29: 7118 | EN29: 7809 | EO29: 10396 | EP29: 11638 | EQ29: 12453 | ER29: 13154 | ES29: 13110 | ET29: 12901 | EU29: 12317 | EV29: 11528 | EW29: =+SUM(DY29:EV29) -> 216610 | EX29: 3 | EY29: =+EW29*EX29 -> 649830
A30: 46569 | B30: Hábil | C30: 12906 | D30: 12211 | E30: 11711 | F30: 11319 | G30: 11199 | H30: 11222 | I30: 11704 | J30: 7142 | K30: 8515 | L30: 9378 | M30: 10135 | N30: 10286 | O30: 9052 | P30: 10263 | Q30: 11596 | R30: 11705 | S30: 11163 | T30: 14297 | U30: 14218 | V30: 14472 | W30: 14471 | X30: 14230 | Y30: 13522 | Z30: 12559 | AA30: =+SUM(C30:Z30) -> 279276 | AB30: 20 | AC30: =+AA30*AB30 -> 5585520 | AD30: =+SUM(AC30:AC33) -> 8312977 | AF30: 46935 | AG30: Hábil | AH30: 9237 | AI30: 8723 | AJ30: 8346 | AK30: 8055 | AL30: 7948 | AM30: 7930 | AN30: 2400 | AO30: 3545 | AP30: 3163 | AQ30: 3322 | AR30: 3738 | AS30: 3490 | AT30: 2663 | AU30: 4284 | AV30: 6688 | AW30: 8151 | AX30: 14240 | AY30: 11695 | AZ30: 11701 | BA30: 11971 | BB30: 11983 | BC30: 11818 | BD30: 11257 | BE30: 10447 | BF30: =+SUM(AH30:BE30) -> 186795 | BG30: 19 | BH30: =+BF30*BG30 -> 3549105 | BI30: =+SUM(BH30:BH33) -> 5387647 | BK30: 47300 | BL30: Hábil | BM30: 18561 | BN30: 17584 | BO30: 16884 | BP30: 16349 | BQ30: 16186 | BR30: 16172 | BS30: 11353 | BT30: 10278 | BU30: 10614 | BV30: 11151 | BW30: 11901 | BX30: 11717 | BY30: 10303 | BZ30: 12576 | CA30: 15811 | CB30: 17592 | CC30: 23242 | CD30: 23630 | CE30: 23613 | CF30: 24128 | CG30: 24031 | CH30: 23586 | CI30: 22446 | CJ30: 20878 | CK30: =+SUM(BM30:CJ30) -> 410586 | CL30: 20 | CM30: =+CK30*CL30 -> 8211720 | CN30: =+SUM(CM30:CM33) -> 12174578 | CQ30: 47665 | CR30: Hábil | CS30: 10532 | CT30: 10013 | CU30: 9642 | CV30: 9359 | CW30: 9275 | CX30: 9270 | CY30: 7112 | CZ30: 6620 | DA30: 6610 | DB30: 6926 | DC30: 7328 | DD30: 7259 | DE30: 6513 | DF30: 7650 | DG30: 9243 | DH30: 10082 | DI30: 12645 | DJ30: 13347 | DK30: 13334 | DL30: 13609 | DM30: 13549 | DN30: 13302 | DO30: 12686 | DP30: 11845 | DQ30: =+SUM(CS30:DP30) -> 237751 | DR30: 22 | DS30: =+DQ30*DR30 -> 5230522 | DT30: =+SUM(DS30:DS33) -> 7133842 | DW30: 48030 | DX30: Hábil | DY30: 10414 | DZ30: 9902 | EA30: 9536 | EB30: 9256 | EC30: 9173 | ED30: 9168 | EE30: 7080 | EF30: 6638 | EG30: 6648 | EH30: 6967 | EI30: 7368 | EJ30: 7303 | EK30: 6563 | EL30: 7681 | EM30: 9242 | EN30: 10056 | EO30: 12536 | EP30: 13178 | EQ30: 13165 | ER30: 13436 | ES30: 13378 | ET30: 13134 | EU30: 12526 | EV30: 11696 | EW30: =+SUM(DY30:EV30) -> 236044 | EX30: 23 | EY30: =+EW30*EX30 -> 5429012 | EZ30: =+SUM(EY30:EY33) -> 7136552
B31: Sábado | C31: 12697 | D31: 12046 | E31: 11578 | F31: 11202 | G31: 11070 | H31: 10813 | I31: 11252 | J31: 6566 | K31: 7851 | L31: 8730 | M31: 9298 | N31: 9608 | O31: 8960 | P31: 9107 | Q31: 9641 | R31: 9599 | S31: 9072 | T31: 12877 | U31: 13508 | V31: 13910 | W31: 13595 | X31: 13373 | Y31: 13078 | Z31: 12560 | AA31: =+SUM(C31:Z31) -> 261991 | AB31: 5 | AC31: =+AA31*AB31 -> 1309955 | AG31: Sábado | AH31: 8854 | AI31: 8389 | AJ31: 8051 | AK31: 7779 | AL31: 7676 | AM31: 7503 | AN31: 1913 | AO31: 2891 | AP31: 2405 | AQ31: 2580 | AR31: 2794 | AS31: 2729 | AT31: 2434 | AU31: 3051 | AV31: 4696 | AW31: 5966 | AX31: 12107 | AY31: 10414 | AZ31: 10986 | BA31: 11314 | BB31: 11080 | BC31: 10886 | BD31: 10620 | BE31: 10156 | BF31: =+SUM(AH31:BE31) -> 167274 | BG31: 5 | BH31: =+BF31*BG31 -> 836370 | BL31: Sábado | BM31: 18387 | BN31: 17442 | BO31: 16788 | BP31: 16260 | BQ31: 16057 | BR31: 15701 | BS31: 10781 | BT31: 9501 | BU31: 9718 | BV31: 10270 | BW31: 10755 | BX31: 10757 | BY31: 10157 | BZ31: 10896 | CA31: 12926 | CB31: 14460 | CC31: 20167 | CD31: 21533 | CE31: 22562 | CF31: 23209 | CG31: 22712 | CH31: 22255 | CI31: 21678 | CJ31: 20771 | CK31: =+SUM(BM31:CJ31) -> 385743 | CL31: 4 | CM31: =+CK31*CL31 -> 1542972 | CR31: Sábado | CS31: 10474 | CT31: 9969 | CU31: 9620 | CV31: 9339 | CW31: 9231 | CX31: 9041 | CY31: 6830 | CZ31: 6231 | DA31: 6170 | DB31: 6493 | DC31: 6763 | DD31: 6783 | DE31: 6454 | DF31: 6804 | DG31: 7777 | DH31: 8493 | DI31: 11083 | DJ31: 12246 | DK31: 12792 | DL31: 13140 | DM31: 12870 | DN31: 12620 | DO31: 12308 | DP31: 11821 | DQ31: =+SUM(CS31:DP31) -> 225352 | DR31: 3 | DS31: =+DQ31*DR31 -> 676056 | DX31: Sábado | DY31: 10357 | DZ31: 9858 | EA31: 9514 | EB31: 9236 | EC31: 9130 | ED31: 8942 | EE31: 6802 | EF31: 6253 | EG31: 6214 | EH31: 6539 | EI31: 6809 | EJ31: 6833 | EK31: 6505 | EL31: 6846 | EM31: 7794 | EN31: 8486 | EO31: 10993 | EP31: 12091 | EQ31: 12630 | ER31: 12974 | ES31: 12707 | ET31: 12461 | EU31: 12152 | EV31: 11672 | EW31: =+SUM(DY31:EV31) -> 223798 | EX31: 4 | EY31: =+EW31*EX31 -> 895192
B32: Domingo | C32: 13185 | D32: 12509 | E32: 11973 | F32: 11575 | G32: 11307 | H32: 10858 | I32: 10997 | J32: 5256 | K32: 5669 | L32: 6189 | M32: 6462 | N32: 6666 | O32: 6811 | P32: 6901 | Q32: 7101 | R32: 7318 | S32: 7179 | T32: 11905 | U32: 12665 | V32: 13378 | W32: 13502 | X32: 13544 | Y32: 13116 | Z32: 12408 | AA32: =+SUM(C32:Z32) -> 238474 | AB32: 4 | AC32: =+AA32*AB32 -> 953896 | AG32: Domingo | AH32: 9144 | AI32: 8665 | AJ32: 8295 | AK32: 8010 | AL32: 7817 | AM32: 7514 | AN32: 1734 | AO32: 1703 | AP32: 412 | AQ32: 267 | AR32: 242 | AS32: 25 | AT32: 512 | AU32: 1065 | AV32: 2338 | AW32: 3917 | AX32: 10334 | AY32: 9494 | AZ32: 10178 | BA32: 10788 | BB32: 10877 | BC32: 10899 | BD32: 10547 | BE32: 9987 | BF32: =+SUM(AH32:BE32) -> 144764 | BG32: 5 | BH32: =+BF32*BG32 -> 723820 | BL32: Domingo | BM32: 18831 | BN32: 17854 | BO32: 17133 | BP32: 16597 | BQ32: 16240 | BR32: 15627 | BS32: 10279 | BT32: 7541 | BU32: 6391 | BV32: 6364 | BW32: 6451 | BX32: 6300 | BY32: 6888 | BZ32: 7544 | CA32: 9137 | CB32: 11052 | CC32: 17221 | CD32: 19476 | CE32: 20763 | CF32: 22005 | CG32: 22201 | CH32: 22178 | CI32: 21427 | CJ32: 20246 | CK32: =+SUM(BM32:CJ32) -> 345746 | CL32: 5 | CM32: =+CK32*CL32 -> 1728730 | CR32: Domingo | CS32: 10707 | CT32: 10184 | CU32: 9800 | CV32: 9515 | CW32: 9326 | CX32: 8997 | CY32: 6555 | CZ32: 5173 | DA32: 4444 | DB32: 4464 | DC32: 4526 | DD32: 4474 | DE32: 4753 | DF32: 5062 | DG32: 5820 | DH32: 6724 | DI32: 9556 | DJ32: 11128 | DK32: 11816 | DL32: 12486 | DM32: 12592 | DN32: 12576 | DO32: 12169 | DP32: 11529 | DQ32: =+SUM(CS32:DP32) -> 204376 | DR32: 4 | DS32: =+DQ32*DR32 -> 817504 | DX32: Domingo | DY32: 10587 | DZ32: 10071 | EA32: 9692 | EB32: 9410 | EC32: 9223 | ED32: 8899 | EE32: 6531 | EF32: 5208 | EG32: 4509 | EH32: 4535 | EI32: 4600 | EJ32: 4552 | EK32: 4825 | EL32: 5125 | EM32: 5861 | EN32: 6740 | EO32: 9485 | EP32: 10988 | EQ32: 11667 | ER32: 12328 | ES32: 12433 | ET32: 12418 | EU32: 12016 | EV32: 11384 | EW32: =+SUM(DY32:EV32) -> 203087 | EX32: 4 | EY32: =+EW32*EX32 -> 812348
B33: Festivo | C33: 12273 | D33: 11611 | E33: 11102 | F33: 10776 | G33: 10605 | H33: 10294 | I33: 10510 | J33: 5194 | K33: 5855 | L33: 6492 | M33: 6932 | N33: 7149 | O33: 6893 | P33: 7129 | Q33: 7403 | R33: 7504 | S33: 7203 | T33: 11434 | U33: 12293 | V33: 13148 | W33: 13156 | X33: 12978 | Y33: 12363 | Z33: 11506 | AA33: =+SUM(C33:Z33) -> 231803 | AB33: 2 | AC33: =+AA33*AB33 -> 463606 | AG33: Festivo | AH33: 8306 | AI33: 7827 | AJ33: 7469 | AK33: 7237 | AL33: 7121 | AM33: 6909 | AN33: 1204 | AO33: 1547 | AP33: 525 | AQ33: 510 | AR33: 652 | AS33: 485 | AT33: 520 | AU33: 1259 | AV33: 2681 | AW33: 4149 | AX33: 10516 | AY33: 9306 | AZ33: 9957 | BA33: 10653 | BB33: 10642 | BC33: 10481 | BD33: 9974 | BE33: 9246 | BF33: =+SUM(AH33:BE33) -> 139176 | BG33: 2 | BH33: =+BF33*BG33 -> 278352 | BL33: Festivo | BM33: 17702 | BN33: 16761 | BO33: 16062 | BP33: 15606 | BQ33: 15383 | BR33: 14967 | BS33: 9792 | BT33: 7642 | BU33: 6938 | BV33: 7163 | BW33: 7498 | BX33: 7390 | BY33: 7314 | BZ33: 8280 | CA33: 10072 | CB33: 11836 | CC33: 17812 | CD33: 19597 | CE33: 20882 | CF33: 22267 | CG33: 22245 | CH33: 21932 | CI33: 20939 | CJ33: 19498 | CK33: =+SUM(BM33:CJ33) -> 345578 | CL33: 2 | CM33: =+CK33*CL33 -> 691156 | CR33: Festivo | CS33: 10137 | CT33: 9635 | CU33: 9262 | CV33: 9019 | CW33: 8900 | CX33: 8678 | CY33: 6330 | CZ33: 5264 | DA33: 4752 | DB33: 4904 | DC33: 5093 | DD33: 5060 | DE33: 5002 | DF33: 5470 | DG33: 6328 | DH33: 7156 | DI33: 9879 | DJ33: 11220 | DK33: 11911 | DL33: 12655 | DM33: 12643 | DN33: 12475 | DO33: 11941 | DP33: 11166 | DQ33: =+SUM(CS33:DP33) -> 204880 | DR33: 2 | DS33: =+DQ33*DR33 -> 409760 | DX33: Festivo | DY33: 0 | DZ33: 0 | EA33: 0 | EB33: 0 | EC33: 0 | ED33: 0 | EE33: 0 | EF33: 0 | EG33: 0 | EH33: 0 | EI33: 0 | EJ33: 0 | EK33: 0 | EL33: 0 | EM33: 0 | EN33: 0 | EO33: 0 | EP33: 0 | EQ33: 0 | ER33: 0 | ES33: 0 | ET33: 0 | EU33: 0 | EV33: 0 | EW33: =+SUM(DY33:EV33) -> 0 | EX33: 0 | EY33: =+EW33*EX33 -> 0
A34: 46600 | B34: Hábil | C34: 13639 | D34: 12919 | E34: 12380 | F34: 11968 | G34: 11827 | H34: 11830 | I34: 12213 | J34: 7740 | K34: 9047 | L34: 10019 | M34: 10793 | N34: 11045 | O34: 9826 | P34: 11234 | Q34: 12745 | R34: 12853 | S34: 12336 | T34: 15019 | U34: 15020 | V34: 15170 | W34: 15215 | X34: 15062 | Y34: 14307 | Z34: 13353 | AA34: =+SUM(C34:Z34) -> 297560 | AB34: 21 | AC34: =+AA34*AB34 -> 6248760 | AD34: =+SUM(AC34:AC37) -> 8845409 | AF34: 46966 | AG34: Hábil | AH34: 9559 | AI34: 9032 | AJ34: 8630 | AK34: 8317 | AL34: 8201 | AM34: 8173 | AN34: 2614 | AO34: 3900 | AP34: 3418 | AQ34: 3701 | AR34: 4120 | AS34: 3989 | AT34: 3170 | AU34: 4933 | AV34: 7428 | AW34: 8865 | AX34: 15017 | AY34: 12009 | AZ34: 12098 | BA34: 12230 | BB34: 12285 | BC34: 12157 | BD34: 11578 | BE34: 10780 | BF34: =+SUM(AH34:BE34) -> 196204 | BG34: 21 | BH34: =+BF34*BG34 -> 4120284 | BI34: =+SUM(BH34:BH37) -> 5782330 | BK34: 47331 | BL34: Hábil | BM34: 19289 | BN34: 18301 | BO34: 17553 | BP34: 16988 | BQ34: 16800 | BR34: 16796 | BS34: 11820 | BT34: 10818 | BU34: 11095 | BV34: 11774 | BW34: 12577 | BX34: 12523 | BY34: 11159 | BZ34: 13676 | CA34: 17110 | CB34: 18866 | CC34: 24532 | CD34: 24438 | CE34: 24588 | CF34: 24794 | CG34: 24766 | CH34: 24385 | CI34: 23184 | CJ34: 21606 | CK34: =+SUM(BM34:CJ34) -> 429438 | CL34: 21 | CM34: =+CK34*CL34 -> 9018198 | CN34: =+SUM(CM34:CM37) -> 12830120 | CQ34: 47696 | CR34: Hábil | CS34: 10981 | CT34: 10455 | CU34: 10056 | CV34: 9756 | CW34: 9657 | CX34: 9659 | CY34: 7413 | CZ34: 6966 | DA34: 6927 | DB34: 7317 | DC34: 7752 | DD34: 7748 | DE34: 7025 | DF34: 8294 | DG34: 10000 | DH34: 10828 | DI34: 13391 | DJ34: 13870 | DK34: 13947 | DL34: 14055 | DM34: 14032 | DN34: 13819 | DO34: 13164 | DP34: 12311 | DQ34: =+SUM(CS34:DP34) -> 249423 | DR34: 20 | DS34: =+DQ34*DR34 -> 4988460 | DT34: =+SUM(DS34:DS37) -> 7473780 | DW34: 48061 | DX34: Hábil | DY34: 10957 | DZ34: 10433 | EA34: 10036 | EB34: 9737 | EC34: 9639 | ED34: 9640 | EE34: 7468 | EF34: 7084 | EG34: 7077 | EH34: 7475 | EI34: 7913 | EJ34: 7915 | EK34: 7190 | EL34: 8447 | EM34: 10128 | EN34: 10930 | EO34: 13406 | EP34: 13816 | EQ34: 13893 | ER34: 14000 | ES34: 13977 | ET34: 13765 | EU34: 13113 | EV34: 12264 | EW34: =+SUM(DY34:EV34) -> 250303 | EX34: 19 | EY34: =+EW34*EX34 -> 4755757 | EZ34: =+SUM(EY34:EY37) -> 7464920
B35: Sábado | C35: 14485 | D35: 13708 | E35: 13106 | F35: 12634 | G35: 12390 | H35: 12069 | I35: 12413 | J35: 7860 | K35: 9127 | L35: 10111 | M35: 10649 | N35: 11066 | O35: 10258 | P35: 10470 | Q35: 10963 | R35: 10936 | S35: 10496 | T35: 13982 | U35: 14692 | V35: 14776 | W35: 14455 | X35: 14394 | Y35: 14116 | Z35: 13552 | AA35: =+SUM(C35:Z35) -> 292708 | AB35: 3 | AC35: =+AA35*AB35 -> 878124 | AG35: Sábado | AH35: 10128 | AI35: 9583 | AJ35: 9134 | AK35: 8791 | AL35: 8602 | AM35: 8361 | AN35: 2736 | AO35: 3963 | AP35: 3451 | AQ35: 3746 | AR35: 3890 | AS35: 3990 | AT35: 3470 | AU35: 4185 | AV35: 5763 | AW35: 7125 | AX35: 13423 | AY35: 11204 | AZ35: 11839 | BA35: 11930 | BB35: 11713 | BC35: 11622 | BD35: 11387 | BE35: 10918 | BF35: =+SUM(AH35:BE35) -> 190954 | BG35: 4 | BH35: =+BF35*BG35 -> 763816 | BL35: Sábado | BM35: 20274 | BN35: 19211 | BO35: 18394 | BP35: 17762 | BQ35: 17428 | BR35: 17032 | BS35: 11971 | BT35: 10806 | BU35: 11037 | BV35: 11699 | BW35: 12166 | BX35: 12338 | BY35: 11563 | BZ35: 12437 | CA35: 14429 | CB35: 16021 | CC35: 21790 | CD35: 22631 | CE35: 23845 | CF35: 24016 | CG35: 23494 | CH35: 23224 | CI35: 22704 | CJ35: 21730 | CK35: =+SUM(BM35:CJ35) -> 418002 | CL35: 4 | CM35: =+CK35*CL35 -> 1672008 | CR35: Sábado | CS35: 11504 | CT35: 10935 | CU35: 10500 | CV35: 10164 | CW35: 9987 | CX35: 9779 | CY35: 7490 | CZ35: 6951 | DA35: 6891 | DB35: 7269 | DC35: 7538 | DD35: 7641 | DE35: 7232 | DF35: 7650 | DG35: 8609 | DH35: 9347 | DI35: 11954 | DJ35: 12878 | DK35: 13532 | DL35: 13623 | DM35: 13334 | DN35: 13184 | DO35: 12900 | DP35: 12370 | DQ35: =+SUM(CS35:DP35) -> 243262 | DR35: 5 | DS35: =+DQ35*DR35 -> 1216310 | DX35: Sábado | DY35: 11479 | DZ35: 10912 | EA35: 10479 | EB35: 10144 | EC35: 9967 | ED35: 9760 | EE35: 7545 | EF35: 7069 | EG35: 7041 | EH35: 7428 | EI35: 7701 | EJ35: 7809 | EK35: 7397 | EL35: 7805 | EM35: 8742 | EN35: 9455 | EO35: 11974 | EP35: 12829 | EQ35: 13479 | ER35: 13570 | ES35: 13283 | ET35: 13133 | EU35: 12851 | EV35: 12323 | EW35: =+SUM(DY35:EV35) -> 244175 | EX35: 5 | EY35: =+EW35*EX35 -> 1220875
B36: Domingo | C36: 14046 | D36: 13326 | E36: 12750 | F36: 12298 | G36: 11956 | H36: 11364 | I36: 11365 | J36: 5870 | K36: 6206 | L36: 6545 | M36: 6923 | N36: 7009 | O36: 7194 | P36: 7560 | Q36: 7762 | R36: 7953 | S36: 7558 | T36: 11764 | U36: 12754 | V36: 13252 | W36: 13400 | X36: 13531 | Y36: 13126 | Z36: 12397 | AA36: =+SUM(C36:Z36) -> 247909 | AB36: 5 | AC36: =+AA36*AB36 -> 1239545 | AG36: Domingo | AH36: 9877 | AI36: 9361 | AJ36: 8950 | AK36: 8617 | AL36: 8334 | AM36: 7903 | AN36: 2047 | AO36: 2236 | AP36: 836 | AQ36: 488 | AR36: 600 | AS36: 267 | AT36: 737 | AU36: 1555 | AV36: 2815 | AW36: 4408 | AX36: 10667 | AY36: 9426 | AZ36: 10306 | BA36: 10802 | BB36: 10922 | BC36: 11053 | BD36: 10730 | BE36: 10104 | BF36: =+SUM(AH36:BE36) -> 153041 | BG36: 4 | BH36: =+BF36*BG36 -> 612164 | BL36: Domingo | BM36: 19856 | BN36: 18846 | BO36: 18043 | BP36: 17427 | BQ36: 16969 | BR36: 16176 | BS36: 10650 | BT36: 8194 | BU36: 6971 | BV36: 6811 | BW36: 7030 | BX36: 6760 | BY36: 7374 | BZ36: 8380 | CA36: 9987 | CB36: 11855 | CC36: 17748 | CD36: 19459 | CE36: 21100 | CF36: 22016 | CG36: 22254 | CH36: 22330 | CI36: 21656 | CJ36: 20425 | CK36: =+SUM(BM36:CJ36) -> 358317 | CL36: 4 | CM36: =+CK36*CL36 -> 1433268 | CR36: Domingo | CS36: 11281 | CT36: 10740 | CU36: 10310 | CV36: 9982 | CW36: 9742 | CX36: 9320 | CY36: 6781 | CZ36: 5552 | DA36: 4786 | DB36: 4752 | DC36: 4878 | DD36: 4769 | DE36: 5067 | DF36: 5553 | DG36: 6321 | DH36: 7196 | DI36: 9880 | DJ36: 11180 | DK36: 12061 | DL36: 12551 | DM36: 12680 | DN36: 12710 | DO36: 12343 | DP36: 11678 | DQ36: =+SUM(CS36:DP36) -> 212113 | DR36: 4 | DS36: =+DQ36*DR36 -> 848452 | DX36: Domingo | DY36: 11256 | DZ36: 10717 | EA36: 10289 | EB36: 9962 | EC36: 9724 | ED36: 9303 | EE36: 6839 | EF36: 5675 | EG36: 4944 | EH36: 4920 | EI36: 5050 | EJ36: 4948 | EK36: 5240 | EL36: 5715 | EM36: 6462 | EN36: 7311 | EO36: 9908 | EP36: 11138 | EQ36: 12014 | ER36: 12502 | ES36: 12630 | ET36: 12661 | EU36: 12295 | EV36: 11633 | EW36: =+SUM(DY36:EV36) -> 213136 | EX36: 5 | EY36: =+EW36*EX36 -> 1065680
B37: Festivo | C37: 12107 | D37: 11544 | E37: 11079 | F37: 10773 | G37: 10620 | H37: 10340 | I37: 10464 | J37: 5176 | K37: 5867 | L37: 6708 | M37: 7279 | N37: 7707 | O37: 7615 | P37: 7804 | Q37: 8106 | R37: 8272 | S37: 7923 | T37: 11704 | U37: 12754 | V37: 13412 | W37: 13456 | X37: 13618 | Y37: 13077 | Z37: 12085 | AA37: =+SUM(C37:Z37) -> 239490 | AB37: 2 | AC37: =+AA37*AB37 -> 478980 | AG37: Festivo | AH37: 8195 | AI37: 7778 | AJ37: 7444 | AK37: 7219 | AL37: 7110 | AM37: 6902 | AN37: 1117 | AO37: 1471 | AP37: 457 | AQ37: 615 | AR37: 879 | AS37: 897 | AT37: 1098 | AU37: 1759 | AV37: 3168 | AW37: 4696 | AX37: 11013 | AY37: 9374 | AZ37: 10211 | BA37: 10661 | BB37: 10643 | BC37: 10656 | BD37: 10193 | BE37: 9477 | BF37: =+SUM(AH37:BE37) -> 143033 | BG37: 2 | BH37: =+BF37*BG37 -> 286066 | BL37: Festivo | BM37: 17573 | BN37: 16739 | BO37: 16076 | BP37: 15625 | BQ37: 15409 | BR37: 14992 | BS37: 9663 | BT37: 7546 | BU37: 6869 | BV37: 7369 | BW37: 7904 | BX37: 8086 | BY37: 8260 | BZ37: 9103 | CA37: 10879 | CB37: 12737 | CC37: 18626 | CD37: 19877 | CE37: 21528 | CF37: 22389 | CG37: 22335 | CH37: 22323 | CI37: 21401 | CJ37: 20014 | CK37: =+SUM(BM37:CJ37) -> 353323 | CL37: 2 | CM37: =+CK37*CL37 -> 706646 | CR37: Festivo | CS37: 10115 | CT37: 9668 | CU37: 9312 | CV37: 9070 | CW37: 8955 | CX37: 8731 | CY37: 6301 | CZ37: 5257 | DA37: 4766 | DB37: 5064 | DC37: 5358 | DD37: 5477 | DE37: 5546 | DF37: 5953 | DG37: 6802 | DH37: 7679 | DI37: 10355 | DJ37: 11437 | DK37: 12330 | DL37: 12797 | DM37: 12768 | DN37: 12762 | DO37: 12264 | DP37: 11512 | DQ37: =+SUM(CS37:DP37) -> 210279 | DR37: 2 | DS37: =+DQ37*DR37 -> 420558 | DX37: Festivo | DY37: 10094 | DZ37: 9649 | EA37: 9295 | EB37: 9054 | EC37: 8939 | ED37: 8716 | EE37: 6360 | EF37: 5381 | EG37: 4923 | EH37: 5230 | EI37: 5528 | EJ37: 5652 | EK37: 5717 | EL37: 6113 | EM37: 6942 | EN37: 7793 | EO37: 10381 | EP37: 11392 | EQ37: 12282 | ER37: 12747 | ES37: 12719 | ET37: 12713 | EU37: 12216 | EV37: 11468 | EW37: =+SUM(DY37:EV37) -> 211304 | EX37: 2 | EY37: =+EW37*EX37 -> 422608
