Workbook
Name _bookmark27: P1_Anexo_1_2026!#REF!

Sheet RESUMEN
B2: MERCADO REGULADO CONVOCATORIA EMIC2025-003
B3: PRODUCTO | C3: AÑO | D3: CURVA / PLANO | E3: ENERGÍA SOLICITADA (GWh/Año)
B4: 1 | C4: 2026 | D4: Plano | E4: =P1_Anexo_2_2026!D14/1000 -> 700.8
B5: 2 | C5: 2027 | D5: Plano | E5: =P2_Anexo_2_2027!D14/1000 -> 769.0404
B6: 3 | C6: 2028 | D6: Plano | E6: =P3_Anexo_2_2028!D14/1000 -> 695.78064
B7: 4 | C7: 2028 | D7: Curva | E7: =P4_Anexo_2_2028!D14/1000 -> 833.75818
B8: 5 | C8: 2029 | D8: Plano | E8: =P5_Anexo_2_2029!D14/1000 -> 673.5564
B9: 6 | C9: 2029 | D9: Curva | E9: =P6_Anexo_2_2029!D14/1000 -> 807.89054
B10: 7 | C10: 2030 | D10: Plano | E10: =P7_Anexo_2_2030!D14/1000 -> 562.1292
B11: 8 | C11: 2030 | D11: Curva | E11: =P8_Anexo_2_2030!D14/1000 -> 675.43635
B12: 9 | C12: 2031 | D12: Plano | E12: =P9_Anexo_2_2031!D14/1000 -> 450.702
B13: 10 | C13: 2031 | D13: Curva | E13: =P10_Anexo_2_2031!D13/1000 -> 541.01554
B14: 11 | C14: 2032 | D14: Plano | E14: =P11_Anexo_2_2032!D14/1000 -> 338.184
B15: 12 | C15: 2032 | D15: Curva | E15: =P12_Anexo_2_2032!D14/1000 -> 405.85487
B16: Total | E16: =SUM(E4:E15) -> 7454.1481
B17: NOTAS:
B18: Una sola convocatoria através del SICEP

Sheet P1_Anexo_1_2026
B2: ANEXO No. 1 - CANTIDADES DE ENERGÍA HORARIA Y MENSUAL A CONTRATAR
B3: PRODUCTO 1 - 1 DE ENERO A 31 DE DICIEMBRE 2026
B5: ENERGÍA PLANA A SOLICITAR AÑO 2026 PARA MERCADO REGULADO (MWh)
B6: MES | C6: DÍA | D6: H1 | E6: H2 | F6: H3 | G6: H4 | H6: H5 | I6: H6 | J6: H7 | K6: H8 | L6: H9 | M6: H10 | N6: H11 | O6: H12 | P6: H13 | Q6: H14 | R6: H15 | S6: H16 | T6: H17 | U6: H18 | V6: H19 | W6: H20 | X6: H21 | Y6: H22 | Z6: H23 | AA6: H24 | AB6: TOTAL | AC6: No. Dias | AD6: TOTAL MES
B7: 46023 | C7: ORDINARIO | D7: 80 | E7: 80 | F7: 80 | G7: 80 | H7: 80 | I7: 80 | J7: 80 | K7: 80 | L7: 80 | M7: 80 | N7: 80 | O7: 80 | P7: 80 | Q7: 80 | R7: 80 | S7: 80 | T7: 80 | U7: 80 | V7: 80 | W7: 80 | X7: 80 | Y7: 80 | Z7: 80 | AA7: 80 | AB7: =SUM(D7:AA7) -> 1920 | AC7: 20 | AD7: =+AB7*AC7+AB8*AC8+AB9*AC9 -> 59520
C8: SABADO | D8: 80 | E8: 80 | F8: 80 | G8: 80 | H8: 80 | I8: 80 | J8: 80 | K8: 80 | L8: 80 | M8: 80 | N8: 80 | O8: 80 | P8: 80 | Q8: 80 | R8: 80 | S8: 80 | T8: 80 | U8: 80 | V8: 80 | W8: 80 | X8: 80 | Y8: 80 | Z8: 80 | AA8: 80 | AB8: =SUM(D8:AA8) -> 1920 | AC8: 5
C9: FESTIVO | D9: 80 | E9: 80 | F9: 80 | G9: 80 | H9: 80 | I9: 80 | J9: 80 | K9: 80 | L9: 80 | M9: 80 | N9: 80 | O9: 80 | P9: 80 | Q9: 80 | R9: 80 | S9: 80 | T9: 80 | U9: 80 | V9: 80 | W9: 80 | X9: 80 | Y9: 80 | Z9: 80 | AA9: 80 | AB9: =SUM(D9:AA9) -> 1920 | AC9: 6
B10: 46054 | C10: ORDINARIO | D10: 80 | E10: 80 | F10: 80 | G10: 80 | H10: 80 | I10: 80 | J10: 80 | K10: 80 | L10: 80 | M10: 80 | N10: 80 | O10: 80 | P10: 80 | Q10: 80 | R10: 80 | S10: 80 | T10: 80 | U10: 80 | V10: 80 | W10: 80 | X10: 80 | Y10: 80 | Z10: 80 | AA10: 80 | AB10: =SUM(D10:AA10) -> 1920 | AC10: 20 | AD10: =+AB10*AC10+AB11*AC11+AB12*AC12 -> 53760
C11: SABADO | D11: 80 | E11: 80 | F11: 80 | G11: 80 | H11: 80 | I11: 80 | J11: 80 | K11: 80 | L11: 80 | M11: 80 | N11: 80 | O11: 80 | P11: 80 | Q11: 80 | R11: 80 | S11: 80 | T11: 80 | U11: 80 | V11: 80 | W11: 80 | X11: 80 | Y11: 80 | Z11: 80 | AA11: 80 | AB11: =SUM(D11:AA11) -> 1920 | AC11: 4
C12: FESTIVO | D12: 80 | E12: 80 | F12: 80 | G12: 80 | H12: 80 | I12: 80 | J12: 80 | K12: 80 | L12: 80 | M12: 80 | N12: 80 | O12: 80 | P12: 80 | Q12: 80 | R12: 80 | S12: 80 | T12: 80 | U12: 80 | V12: 80 | W12: 80 | X12: 80 | Y12: 80 | Z12: 80 | AA12: 80 | AB12: =SUM(D12:AA12) -> 1920 | AC12: 4
B13: 46082 | C13: ORDINARIO | D13: 80 | E13: 80 | F13: 80 | G13: 80 | H13: 80 | I13: 80 | J13: 80 | K13: 80 | L13: 80 | M13: 80 | N13: 80 | O13: 80 | P13: 80 | Q13: 80 | R13: 80 | S13: 80 | T13: 80 | U13: 80 | V13: 80 | W13: 80 | X13: 80 | Y13: 80 | Z13: 80 | AA13: 80 | AB13: =SUM(D13:AA13) -> 1920 | AC13: 21 | AD13: =+AB13*AC13+AB14*AC14+AB15*AC15 -> 59520
C14: SABADO | D14: 80 | E14: 80 | F14: 80 | G14: 80 | H14: 80 | I14: 80 | J14: 80 | K14: 80 | L14: 80 | M14: 80 | N14: 80 | O14: 80 | P14: 80 | Q14: 80 | R14: 80 | S14: 80 | T14: 80 | U14: 80 | V14: 80 | W14: 80 | X14: 80 | Y14: 80 | Z14: 80 | AA14: 80 | AB14: =SUM(D14:AA14) -> 1920 | AC14: 4
C15: FESTIVO | D15: 80 | E15: 80 | F15: 80 | G15: 80 | H15: 80 | I15: 80 | J15: 80 | K15: 80 | L15: 80 | M15: 80 | N15: 80 | O15: 80 | P15: 80 | Q15: 80 | R15: 80 | S15: 80 | T15: 80 | U15: 80 | V15: 80 | W15: 80 | X15: 80 | Y15: 80 | Z15: 80 | AA15: 80 | AB15: =SUM(D15:AA15) -> 1920 | AC15: 6
B16: 46113 | C16: ORDINARIO | D16: 80 | E16: 80 | F16: 80 | G16: 80 | H16: 80 | I16: 80 | J16: 80 | K16: 80 | L16: 80 | M16: 80 | N16: 80 | O16: 80 | P16: 80 | Q16: 80 | R16: 80 | S16: 80 | T16: 80 | U16: 80 | V16: 80 | W16: 80 | X16: 80 | Y16: 80 | Z16: 80 | AA16: 80 | AB16: =SUM(D16:AA16) -> 1920 | AC16: 20 | AD16: =+AB16*AC16+AB17*AC17+AB18*AC18 -> 57600
C17: SABADO | D17: 80 | E17: 80 | F17: 80 | G17: 80 | H17: 80 | I17: 80 | J17: 80 | K17: 80 | L17: 80 | M17: 80 | N17: 80 | O17: 80 | P17: 80 | Q17: 80 | R17: 80 | S17: 80 | T17: 80 | U17: 80 | V17: 80 | W17: 80 | X17: 80 | Y17: 80 | Z17: 80 | AA17: 80 | AB17: =SUM(D17:AA17) -> 1920 | AC17: 4
C18: FESTIVO | D18: 80 | E18: 80 | F18: 80 | G18: 80 | H18: 80 | I18: 80 | J18: 80 | K18: 80 | L18: 80 | M18: 80 | N18: 80 | O18: 80 | P18: 80 | Q18: 80 | R18: 80 | S18: 80 | T18: 80 | U18: 80 | V18: 80 | W18: 80 | X18: 80 | Y18: 80 | Z18: 80 | AA18: 80 | AB18: =SUM(D18:AA18) -> 1920 | AC18: 6
B19: 46143 | C19: ORDINARIO | D19: 80 | E19: 80 | F19: 80 | G19: 80 | H19: 80 | I19: 80 | J19: 80 | K19: 80 | L19: 80 | M19: 80 | N19: 80 | O19: 80 | P19: 80 | Q19: 80 | R19: 80 | S19: 80 | T19: 80 | U19: 80 | V19: 80 | W19: 80 | X19: 80 | Y19: 80 | Z19: 80 | AA19: 80 | AB19: =SUM(D19:AA19) -> 1920 | AC19: 19 | AD19: =+AB19*AC19+AB20*AC20+AB21*AC21 -> 59520
C20: SABADO | D20: 80 | E20: 80 | F20: 80 | G20: 80 | H20: 80 | I20: 80 | J20: 80 | K20: 80 | L20: 80 | M20: 80 | N20: 80 | O20: 80 | P20: 80 | Q20: 80 | R20: 80 | S20: 80 | T20: 80 | U20: 80 | V20: 80 | W20: 80 | X20: 80 | Y20: 80 | Z20: 80 | AA20: 80 | AB20: =SUM(D20:AA20) -> 1920 | AC20: 5
C21: FESTIVO | D21: 80 | E21: 80 | F21: 80 | G21: 80 | H21: 80 | I21: 80 | J21: 80 | K21: 80 | L21: 80 | M21: 80 | N21: 80 | O21: 80 | P21: 80 | Q21: 80 | R21: 80 | S21: 80 | T21: 80 | U21: 80 | V21: 80 | W21: 80 | X21: 80 | Y21: 80 | Z21: 80 | AA21: 80 | AB21: =SUM(D21:AA21) -> 1920 | AC21: 7
B22: 46174 | C22: ORDINARIO | D22: 80 | E22: 80 | F22: 80 | G22: 80 | H22: 80 | I22: 80 | J22: 80 | K22: 80 | L22: 80 | M22: 80 | N22: 80 | O22: 80 | P22: 80 | Q22: 80 | R22: 80 | S22: 80 | T22: 80 | U22: 80 | V22: 80 | W22: 80 | X22: 80 | Y22: 80 | Z22: 80 | AA22: 80 | AB22: =SUM(D22:AA22) -> 1920 | AC22: 19 | AD22: =+AB22*AC22+AB23*AC23+AB24*AC24 -> 57600
C23: SABADO | D23: 80 | E23: 80 | F23: 80 | G23: 80 | H23: 80 | I23: 80 | J23: 80 | K23: 80 | L23: 80 | M23: 80 | N23: 80 | O23: 80 | P23: 80 | Q23: 80 | R23: 80 | S23: 80 | T23: 80 | U23: 80 | V23: 80 | W23: 80 | X23: 80 | Y23: 80 | Z23: 80 | AA23: 80 | AB23: =SUM(D23:AA23) -> 1920 | AC23: 4
C24: FESTIVO | D24: 80 | E24: 80 | F24: 80 | G24: 80 | H24: 80 | I24: 80 | J24: 80 | K24: 80 | L24: 80 | M24: 80 | N24: 80 | O24: 80 | P24: 80 | Q24: 80 | R24: 80 | S24: 80 | T24: 80 | U24: 80 | V24: 80 | W24: 80 | X24: 80 | Y24: 80 | Z24: 80 | AA24: 80 | AB24: =SUM(D24:AA24) -> 1920 | AC24: 7
B25: 46204 | C25: ORDINARIO | D25: 80 | E25: 80 | F25: 80 | G25: 80 | H25: 80 | I25: 80 | J25: 80 | K25: 80 | L25: 80 | M25: 80 | N25: 80 | O25: 80 | P25: 80 | Q25: 80 | R25: 80 | S25: 80 | T25: 80 | U25: 80 | V25: 80 | W25: 80 | X25: 80 | Y25: 80 | Z25: 80 | AA25: 80 | AB25: =SUM(D25:AA25) -> 1920 | AC25: 22 | AD25: =+AB25*AC25+AB26*AC26+AB27*AC27 -> 59520
C26: SABADO | D26: 80 | E26: 80 | F26: 80 | G26: 80 | H26: 80 | I26: 80 | J26: 80 | K26: 80 | L26: 80 | M26: 80 | N26: 80 | O26: 80 | P26: 80 | Q26: 80 | R26: 80 | S26: 80 | T26: 80 | U26: 80 | V26: 80 | W26: 80 | X26: 80 | Y26: 80 | Z26: 80 | AA26: 80 | AB26: =SUM(D26:AA26) -> 1920 | AC26: 4
C27: FESTIVO | D27: 80 | E27: 80 | F27: 80 | G27: 80 | H27: 80 | I27: 80 | J27: 80 | K27: 80 | L27: 80 | M27: 80 | N27: 80 | O27: 80 | P27: 80 | Q27: 80 | R27: 80 | S27: 80 | T27: 80 | U27: 80 | V27: 80 | W27: 80 | X27: 80 | Y27: 80 | Z27: 80 | AA27: 80 | AB27: =SUM(D27:AA27) -> 1920 | AC27: 5
B28: 46235 | C28: ORDINARIO | D28: 80 | E28: 80 | F28: 80 | G28: 80 | H28: 80 | I28: 80 | J28: 80 | K28: 80 | L28: 80 | M28: 80 | N28: 80 | O28: 80 | P28: 80 | Q28: 80 | R28: 80 | S28: 80 | T28: 80 | U28: 80 | V28: 80 | W28: 80 | X28: 80 | Y28: 80 | Z28: 80 | AA28: 80 | AB28: =SUM(D28:AA28) -> 1920 | AC28: 19 | AD28: =+AB28*AC28+AB29*AC29+AB30*AC30 -> 59520
C29: SABADO | D29: 80 | E29: 80 | F29: 80 | G29: 80 | H29: 80 | I29: 80 | J29: 80 | K29: 80 | L29: 80 | M29: 80 | N29: 80 | O29: 80 | P29: 80 | Q29: 80 | R29: 80 | S29: 80 | T29: 80 | U29: 80 | V29: 80 | W29: 80 | X29: 80 | Y29: 80 | Z29: 80 | AA29: 80 | AB29: =SUM(D29:AA29) -> 1920 | AC29: 5
C30: FESTIVO | D30: 80 | E30: 80 | F30: 80 | G30: 80 | H30: 80 | I30: 80 | J30: 80 | K30: 80 | L30: 80 | M30: 80 | N30: 80 | O30: 80 | P30: 80 | Q30: 80 | R30: 80 | S30: 80 | T30: 80 | U30: 80 | V30: 80 | W30: 80 | X30: 80 | Y30: 80 | Z30: 80 | AA30: 80 | AB30: =SUM(D30:AA30) -> 1920 | AC30: 7
B31: 46266 | C31: ORDINARIO | D31: 80 | E31: 80 | F31: 80 | G31: 80 | H31: 80 | I31: 80 | J31: 80 | K31: 80 | L31: 80 | M31: 80 | N31: 80 | O31: 80 | P31: 80 | Q31: 80 | R31: 80 | S31: 80 | T31: 80 | U31: 80 | V31: 80 | W31: 80 | X31: 80 | Y31: 80 | Z31: 80 | AA31: 80 | AB31: =SUM(D31:AA31) -> 1920 | AC31: 22 | AD31: =+AB31*AC31+AB32*AC32+AB33*AC33 -> 57600
C32: SABADO | D32: 80 | E32: 80 | F32: 80 | G32: 80 | H32: 80 | I32: 80 | J32: 80 | K32: 80 | L32: 80 | M32: 80 | N32: 80 | O32: 80 | P32: 80 | Q32: 80 | R32: 80 | S32: 80 | T32: 80 | U32: 80 | V32: 80 | W32: 80 | X32: 80 | Y32: 80 | Z32: 80 | AA32: 80 | AB32: =SUM(D32:AA32) -> 1920 | AC32: 4
C33: FESTIVO | D33: 80 | E33: 80 | F33: 80 | G33: 80 | H33: 80 | I33: 80 | J33: 80 | K33: 80 | L33: 80 | M33: 80 | N33: 80 | O33: 80 | P33: 80 | Q33: 80 | R33: 80 | S33: 80 | T33: 80 | U33: 80 | V33: 80 | W33: 80 | X33: 80 | Y33: 80 | Z33: 80 | AA33: 80 | AB33: =SUM(D33:AA33) -> 1920 | AC33: 4
B34: 46296 | C34: ORDINARIO | D34: 80 | E34: 80 | F34: 80 | G34: 80 | H34: 80 | I34: 80 | J34: 80 | K34: 80 | L34: 80 | M34: 80 | N34: 80 | O34: 80 | P34: 80 | Q34: 80 | R34: 80 | S34: 80 | T34: 80 | U34: 80 | V34: 80 | W34: 80 | X34: 80 | Y34: 80 | Z34: 80 | AA34: 80 | AB34: =SUM(D34:AA34) -> 1920 | AC34: 21 | AD34: =+AB34*AC34+AB35*AC35+AB36*AC36 -> 59520
C35: SABADO | D35: 80 | E35: 80 | F35: 80 | G35: 80 | H35: 80 | I35: 80 | J35: 80 | K35: 80 | L35: 80 | M35: 80 | N35: 80 | O35: 80 | P35: 80 | Q35: 80 | R35: 80 | S35: 80 | T35: 80 | U35: 80 | V35: 80 | W35: 80 | X35: 80 | Y35: 80 | Z35: 80 | AA35: 80 | AB35: =SUM(D35:AA35) -> 1920 | AC35: 5
C36: FESTIVO | D36: 80 | E36: 80 | F36: 80 | G36: 80 | H36: 80 | I36: 80 | J36: 80 | K36: 80 | L36: 80 | M36: 80 | N36: 80 | O36: 80 | P36: 80 | Q36: 80 | R36: 80 | S36: 80 | T36: 80 | U36: 80 | V36: 80 | W36: 80 | X36: 80 | Y36: 80 | Z36: 80 | AA36: 80 | AB36: =SUM(D36:AA36) -> 1920 | AC36: 5
B37: 46327 | C37: ORDINARIO | D37: 80 | E37: 80 | F37: 80 | G37: 80 | H37: 80 | I37: 80 | J37: 80 | K37: 80 | L37: 80 | M37: 80 | N37: 80 | O37: 80 | P37: 80 | Q37: 80 | R37: 80 | S37: 80 | T37: 80 | U37: 80 | V37: 80 | W37: 80 | X37: 80 | Y37: 80 | Z37: 80 | AA37: 80 | AB37: =SUM(D37:AA37) -> 1920 | AC37: 19 | AD37: =+AB37*AC37+AB38*AC38+AB39*AC39 -> 57600
C38: SABADO | D38: 80 | E38: 80 | F38: 80 | G38: 80 | H38: 80 | I38: 80 | J38: 80 | K38: 80 | L38: 80 | M38: 80 | N38: 80 | O38: 80 | P38: 80 | Q38: 80 | R38: 80 | S38: 80 | T38: 80 | U38: 80 | V38: 80 | W38: 80 | X38: 80 | Y38: 80 | Z38: 80 | AA38: 80 | AB38: =SUM(D38:AA38) -> 1920 | AC38: 4
C39: FESTIVO | D39: 80 | E39: 80 | F39: 80 | G39: 80 | H39: 80 | I39: 80 | J39: 80 | K39: 80 | L39: 80 | M39: 80 | N39: 80 | O39: 80 | P39: 80 | Q39: 80 | R39: 80 | S39: 80 | T39: 80 | U39: 80 | V39: 80 | W39: 80 | X39: 80 | Y39: 80 | Z39: 80 | AA39: 80 | AB39: =SUM(D39:AA39) -> 1920 | AC39: 7
B40: 46357 | C40: ORDINARIO | D40: 80 | E40: 80 | F40: 80 | G40: 80 | H40: 80 | I40: 80 | J40: 80 | K40: 80 | L40: 80 | M40: 80 | N40: 80 | O40: 80 | P40: 80 | Q40: 80 | R40: 80 | S40: 80 | T40: 80 | U40: 80 | V40: 80 | W40: 80 | X40: 80 | Y40: 80 | Z40: 80 | AA40: 80 | AB40: =SUM(D40:AA40) -> 1920 | AC40: 21 | AD40: =+AB40*AC40+AB41*AC41+AB42*AC42 -> 59520
C41: SABADO | D41: 80 | E41: 80 | F41: 80 | G41: 80 | H41: 80 | I41: 80 | J41: 80 | K41: 80 | L41: 80 | M41: 80 | N41: 80 | O41: 80 | P41: 80 | Q41: 80 | R41: 80 | S41: 80 | T41: 80 | U41: 80 | V41: 80 | W41: 80 | X41: 80 | Y41: 80 | Z41: 80 | AA41: 80 | AB41: =SUM(D41:AA41) -> 1920 | AC41: 4
C42: FESTIVO | D42: 80 | E42: 80 | F42: 80 | G42: 80 | H42: 80 | I42: 80 | J42: 80 | K42: 80 | L42: 80 | M42: 80 | N42: 80 | O42: 80 | P42: 80 | Q42: 80 | R42: 80 | S42: 80 | T42: 80 | U42: 80 | V42: 80 | W42: 80 | X42: 80 | Y42: 80 | Z42: 80 | AA42: 80 | AB42: =SUM(D42:AA42) -> 1920 | AC42: 6
AA43: ENERGÍA REQUERIDA | AD43: =SUM(AD7:AD42) -> 700800

Sheet P1_Anexo_2_2026
C3: EMPRESAS MUNICIPALES DE CALI- EMCALI EICE ESP
C4: CONVOCATORIA PÚBLICA PARA COMPRA DE ENERGÍA
C5: Código de Convocatoria SICEP No. CP-EMIC2025-003
C7: ANEXO No. 2 CANTIDADES Y PRECIOS OFERTADOS
C9: PRODUCTO 1 - 1 DE ENERO A 31 DE DICIEMBRE 2026 - PLANO
C12: AÑO | D12: Energía solicitada (MWh) | E12: Energía Ofertada (MWh) | F12: $/kWh
C13: 2026 | D13: =P1_Anexo_1_2026!AD43 -> 700800
C14: Total año | D14: =SUM(D13:D13) -> 700800
C17: NOTAS:
C18: 1- Se debe ofertar todo el año, la misma cantidad horaria por período
C19: 2- Se debe ofertar mínimo quince (15) MWh para cada período horario ofertado
C20: 3- La energía y los precios a ofertar deben ofrecerse en la modalidad monomia.
C21: 4- Precios en pesos constantes del mes de agosto de 2025.

Sheet P2_Anexo_ 1_2027
B2: ANEXO No. 1 - CANTIDADES DE ENERGÍA HORARIA Y MENSUAL A CONTRATAR
B3: PRODUCTO 2 - 1 DE ENERO A 31 DE DICIEMBRE 2027
B5: ENERGÍA PLANA A SOLICITAR AÑO 2027 PARA MERCADO REGULADO (MWh)
B6: MES | C6: DÍA | D6: H1 | E6: H2 | F6: H3 | G6: H4 | H6: H5 | I6: H6 | J6: H7 | K6: H8 | L6: H9 | M6: H10 | N6: H11 | O6: H12 | P6: H13 | Q6: H14 | R6: H15 | S6: H16 | T6: H17 | U6: H18 | V6: H19 | W6: H20 | X6: H21 | Y6: H22 | Z6: H23 | AA6: H24 | AB6: TOTAL | AC6: No. Dias | AD6: TOTAL MES
B7: 46388 | C7: ORDINARIO | D7: 87.79 | E7: 87.79 | F7: 87.79 | G7: 87.79 | H7: 87.79 | I7: 87.79 | J7: 87.79 | K7: 87.79 | L7: 87.79 | M7: 87.79 | N7: 87.79 | O7: 87.79 | P7: 87.79 | Q7: 87.79 | R7: 87.79 | S7: 87.79 | T7: 87.79 | U7: 87.79 | V7: 87.79 | W7: 87.79 | X7: 87.79 | Y7: 87.79 | Z7: 87.79 | AA7: 87.79 | AB7: =SUM(D7:AA7) -> 2106.96 | AC7: 19 | AD7: =+AB7*AC7+AB8*AC8+AB9*AC9 -> 65315.76
C8: SABADO | D8: 87.79 | E8: 87.79 | F8: 87.79 | G8: 87.79 | H8: 87.79 | I8: 87.79 | J8: 87.79 | K8: 87.79 | L8: 87.79 | M8: 87.79 | N8: 87.79 | O8: 87.79 | P8: 87.79 | Q8: 87.79 | R8: 87.79 | S8: 87.79 | T8: 87.79 | U8: 87.79 | V8: 87.79 | W8: 87.79 | X8: 87.79 | Y8: 87.79 | Z8: 87.79 | AA8: 87.79 | AB8: =SUM(D8:AA8) -> 2106.96 | AC8: 5
C9: FESTIVO | D9: 87.79 | E9: 87.79 | F9: 87.79 | G9: 87.79 | H9: 87.79 | I9: 87.79 | J9: 87.79 | K9: 87.79 | L9: 87.79 | M9: 87.79 | N9: 87.79 | O9: 87.79 | P9: 87.79 | Q9: 87.79 | R9: 87.79 | S9: 87.79 | T9: 87.79 | U9: 87.79 | V9: 87.79 | W9: 87.79 | X9: 87.79 | Y9: 87.79 | Z9: 87.79 | AA9: 87.79 | AB9: =SUM(D9:AA9) -> 2106.96 | AC9: 7
B10: 46419 | C10: ORDINARIO | D10: 87.79 | E10: 87.79 | F10: 87.79 | G10: 87.79 | H10: 87.79 | I10: 87.79 | J10: 87.79 | K10: 87.79 | L10: 87.79 | M10: 87.79 | N10: 87.79 | O10: 87.79 | P10: 87.79 | Q10: 87.79 | R10: 87.79 | S10: 87.79 | T10: 87.79 | U10: 87.79 | V10: 87.79 | W10: 87.79 | X10: 87.79 | Y10: 87.79 | Z10: 87.79 | AA10: 87.79 | AB10: =SUM(D10:AA10) -> 2106.96 | AC10: 20 | AD10: =+AB10*AC10+AB11*AC11+AB12*AC12 -> 58994.88
C11: SABADO | D11: 87.79 | E11: 87.79 | F11: 87.79 | G11: 87.79 | H11: 87.79 | I11: 87.79 | J11: 87.79 | K11: 87.79 | L11: 87.79 | M11: 87.79 | N11: 87.79 | O11: 87.79 | P11: 87.79 | Q11: 87.79 | R11: 87.79 | S11: 87.79 | T11: 87.79 | U11: 87.79 | V11: 87.79 | W11: 87.79 | X11: 87.79 | Y11: 87.79 | Z11: 87.79 | AA11: 87.79 | AB11: =SUM(D11:AA11) -> 2106.96 | AC11: 4
C12: FESTIVO | D12: 87.79 | E12: 87.79 | F12: 87.79 | G12: 87.79 | H12: 87.79 | I12: 87.79 | J12: 87.79 | K12: 87.79 | L12: 87.79 | M12: 87.79 | N12: 87.79 | O12: 87.79 | P12: 87.79 | Q12: 87.79 | R12: 87.79 | S12: 87.79 | T12: 87.79 | U12: 87.79 | V12: 87.79 | W12: 87.79 | X12: 87.79 | Y12: 87.79 | Z12: 87.79 | AA12: 87.79 | AB12: =SUM(D12:AA12) -> 2106.96 | AC12: 4
B13: 46447 | C13: ORDINARIO | D13: 87.79 | E13: 87.79 | F13: 87.79 | G13: 87.79 | H13: 87.79 | I13: 87.79 | J13: 87.79 | K13: 87.79 | L13: 87.79 | M13: 87.79 | N13: 87.79 | O13: 87.79 | P13: 87.79 | Q13: 87.79 | R13: 87.79 | S13: 87.79 | T13: 87.79 | U13: 87.79 | V13: 87.79 | W13: 87.79 | X13: 87.79 | Y13: 87.79 | Z13: 87.79 | AA13: 87.79 | AB13: =SUM(D13:AA13) -> 2106.96 | AC13: 20 | AD13: =+AB13*AC13+AB14*AC14+AB15*AC15 -> 65315.76
C14: SABADO | D14: 87.79 | E14: 87.79 | F14: 87.79 | G14: 87.79 | H14: 87.79 | I14: 87.79 | J14: 87.79 | K14: 87.79 | L14: 87.79 | M14: 87.79 | N14: 87.79 | O14: 87.79 | P14: 87.79 | Q14: 87.79 | R14: 87.79 | S14: 87.79 | T14: 87.79 | U14: 87.79 | V14: 87.79 | W14: 87.79 | X14: 87.79 | Y14: 87.79 | Z14: 87.79 | AA14: 87.79 | AB14: =SUM(D14:AA14) -> 2106.96 | AC14: 4
C15: FESTIVO | D15: 87.79 | E15: 87.79 | F15: 87.79 | G15: 87.79 | H15: 87.79 | I15: 87.79 | J15: 87.79 | K15: 87.79 | L15: 87.79 | M15: 87.79 | N15: 87.79 | O15: 87.79 | P15: 87.79 | Q15: 87.79 | R15: 87.79 | S15: 87.79 | T15: 87.79 | U15: 87.79 | V15: 87.79 | W15: 87.79 | X15: 87.79 | Y15: 87.79 | Z15: 87.79 | AA15: 87.79 | AB15: =SUM(D15:AA15) -> 2106.96 | AC15: 7
B16: 46478 | C16: ORDINARIO | D16: 87.79 | E16: 87.79 | F16: 87.79 | G16: 87.79 | H16: 87.79 | I16: 87.79 | J16: 87.79 | K16: 87.79 | L16: 87.79 | M16: 87.79 | N16: 87.79 | O16: 87.79 | P16: 87.79 | Q16: 87.79 | R16: 87.79 | S16: 87.79 | T16: 87.79 | U16: 87.79 | V16: 87.79 | W16: 87.79 | X16: 87.79 | Y16: 87.79 | Z16: 87.79 | AA16: 87.79 | AB16: =SUM(D16:AA16) -> 2106.96 | AC16: 22 | AD16: =+AB16*AC16+AB17*AC17+AB18*AC18 -> 63208.8
C17: SABADO | D17: 87.79 | E17: 87.79 | F17: 87.79 | G17: 87.79 | H17: 87.79 | I17: 87.79 | J17: 87.79 | K17: 87.79 | L17: 87.79 | M17: 87.79 | N17: 87.79 | O17: 87.79 | P17: 87.79 | Q17: 87.79 | R17: 87.79 | S17: 87.79 | T17: 87.79 | U17: 87.79 | V17: 87.79 | W17: 87.79 | X17: 87.79 | Y17: 87.79 | Z17: 87.79 | AA17: 87.79 | AB17: =SUM(D17:AA17) -> 2106.96 | AC17: 4
C18: FESTIVO | D18: 87.79 | E18: 87.79 | F18: 87.79 | G18: 87.79 | H18: 87.79 | I18: 87.79 | J18: 87.79 | K18: 87.79 | L18: 87.79 | M18: 87.79 | N18: 87.79 | O18: 87.79 | P18: 87.79 | Q18: 87.79 | R18: 87.79 | S18: 87.79 | T18: 87.79 | U18: 87.79 | V18: 87.79 | W18: 87.79 | X18: 87.79 | Y18: 87.79 | Z18: 87.79 | AA18: 87.79 | AB18: =SUM(D18:AA18) -> 2106.96 | AC18: 4
B19: 46508 | C19: ORDINARIO | D19: 87.79 | E19: 87.79 | F19: 87.79 | G19: 87.79 | H19: 87.79 | I19: 87.79 | J19: 87.79 | K19: 87.79 | L19: 87.79 | M19: 87.79 | N19: 87.79 | O19: 87.79 | P19: 87.79 | Q19: 87.79 | R19: 87.79 | S19: 87.79 | T19: 87.79 | U19: 87.79 | V19: 87.79 | W19: 87.79 | X19: 87.79 | Y19: 87.79 | Z19: 87.79 | AA19: 87.79 | AB19: =SUM(D19:AA19) -> 2106.96 | AC19: 19 | AD19: =+AB19*AC19+AB20*AC20+AB21*AC21 -> 65315.76
C20: SABADO | D20: 87.79 | E20: 87.79 | F20: 87.79 | G20: 87.79 | H20: 87.79 | I20: 87.79 | J20: 87.79 | K20: 87.79 | L20: 87.79 | M20: 87.79 | N20: 87.79 | O20: 87.79 | P20: 87.79 | Q20: 87.79 | R20: 87.79 | S20: 87.79 | T20: 87.79 | U20: 87.79 | V20: 87.79 | W20: 87.79 | X20: 87.79 | Y20: 87.79 | Z20: 87.79 | AA20: 87.79 | AB20: =SUM(D20:AA20) -> 2106.96 | AC20: 4
C21: FESTIVO | D21: 87.79 | E21: 87.79 | F21: 87.79 | G21: 87.79 | H21: 87.79 | I21: 87.79 | J21: 87.79 | K21: 87.79 | L21: 87.79 | M21: 87.79 | N21: 87.79 | O21: 87.79 | P21: 87.79 | Q21: 87.79 | R21: 87.79 | S21: 87.79 | T21: 87.79 | U21: 87.79 | V21: 87.79 | W21: 87.79 | X21: 87.79 | Y21: 87.79 | Z21: 87.79 | AA21: 87.79 | AB21: =SUM(D21:AA21) -> 2106.96 | AC21: 8
B22: 46539 | C22: ORDINARIO | D22: 87.79 | E22: 87.79 | F22: 87.79 | G22: 87.79 | H22: 87.79 | I22: 87.79 | J22: 87.79 | K22: 87.79 | L22: 87.79 | M22: 87.79 | N22: 87.79 | O22: 87.79 | P22: 87.79 | Q22: 87.79 | R22: 87.79 | S22: 87.79 | T22: 87.79 | U22: 87.79 | V22: 87.79 | W22: 87.79 | X22: 87.79 | Y22: 87.79 | Z22: 87.79 | AA22: 87.79 | AB22: =SUM(D22:AA22) -> 2106.96 | AC22: 21 | AD22: =+AB22*AC22+AB23*AC23+AB24*AC24 -> 63208.8
C23: SABADO | D23: 87.79 | E23: 87.79 | F23: 87.79 | G23: 87.79 | H23: 87.79 | I23: 87.79 | J23: 87.79 | K23: 87.79 | L23: 87.79 | M23: 87.79 | N23: 87.79 | O23: 87.79 | P23: 87.79 | Q23: 87.79 | R23: 87.79 | S23: 87.79 | T23: 87.79 | U23: 87.79 | V23: 87.79 | W23: 87.79 | X23: 87.79 | Y23: 87.79 | Z23: 87.79 | AA23: 87.79 | AB23: =SUM(D23:AA23) -> 2106.96 | AC23: 4
C24: FESTIVO | D24: 87.79 | E24: 87.79 | F24: 87.79 | G24: 87.79 | H24: 87.79 | I24: 87.79 | J24: 87.79 | K24: 87.79 | L24: 87.79 | M24: 87.79 | N24: 87.79 | O24: 87.79 | P24: 87.79 | Q24: 87.79 | R24: 87.79 | S24: 87.79 | T24: 87.79 | U24: 87.79 | V24: 87.79 | W24: 87.79 | X24: 87.79 | Y24: 87.79 | Z24: 87.79 | AA24: 87.79 | AB24: =SUM(D24:AA24) -> 2106.96 | AC24: 5
B25: 46569 | C25: ORDINARIO | D25: 87.79 | E25: 87.79 | F25: 87.79 | G25: 87.79 | H25: 87.79 | I25: 87.79 | J25: 87.79 | K25: 87.79 | L25: 87.79 | M25: 87.79 | N25: 87.79 | O25: 87.79 | P25: 87.79 | Q25: 87.79 | R25: 87.79 | S25: 87.79 | T25: 87.79 | U25: 87.79 | V25: 87.79 | W25: 87.79 | X25: 87.79 | Y25: 87.79 | Z25: 87.79 | AA25: 87.79 | AB25: =SUM(D25:AA25) -> 2106.96 | AC25: 20 | AD25: =+AB25*AC25+AB26*AC26+AB27*AC27 -> 65315.76
C26: SABADO | D26: 87.79 | E26: 87.79 | F26: 87.79 | G26: 87.79 | H26: 87.79 | I26: 87.79 | J26: 87.79 | K26: 87.79 | L26: 87.79 | M26: 87.79 | N26: 87.79 | O26: 87.79 | P26: 87.79 | Q26: 87.79 | R26: 87.79 | S26: 87.79 | T26: 87.79 | U26: 87.79 | V26: 87.79 | W26: 87.79 | X26: 87.79 | Y26: 87.79 | Z26: 87.79 | AA26: 87.79 | AB26: =SUM(D26:AA26) -> 2106.96 | AC26: 5
C27: FESTIVO | D27: 87.79 | E27: 87.79 | F27: 87.79 | G27: 87.79 | H27: 87.79 | I27: 87.79 | J27: 87.79 | K27: 87.79 | L27: 87.79 | M27: 87.79 | N27: 87.79 | O27: 87.79 | P27: 87.79 | Q27: 87.79 | R27: 87.79 | S27: 87.79 | T27: 87.79 | U27: 87.79 | V27: 87.79 | W27: 87.79 | X27: 87.79 | Y27: 87.79 | Z27: 87.79 | AA27: 87.79 | AB27: =SUM(D27:AA27) -> 2106.96 | AC27: 6
B28: 46600 | C28: ORDINARIO | D28: 87.79 | E28: 87.79 | F28: 87.79 | G28: 87.79 | H28: 87.79 | I28: 87.79 | J28: 87.79 | K28: 87.79 | L28: 87.79 | M28: 87.79 | N28: 87.79 | O28: 87.79 | P28: 87.79 | Q28: 87.79 | R28: 87.79 | S28: 87.79 | T28: 87.79 | U28: 87.79 | V28: 87.79 | W28: 87.79 | X28: 87.79 | Y28: 87.79 | Z28: 87.79 | AA28: 87.79 | AB28: =SUM(D28:AA28) -> 2106.96 | AC28: 21 | AD28: =+AB28*AC28+AB29*AC29+AB30*AC30 -> 65315.76
C29: SABADO | D29: 87.79 | E29: 87.79 | F29: 87.79 | G29: 87.79 | H29: 87.79 | I29: 87.79 | J29: 87.79 | K29: 87.79 | L29: 87.79 | M29: 87.79 | N29: 87.79 | O29: 87.79 | P29: 87.79 | Q29: 87.79 | R29: 87.79 | S29: 87.79 | T29: 87.79 | U29: 87.79 | V29: 87.79 | W29: 87.79 | X29: 87.79 | Y29: 87.79 | Z29: 87.79 | AA29: 87.79 | AB29: =SUM(D29:AA29) -> 2106.96 | AC29: 3
C30: FESTIVO | D30: 87.79 | E30: 87.79 | F30: 87.79 | G30: 87.79 | H30: 87.79 | I30: 87.79 | J30: 87.79 | K30: 87.79 | L30: 87.79 | M30: 87.79 | N30: 87.79 | O30: 87.79 | P30: 87.79 | Q30: 87.79 | R30: 87.79 | S30: 87.79 | T30: 87.79 | U30: 87.79 | V30: 87.79 | W30: 87.79 | X30: 87.79 | Y30: 87.79 | Z30: 87.79 | AA30: 87.79 | AB30: =SUM(D30:AA30) -> 2106.96 | AC30: 7
B31: 46631 | C31: ORDINARIO | D31: 87.79 | E31: 87.79 | F31: 87.79 | G31: 87.79 | H31: 87.79 | I31: 87.79 | J31: 87.79 | K31: 87.79 | L31: 87.79 | M31: 87.79 | N31: 87.79 | O31: 87.79 | P31: 87.79 | Q31: 87.79 | R31: 87.79 | S31: 87.79 | T31: 87.79 | U31: 87.79 | V31: 87.79 | W31: 87.79 | X31: 87.79 | Y31: 87.79 | Z31: 87.79 | AA31: 87.79 | AB31: =SUM(D31:AA31) -> 2106.96 | AC31: 22 | AD31: =+AB31*AC31+AB32*AC32+AB33*AC33 -> 63208.8
C32: SABADO | D32: 87.79 | E32: 87.79 | F32: 87.79 | G32: 87.79 | H32: 87.79 | I32: 87.79 | J32: 87.79 | K32: 87.79 | L32: 87.79 | M32: 87.79 | N32: 87.79 | O32: 87.79 | P32: 87.79 | Q32: 87.79 | R32: 87.79 | S32: 87.79 | T32: 87.79 | U32: 87.79 | V32: 87.79 | W32: 87.79 | X32: 87.79 | Y32: 87.79 | Z32: 87.79 | AA32: 87.79 | AB32: =SUM(D32:AA32) -> 2106.96 | AC32: 4
C33: FESTIVO | D33: 87.79 | E33: 87.79 | F33: 87.79 | G33: 87.79 | H33: 87.79 | I33: 87.79 | J33: 87.79 | K33: 87.79 | L33: 87.79 | M33: 87.79 | N33: 87.79 | O33: 87.79 | P33: 87.79 | Q33: 87.79 | R33: 87.79 | S33: 87.79 | T33: 87.79 | U33: 87.79 | V33: 87.79 | W33: 87.79 | X33: 87.79 | Y33: 87.79 | Z33: 87.79 | AA33: 87.79 | AB33: =SUM(D33:AA33) -> 2106.96 | AC33: 4
B34: 46661 | C34: ORDINARIO | D34: 87.79 | E34: 87.79 | F34: 87.79 | G34: 87.79 | H34: 87.79 | I34: 87.79 | J34: 87.79 | K34: 87.79 | L34: 87.79 | M34: 87.79 | N34: 87.79 | O34: 87.79 | P34: 87.79 | Q34: 87.79 | R34: 87.79 | S34: 87.79 | T34: 87.79 | U34: 87.79 | V34: 87.79 | W34: 87.79 | X34: 87.79 | Y34: 87.79 | Z34: 87.79 | AA34: 87.79 | AB34: =SUM(D34:AA34) -> 2106.96 | AC34: 20 | AD34: =+AB34*AC34+AB35*AC35+AB36*AC36 -> 65315.76
C35: SABADO | D35: 87.79 | E35: 87.79 | F35: 87.79 | G35: 87.79 | H35: 87.79 | I35: 87.79 | J35: 87.79 | K35: 87.79 | L35: 87.79 | M35: 87.79 | N35: 87.79 | O35: 87.79 | P35: 87.79 | Q35: 87.79 | R35: 87.79 | S35: 87.79 | T35: 87.79 | U35: 87.79 | V35: 87.79 | W35: 87.79 | X35: 87.79 | Y35: 87.79 | Z35: 87.79 | AA35: 87.79 | AB35: =SUM(D35:AA35) -> 2106.96 | AC35: 5
C36: FESTIVO | D36: 87.79 | E36: 87.79 | F36: 87.79 | G36: 87.79 | H36: 87.79 | I36: 87.79 | J36: 87.79 | K36: 87.79 | L36: 87.79 | M36: 87.79 | N36: 87.79 | O36: 87.79 | P36: 87.79 | Q36: 87.79 | R36: 87.79 | S36: 87.79 | T36: 87.79 | U36: 87.79 | V36: 87.79 | W36: 87.79 | X36: 87.79 | Y36: 87.79 | Z36: 87.79 | AA36: 87.79 | AB36: =SUM(D36:AA36) -> 2106.96 | AC36: 6
B37: 46692 | C37: ORDINARIO | D37: 87.79 | E37: 87.79 | F37: 87.79 | G37: 87.79 | H37: 87.79 | I37: 87.79 | J37: 87.79 | K37: 87.79 | L37: 87.79 | M37: 87.79 | N37: 87.79 | O37: 87.79 | P37: 87.79 | Q37: 87.79 | R37: 87.79 | S37: 87.79 | T37: 87.79 | U37: 87.79 | V37: 87.79 | W37: 87.79 | X37: 87.79 | Y37: 87.79 | Z37: 87.79 | AA37: 87.79 | AB37: =SUM(D37:AA37) -> 2106.96 | AC37: 20 | AD37: =+AB37*AC37+AB38*AC38+AB39*AC39 -> 63208.8
C38: SABADO | D38: 87.79 | E38: 87.79 | F38: 87.79 | G38: 87.79 | H38: 87.79 | I38: 87.79 | J38: 87.79 | K38: 87.79 | L38: 87.79 | M38: 87.79 | N38: 87.79 | O38: 87.79 | P38: 87.79 | Q38: 87.79 | R38: 87.79 | S38: 87.79 | T38: 87.79 | U38: 87.79 | V38: 87.79 | W38: 87.79 | X38: 87.79 | Y38: 87.79 | Z38: 87.79 | AA38: 87.79 | AB38: =SUM(D38:AA38) -> 2106.96 | AC38: 4
C39: FESTIVO | D39: 87.79 | E39: 87.79 | F39: 87.79 | G39: 87.79 | H39: 87.79 | I39: 87.79 | J39: 87.79 | K39: 87.79 | L39: 87.79 | M39: 87.79 | N39: 87.79 | O39: 87.79 | P39: 87.79 | Q39: 87.79 | R39: 87.79 | S39: 87.79 | T39: 87.79 | U39: 87.79 | V39: 87.79 | W39: 87.79 | X39: 87.79 | Y39: 87.79 | Z39: 87.79 | AA39: 87.79 | AB39: =SUM(D39:AA39) -> 2106.96 | AC39: 6
B40: 46722 | C40: ORDINARIO | D40: 87.79 | E40: 87.79 | F40: 87.79 | G40: 87.79 | H40: 87.79 | I40: 87.79 | J40: 87.79 | K40: 87.79 | L40: 87.79 | M40: 87.79 | N40: 87.79 | O40: 87.79 | P40: 87.79 | Q40: 87.79 | R40: 87.79 | S40: 87.79 | T40: 87.79 | U40: 87.79 | V40: 87.79 | W40: 87.79 | X40: 87.79 | Y40: 87.79 | Z40: 87.79 | AA40: 87.79 | AB40: =SUM(D40:AA40) -> 2106.96 | AC40: 22 | AD40: =+AB40*AC40+AB41*AC41+AB42*AC42 -> 65315.76
C41: SABADO | D41: 87.79 | E41: 87.79 | F41: 87.79 | G41: 87.79 | H41: 87.79 | I41: 87.79 | J41: 87.79 | K41: 87.79 | L41: 87.79 | M41: 87.79 | N41: 87.79 | O41: 87.79 | P41: 87.79 | Q41: 87.79 | R41: 87.79 | S41: 87.79 | T41: 87.79 | U41: 87.79 | V41: 87.79 | W41: 87.79 | X41: 87.79 | Y41: 87.79 | Z41: 87.79 | AA41: 87.79 | AB41: =SUM(D41:AA41) -> 2106.96 | AC41: 3
C42: FESTIVO | D42: 87.79 | E42: 87.79 | F42: 87.79 | G42: 87.79 | H42: 87.79 | I42: 87.79 | J42: 87.79 | K42: 87.79 | L42: 87.79 | M42: 87.79 | N42: 87.79 | O42: 87.79 | P42: 87.79 | Q42: 87.79 | R42: 87.79 | S42: 87.79 | T42: 87.79 | U42: 87.79 | V42: 87.79 | W42: 87.79 | X42: 87.79 | Y42: 87.79 | Z42: 87.79 | AA42: 87.79 | AB42: =SUM(D42:AA42) -> 2106.96 | AC42: 6
AA43: ENERGÍA REQUERIDA | AD43: =SUM(AD7:AD42) -> 769040.4

Sheet P2_Anexo_2_2027
C3: EMPRESAS MUNICIPALES DE CALI- EMCALI EICE ESP
C4: CONVOCATORIA PÚBLICA PARA COMPRA DE ENERGÍA
C5: Código de Convocatoria SICEP No. CP-EMIC2025-003
C7: ANEXO No. 2 CANTIDADES Y PRECIOS OFERTADOS
C9: PRODUCTO 2 - 1 DE ENERO A 31 DE DICIEMBRE 2027 - PLANO
C12: AÑO | D12: Energía solicitada (MWh) | E12: Energía Ofertada (MWh) | F12: $/kWh
C13: 2027 | D13: ='P2_Anexo_ 1_2027'!AD43 -> 769040.4
C14: Total año | D14: =SUM(D13:D13) -> 769040.4
C17: NOTAS:
C18: 1- Se debe ofertar todo el año, la misma cantidad horaria por período
C19: 2- Se debe ofertar mínimo quince (15) MWh para cada período horario ofertado
C20: 3- La energía y los precios a ofertar deben ofrecerse en la modalidad monomia.
C21: 4- Precios en pesos constantes del mes de agosto de 2025.

Sheet P3_Anexo_1_2028
B2: ANEXO No. 1 - CANTIDADES DE ENERGÍA HORARIA Y MENSUAL A CONTRATAR
B3: PRODUCTO 3 - 1 DE ENERO A 31 DE DICIEMBRE 2028
B5: ENERGÍA PLANA A SOLICITAR AÑO 2028 PARA MERCADO REGULADO (MWh)
B6: MES | C6: DÍA | D6: H1 | E6: H2 | F6: H3 | G6: H4 | H6: H5 | I6: H6 | J6: H7 | K6: H8 | L6: H9 | M6: H10 | N6: H11 | O6: H12 | P6: H13 | Q6: H14 | R6: H15 | S6: H16 | T6: H17 | U6: H18 | V6: H19 | W6: H20 | X6: H21 | Y6: H22 | Z6: H23 | AA6: H24 | AB6: TOTAL | AC6: No. Dias | AD6: TOTAL MES
B7: 46753 | C7: ORDINARIO | D7: 79.21 | E7: 79.21 | F7: 79.21 | G7: 79.21 | H7: 79.21 | I7: 79.21 | J7: 79.21 | K7: 79.21 | L7: 79.21 | M7: 79.21 | N7: 79.21 | O7: 79.21 | P7: 79.21 | Q7: 79.21 | R7: 79.21 | S7: 79.21 | T7: 79.21 | U7: 79.21 | V7: 79.21 | W7: 79.21 | X7: 79.21 | Y7: 79.21 | Z7: 79.21 | AA7: 79.21 | AB7: =SUM(D7:AA7) -> 1901.04 | AC7: 20 | AD7: =+AB7*AC7+AB8*AC8+AB9*AC9 -> 58932.24
C8: SABADO | D8: 79.21 | E8: 79.21 | F8: 79.21 | G8: 79.21 | H8: 79.21 | I8: 79.21 | J8: 79.21 | K8: 79.21 | L8: 79.21 | M8: 79.21 | N8: 79.21 | O8: 79.21 | P8: 79.21 | Q8: 79.21 | R8: 79.21 | S8: 79.21 | T8: 79.21 | U8: 79.21 | V8: 79.21 | W8: 79.21 | X8: 79.21 | Y8: 79.21 | Z8: 79.21 | AA8: 79.21 | AB8: =SUM(D8:AA8) -> 1901.04 | AC8: 4
C9: FESTIVO | D9: 79.21 | E9: 79.21 | F9: 79.21 | G9: 79.21 | H9: 79.21 | I9: 79.21 | J9: 79.21 | K9: 79.21 | L9: 79.21 | M9: 79.21 | N9: 79.21 | O9: 79.21 | P9: 79.21 | Q9: 79.21 | R9: 79.21 | S9: 79.21 | T9: 79.21 | U9: 79.21 | V9: 79.21 | W9: 79.21 | X9: 79.21 | Y9: 79.21 | Z9: 79.21 | AA9: 79.21 | AB9: =SUM(D9:AA9) -> 1901.04 | AC9: 7
B10: 46784 | C10: ORDINARIO | D10: 79.21 | E10: 79.21 | F10: 79.21 | G10: 79.21 | H10: 79.21 | I10: 79.21 | J10: 79.21 | K10: 79.21 | L10: 79.21 | M10: 79.21 | N10: 79.21 | O10: 79.21 | P10: 79.21 | Q10: 79.21 | R10: 79.21 | S10: 79.21 | T10: 79.21 | U10: 79.21 | V10: 79.21 | W10: 79.21 | X10: 79.21 | Y10: 79.21 | Z10: 79.21 | AA10: 79.21 | AB10: =SUM(D10:AA10) -> 1901.04 | AC10: 21 | AD10: =+AB10*AC10+AB11*AC11+AB12*AC12 -> 55130.16
C11: SABADO | D11: 79.21 | E11: 79.21 | F11: 79.21 | G11: 79.21 | H11: 79.21 | I11: 79.21 | J11: 79.21 | K11: 79.21 | L11: 79.21 | M11: 79.21 | N11: 79.21 | O11: 79.21 | P11: 79.21 | Q11: 79.21 | R11: 79.21 | S11: 79.21 | T11: 79.21 | U11: 79.21 | V11: 79.21 | W11: 79.21 | X11: 79.21 | Y11: 79.21 | Z11: 79.21 | AA11: 79.21 | AB11: =SUM(D11:AA11) -> 1901.04 | AC11: 4
C12: FESTIVO | D12: 79.21 | E12: 79.21 | F12: 79.21 | G12: 79.21 | H12: 79.21 | I12: 79.21 | J12: 79.21 | K12: 79.21 | L12: 79.21 | M12: 79.21 | N12: 79.21 | O12: 79.21 | P12: 79.21 | Q12: 79.21 | R12: 79.21 | S12: 79.21 | T12: 79.21 | U12: 79.21 | V12: 79.21 | W12: 79.21 | X12: 79.21 | Y12: 79.21 | Z12: 79.21 | AA12: 79.21 | AB12: =SUM(D12:AA12) -> 1901.04 | AC12: 4
B13: 46813 | C13: ORDINARIO | D13: 79.21 | E13: 79.21 | F13: 79.21 | G13: 79.21 | H13: 79.21 | I13: 79.21 | J13: 79.21 | K13: 79.21 | L13: 79.21 | M13: 79.21 | N13: 79.21 | O13: 79.21 | P13: 79.21 | Q13: 79.21 | R13: 79.21 | S13: 79.21 | T13: 79.21 | U13: 79.21 | V13: 79.21 | W13: 79.21 | X13: 79.21 | Y13: 79.21 | Z13: 79.21 | AA13: 79.21 | AB13: =SUM(D13:AA13) -> 1901.04 | AC13: 22 | AD13: =+AB13*AC13+AB14*AC14+AB15*AC15 -> 58932.24
C14: SABADO | D14: 79.21 | E14: 79.21 | F14: 79.21 | G14: 79.21 | H14: 79.21 | I14: 79.21 | J14: 79.21 | K14: 79.21 | L14: 79.21 | M14: 79.21 | N14: 79.21 | O14: 79.21 | P14: 79.21 | Q14: 79.21 | R14: 79.21 | S14: 79.21 | T14: 79.21 | U14: 79.21 | V14: 79.21 | W14: 79.21 | X14: 79.21 | Y14: 79.21 | Z14: 79.21 | AA14: 79.21 | AB14: =SUM(D14:AA14) -> 1901.04 | AC14: 4
C15: FESTIVO | D15: 79.21 | E15: 79.21 | F15: 79.21 | G15: 79.21 | H15: 79.21 | I15: 79.21 | J15: 79.21 | K15: 79.21 | L15: 79.21 | M15: 79.21 | N15: 79.21 | O15: 79.21 | P15: 79.21 | Q15: 79.21 | R15: 79.21 | S15: 79.21 | T15: 79.21 | U15: 79.21 | V15: 79.21 | W15: 79.21 | X15: 79.21 | Y15: 79.21 | Z15: 79.21 | AA15: 79.21 | AB15: =SUM(D15:AA15) -> 1901.04 | AC15: 5
B16: 46844 | C16: ORDINARIO | D16: 79.21 | E16: 79.21 | F16: 79.21 | G16: 79.21 | H16: 79.21 | I16: 79.21 | J16: 79.21 | K16: 79.21 | L16: 79.21 | M16: 79.21 | N16: 79.21 | O16: 79.21 | P16: 79.21 | Q16: 79.21 | R16: 79.21 | S16: 79.21 | T16: 79.21 | U16: 79.21 | V16: 79.21 | W16: 79.21 | X16: 79.21 | Y16: 79.21 | Z16: 79.21 | AA16: 79.21 | AB16: =SUM(D16:AA16) -> 1901.04 | AC16: 18 | AD16: =+AB16*AC16+AB17*AC17+AB18*AC18 -> 57031.2
C17: SABADO | D17: 79.21 | E17: 79.21 | F17: 79.21 | G17: 79.21 | H17: 79.21 | I17: 79.21 | J17: 79.21 | K17: 79.21 | L17: 79.21 | M17: 79.21 | N17: 79.21 | O17: 79.21 | P17: 79.21 | Q17: 79.21 | R17: 79.21 | S17: 79.21 | T17: 79.21 | U17: 79.21 | V17: 79.21 | W17: 79.21 | X17: 79.21 | Y17: 79.21 | Z17: 79.21 | AA17: 79.21 | AB17: =SUM(D17:AA17) -> 1901.04 | AC17: 5
C18: FESTIVO | D18: 79.21 | E18: 79.21 | F18: 79.21 | G18: 79.21 | H18: 79.21 | I18: 79.21 | J18: 79.21 | K18: 79.21 | L18: 79.21 | M18: 79.21 | N18: 79.21 | O18: 79.21 | P18: 79.21 | Q18: 79.21 | R18: 79.21 | S18: 79.21 | T18: 79.21 | U18: 79.21 | V18: 79.21 | W18: 79.21 | X18: 79.21 | Y18: 79.21 | Z18: 79.21 | AA18: 79.21 | AB18: =SUM(D18:AA18) -> 1901.04 | AC18: 7
B19: 46874 | C19: ORDINARIO | D19: 79.21 | E19: 79.21 | F19: 79.21 | G19: 79.21 | H19: 79.21 | I19: 79.21 | J19: 79.21 | K19: 79.21 | L19: 79.21 | M19: 79.21 | N19: 79.21 | O19: 79.21 | P19: 79.21 | Q19: 79.21 | R19: 79.21 | S19: 79.21 | T19: 79.21 | U19: 79.21 | V19: 79.21 | W19: 79.21 | X19: 79.21 | Y19: 79.21 | Z19: 79.21 | AA19: 79.21 | AB19: =SUM(D19:AA19) -> 1901.04 | AC19: 21 | AD19: =+AB19*AC19+AB20*AC20+AB21*AC21 -> 58932.24
C20: SABADO | D20: 79.21 | E20: 79.21 | F20: 79.21 | G20: 79.21 | H20: 79.21 | I20: 79.21 | J20: 79.21 | K20: 79.21 | L20: 79.21 | M20: 79.21 | N20: 79.21 | O20: 79.21 | P20: 79.21 | Q20: 79.21 | R20: 79.21 | S20: 79.21 | T20: 79.21 | U20: 79.21 | V20: 79.21 | W20: 79.21 | X20: 79.21 | Y20: 79.21 | Z20: 79.21 | AA20: 79.21 | AB20: =SUM(D20:AA20) -> 1901.04 | AC20: 4
C21: FESTIVO | D21: 79.21 | E21: 79.21 | F21: 79.21 | G21: 79.21 | H21: 79.21 | I21: 79.21 | J21: 79.21 | K21: 79.21 | L21: 79.21 | M21: 79.21 | N21: 79.21 | O21: 79.21 | P21: 79.21 | Q21: 79.21 | R21: 79.21 | S21: 79.21 | T21: 79.21 | U21: 79.21 | V21: 79.21 | W21: 79.21 | X21: 79.21 | Y21: 79.21 | Z21: 79.21 | AA21: 79.21 | AB21: =SUM(D21:AA21) -> 1901.04 | AC21: 6
B22: 46905 | C22: ORDINARIO | D22: 79.21 | E22: 79.21 | F22: 79.21 | G22: 79.21 | H22: 79.21 | I22: 79.21 | J22: 79.21 | K22: 79.21 | L22: 79.21 | M22: 79.21 | N22: 79.21 | O22: 79.21 | P22: 79.21 | Q22: 79.21 | R22: 79.21 | S22: 79.21 | T22: 79.21 | U22: 79.21 | V22: 79.21 | W22: 79.21 | X22: 79.21 | Y22: 79.21 | Z22: 79.21 | AA22: 79.21 | AB22: =SUM(D22:AA22) -> 1901.04 | AC22: 20 | AD22: =+AB22*AC22+AB23*AC23+AB24*AC24 -> 57031.2
C23: SABADO | D23: 79.21 | E23: 79.21 | F23: 79.21 | G23: 79.21 | H23: 79.21 | I23: 79.21 | J23: 79.21 | K23: 79.21 | L23: 79.21 | M23: 79.21 | N23: 79.21 | O23: 79.21 | P23: 79.21 | Q23: 79.21 | R23: 79.21 | S23: 79.21 | T23: 79.21 | U23: 79.21 | V23: 79.21 | W23: 79.21 | X23: 79.21 | Y23: 79.21 | Z23: 79.21 | AA23: 79.21 | AB23: =SUM(D23:AA23) -> 1901.04 | AC23: 4
C24: FESTIVO | D24: 79.21 | E24: 79.21 | F24: 79.21 | G24: 79.21 | H24: 79.21 | I24: 79.21 | J24: 79.21 | K24: 79.21 | L24: 79.21 | M24: 79.21 | N24: 79.21 | O24: 79.21 | P24: 79.21 | Q24: 79.21 | R24: 79.21 | S24: 79.21 | T24: 79.21 | U24: 79.21 | V24: 79.21 | W24: 79.21 | X24: 79.21 | Y24: 79.21 | Z24: 79.21 | AA24: 79.21 | AB24: =SUM(D24:AA24) -> 1901.04 | AC24: 6
B25: 46935 | C25: ORDINARIO | D25: 79.21 | E25: 79.21 | F25: 79.21 | G25: 79.21 | H25: 79.21 | I25: 79.21 | J25: 79.21 | K25: 79.21 | L25: 79.21 | M25: 79.21 | N25: 79.21 | O25: 79.21 | P25: 79.21 | Q25: 79.21 | R25: 79.21 | S25: 79.21 | T25: 79.21 | U25: 79.21 | V25: 79.21 | W25: 79.21 | X25: 79.21 | Y25: 79.21 | Z25: 79.21 | AA25: 79.21 | AB25: =SUM(D25:AA25) -> 1901.04 | AC25: 19 | AD25: =+AB25*AC25+AB26*AC26+AB27*AC27 -> 58932.24
C26: SABADO | D26: 79.21 | E26: 79.21 | F26: 79.21 | G26: 79.21 | H26: 79.21 | I26: 79.21 | J26: 79.21 | K26: 79.21 | L26: 79.21 | M26: 79.21 | N26: 79.21 | O26: 79.21 | P26: 79.21 | Q26: 79.21 | R26: 79.21 | S26: 79.21 | T26: 79.21 | U26: 79.21 | V26: 79.21 | W26: 79.21 | X26: 79.21 | Y26: 79.21 | Z26: 79.21 | AA26: 79.21 | AB26: =SUM(D26:AA26) -> 1901.04 | AC26: 5
C27: FESTIVO | D27: 79.21 | E27: 79.21 | F27: 79.21 | G27: 79.21 | H27: 79.21 | I27: 79.21 | J27: 79.21 | K27: 79.21 | L27: 79.21 | M27: 79.21 | N27: 79.21 | O27: 79.21 | P27: 79.21 | Q27: 79.21 | R27: 79.21 | S27: 79.21 | T27: 79.21 | U27: 79.21 | V27: 79.21 | W27: 79.21 | X27: 79.21 | Y27: 79.21 | Z27: 79.21 | AA27: 79.21 | AB27: =SUM(D27:AA27) -> 1901.04 | AC27: 7
B28: 46966 | C28: ORDINARIO | D28: 79.21 | E28: 79.21 | F28: 79.21 | G28: 79.21 | H28: 79.21 | I28: 79.21 | J28: 79.21 | K28: 79.21 | L28: 79.21 | M28: 79.21 | N28: 79.21 | O28: 79.21 | P28: 79.21 | Q28: 79.21 | R28: 79.21 | S28: 79.21 | T28: 79.21 | U28: 79.21 | V28: 79.21 | W28: 79.21 | X28: 79.21 | Y28: 79.21 | Z28: 79.21 | AA28: 79.21 | AB28: =SUM(D28:AA28) -> 1901.04 | AC28: 21 | AD28: =+AB28*AC28+AB29*AC29+AB30*AC30 -> 58932.24
C29: SABADO | D29: 79.21 | E29: 79.21 | F29: 79.21 | G29: 79.21 | H29: 79.21 | I29: 79.21 | J29: 79.21 | K29: 79.21 | L29: 79.21 | M29: 79.21 | N29: 79.21 | O29: 79.21 | P29: 79.21 | Q29: 79.21 | R29: 79.21 | S29: 79.21 | T29: 79.21 | U29: 79.21 | V29: 79.21 | W29: 79.21 | X29: 79.21 | Y29: 79.21 | Z29: 79.21 | AA29: 79.21 | AB29: =SUM(D29:AA29) -> 1901.04 | AC29: 4
C30: FESTIVO | D30: 79.21 | E30: 79.21 | F30: 79.21 | G30: 79.21 | H30: 79.21 | I30: 79.21 | J30: 79.21 | K30: 79.21 | L30: 79.21 | M30: 79.21 | N30: 79.21 | O30: 79.21 | P30: 79.21 | Q30: 79.21 | R30: 79.21 | S30: 79.21 | T30: 79.21 | U30: 79.21 | V30: 79.21 | W30: 79.21 | X30: 79.21 | Y30: 79.21 | Z30: 79.21 | AA30: 79.21 | AB30: =SUM(D30:AA30) -> 1901.04 | AC30: 6
B31: 46997 | C31: ORDINARIO | D31: 79.21 | E31: 79.21 | F31: 79.21 | G31: 79.21 | H31: 79.21 | I31: 79.21 | J31: 79.21 | K31: 79.21 | L31: 79.21 | M31: 79.21 | N31: 79.21 | O31: 79.21 | P31: 79.21 | Q31: 79.21 | R31: 79.21 | S31: 79.21 | T31: 79.21 | U31: 79.21 | V31: 79.21 | W31: 79.21 | X31: 79.21 | Y31: 79.21 | Z31: 79.21 | AA31: 79.21 | AB31: =SUM(D31:AA31) -> 1901.04 | AC31: 21 | AD31: =+AB31*AC31+AB32*AC32+AB33*AC33 -> 57031.2
C32: SABADO | D32: 79.21 | E32: 79.21 | F32: 79.21 | G32: 79.21 | H32: 79.21 | I32: 79.21 | J32: 79.21 | K32: 79.21 | L32: 79.21 | M32: 79.21 | N32: 79.21 | O32: 79.21 | P32: 79.21 | Q32: 79.21 | R32: 79.21 | S32: 79.21 | T32: 79.21 | U32: 79.21 | V32: 79.21 | W32: 79.21 | X32: 79.21 | Y32: 79.21 | Z32: 79.21 | AA32: 79.21 | AB32: =SUM(D32:AA32) -> 1901.04 | AC32: 5
C33: FESTIVO | D33: 79.21 | E33: 79.21 | F33: 79.21 | G33: 79.21 | H33: 79.21 | I33: 79.21 | J33: 79.21 | K33: 79.21 | L33: 79.21 | M33: 79.21 | N33: 79.21 | O33: 79.21 | P33: 79.21 | Q33: 79.21 | R33: 79.21 | S33: 79.21 | T33: 79.21 | U33: 79.21 | V33: 79.21 | W33: 79.21 | X33: 79.21 | Y33: 79.21 | Z33: 79.21 | AA33: 79.21 | AB33: =SUM(D33:AA33) -> 1901.04 | AC33: 4
B34: 47027 | C34: ORDINARIO | D34: 79.21 | E34: 79.21 | F34: 79.21 | G34: 79.21 | H34: 79.21 | I34: 79.21 | J34: 79.21 | K34: 79.21 | L34: 79.21 | M34: 79.21 | N34: 79.21 | O34: 79.21 | P34: 79.21 | Q34: 79.21 | R34: 79.21 | S34: 79.21 | T34: 79.21 | U34: 79.21 | V34: 79.21 | W34: 79.21 | X34: 79.21 | Y34: 79.21 | Z34: 79.21 | AA34: 79.21 | AB34: =SUM(D34:AA34) -> 1901.04 | AC34: 21 | AD34: =+AB34*AC34+AB35*AC35+AB36*AC36 -> 58932.24
C35: SABADO | D35: 79.21 | E35: 79.21 | F35: 79.21 | G35: 79.21 | H35: 79.21 | I35: 79.21 | J35: 79.21 | K35: 79.21 | L35: 79.21 | M35: 79.21 | N35: 79.21 | O35: 79.21 | P35: 79.21 | Q35: 79.21 | R35: 79.21 | S35: 79.21 | T35: 79.21 | U35: 79.21 | V35: 79.21 | W35: 79.21 | X35: 79.21 | Y35: 79.21 | Z35: 79.21 | AA35: 79.21 | AB35: =SUM(D35:AA35) -> 1901.04 | AC35: 4
C36: FESTIVO | D36: 79.21 | E36: 79.21 | F36: 79.21 | G36: 79.21 | H36: 79.21 | I36: 79.21 | J36: 79.21 | K36: 79.21 | L36: 79.21 | M36: 79.21 | N36: 79.21 | O36: 79.21 | P36: 79.21 | Q36: 79.21 | R36: 79.21 | S36: 79.21 | T36: 79.21 | U36: 79.21 | V36: 79.21 | W36: 79.21 | X36: 79.21 | Y36: 79.21 | Z36: 79.21 | AA36: 79.21 | AB36: =SUM(D36:AA36) -> 1901.04 | AC36: 6
B37: 47058 | C37: ORDINARIO | D37: 79.21 | E37: 79.21 | F37: 79.21 | G37: 79.21 | H37: 79.21 | I37: 79.21 | J37: 79.21 | K37: 79.21 | L37: 79.21 | M37: 79.21 | N37: 79.21 | O37: 79.21 | P37: 79.21 | Q37: 79.21 | R37: 79.21 | S37: 79.21 | T37: 79.21 | U37: 79.21 | V37: 79.21 | W37: 79.21 | X37: 79.21 | Y37: 79.21 | Z37: 79.21 | AA37: 79.21 | AB37: =SUM(D37:AA37) -> 1901.04 | AC37: 20 | AD37: =+AB37*AC37+AB38*AC38+AB39*AC39 -> 57031.2
C38: SABADO | D38: 79.21 | E38: 79.21 | F38: 79.21 | G38: 79.21 | H38: 79.21 | I38: 79.21 | J38: 79.21 | K38: 79.21 | L38: 79.21 | M38: 79.21 | N38: 79.21 | O38: 79.21 | P38: 79.21 | Q38: 79.21 | R38: 79.21 | S38: 79.21 | T38: 79.21 | U38: 79.21 | V38: 79.21 | W38: 79.21 | X38: 79.21 | Y38: 79.21 | Z38: 79.21 | AA38: 79.21 | AB38: =SUM(D38:AA38) -> 1901.04 | AC38: 4
C39: FESTIVO | D39: 79.21 | E39: 79.21 | F39: 79.21 | G39: 79.21 | H39: 79.21 | I39: 79.21 | J39: 79.21 | K39: 79.21 | L39: 79.21 | M39: 79.21 | N39: 79.21 | O39: 79.21 | P39: 79.21 | Q39: 79.21 | R39: 79.21 | S39: 79.21 | T39: 79.21 | U39: 79.21 | V39: 79.21 | W39: 79.21 | X39: 79.21 | Y39: 79.21 | Z39: 79.21 | AA39: 79.21 | AB39: =SUM(D39:AA39) -> 1901.04 | AC39: 6
B40: 47088 | C40: ORDINARIO | D40: 79.21 | E40: 79.21 | F40: 79.21 | G40: 79.21 | H40: 79.21 | I40: 79.21 | J40: 79.21 | K40: 79.21 | L40: 79.21 | M40: 79.21 | N40: 79.21 | O40: 79.21 | P40: 79.21 | Q40: 79.21 | R40: 79.21 | S40: 79.21 | T40: 79.21 | U40: 79.21 | V40: 79.21 | W40: 79.21 | X40: 79.21 | Y40: 79.21 | Z40: 79.21 | AA40: 79.21 | AB40: =SUM(D40:AA40) -> 1901.04 | AC40: 19 | AD40: =+AB40*AC40+AB41*AC41+AB42*AC42 -> 58932.24
C41: SABADO | D41: 79.21 | E41: 79.21 | F41: 79.21 | G41: 79.21 | H41: 79.21 | I41: 79.21 | J41: 79.21 | K41: 79.21 | L41: 79.21 | M41: 79.21 | N41: 79.21 | O41: 79.21 | P41: 79.21 | Q41: 79.21 | R41: 79.21 | S41: 79.21 | T41: 79.21 | U41: 79.21 | V41: 79.21 | W41: 79.21 | X41: 79.21 | Y41: 79.21 | Z41: 79.21 | AA41: 79.21 | AB41: =SUM(D41:AA41) -> 1901.04 | AC41: 5
C42: FESTIVO | D42: 79.21 | E42: 79.21 | F42: 79.21 | G42: 79.21 | H42: 79.21 | I42: 79.21 | J42: 79.21 | K42: 79.21 | L42: 79.21 | M42: 79.21 | N42: 79.21 | O42: 79.21 | P42: 79.21 | Q42: 79.21 | R42: 79.21 | S42: 79.21 | T42: 79.21 | U42: 79.21 | V42: 79.21 | W42: 79.21 | X42: 79.21 | Y42: 79.21 | Z42: 79.21 | AA42: 79.21 | AB42: =SUM(D42:AA42) -> 1901.04 | AC42: 7
AA43: ENERGÍA REQUERIDA | AD43: =SUM(AD7:AD42) -> 695780.64

Sheet P3_Anexo_2_2028
C3: EMPRESAS MUNICIPALES DE CALI- EMCALI EICE ESP
C4: CONVOCATORIA PÚBLICA PARA COMPRA DE ENERGÍA
C5: Código de Convocatoria SICEP No. CP-EMIC2025-003
C7: ANEXO No. 2 CANTIDADES Y PRECIOS OFERTADOS
C9: PRODUCTO 3 - 1 DE ENERO A 31 DE DICIEMBRE 2028 - PLANO
C12: AÑO | D12: Energía solicitada (MWh) | E12: Energía Ofertada (MWh) | F12: $/kWh
C13: 2028 | D13: =P3_Anexo_1_2028!AD43 -> 695780.64
C14: Total año | D14: =SUM(D13:D13) -> 695780.64
C17: NOTAS:
C18: 1- Se debe ofertar todo el año, la misma cantidad horaria por período
C19: 2- Se debe ofertar mínimo quince (15) MWh para cada período horario ofertado
C20: 3- La energía y los precios a ofertar deben ofrecerse en la modalidad monomia.
C21: 4- Precios en pesos constantes del mes de agosto de 2025.

Sheet P4_Anexo_1_2028
B2: ANEXO No. 1 - CANTIDADES DE ENERGÍA HORARIA Y MENSUAL A CONTRATAR | AG2: 1 DE ENERO A 31 DE DICIEMBRE 2028
B3: PRODUCTO 4 - 1 DE ENERO A 31 DE DICIEMBRE 2028
B5: ENERGÍA CURVA A SOLICITAR AÑO 2028 PARA MERCADO REGULADO (MWh)
B6: MES | C6: DÍA | D6: H1 | E6: H2 | F6: H3 | G6: H4 | H6: H5 | I6: H6 | J6: H7 | K6: H8 | L6: H9 | M6: H10 | N6: H11 | O6: H12 | P6: H13 | Q6: H14 | R6: H15 | S6: H16 | T6: H17 | U6: H18 | V6: H19 | W6: H20 | X6: H21 | Y6: H22 | Z6: H23 | AA6: H24 | AB6: TOTAL | AC6: No. Dias | AD6: TOTAL MES
B7: 46753 | C7: ORDINARIO | D7: 61.43 | E7: 43.53 | F7: 27.34 | G7: 22.17 | H7: 21.06 | I7: 19.32 | J7: 38.82 | K7: 36 | L7: 59.86 | M7: 76.76 | N7: 98.2 | O7: 121.05 | P7: 138.02 | Q7: 126.98 | R7: 116.35 | S7: 113.11 | T7: 116.11 | U7: 161.68 | V7: 174.21 | W7: 216.23 | X7: 213.64 | Y7: 197.65 | Z7: 159.32 | AA7: 79.99 | AB7: =SUM(D7:AA7) -> 2438.83 | AC7: 20 | AD7: =+AB7*AC7+AB8*AC8+AB9*AC9 -> 70038.93
C8: SABADO | D8: 53.92 | E8: 36.64 | F8: 21.02 | G8: 16.03 | H8: 14.96 | I8: 13.28 | J8: 32.09 | K8: 28.65 | L8: 51.58 | M8: 67.77 | N8: 88.4 | O8: 110.41 | P8: 126.82 | Q8: 116.23 | R8: 105.98 | S8: 102.91 | T8: 105.89 | U8: 151.34 | V8: 163.43 | W8: 203.98 | X8: 201.48 | Y8: 186.04 | Z8: 149.06 | AA8: 79.99 | AB8: =SUM(D8:AA8) -> 2227.9 | AC8: 4
C9: FESTIVO | D9: 37.41 | E9: 21.5 | F9: 7.13 | G9: 2.52 | H9: 1.55 | I9: 0 | J9: 17.32 | K9: 12.48 | L9: 33.38 | M9: 48.05 | N9: 66.85 | O9: 87.04 | P9: 102.22 | Q9: 92.59 | R9: 83.2 | S9: 80.5 | T9: 83.44 | U9: 128.61 | V9: 139.73 | W9: 177.06 | X9: 174.76 | Y9: 160.55 | Z9: 126.51 | AA9: 79.99 | AB9: =SUM(D9:AA9) -> 1764.39 | AC9: 7
B10: 46784 | C10: ORDINARIO | D10: 61.43 | E10: 43.53 | F10: 27.34 | G10: 22.17 | H10: 21.06 | I10: 19.32 | J10: 38.82 | K10: 36 | L10: 59.86 | M10: 76.76 | N10: 98.2 | O10: 121.05 | P10: 138.02 | Q10: 126.98 | R10: 116.35 | S10: 113.11 | T10: 116.11 | U10: 161.68 | V10: 174.21 | W10: 216.23 | X10: 213.64 | Y10: 197.65 | Z10: 159.32 | AA10: 79.99 | AB10: =SUM(D10:AA10) -> 2438.83 | AC10: 21 | AD10: =+AB10*AC10+AB11*AC11+AB12*AC12 -> 67184.59
C11: SABADO | D11: 53.92 | E11: 36.64 | F11: 21.02 | G11: 16.03 | H11: 14.96 | I11: 13.28 | J11: 32.09 | K11: 28.65 | L11: 51.58 | M11: 67.77 | N11: 88.4 | O11: 110.41 | P11: 126.82 | Q11: 116.23 | R11: 105.98 | S11: 102.91 | T11: 105.89 | U11: 151.34 | V11: 163.43 | W11: 203.98 | X11: 201.48 | Y11: 186.04 | Z11: 149.06 | AA11: 79.99 | AB11: =SUM(D11:AA11) -> 2227.9 | AC11: 4
C12: FESTIVO | D12: 37.41 | E12: 21.5 | F12: 7.13 | G12: 2.52 | H12: 1.55 | I12: 0 | J12: 17.32 | K12: 12.48 | L12: 33.38 | M12: 48.05 | N12: 66.85 | O12: 87.04 | P12: 102.22 | Q12: 92.59 | R12: 83.2 | S12: 80.5 | T12: 83.44 | U12: 128.61 | V12: 139.73 | W12: 177.06 | X12: 174.76 | Y12: 160.55 | Z12: 126.51 | AA12: 79.99 | AB12: =SUM(D12:AA12) -> 1764.39 | AC12: 4
B13: 46813 | C13: ORDINARIO | D13: 61.43 | E13: 43.53 | F13: 27.34 | G13: 22.17 | H13: 21.06 | I13: 19.32 | J13: 38.82 | K13: 36 | L13: 59.86 | M13: 76.76 | N13: 98.2 | O13: 121.05 | P13: 138.02 | Q13: 126.98 | R13: 116.35 | S13: 113.11 | T13: 116.11 | U13: 161.68 | V13: 174.21 | W13: 216.23 | X13: 213.64 | Y13: 197.65 | Z13: 159.32 | AA13: 79.99 | AB13: =SUM(D13:AA13) -> 2438.83 | AC13: 22 | AD13: =+AB13*AC13+AB14*AC14+AB15*AC15 -> 71387.81
C14: SABADO | D14: 53.92 | E14: 36.64 | F14: 21.02 | G14: 16.03 | H14: 14.96 | I14: 13.28 | J14: 32.09 | K14: 28.65 | L14: 51.58 | M14: 67.77 | N14: 88.4 | O14: 110.41 | P14: 126.82 | Q14: 116.23 | R14: 105.98 | S14: 102.91 | T14: 105.89 | U14: 151.34 | V14: 163.43 | W14: 203.98 | X14: 201.48 | Y14: 186.04 | Z14: 149.06 | AA14: 79.99 | AB14: =SUM(D14:AA14) -> 2227.9 | AC14: 4
C15: FESTIVO | D15: 37.41 | E15: 21.5 | F15: 7.13 | G15: 2.52 | H15: 1.55 | I15: 0 | J15: 17.32 | K15: 12.48 | L15: 33.38 | M15: 48.05 | N15: 66.85 | O15: 87.04 | P15: 102.22 | Q15: 92.59 | R15: 83.2 | S15: 80.5 | T15: 83.44 | U15: 128.61 | V15: 139.73 | W15: 177.06 | X15: 174.76 | Y15: 160.55 | Z15: 126.51 | AA15: 79.99 | AB15: =SUM(D15:AA15) -> 1764.39 | AC15: 5
B16: 46844 | C16: ORDINARIO | D16: 61.43 | E16: 43.53 | F16: 27.34 | G16: 22.17 | H16: 21.06 | I16: 19.32 | J16: 38.82 | K16: 36 | L16: 59.86 | M16: 76.76 | N16: 98.2 | O16: 121.05 | P16: 138.02 | Q16: 126.98 | R16: 116.35 | S16: 113.11 | T16: 116.11 | U16: 161.68 | V16: 174.21 | W16: 216.23 | X16: 213.64 | Y16: 197.65 | Z16: 159.32 | AA16: 79.99 | AB16: =SUM(D16:AA16) -> 2438.83 | AC16: 18 | AD16: =+AB16*AC16+AB17*AC17+AB18*AC18 -> 67389.17
C17: SABADO | D17: 53.92 | E17: 36.64 | F17: 21.02 | G17: 16.03 | H17: 14.96 | I17: 13.28 | J17: 32.09 | K17: 28.65 | L17: 51.58 | M17: 67.77 | N17: 88.4 | O17: 110.41 | P17: 126.82 | Q17: 116.23 | R17: 105.98 | S17: 102.91 | T17: 105.89 | U17: 151.34 | V17: 163.43 | W17: 203.98 | X17: 201.48 | Y17: 186.04 | Z17: 149.06 | AA17: 79.99 | AB17: =SUM(D17:AA17) -> 2227.9 | AC17: 5
C18: FESTIVO | D18: 37.41 | E18: 21.5 | F18: 7.13 | G18: 2.52 | H18: 1.55 | I18: 0 | J18: 17.32 | K18: 12.48 | L18: 33.38 | M18: 48.05 | N18: 66.85 | O18: 87.04 | P18: 102.22 | Q18: 92.59 | R18: 83.2 | S18: 80.5 | T18: 83.44 | U18: 128.61 | V18: 139.73 | W18: 177.06 | X18: 174.76 | Y18: 160.55 | Z18: 126.51 | AA18: 79.99 | AB18: =SUM(D18:AA18) -> 1764.39 | AC18: 7
B19: 46874 | C19: ORDINARIO | D19: 61.43 | E19: 43.53 | F19: 27.34 | G19: 22.17 | H19: 21.06 | I19: 19.32 | J19: 38.82 | K19: 36 | L19: 59.86 | M19: 76.76 | N19: 98.2 | O19: 121.05 | P19: 138.02 | Q19: 126.98 | R19: 116.35 | S19: 113.11 | T19: 116.11 | U19: 161.68 | V19: 174.21 | W19: 216.23 | X19: 213.64 | Y19: 197.65 | Z19: 159.32 | AA19: 79.99 | AB19: =SUM(D19:AA19) -> 2438.83 | AC19: 21 | AD19: =+AB19*AC19+AB20*AC20+AB21*AC21 -> 70713.37
C20: SABADO | D20: 53.92 | E20: 36.64 | F20: 21.02 | G20: 16.03 | H20: 14.96 | I20: 13.28 | J20: 32.09 | K20: 28.65 | L20: 51.58 | M20: 67.77 | N20: 88.4 | O20: 110.41 | P20: 126.82 | Q20: 116.23 | R20: 105.98 | S20: 102.91 | T20: 105.89 | U20: 151.34 | V20: 163.43 | W20: 203.98 | X20: 201.48 | Y20: 186.04 | Z20: 149.06 | AA20: 79.99 | AB20: =SUM(D20:AA20) -> 2227.9 | AC20: 4
C21: FESTIVO | D21: 37.41 | E21: 21.5 | F21: 7.13 | G21: 2.52 | H21: 1.55 | I21: 0 | J21: 17.32 | K21: 12.48 | L21: 33.38 | M21: 48.05 | N21: 66.85 | O21: 87.04 | P21: 102.22 | Q21: 92.59 | R21: 83.2 | S21: 80.5 | T21: 83.44 | U21: 128.61 | V21: 139.73 | W21: 177.06 | X21: 174.76 | Y21: 160.55 | Z21: 126.51 | AA21: 79.99 | AB21: =SUM(D21:AA21) -> 1764.39 | AC21: 6
B22: 46905 | C22: ORDINARIO | D22: 61.43 | E22: 43.53 | F22: 27.34 | G22: 22.17 | H22: 21.06 | I22: 19.32 | J22: 38.82 | K22: 36 | L22: 59.86 | M22: 76.76 | N22: 98.2 | O22: 121.05 | P22: 138.02 | Q22: 126.98 | R22: 116.35 | S22: 113.11 | T22: 116.11 | U22: 161.68 | V22: 174.21 | W22: 216.23 | X22: 213.64 | Y22: 197.65 | Z22: 159.32 | AA22: 79.99 | AB22: =SUM(D22:AA22) -> 2438.83 | AC22: 20 | AD22: =+AB22*AC22+AB23*AC23+AB24*AC24 -> 68274.54
C23: SABADO | D23: 53.92 | E23: 36.64 | F23: 21.02 | G23: 16.03 | H23: 14.96 | I23: 13.28 | J23: 32.09 | K23: 28.65 | L23: 51.58 | M23: 67.77 | N23: 88.4 | O23: 110.41 | P23: 126.82 | Q23: 116.23 | R23: 105.98 | S23: 102.91 | T23: 105.89 | U23: 151.34 | V23: 163.43 | W23: 203.98 | X23: 201.48 | Y23: 186.04 | Z23: 149.06 | AA23: 79.99 | AB23: =SUM(D23:AA23) -> 2227.9 | AC23: 4
C24: FESTIVO | D24: 37.41 | E24: 21.5 | F24: 7.13 | G24: 2.52 | H24: 1.55 | I24: 0 | J24: 17.32 | K24: 12.48 | L24: 33.38 | M24: 48.05 | N24: 66.85 | O24: 87.04 | P24: 102.22 | Q24: 92.59 | R24: 83.2 | S24: 80.5 | T24: 83.44 | U24: 128.61 | V24: 139.73 | W24: 177.06 | X24: 174.76 | Y24: 160.55 | Z24: 126.51 | AA24: 79.99 | AB24: =SUM(D24:AA24) -> 1764.39 | AC24: 6
B25: 46935 | C25: ORDINARIO | D25: 61.43 | E25: 43.53 | F25: 27.34 | G25: 22.17 | H25: 21.06 | I25: 19.32 | J25: 38.82 | K25: 36 | L25: 59.86 | M25: 76.76 | N25: 98.2 | O25: 121.05 | P25: 138.02 | Q25: 126.98 | R25: 116.35 | S25: 113.11 | T25: 116.11 | U25: 161.68 | V25: 174.21 | W25: 216.23 | X25: 213.64 | Y25: 197.65 | Z25: 159.32 | AA25: 79.99 | AB25: =SUM(D25:AA25) -> 2438.83 | AC25: 19 | AD25: =+AB25*AC25+AB26*AC26+AB27*AC27 -> 69828
C26: SABADO | D26: 53.92 | E26: 36.64 | F26: 21.02 | G26: 16.03 | H26: 14.96 | I26: 13.28 | J26: 32.09 | K26: 28.65 | L26: 51.58 | M26: 67.77 | N26: 88.4 | O26: 110.41 | P26: 126.82 | Q26: 116.23 | R26: 105.98 | S26: 102.91 | T26: 105.89 | U26: 151.34 | V26: 163.43 | W26: 203.98 | X26: 201.48 | Y26: 186.04 | Z26: 149.06 | AA26: 79.99 | AB26: =SUM(D26:AA26) -> 2227.9 | AC26: 5
C27: FESTIVO | D27: 37.41 | E27: 21.5 | F27: 7.13 | G27: 2.52 | H27: 1.55 | I27: 0 | J27: 17.32 | K27: 12.48 | L27: 33.38 | M27: 48.05 | N27: 66.85 | O27: 87.04 | P27: 102.22 | Q27: 92.59 | R27: 83.2 | S27: 80.5 | T27: 83.44 | U27: 128.61 | V27: 139.73 | W27: 177.06 | X27: 174.76 | Y27: 160.55 | Z27: 126.51 | AA27: 79.99 | AB27: =SUM(D27:AA27) -> 1764.39 | AC27: 7
B28: 46966 | C28: ORDINARIO | D28: 61.43 | E28: 43.53 | F28: 27.34 | G28: 22.17 | H28: 21.06 | I28: 19.32 | J28: 38.82 | K28: 36 | L28: 59.86 | M28: 76.76 | N28: 98.2 | O28: 121.05 | P28: 138.02 | Q28: 126.98 | R28: 116.35 | S28: 113.11 | T28: 116.11 | U28: 161.68 | V28: 174.21 | W28: 216.23 | X28: 213.64 | Y28: 197.65 | Z28: 159.32 | AA28: 79.99 | AB28: =SUM(D28:AA28) -> 2438.83 | AC28: 21 | AD28: =+AB28*AC28+AB29*AC29+AB30*AC30 -> 70713.37
C29: SABADO | D29: 53.92 | E29: 36.64 | F29: 21.02 | G29: 16.03 | H29: 14.96 | I29: 13.28 | J29: 32.09 | K29: 28.65 | L29: 51.58 | M29: 67.77 | N29: 88.4 | O29: 110.41 | P29: 126.82 | Q29: 116.23 | R29: 105.98 | S29: 102.91 | T29: 105.89 | U29: 151.34 | V29: 163.43 | W29: 203.98 | X29: 201.48 | Y29: 186.04 | Z29: 149.06 | AA29: 79.99 | AB29: =SUM(D29:AA29) -> 2227.9 | AC29: 4
C30: FESTIVO | D30: 37.41 | E30: 21.5 | F30: 7.13 | G30: 2.52 | H30: 1.55 | I30: 0 | J30: 17.32 | K30: 12.48 | L30: 33.38 | M30: 48.05 | N30: 66.85 | O30: 87.04 | P30: 102.22 | Q30: 92.59 | R30: 83.2 | S30: 80.5 | T30: 83.44 | U30: 128.61 | V30: 139.73 | W30: 177.06 | X30: 174.76 | Y30: 160.55 | Z30: 126.51 | AA30: 79.99 | AB30: =SUM(D30:AA30) -> 1764.39 | AC30: 6
B31: 46997 | C31: ORDINARIO | D31: 61.43 | E31: 43.53 | F31: 27.34 | G31: 22.17 | H31: 21.06 | I31: 19.32 | J31: 38.82 | K31: 36 | L31: 59.86 | M31: 76.76 | N31: 98.2 | O31: 121.05 | P31: 138.02 | Q31: 126.98 | R31: 116.35 | S31: 113.11 | T31: 116.11 | U31: 161.68 | V31: 174.21 | W31: 216.23 | X31: 213.64 | Y31: 197.65 | Z31: 159.32 | AA31: 79.99 | AB31: =SUM(D31:AA31) -> 2438.83 | AC31: 21 | AD31: =+AB31*AC31+AB32*AC32+AB33*AC33 -> 69412.49
C32: SABADO | D32: 53.92 | E32: 36.64 | F32: 21.02 | G32: 16.03 | H32: 14.96 | I32: 13.28 | J32: 32.09 | K32: 28.65 | L32: 51.58 | M32: 67.77 | N32: 88.4 | O32: 110.41 | P32: 126.82 | Q32: 116.23 | R32: 105.98 | S32: 102.91 | T32: 105.89 | U32: 151.34 | V32: 163.43 | W32: 203.98 | X32: 201.48 | Y32: 186.04 | Z32: 149.06 | AA32: 79.99 | AB32: =SUM(D32:AA32) -> 2227.9 | AC32: 5
C33: FESTIVO | D33: 37.41 | E33: 21.5 | F33: 7.13 | G33: 2.52 | H33: 1.55 | I33: 0 | J33: 17.32 | K33: 12.48 | L33: 33.38 | M33: 48.05 | N33: 66.85 | O33: 87.04 | P33: 102.22 | Q33: 92.59 | R33: 83.2 | S33: 80.5 | T33: 83.44 | U33: 128.61 | V33: 139.73 | W33: 177.06 | X33: 174.76 | Y33: 160.55 | Z33: 126.51 | AA33: 79.99 | AB33: =SUM(D33:AA33) -> 1764.39 | AC33: 4
B34: 47027 | C34: ORDINARIO | D34: 61.43 | E34: 43.53 | F34: 27.34 | G34: 22.17 | H34: 21.06 | I34: 19.32 | J34: 38.82 | K34: 36 | L34: 59.86 | M34: 76.76 | N34: 98.2 | O34: 121.05 | P34: 138.02 | Q34: 126.98 | R34: 116.35 | S34: 113.11 | T34: 116.11 | U34: 161.68 | V34: 174.21 | W34: 216.23 | X34: 213.64 | Y34: 197.65 | Z34: 159.32 | AA34: 79.99 | AB34: =SUM(D34:AA34) -> 2438.83 | AC34: 21 | AD34: =+AB34*AC34+AB35*AC35+AB36*AC36 -> 70713.37
C35: SABADO | D35: 53.92 | E35: 36.64 | F35: 21.02 | G35: 16.03 | H35: 14.96 | I35: 13.28 | J35: 32.09 | K35: 28.65 | L35: 51.58 | M35: 67.77 | N35: 88.4 | O35: 110.41 | P35: 126.82 | Q35: 116.23 | R35: 105.98 | S35: 102.91 | T35: 105.89 | U35: 151.34 | V35: 163.43 | W35: 203.98 | X35: 201.48 | Y35: 186.04 | Z35: 149.06 | AA35: 79.99 | AB35: =SUM(D35:AA35) -> 2227.9 | AC35: 4
C36: FESTIVO | D36: 37.41 | E36: 21.5 | F36: 7.13 | G36: 2.52 | H36: 1.55 | I36: 0 | J36: 17.32 | K36: 12.48 | L36: 33.38 | M36: 48.05 | N36: 66.85 | O36: 87.04 | P36: 102.22 | Q36: 92.59 | R36: 83.2 | S36: 80.5 | T36: 83.44 | U36: 128.61 | V36: 139.73 | W36: 177.06 | X36: 174.76 | Y36: 160.55 | Z36: 126.51 | AA36: 79.99 | AB36: =SUM(D36:AA36) -> 1764.39 | AC36: 6
B37: 47058 | C37: ORDINARIO | D37: 61.43 | E37: 43.53 | F37: 27.34 | G37: 22.17 | H37: 21.06 | I37: 19.32 | J37: 38.82 | K37: 36 | L37: 59.86 | M37: 76.76 | N37: 98.2 | O37: 121.05 | P37: 138.02 | Q37: 126.98 | R37: 116.35 | S37: 113.11 | T37: 116.11 | U37: 161.68 | V37: 174.21 | W37: 216.23 | X37: 213.64 | Y37: 197.65 | Z37: 159.32 | AA37: 79.99 | AB37: =SUM(D37:AA37) -> 2438.83 | AC37: 20 | AD37: =+AB37*AC37+AB38*AC38+AB39*AC39 -> 68274.54
C38: SABADO | D38: 53.92 | E38: 36.64 | F38: 21.02 | G38: 16.03 | H38: 14.96 | I38: 13.28 | J38: 32.09 | K38: 28.65 | L38: 51.58 | M38: 67.77 | N38: 88.4 | O38: 110.41 | P38: 126.82 | Q38: 116.23 | R38: 105.98 | S38: 102.91 | T38: 105.89 | U38: 151.34 | V38: 163.43 | W38: 203.98 | X38: 201.48 | Y38: 186.04 | Z38: 149.06 | AA38: 79.99 | AB38: =SUM(D38:AA38) -> 2227.9 | AC38: 4
C39: FESTIVO | D39: 37.41 | E39: 21.5 | F39: 7.13 | G39: 2.52 | H39: 1.55 | I39: 0 | J39: 17.32 | K39: 12.48 | L39: 33.38 | M39: 48.05 | N39: 66.85 | O39: 87.04 | P39: 102.22 | Q39: 92.59 | R39: 83.2 | S39: 80.5 | T39: 83.44 | U39: 128.61 | V39: 139.73 | W39: 177.06 | X39: 174.76 | Y39: 160.55 | Z39: 126.51 | AA39: 79.99 | AB39: =SUM(D39:AA39) -> 1764.39 | AC39: 6
B40: 47088 | C40: ORDINARIO | D40: 61.43 | E40: 43.53 | F40: 27.34 | G40: 22.17 | H40: 21.06 | I40: 19.32 | J40: 38.82 | K40: 36 | L40: 59.86 | M40: 76.76 | N40: 98.2 | O40: 121.05 | P40: 138.02 | Q40: 126.98 | R40: 116.35 | S40: 113.11 | T40: 116.11 | U40: 161.68 | V40: 174.21 | W40: 216.23 | X40: 213.64 | Y40: 197.65 | Z40: 159.32 | AA40: 79.99 | AB40: =SUM(D40:AA40) -> 2438.83 | AC40: 19 | AD40: =+AB40*AC40+AB41*AC41+AB42*AC42 -> 69828
C41: SABADO | D41: 53.92 | E41: 36.64 | F41: 21.02 | G41: 16.03 | H41: 14.96 | I41: 13.28 | J41: 32.09 | K41: 28.65 | L41: 51.58 | M41: 67.77 | N41: 88.4 | O41: 110.41 | P41: 126.82 | Q41: 116.23 | R41: 105.98 | S41: 102.91 | T41: 105.89 | U41: 151.34 | V41: 163.43 | W41: 203.98 | X41: 201.48 | Y41: 186.04 | Z41: 149.06 | AA41: 79.99 | AB41: =SUM(D41:AA41) -> 2227.9 | AC41: 5
C42: FESTIVO | D42: 37.41 | E42: 21.5 | F42: 7.13 | G42: 2.52 | H42: 1.55 | I42: 0 | J42: 17.32 | K42: 12.48 | L42: 33.38 | M42: 48.05 | N42: 66.85 | O42: 87.04 | P42: 102.22 | Q42: 92.59 | R42: 83.2 | S42: 80.5 | T42: 83.44 | U42: 128.61 | V42: 139.73 | W42: 177.06 | X42: 174.76 | Y42: 160.55 | Z42: 126.51 | AA42: 79.99 | AB42: =SUM(D42:AA42) -> 1764.39 | AC42: 7
AA43: ENERGÍA REQUERIDA | AD43: =SUM(AD7:AD42) -> 833758.18

Sheet P4_Anexo_2_2028
C3: EMPRESAS MUNICIPALES DE CALI- EMCALI EICE ESP
C4: CONVOCATORIA PÚBLICA PARA COMPRA DE ENERGÍA
C5: Código de Convocatoria SICEP No. CP-EMIC2025-003
C7: ANEXO No. 2 CANTIDADES Y PRECIOS OFERTADOS
C9: PRODUCTO 4 - 1 DE ENERO A 31 DE DICIEMBRE 2028 - CURVA
C12: AÑO | D12: Energía solicitada (MWh) | E12: Energía Ofertada (MWh) | F12: $/kWh
C13: 2028 | D13: =P4_Anexo_1_2028!AD43 -> 833758.18
C14: Total año | D14: =SUM(D13:D13) -> 833758.18
C17: NOTAS:
C18: 1- La cantidad a ofertar puede ser parcial o total de la energía solicitada.
C19: 2- Precios en pesos constantes del mes de agosto de 2025.
C20: 3- La energía y los precios a ofertar deben ofrecerse en la modalidad monomia.
C21: 4- Las cantidades ofertadas siguen la curva indicada en los términos de referencia

Sheet P5_Anexo_1_2029
B2: ANEXO No. 1 - CANTIDADES DE ENERGÍA HORARIA Y MENSUAL A CONTRATAR
B3: PRODUCTO 5 - 1 DE ENERO A 31 DE DICIEMBRE 2029
B5: ENERGÍA PLANA A SOLICITAR AÑO 2029 PARA MERCADO REGULADO (MWh)
B6: MES | C6: DÍA | D6: H1 | E6: H2 | F6: H3 | G6: H4 | H6: H5 | I6: H6 | J6: H7 | K6: H8 | L6: H9 | M6: H10 | N6: H11 | O6: H12 | P6: H13 | Q6: H14 | R6: H15 | S6: H16 | T6: H17 | U6: H18 | V6: H19 | W6: H20 | X6: H21 | Y6: H22 | Z6: H23 | AA6: H24 | AB6: TOTAL | AC6: No. Dias | AD6: TOTAL MES
B7: 47119 | C7: ORDINARIO | D7: 76.89 | E7: 76.89 | F7: 76.89 | G7: 76.89 | H7: 76.89 | I7: 76.89 | J7: 76.89 | K7: 76.89 | L7: 76.89 | M7: 76.89 | N7: 76.89 | O7: 76.89 | P7: 76.89 | Q7: 76.89 | R7: 76.89 | S7: 76.89 | T7: 76.89 | U7: 76.89 | V7: 76.89 | W7: 76.89 | X7: 76.89 | Y7: 76.89 | Z7: 76.89 | AA7: 76.89 | AB7: =SUM(D7:AA7) -> 1845.36 | AC7: 21 | AD7: =+AB7*AC7+AB8*AC8+AB9*AC9 -> 57206.16
C8: SABADO | D8: 76.89 | E8: 76.89 | F8: 76.89 | G8: 76.89 | H8: 76.89 | I8: 76.89 | J8: 76.89 | K8: 76.89 | L8: 76.89 | M8: 76.89 | N8: 76.89 | O8: 76.89 | P8: 76.89 | Q8: 76.89 | R8: 76.89 | S8: 76.89 | T8: 76.89 | U8: 76.89 | V8: 76.89 | W8: 76.89 | X8: 76.89 | Y8: 76.89 | Z8: 76.89 | AA8: 76.89 | AB8: =SUM(D8:AA8) -> 1845.36 | AC8: 4
C9: FESTIVO | D9: 76.89 | E9: 76.89 | F9: 76.89 | G9: 76.89 | H9: 76.89 | I9: 76.89 | J9: 76.89 | K9: 76.89 | L9: 76.89 | M9: 76.89 | N9: 76.89 | O9: 76.89 | P9: 76.89 | Q9: 76.89 | R9: 76.89 | S9: 76.89 | T9: 76.89 | U9: 76.89 | V9: 76.89 | W9: 76.89 | X9: 76.89 | Y9: 76.89 | Z9: 76.89 | AA9: 76.89 | AB9: =SUM(D9:AA9) -> 1845.36 | AC9: 6
B10: 47150 | C10: ORDINARIO | D10: 76.89 | E10: 76.89 | F10: 76.89 | G10: 76.89 | H10: 76.89 | I10: 76.89 | J10: 76.89 | K10: 76.89 | L10: 76.89 | M10: 76.89 | N10: 76.89 | O10: 76.89 | P10: 76.89 | Q10: 76.89 | R10: 76.89 | S10: 76.89 | T10: 76.89 | U10: 76.89 | V10: 76.89 | W10: 76.89 | X10: 76.89 | Y10: 76.89 | Z10: 76.89 | AA10: 76.89 | AB10: =SUM(D10:AA10) -> 1845.36 | AC10: 20 | AD10: =+AB10*AC10+AB11*AC11+AB12*AC12 -> 51670.08
C11: SABADO | D11: 76.89 | E11: 76.89 | F11: 76.89 | G11: 76.89 | H11: 76.89 | I11: 76.89 | J11: 76.89 | K11: 76.89 | L11: 76.89 | M11: 76.89 | N11: 76.89 | O11: 76.89 | P11: 76.89 | Q11: 76.89 | R11: 76.89 | S11: 76.89 | T11: 76.89 | U11: 76.89 | V11: 76.89 | W11: 76.89 | X11: 76.89 | Y11: 76.89 | Z11: 76.89 | AA11: 76.89 | AB11: =SUM(D11:AA11) -> 1845.36 | AC11: 4
C12: FESTIVO | D12: 76.89 | E12: 76.89 | F12: 76.89 | G12: 76.89 | H12: 76.89 | I12: 76.89 | J12: 76.89 | K12: 76.89 | L12: 76.89 | M12: 76.89 | N12: 76.89 | O12: 76.89 | P12: 76.89 | Q12: 76.89 | R12: 76.89 | S12: 76.89 | T12: 76.89 | U12: 76.89 | V12: 76.89 | W12: 76.89 | X12: 76.89 | Y12: 76.89 | Z12: 76.89 | AA12: 76.89 | AB12: =SUM(D12:AA12) -> 1845.36 | AC12: 4
B13: 47178 | C13: ORDINARIO | D13: 76.89 | E13: 76.89 | F13: 76.89 | G13: 76.89 | H13: 76.89 | I13: 76.89 | J13: 76.89 | K13: 76.89 | L13: 76.89 | M13: 76.89 | N13: 76.89 | O13: 76.89 | P13: 76.89 | Q13: 76.89 | R13: 76.89 | S13: 76.89 | T13: 76.89 | U13: 76.89 | V13: 76.89 | W13: 76.89 | X13: 76.89 | Y13: 76.89 | Z13: 76.89 | AA13: 76.89 | AB13: =SUM(D13:AA13) -> 1845.36 | AC13: 19 | AD13: =+AB13*AC13+AB14*AC14+AB15*AC15 -> 57206.16
C14: SABADO | D14: 76.89 | E14: 76.89 | F14: 76.89 | G14: 76.89 | H14: 76.89 | I14: 76.89 | J14: 76.89 | K14: 76.89 | L14: 76.89 | M14: 76.89 | N14: 76.89 | O14: 76.89 | P14: 76.89 | Q14: 76.89 | R14: 76.89 | S14: 76.89 | T14: 76.89 | U14: 76.89 | V14: 76.89 | W14: 76.89 | X14: 76.89 | Y14: 76.89 | Z14: 76.89 | AA14: 76.89 | AB14: =SUM(D14:AA14) -> 1845.36 | AC14: 5
C15: FESTIVO | D15: 76.89 | E15: 76.89 | F15: 76.89 | G15: 76.89 | H15: 76.89 | I15: 76.89 | J15: 76.89 | K15: 76.89 | L15: 76.89 | M15: 76.89 | N15: 76.89 | O15: 76.89 | P15: 76.89 | Q15: 76.89 | R15: 76.89 | S15: 76.89 | T15: 76.89 | U15: 76.89 | V15: 76.89 | W15: 76.89 | X15: 76.89 | Y15: 76.89 | Z15: 76.89 | AA15: 76.89 | AB15: =SUM(D15:AA15) -> 1845.36 | AC15: 7
B16: 47209 | C16: ORDINARIO | D16: 76.89 | E16: 76.89 | F16: 76.89 | G16: 76.89 | H16: 76.89 | I16: 76.89 | J16: 76.89 | K16: 76.89 | L16: 76.89 | M16: 76.89 | N16: 76.89 | O16: 76.89 | P16: 76.89 | Q16: 76.89 | R16: 76.89 | S16: 76.89 | T16: 76.89 | U16: 76.89 | V16: 76.89 | W16: 76.89 | X16: 76.89 | Y16: 76.89 | Z16: 76.89 | AA16: 76.89 | AB16: =SUM(D16:AA16) -> 1845.36 | AC16: 21 | AD16: =+AB16*AC16+AB17*AC17+AB18*AC18 -> 55360.8
C17: SABADO | D17: 76.89 | E17: 76.89 | F17: 76.89 | G17: 76.89 | H17: 76.89 | I17: 76.89 | J17: 76.89 | K17: 76.89 | L17: 76.89 | M17: 76.89 | N17: 76.89 | O17: 76.89 | P17: 76.89 | Q17: 76.89 | R17: 76.89 | S17: 76.89 | T17: 76.89 | U17: 76.89 | V17: 76.89 | W17: 76.89 | X17: 76.89 | Y17: 76.89 | Z17: 76.89 | AA17: 76.89 | AB17: =SUM(D17:AA17) -> 1845.36 | AC17: 4
C18: FESTIVO | D18: 76.89 | E18: 76.89 | F18: 76.89 | G18: 76.89 | H18: 76.89 | I18: 76.89 | J18: 76.89 | K18: 76.89 | L18: 76.89 | M18: 76.89 | N18: 76.89 | O18: 76.89 | P18: 76.89 | Q18: 76.89 | R18: 76.89 | S18: 76.89 | T18: 76.89 | U18: 76.89 | V18: 76.89 | W18: 76.89 | X18: 76.89 | Y18: 76.89 | Z18: 76.89 | AA18: 76.89 | AB18: =SUM(D18:AA18) -> 1845.36 | AC18: 5
B19: 47239 | C19: ORDINARIO | D19: 76.89 | E19: 76.89 | F19: 76.89 | G19: 76.89 | H19: 76.89 | I19: 76.89 | J19: 76.89 | K19: 76.89 | L19: 76.89 | M19: 76.89 | N19: 76.89 | O19: 76.89 | P19: 76.89 | Q19: 76.89 | R19: 76.89 | S19: 76.89 | T19: 76.89 | U19: 76.89 | V19: 76.89 | W19: 76.89 | X19: 76.89 | Y19: 76.89 | Z19: 76.89 | AA19: 76.89 | AB19: =SUM(D19:AA19) -> 1845.36 | AC19: 21 | AD19: =+AB19*AC19+AB20*AC20+AB21*AC21 -> 57206.16
C20: SABADO | D20: 76.89 | E20: 76.89 | F20: 76.89 | G20: 76.89 | H20: 76.89 | I20: 76.89 | J20: 76.89 | K20: 76.89 | L20: 76.89 | M20: 76.89 | N20: 76.89 | O20: 76.89 | P20: 76.89 | Q20: 76.89 | R20: 76.89 | S20: 76.89 | T20: 76.89 | U20: 76.89 | V20: 76.89 | W20: 76.89 | X20: 76.89 | Y20: 76.89 | Z20: 76.89 | AA20: 76.89 | AB20: =SUM(D20:AA20) -> 1845.36 | AC20: 4
C21: FESTIVO | D21: 76.89 | E21: 76.89 | F21: 76.89 | G21: 76.89 | H21: 76.89 | I21: 76.89 | J21: 76.89 | K21: 76.89 | L21: 76.89 | M21: 76.89 | N21: 76.89 | O21: 76.89 | P21: 76.89 | Q21: 76.89 | R21: 76.89 | S21: 76.89 | T21: 76.89 | U21: 76.89 | V21: 76.89 | W21: 76.89 | X21: 76.89 | Y21: 76.89 | Z21: 76.89 | AA21: 76.89 | AB21: =SUM(D21:AA21) -> 1845.36 | AC21: 6
B22: 47270 | C22: ORDINARIO | D22: 76.89 | E22: 76.89 | F22: 76.89 | G22: 76.89 | H22: 76.89 | I22: 76.89 | J22: 76.89 | K22: 76.89 | L22: 76.89 | M22: 76.89 | N22: 76.89 | O22: 76.89 | P22: 76.89 | Q22: 76.89 | R22: 76.89 | S22: 76.89 | T22: 76.89 | U22: 76.89 | V22: 76.89 | W22: 76.89 | X22: 76.89 | Y22: 76.89 | Z22: 76.89 | AA22: 76.89 | AB22: =SUM(D22:AA22) -> 1845.36 | AC22: 19 | AD22: =+AB22*AC22+AB23*AC23+AB24*AC24 -> 55360.8
C23: SABADO | D23: 76.89 | E23: 76.89 | F23: 76.89 | G23: 76.89 | H23: 76.89 | I23: 76.89 | J23: 76.89 | K23: 76.89 | L23: 76.89 | M23: 76.89 | N23: 76.89 | O23: 76.89 | P23: 76.89 | Q23: 76.89 | R23: 76.89 | S23: 76.89 | T23: 76.89 | U23: 76.89 | V23: 76.89 | W23: 76.89 | X23: 76.89 | Y23: 76.89 | Z23: 76.89 | AA23: 76.89 | AB23: =SUM(D23:AA23) -> 1845.36 | AC23: 5
C24: FESTIVO | D24: 76.89 | E24: 76.89 | F24: 76.89 | G24: 76.89 | H24: 76.89 | I24: 76.89 | J24: 76.89 | K24: 76.89 | L24: 76.89 | M24: 76.89 | N24: 76.89 | O24: 76.89 | P24: 76.89 | Q24: 76.89 | R24: 76.89 | S24: 76.89 | T24: 76.89 | U24: 76.89 | V24: 76.89 | W24: 76.89 | X24: 76.89 | Y24: 76.89 | Z24: 76.89 | AA24: 76.89 | AB24: =SUM(D24:AA24) -> 1845.36 | AC24: 6
B25: 47300 | C25: ORDINARIO | D25: 76.89 | E25: 76.89 | F25: 76.89 | G25: 76.89 | H25: 76.89 | I25: 76.89 | J25: 76.89 | K25: 76.89 | L25: 76.89 | M25: 76.89 | N25: 76.89 | O25: 76.89 | P25: 76.89 | Q25: 76.89 | R25: 76.89 | S25: 76.89 | T25: 76.89 | U25: 76.89 | V25: 76.89 | W25: 76.89 | X25: 76.89 | Y25: 76.89 | Z25: 76.89 | AA25: 76.89 | AB25: =SUM(D25:AA25) -> 1845.36 | AC25: 20 | AD25: =+AB25*AC25+AB26*AC26+AB27*AC27 -> 57206.16
C26: SABADO | D26: 76.89 | E26: 76.89 | F26: 76.89 | G26: 76.89 | H26: 76.89 | I26: 76.89 | J26: 76.89 | K26: 76.89 | L26: 76.89 | M26: 76.89 | N26: 76.89 | O26: 76.89 | P26: 76.89 | Q26: 76.89 | R26: 76.89 | S26: 76.89 | T26: 76.89 | U26: 76.89 | V26: 76.89 | W26: 76.89 | X26: 76.89 | Y26: 76.89 | Z26: 76.89 | AA26: 76.89 | AB26: =SUM(D26:AA26) -> 1845.36 | AC26: 4
C27: FESTIVO | D27: 76.89 | E27: 76.89 | F27: 76.89 | G27: 76.89 | H27: 76.89 | I27: 76.89 | J27: 76.89 | K27: 76.89 | L27: 76.89 | M27: 76.89 | N27: 76.89 | O27: 76.89 | P27: 76.89 | Q27: 76.89 | R27: 76.89 | S27: 76.89 | T27: 76.89 | U27: 76.89 | V27: 76.89 | W27: 76.89 | X27: 76.89 | Y27: 76.89 | Z27: 76.89 | AA27: 76.89 | AB27: =SUM(D27:AA27) -> 1845.36 | AC27: 7
B28: 47331 | C28: ORDINARIO | D28: 76.89 | E28: 76.89 | F28: 76.89 | G28: 76.89 | H28: 76.89 | I28: 76.89 | J28: 76.89 | K28: 76.89 | L28: 76.89 | M28: 76.89 | N28: 76.89 | O28: 76.89 | P28: 76.89 | Q28: 76.89 | R28: 76.89 | S28: 76.89 | T28: 76.89 | U28: 76.89 | V28: 76.89 | W28: 76.89 | X28: 76.89 | Y28: 76.89 | Z28: 76.89 | AA28: 76.89 | AB28: =SUM(D28:AA28) -> 1845.36 | AC28: 21 | AD28: =+AB28*AC28+AB29*AC29+AB30*AC30 -> 57206.16
C29: SABADO | D29: 76.89 | E29: 76.89 | F29: 76.89 | G29: 76.89 | H29: 76.89 | I29: 76.89 | J29: 76.89 | K29: 76.89 | L29: 76.89 | M29: 76.89 | N29: 76.89 | O29: 76.89 | P29: 76.89 | Q29: 76.89 | R29: 76.89 | S29: 76.89 | T29: 76.89 | U29: 76.89 | V29: 76.89 | W29: 76.89 | X29: 76.89 | Y29: 76.89 | Z29: 76.89 | AA29: 76.89 | AB29: =SUM(D29:AA29) -> 1845.36 | AC29: 4
C30: FESTIVO | D30: 76.89 | E30: 76.89 | F30: 76.89 | G30: 76.89 | H30: 76.89 | I30: 76.89 | J30: 76.89 | K30: 76.89 | L30: 76.89 | M30: 76.89 | N30: 76.89 | O30: 76.89 | P30: 76.89 | Q30: 76.89 | R30: 76.89 | S30: 76.89 | T30: 76.89 | U30: 76.89 | V30: 76.89 | W30: 76.89 | X30: 76.89 | Y30: 76.89 | Z30: 76.89 | AA30: 76.89 | AB30: =SUM(D30:AA30) -> 1845.36 | AC30: 6
B31: 47362 | C31: ORDINARIO | D31: 76.89 | E31: 76.89 | F31: 76.89 | G31: 76.89 | H31: 76.89 | I31: 76.89 | J31: 76.89 | K31: 76.89 | L31: 76.89 | M31: 76.89 | N31: 76.89 | O31: 76.89 | P31: 76.89 | Q31: 76.89 | R31: 76.89 | S31: 76.89 | T31: 76.89 | U31: 76.89 | V31: 76.89 | W31: 76.89 | X31: 76.89 | Y31: 76.89 | Z31: 76.89 | AA31: 76.89 | AB31: =SUM(D31:AA31) -> 1845.36 | AC31: 20 | AD31: =+AB31*AC31+AB32*AC32+AB33*AC33 -> 55360.8
C32: SABADO | D32: 76.89 | E32: 76.89 | F32: 76.89 | G32: 76.89 | H32: 76.89 | I32: 76.89 | J32: 76.89 | K32: 76.89 | L32: 76.89 | M32: 76.89 | N32: 76.89 | O32: 76.89 | P32: 76.89 | Q32: 76.89 | R32: 76.89 | S32: 76.89 | T32: 76.89 | U32: 76.89 | V32: 76.89 | W32: 76.89 | X32: 76.89 | Y32: 76.89 | Z32: 76.89 | AA32: 76.89 | AB32: =SUM(D32:AA32) -> 1845.36 | AC32: 5
C33: FESTIVO | D33: 76.89 | E33: 76.89 | F33: 76.89 | G33: 76.89 | H33: 76.89 | I33: 76.89 | J33: 76.89 | K33: 76.89 | L33: 76.89 | M33: 76.89 | N33: 76.89 | O33: 76.89 | P33: 76.89 | Q33: 76.89 | R33: 76.89 | S33: 76.89 | T33: 76.89 | U33: 76.89 | V33: 76.89 | W33: 76.89 | X33: 76.89 | Y33: 76.89 | Z33: 76.89 | AA33: 76.89 | AB33: =SUM(D33:AA33) -> 1845.36 | AC33: 5
B34: 47392 | C34: ORDINARIO | D34: 76.89 | E34: 76.89 | F34: 76.89 | G34: 76.89 | H34: 76.89 | I34: 76.89 | J34: 76.89 | K34: 76.89 | L34: 76.89 | M34: 76.89 | N34: 76.89 | O34: 76.89 | P34: 76.89 | Q34: 76.89 | R34: 76.89 | S34: 76.89 | T34: 76.89 | U34: 76.89 | V34: 76.89 | W34: 76.89 | X34: 76.89 | Y34: 76.89 | Z34: 76.89 | AA34: 76.89 | AB34: =SUM(D34:AA34) -> 1845.36 | AC34: 22 | AD34: =+AB34*AC34+AB35*AC35+AB36*AC36 -> 57206.16
C35: SABADO | D35: 76.89 | E35: 76.89 | F35: 76.89 | G35: 76.89 | H35: 76.89 | I35: 76.89 | J35: 76.89 | K35: 76.89 | L35: 76.89 | M35: 76.89 | N35: 76.89 | O35: 76.89 | P35: 76.89 | Q35: 76.89 | R35: 76.89 | S35: 76.89 | T35: 76.89 | U35: 76.89 | V35: 76.89 | W35: 76.89 | X35: 76.89 | Y35: 76.89 | Z35: 76.89 | AA35: 76.89 | AB35: =SUM(D35:AA35) -> 1845.36 | AC35: 4
C36: FESTIVO | D36: 76.89 | E36: 76.89 | F36: 76.89 | G36: 76.89 | H36: 76.89 | I36: 76.89 | J36: 76.89 | K36: 76.89 | L36: 76.89 | M36: 76.89 | N36: 76.89 | O36: 76.89 | P36: 76.89 | Q36: 76.89 | R36: 76.89 | S36: 76.89 | T36: 76.89 | U36: 76.89 | V36: 76.89 | W36: 76.89 | X36: 76.89 | Y36: 76.89 | Z36: 76.89 | AA36: 76.89 | AB36: =SUM(D36:AA36) -> 1845.36 | AC36: 5
B37: 47423 | C37: ORDINARIO | D37: 76.89 | E37: 76.89 | F37: 76.89 | G37: 76.89 | H37: 76.89 | I37: 76.89 | J37: 76.89 | K37: 76.89 | L37: 76.89 | M37: 76.89 | N37: 76.89 | O37: 76.89 | P37: 76.89 | Q37: 76.89 | R37: 76.89 | S37: 76.89 | T37: 76.89 | U37: 76.89 | V37: 76.89 | W37: 76.89 | X37: 76.89 | Y37: 76.89 | Z37: 76.89 | AA37: 76.89 | AB37: =SUM(D37:AA37) -> 1845.36 | AC37: 20 | AD37: =+AB37*AC37+AB38*AC38+AB39*AC39 -> 55360.8
C38: SABADO | D38: 76.89 | E38: 76.89 | F38: 76.89 | G38: 76.89 | H38: 76.89 | I38: 76.89 | J38: 76.89 | K38: 76.89 | L38: 76.89 | M38: 76.89 | N38: 76.89 | O38: 76.89 | P38: 76.89 | Q38: 76.89 | R38: 76.89 | S38: 76.89 | T38: 76.89 | U38: 76.89 | V38: 76.89 | W38: 76.89 | X38: 76.89 | Y38: 76.89 | Z38: 76.89 | AA38: 76.89 | AB38: =SUM(D38:AA38) -> 1845.36 | AC38: 4
C39: FESTIVO | D39: 76.89 | E39: 76.89 | F39: 76.89 | G39: 76.89 | H39: 76.89 | I39: 76.89 | J39: 76.89 | K39: 76.89 | L39: 76.89 | M39: 76.89 | N39: 76.89 | O39: 76.89 | P39: 76.89 | Q39: 76.89 | R39: 76.89 | S39: 76.89 | T39: 76.89 | U39: 76.89 | V39: 76.89 | W39: 76.89 | X39: 76.89 | Y39: 76.89 | Z39: 76.89 | AA39: 76.89 | AB39: =SUM(D39:AA39) -> 1845.36 | AC39: 6
B40: 47453 | C40: ORDINARIO | D40: 76.89 | E40: 76.89 | F40: 76.89 | G40: 76.89 | H40: 76.89 | I40: 76.89 | J40: 76.89 | K40: 76.89 | L40: 76.89 | M40: 76.89 | N40: 76.89 | O40: 76.89 | P40: 76.89 | Q40: 76.89 | R40: 76.89 | S40: 76.89 | T40: 76.89 | U40: 76.89 | V40: 76.89 | W40: 76.89 | X40: 76.89 | Y40: 76.89 | Z40: 76.89 | AA40: 76.89 | AB40: =SUM(D40:AA40) -> 1845.36 | AC40: 20 | AD40: =+AB40*AC40+AB41*AC41+AB42*AC42 -> 57206.16
C41: SABADO | D41: 76.89 | E41: 76.89 | F41: 76.89 | G41: 76.89 | H41: 76.89 | I41: 76.89 | J41: 76.89 | K41: 76.89 | L41: 76.89 | M41: 76.89 | N41: 76.89 | O41: 76.89 | P41: 76.89 | Q41: 76.89 | R41: 76.89 | S41: 76.89 | T41: 76.89 | U41: 76.89 | V41: 76.89 | W41: 76.89 | X41: 76.89 | Y41: 76.89 | Z41: 76.89 | AA41: 76.89 | AB41: =SUM(D41:AA41) -> 1845.36 | AC41: 4
C42: FESTIVO | D42: 76.89 | E42: 76.89 | F42: 76.89 | G42: 76.89 | H42: 76.89 | I42: 76.89 | J42: 76.89 | K42: 76.89 | L42: 76.89 | M42: 76.89 | N42: 76.89 | O42: 76.89 | P42: 76.89 | Q42: 76.89 | R42: 76.89 | S42: 76.89 | T42: 76.89 | U42: 76.89 | V42: 76.89 | W42: 76.89 | X42: 76.89 | Y42: 76.89 | Z42: 76.89 | AA42: 76.89 | AB42: =SUM(D42:AA42) -> 1845.36 | AC42: 7
AA43: ENERGÍA REQUERIDA | AD43: =SUM(AD7:AD42) -> 673556.4

Sheet P5_Anexo_2_2029
C3: EMPRESAS MUNICIPALES DE CALI- EMCALI EICE ESP
C4: CONVOCATORIA PÚBLICA PARA COMPRA DE ENERGÍA
C5: Código de Convocatoria SICEP No. CP-EMIC2025-003
C7: ANEXO No. 2 CANTIDADES Y PRECIOS OFERTADOS
C9: PRODUCTO 5 - 1 DE ENERO A 31 DE DICIEMBRE 2029 - PLANO
C12: AÑO | D12: Energía solicitada (MWh) | E12: Energía Ofertada (MWh) | F12: $/kWh
C13: 2029 | D13: =P5_Anexo_1_2029!AD43 -> 673556.4
C14: Total año | D14: =SUM(D13:D13) -> 673556.4
C17: NOTAS:
C18: 1- Se debe ofertar todo el año, la misma cantidad horaria por período
C19: 2- Se debe ofertar mínimo quince (15) MWh para cada período horario ofertado
C20: 3- La energía y los precios a ofertar deben ofrecerse en la modalidad monomia.
C21: 4- Precios en pesos constantes del mes de agosto de 2025.

Sheet P6_Anexo_1_2029
B2: ANEXO No. 1 - CANTIDADES DE ENERGÍA HORARIA Y MENSUAL A CONTRATAR
B3: PRODUCTO 6 - 1 DE ENERO 2026 A 31 DE DICIEMBRE 2029
B5: ENERGÍA CURVA A SOLICITAR AÑO 2029 PARA MERCADO REGULADO (MWh)
B6: MES | C6: DÍA | D6: H1 | E6: H2 | F6: H3 | G6: H4 | H6: H5 | I6: H6 | J6: H7 | K6: H8 | L6: H9 | M6: H10 | N6: H11 | O6: H12 | P6: H13 | Q6: H14 | R6: H15 | S6: H16 | T6: H17 | U6: H18 | V6: H19 | W6: H20 | X6: H21 | Y6: H22 | Z6: H23 | AA6: H24 | AB6: TOTAL | AC6: No. Dias | AD6: TOTAL MES
B7: 47119 | C7: ORDINARIO | D7: 59.04 | E7: 41.84 | F7: 26.28 | G7: 21.31 | H7: 20.24 | I7: 18.57 | J7: 37.31 | K7: 34.61 | L7: 57.53 | M7: 73.78 | N7: 94.39 | O7: 116.35 | P7: 132.66 | Q7: 122.05 | R7: 111.83 | S7: 108.72 | T7: 111.6 | U7: 155.41 | V7: 167.45 | W7: 207.84 | X7: 205.35 | Y7: 189.98 | Z7: 153.14 | AA7: 104.94 | AB7: =SUM(D7:AA7) -> 2372.22 | AC7: 21 | AD7: =+AB7*AC7+AB8*AC8+AB9*AC9 -> 68648.34
C8: SABADO | D8: 51.82 | E8: 35.22 | F8: 20.2 | G8: 15.4 | H8: 14.38 | I8: 12.76 | J8: 30.85 | K8: 27.53 | L8: 49.57 | M8: 65.15 | N8: 84.96 | O8: 106.13 | P8: 121.9 | Q8: 111.71 | R8: 101.86 | S8: 98.92 | T8: 101.78 | U8: 145.47 | V8: 157.08 | W8: 196.06 | X8: 193.66 | Y8: 178.82 | Z8: 143.27 | AA8: 96.76 | AB8: =SUM(D8:AA8) -> 2161.26 | AC8: 4
C9: FESTIVO | D9: 35.96 | E9: 20.67 | F9: 6.85 | G9: 2.43 | H9: 1.48 | I9: 0 | J9: 16.65 | K9: 12 | L9: 32.08 | M9: 46.18 | N9: 64.25 | O9: 83.67 | P9: 98.25 | Q9: 89 | R9: 79.96 | S9: 77.38 | T9: 80.2 | U9: 123.61 | V9: 134.31 | W9: 170.18 | X9: 167.98 | Y9: 154.32 | Z9: 121.59 | AA9: 78.78 | AB9: =SUM(D9:AA9) -> 1697.78 | AC9: 6
B10: 47150 | C10: ORDINARIO | D10: 59.04 | E10: 41.84 | F10: 26.28 | G10: 21.31 | H10: 20.24 | I10: 18.57 | J10: 37.31 | K10: 34.61 | L10: 57.53 | M10: 73.78 | N10: 94.39 | O10: 116.35 | P10: 132.66 | Q10: 122.05 | R10: 111.83 | S10: 108.72 | T10: 111.6 | U10: 155.41 | V10: 167.45 | W10: 207.84 | X10: 205.35 | Y10: 189.98 | Z10: 153.14 | AA10: 104.94 | AB10: =SUM(D10:AA10) -> 2372.22 | AC10: 20 | AD10: =+AB10*AC10+AB11*AC11+AB12*AC12 -> 62880.56
C11: SABADO | D11: 51.82 | E11: 35.22 | F11: 20.2 | G11: 15.4 | H11: 14.38 | I11: 12.76 | J11: 30.85 | K11: 27.53 | L11: 49.57 | M11: 65.15 | N11: 84.96 | O11: 106.13 | P11: 121.9 | Q11: 111.71 | R11: 101.86 | S11: 98.92 | T11: 101.78 | U11: 145.47 | V11: 157.08 | W11: 196.06 | X11: 193.66 | Y11: 178.82 | Z11: 143.27 | AA11: 96.76 | AB11: =SUM(D11:AA11) -> 2161.26 | AC11: 4
C12: FESTIVO | D12: 35.96 | E12: 20.67 | F12: 6.85 | G12: 2.43 | H12: 1.48 | I12: 0 | J12: 16.65 | K12: 12 | L12: 32.08 | M12: 46.18 | N12: 64.25 | O12: 83.67 | P12: 98.25 | Q12: 89 | R12: 79.96 | S12: 77.38 | T12: 80.2 | U12: 123.61 | V12: 134.31 | W12: 170.18 | X12: 167.98 | Y12: 154.32 | Z12: 121.59 | AA12: 78.78 | AB12: =SUM(D12:AA12) -> 1697.78 | AC12: 4
B13: 47178 | C13: ORDINARIO | D13: 59.04 | E13: 41.84 | F13: 26.28 | G13: 21.31 | H13: 20.24 | I13: 18.57 | J13: 37.31 | K13: 34.61 | L13: 57.53 | M13: 73.78 | N13: 94.39 | O13: 116.35 | P13: 132.66 | Q13: 122.05 | R13: 111.83 | S13: 108.72 | T13: 111.6 | U13: 155.41 | V13: 167.45 | W13: 207.84 | X13: 205.35 | Y13: 189.98 | Z13: 153.14 | AA13: 104.94 | AB13: =SUM(D13:AA13) -> 2372.22 | AC13: 19 | AD13: =+AB13*AC13+AB14*AC14+AB15*AC15 -> 67762.94
C14: SABADO | D14: 51.82 | E14: 35.22 | F14: 20.2 | G14: 15.4 | H14: 14.38 | I14: 12.76 | J14: 30.85 | K14: 27.53 | L14: 49.57 | M14: 65.15 | N14: 84.96 | O14: 106.13 | P14: 121.9 | Q14: 111.71 | R14: 101.86 | S14: 98.92 | T14: 101.78 | U14: 145.47 | V14: 157.08 | W14: 196.06 | X14: 193.66 | Y14: 178.82 | Z14: 143.27 | AA14: 96.76 | AB14: =SUM(D14:AA14) -> 2161.26 | AC14: 5
C15: FESTIVO | D15: 35.96 | E15: 20.67 | F15: 6.85 | G15: 2.43 | H15: 1.48 | I15: 0 | J15: 16.65 | K15: 12 | L15: 32.08 | M15: 46.18 | N15: 64.25 | O15: 83.67 | P15: 98.25 | Q15: 89 | R15: 79.96 | S15: 77.38 | T15: 80.2 | U15: 123.61 | V15: 134.31 | W15: 170.18 | X15: 167.98 | Y15: 154.32 | Z15: 121.59 | AA15: 78.78 | AB15: =SUM(D15:AA15) -> 1697.78 | AC15: 7
B16: 47209 | C16: ORDINARIO | D16: 59.04 | E16: 41.84 | F16: 26.28 | G16: 21.31 | H16: 20.24 | I16: 18.57 | J16: 37.31 | K16: 34.61 | L16: 57.53 | M16: 73.78 | N16: 94.39 | O16: 116.35 | P16: 132.66 | Q16: 122.05 | R16: 111.83 | S16: 108.72 | T16: 111.6 | U16: 155.41 | V16: 167.45 | W16: 207.84 | X16: 205.35 | Y16: 189.98 | Z16: 153.14 | AA16: 104.94 | AB16: =SUM(D16:AA16) -> 2372.22 | AC16: 21 | AD16: =+AB16*AC16+AB17*AC17+AB18*AC18 -> 66950.56
C17: SABADO | D17: 51.82 | E17: 35.22 | F17: 20.2 | G17: 15.4 | H17: 14.38 | I17: 12.76 | J17: 30.85 | K17: 27.53 | L17: 49.57 | M17: 65.15 | N17: 84.96 | O17: 106.13 | P17: 121.9 | Q17: 111.71 | R17: 101.86 | S17: 98.92 | T17: 101.78 | U17: 145.47 | V17: 157.08 | W17: 196.06 | X17: 193.66 | Y17: 178.82 | Z17: 143.27 | AA17: 96.76 | AB17: =SUM(D17:AA17) -> 2161.26 | AC17: 4
C18: FESTIVO | D18: 35.96 | E18: 20.67 | F18: 6.85 | G18: 2.43 | H18: 1.48 | I18: 0 | J18: 16.65 | K18: 12 | L18: 32.08 | M18: 46.18 | N18: 64.25 | O18: 83.67 | P18: 98.25 | Q18: 89 | R18: 79.96 | S18: 77.38 | T18: 80.2 | U18: 123.61 | V18: 134.31 | W18: 170.18 | X18: 167.98 | Y18: 154.32 | Z18: 121.59 | AA18: 78.78 | AB18: =SUM(D18:AA18) -> 1697.78 | AC18: 5
B19: 47239 | C19: ORDINARIO | D19: 59.04 | E19: 41.84 | F19: 26.28 | G19: 21.31 | H19: 20.24 | I19: 18.57 | J19: 37.31 | K19: 34.61 | L19: 57.53 | M19: 73.78 | N19: 94.39 | O19: 116.35 | P19: 132.66 | Q19: 122.05 | R19: 111.83 | S19: 108.72 | T19: 111.6 | U19: 155.41 | V19: 167.45 | W19: 207.84 | X19: 205.35 | Y19: 189.98 | Z19: 153.14 | AA19: 104.94 | AB19: =SUM(D19:AA19) -> 2372.22 | AC19: 21 | AD19: =+AB19*AC19+AB20*AC20+AB21*AC21 -> 68648.34
C20: SABADO | D20: 51.82 | E20: 35.22 | F20: 20.2 | G20: 15.4 | H20: 14.38 | I20: 12.76 | J20: 30.85 | K20: 27.53 | L20: 49.57 | M20: 65.15 | N20: 84.96 | O20: 106.13 | P20: 121.9 | Q20: 111.71 | R20: 101.86 | S20: 98.92 | T20: 101.78 | U20: 145.47 | V20: 157.08 | W20: 196.06 | X20: 193.66 | Y20: 178.82 | Z20: 143.27 | AA20: 96.76 | AB20: =SUM(D20:AA20) -> 2161.26 | AC20: 4
C21: FESTIVO | D21: 35.96 | E21: 20.67 | F21: 6.85 | G21: 2.43 | H21: 1.48 | I21: 0 | J21: 16.65 | K21: 12 | L21: 32.08 | M21: 46.18 | N21: 64.25 | O21: 83.67 | P21: 98.25 | Q21: 89 | R21: 79.96 | S21: 77.38 | T21: 80.2 | U21: 123.61 | V21: 134.31 | W21: 170.18 | X21: 167.98 | Y21: 154.32 | Z21: 121.59 | AA21: 78.78 | AB21: =SUM(D21:AA21) -> 1697.78 | AC21: 6
B22: 47270 | C22: ORDINARIO | D22: 59.04 | E22: 41.84 | F22: 26.28 | G22: 21.31 | H22: 20.24 | I22: 18.57 | J22: 37.31 | K22: 34.61 | L22: 57.53 | M22: 73.78 | N22: 94.39 | O22: 116.35 | P22: 132.66 | Q22: 122.05 | R22: 111.83 | S22: 108.72 | T22: 111.6 | U22: 155.41 | V22: 167.45 | W22: 207.84 | X22: 205.35 | Y22: 189.98 | Z22: 153.14 | AA22: 104.94 | AB22: =SUM(D22:AA22) -> 2372.22 | AC22: 19 | AD22: =+AB22*AC22+AB23*AC23+AB24*AC24 -> 66065.16
C23: SABADO | D23: 51.82 | E23: 35.22 | F23: 20.2 | G23: 15.4 | H23: 14.38 | I23: 12.76 | J23: 30.85 | K23: 27.53 | L23: 49.57 | M23: 65.15 | N23: 84.96 | O23: 106.13 | P23: 121.9 | Q23: 111.71 | R23: 101.86 | S23: 98.92 | T23: 101.78 | U23: 145.47 | V23: 157.08 | W23: 196.06 | X23: 193.66 | Y23: 178.82 | Z23: 143.27 | AA23: 96.76 | AB23: =SUM(D23:AA23) -> 2161.26 | AC23: 5
C24: FESTIVO | D24: 35.96 | E24: 20.67 | F24: 6.85 | G24: 2.43 | H24: 1.48 | I24: 0 | J24: 16.65 | K24: 12 | L24: 32.08 | M24: 46.18 | N24: 64.25 | O24: 83.67 | P24: 98.25 | Q24: 89 | R24: 79.96 | S24: 77.38 | T24: 80.2 | U24: 123.61 | V24: 134.31 | W24: 170.18 | X24: 167.98 | Y24: 154.32 | Z24: 121.59 | AA24: 78.78 | AB24: =SUM(D24:AA24) -> 1697.78 | AC24: 6
B25: 47300 | C25: ORDINARIO | D25: 59.04 | E25: 41.84 | F25: 26.28 | G25: 21.31 | H25: 20.24 | I25: 18.57 | J25: 37.31 | K25: 34.61 | L25: 57.53 | M25: 73.78 | N25: 94.39 | O25: 116.35 | P25: 132.66 | Q25: 122.05 | R25: 111.83 | S25: 108.72 | T25: 111.6 | U25: 155.41 | V25: 167.45 | W25: 207.84 | X25: 205.35 | Y25: 189.98 | Z25: 153.14 | AA25: 104.94 | AB25: =SUM(D25:AA25) -> 2372.22 | AC25: 20 | AD25: =+AB25*AC25+AB26*AC26+AB27*AC27 -> 67973.9
C26: SABADO | D26: 51.82 | E26: 35.22 | F26: 20.2 | G26: 15.4 | H26: 14.38 | I26: 12.76 | J26: 30.85 | K26: 27.53 | L26: 49.57 | M26: 65.15 | N26: 84.96 | O26: 106.13 | P26: 121.9 | Q26: 111.71 | R26: 101.86 | S26: 98.92 | T26: 101.78 | U26: 145.47 | V26: 157.08 | W26: 196.06 | X26: 193.66 | Y26: 178.82 | Z26: 143.27 | AA26: 96.76 | AB26: =SUM(D26:AA26) -> 2161.26 | AC26: 4
C27: FESTIVO | D27: 35.96 | E27: 20.67 | F27: 6.85 | G27: 2.43 | H27: 1.48 | I27: 0 | J27: 16.65 | K27: 12 | L27: 32.08 | M27: 46.18 | N27: 64.25 | O27: 83.67 | P27: 98.25 | Q27: 89 | R27: 79.96 | S27: 77.38 | T27: 80.2 | U27: 123.61 | V27: 134.31 | W27: 170.18 | X27: 167.98 | Y27: 154.32 | Z27: 121.59 | AA27: 78.78 | AB27: =SUM(D27:AA27) -> 1697.78 | AC27: 7
B28: 47331 | C28: ORDINARIO | D28: 59.04 | E28: 41.84 | F28: 26.28 | G28: 21.31 | H28: 20.24 | I28: 18.57 | J28: 37.31 | K28: 34.61 | L28: 57.53 | M28: 73.78 | N28: 94.39 | O28: 116.35 | P28: 132.66 | Q28: 122.05 | R28: 111.83 | S28: 108.72 | T28: 111.6 | U28: 155.41 | V28: 167.45 | W28: 207.84 | X28: 205.35 | Y28: 189.98 | Z28: 153.14 | AA28: 104.94 | AB28: =SUM(D28:AA28) -> 2372.22 | AC28: 21 | AD28: =+AB28*AC28+AB29*AC29+AB30*AC30 -> 68648.34
C29: SABADO | D29: 51.82 | E29: 35.22 | F29: 20.2 | G29: 15.4 | H29: 14.38 | I29: 12.76 | J29: 30.85 | K29: 27.53 | L29: 49.57 | M29: 65.15 | N29: 84.96 | O29: 106.13 | P29: 121.9 | Q29: 111.71 | R29: 101.86 | S29: 98.92 | T29: 101.78 | U29: 145.47 | V29: 157.08 | W29: 196.06 | X29: 193.66 | Y29: 178.82 | Z29: 143.27 | AA29: 96.76 | AB29: =SUM(D29:AA29) -> 2161.26 | AC29: 4
C30: FESTIVO | D30: 35.96 | E30: 20.67 | F30: 6.85 | G30: 2.43 | H30: 1.48 | I30: 0 | J30: 16.65 | K30: 12 | L30: 32.08 | M30: 46.18 | N30: 64.25 | O30: 83.67 | P30: 98.25 | Q30: 89 | R30: 79.96 | S30: 77.38 | T30: 80.2 | U30: 123.61 | V30: 134.31 | W30: 170.18 | X30: 167.98 | Y30: 154.32 | Z30: 121.59 | AA30: 78.78 | AB30: =SUM(D30:AA30) -> 1697.78 | AC30: 6
B31: 47362 | C31: ORDINARIO | D31: 59.04 | E31: 41.84 | F31: 26.28 | G31: 21.31 | H31: 20.24 | I31: 18.57 | J31: 37.31 | K31: 34.61 | L31: 57.53 | M31: 73.78 | N31: 94.39 | O31: 116.35 | P31: 132.66 | Q31: 122.05 | R31: 111.83 | S31: 108.72 | T31: 111.6 | U31: 155.41 | V31: 167.45 | W31: 207.84 | X31: 205.35 | Y31: 189.98 | Z31: 153.14 | AA31: 104.94 | AB31: =SUM(D31:AA31) -> 2372.22 | AC31: 20 | AD31: =+AB31*AC31+AB32*AC32+AB33*AC33 -> 66739.6
C32: SABADO | D32: 51.82 | E32: 35.22 | F32: 20.2 | G32: 15.4 | H32: 14.38 | I32: 12.76 | J32: 30.85 | K32: 27.53 | L32: 49.57 | M32: 65.15 | N32: 84.96 | O32: 106.13 | P32: 121.9 | Q32: 111.71 | R32: 101.86 | S32: 98.92 | T32: 101.78 | U32: 145.47 | V32: 157.08 | W32: 196.06 | X32: 193.66 | Y32: 178.82 | Z32: 143.27 | AA32: 96.76 | AB32: =SUM(D32:AA32) -> 2161.26 | AC32: 5
C33: FESTIVO | D33: 35.96 | E33: 20.67 | F33: 6.85 | G33: 2.43 | H33: 1.48 | I33: 0 | J33: 16.65 | K33: 12 | L33: 32.08 | M33: 46.18 | N33: 64.25 | O33: 83.67 | P33: 98.25 | Q33: 89 | R33: 79.96 | S33: 77.38 | T33: 80.2 | U33: 123.61 | V33: 134.31 | W33: 170.18 | X33: 167.98 | Y33: 154.32 | Z33: 121.59 | AA33: 78.78 | AB33: =SUM(D33:AA33) -> 1697.78 | AC33: 5
B34: 47392 | C34: ORDINARIO | D34: 59.04 | E34: 41.84 | F34: 26.28 | G34: 21.31 | H34: 20.24 | I34: 18.57 | J34: 37.31 | K34: 34.61 | L34: 57.53 | M34: 73.78 | N34: 94.39 | O34: 116.35 | P34: 132.66 | Q34: 122.05 | R34: 111.83 | S34: 108.72 | T34: 111.6 | U34: 155.41 | V34: 167.45 | W34: 207.84 | X34: 205.35 | Y34: 189.98 | Z34: 153.14 | AA34: 104.94 | AB34: =SUM(D34:AA34) -> 2372.22 | AC34: 22 | AD34: =+AB34*AC34+AB35*AC35+AB36*AC36 -> 69322.78
C35: SABADO | D35: 51.82 | E35: 35.22 | F35: 20.2 | G35: 15.4 | H35: 14.38 | I35: 12.76 | J35: 30.85 | K35: 27.53 | L35: 49.57 | M35: 65.15 | N35: 84.96 | O35: 106.13 | P35: 121.9 | Q35: 111.71 | R35: 101.86 | S35: 98.92 | T35: 101.78 | U35: 145.47 | V35: 157.08 | W35: 196.06 | X35: 193.66 | Y35: 178.82 | Z35: 143.27 | AA35: 96.76 | AB35: =SUM(D35:AA35) -> 2161.26 | AC35: 4
C36: FESTIVO | D36: 35.96 | E36: 20.67 | F36: 6.85 | G36: 2.43 | H36: 1.48 | I36: 0 | J36: 16.65 | K36: 12 | L36: 32.08 | M36: 46.18 | N36: 64.25 | O36: 83.67 | P36: 98.25 | Q36: 89 | R36: 79.96 | S36: 77.38 | T36: 80.2 | U36: 123.61 | V36: 134.31 | W36: 170.18 | X36: 167.98 | Y36: 154.32 | Z36: 121.59 | AA36: 78.78 | AB36: =SUM(D36:AA36) -> 1697.78 | AC36: 5
B37: 47423 | C37: ORDINARIO | D37: 59.04 | E37: 41.84 | F37: 26.28 | G37: 21.31 | H37: 20.24 | I37: 18.57 | J37: 37.31 | K37: 34.61 | L37: 57.53 | M37: 73.78 | N37: 94.39 | O37: 116.35 | P37: 132.66 | Q37: 122.05 | R37: 111.83 | S37: 108.72 | T37: 111.6 | U37: 155.41 | V37: 167.45 | W37: 207.84 | X37: 205.35 | Y37: 189.98 | Z37: 153.14 | AA37: 104.94 | AB37: =SUM(D37:AA37) -> 2372.22 | AC37: 20 | AD37: =+AB37*AC37+AB38*AC38+AB39*AC39 -> 66276.12
C38: SABADO | D38: 51.82 | E38: 35.22 | F38: 20.2 | G38: 15.4 | H38: 14.38 | I38: 12.76 | J38: 30.85 | K38: 27.53 | L38: 49.57 | M38: 65.15 | N38: 84.96 | O38: 106.13 | P38: 121.9 | Q38: 111.71 | R38: 101.86 | S38: 98.92 | T38: 101.78 | U38: 145.47 | V38: 157.08 | W38: 196.06 | X38: 193.66 | Y38: 178.82 | Z38: 143.27 | AA38: 96.76 | AB38: =SUM(D38:AA38) -> 2161.26 | AC38: 4
C39: FESTIVO | D39: 35.96 | E39: 20.67 | F39: 6.85 | G39: 2.43 | H39: 1.48 | I39: 0 | J39: 16.65 | K39: 12 | L39: 32.08 | M39: 46.18 | N39: 64.25 | O39: 83.67 | P39: 98.25 | Q39: 89 | R39: 79.96 | S39: 77.38 | T39: 80.2 | U39: 123.61 | V39: 134.31 | W39: 170.18 | X39: 167.98 | Y39: 154.32 | Z39: 121.59 | AA39: 78.78 | AB39: =SUM(D39:AA39) -> 1697.78 | AC39: 6
B40: 47453 | C40: ORDINARIO | D40: 59.04 | E40: 41.84 | F40: 26.28 | G40: 21.31 | H40: 20.24 | I40: 18.57 | J40: 37.31 | K40: 34.61 | L40: 57.53 | M40: 73.78 | N40: 94.39 | O40: 116.35 | P40: 132.66 | Q40: 122.05 | R40: 111.83 | S40: 108.72 | T40: 111.6 | U40: 155.41 | V40: 167.45 | W40: 207.84 | X40: 205.35 | Y40: 189.98 | Z40: 153.14 | AA40: 104.94 | AB40: =SUM(D40:AA40) -> 2372.22 | AC40: 20 | AD40: =+AB40*AC40+AB41*AC41+AB42*AC42 -> 67973.9
C41: SABADO | D41: 51.82 | E41: 35.22 | F41: 20.2 | G41: 15.4 | H41: 14.38 | I41: 12.76 | J41: 30.85 | K41: 27.53 | L41: 49.57 | M41: 65.15 | N41: 84.96 | O41: 106.13 | P41: 121.9 | Q41: 111.71 | R41: 101.86 | S41: 98.92 | T41: 101.78 | U41: 145.47 | V41: 157.08 | W41: 196.06 | X41: 193.66 | Y41: 178.82 | Z41: 143.27 | AA41: 96.76 | AB41: =SUM(D41:AA41) -> 2161.26 | AC41: 4
C42: FESTIVO | D42: 35.96 | E42: 20.67 | F42: 6.85 | G42: 2.43 | H42: 1.48 | I42: 0 | J42: 16.65 | K42: 12 | L42: 32.08 | M42: 46.18 | N42: 64.25 | O42: 83.67 | P42: 98.25 | Q42: 89 | R42: 79.96 | S42: 77.38 | T42: 80.2 | U42: 123.61 | V42: 134.31 | W42: 170.18 | X42: 167.98 | Y42: 154.32 | Z42: 121.59 | AA42: 78.78 | AB42: =SUM(D42:AA42) -> 1697.78 | AC42: 7
AA43: ENERGÍA REQUERIDA | AD43: =SUM(AD7:AD42) -> 807890.54

Sheet P6_Anexo_2_2029
C3: EMPRESAS MUNICIPALES DE CALI- EMCALI EICE ESP
C4: CONVOCATORIA PÚBLICA PARA COMPRA DE ENERGÍA
C5: Código de Convocatoria SICEP No. CP-EMIC2025-003
C7: ANEXO No. 2 CANTIDADES Y PRECIOS OFERTADOS
C9: PRODUCTO 6 - 1 DE ENERO A 31 DE DICIEMBRE 2029 - CURVA
C12: AÑO | D12: Energía solicitada (MWh) | E12: Energía Ofertada (MWh) | F12: $/kWh
C13: 2029 | D13: =P6_Anexo_1_2029!AD43 -> 807890.54
C14: Total año | D14: =SUM(D13:D13) -> 807890.54
C17: NOTAS:
C18: 1- La cantidad a ofertar puede ser parcial o total de la energía solicitada.
C19: 2- Precios en pesos constantes del mes de agosto de 2025.
C20: 3- La energía y los precios a ofertar deben ofrecerse en la modalidad monomia.
C21: 4- Las cantidades ofertadas siguen la curva indicada en los términos de referencia

Sheet P7_Anexo_1_2030
B2: ANEXO No. 1 - CANTIDADES DE ENERGÍA HORARIA Y MENSUAL A CONTRATAR
B3: PRODUCTO 7 - 1 DE ENERO A 31 DE DICIEMBRE 2030
B5: ENERGÍA PLANO A SOLICITAR AÑO 2030 PARA MERCADO REGULADO (MWh)
B6: MES | C6: DÍA | D6: H1 | E6: H2 | F6: H3 | G6: H4 | H6: H5 | I6: H6 | J6: H7 | K6: H8 | L6: H9 | M6: H10 | N6: H11 | O6: H12 | P6: H13 | Q6: H14 | R6: H15 | S6: H16 | T6: H17 | U6: H18 | V6: H19 | W6: H20 | X6: H21 | Y6: H22 | Z6: H23 | AA6: H24 | AB6: TOTAL | AC6: No. Dias | AD6: TOTAL MES
B7: 47484 | C7: ORDINARIO | D7: 64.17 | E7: 64.17 | F7: 64.17 | G7: 64.17 | H7: 64.17 | I7: 64.17 | J7: 64.17 | K7: 64.17 | L7: 64.17 | M7: 64.17 | N7: 64.17 | O7: 64.17 | P7: 64.17 | Q7: 64.17 | R7: 64.17 | S7: 64.17 | T7: 64.17 | U7: 64.17 | V7: 64.17 | W7: 64.17 | X7: 64.17 | Y7: 64.17 | Z7: 64.17 | AA7: 64.17 | AB7: =SUM(D7:AA7) -> 1540.08 | AC7: 21 | AD7: =+AB7*AC7+AB8*AC8+AB9*AC9 -> 47742.48
C8: SABADO | D8: 64.17 | E8: 64.17 | F8: 64.17 | G8: 64.17 | H8: 64.17 | I8: 64.17 | J8: 64.17 | K8: 64.17 | L8: 64.17 | M8: 64.17 | N8: 64.17 | O8: 64.17 | P8: 64.17 | Q8: 64.17 | R8: 64.17 | S8: 64.17 | T8: 64.17 | U8: 64.17 | V8: 64.17 | W8: 64.17 | X8: 64.17 | Y8: 64.17 | Z8: 64.17 | AA8: 64.17 | AB8: =SUM(D8:AA8) -> 1540.08 | AC8: 4
C9: FESTIVO | D9: 64.17 | E9: 64.17 | F9: 64.17 | G9: 64.17 | H9: 64.17 | I9: 64.17 | J9: 64.17 | K9: 64.17 | L9: 64.17 | M9: 64.17 | N9: 64.17 | O9: 64.17 | P9: 64.17 | Q9: 64.17 | R9: 64.17 | S9: 64.17 | T9: 64.17 | U9: 64.17 | V9: 64.17 | W9: 64.17 | X9: 64.17 | Y9: 64.17 | Z9: 64.17 | AA9: 64.17 | AB9: =SUM(D9:AA9) -> 1540.08 | AC9: 6
B10: 47515 | C10: ORDINARIO | D10: 64.17 | E10: 64.17 | F10: 64.17 | G10: 64.17 | H10: 64.17 | I10: 64.17 | J10: 64.17 | K10: 64.17 | L10: 64.17 | M10: 64.17 | N10: 64.17 | O10: 64.17 | P10: 64.17 | Q10: 64.17 | R10: 64.17 | S10: 64.17 | T10: 64.17 | U10: 64.17 | V10: 64.17 | W10: 64.17 | X10: 64.17 | Y10: 64.17 | Z10: 64.17 | AA10: 64.17 | AB10: =SUM(D10:AA10) -> 1540.08 | AC10: 20 | AD10: =+AB10*AC10+AB11*AC11+AB12*AC12 -> 43122.24
C11: SABADO | D11: 64.17 | E11: 64.17 | F11: 64.17 | G11: 64.17 | H11: 64.17 | I11: 64.17 | J11: 64.17 | K11: 64.17 | L11: 64.17 | M11: 64.17 | N11: 64.17 | O11: 64.17 | P11: 64.17 | Q11: 64.17 | R11: 64.17 | S11: 64.17 | T11: 64.17 | U11: 64.17 | V11: 64.17 | W11: 64.17 | X11: 64.17 | Y11: 64.17 | Z11: 64.17 | AA11: 64.17 | AB11: =SUM(D11:AA11) -> 1540.08 | AC11: 4
C12: FESTIVO | D12: 64.17 | E12: 64.17 | F12: 64.17 | G12: 64.17 | H12: 64.17 | I12: 64.17 | J12: 64.17 | K12: 64.17 | L12: 64.17 | M12: 64.17 | N12: 64.17 | O12: 64.17 | P12: 64.17 | Q12: 64.17 | R12: 64.17 | S12: 64.17 | T12: 64.17 | U12: 64.17 | V12: 64.17 | W12: 64.17 | X12: 64.17 | Y12: 64.17 | Z12: 64.17 | AA12: 64.17 | AB12: =SUM(D12:AA12) -> 1540.08 | AC12: 4
B13: 47543 | C13: ORDINARIO | D13: 64.17 | E13: 64.17 | F13: 64.17 | G13: 64.17 | H13: 64.17 | I13: 64.17 | J13: 64.17 | K13: 64.17 | L13: 64.17 | M13: 64.17 | N13: 64.17 | O13: 64.17 | P13: 64.17 | Q13: 64.17 | R13: 64.17 | S13: 64.17 | T13: 64.17 | U13: 64.17 | V13: 64.17 | W13: 64.17 | X13: 64.17 | Y13: 64.17 | Z13: 64.17 | AA13: 64.17 | AB13: =SUM(D13:AA13) -> 1540.08 | AC13: 20 | AD13: =+AB13*AC13+AB14*AC14+AB15*AC15 -> 47742.48
C14: SABADO | D14: 64.17 | E14: 64.17 | F14: 64.17 | G14: 64.17 | H14: 64.17 | I14: 64.17 | J14: 64.17 | K14: 64.17 | L14: 64.17 | M14: 64.17 | N14: 64.17 | O14: 64.17 | P14: 64.17 | Q14: 64.17 | R14: 64.17 | S14: 64.17 | T14: 64.17 | U14: 64.17 | V14: 64.17 | W14: 64.17 | X14: 64.17 | Y14: 64.17 | Z14: 64.17 | AA14: 64.17 | AB14: =SUM(D14:AA14) -> 1540.08 | AC14: 5
C15: FESTIVO | D15: 64.17 | E15: 64.17 | F15: 64.17 | G15: 64.17 | H15: 64.17 | I15: 64.17 | J15: 64.17 | K15: 64.17 | L15: 64.17 | M15: 64.17 | N15: 64.17 | O15: 64.17 | P15: 64.17 | Q15: 64.17 | R15: 64.17 | S15: 64.17 | T15: 64.17 | U15: 64.17 | V15: 64.17 | W15: 64.17 | X15: 64.17 | Y15: 64.17 | Z15: 64.17 | AA15: 64.17 | AB15: =SUM(D15:AA15) -> 1540.08 | AC15: 6
B16: 47574 | C16: ORDINARIO | D16: 64.17 | E16: 64.17 | F16: 64.17 | G16: 64.17 | H16: 64.17 | I16: 64.17 | J16: 64.17 | K16: 64.17 | L16: 64.17 | M16: 64.17 | N16: 64.17 | O16: 64.17 | P16: 64.17 | Q16: 64.17 | R16: 64.17 | S16: 64.17 | T16: 64.17 | U16: 64.17 | V16: 64.17 | W16: 64.17 | X16: 64.17 | Y16: 64.17 | Z16: 64.17 | AA16: 64.17 | AB16: =SUM(D16:AA16) -> 1540.08 | AC16: 20 | AD16: =+AB16*AC16+AB17*AC17+AB18*AC18 -> 46202.4
C17: SABADO | D17: 64.17 | E17: 64.17 | F17: 64.17 | G17: 64.17 | H17: 64.17 | I17: 64.17 | J17: 64.17 | K17: 64.17 | L17: 64.17 | M17: 64.17 | N17: 64.17 | O17: 64.17 | P17: 64.17 | Q17: 64.17 | R17: 64.17 | S17: 64.17 | T17: 64.17 | U17: 64.17 | V17: 64.17 | W17: 64.17 | X17: 64.17 | Y17: 64.17 | Z17: 64.17 | AA17: 64.17 | AB17: =SUM(D17:AA17) -> 1540.08 | AC17: 4
C18: FESTIVO | D18: 64.17 | E18: 64.17 | F18: 64.17 | G18: 64.17 | H18: 64.17 | I18: 64.17 | J18: 64.17 | K18: 64.17 | L18: 64.17 | M18: 64.17 | N18: 64.17 | O18: 64.17 | P18: 64.17 | Q18: 64.17 | R18: 64.17 | S18: 64.17 | T18: 64.17 | U18: 64.17 | V18: 64.17 | W18: 64.17 | X18: 64.17 | Y18: 64.17 | Z18: 64.17 | AA18: 64.17 | AB18: =SUM(D18:AA18) -> 1540.08 | AC18: 6
B19: 47604 | C19: ORDINARIO | D19: 64.17 | E19: 64.17 | F19: 64.17 | G19: 64.17 | H19: 64.17 | I19: 64.17 | J19: 64.17 | K19: 64.17 | L19: 64.17 | M19: 64.17 | N19: 64.17 | O19: 64.17 | P19: 64.17 | Q19: 64.17 | R19: 64.17 | S19: 64.17 | T19: 64.17 | U19: 64.17 | V19: 64.17 | W19: 64.17 | X19: 64.17 | Y19: 64.17 | Z19: 64.17 | AA19: 64.17 | AB19: =SUM(D19:AA19) -> 1540.08 | AC19: 22 | AD19: =+AB19*AC19+AB20*AC20+AB21*AC21 -> 47742.48
C20: SABADO | D20: 64.17 | E20: 64.17 | F20: 64.17 | G20: 64.17 | H20: 64.17 | I20: 64.17 | J20: 64.17 | K20: 64.17 | L20: 64.17 | M20: 64.17 | N20: 64.17 | O20: 64.17 | P20: 64.17 | Q20: 64.17 | R20: 64.17 | S20: 64.17 | T20: 64.17 | U20: 64.17 | V20: 64.17 | W20: 64.17 | X20: 64.17 | Y20: 64.17 | Z20: 64.17 | AA20: 64.17 | AB20: =SUM(D20:AA20) -> 1540.08 | AC20: 4
C21: FESTIVO | D21: 64.17 | E21: 64.17 | F21: 64.17 | G21: 64.17 | H21: 64.17 | I21: 64.17 | J21: 64.17 | K21: 64.17 | L21: 64.17 | M21: 64.17 | N21: 64.17 | O21: 64.17 | P21: 64.17 | Q21: 64.17 | R21: 64.17 | S21: 64.17 | T21: 64.17 | U21: 64.17 | V21: 64.17 | W21: 64.17 | X21: 64.17 | Y21: 64.17 | Z21: 64.17 | AA21: 64.17 | AB21: =SUM(D21:AA21) -> 1540.08 | AC21: 5
B22: 47635 | C22: ORDINARIO | D22: 64.17 | E22: 64.17 | F22: 64.17 | G22: 64.17 | H22: 64.17 | I22: 64.17 | J22: 64.17 | K22: 64.17 | L22: 64.17 | M22: 64.17 | N22: 64.17 | O22: 64.17 | P22: 64.17 | Q22: 64.17 | R22: 64.17 | S22: 64.17 | T22: 64.17 | U22: 64.17 | V22: 64.17 | W22: 64.17 | X22: 64.17 | Y22: 64.17 | Z22: 64.17 | AA22: 64.17 | AB22: =SUM(D22:AA22) -> 1540.08 | AC22: 18 | AD22: =+AB22*AC22+AB23*AC23+AB24*AC24 -> 46202.4
C23: SABADO | D23: 64.17 | E23: 64.17 | F23: 64.17 | G23: 64.17 | H23: 64.17 | I23: 64.17 | J23: 64.17 | K23: 64.17 | L23: 64.17 | M23: 64.17 | N23: 64.17 | O23: 64.17 | P23: 64.17 | Q23: 64.17 | R23: 64.17 | S23: 64.17 | T23: 64.17 | U23: 64.17 | V23: 64.17 | W23: 64.17 | X23: 64.17 | Y23: 64.17 | Z23: 64.17 | AA23: 64.17 | AB23: =SUM(D23:AA23) -> 1540.08 | AC23: 5
C24: FESTIVO | D24: 64.17 | E24: 64.17 | F24: 64.17 | G24: 64.17 | H24: 64.17 | I24: 64.17 | J24: 64.17 | K24: 64.17 | L24: 64.17 | M24: 64.17 | N24: 64.17 | O24: 64.17 | P24: 64.17 | Q24: 64.17 | R24: 64.17 | S24: 64.17 | T24: 64.17 | U24: 64.17 | V24: 64.17 | W24: 64.17 | X24: 64.17 | Y24: 64.17 | Z24: 64.17 | AA24: 64.17 | AB24: =SUM(D24:AA24) -> 1540.08 | AC24: 7
B25: 47665 | C25: ORDINARIO | D25: 64.17 | E25: 64.17 | F25: 64.17 | G25: 64.17 | H25: 64.17 | I25: 64.17 | J25: 64.17 | K25: 64.17 | L25: 64.17 | M25: 64.17 | N25: 64.17 | O25: 64.17 | P25: 64.17 | Q25: 64.17 | R25: 64.17 | S25: 64.17 | T25: 64.17 | U25: 64.17 | V25: 64.17 | W25: 64.17 | X25: 64.17 | Y25: 64.17 | Z25: 64.17 | AA25: 64.17 | AB25: =SUM(D25:AA25) -> 1540.08 | AC25: 22 | AD25: =+AB25*AC25+AB26*AC26+AB27*AC27 -> 47742.48
C26: SABADO | D26: 64.17 | E26: 64.17 | F26: 64.17 | G26: 64.17 | H26: 64.17 | I26: 64.17 | J26: 64.17 | K26: 64.17 | L26: 64.17 | M26: 64.17 | N26: 64.17 | O26: 64.17 | P26: 64.17 | Q26: 64.17 | R26: 64.17 | S26: 64.17 | T26: 64.17 | U26: 64.17 | V26: 64.17 | W26: 64.17 | X26: 64.17 | Y26: 64.17 | Z26: 64.17 | AA26: 64.17 | AB26: =SUM(D26:AA26) -> 1540.08 | AC26: 3
C27: FESTIVO | D27: 64.17 | E27: 64.17 | F27: 64.17 | G27: 64.17 | H27: 64.17 | I27: 64.17 | J27: 64.17 | K27: 64.17 | L27: 64.17 | M27: 64.17 | N27: 64.17 | O27: 64.17 | P27: 64.17 | Q27: 64.17 | R27: 64.17 | S27: 64.17 | T27: 64.17 | U27: 64.17 | V27: 64.17 | W27: 64.17 | X27: 64.17 | Y27: 64.17 | Z27: 64.17 | AA27: 64.17 | AB27: =SUM(D27:AA27) -> 1540.08 | AC27: 6
B28: 47696 | C28: ORDINARIO | D28: 64.17 | E28: 64.17 | F28: 64.17 | G28: 64.17 | H28: 64.17 | I28: 64.17 | J28: 64.17 | K28: 64.17 | L28: 64.17 | M28: 64.17 | N28: 64.17 | O28: 64.17 | P28: 64.17 | Q28: 64.17 | R28: 64.17 | S28: 64.17 | T28: 64.17 | U28: 64.17 | V28: 64.17 | W28: 64.17 | X28: 64.17 | Y28: 64.17 | Z28: 64.17 | AA28: 64.17 | AB28: =SUM(D28:AA28) -> 1540.08 | AC28: 20 | AD28: =+AB28*AC28+AB29*AC29+AB30*AC30 -> 47742.48
C29: SABADO | D29: 64.17 | E29: 64.17 | F29: 64.17 | G29: 64.17 | H29: 64.17 | I29: 64.17 | J29: 64.17 | K29: 64.17 | L29: 64.17 | M29: 64.17 | N29: 64.17 | O29: 64.17 | P29: 64.17 | Q29: 64.17 | R29: 64.17 | S29: 64.17 | T29: 64.17 | U29: 64.17 | V29: 64.17 | W29: 64.17 | X29: 64.17 | Y29: 64.17 | Z29: 64.17 | AA29: 64.17 | AB29: =SUM(D29:AA29) -> 1540.08 | AC29: 5
C30: FESTIVO | D30: 64.17 | E30: 64.17 | F30: 64.17 | G30: 64.17 | H30: 64.17 | I30: 64.17 | J30: 64.17 | K30: 64.17 | L30: 64.17 | M30: 64.17 | N30: 64.17 | O30: 64.17 | P30: 64.17 | Q30: 64.17 | R30: 64.17 | S30: 64.17 | T30: 64.17 | U30: 64.17 | V30: 64.17 | W30: 64.17 | X30: 64.17 | Y30: 64.17 | Z30: 64.17 | AA30: 64.17 | AB30: =SUM(D30:AA30) -> 1540.08 | AC30: 6
B31: 47727 | C31: ORDINARIO | D31: 64.17 | E31: 64.17 | F31: 64.17 | G31: 64.17 | H31: 64.17 | I31: 64.17 | J31: 64.17 | K31: 64.17 | L31: 64.17 | M31: 64.17 | N31: 64.17 | O31: 64.17 | P31: 64.17 | Q31: 64.17 | R31: 64.17 | S31: 64.17 | T31: 64.17 | U31: 64.17 | V31: 64.17 | W31: 64.17 | X31: 64.17 | Y31: 64.17 | Z31: 64.17 | AA31: 64.17 | AB31: =SUM(D31:AA31) -> 1540.08 | AC31: 21 | AD31: =+AB31*AC31+AB32*AC32+AB33*AC33 -> 46202.4
C32: SABADO | D32: 64.17 | E32: 64.17 | F32: 64.17 | G32: 64.17 | H32: 64.17 | I32: 64.17 | J32: 64.17 | K32: 64.17 | L32: 64.17 | M32: 64.17 | N32: 64.17 | O32: 64.17 | P32: 64.17 | Q32: 64.17 | R32: 64.17 | S32: 64.17 | T32: 64.17 | U32: 64.17 | V32: 64.17 | W32: 64.17 | X32: 64.17 | Y32: 64.17 | Z32: 64.17 | AA32: 64.17 | AB32: =SUM(D32:AA32) -> 1540.08 | AC32: 4
C33: FESTIVO | D33: 64.17 | E33: 64.17 | F33: 64.17 | G33: 64.17 | H33: 64.17 | I33: 64.17 | J33: 64.17 | K33: 64.17 | L33: 64.17 | M33: 64.17 | N33: 64.17 | O33: 64.17 | P33: 64.17 | Q33: 64.17 | R33: 64.17 | S33: 64.17 | T33: 64.17 | U33: 64.17 | V33: 64.17 | W33: 64.17 | X33: 64.17 | Y33: 64.17 | Z33: 64.17 | AA33: 64.17 | AB33: =SUM(D33:AA33) -> 1540.08 | AC33: 5
B34: 47757 | C34: ORDINARIO | D34: 64.17 | E34: 64.17 | F34: 64.17 | G34: 64.17 | H34: 64.17 | I34: 64.17 | J34: 64.17 | K34: 64.17 | L34: 64.17 | M34: 64.17 | N34: 64.17 | O34: 64.17 | P34: 64.17 | Q34: 64.17 | R34: 64.17 | S34: 64.17 | T34: 64.17 | U34: 64.17 | V34: 64.17 | W34: 64.17 | X34: 64.17 | Y34: 64.17 | Z34: 64.17 | AA34: 64.17 | AB34: =SUM(D34:AA34) -> 1540.08 | AC34: 22 | AD34: =+AB34*AC34+AB35*AC35+AB36*AC36 -> 47742.48
C35: SABADO | D35: 64.17 | E35: 64.17 | F35: 64.17 | G35: 64.17 | H35: 64.17 | I35: 64.17 | J35: 64.17 | K35: 64.17 | L35: 64.17 | M35: 64.17 | N35: 64.17 | O35: 64.17 | P35: 64.17 | Q35: 64.17 | R35: 64.17 | S35: 64.17 | T35: 64.17 | U35: 64.17 | V35: 64.17 | W35: 64.17 | X35: 64.17 | Y35: 64.17 | Z35: 64.17 | AA35: 64.17 | AB35: =SUM(D35:AA35) -> 1540.08 | AC35: 4
C36: FESTIVO | D36: 64.17 | E36: 64.17 | F36: 64.17 | G36: 64.17 | H36: 64.17 | I36: 64.17 | J36: 64.17 | K36: 64.17 | L36: 64.17 | M36: 64.17 | N36: 64.17 | O36: 64.17 | P36: 64.17 | Q36: 64.17 | R36: 64.17 | S36: 64.17 | T36: 64.17 | U36: 64.17 | V36: 64.17 | W36: 64.17 | X36: 64.17 | Y36: 64.17 | Z36: 64.17 | AA36: 64.17 | AB36: =SUM(D36:AA36) -> 1540.08 | AC36: 5
B37: 47788 | C37: ORDINARIO | D37: 64.17 | E37: 64.17 | F37: 64.17 | G37: 64.17 | H37: 64.17 | I37: 64.17 | J37: 64.17 | K37: 64.17 | L37: 64.17 | M37: 64.17 | N37: 64.17 | O37: 64.17 | P37: 64.17 | Q37: 64.17 | R37: 64.17 | S37: 64.17 | T37: 64.17 | U37: 64.17 | V37: 64.17 | W37: 64.17 | X37: 64.17 | Y37: 64.17 | Z37: 64.17 | AA37: 64.17 | AB37: =SUM(D37:AA37) -> 1540.08 | AC37: 19 | AD37: =+AB37*AC37+AB38*AC38+AB39*AC39 -> 46202.4
C38: SABADO | D38: 64.17 | E38: 64.17 | F38: 64.17 | G38: 64.17 | H38: 64.17 | I38: 64.17 | J38: 64.17 | K38: 64.17 | L38: 64.17 | M38: 64.17 | N38: 64.17 | O38: 64.17 | P38: 64.17 | Q38: 64.17 | R38: 64.17 | S38: 64.17 | T38: 64.17 | U38: 64.17 | V38: 64.17 | W38: 64.17 | X38: 64.17 | Y38: 64.17 | Z38: 64.17 | AA38: 64.17 | AB38: =SUM(D38:AA38) -> 1540.08 | AC38: 5
C39: FESTIVO | D39: 64.17 | E39: 64.17 | F39: 64.17 | G39: 64.17 | H39: 64.17 | I39: 64.17 | J39: 64.17 | K39: 64.17 | L39: 64.17 | M39: 64.17 | N39: 64.17 | O39: 64.17 | P39: 64.17 | Q39: 64.17 | R39: 64.17 | S39: 64.17 | T39: 64.17 | U39: 64.17 | V39: 64.17 | W39: 64.17 | X39: 64.17 | Y39: 64.17 | Z39: 64.17 | AA39: 64.17 | AB39: =SUM(D39:AA39) -> 1540.08 | AC39: 6
B40: 47818 | C40: ORDINARIO | D40: 64.17 | E40: 64.17 | F40: 64.17 | G40: 64.17 | H40: 64.17 | I40: 64.17 | J40: 64.17 | K40: 64.17 | L40: 64.17 | M40: 64.17 | N40: 64.17 | O40: 64.17 | P40: 64.17 | Q40: 64.17 | R40: 64.17 | S40: 64.17 | T40: 64.17 | U40: 64.17 | V40: 64.17 | W40: 64.17 | X40: 64.17 | Y40: 64.17 | Z40: 64.17 | AA40: 64.17 | AB40: =SUM(D40:AA40) -> 1540.08 | AC40: 21 | AD40: =+AB40*AC40+AB41*AC41+AB42*AC42 -> 47742.48
C41: SABADO | D41: 64.17 | E41: 64.17 | F41: 64.17 | G41: 64.17 | H41: 64.17 | I41: 64.17 | J41: 64.17 | K41: 64.17 | L41: 64.17 | M41: 64.17 | N41: 64.17 | O41: 64.17 | P41: 64.17 | Q41: 64.17 | R41: 64.17 | S41: 64.17 | T41: 64.17 | U41: 64.17 | V41: 64.17 | W41: 64.17 | X41: 64.17 | Y41: 64.17 | Z41: 64.17 | AA41: 64.17 | AB41: =SUM(D41:AA41) -> 1540.08 | AC41: 4
C42: FESTIVO | D42: 64.17 | E42: 64.17 | F42: 64.17 | G42: 64.17 | H42: 64.17 | I42: 64.17 | J42: 64.17 | K42: 64.17 | L42: 64.17 | M42: 64.17 | N42: 64.17 | O42: 64.17 | P42: 64.17 | Q42: 64.17 | R42: 64.17 | S42: 64.17 | T42: 64.17 | U42: 64.17 | V42: 64.17 | W42: 64.17 | X42: 64.17 | Y42: 64.17 | Z42: 64.17 | AA42: 64.17 | AB42: =SUM(D42:AA42) -> 1540.08 | AC42: 6
AA43: ENERGÍA REQUERIDA | AD43: =SUM(AD7:AD42) -> 562129.2

Sheet P7_Anexo_2_2030
C3: EMPRESAS MUNICIPALES DE CALI- EMCALI EICE ESP
C4: CONVOCATORIA PÚBLICA PARA COMPRA DE ENERGÍA
C5: Código de Convocatoria SICEP No. CP-EMIC2025-003
C7: ANEXO No. 2 CANTIDADES Y PRECIOS OFERTADOS
C9: PRODUCTO 7 - 1 DE ENERO A 31 DE DICIEMBRE 2030 - PLANO
C12: AÑO | D12: Energía solicitada (MWh) | E12: Energía Ofertada (MWh) | F12: Precio anual $/KWh
C13: 2030 | D13: =P7_Anexo_1_2030!AD43 -> 562129.2
C14: Total año | D14: =SUM(D13:D13) -> 562129.2
C17: NOTAS:
C18: 1- Se debe ofertar todo el año, la misma cantidad horaria por período
C19: 2- Se debe ofertar mínimo quince (15) MWh para cada período horario ofertado
C20: 3- La energía y los precios a ofertar deben ofrecerse en la modalidad monomia.
C21: 4- Precios en pesos constantes del mes de agosto de 2025.

Sheet P8_Anexo_1_2030
B2: ANEXO No. 1 - CANTIDADES DE ENERGÍA HORARIA Y MENSUAL A CONTRATAR
B3: PRODUCTO 8 - 1 DE ENERO A 31 DE DICIEMBRE 2030
B5: ENERGÍA CURVA A SOLICITAR AÑO 2030 PARA MERCADO REGULADO (MWh)
B6: MES | C6: DÍA | D6: H1 | E6: H2 | F6: H3 | G6: H4 | H6: H5 | I6: H6 | J6: H7 | K6: H8 | L6: H9 | M6: H10 | N6: H11 | O6: H12 | P6: H13 | Q6: H14 | R6: H15 | S6: H16 | T6: H17 | U6: H18 | V6: H19 | W6: H20 | X6: H21 | Y6: H22 | Z6: H23 | AA6: H24 | AB6: TOTAL | AC6: No. Dias | AD6: TOTAL MES
B7: 47484 | C7: ORDINARIO | D7: 49.29 | E7: 34.92 | F7: 21.93 | G7: 17.78 | H7: 16.89 | I7: 15.5 | J7: 31.14 | K7: 28.88 | L7: 48.02 | M7: 61.58 | N7: 78.78 | O7: 97.11 | P7: 110.73 | Q7: 101.88 | R7: 93.35 | S7: 90.75 | T7: 93.15 | U7: 129.71 | V7: 139.76 | W7: 173.47 | X7: 171.4 | Y7: 158.57 | Z7: 127.81 | AA7: 87.59 | AB7: =SUM(D7:AA7) -> 1979.99 | AC7: 21 | AD7: =+AB7*AC7+AB8*AC8+AB9*AC9 -> 57297.73
C8: SABADO | D8: 43.25 | E8: 29.39 | F8: 16.86 | G8: 12.86 | H8: 12 | I8: 10.65 | J8: 25.75 | K8: 22.98 | L8: 41.37 | M8: 54.37 | N8: 70.92 | O8: 88.58 | P8: 101.75 | Q8: 93.25 | R8: 85.02 | S8: 82.57 | T8: 84.95 | U8: 121.41 | V8: 131.11 | W8: 163.64 | X8: 161.63 | Y8: 149.26 | Z8: 119.58 | AA8: 80.76 | AB8: =SUM(D8:AA8) -> 1803.91 | AC8: 4
C9: FESTIVO | D9: 30.01 | E9: 17.25 | F9: 5.71 | G9: 2.03 | H9: 1.24 | I9: 0 | J9: 13.9 | K9: 10.01 | L9: 26.78 | M9: 38.55 | N9: 53.62 | O9: 69.84 | P9: 82.01 | Q9: 74.28 | R9: 66.74 | S9: 64.58 | T9: 66.94 | U9: 103.18 | V9: 112.1 | W9: 142.04 | X9: 140.2 | Y9: 128.8 | Z9: 101.49 | AA9: 65.75 | AB9: =SUM(D9:AA9) -> 1417.05 | AC9: 6
B10: 47515 | C10: ORDINARIO | D10: 49.29 | E10: 34.92 | F10: 21.93 | G10: 17.78 | H10: 16.89 | I10: 15.5 | J10: 31.14 | K10: 28.88 | L10: 48.02 | M10: 61.58 | N10: 78.78 | O10: 97.11 | P10: 110.73 | Q10: 101.88 | R10: 93.35 | S10: 90.75 | T10: 93.15 | U10: 129.71 | V10: 139.76 | W10: 173.47 | X10: 171.4 | Y10: 158.57 | Z10: 127.81 | AA10: 87.59 | AB10: =SUM(D10:AA10) -> 1979.99 | AC10: 20 | AD10: =+AB10*AC10+AB11*AC11+AB12*AC12 -> 52483.64
C11: SABADO | D11: 43.25 | E11: 29.39 | F11: 16.86 | G11: 12.86 | H11: 12 | I11: 10.65 | J11: 25.75 | K11: 22.98 | L11: 41.37 | M11: 54.37 | N11: 70.92 | O11: 88.58 | P11: 101.75 | Q11: 93.25 | R11: 85.02 | S11: 82.57 | T11: 84.95 | U11: 121.41 | V11: 131.11 | W11: 163.64 | X11: 161.63 | Y11: 149.26 | Z11: 119.58 | AA11: 80.76 | AB11: =SUM(D11:AA11) -> 1803.91 | AC11: 4
C12: FESTIVO | D12: 30.01 | E12: 17.25 | F12: 5.71 | G12: 2.03 | H12: 1.24 | I12: 0 | J12: 13.9 | K12: 10.01 | L12: 26.78 | M12: 38.55 | N12: 53.62 | O12: 69.84 | P12: 82.01 | Q12: 74.28 | R12: 66.74 | S12: 64.58 | T12: 66.94 | U12: 103.18 | V12: 112.1 | W12: 142.04 | X12: 140.2 | Y12: 128.8 | Z12: 101.49 | AA12: 65.75 | AB12: =SUM(D12:AA12) -> 1417.05 | AC12: 4
B13: 47543 | C13: ORDINARIO | D13: 49.29 | E13: 34.92 | F13: 21.93 | G13: 17.78 | H13: 16.89 | I13: 15.5 | J13: 31.14 | K13: 28.88 | L13: 48.02 | M13: 61.58 | N13: 78.78 | O13: 97.11 | P13: 110.73 | Q13: 101.88 | R13: 93.35 | S13: 90.75 | T13: 93.15 | U13: 129.71 | V13: 139.76 | W13: 173.47 | X13: 171.4 | Y13: 158.57 | Z13: 127.81 | AA13: 87.59 | AB13: =SUM(D13:AA13) -> 1979.99 | AC13: 20 | AD13: =+AB13*AC13+AB14*AC14+AB15*AC15 -> 57121.65
C14: SABADO | D14: 43.25 | E14: 29.39 | F14: 16.86 | G14: 12.86 | H14: 12 | I14: 10.65 | J14: 25.75 | K14: 22.98 | L14: 41.37 | M14: 54.37 | N14: 70.92 | O14: 88.58 | P14: 101.75 | Q14: 93.25 | R14: 85.02 | S14: 82.57 | T14: 84.95 | U14: 121.41 | V14: 131.11 | W14: 163.64 | X14: 161.63 | Y14: 149.26 | Z14: 119.58 | AA14: 80.76 | AB14: =SUM(D14:AA14) -> 1803.91 | AC14: 5
C15: FESTIVO | D15: 30.01 | E15: 17.25 | F15: 5.71 | G15: 2.03 | H15: 1.24 | I15: 0 | J15: 13.9 | K15: 10.01 | L15: 26.78 | M15: 38.55 | N15: 53.62 | O15: 69.84 | P15: 82.01 | Q15: 74.28 | R15: 66.74 | S15: 64.58 | T15: 66.94 | U15: 103.18 | V15: 112.1 | W15: 142.04 | X15: 140.2 | Y15: 128.8 | Z15: 101.49 | AA15: 65.75 | AB15: =SUM(D15:AA15) -> 1417.05 | AC15: 6
B16: 47574 | C16: ORDINARIO | D16: 49.29 | E16: 34.92 | F16: 21.93 | G16: 17.78 | H16: 16.89 | I16: 15.5 | J16: 31.14 | K16: 28.88 | L16: 48.02 | M16: 61.58 | N16: 78.78 | O16: 97.11 | P16: 110.73 | Q16: 101.88 | R16: 93.35 | S16: 90.75 | T16: 93.15 | U16: 129.71 | V16: 139.76 | W16: 173.47 | X16: 171.4 | Y16: 158.57 | Z16: 127.81 | AA16: 87.59 | AB16: =SUM(D16:AA16) -> 1979.99 | AC16: 20 | AD16: =+AB16*AC16+AB17*AC17+AB18*AC18 -> 55317.74
C17: SABADO | D17: 43.25 | E17: 29.39 | F17: 16.86 | G17: 12.86 | H17: 12 | I17: 10.65 | J17: 25.75 | K17: 22.98 | L17: 41.37 | M17: 54.37 | N17: 70.92 | O17: 88.58 | P17: 101.75 | Q17: 93.25 | R17: 85.02 | S17: 82.57 | T17: 84.95 | U17: 121.41 | V17: 131.11 | W17: 163.64 | X17: 161.63 | Y17: 149.26 | Z17: 119.58 | AA17: 80.76 | AB17: =SUM(D17:AA17) -> 1803.91 | AC17: 4
C18: FESTIVO | D18: 30.01 | E18: 17.25 | F18: 5.71 | G18: 2.03 | H18: 1.24 | I18: 0 | J18: 13.9 | K18: 10.01 | L18: 26.78 | M18: 38.55 | N18: 53.62 | O18: 69.84 | P18: 82.01 | Q18: 74.28 | R18: 66.74 | S18: 64.58 | T18: 66.94 | U18: 103.18 | V18: 112.1 | W18: 142.04 | X18: 140.2 | Y18: 128.8 | Z18: 101.49 | AA18: 65.75 | AB18: =SUM(D18:AA18) -> 1417.05 | AC18: 6
B19: 47604 | C19: ORDINARIO | D19: 49.29 | E19: 34.92 | F19: 21.93 | G19: 17.78 | H19: 16.89 | I19: 15.5 | J19: 31.14 | K19: 28.88 | L19: 48.02 | M19: 61.58 | N19: 78.78 | O19: 97.11 | P19: 110.73 | Q19: 101.88 | R19: 93.35 | S19: 90.75 | T19: 93.15 | U19: 129.71 | V19: 139.76 | W19: 173.47 | X19: 171.4 | Y19: 158.57 | Z19: 127.81 | AA19: 87.59 | AB19: =SUM(D19:AA19) -> 1979.99 | AC19: 22 | AD19: =+AB19*AC19+AB20*AC20+AB21*AC21 -> 57860.67
C20: SABADO | D20: 43.25 | E20: 29.39 | F20: 16.86 | G20: 12.86 | H20: 12 | I20: 10.65 | J20: 25.75 | K20: 22.98 | L20: 41.37 | M20: 54.37 | N20: 70.92 | O20: 88.58 | P20: 101.75 | Q20: 93.25 | R20: 85.02 | S20: 82.57 | T20: 84.95 | U20: 121.41 | V20: 131.11 | W20: 163.64 | X20: 161.63 | Y20: 149.26 | Z20: 119.58 | AA20: 80.76 | AB20: =SUM(D20:AA20) -> 1803.91 | AC20: 4
C21: FESTIVO | D21: 30.01 | E21: 17.25 | F21: 5.71 | G21: 2.03 | H21: 1.24 | I21: 0 | J21: 13.9 | K21: 10.01 | L21: 26.78 | M21: 38.55 | N21: 53.62 | O21: 69.84 | P21: 82.01 | Q21: 74.28 | R21: 66.74 | S21: 64.58 | T21: 66.94 | U21: 103.18 | V21: 112.1 | W21: 142.04 | X21: 140.2 | Y21: 128.8 | Z21: 101.49 | AA21: 65.75 | AB21: =SUM(D21:AA21) -> 1417.05 | AC21: 5
B22: 47635 | C22: ORDINARIO | D22: 49.29 | E22: 34.92 | F22: 21.93 | G22: 17.78 | H22: 16.89 | I22: 15.5 | J22: 31.14 | K22: 28.88 | L22: 48.02 | M22: 61.58 | N22: 78.78 | O22: 97.11 | P22: 110.73 | Q22: 101.88 | R22: 93.35 | S22: 90.75 | T22: 93.15 | U22: 129.71 | V22: 139.76 | W22: 173.47 | X22: 171.4 | Y22: 158.57 | Z22: 127.81 | AA22: 87.59 | AB22: =SUM(D22:AA22) -> 1979.99 | AC22: 18 | AD22: =+AB22*AC22+AB23*AC23+AB24*AC24 -> 54578.72
C23: SABADO | D23: 43.25 | E23: 29.39 | F23: 16.86 | G23: 12.86 | H23: 12 | I23: 10.65 | J23: 25.75 | K23: 22.98 | L23: 41.37 | M23: 54.37 | N23: 70.92 | O23: 88.58 | P23: 101.75 | Q23: 93.25 | R23: 85.02 | S23: 82.57 | T23: 84.95 | U23: 121.41 | V23: 131.11 | W23: 163.64 | X23: 161.63 | Y23: 149.26 | Z23: 119.58 | AA23: 80.76 | AB23: =SUM(D23:AA23) -> 1803.91 | AC23: 5
C24: FESTIVO | D24: 30.01 | E24: 17.25 | F24: 5.71 | G24: 2.03 | H24: 1.24 | I24: 0 | J24: 13.9 | K24: 10.01 | L24: 26.78 | M24: 38.55 | N24: 53.62 | O24: 69.84 | P24: 82.01 | Q24: 74.28 | R24: 66.74 | S24: 64.58 | T24: 66.94 | U24: 103.18 | V24: 112.1 | W24: 142.04 | X24: 140.2 | Y24: 128.8 | Z24: 101.49 | AA24: 65.75 | AB24: =SUM(D24:AA24) -> 1417.05 | AC24: 7
B25: 47665 | C25: ORDINARIO | D25: 49.29 | E25: 34.92 | F25: 21.93 | G25: 17.78 | H25: 16.89 | I25: 15.5 | J25: 31.14 | K25: 28.88 | L25: 48.02 | M25: 61.58 | N25: 78.78 | O25: 97.11 | P25: 110.73 | Q25: 101.88 | R25: 93.35 | S25: 90.75 | T25: 93.15 | U25: 129.71 | V25: 139.76 | W25: 173.47 | X25: 171.4 | Y25: 158.57 | Z25: 127.81 | AA25: 87.59 | AB25: =SUM(D25:AA25) -> 1979.99 | AC25: 22 | AD25: =+AB25*AC25+AB26*AC26+AB27*AC27 -> 57473.81
C26: SABADO | D26: 43.25 | E26: 29.39 | F26: 16.86 | G26: 12.86 | H26: 12 | I26: 10.65 | J26: 25.75 | K26: 22.98 | L26: 41.37 | M26: 54.37 | N26: 70.92 | O26: 88.58 | P26: 101.75 | Q26: 93.25 | R26: 85.02 | S26: 82.57 | T26: 84.95 | U26: 121.41 | V26: 131.11 | W26: 163.64 | X26: 161.63 | Y26: 149.26 | Z26: 119.58 | AA26: 80.76 | AB26: =SUM(D26:AA26) -> 1803.91 | AC26: 3
C27: FESTIVO | D27: 30.01 | E27: 17.25 | F27: 5.71 | G27: 2.03 | H27: 1.24 | I27: 0 | J27: 13.9 | K27: 10.01 | L27: 26.78 | M27: 38.55 | N27: 53.62 | O27: 69.84 | P27: 82.01 | Q27: 74.28 | R27: 66.74 | S27: 64.58 | T27: 66.94 | U27: 103.18 | V27: 112.1 | W27: 142.04 | X27: 140.2 | Y27: 128.8 | Z27: 101.49 | AA27: 65.75 | AB27: =SUM(D27:AA27) -> 1417.05 | AC27: 6
B28: 47696 | C28: ORDINARIO | D28: 49.29 | E28: 34.92 | F28: 21.93 | G28: 17.78 | H28: 16.89 | I28: 15.5 | J28: 31.14 | K28: 28.88 | L28: 48.02 | M28: 61.58 | N28: 78.78 | O28: 97.11 | P28: 110.73 | Q28: 101.88 | R28: 93.35 | S28: 90.75 | T28: 93.15 | U28: 129.71 | V28: 139.76 | W28: 173.47 | X28: 171.4 | Y28: 158.57 | Z28: 127.81 | AA28: 87.59 | AB28: =SUM(D28:AA28) -> 1979.99 | AC28: 20 | AD28: =+AB28*AC28+AB29*AC29+AB30*AC30 -> 57121.65
C29: SABADO | D29: 43.25 | E29: 29.39 | F29: 16.86 | G29: 12.86 | H29: 12 | I29: 10.65 | J29: 25.75 | K29: 22.98 | L29: 41.37 | M29: 54.37 | N29: 70.92 | O29: 88.58 | P29: 101.75 | Q29: 93.25 | R29: 85.02 | S29: 82.57 | T29: 84.95 | U29: 121.41 | V29: 131.11 | W29: 163.64 | X29: 161.63 | Y29: 149.26 | Z29: 119.58 | AA29: 80.76 | AB29: =SUM(D29:AA29) -> 1803.91 | AC29: 5
C30: FESTIVO | D30: 30.01 | E30: 17.25 | F30: 5.71 | G30: 2.03 | H30: 1.24 | I30: 0 | J30: 13.9 | K30: 10.01 | L30: 26.78 | M30: 38.55 | N30: 53.62 | O30: 69.84 | P30: 82.01 | Q30: 74.28 | R30: 66.74 | S30: 64.58 | T30: 66.94 | U30: 103.18 | V30: 112.1 | W30: 142.04 | X30: 140.2 | Y30: 128.8 | Z30: 101.49 | AA30: 65.75 | AB30: =SUM(D30:AA30) -> 1417.05 | AC30: 6
B31: 47727 | C31: ORDINARIO | D31: 49.29 | E31: 34.92 | F31: 21.93 | G31: 17.78 | H31: 16.89 | I31: 15.5 | J31: 31.14 | K31: 28.88 | L31: 48.02 | M31: 61.58 | N31: 78.78 | O31: 97.11 | P31: 110.73 | Q31: 101.88 | R31: 93.35 | S31: 90.75 | T31: 93.15 | U31: 129.71 | V31: 139.76 | W31: 173.47 | X31: 171.4 | Y31: 158.57 | Z31: 127.81 | AA31: 87.59 | AB31: =SUM(D31:AA31) -> 1979.99 | AC31: 21 | AD31: =+AB31*AC31+AB32*AC32+AB33*AC33 -> 55880.68
C32: SABADO | D32: 43.25 | E32: 29.39 | F32: 16.86 | G32: 12.86 | H32: 12 | I32: 10.65 | J32: 25.75 | K32: 22.98 | L32: 41.37 | M32: 54.37 | N32: 70.92 | O32: 88.58 | P32: 101.75 | Q32: 93.25 | R32: 85.02 | S32: 82.57 | T32: 84.95 | U32: 121.41 | V32: 131.11 | W32: 163.64 | X32: 161.63 | Y32: 149.26 | Z32: 119.58 | AA32: 80.76 | AB32: =SUM(D32:AA32) -> 1803.91 | AC32: 4
C33: FESTIVO | D33: 30.01 | E33: 17.25 | F33: 5.71 | G33: 2.03 | H33: 1.24 | I33: 0 | J33: 13.9 | K33: 10.01 | L33: 26.78 | M33: 38.55 | N33: 53.62 | O33: 69.84 | P33: 82.01 | Q33: 74.28 | R33: 66.74 | S33: 64.58 | T33: 66.94 | U33: 103.18 | V33: 112.1 | W33: 142.04 | X33: 140.2 | Y33: 128.8 | Z33: 101.49 | AA33: 65.75 | AB33: =SUM(D33:AA33) -> 1417.05 | AC33: 5
B34: 47757 | C34: ORDINARIO | D34: 49.29 | E34: 34.92 | F34: 21.93 | G34: 17.78 | H34: 16.89 | I34: 15.5 | J34: 31.14 | K34: 28.88 | L34: 48.02 | M34: 61.58 | N34: 78.78 | O34: 97.11 | P34: 110.73 | Q34: 101.88 | R34: 93.35 | S34: 90.75 | T34: 93.15 | U34: 129.71 | V34: 139.76 | W34: 173.47 | X34: 171.4 | Y34: 158.57 | Z34: 127.81 | AA34: 87.59 | AB34: =SUM(D34:AA34) -> 1979.99 | AC34: 22 | AD34: =+AB34*AC34+AB35*AC35+AB36*AC36 -> 57860.67
C35: SABADO | D35: 43.25 | E35: 29.39 | F35: 16.86 | G35: 12.86 | H35: 12 | I35: 10.65 | J35: 25.75 | K35: 22.98 | L35: 41.37 | M35: 54.37 | N35: 70.92 | O35: 88.58 | P35: 101.75 | Q35: 93.25 | R35: 85.02 | S35: 82.57 | T35: 84.95 | U35: 121.41 | V35: 131.11 | W35: 163.64 | X35: 161.63 | Y35: 149.26 | Z35: 119.58 | AA35: 80.76 | AB35: =SUM(D35:AA35) -> 1803.91 | AC35: 4
C36: FESTIVO | D36: 30.01 | E36: 17.25 | F36: 5.71 | G36: 2.03 | H36: 1.24 | I36: 0 | J36: 13.9 | K36: 10.01 | L36: 26.78 | M36: 38.55 | N36: 53.62 | O36: 69.84 | P36: 82.01 | Q36: 74.28 | R36: 66.74 | S36: 64.58 | T36: 66.94 | U36: 103.18 | V36: 112.1 | W36: 142.04 | X36: 140.2 | Y36: 128.8 | Z36: 101.49 | AA36: 65.75 | AB36: =SUM(D36:AA36) -> 1417.05 | AC36: 5
B37: 47788 | C37: ORDINARIO | D37: 49.29 | E37: 34.92 | F37: 21.93 | G37: 17.78 | H37: 16.89 | I37: 15.5 | J37: 31.14 | K37: 28.88 | L37: 48.02 | M37: 61.58 | N37: 78.78 | O37: 97.11 | P37: 110.73 | Q37: 101.88 | R37: 93.35 | S37: 90.75 | T37: 93.15 | U37: 129.71 | V37: 139.76 | W37: 173.47 | X37: 171.4 | Y37: 158.57 | Z37: 127.81 | AA37: 87.59 | AB37: =SUM(D37:AA37) -> 1979.99 | AC37: 19 | AD37: =+AB37*AC37+AB38*AC38+AB39*AC39 -> 55141.66
C38: SABADO | D38: 43.25 | E38: 29.39 | F38: 16.86 | G38: 12.86 | H38: 12 | I38: 10.65 | J38: 25.75 | K38: 22.98 | L38: 41.37 | M38: 54.37 | N38: 70.92 | O38: 88.58 | P38: 101.75 | Q38: 93.25 | R38: 85.02 | S38: 82.57 | T38: 84.95 | U38: 121.41 | V38: 131.11 | W38: 163.64 | X38: 161.63 | Y38: 149.26 | Z38: 119.58 | AA38: 80.76 | AB38: =SUM(D38:AA38) -> 1803.91 | AC38: 5
C39: FESTIVO | D39: 30.01 | E39: 17.25 | F39: 5.71 | G39: 2.03 | H39: 1.24 | I39: 0 | J39: 13.9 | K39: 10.01 | L39: 26.78 | M39: 38.55 | N39: 53.62 | O39: 69.84 | P39: 82.01 | Q39: 74.28 | R39: 66.74 | S39: 64.58 | T39: 66.94 | U39: 103.18 | V39: 112.1 | W39: 142.04 | X39: 140.2 | Y39: 128.8 | Z39: 101.49 | AA39: 65.75 | AB39: =SUM(D39:AA39) -> 1417.05 | AC39: 6
B40: 47818 | C40: ORDINARIO | D40: 49.29 | E40: 34.92 | F40: 21.93 | G40: 17.78 | H40: 16.89 | I40: 15.5 | J40: 31.14 | K40: 28.88 | L40: 48.02 | M40: 61.58 | N40: 78.78 | O40: 97.11 | P40: 110.73 | Q40: 101.88 | R40: 93.35 | S40: 90.75 | T40: 93.15 | U40: 129.71 | V40: 139.76 | W40: 173.47 | X40: 171.4 | Y40: 158.57 | Z40: 127.81 | AA40: 87.59 | AB40: =SUM(D40:AA40) -> 1979.99 | AC40: 21 | AD40: =+AB40*AC40+AB41*AC41+AB42*AC42 -> 57297.73
C41: SABADO | D41: 43.25 | E41: 29.39 | F41: 16.86 | G41: 12.86 | H41: 12 | I41: 10.65 | J41: 25.75 | K41: 22.98 | L41: 41.37 | M41: 54.37 | N41: 70.92 | O41: 88.58 | P41: 101.75 | Q41: 93.25 | R41: 85.02 | S41: 82.57 | T41: 84.95 | U41: 121.41 | V41: 131.11 | W41: 163.64 | X41: 161.63 | Y41: 149.26 | Z41: 119.58 | AA41: 80.76 | AB41: =SUM(D41:AA41) -> 1803.91 | AC41: 4
C42: FESTIVO | D42: 30.01 | E42: 17.25 | F42: 5.71 | G42: 2.03 | H42: 1.24 | I42: 0 | J42: 13.9 | K42: 10.01 | L42: 26.78 | M42: 38.55 | N42: 53.62 | O42: 69.84 | P42: 82.01 | Q42: 74.28 | R42: 66.74 | S42: 64.58 | T42: 66.94 | U42: 103.18 | V42: 112.1 | W42: 142.04 | X42: 140.2 | Y42: 128.8 | Z42: 101.49 | AA42: 65.75 | AB42: =SUM(D42:AA42) -> 1417.05 | AC42: 6
AA43: ENERGÍA REQUERIDA | AD43: =SUM(AD7:AD42) -> 675436.35

Sheet P8_Anexo_2_2030
C3: EMPRESAS MUNICIPALES DE CALI- EMCALI EICE ESP
C4: CONVOCATORIA PÚBLICA PARA COMPRA DE ENERGÍA
C5: Código de Convocatoria SICEP No. CP-EMIC2025-003
C7: ANEXO No. 2 CANTIDADES Y PRECIOS OFERTADOS
C9: PRODUCTO 8 - 1 DE ENERO A 31 DE DICIEMBRE 2030 - CURVA
C12: AÑO | D12: Energía solicitada (MWh) | E12: Energía Ofertada (MWh) | F12: Precio anual $/KWh
C13: 2030 | D13: =P8_Anexo_1_2030!AD43 -> 675436.35
C14: Total año | D14: =SUM(D13:D13) -> 675436.35
C17: NOTAS:
C18: 1- La cantidad a ofertar puede ser parcial o total de la energía solicitada.
C19: 2- Precios en pesos constantes del mes de agosto de 2025.
C20: 3- La energía y los precios a ofertar deben ofrecerse en la modalidad monomia.
C21: 4- Las cantidades ofertadas siguen la curva indicada en los términos de referencia

Sheet P9_Anexo_1_2031
B2: ANEXO No. 1 - CANTIDADES DE ENERGÍA HORARIA Y MENSUAL A CONTRATAR
B3: PRODUCTO 9 - 1 DE ENERO A 31 DE DICIEMBRE 2031
B5: ENERGÍA PLANO A SOLICITAR AÑO 2031 PARA MERCADO REGULADO (MWh)
B6: MES | C6: DÍA | D6: H1 | E6: H2 | F6: H3 | G6: H4 | H6: H5 | I6: H6 | J6: H7 | K6: H8 | L6: H9 | M6: H10 | N6: H11 | O6: H12 | P6: H13 | Q6: H14 | R6: H15 | S6: H16 | T6: H17 | U6: H18 | V6: H19 | W6: H20 | X6: H21 | Y6: H22 | Z6: H23 | AA6: H24 | AB6: TOTAL | AC6: No. Dias | AD6: TOTAL MES
B7: 47849 | C7: ORDINARIO | D7: 51.45 | E7: 51.45 | F7: 51.45 | G7: 51.45 | H7: 51.45 | I7: 51.45 | J7: 51.45 | K7: 51.45 | L7: 51.45 | M7: 51.45 | N7: 51.45 | O7: 51.45 | P7: 51.45 | Q7: 51.45 | R7: 51.45 | S7: 51.45 | T7: 51.45 | U7: 51.45 | V7: 51.45 | W7: 51.45 | X7: 51.45 | Y7: 51.45 | Z7: 51.45 | AA7: 51.45 | AB7: =SUM(D7:AA7) -> 1234.8 | AC7: 21 | AD7: =+AB7*AC7+AB8*AC8+AB9*AC9 -> 38278.8
C8: SABADO | D8: 51.45 | E8: 51.45 | F8: 51.45 | G8: 51.45 | H8: 51.45 | I8: 51.45 | J8: 51.45 | K8: 51.45 | L8: 51.45 | M8: 51.45 | N8: 51.45 | O8: 51.45 | P8: 51.45 | Q8: 51.45 | R8: 51.45 | S8: 51.45 | T8: 51.45 | U8: 51.45 | V8: 51.45 | W8: 51.45 | X8: 51.45 | Y8: 51.45 | Z8: 51.45 | AA8: 51.45 | AB8: =SUM(D8:AA8) -> 1234.8 | AC8: 4
C9: FESTIVO | D9: 51.45 | E9: 51.45 | F9: 51.45 | G9: 51.45 | H9: 51.45 | I9: 51.45 | J9: 51.45 | K9: 51.45 | L9: 51.45 | M9: 51.45 | N9: 51.45 | O9: 51.45 | P9: 51.45 | Q9: 51.45 | R9: 51.45 | S9: 51.45 | T9: 51.45 | U9: 51.45 | V9: 51.45 | W9: 51.45 | X9: 51.45 | Y9: 51.45 | Z9: 51.45 | AA9: 51.45 | AB9: =SUM(D9:AA9) -> 1234.8 | AC9: 6
B10: 47880 | C10: ORDINARIO | D10: 51.45 | E10: 51.45 | F10: 51.45 | G10: 51.45 | H10: 51.45 | I10: 51.45 | J10: 51.45 | K10: 51.45 | L10: 51.45 | M10: 51.45 | N10: 51.45 | O10: 51.45 | P10: 51.45 | Q10: 51.45 | R10: 51.45 | S10: 51.45 | T10: 51.45 | U10: 51.45 | V10: 51.45 | W10: 51.45 | X10: 51.45 | Y10: 51.45 | Z10: 51.45 | AA10: 51.45 | AB10: =SUM(D10:AA10) -> 1234.8 | AC10: 20 | AD10: =+AB10*AC10+AB11*AC11+AB12*AC12 -> 34574.4
C11: SABADO | D11: 51.45 | E11: 51.45 | F11: 51.45 | G11: 51.45 | H11: 51.45 | I11: 51.45 | J11: 51.45 | K11: 51.45 | L11: 51.45 | M11: 51.45 | N11: 51.45 | O11: 51.45 | P11: 51.45 | Q11: 51.45 | R11: 51.45 | S11: 51.45 | T11: 51.45 | U11: 51.45 | V11: 51.45 | W11: 51.45 | X11: 51.45 | Y11: 51.45 | Z11: 51.45 | AA11: 51.45 | AB11: =SUM(D11:AA11) -> 1234.8 | AC11: 4
C12: FESTIVO | D12: 51.45 | E12: 51.45 | F12: 51.45 | G12: 51.45 | H12: 51.45 | I12: 51.45 | J12: 51.45 | K12: 51.45 | L12: 51.45 | M12: 51.45 | N12: 51.45 | O12: 51.45 | P12: 51.45 | Q12: 51.45 | R12: 51.45 | S12: 51.45 | T12: 51.45 | U12: 51.45 | V12: 51.45 | W12: 51.45 | X12: 51.45 | Y12: 51.45 | Z12: 51.45 | AA12: 51.45 | AB12: =SUM(D12:AA12) -> 1234.8 | AC12: 4
B13: 47908 | C13: ORDINARIO | D13: 51.45 | E13: 51.45 | F13: 51.45 | G13: 51.45 | H13: 51.45 | I13: 51.45 | J13: 51.45 | K13: 51.45 | L13: 51.45 | M13: 51.45 | N13: 51.45 | O13: 51.45 | P13: 51.45 | Q13: 51.45 | R13: 51.45 | S13: 51.45 | T13: 51.45 | U13: 51.45 | V13: 51.45 | W13: 51.45 | X13: 51.45 | Y13: 51.45 | Z13: 51.45 | AA13: 51.45 | AB13: =SUM(D13:AA13) -> 1234.8 | AC13: 20 | AD13: =+AB13*AC13+AB14*AC14+AB15*AC15 -> 38278.8
C14: SABADO | D14: 51.45 | E14: 51.45 | F14: 51.45 | G14: 51.45 | H14: 51.45 | I14: 51.45 | J14: 51.45 | K14: 51.45 | L14: 51.45 | M14: 51.45 | N14: 51.45 | O14: 51.45 | P14: 51.45 | Q14: 51.45 | R14: 51.45 | S14: 51.45 | T14: 51.45 | U14: 51.45 | V14: 51.45 | W14: 51.45 | X14: 51.45 | Y14: 51.45 | Z14: 51.45 | AA14: 51.45 | AB14: =SUM(D14:AA14) -> 1234.8 | AC14: 5
C15: FESTIVO | D15: 51.45 | E15: 51.45 | F15: 51.45 | G15: 51.45 | H15: 51.45 | I15: 51.45 | J15: 51.45 | K15: 51.45 | L15: 51.45 | M15: 51.45 | N15: 51.45 | O15: 51.45 | P15: 51.45 | Q15: 51.45 | R15: 51.45 | S15: 51.45 | T15: 51.45 | U15: 51.45 | V15: 51.45 | W15: 51.45 | X15: 51.45 | Y15: 51.45 | Z15: 51.45 | AA15: 51.45 | AB15: =SUM(D15:AA15) -> 1234.8 | AC15: 6
B16: 47939 | C16: ORDINARIO | D16: 51.45 | E16: 51.45 | F16: 51.45 | G16: 51.45 | H16: 51.45 | I16: 51.45 | J16: 51.45 | K16: 51.45 | L16: 51.45 | M16: 51.45 | N16: 51.45 | O16: 51.45 | P16: 51.45 | Q16: 51.45 | R16: 51.45 | S16: 51.45 | T16: 51.45 | U16: 51.45 | V16: 51.45 | W16: 51.45 | X16: 51.45 | Y16: 51.45 | Z16: 51.45 | AA16: 51.45 | AB16: =SUM(D16:AA16) -> 1234.8 | AC16: 20 | AD16: =+AB16*AC16+AB17*AC17+AB18*AC18 -> 37044
C17: SABADO | D17: 51.45 | E17: 51.45 | F17: 51.45 | G17: 51.45 | H17: 51.45 | I17: 51.45 | J17: 51.45 | K17: 51.45 | L17: 51.45 | M17: 51.45 | N17: 51.45 | O17: 51.45 | P17: 51.45 | Q17: 51.45 | R17: 51.45 | S17: 51.45 | T17: 51.45 | U17: 51.45 | V17: 51.45 | W17: 51.45 | X17: 51.45 | Y17: 51.45 | Z17: 51.45 | AA17: 51.45 | AB17: =SUM(D17:AA17) -> 1234.8 | AC17: 4
C18: FESTIVO | D18: 51.45 | E18: 51.45 | F18: 51.45 | G18: 51.45 | H18: 51.45 | I18: 51.45 | J18: 51.45 | K18: 51.45 | L18: 51.45 | M18: 51.45 | N18: 51.45 | O18: 51.45 | P18: 51.45 | Q18: 51.45 | R18: 51.45 | S18: 51.45 | T18: 51.45 | U18: 51.45 | V18: 51.45 | W18: 51.45 | X18: 51.45 | Y18: 51.45 | Z18: 51.45 | AA18: 51.45 | AB18: =SUM(D18:AA18) -> 1234.8 | AC18: 6
B19: 47969 | C19: ORDINARIO | D19: 51.45 | E19: 51.45 | F19: 51.45 | G19: 51.45 | H19: 51.45 | I19: 51.45 | J19: 51.45 | K19: 51.45 | L19: 51.45 | M19: 51.45 | N19: 51.45 | O19: 51.45 | P19: 51.45 | Q19: 51.45 | R19: 51.45 | S19: 51.45 | T19: 51.45 | U19: 51.45 | V19: 51.45 | W19: 51.45 | X19: 51.45 | Y19: 51.45 | Z19: 51.45 | AA19: 51.45 | AB19: =SUM(D19:AA19) -> 1234.8 | AC19: 20 | AD19: =+AB19*AC19+AB20*AC20+AB21*AC21 -> 38278.8
C20: SABADO | D20: 51.45 | E20: 51.45 | F20: 51.45 | G20: 51.45 | H20: 51.45 | I20: 51.45 | J20: 51.45 | K20: 51.45 | L20: 51.45 | M20: 51.45 | N20: 51.45 | O20: 51.45 | P20: 51.45 | Q20: 51.45 | R20: 51.45 | S20: 51.45 | T20: 51.45 | U20: 51.45 | V20: 51.45 | W20: 51.45 | X20: 51.45 | Y20: 51.45 | Z20: 51.45 | AA20: 51.45 | AB20: =SUM(D20:AA20) -> 1234.8 | AC20: 5
C21: FESTIVO | D21: 51.45 | E21: 51.45 | F21: 51.45 | G21: 51.45 | H21: 51.45 | I21: 51.45 | J21: 51.45 | K21: 51.45 | L21: 51.45 | M21: 51.45 | N21: 51.45 | O21: 51.45 | P21: 51.45 | Q21: 51.45 | R21: 51.45 | S21: 51.45 | T21: 51.45 | U21: 51.45 | V21: 51.45 | W21: 51.45 | X21: 51.45 | Y21: 51.45 | Z21: 51.45 | AA21: 51.45 | AB21: =SUM(D21:AA21) -> 1234.8 | AC21: 6
B22: 48000 | C22: ORDINARIO | D22: 51.45 | E22: 51.45 | F22: 51.45 | G22: 51.45 | H22: 51.45 | I22: 51.45 | J22: 51.45 | K22: 51.45 | L22: 51.45 | M22: 51.45 | N22: 51.45 | O22: 51.45 | P22: 51.45 | Q22: 51.45 | R22: 51.45 | S22: 51.45 | T22: 51.45 | U22: 51.45 | V22: 51.45 | W22: 51.45 | X22: 51.45 | Y22: 51.45 | Z22: 51.45 | AA22: 51.45 | AB22: =SUM(D22:AA22) -> 1234.8 | AC22: 18 | AD22: =+AB22*AC22+AB23*AC23+AB24*AC24 -> 37044
C23: SABADO | D23: 51.45 | E23: 51.45 | F23: 51.45 | G23: 51.45 | H23: 51.45 | I23: 51.45 | J23: 51.45 | K23: 51.45 | L23: 51.45 | M23: 51.45 | N23: 51.45 | O23: 51.45 | P23: 51.45 | Q23: 51.45 | R23: 51.45 | S23: 51.45 | T23: 51.45 | U23: 51.45 | V23: 51.45 | W23: 51.45 | X23: 51.45 | Y23: 51.45 | Z23: 51.45 | AA23: 51.45 | AB23: =SUM(D23:AA23) -> 1234.8 | AC23: 4
C24: FESTIVO | D24: 51.45 | E24: 51.45 | F24: 51.45 | G24: 51.45 | H24: 51.45 | I24: 51.45 | J24: 51.45 | K24: 51.45 | L24: 51.45 | M24: 51.45 | N24: 51.45 | O24: 51.45 | P24: 51.45 | Q24: 51.45 | R24: 51.45 | S24: 51.45 | T24: 51.45 | U24: 51.45 | V24: 51.45 | W24: 51.45 | X24: 51.45 | Y24: 51.45 | Z24: 51.45 | AA24: 51.45 | AB24: =SUM(D24:AA24) -> 1234.8 | AC24: 8
B25: 48030 | C25: ORDINARIO | D25: 51.45 | E25: 51.45 | F25: 51.45 | G25: 51.45 | H25: 51.45 | I25: 51.45 | J25: 51.45 | K25: 51.45 | L25: 51.45 | M25: 51.45 | N25: 51.45 | O25: 51.45 | P25: 51.45 | Q25: 51.45 | R25: 51.45 | S25: 51.45 | T25: 51.45 | U25: 51.45 | V25: 51.45 | W25: 51.45 | X25: 51.45 | Y25: 51.45 | Z25: 51.45 | AA25: 51.45 | AB25: =SUM(D25:AA25) -> 1234.8 | AC25: 23 | AD25: =+AB25*AC25+AB26*AC26+AB27*AC27 -> 38278.8
C26: SABADO | D26: 51.45 | E26: 51.45 | F26: 51.45 | G26: 51.45 | H26: 51.45 | I26: 51.45 | J26: 51.45 | K26: 51.45 | L26: 51.45 | M26: 51.45 | N26: 51.45 | O26: 51.45 | P26: 51.45 | Q26: 51.45 | R26: 51.45 | S26: 51.45 | T26: 51.45 | U26: 51.45 | V26: 51.45 | W26: 51.45 | X26: 51.45 | Y26: 51.45 | Z26: 51.45 | AA26: 51.45 | AB26: =SUM(D26:AA26) -> 1234.8 | AC26: 4
C27: FESTIVO | D27: 51.45 | E27: 51.45 | F27: 51.45 | G27: 51.45 | H27: 51.45 | I27: 51.45 | J27: 51.45 | K27: 51.45 | L27: 51.45 | M27: 51.45 | N27: 51.45 | O27: 51.45 | P27: 51.45 | Q27: 51.45 | R27: 51.45 | S27: 51.45 | T27: 51.45 | U27: 51.45 | V27: 51.45 | W27: 51.45 | X27: 51.45 | Y27: 51.45 | Z27: 51.45 | AA27: 51.45 | AB27: =SUM(D27:AA27) -> 1234.8 | AC27: 4
B28: 48061 | C28: ORDINARIO | D28: 51.45 | E28: 51.45 | F28: 51.45 | G28: 51.45 | H28: 51.45 | I28: 51.45 | J28: 51.45 | K28: 51.45 | L28: 51.45 | M28: 51.45 | N28: 51.45 | O28: 51.45 | P28: 51.45 | Q28: 51.45 | R28: 51.45 | S28: 51.45 | T28: 51.45 | U28: 51.45 | V28: 51.45 | W28: 51.45 | X28: 51.45 | Y28: 51.45 | Z28: 51.45 | AA28: 51.45 | AB28: =SUM(D28:AA28) -> 1234.8 | AC28: 19 | AD28: =+AB28*AC28+AB29*AC29+AB30*AC30 -> 38278.8
C29: SABADO | D29: 51.45 | E29: 51.45 | F29: 51.45 | G29: 51.45 | H29: 51.45 | I29: 51.45 | J29: 51.45 | K29: 51.45 | L29: 51.45 | M29: 51.45 | N29: 51.45 | O29: 51.45 | P29: 51.45 | Q29: 51.45 | R29: 51.45 | S29: 51.45 | T29: 51.45 | U29: 51.45 | V29: 51.45 | W29: 51.45 | X29: 51.45 | Y29: 51.45 | Z29: 51.45 | AA29: 51.45 | AB29: =SUM(D29:AA29) -> 1234.8 | AC29: 5
C30: FESTIVO | D30: 51.45 | E30: 51.45 | F30: 51.45 | G30: 51.45 | H30: 51.45 | I30: 51.45 | J30: 51.45 | K30: 51.45 | L30: 51.45 | M30: 51.45 | N30: 51.45 | O30: 51.45 | P30: 51.45 | Q30: 51.45 | R30: 51.45 | S30: 51.45 | T30: 51.45 | U30: 51.45 | V30: 51.45 | W30: 51.45 | X30: 51.45 | Y30: 51.45 | Z30: 51.45 | AA30: 51.45 | AB30: =SUM(D30:AA30) -> 1234.8 | AC30: 7
B31: 48092 | C31: ORDINARIO | D31: 51.45 | E31: 51.45 | F31: 51.45 | G31: 51.45 | H31: 51.45 | I31: 51.45 | J31: 51.45 | K31: 51.45 | L31: 51.45 | M31: 51.45 | N31: 51.45 | O31: 51.45 | P31: 51.45 | Q31: 51.45 | R31: 51.45 | S31: 51.45 | T31: 51.45 | U31: 51.45 | V31: 51.45 | W31: 51.45 | X31: 51.45 | Y31: 51.45 | Z31: 51.45 | AA31: 51.45 | AB31: =SUM(D31:AA31) -> 1234.8 | AC31: 22 | AD31: =+AB31*AC31+AB32*AC32+AB33*AC33 -> 37044
C32: SABADO | D32: 51.45 | E32: 51.45 | F32: 51.45 | G32: 51.45 | H32: 51.45 | I32: 51.45 | J32: 51.45 | K32: 51.45 | L32: 51.45 | M32: 51.45 | N32: 51.45 | O32: 51.45 | P32: 51.45 | Q32: 51.45 | R32: 51.45 | S32: 51.45 | T32: 51.45 | U32: 51.45 | V32: 51.45 | W32: 51.45 | X32: 51.45 | Y32: 51.45 | Z32: 51.45 | AA32: 51.45 | AB32: =SUM(D32:AA32) -> 1234.8 | AC32: 4
C33: FESTIVO | D33: 51.45 | E33: 51.45 | F33: 51.45 | G33: 51.45 | H33: 51.45 | I33: 51.45 | J33: 51.45 | K33: 51.45 | L33: 51.45 | M33: 51.45 | N33: 51.45 | O33: 51.45 | P33: 51.45 | Q33: 51.45 | R33: 51.45 | S33: 51.45 | T33: 51.45 | U33: 51.45 | V33: 51.45 | W33: 51.45 | X33: 51.45 | Y33: 51.45 | Z33: 51.45 | AA33: 51.45 | AB33: =SUM(D33:AA33) -> 1234.8 | AC33: 4
B34: 48122 | C34: ORDINARIO | D34: 51.45 | E34: 51.45 | F34: 51.45 | G34: 51.45 | H34: 51.45 | I34: 51.45 | J34: 51.45 | K34: 51.45 | L34: 51.45 | M34: 51.45 | N34: 51.45 | O34: 51.45 | P34: 51.45 | Q34: 51.45 | R34: 51.45 | S34: 51.45 | T34: 51.45 | U34: 51.45 | V34: 51.45 | W34: 51.45 | X34: 51.45 | Y34: 51.45 | Z34: 51.45 | AA34: 51.45 | AB34: =SUM(D34:AA34) -> 1234.8 | AC34: 22 | AD34: =+AB34*AC34+AB35*AC35+AB36*AC36 -> 38278.8
C35: SABADO | D35: 51.45 | E35: 51.45 | F35: 51.45 | G35: 51.45 | H35: 51.45 | I35: 51.45 | J35: 51.45 | K35: 51.45 | L35: 51.45 | M35: 51.45 | N35: 51.45 | O35: 51.45 | P35: 51.45 | Q35: 51.45 | R35: 51.45 | S35: 51.45 | T35: 51.45 | U35: 51.45 | V35: 51.45 | W35: 51.45 | X35: 51.45 | Y35: 51.45 | Z35: 51.45 | AA35: 51.45 | AB35: =SUM(D35:AA35) -> 1234.8 | AC35: 4
C36: FESTIVO | D36: 51.45 | E36: 51.45 | F36: 51.45 | G36: 51.45 | H36: 51.45 | I36: 51.45 | J36: 51.45 | K36: 51.45 | L36: 51.45 | M36: 51.45 | N36: 51.45 | O36: 51.45 | P36: 51.45 | Q36: 51.45 | R36: 51.45 | S36: 51.45 | T36: 51.45 | U36: 51.45 | V36: 51.45 | W36: 51.45 | X36: 51.45 | Y36: 51.45 | Z36: 51.45 | AA36: 51.45 | AB36: =SUM(D36:AA36) -> 1234.8 | AC36: 5
B37: 48153 | C37: ORDINARIO | D37: 51.45 | E37: 51.45 | F37: 51.45 | G37: 51.45 | H37: 51.45 | I37: 51.45 | J37: 51.45 | K37: 51.45 | L37: 51.45 | M37: 51.45 | N37: 51.45 | O37: 51.45 | P37: 51.45 | Q37: 51.45 | R37: 51.45 | S37: 51.45 | T37: 51.45 | U37: 51.45 | V37: 51.45 | W37: 51.45 | X37: 51.45 | Y37: 51.45 | Z37: 51.45 | AA37: 51.45 | AB37: =SUM(D37:AA37) -> 1234.8 | AC37: 18 | AD37: =+AB37*AC37+AB38*AC38+AB39*AC39 -> 37044
C38: SABADO | D38: 51.45 | E38: 51.45 | F38: 51.45 | G38: 51.45 | H38: 51.45 | I38: 51.45 | J38: 51.45 | K38: 51.45 | L38: 51.45 | M38: 51.45 | N38: 51.45 | O38: 51.45 | P38: 51.45 | Q38: 51.45 | R38: 51.45 | S38: 51.45 | T38: 51.45 | U38: 51.45 | V38: 51.45 | W38: 51.45 | X38: 51.45 | Y38: 51.45 | Z38: 51.45 | AA38: 51.45 | AB38: =SUM(D38:AA38) -> 1234.8 | AC38: 5
C39: FESTIVO | D39: 51.45 | E39: 51.45 | F39: 51.45 | G39: 51.45 | H39: 51.45 | I39: 51.45 | J39: 51.45 | K39: 51.45 | L39: 51.45 | M39: 51.45 | N39: 51.45 | O39: 51.45 | P39: 51.45 | Q39: 51.45 | R39: 51.45 | S39: 51.45 | T39: 51.45 | U39: 51.45 | V39: 51.45 | W39: 51.45 | X39: 51.45 | Y39: 51.45 | Z39: 51.45 | AA39: 51.45 | AB39: =SUM(D39:AA39) -> 1234.8 | AC39: 7
B40: 48183 | C40: ORDINARIO | D40: 51.45 | E40: 51.45 | F40: 51.45 | G40: 51.45 | H40: 51.45 | I40: 51.45 | J40: 51.45 | K40: 51.45 | L40: 51.45 | M40: 51.45 | N40: 51.45 | O40: 51.45 | P40: 51.45 | Q40: 51.45 | R40: 51.45 | S40: 51.45 | T40: 51.45 | U40: 51.45 | V40: 51.45 | W40: 51.45 | X40: 51.45 | Y40: 51.45 | Z40: 51.45 | AA40: 51.45 | AB40: =SUM(D40:AA40) -> 1234.8 | AC40: 21 | AD40: =+AB40*AC40+AB41*AC41+AB42*AC42 -> 38278.8
C41: SABADO | D41: 51.45 | E41: 51.45 | F41: 51.45 | G41: 51.45 | H41: 51.45 | I41: 51.45 | J41: 51.45 | K41: 51.45 | L41: 51.45 | M41: 51.45 | N41: 51.45 | O41: 51.45 | P41: 51.45 | Q41: 51.45 | R41: 51.45 | S41: 51.45 | T41: 51.45 | U41: 51.45 | V41: 51.45 | W41: 51.45 | X41: 51.45 | Y41: 51.45 | Z41: 51.45 | AA41: 51.45 | AB41: =SUM(D41:AA41) -> 1234.8 | AC41: 4
C42: FESTIVO | D42: 51.45 | E42: 51.45 | F42: 51.45 | G42: 51.45 | H42: 51.45 | I42: 51.45 | J42: 51.45 | K42: 51.45 | L42: 51.45 | M42: 51.45 | N42: 51.45 | O42: 51.45 | P42: 51.45 | Q42: 51.45 | R42: 51.45 | S42: 51.45 | T42: 51.45 | U42: 51.45 | V42: 51.45 | W42: 51.45 | X42: 51.45 | Y42: 51.45 | Z42: 51.45 | AA42: 51.45 | AB42: =SUM(D42:AA42) -> 1234.8 | AC42: 6
AA43: ENERGÍA REQUERIDA | AD43: =SUM(AD7:AD42) -> 450702

Sheet P9_Anexo_2_2031
C3: EMPRESAS MUNICIPALES DE CALI- EMCALI EICE ESP
C4: CONVOCATORIA PÚBLICA PARA COMPRA DE ENERGÍA
C5: Código de Convocatoria SICEP No. CP-EMIC2025-003
C7: ANEXO No. 2 CANTIDADES Y PRECIOS OFERTADOS
C9: PRODUCTO 9 - 1 DE ENERO A 31 DE DICIEMBRE 2031 - PLANO
C12: AÑO | D12: Energía solicitada (MWh) | E12: Energía Ofertada (MWh) | F12: Precio anual $/KWh
C13: 2031 | D13: =P9_Anexo_1_2031!AD43 -> 450702
C14: Total año | D14: =SUM(D13:D13) -> 450702
C17: NOTAS:
C18: 1- Se debe ofertar todo el año, la misma cantidad horaria por período
C19: 2- Se debe ofertar mínimo quince (15) MWh para cada período horario ofertado
C20: 3- La energía y los precios a ofertar deben ofrecerse en la modalidad monomia.
C21: 4- Precios en pesos constantes del mes de agosto de 2025.

Sheet P10_Anexo_1_2031
B2: ANEXO No. 1 - CANTIDADES DE ENERGÍA HORARIA Y MENSUAL A CONTRATAR
B3: PRODUCTO 9 - 1 DE ENERO A 31 DE DICIEMBRE 2031
B5: ENERGÍA CURVA A SOLICITAR AÑO 2031 PARA MERCADO REGULADO (MWh)
B6: MES | C6: DÍA | D6: H1 | E6: H2 | F6: H3 | G6: H4 | H6: H5 | I6: H6 | J6: H7 | K6: H8 | L6: H9 | M6: H10 | N6: H11 | O6: H12 | P6: H13 | Q6: H14 | R6: H15 | S6: H16 | T6: H17 | U6: H18 | V6: H19 | W6: H20 | X6: H21 | Y6: H22 | Z6: H23 | AA6: H24 | AB6: TOTAL | AC6: No. Dias | AD6: TOTAL MES
B7: 47849 | C7: ORDINARIO | D7: 39.52 | E7: 28 | F7: 17.59 | G7: 14.26 | H7: 13.55 | I7: 12.43 | J7: 24.97 | K7: 23.16 | L7: 38.51 | M7: 49.38 | N7: 63.17 | O7: 77.87 | P7: 88.79 | Q7: 81.69 | R7: 74.85 | S7: 72.76 | T7: 74.69 | U7: 104.01 | V7: 112.07 | W7: 139.09 | X7: 137.43 | Y7: 127.14 | Z7: 102.49 | AA7: 70.24 | AB7: =SUM(D7:AA7) -> 1587.66 | AC7: 21 | AD7: =+AB7*AC7+AB8*AC8+AB9*AC9 -> 45944.98
C8: SABADO | D8: 34.69 | E8: 23.57 | F8: 13.53 | G8: 10.31 | H8: 9.63 | I8: 8.55 | J8: 20.65 | K8: 18.43 | L8: 33.18 | M8: 43.6 | N8: 56.86 | O8: 71.03 | P8: 81.58 | Q8: 74.77 | R8: 68.18 | S8: 66.2 | T8: 68.12 | U8: 97.36 | V8: 105.13 | W8: 131.21 | X8: 129.61 | Y8: 119.68 | Z8: 95.89 | AA8: 64.76 | AB8: =SUM(D8:AA8) -> 1446.52 | AC8: 4
C9: FESTIVO | D9: 24.07 | E9: 13.84 | F9: 4.59 | G9: 1.63 | H9: 1 | I9: 0 | J9: 11.15 | K9: 8.03 | L9: 21.48 | M9: 30.91 | N9: 43 | O9: 56 | P9: 65.76 | Q9: 59.56 | R9: 53.52 | S9: 51.79 | T9: 53.68 | U9: 82.73 | V9: 89.89 | W9: 113.9 | X9: 112.42 | Y9: 103.28 | Z9: 81.38 | AA9: 52.73 | AB9: =SUM(D9:AA9) -> 1136.34 | AC9: 6
B10: 47880 | C10: ORDINARIO | D10: 39.52 | E10: 28 | F10: 17.59 | G10: 14.26 | H10: 13.55 | I10: 12.43 | J10: 24.97 | K10: 23.16 | L10: 38.51 | M10: 49.38 | N10: 63.17 | O10: 77.87 | P10: 88.79 | Q10: 81.69 | R10: 74.85 | S10: 72.76 | T10: 74.69 | U10: 104.01 | V10: 112.07 | W10: 139.09 | X10: 137.43 | Y10: 127.14 | Z10: 102.49 | AA10: 70.24 | AB10: =SUM(D10:AA10) -> 1587.66 | AC10: 20 | AD10: =+AB10*AC10+AB11*AC11+AB12*AC12 -> 42084.64
C11: SABADO | D11: 34.69 | E11: 23.57 | F11: 13.53 | G11: 10.31 | H11: 9.63 | I11: 8.55 | J11: 20.65 | K11: 18.43 | L11: 33.18 | M11: 43.6 | N11: 56.86 | O11: 71.03 | P11: 81.58 | Q11: 74.77 | R11: 68.18 | S11: 66.2 | T11: 68.12 | U11: 97.36 | V11: 105.13 | W11: 131.21 | X11: 129.61 | Y11: 119.68 | Z11: 95.89 | AA11: 64.76 | AB11: =SUM(D11:AA11) -> 1446.52 | AC11: 4
C12: FESTIVO | D12: 24.07 | E12: 13.84 | F12: 4.59 | G12: 1.63 | H12: 1 | I12: 0 | J12: 11.15 | K12: 8.03 | L12: 21.48 | M12: 30.91 | N12: 43 | O12: 56 | P12: 65.76 | Q12: 59.56 | R12: 53.52 | S12: 51.79 | T12: 53.68 | U12: 82.73 | V12: 89.89 | W12: 113.9 | X12: 112.42 | Y12: 103.28 | Z12: 81.38 | AA12: 52.73 | AB12: =SUM(D12:AA12) -> 1136.34 | AC12: 4
B13: 47908 | C13: ORDINARIO | D13: 39.52 | E13: 28 | F13: 17.59 | G13: 14.26 | H13: 13.55 | I13: 12.43 | J13: 24.97 | K13: 23.16 | L13: 38.51 | M13: 49.38 | N13: 63.17 | O13: 77.87 | P13: 88.79 | Q13: 81.69 | R13: 74.85 | S13: 72.76 | T13: 74.69 | U13: 104.01 | V13: 112.07 | W13: 139.09 | X13: 137.43 | Y13: 127.14 | Z13: 102.49 | AA13: 70.24 | AB13: =SUM(D13:AA13) -> 1587.66 | AC13: 20 | AD13: =+AB13*AC13+AB14*AC14+AB15*AC15 -> 45803.84
C14: SABADO | D14: 34.69 | E14: 23.57 | F14: 13.53 | G14: 10.31 | H14: 9.63 | I14: 8.55 | J14: 20.65 | K14: 18.43 | L14: 33.18 | M14: 43.6 | N14: 56.86 | O14: 71.03 | P14: 81.58 | Q14: 74.77 | R14: 68.18 | S14: 66.2 | T14: 68.12 | U14: 97.36 | V14: 105.13 | W14: 131.21 | X14: 129.61 | Y14: 119.68 | Z14: 95.89 | AA14: 64.76 | AB14: =SUM(D14:AA14) -> 1446.52 | AC14: 5
C15: FESTIVO | D15: 24.07 | E15: 13.84 | F15: 4.59 | G15: 1.63 | H15: 1 | I15: 0 | J15: 11.15 | K15: 8.03 | L15: 21.48 | M15: 30.91 | N15: 43 | O15: 56 | P15: 65.76 | Q15: 59.56 | R15: 53.52 | S15: 51.79 | T15: 53.68 | U15: 82.73 | V15: 89.89 | W15: 113.9 | X15: 112.42 | Y15: 103.28 | Z15: 81.38 | AA15: 52.73 | AB15: =SUM(D15:AA15) -> 1136.34 | AC15: 6
B16: 47939 | C16: ORDINARIO | D16: 39.52 | E16: 28 | F16: 17.59 | G16: 14.26 | H16: 13.55 | I16: 12.43 | J16: 24.97 | K16: 23.16 | L16: 38.51 | M16: 49.38 | N16: 63.17 | O16: 77.87 | P16: 88.79 | Q16: 81.69 | R16: 74.85 | S16: 72.76 | T16: 74.69 | U16: 104.01 | V16: 112.07 | W16: 139.09 | X16: 137.43 | Y16: 127.14 | Z16: 102.49 | AA16: 70.24 | AB16: =SUM(D16:AA16) -> 1587.66 | AC16: 20 | AD16: =+AB16*AC16+AB17*AC17+AB18*AC18 -> 44357.32
C17: SABADO | D17: 34.69 | E17: 23.57 | F17: 13.53 | G17: 10.31 | H17: 9.63 | I17: 8.55 | J17: 20.65 | K17: 18.43 | L17: 33.18 | M17: 43.6 | N17: 56.86 | O17: 71.03 | P17: 81.58 | Q17: 74.77 | R17: 68.18 | S17: 66.2 | T17: 68.12 | U17: 97.36 | V17: 105.13 | W17: 131.21 | X17: 129.61 | Y17: 119.68 | Z17: 95.89 | AA17: 64.76 | AB17: =SUM(D17:AA17) -> 1446.52 | AC17: 4
C18: FESTIVO | D18: 24.07 | E18: 13.84 | F18: 4.59 | G18: 1.63 | H18: 1 | I18: 0 | J18: 11.15 | K18: 8.03 | L18: 21.48 | M18: 30.91 | N18: 43 | O18: 56 | P18: 65.76 | Q18: 59.56 | R18: 53.52 | S18: 51.79 | T18: 53.68 | U18: 82.73 | V18: 89.89 | W18: 113.9 | X18: 112.42 | Y18: 103.28 | Z18: 81.38 | AA18: 52.73 | AB18: =SUM(D18:AA18) -> 1136.34 | AC18: 6
B19: 47969 | C19: ORDINARIO | D19: 39.52 | E19: 28 | F19: 17.59 | G19: 14.26 | H19: 13.55 | I19: 12.43 | J19: 24.97 | K19: 23.16 | L19: 38.51 | M19: 49.38 | N19: 63.17 | O19: 77.87 | P19: 88.79 | Q19: 81.69 | R19: 74.85 | S19: 72.76 | T19: 74.69 | U19: 104.01 | V19: 112.07 | W19: 139.09 | X19: 137.43 | Y19: 127.14 | Z19: 102.49 | AA19: 70.24 | AB19: =SUM(D19:AA19) -> 1587.66 | AC19: 20 | AD19: =+AB19*AC19+AB20*AC20+AB21*AC21 -> 45803.84
C20: SABADO | D20: 34.69 | E20: 23.57 | F20: 13.53 | G20: 10.31 | H20: 9.63 | I20: 8.55 | J20: 20.65 | K20: 18.43 | L20: 33.18 | M20: 43.6 | N20: 56.86 | O20: 71.03 | P20: 81.58 | Q20: 74.77 | R20: 68.18 | S20: 66.2 | T20: 68.12 | U20: 97.36 | V20: 105.13 | W20: 131.21 | X20: 129.61 | Y20: 119.68 | Z20: 95.89 | AA20: 64.76 | AB20: =SUM(D20:AA20) -> 1446.52 | AC20: 5
C21: FESTIVO | D21: 24.07 | E21: 13.84 | F21: 4.59 | G21: 1.63 | H21: 1 | I21: 0 | J21: 11.15 | K21: 8.03 | L21: 21.48 | M21: 30.91 | N21: 43 | O21: 56 | P21: 65.76 | Q21: 59.56 | R21: 53.52 | S21: 51.79 | T21: 53.68 | U21: 82.73 | V21: 89.89 | W21: 113.9 | X21: 112.42 | Y21: 103.28 | Z21: 81.38 | AA21: 52.73 | AB21: =SUM(D21:AA21) -> 1136.34 | AC21: 6
B22: 48000 | C22: ORDINARIO | D22: 39.52 | E22: 28 | F22: 17.59 | G22: 14.26 | H22: 13.55 | I22: 12.43 | J22: 24.97 | K22: 23.16 | L22: 38.51 | M22: 49.38 | N22: 63.17 | O22: 77.87 | P22: 88.79 | Q22: 81.69 | R22: 74.85 | S22: 72.76 | T22: 74.69 | U22: 104.01 | V22: 112.07 | W22: 139.09 | X22: 137.43 | Y22: 127.14 | Z22: 102.49 | AA22: 70.24 | AB22: =SUM(D22:AA22) -> 1587.66 | AC22: 18 | AD22: =+AB22*AC22+AB23*AC23+AB24*AC24 -> 43454.68
C23: SABADO | D23: 34.69 | E23: 23.57 | F23: 13.53 | G23: 10.31 | H23: 9.63 | I23: 8.55 | J23: 20.65 | K23: 18.43 | L23: 33.18 | M23: 43.6 | N23: 56.86 | O23: 71.03 | P23: 81.58 | Q23: 74.77 | R23: 68.18 | S23: 66.2 | T23: 68.12 | U23: 97.36 | V23: 105.13 | W23: 131.21 | X23: 129.61 | Y23: 119.68 | Z23: 95.89 | AA23: 64.76 | AB23: =SUM(D23:AA23) -> 1446.52 | AC23: 4
C24: FESTIVO | D24: 24.07 | E24: 13.84 | F24: 4.59 | G24: 1.63 | H24: 1 | I24: 0 | J24: 11.15 | K24: 8.03 | L24: 21.48 | M24: 30.91 | N24: 43 | O24: 56 | P24: 65.76 | Q24: 59.56 | R24: 53.52 | S24: 51.79 | T24: 53.68 | U24: 82.73 | V24: 89.89 | W24: 113.9 | X24: 112.42 | Y24: 103.28 | Z24: 81.38 | AA24: 52.73 | AB24: =SUM(D24:AA24) -> 1136.34 | AC24: 8
B25: 48030 | C25: ORDINARIO | D25: 39.52 | E25: 28 | F25: 17.59 | G25: 14.26 | H25: 13.55 | I25: 12.43 | J25: 24.97 | K25: 23.16 | L25: 38.51 | M25: 49.38 | N25: 63.17 | O25: 77.87 | P25: 88.79 | Q25: 81.69 | R25: 74.85 | S25: 72.76 | T25: 74.69 | U25: 104.01 | V25: 112.07 | W25: 139.09 | X25: 137.43 | Y25: 127.14 | Z25: 102.49 | AA25: 70.24 | AB25: =SUM(D25:AA25) -> 1587.66 | AC25: 23 | AD25: =+AB25*AC25+AB26*AC26+AB27*AC27 -> 46847.62
C26: SABADO | D26: 34.69 | E26: 23.57 | F26: 13.53 | G26: 10.31 | H26: 9.63 | I26: 8.55 | J26: 20.65 | K26: 18.43 | L26: 33.18 | M26: 43.6 | N26: 56.86 | O26: 71.03 | P26: 81.58 | Q26: 74.77 | R26: 68.18 | S26: 66.2 | T26: 68.12 | U26: 97.36 | V26: 105.13 | W26: 131.21 | X26: 129.61 | Y26: 119.68 | Z26: 95.89 | AA26: 64.76 | AB26: =SUM(D26:AA26) -> 1446.52 | AC26: 4
C27: FESTIVO | D27: 24.07 | E27: 13.84 | F27: 4.59 | G27: 1.63 | H27: 1 | I27: 0 | J27: 11.15 | K27: 8.03 | L27: 21.48 | M27: 30.91 | N27: 43 | O27: 56 | P27: 65.76 | Q27: 59.56 | R27: 53.52 | S27: 51.79 | T27: 53.68 | U27: 82.73 | V27: 89.89 | W27: 113.9 | X27: 112.42 | Y27: 103.28 | Z27: 81.38 | AA27: 52.73 | AB27: =SUM(D27:AA27) -> 1136.34 | AC27: 4
B28: 48061 | C28: ORDINARIO | D28: 39.52 | E28: 28 | F28: 17.59 | G28: 14.26 | H28: 13.55 | I28: 12.43 | J28: 24.97 | K28: 23.16 | L28: 38.51 | M28: 49.38 | N28: 63.17 | O28: 77.87 | P28: 88.79 | Q28: 81.69 | R28: 74.85 | S28: 72.76 | T28: 74.69 | U28: 104.01 | V28: 112.07 | W28: 139.09 | X28: 137.43 | Y28: 127.14 | Z28: 102.49 | AA28: 70.24 | AB28: =SUM(D28:AA28) -> 1587.66 | AC28: 19 | AD28: =+AB28*AC28+AB29*AC29+AB30*AC30 -> 45352.52
C29: SABADO | D29: 34.69 | E29: 23.57 | F29: 13.53 | G29: 10.31 | H29: 9.63 | I29: 8.55 | J29: 20.65 | K29: 18.43 | L29: 33.18 | M29: 43.6 | N29: 56.86 | O29: 71.03 | P29: 81.58 | Q29: 74.77 | R29: 68.18 | S29: 66.2 | T29: 68.12 | U29: 97.36 | V29: 105.13 | W29: 131.21 | X29: 129.61 | Y29: 119.68 | Z29: 95.89 | AA29: 64.76 | AB29: =SUM(D29:AA29) -> 1446.52 | AC29: 5
C30: FESTIVO | D30: 24.07 | E30: 13.84 | F30: 4.59 | G30: 1.63 | H30: 1 | I30: 0 | J30: 11.15 | K30: 8.03 | L30: 21.48 | M30: 30.91 | N30: 43 | O30: 56 | P30: 65.76 | Q30: 59.56 | R30: 53.52 | S30: 51.79 | T30: 53.68 | U30: 82.73 | V30: 89.89 | W30: 113.9 | X30: 112.42 | Y30: 103.28 | Z30: 81.38 | AA30: 52.73 | AB30: =SUM(D30:AA30) -> 1136.34 | AC30: 7
B31: 48092 | C31: ORDINARIO | D31: 39.52 | E31: 28 | F31: 17.59 | G31: 14.26 | H31: 13.55 | I31: 12.43 | J31: 24.97 | K31: 23.16 | L31: 38.51 | M31: 49.38 | N31: 63.17 | O31: 77.87 | P31: 88.79 | Q31: 81.69 | R31: 74.85 | S31: 72.76 | T31: 74.69 | U31: 104.01 | V31: 112.07 | W31: 139.09 | X31: 137.43 | Y31: 127.14 | Z31: 102.49 | AA31: 70.24 | AB31: =SUM(D31:AA31) -> 1587.66 | AC31: 22 | AD31: =+AB31*AC31+AB32*AC32+AB33*AC33 -> 45259.96
C32: SABADO | D32: 34.69 | E32: 23.57 | F32: 13.53 | G32: 10.31 | H32: 9.63 | I32: 8.55 | J32: 20.65 | K32: 18.43 | L32: 33.18 | M32: 43.6 | N32: 56.86 | O32: 71.03 | P32: 81.58 | Q32: 74.77 | R32: 68.18 | S32: 66.2 | T32: 68.12 | U32: 97.36 | V32: 105.13 | W32: 131.21 | X32: 129.61 | Y32: 119.68 | Z32: 95.89 | AA32: 64.76 | AB32: =SUM(D32:AA32) -> 1446.52 | AC32: 4
C33: FESTIVO | D33: 24.07 | E33: 13.84 | F33: 4.59 | G33: 1.63 | H33: 1 | I33: 0 | J33: 11.15 | K33: 8.03 | L33: 21.48 | M33: 30.91 | N33: 43 | O33: 56 | P33: 65.76 | Q33: 59.56 | R33: 53.52 | S33: 51.79 | T33: 53.68 | U33: 82.73 | V33: 89.89 | W33: 113.9 | X33: 112.42 | Y33: 103.28 | Z33: 81.38 | AA33: 52.73 | AB33: =SUM(D33:AA33) -> 1136.34 | AC33: 4
B34: 48122 | C34: ORDINARIO | D34: 39.52 | E34: 28 | F34: 17.59 | G34: 14.26 | H34: 13.55 | I34: 12.43 | J34: 24.97 | K34: 23.16 | L34: 38.51 | M34: 49.38 | N34: 63.17 | O34: 77.87 | P34: 88.79 | Q34: 81.69 | R34: 74.85 | S34: 72.76 | T34: 74.69 | U34: 104.01 | V34: 112.07 | W34: 139.09 | X34: 137.43 | Y34: 127.14 | Z34: 102.49 | AA34: 70.24 | AB34: =SUM(D34:AA34) -> 1587.66 | AC34: 22 | AD34: =+AB34*AC34+AB35*AC35+AB36*AC36 -> 46396.3
C35: SABADO | D35: 34.69 | E35: 23.57 | F35: 13.53 | G35: 10.31 | H35: 9.63 | I35: 8.55 | J35: 20.65 | K35: 18.43 | L35: 33.18 | M35: 43.6 | N35: 56.86 | O35: 71.03 | P35: 81.58 | Q35: 74.77 | R35: 68.18 | S35: 66.2 | T35: 68.12 | U35: 97.36 | V35: 105.13 | W35: 131.21 | X35: 129.61 | Y35: 119.68 | Z35: 95.89 | AA35: 64.76 | AB35: =SUM(D35:AA35) -> 1446.52 | AC35: 4
C36: FESTIVO | D36: 24.07 | E36: 13.84 | F36: 4.59 | G36: 1.63 | H36: 1 | I36: 0 | J36: 11.15 | K36: 8.03 | L36: 21.48 | M36: 30.91 | N36: 43 | O36: 56 | P36: 65.76 | Q36: 59.56 | R36: 53.52 | S36: 51.79 | T36: 53.68 | U36: 82.73 | V36: 89.89 | W36: 113.9 | X36: 112.42 | Y36: 103.28 | Z36: 81.38 | AA36: 52.73 | AB36: =SUM(D36:AA36) -> 1136.34 | AC36: 5
B37: 48153 | C37: ORDINARIO | D37: 39.52 | E37: 28 | F37: 17.59 | G37: 14.26 | H37: 13.55 | I37: 12.43 | J37: 24.97 | K37: 23.16 | L37: 38.51 | M37: 49.38 | N37: 63.17 | O37: 77.87 | P37: 88.79 | Q37: 81.69 | R37: 74.85 | S37: 72.76 | T37: 74.69 | U37: 104.01 | V37: 112.07 | W37: 139.09 | X37: 137.43 | Y37: 127.14 | Z37: 102.49 | AA37: 70.24 | AB37: =SUM(D37:AA37) -> 1587.66 | AC37: 18 | AD37: =+AB37*AC37+AB38*AC38+AB39*AC39 -> 43764.86
C38: SABADO | D38: 34.69 | E38: 23.57 | F38: 13.53 | G38: 10.31 | H38: 9.63 | I38: 8.55 | J38: 20.65 | K38: 18.43 | L38: 33.18 | M38: 43.6 | N38: 56.86 | O38: 71.03 | P38: 81.58 | Q38: 74.77 | R38: 68.18 | S38: 66.2 | T38: 68.12 | U38: 97.36 | V38: 105.13 | W38: 131.21 | X38: 129.61 | Y38: 119.68 | Z38: 95.89 | AA38: 64.76 | AB38: =SUM(D38:AA38) -> 1446.52 | AC38: 5
C39: FESTIVO | D39: 24.07 | E39: 13.84 | F39: 4.59 | G39: 1.63 | H39: 1 | I39: 0 | J39: 11.15 | K39: 8.03 | L39: 21.48 | M39: 30.91 | N39: 43 | O39: 56 | P39: 65.76 | Q39: 59.56 | R39: 53.52 | S39: 51.79 | T39: 53.68 | U39: 82.73 | V39: 89.89 | W39: 113.9 | X39: 112.42 | Y39: 103.28 | Z39: 81.38 | AA39: 52.73 | AB39: =SUM(D39:AA39) -> 1136.34 | AC39: 7
B40: 48183 | C40: ORDINARIO | D40: 39.52 | E40: 28 | F40: 17.59 | G40: 14.26 | H40: 13.55 | I40: 12.43 | J40: 24.97 | K40: 23.16 | L40: 38.51 | M40: 49.38 | N40: 63.17 | O40: 77.87 | P40: 88.79 | Q40: 81.69 | R40: 74.85 | S40: 72.76 | T40: 74.69 | U40: 104.01 | V40: 112.07 | W40: 139.09 | X40: 137.43 | Y40: 127.14 | Z40: 102.49 | AA40: 70.24 | AB40: =SUM(D40:AA40) -> 1587.66 | AC40: 21 | AD40: =+AB40*AC40+AB41*AC41+AB42*AC42 -> 45944.98
C41: SABADO | D41: 34.69 | E41: 23.57 | F41: 13.53 | G41: 10.31 | H41: 9.63 | I41: 8.55 | J41: 20.65 | K41: 18.43 | L41: 33.18 | M41: 43.6 | N41: 56.86 | O41: 71.03 | P41: 81.58 | Q41: 74.77 | R41: 68.18 | S41: 66.2 | T41: 68.12 | U41: 97.36 | V41: 105.13 | W41: 131.21 | X41: 129.61 | Y41: 119.68 | Z41: 95.89 | AA41: 64.76 | AB41: =SUM(D41:AA41) -> 1446.52 | AC41: 4
C42: FESTIVO | D42: 24.07 | E42: 13.84 | F42: 4.59 | G42: 1.63 | H42: 1 | I42: 0 | J42: 11.15 | K42: 8.03 | L42: 21.48 | M42: 30.91 | N42: 43 | O42: 56 | P42: 65.76 | Q42: 59.56 | R42: 53.52 | S42: 51.79 | T42: 53.68 | U42: 82.73 | V42: 89.89 | W42: 113.9 | X42: 112.42 | Y42: 103.28 | Z42: 81.38 | AA42: 52.73 | AB42: =SUM(D42:AA42) -> 1136.34 | AC42: 6
AA43: ENERGÍA REQUERIDA | AD43: =SUM(AD7:AD42) -> 541015.54

Sheet P10_Anexo_2_2031
C3: EMPRESAS MUNICIPALES DE CALI- EMCALI EICE ESP
C4: CONVOCATORIA PÚBLICA PARA COMPRA DE ENERGÍA
C5: Código de Convocatoria SICEP No. CP-EMIC2025-003
C7: ANEXO No. 2 CANTIDADES Y PRECIOS OFERTADOS
C9: PRODUCTO 10 - 1 DE ENERO A 31 DE DICIEMBRE 2031 - CURVA
C12: AÑO | D12: Energía solicitada (MWh) | E12: Energía Ofertada (MWh) | F12: Precio anual $/KWh
C13: 2031 | D13: =P10_Anexo_1_2031!AD43 -> 541015.54
C14: Total año | D14: =SUM(D13:D13) -> 541015.54
C17: NOTAS:
C18: 1- La cantidad a ofertar puede ser parcial o total de la energía solicitada.
C19: 2- Precios en pesos constantes del mes de agosto de 2025.
C20: 3- La energía y los precios a ofertar deben ofrecerse en la modalidad monomia.
C21: 4- Las cantidades ofertadas siguen la curva indicada en los términos de referencia

Sheet P11_Anexo_1_2032
B2: ANEXO No. 1 - CANTIDADES DE ENERGÍA HORARIA Y MENSUAL A CONTRATAR
B3: PRODUCTO 11 - 1 DE ENERO A 31 DE DICIEMBRE 2032
B5: ENERGÍA PLANO A SOLICITAR AÑO 2032 PARA MERCADO REGULADO (MWh)
B6: MES | C6: DÍA | D6: H1 | E6: H2 | F6: H3 | G6: H4 | H6: H5 | I6: H6 | J6: H7 | K6: H8 | L6: H9 | M6: H10 | N6: H11 | O6: H12 | P6: H13 | Q6: H14 | R6: H15 | S6: H16 | T6: H17 | U6: H18 | V6: H19 | W6: H20 | X6: H21 | Y6: H22 | Z6: H23 | AA6: H24 | AB6: TOTAL | AC6: No. Dias | AD6: TOTAL MES
B7: 48214 | C7: ORDINARIO | D7: 38.5 | E7: 38.5 | F7: 38.5 | G7: 38.5 | H7: 38.5 | I7: 38.5 | J7: 38.5 | K7: 38.5 | L7: 38.5 | M7: 38.5 | N7: 38.5 | O7: 38.5 | P7: 38.5 | Q7: 38.5 | R7: 38.5 | S7: 38.5 | T7: 38.5 | U7: 38.5 | V7: 38.5 | W7: 38.5 | X7: 38.5 | Y7: 38.5 | Z7: 38.5 | AA7: 38.5 | AB7: =SUM(D7:AA7) -> 924 | AC7: 20 | AD7: =+AB7*AC7+AB8*AC8+AB9*AC9 -> 28644
C8: SABADO | D8: 38.5 | E8: 38.5 | F8: 38.5 | G8: 38.5 | H8: 38.5 | I8: 38.5 | J8: 38.5 | K8: 38.5 | L8: 38.5 | M8: 38.5 | N8: 38.5 | O8: 38.5 | P8: 38.5 | Q8: 38.5 | R8: 38.5 | S8: 38.5 | T8: 38.5 | U8: 38.5 | V8: 38.5 | W8: 38.5 | X8: 38.5 | Y8: 38.5 | Z8: 38.5 | AA8: 38.5 | AB8: =SUM(D8:AA8) -> 924 | AC8: 5
C9: FESTIVO | D9: 38.5 | E9: 38.5 | F9: 38.5 | G9: 38.5 | H9: 38.5 | I9: 38.5 | J9: 38.5 | K9: 38.5 | L9: 38.5 | M9: 38.5 | N9: 38.5 | O9: 38.5 | P9: 38.5 | Q9: 38.5 | R9: 38.5 | S9: 38.5 | T9: 38.5 | U9: 38.5 | V9: 38.5 | W9: 38.5 | X9: 38.5 | Y9: 38.5 | Z9: 38.5 | AA9: 38.5 | AB9: =SUM(D9:AA9) -> 924 | AC9: 6
B10: 48245 | C10: ORDINARIO | D10: 38.5 | E10: 38.5 | F10: 38.5 | G10: 38.5 | H10: 38.5 | I10: 38.5 | J10: 38.5 | K10: 38.5 | L10: 38.5 | M10: 38.5 | N10: 38.5 | O10: 38.5 | P10: 38.5 | Q10: 38.5 | R10: 38.5 | S10: 38.5 | T10: 38.5 | U10: 38.5 | V10: 38.5 | W10: 38.5 | X10: 38.5 | Y10: 38.5 | Z10: 38.5 | AA10: 38.5 | AB10: =SUM(D10:AA10) -> 924 | AC10: 20 | AD10: =+AB10*AC10+AB11*AC11+AB12*AC12 -> 26796
C11: SABADO | D11: 38.5 | E11: 38.5 | F11: 38.5 | G11: 38.5 | H11: 38.5 | I11: 38.5 | J11: 38.5 | K11: 38.5 | L11: 38.5 | M11: 38.5 | N11: 38.5 | O11: 38.5 | P11: 38.5 | Q11: 38.5 | R11: 38.5 | S11: 38.5 | T11: 38.5 | U11: 38.5 | V11: 38.5 | W11: 38.5 | X11: 38.5 | Y11: 38.5 | Z11: 38.5 | AA11: 38.5 | AB11: =SUM(D11:AA11) -> 924 | AC11: 4
C12: FESTIVO | D12: 38.5 | E12: 38.5 | F12: 38.5 | G12: 38.5 | H12: 38.5 | I12: 38.5 | J12: 38.5 | K12: 38.5 | L12: 38.5 | M12: 38.5 | N12: 38.5 | O12: 38.5 | P12: 38.5 | Q12: 38.5 | R12: 38.5 | S12: 38.5 | T12: 38.5 | U12: 38.5 | V12: 38.5 | W12: 38.5 | X12: 38.5 | Y12: 38.5 | Z12: 38.5 | AA12: 38.5 | AB12: =SUM(D12:AA12) -> 924 | AC12: 5
B13: 48274 | C13: ORDINARIO | D13: 38.5 | E13: 38.5 | F13: 38.5 | G13: 38.5 | H13: 38.5 | I13: 38.5 | J13: 38.5 | K13: 38.5 | L13: 38.5 | M13: 38.5 | N13: 38.5 | O13: 38.5 | P13: 38.5 | Q13: 38.5 | R13: 38.5 | S13: 38.5 | T13: 38.5 | U13: 38.5 | V13: 38.5 | W13: 38.5 | X13: 38.5 | Y13: 38.5 | Z13: 38.5 | AA13: 38.5 | AB13: =SUM(D13:AA13) -> 924 | AC13: 20 | AD13: =+AB13*AC13+AB14*AC14+AB15*AC15 -> 28644
C14: SABADO | D14: 38.5 | E14: 38.5 | F14: 38.5 | G14: 38.5 | H14: 38.5 | I14: 38.5 | J14: 38.5 | K14: 38.5 | L14: 38.5 | M14: 38.5 | N14: 38.5 | O14: 38.5 | P14: 38.5 | Q14: 38.5 | R14: 38.5 | S14: 38.5 | T14: 38.5 | U14: 38.5 | V14: 38.5 | W14: 38.5 | X14: 38.5 | Y14: 38.5 | Z14: 38.5 | AA14: 38.5 | AB14: =SUM(D14:AA14) -> 924 | AC14: 4
C15: FESTIVO | D15: 38.5 | E15: 38.5 | F15: 38.5 | G15: 38.5 | H15: 38.5 | I15: 38.5 | J15: 38.5 | K15: 38.5 | L15: 38.5 | M15: 38.5 | N15: 38.5 | O15: 38.5 | P15: 38.5 | Q15: 38.5 | R15: 38.5 | S15: 38.5 | T15: 38.5 | U15: 38.5 | V15: 38.5 | W15: 38.5 | X15: 38.5 | Y15: 38.5 | Z15: 38.5 | AA15: 38.5 | AB15: =SUM(D15:AA15) -> 924 | AC15: 7
B16: 48305 | C16: ORDINARIO | D16: 38.5 | E16: 38.5 | F16: 38.5 | G16: 38.5 | H16: 38.5 | I16: 38.5 | J16: 38.5 | K16: 38.5 | L16: 38.5 | M16: 38.5 | N16: 38.5 | O16: 38.5 | P16: 38.5 | Q16: 38.5 | R16: 38.5 | S16: 38.5 | T16: 38.5 | U16: 38.5 | V16: 38.5 | W16: 38.5 | X16: 38.5 | Y16: 38.5 | Z16: 38.5 | AA16: 38.5 | AB16: =SUM(D16:AA16) -> 924 | AC16: 22 | AD16: =+AB16*AC16+AB17*AC17+AB18*AC18 -> 27720
C17: SABADO | D17: 38.5 | E17: 38.5 | F17: 38.5 | G17: 38.5 | H17: 38.5 | I17: 38.5 | J17: 38.5 | K17: 38.5 | L17: 38.5 | M17: 38.5 | N17: 38.5 | O17: 38.5 | P17: 38.5 | Q17: 38.5 | R17: 38.5 | S17: 38.5 | T17: 38.5 | U17: 38.5 | V17: 38.5 | W17: 38.5 | X17: 38.5 | Y17: 38.5 | Z17: 38.5 | AA17: 38.5 | AB17: =SUM(D17:AA17) -> 924 | AC17: 4
C18: FESTIVO | D18: 38.5 | E18: 38.5 | F18: 38.5 | G18: 38.5 | H18: 38.5 | I18: 38.5 | J18: 38.5 | K18: 38.5 | L18: 38.5 | M18: 38.5 | N18: 38.5 | O18: 38.5 | P18: 38.5 | Q18: 38.5 | R18: 38.5 | S18: 38.5 | T18: 38.5 | U18: 38.5 | V18: 38.5 | W18: 38.5 | X18: 38.5 | Y18: 38.5 | Z18: 38.5 | AA18: 38.5 | AB18: =SUM(D18:AA18) -> 924 | AC18: 4
B19: 48335 | C19: ORDINARIO | D19: 38.5 | E19: 38.5 | F19: 38.5 | G19: 38.5 | H19: 38.5 | I19: 38.5 | J19: 38.5 | K19: 38.5 | L19: 38.5 | M19: 38.5 | N19: 38.5 | O19: 38.5 | P19: 38.5 | Q19: 38.5 | R19: 38.5 | S19: 38.5 | T19: 38.5 | U19: 38.5 | V19: 38.5 | W19: 38.5 | X19: 38.5 | Y19: 38.5 | Z19: 38.5 | AA19: 38.5 | AB19: =SUM(D19:AA19) -> 924 | AC19: 19 | AD19: =+AB19*AC19+AB20*AC20+AB21*AC21 -> 28644
C20: SABADO | D20: 38.5 | E20: 38.5 | F20: 38.5 | G20: 38.5 | H20: 38.5 | I20: 38.5 | J20: 38.5 | K20: 38.5 | L20: 38.5 | M20: 38.5 | N20: 38.5 | O20: 38.5 | P20: 38.5 | Q20: 38.5 | R20: 38.5 | S20: 38.5 | T20: 38.5 | U20: 38.5 | V20: 38.5 | W20: 38.5 | X20: 38.5 | Y20: 38.5 | Z20: 38.5 | AA20: 38.5 | AB20: =SUM(D20:AA20) -> 924 | AC20: 4
C21: FESTIVO | D21: 38.5 | E21: 38.5 | F21: 38.5 | G21: 38.5 | H21: 38.5 | I21: 38.5 | J21: 38.5 | K21: 38.5 | L21: 38.5 | M21: 38.5 | N21: 38.5 | O21: 38.5 | P21: 38.5 | Q21: 38.5 | R21: 38.5 | S21: 38.5 | T21: 38.5 | U21: 38.5 | V21: 38.5 | W21: 38.5 | X21: 38.5 | Y21: 38.5 | Z21: 38.5 | AA21: 38.5 | AB21: =SUM(D21:AA21) -> 924 | AC21: 8
B22: 48366 | C22: ORDINARIO | D22: 38.5 | E22: 38.5 | F22: 38.5 | G22: 38.5 | H22: 38.5 | I22: 38.5 | J22: 38.5 | K22: 38.5 | L22: 38.5 | M22: 38.5 | N22: 38.5 | O22: 38.5 | P22: 38.5 | Q22: 38.5 | R22: 38.5 | S22: 38.5 | T22: 38.5 | U22: 38.5 | V22: 38.5 | W22: 38.5 | X22: 38.5 | Y22: 38.5 | Z22: 38.5 | AA22: 38.5 | AB22: =SUM(D22:AA22) -> 924 | AC22: 21 | AD22: =+AB22*AC22+AB23*AC23+AB24*AC24 -> 27720
C23: SABADO | D23: 38.5 | E23: 38.5 | F23: 38.5 | G23: 38.5 | H23: 38.5 | I23: 38.5 | J23: 38.5 | K23: 38.5 | L23: 38.5 | M23: 38.5 | N23: 38.5 | O23: 38.5 | P23: 38.5 | Q23: 38.5 | R23: 38.5 | S23: 38.5 | T23: 38.5 | U23: 38.5 | V23: 38.5 | W23: 38.5 | X23: 38.5 | Y23: 38.5 | Z23: 38.5 | AA23: 38.5 | AB23: =SUM(D23:AA23) -> 924 | AC23: 4
C24: FESTIVO | D24: 38.5 | E24: 38.5 | F24: 38.5 | G24: 38.5 | H24: 38.5 | I24: 38.5 | J24: 38.5 | K24: 38.5 | L24: 38.5 | M24: 38.5 | N24: 38.5 | O24: 38.5 | P24: 38.5 | Q24: 38.5 | R24: 38.5 | S24: 38.5 | T24: 38.5 | U24: 38.5 | V24: 38.5 | W24: 38.5 | X24: 38.5 | Y24: 38.5 | Z24: 38.5 | AA24: 38.5 | AB24: =SUM(D24:AA24) -> 924 | AC24: 5
B25: 48396 | C25: ORDINARIO | D25: 38.5 | E25: 38.5 | F25: 38.5 | G25: 38.5 | H25: 38.5 | I25: 38.5 | J25: 38.5 | K25: 38.5 | L25: 38.5 | M25: 38.5 | N25: 38.5 | O25: 38.5 | P25: 38.5 | Q25: 38.5 | R25: 38.5 | S25: 38.5 | T25: 38.5 | U25: 38.5 | V25: 38.5 | W25: 38.5 | X25: 38.5 | Y25: 38.5 | Z25: 38.5 | AA25: 38.5 | AB25: =SUM(D25:AA25) -> 924 | AC25: 20 | AD25: =+AB25*AC25+AB26*AC26+AB27*AC27 -> 28644
C26: SABADO | D26: 38.5 | E26: 38.5 | F26: 38.5 | G26: 38.5 | H26: 38.5 | I26: 38.5 | J26: 38.5 | K26: 38.5 | L26: 38.5 | M26: 38.5 | N26: 38.5 | O26: 38.5 | P26: 38.5 | Q26: 38.5 | R26: 38.5 | S26: 38.5 | T26: 38.5 | U26: 38.5 | V26: 38.5 | W26: 38.5 | X26: 38.5 | Y26: 38.5 | Z26: 38.5 | AA26: 38.5 | AB26: =SUM(D26:AA26) -> 924 | AC26: 5
C27: FESTIVO | D27: 38.5 | E27: 38.5 | F27: 38.5 | G27: 38.5 | H27: 38.5 | I27: 38.5 | J27: 38.5 | K27: 38.5 | L27: 38.5 | M27: 38.5 | N27: 38.5 | O27: 38.5 | P27: 38.5 | Q27: 38.5 | R27: 38.5 | S27: 38.5 | T27: 38.5 | U27: 38.5 | V27: 38.5 | W27: 38.5 | X27: 38.5 | Y27: 38.5 | Z27: 38.5 | AA27: 38.5 | AB27: =SUM(D27:AA27) -> 924 | AC27: 6
B28: 48427 | C28: ORDINARIO | D28: 38.5 | E28: 38.5 | F28: 38.5 | G28: 38.5 | H28: 38.5 | I28: 38.5 | J28: 38.5 | K28: 38.5 | L28: 38.5 | M28: 38.5 | N28: 38.5 | O28: 38.5 | P28: 38.5 | Q28: 38.5 | R28: 38.5 | S28: 38.5 | T28: 38.5 | U28: 38.5 | V28: 38.5 | W28: 38.5 | X28: 38.5 | Y28: 38.5 | Z28: 38.5 | AA28: 38.5 | AB28: =SUM(D28:AA28) -> 924 | AC28: 21 | AD28: =+AB28*AC28+AB29*AC29+AB30*AC30 -> 28644
C29: SABADO | D29: 38.5 | E29: 38.5 | F29: 38.5 | G29: 38.5 | H29: 38.5 | I29: 38.5 | J29: 38.5 | K29: 38.5 | L29: 38.5 | M29: 38.5 | N29: 38.5 | O29: 38.5 | P29: 38.5 | Q29: 38.5 | R29: 38.5 | S29: 38.5 | T29: 38.5 | U29: 38.5 | V29: 38.5 | W29: 38.5 | X29: 38.5 | Y29: 38.5 | Z29: 38.5 | AA29: 38.5 | AB29: =SUM(D29:AA29) -> 924 | AC29: 3
C30: FESTIVO | D30: 38.5 | E30: 38.5 | F30: 38.5 | G30: 38.5 | H30: 38.5 | I30: 38.5 | J30: 38.5 | K30: 38.5 | L30: 38.5 | M30: 38.5 | N30: 38.5 | O30: 38.5 | P30: 38.5 | Q30: 38.5 | R30: 38.5 | S30: 38.5 | T30: 38.5 | U30: 38.5 | V30: 38.5 | W30: 38.5 | X30: 38.5 | Y30: 38.5 | Z30: 38.5 | AA30: 38.5 | AB30: =SUM(D30:AA30) -> 924 | AC30: 7
B31: 48458 | C31: ORDINARIO | D31: 38.5 | E31: 38.5 | F31: 38.5 | G31: 38.5 | H31: 38.5 | I31: 38.5 | J31: 38.5 | K31: 38.5 | L31: 38.5 | M31: 38.5 | N31: 38.5 | O31: 38.5 | P31: 38.5 | Q31: 38.5 | R31: 38.5 | S31: 38.5 | T31: 38.5 | U31: 38.5 | V31: 38.5 | W31: 38.5 | X31: 38.5 | Y31: 38.5 | Z31: 38.5 | AA31: 38.5 | AB31: =SUM(D31:AA31) -> 924 | AC31: 22 | AD31: =+AB31*AC31+AB32*AC32+AB33*AC33 -> 27720
C32: SABADO | D32: 38.5 | E32: 38.5 | F32: 38.5 | G32: 38.5 | H32: 38.5 | I32: 38.5 | J32: 38.5 | K32: 38.5 | L32: 38.5 | M32: 38.5 | N32: 38.5 | O32: 38.5 | P32: 38.5 | Q32: 38.5 | R32: 38.5 | S32: 38.5 | T32: 38.5 | U32: 38.5 | V32: 38.5 | W32: 38.5 | X32: 38.5 | Y32: 38.5 | Z32: 38.5 | AA32: 38.5 | AB32: =SUM(D32:AA32) -> 924 | AC32: 4
C33: FESTIVO | D33: 38.5 | E33: 38.5 | F33: 38.5 | G33: 38.5 | H33: 38.5 | I33: 38.5 | J33: 38.5 | K33: 38.5 | L33: 38.5 | M33: 38.5 | N33: 38.5 | O33: 38.5 | P33: 38.5 | Q33: 38.5 | R33: 38.5 | S33: 38.5 | T33: 38.5 | U33: 38.5 | V33: 38.5 | W33: 38.5 | X33: 38.5 | Y33: 38.5 | Z33: 38.5 | AA33: 38.5 | AB33: =SUM(D33:AA33) -> 924 | AC33: 4
B34: 48488 | C34: ORDINARIO | D34: 38.5 | E34: 38.5 | F34: 38.5 | G34: 38.5 | H34: 38.5 | I34: 38.5 | J34: 38.5 | K34: 38.5 | L34: 38.5 | M34: 38.5 | N34: 38.5 | O34: 38.5 | P34: 38.5 | Q34: 38.5 | R34: 38.5 | S34: 38.5 | T34: 38.5 | U34: 38.5 | V34: 38.5 | W34: 38.5 | X34: 38.5 | Y34: 38.5 | Z34: 38.5 | AA34: 38.5 | AB34: =SUM(D34:AA34) -> 924 | AC34: 20 | AD34: =+AB34*AC34+AB35*AC35+AB36*AC36 -> 28644
C35: SABADO | D35: 38.5 | E35: 38.5 | F35: 38.5 | G35: 38.5 | H35: 38.5 | I35: 38.5 | J35: 38.5 | K35: 38.5 | L35: 38.5 | M35: 38.5 | N35: 38.5 | O35: 38.5 | P35: 38.5 | Q35: 38.5 | R35: 38.5 | S35: 38.5 | T35: 38.5 | U35: 38.5 | V35: 38.5 | W35: 38.5 | X35: 38.5 | Y35: 38.5 | Z35: 38.5 | AA35: 38.5 | AB35: =SUM(D35:AA35) -> 924 | AC35: 5
C36: FESTIVO | D36: 38.5 | E36: 38.5 | F36: 38.5 | G36: 38.5 | H36: 38.5 | I36: 38.5 | J36: 38.5 | K36: 38.5 | L36: 38.5 | M36: 38.5 | N36: 38.5 | O36: 38.5 | P36: 38.5 | Q36: 38.5 | R36: 38.5 | S36: 38.5 | T36: 38.5 | U36: 38.5 | V36: 38.5 | W36: 38.5 | X36: 38.5 | Y36: 38.5 | Z36: 38.5 | AA36: 38.5 | AB36: =SUM(D36:AA36) -> 924 | AC36: 6
B37: 48519 | C37: ORDINARIO | D37: 38.5 | E37: 38.5 | F37: 38.5 | G37: 38.5 | H37: 38.5 | I37: 38.5 | J37: 38.5 | K37: 38.5 | L37: 38.5 | M37: 38.5 | N37: 38.5 | O37: 38.5 | P37: 38.5 | Q37: 38.5 | R37: 38.5 | S37: 38.5 | T37: 38.5 | U37: 38.5 | V37: 38.5 | W37: 38.5 | X37: 38.5 | Y37: 38.5 | Z37: 38.5 | AA37: 38.5 | AB37: =SUM(D37:AA37) -> 924 | AC37: 20 | AD37: =+AB37*AC37+AB38*AC38+AB39*AC39 -> 27720
C38: SABADO | D38: 38.5 | E38: 38.5 | F38: 38.5 | G38: 38.5 | H38: 38.5 | I38: 38.5 | J38: 38.5 | K38: 38.5 | L38: 38.5 | M38: 38.5 | N38: 38.5 | O38: 38.5 | P38: 38.5 | Q38: 38.5 | R38: 38.5 | S38: 38.5 | T38: 38.5 | U38: 38.5 | V38: 38.5 | W38: 38.5 | X38: 38.5 | Y38: 38.5 | Z38: 38.5 | AA38: 38.5 | AB38: =SUM(D38:AA38) -> 924 | AC38: 4
C39: FESTIVO | D39: 38.5 | E39: 38.5 | F39: 38.5 | G39: 38.5 | H39: 38.5 | I39: 38.5 | J39: 38.5 | K39: 38.5 | L39: 38.5 | M39: 38.5 | N39: 38.5 | O39: 38.5 | P39: 38.5 | Q39: 38.5 | R39: 38.5 | S39: 38.5 | T39: 38.5 | U39: 38.5 | V39: 38.5 | W39: 38.5 | X39: 38.5 | Y39: 38.5 | Z39: 38.5 | AA39: 38.5 | AB39: =SUM(D39:AA39) -> 924 | AC39: 6
B40: 48549 | C40: ORDINARIO | D40: 38.5 | E40: 38.5 | F40: 38.5 | G40: 38.5 | H40: 38.5 | I40: 38.5 | J40: 38.5 | K40: 38.5 | L40: 38.5 | M40: 38.5 | N40: 38.5 | O40: 38.5 | P40: 38.5 | Q40: 38.5 | R40: 38.5 | S40: 38.5 | T40: 38.5 | U40: 38.5 | V40: 38.5 | W40: 38.5 | X40: 38.5 | Y40: 38.5 | Z40: 38.5 | AA40: 38.5 | AB40: =SUM(D40:AA40) -> 924 | AC40: 22 | AD40: =+AB40*AC40+AB41*AC41+AB42*AC42 -> 28644
C41: SABADO | D41: 38.5 | E41: 38.5 | F41: 38.5 | G41: 38.5 | H41: 38.5 | I41: 38.5 | J41: 38.5 | K41: 38.5 | L41: 38.5 | M41: 38.5 | N41: 38.5 | O41: 38.5 | P41: 38.5 | Q41: 38.5 | R41: 38.5 | S41: 38.5 | T41: 38.5 | U41: 38.5 | V41: 38.5 | W41: 38.5 | X41: 38.5 | Y41: 38.5 | Z41: 38.5 | AA41: 38.5 | AB41: =SUM(D41:AA41) -> 924 | AC41: 3
C42: FESTIVO | D42: 38.5 | E42: 38.5 | F42: 38.5 | G42: 38.5 | H42: 38.5 | I42: 38.5 | J42: 38.5 | K42: 38.5 | L42: 38.5 | M42: 38.5 | N42: 38.5 | O42: 38.5 | P42: 38.5 | Q42: 38.5 | R42: 38.5 | S42: 38.5 | T42: 38.5 | U42: 38.5 | V42: 38.5 | W42: 38.5 | X42: 38.5 | Y42: 38.5 | Z42: 38.5 | AA42: 38.5 | AB42: =SUM(D42:AA42) -> 924 | AC42: 6
AA43: ENERGÍA REQUERIDA | AD43: =SUM(AD7:AD42) -> 338184

Sheet P11_Anexo_2_2032
C3: EMPRESAS MUNICIPALES DE CALI- EMCALI EICE ESP
C4: CONVOCATORIA PÚBLICA PARA COMPRA DE ENERGÍA
C5: Código de Convocatoria SICEP No. CP-EMIC2025-003
C7: ANEXO No. 2 CANTIDADES Y PRECIOS OFERTADOS
C9: PRODUCTO 11 - 1 DE ENERO A 31 DE DICIEMBRE 2032 - PLANO
C12: AÑO | D12: Energía solicitada (MWh) | E12: Energía Ofertada (MWh) | F12: Precio anual $/KWh
C13: 2032 | D13: =P11_Anexo_1_2032!AD43 -> 338184
C14: Total año | D14: =SUM(D13:D13) -> 338184
C17: NOTAS:
C18: 1- Se debe ofertar todo el año, la misma cantidad horaria por período
C19: 2- Se debe ofertar mínimo quince (15) MWh para cada período horario ofertado
C20: 3- La energía y los precios a ofertar deben ofrecerse en la modalidad monomia.
C21: 4- Precios en pesos constantes del mes de agosto de 2025.

Sheet P12_Anexo_1_2032
B2: ANEXO No. 1 - CANTIDADES DE ENERGÍA HORARIA Y MENSUAL A CONTRATAR
B3: PRODUCTO 12 - 1 DE ENERO A 31 DE DICIEMBRE 2032
B5: ENERGÍA CURVA A SOLICITAR AÑO 2032 PARA MERCADO REGULADO (MWh)
B6: MES | C6: DÍA | D6: H1 | E6: H2 | F6: H3 | G6: H4 | H6: H5 | I6: H6 | J6: H7 | K6: H8 | L6: H9 | M6: H10 | N6: H11 | O6: H12 | P6: H13 | Q6: H14 | R6: H15 | S6: H16 | T6: H17 | U6: H18 | V6: H19 | W6: H20 | X6: H21 | Y6: H22 | Z6: H23 | AA6: H24 | AB6: TOTAL | AC6: No. Dias | AD6: TOTAL MES
B7: 48214 | C7: ORDINARIO | D7: 29.56 | E7: 20.94 | F7: 13.15 | G7: 10.66 | H7: 10.13 | I7: 9.29 | J7: 18.68 | K7: 17.32 | L7: 28.8 | M7: 36.94 | N7: 47.25 | O7: 58.25 | P7: 66.42 | Q7: 61.11 | R7: 55.99 | S7: 54.43 | T7: 55.87 | U7: 77.81 | V7: 83.83 | W7: 104.05 | X7: 102.81 | Y7: 95.11 | Z7: 76.67 | AA7: 52.54 | AB7: =SUM(D7:AA7) -> 1187.61 | AC7: 20 | AD7: =+AB7*AC7+AB8*AC8+AB9*AC9 -> 34261.96
C8: SABADO | D8: 25.94 | E8: 17.63 | F8: 10.11 | G8: 7.71 | H8: 7.19 | I8: 6.39 | J8: 15.44 | K8: 13.78 | L8: 24.82 | M8: 32.61 | N8: 42.53 | O8: 53.13 | P8: 61.03 | Q8: 55.93 | R8: 51 | S8: 49.52 | T8: 50.95 | U8: 72.83 | V8: 78.64 | W8: 98.16 | X8: 96.96 | Y8: 89.53 | Z8: 71.73 | AA8: 48.44 | AB8: =SUM(D8:AA8) -> 1082 | AC8: 5
C9: FESTIVO | D9: 18 | E9: 10.35 | F9: 3.43 | G9: 1.21 | H9: 0.74 | J9: 8.33 | K9: 6 | L9: 16.06 | M9: 23.12 | N9: 32.16 | O9: 41.89 | P9: 49.19 | Q9: 44.55 | R9: 40.03 | S9: 38.74 | T9: 40.15 | U9: 61.89 | V9: 67.24 | W9: 85.2 | X9: 84.1 | Y9: 77.26 | Z9: 60.88 | AA9: 39.44 | AB9: =SUM(D9:AA9) -> 849.96 | AC9: 6
B10: 48245 | C10: ORDINARIO | D10: 29.56 | E10: 20.94 | F10: 13.15 | G10: 10.66 | H10: 10.13 | I10: 9.29 | J10: 18.68 | K10: 17.32 | L10: 28.8 | M10: 36.94 | N10: 47.25 | O10: 58.25 | P10: 66.42 | Q10: 61.11 | R10: 55.99 | S10: 54.43 | T10: 55.87 | U10: 77.81 | V10: 83.83 | W10: 104.05 | X10: 102.81 | Y10: 95.11 | Z10: 76.67 | AA10: 52.54 | AB10: =SUM(D10:AA10) -> 1187.61 | AC10: 20 | AD10: =+AB10*AC10+AB11*AC11+AB12*AC12 -> 32330
C11: SABADO | D11: 25.94 | E11: 17.63 | F11: 10.11 | G11: 7.71 | H11: 7.19 | I11: 6.39 | J11: 15.44 | K11: 13.78 | L11: 24.82 | M11: 32.61 | N11: 42.53 | O11: 53.13 | P11: 61.03 | Q11: 55.93 | R11: 51 | S11: 49.52 | T11: 50.95 | U11: 72.83 | V11: 78.64 | W11: 98.16 | X11: 96.96 | Y11: 89.53 | Z11: 71.73 | AA11: 48.44 | AB11: =SUM(D11:AA11) -> 1082 | AC11: 4
C12: FESTIVO | D12: 18 | E12: 10.35 | F12: 3.43 | G12: 1.21 | H12: 0.74 | I12: 0 | J12: 8.33 | K12: 6 | L12: 16.06 | M12: 23.12 | N12: 32.16 | O12: 41.89 | P12: 49.19 | Q12: 44.55 | R12: 40.03 | S12: 38.74 | T12: 40.15 | U12: 61.89 | V12: 67.24 | W12: 85.2 | X12: 84.1 | Y12: 77.26 | Z12: 60.88 | AA12: 39.44 | AB12: =SUM(D12:AA12) -> 849.96 | AC12: 5 | AE12: =MIN(D10:AA12) -> 0
B13: 48274 | C13: ORDINARIO | D13: 29.56 | E13: 20.94 | F13: 13.15 | G13: 10.66 | H13: 10.13 | I13: 9.29 | J13: 18.68 | K13: 17.32 | L13: 28.8 | M13: 36.94 | N13: 47.25 | O13: 58.25 | P13: 66.42 | Q13: 61.11 | R13: 55.99 | S13: 54.43 | T13: 55.87 | U13: 77.81 | V13: 83.83 | W13: 104.05 | X13: 102.81 | Y13: 95.11 | Z13: 76.67 | AA13: 52.54 | AB13: =SUM(D13:AA13) -> 1187.61 | AC13: 20 | AD13: =+AB13*AC13+AB14*AC14+AB15*AC15 -> 34029.92
C14: SABADO | D14: 25.94 | E14: 17.63 | F14: 10.11 | G14: 7.71 | H14: 7.19 | I14: 6.39 | J14: 15.44 | K14: 13.78 | L14: 24.82 | M14: 32.61 | N14: 42.53 | O14: 53.13 | P14: 61.03 | Q14: 55.93 | R14: 51 | S14: 49.52 | T14: 50.95 | U14: 72.83 | V14: 78.64 | W14: 98.16 | X14: 96.96 | Y14: 89.53 | Z14: 71.73 | AA14: 48.44 | AB14: =SUM(D14:AA14) -> 1082 | AC14: 4
C15: FESTIVO | D15: 18 | E15: 10.35 | F15: 3.43 | G15: 1.21 | H15: 0.74 | I15: 0 | J15: 8.33 | K15: 6 | L15: 16.06 | M15: 23.12 | N15: 32.16 | O15: 41.89 | P15: 49.19 | Q15: 44.55 | R15: 40.03 | S15: 38.74 | T15: 40.15 | U15: 61.89 | V15: 67.24 | W15: 85.2 | X15: 84.1 | Y15: 77.26 | Z15: 60.88 | AA15: 39.44 | AB15: =SUM(D15:AA15) -> 849.96 | AC15: 7
B16: 48305 | C16: ORDINARIO | D16: 29.56 | E16: 20.94 | F16: 13.15 | G16: 10.66 | H16: 10.13 | I16: 9.29 | J16: 18.68 | K16: 17.32 | L16: 28.8 | M16: 36.94 | N16: 47.25 | O16: 58.25 | P16: 66.42 | Q16: 61.11 | R16: 55.99 | S16: 54.43 | T16: 55.87 | U16: 77.81 | V16: 83.83 | W16: 104.05 | X16: 102.81 | Y16: 95.11 | Z16: 76.67 | AA16: 52.54 | AB16: =SUM(D16:AA16) -> 1187.61 | AC16: 22 | AD16: =+AB16*AC16+AB17*AC17+AB18*AC18 -> 33855.26
C17: SABADO | D17: 25.94 | E17: 17.63 | F17: 10.11 | G17: 7.71 | H17: 7.19 | I17: 6.39 | J17: 15.44 | K17: 13.78 | L17: 24.82 | M17: 32.61 | N17: 42.53 | O17: 53.13 | P17: 61.03 | Q17: 55.93 | R17: 51 | S17: 49.52 | T17: 50.95 | U17: 72.83 | V17: 78.64 | W17: 98.16 | X17: 96.96 | Y17: 89.53 | Z17: 71.73 | AA17: 48.44 | AB17: =SUM(D17:AA17) -> 1082 | AC17: 4
C18: FESTIVO | D18: 18 | E18: 10.35 | F18: 3.43 | G18: 1.21 | H18: 0.74 | I18: 0 | J18: 8.33 | K18: 6 | L18: 16.06 | M18: 23.12 | N18: 32.16 | O18: 41.89 | P18: 49.19 | Q18: 44.55 | R18: 40.03 | S18: 38.74 | T18: 40.15 | U18: 61.89 | V18: 67.24 | W18: 85.2 | X18: 84.1 | Y18: 77.26 | Z18: 60.88 | AA18: 39.44 | AB18: =SUM(D18:AA18) -> 849.96 | AC18: 4
B19: 48335 | C19: ORDINARIO | D19: 29.56 | E19: 20.94 | F19: 13.15 | G19: 10.66 | H19: 10.13 | I19: 9.29 | J19: 18.68 | K19: 17.32 | L19: 28.8 | M19: 36.94 | N19: 47.25 | O19: 58.25 | P19: 66.42 | Q19: 61.11 | R19: 55.99 | S19: 54.43 | T19: 55.87 | U19: 77.81 | V19: 83.83 | W19: 104.05 | X19: 102.81 | Y19: 95.11 | Z19: 76.67 | AA19: 52.54 | AB19: =SUM(D19:AA19) -> 1187.61 | AC19: 19 | AD19: =+AB19*AC19+AB20*AC20+AB21*AC21 -> 33692.27
C20: SABADO | D20: 25.94 | E20: 17.63 | F20: 10.11 | G20: 7.71 | H20: 7.19 | I20: 6.39 | J20: 15.44 | K20: 13.78 | L20: 24.82 | M20: 32.61 | N20: 42.53 | O20: 53.13 | P20: 61.03 | Q20: 55.93 | R20: 51 | S20: 49.52 | T20: 50.95 | U20: 72.83 | V20: 78.64 | W20: 98.16 | X20: 96.96 | Y20: 89.53 | Z20: 71.73 | AA20: 48.44 | AB20: =SUM(D20:AA20) -> 1082 | AC20: 4
C21: FESTIVO | D21: 18 | E21: 10.35 | F21: 3.43 | G21: 1.21 | H21: 0.74 | I21: 0 | J21: 8.33 | K21: 6 | L21: 16.06 | M21: 23.12 | N21: 32.16 | O21: 41.89 | P21: 49.19 | Q21: 44.55 | R21: 40.03 | S21: 38.74 | T21: 40.15 | U21: 61.89 | V21: 67.24 | W21: 85.2 | X21: 84.1 | Y21: 77.26 | Z21: 60.88 | AA21: 39.44 | AB21: =SUM(D21:AA21) -> 849.96 | AC21: 8
B22: 48366 | C22: ORDINARIO | D22: 29.56 | E22: 20.94 | F22: 13.15 | G22: 10.66 | H22: 10.13 | I22: 9.29 | J22: 18.68 | K22: 17.32 | L22: 28.8 | M22: 36.94 | N22: 47.25 | O22: 58.25 | P22: 66.42 | Q22: 61.11 | R22: 55.99 | S22: 54.43 | T22: 55.87 | U22: 77.81 | V22: 83.83 | W22: 104.05 | X22: 102.81 | Y22: 95.11 | Z22: 76.67 | AA22: 52.54 | AB22: =SUM(D22:AA22) -> 1187.61 | AC22: 21 | AD22: =+AB22*AC22+AB23*AC23+AB24*AC24 -> 33517.61
C23: SABADO | D23: 25.94 | E23: 17.63 | F23: 10.11 | G23: 7.71 | H23: 7.19 | I23: 6.39 | J23: 15.44 | K23: 13.78 | L23: 24.82 | M23: 32.61 | N23: 42.53 | O23: 53.13 | P23: 61.03 | Q23: 55.93 | R23: 51 | S23: 49.52 | T23: 50.95 | U23: 72.83 | V23: 78.64 | W23: 98.16 | X23: 96.96 | Y23: 89.53 | Z23: 71.73 | AA23: 48.44 | AB23: =SUM(D23:AA23) -> 1082 | AC23: 4
C24: FESTIVO | D24: 18 | E24: 10.35 | F24: 3.43 | G24: 1.21 | H24: 0.74 | I24: 0 | J24: 8.33 | K24: 6 | L24: 16.06 | M24: 23.12 | N24: 32.16 | O24: 41.89 | P24: 49.19 | Q24: 44.55 | R24: 40.03 | S24: 38.74 | T24: 40.15 | U24: 61.89 | V24: 67.24 | W24: 85.2 | X24: 84.1 | Y24: 77.26 | Z24: 60.88 | AA24: 39.44 | AB24: =SUM(D24:AA24) -> 849.96 | AC24: 5
B25: 48396 | C25: ORDINARIO | D25: 29.56 | E25: 20.94 | F25: 13.15 | G25: 10.66 | H25: 10.13 | I25: 9.29 | J25: 18.68 | K25: 17.32 | L25: 28.8 | M25: 36.94 | N25: 47.25 | O25: 58.25 | P25: 66.42 | Q25: 61.11 | R25: 55.99 | S25: 54.43 | T25: 55.87 | U25: 77.81 | V25: 83.83 | W25: 104.05 | X25: 102.81 | Y25: 95.11 | Z25: 76.67 | AA25: 52.54 | AB25: =SUM(D25:AA25) -> 1187.61 | AC25: 20 | AD25: =+AB25*AC25+AB26*AC26+AB27*AC27 -> 34261.96
C26: SABADO | D26: 25.94 | E26: 17.63 | F26: 10.11 | G26: 7.71 | H26: 7.19 | I26: 6.39 | J26: 15.44 | K26: 13.78 | L26: 24.82 | M26: 32.61 | N26: 42.53 | O26: 53.13 | P26: 61.03 | Q26: 55.93 | R26: 51 | S26: 49.52 | T26: 50.95 | U26: 72.83 | V26: 78.64 | W26: 98.16 | X26: 96.96 | Y26: 89.53 | Z26: 71.73 | AA26: 48.44 | AB26: =SUM(D26:AA26) -> 1082 | AC26: 5
C27: FESTIVO | D27: 18 | E27: 10.35 | F27: 3.43 | G27: 1.21 | H27: 0.74 | I27: 0 | J27: 8.33 | K27: 6 | L27: 16.06 | M27: 23.12 | N27: 32.16 | O27: 41.89 | P27: 49.19 | Q27: 44.55 | R27: 40.03 | S27: 38.74 | T27: 40.15 | U27: 61.89 | V27: 67.24 | W27: 85.2 | X27: 84.1 | Y27: 77.26 | Z27: 60.88 | AA27: 39.44 | AB27: =SUM(D27:AA27) -> 849.96 | AC27: 6
B28: 48427 | C28: ORDINARIO | D28: 29.56 | E28: 20.94 | F28: 13.15 | G28: 10.66 | H28: 10.13 | I28: 9.29 | J28: 18.68 | K28: 17.32 | L28: 28.8 | M28: 36.94 | N28: 47.25 | O28: 58.25 | P28: 66.42 | Q28: 61.11 | R28: 55.99 | S28: 54.43 | T28: 55.87 | U28: 77.81 | V28: 83.83 | W28: 104.05 | X28: 102.81 | Y28: 95.11 | Z28: 76.67 | AA28: 52.54 | AB28: =SUM(D28:AA28) -> 1187.61 | AC28: 21 | AD28: =+AB28*AC28+AB29*AC29+AB30*AC30 -> 34135.53
C29: SABADO | D29: 25.94 | E29: 17.63 | F29: 10.11 | G29: 7.71 | H29: 7.19 | I29: 6.39 | J29: 15.44 | K29: 13.78 | L29: 24.82 | M29: 32.61 | N29: 42.53 | O29: 53.13 | P29: 61.03 | Q29: 55.93 | R29: 51 | S29: 49.52 | T29: 50.95 | U29: 72.83 | V29: 78.64 | W29: 98.16 | X29: 96.96 | Y29: 89.53 | Z29: 71.73 | AA29: 48.44 | AB29: =SUM(D29:AA29) -> 1082 | AC29: 3
C30: FESTIVO | D30: 18 | E30: 10.35 | F30: 3.43 | G30: 1.21 | H30: 0.74 | I30: 0 | J30: 8.33 | K30: 6 | L30: 16.06 | M30: 23.12 | N30: 32.16 | O30: 41.89 | P30: 49.19 | Q30: 44.55 | R30: 40.03 | S30: 38.74 | T30: 40.15 | U30: 61.89 | V30: 67.24 | W30: 85.2 | X30: 84.1 | Y30: 77.26 | Z30: 60.88 | AA30: 39.44 | AB30: =SUM(D30:AA30) -> 849.96 | AC30: 7
B31: 48458 | C31: ORDINARIO | D31: 29.56 | E31: 20.94 | F31: 13.15 | G31: 10.66 | H31: 10.13 | I31: 9.29 | J31: 18.68 | K31: 17.32 | L31: 28.8 | M31: 36.94 | N31: 47.25 | O31: 58.25 | P31: 66.42 | Q31: 61.11 | R31: 55.99 | S31: 54.43 | T31: 55.87 | U31: 77.81 | V31: 83.83 | W31: 104.05 | X31: 102.81 | Y31: 95.11 | Z31: 76.67 | AA31: 52.54 | AB31: =SUM(D31:AA31) -> 1187.61 | AC31: 22 | AD31: =+AB31*AC31+AB32*AC32+AB33*AC33 -> 33855.26
C32: SABADO | D32: 25.94 | E32: 17.63 | F32: 10.11 | G32: 7.71 | H32: 7.19 | I32: 6.39 | J32: 15.44 | K32: 13.78 | L32: 24.82 | M32: 32.61 | N32: 42.53 | O32: 53.13 | P32: 61.03 | Q32: 55.93 | R32: 51 | S32: 49.52 | T32: 50.95 | U32: 72.83 | V32: 78.64 | W32: 98.16 | X32: 96.96 | Y32: 89.53 | Z32: 71.73 | AA32: 48.44 | AB32: =SUM(D32:AA32) -> 1082 | AC32: 4
C33: FESTIVO | D33: 18 | E33: 10.35 | F33: 3.43 | G33: 1.21 | H33: 0.74 | I33: 0 | J33: 8.33 | K33: 6 | L33: 16.06 | M33: 23.12 | N33: 32.16 | O33: 41.89 | P33: 49.19 | Q33: 44.55 | R33: 40.03 | S33: 38.74 | T33: 40.15 | U33: 61.89 | V33: 67.24 | W33: 85.2 | X33: 84.1 | Y33: 77.26 | Z33: 60.88 | AA33: 39.44 | AB33: =SUM(D33:AA33) -> 849.96 | AC33: 4
B34: 48488 | C34: ORDINARIO | D34: 29.56 | E34: 20.94 | F34: 13.15 | G34: 10.66 | H34: 10.13 | I34: 9.29 | J34: 18.68 | K34: 17.32 | L34: 28.8 | M34: 36.94 | N34: 47.25 | O34: 58.25 | P34: 66.42 | Q34: 61.11 | R34: 55.99 | S34: 54.43 | T34: 55.87 | U34: 77.81 | V34: 83.83 | W34: 104.05 | X34: 102.81 | Y34: 95.11 | Z34: 76.67 | AA34: 52.54 | AB34: =SUM(D34:AA34) -> 1187.61 | AC34: 20 | AD34: =+AB34*AC34+AB35*AC35+AB36*AC36 -> 34261.96
C35: SABADO | D35: 25.94 | E35: 17.63 | F35: 10.11 | G35: 7.71 | H35: 7.19 | I35: 6.39 | J35: 15.44 | K35: 13.78 | L35: 24.82 | M35: 32.61 | N35: 42.53 | O35: 53.13 | P35: 61.03 | Q35: 55.93 | R35: 51 | S35: 49.52 | T35: 50.95 | U35: 72.83 | V35: 78.64 | W35: 98.16 | X35: 96.96 | Y35: 89.53 | Z35: 71.73 | AA35: 48.44 | AB35: =SUM(D35:AA35) -> 1082 | AC35: 5
C36: FESTIVO | D36: 18 | E36: 10.35 | F36: 3.43 | G36: 1.21 | H36: 0.74 | I36: 0 | J36: 8.33 | K36: 6 | L36: 16.06 | M36: 23.12 | N36: 32.16 | O36: 41.89 | P36: 49.19 | Q36: 44.55 | R36: 40.03 | S36: 38.74 | T36: 40.15 | U36: 61.89 | V36: 67.24 | W36: 85.2 | X36: 84.1 | Y36: 77.26 | Z36: 60.88 | AA36: 39.44 | AB36: =SUM(D36:AA36) -> 849.96 | AC36: 6
B37: 48519 | C37: ORDINARIO | D37: 29.56 | E37: 20.94 | F37: 13.15 | G37: 10.66 | H37: 10.13 | I37: 9.29 | J37: 18.68 | K37: 17.32 | L37: 28.8 | M37: 36.94 | N37: 47.25 | O37: 58.25 | P37: 66.42 | Q37: 61.11 | R37: 55.99 | S37: 54.43 | T37: 55.87 | U37: 77.81 | V37: 83.83 | W37: 104.05 | X37: 102.81 | Y37: 95.11 | Z37: 76.67 | AA37: 52.54 | AB37: =SUM(D37:AA37) -> 1187.61 | AC37: 20 | AD37: =+AB37*AC37+AB38*AC38+AB39*AC39 -> 33179.96
C38: SABADO | D38: 25.94 | E38: 17.63 | F38: 10.11 | G38: 7.71 | H38: 7.19 | I38: 6.39 | J38: 15.44 | K38: 13.78 | L38: 24.82 | M38: 32.61 | N38: 42.53 | O38: 53.13 | P38: 61.03 | Q38: 55.93 | R38: 51 | S38: 49.52 | T38: 50.95 | U38: 72.83 | V38: 78.64 | W38: 98.16 | X38: 96.96 | Y38: 89.53 | Z38: 71.73 | AA38: 48.44 | AB38: =SUM(D38:AA38) -> 1082 | AC38: 4
C39: FESTIVO | D39: 18 | E39: 10.35 | F39: 3.43 | G39: 1.21 | H39: 0.74 | I39: 0 | J39: 8.33 | K39: 6 | L39: 16.06 | M39: 23.12 | N39: 32.16 | O39: 41.89 | P39: 49.19 | Q39: 44.55 | R39: 40.03 | S39: 38.74 | T39: 40.15 | U39: 61.89 | V39: 67.24 | W39: 85.2 | X39: 84.1 | Y39: 77.26 | Z39: 60.88 | AA39: 39.44 | AB39: =SUM(D39:AA39) -> 849.96 | AC39: 6
B40: 48549 | C40: ORDINARIO | D40: 29.56 | E40: 20.94 | F40: 13.15 | G40: 10.66 | H40: 10.13 | I40: 9.29 | J40: 18.68 | K40: 17.32 | L40: 28.8 | M40: 36.94 | N40: 47.25 | O40: 58.25 | P40: 66.42 | Q40: 61.11 | R40: 55.99 | S40: 54.43 | T40: 55.87 | U40: 77.81 | V40: 83.83 | W40: 104.05 | X40: 102.81 | Y40: 95.11 | Z40: 76.67 | AA40: 52.54 | AB40: =SUM(D40:AA40) -> 1187.61 | AC40: 22 | AD40: =+AB40*AC40+AB41*AC41+AB42*AC42 -> 34473.18
C41: SABADO | D41: 25.94 | E41: 17.63 | F41: 10.11 | G41: 7.71 | H41: 7.19 | I41: 6.39 | J41: 15.44 | K41: 13.78 | L41: 24.82 | M41: 32.61 | N41: 42.53 | O41: 53.13 | P41: 61.03 | Q41: 55.93 | R41: 51 | S41: 49.52 | T41: 50.95 | U41: 72.83 | V41: 78.64 | W41: 98.16 | X41: 96.96 | Y41: 89.53 | Z41: 71.73 | AA41: 48.44 | AB41: =SUM(D41:AA41) -> 1082 | AC41: 3
C42: FESTIVO | D42: 18 | E42: 10.35 | F42: 3.43 | G42: 1.21 | H42: 0.74 | I42: 0 | J42: 8.33 | K42: 6 | L42: 16.06 | M42: 23.12 | N42: 32.16 | O42: 41.89 | P42: 49.19 | Q42: 44.55 | R42: 40.03 | S42: 38.74 | T42: 40.15 | U42: 61.89 | V42: 67.24 | W42: 85.2 | X42: 84.1 | Y42: 77.26 | Z42: 60.88 | AA42: 39.44 | AB42: =SUM(D42:AA42) -> 849.96 | AC42: 6
AA43: ENERGÍA REQUERIDA | AD43: =SUM(AD7:AD42) -> 405854.87

Sheet P12_Anexo_2_2032
C3: EMPRESAS MUNICIPALES DE CALI- EMCALI EICE ESP
C4: CONVOCATORIA PÚBLICA PARA COMPRA DE ENERGÍA
C5: Código de Convocatoria SICEP No. CP-EMIC2025-003
C7: ANEXO No. 2 CANTIDADES Y PRECIOS OFERTADOS
C9: PRODUCTO 12 - 1 DE ENERO A 31 DE DICIEMBRE 2032 - CURVA
C12: AÑO | D12: Energía solicitada (MWh) | E12: Energía Ofertada (MWh) | F12: Precio anual $/KWh
C13: 2032 | D13: =P12_Anexo_1_2032!AD43 -> 405854.87
C14: Total año | D14: =SUM(D13:D13) -> 405854.87
C17: NOTAS:
C18: 1- La cantidad a ofertar puede ser parcial o total de la energía solicitada.
C19: 2- Precios en pesos constantes del mes de agosto de 2025.
C20: 3- La energía y los precios a ofertar deben ofrecerse en la modalidad monomia.
C21: 4- Las cantidades ofertadas siguen la curva indicada en los términos de referencia
