Workbook
Name Cuadro: #REF!

Sheet R-Producto 1
B2: ANEXO 4 - OFERTAS PRODUCTO 1
B3: NOMBRE DEL OFERENTE
B4: PRECIOS Y CANTIDADES DE ENERGÍA OFERTADA
B7: PRODUCTO 1
B8: AÑO | C8: MES | D8: PERIODO 2026-01-01 A 2026-12-31
D9: E. Solicitada [kWh] | E9: % E. Ofertado | F9: E. Ofertada [kWh] | G9: $/kWh
B10: 2026 | C10: Ene | D10: =SUMIFS('Producto 1'!$AC:$AC,'Producto 1'!$A:$A,'R-Producto 1'!$B10,'Producto 1'!$B:$B,'R-Producto 1'!$C10) -> 883437.31 | F10: =D10*$E$10 -> 0
B11: 2026 | C11: Feb | D11: =SUMIFS('Producto 1'!$AC:$AC,'Producto 1'!$A:$A,'R-Producto 1'!$B11,'Producto 1'!$B:$B,'R-Producto 1'!$C11) -> 839928.89 | F11: =D11*$E$10 -> 0
B12: 2026 | C12: Mar | D12: =SUMIFS('Producto 1'!$AC:$AC,'Producto 1'!$A:$A,'R-Producto 1'!$B12,'Producto 1'!$B:$B,'R-Producto 1'!$C12) -> 929359.88 | F12: =D12*$E$10 -> 0
B13: 2026 | C13: Abr | D13: =SUMIFS('Producto 1'!$AC:$AC,'Producto 1'!$A:$A,'R-Producto 1'!$B13,'Producto 1'!$B:$B,'R-Producto 1'!$C13) -> 913829.24 | F13: =D13*$E$10 -> 0
B14: 2026 | C14: May | D14: =SUMIFS('Producto 1'!$AC:$AC,'Producto 1'!$A:$A,'R-Producto 1'!$B14,'Producto 1'!$B:$B,'R-Producto 1'!$C14) -> 943618.18 | F14: =D14*$E$10 -> 0
B15: 2026 | C15: Jun | D15: =SUMIFS('Producto 1'!$AC:$AC,'Producto 1'!$A:$A,'R-Producto 1'!$B15,'Producto 1'!$B:$B,'R-Producto 1'!$C15) -> 933594.54 | F15: =D15*$E$10 -> 0
B16: 2026 | C16: Jul | D16: =SUMIFS('Producto 1'!$AC:$AC,'Producto 1'!$A:$A,'R-Producto 1'!$B16,'Producto 1'!$B:$B,'R-Producto 1'!$C16) -> 1021039.2 | F16: =D16*$E$10 -> 0
B17: 2026 | C17: Ago | D17: =SUMIFS('Producto 1'!$AC:$AC,'Producto 1'!$A:$A,'R-Producto 1'!$B17,'Producto 1'!$B:$B,'R-Producto 1'!$C17) -> 997513.8 | F17: =D17*$E$10 -> 0
B18: 2026 | C18: Sep | D18: =SUMIFS('Producto 1'!$AC:$AC,'Producto 1'!$A:$A,'R-Producto 1'!$B18,'Producto 1'!$B:$B,'R-Producto 1'!$C18) -> 1037582 | F18: =D18*$E$10 -> 0
B19: 2026 | C19: Oct | D19: =SUMIFS('Producto 1'!$AC:$AC,'Producto 1'!$A:$A,'R-Producto 1'!$B19,'Producto 1'!$B:$B,'R-Producto 1'!$C19) -> 1068251.7 | F19: =D19*$E$10 -> 0
B20: 2026 | C20: Nov | D20: =SUMIFS('Producto 1'!$AC:$AC,'Producto 1'!$A:$A,'R-Producto 1'!$B20,'Producto 1'!$B:$B,'R-Producto 1'!$C20) -> 1018752.7 | F20: =D20*$E$10 -> 0
B21: 2026 | C21: Dic | D21: =SUMIFS('Producto 1'!$AC:$AC,'Producto 1'!$A:$A,'R-Producto 1'!$B21,'Producto 1'!$B:$B,'R-Producto 1'!$C21) -> 1093711.9 | F21: =D21*$E$10 -> 0
C22: TOTAL PRODUCTO | D22: =SUM(D10:D21) -> 11680619 | F22: =D22*$E$10 -> 0
B24: - Por favor complete los campos azules
B25: - El Tope Ofertado debe tener máximo dos decimales y corresponde al tope horario para cada hora del mes ofertado.
B26: - La tarifa ofertada debe tener dos decimales

Sheet Producto 1
B1: ANEXO 4 - CANTIDADES DE ENERGÍA ESTIMADAS EN kWh
B2: SOL & CIELO ENERGÍA SAS ESP
B3: PERIODO: DE 1 ENERO 2026 A 31 DICIEMBRE 2026
A5: Año | B5: Mes | C5: Dias\Horas | D5: HO1 | E5: HO2 | F5: HO3 | G5: HO4 | H5: HO5 | I5: HO6 | J5: HO7 | K5: HO8 | L5: HO9 | M5: H10 | N5: H11 | O5: H12 | P5: H13 | Q5: H14 | R5: H15 | S5: H16 | T5: H17 | U5: H18 | V5: H19 | W5: H20 | X5: H21 | Y5: H22 | Z5: H23 | AA5: H24 | AB5: N. Días | AC5: Total
A6: 2026 | B6: Ene | C6: Habil | D6: 1471.509 | E6: 1415.8352 | F6: 1361.718 | G6: 1337.7172 | H6: 1356.437 | I6: 1381.0836 | J6: 1428.4755 | K6: 1553.5645 | L6: 1548.0688 | M6: 1083.938 | N6: 792.07621 | O6: 638.2857 | P6: 402.11037 | Q6: 486.97917 | R6: 926.79618 | S6: 1316.1702 | T6: 1731.5518 | U6: 2017.2872 | V6: 1818.5014 | W6: 1743.8437 | X6: 1734.2164 | Y6: 1718.4188 | Z6: 1612.9456 | AA6: 1523.4898 | AB6: 20 | AC6: =AB6*SUM(D6:AA6) -> 648020.39
A7: 2026 | B7: Ene | C7: Sabado | D7: 1477.2902 | E7: 1426.9762 | F7: 1371.661 | G7: 1360.6495 | H7: 1371.825 | I7: 1332.7219 | J7: 1147.3699 | K7: 1050.5242 | L7: 1082.0601 | M7: 706.98575 | N7: 384.44093 | O7: 422.64075 | P7: 0 | Q7: 0 | R7: 258.91319 | S7: 423.2867 | T7: 859.18195 | U7: 1284.0959 | V7: 1559.5918 | W7: 1570.1517 | X7: 1571.4436 | Y7: 1563.3237 | Z7: 1518.6139 | AA7: 1443.0974 | AB7: 5 | AC7: =AB7*SUM(D7:AA7) -> 125934.23
A8: 2026 | B8: Ene | C8: Domingo y Festivo | D8: 1343.5374 | E8: 1285.1721 | F8: 1215.8127 | G8: 1194.6528 | H8: 1206.157 | I8: 1156.8163 | J8: 876.42034 | K8: 381.19607 | L8: 129.78031 | M8: 0 | N8: 0 | O8: 0 | P8: 0 | Q8: 0 | R8: 0 | S8: 0 | T8: 324.87917 | U8: 863.70124 | V8: 1338.4387 | W8: 1405.6367 | X8: 1419.8257 | Y8: 1442.2662 | Z8: 1370.1589 | AA8: 1292.6637 | AB8: 6 | AC8: =AB8*SUM(D8:AA8) -> 109482.69
A9: 2026 | B9: Feb | C9: Habil | D9: 1500.3377 | E9: 1445.4852 | F9: 1392.1662 | G9: 1368.5195 | H9: 1386.9632 | I9: 1411.2462 | J9: 1457.939 | K9: 1581.1828 | L9: 1575.7681 | M9: 1118.4839 | N9: 830.92739 | O9: 679.40548 | P9: 446.71404 | Q9: 530.33091 | R9: 963.66007 | S9: 1347.2904 | T9: 1756.5446 | U9: 2038.065 | V9: 1842.2115 | W9: 1768.6551 | X9: 1759.1698 | Y9: 1743.6053 | Z9: 1639.6879 | AA9: 1551.5517 | AB9: 20 | AC9: =AB9*SUM(D9:AA9) -> 662718.22
A10: 2026 | B10: Feb | C10: Sabado | D10: 1504.7532 | E10: 1454.3614 | F10: 1398.9608 | G10: 1387.9322 | H10: 1399.125 | I10: 1359.9615 | J10: 1174.323 | K10: 1077.3276 | L10: 1108.9122 | M10: 733.25824 | N10: 410.21493 | O10: 448.47378 | P10: 0 | Q10: 0 | R10: 284.49319 | S10: 449.12074 | T10: 885.68966 | U10: 1311.2603 | V10: 1587.182 | W10: 1597.7582 | X10: 1599.0521 | Y10: 1590.9197 | Z10: 1546.1407 | AA10: 1470.5075 | AB10: 4 | AC10: =AB10*SUM(D10:AA10) -> 103118.91
A11: 2026 | B11: Feb | C11: Domingo y Festivo | D11: 1362.0468 | E11: 1303.188 | F11: 1233.2421 | G11: 1211.9033 | H11: 1223.5048 | I11: 1173.7469 | J11: 890.98007 | K11: 391.5685 | L11: 138.02693 | M11: 0 | N11: 0 | O11: 0 | P11: 0 | Q11: 0 | R11: 0 | S11: 0 | T11: 334.77542 | U11: 878.15343 | V11: 1356.905 | W11: 1424.6711 | X11: 1438.9801 | Y11: 1461.6104 | Z11: 1388.8934 | AA11: 1310.7429 | AB11: 4 | AC11: =AB11*SUM(D11:AA11) -> 74091.757
A12: 2026 | B12: Mar | C12: Habil | D12: 1528.7411 | E12: 1474.6977 | F12: 1422.1653 | G12: 1398.8674 | H12: 1417.039 | I12: 1440.9639 | J12: 1486.9678 | K12: 1608.3936 | L12: 1603.0589 | M12: 1152.5202 | N12: 869.20547 | O12: 719.91869 | P12: 490.65974 | Q12: 573.04316 | R12: 999.98017 | S12: 1377.9515 | T12: 1781.1686 | U12: 2058.5363 | V12: 1865.5718 | W12: 1793.1006 | X12: 1783.7551 | Y12: 1768.4202 | Z12: 1666.0358 | AA12: 1579.1997 | AB12: 21 | AC12: =AB12*SUM(D12:AA12) -> 711059.2
A13: 2026 | B13: Mar | C13: Sabado | D13: 1532.2587 | E13: 1481.789 | F13: 1426.3027 | G13: 1415.2571 | H13: 1426.4672 | I13: 1387.2431 | J13: 1201.3177 | K13: 1104.1725 | L13: 1135.8059 | M13: 759.57133 | N13: 436.02876 | O13: 474.34675 | P13: 0 | Q13: 0 | R13: 310.11272 | S13: 474.9947 | T13: 912.23833 | U13: 1338.4667 | V13: 1614.8148 | W13: 1625.4074 | X13: 1626.7033 | Y13: 1618.5583 | Z13: 1573.7101 | AA13: 1497.96 | AB13: 4 | AC13: =AB13*SUM(D13:AA13) -> 105494.11
A14: 2026 | B14: Mar | C14: Domingo y Festivo | D14: 1380.7127 | E14: 1321.3562 | F14: 1250.8189 | G14: 1229.2996 | H14: 1240.9993 | I14: 1190.8206 | J14: 905.66291 | K14: 402.02864 | L14: 146.34327 | M14: 0 | N14: 0 | O14: 0 | P14: 0 | Q14: 0 | R14: 0 | S14: 0 | T14: 344.75535 | U14: 892.72782 | V14: 1375.5274 | W14: 1443.8665 | X14: 1458.2965 | Y14: 1481.1181 | Z14: 1407.7863 | AA14: 1328.975 | AB14: 6 | AC14: =AB14*SUM(D14:AA14) -> 112806.57
A15: 2026 | B15: Abr | C15: Habil | D15: 1556.7256 | E15: 1503.4794 | F15: 1451.7219 | G15: 1428.7677 | H15: 1446.6712 | I15: 1470.2431 | J15: 1515.5685 | K15: 1635.2031 | L15: 1629.947 | M15: 1186.0543 | N15: 906.9189 | O15: 759.83429 | P15: 533.95719 | Q15: 615.12535 | R15: 1035.7645 | S15: 1408.1603 | T15: 1805.4295 | U15: 2078.7056 | V15: 1888.5876 | W15: 1817.1854 | X15: 1807.9778 | Y15: 1792.8691 | Z15: 1691.9949 | AA15: 1606.4398 | AB15: 20 | AC15: =AB15*SUM(D15:AA15) -> 691466.64
A16: 2026 | B16: Abr | C16: Sabado | D16: 1559.8066 | E16: 1509.2589 | F16: 1453.6869 | G16: 1442.6242 | H16: 1453.8516 | I16: 1414.5669 | J16: 1228.3542 | K16: 1131.0588 | L16: 1162.7411 | M16: 785.92509 | N16: 461.88249 | O16: 500.25969 | P16: 0 | Q16: 0 | R16: 335.77185 | S16: 500.90865 | T16: 938.82803 | U16: 1365.7151 | V16: 1642.4903 | W16: 1653.0993 | X16: 1654.3972 | Y16: 1646.2396 | Z16: 1601.3221 | AA16: 1525.455 | AB16: 4 | AC16: =AB16*SUM(D16:AA16) -> 107872.97
A17: 2026 | B17: Abr | C17: Domingo y Festivo | D17: 1399.5364 | E17: 1339.678 | F17: 1268.5443 | G17: 1246.8431 | H17: 1258.6416 | I17: 1208.0387 | J17: 920.46991 | K17: 412.57721 | L17: 154.72994 | M17: 0 | N17: 0 | O17: 0 | P17: 0 | Q17: 0 | R17: 0 | S17: 0 | T17: 354.81966 | U17: 907.42544 | V17: 1394.3073 | W17: 1463.2242 | X17: 1477.7762 | Y17: 1500.7908 | Z17: 1426.8389 | AA17: 1347.3612 | AB17: 6 | AC17: =AB17*SUM(D17:AA17) -> 114489.62
... A41: 2026 | B41: Dic | C41: Domingo y Festivo | D41: 1555.9704 | E41: 1491.9412 | F41: 1415.8509 | G41: 1392.6376 | H41: 1405.2582 | I41: 1351.1293 | J41: 1043.523 | K41: 500.24091 | L41: 224.42709 | M41: 0 | N41: 0 | O41: 0 | P41: 0 | Q41: 0 | R41: 0 | S41: 0 | T41: 438.45887 | U41: 1029.5697 | V41: 1550.3769 | W41: 1624.0959 | X41: 1639.6619 | Y41: 1664.2801 | Z41: 1585.1753 | AA41: 1500.1597 | AB41: 6 | AC41: =AB41*SUM(D41:AA41) -> 128476.54

Sheet R-Producto 2
B2: ANEXO 4 - OFERTAS PRODUCTO 2
B3: NOMBRE DEL OFERENTE
B4: PRECIOS Y CANTIDADES DE ENERGÍA OFERTADA
B7: PRODUCTO 2
B8: AÑO | C8: MES | D8: PERIODO 2027-01-01 A 2027-12-31
D9: E. Solicitada [kWh] | E9: % E. Ofertado | F9: E. Ofertada [kWh] | G9: $/kWh
B10: 2027 | C10: Ene | D10: =SUMIFS('Producto 2'!$AC:$AC,'Producto 2'!$A:$A,'R-Producto 2'!$B10,'Producto 2'!$B:$B,'R-Producto 2'!$C10) -> 1084045.9 | F10: =D10*$E$10 -> 0
B11: 2027 | C11: Feb | D11: =SUMIFS('Producto 2'!$AC:$AC,'Producto 2'!$A:$A,'R-Producto 2'!$B11,'Producto 2'!$B:$B,'R-Producto 2'!$C11) -> 1043009.5 | F11: =D11*$E$10 -> 0
B12: 2027 | C12: Mar | D12: =SUMIFS('Producto 2'!$AC:$AC,'Producto 2'!$A:$A,'R-Producto 2'!$B12,'Producto 2'!$B:$B,'R-Producto 2'!$C12) -> 1125760.5 | F12: =D12*$E$10 -> 0
B13: 2027 | C13: Abr | D13: =SUMIFS('Producto 2'!$AC:$AC,'Producto 2'!$A:$A,'R-Producto 2'!$B13,'Producto 2'!$B:$B,'R-Producto 2'!$C13) -> 1159089 | F13: =D13*$E$10 -> 0
B14: 2027 | C14: May | D14: =SUMIFS('Producto 2'!$AC:$AC,'Producto 2'!$A:$A,'R-Producto 2'!$B14,'Producto 2'!$B:$B,'R-Producto 2'!$C14) -> 1138679.6 | F14: =D14*$E$10 -> 0
B15: 2027 | C15: Jun | D15: =SUMIFS('Producto 2'!$AC:$AC,'Producto 2'!$A:$A,'R-Producto 2'!$B15,'Producto 2'!$B:$B,'R-Producto 2'!$C15) -> 1171888.4 | F15: =D15*$E$10 -> 0
B16: 2027 | C16: Jul | D16: =SUMIFS('Producto 2'!$AC:$AC,'Producto 2'!$A:$A,'R-Producto 2'!$B16,'Producto 2'!$B:$B,'R-Producto 2'!$C16) -> 1203393.1 | F16: =D16*$E$10 -> 0
B17: 2027 | C17: Ago | D17: =SUMIFS('Producto 2'!$AC:$AC,'Producto 2'!$A:$A,'R-Producto 2'!$B17,'Producto 2'!$B:$B,'R-Producto 2'!$C17) -> 1214958.4 | F17: =D17*$E$10 -> 0
B18: 2027 | C18: Sep | D18: =SUMIFS('Producto 2'!$AC:$AC,'Producto 2'!$A:$A,'R-Producto 2'!$B18,'Producto 2'!$B:$B,'R-Producto 2'!$C18) -> 1240432.7 | F18: =D18*$E$10 -> 0
B19: 2027 | C19: Oct | D19: =SUMIFS('Producto 2'!$AC:$AC,'Producto 2'!$A:$A,'R-Producto 2'!$B19,'Producto 2'!$B:$B,'R-Producto 2'!$C19) -> 1251626.4 | F19: =D19*$E$10 -> 0
B20: 2027 | C20: Nov | D20: =SUMIFS('Producto 2'!$AC:$AC,'Producto 2'!$A:$A,'R-Producto 2'!$B20,'Producto 2'!$B:$B,'R-Producto 2'!$C20) -> 1228977.1 | F20: =D20*$E$10 -> 0
B21: 2027 | C21: Dic | D21: =SUMIFS('Producto 2'!$AC:$AC,'Producto 2'!$A:$A,'R-Producto 2'!$B21,'Producto 2'!$B:$B,'R-Producto 2'!$C21) -> 1298612.4 | F21: =D21*$E$10 -> 0
C22: TOTAL PRODUCTO | D22: =SUM(D10:D21) -> 14160473 | F22: =D22*$E$10 -> 0
B24: - Por favor complete los campos azules
B25: - El Tope Ofertado debe tener máximo dos decimales y corresponde al tope horario para cada hora del mes ofertado.
B26: - La tarifa ofertada debe tener dos decimales

Sheet Producto 2
B1: ANEXO 4 - CANTIDADES DE ENERGÍA ESTIMADAS EN kWh
B2: SOL & CIELO ENERGÍA SAS ESP
B3: PERIODO: DE 1 ENERO 2027 A 31 DICIEMBRE 2027
A5: Año | B5: Mes | C5: Dias\Horas | D5: HO1 | E5: HO2 | F5: HO3 | G5: HO4 | H5: HO5 | I5: HO6 | J5: HO7 | K5: HO8 | L5: HO9 | M5: H10 | N5: H11 | O5: H12 | P5: H13 | Q5: H14 | R5: H15 | S5: H16 | T5: H17 | U5: H18 | V5: H19 | W5: H20 | X5: H21 | Y5: H22 | Z5: H23 | AA5: H24 | AB5: N. Días | AC5: Total
A6: 2027 | B6: Ene | C6: Habil | D6: 1790.7216 | E6: 1744.1414 | F6: 1698.8635 | G6: 1678.7829 | H6: 1694.4451 | I6: 1715.066 | J6: 1754.717 | K6: 1859.3744 | L6: 1854.7764 | M6: 1466.4552 | N6: 1222.2651 | O6: 1093.5942 | P6: 895.99502 | Q6: 967.00163 | R6: 1334.9804 | S6: 1660.7554 | T6: 2008.2899 | U6: 2247.3542 | V6: 2081.0374 | W6: 2018.574 | X6: 2010.5192 | Y6: 1997.302 | Z6: 1909.0564 | AA6: 1834.212 | AB6: 19 | AC6: =AB6*SUM(D6:AA6) -> 770227.32
A7: 2027 | B7: Ene | C7: Sabado | D7: 1809.6618 | E7: 1758.4067 | F7: 1702.0569 | G7: 1690.8394 | H7: 1702.224 | I7: 1662.3894 | J7: 1473.5705 | K7: 1374.9134 | L7: 1407.0391 | M7: 1024.9493 | N7: 696.37152 | O7: 735.28583 | P7: 0 | Q7: 0 | R7: 568.49587 | S7: 735.94387 | T7: 1179.9922 | U7: 1612.8539 | V7: 1893.5028 | W7: 1904.2602 | X7: 1905.5763 | Y7: 1897.3045 | Z7: 1851.7584 | AA7: 1774.8294 | AB7: 5 | AC7: =AB7*SUM(D7:AA7) -> 161811.13
A8: 2027 | B8: Ene | C8: Domingo y Festivo | D8: 1576.276 | E8: 1511.7054 | F8: 1434.9717 | G8: 1411.5621 | H8: 1424.2895 | I8: 1369.7029 | J8: 1059.4957 | K8: 511.61991 | L8: 233.47398 | M8: 0 | N8: 0 | O8: 0 | P8: 0 | Q8: 0 | R8: 0 | S8: 0 | T8: 449.31547 | U8: 1045.4243 | V8: 1570.6352 | W8: 1644.9775 | X8: 1660.6751 | Y8: 1685.5015 | Z8: 1605.7278 | AA8: 1519.9934 | AB8: 7 | AC8: =AB8*SUM(D8:AA8) -> 152007.43
A9: 2027 | B9: Feb | C9: Habil | D9: 1814.8415 | E9: 1768.9484 | F9: 1724.3384 | G9: 1704.5541 | H9: 1719.9852 | I9: 1740.3019 | J9: 1779.368 | K9: 1882.4816 | L9: 1877.9514 | M9: 1495.3585 | N9: 1254.7705 | O9: 1127.9977 | P9: 933.31327 | Q9: 1003.2724 | R9: 1365.823 | S9: 1686.7924 | T9: 2029.2004 | U9: 2264.7382 | V9: 2100.8747 | W9: 2039.3328 | X9: 2031.3968 | Y9: 2018.3746 | Z9: 1931.4307 | AA9: 1857.6904 | AB9: 20 | AC9: =AB9*SUM(D9:AA9) -> 823062.74
A10: 2027 | B10: Feb | C10: Sabado | D10: 1837.6385 | E10: 1786.3041 | F10: 1729.8672 | G10: 1718.6324 | H10: 1730.0346 | I10: 1690.1385 | J10: 1501.0278 | K10: 1402.2182 | L10: 1434.3935 | M10: 1051.7132 | N10: 722.6276 | O10: 761.60206 | P10: 0 | Q10: 0 | R10: 594.55433 | S10: 762.26112 | T10: 1206.9958 | U10: 1640.5264 | V10: 1921.609 | W10: 1932.383 | X10: 1933.7012 | Y10: 1925.4166 | Z10: 1879.8001 | AA10: 1802.7522 | AB10: 4 | AC10: =AB10*SUM(D10:AA10) -> 131864.79
A11: 2027 | B11: Feb | C11: Domingo y Festivo | D11: 1596.7533 | E11: 1531.6367 | F11: 1454.2542 | G11: 1430.6467 | H11: 1443.4816 | I11: 1388.4335 | J11: 1075.6034 | K11: 523.09512 | L11: 242.59737 | M11: 0 | N11: 0 | O11: 0 | P11: 0 | Q11: 0 | R11: 0 | S11: 0 | T11: 460.26388 | U11: 1061.413 | V11: 1591.0648 | W11: 1666.0357 | X11: 1681.866 | Y11: 1706.9023 | Z11: 1626.4541 | AA11: 1539.9948 | AB11: 4 | AC11: =AB11*SUM(D11:AA11) -> 88081.986
A12: 2027 | B12: Mar | C12: Habil | D12: 1838.6056 | E12: 1793.3895 | F12: 1749.4376 | G12: 1729.9451 | H12: 1745.1486 | I12: 1765.1656 | J12: 1803.6554 | K12: 1905.248 | L12: 1900.7845 | M12: 1523.8353 | N12: 1286.7963 | O12: 1161.8936 | P12: 970.08103 | Q12: 1039.0082 | R12: 1396.2107 | S12: 1712.4454 | T12: 2049.8024 | U12: 2281.8658 | V12: 2120.4195 | W12: 2059.7854 | X12: 2051.9665 | Y12: 2039.1363 | Z12: 1953.475 | AA12: 1880.8224 | AB12: 20 | AC12: =AB12*SUM(D12:AA12) -> 835178.48
A13: 2027 | B13: Mar | C13: Sabado | D13: 1865.6584 | E13: 1814.2447 | F13: 1757.7206 | G13: 1746.4684 | H13: 1757.8882 | I13: 1717.9304 | J13: 1528.5274 | K13: 1429.5651 | L13: 1461.7902 | M13: 1078.5185 | N13: 748.92426 | O13: 787.95896 | P13: 0 | Q13: 0 | R13: 620.65305 | S13: 788.61903 | T13: 1234.041 | U13: 1668.2417 | V13: 1949.7587 | W13: 1960.5494 | X13: 1961.8695 | Y13: 1953.5722 | Z13: 1907.8851 | AA13: 1830.7182 | AB13: 4 | AC13: =AB13*SUM(D13:AA13) -> 134284.41
A14: 2027 | B14: Mar | C14: Domingo y Festivo | D14: 1617.4037 | E14: 1551.7365 | F14: 1473.6998 | G14: 1449.8926 | H14: 1462.8361 | I14: 1407.3225 | J14: 1091.8473 | K14: 534.66736 | L14: 251.7979 | M14: 0 | N14: 0 | O14: 0 | P14: 0 | Q14: 0 | R14: 0 | S14: 0 | T14: 471.30486 | U14: 1077.537 | V14: 1611.6671 | W14: 1687.2719 | X14: 1703.2361 | Y14: 1728.484 | Z14: 1647.3557 | AA14: 1560.1653 | AB14: 7 | AC14: =AB14*SUM(D14:AA14) -> 156297.58
A15: 2027 | B15: Abr | C15: Habil | D15: 1862.0192 | E15: 1817.47 | F15: 1774.1665 | G15: 1754.9615 | H15: 1769.9407 | I15: 1789.6625 | J15: 1827.5845 | K15: 1927.6785 | L15: 1923.2809 | M15: 1551.8922 | N15: 1318.3498 | O15: 1195.2895 | P15: 1006.3064 | Q15: 1074.2168 | R15: 1426.1502 | S15: 1737.72 | T15: 2070.1006 | U15: 2298.7407 | V15: 2139.676 | W15: 2079.9363 | X15: 2072.2327 | Y15: 2059.5918 | Z15: 1975.1941 | AA15: 1903.6132 | AB15: 22 | AC15: =AB15*SUM(D15:AA15) -> 931827.04
A16: 2027 | B16: Abr | C16: Sabado | D16: 1893.7216 | E16: 1842.2284 | F16: 1785.617 | G16: 1774.3473 | H16: 1785.7848 | I16: 1745.7653 | J16: 1556.0696 | K16: 1456.9544 | L16: 1489.2292 | M16: 1105.3652 | N16: 775.26157 | O16: 814.35659 | P16: 0 | Q16: 0 | R16: 646.79211 | S16: 815.01768 | T16: 1261.128 | U16: 1695.9998 | V16: 1977.9519 | W16: 1988.7592 | X16: 1990.0814 | Y16: 1981.7712 | Z16: 1936.0136 | AA16: 1858.7274 | AB16: 4 | AC16: =AB16*SUM(D16:AA16) -> 136707.77
A17: 2027 | B17: Abr | C17: Domingo y Festivo | D17: 1638.2287 | E17: 1572.0063 | F17: 1493.3097 | G17: 1469.3013 | H17: 1482.3542 | I17: 1426.3712 | J17: 1108.2285 | K17: 546.33744 | L17: 261.07622 | M17: 0 | N17: 0 | O17: 0 | P17: 0 | Q17: 0 | R17: 0 | S17: 0 | T17: 482.43919 | U17: 1093.7972 | V17: 1632.4436 | W17: 1708.6877 | X17: 1724.7868 | Y17: 1750.2483 | Z17: 1668.4339 | AA17: 1580.5063 | AB17: 4 | AC17: =AB17*SUM(D17:AA17) -> 90554.227
... A41: 2027 | B41: Dic | C41: Domingo y Festivo | D41: 1811.2945 | E41: 1740.4578 | F41: 1656.2777 | G41: 1630.5964 | H41: 1644.5588 | I41: 1584.6751 | J41: 1244.3645 | K41: 643.32141 | L41: 338.18348 | M41: 0 | N41: 0 | O41: 0 | P41: 0 | Q41: 0 | R41: 0 | S41: 0 | T41: 574.97079 | U41: 1228.9276 | V41: 1805.1064 | W41: 1886.6631 | X41: 1903.884 | Y41: 1931.1195 | Z41: 1843.6044 | AA41: 1749.5501 | AB41: 6 | AC41: =AB41*SUM(D41:AA41) -> 151305.33

Sheet R-Producto 3
B2: ANEXO 4 - OFERTAS PRODUCTO 3
B3: NOMBRE DEL OFERENTE
B4: PRECIOS Y CANTIDADES DE ENERGÍA OFERTADA
B7: PRODUCTO 3
B8: AÑO | C8: MES | D8: PERIODO 2028-01-01 A 2028-12-31
D9: E. Solicitada [kWh] | E9: % E. Ofertado | F9: E. Ofertada [kWh] | G9: $/kWh
B10: 2028 | C10: Ene | D10: =SUMIFS('Producto 3'!$AC:$AC,'Producto 3'!$A:$A,'R-Producto 3'!$B10,'Producto 3'!$B:$B,'R-Producto 3'!$C10) -> 1284482 | F10: =D10*$E$10 -> 0
B11: 2028 | C11: Feb | D11: =SUMIFS('Producto 3'!$AC:$AC,'Producto 3'!$A:$A,'R-Producto 3'!$B11,'Producto 3'!$B:$B,'R-Producto 3'!$C11) -> 1269785.9 | F11: =D11*$E$10 -> 0
B12: 2028 | C12: Mar | D12: =SUMIFS('Producto 3'!$AC:$AC,'Producto 3'!$A:$A,'R-Producto 3'!$B12,'Producto 3'!$B:$B,'R-Producto 3'!$C12) -> 1358854.3 | F12: =D12*$E$10 -> 0
B13: 2028 | C13: Abr | D13: =SUMIFS('Producto 3'!$AC:$AC,'Producto 3'!$A:$A,'R-Producto 3'!$B13,'Producto 3'!$B:$B,'R-Producto 3'!$C13) -> 1273225.2 | F13: =D13*$E$10 -> 0
B14: 2028 | C14: May | D14: =SUMIFS('Producto 3'!$AC:$AC,'Producto 3'!$A:$A,'R-Producto 3'!$B14,'Producto 3'!$B:$B,'R-Producto 3'!$C14) -> 1366614 | F14: =D14*$E$10 -> 0
B15: 2028 | C15: Jun | D15: =SUMIFS('Producto 3'!$AC:$AC,'Producto 3'!$A:$A,'R-Producto 3'!$B15,'Producto 3'!$B:$B,'R-Producto 3'!$C15) -> 1331521 | F15: =D15*$E$10 -> 0
B16: 2028 | C16: Jul | D16: =SUMIFS('Producto 3'!$AC:$AC,'Producto 3'!$A:$A,'R-Producto 3'!$B16,'Producto 3'!$B:$B,'R-Producto 3'!$C16) -> 1366343.1 | F16: =D16*$E$10 -> 0
B17: 2028 | C17: Ago | D17: =SUMIFS('Producto 3'!$AC:$AC,'Producto 3'!$A:$A,'R-Producto 3'!$B17,'Producto 3'!$B:$B,'R-Producto 3'!$C17) -> 1410482.9 | F17: =D17*$E$10 -> 0
B18: 2028 | C18: Sep | D18: =SUMIFS('Producto 3'!$AC:$AC,'Producto 3'!$A:$A,'R-Producto 3'!$B18,'Producto 3'!$B:$B,'R-Producto 3'!$C18) -> 1412806.9 | F18: =D18*$E$10 -> 0
B19: 2028 | C19: Oct | D19: =SUMIFS('Producto 3'!$AC:$AC,'Producto 3'!$A:$A,'R-Producto 3'!$B19,'Producto 3'!$B:$B,'R-Producto 3'!$C19) -> 1439105.3 | F19: =D19*$E$10 -> 0
B20: 2028 | C20: Nov | D20: =SUMIFS('Producto 3'!$AC:$AC,'Producto 3'!$A:$A,'R-Producto 3'!$B20,'Producto 3'!$B:$B,'R-Producto 3'!$C20) -> 1401074 | F20: =D20*$E$10 -> 0
B21: 2028 | C21: Dic | D21: =SUMIFS('Producto 3'!$AC:$AC,'Producto 3'!$A:$A,'R-Producto 3'!$B21,'Producto 3'!$B:$B,'R-Producto 3'!$C21) -> 1437958.1 | F21: =D21*$E$10 -> 0
C22: TOTAL PRODUCTO | D22: =SUM(D10:D21) -> 16352253 | F22: =D22*$E$10 -> 0
B24: - Por favor complete los campos azules
B25: - El Tope Ofertado debe tener máximo dos decimales y corresponde al tope horario para cada hora del mes ofertado.
B26: - La tarifa ofertada debe tener dos decimales

Sheet Producto 3
B1: ANEXO 4 - CANTIDADES DE ENERGÍA ESTIMADAS EN kWh
B2: SOL & CIELO ENERGÍA SAS ESP
B3: PERIODO: DE 1 ENERO 2028 A 31 DICIEMBRE 2028
A5: Año | B5: Mes | C5: Dias\Horas | D5: HO1 | E5: HO2 | F5: HO3 | G5: HO4 | H5: HO5 | I5: HO6 | J5: HO7 | K5: HO8 | L5: HO9 | M5: H10 | N5: H11 | O5: H12 | P5: H13 | Q5: H14 | R5: H15 | S5: H16 | T5: H17 | U5: H18 | V5: H19 | W5: H20 | X5: H21 | Y5: H22 | Z5: H23 | AA5: H24 | AB5: N. Días | AC5: Total
A6: 2028 | B6: Ene | C6: Habil | D6: 2057.795 | E6: 2018.8231 | F6: 1980.9407 | G6: 1964.1401 | H6: 1977.244 | I6: 1994.4968 | J6: 2027.6713 | K6: 2115.2343 | L6: 2111.3873 | M6: 1786.4933 | N6: 1582.1884 | O6: 1474.5342 | P6: 1309.2102 | Q6: 1368.6188 | R6: 1676.4931 | S6: 1949.0571 | T6: 2239.8264 | U6: 2439.8428 | V6: 2300.6916 | W6: 2248.4308 | X6: 2241.6916 | Y6: 2230.6333 | Z6: 2156.8014 | AA6: 2094.1819 | AB6: 20 | AC6: =AB6*SUM(D6:AA6) -> 946928.55
A7: 2028 | B7: Ene | C7: Sabado | D7: 2148.2502 | E7: 2096.0363 | F7: 2038.6326 | G7: 2027.2052 | H7: 2038.8028 | I7: 1998.2231 | J7: 1805.8725 | K7: 1705.3701 | L7: 1738.0967 | M7: 1348.8602 | N7: 1014.1365 | O7: 1053.7787 | P7: 0 | Q7: 0 | R7: 883.86908 | S7: 1054.4491 | T7: 1506.8031 | U7: 1947.7611 | V7: 2233.6593 | W7: 2244.6179 | X7: 2245.9586 | Y7: 2237.5321 | Z7: 2191.1341 | AA7: 2112.7662 | AB7: 4 | AC7: =AB7*SUM(D7:AA7) -> 158687.26
A8: 2028 | B8: Ene | C8: Domingo y Festivo | D8: 1833.759 | E8: 1762.3233 | F8: 1677.4315 | G8: 1651.533 | H8: 1665.6135 | I8: 1605.2234 | J8: 1262.0353 | K8: 655.91021 | L8: 348.19222 | M8: 0 | N8: 0 | O8: 0 | P8: 0 | Q8: 0 | R8: 0 | S8: 0 | T8: 586.98166 | U8: 1246.4679 | V8: 1827.5185 | W8: 1909.7648 | X8: 1927.1313 | Y8: 1954.5971 | Z8: 1866.3421 | AA8: 1771.4925 | AB8: 7 | AC8: =AB8*SUM(D8:AA8) -> 178866.22
A9: 2028 | B9: Feb | C9: Habil | D9: 2077.9753 | E9: 2039.5782 | F9: 2002.2547 | G9: 1985.7019 | H9: 1998.6125 | I9: 2015.6108 | J9: 2048.2959 | K9: 2134.5673 | L9: 2130.777 | M9: 1810.6756 | N9: 1609.3844 | O9: 1503.3183 | P9: 1340.433 | Q9: 1398.9653 | R9: 1702.298 | S9: 1970.8413 | T9: 2257.3215 | U9: 2454.3873 | V9: 2317.2888 | W9: 2265.799 | X9: 2259.1592 | Y9: 2248.2639 | Z9: 2175.5212 | AA9: 2113.8254 | AB9: 21 | AC9: =AB9*SUM(D9:AA9) -> 1005078
A10: 2028 | B10: Feb | C10: Sabado | D10: 2176.7501 | E10: 2124.4556 | F10: 2066.9631 | G10: 2055.5181 | H10: 2067.1336 | I10: 2026.4912 | J10: 1833.8433 | K10: 1733.1856 | L10: 1765.9627 | M10: 1376.1247 | N10: 1040.8837 | O10: 1080.5872 | P10: 0 | Q10: 0 | R10: 910.41494 | S10: 1081.2586 | T10: 1534.3117 | U10: 1975.9512 | V10: 2262.2912 | W10: 2273.2668 | X10: 2274.6096 | Y10: 2266.1701 | Z10: 2219.7003 | AA10: 2141.2113 | AB10: 4 | AC10: =AB10*SUM(D10:AA10) -> 161148.34
A11: 2028 | B11: Feb | C11: Domingo y Festivo | D11: 1856.4133 | E11: 1784.3736 | F11: 1698.764 | G11: 1672.6466 | H11: 1686.8461 | I11: 1625.9454 | J11: 1279.8556 | K11: 668.60545 | L11: 358.28559 | M11: 0 | N11: 0 | O11: 0 | P11: 0 | Q11: 0 | R11: 0 | S11: 0 | T11: 599.09408 | U11: 1264.1565 | V11: 1850.1201 | W11: 1933.0618 | X11: 1950.5752 | Y11: 1978.2733 | Z11: 1889.272 | AA11: 1793.6204 | AB11: 4 | AC11: =AB11*SUM(D11:AA11) -> 103559.64
A12: 2028 | B12: Mar | C12: Habil | D12: 2097.8578 | E12: 2060.0272 | F12: 2023.2542 | G12: 2006.9456 | H12: 2019.6658 | I12: 2036.4133 | J12: 2068.6163 | K12: 2153.615 | L12: 2149.8807 | M12: 1834.5011 | N12: 1636.1793 | O12: 1531.6777 | P12: 1371.1952 | Q12: 1428.8641 | R12: 1727.7223 | S12: 1992.3043 | T12: 2274.5585 | U12: 2468.7173 | V12: 2333.6412 | W12: 2282.9109 | X12: 2276.3691 | Y12: 2265.6345 | Z12: 2193.9648 | AA12: 2133.1791 | AB12: 22 | AC12: =AB12*SUM(D12:AA12) -> 1064089.3
A13: 2028 | B13: Mar | C13: Sabado | D13: 2205.2941 | E13: 2152.9188 | F13: 2095.3374 | G13: 2083.8747 | H13: 2095.5081 | I13: 2054.803 | J13: 1861.8574 | K13: 1761.044 | L13: 1793.8719 | M13: 1403.4313 | N13: 1067.6723 | O13: 1107.4371 | P13: 0 | Q13: 0 | R13: 937.00182 | S13: 1108.1095 | T13: 1561.8628 | U13: 2004.1849 | V13: 2290.9674 | W13: 2301.96 | X13: 2303.3048 | Y13: 2294.8523 | Z13: 2248.3107 | AA13: 2169.7004 | AB13: 4 | AC13: =AB13*SUM(D13:AA13) -> 163613.22
A14: 2028 | B14: Mar | C14: Domingo y Festivo | D14: 1879.2593 | E14: 1806.6105 | F14: 1720.277 | G14: 1693.9387 | H14: 1708.2583 | I14: 1646.8426 | J14: 1297.8265 | K14: 681.40803 | L14: 368.4643 | M14: 0 | N14: 0 | O14: 0 | P14: 0 | Q14: 0 | R14: 0 | S14: 0 | T14: 611.30892 | U14: 1281.9947 | V14: 1872.9128 | W14: 1956.5558 | X14: 1974.2173 | Y14: 2002.1496 | Z14: 1912.3957 | AA14: 1815.9354 | AB14: 5 | AC14: =AB14*SUM(D14:AA14) -> 131151.78
A15: 2028 | B15: Abr | C15: Habil | D15: 2117.4471 | E15: 2080.1745 | F15: 2043.944 | G15: 2027.8759 | H15: 2040.4085 | I15: 2056.9089 | J15: 2088.6369 | K15: 2172.3818 | L15: 2168.7025 | M15: 1857.9752 | N15: 1662.5789 | O15: 1559.6189 | P15: 1401.5037 | Q15: 1458.3218 | R15: 1752.7715 | S15: 2013.4506 | T15: 2291.5412 | U15: 2482.836 | V15: 2349.7524 | W15: 2299.7704 | X15: 2293.3251 | Y15: 2282.7489 | Z15: 2212.1364 | AA15: 2152.2473 | AB15: 18 | AC15: =AB15*SUM(D15:AA15) -> 879607.05
A16: 2028 | B16: Abr | C16: Sabado | D16: 2233.8822 | E16: 2181.4259 | F16: 2123.7556 | G16: 2112.2752 | H16: 2123.9266 | I16: 2083.1585 | J16: 1889.9147 | K16: 1788.9456 | L16: 1821.8241 | M16: 1430.7801 | N16: 1094.5022 | O16: 1134.3284 | P16: 0 | Q16: 0 | R16: 963.6298 | S16: 1135.0019 | T16: 1589.4565 | U16: 2032.4622 | V16: 2319.688 | W16: 2330.6975 | X16: 2332.0444 | Y16: 2323.5788 | Z16: 2276.9653 | AA16: 2198.2335 | AB16: 5 | AC16: =AB16*SUM(D16:AA16) -> 207602.38
A17: 2028 | B17: Abr | C17: Domingo y Festivo | D17: 1902.2984 | E17: 1829.0353 | F17: 1741.9718 | G17: 1715.4108 | H17: 1729.8515 | I17: 1667.9166 | J17: 1315.9494 | K17: 694.31886 | L17: 378.72908 | M17: 0 | N17: 0 | O17: 0 | P17: 0 | Q17: 0 | R17: 0 | S17: 0 | T17: 623.62704 | U17: 1299.9837 | V17: 1895.8983 | W17: 1980.2485 | X17: 1998.0593 | Y17: 2026.2277 | Z17: 1935.715 | AA17: 1838.4391 | AB17: 7 | AC17: =AB17*SUM(D17:AA17) -> 186015.76
... A41: 2028 | B41: Dic | C41: Domingo y Festivo | D41: 2093.7643 | E41: 2015.3963 | F41: 1922.2664 | G41: 1893.8546 | H41: 1909.3016 | I41: 1843.051 | J41: 1466.5591 | K41: 801.61402 | L41: 464.03427 | M41: 0 | N41: 0 | O41: 0 | P41: 0 | Q41: 0 | R41: 0 | S41: 0 | T41: 725.99647 | U41: 1449.481 | V41: 2086.9182 | W41: 2177.1459 | X41: 2196.1977 | Y41: 2226.329 | Z41: 2129.5094 | AA41: 2025.4554 | AB41: 7 | AC41: =AB41*SUM(D41:AA41) -> 205988.12
