Workbook

Sheet Cant. Requeridas Producto 1
A1: ANEXO 3 - CANTIDADES DE ENERGÍA SOLICITADA EN kWh
A2: PRODUCTO 1 - PAGUE LO CONTRATADO
A3: Periodo: 1 de enero 2026 a 31 diciembre de 2026
A4: CONVOCATORIA PÚBLICA N° CP-BIAC2025-002 - BIA ENERGY S.A.S. E.S.P.
A9: Mes | B9: H1 | C9: H2 | D9: H3 | E9: H4 | F9: H5 | G9: H6 | H9: H7 | I9: H8 | J9: H9 | K9: H10 | L9: H11 | M9: H12 | N9: H13 | O9: H14 | P9: H15 | Q9: H16 | R9: H17 | S9: H18 | T9: H19 | U9: H20 | V9: H21 | W9: H22 | X9: H23 | Y9: H24 | Z9: TOTAL DÍA | AA9: DÍAS | AB9: TOTAL MES
A10: 46023 | B10: 1400 | C10: =B10 -> 1400 | D10: =C10 -> 1400 | E10: =D10 -> 1400 | F10: =E10 -> 1400 | G10: =F10 -> 1400 | H10: =G10 -> 1400 | I10: =H10 -> 1400 | J10: =I10 -> 1400 | ... Y10: =X10 -> 1400 | Z10: =SUM(B10:Y10) -> 33600 | AA10: 31 | AB10: =Z10*AA10 -> 1041600
A11: 46054 | B11: 1400 | C11: =B11 -> 1400 | D11: =C11 -> 1400 | E11: =D11 -> 1400 | F11: =E11 -> 1400 | G11: =F11 -> 1400 | H11: =G11 -> 1400 | I11: =H11 -> 1400 | J11: =I11 -> 1400 | ... Y11: =X11 -> 1400 | Z11: =SUM(B11:Y11) -> 33600 | AA11: 28 | AB11: =Z11*AA11 -> 940800
A12: 46082 | B12: 1400 | C12: =B12 -> 1400 | D12: =C12 -> 1400 | E12: =D12 -> 1400 | F12: =E12 -> 1400 | G12: =F12 -> 1400 | H12: =G12 -> 1400 | I12: =H12 -> 1400 | J12: =I12 -> 1400 | ... Y12: =X12 -> 1400 | Z12: =SUM(B12:Y12) -> 33600 | AA12: 31 | AB12: =Z12*AA12 -> 1041600
A13: 46113 | B13: 1400 | C13: =B13 -> 1400 | D13: =C13 -> 1400 | E13: =D13 -> 1400 | F13: =E13 -> 1400 | G13: =F13 -> 1400 | H13: =G13 -> 1400 | I13: =H13 -> 1400 | J13: =I13 -> 1400 | ... Y13: =X13 -> 1400 | Z13: =SUM(B13:Y13) -> 33600 | AA13: 30 | AB13: =Z13*AA13 -> 1008000
A14: 46143 | B14: 1400 | C14: =B14 -> 1400 | D14: =C14 -> 1400 | E14: =D14 -> 1400 | F14: =E14 -> 1400 | G14: =F14 -> 1400 | H14: =G14 -> 1400 | I14: =H14 -> 1400 | J14: =I14 -> 1400 | ... Y14: =X14 -> 1400 | Z14: =SUM(B14:Y14) -> 33600 | AA14: 31 | AB14: =Z14*AA14 -> 1041600
A15: 46174 | B15: 1400 | C15: =B15 -> 1400 | D15: =C15 -> 1400 | E15: =D15 -> 1400 | F15: =E15 -> 1400 | G15: =F15 -> 1400 | H15: =G15 -> 1400 | I15: =H15 -> 1400 | J15: =I15 -> 1400 | ... Y15: =X15 -> 1400 | Z15: =SUM(B15:Y15) -> 33600 | AA15: 30 | AB15: =Z15*AA15 -> 1008000
A16: 46204 | B16: 1400 | C16: =B16 -> 1400 | D16: =C16 -> 1400 | E16: =D16 -> 1400 | F16: =E16 -> 1400 | G16: =F16 -> 1400 | H16: =G16 -> 1400 | I16: =H16 -> 1400 | J16: =I16 -> 1400 | ... Y16: =X16 -> 1400 | Z16: =SUM(B16:Y16) -> 33600 | AA16: 31 | AB16: =Z16*AA16 -> 1041600
A17: 46235 | B17: 1400 | C17: =B17 -> 1400 | D17: =C17 -> 1400 | E17: =D17 -> 1400 | F17: =E17 -> 1400 | G17: =F17 -> 1400 | H17: =G17 -> 1400 | I17: =H17 -> 1400 | J17: =I17 -> 1400 | ... Y17: =X17 -> 1400 | Z17: =SUM(B17:Y17) -> 33600 | AA17: 31 | AB17: =Z17*AA17 -> 1041600
A18: 46266 | B18: 1400 | C18: =B18 -> 1400 | D18: =C18 -> 1400 | E18: =D18 -> 1400 | F18: =E18 -> 1400 | G18: =F18 -> 1400 | H18: =G18 -> 1400 | I18: =H18 -> 1400 | J18: =I18 -> 1400 | ... Y18: =X18 -> 1400 | Z18: =SUM(B18:Y18) -> 33600 | AA18: 30 | AB18: =Z18*AA18 -> 1008000
A19: 46296 | B19: 1400 | C19: =B19 -> 1400 | D19: =C19 -> 1400 | E19: =D19 -> 1400 | F19: =E19 -> 1400 | G19: =F19 -> 1400 | H19: =G19 -> 1400 | I19: =H19 -> 1400 | J19: =I19 -> 1400 | ... Y19: =X19 -> 1400 | Z19: =SUM(B19:Y19) -> 33600 | AA19: 31 | AB19: =Z19*AA19 -> 1041600
A20: 46327 | B20: 1400 | C20: =B20 -> 1400 | D20: =C20 -> 1400 | E20: =D20 -> 1400 | F20: =E20 -> 1400 | G20: =F20 -> 1400 | H20: =G20 -> 1400 | I20: =H20 -> 1400 | J20: =I20 -> 1400 | ... Y20: =X20 -> 1400 | Z20: =SUM(B20:Y20) -> 33600 | AA20: 30 | AB20: =Z20*AA20 -> 1008000
A21: 46357 | B21: 1400 | C21: =B21 -> 1400 | D21: =C21 -> 1400 | E21: =D21 -> 1400 | F21: =E21 -> 1400 | G21: =F21 -> 1400 | H21: =G21 -> 1400 | I21: =H21 -> 1400 | J21: =I21 -> 1400 | ... Y21: =X21 -> 1400 | Z21: =SUM(B21:Y21) -> 33600 | AA21: 31 | AB21: =Z21*AA21 -> 1041600
AA22: TOTAL | AB22: =SUM(AB10:AB21) -> 12264000

Sheet Oferta Producto 1
B4: CONVOCATORIA PÚBLICA N° CP-BIAC2025-002 - BIA ENERGY S.A.S. E.S.P.
B5: ANEXO 4. FORMATO DE OFERTA - PRODUCTO 1
B6: NOMBRE DEL OFERENTE
B7: Precios y cantidades de la energía ofertada
B8: En pesos de febrero de 2025
B10: OPCIÓN 24 HORAS
B11: Mes | C11: E. Solicitada [kWh-mes] | D11: % E. Ofertado | E11: E. Ofertada [kWh] | F11: $/kWh
B12: 46023 | C12: ='Cant. Requeridas Producto 1'!AB10 -> 1041600 | E12: =C12*D12 -> 0
B13: 46054 | C13: ='Cant. Requeridas Producto 1'!AB11 -> 940800 | E13: =C13*D13 -> 0
B14: 46082 | C14: ='Cant. Requeridas Producto 1'!AB12 -> 1041600 | E14: =C14*D14 -> 0
B15: 46113 | C15: ='Cant. Requeridas Producto 1'!AB13 -> 1008000 | E15: =C15*D15 -> 0
B16: 46143 | C16: ='Cant. Requeridas Producto 1'!AB14 -> 1041600 | E16: =C16*D16 -> 0
B17: 46174 | C17: ='Cant. Requeridas Producto 1'!AB15 -> 1008000 | E17: =C17*D17 -> 0
B18: 46204 | C18: ='Cant. Requeridas Producto 1'!AB16 -> 1041600 | E18: =C18*D18 -> 0
B19: 46235 | C19: ='Cant. Requeridas Producto 1'!AB17 -> 1041600 | E19: =C19*D19 -> 0
B20: 46266 | C20: ='Cant. Requeridas Producto 1'!AB18 -> 1008000 | E20: =C20*D20 -> 0
B21: 46296 | C21: ='Cant. Requeridas Producto 1'!AB19 -> 1041600 | E21: =C21*D21 -> 0
B22: 46327 | C22: ='Cant. Requeridas Producto 1'!AB20 -> 1008000 | E22: =C22*D22 -> 0
B23: 46357 | C23: ='Cant. Requeridas Producto 1'!AB21 -> 1041600 | E23: =C23*D23 -> 0
B24: TOTAL | C24: =SUM(C12:C23) -> 12264000 | E24: =SUM(E12:E23) -> 0
B27: El oferente debe indicar si acepta adjudicaciones parciales o no
B28: • Para el año 2026, se debe presentar oferta con un único porcentaje.
B29: • El precio ofertado debe ser único para el año del producto, expresado en $/kWh, con hasta dos (2) decimales.
B34: Representante legal
B35: Nombre Oferente

Sheet Cant. Requeridas Producto 2
A1: ANEXO 3 - CANTIDADES DE ENERGÍA SOLICITADA EN kWh
A2: PRODUCTO 2 - PAGUE LO CONTRATADO
A3: Periodo: 1 de enero 2026 a 31 diciembre de 2026
A4: CONVOCATORIA PÚBLICA N° CP-BIAC2025-002 - BIA ENERGY S.A.S. E.S.P.
A9: Mes | B9: H1 | C9: H2 | D9: H3 | E9: H4 | F9: H5 | G9: H6 | H9: H7 | I9: H8 | J9: H9 | K9: H10 | L9: H11 | M9: H12 | N9: H13 | O9: H14 | P9: H15 | Q9: H16 | R9: H17 | S9: H18 | T9: H19 | U9: H20 | V9: H21 | W9: H22 | X9: H23 | Y9: H24 | Z9: TOTAL DÍA | AA9: DÍAS | AB9: TOTAL MES
A10: 46023 | B10: 2800 | C10: =B10 -> 2800 | D10: =C10 -> 2800 | E10: =D10 -> 2800 | F10: =E10 -> 2800 | G10: =F10 -> 2800 | H10: =G10 -> 2800 | I10: =H10 -> 2800 | J10: =I10 -> 2800 | ... Y10: =X10 -> 2800 | Z10: =SUM(B10:Y10) -> 67200 | AA10: 31 | AB10: =Z10*AA10 -> 2083200
A11: 46054 | B11: 2800 | C11: =B11 -> 2800 | D11: =C11 -> 2800 | E11: =D11 -> 2800 | F11: =E11 -> 2800 | G11: =F11 -> 2800 | H11: =G11 -> 2800 | I11: =H11 -> 2800 | J11: =I11 -> 2800 | ... Y11: =X11 -> 2800 | Z11: =SUM(B11:Y11) -> 67200 | AA11: 28 | AB11: =Z11*AA11 -> 1881600
A12: 46082 | B12: 2800 | C12: =B12 -> 2800 | D12: =C12 -> 2800 | E12: =D12 -> 2800 | F12: =E12 -> 2800 | G12: =F12 -> 2800 | H12: =G12 -> 2800 | I12: =H12 -> 2800 | J12: =I12 -> 2800 | ... Y12: =X12 -> 2800 | Z12: =SUM(B12:Y12) -> 67200 | AA12: 31 | AB12: =Z12*AA12 -> 2083200
A13: 46113 | B13: 2800 | C13: =B13 -> 2800 | D13: =C13 -> 2800 | E13: =D13 -> 2800 | F13: =E13 -> 2800 | G13: =F13 -> 2800 | H13: =G13 -> 2800 | I13: =H13 -> 2800 | J13: =I13 -> 2800 | ... Y13: =X13 -> 2800 | Z13: =SUM(B13:Y13) -> 67200 | AA13: 30 | AB13: =Z13*AA13 -> 2016000
A14: 46143 | B14: 0 | C14: =B14 -> 0 | D14: =C14 -> 0 | E14: =D14 -> 0 | F14: =E14 -> 0 | G14: =F14 -> 0 | H14: =G14 -> 0 | I14: =H14 -> 0 | J14: =I14 -> 0 | ... Y14: =X14 -> 0 | Z14: =SUM(B14:Y14) -> 0 | AA14: 31 | AB14: =Z14*AA14 -> 0
A15: 46174 | B15: 0 | C15: =B15 -> 0 | D15: =C15 -> 0 | E15: =D15 -> 0 | F15: =E15 -> 0 | G15: =F15 -> 0 | H15: =G15 -> 0 | I15: =H15 -> 0 | J15: =I15 -> 0 | ... Y15: =X15 -> 0 | Z15: =SUM(B15:Y15) -> 0 | AA15: 30 | AB15: =Z15*AA15 -> 0
A16: 46204 | B16: 0 | C16: =B16 -> 0 | D16: =C16 -> 0 | E16: =D16 -> 0 | F16: =E16 -> 0 | G16: =F16 -> 0 | H16: =G16 -> 0 | I16: =H16 -> 0 | J16: =I16 -> 0 | ... Y16: =X16 -> 0 | Z16: =SUM(B16:Y16) -> 0 | AA16: 31 | AB16: =Z16*AA16 -> 0
A17: 46235 | B17: 0 | C17: =B17 -> 0 | D17: =C17 -> 0 | E17: =D17 -> 0 | F17: =E17 -> 0 | G17: =F17 -> 0 | H17: =G17 -> 0 | I17: =H17 -> 0 | J17: =I17 -> 0 | ... Y17: =X17 -> 0 | Z17: =SUM(B17:Y17) -> 0 | AA17: 31 | AB17: =Z17*AA17 -> 0
A18: 46266 | B18: 0 | C18: =B18 -> 0 | D18: =C18 -> 0 | E18: =D18 -> 0 | F18: =E18 -> 0 | G18: =F18 -> 0 | H18: =G18 -> 0 | I18: =H18 -> 0 | J18: =I18 -> 0 | ... Y18: =X18 -> 0 | Z18: =SUM(B18:Y18) -> 0 | AA18: 30 | AB18: =Z18*AA18 -> 0
A19: 46296 | B19: 0 | C19: =B19 -> 0 | D19: =C19 -> 0 | E19: =D19 -> 0 | F19: =E19 -> 0 | G19: =F19 -> 0 | H19: =G19 -> 0 | I19: =H19 -> 0 | J19: =I19 -> 0 | ... Y19: =X19 -> 0 | Z19: =SUM(B19:Y19) -> 0 | AA19: 31 | AB19: =Z19*AA19 -> 0
A20: 46327 | B20: 2800 | C20: =B20 -> 2800 | D20: =C20 -> 2800 | E20: =D20 -> 2800 | F20: =E20 -> 2800 | G20: =F20 -> 2800 | H20: =G20 -> 2800 | I20: =H20 -> 2800 | J20: =I20 -> 2800 | ... Y20: =X20 -> 2800 | Z20: =SUM(B20:Y20) -> 67200 | AA20: 30 | AB20: =Z20*AA20 -> 2016000
A21: 46357 | B21: 2800 | C21: =B21 -> 2800 | D21: =C21 -> 2800 | E21: =D21 -> 2800 | F21: =E21 -> 2800 | G21: =F21 -> 2800 | H21: =G21 -> 2800 | I21: =H21 -> 2800 | J21: =I21 -> 2800 | ... Y21: =X21 -> 2800 | Z21: =SUM(B21:Y21) -> 67200 | AA21: 31 | AB21: =Z21*AA21 -> 2083200
Z22: Total producto | AB22: =SUM(AB10:AB21) -> 12163200

Sheet Oferta Producto 2
B4: CONVOCATORIA PÚBLICA N° CP-BIAC2025-002 - BIA ENERGY S.A.S. E.S.P.
B5: ANEXO 4. FORMATO DE OFERTA - PRODUCTO 2
B6: NOMBRE DEL OFERENTE
B7: Precios y cantidades de la energía ofertada
B8: En pesos de febrero de 2025
B10: OPCIÓN 24 HORAS
B11: Mes | C11: E. Solicitada [kWh-mes] | D11: % E. Ofertado | E11: E. Ofertada [kWh] | F11: $/kWh
B12: 46023 | C12: ='Cant. Requeridas Producto 2'!AB10 -> 2083200 | E12: =C12*$D$12 -> 0
B13: 46054 | C13: ='Cant. Requeridas Producto 2'!AB11 -> 1881600 | E13: =C13*$D$12 -> 0
B14: 46082 | C14: ='Cant. Requeridas Producto 2'!AB12 -> 2083200 | E14: =C14*$D$12 -> 0
B15: 46113 | C15: ='Cant. Requeridas Producto 2'!AB13 -> 2016000 | E15: =C15*$D$12 -> 0
B16: 46143 | C16: ='Cant. Requeridas Producto 2'!AB14 -> 0 | E16: =C16*$D$12 -> 0
B17: 46174 | C17: ='Cant. Requeridas Producto 2'!AB15 -> 0 | E17: =C17*$D$12 -> 0
B18: 46204 | C18: ='Cant. Requeridas Producto 2'!AB16 -> 0 | E18: =C18*$D$12 -> 0
B19: 46235 | C19: ='Cant. Requeridas Producto 2'!AB17 -> 0 | E19: =C19*$D$12 -> 0
B20: 46266 | C20: ='Cant. Requeridas Producto 2'!AB18 -> 0 | E20: =C20*$D$12 -> 0
B21: 46296 | C21: ='Cant. Requeridas Producto 2'!AB19 -> 0 | E21: =C21*$D$12 -> 0
B22: 46327 | C22: ='Cant. Requeridas Producto 2'!AB20 -> 2016000 | E22: =C22*$D$12 -> 0
B23: 46357 | C23: ='Cant. Requeridas Producto 2'!AB21 -> 2083200 | E23: =C23*$D$12 -> 0
B24: TOTAL | C24: =SUM(C12:C23) -> 12163200 | E24: =SUM(E12:E23) -> 0
B27: El oferente debe indicar si acepta adjudicaciones parciales o no
B28: • Para el 2026, se puede presentar oferta con diferente porcentaje cada mes.
B29: • El precio ofertado podra ser diferente para cada mes del producto, expresado en $/kWh, con hasta dos (2) decimales.
B34: Representante legal
B35: Nombre Oferente

Sheet Cant. Requeridas Producto 3
A1: ANEXO 3 - CANTIDADES DE ENERGÍA SOLICITADA EN kWh
A2: PRODUCTO 3 - PAGUE LO CONTRATADO
A3: Periodo: 1 de enero 2027 a 31 diciembre de 2027
A4: CONVOCATORIA PÚBLICA N° CP-BIAC2025-002 - BIA ENERGY S.A.S. E.S.P.
A9: Mes | B9: H1 | C9: H2 | D9: H3 | E9: H4 | F9: H5 | G9: H6 | H9: H7 | I9: H8 | J9: H9 | K9: H10 | L9: H11 | M9: H12 | N9: H13 | O9: H14 | P9: H15 | Q9: H16 | R9: H17 | S9: H18 | T9: H19 | U9: H20 | V9: H21 | W9: H22 | X9: H23 | Y9: H24 | Z9: TOTAL DÍA | AA9: DÍAS | AB9: TOTAL MES
A10: 46388 | B10: 4000 | C10: =B10 -> 4000 | D10: =C10 -> 4000 | E10: =D10 -> 4000 | F10: =E10 -> 4000 | G10: =F10 -> 4000 | H10: =G10 -> 4000 | I10: =H10 -> 4000 | J10: =I10 -> 4000 | ... Y10: =X10 -> 4000 | Z10: =SUM(B10:Y10) -> 96000 | AA10: 31 | AB10: =Z10*AA10 -> 2976000
A11: 46419 | B11: 4000 | C11: =B11 -> 4000 | D11: =C11 -> 4000 | E11: =D11 -> 4000 | F11: =E11 -> 4000 | G11: =F11 -> 4000 | H11: =G11 -> 4000 | I11: =H11 -> 4000 | J11: =I11 -> 4000 | ... Y11: =X11 -> 4000 | Z11: =SUM(B11:Y11) -> 96000 | AA11: 28 | AB11: =Z11*AA11 -> 2688000
A12: 46447 | B12: 4000 | C12: =B12 -> 4000 | D12: =C12 -> 4000 | E12: =D12 -> 4000 | F12: =E12 -> 4000 | G12: =F12 -> 4000 | H12: =G12 -> 4000 | I12: =H12 -> 4000 | J12: =I12 -> 4000 | ... Y12: =X12 -> 4000 | Z12: =SUM(B12:Y12) -> 96000 | AA12: 31 | AB12: =Z12*AA12 -> 2976000
A13: 46478 | B13: 4000 | C13: =B13 -> 4000 | D13: =C13 -> 4000 | E13: =D13 -> 4000 | F13: =E13 -> 4000 | G13: =F13 -> 4000 | H13: =G13 -> 4000 | I13: =H13 -> 4000 | J13: =I13 -> 4000 | ... Y13: =X13 -> 4000 | Z13: =SUM(B13:Y13) -> 96000 | AA13: 30 | AB13: =Z13*AA13 -> 2880000
A14: 46508 | B14: 4000 | C14: =B14 -> 4000 | D14: =C14 -> 4000 | E14: =D14 -> 4000 | F14: =E14 -> 4000 | G14: =F14 -> 4000 | H14: =G14 -> 4000 | I14: =H14 -> 4000 | J14: =I14 -> 4000 | ... Y14: =X14 -> 4000 | Z14: =SUM(B14:Y14) -> 96000 | AA14: 31 | AB14: =Z14*AA14 -> 2976000
A15: 46539 | B15: 4000 | C15: =B15 -> 4000 | D15: =C15 -> 4000 | E15: =D15 -> 4000 | F15: =E15 -> 4000 | G15: =F15 -> 4000 | H15: =G15 -> 4000 | I15: =H15 -> 4000 | J15: =I15 -> 4000 | ... Y15: =X15 -> 4000 | Z15: =SUM(B15:Y15) -> 96000 | AA15: 30 | AB15: =Z15*AA15 -> 2880000
A16: 46569 | B16: 4000 | C16: =B16 -> 4000 | D16: =C16 -> 4000 | E16: =D16 -> 4000 | F16: =E16 -> 4000 | G16: =F16 -> 4000 | H16: =G16 -> 4000 | I16: =H16 -> 4000 | J16: =I16 -> 4000 | ... Y16: =X16 -> 4000 | Z16: =SUM(B16:Y16) -> 96000 | AA16: 31 | AB16: =Z16*AA16 -> 2976000
A17: 46600 | B17: 4000 | C17: =B17 -> 4000 | D17: =C17 -> 4000 | E17: =D17 -> 4000 | F17: =E17 -> 4000 | G17: =F17 -> 4000 | H17: =G17 -> 4000 | I17: =H17 -> 4000 | J17: =I17 -> 4000 | ... Y17: =X17 -> 4000 | Z17: =SUM(B17:Y17) -> 96000 | AA17: 31 | AB17: =Z17*AA17 -> 2976000
A18: 46631 | B18: 4000 | C18: =B18 -> 4000 | D18: =C18 -> 4000 | E18: =D18 -> 4000 | F18: =E18 -> 4000 | G18: =F18 -> 4000 | H18: =G18 -> 4000 | I18: =H18 -> 4000 | J18: =I18 -> 4000 | ... Y18: =X18 -> 4000 | Z18: =SUM(B18:Y18) -> 96000 | AA18: 30 | AB18: =Z18*AA18 -> 2880000
A19: 46661 | B19: 4000 | C19: =B19 -> 4000 | D19: =C19 -> 4000 | E19: =D19 -> 4000 | F19: =E19 -> 4000 | G19: =F19 -> 4000 | H19: =G19 -> 4000 | I19: =H19 -> 4000 | J19: =I19 -> 4000 | ... Y19: =X19 -> 4000 | Z19: =SUM(B19:Y19) -> 96000 | AA19: 31 | AB19: =Z19*AA19 -> 2976000
A20: 46692 | B20: 4000 | C20: =B20 -> 4000 | D20: =C20 -> 4000 | E20: =D20 -> 4000 | F20: =E20 -> 4000 | G20: =F20 -> 4000 | H20: =G20 -> 4000 | I20: =H20 -> 4000 | J20: =I20 -> 4000 | ... Y20: =X20 -> 4000 | Z20: =SUM(B20:Y20) -> 96000 | AA20: 30 | AB20: =Z20*AA20 -> 2880000
A21: 46722 | B21: 4000 | C21: =B21 -> 4000 | D21: =C21 -> 4000 | E21: =D21 -> 4000 | F21: =E21 -> 4000 | G21: =F21 -> 4000 | H21: =G21 -> 4000 | I21: =H21 -> 4000 | J21: =I21 -> 4000 | ... Y21: =X21 -> 4000 | Z21: =SUM(B21:Y21) -> 96000 | AA21: 31 | AB21: =Z21*AA21 -> 2976000
Z22: Total producto | AB22: =SUM(AB10:AB21) -> 35040000

Sheet Oferta Producto 3
B4: CONVOCATORIA PÚBLICA N° CP-BIAC2025-002 - BIA ENERGY S.A.S. E.S.P.
B5: ANEXO 4. FORMATO DE OFERTA - PRODUCTO 3
B6: NOMBRE DEL OFERENTE
B7: Precios y cantidades de la energía ofertada
B8: En pesos de febrero de 2025
B10: OPCIÓN 24 HORAS
B11: Mes | C11: E. Solicitada [kWh-mes] | D11: % E. Ofertado | E11: E. Ofertada [kWh] | F11: $/kWh
B12: 46388 | C12: ='Cant. Requeridas Producto 3'!AB10 -> 2976000 | E12: =C12*$D$12 -> 0
B13: 46419 | C13: ='Cant. Requeridas Producto 3'!AB11 -> 2688000 | E13: =C13*$D$12 -> 0
B14: 46447 | C14: ='Cant. Requeridas Producto 3'!AB12 -> 2976000 | E14: =C14*$D$12 -> 0
B15: 46478 | C15: ='Cant. Requeridas Producto 3'!AB13 -> 2880000 | E15: =C15*$D$12 -> 0
B16: 46508 | C16: ='Cant. Requeridas Producto 3'!AB14 -> 2976000 | E16: =C16*$D$12 -> 0
B17: 46539 | C17: ='Cant. Requeridas Producto 3'!AB15 -> 2880000 | E17: =C17*$D$12 -> 0
B18: 46569 | C18: ='Cant. Requeridas Producto 3'!AB16 -> 2976000 | E18: =C18*$D$12 -> 0
B19: 46600 | C19: ='Cant. Requeridas Producto 3'!AB17 -> 2976000 | E19: =C19*$D$12 -> 0
B20: 46631 | C20: ='Cant. Requeridas Producto 3'!AB18 -> 2880000 | E20: =C20*$D$12 -> 0
B21: 46661 | C21: ='Cant. Requeridas Producto 3'!AB19 -> 2976000 | E21: =C21*$D$12 -> 0
B22: 46692 | C22: ='Cant. Requeridas Producto 3'!AB20 -> 2880000 | E22: =C22*$D$12 -> 0
B23: 46722 | C23: ='Cant. Requeridas Producto 3'!AB21 -> 2976000 | E23: =C23*$D$12 -> 0
B24: TOTAL | C24: =SUM(C12:C23) -> 35040000 | E24: =SUM(E12:E23) -> 0
B27: El oferente debe indicar si acepta adjudicaciones parciales o no
B28: • Se debe presentar oferta con un único porcentaje de energía para el año solicitado
B29: • El precio ofertado debe ser único para el año del producto, expresado en $/kWh, con hasta dos (2) decimales
B34: Representante legal
B35: Nombre Oferente

Sheet Cant. Requeridas Producto 4
A1: ANEXO 3 - CANTIDADES DE ENERGÍA SOLICITADA EN kWh
A2: PRODUCTO 4 - PAGUE LO CONTRATADO
A3: Periodo: 1 de enero 2028 a 31 diciembre de 2028
A4: CONVOCATORIA PÚBLICA N° CP-BIAC2025-002 - BIA ENERGY S.A.S. E.S.P.
A9: Mes | B9: H1 | C9: H2 | D9: H3 | E9: H4 | F9: H5 | G9: H6 | H9: H7 | I9: H8 | J9: H9 | K9: H10 | L9: H11 | M9: H12 | N9: H13 | O9: H14 | P9: H15 | Q9: H16 | R9: H17 | S9: H18 | T9: H19 | U9: H20 | V9: H21 | W9: H22 | X9: H23 | Y9: H24 | Z9: TOTAL DÍA | AA9: DÍAS | AB9: TOTAL MES
A10: 46753 | B10: 1400 | C10: =B10 -> 1400 | D10: =C10 -> 1400 | E10: =D10 -> 1400 | F10: =E10 -> 1400 | G10: =F10 -> 1400 | H10: =G10 -> 1400 | I10: =H10 -> 1400 | J10: =I10 -> 1400 | ... Y10: =X10 -> 1400 | Z10: =SUM(B10:Y10) -> 33600 | AA10: 31 | AB10: =Z10*AA10 -> 1041600
A11: 46784 | B11: 1400 | C11: =B11 -> 1400 | D11: =C11 -> 1400 | E11: =D11 -> 1400 | F11: =E11 -> 1400 | G11: =F11 -> 1400 | H11: =G11 -> 1400 | I11: =H11 -> 1400 | J11: =I11 -> 1400 | ... Y11: =X11 -> 1400 | Z11: =SUM(B11:Y11) -> 33600 | AA11: 29 | AB11: =Z11*AA11 -> 974400
A12: 46813 | B12: 1400 | C12: =B12 -> 1400 | D12: =C12 -> 1400 | E12: =D12 -> 1400 | F12: =E12 -> 1400 | G12: =F12 -> 1400 | H12: =G12 -> 1400 | I12: =H12 -> 1400 | J12: =I12 -> 1400 | ... Y12: =X12 -> 1400 | Z12: =SUM(B12:Y12) -> 33600 | AA12: 31 | AB12: =Z12*AA12 -> 1041600
A13: 46844 | B13: 1400 | C13: =B13 -> 1400 | D13: =C13 -> 1400 | E13: =D13 -> 1400 | F13: =E13 -> 1400 | G13: =F13 -> 1400 | H13: =G13 -> 1400 | I13: =H13 -> 1400 | J13: =I13 -> 1400 | ... Y13: =X13 -> 1400 | Z13: =SUM(B13:Y13) -> 33600 | AA13: 30 | AB13: =Z13*AA13 -> 1008000
A14: 46874 | B14: 1400 | C14: =B14 -> 1400 | D14: =C14 -> 1400 | E14: =D14 -> 1400 | F14: =E14 -> 1400 | G14: =F14 -> 1400 | H14: =G14 -> 1400 | I14: =H14 -> 1400 | J14: =I14 -> 1400 | ... Y14: =X14 -> 1400 | Z14: =SUM(B14:Y14) -> 33600 | AA14: 31 | AB14: =Z14*AA14 -> 1041600
A15: 46905 | B15: 1400 | C15: =B15 -> 1400 | D15: =C15 -> 1400 | E15: =D15 -> 1400 | F15: =E15 -> 1400 | G15: =F15 -> 1400 | H15: =G15 -> 1400 | I15: =H15 -> 1400 | J15: =I15 -> 1400 | ... Y15: =X15 -> 1400 | Z15: =SUM(B15:Y15) -> 33600 | AA15: 30 | AB15: =Z15*AA15 -> 1008000
A16: 46935 | B16: 1400 | C16: =B16 -> 1400 | D16: =C16 -> 1400 | E16: =D16 -> 1400 | F16: =E16 -> 1400 | G16: =F16 -> 1400 | H16: =G16 -> 1400 | I16: =H16 -> 1400 | J16: =I16 -> 1400 | ... Y16: =X16 -> 1400 | Z16: =SUM(B16:Y16) -> 33600 | AA16: 31 | AB16: =Z16*AA16 -> 1041600
A17: 46966 | B17: 1400 | C17: =B17 -> 1400 | D17: =C17 -> 1400 | E17: =D17 -> 1400 | F17: =E17 -> 1400 | G17: =F17 -> 1400 | H17: =G17 -> 1400 | I17: =H17 -> 1400 | J17: =I17 -> 1400 | ... Y17: =X17 -> 1400 | Z17: =SUM(B17:Y17) -> 33600 | AA17: 31 | AB17: =Z17*AA17 -> 1041600
A18: 46997 | B18: 1400 | C18: =B18 -> 1400 | D18: =C18 -> 1400 | E18: =D18 -> 1400 | F18: =E18 -> 1400 | G18: =F18 -> 1400 | H18: =G18 -> 1400 | I18: =H18 -> 1400 | J18: =I18 -> 1400 | ... Y18: =X18 -> 1400 | Z18: =SUM(B18:Y18) -> 33600 | AA18: 30 | AB18: =Z18*AA18 -> 1008000
A19: 47027 | B19: 1400 | C19: =B19 -> 1400 | D19: =C19 -> 1400 | E19: =D19 -> 1400 | F19: =E19 -> 1400 | G19: =F19 -> 1400 | H19: =G19 -> 1400 | I19: =H19 -> 1400 | J19: =I19 -> 1400 | ... Y19: =X19 -> 1400 | Z19: =SUM(B19:Y19) -> 33600 | AA19: 31 | AB19: =Z19*AA19 -> 1041600
A20: 47058 | B20: 1400 | C20: =B20 -> 1400 | D20: =C20 -> 1400 | E20: =D20 -> 1400 | F20: =E20 -> 1400 | G20: =F20 -> 1400 | H20: =G20 -> 1400 | I20: =H20 -> 1400 | J20: =I20 -> 1400 | ... Y20: =X20 -> 1400 | Z20: =SUM(B20:Y20) -> 33600 | AA20: 30 | AB20: =Z20*AA20 -> 1008000
A21: 47088 | B21: 1400 | C21: =B21 -> 1400 | D21: =C21 -> 1400 | E21: =D21 -> 1400 | F21: =E21 -> 1400 | G21: =F21 -> 1400 | H21: =G21 -> 1400 | I21: =H21 -> 1400 | J21: =I21 -> 1400 | ... Y21: =X21 -> 1400 | Z21: =SUM(B21:Y21) -> 33600 | AA21: 31 | AB21: =Z21*AA21 -> 1041600
Z22: Total producto | AB22: =SUM(AB10:AB21) -> 12297600

Sheet Oferta Producto 4
B4: CONVOCATORIA PÚBLICA N° CP-BIAC2025-002 - BIA ENERGY S.A.S. E.S.P.
B5: ANEXO 4. FORMATO DE OFERTA - PRODUCTO 4
B6: NOMBRE DEL OFERENTE
B7: Precios y cantidades de la energía ofertada
B8: En pesos de febrero de 2025
B10: OPCIÓN 24 HORAS
B11: Mes | C11: E. Solicitada [kWh-mes] | D11: % E. Ofertado | E11: E. Ofertada [kWh] | F11: $/kWh
B12: 46753 | C12: ='Cant. Requeridas Producto 4'!AB10 -> 1041600 | E12: =C12*$D$12 -> 0
B13: 46784 | C13: ='Cant. Requeridas Producto 4'!AB11 -> 974400 | E13: =C13*$D$12 -> 0
B14: 46813 | C14: ='Cant. Requeridas Producto 4'!AB12 -> 1041600 | E14: =C14*$D$12 -> 0
B15: 46844 | C15: ='Cant. Requeridas Producto 4'!AB13 -> 1008000 | E15: =C15*$D$12 -> 0
B16: 46874 | C16: ='Cant. Requeridas Producto 4'!AB14 -> 1041600 | E16: =C16*$D$12 -> 0
B17: 46905 | C17: ='Cant. Requeridas Producto 4'!AB15 -> 1008000 | E17: =C17*$D$12 -> 0
B18: 46935 | C18: ='Cant. Requeridas Producto 4'!AB16 -> 1041600 | E18: =C18*$D$12 -> 0
B19: 46966 | C19: ='Cant. Requeridas Producto 4'!AB17 -> 1041600 | E19: =C19*$D$12 -> 0
B20: 46997 | C20: ='Cant. Requeridas Producto 4'!AB18 -> 1008000 | E20: =C20*$D$12 -> 0
B21: 47027 | C21: ='Cant. Requeridas Producto 4'!AB19 -> 1041600 | E21: =C21*$D$12 -> 0
B22: 47058 | C22: ='Cant. Requeridas Producto 4'!AB20 -> 1008000 | E22: =C22*$D$12 -> 0
B23: 47088 | C23: ='Cant. Requeridas Producto 4'!AB21 -> 1041600 | E23: =C23*$D$12 -> 0
B24: TOTAL | C24: =SUM(C12:C23) -> 12297600 | E24: =SUM(E12:E23) -> 0
B27: El oferente debe indicar si acepta adjudicaciones parciales o no
B28: • Se debe presentar oferta con un único porcentaje de energía para el año solicitado
B29: • El precio ofertado debe ser único para el año del producto, expresado en $/kWh, con hasta dos (2) decimales
B34: Representante legal
B35: Nombre Oferente

Sheet Cant. Requeridas Producto 5
A1: ANEXO 3 - CANTIDADES DE ENERGÍA SOLICITADA EN kWh
A2: PRODUCTO 5 - PAGUE LO CONTRATADO
A3: Periodo: 1 de enero 2029 a 31 diciembre de 2029
A4: CONVOCATORIA PÚBLICA N° CP-BIAC2025-002 - BIA ENERGY S.A.S. E.S.P.
A9: Mes | B9: H1 | C9: H2 | D9: H3 | E9: H4 | F9: H5 | G9: H6 | H9: H7 | I9: H8 | J9: H9 | K9: H10 | L9: H11 | M9: H12 | N9: H13 | O9: H14 | P9: H15 | Q9: H16 | R9: H17 | S9: H18 | T9: H19 | U9: H20 | V9: H21 | W9: H22 | X9: H23 | Y9: H24 | Z9: TOTAL DÍA | AA9: DÍAS | AB9: TOTAL MES
A10: 47119 | B10: 1400 | C10: =B10 -> 1400 | D10: =C10 -> 1400 | E10: =D10 -> 1400 | F10: =E10 -> 1400 | G10: =F10 -> 1400 | H10: =G10 -> 1400 | I10: =H10 -> 1400 | J10: =I10 -> 1400 | ... Y10: =X10 -> 1400 | Z10: =SUM(B10:Y10) -> 33600 | AA10: 31 | AB10: =Z10*AA10 -> 1041600
A11: 47150 | B11: 1400 | C11: =B11 -> 1400 | D11: =C11 -> 1400 | E11: =D11 -> 1400 | F11: =E11 -> 1400 | G11: =F11 -> 1400 | H11: =G11 -> 1400 | I11: =H11 -> 1400 | J11: =I11 -> 1400 | ... Y11: =X11 -> 1400 | Z11: =SUM(B11:Y11) -> 33600 | AA11: 28 | AB11: =Z11*AA11 -> 940800
A12: 47178 | B12: 1400 | C12: =B12 -> 1400 | D12: =C12 -> 1400 | E12: =D12 -> 1400 | F12: =E12 -> 1400 | G12: =F12 -> 1400 | H12: =G12 -> 1400 | I12: =H12 -> 1400 | J12: =I12 -> 1400 | ... Y12: =X12 -> 1400 | Z12: =SUM(B12:Y12) -> 33600 | AA12: 31 | AB12: =Z12*AA12 -> 1041600
A13: 47209 | B13: 1400 | C13: =B13 -> 1400 | D13: =C13 -> 1400 | E13: =D13 -> 1400 | F13: =E13 -> 1400 | G13: =F13 -> 1400 | H13: =G13 -> 1400 | I13: =H13 -> 1400 | J13: =I13 -> 1400 | ... Y13: =X13 -> 1400 | Z13: =SUM(B13:Y13) -> 33600 | AA13: 30 | AB13: =Z13*AA13 -> 1008000
A14: 47239 | B14: 1400 | C14: =B14 -> 1400 | D14: =C14 -> 1400 | E14: =D14 -> 1400 | F14: =E14 -> 1400 | G14: =F14 -> 1400 | H14: =G14 -> 1400 | I14: =H14 -> 1400 | J14: =I14 -> 1400 | ... Y14: =X14 -> 1400 | Z14: =SUM(B14:Y14) -> 33600 | AA14: 31 | AB14: =Z14*AA14 -> 1041600
A15: 47270 | B15: 1400 | C15: =B15 -> 1400 | D15: =C15 -> 1400 | E15: =D15 -> 1400 | F15: =E15 -> 1400 | G15: =F15 -> 1400 | H15: =G15 -> 1400 | I15: =H15 -> 1400 | J15: =I15 -> 1400 | ... Y15: =X15 -> 1400 | Z15: =SUM(B15:Y15) -> 33600 | AA15: 30 | AB15: =Z15*AA15 -> 1008000
A16: 47300 | B16: 1400 | C16: =B16 -> 1400 | D16: =C16 -> 1400 | E16: =D16 -> 1400 | F16: =E16 -> 1400 | G16: =F16 -> 1400 | H16: =G16 -> 1400 | I16: =H16 -> 1400 | J16: =I16 -> 1400 | ... Y16: =X16 -> 1400 | Z16: =SUM(B16:Y16) -> 33600 | AA16: 31 | AB16: =Z16*AA16 -> 1041600
A17: 47331 | B17: 1400 | C17: =B17 -> 1400 | D17: =C17 -> 1400 | E17: =D17 -> 1400 | F17: =E17 -> 1400 | G17: =F17 -> 1400 | H17: =G17 -> 1400 | I17: =H17 -> 1400 | J17: =I17 -> 1400 | ... Y17: =X17 -> 1400 | Z17: =SUM(B17:Y17) -> 33600 | AA17: 31 | AB17: =Z17*AA17 -> 1041600
A18: 47362 | B18: 1400 | C18: =B18 -> 1400 | D18: =C18 -> 1400 | E18: =D18 -> 1400 | F18: =E18 -> 1400 | G18: =F18 -> 1400 | H18: =G18 -> 1400 | I18: =H18 -> 1400 | J18: =I18 -> 1400 | ... Y18: =X18 -> 1400 | Z18: =SUM(B18:Y18) -> 33600 | AA18: 30 | AB18: =Z18*AA18 -> 1008000
A19: 47392 | B19: 1400 | C19: =B19 -> 1400 | D19: =C19 -> 1400 | E19: =D19 -> 1400 | F19: =E19 -> 1400 | G19: =F19 -> 1400 | H19: =G19 -> 1400 | I19: =H19 -> 1400 | J19: =I19 -> 1400 | ... Y19: =X19 -> 1400 | Z19: =SUM(B19:Y19) -> 33600 | AA19: 31 | AB19: =Z19*AA19 -> 1041600
A20: 47423 | B20: 1400 | C20: =B20 -> 1400 | D20: =C20 -> 1400 | E20: =D20 -> 1400 | F20: =E20 -> 1400 | G20: =F20 -> 1400 | H20: =G20 -> 1400 | I20: =H20 -> 1400 | J20: =I20 -> 1400 | ... Y20: =X20 -> 1400 | Z20: =SUM(B20:Y20) -> 33600 | AA20: 30 | AB20: =Z20*AA20 -> 1008000
A21: 47453 | B21: 1400 | C21: =B21 -> 1400 | D21: =C21 -> 1400 | E21: =D21 -> 1400 | F21: =E21 -> 1400 | G21: =F21 -> 1400 | H21: =G21 -> 1400 | I21: =H21 -> 1400 | J21: =I21 -> 1400 | ... Y21: =X21 -> 1400 | Z21: =SUM(B21:Y21) -> 33600 | AA21: 31 | AB21: =Z21*AA21 -> 1041600
Z22: Total producto | AB22: =SUM(AB10:AB21) -> 12264000

Sheet Oferta Producto 5
B4: CONVOCATORIA PÚBLICA N° CP-BIAC2025-002 - BIA ENERGY S.A.S. E.S.P.
B5: ANEXO 4. FORMATO DE OFERTA - PRODUCTO 5
B6: NOMBRE DEL OFERENTE
B7: Precios y cantidades de la energía ofertada
B8: En pesos de febrero de 2025
B10: OPCIÓN 24 HORAS
B11: Mes | C11: E. Solicitada [kWh-mes] | D11: % E. Ofertado | E11: E. Ofertada [kWh] | F11: $/kWh
B12: 47119 | C12: ='Cant. Requeridas Producto 5'!AB10 -> 1041600 | E12: =C12*$D$12 -> 0
B13: 47150 | C13: ='Cant. Requeridas Producto 5'!AB11 -> 940800 | E13: =C13*$D$12 -> 0
B14: 47178 | C14: ='Cant. Requeridas Producto 5'!AB12 -> 1041600 | E14: =C14*$D$12 -> 0
B15: 47209 | C15: ='Cant. Requeridas Producto 5'!AB13 -> 1008000 | E15: =C15*$D$12 -> 0
B16: 47239 | C16: ='Cant. Requeridas Producto 5'!AB14 -> 1041600 | E16: =C16*$D$12 -> 0
B17: 47270 | C17: ='Cant. Requeridas Producto 5'!AB15 -> 1008000 | E17: =C17*$D$12 -> 0
B18: 47300 | C18: ='Cant. Requeridas Producto 5'!AB16 -> 1041600 | E18: =C18*$D$12 -> 0
B19: 47331 | C19: ='Cant. Requeridas Producto 5'!AB17 -> 1041600 | E19: =C19*$D$12 -> 0
B20: 47362 | C20: ='Cant. Requeridas Producto 5'!AB18 -> 1008000 | E20: =C20*$D$12 -> 0
B21: 47392 | C21: ='Cant. Requeridas Producto 5'!AB19 -> 1041600 | E21: =C21*$D$12 -> 0
B22: 47423 | C22: ='Cant. Requeridas Producto 5'!AB20 -> 1008000 | E22: =C22*$D$12 -> 0
B23: 47453 | C23: ='Cant. Requeridas Producto 5'!AB21 -> 1041600 | E23: =C23*$D$12 -> 0
B24: TOTAL | C24: =SUM(C12:C23) -> 12264000 | E24: =SUM(E12:E23) -> 0
B27: El oferente debe indicar si acepta adjudicaciones parciales o no
B28: • Se debe presentar oferta con un único porcentaje de energía para el año solicitado
B29: • El precio ofertado debe ser único para el año del producto, expresado en $/kWh, con hasta dos (2) decimales
B34: Representante legal
B35: Nombre Oferente

Sheet Cant. Requeridas Producto 6
A1: ANEXO 3 - CANTIDADES DE ENERGÍA SOLICITADA EN kWh
A2: PRODUCTO 6 - PAGUE LO CONTRATADO
A3: Periodo: 1 de enero 2030 a 31 diciembre de 2030
A4: CONVOCATORIA PÚBLICA N° CP-BIAC2025-002 - BIA ENERGY S.A.S. E.S.P.
A9: Mes | B9: H1 | C9: H2 | D9: H3 | E9: H4 | F9: H5 | G9: H6 | H9: H7 | I9: H8 | J9: H9 | K9: H10 | L9: H11 | M9: H12 | N9: H13 | O9: H14 | P9: H15 | Q9: H16 | R9: H17 | S9: H18 | T9: H19 | U9: H20 | V9: H21 | W9: H22 | X9: H23 | Y9: H24 | Z9: TOTAL DÍA | AA9: DÍAS | AB9: TOTAL MES
A10: 47484 | B10: 1400 | C10: =B10 -> 1400 | D10: =C10 -> 1400 | E10: =D10 -> 1400 | F10: =E10 -> 1400 | G10: =F10 -> 1400 | H10: =G10 -> 1400 | I10: =H10 -> 1400 | J10: =I10 -> 1400 | ... Y10: =X10 -> 1400 | Z10: =SUM(B10:Y10) -> 33600 | AA10: 31 | AB10: =Z10*AA10 -> 1041600
A11: 47515 | B11: 1400 | C11: =B11 -> 1400 | D11: =C11 -> 1400 | E11: =D11 -> 1400 | F11: =E11 -> 1400 | G11: =F11 -> 1400 | H11: =G11 -> 1400 | I11: =H11 -> 1400 | J11: =I11 -> 1400 | ... Y11: =X11 -> 1400 | Z11: =SUM(B11:Y11) -> 33600 | AA11: 28 | AB11: =Z11*AA11 -> 940800
A12: 47543 | B12: 1400 | C12: =B12 -> 1400 | D12: =C12 -> 1400 | E12: =D12 -> 1400 | F12: =E12 -> 1400 | G12: =F12 -> 1400 | H12: =G12 -> 1400 | I12: =H12 -> 1400 | J12: =I12 -> 1400 | ... Y12: =X12 -> 1400 | Z12: =SUM(B12:Y12) -> 33600 | AA12: 31 | AB12: =Z12*AA12 -> 1041600
A13: 47574 | B13: 1400 | C13: =B13 -> 1400 | D13: =C13 -> 1400 | E13: =D13 -> 1400 | F13: =E13 -> 1400 | G13: =F13 -> 1400 | H13: =G13 -> 1400 | I13: =H13 -> 1400 | J13: =I13 -> 1400 | ... Y13: =X13 -> 1400 | Z13: =SUM(B13:Y13) -> 33600 | AA13: 30 | AB13: =Z13*AA13 -> 1008000
A14: 47604 | B14: 1400 | C14: =B14 -> 1400 | D14: =C14 -> 1400 | E14: =D14 -> 1400 | F14: =E14 -> 1400 | G14: =F14 -> 1400 | H14: =G14 -> 1400 | I14: =H14 -> 1400 | J14: =I14 -> 1400 | ... Y14: =X14 -> 1400 | Z14: =SUM(B14:Y14) -> 33600 | AA14: 31 | AB14: =Z14*AA14 -> 1041600
A15: 47635 | B15: 1400 | C15: =B15 -> 1400 | D15: =C15 -> 1400 | E15: =D15 -> 1400 | F15: =E15 -> 1400 | G15: =F15 -> 1400 | H15: =G15 -> 1400 | I15: =H15 -> 1400 | J15: =I15 -> 1400 | ... Y15: =X15 -> 1400 | Z15: =SUM(B15:Y15) -> 33600 | AA15: 30 | AB15: =Z15*AA15 -> 1008000
A16: 47665 | B16: 1400 | C16: =B16 -> 1400 | D16: =C16 -> 1400 | E16: =D16 -> 1400 | F16: =E16 -> 1400 | G16: =F16 -> 1400 | H16: =G16 -> 1400 | I16: =H16 -> 1400 | J16: =I16 -> 1400 | ... Y16: =X16 -> 1400 | Z16: =SUM(B16:Y16) -> 33600 | AA16: 31 | AB16: =Z16*AA16 -> 1041600
A17: 47696 | B17: 1400 | C17: =B17 -> 1400 | D17: =C17 -> 1400 | E17: =D17 -> 1400 | F17: =E17 -> 1400 | G17: =F17 -> 1400 | H17: =G17 -> 1400 | I17: =H17 -> 1400 | J17: =I17 -> 1400 | ... Y17: =X17 -> 1400 | Z17: =SUM(B17:Y17) -> 33600 | AA17: 31 | AB17: =Z17*AA17 -> 1041600
A18: 47727 | B18: 1400 | C18: =B18 -> 1400 | D18: =C18 -> 1400 | E18: =D18 -> 1400 | F18: =E18 -> 1400 | G18: =F18 -> 1400 | H18: =G18 -> 1400 | I18: =H18 -> 1400 | J18: =I18 -> 1400 | ... Y18: =X18 -> 1400 | Z18: =SUM(B18:Y18) -> 33600 | AA18: 30 | AB18: =Z18*AA18 -> 1008000
A19: 47757 | B19: 1400 | C19: =B19 -> 1400 | D19: =C19 -> 1400 | E19: =D19 -> 1400 | F19: =E19 -> 1400 | G19: =F19 -> 1400 | H19: =G19 -> 1400 | I19: =H19 -> 1400 | J19: =I19 -> 1400 | ... Y19: =X19 -> 1400 | Z19: =SUM(B19:Y19) -> 33600 | AA19: 31 | AB19: =Z19*AA19 -> 1041600
A20: 47788 | B20: 1400 | C20: =B20 -> 1400 | D20: =C20 -> 1400 | E20: =D20 -> 1400 | F20: =E20 -> 1400 | G20: =F20 -> 1400 | H20: =G20 -> 1400 | I20: =H20 -> 1400 | J20: =I20 -> 1400 | ... Y20: =X20 -> 1400 | Z20: =SUM(B20:Y20) -> 33600 | AA20: 30 | AB20: =Z20*AA20 -> 1008000
A21: 47818 | B21: 1400 | C21: =B21 -> 1400 | D21: =C21 -> 1400 | E21: =D21 -> 1400 | F21: =E21 -> 1400 | G21: =F21 -> 1400 | H21: =G21 -> 1400 | I21: =H21 -> 1400 | J21: =I21 -> 1400 | ... Y21: =X21 -> 1400 | Z21: =SUM(B21:Y21) -> 33600 | AA21: 31 | AB21: =Z21*AA21 -> 1041600
Z22: Total producto | AB22: =SUM(AB10:AB21) -> 12264000

Sheet Oferta Producto 6
B4: CONVOCATORIA PÚBLICA N° CP-BIAC2025-002 - BIA ENERGY S.A.S. E.S.P.
B5: ANEXO 4. FORMATO DE OFERTA - PRODUCTO 6
B6: NOMBRE DEL OFERENTE
B7: Precios y cantidades de la energía ofertada
B8: En pesos de febrero de 2025
B10: OPCIÓN 24 HORAS
B11: Mes | C11: E. Solicitada [kWh-mes] | D11: % E. Ofertado | E11: E. Ofertada [kWh] | F11: $/kWh
B12: 47484 | C12: ='Cant. Requeridas Producto 6'!AB10 -> 1041600 | E12: =C12*$D$12 -> 0
B13: 47515 | C13: ='Cant. Requeridas Producto 6'!AB11 -> 940800 | E13: =C13*$D$12 -> 0
B14: 47543 | C14: ='Cant. Requeridas Producto 6'!AB12 -> 1041600 | E14: =C14*$D$12 -> 0
B15: 47574 | C15: ='Cant. Requeridas Producto 6'!AB13 -> 1008000 | E15: =C15*$D$12 -> 0
B16: 47604 | C16: ='Cant. Requeridas Producto 6'!AB14 -> 1041600 | E16: =C16*$D$12 -> 0
B17: 47635 | C17: ='Cant. Requeridas Producto 6'!AB15 -> 1008000 | E17: =C17*$D$12 -> 0
B18: 47665 | C18: ='Cant. Requeridas Producto 6'!AB16 -> 1041600 | E18: =C18*$D$12 -> 0
B19: 47696 | C19: ='Cant. Requeridas Producto 6'!AB17 -> 1041600 | E19: =C19*$D$12 -> 0
B20: 47727 | C20: ='Cant. Requeridas Producto 6'!AB18 -> 1008000 | E20: =C20*$D$12 -> 0
B21: 47757 | C21: ='Cant. Requeridas Producto 6'!AB19 -> 1041600 | E21: =C21*$D$12 -> 0
B22: 47788 | C22: ='Cant. Requeridas Producto 6'!AB20 -> 1008000 | E22: =C22*$D$12 -> 0
B23: 47818 | C23: ='Cant. Requeridas Producto 6'!AB21 -> 1041600 | E23: =C23*$D$12 -> 0
B24: TOTAL | C24: =SUM(C12:C23) -> 12264000 | E24: =SUM(E12:E23) -> 0
B27: El oferente debe indicar si acepta adjudicaciones parciales o no
B28: • Se debe presentar oferta con un único porcentaje de energía para el año solicitado
B29: • El precio ofertado debe ser único para el año del producto, expresado en $/kWh, con hasta dos (2) decimales
B34: Representante legal
B35: Nombre Oferente
