Workbook
Name _Toc148954622: 'Banco de Preguntas'!#REF!
Name _Toc148954623: 'Banco de Preguntas'!#REF!
Name _Toc148954624: 'Banco de Preguntas'!#REF!
Name _Toc148954625: 'Banco de Preguntas'!#REF!
Name aaa: [1]Hoja9!$A$1,[1]Hoja9!$A$3,[1]Hoja9!$A$5,[1]Hoja9!$B$6,[1]Hoja9!$C$7
Name aaa: [1]Hoja9!$A$1,[1]Hoja9!$A$3,[1]Hoja9!$A$5,[1]Hoja9!$B$6,[1]Hoja9!$C$7
Name aaa: [1]Hoja9!$A$1,[1]Hoja9!$A$3,[1]Hoja9!$A$5,[1]Hoja9!$B$6,[1]Hoja9!$C$7
Name aaa: #REF!,#REF!,#REF!,#REF!,#REF!
Name AAAA: #REF!
Name Criterio_Extraer_Dem_Reg: #REF!
Name Criterio_Extraer_Dem_Reg: #REF!
Name Criterio_Extraer_Dem_Reg: #REF!
Name Criterio_Extraer_Dem_Reg: #REF!
Name Criterio_Extraer_Dem_Reg: #REF!
Name Criterio_Extraer_Dem_Reg: #REF!
Name Criterio_Extraer_Dem_Reg: #REF!
Name Criterio_Extraer_Dem_Reg: #REF!
Name Cuadro: #REF!
Name Cuadro: #REF!
Name Cuadro: #REF!
Name Cuadro: #REF!
Name Cuadro: #REF!
Name Cuadro: #REF!
Name Cuadro: #REF!
Name Cuadro: #REF!
Name eeee: #REF!
Name eeee: [2]Comparación!#REF!
Name eeee: #REF!
Name eeee: #REF!
Name eeee: #REF!
Name eeee: [2]Comparación!#REF!
Name eeee: [2]Comparación!#REF!
Name eeee: #REF!
Name Meses: [3]Evaluación_Mensual!$S$2:$S$25
Name Meses: [3]Evaluación_Mensual!$S$2:$S$25
Name Meses: [3]Evaluación_Mensual!$S$2:$S$25
Name Meses: [4]Evaluación_Mensual!$S$2:$S$25
Name Meses: #REF!
Name Precio_Estación: #REF!
Name Precio_Estación: #REF!
Name Precio_Estación: #REF!
Name Precio_Estación: #REF!
Name Precio_Estación: #REF!
Name Precio_Estación: #REF!
Name Precio_Estación: #REF!
Name Precio_Estación: #N/A
Name Precio_Estación: #REF!
Name Precio_Global: #REF!
Name Precio_Global: #REF!
Name Precio_Global: #REF!
Name Precio_Global: #REF!
Name Precio_Global: #REF!
Name Precio_Global: #REF!
Name Precio_Global: #REF!
Name Precio_Global: #N/A
Name Precio_Global: #REF!
Name Precio_Mes: #REF!
Name Precio_Mes: #REF!
Name Precio_Mes: #REF!
Name Precio_Mes: #REF!

Sheet Listas desplegables
A2: Tipo de agente: | B2: Tipo de oferta:
A3: Comercializador | B3: CURVA
A4: Generador | B4: CURVA SOLAR
B5: CURVA FNCER
B6: PLANA SOLAR
B7: MIXTA
B8: PLANA

Sheet Banco de Preguntas
A2: Consolidado banco de preguntas y respuestas agentes convocatorias ESSA
A3: N° Convocatoria
A4: Nombre remitente correo:
A5: Correo electrónico
A6: Teléfono de contacto:
A9: AGENTE | B9: N° pregunta | C9: PREGUNTA | D9: RESPUESTA

Sheet Factor garantia
A2: 12. TABLA Factores de Indexación IPP serie oferta interna
A4: Mes | B4: Factor
A5: 46388 | B5: 0.99
A6: 46419 | B6: 0.99
A7: 46447 | B7: 0.99
A8: 46478 | B8: 0.99
A9: 46508 | B9: 1
A10: 46539 | B10: 1
A11: 46569 | B11: 1
A12: 46600 | B12: 1
A13: 46631 | B13: 1
A14: 46661 | B14: 1
A15: 46692 | B15: 1.01
A16: 46722 | B16: 1.01
... A184: 51836 | B184: 1.52

Sheet Cantidades suministrar P1_27-29
B2: ANEXO 10.1 CANTIDADES DE ENERGÍA REQUERIDA PRODUCTO 1
B3: AÑOS 2027 -2029
B6: Oferta Básica, para la Solicitud Pública de Ofertas No. CP-ESSC2026-002, del 1 de enero de 2027 a 31 de diciembre de 2029.
B8: OFERENTE: | D8: Diligenciar
B9: Tipo de agente: | D9: Elegir de la lista desplegable
B10: Oferta No.: | D10: Diligenciar
B11: Tipo de oferta: | C11: CURVA | D11: Fijo
B12: Franja Horaria | C12: H1-H24
B13: % de su oferta con FNCER: | D13: Diligenciar
B15: Mes-año | C15: Energia Solicitada (kWh) | D15: % a ofertar | E15: Energia Oferta kWh | F15: Precio $ / kWh
A17: 31 | B17: 46388 | C17: =+'Cantidades 1_(2027-2029)'!AD14 -> 40000179 | D17: 0 | E17: =+C17*$D$17 -> 0 | F17: 0
A18: 28 | B18: 46419 | C18: =+'Cantidades 1_(2027-2029)'!AD15 -> 37298925 | E18: =+C18*$D$17 -> 0
A19: 31 | B19: 46447 | C19: =+'Cantidades 1_(2027-2029)'!AD16 -> 40073324 | E19: =+C19*$D$17 -> 0
A20: 30 | B20: 46478 | C20: =+'Cantidades 1_(2027-2029)'!AD17 -> 34634589 | E20: =+C20*$D$17 -> 0
A21: 31 | B21: 46508 | C21: =+'Cantidades 1_(2027-2029)'!AD18 -> 36094806 | E21: =+C21*$D$17 -> 0
A22: 30 | B22: 46539 | C22: =+'Cantidades 1_(2027-2029)'!AD19 -> 24337483 | E22: =+C22*$D$17 -> 0
A23: 31 | B23: 46569 | C23: =+'Cantidades 1_(2027-2029)'!AD20 -> 26662099 | E23: =+C23*$D$17 -> 0
A24: 31 | B24: 46600 | C24: =+'Cantidades 1_(2027-2029)'!AD21 -> 30317581 | E24: =+C24*$D$17 -> 0
A25: 30 | B25: 46631 | C25: =+'Cantidades 1_(2027-2029)'!AD22 -> 28465750 | E25: =+C25*$D$17 -> 0
A26: 31 | B26: 46661 | C26: =+'Cantidades 1_(2027-2029)'!AD23 -> 29190980 | E26: =+C26*$D$17 -> 0
A27: 30 | B27: 46692 | C27: =+'Cantidades 1_(2027-2029)'!AD24 -> 25956770 | E27: =+C27*$D$17 -> 0
A28: =SUM(C17:C28)/1000 -> 391858.95 | B28: 46722 | C28: =+'Cantidades 1_(2027-2029)'!AD25 -> 38826463 | E28: =+C28*$D$17 -> 0
A29: 31 | B29: 46753 | C29: =+'Cantidades 1_(2027-2029)'!AD64 -> 39835760 | E29: =+C29*$D$17 -> 0 | F29: 0
A30: 29 | B30: 46784 | C30: =+'Cantidades 1_(2027-2029)'!AD65 -> 35879987 | E30: =+C30*$D$17 -> 0
A31: 31 | B31: 46813 | C31: =+'Cantidades 1_(2027-2029)'!AD66 -> 39320426 | E31: =+C31*$D$17 -> 0
A32: 30 | B32: 46844 | C32: =+'Cantidades 1_(2027-2029)'!AD67 -> 33025771 | E32: =+C32*$D$17 -> 0
A33: 31 | B33: 46874 | C33: =+'Cantidades 1_(2027-2029)'!AD68 -> 33934182 | E33: =+C33*$D$17 -> 0
A34: 30 | B34: 46905 | C34: =+'Cantidades 1_(2027-2029)'!AD69 -> 37087131 | E34: =+C34*$D$17 -> 0
A35: 31 | B35: 46935 | C35: =+'Cantidades 1_(2027-2029)'!AD70 -> 29299461 | E35: =+C35*$D$17 -> 0
A36: 31 | B36: 46966 | C36: =+'Cantidades 1_(2027-2029)'!AD71 -> 29361381 | E36: =+C36*$D$17 -> 0
A37: 30 | B37: 46997 | C37: =+'Cantidades 1_(2027-2029)'!AD72 -> 28481782 | E37: =+C37*$D$17 -> 0
A38: 31 | B38: 47027 | C38: =+'Cantidades 1_(2027-2029)'!AD73 -> 28604598 | E38: =+C38*$D$17 -> 0
A39: 30 | B39: 47058 | C39: =+'Cantidades 1_(2027-2029)'!AD74 -> 23500228 | E39: =+C39*$D$17 -> 0
A40: =SUM(C29:C40)/1000 -> 393168.75 | B40: 47088 | C40: =+'Cantidades 1_(2027-2029)'!AD75 -> 34838046 | E40: =+C40*$D$17 -> 0
A41: 31 | B41: 47119 | C41: =+'Cantidades 1_(2027-2029)'!AD114 -> 37156387 | E41: =+C41*$D$17 -> 0 | F41: 0
A42: 29 | B42: 47150 | C42: =+'Cantidades 1_(2027-2029)'!AD115 -> 34422858 | E42: =+C42*$D$17 -> 0
A43: 31 | B43: 47178 | C43: =+'Cantidades 1_(2027-2029)'!AD116 -> 36772721 | E43: =+C43*$D$17 -> 0
A44: 30 | B44: 47209 | C44: =+'Cantidades 1_(2027-2029)'!AD117 -> 31506565 | E44: =+C44*$D$17 -> 0
A45: 31 | B45: 47239 | C45: =+'Cantidades 1_(2027-2029)'!AD118 -> 32474757 | E45: =+C45*$D$17 -> 0
A46: 30 | B46: 47270 | C46: =+'Cantidades 1_(2027-2029)'!AD119 -> 34495275 | E46: =+C46*$D$17 -> 0
A47: 31 | B47: 47300 | C47: =+'Cantidades 1_(2027-2029)'!AD120 -> 33266013 | E47: =+C47*$D$17 -> 0
A48: 31 | B48: 47331 | C48: =+'Cantidades 1_(2027-2029)'!AD121 -> 33206918 | E48: =+C48*$D$17 -> 0
A49: 30 | B49: 47362 | C49: =+'Cantidades 1_(2027-2029)'!AD122 -> 31749931 | E49: =+C49*$D$17 -> 0
A50: 31 | B50: 47392 | C50: =+'Cantidades 1_(2027-2029)'!AD123 -> 31984924 | E50: =+C50*$D$17 -> 0
A51: 30 | B51: 47423 | C51: =+'Cantidades 1_(2027-2029)'!AD124 -> 27469848 | E51: =+C51*$D$17 -> 0
A52: =SUM(C41:C52)/1000 -> 397336.62 | B52: 47453 | C52: =+'Cantidades 1_(2027-2029)'!AD125 -> 32830426 | E52: =+C52*$D$17 -> 0
A53: =SUM(#REF!) -> #REF! | B53: TOTAL | C53: =SUM(C17:C52) -> 1.1823643e+09 | E53: =SUM(E17:E52) -> 0 | F53: =(SUM(E17:E28)*F17+SUM(E29:E40)*F29+SUM(E41:E52)*F41)/E53 -> #DIV/0!
B56: Notas:
B57: (1) La Energía Ofertada se distribuye en forma horaria de acuerdo con la curva de carga presentada en la tabla 9.1. TABLAS CANTIDADES DE ENERGÍA REQUERIDA PRODUCTO 1 AÑOS 2027 A 2029 del pliego de condiciones.
B59: (2) Tipo de Contrato: pague lo contratado.
B60: (3) Precio ofertado en $kWh, en pesos de Abril 2026 (IPP Provisional)
B61: (4) El precio igual para todos los meses por año e Independiente por año del producto, con dos cifras decimales
B62: (5) El % Igual para todos los meses y años ofertados, con dos cifras decimales.
B63: (6) El precio incluye todos los cargos, impuestos y contribuciones que según la reglamentación vigente en la fecha de apertura de propuestas son responsabilidad de EL OFERENTE.
B64: (7) No serán tenidas en cuenta ofertas con condiciones y/o modificaciones adicionales a los Pliegos definitivos.
B65: (8) La oferta se acoge a todas las condiciones del pliego CP-ESSC2026-002.
B66: (9) Tipo de oferta curva, horas 1-24
B67: EL OFERENTE deberá tener en cuenta lo siguiente al completar cada una de las Tablas de las cantidades a ofertar: Debe definir el porcentaje ofertado, hasta máximo el 100% de lo solicitado; EL CONTRATANTE aceptará la oferta de acuerdo a la metodología de evaluación hasta el máximo ofertado.
B73: FIRMA OFERENTE E.S.P.

Sheet Cantidades suministrar P2_30-31
B2: ANEXO 10.2 CANTIDADES DE ENERGÍA REQUERIDA PRODUCTO 2
B3: AÑOS 2030 -2031
B6: Oferta Básica, para la Solicitud Pública de Ofertas No. CP-ESSC2026-002, del 1 de enero de 2030 a 31 de diciembre de 2031.
B8: OFERENTE: | D8: Diligenciar
B9: Tipo de agente: | D9: Elegir de la lista desplegable
B10: Oferta No.: | D10: Diligenciar
B11: Tipo de oferta: | C11: CURVA | D11: Fijo
B12: Franja Horaria | C12: H1-H24
B13: % de su oferta con FNCER: | D13: Diligenciar
B15: Mes-año | C15: Energia Solicitada (kWh) | D15: % a ofertar | E15: Energia Oferta kWh | F15: Precio $ / kWh
A17: 31 | B17: 47484 | C17: =+'Cantidades P2_(2030-2031)'!AD14 -> 48414877 | D17: 0 | E17: =+C17*$D$17 -> 0 | F17: 0
A18: 28 | B18: 47515 | C18: =+'Cantidades P2_(2030-2031)'!AD15 -> 45905373 | E18: =+C18*$D$17 -> 0
A19: 31 | B19: 47543 | C19: =+'Cantidades P2_(2030-2031)'!AD16 -> 48268391 | E19: =+C19*$D$17 -> 0
A20: 30 | B20: 47574 | C20: =+'Cantidades P2_(2030-2031)'!AD17 -> 42393441 | E20: =+C20*$D$17 -> 0
A21: 31 | B21: 47604 | C21: =+'Cantidades P2_(2030-2031)'!AD18 -> 43697880 | E21: =+C21*$D$17 -> 0
A22: 30 | B22: 47635 | C22: =+'Cantidades P2_(2030-2031)'!AD19 -> 44636350 | E22: =+C22*$D$17 -> 0
A23: 31 | B23: 47665 | C23: =+'Cantidades P2_(2030-2031)'!AD20 -> 43953037 | E23: =+C23*$D$17 -> 0
A24: 31 | B24: 47696 | C24: =+'Cantidades P2_(2030-2031)'!AD21 -> 43863427 | E24: =+C24*$D$17 -> 0
A25: 30 | B25: 47727 | C25: =+'Cantidades P2_(2030-2031)'!AD22 -> 41663131 | E25: =+C25*$D$17 -> 0
A26: 31 | B26: 47757 | C26: =+'Cantidades P2_(2030-2031)'!AD23 -> 41935169 | E26: =+C26*$D$17 -> 0
A27: 30 | B27: 47788 | C27: =+'Cantidades P2_(2030-2031)'!AD24 -> 37031374 | E27: =+C27*$D$17 -> 0
A28: =SUM(C17:C28)/1000 -> 525234.64 | B28: 47818 | C28: =+'Cantidades P2_(2030-2031)'!AD25 -> 43472186 | E28: =+C28*$D$17 -> 0
A29: 31 | B29: 47849 | C29: =+'Cantidades P2_(2030-2031)'!AD64 -> 47139199 | E29: =+C29*$D$17 -> 0 | F29: 0
A30: 29 | B30: 47880 | C30: =+'Cantidades P2_(2030-2031)'!AD65 -> 45127186 | E30: =+C30*$D$17 -> 0
A31: 31 | B31: 47908 | C31: =+'Cantidades P2_(2030-2031)'!AD66 -> 47341171 | E31: =+C31*$D$17 -> 0
A32: 30 | B32: 47939 | C32: =+'Cantidades P2_(2030-2031)'!AD67 -> 43245047 | E32: =+C32*$D$17 -> 0
A33: 31 | B33: 47969 | C33: =+'Cantidades P2_(2030-2031)'!AD68 -> 44593126 | E33: =+C33*$D$17 -> 0
A34: 30 | B34: 48000 | C34: =+'Cantidades P2_(2030-2031)'!AD69 -> 43761735 | E34: =+C34*$D$17 -> 0
A35: 31 | B35: 48030 | C35: =+'Cantidades P2_(2030-2031)'!AD70 -> 44341110 | E35: =+C35*$D$17 -> 0
A36: 31 | B36: 48061 | C36: =+'Cantidades P2_(2030-2031)'!AD71 -> 44277468 | E36: =+C36*$D$17 -> 0
A37: 30 | B37: 48092 | C37: =+'Cantidades P2_(2030-2031)'!AD72 -> 42192654 | E37: =+C37*$D$17 -> 0
A38: 31 | B38: 48122 | C38: =+'Cantidades P2_(2030-2031)'!AD73 -> 42687347 | E38: =+C38*$D$17 -> 0
A39: 30 | B39: 48153 | C39: =+'Cantidades P2_(2030-2031)'!AD74 -> 39381211 | E39: =+C39*$D$17 -> 0
A40: =SUM(C29:C40)/1000 -> 528432.98 | B40: 48183 | C40: =+'Cantidades P2_(2030-2031)'!AD75 -> 44345728 | E40: =+C40*$D$17 -> 0
A41: =SUM(#REF!) -> #REF! | B41: TOTAL | C41: =SUM(C17:C40) -> 1.0536676e+09 | E41: =SUM(E17:E40) -> 0 | F41: =(SUM(E17:E28)*F17+SUM(E29:E40)*F29)/E41 -> #DIV/0!
B44: Notas:
B45: (1) La Energía Ofertada se distribuye en forma horaria de acuerdo con la curva de carga presentada en la tabla 9.2. TABLAS CANTIDADES DE ENERGÍA REQUERIDA PRODUCTO 2 AÑOS 2030 A 2031 del pliego de condiciones.
B47: (2) Tipo de Contrato: pague lo contratado.
B48: (3) Precio ofertado en $kWh, en pesos de Abril 2026 (IPP Provisional)
B49: (4) El precio igual para todos los meses por año e Independiente por año del producto, con dos cifras decimales
B50: (5) El % Igual para todos los meses y años ofertados, con dos cifras decimales.
B51: (6) El precio incluye todos los cargos, impuestos y contribuciones que según la reglamentación vigente en la fecha de apertura de propuestas son responsabilidad de EL OFERENTE.
B52: (7) No serán tenidas en cuenta ofertas con condiciones y/o modificaciones adicionales a los Pliegos definitivos.
B53: (8) La oferta se acoge a todas las condiciones del pliego CP-ESSC2026-002.
B54: (9) Tipo de oferta curva, horas 1-24
B55: EL OFERENTE deberá tener en cuenta lo siguiente al completar cada una de las Tablas de las cantidades a ofertar: Debe definir el porcentaje ofertado, hasta máximo el 100% de lo solicitado; EL CONTRATANTE aceptará la oferta de acuerdo a la metodología de evaluación hasta el máximo ofertado.
B61: FIRMA OFERENTE E.S.P.

Sheet Hoja9
B2: Mes | C2: AÑO 2026 Energia Solicitada (kWh) | D2: AÑO 2027 Energia Solicitada (kWh) | E2: AÑO 2028 Energia Solicitada (kWh) | F2: AÑO 2029 Energia Solicitada (kWh) | G2: AÑO 2030 Energia Solicitada (kWh) | H2: AÑO 2031 Energia Solicitada (kWh) | I2: AÑO 2032 Energia Solicitada (kWh) | J2: AÑO 2033 Energia Solicitada (kWh) | K2: AÑO 2034 Energia Solicitada (kWh) | L2: AÑO 2035 Energia Solicitada (kWh) | M2: TOTAL PRODUCTO 2 Energia Solicitada (kWh)
B3: CURVA | C3: La misma curva de la tabla 9.1.2 del producto 1 | D3: La misma curva de la tabla 9.1.3 del producto 1 | E3: La misma curva de la tabla 9.1.4 del producto 1 | F3: La misma curva de la tabla 9.1.5 del producto 1 | G3: La misma curva de la tabla 9.1.6 del producto 1 | H3: La misma curva de la tabla 9.1.7 del producto 1 | I3: La misma curva de la tabla 9.1.8 del producto 1 | J3: La misma curva de la tabla 9.1.9 del producto 1 | K3: La misma curva de la tabla 9.1.10 del producto 1 | L3: La misma curva de la tabla 9.1.11 del producto 1
B4: ene | C4: =+#REF! -> #REF! | D4: =+#REF! -> #REF! | E4: =+#REF! -> #REF! | F4: =+#REF! -> #REF! | G4: =+#REF! -> #REF! | H4: =+#REF! -> #REF! | I4: =+#REF! -> #REF! | J4: =+#REF! -> #REF! | ... L4: =+#REF! -> #REF! | M4: =SUM(C4:L4) -> #REF!
B5: feb | C5: =+#REF! -> #REF! | D5: =+#REF! -> #REF! | E5: =+#REF! -> #REF! | F5: =+#REF! -> #REF! | G5: =+#REF! -> #REF! | H5: =+#REF! -> #REF! | I5: =+#REF! -> #REF! | J5: =+#REF! -> #REF! | ... L5: =+#REF! -> #REF! | M5: =SUM(C5:L5) -> #REF!
B6: mar | C6: =+#REF! -> #REF! | D6: =+#REF! -> #REF! | E6: =+#REF! -> #REF! | F6: =+#REF! -> #REF! | G6: =+#REF! -> #REF! | H6: =+#REF! -> #REF! | I6: =+#REF! -> #REF! | J6: =+#REF! -> #REF! | ... L6: =+#REF! -> #REF! | M6: =SUM(C6:L6) -> #REF!
B7: abr | C7: =+#REF! -> #REF! | D7: =+#REF! -> #REF! | E7: =+#REF! -> #REF! | F7: =+#REF! -> #REF! | G7: =+#REF! -> #REF! | H7: =+#REF! -> #REF! | I7: =+#REF! -> #REF! | J7: =+#REF! -> #REF! | ... L7: =+#REF! -> #REF! | M7: =SUM(C7:L7) -> #REF!
B8: may | C8: =+#REF! -> #REF! | D8: =+#REF! -> #REF! | E8: =+#REF! -> #REF! | F8: =+#REF! -> #REF! | G8: =+#REF! -> #REF! | H8: =+#REF! -> #REF! | I8: =+#REF! -> #REF! | J8: =+#REF! -> #REF! | ... L8: =+#REF! -> #REF! | M8: =SUM(C8:L8) -> #REF!
B9: jun | C9: =+#REF! -> #REF! | D9: =+#REF! -> #REF! | E9: =+#REF! -> #REF! | F9: =+#REF! -> #REF! | G9: =+#REF! -> #REF! | H9: =+#REF! -> #REF! | I9: =+#REF! -> #REF! | J9: =+#REF! -> #REF! | ... L9: =+#REF! -> #REF! | M9: =SUM(C9:L9) -> #REF!
B10: jul | C10: =+#REF! -> #REF! | D10: =+#REF! -> #REF! | E10: =+#REF! -> #REF! | F10: =+#REF! -> #REF! | G10: =+#REF! -> #REF! | H10: =+#REF! -> #REF! | I10: =+#REF! -> #REF! | J10: =+#REF! -> #REF! | ... L10: =+#REF! -> #REF! | M10: =SUM(C10:L10) -> #REF!
B11: ago | C11: =+#REF! -> #REF! | D11: =+#REF! -> #REF! | E11: =+#REF! -> #REF! | F11: =+#REF! -> #REF! | G11: =+#REF! -> #REF! | H11: =+#REF! -> #REF! | I11: =+#REF! -> #REF! | J11: =+#REF! -> #REF! | ... L11: =+#REF! -> #REF! | M11: =SUM(C11:L11) -> #REF!
B12: sep | C12: =+#REF! -> #REF! | D12: =+#REF! -> #REF! | E12: =+#REF! -> #REF! | F12: =+#REF! -> #REF! | G12: =+#REF! -> #REF! | H12: =+#REF! -> #REF! | I12: =+#REF! -> #REF! | J12: =+#REF! -> #REF! | ... L12: =+#REF! -> #REF! | M12: =SUM(C12:L12) -> #REF!
B13: oct | C13: =+#REF! -> #REF! | D13: =+#REF! -> #REF! | E13: =+#REF! -> #REF! | F13: =+#REF! -> #REF! | G13: =+#REF! -> #REF! | H13: =+#REF! -> #REF! | I13: =+#REF! -> #REF! | J13: =+#REF! -> #REF! | ... L13: =+#REF! -> #REF! | M13: =SUM(C13:L13) -> #REF!
B14: nov | C14: =+#REF! -> #REF! | D14: =+#REF! -> #REF! | E14: =+#REF! -> #REF! | F14: =+#REF! -> #REF! | G14: =+#REF! -> #REF! | H14: =+#REF! -> #REF! | I14: =+#REF! -> #REF! | J14: =+#REF! -> #REF! | ... L14: =+#REF! -> #REF! | M14: =SUM(C14:L14) -> #REF!
B15: dic | C15: =+#REF! -> #REF! | D15: =+#REF! -> #REF! | E15: =+#REF! -> #REF! | F15: =+#REF! -> #REF! | G15: =+#REF! -> #REF! | H15: =+#REF! -> #REF! | I15: =+#REF! -> #REF! | J15: =+#REF! -> #REF! | ... L15: =+#REF! -> #REF! | M15: =SUM(C15:L15) -> #REF!
B16: TOTAL | C16: =SUM(C4:C15) -> #REF! | D16: =SUM(D4:D15) -> #REF! | E16: =SUM(E4:E15) -> #REF! | F16: =SUM(F4:F15) -> #REF! | G16: =SUM(G4:G15) -> #REF! | H16: =SUM(H4:H15) -> #REF! | I16: =SUM(I4:I15) -> #REF! | J16: =SUM(J4:J15) -> #REF! | ... M16: =SUM(M4:M15) -> #REF!
M17: =+M16-#REF! -> #REF!

Sheet Hoja9 (2)
B2: Mes | C2: AÑO 2027 Energia Solicitada (kWh) | D2: AÑO 2028 Energia Solicitada (kWh) | E2: AÑO 2029 Energia Solicitada (kWh) | F2: AÑO 2030 Energia Solicitada (kWh) | G2: AÑO 2031 Energia Solicitada (kWh) | H2: AÑO 2032 Energia Solicitada (kWh) | I2: AÑO 2033 Energia Solicitada (kWh) | J2: AÑO 2034 Energia Solicitada (kWh) | K2: AÑO 2035 Energia Solicitada (kWh) | L2: AÑO 2036 Energia Solicitada (kWh) | M2: TOTAL PRODUCTO 3 Energia Solicitada (kWh)
B3: CURVA | C3: La misma curva de la tabla 9.1.3 del producto 1 | D3: La misma curva de la tabla 9.1.4 del producto 1 | E3: La misma curva de la tabla 9.1.5 del producto 1 | F3: La misma curva de la tabla 9.1.6 del producto 1 | G3: La misma curva de la tabla 9.1.7 del producto 1 | H3: La misma curva de la tabla 9.1.8 del producto 1 | I3: La misma curva de la tabla 9.1.9 del producto 1 | J3: La misma curva de la tabla 9.1.10 del producto 1 | K3: La misma curva de la tabla 9.1.11 del producto 1 | L3: La misma curva de la tabla 9.1.12 del producto 1
B4: ene | C4: =+#REF! -> #REF! | D4: =+#REF! -> #REF! | E4: =+#REF! -> #REF! | F4: =+#REF! -> #REF! | G4: =+#REF! -> #REF! | H4: =+#REF! -> #REF! | I4: =+#REF! -> #REF! | J4: =+#REF! -> #REF! | ... L4: =+#REF! -> #REF! | M4: =SUM(C4:L4) -> #REF!
B5: feb | C5: =+#REF! -> #REF! | D5: =+#REF! -> #REF! | E5: =+#REF! -> #REF! | F5: =+#REF! -> #REF! | G5: =+#REF! -> #REF! | H5: =+#REF! -> #REF! | I5: =+#REF! -> #REF! | J5: =+#REF! -> #REF! | ... L5: =+#REF! -> #REF! | M5: =SUM(C5:L5) -> #REF!
B6: mar | C6: =+#REF! -> #REF! | D6: =+#REF! -> #REF! | E6: =+#REF! -> #REF! | F6: =+#REF! -> #REF! | G6: =+#REF! -> #REF! | H6: =+#REF! -> #REF! | I6: =+#REF! -> #REF! | J6: =+#REF! -> #REF! | ... L6: =+#REF! -> #REF! | M6: =SUM(C6:L6) -> #REF!
B7: abr | C7: =+#REF! -> #REF! | D7: =+#REF! -> #REF! | E7: =+#REF! -> #REF! | F7: =+#REF! -> #REF! | G7: =+#REF! -> #REF! | H7: =+#REF! -> #REF! | I7: =+#REF! -> #REF! | J7: =+#REF! -> #REF! | ... L7: =+#REF! -> #REF! | M7: =SUM(C7:L7) -> #REF!
B8: may | C8: =+#REF! -> #REF! | D8: =+#REF! -> #REF! | E8: =+#REF! -> #REF! | F8: =+#REF! -> #REF! | G8: =+#REF! -> #REF! | H8: =+#REF! -> #REF! | I8: =+#REF! -> #REF! | J8: =+#REF! -> #REF! | ... L8: =+#REF! -> #REF! | M8: =SUM(C8:L8) -> #REF!
B9: jun | C9: =+#REF! -> #REF! | D9: =+#REF! -> #REF! | E9: =+#REF! -> #REF! | F9: =+#REF! -> #REF! | G9: =+#REF! -> #REF! | H9: =+#REF! -> #REF! | I9: =+#REF! -> #REF! | J9: =+#REF! -> #REF! | ... L9: =+#REF! -> #REF! | M9: =SUM(C9:L9) -> #REF!
B10: jul | C10: =+#REF! -> #REF! | D10: =+#REF! -> #REF! | E10: =+#REF! -> #REF! | F10: =+#REF! -> #REF! | G10: =+#REF! -> #REF! | H10: =+#REF! -> #REF! | I10: =+#REF! -> #REF! | J10: =+#REF! -> #REF! | ... L10: =+#REF! -> #REF! | M10: =SUM(C10:L10) -> #REF!
B11: ago | C11: =+#REF! -> #REF! | D11: =+#REF! -> #REF! | E11: =+#REF! -> #REF! | F11: =+#REF! -> #REF! | G11: =+#REF! -> #REF! | H11: =+#REF! -> #REF! | I11: =+#REF! -> #REF! | J11: =+#REF! -> #REF! | ... L11: =+#REF! -> #REF! | M11: =SUM(C11:L11) -> #REF!
B12: sep | C12: =+#REF! -> #REF! | D12: =+#REF! -> #REF! | E12: =+#REF! -> #REF! | F12: =+#REF! -> #REF! | G12: =+#REF! -> #REF! | H12: =+#REF! -> #REF! | I12: =+#REF! -> #REF! | J12: =+#REF! -> #REF! | ... L12: =+#REF! -> #REF! | M12: =SUM(C12:L12) -> #REF!
B13: oct | C13: =+#REF! -> #REF! | D13: =+#REF! -> #REF! | E13: =+#REF! -> #REF! | F13: =+#REF! -> #REF! | G13: =+#REF! -> #REF! | H13: =+#REF! -> #REF! | I13: =+#REF! -> #REF! | J13: =+#REF! -> #REF! | ... L13: =+#REF! -> #REF! | M13: =SUM(C13:L13) -> #REF!
B14: nov | C14: =+#REF! -> #REF! | D14: =+#REF! -> #REF! | E14: =+#REF! -> #REF! | F14: =+#REF! -> #REF! | G14: =+#REF! -> #REF! | H14: =+#REF! -> #REF! | I14: =+#REF! -> #REF! | J14: =+#REF! -> #REF! | ... L14: =+#REF! -> #REF! | M14: =SUM(C14:L14) -> #REF!
B15: dic | C15: =+#REF! -> #REF! | D15: =+#REF! -> #REF! | E15: =+#REF! -> #REF! | F15: =+#REF! -> #REF! | G15: =+#REF! -> #REF! | H15: =+#REF! -> #REF! | I15: =+#REF! -> #REF! | J15: =+#REF! -> #REF! | ... L15: =+#REF! -> #REF! | M15: =SUM(C15:L15) -> #REF!
B16: TOTAL | C16: =SUM(C4:C15) -> #REF! | D16: =SUM(D4:D15) -> #REF! | E16: =SUM(E4:E15) -> #REF! | F16: =SUM(F4:F15) -> #REF! | G16: =SUM(G4:G15) -> #REF! | H16: =SUM(H4:H15) -> #REF! | I16: =SUM(I4:I15) -> #REF! | J16: =SUM(J4:J15) -> #REF! | ... M16: =SUM(M4:M15) -> #REF!
M17: =+M16-#REF! -> #REF!

Sheet Cant suministrar P3_32-41
B2: ANEXO 10.3 CANTIDADES DE ENERGÍA A SUMINISTRAR PRODUCTO 3
B3: AÑO 2032 al 2041
B6: Oferta Básica, para la Solicitud Pública de Ofertas No. CP-ESSC2026-002, del 1 de enero de 2032 a 31 de diciembre de 2041.
B7: OFERENTE: | K7: Diligenciar
B8: Tipo de agente: | K8: Elegir de la lista desplegable
B9: Oferta No: | K9: Diligenciar
B10: Tipo de oferta: | C10: CURVA | K10: Elegir de la lista desplegable
B11: % de su oferta con FNCER: | K11: Diligenciar
B13: Mes-año | C13: Energia Solicitada (kWh) | D13: % a ofertar | E13: Energia Oferta kWh | F13: Precio $ / kWh | H13: Mes-año | I13: Energia Solicitada (kWh) | J13: % a ofertar | K13: Energia Oferta kWh | L13: Precio $ / kWh
A15: 31 | B15: 48214 | C15: =+'Cantidades P3_(2032-2041)'!$AC$11 -> 25535865 | D15: 0 | E15: =+C15*$D$15 -> 0 | H15: 50041 | I15: =+'Cantidades P3_(2032-2041)'!$AC$256 -> 23759509 | J15: =+$D$15 -> 0 | K15: =+I15*$J$15 -> 0
A16: 29 | B16: 48245 | C16: =+'Cantidades P3_(2032-2041)'!$AC$15 -> 24337017 | E16: =+C16*$D$15 -> 0 | H16: 50072 | I16: =+'Cantidades P3_(2032-2041)'!$AC$260 -> 22903448 | K16: =+I16*$J$15 -> 0
A17: 31 | B17: 48274 | C17: =+'Cantidades P3_(2032-2041)'!$AC$19 -> 25639513 | E17: =+C17*$D$15 -> 0 | H17: 50100 | I17: =+'Cantidades P3_(2032-2041)'!$AC$264 -> 23854591 | K17: =+I17*$J$15 -> 0
A18: 30 | B18: 48305 | C18: =+'Cantidades P3_(2032-2041)'!$AC$23 -> 23442969 | E18: =+C18*$D$15 -> 0 | H18: 50131 | I18: =+'Cantidades P3_(2032-2041)'!$AC$268 -> 22445857 | K18: =+I18*$J$15 -> 0
A19: 31 | B19: 48335 | C19: =+'Cantidades P3_(2032-2041)'!$AC$27 -> 24110566 | E19: =+C19*$D$15 -> 0 | H19: 50161 | I19: =+'Cantidades P3_(2032-2041)'!$AC$272 -> 23058763 | K19: =+I19*$J$15 -> 0
A20: 30 | B20: 48366 | C20: =+'Cantidades P3_(2032-2041)'!$AC$31 -> 23651156 | E20: =+C20*$D$15 -> 0 | H20: 50192 | I20: =+'Cantidades P3_(2032-2041)'!$AC$276 -> 22163487 | K20: =+I20*$J$15 -> 0
A21: 31 | B21: 48396 | C21: =+'Cantidades P3_(2032-2041)'!$AC$35 -> 23714593 | E21: =+C21*$D$15 -> 0 | H21: 50222 | I21: =+'Cantidades P3_(2032-2041)'!$AC$280 -> 22659466 | K21: =+I21*$J$15 -> 0
A22: 31 | B22: 48427 | C22: =+'Cantidades P3_(2032-2041)'!$AC$39 -> 23872913 | E22: =+C22*$D$15 -> 0 | H22: 50253 | I22: =+'Cantidades P3_(2032-2041)'!$AC$284 -> 22778904 | K22: =+I22*$J$15 -> 0
A23: 30 | B23: 48458 | C23: =+'Cantidades P3_(2032-2041)'!$AC$43 -> 22858420 | E23: =+C23*$D$15 -> 0 | H23: 50284 | I23: =+'Cantidades P3_(2032-2041)'!$AC$288 -> 21876542 | K23: =+I23*$J$15 -> 0
A24: 31 | B24: 48488 | C24: =+'Cantidades P3_(2032-2041)'!$AC$47 -> 23065744 | E24: =+C24*$D$15 -> 0 | H24: 50314 | I24: =+'Cantidades P3_(2032-2041)'!$AC$292 -> 22146231 | K24: =+I24*$J$15 -> 0
A25: 30 | B25: 48519 | C25: =+'Cantidades P3_(2032-2041)'!$AC$51 -> 21325926 | E25: =+C25*$D$15 -> 0 | H25: 50345 | I25: =+'Cantidades P3_(2032-2041)'!$AC$296 -> 20985825 | K25: =+I25*$J$15 -> 0
A26: 31 | B26: 48549 | C26: =+'Cantidades P3_(2032-2041)'!$AC$55 -> 23824689 | E26: =+C26*$D$15 -> 0 | H26: 50375 | I26: =+'Cantidades P3_(2032-2041)'!$AC$300 -> 22896078 | K26: =+I26*$J$15 -> 0
A27: 31 | B27: 48580 | C27: =+'Cantidades P3_(2032-2041)'!$AC$60 -> 23800303 | D27: =+$D$15 -> 0 | E27: =+C27*$D$27 -> 0 | H27: 50406 | I27: =+'Cantidades P3_(2032-2041)'!$AC$305 -> 23690733 | J27: =+$D$15 -> 0 | K27: =+I27*$J$27 -> 0
A28: 28 | B28: 48611 | C28: =+'Cantidades P3_(2032-2041)'!$AC$64 -> 22785937 | E28: =+C28*$D$27 -> 0 | H28: 50437 | I28: =+'Cantidades P3_(2032-2041)'!$AC$309 -> 22854249 | K28: =+I28*$J$27 -> 0
A29: 31 | B29: 48639 | C29: =+'Cantidades P3_(2032-2041)'!$AC$68 -> 23870209 | E29: =+C29*$D$27 -> 0 | H29: 50465 | I29: =+'Cantidades P3_(2032-2041)'!$AC$313 -> 23784037 | K29: =+I29*$J$27 -> 0
A30: 30 | B30: 48670 | C30: =+'Cantidades P3_(2032-2041)'!$AC$72 -> 21981869 | E30: =+C30*$D$27 -> 0 | H30: 50496 | I30: =+'Cantidades P3_(2032-2041)'!$AC$317 -> 22406466 | K30: =+I30*$J$27 -> 0
A31: 31 | B31: 48700 | C31: =+'Cantidades P3_(2032-2041)'!$AC$76 -> 22624603 | E31: =+C31*$D$27 -> 0 | H31: 50526 | I31: =+'Cantidades P3_(2032-2041)'!$AC$321 -> 23005062 | K31: =+I31*$J$27 -> 0
A32: 30 | B32: 48731 | C32: =+'Cantidades P3_(2032-2041)'!$AC$80 -> 22028553 | E32: =+C32*$D$27 -> 0 | H32: 50557 | I32: =+'Cantidades P3_(2032-2041)'!$AC$325 -> 22130031 | K32: =+I32*$J$27 -> 0
A33: 31 | B33: 48761 | C33: =+'Cantidades P3_(2032-2041)'!$AC$84 -> 22314603 | E33: =+C33*$D$27 -> 0 | H33: 50587 | I33: =+'Cantidades P3_(2032-2041)'!$AC$329 -> 22614457 | K33: =+I33*$J$27 -> 0
A34: 31 | B34: 48792 | C34: =+'Cantidades P3_(2032-2041)'!$AC$88 -> 22463034 | E34: =+C34*$D$27 -> 0 | H34: 50618 | I34: =+'Cantidades P3_(2032-2041)'!$AC$333 -> 22731544 | K34: =+I34*$J$27 -> 0
A35: 30 | B35: 48823 | C35: =+'Cantidades P3_(2032-2041)'!$AC$92 -> 21556561 | E35: =+C35*$D$27 -> 0 | H35: 50649 | I35: =+'Cantidades P3_(2032-2041)'!$AC$337 -> 21848933 | K35: =+I35*$J$27 -> 0
A36: 31 | B36: 48853 | C36: =+'Cantidades P3_(2032-2041)'!$AC$96 -> 21752954 | E36: =+C36*$D$27 -> 0 | H36: 50679 | I36: =+'Cantidades P3_(2032-2041)'!$AC$341 -> 22112723 | K36: =+I36*$J$27 -> 0
A37: 30 | B37: 48884 | C37: =+'Cantidades P3_(2032-2041)'!$AC$100 -> 20207510 | E37: =+C37*$D$27 -> 0 | H37: 50710 | I37: =+'Cantidades P3_(2032-2041)'!$AC$345 -> 20978009 | K37: =+I37*$J$27 -> 0
A38: 31 | B38: 48914 | C38: =+'Cantidades P3_(2032-2041)'!$AC$104 -> 22476423 | E38: =+C38*$D$27 -> 0 | H38: 50740 | I38: =+'Cantidades P3_(2032-2041)'!$AC$349 -> 22846475 | K38: =+I38*$J$27 -> 0
A39: 31 | B39: 48945 | C39: =+'Cantidades P3_(2032-2041)'!$AC$109 -> 23965361 | D39: =+$D$15 -> 0 | E39: =+C39*$D$39 -> 0 | H39: 50771 | I39: =+'Cantidades P3_(2032-2041)'!$AC$354 -> 23596055 | J39: =+$D$15 -> 0 | K39: =+I39*$J$39 -> 0
A40: 28 | B40: 48976 | C40: =+'Cantidades P3_(2032-2041)'!$AC$113 -> 23025746 | E40: =+C40*$D$39 -> 0 | H40: 50802 | I40: =+'Cantidades P3_(2032-2041)'!$AC$358 -> 22779151 | K40: =+I40*$J$39 -> 0
A41: 31 | B41: 49004 | C41: =+'Cantidades P3_(2032-2041)'!$AC$117 -> 24061751 | E41: =+C41*$D$39 -> 0 | H41: 50830 | I41: =+'Cantidades P3_(2032-2041)'!$AC$362 -> 23687436 | K41: =+I41*$J$39 -> 0
A42: 30 | B42: 49035 | C42: =+'Cantidades P3_(2032-2041)'!$AC$121 -> 22358689 | E42: =+C42*$D$39 -> 0 | H42: 50861 | I42: =+'Cantidades P3_(2032-2041)'!$AC$366 -> 22341305 | K42: =+I42*$J$39 -> 0
A43: 31 | B43: 49065 | C43: =+'Cantidades P3_(2032-2041)'!$AC$125 -> 23005892 | E43: =+C43*$D$39 -> 0 | H43: 50891 | I43: =+'Cantidades P3_(2032-2041)'!$AC$370 -> 22925518 | K43: =+I43*$J$39 -> 0
A44: 30 | B44: 49096 | C44: =+'Cantidades P3_(2032-2041)'!$AC$129 -> 22210492 | E44: =+C44*$D$39 -> 0 | H44: 50922 | I44: =+'Cantidades P3_(2032-2041)'!$AC$374 -> 22070885 | K44: =+I44*$J$39 -> 0
A45: 31 | B45: 49126 | C45: =+'Cantidades P3_(2032-2041)'!$AC$133 -> 22628981 | E45: =+C45*$D$39 -> 0 | H45: 50952 | I45: =+'Cantidades P3_(2032-2041)'!$AC$378 -> 22543702 | K45: =+I45*$J$39 -> 0
A46: 31 | B46: 49157 | C46: =+'Cantidades P3_(2032-2041)'!$AC$137 -> 22768050 | E46: =+C46*$D$39 -> 0 | H46: 50983 | I46: =+'Cantidades P3_(2032-2041)'!$AC$382 -> 22658394 | K46: =+I46*$J$39 -> 0
A47: 30 | B47: 49188 | C47: =+'Cantidades P3_(2032-2041)'!$AC$141 -> 21855957 | E47: =+C47*$D$39 -> 0 | H47: 51014 | I47: =+'Cantidades P3_(2032-2041)'!$AC$386 -> 21795744 | K47: =+I47*$J$39 -> 0
A48: 31 | B48: 49218 | C48: =+'Cantidades P3_(2032-2041)'!$AC$145 -> 22088628 | E48: =+C48*$D$39 -> 0 | H48: 51044 | I48: =+'Cantidades P3_(2032-2041)'!$AC$390 -> 22053584 | K48: =+I48*$J$39 -> 0
A49: 30 | B49: 49249 | C49: =+'Cantidades P3_(2032-2041)'!$AC$149 -> 20721415 | E49: =+C49*$D$39 -> 0 | H49: 51075 | I49: =+'Cantidades P3_(2032-2041)'!$AC$394 -> 20944805 | K49: =+I49*$J$39 -> 0
A50: 31 | B50: 49279 | C50: =+'Cantidades P3_(2032-2041)'!$AC$153 -> 22856271 | E50: =+C50*$D$39 -> 0 | H50: 51105 | I50: =+'Cantidades P3_(2032-2041)'!$AC$398 -> 22771058 | K50: =+I50*$J$39 -> 0
A51: 31 | B51: 49310 | C51: =+'Cantidades P3_(2032-2041)'!$AC$158 -> 24151598 | D51: =+$D$15 -> 0 | E51: =+C51*$D$51 -> 0 | H51: 51136 | I51: =+'Cantidades P3_(2032-2041)'!$AC$403 -> 23829654 | J51: =+$D$15 -> 0 | K51: =+I51*$J$51 -> 0
A52: 28 | B52: 49341 | C52: =+'Cantidades P3_(2032-2041)'!$AC$162 -> 23220467 | E52: =+C52*$D$51 -> 0 | H52: 51167 | I52: =+'Cantidades P3_(2032-2041)'!$AC$407 -> 22954840 | K52: =+I52*$J$51 -> 0
A53: 31 | B53: 49369 | C53: =+'Cantidades P3_(2032-2041)'!$AC$166 -> 24228136 | E53: =+C53*$D$51 -> 0 | H53: 51196 | I53: =+'Cantidades P3_(2032-2041)'!$AC$411 -> 23919618 | K53: =+I53*$J$51 -> 0
A54: 30 | B54: 49400 | C54: =+'Cantidades P3_(2032-2041)'!$AC$170 -> 22544106 | E54: =+C54*$D$51 -> 0 | H54: 51227 | I54: =+'Cantidades P3_(2032-2041)'!$AC$415 -> 22539141 | K54: =+I54*$J$51 -> 0
A55: 31 | B55: 49430 | C55: =+'Cantidades P3_(2032-2041)'!$AC$174 -> 23167949 | E55: =+C55*$D$51 -> 0 | H55: 51257 | I55: =+'Cantidades P3_(2032-2041)'!$AC$419 -> 23165124 | K55: =+I55*$J$51 -> 0
A56: 30 | B56: 49461 | C56: =+'Cantidades P3_(2032-2041)'!$AC$178 -> 22376237 | E56: =+C56*$D$51 -> 0 | H56: 51288 | I56: =+'Cantidades P3_(2032-2041)'!$AC$423 -> 22293955 | K56: =+I56*$J$51 -> 0
A57: 31 | B57: 49491 | C57: =+'Cantidades P3_(2032-2041)'!$AC$182 -> 22779078 | E57: =+C57*$D$51 -> 0 | H57: 51318 | I57: =+'Cantidades P3_(2032-2041)'!$AC$427 -> 22735065 | K57: =+I57*$J$51 -> 0
A58: 31 | B58: 49522 | C58: =+'Cantidades P3_(2032-2041)'!$AC$186 -> 22907717 | E58: =+C58*$D$51 -> 0 | H58: 51349 | I58: =+'Cantidades P3_(2032-2041)'!$AC$431 -> 22807848 | K58: =+I58*$J$51 -> 0
A59: 30 | B59: 49553 | C59: =+'Cantidades P3_(2032-2041)'!$AC$190 -> 21996339 | E59: =+C59*$D$51 -> 0 | H59: 51380 | I59: =+'Cantidades P3_(2032-2041)'!$AC$435 -> 21963927 | K59: =+I59*$J$51 -> 0
A60: 31 | B60: 49218 | C60: =+'Cantidades P3_(2032-2041)'!$AC$194 -> 22217077 | E60: =+C60*$D$51 -> 0 | H60: 51410 | I60: =+'Cantidades P3_(2032-2041)'!$AC$439 -> 22220390 | K60: =+I60*$J$51 -> 0
A61: 30 | B61: 49249 | C61: =+'Cantidades P3_(2032-2041)'!$AC$198 -> 20858893 | E61: =+C61*$D$51 -> 0 | H61: 51441 | I61: =+'Cantidades P3_(2032-2041)'!$AC$443 -> 21134931 | K61: =+I61*$J$51 -> 0
A62: 31 | B62: 49279 | C62: =+'Cantidades P3_(2032-2041)'!$AC$202 -> 22958680 | E62: =+C62*$D$51 -> 0 | H62: 51471 | I62: =+'Cantidades P3_(2032-2041)'!$AC$447 -> 22886806 | K62: =+I62*$J$51 -> 0
B63: 49675 | C63: =+'Cantidades P3_(2032-2041)'!$AC$207 -> 23899060 | D63: =+$D$15 -> 0 | E63: =+C63*$D$63 -> 0 | H63: 51502 | I63: =+'Cantidades P3_(2032-2041)'!$AC$452 -> 23640850 | J63: =+$D$15 -> 0 | K63: =+I63*$J$63 -> 0
B64: 49706 | C64: =+'Cantidades P3_(2032-2041)'!$AC$211 -> 22875343 | E64: =+C64*$D$63 -> 0 | H64: 51533 | I64: =+'Cantidades P3_(2032-2041)'!$AC$456 -> 22774564 | K64: =+I64*$J$63 -> 0
B65: 49735 | C65: =+'Cantidades P3_(2032-2041)'!$AC$215 -> 23948056 | E65: =+C65*$D$63 -> 0 | H65: 51561 | I65: =+'Cantidades P3_(2032-2041)'!$AC$460 -> 23736022 | K65: =+I65*$J$63 -> 0
B66: 49766 | C66: =+'Cantidades P3_(2032-2041)'!$AC$219 -> 22338171 | E66: =+C66*$D$63 -> 0 | H66: 51592 | I66: =+'Cantidades P3_(2032-2041)'!$AC$464 -> 22425416 | K66: =+I66*$J$63 -> 0
B67: 49796 | C67: =+'Cantidades P3_(2032-2041)'!$AC$223 -> 22964146 | E67: =+C67*$D$63 -> 0 | H67: 51622 | I67: =+'Cantidades P3_(2032-2041)'!$AC$468 -> 22985181 | K67: =+I67*$J$63 -> 0
B68: 49827 | C68: =+'Cantidades P3_(2032-2041)'!$AC$227 -> 22220517 | E68: =+C68*$D$63 -> 0 | H68: 51653 | I68: =+'Cantidades P3_(2032-2041)'!$AC$472 -> 22137970 | K68: =+I68*$J$63 -> 0
B69: 49857 | C69: =+'Cantidades P3_(2032-2041)'!$AC$231 -> 22605396 | E69: =+C69*$D$63 -> 0 | H69: 51683 | I69: =+'Cantidades P3_(2032-2041)'!$AC$476 -> 22683649 | K69: =+I69*$J$63 -> 0
B70: 49888 | C70: =+'Cantidades P3_(2032-2041)'!$AC$235 -> 22719412 | E70: =+C70*$D$63 -> 0 | H70: 51714 | I70: =+'Cantidades P3_(2032-2041)'!$AC$480 -> 22741081 | K70: =+I70*$J$63 -> 0
B71: 49919 | C71: =+'Cantidades P3_(2032-2041)'!$AC$239 -> 21837923 | E71: =+C71*$D$63 -> 0 | H71: 51745 | I71: =+'Cantidades P3_(2032-2041)'!$AC$484 -> 21926953 | K71: =+I71*$J$63 -> 0
B72: 49949 | C72: =+'Cantidades P3_(2032-2041)'!$AC$243 -> 22093318 | E72: =+C72*$D$63 -> 0 | H72: 51775 | I72: =+'Cantidades P3_(2032-2041)'!$AC$488 -> 22196881 | K72: =+I72*$J$63 -> 0
B73: 49980 | C73: =+'Cantidades P3_(2032-2041)'!$AC$247 -> 20767525 | E73: =+C73*$D$63 -> 0 | H73: 51806 | I73: =+'Cantidades P3_(2032-2041)'!$AC$492 -> 21151656 | K73: =+I73*$J$63 -> 0
B74: 50010 | C74: =+'Cantidades P3_(2032-2041)'!$AC$251 -> 22777871 | E74: =+C74*$D$63 -> 0 | H74: 51836 | I74: =+'Cantidades P3_(2032-2041)'!$AC$496 -> 22876311 | K74: =+I74*$J$63 -> 0
H75: TOTAL PRODUCTO | I75: =SUM(C15:C74)+SUM(I15:I74) -> 2.7256691e+09 | J75: =IFERROR(AVERAGE(D15:D38,D27:D62),"") -> 0 | K75: =SUM(E15:E74,K15:K74) -> 0 | L75: =(SUM(E15:E26)*F15+SUM(E27:E38)*F27+SUM(E39:E50)*F39+SUM(E51:E62)*F51+SUM(E63:E74)*F63+SUM(K15:K26)*L15+SUM(K27:K38)*L27+SUM(K39:K50)*L39+SUM(K51:K62)*L51+SUM(K63:K74)*L63)/K75 -> #DIV/0!
B77: Notas:
B78: (1) La Energía Ofertada se distribuye en forma horaria de acuerdo con la curva de carga presentada en la tabla 9.3. TABLAS CANTIDADES DE ENERGÍA SOLICITADA PRODUCTO 3 del pliego de condiciones.
B80: (2) Tipo de Contrato: pague lo contratado.
B81: (3) Precio ofertado en $kWh, en pesos de Abril 2026 (IPP Provisional)
B82: (4) El precio debe ser Igual para todos los meses por año e Independiente por año del productor año, con dos cifras decimales
B83: (5) El % de energía debe ser Igual para todos los meses y años del producto, a dos cifras decimales.
B84: (6) El precio incluye todos los cargos, impuestos y contribuciones que según la reglamentación vigente en la fecha de apertura de propuestas son responsabilidad de EL OFERENTE .
B85: (7) No serán tenidas en cuenta ofertas con condiciones y/o modificaciones adicionales a los Pliegos definitivos.
B86: (8) La oferta se acoge a todas las condiciones del pliego CP-ESSC2026-002.
B87: (9) Tipo de oferta curva
B88: EL OFERENTE deberá tener en cuenta lo siguiente al completar cada una de las Tablas de las cantidades a suminsitrar: Debe definir el porcentaje ofertado, hasta máximo el 100% de lo solicitado, teniendo en cuenta el tipo de contrato; EL CONTRATANTE aceptará la oferta de acuerdo a la metodología de evaluación hasta el máximo ofertado, adjudicando proporcional a la oferta recibida para todos los años ofertados . Nota: Diligenciar columnas % a ofertar, energía horaria ofertada y precio.
B95: FIRMA OFERENTE E.S.P.

Sheet Cantidades 1_(2027-2029)
B4: 9.1 TABLAS CANTIDADES DE ENERGÍA REQUERIDA PRODUCTO 1 AÑO 2027 -2029 (kWh)
B5: ELETRIFICADORA DE SANTANDER S.A E.S.P.
B6: SOLICITUD PÚBLICA DE OFERTAS CP-ESSC2026-002
B7: PAGUELO CONTRATADO
B10: Mes | C10: Tipo Día | D10: Días | E10: H1 | F10: H2 | G10: H3 | H10: H4 | I10: H5 | J10: H6 | K10: H7 | L10: H8 | M10: H9 | N10: H10 | O10: H11 | P10: H12 | Q10: H13 | R10: H14 | S10: H15 | T10: H16 | U10: H17 | V10: H18 | W10: H19 | X10: H20 | Y10: H21 | Z10: H22 | AA10: H23 | AB10: H24 | AC10: TOTAL MES kWh | AE10: =+AC10 -> TOTAL MES kWh
B11: 46388 | C11: Ordinario | D11: 19 | E11: 48314.84 | F11: 45847.48 | G11: 43991.41 | H11: 42644.2 | I11: 42409.14 | J11: 43828.32 | K11: 43432.68 | L11: 48451.47 | M11: 53786.29 | N11: 56558.63 | O11: 59559.93 | P11: 62016.71 | Q11: 60318.63 | R11: 61979.36 | S11: 64854.42 | T11: 65199.2 | U11: 64120.94 | V11: 61758.07 | W11: 66065.51 | X11: 66301.08 | Y11: 64559.5 | Z11: 61728.63 | AA11: 57352.36 | AB11: 52680.23 | AC11: =SUM(E11:AB11)*D11+SUM(E12:AB12)*D12+SUM(E13:AB13)*D13+SUM(E14:AB14)*D14 -> 40000179
C12: Sábado | D12: 5 | E12: 47964.63 | F12: 45660.97 | G12: 43851.57 | H12: 42469.69 | I12: 42051.43 | J12: 42387.82 | K12: 41295.41 | L12: 45375.35 | M12: 50420.34 | N12: 53761.66 | O12: 56390.44 | P12: 57812.97 | Q12: 57307.47 | R12: 56094.09 | S12: 56358.79 | T12: 56554.29 | U12: 55993.85 | V12: 56196.69 | W12: 62425.83 | X12: 62872.86 | Y12: 61003.97 | Z12: 58532 | AA12: 55319.59 | AB12: 51757.15
C13: Domingo | D13: 5 | E13: 48282.53 | F13: 45910.4 | G13: 43997.62 | H13: 42594.28 | I13: 41903.6 | J13: 41683.79 | K13: 39438 | L13: 41197.43 | M13: 44017.7 | N13: 46189.21 | O13: 48266.73 | P13: 49947.36 | Q13: 51092.8 | R13: 51230.63 | S13: 51256.59 | T13: 51432.94 | U13: 51459.07 | V13: 52002.49 | W13: 58791.32 | X13: 60475.3 | Y13: 59835.44 | Z13: 57867.16 | AA13: 54342.24 | AB13: 50137.21
C14: Festivo | D14: 2 | E14: 48282.53 | F14: 45910.4 | G14: 43997.62 | H14: 42594.28 | I14: 41903.6 | J14: 41683.79 | K14: 39438 | L14: 41197.43 | M14: 44017.7 | N14: 46189.21 | O14: 48266.73 | P14: 49947.36 | Q14: 51092.8 | R14: 51230.63 | S14: 51256.59 | T14: 51432.94 | U14: 51459.07 | V14: 52002.49 | W14: 58791.32 | X14: 60475.3 | Y14: 59835.44 | Z14: 57867.16 | AA14: 54342.24 | AB14: 50137.21 | AD14: =+AC11 -> 40000179
B15: 46419 | C15: Ordinario | D15: 20 | E15: 49247 | F15: 46829.49 | G15: 44899.6 | H15: 43500.6 | I15: 43451.87 | J15: 46063.59 | K15: 45620.11 | L15: 50060.45 | M15: 54945.49 | N15: 57315.78 | O15: 60178.72 | P15: 62442.7 | Q15: 60354.16 | R15: 62522.6 | S15: 66006.49 | T15: 66546.2 | U15: 65553 | V15: 62880.28 | W15: 66607.61 | X15: 67549.42 | Y15: 66093.16 | Z15: 63178.43 | AA15: 58202.42 | AB15: 53268.66 | AC15: =SUM(E15:AB15)*D15+SUM(E16:AB16)*D16+SUM(E17:AB17)*D17+SUM(E18:AB18)*D18 -> 37298925 | AD15: =+AC15 -> 37298925
B16: Feb | C16: Sábado | D16: 4 | E16: 49926.17 | F16: 47226.69 | G16: 45466.25 | H16: 43792.83 | I16: 43265.67 | J16: 43768.41 | K16: 42992.28 | L16: 46965 | M16: 51828.05 | N16: 54716.2 | O16: 57370.83 | P16: 58705.24 | Q16: 57768.8 | R16: 57019.82 | S16: 57282.18 | T16: 57446.12 | U16: 57042.34 | V16: 56874.75 | W16: 62779.31 | X16: 63688.87 | Y16: 62199.96 | Z16: 59830.37 | AA16: 56702.24 | AB16: 52977.42 | AD16: =+AC19 -> 40073324
B17: Feb | C17: Domingo | D17: 4 | E17: 49787.17 | F17: 47381.9 | G17: 45439.73 | H17: 43997.67 | I17: 43255.34 | J17: 43207.16 | K17: 40939.73 | L17: 42705.45 | M17: 45399.46 | N17: 47307.96 | O17: 49251.01 | P17: 51055.84 | Q17: 52254.35 | R17: 52565.07 | S17: 53088.76 | T17: 53500.45 | U17: 53327.91 | V17: 53000.39 | W17: 59899.34 | X17: 62383.57 | Y17: 62360.42 | Z17: 60879.68 | AA17: 55938.14 | AB17: 51579.74 | AD17: =+AC23 -> 34634589
B18: Feb | C18: Festivo | D18: 0 | E18: 0 | F18: 0 | G18: 0 | H18: 0 | I18: 0 | J18: 0 | K18: 0 | L18: 0 | M18: 0 | N18: 0 | O18: 0 | P18: 0 | Q18: 0 | R18: 0 | S18: 0 | T18: 0 | U18: 0 | V18: 0 | W18: 0 | X18: 0 | Y18: 0 | Z18: 0 | AA18: 0 | AB18: 0 | AD18: =+AC27 -> 36094806
B19: 46447 | C19: Ordinario | D19: 20 | E19: 47295.54 | F19: 44956.12 | G19: 43211.05 | H19: 42065.64 | I19: 42258.68 | J19: 44515.19 | K19: 44518.76 | L19: 49345.44 | M19: 54104.99 | N19: 56572.72 | O19: 59398.01 | P19: 61250.52 | Q19: 58479.45 | R19: 60408.28 | S19: 63727.82 | T19: 64429.02 | U19: 63725.47 | V19: 61486.16 | W19: 65245.9 | X19: 65829.74 | Y19: 63901.88 | Z19: 60713.97 | AA19: 55923.45 | AB19: 51060.11 | AC19: =SUM(E19:AB19)*D19+SUM(E20:AB20)*D20+SUM(E21:AB21)*D21+SUM(E22:AB22)*D22 -> 40073324 | AD19: =+AC31 -> 24337483
C20: Sábado | D20: 4 | E20: 47572.42 | F20: 45225.47 | G20: 43374.08 | H20: 42148.6 | I20: 41838.97 | J20: 42315.41 | K20: 42112 | L20: 46540.79 | M20: 51693.18 | N20: 54691.1 | O20: 57380.41 | P20: 58980.1 | Q20: 57966.4 | R20: 57193.51 | S20: 57646.51 | T20: 57722.01 | U20: 57210.08 | V20: 56858.33 | W20: 62787.52 | X20: 63799.8 | Y20: 62026.57 | Z20: 59610.59 | AA20: 56249.56 | AB20: 52564.07 | AD20: =+AC35 -> 26662099
C21: Domingo | D21: 4 | E21: 48847.92 | F21: 46333.56 | G21: 44379.85 | H21: 42979.75 | I21: 42275.94 | J21: 41959.72 | K21: 40374.32 | L21: 42512.54 | M21: 45516.61 | N21: 47691.16 | O21: 49634.84 | P21: 51309.53 | Q21: 52372.76 | R21: 52563.45 | S21: 52765.22 | T21: 53342.21 | U21: 53142.52 | V21: 53405.6 | W21: 59707.35 | X21: 61886.21 | Y21: 61656.84 | Z21: 59847.96 | AA21: 55921.28 | AB21: 51403.74 | AD21: =+AC39 -> 30317581
C22: Festivo | D22: 3 | E22: 48847.92 | F22: 46333.56 | G22: 44379.85 | H22: 42979.75 | I22: 42275.94 | J22: 41959.72 | K22: 40374.32 | L22: 42512.54 | M22: 45516.61 | N22: 47691.16 | O22: 49634.84 | P22: 51309.53 | Q22: 52372.76 | R22: 52563.45 | S22: 52765.22 | T22: 53342.21 | U22: 53142.52 | V22: 53405.6 | W22: 59707.35 | X22: 61886.21 | Y22: 61656.84 | Z22: 59847.96 | AA22: 55921.28 | AB22: 51403.74 | AD22: =+AC43 -> 28465750
B23: 46478 | C23: Ordinario | D23: 22 | E23: 42099.98 | F23: 40003.3 | G23: 38469.66 | H23: 37425.08 | I23: 37585.1 | J23: 38788.77 | K23: 39217.79 | L23: 43684.47 | M23: 48282.48 | N23: 50406.86 | O23: 52772.61 | P23: 54774.34 | Q23: 52628.13 | R23: 54175.36 | S23: 57188.63 | T23: 57554.6 | U23: 56682.63 | V23: 55210.67 | W23: 58621.34 | X23: 58799.35 | Y23: 57039.93 | Z23: 54299.83 | AA23: 50184.71 | AB23: 45691.51 | AC23: =SUM(E23:AB23)*D23+SUM(E24:AB24)*D24+SUM(E25:AB25)*D25+SUM(E26:AB26)*D26 -> 34634589 | AD23: =+AC47 -> 29190980
B24: Feb | C24: Sábado | D24: 4 | E24: 41674.87 | F24: 39502.28 | G24: 37888.51 | H24: 36786.45 | I24: 36508.09 | J24: 36497.01 | K24: 36410.57 | L24: 40134.52 | M24: 44468.8 | N24: 46789.96 | O24: 49062.94 | P24: 50476.39 | Q24: 49818.83 | R24: 49282.61 | S24: 49556.97 | T24: 49651.15 | U24: 49371.4 | V24: 49673.65 | W24: 55169.4 | X24: 55288.7 | Y24: 53755.73 | Z24: 51499.58 | AA24: 48648.83 | AB24: 45391.16 | AD24: =+AC51 -> 25956770
B25: Feb | C25: Domingo | D25: 4 | E25: 42488.92 | F25: 40398.59 | G25: 38670.05 | H25: 37487.53 | I25: 36989.2 | J25: 36332.22 | K25: 35570.17 | L25: 37537.57 | M25: 39623.2 | N25: 41484.54 | O25: 43215.69 | P25: 44589.15 | Q25: 45357.18 | R25: 45568.77 | S25: 45847.43 | T25: 46258.04 | U25: 46423.94 | V25: 46992.68 | W25: 52204.83 | X25: 53783.15 | Y25: 53606.28 | Z25: 52289.74 | AA25: 48934.66 | AB25: 44956.13 | AD25: =+AC55 -> 38826463
B26: Feb | C26: Festivo | D26: 0 | E26: 0 | F26: 0 | G26: 0 | H26: 0 | I26: 0 | J26: 0 | K26: 0 | L26: 0 | M26: 0 | N26: 0 | O26: 0 | P26: 0 | Q26: 0 | R26: 0 | S26: 0 | T26: 0 | U26: 0 | V26: 0 | W26: 0 | X26: 0 | Y26: 0 | Z26: 0 | AA26: 0 | AB26: 0
B27: 46508 | C27: Ordinario | D27: 19 | E27: 42341.38 | F27: 40330.97 | G27: 38809.34 | H27: 37767.87 | I27: 37952.96 | J27: 39004.12 | K27: 39888.85 | L27: 44550.34 | M27: 49343.31 | N27: 51587.81 | O27: 54264.26 | P27: 56012.33 | Q27: 53736.88 | R27: 55209.59 | S27: 58073.23 | T27: 58359.88 | U27: 57524.82 | V27: 55645.18 | W27: 59106.85 | X27: 59341.1 | Y27: 57510.87 | Z27: 54471.05 | AA27: 50189.17 | AB27: 45814.93 | AC27: =SUM(E27:AB27)*D27+SUM(E28:AB28)*D28+SUM(E29:AB29)*D29+SUM(E30:AB30)*D30 -> 36094806
C28: Sábado | D28: 4 | E28: 43076.23 | F28: 40570.19 | G28: 38875.05 | H28: 37783.19 | I28: 37583.73 | J28: 37175.17 | K28: 37533.26 | L28: 41830.37 | M28: 46623.7 | N28: 49313.44 | O28: 51365.33 | P28: 52741.28 | Q28: 51663.38 | R28: 50948.83 | S28: 51322.15 | T28: 51415.72 | U28: 51123.96 | V28: 51495.41 | W28: 56978.97 | X28: 57625.64 | Y28: 55920.48 | Z28: 53400.63 | AA28: 50480.57 | AB28: 47093.85
C29: Domingo | D29: 5 | E29: 43584.72 | F29: 41525.33 | G29: 39884.62 | H29: 38707.86 | I29: 38206.39 | J29: 37054.19 | K29: 36495.05 | L29: 38672.95 | M29: 41634.76 | N29: 43976.58 | O29: 45580.89 | P29: 46776.24 | Q29: 47457.61 | R29: 47602.1 | S29: 47800.61 | T29: 48327.62 | U29: 48189.57 | V29: 48960.22 | W29: 54642.84 | X29: 56144.03 | Y29: 55838.69 | Z29: 54046.3 | AA29: 50428.71 | AB29: 45854.57
C30: Festivo | D30: 3 | E30: 43584.72 | F30: 41525.33 | G30: 39884.62 | H30: 38707.86 | I30: 38206.39 | J30: 37054.19 | K30: 36495.05 | L30: 38672.95 | M30: 41634.76 | N30: 43976.58 | O30: 45580.89 | P30: 46776.24 | Q30: 47457.61 | R30: 47602.1 | S30: 47800.61 | T30: 48327.62 | U30: 48189.57 | V30: 48960.22 | W30: 54642.84 | X30: 56144.03 | Y30: 55838.69 | Z30: 54046.3 | AA30: 50428.71 | AB30: 45854.57
B31: 46539 | C31: Ordinario | D31: 21 | E31: 29555.37 | F31: 28071.12 | G31: 27039.7 | H31: 26232.67 | I31: 26313.48 | J31: 26675.78 | K31: 27251.77 | L31: 30683.48 | M31: 34024.11 | N31: 35677.82 | O31: 37590.94 | P31: 38848.41 | Q31: 37467.23 | R31: 38289.05 | S31: 40171.7 | T31: 40394.98 | U31: 39993.35 | V31: 38744 | W31: 41005.38 | X31: 41524.94 | Y31: 40168.22 | Z31: 38109.33 | AA31: 35045.73 | AB31: 31956.28 | AC31: =SUM(E31:AB31)*D31+SUM(E32:AB32)*D32+SUM(E33:AB33)*D33+SUM(E34:AB34)*D34 -> 24337483
B32: Feb | C32: Sábado | D32: 4 | E32: 29628.03 | F32: 28172.66 | G32: 27091.15 | H32: 26348.87 | I32: 26218.69 | J32: 25887.04 | K32: 26140.85 | L32: 29156.64 | M32: 32466.12 | N32: 34356.01 | O32: 35975.48 | P32: 36956.31 | Q32: 36281.29 | R32: 35551.86 | S32: 35662.47 | T32: 35685.31 | U32: 35270.51 | V32: 35412.76 | W32: 38473.18 | X32: 39280.25 | Y32: 38152.42 | Z32: 36248.8 | AA32: 34037.06 | AB32: 31751.31
B33: Feb | C33: Domingo | D33: 4 | E33: 30075.61 | F33: 28552.31 | G33: 27369.09 | H33: 26591.4 | I33: 26288.07 | J33: 25462.2 | K33: 24902.65 | L33: 26267.97 | M33: 28067.95 | N33: 29573.2 | O33: 30638.45 | P33: 31485.49 | Q33: 32147.88 | R33: 32088.16 | S33: 32198.84 | T33: 32460.34 | U33: 32512.4 | V33: 32881.94 | W33: 36662.11 | X33: 38431.45 | Y33: 37945.71 | Z33: 36730.76 | AA33: 34507.09 | AB33: 31985.06
B34: Feb | C34: Festivo | D34: 1 | E34: 30075.61 | F34: 28552.31 | G34: 27369.09 | H34: 26591.4 | I34: 26288.07 | J34: 25462.2 | K34: 24902.65 | L34: 26267.97 | M34: 28067.95 | N34: 29573.2 | O34: 30638.45 | P34: 31485.49 | Q34: 32147.88 | R34: 32088.16 | S34: 32198.84 | T34: 32460.34 | U34: 32512.4 | V34: 32881.94 | W34: 36662.11 | X34: 38431.45 | Y34: 37945.71 | Z34: 36730.76 | AA34: 34507.09 | AB34: 31985.06
B35: 46569 | C35: Ordinario | D35: 20 | E35: 31605.92 | F35: 29990.22 | G35: 28784.34 | H35: 27979.09 | I35: 27949.4 | J35: 28668.18 | K35: 29040.77 | L35: 32617.81 | M35: 36124.99 | N35: 37928.89 | O35: 40025.4 | P35: 41597.79 | Q35: 40114.88 | R35: 41464.57 | S35: 43825.46 | T35: 44085.02 | U35: 43486.72 | V35: 41638.81 | W35: 43485.4 | X35: 44498.99 | Y35: 43293.37 | Z35: 41141 | AA35: 37776.42 | AB35: 34520.65 | AC35: =SUM(E35:AB35)*D35+SUM(E36:AB36)*D36+SUM(E37:AB37)*D37+SUM(E38:AB38)*D38 -> 26662099
C36: Sábado | D36: 5 | E36: 32195.24 | F36: 30375.41 | G36: 29066.05 | H36: 28272.58 | I36: 27896.93 | J36: 27613.84 | K36: 27737.86 | L36: 30775.55 | M36: 34342.02 | N36: 36401.76 | O36: 38339.37 | P36: 39307.79 | Q36: 38679.61 | R36: 38120.42 | S36: 38117.68 | T36: 37892.49 | U36: 37529.78 | V36: 37654.84 | W36: 40016.36 | X36: 40917.67 | Y36: 39576.95 | Z36: 37919.68 | AA36: 35817.25 | AB36: 33408.76
C37: Domingo | D37: 4 | E37: 30276.97 | F37: 28861.33 | G37: 27626.79 | H37: 26872.84 | I37: 26567.98 | J37: 25918.29 | K37: 25346.2 | L37: 26912.9 | M37: 28839.16 | N37: 30391.15 | O37: 31714.87 | P37: 32843.06 | Q37: 33658.78 | R37: 33865.76 | S37: 34058.08 | T37: 34508.4 | U37: 34447.56 | V37: 34610.69 | W37: 38536.06 | X37: 40738.09 | Y37: 40122.11 | Z37: 38473.48 | AA37: 35512.08 | AB37: 32520.3
C38: Festivo | D38: 2 | E38: 30276.97 | F38: 28861.33 | G38: 27626.79 | H38: 26872.84 | I38: 26567.98 | J38: 25918.29 | K38: 25346.2 | L38: 26912.9 | M38: 28839.16 | N38: 30391.15 | O38: 31714.87 | P38: 32843.06 | Q38: 33658.78 | R38: 33865.76 | S38: 34058.08 | T38: 34508.4 | U38: 34447.56 | V38: 34610.69 | W38: 38536.06 | X38: 40738.09 | Y38: 40122.11 | Z38: 38473.48 | AA38: 35512.08 | AB38: 32520.3
B39: 46600 | C39: Ordinario | D39: 21 | E39: 35863.18 | F39: 33901.34 | G39: 32512.23 | H39: 31564.7 | I39: 31532.24 | J39: 32585.97 | K39: 32969.31 | L39: 36675.25 | M39: 40669.95 | N39: 42671.14 | O39: 45159.29 | P39: 47219.9 | Q39: 45321.65 | R39: 46803.75 | S39: 49617.91 | T39: 49936.59 | U39: 49080.22 | V39: 47282.44 | W39: 50112.79 | X39: 50894.3 | Y39: 49464.1 | Z39: 46934.47 | AA39: 43038 | AB39: 39357.42 | AC39: =SUM(E39:AB39)*D39+SUM(E40:AB40)*D40+SUM(E41:AB41)*D41+SUM(E42:AB42)*D42 -> 30317581
B40: Feb | C40: Sábado | D40: 3 | E40: 36354.17 | F40: 34484.82 | G40: 33098.76 | H40: 32046.77 | I40: 31415.97 | J40: 31145.12 | K40: 31193.69 | L40: 34530.94 | M40: 38186.48 | N40: 40511.7 | O40: 42420.88 | P40: 43067.01 | Q40: 42327.46 | R40: 41747.59 | S40: 42208.24 | T40: 42391.78 | U40: 42112.62 | V40: 42437.92 | W40: 46844.07 | X40: 47216.38 | Y40: 45495.16 | Z40: 43431.09 | AA40: 40766.44 | AB40: 37859.06
B41: Feb | C41: Domingo | D41: 5 | E41: 35477.07 | F41: 33750.85 | G41: 32254.72 | H41: 31387.51 | I41: 30935.4 | J41: 30464.44 | K41: 29645.53 | L41: 31324.62 | M41: 33340.72 | N41: 35054.38 | O41: 36507.93 | P41: 37719.56 | Q41: 38442 | R41: 38593.33 | S41: 38826.12 | T41: 39106.45 | U41: 39101.64 | V41: 39757.19 | W41: 44740.27 | X41: 46671.85 | Y41: 46289.56 | Z41: 44635.5 | AA41: 41368.67 | AB41: 37914.33
B42: Feb | C42: Festivo | D42: 2 | E42: 35477.07 | F42: 33750.85 | G42: 32254.72 | H42: 31387.51 | I42: 30935.4 | J42: 30464.44 | K42: 29645.53 | L42: 31324.62 | M42: 33340.72 | N42: 35054.38 | O42: 36507.93 | P42: 37719.56 | Q42: 38442 | R42: 38593.33 | S42: 38826.12 | T42: 39106.45 | U42: 39101.64 | V42: 39757.19 | W42: 44740.27 | X42: 46671.85 | Y42: 46289.56 | Z42: 44635.5 | AA42: 41368.67 | AB42: 37914.33
B43: 46631 | C43: Ordinario | D43: 22 | E43: 34618.44 | F43: 32802.58 | G43: 31464.89 | H43: 30485.14 | I43: 30450.53 | J43: 31435.99 | K43: 31880.3 | L43: 35529.85 | M43: 39460.42 | N43: 41422.96 | O43: 43532.56 | P43: 45335.35 | Q43: 43696.77 | R43: 44973.57 | S43: 47524.45 | T43: 47849.7 | U43: 47110.39 | V43: 45912.53 | W43: 48983.95 | X43: 48521.33 | Y43: 46972.12 | Z43: 44438.67 | AA43: 40637.53 | AB43: 37140.72 | AC43: =SUM(E43:AB43)*D43+SUM(E44:AB44)*D44+SUM(E45:AB45)*D45+SUM(E46:AB46)*D46 -> 28465750
C44: Sábado | D44: 4 | E44: 33717.61 | F44: 32013.3 | G44: 30733.02 | H44: 29789.39 | I44: 29538.5 | J44: 29368.42 | K44: 29705.15 | L44: 33091.7 | M44: 36879.52 | N44: 38745.31 | O44: 41014.5 | P44: 42024.66 | Q44: 41556.73 | R44: 41048.42 | S44: 41332.08 | T44: 41243.84 | U44: 40753.52 | V44: 41753.29 | W44: 46394.4 | X44: 46050.95 | Y44: 44425.27 | Z44: 42381.1 | AA44: 40039 | AB44: 37240.47
C45: Domingo | D45: 4 | E45: 34511.22 | F45: 32752.49 | G45: 31242.46 | H45: 30242.89 | I45: 29819.78 | J45: 29010.56 | K45: 28252.3 | L45: 30028.71 | M45: 31959.56 | N45: 33832.48 | O45: 35265.82 | P45: 36207.36 | Q45: 37014.28 | R45: 37127.87 | S45: 37150.11 | T45: 37612.29 | U45: 37572.43 | V45: 38794.55 | W45: 43868.2 | X45: 44597.95 | Y45: 44021.87 | Z45: 42359.56 | AA45: 39305.42 | AB45: 36053.05
C46: Festivo | D46: 0 | E46: 0 | F46: 0 | G46: 0 | H46: 0 | I46: 0 | J46: 0 | K46: 0 | L46: 0 | M46: 0 | N46: 0 | O46: 0 | P46: 0 | Q46: 0 | R46: 0 | S46: 0 | T46: 0 | U46: 0 | V46: 0 | W46: 0 | X46: 0 | Y46: 0 | Z46: 0 | AA46: 0 | AB46: 0
B47: 46661 | C47: Ordinario | D47: 20 | E47: 34012.83 | F47: 32222.41 | G47: 30943.11 | H47: 30012.91 | I47: 30110.02 | J47: 31009.3 | K47: 31823.48 | L47: 35446.39 | M47: 39299.01 | N47: 41316.78 | O47: 43418.12 | P47: 45081.98 | Q47: 43136.95 | R47: 44290.11 | S47: 46776.26 | T47: 47338.19 | U47: 46812.15 | V47: 46828.67 | W47: 49734.46 | X47: 48626.11 | Y47: 46820.18 | Z47: 44257.76 | AA47: 40481.19 | AB47: 36833.95 | AC47: =SUM(E47:AB47)*D47+SUM(E48:AB48)*D48+SUM(E49:AB49)*D49+SUM(E50:AB50)*D50 -> 29190980
B48: Feb | C48: Sábado | D48: 5 | E48: 34633.29 | F48: 32688.54 | G48: 31146.86 | H48: 30187.13 | I48: 30168.03 | J48: 30039.91 | K48: 30505.11 | L48: 33527.28 | M48: 37291.41 | N48: 39438.64 | O48: 41651.78 | P48: 42752.87 | Q48: 41950.32 | R48: 41433.03 | S48: 41868.05 | T48: 42307.51 | U48: 41985.07 | V48: 43518.95 | W48: 47631.15 | X48: 46751.42 | Y48: 44947.26 | Z48: 42678.27 | AA48: 39959.79 | AB48: 37089.02
B49: Feb | C49: Domingo | D49: 5 | E49: 34454.02 | F49: 32646.3 | G49: 31210.73 | H49: 30322.35 | I49: 29923.3 | J49: 29281.72 | K49: 28499.3 | L49: 30189.64 | M49: 32384.98 | N49: 34139.39 | O49: 35821.71 | P49: 37166.96 | Q49: 37837.82 | R49: 37909.75 | S49: 38145.11 | T49: 38103.14 | U49: 38387.51 | V49: 40268.44 | W49: 45154.89 | X49: 45453.49 | Y49: 44747.06 | Z49: 42972.21 | AA49: 39750.53 | AB49: 36493.07
B50: Feb | C50: Festivo | D50: 1 | E50: 34454.02 | F50: 32646.3 | G50: 31210.73 | H50: 30322.35 | I50: 29923.3 | J50: 29281.72 | K50: 28499.3 | L50: 30189.64 | M50: 32384.98 | N50: 34139.39 | O50: 35821.71 | P50: 37166.96 | Q50: 37837.82 | R50: 37909.75 | S50: 38145.11 | T50: 38103.14 | U50: 38387.51 | V50: 40268.44 | W50: 45154.89 | X50: 45453.49 | Y50: 44747.06 | Z50: 42972.21 | AA50: 39750.53 | AB50: 36493.07
B51: 46692 | C51: Ordinario | D51: 20 | E51: 31356.21 | F51: 29745 | G51: 28571.73 | H51: 27777 | I51: 27855.36 | J51: 28682.48 | K51: 29437.75 | L51: 32939.31 | M51: 36543.12 | N51: 38330.83 | O51: 40196.55 | P51: 41511.53 | Q51: 39809.35 | R51: 40705.45 | S51: 42735.66 | T51: 43258.07 | U51: 42835.67 | V51: 43395.28 | W51: 45519.7 | X51: 44465.43 | Y51: 42889.2 | Z51: 40605.33 | AA51: 37264.39 | AB51: 33966.48 | AC51: =SUM(E51:AB51)*D51+SUM(E52:AB52)*D52+SUM(E53:AB53)*D53+SUM(E54:AB54)*D54 -> 25956770
C52: Sábado | D52: 4 | E52: 30608.2 | F52: 29109.61 | G52: 28057.92 | H52: 27370.15 | I52: 27353.76 | J52: 27286.25 | K52: 27693.81 | L52: 30884.63 | M52: 34473.12 | N52: 36459.02 | O52: 38527.18 | P52: 39398.56 | Q52: 38689.72 | R52: 37887.53 | S52: 37633.41 | T52: 37935.63 | U52: 37747.59 | V52: 39847.91 | W52: 43134.03 | X52: 42405.09 | Y52: 40880.57 | Z52: 38989.2 | AA52: 36599.45 | AB52: 33910.77
C53: Domingo | D53: 4 | E53: 31723.8 | F53: 30218.77 | G53: 28915.53 | H53: 28037.18 | I53: 27681.15 | J53: 27214.74 | K53: 26543.09 | L53: 28004.01 | M53: 30006.85 | N53: 31652.8 | O53: 33236.5 | P53: 34073.07 | Q53: 34693.81 | R53: 34661.1 | S53: 34561.49 | T53: 34719.04 | U53: 34759.4 | V53: 37110.49 | W53: 40647.73 | X53: 40707.21 | Y53: 39809.57 | Z53: 38244.75 | AA53: 35793.59 | AB53: 33200.92
C54: Festivo | D54: 2 | E54: 31723.8 | F54: 30218.77 | G54: 28915.53 | H54: 28037.18 | I54: 27681.15 | J54: 27214.74 | K54: 26543.09 | L54: 28004.01 | M54: 30006.85 | N54: 31652.8 | O54: 33236.5 | P54: 34073.07 | Q54: 34693.81 | R54: 34661.1 | S54: 34561.49 | T54: 34719.04 | U54: 34759.4 | V54: 37110.49 | W54: 40647.73 | X54: 40707.21 | Y54: 39809.57 | Z54: 38244.75 | AA54: 35793.59 | AB54: 33200.92
B55: 46722 | C55: Ordinario | D55: 22 | E55: 46135.97 | F55: 43598.53 | G55: 41786.34 | H55: 40663.4 | I55: 40518.98 | J55: 41242.79 | K55: 41531.24 | L55: 46537.01 | M55: 51620.88 | N55: 54531.89 | O55: 57094 | P55: 58947.92 | Q55: 57324.84 | R55: 58059.44 | S55: 60514.28 | T55: 61269.66 | U55: 60764.32 | V55: 60826.02 | W55: 65513.36 | X55: 64252.81 | Y55: 61901.04 | Z55: 58548.34 | AA55: 54245.81 | AB55: 50059.2 | AC55: =SUM(E55:AB55)*D55+SUM(E56:AB56)*D56+SUM(E57:AB57)*D57+SUM(E58:AB58)*D58 -> 38826463
B56: Feb | C56: Sábado | D56: 3 | E56: 46883.1 | F56: 44228.86 | G56: 42480.37 | H56: 41198.4 | I56: 40844.04 | J56: 40915.28 | K56: 40508.87 | L56: 44228.34 | M56: 49612.01 | N56: 52769.22 | O56: 55428.29 | P56: 57051.22 | Q56: 56127.2 | R56: 55721.33 | S56: 55487.75 | T56: 56083.51 | U56: 55909.29 | V56: 57145.52 | W56: 63475.67 | X56: 62575.28 | Y56: 60219.36 | Z56: 57649.06 | AA56: 54085.38 | AB56: 50414.02
B57: Feb | C57: Domingo | D57: 4 | E57: 47179.06 | F57: 44860.2 | G57: 42992.58 | H57: 41677.34 | I57: 41084 | J57: 40669.41 | K57: 38857.36 | L57: 40817.45 | M57: 43933.14 | N57: 46607.93 | O57: 48367.51 | P57: 49808.39 | Q57: 50665.25 | R57: 51142.4 | S57: 49696.9 | T57: 51056.1 | U57: 51359.59 | V57: 53074.37 | W57: 59512.13 | X57: 59038.64 | Y57: 57497.89 | Z57: 55387 | AA57: 52193.67 | AB57: 48955.28
B58: Feb | C58: Festivo | D58: 2 | E58: 47179.06 | F58: 44860.2 | G58: 42992.58 | H58: 41677.34 | I58: 41084 | J58: 40669.41 | K58: 38857.36 | L58: 40817.45 | M58: 43933.14 | N58: 46607.93 | O58: 48367.51 | P58: 49808.39 | Q58: 50665.25 | R58: 51142.4 | S58: 49696.9 | T58: 51056.1 | U58: 51359.59 | V58: 53074.37 | W58: 59512.13 | X58: 59038.64 | Y58: 57497.89 | Z58: 55387 | AA58: 52193.67 | AB58: 48955.28
Z59: TOTAL AÑO kWh | AC59: =SUM(AC11:AC58) -> 3.9185895e+08
B60: Mes | C60: Tipo Día | D60: Días | E60: H1 | F60: H2 | G60: H3 | H60: H4 | I60: H5 | J60: H6 | K60: H7 | L60: H8 | M60: H9 | N60: H10 | O60: H11 | P60: H12 | Q60: H13 | R60: H14 | S60: H15 | T60: H16 | U60: H17 | V60: H18 | W60: H19 | X60: H20 | Y60: H21 | Z60: H22 | AA60: H23 | AB60: H24 | AC60: TOTAL MES kWh
B61: 46753 | C61: Ordinario | D61: 20 | E61: 48022.72 | F61: 45570.28 | G61: 43725.43 | H61: 42386.37 | I61: 42152.73 | J61: 43563.33 | K61: 43170.08 | L61: 48158.52 | M61: 53461.09 | N61: 56216.67 | O61: 59199.82 | P61: 61641.74 | Q61: 59953.93 | R61: 61604.62 | S61: 64462.3 | T61: 64805 | U61: 63733.25 | V61: 61384.67 | W61: 65666.06 | X61: 65900.21 | Y61: 64169.17 | Z61: 61355.41 | AA61: 57005.6 | AB61: 52361.72 | AC61: =SUM(E61:AB61)*D61+SUM(E62:AB62)*D62+SUM(E63:AB63)*D63+SUM(E64:AB64)*D64 -> 39835760
C62: Sábado | D62: 4 | E62: 47674.63 | F62: 45384.89 | G62: 43586.43 | H62: 42212.91 | I62: 41797.18 | J62: 42131.54 | K62: 41045.73 | L62: 45101 | M62: 50115.49 | N62: 53436.6 | O62: 56049.49 | P62: 57463.42 | Q62: 56960.98 | R62: 55754.93 | S62: 56018.04 | T62: 56212.36 | U62: 55655.3 | V62: 55856.91 | W62: 62048.39 | X62: 62492.72 | Y62: 60635.13 | Z62: 58178.1 | AA62: 54985.11 | AB62: 51444.22
C63: Domingo | D63: 5 | E63: 47990.61 | F63: 45632.82 | G63: 43731.6 | H63: 42336.75 | I63: 41650.24 | J63: 41431.76 | K63: 39199.55 | L63: 40948.34 | M63: 43751.56 | N63: 45909.94 | O63: 47974.9 | P63: 49645.37 | Q63: 50783.89 | R63: 50920.88 | S63: 50946.68 | T63: 51121.96 | U63: 51147.94 | V63: 51688.08 | W63: 58435.86 | X63: 60109.66 | Y63: 59473.67 | Z63: 57517.28 | AA63: 54013.68 | AB63: 49834.07
C64: Festivo | D64: 2 | E64: 47990.61 | F64: 45632.82 | G64: 43731.6 | H64: 42336.75 | I64: 41650.24 | J64: 41431.76 | K64: 39199.55 | L64: 40948.34 | M64: 43751.56 | N64: 45909.94 | O64: 47974.9 | P64: 49645.37 | Q64: 50783.89 | R64: 50920.88 | S64: 50946.68 | T64: 51121.96 | U64: 51147.94 | V64: 51688.08 | W64: 58435.86 | X64: 60109.66 | Y64: 59473.67 | Z64: 57517.28 | AA64: 54013.68 | AB64: 49834.07 | AD64: =+AC61 -> 39835760
B65: 46784 | C65: Ordinario | D65: 21 | E65: 45703.03 | F65: 43459.49 | G65: 41668.48 | H65: 40370.16 | I65: 40324.93 | J65: 42748.71 | K65: 42337.14 | L65: 46457.94 | M65: 50991.44 | N65: 53191.16 | O65: 55848.07 | P65: 57949.13 | Q65: 56010.89 | R65: 58023.28 | S65: 61256.45 | T65: 61757.33 | U65: 60835.61 | V65: 58355.22 | W65: 61814.32 | X65: 62688.35 | Y65: 61336.89 | Z65: 58631.91 | AA65: 54013.99 | AB65: 49435.28 | AC65: =SUM(E65:AB65)*D65+SUM(E66:AB66)*D66+SUM(E67:AB67)*D67+SUM(E68:AB68)*D68 -> 35879987 | AD65: =+AC65 -> 35879987
B66: Feb | C66: Sábado | D66: 4 | E66: 46333.33 | F66: 43828.11 | G66: 42194.35 | H66: 40641.36 | I66: 40152.13 | J66: 40618.7 | K66: 39898.42 | L66: 43585.25 | M66: 48098.34 | N66: 50778.65 | O66: 53242.25 | P66: 54480.63 | Q66: 53611.58 | R66: 52916.49 | S66: 53159.97 | T66: 53312.12 | U66: 52937.4 | V66: 52781.86 | W66: 58261.52 | X66: 59105.62 | Y66: 57723.86 | Z66: 55524.79 | AA66: 52621.77 | AB66: 49165 | AD66: =+AC69 -> 39320426
B67: Feb | C67: Domingo | D67: 4 | E67: 46204.33 | F67: 43972.16 | G67: 42169.75 | H67: 40831.46 | I67: 40142.55 | J67: 40097.84 | K67: 37993.58 | L67: 39632.23 | M67: 42132.37 | N67: 43903.53 | O67: 45706.75 | P67: 47381.71 | Q67: 48493.96 | R67: 48782.32 | S67: 49268.32 | T67: 49650.39 | U67: 49490.27 | V67: 49186.32 | W67: 55588.8 | X67: 57894.26 | Y67: 57872.77 | Z67: 56498.59 | AA67: 51912.66 | AB67: 47867.91 | AD67: =+AC73 -> 33025771
B68: Feb | C68: Festivo | D68: 0 | E68: 0 | F68: 0 | G68: 0 | H68: 0 | I68: 0 | J68: 0 | K68: 0 | L68: 0 | M68: 0 | N68: 0 | O68: 0 | P68: 0 | Q68: 0 | R68: 0 | S68: 0 | T68: 0 | U68: 0 | V68: 0 | W68: 0 | X68: 0 | Y68: 0 | Z68: 0 | AA68: 0 | AB68: 0 | AD68: =+AC77 -> 33934182
B69: 46813 | C69: Ordinario | D69: 22 | E69: 46147.64 | F69: 43864.99 | G69: 42162.27 | H69: 41044.66 | I69: 41233.02 | J69: 43434.76 | K69: 43438.25 | L69: 48147.78 | M69: 52791.81 | N69: 55199.65 | O69: 57956.37 | P69: 59763.91 | Q69: 57060.1 | R69: 58942.11 | S69: 62181.08 | T69: 62865.26 | U69: 62178.79 | V69: 59993.83 | W69: 63662.32 | X69: 64231.99 | Y69: 62350.91 | Z69: 59240.38 | AA69: 54566.14 | AB69: 49820.83 | AC69: =SUM(E69:AB69)*D69+SUM(E70:AB70)*D70+SUM(E71:AB71)*D71+SUM(E72:AB72)*D72 -> 39320426 | AD69: =+AC81 -> 37087131
C70: Sábado | D70: 4 | E70: 46417.8 | F70: 44127.81 | G70: 42321.35 | H70: 41125.61 | I70: 40823.5 | J70: 41288.37 | K70: 41089.9 | L70: 45411.2 | M70: 50438.53 | N70: 53363.69 | O70: 55987.73 | P70: 57548.6 | Q70: 56559.5 | R70: 55805.37 | S70: 56247.37 | T70: 56321.04 | U70: 55821.53 | V70: 55478.33 | W70: 61263.6 | X70: 62251.32 | Y70: 60521.12 | Z70: 58163.79 | AA70: 54884.33 | AB70: 51288.29 | AD70: =+AC85 -> 29299461
C71: Domingo | D71: 4 | E71: 47662.33 | F71: 45209 | G71: 43302.71 | H71: 41936.59 | I71: 41249.86 | J71: 40941.32 | K71: 39394.39 | L71: 41480.72 | M71: 44411.88 | N71: 46533.65 | O71: 48430.15 | P71: 50064.2 | Q71: 51101.63 | R71: 51287.69 | S71: 51484.56 | T71: 52047.54 | U71: 51852.7 | V71: 52109.39 | W71: 58258.19 | X71: 60384.17 | Y71: 60160.37 | Z71: 58395.39 | AA71: 54564.01 | AB71: 50156.12 | AD71: =+AC89 -> 29361381
C72: Festivo | D72: 1 | E72: 47662.33 | F72: 45209 | G72: 43302.71 | H72: 41936.59 | I72: 41249.86 | J72: 40941.32 | K72: 39394.39 | L72: 41480.72 | M72: 44411.88 | N72: 46533.65 | O72: 48430.15 | P72: 50064.2 | Q72: 51101.63 | R72: 51287.69 | S72: 51484.56 | T72: 52047.54 | U72: 51852.7 | V72: 52109.39 | W72: 58258.19 | X72: 60384.17 | Y72: 60160.37 | Z72: 58395.39 | AA72: 54564.01 | AB72: 50156.12 | AD72: =+AC93 -> 28481782
B73: 46844 | C73: Ordinario | D73: 18 | E73: 40676.66 | F73: 38650.87 | G73: 37169.07 | H73: 36159.81 | I73: 36314.42 | J73: 37477.4 | K73: 37891.91 | L73: 42207.58 | M73: 46650.14 | N73: 48702.7 | O73: 50988.47 | P73: 52922.52 | Q73: 50848.87 | R73: 52343.8 | S73: 55255.19 | T73: 55608.79 | U73: 54766.3 | V73: 53344.11 | W73: 56639.47 | X73: 56811.46 | Y73: 55111.52 | Z73: 52464.06 | AA73: 48488.06 | AB73: 44146.76 | AC73: =SUM(E73:AB73)*D73+SUM(E74:AB74)*D74+SUM(E75:AB75)*D75+SUM(E76:AB76)*D76 -> 33025771 | AD73: =+AC97 -> 28604598
B74: Feb | C74: Sábado | D74: 5 | E74: 40265.92 | F74: 38166.78 | G74: 36607.57 | H74: 35542.77 | I74: 35273.82 | J74: 35263.12 | K74: 35179.6 | L74: 38777.65 | M74: 42965.4 | N74: 45208.08 | O74: 47404.21 | P74: 48769.88 | Q74: 48134.55 | R74: 47616.46 | S74: 47881.54 | T74: 47972.54 | U74: 47702.25 | V74: 47994.28 | W74: 53304.22 | X74: 53419.49 | Y74: 51938.35 | Z74: 49758.48 | AA74: 47004.11 | AB74: 43856.57 | AD74: =+AC101 -> 23500228
B75: Feb | C75: Domingo | D75: 5 | E75: 41052.45 | F75: 39032.8 | G75: 37362.69 | H75: 36220.15 | I75: 35738.66 | J75: 35103.9 | K75: 34367.61 | L75: 36268.49 | M75: 38283.62 | N75: 40082.03 | O75: 41754.65 | P75: 43081.68 | Q75: 43823.74 | R75: 44028.17 | S75: 44297.41 | T75: 44694.15 | U75: 44854.43 | V75: 45403.95 | W75: 50439.89 | X75: 51964.85 | Y75: 51793.95 | Z75: 50521.93 | AA75: 47280.27 | AB75: 43436.25 | AD75: =+AC105 -> 34838046
B76: Feb | C76: Festivo | D76: 2 | E76: 41052.45 | F76: 39032.8 | G76: 37362.69 | H76: 36220.15 | I76: 35738.66 | J76: 35103.9 | K76: 34367.61 | L76: 36268.49 | M76: 38283.62 | N76: 40082.03 | O76: 41754.65 | P76: 43081.68 | Q76: 43823.74 | R76: 44028.17 | S76: 44297.41 | T76: 44694.15 | U76: 44854.43 | V76: 45403.95 | W76: 50439.89 | X76: 51964.85 | Y76: 51793.95 | Z76: 50521.93 | AA76: 47280.27 | AB76: 43436.25
B77: 46874 | C77: Ordinario | D77: 21 | E77: 39588.7 | F77: 37708.99 | G77: 36286.28 | H77: 35312.52 | I77: 35485.58 | J77: 36468.4 | K77: 37295.61 | L77: 41654.05 | M77: 46135.42 | N77: 48234 | O77: 50736.45 | P77: 52370.88 | Q77: 50243.36 | R77: 51620.32 | S77: 54297.79 | T77: 54565.81 | U77: 53785.04 | V77: 52027.59 | W77: 55264.22 | X77: 55483.24 | Y77: 53771.99 | Z77: 50929.79 | AA77: 46926.29 | AB77: 42836.42 | AC77: =SUM(E77:AB77)*D77+SUM(E78:AB78)*D78+SUM(E79:AB79)*D79+SUM(E80:AB80)*D80 -> 33934182
C78: Sábado | D78: 4 | E78: 40275.77 | F78: 37932.65 | G78: 36347.72 | H78: 35326.84 | I78: 35140.35 | J78: 34758.35 | K78: 35093.16 | L78: 39110.91 | M78: 43592.61 | N78: 46107.49 | O78: 48025.99 | P78: 49312.48 | Q78: 48304.66 | R78: 47636.56 | S78: 47985.61 | T78: 48073.1 | U78: 47800.31 | V78: 48147.6 | W78: 53274.68 | X78: 53879.3 | Y78: 52285 | Z78: 49928.96 | AA78: 47198.75 | AB78: 44032.2
C79: Domingo | D79: 4 | E79: 40751.2 | F79: 38825.69 | G79: 37291.66 | H79: 36191.39 | I79: 35722.52 | J79: 34645.23 | K79: 34122.45 | L79: 36158.76 | M79: 38928.01 | N79: 41117.59 | O79: 42617.6 | P79: 43735.24 | Q79: 44372.31 | R79: 44507.41 | S79: 44693.01 | T79: 45185.76 | U79: 45056.69 | V79: 45777.23 | W79: 51090.42 | X79: 52494.02 | Y79: 52208.52 | Z79: 50532.66 | AA79: 47150.25 | AB79: 42873.49
C80: Festivo | D80: 2 | E80: 40751.2 | F80: 38825.69 | G80: 37291.66 | H80: 36191.39 | I80: 35722.52 | J80: 34645.23 | K80: 34122.45 | L80: 36158.76 | M80: 38928.01 | N80: 41117.59 | O80: 42617.6 | P80: 43735.24 | Q80: 44372.31 | R80: 44507.41 | S80: 44693.01 | T80: 45185.76 | U80: 45056.69 | V80: 45777.23 | W80: 51090.42 | X80: 52494.02 | Y80: 52208.52 | Z80: 50532.66 | AA80: 47150.25 | AB80: 42873.49
B81: 46905 | C81: Ordinario | D81: 20 | E81: 45196.38 | F81: 42926.65 | G81: 41349.39 | H81: 40115.27 | I81: 40238.84 | J81: 40792.87 | K81: 41673.68 | L81: 46921.49 | M81: 52030.01 | N81: 54558.88 | O81: 57484.44 | P81: 59407.39 | Q81: 57295.28 | R81: 58552 | S81: 61430.98 | T81: 61772.42 | U81: 61158.24 | V81: 59247.73 | W81: 62705.85 | X81: 63500.36 | Y81: 61425.65 | Z81: 58277.18 | AA81: 53592.29 | AB81: 48867.88 | AC81: =SUM(E81:AB81)*D81+SUM(E82:AB82)*D82+SUM(E83:AB83)*D83+SUM(E84:AB84)*D84 -> 37087131
B82: Feb | C82: Sábado | D82: 4 | E82: 45307.49 | F82: 43081.92 | G82: 41428.06 | H82: 40292.96 | I82: 40093.88 | J82: 39586.72 | K82: 39974.86 | L82: 44586.63 | M82: 49647.53 | N82: 52537.57 | O82: 55014.07 | P82: 56513.97 | Q82: 55481.71 | R82: 54366.27 | S82: 54535.41 | T82: 54570.34 | U82: 53936.03 | V82: 54153.55 | W82: 58833.58 | X82: 60067.77 | Y82: 58343.07 | Z82: 55432.04 | AA82: 52049.82 | AB82: 48554.43
B83: Feb | C83: Domingo | D83: 4 | E83: 45991.94 | F83: 43662.48 | G83: 41853.1 | H83: 40663.83 | I83: 40199.99 | J83: 38937.06 | K83: 38081.38 | L83: 40169.24 | M83: 42921.8 | N83: 45223.63 | O83: 46852.63 | P83: 48147.93 | Q83: 49160.87 | R83: 49069.54 | S83: 49238.79 | T83: 49638.68 | U83: 49718.3 | V83: 50283.4 | W83: 56064.08 | X83: 58769.77 | Y83: 58026.96 | Z83: 56169.05 | AA83: 52768.6 | AB83: 48911.89
B84: Feb | C84: Festivo | D84: 2 | E84: 45991.94 | F84: 43662.48 | G84: 41853.1 | H84: 40663.83 | I84: 40199.99 | J84: 38937.06 | K84: 38081.38 | L84: 40169.24 | M84: 42921.8 | N84: 45223.63 | O84: 46852.63 | P84: 48147.93 | Q84: 49160.87 | R84: 49069.54 | S84: 49238.79 | T84: 49638.68 | U84: 49718.3 | V84: 50283.4 | W84: 56064.08 | X84: 58769.77 | Y84: 58026.96 | Z84: 56169.05 | AA84: 52768.6 | AB84: 48911.89
B85: 46935 | C85: Ordinario | D85: 19 | E85: 34887.27 | F85: 33103.83 | G85: 31772.75 | H85: 30883.9 | I85: 30851.12 | J85: 31644.53 | K85: 32055.8 | L85: 36004.22 | M85: 39875.51 | N85: 41866.7 | O85: 44180.86 | P85: 45916.5 | Q85: 44279.63 | R85: 45769.45 | S85: 48375.45 | T85: 48661.95 | U85: 48001.54 | V85: 45961.78 | W85: 48000.08 | X85: 49118.91 | Y85: 47788.12 | Z85: 45412.29 | AA85: 41698.4 | AB85: 38104.61 | AC85: =SUM(E85:AB85)*D85+SUM(E86:AB86)*D86+SUM(E87:AB87)*D87+SUM(E88:AB88)*D88 -> 29299461
C86: Sábado | D86: 5 | E86: 35537.77 | F86: 33529.01 | G86: 32083.7 | H86: 31207.86 | I86: 30793.21 | J86: 30480.72 | K86: 30617.62 | L86: 33970.69 | M86: 37907.44 | N86: 40181.02 | O86: 42319.79 | P86: 43388.75 | Q86: 42695.36 | R86: 42078.11 | S86: 42075.08 | T86: 41826.52 | U86: 41426.15 | V86: 41564.19 | W86: 44170.89 | X86: 45165.77 | Y86: 43685.86 | Z86: 41856.53 | AA86: 39535.82 | AB86: 36877.28
C87: Domingo | D87: 5 | E87: 33420.35 | F87: 31857.73 | G87: 30495.03 | H87: 29662.8 | I87: 29326.29 | J87: 28609.14 | K87: 27977.66 | L87: 29707.02 | M87: 31833.26 | N87: 33546.38 | O87: 35007.53 | P87: 36252.84 | Q87: 37153.26 | R87: 37381.73 | S87: 37594.01 | T87: 38091.08 | U87: 38023.93 | V87: 38204 | W87: 42536.91 | X87: 44967.54 | Y87: 44287.62 | Z87: 42467.82 | AA87: 39198.97 | AB87: 35896.58
C88: Festivo | D88: 2 | E88: 33420.35 | F88: 31857.73 | G88: 30495.03 | H88: 29662.8 | I88: 29326.29 | J88: 28609.14 | K88: 27977.66 | L88: 29707.02 | M88: 31833.26 | N88: 33546.38 | O88: 35007.53 | P88: 36252.84 | Q88: 37153.26 | R88: 37381.73 | S88: 37594.01 | T88: 38091.08 | U88: 38023.93 | V88: 38204 | W88: 42536.91 | X88: 44967.54 | Y88: 44287.62 | Z88: 42467.82 | AA88: 39198.97 | AB88: 35896.58
B89: 46966 | C89: Ordinario | D89: 21 | E89: 34674.9 | F89: 32778.07 | G89: 31434.98 | H89: 30518.85 | I89: 30487.47 | J89: 31506.28 | K89: 31876.92 | L89: 35460.07 | M89: 39322.41 | N89: 41257.3 | O89: 43663 | P89: 45655.34 | Q89: 43819.99 | R89: 45252.98 | S89: 47973.9 | T89: 48282.01 | U89: 47454.02 | V89: 45715.81 | W89: 48452.37 | X89: 49207.99 | Y89: 47825.18 | Z89: 45379.37 | AA89: 41612 | AB89: 38053.37 | AC89: =SUM(E89:AB89)*D89+SUM(E90:AB90)*D90+SUM(E91:AB91)*D91+SUM(E92:AB92)*D92 -> 29361381
B90: Feb | C90: Sábado | D90: 4 | E90: 35149.63 | F90: 33342.22 | G90: 32002.09 | H90: 30984.95 | I90: 30375.05 | J90: 30113.17 | K90: 30160.13 | L90: 33386.81 | M90: 36921.23 | N90: 39169.41 | O90: 41015.33 | P90: 41640.04 | Q90: 40925 | R90: 40364.34 | S90: 40809.73 | T90: 40987.19 | U90: 40717.28 | V90: 41031.8 | W90: 45291.96 | X90: 45651.94 | Y90: 43987.75 | Z90: 41992.06 | AA90: 39415.7 | AB90: 36604.66
B91: Feb | C91: Domingo | D91: 4 | E91: 34301.59 | F91: 32632.56 | G91: 31186.01 | H91: 30347.53 | I91: 29910.4 | J91: 29455.05 | K91: 28663.27 | L91: 30286.73 | M91: 32236.03 | N91: 33892.9 | O91: 35298.3 | P91: 36469.78 | Q91: 37168.28 | R91: 37314.6 | S91: 37539.68 | T91: 37810.71 | U91: 37806.06 | V91: 38439.89 | W91: 43257.87 | X91: 45125.45 | Y91: 44755.83 | Z91: 43156.57 | AA91: 39997.98 | AB91: 36658.09
B92: Feb | C92: Festivo | D92: 2 | E92: 34301.59 | F92: 32632.56 | G92: 31186.01 | H92: 30347.53 | I92: 29910.4 | J92: 29455.05 | K92: 28663.27 | L92: 30286.73 | M92: 32236.03 | N92: 33892.9 | O92: 35298.3 | P92: 36469.78 | Q92: 37168.28 | R92: 37314.6 | S92: 37539.68 | T92: 37810.71 | U92: 37806.06 | V92: 38439.89 | W92: 43257.87 | X92: 45125.45 | Y92: 44755.83 | Z92: 43156.57 | AA92: 39997.98 | AB92: 36658.09
B93: 46997 | C93: Ordinario | D93: 21 | E93: 34712.74 | F93: 32891.94 | G93: 31550.6 | H93: 30568.18 | I93: 30533.48 | J93: 31521.62 | K93: 31967.14 | L93: 35626.64 | M93: 39567.91 | N93: 41535.8 | O93: 43651.14 | P93: 45458.84 | Q93: 43815.79 | R93: 45096.08 | S93: 47653.9 | T93: 47980.04 | U93: 47238.72 | V93: 46037.6 | W93: 49117.38 | X93: 48653.5 | Y93: 47100.07 | Z93: 44559.72 | AA93: 40748.23 | AB93: 37241.89 | AC93: =SUM(E93:AB93)*D93+SUM(E94:AB94)*D94+SUM(E95:AB95)*D95+SUM(E96:AB96)*D96 -> 28481782
C94: Sábado | D94: 5 | E94: 33809.45 | F94: 32100.5 | G94: 30816.73 | H94: 29870.53 | I94: 29618.96 | J94: 29448.42 | K94: 29786.06 | L94: 33181.84 | M94: 36979.98 | N94: 38850.85 | O94: 41126.22 | P94: 42139.13 | Q94: 41669.93 | R94: 41160.24 | S94: 41444.67 | T94: 41356.19 | U94: 40864.53 | V94: 41867.02 | W94: 46520.77 | X94: 46176.39 | Y94: 44546.29 | Z94: 42496.54 | AA94: 40148.06 | AB94: 37341.91
C95: Domingo | D95: 4 | E95: 34605.22 | F95: 32841.71 | G95: 31327.56 | H95: 30325.27 | I95: 29901.01 | J95: 29089.58 | K95: 28329.26 | L95: 30110.51 | M95: 32046.62 | N95: 33924.64 | O95: 35361.88 | P95: 36305.99 | Q95: 37115.1 | R95: 37229 | S95: 37251.31 | T95: 37714.74 | U95: 37674.78 | V95: 38900.22 | W95: 43987.69 | X95: 44719.43 | Y95: 44141.79 | Z95: 42474.95 | AA95: 39412.49 | AB95: 36151.26
C96: Festivo | D96: 0 | E96: 0 | F96: 0 | G96: 0 | H96: 0 | I96: 0 | J96: 0 | K96: 0 | L96: 0 | M96: 0 | N96: 0 | O96: 0 | P96: 0 | Q96: 0 | R96: 0 | S96: 0 | T96: 0 | U96: 0 | V96: 0 | W96: 0 | X96: 0 | Y96: 0 | Z96: 0 | AA96: 0 | AB96: 0
B97: 47027 | C97: Ordinario | D97: 21 | E97: 33283.44 | F97: 31531.41 | G97: 30279.54 | H97: 29369.28 | I97: 29464.32 | J97: 30344.31 | K97: 31141.03 | L97: 34686.25 | M97: 38456.25 | N97: 40430.75 | O97: 42487.02 | P97: 44115.2 | Q97: 42211.89 | R97: 43340.32 | S97: 45773.15 | T97: 46323.03 | U97: 45808.27 | V97: 45824.44 | W97: 48667.91 | X97: 47583.33 | Y97: 45816.13 | Z97: 43308.66 | AA97: 39613.07 | AB97: 36044.05 | AC97: =SUM(E97:AB97)*D97+SUM(E98:AB98)*D98+SUM(E99:AB99)*D99+SUM(E100:AB100)*D100 -> 28604598
B98: Feb | C98: Sábado | D98: 4 | E98: 33890.58 | F98: 31987.54 | G98: 30478.92 | H98: 29539.77 | I98: 29521.08 | J98: 29395.71 | K98: 29850.93 | L98: 32808.29 | M98: 36491.7 | N98: 38592.89 | O98: 40758.57 | P98: 41836.04 | Q98: 41050.7 | R98: 40544.51 | S98: 40970.19 | T98: 41400.23 | U98: 41084.71 | V98: 42585.69 | W98: 46609.71 | X98: 45748.84 | Y98: 43983.38 | Z98: 41763.04 | AA98: 39102.86 | AB98: 36293.65
B99: Feb | C99: Domingo | D99: 5 | E99: 33715.16 | F99: 31946.21 | G99: 30541.42 | H99: 29672.09 | I99: 29281.6 | J99: 28653.78 | K99: 27888.14 | L99: 29542.23 | M99: 31690.49 | N99: 33407.28 | O99: 35053.52 | P99: 36369.92 | Q99: 37026.39 | R99: 37096.78 | S99: 37327.1 | T99: 37286.02 | U99: 37564.3 | V99: 39404.89 | W99: 44186.55 | X99: 44478.75 | Y99: 43787.47 | Z99: 42050.67 | AA99: 38898.09 | AB99: 35710.49
B100: Feb | C100: Festivo | D100: 1 | E100: 33715.16 | F100: 31946.21 | G100: 30541.42 | H100: 29672.09 | I100: 29281.6 | J100: 28653.78 | K100: 27888.14 | L100: 29542.23 | M100: 31690.49 | N100: 33407.28 | O100: 35053.52 | P100: 36369.92 | Q100: 37026.39 | R100: 37096.78 | S100: 37327.1 | T100: 37286.02 | U100: 37564.3 | V100: 39404.89 | W100: 44186.55 | X100: 44478.75 | Y100: 43787.47 | Z100: 42050.67 | AA100: 38898.09 | AB100: 35710.49
B101: 47058 | C101: Ordinario | D101: 20 | E101: 28388.66 | F101: 26929.94 | G101: 25867.71 | H101: 25148.19 | I101: 25219.14 | J101: 25967.98 | K101: 26651.77 | L101: 29821.94 | M101: 33084.69 | N101: 34703.21 | O101: 36392.36 | P101: 37582.89 | Q101: 36041.81 | R101: 36853.1 | S101: 38691.17 | T101: 39164.14 | U101: 38781.71 | V101: 39288.36 | W101: 41211.73 | X101: 40257.23 | Y101: 38830.17 | Z101: 36762.45 | AA101: 33737.7 | AB101: 30751.9 | AC101: =SUM(E101:AB101)*D101+SUM(E102:AB102)*D102+SUM(E103:AB103)*D103+SUM(E104:AB104)*D104 -> 23500228
C102: Sábado | D102: 4 | E102: 27711.45 | F102: 26354.68 | G102: 25402.52 | H102: 24779.85 | I102: 24765.01 | J102: 24703.88 | K102: 25072.87 | L102: 27961.72 | M102: 31210.59 | N102: 33008.54 | O102: 34880.98 | P102: 35669.89 | Q102: 35028.14 | R102: 34301.87 | S102: 34071.8 | T102: 34345.42 | U102: 34175.17 | V102: 36076.71 | W102: 39051.83 | X102: 38391.88 | Y102: 37011.64 | Z102: 35299.27 | AA102: 33135.69 | AB102: 30701.47
C103: Domingo | D103: 4 | E103: 28721.47 | F103: 27358.87 | G103: 26178.98 | H103: 25383.75 | I103: 25061.41 | J103: 24639.15 | K103: 24031.06 | L103: 25353.72 | M103: 27167.01 | N103: 28657.19 | O103: 30091 | P103: 30848.41 | Q103: 31410.39 | R103: 31380.78 | S103: 31290.6 | T103: 31433.24 | U103: 31469.78 | V103: 33598.36 | W103: 36800.84 | X103: 36854.69 | Y103: 36042 | Z103: 34625.28 | AA103: 32406.09 | AB103: 30058.79
C104: Festivo | D104: 2 | E104: 28721.47 | F104: 27358.87 | G104: 26178.98 | H104: 25383.75 | I104: 25061.41 | J104: 24639.15 | K104: 24031.06 | L104: 25353.72 | M104: 27167.01 | N104: 28657.19 | O104: 30091 | P104: 30848.41 | Q104: 31410.39 | R104: 31380.78 | S104: 31290.6 | T104: 31433.24 | U104: 31469.78 | V104: 33598.36 | W104: 36800.84 | X104: 36854.69 | Y104: 36042 | Z104: 34625.28 | AA104: 32406.09 | AB104: 30058.79
B105: 47088 | C105: Ordinario | D105: 19 | E105: 41593.75 | F105: 39306.13 | G105: 37672.35 | H105: 36659.97 | I105: 36529.77 | J105: 37182.32 | K105: 37442.37 | L105: 41955.3 | M105: 46538.65 | N105: 49163.06 | O105: 51472.93 | P105: 53144.32 | Q105: 51681.04 | R105: 52343.31 | S105: 54556.47 | T105: 55237.48 | U105: 54781.9 | V105: 54837.52 | W105: 59063.37 | X105: 57926.93 | Y105: 55806.7 | Z105: 52784.09 | AA105: 48905.15 | AB105: 45130.72 | AC105: =SUM(E105:AB105)*D105+SUM(E106:AB106)*D106+SUM(E107:AB107)*D107+SUM(E108:AB108)*D108 -> 34838046
...

Sheet Cantidades P2_(2030-2031)
B4: 9.2. TABLAS CANTIDADES DE ENERGÍA REQUERIDA PRODUCTO 2 AÑO 2030-2031 (kWh)
B5: ELETRIFICADORA DE SANTANDER S.A E.S.P.
B6: SOLICITUD PÚBLICA DE OFERTAS CP-ESSC2026-002
B7: PAGUELO CONTRATADO
BE8: 1000
B10: Mes | C10: Tipo Día | D10: Días | E10: H1 | F10: H2 | G10: H3 | H10: H4 | I10: H5 | J10: H6 | K10: H7 | L10: H8 | M10: H9 | N10: H10 | O10: H11 | P10: H12 | Q10: H13 | R10: H14 | S10: H15 | T10: H16 | U10: H17 | V10: H18 | W10: H19 | X10: H20 | Y10: H21 | Z10: H22 | AA10: H23 | AB10: H24 | AC10: TOTAL MES kWh | AF10: PERIODO | AG10: H1 | AH10: H2 | AI10: H3 | AJ10: H4 | AK10: H5 | AL10: H6 | AM10: H7 | AN10: H8 | AO10: H9 | AP10: H10 | AQ10: H11 | AR10: H12 | AS10: H13 | AT10: H14 | AU10: H15 | AV10: H16 | AW10: H17 | AX10: H18 | AY10: H19 | AZ10: H20 | BA10: H21 | BB10: H22 | BC10: H23 | BD10: H24 | BE10: TOTAL DIA | BF10: TOTAL AÑO | BH10: Año 2024 | BI10: =(+#REF!)/1000 -> #REF! | BJ10: MWh-año
B11: 47484 | C11: Ordinario | D11: 21 | E11: 61153.19 | F11: 57478.65 | G11: 54492.9 | H11: 52241.51 | I11: 51451.8 | J11: 52960.35 | K11: 51228.02 | L11: 53605.69 | M11: 57256.91 | N11: 58868.56 | O11: 61962.89 | P11: 65472.21 | Q11: 63480.85 | R11: 67265.03 | S11: 72573.31 | T11: 74318.48 | U11: 75836.98 | V11: 83341.62 | W11: 89826.42 | X11: 90474.85 | Y11: 89054.03 | Z11: 85406.16 | AA11: 79551.7 | AB11: 73757 | AC11: =SUM(E11:AB11)*D11+SUM(E12:AB12)*D12+SUM(E13:AB13)*D13+SUM(E14:AB14)*D14 -> 48414877
C12: Sábado | D12: 4 | E12: 60046.11 | F12: 56888.44 | G12: 54036.8 | H12: 51801.87 | I12: 50776.5 | J12: 50623.36 | K12: 47682.74 | L12: 48797.09 | M12: 51839.27 | N12: 54609.88 | O12: 56819.35 | P12: 58060.66 | Q12: 57738.87 | R12: 56089.77 | S12: 57838.93 | T12: 59979.51 | U12: 62774.67 | V12: 75044.03 | W12: 84054.69 | X12: 84361.66 | Y12: 82570.88 | Z12: 79802.2 | AA12: 76081.95 | AB12: 71417.45 | BG12: =+AC59/1000 -> 525234.64
C13: Domingo | D13: 4 | E13: 60791.49 | F13: 57493.54 | G13: 54409.11 | H13: 52119.17 | I13: 50984.16 | J13: 50248.65 | K13: 45964.88 | L13: 43905.77 | M13: 43576.33 | N13: 43514.79 | O13: 45379.13 | P13: 47465.8 | Q13: 49733.67 | R13: 50836.48 | S13: 52198.71 | T13: 54095.89 | U13: 57633.92 | V13: 69306.74 | W13: 79148.53 | X13: 81211.53 | Y13: 80810.49 | Z13: 79033.27 | AA13: 74039.25 | AB13: 68016.83 | BG13: =(+AC109)/1000 -> 528432.98
C14: Festivo | D14: 2 | E14: 60705.69 | F14: 57225.99 | G14: 54053.55 | H14: 51762.87 | I14: 50689.89 | J14: 50135.24 | K14: 46182.71 | L14: 44381.29 | M14: 44297.83 | N14: 44344.64 | O14: 46148.65 | P14: 48126.59 | Q14: 50338 | R14: 51522.42 | S14: 52997.62 | T14: 55019.78 | U14: 58532.73 | V14: 69967.21 | W14: 79661.54 | X14: 81812.91 | Y14: 81461.95 | Z14: 79701.13 | AA14: 74562.33 | AB14: 68375.48 | AD14: =+AC11 -> 48414877 | BG14: =(+#REF!)/1000 -> #REF!
B15: 47515 | C15: Ordinario | D15: 20 | E15: 64763 | F15: 61167.45 | G15: 57832.71 | H15: 55318.55 | I15: 54473.84 | J15: 57336.35 | K15: 55551.2 | L15: 58016.58 | M15: 60434.62 | N15: 60413.83 | O15: 62807.47 | P15: 65969.88 | Q15: 63825.29 | R15: 68036.22 | S15: 74478.42 | T15: 76742.26 | U15: 78552.59 | V15: 85731.75 | W15: 91890.2 | X15: 93895.71 | Y15: 93309.35 | Z15: 89941.25 | AA15: 82962.68 | AB15: 76536.1 | AC15: =SUM(E15:AB15)*D15+SUM(E16:AB16)*D16+SUM(E17:AB17)*D17+SUM(E18:AB18)*D18 -> 45905373 | AD15: =+AC15 -> 45905373 | BG15: =(+#REF!)/1000 -> #REF!
B16: Feb | C16: Sábado | D16: 4 | E16: 63822.06 | F16: 59589.81 | G16: 57185.85 | H16: 54124.69 | I16: 53002.43 | J16: 53382.08 | K16: 51144.08 | L16: 52157.75 | M16: 53662.54 | N16: 54046.51 | O16: 56178.72 | P16: 57223.13 | Q16: 56273.86 | R16: 56714.86 | S16: 58867.25 | T16: 61639.03 | U16: 64925.18 | V16: 76044.79 | W16: 85980.24 | X16: 86744.29 | Y16: 85958.54 | Z16: 83212.32 | AA16: 79304.85 | AB16: 74292.26 | AD16: =+AC19 -> 48268391 | BG16: =(+#REF!)/1000 -> #REF!
B17: Feb | C17: Domingo | D17: 4 | E17: 64429.24 | F17: 61309 | G17: 58140.38 | H17: 55946.43 | I17: 54787.07 | J17: 54471.61 | K17: 50094.86 | L17: 48404.07 | M17: 47590.78 | N17: 46263.58 | O17: 47582.28 | P17: 50309.55 | Q17: 52718.69 | R17: 54617.73 | S17: 57056.94 | T17: 59348.42 | U17: 61962.1 | V17: 70782.59 | W17: 82496.16 | X17: 86130.29 | Y17: 87352.18 | Z17: 87123.98 | AA17: 79185.35 | AB17: 72826.46 | AD17: =+AC23 -> 42393441 | BG17: =(+#REF!)/1000 -> #REF!
B18: Feb | C18: Festivo | D18: 0 | E18: 0 | F18: 0 | G18: 0 | H18: 0 | I18: 0 | J18: 0 | K18: 0 | L18: 0 | M18: 0 | N18: 0 | O18: 0 | P18: 0 | Q18: 0 | R18: 0 | S18: 0 | T18: 0 | U18: 0 | V18: 0 | W18: 0 | X18: 0 | Y18: 0 | Z18: 0 | AA18: 0 | AB18: 0 | AD18: =+AC27 -> 43697880 | BG18: =(+#REF!)/1000 -> #REF!
B19: 47543 | C19: Ordinario | D19: 20 | E19: 60007.69 | F19: 56445.09 | G19: 53480.34 | H19: 51576.56 | I19: 51197.13 | J19: 53291.21 | K19: 52399.79 | L19: 55520.37 | M19: 58273.7 | N19: 58729.97 | O19: 61036.06 | P19: 63038.64 | Q19: 58718.88 | R19: 62094.58 | S19: 68120.98 | T19: 71012.53 | U19: 73771.16 | V19: 81226.36 | W19: 87761.3 | X19: 88502.39 | Y19: 86802.79 | Z19: 82750.22 | AA19: 76360.73 | AB19: 70267.24 | AC19: =SUM(E19:AB19)*D19+SUM(E20:AB20)*D20+SUM(E21:AB21)*D21+SUM(E22:AB22)*D22 -> 48268391 | AD19: =+AC31 -> 44636350 | BG19: =(+#REF!)/1000 -> #REF!
C20: Sábado | D20: 5 | E20: 59076.02 | F20: 55897.13 | G20: 52762.98 | H20: 51039.15 | I20: 50344.07 | J20: 50235.15 | K20: 49222.27 | L20: 50863.3 | M20: 54053.97 | N20: 55454.34 | O20: 57695.81 | P20: 59339.49 | Q20: 58111.29 | R20: 58179.33 | S20: 60474.15 | T20: 62601.06 | U20: 66207.01 | V20: 76111.91 | W20: 85829.9 | X20: 87192.33 | Y20: 85545.11 | Z20: 83022.44 | AA20: 78552.61 | AB20: 74215.24 | AD20: =+AC35 -> 43953037 | BG20: =+#REF!/1000 -> #REF!
C21: Domingo | D21: 5 | E21: 62661.3 | F21: 59039.72 | G21: 55784.77 | H21: 53519.06 | I21: 52157.01 | J21: 51248.11 | K21: 48306.4 | L21: 47926.51 | M21: 48657.66 | N21: 48518.17 | O21: 50459.23 | P21: 53187.82 | Q21: 55334.15 | R21: 56909.81 | S21: 58822.57 | T21: 61840.48 | U21: 64272.76 | V21: 73612.94 | W21: 83504.02 | X21: 86579.69 | Y21: 87748.77 | Z21: 86794.2 | AA21: 82076.38 | AB21: 74959.03 | AD21: =+AC39 -> 43863427 | BG21: =(+#REF!)/1000 -> #REF!
C22: Festivo | D22: 1 | E22: 63107.01 | F22: 59344.1 | G22: 56037.5 | H22: 54192.76 | I22: 52420.23 | J22: 51391.13 | K22: 48359.12 | L22: 47781.75 | M22: 48555.92 | N22: 48409.17 | O22: 49721.1 | P22: 52119.67 | Q22: 54172.28 | R22: 55694.94 | S22: 57594.82 | T22: 60694.55 | U22: 63322.36 | V22: 72826.21 | W22: 82471 | X22: 85466.62 | Y22: 86576.27 | Z22: 85745.04 | AA22: 81031.72 | AB22: 73908.58 | AD22: =+AC43 -> 41663131 | BG22: =(+#REF!)/1000 -> #REF!
B23: 47574 | C23: Ordinario | D23: 20 | E23: 55086.6 | F23: 51743.42 | G23: 49078.31 | H23: 47527.98 | I23: 47283.82 | J23: 47966.79 | K23: 47544.85 | L23: 50338.81 | M23: 53876.74 | N23: 54508.1 | O23: 56366.26 | P23: 59000.89 | Q23: 55932.94 | R23: 59514.62 | S23: 65580.3 | T23: 67373.78 | U23: 68842.89 | V23: 77845 | W23: 83071.35 | X23: 83289.35 | Y23: 81559.93 | Z23: 78230.28 | AA23: 72737.7 | AB23: 66272.59 | AC23: =SUM(E23:AB23)*D23+SUM(E24:AB24)*D24+SUM(E25:AB25)*D25+SUM(E26:AB26)*D26 -> 42393441 | AD23: =+AC47 -> 41935169 | BG23: =(+#REF!)/1000 -> #REF!
B24: Feb | C24: Sábado | D24: 4 | E24: 52522.15 | F24: 49030.06 | G24: 46093.01 | H24: 44226.66 | I24: 43375.36 | J24: 43392.38 | K24: 41446.17 | L24: 41888.39 | M24: 44763.84 | N24: 44927.79 | O24: 46529.66 | P24: 48220.7 | Q24: 47570.23 | R24: 47698.61 | S24: 49330.27 | T24: 51474.54 | U24: 54908.33 | V24: 66646.15 | W24: 75630.81 | X24: 75436.75 | Y24: 74233.15 | Z24: 71784.9 | AA24: 68392.76 | AB24: 63690.62 | AD24: =+AC51 -> 37031374
B25: Feb | C25: Domingo | D25: 4 | E25: 52804.76 | F25: 50049.99 | G25: 47746.05 | H25: 45698.51 | I25: 45101.14 | J25: 43746.24 | K25: 42166.65 | L25: 41075.91 | M25: 39698.52 | N25: 39543.01 | O25: 41057.44 | P25: 42641.55 | Q25: 44208.52 | R25: 45613.85 | S25: 47258.17 | T25: 49654.41 | U25: 53190.91 | V25: 64750.16 | W25: 72127.26 | X25: 74362.18 | Y25: 75382.29 | Z25: 75705.97 | AA25: 71723.19 | AB25: 65283.98 | AD25: =+AC55 -> 43472186 | BG25: =+AC110/1000 -> 1053667.6
B26: Feb | C26: Festivo | D26: 2 | E26: 52264 | F26: 49514.02 | G26: 47040.64 | H26: 45106.21 | I26: 44445.9 | J26: 43253.03 | K26: 41746.34 | L26: 40811.03 | M26: 39714.85 | N26: 39920.79 | O26: 41121.54 | P26: 42493.4 | Q26: 43814.14 | R26: 45183.07 | S26: 46868.3 | T26: 49505.82 | U26: 53276.23 | V26: 65059.37 | W26: 72432.2 | X26: 74452.5 | Y26: 75373.2 | Z26: 75240 | AA26: 70677.9 | AB26: 64065 | BG26: 1000
B27: 47604 | C27: Ordinario | D27: 22 | E27: 52261.6 | F27: 49434.3 | G27: 46979.59 | H27: 45331 | I27: 45221.21 | J27: 46383.03 | K27: 45992.49 | L27: 48716.16 | M27: 52941.59 | N27: 53853.6 | O27: 56849.19 | P27: 58825.04 | Q27: 55333.68 | R27: 58182.66 | S27: 63798.17 | T27: 65922.67 | U27: 67404.81 | V27: 74844.73 | W27: 80592.78 | X27: 80643.81 | Y27: 78665.58 | Z27: 74832.88 | AA27: 69297.21 | AB27: 63599.41 | AC27: =SUM(E27:AB27)*D27+SUM(E28:AB28)*D28+SUM(E29:AB29)*D29+SUM(E30:AB30)*D30 -> 43697880
C28: Sábado | D28: 4 | E28: 54992.32 | F28: 50400.59 | G28: 47605.93 | H28: 45572.31 | I28: 44829.41 | J28: 44213.65 | K28: 42578.6 | L28: 44426.19 | M28: 48212.96 | N28: 49763.39 | O28: 50975.6 | P28: 52420.29 | Q28: 50676.42 | R28: 50866.34 | S28: 53749.63 | T28: 56111 | U28: 59175.81 | V28: 70936.64 | W28: 79869.09 | X28: 80293.39 | Y28: 78368.37 | Z28: 75419.89 | AA28: 72103.3 | AB28: 67583.92
C29: Domingo | D29: 4 | E29: 55714.76 | F29: 52679.1 | G29: 50061.87 | H29: 47951.2 | I29: 47071.36 | J29: 45323.12 | K29: 42945.4 | L29: 42077.27 | M29: 43687.53 | N29: 44537.75 | O29: 45405.92 | P29: 46593.05 | Q29: 48514.94 | R29: 49989.52 | S29: 51008.82 | T29: 53594.72 | U29: 55588.19 | V29: 67156.5 | W29: 75905.96 | X29: 77099.7 | Y29: 77511.48 | Z29: 75904.07 | AA29: 70952.73 | AB29: 63227.53
C30: Festivo | D30: 1 | E30: 55617.6 | F30: 52581.53 | G30: 49979.21 | H30: 47883.65 | I30: 46790.03 | J30: 44487.01 | K30: 41905.74 | L30: 40641.98 | M30: 41869.98 | N30: 42737.08 | O30: 43384.03 | P30: 44395.23 | Q30: 46829.23 | R30: 47892.66 | S30: 48462.78 | T30: 51109.74 | U30: 53519.97 | V30: 65599.44 | W30: 74505.92 | X30: 75922.73 | Y30: 76586.81 | Z30: 75167.21 | AA30: 70456.07 | AB30: 63005.94
B31: 47635 | C31: Ordinario | D31: 18 | E31: 57418.65 | F31: 54027.85 | G31: 51516.73 | H31: 49095.2 | I31: 48772.48 | J31: 48756.9 | K31: 47749.3 | L31: 50724.1 | M31: 54864.16 | N31: 56507.85 | O31: 59980.18 | P31: 62385.41 | Q31: 59748.27 | R31: 62534.35 | S31: 68208.85 | T31: 69971.69 | U31: 72215.17 | V31: 79034.6 | W31: 85082.12 | X31: 86010.13 | Y31: 83743.59 | Z31: 80193.78 | AA31: 73949.77 | AB31: 67563.04 | AC31: =SUM(E31:AB31)*D31+SUM(E32:AB32)*D32+SUM(E33:AB33)*D33+SUM(E34:AB34)*D34 -> 44636350
B32: Feb | C32: Sábado | D32: 5 | E32: 56324.58 | F32: 53066.04 | G32: 50793.01 | H32: 49314.76 | I32: 48546.32 | J32: 47120.72 | K32: 45790.61 | L32: 48224.66 | M32: 51924 | N32: 53954.23 | O32: 56577.86 | P32: 58774.19 | Q32: 57768.1 | R32: 57053.41 | S32: 59127.75 | T32: 61293.72 | U32: 63267.72 | V32: 73205.68 | W32: 79382.8 | X32: 81083.59 | Y32: 79908.55 | Z32: 76247.23 | AA32: 72426.18 | AB32: 68227.36
B33: Feb | C33: Domingo | D33: 5 | E33: 60116.93 | F33: 56438.69 | G33: 53255.17 | H33: 51250.38 | I33: 50359.25 | J33: 47609.67 | K33: 45114.68 | L33: 43710 | M33: 44348.84 | N33: 45452.99 | O33: 46958.11 | P33: 48663.77 | Q33: 51055.81 | R33: 52304.59 | S33: 54711.56 | T33: 57025.35 | U33: 59393.04 | V33: 68766.33 | W33: 77834.26 | X33: 82063.72 | Y33: 81954.25 | Z33: 80746.2 | AA33: 76934.43 | AB33: 71326.64
B34: Feb | C34: Festivo | D34: 2 | E34: 60828.62 | F34: 57069.77 | G34: 53848.32 | H34: 51770.65 | I34: 50781.11 | J34: 48115.75 | K34: 45513.15 | L34: 43915.11 | M34: 44352.43 | N34: 45197.14 | O34: 46316.82 | P34: 47761.36 | Q34: 50076.12 | R34: 51398.61 | S34: 53952.05 | T34: 56454.9 | U34: 59096.07 | V34: 68604.9 | W34: 77677.64 | X34: 81763.02 | Y34: 81822.46 | Z34: 80785.97 | AA34: 77044.57 | AB34: 71546.81
B35: 47665 | C35: Ordinario | D35: 22 | E35: 55879.92 | F35: 52456.81 | G35: 49646.86 | H35: 47751.64 | I35: 46878.12 | J35: 46991.27 | K35: 45681.88 | L35: 48182.45 | M35: 51904.28 | N35: 53222.03 | O35: 56706.87 | P35: 60149.21 | Q35: 58076.67 | R35: 62266.1 | S35: 69243.73 | T35: 70993.98 | U35: 72382.08 | V35: 77881.1 | W35: 82271.83 | X35: 84397.77 | Y35: 83140.64 | Z35: 79899.23 | AA35: 73795.17 | AB35: 67327.74 | AC35: =SUM(E35:AB35)*D35+SUM(E36:AB36)*D36+SUM(E37:AB37)*D37+SUM(E38:AB38)*D38 -> 43953037
C36: Sábado | D36: 3 | E36: 56366.36 | F36: 52341.95 | G36: 49149.35 | H36: 47632.74 | I36: 46143.32 | J36: 45332.3 | K36: 43623.03 | L36: 43910.55 | M36: 47017.56 | N36: 48932 | O36: 52001.19 | P36: 53469.96 | Q36: 52502.55 | R36: 52551.04 | S36: 54005.32 | T36: 54379.87 | U36: 56421.79 | V36: 67661.63 | W36: 71423.18 | X36: 71997.21 | Y36: 69893.32 | Z36: 67181.24 | AA36: 64125.27 | AB36: 59964.34
C37: Domingo | D37: 4 | E37: 46887.81 | F37: 44507.67 | G37: 41795.46 | H37: 40503.81 | I37: 40088.87 | J37: 38796.66 | K37: 36868.62 | L37: 35150.66 | M37: 34753.61 | N37: 34950.33 | O37: 36843.94 | P37: 38894.55 | Q37: 41390.03 | R37: 43479.63 | S37: 45797.93 | T37: 48888.91 | U37: 51684.56 | V37: 61179.56 | W37: 70317.41 | X37: 74618.7 | Y37: 73416.61 | Z37: 70313.86 | AA37: 64585.63 | AB37: 58844.47
C38: Festivo | D38: 2 | E38: 46906.56 | F38: 44526.57 | G38: 41862.56 | H38: 40527.92 | I38: 40020.61 | J38: 38630.4 | K38: 36629.86 | L38: 34732.87 | M38: 34260.1 | N38: 34400.23 | O38: 36104.59 | P38: 38079.36 | Q38: 40744.02 | R38: 42881.14 | S38: 45344.56 | T38: 48457.21 | U38: 51271.85 | V38: 60843.54 | W38: 69946.75 | X38: 74122.86 | Y38: 73078.75 | Z38: 70238.58 | AA38: 64531.28 | AB38: 58815.76
B39: 47696 | C39: Ordinario | D39: 20 | E39: 55199.49 | F39: 51381.24 | G39: 48541.35 | H39: 46558.62 | I39: 45568.67 | J39: 46158.51 | K39: 45285.03 | L39: 46837.73 | M39: 50397.3 | N39: 51680.64 | O39: 55264.34 | P39: 59656.24 | Q39: 56767.26 | R39: 60147.24 | S39: 67150.01 | T39: 68935.67 | U39: 69696.47 | V39: 76881.67 | W39: 83242.04 | X39: 85060.2 | Y39: 83841.05 | Z39: 80119.98 | AA39: 74010.31 | AB39: 67900.33 | AC39: =SUM(E39:AB39)*D39+SUM(E40:AB40)*D40+SUM(E41:AB41)*D41+SUM(E42:AB42)*D42 -> 43863427
B40: Feb | C40: Sábado | D40: 5 | E40: 54617.02 | F40: 51399.12 | G40: 48896.06 | H40: 46910.15 | I40: 44741.69 | J40: 43459.32 | K40: 41984.96 | L40: 42344.53 | M40: 44631.1 | N40: 46450.71 | O40: 48789.09 | P40: 48736.61 | Q40: 47812.77 | R40: 48453.53 | S40: 51781.3 | T40: 54532.89 | U40: 56453.49 | V40: 67675.75 | W40: 76822.43 | X40: 76934.64 | Y40: 74305.22 | Z40: 71781.88 | AA40: 67636.12 | AB40: 63202.51
B41: Feb | C41: Domingo | D41: 4 | E41: 52686.3 | F41: 50532.27 | G41: 47337.29 | H41: 45743.46 | I41: 44631.97 | J41: 43763.35 | K41: 41650.61 | L41: 40019.55 | M41: 39674.01 | N41: 39978.71 | O41: 41550.01 | P41: 43398.2 | Q41: 44852.68 | R41: 46407.13 | S41: 48653.62 | T41: 51050.65 | U41: 53730.12 | V41: 64737.1 | W41: 74889.72 | X41: 79234.21 | Y41: 79879.63 | Z41: 78342.76 | AA41: 73133.81 | AB41: 66468.58
B42: Feb | C42: Festivo | D42: 2 | E42: 53520.48 | F42: 51014.12 | G42: 47807.09 | H42: 46127.71 | I42: 44963.98 | J42: 44043.67 | K42: 41765.83 | L42: 39989.56 | M42: 39426.25 | N42: 39360.66 | O42: 40928.52 | P42: 42592.6 | Q42: 44093.22 | R42: 45610.37 | S42: 47828.28 | T42: 50202.18 | U42: 52880.23 | V42: 64195.74 | W42: 74381.54 | X42: 78310.05 | Y42: 78877.93 | Z42: 77390.23 | AA42: 72225.45 | AB42: 65790.18
B43: 47727 | C43: Ordinario | D43: 21 | E43: 54523.92 | F43: 50887 | G43: 48048.98 | H43: 45758.98 | I43: 44619.41 | J43: 45182.04 | K43: 43863.16 | L43: 45779.77 | M43: 50269.38 | N43: 51800.32 | O43: 54404.44 | P43: 58232.47 | Q43: 56175.25 | R43: 59039.93 | S43: 65331.82 | T43: 67237.96 | U43: 68365.41 | V43: 76242.18 | W43: 82222.59 | X43: 81854.4 | Y43: 80521.13 | Z43: 76726.83 | AA43: 70357.58 | AB43: 64496.29 | AC43: =SUM(E43:AB43)*D43+SUM(E44:AB44)*D44+SUM(E45:AB45)*D45+SUM(E46:AB46)*D46 -> 41663131
C44: Sábado | D44: 4 | E44: 48875.67 | F44: 45795.42 | G44: 43298.14 | H44: 41489.2 | I44: 40602.99 | J44: 39822.15 | K44: 38798.68 | L44: 39925.85 | M44: 43174.28 | N44: 43613.5 | O44: 46774.47 | P44: 47924.35 | Q44: 48245.21 | R44: 48297.6 | S44: 50707.77 | T44: 52337.94 | U44: 54352.64 | V44: 68038.56 | W44: 77287.84 | X44: 76814.22 | Y44: 75364.55 | Z44: 73264.39 | AA44: 71336.03 | AB44: 66695.2
C45: Domingo | D45: 5 | E45: 54271.35 | F45: 50945.37 | G45: 47530.06 | H45: 45141.15 | I45: 43995.04 | J45: 41830.82 | K45: 38781.21 | L45: 37736.46 | M45: 37825.7 | N45: 39834.62 | O45: 42082.21 | P45: 41815.08 | Q45: 43800.53 | R45: 45064.99 | S45: 46558.47 | T45: 49673.69 | U45: 52103.14 | V45: 64639.32 | W45: 73650.44 | X45: 74690.75 | Y45: 74815.28 | Z45: 73066.02 | AA45: 68093.9 | AB45: 62258.07
C46: Festivo | D46: 0 | E46: 0 | F46: 0 | G46: 0 | H46: 0 | I46: 0 | J46: 0 | K46: 0 | L46: 0 | M46: 0 | N46: 0 | O46: 0 | P46: 0 | Q46: 0 | R46: 0 | S46: 0 | T46: 0 | U46: 0 | V46: 0 | W46: 0 | X46: 0 | Y46: 0 | Z46: 0 | AA46: 0 | AB46: 0
B47: 47757 | C47: Ordinario | D47: 22 | E47: 51279.3 | F47: 47971.36 | G47: 45221.1 | H47: 42943.82 | I47: 42244.23 | J47: 42721.28 | K47: 42303.99 | L47: 44074.18 | M47: 47935.08 | N47: 49429.68 | O47: 51890.9 | P47: 55216.8 | Q47: 52017.56 | R47: 54673.33 | S47: 60825.52 | T47: 63725.6 | U47: 66183.93 | V47: 76218.12 | W47: 82098.37 | X47: 80481.26 | Y47: 78510.77 | Z47: 74619.4 | AA47: 68390.25 | AB47: 62066.36 | AC47: =SUM(E47:AB47)*D47+SUM(E48:AB48)*D48+SUM(E49:AB49)*D49+SUM(E50:AB50)*D50 -> 41935169
B48: Feb | C48: Sábado | D48: 4 | E48: 51340.49 | F48: 47765.53 | G48: 44402.15 | H48: 42417.9 | I48: 41971.44 | J48: 40837.07 | K48: 40878.51 | L48: 41224.53 | M48: 44765.66 | N48: 46499.49 | O48: 49601.87 | P48: 50898.62 | Q48: 50084.52 | R48: 50562.43 | S48: 53633.9 | T48: 57207.49 | U48: 59924.48 | V48: 72702.74 | W48: 79963.54 | X48: 78505.76 | Y48: 75703.91 | Z48: 72351.87 | AA48: 68386.89 | AB48: 63330.42
B49: Feb | C49: Domingo | D49: 4 | E49: 51954.75 | F49: 48429.37 | G49: 45489.38 | H49: 43836.28 | I49: 42606.56 | J49: 41156.12 | K49: 37574.57 | L49: 36470.02 | M49: 36260.01 | N49: 36407.52 | O49: 38442.78 | P49: 40791.16 | Q49: 42934.27 | R49: 44897.64 | S49: 47757.31 | T49: 49719.32 | U49: 53544.23 | V49: 66220.54 | W49: 76071.92 | X49: 77109.89 | Y49: 77005.27 | Z49: 74646.97 | AA49: 69009.42 | AB49: 63093.89
B50: Feb | C50: Festivo | D50: 1 | E50: 52445.59 | F50: 49034.22 | G50: 46079.63 | H50: 44324.68 | I50: 42989.48 | J50: 41664.93 | K50: 37840.23 | L50: 36630.45 | M50: 36614.27 | N50: 36771.37 | O50: 38623.91 | P50: 40857.3 | Q50: 42953.72 | R50: 44815.31 | S50: 47508.23 | T50: 49303.45 | U50: 53246.63 | V50: 65805.14 | W50: 75447.77 | X50: 76426.71 | Y50: 76800.22 | Z50: 74468.9 | AA50: 68926.85 | AB50: 63100.34
B51: 47788 | C51: Ordinario | D51: 19 | E51: 47311.03 | F51: 44050.06 | G51: 41496.72 | H51: 39553.05 | I51: 39016.6 | J51: 39416.32 | K51: 39076.78 | L51: 41720.22 | M51: 45267.39 | N51: 46636.97 | O51: 48603.69 | P51: 50370.11 | Q51: 47890.05 | R51: 50154.9 | S51: 55053.53 | T51: 57913.07 | U51: 60053.6 | V51: 70608.32 | W51: 75154.95 | X51: 73899.87 | Y51: 72375.8 | Z51: 69134.61 | AA51: 63857.24 | AB51: 58218.24 | AC51: =SUM(E51:AB51)*D51+SUM(E52:AB52)*D52+SUM(E53:AB53)*D53+SUM(E54:AB54)*D54 -> 37031374
C52: Sábado | D52: 5 | E52: 44077.59 | F52: 41420.12 | G52: 39428.58 | H52: 38080.98 | I52: 37532.27 | J52: 35731.82 | K52: 36079.38 | L52: 37485.56 | M52: 40754.88 | N52: 42293.38 | O52: 45789.91 | P52: 46758.92 | Q52: 46451.6 | R52: 45430.98 | S52: 45587.29 | T52: 48757.72 | U52: 52249.1 | V52: 65953.69 | W52: 72260.02 | X52: 71476.91 | Y52: 69750.15 | Z52: 67381.25 | AA52: 64247.08 | AB52: 59538.22
C53: Domingo | D53: 4 | E53: 49349.72 | F53: 46633.73 | G53: 43783.39 | H53: 41659.57 | I53: 40430.15 | J53: 39413.47 | K53: 36550.02 | L53: 35040.54 | M53: 34716.54 | N53: 35041.13 | O53: 37262 | P53: 37772.4 | Q53: 39157.72 | R53: 40337.93 | S53: 41717.84 | T53: 44076.23 | U53: 47190.64 | V53: 61189.89 | W53: 67190.88 | X53: 67411.07 | Y53: 66383.7 | Z53: 64558.79 | AA53: 61235.81 | AB53: 57283.28
C54: Festivo | D54: 2 | E54: 49413.06 | F54: 46680.31 | G54: 43831.51 | H54: 41697.4 | I54: 40478.56 | J54: 39458.5 | K54: 36470.8 | L54: 34835.09 | M54: 34639.53 | N54: 34986.58 | O54: 37001.88 | P54: 37316.24 | Q54: 38774.38 | R54: 39856.84 | S54: 41139.27 | T54: 43478.61 | U54: 46805.03 | V54: 60751.42 | W54: 66392.53 | X54: 66597.85 | Y54: 65834.49 | Z54: 64229.08 | AA54: 60968.71 | AB54: 57068.23
B55: 47818 | C55: Ordinario | D55: 21 | E55: 54509.65 | F55: 50959.23 | G55: 48025.16 | H55: 46293.83 | I55: 45539.38 | J55: 45968.15 | K55: 45137.09 | L55: 46923.11 | M55: 50139.9 | N55: 51558.7 | O55: 52940.31 | P55: 54844.95 | Q55: 53282.94 | R55: 54454.65 | S55: 58252.03 | T55: 61387.23 | U55: 65116.63 | V55: 77422.79 | W55: 84881.9 | X55: 83417.91 | Y55: 80778.09 | Z55: 76081.31 | AA55: 70439.4 | AB55: 65186.5 | AC55: =SUM(E55:AB55)*D55+SUM(E56:AB56)*D56+SUM(E57:AB57)*D57+SUM(E58:AB58)*D58 -> 43472186
B56: Feb | C56: Sábado | D56: 4 | E56: 54245.53 | F56: 50471.03 | G56: 48117.75 | H56: 46218.14 | I56: 45328.11 | J56: 44778.31 | K56: 43940.9 | L56: 44259.47 | M56: 49102.94 | N56: 51266.33 | O56: 53582.19 | P56: 55506.05 | Q56: 54572.04 | R56: 55157.31 | S56: 55209.42 | T56: 58305.1 | U56: 62448.29 | V56: 75125.96 | W56: 83658.05 | X56: 82180.78 | Y56: 79644.04 | Z56: 77622.66 | AA56: 72876.34 | AB56: 67419.5
B57: Feb | C57: Domingo | D57: 4 | E57: 56994.11 | F57: 53751.16 | G57: 50926.94 | H57: 48828.28 | I57: 47674.3 | J57: 47100.24 | K57: 43185.28 | L57: 41194.52 | M57: 41695.37 | N57: 42678.35 | O57: 42565.21 | P57: 44201.27 | Q57: 46348.01 | R57: 49426.49 | S57: 46716.32 | T57: 52440.05 | U57: 57067.87 | V57: 69894.19 | W57: 78915.48 | X57: 77344.4 | Y57: 75013.13 | Z57: 73247.35 | AA57: 69212.98 | AB57: 65859.35
B58: Feb | C58: Festivo | D58: 2 | E58: 56994.11 | F58: 53751.16 | G58: 50926.94 | H58: 48828.28 | I58: 47674.3 | J58: 47100.24 | K58: 43185.28 | L58: 41194.52 | M58: 41695.37 | N58: 42678.35 | O58: 42565.21 | P58: 44201.27 | Q58: 46348.01 | R58: 49426.49 | S58: 46716.32 | T58: 52440.05 | U58: 57067.87 | V58: 69894.19 | W58: 78915.48 | X58: 77344.4 | Y58: 75013.13 | Z58: 73247.35 | AA58: 69212.98 | AB58: 65859.35
Z59: TOTAL AÑO kWh | AC59: =SUM(AC11:AC58) -> 5.2523464e+08
B60: Mes | C60: Tipo Día | D60: Días | E60: H1 | F60: H2 | G60: H3 | H60: H4 | I60: H5 | J60: H6 | K60: H7 | L60: H8 | M60: H9 | N60: H10 | O60: H11 | P60: H12 | Q60: H13 | R60: H14 | S60: H15 | T60: H16 | U60: H17 | V60: H18 | W60: H19 | X60: H20 | Y60: H21 | Z60: H22 | AA60: H23 | AB60: H24 | AC60: TOTAL MES kWh | AF60: PERIODO | AG60: H1 | AH60: H2 | AI60: H3 | AJ60: H4 | AK60: H5 | AL60: H6 | AM60: H7 | AN60: H8 | AO60: H9 | AP60: H10 | AQ60: H11 | AR60: H12 | AS60: H13 | AT60: H14 | AU60: H15 | AV60: H16 | AW60: H17 | AX60: H18 | AY60: H19 | AZ60: H20 | BA60: H21 | BB60: H22 | BC60: H23 | BD60: H24 | BE60: TOTAL DIA | BF60: TOTAL AÑO | BH60: Año 2024 | BI60: =(+#REF!)/1000 -> #REF! | BJ60: MWh-año
B61: 47849 | C61: Ordinario | D61: 21 | E61: =ROUND('[7]10.Energ_productos_Necesidad'!AJ260,2) -> 58184.78 | F61: =ROUND('[7]10.Energ_productos_Necesidad'!AK260,2) -> 54915.15 | G61: =ROUND('[7]10.Energ_productos_Necesidad'!AL260,2) -> 52373.02 | H61: =ROUND('[7]10.Energ_productos_Necesidad'!AM260,2) -> 50494.54 | I61: =ROUND('[7]10.Energ_productos_Necesidad'!AN260,2) -> 50006.86 | J61: =ROUND('[7]10.Energ_productos_Necesidad'!AO260,2) -> 51618.6 | K61: =ROUND('[7]10.Energ_productos_Necesidad'!AP260,2) -> 50560.13 | L61: =ROUND('[7]10.Energ_productos_Necesidad'!AQ260,2) -> 53955.19 | ... AB61: =ROUND('[7]10.Energ_productos_Necesidad'!BG260,2) -> 68114.33 | AC61: =SUM(E61:AB61)*D61+SUM(E62:AB62)*D62+SUM(E63:AB63)*D63+SUM(E64:AB64)*D64 -> 47139199
C62: Sábado | D62: 4 | E62: =ROUND('[7]10.Energ_productos_Necesidad'!AJ261,2) -> 57430.26 | F62: =ROUND('[7]10.Energ_productos_Necesidad'!AK261,2) -> 54485.33 | G62: =ROUND('[7]10.Energ_productos_Necesidad'!AL261,2) -> 52023.02 | H62: =ROUND('[7]10.Energ_productos_Necesidad'!AM261,2) -> 50130.71 | I62: =ROUND('[7]10.Energ_productos_Necesidad'!AN261,2) -> 49424.07 | J62: =ROUND('[7]10.Energ_productos_Necesidad'!AO261,2) -> 49605.32 | K62: =ROUND('[7]10.Energ_productos_Necesidad'!AP261,2) -> 47585.65 | L62: =ROUND('[7]10.Energ_productos_Necesidad'!AQ261,2) -> 49847.53 | ... AB62: =ROUND('[7]10.Energ_productos_Necesidad'!BG261,2) -> 66480.42
C63: Domingo | D63: 4 | E63: =ROUND('[7]10.Energ_productos_Necesidad'!AJ262,2) -> 57964.94 | F63: =ROUND('[7]10.Energ_productos_Necesidad'!AK262,2) -> 54911.82 | G63: =ROUND('[7]10.Energ_productos_Necesidad'!AL262,2) -> 52294.16 | H63: =ROUND('[7]10.Energ_productos_Necesidad'!AM262,2) -> 50361.66 | I63: =ROUND('[7]10.Energ_productos_Necesidad'!AN262,2) -> 49415.47 | J63: =ROUND('[7]10.Energ_productos_Necesidad'!AO262,2) -> 48952.12 | K63: =ROUND('[7]10.Energ_productos_Necesidad'!AP262,2) -> 45547.94 | L63: =ROUND('[7]10.Energ_productos_Necesidad'!AQ262,2) -> 44930.35 | ... AB63: =ROUND('[7]10.Energ_productos_Necesidad'!BG262,2) -> 64035.22
C64: Festivo | D64: 2 | E64: =ROUND('[7]10.Energ_productos_Necesidad'!AJ263,2) -> 57926.23 | F64: =ROUND('[7]10.Energ_productos_Necesidad'!AK263,2) -> 54791.13 | G64: =ROUND('[7]10.Energ_productos_Necesidad'!AL263,2) -> 52133.76 | H64: =ROUND('[7]10.Energ_productos_Necesidad'!AM263,2) -> 50200.93 | I64: =ROUND('[7]10.Energ_productos_Necesidad'!AN263,2) -> 49282.73 | J64: =ROUND('[7]10.Energ_productos_Necesidad'!AO263,2) -> 48900.96 | K64: =ROUND('[7]10.Energ_productos_Necesidad'!AP263,2) -> 45646.2 | L64: =ROUND('[7]10.Energ_productos_Necesidad'!AQ263,2) -> 45144.86 | ... AB64: =ROUND('[7]10.Energ_productos_Necesidad'!BG263,2) -> 64197.01 | AD64: =+AC61 -> 47139199
B65: 47880 | C65: Ordinario | D65: 20 | E65: =ROUND('[7]10.Energ_productos_Necesidad'!AJ264,2) -> 61513.58 | F65: =ROUND('[7]10.Energ_productos_Necesidad'!AK264,2) -> 58283.53 | G65: =ROUND('[7]10.Energ_productos_Necesidad'!AL264,2) -> 55513.4 | H65: =ROUND('[7]10.Energ_productos_Necesidad'!AM264,2) -> 53469.22 | I65: =ROUND('[7]10.Energ_productos_Necesidad'!AN264,2) -> 53115.39 | J65: =ROUND('[7]10.Energ_productos_Necesidad'!AO264,2) -> 56226.35 | K65: =ROUND('[7]10.Energ_productos_Necesidad'!AP264,2) -> 55119.07 | L65: =ROUND('[7]10.Energ_productos_Necesidad'!AQ264,2) -> 58358.82 | ... AB65: =ROUND('[7]10.Energ_productos_Necesidad'!BG264,2) -> 71104.92 | AC65: =SUM(E65:AB65)*D65+SUM(E66:AB66)*D66+SUM(E67:AB67)*D67+SUM(E68:AB68)*D68 -> 45127186 | AD65: =+AC65 -> 45127186
B66: Feb | C66: Sábado | D66: 4 | E66: =ROUND('[7]10.Energ_productos_Necesidad'!AJ265,2) -> 61769.56 | F66: =ROUND('[7]10.Energ_productos_Necesidad'!AK265,2) -> 58055.61 | G66: =ROUND('[7]10.Energ_productos_Necesidad'!AL265,2) -> 55764.85 | H66: =ROUND('[7]10.Energ_productos_Necesidad'!AM265,2) -> 53291.86 | I66: =ROUND('[7]10.Energ_productos_Necesidad'!AN265,2) -> 52445.42 | J66: =ROUND('[7]10.Energ_productos_Necesidad'!AO265,2) -> 52954.68 | K66: =ROUND('[7]10.Energ_productos_Necesidad'!AP265,2) -> 51448.59 | L66: =ROUND('[7]10.Energ_productos_Necesidad'!AQ265,2) -> 53800.87 | ... AB66: =ROUND('[7]10.Energ_productos_Necesidad'!BG265,2) -> 70032.31 | AD66: =+AC69 -> 47341171
B67: Feb | C67: Domingo | D67: 4 | E67: =ROUND('[7]10.Energ_productos_Necesidad'!AJ266,2) -> 61844.89 | F67: =ROUND('[7]10.Energ_productos_Necesidad'!AK266,2) -> 58771.81 | G67: =ROUND('[7]10.Energ_productos_Necesidad'!AL266,2) -> 56068.32 | H67: =ROUND('[7]10.Energ_productos_Necesidad'!AM266,2) -> 54117.18 | I67: =ROUND('[7]10.Energ_productos_Necesidad'!AN266,2) -> 53079.55 | J67: =ROUND('[7]10.Energ_productos_Necesidad'!AO266,2) -> 52903.16 | K67: =ROUND('[7]10.Energ_productos_Necesidad'!AP266,2) -> 49408.78 | L67: =ROUND('[7]10.Energ_productos_Necesidad'!AQ266,2) -> 49063.24 | ... AB67: =ROUND('[7]10.Energ_productos_Necesidad'!BG266,2) -> 68347.74 | AD67: =+AC73 -> 43245047
B68: Feb | C68: Festivo | D68: 0 | E68: =ROUND('[7]10.Energ_productos_Necesidad'!AJ267,2) -> 0 | F68: =ROUND('[7]10.Energ_productos_Necesidad'!AK267,2) -> 0 | G68: =ROUND('[7]10.Energ_productos_Necesidad'!AL267,2) -> 0 | H68: =ROUND('[7]10.Energ_productos_Necesidad'!AM267,2) -> 0 | I68: =ROUND('[7]10.Energ_productos_Necesidad'!AN267,2) -> 0 | J68: =ROUND('[7]10.Energ_productos_Necesidad'!AO267,2) -> 0 | K68: =ROUND('[7]10.Energ_productos_Necesidad'!AP267,2) -> 0 | L68: =ROUND('[7]10.Energ_productos_Necesidad'!AQ267,2) -> 0 | ... AB68: =ROUND('[7]10.Energ_productos_Necesidad'!BG267,2) -> 0 | AD68: =+AC77 -> 44593126
B69: 47908 | C69: Ordinario | D69: 20 | E69: =ROUND('[7]10.Energ_productos_Necesidad'!AJ268,2) -> 57344 | F69: =ROUND('[7]10.Energ_productos_Necesidad'!AK268,2) -> 54208.26 | G69: =ROUND('[7]10.Energ_productos_Necesidad'!AL268,2) -> 51744.81 | H69: =ROUND('[7]10.Energ_productos_Necesidad'!AM268,2) -> 50144.79 | I69: =ROUND('[7]10.Energ_productos_Necesidad'!AN268,2) -> 50143.43 | J69: =ROUND('[7]10.Energ_productos_Necesidad'!AO268,2) -> 52613.16 | K69: =ROUND('[7]10.Energ_productos_Necesidad'!AP268,2) -> 52182.03 | L69: =ROUND('[7]10.Energ_productos_Necesidad'!AQ268,2) -> 55949.97 | ... AB69: =ROUND('[7]10.Energ_productos_Necesidad'!BG268,2) -> 65916.82 | AC69: =SUM(E69:AB69)*D69+SUM(E70:AB70)*D70+SUM(E71:AB71)*D71+SUM(E72:AB72)*D72 -> 47341171 | AD69: =+AC81 -> 43761735
C70: Sábado | D70: 5 | E70: =ROUND('[7]10.Energ_productos_Necesidad'!AJ269,2) -> 57197.55 | F70: =ROUND('[7]10.Energ_productos_Necesidad'!AK269,2) -> 54187.79 | G70: =ROUND('[7]10.Energ_productos_Necesidad'!AL269,2) -> 51593.92 | H70: =ROUND('[7]10.Energ_productos_Necesidad'!AM269,2) -> 50002.34 | I70: =ROUND('[7]10.Energ_productos_Necesidad'!AN269,2) -> 49491.64 | J70: =ROUND('[7]10.Energ_productos_Necesidad'!AO269,2) -> 49793.75 | K70: =ROUND('[7]10.Energ_productos_Necesidad'!AP269,2) -> 49173.22 | L70: =ROUND('[7]10.Energ_productos_Necesidad'!AQ269,2) -> 52108.84 | ... AB70: =ROUND('[7]10.Energ_productos_Necesidad'!BG269,2) -> 68495.07 | AD70: =+AC85 -> 44341110
C71: Domingo | D71: 5 | E71: =ROUND('[7]10.Energ_productos_Necesidad'!AJ270,2) -> 59477.99 | F71: =ROUND('[7]10.Energ_productos_Necesidad'!AK270,2) -> 56197.44 | G71: =ROUND('[7]10.Energ_productos_Necesidad'!AL270,2) -> 53485.54 | H71: =ROUND('[7]10.Energ_productos_Necesidad'!AM270,2) -> 51558.08 | I71: =ROUND('[7]10.Energ_productos_Necesidad'!AN270,2) -> 50493.56 | J71: =ROUND('[7]10.Energ_productos_Necesidad'!AO270,2) -> 49883.58 | K71: =ROUND('[7]10.Energ_productos_Necesidad'!AP270,2) -> 47480.5 | L71: =ROUND('[7]10.Energ_productos_Necesidad'!AQ270,2) -> 47972.19 | ... AB71: =ROUND('[7]10.Energ_productos_Necesidad'!BG270,2) -> 67954.03 | AD71: =+AC89 -> 44277468
C72: Festivo | D72: 1 | E72: =ROUND('[7]10.Energ_productos_Necesidad'!AJ271,2) -> 59678.75 | F72: =ROUND('[7]10.Energ_productos_Necesidad'!AK271,2) -> 56334.55 | G72: =ROUND('[7]10.Energ_productos_Necesidad'!AL271,2) -> 53599.37 | H72: =ROUND('[7]10.Energ_productos_Necesidad'!AM271,2) -> 51861.53 | I72: =ROUND('[7]10.Energ_productos_Necesidad'!AN271,2) -> 50612.12 | J72: =ROUND('[7]10.Energ_productos_Necesidad'!AO271,2) -> 49948 | K72: =ROUND('[7]10.Energ_productos_Necesidad'!AP271,2) -> 47504.25 | L72: =ROUND('[7]10.Energ_productos_Necesidad'!AQ271,2) -> 47906.99 | ... AB72: =ROUND('[7]10.Energ_productos_Necesidad'!BG271,2) -> 67480.88 | AD72: =+AC93 -> 42192654
B73: 47939 | C73: Ordinario | D73: 20 | E73: =ROUND('[7]10.Energ_productos_Necesidad'!AJ272,2) -> 54411.66 | F73: =ROUND('[7]10.Energ_productos_Necesidad'!AK272,2) -> 51406.82 | G73: =ROUND('[7]10.Energ_productos_Necesidad'!AL272,2) -> 49112.67 | H73: =ROUND('[7]10.Energ_productos_Necesidad'!AM272,2) -> 47653.24 | I73: =ROUND('[7]10.Energ_productos_Necesidad'!AN272,2) -> 47699.72 | J73: =ROUND('[7]10.Energ_productos_Necesidad'!AO272,2) -> 48946.93 | K73: =ROUND('[7]10.Energ_productos_Necesidad'!AP272,2) -> 48973.94 | L73: =ROUND('[7]10.Energ_productos_Necesidad'!AQ272,2) -> 52648.66 | ... AB73: =ROUND('[7]10.Energ_productos_Necesidad'!BG272,2) -> 63524.19 | AC73: =SUM(E73:AB73)*D73+SUM(E74:AB74)*D74+SUM(E75:AB75)*D75+SUM(E76:AB76)*D76 -> 43245047 | AD73: =+AC97 -> 42687347
B74: Feb | C74: Sábado | D74: 4 | E74: =ROUND('[7]10.Energ_productos_Necesidad'!AJ273,2) -> 53167.32 | F74: =ROUND('[7]10.Energ_productos_Necesidad'!AK273,2) -> 50029.52 | G74: =ROUND('[7]10.Energ_productos_Necesidad'!AL273,2) -> 47565.35 | H74: =ROUND('[7]10.Energ_productos_Necesidad'!AM273,2) -> 45933.08 | I74: =ROUND('[7]10.Energ_productos_Necesidad'!AN273,2) -> 45371.68 | J74: =ROUND('[7]10.Energ_productos_Necesidad'!AO273,2) -> 45346.66 | K74: =ROUND('[7]10.Energ_productos_Necesidad'!AP273,2) -> 44394.66 | L74: =ROUND('[7]10.Energ_productos_Necesidad'!AQ273,2) -> 46571.83 | ... AB74: =ROUND('[7]10.Energ_productos_Necesidad'!BG273,2) -> 62305.9 | AD74: =+AC101 -> 39381211
B75: Feb | C75: Domingo | D75: 4 | E75: =ROUND('[7]10.Energ_productos_Necesidad'!AJ274,2) -> 53929.55 | F75: =ROUND('[7]10.Energ_productos_Necesidad'!AK274,2) -> 51132.21 | G75: =ROUND('[7]10.Energ_productos_Necesidad'!AL274,2) -> 48806.19 | H75: =ROUND('[7]10.Energ_productos_Necesidad'!AM274,2) -> 47078.2 | I75: =ROUND('[7]10.Energ_productos_Necesidad'!AN274,2) -> 46419.17 | J75: =ROUND('[7]10.Energ_productos_Necesidad'!AO274,2) -> 45340.31 | K75: =ROUND('[7]10.Energ_productos_Necesidad'!AP274,2) -> 43952.39 | L75: =ROUND('[7]10.Energ_productos_Necesidad'!AQ274,2) -> 44130.87 | ... AB75: =ROUND('[7]10.Energ_productos_Necesidad'!BG274,2) -> 62552.56 | AD75: =+AC105 -> 44345728
B76: Feb | C76: Festivo | D76: 2 | E76: =ROUND('[7]10.Energ_productos_Necesidad'!AJ275,2) -> 53685.91 | F76: =ROUND('[7]10.Energ_productos_Necesidad'!AK275,2) -> 50890.72 | G76: =ROUND('[7]10.Energ_productos_Necesidad'!AL275,2) -> 48488.35 | H76: =ROUND('[7]10.Energ_productos_Necesidad'!AM275,2) -> 46811.33 | I76: =ROUND('[7]10.Energ_productos_Necesidad'!AN275,2) -> 46123.94 | J76: =ROUND('[7]10.Energ_productos_Necesidad'!AO275,2) -> 45118.08 | K76: =ROUND('[7]10.Energ_productos_Necesidad'!AP275,2) -> 43763.01 | L76: =ROUND('[7]10.Energ_productos_Necesidad'!AQ275,2) -> 44011.51 | ... AB76: =ROUND('[7]10.Energ_productos_Necesidad'!BG275,2) -> 62003.32
B77: 47969 | C77: Ordinario | D77: 20 | E77: =ROUND('[7]10.Energ_productos_Necesidad'!AJ276,2) -> 52850.09 | F77: =ROUND('[7]10.Energ_productos_Necesidad'!AK276,2) -> 50132.69 | G77: =ROUND('[7]10.Energ_productos_Necesidad'!AL276,2) -> 47950.64 | H77: =ROUND('[7]10.Energ_productos_Necesidad'!AM276,2) -> 46468.39 | I77: =ROUND('[7]10.Energ_productos_Necesidad'!AN276,2) -> 46585.3 | J77: =ROUND('[7]10.Energ_productos_Necesidad'!AO276,2) -> 47872.48 | K77: =ROUND('[7]10.Energ_productos_Necesidad'!AP276,2) -> 48230.29 | L77: =ROUND('[7]10.Energ_productos_Necesidad'!AQ276,2) -> 51964.62 | ... AB77: =ROUND('[7]10.Energ_productos_Necesidad'!BG276,2) -> 61878.3 | AC77: =SUM(E77:AB77)*D77+SUM(E78:AB78)*D78+SUM(E79:AB79)*D79+SUM(E80:AB80)*D80 -> 44593126
C78: Sábado | D78: 5 | E78: =ROUND('[7]10.Energ_productos_Necesidad'!AJ277,2) -> 54481.01 | F78: =ROUND('[7]10.Energ_productos_Necesidad'!AK277,2) -> 50687.93 | G78: =ROUND('[7]10.Energ_productos_Necesidad'!AL277,2) -> 48237.51 | H78: =ROUND('[7]10.Energ_productos_Necesidad'!AM277,2) -> 46574.8 | I78: =ROUND('[7]10.Energ_productos_Necesidad'!AN277,2) -> 46116.73 | J78: =ROUND('[7]10.Energ_productos_Necesidad'!AO277,2) -> 45490.81 | K78: =ROUND('[7]10.Energ_productos_Necesidad'!AP277,2) -> 44987.54 | L78: =ROUND('[7]10.Energ_productos_Necesidad'!AQ277,2) -> 48154.8 | ... AB78: =ROUND('[7]10.Energ_productos_Necesidad'!BG277,2) -> 64408.07
C79: Domingo | D79: 4 | E79: =ROUND('[7]10.Energ_productos_Necesidad'!AJ278,2) -> 55148.87 | F79: =ROUND('[7]10.Energ_productos_Necesidad'!AK278,2) -> 52316.56 | G79: =ROUND('[7]10.Energ_productos_Necesidad'!AL278,2) -> 49987.19 | H79: =ROUND('[7]10.Energ_productos_Necesidad'!AM278,2) -> 48226.47 | I79: =ROUND('[7]10.Energ_productos_Necesidad'!AN278,2) -> 47476.26 | J79: =ROUND('[7]10.Energ_productos_Necesidad'!AO278,2) -> 45831.14 | K79: =ROUND('[7]10.Energ_productos_Necesidad'!AP278,2) -> 44295.24 | L79: =ROUND('[7]10.Energ_productos_Necesidad'!AQ278,2) -> 44738.45 | ... AB79: =ROUND('[7]10.Energ_productos_Necesidad'!BG278,2) -> 61815.46
C80: Festivo | D80: 2 | E80: =ROUND('[7]10.Energ_productos_Necesidad'!AJ279,2) -> 55104.99 | F80: =ROUND('[7]10.Energ_productos_Necesidad'!AK279,2) -> 52272.5 | G80: =ROUND('[7]10.Energ_productos_Necesidad'!AL279,2) -> 49949.86 | H80: =ROUND('[7]10.Energ_productos_Necesidad'!AM279,2) -> 48195.96 | I80: =ROUND('[7]10.Energ_productos_Necesidad'!AN279,2) -> 47349.21 | J80: =ROUND('[7]10.Energ_productos_Necesidad'!AO279,2) -> 45453.55 | K80: =ROUND('[7]10.Energ_productos_Necesidad'!AP279,2) -> 43825.73 | L80: =ROUND('[7]10.Energ_productos_Necesidad'!AQ279,2) -> 44090.27 | ... AB80: =ROUND('[7]10.Energ_productos_Necesidad'!BG279,2) -> 61715.39
B81: 48000 | C81: Ordinario | D81: 18 | E81: =ROUND('[7]10.Energ_productos_Necesidad'!AJ280,2) -> 55009.2 | F81: =ROUND('[7]10.Energ_productos_Necesidad'!AK280,2) -> 51979.99 | G81: =ROUND('[7]10.Energ_productos_Necesidad'!AL280,2) -> 49813.17 | H81: =ROUND('[7]10.Energ_productos_Necesidad'!AM280,2) -> 47947.93 | I81: =ROUND('[7]10.Energ_productos_Necesidad'!AN280,2) -> 47929.05 | J81: =ROUND('[7]10.Energ_productos_Necesidad'!AO280,2) -> 48346.09 | K81: =ROUND('[7]10.Energ_productos_Necesidad'!AP280,2) -> 48408.33 | L81: =ROUND('[7]10.Energ_productos_Necesidad'!AQ280,2) -> 52361.25 | ... AB81: =ROUND('[7]10.Energ_productos_Necesidad'!BG280,2) -> 63440.47 | AC81: =SUM(E81:AB81)*D81+SUM(E82:AB82)*D82+SUM(E83:AB83)*D83+SUM(E84:AB84)*D84 -> 43761735
B82: Feb | C82: Sábado | D82: 4 | E82: =ROUND('[7]10.Energ_productos_Necesidad'!AJ281,2) -> 54637.28 | F82: =ROUND('[7]10.Energ_productos_Necesidad'!AK281,2) -> 51707.02 | G82: =ROUND('[7]10.Energ_productos_Necesidad'!AL281,2) -> 49572.15 | H82: =ROUND('[7]10.Energ_productos_Necesidad'!AM281,2) -> 48133.34 | I82: =ROUND('[7]10.Energ_productos_Necesidad'!AN281,2) -> 47692 | J82: =ROUND('[7]10.Energ_productos_Necesidad'!AO281,2) -> 46745.68 | K82: =ROUND('[7]10.Energ_productos_Necesidad'!AP281,2) -> 46355.67 | L82: =ROUND('[7]10.Energ_productos_Necesidad'!AQ281,2) -> 49699.35 | ... AB82: =ROUND('[7]10.Energ_productos_Necesidad'!BG281,2) -> 63259.71
B83: Feb | C83: Domingo | D83: 5 | E83: =ROUND('[7]10.Energ_productos_Necesidad'!AJ282,2) -> 56563.93 | F83: =ROUND('[7]10.Energ_productos_Necesidad'!AK282,2) -> 53397.34 | G83: =ROUND('[7]10.Energ_productos_Necesidad'!AL282,2) -> 50804 | H83: =ROUND('[7]10.Energ_productos_Necesidad'!AM282,2) -> 49142.15 | I83: =ROUND('[7]10.Energ_productos_Necesidad'!AN282,2) -> 48445.68 | J83: =ROUND('[7]10.Energ_productos_Necesidad'!AO282,2) -> 46427.01 | K83: =ROUND('[7]10.Energ_productos_Necesidad'!AP282,2) -> 44635.74 | L83: =ROUND('[7]10.Energ_productos_Necesidad'!AQ282,2) -> 44694.37 | ... AB83: =ROUND('[7]10.Energ_productos_Necesidad'!BG282,2) -> 64907.74
B84: Feb | C84: Festivo | D84: 3 | E84: =ROUND('[7]10.Energ_productos_Necesidad'!AJ283,2) -> 56885.79 | F84: =ROUND('[7]10.Energ_productos_Necesidad'!AK283,2) -> 53682.75 | G84: =ROUND('[7]10.Energ_productos_Necesidad'!AL283,2) -> 51072.25 | H84: =ROUND('[7]10.Energ_productos_Necesidad'!AM283,2) -> 49377.45 | I84: =ROUND('[7]10.Energ_productos_Necesidad'!AN283,2) -> 48636.47 | J84: =ROUND('[7]10.Energ_productos_Necesidad'!AO283,2) -> 46655.88 | K84: =ROUND('[7]10.Energ_productos_Necesidad'!AP283,2) -> 44815.94 | L84: =ROUND('[7]10.Energ_productos_Necesidad'!AQ283,2) -> 44787.14 | ... AB84: =ROUND('[7]10.Energ_productos_Necesidad'!BG283,2) -> 65007.32
B85: 48030 | C85: Ordinario | D85: 23 | E85: =ROUND('[7]10.Energ_productos_Necesidad'!AJ284,2) -> 53722.37 | F85: =ROUND('[7]10.Energ_productos_Necesidad'!AK284,2) -> 50678.67 | G85: =ROUND('[7]10.Energ_productos_Necesidad'!AL284,2) -> 48305.43 | H85: =ROUND('[7]10.Energ_productos_Necesidad'!AM284,2) -> 46719.64 | I85: =ROUND('[7]10.Energ_productos_Necesidad'!AN284,2) -> 46349.94 | J85: =ROUND('[7]10.Energ_productos_Necesidad'!AO284,2) -> 47142.45 | K85: =ROUND('[7]10.Energ_productos_Necesidad'!AP284,2) -> 46871.05 | L85: =ROUND('[7]10.Energ_productos_Necesidad'!AQ284,2) -> 50380.12 | ... AB85: =ROUND('[7]10.Energ_productos_Necesidad'!BG284,2) -> 62944.65 | AC85: =SUM(E85:AB85)*D85+SUM(E86:AB86)*D86+SUM(E87:AB87)*D87+SUM(E88:AB88)*D88 -> 44341110
C86: Sábado | D86: 4 | E86: =ROUND('[7]10.Energ_productos_Necesidad'!AJ285,2) -> 54521.46 | F86: =ROUND('[7]10.Energ_productos_Necesidad'!AK285,2) -> 51040.8 | G86: =ROUND('[7]10.Energ_productos_Necesidad'!AL285,2) -> 48412.99 | H86: =ROUND('[7]10.Energ_productos_Necesidad'!AM285,2) -> 46983.11 | I86: =ROUND('[7]10.Energ_productos_Necesidad'!AN285,2) -> 46005.24 | J86: =ROUND('[7]10.Energ_productos_Necesidad'!AO285,2) -> 45389.26 | K86: =ROUND('[7]10.Energ_productos_Necesidad'!AP285,2) -> 44706.04 | L86: =ROUND('[7]10.Energ_productos_Necesidad'!AQ285,2) -> 46846.37 | ... AB86: =ROUND('[7]10.Energ_productos_Necesidad'!BG285,2) -> 59011.14
C87: Domingo | D87: 3 | E87: =ROUND('[7]10.Energ_productos_Necesidad'!AJ286,2) -> 48936.06 | F87: =ROUND('[7]10.Energ_productos_Necesidad'!AK286,2) -> 46492.91 | G87: =ROUND('[7]10.Energ_productos_Necesidad'!AL286,2) -> 44134.62 | H87: =ROUND('[7]10.Energ_productos_Necesidad'!AM286,2) -> 42839.01 | I87: =ROUND('[7]10.Energ_productos_Necesidad'!AN286,2) -> 42339.34 | J87: =ROUND('[7]10.Energ_productos_Necesidad'!AO286,2) -> 41121.78 | K87: =ROUND('[7]10.Energ_productos_Necesidad'!AP286,2) -> 39598.72 | L87: =ROUND('[7]10.Energ_productos_Necesidad'!AQ286,2) -> 39449.58 | ... AB87: =ROUND('[7]10.Energ_productos_Necesidad'!BG286,2) -> 57620.44
C88: Festivo | D88: 1 | E88: =ROUND('[7]10.Energ_productos_Necesidad'!AJ287,2) -> 48944.47 | F88: =ROUND('[7]10.Energ_productos_Necesidad'!AK287,2) -> 46501.39 | G88: =ROUND('[7]10.Energ_productos_Necesidad'!AL287,2) -> 44164.73 | H88: =ROUND('[7]10.Energ_productos_Necesidad'!AM287,2) -> 42849.83 | I88: =ROUND('[7]10.Energ_productos_Necesidad'!AN287,2) -> 42308.71 | J88: =ROUND('[7]10.Energ_productos_Necesidad'!AO287,2) -> 41047.18 | K88: =ROUND('[7]10.Energ_productos_Necesidad'!AP287,2) -> 39491.59 | L88: =ROUND('[7]10.Energ_productos_Necesidad'!AQ287,2) -> 39262.14 | ... AB88: =ROUND('[7]10.Energ_productos_Necesidad'!BG287,2) -> 57607.56
B89: 48061 | C89: Ordinario | D89: 19 | E89: =ROUND('[7]10.Energ_productos_Necesidad'!AJ288,2) -> 54104.32 | F89: =ROUND('[7]10.Energ_productos_Necesidad'!AK288,2) -> 50742.35 | G89: =ROUND('[7]10.Energ_productos_Necesidad'!AL288,2) -> 48310.76 | H89: =ROUND('[7]10.Energ_productos_Necesidad'!AM288,2) -> 46629.77 | I89: =ROUND('[7]10.Energ_productos_Necesidad'!AN288,2) -> 46221.8 | J89: =ROUND('[7]10.Energ_productos_Necesidad'!AO288,2) -> 47449.18 | K89: =ROUND('[7]10.Energ_productos_Necesidad'!AP288,2) -> 47308.49 | L89: =ROUND('[7]10.Energ_productos_Necesidad'!AQ288,2) -> 50207.04 | ... AB89: =ROUND('[7]10.Energ_productos_Necesidad'!BG288,2) -> 64222.83 | AC89: =SUM(E89:AB89)*D89+SUM(E90:AB90)*D90+SUM(E91:AB91)*D91+SUM(E92:AB92)*D92 -> 44277468
B90: Feb | C90: Sábado | D90: 5 | E90: =ROUND('[7]10.Energ_productos_Necesidad'!AJ289,2) -> 54363.97 | F90: =ROUND('[7]10.Energ_productos_Necesidad'!AK289,2) -> 51332.24 | G90: =ROUND('[7]10.Energ_productos_Necesidad'!AL289,2) -> 49041.08 | H90: =ROUND('[7]10.Energ_productos_Necesidad'!AM289,2) -> 47248.66 | I90: =ROUND('[7]10.Energ_productos_Necesidad'!AN289,2) -> 45799.58 | J90: =ROUND('[7]10.Energ_productos_Necesidad'!AO289,2) -> 45028.44 | K90: =ROUND('[7]10.Energ_productos_Necesidad'!AP289,2) -> 44349.03 | L90: =ROUND('[7]10.Energ_productos_Necesidad'!AQ289,2) -> 46501.75 | ... AB90: =ROUND('[7]10.Energ_productos_Necesidad'!BG289,2) -> 61037.81
B91: Feb | C91: Domingo | D91: 5 | E91: =ROUND('[7]10.Energ_productos_Necesidad'!AJ290,2) -> 52817.88 | F91: =ROUND('[7]10.Energ_productos_Necesidad'!AK290,2) -> 50296.08 | G91: =ROUND('[7]10.Energ_productos_Necesidad'!AL290,2) -> 47631.83 | H91: =ROUND('[7]10.Energ_productos_Necesidad'!AM290,2) -> 46177.1 | I91: =ROUND('[7]10.Energ_productos_Necesidad'!AN290,2) -> 45299.98 | J91: =ROUND('[7]10.Energ_productos_Necesidad'!AO290,2) -> 44510.99 | K91: =ROUND('[7]10.Energ_productos_Necesidad'!AP290,2) -> 42760.06 | L91: =ROUND('[7]10.Energ_productos_Necesidad'!AQ290,2) -> 42645.22 | ... AB91: =ROUND('[7]10.Energ_productos_Necesidad'!BG290,2) -> 62189.67
B92: Feb | C92: Festivo | D92: 2 | E92: =ROUND('[7]10.Energ_productos_Necesidad'!AJ291,2) -> 53195.26 | F92: =ROUND('[7]10.Energ_productos_Necesidad'!AK291,2) -> 50514.06 | G92: =ROUND('[7]10.Energ_productos_Necesidad'!AL291,2) -> 47844.36 | H92: =ROUND('[7]10.Energ_productos_Necesidad'!AM291,2) -> 46350.93 | I92: =ROUND('[7]10.Energ_productos_Necesidad'!AN291,2) -> 45450.18 | J92: =ROUND('[7]10.Energ_productos_Necesidad'!AO291,2) -> 44637.8 | K92: =ROUND('[7]10.Energ_productos_Necesidad'!AP291,2) -> 42812.19 | L92: =ROUND('[7]10.Energ_productos_Necesidad'!AQ291,2) -> 42631.66 | ... AB92: =ROUND('[7]10.Energ_productos_Necesidad'!BG291,2) -> 61882.77
B93: 48092 | C93: Ordinario | D93: 22 | E93: =ROUND('[7]10.Energ_productos_Necesidad'!AJ292,2) -> 52799.83 | F93: =ROUND('[7]10.Energ_productos_Necesidad'!AK292,2) -> 49638.45 | G93: =ROUND('[7]10.Energ_productos_Necesidad'!AL292,2) -> 47244.5 | H93: =ROUND('[7]10.Energ_productos_Necesidad'!AM292,2) -> 45412.31 | I93: =ROUND('[7]10.Energ_productos_Necesidad'!AN292,2) -> 44937.61 | J93: =ROUND('[7]10.Energ_productos_Necesidad'!AO292,2) -> 46097.92 | K93: =ROUND('[7]10.Energ_productos_Necesidad'!AP292,2) -> 45839.99 | L93: =ROUND('[7]10.Energ_productos_Necesidad'!AQ292,2) -> 48999.47 | ... AB93: =ROUND('[7]10.Energ_productos_Necesidad'!BG292,2) -> 60947.3 | AC93: =SUM(E93:AB93)*D93+SUM(E94:AB94)*D94+SUM(E95:AB95)*D95+SUM(E96:AB96)*D96 -> 42192654
C94: Sábado | D94: 4 | E94: =ROUND('[7]10.Energ_productos_Necesidad'!AJ293,2) -> 49775.76 | F94: =ROUND('[7]10.Energ_productos_Necesidad'!AK293,2) -> 46941.71 | G94: =ROUND('[7]10.Energ_productos_Necesidad'!AL293,2) -> 44741.87 | H94: =ROUND('[7]10.Energ_productos_Necesidad'!AM293,2) -> 43132.99 | I94: =ROUND('[7]10.Energ_productos_Necesidad'!AN293,2) -> 42537.51 | J94: =ROUND('[7]10.Energ_productos_Necesidad'!AO293,2) -> 42065.45 | K94: =ROUND('[7]10.Energ_productos_Necesidad'!AP293,2) -> 41829.19 | L94: =ROUND('[7]10.Energ_productos_Necesidad'!AQ293,2) -> 44489.94 | ... AB94: =ROUND('[7]10.Energ_productos_Necesidad'!BG293,2) -> 61828.08
C95: Domingo | D95: 4 | E95: =ROUND('[7]10.Energ_productos_Necesidad'!AJ294,2) -> 52550.91 | F95: =ROUND('[7]10.Energ_productos_Necesidad'!AK294,2) -> 49576.51 | G95: =ROUND('[7]10.Energ_productos_Necesidad'!AL294,2) -> 46806.88 | H95: =ROUND('[7]10.Energ_productos_Necesidad'!AM294,2) -> 44928.84 | I95: =ROUND('[7]10.Energ_productos_Necesidad'!AN294,2) -> 44074.68 | J95: =ROUND('[7]10.Energ_productos_Necesidad'!AO294,2) -> 42463.35 | K95: =ROUND('[7]10.Energ_productos_Necesidad'!AP294,2) -> 40382.67 | L95: =ROUND('[7]10.Energ_productos_Necesidad'!AQ294,2) -> 40721.34 | ... AB95: =ROUND('[7]10.Energ_productos_Necesidad'!BG294,2) -> 59073.65
C96: Festivo | D96: 0 | E96: =ROUND('[7]10.Energ_productos_Necesidad'!AJ295,2) -> 0 | F96: =ROUND('[7]10.Energ_productos_Necesidad'!AK295,2) -> 0 | G96: =ROUND('[7]10.Energ_productos_Necesidad'!AL295,2) -> 0 | H96: =ROUND('[7]10.Energ_productos_Necesidad'!AM295,2) -> 0 | I96: =ROUND('[7]10.Energ_productos_Necesidad'!AN295,2) -> 0 | J96: =ROUND('[7]10.Energ_productos_Necesidad'!AO295,2) -> 0 | K96: =ROUND('[7]10.Energ_productos_Necesidad'!AP295,2) -> 0 | L96: =ROUND('[7]10.Energ_productos_Necesidad'!AQ295,2) -> 0 | ... AB96: =ROUND('[7]10.Energ_productos_Necesidad'!BG295,2) -> 0
B97: 48122 | C97: Ordinario | D97: 22 | E97: =ROUND('[7]10.Energ_productos_Necesidad'!AJ296,2) -> 50626.23 | F97: =ROUND('[7]10.Energ_productos_Necesidad'!AK296,2) -> 47637.65 | G97: =ROUND('[7]10.Energ_productos_Necesidad'!AL296,2) -> 45352.97 | H97: =ROUND('[7]10.Energ_productos_Necesidad'!AM296,2) -> 43586 | I97: =ROUND('[7]10.Energ_productos_Necesidad'!AN296,2) -> 43403.18 | J97: =ROUND('[7]10.Energ_productos_Necesidad'!AO296,2) -> 44426.59 | K97: =ROUND('[7]10.Energ_productos_Necesidad'!AP296,2) -> 44849.97 | L97: =ROUND('[7]10.Energ_productos_Necesidad'!AQ296,2) -> 48001.78 | ... AB97: =ROUND('[7]10.Energ_productos_Necesidad'!BG296,2) -> 59363.83 | AC97: =SUM(E97:AB97)*D97+SUM(E98:AB98)*D98+SUM(E99:AB99)*D99+SUM(E100:AB100)*D100 -> 42687347
B98: Feb | C98: Sábado | D98: 4 | E98: =ROUND('[7]10.Energ_productos_Necesidad'!AJ297,2) -> 51170.56 | F98: =ROUND('[7]10.Energ_productos_Necesidad'!AK297,2) -> 47914.8 | G98: =ROUND('[7]10.Energ_productos_Necesidad'!AL297,2) -> 45153.32 | H98: =ROUND('[7]10.Energ_productos_Necesidad'!AM297,2) -> 43469.03 | I98: =ROUND('[7]10.Energ_productos_Necesidad'!AN297,2) -> 43277.65 | J98: =ROUND('[7]10.Energ_productos_Necesidad'!AO297,2) -> 42733.4 | K98: =ROUND('[7]10.Energ_productos_Necesidad'!AP297,2) -> 42988.38 | L98: =ROUND('[7]10.Energ_productos_Necesidad'!AQ297,2) -> 45061.98 | ... AB98: =ROUND('[7]10.Energ_productos_Necesidad'!BG297,2) -> 59948.8
B99: Feb | C99: Domingo | D99: 4 | E99: =ROUND('[7]10.Energ_productos_Necesidad'!AJ298,2) -> 51200.98 | F99: =ROUND('[7]10.Energ_productos_Necesidad'!AK298,2) -> 48123.53 | G99: =ROUND('[7]10.Energ_productos_Necesidad'!AL298,2) -> 45616.86 | H99: =ROUND('[7]10.Energ_productos_Necesidad'!AM298,2) -> 44131.66 | I99: =ROUND('[7]10.Energ_productos_Necesidad'!AN298,2) -> 43277.05 | J99: =ROUND('[7]10.Energ_productos_Necesidad'!AO298,2) -> 42105.8 | K99: =ROUND('[7]10.Energ_productos_Necesidad'!AP298,2) -> 39806.25 | L99: =ROUND('[7]10.Energ_productos_Necesidad'!AQ298,2) -> 40098.22 | ... AB99: =ROUND('[7]10.Energ_productos_Necesidad'!BG298,2) -> 59307.2
B100: Feb | C100: Festivo | D100: 1 | E100: =ROUND('[7]10.Energ_productos_Necesidad'!AJ299,2) -> 51422.19 | F100: =ROUND('[7]10.Energ_productos_Necesidad'!AK299,2) -> 48396.13 | G100: =ROUND('[7]10.Energ_productos_Necesidad'!AL299,2) -> 45882.87 | H100: =ROUND('[7]10.Energ_productos_Necesidad'!AM299,2) -> 44351.77 | I100: =ROUND('[7]10.Energ_productos_Necesidad'!AN299,2) -> 43449.64 | J100: =ROUND('[7]10.Energ_productos_Necesidad'!AO299,2) -> 42335.11 | K100: =ROUND('[7]10.Energ_productos_Necesidad'!AP299,2) -> 39925.97 | L100: =ROUND('[7]10.Energ_productos_Necesidad'!AQ299,2) -> 40170.53 | ... AB100: =ROUND('[7]10.Energ_productos_Necesidad'!BG299,2) -> 59310.1
B101: 48153 | C101: Ordinario | D101: 18 | E101: =ROUND('[7]10.Energ_productos_Necesidad'!AJ300,2) -> 48857.2 | F101: =ROUND('[7]10.Energ_productos_Necesidad'!AK300,2) -> 45944.35 | G101: =ROUND('[7]10.Energ_productos_Necesidad'!AL300,2) -> 43745.71 | H101: =ROUND('[7]10.Energ_productos_Necesidad'!AM300,2) -> 42182.63 | I101: =ROUND('[7]10.Energ_productos_Necesidad'!AN300,2) -> 42057.37 | J101: =ROUND('[7]10.Energ_productos_Necesidad'!AO300,2) -> 43053.84 | K101: =ROUND('[7]10.Energ_productos_Necesidad'!AP300,2) -> 43539.32 | L101: =ROUND('[7]10.Energ_productos_Necesidad'!AQ300,2) -> 47214.73 | ... AB101: =ROUND('[7]10.Energ_productos_Necesidad'!BG300,2) -> 57615.91 | AC101: =SUM(E101:AB101)*D101+SUM(E102:AB102)*D102+SUM(E103:AB103)*D103+SUM(E104:AB104)*D104 -> 39381211
C102: Sábado | D102: 5 | E102: =ROUND('[7]10.Energ_productos_Necesidad'!AJ301,2) -> 46800.64 | F102: =ROUND('[7]10.Energ_productos_Necesidad'!AK301,2) -> 44258.51 | G102: =ROUND('[7]10.Energ_productos_Necesidad'!AL301,2) -> 42404.7 | H102: =ROUND('[7]10.Energ_productos_Necesidad'!AM301,2) -> 41177.91 | I102: =ROUND('[7]10.Energ_productos_Necesidad'!AN301,2) -> 40942.05 | J102: =ROUND('[7]10.Energ_productos_Necesidad'!AO301,2) -> 40207.83 | K102: =ROUND('[7]10.Energ_productos_Necesidad'!AP301,2) -> 40588.57 | L102: =ROUND('[7]10.Energ_productos_Necesidad'!AQ301,2) -> 43559.28 | ... AB102: =ROUND('[7]10.Energ_productos_Necesidad'!BG301,2) -> 58002.22
C103: Domingo | D103: 5 | E103: =ROUND('[7]10.Energ_productos_Necesidad'!AJ302,2) -> 49977.01 | F103: =ROUND('[7]10.Energ_productos_Necesidad'!AK302,2) -> 47384.54 | G103: =ROUND('[7]10.Energ_productos_Necesidad'!AL302,2) -> 44939.61 | H103: =ROUND('[7]10.Energ_productos_Necesidad'!AM302,2) -> 43215.27 | I103: =ROUND('[7]10.Energ_productos_Necesidad'!AN302,2) -> 42370.7 | J103: =ROUND('[7]10.Energ_productos_Necesidad'!AO302,2) -> 41488.05 | K103: =ROUND('[7]10.Energ_productos_Necesidad'!AP302,2) -> 39551.81 | L103: =ROUND('[7]10.Energ_productos_Necesidad'!AQ302,2) -> 39658.65 | ... AB103: =ROUND('[7]10.Energ_productos_Necesidad'!BG302,2) -> 56447.62
C104: Festivo | D104: 2 | E104: =ROUND('[7]10.Energ_productos_Necesidad'!AJ303,2) -> 50005.68 | F104: =ROUND('[7]10.Energ_productos_Necesidad'!AK303,2) -> 47405.63 | G104: =ROUND('[7]10.Energ_productos_Necesidad'!AL303,2) -> 44961.39 | H104: =ROUND('[7]10.Energ_productos_Necesidad'!AM303,2) -> 43232.4 | I104: =ROUND('[7]10.Energ_productos_Necesidad'!AN303,2) -> 42392.61 | J104: =ROUND('[7]10.Energ_productos_Necesidad'!AO303,2) -> 41508.43 | K104: =ROUND('[7]10.Energ_productos_Necesidad'!AP303,2) -> 39515.95 | L104: =ROUND('[7]10.Energ_productos_Necesidad'!AQ303,2) -> 39565.66 | ... AB104: =ROUND('[7]10.Energ_productos_Necesidad'!BG303,2) -> 56350.29
...

Sheet Cantidades P3_(2032-2041)
B4: 9.7. TABLAS CANTIDADES DE ENERGÍA SOLICITADA PRODUCTO 3 AÑO 2032-2041 (kWh)
B5: ELETRIFICADORA DE SANTANDER S.A E.S.P.
B6: SOLICITUD PÚBLICA DE OFERTAS CP-ESSC2026-002
B7: PAGUELO CONTRATADO
BE8: 1000
B10: Mes | C10: Tipo Día | D10: Días | E10: H1 | F10: H2 | G10: H3 | H10: H4 | I10: H5 | J10: H6 | K10: H7 | L10: H8 | M10: H9 | N10: H10 | O10: H11 | P10: H12 | Q10: H13 | R10: H14 | S10: H15 | T10: H16 | U10: H17 | V10: H18 | W10: H19 | X10: H20 | Y10: H21 | Z10: H22 | AA10: H23 | AB10: H24 | AC10: TOTAL MES kWh | AF10: PERIODO | AG10: H1 | AH10: H2 | AI10: H3 | AJ10: H4 | AK10: H5 | AL10: H6 | AM10: H7 | AN10: H8 | AO10: H9 | AP10: H10 | AQ10: H11 | AR10: H12 | AS10: H13 | AT10: H14 | AU10: H15 | AV10: H16 | AW10: H17 | AX10: H18 | AY10: H19 | AZ10: H20 | BA10: H21 | BB10: H22 | BC10: H23 | BD10: H24 | BE10: TOTAL DIA | BF10: TOTAL AÑO | BH10: Año 2024 | BI10: =(+#REF!)/1000 -> #REF! | BJ10: MWh-año
B11: 48214 | C11: Ordinario | D11: 20 | E11: 31631.52 | F11: 29809.9 | G11: 28398.83 | H11: 27357.81 | I11: 27094.98 | J11: 27920.4 | K11: 27344.94 | L11: 29070.53 | M11: 31475.56 | N11: 32667.63 | O11: 34357.88 | P11: 36009.59 | Q11: 34915.59 | R11: 36440.49 | S11: 38788.39 | T11: 39432.51 | U11: 39695.84 | V11: 42847.01 | W11: 46288.03 | X11: 46484.96 | Y11: 45450.44 | Z11: 43511.9 | AA11: 40462.54 | AB11: 37282.54 | AC11: =SUM(E11:AB11)*D11+SUM(E12:AB12)*D12+SUM(E13:AB13)*D13+SUM(E14:AB14)*D14 -> 25535865
C12: Sábado | D12: 5 | E12: 31216.31 | F12: 29569.88 | G12: 28201.02 | H12: 27151.5 | I12: 26767 | J12: 26823.03 | K12: 25724.23 | L12: 26799.53 | M12: 28970.42 | N12: 30637.54 | O12: 31999.71 | P12: 32760.01 | Q12: 32492.35 | R12: 31704.25 | S12: 32279.52 | T12: 32945 | U12: 33683.77 | V12: 38815.27 | W12: 43574.5 | X12: 43793.08 | Y12: 42607.62 | Z12: 40984.55 | AA12: 38856.03 | AB12: 36393.15
C13: Domingo | D13: 4 | E13: 31509.24 | F13: 29803.06 | G13: 28350.82 | H13: 27279.07 | I13: 26755.47 | J13: 26466.11 | K13: 24608.33 | L13: 24085.08 | M13: 24683.08 | N13: 25294.21 | O13: 26355.85 | P13: 27403.92 | Q13: 28331.04 | R13: 28667.12 | S13: 29046.39 | T13: 29662.81 | U13: 30788.37 | V13: 35858.9 | W13: 41038.37 | X13: 42149.32 | Y13: 41789.15 | Z13: 40661.21 | AA13: 38078.8 | AB13: 35071.78
C14: Festivo | D14: 2 | E14: 31488.41 | F14: 29738.13 | G14: 28264.52 | H14: 27192.59 | I14: 26684.05 | J14: 26438.58 | K14: 24661.2 | L14: 24200.49 | M14: 24858.18 | N14: 25495.62 | O14: 26542.62 | P14: 27564.3 | Q14: 28477.71 | R14: 28833.6 | S14: 29240.29 | T14: 29887.05 | U14: 31006.52 | V14: 36019.19 | W14: 41162.88 | X14: 42295.28 | Y14: 41947.26 | Z14: 40823.3 | AA14: 38205.75 | AB14: 35158.83 | AD14: =+AC11 -> 25535865
B15: 48245 | C15: Ordinario | D15: 20 | E15: 32188.57 | F15: 30452.05 | G15: 28970.66 | H15: 27879.47 | I15: 27705.74 | J15: 29262.95 | K15: 28673.52 | L15: 30192.36 | M15: 32065.6 | N15: 32680.62 | O15: 34109.58 | P15: 35559.51 | Q15: 34270.54 | R15: 36127.45 | S15: 38936.41 | T15: 39788.52 | U15: 40142.32 | V15: 43063.55 | W15: 46213.26 | X15: 47073.15 | Y15: 46338.38 | Z15: 44422.99 | AA15: 40920.51 | AB15: 37535.44 | AC15: =SUM(E15:AB15)*D15+SUM(E16:AB16)*D16+SUM(E17:AB17)*D17+SUM(E18:AB18)*D18 -> 24337017 | AD15: =+AC15 -> 24337017
B16: Feb | C16: Sábado | D16: 4 | E16: 32376.73 | F16: 30381.76 | G16: 29143.5 | H16: 27823.58 | I16: 27373.97 | J16: 27548.44 | K16: 26751.11 | L16: 27795.22 | M16: 29508.06 | N16: 30405.17 | O16: 31707.6 | P16: 32366.58 | Q16: 31764.73 | R16: 31661.57 | S16: 32300.46 | T16: 33087.75 | U16: 33969.5 | V16: 38645.2 | W16: 43436.15 | X16: 44024.13 | Y16: 43203.25 | Z16: 41648.91 | AA16: 39547.77 | AB16: 36984.32 | AD16: =+AC19 -> 25639513
B17: Feb | C17: Domingo | D17: 5 | E17: 32394.93 | F17: 30729.59 | G17: 29281.7 | H17: 28233.1 | I17: 27673.58 | J17: 27511.2 | K17: 25664.58 | L17: 25248.33 | M17: 25622.48 | N17: 25790.27 | O17: 26629.26 | P17: 27818.04 | Q17: 28759.35 | R17: 29376.86 | S17: 30188.23 | T17: 30993.1 | U17: 31851.43 | V17: 35951.29 | W17: 41499.65 | X17: 43336.81 | Y17: 43587.8 | Z17: 42900.93 | AA17: 39218.9 | AB17: 36085.04 | AD17: =+AC23 -> 23442969
B18: Feb | C18: Festivo | D18: 0 | E18: 0 | F18: 0 | G18: 0 | H18: 0 | I18: 0 | J18: 0 | K18: 0 | L18: 0 | M18: 0 | N18: 0 | O18: 0 | P18: 0 | Q18: 0 | R18: 0 | S18: 0 | T18: 0 | U18: 0 | V18: 0 | W18: 0 | X18: 0 | Y18: 0 | Z18: 0 | AA18: 0 | AB18: 0 | AD18: =+AC27 -> 24110566
B19: 48274 | C19: Ordinario | D19: 20 | E19: 31123.77 | F19: 29379.95 | G19: 28016 | H19: 27129.3 | I19: 27143.23 | J19: 28423.02 | K19: 28188.52 | L19: 30094.46 | M19: 32127.7 | N19: 32917.33 | O19: 34355.7 | P19: 35435.74 | Q19: 33394.28 | R19: 34965.7 | S19: 37660.33 | T19: 38702.17 | U19: 39384.48 | V19: 42501.9 | W19: 45764.72 | X19: 46142.75 | Y19: 44951.9 | Z19: 42766.54 | AA19: 39411.24 | AB19: 36069.72 | AC19: =SUM(E19:AB19)*D19+SUM(E20:AB20)*D20+SUM(E21:AB21)*D21+SUM(E22:AB22)*D22 -> 25639513 | AD19: =+AC31 -> 23651156
C20: Sábado | D20: 4 | E20: 31072.51 | F20: 29388.02 | G20: 27953.61 | H20: 27064.9 | I20: 26784.58 | J20: 26890.9 | K20: 26550.42 | L20: 27985.82 | M20: 30274.53 | N20: 31475.95 | O20: 32832.92 | P20: 33741.44 | Q20: 33030.35 | R20: 32768.24 | S20: 33526.56 | T20: 34151.81 | U20: 35098.52 | V20: 39453.33 | W20: 44268.59 | X20: 44928.57 | Y20: 43836.23 | Z20: 42277.42 | AA20: 39933.73 | AB20: 37455.59 | AD20: =+AC35 -> 23714593
C21: Domingo | D21: 4 | E21: 32296.68 | F21: 30469.04 | G21: 28968.94 | H21: 27900.08 | I21: 27313.27 | J21: 26928.68 | K21: 25613.01 | L21: 25674.45 | M21: 26595.05 | N21: 27161.56 | O21: 28150.67 | P21: 29307.49 | Q21: 30165.84 | R21: 30607.59 | S21: 31184.03 | T21: 32198.77 | U21: 33025.89 | V21: 37463.69 | W21: 42478.77 | X21: 44000.93 | Y21: 44136.38 | Z21: 43145.34 | AA21: 40494.09 | AB21: 37141.21 | AD21: =+AC39 -> 23872913
C22: Festivo | D22: 3 | E22: 32404.58 | F22: 30542.72 | G22: 29030.12 | H22: 28063.17 | I22: 27376.99 | J22: 26963.3 | K22: 25625.78 | L22: 25639.4 | M22: 26570.42 | N22: 27135.17 | O22: 27971.98 | P22: 29048.9 | Q22: 29884.56 | R22: 30313.48 | S22: 30886.81 | T22: 31921.36 | U22: 32795.81 | V22: 37273.23 | W22: 42228.69 | X22: 43731.47 | Y22: 43852.53 | Z22: 42891.35 | AA22: 40241.19 | AB22: 36886.91 | AD22: =+AC43 -> 22858420
B23: 48305 | C23: Ordinario | D23: 22 | E23: 29270.62 | F23: 27611.82 | G23: 26348.71 | H23: 25539.72 | I23: 25577.3 | J23: 26193.65 | K23: 26209.32 | L23: 28034.17 | M23: 30367.38 | N23: 31193.64 | O23: 32464.75 | P23: 33796.46 | Q23: 32190.79 | R23: 33671.09 | S23: 36305.35 | T23: 36976.83 | U23: 37258.07 | V23: 41018.65 | W23: 43953.1 | X23: 44048.44 | Y23: 42862.96 | Z23: 40905.33 | AA23: 37878.73 | AB23: 34472.77 | AC23: =SUM(E23:AB23)*D23+SUM(E24:AB24)*D24+SUM(E25:AB25)*D25+SUM(E26:AB26)*D26 -> 23442969 | AD23: =+AC47 -> 23065744
B24: Feb | C24: Sábado | D24: 4 | E24: 28635.43 | F24: 26902.22 | G24: 25548.39 | H24: 24648.36 | I24: 24346.58 | J24: 24261.56 | K24: 23753.45 | L24: 24769.63 | M24: 26862.69 | N24: 27678.18 | O24: 28860.06 | P24: 29732.59 | Q24: 29276.95 | R24: 29108.16 | S24: 29633.27 | T24: 30256.02 | U24: 31203.12 | V24: 36271.54 | W24: 40912.94 | X24: 40863.1 | Y24: 39886.14 | Z24: 38323.2 | AA24: 36301.47 | AB24: 33833.21 | AD24: =+AC51 -> 21325926
B25: Feb | C25: Domingo | D25: 4 | E25: 29086.38 | F25: 27525.15 | G25: 26224.27 | H25: 25250.33 | I25: 24886.37 | J25: 24240.91 | K25: 23490.67 | L25: 23393.14 | M25: 23642.48 | N25: 24197.7 | O25: 25119.21 | P25: 25955.28 | Q25: 26591.92 | R25: 27005.67 | S25: 27556.18 | T25: 28370.15 | U25: 29545.3 | V25: 34627.04 | W25: 38822.92 | X25: 39960.08 | Y25: 40065.52 | Z25: 39473.66 | AA25: 37089.2 | AB25: 33931.41 | AD25: =+AC55 -> 23824689
B26: Feb | C26: Festivo | D26: 0 | E26: 0 | F26: 0 | G26: 0 | H26: 0 | I26: 0 | J26: 0 | K26: 0 | L26: 0 | M26: 0 | N26: 0 | O26: 0 | P26: 0 | Q26: 0 | R26: 0 | S26: 0 | T26: 0 | U26: 0 | V26: 0 | W26: 0 | X26: 0 | Y26: 0 | Z26: 0 | AA26: 0 | AB26: 0
B27: 48335 | C27: Ordinario | D27: 19 | E27: 28751.28 | F27: 27229.3 | G27: 26013.7 | H27: 25187.17 | I27: 25262.07 | J27: 25886.71 | K27: 26091.24 | L27: 27972.99 | M27: 30565.7 | N27: 31515.14 | O27: 33170.94 | P27: 34282.17 | Q27: 32549.64 | R27: 33871.15 | S27: 36362.77 | T27: 37045.76 | U27: 37319.47 | V27: 40558.04 | W27: 43545.14 | X27: 43639.58 | Y27: 42387.64 | Z27: 40200.66 | AA27: 37096.97 | AB27: 33916.89 | AC27: =SUM(E27:AB27)*D27+SUM(E28:AB28)*D28+SUM(E29:AB29)*D29+SUM(E30:AB30)*D30 -> 24110566
C28: Sábado | D28: 4 | E28: 29624.84 | F28: 27524.9 | G28: 26161.51 | H28: 25241.99 | I28: 24994.48 | J28: 24581.73 | K28: 24311.81 | L28: 25859.56 | M28: 28375.24 | N28: 29650.69 | O28: 30657.89 | P28: 31496.67 | Q28: 30648.03 | R28: 30422.1 | S28: 31261.54 | T28: 31923.22 | U28: 32763.6 | V28: 37818.57 | W28: 42395.67 | X28: 42733.41 | Y28: 41538.09 | Z28: 39759.6 | AA28: 37744.66 | AB28: 35281.17
C29: Domingo | D29: 5 | E29: 29995.98 | F29: 28413.38 | G29: 27116.61 | H29: 26141.3 | I29: 25724.39 | J29: 24762.94 | K29: 23918.71 | L29: 23959.85 | M29: 25222.03 | N29: 26207.68 | O29: 26959.13 | P29: 27656.32 | Q29: 28327.25 | R29: 28734.13 | S29: 29136.2 | T29: 30052.02 | U29: 30762.77 | V29: 35917.18 | W29: 40542.75 | X29: 41450.64 | Y29: 41395.21 | Z29: 40238.07 | AA29: 37566.79 | AB29: 33891.25
C30: Festivo | D30: 3 | E30: 29972.35 | F30: 28389.66 | G30: 27096.51 | H30: 26124.88 | I30: 25655.99 | J30: 24559.64 | K30: 23665.92 | L30: 23610.86 | M30: 24780.1 | N30: 25769.85 | O30: 26467.52 | P30: 27121.93 | Q30: 27917.38 | R30: 28224.29 | S30: 28517.14 | T30: 29447.8 | U30: 30259.89 | V30: 35538.58 | W30: 40202.34 | X30: 41164.47 | Y30: 41170.39 | Z30: 40058.91 | AA30: 37446.03 | AB30: 33837.37
B31: 48366 | C31: Ordinario | D31: 21 | E31: 29416.73 | F31: 27750.89 | G31: 26562.39 | H31: 25549.59 | I31: 25551.48 | J31: 25755.92 | K31: 25810.29 | L31: 27822.86 | M31: 30345.95 | N31: 31488.45 | O31: 33257.89 | P31: 34505.53 | Q31: 33114.75 | R31: 34285.7 | S31: 36700.38 | T31: 37313.13 | U31: 37826.64 | V31: 40816.74 | W31: 43787.37 | X31: 44277.09 | Y31: 42920.14 | Z31: 40835.11 | AA31: 37570.47 | AB31: 34264.06 | AC31: =SUM(E31:AB31)*D31+SUM(E32:AB32)*D32+SUM(E33:AB33)*D33+SUM(E34:AB34)*D34 -> 23651156
B32: Feb | C32: Sábado | D32: 4 | E32: 29235.27 | F32: 27624.1 | G32: 26445.38 | H32: 25648.58 | I32: 25416.68 | J32: 24890.91 | K32: 24687.04 | L32: 26324.38 | M32: 28748.27 | N32: 30120.67 | O32: 31520.75 | P32: 32530.31 | Q32: 31896.81 | R32: 31349.05 | S32: 31927.42 | T32: 32492.43 | U32: 32967.74 | V32: 37404.9 | W32: 40940.75 | X32: 41752.11 | Y32: 40741.84 | Z32: 38738.13 | AA32: 36502.79 | AB32: 34137.13
B33: Feb | C33: Domingo | D33: 4 | E33: 30228.93 | F33: 28493.97 | G33: 27078.92 | H33: 26171.49 | I33: 25792.62 | J33: 24711.94 | K33: 23732.56 | L33: 23557.76 | M33: 24437.01 | N33: 25383.82 | O33: 26205.03 | P33: 27031.42 | Q33: 27932.82 | R33: 28195.32 | S33: 28854.24 | T33: 29624.15 | U33: 30476.19 | V33: 34880.66 | W33: 39447 | X33: 41397.84 | Y33: 41040.64 | Z33: 39988.79 | AA33: 37768.44 | AB33: 35022.32
B34: Feb | C34: Festivo | D34: 1 | E34: 30399.65 | F34: 28645.36 | G34: 27221.22 | H34: 26296.29 | I34: 25893.82 | J34: 24833.34 | K34: 23828.16 | L34: 23606.96 | M34: 24437.87 | N34: 25322.44 | O34: 26051.19 | P34: 26814.94 | Q34: 27697.8 | R34: 27977.99 | S34: 28672.04 | T34: 29487.3 | U34: 30404.95 | V34: 34841.93 | W34: 39409.43 | X34: 41325.71 | Y34: 41009.03 | Z34: 39998.33 | AA34: 37794.86 | AB34: 35075.14
B35: 48396 | C35: Ordinario | D35: 20 | E35: 29063.81 | F35: 27352.17 | G35: 26022.83 | H35: 25135.75 | I35: 24945.7 | J35: 25347.9 | K35: 25212.16 | L35: 26927.89 | M35: 29328.99 | N35: 30460.41 | O35: 32294.08 | P35: 33888.06 | Q35: 32604.78 | R35: 34345.87 | S35: 37251.57 | T35: 37881.44 | U35: 38122.76 | V35: 40943.04 | W35: 43284.5 | X35: 44327.93 | Y35: 43319.94 | Z35: 41316.17 | AA35: 37999.85 | AB35: 34680.82 | AC35: =SUM(E35:AB35)*D35+SUM(E36:AB36)*D36+SUM(E37:AB37)*D37+SUM(E38:AB38)*D38 -> 23714593
C36: Sábado | D36: 5 | E36: 29528.01 | F36: 27575.93 | G36: 26107.47 | H36: 25299.9 | I36: 24765.04 | J36: 24383.55 | K36: 24017.51 | L36: 24974.5 | M36: 27302.38 | N36: 28704.36 | O36: 30357.73 | P36: 31189.81 | Q36: 30626.08 | R36: 30375.1 | S36: 30762.66 | T36: 30819.78 | U36: 31345.63 | V36: 36468.1 | W36: 39027.74 | X36: 39658.04 | Y36: 38387.49 | Z36: 36816.17 | AA36: 34892.93 | AB36: 32564.6
C37: Domingo | D37: 4 | E37: 26521.38 | F37: 25131.87 | G37: 23808.38 | H37: 23073.82 | I37: 22785.95 | J37: 22061.41 | K37: 21216.01 | L37: 20869.4 | M37: 21514.11 | N37: 22276.88 | O37: 23323.56 | P37: 24370.75 | Q37: 25374.89 | R37: 25984.33 | S37: 26668.71 | T37: 27690.19 | U37: 28538.61 | V37: 33262.95 | W37: 37859.25 | X37: 40057.02 | Y37: 39443.31 | Z37: 37804.49 | AA37: 34800.86 | AB37: 31787.98
C38: Festivo | D38: 2 | E38: 26525.92 | F38: 25136.45 | G38: 23824.65 | H38: 23079.67 | I38: 22769.4 | J38: 22021.11 | K38: 21158.14 | L38: 20768.14 | M38: 21394.49 | N38: 22143.54 | O38: 23144.35 | P38: 24173.16 | Q38: 25218.31 | R38: 25839.26 | S38: 26558.82 | T38: 27585.55 | U38: 28438.58 | V38: 33181.5 | W38: 37769.41 | X38: 39936.84 | Y38: 39361.42 | Z38: 37786.24 | AA38: 34787.69 | AB38: 31781.02
B39: 48427 | C39: Ordinario | D39: 21 | E39: 29007.21 | F39: 27152.12 | G39: 25813.44 | H39: 24888.33 | I39: 24683.24 | J39: 25304.63 | K39: 25234.73 | L39: 26648.57 | M39: 29044.56 | N39: 30133.58 | O39: 32042.15 | P39: 33970.91 | Q39: 32410.05 | R39: 33932.69 | S39: 36892.58 | T39: 37545.19 | U39: 37575.07 | V39: 40732.8 | W39: 43819.47 | X39: 44574.98 | Y39: 43530.52 | Z39: 41401.09 | AA39: 38053.71 | AB39: 34823.26 | AC39: =SUM(E39:AB39)*D39+SUM(E40:AB40)*D40+SUM(E41:AB41)*D41+SUM(E42:AB42)*D42 -> 23872913
B40: Feb | C40: Sábado | D40: 3 | E40: 29184.07 | F40: 27503.63 | G40: 26236.45 | H40: 25244.47 | I40: 24463.91 | J40: 23999.58 | K40: 23634.75 | L40: 24629.18 | M40: 26607.78 | N40: 27979.41 | O40: 29334.32 | P40: 29617.16 | Q40: 29054.85 | R40: 28939.54 | S40: 29948.49 | T40: 30732.2 | U40: 31290.16 | V40: 36295.12 | W40: 40795.47 | X40: 40991.94 | Y40: 39514.43 | Z40: 37868.01 | AA40: 35604.05 | AB40: 33117.48
B41: Feb | C41: Domingo | D41: 5 | E41: 28341.03 | F41: 26920.75 | G41: 25457.69 | H41: 24652.42 | I41: 24171.67 | J41: 23716.1 | K41: 22755.67 | L41: 22465.64 | M41: 23036.93 | N41: 23777.64 | O41: 24725.61 | P41: 25681.52 | Q41: 26362.93 | R41: 26803.11 | S41: 27466.86 | T41: 28233.23 | U41: 29108.88 | V41: 34191.99 | W41: 39201.71 | X41: 41058.45 | Y41: 40957.44 | Z41: 39738 | AA41: 36905.62 | AB41: 33699.21
B42: Feb | C42: Festivo | D42: 2 | E42: 28543.1 | F42: 27037.48 | G42: 25571.49 | H42: 24745.5 | I42: 24252.09 | J42: 23784 | K42: 22783.58 | L42: 22458.37 | M42: 22976.92 | N42: 23627.93 | O42: 24575.06 | P42: 25486.38 | Q42: 26178.96 | R42: 26610.1 | S42: 27266.93 | T42: 28027.71 | U42: 28903 | V42: 34060.85 | W42: 39078.61 | X42: 40834.59 | Y42: 40714.8 | Z42: 39507.27 | AA42: 36685.58 | AB42: 33534.88
B43: 48458 | C43: Ordinario | D43: 22 | E43: 28586.66 | F43: 26830.01 | G43: 25502.81 | H43: 24492.04 | I43: 24251.91 | J43: 24863.43 | K43: 24736.64 | L43: 26315.65 | M43: 28965.06 | N43: 30144.76 | O43: 31689.64 | P43: 33383.25 | Q43: 32111.72 | R43: 33418.23 | S43: 36114.78 | T43: 36789.93 | U43: 36924.63 | V43: 40419.3 | W43: 43512.53 | X43: 43167.27 | Y43: 42019.2 | Z43: 39836.88 | AA43: 36440.56 | AB43: 33330.8 | AC43: =SUM(E43:AB43)*D43+SUM(E44:AB44)*D44+SUM(E45:AB45)*D45+SUM(E46:AB46)*D46 -> 22858420
C44: Sábado | D44: 4 | E44: 26995.75 | F44: 25414.19 | G44: 24190.78 | H44: 23295.37 | I44: 22971.57 | J44: 22683.43 | K44: 22562.53 | L44: 23864.61 | M44: 26210.39 | N44: 27125.11 | O44: 28878.97 | P44: 29615.43 | Q44: 29421.58 | R44: 29202.97 | S44: 29912.16 | T44: 30301.83 | U44: 30745.67 | V44: 36511.4 | W44: 41118.56 | X44: 40811.23 | Y44: 39582 | Z44: 38000.17 | AA44: 36275.39 | AB44: 33784.86
C45: Domingo | D45: 4 | E45: 28442.62 | F45: 26787.11 | G45: 25258.25 | H45: 24224.9 | I45: 23756.62 | J45: 22880.99 | K45: 21740.35 | L45: 21729.58 | M45: 22441.28 | N45: 23651.06 | O45: 24757.68 | P45: 25187.77 | Q45: 26038.05 | R45: 26403.83 | S45: 26787.88 | T45: 27786.53 | U45: 28564.01 | V45: 34139.19 | W45: 38968 | X45: 39573.78 | Y45: 39266.25 | Z45: 37978.38 | AA45: 35290.09 | AB45: 32312.47
C46: Festivo | D46: 0 | E46: 0 | F46: 0 | G46: 0 | H46: 0 | I46: 0 | J46: 0 | K46: 0 | L46: 0 | M46: 0 | N46: 0 | O46: 0 | P46: 0 | Q46: 0 | R46: 0 | S46: 0 | T46: 0 | U46: 0 | V46: 0 | W46: 0 | X46: 0 | Y46: 0 | Z46: 0 | AA46: 0 | AB46: 0
B47: 48488 | C47: Ordinario | D47: 20 | E47: 27491.22 | F47: 25822.51 | G47: 24555.27 | H47: 23581.02 | I47: 23497.39 | J47: 24032.8 | K47: 24275.42 | L47: 25851.01 | M47: 28289.27 | N47: 29433.46 | O47: 30895.3 | P47: 32411.82 | Q47: 30759.7 | R47: 31953.97 | S47: 34579.38 | T47: 35623.85 | U47: 36212.98 | V47: 40775.37 | W47: 43719.99 | X47: 42778.44 | Y47: 41371.53 | Z47: 39172.13 | AA47: 35845.46 | AB47: 32553.26 | AC47: =SUM(E47:AB47)*D47+SUM(E48:AB48)*D48+SUM(E49:AB49)*D49+SUM(E50:AB50)*D50 -> 23065744
B48: Feb | C48: Sábado | D48: 5 | E48: 27809.56 | F48: 25989.18 | G48: 24459.87 | H48: 23523.92 | I48: 23425.92 | J48: 23107.01 | K48: 23236.7 | L48: 24191.86 | M48: 26515.03 | N48: 27756.67 | O48: 29408.7 | P48: 30214.24 | Q48: 29626.54 | R48: 29503.66 | S48: 30433.47 | T48: 31543.26 | U48: 32306.92 | V48: 38150.29 | W48: 42035.97 | X48: 41239.25 | Y48: 39670.16 | Z48: 37735.18 | AA48: 35443.95 | AB48: 32851.13
B49: Feb | C49: Domingo | D49: 5 | E49: 27801.44 | F49: 26088.64 | G49: 24695.36 | H49: 23866.63 | I49: 23400.39 | J49: 22754.96 | K49: 21491.32 | L49: 21447.4 | M49: 22203.94 | N49: 22938.76 | O49: 24093.04 | P49: 25243.56 | Q49: 26038.09 | R49: 26523.43 | S49: 27308.17 | T49: 27808.76 | U49: 29115.64 | V49: 35078.25 | W49: 39884.55 | X49: 40240.1 | Y49: 39812.49 | Z49: 38359.31 | AA49: 35461.48 | AB49: 32493.69
B50: Feb | C50: Festivo | D50: 1 | E50: 27920.95 | F50: 26235.91 | G50: 24839.08 | H50: 23985.55 | I50: 23493.63 | J50: 22878.85 | K50: 21556 | L50: 21486.47 | M50: 22290.19 | N50: 23027.36 | O50: 24137.15 | P50: 25259.66 | Q50: 26042.83 | R50: 26503.38 | S50: 27247.52 | T50: 27707.5 | U50: 29043.18 | V50: 34977.1 | W50: 39732.58 | X50: 40073.76 | Y50: 39762.56 | Z50: 38315.95 | AA50: 35441.38 | AB50: 32495.26
B51: 48519 | C51: Ordinario | D51: 20 | E51: 26302.27 | F51: 24690.87 | G51: 23477.43 | H51: 22620.72 | I51: 22567.32 | J51: 23068.53 | K51: 23340.49 | L51: 25174.62 | M51: 27561.82 | N51: 28625.23 | O51: 29925.66 | P51: 30968.87 | Q51: 29511.83 | R51: 30512.71 | S51: 32709.49 | T51: 33747.9 | U51: 34350.32 | V51: 39254.13 | W51: 41538.35 | X51: 40660.2 | Y51: 39428.32 | Z51: 37433.45 | AA51: 34411.58 | AB51: 31353.28 | AC51: =SUM(E51:AB51)*D51+SUM(E52:AB52)*D52+SUM(E53:AB53)*D53+SUM(E54:AB54)*D54 -> 21325926
C52: Sábado | D52: 4 | E52: 25197.93 | F52: 23786.12 | G52: 22756.74 | H52: 22077 | I52: 21957.19 | J52: 21536.77 | K52: 21735.42 | L52: 23180.26 | M52: 25513.26 | N52: 26734.33 | O52: 28459.61 | P52: 29082.53 | Q52: 28603.26 | R52: 27994.21 | S52: 27959.63 | T52: 28930.55 | U52: 29902.54 | V52: 36252 | W52: 39571.47 | X52: 38961.04 | Y52: 37701.94 | Z52: 36100.59 | AA52: 34055.26 | AB52: 31541.44
C53: Domingo | D53: 4 | E53: 26886.44 | F53: 25444.94 | G53: 24096.27 | H53: 23149.79 | I53: 22693.45 | J53: 22200.02 | K53: 21146.39 | L53: 21017.74 | M53: 21746.84 | N53: 22532.06 | O53: 23735.88 | P53: 24251.81 | Q53: 24886.63 | R53: 25152.19 | S53: 25447.37 | T53: 26168.66 | U53: 27194.66 | V53: 33695.97 | W53: 37106.89 | X53: 37173.31 | Y53: 36423.07 | Z53: 35130.73 | AA53: 33023.42 | AB53: 30709.65
C54: Festivo | D54: 2 | E54: 26901.75 | F54: 25456.21 | G54: 24107.91 | H54: 23158.94 | I54: 22705.16 | J54: 22210.91 | K54: 21127.23 | L54: 20968.06 | M54: 21728.22 | N54: 22518.87 | O54: 23672.98 | P54: 24141.5 | Q54: 24793.92 | R54: 25035.85 | S54: 25307.46 | T54: 26024.15 | U54: 27101.42 | V54: 33589.94 | W54: 36913.82 | X54: 36976.66 | Y54: 36290.26 | Z54: 35050.99 | AA54: 32958.82 | AB54: 30657.64
B55: 48549 | C55: Ordinario | D55: 22 | E55: 29061.21 | F55: 27242.73 | G55: 25866.09 | H55: 25027.86 | I55: 24814.77 | J55: 25131.19 | K55: 25001.55 | L55: 26578.69 | M55: 28871.75 | N55: 30104.04 | O55: 31276.32 | P55: 32383.32 | Q55: 31415.4 | R55: 32002.33 | S55: 33849.36 | T55: 34935.37 | U55: 35864.47 | V55: 41088.74 | W55: 44781.7 | X55: 43948.99 | Y55: 42413.21 | Z55: 40038.88 | AA55: 37079.8 | AB55: 34250.29 | AC55: =SUM(E55:AB55)*D55+SUM(E56:AB56)*D56+SUM(E57:AB57)*D57+SUM(E58:AB58)*D58 -> 23824689
B56: Feb | C56: Sábado | D56: 3 | E56: 29354.79 | F56: 27436.91 | G56: 26206.92 | H56: 25266.22 | I56: 24929.33 | J56: 24765.53 | K56: 24333.17 | L56: 25081.72 | M56: 27844.79 | N56: 29320.68 | O56: 30728.06 | P56: 31732.33 | Q56: 31149.14 | R56: 31165.81 | S56: 31179.13 | T56: 32207.83 | U56: 33356.64 | V56: 39070.52 | W56: 43689.04 | X56: 42984.38 | Y56: 41426.55 | Z56: 39888.03 | AA56: 37411.2 | AB56: 34781.28
B57: Feb | C57: Domingo | D57: 4 | E57: 29933.14 | F57: 28271.35 | G57: 26899.56 | H57: 25915.68 | I57: 25438.4 | J57: 25094.54 | K57: 23469.76 | L57: 23045.36 | M57: 24027.61 | N57: 25090.36 | O57: 25646.65 | P57: 26510.78 | Q57: 27283.17 | R57: 28143.19 | S57: 27078.75 | T57: 28933.78 | U57: 30383.87 | V57: 36257.34 | W57: 40979.85 | X57: 40450.08 | Y57: 39335.71 | Z57: 38072.09 | AA57: 35908.82 | AB57: 33830.89
B58: Feb | C58: Festivo | D58: 2 | E58: 29863.29 | F58: 28182.48 | G58: 26815.92 | H58: 25857.3 | I58: 25416.55 | J58: 25135.51 | K58: 23579.54 | L58: 23219.35 | M58: 24293.54 | N58: 25393.16 | O58: 26017.79 | P58: 26853.9 | Q58: 27568.21 | R58: 28359.13 | S58: 27283.25 | T58: 29128.17 | U58: 30540.61 | V58: 36445.9 | W58: 41128.55 | X58: 40554.62 | Y58: 39442.39 | Z58: 38145.84 | AA58: 35982.46 | AB58: 33861.98
Z59: TOTAL AÑO kWh | AC59: =SUM(AC11:AC58) -> 2.8537937e+08
B60: 48580 | C60: Ordinario | D60: 20 | E60: 29626.17 | F60: 27922.25 | G60: 26608.91 | H60: 25643.58 | I60: 25418.24 | J60: 25889.38 | K60: 25336.26 | L60: 26760.22 | M60: 29184.54 | N60: 30405.39 | O60: 32074.59 | P60: 33653.95 | Q60: 32539.18 | R60: 33925.45 | S60: 36160.74 | T60: 36749.7 | U60: 36906.53 | V60: 40153.81 | W60: 43534.57 | X60: 43738.57 | Y60: 42712.56 | Z60: 40850.6 | AA60: 37940.6 | AB60: 34899.55 | AC60: =SUM(E60:AB60)*D60+SUM(E61:AB61)*D61+SUM(E62:AB62)*D62+SUM(E63:AB63)*D63 -> 23800303
C61: Sábado | D61: 4 | E61: 29298.7 | F61: 27746.91 | G61: 26474.82 | H61: 25495.45 | I61: 25149.2 | J61: 24897.84 | K61: 23852.63 | L61: 24678.88 | M61: 26821.35 | N61: 28483.11 | O61: 29850.65 | P61: 30613.19 | Q61: 30306.59 | R61: 29542.86 | S61: 30023.35 | T61: 30595.71 | U61: 31176.6 | V61: 36334.86 | W61: 40983.25 | X61: 41237.08 | Y61: 40096.62 | Z61: 38530.84 | AA61: 36478.46 | AB61: 34124.3
C62: Domingo | D62: 5 | E62: 29557.34 | F62: 27952.72 | G62: 26598.34 | H62: 25600.78 | I62: 25108.91 | J62: 24534.38 | K62: 22780.06 | L62: 22114.65 | M62: 22739.59 | N62: 23370.89 | O62: 24381.23 | P62: 25385.48 | Q62: 26237.19 | R62: 26511.75 | S62: 26820.38 | T62: 27346.32 | U62: 28304.39 | V62: 33532.43 | W62: 38560.25 | X62: 39651.66 | Y62: 39292.14 | Z62: 38110.2 | AA62: 35723.42 | AB62: 32869.64
C63: Festivo | D63: 2 | E63: 29536.79 | F63: 27888.62 | G63: 26513.16 | H63: 25515.42 | I63: 25038.42 | J63: 24507.21 | K63: 22832.24 | L63: 22228.57 | M63: 22912.44 | N63: 23569.69 | O63: 24565.58 | P63: 25543.78 | Q63: 26381.97 | R63: 26676.08 | S63: 27011.77 | T63: 27567.65 | U63: 28519.72 | V63: 33690.66 | W63: 38683.16 | X63: 39795.73 | Y63: 39448.21 | Z63: 38270.2 | AA63: 35848.74 | AB63: 32955.57 | AD63: =+AC60 -> 23800303
B64: 48611 | C64: Ordinario | D64: 20 | E64: 31186.65 | F64: 29486.62 | G64: 28062.99 | H64: 27017.2 | I64: 26872.97 | J64: 28034.94 | K64: 27456.44 | L64: 28773.88 | M64: 30862.83 | N64: 31611.17 | O64: 33115.64 | P64: 34572.7 | Q64: 33207.27 | R64: 34933.83 | S64: 37678.75 | T64: 38455.99 | U64: 38663.74 | V64: 41752.81 | W64: 44941.47 | X64: 45689.62 | Y64: 44899.81 | Z64: 43000.24 | AA64: 39579.15 | AB64: 36258.45 | AC64: =SUM(E64:AB64)*D64+SUM(E65:AB65)*D65+SUM(E66:AB66)*D66+SUM(E67:AB67)*D67 -> 22785937 | AD64: =+AC64 -> 22785937
C65: Sábado | D65: 4 | E65: 31388.03 | F65: 29458.23 | G65: 28250.4 | H65: 26991.66 | I65: 26572.46 | J65: 26389.4 | K65: 25591.03 | L65: 26426.68 | M65: 28382.16 | N65: 29446.61 | O65: 30814.48 | P65: 31514.44 | Q65: 30885.28 | R65: 30640.15 | S65: 31189.59 | T65: 31852.41 | U65: 32555.64 | V65: 37445.49 | W65: 42231.39 | X65: 42783.48 | Y65: 41948.3 | Z65: 40402.91 | AA65: 38322 | AB65: 35792.11 | AD65: =+AC68 -> 23870209
C66: Domingo | D66: 4 | E66: 31405.3 | F66: 29778.34 | G66: 28372.62 | H66: 27351.41 | I66: 26821 | J66: 26314.88 | K66: 24517.51 | L66: 23942.09 | M66: 24431.52 | N66: 24729.87 | O66: 25636.56 | P66: 26809.99 | Q66: 27709.68 | R66: 28192.32 | S66: 28909.18 | T66: 29622.2 | U66: 30335.9 | V66: 34813.69 | W66: 40331.55 | X66: 42062.49 | Y66: 42229.03 | Z66: 41479.13 | AA66: 37935.27 | AB66: 34902.69 | AD66: =+AC72 -> 21981869
C67: Festivo | D67: 0 | E67: 0 | F67: 0 | G67: 0 | H67: 0 | I67: 0 | J67: 0 | K67: 0 | L67: 0 | M67: 0 | N67: 0 | O67: 0 | P67: 0 | Q67: 0 | R67: 0 | S67: 0 | T67: 0 | U67: 0 | V67: 0 | W67: 0 | X67: 0 | Y67: 0 | Z67: 0 | AA67: 0 | AB67: 0 | AD67: =+AC76 -> 22624603
B68: 48639 | C68: Ordinario | D68: 22 | E68: 28869.73 | F68: 27246.63 | G68: 25992.3 | H68: 25174.98 | I68: 25213.8 | J68: 26129.36 | K68: 25882.59 | L68: 27427.33 | M68: 29517.64 | N68: 30371.25 | O68: 31809.38 | P68: 32868.57 | Q68: 30894.79 | R68: 32347.28 | S68: 34898.23 | T68: 35830.77 | U68: 36359.31 | V68: 39604.21 | W68: 42749.47 | X68: 43130.47 | Y68: 41976.56 | Z68: 39891.16 | AA68: 36713.9 | AB68: 33544.32 | AC68: =SUM(E68:AB68)*D68+SUM(E69:AB69)*D69+SUM(E70:AB70)*D70+SUM(E71:AB71)*D71 -> 23870209 | AD68: =+AC80 -> 22028553
C69: Sábado | D69: 4 | E69: 28870.85 | F69: 27297.79 | G69: 25969.14 | H69: 25138.88 | I69: 24892.17 | J69: 24698.09 | K69: 24343.28 | L69: 25484 | M69: 27781.72 | N69: 29026.77 | O69: 30393.09 | P69: 31282.53 | Q69: 30585.64 | R69: 30275.87 | S69: 30927.51 | T69: 31450.53 | U69: 32185.34 | V69: 36689.51 | W69: 41311 | X69: 41982.26 | Y69: 40909.58 | Z69: 39407.53 | AA69: 37180.54 | AB69: 34818.81 | AD69: =+AC84 -> 22314603
C70: Domingo | D70: 4 | E70: 29985.72 | F70: 28270.86 | G70: 26876.36 | H70: 25886.12 | I70: 25356.52 | J70: 24704.11 | K70: 23450.67 | L70: 23296.57 | M70: 24205.22 | N70: 24779.47 | O70: 25716.42 | P70: 26793.81 | Q70: 27570.18 | R70: 27933.98 | S70: 28408.89 | T70: 29293.23 | U70: 29998.49 | V70: 34709.96 | W70: 39524.7 | X70: 40992.8 | Y70: 41052.71 | Z70: 40061.96 | AA70: 37532.11 | AB70: 34380.08 | AD70: =+AC88 -> 22463034
C71: Festivo | D71: 1 | E71: 30091.32 | F71: 28342.98 | G71: 26936.23 | H71: 26045.73 | I71: 25418.88 | J71: 24737.99 | K71: 23463.16 | L71: 23262.27 | M71: 24181.12 | N71: 24753.64 | O71: 25541.55 | P71: 26540.75 | Q71: 27294.92 | R71: 27646.16 | S71: 28118.02 | T71: 29021.74 | U71: 29773.33 | V71: 34523.57 | W71: 39279.97 | X71: 40729.1 | Y71: 40774.93 | Z71: 39813.4 | AA71: 37284.62 | AB71: 34131.22 | AD71: =+AC92 -> 21556561
B72: 48670 | C72: Ordinario | D72: 19 | E72: 27867.8 | F72: 26285.67 | G72: 25096.83 | H72: 24324.87 | I72: 24374.72 | J72: 24657.5 | K72: 24648.09 | L72: 26193.73 | M72: 28610.59 | N72: 29505.07 | O72: 30815.01 | P72: 32125.11 | Q72: 30527.23 | R72: 31900.66 | S72: 34432.64 | T72: 35051.76 | U72: 35223.92 | V72: 38979.35 | W72: 41895.35 | X72: 42018.8 | Y72: 40853.3 | Z72: 38946.32 | AA72: 36011.33 | AB72: 32738.7 | AC72: =SUM(E72:AB72)*D72+SUM(E73:AB73)*D73+SUM(E74:AB74)*D74+SUM(E75:AB75)*D75 -> 21981869 | AD72: =+AC96 -> 21752954
C73: Sábado | D73: 5 | E73: 27280.4 | F73: 25636.71 | G73: 24366.89 | H73: 23519.49 | I73: 23251.28 | J73: 22839.32 | K73: 22343.54 | L73: 23155.56 | M73: 25316.62 | N73: 26251.15 | O73: 27478 | P73: 28344.97 | Q73: 27876.91 | R73: 27658.81 | S73: 28114.6 | T73: 28638.56 | U73: 29398.14 | V73: 34482.63 | W73: 39024.21 | X73: 39056.62 | Y73: 38084.98 | Z73: 36557.09 | AA73: 34583.55 | AB73: 32208.76 | AD73: =+AC100 -> 20207510
C74: Domingo | D74: 4 | E74: 27749.74 | F74: 26254.21 | G74: 25013.75 | H74: 24099.04 | I74: 23750.61 | J74: 22817.13 | K74: 22061.12 | L74: 21803.13 | M74: 22125.5 | N74: 22713.81 | O74: 23646.14 | P74: 24479.93 | Q74: 25080.59 | R74: 25438.15 | S74: 25897.61 | T74: 26621.32 | U74: 27622.61 | V74: 32818.44 | W74: 36975.84 | X74: 38119.12 | Y74: 38174.77 | Z74: 37536.5 | AA74: 35214.92 | AB74: 32213.53 | AD74: =+AC104 -> 22476423
C75: Festivo | D75: 2 | E75: 27620.67 | F75: 26126.29 | G75: 24845.39 | H75: 23957.67 | I75: 23594.22 | J75: 22699.42 | K75: 21960.8 | L75: 21739.91 | M75: 22129.39 | N75: 22803.98 | O75: 23661.43 | P75: 24444.57 | Q75: 24986.46 | R75: 25335.33 | S75: 25804.56 | T75: 26585.85 | U75: 27642.97 | V75: 32892.25 | W75: 37048.62 | X75: 38140.68 | Y75: 38172.6 | Z75: 37425.28 | AA75: 34965.43 | AB75: 31922.58
B76: 48700 | C76: Ordinario | D76: 21 | E76: 26950.59 | F76: 25519.06 | G76: 24390.41 | H76: 23622.4 | I76: 23701.54 | J76: 23965.48 | K76: 24138.67 | L76: 25744.93 | M76: 28347.02 | N76: 29334.6 | O76: 30948.8 | P76: 32032.71 | Q76: 30359.28 | R76: 31566.26 | S76: 33914.91 | T76: 34522.08 | U76: 34692.11 | V76: 37937.68 | W76: 40869.63 | X76: 40994.14 | Y76: 39785.26 | Z76: 37697.86 | AA76: 34737.77 | AB76: 31707.58 | AC76: =SUM(E76:AB76)*D76+SUM(E77:AB77)*D77+SUM(E78:AB78)*D78+SUM(E79:AB79)*D79 -> 22624603
C77: Sábado | D77: 4 | E77: 27716.16 | F77: 25779.18 | G77: 24513.36 | H77: 23664.78 | I77: 23456.3 | J77: 22779.42 | K77: 22513.01 | L77: 23787.25 | M77: 26295.12 | N77: 27604 | O77: 28645.77 | P77: 29464.94 | Q77: 28653.17 | R77: 28361.1 | S77: 29046.73 | T77: 29588.05 | U77: 30257.19 | V77: 35282.08 | W77: 39693.29 | X77: 40078.85 | Y77: 38940.24 | Z77: 37242.79 | AA77: 35291.21 | AB77: 32930.07
C78: Domingo | D78: 4 | E78: 28078.61 | F78: 26592.4 | G78: 25380.02 | H78: 24477.07 | I78: 24094.86 | J78: 22900.14 | K78: 22096.13 | L78: 21969.24 | M78: 23191.4 | N78: 24151.81 | O78: 24918.81 | P78: 25610.02 | Q78: 26220.92 | R78: 26550.58 | S78: 26880.15 | T78: 27673.39 | U78: 28262.82 | V78: 33459.95 | W78: 37942.01 | X78: 38870.09 | Y78: 38776.55 | Z78: 37640.78 | AA78: 35100.16 | AB78: 31674.39
C79: Festivo | D79: 2 | E79: 28055.46 | F79: 26569.15 | G79: 25360.33 | H79: 24460.97 | I79: 24027.82 | J79: 22700.89 | K79: 21848.38 | L79: 21627.21 | M79: 22758.27 | N79: 23722.71 | O79: 24436.99 | P79: 25086.27 | Q79: 25819.22 | R79: 26050.9 | S79: 26273.43 | T79: 27081.21 | U79: 27769.96 | V79: 33088.9 | W79: 37608.38 | X79: 38589.61 | Y79: 38556.21 | Z79: 37465.19 | AA79: 34981.81 | AB79: 31621.58
B80: 48731 | C80: Ordinario | D80: 20 | E80: 27570.1 | F80: 26000.06 | G80: 24886.98 | H80: 23951.36 | I80: 23965.06 | J80: 23854.66 | K80: 23896.75 | L80: 25593.55 | M80: 28131.99 | N80: 29301.61 | O80: 31034.07 | P80: 32246.91 | Q80: 30860.97 | R80: 31925.24 | S80: 34227.56 | T80: 34786.85 | U80: 35176.6 | V80: 38399.71 | W80: 41282.83 | X80: 41791.44 | Y80: 40483.51 | Z80: 38482.64 | AA80: 35367.08 | AB80: 32212.3 | AC80: =SUM(E80:AB80)*D80+SUM(E81:AB81)*D81+SUM(E82:AB82)*D82+SUM(E83:AB83)*D83 -> 22028553
C81: Sábado | D81: 4 | E81: 27467.23 | F81: 25937.48 | G81: 24821.43 | H81: 24066.95 | I81: 23862.5 | J81: 23075.97 | K81: 22854.45 | L81: 24193.83 | M81: 26584.37 | N81: 27984.17 | O81: 29381.66 | P81: 30361.44 | Q81: 29724.2 | R81: 29152.3 | S81: 29643.26 | T81: 30111.56 | U81: 30450.91 | V81: 35151.5 | W81: 38628.91 | X81: 39456.39 | Y81: 38471.02 | Z81: 36566.25 | AA81: 34415.86 | AB81: 32157.27
C82: Domingo | D82: 4 | E82: 28332.7 | F82: 26693.64 | G82: 25373.96 | H82: 24519.23 | I82: 24170.21 | J82: 22872.63 | K82: 21933.75 | L82: 21585.16 | M82: 22459.31 | N82: 23383.38 | O82: 24182.02 | P82: 24965.92 | Q82: 25782.49 | R82: 25998.7 | S82: 26555.11 | T82: 27220.93 | U82: 27947.23 | V82: 32686.88 | W82: 37096.96 | X82: 38985.04 | Y82: 38617.93 | Z82: 37565.4 | AA82: 35408.23 | AB82: 32776.68
C83: Festivo | D83: 2 | E83: 28501.82 | F83: 26843.61 | G83: 25514.91 | H83: 24642.86 | I83: 24270.46 | J83: 22992.89 | K83: 22028.44 | L83: 21633.9 | M83: 22460.16 | N83: 23322.59 | O83: 24029.63 | P83: 24751.48 | Q83: 25549.68 | R83: 25783.4 | S83: 26374.62 | T83: 27085.37 | U83: 27876.66 | V83: 32648.52 | W83: 37059.74 | X83: 38913.58 | Y83: 38586.62 | Z83: 37574.85 | AA83: 35434.41 | AB83: 32829
B84: 48761 | C84: Ordinario | D84: 19 | E84: 27592.37 | F84: 26115.68 | G84: 24878.96 | H84: 23919.47 | I84: 23773.67 | J84: 23876.16 | K84: 23737.86 | L84: 25218 | M84: 27664.1 | N84: 28835.69 | O84: 30632.1 | P84: 32145.49 | Q84: 30820.42 | R84: 32426.89 | S84: 35168.38 | T84: 35730.64 | U84: 35876.98 | V84: 38650.45 | W84: 40982.45 | X84: 41982.26 | Y84: 40977.68 | Z84: 39038.66 | AA84: 35857.27 | AB84: 32697.08 | AC84: =SUM(E84:AB84)*D84+SUM(E85:AB85)*D85+SUM(E86:AB86)*D86+SUM(E87:AB87)*D87 -> 22314603
C85: Sábado | D85: 5 | E85: 28068.98 | F85: 26234.21 | G85: 24871.21 | H85: 24105.21 | I85: 23631.86 | J85: 22953.6 | K85: 22597.76 | L85: 23393.71 | M85: 25745.31 | N85: 27180.34 | O85: 28808.14 | P85: 29621.71 | Q85: 29045.03 | R85: 28737.66 | S85: 29053.95 | T85: 29083.21 | U85: 29484.12 | V85: 34451.71 | W85: 37040.95 | X85: 37736.74 | Y85: 36516.34 | Z85: 34992.38 | AA85: 33114.88 | AB85: 30868.08
C86: Domingo | D86: 5 | E86: 25387.76 | F86: 24067.23 | G86: 22824.99 | H86: 22118.75 | I86: 21847.99 | J86: 20852.9 | K86: 20030.78 | L86: 19599.97 | M86: 20290.14 | N86: 21051.81 | O86: 22085.5 | P86: 23093.63 | Q86: 24011.21 | R86: 24524.3 | S86: 25097.76 | T86: 25982.19 | U86: 26694.22 | V86: 31437.98 | W86: 35870.62 | X86: 37996.16 | Y86: 37401.79 | Z86: 35826.96 | AA86: 32974.41 | AB86: 30099.77
C87: Festivo | D87: 2 | E87: 25392.25 | F87: 24071.76 | G87: 22841.05 | H87: 22124.53 | I87: 21831.65 | J87: 20813.09 | K87: 19973.62 | L87: 19499.94 | M87: 20171.98 | N87: 20920.1 | O87: 21908.48 | P87: 22898.45 | Q87: 23856.54 | R87: 24381 | S87: 24989.21 | T87: 25878.83 | U87: 26595.41 | V87: 31357.53 | W87: 35781.88 | X87: 37877.44 | Y87: 37320.9 | Z87: 35808.93 | AA87: 32961.4 | AB87: 30092.89
B88: 48792 | C88: Ordinario | D88: 22 | E88: 27241.29 | F88: 25519.58 | G88: 24281.22 | H88: 23429.95 | I88: 23270.34 | J88: 23571.47 | K88: 23493.06 | L88: 24697.06 | M88: 27108.98 | N88: 28225.32 | O88: 30076.35 | P88: 31872.26 | Q88: 30311.57 | R88: 31740.01 | S88: 34523.91 | T88: 35110.77 | U88: 35064.56 | V88: 38097.54 | W88: 41093.94 | X88: 41818.36 | Y88: 40794.3 | Z88: 38758.35 | AA88: 35568.07 | AB88: 32505.69 | AC88: =SUM(E88:AB88)*D88+SUM(E89:AB89)*D89+SUM(E90:AB90)*D90+SUM(E91:AB91)*D91 -> 22463034
C89: Sábado | D89: 4 | E89: 27454.66 | F89: 25873.89 | G89: 24685.28 | H89: 23770.41 | I89: 23083.46 | J89: 22364.13 | K89: 22011.42 | L89: 22836.53 | M89: 24820.13 | N89: 26210.41 | O89: 27538.42 | P89: 27854.4 | Q89: 27269.02 | R89: 27068.06 | S89: 27915.03 | T89: 28555.93 | U89: 29015.85 | V89: 33904.25 | W89: 38232.28 | X89: 38468.41 | Y89: 37068.81 | Z89: 35481.16 | AA89: 33304.63 | AB89: 30941.83
C90: Domingo | D90: 4 | E90: 26654.36 | F90: 25309.43 | G90: 23956.56 | H90: 23208.68 | I90: 22778.77 | J90: 22042.2 | K90: 21120.96 | L90: 20743.56 | M90: 21356.85 | N90: 22094.2 | O90: 22993.52 | P90: 23912.04 | Q90: 24543.11 | R90: 24910.35 | S90: 25465.11 | T90: 26112.09 | U90: 26838.77 | V90: 31895.24 | W90: 36705.02 | X90: 38474.41 | Y90: 38340.23 | Z90: 37137.97 | AA90: 34450.5 | AB90: 31442.54
C91: Festivo | D91: 1 | E91: 26852.17 | F91: 25423.69 | G91: 24067.96 | H91: 23299.79 | I91: 22857.5 | J91: 22108.67 | K91: 21148.28 | L91: 20736.45 | M91: 21298.1 | N91: 21947.65 | O91: 22846.15 | P91: 23721.01 | Q91: 24363.02 | R91: 24721.42 | S91: 25269.4 | T91: 25910.9 | U91: 26637.25 | V91: 31766.87 | W91: 36584.52 | X91: 38255.27 | Y91: 38102.7 | Z91: 36912.1 | AA91: 34235.11 | AB91: 31281.67
B92: 48823 | C92: Ordinario | D92: 22 | E92: 27044.95 | F92: 25404.24 | G92: 24172.92 | H92: 23241.17 | I92: 23057.97 | J92: 23352.24 | K92: 23228.64 | L92: 24594.77 | M92: 27228.65 | N92: 28430.08 | O92: 29974.88 | P92: 31559.06 | Q92: 30241.99 | R92: 31481.94 | S92: 34038.44 | T92: 34636.57 | U92: 34680.21 | V92: 38085.52 | W92: 41152.24 | X92: 40816.45 | Y92: 39678.26 | Z92: 37584.51 | AA92: 34345.87 | AB92: 31366.72 | AC92: =SUM(E92:AB92)*D92+SUM(E93:AB93)*D93+SUM(E94:AB94)*D94+SUM(E95:AB95)*D95 -> 21556561
C93: Sábado | D93: 4 | E93: 25686.34 | F93: 24193.84 | G93: 23046.65 | H93: 22205.62 | I93: 21924.15 | J93: 21349.97 | K93: 21215.12 | L93: 22316.64 | M93: 24642.95 | N93: 25632.03 | O93: 27356.3 | P93: 28070.72 | Q93: 27814.53 | R93: 27549.97 | S93: 28151.68 | T93: 28453.05 | U93: 28772.2 | V93: 34367.18 | W93: 38861.17 | X93: 38582.61 | Y93: 37380.46 | Z93: 35829.44 | AA93: 34121.11 | AB93: 31743.71
C94: Domingo | D94: 4 | E94: 26941.25 | F94: 25380.41 | G94: 23960.85 | H94: 23003.14 | I94: 22578.38 | J94: 21467.52 | K94: 20405.5 | L94: 20277.28 | M94: 21003.39 | N94: 22162.16 | O94: 23202.12 | P94: 23635.1 | Q94: 24405.76 | R94: 24698.09 | S94: 25006.29 | T94: 25857.54 | U94: 26506.74 | V94: 32073.35 | W94: 36794.37 | X94: 37389.51 | Y94: 37055.69 | Z94: 35788.65 | AA94: 33207.84 | AB94: 30381.19
C95: Festivo | D95: 0 | E95: 0 | F95: 0 | G95: 0 | H95: 0 | I95: 0 | J95: 0 | K95: 0 | L95: 0 | M95: 0 | N95: 0 | O95: 0 | P95: 0 | Q95: 0 | R95: 0 | S95: 0 | T95: 0 | U95: 0 | V95: 0 | W95: 0 | X95: 0 | Y95: 0 | Z95: 0 | AA95: 0 | AB95: 0
B96: 48853 | C96: Ordinario | D96: 20 | E96: 26028.6 | F96: 24460.45 | G96: 23284.48 | H96: 22389.62 | I96: 22348.37 | J96: 22575.51 | K96: 22790.62 | L96: 24141.47 | M96: 26589.12 | N96: 27751.74 | O96: 29212.03 | P96: 30636.35 | Q96: 28984.12 | R96: 30132.58 | S96: 32626.44 | T96: 33549.46 | U96: 33995.21 | V96: 38424.22 | W96: 41317.42 | X96: 40414.48 | Y96: 39039.99 | Z96: 36930.31 | AA96: 33749.33 | AB96: 30631.76 | AC96: =SUM(E96:AB96)*D96+SUM(E97:AB97)*D97+SUM(E98:AB98)*D98+SUM(E99:AB99)*D99 -> 21752954
C97: Sábado | D97: 5 | E97: 26414.2 | F97: 24713.01 | G97: 23289.12 | H97: 22418.22 | I97: 22342.46 | J97: 21741.95 | K97: 21839.82 | L97: 22635.03 | M97: 24915.69 | N97: 26192.88 | O97: 27814.82 | P97: 28604.92 | Q97: 27991.45 | R97: 27807.52 | S97: 28607.02 | T97: 29550.2 | U97: 30153.73 | V97: 35917.68 | W97: 39737.57 | X97: 38995.01 | Y97: 37500.33 | Z97: 35645.72 | AA97: 33431.71 | AB97: 30966.77
C98: Domingo | D98: 5 | E98: 26391.85 | F98: 24782.27 | G98: 23483.66 | H98: 22703.94 | I98: 22283.81 | J98: 21376.01 | K98: 20211.22 | L98: 20049.37 | M98: 20827.17 | N98: 21562.52 | O98: 22683.84 | P98: 23774.92 | Q98: 24485.67 | R98: 24873.62 | S98: 25519.67 | T98: 25933.81 | U98: 27057.85 | V98: 33017.8 | W98: 37679.71 | X98: 38010.37 | Y98: 37569.64 | Z98: 36157.66 | AA98: 33396.96 | AB98: 30574.33
C99: Festivo | D99: 1 | E99: 26509.62 | F99: 24927.39 | G99: 23625.28 | H99: 22821.12 | I99: 22375.68 | J99: 21498.09 | K99: 20274.95 | L99: 20087.87 | M99: 20912.17 | N99: 21649.82 | O99: 22727.3 | P99: 23790.79 | Q99: 24490.33 | R99: 24853.87 | S99: 25459.9 | T99: 25834.03 | U99: 26986.45 | V99: 32918.13 | W99: 37529.96 | X99: 37846.46 | Y99: 37520.44 | Z99: 36114.93 | AA99: 33377.15 | AB99: 30575.88
B100: 48884 | C100: Ordinario | D100: 20 | E100: 25037.52 | F100: 23523.68 | G100: 22395.54 | H100: 21601.13 | I100: 21575.68 | J100: 21755.89 | K100: 22003.84 | L100: 23610.57 | M100: 26034.97 | N100: 27125.25 | O100: 28440.71 | P100: 29465.82 | Q100: 27986.5 | R100: 28946.2 | S100: 31058.71 | T100: 31985.68 | U100: 32436.72 | V100: 37201.01 | W100: 39497.11 | X100: 38638.79 | Y100: 37407.01 | Z100: 35472.14 | AA100: 32564.03 | AB100: 29631.38 | AC100: =SUM(E100:AB100)*D100+SUM(E101:AB101)*D101+SUM(E102:AB102)*D102+SUM(E103:AB103)*D103 -> 20207510
C101: Sábado | D101: 4 | E101: 24088.13 | F101: 22734.4 | G101: 21765.62 | H101: 21125.73 | I101: 21036.57 | J101: 20351.08 | K101: 20506.47 | L101: 21729.46 | M101: 24061.8 | N101: 25309.33 | O101: 26977.53 | P101: 27601.1 | Q101: 27077.26 | R101: 26463.33 | S101: 26412.49 | T101: 27236.93 | U101: 28023.08 | V101: 34252.23 | W101: 37547.95 | X101: 36966.04 | Y101: 35737.35 | Z101: 34180.3 | AA101: 32192.74 | AB101: 29785.72
C102: Domingo | D102: 4 | E102: 25566.05 | F102: 24199.09 | G102: 22944.05 | H102: 22069.33 | I102: 21662.09 | J102: 20894.74 | K102: 19908.84 | L102: 19660.07 | M102: 20407.12 | N102: 21186.75 | O102: 22343.24 | P102: 22880.54 | Q102: 23464.85 | R102: 23664.67 | S102: 23887.07 | T102: 24497.64 | U102: 25369.31 | V102: 31806.62 | W102: 35218.44 | X102: 35288.11 | Y102: 34562.86 | Z102: 33294.45 | AA102: 31240.55 | AB102: 29004.61
C103: Festivo | D103: 2 | E103: 25581.15 | F103: 24210.19 | G103: 22955.52 | H103: 22078.34 | I103: 21673.63 | J103: 20905.48 | K103: 19889.96 | L103: 19611.11 | M103: 20388.77 | N103: 21173.75 | O103: 22281.24 | P103: 22771.82 | Q103: 23373.48 | R103: 23550 | S103: 23749.18 | T103: 24355.2 | U103: 25277.4 | V103: 31702.11 | W103: 35028.16 | X103: 35094.29 | Y103: 34431.96 | Z103: 33215.87 | AA103: 31176.89 | AB103: 28953.35
B104: 48914 | C104: Ordinario | D104: 21 | E104: 27491.87 | F104: 25783.15 | G104: 24506.04 | H104: 23726.97 | I104: 23550.97 | J104: 23531.39 | K104: 23390.33 | L104: 24745.81 | M104: 27109.1 | N104: 28379.62 | O104: 29583.9 | P104: 30655.97 | Q104: 29655.9 | R104: 30242.26 | S104: 32048.99 | T104: 33017.34 | U104: 33749.76 | V104: 38686.45 | W104: 42285.64 | X104: 41484.98 | Y104: 40004.35 | Z104: 37758.36 | AA104: 34932.1 | AB104: 32216.37 | AC104: =SUM(E104:AB104)*D104+SUM(E105:AB105)*D105+SUM(E106:AB106)*D106+SUM(E107:AB107)*D107 -> 22476423
...

Sheet Cantidades P7_(2031-2040) (2)
B4: 9.7. TABLAS CANTIDADES DE ENERGÍA SOLICITADA PRODUCTO 7 AÑO 2031-2040 (kWh)
B5: ELETRIFICADORA DE SANTANDER S.A E.S.P.
B6: SOLICITUD PÚBLICA DE OFERTAS CP-ESSC2026-001
B7: PAGUELO CONTRATADO
BE8: 1000
B10: Mes | C10: Tipo Día | D10: Días | E10: H1 | F10: H2 | G10: H3 | H10: H4 | I10: H5 | J10: H6 | K10: H7 | L10: H8 | M10: H9 | N10: H10 | O10: H11 | P10: H12 | Q10: H13 | R10: H14 | S10: H15 | T10: H16 | U10: H17 | V10: H18 | W10: H19 | X10: H20 | Y10: H21 | Z10: H22 | AA10: H23 | AB10: H24 | AC10: TOTAL MES kWh | AF10: PERIODO | AG10: H1 | AH10: H2 | AI10: H3 | AJ10: H4 | AK10: H5 | AL10: H6 | AM10: H7 | AN10: H8 | AO10: H9 | AP10: H10 | AQ10: H11 | AR10: H12 | AS10: H13 | AT10: H14 | AU10: H15 | AV10: H16 | AW10: H17 | AX10: H18 | AY10: H19 | AZ10: H20 | BA10: H21 | BB10: H22 | BC10: H23 | BD10: H24 | BE10: TOTAL DIA | BF10: TOTAL AÑO | BH10: Año 2024 | BI10: =(+#REF!)/1000 -> #REF! | BJ10: MWh-año
B11: 47849 | C11: Ordinario | D11: =+'[6]2031'!D15 -> 21 | E11: =ROUND('[6]2031'!E15,2) -> 35616.33 | F11: =ROUND('[6]2031'!F15,2) -> 33797.46 | G11: =ROUND('[6]2031'!G15,2) -> 32429.22 | H11: =ROUND('[6]2031'!H15,2) -> 31436.1 | I11: =ROUND('[6]2031'!I15,2) -> 31262.82 | J11: =ROUND('[6]2031'!J15,2) -> 32309 | K11: =ROUND('[6]2031'!K15,2) -> 32017.34 | L11: =ROUND('[6]2031'!L15,2) -> 35717.05 | ... AB11: =ROUND('[6]2031'!AB15,2) -> 38834.38 | AC11: =SUM(E11:AB11)*D11+SUM(E12:AB12)*D12+SUM(E13:AB13)*D13+SUM(E14:AB14)*D14 -> 29658250
C12: Sábado | D12: =+'[6]2031'!D16 -> 4 | E12: =ROUND('[6]2031'!E16,2) -> 35358.17 | F12: =ROUND('[6]2031'!F16,2) -> 33659.97 | G12: =ROUND('[6]2031'!G16,2) -> 32326.13 | H12: =ROUND('[6]2031'!H16,2) -> 31307.45 | I12: =ROUND('[6]2031'!I16,2) -> 30999.12 | J12: =ROUND('[6]2031'!J16,2) -> 31247.1 | K12: =ROUND('[6]2031'!K16,2) -> 30441.81 | L12: =ROUND('[6]2031'!L16,2) -> 33449.42 | ... AB12: =ROUND('[6]2031'!AB16,2) -> 38153.91
C13: Domingo | D13: =+'[6]2031'!D17 -> 4 | E13: =ROUND('[6]2031'!E17,2) -> 35592.51 | F13: =ROUND('[6]2031'!F17,2) -> 33843.85 | G13: =ROUND('[6]2031'!G17,2) -> 32433.8 | H13: =ROUND('[6]2031'!H17,2) -> 31399.3 | I13: =ROUND('[6]2031'!I17,2) -> 30890.15 | J13: =ROUND('[6]2031'!J17,2) -> 30728.11 | K13: =ROUND('[6]2031'!K17,2) -> 29072.58 | L13: =ROUND('[6]2031'!L17,2) -> 30369.58 | ... AB13: =ROUND('[6]2031'!AB17,2) -> 36959.73
C14: Festivo | D14: =+'[6]2031'!D18 -> 2 | E14: =ROUND('[6]2031'!E18,2) -> 35592.51 | F14: =ROUND('[6]2031'!F18,2) -> 33843.85 | G14: =ROUND('[6]2031'!G18,2) -> 32433.8 | H14: =ROUND('[6]2031'!H18,2) -> 31399.3 | I14: =ROUND('[6]2031'!I18,2) -> 30890.15 | J14: =ROUND('[6]2031'!J18,2) -> 30728.11 | K14: =ROUND('[6]2031'!K18,2) -> 29072.58 | L14: =ROUND('[6]2031'!L18,2) -> 30369.58 | ... AB14: =ROUND('[6]2031'!AB18,2) -> 36959.73
B15: 47880 | C15: Ordinario | D15: =+'[6]2031'!D19 -> 20 | E15: =ROUND('[6]2031'!E19,2) -> 37418.49 | F15: =ROUND('[6]2031'!F19,2) -> 35581.64 | G15: =ROUND('[6]2031'!G19,2) -> 34115.28 | H15: =ROUND('[6]2031'!H19,2) -> 33052.3 | I15: =ROUND('[6]2031'!I19,2) -> 33015.28 | J15: =ROUND('[6]2031'!J19,2) -> 34999.7 | K15: =ROUND('[6]2031'!K19,2) -> 34662.74 | L15: =ROUND('[6]2031'!L19,2) -> 38036.56 | ... AB15: =ROUND('[6]2031'!AB19,2) -> 40474.2 | AC15: =SUM(E15:AB15)*D15+SUM(E16:AB16)*D16+SUM(E17:AB17)*D17+SUM(E18:AB18)*D18 -> 28340194
B16: Feb | C16: Sábado | D16: =+'[6]2031'!D20 -> 4 | E16: =ROUND('[6]2031'!E20,2) -> 37934.54 | F16: =ROUND('[6]2031'!F20,2) -> 35883.44 | G16: =ROUND('[6]2031'!G20,2) -> 34545.83 | H16: =ROUND('[6]2031'!H20,2) -> 33274.35 | I16: =ROUND('[6]2031'!I20,2) -> 32873.8 | J16: =ROUND('[6]2031'!J20,2) -> 33255.79 | K16: =ROUND('[6]2031'!K20,2) -> 32666.08 | L16: =ROUND('[6]2031'!L20,2) -> 35684.6 | ... AB16: =ROUND('[6]2031'!AB20,2) -> 40252.91
B17: Feb | C17: Domingo | D17: =+'[6]2031'!D21 -> 4 | E17: =ROUND('[6]2031'!E21,2) -> 37828.92 | F17: =ROUND('[6]2031'!F21,2) -> 36001.37 | G17: =ROUND('[6]2031'!G21,2) -> 34525.68 | H17: =ROUND('[6]2031'!H21,2) -> 33429.99 | I17: =ROUND('[6]2031'!I21,2) -> 32865.95 | J17: =ROUND('[6]2031'!J21,2) -> 32829.34 | K17: =ROUND('[6]2031'!K21,2) -> 31106.52 | L17: =ROUND('[6]2031'!L21,2) -> 32448.14 | ... AB17: =ROUND('[6]2031'!AB21,2) -> 39190.94
B18: Feb | C18: Festivo | D18: =+'[6]2031'!D22 -> 0 | E18: =ROUND('[6]2031'!E22,2) -> 0 | F18: =ROUND('[6]2031'!F22,2) -> 0 | G18: =ROUND('[6]2031'!G22,2) -> 0 | H18: =ROUND('[6]2031'!H22,2) -> 0 | I18: =ROUND('[6]2031'!I22,2) -> 0 | J18: =ROUND('[6]2031'!J22,2) -> 0 | K18: =ROUND('[6]2031'!K22,2) -> 0 | L18: =ROUND('[6]2031'!L22,2) -> 0 | ... AB18: =ROUND('[6]2031'!AB22,2) -> 0
B19: 47908 | C19: Ordinario | D19: =+'[6]2031'!D23 -> 20 | E19: =ROUND('[6]2031'!E23,2) -> 35176.97 | F19: =ROUND('[6]2031'!F23,2) -> 33436.98 | G19: =ROUND('[6]2031'!G23,2) -> 32139.05 | H19: =ROUND('[6]2031'!H23,2) -> 31287.13 | I19: =ROUND('[6]2031'!I23,2) -> 31430.71 | J19: =ROUND('[6]2031'!J23,2) -> 33109.03 | K19: =ROUND('[6]2031'!K23,2) -> 33111.68 | L19: =ROUND('[6]2031'!L23,2) -> 36701.62 | ... AB19: =ROUND('[6]2031'!AB23,2) -> 37976.94 | AC19: =SUM(E19:AB19)*D19+SUM(E20:AB20)*D20+SUM(E21:AB21)*D21+SUM(E22:AB22)*D22 -> 29852667
C20: Sábado | D20: =+'[6]2031'!D24 -> 5 | E20: =ROUND('[6]2031'!E24,2) -> 35382.91 | F20: =ROUND('[6]2031'!F24,2) -> 33637.31 | G20: =ROUND('[6]2031'!G24,2) -> 32260.31 | H20: =ROUND('[6]2031'!H24,2) -> 31348.83 | I20: =ROUND('[6]2031'!I24,2) -> 31118.54 | J20: =ROUND('[6]2031'!J24,2) -> 31472.9 | K20: =ROUND('[6]2031'!K24,2) -> 31321.61 | L20: =ROUND('[6]2031'!L24,2) -> 34615.61 | ... AB20: =ROUND('[6]2031'!AB24,2) -> 39095.54
C21: Domingo | D21: =+'[6]2031'!D25 -> 5 | E21: =ROUND('[6]2031'!E25,2) -> 36331.58 | F21: =ROUND('[6]2031'!F25,2) -> 34461.47 | G21: =ROUND('[6]2031'!G25,2) -> 33008.37 | H21: =ROUND('[6]2031'!H25,2) -> 31967.01 | I21: =ROUND('[6]2031'!I25,2) -> 31443.54 | J21: =ROUND('[6]2031'!J25,2) -> 31208.35 | K21: =ROUND('[6]2031'!K25,2) -> 30029.17 | L21: =ROUND('[6]2031'!L25,2) -> 31619.52 | ... AB21: =ROUND('[6]2031'!AB25,2) -> 38232.52
C22: Festivo | D22: =+'[6]2031'!D26 -> 1 | E22: =ROUND('[6]2031'!E26,2) -> 36331.58 | F22: =ROUND('[6]2031'!F26,2) -> 34461.47 | G22: =ROUND('[6]2031'!G26,2) -> 33008.37 | H22: =ROUND('[6]2031'!H26,2) -> 31967.01 | I22: =ROUND('[6]2031'!I26,2) -> 31443.54 | J22: =ROUND('[6]2031'!J26,2) -> 31208.35 | K22: =ROUND('[6]2031'!K26,2) -> 30029.17 | L22: =ROUND('[6]2031'!L26,2) -> 31619.52 | ... AB22: =ROUND('[6]2031'!AB26,2) -> 38232.52
B23: 47939 | C23: Ordinario | D23: =+'[6]2031'!D27 -> 20 | E23: =ROUND('[6]2031'!E27,2) -> 34172.98 | F23: =ROUND('[6]2031'!F27,2) -> 32471.08 | G23: =ROUND('[6]2031'!G27,2) -> 31226.21 | H23: =ROUND('[6]2031'!H27,2) -> 30378.31 | I23: =ROUND('[6]2031'!I27,2) -> 30508.2 | J23: =ROUND('[6]2031'!J27,2) -> 31485.23 | K23: =ROUND('[6]2031'!K27,2) -> 31833.47 | L23: =ROUND('[6]2031'!L27,2) -> 35459.12 | ... AB23: =ROUND('[6]2031'!AB27,2) -> 37088.25 | AC23: =SUM(E23:AB23)*D23+SUM(E24:AB24)*D24+SUM(E25:AB25)*D25+SUM(E26:AB26)*D26 -> 27910351
B24: Feb | C24: Sábado | D24: =+'[6]2031'!D28 -> 4 | E24: =ROUND('[6]2031'!E28,2) -> 33827.91 | F24: =ROUND('[6]2031'!F28,2) -> 32064.39 | G24: =ROUND('[6]2031'!G28,2) -> 30754.48 | H24: =ROUND('[6]2031'!H28,2) -> 29859.92 | I24: =ROUND('[6]2031'!I28,2) -> 29633.98 | J24: =ROUND('[6]2031'!J28,2) -> 29624.99 | K24: =ROUND('[6]2031'!K28,2) -> 29554.82 | L24: =ROUND('[6]2031'!L28,2) -> 32577.59 | ... AB24: =ROUND('[6]2031'!AB28,2) -> 36844.46
B25: Feb | C25: Domingo | D25: =+'[6]2031'!D29 -> 4 | E25: =ROUND('[6]2031'!E29,2) -> 34488.68 | F25: =ROUND('[6]2031'!F29,2) -> 32791.94 | G25: =ROUND('[6]2031'!G29,2) -> 31388.86 | H25: =ROUND('[6]2031'!H29,2) -> 30429 | I25: =ROUND('[6]2031'!I29,2) -> 30024.5 | J25: =ROUND('[6]2031'!J29,2) -> 29491.23 | K25: =ROUND('[6]2031'!K29,2) -> 28872.66 | L25: =ROUND('[6]2031'!L29,2) -> 30469.62 | ... AB25: =ROUND('[6]2031'!AB29,2) -> 36491.34
B26: Feb | C26: Festivo | D26: =+'[6]2031'!D30 -> 2 | E26: =ROUND('[6]2031'!E30,2) -> 34488.68 | F26: =ROUND('[6]2031'!F30,2) -> 32791.94 | G26: =ROUND('[6]2031'!G30,2) -> 31388.86 | H26: =ROUND('[6]2031'!H30,2) -> 30429 | I26: =ROUND('[6]2031'!I30,2) -> 30024.5 | J26: =ROUND('[6]2031'!J30,2) -> 29491.23 | K26: =ROUND('[6]2031'!K30,2) -> 28872.66 | L26: =ROUND('[6]2031'!L30,2) -> 30469.62 | ... AB26: =ROUND('[6]2031'!AB30,2) -> 36491.34
B27: 47969 | C27: Ordinario | D27: =+'[6]2031'!D31 -> 20 | E27: =ROUND('[6]2031'!E31,2) -> 33644.22 | F27: =ROUND('[6]2031'!F31,2) -> 32046.76 | G27: =ROUND('[6]2031'!G31,2) -> 30837.67 | H27: =ROUND('[6]2031'!H31,2) -> 30010.13 | I27: =ROUND('[6]2031'!I31,2) -> 30157.21 | J27: =ROUND('[6]2031'!J31,2) -> 30992.45 | K27: =ROUND('[6]2031'!K31,2) -> 31695.45 | L27: =ROUND('[6]2031'!L31,2) -> 35399.44 | ... AB27: =ROUND('[6]2031'!AB31,2) -> 36404.28 | AC27: =SUM(E27:AB27)*D27+SUM(E28:AB28)*D28+SUM(E29:AB29)*D29+SUM(E30:AB30)*D30 -> 28796729
C28: Sábado | D28: =+'[6]2031'!D32 -> 5 | E28: =ROUND('[6]2031'!E32,2) -> 34228.12 | F28: =ROUND('[6]2031'!F32,2) -> 32236.84 | G28: =ROUND('[6]2031'!G32,2) -> 30889.89 | H28: =ROUND('[6]2031'!H32,2) -> 30022.3 | I28: =ROUND('[6]2031'!I32,2) -> 29863.82 | J28: =ROUND('[6]2031'!J32,2) -> 29539.17 | K28: =ROUND('[6]2031'!K32,2) -> 29823.71 | L28: =ROUND('[6]2031'!L32,2) -> 33238.17 | ... AB28: =ROUND('[6]2031'!AB32,2) -> 37420.5
C29: Domingo | D29: =+'[6]2031'!D33 -> 4 | E29: =ROUND('[6]2031'!E33,2) -> 34632.17 | F29: =ROUND('[6]2031'!F33,2) -> 32995.78 | G29: =ROUND('[6]2031'!G33,2) -> 31692.09 | H29: =ROUND('[6]2031'!H33,2) -> 30757.04 | I29: =ROUND('[6]2031'!I33,2) -> 30358.57 | J29: =ROUND('[6]2031'!J33,2) -> 29443.04 | K29: =ROUND('[6]2031'!K33,2) -> 28998.76 | L29: =ROUND('[6]2031'!L33,2) -> 30729.3 | ... AB29: =ROUND('[6]2031'!AB33,2) -> 36435.78
C30: Festivo | D30: =+'[6]2031'!D34 -> 2 | E30: =ROUND('[6]2031'!E34,2) -> 34632.17 | F30: =ROUND('[6]2031'!F34,2) -> 32995.78 | G30: =ROUND('[6]2031'!G34,2) -> 31692.09 | H30: =ROUND('[6]2031'!H34,2) -> 30757.04 | I30: =ROUND('[6]2031'!I34,2) -> 30358.57 | J30: =ROUND('[6]2031'!J34,2) -> 29443.04 | K30: =ROUND('[6]2031'!K34,2) -> 28998.76 | L30: =ROUND('[6]2031'!L34,2) -> 30729.3 | ... AB30: =ROUND('[6]2031'!AB34,2) -> 36435.78
B31: 48000 | C31: Ordinario | D31: =+'[6]2031'!D35 -> 18 | E31: =ROUND('[6]2031'!E35,2) -> 33808.3 | F31: =ROUND('[6]2031'!F35,2) -> 32110.47 | G31: =ROUND('[6]2031'!G35,2) -> 30930.63 | H31: =ROUND('[6]2031'!H35,2) -> 30007.47 | I31: =ROUND('[6]2031'!I35,2) -> 30099.9 | J31: =ROUND('[6]2031'!J35,2) -> 30514.33 | K31: =ROUND('[6]2031'!K35,2) -> 31173.21 | L31: =ROUND('[6]2031'!L35,2) -> 35098.74 | ... AB31: =ROUND('[6]2031'!AB35,2) -> 36554.69 | AC31: =SUM(E31:AB31)*D31+SUM(E32:AB32)*D32+SUM(E33:AB33)*D33+SUM(E34:AB34)*D34 -> 27547846
B32: Feb | C32: Sábado | D32: =+'[6]2031'!D36 -> 4 | E32: =ROUND('[6]2031'!E36,2) -> 33891.41 | F32: =ROUND('[6]2031'!F36,2) -> 32226.62 | G32: =ROUND('[6]2031'!G36,2) -> 30989.47 | H32: =ROUND('[6]2031'!H36,2) -> 30140.39 | I32: =ROUND('[6]2031'!I36,2) -> 29991.47 | J32: =ROUND('[6]2031'!J36,2) -> 29612.1 | K32: =ROUND('[6]2031'!K36,2) -> 29902.44 | L32: =ROUND('[6]2031'!L36,2) -> 33352.19 | ... AB32: =ROUND('[6]2031'!AB36,2) -> 36320.22
B33: Feb | C33: Domingo | D33: =+'[6]2031'!D37 -> 5 | E33: =ROUND('[6]2031'!E37,2) -> 34403.4 | F33: =ROUND('[6]2031'!F37,2) -> 32660.89 | G33: =ROUND('[6]2031'!G37,2) -> 31307.42 | H33: =ROUND('[6]2031'!H37,2) -> 30417.81 | I33: =ROUND('[6]2031'!I37,2) -> 30070.84 | J33: =ROUND('[6]2031'!J37,2) -> 29126.13 | K33: =ROUND('[6]2031'!K37,2) -> 28486.06 | L33: =ROUND('[6]2031'!L37,2) -> 30047.84 | ... AB33: =ROUND('[6]2031'!AB37,2) -> 36587.61
B34: Feb | C34: Festivo | D34: =+'[6]2031'!D38 -> 3 | E34: =ROUND('[6]2031'!E38,2) -> 34403.4 | F34: =ROUND('[6]2031'!F38,2) -> 32660.89 | G34: =ROUND('[6]2031'!G38,2) -> 31307.42 | H34: =ROUND('[6]2031'!H38,2) -> 30417.81 | I34: =ROUND('[6]2031'!I38,2) -> 30070.84 | J34: =ROUND('[6]2031'!J38,2) -> 29126.13 | K34: =ROUND('[6]2031'!K38,2) -> 28486.06 | L34: =ROUND('[6]2031'!L38,2) -> 30047.84 | ... AB34: =ROUND('[6]2031'!AB38,2) -> 36587.61
B35: 48030 | C35: Ordinario | D35: =+'[6]2031'!D39 -> 23 | E35: =ROUND('[6]2031'!E39,2) -> 33314.56 | F35: =ROUND('[6]2031'!F39,2) -> 31611.52 | G35: =ROUND('[6]2031'!G39,2) -> 30340.45 | H35: =ROUND('[6]2031'!H39,2) -> 29491.66 | I35: =ROUND('[6]2031'!I39,2) -> 29460.37 | J35: =ROUND('[6]2031'!J39,2) -> 30218.01 | K35: =ROUND('[6]2031'!K39,2) -> 30610.74 | L35: =ROUND('[6]2031'!L39,2) -> 34381.16 | ... AB35: =ROUND('[6]2031'!AB39,2) -> 36386.87 | AC35: =SUM(E35:AB35)*D35+SUM(E36:AB36)*D36+SUM(E37:AB37)*D37+SUM(E38:AB38)*D38 -> 28409691
C36: Sábado | D36: =+'[6]2031'!D40 -> 4 | E36: =ROUND('[6]2031'!E40,2) -> 33935.74 | F36: =ROUND('[6]2031'!F40,2) -> 32017.53 | G36: =ROUND('[6]2031'!G40,2) -> 30637.38 | H36: =ROUND('[6]2031'!H40,2) -> 29801.02 | I36: =ROUND('[6]2031'!I40,2) -> 29405.06 | J36: =ROUND('[6]2031'!J40,2) -> 29106.66 | K36: =ROUND('[6]2031'!K40,2) -> 29237.39 | L36: =ROUND('[6]2031'!L40,2) -> 32439.3 | ... AB36: =ROUND('[6]2031'!AB40,2) -> 35214.86
C37: Domingo | D37: =+'[6]2031'!D41 -> 3 | E37: =ROUND('[6]2031'!E41,2) -> 31913.77 | F37: =ROUND('[6]2031'!F41,2) -> 30421.59 | G37: =ROUND('[6]2031'!G41,2) -> 29120.32 | H37: =ROUND('[6]2031'!H41,2) -> 28325.61 | I37: =ROUND('[6]2031'!I41,2) -> 28004.27 | J37: =ROUND('[6]2031'!J41,2) -> 27319.45 | K37: =ROUND('[6]2031'!K41,2) -> 26716.43 | L37: =ROUND('[6]2031'!L41,2) -> 28367.84 | ... AB37: =ROUND('[6]2031'!AB41,2) -> 34278.38
C38: Festivo | D38: =+'[6]2031'!D42 -> 1 | E38: =ROUND('[6]2031'!E42,2) -> 31913.77 | F38: =ROUND('[6]2031'!F42,2) -> 30421.59 | G38: =ROUND('[6]2031'!G42,2) -> 29120.32 | H38: =ROUND('[6]2031'!H42,2) -> 28325.61 | I38: =ROUND('[6]2031'!I42,2) -> 28004.27 | J38: =ROUND('[6]2031'!J42,2) -> 27319.45 | K38: =ROUND('[6]2031'!K42,2) -> 26716.43 | L38: =ROUND('[6]2031'!L42,2) -> 28367.84 | ... AB38: =ROUND('[6]2031'!AB42,2) -> 34278.38
B39: 48061 | C39: Ordinario | D39: =+'[6]2031'!D43 -> 19 | E39: =ROUND('[6]2031'!E43,2) -> 33878.24 | F39: =ROUND('[6]2031'!F43,2) -> 32024.98 | G39: =ROUND('[6]2031'!G43,2) -> 30712.75 | H39: =ROUND('[6]2031'!H43,2) -> 29817.67 | I39: =ROUND('[6]2031'!I43,2) -> 29787.01 | J39: =ROUND('[6]2031'!J43,2) -> 30782.41 | K39: =ROUND('[6]2031'!K43,2) -> 31144.53 | L39: =ROUND('[6]2031'!L43,2) -> 34645.36 | ... AB39: =ROUND('[6]2031'!AB43,2) -> 37179.07 | AC39: =SUM(E39:AB39)*D39+SUM(E40:AB40)*D40+SUM(E41:AB41)*D41+SUM(E42:AB42)*D42 -> 28511339
B40: Feb | C40: Sábado | D40: =+'[6]2031'!D44 -> 5 | E40: =ROUND('[6]2031'!E44,2) -> 34342.06 | F40: =ROUND('[6]2031'!F44,2) -> 32576.17 | G40: =ROUND('[6]2031'!G44,2) -> 31266.83 | H40: =ROUND('[6]2031'!H44,2) -> 30273.05 | I40: =ROUND('[6]2031'!I44,2) -> 29677.17 | J40: =ROUND('[6]2031'!J44,2) -> 29421.31 | K40: =ROUND('[6]2031'!K44,2) -> 29467.19 | L40: =ROUND('[6]2031'!L44,2) -> 32619.73 | ... AB40: =ROUND('[6]2031'!AB44,2) -> 35763.65
B41: Feb | C41: Domingo | D41: =+'[6]2031'!D45 -> 5 | E41: =ROUND('[6]2031'!E45,2) -> 33513.5 | F41: =ROUND('[6]2031'!F45,2) -> 31882.82 | G41: =ROUND('[6]2031'!G45,2) -> 30469.5 | H41: =ROUND('[6]2031'!H45,2) -> 29650.29 | I41: =ROUND('[6]2031'!I45,2) -> 29223.2 | J41: =ROUND('[6]2031'!J45,2) -> 28778.31 | K41: =ROUND('[6]2031'!K45,2) -> 28004.72 | L41: =ROUND('[6]2031'!L45,2) -> 29590.88 | ... AB41: =ROUND('[6]2031'!AB45,2) -> 35815.86
B42: Feb | C42: Festivo | D42: =+'[6]2031'!D46 -> 2 | E42: =ROUND('[6]2031'!E46,2) -> 33513.5 | F42: =ROUND('[6]2031'!F46,2) -> 31882.82 | G42: =ROUND('[6]2031'!G46,2) -> 30469.5 | H42: =ROUND('[6]2031'!H46,2) -> 29650.29 | I42: =ROUND('[6]2031'!I46,2) -> 29223.2 | J42: =ROUND('[6]2031'!J46,2) -> 28778.31 | K42: =ROUND('[6]2031'!K46,2) -> 28004.72 | L42: =ROUND('[6]2031'!L46,2) -> 29590.88 | ... AB42: =ROUND('[6]2031'!AB46,2) -> 35815.86
B43: 48092 | C43: Ordinario | D43: =+'[6]2031'!D47 -> 22 | E43: =ROUND('[6]2031'!E47,2) -> 33196.04 | F43: =ROUND('[6]2031'!F47,2) -> 31454.79 | G43: =ROUND('[6]2031'!G47,2) -> 30172.06 | H43: =ROUND('[6]2031'!H47,2) -> 29232.57 | I43: =ROUND('[6]2031'!I47,2) -> 29199.38 | J43: =ROUND('[6]2031'!J47,2) -> 30144.35 | K43: =ROUND('[6]2031'!K47,2) -> 30570.4 | L43: =ROUND('[6]2031'!L47,2) -> 34070 | ... AB43: =ROUND('[6]2031'!AB47,2) -> 35614.68 | AC43: =SUM(E43:AB43)*D43+SUM(E44:AB44)*D44+SUM(E45:AB45)*D45+SUM(E46:AB46)*D46 -> 27296148
C44: Sábado | D44: =+'[6]2031'!D48 -> 4 | E44: =ROUND('[6]2031'!E48,2) -> 32332.21 | F44: =ROUND('[6]2031'!F48,2) -> 30697.94 | G44: =ROUND('[6]2031'!G48,2) -> 29470.26 | H44: =ROUND('[6]2031'!H48,2) -> 28565.4 | I44: =ROUND('[6]2031'!I48,2) -> 28324.82 | J44: =ROUND('[6]2031'!J48,2) -> 28161.73 | K44: =ROUND('[6]2031'!K48,2) -> 28484.62 | L44: =ROUND('[6]2031'!L48,2) -> 31732.02 | ... AB44: =ROUND('[6]2031'!AB48,2) -> 35710.33
C45: Domingo | D45: =+'[6]2031'!D49 -> 4 | E45: =ROUND('[6]2031'!E49,2) -> 33093.22 | F45: =ROUND('[6]2031'!F49,2) -> 31406.75 | G45: =ROUND('[6]2031'!G49,2) -> 29958.77 | H45: =ROUND('[6]2031'!H49,2) -> 29000.27 | I45: =ROUND('[6]2031'!I49,2) -> 28594.54 | J45: =ROUND('[6]2031'!J49,2) -> 27818.57 | K45: =ROUND('[6]2031'!K49,2) -> 27091.47 | L45: =ROUND('[6]2031'!L49,2) -> 28794.89 | ... AB45: =ROUND('[6]2031'!AB49,2) -> 34571.7
C46: Festivo | D46: =+'[6]2031'!D50 -> 0 | E46: =ROUND('[6]2031'!E50,2) -> 0 | F46: =ROUND('[6]2031'!F50,2) -> 0 | G46: =ROUND('[6]2031'!G50,2) -> 0 | H46: =ROUND('[6]2031'!H50,2) -> 0 | I46: =ROUND('[6]2031'!I50,2) -> 0 | J46: =ROUND('[6]2031'!J50,2) -> 0 | K46: =ROUND('[6]2031'!K50,2) -> 0 | L46: =ROUND('[6]2031'!L50,2) -> 0 | ... AB46: =ROUND('[6]2031'!AB50,2) -> 0
B47: 48122 | C47: Ordinario | D47: =+'[6]2031'!D51 -> 22 | E47: =ROUND('[6]2031'!E51,2) -> 32161.58 | F47: =ROUND('[6]2031'!F51,2) -> 30468.61 | G47: =ROUND('[6]2031'!G51,2) -> 29258.94 | H47: =ROUND('[6]2031'!H51,2) -> 28379.36 | I47: =ROUND('[6]2031'!I51,2) -> 28471.19 | J47: =ROUND('[6]2031'!J51,2) -> 29321.53 | K47: =ROUND('[6]2031'!K51,2) -> 30091.39 | L47: =ROUND('[6]2031'!L51,2) -> 33517.12 | ... AB47: =ROUND('[6]2031'!AB51,2) -> 34829.15 | AC47: =SUM(E47:AB47)*D47+SUM(E48:AB48)*D48+SUM(E49:AB49)*D49+SUM(E50:AB50)*D50 -> 27730631
B48: Feb | C48: Sábado | D48: =+'[6]2031'!D52 -> 4 | E48: =ROUND('[6]2031'!E52,2) -> 32748.27 | F48: =ROUND('[6]2031'!F52,2) -> 30909.37 | G48: =ROUND('[6]2031'!G52,2) -> 29451.6 | H48: =ROUND('[6]2031'!H52,2) -> 28544.11 | I48: =ROUND('[6]2031'!I52,2) -> 28526.04 | J48: =ROUND('[6]2031'!J52,2) -> 28404.9 | K48: =ROUND('[6]2031'!K52,2) -> 28844.78 | L48: =ROUND('[6]2031'!L52,2) -> 31702.46 | ... AB48: =ROUND('[6]2031'!AB52,2) -> 35070.34
B49: Feb | C49: Domingo | D49: =+'[6]2031'!D53 -> 4 | E49: =ROUND('[6]2031'!E53,2) -> 32578.76 | F49: =ROUND('[6]2031'!F53,2) -> 30869.43 | G49: =ROUND('[6]2031'!G53,2) -> 29511.99 | H49: =ROUND('[6]2031'!H53,2) -> 28671.96 | I49: =ROUND('[6]2031'!I53,2) -> 28294.64 | J49: =ROUND('[6]2031'!J53,2) -> 27687.98 | K49: =ROUND('[6]2031'!K53,2) -> 26948.14 | L49: =ROUND('[6]2031'!L53,2) -> 28546.48 | ... AB49: =ROUND('[6]2031'!AB53,2) -> 34506.83
B50: Feb | C50: Festivo | D50: =+'[6]2031'!D54 -> 1 | E50: =ROUND('[6]2031'!E54,2) -> 32578.76 | F50: =ROUND('[6]2031'!F54,2) -> 30869.43 | G50: =ROUND('[6]2031'!G54,2) -> 29511.99 | H50: =ROUND('[6]2031'!H54,2) -> 28671.96 | I50: =ROUND('[6]2031'!I54,2) -> 28294.64 | J50: =ROUND('[6]2031'!J54,2) -> 27687.98 | K50: =ROUND('[6]2031'!K54,2) -> 26948.14 | L50: =ROUND('[6]2031'!L54,2) -> 28546.48 | ... AB50: =ROUND('[6]2031'!AB54,2) -> 34506.83
B51: 48153 | C51: Ordinario | D51: =+'[6]2031'!D55 -> 18 | E51: =ROUND('[6]2031'!E55,2) -> 31789.86 | F51: =ROUND('[6]2031'!F55,2) -> 30156.37 | G51: =ROUND('[6]2031'!G55,2) -> 28966.88 | H51: =ROUND('[6]2031'!H55,2) -> 28161.16 | I51: =ROUND('[6]2031'!I55,2) -> 28240.6 | J51: =ROUND('[6]2031'!J55,2) -> 29079.16 | K51: =ROUND('[6]2031'!K55,2) -> 29844.87 | L51: =ROUND('[6]2031'!L55,2) -> 33394.86 | ... AB51: =ROUND('[6]2031'!AB55,2) -> 34436.23 | AC51: =SUM(E51:AB51)*D51+SUM(E52:AB52)*D52+SUM(E53:AB53)*D53+SUM(E54:AB54)*D54 -> 26172099
C52: Sábado | D52: =+'[6]2031'!D56 -> 5 | E52: =ROUND('[6]2031'!E56,2) -> 31031.51 | F52: =ROUND('[6]2031'!F56,2) -> 29512.19 | G52: =ROUND('[6]2031'!G56,2) -> 28445.96 | H52: =ROUND('[6]2031'!H56,2) -> 27748.68 | I52: =ROUND('[6]2031'!I56,2) -> 27732.06 | J52: =ROUND('[6]2031'!J56,2) -> 27663.62 | K52: =ROUND('[6]2031'!K56,2) -> 28076.81 | L52: =ROUND('[6]2031'!L56,2) -> 31311.77 | ... AB52: =ROUND('[6]2031'!AB56,2) -> 34379.76
C53: Domingo | D53: =+'[6]2031'!D57 -> 5 | E53: =ROUND('[6]2031'!E57,2) -> 32162.54 | F53: =ROUND('[6]2031'!F57,2) -> 30636.69 | G53: =ROUND('[6]2031'!G57,2) -> 29315.44 | H53: =ROUND('[6]2031'!H57,2) -> 28424.93 | I53: =ROUND('[6]2031'!I57,2) -> 28063.98 | J53: =ROUND('[6]2031'!J57,2) -> 27591.12 | K53: =ROUND('[6]2031'!K57,2) -> 26910.19 | L53: =ROUND('[6]2031'!L57,2) -> 28391.3 | ... AB53: =ROUND('[6]2031'!AB57,2) -> 33660.09
C54: Festivo | D54: =+'[6]2031'!D58 -> 2 | E54: =ROUND('[6]2031'!E58,2) -> 32162.54 | F54: =ROUND('[6]2031'!F58,2) -> 30636.69 | G54: =ROUND('[6]2031'!G58,2) -> 29315.44 | H54: =ROUND('[6]2031'!H58,2) -> 28424.93 | I54: =ROUND('[6]2031'!I58,2) -> 28063.98 | J54: =ROUND('[6]2031'!J58,2) -> 27591.12 | K54: =ROUND('[6]2031'!K58,2) -> 26910.19 | L54: =ROUND('[6]2031'!L58,2) -> 28391.3 | ... AB54: =ROUND('[6]2031'!AB58,2) -> 33660.09
B55: 48183 | C55: Ordinario | D55: =+'[6]2031'!D59 -> 21 | E55: =ROUND('[6]2031'!E59,2) -> 34227.35 | F55: =ROUND('[6]2031'!F59,2) -> 32344.88 | G55: =ROUND('[6]2031'!G59,2) -> 31000.45 | H55: =ROUND('[6]2031'!H59,2) -> 30167.36 | I55: =ROUND('[6]2031'!I59,2) -> 30060.22 | J55: =ROUND('[6]2031'!J59,2) -> 30597.2 | K55: =ROUND('[6]2031'!K59,2) -> 30811.2 | L55: =ROUND('[6]2031'!L59,2) -> 34524.87 | ... AB55: =ROUND('[6]2031'!AB59,2) -> 37137.92 | AC55: =SUM(E55:AB55)*D55+SUM(E56:AB56)*D56+SUM(E57:AB57)*D57+SUM(E58:AB58)*D58 -> 28777538
B56: Feb | C56: Sábado | D56: =+'[6]2031'!D60 -> 4 | E56: =ROUND('[6]2031'!E60,2) -> 34781.63 | F56: =ROUND('[6]2031'!F60,2) -> 32812.51 | G56: =ROUND('[6]2031'!G60,2) -> 31515.34 | H56: =ROUND('[6]2031'!H60,2) -> 30564.27 | I56: =ROUND('[6]2031'!I60,2) -> 30301.38 | J56: =ROUND('[6]2031'!J60,2) -> 30354.23 | K56: =ROUND('[6]2031'!K60,2) -> 30052.72 | L56: =ROUND('[6]2031'!L60,2) -> 32812.12 | ... AB56: =ROUND('[6]2031'!AB60,2) -> 37401.15
B57: Feb | C57: Domingo | D57: =+'[6]2031'!D61 -> 4 | E57: =ROUND('[6]2031'!E61,2) -> 35001.2 | F57: =ROUND('[6]2031'!F61,2) -> 33280.89 | G57: =ROUND('[6]2031'!G61,2) -> 31895.33 | H57: =ROUND('[6]2031'!H61,2) -> 30919.58 | I57: =ROUND('[6]2031'!I61,2) -> 30479.4 | J57: =ROUND('[6]2031'!J61,2) -> 30171.82 | K57: =ROUND('[6]2031'!K61,2) -> 28827.5 | L57: =ROUND('[6]2031'!L61,2) -> 30281.65 | ... AB57: =ROUND('[6]2031'!AB61,2) -> 36318.94
B58: Feb | C58: Festivo | D58: =+'[6]2031'!D62 -> 2 | E58: =ROUND('[6]2031'!E62,2) -> 35001.2 | F58: =ROUND('[6]2031'!F62,2) -> 33280.89 | G58: =ROUND('[6]2031'!G62,2) -> 31895.33 | H58: =ROUND('[6]2031'!H62,2) -> 30919.58 | I58: =ROUND('[6]2031'!I62,2) -> 30479.4 | J58: =ROUND('[6]2031'!J62,2) -> 30171.82 | K58: =ROUND('[6]2031'!K62,2) -> 28827.5 | L58: =ROUND('[6]2031'!L62,2) -> 30281.65 | ... AB58: =ROUND('[6]2031'!AB62,2) -> 36318.94
Z59: TOTAL AÑO kWh | AC59: =SUM(AC11:AC58) -> 3.3900348e+08
B60: 48214 | C60: Ordinario | D60: =+'[6]2032'!D15 -> 20 | E60: =ROUND('[6]2032'!E15,2) -> 35355.43 | F60: =ROUND('[6]2032'!F15,2) -> 33549.89 | G60: =ROUND('[6]2032'!G15,2) -> 32191.67 | H60: =ROUND('[6]2032'!H15,2) -> 31205.82 | I60: =ROUND('[6]2032'!I15,2) -> 31033.81 | J60: =ROUND('[6]2032'!J15,2) -> 32072.33 | K60: =ROUND('[6]2032'!K15,2) -> 31782.81 | L60: =ROUND('[6]2032'!L15,2) -> 35455.42 | ... AB60: =ROUND('[6]2032'!AB15,2) -> 38549.91 | AC60: =SUM(E60:AB60)*D60+SUM(E61:AB61)*D61+SUM(E62:AB62)*D62+SUM(E63:AB63)*D63 -> 29383993
C61: Sábado | D61: =+'[6]2032'!D16 -> 5 | E61: =ROUND('[6]2032'!E16,2) -> 35099.17 | F61: =ROUND('[6]2032'!F16,2) -> 33413.41 | G61: =ROUND('[6]2032'!G16,2) -> 32089.34 | H61: =ROUND('[6]2032'!H16,2) -> 31078.12 | I61: =ROUND('[6]2032'!I16,2) -> 30772.05 | J61: =ROUND('[6]2032'!J16,2) -> 31018.21 | K61: =ROUND('[6]2032'!K16,2) -> 30218.82 | L61: =ROUND('[6]2032'!L16,2) -> 33204.4 | ... AB61: =ROUND('[6]2032'!AB16,2) -> 37874.42
C62: Domingo | D62: =+'[6]2032'!D17 -> 4 | E62: =ROUND('[6]2032'!E17,2) -> 35331.79 | F62: =ROUND('[6]2032'!F17,2) -> 33595.94 | G62: =ROUND('[6]2032'!G17,2) -> 32196.22 | H62: =ROUND('[6]2032'!H17,2) -> 31169.29 | I62: =ROUND('[6]2032'!I17,2) -> 30663.87 | J62: =ROUND('[6]2032'!J17,2) -> 30503.02 | K62: =ROUND('[6]2032'!K17,2) -> 28859.62 | L62: =ROUND('[6]2032'!L17,2) -> 30147.12 | ... AB62: =ROUND('[6]2032'!AB17,2) -> 36688.99
C63: Festivo | D63: =+'[6]2032'!D18 -> 2 | E63: =ROUND('[6]2032'!E18,2) -> 35331.79 | F63: =ROUND('[6]2032'!F18,2) -> 33595.94 | G63: =ROUND('[6]2032'!G18,2) -> 32196.22 | H63: =ROUND('[6]2032'!H18,2) -> 31169.29 | I63: =ROUND('[6]2032'!I18,2) -> 30663.87 | J63: =ROUND('[6]2032'!J18,2) -> 30503.02 | K63: =ROUND('[6]2032'!K18,2) -> 28859.62 | L63: =ROUND('[6]2032'!L18,2) -> 30147.12 | ... AB63: =ROUND('[6]2032'!AB18,2) -> 36688.99
B64: 48245 | C64: Ordinario | D64: =+'[6]2032'!D19 -> 20 | E64: =ROUND('[6]2032'!E19,2) -> 35923.29 | F64: =ROUND('[6]2032'!F19,2) -> 34159.84 | G64: =ROUND('[6]2032'!G19,2) -> 32752.08 | H64: =ROUND('[6]2032'!H19,2) -> 31731.57 | I64: =ROUND('[6]2032'!I19,2) -> 31696.03 | J64: =ROUND('[6]2032'!J19,2) -> 33601.15 | K64: =ROUND('[6]2032'!K19,2) -> 33277.66 | L64: =ROUND('[6]2032'!L19,2) -> 36516.67 | ... AB64: =ROUND('[6]2032'!AB19,2) -> 38856.9 | AC64: =SUM(E64:AB64)*D64+SUM(E65:AB65)*D65+SUM(E66:AB66)*D66+SUM(E67:AB67)*D67 -> 28098055
B65: Feb | C65: Sábado | D65: =+'[6]2032'!D20 -> 4 | E65: =ROUND('[6]2032'!E20,2) -> 36418.72 | F65: =ROUND('[6]2032'!F20,2) -> 34449.58 | G65: =ROUND('[6]2032'!G20,2) -> 33165.42 | H65: =ROUND('[6]2032'!H20,2) -> 31944.75 | I65: =ROUND('[6]2032'!I20,2) -> 31560.21 | J65: =ROUND('[6]2032'!J20,2) -> 31926.93 | K65: =ROUND('[6]2032'!K20,2) -> 31360.78 | L65: =ROUND('[6]2032'!L20,2) -> 34258.69 | ... AB65: =ROUND('[6]2032'!AB20,2) -> 38644.46
B66: Feb | C66: Domingo | D66: =+'[6]2032'!D21 -> 5 | E66: =ROUND('[6]2032'!E21,2) -> 36317.32 | F66: =ROUND('[6]2032'!F21,2) -> 34562.8 | G66: =ROUND('[6]2032'!G21,2) -> 33146.08 | H66: =ROUND('[6]2032'!H21,2) -> 32094.17 | I66: =ROUND('[6]2032'!I21,2) -> 31552.67 | J66: =ROUND('[6]2032'!J21,2) -> 31517.52 | K66: =ROUND('[6]2032'!K21,2) -> 29863.54 | L66: =ROUND('[6]2032'!L21,2) -> 31151.55 | ... AB66: =ROUND('[6]2032'!AB21,2) -> 37624.92
B67: Feb | C67: Festivo | D67: =+'[6]2032'!D22 -> 0 | E67: =ROUND('[6]2032'!E22,2) -> 0 | F67: =ROUND('[6]2032'!F22,2) -> 0 | G67: =ROUND('[6]2032'!G22,2) -> 0 | H67: =ROUND('[6]2032'!H22,2) -> 0 | I67: =ROUND('[6]2032'!I22,2) -> 0 | J67: =ROUND('[6]2032'!J22,2) -> 0 | K67: =ROUND('[6]2032'!K22,2) -> 0 | L67: =ROUND('[6]2032'!L22,2) -> 0 | ... AB67: =ROUND('[6]2032'!AB22,2) -> 0
B68: 48274 | C68: Ordinario | D68: =+'[6]2032'!D23 -> 20 | E68: =ROUND('[6]2032'!E23,2) -> 34886.11 | F68: =ROUND('[6]2032'!F23,2) -> 33160.51 | G68: =ROUND('[6]2032'!G23,2) -> 31873.31 | H68: =ROUND('[6]2032'!H23,2) -> 31028.43 | I68: =ROUND('[6]2032'!I23,2) -> 31170.82 | J68: =ROUND('[6]2032'!J23,2) -> 32835.26 | K68: =ROUND('[6]2032'!K23,2) -> 32837.9 | L68: =ROUND('[6]2032'!L23,2) -> 36398.15 | ... AB68: =ROUND('[6]2032'!AB23,2) -> 37662.93 | AC68: =SUM(E68:AB68)*D68+SUM(E69:AB69)*D69+SUM(E70:AB70)*D70+SUM(E71:AB71)*D71 -> 29558861
