Workbook
Name _bookmark27: 'P1_ANEXO 1 -2027 a 2037'!#REF!

Sheet P1_ANEXO 1 -2027 a 2037
B1: ANEXO No. 1 - CANTIDADES DE ENERGÍA HORARIA Y MENSUAL A CONTRATAR
B2: PRODUCTO 1 - ENERO 2027 A DICIEMBRE 2037
B4: ENERGÍA PLANA 24 HORAS A SOLICITAR AÑO 2027 PARA MERCADO REGULADO (MWh)
B5: MES | C5: DÍA | D5: H1 | E5: H2 | F5: H3 | G5: H4 | H5: H5 | I5: H6 | J5: H7 | K5: H8 | L5: H9 | M5: H10 | N5: H11 | O5: H12 | P5: H13 | Q5: H14 | R5: H15 | S5: H16 | T5: H17 | U5: H18 | V5: H19 | W5: H20 | X5: H21 | Y5: H22 | Z5: H23 | AA5: H24 | AB5: TOTAL | AC5: No. Dias | AD5: TOTAL MES
B6: 46388 | C6: ORDINARIO | D6: 30.0228 | E6: 30.0228 | F6: 30.0228 | G6: 30.0228 | H6: 30.0228 | I6: 30.0228 | J6: 30.0228 | K6: 30.0228 | L6: 30.0228 | M6: 30.0228 | N6: 30.0228 | O6: 30.0228 | P6: 30.0228 | Q6: 30.0228 | R6: 30.0228 | S6: 30.0228 | T6: 30.0228 | U6: 30.0228 | V6: 30.0228 | W6: 30.0228 | X6: 30.0228 | Y6: 30.0228 | Z6: 30.0228 | AA6: 30.0228 | AB6: =SUM(D6:AA6) -> 720.5472 | AC6: 19 | AD6: =+AB6*AC6+AB7*AC7+AB8*AC8 -> 22336.963
C7: SABADO | D7: 30.0228 | E7: 30.0228 | F7: 30.0228 | G7: 30.0228 | H7: 30.0228 | I7: 30.0228 | J7: 30.0228 | K7: 30.0228 | L7: 30.0228 | M7: 30.0228 | N7: 30.0228 | O7: 30.0228 | P7: 30.0228 | Q7: 30.0228 | R7: 30.0228 | S7: 30.0228 | T7: 30.0228 | U7: 30.0228 | V7: 30.0228 | W7: 30.0228 | X7: 30.0228 | Y7: 30.0228 | Z7: 30.0228 | AA7: 30.0228 | AB7: =SUM(D7:AA7) -> 720.5472 | AC7: 5
C8: DOMINGO | D8: 30.0228 | E8: 30.0228 | F8: 30.0228 | G8: 30.0228 | H8: 30.0228 | I8: 30.0228 | J8: 30.0228 | K8: 30.0228 | L8: 30.0228 | M8: 30.0228 | N8: 30.0228 | O8: 30.0228 | P8: 30.0228 | Q8: 30.0228 | R8: 30.0228 | S8: 30.0228 | T8: 30.0228 | U8: 30.0228 | V8: 30.0228 | W8: 30.0228 | X8: 30.0228 | Y8: 30.0228 | Z8: 30.0228 | AA8: 30.0228 | AB8: =SUM(D8:AA8) -> 720.5472 | AC8: 7
B9: 46419 | C9: ORDINARIO | D9: 30.0228 | E9: 30.0228 | F9: 30.0228 | G9: 30.0228 | H9: 30.0228 | I9: 30.0228 | J9: 30.0228 | K9: 30.0228 | L9: 30.0228 | M9: 30.0228 | N9: 30.0228 | O9: 30.0228 | P9: 30.0228 | Q9: 30.0228 | R9: 30.0228 | S9: 30.0228 | T9: 30.0228 | U9: 30.0228 | V9: 30.0228 | W9: 30.0228 | X9: 30.0228 | Y9: 30.0228 | Z9: 30.0228 | AA9: 30.0228 | AB9: =SUM(D9:AA9) -> 720.5472 | AC9: 20 | AD9: =+AB9*AC9+AB10*AC10+AB11*AC11 -> 20175.322
C10: SABADO | D10: 30.0228 | E10: 30.0228 | F10: 30.0228 | G10: 30.0228 | H10: 30.0228 | I10: 30.0228 | J10: 30.0228 | K10: 30.0228 | L10: 30.0228 | M10: 30.0228 | N10: 30.0228 | O10: 30.0228 | P10: 30.0228 | Q10: 30.0228 | R10: 30.0228 | S10: 30.0228 | T10: 30.0228 | U10: 30.0228 | V10: 30.0228 | W10: 30.0228 | X10: 30.0228 | Y10: 30.0228 | Z10: 30.0228 | AA10: 30.0228 | AB10: =SUM(D10:AA10) -> 720.5472 | AC10: 4
C11: DOMINGO | D11: 30.0228 | E11: 30.0228 | F11: 30.0228 | G11: 30.0228 | H11: 30.0228 | I11: 30.0228 | J11: 30.0228 | K11: 30.0228 | L11: 30.0228 | M11: 30.0228 | N11: 30.0228 | O11: 30.0228 | P11: 30.0228 | Q11: 30.0228 | R11: 30.0228 | S11: 30.0228 | T11: 30.0228 | U11: 30.0228 | V11: 30.0228 | W11: 30.0228 | X11: 30.0228 | Y11: 30.0228 | Z11: 30.0228 | AA11: 30.0228 | AB11: =SUM(D11:AA11) -> 720.5472 | AC11: 4
B12: 46447 | C12: ORDINARIO | D12: 30.0228 | E12: 30.0228 | F12: 30.0228 | G12: 30.0228 | H12: 30.0228 | I12: 30.0228 | J12: 30.0228 | K12: 30.0228 | L12: 30.0228 | M12: 30.0228 | N12: 30.0228 | O12: 30.0228 | P12: 30.0228 | Q12: 30.0228 | R12: 30.0228 | S12: 30.0228 | T12: 30.0228 | U12: 30.0228 | V12: 30.0228 | W12: 30.0228 | X12: 30.0228 | Y12: 30.0228 | Z12: 30.0228 | AA12: 30.0228 | AB12: =SUM(D12:AA12) -> 720.5472 | AC12: 20 | AD12: =+AB12*AC12+AB13*AC13+AB14*AC14 -> 22336.963
C13: SABADO | D13: 30.0228 | E13: 30.0228 | F13: 30.0228 | G13: 30.0228 | H13: 30.0228 | I13: 30.0228 | J13: 30.0228 | K13: 30.0228 | L13: 30.0228 | M13: 30.0228 | N13: 30.0228 | O13: 30.0228 | P13: 30.0228 | Q13: 30.0228 | R13: 30.0228 | S13: 30.0228 | T13: 30.0228 | U13: 30.0228 | V13: 30.0228 | W13: 30.0228 | X13: 30.0228 | Y13: 30.0228 | Z13: 30.0228 | AA13: 30.0228 | AB13: =SUM(D13:AA13) -> 720.5472 | AC13: 4
C14: DOMINGO | D14: 30.0228 | E14: 30.0228 | F14: 30.0228 | G14: 30.0228 | H14: 30.0228 | I14: 30.0228 | J14: 30.0228 | K14: 30.0228 | L14: 30.0228 | M14: 30.0228 | N14: 30.0228 | O14: 30.0228 | P14: 30.0228 | Q14: 30.0228 | R14: 30.0228 | S14: 30.0228 | T14: 30.0228 | U14: 30.0228 | V14: 30.0228 | W14: 30.0228 | X14: 30.0228 | Y14: 30.0228 | Z14: 30.0228 | AA14: 30.0228 | AB14: =SUM(D14:AA14) -> 720.5472 | AC14: 7
B15: 46478 | C15: ORDINARIO | D15: 30.0228 | E15: 30.0228 | F15: 30.0228 | G15: 30.0228 | H15: 30.0228 | I15: 30.0228 | J15: 30.0228 | K15: 30.0228 | L15: 30.0228 | M15: 30.0228 | N15: 30.0228 | O15: 30.0228 | P15: 30.0228 | Q15: 30.0228 | R15: 30.0228 | S15: 30.0228 | T15: 30.0228 | U15: 30.0228 | V15: 30.0228 | W15: 30.0228 | X15: 30.0228 | Y15: 30.0228 | Z15: 30.0228 | AA15: 30.0228 | AB15: =SUM(D15:AA15) -> 720.5472 | AC15: 22 | AD15: =+AB15*AC15+AB16*AC16+AB17*AC17 -> 21616.416
C16: SABADO | D16: 30.0228 | E16: 30.0228 | F16: 30.0228 | G16: 30.0228 | H16: 30.0228 | I16: 30.0228 | J16: 30.0228 | K16: 30.0228 | L16: 30.0228 | M16: 30.0228 | N16: 30.0228 | O16: 30.0228 | P16: 30.0228 | Q16: 30.0228 | R16: 30.0228 | S16: 30.0228 | T16: 30.0228 | U16: 30.0228 | V16: 30.0228 | W16: 30.0228 | X16: 30.0228 | Y16: 30.0228 | Z16: 30.0228 | AA16: 30.0228 | AB16: =SUM(D16:AA16) -> 720.5472 | AC16: 4
C17: DOMINGO | D17: 30.0228 | E17: 30.0228 | F17: 30.0228 | G17: 30.0228 | H17: 30.0228 | I17: 30.0228 | J17: 30.0228 | K17: 30.0228 | L17: 30.0228 | M17: 30.0228 | N17: 30.0228 | O17: 30.0228 | P17: 30.0228 | Q17: 30.0228 | R17: 30.0228 | S17: 30.0228 | T17: 30.0228 | U17: 30.0228 | V17: 30.0228 | W17: 30.0228 | X17: 30.0228 | Y17: 30.0228 | Z17: 30.0228 | AA17: 30.0228 | AB17: =SUM(D17:AA17) -> 720.5472 | AC17: 4
B18: 46508 | C18: ORDINARIO | D18: 30.0228 | E18: 30.0228 | F18: 30.0228 | G18: 30.0228 | H18: 30.0228 | I18: 30.0228 | J18: 30.0228 | K18: 30.0228 | L18: 30.0228 | M18: 30.0228 | N18: 30.0228 | O18: 30.0228 | P18: 30.0228 | Q18: 30.0228 | R18: 30.0228 | S18: 30.0228 | T18: 30.0228 | U18: 30.0228 | V18: 30.0228 | W18: 30.0228 | X18: 30.0228 | Y18: 30.0228 | Z18: 30.0228 | AA18: 30.0228 | AB18: =SUM(D18:AA18) -> 720.5472 | AC18: 20 | AD18: =+AB18*AC18+AB19*AC19+AB20*AC20 -> 22336.963
C19: SABADO | D19: 30.0228 | E19: 30.0228 | F19: 30.0228 | G19: 30.0228 | H19: 30.0228 | I19: 30.0228 | J19: 30.0228 | K19: 30.0228 | L19: 30.0228 | M19: 30.0228 | N19: 30.0228 | O19: 30.0228 | P19: 30.0228 | Q19: 30.0228 | R19: 30.0228 | S19: 30.0228 | T19: 30.0228 | U19: 30.0228 | V19: 30.0228 | W19: 30.0228 | X19: 30.0228 | Y19: 30.0228 | Z19: 30.0228 | AA19: 30.0228 | AB19: =SUM(D19:AA19) -> 720.5472 | AC19: 4
C20: DOMINGO | D20: 30.0228 | E20: 30.0228 | F20: 30.0228 | G20: 30.0228 | H20: 30.0228 | I20: 30.0228 | J20: 30.0228 | K20: 30.0228 | L20: 30.0228 | M20: 30.0228 | N20: 30.0228 | O20: 30.0228 | P20: 30.0228 | Q20: 30.0228 | R20: 30.0228 | S20: 30.0228 | T20: 30.0228 | U20: 30.0228 | V20: 30.0228 | W20: 30.0228 | X20: 30.0228 | Y20: 30.0228 | Z20: 30.0228 | AA20: 30.0228 | AB20: =SUM(D20:AA20) -> 720.5472 | AC20: 7
B21: 46539 | C21: ORDINARIO | D21: 30.0228 | E21: 30.0228 | F21: 30.0228 | G21: 30.0228 | H21: 30.0228 | I21: 30.0228 | J21: 30.0228 | K21: 30.0228 | L21: 30.0228 | M21: 30.0228 | N21: 30.0228 | O21: 30.0228 | P21: 30.0228 | Q21: 30.0228 | R21: 30.0228 | S21: 30.0228 | T21: 30.0228 | U21: 30.0228 | V21: 30.0228 | W21: 30.0228 | X21: 30.0228 | Y21: 30.0228 | Z21: 30.0228 | AA21: 30.0228 | AB21: =SUM(D21:AA21) -> 720.5472 | AC21: 21 | AD21: =+AB21*AC21+AB22*AC22+AB23*AC23 -> 21616.416
C22: SABADO | D22: 30.0228 | E22: 30.0228 | F22: 30.0228 | G22: 30.0228 | H22: 30.0228 | I22: 30.0228 | J22: 30.0228 | K22: 30.0228 | L22: 30.0228 | M22: 30.0228 | N22: 30.0228 | O22: 30.0228 | P22: 30.0228 | Q22: 30.0228 | R22: 30.0228 | S22: 30.0228 | T22: 30.0228 | U22: 30.0228 | V22: 30.0228 | W22: 30.0228 | X22: 30.0228 | Y22: 30.0228 | Z22: 30.0228 | AA22: 30.0228 | AB22: =SUM(D22:AA22) -> 720.5472 | AC22: 4
C23: DOMINGO | D23: 30.0228 | E23: 30.0228 | F23: 30.0228 | G23: 30.0228 | H23: 30.0228 | I23: 30.0228 | J23: 30.0228 | K23: 30.0228 | L23: 30.0228 | M23: 30.0228 | N23: 30.0228 | O23: 30.0228 | P23: 30.0228 | Q23: 30.0228 | R23: 30.0228 | S23: 30.0228 | T23: 30.0228 | U23: 30.0228 | V23: 30.0228 | W23: 30.0228 | X23: 30.0228 | Y23: 30.0228 | Z23: 30.0228 | AA23: 30.0228 | AB23: =SUM(D23:AA23) -> 720.5472 | AC23: 5
B24: 46569 | C24: ORDINARIO | D24: 30.0228 | E24: 30.0228 | F24: 30.0228 | G24: 30.0228 | H24: 30.0228 | I24: 30.0228 | J24: 30.0228 | K24: 30.0228 | L24: 30.0228 | M24: 30.0228 | N24: 30.0228 | O24: 30.0228 | P24: 30.0228 | Q24: 30.0228 | R24: 30.0228 | S24: 30.0228 | T24: 30.0228 | U24: 30.0228 | V24: 30.0228 | W24: 30.0228 | X24: 30.0228 | Y24: 30.0228 | Z24: 30.0228 | AA24: 30.0228 | AB24: =SUM(D24:AA24) -> 720.5472 | AC24: 20 | AD24: =+AB24*AC24+AB25*AC25+AB26*AC26 -> 22336.963
C25: SABADO | D25: 30.0228 | E25: 30.0228 | F25: 30.0228 | G25: 30.0228 | H25: 30.0228 | I25: 30.0228 | J25: 30.0228 | K25: 30.0228 | L25: 30.0228 | M25: 30.0228 | N25: 30.0228 | O25: 30.0228 | P25: 30.0228 | Q25: 30.0228 | R25: 30.0228 | S25: 30.0228 | T25: 30.0228 | U25: 30.0228 | V25: 30.0228 | W25: 30.0228 | X25: 30.0228 | Y25: 30.0228 | Z25: 30.0228 | AA25: 30.0228 | AB25: =SUM(D25:AA25) -> 720.5472 | AC25: 5
C26: DOMINGO | D26: 30.0228 | E26: 30.0228 | F26: 30.0228 | G26: 30.0228 | H26: 30.0228 | I26: 30.0228 | J26: 30.0228 | K26: 30.0228 | L26: 30.0228 | M26: 30.0228 | N26: 30.0228 | O26: 30.0228 | P26: 30.0228 | Q26: 30.0228 | R26: 30.0228 | S26: 30.0228 | T26: 30.0228 | U26: 30.0228 | V26: 30.0228 | W26: 30.0228 | X26: 30.0228 | Y26: 30.0228 | Z26: 30.0228 | AA26: 30.0228 | AB26: =SUM(D26:AA26) -> 720.5472 | AC26: 6
B27: 46600 | C27: ORDINARIO | D27: 30.0228 | E27: 30.0228 | F27: 30.0228 | G27: 30.0228 | H27: 30.0228 | I27: 30.0228 | J27: 30.0228 | K27: 30.0228 | L27: 30.0228 | M27: 30.0228 | N27: 30.0228 | O27: 30.0228 | P27: 30.0228 | Q27: 30.0228 | R27: 30.0228 | S27: 30.0228 | T27: 30.0228 | U27: 30.0228 | V27: 30.0228 | W27: 30.0228 | X27: 30.0228 | Y27: 30.0228 | Z27: 30.0228 | AA27: 30.0228 | AB27: =SUM(D27:AA27) -> 720.5472 | AC27: 21 | AD27: =+AB27*AC27+AB28*AC28+AB29*AC29 -> 22336.963
C28: SABADO | D28: 30.0228 | E28: 30.0228 | F28: 30.0228 | G28: 30.0228 | H28: 30.0228 | I28: 30.0228 | J28: 30.0228 | K28: 30.0228 | L28: 30.0228 | M28: 30.0228 | N28: 30.0228 | O28: 30.0228 | P28: 30.0228 | Q28: 30.0228 | R28: 30.0228 | S28: 30.0228 | T28: 30.0228 | U28: 30.0228 | V28: 30.0228 | W28: 30.0228 | X28: 30.0228 | Y28: 30.0228 | Z28: 30.0228 | AA28: 30.0228 | AB28: =SUM(D28:AA28) -> 720.5472 | AC28: 3
C29: DOMINGO | D29: 30.0228 | E29: 30.0228 | F29: 30.0228 | G29: 30.0228 | H29: 30.0228 | I29: 30.0228 | J29: 30.0228 | K29: 30.0228 | L29: 30.0228 | M29: 30.0228 | N29: 30.0228 | O29: 30.0228 | P29: 30.0228 | Q29: 30.0228 | R29: 30.0228 | S29: 30.0228 | T29: 30.0228 | U29: 30.0228 | V29: 30.0228 | W29: 30.0228 | X29: 30.0228 | Y29: 30.0228 | Z29: 30.0228 | AA29: 30.0228 | AB29: =SUM(D29:AA29) -> 720.5472 | AC29: 7
B30: 46631 | C30: ORDINARIO | D30: 30.0228 | E30: 30.0228 | F30: 30.0228 | G30: 30.0228 | H30: 30.0228 | I30: 30.0228 | J30: 30.0228 | K30: 30.0228 | L30: 30.0228 | M30: 30.0228 | N30: 30.0228 | O30: 30.0228 | P30: 30.0228 | Q30: 30.0228 | R30: 30.0228 | S30: 30.0228 | T30: 30.0228 | U30: 30.0228 | V30: 30.0228 | W30: 30.0228 | X30: 30.0228 | Y30: 30.0228 | Z30: 30.0228 | AA30: 30.0228 | AB30: =SUM(D30:AA30) -> 720.5472 | AC30: 22 | AD30: =+AB30*AC30+AB31*AC31+AB32*AC32 -> 21616.416
C31: SABADO | D31: 30.0228 | E31: 30.0228 | F31: 30.0228 | G31: 30.0228 | H31: 30.0228 | I31: 30.0228 | J31: 30.0228 | K31: 30.0228 | L31: 30.0228 | M31: 30.0228 | N31: 30.0228 | O31: 30.0228 | P31: 30.0228 | Q31: 30.0228 | R31: 30.0228 | S31: 30.0228 | T31: 30.0228 | U31: 30.0228 | V31: 30.0228 | W31: 30.0228 | X31: 30.0228 | Y31: 30.0228 | Z31: 30.0228 | AA31: 30.0228 | AB31: =SUM(D31:AA31) -> 720.5472 | AC31: 4
C32: DOMINGO | D32: 30.0228 | E32: 30.0228 | F32: 30.0228 | G32: 30.0228 | H32: 30.0228 | I32: 30.0228 | J32: 30.0228 | K32: 30.0228 | L32: 30.0228 | M32: 30.0228 | N32: 30.0228 | O32: 30.0228 | P32: 30.0228 | Q32: 30.0228 | R32: 30.0228 | S32: 30.0228 | T32: 30.0228 | U32: 30.0228 | V32: 30.0228 | W32: 30.0228 | X32: 30.0228 | Y32: 30.0228 | Z32: 30.0228 | AA32: 30.0228 | AB32: =SUM(D32:AA32) -> 720.5472 | AC32: 4
B33: 46661 | C33: ORDINARIO | D33: 30.0228 | E33: 30.0228 | F33: 30.0228 | G33: 30.0228 | H33: 30.0228 | I33: 30.0228 | J33: 30.0228 | K33: 30.0228 | L33: 30.0228 | M33: 30.0228 | N33: 30.0228 | O33: 30.0228 | P33: 30.0228 | Q33: 30.0228 | R33: 30.0228 | S33: 30.0228 | T33: 30.0228 | U33: 30.0228 | V33: 30.0228 | W33: 30.0228 | X33: 30.0228 | Y33: 30.0228 | Z33: 30.0228 | AA33: 30.0228 | AB33: =SUM(D33:AA33) -> 720.5472 | AC33: 20 | AD33: =+AB33*AC33+AB34*AC34+AB35*AC35 -> 22336.963
C34: SABADO | D34: 30.0228 | E34: 30.0228 | F34: 30.0228 | G34: 30.0228 | H34: 30.0228 | I34: 30.0228 | J34: 30.0228 | K34: 30.0228 | L34: 30.0228 | M34: 30.0228 | N34: 30.0228 | O34: 30.0228 | P34: 30.0228 | Q34: 30.0228 | R34: 30.0228 | S34: 30.0228 | T34: 30.0228 | U34: 30.0228 | V34: 30.0228 | W34: 30.0228 | X34: 30.0228 | Y34: 30.0228 | Z34: 30.0228 | AA34: 30.0228 | AB34: =SUM(D34:AA34) -> 720.5472 | AC34: 5
C35: DOMINGO | D35: 30.0228 | E35: 30.0228 | F35: 30.0228 | G35: 30.0228 | H35: 30.0228 | I35: 30.0228 | J35: 30.0228 | K35: 30.0228 | L35: 30.0228 | M35: 30.0228 | N35: 30.0228 | O35: 30.0228 | P35: 30.0228 | Q35: 30.0228 | R35: 30.0228 | S35: 30.0228 | T35: 30.0228 | U35: 30.0228 | V35: 30.0228 | W35: 30.0228 | X35: 30.0228 | Y35: 30.0228 | Z35: 30.0228 | AA35: 30.0228 | AB35: =SUM(D35:AA35) -> 720.5472 | AC35: 6
B36: 46692 | C36: ORDINARIO | D36: 30.0228 | E36: 30.0228 | F36: 30.0228 | G36: 30.0228 | H36: 30.0228 | I36: 30.0228 | J36: 30.0228 | K36: 30.0228 | L36: 30.0228 | M36: 30.0228 | N36: 30.0228 | O36: 30.0228 | P36: 30.0228 | Q36: 30.0228 | R36: 30.0228 | S36: 30.0228 | T36: 30.0228 | U36: 30.0228 | V36: 30.0228 | W36: 30.0228 | X36: 30.0228 | Y36: 30.0228 | Z36: 30.0228 | AA36: 30.0228 | AB36: =SUM(D36:AA36) -> 720.5472 | AC36: 20 | AD36: =+AB36*AC36+AB37*AC37+AB38*AC38 -> 21616.416
C37: SABADO | D37: 30.0228 | E37: 30.0228 | F37: 30.0228 | G37: 30.0228 | H37: 30.0228 | I37: 30.0228 | J37: 30.0228 | K37: 30.0228 | L37: 30.0228 | M37: 30.0228 | N37: 30.0228 | O37: 30.0228 | P37: 30.0228 | Q37: 30.0228 | R37: 30.0228 | S37: 30.0228 | T37: 30.0228 | U37: 30.0228 | V37: 30.0228 | W37: 30.0228 | X37: 30.0228 | Y37: 30.0228 | Z37: 30.0228 | AA37: 30.0228 | AB37: =SUM(D37:AA37) -> 720.5472 | AC37: 4
C38: DOMINGO | D38: 30.0228 | E38: 30.0228 | F38: 30.0228 | G38: 30.0228 | H38: 30.0228 | I38: 30.0228 | J38: 30.0228 | K38: 30.0228 | L38: 30.0228 | M38: 30.0228 | N38: 30.0228 | O38: 30.0228 | P38: 30.0228 | Q38: 30.0228 | R38: 30.0228 | S38: 30.0228 | T38: 30.0228 | U38: 30.0228 | V38: 30.0228 | W38: 30.0228 | X38: 30.0228 | Y38: 30.0228 | Z38: 30.0228 | AA38: 30.0228 | AB38: =SUM(D38:AA38) -> 720.5472 | AC38: 6
B39: 46722 | C39: ORDINARIO | D39: 30.0228 | E39: 30.0228 | F39: 30.0228 | G39: 30.0228 | H39: 30.0228 | I39: 30.0228 | J39: 30.0228 | K39: 30.0228 | L39: 30.0228 | M39: 30.0228 | N39: 30.0228 | O39: 30.0228 | P39: 30.0228 | Q39: 30.0228 | R39: 30.0228 | S39: 30.0228 | T39: 30.0228 | U39: 30.0228 | V39: 30.0228 | W39: 30.0228 | X39: 30.0228 | Y39: 30.0228 | Z39: 30.0228 | AA39: 30.0228 | AB39: =SUM(D39:AA39) -> 720.5472 | AC39: 22 | AD39: =+AB39*AC39+AB40*AC40+AB41*AC41 -> 22336.963
C40: SABADO | D40: 30.0228 | E40: 30.0228 | F40: 30.0228 | G40: 30.0228 | H40: 30.0228 | I40: 30.0228 | J40: 30.0228 | K40: 30.0228 | L40: 30.0228 | M40: 30.0228 | N40: 30.0228 | O40: 30.0228 | P40: 30.0228 | Q40: 30.0228 | R40: 30.0228 | S40: 30.0228 | T40: 30.0228 | U40: 30.0228 | V40: 30.0228 | W40: 30.0228 | X40: 30.0228 | Y40: 30.0228 | Z40: 30.0228 | AA40: 30.0228 | AB40: =SUM(D40:AA40) -> 720.5472 | AC40: 3
C41: DOMINGO | D41: 30.0228 | E41: 30.0228 | F41: 30.0228 | G41: 30.0228 | H41: 30.0228 | I41: 30.0228 | J41: 30.0228 | K41: 30.0228 | L41: 30.0228 | M41: 30.0228 | N41: 30.0228 | O41: 30.0228 | P41: 30.0228 | Q41: 30.0228 | R41: 30.0228 | S41: 30.0228 | T41: 30.0228 | U41: 30.0228 | V41: 30.0228 | W41: 30.0228 | X41: 30.0228 | Y41: 30.0228 | Z41: 30.0228 | AA41: 30.0228 | AB41: =SUM(D41:AA41) -> 720.5472 | AC41: 6
AA42: ENERGÍA REQUERIDA | AD42: =SUM(AD6:AD41) -> 262999.73
B44: ENERGÍA PLANA 24 HORAS A SOLICITAR AÑO 2028 PARA MERCADO REGULADO (MWh)
B45: MES | C45: DÍA | D45: H1 | E45: H2 | F45: H3 | G45: H4 | H45: H5 | I45: H6 | J45: H7 | K45: H8 | L45: H9 | M45: H10 | N45: H11 | O45: H12 | P45: H13 | Q45: H14 | R45: H15 | S45: H16 | T45: H17 | U45: H18 | V45: H19 | W45: H20 | X45: H21 | Y45: H22 | Z45: H23 | AA45: H24 | AB45: TOTAL | AC45: No. Dias | AD45: TOTAL MES
B46: 46753 | C46: ORDINARIO | D46: 22.8 | E46: 22.8 | F46: 22.8 | G46: 22.8 | H46: 22.8 | I46: 22.8 | J46: 22.8 | K46: 22.8 | L46: 22.8 | M46: 22.8 | N46: 22.8 | O46: 22.8 | P46: 22.8 | Q46: 22.8 | R46: 22.8 | S46: 22.8 | T46: 22.8 | U46: 22.8 | V46: 22.8 | W46: 22.8 | X46: 22.8 | Y46: 22.8 | Z46: 22.8 | AA46: 22.8 | AB46: =SUM(D46:AA46) -> 547.2 | AC46: 20 | AD46: =+AB46*AC46+AB47*AC47+AB48*AC48 -> 16963.2
C47: SABADO | D47: 22.8 | E47: 22.8 | F47: 22.8 | G47: 22.8 | H47: 22.8 | I47: 22.8 | J47: 22.8 | K47: 22.8 | L47: 22.8 | M47: 22.8 | N47: 22.8 | O47: 22.8 | P47: 22.8 | Q47: 22.8 | R47: 22.8 | S47: 22.8 | T47: 22.8 | U47: 22.8 | V47: 22.8 | W47: 22.8 | X47: 22.8 | Y47: 22.8 | Z47: 22.8 | AA47: 22.8 | AB47: =SUM(D47:AA47) -> 547.2 | AC47: 4
C48: DOMINGO | D48: 22.8 | E48: 22.8 | F48: 22.8 | G48: 22.8 | H48: 22.8 | I48: 22.8 | J48: 22.8 | K48: 22.8 | L48: 22.8 | M48: 22.8 | N48: 22.8 | O48: 22.8 | P48: 22.8 | Q48: 22.8 | R48: 22.8 | S48: 22.8 | T48: 22.8 | U48: 22.8 | V48: 22.8 | W48: 22.8 | X48: 22.8 | Y48: 22.8 | Z48: 22.8 | AA48: 22.8 | AB48: =SUM(D48:AA48) -> 547.2 | AC48: 7
B49: 46784 | C49: ORDINARIO | D49: 22.8 | E49: 22.8 | F49: 22.8 | G49: 22.8 | H49: 22.8 | I49: 22.8 | J49: 22.8 | K49: 22.8 | L49: 22.8 | M49: 22.8 | N49: 22.8 | O49: 22.8 | P49: 22.8 | Q49: 22.8 | R49: 22.8 | S49: 22.8 | T49: 22.8 | U49: 22.8 | V49: 22.8 | W49: 22.8 | X49: 22.8 | Y49: 22.8 | Z49: 22.8 | AA49: 22.8 | AB49: =SUM(D49:AA49) -> 547.2 | AC49: 21 | AD49: =+AB49*AC49+AB50*AC50+AB51*AC51 -> 15868.8
C50: SABADO | D50: 22.8 | E50: 22.8 | F50: 22.8 | G50: 22.8 | H50: 22.8 | I50: 22.8 | J50: 22.8 | K50: 22.8 | L50: 22.8 | M50: 22.8 | N50: 22.8 | O50: 22.8 | P50: 22.8 | Q50: 22.8 | R50: 22.8 | S50: 22.8 | T50: 22.8 | U50: 22.8 | V50: 22.8 | W50: 22.8 | X50: 22.8 | Y50: 22.8 | Z50: 22.8 | AA50: 22.8 | AB50: =SUM(D50:AA50) -> 547.2 | AC50: 4
C51: DOMINGO | D51: 22.8 | E51: 22.8 | F51: 22.8 | G51: 22.8 | H51: 22.8 | I51: 22.8 | J51: 22.8 | K51: 22.8 | L51: 22.8 | M51: 22.8 | N51: 22.8 | O51: 22.8 | P51: 22.8 | Q51: 22.8 | R51: 22.8 | S51: 22.8 | T51: 22.8 | U51: 22.8 | V51: 22.8 | W51: 22.8 | X51: 22.8 | Y51: 22.8 | Z51: 22.8 | AA51: 22.8 | AB51: =SUM(D51:AA51) -> 547.2 | AC51: 4
B52: 46813 | C52: ORDINARIO | D52: 22.8 | E52: 22.8 | F52: 22.8 | G52: 22.8 | H52: 22.8 | I52: 22.8 | J52: 22.8 | K52: 22.8 | L52: 22.8 | M52: 22.8 | N52: 22.8 | O52: 22.8 | P52: 22.8 | Q52: 22.8 | R52: 22.8 | S52: 22.8 | T52: 22.8 | U52: 22.8 | V52: 22.8 | W52: 22.8 | X52: 22.8 | Y52: 22.8 | Z52: 22.8 | AA52: 22.8 | AB52: =SUM(D52:AA52) -> 547.2 | AC52: 22 | AD52: =+AB52*AC52+AB53*AC53+AB54*AC54 -> 16963.2
C53: SABADO | D53: 22.8 | E53: 22.8 | F53: 22.8 | G53: 22.8 | H53: 22.8 | I53: 22.8 | J53: 22.8 | K53: 22.8 | L53: 22.8 | M53: 22.8 | N53: 22.8 | O53: 22.8 | P53: 22.8 | Q53: 22.8 | R53: 22.8 | S53: 22.8 | T53: 22.8 | U53: 22.8 | V53: 22.8 | W53: 22.8 | X53: 22.8 | Y53: 22.8 | Z53: 22.8 | AA53: 22.8 | AB53: =SUM(D53:AA53) -> 547.2 | AC53: 4
C54: DOMINGO | D54: 22.8 | E54: 22.8 | F54: 22.8 | G54: 22.8 | H54: 22.8 | I54: 22.8 | J54: 22.8 | K54: 22.8 | L54: 22.8 | M54: 22.8 | N54: 22.8 | O54: 22.8 | P54: 22.8 | Q54: 22.8 | R54: 22.8 | S54: 22.8 | T54: 22.8 | U54: 22.8 | V54: 22.8 | W54: 22.8 | X54: 22.8 | Y54: 22.8 | Z54: 22.8 | AA54: 22.8 | AB54: =SUM(D54:AA54) -> 547.2 | AC54: 5
B55: 46844 | C55: ORDINARIO | D55: 22.8 | E55: 22.8 | F55: 22.8 | G55: 22.8 | H55: 22.8 | I55: 22.8 | J55: 22.8 | K55: 22.8 | L55: 22.8 | M55: 22.8 | N55: 22.8 | O55: 22.8 | P55: 22.8 | Q55: 22.8 | R55: 22.8 | S55: 22.8 | T55: 22.8 | U55: 22.8 | V55: 22.8 | W55: 22.8 | X55: 22.8 | Y55: 22.8 | Z55: 22.8 | AA55: 22.8 | AB55: =SUM(D55:AA55) -> 547.2 | AC55: 18 | AD55: =+AB55*AC55+AB56*AC56+AB57*AC57 -> 16416
C56: SABADO | D56: 22.8 | E56: 22.8 | F56: 22.8 | G56: 22.8 | H56: 22.8 | I56: 22.8 | J56: 22.8 | K56: 22.8 | L56: 22.8 | M56: 22.8 | N56: 22.8 | O56: 22.8 | P56: 22.8 | Q56: 22.8 | R56: 22.8 | S56: 22.8 | T56: 22.8 | U56: 22.8 | V56: 22.8 | W56: 22.8 | X56: 22.8 | Y56: 22.8 | Z56: 22.8 | AA56: 22.8 | AB56: =SUM(D56:AA56) -> 547.2 | AC56: 5
C57: DOMINGO | D57: 22.8 | E57: 22.8 | F57: 22.8 | G57: 22.8 | H57: 22.8 | I57: 22.8 | J57: 22.8 | K57: 22.8 | L57: 22.8 | M57: 22.8 | N57: 22.8 | O57: 22.8 | P57: 22.8 | Q57: 22.8 | R57: 22.8 | S57: 22.8 | T57: 22.8 | U57: 22.8 | V57: 22.8 | W57: 22.8 | X57: 22.8 | Y57: 22.8 | Z57: 22.8 | AA57: 22.8 | AB57: =SUM(D57:AA57) -> 547.2 | AC57: 7
B58: 46874 | C58: ORDINARIO | D58: 22.8 | E58: 22.8 | F58: 22.8 | G58: 22.8 | H58: 22.8 | I58: 22.8 | J58: 22.8 | K58: 22.8 | L58: 22.8 | M58: 22.8 | N58: 22.8 | O58: 22.8 | P58: 22.8 | Q58: 22.8 | R58: 22.8 | S58: 22.8 | T58: 22.8 | U58: 22.8 | V58: 22.8 | W58: 22.8 | X58: 22.8 | Y58: 22.8 | Z58: 22.8 | AA58: 22.8 | AB58: =SUM(D58:AA58) -> 547.2 | AC58: 21 | AD58: =+AB58*AC58+AB59*AC59+AB60*AC60 -> 16963.2
C59: SABADO | D59: 22.8 | E59: 22.8 | F59: 22.8 | G59: 22.8 | H59: 22.8 | I59: 22.8 | J59: 22.8 | K59: 22.8 | L59: 22.8 | M59: 22.8 | N59: 22.8 | O59: 22.8 | P59: 22.8 | Q59: 22.8 | R59: 22.8 | S59: 22.8 | T59: 22.8 | U59: 22.8 | V59: 22.8 | W59: 22.8 | X59: 22.8 | Y59: 22.8 | Z59: 22.8 | AA59: 22.8 | AB59: =SUM(D59:AA59) -> 547.2 | AC59: 4
C60: DOMINGO | D60: 22.8 | E60: 22.8 | F60: 22.8 | G60: 22.8 | H60: 22.8 | I60: 22.8 | J60: 22.8 | K60: 22.8 | L60: 22.8 | M60: 22.8 | N60: 22.8 | O60: 22.8 | P60: 22.8 | Q60: 22.8 | R60: 22.8 | S60: 22.8 | T60: 22.8 | U60: 22.8 | V60: 22.8 | W60: 22.8 | X60: 22.8 | Y60: 22.8 | Z60: 22.8 | AA60: 22.8 | AB60: =SUM(D60:AA60) -> 547.2 | AC60: 6
B61: 46905 | C61: ORDINARIO | D61: 22.8 | E61: 22.8 | F61: 22.8 | G61: 22.8 | H61: 22.8 | I61: 22.8 | J61: 22.8 | K61: 22.8 | L61: 22.8 | M61: 22.8 | N61: 22.8 | O61: 22.8 | P61: 22.8 | Q61: 22.8 | R61: 22.8 | S61: 22.8 | T61: 22.8 | U61: 22.8 | V61: 22.8 | W61: 22.8 | X61: 22.8 | Y61: 22.8 | Z61: 22.8 | AA61: 22.8 | AB61: =SUM(D61:AA61) -> 547.2 | AC61: 20 | AD61: =+AB61*AC61+AB62*AC62+AB63*AC63 -> 16416
C62: SABADO | D62: 22.8 | E62: 22.8 | F62: 22.8 | G62: 22.8 | H62: 22.8 | I62: 22.8 | J62: 22.8 | K62: 22.8 | L62: 22.8 | M62: 22.8 | N62: 22.8 | O62: 22.8 | P62: 22.8 | Q62: 22.8 | R62: 22.8 | S62: 22.8 | T62: 22.8 | U62: 22.8 | V62: 22.8 | W62: 22.8 | X62: 22.8 | Y62: 22.8 | Z62: 22.8 | AA62: 22.8 | AB62: =SUM(D62:AA62) -> 547.2 | AC62: 4
C63: DOMINGO | D63: 22.8 | E63: 22.8 | F63: 22.8 | G63: 22.8 | H63: 22.8 | I63: 22.8 | J63: 22.8 | K63: 22.8 | L63: 22.8 | M63: 22.8 | N63: 22.8 | O63: 22.8 | P63: 22.8 | Q63: 22.8 | R63: 22.8 | S63: 22.8 | T63: 22.8 | U63: 22.8 | V63: 22.8 | W63: 22.8 | X63: 22.8 | Y63: 22.8 | Z63: 22.8 | AA63: 22.8 | AB63: =SUM(D63:AA63) -> 547.2 | AC63: 6
B64: 46935 | C64: ORDINARIO | D64: 22.8 | E64: 22.8 | F64: 22.8 | G64: 22.8 | H64: 22.8 | I64: 22.8 | J64: 22.8 | K64: 22.8 | L64: 22.8 | M64: 22.8 | N64: 22.8 | O64: 22.8 | P64: 22.8 | Q64: 22.8 | R64: 22.8 | S64: 22.8 | T64: 22.8 | U64: 22.8 | V64: 22.8 | W64: 22.8 | X64: 22.8 | Y64: 22.8 | Z64: 22.8 | AA64: 22.8 | AB64: =SUM(D64:AA64) -> 547.2 | AC64: 19 | AD64: =+AB64*AC64+AB65*AC65+AB66*AC66 -> 16963.2
C65: SABADO | D65: 22.8 | E65: 22.8 | F65: 22.8 | G65: 22.8 | H65: 22.8 | I65: 22.8 | J65: 22.8 | K65: 22.8 | L65: 22.8 | M65: 22.8 | N65: 22.8 | O65: 22.8 | P65: 22.8 | Q65: 22.8 | R65: 22.8 | S65: 22.8 | T65: 22.8 | U65: 22.8 | V65: 22.8 | W65: 22.8 | X65: 22.8 | Y65: 22.8 | Z65: 22.8 | AA65: 22.8 | AB65: =SUM(D65:AA65) -> 547.2 | AC65: 5
C66: DOMINGO | D66: 22.8 | E66: 22.8 | F66: 22.8 | G66: 22.8 | H66: 22.8 | I66: 22.8 | J66: 22.8 | K66: 22.8 | L66: 22.8 | M66: 22.8 | N66: 22.8 | O66: 22.8 | P66: 22.8 | Q66: 22.8 | R66: 22.8 | S66: 22.8 | T66: 22.8 | U66: 22.8 | V66: 22.8 | W66: 22.8 | X66: 22.8 | Y66: 22.8 | Z66: 22.8 | AA66: 22.8 | AB66: =SUM(D66:AA66) -> 547.2 | AC66: 7
B67: 46966 | C67: ORDINARIO | D67: 22.8 | E67: 22.8 | F67: 22.8 | G67: 22.8 | H67: 22.8 | I67: 22.8 | J67: 22.8 | K67: 22.8 | L67: 22.8 | M67: 22.8 | N67: 22.8 | O67: 22.8 | P67: 22.8 | Q67: 22.8 | R67: 22.8 | S67: 22.8 | T67: 22.8 | U67: 22.8 | V67: 22.8 | W67: 22.8 | X67: 22.8 | Y67: 22.8 | Z67: 22.8 | AA67: 22.8 | AB67: =SUM(D67:AA67) -> 547.2 | AC67: 21 | AD67: =+AB67*AC67+AB68*AC68+AB69*AC69 -> 16963.2
C68: SABADO | D68: 22.8 | E68: 22.8 | F68: 22.8 | G68: 22.8 | H68: 22.8 | I68: 22.8 | J68: 22.8 | K68: 22.8 | L68: 22.8 | M68: 22.8 | N68: 22.8 | O68: 22.8 | P68: 22.8 | Q68: 22.8 | R68: 22.8 | S68: 22.8 | T68: 22.8 | U68: 22.8 | V68: 22.8 | W68: 22.8 | X68: 22.8 | Y68: 22.8 | Z68: 22.8 | AA68: 22.8 | AB68: =SUM(D68:AA68) -> 547.2 | AC68: 4
C69: DOMINGO | D69: 22.8 | E69: 22.8 | F69: 22.8 | G69: 22.8 | H69: 22.8 | I69: 22.8 | J69: 22.8 | K69: 22.8 | L69: 22.8 | M69: 22.8 | N69: 22.8 | O69: 22.8 | P69: 22.8 | Q69: 22.8 | R69: 22.8 | S69: 22.8 | T69: 22.8 | U69: 22.8 | V69: 22.8 | W69: 22.8 | X69: 22.8 | Y69: 22.8 | Z69: 22.8 | AA69: 22.8 | AB69: =SUM(D69:AA69) -> 547.2 | AC69: 6
B70: 46997 | C70: ORDINARIO | D70: 22.8 | E70: 22.8 | F70: 22.8 | G70: 22.8 | H70: 22.8 | I70: 22.8 | J70: 22.8 | K70: 22.8 | L70: 22.8 | M70: 22.8 | N70: 22.8 | O70: 22.8 | P70: 22.8 | Q70: 22.8 | R70: 22.8 | S70: 22.8 | T70: 22.8 | U70: 22.8 | V70: 22.8 | W70: 22.8 | X70: 22.8 | Y70: 22.8 | Z70: 22.8 | AA70: 22.8 | AB70: =SUM(D70:AA70) -> 547.2 | AC70: 21 | AD70: =+AB70*AC70+AB71*AC71+AB72*AC72 -> 16416
C71: SABADO | D71: 22.8 | E71: 22.8 | F71: 22.8 | G71: 22.8 | H71: 22.8 | I71: 22.8 | J71: 22.8 | K71: 22.8 | L71: 22.8 | M71: 22.8 | N71: 22.8 | O71: 22.8 | P71: 22.8 | Q71: 22.8 | R71: 22.8 | S71: 22.8 | T71: 22.8 | U71: 22.8 | V71: 22.8 | W71: 22.8 | X71: 22.8 | Y71: 22.8 | Z71: 22.8 | AA71: 22.8 | AB71: =SUM(D71:AA71) -> 547.2 | AC71: 5
C72: DOMINGO | D72: 22.8 | E72: 22.8 | F72: 22.8 | G72: 22.8 | H72: 22.8 | I72: 22.8 | J72: 22.8 | K72: 22.8 | L72: 22.8 | M72: 22.8 | N72: 22.8 | O72: 22.8 | P72: 22.8 | Q72: 22.8 | R72: 22.8 | S72: 22.8 | T72: 22.8 | U72: 22.8 | V72: 22.8 | W72: 22.8 | X72: 22.8 | Y72: 22.8 | Z72: 22.8 | AA72: 22.8 | AB72: =SUM(D72:AA72) -> 547.2 | AC72: 4
B73: 47027 | C73: ORDINARIO | D73: 22.8 | E73: 22.8 | F73: 22.8 | G73: 22.8 | H73: 22.8 | I73: 22.8 | J73: 22.8 | K73: 22.8 | L73: 22.8 | M73: 22.8 | N73: 22.8 | O73: 22.8 | P73: 22.8 | Q73: 22.8 | R73: 22.8 | S73: 22.8 | T73: 22.8 | U73: 22.8 | V73: 22.8 | W73: 22.8 | X73: 22.8 | Y73: 22.8 | Z73: 22.8 | AA73: 22.8 | AB73: =SUM(D73:AA73) -> 547.2 | AC73: 21 | AD73: =+AB73*AC73+AB74*AC74+AB75*AC75 -> 16963.2
C74: SABADO | D74: 22.8 | E74: 22.8 | F74: 22.8 | G74: 22.8 | H74: 22.8 | I74: 22.8 | J74: 22.8 | K74: 22.8 | L74: 22.8 | M74: 22.8 | N74: 22.8 | O74: 22.8 | P74: 22.8 | Q74: 22.8 | R74: 22.8 | S74: 22.8 | T74: 22.8 | U74: 22.8 | V74: 22.8 | W74: 22.8 | X74: 22.8 | Y74: 22.8 | Z74: 22.8 | AA74: 22.8 | AB74: =SUM(D74:AA74) -> 547.2 | AC74: 4
C75: DOMINGO | D75: 22.8 | E75: 22.8 | F75: 22.8 | G75: 22.8 | H75: 22.8 | I75: 22.8 | J75: 22.8 | K75: 22.8 | L75: 22.8 | M75: 22.8 | N75: 22.8 | O75: 22.8 | P75: 22.8 | Q75: 22.8 | R75: 22.8 | S75: 22.8 | T75: 22.8 | U75: 22.8 | V75: 22.8 | W75: 22.8 | X75: 22.8 | Y75: 22.8 | Z75: 22.8 | AA75: 22.8 | AB75: =SUM(D75:AA75) -> 547.2 | AC75: 6
B76: 47058 | C76: ORDINARIO | D76: 22.8 | E76: 22.8 | F76: 22.8 | G76: 22.8 | H76: 22.8 | I76: 22.8 | J76: 22.8 | K76: 22.8 | L76: 22.8 | M76: 22.8 | N76: 22.8 | O76: 22.8 | P76: 22.8 | Q76: 22.8 | R76: 22.8 | S76: 22.8 | T76: 22.8 | U76: 22.8 | V76: 22.8 | W76: 22.8 | X76: 22.8 | Y76: 22.8 | Z76: 22.8 | AA76: 22.8 | AB76: =SUM(D76:AA76) -> 547.2 | AC76: 20 | AD76: =+AB76*AC76+AB77*AC77+AB78*AC78 -> 16416
C77: SABADO | D77: 22.8 | E77: 22.8 | F77: 22.8 | G77: 22.8 | H77: 22.8 | I77: 22.8 | J77: 22.8 | K77: 22.8 | L77: 22.8 | M77: 22.8 | N77: 22.8 | O77: 22.8 | P77: 22.8 | Q77: 22.8 | R77: 22.8 | S77: 22.8 | T77: 22.8 | U77: 22.8 | V77: 22.8 | W77: 22.8 | X77: 22.8 | Y77: 22.8 | Z77: 22.8 | AA77: 22.8 | AB77: =SUM(D77:AA77) -> 547.2 | AC77: 4
C78: DOMINGO | D78: 22.8 | E78: 22.8 | F78: 22.8 | G78: 22.8 | H78: 22.8 | I78: 22.8 | J78: 22.8 | K78: 22.8 | L78: 22.8 | M78: 22.8 | N78: 22.8 | O78: 22.8 | P78: 22.8 | Q78: 22.8 | R78: 22.8 | S78: 22.8 | T78: 22.8 | U78: 22.8 | V78: 22.8 | W78: 22.8 | X78: 22.8 | Y78: 22.8 | Z78: 22.8 | AA78: 22.8 | AB78: =SUM(D78:AA78) -> 547.2 | AC78: 6
B79: 47088 | C79: ORDINARIO | D79: 22.8 | E79: 22.8 | F79: 22.8 | G79: 22.8 | H79: 22.8 | I79: 22.8 | J79: 22.8 | K79: 22.8 | L79: 22.8 | M79: 22.8 | N79: 22.8 | O79: 22.8 | P79: 22.8 | Q79: 22.8 | R79: 22.8 | S79: 22.8 | T79: 22.8 | U79: 22.8 | V79: 22.8 | W79: 22.8 | X79: 22.8 | Y79: 22.8 | Z79: 22.8 | AA79: 22.8 | AB79: =SUM(D79:AA79) -> 547.2 | AC79: 19 | AD79: =+AB79*AC79+AB80*AC80+AB81*AC81 -> 16963.2
C80: SABADO | D80: 22.8 | E80: 22.8 | F80: 22.8 | G80: 22.8 | H80: 22.8 | I80: 22.8 | J80: 22.8 | K80: 22.8 | L80: 22.8 | M80: 22.8 | N80: 22.8 | O80: 22.8 | P80: 22.8 | Q80: 22.8 | R80: 22.8 | S80: 22.8 | T80: 22.8 | U80: 22.8 | V80: 22.8 | W80: 22.8 | X80: 22.8 | Y80: 22.8 | Z80: 22.8 | AA80: 22.8 | AB80: =SUM(D80:AA80) -> 547.2 | AC80: 5
C81: DOMINGO | D81: 22.8 | E81: 22.8 | F81: 22.8 | G81: 22.8 | H81: 22.8 | I81: 22.8 | J81: 22.8 | K81: 22.8 | L81: 22.8 | M81: 22.8 | N81: 22.8 | O81: 22.8 | P81: 22.8 | Q81: 22.8 | R81: 22.8 | S81: 22.8 | T81: 22.8 | U81: 22.8 | V81: 22.8 | W81: 22.8 | X81: 22.8 | Y81: 22.8 | Z81: 22.8 | AA81: 22.8 | AB81: =SUM(D81:AA81) -> 547.2 | AC81: 7
AA82: ENERGÍA REQUERIDA | AD82: =SUM(AD46:AD81) -> 200275.2
B84: ENERGÍA PLANA 24 HORAS A SOLICITAR AÑO 2029 PARA MERCADO REGULADO (MWh)
B85: MES | C85: DÍA | D85: H1 | E85: H2 | F85: H3 | G85: H4 | H85: H5 | I85: H6 | J85: H7 | K85: H8 | L85: H9 | M85: H10 | N85: H11 | O85: H12 | P85: H13 | Q85: H14 | R85: H15 | S85: H16 | T85: H17 | U85: H18 | V85: H19 | W85: H20 | X85: H21 | Y85: H22 | Z85: H23 | AA85: H24 | AB85: TOTAL | AC85: No. Dias | AD85: TOTAL MES
B86: 47119 | C86: ORDINARIO | D86: 34 | E86: 34 | F86: 34 | G86: 34 | H86: 34 | I86: 34 | J86: 34 | K86: 34 | L86: 34 | M86: 34 | N86: 34 | O86: 34 | P86: 34 | Q86: 34 | R86: 34 | S86: 34 | T86: 34 | U86: 34 | V86: 34 | W86: 34 | X86: 34 | Y86: 34 | Z86: 34 | AA86: 34 | AB86: =SUM(D86:AA86) -> 816 | AC86: 21 | AD86: =+AB86*AC86+AB87*AC87+AB88*AC88 -> 25296
C87: SABADO | D87: 34 | E87: 34 | F87: 34 | G87: 34 | H87: 34 | I87: 34 | J87: 34 | K87: 34 | L87: 34 | M87: 34 | N87: 34 | O87: 34 | P87: 34 | Q87: 34 | R87: 34 | S87: 34 | T87: 34 | U87: 34 | V87: 34 | W87: 34 | X87: 34 | Y87: 34 | Z87: 34 | AA87: 34 | AB87: =SUM(D87:AA87) -> 816 | AC87: 4
C88: DOMINGO | D88: 34 | E88: 34 | F88: 34 | G88: 34 | H88: 34 | I88: 34 | J88: 34 | K88: 34 | L88: 34 | M88: 34 | N88: 34 | O88: 34 | P88: 34 | Q88: 34 | R88: 34 | S88: 34 | T88: 34 | U88: 34 | V88: 34 | W88: 34 | X88: 34 | Y88: 34 | Z88: 34 | AA88: 34 | AB88: =SUM(D88:AA88) -> 816 | AC88: 6
B89: 47150 | C89: ORDINARIO | D89: 34 | E89: 34 | F89: 34 | G89: 34 | H89: 34 | I89: 34 | J89: 34 | K89: 34 | L89: 34 | M89: 34 | N89: 34 | O89: 34 | P89: 34 | Q89: 34 | R89: 34 | S89: 34 | T89: 34 | U89: 34 | V89: 34 | W89: 34 | X89: 34 | Y89: 34 | Z89: 34 | AA89: 34 | AB89: =SUM(D89:AA89) -> 816 | AC89: 20 | AD89: =+AB89*AC89+AB90*AC90+AB91*AC91 -> 22848
C90: SABADO | D90: 34 | E90: 34 | F90: 34 | G90: 34 | H90: 34 | I90: 34 | J90: 34 | K90: 34 | L90: 34 | M90: 34 | N90: 34 | O90: 34 | P90: 34 | Q90: 34 | R90: 34 | S90: 34 | T90: 34 | U90: 34 | V90: 34 | W90: 34 | X90: 34 | Y90: 34 | Z90: 34 | AA90: 34 | AB90: =SUM(D90:AA90) -> 816 | AC90: 4
C91: DOMINGO | D91: 34 | E91: 34 | F91: 34 | G91: 34 | H91: 34 | I91: 34 | J91: 34 | K91: 34 | L91: 34 | M91: 34 | N91: 34 | O91: 34 | P91: 34 | Q91: 34 | R91: 34 | S91: 34 | T91: 34 | U91: 34 | V91: 34 | W91: 34 | X91: 34 | Y91: 34 | Z91: 34 | AA91: 34 | AB91: =SUM(D91:AA91) -> 816 | AC91: 4
B92: 47178 | C92: ORDINARIO | D92: 34 | E92: 34 | F92: 34 | G92: 34 | H92: 34 | I92: 34 | J92: 34 | K92: 34 | L92: 34 | M92: 34 | N92: 34 | O92: 34 | P92: 34 | Q92: 34 | R92: 34 | S92: 34 | T92: 34 | U92: 34 | V92: 34 | W92: 34 | X92: 34 | Y92: 34 | Z92: 34 | AA92: 34 | AB92: =SUM(D92:AA92) -> 816 | AC92: 19 | AD92: =+AB92*AC92+AB93*AC93+AB94*AC94 -> 25296
C93: SABADO | D93: 34 | E93: 34 | F93: 34 | G93: 34 | H93: 34 | I93: 34 | J93: 34 | K93: 34 | L93: 34 | M93: 34 | N93: 34 | O93: 34 | P93: 34 | Q93: 34 | R93: 34 | S93: 34 | T93: 34 | U93: 34 | V93: 34 | W93: 34 | X93: 34 | Y93: 34 | Z93: 34 | AA93: 34 | AB93: =SUM(D93:AA93) -> 816 | AC93: 5
C94: DOMINGO | D94: 34 | E94: 34 | F94: 34 | G94: 34 | H94: 34 | I94: 34 | J94: 34 | K94: 34 | L94: 34 | M94: 34 | N94: 34 | O94: 34 | P94: 34 | Q94: 34 | R94: 34 | S94: 34 | T94: 34 | U94: 34 | V94: 34 | W94: 34 | X94: 34 | Y94: 34 | Z94: 34 | AA94: 34 | AB94: =SUM(D94:AA94) -> 816 | AC94: 7
B95: 47209 | C95: ORDINARIO | D95: 34 | E95: 34 | F95: 34 | G95: 34 | H95: 34 | I95: 34 | J95: 34 | K95: 34 | L95: 34 | M95: 34 | N95: 34 | O95: 34 | P95: 34 | Q95: 34 | R95: 34 | S95: 34 | T95: 34 | U95: 34 | V95: 34 | W95: 34 | X95: 34 | Y95: 34 | Z95: 34 | AA95: 34 | AB95: =SUM(D95:AA95) -> 816 | AC95: 21 | AD95: =+AB95*AC95+AB96*AC96+AB97*AC97 -> 24480
C96: SABADO | D96: 34 | E96: 34 | F96: 34 | G96: 34 | H96: 34 | I96: 34 | J96: 34 | K96: 34 | L96: 34 | M96: 34 | N96: 34 | O96: 34 | P96: 34 | Q96: 34 | R96: 34 | S96: 34 | T96: 34 | U96: 34 | V96: 34 | W96: 34 | X96: 34 | Y96: 34 | Z96: 34 | AA96: 34 | AB96: =SUM(D96:AA96) -> 816 | AC96: 4
C97: DOMINGO | D97: 34 | E97: 34 | F97: 34 | G97: 34 | H97: 34 | I97: 34 | J97: 34 | K97: 34 | L97: 34 | M97: 34 | N97: 34 | O97: 34 | P97: 34 | Q97: 34 | R97: 34 | S97: 34 | T97: 34 | U97: 34 | V97: 34 | W97: 34 | X97: 34 | Y97: 34 | Z97: 34 | AA97: 34 | AB97: =SUM(D97:AA97) -> 816 | AC97: 5
B98: 47239 | C98: ORDINARIO | D98: 34 | E98: 34 | F98: 34 | G98: 34 | H98: 34 | I98: 34 | J98: 34 | K98: 34 | L98: 34 | M98: 34 | N98: 34 | O98: 34 | P98: 34 | Q98: 34 | R98: 34 | S98: 34 | T98: 34 | U98: 34 | V98: 34 | W98: 34 | X98: 34 | Y98: 34 | Z98: 34 | AA98: 34 | AB98: =SUM(D98:AA98) -> 816 | AC98: 21 | AD98: =+AB98*AC98+AB99*AC99+AB100*AC100 -> 25296
C99: SABADO | D99: 34 | E99: 34 | F99: 34 | G99: 34 | H99: 34 | I99: 34 | J99: 34 | K99: 34 | L99: 34 | M99: 34 | N99: 34 | O99: 34 | P99: 34 | Q99: 34 | R99: 34 | S99: 34 | T99: 34 | U99: 34 | V99: 34 | W99: 34 | X99: 34 | Y99: 34 | Z99: 34 | AA99: 34 | AB99: =SUM(D99:AA99) -> 816 | AC99: 4
C100: DOMINGO | D100: 34 | E100: 34 | F100: 34 | G100: 34 | H100: 34 | I100: 34 | J100: 34 | K100: 34 | L100: 34 | M100: 34 | N100: 34 | O100: 34 | P100: 34 | Q100: 34 | R100: 34 | S100: 34 | T100: 34 | U100: 34 | V100: 34 | W100: 34 | X100: 34 | Y100: 34 | Z100: 34 | AA100: 34 | AB100: =SUM(D100:AA100) -> 816 | AC100: 6
B101: 47270 | C101: ORDINARIO | D101: 34 | E101: 34 | F101: 34 | G101: 34 | H101: 34 | I101: 34 | J101: 34 | K101: 34 | L101: 34 | M101: 34 | N101: 34 | O101: 34 | P101: 34 | Q101: 34 | R101: 34 | S101: 34 | T101: 34 | U101: 34 | V101: 34 | W101: 34 | X101: 34 | Y101: 34 | Z101: 34 | AA101: 34 | AB101: =SUM(D101:AA101) -> 816 | AC101: 19 | AD101: =+AB101*AC101+AB102*AC102+AB103*AC103 -> 24480
C102: SABADO | D102: 34 | E102: 34 | F102: 34 | G102: 34 | H102: 34 | I102: 34 | J102: 34 | K102: 34 | L102: 34 | M102: 34 | N102: 34 | O102: 34 | P102: 34 | Q102: 34 | R102: 34 | S102: 34 | T102: 34 | U102: 34 | V102: 34 | W102: 34 | X102: 34 | Y102: 34 | Z102: 34 | AA102: 34 | AB102: =SUM(D102:AA102) -> 816 | AC102: 5
C103: DOMINGO | D103: 34 | E103: 34 | F103: 34 | G103: 34 | H103: 34 | I103: 34 | J103: 34 | K103: 34 | L103: 34 | M103: 34 | N103: 34 | O103: 34 | P103: 34 | Q103: 34 | R103: 34 | S103: 34 | T103: 34 | U103: 34 | V103: 34 | W103: 34 | X103: 34 | Y103: 34 | Z103: 34 | AA103: 34 | AB103: =SUM(D103:AA103) -> 816 | AC103: 6
...

Sheet P1_ANEXO_2 - 2027 al 2037
D2: EMPRESAS MUNICIPALES DE CALI- EMCALI EICE ESP
D3: CONVOCATORIA PÚBLICA PARA COMPRA DE ENERGÍA
D4: Código de Convocatoria SICEP No. CP-EMIC2026-001
D6: ANEXO No. 2 CANTIDADES Y PRECIOS OFERTADOS
D8: PRODUCTO 1 - ENERO 2027 A DICIEMBRE 2037
D11: AÑO | E11: Energía solicitada (MWh) | F11: % ofertado | G11: $/kWh | J11: MES AÑO 2027 | K11: Energía solicitada (MWh) | L11: % ofertado | M11: $/kWh
D12: 2027 | E12: ='P1_ANEXO 1 -2027 a 2037'!AD42 -> 262999.73 | F12: =+SUMPRODUCT(K12:K23,L12:L23)/E12 -> 0 | G12: =+M12 -> 0 | J12: ENERO | K12: =+'P1_ANEXO 1 -2027 a 2037'!$AD$6 -> 22336.963
D13: 2028 | E13: ='P1_ANEXO 1 -2027 a 2037'!AD82 -> 200275.2 | J13: FEBRERO | K13: =+'P1_ANEXO 1 -2027 a 2037'!$AD$9 -> 20175.322
D14: 2029 | E14: ='P1_ANEXO 1 -2027 a 2037'!AD122 -> 297840 | J14: MARZO | K14: =+'P1_ANEXO 1 -2027 a 2037'!$AD$12 -> 22336.963
D15: 2030 | E15: ='P1_ANEXO 1 -2027 a 2037'!AD162 -> 113880 | J15: ABRIL | K15: =+'P1_ANEXO 1 -2027 a 2037'!$AD$15 -> 21616.416
D16: 2031 | E16: ='P1_ANEXO 1 -2027 a 2037'!AD202 -> 192720 | J16: MAYO | K16: =+'P1_ANEXO 1 -2027 a 2037'!$AD$18 -> 22336.963
D17: 2032 | E17: ='P1_ANEXO 1 -2027 a 2037'!AD242 -> 281088 | J17: JUNIO | K17: =+'P1_ANEXO 1 -2027 a 2037'!$AD$21 -> 21616.416
D18: 2033 | E18: ='P1_ANEXO 1 -2027 a 2037'!AD282 -> 259996.8 | J18: JULIO | K18: =+'P1_ANEXO 1 -2027 a 2037'!$AD$24 -> 22336.963
D19: 2034 | E19: ='P1_ANEXO 1 -2027 a 2037'!AD322 -> 259996.8 | J19: AGOSTO | K19: =+'P1_ANEXO 1 -2027 a 2037'!$AD$27 -> 22336.963
D20: 2035 | E20: ='P1_ANEXO 1 -2027 a 2037'!AD362 -> 259996.8 | J20: SEPTIEMBRE | K20: =+'P1_ANEXO 1 -2027 a 2037'!$AD$30 -> 21616.416
D21: 2036 | E21: ='P1_ANEXO 1 -2027 a 2037'!AD402 -> 260709.12 | J21: OCTUBRE | K21: =+'P1_ANEXO 1 -2027 a 2037'!$AD$33 -> 22336.963
D22: 2037 | E22: ='P1_ANEXO 1 -2027 a 2037'!AD442 -> 259996.8 | J22: NOVIEMBRE | K22: =+'P1_ANEXO 1 -2027 a 2037'!$AD$36 -> 21616.416
D23: Total año | E23: =SUM(E12:E22) -> 2649499.2 | J23: DICIEMBRE | K23: =+'P1_ANEXO 1 -2027 a 2037'!$AD$39 -> 22336.963
C26: NOTAS:
C27: 1 | D27: Para el año 2027 se deben ofertar mínimo 8 meses, cada mes podrá ofertarse con porcentaje diferente, el cual debera ser minimo el 15 % de la necesidad de cada mes.
C28: 2 | D28: A partir del año 2028 y hasta 2037 se debe ofertar el mismo porcentaje para todos y cada uno de los años de este producto.
C29: 3 | D29: Se debe ofertar minimo el 30% de la energia requerida para todos y cada uno de los años del producto
C30: 4 | D30: El precio puede ser diferente para cada año ofertado. Para el año 2027 el precio debe ser el mismo para todos los meses ofertados.
C31: 5 | D31: La energía y los precios a ofertar deben ofrecerse en la modalidad monomia.
C32: 6 | D32: Precios en pesos constantes del mes de mayo de 2026.

Sheet P2_ANEXO 1 -2028 a 2032
B1: ANEXO No. 1 - CANTIDADES DE ENERGÍA HORARIA Y MENSUAL A CONTRATAR
B2: PRODUCTO 2 - ENERO 2028 A DICIEMBRE 2032
B4: ENERGÍA PLANA (H07 A H18) A SOLICITAR AÑO 2028 PARA MERCADO REGULADO (MWh)
B5: MES | C5: DÍA | D5: H1 | E5: H2 | F5: H3 | G5: H4 | H5: H5 | I5: H6 | J5: H7 | K5: H8 | L5: H9 | M5: H10 | N5: H11 | O5: H12 | P5: H13 | Q5: H14 | R5: H15 | S5: H16 | T5: H17 | U5: H18 | V5: H19 | W5: H20 | X5: H21 | Y5: H22 | Z5: H23 | AA5: H24 | AB5: TOTAL | AC5: No. Dias | AD5: TOTAL MES
B6: 46753 | C6: ORDINARIO | J6: 21 | K6: 21 | L6: 21 | M6: 21 | N6: 21 | O6: 21 | P6: 21 | Q6: 21 | R6: 21 | S6: 21 | T6: 21 | U6: 21 | AB6: =SUM(D6:AA6) -> 252 | AC6: 20 | AD6: =+AB6*AC6+AB7*AC7+AB8*AC8 -> 7812
C7: SABADO | J7: 21 | K7: 21 | L7: 21 | M7: 21 | N7: 21 | O7: 21 | P7: 21 | Q7: 21 | R7: 21 | S7: 21 | T7: 21 | U7: 21 | AB7: =SUM(D7:AA7) -> 252 | AC7: 4
C8: DOMINGO | J8: 21 | K8: 21 | L8: 21 | M8: 21 | N8: 21 | O8: 21 | P8: 21 | Q8: 21 | R8: 21 | S8: 21 | T8: 21 | U8: 21 | AB8: =SUM(D8:AA8) -> 252 | AC8: 7
B9: 46784 | C9: ORDINARIO | J9: 21 | K9: 21 | L9: 21 | M9: 21 | N9: 21 | O9: 21 | P9: 21 | Q9: 21 | R9: 21 | S9: 21 | T9: 21 | U9: 21 | AB9: =SUM(D9:AA9) -> 252 | AC9: 21 | AD9: =+AB9*AC9+AB10*AC10+AB11*AC11 -> 7308
C10: SABADO | J10: 21 | K10: 21 | L10: 21 | M10: 21 | N10: 21 | O10: 21 | P10: 21 | Q10: 21 | R10: 21 | S10: 21 | T10: 21 | U10: 21 | AB10: =SUM(D10:AA10) -> 252 | AC10: 4
C11: DOMINGO | J11: 21 | K11: 21 | L11: 21 | M11: 21 | N11: 21 | O11: 21 | P11: 21 | Q11: 21 | R11: 21 | S11: 21 | T11: 21 | U11: 21 | AB11: =SUM(D11:AA11) -> 252 | AC11: 4
B12: 46813 | C12: ORDINARIO | J12: 21 | K12: 21 | L12: 21 | M12: 21 | N12: 21 | O12: 21 | P12: 21 | Q12: 21 | R12: 21 | S12: 21 | T12: 21 | U12: 21 | AB12: =SUM(D12:AA12) -> 252 | AC12: 22 | AD12: =+AB12*AC12+AB13*AC13+AB14*AC14 -> 7812
C13: SABADO | J13: 21 | K13: 21 | L13: 21 | M13: 21 | N13: 21 | O13: 21 | P13: 21 | Q13: 21 | R13: 21 | S13: 21 | T13: 21 | U13: 21 | AB13: =SUM(D13:AA13) -> 252 | AC13: 4
C14: DOMINGO | J14: 21 | K14: 21 | L14: 21 | M14: 21 | N14: 21 | O14: 21 | P14: 21 | Q14: 21 | R14: 21 | S14: 21 | T14: 21 | U14: 21 | AB14: =SUM(D14:AA14) -> 252 | AC14: 5
B15: 46844 | C15: ORDINARIO | J15: 21 | K15: 21 | L15: 21 | M15: 21 | N15: 21 | O15: 21 | P15: 21 | Q15: 21 | R15: 21 | S15: 21 | T15: 21 | U15: 21 | AB15: =SUM(D15:AA15) -> 252 | AC15: 18 | AD15: =+AB15*AC15+AB16*AC16+AB17*AC17 -> 7560
C16: SABADO | J16: 21 | K16: 21 | L16: 21 | M16: 21 | N16: 21 | O16: 21 | P16: 21 | Q16: 21 | R16: 21 | S16: 21 | T16: 21 | U16: 21 | AB16: =SUM(D16:AA16) -> 252 | AC16: 5
C17: DOMINGO | J17: 21 | K17: 21 | L17: 21 | M17: 21 | N17: 21 | O17: 21 | P17: 21 | Q17: 21 | R17: 21 | S17: 21 | T17: 21 | U17: 21 | AB17: =SUM(D17:AA17) -> 252 | AC17: 7
B18: 46874 | C18: ORDINARIO | J18: 21 | K18: 21 | L18: 21 | M18: 21 | N18: 21 | O18: 21 | P18: 21 | Q18: 21 | R18: 21 | S18: 21 | T18: 21 | U18: 21 | AB18: =SUM(D18:AA18) -> 252 | AC18: 21 | AD18: =+AB18*AC18+AB19*AC19+AB20*AC20 -> 7812
C19: SABADO | J19: 21 | K19: 21 | L19: 21 | M19: 21 | N19: 21 | O19: 21 | P19: 21 | Q19: 21 | R19: 21 | S19: 21 | T19: 21 | U19: 21 | AB19: =SUM(D19:AA19) -> 252 | AC19: 4
C20: DOMINGO | J20: 21 | K20: 21 | L20: 21 | M20: 21 | N20: 21 | O20: 21 | P20: 21 | Q20: 21 | R20: 21 | S20: 21 | T20: 21 | U20: 21 | AB20: =SUM(D20:AA20) -> 252 | AC20: 6
B21: 46905 | C21: ORDINARIO | J21: 21 | K21: 21 | L21: 21 | M21: 21 | N21: 21 | O21: 21 | P21: 21 | Q21: 21 | R21: 21 | S21: 21 | T21: 21 | U21: 21 | AB21: =SUM(D21:AA21) -> 252 | AC21: 20 | AD21: =+AB21*AC21+AB22*AC22+AB23*AC23 -> 7560
C22: SABADO | J22: 21 | K22: 21 | L22: 21 | M22: 21 | N22: 21 | O22: 21 | P22: 21 | Q22: 21 | R22: 21 | S22: 21 | T22: 21 | U22: 21 | AB22: =SUM(D22:AA22) -> 252 | AC22: 4
C23: DOMINGO | J23: 21 | K23: 21 | L23: 21 | M23: 21 | N23: 21 | O23: 21 | P23: 21 | Q23: 21 | R23: 21 | S23: 21 | T23: 21 | U23: 21 | AB23: =SUM(D23:AA23) -> 252 | AC23: 6
B24: 46935 | C24: ORDINARIO | J24: 21 | K24: 21 | L24: 21 | M24: 21 | N24: 21 | O24: 21 | P24: 21 | Q24: 21 | R24: 21 | S24: 21 | T24: 21 | U24: 21 | AB24: =SUM(D24:AA24) -> 252 | AC24: 19 | AD24: =+AB24*AC24+AB25*AC25+AB26*AC26 -> 7812
C25: SABADO | J25: 21 | K25: 21 | L25: 21 | M25: 21 | N25: 21 | O25: 21 | P25: 21 | Q25: 21 | R25: 21 | S25: 21 | T25: 21 | U25: 21 | AB25: =SUM(D25:AA25) -> 252 | AC25: 5
C26: DOMINGO | J26: 21 | K26: 21 | L26: 21 | M26: 21 | N26: 21 | O26: 21 | P26: 21 | Q26: 21 | R26: 21 | S26: 21 | T26: 21 | U26: 21 | AB26: =SUM(D26:AA26) -> 252 | AC26: 7
B27: 46966 | C27: ORDINARIO | J27: 21 | K27: 21 | L27: 21 | M27: 21 | N27: 21 | O27: 21 | P27: 21 | Q27: 21 | R27: 21 | S27: 21 | T27: 21 | U27: 21 | AB27: =SUM(D27:AA27) -> 252 | AC27: 21 | AD27: =+AB27*AC27+AB28*AC28+AB29*AC29 -> 7812
C28: SABADO | J28: 21 | K28: 21 | L28: 21 | M28: 21 | N28: 21 | O28: 21 | P28: 21 | Q28: 21 | R28: 21 | S28: 21 | T28: 21 | U28: 21 | AB28: =SUM(D28:AA28) -> 252 | AC28: 4
C29: DOMINGO | J29: 21 | K29: 21 | L29: 21 | M29: 21 | N29: 21 | O29: 21 | P29: 21 | Q29: 21 | R29: 21 | S29: 21 | T29: 21 | U29: 21 | AB29: =SUM(D29:AA29) -> 252 | AC29: 6
B30: 46997 | C30: ORDINARIO | J30: 21 | K30: 21 | L30: 21 | M30: 21 | N30: 21 | O30: 21 | P30: 21 | Q30: 21 | R30: 21 | S30: 21 | T30: 21 | U30: 21 | AB30: =SUM(D30:AA30) -> 252 | AC30: 21 | AD30: =+AB30*AC30+AB31*AC31+AB32*AC32 -> 7560
C31: SABADO | J31: 21 | K31: 21 | L31: 21 | M31: 21 | N31: 21 | O31: 21 | P31: 21 | Q31: 21 | R31: 21 | S31: 21 | T31: 21 | U31: 21 | AB31: =SUM(D31:AA31) -> 252 | AC31: 5
C32: DOMINGO | J32: 21 | K32: 21 | L32: 21 | M32: 21 | N32: 21 | O32: 21 | P32: 21 | Q32: 21 | R32: 21 | S32: 21 | T32: 21 | U32: 21 | AB32: =SUM(D32:AA32) -> 252 | AC32: 4
B33: 47027 | C33: ORDINARIO | J33: 21 | K33: 21 | L33: 21 | M33: 21 | N33: 21 | O33: 21 | P33: 21 | Q33: 21 | R33: 21 | S33: 21 | T33: 21 | U33: 21 | AB33: =SUM(D33:AA33) -> 252 | AC33: 21 | AD33: =+AB33*AC33+AB34*AC34+AB35*AC35 -> 7812
C34: SABADO | J34: 21 | K34: 21 | L34: 21 | M34: 21 | N34: 21 | O34: 21 | P34: 21 | Q34: 21 | R34: 21 | S34: 21 | T34: 21 | U34: 21 | AB34: =SUM(D34:AA34) -> 252 | AC34: 4
C35: DOMINGO | J35: 21 | K35: 21 | L35: 21 | M35: 21 | N35: 21 | O35: 21 | P35: 21 | Q35: 21 | R35: 21 | S35: 21 | T35: 21 | U35: 21 | AB35: =SUM(D35:AA35) -> 252 | AC35: 6
B36: 47058 | C36: ORDINARIO | J36: 21 | K36: 21 | L36: 21 | M36: 21 | N36: 21 | O36: 21 | P36: 21 | Q36: 21 | R36: 21 | S36: 21 | T36: 21 | U36: 21 | AB36: =SUM(D36:AA36) -> 252 | AC36: 20 | AD36: =+AB36*AC36+AB37*AC37+AB38*AC38 -> 7560
C37: SABADO | J37: 21 | K37: 21 | L37: 21 | M37: 21 | N37: 21 | O37: 21 | P37: 21 | Q37: 21 | R37: 21 | S37: 21 | T37: 21 | U37: 21 | AB37: =SUM(D37:AA37) -> 252 | AC37: 4
C38: DOMINGO | J38: 21 | K38: 21 | L38: 21 | M38: 21 | N38: 21 | O38: 21 | P38: 21 | Q38: 21 | R38: 21 | S38: 21 | T38: 21 | U38: 21 | AB38: =SUM(D38:AA38) -> 252 | AC38: 6
B39: 47088 | C39: ORDINARIO | J39: 21 | K39: 21 | L39: 21 | M39: 21 | N39: 21 | O39: 21 | P39: 21 | Q39: 21 | R39: 21 | S39: 21 | T39: 21 | U39: 21 | AB39: =SUM(D39:AA39) -> 252 | AC39: 19 | AD39: =+AB39*AC39+AB40*AC40+AB41*AC41 -> 7812
C40: SABADO | J40: 21 | K40: 21 | L40: 21 | M40: 21 | N40: 21 | O40: 21 | P40: 21 | Q40: 21 | R40: 21 | S40: 21 | T40: 21 | U40: 21 | AB40: =SUM(D40:AA40) -> 252 | AC40: 5
C41: DOMINGO | J41: 21 | K41: 21 | L41: 21 | M41: 21 | N41: 21 | O41: 21 | P41: 21 | Q41: 21 | R41: 21 | S41: 21 | T41: 21 | U41: 21 | AB41: =SUM(D41:AA41) -> 252 | AC41: 7
AA42: ENERGÍA REQUERIDA | AD42: =SUM(AD6:AD41) -> 92232
B44: ENERGÍA PLANA (H07 A H18) A SOLICITAR AÑO 2029 PARA MERCADO REGULADO (MWh)
B45: MES | C45: DÍA | D45: H1 | E45: H2 | F45: H3 | G45: H4 | H45: H5 | I45: H6 | J45: H7 | K45: H8 | L45: H9 | M45: H10 | N45: H11 | O45: H12 | P45: H13 | Q45: H14 | R45: H15 | S45: H16 | T45: H17 | U45: H18 | V45: H19 | W45: H20 | X45: H21 | Y45: H22 | Z45: H23 | AA45: H24 | AB45: TOTAL | AC45: No. Dias | AD45: TOTAL MES
B46: 47119 | C46: ORDINARIO | J46: 20 | K46: 20 | L46: 20 | M46: 20 | N46: 20 | O46: 20 | P46: 20 | Q46: 20 | R46: 20 | S46: 20 | T46: 20 | U46: 20 | AB46: =SUM(D46:AA46) -> 240 | AC46: 21 | AD46: =+AB46*AC46+AB47*AC47+AB48*AC48 -> 7440
C47: SABADO | J47: 20 | K47: 20 | L47: 20 | M47: 20 | N47: 20 | O47: 20 | P47: 20 | Q47: 20 | R47: 20 | S47: 20 | T47: 20 | U47: 20 | AB47: =SUM(D47:AA47) -> 240 | AC47: 4
C48: DOMINGO | J48: 20 | K48: 20 | L48: 20 | M48: 20 | N48: 20 | O48: 20 | P48: 20 | Q48: 20 | R48: 20 | S48: 20 | T48: 20 | U48: 20 | AB48: =SUM(D48:AA48) -> 240 | AC48: 6
B49: 47150 | C49: ORDINARIO | J49: 20 | K49: 20 | L49: 20 | M49: 20 | N49: 20 | O49: 20 | P49: 20 | Q49: 20 | R49: 20 | S49: 20 | T49: 20 | U49: 20 | AB49: =SUM(D49:AA49) -> 240 | AC49: 20 | AD49: =+AB49*AC49+AB50*AC50+AB51*AC51 -> 6720
C50: SABADO | J50: 20 | K50: 20 | L50: 20 | M50: 20 | N50: 20 | O50: 20 | P50: 20 | Q50: 20 | R50: 20 | S50: 20 | T50: 20 | U50: 20 | AB50: =SUM(D50:AA50) -> 240 | AC50: 4
C51: DOMINGO | J51: 20 | K51: 20 | L51: 20 | M51: 20 | N51: 20 | O51: 20 | P51: 20 | Q51: 20 | R51: 20 | S51: 20 | T51: 20 | U51: 20 | AB51: =SUM(D51:AA51) -> 240 | AC51: 4
B52: 47178 | C52: ORDINARIO | J52: 20 | K52: 20 | L52: 20 | M52: 20 | N52: 20 | O52: 20 | P52: 20 | Q52: 20 | R52: 20 | S52: 20 | T52: 20 | U52: 20 | AB52: =SUM(D52:AA52) -> 240 | AC52: 19 | AD52: =+AB52*AC52+AB53*AC53+AB54*AC54 -> 7440
C53: SABADO | J53: 20 | K53: 20 | L53: 20 | M53: 20 | N53: 20 | O53: 20 | P53: 20 | Q53: 20 | R53: 20 | S53: 20 | T53: 20 | U53: 20 | AB53: =SUM(D53:AA53) -> 240 | AC53: 5
C54: DOMINGO | J54: 20 | K54: 20 | L54: 20 | M54: 20 | N54: 20 | O54: 20 | P54: 20 | Q54: 20 | R54: 20 | S54: 20 | T54: 20 | U54: 20 | AB54: =SUM(D54:AA54) -> 240 | AC54: 7
B55: 47209 | C55: ORDINARIO | J55: 20 | K55: 20 | L55: 20 | M55: 20 | N55: 20 | O55: 20 | P55: 20 | Q55: 20 | R55: 20 | S55: 20 | T55: 20 | U55: 20 | AB55: =SUM(D55:AA55) -> 240 | AC55: 21 | AD55: =+AB55*AC55+AB56*AC56+AB57*AC57 -> 7200
C56: SABADO | J56: 20 | K56: 20 | L56: 20 | M56: 20 | N56: 20 | O56: 20 | P56: 20 | Q56: 20 | R56: 20 | S56: 20 | T56: 20 | U56: 20 | AB56: =SUM(D56:AA56) -> 240 | AC56: 4
C57: DOMINGO | J57: 20 | K57: 20 | L57: 20 | M57: 20 | N57: 20 | O57: 20 | P57: 20 | Q57: 20 | R57: 20 | S57: 20 | T57: 20 | U57: 20 | AB57: =SUM(D57:AA57) -> 240 | AC57: 5
B58: 47239 | C58: ORDINARIO | J58: 20 | K58: 20 | L58: 20 | M58: 20 | N58: 20 | O58: 20 | P58: 20 | Q58: 20 | R58: 20 | S58: 20 | T58: 20 | U58: 20 | AB58: =SUM(D58:AA58) -> 240 | AC58: 21 | AD58: =+AB58*AC58+AB59*AC59+AB60*AC60 -> 7440
C59: SABADO | J59: 20 | K59: 20 | L59: 20 | M59: 20 | N59: 20 | O59: 20 | P59: 20 | Q59: 20 | R59: 20 | S59: 20 | T59: 20 | U59: 20 | AB59: =SUM(D59:AA59) -> 240 | AC59: 4
C60: DOMINGO | J60: 20 | K60: 20 | L60: 20 | M60: 20 | N60: 20 | O60: 20 | P60: 20 | Q60: 20 | R60: 20 | S60: 20 | T60: 20 | U60: 20 | AB60: =SUM(D60:AA60) -> 240 | AC60: 6
B61: 47270 | C61: ORDINARIO | J61: 20 | K61: 20 | L61: 20 | M61: 20 | N61: 20 | O61: 20 | P61: 20 | Q61: 20 | R61: 20 | S61: 20 | T61: 20 | U61: 20 | AB61: =SUM(D61:AA61) -> 240 | AC61: 19 | AD61: =+AB61*AC61+AB62*AC62+AB63*AC63 -> 7200
C62: SABADO | J62: 20 | K62: 20 | L62: 20 | M62: 20 | N62: 20 | O62: 20 | P62: 20 | Q62: 20 | R62: 20 | S62: 20 | T62: 20 | U62: 20 | AB62: =SUM(D62:AA62) -> 240 | AC62: 5
C63: DOMINGO | J63: 20 | K63: 20 | L63: 20 | M63: 20 | N63: 20 | O63: 20 | P63: 20 | Q63: 20 | R63: 20 | S63: 20 | T63: 20 | U63: 20 | AB63: =SUM(D63:AA63) -> 240 | AC63: 6
B64: 47300 | C64: ORDINARIO | J64: 20 | K64: 20 | L64: 20 | M64: 20 | N64: 20 | O64: 20 | P64: 20 | Q64: 20 | R64: 20 | S64: 20 | T64: 20 | U64: 20 | AB64: =SUM(D64:AA64) -> 240 | AC64: 20 | AD64: =+AB64*AC64+AB65*AC65+AB66*AC66 -> 7440
C65: SABADO | J65: 20 | K65: 20 | L65: 20 | M65: 20 | N65: 20 | O65: 20 | P65: 20 | Q65: 20 | R65: 20 | S65: 20 | T65: 20 | U65: 20 | AB65: =SUM(D65:AA65) -> 240 | AC65: 4
C66: DOMINGO | J66: 20 | K66: 20 | L66: 20 | M66: 20 | N66: 20 | O66: 20 | P66: 20 | Q66: 20 | R66: 20 | S66: 20 | T66: 20 | U66: 20 | AB66: =SUM(D66:AA66) -> 240 | AC66: 7
B67: 47331 | C67: ORDINARIO | J67: 20 | K67: 20 | L67: 20 | M67: 20 | N67: 20 | O67: 20 | P67: 20 | Q67: 20 | R67: 20 | S67: 20 | T67: 20 | U67: 20 | AB67: =SUM(D67:AA67) -> 240 | AC67: 21 | AD67: =+AB67*AC67+AB68*AC68+AB69*AC69 -> 7440
C68: SABADO | J68: 20 | K68: 20 | L68: 20 | M68: 20 | N68: 20 | O68: 20 | P68: 20 | Q68: 20 | R68: 20 | S68: 20 | T68: 20 | U68: 20 | AB68: =SUM(D68:AA68) -> 240 | AC68: 4
C69: DOMINGO | J69: 20 | K69: 20 | L69: 20 | M69: 20 | N69: 20 | O69: 20 | P69: 20 | Q69: 20 | R69: 20 | S69: 20 | T69: 20 | U69: 20 | AB69: =SUM(D69:AA69) -> 240 | AC69: 6
B70: 47362 | C70: ORDINARIO | J70: 20 | K70: 20 | L70: 20 | M70: 20 | N70: 20 | O70: 20 | P70: 20 | Q70: 20 | R70: 20 | S70: 20 | T70: 20 | U70: 20 | AB70: =SUM(D70:AA70) -> 240 | AC70: 20 | AD70: =+AB70*AC70+AB71*AC71+AB72*AC72 -> 7200
C71: SABADO | J71: 20 | K71: 20 | L71: 20 | M71: 20 | N71: 20 | O71: 20 | P71: 20 | Q71: 20 | R71: 20 | S71: 20 | T71: 20 | U71: 20 | AB71: =SUM(D71:AA71) -> 240 | AC71: 5
C72: DOMINGO | J72: 20 | K72: 20 | L72: 20 | M72: 20 | N72: 20 | O72: 20 | P72: 20 | Q72: 20 | R72: 20 | S72: 20 | T72: 20 | U72: 20 | AB72: =SUM(D72:AA72) -> 240 | AC72: 5
B73: 47392 | C73: ORDINARIO | J73: 20 | K73: 20 | L73: 20 | M73: 20 | N73: 20 | O73: 20 | P73: 20 | Q73: 20 | R73: 20 | S73: 20 | T73: 20 | U73: 20 | AB73: =SUM(D73:AA73) -> 240 | AC73: 22 | AD73: =+AB73*AC73+AB74*AC74+AB75*AC75 -> 7440
C74: SABADO | J74: 20 | K74: 20 | L74: 20 | M74: 20 | N74: 20 | O74: 20 | P74: 20 | Q74: 20 | R74: 20 | S74: 20 | T74: 20 | U74: 20 | AB74: =SUM(D74:AA74) -> 240 | AC74: 4
C75: DOMINGO | J75: 20 | K75: 20 | L75: 20 | M75: 20 | N75: 20 | O75: 20 | P75: 20 | Q75: 20 | R75: 20 | S75: 20 | T75: 20 | U75: 20 | AB75: =SUM(D75:AA75) -> 240 | AC75: 5
B76: 47423 | C76: ORDINARIO | J76: 20 | K76: 20 | L76: 20 | M76: 20 | N76: 20 | O76: 20 | P76: 20 | Q76: 20 | R76: 20 | S76: 20 | T76: 20 | U76: 20 | AB76: =SUM(D76:AA76) -> 240 | AC76: 20 | AD76: =+AB76*AC76+AB77*AC77+AB78*AC78 -> 7200
C77: SABADO | J77: 20 | K77: 20 | L77: 20 | M77: 20 | N77: 20 | O77: 20 | P77: 20 | Q77: 20 | R77: 20 | S77: 20 | T77: 20 | U77: 20 | AB77: =SUM(D77:AA77) -> 240 | AC77: 4
C78: DOMINGO | J78: 20 | K78: 20 | L78: 20 | M78: 20 | N78: 20 | O78: 20 | P78: 20 | Q78: 20 | R78: 20 | S78: 20 | T78: 20 | U78: 20 | AB78: =SUM(D78:AA78) -> 240 | AC78: 6
B79: 47453 | C79: ORDINARIO | J79: 20 | K79: 20 | L79: 20 | M79: 20 | N79: 20 | O79: 20 | P79: 20 | Q79: 20 | R79: 20 | S79: 20 | T79: 20 | U79: 20 | AB79: =SUM(D79:AA79) -> 240 | AC79: 20 | AD79: =+AB79*AC79+AB80*AC80+AB81*AC81 -> 7440
C80: SABADO | J80: 20 | K80: 20 | L80: 20 | M80: 20 | N80: 20 | O80: 20 | P80: 20 | Q80: 20 | R80: 20 | S80: 20 | T80: 20 | U80: 20 | AB80: =SUM(D80:AA80) -> 240 | AC80: 4
C81: DOMINGO | J81: 20 | K81: 20 | L81: 20 | M81: 20 | N81: 20 | O81: 20 | P81: 20 | Q81: 20 | R81: 20 | S81: 20 | T81: 20 | U81: 20 | AB81: =SUM(D81:AA81) -> 240 | AC81: 7
AA82: ENERGÍA REQUERIDA | AD82: =SUM(AD46:AD81) -> 87600
B84: ENERGÍA PLANA (H07 A H18) A SOLICITAR AÑO 2030 PARA MERCADO REGULADO (MWh)
B85: MES | C85: DÍA | D85: H1 | E85: H2 | F85: H3 | G85: H4 | H85: H5 | I85: H6 | J85: H7 | K85: H8 | L85: H9 | M85: H10 | N85: H11 | O85: H12 | P85: H13 | Q85: H14 | R85: H15 | S85: H16 | T85: H17 | U85: H18 | V85: H19 | W85: H20 | X85: H21 | Y85: H22 | Z85: H23 | AA85: H24 | AB85: TOTAL | AC85: No. Dias | AD85: TOTAL MES
B86: 47484 | C86: ORDINARIO | J86: 20 | K86: 20 | L86: 20 | M86: 20 | N86: 20 | O86: 20 | P86: 20 | Q86: 20 | R86: 20 | S86: 20 | T86: 20 | U86: 20 | AB86: =SUM(D86:AA86) -> 240 | AC86: 21 | AD86: =+AB86*AC86+AB87*AC87+AB88*AC88 -> 7440
C87: SABADO | J87: 20 | K87: 20 | L87: 20 | M87: 20 | N87: 20 | O87: 20 | P87: 20 | Q87: 20 | R87: 20 | S87: 20 | T87: 20 | U87: 20 | AB87: =SUM(D87:AA87) -> 240 | AC87: 4
C88: DOMINGO | J88: 20 | K88: 20 | L88: 20 | M88: 20 | N88: 20 | O88: 20 | P88: 20 | Q88: 20 | R88: 20 | S88: 20 | T88: 20 | U88: 20 | AB88: =SUM(D88:AA88) -> 240 | AC88: 6
B89: 47515 | C89: ORDINARIO | J89: 20 | K89: 20 | L89: 20 | M89: 20 | N89: 20 | O89: 20 | P89: 20 | Q89: 20 | R89: 20 | S89: 20 | T89: 20 | U89: 20 | AB89: =SUM(D89:AA89) -> 240 | AC89: 20 | AD89: =+AB89*AC89+AB90*AC90+AB91*AC91 -> 6720
C90: SABADO | J90: 20 | K90: 20 | L90: 20 | M90: 20 | N90: 20 | O90: 20 | P90: 20 | Q90: 20 | R90: 20 | S90: 20 | T90: 20 | U90: 20 | AB90: =SUM(D90:AA90) -> 240 | AC90: 4
C91: DOMINGO | J91: 20 | K91: 20 | L91: 20 | M91: 20 | N91: 20 | O91: 20 | P91: 20 | Q91: 20 | R91: 20 | S91: 20 | T91: 20 | U91: 20 | AB91: =SUM(D91:AA91) -> 240 | AC91: 4
B92: 47543 | C92: ORDINARIO | J92: 20 | K92: 20 | L92: 20 | M92: 20 | N92: 20 | O92: 20 | P92: 20 | Q92: 20 | R92: 20 | S92: 20 | T92: 20 | U92: 20 | AB92: =SUM(D92:AA92) -> 240 | AC92: 20 | AD92: =+AB92*AC92+AB93*AC93+AB94*AC94 -> 7440
C93: SABADO | J93: 20 | K93: 20 | L93: 20 | M93: 20 | N93: 20 | O93: 20 | P93: 20 | Q93: 20 | R93: 20 | S93: 20 | T93: 20 | U93: 20 | AB93: =SUM(D93:AA93) -> 240 | AC93: 5
C94: DOMINGO | J94: 20 | K94: 20 | L94: 20 | M94: 20 | N94: 20 | O94: 20 | P94: 20 | Q94: 20 | R94: 20 | S94: 20 | T94: 20 | U94: 20 | AB94: =SUM(D94:AA94) -> 240 | AC94: 6
B95: 47574 | C95: ORDINARIO | J95: 20 | K95: 20 | L95: 20 | M95: 20 | N95: 20 | O95: 20 | P95: 20 | Q95: 20 | R95: 20 | S95: 20 | T95: 20 | U95: 20 | AB95: =SUM(D95:AA95) -> 240 | AC95: 20 | AD95: =+AB95*AC95+AB96*AC96+AB97*AC97 -> 7200
C96: SABADO | J96: 20 | K96: 20 | L96: 20 | M96: 20 | N96: 20 | O96: 20 | P96: 20 | Q96: 20 | R96: 20 | S96: 20 | T96: 20 | U96: 20 | AB96: =SUM(D96:AA96) -> 240 | AC96: 4
C97: DOMINGO | J97: 20 | K97: 20 | L97: 20 | M97: 20 | N97: 20 | O97: 20 | P97: 20 | Q97: 20 | R97: 20 | S97: 20 | T97: 20 | U97: 20 | AB97: =SUM(D97:AA97) -> 240 | AC97: 6
B98: 47604 | C98: ORDINARIO | J98: 20 | K98: 20 | L98: 20 | M98: 20 | N98: 20 | O98: 20 | P98: 20 | Q98: 20 | R98: 20 | S98: 20 | T98: 20 | U98: 20 | AB98: =SUM(D98:AA98) -> 240 | AC98: 22 | AD98: =+AB98*AC98+AB99*AC99+AB100*AC100 -> 7440
C99: SABADO | J99: 20 | K99: 20 | L99: 20 | M99: 20 | N99: 20 | O99: 20 | P99: 20 | Q99: 20 | R99: 20 | S99: 20 | T99: 20 | U99: 20 | AB99: =SUM(D99:AA99) -> 240 | AC99: 4
C100: DOMINGO | J100: 20 | K100: 20 | L100: 20 | M100: 20 | N100: 20 | O100: 20 | P100: 20 | Q100: 20 | R100: 20 | S100: 20 | T100: 20 | U100: 20 | AB100: =SUM(D100:AA100) -> 240 | AC100: 5
B101: 47635 | C101: ORDINARIO | J101: 20 | K101: 20 | L101: 20 | M101: 20 | N101: 20 | O101: 20 | P101: 20 | Q101: 20 | R101: 20 | S101: 20 | T101: 20 | U101: 20 | AB101: =SUM(D101:AA101) -> 240 | AC101: 18 | AD101: =+AB101*AC101+AB102*AC102+AB103*AC103 -> 7200
C102: SABADO | J102: 20 | K102: 20 | L102: 20 | M102: 20 | N102: 20 | O102: 20 | P102: 20 | Q102: 20 | R102: 20 | S102: 20 | T102: 20 | U102: 20 | AB102: =SUM(D102:AA102) -> 240 | AC102: 5
C103: DOMINGO | J103: 20 | K103: 20 | L103: 20 | M103: 20 | N103: 20 | O103: 20 | P103: 20 | Q103: 20 | R103: 20 | S103: 20 | T103: 20 | U103: 20 | AB103: =SUM(D103:AA103) -> 240 | AC103: 7
...

Sheet P2_ANEXO_2 - 2028 al 2037
D2: EMPRESAS MUNICIPALES DE CALI- EMCALI EICE ESP
D3: CONVOCATORIA PÚBLICA PARA COMPRA DE ENERGÍA
D4: Código de Convocatoria SICEP No. CP-EMIC2026-001
D6: ANEXO No. 2 CANTIDADES Y PRECIOS OFERTADOS
D8: PRODUCTO 2 - ENERO 2028 A DICIEMBRE 2032
D11: AÑO | E11: Energía solicitada (MWh) | F11: % ofertado | G11: $/kWh
D12: 2028 | E12: ='P2_ANEXO 1 -2028 a 2032'!AD42 -> 92232
D13: 2029 | E13: ='P2_ANEXO 1 -2028 a 2032'!AD82 -> 87600
D14: 2030 | E14: ='P2_ANEXO 1 -2028 a 2032'!AD122 -> 87600
D15: 2031 | E15: ='P2_ANEXO 1 -2028 a 2032'!AD162 -> 91104
D16: 2032 | E16: ='P2_ANEXO 1 -2028 a 2032'!AD202 -> 87840
D17: Total año | E17: =SUM(E12:E16) -> 446376
C20: NOTAS:
C21: 1 | D21: Se debe ofertar el mismo porcentaje de la cantidad solicitada para todos los años.
C22: 2 | D22: Se debe ofertar mínimo el 50% de la energía solicitada
C23: 3 | D23: La energía y los precios a ofertar deben ofrecerse en la modalidad monomia.
C24: 4 | D24: Precios en pesos constantes del mes de mayo de 2026.

Sheet P3_ANEXO 1 -2033 a 2037
B1: ANEXO No. 1 - CANTIDADES DE ENERGÍA HORARIA Y MENSUAL A CONTRATAR
B2: PRODUCTO 3 - ENERO 2033 A DICIEMBRE 2037
B4: ENERGÍA PLANA (H07 A H18) A SOLICITAR AÑO 2033 PARA MERCADO REGULADO (MWh)
B5: MES | C5: DÍA | D5: H1 | E5: H2 | F5: H3 | G5: H4 | H5: H5 | I5: H6 | J5: H7 | K5: H8 | L5: H9 | M5: H10 | N5: H11 | O5: H12 | P5: H13 | Q5: H14 | R5: H15 | S5: H16 | T5: H17 | U5: H18 | V5: H19 | W5: H20 | X5: H21 | Y5: H22 | Z5: H23 | AA5: H24 | AB5: TOTAL | AC5: No. Dias | AD5: TOTAL MES
B6: 48580 | C6: ORDINARIO | J6: 9.86 | K6: 9.86 | L6: 9.86 | M6: 9.86 | N6: 9.86 | O6: 9.86 | P6: 9.86 | Q6: 9.86 | R6: 9.86 | S6: 9.86 | T6: 9.86 | U6: 9.86 | AB6: =SUM(D6:AA6) -> 118.32 | AC6: 19 | AD6: =+AB6*AC6+AB7*AC7+AB8*AC8 -> 3667.92
C7: SABADO | J7: 9.86 | K7: 9.86 | L7: 9.86 | M7: 9.86 | N7: 9.86 | O7: 9.86 | P7: 9.86 | Q7: 9.86 | R7: 9.86 | S7: 9.86 | T7: 9.86 | U7: 9.86 | AB7: =SUM(D7:AA7) -> 118.32 | AC7: 4
C8: DOMINGO | J8: 9.86 | K8: 9.86 | L8: 9.86 | M8: 9.86 | N8: 9.86 | O8: 9.86 | P8: 9.86 | Q8: 9.86 | R8: 9.86 | S8: 9.86 | T8: 9.86 | U8: 9.86 | AB8: =SUM(D8:AA8) -> 118.32 | AC8: 8
B9: 48611 | C9: ORDINARIO | J9: 9.86 | K9: 9.86 | L9: 9.86 | M9: 9.86 | N9: 9.86 | O9: 9.86 | P9: 9.86 | Q9: 9.86 | R9: 9.86 | S9: 9.86 | T9: 9.86 | U9: 9.86 | AB9: =SUM(D9:AA9) -> 118.32 | AC9: 20 | AD9: =+AB9*AC9+AB10*AC10+AB11*AC11 -> 3312.96
C10: SABADO | J10: 9.86 | K10: 9.86 | L10: 9.86 | M10: 9.86 | N10: 9.86 | O10: 9.86 | P10: 9.86 | Q10: 9.86 | R10: 9.86 | S10: 9.86 | T10: 9.86 | U10: 9.86 | AB10: =SUM(D10:AA10) -> 118.32 | AC10: 4
C11: DOMINGO | J11: 9.86 | K11: 9.86 | L11: 9.86 | M11: 9.86 | N11: 9.86 | O11: 9.86 | P11: 9.86 | Q11: 9.86 | R11: 9.86 | S11: 9.86 | T11: 9.86 | U11: 9.86 | AB11: =SUM(D11:AA11) -> 118.32 | AC11: 4
B12: 48639 | C12: ORDINARIO | J12: 9.86 | K12: 9.86 | L12: 9.86 | M12: 9.86 | N12: 9.86 | O12: 9.86 | P12: 9.86 | Q12: 9.86 | R12: 9.86 | S12: 9.86 | T12: 9.86 | U12: 9.86 | AB12: =SUM(D12:AA12) -> 118.32 | AC12: 22 | AD12: =+AB12*AC12+AB13*AC13+AB14*AC14 -> 3667.92
C13: SABADO | J13: 9.86 | K13: 9.86 | L13: 9.86 | M13: 9.86 | N13: 9.86 | O13: 9.86 | P13: 9.86 | Q13: 9.86 | R13: 9.86 | S13: 9.86 | T13: 9.86 | U13: 9.86 | AB13: =SUM(D13:AA13) -> 118.32 | AC13: 3
C14: DOMINGO | J14: 9.86 | K14: 9.86 | L14: 9.86 | M14: 9.86 | N14: 9.86 | O14: 9.86 | P14: 9.86 | Q14: 9.86 | R14: 9.86 | S14: 9.86 | T14: 9.86 | U14: 9.86 | AB14: =SUM(D14:AA14) -> 118.32 | AC14: 6
B15: 48670 | C15: ORDINARIO | J15: 9.86 | K15: 9.86 | L15: 9.86 | M15: 9.86 | N15: 9.86 | O15: 9.86 | P15: 9.86 | Q15: 9.86 | R15: 9.86 | S15: 9.86 | T15: 9.86 | U15: 9.86 | AB15: =SUM(D15:AA15) -> 118.32 | AC15: 19 | AD15: =+AB15*AC15+AB16*AC16+AB17*AC17 -> 3549.6
C16: SABADO | J16: 9.86 | K16: 9.86 | L16: 9.86 | M16: 9.86 | N16: 9.86 | O16: 9.86 | P16: 9.86 | Q16: 9.86 | R16: 9.86 | S16: 9.86 | T16: 9.86 | U16: 9.86 | AB16: =SUM(D16:AA16) -> 118.32 | AC16: 5
C17: DOMINGO | J17: 9.86 | K17: 9.86 | L17: 9.86 | M17: 9.86 | N17: 9.86 | O17: 9.86 | P17: 9.86 | Q17: 9.86 | R17: 9.86 | S17: 9.86 | T17: 9.86 | U17: 9.86 | AB17: =SUM(D17:AA17) -> 118.32 | AC17: 6
B18: 48700 | C18: ORDINARIO | J18: 9.86 | K18: 9.86 | L18: 9.86 | M18: 9.86 | N18: 9.86 | O18: 9.86 | P18: 9.86 | Q18: 9.86 | R18: 9.86 | S18: 9.86 | T18: 9.86 | U18: 9.86 | AB18: =SUM(D18:AA18) -> 118.32 | AC18: 20 | AD18: =+AB18*AC18+AB19*AC19+AB20*AC20 -> 3667.92
C19: SABADO | J19: 9.86 | K19: 9.86 | L19: 9.86 | M19: 9.86 | N19: 9.86 | O19: 9.86 | P19: 9.86 | Q19: 9.86 | R19: 9.86 | S19: 9.86 | T19: 9.86 | U19: 9.86 | AB19: =SUM(D19:AA19) -> 118.32 | AC19: 4
C20: DOMINGO | J20: 9.86 | K20: 9.86 | L20: 9.86 | M20: 9.86 | N20: 9.86 | O20: 9.86 | P20: 9.86 | Q20: 9.86 | R20: 9.86 | S20: 9.86 | T20: 9.86 | U20: 9.86 | AB20: =SUM(D20:AA20) -> 118.32 | AC20: 7
B21: 48731 | C21: ORDINARIO | J21: 9.86 | K21: 9.86 | L21: 9.86 | M21: 9.86 | N21: 9.86 | O21: 9.86 | P21: 9.86 | Q21: 9.86 | R21: 9.86 | S21: 9.86 | T21: 9.86 | U21: 9.86 | AB21: =SUM(D21:AA21) -> 118.32 | AC21: 19 | AD21: =+AB21*AC21+AB22*AC22+AB23*AC23 -> 3549.6
C22: SABADO | J22: 9.86 | K22: 9.86 | L22: 9.86 | M22: 9.86 | N22: 9.86 | O22: 9.86 | P22: 9.86 | Q22: 9.86 | R22: 9.86 | S22: 9.86 | T22: 9.86 | U22: 9.86 | AB22: =SUM(D22:AA22) -> 118.32 | AC22: 4
C23: DOMINGO | J23: 9.86 | K23: 9.86 | L23: 9.86 | M23: 9.86 | N23: 9.86 | O23: 9.86 | P23: 9.86 | Q23: 9.86 | R23: 9.86 | S23: 9.86 | T23: 9.86 | U23: 9.86 | AB23: =SUM(D23:AA23) -> 118.32 | AC23: 7
B24: 48761 | C24: ORDINARIO | J24: 9.86 | K24: 9.86 | L24: 9.86 | M24: 9.86 | N24: 9.86 | O24: 9.86 | P24: 9.86 | Q24: 9.86 | R24: 9.86 | S24: 9.86 | T24: 9.86 | U24: 9.86 | AB24: =SUM(D24:AA24) -> 118.32 | AC24: 19 | AD24: =+AB24*AC24+AB25*AC25+AB26*AC26 -> 3667.92
C25: SABADO | J25: 9.86 | K25: 9.86 | L25: 9.86 | M25: 9.86 | N25: 9.86 | O25: 9.86 | P25: 9.86 | Q25: 9.86 | R25: 9.86 | S25: 9.86 | T25: 9.86 | U25: 9.86 | AB25: =SUM(D25:AA25) -> 118.32 | AC25: 5
C26: DOMINGO | J26: 9.86 | K26: 9.86 | L26: 9.86 | M26: 9.86 | N26: 9.86 | O26: 9.86 | P26: 9.86 | Q26: 9.86 | R26: 9.86 | S26: 9.86 | T26: 9.86 | U26: 9.86 | AB26: =SUM(D26:AA26) -> 118.32 | AC26: 7
B27: 48792 | C27: ORDINARIO | J27: 9.86 | K27: 9.86 | L27: 9.86 | M27: 9.86 | N27: 9.86 | O27: 9.86 | P27: 9.86 | Q27: 9.86 | R27: 9.86 | S27: 9.86 | T27: 9.86 | U27: 9.86 | AB27: =SUM(D27:AA27) -> 118.32 | AC27: 22 | AD27: =+AB27*AC27+AB28*AC28+AB29*AC29 -> 3667.92
C28: SABADO | J28: 9.86 | K28: 9.86 | L28: 9.86 | M28: 9.86 | N28: 9.86 | O28: 9.86 | P28: 9.86 | Q28: 9.86 | R28: 9.86 | S28: 9.86 | T28: 9.86 | U28: 9.86 | AB28: =SUM(D28:AA28) -> 118.32 | AC28: 4
C29: DOMINGO | J29: 9.86 | K29: 9.86 | L29: 9.86 | M29: 9.86 | N29: 9.86 | O29: 9.86 | P29: 9.86 | Q29: 9.86 | R29: 9.86 | S29: 9.86 | T29: 9.86 | U29: 9.86 | AB29: =SUM(D29:AA29) -> 118.32 | AC29: 5
B30: 48823 | C30: ORDINARIO | J30: 9.86 | K30: 9.86 | L30: 9.86 | M30: 9.86 | N30: 9.86 | O30: 9.86 | P30: 9.86 | Q30: 9.86 | R30: 9.86 | S30: 9.86 | T30: 9.86 | U30: 9.86 | AB30: =SUM(D30:AA30) -> 118.32 | AC30: 22 | AD30: =+AB30*AC30+AB31*AC31+AB32*AC32 -> 3549.6
C31: SABADO | J31: 9.86 | K31: 9.86 | L31: 9.86 | M31: 9.86 | N31: 9.86 | O31: 9.86 | P31: 9.86 | Q31: 9.86 | R31: 9.86 | S31: 9.86 | T31: 9.86 | U31: 9.86 | AB31: =SUM(D31:AA31) -> 118.32 | AC31: 4
C32: DOMINGO | J32: 9.86 | K32: 9.86 | L32: 9.86 | M32: 9.86 | N32: 9.86 | O32: 9.86 | P32: 9.86 | Q32: 9.86 | R32: 9.86 | S32: 9.86 | T32: 9.86 | U32: 9.86 | AB32: =SUM(D32:AA32) -> 118.32 | AC32: 4
B33: 48853 | C33: ORDINARIO | J33: 9.86 | K33: 9.86 | L33: 9.86 | M33: 9.86 | N33: 9.86 | O33: 9.86 | P33: 9.86 | Q33: 9.86 | R33: 9.86 | S33: 9.86 | T33: 9.86 | U33: 9.86 | AB33: =SUM(D33:AA33) -> 118.32 | AC33: 19 | AD33: =+AB33*AC33+AB34*AC34+AB35*AC35 -> 3667.92
C34: SABADO | J34: 9.86 | K34: 9.86 | L34: 9.86 | M34: 9.86 | N34: 9.86 | O34: 9.86 | P34: 9.86 | Q34: 9.86 | R34: 9.86 | S34: 9.86 | T34: 9.86 | U34: 9.86 | AB34: =SUM(D34:AA34) -> 118.32 | AC34: 5
C35: DOMINGO | J35: 9.86 | K35: 9.86 | L35: 9.86 | M35: 9.86 | N35: 9.86 | O35: 9.86 | P35: 9.86 | Q35: 9.86 | R35: 9.86 | S35: 9.86 | T35: 9.86 | U35: 9.86 | AB35: =SUM(D35:AA35) -> 118.32 | AC35: 7
B36: 48884 | C36: ORDINARIO | J36: 9.86 | K36: 9.86 | L36: 9.86 | M36: 9.86 | N36: 9.86 | O36: 9.86 | P36: 9.86 | Q36: 9.86 | R36: 9.86 | S36: 9.86 | T36: 9.86 | U36: 9.86 | AB36: =SUM(D36:AA36) -> 118.32 | AC36: 19 | AD36: =+AB36*AC36+AB37*AC37+AB38*AC38 -> 3549.6
C37: SABADO | J37: 9.86 | K37: 9.86 | L37: 9.86 | M37: 9.86 | N37: 9.86 | O37: 9.86 | P37: 9.86 | Q37: 9.86 | R37: 9.86 | S37: 9.86 | T37: 9.86 | U37: 9.86 | AB37: =SUM(D37:AA37) -> 118.32 | AC37: 4
C38: DOMINGO | J38: 9.86 | K38: 9.86 | L38: 9.86 | M38: 9.86 | N38: 9.86 | O38: 9.86 | P38: 9.86 | Q38: 9.86 | R38: 9.86 | S38: 9.86 | T38: 9.86 | U38: 9.86 | AB38: =SUM(D38:AA38) -> 118.32 | AC38: 7
B39: 48914 | C39: ORDINARIO | J39: 9.86 | K39: 9.86 | L39: 9.86 | M39: 9.86 | N39: 9.86 | O39: 9.86 | P39: 9.86 | Q39: 9.86 | R39: 9.86 | S39: 9.86 | T39: 9.86 | U39: 9.86 | AB39: =SUM(D39:AA39) -> 118.32 | AC39: 21 | AD39: =+AB39*AC39+AB40*AC40+AB41*AC41 -> 3667.92
C40: SABADO | J40: 9.86 | K40: 9.86 | L40: 9.86 | M40: 9.86 | N40: 9.86 | O40: 9.86 | P40: 9.86 | Q40: 9.86 | R40: 9.86 | S40: 9.86 | T40: 9.86 | U40: 9.86 | AB40: =SUM(D40:AA40) -> 118.32 | AC40: 5
C41: DOMINGO | J41: 9.86 | K41: 9.86 | L41: 9.86 | M41: 9.86 | N41: 9.86 | O41: 9.86 | P41: 9.86 | Q41: 9.86 | R41: 9.86 | S41: 9.86 | T41: 9.86 | U41: 9.86 | AB41: =SUM(D41:AA41) -> 118.32 | AC41: 5
AA42: ENERGÍA REQUERIDA | AD42: =SUM(AD6:AD41) -> 43186.8
B44: ENERGÍA PLANA (H07 A H18) A SOLICITAR AÑO 2034 PARA MERCADO REGULADO (MWh)
B45: MES | C45: DÍA | D45: H1 | E45: H2 | F45: H3 | G45: H4 | H45: H5 | I45: H6 | J45: H7 | K45: H8 | L45: H9 | M45: H10 | N45: H11 | O45: H12 | P45: H13 | Q45: H14 | R45: H15 | S45: H16 | T45: H17 | U45: H18 | V45: H19 | W45: H20 | X45: H21 | Y45: H22 | Z45: H23 | AA45: H24 | AB45: TOTAL | AC45: No. Dias | AD45: TOTAL MES
B46: 48945 | C46: ORDINARIO | J46: 10 | K46: 10 | L46: 10 | M46: 10 | N46: 10 | O46: 10 | P46: 10 | Q46: 10 | R46: 10 | S46: 10 | T46: 10 | U46: 10 | AB46: =SUM(D46:AA46) -> 120 | AC46: 21 | AD46: =+AB46*AC46+AB47*AC47+AB48*AC48 -> 3720
C47: SABADO | J47: 10 | K47: 10 | L47: 10 | M47: 10 | N47: 10 | O47: 10 | P47: 10 | Q47: 10 | R47: 10 | S47: 10 | T47: 10 | U47: 10 | AB47: =SUM(D47:AA47) -> 120 | AC47: 4
C48: DOMINGO | J48: 10 | K48: 10 | L48: 10 | M48: 10 | N48: 10 | O48: 10 | P48: 10 | Q48: 10 | R48: 10 | S48: 10 | T48: 10 | U48: 10 | AB48: =SUM(D48:AA48) -> 120 | AC48: 6
B49: 48976 | C49: ORDINARIO | J49: 10 | K49: 10 | L49: 10 | M49: 10 | N49: 10 | O49: 10 | P49: 10 | Q49: 10 | R49: 10 | S49: 10 | T49: 10 | U49: 10 | AB49: =SUM(D49:AA49) -> 120 | AC49: 20 | AD49: =+AB49*AC49+AB50*AC50+AB51*AC51 -> 3360
C50: SABADO | J50: 10 | K50: 10 | L50: 10 | M50: 10 | N50: 10 | O50: 10 | P50: 10 | Q50: 10 | R50: 10 | S50: 10 | T50: 10 | U50: 10 | AB50: =SUM(D50:AA50) -> 120 | AC50: 4
C51: DOMINGO | J51: 10 | K51: 10 | L51: 10 | M51: 10 | N51: 10 | O51: 10 | P51: 10 | Q51: 10 | R51: 10 | S51: 10 | T51: 10 | U51: 10 | AB51: =SUM(D51:AA51) -> 120 | AC51: 4
B52: 49004 | C52: ORDINARIO | J52: 10 | K52: 10 | L52: 10 | M52: 10 | N52: 10 | O52: 10 | P52: 10 | Q52: 10 | R52: 10 | S52: 10 | T52: 10 | U52: 10 | AB52: =SUM(D52:AA52) -> 120 | AC52: 22 | AD52: =+AB52*AC52+AB53*AC53+AB54*AC54 -> 3720
C53: SABADO | J53: 10 | K53: 10 | L53: 10 | M53: 10 | N53: 10 | O53: 10 | P53: 10 | Q53: 10 | R53: 10 | S53: 10 | T53: 10 | U53: 10 | AB53: =SUM(D53:AA53) -> 120 | AC53: 4
C54: DOMINGO | J54: 10 | K54: 10 | L54: 10 | M54: 10 | N54: 10 | O54: 10 | P54: 10 | Q54: 10 | R54: 10 | S54: 10 | T54: 10 | U54: 10 | AB54: =SUM(D54:AA54) -> 120 | AC54: 5
B55: 49035 | C55: ORDINARIO | J55: 10 | K55: 10 | L55: 10 | M55: 10 | N55: 10 | O55: 10 | P55: 10 | Q55: 10 | R55: 10 | S55: 10 | T55: 10 | U55: 10 | AB55: =SUM(D55:AA55) -> 120 | AC55: 18 | AD55: =+AB55*AC55+AB56*AC56+AB57*AC57 -> 3600
C56: SABADO | J56: 10 | K56: 10 | L56: 10 | M56: 10 | N56: 10 | O56: 10 | P56: 10 | Q56: 10 | R56: 10 | S56: 10 | T56: 10 | U56: 10 | AB56: =SUM(D56:AA56) -> 120 | AC56: 5
C57: DOMINGO | J57: 10 | K57: 10 | L57: 10 | M57: 10 | N57: 10 | O57: 10 | P57: 10 | Q57: 10 | R57: 10 | S57: 10 | T57: 10 | U57: 10 | AB57: =SUM(D57:AA57) -> 120 | AC57: 7
B58: 49065 | C58: ORDINARIO | J58: 10 | K58: 10 | L58: 10 | M58: 10 | N58: 10 | O58: 10 | P58: 10 | Q58: 10 | R58: 10 | S58: 10 | T58: 10 | U58: 10 | AB58: =SUM(D58:AA58) -> 120 | AC58: 21 | AD58: =+AB58*AC58+AB59*AC59+AB60*AC60 -> 3720
C59: SABADO | J59: 10 | K59: 10 | L59: 10 | M59: 10 | N59: 10 | O59: 10 | P59: 10 | Q59: 10 | R59: 10 | S59: 10 | T59: 10 | U59: 10 | AB59: =SUM(D59:AA59) -> 120 | AC59: 4
C60: DOMINGO | J60: 10 | K60: 10 | L60: 10 | M60: 10 | N60: 10 | O60: 10 | P60: 10 | Q60: 10 | R60: 10 | S60: 10 | T60: 10 | U60: 10 | AB60: =SUM(D60:AA60) -> 120 | AC60: 6
B61: 49096 | C61: ORDINARIO | J61: 10 | K61: 10 | L61: 10 | M61: 10 | N61: 10 | O61: 10 | P61: 10 | Q61: 10 | R61: 10 | S61: 10 | T61: 10 | U61: 10 | AB61: =SUM(D61:AA61) -> 120 | AC61: 20 | AD61: =+AB61*AC61+AB62*AC62+AB63*AC63 -> 3600
C62: SABADO | J62: 10 | K62: 10 | L62: 10 | M62: 10 | N62: 10 | O62: 10 | P62: 10 | Q62: 10 | R62: 10 | S62: 10 | T62: 10 | U62: 10 | AB62: =SUM(D62:AA62) -> 120 | AC62: 4
C63: DOMINGO | J63: 10 | K63: 10 | L63: 10 | M63: 10 | N63: 10 | O63: 10 | P63: 10 | Q63: 10 | R63: 10 | S63: 10 | T63: 10 | U63: 10 | AB63: =SUM(D63:AA63) -> 120 | AC63: 6
B64: 49126 | C64: ORDINARIO | J64: 10 | K64: 10 | L64: 10 | M64: 10 | N64: 10 | O64: 10 | P64: 10 | Q64: 10 | R64: 10 | S64: 10 | T64: 10 | U64: 10 | AB64: =SUM(D64:AA64) -> 120 | AC64: 19 | AD64: =+AB64*AC64+AB65*AC65+AB66*AC66 -> 3720
C65: SABADO | J65: 10 | K65: 10 | L65: 10 | M65: 10 | N65: 10 | O65: 10 | P65: 10 | Q65: 10 | R65: 10 | S65: 10 | T65: 10 | U65: 10 | AB65: =SUM(D65:AA65) -> 120 | AC65: 5
C66: DOMINGO | J66: 10 | K66: 10 | L66: 10 | M66: 10 | N66: 10 | O66: 10 | P66: 10 | Q66: 10 | R66: 10 | S66: 10 | T66: 10 | U66: 10 | AB66: =SUM(D66:AA66) -> 120 | AC66: 7
B67: 49157 | C67: ORDINARIO | J67: 10 | K67: 10 | L67: 10 | M67: 10 | N67: 10 | O67: 10 | P67: 10 | Q67: 10 | R67: 10 | S67: 10 | T67: 10 | U67: 10 | AB67: =SUM(D67:AA67) -> 120 | AC67: 21 | AD67: =+AB67*AC67+AB68*AC68+AB69*AC69 -> 3720
C68: SABADO | J68: 10 | K68: 10 | L68: 10 | M68: 10 | N68: 10 | O68: 10 | P68: 10 | Q68: 10 | R68: 10 | S68: 10 | T68: 10 | U68: 10 | AB68: =SUM(D68:AA68) -> 120 | AC68: 4
C69: DOMINGO | J69: 10 | K69: 10 | L69: 10 | M69: 10 | N69: 10 | O69: 10 | P69: 10 | Q69: 10 | R69: 10 | S69: 10 | T69: 10 | U69: 10 | AB69: =SUM(D69:AA69) -> 120 | AC69: 6
B70: 49188 | C70: ORDINARIO | J70: 10 | K70: 10 | L70: 10 | M70: 10 | N70: 10 | O70: 10 | P70: 10 | Q70: 10 | R70: 10 | S70: 10 | T70: 10 | U70: 10 | AB70: =SUM(D70:AA70) -> 120 | AC70: 21 | AD70: =+AB70*AC70+AB71*AC71+AB72*AC72 -> 3600
C71: SABADO | J71: 10 | K71: 10 | L71: 10 | M71: 10 | N71: 10 | O71: 10 | P71: 10 | Q71: 10 | R71: 10 | S71: 10 | T71: 10 | U71: 10 | AB71: =SUM(D71:AA71) -> 120 | AC71: 5
C72: DOMINGO | J72: 10 | K72: 10 | L72: 10 | M72: 10 | N72: 10 | O72: 10 | P72: 10 | Q72: 10 | R72: 10 | S72: 10 | T72: 10 | U72: 10 | AB72: =SUM(D72:AA72) -> 120 | AC72: 4
B73: 49218 | C73: ORDINARIO | J73: 10 | K73: 10 | L73: 10 | M73: 10 | N73: 10 | O73: 10 | P73: 10 | Q73: 10 | R73: 10 | S73: 10 | T73: 10 | U73: 10 | AB73: =SUM(D73:AA73) -> 120 | AC73: 21 | AD73: =+AB73*AC73+AB74*AC74+AB75*AC75 -> 3720
C74: SABADO | J74: 10 | K74: 10 | L74: 10 | M74: 10 | N74: 10 | O74: 10 | P74: 10 | Q74: 10 | R74: 10 | S74: 10 | T74: 10 | U74: 10 | AB74: =SUM(D74:AA74) -> 120 | AC74: 4
C75: DOMINGO | J75: 10 | K75: 10 | L75: 10 | M75: 10 | N75: 10 | O75: 10 | P75: 10 | Q75: 10 | R75: 10 | S75: 10 | T75: 10 | U75: 10 | AB75: =SUM(D75:AA75) -> 120 | AC75: 6
B76: 49249 | C76: ORDINARIO | J76: 10 | K76: 10 | L76: 10 | M76: 10 | N76: 10 | O76: 10 | P76: 10 | Q76: 10 | R76: 10 | S76: 10 | T76: 10 | U76: 10 | AB76: =SUM(D76:AA76) -> 120 | AC76: 20 | AD76: =+AB76*AC76+AB77*AC77+AB78*AC78 -> 3600
C77: SABADO | J77: 10 | K77: 10 | L77: 10 | M77: 10 | N77: 10 | O77: 10 | P77: 10 | Q77: 10 | R77: 10 | S77: 10 | T77: 10 | U77: 10 | AB77: =SUM(D77:AA77) -> 120 | AC77: 4
C78: DOMINGO | J78: 10 | K78: 10 | L78: 10 | M78: 10 | N78: 10 | O78: 10 | P78: 10 | Q78: 10 | R78: 10 | S78: 10 | T78: 10 | U78: 10 | AB78: =SUM(D78:AA78) -> 120 | AC78: 6
B79: 49279 | C79: ORDINARIO | J79: 10 | K79: 10 | L79: 10 | M79: 10 | N79: 10 | O79: 10 | P79: 10 | Q79: 10 | R79: 10 | S79: 10 | T79: 10 | U79: 10 | AB79: =SUM(D79:AA79) -> 120 | AC79: 19 | AD79: =+AB79*AC79+AB80*AC80+AB81*AC81 -> 3720
C80: SABADO | J80: 10 | K80: 10 | L80: 10 | M80: 10 | N80: 10 | O80: 10 | P80: 10 | Q80: 10 | R80: 10 | S80: 10 | T80: 10 | U80: 10 | AB80: =SUM(D80:AA80) -> 120 | AC80: 5
C81: DOMINGO | J81: 10 | K81: 10 | L81: 10 | M81: 10 | N81: 10 | O81: 10 | P81: 10 | Q81: 10 | R81: 10 | S81: 10 | T81: 10 | U81: 10 | AB81: =SUM(D81:AA81) -> 120 | AC81: 7
AA82: ENERGÍA REQUERIDA | AD82: =SUM(AD46:AD81) -> 43800
B84: ENERGÍA PLANA (H07 A H18) A SOLICITAR AÑO 2035 PARA MERCADO REGULADO (MWh)
B85: MES | C85: DÍA | D85: H1 | E85: H2 | F85: H3 | G85: H4 | H85: H5 | I85: H6 | J85: H7 | K85: H8 | L85: H9 | M85: H10 | N85: H11 | O85: H12 | P85: H13 | Q85: H14 | R85: H15 | S85: H16 | T85: H17 | U85: H18 | V85: H19 | W85: H20 | X85: H21 | Y85: H22 | Z85: H23 | AA85: H24 | AB85: TOTAL | AC85: No. Dias | AD85: TOTAL MES
B86: 49310 | C86: ORDINARIO | J86: 10 | K86: 10 | L86: 10 | M86: 10 | N86: 10 | O86: 10 | P86: 10 | Q86: 10 | R86: 10 | S86: 10 | T86: 10 | U86: 10 | AB86: =SUM(D86:AA86) -> 120 | AC86: 21 | AD86: =+AB86*AC86+AB87*AC87+AB88*AC88 -> 3720
C87: SABADO | J87: 10 | K87: 10 | L87: 10 | M87: 10 | N87: 10 | O87: 10 | P87: 10 | Q87: 10 | R87: 10 | S87: 10 | T87: 10 | U87: 10 | AB87: =SUM(D87:AA87) -> 120 | AC87: 4
C88: DOMINGO | J88: 10 | K88: 10 | L88: 10 | M88: 10 | N88: 10 | O88: 10 | P88: 10 | Q88: 10 | R88: 10 | S88: 10 | T88: 10 | U88: 10 | AB88: =SUM(D88:AA88) -> 120 | AC88: 6
B89: 49341 | C89: ORDINARIO | J89: 10 | K89: 10 | L89: 10 | M89: 10 | N89: 10 | O89: 10 | P89: 10 | Q89: 10 | R89: 10 | S89: 10 | T89: 10 | U89: 10 | AB89: =SUM(D89:AA89) -> 120 | AC89: 20 | AD89: =+AB89*AC89+AB90*AC90+AB91*AC91 -> 3360
C90: SABADO | J90: 10 | K90: 10 | L90: 10 | M90: 10 | N90: 10 | O90: 10 | P90: 10 | Q90: 10 | R90: 10 | S90: 10 | T90: 10 | U90: 10 | AB90: =SUM(D90:AA90) -> 120 | AC90: 4
C91: DOMINGO | J91: 10 | K91: 10 | L91: 10 | M91: 10 | N91: 10 | O91: 10 | P91: 10 | Q91: 10 | R91: 10 | S91: 10 | T91: 10 | U91: 10 | AB91: =SUM(D91:AA91) -> 120 | AC91: 4
B92: 49369 | C92: ORDINARIO | J92: 10 | K92: 10 | L92: 10 | M92: 10 | N92: 10 | O92: 10 | P92: 10 | Q92: 10 | R92: 10 | S92: 10 | T92: 10 | U92: 10 | AB92: =SUM(D92:AA92) -> 120 | AC92: 19 | AD92: =+AB92*AC92+AB93*AC93+AB94*AC94 -> 3720
C93: SABADO | J93: 10 | K93: 10 | L93: 10 | M93: 10 | N93: 10 | O93: 10 | P93: 10 | Q93: 10 | R93: 10 | S93: 10 | T93: 10 | U93: 10 | AB93: =SUM(D93:AA93) -> 120 | AC93: 5
C94: DOMINGO | J94: 10 | K94: 10 | L94: 10 | M94: 10 | N94: 10 | O94: 10 | P94: 10 | Q94: 10 | R94: 10 | S94: 10 | T94: 10 | U94: 10 | AB94: =SUM(D94:AA94) -> 120 | AC94: 7
B95: 49400 | C95: ORDINARIO | J95: 10 | K95: 10 | L95: 10 | M95: 10 | N95: 10 | O95: 10 | P95: 10 | Q95: 10 | R95: 10 | S95: 10 | T95: 10 | U95: 10 | AB95: =SUM(D95:AA95) -> 120 | AC95: 21 | AD95: =+AB95*AC95+AB96*AC96+AB97*AC97 -> 3600
C96: SABADO | J96: 10 | K96: 10 | L96: 10 | M96: 10 | N96: 10 | O96: 10 | P96: 10 | Q96: 10 | R96: 10 | S96: 10 | T96: 10 | U96: 10 | AB96: =SUM(D96:AA96) -> 120 | AC96: 4
C97: DOMINGO | J97: 10 | K97: 10 | L97: 10 | M97: 10 | N97: 10 | O97: 10 | P97: 10 | Q97: 10 | R97: 10 | S97: 10 | T97: 10 | U97: 10 | AB97: =SUM(D97:AA97) -> 120 | AC97: 5
B98: 49430 | C98: ORDINARIO | J98: 10 | K98: 10 | L98: 10 | M98: 10 | N98: 10 | O98: 10 | P98: 10 | Q98: 10 | R98: 10 | S98: 10 | T98: 10 | U98: 10 | AB98: =SUM(D98:AA98) -> 120 | AC98: 20 | AD98: =+AB98*AC98+AB99*AC99+AB100*AC100 -> 3720
C99: SABADO | J99: 10 | K99: 10 | L99: 10 | M99: 10 | N99: 10 | O99: 10 | P99: 10 | Q99: 10 | R99: 10 | S99: 10 | T99: 10 | U99: 10 | AB99: =SUM(D99:AA99) -> 120 | AC99: 4
C100: DOMINGO | J100: 10 | K100: 10 | L100: 10 | M100: 10 | N100: 10 | O100: 10 | P100: 10 | Q100: 10 | R100: 10 | S100: 10 | T100: 10 | U100: 10 | AB100: =SUM(D100:AA100) -> 120 | AC100: 7
B101: 49461 | C101: ORDINARIO | J101: 10 | K101: 10 | L101: 10 | M101: 10 | N101: 10 | O101: 10 | P101: 10 | Q101: 10 | R101: 10 | S101: 10 | T101: 10 | U101: 10 | AB101: =SUM(D101:AA101) -> 120 | AC101: 21 | AD101: =+AB101*AC101+AB102*AC102+AB103*AC103 -> 3600
C102: SABADO | J102: 10 | K102: 10 | L102: 10 | M102: 10 | N102: 10 | O102: 10 | P102: 10 | Q102: 10 | R102: 10 | S102: 10 | T102: 10 | U102: 10 | AB102: =SUM(D102:AA102) -> 120 | AC102: 5
C103: DOMINGO | J103: 10 | K103: 10 | L103: 10 | M103: 10 | N103: 10 | O103: 10 | P103: 10 | Q103: 10 | R103: 10 | S103: 10 | T103: 10 | U103: 10 | AB103: =SUM(D103:AA103) -> 120 | AC103: 4
...

Sheet P3_ANEXO_2 - 2033 al 2037
D2: EMPRESAS MUNICIPALES DE CALI- EMCALI EICE ESP
D3: CONVOCATORIA PÚBLICA PARA COMPRA DE ENERGÍA
D4: Código de Convocatoria SICEP No. CP-EMIC2026-001
D6: ANEXO No. 2 CANTIDADES Y PRECIOS OFERTADOS
D8: PRODUCTO 3 - ENERO 2033 A DICIEMBRE 2037
D11: AÑO | E11: Energía solicitada (MWh) | F11: % ofertado | G11: $/kWh
D12: 2033 | E12: ='P3_ANEXO 1 -2033 a 2037'!AD42 -> 43186.8
D13: 2034 | E13: ='P3_ANEXO 1 -2033 a 2037'!AD82 -> 43800
D14: 2035 | E14: ='P3_ANEXO 1 -2033 a 2037'!AD122 -> 43800
D15: 2036 | E15: ='P3_ANEXO 1 -2033 a 2037'!AD162 -> 43920
D16: 2037 | E16: ='P3_ANEXO 1 -2033 a 2037'!AD202 -> 43800
D17: Total año | E17: =SUM(E12:E16) -> 218506.8
C20: NOTAS:
C21: 1 | D21: Se debe ofertar el mismo porcentaje de la cantidad solicitada para todos los años
C22: 2 | D22: Se debe ofertar mínimo el 50% de la energía solicitada
C23: 3 | D23: La energía y los precios a ofertar deben ofrecerse en la modalidad monomia.
C24: 4 | D24: Precios en pesos constantes del mes de mayo de 2026.

Sheet P4_ANEXO 1 -2033 a 2037
B1: ANEXO No. 1 - CANTIDADES DE ENERGÍA HORARIA Y MENSUAL A CONTRATAR
B2: PRODUCTO 4 - ENERO 2033 A DICIEMBRE 2037
B4: ENERGÍA PLANA 24 HORAS A SOLICITAR AÑO 2033 PARA MERCADO REGULADO (MWh)
B5: MES | C5: DÍA | D5: H1 | E5: H2 | F5: H3 | G5: H4 | H5: H5 | I5: H6 | J5: H7 | K5: H8 | L5: H9 | M5: H10 | N5: H11 | O5: H12 | P5: H13 | Q5: H14 | R5: H15 | S5: H16 | T5: H17 | U5: H18 | V5: H19 | W5: H20 | X5: H21 | Y5: H22 | Z5: H23 | AA5: H24 | AB5: TOTAL | AC5: No. Dias | AD5: TOTAL MES
B6: 48580 | C6: ORDINARIO | D6: 22.83 | E6: 22.83 | F6: 22.83 | G6: 22.83 | H6: 22.83 | I6: 22.83 | J6: 22.83 | K6: 22.83 | L6: 22.83 | M6: 22.83 | N6: 22.83 | O6: 22.83 | P6: 22.83 | Q6: 22.83 | R6: 22.83 | S6: 22.83 | T6: 22.83 | U6: 22.83 | V6: 22.83 | W6: 22.83 | X6: 22.83 | Y6: 22.83 | Z6: 22.83 | AA6: 22.83 | AB6: =SUM(D6:AA6) -> 547.92 | AC6: 19 | AD6: =+AB6*AC6+AB7*AC7+AB8*AC8 -> 16985.52
C7: SABADO | D7: 22.83 | E7: 22.83 | F7: 22.83 | G7: 22.83 | H7: 22.83 | I7: 22.83 | J7: 22.83 | K7: 22.83 | L7: 22.83 | M7: 22.83 | N7: 22.83 | O7: 22.83 | P7: 22.83 | Q7: 22.83 | R7: 22.83 | S7: 22.83 | T7: 22.83 | U7: 22.83 | V7: 22.83 | W7: 22.83 | X7: 22.83 | Y7: 22.83 | Z7: 22.83 | AA7: 22.83 | AB7: =SUM(D7:AA7) -> 547.92 | AC7: 4
C8: DOMINGO | D8: 22.83 | E8: 22.83 | F8: 22.83 | G8: 22.83 | H8: 22.83 | I8: 22.83 | J8: 22.83 | K8: 22.83 | L8: 22.83 | M8: 22.83 | N8: 22.83 | O8: 22.83 | P8: 22.83 | Q8: 22.83 | R8: 22.83 | S8: 22.83 | T8: 22.83 | U8: 22.83 | V8: 22.83 | W8: 22.83 | X8: 22.83 | Y8: 22.83 | Z8: 22.83 | AA8: 22.83 | AB8: =SUM(D8:AA8) -> 547.92 | AC8: 8
B9: 48611 | C9: ORDINARIO | D9: 22.83 | E9: 22.83 | F9: 22.83 | G9: 22.83 | H9: 22.83 | I9: 22.83 | J9: 22.83 | K9: 22.83 | L9: 22.83 | M9: 22.83 | N9: 22.83 | O9: 22.83 | P9: 22.83 | Q9: 22.83 | R9: 22.83 | S9: 22.83 | T9: 22.83 | U9: 22.83 | V9: 22.83 | W9: 22.83 | X9: 22.83 | Y9: 22.83 | Z9: 22.83 | AA9: 22.83 | AB9: =SUM(D9:AA9) -> 547.92 | AC9: 20 | AD9: =+AB9*AC9+AB10*AC10+AB11*AC11 -> 15341.76
C10: SABADO | D10: 22.83 | E10: 22.83 | F10: 22.83 | G10: 22.83 | H10: 22.83 | I10: 22.83 | J10: 22.83 | K10: 22.83 | L10: 22.83 | M10: 22.83 | N10: 22.83 | O10: 22.83 | P10: 22.83 | Q10: 22.83 | R10: 22.83 | S10: 22.83 | T10: 22.83 | U10: 22.83 | V10: 22.83 | W10: 22.83 | X10: 22.83 | Y10: 22.83 | Z10: 22.83 | AA10: 22.83 | AB10: =SUM(D10:AA10) -> 547.92 | AC10: 4
C11: DOMINGO | D11: 22.83 | E11: 22.83 | F11: 22.83 | G11: 22.83 | H11: 22.83 | I11: 22.83 | J11: 22.83 | K11: 22.83 | L11: 22.83 | M11: 22.83 | N11: 22.83 | O11: 22.83 | P11: 22.83 | Q11: 22.83 | R11: 22.83 | S11: 22.83 | T11: 22.83 | U11: 22.83 | V11: 22.83 | W11: 22.83 | X11: 22.83 | Y11: 22.83 | Z11: 22.83 | AA11: 22.83 | AB11: =SUM(D11:AA11) -> 547.92 | AC11: 4
B12: 48639 | C12: ORDINARIO | D12: 22.83 | E12: 22.83 | F12: 22.83 | G12: 22.83 | H12: 22.83 | I12: 22.83 | J12: 22.83 | K12: 22.83 | L12: 22.83 | M12: 22.83 | N12: 22.83 | O12: 22.83 | P12: 22.83 | Q12: 22.83 | R12: 22.83 | S12: 22.83 | T12: 22.83 | U12: 22.83 | V12: 22.83 | W12: 22.83 | X12: 22.83 | Y12: 22.83 | Z12: 22.83 | AA12: 22.83 | AB12: =SUM(D12:AA12) -> 547.92 | AC12: 22 | AD12: =+AB12*AC12+AB13*AC13+AB14*AC14 -> 16985.52
C13: SABADO | D13: 22.83 | E13: 22.83 | F13: 22.83 | G13: 22.83 | H13: 22.83 | I13: 22.83 | J13: 22.83 | K13: 22.83 | L13: 22.83 | M13: 22.83 | N13: 22.83 | O13: 22.83 | P13: 22.83 | Q13: 22.83 | R13: 22.83 | S13: 22.83 | T13: 22.83 | U13: 22.83 | V13: 22.83 | W13: 22.83 | X13: 22.83 | Y13: 22.83 | Z13: 22.83 | AA13: 22.83 | AB13: =SUM(D13:AA13) -> 547.92 | AC13: 3
C14: DOMINGO | D14: 22.83 | E14: 22.83 | F14: 22.83 | G14: 22.83 | H14: 22.83 | I14: 22.83 | J14: 22.83 | K14: 22.83 | L14: 22.83 | M14: 22.83 | N14: 22.83 | O14: 22.83 | P14: 22.83 | Q14: 22.83 | R14: 22.83 | S14: 22.83 | T14: 22.83 | U14: 22.83 | V14: 22.83 | W14: 22.83 | X14: 22.83 | Y14: 22.83 | Z14: 22.83 | AA14: 22.83 | AB14: =SUM(D14:AA14) -> 547.92 | AC14: 6
B15: 48670 | C15: ORDINARIO | D15: 22.83 | E15: 22.83 | F15: 22.83 | G15: 22.83 | H15: 22.83 | I15: 22.83 | J15: 22.83 | K15: 22.83 | L15: 22.83 | M15: 22.83 | N15: 22.83 | O15: 22.83 | P15: 22.83 | Q15: 22.83 | R15: 22.83 | S15: 22.83 | T15: 22.83 | U15: 22.83 | V15: 22.83 | W15: 22.83 | X15: 22.83 | Y15: 22.83 | Z15: 22.83 | AA15: 22.83 | AB15: =SUM(D15:AA15) -> 547.92 | AC15: 19 | AD15: =+AB15*AC15+AB16*AC16+AB17*AC17 -> 16437.6
C16: SABADO | D16: 22.83 | E16: 22.83 | F16: 22.83 | G16: 22.83 | H16: 22.83 | I16: 22.83 | J16: 22.83 | K16: 22.83 | L16: 22.83 | M16: 22.83 | N16: 22.83 | O16: 22.83 | P16: 22.83 | Q16: 22.83 | R16: 22.83 | S16: 22.83 | T16: 22.83 | U16: 22.83 | V16: 22.83 | W16: 22.83 | X16: 22.83 | Y16: 22.83 | Z16: 22.83 | AA16: 22.83 | AB16: =SUM(D16:AA16) -> 547.92 | AC16: 5
C17: DOMINGO | D17: 22.83 | E17: 22.83 | F17: 22.83 | G17: 22.83 | H17: 22.83 | I17: 22.83 | J17: 22.83 | K17: 22.83 | L17: 22.83 | M17: 22.83 | N17: 22.83 | O17: 22.83 | P17: 22.83 | Q17: 22.83 | R17: 22.83 | S17: 22.83 | T17: 22.83 | U17: 22.83 | V17: 22.83 | W17: 22.83 | X17: 22.83 | Y17: 22.83 | Z17: 22.83 | AA17: 22.83 | AB17: =SUM(D17:AA17) -> 547.92 | AC17: 6
B18: 48700 | C18: ORDINARIO | D18: 22.83 | E18: 22.83 | F18: 22.83 | G18: 22.83 | H18: 22.83 | I18: 22.83 | J18: 22.83 | K18: 22.83 | L18: 22.83 | M18: 22.83 | N18: 22.83 | O18: 22.83 | P18: 22.83 | Q18: 22.83 | R18: 22.83 | S18: 22.83 | T18: 22.83 | U18: 22.83 | V18: 22.83 | W18: 22.83 | X18: 22.83 | Y18: 22.83 | Z18: 22.83 | AA18: 22.83 | AB18: =SUM(D18:AA18) -> 547.92 | AC18: 20 | AD18: =+AB18*AC18+AB19*AC19+AB20*AC20 -> 16985.52
C19: SABADO | D19: 22.83 | E19: 22.83 | F19: 22.83 | G19: 22.83 | H19: 22.83 | I19: 22.83 | J19: 22.83 | K19: 22.83 | L19: 22.83 | M19: 22.83 | N19: 22.83 | O19: 22.83 | P19: 22.83 | Q19: 22.83 | R19: 22.83 | S19: 22.83 | T19: 22.83 | U19: 22.83 | V19: 22.83 | W19: 22.83 | X19: 22.83 | Y19: 22.83 | Z19: 22.83 | AA19: 22.83 | AB19: =SUM(D19:AA19) -> 547.92 | AC19: 4
C20: DOMINGO | D20: 22.83 | E20: 22.83 | F20: 22.83 | G20: 22.83 | H20: 22.83 | I20: 22.83 | J20: 22.83 | K20: 22.83 | L20: 22.83 | M20: 22.83 | N20: 22.83 | O20: 22.83 | P20: 22.83 | Q20: 22.83 | R20: 22.83 | S20: 22.83 | T20: 22.83 | U20: 22.83 | V20: 22.83 | W20: 22.83 | X20: 22.83 | Y20: 22.83 | Z20: 22.83 | AA20: 22.83 | AB20: =SUM(D20:AA20) -> 547.92 | AC20: 7
B21: 48731 | C21: ORDINARIO | D21: 22.83 | E21: 22.83 | F21: 22.83 | G21: 22.83 | H21: 22.83 | I21: 22.83 | J21: 22.83 | K21: 22.83 | L21: 22.83 | M21: 22.83 | N21: 22.83 | O21: 22.83 | P21: 22.83 | Q21: 22.83 | R21: 22.83 | S21: 22.83 | T21: 22.83 | U21: 22.83 | V21: 22.83 | W21: 22.83 | X21: 22.83 | Y21: 22.83 | Z21: 22.83 | AA21: 22.83 | AB21: =SUM(D21:AA21) -> 547.92 | AC21: 19 | AD21: =+AB21*AC21+AB22*AC22+AB23*AC23 -> 16437.6
C22: SABADO | D22: 22.83 | E22: 22.83 | F22: 22.83 | G22: 22.83 | H22: 22.83 | I22: 22.83 | J22: 22.83 | K22: 22.83 | L22: 22.83 | M22: 22.83 | N22: 22.83 | O22: 22.83 | P22: 22.83 | Q22: 22.83 | R22: 22.83 | S22: 22.83 | T22: 22.83 | U22: 22.83 | V22: 22.83 | W22: 22.83 | X22: 22.83 | Y22: 22.83 | Z22: 22.83 | AA22: 22.83 | AB22: =SUM(D22:AA22) -> 547.92 | AC22: 4
C23: DOMINGO | D23: 22.83 | E23: 22.83 | F23: 22.83 | G23: 22.83 | H23: 22.83 | I23: 22.83 | J23: 22.83 | K23: 22.83 | L23: 22.83 | M23: 22.83 | N23: 22.83 | O23: 22.83 | P23: 22.83 | Q23: 22.83 | R23: 22.83 | S23: 22.83 | T23: 22.83 | U23: 22.83 | V23: 22.83 | W23: 22.83 | X23: 22.83 | Y23: 22.83 | Z23: 22.83 | AA23: 22.83 | AB23: =SUM(D23:AA23) -> 547.92 | AC23: 7
B24: 48761 | C24: ORDINARIO | D24: 22.83 | E24: 22.83 | F24: 22.83 | G24: 22.83 | H24: 22.83 | I24: 22.83 | J24: 22.83 | K24: 22.83 | L24: 22.83 | M24: 22.83 | N24: 22.83 | O24: 22.83 | P24: 22.83 | Q24: 22.83 | R24: 22.83 | S24: 22.83 | T24: 22.83 | U24: 22.83 | V24: 22.83 | W24: 22.83 | X24: 22.83 | Y24: 22.83 | Z24: 22.83 | AA24: 22.83 | AB24: =SUM(D24:AA24) -> 547.92 | AC24: 19 | AD24: =+AB24*AC24+AB25*AC25+AB26*AC26 -> 16985.52
C25: SABADO | D25: 22.83 | E25: 22.83 | F25: 22.83 | G25: 22.83 | H25: 22.83 | I25: 22.83 | J25: 22.83 | K25: 22.83 | L25: 22.83 | M25: 22.83 | N25: 22.83 | O25: 22.83 | P25: 22.83 | Q25: 22.83 | R25: 22.83 | S25: 22.83 | T25: 22.83 | U25: 22.83 | V25: 22.83 | W25: 22.83 | X25: 22.83 | Y25: 22.83 | Z25: 22.83 | AA25: 22.83 | AB25: =SUM(D25:AA25) -> 547.92 | AC25: 5
C26: DOMINGO | D26: 22.83 | E26: 22.83 | F26: 22.83 | G26: 22.83 | H26: 22.83 | I26: 22.83 | J26: 22.83 | K26: 22.83 | L26: 22.83 | M26: 22.83 | N26: 22.83 | O26: 22.83 | P26: 22.83 | Q26: 22.83 | R26: 22.83 | S26: 22.83 | T26: 22.83 | U26: 22.83 | V26: 22.83 | W26: 22.83 | X26: 22.83 | Y26: 22.83 | Z26: 22.83 | AA26: 22.83 | AB26: =SUM(D26:AA26) -> 547.92 | AC26: 7
B27: 48792 | C27: ORDINARIO | D27: 22.83 | E27: 22.83 | F27: 22.83 | G27: 22.83 | H27: 22.83 | I27: 22.83 | J27: 22.83 | K27: 22.83 | L27: 22.83 | M27: 22.83 | N27: 22.83 | O27: 22.83 | P27: 22.83 | Q27: 22.83 | R27: 22.83 | S27: 22.83 | T27: 22.83 | U27: 22.83 | V27: 22.83 | W27: 22.83 | X27: 22.83 | Y27: 22.83 | Z27: 22.83 | AA27: 22.83 | AB27: =SUM(D27:AA27) -> 547.92 | AC27: 22 | AD27: =+AB27*AC27+AB28*AC28+AB29*AC29 -> 16985.52
C28: SABADO | D28: 22.83 | E28: 22.83 | F28: 22.83 | G28: 22.83 | H28: 22.83 | I28: 22.83 | J28: 22.83 | K28: 22.83 | L28: 22.83 | M28: 22.83 | N28: 22.83 | O28: 22.83 | P28: 22.83 | Q28: 22.83 | R28: 22.83 | S28: 22.83 | T28: 22.83 | U28: 22.83 | V28: 22.83 | W28: 22.83 | X28: 22.83 | Y28: 22.83 | Z28: 22.83 | AA28: 22.83 | AB28: =SUM(D28:AA28) -> 547.92 | AC28: 4
C29: DOMINGO | D29: 22.83 | E29: 22.83 | F29: 22.83 | G29: 22.83 | H29: 22.83 | I29: 22.83 | J29: 22.83 | K29: 22.83 | L29: 22.83 | M29: 22.83 | N29: 22.83 | O29: 22.83 | P29: 22.83 | Q29: 22.83 | R29: 22.83 | S29: 22.83 | T29: 22.83 | U29: 22.83 | V29: 22.83 | W29: 22.83 | X29: 22.83 | Y29: 22.83 | Z29: 22.83 | AA29: 22.83 | AB29: =SUM(D29:AA29) -> 547.92 | AC29: 5
B30: 48823 | C30: ORDINARIO | D30: 22.83 | E30: 22.83 | F30: 22.83 | G30: 22.83 | H30: 22.83 | I30: 22.83 | J30: 22.83 | K30: 22.83 | L30: 22.83 | M30: 22.83 | N30: 22.83 | O30: 22.83 | P30: 22.83 | Q30: 22.83 | R30: 22.83 | S30: 22.83 | T30: 22.83 | U30: 22.83 | V30: 22.83 | W30: 22.83 | X30: 22.83 | Y30: 22.83 | Z30: 22.83 | AA30: 22.83 | AB30: =SUM(D30:AA30) -> 547.92 | AC30: 22 | AD30: =+AB30*AC30+AB31*AC31+AB32*AC32 -> 16437.6
C31: SABADO | D31: 22.83 | E31: 22.83 | F31: 22.83 | G31: 22.83 | H31: 22.83 | I31: 22.83 | J31: 22.83 | K31: 22.83 | L31: 22.83 | M31: 22.83 | N31: 22.83 | O31: 22.83 | P31: 22.83 | Q31: 22.83 | R31: 22.83 | S31: 22.83 | T31: 22.83 | U31: 22.83 | V31: 22.83 | W31: 22.83 | X31: 22.83 | Y31: 22.83 | Z31: 22.83 | AA31: 22.83 | AB31: =SUM(D31:AA31) -> 547.92 | AC31: 4
C32: DOMINGO | D32: 22.83 | E32: 22.83 | F32: 22.83 | G32: 22.83 | H32: 22.83 | I32: 22.83 | J32: 22.83 | K32: 22.83 | L32: 22.83 | M32: 22.83 | N32: 22.83 | O32: 22.83 | P32: 22.83 | Q32: 22.83 | R32: 22.83 | S32: 22.83 | T32: 22.83 | U32: 22.83 | V32: 22.83 | W32: 22.83 | X32: 22.83 | Y32: 22.83 | Z32: 22.83 | AA32: 22.83 | AB32: =SUM(D32:AA32) -> 547.92 | AC32: 4
B33: 48853 | C33: ORDINARIO | D33: 22.83 | E33: 22.83 | F33: 22.83 | G33: 22.83 | H33: 22.83 | I33: 22.83 | J33: 22.83 | K33: 22.83 | L33: 22.83 | M33: 22.83 | N33: 22.83 | O33: 22.83 | P33: 22.83 | Q33: 22.83 | R33: 22.83 | S33: 22.83 | T33: 22.83 | U33: 22.83 | V33: 22.83 | W33: 22.83 | X33: 22.83 | Y33: 22.83 | Z33: 22.83 | AA33: 22.83 | AB33: =SUM(D33:AA33) -> 547.92 | AC33: 19 | AD33: =+AB33*AC33+AB34*AC34+AB35*AC35 -> 16985.52
C34: SABADO | D34: 22.83 | E34: 22.83 | F34: 22.83 | G34: 22.83 | H34: 22.83 | I34: 22.83 | J34: 22.83 | K34: 22.83 | L34: 22.83 | M34: 22.83 | N34: 22.83 | O34: 22.83 | P34: 22.83 | Q34: 22.83 | R34: 22.83 | S34: 22.83 | T34: 22.83 | U34: 22.83 | V34: 22.83 | W34: 22.83 | X34: 22.83 | Y34: 22.83 | Z34: 22.83 | AA34: 22.83 | AB34: =SUM(D34:AA34) -> 547.92 | AC34: 5
C35: DOMINGO | D35: 22.83 | E35: 22.83 | F35: 22.83 | G35: 22.83 | H35: 22.83 | I35: 22.83 | J35: 22.83 | K35: 22.83 | L35: 22.83 | M35: 22.83 | N35: 22.83 | O35: 22.83 | P35: 22.83 | Q35: 22.83 | R35: 22.83 | S35: 22.83 | T35: 22.83 | U35: 22.83 | V35: 22.83 | W35: 22.83 | X35: 22.83 | Y35: 22.83 | Z35: 22.83 | AA35: 22.83 | AB35: =SUM(D35:AA35) -> 547.92 | AC35: 7
B36: 48884 | C36: ORDINARIO | D36: 22.83 | E36: 22.83 | F36: 22.83 | G36: 22.83 | H36: 22.83 | I36: 22.83 | J36: 22.83 | K36: 22.83 | L36: 22.83 | M36: 22.83 | N36: 22.83 | O36: 22.83 | P36: 22.83 | Q36: 22.83 | R36: 22.83 | S36: 22.83 | T36: 22.83 | U36: 22.83 | V36: 22.83 | W36: 22.83 | X36: 22.83 | Y36: 22.83 | Z36: 22.83 | AA36: 22.83 | AB36: =SUM(D36:AA36) -> 547.92 | AC36: 19 | AD36: =+AB36*AC36+AB37*AC37+AB38*AC38 -> 16437.6
C37: SABADO | D37: 22.83 | E37: 22.83 | F37: 22.83 | G37: 22.83 | H37: 22.83 | I37: 22.83 | J37: 22.83 | K37: 22.83 | L37: 22.83 | M37: 22.83 | N37: 22.83 | O37: 22.83 | P37: 22.83 | Q37: 22.83 | R37: 22.83 | S37: 22.83 | T37: 22.83 | U37: 22.83 | V37: 22.83 | W37: 22.83 | X37: 22.83 | Y37: 22.83 | Z37: 22.83 | AA37: 22.83 | AB37: =SUM(D37:AA37) -> 547.92 | AC37: 4
C38: DOMINGO | D38: 22.83 | E38: 22.83 | F38: 22.83 | G38: 22.83 | H38: 22.83 | I38: 22.83 | J38: 22.83 | K38: 22.83 | L38: 22.83 | M38: 22.83 | N38: 22.83 | O38: 22.83 | P38: 22.83 | Q38: 22.83 | R38: 22.83 | S38: 22.83 | T38: 22.83 | U38: 22.83 | V38: 22.83 | W38: 22.83 | X38: 22.83 | Y38: 22.83 | Z38: 22.83 | AA38: 22.83 | AB38: =SUM(D38:AA38) -> 547.92 | AC38: 7
B39: 48914 | C39: ORDINARIO | D39: 22.83 | E39: 22.83 | F39: 22.83 | G39: 22.83 | H39: 22.83 | I39: 22.83 | J39: 22.83 | K39: 22.83 | L39: 22.83 | M39: 22.83 | N39: 22.83 | O39: 22.83 | P39: 22.83 | Q39: 22.83 | R39: 22.83 | S39: 22.83 | T39: 22.83 | U39: 22.83 | V39: 22.83 | W39: 22.83 | X39: 22.83 | Y39: 22.83 | Z39: 22.83 | AA39: 22.83 | AB39: =SUM(D39:AA39) -> 547.92 | AC39: 21 | AD39: =+AB39*AC39+AB40*AC40+AB41*AC41 -> 16985.52
C40: SABADO | D40: 22.83 | E40: 22.83 | F40: 22.83 | G40: 22.83 | H40: 22.83 | I40: 22.83 | J40: 22.83 | K40: 22.83 | L40: 22.83 | M40: 22.83 | N40: 22.83 | O40: 22.83 | P40: 22.83 | Q40: 22.83 | R40: 22.83 | S40: 22.83 | T40: 22.83 | U40: 22.83 | V40: 22.83 | W40: 22.83 | X40: 22.83 | Y40: 22.83 | Z40: 22.83 | AA40: 22.83 | AB40: =SUM(D40:AA40) -> 547.92 | AC40: 5
C41: DOMINGO | D41: 22.83 | E41: 22.83 | F41: 22.83 | G41: 22.83 | H41: 22.83 | I41: 22.83 | J41: 22.83 | K41: 22.83 | L41: 22.83 | M41: 22.83 | N41: 22.83 | O41: 22.83 | P41: 22.83 | Q41: 22.83 | R41: 22.83 | S41: 22.83 | T41: 22.83 | U41: 22.83 | V41: 22.83 | W41: 22.83 | X41: 22.83 | Y41: 22.83 | Z41: 22.83 | AA41: 22.83 | AB41: =SUM(D41:AA41) -> 547.92 | AC41: 5
AA42: ENERGÍA REQUERIDA | AD42: =SUM(AD6:AD41) -> 199990.8
B44: ENERGÍA PLANA 24 HORAS A SOLICITAR AÑO 2034 PARA MERCADO REGULADO (MWh)
B45: MES | C45: DÍA | D45: H1 | E45: H2 | F45: H3 | G45: H4 | H45: H5 | I45: H6 | J45: H7 | K45: H8 | L45: H9 | M45: H10 | N45: H11 | O45: H12 | P45: H13 | Q45: H14 | R45: H15 | S45: H16 | T45: H17 | U45: H18 | V45: H19 | W45: H20 | X45: H21 | Y45: H22 | Z45: H23 | AA45: H24 | AB45: TOTAL | AC45: No. Dias | AD45: TOTAL MES
B46: 48945 | C46: ORDINARIO | D46: 22.83 | E46: 22.83 | F46: 22.83 | G46: 22.83 | H46: 22.83 | I46: 22.83 | J46: 22.83 | K46: 22.83 | L46: 22.83 | M46: 22.83 | N46: 22.83 | O46: 22.83 | P46: 22.83 | Q46: 22.83 | R46: 22.83 | S46: 22.83 | T46: 22.83 | U46: 22.83 | V46: 22.83 | W46: 22.83 | X46: 22.83 | Y46: 22.83 | Z46: 22.83 | AA46: 22.83 | AB46: =SUM(D46:AA46) -> 547.92 | AC46: 21 | AD46: =+AB46*AC46+AB47*AC47+AB48*AC48 -> 16985.52
C47: SABADO | D47: 22.83 | E47: 22.83 | F47: 22.83 | G47: 22.83 | H47: 22.83 | I47: 22.83 | J47: 22.83 | K47: 22.83 | L47: 22.83 | M47: 22.83 | N47: 22.83 | O47: 22.83 | P47: 22.83 | Q47: 22.83 | R47: 22.83 | S47: 22.83 | T47: 22.83 | U47: 22.83 | V47: 22.83 | W47: 22.83 | X47: 22.83 | Y47: 22.83 | Z47: 22.83 | AA47: 22.83 | AB47: =SUM(D47:AA47) -> 547.92 | AC47: 4
C48: DOMINGO | D48: 22.83 | E48: 22.83 | F48: 22.83 | G48: 22.83 | H48: 22.83 | I48: 22.83 | J48: 22.83 | K48: 22.83 | L48: 22.83 | M48: 22.83 | N48: 22.83 | O48: 22.83 | P48: 22.83 | Q48: 22.83 | R48: 22.83 | S48: 22.83 | T48: 22.83 | U48: 22.83 | V48: 22.83 | W48: 22.83 | X48: 22.83 | Y48: 22.83 | Z48: 22.83 | AA48: 22.83 | AB48: =SUM(D48:AA48) -> 547.92 | AC48: 6
B49: 48976 | C49: ORDINARIO | D49: 22.83 | E49: 22.83 | F49: 22.83 | G49: 22.83 | H49: 22.83 | I49: 22.83 | J49: 22.83 | K49: 22.83 | L49: 22.83 | M49: 22.83 | N49: 22.83 | O49: 22.83 | P49: 22.83 | Q49: 22.83 | R49: 22.83 | S49: 22.83 | T49: 22.83 | U49: 22.83 | V49: 22.83 | W49: 22.83 | X49: 22.83 | Y49: 22.83 | Z49: 22.83 | AA49: 22.83 | AB49: =SUM(D49:AA49) -> 547.92 | AC49: 20 | AD49: =+AB49*AC49+AB50*AC50+AB51*AC51 -> 15341.76
C50: SABADO | D50: 22.83 | E50: 22.83 | F50: 22.83 | G50: 22.83 | H50: 22.83 | I50: 22.83 | J50: 22.83 | K50: 22.83 | L50: 22.83 | M50: 22.83 | N50: 22.83 | O50: 22.83 | P50: 22.83 | Q50: 22.83 | R50: 22.83 | S50: 22.83 | T50: 22.83 | U50: 22.83 | V50: 22.83 | W50: 22.83 | X50: 22.83 | Y50: 22.83 | Z50: 22.83 | AA50: 22.83 | AB50: =SUM(D50:AA50) -> 547.92 | AC50: 4
C51: DOMINGO | D51: 22.83 | E51: 22.83 | F51: 22.83 | G51: 22.83 | H51: 22.83 | I51: 22.83 | J51: 22.83 | K51: 22.83 | L51: 22.83 | M51: 22.83 | N51: 22.83 | O51: 22.83 | P51: 22.83 | Q51: 22.83 | R51: 22.83 | S51: 22.83 | T51: 22.83 | U51: 22.83 | V51: 22.83 | W51: 22.83 | X51: 22.83 | Y51: 22.83 | Z51: 22.83 | AA51: 22.83 | AB51: =SUM(D51:AA51) -> 547.92 | AC51: 4
B52: 49004 | C52: ORDINARIO | D52: 22.83 | E52: 22.83 | F52: 22.83 | G52: 22.83 | H52: 22.83 | I52: 22.83 | J52: 22.83 | K52: 22.83 | L52: 22.83 | M52: 22.83 | N52: 22.83 | O52: 22.83 | P52: 22.83 | Q52: 22.83 | R52: 22.83 | S52: 22.83 | T52: 22.83 | U52: 22.83 | V52: 22.83 | W52: 22.83 | X52: 22.83 | Y52: 22.83 | Z52: 22.83 | AA52: 22.83 | AB52: =SUM(D52:AA52) -> 547.92 | AC52: 22 | AD52: =+AB52*AC52+AB53*AC53+AB54*AC54 -> 16985.52
C53: SABADO | D53: 22.83 | E53: 22.83 | F53: 22.83 | G53: 22.83 | H53: 22.83 | I53: 22.83 | J53: 22.83 | K53: 22.83 | L53: 22.83 | M53: 22.83 | N53: 22.83 | O53: 22.83 | P53: 22.83 | Q53: 22.83 | R53: 22.83 | S53: 22.83 | T53: 22.83 | U53: 22.83 | V53: 22.83 | W53: 22.83 | X53: 22.83 | Y53: 22.83 | Z53: 22.83 | AA53: 22.83 | AB53: =SUM(D53:AA53) -> 547.92 | AC53: 4
C54: DOMINGO | D54: 22.83 | E54: 22.83 | F54: 22.83 | G54: 22.83 | H54: 22.83 | I54: 22.83 | J54: 22.83 | K54: 22.83 | L54: 22.83 | M54: 22.83 | N54: 22.83 | O54: 22.83 | P54: 22.83 | Q54: 22.83 | R54: 22.83 | S54: 22.83 | T54: 22.83 | U54: 22.83 | V54: 22.83 | W54: 22.83 | X54: 22.83 | Y54: 22.83 | Z54: 22.83 | AA54: 22.83 | AB54: =SUM(D54:AA54) -> 547.92 | AC54: 5
B55: 49035 | C55: ORDINARIO | D55: 22.83 | E55: 22.83 | F55: 22.83 | G55: 22.83 | H55: 22.83 | I55: 22.83 | J55: 22.83 | K55: 22.83 | L55: 22.83 | M55: 22.83 | N55: 22.83 | O55: 22.83 | P55: 22.83 | Q55: 22.83 | R55: 22.83 | S55: 22.83 | T55: 22.83 | U55: 22.83 | V55: 22.83 | W55: 22.83 | X55: 22.83 | Y55: 22.83 | Z55: 22.83 | AA55: 22.83 | AB55: =SUM(D55:AA55) -> 547.92 | AC55: 18 | AD55: =+AB55*AC55+AB56*AC56+AB57*AC57 -> 16437.6
C56: SABADO | D56: 22.83 | E56: 22.83 | F56: 22.83 | G56: 22.83 | H56: 22.83 | I56: 22.83 | J56: 22.83 | K56: 22.83 | L56: 22.83 | M56: 22.83 | N56: 22.83 | O56: 22.83 | P56: 22.83 | Q56: 22.83 | R56: 22.83 | S56: 22.83 | T56: 22.83 | U56: 22.83 | V56: 22.83 | W56: 22.83 | X56: 22.83 | Y56: 22.83 | Z56: 22.83 | AA56: 22.83 | AB56: =SUM(D56:AA56) -> 547.92 | AC56: 5
C57: DOMINGO | D57: 22.83 | E57: 22.83 | F57: 22.83 | G57: 22.83 | H57: 22.83 | I57: 22.83 | J57: 22.83 | K57: 22.83 | L57: 22.83 | M57: 22.83 | N57: 22.83 | O57: 22.83 | P57: 22.83 | Q57: 22.83 | R57: 22.83 | S57: 22.83 | T57: 22.83 | U57: 22.83 | V57: 22.83 | W57: 22.83 | X57: 22.83 | Y57: 22.83 | Z57: 22.83 | AA57: 22.83 | AB57: =SUM(D57:AA57) -> 547.92 | AC57: 7
B58: 49065 | C58: ORDINARIO | D58: 22.83 | E58: 22.83 | F58: 22.83 | G58: 22.83 | H58: 22.83 | I58: 22.83 | J58: 22.83 | K58: 22.83 | L58: 22.83 | M58: 22.83 | N58: 22.83 | O58: 22.83 | P58: 22.83 | Q58: 22.83 | R58: 22.83 | S58: 22.83 | T58: 22.83 | U58: 22.83 | V58: 22.83 | W58: 22.83 | X58: 22.83 | Y58: 22.83 | Z58: 22.83 | AA58: 22.83 | AB58: =SUM(D58:AA58) -> 547.92 | AC58: 21 | AD58: =+AB58*AC58+AB59*AC59+AB60*AC60 -> 16985.52
C59: SABADO | D59: 22.83 | E59: 22.83 | F59: 22.83 | G59: 22.83 | H59: 22.83 | I59: 22.83 | J59: 22.83 | K59: 22.83 | L59: 22.83 | M59: 22.83 | N59: 22.83 | O59: 22.83 | P59: 22.83 | Q59: 22.83 | R59: 22.83 | S59: 22.83 | T59: 22.83 | U59: 22.83 | V59: 22.83 | W59: 22.83 | X59: 22.83 | Y59: 22.83 | Z59: 22.83 | AA59: 22.83 | AB59: =SUM(D59:AA59) -> 547.92 | AC59: 4
C60: DOMINGO | D60: 22.83 | E60: 22.83 | F60: 22.83 | G60: 22.83 | H60: 22.83 | I60: 22.83 | J60: 22.83 | K60: 22.83 | L60: 22.83 | M60: 22.83 | N60: 22.83 | O60: 22.83 | P60: 22.83 | Q60: 22.83 | R60: 22.83 | S60: 22.83 | T60: 22.83 | U60: 22.83 | V60: 22.83 | W60: 22.83 | X60: 22.83 | Y60: 22.83 | Z60: 22.83 | AA60: 22.83 | AB60: =SUM(D60:AA60) -> 547.92 | AC60: 6
B61: 49096 | C61: ORDINARIO | D61: 22.83 | E61: 22.83 | F61: 22.83 | G61: 22.83 | H61: 22.83 | I61: 22.83 | J61: 22.83 | K61: 22.83 | L61: 22.83 | M61: 22.83 | N61: 22.83 | O61: 22.83 | P61: 22.83 | Q61: 22.83 | R61: 22.83 | S61: 22.83 | T61: 22.83 | U61: 22.83 | V61: 22.83 | W61: 22.83 | X61: 22.83 | Y61: 22.83 | Z61: 22.83 | AA61: 22.83 | AB61: =SUM(D61:AA61) -> 547.92 | AC61: 20 | AD61: =+AB61*AC61+AB62*AC62+AB63*AC63 -> 16437.6
C62: SABADO | D62: 22.83 | E62: 22.83 | F62: 22.83 | G62: 22.83 | H62: 22.83 | I62: 22.83 | J62: 22.83 | K62: 22.83 | L62: 22.83 | M62: 22.83 | N62: 22.83 | O62: 22.83 | P62: 22.83 | Q62: 22.83 | R62: 22.83 | S62: 22.83 | T62: 22.83 | U62: 22.83 | V62: 22.83 | W62: 22.83 | X62: 22.83 | Y62: 22.83 | Z62: 22.83 | AA62: 22.83 | AB62: =SUM(D62:AA62) -> 547.92 | AC62: 4
C63: DOMINGO | D63: 22.83 | E63: 22.83 | F63: 22.83 | G63: 22.83 | H63: 22.83 | I63: 22.83 | J63: 22.83 | K63: 22.83 | L63: 22.83 | M63: 22.83 | N63: 22.83 | O63: 22.83 | P63: 22.83 | Q63: 22.83 | R63: 22.83 | S63: 22.83 | T63: 22.83 | U63: 22.83 | V63: 22.83 | W63: 22.83 | X63: 22.83 | Y63: 22.83 | Z63: 22.83 | AA63: 22.83 | AB63: =SUM(D63:AA63) -> 547.92 | AC63: 6
B64: 49126 | C64: ORDINARIO | D64: 22.83 | E64: 22.83 | F64: 22.83 | G64: 22.83 | H64: 22.83 | I64: 22.83 | J64: 22.83 | K64: 22.83 | L64: 22.83 | M64: 22.83 | N64: 22.83 | O64: 22.83 | P64: 22.83 | Q64: 22.83 | R64: 22.83 | S64: 22.83 | T64: 22.83 | U64: 22.83 | V64: 22.83 | W64: 22.83 | X64: 22.83 | Y64: 22.83 | Z64: 22.83 | AA64: 22.83 | AB64: =SUM(D64:AA64) -> 547.92 | AC64: 19 | AD64: =+AB64*AC64+AB65*AC65+AB66*AC66 -> 16985.52
C65: SABADO | D65: 22.83 | E65: 22.83 | F65: 22.83 | G65: 22.83 | H65: 22.83 | I65: 22.83 | J65: 22.83 | K65: 22.83 | L65: 22.83 | M65: 22.83 | N65: 22.83 | O65: 22.83 | P65: 22.83 | Q65: 22.83 | R65: 22.83 | S65: 22.83 | T65: 22.83 | U65: 22.83 | V65: 22.83 | W65: 22.83 | X65: 22.83 | Y65: 22.83 | Z65: 22.83 | AA65: 22.83 | AB65: =SUM(D65:AA65) -> 547.92 | AC65: 5
C66: DOMINGO | D66: 22.83 | E66: 22.83 | F66: 22.83 | G66: 22.83 | H66: 22.83 | I66: 22.83 | J66: 22.83 | K66: 22.83 | L66: 22.83 | M66: 22.83 | N66: 22.83 | O66: 22.83 | P66: 22.83 | Q66: 22.83 | R66: 22.83 | S66: 22.83 | T66: 22.83 | U66: 22.83 | V66: 22.83 | W66: 22.83 | X66: 22.83 | Y66: 22.83 | Z66: 22.83 | AA66: 22.83 | AB66: =SUM(D66:AA66) -> 547.92 | AC66: 7
B67: 49157 | C67: ORDINARIO | D67: 22.83 | E67: 22.83 | F67: 22.83 | G67: 22.83 | H67: 22.83 | I67: 22.83 | J67: 22.83 | K67: 22.83 | L67: 22.83 | M67: 22.83 | N67: 22.83 | O67: 22.83 | P67: 22.83 | Q67: 22.83 | R67: 22.83 | S67: 22.83 | T67: 22.83 | U67: 22.83 | V67: 22.83 | W67: 22.83 | X67: 22.83 | Y67: 22.83 | Z67: 22.83 | AA67: 22.83 | AB67: =SUM(D67:AA67) -> 547.92 | AC67: 21 | AD67: =+AB67*AC67+AB68*AC68+AB69*AC69 -> 16985.52
C68: SABADO | D68: 22.83 | E68: 22.83 | F68: 22.83 | G68: 22.83 | H68: 22.83 | I68: 22.83 | J68: 22.83 | K68: 22.83 | L68: 22.83 | M68: 22.83 | N68: 22.83 | O68: 22.83 | P68: 22.83 | Q68: 22.83 | R68: 22.83 | S68: 22.83 | T68: 22.83 | U68: 22.83 | V68: 22.83 | W68: 22.83 | X68: 22.83 | Y68: 22.83 | Z68: 22.83 | AA68: 22.83 | AB68: =SUM(D68:AA68) -> 547.92 | AC68: 4
C69: DOMINGO | D69: 22.83 | E69: 22.83 | F69: 22.83 | G69: 22.83 | H69: 22.83 | I69: 22.83 | J69: 22.83 | K69: 22.83 | L69: 22.83 | M69: 22.83 | N69: 22.83 | O69: 22.83 | P69: 22.83 | Q69: 22.83 | R69: 22.83 | S69: 22.83 | T69: 22.83 | U69: 22.83 | V69: 22.83 | W69: 22.83 | X69: 22.83 | Y69: 22.83 | Z69: 22.83 | AA69: 22.83 | AB69: =SUM(D69:AA69) -> 547.92 | AC69: 6
B70: 49188 | C70: ORDINARIO | D70: 22.83 | E70: 22.83 | F70: 22.83 | G70: 22.83 | H70: 22.83 | I70: 22.83 | J70: 22.83 | K70: 22.83 | L70: 22.83 | M70: 22.83 | N70: 22.83 | O70: 22.83 | P70: 22.83 | Q70: 22.83 | R70: 22.83 | S70: 22.83 | T70: 22.83 | U70: 22.83 | V70: 22.83 | W70: 22.83 | X70: 22.83 | Y70: 22.83 | Z70: 22.83 | AA70: 22.83 | AB70: =SUM(D70:AA70) -> 547.92 | AC70: 21 | AD70: =+AB70*AC70+AB71*AC71+AB72*AC72 -> 16437.6
C71: SABADO | D71: 22.83 | E71: 22.83 | F71: 22.83 | G71: 22.83 | H71: 22.83 | I71: 22.83 | J71: 22.83 | K71: 22.83 | L71: 22.83 | M71: 22.83 | N71: 22.83 | O71: 22.83 | P71: 22.83 | Q71: 22.83 | R71: 22.83 | S71: 22.83 | T71: 22.83 | U71: 22.83 | V71: 22.83 | W71: 22.83 | X71: 22.83 | Y71: 22.83 | Z71: 22.83 | AA71: 22.83 | AB71: =SUM(D71:AA71) -> 547.92 | AC71: 5
C72: DOMINGO | D72: 22.83 | E72: 22.83 | F72: 22.83 | G72: 22.83 | H72: 22.83 | I72: 22.83 | J72: 22.83 | K72: 22.83 | L72: 22.83 | M72: 22.83 | N72: 22.83 | O72: 22.83 | P72: 22.83 | Q72: 22.83 | R72: 22.83 | S72: 22.83 | T72: 22.83 | U72: 22.83 | V72: 22.83 | W72: 22.83 | X72: 22.83 | Y72: 22.83 | Z72: 22.83 | AA72: 22.83 | AB72: =SUM(D72:AA72) -> 547.92 | AC72: 4
B73: 49218 | C73: ORDINARIO | D73: 22.83 | E73: 22.83 | F73: 22.83 | G73: 22.83 | H73: 22.83 | I73: 22.83 | J73: 22.83 | K73: 22.83 | L73: 22.83 | M73: 22.83 | N73: 22.83 | O73: 22.83 | P73: 22.83 | Q73: 22.83 | R73: 22.83 | S73: 22.83 | T73: 22.83 | U73: 22.83 | V73: 22.83 | W73: 22.83 | X73: 22.83 | Y73: 22.83 | Z73: 22.83 | AA73: 22.83 | AB73: =SUM(D73:AA73) -> 547.92 | AC73: 21 | AD73: =+AB73*AC73+AB74*AC74+AB75*AC75 -> 16985.52
C74: SABADO | D74: 22.83 | E74: 22.83 | F74: 22.83 | G74: 22.83 | H74: 22.83 | I74: 22.83 | J74: 22.83 | K74: 22.83 | L74: 22.83 | M74: 22.83 | N74: 22.83 | O74: 22.83 | P74: 22.83 | Q74: 22.83 | R74: 22.83 | S74: 22.83 | T74: 22.83 | U74: 22.83 | V74: 22.83 | W74: 22.83 | X74: 22.83 | Y74: 22.83 | Z74: 22.83 | AA74: 22.83 | AB74: =SUM(D74:AA74) -> 547.92 | AC74: 4
C75: DOMINGO | D75: 22.83 | E75: 22.83 | F75: 22.83 | G75: 22.83 | H75: 22.83 | I75: 22.83 | J75: 22.83 | K75: 22.83 | L75: 22.83 | M75: 22.83 | N75: 22.83 | O75: 22.83 | P75: 22.83 | Q75: 22.83 | R75: 22.83 | S75: 22.83 | T75: 22.83 | U75: 22.83 | V75: 22.83 | W75: 22.83 | X75: 22.83 | Y75: 22.83 | Z75: 22.83 | AA75: 22.83 | AB75: =SUM(D75:AA75) -> 547.92 | AC75: 6
B76: 49249 | C76: ORDINARIO | D76: 22.83 | E76: 22.83 | F76: 22.83 | G76: 22.83 | H76: 22.83 | I76: 22.83 | J76: 22.83 | K76: 22.83 | L76: 22.83 | M76: 22.83 | N76: 22.83 | O76: 22.83 | P76: 22.83 | Q76: 22.83 | R76: 22.83 | S76: 22.83 | T76: 22.83 | U76: 22.83 | V76: 22.83 | W76: 22.83 | X76: 22.83 | Y76: 22.83 | Z76: 22.83 | AA76: 22.83 | AB76: =SUM(D76:AA76) -> 547.92 | AC76: 20 | AD76: =+AB76*AC76+AB77*AC77+AB78*AC78 -> 16437.6
C77: SABADO | D77: 22.83 | E77: 22.83 | F77: 22.83 | G77: 22.83 | H77: 22.83 | I77: 22.83 | J77: 22.83 | K77: 22.83 | L77: 22.83 | M77: 22.83 | N77: 22.83 | O77: 22.83 | P77: 22.83 | Q77: 22.83 | R77: 22.83 | S77: 22.83 | T77: 22.83 | U77: 22.83 | V77: 22.83 | W77: 22.83 | X77: 22.83 | Y77: 22.83 | Z77: 22.83 | AA77: 22.83 | AB77: =SUM(D77:AA77) -> 547.92 | AC77: 4
C78: DOMINGO | D78: 22.83 | E78: 22.83 | F78: 22.83 | G78: 22.83 | H78: 22.83 | I78: 22.83 | J78: 22.83 | K78: 22.83 | L78: 22.83 | M78: 22.83 | N78: 22.83 | O78: 22.83 | P78: 22.83 | Q78: 22.83 | R78: 22.83 | S78: 22.83 | T78: 22.83 | U78: 22.83 | V78: 22.83 | W78: 22.83 | X78: 22.83 | Y78: 22.83 | Z78: 22.83 | AA78: 22.83 | AB78: =SUM(D78:AA78) -> 547.92 | AC78: 6
B79: 49279 | C79: ORDINARIO | D79: 22.83 | E79: 22.83 | F79: 22.83 | G79: 22.83 | H79: 22.83 | I79: 22.83 | J79: 22.83 | K79: 22.83 | L79: 22.83 | M79: 22.83 | N79: 22.83 | O79: 22.83 | P79: 22.83 | Q79: 22.83 | R79: 22.83 | S79: 22.83 | T79: 22.83 | U79: 22.83 | V79: 22.83 | W79: 22.83 | X79: 22.83 | Y79: 22.83 | Z79: 22.83 | AA79: 22.83 | AB79: =SUM(D79:AA79) -> 547.92 | AC79: 19 | AD79: =+AB79*AC79+AB80*AC80+AB81*AC81 -> 16985.52
C80: SABADO | D80: 22.83 | E80: 22.83 | F80: 22.83 | G80: 22.83 | H80: 22.83 | I80: 22.83 | J80: 22.83 | K80: 22.83 | L80: 22.83 | M80: 22.83 | N80: 22.83 | O80: 22.83 | P80: 22.83 | Q80: 22.83 | R80: 22.83 | S80: 22.83 | T80: 22.83 | U80: 22.83 | V80: 22.83 | W80: 22.83 | X80: 22.83 | Y80: 22.83 | Z80: 22.83 | AA80: 22.83 | AB80: =SUM(D80:AA80) -> 547.92 | AC80: 5
C81: DOMINGO | D81: 22.83 | E81: 22.83 | F81: 22.83 | G81: 22.83 | H81: 22.83 | I81: 22.83 | J81: 22.83 | K81: 22.83 | L81: 22.83 | M81: 22.83 | N81: 22.83 | O81: 22.83 | P81: 22.83 | Q81: 22.83 | R81: 22.83 | S81: 22.83 | T81: 22.83 | U81: 22.83 | V81: 22.83 | W81: 22.83 | X81: 22.83 | Y81: 22.83 | Z81: 22.83 | AA81: 22.83 | AB81: =SUM(D81:AA81) -> 547.92 | AC81: 7
AA82: ENERGÍA REQUERIDA | AD82: =SUM(AD46:AD81) -> 199990.8
B84: ENERGÍA PLANA 24 HORAS A SOLICITAR AÑO 2035 PARA MERCADO REGULADO (MWh)
B85: MES | C85: DÍA | D85: H1 | E85: H2 | F85: H3 | G85: H4 | H85: H5 | I85: H6 | J85: H7 | K85: H8 | L85: H9 | M85: H10 | N85: H11 | O85: H12 | P85: H13 | Q85: H14 | R85: H15 | S85: H16 | T85: H17 | U85: H18 | V85: H19 | W85: H20 | X85: H21 | Y85: H22 | Z85: H23 | AA85: H24 | AB85: TOTAL | AC85: No. Dias | AD85: TOTAL MES
B86: 49310 | C86: ORDINARIO | D86: 22.83 | E86: 22.83 | F86: 22.83 | G86: 22.83 | H86: 22.83 | I86: 22.83 | J86: 22.83 | K86: 22.83 | L86: 22.83 | M86: 22.83 | N86: 22.83 | O86: 22.83 | P86: 22.83 | Q86: 22.83 | R86: 22.83 | S86: 22.83 | T86: 22.83 | U86: 22.83 | V86: 22.83 | W86: 22.83 | X86: 22.83 | Y86: 22.83 | Z86: 22.83 | AA86: 22.83 | AB86: =SUM(D86:AA86) -> 547.92 | AC86: 21 | AD86: =+AB86*AC86+AB87*AC87+AB88*AC88 -> 16985.52
C87: SABADO | D87: 22.83 | E87: 22.83 | F87: 22.83 | G87: 22.83 | H87: 22.83 | I87: 22.83 | J87: 22.83 | K87: 22.83 | L87: 22.83 | M87: 22.83 | N87: 22.83 | O87: 22.83 | P87: 22.83 | Q87: 22.83 | R87: 22.83 | S87: 22.83 | T87: 22.83 | U87: 22.83 | V87: 22.83 | W87: 22.83 | X87: 22.83 | Y87: 22.83 | Z87: 22.83 | AA87: 22.83 | AB87: =SUM(D87:AA87) -> 547.92 | AC87: 4
C88: DOMINGO | D88: 22.83 | E88: 22.83 | F88: 22.83 | G88: 22.83 | H88: 22.83 | I88: 22.83 | J88: 22.83 | K88: 22.83 | L88: 22.83 | M88: 22.83 | N88: 22.83 | O88: 22.83 | P88: 22.83 | Q88: 22.83 | R88: 22.83 | S88: 22.83 | T88: 22.83 | U88: 22.83 | V88: 22.83 | W88: 22.83 | X88: 22.83 | Y88: 22.83 | Z88: 22.83 | AA88: 22.83 | AB88: =SUM(D88:AA88) -> 547.92 | AC88: 6
B89: 49341 | C89: ORDINARIO | D89: 22.83 | E89: 22.83 | F89: 22.83 | G89: 22.83 | H89: 22.83 | I89: 22.83 | J89: 22.83 | K89: 22.83 | L89: 22.83 | M89: 22.83 | N89: 22.83 | O89: 22.83 | P89: 22.83 | Q89: 22.83 | R89: 22.83 | S89: 22.83 | T89: 22.83 | U89: 22.83 | V89: 22.83 | W89: 22.83 | X89: 22.83 | Y89: 22.83 | Z89: 22.83 | AA89: 22.83 | AB89: =SUM(D89:AA89) -> 547.92 | AC89: 20 | AD89: =+AB89*AC89+AB90*AC90+AB91*AC91 -> 15341.76
C90: SABADO | D90: 22.83 | E90: 22.83 | F90: 22.83 | G90: 22.83 | H90: 22.83 | I90: 22.83 | J90: 22.83 | K90: 22.83 | L90: 22.83 | M90: 22.83 | N90: 22.83 | O90: 22.83 | P90: 22.83 | Q90: 22.83 | R90: 22.83 | S90: 22.83 | T90: 22.83 | U90: 22.83 | V90: 22.83 | W90: 22.83 | X90: 22.83 | Y90: 22.83 | Z90: 22.83 | AA90: 22.83 | AB90: =SUM(D90:AA90) -> 547.92 | AC90: 4
C91: DOMINGO | D91: 22.83 | E91: 22.83 | F91: 22.83 | G91: 22.83 | H91: 22.83 | I91: 22.83 | J91: 22.83 | K91: 22.83 | L91: 22.83 | M91: 22.83 | N91: 22.83 | O91: 22.83 | P91: 22.83 | Q91: 22.83 | R91: 22.83 | S91: 22.83 | T91: 22.83 | U91: 22.83 | V91: 22.83 | W91: 22.83 | X91: 22.83 | Y91: 22.83 | Z91: 22.83 | AA91: 22.83 | AB91: =SUM(D91:AA91) -> 547.92 | AC91: 4
B92: 49369 | C92: ORDINARIO | D92: 22.83 | E92: 22.83 | F92: 22.83 | G92: 22.83 | H92: 22.83 | I92: 22.83 | J92: 22.83 | K92: 22.83 | L92: 22.83 | M92: 22.83 | N92: 22.83 | O92: 22.83 | P92: 22.83 | Q92: 22.83 | R92: 22.83 | S92: 22.83 | T92: 22.83 | U92: 22.83 | V92: 22.83 | W92: 22.83 | X92: 22.83 | Y92: 22.83 | Z92: 22.83 | AA92: 22.83 | AB92: =SUM(D92:AA92) -> 547.92 | AC92: 19 | AD92: =+AB92*AC92+AB93*AC93+AB94*AC94 -> 16985.52
C93: SABADO | D93: 22.83 | E93: 22.83 | F93: 22.83 | G93: 22.83 | H93: 22.83 | I93: 22.83 | J93: 22.83 | K93: 22.83 | L93: 22.83 | M93: 22.83 | N93: 22.83 | O93: 22.83 | P93: 22.83 | Q93: 22.83 | R93: 22.83 | S93: 22.83 | T93: 22.83 | U93: 22.83 | V93: 22.83 | W93: 22.83 | X93: 22.83 | Y93: 22.83 | Z93: 22.83 | AA93: 22.83 | AB93: =SUM(D93:AA93) -> 547.92 | AC93: 5
C94: DOMINGO | D94: 22.83 | E94: 22.83 | F94: 22.83 | G94: 22.83 | H94: 22.83 | I94: 22.83 | J94: 22.83 | K94: 22.83 | L94: 22.83 | M94: 22.83 | N94: 22.83 | O94: 22.83 | P94: 22.83 | Q94: 22.83 | R94: 22.83 | S94: 22.83 | T94: 22.83 | U94: 22.83 | V94: 22.83 | W94: 22.83 | X94: 22.83 | Y94: 22.83 | Z94: 22.83 | AA94: 22.83 | AB94: =SUM(D94:AA94) -> 547.92 | AC94: 7
B95: 49400 | C95: ORDINARIO | D95: 22.83 | E95: 22.83 | F95: 22.83 | G95: 22.83 | H95: 22.83 | I95: 22.83 | J95: 22.83 | K95: 22.83 | L95: 22.83 | M95: 22.83 | N95: 22.83 | O95: 22.83 | P95: 22.83 | Q95: 22.83 | R95: 22.83 | S95: 22.83 | T95: 22.83 | U95: 22.83 | V95: 22.83 | W95: 22.83 | X95: 22.83 | Y95: 22.83 | Z95: 22.83 | AA95: 22.83 | AB95: =SUM(D95:AA95) -> 547.92 | AC95: 21 | AD95: =+AB95*AC95+AB96*AC96+AB97*AC97 -> 16437.6
C96: SABADO | D96: 22.83 | E96: 22.83 | F96: 22.83 | G96: 22.83 | H96: 22.83 | I96: 22.83 | J96: 22.83 | K96: 22.83 | L96: 22.83 | M96: 22.83 | N96: 22.83 | O96: 22.83 | P96: 22.83 | Q96: 22.83 | R96: 22.83 | S96: 22.83 | T96: 22.83 | U96: 22.83 | V96: 22.83 | W96: 22.83 | X96: 22.83 | Y96: 22.83 | Z96: 22.83 | AA96: 22.83 | AB96: =SUM(D96:AA96) -> 547.92 | AC96: 4
C97: DOMINGO | D97: 22.83 | E97: 22.83 | F97: 22.83 | G97: 22.83 | H97: 22.83 | I97: 22.83 | J97: 22.83 | K97: 22.83 | L97: 22.83 | M97: 22.83 | N97: 22.83 | O97: 22.83 | P97: 22.83 | Q97: 22.83 | R97: 22.83 | S97: 22.83 | T97: 22.83 | U97: 22.83 | V97: 22.83 | W97: 22.83 | X97: 22.83 | Y97: 22.83 | Z97: 22.83 | AA97: 22.83 | AB97: =SUM(D97:AA97) -> 547.92 | AC97: 5
B98: 49430 | C98: ORDINARIO | D98: 22.83 | E98: 22.83 | F98: 22.83 | G98: 22.83 | H98: 22.83 | I98: 22.83 | J98: 22.83 | K98: 22.83 | L98: 22.83 | M98: 22.83 | N98: 22.83 | O98: 22.83 | P98: 22.83 | Q98: 22.83 | R98: 22.83 | S98: 22.83 | T98: 22.83 | U98: 22.83 | V98: 22.83 | W98: 22.83 | X98: 22.83 | Y98: 22.83 | Z98: 22.83 | AA98: 22.83 | AB98: =SUM(D98:AA98) -> 547.92 | AC98: 20 | AD98: =+AB98*AC98+AB99*AC99+AB100*AC100 -> 16985.52
C99: SABADO | D99: 22.83 | E99: 22.83 | F99: 22.83 | G99: 22.83 | H99: 22.83 | I99: 22.83 | J99: 22.83 | K99: 22.83 | L99: 22.83 | M99: 22.83 | N99: 22.83 | O99: 22.83 | P99: 22.83 | Q99: 22.83 | R99: 22.83 | S99: 22.83 | T99: 22.83 | U99: 22.83 | V99: 22.83 | W99: 22.83 | X99: 22.83 | Y99: 22.83 | Z99: 22.83 | AA99: 22.83 | AB99: =SUM(D99:AA99) -> 547.92 | AC99: 4
C100: DOMINGO | D100: 22.83 | E100: 22.83 | F100: 22.83 | G100: 22.83 | H100: 22.83 | I100: 22.83 | J100: 22.83 | K100: 22.83 | L100: 22.83 | M100: 22.83 | N100: 22.83 | O100: 22.83 | P100: 22.83 | Q100: 22.83 | R100: 22.83 | S100: 22.83 | T100: 22.83 | U100: 22.83 | V100: 22.83 | W100: 22.83 | X100: 22.83 | Y100: 22.83 | Z100: 22.83 | AA100: 22.83 | AB100: =SUM(D100:AA100) -> 547.92 | AC100: 7
B101: 49461 | C101: ORDINARIO | D101: 22.83 | E101: 22.83 | F101: 22.83 | G101: 22.83 | H101: 22.83 | I101: 22.83 | J101: 22.83 | K101: 22.83 | L101: 22.83 | M101: 22.83 | N101: 22.83 | O101: 22.83 | P101: 22.83 | Q101: 22.83 | R101: 22.83 | S101: 22.83 | T101: 22.83 | U101: 22.83 | V101: 22.83 | W101: 22.83 | X101: 22.83 | Y101: 22.83 | Z101: 22.83 | AA101: 22.83 | AB101: =SUM(D101:AA101) -> 547.92 | AC101: 21 | AD101: =+AB101*AC101+AB102*AC102+AB103*AC103 -> 16437.6
C102: SABADO | D102: 22.83 | E102: 22.83 | F102: 22.83 | G102: 22.83 | H102: 22.83 | I102: 22.83 | J102: 22.83 | K102: 22.83 | L102: 22.83 | M102: 22.83 | N102: 22.83 | O102: 22.83 | P102: 22.83 | Q102: 22.83 | R102: 22.83 | S102: 22.83 | T102: 22.83 | U102: 22.83 | V102: 22.83 | W102: 22.83 | X102: 22.83 | Y102: 22.83 | Z102: 22.83 | AA102: 22.83 | AB102: =SUM(D102:AA102) -> 547.92 | AC102: 5
C103: DOMINGO | D103: 22.83 | E103: 22.83 | F103: 22.83 | G103: 22.83 | H103: 22.83 | I103: 22.83 | J103: 22.83 | K103: 22.83 | L103: 22.83 | M103: 22.83 | N103: 22.83 | O103: 22.83 | P103: 22.83 | Q103: 22.83 | R103: 22.83 | S103: 22.83 | T103: 22.83 | U103: 22.83 | V103: 22.83 | W103: 22.83 | X103: 22.83 | Y103: 22.83 | Z103: 22.83 | AA103: 22.83 | AB103: =SUM(D103:AA103) -> 547.92 | AC103: 4
...

Sheet P4_ANEXO_2 - 2033 al 2037
D2: EMPRESAS MUNICIPALES DE CALI- EMCALI EICE ESP
D3: CONVOCATORIA PÚBLICA PARA COMPRA DE ENERGÍA
D4: Código de Convocatoria SICEP No. CP-EMIC2026-001
D6: ANEXO No. 2 CANTIDADES Y PRECIOS OFERTADOS
D8: PRODUCTO 4 - ENERO 2033 A DICIEMBRE 2037
D11: AÑO | E11: Energía solicitada (MWh) | F11: % ofertado | G11: $/kWh
D12: 2033 | E12: ='P4_ANEXO 1 -2033 a 2037'!AD42 -> 199990.8
D13: 2034 | E13: ='P4_ANEXO 1 -2033 a 2037'!AD82 -> 199990.8
D14: 2035 | E14: ='P4_ANEXO 1 -2033 a 2037'!AD122 -> 199990.8
D15: 2036 | E15: ='P4_ANEXO 1 -2033 a 2037'!AD162 -> 200538.72
D16: 2037 | E16: ='P4_ANEXO 1 -2033 a 2037'!AD202 -> 199990.8
D17: Total año | E17: =SUM(E12:E16) -> 1000501.9
C20: NOTAS:
C21: 1 | D21: Se debe ofertar el mismo porcentaje de la cantidad solicitada para todos los años
C22: 2 | D22: Se debe ofertar mínimo el 30% de la energía solicitada
C23: 3 | D23: La energía y los precios a ofertar deben ofrecerse en la modalidad monomia.
C24: 4 | D24: Precios en pesos constantes del mes de mayo de 2026.

Sheet P5_ANEXO 1 -2028 a 2037
B1: ANEXO No. 1 - CANTIDADES DE ENERGÍA HORARIA Y MENSUAL A CONTRATAR
B2: PRODUCTO 5 - ENERO 2027 A DICIEMBRE 2037
B4: ENERGÍA CURVA A SOLICITAR AÑO 2028 PARA MERCADO REGULADO (MWh)
B5: MES | C5: DÍA | D5: H1 | E5: H2 | F5: H3 | G5: H4 | H5: H5 | I5: H6 | J5: H7 | K5: H8 | L5: H9 | M5: H10 | N5: H11 | O5: H12 | P5: H13 | Q5: H14 | R5: H15 | S5: H16 | T5: H17 | U5: H18 | V5: H19 | W5: H20 | X5: H21 | Y5: H22 | Z5: H23 | AA5: H24 | AB5: TOTAL | AC5: No. Dias | AD5: TOTAL MES
B6: 46753 | C6: ORDINARIO | D6: 16.03 | E6: 13.1 | F6: 0 | G6: 0 | H6: 0 | I6: 0 | J6: 0.28 | K6: 0 | L6: 3.59 | M6: 12.66 | N6: 18.38 | O6: 31.43 | P6: 36.86 | Q6: 36 | R6: 52.7 | S6: 54.15 | T6: 57.11 | U6: 82.43 | V6: 88.91 | W6: 95.76 | X6: 84.76 | Y6: 81.81 | Z6: 57.67 | AA6: 41.1 | AB6: =SUM(D6:AA6) -> 864.73 | AC6: 20 | AD6: =+AB6*AC6+AB7*AC7+AB8*AC8 -> 26806.63
C7: SABADO | D7: 16.03 | E7: 13.1 | F7: 0 | G7: 0 | H7: 0 | I7: 0 | J7: 0.28 | K7: 0 | L7: 3.59 | M7: 12.66 | N7: 18.38 | O7: 31.43 | P7: 36.86 | Q7: 36 | R7: 52.7 | S7: 54.15 | T7: 57.11 | U7: 82.43 | V7: 88.91 | W7: 95.76 | X7: 84.76 | Y7: 81.81 | Z7: 57.67 | AA7: 41.1 | AB7: =SUM(D7:AA7) -> 864.73 | AC7: 4
C8: DOMINGO | D8: 16.03 | E8: 13.1 | F8: 0 | G8: 0 | H8: 0 | I8: 0 | J8: 0.28 | K8: 0 | L8: 3.59 | M8: 12.66 | N8: 18.38 | O8: 31.43 | P8: 36.86 | Q8: 36 | R8: 52.7 | S8: 54.15 | T8: 57.11 | U8: 82.43 | V8: 88.91 | W8: 95.76 | X8: 84.76 | Y8: 81.81 | Z8: 57.67 | AA8: 41.1 | AB8: =SUM(D8:AA8) -> 864.73 | AC8: 7
B9: 46784 | C9: ORDINARIO | D9: 16.03 | E9: 13.1 | F9: 0 | G9: 0 | H9: 0 | I9: 0 | J9: 0.28 | K9: 0 | L9: 3.59 | M9: 12.66 | N9: 18.38 | O9: 31.43 | P9: 36.86 | Q9: 36 | R9: 52.7 | S9: 54.15 | T9: 57.11 | U9: 82.43 | V9: 88.91 | W9: 95.76 | X9: 84.76 | Y9: 81.81 | Z9: 57.67 | AA9: 41.1 | AB9: =SUM(D9:AA9) -> 864.73 | AC9: 21 | AD9: =+AB9*AC9+AB10*AC10+AB11*AC11 -> 25077.17
C10: SABADO | D10: 16.03 | E10: 13.1 | F10: 0 | G10: 0 | H10: 0 | I10: 0 | J10: 0.28 | K10: 0 | L10: 3.59 | M10: 12.66 | N10: 18.38 | O10: 31.43 | P10: 36.86 | Q10: 36 | R10: 52.7 | S10: 54.15 | T10: 57.11 | U10: 82.43 | V10: 88.91 | W10: 95.76 | X10: 84.76 | Y10: 81.81 | Z10: 57.67 | AA10: 41.1 | AB10: =SUM(D10:AA10) -> 864.73 | AC10: 4
C11: DOMINGO | D11: 16.03 | E11: 13.1 | F11: 0 | G11: 0 | H11: 0 | I11: 0 | J11: 0.28 | K11: 0 | L11: 3.59 | M11: 12.66 | N11: 18.38 | O11: 31.43 | P11: 36.86 | Q11: 36 | R11: 52.7 | S11: 54.15 | T11: 57.11 | U11: 82.43 | V11: 88.91 | W11: 95.76 | X11: 84.76 | Y11: 81.81 | Z11: 57.67 | AA11: 41.1 | AB11: =SUM(D11:AA11) -> 864.73 | AC11: 4
B12: 46813 | C12: ORDINARIO | D12: 16.03 | E12: 13.1 | F12: 0 | G12: 0 | H12: 0 | I12: 0 | J12: 0.28 | K12: 0 | L12: 3.59 | M12: 12.66 | N12: 18.38 | O12: 31.43 | P12: 36.86 | Q12: 36 | R12: 52.7 | S12: 54.15 | T12: 57.11 | U12: 82.43 | V12: 88.91 | W12: 95.76 | X12: 84.76 | Y12: 81.81 | Z12: 57.67 | AA12: 41.1 | AB12: =SUM(D12:AA12) -> 864.73 | AC12: 22 | AD12: =+AB12*AC12+AB13*AC13+AB14*AC14 -> 26806.63
C13: SABADO | D13: 16.03 | E13: 13.1 | F13: 0 | G13: 0 | H13: 0 | I13: 0 | J13: 0.28 | K13: 0 | L13: 3.59 | M13: 12.66 | N13: 18.38 | O13: 31.43 | P13: 36.86 | Q13: 36 | R13: 52.7 | S13: 54.15 | T13: 57.11 | U13: 82.43 | V13: 88.91 | W13: 95.76 | X13: 84.76 | Y13: 81.81 | Z13: 57.67 | AA13: 41.1 | AB13: =SUM(D13:AA13) -> 864.73 | AC13: 4
C14: DOMINGO | D14: 16.03 | E14: 13.1 | F14: 0 | G14: 0 | H14: 0 | I14: 0 | J14: 0.28 | K14: 0 | L14: 3.59 | M14: 12.66 | N14: 18.38 | O14: 31.43 | P14: 36.86 | Q14: 36 | R14: 52.7 | S14: 54.15 | T14: 57.11 | U14: 82.43 | V14: 88.91 | W14: 95.76 | X14: 84.76 | Y14: 81.81 | Z14: 57.67 | AA14: 41.1 | AB14: =SUM(D14:AA14) -> 864.73 | AC14: 5
B15: 46844 | C15: ORDINARIO | D15: 16.03 | E15: 13.1 | F15: 0 | G15: 0 | H15: 0 | I15: 0 | J15: 0.28 | K15: 0 | L15: 3.59 | M15: 12.66 | N15: 18.38 | O15: 31.43 | P15: 36.86 | Q15: 36 | R15: 52.7 | S15: 54.15 | T15: 57.11 | U15: 82.43 | V15: 88.91 | W15: 95.76 | X15: 84.76 | Y15: 81.81 | Z15: 57.67 | AA15: 41.1 | AB15: =SUM(D15:AA15) -> 864.73 | AC15: 18 | AD15: =+AB15*AC15+AB16*AC16+AB17*AC17 -> 25941.9
C16: SABADO | D16: 16.03 | E16: 13.1 | F16: 0 | G16: 0 | H16: 0 | I16: 0 | J16: 0.28 | K16: 0 | L16: 3.59 | M16: 12.66 | N16: 18.38 | O16: 31.43 | P16: 36.86 | Q16: 36 | R16: 52.7 | S16: 54.15 | T16: 57.11 | U16: 82.43 | V16: 88.91 | W16: 95.76 | X16: 84.76 | Y16: 81.81 | Z16: 57.67 | AA16: 41.1 | AB16: =SUM(D16:AA16) -> 864.73 | AC16: 5
C17: DOMINGO | D17: 16.03 | E17: 13.1 | F17: 0 | G17: 0 | H17: 0 | I17: 0 | J17: 0.28 | K17: 0 | L17: 3.59 | M17: 12.66 | N17: 18.38 | O17: 31.43 | P17: 36.86 | Q17: 36 | R17: 52.7 | S17: 54.15 | T17: 57.11 | U17: 82.43 | V17: 88.91 | W17: 95.76 | X17: 84.76 | Y17: 81.81 | Z17: 57.67 | AA17: 41.1 | AB17: =SUM(D17:AA17) -> 864.73 | AC17: 7
B18: 46874 | C18: ORDINARIO | D18: 16.03 | E18: 13.1 | F18: 0 | G18: 0 | H18: 0 | I18: 0 | J18: 0.28 | K18: 0 | L18: 3.59 | M18: 12.66 | N18: 18.38 | O18: 31.43 | P18: 36.86 | Q18: 36 | R18: 52.7 | S18: 54.15 | T18: 57.11 | U18: 82.43 | V18: 88.91 | W18: 95.76 | X18: 84.76 | Y18: 81.81 | Z18: 57.67 | AA18: 41.1 | AB18: =SUM(D18:AA18) -> 864.73 | AC18: 21 | AD18: =+AB18*AC18+AB19*AC19+AB20*AC20 -> 26806.63
C19: SABADO | D19: 16.03 | E19: 13.1 | F19: 0 | G19: 0 | H19: 0 | I19: 0 | J19: 0.28 | K19: 0 | L19: 3.59 | M19: 12.66 | N19: 18.38 | O19: 31.43 | P19: 36.86 | Q19: 36 | R19: 52.7 | S19: 54.15 | T19: 57.11 | U19: 82.43 | V19: 88.91 | W19: 95.76 | X19: 84.76 | Y19: 81.81 | Z19: 57.67 | AA19: 41.1 | AB19: =SUM(D19:AA19) -> 864.73 | AC19: 4
C20: DOMINGO | D20: 16.03 | E20: 13.1 | F20: 0 | G20: 0 | H20: 0 | I20: 0 | J20: 0.28 | K20: 0 | L20: 3.59 | M20: 12.66 | N20: 18.38 | O20: 31.43 | P20: 36.86 | Q20: 36 | R20: 52.7 | S20: 54.15 | T20: 57.11 | U20: 82.43 | V20: 88.91 | W20: 95.76 | X20: 84.76 | Y20: 81.81 | Z20: 57.67 | AA20: 41.1 | AB20: =SUM(D20:AA20) -> 864.73 | AC20: 6
B21: 46905 | C21: ORDINARIO | D21: 16.03 | E21: 13.1 | F21: 0 | G21: 0 | H21: 0 | I21: 0 | J21: 0.28 | K21: 0 | L21: 3.59 | M21: 12.66 | N21: 18.38 | O21: 31.43 | P21: 36.86 | Q21: 36 | R21: 52.7 | S21: 54.15 | T21: 57.11 | U21: 82.43 | V21: 88.91 | W21: 95.76 | X21: 84.76 | Y21: 81.81 | Z21: 57.67 | AA21: 41.1 | AB21: =SUM(D21:AA21) -> 864.73 | AC21: 20 | AD21: =+AB21*AC21+AB22*AC22+AB23*AC23 -> 25941.9
C22: SABADO | D22: 16.03 | E22: 13.1 | F22: 0 | G22: 0 | H22: 0 | I22: 0 | J22: 0.28 | K22: 0 | L22: 3.59 | M22: 12.66 | N22: 18.38 | O22: 31.43 | P22: 36.86 | Q22: 36 | R22: 52.7 | S22: 54.15 | T22: 57.11 | U22: 82.43 | V22: 88.91 | W22: 95.76 | X22: 84.76 | Y22: 81.81 | Z22: 57.67 | AA22: 41.1 | AB22: =SUM(D22:AA22) -> 864.73 | AC22: 4
C23: DOMINGO | D23: 16.03 | E23: 13.1 | F23: 0 | G23: 0 | H23: 0 | I23: 0 | J23: 0.28 | K23: 0 | L23: 3.59 | M23: 12.66 | N23: 18.38 | O23: 31.43 | P23: 36.86 | Q23: 36 | R23: 52.7 | S23: 54.15 | T23: 57.11 | U23: 82.43 | V23: 88.91 | W23: 95.76 | X23: 84.76 | Y23: 81.81 | Z23: 57.67 | AA23: 41.1 | AB23: =SUM(D23:AA23) -> 864.73 | AC23: 6
B24: 46935 | C24: ORDINARIO | D24: 16.03 | E24: 13.1 | F24: 0 | G24: 0 | H24: 0 | I24: 0 | J24: 0.28 | K24: 0 | L24: 3.59 | M24: 12.66 | N24: 18.38 | O24: 31.43 | P24: 36.86 | Q24: 36 | R24: 52.7 | S24: 54.15 | T24: 57.11 | U24: 82.43 | V24: 88.91 | W24: 95.76 | X24: 84.76 | Y24: 81.81 | Z24: 57.67 | AA24: 41.1 | AB24: =SUM(D24:AA24) -> 864.73 | AC24: 19 | AD24: =+AB24*AC24+AB25*AC25+AB26*AC26 -> 26806.63
C25: SABADO | D25: 16.03 | E25: 13.1 | F25: 0 | G25: 0 | H25: 0 | I25: 0 | J25: 0.28 | K25: 0 | L25: 3.59 | M25: 12.66 | N25: 18.38 | O25: 31.43 | P25: 36.86 | Q25: 36 | R25: 52.7 | S25: 54.15 | T25: 57.11 | U25: 82.43 | V25: 88.91 | W25: 95.76 | X25: 84.76 | Y25: 81.81 | Z25: 57.67 | AA25: 41.1 | AB25: =SUM(D25:AA25) -> 864.73 | AC25: 5
C26: DOMINGO | D26: 16.03 | E26: 13.1 | F26: 0 | G26: 0 | H26: 0 | I26: 0 | J26: 0.28 | K26: 0 | L26: 3.59 | M26: 12.66 | N26: 18.38 | O26: 31.43 | P26: 36.86 | Q26: 36 | R26: 52.7 | S26: 54.15 | T26: 57.11 | U26: 82.43 | V26: 88.91 | W26: 95.76 | X26: 84.76 | Y26: 81.81 | Z26: 57.67 | AA26: 41.1 | AB26: =SUM(D26:AA26) -> 864.73 | AC26: 7
B27: 46966 | C27: ORDINARIO | D27: 16.03 | E27: 13.1 | F27: 0 | G27: 0 | H27: 0 | I27: 0 | J27: 0.28 | K27: 0 | L27: 3.59 | M27: 12.66 | N27: 18.38 | O27: 31.43 | P27: 36.86 | Q27: 36 | R27: 52.7 | S27: 54.15 | T27: 57.11 | U27: 82.43 | V27: 88.91 | W27: 95.76 | X27: 84.76 | Y27: 81.81 | Z27: 57.67 | AA27: 41.1 | AB27: =SUM(D27:AA27) -> 864.73 | AC27: 21 | AD27: =+AB27*AC27+AB28*AC28+AB29*AC29 -> 26806.63
C28: SABADO | D28: 16.03 | E28: 13.1 | F28: 0 | G28: 0 | H28: 0 | I28: 0 | J28: 0.28 | K28: 0 | L28: 3.59 | M28: 12.66 | N28: 18.38 | O28: 31.43 | P28: 36.86 | Q28: 36 | R28: 52.7 | S28: 54.15 | T28: 57.11 | U28: 82.43 | V28: 88.91 | W28: 95.76 | X28: 84.76 | Y28: 81.81 | Z28: 57.67 | AA28: 41.1 | AB28: =SUM(D28:AA28) -> 864.73 | AC28: 4
C29: DOMINGO | D29: 16.03 | E29: 13.1 | F29: 0 | G29: 0 | H29: 0 | I29: 0 | J29: 0.28 | K29: 0 | L29: 3.59 | M29: 12.66 | N29: 18.38 | O29: 31.43 | P29: 36.86 | Q29: 36 | R29: 52.7 | S29: 54.15 | T29: 57.11 | U29: 82.43 | V29: 88.91 | W29: 95.76 | X29: 84.76 | Y29: 81.81 | Z29: 57.67 | AA29: 41.1 | AB29: =SUM(D29:AA29) -> 864.73 | AC29: 6
B30: 46997 | C30: ORDINARIO | D30: 16.03 | E30: 13.1 | F30: 0 | G30: 0 | H30: 0 | I30: 0 | J30: 0.28 | K30: 0 | L30: 3.59 | M30: 12.66 | N30: 18.38 | O30: 31.43 | P30: 36.86 | Q30: 36 | R30: 52.7 | S30: 54.15 | T30: 57.11 | U30: 82.43 | V30: 88.91 | W30: 95.76 | X30: 84.76 | Y30: 81.81 | Z30: 57.67 | AA30: 41.1 | AB30: =SUM(D30:AA30) -> 864.73 | AC30: 21 | AD30: =+AB30*AC30+AB31*AC31+AB32*AC32 -> 25941.9
C31: SABADO | D31: 16.03 | E31: 13.1 | F31: 0 | G31: 0 | H31: 0 | I31: 0 | J31: 0.28 | K31: 0 | L31: 3.59 | M31: 12.66 | N31: 18.38 | O31: 31.43 | P31: 36.86 | Q31: 36 | R31: 52.7 | S31: 54.15 | T31: 57.11 | U31: 82.43 | V31: 88.91 | W31: 95.76 | X31: 84.76 | Y31: 81.81 | Z31: 57.67 | AA31: 41.1 | AB31: =SUM(D31:AA31) -> 864.73 | AC31: 5
C32: DOMINGO | D32: 16.03 | E32: 13.1 | F32: 0 | G32: 0 | H32: 0 | I32: 0 | J32: 0.28 | K32: 0 | L32: 3.59 | M32: 12.66 | N32: 18.38 | O32: 31.43 | P32: 36.86 | Q32: 36 | R32: 52.7 | S32: 54.15 | T32: 57.11 | U32: 82.43 | V32: 88.91 | W32: 95.76 | X32: 84.76 | Y32: 81.81 | Z32: 57.67 | AA32: 41.1 | AB32: =SUM(D32:AA32) -> 864.73 | AC32: 4
B33: 47027 | C33: ORDINARIO | D33: 16.03 | E33: 13.1 | F33: 0 | G33: 0 | H33: 0 | I33: 0 | J33: 0.28 | K33: 0 | L33: 3.59 | M33: 12.66 | N33: 18.38 | O33: 31.43 | P33: 36.86 | Q33: 36 | R33: 52.7 | S33: 54.15 | T33: 57.11 | U33: 82.43 | V33: 88.91 | W33: 95.76 | X33: 84.76 | Y33: 81.81 | Z33: 57.67 | AA33: 41.1 | AB33: =SUM(D33:AA33) -> 864.73 | AC33: 21 | AD33: =+AB33*AC33+AB34*AC34+AB35*AC35 -> 26806.63
C34: SABADO | D34: 16.03 | E34: 13.1 | F34: 0 | G34: 0 | H34: 0 | I34: 0 | J34: 0.28 | K34: 0 | L34: 3.59 | M34: 12.66 | N34: 18.38 | O34: 31.43 | P34: 36.86 | Q34: 36 | R34: 52.7 | S34: 54.15 | T34: 57.11 | U34: 82.43 | V34: 88.91 | W34: 95.76 | X34: 84.76 | Y34: 81.81 | Z34: 57.67 | AA34: 41.1 | AB34: =SUM(D34:AA34) -> 864.73 | AC34: 4
C35: DOMINGO | D35: 16.03 | E35: 13.1 | F35: 0 | G35: 0 | H35: 0 | I35: 0 | J35: 0.28 | K35: 0 | L35: 3.59 | M35: 12.66 | N35: 18.38 | O35: 31.43 | P35: 36.86 | Q35: 36 | R35: 52.7 | S35: 54.15 | T35: 57.11 | U35: 82.43 | V35: 88.91 | W35: 95.76 | X35: 84.76 | Y35: 81.81 | Z35: 57.67 | AA35: 41.1 | AB35: =SUM(D35:AA35) -> 864.73 | AC35: 6
B36: 47058 | C36: ORDINARIO | D36: 16.03 | E36: 13.1 | F36: 0 | G36: 0 | H36: 0 | I36: 0 | J36: 0.28 | K36: 0 | L36: 3.59 | M36: 12.66 | N36: 18.38 | O36: 31.43 | P36: 36.86 | Q36: 36 | R36: 52.7 | S36: 54.15 | T36: 57.11 | U36: 82.43 | V36: 88.91 | W36: 95.76 | X36: 84.76 | Y36: 81.81 | Z36: 57.67 | AA36: 41.1 | AB36: =SUM(D36:AA36) -> 864.73 | AC36: 20 | AD36: =+AB36*AC36+AB37*AC37+AB38*AC38 -> 25941.9
C37: SABADO | D37: 16.03 | E37: 13.1 | F37: 0 | G37: 0 | H37: 0 | I37: 0 | J37: 0.28 | K37: 0 | L37: 3.59 | M37: 12.66 | N37: 18.38 | O37: 31.43 | P37: 36.86 | Q37: 36 | R37: 52.7 | S37: 54.15 | T37: 57.11 | U37: 82.43 | V37: 88.91 | W37: 95.76 | X37: 84.76 | Y37: 81.81 | Z37: 57.67 | AA37: 41.1 | AB37: =SUM(D37:AA37) -> 864.73 | AC37: 4
C38: DOMINGO | D38: 16.03 | E38: 13.1 | F38: 0 | G38: 0 | H38: 0 | I38: 0 | J38: 0.28 | K38: 0 | L38: 3.59 | M38: 12.66 | N38: 18.38 | O38: 31.43 | P38: 36.86 | Q38: 36 | R38: 52.7 | S38: 54.15 | T38: 57.11 | U38: 82.43 | V38: 88.91 | W38: 95.76 | X38: 84.76 | Y38: 81.81 | Z38: 57.67 | AA38: 41.1 | AB38: =SUM(D38:AA38) -> 864.73 | AC38: 6
B39: 47088 | C39: ORDINARIO | D39: 16.03 | E39: 13.1 | F39: 0 | G39: 0 | H39: 0 | I39: 0 | J39: 0.28 | K39: 0 | L39: 3.59 | M39: 12.66 | N39: 18.38 | O39: 31.43 | P39: 36.86 | Q39: 36 | R39: 52.7 | S39: 54.15 | T39: 57.11 | U39: 82.43 | V39: 88.91 | W39: 95.76 | X39: 84.76 | Y39: 81.81 | Z39: 57.67 | AA39: 41.1 | AB39: =SUM(D39:AA39) -> 864.73 | AC39: 19 | AD39: =+AB39*AC39+AB40*AC40+AB41*AC41 -> 26806.63
C40: SABADO | D40: 16.03 | E40: 13.1 | F40: 0 | G40: 0 | H40: 0 | I40: 0 | J40: 0.28 | K40: 0 | L40: 3.59 | M40: 12.66 | N40: 18.38 | O40: 31.43 | P40: 36.86 | Q40: 36 | R40: 52.7 | S40: 54.15 | T40: 57.11 | U40: 82.43 | V40: 88.91 | W40: 95.76 | X40: 84.76 | Y40: 81.81 | Z40: 57.67 | AA40: 41.1 | AB40: =SUM(D40:AA40) -> 864.73 | AC40: 5
C41: DOMINGO | D41: 16.03 | E41: 13.1 | F41: 0 | G41: 0 | H41: 0 | I41: 0 | J41: 0.28 | K41: 0 | L41: 3.59 | M41: 12.66 | N41: 18.38 | O41: 31.43 | P41: 36.86 | Q41: 36 | R41: 52.7 | S41: 54.15 | T41: 57.11 | U41: 82.43 | V41: 88.91 | W41: 95.76 | X41: 84.76 | Y41: 81.81 | Z41: 57.67 | AA41: 41.1 | AB41: =SUM(D41:AA41) -> 864.73 | AC41: 7
AA42: ENERGÍA REQUERIDA | AD42: =SUM(AD6:AD41) -> 316491.18
B44: ENERGÍA CURVA A SOLICITAR AÑO 2029 PARA MERCADO REGULADO (MWh)
B45: MES | C45: DÍA | D45: H1 | E45: H2 | F45: H3 | G45: H4 | H45: H5 | I45: H6 | J45: H7 | K45: H8 | L45: H9 | M45: H10 | N45: H11 | O45: H12 | P45: H13 | Q45: H14 | R45: H15 | S45: H16 | T45: H17 | U45: H18 | V45: H19 | W45: H20 | X45: H21 | Y45: H22 | Z45: H23 | AA45: H24 | AB45: TOTAL | AC45: No. Dias | AD45: TOTAL MES
B46: 47119 | C46: ORDINARIO | D46: 25.32 | E46: 12.35 | F46: 6.23 | G46: 4.15 | H46: 5.25 | I46: 12.48 | J46: 8.58 | K46: 4.39 | L46: 25.53 | M46: 33.91 | N46: 40.86 | O46: 58.14 | P46: 62.78 | Q46: 55.93 | R46: 71.6 | S46: 75.8 | T46: 79.13 | U46: 93.23 | V46: 110.7 | W46: 110.6 | X46: 110.35 | Y46: 96.34 | Z46: 72.73 | AA46: 49.38 | AB46: =SUM(D46:AA46) -> 1225.76 | AC46: 21 | AD46: =+AB46*AC46+AB47*AC47+AB48*AC48 -> 31180.76
C47: SABADO | D47: 33.98 | E47: 26.35 | F47: 4.05 | G47: 6.03 | H47: 9.41 | I47: 5.42 | J47: 0 | K47: 0 | L47: 9.61 | M47: 10.87 | N47: 13.96 | O47: 24.89 | P47: 30.04 | Q47: 22.48 | R47: 35.2 | S47: 36.26 | T47: 33.09 | U47: 59.26 | V47: 84.82 | W47: 87.32 | X47: 75.56 | Y47: 67.82 | Z47: 56.04 | AA47: 36.22 | AB47: =SUM(D47:AA47) -> 768.68 | AC47: 4
C48: DOMINGO | D48: 17.02 | E48: 10.54 | F48: 2.23 | G48: 0 | H48: 0 | I48: 0 | J48: 0 | K48: 0 | L48: 0 | M48: 0 | N48: 0 | O48: 0 | P48: 7.25 | Q48: 11.95 | R48: 14.62 | S48: 12.19 | T48: 13.56 | U48: 21.89 | V48: 28.67 | W48: 49.02 | X48: 51.81 | Y48: 43.6 | Z48: 64.09 | AA48: 45.74 | AB48: =SUM(D48:AA48) -> 394.18 | AC48: 6
B49: 47150 | C49: ORDINARIO | D49: 22.17 | E49: 5.28 | F49: 0 | G49: 0 | H49: 0 | I49: 8.23 | J49: 1.66 | K49: 0.35 | L49: 20.54 | M49: 33.14 | N49: 39.96 | O49: 56.86 | P49: 59.93 | Q49: 50.16 | R49: 68.12 | S49: 69.12 | T49: 71.46 | U49: 86.61 | V49: 102.16 | W49: 98.45 | X49: 96.71 | Y49: 83.2 | Z49: 60.94 | AA49: 38.71 | AB49: =SUM(D49:AA49) -> 1073.76 | AC49: 20 | AD49: =+AB49*AC49+AB50*AC50+AB51*AC51 -> 26105.4
C50: SABADO | D50: 26.68 | E50: 19.71 | F50: 0.06 | G50: 0 | H50: 3.61 | I50: 1.75 | J50: 0 | K50: 0 | L50: 5.45 | M50: 13.11 | N50: 15.31 | O50: 26.76 | P50: 32.08 | Q50: 27.91 | R50: 37.33 | S50: 36.2 | T50: 35.53 | U50: 59.36 | V50: 86.97 | W50: 84.46 | X50: 75.31 | Y50: 66.8 | Z50: 56.3 | AA50: 39.9 | AB50: =SUM(D50:AA50) -> 750.59 | AC50: 4
C51: DOMINGO | D51: 14.69 | E51: 11.47 | F51: 0.9 | G51: 0 | H51: 0 | I51: 0 | J51: 0 | K51: 0 | L51: 0 | M51: 0 | N51: 0 | O51: 0 | P51: 7.12 | Q51: 13.81 | R51: 14.85 | S51: 16.71 | T51: 19.01 | U51: 24.8 | V51: 37.42 | W51: 57.96 | X51: 53.26 | Y51: 45.3 | Z51: 52.28 | AA51: 37.38 | AB51: =SUM(D51:AA51) -> 406.96 | AC51: 4
B52: 47178 | C52: ORDINARIO | D52: 23.95 | E52: 7.3 | F52: 0 | G52: 0.19 | H52: 0 | I52: 11.22 | J52: 3.75 | K52: 2.64 | L52: 23.44 | M52: 35.65 | N52: 42.28 | O52: 56.94 | P52: 59.25 | Q52: 50.39 | R52: 69.86 | S52: 72.16 | T52: 74.43 | U52: 90.36 | V52: 104.26 | W52: 101 | X52: 99.81 | Y52: 86.4 | Z52: 63.53 | AA52: 41.22 | AB52: =SUM(D52:AA52) -> 1120.03 | AC52: 19 | AD52: =+AB52*AC52+AB53*AC53+AB54*AC54 -> 27796.2
C53: SABADO | D53: 25.8 | E53: 8.04 | F53: 0 | G53: 0 | H53: 1.06 | I53: 0 | J53: 0 | K53: 0 | L53: 5.71 | M53: 14.47 | N53: 16.73 | O53: 26.42 | P53: 32.01 | Q53: 30.39 | R53: 36.75 | S53: 35.98 | T53: 36.39 | U53: 58.36 | V53: 88.37 | W53: 82.18 | X53: 72.31 | Y53: 64.8 | Z53: 56.16 | AA53: 21.53 | AB53: =SUM(D53:AA53) -> 713.46 | AC53: 5
C54: DOMINGO | D54: 14.29 | E54: 9.85 | F54: 0 | G54: 0 | H54: 0 | I54: 0 | J54: 0 | K54: 0 | L54: 0 | M54: 0 | N54: 0 | O54: 0 | P54: 6.61 | Q54: 13.36 | R54: 15.07 | S54: 17.36 | T54: 22.93 | U54: 28.54 | V54: 44.68 | W54: 57.73 | X54: 58.67 | Y54: 51.7 | Z54: 46.62 | AA54: 33.78 | AB54: =SUM(D54:AA54) -> 421.19 | AC54: 7
B55: 47209 | C55: ORDINARIO | D55: 23.49 | E55: 10.35 | F55: 1.91 | G55: 1.35 | H55: 1.2 | I55: 10.57 | J55: 2.21 | K55: 0.66 | L55: 22.96 | M55: 34.95 | N55: 41.14 | O55: 59.56 | P55: 63.01 | Q55: 53.53 | R55: 73.16 | S55: 75.96 | T55: 78.65 | U55: 94.12 | V55: 108.5 | W55: 105.69 | X55: 104.41 | Y55: 90.92 | Z55: 68.05 | AA55: 44.36 | AB55: =SUM(D55:AA55) -> 1170.71 | AC55: 21 | AD55: =+AB55*AC55+AB56*AC56+AB57*AC57 -> 28487.41
C56: SABADO | D56: 21.28 | E56: 18.6 | F56: 0.2 | G56: 0 | H56: 0 | I56: 0 | J56: 0 | K56: 0 | L56: 3.93 | M56: 13.97 | N56: 15.73 | O56: 26.14 | P56: 34.34 | Q56: 30.27 | R56: 36.59 | S56: 39.04 | T56: 36.69 | U56: 60.93 | V56: 84.98 | W56: 80.57 | X56: 71.41 | Y56: 64.42 | Z56: 56.14 | AA56: 13.87 | AB56: =SUM(D56:AA56) -> 709.1 | AC56: 4
C57: DOMINGO | D57: 0 | E57: 0 | F57: 0 | G57: 0 | H57: 0 | I57: 0 | J57: 0 | K57: 0 | L57: 0 | M57: 0 | N57: 0 | O57: 0 | P57: 0 | Q57: 13.6 | R57: 14.23 | S57: 14.59 | T57: 18.41 | U57: 6.7 | V57: 14.34 | W57: 30.09 | X57: 28.03 | Y57: 15.65 | Z57: 26.06 | AA57: 31.52 | AB57: =SUM(D57:AA57) -> 213.22 | AC57: 5
B58: 47239 | C58: ORDINARIO | D58: 20.61 | E58: 8.61 | F58: 1.13 | G58: 0.51 | H58: 0 | I58: 8.06 | J58: 0 | K58: 0 | L58: 21.92 | M58: 33.29 | N58: 39.7 | O58: 56.7 | P58: 58.2 | Q58: 51.11 | R58: 72.47 | S58: 75.73 | T58: 79.51 | U58: 92.98 | V58: 108.5 | W58: 105.3 | X58: 102.9 | Y58: 88.68 | Z58: 66.86 | AA58: 43.8 | AB58: =SUM(D58:AA58) -> 1136.57 | AC58: 21 | AD58: =+AB58*AC58+AB59*AC59+AB60*AC60 -> 28381.77
C59: SABADO | D59: 15.66 | E59: 14.06 | F59: 0 | G59: 0 | H59: 0 | I59: 1.41 | J59: 0 | K59: 0 | L59: 2.5 | M59: 10.84 | N59: 14.66 | O59: 24.02 | P59: 31.15 | Q59: 26.77 | R59: 37.7 | S59: 39.85 | T59: 37.09 | U59: 66.25 | V59: 85.03 | W59: 81.56 | X59: 73.12 | Y59: 65.91 | Z59: 53.24 | AA59: 18.09 | AB59: =SUM(D59:AA59) -> 698.91 | AC59: 4
C60: DOMINGO | D60: 3.65 | E60: 10.39 | F60: 0 | G60: 0 | H60: 0 | I60: 0 | J60: 0 | K60: 0 | L60: 0 | M60: 0 | N60: 0 | O60: 0 | P60: 0 | Q60: 12.2 | R60: 17.96 | S60: 15.24 | T60: 19.73 | U60: 11.42 | V60: 19.79 | W60: 32.38 | X60: 35.5 | Y60: 28.17 | Z60: 40.29 | AA60: 39.64 | AB60: =SUM(D60:AA60) -> 286.36 | AC60: 6
B61: 47270 | C61: ORDINARIO | D61: 20.02 | E61: 10.94 | F61: 2.89 | G61: 1.34 | H61: 1.08 | I61: 8.94 | J61: 2.08 | K61: 1.91 | L61: 25.58 | M61: 37.23 | N61: 43.03 | O61: 60.18 | P61: 62.34 | Q61: 54.29 | R61: 72.7 | S61: 77.8 | T61: 81.04 | U61: 93.4 | V61: 108.78 | W61: 107.22 | X61: 105.98 | Y61: 91.4 | Z61: 68.85 | AA61: 46.06 | AB61: =SUM(D61:AA61) -> 1185.08 | AC61: 19 | AD61: =+AB61*AC61+AB62*AC62+AB63*AC63 -> 27812.31
C62: SABADO | D62: 15.21 | E62: 19.83 | F62: 0 | G62: 0 | H62: 2.48 | I62: 2.84 | J62: 0 | K62: 0 | L62: 4.25 | M62: 14.55 | N62: 16.51 | O62: 26.52 | P62: 32.94 | Q62: 29.28 | R62: 38.23 | S62: 38.44 | T62: 37.81 | U62: 61.6 | V62: 88.18 | W62: 80.15 | X62: 72.75 | Y62: 65.75 | Z62: 54.31 | AA62: 27.72 | AB62: =SUM(D62:AA62) -> 729.35 | AC62: 5
C63: DOMINGO | D63: 0 | E63: 2.02 | F63: 0 | G63: 0 | H63: 0 | I63: 0 | J63: 0 | K63: 0 | L63: 0 | M63: 0 | N63: 0 | O63: 0 | P63: 2.73 | Q63: 12.59 | R63: 16.93 | S63: 13.7 | T63: 18.01 | U63: 11.71 | V63: 21.92 | W63: 33.89 | X63: 42.09 | Y63: 24.52 | Z63: 41.13 | AA63: 33.6 | AB63: =SUM(D63:AA63) -> 274.84 | AC63: 6
B64: 47300 | C64: ORDINARIO | D64: 24.62 | E64: 13.52 | F64: 4.91 | G64: 3.54 | H64: 3.54 | I64: 11.06 | J64: 4.93 | K64: 5.24 | L64: 29.27 | M64: 39.65 | N64: 47.66 | O64: 63.33 | P64: 66.18 | Q64: 57.42 | R64: 76.99 | S64: 82.92 | T64: 86.92 | U64: 99.89 | V64: 114.86 | W64: 113.95 | X64: 113.05 | Y64: 97.85 | Z64: 73.92 | AA64: 49.27 | AB64: =SUM(D64:AA64) -> 1284.49 | AC64: 20 | AD64: =+AB64*AC64+AB65*AC65+AB66*AC66 -> 31117.77
C65: SABADO | D65: 14.69 | E65: 20.76 | F65: 5.38 | G65: 3.87 | H65: 2.14 | I65: 4.1 | J65: 0 | K65: 0 | L65: 5.17 | M65: 13.66 | N65: 17.59 | O65: 25.76 | P65: 32.98 | Q65: 30.01 | R65: 36.64 | S65: 36.17 | T65: 37.87 | U65: 61.31 | V65: 90.66 | W65: 83.56 | X65: 77.88 | Y65: 67.56 | Z65: 55.34 | AA65: 42.06 | AB65: =SUM(D65:AA65) -> 765.16 | AC65: 4
C66: DOMINGO | D66: 0 | E66: 9.85 | F66: 0 | G66: 0 | H66: 0 | I66: 0 | J66: 0 | K66: 0 | L66: 0 | M66: 0 | N66: 0 | O66: 0 | P66: 2.24 | Q66: 10.17 | R66: 14.26 | S66: 11.81 | T66: 17.69 | U66: 13.93 | V66: 30.41 | W66: 44.11 | X66: 47.17 | Y66: 43.32 | Z66: 50.04 | AA66: 43.19 | AB66: =SUM(D66:AA66) -> 338.19 | AC66: 7
B67: 47331 | C67: ORDINARIO | D67: 22.94 | E67: 11.33 | F67: 1.97 | G67: 3.38 | H67: 2.19 | I67: 12.47 | J67: 3.49 | K67: 4.34 | L67: 28.09 | M67: 40.59 | N67: 49.28 | O67: 66.62 | P67: 67.62 | Q67: 53.92 | R67: 77.69 | S67: 82.35 | T67: 85.73 | U67: 99.81 | V67: 114.77 | W67: 112.28 | X67: 111.61 | Y67: 95.96 | Z67: 70.81 | AA67: 45.96 | AB67: =SUM(D67:AA67) -> 1265.2 | AC67: 21 | AD67: =+AB67*AC67+AB68*AC68+AB69*AC69 -> 31504.18
C68: SABADO | D68: 15.07 | E68: 15.82 | F68: 0.22 | G68: 0 | H68: 0 | I68: 3.56 | J68: 0 | K68: 0 | L68: 4.26 | M68: 14.19 | N68: 18.59 | O68: 29.01 | P68: 33.71 | Q68: 29.84 | R68: 35.53 | S68: 35.7 | T68: 36.11 | U68: 59.92 | V68: 88.66 | W68: 90.27 | X68: 81.07 | Y68: 66.91 | Z68: 55.42 | AA68: 37.29 | AB68: =SUM(D68:AA68) -> 751.15 | AC68: 4
C69: DOMINGO | D69: 0 | E69: 6.11 | F69: 0 | G69: 0 | H69: 0 | I69: 0 | J69: 0 | K69: 0 | L69: 0 | M69: 0 | N69: 0 | O69: 0 | P69: 5.13 | Q69: 8.81 | R69: 13.6 | S69: 12.08 | T69: 18.15 | U69: 12.26 | V69: 32.83 | W69: 41.59 | X69: 41.78 | Y69: 41.83 | Z69: 42.01 | AA69: 45.55 | AB69: =SUM(D69:AA69) -> 321.73 | AC69: 6
B70: 47362 | C70: ORDINARIO | D70: 25.65 | E70: 13.17 | F70: 3.13 | G70: 5.18 | H70: 4.6 | I70: 15.14 | J70: 6.21 | K70: 5.96 | L70: 31.65 | M70: 43.33 | N70: 50.86 | O70: 67.88 | P70: 69.27 | Q70: 58.49 | R70: 84.17 | S70: 88.71 | T70: 91.64 | U70: 104.13 | V70: 118.99 | W70: 115.37 | X70: 114.95 | Y70: 99.12 | Z70: 73.82 | AA70: 47.72 | AB70: =SUM(D70:AA70) -> 1339.14 | AC70: 20 | AD70: =+AB70*AC70+AB71*AC71+AB72*AC72 -> 32103.85
C71: SABADO | D71: 15.83 | E71: 16.47 | F71: 0 | G71: 0 | H71: 0 | I71: 0.58 | J71: 0 | K71: 0 | L71: 4.65 | M71: 14.22 | N71: 18.19 | O71: 30.64 | P71: 32.51 | Q71: 32.3 | R71: 38.53 | S71: 37.86 | T71: 38.58 | U71: 59.19 | V71: 86.84 | W71: 92.93 | X71: 82.79 | Y71: 65.05 | Z71: 55.29 | AA71: 33.46 | AB71: =SUM(D71:AA71) -> 755.91 | AC71: 5
C72: DOMINGO | D72: 5.07 | E72: 4.84 | F72: 0 | G72: 0 | H72: 0 | I72: 0 | J72: 0 | K72: 0 | L72: 0 | M72: 0 | N72: 0 | O72: 0 | P72: 4.55 | Q72: 11.01 | R72: 16.97 | S72: 17.18 | T72: 21.13 | U72: 14.81 | V72: 27.5 | W72: 46.94 | X72: 40.35 | Y72: 33.43 | Z72: 28.26 | AA72: 36.26 | AB72: =SUM(D72:AA72) -> 308.3 | AC72: 5
B73: 47392 | C73: ORDINARIO | D73: 22.23 | E73: 12.17 | F73: 2.96 | G73: 3.34 | H73: 2.23 | I73: 11.12 | J73: 2.23 | K73: 2.87 | L73: 29.44 | M73: 41.03 | N73: 49.89 | O73: 68.34 | P73: 72.4 | Q73: 60.37 | R73: 83.01 | S73: 85.69 | T73: 88.19 | U73: 101.93 | V73: 116.57 | W73: 112.18 | X73: 110.42 | Y73: 96.05 | Z73: 72.83 | AA73: 47.54 | AB73: =SUM(D73:AA73) -> 1295.03 | AC73: 22 | AD73: =+AB73*AC73+AB74*AC74+AB75*AC75 -> 33411.37
C74: SABADO | D74: 16.69 | E74: 15.02 | F74: 0 | G74: 0 | H74: 0 | I74: 0 | J74: 0 | K74: 0 | L74: 4.56 | M74: 14.79 | N74: 20.82 | O74: 36.21 | P74: 37.05 | Q74: 34.99 | R74: 41.25 | S74: 38.03 | T74: 38.89 | U74: 59.76 | V74: 86.48 | W74: 92.95 | X74: 83.57 | Y74: 64.58 | Z74: 55.2 | AA74: 35.4 | AB74: =SUM(D74:AA74) -> 776.24 | AC74: 4
C75: DOMINGO | D75: 10.2 | E75: 16.37 | F75: 0 | G75: 0 | H75: 0 | I75: 0 | J75: 0 | K75: 0 | L75: 0 | M75: 0 | N75: 0 | O75: 2.23 | P75: 9.96 | Q75: 15.45 | R75: 20.04 | S75: 16.49 | T75: 21.5 | U75: 18.19 | V75: 30.92 | W75: 45.17 | X75: 45.17 | Y75: 35.56 | Z75: 38.26 | AA75: 37.64 | AB75: =SUM(D75:AA75) -> 363.15 | AC75: 5
B76: 47423 | C76: ORDINARIO | D76: 20.49 | E76: 10.57 | F76: 1.45 | G76: 2.23 | H76: 0.77 | I76: 10.12 | J76: 1.21 | K76: 2.32 | L76: 27.88 | M76: 39.89 | N76: 47.26 | O76: 63.38 | P76: 66.19 | Q76: 56.11 | R76: 81.19 | S76: 85.37 | T76: 88.05 | U76: 101.65 | V76: 116.59 | W76: 111.83 | X76: 109.78 | Y76: 94.89 | Z76: 71.52 | AA76: 45.46 | AB76: =SUM(D76:AA76) -> 1256.2 | AC76: 20 | AD76: =+AB76*AC76+AB77*AC77+AB78*AC78 -> 30388.82
C77: SABADO | D77: 16.68 | E77: 14.54 | F77: 0 | G77: 0 | H77: 0 | I77: 1.47 | J77: 0 | K77: 0 | L77: 4.26 | M77: 14.67 | N77: 18.2 | O77: 32.91 | P77: 31.99 | Q77: 30.7 | R77: 41.88 | S77: 39.94 | T77: 40.23 | U77: 59.84 | V77: 85.71 | W77: 94.44 | X77: 79.44 | Y77: 64.29 | Z77: 54.7 | AA77: 34.31 | AB77: =SUM(D77:AA77) -> 760.2 | AC77: 4
C78: DOMINGO | D78: 3.03 | E78: 2.16 | F78: 0 | G78: 0 | H78: 0 | I78: 0 | J78: 0 | K78: 0 | L78: 0 | M78: 0 | N78: 0 | O78: 0 | P78: 6.56 | Q78: 13.48 | R78: 20.8 | S78: 17.09 | T78: 22.66 | U78: 20.94 | V78: 33.56 | W78: 51.13 | X78: 51.41 | Y78: 47.13 | Z78: 42.19 | AA78: 38.53 | AB78: =SUM(D78:AA78) -> 370.67 | AC78: 6
B79: 47453 | C79: ORDINARIO | D79: 25.96 | E79: 14.69 | F79: 6.14 | G79: 4.83 | H79: 5.46 | I79: 11.97 | J79: 8.79 | K79: 5.96 | L79: 30.75 | M79: 41.29 | N79: 48.03 | O79: 64.16 | P79: 67.32 | Q79: 58.35 | R79: 78.99 | S79: 85.91 | T79: 90.28 | U79: 101.99 | V79: 118.33 | W79: 117.2 | X79: 116.37 | Y79: 101.05 | Z79: 77.76 | AA79: 52.07 | AB79: =SUM(D79:AA79) -> 1333.65 | AC79: 20 | AD79: =+AB79*AC79+AB80*AC80+AB81*AC81 -> 32270.63
C80: SABADO | D80: 15.4 | E80: 15.15 | F80: 0 | G80: 0 | H80: 0.37 | I80: 5.26 | J80: 0 | K80: 0 | L80: 4.05 | M80: 12.67 | N80: 16.41 | O80: 32.05 | P80: 29.4 | Q80: 25.92 | R80: 38.37 | S80: 36.93 | T80: 38.54 | U80: 59.86 | V80: 85.18 | W80: 92.1 | X80: 75 | Y80: 63.95 | Z80: 53.9 | AA80: 44.59 | AB80: =SUM(D80:AA80) -> 745.1 | AC80: 4
C81: DOMINGO | D81: 11.64 | E81: 19.68 | F81: 0 | G81: 0 | H81: 0 | I81: 0 | J81: 0 | K81: 0 | L81: 0 | M81: 0 | N81: 0 | O81: 0 | P81: 6.23 | Q81: 12.52 | R81: 17.54 | S81: 14.42 | T81: 19.56 | U81: 19.68 | V81: 26.84 | W81: 47.34 | X81: 48.17 | Y81: 48.17 | Z81: 38.77 | AA81: 43.33 | AB81: =SUM(D81:AA81) -> 373.89 | AC81: 7
AA82: ENERGÍA REQUERIDA | AD82: =SUM(AD46:AD81) -> 360560.47
B84: ENERGÍA CURVA A SOLICITAR AÑO 2030 PARA MERCADO REGULADO (MWh)
B85: MES | C85: DÍA | D85: H1 | E85: H2 | F85: H3 | G85: H4 | H85: H5 | I85: H6 | J85: H7 | K85: H8 | L85: H9 | M85: H10 | N85: H11 | O85: H12 | P85: H13 | Q85: H14 | R85: H15 | S85: H16 | T85: H17 | U85: H18 | V85: H19 | W85: H20 | X85: H21 | Y85: H22 | Z85: H23 | AA85: H24 | AB85: TOTAL | AC85: No. Dias | AD85: TOTAL MES
B86: 47484 | C86: ORDINARIO | D86: 14.38 | E86: 8.98 | F86: 6.43 | G86: 5.57 | H86: 6.02 | I86: 9.03 | J86: 0 | K86: 0 | L86: 3.19 | M86: 6.74 | N86: 9.68 | O86: 16.89 | P86: 18.8 | Q86: 15.93 | R86: 22.44 | S86: 24.16 | T86: 25.5 | U86: 30.71 | V86: 47.17 | W86: 44.7 | X86: 47.02 | Y86: 41.19 | Z86: 33.84 | AA86: 24.11 | AB86: =SUM(D86:AA86) -> 462.48 | AC86: 21 | AD86: =+AB86*AC86+AB87*AC87+AB88*AC88 -> 11511
C87: SABADO | D87: 17.99 | E87: 14.81 | F87: 5.52 | G87: 6.35 | H87: 7.76 | I87: 6.09 | J87: 0 | K87: 0 | L87: 0 | M87: 0 | N87: 0 | O87: 3.04 | P87: 5.16 | Q87: 1.99 | R87: 7.28 | S87: 7.69 | T87: 6.32 | U87: 17.44 | V87: 32.86 | W87: 32.26 | X87: 29 | Y87: 25.78 | Z87: 26.88 | AA87: 18.63 | AB87: =SUM(D87:AA87) -> 272.85 | AC87: 4
C88: DOMINGO | D88: 10.92 | E88: 8.23 | F88: 4.77 | G88: 2.66 | H88: 0 | I88: 0 | J88: 0 | K88: 0 | L88: 0 | M88: 0 | N88: 0 | O88: 0 | P88: 0 | Q88: 0 | R88: 0 | S88: 0 | T88: 0 | U88: 11.05 | V88: 0.1 | W88: 9.6 | X88: 10.57 | Y88: 7.19 | Z88: 30.24 | AA88: 22.59 | AB88: =SUM(D88:AA88) -> 117.92 | AC88: 6
B89: 47515 | C89: ORDINARIO | D89: 13.07 | E89: 6.03 | F89: 3.09 | G89: 3.29 | H89: 2.48 | I89: 7.27 | J89: 0 | K89: 0 | L89: 1.12 | M89: 6.43 | N89: 9.32 | O89: 16.37 | P89: 17.63 | Q89: 13.53 | R89: 21.01 | S89: 21.39 | T89: 22.31 | U89: 28.49 | V89: 43 | W89: 39.26 | X89: 40.73 | Y89: 35.11 | Z89: 28.92 | AA89: 19.66 | AB89: =SUM(D89:AA89) -> 399.51 | AC89: 20 | AD89: =+AB89*AC89+AB90*AC90+AB91*AC91 -> 9547.36
C90: SABADO | D90: 14.95 | E90: 12.05 | F90: 3.86 | G90: 3.49 | H90: 5.34 | I90: 4.57 | J90: 0 | K90: 0 | L90: 0 | M90: 0 | N90: 0 | O90: 3.83 | P90: 6.03 | Q90: 4.27 | R90: 8.18 | S90: 7.67 | T90: 7.35 | U90: 17.35 | V90: 33.83 | W90: 31.3 | X90: 28.97 | Y90: 25.43 | Z90: 26.99 | AA90: 20.16 | AB90: =SUM(D90:AA90) -> 265.62 | AC90: 4
C91: DOMINGO | D91: 9.96 | E91: 8.61 | F91: 4.21 | G91: 1.54 | H91: 0 | I91: 0.69 | J91: 0 | K91: 0 | L91: 0 | M91: 0 | N91: 0 | O91: 0 | P91: 0 | Q91: 0 | R91: 0 | S91: 0 | T91: 0.46 | U91: 11.13 | V91: 6.12 | W91: 14.39 | X91: 12.71 | Y91: 9.42 | Z91: 25.32 | AA91: 19.11 | AB91: =SUM(D91:AA91) -> 123.67 | AC91: 4
B92: 47543 | C92: ORDINARIO | D92: 13.81 | E92: 6.88 | F92: 3.75 | G92: 3.92 | H92: 3.63 | I92: 8.51 | J92: 0 | K92: 0 | L92: 2.32 | M92: 7.46 | N92: 10.26 | O92: 16.38 | P92: 17.33 | Q92: 13.61 | R92: 21.71 | S92: 22.64 | T92: 23.54 | U92: 29.57 | V92: 43.86 | W92: 40.25 | X92: 42.01 | Y92: 36.42 | Z92: 30 | AA92: 20.71 | AB92: =SUM(D92:AA92) -> 418.57 | AC92: 20 | AD92: =+AB92*AC92+AB93*AC93+AB94*AC94 -> 10397.94
C93: SABADO | D93: 14.58 | E93: 7.19 | F93: 3.52 | G93: 2.99 | H93: 4.28 | I93: 3.78 | J93: 0 | K93: 0 | L93: 0 | M93: 0 | N93: 0 | O93: 3.67 | P93: 5.99 | Q93: 5.29 | R93: 7.92 | S93: 7.57 | T93: 7.7 | U93: 17.14 | V93: 34.88 | W93: 30.71 | X93: 28.19 | Y93: 25.08 | Z93: 26.93 | AA93: 12.51 | AB93: =SUM(D93:AA93) -> 249.92 | AC93: 5
C94: DOMINGO | D94: 9.79 | E94: 7.94 | F94: 1.05 | G94: 1.05 | H94: 0 | I94: 0 | J94: 0 | K94: 0 | L94: 0 | M94: 0 | N94: 0 | O94: 0 | P94: 0 | Q94: 0 | R94: 0 | S94: 0 | T94: 2.09 | U94: 12.92 | V94: 10.04 | W94: 15.2 | X94: 15.87 | Y94: 12.97 | Z94: 22.96 | AA94: 17.61 | AB94: =SUM(D94:AA94) -> 129.49 | AC94: 6
B95: 47574 | C95: ORDINARIO | D95: 13.62 | E95: 8.15 | F95: 4.63 | G95: 4.4 | H95: 4.34 | I95: 8.24 | J95: 0 | K95: 0 | L95: 2.13 | M95: 7.18 | N95: 9.8 | O95: 17.48 | P95: 18.91 | Q95: 14.93 | R95: 23.1 | S95: 24.23 | T95: 25.3 | U95: 31.08 | V95: 45.2 | W95: 41.73 | X95: 43.5 | Y95: 37.88 | Z95: 31.88 | AA95: 22.02 | AB95: =SUM(D95:AA95) -> 439.73 | AC95: 20 | AD95: =+AB95*AC95+AB96*AC96+AB97*AC97 -> 10039.76
C96: SABADO | D96: 12.7 | E96: 11.59 | F96: 3.92 | G96: 3.58 | H96: 2.8 | I96: 3.05 | J96: 0 | K96: 0 | L96: 0 | M96: 0 | N96: 0 | O96: 3.56 | P96: 6.96 | Q96: 5.24 | R96: 7.86 | S96: 8.85 | T96: 7.82 | U96: 19.02 | V96: 33.15 | W96: 29.78 | X96: 27.5 | Y96: 24.58 | Z96: 26.92 | AA96: 9.32 | AB96: =SUM(D96:AA96) -> 248.2 | AC96: 4
C97: DOMINGO | D97: 1.44 | E97: 1.67 | F97: 0 | G97: 0 | H97: 0 | I97: 0 | J97: 0 | K97: 0 | L97: 0 | M97: 0 | N97: 0 | O97: 0 | P97: 0 | Q97: 0 | R97: 0 | S97: 0 | T97: 0 | U97: 0 | V97: 6.41 | W97: 12.64 | X97: 12.53 | Y97: 7.37 | Z97: 0 | AA97: 0 | AB97: =SUM(D97:AA97) -> 42.06 | AC97: 6
B98: 47604 | C98: ORDINARIO | D98: 12.42 | E98: 7.42 | F98: 4.31 | G98: 4.05 | H98: 3.55 | I98: 7.19 | J98: 0 | K98: 0 | L98: 1.69 | M98: 6.48 | N98: 9.2 | O98: 16.29 | P98: 16.9 | Q98: 13.92 | R98: 22.8 | S98: 24.13 | T98: 25.66 | U98: 30.82 | V98: 45.73 | W98: 42.1 | X98: 43.4 | Y98: 37.47 | Z98: 28.17 | AA98: 21.78 | AB98: =SUM(D98:AA98) -> 425.48 | AC98: 22 | AD98: =+AB98*AC98+AB99*AC99+AB100*AC100 -> 10702.73
C99: SABADO | D99: 10.36 | E99: 9.69 | F99: 3.6 | G99: 3.07 | H99: 3.56 | I99: 4.42 | J99: 0 | K99: 0 | L99: 0 | M99: 0 | N99: 0 | O99: 2.67 | P99: 5.63 | Q99: 3.78 | R99: 8.32 | S99: 9.18 | T99: 7.99 | U99: 20.79 | V99: 34.05 | W99: 30.98 | X99: 29.09 | Y99: 26.09 | Z99: 19.49 | AA99: 11.07 | AB99: =SUM(D99:AA99) -> 243.83 | AC99: 4
C100: DOMINGO | D100: 5.36 | E100: 8.16 | F100: 0 | G100: 0 | H100: 0 | I100: 0 | J100: 0 | K100: 0 | L100: 0 | M100: 0 | N100: 0 | O100: 0 | P100: 0 | Q100: 0 | R100: 0 | S100: 0 | T100: 0 | U100: 9.77 | V100: 3.75 | W100: 8.75 | X100: 10.29 | Y100: 7.24 | Z100: 0 | AA100: 20.05 | AB100: =SUM(D100:AA100) -> 73.37 | AC100: 5
B101: 47635 | C101: ORDINARIO | D101: 12.18 | E101: 8.4 | F101: 5.04 | G101: 4.4 | H101: 4.29 | I101: 7.56 | J101: 0 | K101: 0 | L101: 3.21 | M101: 8.12 | N101: 10.58 | O101: 17.74 | P101: 18.63 | Q101: 15.25 | R101: 22.9 | S101: 24.99 | T101: 26.3 | U101: 30.78 | V101: 45.44 | W101: 42.43 | X101: 44.27 | Y101: 38.2 | Z101: 32.22 | AA101: 22.72 | AB101: =SUM(D101:AA101) -> 445.65 | AC101: 18 | AD101: =+AB101*AC101+AB102*AC102+AB103*AC103 -> 9784.47
C102: SABADO | D102: 10.17 | E102: 12.1 | F102: 3.69 | G102: 2.76 | H102: 4.87 | I102: 5.02 | J102: 0 | K102: 0 | L102: 0 | M102: 0 | N102: 0 | O102: 3.72 | P102: 6.38 | Q102: 4.83 | R102: 8.54 | S102: 8.6 | T102: 8.29 | U102: 18.78 | V102: 34.57 | W102: 29.7 | X102: 28.14 | Y102: 25.23 | Z102: 26.16 | AA102: 15.09 | AB102: =SUM(D102:AA102) -> 256.64 | AC102: 5
C103: DOMINGO | D103: 1.9 | E103: 4.68 | F103: 0 | G103: 0 | H103: 0 | I103: 0 | J103: 0 | K103: 0 | L103: 0 | M103: 0 | N103: 0 | O103: 0 | P103: 0 | Q103: 0 | R103: 0 | S103: 0 | T103: 0 | U103: 9.88 | V103: 5.09 | W103: 9.76 | X103: 13.49 | Y103: 6.17 | Z103: 0 | AA103: 17.54 | AB103: =SUM(D103:AA103) -> 68.51 | AC103: 7
...

Sheet P5_ANEXO_2 - 2028 al 2037
D2: EMPRESAS MUNICIPALES DE CALI- EMCALI EICE ESP
D3: CONVOCATORIA PÚBLICA PARA COMPRA DE ENERGÍA
D4: Código de Convocatoria SICEP No. CP-EMIC2026-001
D6: ANEXO No. 2 CANTIDADES Y PRECIOS OFERTADOS
D8: PRODUCTO 5 - ENERO 2028 A DICIEMBRE 2037
D11: AÑO | E11: Energía solicitada (MWh) | F11: % ofertado | G11: $/kWh
D12: 2028 | E12: ='P5_ANEXO 1 -2028 a 2037'!AD42 -> 316491.18
D13: 2029 | E13: ='P5_ANEXO 1 -2028 a 2037'!AD82 -> 360560.47
D14: 2030 | E14: ='P5_ANEXO 1 -2028 a 2037'!AD122 -> 133520.09
D15: 2031 | E15: ='P5_ANEXO 1 -2028 a 2037'!AD162 -> 168175.67
D16: 2032 | E16: ='P5_ANEXO 1 -2028 a 2037'!AD202 -> 201072.46
D17: 2033 | E17: ='P5_ANEXO 1 -2028 a 2037'!AD242 -> 198825.61
D18: 2034 | E18: ='P5_ANEXO 1 -2028 a 2037'!AD282 -> 201652.36
D19: 2035 | E19: ='P5_ANEXO 1 -2028 a 2037'!AD322 -> 205072.53
D20: 2036 | E20: ='P5_ANEXO 1 -2028 a 2037'!AD362 -> 207618.48
D21: 2037 | E21: ='P5_ANEXO 1 -2028 a 2037'!AD402 -> 286624.14
D22: Total año | E22: =SUM(E12:E21) -> 2279613
C25: NOTAS:
C26: 1 | D26: Se aceptan ofertas horarias, mínimo 10 horas por día
C27: 2 | D27: Se debe ofertar mínimo ocho (8) meses por año
C28: 3 | D28: La energía y los precios a ofertar deben ofrecerse en la modalidad monomia.
C29: 4 | D29: Precios en pesos constantes del mes de mayo de 2026.
C30: 5 | D30: La adjudicación se hará por período año
C32: En caso de ofertar mínimo 10 horas por año o mínimo 8 meses por año favor informar:
C33: Horas a ofertar:
C34: Meses a ofertar:
