Workbook

Sheet Oferta Producto No. 1
D2: ANEXO No. 1 OFERTAS Y CANTIDADES
C3: OFERTA MERCANTIL IRREVOCABLE A LA EMPRESA DE ENERGIA DE PEREIRA S.A. ESP. INVITACIÓN PARA EL SUMINISTRO DE ENERGÍA ELÉCTRICA CON DESTINO AL MERCADO REGULADO CONVOCATORIA PÚBLICA No. 004-2025 - CP-EEPC2025-004
D4: PRODUCTO No. 1
C6: EMPRESA: XXXXXXXXXXXXXXXXXXXXXXXXXXXXXX
C7: REPRESENTANTE LEGAL: XXXXXXXXXXXXXXXXXXXXXXXXXXXXXX
C8: TIPO DE AGENTE: (COMERCIALIZADOR/GENERADOR)
C9: ="PRODUCTO OFERTADO: "&D4 -> PRODUCTO OFERTADO: PRODUCTO No. 1
C11: Las tarifas ofertadas están referidas en pesos constantes de abril de 2025 provisional
F13: ="Oferta " & PROPER(D4) -> Oferta Producto No. 1
F14: Periodo | G14: Energía requerida (MWh-mes) | H14: Energía ofertada (%) | I14: Energía ofertada (MWh-mes) | J14: Tarifa monomia ($/kWh)
A15: 22.85 | B15: 31 | F15: =+'Cantidades Producto No. 1'!A72 -> 46023 | G15: =+'Cantidades Producto No. 1'!AB72 -> 9248.09
B16: 28 | F16: =+'Cantidades Producto No. 1'!A73 -> 46054 | G16: =+'Cantidades Producto No. 1'!AB73 -> 8346.08
B17: 31 | F17: =+'Cantidades Producto No. 1'!A74 -> 46082 | G17: =+'Cantidades Producto No. 1'!AB74 -> 9252.47
B18: 30 | F18: =+'Cantidades Producto No. 1'!A75 -> 46113 | G18: =+'Cantidades Producto No. 1'!AB75 -> 8898.28
B19: 31 | F19: =+'Cantidades Producto No. 1'!A76 -> 46143 | G19: =+'Cantidades Producto No. 1'!AB76 -> 9175.74
B20: 30 | F20: =+'Cantidades Producto No. 1'!A77 -> 46174 | G20: =+'Cantidades Producto No. 1'!AB77 -> 8791.42
B21: 31 | F21: =+'Cantidades Producto No. 1'!A78 -> 46204 | G21: =+'Cantidades Producto No. 1'!AB78 -> 9200.37
B22: 31 | F22: =+'Cantidades Producto No. 1'!A79 -> 46235 | G22: =+'Cantidades Producto No. 1'!AB79 -> 9151.28
B23: 30 | F23: =+'Cantidades Producto No. 1'!A80 -> 46266 | G23: =+'Cantidades Producto No. 1'!AB80 -> 8891.64
B24: 31 | F24: =+'Cantidades Producto No. 1'!A81 -> 46296 | G24: =+'Cantidades Producto No. 1'!AB81 -> 9147.02
B25: 30 | F25: =+'Cantidades Producto No. 1'!A82 -> 46327 | G25: =+'Cantidades Producto No. 1'!AB82 -> 8834
B26: 31 | F26: =+'Cantidades Producto No. 1'!A83 -> 46357 | G26: =+'Cantidades Producto No. 1'!AB83 -> 9347.76
F27: TOTAL | G27: =SUM(G15:G26) -> 108284.15
B29: Notas
B31: (1) Oferta válida para la modalidad Pague lo Contratado.
B32: ="(2) Las cantidades se distribuyen de acuerdo a la curva del Anexo 1. Ofertas y Cantidades "& D4 &" de los Pliegos de Condiciones definitivos" -> (2) Las cantidades se distribuyen de acuerdo a la curva del Anexo 1. Ofertas y Cantidades PRODUCTO No. 1 de los Pliegos de Condiciones definitivos
B33: (3) La cantidad de energía es equivalente a un porcentaje de las cantidades de energía requerida por la Empresa de Energía de Pereira S.A. ESP. (para todo el año/para cada mes), de acuerdo con el Anexo No.1 Ofertas y Cantidades PRODUCTO No. 1 de los Pliegos definitivos, que se aplicarán para todas las 24 horas del día de la curva establecida en dicho Anexo, presentando una tarifa para cada año sin ningún tipo de discriminación por mes, ni tipo de carga ni tipo de día.
B34: (4) Esta oferta NO presenta restricciones tales como adjudicación mínima o total u otras que no permitan la evaluación objetiva e integral del producto ofertado.
B35: (5) Los precios ofertados incluyen todos los pagos, cargos, impuestos, estampillas, etc., que el Proponente deba realizar ante cualquier entidad gubernamental, o empresa pública, privada o mixta para entregar la energía en la frontera con el Sistema de Transmisión Nacional – STN.
B36: (6) Las cantidades ofertadas están sujetas a la adjudicación en la misma proporción respecto a las cantidades ofertadas para todos y cada uno de los meses del año. Es decir, si la Empresa de Energía de Pereira decide adjudicar, por ejemplo, el 50% de lo ofertado en cualesquiera de los meses de alguno de los años, ese mismo porcentaje debe ser adjudicado en el resto de cada uno de los meses de ese año.

Sheet Cantidades Producto No. 1
A2: EMPRESA DE ENERGÍA DE PEREIRA S.A. E.S.P.
A3: PRODUCTO No. 1
A5: DEMANDA DIARIA ESTIMADA DÍA HABIL [MWh]
A7: MES | B7: H1 | C7: H2 | D7: H3 | E7: H4 | F7: H5 | G7: H6 | H7: H7 | I7: H8 | J7: H9 | K7: H10 | L7: H11 | M7: H12 | N7: H13 | O7: H14 | P7: H15 | Q7: H16 | R7: H17 | S7: H18 | T7: H19 | U7: H20 | V7: H21 | W7: H22 | X7: H23 | Y7: H24 | Z7: TOTAL | AA7: Días
A8: 46023 | B8: 9.32 | C8: 8.39 | D8: 7.89 | E8: 7.71 | F8: 8.02 | G8: 9.1 | H8: 11.04 | I8: 9.18 | J8: 11.1 | K8: 12.56 | L8: 13.98 | M8: 15.31 | N8: 15.34 | O8: 15.09 | P8: 15.34 | Q8: 15.26 | R8: 14.83 | S8: 18.36 | T8: 18.7 | U8: 19.19 | V8: 18.26 | W8: 16.74 | X8: 14.41 | Y8: 11.78 | Z8: =SUM(B8:Y8) -> 316.9 | AA8: 20 | AB8: =+Z8*AA8 -> 6338 | AD8: HABIL
A9: 46054 | B9: 8.99 | C9: 8.17 | D9: 7.72 | E9: 7.59 | F9: 8.04 | G9: 9.79 | H9: 11.9 | I9: 9.8 | J9: 11.37 | K9: 12.64 | L9: 13.94 | M9: 15.13 | N9: 14.74 | O9: 14.69 | P9: 15.13 | Q9: 15.17 | R9: 14.78 | S9: 17.67 | T9: 17.49 | U9: 18.27 | V9: 17.63 | W9: 16.15 | X9: 13.77 | Y9: 11.25 | Z9: =SUM(B9:Y9) -> 311.82 | AA9: 20 | AB9: =+Z9*AA9 -> 6236.4 | AD9: HABIL
A10: 46082 | B10: 9 | C10: 8.17 | D10: 7.76 | E10: 7.6 | F10: 8.08 | G10: 9.87 | H10: 11.93 | I10: 9.98 | J10: 11.62 | K10: 12.82 | L10: 14.17 | M10: 15.32 | N10: 15.08 | O10: 14.86 | P10: 15.22 | Q10: 15.13 | R10: 14.8 | S10: 18.12 | T10: 18.1 | U10: 18.96 | V10: 18.01 | W10: 16.45 | X10: 14.02 | Y10: 11.43 | Z10: =SUM(B10:Y10) -> 316.5 | AA10: 21 | AB10: =+Z10*AA10 -> 6646.5 | AD10: HABIL
A11: 46113 | B11: 8.99 | C11: 8.13 | D11: 7.72 | E11: 7.56 | F11: 8.04 | G11: 9.62 | H11: 11.72 | I11: 9.95 | J11: 11.42 | K11: 13.06 | L11: 14.27 | M11: 15.4 | N11: 15.18 | O11: 14.78 | P11: 14.72 | Q11: 14.78 | R11: 14.5 | S11: 18.16 | T11: 18.43 | U11: 18.92 | V11: 17.91 | W11: 16.33 | X11: 13.93 | Y11: 11.46 | Z11: =SUM(B11:Y11) -> 314.98 | AA11: 20 | AB11: =+Z11*AA11 -> 6299.6 | AD11: HABIL
A12: 46143 | B12: 9 | C12: 8.16 | D12: 7.73 | E12: 7.54 | F12: 8.04 | G12: 9.5 | H12: 11.76 | I12: 9.89 | J12: 11.64 | K12: 13 | L12: 14.39 | M12: 15.66 | N12: 15.37 | O12: 15 | P12: 15.19 | Q12: 15.05 | R12: 14.49 | S12: 18.26 | T12: 18.5 | U12: 18.89 | V12: 17.88 | W12: 16.16 | X12: 13.69 | Y12: 11.27 | Z12: =SUM(B12:Y12) -> 316.06 | AA12: 19 | AB12: =+Z12*AA12 -> 6005.14 | AD12: HABIL
A13: 46174 | B13: 8.88 | C13: 8.02 | D13: 7.52 | E13: 7.35 | F13: 7.83 | G13: 9.15 | H13: 11.56 | I13: 9.91 | J13: 11.66 | K13: 13.01 | L13: 14.24 | M13: 15.49 | N13: 15.33 | O13: 14.86 | P13: 14.87 | Q13: 14.75 | R13: 14.44 | S13: 18.11 | T13: 18.32 | U13: 19.13 | V13: 18.1 | W13: 16.3 | X13: 13.67 | Y13: 11.24 | Z13: =SUM(B13:Y13) -> 313.74 | AA13: 19 | AB13: =+Z13*AA13 -> 5961.06 | AD13: HABIL
A14: 46204 | B14: 8.69 | C14: 7.94 | D14: 7.46 | E14: 7.29 | F14: 7.77 | G14: 9.16 | H14: 11.33 | I14: 9.67 | J14: 11.48 | K14: 12.9 | L14: 14.12 | M14: 15.46 | N14: 15.19 | O14: 14.8 | P14: 14.97 | Q14: 15.03 | R14: 14.75 | S14: 18.11 | T14: 17.93 | U14: 18.95 | V14: 17.92 | W14: 16.17 | X14: 13.53 | Y14: 11.32 | Z14: =SUM(B14:Y14) -> 311.94 | AA14: 22 | AB14: =+Z14*AA14 -> 6862.68 | AD14: HABIL
A15: 46235 | B15: 8.9 | C15: 8.07 | D15: 7.62 | E15: 7.47 | F15: 7.95 | G15: 9.56 | H15: 11.71 | I15: 9.95 | J15: 11.68 | K15: 12.96 | L15: 14.4 | M15: 15.7 | N15: 15.44 | O15: 15.12 | P15: 15.28 | Q15: 15.18 | R15: 14.86 | S15: 18.24 | T15: 18.22 | U15: 19 | V15: 17.9 | W15: 16.16 | X15: 13.47 | Y15: 11.25 | Z15: =SUM(B15:Y15) -> 316.09 | AA15: 19 | AB15: =+Z15*AA15 -> 6005.71 | AD15: HABIL
A16: 46266 | B16: 8.77 | C16: 7.93 | D16: 7.5 | E16: 7.36 | F16: 7.87 | G16: 9.44 | H16: 11.63 | I16: 9.79 | J16: 11.01 | K16: 12.45 | L16: 14.08 | M16: 15.3 | N16: 15 | O16: 14.67 | P16: 14.94 | Q16: 14.89 | R16: 14.53 | S16: 18.01 | T16: 18.51 | U16: 18.49 | V16: 17.38 | W16: 15.71 | X16: 13.15 | Y16: 10.95 | Z16: =SUM(B16:Y16) -> 309.36 | AA16: 22 | AB16: =+Z16*AA16 -> 6805.92 | AD16: HABIL
A17: 46296 | B17: 8.68 | C17: 7.82 | D17: 7.42 | E17: 7.29 | F17: 7.66 | G17: 8.5 | H17: 10.86 | I17: 9.45 | J17: 11.43 | K17: 12.97 | L17: 14.41 | M17: 15.59 | N17: 15.38 | O17: 15.07 | P17: 15.24 | Q17: 14.99 | R17: 14.67 | S17: 18.49 | T17: 18.99 | U17: 18.39 | V17: 17.31 | W17: 15.63 | X17: 13.3 | Y17: 11.1 | Z17: =SUM(B17:Y17) -> 310.64 | AA17: 21 | AB17: =+Z17*AA17 -> 6523.44 | AD17: HABIL
A18: 46327 | B18: 8.91 | C18: 8.05 | D18: 7.58 | E18: 7.43 | F18: 7.8 | G18: 8.87 | H18: 11.11 | I18: 9.73 | J18: 11.57 | K18: 12.88 | L18: 14.18 | M18: 15.38 | N18: 15.26 | O18: 14.96 | P18: 15.34 | Q18: 15.18 | R18: 14.85 | S18: 18.86 | T18: 19.18 | U18: 18.67 | V18: 17.62 | W18: 15.95 | X18: 13.54 | Y18: 11.27 | Z18: =SUM(B18:Y18) -> 314.17 | AA18: 19 | AB18: =+Z18*AA18 -> 5969.23 | AD18: HABIL
A19: 46357 | B19: 9.52 | C19: 8.5 | D19: 7.95 | E19: 7.73 | F19: 8 | G19: 8.87 | H19: 10.94 | I19: 9.57 | J19: 11.56 | K19: 12.87 | L19: 14.14 | M19: 15.29 | N19: 15.35 | O19: 15.14 | P19: 15.31 | Q19: 15.16 | R19: 14.7 | S19: 18.2 | T19: 18.88 | U19: 18.81 | V19: 17.8 | W19: 16.41 | X19: 14.35 | Y19: 12.17 | Z19: =SUM(B19:Y19) -> 317.22 | AA19: 21 | AB19: =+Z19*AA19 -> 6661.62 | AD19: HABIL
A21: DEMANDA DIARIA ESTIMADA DÍA SABADO [MWh]
A23: MES | B23: H1 | C23: H2 | D23: H3 | E23: H4 | F23: H5 | G23: H6 | H23: H7 | I23: H8 | J23: H9 | K23: H10 | L23: H11 | M23: H12 | N23: H13 | O23: H14 | P23: H15 | Q23: H16 | R23: H17 | S23: H18 | T23: H19 | U23: H20 | V23: H21 | W23: H22 | X23: H23 | Y23: H24 | Z23: TOTAL | AA23: Días
A24: =+A8 -> 46023 | B24: 9.45 | C24: 8.47 | D24: 7.89 | E24: 7.58 | F24: 7.69 | G24: 8.27 | H24: 9.76 | I24: 7.96 | J24: 10 | K24: 11.78 | L24: 12.96 | M24: 13.98 | N24: 14.13 | O24: 13.54 | P24: 13.04 | Q24: 12.84 | R24: 12.47 | S24: 16.7 | T24: 17.42 | U24: 17.75 | V24: 16.75 | W24: 15.36 | X24: 13.56 | Y24: 11.71 | Z24: =SUM(B24:Y24) -> 291.06 | AA24: 5 | AB24: =+Z24*AA24 -> 1455.3 | AD24: SABADOS
A25: =+A9 -> 46054 | B25: 9.05 | C25: 8.18 | D25: 7.68 | E25: 7.42 | F25: 7.56 | G25: 8.35 | H25: 10.06 | I25: 8.35 | J25: 10.3 | K25: 11.72 | L25: 12.87 | M25: 13.59 | N25: 13.59 | O25: 13.22 | P25: 12.91 | Q25: 12.71 | R25: 12.49 | S25: 16.19 | T25: 16.45 | U25: 17.34 | V25: 16.47 | W25: 15.24 | X25: 13.45 | Y25: 11.69 | Z25: =SUM(B25:Y25) -> 286.88 | AA25: 4 | AB25: =+Z25*AA25 -> 1147.52 | AD25: SABADOS
A26: =+A10 -> 46082 | B26: 9.1 | C26: 8.18 | D26: 7.67 | E26: 7.41 | F26: 7.64 | G26: 8.4 | H26: 9.94 | I26: 8.41 | J26: 10.49 | K26: 11.85 | L26: 12.99 | M26: 14.07 | N26: 14.04 | O26: 13.35 | P26: 12.88 | Q26: 12.64 | R26: 12.4 | S26: 16.58 | T26: 16.75 | U26: 17.15 | V26: 16.24 | W26: 15.02 | X26: 13.21 | Y26: 11.42 | Z26: =SUM(B26:Y26) -> 287.83 | AA26: 4 | AB26: =+Z26*AA26 -> 1151.32 | AD26: SABADOS
A27: =+A11 -> 46113 | B27: 9.22 | C27: 8.24 | D27: 7.67 | E27: 7.38 | F27: 7.53 | G27: 7.93 | H27: 9.72 | I27: 8.29 | J27: 10.27 | K27: 11.81 | L27: 12.97 | M27: 13.9 | N27: 13.98 | O27: 13.26 | P27: 12.88 | Q27: 12.66 | R27: 12.25 | S27: 16.35 | T27: 16.89 | U27: 17.4 | V27: 16.49 | W27: 15.19 | X27: 13.46 | Y27: 11.68 | Z27: =SUM(B27:Y27) -> 287.42 | AA27: 4 | AB27: =+Z27*AA27 -> 1149.68 | AD27: SABADOS
A28: =+A12 -> 46143 | B28: 8.99 | C28: 8.12 | D28: 7.62 | E28: 7.36 | F28: 7.56 | G28: 8.01 | H28: 10.04 | I28: 8.64 | J28: 10.7 | K28: 12.39 | L28: 13.46 | M28: 14.34 | N28: 14.15 | O28: 13.3 | P28: 12.97 | Q28: 12.71 | R28: 12.34 | S28: 16.54 | T28: 17.14 | U28: 17.68 | V28: 16.64 | W28: 15.33 | X28: 13.51 | Y28: 11.66 | Z28: =SUM(B28:Y28) -> 291.2 | AA28: 5 | AB28: =+Z28*AA28 -> 1456 | AD28: SABADOS
A29: =+A13 -> 46174 | B29: 8.95 | C29: 8.02 | D29: 7.5 | E29: 7.26 | F29: 7.45 | G29: 8.08 | H29: 9.77 | I29: 8.34 | J29: 10.41 | K29: 12.05 | L29: 13.08 | M29: 14.08 | N29: 14.21 | O29: 13.6 | P29: 13.02 | Q29: 12.57 | R29: 12.19 | S29: 16.33 | T29: 16.96 | U29: 17.47 | V29: 16.42 | W29: 15.02 | X29: 13.11 | Y29: 11.17 | Z29: =SUM(B29:Y29) -> 287.06 | AA29: 4 | AB29: =+Z29*AA29 -> 1148.24 | AD29: SABADOS
A30: =+A14 -> 46204 | B30: 9.09 | C30: 8.1 | D30: 7.46 | E30: 7.23 | F30: 7.39 | G30: 7.8 | H30: 9.59 | I30: 8.09 | J30: 10.28 | K30: 11.96 | L30: 13.05 | M30: 14.08 | N30: 14.22 | O30: 13.53 | P30: 12.87 | Q30: 12.33 | R30: 12 | S30: 16.14 | T30: 16.43 | U30: 17.42 | V30: 16.37 | W30: 15.1 | X30: 13.33 | Y30: 11.47 | Z30: =SUM(B30:Y30) -> 285.33 | AA30: 4 | AB30: =+Z30*AA30 -> 1141.32 | AD30: SABADOS
A31: =+A15 -> 46235 | B31: 9.27 | C31: 8.34 | D31: 7.77 | E31: 7.47 | F31: 7.67 | G31: 8.24 | H31: 10.09 | I31: 8.5 | J31: 10.54 | K31: 12.12 | L31: 13.24 | M31: 14.2 | N31: 14.23 | O31: 13.51 | P31: 12.93 | Q31: 12.38 | R31: 11.98 | S31: 15.97 | T31: 16.46 | U31: 17.17 | V31: 16.21 | W31: 14.96 | X31: 13.22 | Y31: 11.35 | Z31: =SUM(B31:Y31) -> 287.82 | AA31: 5 | AB31: =+Z31*AA31 -> 1439.1 | AD31: SABADOS
A32: =+A16 -> 46266 | B32: 8.82 | C32: 7.95 | D32: 7.43 | E32: 7.13 | F32: 7.34 | G32: 7.86 | H32: 9.69 | I32: 8.44 | J32: 10.47 | K32: 11.9 | L32: 13.14 | M32: 14.14 | N32: 13.7 | O32: 13.41 | P32: 12.73 | Q32: 12.4 | R32: 11.94 | S32: 16.49 | T32: 17.19 | U32: 16.96 | V32: 15.89 | W32: 14.54 | X32: 12.7 | Y32: 10.93 | Z32: =SUM(B32:Y32) -> 283.19 | AA32: 4 | AB32: =+Z32*AA32 -> 1132.76 | AD32: SABADOS
A33: =+A17 -> 46296 | B33: 8.95 | C33: 8.02 | D33: 7.5 | E33: 7.3 | F33: 7.5 | G33: 7.75 | H33: 9.69 | I33: 8.34 | J33: 10.47 | K33: 11.96 | L33: 13.12 | M33: 14.11 | N33: 14.11 | O33: 13.52 | P33: 13.06 | Q33: 12.61 | R33: 12.15 | S33: 16.58 | T33: 17.47 | U33: 16.99 | V33: 15.74 | W33: 14.5 | X33: 12.91 | Y33: 11.15 | Z33: =SUM(B33:Y33) -> 285.5 | AA33: 5 | AB33: =+Z33*AA33 -> 1427.5 | AD33: SABADOS
A34: =+A18 -> 46327 | B34: 9.03 | C34: 8.1 | D34: 7.57 | E34: 7.28 | F34: 7.48 | G34: 7.8 | H34: 9.75 | I34: 8.55 | J34: 10.59 | K34: 12.06 | L34: 13.28 | M34: 14.37 | N34: 14.34 | O34: 13.59 | P34: 13.04 | Q34: 12.8 | R34: 12.49 | S34: 16.57 | T34: 17.72 | U34: 17.43 | V34: 16.29 | W34: 15.12 | X34: 13.29 | Y34: 11.45 | Z34: =SUM(B34:Y34) -> 289.99 | AA34: 4 | AB34: =+Z34*AA34 -> 1159.96 | AD34: SABADOS
A35: =+A19 -> 46357 | B35: 9.6 | C35: 8.57 | D35: 7.96 | E35: 7.65 | F35: 7.84 | G35: 8.28 | H35: 10.14 | I35: 8.8 | J35: 10.94 | K35: 12.43 | L35: 13.6 | M35: 14.66 | N35: 14.64 | O35: 13.83 | P35: 13.12 | Q35: 12.76 | R35: 12.61 | S35: 16.91 | T35: 17.77 | U35: 17.57 | V35: 16.5 | W35: 15.18 | X35: 13.43 | Y35: 11.67 | Z35: =SUM(B35:Y35) -> 296.46 | AA35: 4 | AB35: =+Z35*AA35 -> 1185.84 | AD35: SABADOS
A37: DEMANDA DIARIA ESTIMADA DÍA DOMINGO Y FESTIVO DIFERENTE A LUNES [MWh]
A39: MES | B39: H1 | C39: H2 | D39: H3 | E39: H4 | F39: H5 | G39: H6 | H39: H7 | I39: H8 | J39: H9 | K39: H10 | L39: H11 | M39: H12 | N39: H13 | O39: H14 | P39: H15 | Q39: H16 | R39: H17 | S39: H18 | T39: H19 | U39: H20 | V39: H21 | W39: H22 | X39: H23 | Y39: H24 | Z39: TOTAL | AA39: Días
A40: =+A24 -> 46023 | B40: 9.67 | C40: 8.71 | D40: 7.9 | E40: 7.59 | F40: 7.39 | G40: 7.47 | H40: 8.05 | I40: 5.04 | J40: 6.18 | K40: 7.44 | L40: 8.51 | M40: 9.51 | N40: 10.21 | O40: 10.31 | P40: 10.04 | Q40: 9.9 | R40: 9.85 | S40: 14.04 | T40: 14.9 | U40: 16.03 | V40: 15.69 | W40: 14.52 | X40: 12.82 | Y40: 11.11 | Z40: =SUM(B40:Y40) -> 242.88 | AA40: 5 | AB40: =+Z40*AA40 -> 1214.4 | AD40: DOMINGOS Y FESTIVOS
A41: =+A25 -> 46054 | B41: 9.34 | C41: 8.38 | D41: 7.69 | E41: 7.32 | F41: 7.27 | G41: 7.56 | H41: 8.38 | I41: 5.8 | J41: 7.2 | K41: 8.54 | L41: 9.33 | M41: 10.21 | N41: 10.64 | O41: 10.44 | P41: 9.95 | Q41: 9.63 | R41: 9.43 | S41: 13.46 | T41: 13.8 | U41: 15.55 | V41: 15.15 | W41: 13.84 | X41: 11.81 | Y41: 9.82 | Z41: =SUM(B41:Y41) -> 240.54 | AA41: 4 | AB41: =+Z41*AA41 -> 962.16 | AD41: DOMINGOS Y FESTIVOS
A42: =+A26 -> 46082 | B42: 9.2 | C42: 8.24 | D42: 7.66 | E42: 7.32 | F42: 7.21 | G42: 7.54 | H42: 8.32 | I42: 5.78 | J42: 7.07 | K42: 8.31 | L42: 9.08 | M42: 9.83 | N42: 10.43 | O42: 10.42 | P42: 9.91 | Q42: 9.69 | R42: 9.71 | S42: 14.13 | T42: 14.85 | U42: 15.91 | V42: 15.28 | W42: 13.93 | X42: 12.08 | Y42: 10.17 | Z42: =SUM(B42:Y42) -> 242.07 | AA42: 5 | AB42: =+Z42*AA42 -> 1210.35 | AD42: DOMINGOS Y FESTIVOS
A43: =+A27 -> 46113 | B43: 8.97 | C43: 7.97 | D43: 7.35 | E43: 7.02 | F43: 7.02 | G43: 7.04 | H43: 7.93 | I43: 5.69 | J43: 7.06 | K43: 8.38 | L43: 9.39 | M43: 10.44 | N43: 10.95 | O43: 10.69 | P43: 10.45 | Q43: 9.81 | R43: 9.67 | S43: 14.17 | T43: 14.83 | U43: 15.56 | V43: 15.02 | W43: 13.79 | X43: 12 | Y43: 10.3 | Z43: =SUM(B43:Y43) -> 241.5 | AA43: 6 | AB43: =+Z43*AA43 -> 1449 | AD43: DOMINGOS Y FESTIVOS
A44: =+A28 -> 46143 | B44: 9.09 | C44: 8.08 | D44: 7.51 | E44: 7.11 | F44: 7 | G44: 6.75 | H44: 8.13 | I44: 5.89 | J44: 7.35 | K44: 8.85 | L44: 9.82 | M44: 10.58 | N44: 10.69 | O44: 10.61 | P44: 9.85 | Q44: 9.98 | R44: 9.95 | S44: 14.28 | T44: 14.88 | U44: 16.01 | V44: 15.57 | W44: 14.26 | X44: 12.26 | Y44: 10.36 | Z44: =SUM(B44:Y44) -> 244.86 | AA44: 6 | AB44: =+Z44*AA44 -> 1469.16 | AD44: DOMINGOS Y FESTIVOS
A45: =+A29 -> 46174 | B45: 8.76 | C45: 7.76 | D45: 7.21 | E45: 6.85 | F45: 6.82 | G45: 6.89 | H45: 7.96 | I45: 5.76 | J45: 7.2 | K45: 8.6 | L45: 9.38 | M45: 10.08 | N45: 10.52 | O45: 10.51 | P45: 10.07 | Q45: 9.72 | R45: 9.52 | S45: 13.7 | T45: 14.23 | U45: 15.71 | V45: 15.22 | W45: 13.92 | X45: 12.15 | Y45: 10.25 | Z45: =SUM(B45:Y45) -> 238.79 | AA45: 4 | AB45: =+Z45*AA45 -> 955.16 | AD45: DOMINGOS Y FESTIVOS
A46: =+A30 -> 46204 | B46: 8.96 | C46: 8.05 | D46: 7.46 | E46: 7.08 | F46: 7.04 | G46: 7.05 | H46: 7.95 | I46: 5.74 | J46: 7.17 | K46: 8.54 | L46: 9.38 | M46: 10.36 | N46: 10.73 | O46: 10.42 | P46: 9.99 | Q46: 9.71 | R46: 9.72 | S46: 13.85 | T46: 14.12 | U46: 15.6 | V46: 15.19 | W46: 13.9 | X46: 12.04 | Y46: 10.15 | Z46: =SUM(B46:Y46) -> 240.2 | AA46: 4 | AB46: =+Z46*AA46 -> 960.8 | AD46: DOMINGOS Y FESTIVOS
A47: =+A31 -> 46235 | B47: 9.13 | C47: 8.16 | D47: 7.6 | E47: 7.26 | F47: 7.19 | G47: 7.21 | H47: 7.92 | I47: 5.64 | J47: 7.11 | K47: 8.49 | L47: 9.53 | M47: 10.39 | N47: 10.9 | O47: 10.84 | P47: 10.41 | Q47: 10.09 | R47: 9.76 | S47: 13.86 | T47: 14.46 | U47: 15.82 | V47: 15.41 | W47: 14.07 | X47: 12.12 | Y47: 10.23 | Z47: =SUM(B47:Y47) -> 243.6 | AA47: 6 | AB47: =+Z47*AA47 -> 1461.6 | AD47: DOMINGOS Y FESTIVOS
A48: =+A32 -> 46266 | B48: 8.79 | C48: 7.91 | D48: 7.35 | E48: 6.95 | F48: 6.89 | G48: 6.82 | H48: 7.73 | I48: 5.6 | J48: 7.01 | K48: 8.36 | L48: 9.27 | M48: 10.25 | N48: 10.69 | O48: 10.57 | P48: 10.02 | Q48: 9.73 | R48: 9.65 | S48: 13.74 | T48: 14.89 | U48: 15.64 | V48: 15.12 | W48: 13.76 | X48: 11.72 | Y48: 9.78 | Z48: =SUM(B48:Y48) -> 238.24 | AA48: 4 | AB48: =+Z48*AA48 -> 952.96 | AD48: DOMINGOS Y FESTIVOS
A49: =+A33 -> 46296 | B49: 8.75 | C49: 7.8 | D49: 7.26 | E49: 6.95 | F49: 6.89 | G49: 6.63 | H49: 7.61 | I49: 5.45 | J49: 6.93 | K49: 8.25 | L49: 9.29 | M49: 10.26 | N49: 10.73 | O49: 10.53 | P49: 10.12 | Q49: 9.8 | R49: 9.65 | S49: 14.06 | T49: 15.23 | U49: 15.16 | V49: 14.73 | W49: 13.66 | X49: 12.05 | Y49: 10.24 | Z49: =SUM(B49:Y49) -> 238.03 | AA49: 4 | AB49: =+Z49*AA49 -> 952.12 | AD49: DOMINGOS Y FESTIVOS
A50: =+A34 -> 46327 | B50: 9.02 | C50: 8.1 | D50: 7.47 | E50: 7.07 | F50: 7.01 | G50: 6.77 | H50: 7.71 | I50: 5.49 | J50: 6.99 | K50: 8.25 | L50: 9.25 | M50: 10.36 | N50: 11 | O50: 10.84 | P50: 10.4 | Q50: 10.23 | R50: 10.07 | S50: 14.45 | T50: 15.73 | U50: 15.65 | V50: 15.08 | W50: 13.86 | X50: 12.08 | Y50: 10.25 | Z50: =SUM(B50:Y50) -> 243.13 | AA50: 5 | AB50: =+Z50*AA50 -> 1215.65 | AD50: DOMINGOS Y FESTIVOS
A51: =+A35 -> 46357 | B51: 9.68 | C51: 8.69 | D51: 8.03 | E51: 7.57 | F51: 7.43 | G51: 7.45 | H51: 8.11 | I51: 5.67 | J51: 6.85 | K51: 8.31 | L51: 9.53 | M51: 10.51 | N51: 11.17 | O51: 11.23 | P51: 10.77 | Q51: 10.45 | R51: 10.17 | S51: 14.41 | T51: 15.68 | U51: 15.66 | V51: 15.08 | W51: 14.12 | X51: 12.62 | Y51: 10.86 | Z51: =SUM(B51:Y51) -> 250.05 | AA51: 6 | AB51: =+Z51*AA51 -> 1500.3 | AD51: DOMINGOS Y FESTIVOS
A53: DEMANDA DIARIA ESTIMADA DÍA LUNES FESTIVO [MWh]
A55: MES | B55: H1 | C55: H2 | D55: H3 | E55: H4 | F55: H5 | G55: H6 | H55: H7 | I55: H8 | J55: H9 | K55: H10 | L55: H11 | M55: H12 | N55: H13 | O55: H14 | P55: H15 | Q55: H16 | R55: H17 | S55: H18 | T55: H19 | U55: H20 | V55: H21 | W55: H22 | X55: H23 | Y55: H24 | Z55: TOTAL | AA55: Días
A56: =+A40 -> 46023 | B56: 8.82 | C56: 7.86 | D56: 7.25 | E56: 6.9 | F56: 6.89 | G56: 7.21 | H56: 8.22 | I56: 5.4 | J56: 6.64 | K56: 8.11 | L56: 9.49 | M56: 10.58 | N56: 11.15 | O56: 10.8 | P56: 9.92 | Q56: 9.55 | R56: 9.68 | S56: 14.42 | T56: 15.42 | U56: 15.93 | V56: 15.11 | W56: 13.64 | X56: 11.66 | Y56: 9.74 | Z56: =SUM(B56:Y56) -> 240.39 | AA56: 1 | AB56: =+Z56*AA56 -> 240.39 | AD56: LUNES FESTIVOS
A57: =+A41 -> 46054 | B57: 9.34 | C57: 8.38 | D57: 7.69 | E57: 7.32 | F57: 7.27 | G57: 7.56 | H57: 8.38 | I57: 5.8 | J57: 7.2 | K57: 8.54 | L57: 9.33 | M57: 10.21 | N57: 10.64 | O57: 10.44 | P57: 9.95 | Q57: 9.63 | R57: 9.43 | S57: 13.46 | T57: 13.8 | U57: 15.55 | V57: 15.15 | W57: 13.84 | X57: 11.81 | Y57: 9.82 | Z57: =SUM(B57:Y57) -> 240.54 | AA57: 0 | AB57: =+Z57*AA57 -> 0 | AD57: LUNES FESTIVOS
A58: =+A42 -> 46082 | B58: 8.69 | C58: 7.81 | D58: 7.28 | E58: 6.95 | F58: 6.85 | G58: 7.19 | H58: 7.92 | I58: 5.72 | J58: 7.27 | K58: 8.51 | L58: 9.57 | M58: 10.56 | N58: 10.9 | O58: 10.74 | P58: 10.45 | Q58: 10.15 | R58: 10.16 | S58: 14.54 | T58: 15.12 | U58: 16.09 | V58: 15.62 | W58: 14.25 | X58: 11.93 | Y58: 10.03 | Z58: =SUM(B58:Y58) -> 244.3 | AA58: 1 | AB58: =+Z58*AA58 -> 244.3 | AD58: LUNES FESTIVOS
A59: =+A43 -> 46113 | B59: 8.97 | C59: 7.97 | D59: 7.35 | E59: 7.02 | F59: 7.02 | G59: 7.04 | H59: 7.93 | I59: 5.69 | J59: 7.06 | K59: 8.38 | L59: 9.39 | M59: 10.44 | N59: 10.95 | O59: 10.69 | P59: 10.45 | Q59: 9.81 | R59: 9.67 | S59: 14.17 | T59: 14.83 | U59: 15.56 | V59: 15.02 | W59: 13.79 | X59: 12 | Y59: 10.3 | Z59: =SUM(B59:Y59) -> 241.5 | AA59: 0 | AB59: =+Z59*AA59 -> 0 | AD59: LUNES FESTIVOS
A60: =+A44 -> 46143 | B60: 8.07 | C60: 7.24 | D60: 6.85 | E60: 6.59 | F60: 6.68 | G60: 6.76 | H60: 7.99 | I60: 6.02 | J60: 7.79 | K60: 9.01 | L60: 9.89 | M60: 11.33 | N60: 12.29 | O60: 11.87 | P60: 10.74 | Q60: 10.3 | R60: 10.1 | S60: 14.41 | T60: 14.66 | U60: 16.07 | V60: 15.39 | W60: 13.95 | X60: 11.71 | Y60: 9.73 | Z60: =SUM(B60:Y60) -> 245.44 | AA60: 1 | AB60: =+Z60*AA60 -> 245.44 | AD60: LUNES FESTIVOS
A61: =+A45 -> 46174 | B61: 8.22 | C61: 7.3 | D61: 6.78 | E61: 6.56 | F61: 6.62 | G61: 6.51 | H61: 7.82 | I61: 5.64 | J61: 7.15 | K61: 8.56 | L61: 9.58 | M61: 10.68 | N61: 11.48 | O61: 11.34 | P61: 10.65 | Q61: 10.32 | R61: 10.05 | S61: 14.48 | T61: 14.95 | U61: 16.26 | V61: 15.6 | W61: 14.05 | X61: 11.88 | Y61: 9.84 | Z61: =SUM(B61:Y61) -> 242.32 | AA61: 3 | AB61: =+Z61*AA61 -> 726.96 | AD61: LUNES FESTIVOS
A62: =+A46 -> 46204 | B62: 8.71 | C62: 7.78 | D62: 7.18 | E62: 6.87 | F62: 6.81 | G62: 6.78 | H62: 7.86 | I62: 5.7 | J62: 7.13 | K62: 8.41 | L62: 9.69 | M62: 10.97 | N62: 11.71 | O62: 11.14 | P62: 9.88 | Q62: 9.25 | R62: 8.99 | S62: 13.06 | T62: 13.26 | U62: 15.18 | V62: 14.71 | W62: 13.45 | X62: 11.51 | Y62: 9.54 | Z62: =SUM(B62:Y62) -> 235.57 | AA62: 1 | AB62: =+Z62*AA62 -> 235.57 | AD62: LUNES FESTIVOS
A63: =+A47 -> 46235 | B63: 8.57 | C63: 7.7 | D63: 7.18 | E63: 6.97 | F63: 6.89 | G63: 7.16 | H63: 7.97 | I63: 5.83 | J63: 7.51 | K63: 8.93 | L63: 10.23 | M63: 11.32 | N63: 11.81 | O63: 11.65 | P63: 10.78 | Q63: 10.14 | R63: 9.97 | S63: 13.98 | T63: 14.31 | U63: 15.89 | V63: 15.18 | W63: 13.7 | X63: 11.51 | Y63: 9.69 | Z63: =SUM(B63:Y63) -> 244.87 | AA63: 1 | AB63: =+Z63*AA63 -> 244.87 | AD63: LUNES FESTIVOS
A64: =+A48 -> 46266 | B64: 8.79 | C64: 7.91 | D64: 7.35 | E64: 6.95 | F64: 6.89 | G64: 6.82 | H64: 7.73 | I64: 5.6 | J64: 7.01 | K64: 8.36 | L64: 9.27 | M64: 10.25 | N64: 10.69 | O64: 10.57 | P64: 10.02 | Q64: 9.73 | R64: 9.65 | S64: 13.74 | T64: 14.89 | U64: 15.64 | V64: 15.12 | W64: 13.76 | X64: 11.72 | Y64: 9.78 | Z64: =SUM(B64:Y64) -> 238.24 | AA64: 0 | AB64: =+Z64*AA64 -> 0 | AD64: LUNES FESTIVOS
A65: =+A49 -> 46296 | B65: 8.57 | C65: 7.68 | D65: 7.15 | E65: 6.84 | F65: 6.78 | G65: 6.44 | H65: 7.72 | I65: 5.67 | J65: 7.2 | K65: 8.68 | L65: 9.89 | M65: 11.22 | N65: 11.99 | O65: 11.45 | P65: 10.38 | Q65: 9.69 | R65: 9.7 | S65: 14.37 | T65: 15.89 | U65: 15.89 | V65: 15.24 | W65: 13.89 | X65: 11.89 | Y65: 9.74 | Z65: =SUM(B65:Y65) -> 243.96 | AA65: 1 | AB65: =+Z65*AA65 -> 243.96 | AD65: LUNES FESTIVOS
A66: =+A50 -> 46327 | B66: 8.29 | C66: 7.38 | D66: 6.92 | E66: 6.65 | F66: 6.69 | G66: 6.77 | H66: 7.72 | I66: 5.7 | J66: 7.19 | K66: 8.63 | L66: 9.88 | M66: 10.68 | N66: 11.36 | O66: 11.17 | P66: 10.63 | Q66: 10.31 | R66: 10.31 | S66: 14.85 | T66: 16.01 | U66: 15.91 | V66: 15.34 | W66: 14.12 | X66: 12.1 | Y66: 9.97 | Z66: =SUM(B66:Y66) -> 244.58 | AA66: 2 | AB66: =+Z66*AA66 -> 489.16 | AD66: LUNES FESTIVOS
A67: =+A51 -> 46357 | B67: 9.68 | C67: 8.69 | D67: 8.03 | E67: 7.57 | F67: 7.43 | G67: 7.45 | H67: 8.11 | I67: 5.67 | J67: 6.85 | K67: 8.31 | L67: 9.53 | M67: 10.51 | N67: 11.17 | O67: 11.23 | P67: 10.77 | Q67: 10.45 | R67: 10.17 | S67: 14.41 | T67: 15.68 | U67: 15.66 | V67: 15.08 | W67: 14.12 | X67: 12.62 | Y67: 10.86 | Z67: =SUM(B67:Y67) -> 250.05 | AA67: 0 | AB67: =+Z67*AA67 -> 0 | AD67: LUNES FESTIVOS
A69: DEMANDA DIARIA ESTIMADA TOTAL [MWh]
A71: MES | B71: H1 | C71: H2 | D71: H3 | E71: H4 | F71: H5 | G71: H6 | H71: H7 | I71: H8 | J71: H9 | K71: H10 | L71: H11 | M71: H12 | N71: H13 | O71: H14 | P71: H15 | Q71: H16 | R71: H17 | S71: H18 | T71: H19 | U71: H20 | V71: H21 | W71: H22 | X71: H23 | Y71: H24 | Z71: TOTAL | AA71: Días
A72: =+A56 -> 46023 | B72: =+B8*$AA8+B24*$AA24+B40*$AA40+B56*$AA56 -> 290.82 | C72: =+C8*$AA8+C24*$AA24+C40*$AA40+C56*$AA56 -> 261.56 | D72: =+D8*$AA8+D24*$AA24+D40*$AA40+D56*$AA56 -> 244 | E72: =+E8*$AA8+E24*$AA24+E40*$AA40+E56*$AA56 -> 236.95 | F72: =+F8*$AA8+F24*$AA24+F40*$AA40+F56*$AA56 -> 242.69 | G72: =+G8*$AA8+G24*$AA24+G40*$AA40+G56*$AA56 -> 267.91 | H72: =+H8*$AA8+H24*$AA24+H40*$AA40+H56*$AA56 -> 318.07 | I72: =+I8*$AA8+I24*$AA24+I40*$AA40+I56*$AA56 -> 254 | ... Y72: =+Y8*$AA8+Y24*$AA24+Y40*$AA40+Y56*$AA56 -> 359.44 | Z72: =SUM(B72:Y72) -> 9248.09 | AA72: =AA8+AA24+AA40+AA56 -> 31 | AB72: =+AB8+AB24+AB40+AB56 -> 9248.09
A73: =+A57 -> 46054 | B73: =+B9*$AA9+B25*$AA25+B41*$AA41+B57*$AA57 -> 253.36 | C73: =+C9*$AA9+C25*$AA25+C41*$AA41+C57*$AA57 -> 229.64 | D73: =+D9*$AA9+D25*$AA25+D41*$AA41+D57*$AA57 -> 215.88 | E73: =+E9*$AA9+E25*$AA25+E41*$AA41+E57*$AA57 -> 210.76 | F73: =+F9*$AA9+F25*$AA25+F41*$AA41+F57*$AA57 -> 220.12 | G73: =+G9*$AA9+G25*$AA25+G41*$AA41+G57*$AA57 -> 259.44 | H73: =+H9*$AA9+H25*$AA25+H41*$AA41+H57*$AA57 -> 311.76 | I73: =+I9*$AA9+I25*$AA25+I41*$AA41+I57*$AA57 -> 252.6 | ... Y73: =+Y9*$AA9+Y25*$AA25+Y41*$AA41+Y57*$AA57 -> 311.04 | Z73: =SUM(B73:Y73) -> 8346.08 | AA73: =AA9+AA25+AA41+AA57 -> 28 | AB73: =+AB9+AB25+AB41+AB57 -> 8346.08
A74: =+A58 -> 46082 | B74: =+B10*$AA10+B26*$AA26+B42*$AA42+B58*$AA58 -> 280.09 | C74: =+C10*$AA10+C26*$AA26+C42*$AA42+C58*$AA58 -> 253.3 | D74: =+D10*$AA10+D26*$AA26+D42*$AA42+D58*$AA58 -> 239.22 | E74: =+E10*$AA10+E26*$AA26+E42*$AA42+E58*$AA58 -> 232.79 | F74: =+F10*$AA10+F26*$AA26+F42*$AA42+F58*$AA58 -> 243.14 | G74: =+G10*$AA10+G26*$AA26+G42*$AA42+G58*$AA58 -> 285.76 | H74: =+H10*$AA10+H26*$AA26+H42*$AA42+H58*$AA58 -> 339.81 | I74: =+I10*$AA10+I26*$AA26+I42*$AA42+I58*$AA58 -> 277.84 | ... Y74: =+Y10*$AA10+Y26*$AA26+Y42*$AA42+Y58*$AA58 -> 346.59 | Z74: =SUM(B74:Y74) -> 9252.47 | AA74: =AA10+AA26+AA42+AA58 -> 31 | AB74: =+AB10+AB26+AB42+AB58 -> 9252.47
A75: =+A59 -> 46113 | B75: =+B11*$AA11+B27*$AA27+B43*$AA43+B59*$AA59 -> 270.5 | C75: =+C11*$AA11+C27*$AA27+C43*$AA43+C59*$AA59 -> 243.38 | D75: =+D11*$AA11+D27*$AA27+D43*$AA43+D59*$AA59 -> 229.18 | E75: =+E11*$AA11+E27*$AA27+E43*$AA43+E59*$AA59 -> 222.84 | F75: =+F11*$AA11+F27*$AA27+F43*$AA43+F59*$AA59 -> 233.04 | G75: =+G11*$AA11+G27*$AA27+G43*$AA43+G59*$AA59 -> 266.36 | H75: =+H11*$AA11+H27*$AA27+H43*$AA43+H59*$AA59 -> 320.86 | I75: =+I11*$AA11+I27*$AA27+I43*$AA43+I59*$AA59 -> 266.3 | ... Y75: =+Y11*$AA11+Y27*$AA27+Y43*$AA43+Y59*$AA59 -> 337.72 | Z75: =SUM(B75:Y75) -> 8898.28 | AA75: =AA11+AA27+AA43+AA59 -> 30 | AB75: =+AB11+AB27+AB43+AB59 -> 8898.28
A76: =+A60 -> 46143 | B76: =+B12*$AA12+B28*$AA28+B44*$AA44+B60*$AA60 -> 278.56 | C76: =+C12*$AA12+C28*$AA28+C44*$AA44+C60*$AA60 -> 251.36 | D76: =+D12*$AA12+D28*$AA28+D44*$AA44+D60*$AA60 -> 236.88 | E76: =+E12*$AA12+E28*$AA28+E44*$AA44+E60*$AA60 -> 229.31 | F76: =+F12*$AA12+F28*$AA28+F44*$AA44+F60*$AA60 -> 239.24 | G76: =+G12*$AA12+G28*$AA28+G44*$AA44+G60*$AA60 -> 267.81 | H76: =+H12*$AA12+H28*$AA28+H44*$AA44+H60*$AA60 -> 330.41 | I76: =+I12*$AA12+I28*$AA28+I44*$AA44+I60*$AA60 -> 272.47 | ... Y76: =+Y12*$AA12+Y28*$AA28+Y44*$AA44+Y60*$AA60 -> 344.32 | Z76: =SUM(B76:Y76) -> 9175.74 | AA76: =AA12+AA28+AA44+AA60 -> 31 | AB76: =+AB12+AB28+AB44+AB60 -> 9175.74
A77: =+A61 -> 46174 | B77: =+B13*$AA13+B29*$AA29+B45*$AA45+B61*$AA61 -> 264.22 | C77: =+C13*$AA13+C29*$AA29+C45*$AA45+C61*$AA61 -> 237.4 | D77: =+D13*$AA13+D29*$AA29+D45*$AA45+D61*$AA61 -> 222.06 | E77: =+E13*$AA13+E29*$AA29+E45*$AA45+E61*$AA61 -> 215.77 | F77: =+F13*$AA13+F29*$AA29+F45*$AA45+F61*$AA61 -> 225.71 | G77: =+G13*$AA13+G29*$AA29+G45*$AA45+G61*$AA61 -> 253.26 | H77: =+H13*$AA13+H29*$AA29+H45*$AA45+H61*$AA61 -> 314.02 | I77: =+I13*$AA13+I29*$AA29+I45*$AA45+I61*$AA61 -> 261.61 | ... Y77: =+Y13*$AA13+Y29*$AA29+Y45*$AA45+Y61*$AA61 -> 328.76 | Z77: =SUM(B77:Y77) -> 8791.42 | AA77: =AA13+AA29+AA45+AA61 -> 30 | AB77: =+AB13+AB29+AB45+AB61 -> 8791.42
A78: =+A62 -> 46204 | B78: =+B14*$AA14+B30*$AA30+B46*$AA46+B62*$AA62 -> 272.09 | C78: =+C14*$AA14+C30*$AA30+C46*$AA46+C62*$AA62 -> 247.06 | D78: =+D14*$AA14+D30*$AA30+D46*$AA46+D62*$AA62 -> 230.98 | E78: =+E14*$AA14+E30*$AA30+E46*$AA46+E62*$AA62 -> 224.49 | F78: =+F14*$AA14+F30*$AA30+F46*$AA46+F62*$AA62 -> 235.47 | G78: =+G14*$AA14+G30*$AA30+G46*$AA46+G62*$AA62 -> 267.7 | H78: =+H14*$AA14+H30*$AA30+H46*$AA46+H62*$AA62 -> 327.28 | I78: =+I14*$AA14+I30*$AA30+I46*$AA46+I62*$AA62 -> 273.76 | ... Y78: =+Y14*$AA14+Y30*$AA30+Y46*$AA46+Y62*$AA62 -> 345.06 | Z78: =SUM(B78:Y78) -> 9200.37 | AA78: =AA14+AA30+AA46+AA62 -> 31 | AB78: =+AB14+AB30+AB46+AB62 -> 9200.37
A79: =+A63 -> 46235 | B79: =+B15*$AA15+B31*$AA31+B47*$AA47+B63*$AA63 -> 278.8 | C79: =+C15*$AA15+C31*$AA31+C47*$AA47+C63*$AA63 -> 251.69 | D79: =+D15*$AA15+D31*$AA31+D47*$AA47+D63*$AA63 -> 236.41 | E79: =+E15*$AA15+E31*$AA31+E47*$AA47+E63*$AA63 -> 229.81 | F79: =+F15*$AA15+F31*$AA31+F47*$AA47+F63*$AA63 -> 239.43 | G79: =+G15*$AA15+G31*$AA31+G47*$AA47+G63*$AA63 -> 273.26 | H79: =+H15*$AA15+H31*$AA31+H47*$AA47+H63*$AA63 -> 328.43 | I79: =+I15*$AA15+I31*$AA31+I47*$AA47+I63*$AA63 -> 271.22 | ... Y79: =+Y15*$AA15+Y31*$AA31+Y47*$AA47+Y63*$AA63 -> 341.57 | Z79: =SUM(B79:Y79) -> 9151.28 | AA79: =AA15+AA31+AA47+AA63 -> 31 | AB79: =+AB15+AB31+AB47+AB63 -> 9151.28
A80: =+A64 -> 46266 | B80: =+B16*$AA16+B32*$AA32+B48*$AA48+B64*$AA64 -> 263.38 | C80: =+C16*$AA16+C32*$AA32+C48*$AA48+C64*$AA64 -> 237.9 | D80: =+D16*$AA16+D32*$AA32+D48*$AA48+D64*$AA64 -> 224.12 | E80: =+E16*$AA16+E32*$AA32+E48*$AA48+E64*$AA64 -> 218.24 | F80: =+F16*$AA16+F32*$AA32+F48*$AA48+F64*$AA64 -> 230.06 | G80: =+G16*$AA16+G32*$AA32+G48*$AA48+G64*$AA64 -> 266.4 | H80: =+H16*$AA16+H32*$AA32+H48*$AA48+H64*$AA64 -> 325.54 | I80: =+I16*$AA16+I32*$AA32+I48*$AA48+I64*$AA64 -> 271.54 | ... Y80: =+Y16*$AA16+Y32*$AA32+Y48*$AA48+Y64*$AA64 -> 323.74 | Z80: =SUM(B80:Y80) -> 8891.64 | AA80: =AA16+AA32+AA48+AA64 -> 30 | AB80: =+AB16+AB32+AB48+AB64 -> 8891.64
A81: =+A65 -> 46296 | B81: =+B17*$AA17+B33*$AA33+B49*$AA49+B65*$AA65 -> 270.6 | C81: =+C17*$AA17+C33*$AA33+C49*$AA49+C65*$AA65 -> 243.2 | D81: =+D17*$AA17+D33*$AA33+D49*$AA49+D65*$AA65 -> 229.51 | E81: =+E17*$AA17+E33*$AA33+E49*$AA49+E65*$AA65 -> 224.23 | F81: =+F17*$AA17+F33*$AA33+F49*$AA49+F65*$AA65 -> 232.7 | G81: =+G17*$AA17+G33*$AA33+G49*$AA49+G65*$AA65 -> 250.21 | H81: =+H17*$AA17+H33*$AA33+H49*$AA49+H65*$AA65 -> 314.67 | I81: =+I17*$AA17+I33*$AA33+I49*$AA49+I65*$AA65 -> 267.62 | ... Y81: =+Y17*$AA17+Y33*$AA33+Y49*$AA49+Y65*$AA65 -> 339.55 | Z81: =SUM(B81:Y81) -> 9147.02 | AA81: =AA17+AA33+AA49+AA65 -> 31 | AB81: =+AB17+AB33+AB49+AB65 -> 9147.02
A82: =+A66 -> 46327 | B82: =+B18*$AA18+B34*$AA34+B50*$AA50+B66*$AA66 -> 267.09 | C82: =+C18*$AA18+C34*$AA34+C50*$AA50+C66*$AA66 -> 240.61 | D82: =+D18*$AA18+D34*$AA34+D50*$AA50+D66*$AA66 -> 225.49 | E82: =+E18*$AA18+E34*$AA34+E50*$AA50+E66*$AA66 -> 218.94 | F82: =+F18*$AA18+F34*$AA34+F50*$AA50+F66*$AA66 -> 226.55 | G82: =+G18*$AA18+G34*$AA34+G50*$AA50+G66*$AA66 -> 247.12 | H82: =+H18*$AA18+H34*$AA34+H50*$AA50+H66*$AA66 -> 304.08 | I82: =+I18*$AA18+I34*$AA34+I50*$AA50+I66*$AA66 -> 257.92 | ... Y82: =+Y18*$AA18+Y34*$AA34+Y50*$AA50+Y66*$AA66 -> 331.12 | Z82: =SUM(B82:Y82) -> 8834 | AA82: =AA18+AA34+AA50+AA66 -> 30 | AB82: =+AB18+AB34+AB50+AB66 -> 8834
A83: =+A67 -> 46357 | B83: =+B19*$AA19+B35*$AA35+B51*$AA51+B67*$AA67 -> 296.4 | C83: =+C19*$AA19+C35*$AA35+C51*$AA51+C67*$AA67 -> 264.92 | D83: =+D19*$AA19+D35*$AA35+D51*$AA51+D67*$AA67 -> 246.97 | E83: =+E19*$AA19+E35*$AA35+E51*$AA51+E67*$AA67 -> 238.35 | F83: =+F19*$AA19+F35*$AA35+F51*$AA51+F67*$AA67 -> 243.94 | G83: =+G19*$AA19+G35*$AA35+G51*$AA51+G67*$AA67 -> 264.09 | H83: =+H19*$AA19+H35*$AA35+H51*$AA51+H67*$AA67 -> 318.96 | I83: =+I19*$AA19+I35*$AA35+I51*$AA51+I67*$AA67 -> 270.19 | ... Y83: =+Y19*$AA19+Y35*$AA35+Y51*$AA51+Y67*$AA67 -> 367.41 | Z83: =SUM(B83:Y83) -> 9347.76 | AA83: =AA19+AA35+AA51+AA67 -> 31 | AB83: =+AB19+AB35+AB51+AB67 -> 9347.76

Sheet Oferta Producto No. 2
D2: ANEXO No. 1 OFERTAS Y CANTIDADES
C3: OFERTA MERCANTIL IRREVOCABLE A LA EMPRESA DE ENERGIA DE PEREIRA S.A. ESP. INVITACIÓN PARA EL SUMINISTRO DE ENERGÍA ELÉCTRICA CON DESTINO AL MERCADO REGULADO CONVOCATORIA PÚBLICA No. 004-2025 - CP-EEPC2025-004
D4: PRODUCTO No. 2
C6: EMPRESA: XXXXXXXXXXXXXXXXXXXXXXXXXXXXXX
C7: REPRESENTANTE LEGAL: XXXXXXXXXXXXXXXXXXXXXXXXXXXXXX
C8: TIPO DE AGENTE: (COMERCIALIZADOR/GENERADOR)
C9: ="PRODUCTO OFERTADO: "&D4 -> PRODUCTO OFERTADO: PRODUCTO No. 2
C11: Las tarifas ofertadas están referidas en pesos constantes de abril de 2025 provisional
F13: ="Oferta " & PROPER(D4) -> Oferta Producto No. 2
F14: Periodo | G14: Energía requerida (MWh-mes) | H14: Energía ofertada (%) | I14: Energía ofertada (MWh-mes) | J14: Tarifa monomia ($/kWh)
A15: 22.85 | B15: 31 | F15: =+'Cantidades Producto No. 2'!A72 -> 46388 | G15: =+'Cantidades Producto No. 2'!AB72 -> 10296.93
B16: 28 | F16: =+'Cantidades Producto No. 2'!A73 -> 46419 | G16: =+'Cantidades Producto No. 2'!AB73 -> 10115.76
B17: 31 | F17: =+'Cantidades Producto No. 2'!A74 -> 46447 | G17: =+'Cantidades Producto No. 2'!AB74 -> 10519.32
B18: 30 | F18: =+'Cantidades Producto No. 2'!A75 -> 46478 | G18: =+'Cantidades Producto No. 2'!AB75 -> 10817.48
B19: 31 | F19: =+'Cantidades Producto No. 2'!A76 -> 46508 | G19: =+'Cantidades Producto No. 2'!AB76 -> 10606.63
B20: 30 | F20: =+'Cantidades Producto No. 2'!A77 -> 46539 | G20: =+'Cantidades Producto No. 2'!AB77 -> 10597.17
B21: 31 | F21: =+'Cantidades Producto No. 2'!A78 -> 46569 | G21: =+'Cantidades Producto No. 2'!AB78 -> 10183.38
B22: 31 | F22: =+'Cantidades Producto No. 2'!A79 -> 46600 | G22: =+'Cantidades Producto No. 2'!AB79 -> 10622.07
B23: 30 | F23: =+'Cantidades Producto No. 2'!A80 -> 46631 | G23: =+'Cantidades Producto No. 2'!AB80 -> 10607.8
B24: 31 | F24: =+'Cantidades Producto No. 2'!A81 -> 46661 | G24: =+'Cantidades Producto No. 2'!AB81 -> 10615.38
B25: 30 | F25: =+'Cantidades Producto No. 2'!A82 -> 46692 | G25: =+'Cantidades Producto No. 2'!AB82 -> 10602.5
B26: 31 | F26: =+'Cantidades Producto No. 2'!A83 -> 46722 | G26: =+'Cantidades Producto No. 2'!AB83 -> 10381.11
F27: TOTAL | G27: =SUM(G15:G26) -> 125965.53
B29: Notas
B31: (1) Oferta válida para la modalidad Pague lo Contratado.
B32: ="(2) Las cantidades se distribuyen de acuerdo a la curva del Anexo 1. Ofertas y Cantidades "& D4 &" de los Pliegos de Condiciones definitivos" -> (2) Las cantidades se distribuyen de acuerdo a la curva del Anexo 1. Ofertas y Cantidades PRODUCTO No. 2 de los Pliegos de Condiciones definitivos
B33: (3) La cantidad de energía es equivalente a un porcentaje de las cantidades de energía requerida por la Empresa de Energía de Pereira S.A. ESP. (para todo el año/para cada mes), de acuerdo con el Anexo No.1 Ofertas y Cantidades PRODUCTO No. 2 de los Pliegos definitivos, que se aplicarán para todas las 24 horas del día de la curva establecida en dicho Anexo, presentando una tarifa para cada año sin ningún tipo de discriminación por mes, ni tipo de carga ni tipo de día.
B34: (4) Esta oferta NO presenta restricciones tales como adjudicación mínima o total u otras que no permitan la evaluación objetiva e integral del producto ofertado.
B35: (5) Los precios ofertados incluyen todos los pagos, cargos, impuestos, estampillas, etc., que el Proponente deba realizar ante cualquier entidad gubernamental, o empresa pública, privada o mixta para entregar la energía en la frontera con el Sistema de Transmisión Nacional – STN.
B36: (6) Las cantidades ofertadas están sujetas a la adjudicación en la misma proporción respecto a las cantidades ofertadas para todos y cada uno de los meses del año. Es decir, si la Empresa de Energía de Pereira decide adjudicar, por ejemplo, el 50% de lo ofertado en cualesquiera de los meses de alguno de los años, ese mismo porcentaje debe ser adjudicado en el resto de cada uno de los meses de ese año.

Sheet Cantidades Producto No. 2
A2: EMPRESA DE ENERGÍA DE PEREIRA S.A. E.S.P.
A3: PRODUCTO No. 2
A5: DEMANDA DIARIA ESTIMADA DÍA HABIL [MWh]
A7: MES | B7: H1 | C7: H2 | D7: H3 | E7: H4 | F7: H5 | G7: H6 | H7: H7 | I7: H8 | J7: H9 | K7: H10 | L7: H11 | M7: H12 | N7: H13 | O7: H14 | P7: H15 | Q7: H16 | R7: H17 | S7: H18 | T7: H19 | U7: H20 | V7: H21 | W7: H22 | X7: H23 | Y7: H24 | Z7: TOTAL | AA7: Días
A8: 46388 | B8: 9.55 | C8: 8.71 | D8: 7.87 | E8: 7.56 | F8: 8.09 | G8: 9.93 | H8: 12.51 | I8: 9.16 | J8: 11.44 | K8: 13.84 | L8: 16.16 | M8: 18.32 | N8: 18.34 | O8: 17.91 | P8: 18.33 | Q8: 18.21 | R8: 17.5 | S8: 22.89 | T8: 23.28 | U8: 24.06 | V8: 22.6 | W8: 20.26 | X8: 16.65 | Y8: 13.95 | Z8: =SUM(B8:Y8) -> 367.12 | AA8: 19 | AB8: =+Z8*AA8 -> 6975.28 | AD8: HABIL
A9: 46419 | B9: 9.76 | C9: 9.02 | D9: 8.22 | E9: 7.99 | F9: 8.8 | G9: 11.93 | H9: 14.92 | I9: 11 | J9: 12.81 | K9: 15 | L9: 17.24 | M9: 19.27 | N9: 18.58 | O9: 18.47 | P9: 19.23 | Q9: 19.31 | R9: 18.64 | S9: 23.32 | T9: 22.92 | U9: 24.21 | V9: 23.14 | W9: 20.73 | X9: 16.84 | Y9: 14.08 | Z9: =SUM(B9:Y9) -> 385.43 | AA9: 20 | AB9: =+Z9*AA9 -> 7708.6 | AD9: HABIL
A10: 46447 | B10: 9.28 | C10: 8.55 | D10: 7.86 | E10: 7.59 | F10: 8.41 | G10: 11.44 | H10: 14.2 | I10: 10.74 | J10: 12.56 | K10: 14.53 | L10: 16.74 | M10: 18.6 | N10: 18.18 | O10: 17.82 | P10: 18.41 | Q10: 18.27 | R10: 17.73 | S10: 22.86 | T10: 22.72 | U10: 24.05 | V10: 22.57 | W10: 20.16 | X10: 16.39 | Y10: 13.65 | Z10: =SUM(B10:Y10) -> 373.31 | AA10: 20 | AB10: =+Z10*AA10 -> 7466.2 | AD10: HABIL
A11: 46478 | B11: 9.57 | C11: 8.77 | D11: 8.05 | E11: 7.77 | F11: 8.62 | G11: 11.39 | H11: 14.33 | I11: 11.06 | J11: 12.67 | K11: 15.44 | L11: 17.5 | M11: 19.41 | N11: 19.01 | O11: 18.32 | P11: 18.26 | Q11: 18.35 | R11: 17.88 | S11: 23.72 | T11: 24.07 | U11: 24.85 | V11: 23.22 | W11: 20.68 | X11: 16.8 | Y11: 14.16 | Z11: =SUM(B11:Y11) -> 383.9 | AA11: 22 | AB11: =+Z11*AA11 -> 8445.8 | AD11: HABIL
A12: 46508 | B12: 9.38 | C12: 8.63 | D12: 7.88 | E12: 7.56 | F12: 8.44 | G12: 11 | H12: 14.2 | I12: 10.76 | J12: 12.78 | K12: 15.08 | L12: 17.44 | M12: 19.56 | N12: 19.04 | O12: 18.42 | P12: 18.75 | Q12: 18.52 | R12: 17.59 | S12: 23.55 | T12: 23.82 | U12: 24.45 | V12: 22.83 | W12: 20.09 | X12: 16.13 | Y12: 13.61 | Z12: =SUM(B12:Y12) -> 379.51 | AA12: 19 | AB12: =+Z12*AA12 -> 7210.69 | AD12: HABIL
A13: 46539 | B13: 9.32 | C13: 8.52 | D13: 7.64 | E13: 7.33 | F13: 8.2 | G13: 10.54 | H13: 14.04 | I13: 10.92 | J13: 12.99 | K13: 15.33 | L13: 17.45 | M13: 19.6 | N13: 19.3 | O13: 18.48 | P13: 18.52 | Q13: 18.32 | R13: 17.77 | S13: 23.67 | T13: 23.88 | U13: 25.22 | V13: 23.52 | W13: 20.61 | X13: 16.33 | Y13: 13.77 | Z13: =SUM(B13:Y13) -> 381.27 | AA13: 21 | AB13: =+Z13*AA13 -> 8006.67 | AD13: HABIL
A14: 46569 | B14: 7.8 | C14: 7.16 | D14: 6.26 | E14: 5.96 | F14: 6.85 | G14: 9.47 | H14: 12.7 | I14: 9.08 | J14: 11.36 | K14: 13.91 | L14: 16.12 | M14: 18.49 | N14: 17.98 | O14: 17.27 | P14: 17.58 | Q14: 17.69 | R14: 17.19 | S14: 24.33 | T14: 23.89 | U14: 25.64 | V14: 23.88 | W14: 20.91 | X14: 16.43 | Y14: 14.12 | Z14: =SUM(B14:Y14) -> 362.07 | AA14: 20 | AB14: =+Z14*AA14 -> 7241.4 | AD14: HABIL
A15: 46600 | B15: 8.48 | C15: 7.67 | D15: 6.85 | E15: 6.56 | F15: 7.47 | G15: 10.47 | H15: 13.66 | I15: 9.9 | J15: 12.08 | K15: 14.38 | L15: 16.97 | M15: 19.27 | N15: 18.77 | O15: 18.2 | P15: 18.49 | Q15: 18.32 | R15: 17.77 | S15: 24.9 | T15: 24.76 | U15: 26.09 | V15: 24.22 | W15: 21.26 | X15: 16.68 | Y15: 14.3 | Z15: =SUM(B15:Y15) -> 377.52 | AA15: 21 | AB15: =+Z15*AA15 -> 7927.92 | AD15: HABIL
A16: 46631 | B16: 8.54 | C16: 7.7 | D16: 6.86 | E16: 6.59 | F16: 7.59 | G16: 10.6 | H16: 13.98 | I16: 9.97 | J16: 11.28 | K16: 13.97 | L16: 16.97 | M16: 19.2 | N16: 18.61 | O16: 18 | P16: 18.5 | Q16: 18.42 | R16: 17.76 | S16: 25.31 | T16: 26.07 | U16: 26.06 | V16: 24.1 | W16: 21.16 | X16: 16.68 | Y16: 14.22 | Z16: =SUM(B16:Y16) -> 378.14 | AA16: 22 | AB16: =+Z16*AA16 -> 8319.08 | AD16: HABIL
A17: 46661 | B17: 8.29 | C17: 7.4 | D17: 6.65 | E17: 6.41 | F17: 7.12 | G17: 8.75 | H17: 12.44 | I17: 9.25 | J17: 11.92 | K17: 14.71 | L17: 17.35 | M17: 19.48 | N17: 19.05 | O17: 18.47 | P17: 18.79 | Q17: 18.37 | R17: 17.77 | S17: 25.83 | T17: 26.58 | U17: 25.56 | V17: 23.69 | W17: 20.79 | X17: 16.73 | Y17: 14.3 | Z17: =SUM(B17:Y17) -> 375.7 | AA17: 20 | AB17: =+Z17*AA17 -> 7514 | AD17: HABIL
A18: 46692 | B18: 8.77 | C18: 7.88 | D18: 7 | E18: 6.72 | F18: 7.45 | G18: 9.5 | H18: 13.02 | I18: 9.85 | J18: 12.26 | K18: 14.71 | L18: 17.11 | M18: 19.33 | N18: 19.06 | O18: 18.5 | P18: 19.19 | Q18: 18.9 | R18: 18.31 | S18: 26.78 | T18: 27.24 | U18: 26.35 | V18: 24.51 | W18: 21.56 | X18: 17.33 | Y18: 14.77 | Z18: =SUM(B18:Y18) -> 386.1 | AA18: 20 | AB18: =+Z18*AA18 -> 7722 | AD18: HABIL
A19: 46722 | B19: 9.1 | C19: 8.03 | D19: 7.07 | E19: 6.67 | F19: 7.16 | G19: 8.72 | H19: 11.66 | I19: 8.73 | J19: 11.26 | K19: 13.53 | L19: 15.72 | M19: 17.67 | N19: 17.76 | O19: 17.38 | P19: 17.67 | Q19: 17.4 | R19: 16.64 | S19: 23.69 | T19: 24.7 | U19: 24.58 | V19: 22.94 | W19: 20.67 | X19: 17.3 | Y19: 15.18 | Z19: =SUM(B19:Y19) -> 361.23 | AA19: 22 | AB19: =+Z19*AA19 -> 7947.06 | AD19: HABIL
A21: DEMANDA DIARIA ESTIMADA DÍA SABADO [MWh]
A23: MES | B23: H1 | C23: H2 | D23: H3 | E23: H4 | F23: H5 | G23: H6 | H23: H7 | I23: H8 | J23: H9 | K23: H10 | L23: H11 | M23: H12 | N23: H13 | O23: H14 | P23: H15 | Q23: H16 | R23: H17 | S23: H18 | T23: H19 | U23: H20 | V23: H21 | W23: H22 | X23: H23 | Y23: H24 | Z23: TOTAL | AA23: Días
A24: =+A8 -> 46388 | B24: 9.76 | C24: 8.83 | D24: 7.86 | E24: 7.33 | F24: 7.52 | G24: 8.5 | H24: 10.39 | I24: 7.06 | J24: 9.59 | K24: 12.49 | L24: 14.43 | M24: 16.08 | N24: 16.33 | O24: 15.34 | P24: 14.49 | Q24: 14.15 | R24: 13.55 | S24: 20.22 | T24: 21.24 | U24: 21.77 | V24: 20.23 | W24: 18.1 | X24: 15.32 | Y24: 13.83 | Z24: =SUM(B24:Y24) -> 324.41 | AA24: 5 | AB24: =+Z24*AA24 -> 1622.05 | AD24: SABADOS
A25: =+A9 -> 46419 | B25: 9.87 | C25: 9.03 | D25: 8.14 | E25: 7.68 | F25: 7.94 | G25: 9.33 | H25: 11.7 | I25: 8.37 | J25: 10.89 | K25: 13.36 | L25: 15.34 | M25: 16.6 | N25: 16.57 | O25: 15.92 | P25: 15.34 | Q25: 14.98 | R25: 14.59 | S25: 20.84 | T25: 21.16 | U25: 22.63 | V25: 21.21 | W25: 19.21 | X25: 16.3 | Y25: 14.81 | Z25: =SUM(B25:Y25) -> 341.81 | AA25: 4 | AB25: =+Z25*AA25 -> 1367.24 | AD25: SABADOS
A26: =+A10 -> 46447 | B26: 9.44 | C26: 8.55 | D26: 7.69 | E26: 7.24 | F26: 7.64 | G26: 8.93 | H26: 10.92 | I26: 8.05 | J26: 10.66 | K26: 12.89 | L26: 14.76 | M26: 16.5 | N26: 16.45 | O26: 15.3 | P26: 14.52 | Q26: 14.12 | R26: 13.72 | S26: 20.37 | T26: 20.56 | U26: 21.21 | V26: 19.8 | W26: 17.9 | X26: 15.11 | Y26: 13.62 | Z26: =SUM(B26:Y26) -> 325.95 | AA26: 4 | AB26: =+Z26*AA26 -> 1303.8 | AD26: SABADOS
A27: =+A11 -> 46478 | B27: 9.94 | C27: 8.94 | D27: 7.95 | E27: 7.44 | F27: 7.71 | G27: 8.41 | H27: 10.91 | I27: 8.1 | J27: 10.64 | K27: 13.27 | L27: 15.24 | M27: 16.82 | N27: 16.94 | O27: 15.69 | P27: 15.03 | Q27: 14.64 | R27: 13.94 | S27: 20.75 | T27: 21.52 | U27: 22.34 | V27: 20.88 | W27: 18.8 | X27: 16.02 | Y27: 14.52 | Z27: =SUM(B27:Y27) -> 336.44 | AA27: 4 | AB27: =+Z27*AA27 -> 1345.76 | AD27: SABADOS
A28: =+A12 -> 46508 | B28: 9.36 | C28: 8.57 | D28: 7.68 | E28: 7.24 | F28: 7.59 | G28: 8.36 | H28: 11.24 | I28: 8.51 | J28: 11.12 | K28: 13.99 | L28: 15.8 | M28: 17.28 | N28: 16.95 | O28: 15.51 | P28: 14.92 | Q28: 14.46 | R28: 13.83 | S28: 20.73 | T28: 21.58 | U28: 22.44 | V28: 20.79 | W28: 18.69 | X28: 15.78 | Y28: 14.23 | Z28: =SUM(B28:Y28) -> 336.65 | AA28: 4 | AB28: =+Z28*AA28 -> 1346.6 | AD28: SABADOS
A29: =+A13 -> 46539 | B29: 9.43 | C29: 8.53 | D29: 7.6 | E29: 7.17 | F29: 7.51 | G29: 8.61 | H29: 10.95 | I29: 8.1 | J29: 10.79 | K29: 13.63 | L29: 15.4 | M29: 17.1 | N29: 17.31 | O29: 16.23 | P29: 15.22 | Q29: 14.45 | R29: 13.78 | S29: 20.69 | T29: 21.59 | U29: 22.44 | V29: 20.74 | W29: 18.48 | X29: 15.36 | Y29: 13.65 | Z29: =SUM(B29:Y29) -> 334.76 | AA29: 4 | AB29: =+Z29*AA29 -> 1339.04 | AD29: SABADOS
A30: =+A14 -> 46569 | B30: 8.51 | C30: 7.45 | D30: 6.26 | E30: 5.82 | F30: 6.13 | G30: 6.89 | H30: 9.52 | I30: 6.1 | J30: 9.14 | K30: 12.17 | L30: 14.12 | M30: 15.96 | N30: 16.19 | O30: 14.93 | P30: 13.73 | Q30: 12.76 | R30: 12.17 | S30: 20.91 | T30: 21.28 | U30: 22.97 | V30: 21.2 | W30: 19.04 | X30: 16.04 | Y30: 14.37 | Z30: =SUM(B30:Y30) -> 313.66 | AA30: 5 | AB30: =+Z30*AA30 -> 1568.3 | AD30: SABADOS
A31: =+A15 -> 46600 | B31: 9.12 | C31: 8.14 | D31: 7.09 | E31: 6.54 | F31: 6.91 | G31: 7.96 | H31: 10.67 | I31: 7.18 | J31: 9.96 | K31: 12.81 | L31: 14.82 | M31: 16.54 | N31: 16.57 | O31: 15.26 | P31: 14.2 | Q31: 13.23 | R31: 12.52 | S31: 20.97 | T31: 21.68 | U31: 22.92 | V31: 21.28 | W31: 19.17 | X31: 16.21 | Y31: 14.44 | Z31: =SUM(B31:Y31) -> 326.19 | AA31: 3 | AB31: =+Z31*AA31 -> 978.57 | AD31: SABADOS
A32: =+A16 -> 46631 | B32: 8.62 | C32: 7.71 | D32: 6.72 | E32: 6.16 | F32: 6.55 | G32: 7.54 | H32: 10.35 | I32: 7.34 | J32: 10.19 | K32: 12.88 | L32: 15.16 | M32: 17 | N32: 16.2 | O32: 15.58 | P32: 14.33 | Q32: 13.71 | R32: 12.86 | S32: 22.54 | T32: 23.67 | U32: 23.29 | V32: 21.44 | W32: 19.07 | X32: 15.85 | Y32: 14.18 | Z32: =SUM(B32:Y32) -> 328.94 | AA32: 4 | AB32: =+Z32*AA32 -> 1315.76 | AD32: SABADOS
A33: =+A17 -> 46661 | B33: 8.78 | C33: 7.78 | D33: 6.8 | E33: 6.4 | F33: 6.78 | G33: 7.27 | H33: 10.23 | I33: 7.1 | J33: 10.1 | K33: 12.83 | L33: 14.94 | M33: 16.73 | N33: 16.72 | O33: 15.62 | P33: 14.74 | Q33: 13.92 | R33: 13.09 | S33: 22.44 | T33: 23.89 | U33: 23.08 | V33: 20.93 | W33: 18.78 | X33: 16.02 | Y33: 14.38 | Z33: =SUM(B33:Y33) -> 329.35 | AA33: 5 | AB33: =+Z33*AA33 -> 1646.75 | AD33: SABADOS
A34: =+A18 -> 46692 | B34: 9 | C34: 7.98 | D34: 6.97 | E34: 6.43 | F34: 6.81 | G34: 7.44 | H34: 10.44 | I34: 7.54 | J34: 10.41 | K34: 13.15 | L34: 15.4 | M34: 17.38 | N34: 17.29 | O34: 15.91 | P34: 14.87 | Q34: 14.43 | R34: 13.84 | S34: 22.7 | T34: 24.6 | U34: 24.1 | V34: 22.12 | W34: 20.07 | X34: 16.85 | Y34: 15.09 | Z34: =SUM(B34:Y34) -> 340.82 | AA34: 4 | AB34: =+Z34*AA34 -> 1363.28 | AD34: SABADOS
A35: =+A19 -> 46722 | B35: 9.25 | C35: 8.16 | D35: 7.09 | E35: 6.53 | F35: 6.86 | G35: 7.67 | H35: 10.27 | I35: 7.3 | J35: 10.11 | K35: 12.69 | L35: 14.69 | M35: 16.49 | N35: 16.45 | O35: 15.06 | P35: 13.84 | Q35: 13.21 | R35: 12.94 | S35: 21.5 | T35: 22.83 | U35: 22.53 | V35: 20.8 | W35: 18.65 | X35: 15.81 | Y35: 14.34 | Z35: =SUM(B35:Y35) -> 325.07 | AA35: 3 | AB35: =+Z35*AA35 -> 975.21 | AD35: SABADOS
A37: DEMANDA DIARIA ESTIMADA DÍA DOMINGO Y FESTIVO DIFERENTE A LUNES [MWh]
A39: MES | B39: H1 | C39: H2 | D39: H3 | E39: H4 | F39: H5 | G39: H6 | H39: H7 | I39: H8 | J39: H9 | K39: H10 | L39: H11 | M39: H12 | N39: H13 | O39: H14 | P39: H15 | Q39: H16 | R39: H17 | S39: H18 | T39: H19 | U39: H20 | V39: H21 | W39: H22 | X39: H23 | Y39: H24 | Z39: TOTAL | AA39: Días
A40: =+A24 -> 46388 | B40: 10 | C40: 9.12 | D40: 7.76 | E40: 7.24 | F40: 6.91 | G40: 7.04 | H40: 7.48 | I40: 2.05 | J40: 3.26 | K40: 5.32 | L40: 7.05 | M40: 8.66 | N40: 9.78 | O40: 9.92 | P40: 9.45 | Q40: 9.22 | R40: 9.12 | S40: 15.99 | T40: 17.2 | U40: 18.94 | V40: 18.43 | W40: 16.64 | X40: 14.01 | Y40: 12.67 | Z40: =SUM(B40:Y40) -> 243.26 | AA40: 6 | AB40: =+Z40*AA40 -> 1459.56 | AD40: DOMINGOS Y FESTIVOS
A41: =+A25 -> 46419 | B41: 10.26 | C41: 9.29 | D41: 8.06 | E41: 7.41 | F41: 7.32 | G41: 7.81 | H41: 8.69 | I41: 3.73 | J41: 5.44 | K41: 7.73 | L41: 9.1 | M41: 10.6 | N41: 11.32 | O41: 10.97 | P41: 10.13 | Q41: 9.58 | R41: 9.23 | S41: 16.28 | T41: 16.73 | U41: 19.56 | V41: 18.92 | W41: 16.8 | X41: 13.5 | Y41: 11.52 | Z41: =SUM(B41:Y41) -> 259.98 | AA41: 4 | AB41: =+Z41*AA41 -> 1039.92 | AD41: DOMINGOS Y FESTIVOS
A42: =+A26 -> 46447 | B42: 9.51 | C42: 8.59 | D42: 7.6 | E42: 7.02 | F42: 6.84 | G42: 7.37 | H42: 8.15 | I42: 3.53 | J42: 4.98 | K42: 6.99 | L42: 8.26 | M42: 9.48 | N42: 10.44 | O42: 10.4 | P42: 9.57 | Q42: 9.2 | R42: 9.22 | S42: 16.48 | T42: 17.5 | U42: 19.14 | V42: 18.17 | W42: 16.1 | X42: 13.25 | Y42: 11.47 | Z42: =SUM(B42:Y42) -> 249.26 | AA42: 6 | AB42: =+Z42*AA42 -> 1495.56 | AD42: DOMINGOS Y FESTIVOS
A43: =+A27 -> 46478 | B43: 9.46 | C43: 8.42 | D43: 7.34 | E43: 6.76 | F43: 6.75 | G43: 6.78 | H43: 7.78 | I43: 3.45 | J43: 5.08 | K43: 7.32 | L43: 9.02 | M43: 10.77 | N43: 11.62 | O43: 11.18 | P43: 10.75 | Q43: 9.69 | R43: 9.46 | S43: 17.09 | T43: 18.07 | U43: 19.24 | V43: 18.39 | W43: 16.44 | X43: 13.55 | Y43: 12.07 | Z43: =SUM(B43:Y43) -> 256.48 | AA43: 4 | AB43: =+Z43*AA43 -> 1025.92 | AD43: DOMINGOS Y FESTIVOS
A44: =+A28 -> 46508 | B44: 9.44 | C44: 8.42 | D44: 7.41 | E44: 6.72 | F44: 6.54 | G44: 6.1 | H44: 7.9 | I44: 3.58 | J44: 5.3 | K44: 7.83 | L44: 9.48 | M44: 10.74 | N44: 10.94 | O44: 10.79 | P44: 9.5 | Q44: 9.7 | R44: 9.63 | S44: 16.96 | T44: 17.81 | U44: 19.61 | V44: 18.9 | W44: 16.84 | X44: 13.65 | Y44: 11.91 | Z44: =SUM(B44:Y44) -> 255.7 | AA44: 6 | AB44: =+Z44*AA44 -> 1534.2 | AD44: DOMINGOS Y FESTIVOS
A45: =+A29 -> 46539 | B45: 9 | C45: 7.98 | D45: 6.99 | E45: 6.35 | F45: 6.3 | G45: 6.41 | H45: 7.72 | I45: 3.37 | J45: 5.1 | K45: 7.49 | L45: 8.83 | M45: 10.03 | N45: 10.79 | O45: 10.77 | P45: 10 | Q45: 9.38 | R45: 9.04 | S45: 16.28 | T45: 17.01 | U45: 19.4 | V45: 18.62 | W45: 16.52 | X45: 13.64 | Y45: 11.9 | Z45: =SUM(B45:Y45) -> 248.92 | AA45: 4 | AB45: =+Z45*AA45 -> 995.68 | AD45: DOMINGOS Y FESTIVOS
A46: =+A30 -> 46569 | B46: 8.18 | C46: 7.26 | D46: 6.17 | E46: 5.45 | F46: 5.38 | G46: 5.41 | H46: 6.47 | I46: 1.59 | J46: 3.41 | K46: 5.85 | L46: 7.36 | M46: 9.1 | N46: 9.77 | O46: 9.2 | P46: 8.42 | Q46: 7.9 | R46: 7.91 | S46: 16.89 | T46: 17.23 | U46: 19.72 | V46: 19.04 | W46: 16.86 | X46: 13.7 | Y46: 11.88 | Z46: =SUM(B46:Y46) -> 230.15 | AA46: 5 | AB46: =+Z46*AA46 -> 1150.75 | AD46: DOMINGOS Y FESTIVOS
A47: =+A31 -> 46600 | B47: 8.78 | C47: 7.76 | D47: 6.71 | E47: 6.08 | F47: 5.94 | G47: 5.98 | H47: 6.74 | I47: 1.79 | J47: 3.7 | K47: 6.16 | L47: 8.01 | M47: 9.55 | N47: 10.45 | O47: 10.33 | P47: 9.55 | Q47: 8.98 | R47: 8.38 | S47: 17.26 | T47: 18.17 | U47: 20.46 | V47: 19.77 | W47: 17.51 | X47: 14.21 | Y47: 12.32 | Z47: =SUM(B47:Y47) -> 244.59 | AA47: 6 | AB47: =+Z47*AA47 -> 1467.54 | AD47: DOMINGOS Y FESTIVOS
A48: =+A32 -> 46631 | B48: 8.49 | C48: 7.58 | D48: 6.51 | E48: 5.75 | F48: 5.62 | G48: 5.49 | H48: 6.63 | I48: 1.79 | J48: 3.65 | K48: 6.14 | L48: 7.83 | M48: 9.63 | N48: 10.44 | O48: 10.2 | P48: 9.16 | Q48: 8.62 | R48: 8.47 | S48: 17.6 | T48: 19.47 | U48: 20.81 | V48: 19.92 | W48: 17.54 | X48: 13.98 | Y48: 11.92 | Z48: =SUM(B48:Y48) -> 243.24 | AA48: 4 | AB48: =+Z48*AA48 -> 972.96 | AD48: DOMINGOS Y FESTIVOS
A49: =+A33 -> 46661 | B49: 8.35 | C49: 7.3 | D49: 6.29 | E49: 5.69 | F49: 5.56 | G49: 5.1 | H49: 6.36 | I49: 1.55 | J49: 3.53 | K49: 5.92 | L49: 7.8 | M49: 9.55 | N49: 10.39 | O49: 10.03 | P49: 9.26 | Q49: 8.66 | R49: 8.39 | S49: 17.93 | T49: 19.83 | U49: 19.77 | V49: 19.03 | W49: 17.19 | X49: 14.4 | Y49: 12.57 | Z49: =SUM(B49:Y49) -> 240.45 | AA49: 5 | AB49: =+Z49*AA49 -> 1202.25 | AD49: DOMINGOS Y FESTIVOS
A50: =+A34 -> 46692 | B50: 8.9 | C50: 7.93 | D50: 6.7 | E50: 5.94 | F50: 5.83 | G50: 5.38 | H50: 6.57 | I50: 1.59 | J50: 3.62 | K50: 5.95 | L50: 7.78 | M50: 9.81 | N50: 10.95 | O50: 10.67 | P50: 9.85 | Q50: 9.5 | R50: 9.21 | S50: 18.79 | T50: 20.91 | U50: 20.82 | V50: 19.84 | W50: 17.73 | X50: 14.6 | Y50: 12.75 | Z50: =SUM(B50:Y50) -> 251.62 | AA50: 4 | AB50: =+Z50*AA50 -> 1006.48 | AD50: DOMINGOS Y FESTIVOS
A51: =+A35 -> 46722 | B51: 9.28 | C51: 8.28 | D51: 7.11 | E51: 6.31 | F51: 6.05 | G51: 6.08 | H51: 6.7 | I51: 1.69 | J51: 3.02 | K51: 5.52 | L51: 7.6 | M51: 9.28 | N51: 10.37 | O51: 10.47 | P51: 9.65 | Q51: 9.1 | R51: 8.63 | S51: 17.32 | T51: 19.25 | U51: 19.26 | V51: 18.32 | W51: 16.76 | X51: 14.31 | Y51: 12.78 | Z51: =SUM(B51:Y51) -> 243.14 | AA51: 6 | AB51: =+Z51*AA51 -> 1458.84 | AD51: DOMINGOS Y FESTIVOS
A53: DEMANDA DIARIA ESTIMADA DÍA LUNES FESTIVO [MWh]
A55: MES | B55: H1 | C55: H2 | D55: H3 | E55: H4 | F55: H5 | G55: H6 | H55: H7 | I55: H8 | J55: H9 | K55: H10 | L55: H11 | M55: H12 | N55: H13 | O55: H14 | P55: H15 | Q55: H16 | R55: H17 | S55: H18 | T55: H19 | U55: H20 | V55: H21 | W55: H22 | X55: H23 | Y55: H24 | Z55: TOTAL | AA55: Días
A56: =+A40 -> 46388 | B56: 8.63 | C56: 7.73 | D56: 6.71 | E56: 6.12 | F56: 6.1 | G56: 6.63 | H56: 7.76 | I56: 2.65 | J56: 4.02 | K56: 6.41 | L56: 8.65 | M56: 10.42 | N56: 11.33 | O56: 10.76 | P56: 9.32 | Q56: 8.72 | R56: 8.93 | S56: 16.6 | T56: 18.02 | U56: 18.83 | V56: 17.58 | W56: 15.32 | X56: 12.28 | Y56: 10.52 | Z56: =SUM(B56:Y56) -> 240.04 | AA56: 1 | AB56: =+Z56*AA56 -> 240.04 | AD56: LUNES FESTIVOS
A57: =+A41 -> 46419 | B57: 10.26 | C57: 9.29 | D57: 8.06 | E57: 7.41 | F57: 7.32 | G57: 7.81 | H57: 8.69 | I57: 3.73 | J57: 5.44 | K57: 7.73 | L57: 9.1 | M57: 10.6 | N57: 11.32 | O57: 10.97 | P57: 10.13 | Q57: 9.58 | R57: 9.23 | S57: 16.28 | T57: 16.73 | U57: 19.56 | V57: 18.92 | W57: 16.8 | X57: 13.5 | Y57: 11.52 | Z57: =SUM(B57:Y57) -> 259.98 | AA57: 0 | AB57: =+Z57*AA57 -> 0 | AD57: LUNES FESTIVOS
A58: =+A42 -> 46447 | B58: 8.72 | C58: 7.9 | D58: 7 | E58: 6.46 | F58: 6.3 | G58: 6.84 | H58: 7.56 | I58: 3.46 | J58: 5.34 | K58: 7.38 | L58: 9.12 | M58: 10.71 | N58: 11.26 | O58: 10.98 | P58: 10.48 | Q58: 10 | R58: 10.01 | S58: 17.16 | T58: 17.95 | U58: 19.47 | V58: 18.73 | W58: 16.61 | X58: 13.04 | Y58: 11.28 | Z58: =SUM(B58:Y58) -> 253.76 | AA58: 1 | AB58: =+Z58*AA58 -> 253.76 | AD58: LUNES FESTIVOS
A59: =+A43 -> 46478 | B59: 9.46 | C59: 8.42 | D59: 7.34 | E59: 6.76 | F59: 6.75 | G59: 6.78 | H59: 7.78 | I59: 3.45 | J59: 5.08 | K59: 7.32 | L59: 9.02 | M59: 10.77 | N59: 11.62 | O59: 11.18 | P59: 10.75 | Q59: 9.69 | R59: 9.46 | S59: 17.09 | T59: 18.07 | U59: 19.24 | V59: 18.39 | W59: 16.44 | X59: 13.55 | Y59: 12.07 | Z59: =SUM(B59:Y59) -> 256.48 | AA59: 0 | AB59: =+Z59*AA59 -> 0 | AD59: LUNES FESTIVOS
A60: =+A44 -> 46508 | B60: 7.76 | C60: 6.98 | D60: 6.3 | E60: 5.86 | F60: 6.01 | G60: 6.13 | H60: 7.7 | I60: 3.82 | J60: 6.07 | K60: 8.13 | L60: 9.65 | M60: 12.04 | N60: 13.62 | O60: 12.93 | P60: 11.04 | Q60: 10.29 | R60: 9.96 | S60: 17.21 | T60: 17.5 | U60: 19.76 | V60: 18.68 | W60: 16.39 | X60: 12.82 | Y60: 10.92 | Z60: =SUM(B60:Y60) -> 257.57 | AA60: 2 | AB60: =+Z60*AA60 -> 515.14 | AD60: LUNES FESTIVOS
A61: =+A45 -> 46539 | B61: 8.11 | C61: 7.2 | D61: 6.27 | E61: 5.86 | F61: 5.98 | G61: 5.78 | H61: 7.52 | I61: 3.2 | J61: 5.05 | K61: 7.49 | L61: 9.25 | M61: 11.12 | N61: 12.48 | O61: 12.24 | P61: 11.05 | Q61: 10.46 | R61: 10.01 | S61: 17.57 | T61: 18.22 | U61: 20.34 | V61: 19.29 | W61: 16.78 | X61: 13.26 | Y61: 11.25 | Z61: =SUM(B61:Y61) -> 255.78 | AA61: 1 | AB61: =+Z61*AA61 -> 255.78 | AD61: LUNES FESTIVOS
A62: =+A46 -> 46569 | B62: 7.71 | C62: 6.76 | D62: 5.65 | E62: 5.07 | F62: 4.98 | G62: 4.92 | H62: 6.31 | I62: 1.55 | J62: 3.35 | K62: 5.66 | L62: 7.95 | M62: 10.24 | N62: 11.53 | O62: 10.53 | P62: 8.28 | Q62: 7.16 | R62: 6.7 | S62: 15.61 | T62: 15.83 | U62: 19.06 | V62: 18.27 | W62: 16.13 | X62: 12.85 | Y62: 10.83 | Z62: =SUM(B62:Y62) -> 222.93 | AA62: 1 | AB62: =+Z62*AA62 -> 222.93 | AD62: LUNES FESTIVOS
A63: =+A47 -> 46600 | B63: 7.82 | C63: 6.93 | D63: 5.98 | E63: 5.59 | F63: 5.44 | G63: 5.92 | H63: 6.86 | I63: 2.18 | J63: 4.43 | K63: 6.98 | L63: 9.31 | M63: 11.25 | N63: 12.12 | O63: 11.82 | P63: 10.25 | Q63: 9.12 | R63: 8.81 | S63: 17.53 | T63: 17.99 | U63: 20.66 | V63: 19.46 | W63: 16.94 | X63: 13.24 | Y63: 11.41 | Z63: =SUM(B63:Y63) -> 248.04 | AA63: 1 | AB63: =+Z63*AA63 -> 248.04 | AD63: LUNES FESTIVOS
A64: =+A48 -> 46631 | B64: 8.49 | C64: 7.58 | D64: 6.51 | E64: 5.75 | F64: 5.62 | G64: 5.49 | H64: 6.63 | I64: 1.79 | J64: 3.65 | K64: 6.14 | L64: 7.83 | M64: 9.63 | N64: 10.44 | O64: 10.2 | P64: 9.16 | Q64: 8.62 | R64: 8.47 | S64: 17.6 | T64: 19.47 | U64: 20.81 | V64: 19.92 | W64: 17.54 | X64: 13.98 | Y64: 11.92 | Z64: =SUM(B64:Y64) -> 243.24 | AA64: 0 | AB64: =+Z64*AA64 -> 0 | AD64: LUNES FESTIVOS
A65: =+A49 -> 46661 | B65: 8.06 | C65: 7.1 | D65: 6.1 | E65: 5.52 | F65: 5.41 | G65: 4.8 | H65: 6.6 | I65: 1.98 | J65: 4.06 | K65: 6.74 | L65: 8.96 | M65: 11.35 | N65: 12.74 | O65: 11.75 | P65: 9.81 | Q65: 8.58 | R65: 8.59 | S65: 18.54 | T65: 21.03 | U65: 21.1 | V65: 19.97 | W65: 17.64 | X65: 14.19 | Y65: 11.76 | Z65: =SUM(B65:Y65) -> 252.38 | AA65: 1 | AB65: =+Z65*AA65 -> 252.38 | AD65: LUNES FESTIVOS
A66: =+A50 -> 46692 | B66: 7.6 | C66: 6.6 | D66: 5.72 | E66: 5.2 | F66: 5.28 | G66: 5.43 | H66: 6.64 | I66: 2.01 | J66: 4.03 | K66: 6.69 | L66: 9 | M66: 10.49 | N66: 11.72 | O66: 11.35 | P66: 10.33 | Q66: 9.74 | R66: 9.71 | S66: 19.53 | T66: 21.45 | U66: 21.32 | V66: 20.35 | W66: 18.22 | X66: 14.67 | Y66: 12.29 | Z66: =SUM(B66:Y66) -> 255.37 | AA66: 2 | AB66: =+Z66*AA66 -> 510.74 | AD66: LUNES FESTIVOS
A67: =+A51 -> 46722 | B67: 9.28 | C67: 8.28 | D67: 7.11 | E67: 6.31 | F67: 6.05 | G67: 6.08 | H67: 6.7 | I67: 1.69 | J67: 3.02 | K67: 5.52 | L67: 7.6 | M67: 9.28 | N67: 10.37 | O67: 10.47 | P67: 9.65 | Q67: 9.1 | R67: 8.63 | S67: 17.32 | T67: 19.25 | U67: 19.26 | V67: 18.32 | W67: 16.76 | X67: 14.31 | Y67: 12.78 | Z67: =SUM(B67:Y67) -> 243.14 | AA67: 0 | AB67: =+Z67*AA67 -> 0 | AD67: LUNES FESTIVOS
A69: DEMANDA DIARIA ESTIMADA TOTAL [MWh]
A71: MES | B71: H1 | C71: H2 | D71: H3 | E71: H4 | F71: H5 | G71: H6 | H71: H7 | I71: H8 | J71: H9 | K71: H10 | L71: H11 | M71: H12 | N71: H13 | O71: H14 | P71: H15 | Q71: H16 | R71: H17 | S71: H18 | T71: H19 | U71: H20 | V71: H21 | W71: H22 | X71: H23 | Y71: H24 | Z71: TOTAL | AA71: Días
A72: =+A56 -> 46388 | B72: =+B8*$AA8+B24*$AA24+B40*$AA40+B56*$AA56 -> 298.88 | C72: =+C8*$AA8+C24*$AA24+C40*$AA40+C56*$AA56 -> 272.09 | D72: =+D8*$AA8+D24*$AA24+D40*$AA40+D56*$AA56 -> 242.1 | E72: =+E8*$AA8+E24*$AA24+E40*$AA40+E56*$AA56 -> 229.85 | F72: =+F8*$AA8+F24*$AA24+F40*$AA40+F56*$AA56 -> 238.87 | G72: =+G8*$AA8+G24*$AA24+G40*$AA40+G56*$AA56 -> 280.04 | H72: =+H8*$AA8+H24*$AA24+H40*$AA40+H56*$AA56 -> 342.28 | I72: =+I8*$AA8+I24*$AA24+I40*$AA40+I56*$AA56 -> 224.29 | ... Y72: =+Y8*$AA8+Y24*$AA24+Y40*$AA40+Y56*$AA56 -> 420.74 | Z72: =SUM(B72:Y72) -> 10296.93 | AA72: =AA8+AA24+AA40+AA56 -> 31 | AB72: =+AB8+AB24+AB40+AB56 -> 10296.93
A73: =+A57 -> 46419 | B73: =+B9*$AA9+B25*$AA25+B41*$AA41+B57*$AA57 -> 275.72 | C73: =+C9*$AA9+C25*$AA25+C41*$AA41+C57*$AA57 -> 253.68 | D73: =+D9*$AA9+D25*$AA25+D41*$AA41+D57*$AA57 -> 229.2 | E73: =+E9*$AA9+E25*$AA25+E41*$AA41+E57*$AA57 -> 220.16 | F73: =+F9*$AA9+F25*$AA25+F41*$AA41+F57*$AA57 -> 237.04 | G73: =+G9*$AA9+G25*$AA25+G41*$AA41+G57*$AA57 -> 307.16 | H73: =+H9*$AA9+H25*$AA25+H41*$AA41+H57*$AA57 -> 379.96 | I73: =+I9*$AA9+I25*$AA25+I41*$AA41+I57*$AA57 -> 268.4 | ... Y73: =+Y9*$AA9+Y25*$AA25+Y41*$AA41+Y57*$AA57 -> 386.92 | Z73: =SUM(B73:Y73) -> 10115.76 | AA73: =AA9+AA25+AA41+AA57 -> 28 | AB73: =+AB9+AB25+AB41+AB57 -> 10115.76
A74: =+A58 -> 46447 | B74: =+B10*$AA10+B26*$AA26+B42*$AA42+B58*$AA58 -> 289.14 | C74: =+C10*$AA10+C26*$AA26+C42*$AA42+C58*$AA58 -> 264.64 | D74: =+D10*$AA10+D26*$AA26+D42*$AA42+D58*$AA58 -> 240.56 | E74: =+E10*$AA10+E26*$AA26+E42*$AA42+E58*$AA58 -> 229.34 | F74: =+F10*$AA10+F26*$AA26+F42*$AA42+F58*$AA58 -> 246.1 | G74: =+G10*$AA10+G26*$AA26+G42*$AA42+G58*$AA58 -> 315.58 | H74: =+H10*$AA10+H26*$AA26+H42*$AA42+H58*$AA58 -> 384.14 | I74: =+I10*$AA10+I26*$AA26+I42*$AA42+I58*$AA58 -> 271.64 | ... Y74: =+Y10*$AA10+Y26*$AA26+Y42*$AA42+Y58*$AA58 -> 407.58 | Z74: =SUM(B74:Y74) -> 10519.32 | AA74: =AA10+AA26+AA42+AA58 -> 31 | AB74: =+AB10+AB26+AB42+AB58 -> 10519.32
A75: =+A59 -> 46478 | B75: =+B11*$AA11+B27*$AA27+B43*$AA43+B59*$AA59 -> 288.14 | C75: =+C11*$AA11+C27*$AA27+C43*$AA43+C59*$AA59 -> 262.38 | D75: =+D11*$AA11+D27*$AA27+D43*$AA43+D59*$AA59 -> 238.26 | E75: =+E11*$AA11+E27*$AA27+E43*$AA43+E59*$AA59 -> 227.74 | F75: =+F11*$AA11+F27*$AA27+F43*$AA43+F59*$AA59 -> 247.48 | G75: =+G11*$AA11+G27*$AA27+G43*$AA43+G59*$AA59 -> 311.34 | H75: =+H11*$AA11+H27*$AA27+H43*$AA43+H59*$AA59 -> 390.02 | I75: =+I11*$AA11+I27*$AA27+I43*$AA43+I59*$AA59 -> 289.52 | ... Y75: =+Y11*$AA11+Y27*$AA27+Y43*$AA43+Y59*$AA59 -> 417.88 | Z75: =SUM(B75:Y75) -> 10817.48 | AA75: =AA11+AA27+AA43+AA59 -> 30 | AB75: =+AB11+AB27+AB43+AB59 -> 10817.48
A76: =+A60 -> 46508 | B76: =+B12*$AA12+B28*$AA28+B44*$AA44+B60*$AA60 -> 287.82 | C76: =+C12*$AA12+C28*$AA28+C44*$AA44+C60*$AA60 -> 262.73 | D76: =+D12*$AA12+D28*$AA28+D44*$AA44+D60*$AA60 -> 237.5 | E76: =+E12*$AA12+E28*$AA28+E44*$AA44+E60*$AA60 -> 224.64 | F76: =+F12*$AA12+F28*$AA28+F44*$AA44+F60*$AA60 -> 241.98 | G76: =+G12*$AA12+G28*$AA28+G44*$AA44+G60*$AA60 -> 291.3 | H76: =+H12*$AA12+H28*$AA28+H44*$AA44+H60*$AA60 -> 377.56 | I76: =+I12*$AA12+I28*$AA28+I44*$AA44+I60*$AA60 -> 267.6 | ... Y76: =+Y12*$AA12+Y28*$AA28+Y44*$AA44+Y60*$AA60 -> 408.81 | Z76: =SUM(B76:Y76) -> 10606.63 | AA76: =AA12+AA28+AA44+AA60 -> 31 | AB76: =+AB12+AB28+AB44+AB60 -> 10606.63
A77: =+A61 -> 46539 | B77: =+B13*$AA13+B29*$AA29+B45*$AA45+B61*$AA61 -> 277.55 | C77: =+C13*$AA13+C29*$AA29+C45*$AA45+C61*$AA61 -> 252.16 | D77: =+D13*$AA13+D29*$AA29+D45*$AA45+D61*$AA61 -> 225.07 | E77: =+E13*$AA13+E29*$AA29+E45*$AA45+E61*$AA61 -> 213.87 | F77: =+F13*$AA13+F29*$AA29+F45*$AA45+F61*$AA61 -> 233.42 | G77: =+G13*$AA13+G29*$AA29+G45*$AA45+G61*$AA61 -> 287.2 | H77: =+H13*$AA13+H29*$AA29+H45*$AA45+H61*$AA61 -> 377.04 | I77: =+I13*$AA13+I29*$AA29+I45*$AA45+I61*$AA61 -> 278.4 | ... Y77: =+Y13*$AA13+Y29*$AA29+Y45*$AA45+Y61*$AA61 -> 402.62 | Z77: =SUM(B77:Y77) -> 10597.17 | AA77: =AA13+AA29+AA45+AA61 -> 30 | AB77: =+AB13+AB29+AB45+AB61 -> 10597.17
A78: =+A62 -> 46569 | B78: =+B14*$AA14+B30*$AA30+B46*$AA46+B62*$AA62 -> 247.16 | C78: =+C14*$AA14+C30*$AA30+C46*$AA46+C62*$AA62 -> 223.51 | D78: =+D14*$AA14+D30*$AA30+D46*$AA46+D62*$AA62 -> 193 | E78: =+E14*$AA14+E30*$AA30+E46*$AA46+E62*$AA62 -> 180.62 | F78: =+F14*$AA14+F30*$AA30+F46*$AA46+F62*$AA62 -> 199.53 | G78: =+G14*$AA14+G30*$AA30+G46*$AA46+G62*$AA62 -> 255.82 | H78: =+H14*$AA14+H30*$AA30+H46*$AA46+H62*$AA62 -> 340.26 | I78: =+I14*$AA14+I30*$AA30+I46*$AA46+I62*$AA62 -> 221.6 | ... Y78: =+Y14*$AA14+Y30*$AA30+Y46*$AA46+Y62*$AA62 -> 424.48 | Z78: =SUM(B78:Y78) -> 10183.38 | AA78: =AA14+AA30+AA46+AA62 -> 31 | AB78: =+AB14+AB30+AB46+AB62 -> 10183.38
A79: =+A63 -> 46600 | B79: =+B15*$AA15+B31*$AA31+B47*$AA47+B63*$AA63 -> 265.94 | C79: =+C15*$AA15+C31*$AA31+C47*$AA47+C63*$AA63 -> 238.98 | D79: =+D15*$AA15+D31*$AA31+D47*$AA47+D63*$AA63 -> 211.36 | E79: =+E15*$AA15+E31*$AA31+E47*$AA47+E63*$AA63 -> 199.45 | F79: =+F15*$AA15+F31*$AA31+F47*$AA47+F63*$AA63 -> 218.68 | G79: =+G15*$AA15+G31*$AA31+G47*$AA47+G63*$AA63 -> 285.55 | H79: =+H15*$AA15+H31*$AA31+H47*$AA47+H63*$AA63 -> 366.17 | I79: =+I15*$AA15+I31*$AA31+I47*$AA47+I63*$AA63 -> 242.36 | ... Y79: =+Y15*$AA15+Y31*$AA31+Y47*$AA47+Y63*$AA63 -> 428.95 | Z79: =SUM(B79:Y79) -> 10622.07 | AA79: =AA15+AA31+AA47+AA63 -> 31 | AB79: =+AB15+AB31+AB47+AB63 -> 10622.07
A80: =+A64 -> 46631 | B80: =+B16*$AA16+B32*$AA32+B48*$AA48+B64*$AA64 -> 256.32 | C80: =+C16*$AA16+C32*$AA32+C48*$AA48+C64*$AA64 -> 230.56 | D80: =+D16*$AA16+D32*$AA32+D48*$AA48+D64*$AA64 -> 203.84 | E80: =+E16*$AA16+E32*$AA32+E48*$AA48+E64*$AA64 -> 192.62 | F80: =+F16*$AA16+F32*$AA32+F48*$AA48+F64*$AA64 -> 215.66 | G80: =+G16*$AA16+G32*$AA32+G48*$AA48+G64*$AA64 -> 285.32 | H80: =+H16*$AA16+H32*$AA32+H48*$AA48+H64*$AA64 -> 375.48 | I80: =+I16*$AA16+I32*$AA32+I48*$AA48+I64*$AA64 -> 255.86 | ... Y80: =+Y16*$AA16+Y32*$AA32+Y48*$AA48+Y64*$AA64 -> 417.24 | Z80: =SUM(B80:Y80) -> 10607.8 | AA80: =AA16+AA32+AA48+AA64 -> 30 | AB80: =+AB16+AB32+AB48+AB64 -> 10607.8
A81: =+A65 -> 46661 | B81: =+B17*$AA17+B33*$AA33+B49*$AA49+B65*$AA65 -> 259.51 | C81: =+C17*$AA17+C33*$AA33+C49*$AA49+C65*$AA65 -> 230.5 | D81: =+D17*$AA17+D33*$AA33+D49*$AA49+D65*$AA65 -> 204.55 | E81: =+E17*$AA17+E33*$AA33+E49*$AA49+E65*$AA65 -> 194.17 | F81: =+F17*$AA17+F33*$AA33+F49*$AA49+F65*$AA65 -> 209.51 | G81: =+G17*$AA17+G33*$AA33+G49*$AA49+G65*$AA65 -> 241.65 | H81: =+H17*$AA17+H33*$AA33+H49*$AA49+H65*$AA65 -> 338.35 | I81: =+I17*$AA17+I33*$AA33+I49*$AA49+I65*$AA65 -> 230.23 | ... Y81: =+Y17*$AA17+Y33*$AA33+Y49*$AA49+Y65*$AA65 -> 432.51 | Z81: =SUM(B81:Y81) -> 10615.38 | AA81: =AA17+AA33+AA49+AA65 -> 31 | AB81: =+AB17+AB33+AB49+AB65 -> 10615.38
A82: =+A66 -> 46692 | B82: =+B18*$AA18+B34*$AA34+B50*$AA50+B66*$AA66 -> 262.2 | C82: =+C18*$AA18+C34*$AA34+C50*$AA50+C66*$AA66 -> 234.44 | D82: =+D18*$AA18+D34*$AA34+D50*$AA50+D66*$AA66 -> 206.12 | E82: =+E18*$AA18+E34*$AA34+E50*$AA50+E66*$AA66 -> 194.28 | F82: =+F18*$AA18+F34*$AA34+F50*$AA50+F66*$AA66 -> 210.12 | G82: =+G18*$AA18+G34*$AA34+G50*$AA50+G66*$AA66 -> 252.14 | H82: =+H18*$AA18+H34*$AA34+H50*$AA50+H66*$AA66 -> 341.72 | I82: =+I18*$AA18+I34*$AA34+I50*$AA50+I66*$AA66 -> 237.54 | ... Y82: =+Y18*$AA18+Y34*$AA34+Y50*$AA50+Y66*$AA66 -> 431.34 | Z82: =SUM(B82:Y82) -> 10602.5 | AA82: =AA18+AA34+AA50+AA66 -> 30 | AB82: =+AB18+AB34+AB50+AB66 -> 10602.5
A83: =+A67 -> 46722 | B83: =+B19*$AA19+B35*$AA35+B51*$AA51+B67*$AA67 -> 283.63 | C83: =+C19*$AA19+C35*$AA35+C51*$AA51+C67*$AA67 -> 250.82 | D83: =+D19*$AA19+D35*$AA35+D51*$AA51+D67*$AA67 -> 219.47 | E83: =+E19*$AA19+E35*$AA35+E51*$AA51+E67*$AA67 -> 204.19 | F83: =+F19*$AA19+F35*$AA35+F51*$AA51+F67*$AA67 -> 214.4 | G83: =+G19*$AA19+G35*$AA35+G51*$AA51+G67*$AA67 -> 251.33 | H83: =+H19*$AA19+H35*$AA35+H51*$AA51+H67*$AA67 -> 327.53 | I83: =+I19*$AA19+I35*$AA35+I51*$AA51+I67*$AA67 -> 224.1 | ... Y83: =+Y19*$AA19+Y35*$AA35+Y51*$AA51+Y67*$AA67 -> 453.66 | Z83: =SUM(B83:Y83) -> 10381.11 | AA83: =AA19+AA35+AA51+AA67 -> 31 | AB83: =+AB19+AB35+AB51+AB67 -> 10381.11

Sheet Oferta Producto No. 3
D2: ANEXO No. 1 OFERTAS Y CANTIDADES
C3: OFERTA MERCANTIL IRREVOCABLE A LA EMPRESA DE ENERGIA DE PEREIRA S.A. ESP. INVITACIÓN PARA EL SUMINISTRO DE ENERGÍA ELÉCTRICA CON DESTINO AL MERCADO REGULADO CONVOCATORIA PÚBLICA No. 004-2025 - CP-EEPC2025-004
D4: PRODUCTO No. 3
C6: EMPRESA: XXXXXXXXXXXXXXXXXXXXXXXXXXXXXX
C7: REPRESENTANTE LEGAL: XXXXXXXXXXXXXXXXXXXXXXXXXXXXXX
C8: TIPO DE AGENTE: (COMERCIALIZADOR/GENERADOR)
C9: ="PRODUCTO OFERTADO: "&D4 -> PRODUCTO OFERTADO: PRODUCTO No. 3
C11: Las tarifas ofertadas están referidas en pesos constantes de abril de 2025 provisional
F13: ="Oferta " & PROPER(D4) -> Oferta Producto No. 3
F14: Periodo | G14: Energía requerida (MWh-mes) | H14: Energía ofertada (%) | I14: Energía ofertada (MWh-mes) | J14: Tarifa monomia ($/kWh)
A15: 22.85 | B15: 31 | F15: =+'Cantidades Producto No. 3'!A72 -> 46753 | G15: =+'Cantidades Producto No. 3'!AB72 -> 10044.82
B16: 28 | F16: =+'Cantidades Producto No. 3'!A73 -> 46784 | G16: =+'Cantidades Producto No. 3'!AB73 -> 9711.74
B17: 31 | F17: =+'Cantidades Producto No. 3'!A74 -> 46813 | G17: =+'Cantidades Producto No. 3'!AB74 -> 10267.16
B18: 30 | F18: =+'Cantidades Producto No. 3'!A75 -> 46844 | G18: =+'Cantidades Producto No. 3'!AB75 -> 9693.56
B19: 31 | F19: =+'Cantidades Producto No. 3'!A76 -> 46874 | G19: =+'Cantidades Producto No. 3'!AB76 -> 10108.63
B20: 30 | F20: =+'Cantidades Producto No. 3'!A77 -> 46905 | G20: =+'Cantidades Producto No. 3'!AB77 -> 9795.14
B21: 31 | F21: =+'Cantidades Producto No. 3'!A78 -> 46935 | G21: =+'Cantidades Producto No. 3'!AB78 -> 10102.98
B22: 31 | F22: =+'Cantidades Producto No. 3'!A79 -> 46966 | G22: =+'Cantidades Producto No. 3'!AB79 -> 10281.11
B23: 30 | F23: =+'Cantidades Producto No. 3'!A80 -> 46997 | G23: =+'Cantidades Producto No. 3'!AB80 -> 9996.64
B24: 31 | F24: =+'Cantidades Producto No. 3'!A81 -> 47027 | G24: =+'Cantidades Producto No. 3'!AB81 -> 10158.1
B25: 30 | F25: =+'Cantidades Producto No. 3'!A82 -> 47058 | G25: =+'Cantidades Producto No. 3'!AB82 -> 9930.38
B26: 31 | F26: =+'Cantidades Producto No. 3'!A83 -> 47088 | G26: =+'Cantidades Producto No. 3'!AB83 -> 10327.17
F27: TOTAL | G27: =SUM(G15:G26) -> 120417.43
B29: Notas
B31: (1) Oferta válida para la modalidad Pague lo Contratado.
B32: ="(2) Las cantidades se distribuyen de acuerdo a la curva del Anexo 1. Ofertas y Cantidades "& D4 &" de los Pliegos de Condiciones definitivos" -> (2) Las cantidades se distribuyen de acuerdo a la curva del Anexo 1. Ofertas y Cantidades PRODUCTO No. 3 de los Pliegos de Condiciones definitivos
B33: (3) La cantidad de energía es equivalente a un porcentaje de las cantidades de energía requerida por la Empresa de Energía de Pereira S.A. ESP. (para todo el año/para cada mes), de acuerdo con el Anexo No.1 Ofertas y Cantidades PRODUCTO No. 3 de los Pliegos definitivos, que se aplicarán para todas las 24 horas del día de la curva establecida en dicho Anexo, presentando una tarifa para cada año sin ningún tipo de discriminación por mes, ni tipo de carga ni tipo de día.
B34: (4) Esta oferta NO presenta restricciones tales como adjudicación mínima o total u otras que no permitan la evaluación objetiva e integral del producto ofertado.
B35: (5) Los precios ofertados incluyen todos los pagos, cargos, impuestos, estampillas, etc., que el Proponente deba realizar ante cualquier entidad gubernamental, o empresa pública, privada o mixta para entregar la energía en la frontera con el Sistema de Transmisión Nacional – STN.
B36: (6) Las cantidades ofertadas están sujetas a la adjudicación en la misma proporción respecto a las cantidades ofertadas para todos y cada uno de los meses del año. Es decir, si la Empresa de Energía de Pereira decide adjudicar, por ejemplo, el 50% de lo ofertado en cualesquiera de los meses de alguno de los años, ese mismo porcentaje debe ser adjudicado en el resto de cada uno de los meses de ese año.

Sheet Cantidades Producto No. 3
A2: EMPRESA DE ENERGÍA DE PEREIRA S.A. E.S.P.
A3: PRODUCTO No. 3
A5: DEMANDA DIARIA ESTIMADA DÍA HABIL [MWh]
A7: MES | B7: H1 | C7: H2 | D7: H3 | E7: H4 | F7: H5 | G7: H6 | H7: H7 | I7: H8 | J7: H9 | K7: H10 | L7: H11 | M7: H12 | N7: H13 | O7: H14 | P7: H15 | Q7: H16 | R7: H17 | S7: H18 | T7: H19 | U7: H20 | V7: H21 | W7: H22 | X7: H23 | Y7: H24 | Z7: TOTAL | AA7: Días
A8: 46753 | B8: 9.91 | C8: 8.98 | D8: 8.36 | E8: 8.14 | F8: 8.54 | G8: 9.93 | H8: 12 | I8: 11.28 | J8: 13.43 | K8: 15.26 | L8: 17.04 | M8: 18.64 | N8: 18.59 | O8: 18.26 | P8: 18.6 | Q8: 18.52 | R8: 17.99 | S8: 20.71 | T8: 21.28 | U8: 21.91 | V8: 20.73 | W8: 18.9 | X8: 16.02 | Y8: 13.26 | Z8: =SUM(B8:Y8) -> 366.28 | AA8: 20 | AB8: =+Z8*AA8 -> 7325.6 | AD8: HABIL
A9: 46784 | B9: 9.56 | C9: 8.73 | D9: 8.17 | E9: 8.02 | F9: 8.61 | G9: 10.87 | H9: 13.16 | I9: 12.02 | J9: 13.76 | K9: 15.37 | L9: 17.02 | M9: 18.46 | N9: 17.91 | O9: 17.81 | P9: 18.39 | Q9: 18.44 | R9: 17.96 | S9: 20.12 | T9: 20.07 | U9: 21.07 | V9: 20.21 | W9: 18.37 | X9: 15.41 | Y9: 12.71 | Z9: =SUM(B9:Y9) -> 362.22 | AA9: 21 | AB9: =+Z9*AA9 -> 7606.62 | AD9: HABIL
A10: 46813 | B10: 9.47 | C10: 8.65 | D10: 8.14 | E10: 7.94 | F10: 8.55 | G10: 10.81 | H10: 12.99 | I10: 12.12 | J10: 13.9 | K10: 15.41 | L10: 17.1 | M10: 18.48 | N10: 18.09 | O10: 17.82 | P10: 18.3 | Q10: 18.2 | R10: 17.8 | S10: 20.33 | T10: 20.45 | U10: 21.49 | V10: 20.32 | W10: 18.43 | X10: 15.46 | Y10: 12.74 | Z10: =SUM(B10:Y10) -> 362.99 | AA10: 22 | AB10: =+Z10*AA10 -> 7985.78 | AD10: HABIL
A11: 46844 | B11: 9.65 | C11: 8.78 | D11: 8.26 | E11: 8.06 | F11: 8.68 | G11: 10.71 | H11: 12.99 | I11: 12.36 | J11: 14.02 | K11: 16.05 | L11: 17.61 | M11: 19 | N11: 18.64 | O11: 18.13 | P11: 18.14 | Q11: 18.21 | R11: 17.86 | S11: 20.81 | T11: 21.32 | U11: 21.93 | V11: 20.66 | W11: 18.69 | X11: 15.68 | Y11: 13.03 | Z11: =SUM(B11:Y11) -> 369.27 | AA11: 18 | AB11: =+Z11*AA11 -> 6646.86 | AD11: HABIL
A12: 46874 | B12: 9.4 | C12: 8.58 | D12: 8.04 | E12: 7.82 | F12: 8.45 | G12: 10.28 | H12: 12.71 | I12: 11.99 | J12: 13.89 | K12: 15.57 | L12: 17.28 | M12: 18.77 | N12: 18.33 | O12: 17.88 | P12: 18.16 | Q12: 18.01 | R12: 17.37 | S12: 20.37 | T12: 20.84 | U12: 21.32 | V12: 20.09 | W12: 18.04 | X12: 15.03 | Y12: 12.49 | Z12: =SUM(B12:Y12) -> 360.71 | AA12: 21 | AB12: =+Z12*AA12 -> 7574.91 | AD12: HABIL
A13: 46905 | B13: 9.46 | C13: 8.59 | D13: 7.97 | E13: 7.75 | F13: 8.37 | G13: 10.01 | H13: 12.63 | I13: 12.19 | J13: 14.15 | K13: 15.87 | L13: 17.44 | M13: 18.97 | N13: 18.68 | O13: 18.1 | P13: 18.19 | Q13: 18.05 | R13: 17.66 | S13: 20.6 | T13: 20.98 | U13: 21.99 | V13: 20.7 | W13: 18.53 | X13: 15.32 | Y13: 12.73 | Z13: =SUM(B13:Y13) -> 364.93 | AA13: 20 | AB13: =+Z13*AA13 -> 7298.6 | AD13: HABIL
A14: 46935 | B14: 9.42 | C14: 8.66 | D14: 8.04 | E14: 7.84 | F14: 8.46 | G14: 10.3 | H14: 12.68 | I14: 12.14 | J14: 14.21 | K14: 16.03 | L14: 17.62 | M14: 19.24 | N14: 18.8 | O14: 18.3 | P14: 18.57 | Q14: 18.63 | R14: 18.29 | S14: 20.98 | T14: 20.9 | U14: 22.21 | V14: 20.92 | W14: 18.75 | X14: 15.44 | Y14: 13.03 | Z14: =SUM(B14:Y14) -> 369.46 | AA14: 19 | AB14: =+Z14*AA14 -> 7019.74 | AD14: HABIL
A15: 46966 | B15: 9.49 | C15: 8.65 | D15: 8.09 | E15: 7.89 | F15: 8.52 | G15: 10.58 | H15: 12.89 | I15: 12.23 | J15: 14.16 | K15: 15.8 | L15: 17.61 | M15: 19.16 | N15: 18.73 | O15: 18.33 | P15: 18.59 | Q15: 18.48 | R15: 18.12 | S15: 20.76 | T15: 20.92 | U15: 21.88 | V15: 20.54 | W15: 18.41 | X15: 15.11 | Y15: 12.75 | Z15: =SUM(B15:Y15) -> 367.69 | AA15: 21 | AB15: =+Z15*AA15 -> 7721.49 | AD15: HABIL
A16: 46997 | B16: 9.37 | C16: 8.53 | D16: 7.98 | E16: 7.81 | F16: 8.48 | G16: 10.48 | H16: 12.87 | I16: 12.1 | J16: 13.47 | K16: 15.3 | L16: 17.31 | M16: 18.79 | N16: 18.31 | O16: 17.91 | P16: 18.28 | Q16: 18.22 | R16: 17.78 | S16: 20.64 | T16: 21.46 | U16: 21.45 | V16: 20.07 | W16: 18.01 | X16: 14.83 | Y16: 12.45 | Z16: =SUM(B16:Y16) -> 361.9 | AA16: 21 | AB16: =+Z16*AA16 -> 7599.9 | AD16: HABIL
A17: 47027 | B17: 9.26 | C17: 8.39 | D17: 7.89 | E17: 7.73 | F17: 8.22 | G17: 9.39 | H17: 12 | I17: 11.75 | J17: 13.95 | K17: 15.87 | L17: 17.69 | M17: 19.13 | N17: 18.75 | O17: 18.35 | P17: 18.61 | Q17: 18.33 | R17: 17.94 | S17: 21.21 | T17: 22.02 | U17: 21.3 | V17: 19.96 | W17: 17.9 | X17: 14.97 | Y17: 12.6 | Z17: =SUM(B17:Y17) -> 363.21 | AA17: 21 | AB17: =+Z17*AA17 -> 7627.41 | AD17: HABIL
A18: 47058 | B18: 9.5 | C18: 8.64 | D18: 8.06 | E18: 7.88 | F18: 8.39 | G18: 9.77 | H18: 12.25 | I18: 12.03 | J18: 14.06 | K18: 15.74 | L18: 17.37 | M18: 18.85 | N18: 18.59 | O18: 18.2 | P18: 18.68 | Q18: 18.51 | R18: 18.11 | S18: 21.6 | T18: 22.21 | U18: 21.6 | V18: 20.29 | W18: 18.22 | X18: 15.2 | Y18: 12.77 | Z18: =SUM(B18:Y18) -> 366.52 | AA18: 20 | AB18: =+Z18*AA18 -> 7330.4 | AD18: HABIL
A19: 47088 | B19: 10.3 | C19: 9.23 | D19: 8.55 | E19: 8.26 | F19: 8.62 | G19: 9.75 | H19: 12 | I19: 11.82 | J19: 14.1 | K19: 15.79 | L19: 17.41 | M19: 18.82 | N19: 18.81 | O19: 18.53 | P19: 18.75 | Q19: 18.57 | R19: 18.01 | S19: 20.88 | T19: 21.95 | U19: 21.88 | V19: 20.63 | W19: 18.89 | X19: 16.26 | Y19: 13.96 | Z19: =SUM(B19:Y19) -> 371.77 | AA19: 19 | AB19: =+Z19*AA19 -> 7063.63 | AD19: HABIL
A21: DEMANDA DIARIA ESTIMADA DÍA SABADO [MWh]
A23: MES | B23: H1 | C23: H2 | D23: H3 | E23: H4 | F23: H5 | G23: H6 | H23: H7 | I23: H8 | J23: H9 | K23: H10 | L23: H11 | M23: H12 | N23: H13 | O23: H14 | P23: H15 | Q23: H16 | R23: H17 | S23: H18 | T23: H19 | U23: H20 | V23: H21 | W23: H22 | X23: H23 | Y23: H24 | Z23: TOTAL | AA23: Días
A24: =+A8 -> 46753 | B24: 9.47 | C24: 8.52 | D24: 7.85 | E24: 7.49 | F24: 7.62 | G24: 8.3 | H24: 9.7 | I24: 9.07 | J24: 11.23 | K24: 13.29 | L24: 14.71 | M24: 15.87 | N24: 16.01 | O24: 15.27 | P24: 14.66 | Q24: 14.38 | R24: 13.96 | S24: 17.31 | T24: 18.34 | U24: 18.82 | V24: 17.71 | W24: 16.16 | X24: 14.1 | Y24: 12.38 | Z24: =SUM(B24:Y24) -> 312.22 | AA24: 4 | AB24: =+Z24*AA24 -> 1248.88 | AD24: SABADOS
A25: =+A9 -> 46784 | B25: 9.11 | C25: 8.28 | D25: 7.68 | E25: 7.38 | F25: 7.54 | G25: 8.46 | H25: 10.16 | I25: 9.54 | J25: 11.62 | K25: 13.35 | L25: 14.72 | M25: 15.6 | N25: 15.56 | O25: 15.04 | P25: 14.61 | Q25: 14.35 | R25: 14.06 | S25: 17.06 | T25: 17.58 | U25: 18.66 | V25: 17.65 | W25: 16.23 | X25: 14.16 | Y25: 12.48 | Z25: =SUM(B25:Y25) -> 310.88 | AA25: 4 | AB25: =+Z25*AA25 -> 1243.52 | AD25: SABADOS
A26: =+A10 -> 46813 | B26: 8.96 | C26: 8.09 | D26: 7.49 | E26: 7.17 | F26: 7.44 | G26: 8.34 | H26: 9.8 | I26: 9.42 | J26: 11.58 | K26: 13.2 | L26: 14.53 | M26: 15.73 | N26: 15.67 | O26: 14.85 | P26: 14.28 | Q26: 13.99 | R26: 13.69 | S26: 16.99 | T26: 17.42 | U26: 18 | V26: 16.98 | W26: 15.6 | X26: 13.56 | Y26: 11.9 | Z26: =SUM(B26:Y26) -> 304.68 | AA26: 4 | AB26: =+Z26*AA26 -> 1218.72 | AD26: SABADOS
A27: =+A11 -> 46844 | B27: 9.25 | C27: 8.31 | D27: 7.64 | E27: 7.31 | F27: 7.48 | G27: 7.97 | H27: 9.74 | I27: 9.51 | J27: 11.62 | K27: 13.45 | L27: 14.83 | M27: 15.92 | N27: 15.97 | O27: 15.09 | P27: 14.57 | Q27: 14.3 | R27: 13.82 | S27: 17.14 | T27: 18.02 | U27: 18.65 | V27: 17.6 | W27: 16.1 | X27: 14.09 | Y27: 12.41 | Z27: =SUM(B27:Y27) -> 310.79 | AA27: 5 | AB27: =+Z27*AA27 -> 1553.95 | AD27: SABADOS
A28: =+A12 -> 46874 | B28: 8.89 | C28: 8.07 | D28: 7.46 | E28: 7.17 | F28: 7.4 | G28: 7.92 | H28: 9.92 | I28: 9.76 | J28: 11.91 | K28: 13.86 | L28: 15.12 | M28: 16.12 | N28: 15.88 | O28: 14.89 | P28: 14.44 | Q28: 14.12 | R28: 13.69 | S28: 17.06 | T28: 17.98 | U28: 18.62 | V28: 17.47 | W28: 15.96 | X28: 13.88 | Y28: 12.17 | Z28: =SUM(B28:Y28) -> 309.76 | AA28: 4 | AB28: =+Z28*AA28 -> 1239.04 | AD28: SABADOS
A29: =+A13 -> 46905 | B29: 8.96 | C29: 8.06 | D29: 7.44 | E29: 7.15 | F29: 7.39 | G29: 8.08 | H29: 9.75 | I29: 9.53 | J29: 11.73 | K29: 13.66 | L29: 14.89 | M29: 16.03 | N29: 16.12 | O29: 15.36 | P29: 14.66 | Q29: 14.14 | R29: 13.69 | S29: 17.03 | T29: 17.92 | U29: 18.6 | V29: 17.43 | W29: 15.85 | X29: 13.67 | Y29: 11.83 | Z29: =SUM(B29:Y29) -> 308.97 | AA29: 4 | AB29: =+Z29*AA29 -> 1235.88 | AD29: SABADOS
A30: =+A14 -> 46935 | B30: 9.29 | C30: 8.32 | D30: 7.56 | E30: 7.26 | F30: 7.47 | G30: 7.95 | H30: 9.75 | I30: 9.42 | J30: 11.8 | K30: 13.82 | L30: 15.15 | M30: 16.33 | N30: 16.43 | O30: 15.57 | P30: 14.77 | Q30: 14.16 | R30: 13.76 | S30: 17.19 | T30: 17.73 | U30: 18.96 | V30: 17.77 | W30: 16.28 | X30: 14.2 | Y30: 12.42 | Z30: =SUM(B30:Y30) -> 313.36 | AA30: 5 | AB30: =+Z30*AA30 -> 1566.8 | AD30: SABADOS
A31: =+A15 -> 46966 | B31: 9.27 | C31: 8.38 | D31: 7.72 | E31: 7.37 | F31: 7.61 | G31: 8.26 | H31: 10.07 | I31: 9.67 | J31: 11.83 | K31: 13.71 | L31: 15.04 | M31: 16.14 | N31: 16.12 | O31: 15.25 | P31: 14.55 | Q31: 13.93 | R31: 13.48 | S31: 16.68 | T31: 17.44 | U31: 18.34 | V31: 17.23 | W31: 15.8 | X31: 13.79 | Y31: 12.04 | Z31: =SUM(B31:Y31) -> 309.72 | AA31: 4 | AB31: =+Z31*AA31 -> 1238.88 | AD31: SABADOS
A32: =+A16 -> 46997 | B32: 8.88 | C32: 8.03 | D32: 7.42 | E32: 7.07 | F32: 7.31 | G32: 7.91 | H32: 9.76 | I32: 9.68 | J32: 11.86 | K32: 13.61 | L32: 15.07 | M32: 16.21 | N32: 15.7 | O32: 15.26 | P32: 14.46 | Q32: 14.05 | R32: 13.52 | S32: 17.4 | T32: 18.47 | U32: 18.3 | V32: 17.09 | W32: 15.53 | X32: 13.4 | Y32: 11.71 | Z32: =SUM(B32:Y32) -> 307.7 | AA32: 5 | AB32: =+Z32*AA32 -> 1538.5 | AD32: SABADOS
A33: =+A17 -> 47027 | B33: 9.05 | C33: 8.16 | D33: 7.54 | E33: 7.27 | F33: 7.5 | G33: 7.84 | H33: 9.79 | I33: 9.65 | J33: 11.93 | K33: 13.71 | L33: 15.09 | M33: 16.22 | N33: 16.18 | O33: 15.43 | P33: 14.84 | Q33: 14.31 | R33: 13.78 | S33: 17.58 | T33: 18.83 | U33: 18.34 | V33: 16.95 | W33: 15.5 | X33: 13.61 | Y33: 11.93 | Z33: =SUM(B33:Y33) -> 311.03 | AA33: 4 | AB33: =+Z33*AA33 -> 1244.12 | AD33: SABADOS
A34: =+A18 -> 47058 | B34: 9.16 | C34: 8.26 | D34: 7.63 | E34: 7.29 | F34: 7.52 | G34: 7.92 | H34: 9.91 | I34: 9.9 | J34: 12.09 | K34: 13.87 | L34: 15.32 | M34: 16.53 | N34: 16.45 | O34: 15.55 | P34: 14.87 | Q34: 14.57 | R34: 14.2 | S34: 17.66 | T34: 19.19 | U34: 18.87 | V34: 17.62 | W34: 16.22 | X34: 14.07 | Y34: 12.3 | Z34: =SUM(B34:Y34) -> 316.97 | AA34: 4 | AB34: =+Z34*AA34 -> 1267.88 | AD34: SABADOS
A35: =+A19 -> 47088 | B35: 9.99 | C35: 8.94 | D35: 8.21 | E35: 7.83 | F35: 8.04 | G35: 8.6 | H35: 10.47 | I35: 10.26 | J35: 12.58 | K35: 14.4 | L35: 15.82 | M35: 17.04 | N35: 16.99 | O35: 16.03 | P35: 15.17 | Q35: 14.73 | R35: 14.53 | S35: 18.21 | T35: 19.54 | U35: 19.41 | V35: 18.2 | W35: 16.66 | X35: 14.56 | Y35: 12.83 | Z35: =SUM(B35:Y35) -> 329.04 | AA35: 5 | AB35: =+Z35*AA35 -> 1645.2 | AD35: SABADOS
A37: DEMANDA DIARIA ESTIMADA DÍA DOMINGO Y FESTIVO DIFERENTE A LUNES [MWh]
A39: MES | B39: H1 | C39: H2 | D39: H3 | E39: H4 | F39: H5 | G39: H6 | H39: H7 | I39: H8 | J39: H9 | K39: H10 | L39: H11 | M39: H12 | N39: H13 | O39: H14 | P39: H15 | Q39: H16 | R39: H17 | S39: H18 | T39: H19 | U39: H20 | V39: H21 | W39: H22 | X39: H23 | Y39: H24 | Z39: TOTAL | AA39: Días
A40: =+A24 -> 46753 | B40: 7.95 | C40: 7.19 | D40: 6.42 | E40: 6.11 | F40: 5.93 | G40: 5.99 | H40: 6.31 | I40: 4.69 | J40: 5.66 | K40: 6.87 | L40: 7.89 | M40: 8.82 | N40: 9.44 | O40: 9.49 | P40: 9.18 | Q40: 9.01 | R40: 8.94 | S40: 11.76 | T40: 12.77 | U40: 13.84 | V40: 13.53 | W40: 12.44 | X40: 10.79 | Y40: 9.45 | Z40: =SUM(B40:Y40) -> 210.47 | AA40: 6 | AB40: =+Z40*AA40 -> 1262.82 | AD40: DOMINGOS Y FESTIVOS
A41: =+A25 -> 46784 | B41: 7.94 | C41: 7.14 | D41: 6.45 | E41: 6.08 | F41: 6.03 | G41: 6.26 | H41: 6.81 | I41: 5.44 | J41: 6.66 | K41: 7.99 | L41: 8.8 | M41: 9.67 | N41: 10.07 | O41: 9.87 | P41: 9.37 | Q41: 9.04 | R41: 8.84 | S41: 11.72 | T41: 12.31 | U41: 13.96 | V41: 13.58 | W41: 12.33 | X41: 10.34 | Y41: 8.7 | Z41: =SUM(B41:Y41) -> 215.4 | AA41: 4 | AB41: =+Z41*AA41 -> 861.6 | AD41: DOMINGOS Y FESTIVOS
A42: =+A26 -> 46813 | B42: 7.61 | C42: 6.84 | D42: 6.27 | E42: 5.92 | F42: 5.82 | G42: 6.09 | H42: 6.58 | I42: 5.32 | J42: 6.42 | K42: 7.62 | L42: 8.4 | M42: 9.13 | N42: 9.67 | O42: 9.62 | P42: 9.13 | Q42: 8.89 | R42: 8.87 | S42: 11.94 | T42: 12.83 | U42: 13.87 | V42: 13.3 | W42: 12.05 | X42: 10.28 | Y42: 8.74 | Z42: =SUM(B42:Y42) -> 211.21 | AA42: 4 | AB42: =+Z42*AA42 -> 844.84 | AD42: DOMINGOS Y FESTIVOS
A43: =+A27 -> 46844 | B43: 7.5 | C43: 6.69 | D43: 6.07 | E43: 5.74 | F43: 5.73 | G43: 5.74 | H43: 6.32 | I43: 5.31 | J43: 6.49 | K43: 7.78 | L43: 8.77 | M43: 9.75 | N43: 10.23 | O43: 9.97 | P43: 9.69 | Q43: 9.1 | R43: 8.96 | S43: 12.1 | T43: 12.96 | U43: 13.73 | V43: 13.25 | W43: 12.08 | X43: 10.33 | Y43: 8.96 | Z43: =SUM(B43:Y43) -> 213.25 | AA43: 7 | AB43: =+Z43*AA43 -> 1492.75 | AD43: DOMINGOS Y FESTIVOS
A44: =+A28 -> 46874 | B44: 7.55 | C44: 6.74 | D44: 6.17 | E44: 5.78 | F44: 5.68 | G44: 5.45 | H44: 6.45 | I44: 5.46 | J44: 6.69 | K44: 8.13 | L44: 9.08 | M44: 9.81 | N44: 9.95 | O44: 9.84 | P44: 9.12 | Q44: 9.18 | R44: 9.13 | S44: 12.11 | T44: 12.91 | U44: 14.01 | V44: 13.59 | W44: 12.38 | X44: 10.47 | Y44: 8.94 | Z44: =SUM(B44:Y44) -> 214.62 | AA44: 4 | AB44: =+Z44*AA44 -> 858.48 | AD44: DOMINGOS Y FESTIVOS
A45: =+A29 -> 46905 | B45: 7.19 | C45: 6.38 | D45: 5.84 | E45: 5.48 | F45: 5.45 | G45: 5.5 | H45: 6.23 | I45: 5.27 | J45: 6.48 | K45: 7.81 | L45: 8.59 | M45: 9.27 | N45: 9.67 | O45: 9.63 | P45: 9.19 | Q45: 8.85 | R45: 8.65 | S45: 11.49 | T45: 12.23 | U45: 13.6 | V45: 13.16 | W45: 11.96 | X45: 10.25 | Y45: 8.74 | Z45: =SUM(B45:Y45) -> 206.91 | AA45: 4 | AB45: =+Z45*AA45 -> 827.64 | AD45: DOMINGOS Y FESTIVOS
A46: =+A30 -> 46935 | B46: 7.7 | C46: 6.93 | D46: 6.34 | E46: 5.94 | F46: 5.89 | G46: 5.9 | H46: 6.52 | I46: 5.48 | J46: 6.74 | K46: 8.1 | L46: 8.97 | M46: 9.92 | N46: 10.3 | O46: 9.98 | P46: 9.53 | Q46: 9.23 | R46: 9.2 | S46: 12.18 | T46: 12.71 | U46: 14.14 | V46: 13.75 | W46: 12.5 | X46: 10.64 | Y46: 9.07 | Z46: =SUM(B46:Y46) -> 217.66 | AA46: 6 | AB46: =+Z46*AA46 -> 1305.96 | AD46: DOMINGOS Y FESTIVOS
A47: =+A31 -> 46966 | B47: 7.76 | C47: 6.97 | D47: 6.39 | E47: 6.04 | F47: 5.97 | G47: 5.98 | H47: 6.43 | I47: 5.34 | J47: 6.63 | K47: 7.98 | L47: 9.02 | M47: 9.86 | N47: 10.34 | O47: 10.25 | P47: 9.8 | Q47: 9.48 | R47: 9.16 | S47: 12.06 | T47: 12.87 | U47: 14.18 | V47: 13.78 | W47: 12.52 | X47: 10.6 | Y47: 9.05 | Z47: =SUM(B47:Y47) -> 218.46 | AA47: 4 | AB47: =+Z47*AA47 -> 873.84 | AD47: DOMINGOS Y FESTIVOS
A48: =+A32 -> 46997 | B48: 7.51 | C48: 6.77 | D48: 6.2 | E48: 5.8 | F48: 5.74 | G48: 5.66 | H48: 6.29 | I48: 5.3 | J48: 6.54 | K48: 7.89 | L48: 8.81 | M48: 9.76 | N48: 10.18 | O48: 10.04 | P48: 9.48 | Q48: 9.18 | R48: 9.08 | S48: 12.02 | T48: 13.28 | U48: 14.09 | V48: 13.61 | W48: 12.31 | X48: 10.32 | Y48: 8.7 | Z48: =SUM(B48:Y48) -> 214.56 | AA48: 4 | AB48: =+Z48*AA48 -> 858.24 | AD48: DOMINGOS Y FESTIVOS
A49: =+A33 -> 47027 | B49: 7.39 | C49: 6.6 | D49: 6.05 | E49: 5.73 | F49: 5.66 | G49: 5.43 | H49: 6.11 | I49: 5.13 | J49: 6.42 | K49: 7.72 | L49: 8.74 | M49: 9.67 | N49: 10.11 | O49: 9.9 | P49: 9.47 | Q49: 9.15 | R49: 8.99 | S49: 12.13 | T49: 13.41 | U49: 13.53 | V49: 13.13 | W49: 12.08 | X49: 10.47 | Y49: 8.98 | Z49: =SUM(B49:Y49) -> 212 | AA49: 5 | AB49: =+Z49*AA49 -> 1060 | AD49: DOMINGOS Y FESTIVOS
A50: =+A34 -> 47058 | B50: 7.76 | C50: 6.99 | D50: 6.35 | E50: 5.93 | F50: 5.87 | G50: 5.65 | H50: 6.31 | I50: 5.27 | J50: 6.59 | K50: 7.87 | L50: 8.87 | M50: 9.93 | N50: 10.52 | O50: 10.36 | P50: 9.9 | Q50: 9.69 | R50: 9.52 | S50: 12.68 | T50: 14.08 | U50: 14.18 | V50: 13.65 | W50: 12.47 | X50: 10.68 | Y50: 9.16 | Z50: =SUM(B50:Y50) -> 220.28 | AA50: 4 | AB50: =+Z50*AA50 -> 881.12 | AD50: DOMINGOS Y FESTIVOS
A51: =+A35 -> 47088 | B51: 8.58 | C51: 7.74 | D51: 7.05 | E51: 6.58 | F51: 6.43 | G51: 6.44 | H51: 6.87 | I51: 5.59 | J51: 6.67 | K51: 8.15 | L51: 9.39 | M51: 10.38 | N51: 11.01 | O51: 11.03 | P51: 10.52 | Q51: 10.17 | R51: 9.9 | S51: 13.05 | T51: 14.47 | U51: 14.63 | V51: 14.07 | W51: 13.08 | X51: 11.48 | Y51: 9.99 | Z51: =SUM(B51:Y51) -> 233.27 | AA51: 6 | AB51: =+Z51*AA51 -> 1399.62 | AD51: DOMINGOS Y FESTIVOS
A53: DEMANDA DIARIA ESTIMADA DÍA LUNES FESTIVO [MWh]
A55: MES | B55: H1 | C55: H2 | D55: H3 | E55: H4 | F55: H5 | G55: H6 | H55: H7 | I55: H8 | J55: H9 | K55: H10 | L55: H11 | M55: H12 | N55: H13 | O55: H14 | P55: H15 | Q55: H16 | R55: H17 | S55: H18 | T55: H19 | U55: H20 | V55: H21 | W55: H22 | X55: H23 | Y55: H24 | Z55: TOTAL | AA55: Días
A56: =+A40 -> 46753 | B56: 7.11 | C56: 6.37 | D56: 5.8 | E56: 5.47 | F56: 5.47 | G56: 5.74 | H56: 6.4 | I56: 4.97 | J56: 6.03 | K56: 7.42 | L56: 8.72 | M56: 9.74 | N56: 10.25 | O56: 9.9 | P56: 9.07 | Q56: 8.71 | R56: 8.8 | S56: 12.04 | T56: 13.14 | U56: 13.72 | V56: 13 | W56: 11.64 | X56: 9.77 | Y56: 8.24 | Z56: =SUM(B56:Y56) -> 207.52 | AA56: 1 | AB56: =+Z56*AA56 -> 207.52 | AD56: LUNES FESTIVOS
A57: =+A41 -> 46784 | B57: 7.94 | C57: 7.14 | D57: 6.45 | E57: 6.08 | F57: 6.03 | G57: 6.26 | H57: 6.81 | I57: 5.44 | J57: 6.66 | K57: 7.99 | L57: 8.8 | M57: 9.67 | N57: 10.07 | O57: 9.87 | P57: 9.37 | Q57: 9.04 | R57: 8.84 | S57: 11.72 | T57: 12.31 | U57: 13.96 | V57: 13.58 | W57: 12.33 | X57: 10.34 | Y57: 8.7 | Z57: =SUM(B57:Y57) -> 215.4 | AA57: 0 | AB57: =+Z57*AA57 -> 0 | AD57: LUNES FESTIVOS
A58: =+A42 -> 46813 | B58: 7.25 | C58: 6.55 | D58: 6.02 | E58: 5.71 | F58: 5.63 | G58: 5.91 | H58: 6.38 | I58: 5.39 | J58: 6.74 | K58: 8 | L58: 9.07 | M58: 10.03 | N58: 10.36 | O58: 10.16 | P58: 9.82 | Q58: 9.51 | R58: 9.49 | S58: 12.57 | T58: 13.35 | U58: 14.34 | V58: 13.88 | W58: 12.55 | X58: 10.34 | Y58: 8.77 | Z58: =SUM(B58:Y58) -> 217.82 | AA58: 1 | AB58: =+Z58*AA58 -> 217.82 | AD58: LUNES FESTIVOS
A59: =+A43 -> 46844 | B59: 7.5 | C59: 6.69 | D59: 6.07 | E59: 5.74 | F59: 5.73 | G59: 5.74 | H59: 6.32 | I59: 5.31 | J59: 6.49 | K59: 7.78 | L59: 8.77 | M59: 9.75 | N59: 10.23 | O59: 9.97 | P59: 9.69 | Q59: 9.1 | R59: 8.96 | S59: 12.1 | T59: 12.96 | U59: 13.73 | V59: 13.25 | W59: 12.08 | X59: 10.33 | Y59: 8.96 | Z59: =SUM(B59:Y59) -> 213.25 | AA59: 0 | AB59: =+Z59*AA59 -> 0 | AD59: LUNES FESTIVOS
A60: =+A44 -> 46874 | B60: 6.7 | C60: 6.03 | D60: 5.63 | E60: 5.38 | F60: 5.46 | G60: 5.53 | H60: 6.41 | I60: 5.64 | J60: 7.17 | K60: 8.41 | L60: 9.32 | M60: 10.66 | N60: 11.51 | O60: 11.1 | P60: 10.04 | Q60: 9.61 | R60: 9.42 | S60: 12.41 | T60: 12.92 | U60: 14.27 | V60: 13.63 | W60: 12.26 | X60: 10.11 | Y60: 8.48 | Z60: =SUM(B60:Y60) -> 218.1 | AA60: 2 | AB60: =+Z60*AA60 -> 436.2 | AD60: LUNES FESTIVOS
A61: =+A45 -> 46905 | B61: 6.86 | C61: 6.11 | D61: 5.61 | E61: 5.37 | F61: 5.43 | G61: 5.34 | H61: 6.3 | I61: 5.34 | J61: 6.66 | K61: 8.06 | L61: 9.09 | M61: 10.16 | N61: 10.87 | O61: 10.7 | P61: 10.02 | Q61: 9.67 | R61: 9.42 | S61: 12.53 | T61: 13.23 | U61: 14.5 | V61: 13.88 | W61: 12.42 | X61: 10.32 | Y61: 8.62 | Z61: =SUM(B61:Y61) -> 216.51 | AA61: 2 | AB61: =+Z61*AA61 -> 433.02 | AD61: LUNES FESTIVOS
A62: =+A46 -> 46935 | B62: 7.26 | C62: 6.53 | D62: 5.93 | E62: 5.63 | F62: 5.59 | G62: 5.56 | H62: 6.33 | I62: 5.36 | J62: 6.61 | K62: 7.9 | L62: 9.15 | M62: 10.38 | N62: 11.04 | O62: 10.5 | P62: 9.32 | Q62: 8.73 | R62: 8.48 | S62: 11.36 | T62: 11.82 | U62: 13.59 | V62: 13.14 | W62: 11.9 | X62: 10 | Y62: 8.37 | Z62: =SUM(B62:Y62) -> 210.48 | AA62: 1 | AB62: =+Z62*AA62 -> 210.48 | AD62: LUNES FESTIVOS
A63: =+A47 -> 46966 | B63: 7.32 | C63: 6.6 | D63: 6.08 | E63: 5.86 | F63: 5.79 | G63: 6.03 | H63: 6.57 | I63: 5.62 | J63: 7.1 | K63: 8.54 | L63: 9.84 | M63: 10.93 | N63: 11.39 | O63: 11.19 | P63: 10.33 | Q63: 9.71 | R63: 9.54 | S63: 12.39 | T63: 12.99 | U63: 14.5 | V63: 13.83 | W63: 12.38 | X63: 10.23 | Y63: 8.69 | Z63: =SUM(B63:Y63) -> 223.45 | AA63: 2 | AB63: =+Z63*AA63 -> 446.9 | AD63: LUNES FESTIVOS
A64: =+A48 -> 46997 | B64: 7.51 | C64: 6.77 | D64: 6.2 | E64: 5.8 | F64: 5.74 | G64: 5.66 | H64: 6.29 | I64: 5.3 | J64: 6.54 | K64: 7.89 | L64: 8.81 | M64: 9.76 | N64: 10.18 | O64: 10.04 | P64: 9.48 | Q64: 9.18 | R64: 9.08 | S64: 12.02 | T64: 13.28 | U64: 14.09 | V64: 13.61 | W64: 12.31 | X64: 10.32 | Y64: 8.7 | Z64: =SUM(B64:Y64) -> 214.56 | AA64: 0 | AB64: =+Z64*AA64 -> 0 | AD64: LUNES FESTIVOS
A65: =+A49 -> 47027 | B65: 7.45 | C65: 6.71 | D65: 6.15 | E65: 5.84 | F65: 5.79 | G65: 5.49 | H65: 6.47 | I65: 5.56 | J65: 6.96 | K65: 8.47 | L65: 9.72 | M65: 11.03 | N65: 11.76 | O65: 11.21 | P65: 10.16 | Q65: 9.49 | R65: 9.46 | S65: 12.95 | T65: 14.58 | U65: 14.77 | V65: 14.14 | W65: 12.78 | X65: 10.74 | Y65: 8.89 | Z65: =SUM(B65:Y65) -> 226.57 | AA65: 1 | AB65: =+Z65*AA65 -> 226.57 | AD65: LUNES FESTIVOS
A66: =+A50 -> 47058 | B66: 7.15 | C66: 6.39 | D66: 5.91 | E66: 5.63 | F66: 5.68 | G66: 5.75 | H66: 6.42 | I66: 5.55 | J66: 6.9 | K66: 8.38 | L66: 9.65 | M66: 10.48 | N66: 11.11 | O66: 10.89 | P66: 10.3 | Q66: 9.97 | R66: 9.93 | S66: 13.27 | T66: 14.58 | U66: 14.67 | V66: 14.12 | W66: 12.89 | X66: 10.85 | Y66: 9.02 | Z66: =SUM(B66:Y66) -> 225.49 | AA66: 2 | AB66: =+Z66*AA66 -> 450.98 | AD66: LUNES FESTIVOS
A67: =+A51 -> 47088 | B67: 8.17 | C67: 7.35 | D67: 6.68 | E67: 6.21 | F67: 6.04 | G67: 6.04 | H67: 6.44 | I67: 5.19 | J67: 6.18 | K67: 7.56 | L67: 8.71 | M67: 9.62 | N67: 10.22 | O67: 10.27 | P67: 9.82 | Q67: 9.5 | R67: 9.23 | S67: 12.25 | T67: 13.6 | U67: 13.74 | V67: 13.24 | W67: 12.35 | X67: 10.85 | Y67: 9.46 | Z67: =SUM(B67:Y67) -> 218.72 | AA67: 1 | AB67: =+Z67*AA67 -> 218.72 | AD67: LUNES FESTIVOS
A69: DEMANDA DIARIA ESTIMADA TOTAL [MWh]
A71: MES | B71: H1 | C71: H2 | D71: H3 | E71: H4 | F71: H5 | G71: H6 | H71: H7 | I71: H8 | J71: H9 | K71: H10 | L71: H11 | M71: H12 | N71: H13 | O71: H14 | P71: H15 | Q71: H16 | R71: H17 | S71: H18 | T71: H19 | U71: H20 | V71: H21 | W71: H22 | X71: H23 | Y71: H24 | Z71: TOTAL | AA71: Días
A72: =+A56 -> 46753 | B72: =+B8*$AA8+B24*$AA24+B40*$AA40+B56*$AA56 -> 290.89 | C72: =+C8*$AA8+C24*$AA24+C40*$AA40+C56*$AA56 -> 263.19 | D72: =+D8*$AA8+D24*$AA24+D40*$AA40+D56*$AA56 -> 242.92 | E72: =+E8*$AA8+E24*$AA24+E40*$AA40+E56*$AA56 -> 234.89 | F72: =+F8*$AA8+F24*$AA24+F40*$AA40+F56*$AA56 -> 242.33 | G72: =+G8*$AA8+G24*$AA24+G40*$AA40+G56*$AA56 -> 273.48 | H72: =+H8*$AA8+H24*$AA24+H40*$AA40+H56*$AA56 -> 323.06 | I72: =+I8*$AA8+I24*$AA24+I40*$AA40+I56*$AA56 -> 294.99 | ... Y72: =+Y8*$AA8+Y24*$AA24+Y40*$AA40+Y56*$AA56 -> 379.66 | Z72: =SUM(B72:Y72) -> 10044.82 | AA72: =AA8+AA24+AA40+AA56 -> 31 | AB72: =+AB8+AB24+AB40+AB56 -> 10044.82
A73: =+A57 -> 46784 | B73: =+B9*$AA9+B25*$AA25+B41*$AA41+B57*$AA57 -> 268.96 | C73: =+C9*$AA9+C25*$AA25+C41*$AA41+C57*$AA57 -> 245.01 | D73: =+D9*$AA9+D25*$AA25+D41*$AA41+D57*$AA57 -> 228.09 | E73: =+E9*$AA9+E25*$AA25+E41*$AA41+E57*$AA57 -> 222.26 | F73: =+F9*$AA9+F25*$AA25+F41*$AA41+F57*$AA57 -> 235.09 | G73: =+G9*$AA9+G25*$AA25+G41*$AA41+G57*$AA57 -> 287.15 | H73: =+H9*$AA9+H25*$AA25+H41*$AA41+H57*$AA57 -> 344.24 | I73: =+I9*$AA9+I25*$AA25+I41*$AA41+I57*$AA57 -> 312.34 | ... Y73: =+Y9*$AA9+Y25*$AA25+Y41*$AA41+Y57*$AA57 -> 351.63 | Z73: =SUM(B73:Y73) -> 9711.74 | AA73: =AA9+AA25+AA41+AA57 -> 29 | AB73: =+AB9+AB25+AB41+AB57 -> 9711.74
A74: =+A58 -> 46813 | B74: =+B10*$AA10+B26*$AA26+B42*$AA42+B58*$AA58 -> 281.87 | C74: =+C10*$AA10+C26*$AA26+C42*$AA42+C58*$AA58 -> 256.57 | D74: =+D10*$AA10+D26*$AA26+D42*$AA42+D58*$AA58 -> 240.14 | E74: =+E10*$AA10+E26*$AA26+E42*$AA42+E58*$AA58 -> 232.75 | F74: =+F10*$AA10+F26*$AA26+F42*$AA42+F58*$AA58 -> 246.77 | G74: =+G10*$AA10+G26*$AA26+G42*$AA42+G58*$AA58 -> 301.45 | H74: =+H10*$AA10+H26*$AA26+H42*$AA42+H58*$AA58 -> 357.68 | I74: =+I10*$AA10+I26*$AA26+I42*$AA42+I58*$AA58 -> 330.99 | ... Y74: =+Y10*$AA10+Y26*$AA26+Y42*$AA42+Y58*$AA58 -> 371.61 | Z74: =SUM(B74:Y74) -> 10267.16 | AA74: =AA10+AA26+AA42+AA58 -> 31 | AB74: =+AB10+AB26+AB42+AB58 -> 10267.16
A75: =+A59 -> 46844 | B75: =+B11*$AA11+B27*$AA27+B43*$AA43+B59*$AA59 -> 272.45 | C75: =+C11*$AA11+C27*$AA27+C43*$AA43+C59*$AA59 -> 246.42 | D75: =+D11*$AA11+D27*$AA27+D43*$AA43+D59*$AA59 -> 229.37 | E75: =+E11*$AA11+E27*$AA27+E43*$AA43+E59*$AA59 -> 221.81 | F75: =+F11*$AA11+F27*$AA27+F43*$AA43+F59*$AA59 -> 233.75 | G75: =+G11*$AA11+G27*$AA27+G43*$AA43+G59*$AA59 -> 272.81 | H75: =+H11*$AA11+H27*$AA27+H43*$AA43+H59*$AA59 -> 326.76 | I75: =+I11*$AA11+I27*$AA27+I43*$AA43+I59*$AA59 -> 307.2 | ... Y75: =+Y11*$AA11+Y27*$AA27+Y43*$AA43+Y59*$AA59 -> 359.31 | Z75: =SUM(B75:Y75) -> 9693.56 | AA75: =AA11+AA27+AA43+AA59 -> 30 | AB75: =+AB11+AB27+AB43+AB59 -> 9693.56
A76: =+A60 -> 46874 | B76: =+B12*$AA12+B28*$AA28+B44*$AA44+B60*$AA60 -> 276.56 | C76: =+C12*$AA12+C28*$AA28+C44*$AA44+C60*$AA60 -> 251.48 | D76: =+D12*$AA12+D28*$AA28+D44*$AA44+D60*$AA60 -> 234.62 | E76: =+E12*$AA12+E28*$AA28+E44*$AA44+E60*$AA60 -> 226.78 | F76: =+F12*$AA12+F28*$AA28+F44*$AA44+F60*$AA60 -> 240.69 | G76: =+G12*$AA12+G28*$AA28+G44*$AA44+G60*$AA60 -> 280.42 | H76: =+H12*$AA12+H28*$AA28+H44*$AA44+H60*$AA60 -> 345.21 | I76: =+I12*$AA12+I28*$AA28+I44*$AA44+I60*$AA60 -> 323.95 | ... Y76: =+Y12*$AA12+Y28*$AA28+Y44*$AA44+Y60*$AA60 -> 363.69 | Z76: =SUM(B76:Y76) -> 10108.63 | AA76: =AA12+AA28+AA44+AA60 -> 31 | AB76: =+AB12+AB28+AB44+AB60 -> 10108.63
A77: =+A61 -> 46905 | B77: =+B13*$AA13+B29*$AA29+B45*$AA45+B61*$AA61 -> 267.52 | C77: =+C13*$AA13+C29*$AA29+C45*$AA45+C61*$AA61 -> 241.78 | D77: =+D13*$AA13+D29*$AA29+D45*$AA45+D61*$AA61 -> 223.74 | E77: =+E13*$AA13+E29*$AA29+E45*$AA45+E61*$AA61 -> 216.26 | F77: =+F13*$AA13+F29*$AA29+F45*$AA45+F61*$AA61 -> 229.62 | G77: =+G13*$AA13+G29*$AA29+G45*$AA45+G61*$AA61 -> 265.2 | H77: =+H13*$AA13+H29*$AA29+H45*$AA45+H61*$AA61 -> 329.12 | I77: =+I13*$AA13+I29*$AA29+I45*$AA45+I61*$AA61 -> 313.68 | ... Y77: =+Y13*$AA13+Y29*$AA29+Y45*$AA45+Y61*$AA61 -> 354.12 | Z77: =SUM(B77:Y77) -> 9795.14 | AA77: =AA13+AA29+AA45+AA61 -> 30 | AB77: =+AB13+AB29+AB45+AB61 -> 9795.14
A78: =+A62 -> 46935 | B78: =+B14*$AA14+B30*$AA30+B46*$AA46+B62*$AA62 -> 278.89 | C78: =+C14*$AA14+C30*$AA30+C46*$AA46+C62*$AA62 -> 254.25 | D78: =+D14*$AA14+D30*$AA30+D46*$AA46+D62*$AA62 -> 234.53 | E78: =+E14*$AA14+E30*$AA30+E46*$AA46+E62*$AA62 -> 226.53 | F78: =+F14*$AA14+F30*$AA30+F46*$AA46+F62*$AA62 -> 239.02 | G78: =+G14*$AA14+G30*$AA30+G46*$AA46+G62*$AA62 -> 276.41 | H78: =+H14*$AA14+H30*$AA30+H46*$AA46+H62*$AA62 -> 335.12 | I78: =+I14*$AA14+I30*$AA30+I46*$AA46+I62*$AA62 -> 316 | ... Y78: =+Y14*$AA14+Y30*$AA30+Y46*$AA46+Y62*$AA62 -> 372.46 | Z78: =SUM(B78:Y78) -> 10102.98 | AA78: =AA14+AA30+AA46+AA62 -> 31 | AB78: =+AB14+AB30+AB46+AB62 -> 10102.98
A79: =+A63 -> 46966 | B79: =+B15*$AA15+B31*$AA31+B47*$AA47+B63*$AA63 -> 282.05 | C79: =+C15*$AA15+C31*$AA31+C47*$AA47+C63*$AA63 -> 256.25 | D79: =+D15*$AA15+D31*$AA31+D47*$AA47+D63*$AA63 -> 238.49 | E79: =+E15*$AA15+E31*$AA31+E47*$AA47+E63*$AA63 -> 231.05 | F79: =+F15*$AA15+F31*$AA31+F47*$AA47+F63*$AA63 -> 244.82 | G79: =+G15*$AA15+G31*$AA31+G47*$AA47+G63*$AA63 -> 291.2 | H79: =+H15*$AA15+H31*$AA31+H47*$AA47+H63*$AA63 -> 349.83 | I79: =+I15*$AA15+I31*$AA31+I47*$AA47+I63*$AA63 -> 328.11 | ... Y79: =+Y15*$AA15+Y31*$AA31+Y47*$AA47+Y63*$AA63 -> 369.49 | Z79: =SUM(B79:Y79) -> 10281.11 | AA79: =AA15+AA31+AA47+AA63 -> 31 | AB79: =+AB15+AB31+AB47+AB63 -> 10281.11
A80: =+A64 -> 46997 | B80: =+B16*$AA16+B32*$AA32+B48*$AA48+B64*$AA64 -> 271.21 | C80: =+C16*$AA16+C32*$AA32+C48*$AA48+C64*$AA64 -> 246.36 | D80: =+D16*$AA16+D32*$AA32+D48*$AA48+D64*$AA64 -> 229.48 | E80: =+E16*$AA16+E32*$AA32+E48*$AA48+E64*$AA64 -> 222.56 | F80: =+F16*$AA16+F32*$AA32+F48*$AA48+F64*$AA64 -> 237.59 | G80: =+G16*$AA16+G32*$AA32+G48*$AA48+G64*$AA64 -> 282.27 | H80: =+H16*$AA16+H32*$AA32+H48*$AA48+H64*$AA64 -> 344.23 | I80: =+I16*$AA16+I32*$AA32+I48*$AA48+I64*$AA64 -> 323.7 | ... Y80: =+Y16*$AA16+Y32*$AA32+Y48*$AA48+Y64*$AA64 -> 354.8 | Z80: =SUM(B80:Y80) -> 9996.64 | AA80: =AA16+AA32+AA48+AA64 -> 30 | AB80: =+AB16+AB32+AB48+AB64 -> 9996.64
A81: =+A65 -> 47027 | B81: =+B17*$AA17+B33*$AA33+B49*$AA49+B65*$AA65 -> 275.06 | C81: =+C17*$AA17+C33*$AA33+C49*$AA49+C65*$AA65 -> 248.54 | D81: =+D17*$AA17+D33*$AA33+D49*$AA49+D65*$AA65 -> 232.25 | E81: =+E17*$AA17+E33*$AA33+E49*$AA49+E65*$AA65 -> 225.9 | F81: =+F17*$AA17+F33*$AA33+F49*$AA49+F65*$AA65 -> 236.71 | G81: =+G17*$AA17+G33*$AA33+G49*$AA49+G65*$AA65 -> 261.19 | H81: =+H17*$AA17+H33*$AA33+H49*$AA49+H65*$AA65 -> 328.18 | I81: =+I17*$AA17+I33*$AA33+I49*$AA49+I65*$AA65 -> 316.56 | ... Y81: =+Y17*$AA17+Y33*$AA33+Y49*$AA49+Y65*$AA65 -> 366.11 | Z81: =SUM(B81:Y81) -> 10158.1 | AA81: =AA17+AA33+AA49+AA65 -> 31 | AB81: =+AB17+AB33+AB49+AB65 -> 10158.1
A82: =+A66 -> 47058 | B82: =+B18*$AA18+B34*$AA34+B50*$AA50+B66*$AA66 -> 271.98 | C82: =+C18*$AA18+C34*$AA34+C50*$AA50+C66*$AA66 -> 246.58 | D82: =+D18*$AA18+D34*$AA34+D50*$AA50+D66*$AA66 -> 228.94 | E82: =+E18*$AA18+E34*$AA34+E50*$AA50+E66*$AA66 -> 221.74 | F82: =+F18*$AA18+F34*$AA34+F50*$AA50+F66*$AA66 -> 232.72 | G82: =+G18*$AA18+G34*$AA34+G50*$AA50+G66*$AA66 -> 261.18 | H82: =+H18*$AA18+H34*$AA34+H50*$AA50+H66*$AA66 -> 322.72 | I82: =+I18*$AA18+I34*$AA34+I50*$AA50+I66*$AA66 -> 312.38 | ... Y82: =+Y18*$AA18+Y34*$AA34+Y50*$AA50+Y66*$AA66 -> 359.28 | Z82: =SUM(B82:Y82) -> 9930.38 | AA82: =AA18+AA34+AA50+AA66 -> 30 | AB82: =+AB18+AB34+AB50+AB66 -> 9930.38
A83: =+A67 -> 47088 | B83: =+B19*$AA19+B35*$AA35+B51*$AA51+B67*$AA67 -> 305.3 | C83: =+C19*$AA19+C35*$AA35+C51*$AA51+C67*$AA67 -> 273.86 | D83: =+D19*$AA19+D35*$AA35+D51*$AA51+D67*$AA67 -> 252.48 | E83: =+E19*$AA19+E35*$AA35+E51*$AA51+E67*$AA67 -> 241.78 | F83: =+F19*$AA19+F35*$AA35+F51*$AA51+F67*$AA67 -> 248.6 | G83: =+G19*$AA19+G35*$AA35+G51*$AA51+G67*$AA67 -> 272.93 | H83: =+H19*$AA19+H35*$AA35+H51*$AA51+H67*$AA67 -> 328.01 | I83: =+I19*$AA19+I35*$AA35+I51*$AA51+I67*$AA67 -> 314.61 | ... Y83: =+Y19*$AA19+Y35*$AA35+Y51*$AA51+Y67*$AA67 -> 398.79 | Z83: =SUM(B83:Y83) -> 10327.17 | AA83: =AA19+AA35+AA51+AA67 -> 31 | AB83: =+AB19+AB35+AB51+AB67 -> 10327.17
