Workbook

Sheet Oferta Producto 1
B2: PRODUCTO No. 1
B3: PAGUE LO CONTRATADO PERIODO 2026
B4: PRECIO OFERTADO EN $ / kWh DE ABRIL DE 2026
B5: OFERENTE:
B7: PERIODO | C7: ENERGIA SOLICITADA kWh/MES | D7: % OFERTADO | E7: ENERGIA OFERTADA kWh/MES | F7: PRECIO OFERTADO $/kWh
B9: 46357 | C9: =SUMIF('Curvas Prod 1'!B:AC,'Oferta Producto 1'!B9,'Curvas Prod 1'!AC:AC) -> 4999680 | E9: =C9*D9 -> 0
B10: TOTAL | C10: =SUM(C9:C9) -> 4999680 | D10: =(E10/C10) -> 0 | E10: =SUM(E9:E9) -> 0 | F10: =F9 -> 0
B12: Términos y condiciones
B13: El porcentaje ofrecido se distribuirá a prorrata de la curva de carga horaria, según las cantidades indicadas en "Curvas Prod 1"
B14: Oferta por mes. Condicionado a un único porcentaje para todo el mes. Un único precio para el periodo.

Sheet Curvas Prod 1
B1: CURVAS REQUERIDAS PRODUCTO 1 PERIODO 2026 MODALIDAD PAGUE LO CONTRATADO - kWh
C3: 0.033672284 | D3: 0.03159614 | E3: 0.030233762 | F3: 0.029323057 | G3: 0.029386974 | H3: 0.030686908 | I3: 0.032139913 | J3: 0.035466074 | K3: 0.039534317 | L3: 0.042437734 | M3: 0.046204845 | N3: 0.048523097 | O3: 0.049140937 | P3: 0.049778772 | Q3: 0.050651267 | R3: 0.050929375 | S3: 0.050440747 | T3: 0.049233951 | U3: 0.050415305 | V3: 0.050708732 | W3: 0.047977164 | X3: 0.044220771 | Y3: 0.040586126 | Z3: 0.036711748
B4: Periodo | C4: H00 | D4: H01 | E4: H02 | F4: H03 | G4: H04 | H4: H05 | I4: H06 | J4: H07 | K4: H08 | L4: H09 | M4: H10 | N4: H11 | O4: H12 | P4: H13 | Q4: H14 | R4: H15 | S4: H16 | T4: H17 | U4: H18 | V4: H19 | W4: H20 | X4: H21 | Y4: H22 | Z4: H23 | AA4: TOTAL DÍA | AB4: Días/ | AC4: TOTAL MES
AB5: mes
A6: =YEAR(B6) -> 2026 | B6: 46357 | C6: =ROUND(($AC6/$AB6)/24,0) -> 6720 | D6: =ROUND(($AC6/$AB6)/24,0) -> 6720 | E6: =ROUND(($AC6/$AB6)/24,0) -> 6720 | F6: =ROUND(($AC6/$AB6)/24,0) -> 6720 | G6: =ROUND(($AC6/$AB6)/24,0) -> 6720 | H6: =ROUND(($AC6/$AB6)/24,0) -> 6720 | I6: =ROUND(($AC6/$AB6)/24,0) -> 6720 | J6: =ROUND(($AC6/$AB6)/24,0) -> 6720 | ... Z6: =ROUND(($AC6/$AB6)/24,0) -> 6720 | AA6: =SUM(C6:Z6) -> 161280 | AB6: =DAY(EOMONTH(B6,0)) -> 31 | AC6: 4999680
B7: TOTAL PERIODO | C7: =+SUM(C6:C6) -> 6720 | D7: =+SUM(D6:D6) -> 6720 | E7: =+SUM(E6:E6) -> 6720 | F7: =+SUM(F6:F6) -> 6720 | G7: =+SUM(G6:G6) -> 6720 | H7: =+SUM(H6:H6) -> 6720 | I7: =+SUM(I6:I6) -> 6720 | J7: =+SUM(J6:J6) -> 6720 | ... AC7: =+SUM(AC6:AC6) -> 4999680

Sheet Oferta Producto 2
B2: PRODUCTO No. 2
B3: PAGUE LO CONTRATADO PERIODO 2027
B4: PRECIO OFERTADO EN $ / kWh DE ABRIL DE 2026
B5: OFERENTE:
B7: AÑO | C7: ENERGIA SOLICITADA kWh/MES | D7: % OFERTADO | E7: ENERGIA OFERTADA kWh/MES | F7: PRECIO OFERTADO $/kWh
B9: 46388 | C9: =SUMIF('Curvas Prod 2'!B:AC,'Oferta Producto 2'!B9,'Curvas Prod 2'!AC:AC) -> 2100312 | E9: =C9*D9 -> 0
B10: 46419 | C10: =SUMIF('Curvas Prod 2'!B:AC,'Oferta Producto 2'!B10,'Curvas Prod 2'!AC:AC) -> 3200064 | E10: =C10*D10 -> 0
B11: 46447 | C11: =SUMIF('Curvas Prod 2'!B:AC,'Oferta Producto 2'!B11,'Curvas Prod 2'!AC:AC) -> 2900112 | E11: =C11*D11 -> 0
B12: 46478 | C12: =SUMIF('Curvas Prod 2'!B:AC,'Oferta Producto 2'!B12,'Curvas Prod 2'!AC:AC) -> 3499920 | E12: =C12*D12 -> 0
B13: 46508 | C13: =SUMIF('Curvas Prod 2'!B:AC,'Oferta Producto 2'!B13,'Curvas Prod 2'!AC:AC) -> 3699912 | E13: =C13*D13 -> 0
B14: 46539 | C14: =SUMIF('Curvas Prod 2'!B:AC,'Oferta Producto 2'!B14,'Curvas Prod 2'!AC:AC) -> 4399920 | E14: =C14*D14 -> 0
B15: 46569 | C15: =SUMIF('Curvas Prod 2'!B:AC,'Oferta Producto 2'!B15,'Curvas Prod 2'!AC:AC) -> 4600152 | E15: =C15*D15 -> 0
B16: 46600 | C16: =SUMIF('Curvas Prod 2'!B:AC,'Oferta Producto 2'!B16,'Curvas Prod 2'!AC:AC) -> 4999680 | E16: =C16*D16 -> 0
B17: 46631 | C17: =SUMIF('Curvas Prod 2'!B:AC,'Oferta Producto 2'!B17,'Curvas Prod 2'!AC:AC) -> 5700240 | E17: =C17*D17 -> 0
B18: 46661 | C18: =SUMIF('Curvas Prod 2'!B:AC,'Oferta Producto 2'!B18,'Curvas Prod 2'!AC:AC) -> 6000360 | E18: =C18*D18 -> 0
B19: 46692 | C19: =SUMIF('Curvas Prod 2'!B:AC,'Oferta Producto 2'!B19,'Curvas Prod 2'!AC:AC) -> 6700320 | E19: =C19*D19 -> 0
B20: 46722 | C20: =SUMIF('Curvas Prod 2'!B:AC,'Oferta Producto 2'!B20,'Curvas Prod 2'!AC:AC) -> 7000296 | E20: =C20*D20 -> 0
B21: TOTAL | C21: =SUM(C9:C20) -> 54801288 | D21: =(E21/C21) -> 0 | E21: =SUM(E9:E20) -> 0 | F21: =IFERROR(SUMPRODUCT(E9:E20,F9:F20)/E21,"")
B23: Términos y condiciones
B24: El procentaje ofrecido se distribuirá a prorrata de la curva de carga horaria, según las cantidades indicadas en "Curvas Prod 2"
B25: Ofertas por mes: Condicionado a que se oferte al menos 6 meses del año, un porcentaje de al menos el 15% de lo requerido para cada periodo. La diferencia del mes con la oferta con menor porcentaje y el mes con mayor porcentaje, no podrá superar 20 punto porcentuales (ejemplo: supóngase que la oferta para el mes con el menor porcentaje ofertado es del 20% del total demanda, entonces la oferta para el mes de mayor porcentaje deberá ser menor o igual al 40%).
B26: La oferta deberá cubrir al menos un mes dentro de cada trimestre
B27: Precio diferenciado por mes

Sheet Curvas Prod 2
B1: CURVAS REQUERIDAS PRODUCTO 2 PERIODO 2027 MODALIDAD PAGUE LO CONTRATADO - kWh
B4: Periodo | C4: H00 | D4: H01 | E4: H02 | F4: H03 | G4: H04 | H4: H05 | I4: H06 | J4: H07 | K4: H08 | L4: H09 | M4: H10 | N4: H11 | O4: H12 | P4: H13 | Q4: H14 | R4: H15 | S4: H16 | T4: H17 | U4: H18 | V4: H19 | W4: H20 | X4: H21 | Y4: H22 | Z4: H23 | AA4: TOTAL DÍA | AB4: Días/ | AC4: TOTAL MES
AB5: mes
A6: =YEAR(B6) -> 2027 | B6: 46388 | C6: =ROUND(($AC6/$AB6)/24,2) -> 2823 | D6: =ROUND(($AC6/$AB6)/24,2) -> 2823 | E6: =ROUND(($AC6/$AB6)/24,2) -> 2823 | F6: =ROUND(($AC6/$AB6)/24,2) -> 2823 | G6: =ROUND(($AC6/$AB6)/24,2) -> 2823 | H6: =ROUND(($AC6/$AB6)/24,2) -> 2823 | I6: =ROUND(($AC6/$AB6)/24,2) -> 2823 | J6: =ROUND(($AC6/$AB6)/24,2) -> 2823 | ... Z6: =ROUND(($AC6/$AB6)/24,2) -> 2823 | AA6: =SUM(C6:Z6) -> 67752 | AB6: =DAY(EOMONTH(B6,0)) -> 31 | AC6: 2100312
A7: =YEAR(B7) -> 2027 | B7: 46419 | C7: =ROUND(($AC7/$AB7)/24,2) -> 4762 | D7: =ROUND(($AC7/$AB7)/24,2) -> 4762 | E7: =ROUND(($AC7/$AB7)/24,2) -> 4762 | F7: =ROUND(($AC7/$AB7)/24,2) -> 4762 | G7: =ROUND(($AC7/$AB7)/24,2) -> 4762 | H7: =ROUND(($AC7/$AB7)/24,2) -> 4762 | I7: =ROUND(($AC7/$AB7)/24,2) -> 4762 | J7: =ROUND(($AC7/$AB7)/24,2) -> 4762 | ... Z7: =ROUND(($AC7/$AB7)/24,2) -> 4762 | AA7: =SUM(C7:Z7) -> 114288 | AB7: =DAY(EOMONTH(B7,0)) -> 28 | AC7: 3200064
A8: =YEAR(B8) -> 2027 | B8: 46447 | C8: =ROUND(($AC8/$AB8)/24,2) -> 3898 | D8: =ROUND(($AC8/$AB8)/24,2) -> 3898 | E8: =ROUND(($AC8/$AB8)/24,2) -> 3898 | F8: =ROUND(($AC8/$AB8)/24,2) -> 3898 | G8: =ROUND(($AC8/$AB8)/24,2) -> 3898 | H8: =ROUND(($AC8/$AB8)/24,2) -> 3898 | I8: =ROUND(($AC8/$AB8)/24,2) -> 3898 | J8: =ROUND(($AC8/$AB8)/24,2) -> 3898 | ... Z8: =ROUND(($AC8/$AB8)/24,2) -> 3898 | AA8: =SUM(C8:Z8) -> 93552 | AB8: =DAY(EOMONTH(B8,0)) -> 31 | AC8: 2900112
A9: =YEAR(B9) -> 2027 | B9: 46478 | C9: =ROUND(($AC9/$AB9)/24,2) -> 4861 | D9: =ROUND(($AC9/$AB9)/24,2) -> 4861 | E9: =ROUND(($AC9/$AB9)/24,2) -> 4861 | F9: =ROUND(($AC9/$AB9)/24,2) -> 4861 | G9: =ROUND(($AC9/$AB9)/24,2) -> 4861 | H9: =ROUND(($AC9/$AB9)/24,2) -> 4861 | I9: =ROUND(($AC9/$AB9)/24,2) -> 4861 | J9: =ROUND(($AC9/$AB9)/24,2) -> 4861 | ... Z9: =ROUND(($AC9/$AB9)/24,2) -> 4861 | AA9: =SUM(C9:Z9) -> 116664 | AB9: =DAY(EOMONTH(B9,0)) -> 30 | AC9: 3499920
A10: =YEAR(B10) -> 2027 | B10: 46508 | C10: =ROUND(($AC10/$AB10)/24,2) -> 4973 | D10: =ROUND(($AC10/$AB10)/24,2) -> 4973 | E10: =ROUND(($AC10/$AB10)/24,2) -> 4973 | F10: =ROUND(($AC10/$AB10)/24,2) -> 4973 | G10: =ROUND(($AC10/$AB10)/24,2) -> 4973 | H10: =ROUND(($AC10/$AB10)/24,2) -> 4973 | I10: =ROUND(($AC10/$AB10)/24,2) -> 4973 | J10: =ROUND(($AC10/$AB10)/24,2) -> 4973 | ... Z10: =ROUND(($AC10/$AB10)/24,2) -> 4973 | AA10: =SUM(C10:Z10) -> 119352 | AB10: =DAY(EOMONTH(B10,0)) -> 31 | AC10: 3699912
A11: =YEAR(B11) -> 2027 | B11: 46539 | C11: =ROUND(($AC11/$AB11)/24,2) -> 6111 | D11: =ROUND(($AC11/$AB11)/24,2) -> 6111 | E11: =ROUND(($AC11/$AB11)/24,2) -> 6111 | F11: =ROUND(($AC11/$AB11)/24,2) -> 6111 | G11: =ROUND(($AC11/$AB11)/24,2) -> 6111 | H11: =ROUND(($AC11/$AB11)/24,2) -> 6111 | I11: =ROUND(($AC11/$AB11)/24,2) -> 6111 | J11: =ROUND(($AC11/$AB11)/24,2) -> 6111 | ... Z11: =ROUND(($AC11/$AB11)/24,2) -> 6111 | AA11: =SUM(C11:Z11) -> 146664 | AB11: =DAY(EOMONTH(B11,0)) -> 30 | AC11: 4399920
A12: =YEAR(B12) -> 2027 | B12: 46569 | C12: =ROUND(($AC12/$AB12)/24,2) -> 6183 | D12: =ROUND(($AC12/$AB12)/24,2) -> 6183 | E12: =ROUND(($AC12/$AB12)/24,2) -> 6183 | F12: =ROUND(($AC12/$AB12)/24,2) -> 6183 | G12: =ROUND(($AC12/$AB12)/24,2) -> 6183 | H12: =ROUND(($AC12/$AB12)/24,2) -> 6183 | I12: =ROUND(($AC12/$AB12)/24,2) -> 6183 | J12: =ROUND(($AC12/$AB12)/24,2) -> 6183 | ... Z12: =ROUND(($AC12/$AB12)/24,2) -> 6183 | AA12: =SUM(C12:Z12) -> 148392 | AB12: =DAY(EOMONTH(B12,0)) -> 31 | AC12: 4600152
A13: =YEAR(B13) -> 2027 | B13: 46600 | C13: =ROUND(($AC13/$AB13)/24,2) -> 6720 | D13: =ROUND(($AC13/$AB13)/24,2) -> 6720 | E13: =ROUND(($AC13/$AB13)/24,2) -> 6720 | F13: =ROUND(($AC13/$AB13)/24,2) -> 6720 | G13: =ROUND(($AC13/$AB13)/24,2) -> 6720 | H13: =ROUND(($AC13/$AB13)/24,2) -> 6720 | I13: =ROUND(($AC13/$AB13)/24,2) -> 6720 | J13: =ROUND(($AC13/$AB13)/24,2) -> 6720 | ... Z13: =ROUND(($AC13/$AB13)/24,2) -> 6720 | AA13: =SUM(C13:Z13) -> 161280 | AB13: =DAY(EOMONTH(B13,0)) -> 31 | AC13: 4999680
A14: =YEAR(B14) -> 2027 | B14: 46631 | C14: =ROUND(($AC14/$AB14)/24,2) -> 7917 | D14: =ROUND(($AC14/$AB14)/24,2) -> 7917 | E14: =ROUND(($AC14/$AB14)/24,2) -> 7917 | F14: =ROUND(($AC14/$AB14)/24,2) -> 7917 | G14: =ROUND(($AC14/$AB14)/24,2) -> 7917 | H14: =ROUND(($AC14/$AB14)/24,2) -> 7917 | I14: =ROUND(($AC14/$AB14)/24,2) -> 7917 | J14: =ROUND(($AC14/$AB14)/24,2) -> 7917 | ... Z14: =ROUND(($AC14/$AB14)/24,2) -> 7917 | AA14: =SUM(C14:Z14) -> 190008 | AB14: =DAY(EOMONTH(B14,0)) -> 30 | AC14: 5700240
A15: =YEAR(B15) -> 2027 | B15: 46661 | C15: =ROUND(($AC15/$AB15)/24,2) -> 8065 | D15: =ROUND(($AC15/$AB15)/24,2) -> 8065 | E15: =ROUND(($AC15/$AB15)/24,2) -> 8065 | F15: =ROUND(($AC15/$AB15)/24,2) -> 8065 | G15: =ROUND(($AC15/$AB15)/24,2) -> 8065 | H15: =ROUND(($AC15/$AB15)/24,2) -> 8065 | I15: =ROUND(($AC15/$AB15)/24,2) -> 8065 | J15: =ROUND(($AC15/$AB15)/24,2) -> 8065 | ... Z15: =ROUND(($AC15/$AB15)/24,2) -> 8065 | AA15: =SUM(C15:Z15) -> 193560 | AB15: =DAY(EOMONTH(B15,0)) -> 31 | AC15: 6000360
A16: =YEAR(B16) -> 2027 | B16: 46692 | C16: =ROUND(($AC16/$AB16)/24,2) -> 9306 | D16: =ROUND(($AC16/$AB16)/24,2) -> 9306 | E16: =ROUND(($AC16/$AB16)/24,2) -> 9306 | F16: =ROUND(($AC16/$AB16)/24,2) -> 9306 | G16: =ROUND(($AC16/$AB16)/24,2) -> 9306 | H16: =ROUND(($AC16/$AB16)/24,2) -> 9306 | I16: =ROUND(($AC16/$AB16)/24,2) -> 9306 | J16: =ROUND(($AC16/$AB16)/24,2) -> 9306 | ... Z16: =ROUND(($AC16/$AB16)/24,2) -> 9306 | AA16: =SUM(C16:Z16) -> 223344 | AB16: =DAY(EOMONTH(B16,0)) -> 30 | AC16: 6700320
A17: =YEAR(B17) -> 2027 | B17: 46722 | C17: =ROUND(($AC17/$AB17)/24,2) -> 9409 | D17: =ROUND(($AC17/$AB17)/24,2) -> 9409 | E17: =ROUND(($AC17/$AB17)/24,2) -> 9409 | F17: =ROUND(($AC17/$AB17)/24,2) -> 9409 | G17: =ROUND(($AC17/$AB17)/24,2) -> 9409 | H17: =ROUND(($AC17/$AB17)/24,2) -> 9409 | I17: =ROUND(($AC17/$AB17)/24,2) -> 9409 | J17: =ROUND(($AC17/$AB17)/24,2) -> 9409 | ... Z17: =ROUND(($AC17/$AB17)/24,2) -> 9409 | AA17: =SUM(C17:Z17) -> 225816 | AB17: =DAY(EOMONTH(B17,0)) -> 31 | AC17: 7000296
B18: TOTAL PERIODO | C18: =+SUM(C6:C17) -> 75028 | D18: =+SUM(D6:D17) -> 75028 | E18: =+SUM(E6:E17) -> 75028 | F18: =+SUM(F6:F17) -> 75028 | G18: =+SUM(G6:G17) -> 75028 | H18: =+SUM(H6:H17) -> 75028 | I18: =+SUM(I6:I17) -> 75028 | J18: =+SUM(J6:J17) -> 75028 | ... AC18: =+SUM(AC6:AC17) -> 54801288

Sheet Oferta Producto 3
B2: PRODUCTO No. 3
B3: PAGUE LO CONTRATADO PERIODO 2028
B4: PRECIO OFERTADO EN $ / kWh DE ABRIL DE 2026
B5: OFERENTE:
B7: AÑO | C7: ENERGIA SOLICITADA kWh/MES | D7: % OFERTADO | E7: ENERGIA OFERTADA kWh/MES | F7: PRECIO OFERTADO $/kWh
B9: 46753 | C9: =SUMIF('Curvas Prod 3'!B:AC,'Oferta Producto 3'!B9,'Curvas Prod 3'!AC:AC) -> 6300000 | E9: =C9*D9 -> 0
B10: 46784 | C10: =SUMIF('Curvas Prod 3'!B:AC,'Oferta Producto 3'!B10,'Curvas Prod 3'!AC:AC) -> 7200000 | E10: =C10*D10 -> 0
B11: 46813 | C11: =SUMIF('Curvas Prod 3'!B:AC,'Oferta Producto 3'!B11,'Curvas Prod 3'!AC:AC) -> 7400000 | E11: =C11*D11 -> 0
B12: 46844 | C12: =SUMIF('Curvas Prod 3'!B:AC,'Oferta Producto 3'!B12,'Curvas Prod 3'!AC:AC) -> 8200000 | E12: =C12*D12 -> 0
B13: 46874 | C13: =SUMIF('Curvas Prod 3'!B:AC,'Oferta Producto 3'!B13,'Curvas Prod 3'!AC:AC) -> 8600000 | E13: =C13*D13 -> 0
B14: 46905 | C14: =SUMIF('Curvas Prod 3'!B:AC,'Oferta Producto 3'!B14,'Curvas Prod 3'!AC:AC) -> 9400000 | E14: =C14*D14 -> 0
B15: 46935 | C15: =SUMIF('Curvas Prod 3'!B:AC,'Oferta Producto 3'!B15,'Curvas Prod 3'!AC:AC) -> 9900000 | E15: =C15*D15 -> 0
B16: 46966 | C16: =SUMIF('Curvas Prod 3'!B:AC,'Oferta Producto 3'!B16,'Curvas Prod 3'!AC:AC) -> 10600000 | E16: =C16*D16 -> 0
B17: 46997 | C17: =SUMIF('Curvas Prod 3'!B:AC,'Oferta Producto 3'!B17,'Curvas Prod 3'!AC:AC) -> 11400000 | E17: =C17*D17 -> 0
B18: 47027 | C18: =SUMIF('Curvas Prod 3'!B:AC,'Oferta Producto 3'!B18,'Curvas Prod 3'!AC:AC) -> 11900000 | E18: =C18*D18 -> 0
B19: 47058 | C19: =SUMIF('Curvas Prod 3'!B:AC,'Oferta Producto 3'!B19,'Curvas Prod 3'!AC:AC) -> 12800000 | E19: =C19*D19 -> 0
B20: 47088 | C20: =SUMIF('Curvas Prod 3'!B:AC,'Oferta Producto 3'!B20,'Curvas Prod 3'!AC:AC) -> 13400000 | E20: =C20*D20 -> 0
B21: TOTAL | C21: =SUM(C9:C20) -> 117100000 | D21: =(E21/C21) -> 0 | E21: =SUM(E9:E20) -> 0 | F21: =F9 -> 0
B23: Términos y condiciones
B24: El procentaje ofrecido se distribuirá a prorrata de la curva de carga horaria, según las cantidades indicadas en "Curvas Prod 3"
B25: Ofertas por mes: Condicionado a que se oferte los 12 meses, con un porcentaje de al menos el 10% de lo requerido para cada mes. La diferencia del mes con la oferta con menor porcentaje y el mes con mayor porcentaje, no podrá superar 20 punto porcentuales (ejemplo: supóngase que la oferta para el mes con el menor porcentaje ofertado es del 20% del total demanda, entonces la oferta para el mes de mayor porcentaje deberá ser menor o igual al 40%).
B26: Precio único para toda la vigencia.

Sheet Curvas Prod 3
B1: CURVAS REQUERIDAS PRODUCTO 3 PERIODO 2028 MODALIDAD PAGUE LO CONTRATADO - kWh
C3: {=TRANSPOSE('[1]Curva Base'!$G$8:$G$31)} -> 0.032307493 | D3: 0.030391331 | E3: 0.029135506 | F3: 0.028265463 | G3: 0.028615879 | H3: 0.030599734 | I3: 0.03257981 | J3: 0.036200876 | K3: 0.040579719 | L3: 0.043490917 | M3: 0.047251248 | N3: 0.049474783 | O3: 0.049977987 | P3: 0.05057449 | Q3: 0.051623693 | R3: 0.051745687 | S3: 0.050916592 | T3: 0.049104571 | U3: 0.050017211 | V3: 0.050468138 | W3: 0.047490883 | X3: 0.043568706 | Y3: 0.039802255 | Z3: 0.035817027
B4: Periodo | C4: H00 | D4: H01 | E4: H02 | F4: H03 | G4: H04 | H4: H05 | I4: H06 | J4: H07 | K4: H08 | L4: H09 | M4: H10 | N4: H11 | O4: H12 | P4: H13 | Q4: H14 | R4: H15 | S4: H16 | T4: H17 | U4: H18 | V4: H19 | W4: H20 | X4: H21 | Y4: H22 | Z4: H23 | AA4: TOTAL DÍA | AB4: Días/ | AC4: TOTAL MES
AB5: mes
A6: =YEAR(B6) -> 2028 | B6: 46753 | C6: =($AC6/$AB6)*C$3 -> 6565.7163 | D6: =($AC6/$AB6)*D$3 -> 6176.3029 | E6: =($AC6/$AB6)*E$3 -> 5921.0866 | F6: =($AC6/$AB6)*F$3 -> 5744.2715 | G6: =($AC6/$AB6)*G$3 -> 5815.4851 | H6: =($AC6/$AB6)*H$3 -> 6218.6557 | I6: =($AC6/$AB6)*I$3 -> 6621.0581 | J6: =($AC6/$AB6)*J$3 -> 7356.9522 | ... Z6: =($AC6/$AB6)*Z$3 -> 7278.9443 | AA6: =SUM(C6:Z6) -> 203225.81 | AB6: =DAY(EOMONTH(B6,0)) -> 31 | AC6: {=TRANSPOSE('[1]Proyección a contratar'!$P$8:$AA$8)} -> 6300000
A7: =YEAR(B7) -> 2028 | B7: 46784 | C7: =($AC7/$AB7)*C$3 -> 8021.1707 | D7: =($AC7/$AB7)*D$3 -> 7545.434 | E7: =($AC7/$AB7)*E$3 -> 7233.6428 | F7: =($AC7/$AB7)*F$3 -> 7017.6322 | G7: =($AC7/$AB7)*G$3 -> 7104.6321 | H7: =($AC7/$AB7)*H$3 -> 7597.1754 | I7: =($AC7/$AB7)*I$3 -> 8088.7804 | J7: =($AC7/$AB7)*J$3 -> 8987.8036 | ... Z7: =($AC7/$AB7)*Z$3 -> 8892.5033 | AA7: =SUM(C7:Z7) -> 248275.86 | AB7: =DAY(EOMONTH(B7,0)) -> 29 | AC7: 7200000
A8: =YEAR(B8) -> 2028 | B8: 46813 | C8: =($AC8/$AB8)*C$3 -> 7712.1112 | D8: =($AC8/$AB8)*D$3 -> 7254.7049 | E8: =($AC8/$AB8)*E$3 -> 6954.9272 | F8: =($AC8/$AB8)*F$3 -> 6747.2396 | G8: =($AC8/$AB8)*G$3 -> 6830.8873 | H8: =($AC8/$AB8)*H$3 -> 7304.4527 | I8: =($AC8/$AB8)*I$3 -> 7777.1159 | J8: =($AC8/$AB8)*J$3 -> 8641.4994 | ... Z8: =($AC8/$AB8)*Z$3 -> 8549.871 | AA8: =SUM(C8:Z8) -> 238709.68 | AB8: =DAY(EOMONTH(B8,0)) -> 31 | AC8: 7400000
A9: =YEAR(B9) -> 2028 | B9: 46844 | C9: =($AC9/$AB9)*C$3 -> 8830.7147 | D9: =($AC9/$AB9)*D$3 -> 8306.9639 | E9: =($AC9/$AB9)*E$3 -> 7963.7049 | F9: =($AC9/$AB9)*F$3 -> 7725.8932 | G9: =($AC9/$AB9)*G$3 -> 7821.6737 | H9: =($AC9/$AB9)*H$3 -> 8363.9274 | I9: =($AC9/$AB9)*I$3 -> 8905.148 | J9: =($AC9/$AB9)*J$3 -> 9894.906 | ... Z9: =($AC9/$AB9)*Z$3 -> 9789.9875 | AA9: =SUM(C9:Z9) -> 273333.33 | AB9: =DAY(EOMONTH(B9,0)) -> 30 | AC9: 8200000
A10: =YEAR(B10) -> 2028 | B10: 46874 | C10: =($AC10/$AB10)*C$3 -> 8962.7238 | D10: =($AC10/$AB10)*D$3 -> 8431.1436 | E10: =($AC10/$AB10)*E$3 -> 8082.7532 | F10: =($AC10/$AB10)*F$3 -> 7841.3865 | G10: =($AC10/$AB10)*G$3 -> 7938.5988 | H10: =($AC10/$AB10)*H$3 -> 8488.9586 | I10: =($AC10/$AB10)*I$3 -> 9038.2698 | J10: =($AC10/$AB10)*J$3 -> 10042.824 | ... Z10: =($AC10/$AB10)*Z$3 -> 9936.3366 | AA10: =SUM(C10:Z10) -> 277419.35 | AB10: =DAY(EOMONTH(B10,0)) -> 31 | AC10: 8600000
A11: =YEAR(B11) -> 2028 | B11: 46905 | C11: =($AC11/$AB11)*C$3 -> 10123.014 | D11: =($AC11/$AB11)*D$3 -> 9522.6172 | E11: =($AC11/$AB11)*E$3 -> 9129.1251 | F11: =($AC11/$AB11)*F$3 -> 8856.5117 | G11: =($AC11/$AB11)*G$3 -> 8966.3088 | H11: =($AC11/$AB11)*H$3 -> 9587.9168 | I11: =($AC11/$AB11)*I$3 -> 10208.34 | J11: =($AC11/$AB11)*J$3 -> 11342.941 | ... Z11: =($AC11/$AB11)*Z$3 -> 11222.669 | AA11: =SUM(C11:Z11) -> 313333.33 | AB11: =DAY(EOMONTH(B11,0)) -> 30 | AC11: 9400000
A12: =YEAR(B12) -> 2028 | B12: 46935 | C12: =($AC12/$AB12)*C$3 -> 10317.554 | D12: =($AC12/$AB12)*D$3 -> 9705.6188 | E12: =($AC12/$AB12)*E$3 -> 9304.5647 | F12: =($AC12/$AB12)*F$3 -> 9026.7124 | G12: =($AC12/$AB12)*G$3 -> 9138.6195 | H12: =($AC12/$AB12)*H$3 -> 9772.1732 | I12: =($AC12/$AB12)*I$3 -> 10404.52 | J12: =($AC12/$AB12)*J$3 -> 11560.925 | ... Z12: =($AC12/$AB12)*Z$3 -> 11438.341 | AA12: =SUM(C12:Z12) -> 319354.84 | AB12: =DAY(EOMONTH(B12,0)) -> 31 | AC12: 9900000
A13: =YEAR(B13) -> 2028 | B13: 46966 | C13: =($AC13/$AB13)*C$3 -> 11047.078 | D13: =($AC13/$AB13)*D$3 -> 10391.875 | E13: =($AC13/$AB13)*E$3 -> 9962.4632 | F13: =($AC13/$AB13)*F$3 -> 9664.9648 | G13: =($AC13/$AB13)*G$3 -> 9784.7845 | H13: =($AC13/$AB13)*H$3 -> 10463.135 | I13: =($AC13/$AB13)*I$3 -> 11140.193 | J13: =($AC13/$AB13)*J$3 -> 12378.364 | ... Z13: =($AC13/$AB13)*Z$3 -> 12247.113 | AA13: =SUM(C13:Z13) -> 341935.48 | AB13: =DAY(EOMONTH(B13,0)) -> 31 | AC13: 10600000
A14: =YEAR(B14) -> 2028 | B14: 46997 | C14: =($AC14/$AB14)*C$3 -> 12276.847 | D14: =($AC14/$AB14)*D$3 -> 11548.706 | E14: =($AC14/$AB14)*E$3 -> 11071.492 | F14: =($AC14/$AB14)*F$3 -> 10740.876 | G14: =($AC14/$AB14)*G$3 -> 10874.034 | H14: =($AC14/$AB14)*H$3 -> 11627.899 | I14: =($AC14/$AB14)*I$3 -> 12380.328 | J14: =($AC14/$AB14)*J$3 -> 13756.333 | ... Z14: =($AC14/$AB14)*Z$3 -> 13610.47 | AA14: =SUM(C14:Z14) -> 380000 | AB14: =DAY(EOMONTH(B14,0)) -> 30 | AC14: 11400000
A15: =YEAR(B15) -> 2028 | B15: 47027 | C15: =($AC15/$AB15)*C$3 -> 12401.909 | D15: =($AC15/$AB15)*D$3 -> 11666.35 | E15: =($AC15/$AB15)*E$3 -> 11184.275 | F15: =($AC15/$AB15)*F$3 -> 10850.291 | G15: =($AC15/$AB15)*G$3 -> 10984.805 | H15: =($AC15/$AB15)*H$3 -> 11746.35 | I15: =($AC15/$AB15)*I$3 -> 12506.443 | J15: =($AC15/$AB15)*J$3 -> 13896.465 | ... Z15: =($AC15/$AB15)*Z$3 -> 13749.117 | AA15: =SUM(C15:Z15) -> 383870.97 | AB15: =DAY(EOMONTH(B15,0)) -> 31 | AC15: 11900000
A16: =YEAR(B16) -> 2028 | B16: 47058 | C16: =($AC16/$AB16)*C$3 -> 13784.53 | D16: =($AC16/$AB16)*D$3 -> 12966.968 | E16: =($AC16/$AB16)*E$3 -> 12431.149 | F16: =($AC16/$AB16)*F$3 -> 12059.931 | G16: =($AC16/$AB16)*G$3 -> 12209.442 | H16: =($AC16/$AB16)*H$3 -> 13055.887 | I16: =($AC16/$AB16)*I$3 -> 13900.719 | J16: =($AC16/$AB16)*J$3 -> 15445.707 | ... Z16: =($AC16/$AB16)*Z$3 -> 15281.932 | AA16: =SUM(C16:Z16) -> 426666.67 | AB16: =DAY(EOMONTH(B16,0)) -> 30 | AC16: 12800000
A17: =YEAR(B17) -> 2028 | B17: 47088 | C17: =($AC17/$AB17)*C$3 -> 13965.174 | D17: =($AC17/$AB17)*D$3 -> 13136.898 | E17: =($AC17/$AB17)*E$3 -> 12594.057 | F17: =($AC17/$AB17)*F$3 -> 12217.974 | G17: =($AC17/$AB17)*G$3 -> 12369.445 | H17: =($AC17/$AB17)*H$3 -> 13226.982 | I17: =($AC17/$AB17)*I$3 -> 14082.886 | J17: =($AC17/$AB17)*J$3 -> 15648.12 | ... Z17: =($AC17/$AB17)*Z$3 -> 15482.199 | AA17: =SUM(C17:Z17) -> 432258.06 | AB17: =DAY(EOMONTH(B17,0)) -> 31 | AC17: 13400000
B18: TOTAL PERIODO | C18: =+SUM(C6:C17) -> 124008.54 | D18: =+SUM(D6:D17) -> 116653.58 | E18: =+SUM(E6:E17) -> 111833.24 | F18: =+SUM(F6:F17) -> 108493.68 | G18: =+SUM(G6:G17) -> 109838.72 | H18: =+SUM(H6:H17) -> 117453.51 | I18: =+SUM(I6:I17) -> 125053.8 | J18: =+SUM(J6:J17) -> 138952.84 | ... AC18: =+SUM(AC6:AC17) -> 117100000

Sheet Oferta Producto 4
B2: PRODUCTO No. 4
B3: PAGUE LO CONTRATADO PERIODO 2029 A 2032
B4: PRECIO OFERTADO EN $ / kWh DE ABRIL DE 2026
B5: OFERENTE:
B7: AÑO | C7: ENERGIA SOLICITADA kWh/AÑO | D7: % OFERTADO | E7: ENERGIA OFERTADA kWh/AÑO | F7: PRECIO OFERTADO $/kWh
B9: 2029 | C9: =SUMIF('Curvas Prod 4'!A:AC,'Oferta Producto 4'!B9,'Curvas Prod 4'!AC:AC) -> 91700352 | E9: =C9*D9 -> 0
B10: 2030 | C10: =SUMIF('Curvas Prod 4'!A:AC,'Oferta Producto 4'!B10,'Curvas Prod 4'!AC:AC) -> 91700352 | E10: =C10*D9 -> 0
B11: 2031 | C11: =SUMIF('Curvas Prod 4'!A:AC,'Oferta Producto 4'!B11,'Curvas Prod 4'!AC:AC) -> 91700352 | E11: =C11*D9 -> 0
B12: 2032 | C12: =SUMIF('Curvas Prod 4'!A:AC,'Oferta Producto 4'!B12,'Curvas Prod 4'!AC:AC) -> 91200504 | E12: =C12*D9 -> 0
B13: 2033 | C13: =SUMIF('Curvas Prod 4'!A:AC,'Oferta Producto 4'!B13,'Curvas Prod 4'!AC:AC) -> 113198664 | E13: =C13*D13 -> 0
B14: 2034 | C14: =SUMIF('Curvas Prod 4'!A:AC,'Oferta Producto 4'!B14,'Curvas Prod 4'!AC:AC) -> 253500096 | E14: =C14*D13 -> 0
B15: 2035 | C15: =SUMIF('Curvas Prod 4'!A:AC,'Oferta Producto 4'!B15,'Curvas Prod 4'!AC:AC) -> 254397888 | E15: =C15*D13 -> 0
B16: 2036 | C16: =SUMIF('Curvas Prod 4'!A:AC,'Oferta Producto 4'!B16,'Curvas Prod 4'!AC:AC) -> 249502536 | E16: =C16*D13 -> 0
B17: TOTAL | C17: =+SUM(C9:C16) -> 1236900744 | D17: =(E17/C17) -> 0 | E17: =SUM(E9:E16) -> 0 | F17: =IFERROR(SUMPRODUCT(E9:E16,F9:F16)/E17,"")
B19: Términos y condiciones
B20: El procentaje ofrecido se distribuirá a prorrata de la curva de carga horaria, según las cantidades indicadas en "Curvas Prod 4"
B21: El periodo de contratación comprende ocho (8) años, contados desde el 1 de enero de 2029 hasta el 31 de diciembre de 2036. Dicho periodo se divide en dos (2) bloques independientes de cuatro (4) años cada uno, así: Bloque A – años 2029, 2030, 2031 y 2032 Bloque B – años 2033, 2034, 2035 y 2036
B22: El oferente podrá ofertar un porcentaje de energía (%) único para cada bloque de forma independiente. Esto es un unico porcentaje para el bloque A y un unico porcentaje para el bloque B.
B23: El precio es diferenciado por año.

Sheet Curvas Prod 4
B1: CURVAS REQUERIDAS PRODUCTO 4 PERIODO 2029 A 2032 MODALIDAD PAGUE LO CONTRATADO - kWh
C3: {=TRANSPOSE('[1]Curva Base'!$G$8:$G$31)} -> 0.032307493 | D3: 0.030391331 | E3: 0.029135506 | F3: 0.028265463 | G3: 0.028615879 | H3: 0.030599734 | I3: 0.03257981 | J3: 0.036200876 | K3: 0.040579719 | L3: 0.043490917 | M3: 0.047251248 | N3: 0.049474783 | O3: 0.049977987 | P3: 0.05057449 | Q3: 0.051623693 | R3: 0.051745687 | S3: 0.050916592 | T3: 0.049104571 | U3: 0.050017211 | V3: 0.050468138 | W3: 0.047490883 | X3: 0.043568706 | Y3: 0.039802255 | Z3: 0.035817027
B4: Periodo | C4: H00 | D4: H01 | E4: H02 | F4: H03 | G4: H04 | H4: H05 | I4: H06 | J4: H07 | K4: H08 | L4: H09 | M4: H10 | N4: H11 | O4: H12 | P4: H13 | Q4: H14 | R4: H15 | S4: H16 | T4: H17 | U4: H18 | V4: H19 | W4: H20 | X4: H21 | Y4: H22 | Z4: H23 | AA4: TOTAL DÍA | AB4: Días/ | AC4: TOTAL MES
AB5: mes
A6: =YEAR(B6) -> 2029 | B6: 47119 | C6: =($AC6/$AB6)/24 -> 9812 | D6: =($AC6/$AB6)/24 -> 9812 | E6: =($AC6/$AB6)/24 -> 9812 | F6: =($AC6/$AB6)/24 -> 9812 | G6: =($AC6/$AB6)/24 -> 9812 | H6: =($AC6/$AB6)/24 -> 9812 | I6: =($AC6/$AB6)/24 -> 9812 | J6: =($AC6/$AB6)/24 -> 9812 | ... Z6: =($AC6/$AB6)/24 -> 9812 | AA6: =SUM(C6:Z6) -> 235488 | AB6: =DAY(EOMONTH(B6,0)) -> 31 | AC6: 7300128
A7: =YEAR(B7) -> 2029 | B7: 47150 | C7: =($AC7/$AB7)/24 -> 13393 | D7: =($AC7/$AB7)/24 -> 13393 | E7: =($AC7/$AB7)/24 -> 13393 | F7: =($AC7/$AB7)/24 -> 13393 | G7: =($AC7/$AB7)/24 -> 13393 | H7: =($AC7/$AB7)/24 -> 13393 | I7: =($AC7/$AB7)/24 -> 13393 | J7: =($AC7/$AB7)/24 -> 13393 | ... Z7: =($AC7/$AB7)/24 -> 13393 | AA7: =SUM(C7:Z7) -> 321432 | AB7: =DAY(EOMONTH(B7,0)) -> 28 | AC7: 9000096
A8: =YEAR(B8) -> 2029 | B8: 47178 | C8: =($AC8/$AB8)/24 -> 9812 | D8: =($AC8/$AB8)/24 -> 9812 | E8: =($AC8/$AB8)/24 -> 9812 | F8: =($AC8/$AB8)/24 -> 9812 | G8: =($AC8/$AB8)/24 -> 9812 | H8: =($AC8/$AB8)/24 -> 9812 | I8: =($AC8/$AB8)/24 -> 9812 | J8: =($AC8/$AB8)/24 -> 9812 | ... Z8: =($AC8/$AB8)/24 -> 9812 | AA8: =SUM(C8:Z8) -> 235488 | AB8: =DAY(EOMONTH(B8,0)) -> 31 | AC8: 7300128
A9: =YEAR(B9) -> 2029 | B9: 47209 | C9: =($AC9/$AB9)/24 -> 10972 | D9: =($AC9/$AB9)/24 -> 10972 | E9: =($AC9/$AB9)/24 -> 10972 | F9: =($AC9/$AB9)/24 -> 10972 | G9: =($AC9/$AB9)/24 -> 10972 | H9: =($AC9/$AB9)/24 -> 10972 | I9: =($AC9/$AB9)/24 -> 10972 | J9: =($AC9/$AB9)/24 -> 10972 | ... Z9: =($AC9/$AB9)/24 -> 10972 | AA9: =SUM(C9:Z9) -> 263328 | AB9: =DAY(EOMONTH(B9,0)) -> 30 | AC9: 7899840
A10: =YEAR(B10) -> 2029 | B10: 47239 | C10: =($AC10/$AB10)/24 -> 9812 | D10: =($AC10/$AB10)/24 -> 9812 | E10: =($AC10/$AB10)/24 -> 9812 | F10: =($AC10/$AB10)/24 -> 9812 | G10: =($AC10/$AB10)/24 -> 9812 | H10: =($AC10/$AB10)/24 -> 9812 | I10: =($AC10/$AB10)/24 -> 9812 | J10: =($AC10/$AB10)/24 -> 9812 | ... Z10: =($AC10/$AB10)/24 -> 9812 | AA10: =SUM(C10:Z10) -> 235488 | AB10: =DAY(EOMONTH(B10,0)) -> 31 | AC10: 7300128
A11: =YEAR(B11) -> 2029 | B11: 47270 | C11: =($AC11/$AB11)/24 -> 10972 | D11: =($AC11/$AB11)/24 -> 10972 | E11: =($AC11/$AB11)/24 -> 10972 | F11: =($AC11/$AB11)/24 -> 10972 | G11: =($AC11/$AB11)/24 -> 10972 | H11: =($AC11/$AB11)/24 -> 10972 | I11: =($AC11/$AB11)/24 -> 10972 | J11: =($AC11/$AB11)/24 -> 10972 | ... Z11: =($AC11/$AB11)/24 -> 10972 | AA11: =SUM(C11:Z11) -> 263328 | AB11: =DAY(EOMONTH(B11,0)) -> 30 | AC11: 7899840
A12: =YEAR(B12) -> 2029 | B12: 47300 | C12: =($AC12/$AB12)/24 -> 9812 | D12: =($AC12/$AB12)/24 -> 9812 | E12: =($AC12/$AB12)/24 -> 9812 | F12: =($AC12/$AB12)/24 -> 9812 | G12: =($AC12/$AB12)/24 -> 9812 | H12: =($AC12/$AB12)/24 -> 9812 | I12: =($AC12/$AB12)/24 -> 9812 | J12: =($AC12/$AB12)/24 -> 9812 | ... Z12: =($AC12/$AB12)/24 -> 9812 | AA12: =SUM(C12:Z12) -> 235488 | AB12: =DAY(EOMONTH(B12,0)) -> 31 | AC12: 7300128
A13: =YEAR(B13) -> 2029 | B13: 47331 | C13: =($AC13/$AB13)/24 -> 9812 | D13: =($AC13/$AB13)/24 -> 9812 | E13: =($AC13/$AB13)/24 -> 9812 | F13: =($AC13/$AB13)/24 -> 9812 | G13: =($AC13/$AB13)/24 -> 9812 | H13: =($AC13/$AB13)/24 -> 9812 | I13: =($AC13/$AB13)/24 -> 9812 | J13: =($AC13/$AB13)/24 -> 9812 | ... Z13: =($AC13/$AB13)/24 -> 9812 | AA13: =SUM(C13:Z13) -> 235488 | AB13: =DAY(EOMONTH(B13,0)) -> 31 | AC13: 7300128
A14: =YEAR(B14) -> 2029 | B14: 47362 | C14: =($AC14/$AB14)/24 -> 10972 | D14: =($AC14/$AB14)/24 -> 10972 | E14: =($AC14/$AB14)/24 -> 10972 | F14: =($AC14/$AB14)/24 -> 10972 | G14: =($AC14/$AB14)/24 -> 10972 | H14: =($AC14/$AB14)/24 -> 10972 | I14: =($AC14/$AB14)/24 -> 10972 | J14: =($AC14/$AB14)/24 -> 10972 | ... Z14: =($AC14/$AB14)/24 -> 10972 | AA14: =SUM(C14:Z14) -> 263328 | AB14: =DAY(EOMONTH(B14,0)) -> 30 | AC14: 7899840
A15: =YEAR(B15) -> 2029 | B15: 47392 | C15: =($AC15/$AB15)/24 -> 9812 | D15: =($AC15/$AB15)/24 -> 9812 | E15: =($AC15/$AB15)/24 -> 9812 | F15: =($AC15/$AB15)/24 -> 9812 | G15: =($AC15/$AB15)/24 -> 9812 | H15: =($AC15/$AB15)/24 -> 9812 | I15: =($AC15/$AB15)/24 -> 9812 | J15: =($AC15/$AB15)/24 -> 9812 | ... Z15: =($AC15/$AB15)/24 -> 9812 | AA15: =SUM(C15:Z15) -> 235488 | AB15: =DAY(EOMONTH(B15,0)) -> 31 | AC15: 7300128
A16: =YEAR(B16) -> 2029 | B16: 47423 | C16: =($AC16/$AB16)/24 -> 10972 | D16: =($AC16/$AB16)/24 -> 10972 | E16: =($AC16/$AB16)/24 -> 10972 | F16: =($AC16/$AB16)/24 -> 10972 | G16: =($AC16/$AB16)/24 -> 10972 | H16: =($AC16/$AB16)/24 -> 10972 | I16: =($AC16/$AB16)/24 -> 10972 | J16: =($AC16/$AB16)/24 -> 10972 | ... Z16: =($AC16/$AB16)/24 -> 10972 | AA16: =SUM(C16:Z16) -> 263328 | AB16: =DAY(EOMONTH(B16,0)) -> 30 | AC16: 7899840
A17: =YEAR(B17) -> 2029 | B17: 47453 | C17: =($AC17/$AB17)/24 -> 9812 | D17: =($AC17/$AB17)/24 -> 9812 | E17: =($AC17/$AB17)/24 -> 9812 | F17: =($AC17/$AB17)/24 -> 9812 | G17: =($AC17/$AB17)/24 -> 9812 | H17: =($AC17/$AB17)/24 -> 9812 | I17: =($AC17/$AB17)/24 -> 9812 | J17: =($AC17/$AB17)/24 -> 9812 | ... Z17: =($AC17/$AB17)/24 -> 9812 | AA17: =SUM(C17:Z17) -> 235488 | AB17: =DAY(EOMONTH(B17,0)) -> 31 | AC17: 7300128
... A101: =YEAR(B101) -> 2036 | B101: 50010 | C101: =($AC101/$AB101)/24 -> 27823 | D101: =($AC101/$AB101)/24 -> 27823 | E101: =($AC101/$AB101)/24 -> 27823 | F101: =($AC101/$AB101)/24 -> 27823 | G101: =($AC101/$AB101)/24 -> 27823 | H101: =($AC101/$AB101)/24 -> 27823 | I101: =($AC101/$AB101)/24 -> 27823 | J101: =($AC101/$AB101)/24 -> 27823 | ... Z101: =($AC101/$AB101)/24 -> 27823 | AA101: =SUM(C101:Z101) -> 667752 | AB101: =DAY(EOMONTH(B101,0)) -> 31 | AC101: 20700312
C102: =SUM(C6:C101) -> 1695606 | D102: =SUM(D6:D101) -> 1695606 | E102: =SUM(E6:E101) -> 1695606 | F102: =SUM(F6:F101) -> 1695606 | G102: =SUM(G6:G101) -> 1695606 | H102: =SUM(H6:H101) -> 1695606 | I102: =SUM(I6:I101) -> 1695606 | J102: =SUM(J6:J101) -> 1695606 | ... AC102: =SUM(AC6:AC101) -> 1236900744

Sheet Curva de la oferta Prod 3
A1: =COLUMN() -> 1 | B1: =COLUMN() -> 2 | C1: =COLUMN() -> 3 | D1: =COLUMN() -> 4 | E1: =COLUMN() -> 5 | F1: =COLUMN() -> 6 | G1: =COLUMN() -> 7 | H1: =COLUMN() -> 8 | ... AC1: =COLUMN() -> 29
B3: CURVAS REQUERIDAS PRODUCTO 3 PERIODO 2026 A 2035 MODALIDAD PAGUE LO CONTRATADO - kWh
C5: 0 | D5: 0 | E5: 0 | F5: 0 | G5: 0 | H5: 0 | I5: 0 | J5: 0 | K5: 0.082251752 | L5: 0.090581344 | M5: 0.099397224 | N5: 0.10310271 | O5: 0.10414477 | P5: 0.1055245 | Q5: 0.10652898 | R5: 0.10595709 | S5: 0.10375343 | T5: 0.098758206 | U5: 0 | V5: 0 | W5: 0 | X5: 0 | Y5: 0 | Z5: 0
B6: Periodo | C6: H00 | D6: H01 | E6: H02 | F6: H03 | G6: H04 | H6: H05 | I6: H06 | J6: H07 | K6: H08 | L6: H09 | M6: H10 | N6: H11 | O6: H12 | P6: H13 | Q6: H14 | R6: H15 | S6: H16 | T6: H17 | U6: H18 | V6: H19 | W6: H20 | X6: H21 | Y6: H22 | Z6: H23 | AA6: TOTAL DÍA | AB6: Días/ | AC6: TOTAL MES | AD6: % Distribución oferta
AB7: mes
A8: =YEAR(B8) -> 2026 | B8: 46023 | C8: =IF(AND(COLUMN()>=11,COLUMN()<=20),(_xlfn.XLOOKUP($A8,#REF!,#REF!))/SUMIF($A$7:$AC$128,$A8,$AB$6:$AB$127)*C$5,0) -> 0 | D8: =IF(AND(COLUMN()>=11,COLUMN()<=20),(_xlfn.XLOOKUP($A8,#REF!,#REF!))/SUMIF($A$7:$AC$128,$A8,$AB$6:$AB$127)*D$5,0) -> 0 | E8: =IF(AND(COLUMN()>=11,COLUMN()<=20),(_xlfn.XLOOKUP($A8,#REF!,#REF!))/SUMIF($A$7:$AC$128,$A8,$AB$6:$AB$127)*E$5,0) -> 0 | F8: =IF(AND(COLUMN()>=11,COLUMN()<=20),(_xlfn.XLOOKUP($A8,#REF!,#REF!))/SUMIF($A$7:$AC$128,$A8,$AB$6:$AB$127)*F$5,0) -> 0 | G8: =IF(AND(COLUMN()>=11,COLUMN()<=20),(_xlfn.XLOOKUP($A8,#REF!,#REF!))/SUMIF($A$7:$AC$128,$A8,$AB$6:$AB$127)*G$5,0) -> 0 | H8: =IF(AND(COLUMN()>=11,COLUMN()<=20),(_xlfn.XLOOKUP($A8,#REF!,#REF!))/SUMIF($A$7:$AC$128,$A8,$AB$6:$AB$127)*H$5,0) -> 0 | I8: =IF(AND(COLUMN()>=11,COLUMN()<=20),(_xlfn.XLOOKUP($A8,#REF!,#REF!))/SUMIF($A$7:$AC$128,$A8,$AB$6:$AB$127)*I$5,0) -> 0 | J8: =IF(AND(COLUMN()>=11,COLUMN()<=20),(_xlfn.XLOOKUP($A8,#REF!,#REF!))/SUMIF($A$7:$AC$128,$A8,$AB$6:$AB$127)*J$5,0) -> 0 | ... Z8: =IF(AND(COLUMN()>=11,COLUMN()<=20),(_xlfn.XLOOKUP($A8,#REF!,#REF!))/SUMIF($A$7:$AC$128,$A8,$AB$6:$AB$127)*Z$5,0) -> 0 | AA8: =SUM(C8:Z8) -> #REF! | AB8: =DAY(EOMONTH(B8,0)) -> 31 | AC8: =AA8*AB8 -> #REF! | AD8: =#REF!/SUMIF(#REF!,'Curva de la oferta Prod 3'!$A8,#REF!) -> #REF!
A9: =YEAR(B9) -> 2026 | B9: 46054 | C9: =IF(AND(COLUMN()>=11,COLUMN()<=20),(_xlfn.XLOOKUP($A9,#REF!,#REF!))/SUMIF($A$7:$AC$128,$A9,$AB$6:$AB$127)*C$5,0) -> 0 | D9: =IF(AND(COLUMN()>=11,COLUMN()<=20),(_xlfn.XLOOKUP($A9,#REF!,#REF!))/SUMIF($A$7:$AC$128,$A9,$AB$6:$AB$127)*D$5,0) -> 0 | E9: =IF(AND(COLUMN()>=11,COLUMN()<=20),(_xlfn.XLOOKUP($A9,#REF!,#REF!))/SUMIF($A$7:$AC$128,$A9,$AB$6:$AB$127)*E$5,0) -> 0 | F9: =IF(AND(COLUMN()>=11,COLUMN()<=20),(_xlfn.XLOOKUP($A9,#REF!,#REF!))/SUMIF($A$7:$AC$128,$A9,$AB$6:$AB$127)*F$5,0) -> 0 | G9: =IF(AND(COLUMN()>=11,COLUMN()<=20),(_xlfn.XLOOKUP($A9,#REF!,#REF!))/SUMIF($A$7:$AC$128,$A9,$AB$6:$AB$127)*G$5,0) -> 0 | H9: =IF(AND(COLUMN()>=11,COLUMN()<=20),(_xlfn.XLOOKUP($A9,#REF!,#REF!))/SUMIF($A$7:$AC$128,$A9,$AB$6:$AB$127)*H$5,0) -> 0 | I9: =IF(AND(COLUMN()>=11,COLUMN()<=20),(_xlfn.XLOOKUP($A9,#REF!,#REF!))/SUMIF($A$7:$AC$128,$A9,$AB$6:$AB$127)*I$5,0) -> 0 | J9: =IF(AND(COLUMN()>=11,COLUMN()<=20),(_xlfn.XLOOKUP($A9,#REF!,#REF!))/SUMIF($A$7:$AC$128,$A9,$AB$6:$AB$127)*J$5,0) -> 0 | ... Z9: =IF(AND(COLUMN()>=11,COLUMN()<=20),(_xlfn.XLOOKUP($A9,#REF!,#REF!))/SUMIF($A$7:$AC$128,$A9,$AB$6:$AB$127)*Z$5,0) -> 0 | AA9: =SUM(C9:Z9) -> #REF! | AB9: =DAY(EOMONTH(B9,0)) -> 28 | AC9: =AA9*AB9 -> #REF! | AD9: =#REF!/SUMIF(#REF!,'Curva de la oferta Prod 3'!$A9,#REF!) -> #REF!
A10: =YEAR(B10) -> 2026 | B10: 46082 | C10: =IF(AND(COLUMN()>=11,COLUMN()<=20),(_xlfn.XLOOKUP($A10,#REF!,#REF!))/SUMIF($A$7:$AC$128,$A10,$AB$6:$AB$127)*C$5,0) -> 0 | D10: =IF(AND(COLUMN()>=11,COLUMN()<=20),(_xlfn.XLOOKUP($A10,#REF!,#REF!))/SUMIF($A$7:$AC$128,$A10,$AB$6:$AB$127)*D$5,0) -> 0 | E10: =IF(AND(COLUMN()>=11,COLUMN()<=20),(_xlfn.XLOOKUP($A10,#REF!,#REF!))/SUMIF($A$7:$AC$128,$A10,$AB$6:$AB$127)*E$5,0) -> 0 | F10: =IF(AND(COLUMN()>=11,COLUMN()<=20),(_xlfn.XLOOKUP($A10,#REF!,#REF!))/SUMIF($A$7:$AC$128,$A10,$AB$6:$AB$127)*F$5,0) -> 0 | G10: =IF(AND(COLUMN()>=11,COLUMN()<=20),(_xlfn.XLOOKUP($A10,#REF!,#REF!))/SUMIF($A$7:$AC$128,$A10,$AB$6:$AB$127)*G$5,0) -> 0 | H10: =IF(AND(COLUMN()>=11,COLUMN()<=20),(_xlfn.XLOOKUP($A10,#REF!,#REF!))/SUMIF($A$7:$AC$128,$A10,$AB$6:$AB$127)*H$5,0) -> 0 | I10: =IF(AND(COLUMN()>=11,COLUMN()<=20),(_xlfn.XLOOKUP($A10,#REF!,#REF!))/SUMIF($A$7:$AC$128,$A10,$AB$6:$AB$127)*I$5,0) -> 0 | J10: =IF(AND(COLUMN()>=11,COLUMN()<=20),(_xlfn.XLOOKUP($A10,#REF!,#REF!))/SUMIF($A$7:$AC$128,$A10,$AB$6:$AB$127)*J$5,0) -> 0 | ... Z10: =IF(AND(COLUMN()>=11,COLUMN()<=20),(_xlfn.XLOOKUP($A10,#REF!,#REF!))/SUMIF($A$7:$AC$128,$A10,$AB$6:$AB$127)*Z$5,0) -> 0 | AA10: =SUM(C10:Z10) -> #REF! | AB10: =DAY(EOMONTH(B10,0)) -> 31 | AC10: =AA10*AB10 -> #REF! | AD10: =#REF!/SUMIF(#REF!,'Curva de la oferta Prod 3'!$A10,#REF!) -> #REF!
A11: =YEAR(B11) -> 2026 | B11: 46113 | C11: =IF(AND(COLUMN()>=11,COLUMN()<=20),(_xlfn.XLOOKUP($A11,#REF!,#REF!))/SUMIF($A$7:$AC$128,$A11,$AB$6:$AB$127)*C$5,0) -> 0 | D11: =IF(AND(COLUMN()>=11,COLUMN()<=20),(_xlfn.XLOOKUP($A11,#REF!,#REF!))/SUMIF($A$7:$AC$128,$A11,$AB$6:$AB$127)*D$5,0) -> 0 | E11: =IF(AND(COLUMN()>=11,COLUMN()<=20),(_xlfn.XLOOKUP($A11,#REF!,#REF!))/SUMIF($A$7:$AC$128,$A11,$AB$6:$AB$127)*E$5,0) -> 0 | F11: =IF(AND(COLUMN()>=11,COLUMN()<=20),(_xlfn.XLOOKUP($A11,#REF!,#REF!))/SUMIF($A$7:$AC$128,$A11,$AB$6:$AB$127)*F$5,0) -> 0 | G11: =IF(AND(COLUMN()>=11,COLUMN()<=20),(_xlfn.XLOOKUP($A11,#REF!,#REF!))/SUMIF($A$7:$AC$128,$A11,$AB$6:$AB$127)*G$5,0) -> 0 | H11: =IF(AND(COLUMN()>=11,COLUMN()<=20),(_xlfn.XLOOKUP($A11,#REF!,#REF!))/SUMIF($A$7:$AC$128,$A11,$AB$6:$AB$127)*H$5,0) -> 0 | I11: =IF(AND(COLUMN()>=11,COLUMN()<=20),(_xlfn.XLOOKUP($A11,#REF!,#REF!))/SUMIF($A$7:$AC$128,$A11,$AB$6:$AB$127)*I$5,0) -> 0 | J11: =IF(AND(COLUMN()>=11,COLUMN()<=20),(_xlfn.XLOOKUP($A11,#REF!,#REF!))/SUMIF($A$7:$AC$128,$A11,$AB$6:$AB$127)*J$5,0) -> 0 | ... Z11: =IF(AND(COLUMN()>=11,COLUMN()<=20),(_xlfn.XLOOKUP($A11,#REF!,#REF!))/SUMIF($A$7:$AC$128,$A11,$AB$6:$AB$127)*Z$5,0) -> 0 | AA11: =SUM(C11:Z11) -> #REF! | AB11: =DAY(EOMONTH(B11,0)) -> 30 | AC11: =AA11*AB11 -> #REF! | AD11: =#REF!/SUMIF(#REF!,'Curva de la oferta Prod 3'!$A11,#REF!) -> #REF!
A12: =YEAR(B12) -> 2026 | B12: 46143 | C12: =IF(AND(COLUMN()>=11,COLUMN()<=20),(_xlfn.XLOOKUP($A12,#REF!,#REF!))/SUMIF($A$7:$AC$128,$A12,$AB$6:$AB$127)*C$5,0) -> 0 | D12: =IF(AND(COLUMN()>=11,COLUMN()<=20),(_xlfn.XLOOKUP($A12,#REF!,#REF!))/SUMIF($A$7:$AC$128,$A12,$AB$6:$AB$127)*D$5,0) -> 0 | E12: =IF(AND(COLUMN()>=11,COLUMN()<=20),(_xlfn.XLOOKUP($A12,#REF!,#REF!))/SUMIF($A$7:$AC$128,$A12,$AB$6:$AB$127)*E$5,0) -> 0 | F12: =IF(AND(COLUMN()>=11,COLUMN()<=20),(_xlfn.XLOOKUP($A12,#REF!,#REF!))/SUMIF($A$7:$AC$128,$A12,$AB$6:$AB$127)*F$5,0) -> 0 | G12: =IF(AND(COLUMN()>=11,COLUMN()<=20),(_xlfn.XLOOKUP($A12,#REF!,#REF!))/SUMIF($A$7:$AC$128,$A12,$AB$6:$AB$127)*G$5,0) -> 0 | H12: =IF(AND(COLUMN()>=11,COLUMN()<=20),(_xlfn.XLOOKUP($A12,#REF!,#REF!))/SUMIF($A$7:$AC$128,$A12,$AB$6:$AB$127)*H$5,0) -> 0 | I12: =IF(AND(COLUMN()>=11,COLUMN()<=20),(_xlfn.XLOOKUP($A12,#REF!,#REF!))/SUMIF($A$7:$AC$128,$A12,$AB$6:$AB$127)*I$5,0) -> 0 | J12: =IF(AND(COLUMN()>=11,COLUMN()<=20),(_xlfn.XLOOKUP($A12,#REF!,#REF!))/SUMIF($A$7:$AC$128,$A12,$AB$6:$AB$127)*J$5,0) -> 0 | ... Z12: =IF(AND(COLUMN()>=11,COLUMN()<=20),(_xlfn.XLOOKUP($A12,#REF!,#REF!))/SUMIF($A$7:$AC$128,$A12,$AB$6:$AB$127)*Z$5,0) -> 0 | AA12: =SUM(C12:Z12) -> #REF! | AB12: =DAY(EOMONTH(B12,0)) -> 31 | AC12: =AA12*AB12 -> #REF! | AD12: =#REF!/SUMIF(#REF!,'Curva de la oferta Prod 3'!$A12,#REF!) -> #REF!
A13: =YEAR(B13) -> 2026 | B13: 46174 | C13: =IF(AND(COLUMN()>=11,COLUMN()<=20),(_xlfn.XLOOKUP($A13,#REF!,#REF!))/SUMIF($A$7:$AC$128,$A13,$AB$6:$AB$127)*C$5,0) -> 0 | D13: =IF(AND(COLUMN()>=11,COLUMN()<=20),(_xlfn.XLOOKUP($A13,#REF!,#REF!))/SUMIF($A$7:$AC$128,$A13,$AB$6:$AB$127)*D$5,0) -> 0 | E13: =IF(AND(COLUMN()>=11,COLUMN()<=20),(_xlfn.XLOOKUP($A13,#REF!,#REF!))/SUMIF($A$7:$AC$128,$A13,$AB$6:$AB$127)*E$5,0) -> 0 | F13: =IF(AND(COLUMN()>=11,COLUMN()<=20),(_xlfn.XLOOKUP($A13,#REF!,#REF!))/SUMIF($A$7:$AC$128,$A13,$AB$6:$AB$127)*F$5,0) -> 0 | G13: =IF(AND(COLUMN()>=11,COLUMN()<=20),(_xlfn.XLOOKUP($A13,#REF!,#REF!))/SUMIF($A$7:$AC$128,$A13,$AB$6:$AB$127)*G$5,0) -> 0 | H13: =IF(AND(COLUMN()>=11,COLUMN()<=20),(_xlfn.XLOOKUP($A13,#REF!,#REF!))/SUMIF($A$7:$AC$128,$A13,$AB$6:$AB$127)*H$5,0) -> 0 | I13: =IF(AND(COLUMN()>=11,COLUMN()<=20),(_xlfn.XLOOKUP($A13,#REF!,#REF!))/SUMIF($A$7:$AC$128,$A13,$AB$6:$AB$127)*I$5,0) -> 0 | J13: =IF(AND(COLUMN()>=11,COLUMN()<=20),(_xlfn.XLOOKUP($A13,#REF!,#REF!))/SUMIF($A$7:$AC$128,$A13,$AB$6:$AB$127)*J$5,0) -> 0 | ... Z13: =IF(AND(COLUMN()>=11,COLUMN()<=20),(_xlfn.XLOOKUP($A13,#REF!,#REF!))/SUMIF($A$7:$AC$128,$A13,$AB$6:$AB$127)*Z$5,0) -> 0 | AA13: =SUM(C13:Z13) -> #REF! | AB13: =DAY(EOMONTH(B13,0)) -> 30 | AC13: =AA13*AB13 -> #REF! | AD13: =#REF!/SUMIF(#REF!,'Curva de la oferta Prod 3'!$A13,#REF!) -> #REF!
A14: =YEAR(B14) -> 2026 | B14: 46204 | C14: =IF(AND(COLUMN()>=11,COLUMN()<=20),(_xlfn.XLOOKUP($A14,#REF!,#REF!))/SUMIF($A$7:$AC$128,$A14,$AB$6:$AB$127)*C$5,0) -> 0 | D14: =IF(AND(COLUMN()>=11,COLUMN()<=20),(_xlfn.XLOOKUP($A14,#REF!,#REF!))/SUMIF($A$7:$AC$128,$A14,$AB$6:$AB$127)*D$5,0) -> 0 | E14: =IF(AND(COLUMN()>=11,COLUMN()<=20),(_xlfn.XLOOKUP($A14,#REF!,#REF!))/SUMIF($A$7:$AC$128,$A14,$AB$6:$AB$127)*E$5,0) -> 0 | F14: =IF(AND(COLUMN()>=11,COLUMN()<=20),(_xlfn.XLOOKUP($A14,#REF!,#REF!))/SUMIF($A$7:$AC$128,$A14,$AB$6:$AB$127)*F$5,0) -> 0 | G14: =IF(AND(COLUMN()>=11,COLUMN()<=20),(_xlfn.XLOOKUP($A14,#REF!,#REF!))/SUMIF($A$7:$AC$128,$A14,$AB$6:$AB$127)*G$5,0) -> 0 | H14: =IF(AND(COLUMN()>=11,COLUMN()<=20),(_xlfn.XLOOKUP($A14,#REF!,#REF!))/SUMIF($A$7:$AC$128,$A14,$AB$6:$AB$127)*H$5,0) -> 0 | I14: =IF(AND(COLUMN()>=11,COLUMN()<=20),(_xlfn.XLOOKUP($A14,#REF!,#REF!))/SUMIF($A$7:$AC$128,$A14,$AB$6:$AB$127)*I$5,0) -> 0 | J14: =IF(AND(COLUMN()>=11,COLUMN()<=20),(_xlfn.XLOOKUP($A14,#REF!,#REF!))/SUMIF($A$7:$AC$128,$A14,$AB$6:$AB$127)*J$5,0) -> 0 | ... Z14: =IF(AND(COLUMN()>=11,COLUMN()<=20),(_xlfn.XLOOKUP($A14,#REF!,#REF!))/SUMIF($A$7:$AC$128,$A14,$AB$6:$AB$127)*Z$5,0) -> 0 | AA14: =SUM(C14:Z14) -> #REF! | AB14: =DAY(EOMONTH(B14,0)) -> 31 | AC14: =AA14*AB14 -> #REF! | AD14: =#REF!/SUMIF(#REF!,'Curva de la oferta Prod 3'!$A14,#REF!) -> #REF!
A15: =YEAR(B15) -> 2026 | B15: 46235 | C15: =IF(AND(COLUMN()>=11,COLUMN()<=20),(_xlfn.XLOOKUP($A15,#REF!,#REF!))/SUMIF($A$7:$AC$128,$A15,$AB$6:$AB$127)*C$5,0) -> 0 | D15: =IF(AND(COLUMN()>=11,COLUMN()<=20),(_xlfn.XLOOKUP($A15,#REF!,#REF!))/SUMIF($A$7:$AC$128,$A15,$AB$6:$AB$127)*D$5,0) -> 0 | E15: =IF(AND(COLUMN()>=11,COLUMN()<=20),(_xlfn.XLOOKUP($A15,#REF!,#REF!))/SUMIF($A$7:$AC$128,$A15,$AB$6:$AB$127)*E$5,0) -> 0 | F15: =IF(AND(COLUMN()>=11,COLUMN()<=20),(_xlfn.XLOOKUP($A15,#REF!,#REF!))/SUMIF($A$7:$AC$128,$A15,$AB$6:$AB$127)*F$5,0) -> 0 | G15: =IF(AND(COLUMN()>=11,COLUMN()<=20),(_xlfn.XLOOKUP($A15,#REF!,#REF!))/SUMIF($A$7:$AC$128,$A15,$AB$6:$AB$127)*G$5,0) -> 0 | H15: =IF(AND(COLUMN()>=11,COLUMN()<=20),(_xlfn.XLOOKUP($A15,#REF!,#REF!))/SUMIF($A$7:$AC$128,$A15,$AB$6:$AB$127)*H$5,0) -> 0 | I15: =IF(AND(COLUMN()>=11,COLUMN()<=20),(_xlfn.XLOOKUP($A15,#REF!,#REF!))/SUMIF($A$7:$AC$128,$A15,$AB$6:$AB$127)*I$5,0) -> 0 | J15: =IF(AND(COLUMN()>=11,COLUMN()<=20),(_xlfn.XLOOKUP($A15,#REF!,#REF!))/SUMIF($A$7:$AC$128,$A15,$AB$6:$AB$127)*J$5,0) -> 0 | ... Z15: =IF(AND(COLUMN()>=11,COLUMN()<=20),(_xlfn.XLOOKUP($A15,#REF!,#REF!))/SUMIF($A$7:$AC$128,$A15,$AB$6:$AB$127)*Z$5,0) -> 0 | AA15: =SUM(C15:Z15) -> #REF! | AB15: =DAY(EOMONTH(B15,0)) -> 31 | AC15: =AA15*AB15 -> #REF! | AD15: =#REF!/SUMIF(#REF!,'Curva de la oferta Prod 3'!$A15,#REF!) -> #REF!
A16: =YEAR(B16) -> 2026 | B16: 46266 | C16: =IF(AND(COLUMN()>=11,COLUMN()<=20),(_xlfn.XLOOKUP($A16,#REF!,#REF!))/SUMIF($A$7:$AC$128,$A16,$AB$6:$AB$127)*C$5,0) -> 0 | D16: =IF(AND(COLUMN()>=11,COLUMN()<=20),(_xlfn.XLOOKUP($A16,#REF!,#REF!))/SUMIF($A$7:$AC$128,$A16,$AB$6:$AB$127)*D$5,0) -> 0 | E16: =IF(AND(COLUMN()>=11,COLUMN()<=20),(_xlfn.XLOOKUP($A16,#REF!,#REF!))/SUMIF($A$7:$AC$128,$A16,$AB$6:$AB$127)*E$5,0) -> 0 | F16: =IF(AND(COLUMN()>=11,COLUMN()<=20),(_xlfn.XLOOKUP($A16,#REF!,#REF!))/SUMIF($A$7:$AC$128,$A16,$AB$6:$AB$127)*F$5,0) -> 0 | G16: =IF(AND(COLUMN()>=11,COLUMN()<=20),(_xlfn.XLOOKUP($A16,#REF!,#REF!))/SUMIF($A$7:$AC$128,$A16,$AB$6:$AB$127)*G$5,0) -> 0 | H16: =IF(AND(COLUMN()>=11,COLUMN()<=20),(_xlfn.XLOOKUP($A16,#REF!,#REF!))/SUMIF($A$7:$AC$128,$A16,$AB$6:$AB$127)*H$5,0) -> 0 | I16: =IF(AND(COLUMN()>=11,COLUMN()<=20),(_xlfn.XLOOKUP($A16,#REF!,#REF!))/SUMIF($A$7:$AC$128,$A16,$AB$6:$AB$127)*I$5,0) -> 0 | J16: =IF(AND(COLUMN()>=11,COLUMN()<=20),(_xlfn.XLOOKUP($A16,#REF!,#REF!))/SUMIF($A$7:$AC$128,$A16,$AB$6:$AB$127)*J$5,0) -> 0 | ... Z16: =IF(AND(COLUMN()>=11,COLUMN()<=20),(_xlfn.XLOOKUP($A16,#REF!,#REF!))/SUMIF($A$7:$AC$128,$A16,$AB$6:$AB$127)*Z$5,0) -> 0 | AA16: =SUM(C16:Z16) -> #REF! | AB16: =DAY(EOMONTH(B16,0)) -> 30 | AC16: =AA16*AB16 -> #REF! | AD16: =#REF!/SUMIF(#REF!,'Curva de la oferta Prod 3'!$A16,#REF!) -> #REF!
A17: =YEAR(B17) -> 2026 | B17: 46296 | C17: =IF(AND(COLUMN()>=11,COLUMN()<=20),(_xlfn.XLOOKUP($A17,#REF!,#REF!))/SUMIF($A$7:$AC$128,$A17,$AB$6:$AB$127)*C$5,0) -> 0 | D17: =IF(AND(COLUMN()>=11,COLUMN()<=20),(_xlfn.XLOOKUP($A17,#REF!,#REF!))/SUMIF($A$7:$AC$128,$A17,$AB$6:$AB$127)*D$5,0) -> 0 | E17: =IF(AND(COLUMN()>=11,COLUMN()<=20),(_xlfn.XLOOKUP($A17,#REF!,#REF!))/SUMIF($A$7:$AC$128,$A17,$AB$6:$AB$127)*E$5,0) -> 0 | F17: =IF(AND(COLUMN()>=11,COLUMN()<=20),(_xlfn.XLOOKUP($A17,#REF!,#REF!))/SUMIF($A$7:$AC$128,$A17,$AB$6:$AB$127)*F$5,0) -> 0 | G17: =IF(AND(COLUMN()>=11,COLUMN()<=20),(_xlfn.XLOOKUP($A17,#REF!,#REF!))/SUMIF($A$7:$AC$128,$A17,$AB$6:$AB$127)*G$5,0) -> 0 | H17: =IF(AND(COLUMN()>=11,COLUMN()<=20),(_xlfn.XLOOKUP($A17,#REF!,#REF!))/SUMIF($A$7:$AC$128,$A17,$AB$6:$AB$127)*H$5,0) -> 0 | I17: =IF(AND(COLUMN()>=11,COLUMN()<=20),(_xlfn.XLOOKUP($A17,#REF!,#REF!))/SUMIF($A$7:$AC$128,$A17,$AB$6:$AB$127)*I$5,0) -> 0 | J17: =IF(AND(COLUMN()>=11,COLUMN()<=20),(_xlfn.XLOOKUP($A17,#REF!,#REF!))/SUMIF($A$7:$AC$128,$A17,$AB$6:$AB$127)*J$5,0) -> 0 | ... Z17: =IF(AND(COLUMN()>=11,COLUMN()<=20),(_xlfn.XLOOKUP($A17,#REF!,#REF!))/SUMIF($A$7:$AC$128,$A17,$AB$6:$AB$127)*Z$5,0) -> 0 | AA17: =SUM(C17:Z17) -> #REF! | AB17: =DAY(EOMONTH(B17,0)) -> 31 | AC17: =AA17*AB17 -> #REF! | AD17: =#REF!/SUMIF(#REF!,'Curva de la oferta Prod 3'!$A17,#REF!) -> #REF!
A18: =YEAR(B18) -> 2026 | B18: 46327 | C18: =IF(AND(COLUMN()>=11,COLUMN()<=20),(_xlfn.XLOOKUP($A18,#REF!,#REF!))/SUMIF($A$7:$AC$128,$A18,$AB$6:$AB$127)*C$5,0) -> 0 | D18: =IF(AND(COLUMN()>=11,COLUMN()<=20),(_xlfn.XLOOKUP($A18,#REF!,#REF!))/SUMIF($A$7:$AC$128,$A18,$AB$6:$AB$127)*D$5,0) -> 0 | E18: =IF(AND(COLUMN()>=11,COLUMN()<=20),(_xlfn.XLOOKUP($A18,#REF!,#REF!))/SUMIF($A$7:$AC$128,$A18,$AB$6:$AB$127)*E$5,0) -> 0 | F18: =IF(AND(COLUMN()>=11,COLUMN()<=20),(_xlfn.XLOOKUP($A18,#REF!,#REF!))/SUMIF($A$7:$AC$128,$A18,$AB$6:$AB$127)*F$5,0) -> 0 | G18: =IF(AND(COLUMN()>=11,COLUMN()<=20),(_xlfn.XLOOKUP($A18,#REF!,#REF!))/SUMIF($A$7:$AC$128,$A18,$AB$6:$AB$127)*G$5,0) -> 0 | H18: =IF(AND(COLUMN()>=11,COLUMN()<=20),(_xlfn.XLOOKUP($A18,#REF!,#REF!))/SUMIF($A$7:$AC$128,$A18,$AB$6:$AB$127)*H$5,0) -> 0 | I18: =IF(AND(COLUMN()>=11,COLUMN()<=20),(_xlfn.XLOOKUP($A18,#REF!,#REF!))/SUMIF($A$7:$AC$128,$A18,$AB$6:$AB$127)*I$5,0) -> 0 | J18: =IF(AND(COLUMN()>=11,COLUMN()<=20),(_xlfn.XLOOKUP($A18,#REF!,#REF!))/SUMIF($A$7:$AC$128,$A18,$AB$6:$AB$127)*J$5,0) -> 0 | ... Z18: =IF(AND(COLUMN()>=11,COLUMN()<=20),(_xlfn.XLOOKUP($A18,#REF!,#REF!))/SUMIF($A$7:$AC$128,$A18,$AB$6:$AB$127)*Z$5,0) -> 0 | AA18: =SUM(C18:Z18) -> #REF! | AB18: =DAY(EOMONTH(B18,0)) -> 30 | AC18: =AA18*AB18 -> #REF! | AD18: =#REF!/SUMIF(#REF!,'Curva de la oferta Prod 3'!$A18,#REF!) -> #REF!
A19: =YEAR(B19) -> 2026 | B19: 46357 | C19: =IF(AND(COLUMN()>=11,COLUMN()<=20),(_xlfn.XLOOKUP($A19,#REF!,#REF!))/SUMIF($A$7:$AC$128,$A19,$AB$6:$AB$127)*C$5,0) -> 0 | D19: =IF(AND(COLUMN()>=11,COLUMN()<=20),(_xlfn.XLOOKUP($A19,#REF!,#REF!))/SUMIF($A$7:$AC$128,$A19,$AB$6:$AB$127)*D$5,0) -> 0 | E19: =IF(AND(COLUMN()>=11,COLUMN()<=20),(_xlfn.XLOOKUP($A19,#REF!,#REF!))/SUMIF($A$7:$AC$128,$A19,$AB$6:$AB$127)*E$5,0) -> 0 | F19: =IF(AND(COLUMN()>=11,COLUMN()<=20),(_xlfn.XLOOKUP($A19,#REF!,#REF!))/SUMIF($A$7:$AC$128,$A19,$AB$6:$AB$127)*F$5,0) -> 0 | G19: =IF(AND(COLUMN()>=11,COLUMN()<=20),(_xlfn.XLOOKUP($A19,#REF!,#REF!))/SUMIF($A$7:$AC$128,$A19,$AB$6:$AB$127)*G$5,0) -> 0 | H19: =IF(AND(COLUMN()>=11,COLUMN()<=20),(_xlfn.XLOOKUP($A19,#REF!,#REF!))/SUMIF($A$7:$AC$128,$A19,$AB$6:$AB$127)*H$5,0) -> 0 | I19: =IF(AND(COLUMN()>=11,COLUMN()<=20),(_xlfn.XLOOKUP($A19,#REF!,#REF!))/SUMIF($A$7:$AC$128,$A19,$AB$6:$AB$127)*I$5,0) -> 0 | J19: =IF(AND(COLUMN()>=11,COLUMN()<=20),(_xlfn.XLOOKUP($A19,#REF!,#REF!))/SUMIF($A$7:$AC$128,$A19,$AB$6:$AB$127)*J$5,0) -> 0 | ... Z19: =IF(AND(COLUMN()>=11,COLUMN()<=20),(_xlfn.XLOOKUP($A19,#REF!,#REF!))/SUMIF($A$7:$AC$128,$A19,$AB$6:$AB$127)*Z$5,0) -> 0 | AA19: =SUM(C19:Z19) -> #REF! | AB19: =DAY(EOMONTH(B19,0)) -> 31 | AC19: =AA19*AB19 -> #REF! | AD19: =#REF!/SUMIF(#REF!,'Curva de la oferta Prod 3'!$A19,#REF!) -> #REF!
... A127: =YEAR(B127) -> 2035 | B127: 49644 | C127: =IF(AND(COLUMN()>=11,COLUMN()<=20),(_xlfn.XLOOKUP($A127,#REF!,#REF!))/SUMIF($A$7:$AC$128,$A127,$AB$6:$AB$127)*C$5,0) -> 0 | D127: =IF(AND(COLUMN()>=11,COLUMN()<=20),(_xlfn.XLOOKUP($A127,#REF!,#REF!))/SUMIF($A$7:$AC$128,$A127,$AB$6:$AB$127)*D$5,0) -> 0 | E127: =IF(AND(COLUMN()>=11,COLUMN()<=20),(_xlfn.XLOOKUP($A127,#REF!,#REF!))/SUMIF($A$7:$AC$128,$A127,$AB$6:$AB$127)*E$5,0) -> 0 | F127: =IF(AND(COLUMN()>=11,COLUMN()<=20),(_xlfn.XLOOKUP($A127,#REF!,#REF!))/SUMIF($A$7:$AC$128,$A127,$AB$6:$AB$127)*F$5,0) -> 0 | G127: =IF(AND(COLUMN()>=11,COLUMN()<=20),(_xlfn.XLOOKUP($A127,#REF!,#REF!))/SUMIF($A$7:$AC$128,$A127,$AB$6:$AB$127)*G$5,0) -> 0 | H127: =IF(AND(COLUMN()>=11,COLUMN()<=20),(_xlfn.XLOOKUP($A127,#REF!,#REF!))/SUMIF($A$7:$AC$128,$A127,$AB$6:$AB$127)*H$5,0) -> 0 | I127: =IF(AND(COLUMN()>=11,COLUMN()<=20),(_xlfn.XLOOKUP($A127,#REF!,#REF!))/SUMIF($A$7:$AC$128,$A127,$AB$6:$AB$127)*I$5,0) -> 0 | J127: =IF(AND(COLUMN()>=11,COLUMN()<=20),(_xlfn.XLOOKUP($A127,#REF!,#REF!))/SUMIF($A$7:$AC$128,$A127,$AB$6:$AB$127)*J$5,0) -> 0 | ... Z127: =IF(AND(COLUMN()>=11,COLUMN()<=20),(_xlfn.XLOOKUP($A127,#REF!,#REF!))/SUMIF($A$7:$AC$128,$A127,$AB$6:$AB$127)*Z$5,0) -> 0 | AA127: =SUM(C127:Z127) -> #REF! | AB127: =DAY(EOMONTH(B127,0)) -> 31 | AC127: =AA127*AB127 -> #REF! | AD127: =#REF!/SUMIF(#REF!,'Curva de la oferta Prod 3'!$A127,#REF!) -> #REF!
B128: TOTAL PERIODO | C128: =+SUM(C8:C127) -> 0 | D128: =+SUM(D8:D127) -> 0 | E128: =+SUM(E8:E127) -> 0 | F128: =+SUM(F8:F127) -> 0 | G128: =+SUM(G8:G127) -> 0 | H128: =+SUM(H8:H127) -> 0 | I128: =+SUM(I8:I127) -> 0 | J128: =+SUM(J8:J127) -> 0 | ... AC128: =+SUM(AC8:AC127) -> #REF!
