Workbook

Sheet PRODUCTO 01
C1: CP-GNCC2026-002
C2: CP-GNCC2026-002-PROD01
C3: CANTIDAD EN: | D3: KWh
C4: MODALIDAD: | D4: PAGUE LO CONTRATADO
C5: OFERENTE:
C9: MES DE SUMINISTRO | D9: ENERGÍA SOLICITADA (KWh) | E9: % ENERGÍA OFRECIDA | F9: ENERGÍA OFRECIDA (KWh) | G9: PRECIO OFERTADO ($/KWh)
C10: 46388 | D10: =+_xlfn.XLOOKUP(_xlfn.CONCAT(C10,"TOTAL"),'Cantidades horarias PROD 01'!D:D,'Cantidades horarias PROD 01'!AG:AG) -> 15171217 | E10: 1 | F10: =ROUND(D10*$E10,2) -> 15171217
C11: 46419 | D11: =+_xlfn.XLOOKUP(_xlfn.CONCAT(C11,"TOTAL"),'Cantidades horarias PROD 01'!D:D,'Cantidades horarias PROD 01'!AG:AG) -> 12711745 | E11: 1 | F11: =ROUND(D11*$E11,2) -> 12711745
C12: 46447 | D12: =+_xlfn.XLOOKUP(_xlfn.CONCAT(C12,"TOTAL"),'Cantidades horarias PROD 01'!D:D,'Cantidades horarias PROD 01'!AG:AG) -> 14682660 | E12: 1 | F12: =ROUND(D12*$E12,2) -> 14682660
C13: 46478 | D13: =+_xlfn.XLOOKUP(_xlfn.CONCAT(C13,"TOTAL"),'Cantidades horarias PROD 01'!D:D,'Cantidades horarias PROD 01'!AG:AG) -> 14589509 | E13: 1 | F13: =ROUND(D13*$E13,2) -> 14589509
C14: 46508 | D14: =+_xlfn.XLOOKUP(_xlfn.CONCAT(C14,"TOTAL"),'Cantidades horarias PROD 01'!D:D,'Cantidades horarias PROD 01'!AG:AG) -> 15388919 | E14: 1 | F14: =ROUND(D14*$E14,2) -> 15388919
C15: 46539 | D15: =+_xlfn.XLOOKUP(_xlfn.CONCAT(C15,"TOTAL"),'Cantidades horarias PROD 01'!D:D,'Cantidades horarias PROD 01'!AG:AG) -> 17759558 | E15: 1 | F15: =ROUND(D15*$E15,2) -> 17759558
C16: 46569 | D16: =+_xlfn.XLOOKUP(_xlfn.CONCAT(C16,"TOTAL"),'Cantidades horarias PROD 01'!D:D,'Cantidades horarias PROD 01'!AG:AG) -> 18217389 | E16: 1 | F16: =ROUND(D16*$E16,2) -> 18217389
C17: 46600 | D17: =+_xlfn.XLOOKUP(_xlfn.CONCAT(C17,"TOTAL"),'Cantidades horarias PROD 01'!D:D,'Cantidades horarias PROD 01'!AG:AG) -> 18148729 | E17: 1 | F17: =ROUND(D17*$E17,2) -> 18148729
C18: 46631 | D18: =+_xlfn.XLOOKUP(_xlfn.CONCAT(C18,"TOTAL"),'Cantidades horarias PROD 01'!D:D,'Cantidades horarias PROD 01'!AG:AG) -> 17907128 | E18: 1 | F18: =ROUND(D18*$E18,2) -> 17907128
C19: 46661 | D19: =+_xlfn.XLOOKUP(_xlfn.CONCAT(C19,"TOTAL"),'Cantidades horarias PROD 01'!D:D,'Cantidades horarias PROD 01'!AG:AG) -> 19277289 | E19: 1 | F19: =ROUND(D19*$E19,2) -> 19277289
C20: 46692 | D20: =+_xlfn.XLOOKUP(_xlfn.CONCAT(C20,"TOTAL"),'Cantidades horarias PROD 01'!D:D,'Cantidades horarias PROD 01'!AG:AG) -> 17098386 | E20: 1 | F20: =ROUND(D20*$E20,2) -> 17098386
C21: 46722 | D21: =+_xlfn.XLOOKUP(_xlfn.CONCAT(C21,"TOTAL"),'Cantidades horarias PROD 01'!D:D,'Cantidades horarias PROD 01'!AG:AG) -> 18753075 | E21: 1 | F21: =ROUND(D21*$E21,2) -> 18753075
... C57: 47818 | D57: =+_xlfn.XLOOKUP(_xlfn.CONCAT(C57,"TOTAL"),'Cantidades horarias PROD 01'!D:D,'Cantidades horarias PROD 01'!AG:AG) -> 61879258 | E57: 1 | F57: =ROUND(D57*$E57,2) -> 61879258
C58: TOTAL | D58: =SUM(D10:D57) -> 1.968427e+09 | E58: =IFERROR(F58/D58,0) -> 1 | F58: =SUM(F10:F57) -> 1.968427e+09 | G58: =+(+SUM(F10:F21)*G10+SUM(F22:F33)*G22+SUM(F34:F45)*G34+SUM(F46:F57)*G46)/F58 -> 0
C60: Nota
C61: 1. $/kWh expresados en pesos de abril de 2026. (IPP)
C62: 2. La energia ofertada se despachara conforme a las cantidades horarias de este anexo
C66: XXXXXXXXXXXXXXXXXXXXXXXX
C67: REPRESENTANTE LEGAL
C68: XXXXXXXXXXXXXXXXXX.SA.E.S.P
C74: XXXXXXXXXXXXXXXXXXXXXX S.A E.S.P
C76: Nota
C77: 1. $/kWh expresados en pesos de octubre 2025.
C78: 2. La energia ofertada se despachara conforme a las cantidades horarias de este anexo
C82: XXXXXXXXXXXXXXXXXXXXXXXX
C83: REPRESENTANTE LEGAL
C84: XXXXXXXXXXXXXXXXXXXXXX S.A E.S.P

Sheet Cantidades horarias PROD 01
E1: CUADRO DE CANTIDADES HORARIAS OFRECIDAS
E2: CANTIDADES DE ENERGIA (KWh) - PRODUCTO 1
E3: PAGUE LO CONTRATADO
E5: OFERENTE:
B8: MES | C8: AÑO | D8: LLAVE | F8: Cantidad Ofrecida | G8: Tipo de día | H8: N° días mes | I8: H1 | J8: H2 | K8: H3 | L8: H4 | M8: H5 | N8: H6 | O8: H7 | P8: H8 | Q8: H9 | R8: H10 | S8: H11 | T8: H12 | U8: H13 | V8: H14 | W8: H15 | X8: H16 | Y8: H17 | Z8: H18 | AA8: H19 | AB8: H20 | AC8: H21 | AD8: H22 | AE8: H23 | AF8: H24 | AG8: TOTAL
B9: =+MONTH(E9) -> 1 | C9: =+YEAR(E9) -> 2027 | D9: =+_xlfn.CONCAT(B9:C9,G9) -> 12027OR | E9: 46388 | F9: =+AG13 -> 15171217 | G9: OR | H9: 19 | I9: 19965.961 | J9: 19620.256 | K9: 19414.116 | L9: 19356.877 | M9: 19358.285 | N9: 19689.037 | O9: 20595.899 | P9: 21039.504 | Q9: 20088.393 | R9: 18958.479 | S9: 19202.535 | T9: 19409.485 | U9: 19245.924 | V9: 19713.234 | W9: 20731.208 | X9: 22281.642 | Y9: 24817.741 | Z9: 25730.181 | AA9: 25093.599 | AB9: 24550.411 | AC9: 23577.079 | AD9: 22281.692 | AE9: 21179.417 | AF9: 20603.496 | AG9: =ROUND(SUM(I9:AF9)*H9,2) -> 9623584.6
B10: =+MONTH(E10) -> 1 | C10: =+YEAR(E10) -> 2027 | D10: =+_xlfn.CONCAT(B10:C10,G10) -> 12027SA | E10: 46388 | G10: SA | H10: 5 | I10: 19961.155 | J10: 19594.576 | K10: 19369.063 | L10: 19273.063 | M10: 19236.89 | N10: 19398.554 | O10: 19939.733 | P10: 19919.949 | Q10: 19534.964 | R10: 18991.677 | S10: 18689.938 | T10: 18805.861 | U10: 18768.254 | V10: 18491.782 | W10: 18160.749 | X10: 19608.377 | Y10: 22324.102 | Z10: 23809.614 | AA10: 23640.024 | AB10: 23346.662 | AC10: 22574.955 | AD10: 21380.828 | AE10: 20359.647 | AF10: 19790.508 | AG10: =ROUND(SUM(I10:AF10)*H10,2) -> 2424854.6
B11: =+MONTH(E11) -> 1 | C11: =+YEAR(E11) -> 2027 | D11: =+_xlfn.CONCAT(B11:C11,G11) -> 12027DO | E11: 46388 | G11: DO | H11: 5 | I11: 19079.334 | J11: 18791.877 | K11: 18602.104 | L11: 18475.94 | M11: 18467.269 | N11: 18301.684 | O11: 17909.626 | P11: 18456.986 | Q11: 18223.014 | R11: 17911.821 | S11: 17111.572 | T11: 16724.083 | U11: 16323.23 | V11: 15628.197 | W11: 14908.369 | X11: 16399.548 | Y11: 19306.883 | Z11: 20873.874 | AA11: 21094.896 | AB11: 21045.771 | AC11: 20502.419 | AD11: 19905.257 | AE11: 19405.893 | AF11: 19024.744 | AG11: =ROUND(SUM(I11:AF11)*H11,2) -> 2212371.9
B12: =+MONTH(E12) -> 1 | C12: =+YEAR(E12) -> 2027 | D12: =+_xlfn.CONCAT(B12:C12,G12) -> 12027FE | E12: 46388 | G12: FE | H12: 2 | I12: 19408.967 | J12: 19131.398 | K12: 18957.291 | L12: 18841.938 | M12: 18828.98 | N12: 18529.052 | O12: 18130.127 | P12: 18456.831 | Q12: 20366.872 | R12: 20894.74 | S12: 19728.259 | T12: 17785.793 | U12: 16121.355 | V12: 15354.743 | W12: 15224.01 | X12: 16744.94 | Y12: 19572.68 | Z12: 21166.978 | AA12: 21353.817 | AB12: 21325.078 | AC12: 20701.026 | AD12: 20027.969 | AE12: 19476.23 | AF12: 19074.06 | AG12: =ROUND(SUM(I12:AF12)*H12,2) -> 910406.27
B13: =+MONTH(E13) -> 1 | C13: =+YEAR(E13) -> 2027 | D13: =+_xlfn.CONCAT(E13,G13) -> 46388TOTAL | E13: 46388 | G13: TOTAL | H13: =+SUM(H9:H12) -> 31 | I13: =+SUMPRODUCT(I9:I12,$H9:$H12) -> 613373.64 | J13: =+SUMPRODUCT(J9:J12,$H9:$H12) -> 602979.92 | K13: =+SUMPRODUCT(K9:K12,$H9:$H12) -> 596638.62 | L13: =+SUMPRODUCT(L9:L12,$H9:$H12) -> 594209.56 | M13: =+SUMPRODUCT(M9:M12,$H9:$H12) -> 593986.17 | N13: =+SUMPRODUCT(N9:N12,$H9:$H12) -> 599651.01 | O13: =+SUMPRODUCT(O9:O12,$H9:$H12) -> 616829.12 | P13: =+SUMPRODUCT(P9:P12,$H9:$H12) -> 628548.92 | ... AF13: =+SUMPRODUCT(AF9:AF12,$H9:$H12) -> 623690.8 | AG13: =SUM(I13:AF13) -> 15171217
B14: =+MONTH(E14) -> 2 | C14: =+YEAR(E14) -> 2027 | D14: =+_xlfn.CONCAT(B14:C14,G14) -> 22027OR | E14: 46419 | F14: =+AG18 -> 12711745 | G14: OR | H14: 20 | I14: 18524.491 | J14: 18157.624 | K14: 17922.182 | L14: 17850.942 | M14: 17763.002 | N14: 18012.802 | O14: 18451.229 | P14: 18327.724 | Q14: 17170.884 | R14: 15615.126 | S14: 15639.705 | T14: 16377.52 | U14: 16828.28 | V14: 18365.421 | W14: 18529.449 | X14: 19271.847 | Y14: 21854.498 | Z14: 23440.928 | AA14: 23209.821 | AB14: 22860.507 | AC14: 21917.781 | AD14: 20784.749 | AE14: 19843.919 | AF14: 19315.186 | AG14: =+SUM(I14:AF14)*H14 -> 9120712.3
B15: =+MONTH(E15) -> 2 | C15: =+YEAR(E15) -> 2027 | D15: =+_xlfn.CONCAT(B15:C15,G15) -> 22027SA | E15: 46419 | G15: SA | H15: 4 | I15: 18651.049 | J15: 18309.441 | K15: 18136.567 | L15: 18043.271 | M15: 18035.115 | N15: 18309.579 | O15: 19105.14 | P15: 19438.474 | Q15: 19523.218 | R15: 18890.495 | S15: 18650.609 | T15: 19231.072 | U15: 19314.027 | V15: 20206.282 | W15: 19984.08 | X15: 20326.334 | Y15: 22733.989 | Z15: 23890.6 | AA15: 23378.067 | AB15: 22994.453 | AC15: 22100.828 | AD15: 20811.955 | AE15: 19703.969 | AF15: 19101.055 | AG15: =+SUM(I15:AF15)*H15 -> 1915478.7
B16: =+MONTH(E16) -> 2 | C16: =+YEAR(E16) -> 2027 | D16: =+_xlfn.CONCAT(B16:C16,G16) -> 22027DO | E16: 46419 | G16: DO | H16: 4 | I16: 18067.435 | J16: 17775.931 | K16: 17578.429 | L16: 17449.189 | M16: 17444.837 | N16: 17271.482 | O16: 16858.52 | P16: 17258.217 | Q16: 17082.429 | R16: 16743.956 | S16: 15920.696 | T16: 15816.441 | U16: 15492.722 | V16: 15530.451 | W16: 14686.7 | X16: 15371.023 | Y16: 18089.448 | Z16: 19755.247 | AA16: 20013.555 | AB16: 20012.475 | AC16: 19462.943 | AD16: 18864.252 | AE16: 18363.641 | AF16: 17978.498 | AG16: =+SUM(I16:AF16)*H16 -> 1675554.1
B17: =+MONTH(E17) -> 2 | C17: =+YEAR(E17) -> 2027 | D17: =+_xlfn.CONCAT(B17:C17,G17) -> 22027FE | E17: 46419 | G17: FE | H17: 0 | I17: 0 | J17: 0 | K17: 0 | L17: 0 | M17: 0 | N17: 0 | O17: 0 | P17: 0 | Q17: 0 | R17: 0 | S17: 0 | T17: 0 | U17: 0 | V17: 0 | W17: 0 | X17: 0 | Y17: 0 | Z17: 0 | AA17: 0 | AB17: 0 | AC17: 0 | AD17: 0 | AE17: 0 | AF17: 0 | AG17: =+SUM(I17:AF17)*H17 -> 0
B18: =+MONTH(E18) -> 2 | C18: =+YEAR(E18) -> 2027 | D18: =+_xlfn.CONCAT(E18,G18) -> 46419TOTAL | E18: 46419 | G18: TOTAL | H18: =+SUM(H14:H17) -> 28 | I18: =+SUMPRODUCT(I14:I17,$H14:$H17) -> 517363.76 | J18: =+SUMPRODUCT(J14:J17,$H14:$H17) -> 507493.96 | K18: =+SUMPRODUCT(K14:K17,$H14:$H17) -> 501303.62 | L18: =+SUMPRODUCT(L14:L17,$H14:$H17) -> 498988.68 | M18: =+SUMPRODUCT(M14:M17,$H14:$H17) -> 497179.85 | N18: =+SUMPRODUCT(N14:N17,$H14:$H17) -> 502580.28 | O18: =+SUMPRODUCT(O14:O17,$H14:$H17) -> 512879.22 | P18: =+SUMPRODUCT(P14:P17,$H14:$H17) -> 513341.24 | ... AF18: =+SUMPRODUCT(AF14:AF17,$H14:$H17) -> 534621.93 | AG18: =SUM(I18:AF18) -> 12711745
B19: =+MONTH(E19) -> 3 | C19: =+YEAR(E19) -> 2027 | D19: =+_xlfn.CONCAT(B19:C19,G19) -> 32027OR | E19: 46447 | F19: =+AG23 -> 14682660 | G19: OR | H19: 20 | I19: 19319.795 | J19: 18975.52 | K19: 18767.013 | L19: 18710.302 | M19: 18701.265 | N19: 19009.725 | O19: 19807.361 | P19: 20316.913 | Q19: 19855.533 | R19: 18865.096 | S19: 19041.343 | T19: 19152.849 | U19: 18884.346 | V19: 19363.292 | W19: 20146.545 | X19: 21811.105 | Y19: 24017.67 | Z19: 24909.801 | AA19: 24300.656 | AB19: 23824.588 | AC19: 22861.784 | AD19: 21589.221 | AE19: 20509.113 | AF19: 19939.316 | AG19: =+SUM(I19:AF19)*H19 -> 9853603
B20: =+MONTH(E20) -> 3 | C20: =+YEAR(E20) -> 2027 | D20: =+_xlfn.CONCAT(B20:C20,G20) -> 32027SA | E20: 46447 | G20: SA | H20: 4 | I20: 19352.369 | J20: 18991.819 | K20: 18771.569 | L20: 18680.364 | M20: 18635.666 | N20: 18780.979 | O20: 19234.309 | P20: 19290.595 | Q20: 18551.975 | R20: 17573.331 | S20: 17619.546 | T20: 17659.213 | U20: 17352.075 | V20: 17432.517 | W20: 17710.312 | X20: 19269.219 | Y20: 21655.749 | Z20: 23111.581 | AA20: 22952.624 | AB20: 22727.844 | AC20: 21965.353 | AD20: 20783.834 | AE20: 19774.2 | AF20: 19212.545 | AG20: =+SUM(I20:AF20)*H20 -> 1868358.4
B21: =+MONTH(E21) -> 3 | C21: =+YEAR(E21) -> 2027 | D21: =+_xlfn.CONCAT(B21:C21,G21) -> 32027DO | E21: 46447 | G21: DO | H21: 4 | I21: 18672.503 | J21: 18380.59 | K21: 18180.915 | L21: 18056.653 | M21: 18019.948 | N21: 17743.467 | O21: 17183.986 | P21: 16356.395 | Q21: 16298.809 | R21: 16223.866 | S21: 16002.686 | T21: 15557.042 | U21: 14847.286 | V21: 14274.549 | W21: 14400.705 | X21: 16015.86 | Y21: 18560.658 | Z21: 20156.521 | AA21: 20397.014 | AB21: 20430.44 | AC21: 19857.64 | AD21: 19263.331 | AE21: 18754.824 | AF21: 18378.477 | AG21: =+SUM(I21:AF21)*H21 -> 1688056.7
B22: =+MONTH(E22) -> 3 | C22: =+YEAR(E22) -> 2027 | D22: =+_xlfn.CONCAT(B22:C22,G22) -> 32027FE | E22: 46447 | G22: FE | H22: 3 | I22: 18742.816 | J22: 18468.295 | K22: 18288.429 | L22: 18177.661 | M22: 18150.383 | N22: 17801.571 | O22: 17277.928 | P22: 16439.803 | Q22: 16026.567 | R22: 17179.594 | S22: 16847.036 | T22: 15014.093 | U22: 14333.685 | V22: 14357.02 | W22: 14569.61 | X22: 16204.101 | Y22: 18685.191 | Z22: 20298.071 | AA22: 20492.528 | AB22: 20559.362 | AC22: 19938.958 | AD22: 19279.825 | AE22: 18735.081 | AF22: 18346.423 | AG22: =+SUM(I22:AF22)*H22 -> 1272642.1
B23: =+MONTH(E23) -> 3 | C23: =+YEAR(E23) -> 2027 | D23: =+_xlfn.CONCAT(E23,G23) -> 46447TOTAL | E23: 46447 | G23: TOTAL | H23: =+SUM(H19:H22) -> 31 | I23: =+SUMPRODUCT(I19:I22,$H19:$H22) -> 594723.83 | J23: =+SUMPRODUCT(J19:J22,$H19:$H22) -> 584404.92 | K23: =+SUMPRODUCT(K19:K22,$H19:$H22) -> 578015.47 | L23: =+SUMPRODUCT(L19:L22,$H19:$H22) -> 575687.08 | M23: =+SUMPRODUCT(M19:M22,$H19:$H22) -> 575098.91 | N23: =+SUMPRODUCT(N19:N22,$H19:$H22) -> 579696.99 | O23: =+SUMPRODUCT(O19:O22,$H19:$H22) -> 593654.18 | P23: =+SUMPRODUCT(P19:P22,$H19:$H22) -> 598245.64 | ... AF23: =+SUMPRODUCT(AF19:AF22,$H19:$H22) -> 604189.68 | AG23: =SUM(I23:AF23) -> 14682660
B24: =+MONTH(E24) -> 4 | C24: =+YEAR(E24) -> 2027 | D24: =+_xlfn.CONCAT(B24:C24,G24) -> 42027OR | E24: 46478 | F24: =+AG28 -> 14589509 | G24: OR | H24: 22 | I24: 19779.417 | J24: 19410.448 | K24: 19171.649 | L24: 19094.894 | M24: 19007.991 | N24: 19233.854 | O24: 19593.148 | P24: 19630.752 | Q24: 19374.739 | R24: 18371.679 | S24: 18392.824 | T24: 18807.659 | U24: 18873.651 | V24: 19074.592 | W24: 20132.551 | X24: 20804.959 | Y24: 22915.684 | Z24: 24783.128 | AA24: 24504.024 | AB24: 24124.41 | AC24: 23174.344 | AD24: 22041.966 | AE24: 21101.432 | AF24: 20569.324 | AG24: =+SUM(I24:AF24)*H24 -> 10823321
B25: =+MONTH(E25) -> 4 | C25: =+YEAR(E25) -> 2027 | D25: =+_xlfn.CONCAT(B25:C25,G25) -> 42027SA | E25: 46478 | G25: SA | H25: 4 | I25: 19734.404 | J25: 19391.376 | K25: 19219.732 | L25: 19130.66 | M25: 19124.799 | N25: 19379.274 | O25: 20096.354 | P25: 20582.261 | Q25: 20542.621 | R25: 19520.246 | S25: 19559.204 | T25: 19924.36 | U25: 19773.402 | V25: 20232.937 | W25: 21048.776 | X25: 21687.603 | Y25: 23620.795 | Z25: 25059.937 | AA25: 24508.764 | AB25: 24091.446 | AC25: 23191.766 | AD25: 21899.278 | AE25: 20790.136 | AF25: 20188.447 | AG25: =+SUM(I25:AF25)*H25 -> 2009194.3
B26: =+MONTH(E26) -> 4 | C26: =+YEAR(E26) -> 2027 | D26: =+_xlfn.CONCAT(B26:C26,G26) -> 42027DO | E26: 46478 | G26: DO | H26: 4 | I26: 19138.496 | J26: 18848.642 | K26: 18645.822 | L26: 18520.317 | M26: 18510.507 | N26: 18339.739 | O26: 17858.214 | P26: 17195.251 | Q26: 17108.957 | R26: 16806.571 | S26: 16453.448 | T26: 16501.347 | U26: 15933.648 | V26: 15506.178 | W26: 16102.461 | X26: 16707.314 | Y26: 18955.241 | Z26: 20913.315 | AA26: 21123.606 | AB26: 21087.822 | AC26: 20537.496 | AD26: 19945.851 | AE26: 19443.028 | AF26: 19065.186 | AG26: =+SUM(I26:AF26)*H26 -> 1756993.8
B27: =+MONTH(E27) -> 4 | C27: =+YEAR(E27) -> 2027 | D27: =+_xlfn.CONCAT(B27:C27,G27) -> 42027FE | E27: 46478 | G27: FE | H27: 0 | I27: 0 | J27: 0 | K27: 0 | L27: 0 | M27: 0 | N27: 0 | O27: 0 | P27: 0 | Q27: 0 | R27: 0 | S27: 0 | T27: 0 | U27: 0 | V27: 0 | W27: 0 | X27: 0 | Y27: 0 | Z27: 0 | AA27: 0 | AB27: 0 | AC27: 0 | AD27: 0 | AE27: 0 | AF27: 0 | AG27: =+SUM(I27:AF27)*H27 -> 0
B28: =+MONTH(E28) -> 4 | C28: =+YEAR(E28) -> 2027 | D28: =+_xlfn.CONCAT(E28,G28) -> 46478TOTAL | E28: 46478 | G28: TOTAL | H28: =+SUM(H24:H27) -> 30 | I28: =+SUMPRODUCT(I24:I27,$H24:$H27) -> 590638.77 | J28: =+SUMPRODUCT(J24:J27,$H24:$H27) -> 579989.92 | K28: =+SUMPRODUCT(K24:K27,$H24:$H27) -> 573238.49 | L28: =+SUMPRODUCT(L24:L27,$H24:$H27) -> 570691.56 | M28: =+SUMPRODUCT(M24:M27,$H24:$H27) -> 568717.04 | N28: =+SUMPRODUCT(N24:N27,$H24:$H27) -> 574020.85 | O28: =+SUMPRODUCT(O24:O27,$H24:$H27) -> 582867.52 | P28: =+SUMPRODUCT(P24:P27,$H24:$H27) -> 582986.6 | ... AF28: =+SUMPRODUCT(AF24:AF27,$H24:$H27) -> 609539.66 | AG28: =SUM(I28:AF28) -> 14589509
B29: =+MONTH(E29) -> 5 | C29: =+YEAR(E29) -> 2027 | D29: =+_xlfn.CONCAT(B29:C29,G29) -> 52027OR | E29: 46508 | F29: =+AG33 -> 15388919 | G29: OR | H29: 19 | I29: 20298.447 | J29: 19951.723 | K29: 19740.089 | L29: 19680.724 | M29: 19668.301 | N29: 19948.334 | O29: 20690.161 | P29: 20837.714 | Q29: 19902.659 | R29: 19610.702 | S29: 20606.829 | T29: 21187.017 | U29: 21065.199 | V29: 21831.057 | W29: 22256.043 | X29: 22921.375 | Y29: 24220.365 | Z29: 25910.286 | AA29: 25322.892 | AB29: 24821.369 | AC29: 23851.968 | AD29: 22575.711 | AE29: 21493.353 | AF29: 20921.066 | AG29: =+SUM(I29:AF29)*H29 -> 9866954.3
B30: =+MONTH(E30) -> 5 | C30: =+YEAR(E30) -> 2027 | D30: =+_xlfn.CONCAT(B30:C30,G30) -> 52027SA | E30: 46508 | G30: SA | H30: 4 | I30: 20288.088 | J30: 19926.579 | K30: 19706.934 | L30: 19616.212 | M30: 19568.118 | N30: 19682.316 | O30: 20075.264 | P30: 19762.101 | Q30: 18540.933 | R30: 18205.515 | S30: 19121.998 | T30: 19571.874 | U30: 19457.262 | V30: 19840.031 | W30: 19752.92 | X30: 20309.79 | Y30: 21789.534 | Z30: 24048 | AA30: 23919.407 | AB30: 23673.064 | AC30: 22906.151 | AD30: 21719.032 | AE30: 20704.096 | AF30: 20143.264 | AG30: =+SUM(I30:AF30)*H30 -> 1969313.9
B31: =+MONTH(E31) -> 5 | C31: =+YEAR(E31) -> 2027 | D31: =+_xlfn.CONCAT(B31:C31,G31) -> 52027DO | E31: 46508 | G31: DO | H31: 5 | I31: 19465.167 | J31: 19179.542 | K31: 18975.624 | L31: 18853.479 | M31: 18841.956 | N31: 18663.31 | O31: 18134.698 | P31: 17053.23 | Q31: 16372.97 | R31: 16216.279 | S31: 16719.925 | T31: 16724.841 | U31: 16230.169 | V31: 16663.87 | W31: 16525.823 | X31: 17133.422 | Y31: 18805.488 | Z31: 21169.442 | AA31: 21413.071 | AB31: 21403.403 | AC31: 20863.408 | AD31: 20283.555 | AE31: 19785.054 | AF31: 19413.592 | AG31: =+SUM(I31:AF31)*H31 -> 2224456.6
B32: =+MONTH(E32) -> 5 | C32: =+YEAR(E32) -> 2027 | D32: =+_xlfn.CONCAT(B32:C32,G32) -> 52027FE | E32: 46508 | G32: FE | H32: 3 | I32: 19649.794 | J32: 19373.189 | K32: 19189.564 | L32: 19079.688 | M32: 19046.597 | N32: 18663.948 | O32: 18056.277 | P32: 16843.062 | Q32: 15814.799 | R32: 15654.801 | S32: 16213.808 | T32: 15909.254 | U32: 16235.655 | V32: 16687.034 | W32: 16525.485 | X32: 17155.699 | Y32: 18724.849 | Z32: 21165.494 | AA32: 21391.676 | AB32: 21455.322 | AC32: 20834.648 | AD32: 20175.623 | AE32: 19633.95 | AF32: 19251.058 | AG32: =+SUM(I32:AF32)*H32 -> 1328193.8
B33: =+MONTH(E33) -> 5 | C33: =+YEAR(E33) -> 2027 | D33: =+_xlfn.CONCAT(E33,G33) -> 46508TOTAL | E33: 46508 | G33: TOTAL | H33: =+SUM(H29:H32) -> 31 | I33: =+SUMPRODUCT(I29:I32,$H29:$H32) -> 623098.06 | J33: =+SUMPRODUCT(J29:J32,$H29:$H32) -> 612806.34 | K33: =+SUMPRODUCT(K29:K32,$H29:$H32) -> 606336.24 | L33: =+SUMPRODUCT(L29:L32,$H29:$H32) -> 603905.05 | M33: =+SUMPRODUCT(M29:M32,$H29:$H32) -> 603319.76 | N33: =+SUMPRODUCT(N29:N32,$H29:$H32) -> 607056 | O33: =+SUMPRODUCT(O29:O32,$H29:$H32) -> 618256.44 | P33: =+SUMPRODUCT(P29:P32,$H29:$H32) -> 610760.3 | ... AF33: =+SUMPRODUCT(AF29:AF32,$H29:$H32) -> 632894.45 | AG33: =SUM(I33:AF33) -> 15388919
B34: =+MONTH(E34) -> 6 | C34: =+YEAR(E34) -> 2027 | D34: =+_xlfn.CONCAT(B34:C34,G34) -> 62027OR | E34: 46539 | F34: =+AG38 -> 17759558 | G34: OR | H34: 21 | I34: 23885.398 | J34: 23538.175 | K34: 23326.196 | L34: 23267.753 | M34: 23252.812 | N34: 23539.181 | O34: 24309.208 | P34: 24919.934 | Q34: 24678.694 | R34: 23456.049 | S34: 23683.168 | T34: 24170.986 | U34: 23621.793 | V34: 24971.161 | W34: 26560.266 | X34: 28127.646 | Y34: 28931.631 | Z34: 29557.236 | AA34: 28901.596 | AB34: 28414.553 | AC34: 27444.662 | AD34: 26166.042 | AE34: 25082.322 | AF34: 24510.126 | AG34: =+SUM(I34:AF34)*H34 -> 12774648
B35: =+MONTH(E35) -> 6 | C35: =+YEAR(E35) -> 2027 | D35: =+_xlfn.CONCAT(B35:C35,G35) -> 62027SA | E35: 46539 | G35: SA | H35: 4 | I35: 23896.453 | J35: 23534.29 | K35: 23313.592 | L35: 23220.597 | M35: 23169.988 | N35: 23288.531 | O35: 23709.649 | P35: 23861.547 | Q35: 23334.411 | R35: 22066.131 | S35: 22216.013 | T35: 22573.558 | U35: 22030.446 | V35: 22993.167 | W35: 24069.529 | X35: 25530.3 | Y35: 26516.466 | Z35: 27712.005 | AA35: 27515.154 | AB35: 27284.412 | AC35: 26515.218 | AD35: 25323.414 | AE35: 24303.145 | AF35: 23741.281 | AG35: =+SUM(I35:AF35)*H35 -> 2326877.2
B36: =+MONTH(E36) -> 6 | C36: =+YEAR(E36) -> 2027 | D36: =+_xlfn.CONCAT(B36:C36,G36) -> 62027DO | E36: 46539 | G36: DO | H36: 4 | I36: 23054.398 | J36: 22766.666 | K36: 22561.902 | L36: 22438.651 | M36: 22428.829 | N36: 22249.988 | O36: 21740.453 | P36: 20872.106 | Q36: 20296.962 | R36: 19739.364 | S36: 19749.277 | T36: 19194.927 | U36: 18712.048 | V36: 19779.19 | W36: 20805.938 | X36: 22321.026 | Y36: 23498.321 | Z36: 24801.387 | AA36: 24978.89 | AB36: 24987.408 | AC36: 24445.917 | AD36: 23864.833 | AE36: 23366.203 | AF36: 22992.994 | AG36: =+SUM(I36:AF36)*H36 -> 2126590.7
B37: =+MONTH(E37) -> 6 | C37: =+YEAR(E37) -> 2027 | D37: =+_xlfn.CONCAT(B37:C37,G37) -> 62027FE | E37: 46539 | G37: FE | H37: 1 | I37: 23279.354 | J37: 22999.831 | K37: 22815.353 | L37: 22703.799 | M37: 22672.619 | N37: 22290.149 | O37: 21703.173 | P37: 20950.876 | Q37: 19829.737 | R37: 19272.071 | S37: 19343.123 | T37: 18864.294 | U37: 18819.273 | V37: 19854.185 | W37: 20856.497 | X37: 22394.12 | Y37: 23468.599 | Z37: 24846.537 | AA37: 25007.264 | AB37: 25086.231 | AC37: 24461.555 | AD37: 23798.565 | AE37: 23255.388 | AF37: 22869.625 | AG37: =+SUM(I37:AF37)*H37 -> 531442.22
B38: =+MONTH(E38) -> 6 | C38: =+YEAR(E38) -> 2027 | D38: =+_xlfn.CONCAT(E38,G38) -> 46539TOTAL | E38: 46539 | G38: TOTAL | H38: =+SUM(H34:H37) -> 30 | I38: =+SUMPRODUCT(I34:I37,$H34:$H37) -> 712676.11 | J38: =+SUMPRODUCT(J34:J37,$H34:$H37) -> 702505.33 | K38: =+SUMPRODUCT(K34:K37,$H34:$H37) -> 696167.44 | L38: =+SUMPRODUCT(L34:L37,$H34:$H37) -> 693963.59 | M38: =+SUMPRODUCT(M34:M37,$H34:$H37) -> 693376.95 | N38: =+SUMPRODUCT(N34:N37,$H34:$H37) -> 698767.02 | O38: =+SUMPRODUCT(O34:O37,$H34:$H37) -> 713996.94 | P38: =+SUMPRODUCT(P34:P37,$H34:$H37) -> 723204.1 | ... AF38: =+SUMPRODUCT(AF34:AF37,$H34:$H37) -> 724519.38 | AG38: =SUM(I38:AF38) -> 17759558
B39: =+MONTH(E39) -> 7 | C39: =+YEAR(E39) -> 2027 | D39: =+_xlfn.CONCAT(B39:C39,G39) -> 72027OR | E39: 46569 | F39: =+AG43 -> 18217389 | G39: OR | H39: 20 | I39: 23921.793 | J39: 23574.917 | K39: 23363.121 | L39: 23303.564 | M39: 23291.282 | N39: 23591.694 | O39: 24345.601 | P39: 24876.574 | Q39: 24587.191 | R39: 23212.848 | S39: 23849.379 | T39: 24161.656 | U39: 23676.881 | V39: 25397.471 | W39: 26373.609 | X39: 27025.964 | Y39: 28568.059 | Z39: 29519.25 | AA39: 28900.813 | AB39: 28448.145 | AC39: 27478.521 | AD39: 26201.204 | AE39: 25117.916 | AF39: 24545.26 | AG39: =+SUM(I39:AF39)*H39 -> 12146654
B40: =+MONTH(E40) -> 7 | C40: =+YEAR(E40) -> 2027 | D40: =+_xlfn.CONCAT(B40:C40,G40) -> 72027SA | E40: 46569 | G40: SA | H40: 5 | I40: 23907.329 | J40: 23545.624 | K40: 23325.809 | L40: 23234.947 | M40: 23186.886 | N40: 23321.029 | O40: 23724.996 | P40: 23794.396 | Q40: 23218.154 | R40: 21799.977 | S40: 22356.56 | T40: 22538.156 | U40: 22060.526 | V40: 23397.76 | W40: 23861.506 | X40: 24405.368 | Y40: 26128.296 | Z40: 27648.536 | AA40: 27489.919 | AB40: 27292.659 | AC40: 26525.792 | AD40: 25337.825 | AE40: 24322.139 | AF40: 23761.109 | AG40: =+SUM(I40:AF40)*H40 -> 2900926.5
B41: =+MONTH(E41) -> 7 | C41: =+YEAR(E41) -> 2027 | D41: =+_xlfn.CONCAT(B41:C41,G41) -> 72027DO | E41: 46569 | G41: DO | H41: 4 | I41: 23022.007 | J41: 22737.539 | K41: 22533.476 | L41: 22412.141 | M41: 22400.764 | N41: 22243.618 | O41: 21724.798 | P41: 20776.214 | Q41: 19704.412 | R41: 19117.428 | S41: 19181.861 | T41: 19088.87 | U41: 18707.184 | V41: 20145.208 | W41: 20559.638 | X41: 21154.36 | Y41: 23070.137 | Z41: 24697.928 | AA41: 24910.255 | AB41: 24953.66 | AC41: 24418.205 | AD41: 23842.316 | AE41: 23345.77 | AF41: 22975.901 | AG41: =+SUM(I41:AF41)*H41 -> 2110894.8
B42: =+MONTH(E42) -> 7 | C42: =+YEAR(E42) -> 2027 | D42: =+_xlfn.CONCAT(B42:C42,G42) -> 72027FE | E42: 46569 | G42: FE | H42: 2 | I42: 23294.194 | J42: 23017.099 | K42: 22833.377 | L42: 22723.059 | M42: 22690.994 | N42: 22332.614 | O42: 21739.746 | P42: 20910.788 | Q42: 19697.105 | R42: 18779.947 | S42: 18912.39 | T42: 18862.922 | U42: 18879.465 | V42: 20285.684 | W42: 20674.526 | X42: 21291.364 | Y42: 23104.937 | Z42: 24804.844 | AA42: 25000.939 | AB42: 25111.244 | AC42: 24490.274 | AD42: 23829.266 | AE42: 23286.801 | AF42: 22903.119 | AG42: =+SUM(I42:AF42)*H42 -> 1058913.4
B43: =+MONTH(E43) -> 7 | C43: =+YEAR(E43) -> 2027 | D43: =+_xlfn.CONCAT(E43,G43) -> 46569TOTAL | E43: 46569 | G43: TOTAL | H43: =+SUM(H39:H42) -> 31 | I43: =+SUMPRODUCT(I39:I42,$H39:$H42) -> 736648.93 | J43: =+SUMPRODUCT(J39:J42,$H39:$H42) -> 726210.82 | K43: =+SUMPRODUCT(K39:K42,$H39:$H42) -> 719692.12 | L43: =+SUMPRODUCT(L39:L42,$H39:$H42) -> 717340.7 | M43: =+SUMPRODUCT(M39:M42,$H39:$H42) -> 716745.12 | N43: =+SUMPRODUCT(N39:N42,$H39:$H42) -> 722078.72 | O43: =+SUMPRODUCT(O39:O42,$H39:$H42) -> 735915.68 | P43: =+SUMPRODUCT(P39:P42,$H39:$H42) -> 741429.9 | ... AF43: =+SUMPRODUCT(AF39:AF42,$H39:$H42) -> 747420.58 | AG43: =SUM(I43:AF43) -> 18217389
B44: =+MONTH(E44) -> 8 | C44: =+YEAR(E44) -> 2027 | D44: =+_xlfn.CONCAT(B44:C44,G44) -> 82027OR | E44: 46600 | F44: =+AG48 -> 18148729 | G44: OR | H44: 21 | I44: 23822.582 | J44: 23475.586 | K44: 23263.648 | L44: 23203.973 | M44: 23191.435 | N44: 23489.927 | O44: 24302.611 | P44: 24904.264 | Q44: 23666.139 | R44: 23162.11 | S44: 23284.98 | T44: 24591.694 | U44: 24366.752 | V44: 24662.946 | W44: 26469.141 | X44: 27084.515 | Y44: 28850.521 | Z44: 29484.436 | AA44: 28834.366 | AB44: 28349.768 | AC44: 27379.059 | AD44: 26101.83 | AE44: 25018.691 | AF44: 24445.984 | AG44: =+SUM(I44:AF44)*H44 -> 12713546
B45: =+MONTH(E45) -> 8 | C45: =+YEAR(E45) -> 2027 | D45: =+_xlfn.CONCAT(B45:C45,G45) -> 82027SA | E45: 46600 | G45: SA | H45: 3 | I45: 23812.109 | J45: 23450.279 | K45: 23230.405 | L45: 23139.508 | M45: 23091.306 | N45: 23223.702 | O45: 23686.955 | P45: 23827.215 | Q45: 22302.329 | R45: 21754.693 | S45: 21797.993 | T45: 22974.21 | U45: 22756.222 | V45: 22668.911 | W45: 23962.354 | X45: 24469.027 | Y45: 26415.868 | Z45: 27618.862 | AA45: 27428.706 | AB45: 27199.259 | AC45: 26430.953 | AD45: 25242.39 | AE45: 24226.137 | AF45: 23665.051 | AG45: =+SUM(I45:AF45)*H45 -> 1735123.3
B46: =+MONTH(E46) -> 8 | C46: =+YEAR(E46) -> 2027 | D46: =+_xlfn.CONCAT(B46:C46,G46) -> 82027DO | E46: 46600 | G46: DO | H46: 5 | I46: 22974.066 | J46: 22688.416 | K46: 22484.036 | L46: 22362.071 | M46: 22350.465 | N46: 22190.77 | O46: 21731.225 | P46: 20855.946 | Q46: 19921.162 | R46: 19464.854 | S46: 19111.379 | T46: 19651.805 | U46: 19457.584 | V46: 19471.251 | W46: 20714.176 | X46: 21272.029 | Y46: 23411.36 | Z46: 24721.11 | AA46: 24902.856 | AB46: 24911.322 | AC46: 24371.331 | AD46: 23792.273 | AE46: 23293.875 | AF46: 22922.839 | AG46: =+SUM(I46:AF46)*H46 -> 2645141
B47: =+MONTH(E47) -> 8 | C47: =+YEAR(E47) -> 2027 | D47: =+_xlfn.CONCAT(B47:C47,G47) -> 82027FE | E47: 46600 | G47: FE | H47: 2 | I47: 23158.389 | J47: 22881.646 | K47: 22697.691 | L47: 22587.939 | M47: 22554.206 | N47: 22188.497 | O47: 21647.521 | P47: 20886.233 | Q47: 19345.038 | R47: 18886.287 | S47: 18590.205 | T47: 19234.037 | U47: 19510.459 | V47: 19491.372 | W47: 20709.625 | X47: 21289.517 | Y47: 23325.191 | Z47: 24713.209 | AA47: 24878.244 | AB47: 24961.721 | AC47: 24340.894 | AD47: 23682.117 | AE47: 23140.81 | AF47: 22758.545 | AG47: =+SUM(I47:AF47)*H47 -> 1054918.8
B48: =+MONTH(E48) -> 8 | C48: =+YEAR(E48) -> 2027 | D48: =+_xlfn.CONCAT(E48,G48) -> 46600TOTAL | E48: 46600 | G48: TOTAL | H48: =+SUM(H44:H47) -> 31 | I48: =+SUMPRODUCT(I44:I47,$H44:$H47) -> 732897.65 | J48: =+SUMPRODUCT(J44:J47,$H44:$H47) -> 722543.52 | K48: =+SUMPRODUCT(K44:K47,$H44:$H47) -> 716043.39 | L48: =+SUMPRODUCT(L44:L47,$H44:$H47) -> 713688.2 | M48: =+SUMPRODUCT(M44:M47,$H44:$H47) -> 713154.79 | N48: =+SUMPRODUCT(N44:N47,$H44:$H47) -> 718290.42 | O48: =+SUMPRODUCT(O44:O47,$H44:$H47) -> 733366.87 | P48: =+SUMPRODUCT(P44:P47,$H44:$H47) -> 740523.39 | ... AF48: =+SUMPRODUCT(AF44:AF47,$H44:$H47) -> 744492.1 | AG48: =SUM(I48:AF48) -> 18148729
B49: =+MONTH(E49) -> 9 | C49: =+YEAR(E49) -> 2027 | D49: =+_xlfn.CONCAT(B49:C49,G49) -> 92027OR | E49: 46631 | F49: =+AG53 -> 17907128 | G49: OR | H49: 22 | I49: 24036.13 | J49: 23688.509 | K49: 23476.096 | L49: 23417.162 | M49: 23402.522 | N49: 23684.893 | O49: 24489.285 | P49: 23744.092 | Q49: 23230.502 | R49: 23322.032 | S49: 24632.719 | T49: 25129.667 | U49: 24980.789 | V49: 24937.434 | W49: 26511.626 | X49: 27171.352 | Y49: 28953.405 | Z49: 29828.605 | AA49: 29157.716 | AB49: 28576.314 | AC49: 27603.375 | AD49: 26322.128 | AE49: 25236.117 | AF49: 24662.971 | AG49: =+SUM(I49:AF49)*H49 -> 13424300
B50: =+MONTH(E50) -> 9 | C50: =+YEAR(E50) -> 2027 | D50: =+_xlfn.CONCAT(B50:C50,G50) -> 92027SA | E50: 46631 | G50: SA | H50: 4 | I50: 24067.823 | J50: 23704.513 | K50: 23482.538 | L50: 23388.661 | M50: 23338.61 | N50: 23453.332 | O50: 23908.786 | P50: 22704.747 | Q50: 21905.704 | R50: 21952.093 | S50: 23187.202 | T50: 23553.24 | U50: 23408.441 | V50: 22976.291 | W50: 24036.819 | X50: 24589.661 | Y50: 26553.963 | Z50: 27999.694 | AA50: 27789.452 | AB50: 27462.422 | AC50: 26688.601 | AD50: 25491.947 | AE50: 24467.246 | AF50: 23903.987 | AG50: =+SUM(I50:AF50)*H50 -> 2336063.1
B51: =+MONTH(E51) -> 9 | C51: =+YEAR(E51) -> 2027 | D51: =+_xlfn.CONCAT(B51:C51,G51) -> 92027DO | E51: 46631 | G51: DO | H51: 4 | I51: 23245.193 | J51: 22955.84 | K51: 22750.602 | L51: 22626.526 | M51: 22616.37 | N51: 22430.913 | O51: 21951.896 | P51: 20615.229 | Q51: 20289.795 | R51: 20134.151 | S51: 20445.267 | T51: 20017.435 | U51: 20106.116 | V51: 19780.744 | W51: 20790.22 | X51: 21398.06 | Y51: 23553.248 | Z51: 25106.512 | AA51: 25272.915 | AB51: 25185.103 | AC51: 24638.081 | AD51: 24052.747 | AE51: 23551.607 | AF51: 23176.836 | AG51: =+SUM(I51:AF51)*H51 -> 2146765.6
B52: =+MONTH(E52) -> 9 | C52: =+YEAR(E52) -> 2027 | D52: =+_xlfn.CONCAT(B52:C52,G52) -> 92027FE | E52: 46631 | G52: FE | H52: 0 | I52: 0 | J52: 0 | K52: 0 | L52: 0 | M52: 0 | N52: 0 | O52: 0 | P52: 0 | Q52: 0 | R52: 0 | S52: 0 | T52: 0 | U52: 0 | V52: 0 | W52: 0 | X52: 0 | Y52: 0 | Z52: 0 | AA52: 0 | AB52: 0 | AC52: 0 | AD52: 0 | AE52: 0 | AF52: 0 | AG52: =+SUM(I52:AF52)*H52 -> 0
B53: =+MONTH(E53) -> 9 | C53: =+YEAR(E53) -> 2027 | D53: =+_xlfn.CONCAT(E53,G53) -> 46631TOTAL | E53: 46631 | G53: TOTAL | H53: =+SUM(H49:H52) -> 30 | I53: =+SUMPRODUCT(I49:I52,$H49:$H52) -> 718046.93 | J53: =+SUMPRODUCT(J49:J52,$H49:$H52) -> 707788.61 | K53: =+SUMPRODUCT(K49:K52,$H49:$H52) -> 701406.67 | L53: =+SUMPRODUCT(L49:L52,$H49:$H52) -> 699238.31 | M53: =+SUMPRODUCT(M49:M52,$H49:$H52) -> 698675.4 | N53: =+SUMPRODUCT(N49:N52,$H49:$H52) -> 704604.63 | O53: =+SUMPRODUCT(O49:O52,$H49:$H52) -> 722207 | P53: =+SUMPRODUCT(P49:P52,$H49:$H52) -> 695649.92 | ... AF53: =+SUMPRODUCT(AF49:AF52,$H49:$H52) -> 730908.66 | AG53: =SUM(I53:AF53) -> 17907128
B54: =+MONTH(E54) -> 10 | C54: =+YEAR(E54) -> 2027 | D54: =+_xlfn.CONCAT(B54:C54,G54) -> 102027OR | E54: 46661 | F54: =+AG58 -> 19277289 | G54: OR | H54: 20 | I54: 25370.085 | J54: 25023.039 | K54: 24811.043 | L54: 24751.306 | M54: 24738.936 | N54: 25037.336 | O54: 25801.983 | P54: 25563.595 | Q54: 25399.26 | R54: 24427.383 | S54: 25024.73 | T54: 25628.016 | U54: 25707.838 | V54: 26188.565 | W54: 27460.597 | X54: 29018.687 | Y54: 30227.235 | Z54: 31206.071 | AA54: 30513.741 | AB54: 29900.033 | AC54: 28928.588 | AD54: 27650.702 | AE54: 26566.945 | AF54: 25994.027 | AG54: =+SUM(I54:AF54)*H54 -> 12818795
B55: =+MONTH(E55) -> 10 | C55: =+YEAR(E55) -> 2027 | D55: =+_xlfn.CONCAT(B55:C55,G55) -> 102027SA | E55: 46661 | G55: SA | H55: 5 | I55: 25374.26 | J55: 25011.966 | K55: 24791.5 | L55: 24700.188 | M55: 24652.361 | N55: 24785.116 | O55: 25201.089 | P55: 24502.027 | Q55: 24051.857 | R55: 23036.94 | S55: 23555.843 | T55: 24028.522 | U55: 24114.198 | V55: 24210.401 | W55: 24969.551 | X55: 26418.894 | Y55: 27808.23 | Z55: 29356.046 | AA55: 29123.771 | AB55: 28763.927 | AC55: 27993.822 | AD55: 26803.303 | AE55: 25785.28 | AF55: 25223.542 | AG55: =+SUM(I55:AF55)*H55 -> 3071313.2
B56: =+MONTH(E56) -> 10 | C56: =+YEAR(E56) -> 2027 | D56: =+_xlfn.CONCAT(B56:C56,G56) -> 102027DO | E56: 46661 | G56: DO | H56: 5 | I56: 24531.679 | J56: 24245.657 | K56: 24041.27 | L56: 23919.074 | M56: 23907.41 | N56: 23746.724 | O56: 23238.189 | P56: 21855.827 | Q56: 21629.902 | R56: 20949.816 | S56: 20621.525 | T56: 20516.896 | U56: 20807.775 | V56: 21006.192 | W56: 21714.452 | X56: 23215.088 | Y56: 24796.886 | Z56: 26451.457 | AA56: 26591.995 | AB56: 26470.848 | AC56: 25929.475 | AD56: 25349.266 | AE56: 24850.26 | AF56: 24478.769 | AG56: =+SUM(I56:AF56)*H56 -> 2824332.2
B57: =+MONTH(E57) -> 10 | C57: =+YEAR(E57) -> 2027 | D57: =+_xlfn.CONCAT(B57:C57,G57) -> 102027FE | E57: 46661 | G57: FE | H57: 1 | I57: 24704.382 | J57: 24427.558 | K57: 24243.613 | L57: 24133.782 | M57: 24100.249 | N57: 23734.809 | O57: 23145.575 | P57: 21543.859 | Q57: 21031.033 | R57: 20347.547 | S57: 20074.854 | T57: 20267.595 | U57: 20849.057 | V57: 21014.594 | W57: 21698.599 | X57: 23221.207 | Y57: 24699.72 | Z57: 26432.455 | AA57: 26555.842 | AB57: 26510.094 | AC57: 25888.889 | AD57: 25229.77 | AE57: 24688.307 | AF57: 24305.878 | AG57: =+SUM(I57:AF57)*H57 -> 562849.27
B58: =+MONTH(E58) -> 10 | C58: =+YEAR(E58) -> 2027 | D58: =+_xlfn.CONCAT(E58,G58) -> 46661TOTAL | E58: 46661 | G58: TOTAL | H58: =+SUM(H54:H57) -> 31 | I58: =+SUMPRODUCT(I54:I57,$H54:$H57) -> 781635.78 | J58: =+SUMPRODUCT(J54:J57,$H54:$H57) -> 771176.46 | K58: =+SUMPRODUCT(K54:K57,$H54:$H57) -> 764628.33 | L58: =+SUMPRODUCT(L54:L57,$H54:$H57) -> 762256.2 | M58: =+SUMPRODUCT(M54:M57,$H54:$H57) -> 761677.83 | N58: =+SUMPRODUCT(N54:N57,$H54:$H57) -> 767140.72 | O58: =+SUMPRODUCT(O54:O57,$H54:$H57) -> 781381.63 | P58: =+SUMPRODUCT(P54:P57,$H54:$H57) -> 764605.02 | ... AF58: =+SUMPRODUCT(AF54:AF57,$H54:$H57) -> 792697.97 | AG58: =SUM(I58:AF58) -> 19277289
B59: =+MONTH(E59) -> 11 | C59: =+YEAR(E59) -> 2027 | D59: =+_xlfn.CONCAT(B59:C59,G59) -> 112027OR | E59: 46692 | F59: =+AG63 -> 17098386 | G59: OR | H59: 20 | I59: 23189.358 | J59: 22841.705 | K59: 22629.26 | L59: 22570.3 | M59: 22555.544 | N59: 22844.471 | O59: 23643.66 | P59: 24069.24 | Q59: 24110.016 | R59: 23808.996 | S59: 24026.444 | T59: 23766.092 | U59: 23142.321 | V59: 23203.774 | W59: 23775.077 | X59: 25517.906 | Y59: 28118.729 | Z59: 29055.954 | AA59: 28364.479 | AB59: 27729.012 | AC59: 26756.11 | AD59: 25475.021 | AE59: 24389.176 | AF59: 23816.052 | AG59: =+SUM(I59:AF59)*H59 -> 11787974
B60: =+MONTH(E60) -> 11 | C60: =+YEAR(E60) -> 2027 | D60: =+_xlfn.CONCAT(B60:C60,G60) -> 112027SA | E60: 46692 | G60: SA | H60: 4 | I60: 23204.91 | J60: 22842.047 | K60: 22620.677 | L60: 22527.227 | M60: 22476.737 | N60: 22597.227 | O60: 23045.898 | P60: 23011.265 | Q60: 22764.987 | R60: 22417.891 | S60: 22558.248 | T60: 22166.904 | U60: 21548.487 | V60: 21222.211 | W60: 21279.818 | X60: 22915.781 | Y60: 25698.958 | Z60: 27207.165 | AA60: 26976.786 | AB60: 26597.389 | AC60: 25825.054 | AD60: 24630.236 | AE60: 23607.21 | AF60: 23044.61 | AG60: =+SUM(I60:AF60)*H60 -> 2251150.9
B61: =+MONTH(E61) -> 11 | C61: =+YEAR(E61) -> 2027 | D61: =+_xlfn.CONCAT(B61:C61,G61) -> 112027DO | E61: 46692 | G61: DO | H61: 4 | I61: 22352.7 | J61: 22064.295 | K61: 21858.957 | L61: 21735.523 | M61: 21725.501 | N61: 21548.156 | O61: 21063.728 | P61: 20007.098 | Q61: 19626.516 | R61: 19439.639 | S61: 19014.898 | T61: 18279.452 | U61: 18213.934 | V61: 17992.741 | W61: 18000.489 | X61: 19691.408 | Y61: 22665.744 | Z61: 24282.498 | AA61: 24427.1 | AB61: 24287.874 | AC61: 23743.938 | AD61: 23161.795 | AE61: 22662.247 | AF61: 22288.753 | AG61: =+SUM(I61:AF61)*H61 -> 2040539.9
B62: =+MONTH(E62) -> 11 | C62: =+YEAR(E62) -> 2027 | D62: =+_xlfn.CONCAT(B62:C62,G62) -> 112027FE | E62: 46692 | G62: FE | H62: 2 | I62: 22539.024 | J62: 22259.4 | K62: 22074.512 | L62: 21963.193 | M62: 21931.048 | N62: 21547.738 | O62: 20982.007 | P62: 20040.029 | Q62: 19148.993 | R62: 18824.08 | S62: 18641.47 | T62: 18389.284 | U62: 18271.057 | V62: 18017.145 | W62: 17999.866 | X62: 19712.657 | Y62: 22583.314 | Z62: 24278.186 | AA62: 24406.272 | AB62: 24341.822 | AC62: 23716.705 | AD62: 23054.287 | AE62: 22511.682 | AF62: 22126.828 | AG62: =+SUM(I62:AF62)*H62 -> 1018721.2
B63: =+MONTH(E63) -> 11 | C63: =+YEAR(E63) -> 2027 | D63: =+_xlfn.CONCAT(E63,G63) -> 46692TOTAL | E63: 46692 | G63: TOTAL | H63: =+SUM(H59:H62) -> 30 | I63: =+SUMPRODUCT(I59:I62,$H59:$H62) -> 691095.64 | J63: =+SUMPRODUCT(J59:J62,$H59:$H62) -> 680978.26 | K63: =+SUMPRODUCT(K59:K62,$H59:$H62) -> 674652.76 | L63: =+SUMPRODUCT(L59:L62,$H59:$H62) -> 672383.38 | M63: =+SUMPRODUCT(M59:M62,$H59:$H62) -> 671781.92 | N63: =+SUMPRODUCT(N59:N62,$H59:$H62) -> 676566.44 | O63: =+SUMPRODUCT(O59:O62,$H59:$H62) -> 691275.72 | P63: =+SUMPRODUCT(P59:P62,$H59:$H62) -> 693538.31 | ... AF63: =+SUMPRODUCT(AF59:AF62,$H59:$H62) -> 701908.15 | AG63: =SUM(I63:AF63) -> 17098386
B64: =+MONTH(E64) -> 12 | C64: =+YEAR(E64) -> 2027 | D64: =+_xlfn.CONCAT(B64:C64,G64) -> 122027OR | E64: 46722 | F64: =+AG68 -> 18753075 | G64: OR | H64: 22 | I64: 24705.205 | J64: 24357.641 | K64: 24145.16 | L64: 24084.691 | M64: 24073.536 | N64: 24372.116 | O64: 25226.603 | P64: 24663.675 | Q64: 24279.975 | R64: 23415.935 | S64: 23812.187 | T64: 24440.259 | U64: 24241.685 | V64: 24851.699 | W64: 26218.945 | X64: 28499.296 | Y64: 29876.157 | Z64: 30576.611 | AA64: 29888.129 | AB64: 29255.744 | AC64: 28279.975 | AD64: 26996.724 | AE64: 25908.121 | AF64: 25333.471 | AG64: =+SUM(I64:AF64)*H64 -> 13673078
B65: =+MONTH(E65) -> 12 | C65: =+YEAR(E65) -> 2027 | D65: =+_xlfn.CONCAT(B65:C65,G65) -> 122027SA | E65: 46722 | G65: SA | H65: 3 | I65: 24715.172 | J65: 24351.479 | K65: 24129.333 | L65: 24036.842 | M65: 23989.977 | N65: 24121.778 | O65: 24624.192 | P65: 23598.319 | Q65: 22927.483 | R65: 22263.296 | S65: 22337.855 | T65: 22833.41 | U65: 22638.772 | V65: 22861.623 | W65: 23715.134 | X65: 25886.779 | Y65: 27444.693 | Z65: 28715.782 | AA65: 28491.371 | AB65: 28111.817 | AC65: 27336.955 | AD65: 26140.616 | AE65: 25117.271 | AF65: 24553.687 | AG65: =+SUM(I65:AF65)*H65 -> 1784830.9
B66: =+MONTH(E66) -> 12 | C66: =+YEAR(E66) -> 2027 | D66: =+_xlfn.CONCAT(B66:C66,G66) -> 122027DO | E66: 46722 | G66: DO | H66: 4 | I66: 23837.288 | J66: 23550.619 | K66: 23346.026 | L66: 23223.5 | M66: 23211.703 | N66: 23047.179 | O66: 22619.853 | P66: 21702.322 | Q66: 21542.348 | R66: 20838.413 | S66: 19917.672 | T66: 19857.02 | U66: 19514.038 | V66: 19610.966 | W66: 20413.162 | X66: 22636.593 | Y66: 24387.068 | Z66: 25765.916 | AA66: 25916.257 | AB66: 25778.936 | AC66: 25235.611 | AD66: 24653.715 | AE66: 24153.7 | AF66: 23781.592 | AG66: =+SUM(I66:AF66)*H66 -> 2194166
B67: =+MONTH(E67) -> 12 | C67: =+YEAR(E67) -> 2027 | D67: =+_xlfn.CONCAT(B67:C67,G67) -> 122027FE | E67: 46722 | G67: FE | H67: 2 | I67: 24124.013 | J67: 23845.278 | K67: 23661.269 | L67: 23549.405 | M67: 23520.973 | N67: 23172.916 | O67: 22686.815 | P67: 21394.721 | Q67: 21315.346 | R67: 20903.341 | S67: 19765.064 | T67: 19391.965 | U67: 19515.702 | V67: 19812.006 | W67: 20589.374 | X67: 22833.132 | Y67: 24486.381 | Z67: 25929.359 | AA67: 26060.905 | AB67: 25985.155 | AC67: 25359.539 | AD67: 24691.565 | AE67: 24146.287 | AF67: 23759.752 | AG67: =+SUM(I67:AF67)*H67 -> 1101000.5
D68: =+_xlfn.CONCAT(E68,G68) -> 46722TOTAL | E68: 46722 | G68: TOTAL | H68: =+SUM(H64:H67) -> 31 | I68: =+SUMPRODUCT(I64:I67,$H64:$H67) -> 761257.21 | J68: =+SUMPRODUCT(J64:J67,$H64:$H67) -> 750815.57 | K68: =+SUMPRODUCT(K64:K67,$H64:$H67) -> 744288.15 | L68: =+SUMPRODUCT(L64:L67,$H64:$H67) -> 741966.53 | M68: =+SUMPRODUCT(M64:M67,$H64:$H67) -> 741476.49 | N68: =+SUMPRODUCT(N64:N67,$H64:$H67) -> 747086.44 | O68: =+SUMPRODUCT(O64:O67,$H64:$H67) -> 764710.89 | P68: =+SUMPRODUCT(P64:P67,$H64:$H67) -> 742994.54 | ... AF68: =+SUMPRODUCT(AF64:AF67,$H64:$H67) -> 773643.3 | AG68: =SUM(I68:AF68) -> 18753075
B69: =+MONTH(E69) -> 1 | C69: =+YEAR(E69) -> 2028 | D69: =+_xlfn.CONCAT(B69:C69,G69) -> 12028OR | E69: 46753 | F69: =+AG73 -> 30355853 | G69: OR | H69: 20 | I69: 37120.466 | J69: 36601.726 | K69: 36362.042 | L69: 35924.088 | M69: 36395.057 | N69: 36762.334 | O69: 38233.496 | P69: 38071.778 | Q69: 38029.502 | R69: 37792.542 | S69: 38983.56 | T69: 39632.592 | U69: 39595.923 | V69: 40178.461 | W69: 42356.824 | X69: 44108.574 | Y69: 46256.644 | Z69: 47707.438 | AA69: 47365.575 | AB69: 45692.637 | AC69: 44560.134 | AD69: 41682.818 | AE69: 39709.906 | AF69: 38084.391 | AG69: =ROUND(SUM(I69:AF69)*H69,2) -> 19344170
B70: =+MONTH(E70) -> 1 | C70: =+YEAR(E70) -> 2028 | D70: =+_xlfn.CONCAT(B70:C70,G70) -> 12028SA | E70: 46753 | G70: SA | H70: 4 | I70: 39162.315 | J70: 38772.998 | K70: 38056.499 | L70: 37435.571 | M70: 37659.936 | N70: 37668.543 | O70: 39250.511 | P70: 38129.606 | Q70: 37683.142 | R70: 37671.876 | S70: 39133.637 | T70: 39460.416 | U70: 39218.891 | V70: 39105.788 | W70: 40202.184 | X70: 41996.771 | Y70: 44483.395 | Z70: 46700.625 | AA70: 47094.049 | AB70: 45674.898 | AC70: 44276.214 | AD70: 41784.021 | AE70: 39876.774 | AF70: 38894.486 | AG70: =ROUND(SUM(I70:AF70)*H70,2) -> 3877572.6
B71: =+MONTH(E71) -> 1 | C71: =+YEAR(E71) -> 2028 | D71: =+_xlfn.CONCAT(B71:C71,G71) -> 12028DO | E71: 46753 | G71: DO | H71: 5 | I71: 42230.439 | J71: 41424.177 | K71: 40989.314 | L71: 40676.764 | M71: 40585.428 | N71: 40014.947 | O71: 40046.362 | P71: 38475.65 | Q71: 37603.688 | R71: 37158.38 | S71: 38626.598 | T71: 40094.567 | U71: 41372.895 | V71: 42343.54 | W71: 43493.935 | X71: 44702.937 | Y71: 47030.213 | Z71: 49588.661 | AA71: 50471.2 | AB71: 49287.733 | AC71: 47694.798 | AD71: 45794.581 | AE71: 44058.249 | AF71: 42900.813 | AG71: =ROUND(SUM(I71:AF71)*H71,2) -> 5133329.3
B72: =+MONTH(E72) -> 1 | C72: =+YEAR(E72) -> 2028 | D72: =+_xlfn.CONCAT(B72:C72,G72) -> 12028FE | E72: 46753 | G72: FE | H72: 2 | I72: 38388.257 | J72: 37793.204 | K72: 37465.84 | L72: 37219.983 | M72: 37534.412 | N72: 38488.818 | O72: 39944.619 | P72: 38554.126 | Q72: 37409.022 | R72: 36907.947 | S72: 38177.184 | T72: 39789.122 | U72: 41037.855 | V72: 41825.068 | W72: 43178.705 | X72: 44307.816 | Y72: 46992.646 | Z72: 49029.472 | AA72: 49347.393 | AB72: 48130.074 | AC72: 47075.109 | AD72: 45289.902 | AE72: 43773.191 | AF72: 42730.905 | AG72: =ROUND(SUM(I72:AF72)*H72,2) -> 2000781.3
B73: =+MONTH(E73) -> 1 | C73: =+YEAR(E73) -> 2028 | D73: =+_xlfn.CONCAT(E73,G73) -> 46753TOTAL | E73: 46753 | G73: TOTAL | H73: =+SUM(H69:H72) -> 31 | I73: =+SUMPRODUCT(I69:I72,$H69:$H72) -> 1186987.3 | J73: =+SUMPRODUCT(J69:J72,$H69:$H72) -> 1169833.8 | K73: =+SUMPRODUCT(K69:K72,$H69:$H72) -> 1159345.1 | L73: =+SUMPRODUCT(L69:L72,$H69:$H72) -> 1146047.8 | M73: =+SUMPRODUCT(M69:M72,$H69:$H72) -> 1156536.8 | N73: =+SUMPRODUCT(N69:N72,$H69:$H72) -> 1162973.2 | O73: =+SUMPRODUCT(O69:O72,$H69:$H72) -> 1201793 | P73: =+SUMPRODUCT(P69:P72,$H69:$H72) -> 1183440.5 | ... AF73: =+SUMPRODUCT(AF69:AF72,$H69:$H72) -> 1217231.6 | AG73: =SUM(I73:AF73) -> 30355853
B74: =+MONTH(E74) -> 2 | C74: =+YEAR(E74) -> 2028 | D74: =+_xlfn.CONCAT(B74:C74,G74) -> 22028OR | E74: 46784 | F74: =+AG78 -> 28797790 | G74: OR | H74: 21 | I74: 37671.585 | J74: 37140.264 | K74: 36904.46 | L74: 36459.347 | M74: 36961.596 | N74: 37382.093 | O74: 39007.414 | P74: 38938.617 | Q74: 38983.18 | R74: 38798.681 | S74: 40068.249 | T74: 40753.901 | U74: 40695.301 | V74: 41258.43 | W74: 43441.813 | X74: 45197.462 | Y74: 47342.652 | Z74: 48746.657 | AA74: 48316.863 | AB74: 46562.845 | AC74: 45383.402 | AD74: 42416.507 | AE74: 40358.965 | AF74: 38706.099 | AG74: =+SUM(I74:AF74)*H74 -> 20737424
B75: =+MONTH(E75) -> 2 | C75: =+YEAR(E75) -> 2028 | D75: =+_xlfn.CONCAT(B75:C75,G75) -> 22028SA | E75: 46784 | G75: SA | H75: 4 | I75: 39602.105 | J75: 39182.908 | K75: 38447.029 | L75: 37807.071 | M75: 38059.266 | N75: 38100.183 | O75: 39759.781 | P75: 38689.726 | Q75: 38299.382 | R75: 38303.716 | S75: 39831.937 | T75: 40151.126 | U75: 39869.671 | V75: 39696.418 | W75: 40803.834 | X75: 42603.931 | Y75: 45085.355 | Z75: 47302.365 | AA75: 47688.319 | AB75: 46180.738 | AC75: 44732.194 | AD75: 42172.901 | AE75: 40203.604 | AF75: 39192.036 | AG75: =+SUM(I75:AF75)*H75 -> 3927062.4
B76: =+MONTH(E76) -> 2 | C76: =+YEAR(E76) -> 2028 | D76: =+_xlfn.CONCAT(B76:C76,G76) -> 22028DO | E76: 46784 | G76: DO | H76: 4 | I76: 42453.219 | J76: 41621.937 | K76: 41212.104 | L76: 40890.034 | M76: 40802.878 | N76: 40203.057 | O76: 40241.272 | P76: 38711.77 | Q76: 37891.738 | R76: 37468.56 | S76: 38959.908 | T76: 40434.967 | U76: 41713.925 | V76: 42713.6 | W76: 43855.695 | X76: 45074.047 | Y76: 47399.513 | Z76: 49918.791 | AA76: 50836.99 | AB76: 49590.573 | AC76: 47964.328 | AD76: 46016.021 | AE76: 44265.269 | AF76: 43085.633 | AG76: =+SUM(I76:AF76)*H76 -> 4133303.3
B77: =+MONTH(E77) -> 2 | C77: =+YEAR(E77) -> 2028 | D77: =+_xlfn.CONCAT(B77:C77,G77) -> 22028FE | E77: 46784 | G77: FE | H77: 0 | I77: 0 | J77: 0 | K77: 0 | L77: 0 | M77: 0 | N77: 0 | O77: 0 | P77: 0 | Q77: 0 | R77: 0 | S77: 0 | T77: 0 | U77: 0 | V77: 0 | W77: 0 | X77: 0 | Y77: 0 | Z77: 0 | AA77: 0 | AB77: 0 | AC77: 0 | AD77: 0 | AE77: 0 | AF77: 0 | AG77: =+SUM(I77:AF77)*H77 -> 0
B78: =+MONTH(E78) -> 2 | C78: =+YEAR(E78) -> 2028 | D78: =+_xlfn.CONCAT(E78,G78) -> 46784TOTAL | E78: 46784 | G78: TOTAL | H78: =+SUM(H74:H77) -> 29 | I78: =+SUMPRODUCT(I74:I77,$H74:$H77) -> 1119324.6 | J78: =+SUMPRODUCT(J74:J77,$H74:$H77) -> 1103164.9 | K78: =+SUMPRODUCT(K74:K77,$H74:$H77) -> 1093630.2 | L78: =+SUMPRODUCT(L74:L77,$H74:$H77) -> 1080434.7 | M78: =+SUMPRODUCT(M74:M77,$H74:$H77) -> 1091642.1 | N78: =+SUMPRODUCT(N74:N77,$H74:$H77) -> 1098236.9 | O78: =+SUMPRODUCT(O74:O77,$H74:$H77) -> 1139159.9 | P78: =+SUMPRODUCT(P74:P77,$H74:$H77) -> 1127316.9 | ... AF78: =+SUMPRODUCT(AF74:AF77,$H74:$H77) -> 1141938.8 | AG78: =SUM(I78:AF78) -> 28797790
B79: =+MONTH(E79) -> 3 | C79: =+YEAR(E79) -> 2028 | D79: =+_xlfn.CONCAT(B79:C79,G79) -> 32028OR | E79: 46813 | F79: =+AG83 -> 31111545 | G79: OR | H79: 22 | I79: 38012.875 | J79: 37486.844 | K79: 37259.09 | L79: 36818.497 | M79: 37342.125 | N79: 37807.213 | O79: 39488.954 | P79: 39412.306 | Q79: 39446.4 | R79: 39240.511 | S79: 40527.988 | T79: 41217.26 | U79: 41164.931 | V79: 41709.62 | W79: 43885.772 | X79: 45649.352 | Y79: 47803.622 | Z79: 49214.277 | AA79: 48777.263 | AB79: 46986.335 | AC79: 45801.052 | AD79: 42808.626 | AE79: 40723.905 | AF79: 39067.589 | AG79: =+SUM(I79:AF79)*H79 -> 21948353
B80: =+MONTH(E80) -> 3 | C80: =+YEAR(E80) -> 2028 | D80: =+_xlfn.CONCAT(B80:C80,G80) -> 32028SA | E80: 46813 | G80: SA | H80: 4 | I80: 39866.265 | J80: 39446.528 | K80: 38703.489 | L80: 38058.401 | M80: 38325.756 | N80: 38402.253 | O80: 40086.991 | P80: 39000.096 | Q80: 38600.462 | R80: 38573.116 | S80: 40108.827 | T80: 40413.936 | U80: 40134.501 | V80: 39934.608 | W80: 41054.514 | X80: 42875.241 | Y80: 45366.355 | Z80: 47590.685 | AA80: 47973.679 | AB80: 46429.218 | AC80: 44984.324 | AD80: 42428.531 | AE80: 40463.034 | AF80: 39443.086 | AG80: =+SUM(I80:AF80)*H80 -> 3953055.6
B81: =+MONTH(E81) -> 3 | C81: =+YEAR(E81) -> 2028 | D81: =+_xlfn.CONCAT(B81:C81,G81) -> 32028DO | E81: 46813 | G81: DO | H81: 4 | I81: 41916.299 | J81: 41132.507 | K81: 40747.494 | L81: 40425.374 | M81: 40475.418 | N81: 40449.357 | O81: 40984.742 | P81: 39471.72 | Q81: 38527.268 | R81: 38071.46 | S81: 39486.298 | T81: 41094.907 | U81: 42425.735 | V81: 43426.63 | W81: 44634.775 | X81: 45805.887 | Y81: 48305.803 | Z81: 50576.161 | AA81: 51403.71 | AB81: 50024.473 | AC81: 48580.208 | AD81: 46665.581 | AE81: 44975.329 | AF81: 43793.763 | AG81: =+SUM(I81:AF81)*H81 -> 4173603.6
B82: =+MONTH(E82) -> 3 | C82: =+YEAR(E82) -> 2028 | D82: =+_xlfn.CONCAT(B82:C82,G82) -> 32028FE | E82: 46813 | G82: FE | H82: 1 | I82: 39381.407 | J82: 38770.994 | K82: 38472.57 | L82: 38203.683 | M82: 38590.272 | N82: 39776.548 | O82: 41521.049 | P82: 40203.346 | Q82: 39056.252 | R82: 38556.357 | S82: 39833.784 | T82: 41534.882 | U82: 42806.385 | V82: 43646.418 | W82: 45059.195 | X82: 46203.046 | Y82: 48980.306 | Z82: 50780.982 | AA82: 51103.663 | AB82: 49624.904 | AC82: 48551.819 | AD82: 46696.382 | AE82: 45144.411 | AF82: 44034.045 | AG82: =+SUM(I82:AF82)*H82 -> 1036532.7
B83: =+MONTH(E83) -> 3 | C83: =+YEAR(E83) -> 2028 | D83: =+_xlfn.CONCAT(E83,G83) -> 46813TOTAL | E83: 46813 | G83: TOTAL | H83: =+SUM(H79:H82) -> 31 | I83: =+SUMPRODUCT(I79:I82,$H79:$H82) -> 1202794.9 | J83: =+SUMPRODUCT(J79:J82,$H79:$H82) -> 1185797.7 | K83: =+SUMPRODUCT(K79:K82,$H79:$H82) -> 1175976.5 | L83: =+SUMPRODUCT(L79:L82,$H79:$H82) -> 1162145.7 | M83: =+SUMPRODUCT(M79:M82,$H79:$H82) -> 1175321.7 | N83: =+SUMPRODUCT(N79:N82,$H79:$H82) -> 1186941.7 | O83: =+SUMPRODUCT(O79:O82,$H79:$H82) -> 1234565 | P83: =+SUMPRODUCT(P79:P82,$H79:$H82) -> 1221161.3 | ... AF83: =+SUMPRODUCT(AF79:AF82,$H79:$H82) -> 1236468.4 | AG83: =SUM(I83:AF83) -> 31111545
B84: =+MONTH(E84) -> 4 | C84: =+YEAR(E84) -> 2028 | D84: =+_xlfn.CONCAT(B84:C84,G84) -> 42028OR | E84: 46844 | F84: =+AG88 -> 29697309 | G84: OR | H84: 18 | I84: 37414.496 | J84: 36900.666 | K84: 36686.652 | L84: 36260.858 | M84: 36782.097 | N84: 37227.744 | O84: 38817.846 | P84: 38626.858 | Q84: 38552.772 | R84: 38264.162 | S84: 39495.43 | T84: 40146.842 | U84: 40130.873 | V84: 40665.591 | W84: 42828.604 | X84: 44607.154 | Y84: 46778.884 | Z84: 48244.298 | AA84: 47888.295 | AB84: 46129.687 | AC84: 45007.504 | AD84: 42079.038 | AE84: 40049.136 | AF84: 38417.201 | AG84: =+SUM(I84:AF84)*H84 -> 17604048
B85: =+MONTH(E85) -> 4 | C85: =+YEAR(E85) -> 2028 | D85: =+_xlfn.CONCAT(B85:C85,G85) -> 42028SA | E85: 46844 | G85: SA | H85: 5 | I85: 39384.595 | J85: 38980.408 | K85: 38251.059 | L85: 37615.471 | M85: 37883.666 | N85: 37961.523 | O85: 39605.791 | P85: 38452.076 | Q85: 37986.892 | R85: 37895.186 | S85: 39380.607 | T85: 39666.536 | U85: 39433.881 | V85: 39246.468 | W85: 40380.414 | X85: 42223.251 | Y85: 44726.615 | Z85: 46974.045 | AA85: 47372.169 | AB85: 45855.348 | AC85: 44467.754 | AD85: 41981.391 | AE85: 40079.734 | AF85: 39074.436 | AG85: =+SUM(I85:AF85)*H85 -> 4874396.6
B86: =+MONTH(E86) -> 4 | C86: =+YEAR(E86) -> 2028 | D86: =+_xlfn.CONCAT(B86:C86,G86) -> 42028DO | E86: 46844 | G86: DO | H86: 5 | I86: 42173.409 | J86: 41365.097 | K86: 40991.604 | L86: 40667.944 | M86: 40590.498 | N86: 39975.387 | O86: 40048.902 | P86: 38517.79 | Q86: 37695.038 | R86: 37238.17 | S86: 38666.078 | T86: 40088.897 | U86: 41383.535 | V86: 42401.17 | W86: 43565.615 | X86: 44792.387 | Y86: 47135.893 | Z86: 49623.401 | AA86: 50568.24 | AB86: 49308.103 | AC86: 47730.458 | AD86: 45785.051 | AE86: 44059.719 | AF86: 42872.493 | AG86: =+SUM(I86:AF86)*H86 -> 5136224.4
B87: =+MONTH(E87) -> 4 | C87: =+YEAR(E87) -> 2028 | D87: =+_xlfn.CONCAT(B87:C87,G87) -> 42028FE | E87: 46844 | G87: FE | H87: 2 | I87: 39580.867 | J87: 38970.454 | K87: 38672.02 | L87: 38403.143 | M87: 38789.732 | N87: 39975.998 | O87: 41720.509 | P87: 40402.796 | Q87: 39255.712 | R87: 38755.807 | S87: 40033.244 | T87: 41734.342 | U87: 43005.845 | V87: 43845.868 | W87: 45258.655 | X87: 46402.506 | Y87: 49179.766 | Z87: 50980.442 | AA87: 51303.123 | AB87: 49824.364 | AC87: 48751.269 | AD87: 46895.842 | AE87: 45343.861 | AF87: 44233.495 | AG87: =+SUM(I87:AF87)*H87 -> 2082639.3
B88: =+MONTH(E88) -> 4 | C88: =+YEAR(E88) -> 2028 | D88: =+_xlfn.CONCAT(E88,G88) -> 46844TOTAL | E88: 46844 | G88: TOTAL | H88: =+SUM(H84:H87) -> 30 | I88: =+SUMPRODUCT(I84:I87,$H84:$H87) -> 1160412.7 | J88: =+SUMPRODUCT(J84:J87,$H84:$H87) -> 1143880.4 | K88: =+SUMPRODUCT(K84:K87,$H84:$H87) -> 1133917.1 | L88: =+SUMPRODUCT(L84:L87,$H84:$H87) -> 1120918.8 | M88: =+SUMPRODUCT(M84:M87,$H84:$H87) -> 1132028 | N88: =+SUMPRODUCT(N84:N87,$H84:$H87) -> 1139735.9 | O88: =+SUMPRODUCT(O84:O87,$H84:$H87) -> 1180435.7 | P88: =+SUMPRODUCT(P84:P87,$H84:$H87) -> 1160938.4 | ... AF88: =+SUMPRODUCT(AF84:AF87,$H84:$H87) -> 1189711.2 | AG88: =SUM(I88:AF88) -> 29697309
B89: =+MONTH(E89) -> 5 | C89: =+YEAR(E89) -> 2028 | D89: =+_xlfn.CONCAT(B89:C89,G89) -> 52028OR | E89: 46874 | F89: =+AG93 -> 30346977 | G89: OR | H89: 21 | I89: 36918.156 | J89: 36404.506 | K89: 36192.512 | L89: 35765.298 | M89: 36305.977 | N89: 36797.444 | O89: 38469.796 | P89: 38313.398 | Q89: 38269.402 | R89: 37992.162 | S89: 39259.37 | T89: 39927.642 | U89: 39903.963 | V89: 40426.251 | W89: 42587.734 | X89: 44367.754 | Y89: 46541.054 | Z89: 47992.418 | AA89: 47600.785 | AB89: 45798.377 | AC89: 44648.254 | AD89: 41674.418 | AE89: 39601.026 | AF89: 37957.271 | AG89: =+SUM(I89:AF89)*H89 -> 20364014
B90: =+MONTH(E90) -> 5 | C90: =+YEAR(E90) -> 2028 | D90: =+_xlfn.CONCAT(B90:C90,G90) -> 52028SA | E90: 46874 | G90: SA | H90: 4 | I90: 38988.985 | J90: 38574.108 | K90: 37827.949 | L90: 37180.511 | M90: 37464.956 | N90: 37581.363 | O90: 39279.761 | P90: 38150.706 | Q90: 37717.732 | R90: 37632.676 | S90: 39158.997 | T90: 39441.766 | U90: 39181.011 | V90: 38955.978 | W90: 40094.664 | X90: 41946.021 | Y90: 44452.175 | Z90: 46692.745 | AA90: 47077.779 | AB90: 45502.148 | AC90: 44081.434 | AD90: 41553.921 | AE90: 39615.084 | AF90: 38590.986 | AG90: =+SUM(I90:AF90)*H90 -> 3866973.8
B91: =+MONTH(E91) -> 5 | C91: =+YEAR(E91) -> 2028 | D91: =+_xlfn.CONCAT(B91:C91,G91) -> 52028DO | E91: 46874 | G91: DO | H91: 4 | I91: 41748.649 | J91: 40933.117 | K91: 40569.494 | L91: 40236.724 | M91: 40159.848 | N91: 39523.667 | O91: 39612.652 | P91: 38123.73 | Q91: 37329.938 | R91: 36886.89 | S91: 38339.218 | T91: 39768.567 | U91: 41064.875 | V91: 42093.76 | W91: 43247.395 | X91: 44476.947 | Y91: 46820.263 | Z91: 49281.001 | AA91: 50247.79 | AB91: 48945.993 | AC91: 47338.268 | AD91: 45350.731 | AE91: 43610.059 | AF91: 42403.853 | AG91: =+SUM(I91:AF91)*H91 -> 4072453.7
B92: =+MONTH(E92) -> 5 | C92: =+YEAR(E92) -> 2028 | D92: =+_xlfn.CONCAT(B92:C92,G92) -> 52028FE | E92: 46874 | G92: FE | H92: 2 | I92: 38642.597 | J92: 38042.684 | K92: 37763.23 | L92: 37489.843 | M92: 37905.742 | N92: 39145.668 | O92: 41023.039 | P92: 39691.566 | Q92: 38541.652 | R92: 38012.957 | S92: 39225.514 | T92: 40920.322 | U92: 42186.465 | V92: 43052.068 | W92: 44530.195 | X92: 45715.906 | Y92: 48534.206 | Z92: 50224.452 | AA92: 50542.293 | AB92: 48939.784 | AC92: 47869.929 | AD92: 46013.942 | AE92: 44446.481 | AF92: 43307.035 | AG92: =+SUM(I92:AF92)*H92 -> 2043535.1
B93: =+MONTH(E93) -> 5 | C93: =+YEAR(E93) -> 2028 | D93: =+_xlfn.CONCAT(E93,G93) -> 46874TOTAL | E93: 46874 | G93: TOTAL | H93: =+SUM(H89:H92) -> 31 | I93: =+SUMPRODUCT(I89:I92,$H89:$H92) -> 1175517 | J93: =+SUMPRODUCT(J89:J92,$H89:$H92) -> 1158608.9 | K93: =+SUMPRODUCT(K89:K92,$H89:$H92) -> 1149159 | L93: =+SUMPRODUCT(L89:L92,$H89:$H92) -> 1135719.9 | M93: =+SUMPRODUCT(M89:M92,$H89:$H92) -> 1148736.2 | N93: =+SUMPRODUCT(N89:N92,$H89:$H92) -> 1159457.8 | O93: =+SUMPRODUCT(O89:O92,$H89:$H92) -> 1205481.4 | P93: =+SUMPRODUCT(P89:P92,$H89:$H92) -> 1189062.2 | ... AF93: =+SUMPRODUCT(AF89:AF92,$H89:$H92) -> 1207696.1 | AG93: =SUM(I93:AF93) -> 30346977
B94: =+MONTH(E94) -> 6 | C94: =+YEAR(E94) -> 2028 | D94: =+_xlfn.CONCAT(B94:C94,G94) -> 62028OR | E94: 46905 | F94: =+AG98 -> 30374910 | G94: OR | H94: 20 | I94: 38291.156 | J94: 37776.926 | K94: 37564.462 | L94: 37136.418 | M94: 37678.867 | N94: 38175.164 | O94: 39858.886 | P94: 39710.878 | Q94: 39674.582 | R94: 39402.252 | S94: 40675.19 | T94: 41346.702 | U94: 41320.633 | V94: 41842.351 | W94: 44004.324 | X94: 45783.754 | Y94: 47956.354 | Z94: 49403.918 | AA94: 49005.395 | AB94: 47197.717 | AC94: 46042.214 | AD94: 43061.468 | AE94: 40981.766 | AF94: 39335.841 | AG94: =+SUM(I94:AF94)*H94 -> 20064544
B95: =+MONTH(E95) -> 6 | C95: =+YEAR(E95) -> 2028 | D95: =+_xlfn.CONCAT(B95:C95,G95) -> 62028SA | E95: 46905 | G95: SA | H95: 4 | I95: 40301.505 | J95: 39886.358 | K95: 39139.849 | L95: 38492.171 | M95: 38776.846 | N95: 38893.813 | O95: 40593.301 | P95: 39465.096 | Q95: 39033.082 | R95: 38948.586 | S95: 40475.877 | T95: 40758.746 | U95: 40497.231 | V95: 40271.558 | W95: 41410.204 | X95: 43261.521 | Y95: 45767.635 | Z95: 48007.935 | AA95: 48392.669 | AB95: 46815.968 | AC95: 45394.344 | AD95: 42865.721 | AE95: 40925.874 | AF95: 39901.386 | AG95: =+SUM(I95:AF95)*H95 -> 3993109.1
B96: =+MONTH(E96) -> 6 | C96: =+YEAR(E96) -> 2028 | D96: =+_xlfn.CONCAT(B96:C96,G96) -> 62028DO | E96: 46905 | G96: DO | H96: 4 | I96: 43214.309 | J96: 42395.257 | K96: 42031.594 | L96: 41696.584 | M96: 41619.168 | N96: 40978.617 | O96: 41069.092 | P96: 39591.21 | Q96: 38805.118 | R96: 38368.06 | S96: 39831.248 | T96: 41266.027 | U96: 42561.645 | V96: 43592.16 | W96: 44741.395 | X96: 45971.077 | Y96: 48313.043 | Z96: 50769.121 | AA96: 51739.69 | AB96: 50428.083 | AC96: 48809.088 | AD96: 46810.421 | AE96: 45063.959 | AF96: 43853.373 | AG96: =+SUM(I96:AF96)*H96 -> 4214077.4
B97: =+MONTH(E97) -> 6 | C97: =+YEAR(E97) -> 2028 | D97: =+_xlfn.CONCAT(B97:C97,G97) -> 62028FE | E97: 46905 | G97: FE | H97: 2 | I97: 39899.817 | J97: 39300.474 | K97: 39021.02 | L97: 38748.243 | M97: 39162.592 | N97: 40396.268 | O97: 42266.929 | P97: 40932.276 | Q97: 39781.762 | R97: 39251.617 | S97: 40461.754 | T97: 42152.922 | U97: 43418.795 | V97: 44284.018 | W97: 45762.495 | X97: 46948.676 | Y97: 49765.216 | Z97: 51459.922 | AA97: 51778.133 | AB97: 50180.304 | AC97: 49111.779 | AD97: 47258.442 | AE97: 45692.141 | AF97: 44553.955 | AG97: =+SUM(I97:AF97)*H97 -> 2103179.1
B98: =+MONTH(E98) -> 6 | C98: =+YEAR(E98) -> 2028 | D98: =+_xlfn.CONCAT(E98,G98) -> 46905TOTAL | E98: 46905 | G98: TOTAL | H98: =+SUM(H94:H97) -> 30 | I98: =+SUMPRODUCT(I94:I97,$H94:$H97) -> 1179686 | J98: =+SUMPRODUCT(J94:J97,$H94:$H97) -> 1163265.9 | K98: =+SUMPRODUCT(K94:K97,$H94:$H97) -> 1154017 | L98: =+SUMPRODUCT(L94:L97,$H94:$H97) -> 1140979.9 | M98: =+SUMPRODUCT(M94:M97,$H94:$H97) -> 1153486.6 | N98: =+SUMPRODUCT(N94:N97,$H94:$H97) -> 1163785.5 | O98: =+SUMPRODUCT(O94:O97,$H94:$H97) -> 1208361.1 | P98: =+SUMPRODUCT(P94:P97,$H94:$H97) -> 1192307.3 | ... AF98: =+SUMPRODUCT(AF94:AF97,$H94:$H97) -> 1210843.8 | AG98: =SUM(I98:AF98) -> 30374910
B99: =+MONTH(E99) -> 7 | C99: =+YEAR(E99) -> 2028 | D99: =+_xlfn.CONCAT(B99:C99,G99) -> 72028OR | E99: 46935 | F99: =+AG103 -> 31417724 | G99: OR | H99: 19 | I99: 38256.236 | J99: 37743.336 | K99: 37532.142 | L99: 37105.898 | M99: 37645.857 | N99: 38134.774 | O99: 39798.996 | P99: 39634.438 | Q99: 39582.782 | R99: 39300.032 | S99: 40562.68 | T99: 41228.092 | U99: 41206.903 | V99: 41728.941 | W99: 43889.644 | X99: 45670.554 | Y99: 47844.904 | Z99: 49300.108 | AA99: 48914.585 | AB99: 47115.467 | AC99: 45970.114 | AD99: 43001.608 | AE99: 40932.906 | AF99: 39291.031 | AG99: =+SUM(I99:AF99)*H99 -> 19026449
B100: =+MONTH(E100) -> 7 | C100: =+YEAR(E100) -> 2028 | D100: =+_xlfn.CONCAT(B100:C100,G100) -> 72028SA | E100: 46935 | G100: SA | H100: 5 | I100: 40346.695 | J100: 39932.778 | K100: 39187.539 | L100: 38540.741 | M100: 38825.056 | N100: 38941.113 | O100: 40636.741 | P100: 39503.816 | Q100: 39066.962 | R100: 38978.366 | S100: 40501.527 | T100: 40783.296 | U100: 40525.371 | V100: 40301.428 | W100: 41440.804 | X100: 43293.261 | Y100: 45800.045 | Z100: 48041.945 | AA100: 48427.929 | AB100: 46854.428 | AC100: 45437.164 | AD100: 42913.851 | AE100: 40978.854 | AF100: 39955.746 | AG100: =+SUM(I100:AF100)*H100 -> 4996077.3
B101: =+MONTH(E101) -> 7 | C101: =+YEAR(E101) -> 2028 | D101: =+_xlfn.CONCAT(B101:C101,G101) -> 72028DO | E101: 46935 | G101: DO | H101: 5 | I101: 43432.519 | J101: 42611.157 | K101: 42248.254 | L101: 41911.414 | M101: 41833.768 | N101: 41189.397 | O101: 41281.822 | P101: 39812.75 | Q101: 39032.758 | R101: 38599.75 | S101: 40070.238 | T101: 41508.217 | U101: 42803.635 | V101: 43835.85 | W101: 44982.055 | X101: 46212.017 | Y101: 48553.303 | Z101: 51004.951 | AA101: 51979.14 | AB101: 50659.373 | AC101: 49032.418 | AD101: 47024.921 | AE101: 45274.379 | AF101: 44060.133 | AG101: =+SUM(I101:AF101)*H101 -> 5294771.1
B102: =+MONTH(E102) -> 7 | C102: =+YEAR(E102) -> 2028 | D102: =+_xlfn.CONCAT(B102:C102,G102) -> 72028FE | E102: 46935 | G102: FE | H102: 2 | I102: 39879.917 | J102: 39282.434 | K102: 39003.48 | L102: 38732.303 | M102: 39143.092 | N102: 40360.808 | O102: 42216.359 | P102: 40872.476 | Q102: 39720.252 | R102: 39185.257 | S102: 40386.944 | T102: 42067.822 | U102: 43332.805 | V102: 44197.648 | W102: 45678.855 | X102: 46867.456 | Y102: 49680.176 | Z102: 51384.362 | AA102: 51703.483 | AB102: 50115.374 | AC102: 49050.609 | AD102: 47204.662 | AE102: 45641.181 | AF102: 44505.725 | AG102: =+SUM(I102:AF102)*H102 -> 2100427
B103: =+MONTH(E103) -> 7 | C103: =+YEAR(E103) -> 2028 | D103: =+_xlfn.CONCAT(E103,G103) -> 46935TOTAL | E103: 46935 | G103: TOTAL | H103: =+SUM(H99:H102) -> 31 | I103: =+SUMPRODUCT(I99:I102,$H99:$H102) -> 1225524.4 | J103: =+SUMPRODUCT(J99:J102,$H99:$H102) -> 1208407.9 | K103: =+SUMPRODUCT(K99:K102,$H99:$H102) -> 1198296.6 | L103: =+SUMPRODUCT(L99:L102,$H99:$H102) -> 1184737.4 | M103: =+SUMPRODUCT(M99:M102,$H99:$H102) -> 1196851.6 | N103: =+SUMPRODUCT(N99:N102,$H99:$H102) -> 1205934.9 | O103: =+SUMPRODUCT(O99:O102,$H99:$H102) -> 1250206.4 | P103: =+SUMPRODUCT(P99:P102,$H99:$H102) -> 1231382.1 | ... AF103: =+SUMPRODUCT(AF99:AF102,$H99:$H102) -> 1255620.4 | AG103: =SUM(I103:AF103) -> 31417724
...

Sheet PRODUCTO 2
C1: CP-GNCC2026-002
C2: CP-GNCC2026-002-PROD02
C3: CANTIDAD EN: | D3: KWh
C4: MODALIDAD: | D4: PAGUE LO CONTRATADO
C5: OFERENTE:
C9: MES DE SUMINISTRO | D9: ENERGÍA SOLICITADA (KWh) | E9: % ENERGÍA OFRECIDA | F9: ENERGÍA OFRECIDA (KWh) | G9: PRECIO OFERTADO ($/KWh)
C10: 46388 | D10: =+_xlfn.XLOOKUP(_xlfn.CONCAT(C10,"TOTAL"),'Cantidades horarias PROD 02'!D:D,'Cantidades horarias PROD 02'!AG:AG) -> 3065513.9 | E10: 1 | F10: =ROUND(D10*$E10,2) -> 3065513.9
C11: 46419 | D11: =+_xlfn.XLOOKUP(_xlfn.CONCAT(C11,"TOTAL"),'Cantidades horarias PROD 02'!D:D,'Cantidades horarias PROD 02'!AG:AG) -> 2787686.4 | E11: 1 | F11: =ROUND(D11*$E11,2) -> 2787686.4
C12: 46447 | D12: =+_xlfn.XLOOKUP(_xlfn.CONCAT(C12,"TOTAL"),'Cantidades horarias PROD 02'!D:D,'Cantidades horarias PROD 02'!AG:AG) -> 3260243.7 | E12: 1 | F12: =ROUND(D12*$E12,2) -> 3260243.7
C13: 46478 | D13: =+_xlfn.XLOOKUP(_xlfn.CONCAT(C13,"TOTAL"),'Cantidades horarias PROD 02'!D:D,'Cantidades horarias PROD 02'!AG:AG) -> 4045630.7 | E13: 1 | F13: =ROUND(D13*$E13,2) -> 4045630.7
C14: 46508 | D14: =+_xlfn.XLOOKUP(_xlfn.CONCAT(C14,"TOTAL"),'Cantidades horarias PROD 02'!D:D,'Cantidades horarias PROD 02'!AG:AG) -> 4895874 | E14: 1 | F14: =ROUND(D14*$E14,2) -> 4895874
C15: 46539 | D15: =+_xlfn.XLOOKUP(_xlfn.CONCAT(C15,"TOTAL"),'Cantidades horarias PROD 02'!D:D,'Cantidades horarias PROD 02'!AG:AG) -> 5151912.8 | E15: 1 | F15: =ROUND(D15*$E15,2) -> 5151912.8
C16: 46569 | D16: =+_xlfn.XLOOKUP(_xlfn.CONCAT(C16,"TOTAL"),'Cantidades horarias PROD 02'!D:D,'Cantidades horarias PROD 02'!AG:AG) -> 5223724.7 | E16: 1 | F16: =ROUND(D16*$E16,2) -> 5223724.7
C17: 46600 | D17: =+_xlfn.XLOOKUP(_xlfn.CONCAT(C17,"TOTAL"),'Cantidades horarias PROD 02'!D:D,'Cantidades horarias PROD 02'!AG:AG) -> 4262962.6 | E17: 1 | F17: =ROUND(D17*$E17,2) -> 4262962.5
C18: 46631 | D18: =+_xlfn.XLOOKUP(_xlfn.CONCAT(C18,"TOTAL"),'Cantidades horarias PROD 02'!D:D,'Cantidades horarias PROD 02'!AG:AG) -> 4192126.6 | E18: 1 | F18: =ROUND(D18*$E18,2) -> 4192126.6
C19: 46661 | D19: =+_xlfn.XLOOKUP(_xlfn.CONCAT(C19,"TOTAL"),'Cantidades horarias PROD 02'!D:D,'Cantidades horarias PROD 02'!AG:AG) -> 4154381 | E19: 1 | F19: =ROUND(D19*$E19,2) -> 4154381
C20: 46692 | D20: =+_xlfn.XLOOKUP(_xlfn.CONCAT(C20,"TOTAL"),'Cantidades horarias PROD 02'!D:D,'Cantidades horarias PROD 02'!AG:AG) -> 4343197.7 | E20: 1 | F20: =ROUND(D20*$E20,2) -> 4343197.7
C21: 46722 | D21: =+_xlfn.XLOOKUP(_xlfn.CONCAT(C21,"TOTAL"),'Cantidades horarias PROD 02'!D:D,'Cantidades horarias PROD 02'!AG:AG) -> 4433241.9 | E21: 1 | F21: =ROUND(D21*$E21,2) -> 4433241.9
... C57: 47818 | D57: =+_xlfn.XLOOKUP(_xlfn.CONCAT(C57,"TOTAL"),'Cantidades horarias PROD 02'!D:D,'Cantidades horarias PROD 02'!AG:AG) -> 4585005.4 | E57: 1 | F57: =ROUND(D57*$E57,2) -> 4585005.4
C58: TOTAL | D58: =SUM(D10:D57) -> 2.0970857e+08 | E58: =IFERROR(F58/D58,0) -> 1 | F58: =SUM(F10:F57) -> 2.0970857e+08 | G58: =+(+SUM(F10:F21)*G10+SUM(F22:F33)*G22+SUM(F34:F45)*G34+SUM(F46:F57)*G46)/F58 -> 0
C60: Nota
C61: 1. $/kWh expresados en pesos de abril de 2026. (IPP)
C62: 2. La energia ofertada se despachara conforme a las cantidades horarias de este anexo
C66: XXXXXXXXXXXXXXXXXXXXXXXX
C67: REPRESENTANTE LEGAL
C68: XXXXXXXXXXXXXXXXXX.SA.E.S.P
C74: XXXXXXXXXXXXXXXXXXXXXX S.A E.S.P
C76: Nota
C77: 1. $/kWh expresados en pesos de octubre 2025.
C78: 2. La energia ofertada se despachara conforme a las cantidades horarias de este anexo
C82: XXXXXXXXXXXXXXXXXXXXXXXX
C83: REPRESENTANTE LEGAL
C84: XXXXXXXXXXXXXXXXXXXXXX S.A E.S.P

Sheet Cantidades horarias PROD 02
E1: CUADRO DE CANTIDADES HORARIAS OFRECIDAS
E2: CANTIDADES DE ENERGIA (KWh) - PRODUCTO 1
E3: PAGUE LO CONTRATADO
E5: OFERENTE:
B8: MES | C8: AÑO | D8: LLAVE | F8: Cantidad Ofrecida | G8: Tipo de día | H8: N° días mes | I8: H1 | J8: H2 | K8: H3 | L8: H4 | M8: H5 | N8: H6 | O8: H7 | P8: H8 | Q8: H9 | R8: H10 | S8: H11 | T8: H12 | U8: H13 | V8: H14 | W8: H15 | X8: H16 | Y8: H17 | Z8: H18 | AA8: H19 | AB8: H20 | AC8: H21 | AD8: H22 | AE8: H23 | AF8: H24 | AG8: TOTAL
B9: =+MONTH(E9) -> 1 | C9: =+YEAR(E9) -> 2027 | D9: =+_xlfn.CONCAT(B9:C9,G9) -> 12027OR | E9: 46388 | F9: =+AG13 -> 3065513.9 | G9: OR | H9: 19 | I9: 4120.3144 | J9: 4120.3144 | K9: 4120.3144 | L9: 4120.3144 | M9: 4120.3144 | N9: 4120.3144 | O9: 4120.3144 | P9: 4120.3144 | Q9: 4120.3144 | R9: 4120.3144 | S9: 4120.3144 | T9: 4120.3144 | U9: 4120.3144 | V9: 4120.3144 | W9: 4120.3144 | X9: 4120.3144 | Y9: 4120.3144 | Z9: 4120.3144 | AA9: 4120.3144 | AB9: 4120.3144 | AC9: 4120.3144 | AD9: 4120.3144 | AE9: 4120.3144 | AF9: 4120.3144 | AG9: =ROUND(SUM(I9:AF9)*H9,2) -> 1878863.4
B10: =+MONTH(E10) -> 1 | C10: =+YEAR(E10) -> 2027 | D10: =+_xlfn.CONCAT(B10:C10,G10) -> 12027SA | E10: 46388 | G10: SA | H10: 5 | I10: 4120.3144 | J10: 4120.3144 | K10: 4120.3144 | L10: 4120.3144 | M10: 4120.3144 | N10: 4120.3144 | O10: 4120.3144 | P10: 4120.3144 | Q10: 4120.3144 | R10: 4120.3144 | S10: 4120.3144 | T10: 4120.3144 | U10: 4120.3144 | V10: 4120.3144 | W10: 4120.3144 | X10: 4120.3144 | Y10: 4120.3144 | Z10: 4120.3144 | AA10: 4120.3144 | AB10: 4120.3144 | AC10: 4120.3144 | AD10: 4120.3144 | AE10: 4120.3144 | AF10: 4120.3144 | AG10: =ROUND(SUM(I10:AF10)*H10,2) -> 494437.72
B11: =+MONTH(E11) -> 1 | C11: =+YEAR(E11) -> 2027 | D11: =+_xlfn.CONCAT(B11:C11,G11) -> 12027DO | E11: 46388 | G11: DO | H11: 5 | I11: 4120.3144 | J11: 4120.3144 | K11: 4120.3144 | L11: 4120.3144 | M11: 4120.3144 | N11: 4120.3144 | O11: 4120.3144 | P11: 4120.3144 | Q11: 4120.3144 | R11: 4120.3144 | S11: 4120.3144 | T11: 4120.3144 | U11: 4120.3144 | V11: 4120.3144 | W11: 4120.3144 | X11: 4120.3144 | Y11: 4120.3144 | Z11: 4120.3144 | AA11: 4120.3144 | AB11: 4120.3144 | AC11: 4120.3144 | AD11: 4120.3144 | AE11: 4120.3144 | AF11: 4120.3144 | AG11: =ROUND(SUM(I11:AF11)*H11,2) -> 494437.72
B12: =+MONTH(E12) -> 1 | C12: =+YEAR(E12) -> 2027 | D12: =+_xlfn.CONCAT(B12:C12,G12) -> 12027FE | E12: 46388 | G12: FE | H12: 2 | I12: 4120.3144 | J12: 4120.3144 | K12: 4120.3144 | L12: 4120.3144 | M12: 4120.3144 | N12: 4120.3144 | O12: 4120.3144 | P12: 4120.3144 | Q12: 4120.3144 | R12: 4120.3144 | S12: 4120.3144 | T12: 4120.3144 | U12: 4120.3144 | V12: 4120.3144 | W12: 4120.3144 | X12: 4120.3144 | Y12: 4120.3144 | Z12: 4120.3144 | AA12: 4120.3144 | AB12: 4120.3144 | AC12: 4120.3144 | AD12: 4120.3144 | AE12: 4120.3144 | AF12: 4120.3144 | AG12: =ROUND(SUM(I12:AF12)*H12,2) -> 197775.09
B13: =+MONTH(E13) -> 1 | C13: =+YEAR(E13) -> 2027 | D13: =+_xlfn.CONCAT(E13,G13) -> 46388TOTAL | E13: 46388 | G13: TOTAL | H13: =+SUM(H9:H12) -> 31 | I13: =+SUMPRODUCT(I9:I12,$H9:$H12) -> 127729.75 | J13: =+SUMPRODUCT(J9:J12,$H9:$H12) -> 127729.75 | K13: =+SUMPRODUCT(K9:K12,$H9:$H12) -> 127729.75 | L13: =+SUMPRODUCT(L9:L12,$H9:$H12) -> 127729.75 | M13: =+SUMPRODUCT(M9:M12,$H9:$H12) -> 127729.75 | N13: =+SUMPRODUCT(N9:N12,$H9:$H12) -> 127729.75 | O13: =+SUMPRODUCT(O9:O12,$H9:$H12) -> 127729.75 | P13: =+SUMPRODUCT(P9:P12,$H9:$H12) -> 127729.75 | ... AF13: =+SUMPRODUCT(AF9:AF12,$H9:$H12) -> 127729.75 | AG13: =SUM(I13:AF13) -> 3065513.9
B14: =+MONTH(E14) -> 2 | C14: =+YEAR(E14) -> 2027 | D14: =+_xlfn.CONCAT(B14:C14,G14) -> 22027OR | E14: 46419 | F14: =+AG18 -> 2787686.4 | G14: OR | H14: 20 | I14: 4148.3428 | J14: 4148.3428 | K14: 4148.3428 | L14: 4148.3428 | M14: 4148.3428 | N14: 4148.3428 | O14: 4148.3428 | P14: 4148.3428 | Q14: 4148.3428 | R14: 4148.3428 | S14: 4148.3428 | T14: 4148.3428 | U14: 4148.3428 | V14: 4148.3428 | W14: 4148.3428 | X14: 4148.3428 | Y14: 4148.3428 | Z14: 4148.3428 | AA14: 4148.3428 | AB14: 4148.3428 | AC14: 4148.3428 | AD14: 4148.3428 | AE14: 4148.3428 | AF14: 4148.3428 | AG14: =+SUM(I14:AF14)*H14 -> 1991204.5
B15: =+MONTH(E15) -> 2 | C15: =+YEAR(E15) -> 2027 | D15: =+_xlfn.CONCAT(B15:C15,G15) -> 22027SA | E15: 46419 | G15: SA | H15: 4 | I15: 4148.3428 | J15: 4148.3428 | K15: 4148.3428 | L15: 4148.3428 | M15: 4148.3428 | N15: 4148.3428 | O15: 4148.3428 | P15: 4148.3428 | Q15: 4148.3428 | R15: 4148.3428 | S15: 4148.3428 | T15: 4148.3428 | U15: 4148.3428 | V15: 4148.3428 | W15: 4148.3428 | X15: 4148.3428 | Y15: 4148.3428 | Z15: 4148.3428 | AA15: 4148.3428 | AB15: 4148.3428 | AC15: 4148.3428 | AD15: 4148.3428 | AE15: 4148.3428 | AF15: 4148.3428 | AG15: =+SUM(I15:AF15)*H15 -> 398240.91
B16: =+MONTH(E16) -> 2 | C16: =+YEAR(E16) -> 2027 | D16: =+_xlfn.CONCAT(B16:C16,G16) -> 22027DO | E16: 46419 | G16: DO | H16: 4 | I16: 4148.3428 | J16: 4148.3428 | K16: 4148.3428 | L16: 4148.3428 | M16: 4148.3428 | N16: 4148.3428 | O16: 4148.3428 | P16: 4148.3428 | Q16: 4148.3428 | R16: 4148.3428 | S16: 4148.3428 | T16: 4148.3428 | U16: 4148.3428 | V16: 4148.3428 | W16: 4148.3428 | X16: 4148.3428 | Y16: 4148.3428 | Z16: 4148.3428 | AA16: 4148.3428 | AB16: 4148.3428 | AC16: 4148.3428 | AD16: 4148.3428 | AE16: 4148.3428 | AF16: 4148.3428 | AG16: =+SUM(I16:AF16)*H16 -> 398240.91
B17: =+MONTH(E17) -> 2 | C17: =+YEAR(E17) -> 2027 | D17: =+_xlfn.CONCAT(B17:C17,G17) -> 22027FE | E17: 46419 | G17: FE | H17: 0 | I17: 0 | J17: 0 | K17: 0 | L17: 0 | M17: 0 | N17: 0 | O17: 0 | P17: 0 | Q17: 0 | R17: 0 | S17: 0 | T17: 0 | U17: 0 | V17: 0 | W17: 0 | X17: 0 | Y17: 0 | Z17: 0 | AA17: 0 | AB17: 0 | AC17: 0 | AD17: 0 | AE17: 0 | AF17: 0 | AG17: =+SUM(I17:AF17)*H17 -> 0
B18: =+MONTH(E18) -> 2 | C18: =+YEAR(E18) -> 2027 | D18: =+_xlfn.CONCAT(E18,G18) -> 46419TOTAL | E18: 46419 | G18: TOTAL | H18: =+SUM(H14:H17) -> 28 | I18: =+SUMPRODUCT(I14:I17,$H14:$H17) -> 116153.6 | J18: =+SUMPRODUCT(J14:J17,$H14:$H17) -> 116153.6 | K18: =+SUMPRODUCT(K14:K17,$H14:$H17) -> 116153.6 | L18: =+SUMPRODUCT(L14:L17,$H14:$H17) -> 116153.6 | M18: =+SUMPRODUCT(M14:M17,$H14:$H17) -> 116153.6 | N18: =+SUMPRODUCT(N14:N17,$H14:$H17) -> 116153.6 | O18: =+SUMPRODUCT(O14:O17,$H14:$H17) -> 116153.6 | P18: =+SUMPRODUCT(P14:P17,$H14:$H17) -> 116153.6 | ... AF18: =+SUMPRODUCT(AF14:AF17,$H14:$H17) -> 116153.6 | AG18: =SUM(I18:AF18) -> 2787686.4
B19: =+MONTH(E19) -> 3 | C19: =+YEAR(E19) -> 2027 | D19: =+_xlfn.CONCAT(B19:C19,G19) -> 32027OR | E19: 46447 | F19: =+AG23 -> 3260243.7 | G19: OR | H19: 20 | I19: 4382.048 | J19: 4382.048 | K19: 4382.048 | L19: 4382.048 | M19: 4382.048 | N19: 4382.048 | O19: 4382.048 | P19: 4382.048 | Q19: 4382.048 | R19: 4382.048 | S19: 4382.048 | T19: 4382.048 | U19: 4382.048 | V19: 4382.048 | W19: 4382.048 | X19: 4382.048 | Y19: 4382.048 | Z19: 4382.048 | AA19: 4382.048 | AB19: 4382.048 | AC19: 4382.048 | AD19: 4382.048 | AE19: 4382.048 | AF19: 4382.048 | AG19: =+SUM(I19:AF19)*H19 -> 2103383
B20: =+MONTH(E20) -> 3 | C20: =+YEAR(E20) -> 2027 | D20: =+_xlfn.CONCAT(B20:C20,G20) -> 32027SA | E20: 46447 | G20: SA | H20: 4 | I20: 4382.048 | J20: 4382.048 | K20: 4382.048 | L20: 4382.048 | M20: 4382.048 | N20: 4382.048 | O20: 4382.048 | P20: 4382.048 | Q20: 4382.048 | R20: 4382.048 | S20: 4382.048 | T20: 4382.048 | U20: 4382.048 | V20: 4382.048 | W20: 4382.048 | X20: 4382.048 | Y20: 4382.048 | Z20: 4382.048 | AA20: 4382.048 | AB20: 4382.048 | AC20: 4382.048 | AD20: 4382.048 | AE20: 4382.048 | AF20: 4382.048 | AG20: =+SUM(I20:AF20)*H20 -> 420676.61
B21: =+MONTH(E21) -> 3 | C21: =+YEAR(E21) -> 2027 | D21: =+_xlfn.CONCAT(B21:C21,G21) -> 32027DO | E21: 46447 | G21: DO | H21: 4 | I21: 4382.048 | J21: 4382.048 | K21: 4382.048 | L21: 4382.048 | M21: 4382.048 | N21: 4382.048 | O21: 4382.048 | P21: 4382.048 | Q21: 4382.048 | R21: 4382.048 | S21: 4382.048 | T21: 4382.048 | U21: 4382.048 | V21: 4382.048 | W21: 4382.048 | X21: 4382.048 | Y21: 4382.048 | Z21: 4382.048 | AA21: 4382.048 | AB21: 4382.048 | AC21: 4382.048 | AD21: 4382.048 | AE21: 4382.048 | AF21: 4382.048 | AG21: =+SUM(I21:AF21)*H21 -> 420676.61
B22: =+MONTH(E22) -> 3 | C22: =+YEAR(E22) -> 2027 | D22: =+_xlfn.CONCAT(B22:C22,G22) -> 32027FE | E22: 46447 | G22: FE | H22: 3 | I22: 4382.048 | J22: 4382.048 | K22: 4382.048 | L22: 4382.048 | M22: 4382.048 | N22: 4382.048 | O22: 4382.048 | P22: 4382.048 | Q22: 4382.048 | R22: 4382.048 | S22: 4382.048 | T22: 4382.048 | U22: 4382.048 | V22: 4382.048 | W22: 4382.048 | X22: 4382.048 | Y22: 4382.048 | Z22: 4382.048 | AA22: 4382.048 | AB22: 4382.048 | AC22: 4382.048 | AD22: 4382.048 | AE22: 4382.048 | AF22: 4382.048 | AG22: =+SUM(I22:AF22)*H22 -> 315507.46
B23: =+MONTH(E23) -> 3 | C23: =+YEAR(E23) -> 2027 | D23: =+_xlfn.CONCAT(E23,G23) -> 46447TOTAL | E23: 46447 | G23: TOTAL | H23: =+SUM(H19:H22) -> 31 | I23: =+SUMPRODUCT(I19:I22,$H19:$H22) -> 135843.49 | J23: =+SUMPRODUCT(J19:J22,$H19:$H22) -> 135843.49 | K23: =+SUMPRODUCT(K19:K22,$H19:$H22) -> 135843.49 | L23: =+SUMPRODUCT(L19:L22,$H19:$H22) -> 135843.49 | M23: =+SUMPRODUCT(M19:M22,$H19:$H22) -> 135843.49 | N23: =+SUMPRODUCT(N19:N22,$H19:$H22) -> 135843.49 | O23: =+SUMPRODUCT(O19:O22,$H19:$H22) -> 135843.49 | P23: =+SUMPRODUCT(P19:P22,$H19:$H22) -> 135843.49 | ... AF23: =+SUMPRODUCT(AF19:AF22,$H19:$H22) -> 135843.49 | AG23: =SUM(I23:AF23) -> 3260243.7
B24: =+MONTH(E24) -> 4 | C24: =+YEAR(E24) -> 2027 | D24: =+_xlfn.CONCAT(B24:C24,G24) -> 42027OR | E24: 46478 | F24: =+AG28 -> 4045630.7 | G24: OR | H24: 22 | I24: 5618.9316 | J24: 5618.9316 | K24: 5618.9316 | L24: 5618.9316 | M24: 5618.9316 | N24: 5618.9316 | O24: 5618.9316 | P24: 5618.9316 | Q24: 5618.9316 | R24: 5618.9316 | S24: 5618.9316 | T24: 5618.9316 | U24: 5618.9316 | V24: 5618.9316 | W24: 5618.9316 | X24: 5618.9316 | Y24: 5618.9316 | Z24: 5618.9316 | AA24: 5618.9316 | AB24: 5618.9316 | AC24: 5618.9316 | AD24: 5618.9316 | AE24: 5618.9316 | AF24: 5618.9316 | AG24: =+SUM(I24:AF24)*H24 -> 2966795.9
B25: =+MONTH(E25) -> 4 | C25: =+YEAR(E25) -> 2027 | D25: =+_xlfn.CONCAT(B25:C25,G25) -> 42027SA | E25: 46478 | G25: SA | H25: 4 | I25: 5618.9316 | J25: 5618.9316 | K25: 5618.9316 | L25: 5618.9316 | M25: 5618.9316 | N25: 5618.9316 | O25: 5618.9316 | P25: 5618.9316 | Q25: 5618.9316 | R25: 5618.9316 | S25: 5618.9316 | T25: 5618.9316 | U25: 5618.9316 | V25: 5618.9316 | W25: 5618.9316 | X25: 5618.9316 | Y25: 5618.9316 | Z25: 5618.9316 | AA25: 5618.9316 | AB25: 5618.9316 | AC25: 5618.9316 | AD25: 5618.9316 | AE25: 5618.9316 | AF25: 5618.9316 | AG25: =+SUM(I25:AF25)*H25 -> 539417.43
B26: =+MONTH(E26) -> 4 | C26: =+YEAR(E26) -> 2027 | D26: =+_xlfn.CONCAT(B26:C26,G26) -> 42027DO | E26: 46478 | G26: DO | H26: 4 | I26: 5618.9316 | J26: 5618.9316 | K26: 5618.9316 | L26: 5618.9316 | M26: 5618.9316 | N26: 5618.9316 | O26: 5618.9316 | P26: 5618.9316 | Q26: 5618.9316 | R26: 5618.9316 | S26: 5618.9316 | T26: 5618.9316 | U26: 5618.9316 | V26: 5618.9316 | W26: 5618.9316 | X26: 5618.9316 | Y26: 5618.9316 | Z26: 5618.9316 | AA26: 5618.9316 | AB26: 5618.9316 | AC26: 5618.9316 | AD26: 5618.9316 | AE26: 5618.9316 | AF26: 5618.9316 | AG26: =+SUM(I26:AF26)*H26 -> 539417.43
B27: =+MONTH(E27) -> 4 | C27: =+YEAR(E27) -> 2027 | D27: =+_xlfn.CONCAT(B27:C27,G27) -> 42027FE | E27: 46478 | G27: FE | H27: 0 | I27: 0 | J27: 0 | K27: 0 | L27: 0 | M27: 0 | N27: 0 | O27: 0 | P27: 0 | Q27: 0 | R27: 0 | S27: 0 | T27: 0 | U27: 0 | V27: 0 | W27: 0 | X27: 0 | Y27: 0 | Z27: 0 | AA27: 0 | AB27: 0 | AC27: 0 | AD27: 0 | AE27: 0 | AF27: 0 | AG27: =+SUM(I27:AF27)*H27 -> 0
B28: =+MONTH(E28) -> 4 | C28: =+YEAR(E28) -> 2027 | D28: =+_xlfn.CONCAT(E28,G28) -> 46478TOTAL | E28: 46478 | G28: TOTAL | H28: =+SUM(H24:H27) -> 30 | I28: =+SUMPRODUCT(I24:I27,$H24:$H27) -> 168567.95 | J28: =+SUMPRODUCT(J24:J27,$H24:$H27) -> 168567.95 | K28: =+SUMPRODUCT(K24:K27,$H24:$H27) -> 168567.95 | L28: =+SUMPRODUCT(L24:L27,$H24:$H27) -> 168567.95 | M28: =+SUMPRODUCT(M24:M27,$H24:$H27) -> 168567.95 | N28: =+SUMPRODUCT(N24:N27,$H24:$H27) -> 168567.95 | O28: =+SUMPRODUCT(O24:O27,$H24:$H27) -> 168567.95 | P28: =+SUMPRODUCT(P24:P27,$H24:$H27) -> 168567.95 | ... AF28: =+SUMPRODUCT(AF24:AF27,$H24:$H27) -> 168567.95 | AG28: =SUM(I28:AF28) -> 4045630.7
B29: =+MONTH(E29) -> 5 | C29: =+YEAR(E29) -> 2027 | D29: =+_xlfn.CONCAT(B29:C29,G29) -> 52027OR | E29: 46508 | F29: =+AG33 -> 4895874 | G29: OR | H29: 19 | I29: 6580.4759 | J29: 6580.4759 | K29: 6580.4759 | L29: 6580.4759 | M29: 6580.4759 | N29: 6580.4759 | O29: 6580.4759 | P29: 6580.4759 | Q29: 6580.4759 | R29: 6580.4759 | S29: 6580.4759 | T29: 6580.4759 | U29: 6580.4759 | V29: 6580.4759 | W29: 6580.4759 | X29: 6580.4759 | Y29: 6580.4759 | Z29: 6580.4759 | AA29: 6580.4759 | AB29: 6580.4759 | AC29: 6580.4759 | AD29: 6580.4759 | AE29: 6580.4759 | AF29: 6580.4759 | AG29: =+SUM(I29:AF29)*H29 -> 3000697
B30: =+MONTH(E30) -> 5 | C30: =+YEAR(E30) -> 2027 | D30: =+_xlfn.CONCAT(B30:C30,G30) -> 52027SA | E30: 46508 | G30: SA | H30: 4 | I30: 6580.4759 | J30: 6580.4759 | K30: 6580.4759 | L30: 6580.4759 | M30: 6580.4759 | N30: 6580.4759 | O30: 6580.4759 | P30: 6580.4759 | Q30: 6580.4759 | R30: 6580.4759 | S30: 6580.4759 | T30: 6580.4759 | U30: 6580.4759 | V30: 6580.4759 | W30: 6580.4759 | X30: 6580.4759 | Y30: 6580.4759 | Z30: 6580.4759 | AA30: 6580.4759 | AB30: 6580.4759 | AC30: 6580.4759 | AD30: 6580.4759 | AE30: 6580.4759 | AF30: 6580.4759 | AG30: =+SUM(I30:AF30)*H30 -> 631725.68
B31: =+MONTH(E31) -> 5 | C31: =+YEAR(E31) -> 2027 | D31: =+_xlfn.CONCAT(B31:C31,G31) -> 52027DO | E31: 46508 | G31: DO | H31: 5 | I31: 6580.4759 | J31: 6580.4759 | K31: 6580.4759 | L31: 6580.4759 | M31: 6580.4759 | N31: 6580.4759 | O31: 6580.4759 | P31: 6580.4759 | Q31: 6580.4759 | R31: 6580.4759 | S31: 6580.4759 | T31: 6580.4759 | U31: 6580.4759 | V31: 6580.4759 | W31: 6580.4759 | X31: 6580.4759 | Y31: 6580.4759 | Z31: 6580.4759 | AA31: 6580.4759 | AB31: 6580.4759 | AC31: 6580.4759 | AD31: 6580.4759 | AE31: 6580.4759 | AF31: 6580.4759 | AG31: =+SUM(I31:AF31)*H31 -> 789657.1
B32: =+MONTH(E32) -> 5 | C32: =+YEAR(E32) -> 2027 | D32: =+_xlfn.CONCAT(B32:C32,G32) -> 52027FE | E32: 46508 | G32: FE | H32: 3 | I32: 6580.4759 | J32: 6580.4759 | K32: 6580.4759 | L32: 6580.4759 | M32: 6580.4759 | N32: 6580.4759 | O32: 6580.4759 | P32: 6580.4759 | Q32: 6580.4759 | R32: 6580.4759 | S32: 6580.4759 | T32: 6580.4759 | U32: 6580.4759 | V32: 6580.4759 | W32: 6580.4759 | X32: 6580.4759 | Y32: 6580.4759 | Z32: 6580.4759 | AA32: 6580.4759 | AB32: 6580.4759 | AC32: 6580.4759 | AD32: 6580.4759 | AE32: 6580.4759 | AF32: 6580.4759 | AG32: =+SUM(I32:AF32)*H32 -> 473794.26
B33: =+MONTH(E33) -> 5 | C33: =+YEAR(E33) -> 2027 | D33: =+_xlfn.CONCAT(E33,G33) -> 46508TOTAL | E33: 46508 | G33: TOTAL | H33: =+SUM(H29:H32) -> 31 | I33: =+SUMPRODUCT(I29:I32,$H29:$H32) -> 203994.75 | J33: =+SUMPRODUCT(J29:J32,$H29:$H32) -> 203994.75 | K33: =+SUMPRODUCT(K29:K32,$H29:$H32) -> 203994.75 | L33: =+SUMPRODUCT(L29:L32,$H29:$H32) -> 203994.75 | M33: =+SUMPRODUCT(M29:M32,$H29:$H32) -> 203994.75 | N33: =+SUMPRODUCT(N29:N32,$H29:$H32) -> 203994.75 | O33: =+SUMPRODUCT(O29:O32,$H29:$H32) -> 203994.75 | P33: =+SUMPRODUCT(P29:P32,$H29:$H32) -> 203994.75 | ... AF33: =+SUMPRODUCT(AF29:AF32,$H29:$H32) -> 203994.75 | AG33: =SUM(I33:AF33) -> 4895874
B34: =+MONTH(E34) -> 6 | C34: =+YEAR(E34) -> 2027 | D34: =+_xlfn.CONCAT(B34:C34,G34) -> 62027OR | E34: 46539 | F34: =+AG38 -> 5151912.8 | G34: OR | H34: 21 | I34: 7155.4344 | J34: 7155.4344 | K34: 7155.4344 | L34: 7155.4344 | M34: 7155.4344 | N34: 7155.4344 | O34: 7155.4344 | P34: 7155.4344 | Q34: 7155.4344 | R34: 7155.4344 | S34: 7155.4344 | T34: 7155.4344 | U34: 7155.4344 | V34: 7155.4344 | W34: 7155.4344 | X34: 7155.4344 | Y34: 7155.4344 | Z34: 7155.4344 | AA34: 7155.4344 | AB34: 7155.4344 | AC34: 7155.4344 | AD34: 7155.4344 | AE34: 7155.4344 | AF34: 7155.4344 | AG34: =+SUM(I34:AF34)*H34 -> 3606338.9
B35: =+MONTH(E35) -> 6 | C35: =+YEAR(E35) -> 2027 | D35: =+_xlfn.CONCAT(B35:C35,G35) -> 62027SA | E35: 46539 | G35: SA | H35: 4 | I35: 7155.4344 | J35: 7155.4344 | K35: 7155.4344 | L35: 7155.4344 | M35: 7155.4344 | N35: 7155.4344 | O35: 7155.4344 | P35: 7155.4344 | Q35: 7155.4344 | R35: 7155.4344 | S35: 7155.4344 | T35: 7155.4344 | U35: 7155.4344 | V35: 7155.4344 | W35: 7155.4344 | X35: 7155.4344 | Y35: 7155.4344 | Z35: 7155.4344 | AA35: 7155.4344 | AB35: 7155.4344 | AC35: 7155.4344 | AD35: 7155.4344 | AE35: 7155.4344 | AF35: 7155.4344 | AG35: =+SUM(I35:AF35)*H35 -> 686921.7
B36: =+MONTH(E36) -> 6 | C36: =+YEAR(E36) -> 2027 | D36: =+_xlfn.CONCAT(B36:C36,G36) -> 62027DO | E36: 46539 | G36: DO | H36: 4 | I36: 7155.4344 | J36: 7155.4344 | K36: 7155.4344 | L36: 7155.4344 | M36: 7155.4344 | N36: 7155.4344 | O36: 7155.4344 | P36: 7155.4344 | Q36: 7155.4344 | R36: 7155.4344 | S36: 7155.4344 | T36: 7155.4344 | U36: 7155.4344 | V36: 7155.4344 | W36: 7155.4344 | X36: 7155.4344 | Y36: 7155.4344 | Z36: 7155.4344 | AA36: 7155.4344 | AB36: 7155.4344 | AC36: 7155.4344 | AD36: 7155.4344 | AE36: 7155.4344 | AF36: 7155.4344 | AG36: =+SUM(I36:AF36)*H36 -> 686921.7
B37: =+MONTH(E37) -> 6 | C37: =+YEAR(E37) -> 2027 | D37: =+_xlfn.CONCAT(B37:C37,G37) -> 62027FE | E37: 46539 | G37: FE | H37: 1 | I37: 7155.4344 | J37: 7155.4344 | K37: 7155.4344 | L37: 7155.4344 | M37: 7155.4344 | N37: 7155.4344 | O37: 7155.4344 | P37: 7155.4344 | Q37: 7155.4344 | R37: 7155.4344 | S37: 7155.4344 | T37: 7155.4344 | U37: 7155.4344 | V37: 7155.4344 | W37: 7155.4344 | X37: 7155.4344 | Y37: 7155.4344 | Z37: 7155.4344 | AA37: 7155.4344 | AB37: 7155.4344 | AC37: 7155.4344 | AD37: 7155.4344 | AE37: 7155.4344 | AF37: 7155.4344 | AG37: =+SUM(I37:AF37)*H37 -> 171730.43
B38: =+MONTH(E38) -> 6 | C38: =+YEAR(E38) -> 2027 | D38: =+_xlfn.CONCAT(E38,G38) -> 46539TOTAL | E38: 46539 | G38: TOTAL | H38: =+SUM(H34:H37) -> 30 | I38: =+SUMPRODUCT(I34:I37,$H34:$H37) -> 214663.03 | J38: =+SUMPRODUCT(J34:J37,$H34:$H37) -> 214663.03 | K38: =+SUMPRODUCT(K34:K37,$H34:$H37) -> 214663.03 | L38: =+SUMPRODUCT(L34:L37,$H34:$H37) -> 214663.03 | M38: =+SUMPRODUCT(M34:M37,$H34:$H37) -> 214663.03 | N38: =+SUMPRODUCT(N34:N37,$H34:$H37) -> 214663.03 | O38: =+SUMPRODUCT(O34:O37,$H34:$H37) -> 214663.03 | P38: =+SUMPRODUCT(P34:P37,$H34:$H37) -> 214663.03 | ... AF38: =+SUMPRODUCT(AF34:AF37,$H34:$H37) -> 214663.03 | AG38: =SUM(I38:AF38) -> 5151912.8
B39: =+MONTH(E39) -> 7 | C39: =+YEAR(E39) -> 2027 | D39: =+_xlfn.CONCAT(B39:C39,G39) -> 72027OR | E39: 46569 | F39: =+AG43 -> 5223724.7 | G39: OR | H39: 20 | I39: 7021.1354 | J39: 7021.1354 | K39: 7021.1354 | L39: 7021.1354 | M39: 7021.1354 | N39: 7021.1354 | O39: 7021.1354 | P39: 7021.1354 | Q39: 7021.1354 | R39: 7021.1354 | S39: 7021.1354 | T39: 7021.1354 | U39: 7021.1354 | V39: 7021.1354 | W39: 7021.1354 | X39: 7021.1354 | Y39: 7021.1354 | Z39: 7021.1354 | AA39: 7021.1354 | AB39: 7021.1354 | AC39: 7021.1354 | AD39: 7021.1354 | AE39: 7021.1354 | AF39: 7021.1354 | AG39: =+SUM(I39:AF39)*H39 -> 3370145
B40: =+MONTH(E40) -> 7 | C40: =+YEAR(E40) -> 2027 | D40: =+_xlfn.CONCAT(B40:C40,G40) -> 72027SA | E40: 46569 | G40: SA | H40: 5 | I40: 7021.1354 | J40: 7021.1354 | K40: 7021.1354 | L40: 7021.1354 | M40: 7021.1354 | N40: 7021.1354 | O40: 7021.1354 | P40: 7021.1354 | Q40: 7021.1354 | R40: 7021.1354 | S40: 7021.1354 | T40: 7021.1354 | U40: 7021.1354 | V40: 7021.1354 | W40: 7021.1354 | X40: 7021.1354 | Y40: 7021.1354 | Z40: 7021.1354 | AA40: 7021.1354 | AB40: 7021.1354 | AC40: 7021.1354 | AD40: 7021.1354 | AE40: 7021.1354 | AF40: 7021.1354 | AG40: =+SUM(I40:AF40)*H40 -> 842536.25
B41: =+MONTH(E41) -> 7 | C41: =+YEAR(E41) -> 2027 | D41: =+_xlfn.CONCAT(B41:C41,G41) -> 72027DO | E41: 46569 | G41: DO | H41: 4 | I41: 7021.1354 | J41: 7021.1354 | K41: 7021.1354 | L41: 7021.1354 | M41: 7021.1354 | N41: 7021.1354 | O41: 7021.1354 | P41: 7021.1354 | Q41: 7021.1354 | R41: 7021.1354 | S41: 7021.1354 | T41: 7021.1354 | U41: 7021.1354 | V41: 7021.1354 | W41: 7021.1354 | X41: 7021.1354 | Y41: 7021.1354 | Z41: 7021.1354 | AA41: 7021.1354 | AB41: 7021.1354 | AC41: 7021.1354 | AD41: 7021.1354 | AE41: 7021.1354 | AF41: 7021.1354 | AG41: =+SUM(I41:AF41)*H41 -> 674029
B42: =+MONTH(E42) -> 7 | C42: =+YEAR(E42) -> 2027 | D42: =+_xlfn.CONCAT(B42:C42,G42) -> 72027FE | E42: 46569 | G42: FE | H42: 2 | I42: 7021.1354 | J42: 7021.1354 | K42: 7021.1354 | L42: 7021.1354 | M42: 7021.1354 | N42: 7021.1354 | O42: 7021.1354 | P42: 7021.1354 | Q42: 7021.1354 | R42: 7021.1354 | S42: 7021.1354 | T42: 7021.1354 | U42: 7021.1354 | V42: 7021.1354 | W42: 7021.1354 | X42: 7021.1354 | Y42: 7021.1354 | Z42: 7021.1354 | AA42: 7021.1354 | AB42: 7021.1354 | AC42: 7021.1354 | AD42: 7021.1354 | AE42: 7021.1354 | AF42: 7021.1354 | AG42: =+SUM(I42:AF42)*H42 -> 337014.5
B43: =+MONTH(E43) -> 7 | C43: =+YEAR(E43) -> 2027 | D43: =+_xlfn.CONCAT(E43,G43) -> 46569TOTAL | E43: 46569 | G43: TOTAL | H43: =+SUM(H39:H42) -> 31 | I43: =+SUMPRODUCT(I39:I42,$H39:$H42) -> 217655.2 | J43: =+SUMPRODUCT(J39:J42,$H39:$H42) -> 217655.2 | K43: =+SUMPRODUCT(K39:K42,$H39:$H42) -> 217655.2 | L43: =+SUMPRODUCT(L39:L42,$H39:$H42) -> 217655.2 | M43: =+SUMPRODUCT(M39:M42,$H39:$H42) -> 217655.2 | N43: =+SUMPRODUCT(N39:N42,$H39:$H42) -> 217655.2 | O43: =+SUMPRODUCT(O39:O42,$H39:$H42) -> 217655.2 | P43: =+SUMPRODUCT(P39:P42,$H39:$H42) -> 217655.2 | ... AF43: =+SUMPRODUCT(AF39:AF42,$H39:$H42) -> 217655.2 | AG43: =SUM(I43:AF43) -> 5223724.7
B44: =+MONTH(E44) -> 8 | C44: =+YEAR(E44) -> 2027 | D44: =+_xlfn.CONCAT(B44:C44,G44) -> 82027OR | E44: 46600 | F44: =+AG48 -> 4262962.6 | G44: OR | H44: 21 | I44: 5729.7884 | J44: 5729.7884 | K44: 5729.7884 | L44: 5729.7884 | M44: 5729.7884 | N44: 5729.7884 | O44: 5729.7884 | P44: 5729.7884 | Q44: 5729.7884 | R44: 5729.7884 | S44: 5729.7884 | T44: 5729.7884 | U44: 5729.7884 | V44: 5729.7884 | W44: 5729.7884 | X44: 5729.7884 | Y44: 5729.7884 | Z44: 5729.7884 | AA44: 5729.7884 | AB44: 5729.7884 | AC44: 5729.7884 | AD44: 5729.7884 | AE44: 5729.7884 | AF44: 5729.7884 | AG44: =+SUM(I44:AF44)*H44 -> 2887813.3
B45: =+MONTH(E45) -> 8 | C45: =+YEAR(E45) -> 2027 | D45: =+_xlfn.CONCAT(B45:C45,G45) -> 82027SA | E45: 46600 | G45: SA | H45: 3 | I45: 5729.7884 | J45: 5729.7884 | K45: 5729.7884 | L45: 5729.7884 | M45: 5729.7884 | N45: 5729.7884 | O45: 5729.7884 | P45: 5729.7884 | Q45: 5729.7884 | R45: 5729.7884 | S45: 5729.7884 | T45: 5729.7884 | U45: 5729.7884 | V45: 5729.7884 | W45: 5729.7884 | X45: 5729.7884 | Y45: 5729.7884 | Z45: 5729.7884 | AA45: 5729.7884 | AB45: 5729.7884 | AC45: 5729.7884 | AD45: 5729.7884 | AE45: 5729.7884 | AF45: 5729.7884 | AG45: =+SUM(I45:AF45)*H45 -> 412544.76
B46: =+MONTH(E46) -> 8 | C46: =+YEAR(E46) -> 2027 | D46: =+_xlfn.CONCAT(B46:C46,G46) -> 82027DO | E46: 46600 | G46: DO | H46: 5 | I46: 5729.7884 | J46: 5729.7884 | K46: 5729.7884 | L46: 5729.7884 | M46: 5729.7884 | N46: 5729.7884 | O46: 5729.7884 | P46: 5729.7884 | Q46: 5729.7884 | R46: 5729.7884 | S46: 5729.7884 | T46: 5729.7884 | U46: 5729.7884 | V46: 5729.7884 | W46: 5729.7884 | X46: 5729.7884 | Y46: 5729.7884 | Z46: 5729.7884 | AA46: 5729.7884 | AB46: 5729.7884 | AC46: 5729.7884 | AD46: 5729.7884 | AE46: 5729.7884 | AF46: 5729.7884 | AG46: =+SUM(I46:AF46)*H46 -> 687574.6
B47: =+MONTH(E47) -> 8 | C47: =+YEAR(E47) -> 2027 | D47: =+_xlfn.CONCAT(B47:C47,G47) -> 82027FE | E47: 46600 | G47: FE | H47: 2 | I47: 5729.7884 | J47: 5729.7884 | K47: 5729.7884 | L47: 5729.7884 | M47: 5729.7884 | N47: 5729.7884 | O47: 5729.7884 | P47: 5729.7884 | Q47: 5729.7884 | R47: 5729.7884 | S47: 5729.7884 | T47: 5729.7884 | U47: 5729.7884 | V47: 5729.7884 | W47: 5729.7884 | X47: 5729.7884 | Y47: 5729.7884 | Z47: 5729.7884 | AA47: 5729.7884 | AB47: 5729.7884 | AC47: 5729.7884 | AD47: 5729.7884 | AE47: 5729.7884 | AF47: 5729.7884 | AG47: =+SUM(I47:AF47)*H47 -> 275029.84
B48: =+MONTH(E48) -> 8 | C48: =+YEAR(E48) -> 2027 | D48: =+_xlfn.CONCAT(E48,G48) -> 46600TOTAL | E48: 46600 | G48: TOTAL | H48: =+SUM(H44:H47) -> 31 | I48: =+SUMPRODUCT(I44:I47,$H44:$H47) -> 177623.44 | J48: =+SUMPRODUCT(J44:J47,$H44:$H47) -> 177623.44 | K48: =+SUMPRODUCT(K44:K47,$H44:$H47) -> 177623.44 | L48: =+SUMPRODUCT(L44:L47,$H44:$H47) -> 177623.44 | M48: =+SUMPRODUCT(M44:M47,$H44:$H47) -> 177623.44 | N48: =+SUMPRODUCT(N44:N47,$H44:$H47) -> 177623.44 | O48: =+SUMPRODUCT(O44:O47,$H44:$H47) -> 177623.44 | P48: =+SUMPRODUCT(P44:P47,$H44:$H47) -> 177623.44 | ... AF48: =+SUMPRODUCT(AF44:AF47,$H44:$H47) -> 177623.44 | AG48: =SUM(I48:AF48) -> 4262962.6
B49: =+MONTH(E49) -> 9 | C49: =+YEAR(E49) -> 2027 | D49: =+_xlfn.CONCAT(B49:C49,G49) -> 92027OR | E49: 46631 | F49: =+AG53 -> 4192126.6 | G49: OR | H49: 22 | I49: 5822.3981 | J49: 5822.3981 | K49: 5822.3981 | L49: 5822.3981 | M49: 5822.3981 | N49: 5822.3981 | O49: 5822.3981 | P49: 5822.3981 | Q49: 5822.3981 | R49: 5822.3981 | S49: 5822.3981 | T49: 5822.3981 | U49: 5822.3981 | V49: 5822.3981 | W49: 5822.3981 | X49: 5822.3981 | Y49: 5822.3981 | Z49: 5822.3981 | AA49: 5822.3981 | AB49: 5822.3981 | AC49: 5822.3981 | AD49: 5822.3981 | AE49: 5822.3981 | AF49: 5822.3981 | AG49: =+SUM(I49:AF49)*H49 -> 3074226.2
B50: =+MONTH(E50) -> 9 | C50: =+YEAR(E50) -> 2027 | D50: =+_xlfn.CONCAT(B50:C50,G50) -> 92027SA | E50: 46631 | G50: SA | H50: 4 | I50: 5822.3981 | J50: 5822.3981 | K50: 5822.3981 | L50: 5822.3981 | M50: 5822.3981 | N50: 5822.3981 | O50: 5822.3981 | P50: 5822.3981 | Q50: 5822.3981 | R50: 5822.3981 | S50: 5822.3981 | T50: 5822.3981 | U50: 5822.3981 | V50: 5822.3981 | W50: 5822.3981 | X50: 5822.3981 | Y50: 5822.3981 | Z50: 5822.3981 | AA50: 5822.3981 | AB50: 5822.3981 | AC50: 5822.3981 | AD50: 5822.3981 | AE50: 5822.3981 | AF50: 5822.3981 | AG50: =+SUM(I50:AF50)*H50 -> 558950.21
B51: =+MONTH(E51) -> 9 | C51: =+YEAR(E51) -> 2027 | D51: =+_xlfn.CONCAT(B51:C51,G51) -> 92027DO | E51: 46631 | G51: DO | H51: 4 | I51: 5822.3981 | J51: 5822.3981 | K51: 5822.3981 | L51: 5822.3981 | M51: 5822.3981 | N51: 5822.3981 | O51: 5822.3981 | P51: 5822.3981 | Q51: 5822.3981 | R51: 5822.3981 | S51: 5822.3981 | T51: 5822.3981 | U51: 5822.3981 | V51: 5822.3981 | W51: 5822.3981 | X51: 5822.3981 | Y51: 5822.3981 | Z51: 5822.3981 | AA51: 5822.3981 | AB51: 5822.3981 | AC51: 5822.3981 | AD51: 5822.3981 | AE51: 5822.3981 | AF51: 5822.3981 | AG51: =+SUM(I51:AF51)*H51 -> 558950.21
B52: =+MONTH(E52) -> 9 | C52: =+YEAR(E52) -> 2027 | D52: =+_xlfn.CONCAT(B52:C52,G52) -> 92027FE | E52: 46631 | G52: FE | H52: 0 | I52: 0 | J52: 0 | K52: 0 | L52: 0 | M52: 0 | N52: 0 | O52: 0 | P52: 0 | Q52: 0 | R52: 0 | S52: 0 | T52: 0 | U52: 0 | V52: 0 | W52: 0 | X52: 0 | Y52: 0 | Z52: 0 | AA52: 0 | AB52: 0 | AC52: 0 | AD52: 0 | AE52: 0 | AF52: 0 | AG52: =+SUM(I52:AF52)*H52 -> 0
B53: =+MONTH(E53) -> 9 | C53: =+YEAR(E53) -> 2027 | D53: =+_xlfn.CONCAT(E53,G53) -> 46631TOTAL | E53: 46631 | G53: TOTAL | H53: =+SUM(H49:H52) -> 30 | I53: =+SUMPRODUCT(I49:I52,$H49:$H52) -> 174671.94 | J53: =+SUMPRODUCT(J49:J52,$H49:$H52) -> 174671.94 | K53: =+SUMPRODUCT(K49:K52,$H49:$H52) -> 174671.94 | L53: =+SUMPRODUCT(L49:L52,$H49:$H52) -> 174671.94 | M53: =+SUMPRODUCT(M49:M52,$H49:$H52) -> 174671.94 | N53: =+SUMPRODUCT(N49:N52,$H49:$H52) -> 174671.94 | O53: =+SUMPRODUCT(O49:O52,$H49:$H52) -> 174671.94 | P53: =+SUMPRODUCT(P49:P52,$H49:$H52) -> 174671.94 | ... AF53: =+SUMPRODUCT(AF49:AF52,$H49:$H52) -> 174671.94 | AG53: =SUM(I53:AF53) -> 4192126.6
B54: =+MONTH(E54) -> 10 | C54: =+YEAR(E54) -> 2027 | D54: =+_xlfn.CONCAT(B54:C54,G54) -> 102027OR | E54: 46661 | F54: =+AG58 -> 4154381 | G54: OR | H54: 20 | I54: 5583.8455 | J54: 5583.8455 | K54: 5583.8455 | L54: 5583.8455 | M54: 5583.8455 | N54: 5583.8455 | O54: 5583.8455 | P54: 5583.8455 | Q54: 5583.8455 | R54: 5583.8455 | S54: 5583.8455 | T54: 5583.8455 | U54: 5583.8455 | V54: 5583.8455 | W54: 5583.8455 | X54: 5583.8455 | Y54: 5583.8455 | Z54: 5583.8455 | AA54: 5583.8455 | AB54: 5583.8455 | AC54: 5583.8455 | AD54: 5583.8455 | AE54: 5583.8455 | AF54: 5583.8455 | AG54: =+SUM(I54:AF54)*H54 -> 2680245.8
B55: =+MONTH(E55) -> 10 | C55: =+YEAR(E55) -> 2027 | D55: =+_xlfn.CONCAT(B55:C55,G55) -> 102027SA | E55: 46661 | G55: SA | H55: 5 | I55: 5583.8455 | J55: 5583.8455 | K55: 5583.8455 | L55: 5583.8455 | M55: 5583.8455 | N55: 5583.8455 | O55: 5583.8455 | P55: 5583.8455 | Q55: 5583.8455 | R55: 5583.8455 | S55: 5583.8455 | T55: 5583.8455 | U55: 5583.8455 | V55: 5583.8455 | W55: 5583.8455 | X55: 5583.8455 | Y55: 5583.8455 | Z55: 5583.8455 | AA55: 5583.8455 | AB55: 5583.8455 | AC55: 5583.8455 | AD55: 5583.8455 | AE55: 5583.8455 | AF55: 5583.8455 | AG55: =+SUM(I55:AF55)*H55 -> 670061.46
B56: =+MONTH(E56) -> 10 | C56: =+YEAR(E56) -> 2027 | D56: =+_xlfn.CONCAT(B56:C56,G56) -> 102027DO | E56: 46661 | G56: DO | H56: 5 | I56: 5583.8455 | J56: 5583.8455 | K56: 5583.8455 | L56: 5583.8455 | M56: 5583.8455 | N56: 5583.8455 | O56: 5583.8455 | P56: 5583.8455 | Q56: 5583.8455 | R56: 5583.8455 | S56: 5583.8455 | T56: 5583.8455 | U56: 5583.8455 | V56: 5583.8455 | W56: 5583.8455 | X56: 5583.8455 | Y56: 5583.8455 | Z56: 5583.8455 | AA56: 5583.8455 | AB56: 5583.8455 | AC56: 5583.8455 | AD56: 5583.8455 | AE56: 5583.8455 | AF56: 5583.8455 | AG56: =+SUM(I56:AF56)*H56 -> 670061.46
B57: =+MONTH(E57) -> 10 | C57: =+YEAR(E57) -> 2027 | D57: =+_xlfn.CONCAT(B57:C57,G57) -> 102027FE | E57: 46661 | G57: FE | H57: 1 | I57: 5583.8455 | J57: 5583.8455 | K57: 5583.8455 | L57: 5583.8455 | M57: 5583.8455 | N57: 5583.8455 | O57: 5583.8455 | P57: 5583.8455 | Q57: 5583.8455 | R57: 5583.8455 | S57: 5583.8455 | T57: 5583.8455 | U57: 5583.8455 | V57: 5583.8455 | W57: 5583.8455 | X57: 5583.8455 | Y57: 5583.8455 | Z57: 5583.8455 | AA57: 5583.8455 | AB57: 5583.8455 | AC57: 5583.8455 | AD57: 5583.8455 | AE57: 5583.8455 | AF57: 5583.8455 | AG57: =+SUM(I57:AF57)*H57 -> 134012.29
B58: =+MONTH(E58) -> 10 | C58: =+YEAR(E58) -> 2027 | D58: =+_xlfn.CONCAT(E58,G58) -> 46661TOTAL | E58: 46661 | G58: TOTAL | H58: =+SUM(H54:H57) -> 31 | I58: =+SUMPRODUCT(I54:I57,$H54:$H57) -> 173099.21 | J58: =+SUMPRODUCT(J54:J57,$H54:$H57) -> 173099.21 | K58: =+SUMPRODUCT(K54:K57,$H54:$H57) -> 173099.21 | L58: =+SUMPRODUCT(L54:L57,$H54:$H57) -> 173099.21 | M58: =+SUMPRODUCT(M54:M57,$H54:$H57) -> 173099.21 | N58: =+SUMPRODUCT(N54:N57,$H54:$H57) -> 173099.21 | O58: =+SUMPRODUCT(O54:O57,$H54:$H57) -> 173099.21 | P58: =+SUMPRODUCT(P54:P57,$H54:$H57) -> 173099.21 | ... AF58: =+SUMPRODUCT(AF54:AF57,$H54:$H57) -> 173099.21 | AG58: =SUM(I58:AF58) -> 4154381
B59: =+MONTH(E59) -> 11 | C59: =+YEAR(E59) -> 2027 | D59: =+_xlfn.CONCAT(B59:C59,G59) -> 112027OR | E59: 46692 | F59: =+AG63 -> 4343197.7 | G59: OR | H59: 20 | I59: 6032.219 | J59: 6032.219 | K59: 6032.219 | L59: 6032.219 | M59: 6032.219 | N59: 6032.219 | O59: 6032.219 | P59: 6032.219 | Q59: 6032.219 | R59: 6032.219 | S59: 6032.219 | T59: 6032.219 | U59: 6032.219 | V59: 6032.219 | W59: 6032.219 | X59: 6032.219 | Y59: 6032.219 | Z59: 6032.219 | AA59: 6032.219 | AB59: 6032.219 | AC59: 6032.219 | AD59: 6032.219 | AE59: 6032.219 | AF59: 6032.219 | AG59: =+SUM(I59:AF59)*H59 -> 2895465.1
B60: =+MONTH(E60) -> 11 | C60: =+YEAR(E60) -> 2027 | D60: =+_xlfn.CONCAT(B60:C60,G60) -> 112027SA | E60: 46692 | G60: SA | H60: 4 | I60: 6032.219 | J60: 6032.219 | K60: 6032.219 | L60: 6032.219 | M60: 6032.219 | N60: 6032.219 | O60: 6032.219 | P60: 6032.219 | Q60: 6032.219 | R60: 6032.219 | S60: 6032.219 | T60: 6032.219 | U60: 6032.219 | V60: 6032.219 | W60: 6032.219 | X60: 6032.219 | Y60: 6032.219 | Z60: 6032.219 | AA60: 6032.219 | AB60: 6032.219 | AC60: 6032.219 | AD60: 6032.219 | AE60: 6032.219 | AF60: 6032.219 | AG60: =+SUM(I60:AF60)*H60 -> 579093.02
B61: =+MONTH(E61) -> 11 | C61: =+YEAR(E61) -> 2027 | D61: =+_xlfn.CONCAT(B61:C61,G61) -> 112027DO | E61: 46692 | G61: DO | H61: 4 | I61: 6032.219 | J61: 6032.219 | K61: 6032.219 | L61: 6032.219 | M61: 6032.219 | N61: 6032.219 | O61: 6032.219 | P61: 6032.219 | Q61: 6032.219 | R61: 6032.219 | S61: 6032.219 | T61: 6032.219 | U61: 6032.219 | V61: 6032.219 | W61: 6032.219 | X61: 6032.219 | Y61: 6032.219 | Z61: 6032.219 | AA61: 6032.219 | AB61: 6032.219 | AC61: 6032.219 | AD61: 6032.219 | AE61: 6032.219 | AF61: 6032.219 | AG61: =+SUM(I61:AF61)*H61 -> 579093.02
B62: =+MONTH(E62) -> 11 | C62: =+YEAR(E62) -> 2027 | D62: =+_xlfn.CONCAT(B62:C62,G62) -> 112027FE | E62: 46692 | G62: FE | H62: 2 | I62: 6032.219 | J62: 6032.219 | K62: 6032.219 | L62: 6032.219 | M62: 6032.219 | N62: 6032.219 | O62: 6032.219 | P62: 6032.219 | Q62: 6032.219 | R62: 6032.219 | S62: 6032.219 | T62: 6032.219 | U62: 6032.219 | V62: 6032.219 | W62: 6032.219 | X62: 6032.219 | Y62: 6032.219 | Z62: 6032.219 | AA62: 6032.219 | AB62: 6032.219 | AC62: 6032.219 | AD62: 6032.219 | AE62: 6032.219 | AF62: 6032.219 | AG62: =+SUM(I62:AF62)*H62 -> 289546.51
B63: =+MONTH(E63) -> 11 | C63: =+YEAR(E63) -> 2027 | D63: =+_xlfn.CONCAT(E63,G63) -> 46692TOTAL | E63: 46692 | G63: TOTAL | H63: =+SUM(H59:H62) -> 30 | I63: =+SUMPRODUCT(I59:I62,$H59:$H62) -> 180966.57 | J63: =+SUMPRODUCT(J59:J62,$H59:$H62) -> 180966.57 | K63: =+SUMPRODUCT(K59:K62,$H59:$H62) -> 180966.57 | L63: =+SUMPRODUCT(L59:L62,$H59:$H62) -> 180966.57 | M63: =+SUMPRODUCT(M59:M62,$H59:$H62) -> 180966.57 | N63: =+SUMPRODUCT(N59:N62,$H59:$H62) -> 180966.57 | O63: =+SUMPRODUCT(O59:O62,$H59:$H62) -> 180966.57 | P63: =+SUMPRODUCT(P59:P62,$H59:$H62) -> 180966.57 | ... AF63: =+SUMPRODUCT(AF59:AF62,$H59:$H62) -> 180966.57 | AG63: =SUM(I63:AF63) -> 4343197.7
B64: =+MONTH(E64) -> 12 | C64: =+YEAR(E64) -> 2027 | D64: =+_xlfn.CONCAT(B64:C64,G64) -> 122027OR | E64: 46722 | F64: =+AG68 -> 4433241.9 | G64: OR | H64: 22 | I64: 5958.6584 | J64: 5958.6584 | K64: 5958.6584 | L64: 5958.6584 | M64: 5958.6584 | N64: 5958.6584 | O64: 5958.6584 | P64: 5958.6584 | Q64: 5958.6584 | R64: 5958.6584 | S64: 5958.6584 | T64: 5958.6584 | U64: 5958.6584 | V64: 5958.6584 | W64: 5958.6584 | X64: 5958.6584 | Y64: 5958.6584 | Z64: 5958.6584 | AA64: 5958.6584 | AB64: 5958.6584 | AC64: 5958.6584 | AD64: 5958.6584 | AE64: 5958.6584 | AF64: 5958.6584 | AG64: =+SUM(I64:AF64)*H64 -> 3146171.7
B65: =+MONTH(E65) -> 12 | C65: =+YEAR(E65) -> 2027 | D65: =+_xlfn.CONCAT(B65:C65,G65) -> 122027SA | E65: 46722 | G65: SA | H65: 3 | I65: 5958.6584 | J65: 5958.6584 | K65: 5958.6584 | L65: 5958.6584 | M65: 5958.6584 | N65: 5958.6584 | O65: 5958.6584 | P65: 5958.6584 | Q65: 5958.6584 | R65: 5958.6584 | S65: 5958.6584 | T65: 5958.6584 | U65: 5958.6584 | V65: 5958.6584 | W65: 5958.6584 | X65: 5958.6584 | Y65: 5958.6584 | Z65: 5958.6584 | AA65: 5958.6584 | AB65: 5958.6584 | AC65: 5958.6584 | AD65: 5958.6584 | AE65: 5958.6584 | AF65: 5958.6584 | AG65: =+SUM(I65:AF65)*H65 -> 429023.41
B66: =+MONTH(E66) -> 12 | C66: =+YEAR(E66) -> 2027 | D66: =+_xlfn.CONCAT(B66:C66,G66) -> 122027DO | E66: 46722 | G66: DO | H66: 4 | I66: 5958.6584 | J66: 5958.6584 | K66: 5958.6584 | L66: 5958.6584 | M66: 5958.6584 | N66: 5958.6584 | O66: 5958.6584 | P66: 5958.6584 | Q66: 5958.6584 | R66: 5958.6584 | S66: 5958.6584 | T66: 5958.6584 | U66: 5958.6584 | V66: 5958.6584 | W66: 5958.6584 | X66: 5958.6584 | Y66: 5958.6584 | Z66: 5958.6584 | AA66: 5958.6584 | AB66: 5958.6584 | AC66: 5958.6584 | AD66: 5958.6584 | AE66: 5958.6584 | AF66: 5958.6584 | AG66: =+SUM(I66:AF66)*H66 -> 572031.21
B67: =+MONTH(E67) -> 12 | C67: =+YEAR(E67) -> 2027 | D67: =+_xlfn.CONCAT(B67:C67,G67) -> 122027FE | E67: 46722 | G67: FE | H67: 2 | I67: 5958.6584 | J67: 5958.6584 | K67: 5958.6584 | L67: 5958.6584 | M67: 5958.6584 | N67: 5958.6584 | O67: 5958.6584 | P67: 5958.6584 | Q67: 5958.6584 | R67: 5958.6584 | S67: 5958.6584 | T67: 5958.6584 | U67: 5958.6584 | V67: 5958.6584 | W67: 5958.6584 | X67: 5958.6584 | Y67: 5958.6584 | Z67: 5958.6584 | AA67: 5958.6584 | AB67: 5958.6584 | AC67: 5958.6584 | AD67: 5958.6584 | AE67: 5958.6584 | AF67: 5958.6584 | AG67: =+SUM(I67:AF67)*H67 -> 286015.61
D68: =+_xlfn.CONCAT(E68,G68) -> 46722TOTAL | E68: 46722 | G68: TOTAL | H68: =+SUM(H64:H67) -> 31 | I68: =+SUMPRODUCT(I64:I67,$H64:$H67) -> 184718.41 | J68: =+SUMPRODUCT(J64:J67,$H64:$H67) -> 184718.41 | K68: =+SUMPRODUCT(K64:K67,$H64:$H67) -> 184718.41 | L68: =+SUMPRODUCT(L64:L67,$H64:$H67) -> 184718.41 | M68: =+SUMPRODUCT(M64:M67,$H64:$H67) -> 184718.41 | N68: =+SUMPRODUCT(N64:N67,$H64:$H67) -> 184718.41 | O68: =+SUMPRODUCT(O64:O67,$H64:$H67) -> 184718.41 | P68: =+SUMPRODUCT(P64:P67,$H64:$H67) -> 184718.41 | ... AF68: =+SUMPRODUCT(AF64:AF67,$H64:$H67) -> 184718.41 | AG68: =SUM(I68:AF68) -> 4433241.9
B69: =+MONTH(E69) -> 1 | C69: =+YEAR(E69) -> 2028 | D69: =+_xlfn.CONCAT(B69:C69,G69) -> 12028OR | E69: 46753 | F69: =+AG73 -> 4335092.7 | G69: OR | H69: 20 | I69: 5826.7375 | J69: 5826.7375 | K69: 5826.7375 | L69: 5826.7375 | M69: 5826.7375 | N69: 5826.7375 | O69: 5826.7375 | P69: 5826.7375 | Q69: 5826.7375 | R69: 5826.7375 | S69: 5826.7375 | T69: 5826.7375 | U69: 5826.7375 | V69: 5826.7375 | W69: 5826.7375 | X69: 5826.7375 | Y69: 5826.7375 | Z69: 5826.7375 | AA69: 5826.7375 | AB69: 5826.7375 | AC69: 5826.7375 | AD69: 5826.7375 | AE69: 5826.7375 | AF69: 5826.7375 | AG69: =ROUND(SUM(I69:AF69)*H69,2) -> 2796834
B70: =+MONTH(E70) -> 1 | C70: =+YEAR(E70) -> 2028 | D70: =+_xlfn.CONCAT(B70:C70,G70) -> 12028SA | E70: 46753 | G70: SA | H70: 4 | I70: 5826.7375 | J70: 5826.7375 | K70: 5826.7375 | L70: 5826.7375 | M70: 5826.7375 | N70: 5826.7375 | O70: 5826.7375 | P70: 5826.7375 | Q70: 5826.7375 | R70: 5826.7375 | S70: 5826.7375 | T70: 5826.7375 | U70: 5826.7375 | V70: 5826.7375 | W70: 5826.7375 | X70: 5826.7375 | Y70: 5826.7375 | Z70: 5826.7375 | AA70: 5826.7375 | AB70: 5826.7375 | AC70: 5826.7375 | AD70: 5826.7375 | AE70: 5826.7375 | AF70: 5826.7375 | AG70: =ROUND(SUM(I70:AF70)*H70,2) -> 559366.8
B71: =+MONTH(E71) -> 1 | C71: =+YEAR(E71) -> 2028 | D71: =+_xlfn.CONCAT(B71:C71,G71) -> 12028DO | E71: 46753 | G71: DO | H71: 5 | I71: 5826.7375 | J71: 5826.7375 | K71: 5826.7375 | L71: 5826.7375 | M71: 5826.7375 | N71: 5826.7375 | O71: 5826.7375 | P71: 5826.7375 | Q71: 5826.7375 | R71: 5826.7375 | S71: 5826.7375 | T71: 5826.7375 | U71: 5826.7375 | V71: 5826.7375 | W71: 5826.7375 | X71: 5826.7375 | Y71: 5826.7375 | Z71: 5826.7375 | AA71: 5826.7375 | AB71: 5826.7375 | AC71: 5826.7375 | AD71: 5826.7375 | AE71: 5826.7375 | AF71: 5826.7375 | AG71: =ROUND(SUM(I71:AF71)*H71,2) -> 699208.5
B72: =+MONTH(E72) -> 1 | C72: =+YEAR(E72) -> 2028 | D72: =+_xlfn.CONCAT(B72:C72,G72) -> 12028FE | E72: 46753 | G72: FE | H72: 2 | I72: 5826.7375 | J72: 5826.7375 | K72: 5826.7375 | L72: 5826.7375 | M72: 5826.7375 | N72: 5826.7375 | O72: 5826.7375 | P72: 5826.7375 | Q72: 5826.7375 | R72: 5826.7375 | S72: 5826.7375 | T72: 5826.7375 | U72: 5826.7375 | V72: 5826.7375 | W72: 5826.7375 | X72: 5826.7375 | Y72: 5826.7375 | Z72: 5826.7375 | AA72: 5826.7375 | AB72: 5826.7375 | AC72: 5826.7375 | AD72: 5826.7375 | AE72: 5826.7375 | AF72: 5826.7375 | AG72: =ROUND(SUM(I72:AF72)*H72,2) -> 279683.4
B73: =+MONTH(E73) -> 1 | C73: =+YEAR(E73) -> 2028 | D73: =+_xlfn.CONCAT(E73,G73) -> 46753TOTAL | E73: 46753 | G73: TOTAL | H73: =+SUM(H69:H72) -> 31 | I73: =+SUMPRODUCT(I69:I72,$H69:$H72) -> 180628.86 | J73: =+SUMPRODUCT(J69:J72,$H69:$H72) -> 180628.86 | K73: =+SUMPRODUCT(K69:K72,$H69:$H72) -> 180628.86 | L73: =+SUMPRODUCT(L69:L72,$H69:$H72) -> 180628.86 | M73: =+SUMPRODUCT(M69:M72,$H69:$H72) -> 180628.86 | N73: =+SUMPRODUCT(N69:N72,$H69:$H72) -> 180628.86 | O73: =+SUMPRODUCT(O69:O72,$H69:$H72) -> 180628.86 | P73: =+SUMPRODUCT(P69:P72,$H69:$H72) -> 180628.86 | ... AF73: =+SUMPRODUCT(AF69:AF72,$H69:$H72) -> 180628.86 | AG73: =SUM(I73:AF73) -> 4335092.7
B74: =+MONTH(E74) -> 2 | C74: =+YEAR(E74) -> 2028 | D74: =+_xlfn.CONCAT(B74:C74,G74) -> 22028OR | E74: 46784 | F74: =+AG78 -> 3885279.9 | G74: OR | H74: 21 | I74: 5582.2986 | J74: 5582.2986 | K74: 5582.2986 | L74: 5582.2986 | M74: 5582.2986 | N74: 5582.2986 | O74: 5582.2986 | P74: 5582.2986 | Q74: 5582.2986 | R74: 5582.2986 | S74: 5582.2986 | T74: 5582.2986 | U74: 5582.2986 | V74: 5582.2986 | W74: 5582.2986 | X74: 5582.2986 | Y74: 5582.2986 | Z74: 5582.2986 | AA74: 5582.2986 | AB74: 5582.2986 | AC74: 5582.2986 | AD74: 5582.2986 | AE74: 5582.2986 | AF74: 5582.2986 | AG74: =+SUM(I74:AF74)*H74 -> 2813478.5
B75: =+MONTH(E75) -> 2 | C75: =+YEAR(E75) -> 2028 | D75: =+_xlfn.CONCAT(B75:C75,G75) -> 22028SA | E75: 46784 | G75: SA | H75: 4 | I75: 5582.2986 | J75: 5582.2986 | K75: 5582.2986 | L75: 5582.2986 | M75: 5582.2986 | N75: 5582.2986 | O75: 5582.2986 | P75: 5582.2986 | Q75: 5582.2986 | R75: 5582.2986 | S75: 5582.2986 | T75: 5582.2986 | U75: 5582.2986 | V75: 5582.2986 | W75: 5582.2986 | X75: 5582.2986 | Y75: 5582.2986 | Z75: 5582.2986 | AA75: 5582.2986 | AB75: 5582.2986 | AC75: 5582.2986 | AD75: 5582.2986 | AE75: 5582.2986 | AF75: 5582.2986 | AG75: =+SUM(I75:AF75)*H75 -> 535900.67
B76: =+MONTH(E76) -> 2 | C76: =+YEAR(E76) -> 2028 | D76: =+_xlfn.CONCAT(B76:C76,G76) -> 22028DO | E76: 46784 | G76: DO | H76: 4 | I76: 5582.2986 | J76: 5582.2986 | K76: 5582.2986 | L76: 5582.2986 | M76: 5582.2986 | N76: 5582.2986 | O76: 5582.2986 | P76: 5582.2986 | Q76: 5582.2986 | R76: 5582.2986 | S76: 5582.2986 | T76: 5582.2986 | U76: 5582.2986 | V76: 5582.2986 | W76: 5582.2986 | X76: 5582.2986 | Y76: 5582.2986 | Z76: 5582.2986 | AA76: 5582.2986 | AB76: 5582.2986 | AC76: 5582.2986 | AD76: 5582.2986 | AE76: 5582.2986 | AF76: 5582.2986 | AG76: =+SUM(I76:AF76)*H76 -> 535900.67
B77: =+MONTH(E77) -> 2 | C77: =+YEAR(E77) -> 2028 | D77: =+_xlfn.CONCAT(B77:C77,G77) -> 22028FE | E77: 46784 | G77: FE | H77: 0 | I77: 0 | J77: 0 | K77: 0 | L77: 0 | M77: 0 | N77: 0 | O77: 0 | P77: 0 | Q77: 0 | R77: 0 | S77: 0 | T77: 0 | U77: 0 | V77: 0 | W77: 0 | X77: 0 | Y77: 0 | Z77: 0 | AA77: 0 | AB77: 0 | AC77: 0 | AD77: 0 | AE77: 0 | AF77: 0 | AG77: =+SUM(I77:AF77)*H77 -> 0
B78: =+MONTH(E78) -> 2 | C78: =+YEAR(E78) -> 2028 | D78: =+_xlfn.CONCAT(E78,G78) -> 46784TOTAL | E78: 46784 | G78: TOTAL | H78: =+SUM(H74:H77) -> 29 | I78: =+SUMPRODUCT(I74:I77,$H74:$H77) -> 161886.66 | J78: =+SUMPRODUCT(J74:J77,$H74:$H77) -> 161886.66 | K78: =+SUMPRODUCT(K74:K77,$H74:$H77) -> 161886.66 | L78: =+SUMPRODUCT(L74:L77,$H74:$H77) -> 161886.66 | M78: =+SUMPRODUCT(M74:M77,$H74:$H77) -> 161886.66 | N78: =+SUMPRODUCT(N74:N77,$H74:$H77) -> 161886.66 | O78: =+SUMPRODUCT(O74:O77,$H74:$H77) -> 161886.66 | P78: =+SUMPRODUCT(P74:P77,$H74:$H77) -> 161886.66 | ... AF78: =+SUMPRODUCT(AF74:AF77,$H74:$H77) -> 161886.66 | AG78: =SUM(I78:AF78) -> 3885279.9
B79: =+MONTH(E79) -> 3 | C79: =+YEAR(E79) -> 2028 | D79: =+_xlfn.CONCAT(B79:C79,G79) -> 32028OR | E79: 46813 | F79: =+AG83 -> 4121216.2 | G79: OR | H79: 22 | I79: 5539.269 | J79: 5539.269 | K79: 5539.269 | L79: 5539.269 | M79: 5539.269 | N79: 5539.269 | O79: 5539.269 | P79: 5539.269 | Q79: 5539.269 | R79: 5539.269 | S79: 5539.269 | T79: 5539.269 | U79: 5539.269 | V79: 5539.269 | W79: 5539.269 | X79: 5539.269 | Y79: 5539.269 | Z79: 5539.269 | AA79: 5539.269 | AB79: 5539.269 | AC79: 5539.269 | AD79: 5539.269 | AE79: 5539.269 | AF79: 5539.269 | AG79: =+SUM(I79:AF79)*H79 -> 2924734
B80: =+MONTH(E80) -> 3 | C80: =+YEAR(E80) -> 2028 | D80: =+_xlfn.CONCAT(B80:C80,G80) -> 32028SA | E80: 46813 | G80: SA | H80: 4 | I80: 5539.269 | J80: 5539.269 | K80: 5539.269 | L80: 5539.269 | M80: 5539.269 | N80: 5539.269 | O80: 5539.269 | P80: 5539.269 | Q80: 5539.269 | R80: 5539.269 | S80: 5539.269 | T80: 5539.269 | U80: 5539.269 | V80: 5539.269 | W80: 5539.269 | X80: 5539.269 | Y80: 5539.269 | Z80: 5539.269 | AA80: 5539.269 | AB80: 5539.269 | AC80: 5539.269 | AD80: 5539.269 | AE80: 5539.269 | AF80: 5539.269 | AG80: =+SUM(I80:AF80)*H80 -> 531769.83
B81: =+MONTH(E81) -> 3 | C81: =+YEAR(E81) -> 2028 | D81: =+_xlfn.CONCAT(B81:C81,G81) -> 32028DO | E81: 46813 | G81: DO | H81: 4 | I81: 5539.269 | J81: 5539.269 | K81: 5539.269 | L81: 5539.269 | M81: 5539.269 | N81: 5539.269 | O81: 5539.269 | P81: 5539.269 | Q81: 5539.269 | R81: 5539.269 | S81: 5539.269 | T81: 5539.269 | U81: 5539.269 | V81: 5539.269 | W81: 5539.269 | X81: 5539.269 | Y81: 5539.269 | Z81: 5539.269 | AA81: 5539.269 | AB81: 5539.269 | AC81: 5539.269 | AD81: 5539.269 | AE81: 5539.269 | AF81: 5539.269 | AG81: =+SUM(I81:AF81)*H81 -> 531769.83
B82: =+MONTH(E82) -> 3 | C82: =+YEAR(E82) -> 2028 | D82: =+_xlfn.CONCAT(B82:C82,G82) -> 32028FE | E82: 46813 | G82: FE | H82: 1 | I82: 5539.269 | J82: 5539.269 | K82: 5539.269 | L82: 5539.269 | M82: 5539.269 | N82: 5539.269 | O82: 5539.269 | P82: 5539.269 | Q82: 5539.269 | R82: 5539.269 | S82: 5539.269 | T82: 5539.269 | U82: 5539.269 | V82: 5539.269 | W82: 5539.269 | X82: 5539.269 | Y82: 5539.269 | Z82: 5539.269 | AA82: 5539.269 | AB82: 5539.269 | AC82: 5539.269 | AD82: 5539.269 | AE82: 5539.269 | AF82: 5539.269 | AG82: =+SUM(I82:AF82)*H82 -> 132942.46
B83: =+MONTH(E83) -> 3 | C83: =+YEAR(E83) -> 2028 | D83: =+_xlfn.CONCAT(E83,G83) -> 46813TOTAL | E83: 46813 | G83: TOTAL | H83: =+SUM(H79:H82) -> 31 | I83: =+SUMPRODUCT(I79:I82,$H79:$H82) -> 171717.34 | J83: =+SUMPRODUCT(J79:J82,$H79:$H82) -> 171717.34 | K83: =+SUMPRODUCT(K79:K82,$H79:$H82) -> 171717.34 | L83: =+SUMPRODUCT(L79:L82,$H79:$H82) -> 171717.34 | M83: =+SUMPRODUCT(M79:M82,$H79:$H82) -> 171717.34 | N83: =+SUMPRODUCT(N79:N82,$H79:$H82) -> 171717.34 | O83: =+SUMPRODUCT(O79:O82,$H79:$H82) -> 171717.34 | P83: =+SUMPRODUCT(P79:P82,$H79:$H82) -> 171717.34 | ... AF83: =+SUMPRODUCT(AF79:AF82,$H79:$H82) -> 171717.34 | AG83: =SUM(I83:AF83) -> 4121216.2
B84: =+MONTH(E84) -> 4 | C84: =+YEAR(E84) -> 2028 | D84: =+_xlfn.CONCAT(B84:C84,G84) -> 42028OR | E84: 46844 | F84: =+AG88 -> 4204112.7 | G84: OR | H84: 18 | I84: 5839.0454 | J84: 5839.0454 | K84: 5839.0454 | L84: 5839.0454 | M84: 5839.0454 | N84: 5839.0454 | O84: 5839.0454 | P84: 5839.0454 | Q84: 5839.0454 | R84: 5839.0454 | S84: 5839.0454 | T84: 5839.0454 | U84: 5839.0454 | V84: 5839.0454 | W84: 5839.0454 | X84: 5839.0454 | Y84: 5839.0454 | Z84: 5839.0454 | AA84: 5839.0454 | AB84: 5839.0454 | AC84: 5839.0454 | AD84: 5839.0454 | AE84: 5839.0454 | AF84: 5839.0454 | AG84: =+SUM(I84:AF84)*H84 -> 2522467.6
B85: =+MONTH(E85) -> 4 | C85: =+YEAR(E85) -> 2028 | D85: =+_xlfn.CONCAT(B85:C85,G85) -> 42028SA | E85: 46844 | G85: SA | H85: 5 | I85: 5839.0454 | J85: 5839.0454 | K85: 5839.0454 | L85: 5839.0454 | M85: 5839.0454 | N85: 5839.0454 | O85: 5839.0454 | P85: 5839.0454 | Q85: 5839.0454 | R85: 5839.0454 | S85: 5839.0454 | T85: 5839.0454 | U85: 5839.0454 | V85: 5839.0454 | W85: 5839.0454 | X85: 5839.0454 | Y85: 5839.0454 | Z85: 5839.0454 | AA85: 5839.0454 | AB85: 5839.0454 | AC85: 5839.0454 | AD85: 5839.0454 | AE85: 5839.0454 | AF85: 5839.0454 | AG85: =+SUM(I85:AF85)*H85 -> 700685.45
B86: =+MONTH(E86) -> 4 | C86: =+YEAR(E86) -> 2028 | D86: =+_xlfn.CONCAT(B86:C86,G86) -> 42028DO | E86: 46844 | G86: DO | H86: 5 | I86: 5839.0454 | J86: 5839.0454 | K86: 5839.0454 | L86: 5839.0454 | M86: 5839.0454 | N86: 5839.0454 | O86: 5839.0454 | P86: 5839.0454 | Q86: 5839.0454 | R86: 5839.0454 | S86: 5839.0454 | T86: 5839.0454 | U86: 5839.0454 | V86: 5839.0454 | W86: 5839.0454 | X86: 5839.0454 | Y86: 5839.0454 | Z86: 5839.0454 | AA86: 5839.0454 | AB86: 5839.0454 | AC86: 5839.0454 | AD86: 5839.0454 | AE86: 5839.0454 | AF86: 5839.0454 | AG86: =+SUM(I86:AF86)*H86 -> 700685.45
B87: =+MONTH(E87) -> 4 | C87: =+YEAR(E87) -> 2028 | D87: =+_xlfn.CONCAT(B87:C87,G87) -> 42028FE | E87: 46844 | G87: FE | H87: 2 | I87: 5839.0454 | J87: 5839.0454 | K87: 5839.0454 | L87: 5839.0454 | M87: 5839.0454 | N87: 5839.0454 | O87: 5839.0454 | P87: 5839.0454 | Q87: 5839.0454 | R87: 5839.0454 | S87: 5839.0454 | T87: 5839.0454 | U87: 5839.0454 | V87: 5839.0454 | W87: 5839.0454 | X87: 5839.0454 | Y87: 5839.0454 | Z87: 5839.0454 | AA87: 5839.0454 | AB87: 5839.0454 | AC87: 5839.0454 | AD87: 5839.0454 | AE87: 5839.0454 | AF87: 5839.0454 | AG87: =+SUM(I87:AF87)*H87 -> 280274.18
B88: =+MONTH(E88) -> 4 | C88: =+YEAR(E88) -> 2028 | D88: =+_xlfn.CONCAT(E88,G88) -> 46844TOTAL | E88: 46844 | G88: TOTAL | H88: =+SUM(H84:H87) -> 30 | I88: =+SUMPRODUCT(I84:I87,$H84:$H87) -> 175171.36 | J88: =+SUMPRODUCT(J84:J87,$H84:$H87) -> 175171.36 | K88: =+SUMPRODUCT(K84:K87,$H84:$H87) -> 175171.36 | L88: =+SUMPRODUCT(L84:L87,$H84:$H87) -> 175171.36 | M88: =+SUMPRODUCT(M84:M87,$H84:$H87) -> 175171.36 | N88: =+SUMPRODUCT(N84:N87,$H84:$H87) -> 175171.36 | O88: =+SUMPRODUCT(O84:O87,$H84:$H87) -> 175171.36 | P88: =+SUMPRODUCT(P84:P87,$H84:$H87) -> 175171.36 | ... AF88: =+SUMPRODUCT(AF84:AF87,$H84:$H87) -> 175171.36 | AG88: =SUM(I88:AF88) -> 4204112.7
B89: =+MONTH(E89) -> 5 | C89: =+YEAR(E89) -> 2028 | D89: =+_xlfn.CONCAT(B89:C89,G89) -> 52028OR | E89: 46874 | F89: =+AG93 -> 4403167.8 | G89: OR | H89: 21 | I89: 5918.2363 | J89: 5918.2363 | K89: 5918.2363 | L89: 5918.2363 | M89: 5918.2363 | N89: 5918.2363 | O89: 5918.2363 | P89: 5918.2363 | Q89: 5918.2363 | R89: 5918.2363 | S89: 5918.2363 | T89: 5918.2363 | U89: 5918.2363 | V89: 5918.2363 | W89: 5918.2363 | X89: 5918.2363 | Y89: 5918.2363 | Z89: 5918.2363 | AA89: 5918.2363 | AB89: 5918.2363 | AC89: 5918.2363 | AD89: 5918.2363 | AE89: 5918.2363 | AF89: 5918.2363 | AG89: =+SUM(I89:AF89)*H89 -> 2982791.1
B90: =+MONTH(E90) -> 5 | C90: =+YEAR(E90) -> 2028 | D90: =+_xlfn.CONCAT(B90:C90,G90) -> 52028SA | E90: 46874 | G90: SA | H90: 4 | I90: 5918.2363 | J90: 5918.2363 | K90: 5918.2363 | L90: 5918.2363 | M90: 5918.2363 | N90: 5918.2363 | O90: 5918.2363 | P90: 5918.2363 | Q90: 5918.2363 | R90: 5918.2363 | S90: 5918.2363 | T90: 5918.2363 | U90: 5918.2363 | V90: 5918.2363 | W90: 5918.2363 | X90: 5918.2363 | Y90: 5918.2363 | Z90: 5918.2363 | AA90: 5918.2363 | AB90: 5918.2363 | AC90: 5918.2363 | AD90: 5918.2363 | AE90: 5918.2363 | AF90: 5918.2363 | AG90: =+SUM(I90:AF90)*H90 -> 568150.68
B91: =+MONTH(E91) -> 5 | C91: =+YEAR(E91) -> 2028 | D91: =+_xlfn.CONCAT(B91:C91,G91) -> 52028DO | E91: 46874 | G91: DO | H91: 4 | I91: 5918.2363 | J91: 5918.2363 | K91: 5918.2363 | L91: 5918.2363 | M91: 5918.2363 | N91: 5918.2363 | O91: 5918.2363 | P91: 5918.2363 | Q91: 5918.2363 | R91: 5918.2363 | S91: 5918.2363 | T91: 5918.2363 | U91: 5918.2363 | V91: 5918.2363 | W91: 5918.2363 | X91: 5918.2363 | Y91: 5918.2363 | Z91: 5918.2363 | AA91: 5918.2363 | AB91: 5918.2363 | AC91: 5918.2363 | AD91: 5918.2363 | AE91: 5918.2363 | AF91: 5918.2363 | AG91: =+SUM(I91:AF91)*H91 -> 568150.68
B92: =+MONTH(E92) -> 5 | C92: =+YEAR(E92) -> 2028 | D92: =+_xlfn.CONCAT(B92:C92,G92) -> 52028FE | E92: 46874 | G92: FE | H92: 2 | I92: 5918.2363 | J92: 5918.2363 | K92: 5918.2363 | L92: 5918.2363 | M92: 5918.2363 | N92: 5918.2363 | O92: 5918.2363 | P92: 5918.2363 | Q92: 5918.2363 | R92: 5918.2363 | S92: 5918.2363 | T92: 5918.2363 | U92: 5918.2363 | V92: 5918.2363 | W92: 5918.2363 | X92: 5918.2363 | Y92: 5918.2363 | Z92: 5918.2363 | AA92: 5918.2363 | AB92: 5918.2363 | AC92: 5918.2363 | AD92: 5918.2363 | AE92: 5918.2363 | AF92: 5918.2363 | AG92: =+SUM(I92:AF92)*H92 -> 284075.34
B93: =+MONTH(E93) -> 5 | C93: =+YEAR(E93) -> 2028 | D93: =+_xlfn.CONCAT(E93,G93) -> 46874TOTAL | E93: 46874 | G93: TOTAL | H93: =+SUM(H89:H92) -> 31 | I93: =+SUMPRODUCT(I89:I92,$H89:$H92) -> 183465.33 | J93: =+SUMPRODUCT(J89:J92,$H89:$H92) -> 183465.33 | K93: =+SUMPRODUCT(K89:K92,$H89:$H92) -> 183465.33 | L93: =+SUMPRODUCT(L89:L92,$H89:$H92) -> 183465.33 | M93: =+SUMPRODUCT(M89:M92,$H89:$H92) -> 183465.33 | N93: =+SUMPRODUCT(N89:N92,$H89:$H92) -> 183465.33 | O93: =+SUMPRODUCT(O89:O92,$H89:$H92) -> 183465.33 | P93: =+SUMPRODUCT(P89:P92,$H89:$H92) -> 183465.33 | ... AF93: =+SUMPRODUCT(AF89:AF92,$H89:$H92) -> 183465.33 | AG93: =SUM(I93:AF93) -> 4403167.8
B94: =+MONTH(E94) -> 6 | C94: =+YEAR(E94) -> 2028 | D94: =+_xlfn.CONCAT(B94:C94,G94) -> 62028OR | E94: 46905 | F94: =+AG98 -> 4581541.9 | G94: OR | H94: 20 | I94: 6363.2526 | J94: 6363.2526 | K94: 6363.2526 | L94: 6363.2526 | M94: 6363.2526 | N94: 6363.2526 | O94: 6363.2526 | P94: 6363.2526 | Q94: 6363.2526 | R94: 6363.2526 | S94: 6363.2526 | T94: 6363.2526 | U94: 6363.2526 | V94: 6363.2526 | W94: 6363.2526 | X94: 6363.2526 | Y94: 6363.2526 | Z94: 6363.2526 | AA94: 6363.2526 | AB94: 6363.2526 | AC94: 6363.2526 | AD94: 6363.2526 | AE94: 6363.2526 | AF94: 6363.2526 | AG94: =+SUM(I94:AF94)*H94 -> 3054361.2
B95: =+MONTH(E95) -> 6 | C95: =+YEAR(E95) -> 2028 | D95: =+_xlfn.CONCAT(B95:C95,G95) -> 62028SA | E95: 46905 | G95: SA | H95: 4 | I95: 6363.2526 | J95: 6363.2526 | K95: 6363.2526 | L95: 6363.2526 | M95: 6363.2526 | N95: 6363.2526 | O95: 6363.2526 | P95: 6363.2526 | Q95: 6363.2526 | R95: 6363.2526 | S95: 6363.2526 | T95: 6363.2526 | U95: 6363.2526 | V95: 6363.2526 | W95: 6363.2526 | X95: 6363.2526 | Y95: 6363.2526 | Z95: 6363.2526 | AA95: 6363.2526 | AB95: 6363.2526 | AC95: 6363.2526 | AD95: 6363.2526 | AE95: 6363.2526 | AF95: 6363.2526 | AG95: =+SUM(I95:AF95)*H95 -> 610872.25
B96: =+MONTH(E96) -> 6 | C96: =+YEAR(E96) -> 2028 | D96: =+_xlfn.CONCAT(B96:C96,G96) -> 62028DO | E96: 46905 | G96: DO | H96: 4 | I96: 6363.2526 | J96: 6363.2526 | K96: 6363.2526 | L96: 6363.2526 | M96: 6363.2526 | N96: 6363.2526 | O96: 6363.2526 | P96: 6363.2526 | Q96: 6363.2526 | R96: 6363.2526 | S96: 6363.2526 | T96: 6363.2526 | U96: 6363.2526 | V96: 6363.2526 | W96: 6363.2526 | X96: 6363.2526 | Y96: 6363.2526 | Z96: 6363.2526 | AA96: 6363.2526 | AB96: 6363.2526 | AC96: 6363.2526 | AD96: 6363.2526 | AE96: 6363.2526 | AF96: 6363.2526 | AG96: =+SUM(I96:AF96)*H96 -> 610872.25
B97: =+MONTH(E97) -> 6 | C97: =+YEAR(E97) -> 2028 | D97: =+_xlfn.CONCAT(B97:C97,G97) -> 62028FE | E97: 46905 | G97: FE | H97: 2 | I97: 6363.2526 | J97: 6363.2526 | K97: 6363.2526 | L97: 6363.2526 | M97: 6363.2526 | N97: 6363.2526 | O97: 6363.2526 | P97: 6363.2526 | Q97: 6363.2526 | R97: 6363.2526 | S97: 6363.2526 | T97: 6363.2526 | U97: 6363.2526 | V97: 6363.2526 | W97: 6363.2526 | X97: 6363.2526 | Y97: 6363.2526 | Z97: 6363.2526 | AA97: 6363.2526 | AB97: 6363.2526 | AC97: 6363.2526 | AD97: 6363.2526 | AE97: 6363.2526 | AF97: 6363.2526 | AG97: =+SUM(I97:AF97)*H97 -> 305436.12
B98: =+MONTH(E98) -> 6 | C98: =+YEAR(E98) -> 2028 | D98: =+_xlfn.CONCAT(E98,G98) -> 46905TOTAL | E98: 46905 | G98: TOTAL | H98: =+SUM(H94:H97) -> 30 | I98: =+SUMPRODUCT(I94:I97,$H94:$H97) -> 190897.58 | J98: =+SUMPRODUCT(J94:J97,$H94:$H97) -> 190897.58 | K98: =+SUMPRODUCT(K94:K97,$H94:$H97) -> 190897.58 | L98: =+SUMPRODUCT(L94:L97,$H94:$H97) -> 190897.58 | M98: =+SUMPRODUCT(M94:M97,$H94:$H97) -> 190897.58 | N98: =+SUMPRODUCT(N94:N97,$H94:$H97) -> 190897.58 | O98: =+SUMPRODUCT(O94:O97,$H94:$H97) -> 190897.58 | P98: =+SUMPRODUCT(P94:P97,$H94:$H97) -> 190897.58 | ... AF98: =+SUMPRODUCT(AF94:AF97,$H94:$H97) -> 190897.58 | AG98: =SUM(I98:AF98) -> 4581541.9
B99: =+MONTH(E99) -> 7 | C99: =+YEAR(E99) -> 2028 | D99: =+_xlfn.CONCAT(B99:C99,G99) -> 72028OR | E99: 46935 | F99: =+AG103 -> 4596190.9 | G99: OR | H99: 19 | I99: 6177.676 | J99: 6177.676 | K99: 6177.676 | L99: 6177.676 | M99: 6177.676 | N99: 6177.676 | O99: 6177.676 | P99: 6177.676 | Q99: 6177.676 | R99: 6177.676 | S99: 6177.676 | T99: 6177.676 | U99: 6177.676 | V99: 6177.676 | W99: 6177.676 | X99: 6177.676 | Y99: 6177.676 | Z99: 6177.676 | AA99: 6177.676 | AB99: 6177.676 | AC99: 6177.676 | AD99: 6177.676 | AE99: 6177.676 | AF99: 6177.676 | AG99: =+SUM(I99:AF99)*H99 -> 2817020.2
B100: =+MONTH(E100) -> 7 | C100: =+YEAR(E100) -> 2028 | D100: =+_xlfn.CONCAT(B100:C100,G100) -> 72028SA | E100: 46935 | G100: SA | H100: 5 | I100: 6177.676 | J100: 6177.676 | K100: 6177.676 | L100: 6177.676 | M100: 6177.676 | N100: 6177.676 | O100: 6177.676 | P100: 6177.676 | Q100: 6177.676 | R100: 6177.676 | S100: 6177.676 | T100: 6177.676 | U100: 6177.676 | V100: 6177.676 | W100: 6177.676 | X100: 6177.676 | Y100: 6177.676 | Z100: 6177.676 | AA100: 6177.676 | AB100: 6177.676 | AC100: 6177.676 | AD100: 6177.676 | AE100: 6177.676 | AF100: 6177.676 | AG100: =+SUM(I100:AF100)*H100 -> 741321.12
B101: =+MONTH(E101) -> 7 | C101: =+YEAR(E101) -> 2028 | D101: =+_xlfn.CONCAT(B101:C101,G101) -> 72028DO | E101: 46935 | G101: DO | H101: 5 | I101: 6177.676 | J101: 6177.676 | K101: 6177.676 | L101: 6177.676 | M101: 6177.676 | N101: 6177.676 | O101: 6177.676 | P101: 6177.676 | Q101: 6177.676 | R101: 6177.676 | S101: 6177.676 | T101: 6177.676 | U101: 6177.676 | V101: 6177.676 | W101: 6177.676 | X101: 6177.676 | Y101: 6177.676 | Z101: 6177.676 | AA101: 6177.676 | AB101: 6177.676 | AC101: 6177.676 | AD101: 6177.676 | AE101: 6177.676 | AF101: 6177.676 | AG101: =+SUM(I101:AF101)*H101 -> 741321.12
B102: =+MONTH(E102) -> 7 | C102: =+YEAR(E102) -> 2028 | D102: =+_xlfn.CONCAT(B102:C102,G102) -> 72028FE | E102: 46935 | G102: FE | H102: 2 | I102: 6177.676 | J102: 6177.676 | K102: 6177.676 | L102: 6177.676 | M102: 6177.676 | N102: 6177.676 | O102: 6177.676 | P102: 6177.676 | Q102: 6177.676 | R102: 6177.676 | S102: 6177.676 | T102: 6177.676 | U102: 6177.676 | V102: 6177.676 | W102: 6177.676 | X102: 6177.676 | Y102: 6177.676 | Z102: 6177.676 | AA102: 6177.676 | AB102: 6177.676 | AC102: 6177.676 | AD102: 6177.676 | AE102: 6177.676 | AF102: 6177.676 | AG102: =+SUM(I102:AF102)*H102 -> 296528.45
B103: =+MONTH(E103) -> 7 | C103: =+YEAR(E103) -> 2028 | D103: =+_xlfn.CONCAT(E103,G103) -> 46935TOTAL | E103: 46935 | G103: TOTAL | H103: =+SUM(H99:H102) -> 31 | I103: =+SUMPRODUCT(I99:I102,$H99:$H102) -> 191507.96 | J103: =+SUMPRODUCT(J99:J102,$H99:$H102) -> 191507.96 | K103: =+SUMPRODUCT(K99:K102,$H99:$H102) -> 191507.96 | L103: =+SUMPRODUCT(L99:L102,$H99:$H102) -> 191507.96 | M103: =+SUMPRODUCT(M99:M102,$H99:$H102) -> 191507.96 | N103: =+SUMPRODUCT(N99:N102,$H99:$H102) -> 191507.96 | O103: =+SUMPRODUCT(O99:O102,$H99:$H102) -> 191507.96 | P103: =+SUMPRODUCT(P99:P102,$H99:$H102) -> 191507.96 | ... AF103: =+SUMPRODUCT(AF99:AF102,$H99:$H102) -> 191507.96 | AG103: =SUM(I103:AF103) -> 4596190.9
...

Sheet PRODUCTO 3
C1: CP-GNCC2026-002
C2: CP-GNCC2026-002-PROD03
C3: CANTIDAD EN: | D3: KWh
C4: MODALIDAD: | D4: PAGUE LO CONTRATADO
C5: OFERENTE:
C9: MES DE SUMINISTRO | D9: ENERGÍA SOLICITADA (KWh) | E9: % ENERGÍA OFRECIDA | F9: ENERGÍA OFRECIDA (KWh) | G9: PRECIO OFERTADO ($/KWh)
C10: 46753 | D10: =+_xlfn.XLOOKUP(_xlfn.CONCAT(C10,"TOTAL"),'Cantidades horarias PROD 03'!D:D,'Cantidades horarias PROD 03'!AG:AG) -> 11107108 | E10: 1 | F10: =ROUND(D10*$E10,2) -> 11107108
C11: 46784 | D11: =+_xlfn.XLOOKUP(_xlfn.CONCAT(C11,"TOTAL"),'Cantidades horarias PROD 03'!D:D,'Cantidades horarias PROD 03'!AG:AG) -> 10059541 | E11: 1 | F11: =ROUND(D11*$E11,2) -> 10059541
C12: 46813 | D12: =+_xlfn.XLOOKUP(_xlfn.CONCAT(C12,"TOTAL"),'Cantidades horarias PROD 03'!D:D,'Cantidades horarias PROD 03'!AG:AG) -> 10288924 | E12: 1 | F12: =ROUND(D12*$E12,2) -> 10288924
C13: 46844 | D13: =+_xlfn.XLOOKUP(_xlfn.CONCAT(C13,"TOTAL"),'Cantidades horarias PROD 03'!D:D,'Cantidades horarias PROD 03'!AG:AG) -> 10089497 | E13: 1 | F13: =ROUND(D13*$E13,2) -> 10089497
C14: 46874 | D14: =+_xlfn.XLOOKUP(_xlfn.CONCAT(C14,"TOTAL"),'Cantidades horarias PROD 03'!D:D,'Cantidades horarias PROD 03'!AG:AG) -> 10379974 | E14: 1 | F14: =ROUND(D14*$E14,2) -> 10379974
C15: 46905 | D15: =+_xlfn.XLOOKUP(_xlfn.CONCAT(C15,"TOTAL"),'Cantidades horarias PROD 03'!D:D,'Cantidades horarias PROD 03'!AG:AG) -> 9859792.7 | E15: 1 | F15: =ROUND(D15*$E15,2) -> 9859792.7
C16: 46935 | D16: =+_xlfn.XLOOKUP(_xlfn.CONCAT(C16,"TOTAL"),'Cantidades horarias PROD 03'!D:D,'Cantidades horarias PROD 03'!AG:AG) -> 9929795.3 | E16: 1 | F16: =ROUND(D16*$E16,2) -> 9929795.3
C17: 46966 | D17: =+_xlfn.XLOOKUP(_xlfn.CONCAT(C17,"TOTAL"),'Cantidades horarias PROD 03'!D:D,'Cantidades horarias PROD 03'!AG:AG) -> 10454619 | E17: 1 | F17: =ROUND(D17*$E17,2) -> 10454619
C18: 46997 | D18: =+_xlfn.XLOOKUP(_xlfn.CONCAT(C18,"TOTAL"),'Cantidades horarias PROD 03'!D:D,'Cantidades horarias PROD 03'!AG:AG) -> 10771006 | E18: 1 | F18: =ROUND(D18*$E18,2) -> 10771006
C19: 47027 | D19: =+_xlfn.XLOOKUP(_xlfn.CONCAT(C19,"TOTAL"),'Cantidades horarias PROD 03'!D:D,'Cantidades horarias PROD 03'!AG:AG) -> 10534963 | E19: 1 | F19: =ROUND(D19*$E19,2) -> 10534963
C20: 47058 | D20: =+_xlfn.XLOOKUP(_xlfn.CONCAT(C20,"TOTAL"),'Cantidades horarias PROD 03'!D:D,'Cantidades horarias PROD 03'!AG:AG) -> 10051817 | E20: 1 | F20: =ROUND(D20*$E20,2) -> 10051817
C21: 47088 | D21: =+_xlfn.XLOOKUP(_xlfn.CONCAT(C21,"TOTAL"),'Cantidades horarias PROD 03'!D:D,'Cantidades horarias PROD 03'!AG:AG) -> 10503336 | E21: 1 | F21: =ROUND(D21*$E21,2) -> 10503336
... C45: 47818 | D45: =+_xlfn.XLOOKUP(_xlfn.CONCAT(C45,"TOTAL"),'Cantidades horarias PROD 03'!D:D,'Cantidades horarias PROD 03'!AG:AG) -> 10986164 | E45: 1 | F45: =ROUND(D45*$E45,2) -> 10986164
C46: TOTAL | D46: =SUM(D10:D45) -> 3.734612e+08 | E46: =IFERROR(F46/D46,0) -> 1 | F46: =SUM(F10:F45) -> 3.734612e+08 | G46: =+(SUM(F10:F21)*G10+SUM(F22:F33)*G22+SUM(F34:F45)*G34)/F46 -> 0
C48: Nota
C49: 1. $/kWh expresados en pesos de abril de 2026. (IPC)
C50: 2. La energia ofertada se despachara conforme a las cantidades horarias de este anexo
C54: XXXXXXXXXXXXXXXXXXXXXXXX
C55: REPRESENTANTE LEGAL
C56: XXXXXXXXXXXXXXXXXX.SA.E.S.P
C62: XXXXXXXXXXXXXXXXXXXXXX S.A E.S.P
C64: Nota
C65: 1. $/kWh expresados en pesos de octubre 2025.
C66: 2. La energia ofertada se despachara conforme a las cantidades horarias de este anexo
C70: XXXXXXXXXXXXXXXXXXXXXXXX
C71: REPRESENTANTE LEGAL
C72: XXXXXXXXXXXXXXXXXXXXXX S.A E.S.P

Sheet Cantidades horarias PROD 03
E1: CUADRO DE CANTIDADES HORARIAS OFRECIDAS
E2: CANTIDADES DE ENERGIA (KWh) - PRODUCTO 1
E3: PAGUE LO CONTRATADO
E5: OFERENTE:
B8: MES | C8: AÑO | D8: LLAVE | F8: Cantidad Ofrecida | G8: Tipo de día | H8: N° días mes | I8: H1 | J8: H2 | K8: H3 | L8: H4 | M8: H5 | N8: H6 | O8: H7 | P8: H8 | Q8: H9 | R8: H10 | S8: H11 | T8: H12 | U8: H13 | V8: H14 | W8: H15 | X8: H16 | Y8: H17 | Z8: H18 | AA8: H19 | AB8: H20 | AC8: H21 | AD8: H22 | AE8: H23 | AF8: H24 | AG8: TOTAL
B9: =+MONTH(E9) -> 1 | C9: =+YEAR(E9) -> 2028 | D9: =+_xlfn.CONCAT(B9:C9,G9) -> 12028OR | E9: 46753 | F9: =+AG13 -> 11107108 | G9: OR | H9: 20 | I9: 14764.321 | J9: 14346.188 | K9: 13975.594 | L9: 14302.462 | M9: 13836.29 | N9: 14474.152 | O9: 16203.354 | P9: 19551.48 | Q9: 21899.198 | R9: 22666.385 | S9: 23295.621 | T9: 23633.325 | U9: 22599.214 | V9: 23683.597 | W9: 24167.112 | X9: 24352.52 | Y9: 23379.689 | Z9: 21578.566 | AA9: 19524.037 | AB9: 19406.706 | AC9: 17616.195 | AD9: 16945.611 | AE9: 15588.899 | AF9: 15650.732 | AG9: =ROUND(SUM(I9:AF9)*H9,2) -> 9148825
B10: =+MONTH(E10) -> 1 | C10: =+YEAR(E10) -> 2028 | D10: =+_xlfn.CONCAT(B10:C10,G10) -> 12028SA | E10: 46753 | G10: SA | H10: 4 | I10: 12489.809 | J10: 11800.523 | K10: 11951.131 | L10: 12441.385 | M10: 12155.534 | N10: 12577.8 | O10: 12742.689 | P10: 15264.797 | Q10: 16873.498 | R10: 17266.357 | S10: 17242.066 | T10: 17377.607 | U10: 16596.05 | V10: 16820.066 | W10: 16290.505 | X10: 15877.061 | Y10: 15140.48 | Z10: 14840.684 | AA10: 14026.768 | AB10: 14564.096 | AC10: 13934.157 | AD10: 13143.13 | AE10: 12130.198 | AF10: 11445.314 | AG10: =ROUND(SUM(I10:AF10)*H10,2) -> 1379966.8
B11: =+MONTH(E11) -> 1 | C11: =+YEAR(E11) -> 2028 | D11: =+_xlfn.CONCAT(B11:C11,G11) -> 12028DO | E11: 46753 | G11: DO | H11: 5 | I11: 3916.3529 | J11: 3904.0317 | K11: 3693.3717 | L11: 3638.5546 | M11: 3515.9453 | N11: 3774.9584 | O11: 2803.9402 | P11: 2906.6064 | Q11: 3113.0281 | R11: 3263.3577 | S11: 2661.2483 | T11: 2424.268 | U11: 1870.5008 | V11: 1738.9864 | W11: 1689.9234 | X11: 2447.6751 | Y11: 2716.8108 | Z11: 2957.7148 | AA11: 2431.221 | AB11: 3204.3882 | AC11: 3033.8558 | AD11: 3041.691 | AE11: 3133.8713 | AF11: 3125.7546 | AG11: =ROUND(SUM(I11:AF11)*H11,2) -> 355040.28
B12: =+MONTH(E12) -> 1 | C12: =+YEAR(E12) -> 2028 | D12: =+_xlfn.CONCAT(B12:C12,G12) -> 12028FE | E12: 46753 | G12: FE | H12: 2 | I12: 8595.1619 | J12: 8401.5555 | K12: 8141.2464 | L12: 8041.342 | M12: 7482.9482 | N12: 5794.2898 | O12: 3334.7723 | P12: 3526.3197 | Q12: 4217.1101 | R12: 4481.5573 | S12: 4190.3875 | T12: 3537.0249 | U12: 2822.7711 | V12: 2762.1959 | W12: 2540.8729 | X12: 3508.6727 | Y12: 3236.9344 | Z12: 4078.3907 | AA12: 3935.5887 | AB12: 4812.3791 | AC12: 3885.2399 | AD12: 3618.4771 | AE12: 3409.0765 | AF12: 3283.541 | AG12: =ROUND(SUM(I12:AF12)*H12,2) -> 223275.71
B13: =+MONTH(E13) -> 1 | C13: =+YEAR(E13) -> 2028 | D13: =+_xlfn.CONCAT(E13,G13) -> 46753TOTAL | E13: 46753 | G13: TOTAL | H13: 31 | I13: =+SUMPRODUCT(I9:I12,$H9:$H12) -> 382017.74 | J13: =+SUMPRODUCT(J9:J12,$H9:$H12) -> 370449.13 | K13: =+SUMPRODUCT(K9:K12,$H9:$H12) -> 362065.76 | L13: =+SUMPRODUCT(L9:L12,$H9:$H12) -> 370090.23 | M13: =+SUMPRODUCT(M9:M12,$H9:$H12) -> 357893.55 | N13: =+SUMPRODUCT(N9:N12,$H9:$H12) -> 370257.62 | O13: =+SUMPRODUCT(O9:O12,$H9:$H12) -> 395727.07 | P13: =+SUMPRODUCT(P9:P12,$H9:$H12) -> 473674.46 | ... AF13: =+SUMPRODUCT(AF9:AF12,$H9:$H12) -> 380991.76 | AG13: =SUM(I13:AF13) -> 11107108
B14: =+MONTH(E14) -> 2 | C14: =+YEAR(E14) -> 2028 | D14: =+_xlfn.CONCAT(B14:C14,G14) -> 22028OR | E14: 46784 | F14: =+AG18 -> 10059541 | G14: OR | H14: 21 | I14: 13298.873 | J14: 12900.972 | K14: 12524.134 | L14: 12862.524 | M14: 12346.032 | N14: 12898.291 | O14: 14379.536 | P14: 17578.205 | Q14: 19786.251 | R14: 20469.05 | S14: 20971.944 | T14: 21250.752 | U14: 20251.912 | V14: 21367.507 | W14: 21842.948 | X14: 22022.079 | Y14: 21053.877 | Z14: 19328.02 | AA14: 17414.924 | AB14: 17428.006 | AC14: 15712.998 | AD14: 15186.498 | AE14: 13965.909 | AF14: 14071.736 | AG14: =+SUM(I14:AF14)*H14 -> 8629172.6
B15: =+MONTH(E15) -> 2 | C15: =+YEAR(E15) -> 2028 | D15: =+_xlfn.CONCAT(B15:C15,G15) -> 22028SA | E15: 46784 | G15: SA | H15: 4 | I15: 11203.372 | J15: 10562.143 | K15: 10743.913 | L15: 11264.79 | M15: 10934.168 | N15: 11304.467 | O15: 11344.485 | P15: 13784.802 | Q15: 15303.246 | R15: 15671.018 | S15: 15539.806 | T15: 15687.579 | U15: 14970.232 | V15: 15291.003 | W15: 14743.722 | X15: 14321.407 | Y15: 13593.188 | Z15: 13293.758 | AA15: 12491.853 | AB15: 13171.411 | AC15: 12621.665 | AD15: 11938.567 | AE15: 11025.452 | AF15: 10387.661 | AG15: =+SUM(I15:AF15)*H15 -> 1244774.8
B16: =+MONTH(E16) -> 2 | C16: =+YEAR(E16) -> 2028 | D16: =+_xlfn.CONCAT(B16:C16,G16) -> 22028DO | E16: 46784 | G16: DO | H16: 4 | I16: 2978.9649 | J16: 3006.8829 | K16: 2755.9566 | L16: 2716.4534 | M16: 2587.1334 | N16: 2893.3295 | O16: 1911.3807 | P16: 1947.7569 | Q16: 2070.656 | R16: 2185.3888 | S16: 1546.0725 | T16: 1297.6923 | U16: 742.90707 | V16: 564.70013 | W16: 528.99811 | X16: 1271.7022 | Y16: 1543.7611 | Z16: 1847.6603 | AA16: 1263.8009 | AB16: 2138.2145 | AC16: 2021.2722 | AD16: 2106.4635 | AE16: 2221.8228 | AF16: 2249.4278 | AG16: =+SUM(I16:AF16)*H16 -> 185593.59
B17: =+MONTH(E17) -> 2 | C17: =+YEAR(E17) -> 2028 | D17: =+_xlfn.CONCAT(B17:C17,G17) -> 22028FE | E17: 46784 | G17: FE | H17: 0 | I17: 0 | J17: 0 | K17: 0 | L17: 0 | M17: 0 | N17: 0 | O17: 0 | P17: 0 | Q17: 0 | R17: 0 | S17: 0 | T17: 0 | U17: 0 | V17: 0 | W17: 0 | X17: 0 | Y17: 0 | Z17: 0 | AA17: 0 | AB17: 0 | AC17: 0 | AD17: 0 | AE17: 0 | AF17: 0 | AG17: =+SUM(I17:AF17)*H17 -> 0
B18: =+MONTH(E18) -> 2 | C18: =+YEAR(E18) -> 2028 | D18: =+_xlfn.CONCAT(E18,G18) -> 46784TOTAL | E18: 46784 | G18: TOTAL | H18: 29 | I18: =+SUMPRODUCT(I14:I17,$H14:$H17) -> 336005.69 | J18: =+SUMPRODUCT(J14:J17,$H14:$H17) -> 325196.53 | K18: =+SUMPRODUCT(K14:K17,$H14:$H17) -> 317006.29 | L18: =+SUMPRODUCT(L14:L17,$H14:$H17) -> 326037.97 | M18: =+SUMPRODUCT(M14:M17,$H14:$H17) -> 313351.88 | N18: =+SUMPRODUCT(N14:N17,$H14:$H17) -> 327655.3 | O18: =+SUMPRODUCT(O14:O17,$H14:$H17) -> 354993.71 | P18: =+SUMPRODUCT(P14:P17,$H14:$H17) -> 432072.55 | ... AF18: =+SUMPRODUCT(AF14:AF17,$H14:$H17) -> 346054.8 | AG18: =SUM(I18:AF18) -> 10059541
B19: =+MONTH(E19) -> 3 | C19: =+YEAR(E19) -> 2028 | D19: =+_xlfn.CONCAT(B19:C19,G19) -> 32028OR | E19: 46813 | F19: =+AG23 -> 10288924 | G19: OR | H19: 22 | I19: 13072.822 | J19: 12666.417 | K19: 12276.627 | L19: 12607.742 | M19: 12056.873 | N19: 12537.403 | O19: 13927.898 | P19: 17139.192 | Q19: 19364.083 | R19: 20081.289 | S19: 20555.369 | T19: 20828.36 | U19: 19819.423 | V19: 20964.678 | W19: 21451.766 | X19: 21618.141 | Y19: 20635.334 | Z19: 18898.774 | AA19: 16997.292 | AB19: 17069.748 | AC19: 15364.135 | AD19: 14878.695 | AE19: 13701.829 | AF19: 13813.192 | AG19: =+SUM(I19:AF19)*H19 -> 8851195.8
B20: =+MONTH(E20) -> 3 | C20: =+YEAR(E20) -> 2028 | D20: =+_xlfn.CONCAT(B20:C20,G20) -> 32028SA | E20: 46813 | G20: SA | H20: 4 | I20: 11101.478 | J20: 10461.128 | K20: 10654.41 | L20: 11183.537 | M20: 10828.535 | N20: 11141.614 | O20: 11141.173 | P20: 13608.587 | Q20: 15141.973 | R20: 15560.69 | S20: 15417.451 | T20: 15587.86 | U20: 14867.265 | V20: 15230.882 | W20: 14663.515 | X20: 14208.02 | Y20: 13464.22 | Z20: 13153.002 | AA20: 12355.855 | AB20: 13094.745 | AC20: 12539.135 | AD20: 11850.401 | AE20: 10931.162 | AF20: 10306.864 | AG20: =+SUM(I20:AF20)*H20 -> 1233974
B21: =+MONTH(E21) -> 3 | C21: =+YEAR(E21) -> 2028 | D21: =+_xlfn.CONCAT(B21:C21,G21) -> 32028DO | E21: 46813 | G21: DO | H21: 4 | I21: 4165.5815 | J21: 4117.116 | K21: 3826.2768 | L21: 3786.8425 | M21: 3436.8449 | N21: 2820.1717 | O21: 1038.5435 | P21: 1048.4163 | Q21: 1371.4322 | R21: 1538.6513 | S21: 1022.3874 | T21: 559.19961 | U21: 0 | V21: 0 | W21: 0 | X21: 417.56466 | Y21: 409.01895 | Z21: 1113.3115 | AA21: 675.27163 | AB21: 1763.3082 | AC21: 1353.6594 | AD21: 1384.6677 | AE21: 1402.7316 | AF21: 1433.4252 | AG21: =+SUM(I21:AF21)*H21 -> 154737.69
B22: =+MONTH(E22) -> 3 | C22: =+YEAR(E22) -> 2028 | D22: =+_xlfn.CONCAT(B22:C22,G22) -> 32028FE | E22: 46813 | G22: FE | H22: 1 | I22: 6741.6539 | J22: 6572.7656 | K22: 6265.9055 | L22: 6203.0328 | M22: 5528.5778 | N22: 3466.9715 | O22: 543.08423 | P22: 617.55801 | Q22: 1311.5467 | R22: 1574.1082 | S22: 1269.7361 | T22: 472.97624 | U22: 0 | V22: 0 | W22: 0 | X22: 204.20102 | Y22: 0 | Z22: 1005.1019 | AA22: 854.64088 | AB22: 2151.9446 | AC22: 1253.9484 | AD22: 1100.1416 | AE22: 947.46686 | AF22: 931.44157 | AG22: =+SUM(I22:AF22)*H22 -> 49016.804
B23: =+MONTH(E23) -> 3 | C23: =+YEAR(E23) -> 2028 | D23: =+_xlfn.CONCAT(E23,G23) -> 46813TOTAL | E23: 46813 | G23: TOTAL | H23: 31 | I23: =+SUMPRODUCT(I19:I22,$H19:$H22) -> 355411.98 | J23: =+SUMPRODUCT(J19:J22,$H19:$H22) -> 343546.92 | K23: =+SUMPRODUCT(K19:K22,$H19:$H22) -> 334274.45 | L23: =+SUMPRODUCT(L19:L22,$H19:$H22) -> 343454.87 | M23: =+SUMPRODUCT(M19:M22,$H19:$H22) -> 327841.3 | N23: =+SUMPRODUCT(N19:N22,$H19:$H22) -> 335136.98 | O23: =+SUMPRODUCT(O19:O22,$H19:$H22) -> 355675.7 | P23: =+SUMPRODUCT(P19:P22,$H19:$H22) -> 436307.8 | ... AF23: =+SUMPRODUCT(AF19:AF22,$H19:$H22) -> 351782.82 | AG23: =SUM(I23:AF23) -> 10288924
B24: =+MONTH(E24) -> 4 | C24: =+YEAR(E24) -> 2028 | D24: =+_xlfn.CONCAT(B24:C24,G24) -> 42028OR | E24: 46844 | F24: =+AG28 -> 10089497 | G24: OR | H24: 18 | I24: 14356.159 | J24: 13930.122 | K24: 13518.231 | L24: 13825.542 | M24: 13278.515 | N24: 13790.314 | O24: 15328.216 | P24: 18723.409 | Q24: 21122.307 | R24: 21972.572 | S24: 22537.059 | T24: 22870.942 | U24: 21803.527 | V24: 22964.83 | W24: 23473.036 | X24: 23615.338 | Y24: 22604.441 | Z24: 20779.81 | AA24: 18748.028 | AB24: 18768.492 | AC24: 16961.383 | AD24: 16373.079 | AE24: 15108.026 | AF24: 15180.179 | AG24: =+SUM(I24:AF24)*H24 -> 7949404
B25: =+MONTH(E25) -> 4 | C25: =+YEAR(E25) -> 2028 | D25: =+_xlfn.CONCAT(B25:C25,G25) -> 42028SA | E25: 46844 | G25: SA | H25: 5 | I25: 12197.053 | J25: 11531.678 | K25: 11702.958 | L25: 12216.795 | M25: 11860.451 | N25: 12171.317 | O25: 12235.994 | P25: 14810.886 | Q25: 16449.704 | R25: 16971.937 | S25: 16909.59 | T25: 17110.842 | U25: 16315.01 | V25: 16658.557 | W25: 16068.595 | X25: 15577.547 | Y25: 14814.035 | Z25: 14465.675 | AA25: 13644.184 | AB25: 14338.611 | AC25: 13690.832 | AD25: 12890.439 | AE25: 11868.51 | AF25: 11220.643 | AG25: =+SUM(I25:AF25)*H25 -> 1688609.2
B26: =+MONTH(E26) -> 4 | C26: =+YEAR(E26) -> 2028 | D26: =+_xlfn.CONCAT(B26:C26,G26) -> 42028DO | E26: 46844 | G26: DO | H26: 5 | I26: 4033.6367 | J26: 4024.6165 | K26: 3715.2305 | L26: 3678.2949 | M26: 3533.3504 | N26: 3864.1441 | O26: 2825.4122 | P26: 2864.3813 | Q26: 2991.658 | R26: 3160.5697 | S26: 2623.2894 | T26: 2458.9475 | U26: 1878.9376 | V26: 1671.8421 | W26: 1600.1803 | X26: 2329.3597 | Y26: 2572.3856 | Z26: 2927.3892 | AA26: 2300.6984 | AB26: 3197.1753 | AC26: 3002.0637 | AD26: 3082.5784 | AE26: 3157.0633 | AF26: 3196.8689 | AG26: =+SUM(I26:AF26)*H26 -> 353450.37
B27: =+MONTH(E27) -> 4 | C27: =+YEAR(E27) -> 2028 | D27: =+_xlfn.CONCAT(B27:C27,G27) -> 42028FE | E27: 46844 | G27: FE | H27: 2 | I27: 6741.6539 | J27: 6572.7656 | K27: 6265.9055 | L27: 6203.0328 | M27: 5528.5778 | N27: 3466.9715 | O27: 543.08423 | P27: 617.55801 | Q27: 1311.5467 | R27: 1574.1082 | S27: 1269.7361 | T27: 472.97624 | U27: 0 | V27: 0 | W27: 0 | X27: 204.20102 | Y27: 0 | Z27: 1005.1019 | AA27: 854.64088 | AB27: 2151.9446 | AC27: 1253.9484 | AD27: 1100.1416 | AE27: 947.46686 | AF27: 931.44157 | AG27: =+SUM(I27:AF27)*H27 -> 98033.607
B28: =+MONTH(E28) -> 4 | C28: =+YEAR(E28) -> 2028 | D28: =+_xlfn.CONCAT(E28,G28) -> 46844TOTAL | E28: 46844 | G28: TOTAL | H28: 30 | I28: =+SUMPRODUCT(I24:I27,$H24:$H27) -> 353047.63 | J28: =+SUMPRODUCT(J24:J27,$H24:$H27) -> 341669.21 | K28: =+SUMPRODUCT(K24:K27,$H24:$H27) -> 332950.92 | L28: =+SUMPRODUCT(L24:L27,$H24:$H27) -> 340741.27 | M28: =+SUMPRODUCT(M24:M27,$H24:$H27) -> 327039.44 | N28: =+SUMPRODUCT(N24:N27,$H24:$H27) -> 335336.91 | O28: =+SUMPRODUCT(O24:O27,$H24:$H27) -> 352301.09 | P28: =+SUMPRODUCT(P24:P27,$H24:$H27) -> 426632.8 | ... AF28: =+SUMPRODUCT(AF24:AF27,$H24:$H27) -> 347193.66 | AG28: =SUM(I28:AF28) -> 10089497
B29: =+MONTH(E29) -> 5 | C29: =+YEAR(E29) -> 2028 | D29: =+_xlfn.CONCAT(B29:C29,G29) -> 52028OR | E29: 46874 | F29: =+AG33 -> 10379974 | G29: OR | H29: 21 | I29: 13694.709 | J29: 13268.391 | K29: 12853.245 | L29: 13162.855 | M29: 12584.548 | N29: 13022.658 | O29: 14428.26 | P29: 17767.806 | Q29: 20118.311 | R29: 20950.286 | S29: 21456.97 | T29: 21763.736 | U29: 20708.728 | V29: 21890.003 | W29: 22400.685 | X29: 22540.617 | Y29: 21527.2 | Z29: 19725.168 | AA29: 17750.689 | AB29: 17841.608 | AC29: 16079.436 | AD29: 15564.096 | AE29: 14369.003 | AF29: 14460.174 | AG29: =+SUM(I29:AF29)*H29 -> 8818512.8
B30: =+MONTH(E30) -> 5 | C30: =+YEAR(E30) -> 2028 | D30: =+_xlfn.CONCAT(B30:C30,G30) -> 52028SA | E30: 46874 | G30: SA | H30: 4 | I30: 11373.588 | J30: 10725.416 | K30: 10923.726 | L30: 11456.622 | M30: 11074.129 | N30: 11323.013 | O30: 11300.615 | P30: 13835.834 | Q30: 15422.836 | R30: 15934.395 | S30: 15806.256 | T30: 16012.592 | U30: 15261.955 | V30: 15666.007 | W30: 15068.437 | X30: 14563.674 | Y30: 13795.675 | Z30: 13458.34 | AA30: 12657.912 | AB30: 13446.933 | AC30: 12852.43 | AD30: 12118.208 | AE30: 11156.091 | AF30: 10538.463 | AG30: =+SUM(I30:AF30)*H30 -> 1263092.6
B31: =+MONTH(E31) -> 5 | C31: =+YEAR(E31) -> 2028 | D31: =+_xlfn.CONCAT(B31:C31,G31) -> 52028DO | E31: 46874 | G31: DO | H31: 4 | I31: 3296.2737 | J31: 3298.867 | K31: 2973.6144 | L31: 2951.3159 | M31: 2805.4587 | N31: 3170.1306 | O31: 2106.5267 | P31: 2077.6448 | Q31: 2158.3341 | R31: 2305.029 | S31: 1728.4707 | T31: 1553.6132 | U31: 970.91511 | V31: 745.72921 | W31: 691.45436 | X31: 1416.1436 | Y31: 1659.5005 | Z31: 2057.5517 | AA31: 1395.5526 | AB31: 2359.0383 | AC31: 2212.309 | AD31: 2360.5911 | AE31: 2459.745 | AF31: 2530.0776 | AG31: =+SUM(I31:AF31)*H31 -> 205135.55
B32: =+MONTH(E32) -> 5 | C32: =+YEAR(E32) -> 2028 | D32: =+_xlfn.CONCAT(B32:C32,G32) -> 52028FE | E32: 46874 | G32: FE | H32: 2 | I32: 6791.0321 | J32: 6605.2522 | K32: 6267.8791 | L32: 6212.2646 | M32: 5490.649 | N32: 3342.7406 | O32: 205.14578 | P32: 301.76021 | Q32: 1000.3026 | R32: 1309.1653 | S32: 1109.159 | T32: 322.50185 | U32: 0 | V32: 0 | W32: 0 | X32: 0 | Y32: 0 | Z32: 761.28707 | AA32: 618.62111 | AB32: 2114.9734 | AC32: 1211.7674 | AD32: 1058.8622 | AE32: 931.09704 | AF32: 961.8372 | AG32: =+SUM(I32:AF32)*H32 -> 93232.596
B33: =+MONTH(E33) -> 5 | C33: =+YEAR(E33) -> 2028 | D33: =+_xlfn.CONCAT(E33,G33) -> 46874TOTAL | E33: 46874 | G33: TOTAL | H33: 31 | I33: =+SUMPRODUCT(I29:I32,$H29:$H32) -> 359850.39 | J33: =+SUMPRODUCT(J29:J32,$H29:$H32) -> 347943.84 | K33: =+SUMPRODUCT(K29:K32,$H29:$H32) -> 338043.27 | L33: =+SUMPRODUCT(L29:L32,$H29:$H32) -> 346476.23 | M33: =+SUMPRODUCT(M29:M32,$H29:$H32) -> 330775.16 | N33: =+SUMPRODUCT(N29:N32,$H29:$H32) -> 338133.87 | O33: =+SUMPRODUCT(O29:O32,$H29:$H32) -> 357032.31 | P33: =+SUMPRODUCT(P29:P32,$H29:$H32) -> 437381.37 | ... AF33: =+SUMPRODUCT(AF29:AF32,$H29:$H32) -> 357861.5 | AG33: =SUM(I33:AF33) -> 10379974
B34: =+MONTH(E34) -> 6 | C34: =+YEAR(E34) -> 2028 | D34: =+_xlfn.CONCAT(B34:C34,G34) -> 62028OR | E34: 46905 | F34: =+AG38 -> 9859792.7 | G34: OR | H34: 20 | I34: 13577.302 | J34: 13151.893 | K34: 12737.521 | L34: 13048.458 | M34: 12467.302 | N34: 12897.641 | O34: 14284.955 | P34: 17611.015 | Q34: 19949.122 | R34: 20773.212 | S34: 21270.669 | T34: 21572.228 | U34: 20521.058 | V34: 21703.273 | W34: 22213.162 | X34: 22354.037 | Y34: 21341.74 | Z34: 19545.822 | AA34: 17582.423 | AB34: 17681.821 | AC34: 15928.305 | AD34: 15424.077 | AE34: 14239.142 | AF34: 14333.799 | AG34: =+SUM(I34:AF34)*H34 -> 8324199.5
B35: =+MONTH(E35) -> 6 | C35: =+YEAR(E35) -> 2028 | D35: =+_xlfn.CONCAT(B35:C35,G35) -> 62028SA | E35: 46905 | G35: SA | H35: 4 | I35: 11353.451 | J35: 10705.715 | K35: 10904.584 | L35: 11437.873 | M35: 11055.004 | N35: 11302.989 | O35: 11278.832 | P35: 13812.682 | Q35: 15398.151 | R35: 15908.798 | S35: 15779.099 | T35: 15985.285 | U35: 15235.863 | V35: 15640.954 | W35: 15043.437 | X35: 14538.73 | Y35: 13770.809 | Z35: 13433.907 | AA35: 12633.967 | AB35: 13424.709 | AC35: 12831.664 | AD35: 12099.232 | AE35: 11138.745 | AF35: 10521.736 | AG35: =+SUM(I35:AF35)*H35 -> 1260944.9
B36: =+MONTH(E36) -> 6 | C36: =+YEAR(E36) -> 2028 | D36: =+_xlfn.CONCAT(B36:C36,G36) -> 62028DO | E36: 46905 | G36: DO | H36: 4 | I36: 3029.8187 | J36: 3038.0609 | K36: 2712.8724 | L36: 2694.1841 | M36: 2549.2066 | N36: 2920.9016 | O36: 1854.9081 | P36: 1808.2554 | Q36: 1876.5575 | R36: 2013.6238 | S36: 1419.5959 | T36: 1236.0093 | U36: 654.41649 | V36: 426.60577 | W36: 379.40622 | X36: 1103.8979 | Y36: 1349.4148 | Z36: 1754.972 | AA36: 1086.8817 | AB36: 2066.1583 | AC36: 1937.5532 | AD36: 2103.7333 | AE36: 2212.201 | AF36: 2289.5739 | AG36: =+SUM(I36:AF36)*H36 -> 178075.24
B37: =+MONTH(E37) -> 6 | C37: =+YEAR(E37) -> 2028 | D37: =+_xlfn.CONCAT(B37:C37,G37) -> 62028FE | E37: 46905 | G37: FE | H37: 2 | I37: 6859.8468 | J37: 6673.1539 | K37: 6335.7799 | L37: 6279.1746 | M37: 5560.0673 | N37: 3422.2075 | O37: 295.39785 | P37: 397.13417 | Q37: 1096.6241 | R37: 1407.8401 | S37: 1211.7168 | T37: 430.9112 | U37: 0 | V37: 0 | W37: 0 | X37: 0 | Y37: 0 | Z37: 865.08032 | AA37: 721.8136 | AB37: 2210.6407 | AC37: 1305.3072 | AD37: 1148.1251 | AE37: 1018.4938 | AF37: 1047.2076 | AG37: =+SUM(I37:AF37)*H37 -> 96573.045
B38: =+MONTH(E38) -> 6 | C38: =+YEAR(E38) -> 2028 | D38: =+_xlfn.CONCAT(E38,G38) -> 46905TOTAL | E38: 46905 | G38: TOTAL | H38: 30 | I38: =+SUMPRODUCT(I34:I37,$H34:$H37) -> 342798.81 | J38: =+SUMPRODUCT(J34:J37,$H34:$H37) -> 331359.27 | K38: =+SUMPRODUCT(K34:K37,$H34:$H37) -> 321891.81 | L38: =+SUMPRODUCT(L34:L37,$H34:$H37) -> 330055.73 | M38: =+SUMPRODUCT(M34:M37,$H34:$H37) -> 314883.01 | N38: =+SUMPRODUCT(N34:N37,$H34:$H37) -> 321692.8 | O38: =+SUMPRODUCT(O34:O37,$H34:$H37) -> 338824.85 | P38: =+SUMPRODUCT(P34:P37,$H34:$H37) -> 415498.31 | ... AF38: =+SUMPRODUCT(AF34:AF37,$H34:$H37) -> 340015.63 | AG38: =SUM(I38:AF38) -> 9859792.7
B39: =+MONTH(E39) -> 7 | C39: =+YEAR(E39) -> 2028 | D39: =+_xlfn.CONCAT(B39:C39,G39) -> 72028OR | E39: 46935 | F39: =+AG43 -> 9929795.3 | G39: OR | H39: 19 | I39: 13794.32 | J39: 13366.781 | K39: 12950.347 | L39: 13258.398 | M39: 12681.243 | N39: 13123.454 | O39: 14542.136 | P39: 17894.818 | Q39: 20257.628 | R39: 21098.468 | S39: 21612.495 | T39: 21923.863 | U39: 20864.832 | V39: 22046.532 | W39: 22558.464 | X39: 22696.958 | Y39: 21681.854 | Z39: 19873.65 | AA39: 17889.344 | AB39: 17974.957 | AC39: 16205.121 | AD39: 15681.217 | AE39: 14478.566 | AF39: 14566.728 | AG39: =+SUM(I39:AF39)*H39 -> 8037421.3
B40: =+MONTH(E40) -> 7 | C40: =+YEAR(E40) -> 2028 | D40: =+_xlfn.CONCAT(B40:C40,G40) -> 72028SA | E40: 46935 | G40: SA | H40: 5 | I40: 11441.604 | J40: 10791.896 | K40: 10988.725 | L40: 11520.589 | M40: 11138.31 | N40: 11387.754 | O40: 11369.817 | P40: 13911.257 | Q40: 15504.504 | R40: 16021.755 | S40: 15898.693 | T40: 16106.633 | U40: 15351.45 | V40: 15753.758 | W40: 15155.055 | X40: 14648.527 | Y40: 13879.517 | Z40: 13540.061 | AA40: 12738.091 | AB40: 13523.682 | AC40: 12923.632 | AD40: 12182.672 | AE40: 11214.37 | AF40: 10595.142 | AG40: =+SUM(I40:AF40)*H40 -> 1587937.5
B41: =+MONTH(E41) -> 7 | C41: =+YEAR(E41) -> 2028 | D41: =+_xlfn.CONCAT(B41:C41,G41) -> 72028DO | E41: 46935 | G41: DO | H41: 5 | I41: 2839.6864 | J41: 2851.6412 | K41: 2525.2279 | L41: 2509.4836 | M41: 2364.8688 | N41: 2742.7191 | O41: 1673.5744 | P41: 1612.7624 | Q41: 1671.2507 | R41: 1801.7971 | S41: 1196.0215 | T41: 1007.2863 | U41: 426.02711 | V41: 195.48603 | W41: 153.16151 | X41: 877.19999 | Y41: 1123.811 | Z41: 1536.4883 | AA41: 862.59026 | AB41: 1854.9807 | AC41: 1739.1679 | AD41: 1919.5636 | AE41: 2034.5898 | AF41: 2117.861 | AG41: =+SUM(I41:AF41)*H41 -> 198186.23
B42: =+MONTH(E42) -> 7 | C42: =+YEAR(E42) -> 2028 | D42: =+_xlfn.CONCAT(B42:C42,G42) -> 72028FE | E42: 46935 | G42: FE | H42: 2 | I42: 7052.6997 | J42: 6863.0146 | K42: 6524.824 | L42: 6465.6547 | M42: 5752.2707 | N42: 3640.0766 | O42: 537.58387 | P42: 654.16698 | Q42: 1356.4157 | R42: 1675.4171 | S42: 1492.8862 | T42: 728.63722 | U42: 0 | V42: 0 | W42: 0 | X42: 248.40998 | Y42: 0 | Z42: 1147.4676 | AA42: 1002.7367 | AB42: 2475.9297 | AC42: 1564.5356 | AD42: 1395.4735 | AE42: 1261.3129 | AF42: 1285.6342 | AG42: =+SUM(I42:AF42)*H42 -> 106250.3
B43: =+MONTH(E43) -> 7 | C43: =+YEAR(E43) -> 2028 | D43: =+_xlfn.CONCAT(E43,G43) -> 46935TOTAL | E43: 46935 | G43: TOTAL | H43: 31 | I43: =+SUMPRODUCT(I39:I42,$H39:$H42) -> 347603.94 | J43: =+SUMPRODUCT(J39:J42,$H39:$H42) -> 335912.56 | K43: =+SUMPRODUCT(K39:K42,$H39:$H42) -> 326676 | L43: =+SUMPRODUCT(L39:L42,$H39:$H42) -> 334991.24 | M43: =+SUMPRODUCT(M39:M42,$H39:$H42) -> 319964.05 | N43: =+SUMPRODUCT(N39:N42,$H39:$H42) -> 327278.14 | O43: =+SUMPRODUCT(O39:O42,$H39:$H42) -> 342592.71 | P43: =+SUMPRODUCT(P39:P42,$H39:$H42) -> 418929.98 | ... AF43: =+SUMPRODUCT(AF39:AF42,$H39:$H42) -> 342904.12 | AG43: =SUM(I43:AF43) -> 9929795.3
B44: =+MONTH(E44) -> 8 | C44: =+YEAR(E44) -> 2028 | D44: =+_xlfn.CONCAT(B44:C44,G44) -> 82028OR | E44: 46966 | F44: =+AG48 -> 10454619 | G44: OR | H44: 21 | I44: 13803.528 | J44: 13375.09 | K44: 12957.43 | L44: 13264.584 | M44: 12685.321 | N44: 13123.561 | O44: 14539.196 | P44: 17896.05 | Q44: 20263.117 | R44: 21108.577 | S44: 21622.436 | T44: 21934.552 | U44: 20873.809 | V44: 22057.682 | W44: 22570.739 | X44: 22707.983 | Y44: 21691.44 | Z44: 19880.942 | AA44: 17894.983 | AB44: 17983.405 | AC44: 16212.303 | AD44: 15689.115 | AE44: 14487.617 | AF44: 14575.411 | AG44: =+SUM(I44:AF44)*H44 -> 8887176.3
B45: =+MONTH(E45) -> 8 | C45: =+YEAR(E45) -> 2028 | D45: =+_xlfn.CONCAT(B45:C45,G45) -> 82028SA | E45: 46966 | G45: SA | H45: 4 | I45: 11483.134 | J45: 10832.416 | K45: 11028.811 | L45: 11560.384 | M45: 11177.019 | N45: 11423.952 | O45: 11407.029 | P45: 13954.112 | Q45: 15552.401 | R45: 16076.135 | S45: 15955.949 | T45: 16166.137 | U45: 15407.669 | V45: 15810.947 | W45: 15210.45 | X45: 14701.033 | Y45: 13930.539 | Z45: 13589.031 | AA45: 12786.244 | AB45: 13572.482 | AC45: 12968.328 | AD45: 12222.459 | AE45: 11249.601 | AF45: 10629.958 | AG45: =+SUM(I45:AF45)*H45 -> 1274784.9
B46: =+MONTH(E46) -> 8 | C46: =+YEAR(E46) -> 2028 | D46: =+_xlfn.CONCAT(B46:C46,G46) -> 82028DO | E46: 46966 | G46: DO | H46: 4 | I46: 3264.6725 | J46: 3266.9934 | K46: 2937.9862 | L46: 2917.2054 | M46: 2770.6678 | N46: 3139.5593 | O46: 2071.3904 | P46: 2036.022 | Q46: 2112.356 | R46: 2258.9475 | S46: 1682.4431 | T46: 1509.749 | U46: 925.83436 | V46: 697.79839 | W46: 643.8485 | X46: 1367.5896 | Y46: 1609.8787 | Z46: 2014.0436 | AA46: 1346.9953 | AB46: 2317.8198 | AC46: 2172.8243 | AD46: 2327.5058 | AE46: 2427.5053 | AF46: 2501.2626 | AG46: =+SUM(I46:AF46)*H46 -> 201283.6
B47: =+MONTH(E47) -> 8 | C47: =+YEAR(E47) -> 2028 | D47: =+_xlfn.CONCAT(B47:C47,G47) -> 82028FE | E47: 46966 | G47: FE | H47: 2 | I47: 6765.2083 | J47: 6578.3255 | K47: 6238.2362 | L47: 6183.703 | M47: 5456.7871 | N47: 3296.7824 | O47: 135.4247 | P47: 231.76104 | Q47: 930.29275 | R47: 1242.2442 | S47: 1049.8245 | T47: 261.49703 | U47: 0 | V47: 0 | W47: 0 | X47: 0 | Y47: 0 | Z47: 693.99925 | AA47: 552.29112 | AB47: 2069.6695 | AC47: 1166.9339 | AD47: 1015.9872 | AE47: 891.25928 | AF47: 927.0529 | AG47: =+SUM(I47:AF47)*H47 -> 91374.56
B48: =+MONTH(E48) -> 8 | C48: =+YEAR(E48) -> 2028 | D48: =+_xlfn.CONCAT(E48,G48) -> 46966TOTAL | E48: 46966 | G48: TOTAL | H48: 31 | I48: =+SUMPRODUCT(I44:I47,$H44:$H47) -> 362395.74 | J48: =+SUMPRODUCT(J44:J47,$H44:$H47) -> 350431.18 | K48: =+SUMPRODUCT(K44:K47,$H44:$H47) -> 340449.69 | L48: =+SUMPRODUCT(L44:L47,$H44:$H47) -> 348834.03 | M48: =+SUMPRODUCT(M44:M47,$H44:$H47) -> 333096.06 | N48: =+SUMPRODUCT(N44:N47,$H44:$H47) -> 340442.39 | O48: =+SUMPRODUCT(O44:O47,$H44:$H47) -> 359507.64 | P48: =+SUMPRODUCT(P44:P47,$H44:$H47) -> 440241.1 | ... AF48: =+SUMPRODUCT(AF44:AF47,$H44:$H47) -> 360462.62 | AG48: =SUM(I48:AF48) -> 10454619
B49: =+MONTH(E49) -> 9 | C49: =+YEAR(E49) -> 2028 | D49: =+_xlfn.CONCAT(B49:C49,G49) -> 92028OR | E49: 46997 | F49: =+AG53 -> 10771006 | G49: OR | H49: 21 | I49: 13827.726 | J49: 13399.095 | K49: 12981.268 | L49: 13288.144 | M49: 12709.454 | N49: 13149.267 | O49: 14568.644 | P49: 17928.297 | Q49: 20297.94 | R49: 21145.048 | S49: 21660.804 | T49: 21973.995 | U49: 20912.452 | V49: 22096.145 | W49: 22609.372 | X49: 22746.415 | Y49: 21729.632 | Z49: 19917.864 | AA49: 17929.616 | AB49: 18016.311 | AC49: 16243.422 | AD49: 15717.953 | AE49: 14514.374 | AF49: 14601.449 | AG49: =+SUM(I49:AF49)*H49 -> 8903258.5
B50: =+MONTH(E50) -> 9 | C50: =+YEAR(E50) -> 2028 | D50: =+_xlfn.CONCAT(B50:C50,G50) -> 92028SA | E50: 46997 | G50: SA | H50: 5 | I50: 11771.192 | J50: 11114.212 | K50: 11302.75 | L50: 11828.808 | M50: 11450.453 | N50: 11709.369 | O50: 11717.097 | P50: 14284.321 | Q50: 15904.916 | R50: 16442.613 | S50: 16344.682 | T50: 16557.398 | U50: 15781.39 | V50: 16170.424 | W50: 15568.841 | X50: 15058.06 | Y50: 14286.195 | Z50: 13938.256 | AA50: 13128.522 | AB50: 13890.991 | AC50: 13265.763 | AD50: 12494.041 | AE50: 11497.613 | AF50: 10869.3 | AG50: =+SUM(I50:AF50)*H50 -> 1631886
B51: =+MONTH(E51) -> 9 | C51: =+YEAR(E51) -> 2028 | D51: =+_xlfn.CONCAT(B51:C51,G51) -> 92028DO | E51: 46997 | G51: DO | H51: 4 | I51: 3605.131 | J51: 3600.2371 | K51: 3271.1591 | L51: 3245.7622 | M51: 3098.1029 | N51: 3458.0105 | O51: 2392.9077 | P51: 2380.2586 | Q51: 2472.4288 | R51: 2631.32 | S51: 2077.1307 | T51: 1915.5807 | U51: 1330.2577 | V51: 1105.5831 | W51: 1042.5944 | X51: 1766.5906 | Y51: 2006.1238 | Z51: 2400.6825 | AA51: 1741.43 | AB51: 2692.0615 | AC51: 2523.9095 | AD51: 2655.7095 | AE51: 2743.8092 | AF51: 2808.5631 | AG51: =+SUM(I51:AF51)*H51 -> 235861.38
B52: =+MONTH(E52) -> 9 | C52: =+YEAR(E52) -> 2028 | D52: =+_xlfn.CONCAT(B52:C52,G52) -> 92028FE | E52: 46997 | G52: FE | H52: 0 | I52: 0 | J52: 0 | K52: 0 | L52: 0 | M52: 0 | N52: 0 | O52: 0 | P52: 0 | Q52: 0 | R52: 0 | S52: 0 | T52: 0 | U52: 0 | V52: 0 | W52: 0 | X52: 0 | Y52: 0 | Z52: 0 | AA52: 0 | AB52: 0 | AC52: 0 | AD52: 0 | AE52: 0 | AF52: 0 | AG52: =+SUM(I52:AF52)*H52 -> 0
B53: =+MONTH(E53) -> 9 | C53: =+YEAR(E53) -> 2028 | D53: =+_xlfn.CONCAT(E53,G53) -> 46997TOTAL | E53: 46997 | G53: TOTAL | H53: 30 | I53: =+SUMPRODUCT(I49:I52,$H49:$H52) -> 363658.72 | J53: =+SUMPRODUCT(J49:J52,$H49:$H52) -> 351353 | K53: =+SUMPRODUCT(K49:K52,$H49:$H52) -> 342205.02 | L53: =+SUMPRODUCT(L49:L52,$H49:$H52) -> 351178.11 | M53: =+SUMPRODUCT(M49:M52,$H49:$H52) -> 336543.2 | N53: =+SUMPRODUCT(N49:N52,$H49:$H52) -> 348513.5 | O53: =+SUMPRODUCT(O49:O52,$H49:$H52) -> 374098.64 | P53: =+SUMPRODUCT(P49:P52,$H49:$H52) -> 457436.87 | ... AF53: =+SUMPRODUCT(AF49:AF52,$H49:$H52) -> 372211.19 | AG53: =SUM(I53:AF53) -> 10771006
B54: =+MONTH(E54) -> 10 | C54: =+YEAR(E54) -> 2028 | D54: =+_xlfn.CONCAT(B54:C54,G54) -> 102028OR | E54: 47027 | F54: =+AG58 -> 10534963 | G54: OR | H54: 21 | I54: 13860.897 | J54: 13432.007 | K54: 13013.959 | L54: 13320.458 | M54: 12742.568 | N54: 13184.566 | O54: 14609.1 | P54: 17972.57 | Q54: 20345.723 | R54: 21195.069 | S54: 21713.429 | T54: 22028.092 | U54: 20965.462 | V54: 22148.894 | W54: 22662.348 | X54: 22799.122 | Y54: 21782.019 | Z54: 19968.519 | AA54: 17977.139 | AB54: 18061.447 | AC54: 16286.111 | AD54: 15757.506 | AE54: 14551.062 | AF54: 14637.152 | AG54: =+SUM(I54:AF54)*H54 -> 8925319.6
B55: =+MONTH(E55) -> 10 | C55: =+YEAR(E55) -> 2028 | D55: =+_xlfn.CONCAT(B55:C55,G55) -> 102028SA | E55: 47027 | G55: SA | H55: 4 | I55: 11659.313 | J55: 11004.765 | K55: 11196.357 | L55: 11724.559 | M55: 11344.252 | N55: 11598.501 | O55: 11596.647 | P55: 14156.057 | Q55: 15767.995 | R55: 16300.282 | S55: 16193.706 | T55: 16405.446 | U55: 15636.248 | V55: 16030.824 | W55: 15429.658 | X55: 14919.398 | Y55: 14148.062 | Z55: 13802.617 | AA55: 12995.581 | AB55: 13767.295 | AC55: 13150.248 | AD55: 12388.563 | AE55: 11401.286 | AF55: 10776.343 | AG55: =+SUM(I55:AF55)*H55 -> 1293576
B56: =+MONTH(E56) -> 10 | C56: =+YEAR(E56) -> 2028 | D56: =+_xlfn.CONCAT(B56:C56,G56) -> 102028DO | E56: 47027 | G56: DO | H56: 5 | I56: 3403.9535 | J56: 3403.3203 | K56: 3074.2741 | L56: 3051.6078 | M56: 2904.6091 | N56: 3269.8345 | O56: 2202.9084 | P56: 2176.8227 | Q56: 2259.6275 | R56: 2411.2536 | S56: 1843.884 | T56: 1675.7575 | U56: 1091.263 | V56: 864.59539 | W56: 806.94635 | X56: 1530.7894 | Y56: 1771.9475 | Z56: 2172.1965 | AA56: 1508.3258 | AB56: 2470.9041 | AC56: 2316.4342 | AD56: 2461.7664 | AE56: 2556.897 | AF56: 2626.978 | AG56: =+SUM(I56:AF56)*H56 -> 269284.48
B57: =+MONTH(E57) -> 10 | C57: =+YEAR(E57) -> 2028 | D57: =+_xlfn.CONCAT(B57:C57,G57) -> 102028FE | E57: 47027 | G57: FE | H57: 1 | I57: 6810.2629 | J57: 6622.7906 | K57: 6282.7164 | L57: 6227.5304 | M57: 5502.2819 | N57: 3348.9042 | O57: 194.72151 | P57: 294.4018 | Q57: 993.55189 | R57: 1307.0212 | S57: 1117.0916 | T57: 332.59231 | U57: 0 | V57: 0 | W57: 0 | X57: 0 | Y57: 0 | Z57: 762.11847 | AA57: 620.01279 | AB57: 2132.3593 | AC57: 1228.2327 | AD57: 1074.4838 | AE57: 948.52061 | AF57: 982.96274 | AG57: =+SUM(I57:AF57)*H57 -> 46782.557
B58: =+MONTH(E58) -> 10 | C58: =+YEAR(E58) -> 2028 | D58: =+_xlfn.CONCAT(E58,G58) -> 47027TOTAL | E58: 47027 | G58: TOTAL | H58: 31 | I58: =+SUMPRODUCT(I54:I57,$H54:$H57) -> 361546.11 | J58: =+SUMPRODUCT(J54:J57,$H54:$H57) -> 349730.61 | K58: =+SUMPRODUCT(K54:K57,$H54:$H57) -> 339732.66 | L58: =+SUMPRODUCT(L54:L57,$H54:$H57) -> 348113.43 | M58: =+SUMPRODUCT(M54:M57,$H54:$H57) -> 332996.26 | N58: =+SUMPRODUCT(N54:N57,$H54:$H57) -> 342967.97 | O58: =+SUMPRODUCT(O54:O57,$H54:$H57) -> 364386.95 | P58: =+SUMPRODUCT(P54:P57,$H54:$H57) -> 445226.71 | ... AF58: =+SUMPRODUCT(AF54:AF57,$H54:$H57) -> 364603.41 | AG58: =SUM(I58:AF58) -> 10534963
B59: =+MONTH(E59) -> 11 | C59: =+YEAR(E59) -> 2028 | D59: =+_xlfn.CONCAT(B59:C59,G59) -> 112028OR | E59: 47058 | F59: =+AG63 -> 10051817 | G59: OR | H59: 20 | I59: 13820.306 | J59: 13391.454 | K59: 12973.282 | L59: 13279.973 | M59: 12700.315 | N59: 13138.088 | O59: 14554.794 | P59: 17914.647 | Q59: 20284.618 | R59: 21132.581 | S59: 21647.452 | T59: 21960.429 | U59: 20898.652 | V59: 22083.164 | W59: 22596.7 | X59: 22733.405 | Y59: 21716.236 | Z59: 19904.241 | AA59: 17916.428 | AB59: 18004.833 | AC59: 16232.293 | AD59: 15708.063 | AE59: 14505.785 | AF59: 14593.048 | AG59: =+SUM(I59:AF59)*H59 -> 8473815.8
B60: =+MONTH(E60) -> 11 | C60: =+YEAR(E60) -> 2028 | D60: =+_xlfn.CONCAT(B60:C60,G60) -> 112028SA | E60: 47058 | G60: SA | H60: 4 | I60: 11601.195 | J60: 10947.875 | K60: 11141.286 | L60: 11670.77 | M60: 11288.845 | N60: 11539.251 | O60: 11531.57 | P60: 14087.836 | Q60: 15695.888 | R60: 16226.861 | S60: 16115.683 | T60: 16327.546 | U60: 15561.633 | V60: 15960.099 | W60: 15358.602 | X60: 14847.712 | Y60: 14076.22 | Z60: 13731.695 | AA60: 12926.123 | AB60: 13704.001 | AC60: 13090.848 | AD60: 12333.982 | AE60: 11351.071 | AF60: 10728.158 | AG60: =+SUM(I60:AF60)*H60 -> 1287379
B61: =+MONTH(E61) -> 11 | C61: =+YEAR(E61) -> 2028 | D61: =+_xlfn.CONCAT(B61:C61,G61) -> 112028DO | E61: 47058 | G61: DO | H61: 4 | I61: 3234.8793 | J61: 3237.6188 | K61: 2907.768 | L61: 2887.6372 | M61: 2741.0204 | N61: 3111.4631 | O61: 2042.0587 | P61: 2003.7131 | Q61: 2078.0093 | R61: 2223.7591 | S61: 1645.7821 | T61: 1472.8354 | U61: 888.73951 | V61: 659.8359 | W61: 606.56085 | X61: 1330.0708 | Y61: 1572.3019 | Z61: 1978.4874 | AA61: 1309.7795 | AB61: 2283.6058 | AC61: 2140.5428 | AD61: 2298.1927 | AE61: 2399.175 | AF61: 2474.3052 | AG61: =+SUM(I61:AF61)*H61 -> 198112.57
B62: =+MONTH(E62) -> 11 | C62: =+YEAR(E62) -> 2028 | D62: =+_xlfn.CONCAT(B62:C62,G62) -> 112028FE | E62: 47058 | G62: FE | H62: 2 | I62: 6791.312 | J62: 6603.7675 | K62: 6263.0852 | L62: 6208.3309 | M62: 5481.4156 | N62: 3323.4062 | O62: 161.83844 | P62: 260.47636 | Q62: 959.44275 | R62: 1273.1534 | S62: 1084.1797 | T62: 298.18663 | U62: 0 | V62: 0 | W62: 0 | X62: 0 | Y62: 0 | Z62: 727.18912 | AA62: 585.41289 | AB62: 2103.9079 | AC62: 1200.2937 | AD62: 1047.8017 | AE62: 922.87579 | AF62: 958.83733 | AG62: =+SUM(I62:AF62)*H62 -> 92509.827
B63: =+MONTH(E63) -> 11 | C63: =+YEAR(E63) -> 2028 | D63: =+_xlfn.CONCAT(E63,G63) -> 47058TOTAL | E63: 47058 | G63: TOTAL | H63: 30 | I63: =+SUMPRODUCT(I59:I62,$H59:$H62) -> 349333.05 | J63: =+SUMPRODUCT(J59:J62,$H59:$H62) -> 337778.58 | K63: =+SUMPRODUCT(K59:K62,$H59:$H62) -> 328188.02 | L63: =+SUMPRODUCT(L59:L62,$H59:$H62) -> 336249.75 | M63: =+SUMPRODUCT(M59:M62,$H59:$H62) -> 321088.58 | N63: =+SUMPRODUCT(N59:N62,$H59:$H62) -> 328011.44 | O63: =+SUMPRODUCT(O59:O62,$H59:$H62) -> 345714.08 | P63: =+SUMPRODUCT(P59:P62,$H59:$H62) -> 423180.1 | ... AF63: =+SUMPRODUCT(AF59:AF62,$H59:$H62) -> 346588.49 | AG63: =SUM(I63:AF63) -> 10051817
B64: =+MONTH(E64) -> 12 | C64: =+YEAR(E64) -> 2028 | D64: =+_xlfn.CONCAT(B64:C64,G64) -> 122028OR | E64: 47088 | F64: =+AG68 -> 10503336 | G64: OR | H64: 19 | I64: 14331.323 | J64: 13898.219 | K64: 13476.269 | L64: 13776.902 | M64: 13208.821 | N64: 13678.791 | O64: 15173.511 | P64: 18593.168 | Q64: 21018.265 | R64: 21901.965 | S64: 22456.679 | T64: 22792.438 | U64: 21713.457 | V64: 22894.673 | W64: 23412.037 | X64: 23544.224 | Y64: 22521.699 | Z64: 20682.452 | AA64: 18646.134 | AB64: 18698.864 | AC64: 16888.439 | AD64: 16316.408 | AE64: 15070.61 | AF64: 15142.668 | AG64: =+SUM(I64:AF64)*H64 -> 8356922.3
B65: =+MONTH(E65) -> 12 | C65: =+YEAR(E65) -> 2028 | D65: =+_xlfn.CONCAT(B65:C65,G65) -> 122028SA | E65: 47088 | G65: SA | H65: 5 | I65: 12176.723 | J65: 11510.856 | K65: 11688.795 | L65: 12207.425 | M65: 11834.925 | N65: 12107.909 | O65: 12148.658 | P65: 14746.05 | Q65: 16399.256 | R65: 16959.568 | S65: 16892.746 | T65: 17110.268 | U65: 16309.066 | V65: 16680.048 | W65: 16075.853 | X65: 15561.37 | Y65: 14786.724 | Z65: 14428.987 | AA65: 13609.595 | AB65: 14341.298 | AC65: 13685.696 | AD65: 12876.795 | AE65: 11846.42 | AF65: 11206.453 | AG65: =+SUM(I65:AF65)*H65 -> 1685957.4
B66: =+MONTH(E66) -> 12 | C66: =+YEAR(E66) -> 2028 | D66: =+_xlfn.CONCAT(B66:C66,G66) -> 122028DO | E66: 47088 | G66: DO | H66: 5 | I66: 3635.1768 | J66: 3629.2258 | K66: 3298.4637 | L66: 3273.1454 | M66: 3125.037 | N66: 3485.6623 | O66: 2418.9204 | P66: 2406.3234 | Q66: 2498.6039 | R66: 2659.0438 | S66: 2107.7719 | T66: 1948.6319 | U66: 1362.5836 | V66: 1137.0733 | W66: 1073.0576 | X66: 1796.664 | Y66: 2035.3635 | Z66: 2431.404 | AA66: 1770.9098 | AB66: 2722.1972 | AC66: 2551.8161 | AD66: 2683.5042 | AE66: 2770.4382 | AF66: 2835.5526 | AG66: =+SUM(I66:AF66)*H66 -> 298282.85
B67: =+MONTH(E67) -> 12 | C67: =+YEAR(E67) -> 2028 | D67: =+_xlfn.CONCAT(B67:C67,G67) -> 122028FE | E67: 47088 | G67: FE | H67: 2 | I67: 7966.0283 | J67: 7762.9858 | K67: 7422.4552 | L67: 7350.744 | M67: 6666.9156 | N67: 4680.953 | O67: 1704.7073 | P67: 1890.6787 | Q67: 2605.7988 | R67: 2959.4377 | S67: 2836.1941 | T67: 2150.0596 | U67: 1416.061 | V67: 1235.5561 | W67: 793.49311 | X67: 1650.5742 | Y67: 1205.5687 | Z67: 2500.7541 | AA67: 2348.6775 | AB67: 3737.5943 | AC67: 2797.6826 | AD67: 2572.1596 | AE67: 2415.2342 | AF67: 2416.3399 | AG67: =+SUM(I67:AF67)*H67 -> 162173.31
D68: =+_xlfn.CONCAT(E68,G68) -> 47088TOTAL | E68: 47088 | G68: TOTAL | H68: 31 | I68: =+SUMPRODUCT(I64:I67,$H64:$H67) -> 367286.69 | J68: =+SUMPRODUCT(J64:J67,$H64:$H67) -> 355292.54 | K68: =+SUMPRODUCT(K64:K67,$H64:$H67) -> 345830.32 | L68: =+SUMPRODUCT(L64:L67,$H64:$H67) -> 353865.47 | M68: =+SUMPRODUCT(M64:M67,$H64:$H67) -> 339101.24 | N68: =+SUMPRODUCT(N64:N67,$H64:$H67) -> 347226.79 | O68: =+SUMPRODUCT(O64:O67,$H64:$H67) -> 364544.01 | P68: =+SUMPRODUCT(P64:P67,$H64:$H67) -> 442813.42 | ... AF68: =+SUMPRODUCT(AF64:AF67,$H64:$H67) -> 362753.4 | AG68: =SUM(I68:AF68) -> 10503336
B69: =+MONTH(E69) -> 1 | C69: =+YEAR(E69) -> 2029 | D69: =+_xlfn.CONCAT(B69:C69,G69) -> 12029OR | E69: 47119 | F69: =+AG73 -> 11493541 | G69: OR | H69: 21 | I69: 14764.321 | J69: 14346.188 | K69: 13975.594 | L69: 14302.462 | M69: 13836.29 | N69: 14474.152 | O69: 16203.354 | P69: 19551.48 | Q69: 21899.198 | R69: 22666.385 | S69: 23295.621 | T69: 23633.325 | U69: 22599.214 | V69: 23683.597 | W69: 24167.112 | X69: 24352.52 | Y69: 23379.689 | Z69: 21578.566 | AA69: 19524.037 | AB69: 19406.706 | AC69: 17616.195 | AD69: 16945.611 | AE69: 15588.899 | AF69: 15650.732 | AG69: =ROUND(SUM(I69:AF69)*H69,2) -> 9606266.2
B70: =+MONTH(E70) -> 1 | C70: =+YEAR(E70) -> 2029 | D70: =+_xlfn.CONCAT(B70:C70,G70) -> 12029SA | E70: 47119 | G70: SA | H70: 4 | I70: 12489.809 | J70: 11800.523 | K70: 11951.131 | L70: 12441.385 | M70: 12155.534 | N70: 12577.8 | O70: 12742.689 | P70: 15264.797 | Q70: 16873.498 | R70: 17266.357 | S70: 17242.066 | T70: 17377.607 | U70: 16596.05 | V70: 16820.066 | W70: 16290.505 | X70: 15877.061 | Y70: 15140.48 | Z70: 14840.684 | AA70: 14026.768 | AB70: 14564.096 | AC70: 13934.157 | AD70: 13143.13 | AE70: 12130.198 | AF70: 11445.314 | AG70: =ROUND(SUM(I70:AF70)*H70,2) -> 1379966.8
B71: =+MONTH(E71) -> 1 | C71: =+YEAR(E71) -> 2029 | D71: =+_xlfn.CONCAT(B71:C71,G71) -> 12029DO | E71: 47119 | G71: DO | H71: 4 | I71: 3916.3529 | J71: 3904.0317 | K71: 3693.3717 | L71: 3638.5546 | M71: 3515.9453 | N71: 3774.9584 | O71: 2803.9402 | P71: 2906.6064 | Q71: 3113.0281 | R71: 3263.3577 | S71: 2661.2483 | T71: 2424.268 | U71: 1870.5008 | V71: 1738.9864 | W71: 1689.9234 | X71: 2447.6751 | Y71: 2716.8108 | Z71: 2957.7148 | AA71: 2431.221 | AB71: 3204.3882 | AC71: 3033.8558 | AD71: 3041.691 | AE71: 3133.8713 | AF71: 3125.7546 | AG71: =ROUND(SUM(I71:AF71)*H71,2) -> 284032.23
B72: =+MONTH(E72) -> 1 | C72: =+YEAR(E72) -> 2029 | D72: =+_xlfn.CONCAT(B72:C72,G72) -> 12029FE | E72: 47119 | G72: FE | H72: 2 | I72: 8595.1619 | J72: 8401.5555 | K72: 8141.2464 | L72: 8041.342 | M72: 7482.9482 | N72: 5794.2898 | O72: 3334.7723 | P72: 3526.3197 | Q72: 4217.1101 | R72: 4481.5573 | S72: 4190.3875 | T72: 3537.0249 | U72: 2822.7711 | V72: 2762.1959 | W72: 2540.8729 | X72: 3508.6727 | Y72: 3236.9344 | Z72: 4078.3907 | AA72: 3935.5887 | AB72: 4812.3791 | AC72: 3885.2399 | AD72: 3618.4771 | AE72: 3409.0765 | AF72: 3283.541 | AG72: =ROUND(SUM(I72:AF72)*H72,2) -> 223275.71
B73: =+MONTH(E73) -> 1 | C73: =+YEAR(E73) -> 2029 | D73: =+_xlfn.CONCAT(E73,G73) -> 47119TOTAL | E73: 47119 | G73: TOTAL | H73: 31 | I73: =+SUMPRODUCT(I69:I72,$H69:$H72) -> 392865.71 | J73: =+SUMPRODUCT(J69:J72,$H69:$H72) -> 380891.28 | K73: =+SUMPRODUCT(K69:K72,$H69:$H72) -> 372347.98 | L73: =+SUMPRODUCT(L69:L72,$H69:$H72) -> 380754.14 | M73: =+SUMPRODUCT(M69:M72,$H69:$H72) -> 368213.9 | N73: =+SUMPRODUCT(N69:N72,$H69:$H72) -> 380956.81 | O73: =+SUMPRODUCT(O69:O72,$H69:$H72) -> 409126.49 | P73: =+SUMPRODUCT(P69:P72,$H69:$H72) -> 490319.33 | ... AF73: =+SUMPRODUCT(AF69:AF72,$H69:$H72) -> 393516.74 | AG73: =SUM(I73:AF73) -> 11493541
B74: =+MONTH(E74) -> 2 | C74: =+YEAR(E74) -> 2029 | D74: =+_xlfn.CONCAT(B74:C74,G74) -> 22029OR | E74: 47150 | F74: =+AG78 -> 9648628 | G74: OR | H74: 20 | I74: 13298.873 | J74: 12900.972 | K74: 12524.134 | L74: 12862.524 | M74: 12346.032 | N74: 12898.291 | O74: 14379.536 | P74: 17578.205 | Q74: 19786.251 | R74: 20469.05 | S74: 20971.944 | T74: 21250.752 | U74: 20251.912 | V74: 21367.507 | W74: 21842.948 | X74: 22022.079 | Y74: 21053.877 | Z74: 19328.02 | AA74: 17414.924 | AB74: 17428.006 | AC74: 15712.998 | AD74: 15186.498 | AE74: 13965.909 | AF74: 14071.736 | AG74: =+SUM(I74:AF74)*H74 -> 8218259.6
B75: =+MONTH(E75) -> 2 | C75: =+YEAR(E75) -> 2029 | D75: =+_xlfn.CONCAT(B75:C75,G75) -> 22029SA | E75: 47150 | G75: SA | H75: 4 | I75: 11203.372 | J75: 10562.143 | K75: 10743.913 | L75: 11264.79 | M75: 10934.168 | N75: 11304.467 | O75: 11344.485 | P75: 13784.802 | Q75: 15303.246 | R75: 15671.018 | S75: 15539.806 | T75: 15687.579 | U75: 14970.232 | V75: 15291.003 | W75: 14743.722 | X75: 14321.407 | Y75: 13593.188 | Z75: 13293.758 | AA75: 12491.853 | AB75: 13171.411 | AC75: 12621.665 | AD75: 11938.567 | AE75: 11025.452 | AF75: 10387.661 | AG75: =+SUM(I75:AF75)*H75 -> 1244774.8
B76: =+MONTH(E76) -> 2 | C76: =+YEAR(E76) -> 2029 | D76: =+_xlfn.CONCAT(B76:C76,G76) -> 22029DO | E76: 47150 | G76: DO | H76: 4 | I76: 2978.9649 | J76: 3006.8829 | K76: 2755.9566 | L76: 2716.4534 | M76: 2587.1334 | N76: 2893.3295 | O76: 1911.3807 | P76: 1947.7569 | Q76: 2070.656 | R76: 2185.3888 | S76: 1546.0725 | T76: 1297.6923 | U76: 742.90707 | V76: 564.70013 | W76: 528.99811 | X76: 1271.7022 | Y76: 1543.7611 | Z76: 1847.6603 | AA76: 1263.8009 | AB76: 2138.2145 | AC76: 2021.2722 | AD76: 2106.4635 | AE76: 2221.8228 | AF76: 2249.4278 | AG76: =+SUM(I76:AF76)*H76 -> 185593.59
B77: =+MONTH(E77) -> 2 | C77: =+YEAR(E77) -> 2029 | D77: =+_xlfn.CONCAT(B77:C77,G77) -> 22029FE | E77: 47150 | G77: FE | H77: 0 | I77: 0 | J77: 0 | K77: 0 | L77: 0 | M77: 0 | N77: 0 | O77: 0 | P77: 0 | Q77: 0 | R77: 0 | S77: 0 | T77: 0 | U77: 0 | V77: 0 | W77: 0 | X77: 0 | Y77: 0 | Z77: 0 | AA77: 0 | AB77: 0 | AC77: 0 | AD77: 0 | AE77: 0 | AF77: 0 | AG77: =+SUM(I77:AF77)*H77 -> 0
B78: =+MONTH(E78) -> 2 | C78: =+YEAR(E78) -> 2029 | D78: =+_xlfn.CONCAT(E78,G78) -> 47150TOTAL | E78: 47150 | G78: TOTAL | H78: 28 | I78: =+SUMPRODUCT(I74:I77,$H74:$H77) -> 322706.82 | J78: =+SUMPRODUCT(J74:J77,$H74:$H77) -> 312295.55 | K78: =+SUMPRODUCT(K74:K77,$H74:$H77) -> 304482.16 | L78: =+SUMPRODUCT(L74:L77,$H74:$H77) -> 313175.45 | M78: =+SUMPRODUCT(M74:M77,$H74:$H77) -> 301005.85 | N78: =+SUMPRODUCT(N74:N77,$H74:$H77) -> 314757.01 | O78: =+SUMPRODUCT(O74:O77,$H74:$H77) -> 340614.18 | P78: =+SUMPRODUCT(P74:P77,$H74:$H77) -> 414494.34 | ... AF78: =+SUMPRODUCT(AF74:AF77,$H74:$H77) -> 331983.07 | AG78: =SUM(I78:AF78) -> 9648628
B79: =+MONTH(E79) -> 3 | C79: =+YEAR(E79) -> 2029 | D79: =+_xlfn.CONCAT(B79:C79,G79) -> 32029OR | E79: 47178 | F79: =+AG83 -> 9488470.2 | G79: OR | H79: 19 | I79: 13072.822 | J79: 12666.417 | K79: 12276.627 | L79: 12607.742 | M79: 12056.873 | N79: 12537.403 | O79: 13927.898 | P79: 17139.192 | Q79: 19364.083 | R79: 20081.289 | S79: 20555.369 | T79: 20828.36 | U79: 19819.423 | V79: 20964.678 | W79: 21451.766 | X79: 21618.141 | Y79: 20635.334 | Z79: 18898.774 | AA79: 16997.292 | AB79: 17069.748 | AC79: 15364.135 | AD79: 14878.695 | AE79: 13701.829 | AF79: 13813.192 | AG79: =+SUM(I79:AF79)*H79 -> 7644214.5
B80: =+MONTH(E80) -> 3 | C80: =+YEAR(E80) -> 2029 | D80: =+_xlfn.CONCAT(B80:C80,G80) -> 32029SA | E80: 47178 | G80: SA | H80: 5 | I80: 11101.478 | J80: 10461.128 | K80: 10654.41 | L80: 11183.537 | M80: 10828.535 | N80: 11141.614 | O80: 11141.173 | P80: 13608.587 | Q80: 15141.973 | R80: 15560.69 | S80: 15417.451 | T80: 15587.86 | U80: 14867.265 | V80: 15230.882 | W80: 14663.515 | X80: 14208.02 | Y80: 13464.22 | Z80: 13153.002 | AA80: 12355.855 | AB80: 13094.745 | AC80: 12539.135 | AD80: 11850.401 | AE80: 10931.162 | AF80: 10306.864 | AG80: =+SUM(I80:AF80)*H80 -> 1542467.5
B81: =+MONTH(E81) -> 3 | C81: =+YEAR(E81) -> 2029 | D81: =+_xlfn.CONCAT(B81:C81,G81) -> 32029DO | E81: 47178 | G81: DO | H81: 4 | I81: 4165.5815 | J81: 4117.116 | K81: 3826.2768 | L81: 3786.8425 | M81: 3436.8449 | N81: 2820.1717 | O81: 1038.5435 | P81: 1048.4163 | Q81: 1371.4322 | R81: 1538.6513 | S81: 1022.3874 | T81: 559.19961 | U81: 0 | V81: 0 | W81: 0 | X81: 417.56466 | Y81: 409.01895 | Z81: 1113.3115 | AA81: 675.27163 | AB81: 1763.3082 | AC81: 1353.6594 | AD81: 1384.6677 | AE81: 1402.7316 | AF81: 1433.4252 | AG81: =+SUM(I81:AF81)*H81 -> 154737.69
B82: =+MONTH(E82) -> 3 | C82: =+YEAR(E82) -> 2029 | D82: =+_xlfn.CONCAT(B82:C82,G82) -> 32029FE | E82: 47178 | G82: FE | H82: 3 | I82: 6741.6539 | J82: 6572.7656 | K82: 6265.9055 | L82: 6203.0328 | M82: 5528.5778 | N82: 3466.9715 | O82: 543.08423 | P82: 617.55801 | Q82: 1311.5467 | R82: 1574.1082 | S82: 1269.7361 | T82: 472.97624 | U82: 0 | V82: 0 | W82: 0 | X82: 204.20102 | Y82: 0 | Z82: 1005.1019 | AA82: 854.64088 | AB82: 2151.9446 | AC82: 1253.9484 | AD82: 1100.1416 | AE82: 947.46686 | AF82: 931.44157 | AG82: =+SUM(I82:AF82)*H82 -> 147050.41
B83: =+MONTH(E83) -> 3 | C83: =+YEAR(E83) -> 2029 | D83: =+_xlfn.CONCAT(E83,G83) -> 47178TOTAL | E83: 47178 | G83: TOTAL | H83: 31 | I83: =+SUMPRODUCT(I79:I82,$H79:$H82) -> 340778.3 | J83: =+SUMPRODUCT(J79:J82,$H79:$H82) -> 329154.33 | K83: =+SUMPRODUCT(K79:K82,$H79:$H82) -> 320630.79 | L83: =+SUMPRODUCT(L79:L82,$H79:$H82) -> 329221.24 | M83: =+SUMPRODUCT(M79:M82,$H79:$H82) -> 313556.38 | N83: =+SUMPRODUCT(N79:N82,$H79:$H82) -> 315600.33 | O83: =+SUMPRODUCT(O79:O82,$H79:$H82) -> 326119.35 | P83: =+SUMPRODUCT(P79:P82,$H79:$H82) -> 399733.92 | ... AF83: =+SUMPRODUCT(AF79:AF82,$H79:$H82) -> 322512.99 | AG83: =SUM(I83:AF83) -> 9488470.2
B84: =+MONTH(E84) -> 4 | C84: =+YEAR(E84) -> 2029 | D84: =+_xlfn.CONCAT(B84:C84,G84) -> 42029OR | E84: 47209 | F84: =+AG88 -> 10956969 | G84: OR | H84: 21 | I84: 14356.159 | J84: 13930.122 | K84: 13518.231 | L84: 13825.542 | M84: 13278.515 | N84: 13790.314 | O84: 15328.216 | P84: 18723.409 | Q84: 21122.307 | R84: 21972.572 | S84: 22537.059 | T84: 22870.942 | U84: 21803.527 | V84: 22964.83 | W84: 23473.036 | X84: 23615.338 | Y84: 22604.441 | Z84: 20779.81 | AA84: 18748.028 | AB84: 18768.492 | AC84: 16961.383 | AD84: 16373.079 | AE84: 15108.026 | AF84: 15180.179 | AG84: =+SUM(I84:AF84)*H84 -> 9274304.7
B85: =+MONTH(E85) -> 4 | C85: =+YEAR(E85) -> 2029 | D85: =+_xlfn.CONCAT(B85:C85,G85) -> 42029SA | E85: 47209 | G85: SA | H85: 4 | I85: 12197.053 | J85: 11531.678 | K85: 11702.958 | L85: 12216.795 | M85: 11860.451 | N85: 12171.317 | O85: 12235.994 | P85: 14810.886 | Q85: 16449.704 | R85: 16971.937 | S85: 16909.59 | T85: 17110.842 | U85: 16315.01 | V85: 16658.557 | W85: 16068.595 | X85: 15577.547 | Y85: 14814.035 | Z85: 14465.675 | AA85: 13644.184 | AB85: 14338.611 | AC85: 13690.832 | AD85: 12890.439 | AE85: 11868.51 | AF85: 11220.643 | AG85: =+SUM(I85:AF85)*H85 -> 1350887.4
B86: =+MONTH(E86) -> 4 | C86: =+YEAR(E86) -> 2029 | D86: =+_xlfn.CONCAT(B86:C86,G86) -> 42029DO | E86: 47209 | G86: DO | H86: 4 | I86: 4033.6367 | J86: 4024.6165 | K86: 3715.2305 | L86: 3678.2949 | M86: 3533.3504 | N86: 3864.1441 | O86: 2825.4122 | P86: 2864.3813 | Q86: 2991.658 | R86: 3160.5697 | S86: 2623.2894 | T86: 2458.9475 | U86: 1878.9376 | V86: 1671.8421 | W86: 1600.1803 | X86: 2329.3597 | Y86: 2572.3856 | Z86: 2927.3892 | AA86: 2300.6984 | AB86: 3197.1753 | AC86: 3002.0637 | AD86: 3082.5784 | AE86: 3157.0633 | AF86: 3196.8689 | AG86: =+SUM(I86:AF86)*H86 -> 282760.29
B87: =+MONTH(E87) -> 4 | C87: =+YEAR(E87) -> 2029 | D87: =+_xlfn.CONCAT(B87:C87,G87) -> 42029FE | E87: 47209 | G87: FE | H87: 1 | I87: 6741.6539 | J87: 6572.7656 | K87: 6265.9055 | L87: 6203.0328 | M87: 5528.5778 | N87: 3466.9715 | O87: 543.08423 | P87: 617.55801 | Q87: 1311.5467 | R87: 1574.1082 | S87: 1269.7361 | T87: 472.97624 | U87: 0 | V87: 0 | W87: 0 | X87: 204.20102 | Y87: 0 | Z87: 1005.1019 | AA87: 854.64088 | AB87: 2151.9446 | AC87: 1253.9484 | AD87: 1100.1416 | AE87: 947.46686 | AF87: 931.44157 | AG87: =+SUM(I87:AF87)*H87 -> 49016.804
B88: =+MONTH(E88) -> 4 | C88: =+YEAR(E88) -> 2029 | D88: =+_xlfn.CONCAT(E88,G88) -> 47209TOTAL | E88: 47209 | G88: TOTAL | H88: 30 | I88: =+SUMPRODUCT(I84:I87,$H84:$H87) -> 373143.76 | J88: =+SUMPRODUCT(J84:J87,$H84:$H87) -> 361330.51 | K88: =+SUMPRODUCT(K84:K87,$H84:$H87) -> 351821.52 | L88: =+SUMPRODUCT(L84:L87,$H84:$H87) -> 360119.77 | M88: =+SUMPRODUCT(M84:M87,$H84:$H87) -> 345952.6 | N88: =+SUMPRODUCT(N84:N87,$H84:$H87) -> 357205.41 | O88: =+SUMPRODUCT(O84:O87,$H84:$H87) -> 382681.25 | P88: =+SUMPRODUCT(P84:P87,$H84:$H87) -> 464510.21 | ... AF88: =+SUMPRODUCT(AF84:AF87,$H84:$H87) -> 377385.24 | AG88: =SUM(I88:AF88) -> 10956969
B89: =+MONTH(E89) -> 5 | C89: =+YEAR(E89) -> 2029 | D89: =+_xlfn.CONCAT(B89:C89,G89) -> 52029OR | E89: 47239 | F89: =+AG93 -> 10379974 | G89: OR | H89: 21 | I89: 13694.709 | J89: 13268.391 | K89: 12853.245 | L89: 13162.855 | M89: 12584.548 | N89: 13022.658 | O89: 14428.26 | P89: 17767.806 | Q89: 20118.311 | R89: 20950.286 | S89: 21456.97 | T89: 21763.736 | U89: 20708.728 | V89: 21890.003 | W89: 22400.685 | X89: 22540.617 | Y89: 21527.2 | Z89: 19725.168 | AA89: 17750.689 | AB89: 17841.608 | AC89: 16079.436 | AD89: 15564.096 | AE89: 14369.003 | AF89: 14460.174 | AG89: =+SUM(I89:AF89)*H89 -> 8818512.8
B90: =+MONTH(E90) -> 5 | C90: =+YEAR(E90) -> 2029 | D90: =+_xlfn.CONCAT(B90:C90,G90) -> 52029SA | E90: 47239 | G90: SA | H90: 4 | I90: 11373.588 | J90: 10725.416 | K90: 10923.726 | L90: 11456.622 | M90: 11074.129 | N90: 11323.013 | O90: 11300.615 | P90: 13835.834 | Q90: 15422.836 | R90: 15934.395 | S90: 15806.256 | T90: 16012.592 | U90: 15261.955 | V90: 15666.007 | W90: 15068.437 | X90: 14563.674 | Y90: 13795.675 | Z90: 13458.34 | AA90: 12657.912 | AB90: 13446.933 | AC90: 12852.43 | AD90: 12118.208 | AE90: 11156.091 | AF90: 10538.463 | AG90: =+SUM(I90:AF90)*H90 -> 1263092.6
B91: =+MONTH(E91) -> 5 | C91: =+YEAR(E91) -> 2029 | D91: =+_xlfn.CONCAT(B91:C91,G91) -> 52029DO | E91: 47239 | G91: DO | H91: 4 | I91: 3296.2737 | J91: 3298.867 | K91: 2973.6144 | L91: 2951.3159 | M91: 2805.4587 | N91: 3170.1306 | O91: 2106.5267 | P91: 2077.6448 | Q91: 2158.3341 | R91: 2305.029 | S91: 1728.4707 | T91: 1553.6132 | U91: 970.91511 | V91: 745.72921 | W91: 691.45436 | X91: 1416.1436 | Y91: 1659.5005 | Z91: 2057.5517 | AA91: 1395.5526 | AB91: 2359.0383 | AC91: 2212.309 | AD91: 2360.5911 | AE91: 2459.745 | AF91: 2530.0776 | AG91: =+SUM(I91:AF91)*H91 -> 205135.55
B92: =+MONTH(E92) -> 5 | C92: =+YEAR(E92) -> 2029 | D92: =+_xlfn.CONCAT(B92:C92,G92) -> 52029FE | E92: 47239 | G92: FE | H92: 2 | I92: 6791.0321 | J92: 6605.2522 | K92: 6267.8791 | L92: 6212.2646 | M92: 5490.649 | N92: 3342.7406 | O92: 205.14578 | P92: 301.76021 | Q92: 1000.3026 | R92: 1309.1653 | S92: 1109.159 | T92: 322.50185 | U92: 0 | V92: 0 | W92: 0 | X92: 0 | Y92: 0 | Z92: 761.28707 | AA92: 618.62111 | AB92: 2114.9734 | AC92: 1211.7674 | AD92: 1058.8622 | AE92: 931.09704 | AF92: 961.8372 | AG92: =+SUM(I92:AF92)*H92 -> 93232.596
B93: =+MONTH(E93) -> 5 | C93: =+YEAR(E93) -> 2029 | D93: =+_xlfn.CONCAT(E93,G93) -> 47239TOTAL | E93: 47239 | G93: TOTAL | H93: 31 | I93: =+SUMPRODUCT(I89:I92,$H89:$H92) -> 359850.39 | J93: =+SUMPRODUCT(J89:J92,$H89:$H92) -> 347943.84 | K93: =+SUMPRODUCT(K89:K92,$H89:$H92) -> 338043.27 | L93: =+SUMPRODUCT(L89:L92,$H89:$H92) -> 346476.23 | M93: =+SUMPRODUCT(M89:M92,$H89:$H92) -> 330775.16 | N93: =+SUMPRODUCT(N89:N92,$H89:$H92) -> 338133.87 | O93: =+SUMPRODUCT(O89:O92,$H89:$H92) -> 357032.31 | P93: =+SUMPRODUCT(P89:P92,$H89:$H92) -> 437381.37 | ... AF93: =+SUMPRODUCT(AF89:AF92,$H89:$H92) -> 357861.5 | AG93: =SUM(I93:AF93) -> 10379974
B94: =+MONTH(E94) -> 6 | C94: =+YEAR(E94) -> 2029 | D94: =+_xlfn.CONCAT(B94:C94,G94) -> 62029OR | E94: 47270 | F94: =+AG98 -> 10126742 | G94: OR | H94: 20 | I94: 13577.302 | J94: 13151.893 | K94: 12737.521 | L94: 13048.458 | M94: 12467.302 | N94: 12897.641 | O94: 14284.955 | P94: 17611.015 | Q94: 19949.122 | R94: 20773.212 | S94: 21270.669 | T94: 21572.228 | U94: 20521.058 | V94: 21703.273 | W94: 22213.162 | X94: 22354.037 | Y94: 21341.74 | Z94: 19545.822 | AA94: 17582.423 | AB94: 17681.821 | AC94: 15928.305 | AD94: 15424.077 | AE94: 14239.142 | AF94: 14333.799 | AG94: =+SUM(I94:AF94)*H94 -> 8324199.5
B95: =+MONTH(E95) -> 6 | C95: =+YEAR(E95) -> 2029 | D95: =+_xlfn.CONCAT(B95:C95,G95) -> 62029SA | E95: 47270 | G95: SA | H95: 5 | I95: 11353.451 | J95: 10705.715 | K95: 10904.584 | L95: 11437.873 | M95: 11055.004 | N95: 11302.989 | O95: 11278.832 | P95: 13812.682 | Q95: 15398.151 | R95: 15908.798 | S95: 15779.099 | T95: 15985.285 | U95: 15235.863 | V95: 15640.954 | W95: 15043.437 | X95: 14538.73 | Y95: 13770.809 | Z95: 13433.907 | AA95: 12633.967 | AB95: 13424.709 | AC95: 12831.664 | AD95: 12099.232 | AE95: 11138.745 | AF95: 10521.736 | AG95: =+SUM(I95:AF95)*H95 -> 1576181.1
B96: =+MONTH(E96) -> 6 | C96: =+YEAR(E96) -> 2029 | D96: =+_xlfn.CONCAT(B96:C96,G96) -> 62029DO | E96: 47270 | G96: DO | H96: 4 | I96: 3029.8187 | J96: 3038.0609 | K96: 2712.8724 | L96: 2694.1841 | M96: 2549.2066 | N96: 2920.9016 | O96: 1854.9081 | P96: 1808.2554 | Q96: 1876.5575 | R96: 2013.6238 | S96: 1419.5959 | T96: 1236.0093 | U96: 654.41649 | V96: 426.60577 | W96: 379.40622 | X96: 1103.8979 | Y96: 1349.4148 | Z96: 1754.972 | AA96: 1086.8817 | AB96: 2066.1583 | AC96: 1937.5532 | AD96: 2103.7333 | AE96: 2212.201 | AF96: 2289.5739 | AG96: =+SUM(I96:AF96)*H96 -> 178075.24
B97: =+MONTH(E97) -> 6 | C97: =+YEAR(E97) -> 2029 | D97: =+_xlfn.CONCAT(B97:C97,G97) -> 62029FE | E97: 47270 | G97: FE | H97: 1 | I97: 6859.8468 | J97: 6673.1539 | K97: 6335.7799 | L97: 6279.1746 | M97: 5560.0673 | N97: 3422.2075 | O97: 295.39785 | P97: 397.13417 | Q97: 1096.6241 | R97: 1407.8401 | S97: 1211.7168 | T97: 430.9112 | U97: 0 | V97: 0 | W97: 0 | X97: 0 | Y97: 0 | Z97: 865.08032 | AA97: 721.8136 | AB97: 2210.6407 | AC97: 1305.3072 | AD97: 1148.1251 | AE97: 1018.4938 | AF97: 1047.2076 | AG97: =+SUM(I97:AF97)*H97 -> 48286.522
B98: =+MONTH(E98) -> 6 | C98: =+YEAR(E98) -> 2029 | D98: =+_xlfn.CONCAT(E98,G98) -> 47270TOTAL | E98: 47270 | G98: TOTAL | H98: 30 | I98: =+SUMPRODUCT(I94:I97,$H94:$H97) -> 347292.41 | J98: =+SUMPRODUCT(J94:J97,$H94:$H97) -> 335391.84 | K98: =+SUMPRODUCT(K94:K97,$H94:$H97) -> 326460.61 | L98: =+SUMPRODUCT(L94:L97,$H94:$H97) -> 335214.43 | M98: =+SUMPRODUCT(M94:M97,$H94:$H97) -> 320377.95 | N98: =+SUMPRODUCT(N94:N97,$H94:$H97) -> 329573.59 | O98: =+SUMPRODUCT(O94:O97,$H94:$H97) -> 349808.29 | P98: =+SUMPRODUCT(P94:P97,$H94:$H97) -> 428913.86 | ... AF98: =+SUMPRODUCT(AF94:AF97,$H94:$H97) -> 349490.15 | AG98: =SUM(I98:AF98) -> 10126742
B99: =+MONTH(E99) -> 7 | C99: =+YEAR(E99) -> 2029 | D99: =+_xlfn.CONCAT(B99:C99,G99) -> 72029OR | E99: 47300 | F99: =+AG103 -> 10035230 | G99: OR | H99: 20 | I99: 13794.32 | J99: 13366.781 | K99: 12950.347 | L99: 13258.398 | M99: 12681.243 | N99: 13123.454 | O99: 14542.136 | P99: 17894.818 | Q99: 20257.628 | R99: 21098.468 | S99: 21612.495 | T99: 21923.863 | U99: 20864.832 | V99: 22046.532 | W99: 22558.464 | X99: 22696.958 | Y99: 21681.854 | Z99: 19873.65 | AA99: 17889.344 | AB99: 17974.957 | AC99: 16205.121 | AD99: 15681.217 | AE99: 14478.566 | AF99: 14566.728 | AG99: =+SUM(I99:AF99)*H99 -> 8460443.5
B100: =+MONTH(E100) -> 7 | C100: =+YEAR(E100) -> 2029 | D100: =+_xlfn.CONCAT(B100:C100,G100) -> 72029SA | E100: 47300 | G100: SA | H100: 4 | I100: 11441.604 | J100: 10791.896 | K100: 10988.725 | L100: 11520.589 | M100: 11138.31 | N100: 11387.754 | O100: 11369.817 | P100: 13911.257 | Q100: 15504.504 | R100: 16021.755 | S100: 15898.693 | T100: 16106.633 | U100: 15351.45 | V100: 15753.758 | W100: 15155.055 | X100: 14648.527 | Y100: 13879.517 | Z100: 13540.061 | AA100: 12738.091 | AB100: 13523.682 | AC100: 12923.632 | AD100: 12182.672 | AE100: 11214.37 | AF100: 10595.142 | AG100: =+SUM(I100:AF100)*H100 -> 1270350
B101: =+MONTH(E101) -> 7 | C101: =+YEAR(E101) -> 2029 | D101: =+_xlfn.CONCAT(B101:C101,G101) -> 72029DO | E101: 47300 | G101: DO | H101: 5 | I101: 2839.6864 | J101: 2851.6412 | K101: 2525.2279 | L101: 2509.4836 | M101: 2364.8688 | N101: 2742.7191 | O101: 1673.5744 | P101: 1612.7624 | Q101: 1671.2507 | R101: 1801.7971 | S101: 1196.0215 | T101: 1007.2863 | U101: 426.02711 | V101: 195.48603 | W101: 153.16151 | X101: 877.19999 | Y101: 1123.811 | Z101: 1536.4883 | AA101: 862.59026 | AB101: 1854.9807 | AC101: 1739.1679 | AD101: 1919.5636 | AE101: 2034.5898 | AF101: 2117.861 | AG101: =+SUM(I101:AF101)*H101 -> 198186.23
B102: =+MONTH(E102) -> 7 | C102: =+YEAR(E102) -> 2029 | D102: =+_xlfn.CONCAT(B102:C102,G102) -> 72029FE | E102: 47300 | G102: FE | H102: 2 | I102: 7052.6997 | J102: 6863.0146 | K102: 6524.824 | L102: 6465.6547 | M102: 5752.2707 | N102: 3640.0766 | O102: 537.58387 | P102: 654.16698 | Q102: 1356.4157 | R102: 1675.4171 | S102: 1492.8862 | T102: 728.63722 | U102: 0 | V102: 0 | W102: 0 | X102: 248.40998 | Y102: 0 | Z102: 1147.4676 | AA102: 1002.7367 | AB102: 2475.9297 | AC102: 1564.5356 | AD102: 1395.4735 | AE102: 1261.3129 | AF102: 1285.6342 | AG102: =+SUM(I102:AF102)*H102 -> 106250.3
B103: =+MONTH(E103) -> 7 | C103: =+YEAR(E103) -> 2029 | D103: =+_xlfn.CONCAT(E103,G103) -> 47300TOTAL | E103: 47300 | G103: TOTAL | H103: 31 | I103: =+SUMPRODUCT(I99:I102,$H99:$H102) -> 349956.66 | J103: =+SUMPRODUCT(J99:J102,$H99:$H102) -> 338487.44 | K103: =+SUMPRODUCT(K99:K102,$H99:$H102) -> 328637.62 | L103: =+SUMPRODUCT(L99:L102,$H99:$H102) -> 336729.05 | M103: =+SUMPRODUCT(M99:M102,$H99:$H102) -> 321506.98 | N103: =+SUMPRODUCT(N99:N102,$H99:$H102) -> 329013.84 | O103: =+SUMPRODUCT(O99:O102,$H99:$H102) -> 345765.03 | P103: =+SUMPRODUCT(P99:P102,$H99:$H102) -> 422913.54 | ... AF103: =+SUMPRODUCT(AF99:AF102,$H99:$H102) -> 346875.71 | AG103: =SUM(I103:AF103) -> 10035230
...

Sheet calendario
A1: Cuenta de TIPO
A2: MES | B2: TIPO | C2: 2014 | D2: 2015 | E2: 2016 | F2: 2017 | G2: 2018
A3: 1 | B3: 1ORD | C3: =31-C4-C5 -> 21 | D3: =31-D4-D5 -> 20 | E3: 19 | F3: 21 | G3: 21
A4: 1 | B4: 2SÁB | C4: 4 | D4: 5 | E4: 5 | F4: 4 | G4: 4
A5: 1 | B5: 3FES | C5: 6 | D5: 6 | E5: 7 | F5: 6 | G5: 6
A6: 2 | B6: 1ORD | C6: =28-C7-C8 -> 20 | D6: =28-D7-D8 -> 20 | E6: 21 | F6: 20 | G6: 20
A7: 2 | B7: 2SÁB | C7: 4 | D7: 4 | E7: 4 | F7: 4 | G7: 4
A8: 2 | B8: 3FES | C8: 4 | D8: 4 | E8: 4 | F8: 4 | G8: 4
A9: 3 | B9: 1ORD | C9: =31-C10-C11 -> 20 | D9: =31-D10-D11 -> 21 | E9: 20 | F9: 22 | G9: 19
A10: 3 | B10: 2SÁB | C10: 5 | D10: 4 | E10: 4 | F10: 4 | G10: 5
A11: 3 | B11: 3FES | C11: 6 | D11: 6 | E11: 7 | F11: 5 | G11: 7
A12: 4 | B12: 1ORD | C12: =30-C13-C14 -> 20 | D12: =30-D13-D14 -> 20 | E12: 21 | F12: 18 | G12: 21
A13: 4 | B13: 2SÁB | C13: 4 | D13: 4 | E13: 5 | F13: 5 | G13: 4
A14: 4 | B14: 3FES | C14: 6 | D14: 6 | E14: 4 | F14: 7 | G14: 5
A15: 5 | B15: 1ORD | C15: =31-C16-C17 -> 21 | D15: =31-D16-D17 -> 19 | E15: 20 | F15: 21 | G15: 21
A16: 5 | B16: 2SÁB | C16: 5 | D16: 5 | E16: 4 | F16: 4 | G16: 4
A17: 5 | B17: 3FES | C17: 5 | D17: 7 | E17: 7 | F17: 6 | G17: 6
A18: 6 | B18: 1ORD | C18: =30-C19-C20 -> 18 | D18: =30-D19-D20 -> 19 | E18: 21 | F18: 20 | G18: 19
A19: 6 | B19: 2SÁB | C19: 4 | D19: 4 | E19: 4 | F19: 4 | G19: 5
A20: 6 | B20: 3FES | C20: 8 | D20: 7 | E20: 5 | F20: 6 | G20: 6
A21: 7 | B21: 1ORD | C21: =31-C22-C23 -> 23 | D21: =31-D22-D23 -> 22 | E21: 19 | F21: 19 | G21: 20
A22: 7 | B22: 2SÁB | C22: 4 | D22: 4 | E22: 5 | F22: 5 | G22: 4
A23: 7 | B23: 3FES | C23: 4 | D23: 5 | E23: 7 | F23: 7 | G23: 7
A24: 8 | B24: 1ORD | C24: =31-C25-C26 -> 19 | D24: =31-D25-D26 -> 19 | E24: 22 | F24: 21 | G24: 21
A25: 8 | B25: 2SÁB | C25: 5 | D25: 5 | E25: 4 | F25: 4 | G25: 4
A26: 8 | B26: 3FES | C26: 7 | D26: 7 | E26: 5 | F26: 6 | G26: 6
A27: 9 | B27: 1ORD | C27: =30-C28-C29 -> 22 | D27: =30-D28-D29 -> 22 | E27: 22 | F27: 21 | G27: 20
A28: 9 | B28: 2SÁB | C28: 4 | D28: 4 | E28: 4 | F28: 5 | G28: 5
A29: 9 | B29: 3FES | C29: 4 | D29: 4 | E29: 4 | F29: 4 | G29: 5
A30: 10 | B30: 1ORD | C30: =31-C31-C32 -> 22 | D30: =31-D31-D32 -> 21 | E30: 20 | F30: 21 | G30: 22
A31: 10 | B31: 2SÁB | C31: 4 | D31: 5 | E31: 5 | F31: 4 | G31: 4
A32: 10 | B32: 3FES | C32: 5 | D32: 5 | E32: 6 | F32: 6 | G32: 5
A33: 11 | B33: 1ORD | C33: =30-C34-C35 -> 18 | D33: =30-D34-D35 -> 19 | E33: 20 | F33: 20 | G33: 20
A34: 11 | B34: 2SÁB | C34: 5 | D34: 4 | E34: 4 | F34: 4 | G34: 4
A35: 11 | B35: 3FES | C35: 7 | D35: 7 | E35: 6 | F35: 6 | G35: 6
A36: 12 | B36: 1ORD | C36: =31-C37-C38 -> 21 | D36: =31-D37-D38 -> 21 | E36: 21 | F36: 19 | G36: 20
A37: 12 | B37: 2SÁB | C37: 4 | D37: 4 | E37: 5 | F37: 5 | G37: 5
A38: 12 | B38: 3FES | C38: 6 | D38: 6 | E38: 5 | F38: 7 | G38: 6

Sheet curvas típicas de referencia
A2: tipo día | B2: H1 | C2: H2 | D2: H3 | E2: H4 | F2: H5 | G2: H6 | H2: H7 | I2: H8 | J2: H9 | K2: H10 | L2: H11 | M2: H12 | N2: H13 | O2: H14 | P2: H15 | Q2: H16 | R2: H17 | S2: H18 | T2: H19 | U2: H20 | V2: H21 | W2: H22 | X2: H23 | Y2: H24
A3: Habil | B3: 0.027834527 | C3: 0.026682521 | D3: 0.025923893 | E3: 0.025439158 | F3: 0.025556097 | G3: 0.027259445 | H3: 0.032350135 | I3: 0.040455761 | J3: 0.047464293 | K3: 0.051692777 | L3: 0.054607079 | M3: 0.05493643 | N3: 0.052911056 | O3: 0.054485015 | P3: 0.056958239 | Q3: 0.057105703 | R3: 0.054820804 | S3: 0.051080543 | T3: 0.047845564 | U3: 0.044575088 | V3: 0.040435268 | W3: 0.036298963 | X3: 0.032954022 | Y3: 0.030327619
A4: Sabado | B4: 0.031933621 | C4: 0.030285079 | D4: 0.02935318 | E4: 0.028733579 | F4: 0.028654972 | G4: 0.029977253 | H4: 0.034030119 | I4: 0.040020468 | J4: 0.046345254 | K4: 0.051632171 | L4: 0.055400723 | M4: 0.055432951 | N4: 0.052958111 | O4: 0.051848023 | P4: 0.050438564 | Q4: 0.049277928 | R4: 0.047857004 | S4: 0.0471393 | T4: 0.046673457 | U4: 0.044979657 | V4: 0.042158325 | W4: 0.038032949 | X4: 0.03456292 | Y4: 0.032274391
A5: Festivo | B5: 0.0369262 | C5: 0.035565247 | D5: 0.034193693 | E5: 0.033394425 | F5: 0.032854151 | G5: 0.032653619 | H5: 0.033632199 | I5: 0.036341608 | J5: 0.040377423 | K5: 0.043732241 | L5: 0.047238598 | M5: 0.049884901 | N5: 0.050097655 | O5: 0.049054338 | P5: 0.047949351 | Q5: 0.047121269 | R5: 0.046744813 | S5: 0.046327025 | T5: 0.047122858 | U5: 0.046196154 | V5: 0.044346624 | W5: 0.041928399 | X5: 0.039253217 | Y5: 0.037063992
A8: CURVA ACTUALIZADA CON DEMANDAS PROYECCION DEMANDA REGULADA MATRICIAL 2014 (Enero 2014)
