Workbook

Sheet Producto 1 Plano 26-30
B2: ANEXO 1 - CANTIDADES DE ENERGÍA SOLICITADA EN kWh
B3: PRODUCTO 1
B4: PERIODO 01 DE ENERO DEL 2026 A DICIEMBRE 31 DE 2030
C5: DIA | D5: 1 | E5: 2 | F5: 3 | G5: 4 | H5: 5 | I5: 6 | J5: 7 | K5: 8 | L5: 9 | M5: 10 | N5: 11 | O5: 12 | P5: 13 | Q5: 14 | R5: 15 | S5: 16 | T5: 17 | U5: 18 | V5: 19 | W5: 20 | X5: 21 | Y5: 22 | Z5: 23 | AA5: 24 | AB5: Total | AC5: No. DÍAS | AD5: Total
B6: 46023 | C6: Hábil | D6: 5750 | E6: 5750 | F6: 5750 | G6: 5750 | H6: 5750 | I6: 5750 | J6: 5750 | K6: 5750 | L6: 5750 | M6: 5750 | N6: 5750 | O6: 5750 | P6: 5750 | Q6: 5750 | R6: 5750 | S6: 5750 | T6: 5750 | U6: 5750 | V6: 5750 | W6: 5750 | X6: 5750 | Y6: 5750 | Z6: 5750 | AA6: 5750 | AB6: =(SUM(D6:AA6)) -> 138000 | AC6: 20 | AD6: =(AB6*AC6)+(AB7*AC7)+(AB8*AC8)+(AB9*AC9) -> 4278000 | AE6: =+AD6 -> 4278000
C7: Sábado | D7: 5750 | E7: 5750 | F7: 5750 | G7: 5750 | H7: 5750 | I7: 5750 | J7: 5750 | K7: 5750 | L7: 5750 | M7: 5750 | N7: 5750 | O7: 5750 | P7: 5750 | Q7: 5750 | R7: 5750 | S7: 5750 | T7: 5750 | U7: 5750 | V7: 5750 | W7: 5750 | X7: 5750 | Y7: 5750 | Z7: 5750 | AA7: 5750 | AB7: =(SUM(D7:AA7)) -> 138000 | AC7: 5 | AE7: =+AD10 -> 3864000
C8: Domingo | D8: 5750 | E8: 5750 | F8: 5750 | G8: 5750 | H8: 5750 | I8: 5750 | J8: 5750 | K8: 5750 | L8: 5750 | M8: 5750 | N8: 5750 | O8: 5750 | P8: 5750 | Q8: 5750 | R8: 5750 | S8: 5750 | T8: 5750 | U8: 5750 | V8: 5750 | W8: 5750 | X8: 5750 | Y8: 5750 | Z8: 5750 | AA8: 5750 | AB8: =(SUM(D8:AA8)) -> 138000 | AC8: 4 | AE8: =+AD14 -> 4278000
C9: Festivo | D9: 5750 | E9: 5750 | F9: 5750 | G9: 5750 | H9: 5750 | I9: 5750 | J9: 5750 | K9: 5750 | L9: 5750 | M9: 5750 | N9: 5750 | O9: 5750 | P9: 5750 | Q9: 5750 | R9: 5750 | S9: 5750 | T9: 5750 | U9: 5750 | V9: 5750 | W9: 5750 | X9: 5750 | Y9: 5750 | Z9: 5750 | AA9: 5750 | AB9: =(SUM(D9:AA9)) -> 138000 | AC9: 2 | AE9: =+AD18 -> 4140000
B10: 46054 | C10: Hábil | D10: 5750 | E10: 5750 | F10: 5750 | G10: 5750 | H10: 5750 | I10: 5750 | J10: 5750 | K10: 5750 | L10: 5750 | M10: 5750 | N10: 5750 | O10: 5750 | P10: 5750 | Q10: 5750 | R10: 5750 | S10: 5750 | T10: 5750 | U10: 5750 | V10: 5750 | W10: 5750 | X10: 5750 | Y10: 5750 | Z10: 5750 | AA10: 5750 | AB10: =(SUM(D10:AA10)) -> 138000 | AC10: 20 | AD10: =(AB10*AC10)+(AB11*AC11)+(AB12*AC12)+(AB13*AC13) -> 3864000 | AE10: =+AD22 -> 4278000
C11: Sábado | D11: 5750 | E11: 5750 | F11: 5750 | G11: 5750 | H11: 5750 | I11: 5750 | J11: 5750 | K11: 5750 | L11: 5750 | M11: 5750 | N11: 5750 | O11: 5750 | P11: 5750 | Q11: 5750 | R11: 5750 | S11: 5750 | T11: 5750 | U11: 5750 | V11: 5750 | W11: 5750 | X11: 5750 | Y11: 5750 | Z11: 5750 | AA11: 5750 | AB11: =(SUM(D11:AA11)) -> 138000 | AC11: 4 | AE11: =+AD26 -> 4140000
C12: Domingo | D12: 5750 | E12: 5750 | F12: 5750 | G12: 5750 | H12: 5750 | I12: 5750 | J12: 5750 | K12: 5750 | L12: 5750 | M12: 5750 | N12: 5750 | O12: 5750 | P12: 5750 | Q12: 5750 | R12: 5750 | S12: 5750 | T12: 5750 | U12: 5750 | V12: 5750 | W12: 5750 | X12: 5750 | Y12: 5750 | Z12: 5750 | AA12: 5750 | AB12: =(SUM(D12:AA12)) -> 138000 | AC12: 4 | AE12: =+AD30 -> 4278000
C13: Festivo | D13: 5750 | E13: 5750 | F13: 5750 | G13: 5750 | H13: 5750 | I13: 5750 | J13: 5750 | K13: 5750 | L13: 5750 | M13: 5750 | N13: 5750 | O13: 5750 | P13: 5750 | Q13: 5750 | R13: 5750 | S13: 5750 | T13: 5750 | U13: 5750 | V13: 5750 | W13: 5750 | X13: 5750 | Y13: 5750 | Z13: 5750 | AA13: 5750 | AB13: =(SUM(D13:AA13)) -> 138000 | AC13: 0 | AE13: =+AD34 -> 4278000
B14: 46082 | C14: Hábil | D14: 5750 | E14: 5750 | F14: 5750 | G14: 5750 | H14: 5750 | I14: 5750 | J14: 5750 | K14: 5750 | L14: 5750 | M14: 5750 | N14: 5750 | O14: 5750 | P14: 5750 | Q14: 5750 | R14: 5750 | S14: 5750 | T14: 5750 | U14: 5750 | V14: 5750 | W14: 5750 | X14: 5750 | Y14: 5750 | Z14: 5750 | AA14: 5750 | AB14: =(SUM(D14:AA14)) -> 138000 | AC14: 21 | AD14: =(AB14*AC14)+(AB15*AC15)+(AB16*AC16)+(AB17*AC17) -> 4278000 | AE14: =+AD38 -> 4140000
C15: Sábado | D15: 5750 | E15: 5750 | F15: 5750 | G15: 5750 | H15: 5750 | I15: 5750 | J15: 5750 | K15: 5750 | L15: 5750 | M15: 5750 | N15: 5750 | O15: 5750 | P15: 5750 | Q15: 5750 | R15: 5750 | S15: 5750 | T15: 5750 | U15: 5750 | V15: 5750 | W15: 5750 | X15: 5750 | Y15: 5750 | Z15: 5750 | AA15: 5750 | AB15: =(SUM(D15:AA15)) -> 138000 | AC15: 4 | AE15: =+AD42 -> 4278000
C16: Domingo | D16: 5750 | E16: 5750 | F16: 5750 | G16: 5750 | H16: 5750 | I16: 5750 | J16: 5750 | K16: 5750 | L16: 5750 | M16: 5750 | N16: 5750 | O16: 5750 | P16: 5750 | Q16: 5750 | R16: 5750 | S16: 5750 | T16: 5750 | U16: 5750 | V16: 5750 | W16: 5750 | X16: 5750 | Y16: 5750 | Z16: 5750 | AA16: 5750 | AB16: =(SUM(D16:AA16)) -> 138000 | AC16: 5 | AE16: =+AD46 -> 4140000
C17: Festivo | D17: 5750 | E17: 5750 | F17: 5750 | G17: 5750 | H17: 5750 | I17: 5750 | J17: 5750 | K17: 5750 | L17: 5750 | M17: 5750 | N17: 5750 | O17: 5750 | P17: 5750 | Q17: 5750 | R17: 5750 | S17: 5750 | T17: 5750 | U17: 5750 | V17: 5750 | W17: 5750 | X17: 5750 | Y17: 5750 | Z17: 5750 | AA17: 5750 | AB17: =(SUM(D17:AA17)) -> 138000 | AC17: 1 | AE17: =+AD50 -> 4278000
B18: 46113 | C18: Hábil | D18: 5750 | E18: 5750 | F18: 5750 | G18: 5750 | H18: 5750 | I18: 5750 | J18: 5750 | K18: 5750 | L18: 5750 | M18: 5750 | N18: 5750 | O18: 5750 | P18: 5750 | Q18: 5750 | R18: 5750 | S18: 5750 | T18: 5750 | U18: 5750 | V18: 5750 | W18: 5750 | X18: 5750 | Y18: 5750 | Z18: 5750 | AA18: 5750 | AB18: =(SUM(D18:AA18)) -> 138000 | AC18: 20 | AD18: =(AB18*AC18)+(AB19*AC19)+(AB20*AC20)+(AB21*AC21) -> 4140000 | AE18: =+AD54 -> 3682800
C19: Sábado | D19: 5750 | E19: 5750 | F19: 5750 | G19: 5750 | H19: 5750 | I19: 5750 | J19: 5750 | K19: 5750 | L19: 5750 | M19: 5750 | N19: 5750 | O19: 5750 | P19: 5750 | Q19: 5750 | R19: 5750 | S19: 5750 | T19: 5750 | U19: 5750 | V19: 5750 | W19: 5750 | X19: 5750 | Y19: 5750 | Z19: 5750 | AA19: 5750 | AB19: =(SUM(D19:AA19)) -> 138000 | AC19: 4 | AE19: =+AD58 -> 3445200
C20: Domingo | D20: 5750 | E20: 5750 | F20: 5750 | G20: 5750 | H20: 5750 | I20: 5750 | J20: 5750 | K20: 5750 | L20: 5750 | M20: 5750 | N20: 5750 | O20: 5750 | P20: 5750 | Q20: 5750 | R20: 5750 | S20: 5750 | T20: 5750 | U20: 5750 | V20: 5750 | W20: 5750 | X20: 5750 | Y20: 5750 | Z20: 5750 | AA20: 5750 | AB20: =(SUM(D20:AA20)) -> 138000 | AC20: 4 | AE20: =+AD62 -> 3682800
C21: Festivo | D21: 5750 | E21: 5750 | F21: 5750 | G21: 5750 | H21: 5750 | I21: 5750 | J21: 5750 | K21: 5750 | L21: 5750 | M21: 5750 | N21: 5750 | O21: 5750 | P21: 5750 | Q21: 5750 | R21: 5750 | S21: 5750 | T21: 5750 | U21: 5750 | V21: 5750 | W21: 5750 | X21: 5750 | Y21: 5750 | Z21: 5750 | AA21: 5750 | AB21: =(SUM(D21:AA21)) -> 138000 | AC21: 2 | AE21: =+AD66 -> 3564000
B22: 46143 | C22: Hábil | D22: 5750 | E22: 5750 | F22: 5750 | G22: 5750 | H22: 5750 | I22: 5750 | J22: 5750 | K22: 5750 | L22: 5750 | M22: 5750 | N22: 5750 | O22: 5750 | P22: 5750 | Q22: 5750 | R22: 5750 | S22: 5750 | T22: 5750 | U22: 5750 | V22: 5750 | W22: 5750 | X22: 5750 | Y22: 5750 | Z22: 5750 | AA22: 5750 | AB22: =(SUM(D22:AA22)) -> 138000 | AC22: 19 | AD22: =(AB22*AC22)+(AB23*AC23)+(AB24*AC24)+(AB25*AC25) -> 4278000 | AE22: =+AD70 -> 3682800
C23: Sábado | D23: 5750 | E23: 5750 | F23: 5750 | G23: 5750 | H23: 5750 | I23: 5750 | J23: 5750 | K23: 5750 | L23: 5750 | M23: 5750 | N23: 5750 | O23: 5750 | P23: 5750 | Q23: 5750 | R23: 5750 | S23: 5750 | T23: 5750 | U23: 5750 | V23: 5750 | W23: 5750 | X23: 5750 | Y23: 5750 | Z23: 5750 | AA23: 5750 | AB23: =(SUM(D23:AA23)) -> 138000 | AC23: 5 | AE23: =+AD74 -> 3564000
C24: Domingo | D24: 5750 | E24: 5750 | F24: 5750 | G24: 5750 | H24: 5750 | I24: 5750 | J24: 5750 | K24: 5750 | L24: 5750 | M24: 5750 | N24: 5750 | O24: 5750 | P24: 5750 | Q24: 5750 | R24: 5750 | S24: 5750 | T24: 5750 | U24: 5750 | V24: 5750 | W24: 5750 | X24: 5750 | Y24: 5750 | Z24: 5750 | AA24: 5750 | AB24: =(SUM(D24:AA24)) -> 138000 | AC24: 5 | AE24: =+AD78 -> 3682800
C25: Festivo | D25: 5750 | E25: 5750 | F25: 5750 | G25: 5750 | H25: 5750 | I25: 5750 | J25: 5750 | K25: 5750 | L25: 5750 | M25: 5750 | N25: 5750 | O25: 5750 | P25: 5750 | Q25: 5750 | R25: 5750 | S25: 5750 | T25: 5750 | U25: 5750 | V25: 5750 | W25: 5750 | X25: 5750 | Y25: 5750 | Z25: 5750 | AA25: 5750 | AB25: =(SUM(D25:AA25)) -> 138000 | AC25: 2 | AE25: =+AD82 -> 3682800
B26: 46174 | C26: Hábil | D26: 5750 | E26: 5750 | F26: 5750 | G26: 5750 | H26: 5750 | I26: 5750 | J26: 5750 | K26: 5750 | L26: 5750 | M26: 5750 | N26: 5750 | O26: 5750 | P26: 5750 | Q26: 5750 | R26: 5750 | S26: 5750 | T26: 5750 | U26: 5750 | V26: 5750 | W26: 5750 | X26: 5750 | Y26: 5750 | Z26: 5750 | AA26: 5750 | AB26: =(SUM(D26:AA26)) -> 138000 | AC26: 19 | AD26: =(AB26*AC26)+(AB27*AC27)+(AB28*AC28)+(AB29*AC29) -> 4140000 | AE26: =+AD86 -> 3564000
C27: Sábado | D27: 5750 | E27: 5750 | F27: 5750 | G27: 5750 | H27: 5750 | I27: 5750 | J27: 5750 | K27: 5750 | L27: 5750 | M27: 5750 | N27: 5750 | O27: 5750 | P27: 5750 | Q27: 5750 | R27: 5750 | S27: 5750 | T27: 5750 | U27: 5750 | V27: 5750 | W27: 5750 | X27: 5750 | Y27: 5750 | Z27: 5750 | AA27: 5750 | AB27: =(SUM(D27:AA27)) -> 138000 | AC27: 4 | AE27: =+AD90 -> 3682800
C28: Domingo | D28: 5750 | E28: 5750 | F28: 5750 | G28: 5750 | H28: 5750 | I28: 5750 | J28: 5750 | K28: 5750 | L28: 5750 | M28: 5750 | N28: 5750 | O28: 5750 | P28: 5750 | Q28: 5750 | R28: 5750 | S28: 5750 | T28: 5750 | U28: 5750 | V28: 5750 | W28: 5750 | X28: 5750 | Y28: 5750 | Z28: 5750 | AA28: 5750 | AB28: =(SUM(D28:AA28)) -> 138000 | AC28: 4 | AE28: =+AD94 -> 3564000
C29: Festivo | D29: 5750 | E29: 5750 | F29: 5750 | G29: 5750 | H29: 5750 | I29: 5750 | J29: 5750 | K29: 5750 | L29: 5750 | M29: 5750 | N29: 5750 | O29: 5750 | P29: 5750 | Q29: 5750 | R29: 5750 | S29: 5750 | T29: 5750 | U29: 5750 | V29: 5750 | W29: 5750 | X29: 5750 | Y29: 5750 | Z29: 5750 | AA29: 5750 | AB29: =(SUM(D29:AA29)) -> 138000 | AC29: 3 | AE29: =+AD98 -> 3682800
B30: 46204 | C30: Hábil | D30: 5750 | E30: 5750 | F30: 5750 | G30: 5750 | H30: 5750 | I30: 5750 | J30: 5750 | K30: 5750 | L30: 5750 | M30: 5750 | N30: 5750 | O30: 5750 | P30: 5750 | Q30: 5750 | R30: 5750 | S30: 5750 | T30: 5750 | U30: 5750 | V30: 5750 | W30: 5750 | X30: 5750 | Y30: 5750 | Z30: 5750 | AA30: 5750 | AB30: =(SUM(D30:AA30)) -> 138000 | AC30: 22 | AD30: =(AB30*AC30)+(AB31*AC31)+(AB32*AC32)+(AB33*AC33) -> 4278000 | AE30: =+AD102 -> 6286800
C31: Sábado | D31: 5750 | E31: 5750 | F31: 5750 | G31: 5750 | H31: 5750 | I31: 5750 | J31: 5750 | K31: 5750 | L31: 5750 | M31: 5750 | N31: 5750 | O31: 5750 | P31: 5750 | Q31: 5750 | R31: 5750 | S31: 5750 | T31: 5750 | U31: 5750 | V31: 5750 | W31: 5750 | X31: 5750 | Y31: 5750 | Z31: 5750 | AA31: 5750 | AB31: =(SUM(D31:AA31)) -> 138000 | AC31: 4 | AE31: =+AD106 -> 5678400
C32: domingo | D32: 5750 | E32: 5750 | F32: 5750 | G32: 5750 | H32: 5750 | I32: 5750 | J32: 5750 | K32: 5750 | L32: 5750 | M32: 5750 | N32: 5750 | O32: 5750 | P32: 5750 | Q32: 5750 | R32: 5750 | S32: 5750 | T32: 5750 | U32: 5750 | V32: 5750 | W32: 5750 | X32: 5750 | Y32: 5750 | Z32: 5750 | AA32: 5750 | AB32: =(SUM(D32:AA32)) -> 138000 | AC32: 4 | AE32: =+AD110 -> 6286800
C33: Festivo | D33: 5750 | E33: 5750 | F33: 5750 | G33: 5750 | H33: 5750 | I33: 5750 | J33: 5750 | K33: 5750 | L33: 5750 | M33: 5750 | N33: 5750 | O33: 5750 | P33: 5750 | Q33: 5750 | R33: 5750 | S33: 5750 | T33: 5750 | U33: 5750 | V33: 5750 | W33: 5750 | X33: 5750 | Y33: 5750 | Z33: 5750 | AA33: 5750 | AB33: =(SUM(D33:AA33)) -> 138000 | AC33: 1 | AE33: =+AD114 -> 6084000
B34: 46235 | C34: Hábil | D34: 5750 | E34: 5750 | F34: 5750 | G34: 5750 | H34: 5750 | I34: 5750 | J34: 5750 | K34: 5750 | L34: 5750 | M34: 5750 | N34: 5750 | O34: 5750 | P34: 5750 | Q34: 5750 | R34: 5750 | S34: 5750 | T34: 5750 | U34: 5750 | V34: 5750 | W34: 5750 | X34: 5750 | Y34: 5750 | Z34: 5750 | AA34: 5750 | AB34: =(SUM(D34:AA34)) -> 138000 | AC34: 19 | AD34: =(AB34*AC34)+(AB35*AC35)+(AB36*AC36)+(AB37*AC37) -> 4278000 | AE34: =+AD118 -> 6286800
C35: Sábado | D35: 5750 | E35: 5750 | F35: 5750 | G35: 5750 | H35: 5750 | I35: 5750 | J35: 5750 | K35: 5750 | L35: 5750 | M35: 5750 | N35: 5750 | O35: 5750 | P35: 5750 | Q35: 5750 | R35: 5750 | S35: 5750 | T35: 5750 | U35: 5750 | V35: 5750 | W35: 5750 | X35: 5750 | Y35: 5750 | Z35: 5750 | AA35: 5750 | AB35: =(SUM(D35:AA35)) -> 138000 | AC35: 5 | AE35: =+AD122 -> 6084000
C36: Domingo | D36: 5750 | E36: 5750 | F36: 5750 | G36: 5750 | H36: 5750 | I36: 5750 | J36: 5750 | K36: 5750 | L36: 5750 | M36: 5750 | N36: 5750 | O36: 5750 | P36: 5750 | Q36: 5750 | R36: 5750 | S36: 5750 | T36: 5750 | U36: 5750 | V36: 5750 | W36: 5750 | X36: 5750 | Y36: 5750 | Z36: 5750 | AA36: 5750 | AB36: =(SUM(D36:AA36)) -> 138000 | AC36: 5 | AE36: =+AD126 -> 6286800
C37: Festivo | D37: 5750 | E37: 5750 | F37: 5750 | G37: 5750 | H37: 5750 | I37: 5750 | J37: 5750 | K37: 5750 | L37: 5750 | M37: 5750 | N37: 5750 | O37: 5750 | P37: 5750 | Q37: 5750 | R37: 5750 | S37: 5750 | T37: 5750 | U37: 5750 | V37: 5750 | W37: 5750 | X37: 5750 | Y37: 5750 | Z37: 5750 | AA37: 5750 | AB37: =(SUM(D37:AA37)) -> 138000 | AC37: 2 | AE37: =+AD130 -> 6286800
B38: 46266 | C38: Hábil | D38: 5750 | E38: 5750 | F38: 5750 | G38: 5750 | H38: 5750 | I38: 5750 | J38: 5750 | K38: 5750 | L38: 5750 | M38: 5750 | N38: 5750 | O38: 5750 | P38: 5750 | Q38: 5750 | R38: 5750 | S38: 5750 | T38: 5750 | U38: 5750 | V38: 5750 | W38: 5750 | X38: 5750 | Y38: 5750 | Z38: 5750 | AA38: 5750 | AB38: =(SUM(D38:AA38)) -> 138000 | AC38: 22 | AD38: =(AB38*AC38)+(AB39*AC39)+(AB40*AC40)+(AB41*AC41) -> 4140000 | AE38: =+AD134 -> 6084000
C39: Sábado | D39: 5750 | E39: 5750 | F39: 5750 | G39: 5750 | H39: 5750 | I39: 5750 | J39: 5750 | K39: 5750 | L39: 5750 | M39: 5750 | N39: 5750 | O39: 5750 | P39: 5750 | Q39: 5750 | R39: 5750 | S39: 5750 | T39: 5750 | U39: 5750 | V39: 5750 | W39: 5750 | X39: 5750 | Y39: 5750 | Z39: 5750 | AA39: 5750 | AB39: =(SUM(D39:AA39)) -> 138000 | AC39: 4 | AE39: =+AD138 -> 6286800
C40: Domingo | D40: 5750 | E40: 5750 | F40: 5750 | G40: 5750 | H40: 5750 | I40: 5750 | J40: 5750 | K40: 5750 | L40: 5750 | M40: 5750 | N40: 5750 | O40: 5750 | P40: 5750 | Q40: 5750 | R40: 5750 | S40: 5750 | T40: 5750 | U40: 5750 | V40: 5750 | W40: 5750 | X40: 5750 | Y40: 5750 | Z40: 5750 | AA40: 5750 | AB40: =(SUM(D40:AA40)) -> 138000 | AC40: 4 | AE40: =+AD142 -> 6084000
C41: Festivo | D41: 5750 | E41: 5750 | F41: 5750 | G41: 5750 | H41: 5750 | I41: 5750 | J41: 5750 | K41: 5750 | L41: 5750 | M41: 5750 | N41: 5750 | O41: 5750 | P41: 5750 | Q41: 5750 | R41: 5750 | S41: 5750 | T41: 5750 | U41: 5750 | V41: 5750 | W41: 5750 | X41: 5750 | Y41: 5750 | Z41: 5750 | AA41: 5750 | AB41: =(SUM(D41:AA41)) -> 138000 | AC41: 0 | AE41: =+AD146 -> 6286800
B42: 46296 | C42: Hábil | D42: 5750 | E42: 5750 | F42: 5750 | G42: 5750 | H42: 5750 | I42: 5750 | J42: 5750 | K42: 5750 | L42: 5750 | M42: 5750 | N42: 5750 | O42: 5750 | P42: 5750 | Q42: 5750 | R42: 5750 | S42: 5750 | T42: 5750 | U42: 5750 | V42: 5750 | W42: 5750 | X42: 5750 | Y42: 5750 | Z42: 5750 | AA42: 5750 | AB42: =(SUM(D42:AA42)) -> 138000 | AC42: 21 | AD42: =(AB42*AC42)+(AB43*AC43)+(AB44*AC44)+(AB45*AC45) -> 4278000 | AE42: =+AD150 -> 6249600
C43: Sábado | D43: 5750 | E43: 5750 | F43: 5750 | G43: 5750 | H43: 5750 | I43: 5750 | J43: 5750 | K43: 5750 | L43: 5750 | M43: 5750 | N43: 5750 | O43: 5750 | P43: 5750 | Q43: 5750 | R43: 5750 | S43: 5750 | T43: 5750 | U43: 5750 | V43: 5750 | W43: 5750 | X43: 5750 | Y43: 5750 | Z43: 5750 | AA43: 5750 | AB43: =(SUM(D43:AA43)) -> 138000 | AC43: 5 | AE43: =+AD154 -> 5644800
C44: Domingo | D44: 5750 | E44: 5750 | F44: 5750 | G44: 5750 | H44: 5750 | I44: 5750 | J44: 5750 | K44: 5750 | L44: 5750 | M44: 5750 | N44: 5750 | O44: 5750 | P44: 5750 | Q44: 5750 | R44: 5750 | S44: 5750 | T44: 5750 | U44: 5750 | V44: 5750 | W44: 5750 | X44: 5750 | Y44: 5750 | Z44: 5750 | AA44: 5750 | AB44: =(SUM(D44:AA44)) -> 138000 | AC44: 4 | AE44: =+AD158 -> 6249600
C45: Festivo | D45: 5750 | E45: 5750 | F45: 5750 | G45: 5750 | H45: 5750 | I45: 5750 | J45: 5750 | K45: 5750 | L45: 5750 | M45: 5750 | N45: 5750 | O45: 5750 | P45: 5750 | Q45: 5750 | R45: 5750 | S45: 5750 | T45: 5750 | U45: 5750 | V45: 5750 | W45: 5750 | X45: 5750 | Y45: 5750 | Z45: 5750 | AA45: 5750 | AB45: =(SUM(D45:AA45)) -> 138000 | AC45: 1 | AE45: =+AD162 -> 6048000
B46: 46327 | C46: Hábil | D46: 5750 | E46: 5750 | F46: 5750 | G46: 5750 | H46: 5750 | I46: 5750 | J46: 5750 | K46: 5750 | L46: 5750 | M46: 5750 | N46: 5750 | O46: 5750 | P46: 5750 | Q46: 5750 | R46: 5750 | S46: 5750 | T46: 5750 | U46: 5750 | V46: 5750 | W46: 5750 | X46: 5750 | Y46: 5750 | Z46: 5750 | AA46: 5750 | AB46: =(SUM(D46:AA46)) -> 138000 | AC46: 19 | AD46: =(AB46*AC46)+(AB47*AC47)+(AB48*AC48)+(AB49*AC49) -> 4140000 | AE46: =+AD166 -> 6249600
C47: Sábado | D47: 5750 | E47: 5750 | F47: 5750 | G47: 5750 | H47: 5750 | I47: 5750 | J47: 5750 | K47: 5750 | L47: 5750 | M47: 5750 | N47: 5750 | O47: 5750 | P47: 5750 | Q47: 5750 | R47: 5750 | S47: 5750 | T47: 5750 | U47: 5750 | V47: 5750 | W47: 5750 | X47: 5750 | Y47: 5750 | Z47: 5750 | AA47: 5750 | AB47: =(SUM(D47:AA47)) -> 138000 | AC47: 4 | AE47: =+AD170 -> 6048000
C48: Domingo | D48: 5750 | E48: 5750 | F48: 5750 | G48: 5750 | H48: 5750 | I48: 5750 | J48: 5750 | K48: 5750 | L48: 5750 | M48: 5750 | N48: 5750 | O48: 5750 | P48: 5750 | Q48: 5750 | R48: 5750 | S48: 5750 | T48: 5750 | U48: 5750 | V48: 5750 | W48: 5750 | X48: 5750 | Y48: 5750 | Z48: 5750 | AA48: 5750 | AB48: =(SUM(D48:AA48)) -> 138000 | AC48: 5 | AE48: =+AD174 -> 6249600
C49: Festivo | D49: 5750 | E49: 5750 | F49: 5750 | G49: 5750 | H49: 5750 | I49: 5750 | J49: 5750 | K49: 5750 | L49: 5750 | M49: 5750 | N49: 5750 | O49: 5750 | P49: 5750 | Q49: 5750 | R49: 5750 | S49: 5750 | T49: 5750 | U49: 5750 | V49: 5750 | W49: 5750 | X49: 5750 | Y49: 5750 | Z49: 5750 | AA49: 5750 | AB49: =(SUM(D49:AA49)) -> 138000 | AC49: 2 | AE49: =+AD178 -> 6249600
B50: 46357 | C50: Hábil | D50: 5750 | E50: 5750 | F50: 5750 | G50: 5750 | H50: 5750 | I50: 5750 | J50: 5750 | K50: 5750 | L50: 5750 | M50: 5750 | N50: 5750 | O50: 5750 | P50: 5750 | Q50: 5750 | R50: 5750 | S50: 5750 | T50: 5750 | U50: 5750 | V50: 5750 | W50: 5750 | X50: 5750 | Y50: 5750 | Z50: 5750 | AA50: 5750 | AB50: =(SUM(D50:AA50)) -> 138000 | AC50: 21 | AD50: =(AB50*AC50)+(AB51*AC51)+(AB52*AC52)+(AB53*AC53) -> 4278000 | AE50: =+AD182 -> 6048000
C51: Sábado | D51: 5750 | E51: 5750 | F51: 5750 | G51: 5750 | H51: 5750 | I51: 5750 | J51: 5750 | K51: 5750 | L51: 5750 | M51: 5750 | N51: 5750 | O51: 5750 | P51: 5750 | Q51: 5750 | R51: 5750 | S51: 5750 | T51: 5750 | U51: 5750 | V51: 5750 | W51: 5750 | X51: 5750 | Y51: 5750 | Z51: 5750 | AA51: 5750 | AB51: =(SUM(D51:AA51)) -> 138000 | AC51: 4 | AE51: =+AD186 -> 6249600
C52: Domingo | D52: 5750 | E52: 5750 | F52: 5750 | G52: 5750 | H52: 5750 | I52: 5750 | J52: 5750 | K52: 5750 | L52: 5750 | M52: 5750 | N52: 5750 | O52: 5750 | P52: 5750 | Q52: 5750 | R52: 5750 | S52: 5750 | T52: 5750 | U52: 5750 | V52: 5750 | W52: 5750 | X52: 5750 | Y52: 5750 | Z52: 5750 | AA52: 5750 | AB52: =(SUM(D52:AA52)) -> 138000 | AC52: 4 | AE52: =+AD190 -> 6048000
C53: Festivo | D53: 5750 | E53: 5750 | F53: 5750 | G53: 5750 | H53: 5750 | I53: 5750 | J53: 5750 | K53: 5750 | L53: 5750 | M53: 5750 | N53: 5750 | O53: 5750 | P53: 5750 | Q53: 5750 | R53: 5750 | S53: 5750 | T53: 5750 | U53: 5750 | V53: 5750 | W53: 5750 | X53: 5750 | Y53: 5750 | Z53: 5750 | AA53: 5750 | AB53: =(SUM(D53:AA53)) -> 138000 | AC53: 2 | AE53: =+AD194 -> 6249600
B54: 46753 | C54: Hábil | D54: 4950 | E54: 4950 | F54: 4950 | G54: 4950 | H54: 4950 | I54: 4950 | J54: 4950 | K54: 4950 | L54: 4950 | M54: 4950 | N54: 4950 | O54: 4950 | P54: 4950 | Q54: 4950 | R54: 4950 | S54: 4950 | T54: 4950 | U54: 4950 | V54: 4950 | W54: 4950 | X54: 4950 | Y54: 4950 | Z54: 4950 | AA54: 4950 | AB54: =(SUM(D54:AA54)) -> 118800 | AC54: 20 | AD54: =(AB54*AC54)+(AB55*AC55)+(AB56*AC56)+(AB57*AC57) -> 3682800
C55: Sábado | D55: 4950 | E55: 4950 | F55: 4950 | G55: 4950 | H55: 4950 | I55: 4950 | J55: 4950 | K55: 4950 | L55: 4950 | M55: 4950 | N55: 4950 | O55: 4950 | P55: 4950 | Q55: 4950 | R55: 4950 | S55: 4950 | T55: 4950 | U55: 4950 | V55: 4950 | W55: 4950 | X55: 4950 | Y55: 4950 | Z55: 4950 | AA55: 4950 | AB55: =(SUM(D55:AA55)) -> 118800 | AC55: 4
C56: Domingo | D56: 4950 | E56: 4950 | F56: 4950 | G56: 4950 | H56: 4950 | I56: 4950 | J56: 4950 | K56: 4950 | L56: 4950 | M56: 4950 | N56: 4950 | O56: 4950 | P56: 4950 | Q56: 4950 | R56: 4950 | S56: 4950 | T56: 4950 | U56: 4950 | V56: 4950 | W56: 4950 | X56: 4950 | Y56: 4950 | Z56: 4950 | AA56: 4950 | AB56: =(SUM(D56:AA56)) -> 118800 | AC56: 5
C57: Festivo | D57: 4950 | E57: 4950 | F57: 4950 | G57: 4950 | H57: 4950 | I57: 4950 | J57: 4950 | K57: 4950 | L57: 4950 | M57: 4950 | N57: 4950 | O57: 4950 | P57: 4950 | Q57: 4950 | R57: 4950 | S57: 4950 | T57: 4950 | U57: 4950 | V57: 4950 | W57: 4950 | X57: 4950 | Y57: 4950 | Z57: 4950 | AA57: 4950 | AB57: =(SUM(D57:AA57)) -> 118800 | AC57: 2
B58: 46784 | C58: Hábil | D58: 4950 | E58: 4950 | F58: 4950 | G58: 4950 | H58: 4950 | I58: 4950 | J58: 4950 | K58: 4950 | L58: 4950 | M58: 4950 | N58: 4950 | O58: 4950 | P58: 4950 | Q58: 4950 | R58: 4950 | S58: 4950 | T58: 4950 | U58: 4950 | V58: 4950 | W58: 4950 | X58: 4950 | Y58: 4950 | Z58: 4950 | AA58: 4950 | AB58: =(SUM(D58:AA58)) -> 118800 | AC58: 21 | AD58: =(AB58*AC58)+(AB59*AC59)+(AB60*AC60)+(AB61*AC61) -> 3445200
C59: Sábado | D59: 4950 | E59: 4950 | F59: 4950 | G59: 4950 | H59: 4950 | I59: 4950 | J59: 4950 | K59: 4950 | L59: 4950 | M59: 4950 | N59: 4950 | O59: 4950 | P59: 4950 | Q59: 4950 | R59: 4950 | S59: 4950 | T59: 4950 | U59: 4950 | V59: 4950 | W59: 4950 | X59: 4950 | Y59: 4950 | Z59: 4950 | AA59: 4950 | AB59: =(SUM(D59:AA59)) -> 118800 | AC59: 4
C60: Domingo | D60: 4950 | E60: 4950 | F60: 4950 | G60: 4950 | H60: 4950 | I60: 4950 | J60: 4950 | K60: 4950 | L60: 4950 | M60: 4950 | N60: 4950 | O60: 4950 | P60: 4950 | Q60: 4950 | R60: 4950 | S60: 4950 | T60: 4950 | U60: 4950 | V60: 4950 | W60: 4950 | X60: 4950 | Y60: 4950 | Z60: 4950 | AA60: 4950 | AB60: =(SUM(D60:AA60)) -> 118800 | AC60: 4
C61: Festivo | D61: 4950 | E61: 4950 | F61: 4950 | G61: 4950 | H61: 4950 | I61: 4950 | J61: 4950 | K61: 4950 | L61: 4950 | M61: 4950 | N61: 4950 | O61: 4950 | P61: 4950 | Q61: 4950 | R61: 4950 | S61: 4950 | T61: 4950 | U61: 4950 | V61: 4950 | W61: 4950 | X61: 4950 | Y61: 4950 | Z61: 4950 | AA61: 4950 | AB61: =(SUM(D61:AA61)) -> 118800 | AC61: 0
B62: 46813 | C62: Hábil | D62: 4950 | E62: 4950 | F62: 4950 | G62: 4950 | H62: 4950 | I62: 4950 | J62: 4950 | K62: 4950 | L62: 4950 | M62: 4950 | N62: 4950 | O62: 4950 | P62: 4950 | Q62: 4950 | R62: 4950 | S62: 4950 | T62: 4950 | U62: 4950 | V62: 4950 | W62: 4950 | X62: 4950 | Y62: 4950 | Z62: 4950 | AA62: 4950 | AB62: =(SUM(D62:AA62)) -> 118800 | AC62: 22 | AD62: =(AB62*AC62)+(AB63*AC63)+(AB64*AC64)+(AB65*AC65) -> 3682800
C63: Sábado | D63: 4950 | E63: 4950 | F63: 4950 | G63: 4950 | H63: 4950 | I63: 4950 | J63: 4950 | K63: 4950 | L63: 4950 | M63: 4950 | N63: 4950 | O63: 4950 | P63: 4950 | Q63: 4950 | R63: 4950 | S63: 4950 | T63: 4950 | U63: 4950 | V63: 4950 | W63: 4950 | X63: 4950 | Y63: 4950 | Z63: 4950 | AA63: 4950 | AB63: =(SUM(D63:AA63)) -> 118800 | AC63: 4
C64: Domingo | D64: 4950 | E64: 4950 | F64: 4950 | G64: 4950 | H64: 4950 | I64: 4950 | J64: 4950 | K64: 4950 | L64: 4950 | M64: 4950 | N64: 4950 | O64: 4950 | P64: 4950 | Q64: 4950 | R64: 4950 | S64: 4950 | T64: 4950 | U64: 4950 | V64: 4950 | W64: 4950 | X64: 4950 | Y64: 4950 | Z64: 4950 | AA64: 4950 | AB64: =(SUM(D64:AA64)) -> 118800 | AC64: 4
C65: Festivo | D65: 4950 | E65: 4950 | F65: 4950 | G65: 4950 | H65: 4950 | I65: 4950 | J65: 4950 | K65: 4950 | L65: 4950 | M65: 4950 | N65: 4950 | O65: 4950 | P65: 4950 | Q65: 4950 | R65: 4950 | S65: 4950 | T65: 4950 | U65: 4950 | V65: 4950 | W65: 4950 | X65: 4950 | Y65: 4950 | Z65: 4950 | AA65: 4950 | AB65: =(SUM(D65:AA65)) -> 118800 | AC65: 1
B66: 46844 | C66: Hábil | D66: 4950 | E66: 4950 | F66: 4950 | G66: 4950 | H66: 4950 | I66: 4950 | J66: 4950 | K66: 4950 | L66: 4950 | M66: 4950 | N66: 4950 | O66: 4950 | P66: 4950 | Q66: 4950 | R66: 4950 | S66: 4950 | T66: 4950 | U66: 4950 | V66: 4950 | W66: 4950 | X66: 4950 | Y66: 4950 | Z66: 4950 | AA66: 4950 | AB66: =(SUM(D66:AA66)) -> 118800 | AC66: 18 | AD66: =(AB66*AC66)+(AB67*AC67)+(AB68*AC68)+(AB69*AC69) -> 3564000
C67: Sábado | D67: 4950 | E67: 4950 | F67: 4950 | G67: 4950 | H67: 4950 | I67: 4950 | J67: 4950 | K67: 4950 | L67: 4950 | M67: 4950 | N67: 4950 | O67: 4950 | P67: 4950 | Q67: 4950 | R67: 4950 | S67: 4950 | T67: 4950 | U67: 4950 | V67: 4950 | W67: 4950 | X67: 4950 | Y67: 4950 | Z67: 4950 | AA67: 4950 | AB67: =(SUM(D67:AA67)) -> 118800 | AC67: 5
C68: Domingo | D68: 4950 | E68: 4950 | F68: 4950 | G68: 4950 | H68: 4950 | I68: 4950 | J68: 4950 | K68: 4950 | L68: 4950 | M68: 4950 | N68: 4950 | O68: 4950 | P68: 4950 | Q68: 4950 | R68: 4950 | S68: 4950 | T68: 4950 | U68: 4950 | V68: 4950 | W68: 4950 | X68: 4950 | Y68: 4950 | Z68: 4950 | AA68: 4950 | AB68: =(SUM(D68:AA68)) -> 118800 | AC68: 5
C69: Festivo | D69: 4950 | E69: 4950 | F69: 4950 | G69: 4950 | H69: 4950 | I69: 4950 | J69: 4950 | K69: 4950 | L69: 4950 | M69: 4950 | N69: 4950 | O69: 4950 | P69: 4950 | Q69: 4950 | R69: 4950 | S69: 4950 | T69: 4950 | U69: 4950 | V69: 4950 | W69: 4950 | X69: 4950 | Y69: 4950 | Z69: 4950 | AA69: 4950 | AB69: =(SUM(D69:AA69)) -> 118800 | AC69: 2
B70: 46874 | C70: Hábil | D70: 4950 | E70: 4950 | F70: 4950 | G70: 4950 | H70: 4950 | I70: 4950 | J70: 4950 | K70: 4950 | L70: 4950 | M70: 4950 | N70: 4950 | O70: 4950 | P70: 4950 | Q70: 4950 | R70: 4950 | S70: 4950 | T70: 4950 | U70: 4950 | V70: 4950 | W70: 4950 | X70: 4950 | Y70: 4950 | Z70: 4950 | AA70: 4950 | AB70: =(SUM(D70:AA70)) -> 118800 | AC70: 21 | AD70: =(AB70*AC70)+(AB71*AC71)+(AB72*AC72)+(AB73*AC73) -> 3682800
C71: Sábado | D71: 4950 | E71: 4950 | F71: 4950 | G71: 4950 | H71: 4950 | I71: 4950 | J71: 4950 | K71: 4950 | L71: 4950 | M71: 4950 | N71: 4950 | O71: 4950 | P71: 4950 | Q71: 4950 | R71: 4950 | S71: 4950 | T71: 4950 | U71: 4950 | V71: 4950 | W71: 4950 | X71: 4950 | Y71: 4950 | Z71: 4950 | AA71: 4950 | AB71: =(SUM(D71:AA71)) -> 118800 | AC71: 4
C72: Domingo | D72: 4950 | E72: 4950 | F72: 4950 | G72: 4950 | H72: 4950 | I72: 4950 | J72: 4950 | K72: 4950 | L72: 4950 | M72: 4950 | N72: 4950 | O72: 4950 | P72: 4950 | Q72: 4950 | R72: 4950 | S72: 4950 | T72: 4950 | U72: 4950 | V72: 4950 | W72: 4950 | X72: 4950 | Y72: 4950 | Z72: 4950 | AA72: 4950 | AB72: =(SUM(D72:AA72)) -> 118800 | AC72: 4
C73: Festivo | D73: 4950 | E73: 4950 | F73: 4950 | G73: 4950 | H73: 4950 | I73: 4950 | J73: 4950 | K73: 4950 | L73: 4950 | M73: 4950 | N73: 4950 | O73: 4950 | P73: 4950 | Q73: 4950 | R73: 4950 | S73: 4950 | T73: 4950 | U73: 4950 | V73: 4950 | W73: 4950 | X73: 4950 | Y73: 4950 | Z73: 4950 | AA73: 4950 | AB73: =(SUM(D73:AA73)) -> 118800 | AC73: 2
B74: 46905 | C74: Hábil | D74: 4950 | E74: 4950 | F74: 4950 | G74: 4950 | H74: 4950 | I74: 4950 | J74: 4950 | K74: 4950 | L74: 4950 | M74: 4950 | N74: 4950 | O74: 4950 | P74: 4950 | Q74: 4950 | R74: 4950 | S74: 4950 | T74: 4950 | U74: 4950 | V74: 4950 | W74: 4950 | X74: 4950 | Y74: 4950 | Z74: 4950 | AA74: 4950 | AB74: =(SUM(D74:AA74)) -> 118800 | AC74: 20 | AD74: =(AB74*AC74)+(AB75*AC75)+(AB76*AC76)+(AB77*AC77) -> 3564000
C75: Sábado | D75: 4950 | E75: 4950 | F75: 4950 | G75: 4950 | H75: 4950 | I75: 4950 | J75: 4950 | K75: 4950 | L75: 4950 | M75: 4950 | N75: 4950 | O75: 4950 | P75: 4950 | Q75: 4950 | R75: 4950 | S75: 4950 | T75: 4950 | U75: 4950 | V75: 4950 | W75: 4950 | X75: 4950 | Y75: 4950 | Z75: 4950 | AA75: 4950 | AB75: =(SUM(D75:AA75)) -> 118800 | AC75: 4
C76: Domingo | D76: 4950 | E76: 4950 | F76: 4950 | G76: 4950 | H76: 4950 | I76: 4950 | J76: 4950 | K76: 4950 | L76: 4950 | M76: 4950 | N76: 4950 | O76: 4950 | P76: 4950 | Q76: 4950 | R76: 4950 | S76: 4950 | T76: 4950 | U76: 4950 | V76: 4950 | W76: 4950 | X76: 4950 | Y76: 4950 | Z76: 4950 | AA76: 4950 | AB76: =(SUM(D76:AA76)) -> 118800 | AC76: 4
C77: Festivo | D77: 4950 | E77: 4950 | F77: 4950 | G77: 4950 | H77: 4950 | I77: 4950 | J77: 4950 | K77: 4950 | L77: 4950 | M77: 4950 | N77: 4950 | O77: 4950 | P77: 4950 | Q77: 4950 | R77: 4950 | S77: 4950 | T77: 4950 | U77: 4950 | V77: 4950 | W77: 4950 | X77: 4950 | Y77: 4950 | Z77: 4950 | AA77: 4950 | AB77: =(SUM(D77:AA77)) -> 118800 | AC77: 2
B78: 46935 | C78: Hábil | D78: 4950 | E78: 4950 | F78: 4950 | G78: 4950 | H78: 4950 | I78: 4950 | J78: 4950 | K78: 4950 | L78: 4950 | M78: 4950 | N78: 4950 | O78: 4950 | P78: 4950 | Q78: 4950 | R78: 4950 | S78: 4950 | T78: 4950 | U78: 4950 | V78: 4950 | W78: 4950 | X78: 4950 | Y78: 4950 | Z78: 4950 | AA78: 4950 | AB78: =(SUM(D78:AA78)) -> 118800 | AC78: 19 | AD78: =(AB78*AC78)+(AB79*AC79)+(AB80*AC80)+(AB81*AC81) -> 3682800
C79: Sábado | D79: 4950 | E79: 4950 | F79: 4950 | G79: 4950 | H79: 4950 | I79: 4950 | J79: 4950 | K79: 4950 | L79: 4950 | M79: 4950 | N79: 4950 | O79: 4950 | P79: 4950 | Q79: 4950 | R79: 4950 | S79: 4950 | T79: 4950 | U79: 4950 | V79: 4950 | W79: 4950 | X79: 4950 | Y79: 4950 | Z79: 4950 | AA79: 4950 | AB79: =(SUM(D79:AA79)) -> 118800 | AC79: 5
C80: domingo | D80: 4950 | E80: 4950 | F80: 4950 | G80: 4950 | H80: 4950 | I80: 4950 | J80: 4950 | K80: 4950 | L80: 4950 | M80: 4950 | N80: 4950 | O80: 4950 | P80: 4950 | Q80: 4950 | R80: 4950 | S80: 4950 | T80: 4950 | U80: 4950 | V80: 4950 | W80: 4950 | X80: 4950 | Y80: 4950 | Z80: 4950 | AA80: 4950 | AB80: =(SUM(D80:AA80)) -> 118800 | AC80: 5
C81: Festivo | D81: 4950 | E81: 4950 | F81: 4950 | G81: 4950 | H81: 4950 | I81: 4950 | J81: 4950 | K81: 4950 | L81: 4950 | M81: 4950 | N81: 4950 | O81: 4950 | P81: 4950 | Q81: 4950 | R81: 4950 | S81: 4950 | T81: 4950 | U81: 4950 | V81: 4950 | W81: 4950 | X81: 4950 | Y81: 4950 | Z81: 4950 | AA81: 4950 | AB81: =(SUM(D81:AA81)) -> 118800 | AC81: 2
B82: 46966 | C82: Hábil | D82: 4950 | E82: 4950 | F82: 4950 | G82: 4950 | H82: 4950 | I82: 4950 | J82: 4950 | K82: 4950 | L82: 4950 | M82: 4950 | N82: 4950 | O82: 4950 | P82: 4950 | Q82: 4950 | R82: 4950 | S82: 4950 | T82: 4950 | U82: 4950 | V82: 4950 | W82: 4950 | X82: 4950 | Y82: 4950 | Z82: 4950 | AA82: 4950 | AB82: =(SUM(D82:AA82)) -> 118800 | AC82: 21 | AD82: =(AB82*AC82)+(AB83*AC83)+(AB84*AC84)+(AB85*AC85) -> 3682800
C83: Sábado | D83: 4950 | E83: 4950 | F83: 4950 | G83: 4950 | H83: 4950 | I83: 4950 | J83: 4950 | K83: 4950 | L83: 4950 | M83: 4950 | N83: 4950 | O83: 4950 | P83: 4950 | Q83: 4950 | R83: 4950 | S83: 4950 | T83: 4950 | U83: 4950 | V83: 4950 | W83: 4950 | X83: 4950 | Y83: 4950 | Z83: 4950 | AA83: 4950 | AB83: =(SUM(D83:AA83)) -> 118800 | AC83: 4
C84: Domingo | D84: 4950 | E84: 4950 | F84: 4950 | G84: 4950 | H84: 4950 | I84: 4950 | J84: 4950 | K84: 4950 | L84: 4950 | M84: 4950 | N84: 4950 | O84: 4950 | P84: 4950 | Q84: 4950 | R84: 4950 | S84: 4950 | T84: 4950 | U84: 4950 | V84: 4950 | W84: 4950 | X84: 4950 | Y84: 4950 | Z84: 4950 | AA84: 4950 | AB84: =(SUM(D84:AA84)) -> 118800 | AC84: 4
C85: Festivo | D85: 4950 | E85: 4950 | F85: 4950 | G85: 4950 | H85: 4950 | I85: 4950 | J85: 4950 | K85: 4950 | L85: 4950 | M85: 4950 | N85: 4950 | O85: 4950 | P85: 4950 | Q85: 4950 | R85: 4950 | S85: 4950 | T85: 4950 | U85: 4950 | V85: 4950 | W85: 4950 | X85: 4950 | Y85: 4950 | Z85: 4950 | AA85: 4950 | AB85: =(SUM(D85:AA85)) -> 118800 | AC85: 2
B86: 46997 | C86: Hábil | D86: 4950 | E86: 4950 | F86: 4950 | G86: 4950 | H86: 4950 | I86: 4950 | J86: 4950 | K86: 4950 | L86: 4950 | M86: 4950 | N86: 4950 | O86: 4950 | P86: 4950 | Q86: 4950 | R86: 4950 | S86: 4950 | T86: 4950 | U86: 4950 | V86: 4950 | W86: 4950 | X86: 4950 | Y86: 4950 | Z86: 4950 | AA86: 4950 | AB86: =(SUM(D86:AA86)) -> 118800 | AC86: 21 | AD86: =(AB86*AC86)+(AB87*AC87)+(AB88*AC88)+(AB89*AC89) -> 3564000
C87: Sábado | D87: 4950 | E87: 4950 | F87: 4950 | G87: 4950 | H87: 4950 | I87: 4950 | J87: 4950 | K87: 4950 | L87: 4950 | M87: 4950 | N87: 4950 | O87: 4950 | P87: 4950 | Q87: 4950 | R87: 4950 | S87: 4950 | T87: 4950 | U87: 4950 | V87: 4950 | W87: 4950 | X87: 4950 | Y87: 4950 | Z87: 4950 | AA87: 4950 | AB87: =(SUM(D87:AA87)) -> 118800 | AC87: 5
C88: Domingo | D88: 4950 | E88: 4950 | F88: 4950 | G88: 4950 | H88: 4950 | I88: 4950 | J88: 4950 | K88: 4950 | L88: 4950 | M88: 4950 | N88: 4950 | O88: 4950 | P88: 4950 | Q88: 4950 | R88: 4950 | S88: 4950 | T88: 4950 | U88: 4950 | V88: 4950 | W88: 4950 | X88: 4950 | Y88: 4950 | Z88: 4950 | AA88: 4950 | AB88: =(SUM(D88:AA88)) -> 118800 | AC88: 4
C89: Festivo | D89: 4950 | E89: 4950 | F89: 4950 | G89: 4950 | H89: 4950 | I89: 4950 | J89: 4950 | K89: 4950 | L89: 4950 | M89: 4950 | N89: 4950 | O89: 4950 | P89: 4950 | Q89: 4950 | R89: 4950 | S89: 4950 | T89: 4950 | U89: 4950 | V89: 4950 | W89: 4950 | X89: 4950 | Y89: 4950 | Z89: 4950 | AA89: 4950 | AB89: =(SUM(D89:AA89)) -> 118800 | AC89: 0
B90: 47027 | C90: Hábil | D90: 4950 | E90: 4950 | F90: 4950 | G90: 4950 | H90: 4950 | I90: 4950 | J90: 4950 | K90: 4950 | L90: 4950 | M90: 4950 | N90: 4950 | O90: 4950 | P90: 4950 | Q90: 4950 | R90: 4950 | S90: 4950 | T90: 4950 | U90: 4950 | V90: 4950 | W90: 4950 | X90: 4950 | Y90: 4950 | Z90: 4950 | AA90: 4950 | AB90: =(SUM(D90:AA90)) -> 118800 | AC90: 21 | AD90: =(AB90*AC90)+(AB91*AC91)+(AB92*AC92)+(AB93*AC93) -> 3682800
C91: Sábado | D91: 4950 | E91: 4950 | F91: 4950 | G91: 4950 | H91: 4950 | I91: 4950 | J91: 4950 | K91: 4950 | L91: 4950 | M91: 4950 | N91: 4950 | O91: 4950 | P91: 4950 | Q91: 4950 | R91: 4950 | S91: 4950 | T91: 4950 | U91: 4950 | V91: 4950 | W91: 4950 | X91: 4950 | Y91: 4950 | Z91: 4950 | AA91: 4950 | AB91: =(SUM(D91:AA91)) -> 118800 | AC91: 4
C92: Domingo | D92: 4950 | E92: 4950 | F92: 4950 | G92: 4950 | H92: 4950 | I92: 4950 | J92: 4950 | K92: 4950 | L92: 4950 | M92: 4950 | N92: 4950 | O92: 4950 | P92: 4950 | Q92: 4950 | R92: 4950 | S92: 4950 | T92: 4950 | U92: 4950 | V92: 4950 | W92: 4950 | X92: 4950 | Y92: 4950 | Z92: 4950 | AA92: 4950 | AB92: =(SUM(D92:AA92)) -> 118800 | AC92: 5
C93: Festivo | D93: 4950 | E93: 4950 | F93: 4950 | G93: 4950 | H93: 4950 | I93: 4950 | J93: 4950 | K93: 4950 | L93: 4950 | M93: 4950 | N93: 4950 | O93: 4950 | P93: 4950 | Q93: 4950 | R93: 4950 | S93: 4950 | T93: 4950 | U93: 4950 | V93: 4950 | W93: 4950 | X93: 4950 | Y93: 4950 | Z93: 4950 | AA93: 4950 | AB93: =(SUM(D93:AA93)) -> 118800 | AC93: 1
B94: 47058 | C94: Hábil | D94: 4950 | E94: 4950 | F94: 4950 | G94: 4950 | H94: 4950 | I94: 4950 | J94: 4950 | K94: 4950 | L94: 4950 | M94: 4950 | N94: 4950 | O94: 4950 | P94: 4950 | Q94: 4950 | R94: 4950 | S94: 4950 | T94: 4950 | U94: 4950 | V94: 4950 | W94: 4950 | X94: 4950 | Y94: 4950 | Z94: 4950 | AA94: 4950 | AB94: =(SUM(D94:AA94)) -> 118800 | AC94: 20 | AD94: =(AB94*AC94)+(AB95*AC95)+(AB96*AC96)+(AB97*AC97) -> 3564000
C95: Sábado | D95: 4950 | E95: 4950 | F95: 4950 | G95: 4950 | H95: 4950 | I95: 4950 | J95: 4950 | K95: 4950 | L95: 4950 | M95: 4950 | N95: 4950 | O95: 4950 | P95: 4950 | Q95: 4950 | R95: 4950 | S95: 4950 | T95: 4950 | U95: 4950 | V95: 4950 | W95: 4950 | X95: 4950 | Y95: 4950 | Z95: 4950 | AA95: 4950 | AB95: =(SUM(D95:AA95)) -> 118800 | AC95: 4
C96: Domingo | D96: 4950 | E96: 4950 | F96: 4950 | G96: 4950 | H96: 4950 | I96: 4950 | J96: 4950 | K96: 4950 | L96: 4950 | M96: 4950 | N96: 4950 | O96: 4950 | P96: 4950 | Q96: 4950 | R96: 4950 | S96: 4950 | T96: 4950 | U96: 4950 | V96: 4950 | W96: 4950 | X96: 4950 | Y96: 4950 | Z96: 4950 | AA96: 4950 | AB96: =(SUM(D96:AA96)) -> 118800 | AC96: 4
C97: Festivo | D97: 4950 | E97: 4950 | F97: 4950 | G97: 4950 | H97: 4950 | I97: 4950 | J97: 4950 | K97: 4950 | L97: 4950 | M97: 4950 | N97: 4950 | O97: 4950 | P97: 4950 | Q97: 4950 | R97: 4950 | S97: 4950 | T97: 4950 | U97: 4950 | V97: 4950 | W97: 4950 | X97: 4950 | Y97: 4950 | Z97: 4950 | AA97: 4950 | AB97: =(SUM(D97:AA97)) -> 118800 | AC97: 2
B98: 47088 | C98: Hábil | D98: 4950 | E98: 4950 | F98: 4950 | G98: 4950 | H98: 4950 | I98: 4950 | J98: 4950 | K98: 4950 | L98: 4950 | M98: 4950 | N98: 4950 | O98: 4950 | P98: 4950 | Q98: 4950 | R98: 4950 | S98: 4950 | T98: 4950 | U98: 4950 | V98: 4950 | W98: 4950 | X98: 4950 | Y98: 4950 | Z98: 4950 | AA98: 4950 | AB98: =(SUM(D98:AA98)) -> 118800 | AC98: 19 | AD98: =(AB98*AC98)+(AB99*AC99)+(AB100*AC100)+(AB101*AC101) -> 3682800
C99: Sábado | D99: 4950 | E99: 4950 | F99: 4950 | G99: 4950 | H99: 4950 | I99: 4950 | J99: 4950 | K99: 4950 | L99: 4950 | M99: 4950 | N99: 4950 | O99: 4950 | P99: 4950 | Q99: 4950 | R99: 4950 | S99: 4950 | T99: 4950 | U99: 4950 | V99: 4950 | W99: 4950 | X99: 4950 | Y99: 4950 | Z99: 4950 | AA99: 4950 | AB99: =(SUM(D99:AA99)) -> 118800 | AC99: 5
C100: Domingo | D100: 4950 | E100: 4950 | F100: 4950 | G100: 4950 | H100: 4950 | I100: 4950 | J100: 4950 | K100: 4950 | L100: 4950 | M100: 4950 | N100: 4950 | O100: 4950 | P100: 4950 | Q100: 4950 | R100: 4950 | S100: 4950 | T100: 4950 | U100: 4950 | V100: 4950 | W100: 4950 | X100: 4950 | Y100: 4950 | Z100: 4950 | AA100: 4950 | AB100: =(SUM(D100:AA100)) -> 118800 | AC100: 5
C101: Festivo | D101: 4950 | E101: 4950 | F101: 4950 | G101: 4950 | H101: 4950 | I101: 4950 | J101: 4950 | K101: 4950 | L101: 4950 | M101: 4950 | N101: 4950 | O101: 4950 | P101: 4950 | Q101: 4950 | R101: 4950 | S101: 4950 | T101: 4950 | U101: 4950 | V101: 4950 | W101: 4950 | X101: 4950 | Y101: 4950 | Z101: 4950 | AA101: 4950 | AB101: =(SUM(D101:AA101)) -> 118800 | AC101: 2
...

Sheet Anexo 2 Producto 1
B4: ANEXO 2 - OFERTA PRODUCTO 1
B5: NOMBRE DEL OFERENTE
B6: PRECIOS Y CANTIDADES DE ENERGIA OFERTADA
B7: EN PESOS DE ABRIL 2025
B8: PRODUCTO 1
B9: AÑO | C9: MES | D9: PERIODO 2026 - 2030
D10: E. Solicitada [kWh] | E10: % E. Ofertado | F10: E. Ofertada [kWh] | G10: $/kWh
B11: 2026 | C11: Enero | D11: =+'Producto 1 Plano 26-30'!AE6 -> 4278000 | F11: =+E11*D11 -> 0
B12: 2026 | C12: Febrero | D12: =+'Producto 1 Plano 26-30'!AE7 -> 3864000 | F12: =+E12*D12 -> 0
B13: 2026 | C13: Marzo | D13: =+'Producto 1 Plano 26-30'!AE8 -> 4278000 | F13: =+E13*D13 -> 0
B14: 2026 | C14: Abril | D14: =+'Producto 1 Plano 26-30'!AE9 -> 4140000 | F14: =+E14*D14 -> 0
B15: 2026 | C15: Mayo | D15: =+'Producto 1 Plano 26-30'!AE10 -> 4278000 | F15: =+E15*D15 -> 0
B16: 2026 | C16: Junio | D16: =+'Producto 1 Plano 26-30'!AE11 -> 4140000 | F16: =+E16*D16 -> 0
B17: 2026 | C17: Julio | D17: =+'Producto 1 Plano 26-30'!AE12 -> 4278000 | F17: =+E17*D17 -> 0
B18: 2026 | C18: Agosto | D18: =+'Producto 1 Plano 26-30'!AE13 -> 4278000 | F18: =+E18*D18 -> 0
B19: 2026 | C19: Septiembre | D19: =+'Producto 1 Plano 26-30'!AE14 -> 4140000 | F19: =+E19*D19 -> 0
B20: 2026 | C20: Octubre | D20: =+'Producto 1 Plano 26-30'!AE15 -> 4278000 | F20: =+E20*D20 -> 0
B21: 2026 | C21: Noviembre | D21: =+'Producto 1 Plano 26-30'!AE16 -> 4140000 | F21: =+E21*D21 -> 0
B22: 2026 | C22: Diciembre | D22: =+'Producto 1 Plano 26-30'!AE17 -> 4278000 | F22: =+E22*D22 -> 0 | H22: =SUM(D11:D22) -> 50370000
B23: 2028 | C23: Enero | D23: =+'Producto 1 Plano 26-30'!AE18 -> 3682800 | F23: =+E23*D23 -> 0
B24: 2028 | C24: Febrero | D24: =+'Producto 1 Plano 26-30'!AE19 -> 3445200 | F24: =+E24*D24 -> 0
B25: 2028 | C25: Marzo | D25: =+'Producto 1 Plano 26-30'!AE20 -> 3682800 | F25: =+E25*D25 -> 0
B26: 2028 | C26: Abril | D26: =+'Producto 1 Plano 26-30'!AE21 -> 3564000 | F26: =+E26*D26 -> 0
B27: 2028 | C27: Mayo | D27: =+'Producto 1 Plano 26-30'!AE22 -> 3682800 | F27: =+E27*D27 -> 0
B28: 2028 | C28: Junio | D28: =+'Producto 1 Plano 26-30'!AE23 -> 3564000 | F28: =+E28*D28 -> 0
B29: 2028 | C29: Julio | D29: =+'Producto 1 Plano 26-30'!AE24 -> 3682800 | F29: =+E29*D29 -> 0
B30: 2028 | C30: Agosto | D30: =+'Producto 1 Plano 26-30'!AE25 -> 3682800 | F30: =+E30*D30 -> 0
B31: 2028 | C31: Septiembre | D31: =+'Producto 1 Plano 26-30'!AE26 -> 3564000 | F31: =+E31*D31 -> 0
B32: 2028 | C32: Octubre | D32: =+'Producto 1 Plano 26-30'!AE27 -> 3682800 | F32: =+E32*D32 -> 0
B33: 2028 | C33: Noviembre | D33: =+'Producto 1 Plano 26-30'!AE28 -> 3564000 | F33: =+E33*D33 -> 0
B34: 2028 | C34: Diciembre | D34: =+'Producto 1 Plano 26-30'!AE29 -> 3682800 | F34: =+E34*D34 -> 0 | H34: =SUM(D23:D34) -> 43480800
B35: 2029 | C35: Enero | D35: =+'Producto 1 Plano 26-30'!AE30 -> 6286800 | F35: =+E35*D35 -> 0
B36: 2029 | C36: Febrero | D36: =+'Producto 1 Plano 26-30'!AE31 -> 5678400 | F36: =+E36*D36 -> 0
B37: 2029 | C37: Marzo | D37: =+'Producto 1 Plano 26-30'!AE32 -> 6286800 | F37: =+E37*D37 -> 0
B38: 2029 | C38: Abril | D38: =+'Producto 1 Plano 26-30'!AE33 -> 6084000 | F38: =+E38*D38 -> 0
B39: 2029 | C39: Mayo | D39: =+'Producto 1 Plano 26-30'!AE34 -> 6286800 | F39: =+E39*D39 -> 0
B40: 2029 | C40: Junio | D40: =+'Producto 1 Plano 26-30'!AE35 -> 6084000 | F40: =+E40*D40 -> 0
B41: 2029 | C41: Julio | D41: =+'Producto 1 Plano 26-30'!AE36 -> 6286800 | F41: =+E41*D41 -> 0
B42: 2029 | C42: Agosto | D42: =+'Producto 1 Plano 26-30'!AE37 -> 6286800 | F42: =+E42*D42 -> 0
B43: 2029 | C43: Septiembre | D43: =+'Producto 1 Plano 26-30'!AE38 -> 6084000 | F43: =+E43*D43 -> 0
B44: 2029 | C44: Octubre | D44: =+'Producto 1 Plano 26-30'!AE39 -> 6286800 | F44: =+E44*D44 -> 0
B45: 2029 | C45: Noviembre | D45: =+'Producto 1 Plano 26-30'!AE40 -> 6084000 | F45: =+E45*D45 -> 0
B46: 2029 | C46: Diciembre | D46: =+'Producto 1 Plano 26-30'!AE41 -> 6286800 | F46: =+E46*D46 -> 0 | H46: =SUM(D35:D46) -> 74022000
B47: 2030 | C47: Enero | D47: =+'Producto 1 Plano 26-30'!AE42 -> 6249600 | F47: =+E47*D47 -> 0
B48: 2030 | C48: Febrero | D48: =+'Producto 1 Plano 26-30'!AE43 -> 5644800 | F48: =+E48*D48 -> 0
B49: 2030 | C49: Marzo | D49: =+'Producto 1 Plano 26-30'!AE44 -> 6249600 | F49: =+E49*D49 -> 0
B50: 2030 | C50: Abril | D50: =+'Producto 1 Plano 26-30'!AE45 -> 6048000 | F50: =+E50*D50 -> 0
B51: 2030 | C51: Mayo | D51: =+'Producto 1 Plano 26-30'!AE46 -> 6249600 | F51: =+E51*D51 -> 0
B52: 2030 | C52: Junio | D52: =+'Producto 1 Plano 26-30'!AE47 -> 6048000 | F52: =+E52*D52 -> 0
B53: 2030 | C53: Julio | D53: =+'Producto 1 Plano 26-30'!AE48 -> 6249600 | F53: =+E53*D53 -> 0
B54: 2030 | C54: Agosto | D54: =+'Producto 1 Plano 26-30'!AE49 -> 6249600 | F54: =+E54*D54 -> 0
B55: 2030 | C55: Septiembre | D55: =+'Producto 1 Plano 26-30'!AE50 -> 6048000 | F55: =+E55*D55 -> 0
B56: 2030 | C56: Octubre | D56: =+'Producto 1 Plano 26-30'!AE51 -> 6249600 | F56: =+E56*D56 -> 0
B57: 2030 | C57: Noviembre | D57: =+'Producto 1 Plano 26-30'!AE52 -> 6048000 | F57: =+E57*D57 -> 0
B58: 2030 | C58: Diciembre | D58: =+'Producto 1 Plano 26-30'!AE53 -> 6249600 | F58: =+E58*D58 -> 0 | H58: =SUM(D47:D58) -> 73584000
B59: Total Producto 1 | D59: =+SUM(D11:D58) -> 241456800
B61: E. Solicitada = Energía solicitada por RUITOQUE para el producto.
B62: % E. Ofertado = Porcentaje de energía ofertado por el agente respecto a la E. Solicitada.
B63: E. Ofertada = Energía ofertada por el agente, producto de la E. Solicitada y el % E. Ofertado.
B64: $/kWh = Tarifa de la oferta para todas las horas del mes.

Sheet Producto 2 Curvo 26-30
B2: ANEXO 1 - CANTIDADES DE ENERGÍA SOLICITADA EN kWh
B3: PRODUCTO 2
B4: PERIODO 01 DE ENERO DEL 2027 A DICIEMBRE 31 DE 2027
C5: DIA | D5: 1 | E5: 2 | F5: 3 | G5: 4 | H5: 5 | I5: 6 | J5: 7 | K5: 8 | L5: 9 | M5: 10 | N5: 11 | O5: 12 | P5: 13 | Q5: 14 | R5: 15 | S5: 16 | T5: 17 | U5: 18 | V5: 19 | W5: 20 | X5: 21 | Y5: 22 | Z5: 23 | AA5: 24 | AB5: Total | AC5: No. DÍAS | AD5: Total
B6: 46388 | C6: Hábil | D6: 0 | E6: 0 | F6: 0 | G6: 0 | H6: 0 | I6: 0 | J6: 0 | K6: 647.46011 | L6: 1004.4905 | M6: 1167.5439 | N6: 1461.8984 | O6: 1476.6907 | P6: 1225.309 | Q6: 1597.7785 | R6: 1870.6237 | S6: 1922.1172 | T6: 1664.5898 | U6: 1241.1439 | V6: 985.97171 | W6: 645.24689 | X6: 81.457715 | Y6: 0 | Z6: 0 | AA6: 0 | AB6: =(SUM(D6:AA6)) -> 16992.322 | AC6: 19 | AD6: =(AB6*AC6)+(AB7*AC7)+(AB8*AC8)+(AB9*AC9) -> 326421.35 | AE6: =+AD6 -> 326421.35
C7: Sábado | D7: 0 | E7: 0 | F7: 0 | G7: 0 | H7: 0 | I7: 0 | J7: 0 | K7: 0 | L7: 36.173115 | M7: 133.56901 | N7: 304.88109 | O7: 158.30986 | P7: 0 | Q7: 0 | R7: 0 | S7: 0 | T7: 0 | U7: 34.31919 | V7: 46.19514 | W7: 0 | X7: 0 | Y7: 0 | Z7: 0 | AA7: 0 | AB7: =(SUM(D7:AA7)) -> 713.44741 | AC7: 5 | AE7: =+AD10 -> 434392.41
C8: Domingo | D8: 0 | E8: 0 | F8: 0 | G8: 0 | H8: 0 | I8: 0 | J8: 0 | K8: 0 | L8: 0 | M8: 0 | N8: 0 | O8: 0 | P8: 0 | Q8: 0 | R8: 0 | S8: 0 | T8: 0 | U8: 0 | V8: 0 | W8: 0 | X8: 0 | Y8: 0 | Z8: 0 | AA8: 0 | AB8: =(SUM(D8:AA8)) -> 0 | AC8: 5 | AE8: =+AD14 -> 495573.34
C9: Festivo | D9: 0 | E9: 0 | F9: 0 | G9: 0 | H9: 0 | I9: 0 | J9: 0 | K9: 0 | L9: 0 | M9: 0 | N9: 0 | O9: 0 | P9: 0 | Q9: 0 | R9: 0 | S9: 0 | T9: 0 | U9: 0 | V9: 0 | W9: 0 | X9: 0 | Y9: 0 | Z9: 0 | AA9: 0 | AB9: =(SUM(D9:AA9)) -> 0 | AC9: 2 | AE9: =+AD18 -> 377862.62
B10: 46419 | C10: Hábil | D10: 0 | E10: 0 | F10: 0 | G10: 0 | H10: 0 | I10: 0 | J10: 163.48152 | K10: 1258.6462 | L10: 1628.6697 | M10: 1685.4243 | N10: 1871.5925 | O10: 1763.1138 | P10: 1479.0136 | Q10: 1836.4811 | R10: 2095.0374 | S10: 2098.0518 | T10: 1957.583 | U10: 1453.9364 | V10: 1028.9766 | W10: 747.17491 | X10: 218.0043 | Y10: 0 | Z10: 0 | AA10: 0 | AB10: =(SUM(D10:AA10)) -> 21285.187 | AC10: 20 | AD10: =(AB10*AC10)+(AB11*AC11)+(AB12*AC12)+(AB13*AC13) -> 434392.41 | AE10: =+AD22 -> 827761.93
C11: Sábado | D11: 0 | E11: 0 | F11: 0 | G11: 0 | H11: 0 | I11: 0 | J11: 0 | K11: 81.84669 | L11: 385.80916 | M11: 556.05391 | N11: 676.87396 | O11: 457.46244 | P11: 14.120715 | Q11: 0 | R11: 0 | S11: 0 | T11: 0 | U11: 0 | V11: 0 | W11: 0 | X11: 0 | Y11: 0 | Z11: 0 | AA11: 0 | AB11: =(SUM(D11:AA11)) -> 2172.1669 | AC11: 4 | AE11: =+AD26 -> 708535.19
C12: Domingo | D12: 0 | E12: 0 | F12: 0 | G12: 0 | H12: 0 | I12: 0 | J12: 0 | K12: 0 | L12: 0 | M12: 0 | N12: 0 | O12: 0 | P12: 0 | Q12: 0 | R12: 0 | S12: 0 | T12: 0 | U12: 0 | V12: 0 | W12: 0 | X12: 0 | Y12: 0 | Z12: 0 | AA12: 0 | AB12: =(SUM(D12:AA12)) -> 0 | AC12: 4 | AE12: =+AD30 -> 765698.3
C13: Festivo | D13: 0 | E13: 0 | F13: 0 | G13: 0 | H13: 0 | I13: 0 | J13: 0 | K13: 0 | L13: 0 | M13: 0 | N13: 0 | O13: 0 | P13: 0 | Q13: 0 | R13: 0 | S13: 0 | T13: 0 | U13: 0 | V13: 0 | W13: 0 | X13: 0 | Y13: 0 | Z13: 0 | AA13: 0 | AB13: =(SUM(D13:AA13)) -> 0 | AC13: 0 | AE13: =+AD34 -> 823563.37
B14: 46447 | C14: Hábil | D14: 0 | E14: 0 | F14: 0 | G14: 0 | H14: 0 | I14: 0 | J14: 468.22713 | K14: 1568.4585 | L14: 1974.9928 | M14: 2098.6953 | N14: 2085.3362 | O14: 1918.542 | P14: 1911.3206 | Q14: 2017.4435 | R14: 2208.5232 | S14: 2319.9291 | T14: 2147.4922 | U14: 1019.3168 | V14: 740.0302 | W14: 482.74389 | X14: 285.43867 | Y14: 67.05087 | Z14: 0 | AA14: 0 | AB14: =(SUM(D14:AA14)) -> 23313.541 | AC14: 20 | AD14: =(AB14*AC14)+(AB15*AC15)+(AB16*AC16)+(AB17*AC17) -> 495573.34 | AE14: =+AD38 -> 755928.84
C15: Sábado | D15: 0 | E15: 0 | F15: 0 | G15: 0 | H15: 0 | I15: 0 | J15: 0 | K15: 497.23243 | L15: 764.90215 | M15: 841.65721 | N15: 1060.9909 | O15: 751.09447 | P15: 390.41785 | Q15: 291.08281 | R15: 303.41875 | S15: 357.34303 | T15: 480.57247 | U15: 416.79745 | V15: 187.72699 | W15: 74.901195 | X15: 0 | Y15: 0 | Z15: 0 | AA15: 0 | AB15: =(SUM(D15:AA15)) -> 6418.1378 | AC15: 4 | AE15: =+AD42 -> 563447.77
C16: Domingo | D16: 0 | E16: 0 | F16: 0 | G16: 0 | H16: 0 | I16: 0 | J16: 0 | K16: 0 | L16: 0 | M16: 0 | N16: 0 | O16: 0 | P16: 0 | Q16: 0 | R16: 0 | S16: 0 | T16: 0 | U16: 0 | V16: 0 | W16: 0 | X16: 0 | Y16: 0 | Z16: 0 | AA16: 0 | AB16: =(SUM(D16:AA16)) -> 0 | AC16: 4 | AE16: =+AD46 -> 839712.9
C17: Festivo | D17: 0 | E17: 0 | F17: 0 | G17: 0 | H17: 0 | I17: 0 | J17: 0 | K17: 0 | L17: 0 | M17: 0 | N17: 0 | O17: 0 | P17: 0 | Q17: 0 | R17: 0 | S17: 0 | T17: 0 | U17: 260.74171 | V17: 510.09961 | W17: 359.57971 | X17: 79.567215 | Y17: 0 | Z17: 0 | AA17: 0 | AB17: =(SUM(D17:AA17)) -> 1209.9883 | AC17: 3 | AE17: =+AD50 -> 482777.1
B18: 46478 | C18: Hábil | D18: 0 | E18: 0 | F18: 0 | G18: 0 | H18: 0 | I18: 0 | J18: 0 | K18: 834.53927 | L18: 1320.9293 | M18: 1336.5246 | N18: 1498.9464 | O18: 1515.6848 | P18: 1600.932 | Q18: 1582.3285 | R18: 1735.453 | S18: 1724.9975 | T18: 1633.8562 | U18: 427.6239 | V18: 137.43272 | W18: 2.8604448 | X18: 0 | Y18: 0 | Z18: 0 | AA18: 0 | AB18: =(SUM(D18:AA18)) -> 15352.109 | AC18: 22 | AD18: =(AB18*AC18)+(AB19*AC19)+(AB20*AC20)+(AB21*AC21) -> 377862.62
C19: Sábado | D19: 0 | E19: 0 | F19: 0 | G19: 0 | H19: 0 | I19: 0 | J19: 0 | K19: 376.50497 | L19: 872.51462 | M19: 1049.0338 | N19: 1328.8202 | O19: 1363.1678 | P19: 1181.8524 | Q19: 987.09551 | R19: 858.53094 | S19: 814.5831 | T19: 724.8176 | U19: 291.20757 | V19: 150.29787 | W19: 30.629636 | X19: 0 | Y19: 0 | Z19: 0 | AA19: 0 | AB19: =(SUM(D19:AA19)) -> 10029.056 | AC19: 4
C20: Domingo | D20: 0 | E20: 0 | F20: 0 | G20: 0 | H20: 0 | I20: 0 | J20: 0 | K20: 0 | L20: 0 | M20: 0 | N20: 0 | O20: 0 | P20: 0 | Q20: 0 | R20: 0 | S20: 0 | T20: 0 | U20: 0 | V20: 0 | W20: 0 | X20: 0 | Y20: 0 | Z20: 0 | AA20: 0 | AB20: =(SUM(D20:AA20)) -> 0 | AC20: 4
C21: Festivo | D21: 0 | E21: 0 | F21: 0 | G21: 0 | H21: 0 | I21: 0 | J21: 0 | K21: 0 | L21: 0 | M21: 0 | N21: 0 | O21: 0 | P21: 0 | Q21: 0 | R21: 0 | S21: 0 | T21: 0 | U21: 64.118414 | V21: 254.88631 | W21: 154.39939 | X21: 0 | Y21: 0 | Z21: 0 | AA21: 0 | AB21: =(SUM(D21:AA21)) -> 473.40411 | AC21: 0
B22: 46508 | C22: Hábil | D22: 0 | E22: 0 | F22: 0 | G22: 0 | H22: 0 | I22: 0 | J22: 135.45399 | K22: 1249.2613 | L22: 1853.9755 | M22: 1878.2595 | N22: 2066.4484 | O22: 2091.8149 | P22: 2161.7065 | Q22: 2153.5087 | R22: 2323.158 | S22: 2308.728 | T22: 2207.7908 | U22: 960.88412 | V22: 654.38626 | W22: 500.64754 | X22: 361.55823 | Y22: 193.32588 | Z22: 0 | AA22: 0 | AB22: =(SUM(D22:AA22)) -> 23100.908 | AC22: 19 | AD22: =(AB22*AC22)+(AB23*AC23)+(AB24*AC24)+(AB25*AC25) -> 827761.93
C23: Sábado | D23: 0 | E23: 0 | F23: 0 | G23: 0 | H23: 0 | I23: 0 | J23: 0 | K23: 0 | L23: 258.44566 | M23: 416.97879 | N23: 668.25683 | O23: 699.10469 | P23: 536.26403 | Q23: 361.35155 | R23: 245.88683 | S23: 206.41697 | T23: 125.79795 | U23: 0 | V23: 0 | W23: 0 | X23: 0 | Y23: 0 | Z23: 0 | AA23: 0 | AB23: =(SUM(D23:AA23)) -> 3518.5033 | AC23: 4
C24: Domingo | D24: 0 | E24: 0 | F24: 0 | G24: 0 | H24: 0 | I24: 0 | J24: 0 | K24: 0 | L24: 0 | M24: 89.519762 | N24: 132.27316 | O24: 202.19707 | P24: 643.18186 | Q24: 480.21968 | R24: 381.26797 | S24: 475.25184 | T24: 568.70016 | U24: 0 | V24: 97.091691 | W24: 299.84227 | X24: 411.29459 | Y24: 227.35111 | Z24: 0 | AA24: 0 | AB24: =(SUM(D24:AA24)) -> 4008.1912 | AC24: 5
C25: Festivo | D25: 3491.2212 | E25: 3158.4393 | F25: 3016.6287 | G25: 2952.2883 | H25: 2707.8751 | I25: 2794.3571 | J25: 3251.3058 | K25: 4032.5691 | L25: 4647.8032 | M25: 4984.0927 | N25: 5693.8972 | O25: 5956.4775 | P25: 6205.4072 | Q25: 6225.5381 | R25: 6308.0567 | S25: 6368.6722 | T25: 6369.2109 | U25: 6551.3375 | V25: 6979.6624 | W25: 6754.0425 | X25: 6249.5576 | Y25: 5078.9896 | Z25: 4425.2413 | AA25: 4040.5689 | AB25: =(SUM(D25:AA25)) -> 118243.24 | AC25: 3
B26: 46539 | C26: Hábil | D26: 0 | E26: 0 | F26: 0 | G26: 0 | H26: 0 | I26: 0 | J26: 525.22544 | K26: 1729.3322 | L26: 2354.0062 | M26: 2388.4956 | N26: 2609.9161 | O26: 2645.2758 | P26: 2695.5542 | Q26: 2701.5379 | R26: 2890.9734 | S26: 2872.3214 | T26: 2758.5289 | U26: 1460.6103 | V26: 1135.1667 | W26: 957.65887 | X26: 775.78567 | Y26: 562.93082 | Z26: 200.87345 | AA26: 0 | AB26: =(SUM(D26:AA26)) -> 31264.193 | AC26: 21 | AD26: =(AB26*AC26)+(AB27*AC27)+(AB28*AC28)+(AB29*AC29) -> 708535.19
C27: Sábado | D27: 0 | E27: 0 | F27: 0 | G27: 0 | H27: 0 | I27: 0 | J27: 0 | K27: 561.24793 | L27: 1076.8328 | M27: 1260.3184 | N27: 1551.1466 | O27: 1586.8498 | P27: 1398.3787 | Q27: 1195.9357 | R27: 1062.2972 | S27: 1016.615 | T27: 923.30685 | U27: 534.41749 | V27: 395.76748 | W27: 266.96742 | X27: 166.70442 | Y27: 0 | Z27: 0 | AA27: 0 | AB27: =(SUM(D27:AA27)) -> 12996.786 | AC27: 4
C28: Domingo | D28: 0 | E28: 0 | F28: 0 | G28: 0 | H28: 0 | I28: 0 | J28: 0 | K28: 0 | L28: 0 | M28: 0 | N28: 0 | O28: 0 | P28: 0 | Q28: 0 | R28: 0 | S28: 0 | T28: 0 | U28: 0 | V28: 0 | W28: 0 | X28: 0 | Y28: 0 | Z28: 0 | AA28: 0 | AB28: =(SUM(D28:AA28)) -> 0 | AC28: 4
C29: Festivo | D29: 0 | E29: 0 | F29: 0 | G29: 0 | H29: 0 | I29: 0 | J29: 0 | K29: 0 | L29: 0 | M29: 0 | N29: 0 | O29: 0 | P29: 0 | Q29: 0 | R29: 0 | S29: 0 | T29: 0 | U29: 0 | V29: 0 | W29: 0 | X29: 0 | Y29: 0 | Z29: 0 | AA29: 0 | AB29: =(SUM(D29:AA29)) -> 0 | AC29: 1
B30: 46569 | C30: Hábil | D30: 0 | E30: 0 | F30: 0 | G30: 0 | H30: 0 | I30: 0 | J30: 0 | K30: 643.61128 | L30: 1195.8928 | M30: 1208.4476 | N30: 1361.083 | O30: 1375.5716 | P30: 1466.1924 | Q30: 1443.748 | R30: 1591.2893 | S30: 1581.4551 | T30: 1494.5113 | U30: 302.51257 | V30: 17.25826 | W30: 0 | X30: 0 | Y30: 0 | Z30: 0 | AA30: 0 | AB30: =(SUM(D30:AA30)) -> 13681.573 | AC30: 20 | AD30: =(AB30*AC30)+(AB31*AC31)+(AB32*AC32)+(AB33*AC33) -> 765698.3
C31: Sábado | D31: 0 | E31: 0 | F31: 0 | G31: 0 | H31: 0 | I31: 0 | J31: 137.79798 | K31: 1006.5646 | L31: 1563.1677 | M31: 1761.2509 | N31: 2075.2164 | O31: 2113.7601 | P31: 1910.2948 | Q31: 1691.746 | R31: 1547.4758 | S31: 1498.1592 | T31: 1397.4277 | U31: 1041.4658 | V31: 908.74518 | W31: 761.38011 | X31: 631.46447 | Y31: 185.37592 | Z31: 0 | AA31: 0 | AB31: =(SUM(D31:AA31)) -> 20231.293 | AC31: 5
C32: domingo | D32: 1147.6426 | E32: 850.11873 | F32: 687.78353 | G32: 574.36736 | H32: 488.0878 | I32: 452.08313 | J32: 761.49179 | K32: 1212.1028 | L32: 1572.9489 | M32: 1789.0836 | N32: 1944.3245 | O32: 2060.0901 | P32: 2547.4808 | Q32: 2391.7457 | R32: 2283.955 | S32: 2393.6603 | T32: 2500.5654 | U32: 1892.2557 | V32: 2110.1871 | W32: 2307.7599 | X32: 2339.0779 | Y32: 1974.8035 | Z32: 1599.4878 | AA32: 1329.7132 | AB32: =(SUM(D32:AA32)) -> 39210.817 | AC32: 4
C33: Festivo | D33: 3441.4226 | E33: 3108.7806 | F33: 2967.0295 | G33: 2902.7162 | H33: 2658.4057 | I33: 2744.8513 | J33: 3201.608 | K33: 3982.5382 | L33: 4597.5138 | M33: 4933.662 | N33: 5643.1682 | O33: 5905.6382 | P33: 6154.4633 | Q33: 6174.5858 | R33: 6257.0697 | S33: 6317.6597 | T33: 6318.1982 | U33: 6500.2532 | V33: 6928.3981 | W33: 6702.873 | X33: 6198.6 | Y33: 5028.5238 | Z33: 4375.0502 | AA33: 3990.5395 | AB33: =(SUM(D33:AA33)) -> 117033.55 | AC33: 2
B34: 46600 | C34: Hábil | D34: 0 | E34: 0 | F34: 0 | G34: 0 | H34: 0 | I34: 0 | J34: 754.86923 | K34: 2014.5442 | L34: 2736.9131 | M34: 2811.6633 | N34: 3052.6131 | O34: 3094.1224 | P34: 3133.2521 | Q34: 3147.6119 | R34: 3348.6534 | S34: 3327.4033 | T34: 3205.7 | U34: 1877.3105 | V34: 1539.2874 | W34: 1347.7226 | X34: 1139.872 | Y34: 898.63667 | Z34: 415.69171 | AA34: 110.93594 | AB34: =(SUM(D34:AA34)) -> 37956.803 | AC34: 21 | AD34: =(AB34*AC34)+(AB35*AC35)+(AB36*AC36)+(AB37*AC37) -> 823563.37
C35: Sábado | D35: 0 | E35: 0 | F35: 0 | G35: 0 | H35: 0 | I35: 0 | J35: 0 | K35: 0 | L35: 312.75601 | M35: 474.7816 | N35: 731.59525 | O35: 763.12269 | P35: 596.69468 | Q35: 417.9289 | R35: 299.92051 | S35: 259.58114 | T35: 177.18609 | U35: 0 | V35: 0 | W35: 0 | X35: 0 | Y35: 0 | Z35: 0 | AA35: 0 | AB35: =(SUM(D35:AA35)) -> 4033.5669 | AC35: 3
C36: Domingo | D36: 0 | E36: 0 | F36: 0 | G36: 0 | H36: 0 | I36: 0 | J36: 0 | K36: 0 | L36: 0 | M36: 0 | N36: 0 | O36: 0 | P36: 0 | Q36: 0 | R36: 0 | S36: 0 | T36: 0 | U36: 0 | V36: 0 | W36: 0 | X36: 0 | Y36: 0 | Z36: 0 | AA36: 0 | AB36: =(SUM(D36:AA36)) -> 0 | AC36: 5
C37: Festivo | D37: 0 | E37: 0 | F37: 0 | G37: 0 | H37: 0 | I37: 0 | J37: 0 | K37: 0 | L37: 0 | M37: 0 | N37: 323.23564 | O37: 457.41809 | P37: 584.62488 | Q37: 594.9121 | R37: 637.08032 | S37: 668.05574 | T37: 668.33102 | U37: 767.07801 | V37: 985.95843 | W37: 870.66325 | X37: 612.86395 | Y37: 14.686222 | Z37: 0 | AA37: 0 | AB37: =(SUM(D37:AA37)) -> 7184.9076 | AC37: 2
B38: 46631 | C38: Hábil | D38: 0 | E38: 0 | F38: 0 | G38: 0 | H38: 0 | I38: 0 | J38: 0 | K38: 750.60848 | L38: 1350.2408 | M38: 1431.1358 | N38: 1593.9567 | O38: 1611.5616 | P38: 1696.2438 | Q38: 1678.0441 | R38: 1831.7556 | S38: 1820.6049 | T38: 1729.6522 | U38: 521.92332 | V38: 230.58311 | W38: 95.875632 | X38: 0 | Y38: 0 | Z38: 0 | AA38: 0 | AB38: =(SUM(D38:AA38)) -> 16342.186 | AC38: 22 | AD38: =(AB38*AC38)+(AB39*AC39)+(AB40*AC40)+(AB41*AC41) -> 755928.84
C39: Sábado | D39: 1672.1537 | E39: 1409.62 | F39: 1235.9471 | G39: 1185.8152 | H39: 1125.6971 | I39: 1267.3779 | J39: 2220.032 | K39: 3441.6063 | L39: 4221.266 | M39: 4498.7302 | N39: 4938.5162 | O39: 4992.5061 | P39: 4707.5028 | Q39: 4401.3716 | R39: 4199.2856 | S39: 4130.2055 | T39: 3989.1064 | U39: 3719.4547 | V39: 3618.9778 | W39: 3367.557 | X39: 3076.3909 | Y39: 2286.6766 | Z39: 1806.1816 | AA39: 1467.6338 | AB39: =(SUM(D39:AA39)) -> 72979.612 | AC39: 4
C40: Domingo | D40: 610.59158 | E40: 335.77458 | F40: 185.82874 | G40: 81.068454 | H40: 1.3737213 | I40: 0 | J40: 253.91161 | K40: 669.246 | L40: 1002.5525 | M40: 1202.1918 | N40: 1420.4247 | O40: 1522.3524 | P40: 1946.9342 | Q40: 1837.4401 | R40: 1732.3511 | S40: 1837.251 | T40: 1940.0429 | U40: 1327.5821 | V40: 1524.8354 | W40: 1723.9909 | X40: 1779.803 | Y40: 1378.3093 | Z40: 1027.9521 | AA40: 778.76658 | AB40: =(SUM(D40:AA40)) -> 26120.575 | AC40: 4
C41: Festivo | D41: 0 | E41: 0 | F41: 0 | G41: 0 | H41: 0 | I41: 0 | J41: 0 | K41: 0 | L41: 0 | M41: 0 | N41: 0 | O41: 0 | P41: 0 | Q41: 0 | R41: 0 | S41: 0 | T41: 0 | U41: 0 | V41: 0 | W41: 0 | X41: 0 | Y41: 0 | Z41: 0 | AA41: 0 | AB41: =(SUM(D41:AA41)) -> 0 | AC41: 0
B42: 46661 | C42: Hábil | D42: 0 | E42: 0 | F42: 0 | G42: 0 | H42: 0 | I42: 0 | J42: 0 | K42: 795.27378 | L42: 1400.4188 | M42: 1481.3316 | N42: 1647.6616 | O42: 1666.3402 | P42: 1748.9764 | Q42: 1732.2391 | R42: 1888.0765 | S42: 1877.0421 | T42: 1784.1383 | U42: 570.98986 | V42: 277.55289 | W42: 140.29165 | X42: 28.883981 | Y42: 0 | Z42: 0 | AA42: 0 | AB42: =(SUM(D42:AA42)) -> 17039.217 | AC42: 20 | AD42: =(AB42*AC42)+(AB43*AC43)+(AB44*AC44)+(AB45*AC45) -> 563447.77
C43: Sábado | D43: 0 | E43: 0 | F43: 0 | G43: 0 | H43: 0 | I43: 0 | J43: 30.15768 | K43: 891.68805 | L43: 1443.7162 | M43: 1640.1712 | N43: 1951.5562 | O43: 1989.783 | P43: 1787.9901 | Q43: 1571.2377 | R43: 1428.1533 | S43: 1379.242 | T43: 1279.3385 | U43: 1018.7721 | V43: 885.96015 | W43: 740.15931 | X43: 613.55097 | Y43: 77.344554 | Z43: 0 | AA43: 0 | AB43: =(SUM(D43:AA43)) -> 18728.821 | AC43: 5
C44: Domingo | D44: 0 | E44: 0 | F44: 0 | G44: 0 | H44: 0 | I44: 0 | J44: 0 | K44: 0 | L44: 0 | M44: 0 | N44: 72.737134 | O44: 142.05614 | P44: 533.94181 | Q44: 418.67207 | R44: 319.37975 | S44: 412.95562 | T44: 506.62471 | U44: 0 | V44: 32.338143 | W44: 235.2231 | X44: 348.75508 | Y44: 78.291563 | Z44: 0 | AA44: 0 | AB44: =(SUM(D44:AA44)) -> 3100.9751 | AC44: 5
C45: Festivo | D45: 3306.6283 | E45: 2976.7204 | F45: 2836.1345 | G45: 2772.3497 | H45: 2530.0474 | I45: 2615.7825 | J45: 3068.7849 | K45: 3843.2008 | L45: 4453.1216 | M45: 4786.5068 | N45: 5490.1813 | O45: 5750.494 | P45: 5997.2739 | Q45: 6017.231 | R45: 6099.0369 | S45: 6159.1289 | T45: 6159.6629 | U45: 6340.317 | V45: 6764.9428 | W45: 6541.2713 | X45: 6041.1432 | Y45: 4880.6844 | Z45: 4232.582 | AA45: 3851.2317 | AB45: =(SUM(D45:AA45)) -> 113514.46 | AC45: 1
B46: 46692 | C46: Hábil | D46: 0 | E46: 0 | F46: 0 | G46: 0 | H46: 0 | I46: 0 | J46: 874.52298 | K46: 2174.2153 | L46: 2919.323 | M46: 2998.2784 | N46: 3254.2727 | O46: 3300.2106 | P46: 3330.331 | Q46: 3350.7229 | R46: 3561.103 | S46: 3537.9818 | T46: 3410.5815 | U46: 2059.268 | V46: 1713.1662 | W46: 1510.4978 | X46: 1283.9395 | Y46: 1023.2465 | Z46: 524.66886 | AA46: 210.32001 | AB46: =(SUM(D46:AA46)) -> 41036.65 | AC46: 20 | AD46: =(AB46*AC46)+(AB47*AC47)+(AB48*AC48)+(AB49*AC49) -> 839712.9
C47: Sábado | D47: 0 | E47: 0 | F47: 0 | G47: 0 | H47: 0 | I47: 0 | J47: 0 | K47: 0 | L47: 118.41421 | M47: 276.74392 | N47: 527.69956 | O47: 558.50785 | P47: 395.87612 | Q47: 221.18806 | R47: 105.87149 | S47: 66.45227 | T47: 0 | U47: 0 | V47: 0 | W47: 0 | X47: 0 | Y47: 0 | Z47: 0 | AA47: 0 | AB47: =(SUM(D47:AA47)) -> 2270.7535 | AC47: 4
C48: Domingo | D48: 0 | E48: 0 | F48: 0 | G48: 0 | H48: 0 | I48: 0 | J48: 0 | K48: 0 | L48: 0 | M48: 0 | N48: 0 | O48: 0 | P48: 0 | Q48: 0 | R48: 0 | S48: 0 | T48: 0 | U48: 0 | V48: 0 | W48: 0 | X48: 0 | Y48: 0 | Z48: 0 | AA48: 0 | AB48: =(SUM(D48:AA48)) -> 0 | AC48: 4
C49: Festivo | D49: 0 | E49: 0 | F49: 0 | G49: 0 | H49: 0 | I49: 0 | J49: 0 | K49: 0 | L49: 0 | M49: 0 | N49: 128.65478 | O49: 259.77648 | P49: 384.08164 | Q49: 394.13421 | R49: 435.34055 | S49: 465.60941 | T49: 465.8784 | U49: 562.63779 | V49: 776.52546 | W49: 663.86021 | X49: 411.94141 | Y49: 0 | Z49: 0 | AA49: 0 | AB49: =(SUM(D49:AA49)) -> 4948.4403 | AC49: 2
B50: 46722 | C50: Hábil | D50: 0 | E50: 0 | F50: 0 | G50: 0 | H50: 0 | I50: 0 | J50: 0 | K50: 890.32693 | L50: 1509.3995 | M50: 1639.4071 | N50: 1816.3128 | O50: 1837.1339 | P50: 1914.6011 | Q50: 1901.5585 | R50: 2062.7666 | S50: 2050.5862 | T50: 1954.193 | U50: 727.35259 | V50: 428.61828 | W50: 284.90516 | X50: 162.03896 | Y50: 0 | Z50: 0 | AA50: 0 | AB50: =(SUM(D50:AA50)) -> 19179.201 | AC50: 22 | AD50: =(AB50*AC50)+(AB51*AC51)+(AB52*AC52)+(AB53*AC53) -> 482777.1
C51: Sábado | D51: 0 | E51: 0 | F51: 0 | G51: 0 | H51: 0 | I51: 0 | J51: 0 | K51: 702.5998 | L51: 1241.6633 | M51: 1433.5045 | N51: 1737.5764 | O51: 1774.9055 | P51: 1577.8517 | Q51: 1366.1899 | R51: 1226.4659 | S51: 1178.7033 | T51: 1081.1461 | U51: 868.4721 | V51: 733.78603 | W51: 594.03319 | X51: 476.79716 | Y51: 0 | Z51: 0 | AA51: 0 | AB51: =(SUM(D51:AA51)) -> 15993.695 | AC51: 3
C52: Domingo | D52: 0 | E52: 0 | F52: 0 | G52: 0 | H52: 0 | I52: 0 | J52: 0 | K52: 0 | L52: 0 | M52: 0 | N52: 0 | O52: 11.966436 | P52: 353.25542 | Q52: 284.79003 | R52: 186.11613 | S52: 279.16203 | T52: 371.31961 | U52: 0 | V52: 0 | W52: 94.596958 | X52: 213.73558 | Y52: 0 | Z52: 0 | AA52: 0 | AB52: =(SUM(D52:AA52)) -> 1794.9422 | AC52: 4
C53: Festivo | D53: 0 | E53: 0 | F53: 0 | G53: 0 | H53: 0 | I53: 0 | J53: 0 | K53: 0 | L53: 0 | M53: 0 | N53: 0 | O53: 68.162951 | P53: 188.65503 | Q53: 198.39923 | R53: 238.34157 | S53: 267.68192 | T53: 267.94267 | U53: 362.09011 | V53: 569.41676 | W53: 460.20752 | X53: 216.01637 | Y53: 0 | Z53: 0 | AA53: 0 | AB53: =(SUM(D53:AA53)) -> 2836.9141 | AC53: 2
D54: =+SUMPRODUCT(D6:D53,$AC$6:$AC$53) -> 34384.689 | E54: =+SUMPRODUCT(E6:E53,$AC$6:$AC$53) -> 29051.653 | F54: =+SUMPRODUCT(F6:F53,$AC$6:$AC$53) -> 26258.317 | G54: =+SUMPRODUCT(G6:G53,$AC$6:$AC$53) -> 24799.651 | H54: =+SUMPRODUCT(H6:H53,$AC$6:$AC$53) -> 22431.119 | I54: =+SUMPRODUCT(I6:I53,$AC$6:$AC$53) -> 23366.401 | J54: =+SUMPRODUCT(J6:J53,$AC$6:$AC$53) -> 92587.685 | K54: =+SUMPRODUCT(K6:K53,$AC$6:$AC$53) -> 360787.85 | ... AA54: =+SUMPRODUCT(AA6:AA53,$AC$6:$AC$53) -> 44794.527 | AD54: =SUM(AD6:AD53) -> 7401675.1

Sheet Anexo 2 Producto 2
B4: ANEXO 2 - OFERTA PRODUCTO 2
B5: NOMBRE DEL OFERENTE
B6: PRECIOS Y CANTIDADES DE ENERGIA OFERTADA
B7: EN PESOS DE ABRIL 2025
B8: PRODUCTO 2
B9: AÑO | C9: MES | D9: PERIODO 2027
D10: E. Solicitada [kWh] | E10: % E. Ofertado | F10: E. Ofertada [kWh] | G10: $/kWh
B11: 2027 | C11: Enero | D11: =+'Producto 2 Curvo 26-30'!AE6 -> 326421.35 | F11: =+E11*D11 -> 0
B12: 2027 | C12: Febrero | D12: =+'Producto 2 Curvo 26-30'!AE7 -> 434392.41 | F12: =+E12*D12 -> 0
B13: 2027 | C13: Marzo | D13: =+'Producto 2 Curvo 26-30'!AE8 -> 495573.34 | F13: =+E13*D13 -> 0
B14: 2027 | C14: Abril | D14: =+'Producto 2 Curvo 26-30'!AE9 -> 377862.62 | F14: =+E14*D14 -> 0
B15: 2027 | C15: Mayo | D15: =+'Producto 2 Curvo 26-30'!AE10 -> 827761.93 | F15: =+E15*D15 -> 0
B16: 2027 | C16: Junio | D16: =+'Producto 2 Curvo 26-30'!AE11 -> 708535.19 | F16: =+E16*D16 -> 0
B17: 2027 | C17: Julio | D17: =+'Producto 2 Curvo 26-30'!AE12 -> 765698.3 | F17: =+E17*D17 -> 0
B18: 2027 | C18: Agosto | D18: =+'Producto 2 Curvo 26-30'!AE13 -> 823563.37 | F18: =+E18*D18 -> 0
B19: 2027 | C19: Septiembre | D19: =+'Producto 2 Curvo 26-30'!AE14 -> 755928.84 | F19: =+E19*D19 -> 0
B20: 2027 | C20: Octubre | D20: =+'Producto 2 Curvo 26-30'!AE15 -> 563447.77 | F20: =+E20*D20 -> 0
B21: 2027 | C21: Noviembre | D21: =+'Producto 2 Curvo 26-30'!AE16 -> 839712.9 | F21: =+E21*D21 -> 0
B22: 2027 | C22: Diciembre | D22: =+'Producto 2 Curvo 26-30'!AE17 -> 482777.1 | F22: =+E22*D22 -> 0 | H22: =SUM(D11:D22) -> 7401675.1
B23: Total Producto 2 | D23: =+SUM(D11:D22) -> 7401675.1
B25: E. Solicitada = Energía solicitada por RUITOQUE para el producto.
B26: % E. Ofertado = Porcentaje de energía ofertado por el agente respecto a la E. Solicitada.
B27: E. Ofertada = Energía ofertada por el agente, producto de la E. Solicitada y el % E. Ofertado.
B28: $/kWh = Tarifa de la oferta para todas las horas del mes.
