Workbook

Sheet OF P1
C1: * La energia a ofertar debe ser expresada únicamente en kilovatio (kWh) redondeado a cero decimales
C4: OFERTA PRODUCTO 1
C5: MES | D5: ENERGIA SOLICITADA (KWh) | E5: % | F5: ENERGIA OFERTADA (KWh) | G5: PRECIO $/kWh
C6: 46388 | D6: =+VLOOKUP(C6,'CURVA P1'!$A$4:$AD$55,30,FALSE) -> 25304277 | E6: % | G6: $/kWh
C7: 46419 | D7: =+VLOOKUP(C7,'CURVA P1'!$A$4:$AD$55,30,FALSE) -> 28029704
C8: 46447 | D8: =+VLOOKUP(C8,'CURVA P1'!$A$4:$AD$55,30,FALSE) -> 25291862
C9: 46478 | D9: =+VLOOKUP(C9,'CURVA P1'!$A$4:$AD$55,30,FALSE) -> 27525548
C10: 46508 | D10: =+VLOOKUP(C10,'CURVA P1'!$A$4:$AD$55,30,FALSE) -> 13154393
C11: 46539 | D11: =+VLOOKUP(C11,'CURVA P1'!$A$4:$AD$55,30,FALSE) -> 17074122
C12: 46569 | D12: =+VLOOKUP(C12,'CURVA P1'!$A$4:$AD$55,30,FALSE) -> 17311574
C13: 46600 | D13: =+VLOOKUP(C13,'CURVA P1'!$A$4:$AD$55,30,FALSE) -> 15080035
C14: 46631 | D14: =+VLOOKUP(C14,'CURVA P1'!$A$4:$AD$55,30,FALSE) -> 18243088
C15: 46661 | D15: =+VLOOKUP(C15,'CURVA P1'!$A$4:$AD$55,30,FALSE) -> 15262944
C16: 46692 | D16: =+VLOOKUP(C16,'CURVA P1'!$A$4:$AD$55,30,FALSE) -> 16004038
C17: 46722 | D17: =+VLOOKUP(C17,'CURVA P1'!$A$4:$AD$55,30,FALSE) -> 27710319
D18: =SUM(D6:D17) -> 245991904

Sheet CURVA P1
A1: Curva de distribucion en kwh
A2: * La energia a ofertar debe ser expresada únicamente en kilovatio (kWh) redondeado a cero decimales
A4: TOTAL | C4: =+AD55 -> 245991904
A5: MES | B5: DÍA | C5: HORA 01 | D5: HORA 02 | E5: HORA 03 | F5: HORA 04 | G5: HORA 05 | H5: HORA 06 | I5: HORA 07 | J5: HORA 08 | K5: HORA 09 | L5: HORA 10 | M5: HORA 11 | N5: HORA 12 | O5: HORA 13 | P5: HORA 14 | Q5: HORA 15 | R5: HORA 16 | S5: HORA 17 | T5: HORA 18 | U5: HORA 19 | V5: HORA 20 | W5: HORA 21 | X5: HORA 22 | Y5: HORA 23 | Z5: HORA 24 | AA5: TOTAL DÍA | AB5: NUMERO DÍAS | AC5: TOTAL DÍA MES | AD5: TOTAL MES
A7: 46388 | B7: Hábil | C7: 37248 | D7: 35118 | E7: 32896 | F7: 31262 | G7: 30750 | H7: 31722 | I7: 32412 | J7: 28281 | K7: 30447 | L7: 31240 | M7: 32281 | N7: 32734 | O7: 29379 | P7: 36827 | Q7: 46494 | R7: 50740 | S7: 51409 | T7: 41632 | U7: 43396 | V7: 42080 | W7: 40696 | X7: 39109 | Y7: 36089 | Z7: 32035 | AA7: =SUM(C7:Z7) -> 876277 | AB7: 19 | AC7: =+AA7*AB7 -> 16649263 | AD7: =+SUM(AC7:AC10) -> 25304277
B8: Sábado | C8: 38710 | D8: 36183 | E8: 33656 | F8: 31822 | G8: 31041 | H8: 31349 | I8: 31480 | J8: 27052 | K8: 29594 | L8: 30506 | M8: 31160 | N8: 31056 | O8: 28964 | P8: 32947 | Q8: 39165 | R8: 42672 | S8: 43251 | T8: 37051 | U8: 40950 | V8: 40111 | W8: 38305 | X8: 36574 | Y8: 34391 | Z8: 31362 | AA8: =SUM(C8:Z8) -> 829352 | AB8: 5 | AC8: =+AA8*AB8 -> 4146760
B9: Domingo | C9: 37871 | D9: 35577 | E9: 33182 | F9: 31304 | G9: 30221 | H9: 29677 | I9: 28762 | J9: 20692 | K9: 19523 | L9: 18827 | M9: 17990 | N9: 17819 | O9: 18647 | P9: 22195 | Q9: 27165 | R9: 31111 | S9: 32943 | T9: 29254 | U9: 34005 | V9: 35178 | W9: 34996 | X9: 34318 | Y9: 32027 | Z9: 28444 | AA9: =SUM(C9:Z9) -> 681728 | AB9: 5 | AC9: =+AA9*AB9 -> 3408640
B10: Festivo | C10: 29468 | D10: 27973 | E10: 26944 | F10: 25745 | G10: 25165 | H10: 24639 | I10: 23131 | J10: 14721 | K10: 13287 | L10: 12548 | M10: 12382 | N10: 12189 | O10: 12871 | P10: 16743 | Q10: 21618 | R10: 25356 | S10: 26770 | T10: 25073 | U10: 30174 | V10: 30945 | W10: 30495 | X10: 29502 | Y10: 27422 | Z10: 24646 | AA10: =SUM(C10:Z10) -> 549807 | AB10: 2 | AC10: =+AA10*AB10 -> 1099614
A11: 46419 | B11: Hábil | C11: 43294 | D11: 40025 | E11: 37696 | F11: 36185 | G11: 36222 | H11: 39336 | I11: 41181 | J11: 37842 | K11: 40129 | L11: 40909 | M11: 42188 | N11: 41164 | O11: 35366 | P11: 45184 | Q11: 56077 | R11: 60514 | S11: 60806 | T11: 47984 | U11: 48803 | V11: 48340 | W11: 47291 | X11: 44982 | Y11: 40273 | Z11: 35135 | AA11: =SUM(C11:Z11) -> 1046926 | AB11: 20 | AC11: =+AA11*AB11 -> 20938520 | AD11: =+SUM(AC11:AC14) -> 28029704
B12: Sábado | C12: 41350 | D12: 38223 | E12: 35957 | F12: 34485 | G12: 33891 | H12: 34857 | I12: 36427 | J12: 33741 | K12: 36867 | L12: 38016 | M12: 38658 | N12: 38247 | O12: 35231 | P12: 38717 | Q12: 44762 | R12: 48320 | S12: 48632 | T12: 40250 | U12: 44069 | V12: 44367 | W12: 42510 | X12: 40505 | Y12: 37888 | Z12: 34485 | AA12: =SUM(C12:Z12) -> 940455 | AB12: 4 | AC12: =+AA12*AB12 -> 3761820
B13: Domingo | C13: 42881 | D13: 39574 | E13: 37218 | F13: 35283 | G13: 34290 | H13: 34020 | I13: 33687 | J13: 26521 | K13: 25675 | L13: 25515 | M13: 24991 | N13: 25163 | O13: 25840 | P13: 29171 | Q13: 34548 | R13: 39001 | S13: 41019 | T13: 35491 | U13: 40305 | V13: 42684 | W13: 42946 | X13: 42429 | Y13: 39312 | Z13: 34777 | AA13: =SUM(C13:Z13) -> 832341 | AB13: 4 | AC13: =+AA13*AB13 -> 3329364
B14: Festivo | C14: 0 | D14: 0 | E14: 0 | F14: 0 | G14: 0 | H14: 0 | I14: 0 | J14: 0 | K14: 0 | L14: 0 | M14: 0 | N14: 0 | O14: 0 | P14: 0 | Q14: 0 | R14: 0 | S14: 0 | T14: 0 | U14: 0 | V14: 0 | W14: 0 | X14: 0 | Y14: 0 | Z14: 0 | AA14: =SUM(C14:Z14) -> 0 | AB14: 0 | AC14: =+AA14*AB14 -> 0
A15: 46447 | B15: Hábil | C15: 37729 | D15: 34621 | E15: 32460 | F15: 30894 | G15: 30741 | H15: 32816 | I15: 33190 | J15: 29179 | K15: 30792 | L15: 31010 | M15: 31754 | N15: 31065 | O15: 26560 | P15: 35769 | Q15: 46061 | R15: 50253 | S15: 50950 | T15: 40177 | U15: 41222 | V15: 41105 | W15: 40703 | X15: 39329 | Y15: 35616 | Z15: 31174 | AA15: =SUM(C15:Z15) -> 865170 | AB15: 20 | AC15: =+AA15*AB15 -> 17303400 | AD15: =+SUM(AC15:AC18) -> 25291862
B16: Sábado | C16: 39316 | D16: 36116 | E16: 33761 | F16: 31847 | G16: 30935 | H16: 31051 | I16: 31522 | J16: 28107 | K16: 30316 | L16: 30890 | M16: 31428 | N16: 30676 | O16: 27774 | P16: 31654 | Q16: 37994 | R16: 41646 | S16: 42410 | T16: 35865 | U16: 39228 | V16: 39337 | W16: 38231 | X16: 37177 | Y16: 35563 | Z16: 32763 | AA16: =SUM(C16:Z16) -> 825607 | AB16: 4 | AC16: =+AA16*AB16 -> 3302428
B17: Domingo | C17: 39988 | D17: 36807 | E17: 34552 | F17: 32720 | G17: 31567 | H17: 30776 | I17: 29575 | J17: 21638 | K17: 20065 | L17: 18749 | M17: 17380 | N17: 17238 | O17: 18278 | P17: 22057 | Q17: 27518 | R17: 31786 | S17: 33826 | T17: 29626 | U17: 33937 | V17: 36445 | W17: 37159 | X17: 37096 | Y17: 34079 | Z17: 30171 | AA17: =SUM(C17:Z17) -> 703033 | AB17: 4 | AC17: =+AA17*AB17 -> 2812132
B18: Festivo | C18: 31268 | D18: 28072 | E18: 26059 | F18: 24682 | G18: 24119 | H18: 23847 | I18: 23876 | J18: 18128 | K18: 18088 | L18: 18261 | M18: 18869 | N18: 19308 | O18: 18659 | P18: 23077 | Q18: 27871 | R18: 30854 | S18: 31939 | T18: 27241 | U18: 32230 | V18: 34672 | W18: 34854 | X18: 33693 | Y18: 29639 | Z18: 25328 | AA18: =SUM(C18:Z18) -> 624634 | AB18: 3 | AC18: =+AA18*AB18 -> 1873902
A19: 46478 | B19: Hábil | C19: 39930 | D19: 36681 | E19: 34461 | F19: 32893 | G19: 32807 | H19: 34006 | I19: 35074 | J19: 32283 | K19: 35085 | L19: 35862 | M19: 37322 | N19: 37078 | O19: 31824 | P19: 41151 | Q19: 52186 | R19: 56141 | S19: 56206 | T19: 44555 | U19: 45580 | V19: 45013 | W19: 44359 | X19: 42704 | Y19: 38842 | Z19: 33987 | AA19: =SUM(C19:Z19) -> 956030 | AB19: 22 | AC19: =+AA19*AB19 -> 21032660 | AD19: =+SUM(AC19:AC22) -> 27525548
B20: Sábado | C20: 41098 | D20: 37921 | E20: 35570 | F20: 33645 | G20: 32914 | H20: 32142 | I20: 33307 | J20: 29923 | K20: 33068 | L20: 33959 | M20: 34859 | N20: 34676 | O20: 31955 | P20: 35807 | Q20: 41988 | R20: 45363 | S20: 45488 | T20: 38680 | U20: 41868 | V20: 40987 | W20: 39417 | X20: 37697 | Y20: 35515 | Z20: 32670 | AA20: =SUM(C20:Z20) -> 880517 | AB20: 4 | AC20: =+AA20*AB20 -> 3522068
B21: Domingo | C21: 41160 | D21: 37701 | E21: 35178 | F21: 33199 | G21: 32011 | H21: 30505 | I21: 29999 | J21: 22879 | K21: 21862 | L21: 20976 | M21: 20343 | N21: 20961 | O21: 21724 | P21: 25440 | Q21: 30949 | R21: 34963 | S21: 36616 | T21: 31819 | U21: 36241 | V21: 38034 | W21: 37577 | X21: 37328 | Y21: 34680 | Z21: 30560 | AA21: =SUM(C21:Z21) -> 742705 | AB21: 4 | AC21: =+AA21*AB21 -> 2970820
B22: Festivo | C22: 0 | D22: 0 | E22: 0 | F22: 0 | G22: 0 | H22: 0 | I22: 0 | J22: 0 | K22: 0 | L22: 0 | M22: 0 | N22: 0 | O22: 0 | P22: 0 | Q22: 0 | R22: 0 | S22: 0 | T22: 0 | U22: 0 | V22: 0 | W22: 0 | X22: 0 | Y22: 0 | Z22: 0 | AA22: =SUM(C22:Z22) -> 0 | AB22: 0 | AC22: =+AA22*AB22 -> 0
A23: 46508 | B23: Hábil | C23: 21976 | D23: 18820 | E23: 16436 | F23: 14753 | G23: 14291 | H23: 14117 | I23: 15292 | J23: 12834 | K23: 16021 | L23: 17078 | M23: 18363 | N23: 17868 | O23: 12718 | P23: 22287 | Q23: 33197 | R23: 36694 | S23: 36520 | T23: 24993 | U23: 24959 | V23: 24780 | W23: 24859 | X23: 23713 | Y23: 20177 | Z23: 15570 | AA23: =SUM(C23:Z23) -> 498316 | AB23: 19 | AC23: =+AA23*AB23 -> 9468004 | AD23: =+SUM(AC23:AC26) -> 13154393
B24: Sábado | C24: 23737 | D24: 20128 | E24: 17405 | F24: 15406 | G24: 14505 | H24: 12848 | I24: 14347 | J24: 11169 | K24: 14647 | L24: 16096 | M24: 17069 | N24: 16385 | O24: 13441 | P24: 17375 | Q24: 23311 | R24: 26158 | S24: 26115 | T24: 18052 | U24: 20800 | V24: 21149 | W24: 19815 | X24: 18665 | Y24: 16886 | Z24: 13872 | AA24: =SUM(C24:Z24) -> 429381 | AB24: 4 | AC24: =+AA24*AB24 -> 1717524
B25: Domingo | C25: 21790 | D25: 18786 | E25: 16414 | F25: 14468 | G25: 13193 | H25: 10673 | I25: 10893 | J25: 3758 | K25: 2568 | L25: 1691 | M25: 1301 | N25: 1064 | O25: 820 | P25: 4043 | Q25: 9822 | R25: 13605 | S25: 15366 | T25: 11078 | U25: 15143 | V25: 17073 | W25: 17657 | X25: 18116 | Y25: 16169 | Z25: 12579 | AA25: =SUM(C25:Z25) -> 268070 | AB25: 5 | AC25: =+AA25*AB25 -> 1340350
B26: Festivo | C26: 15097 | D26: 12124 | E26: 9974 | F26: 8359 | G26: 7592 | H26: 5786 | I26: 6513 | J26: 309 | K26: 83 | L26: 116 | M26: 453 | N26: 725 | O26: 429 | P26: 4580 | Q26: 10037 | R26: 13666 | S26: 14628 | T26: 9301 | U26: 13869 | V26: 16958 | W26: 17652 | X26: 17311 | Y26: 14133 | Z26: 9810 | AA26: =SUM(C26:Z26) -> 209505 | AB26: 3 | AC26: =+AA26*AB26 -> 628515
A27: 46539 | B27: Hábil | C27: 27060 | D27: 23746 | E27: 21220 | F27: 19521 | G27: 19040 | H27: 18615 | I27: 20641 | J27: 18786 | K27: 22131 | L27: 22982 | M27: 24200 | N27: 24079 | O27: 18361 | P27: 27477 | Q27: 37916 | R27: 41685 | S27: 41851 | T27: 29163 | U27: 29055 | V27: 29300 | W27: 28881 | X27: 27533 | Y27: 24177 | Z27: 19638 | AA27: =SUM(C27:Z27) -> 617058 | AB27: 21 | AC27: =+AA27*AB27 -> 12958218 | AD27: =+SUM(AC27:AC30) -> 17074122
B28: Sábado | C28: 27503 | D28: 24274 | E28: 21800 | F28: 19925 | G28: 19281 | H28: 17741 | I28: 19674 | J28: 17077 | K28: 20227 | L28: 21172 | M28: 21844 | N28: 21145 | O28: 17713 | P28: 20995 | Q28: 27901 | R28: 31690 | S28: 31872 | T28: 23714 | U28: 26110 | V28: 26218 | W28: 24814 | X28: 23324 | Y28: 21361 | Z28: 18536 | AA28: =SUM(C28:Z28) -> 545911 | AB28: 4 | AC28: =+AA28*AB28 -> 2183644
B29: Domingo | C29: 27197 | D29: 24216 | E29: 21879 | F29: 19918 | G29: 18790 | H29: 16322 | I29: 16422 | J29: 9476 | K29: 7706 | L29: 7365 | M29: 5898 | N29: 5599 | O29: 6108 | P29: 9512 | Q29: 14899 | R29: 18865 | S29: 21011 | T29: 15305 | U29: 19305 | V29: 22365 | W29: 22862 | X29: 23335 | Y29: 21707 | Z29: 18605 | AA29: =SUM(C29:Z29) -> 394667 | AB29: 4 | AC29: =+AA29*AB29 -> 1578668
B30: Festivo | C30: 21171 | D30: 18253 | E30: 16174 | F30: 14474 | G30: 13786 | H30: 11984 | I30: 12705 | J30: 7484 | K30: 8131 | L30: 8762 | M30: 9131 | N30: 8991 | O30: 8061 | P30: 11662 | Q30: 16754 | R30: 19759 | S30: 20396 | T30: 13809 | U30: 17510 | V30: 21344 | W30: 21227 | X30: 20564 | Y30: 17742 | Z30: 13718 | AA30: =SUM(C30:Z30) -> 353592 | AB30: 1 | AC30: =+AA30*AB30 -> 353592
A31: 46569 | B31: Hábil | C31: 27686 | D31: 24446 | E31: 22113 | F31: 20273 | G31: 19703 | H31: 19844 | I31: 21250 | J31: 18731 | K31: 21875 | L31: 22724 | M31: 23911 | N31: 22993 | O31: 17214 | P31: 26125 | Q31: 36418 | R31: 40162 | S31: 40022 | T31: 27964 | U31: 27539 | V31: 28628 | W31: 28693 | X31: 27646 | Y31: 24430 | Z31: 20066 | AA31: =SUM(C31:Z31) -> 610456 | AB31: 20 | AC31: =+AA31*AB31 -> 12209120 | AD31: =+SUM(AC31:AC34) -> 17311574
B32: Sábado | C32: 26572 | D32: 23568 | E32: 21383 | F32: 19632 | G32: 19030 | H32: 17834 | I32: 19068 | J32: 15978 | K32: 18691 | L32: 19623 | M32: 19913 | N32: 19769 | O32: 16771 | P32: 20672 | Q32: 27236 | R32: 30281 | S32: 30195 | T32: 21360 | U32: 24225 | V32: 26054 | W32: 24620 | X32: 23678 | Y32: 22409 | Z32: 20100 | AA32: =SUM(C32:Z32) -> 528662 | AB32: 5 | AC32: =+AA32*AB32 -> 2643310
B33: Domingo | C33: 29032 | D33: 25906 | E33: 23386 | F33: 21516 | G33: 20250 | H33: 18147 | I33: 17995 | J33: 9909 | K33: 8539 | L33: 7823 | M33: 6712 | N33: 6066 | O33: 6779 | P33: 10410 | Q33: 15361 | R33: 19635 | S33: 21420 | T33: 17278 | U33: 20694 | V33: 23871 | W33: 24432 | X33: 24689 | Y33: 22786 | Z33: 19604 | AA33: =SUM(C33:Z33) -> 422240 | AB33: 4 | AC33: =+AA33*AB33 -> 1688960
B34: Festivo | C34: 24649 | D34: 21567 | E34: 19184 | F34: 17666 | G34: 16856 | H34: 15399 | I34: 15566 | J34: 9488 | K34: 9257 | L34: 9036 | M34: 8709 | N34: 8114 | O34: 6975 | P34: 11244 | Q34: 16506 | R34: 20221 | S34: 21235 | T34: 14589 | U34: 18530 | V34: 22383 | W34: 22438 | X34: 21641 | Y34: 18842 | Z34: 14997 | AA34: =SUM(C34:Z34) -> 385092 | AB34: 2 | AC34: =+AA34*AB34 -> 770184
A35: 46600 | B35: Hábil | C35: 24587 | D35: 21217 | E35: 18704 | F35: 16771 | G35: 16104 | H35: 16122 | I35: 17088 | J35: 14713 | K35: 17524 | L35: 18891 | M35: 20138 | N35: 19704 | O35: 13986 | P35: 23837 | Q35: 34983 | R35: 38740 | S35: 38734 | T35: 25832 | U35: 25739 | V35: 26448 | W35: 26727 | X35: 26129 | Y35: 22703 | Z35: 18404 | AA35: =SUM(C35:Z35) -> 543825 | AB35: 21 | AC35: =+AA35*AB35 -> 11420325 | AD35: =+SUM(AC35:AC38) -> 15080035
B36: Sábado | C36: 28680 | D36: 25043 | E36: 22218 | F36: 19999 | G36: 18857 | H36: 17316 | I36: 18121 | J36: 15395 | K36: 18004 | L36: 19451 | M36: 19575 | N36: 19935 | O36: 16144 | P36: 20324 | Q36: 26679 | R36: 29783 | S36: 30157 | T36: 21235 | U36: 24409 | V36: 24770 | W36: 23324 | X36: 23168 | Y36: 21955 | Z36: 19442 | AA36: =SUM(C36:Z36) -> 523984 | AB36: 3 | AC36: =+AA36*AB36 -> 1571952
B37: Domingo | C37: 26487 | D37: 23139 | E37: 20453 | F37: 18336 | G37: 16724 | H37: 13935 | I37: 13131 | J37: 5949 | K37: 4194 | L37: 2538 | M37: 1934 | N37: 697 | O37: 1611 | P37: 6569 | Q37: 11522 | R37: 15680 | S37: 16219 | T37: 10892 | U37: 15364 | V37: 17550 | W37: 18226 | X37: 18916 | Y37: 17096 | Z37: 13828 | AA37: =SUM(C37:Z37) -> 310990 | AB37: 5 | AC37: =+AA37*AB37 -> 1554950
B38: Festivo | C38: 17062 | D38: 14477 | E38: 12324 | F38: 10918 | G38: 10205 | H38: 8921 | I38: 8666 | J38: 2442 | K38: 2344 | L38: 3092 | M38: 3372 | N38: 3770 | O38: 3406 | P38: 7476 | Q38: 12896 | R38: 16910 | S38: 17715 | T38: 10249 | U38: 15035 | V38: 18148 | W38: 18430 | X38: 19338 | Y38: 16919 | Z38: 12289 | AA38: =SUM(C38:Z38) -> 266404 | AB38: 2 | AC38: =+AA38*AB38 -> 532808
A39: 46631 | B39: Hábil | C39: 28765 | D39: 25060 | E39: 22307 | F39: 20172 | G39: 19383 | H39: 19316 | I39: 20600 | J39: 18614 | K39: 21712 | L39: 23259 | M39: 24797 | N39: 24420 | O39: 18967 | P39: 29332 | Q39: 40004 | R39: 43540 | S39: 42850 | T39: 30544 | U39: 31271 | V39: 30261 | W39: 30344 | X39: 29712 | Y39: 26374 | Z39: 21398 | AA39: =SUM(C39:Z39) -> 643002 | AB39: 22 | AC39: =+AA39*AB39 -> 14146044 | AD39: =+SUM(AC39:AC42) -> 18243088
B40: Sábado | C40: 29751 | D40: 26362 | E40: 23687 | F40: 21514 | G40: 20438 | H40: 18783 | I40: 20154 | J40: 18009 | K40: 21532 | L40: 22620 | M40: 23771 | N40: 23693 | O40: 20183 | P40: 24667 | Q40: 31357 | R40: 34444 | S40: 34164 | T40: 26414 | U40: 29932 | V40: 28589 | W40: 26721 | X40: 25622 | Y40: 23963 | Z40: 21413 | AA40: =SUM(C40:Z40) -> 597783 | AB40: 4 | AC40: =+AA40*AB40 -> 2391132
B41: Domingo | C41: 29045 | D41: 25838 | E41: 23390 | F41: 21408 | G41: 19958 | H41: 17936 | I41: 17714 | J41: 10297 | K41: 8512 | L41: 6903 | M41: 6644 | N41: 6871 | O41: 6668 | P41: 11120 | Q41: 17396 | R41: 21098 | S41: 22423 | T41: 17208 | U41: 21955 | V41: 23552 | W41: 24389 | X41: 24868 | Y41: 22579 | Z41: 18706 | AA41: =SUM(C41:Z41) -> 426478 | AB41: 4 | AC41: =+AA41*AB41 -> 1705912
B42: Festivo | C42: 0 | D42: 0 | E42: 0 | F42: 0 | G42: 0 | H42: 0 | I42: 0 | J42: 0 | K42: 0 | L42: 0 | M42: 0 | N42: 0 | O42: 0 | P42: 0 | Q42: 0 | R42: 0 | S42: 0 | T42: 0 | U42: 0 | V42: 0 | W42: 0 | X42: 0 | Y42: 0 | Z42: 0 | AA42: =SUM(C42:Z42) -> 0 | AB42: 0 | AC42: =+AA42*AB42 -> 0
A43: 46661 | B43: Hábil | C43: 23325 | D43: 19966 | E43: 17547 | F43: 15845 | G43: 15367 | H43: 15363 | I43: 16810 | J43: 14785 | K43: 18674 | L43: 20335 | M43: 22139 | N43: 22259 | O43: 16914 | P43: 26567 | Q43: 37342 | R43: 40482 | S43: 39960 | T43: 29683 | U43: 29198 | V43: 26944 | W43: 25705 | X43: 24180 | Y43: 20475 | Z43: 15865 | AA43: =SUM(C43:Z43) -> 555730 | AB43: 20 | AC43: =+AA43*AB43 -> 11114600 | AD43: =+SUM(AC43:AC46) -> 15262944
B44: Sábado | C44: 21755 | D44: 18387 | E44: 16003 | F44: 14110 | G44: 13348 | H44: 12310 | I44: 13471 | J44: 10465 | K44: 14396 | L44: 16048 | M44: 17143 | N44: 17261 | O44: 14582 | P44: 17875 | Q44: 23943 | R44: 26765 | S44: 27348 | T44: 21113 | U44: 23831 | V44: 21990 | W44: 20359 | X44: 18520 | Y44: 16267 | Z44: 13380 | AA44: =SUM(C44:Z44) -> 430670 | AB44: 5 | AC44: =+AA44*AB44 -> 2153350
B45: Domingo | C45: 23344 | D45: 20264 | E45: 17890 | F45: 15893 | G45: 14565 | H45: 12634 | I45: 12607 | J45: 4872 | K45: 3593 | L45: 3223 | M45: 2628 | N45: 3172 | O45: 3629 | P45: 7366 | Q45: 12628 | R45: 17082 | S45: 18824 | T45: 15473 | U45: 19401 | V45: 20082 | W45: 20404 | X45: 20269 | Y45: 17671 | Z45: 14072 | AA45: =SUM(C45:Z45) -> 321586 | AB45: 5 | AC45: =+AA45*AB45 -> 1607930
B46: Festivo | C46: 22378 | D46: 19258 | E46: 17092 | F46: 15611 | G46: 14886 | H46: 12729 | I46: 12534 | J46: 7510 | K46: 8114 | L46: 9158 | M46: 9496 | N46: 8614 | O46: 9482 | P46: 13748 | Q46: 20062 | R46: 22849 | S46: 23773 | T46: 18804 | U46: 22261 | V46: 22825 | W46: 22790 | X46: 21470 | Y46: 17923 | Z46: 13697 | AA46: =SUM(C46:Z46) -> 387064 | AB46: 1 | AC46: =+AA46*AB46 -> 387064
A47: 46692 | B47: Hábil | C47: 23377 | D47: 20104 | E47: 17819 | F47: 16335 | G47: 16197 | H47: 16759 | I47: 18960 | J47: 17225 | K47: 20887 | L47: 22191 | M47: 23758 | N47: 23832 | O47: 18333 | P47: 27006 | Q47: 37311 | R47: 41351 | S47: 41230 | T47: 32213 | U47: 31651 | V47: 28841 | W47: 27333 | X47: 24974 | Y47: 20907 | Z47: 16077 | AA47: =SUM(C47:Z47) -> 584671 | AB47: 20 | AC47: =+AA47*AB47 -> 11693420 | AD47: =+SUM(AC47:AC50) -> 16004038
B48: Sábado | C48: 24452 | D48: 21192 | E48: 18819 | F48: 17012 | G48: 16276 | H48: 15490 | I48: 16942 | J48: 14721 | K48: 18932 | L48: 20982 | M48: 21557 | N48: 21489 | O48: 18004 | P48: 21134 | Q48: 26797 | R48: 29506 | S48: 29892 | T48: 24273 | U48: 26138 | V48: 24041 | W48: 21952 | X48: 19527 | Y48: 17243 | Z48: 14230 | AA48: =SUM(C48:Z48) -> 500601 | AB48: 4 | AC48: =+AA48*AB48 -> 2002404
B49: Domingo | C49: 23097 | D49: 20128 | E49: 17986 | F49: 16133 | G49: 14990 | H49: 13532 | I49: 13750 | J49: 7248 | K49: 7080 | L49: 6895 | M49: 7119 | N49: 7154 | O49: 7768 | P49: 11079 | Q49: 15919 | R49: 18998 | S49: 20513 | T49: 18256 | U49: 21097 | V49: 21081 | W49: 20346 | X49: 19390 | Y49: 17189 | Z49: 13697 | AA49: =SUM(C49:Z49) -> 360445 | AB49: 4 | AC49: =+AA49*AB49 -> 1441780
B50: Festivo | C50: 22503 | D50: 19335 | E50: 17089 | F50: 15512 | G50: 14910 | H50: 13610 | I50: 13825 | J50: 8973 | K50: 9886 | L50: 11207 | M50: 12335 | N50: 12947 | O50: 12632 | P50: 17385 | Q50: 22446 | R50: 25478 | S50: 26583 | T50: 23056 | U50: 25865 | V50: 25632 | W50: 24640 | X50: 22861 | Y50: 19304 | Z50: 15203 | AA50: =SUM(C50:Z50) -> 433217 | AB50: 2 | AC50: =+AA50*AB50 -> 866434
A51: 46722 | B51: Hábil | C51: 40643 | D51: 37445 | E51: 35227 | F51: 33604 | G51: 33068 | H51: 33123 | I51: 33940 | J51: 31298 | K51: 34320 | L51: 35660 | M51: 36745 | N51: 36857 | O51: 32833 | P51: 39415 | Q51: 49049 | R51: 53120 | S51: 53830 | T51: 44764 | U51: 46362 | V51: 43988 | W51: 41851 | X51: 40039 | Y51: 37237 | Z51: 33490 | AA51: =SUM(C51:Z51) -> 937908 | AB51: 22 | AC51: =+AA51*AB51 -> 20633976 | AD51: =+SUM(AC51:AC54) -> 27710319
B52: Sábado | C52: 42238 | D52: 38764 | E52: 36264 | F52: 34381 | G52: 33477 | H52: 33199 | I52: 33559 | J52: 29337 | K52: 31896 | L52: 32835 | M52: 33662 | N52: 33625 | O52: 32088 | P52: 35978 | Q52: 42144 | R52: 45501 | S52: 46212 | T52: 40940 | U52: 44976 | V52: 43783 | W52: 40930 | X52: 38301 | Y52: 35994 | Z52: 33281 | AA52: =SUM(C52:Z52) -> 893365 | AB52: 3 | AC52: =+AA52*AB52 -> 2680095
B53: Domingo | C53: 43317 | D53: 40073 | E53: 37594 | F53: 35691 | G53: 34512 | H53: 32321 | I53: 31652 | J53: 24597 | K53: 23913 | L53: 23722 | M53: 23462 | N53: 23545 | O53: 23568 | P53: 27155 | Q53: 32604 | R53: 37331 | S53: 39114 | T53: 36111 | U53: 41020 | V53: 40350 | W53: 38468 | X53: 36315 | Y53: 33438 | Z53: 30385 | AA53: =SUM(C53:Z53) -> 790258 | AB53: 4 | AC53: =+AA53*AB53 -> 3161032
B54: Festivo | C54: 32916 | D54: 31134 | E54: 29730 | F54: 28364 | G54: 27506 | H54: 26589 | I54: 25547 | J54: 18438 | K54: 17242 | L54: 16873 | M54: 16453 | N54: 16109 | O54: 16632 | P54: 20520 | Q54: 25310 | R54: 28941 | S54: 30820 | T54: 27372 | U54: 32274 | V54: 32811 | W54: 31699 | X54: 30543 | Y54: 28504 | Z54: 25281 | AA54: =SUM(C54:Z54) -> 617608 | AB54: 2 | AC54: =+AA54*AB54 -> 1235216
AD55: =SUM(AD7:AD51) -> 245991904

Sheet OF P2
C1: * La energia a ofertar debe ser expresada únicamente en kilovatio (kWh) redondeado a cero decimales - PLANA
C4: OFERTA PRODUCTO 2
C5: MES | D5: ENERGIA SOLICITADA (KWh) | E5: % | F5: ENERGIA OFERTADA (KWh) | G5: PRECIO $/kWh
C6: 46388 | D6: =+VLOOKUP(C6,'PLANA P2'!$A$4:$AD$55,30,FALSE) -> 24552000 | E6: % | G6: $/kWh
C7: 46419 | D7: =+VLOOKUP(C7,'PLANA P2'!$A$4:$AD$55,30,FALSE) -> 22176000
C8: 46447 | D8: =+VLOOKUP(C8,'PLANA P2'!$A$4:$AD$55,30,FALSE) -> 24552000
C9: 46478 | D9: =+VLOOKUP(C9,'PLANA P2'!$A$4:$AD$55,30,FALSE) -> 23760000
C10: 46508 | D10: =+VLOOKUP(C10,'PLANA P2'!$A$4:$AD$55,30,FALSE) -> 24552000
C11: 46539 | D11: =+VLOOKUP(C11,'PLANA P2'!$A$4:$AD$55,30,FALSE) -> 23760000
C12: 46569 | D12: =+VLOOKUP(C12,'PLANA P2'!$A$4:$AD$55,30,FALSE) -> 24552000
C13: 46600 | D13: =+VLOOKUP(C13,'PLANA P2'!$A$4:$AD$55,30,FALSE) -> 24552000
C14: 46631 | D14: =+VLOOKUP(C14,'PLANA P2'!$A$4:$AD$55,30,FALSE) -> 23760000
C15: 46661 | D15: =+VLOOKUP(C15,'PLANA P2'!$A$4:$AD$55,30,FALSE) -> 24552000
C16: 46692 | D16: =+VLOOKUP(C16,'PLANA P2'!$A$4:$AD$55,30,FALSE) -> 23760000
C17: 46722 | D17: =+VLOOKUP(C17,'PLANA P2'!$A$4:$AD$55,30,FALSE) -> 24552000
D18: =SUM(D6:D17) -> 289080000

Sheet PLANA P2
A1: Curva de distribucion en kwh
A2: * La energia a ofertar debe ser expresada únicamente en kilovatio (kWh) redondeado a cero decimales
A4: TOTAL | C4: =+AD55 -> 289080000
A5: MES | B5: DÍA | C5: HORA 01 | D5: HORA 02 | E5: HORA 03 | F5: HORA 04 | G5: HORA 05 | H5: HORA 06 | I5: HORA 07 | J5: HORA 08 | K5: HORA 09 | L5: HORA 10 | M5: HORA 11 | N5: HORA 12 | O5: HORA 13 | P5: HORA 14 | Q5: HORA 15 | R5: HORA 16 | S5: HORA 17 | T5: HORA 18 | U5: HORA 19 | V5: HORA 20 | W5: HORA 21 | X5: HORA 22 | Y5: HORA 23 | Z5: HORA 24 | AA5: TOTAL DÍA | AB5: NUMERO DÍAS | AC5: TOTAL DÍA MES | AD5: TOTAL MES
A7: 46388 | B7: Hábil | C7: 33000 | D7: 33000 | E7: 33000 | F7: 33000 | G7: 33000 | H7: 33000 | I7: 33000 | J7: 33000 | K7: 33000 | L7: 33000 | M7: 33000 | N7: 33000 | O7: 33000 | P7: 33000 | Q7: 33000 | R7: 33000 | S7: 33000 | T7: 33000 | U7: 33000 | V7: 33000 | W7: 33000 | X7: 33000 | Y7: 33000 | Z7: 33000 | AA7: =SUM(C7:Z7) -> 792000 | AB7: 19 | AC7: =+AA7*AB7 -> 15048000 | AD7: =+SUM(AC7:AC10) -> 24552000
B8: Sábado | C8: 33000 | D8: 33000 | E8: 33000 | F8: 33000 | G8: 33000 | H8: 33000 | I8: 33000 | J8: 33000 | K8: 33000 | L8: 33000 | M8: 33000 | N8: 33000 | O8: 33000 | P8: 33000 | Q8: 33000 | R8: 33000 | S8: 33000 | T8: 33000 | U8: 33000 | V8: 33000 | W8: 33000 | X8: 33000 | Y8: 33000 | Z8: 33000 | AA8: =SUM(C8:Z8) -> 792000 | AB8: 5 | AC8: =+AA8*AB8 -> 3960000
B9: Domingo | C9: 33000 | D9: 33000 | E9: 33000 | F9: 33000 | G9: 33000 | H9: 33000 | I9: 33000 | J9: 33000 | K9: 33000 | L9: 33000 | M9: 33000 | N9: 33000 | O9: 33000 | P9: 33000 | Q9: 33000 | R9: 33000 | S9: 33000 | T9: 33000 | U9: 33000 | V9: 33000 | W9: 33000 | X9: 33000 | Y9: 33000 | Z9: 33000 | AA9: =SUM(C9:Z9) -> 792000 | AB9: 5 | AC9: =+AA9*AB9 -> 3960000
B10: Festivo | C10: 33000 | D10: 33000 | E10: 33000 | F10: 33000 | G10: 33000 | H10: 33000 | I10: 33000 | J10: 33000 | K10: 33000 | L10: 33000 | M10: 33000 | N10: 33000 | O10: 33000 | P10: 33000 | Q10: 33000 | R10: 33000 | S10: 33000 | T10: 33000 | U10: 33000 | V10: 33000 | W10: 33000 | X10: 33000 | Y10: 33000 | Z10: 33000 | AA10: =SUM(C10:Z10) -> 792000 | AB10: 2 | AC10: =+AA10*AB10 -> 1584000
A11: 46419 | B11: Hábil | C11: 33000 | D11: 33000 | E11: 33000 | F11: 33000 | G11: 33000 | H11: 33000 | I11: 33000 | J11: 33000 | K11: 33000 | L11: 33000 | M11: 33000 | N11: 33000 | O11: 33000 | P11: 33000 | Q11: 33000 | R11: 33000 | S11: 33000 | T11: 33000 | U11: 33000 | V11: 33000 | W11: 33000 | X11: 33000 | Y11: 33000 | Z11: 33000 | AA11: =SUM(C11:Z11) -> 792000 | AB11: 20 | AC11: =+AA11*AB11 -> 15840000 | AD11: =+SUM(AC11:AC14) -> 22176000
B12: Sábado | C12: 33000 | D12: 33000 | E12: 33000 | F12: 33000 | G12: 33000 | H12: 33000 | I12: 33000 | J12: 33000 | K12: 33000 | L12: 33000 | M12: 33000 | N12: 33000 | O12: 33000 | P12: 33000 | Q12: 33000 | R12: 33000 | S12: 33000 | T12: 33000 | U12: 33000 | V12: 33000 | W12: 33000 | X12: 33000 | Y12: 33000 | Z12: 33000 | AA12: =SUM(C12:Z12) -> 792000 | AB12: 4 | AC12: =+AA12*AB12 -> 3168000
B13: Domingo | C13: 33000 | D13: 33000 | E13: 33000 | F13: 33000 | G13: 33000 | H13: 33000 | I13: 33000 | J13: 33000 | K13: 33000 | L13: 33000 | M13: 33000 | N13: 33000 | O13: 33000 | P13: 33000 | Q13: 33000 | R13: 33000 | S13: 33000 | T13: 33000 | U13: 33000 | V13: 33000 | W13: 33000 | X13: 33000 | Y13: 33000 | Z13: 33000 | AA13: =SUM(C13:Z13) -> 792000 | AB13: 4 | AC13: =+AA13*AB13 -> 3168000
B14: Festivo | C14: 0 | D14: 0 | E14: 0 | F14: 0 | G14: 0 | H14: 0 | I14: 0 | J14: 0 | K14: 0 | L14: 0 | M14: 0 | N14: 0 | O14: 0 | P14: 0 | Q14: 0 | R14: 0 | S14: 0 | T14: 0 | U14: 0 | V14: 0 | W14: 0 | X14: 0 | Y14: 0 | Z14: 0 | AA14: =SUM(C14:Z14) -> 0 | AB14: 0 | AC14: =+AA14*AB14 -> 0
A15: 46447 | B15: Hábil | C15: 33000 | D15: 33000 | E15: 33000 | F15: 33000 | G15: 33000 | H15: 33000 | I15: 33000 | J15: 33000 | K15: 33000 | L15: 33000 | M15: 33000 | N15: 33000 | O15: 33000 | P15: 33000 | Q15: 33000 | R15: 33000 | S15: 33000 | T15: 33000 | U15: 33000 | V15: 33000 | W15: 33000 | X15: 33000 | Y15: 33000 | Z15: 33000 | AA15: =SUM(C15:Z15) -> 792000 | AB15: 20 | AC15: =+AA15*AB15 -> 15840000 | AD15: =+SUM(AC15:AC18) -> 24552000
B16: Sábado | C16: 33000 | D16: 33000 | E16: 33000 | F16: 33000 | G16: 33000 | H16: 33000 | I16: 33000 | J16: 33000 | K16: 33000 | L16: 33000 | M16: 33000 | N16: 33000 | O16: 33000 | P16: 33000 | Q16: 33000 | R16: 33000 | S16: 33000 | T16: 33000 | U16: 33000 | V16: 33000 | W16: 33000 | X16: 33000 | Y16: 33000 | Z16: 33000 | AA16: =SUM(C16:Z16) -> 792000 | AB16: 4 | AC16: =+AA16*AB16 -> 3168000
B17: Domingo | C17: 33000 | D17: 33000 | E17: 33000 | F17: 33000 | G17: 33000 | H17: 33000 | I17: 33000 | J17: 33000 | K17: 33000 | L17: 33000 | M17: 33000 | N17: 33000 | O17: 33000 | P17: 33000 | Q17: 33000 | R17: 33000 | S17: 33000 | T17: 33000 | U17: 33000 | V17: 33000 | W17: 33000 | X17: 33000 | Y17: 33000 | Z17: 33000 | AA17: =SUM(C17:Z17) -> 792000 | AB17: 4 | AC17: =+AA17*AB17 -> 3168000
B18: Festivo | C18: 33000 | D18: 33000 | E18: 33000 | F18: 33000 | G18: 33000 | H18: 33000 | I18: 33000 | J18: 33000 | K18: 33000 | L18: 33000 | M18: 33000 | N18: 33000 | O18: 33000 | P18: 33000 | Q18: 33000 | R18: 33000 | S18: 33000 | T18: 33000 | U18: 33000 | V18: 33000 | W18: 33000 | X18: 33000 | Y18: 33000 | Z18: 33000 | AA18: =SUM(C18:Z18) -> 792000 | AB18: 3 | AC18: =+AA18*AB18 -> 2376000
A19: 46478 | B19: Hábil | C19: 33000 | D19: 33000 | E19: 33000 | F19: 33000 | G19: 33000 | H19: 33000 | I19: 33000 | J19: 33000 | K19: 33000 | L19: 33000 | M19: 33000 | N19: 33000 | O19: 33000 | P19: 33000 | Q19: 33000 | R19: 33000 | S19: 33000 | T19: 33000 | U19: 33000 | V19: 33000 | W19: 33000 | X19: 33000 | Y19: 33000 | Z19: 33000 | AA19: =SUM(C19:Z19) -> 792000 | AB19: 22 | AC19: =+AA19*AB19 -> 17424000 | AD19: =+SUM(AC19:AC22) -> 23760000
B20: Sábado | C20: 33000 | D20: 33000 | E20: 33000 | F20: 33000 | G20: 33000 | H20: 33000 | I20: 33000 | J20: 33000 | K20: 33000 | L20: 33000 | M20: 33000 | N20: 33000 | O20: 33000 | P20: 33000 | Q20: 33000 | R20: 33000 | S20: 33000 | T20: 33000 | U20: 33000 | V20: 33000 | W20: 33000 | X20: 33000 | Y20: 33000 | Z20: 33000 | AA20: =SUM(C20:Z20) -> 792000 | AB20: 4 | AC20: =+AA20*AB20 -> 3168000
B21: Domingo | C21: 33000 | D21: 33000 | E21: 33000 | F21: 33000 | G21: 33000 | H21: 33000 | I21: 33000 | J21: 33000 | K21: 33000 | L21: 33000 | M21: 33000 | N21: 33000 | O21: 33000 | P21: 33000 | Q21: 33000 | R21: 33000 | S21: 33000 | T21: 33000 | U21: 33000 | V21: 33000 | W21: 33000 | X21: 33000 | Y21: 33000 | Z21: 33000 | AA21: =SUM(C21:Z21) -> 792000 | AB21: 4 | AC21: =+AA21*AB21 -> 3168000
B22: Festivo | C22: 0 | D22: 0 | E22: 0 | F22: 0 | G22: 0 | H22: 0 | I22: 0 | J22: 0 | K22: 0 | L22: 0 | M22: 0 | N22: 0 | O22: 0 | P22: 0 | Q22: 0 | R22: 0 | S22: 0 | T22: 0 | U22: 0 | V22: 0 | W22: 0 | X22: 0 | Y22: 0 | Z22: 0 | AA22: =SUM(C22:Z22) -> 0 | AB22: 0 | AC22: =+AA22*AB22 -> 0
A23: 46508 | B23: Hábil | C23: 33000 | D23: 33000 | E23: 33000 | F23: 33000 | G23: 33000 | H23: 33000 | I23: 33000 | J23: 33000 | K23: 33000 | L23: 33000 | M23: 33000 | N23: 33000 | O23: 33000 | P23: 33000 | Q23: 33000 | R23: 33000 | S23: 33000 | T23: 33000 | U23: 33000 | V23: 33000 | W23: 33000 | X23: 33000 | Y23: 33000 | Z23: 33000 | AA23: =SUM(C23:Z23) -> 792000 | AB23: 19 | AC23: =+AA23*AB23 -> 15048000 | AD23: =+SUM(AC23:AC26) -> 24552000
B24: Sábado | C24: 33000 | D24: 33000 | E24: 33000 | F24: 33000 | G24: 33000 | H24: 33000 | I24: 33000 | J24: 33000 | K24: 33000 | L24: 33000 | M24: 33000 | N24: 33000 | O24: 33000 | P24: 33000 | Q24: 33000 | R24: 33000 | S24: 33000 | T24: 33000 | U24: 33000 | V24: 33000 | W24: 33000 | X24: 33000 | Y24: 33000 | Z24: 33000 | AA24: =SUM(C24:Z24) -> 792000 | AB24: 4 | AC24: =+AA24*AB24 -> 3168000
B25: Domingo | C25: 33000 | D25: 33000 | E25: 33000 | F25: 33000 | G25: 33000 | H25: 33000 | I25: 33000 | J25: 33000 | K25: 33000 | L25: 33000 | M25: 33000 | N25: 33000 | O25: 33000 | P25: 33000 | Q25: 33000 | R25: 33000 | S25: 33000 | T25: 33000 | U25: 33000 | V25: 33000 | W25: 33000 | X25: 33000 | Y25: 33000 | Z25: 33000 | AA25: =SUM(C25:Z25) -> 792000 | AB25: 5 | AC25: =+AA25*AB25 -> 3960000
B26: Festivo | C26: 33000 | D26: 33000 | E26: 33000 | F26: 33000 | G26: 33000 | H26: 33000 | I26: 33000 | J26: 33000 | K26: 33000 | L26: 33000 | M26: 33000 | N26: 33000 | O26: 33000 | P26: 33000 | Q26: 33000 | R26: 33000 | S26: 33000 | T26: 33000 | U26: 33000 | V26: 33000 | W26: 33000 | X26: 33000 | Y26: 33000 | Z26: 33000 | AA26: =SUM(C26:Z26) -> 792000 | AB26: 3 | AC26: =+AA26*AB26 -> 2376000
A27: 46539 | B27: Hábil | C27: 33000 | D27: 33000 | E27: 33000 | F27: 33000 | G27: 33000 | H27: 33000 | I27: 33000 | J27: 33000 | K27: 33000 | L27: 33000 | M27: 33000 | N27: 33000 | O27: 33000 | P27: 33000 | Q27: 33000 | R27: 33000 | S27: 33000 | T27: 33000 | U27: 33000 | V27: 33000 | W27: 33000 | X27: 33000 | Y27: 33000 | Z27: 33000 | AA27: =SUM(C27:Z27) -> 792000 | AB27: 21 | AC27: =+AA27*AB27 -> 16632000 | AD27: =+SUM(AC27:AC30) -> 23760000
B28: Sábado | C28: 33000 | D28: 33000 | E28: 33000 | F28: 33000 | G28: 33000 | H28: 33000 | I28: 33000 | J28: 33000 | K28: 33000 | L28: 33000 | M28: 33000 | N28: 33000 | O28: 33000 | P28: 33000 | Q28: 33000 | R28: 33000 | S28: 33000 | T28: 33000 | U28: 33000 | V28: 33000 | W28: 33000 | X28: 33000 | Y28: 33000 | Z28: 33000 | AA28: =SUM(C28:Z28) -> 792000 | AB28: 4 | AC28: =+AA28*AB28 -> 3168000
B29: Domingo | C29: 33000 | D29: 33000 | E29: 33000 | F29: 33000 | G29: 33000 | H29: 33000 | I29: 33000 | J29: 33000 | K29: 33000 | L29: 33000 | M29: 33000 | N29: 33000 | O29: 33000 | P29: 33000 | Q29: 33000 | R29: 33000 | S29: 33000 | T29: 33000 | U29: 33000 | V29: 33000 | W29: 33000 | X29: 33000 | Y29: 33000 | Z29: 33000 | AA29: =SUM(C29:Z29) -> 792000 | AB29: 4 | AC29: =+AA29*AB29 -> 3168000
B30: Festivo | C30: 33000 | D30: 33000 | E30: 33000 | F30: 33000 | G30: 33000 | H30: 33000 | I30: 33000 | J30: 33000 | K30: 33000 | L30: 33000 | M30: 33000 | N30: 33000 | O30: 33000 | P30: 33000 | Q30: 33000 | R30: 33000 | S30: 33000 | T30: 33000 | U30: 33000 | V30: 33000 | W30: 33000 | X30: 33000 | Y30: 33000 | Z30: 33000 | AA30: =SUM(C30:Z30) -> 792000 | AB30: 1 | AC30: =+AA30*AB30 -> 792000
A31: 46569 | B31: Hábil | C31: 33000 | D31: 33000 | E31: 33000 | F31: 33000 | G31: 33000 | H31: 33000 | I31: 33000 | J31: 33000 | K31: 33000 | L31: 33000 | M31: 33000 | N31: 33000 | O31: 33000 | P31: 33000 | Q31: 33000 | R31: 33000 | S31: 33000 | T31: 33000 | U31: 33000 | V31: 33000 | W31: 33000 | X31: 33000 | Y31: 33000 | Z31: 33000 | AA31: =SUM(C31:Z31) -> 792000 | AB31: 20 | AC31: =+AA31*AB31 -> 15840000 | AD31: =+SUM(AC31:AC34) -> 24552000
B32: Sábado | C32: 33000 | D32: 33000 | E32: 33000 | F32: 33000 | G32: 33000 | H32: 33000 | I32: 33000 | J32: 33000 | K32: 33000 | L32: 33000 | M32: 33000 | N32: 33000 | O32: 33000 | P32: 33000 | Q32: 33000 | R32: 33000 | S32: 33000 | T32: 33000 | U32: 33000 | V32: 33000 | W32: 33000 | X32: 33000 | Y32: 33000 | Z32: 33000 | AA32: =SUM(C32:Z32) -> 792000 | AB32: 5 | AC32: =+AA32*AB32 -> 3960000
B33: Domingo | C33: 33000 | D33: 33000 | E33: 33000 | F33: 33000 | G33: 33000 | H33: 33000 | I33: 33000 | J33: 33000 | K33: 33000 | L33: 33000 | M33: 33000 | N33: 33000 | O33: 33000 | P33: 33000 | Q33: 33000 | R33: 33000 | S33: 33000 | T33: 33000 | U33: 33000 | V33: 33000 | W33: 33000 | X33: 33000 | Y33: 33000 | Z33: 33000 | AA33: =SUM(C33:Z33) -> 792000 | AB33: 4 | AC33: =+AA33*AB33 -> 3168000
B34: Festivo | C34: 33000 | D34: 33000 | E34: 33000 | F34: 33000 | G34: 33000 | H34: 33000 | I34: 33000 | J34: 33000 | K34: 33000 | L34: 33000 | M34: 33000 | N34: 33000 | O34: 33000 | P34: 33000 | Q34: 33000 | R34: 33000 | S34: 33000 | T34: 33000 | U34: 33000 | V34: 33000 | W34: 33000 | X34: 33000 | Y34: 33000 | Z34: 33000 | AA34: =SUM(C34:Z34) -> 792000 | AB34: 2 | AC34: =+AA34*AB34 -> 1584000
A35: 46600 | B35: Hábil | C35: 33000 | D35: 33000 | E35: 33000 | F35: 33000 | G35: 33000 | H35: 33000 | I35: 33000 | J35: 33000 | K35: 33000 | L35: 33000 | M35: 33000 | N35: 33000 | O35: 33000 | P35: 33000 | Q35: 33000 | R35: 33000 | S35: 33000 | T35: 33000 | U35: 33000 | V35: 33000 | W35: 33000 | X35: 33000 | Y35: 33000 | Z35: 33000 | AA35: =SUM(C35:Z35) -> 792000 | AB35: 21 | AC35: =+AA35*AB35 -> 16632000 | AD35: =+SUM(AC35:AC38) -> 24552000
B36: Sábado | C36: 33000 | D36: 33000 | E36: 33000 | F36: 33000 | G36: 33000 | H36: 33000 | I36: 33000 | J36: 33000 | K36: 33000 | L36: 33000 | M36: 33000 | N36: 33000 | O36: 33000 | P36: 33000 | Q36: 33000 | R36: 33000 | S36: 33000 | T36: 33000 | U36: 33000 | V36: 33000 | W36: 33000 | X36: 33000 | Y36: 33000 | Z36: 33000 | AA36: =SUM(C36:Z36) -> 792000 | AB36: 3 | AC36: =+AA36*AB36 -> 2376000
B37: Domingo | C37: 33000 | D37: 33000 | E37: 33000 | F37: 33000 | G37: 33000 | H37: 33000 | I37: 33000 | J37: 33000 | K37: 33000 | L37: 33000 | M37: 33000 | N37: 33000 | O37: 33000 | P37: 33000 | Q37: 33000 | R37: 33000 | S37: 33000 | T37: 33000 | U37: 33000 | V37: 33000 | W37: 33000 | X37: 33000 | Y37: 33000 | Z37: 33000 | AA37: =SUM(C37:Z37) -> 792000 | AB37: 5 | AC37: =+AA37*AB37 -> 3960000
B38: Festivo | C38: 33000 | D38: 33000 | E38: 33000 | F38: 33000 | G38: 33000 | H38: 33000 | I38: 33000 | J38: 33000 | K38: 33000 | L38: 33000 | M38: 33000 | N38: 33000 | O38: 33000 | P38: 33000 | Q38: 33000 | R38: 33000 | S38: 33000 | T38: 33000 | U38: 33000 | V38: 33000 | W38: 33000 | X38: 33000 | Y38: 33000 | Z38: 33000 | AA38: =SUM(C38:Z38) -> 792000 | AB38: 2 | AC38: =+AA38*AB38 -> 1584000
A39: 46631 | B39: Hábil | C39: 33000 | D39: 33000 | E39: 33000 | F39: 33000 | G39: 33000 | H39: 33000 | I39: 33000 | J39: 33000 | K39: 33000 | L39: 33000 | M39: 33000 | N39: 33000 | O39: 33000 | P39: 33000 | Q39: 33000 | R39: 33000 | S39: 33000 | T39: 33000 | U39: 33000 | V39: 33000 | W39: 33000 | X39: 33000 | Y39: 33000 | Z39: 33000 | AA39: =SUM(C39:Z39) -> 792000 | AB39: 22 | AC39: =+AA39*AB39 -> 17424000 | AD39: =+SUM(AC39:AC42) -> 23760000
B40: Sábado | C40: 33000 | D40: 33000 | E40: 33000 | F40: 33000 | G40: 33000 | H40: 33000 | I40: 33000 | J40: 33000 | K40: 33000 | L40: 33000 | M40: 33000 | N40: 33000 | O40: 33000 | P40: 33000 | Q40: 33000 | R40: 33000 | S40: 33000 | T40: 33000 | U40: 33000 | V40: 33000 | W40: 33000 | X40: 33000 | Y40: 33000 | Z40: 33000 | AA40: =SUM(C40:Z40) -> 792000 | AB40: 4 | AC40: =+AA40*AB40 -> 3168000
B41: Domingo | C41: 33000 | D41: 33000 | E41: 33000 | F41: 33000 | G41: 33000 | H41: 33000 | I41: 33000 | J41: 33000 | K41: 33000 | L41: 33000 | M41: 33000 | N41: 33000 | O41: 33000 | P41: 33000 | Q41: 33000 | R41: 33000 | S41: 33000 | T41: 33000 | U41: 33000 | V41: 33000 | W41: 33000 | X41: 33000 | Y41: 33000 | Z41: 33000 | AA41: =SUM(C41:Z41) -> 792000 | AB41: 4 | AC41: =+AA41*AB41 -> 3168000
B42: Festivo | C42: 0 | D42: 0 | E42: 0 | F42: 0 | G42: 0 | H42: 0 | I42: 0 | J42: 0 | K42: 0 | L42: 0 | M42: 0 | N42: 0 | O42: 0 | P42: 0 | Q42: 0 | R42: 0 | S42: 0 | T42: 0 | U42: 0 | V42: 0 | W42: 0 | X42: 0 | Y42: 0 | Z42: 0 | AA42: =SUM(C42:Z42) -> 0 | AB42: 0 | AC42: =+AA42*AB42 -> 0
A43: 46661 | B43: Hábil | C43: 33000 | D43: 33000 | E43: 33000 | F43: 33000 | G43: 33000 | H43: 33000 | I43: 33000 | J43: 33000 | K43: 33000 | L43: 33000 | M43: 33000 | N43: 33000 | O43: 33000 | P43: 33000 | Q43: 33000 | R43: 33000 | S43: 33000 | T43: 33000 | U43: 33000 | V43: 33000 | W43: 33000 | X43: 33000 | Y43: 33000 | Z43: 33000 | AA43: =SUM(C43:Z43) -> 792000 | AB43: 20 | AC43: =+AA43*AB43 -> 15840000 | AD43: =+SUM(AC43:AC46) -> 24552000
B44: Sábado | C44: 33000 | D44: 33000 | E44: 33000 | F44: 33000 | G44: 33000 | H44: 33000 | I44: 33000 | J44: 33000 | K44: 33000 | L44: 33000 | M44: 33000 | N44: 33000 | O44: 33000 | P44: 33000 | Q44: 33000 | R44: 33000 | S44: 33000 | T44: 33000 | U44: 33000 | V44: 33000 | W44: 33000 | X44: 33000 | Y44: 33000 | Z44: 33000 | AA44: =SUM(C44:Z44) -> 792000 | AB44: 5 | AC44: =+AA44*AB44 -> 3960000
B45: Domingo | C45: 33000 | D45: 33000 | E45: 33000 | F45: 33000 | G45: 33000 | H45: 33000 | I45: 33000 | J45: 33000 | K45: 33000 | L45: 33000 | M45: 33000 | N45: 33000 | O45: 33000 | P45: 33000 | Q45: 33000 | R45: 33000 | S45: 33000 | T45: 33000 | U45: 33000 | V45: 33000 | W45: 33000 | X45: 33000 | Y45: 33000 | Z45: 33000 | AA45: =SUM(C45:Z45) -> 792000 | AB45: 5 | AC45: =+AA45*AB45 -> 3960000
B46: Festivo | C46: 33000 | D46: 33000 | E46: 33000 | F46: 33000 | G46: 33000 | H46: 33000 | I46: 33000 | J46: 33000 | K46: 33000 | L46: 33000 | M46: 33000 | N46: 33000 | O46: 33000 | P46: 33000 | Q46: 33000 | R46: 33000 | S46: 33000 | T46: 33000 | U46: 33000 | V46: 33000 | W46: 33000 | X46: 33000 | Y46: 33000 | Z46: 33000 | AA46: =SUM(C46:Z46) -> 792000 | AB46: 1 | AC46: =+AA46*AB46 -> 792000
A47: 46692 | B47: Hábil | C47: 33000 | D47: 33000 | E47: 33000 | F47: 33000 | G47: 33000 | H47: 33000 | I47: 33000 | J47: 33000 | K47: 33000 | L47: 33000 | M47: 33000 | N47: 33000 | O47: 33000 | P47: 33000 | Q47: 33000 | R47: 33000 | S47: 33000 | T47: 33000 | U47: 33000 | V47: 33000 | W47: 33000 | X47: 33000 | Y47: 33000 | Z47: 33000 | AA47: =SUM(C47:Z47) -> 792000 | AB47: 20 | AC47: =+AA47*AB47 -> 15840000 | AD47: =+SUM(AC47:AC50) -> 23760000
B48: Sábado | C48: 33000 | D48: 33000 | E48: 33000 | F48: 33000 | G48: 33000 | H48: 33000 | I48: 33000 | J48: 33000 | K48: 33000 | L48: 33000 | M48: 33000 | N48: 33000 | O48: 33000 | P48: 33000 | Q48: 33000 | R48: 33000 | S48: 33000 | T48: 33000 | U48: 33000 | V48: 33000 | W48: 33000 | X48: 33000 | Y48: 33000 | Z48: 33000 | AA48: =SUM(C48:Z48) -> 792000 | AB48: 4 | AC48: =+AA48*AB48 -> 3168000
B49: Domingo | C49: 33000 | D49: 33000 | E49: 33000 | F49: 33000 | G49: 33000 | H49: 33000 | I49: 33000 | J49: 33000 | K49: 33000 | L49: 33000 | M49: 33000 | N49: 33000 | O49: 33000 | P49: 33000 | Q49: 33000 | R49: 33000 | S49: 33000 | T49: 33000 | U49: 33000 | V49: 33000 | W49: 33000 | X49: 33000 | Y49: 33000 | Z49: 33000 | AA49: =SUM(C49:Z49) -> 792000 | AB49: 4 | AC49: =+AA49*AB49 -> 3168000
B50: Festivo | C50: 33000 | D50: 33000 | E50: 33000 | F50: 33000 | G50: 33000 | H50: 33000 | I50: 33000 | J50: 33000 | K50: 33000 | L50: 33000 | M50: 33000 | N50: 33000 | O50: 33000 | P50: 33000 | Q50: 33000 | R50: 33000 | S50: 33000 | T50: 33000 | U50: 33000 | V50: 33000 | W50: 33000 | X50: 33000 | Y50: 33000 | Z50: 33000 | AA50: =SUM(C50:Z50) -> 792000 | AB50: 2 | AC50: =+AA50*AB50 -> 1584000
A51: 46722 | B51: Hábil | C51: 33000 | D51: 33000 | E51: 33000 | F51: 33000 | G51: 33000 | H51: 33000 | I51: 33000 | J51: 33000 | K51: 33000 | L51: 33000 | M51: 33000 | N51: 33000 | O51: 33000 | P51: 33000 | Q51: 33000 | R51: 33000 | S51: 33000 | T51: 33000 | U51: 33000 | V51: 33000 | W51: 33000 | X51: 33000 | Y51: 33000 | Z51: 33000 | AA51: =SUM(C51:Z51) -> 792000 | AB51: 22 | AC51: =+AA51*AB51 -> 17424000 | AD51: =+SUM(AC51:AC54) -> 24552000
B52: Sábado | C52: 33000 | D52: 33000 | E52: 33000 | F52: 33000 | G52: 33000 | H52: 33000 | I52: 33000 | J52: 33000 | K52: 33000 | L52: 33000 | M52: 33000 | N52: 33000 | O52: 33000 | P52: 33000 | Q52: 33000 | R52: 33000 | S52: 33000 | T52: 33000 | U52: 33000 | V52: 33000 | W52: 33000 | X52: 33000 | Y52: 33000 | Z52: 33000 | AA52: =SUM(C52:Z52) -> 792000 | AB52: 3 | AC52: =+AA52*AB52 -> 2376000
B53: Domingo | C53: 33000 | D53: 33000 | E53: 33000 | F53: 33000 | G53: 33000 | H53: 33000 | I53: 33000 | J53: 33000 | K53: 33000 | L53: 33000 | M53: 33000 | N53: 33000 | O53: 33000 | P53: 33000 | Q53: 33000 | R53: 33000 | S53: 33000 | T53: 33000 | U53: 33000 | V53: 33000 | W53: 33000 | X53: 33000 | Y53: 33000 | Z53: 33000 | AA53: =SUM(C53:Z53) -> 792000 | AB53: 4 | AC53: =+AA53*AB53 -> 3168000
B54: Festivo | C54: 33000 | D54: 33000 | E54: 33000 | F54: 33000 | G54: 33000 | H54: 33000 | I54: 33000 | J54: 33000 | K54: 33000 | L54: 33000 | M54: 33000 | N54: 33000 | O54: 33000 | P54: 33000 | Q54: 33000 | R54: 33000 | S54: 33000 | T54: 33000 | U54: 33000 | V54: 33000 | W54: 33000 | X54: 33000 | Y54: 33000 | Z54: 33000 | AA54: =SUM(C54:Z54) -> 792000 | AB54: 2 | AC54: =+AA54*AB54 -> 1584000
AD55: =SUM(AD7:AD51) -> 289080000

Sheet OF P3
C1: * La energia a ofertar debe ser expresada únicamente en kilovatio (kWh) redondeado a cero decimales
C4: OFERTA PRODUCTO 3
C5: MES | D5: ENERGIA SOLICITADA (KWh) | E5: % | F5: ENERGIA OFERTADA (KWh) | G5: PRECIO $/kWh
C6: 47119 | D6: =+VLOOKUP(C6,'CURVA P3'!$A$4:$AD$55,30,FALSE) -> 34681994 | E6: % | G6: $/kWh
C7: 47150 | D7: =+VLOOKUP(C7,'CURVA P3'!$A$4:$AD$55,30,FALSE) -> 37564556
C8: 47178 | D8: =+VLOOKUP(C8,'CURVA P3'!$A$4:$AD$55,30,FALSE) -> 34606811
C9: 47209 | D9: =+VLOOKUP(C9,'CURVA P3'!$A$4:$AD$55,30,FALSE) -> 36860395
C10: 47239 | D10: =+VLOOKUP(C10,'CURVA P3'!$A$4:$AD$55,30,FALSE) -> 37145955
C11: 47270 | D11: =+VLOOKUP(C11,'CURVA P3'!$A$4:$AD$55,30,FALSE) -> 38564385
C12: 47300 | D12: =+VLOOKUP(C12,'CURVA P3'!$A$4:$AD$55,30,FALSE) -> 36644330
C13: 47331 | D13: =+VLOOKUP(C13,'CURVA P3'!$A$4:$AD$55,30,FALSE) -> 38267878
C14: 47362 | D14: =+VLOOKUP(C14,'CURVA P3'!$A$4:$AD$55,30,FALSE) -> 40109230
C15: 47392 | D15: =+VLOOKUP(C15,'CURVA P3'!$A$4:$AD$55,30,FALSE) -> 39254580
C16: 47423 | D16: =+VLOOKUP(C16,'CURVA P3'!$A$4:$AD$55,30,FALSE) -> 38870616
C17: 47453 | D17: =+VLOOKUP(C17,'CURVA P3'!$A$4:$AD$55,30,FALSE) -> 37280033
D18: =SUM(D6:D17) -> 449850763

Sheet CURVA P3
A1: Curva de distribucion en kwh
A2: * La energia a ofertar debe ser expresada únicamente en kilovatio (kWh) redondeado a cero decimales
A4: TOTAL | C4: =+AD55 -> 449850763
A5: MES | B5: DÍA | C5: HORA 01 | D5: HORA 02 | E5: HORA 03 | F5: HORA 04 | G5: HORA 05 | H5: HORA 06 | I5: HORA 07 | J5: HORA 08 | K5: HORA 09 | L5: HORA 10 | M5: HORA 11 | N5: HORA 12 | O5: HORA 13 | P5: HORA 14 | Q5: HORA 15 | R5: HORA 16 | S5: HORA 17 | T5: HORA 18 | U5: HORA 19 | V5: HORA 20 | W5: HORA 21 | X5: HORA 22 | Y5: HORA 23 | Z5: HORA 24 | AA5: TOTAL DÍA | AB5: NUMERO DÍAS | AC5: TOTAL DÍA MES | AD5: TOTAL MES
A7: 47119 | B7: Hábil | C7: 50734 | D7: 47502 | E7: 44893 | F7: 42973 | G7: 42369 | H7: 43525 | I7: 43877 | J7: 34803 | K7: 30488 | L7: 28809 | M7: 29156 | N7: 27931 | O7: 25350 | P7: 36515 | Q7: 53473 | R7: 65353 | S7: 70043 | T7: 68850 | U7: 71947 | V7: 70846 | W7: 69418 | X7: 67127 | Y7: 62458 | Z7: 56260 | AA7: =SUM(C7:Z7) -> 1184700 | AB7: 21 | AC7: =+AA7*AB7 -> 24878700 | AD7: =+SUM(AC7:AC10) -> 34681994
B8: Sábado | C8: 52409 | D8: 48832 | E8: 45926 | F8: 43784 | G8: 42911 | H8: 43290 | I8: 42906 | J8: 32987 | K8: 28664 | L8: 26873 | M8: 26568 | N8: 24777 | O8: 24000 | P8: 30955 | Q8: 43585 | R8: 54468 | S8: 59197 | T8: 61835 | U8: 68285 | V8: 67868 | W8: 65544 | X8: 63208 | Y8: 59983 | Z8: 55559 | AA8: =SUM(C8:Z8) -> 1114414 | AB8: 4 | AC8: =+AA8*AB8 -> 4457656
B9: Domingo | C9: 51565 | D9: 48222 | E9: 45398 | F9: 43172 | G9: 41903 | H9: 41277 | I9: 39644 | J9: 25647 | K9: 16706 | L9: 13145 | M9: 10996 | N9: 9065 | O9: 11717 | P9: 18098 | Q9: 29418 | R9: 41038 | S9: 47340 | T9: 52632 | U9: 60366 | V9: 62538 | W9: 62268 | X9: 61150 | Y9: 57537 | Z9: 52408 | AA9: =SUM(C9:Z9) -> 943250 | AB9: 4 | AC9: =+AA9*AB9 -> 3773000
B10: Festivo | C10: 41719 | D10: 40098 | E10: 38671 | F10: 37217 | G10: 36468 | H10: 35829 | I10: 33583 | J10: 18968 | K10: 9365 | L10: 5768 | M10: 4228 | N10: 2293 | O10: 5050 | P10: 11785 | Q10: 22839 | R10: 34112 | S10: 39906 | T10: 47180 | U10: 55548 | V10: 57080 | W10: 56207 | X10: 54390 | Y10: 51102 | Z10: 46913 | AA10: =SUM(C10:Z10) -> 786319 | AB10: 2 | AC10: =+AA10*AB10 -> 1572638
A11: 47150 | B11: Hábil | C11: 58326 | D11: 54371 | E11: 51584 | F11: 49711 | G11: 49640 | H11: 52884 | I11: 54401 | J11: 45983 | K11: 41099 | L11: 39048 | M11: 39454 | N11: 36545 | O11: 31369 | P11: 45498 | Q11: 64686 | R11: 77595 | S11: 82370 | T11: 78349 | U11: 79944 | V11: 79795 | W11: 78550 | X11: 75784 | Y11: 69794 | Z11: 62451 | AA11: =SUM(C11:Z11) -> 1399231 | AB11: 20 | AC11: =+AA11*AB11 -> 27984620 | AD11: =+SUM(AC11:AC14) -> 37564556
B12: Sábado | C12: 56427 | D12: 52634 | E12: 49937 | F12: 48081 | G12: 47460 | H12: 48509 | I12: 49614 | J12: 41370 | K12: 37511 | L12: 35673 | M12: 35308 | N12: 32883 | O12: 30567 | P12: 37301 | Q12: 50934 | R12: 62618 | S12: 67504 | T12: 68213 | U12: 73987 | V12: 74615 | W12: 72208 | X12: 69616 | Y12: 66238 | Z12: 61411 | AA12: =SUM(C12:Z12) -> 1270619 | AB12: 4 | AC12: =+AA12*AB12 -> 5082476
B13: Domingo | C13: 57952 | D13: 53917 | E13: 51108 | F13: 48856 | G13: 47601 | H13: 47219 | I13: 46156 | J13: 32827 | K13: 23322 | L13: 19914 | M13: 18025 | N13: 16245 | O13: 19029 | P13: 25458 | Q13: 37791 | R13: 50518 | S13: 57445 | T13: 60702 | U13: 67855 | V13: 71585 | W13: 72096 | X13: 71420 | Y13: 66850 | Z13: 60474 | AA13: =SUM(C13:Z13) -> 1124365 | AB13: 4 | AC13: =+AA13*AB13 -> 4497460
B14: Festivo | C14: 0 | D14: 0 | E14: 0 | F14: 0 | G14: 0 | H14: 0 | I14: 0 | J14: 0 | K14: 0 | L14: 0 | M14: 0 | N14: 0 | O14: 0 | P14: 0 | Q14: 0 | R14: 0 | S14: 0 | T14: 0 | U14: 0 | V14: 0 | W14: 0 | X14: 0 | Y14: 0 | Z14: 0 | AA14: =SUM(C14:Z14) -> 0 | AB14: 0 | AC14: =+AA14*AB14 -> 0
A15: 47178 | B15: Hábil | C15: 51101 | D15: 47388 | E15: 44817 | F15: 42960 | G15: 42754 | H15: 44893 | I15: 45199 | J15: 36499 | K15: 31631 | L15: 29188 | M15: 29105 | N15: 26682 | O15: 22748 | P15: 35665 | Q15: 53291 | R15: 65130 | S15: 70051 | T15: 67983 | U15: 70086 | V15: 69973 | W15: 69018 | X15: 66862 | Y15: 61977 | Z15: 55582 | AA15: =SUM(C15:Z15) -> 1180583 | AB15: 19 | AC15: =+AA15*AB15 -> 22431077 | AD15: =+SUM(AC15:AC18) -> 34606811
B16: Sábado | C16: 52927 | D16: 49035 | E16: 46276 | F16: 44067 | G16: 43091 | H16: 43283 | I16: 43521 | J16: 35115 | K16: 30678 | L16: 28374 | M16: 27941 | N16: 25208 | O16: 23215 | P16: 29931 | Q16: 42680 | R16: 53744 | S16: 58748 | T16: 60980 | U16: 66518 | V16: 66935 | W16: 65036 | X16: 63129 | Y16: 60487 | Z16: 56461 | AA16: =SUM(C16:Z16) -> 1117380 | AB16: 5 | AC16: =+AA16*AB16 -> 5586900
B17: Domingo | C17: 53216 | D17: 49475 | E17: 46809 | F17: 44647 | G17: 43354 | H17: 42520 | I17: 40722 | J17: 27061 | K17: 17863 | L17: 13739 | M17: 11084 | N17: 9445 | O17: 12203 | P17: 18690 | Q17: 30575 | R17: 42295 | S17: 48773 | T17: 53469 | U17: 60171 | V17: 63602 | W17: 64376 | X17: 64024 | Y17: 60049 | Z17: 54519 | AA17: =SUM(C17:Z17) -> 972681 | AB17: 4 | AC17: =+AA17*AB17 -> 3890724
B18: Festivo | C18: 44825 | D18: 41063 | E18: 38642 | F18: 36996 | G18: 36175 | H18: 35991 | I18: 35521 | J18: 24305 | K18: 16859 | L18: 14320 | M18: 13700 | N18: 12081 | O18: 12598 | P18: 19906 | Q18: 31195 | R18: 41792 | S18: 47075 | T18: 51087 | U18: 58643 | V18: 61941 | W18: 61863 | X18: 59914 | Y18: 54396 | Z18: 48482 | AA18: =SUM(C18:Z18) -> 899370 | AB18: 3 | AC18: =+AA18*AB18 -> 2698110
A19: 47209 | B19: Hábil | C19: 53919 | D19: 50010 | E19: 47334 | F19: 45454 | G19: 45249 | H19: 46225 | I19: 47117 | J19: 39656 | K19: 36010 | L19: 34289 | M19: 34963 | N19: 33009 | O19: 28301 | P19: 41652 | Q19: 60295 | R19: 72089 | S19: 76368 | T19: 73378 | U19: 75014 | V19: 74551 | W19: 73813 | X19: 71465 | Y19: 66237 | Z19: 59347 | AA19: =SUM(C19:Z19) -> 1285745 | AB19: 21 | AC19: =+AA19*AB19 -> 27000645 | AD19: =+SUM(AC19:AC22) -> 36860395
B20: Sábado | C20: 54928 | D20: 51010 | E20: 48150 | F20: 45980 | G20: 45085 | H20: 44011 | I20: 44873 | J20: 36483 | K20: 33043 | L20: 31480 | M20: 31209 | N20: 29212 | O20: 27616 | P20: 34691 | Q20: 47795 | R20: 58719 | S20: 63062 | T20: 64716 | U20: 69798 | V20: 69182 | W20: 67168 | X20: 64969 | Y20: 61993 | Z20: 57897 | AA20: =SUM(C20:Z20) -> 1183070 | AB20: 4 | AC20: =+AA20*AB20 -> 4732280
B21: Domingo | C21: 55133 | D21: 51055 | E21: 48085 | F21: 45716 | G21: 44354 | H21: 42478 | I21: 41547 | J21: 28614 | K21: 19596 | L21: 15951 | M21: 14180 | N21: 13026 | O21: 15711 | P21: 22412 | Q21: 34556 | R21: 46310 | S21: 52377 | T21: 56388 | U21: 63027 | V21: 65752 | W21: 65741 | X21: 65448 | Y21: 61853 | Z21: 56184 | AA21: =SUM(C21:Z21) -> 1025494 | AB21: 5 | AC21: =+AA21*AB21 -> 5127470
B22: Festivo | C22: 0 | D22: 0 | E22: 0 | F22: 0 | G22: 0 | H22: 0 | I22: 0 | J22: 0 | K22: 0 | L22: 0 | M22: 0 | N22: 0 | O22: 0 | P22: 0 | Q22: 0 | R22: 0 | S22: 0 | T22: 0 | U22: 0 | V22: 0 | W22: 0 | X22: 0 | Y22: 0 | Z22: 0 | AA22: =SUM(C22:Z22) -> 0 | AB22: 0 | AC22: =+AA22*AB22 -> 0
A23: 47239 | B23: Hábil | C23: 53931 | D23: 50223 | E23: 47490 | F23: 45577 | G23: 45080 | H23: 44651 | I23: 45911 | J23: 38727 | K23: 35791 | L23: 34376 | M23: 34820 | N23: 32616 | O23: 28094 | P23: 41114 | Q23: 59277 | R23: 70323 | S23: 74257 | T23: 71253 | U23: 72504 | V23: 72600 | W23: 72308 | X23: 70408 | Y23: 65503 | Z23: 59017 | AA23: =SUM(C23:Z23) -> 1265851 | AB23: 21 | AC23: =+AA23*AB23 -> 26582871 | AD23: =+SUM(AC23:AC26) -> 37145955
B24: Sábado | C24: 56647 | D24: 52445 | E24: 49360 | F24: 46971 | G24: 45994 | H24: 44045 | I24: 45072 | J24: 36765 | K24: 33985 | L24: 32856 | M24: 32615 | N24: 29973 | O24: 27867 | P24: 34608 | Q24: 46981 | R24: 57739 | S24: 61839 | T24: 62660 | U24: 67459 | V24: 68151 | W24: 66505 | X24: 64818 | Y24: 62128 | Z24: 58109 | AA24: =SUM(C24:Z24) -> 1185592 | AB24: 4 | AC24: =+AA24*AB24 -> 4742368
B25: Domingo | C25: 54403 | D25: 50795 | E25: 48051 | F25: 45776 | G25: 44321 | H25: 41363 | I25: 41233 | J25: 27966 | K25: 19110 | L25: 15450 | M25: 13870 | N25: 11868 | O25: 13406 | P25: 19475 | Q25: 31663 | R25: 42880 | S25: 48945 | T25: 53321 | U25: 59772 | V25: 62849 | W25: 63479 | X25: 63614 | Y25: 60693 | Z25: 55633 | AA25: =SUM(C25:Z25) -> 989936 | AB25: 4 | AC25: =+AA25*AB25 -> 3959744
B26: Festivo | C26: 46745 | D26: 43195 | E26: 40671 | F26: 38835 | G26: 37992 | H26: 36023 | I26: 36443 | J26: 24621 | K26: 16951 | L26: 14412 | M26: 13866 | N26: 12349 | O26: 13417 | P26: 20524 | Q26: 32598 | R26: 43646 | S26: 48821 | T26: 52175 | U26: 58908 | V26: 62663 | W26: 63094 | X26: 62120 | Y26: 57961 | Z26: 52456 | AA26: =SUM(C26:Z26) -> 930486 | AB26: 2 | AC26: =+AA26*AB26 -> 1860972
A27: 47270 | B27: Hábil | C27: 57627 | D27: 53657 | E27: 50733 | F27: 48727 | G27: 48210 | H27: 47527 | I27: 49629 | J27: 43360 | K27: 40579 | L27: 38947 | M27: 39320 | N27: 37413 | O27: 32168 | P27: 45064 | Q27: 63248 | R27: 74791 | S27: 79186 | T27: 75160 | U27: 75622 | V27: 76379 | W27: 75521 | X27: 73237 | Y27: 68406 | Z27: 61914 | AA27: =SUM(C27:Z27) -> 1356425 | AB27: 19 | AC27: =+AA27*AB27 -> 25772075 | AD27: =+SUM(AC27:AC30) -> 38564385
B28: Sábado | C28: 58866 | D28: 55007 | E28: 52081 | F28: 49913 | G28: 49163 | H28: 47281 | I28: 49120 | J28: 41405 | K28: 38265 | L28: 36716 | M28: 36531 | N28: 34030 | O28: 31543 | P28: 37512 | Q28: 50881 | R28: 62249 | S28: 66699 | T28: 67311 | U28: 71209 | V28: 72332 | W28: 70326 | X28: 68247 | Y28: 65411 | Z28: 61398 | AA28: =SUM(C28:Z28) -> 1273496 | AB28: 5 | AC28: =+AA28*AB28 -> 6367480
B29: Domingo | C29: 58352 | D29: 54648 | E29: 51893 | F29: 49666 | G29: 48341 | H29: 45459 | I29: 45233 | J29: 32508 | K29: 22793 | L29: 19696 | M29: 16867 | N29: 14699 | O29: 16938 | P29: 23118 | Q29: 34986 | R29: 46564 | S29: 53363 | T29: 56570 | U29: 62724 | V29: 67312 | W29: 67687 | X29: 67488 | Y29: 64858 | Z29: 60243 | AA29: =SUM(C29:Z29) -> 1082006 | AB29: 4 | AC29: =+AA29*AB29 -> 4328024
B30: Festivo | C30: 51453 | D30: 47869 | E30: 45395 | F30: 43415 | G30: 42678 | H30: 40566 | I30: 41018 | J30: 30259 | K30: 23353 | L30: 21327 | M30: 21000 | N30: 19253 | O30: 19874 | P30: 26641 | Q30: 38307 | R30: 48845 | S30: 53775 | T30: 56078 | U30: 61954 | V30: 67044 | W30: 66726 | X30: 65241 | Y30: 61020 | Z30: 55312 | AA30: =SUM(C30:Z30) -> 1048403 | AB30: 2 | AC30: =+AA30*AB30 -> 2096806
A31: 47300 | B31: Hábil | C31: 54444 | D31: 50601 | E31: 47844 | F31: 45732 | G31: 45082 | H31: 45041 | I31: 46546 | J31: 39393 | K31: 36321 | L31: 34708 | M31: 35026 | N31: 32351 | O31: 26951 | P31: 39685 | Q31: 57532 | R31: 68930 | S31: 72856 | T31: 69468 | U31: 69380 | V31: 71374 | W31: 71028 | X31: 69310 | Y31: 64853 | Z31: 58722 | AA31: =SUM(C31:Z31) -> 1253178 | AB31: 20 | AC31: =+AA31*AB31 -> 25063560 | AD31: =+SUM(AC31:AC34) -> 36644330
B32: Sábado | C32: 53654 | D32: 49953 | E32: 47380 | F32: 45304 | G32: 44511 | H32: 43114 | I32: 44234 | J32: 36267 | K32: 32704 | L32: 31150 | M32: 30406 | N32: 28493 | O32: 26347 | P32: 32955 | Q32: 46007 | R32: 56416 | S32: 60565 | T32: 61174 | U32: 65207 | V32: 67738 | W32: 65795 | X32: 64037 | Y32: 61809 | Z32: 58273 | AA32: =SUM(C32:Z32) -> 1153493 | AB32: 4 | AC32: =+AA32*AB32 -> 4613972
B33: Domingo | C33: 55494 | D33: 51667 | E33: 48824 | F33: 46705 | G33: 45291 | H33: 42879 | I33: 42325 | J33: 28532 | K33: 19483 | L33: 15639 | M33: 13306 | N33: 10772 | O33: 13361 | P33: 19636 | Q33: 30920 | R33: 42861 | S33: 48867 | T33: 53259 | U33: 58287 | V33: 63123 | W33: 63885 | X33: 63822 | Y33: 60903 | Z33: 56303 | AA33: =SUM(C33:Z33) -> 996144 | AB33: 5 | AC33: =+AA33*AB33 -> 4980720
B34: Festivo | C34: 50971 | D34: 47271 | E34: 44517 | F34: 42723 | G34: 41840 | H34: 40205 | I34: 40317 | J34: 28865 | K34: 21603 | L34: 18747 | M34: 17403 | N34: 15040 | O34: 14981 | P34: 22480 | Q34: 34560 | R34: 45893 | S34: 51134 | T34: 53554 | U34: 58569 | V34: 63958 | W34: 63872 | X34: 62645 | Y34: 58755 | Z34: 53136 | AA34: =SUM(C34:Z34) -> 993039 | AB34: 2 | AC34: =+AA34*AB34 -> 1986078
A35: 47331 | B35: Hábil | C35: 55808 | D35: 51917 | E35: 48969 | F35: 46741 | G35: 45992 | H35: 45975 | I35: 46880 | J35: 39727 | K35: 36413 | L35: 35374 | M35: 35891 | N35: 33745 | O35: 28535 | P35: 42243 | Q35: 60887 | R35: 72186 | S35: 76192 | T35: 72230 | U35: 72786 | V35: 73605 | W35: 73531 | X35: 72085 | Y35: 67391 | Z35: 61229 | AA35: =SUM(C35:Z35) -> 1296332 | AB35: 21 | AC35: =+AA35*AB35 -> 27222972 | AD35: =+SUM(AC35:AC38) -> 38267878
B36: Sábado | C36: 59763 | D36: 55578 | E36: 52350 | F36: 49854 | G36: 48534 | H36: 46951 | I36: 47526 | J36: 39727 | K36: 36224 | L36: 35125 | M36: 34292 | N36: 33064 | O36: 30194 | P36: 37335 | Q36: 50223 | R36: 60867 | S36: 65294 | T36: 65214 | U36: 69952 | V36: 70613 | W36: 68585 | X36: 67573 | Y36: 65564 | Z36: 61773 | AA36: =SUM(C36:Z36) -> 1252175 | AB36: 4 | AC36: =+AA36*AB36 -> 5008700
B37: Domingo | C37: 58045 | D37: 54076 | E37: 50919 | F37: 48489 | G37: 46672 | H37: 43537 | I37: 42284 | J37: 29323 | K37: 19977 | L37: 15558 | M37: 13763 | N37: 10740 | O37: 13432 | P37: 21119 | Q37: 32455 | R37: 44214 | S37: 49109 | T37: 52686 | U37: 59105 | V37: 62671 | W37: 63600 | X37: 63948 | Y37: 61321 | Z37: 56518 | AA37: =SUM(C37:Z37) -> 1013561 | AB37: 4 | AC37: =+AA37*AB37 -> 4054244
B38: Festivo | C38: 48810 | D38: 45549 | E38: 42951 | F38: 41186 | G38: 40339 | H38: 38711 | I38: 38212 | J38: 26612 | K38: 19449 | L38: 17688 | M38: 17136 | N38: 15935 | O38: 16882 | P38: 23894 | Q38: 35904 | R38: 47611 | S38: 52512 | T38: 54157 | U38: 60622 | V38: 64032 | W38: 63852 | X38: 63865 | Y38: 60272 | Z38: 54800 | AA38: =SUM(C38:Z38) -> 990981 | AB38: 2 | AC38: =+AA38*AB38 -> 1981962
A39: 47362 | B39: Hábil | C39: 59558 | D39: 55238 | E39: 52042 | F39: 49580 | G39: 48701 | H39: 48494 | I39: 49742 | J39: 43125 | K39: 40194 | L39: 39373 | M39: 40195 | N39: 38089 | O39: 33109 | P39: 47574 | Q39: 66200 | R39: 77516 | S39: 80809 | T39: 77700 | U39: 79159 | V39: 77582 | W39: 77227 | X39: 75897 | Y39: 71194 | Z39: 64375 | AA39: =SUM(C39:Z39) -> 1392673 | AB39: 20 | AC39: =+AA39*AB39 -> 27853460 | AD39: =+SUM(AC39:AC42) -> 40109230
B40: Sábado | C40: 61096 | D40: 57115 | E40: 53961 | F40: 51296 | G40: 50023 | H40: 48218 | I40: 49229 | J40: 42116 | K40: 39356 | L40: 37996 | M40: 38439 | N40: 36529 | O40: 34165 | P40: 41606 | Q40: 54979 | R40: 65542 | S40: 69236 | T40: 70642 | U40: 76164 | V40: 74703 | W40: 72129 | X40: 70232 | Y40: 68003 | Z40: 64297 | AA40: =SUM(C40:Z40) -> 1327072 | AB40: 5 | AC40: =+AA40*AB40 -> 6635360
B41: Domingo | C41: 60279 | D41: 56417 | E41: 53448 | F41: 51075 | G41: 49460 | H41: 47016 | I41: 46355 | J41: 33066 | K41: 23470 | L41: 19026 | M41: 17504 | N41: 16095 | O41: 17837 | P41: 25392 | Q41: 38220 | R41: 49580 | S41: 55347 | T41: 59434 | U41: 66741 | V41: 68825 | W41: 70017 | X41: 70520 | Y41: 67307 | Z41: 61651 | AA41: =SUM(C41:Z41) -> 1124082 | AB41: 5 | AC41: =+AA41*AB41 -> 5620410
B42: Festivo | C42: 0 | D42: 0 | E42: 0 | F42: 0 | G42: 0 | H42: 0 | I42: 0 | J42: 0 | K42: 0 | L42: 0 | M42: 0 | N42: 0 | O42: 0 | P42: 0 | Q42: 0 | R42: 0 | S42: 0 | T42: 0 | U42: 0 | V42: 0 | W42: 0 | X42: 0 | Y42: 0 | Z42: 0 | AA42: =SUM(C42:Z42) -> 0 | AB42: 0 | AC42: =+AA42*AB42 -> 0
A43: 47392 | B43: Hábil | C43: 55355 | D43: 51393 | E43: 48552 | F43: 46584 | G43: 46007 | H43: 45782 | I43: 47183 | J43: 40395 | K43: 38333 | L43: 37660 | M43: 38640 | N43: 37055 | O43: 32239 | P43: 45929 | Q43: 64229 | R43: 74853 | S43: 78343 | T43: 78383 | U43: 78362 | V43: 75286 | W43: 73563 | X43: 71261 | Y43: 66201 | Z43: 59835 | AA43: =SUM(C43:Z43) -> 1331423 | AB43: 22 | AC43: =+AA43*AB43 -> 29291306 | AD43: =+SUM(AC43:AC46) -> 39254580
B44: Sábado | C44: 53769 | D44: 49843 | E44: 47087 | F44: 44888 | G44: 43987 | H44: 42684 | I44: 43636 | J44: 35565 | K44: 33421 | L44: 32674 | M44: 32974 | N44: 31331 | O44: 29615 | P44: 35804 | Q44: 48488 | R44: 58333 | S44: 62774 | T44: 66991 | U44: 70639 | V44: 68320 | W44: 66033 | X44: 63518 | Y44: 60393 | Z44: 56310 | AA44: =SUM(C44:Z44) -> 1179077 | AB44: 4 | AC44: =+AA44*AB44 -> 4716308
B45: Domingo | C45: 55156 | D45: 51511 | E45: 48748 | F45: 46374 | G45: 44854 | H45: 42587 | I45: 42060 | J45: 28200 | K45: 19264 | L45: 16218 | M45: 14499 | N45: 13417 | O45: 15633 | P45: 22143 | Q45: 33859 | R45: 45939 | S45: 51882 | T45: 58853 | U45: 64329 | V45: 65169 | W45: 65564 | X45: 65227 | Y45: 61824 | Z45: 56840 | AA45: =SUM(C45:Z45) -> 1030150 | AB45: 4 | AC45: =+AA45*AB45 -> 4120600
B46: Festivo | C46: 54220 | D46: 50480 | E46: 47809 | F46: 45833 | G46: 44905 | H46: 42222 | I46: 41841 | J46: 31325 | K46: 24960 | L46: 23598 | M46: 23028 | N46: 20428 | O46: 22976 | P46: 30469 | Q46: 43478 | R46: 53677 | S46: 58654 | T46: 63859 | U46: 69169 | V46: 70612 | W46: 70570 | X46: 69215 | Y46: 64627 | Z46: 58411 | AA46: =SUM(C46:Z46) -> 1126366 | AB46: 1 | AC46: =+AA46*AB46 -> 1126366
A47: 47423 | B47: Hábil | C47: 55106 | D47: 51251 | E47: 48525 | F47: 46758 | G47: 46544 | H47: 47023 | I47: 49302 | J47: 42858 | K47: 40328 | L47: 39163 | M47: 40015 | N47: 38400 | O47: 33395 | P47: 46137 | Q47: 64207 | R47: 75946 | S47: 79961 | T47: 81487 | U47: 81225 | V47: 77581 | W47: 75347 | X47: 71988 | Y47: 66478 | Z47: 59806 | AA47: =SUM(C47:Z47) -> 1358831 | AB47: 20 | AC47: =+AA47*AB47 -> 27176620 | AD47: =+SUM(AC47:AC50) -> 38870616
B48: Sábado | C48: 56523 | D48: 52621 | E48: 49830 | F48: 47620 | G48: 46784 | H48: 45772 | I48: 47075 | J48: 39960 | K48: 38013 | L48: 37800 | M48: 37480 | N48: 35605 | O48: 33104 | P48: 39363 | Q48: 51929 | R48: 62228 | S48: 66753 | T48: 71853 | U48: 74805 | V48: 72067 | W48: 69215 | X48: 65966 | Y48: 62602 | Z48: 58492 | AA48: =SUM(C48:Z48) -> 1263460 | AB48: 4 | AC48: =+AA48*AB48 -> 5053840
B49: Domingo | C49: 55482 | D49: 51862 | E49: 49110 | F49: 46903 | G49: 45537 | H49: 43730 | I49: 43545 | J49: 31156 | K49: 23261 | L49: 20196 | M49: 19387 | N49: 17587 | O49: 20157 | P49: 26389 | Q49: 37825 | R49: 48655 | S49: 54621 | T49: 62949 | U49: 67397 | V49: 67502 | W49: 66660 | X49: 65311 | Y49: 62113 | Z49: 57206 | AA49: =SUM(C49:Z49) -> 1084541 | AB49: 4 | AC49: =+AA49*AB49 -> 4338164
B50: Festivo | C50: 53536 | D50: 49713 | E50: 47190 | F50: 45370 | G50: 44640 | H50: 43136 | I50: 43060 | J50: 32692 | K50: 26261 | L50: 25053 | M50: 25306 | N50: 24200 | O50: 25214 | P50: 33139 | Q50: 44825 | R50: 55449 | S50: 60910 | T50: 67831 | U50: 72087 | V50: 71938 | W50: 70649 | X50: 68204 | Y50: 63204 | Z50: 57389 | AA50: =SUM(C50:Z50) -> 1150996 | AB50: 2 | AC50: =+AA50*AB50 -> 2301992
A51: 47453 | B51: Hábil | C51: 54401 | D51: 50591 | E51: 47944 | F51: 45995 | G51: 45379 | H51: 45453 | I51: 46105 | J51: 38608 | K51: 35452 | L51: 34321 | M51: 34592 | N51: 32945 | O51: 29521 | P51: 39720 | Q51: 56666 | R51: 68269 | S51: 73197 | T51: 74231 | U51: 76970 | V51: 73725 | W51: 70737 | X51: 68006 | Y51: 63942 | Z51: 58650 | AA51: =SUM(C51:Z51) -> 1265420 | AB51: 20 | AC51: =+AA51*AB51 -> 25308400 | AD51: =+SUM(AC51:AC54) -> 37280033
B52: Sábado | C52: 55881 | D52: 51849 | E52: 48858 | F52: 46666 | G52: 45659 | H52: 45335 | I52: 45435 | J52: 36442 | K52: 32780 | L52: 31295 | M52: 31234 | N52: 29419 | O52: 28834 | P52: 35590 | Q52: 48214 | R52: 58835 | S52: 63669 | T52: 68678 | U52: 74290 | V52: 72347 | W52: 68668 | X52: 65362 | Y52: 62114 | Z52: 58305 | AA52: =SUM(C52:Z52) -> 1205759 | AB52: 4 | AC52: =+AA52*AB52 -> 4823036
B53: Domingo | C53: 56716 | D53: 52893 | E53: 49953 | F53: 47737 | G53: 46332 | H53: 43793 | I53: 42655 | J53: 29861 | K53: 21739 | L53: 18979 | M53: 17684 | N53: 16134 | O53: 18383 | P53: 24915 | Q53: 36827 | R53: 49138 | S53: 55219 | T53: 62232 | U53: 69198 | V53: 68536 | W53: 66386 | X53: 63797 | Y53: 59998 | Z53: 55620 | AA53: =SUM(C53:Z53) -> 1074725 | AB53: 5 | AC53: =+AA53*AB53 -> 5373625
B54: Festivo | C54: 46337 | D54: 44339 | E54: 42727 | F54: 41147 | G54: 40086 | H54: 38931 | I54: 37248 | J54: 24244 | K54: 15196 | L54: 11823 | M54: 10160 | N54: 7925 | O54: 10066 | P54: 16886 | Q54: 27995 | R54: 39037 | S54: 45339 | T54: 51850 | U54: 58833 | V54: 59518 | W54: 58135 | X54: 56592 | Y54: 53684 | Z54: 49388 | AA54: =SUM(C54:Z54) -> 887486 | AB54: 2 | AC54: =+AA54*AB54 -> 1774972
AD55: =+SUM(AD7:AD54) -> 449850763

Sheet OF P4
C1: * La energia a ofertar debe ser expresada únicamente en kilovatio (kWh) redondeado a cero decimales
C4: OFERTA PRODUCTO 4
C5: MES | D5: ENERGIA SOLICITADA (KWh) | E5: % | F5: ENERGIA OFERTADA (KWh) | G5: PRECIO $/kWh
C6: 47119 | D6: =+VLOOKUP(C6,'PLANA P4'!$A$4:$AD$55,30,FALSE) -> 29760000 | E6: % | G6: $/kWh
C7: 47150 | D7: =+VLOOKUP(C7,'PLANA P4'!$A$4:$AD$55,30,FALSE) -> 26880000
C8: 47178 | D8: =+VLOOKUP(C8,'PLANA P4'!$A$4:$AD$55,30,FALSE) -> 29760000
C9: 47209 | D9: =+VLOOKUP(C9,'PLANA P4'!$A$4:$AD$55,30,FALSE) -> 28800000
C10: 47239 | D10: =+VLOOKUP(C10,'PLANA P4'!$A$4:$AD$55,30,FALSE) -> 29760000
C11: 47270 | D11: =+VLOOKUP(C11,'PLANA P4'!$A$4:$AD$55,30,FALSE) -> 28800000
C12: 47300 | D12: =+VLOOKUP(C12,'PLANA P4'!$A$4:$AD$55,30,FALSE) -> 29760000
C13: 47331 | D13: =+VLOOKUP(C13,'PLANA P4'!$A$4:$AD$55,30,FALSE) -> 29760000
C14: 47362 | D14: =+VLOOKUP(C14,'PLANA P4'!$A$4:$AD$55,30,FALSE) -> 28800000
C15: 47392 | D15: =+VLOOKUP(C15,'PLANA P4'!$A$4:$AD$55,30,FALSE) -> 29760000
C16: 47423 | D16: =+VLOOKUP(C16,'PLANA P4'!$A$4:$AD$55,30,FALSE) -> 28800000
C17: 47453 | D17: =+VLOOKUP(C17,'PLANA P4'!$A$4:$AD$55,30,FALSE) -> 29760000
D18: =SUM(D6:D17) -> 350400000

Sheet PLANA P4
A1: Curva de distribucion en kwh
A2: * La energia a ofertar debe ser expresada únicamente en kilovatio (kWh) redondeado a cero decimales
A4: TOTAL | C4: =+AD55 -> 350400000
A5: MES | B5: DÍA | C5: HORA 01 | D5: HORA 02 | E5: HORA 03 | F5: HORA 04 | G5: HORA 05 | H5: HORA 06 | I5: HORA 07 | J5: HORA 08 | K5: HORA 09 | L5: HORA 10 | M5: HORA 11 | N5: HORA 12 | O5: HORA 13 | P5: HORA 14 | Q5: HORA 15 | R5: HORA 16 | S5: HORA 17 | T5: HORA 18 | U5: HORA 19 | V5: HORA 20 | W5: HORA 21 | X5: HORA 22 | Y5: HORA 23 | Z5: HORA 24 | AA5: TOTAL DÍA | AB5: NUMERO DÍAS | AC5: TOTAL DÍA MES | AD5: TOTAL MES
A7: 47119 | B7: Hábil | C7: 40000 | D7: 40000 | E7: 40000 | F7: 40000 | G7: 40000 | H7: 40000 | I7: 40000 | J7: 40000 | K7: 40000 | L7: 40000 | M7: 40000 | N7: 40000 | O7: 40000 | P7: 40000 | Q7: 40000 | R7: 40000 | S7: 40000 | T7: 40000 | U7: 40000 | V7: 40000 | W7: 40000 | X7: 40000 | Y7: 40000 | Z7: 40000 | AA7: =SUM(C7:Z7) -> 960000 | AB7: 21 | AC7: =+AA7*AB7 -> 20160000 | AD7: =+SUM(AC7:AC10) -> 29760000
B8: Sábado | C8: 40000 | D8: 40000 | E8: 40000 | F8: 40000 | G8: 40000 | H8: 40000 | I8: 40000 | J8: 40000 | K8: 40000 | L8: 40000 | M8: 40000 | N8: 40000 | O8: 40000 | P8: 40000 | Q8: 40000 | R8: 40000 | S8: 40000 | T8: 40000 | U8: 40000 | V8: 40000 | W8: 40000 | X8: 40000 | Y8: 40000 | Z8: 40000 | AA8: =SUM(C8:Z8) -> 960000 | AB8: 4 | AC8: =+AA8*AB8 -> 3840000
B9: Domingo | C9: 40000 | D9: 40000 | E9: 40000 | F9: 40000 | G9: 40000 | H9: 40000 | I9: 40000 | J9: 40000 | K9: 40000 | L9: 40000 | M9: 40000 | N9: 40000 | O9: 40000 | P9: 40000 | Q9: 40000 | R9: 40000 | S9: 40000 | T9: 40000 | U9: 40000 | V9: 40000 | W9: 40000 | X9: 40000 | Y9: 40000 | Z9: 40000 | AA9: =SUM(C9:Z9) -> 960000 | AB9: 4 | AC9: =+AA9*AB9 -> 3840000
B10: Festivo | C10: 40000 | D10: 40000 | E10: 40000 | F10: 40000 | G10: 40000 | H10: 40000 | I10: 40000 | J10: 40000 | K10: 40000 | L10: 40000 | M10: 40000 | N10: 40000 | O10: 40000 | P10: 40000 | Q10: 40000 | R10: 40000 | S10: 40000 | T10: 40000 | U10: 40000 | V10: 40000 | W10: 40000 | X10: 40000 | Y10: 40000 | Z10: 40000 | AA10: =SUM(C10:Z10) -> 960000 | AB10: 2 | AC10: =+AA10*AB10 -> 1920000
A11: 47150 | B11: Hábil | C11: 40000 | D11: 40000 | E11: 40000 | F11: 40000 | G11: 40000 | H11: 40000 | I11: 40000 | J11: 40000 | K11: 40000 | L11: 40000 | M11: 40000 | N11: 40000 | O11: 40000 | P11: 40000 | Q11: 40000 | R11: 40000 | S11: 40000 | T11: 40000 | U11: 40000 | V11: 40000 | W11: 40000 | X11: 40000 | Y11: 40000 | Z11: 40000 | AA11: =SUM(C11:Z11) -> 960000 | AB11: 20 | AC11: =+AA11*AB11 -> 19200000 | AD11: =+SUM(AC11:AC14) -> 26880000
B12: Sábado | C12: 40000 | D12: 40000 | E12: 40000 | F12: 40000 | G12: 40000 | H12: 40000 | I12: 40000 | J12: 40000 | K12: 40000 | L12: 40000 | M12: 40000 | N12: 40000 | O12: 40000 | P12: 40000 | Q12: 40000 | R12: 40000 | S12: 40000 | T12: 40000 | U12: 40000 | V12: 40000 | W12: 40000 | X12: 40000 | Y12: 40000 | Z12: 40000 | AA12: =SUM(C12:Z12) -> 960000 | AB12: 4 | AC12: =+AA12*AB12 -> 3840000
B13: Domingo | C13: 40000 | D13: 40000 | E13: 40000 | F13: 40000 | G13: 40000 | H13: 40000 | I13: 40000 | J13: 40000 | K13: 40000 | L13: 40000 | M13: 40000 | N13: 40000 | O13: 40000 | P13: 40000 | Q13: 40000 | R13: 40000 | S13: 40000 | T13: 40000 | U13: 40000 | V13: 40000 | W13: 40000 | X13: 40000 | Y13: 40000 | Z13: 40000 | AA13: =SUM(C13:Z13) -> 960000 | AB13: 4 | AC13: =+AA13*AB13 -> 3840000
B14: Festivo | AA14: =SUM(C14:Z14) -> 0 | AB14: 0 | AC14: =+AA14*AB14 -> 0
A15: 47178 | B15: Hábil | C15: 40000 | D15: 40000 | E15: 40000 | F15: 40000 | G15: 40000 | H15: 40000 | I15: 40000 | J15: 40000 | K15: 40000 | L15: 40000 | M15: 40000 | N15: 40000 | O15: 40000 | P15: 40000 | Q15: 40000 | R15: 40000 | S15: 40000 | T15: 40000 | U15: 40000 | V15: 40000 | W15: 40000 | X15: 40000 | Y15: 40000 | Z15: 40000 | AA15: =SUM(C15:Z15) -> 960000 | AB15: 19 | AC15: =+AA15*AB15 -> 18240000 | AD15: =+SUM(AC15:AC18) -> 29760000
B16: Sábado | C16: 40000 | D16: 40000 | E16: 40000 | F16: 40000 | G16: 40000 | H16: 40000 | I16: 40000 | J16: 40000 | K16: 40000 | L16: 40000 | M16: 40000 | N16: 40000 | O16: 40000 | P16: 40000 | Q16: 40000 | R16: 40000 | S16: 40000 | T16: 40000 | U16: 40000 | V16: 40000 | W16: 40000 | X16: 40000 | Y16: 40000 | Z16: 40000 | AA16: =SUM(C16:Z16) -> 960000 | AB16: 5 | AC16: =+AA16*AB16 -> 4800000
B17: Domingo | C17: 40000 | D17: 40000 | E17: 40000 | F17: 40000 | G17: 40000 | H17: 40000 | I17: 40000 | J17: 40000 | K17: 40000 | L17: 40000 | M17: 40000 | N17: 40000 | O17: 40000 | P17: 40000 | Q17: 40000 | R17: 40000 | S17: 40000 | T17: 40000 | U17: 40000 | V17: 40000 | W17: 40000 | X17: 40000 | Y17: 40000 | Z17: 40000 | AA17: =SUM(C17:Z17) -> 960000 | AB17: 4 | AC17: =+AA17*AB17 -> 3840000
B18: Festivo | C18: 40000 | D18: 40000 | E18: 40000 | F18: 40000 | G18: 40000 | H18: 40000 | I18: 40000 | J18: 40000 | K18: 40000 | L18: 40000 | M18: 40000 | N18: 40000 | O18: 40000 | P18: 40000 | Q18: 40000 | R18: 40000 | S18: 40000 | T18: 40000 | U18: 40000 | V18: 40000 | W18: 40000 | X18: 40000 | Y18: 40000 | Z18: 40000 | AA18: =SUM(C18:Z18) -> 960000 | AB18: 3 | AC18: =+AA18*AB18 -> 2880000
A19: 47209 | B19: Hábil | C19: 40000 | D19: 40000 | E19: 40000 | F19: 40000 | G19: 40000 | H19: 40000 | I19: 40000 | J19: 40000 | K19: 40000 | L19: 40000 | M19: 40000 | N19: 40000 | O19: 40000 | P19: 40000 | Q19: 40000 | R19: 40000 | S19: 40000 | T19: 40000 | U19: 40000 | V19: 40000 | W19: 40000 | X19: 40000 | Y19: 40000 | Z19: 40000 | AA19: =SUM(C19:Z19) -> 960000 | AB19: 21 | AC19: =+AA19*AB19 -> 20160000 | AD19: =+SUM(AC19:AC22) -> 28800000
B20: Sábado | C20: 40000 | D20: 40000 | E20: 40000 | F20: 40000 | G20: 40000 | H20: 40000 | I20: 40000 | J20: 40000 | K20: 40000 | L20: 40000 | M20: 40000 | N20: 40000 | O20: 40000 | P20: 40000 | Q20: 40000 | R20: 40000 | S20: 40000 | T20: 40000 | U20: 40000 | V20: 40000 | W20: 40000 | X20: 40000 | Y20: 40000 | Z20: 40000 | AA20: =SUM(C20:Z20) -> 960000 | AB20: 4 | AC20: =+AA20*AB20 -> 3840000
B21: Domingo | C21: 40000 | D21: 40000 | E21: 40000 | F21: 40000 | G21: 40000 | H21: 40000 | I21: 40000 | J21: 40000 | K21: 40000 | L21: 40000 | M21: 40000 | N21: 40000 | O21: 40000 | P21: 40000 | Q21: 40000 | R21: 40000 | S21: 40000 | T21: 40000 | U21: 40000 | V21: 40000 | W21: 40000 | X21: 40000 | Y21: 40000 | Z21: 40000 | AA21: =SUM(C21:Z21) -> 960000 | AB21: 5 | AC21: =+AA21*AB21 -> 4800000
B22: Festivo | AA22: =SUM(C22:Z22) -> 0 | AB22: 0 | AC22: =+AA22*AB22 -> 0
A23: 47239 | B23: Hábil | C23: 40000 | D23: 40000 | E23: 40000 | F23: 40000 | G23: 40000 | H23: 40000 | I23: 40000 | J23: 40000 | K23: 40000 | L23: 40000 | M23: 40000 | N23: 40000 | O23: 40000 | P23: 40000 | Q23: 40000 | R23: 40000 | S23: 40000 | T23: 40000 | U23: 40000 | V23: 40000 | W23: 40000 | X23: 40000 | Y23: 40000 | Z23: 40000 | AA23: =SUM(C23:Z23) -> 960000 | AB23: 21 | AC23: =+AA23*AB23 -> 20160000 | AD23: =+SUM(AC23:AC26) -> 29760000
B24: Sábado | C24: 40000 | D24: 40000 | E24: 40000 | F24: 40000 | G24: 40000 | H24: 40000 | I24: 40000 | J24: 40000 | K24: 40000 | L24: 40000 | M24: 40000 | N24: 40000 | O24: 40000 | P24: 40000 | Q24: 40000 | R24: 40000 | S24: 40000 | T24: 40000 | U24: 40000 | V24: 40000 | W24: 40000 | X24: 40000 | Y24: 40000 | Z24: 40000 | AA24: =SUM(C24:Z24) -> 960000 | AB24: 4 | AC24: =+AA24*AB24 -> 3840000
B25: Domingo | C25: 40000 | D25: 40000 | E25: 40000 | F25: 40000 | G25: 40000 | H25: 40000 | I25: 40000 | J25: 40000 | K25: 40000 | L25: 40000 | M25: 40000 | N25: 40000 | O25: 40000 | P25: 40000 | Q25: 40000 | R25: 40000 | S25: 40000 | T25: 40000 | U25: 40000 | V25: 40000 | W25: 40000 | X25: 40000 | Y25: 40000 | Z25: 40000 | AA25: =SUM(C25:Z25) -> 960000 | AB25: 4 | AC25: =+AA25*AB25 -> 3840000
B26: Festivo | C26: 40000 | D26: 40000 | E26: 40000 | F26: 40000 | G26: 40000 | H26: 40000 | I26: 40000 | J26: 40000 | K26: 40000 | L26: 40000 | M26: 40000 | N26: 40000 | O26: 40000 | P26: 40000 | Q26: 40000 | R26: 40000 | S26: 40000 | T26: 40000 | U26: 40000 | V26: 40000 | W26: 40000 | X26: 40000 | Y26: 40000 | Z26: 40000 | AA26: =SUM(C26:Z26) -> 960000 | AB26: 2 | AC26: =+AA26*AB26 -> 1920000
A27: 47270 | B27: Hábil | C27: 40000 | D27: 40000 | E27: 40000 | F27: 40000 | G27: 40000 | H27: 40000 | I27: 40000 | J27: 40000 | K27: 40000 | L27: 40000 | M27: 40000 | N27: 40000 | O27: 40000 | P27: 40000 | Q27: 40000 | R27: 40000 | S27: 40000 | T27: 40000 | U27: 40000 | V27: 40000 | W27: 40000 | X27: 40000 | Y27: 40000 | Z27: 40000 | AA27: =SUM(C27:Z27) -> 960000 | AB27: 19 | AC27: =+AA27*AB27 -> 18240000 | AD27: =+SUM(AC27:AC30) -> 28800000
B28: Sábado | C28: 40000 | D28: 40000 | E28: 40000 | F28: 40000 | G28: 40000 | H28: 40000 | I28: 40000 | J28: 40000 | K28: 40000 | L28: 40000 | M28: 40000 | N28: 40000 | O28: 40000 | P28: 40000 | Q28: 40000 | R28: 40000 | S28: 40000 | T28: 40000 | U28: 40000 | V28: 40000 | W28: 40000 | X28: 40000 | Y28: 40000 | Z28: 40000 | AA28: =SUM(C28:Z28) -> 960000 | AB28: 5 | AC28: =+AA28*AB28 -> 4800000
B29: Domingo | C29: 40000 | D29: 40000 | E29: 40000 | F29: 40000 | G29: 40000 | H29: 40000 | I29: 40000 | J29: 40000 | K29: 40000 | L29: 40000 | M29: 40000 | N29: 40000 | O29: 40000 | P29: 40000 | Q29: 40000 | R29: 40000 | S29: 40000 | T29: 40000 | U29: 40000 | V29: 40000 | W29: 40000 | X29: 40000 | Y29: 40000 | Z29: 40000 | AA29: =SUM(C29:Z29) -> 960000 | AB29: 4 | AC29: =+AA29*AB29 -> 3840000
B30: Festivo | C30: 40000 | D30: 40000 | E30: 40000 | F30: 40000 | G30: 40000 | H30: 40000 | I30: 40000 | J30: 40000 | K30: 40000 | L30: 40000 | M30: 40000 | N30: 40000 | O30: 40000 | P30: 40000 | Q30: 40000 | R30: 40000 | S30: 40000 | T30: 40000 | U30: 40000 | V30: 40000 | W30: 40000 | X30: 40000 | Y30: 40000 | Z30: 40000 | AA30: =SUM(C30:Z30) -> 960000 | AB30: 2 | AC30: =+AA30*AB30 -> 1920000
A31: 47300 | B31: Hábil | C31: 40000 | D31: 40000 | E31: 40000 | F31: 40000 | G31: 40000 | H31: 40000 | I31: 40000 | J31: 40000 | K31: 40000 | L31: 40000 | M31: 40000 | N31: 40000 | O31: 40000 | P31: 40000 | Q31: 40000 | R31: 40000 | S31: 40000 | T31: 40000 | U31: 40000 | V31: 40000 | W31: 40000 | X31: 40000 | Y31: 40000 | Z31: 40000 | AA31: =SUM(C31:Z31) -> 960000 | AB31: 20 | AC31: =+AA31*AB31 -> 19200000 | AD31: =+SUM(AC31:AC34) -> 29760000
B32: Sábado | C32: 40000 | D32: 40000 | E32: 40000 | F32: 40000 | G32: 40000 | H32: 40000 | I32: 40000 | J32: 40000 | K32: 40000 | L32: 40000 | M32: 40000 | N32: 40000 | O32: 40000 | P32: 40000 | Q32: 40000 | R32: 40000 | S32: 40000 | T32: 40000 | U32: 40000 | V32: 40000 | W32: 40000 | X32: 40000 | Y32: 40000 | Z32: 40000 | AA32: =SUM(C32:Z32) -> 960000 | AB32: 4 | AC32: =+AA32*AB32 -> 3840000
B33: Domingo | C33: 40000 | D33: 40000 | E33: 40000 | F33: 40000 | G33: 40000 | H33: 40000 | I33: 40000 | J33: 40000 | K33: 40000 | L33: 40000 | M33: 40000 | N33: 40000 | O33: 40000 | P33: 40000 | Q33: 40000 | R33: 40000 | S33: 40000 | T33: 40000 | U33: 40000 | V33: 40000 | W33: 40000 | X33: 40000 | Y33: 40000 | Z33: 40000 | AA33: =SUM(C33:Z33) -> 960000 | AB33: 5 | AC33: =+AA33*AB33 -> 4800000
B34: Festivo | C34: 40000 | D34: 40000 | E34: 40000 | F34: 40000 | G34: 40000 | H34: 40000 | I34: 40000 | J34: 40000 | K34: 40000 | L34: 40000 | M34: 40000 | N34: 40000 | O34: 40000 | P34: 40000 | Q34: 40000 | R34: 40000 | S34: 40000 | T34: 40000 | U34: 40000 | V34: 40000 | W34: 40000 | X34: 40000 | Y34: 40000 | Z34: 40000 | AA34: =SUM(C34:Z34) -> 960000 | AB34: 2 | AC34: =+AA34*AB34 -> 1920000
A35: 47331 | B35: Hábil | C35: 40000 | D35: 40000 | E35: 40000 | F35: 40000 | G35: 40000 | H35: 40000 | I35: 40000 | J35: 40000 | K35: 40000 | L35: 40000 | M35: 40000 | N35: 40000 | O35: 40000 | P35: 40000 | Q35: 40000 | R35: 40000 | S35: 40000 | T35: 40000 | U35: 40000 | V35: 40000 | W35: 40000 | X35: 40000 | Y35: 40000 | Z35: 40000 | AA35: =SUM(C35:Z35) -> 960000 | AB35: 21 | AC35: =+AA35*AB35 -> 20160000 | AD35: =+SUM(AC35:AC38) -> 29760000
B36: Sábado | C36: 40000 | D36: 40000 | E36: 40000 | F36: 40000 | G36: 40000 | H36: 40000 | I36: 40000 | J36: 40000 | K36: 40000 | L36: 40000 | M36: 40000 | N36: 40000 | O36: 40000 | P36: 40000 | Q36: 40000 | R36: 40000 | S36: 40000 | T36: 40000 | U36: 40000 | V36: 40000 | W36: 40000 | X36: 40000 | Y36: 40000 | Z36: 40000 | AA36: =SUM(C36:Z36) -> 960000 | AB36: 4 | AC36: =+AA36*AB36 -> 3840000
B37: Domingo | C37: 40000 | D37: 40000 | E37: 40000 | F37: 40000 | G37: 40000 | H37: 40000 | I37: 40000 | J37: 40000 | K37: 40000 | L37: 40000 | M37: 40000 | N37: 40000 | O37: 40000 | P37: 40000 | Q37: 40000 | R37: 40000 | S37: 40000 | T37: 40000 | U37: 40000 | V37: 40000 | W37: 40000 | X37: 40000 | Y37: 40000 | Z37: 40000 | AA37: =SUM(C37:Z37) -> 960000 | AB37: 4 | AC37: =+AA37*AB37 -> 3840000
B38: Festivo | C38: 40000 | D38: 40000 | E38: 40000 | F38: 40000 | G38: 40000 | H38: 40000 | I38: 40000 | J38: 40000 | K38: 40000 | L38: 40000 | M38: 40000 | N38: 40000 | O38: 40000 | P38: 40000 | Q38: 40000 | R38: 40000 | S38: 40000 | T38: 40000 | U38: 40000 | V38: 40000 | W38: 40000 | X38: 40000 | Y38: 40000 | Z38: 40000 | AA38: =SUM(C38:Z38) -> 960000 | AB38: 2 | AC38: =+AA38*AB38 -> 1920000
A39: 47362 | B39: Hábil | C39: 40000 | D39: 40000 | E39: 40000 | F39: 40000 | G39: 40000 | H39: 40000 | I39: 40000 | J39: 40000 | K39: 40000 | L39: 40000 | M39: 40000 | N39: 40000 | O39: 40000 | P39: 40000 | Q39: 40000 | R39: 40000 | S39: 40000 | T39: 40000 | U39: 40000 | V39: 40000 | W39: 40000 | X39: 40000 | Y39: 40000 | Z39: 40000 | AA39: =SUM(C39:Z39) -> 960000 | AB39: 20 | AC39: =+AA39*AB39 -> 19200000 | AD39: =+SUM(AC39:AC42) -> 28800000
B40: Sábado | C40: 40000 | D40: 40000 | E40: 40000 | F40: 40000 | G40: 40000 | H40: 40000 | I40: 40000 | J40: 40000 | K40: 40000 | L40: 40000 | M40: 40000 | N40: 40000 | O40: 40000 | P40: 40000 | Q40: 40000 | R40: 40000 | S40: 40000 | T40: 40000 | U40: 40000 | V40: 40000 | W40: 40000 | X40: 40000 | Y40: 40000 | Z40: 40000 | AA40: =SUM(C40:Z40) -> 960000 | AB40: 5 | AC40: =+AA40*AB40 -> 4800000
B41: Domingo | C41: 40000 | D41: 40000 | E41: 40000 | F41: 40000 | G41: 40000 | H41: 40000 | I41: 40000 | J41: 40000 | K41: 40000 | L41: 40000 | M41: 40000 | N41: 40000 | O41: 40000 | P41: 40000 | Q41: 40000 | R41: 40000 | S41: 40000 | T41: 40000 | U41: 40000 | V41: 40000 | W41: 40000 | X41: 40000 | Y41: 40000 | Z41: 40000 | AA41: =SUM(C41:Z41) -> 960000 | AB41: 5 | AC41: =+AA41*AB41 -> 4800000
B42: Festivo | AA42: =SUM(C42:Z42) -> 0 | AB42: 0 | AC42: =+AA42*AB42 -> 0
A43: 47392 | B43: Hábil | C43: 40000 | D43: 40000 | E43: 40000 | F43: 40000 | G43: 40000 | H43: 40000 | I43: 40000 | J43: 40000 | K43: 40000 | L43: 40000 | M43: 40000 | N43: 40000 | O43: 40000 | P43: 40000 | Q43: 40000 | R43: 40000 | S43: 40000 | T43: 40000 | U43: 40000 | V43: 40000 | W43: 40000 | X43: 40000 | Y43: 40000 | Z43: 40000 | AA43: =SUM(C43:Z43) -> 960000 | AB43: 22 | AC43: =+AA43*AB43 -> 21120000 | AD43: =+SUM(AC43:AC46) -> 29760000
B44: Sábado | C44: 40000 | D44: 40000 | E44: 40000 | F44: 40000 | G44: 40000 | H44: 40000 | I44: 40000 | J44: 40000 | K44: 40000 | L44: 40000 | M44: 40000 | N44: 40000 | O44: 40000 | P44: 40000 | Q44: 40000 | R44: 40000 | S44: 40000 | T44: 40000 | U44: 40000 | V44: 40000 | W44: 40000 | X44: 40000 | Y44: 40000 | Z44: 40000 | AA44: =SUM(C44:Z44) -> 960000 | AB44: 4 | AC44: =+AA44*AB44 -> 3840000
B45: Domingo | C45: 40000 | D45: 40000 | E45: 40000 | F45: 40000 | G45: 40000 | H45: 40000 | I45: 40000 | J45: 40000 | K45: 40000 | L45: 40000 | M45: 40000 | N45: 40000 | O45: 40000 | P45: 40000 | Q45: 40000 | R45: 40000 | S45: 40000 | T45: 40000 | U45: 40000 | V45: 40000 | W45: 40000 | X45: 40000 | Y45: 40000 | Z45: 40000 | AA45: =SUM(C45:Z45) -> 960000 | AB45: 4 | AC45: =+AA45*AB45 -> 3840000
B46: Festivo | C46: 40000 | D46: 40000 | E46: 40000 | F46: 40000 | G46: 40000 | H46: 40000 | I46: 40000 | J46: 40000 | K46: 40000 | L46: 40000 | M46: 40000 | N46: 40000 | O46: 40000 | P46: 40000 | Q46: 40000 | R46: 40000 | S46: 40000 | T46: 40000 | U46: 40000 | V46: 40000 | W46: 40000 | X46: 40000 | Y46: 40000 | Z46: 40000 | AA46: =SUM(C46:Z46) -> 960000 | AB46: 1 | AC46: =+AA46*AB46 -> 960000
A47: 47423 | B47: Hábil | C47: 40000 | D47: 40000 | E47: 40000 | F47: 40000 | G47: 40000 | H47: 40000 | I47: 40000 | J47: 40000 | K47: 40000 | L47: 40000 | M47: 40000 | N47: 40000 | O47: 40000 | P47: 40000 | Q47: 40000 | R47: 40000 | S47: 40000 | T47: 40000 | U47: 40000 | V47: 40000 | W47: 40000 | X47: 40000 | Y47: 40000 | Z47: 40000 | AA47: =SUM(C47:Z47) -> 960000 | AB47: 20 | AC47: =+AA47*AB47 -> 19200000 | AD47: =+SUM(AC47:AC50) -> 28800000
B48: Sábado | C48: 40000 | D48: 40000 | E48: 40000 | F48: 40000 | G48: 40000 | H48: 40000 | I48: 40000 | J48: 40000 | K48: 40000 | L48: 40000 | M48: 40000 | N48: 40000 | O48: 40000 | P48: 40000 | Q48: 40000 | R48: 40000 | S48: 40000 | T48: 40000 | U48: 40000 | V48: 40000 | W48: 40000 | X48: 40000 | Y48: 40000 | Z48: 40000 | AA48: =SUM(C48:Z48) -> 960000 | AB48: 4 | AC48: =+AA48*AB48 -> 3840000
B49: Domingo | C49: 40000 | D49: 40000 | E49: 40000 | F49: 40000 | G49: 40000 | H49: 40000 | I49: 40000 | J49: 40000 | K49: 40000 | L49: 40000 | M49: 40000 | N49: 40000 | O49: 40000 | P49: 40000 | Q49: 40000 | R49: 40000 | S49: 40000 | T49: 40000 | U49: 40000 | V49: 40000 | W49: 40000 | X49: 40000 | Y49: 40000 | Z49: 40000 | AA49: =SUM(C49:Z49) -> 960000 | AB49: 4 | AC49: =+AA49*AB49 -> 3840000
B50: Festivo | C50: 40000 | D50: 40000 | E50: 40000 | F50: 40000 | G50: 40000 | H50: 40000 | I50: 40000 | J50: 40000 | K50: 40000 | L50: 40000 | M50: 40000 | N50: 40000 | O50: 40000 | P50: 40000 | Q50: 40000 | R50: 40000 | S50: 40000 | T50: 40000 | U50: 40000 | V50: 40000 | W50: 40000 | X50: 40000 | Y50: 40000 | Z50: 40000 | AA50: =SUM(C50:Z50) -> 960000 | AB50: 2 | AC50: =+AA50*AB50 -> 1920000
A51: 47453 | B51: Hábil | C51: 40000 | D51: 40000 | E51: 40000 | F51: 40000 | G51: 40000 | H51: 40000 | I51: 40000 | J51: 40000 | K51: 40000 | L51: 40000 | M51: 40000 | N51: 40000 | O51: 40000 | P51: 40000 | Q51: 40000 | R51: 40000 | S51: 40000 | T51: 40000 | U51: 40000 | V51: 40000 | W51: 40000 | X51: 40000 | Y51: 40000 | Z51: 40000 | AA51: =SUM(C51:Z51) -> 960000 | AB51: 20 | AC51: =+AA51*AB51 -> 19200000 | AD51: =+SUM(AC51:AC54) -> 29760000
B52: Sábado | C52: 40000 | D52: 40000 | E52: 40000 | F52: 40000 | G52: 40000 | H52: 40000 | I52: 40000 | J52: 40000 | K52: 40000 | L52: 40000 | M52: 40000 | N52: 40000 | O52: 40000 | P52: 40000 | Q52: 40000 | R52: 40000 | S52: 40000 | T52: 40000 | U52: 40000 | V52: 40000 | W52: 40000 | X52: 40000 | Y52: 40000 | Z52: 40000 | AA52: =SUM(C52:Z52) -> 960000 | AB52: 4 | AC52: =+AA52*AB52 -> 3840000
B53: Domingo | C53: 40000 | D53: 40000 | E53: 40000 | F53: 40000 | G53: 40000 | H53: 40000 | I53: 40000 | J53: 40000 | K53: 40000 | L53: 40000 | M53: 40000 | N53: 40000 | O53: 40000 | P53: 40000 | Q53: 40000 | R53: 40000 | S53: 40000 | T53: 40000 | U53: 40000 | V53: 40000 | W53: 40000 | X53: 40000 | Y53: 40000 | Z53: 40000 | AA53: =SUM(C53:Z53) -> 960000 | AB53: 5 | AC53: =+AA53*AB53 -> 4800000
B54: Festivo | C54: 40000 | D54: 40000 | E54: 40000 | F54: 40000 | G54: 40000 | H54: 40000 | I54: 40000 | J54: 40000 | K54: 40000 | L54: 40000 | M54: 40000 | N54: 40000 | O54: 40000 | P54: 40000 | Q54: 40000 | R54: 40000 | S54: 40000 | T54: 40000 | U54: 40000 | V54: 40000 | W54: 40000 | X54: 40000 | Y54: 40000 | Z54: 40000 | AA54: =SUM(C54:Z54) -> 960000 | AB54: 2 | AC54: =+AA54*AB54 -> 1920000
AD55: =+SUM(AD7:AD54) -> 350400000

Sheet OF P5
C1: * La energia a ofertar debe ser expresada únicamente en kilovatio (kWh) redondeado a cero decimales
C4: OFERTA PRODUCTO 5
C5: MES | D5: ENERGIA SOLICITADA (KWh) | E5: % | F5: ENERGIA OFERTADA (KWh) | G5: PRECIO $/kWh
C6: 47484 | D6: =+VLOOKUP(C6,'CURVA P5'!$A$4:$AD$55,30,FALSE) -> 37801115 | E6: % | G6: $/kWh
C7: 47515 | D7: =+VLOOKUP(C7,'CURVA P5'!$A$4:$AD$55,30,FALSE) -> 40201720
C8: 47543 | D8: =+VLOOKUP(C8,'CURVA P5'!$A$4:$AD$55,30,FALSE) -> 37671129
C9: 47574 | D9: =+VLOOKUP(C9,'CURVA P5'!$A$4:$AD$55,30,FALSE) -> 39822834
C10: 47604 | D10: =+VLOOKUP(C10,'CURVA P5'!$A$4:$AD$55,30,FALSE) -> 40153503
C11: 47635 | D11: =+VLOOKUP(C11,'CURVA P5'!$A$4:$AD$55,30,FALSE) -> 41422709
C12: 47665 | D12: =+VLOOKUP(C12,'CURVA P5'!$A$4:$AD$55,30,FALSE) -> 39630474
C13: 47696 | D13: =+VLOOKUP(C13,'CURVA P5'!$A$4:$AD$55,30,FALSE) -> 41298231
C14: 47727 | D14: =+VLOOKUP(C14,'CURVA P5'!$A$4:$AD$55,30,FALSE) -> 42906975
C15: 47757 | D15: =+VLOOKUP(C15,'CURVA P5'!$A$4:$AD$55,30,FALSE) -> 42170711
C16: 47788 | D16: =+VLOOKUP(C16,'CURVA P5'!$A$4:$AD$55,30,FALSE) -> 41700050
C17: 47818 | D17: =+VLOOKUP(C17,'CURVA P5'!$A$4:$AD$55,30,FALSE) -> 40248710
D18: =SUM(D6:D17) -> 485028161

Sheet CURVA P5
A1: Curva de distribucion en kwh
A2: * La energia a ofertar debe ser expresada únicamente en kilovatio (kWh) redondeado a cero decimales
A4: TOTAL | C4: =+AD55 -> 485028161
A5: MES | B5: DÍA | C5: HORA 01 | D5: HORA 02 | E5: HORA 03 | F5: HORA 04 | G5: HORA 05 | H5: HORA 06 | I5: HORA 07 | J5: HORA 08 | K5: HORA 09 | L5: HORA 10 | M5: HORA 11 | N5: HORA 12 | O5: HORA 13 | P5: HORA 14 | Q5: HORA 15 | R5: HORA 16 | S5: HORA 17 | T5: HORA 18 | U5: HORA 19 | V5: HORA 20 | W5: HORA 21 | X5: HORA 22 | Y5: HORA 23 | Z5: HORA 24 | AA5: TOTAL DÍA | AB5: NUMERO DÍAS | AC5: TOTAL DÍA MES | AD5: TOTAL MES
A7: 47484 | B7: Hábil | C7: 53874 | D7: 50632 | E7: 48043 | F7: 46154 | G7: 45579 | H7: 46787 | I7: 47440 | J7: 39789 | K7: 34905 | L7: 34079 | M7: 34919 | N7: 34187 | O7: 31447 | P7: 41402 | Q7: 56459 | R7: 66591 | S7: 70258 | T7: 73680 | U7: 76876 | V7: 75760 | W7: 74243 | X7: 71827 | Y7: 67032 | Z7: 60696 | AA7: =SUM(C7:Z7) -> 1282659 | AB7: 21 | AC7: =+AA7*AB7 -> 26935839 | AD7: =+SUM(AC7:AC10) -> 37801115
B8: Sábado | C8: 55668 | D8: 52092 | E8: 49212 | F8: 47079 | G8: 46242 | H8: 46662 | I8: 46557 | J8: 37992 | K8: 33103 | L8: 32165 | M8: 32366 | N8: 31112 | O8: 30155 | P8: 36080 | Q8: 46942 | R8: 56088 | S8: 59786 | T8: 66538 | U8: 73163 | V8: 72788 | W8: 70414 | X8: 67995 | Y8: 64650 | Z8: 60133 | AA8: =SUM(C8:Z8) -> 1214982 | AB8: 4 | AC8: =+AA8*AB8 -> 4859928
B9: Domingo | C9: 54856 | D9: 51506 | E9: 48702 | F9: 46488 | G9: 45231 | H9: 44637 | I9: 43263 | J9: 30616 | K9: 21629 | L9: 19019 | M9: 17439 | N9: 16045 | O9: 18364 | P9: 23728 | Q9: 33336 | R9: 43190 | S9: 48410 | T9: 57260 | U9: 65201 | V9: 67399 | W9: 67060 | X9: 65848 | Y9: 62126 | Z9: 56929 | AA9: =SUM(C9:Z9) -> 1048282 | AB9: 4 | AC9: =+AA9*AB9 -> 4193128
B10: Festivo | C10: 45625 | D10: 43992 | E10: 42552 | F10: 41087 | G10: 40331 | H10: 39686 | I10: 37643 | J10: 24383 | K10: 14909 | L10: 12283 | M10: 11310 | N10: 9913 | O10: 12357 | P10: 18098 | Q10: 27483 | R10: 37020 | S10: 41725 | T10: 52397 | U10: 60933 | V10: 62498 | W10: 61606 | X10: 59752 | Y10: 56399 | Z10: 52128 | AA10: =SUM(C10:Z10) -> 906110 | AB10: 2 | AC10: =+AA10*AB10 -> 1812220
A11: 47515 | B11: Hábil | C11: 61298 | D11: 57357 | E11: 54593 | F11: 52734 | G11: 52678 | H11: 55952 | I11: 57740 | J11: 50741 | K11: 45012 | L11: 43881 | M11: 44793 | N11: 42539 | O11: 37294 | P11: 50062 | Q11: 67176 | R11: 78224 | S11: 81919 | T11: 83132 | U11: 84826 | V11: 84696 | W11: 83332 | X11: 80489 | Y11: 74407 | Z11: 66922 | AA11: =SUM(C11:Z11) -> 1491797 | AB11: 20 | AC11: =+AA11*AB11 -> 29835940 | AD11: =+SUM(AC11:AC14) -> 40201720
B12: Sábado | C12: 59687 | D12: 55863 | E12: 53171 | F12: 51295 | G12: 50669 | H12: 51725 | I12: 53120 | J12: 46275 | K12: 41674 | L12: 40748 | M12: 40918 | N12: 39063 | O12: 36591 | P12: 42307 | Q12: 54109 | R12: 63941 | S12: 67723 | T12: 72958 | U12: 78850 | V12: 79512 | W12: 77019 | X12: 74327 | Y12: 70853 | Z12: 65934 | AA12: =SUM(C12:Z12) -> 1368332 | AB12: 4 | AC12: =+AA12*AB12 -> 5473328
B13: Domingo | C13: 61088 | D13: 57050 | E13: 54253 | F13: 52023 | G13: 50768 | H13: 50419 | I13: 49646 | J13: 37708 | K13: 28014 | L13: 25537 | M13: 24197 | N13: 22913 | O13: 25337 | P13: 30755 | Q13: 41285 | R13: 52108 | S13: 57861 | T13: 65135 | U13: 72417 | V13: 76198 | W13: 76628 | X13: 75863 | Y13: 71181 | Z13: 64729 | AA13: =SUM(C13:Z13) -> 1223113 | AB13: 4 | AC13: =+AA13*AB13 -> 4892452
B14: Festivo | C14: 0 | D14: 0 | E14: 0 | F14: 0 | G14: 0 | H14: 0 | I14: 0 | J14: 0 | K14: 0 | L14: 0 | M14: 0 | N14: 0 | O14: 0 | P14: 0 | Q14: 0 | R14: 0 | S14: 0 | T14: 0 | U14: 0 | V14: 0 | W14: 0 | X14: 0 | Y14: 0 | Z14: 0 | AA14: =SUM(C14:Z14) -> 0 | AB14: 0 | AC14: =+AA14*AB14 -> 0
A15: 47543 | B15: Hábil | C15: 53714 | D15: 50048 | E15: 47524 | F15: 45714 | G15: 45555 | H15: 47782 | I15: 48333 | J15: 40999 | K15: 35503 | L15: 33944 | M15: 34355 | N15: 32495 | O15: 28445 | P15: 40052 | Q15: 55750 | R15: 65865 | S15: 69780 | T15: 72411 | U15: 74597 | V15: 74458 | W15: 73341 | X15: 71017 | Y15: 65998 | Z15: 59482 | AA15: =SUM(C15:Z15) -> 1267162 | AB15: 20 | AC15: =+AA15*AB15 -> 25343240 | AD15: =+SUM(AC15:AC18) -> 37671129
B16: Sábado | C16: 55433 | D16: 51588 | E16: 48886 | F16: 46725 | G16: 45801 | H16: 46054 | I16: 46560 | J16: 39557 | K16: 34516 | L16: 33080 | M16: 33138 | N16: 30983 | O16: 28838 | P16: 34484 | Q16: 45427 | R16: 54772 | S16: 58773 | T16: 65049 | U16: 70739 | V16: 71182 | W16: 69183 | X16: 67110 | Y16: 64330 | Z16: 60237 | AA16: =SUM(C16:Z16) -> 1202445 | AB16: 5 | AC16: =+AA16*AB16 -> 6012225
B17: Domingo | C17: 55709 | D17: 51989 | E17: 49363 | F17: 47229 | G17: 45967 | H17: 45210 | I17: 43686 | J17: 31442 | K17: 22223 | L17: 19068 | M17: 16987 | N17: 15864 | O17: 18277 | P17: 23724 | Q17: 33837 | R17: 43792 | S17: 49208 | T17: 57441 | U17: 64325 | V17: 67731 | W17: 68337 | X17: 67802 | Y17: 63740 | Z17: 58173 | AA17: =SUM(C17:Z17) -> 1061124 | AB17: 5 | AC17: =+AA17*AB17 -> 5305620
B18: Festivo | C18: 48489 | D18: 44711 | E18: 42279 | F18: 40626 | G18: 39799 | H18: 39615 | I18: 39358 | J18: 29487 | K18: 21827 | L18: 20207 | M18: 20107 | N18: 19005 | O18: 19292 | P18: 25583 | Q18: 35193 | R18: 44083 | S18: 48303 | T18: 56107 | U18: 63784 | V18: 67134 | W18: 67053 | X18: 65071 | Y18: 59468 | Z18: 53463 | AA18: =SUM(C18:Z18) -> 1010044 | AB18: 1 | AC18: =+AA18*AB18 -> 1010044
A19: 47574 | B19: Hábil | C19: 57942 | D19: 54007 | E19: 51317 | F19: 49440 | G19: 49244 | H19: 50224 | I19: 51405 | J19: 45459 | K19: 41135 | L19: 40381 | M19: 41577 | N19: 40219 | O19: 35423 | P19: 47534 | Q19: 64231 | R19: 74248 | S19: 77474 | T19: 79341 | U19: 81053 | V19: 80572 | W19: 79709 | X19: 77218 | Y19: 71839 | Z19: 64750 | AA19: =SUM(C19:Z19) -> 1405742 | AB19: 20 | AC19: =+AA19*AB19 -> 28114840 | AD19: =+SUM(AC19:AC22) -> 39822834
B20: Sábado | C20: 59015 | D20: 55061 | E20: 52161 | F20: 49993 | G20: 49118 | H20: 48048 | I20: 49197 | J20: 42332 | K20: 38309 | L20: 37708 | M20: 37991 | N20: 36510 | O20: 34741 | P20: 40776 | Q20: 52116 | R20: 61268 | S20: 64565 | T20: 70479 | U20: 75779 | V20: 75166 | W20: 73043 | X20: 70736 | Y20: 67652 | Z20: 63452 | AA20: =SUM(C20:Z20) -> 1305216 | AB20: 4 | AC20: =+AA20*AB20 -> 5220864
B21: Domingo | C21: 59295 | D21: 55172 | E21: 52169 | F21: 49786 | G21: 48428 | H21: 46561 | I21: 45903 | J21: 34469 | K21: 25315 | L21: 22665 | M21: 21495 | N21: 20887 | O21: 23237 | P21: 28901 | Q21: 39302 | R21: 49281 | S21: 54242 | T21: 61989 | U21: 68819 | V21: 71590 | W21: 71549 | X21: 71177 | Y21: 67478 | Z21: 61713 | AA21: =SUM(C21:Z21) -> 1151423 | AB21: 4 | AC21: =+AA21*AB21 -> 4605692
B22: Festivo | C22: 52955 | D22: 49158 | E22: 46458 | F22: 44524 | G22: 43259 | H22: 41353 | I22: 40799 | J22: 27730 | K22: 16901 | L22: 12393 | M22: 10269 | N22: 9034 | O22: 11850 | P22: 17562 | Q22: 28005 | R22: 37325 | S22: 42752 | T22: 52031 | U22: 59597 | V22: 61911 | W22: 61474 | X22: 60691 | Y22: 58319 | Z22: 54369 | AA22: =SUM(C22:Z22) -> 940719 | AB22: 2 | AC22: =+AA22*AB22 -> 1881438
A23: 47604 | B23: Hábil | C23: 56671 | D23: 52986 | E23: 50283 | F23: 48387 | G23: 47909 | H23: 47495 | I23: 49001 | J23: 43147 | K23: 39387 | L23: 38823 | M23: 39740 | N23: 38084 | O23: 33538 | P23: 45266 | Q23: 61408 | R23: 70736 | S23: 73699 | T23: 75555 | U23: 76820 | V23: 76904 | W23: 76546 | X23: 74557 | Y23: 69562 | Z23: 63010 | AA23: =SUM(C23:Z23) -> 1349514 | AB23: 22 | AC23: =+AA23*AB23 -> 29689308 | AD23: =+SUM(AC23:AC26) -> 40153503
B24: Sábado | C24: 59366 | D24: 55222 | E24: 52199 | F24: 49831 | G24: 48881 | H24: 46937 | I24: 48204 | J24: 41267 | K24: 37697 | L24: 37380 | M24: 37642 | N24: 35583 | O24: 33393 | P24: 39131 | Q24: 49775 | R24: 58837 | S24: 61923 | T24: 67033 | U24: 71825 | V24: 72522 | W24: 70848 | X24: 69107 | Y24: 66349 | Z24: 62290 | AA24: =SUM(C24:Z24) -> 1273242 | AB24: 4 | AC24: =+AA24*AB24 -> 5092968
B25: Domingo | C25: 57260 | D25: 53661 | E25: 50927 | F25: 48674 | G25: 47242 | H25: 44290 | I25: 44421 | J25: 32479 | K25: 23456 | L25: 20788 | M25: 19743 | N25: 18278 | O25: 19543 | P25: 24685 | Q25: 35151 | R25: 44648 | S25: 49641 | T25: 57727 | U25: 64198 | V25: 67287 | W25: 67877 | X25: 67944 | Y25: 64964 | Z25: 59862 | AA25: =SUM(C25:Z25) -> 1084746 | AB25: 4 | AC25: =+AA25*AB25 -> 4338984
B26: Festivo | C26: 50049 | D26: 46499 | E26: 43975 | F26: 42140 | G26: 41299 | H26: 39331 | I26: 39959 | J26: 29461 | K26: 21622 | L26: 19987 | M26: 19949 | N26: 18938 | O26: 19759 | P26: 25854 | Q26: 36215 | R26: 45539 | S26: 49664 | T26: 56773 | U26: 63577 | V26: 67369 | W26: 67802 | X26: 66815 | Y26: 62613 | Z26: 57054 | AA26: =SUM(C26:Z26) -> 1032243 | AB26: 1 | AC26: =+AA26*AB26 -> 1032243
A27: 47635 | B27: Hábil | C27: 61029 | D27: 57050 | E27: 54130 | F27: 52122 | G27: 51625 | H27: 50958 | I27: 53335 | J27: 48497 | K27: 44836 | L27: 44140 | M27: 45049 | N27: 43703 | O27: 38428 | P27: 50106 | Q27: 66367 | R27: 76156 | S27: 79493 | T27: 80538 | U27: 80959 | V27: 81740 | W27: 80795 | X27: 78384 | Y27: 73423 | Z27: 66795 | AA27: =SUM(C27:Z27) -> 1459658 | AB27: 18 | AC27: =+AA27*AB27 -> 26273844 | AD27: =+SUM(AC27:AC30) -> 41422709
B28: Sábado | C28: 62236 | D28: 58355 | E28: 55442 | F28: 53274 | G28: 52537 | H28: 50654 | I28: 52732 | J28: 46395 | K28: 42526 | L28: 41943 | M28: 42280 | N28: 40360 | O28: 37756 | P28: 42784 | Q28: 54305 | R28: 63871 | S28: 67291 | T28: 72312 | U28: 76307 | V28: 77511 | W28: 75455 | X28: 73276 | Y28: 70341 | Z28: 66230 | AA28: =SUM(C28:Z28) -> 1376173 | AB28: 5 | AC28: =+AA28*AB28 -> 6880865
B29: Domingo | C29: 61779 | D29: 58051 | E29: 55291 | F29: 53071 | G29: 51745 | H29: 48866 | I29: 48911 | J29: 37542 | K29: 27689 | L29: 25506 | M29: 23364 | N29: 21709 | O29: 23606 | P29: 28756 | Q29: 38849 | R29: 48634 | S29: 54289 | T29: 61311 | U29: 67530 | V29: 72243 | W29: 72582 | X29: 72260 | Y29: 69495 | Z29: 64763 | AA29: =SUM(C29:Z29) -> 1187842 | AB29: 5 | AC29: =+AA29*AB29 -> 5939210
B30: Festivo | C30: 55332 | D30: 51718 | E30: 49225 | F30: 47230 | G30: 46488 | H30: 44360 | I30: 45037 | J30: 35677 | K30: 28476 | L30: 27386 | M30: 27593 | N30: 26390 | O30: 26765 | P30: 32530 | Q30: 42480 | R30: 51276 | S30: 55126 | T30: 61387 | U30: 67378 | V30: 72561 | W30: 72237 | X30: 70721 | Y30: 66418 | Z30: 60604 | AA30: =SUM(C30:Z30) -> 1164395 | AB30: 2 | AC30: =+AA30*AB30 -> 2328790
A31: 47665 | B31: Hábil | C31: 57045 | D31: 53224 | E31: 50493 | F31: 48404 | G31: 47779 | H31: 47753 | I31: 49472 | J31: 43601 | K31: 39764 | L31: 39041 | M31: 39821 | N31: 37732 | O31: 32365 | P31: 43805 | Q31: 59635 | R31: 69309 | S31: 72310 | T31: 73753 | U31: 73640 | V31: 75637 | W31: 75221 | X31: 73418 | Y31: 68896 | Z31: 62722 | AA31: =SUM(C31:Z31) -> 1334840 | AB31: 22 | AC31: =+AA31*AB31 -> 29366480 | AD31: =+SUM(AC31:AC34) -> 39630474
B32: Sábado | C32: 56567 | D32: 52854 | E32: 50290 | F32: 48220 | G32: 47430 | H32: 46026 | I32: 47370 | J32: 40699 | K32: 36487 | L32: 35812 | M32: 35609 | N32: 34188 | O32: 31928 | P32: 37527 | Q32: 48756 | R32: 57525 | S32: 60721 | T32: 65622 | U32: 69634 | V32: 72191 | W32: 70207 | X32: 68392 | Y32: 66116 | Z32: 62553 | AA32: =SUM(C32:Z32) -> 1242724 | AB32: 3 | AC32: =+AA32*AB32 -> 3728172
B33: Domingo | C33: 58353 | D33: 54513 | E33: 51675 | F33: 49570 | G33: 48169 | H33: 45748 | I33: 45392 | J33: 32879 | K33: 23707 | L33: 20798 | M33: 19053 | N33: 17093 | O33: 19340 | P33: 24631 | Q33: 34260 | R33: 44424 | S33: 49428 | T33: 57510 | U33: 62547 | V33: 67451 | W33: 68232 | X33: 68133 | Y33: 65154 | Z33: 60466 | AA33: =SUM(C33:Z33) -> 1088526 | AB33: 4 | AC33: =+AA33*AB33 -> 4354104
B34: Festivo | C34: 54115 | D34: 50421 | E34: 47672 | F34: 45880 | G34: 44998 | H34: 43365 | I34: 43686 | J34: 33528 | K34: 25971 | L34: 24028 | M34: 23222 | N34: 21401 | O34: 21144 | P34: 27615 | Q34: 37980 | R34: 47577 | S34: 51766 | T34: 58069 | U34: 63133 | V34: 68575 | W34: 68489 | X34: 67250 | Y34: 63324 | Z34: 57650 | AA34: =SUM(C34:Z34) -> 1090859 | AB34: 2 | AC34: =+AA34*AB34 -> 2181718
A35: 47696 | B35: Hábil | C35: 59058 | D35: 55176 | E35: 52238 | F35: 50029 | G35: 49299 | H35: 49310 | I35: 50387 | J35: 44601 | K35: 40548 | L35: 40370 | M35: 41393 | N35: 39786 | O35: 34589 | P35: 47015 | Q35: 63686 | R35: 73278 | S35: 76286 | T35: 77239 | U35: 77781 | V35: 78582 | W35: 78429 | X35: 76891 | Y35: 72086 | Z35: 65830 | AA35: =SUM(C35:Z35) -> 1393887 | AB35: 20 | AC35: =+AA35*AB35 -> 27877740 | AD35: =+SUM(AC35:AC38) -> 41298231
B36: Sábado | C36: 62969 | D36: 58770 | E36: 55565 | F36: 53079 | G36: 51773 | H36: 50223 | I36: 50994 | J36: 44522 | K36: 40309 | L36: 40054 | M36: 39839 | N36: 39028 | O36: 36164 | P36: 42259 | Q36: 53386 | R36: 62312 | S36: 65644 | T36: 69990 | U36: 74774 | V36: 75439 | W36: 73322 | X36: 72250 | Y36: 70180 | Z36: 66304 | AA36: =SUM(C36:Z36) -> 1349149 | AB36: 5 | AC36: =+AA36*AB36 -> 6745745
B37: Domingo | C37: 61272 | D37: 57289 | E37: 54122 | F37: 51702 | G37: 49929 | H37: 46811 | I37: 45738 | J37: 34118 | K37: 24676 | L37: 21339 | M37: 20068 | N37: 17680 | O37: 20069 | P37: 26679 | Q37: 36383 | R37: 46329 | S37: 50226 | T37: 57446 | U37: 63904 | V37: 67483 | W37: 68427 | X37: 68679 | Y37: 65988 | Z37: 61117 | AA37: =SUM(C37:Z37) -> 1117474 | AB37: 4 | AC37: =+AA37*AB37 -> 4469896
B38: Festivo | C38: 52535 | D38: 49256 | E38: 46644 | F38: 44869 | G38: 44019 | H38: 42381 | I38: 42097 | J38: 31866 | K38: 24455 | L38: 23593 | M38: 23568 | N38: 22873 | O38: 23573 | P38: 29582 | Q38: 39886 | R38: 49842 | S38: 53689 | T38: 59227 | U38: 65793 | V38: 69252 | W38: 69066 | X38: 69072 | Y38: 65420 | Z38: 59867 | AA38: =SUM(C38:Z38) -> 1102425 | AB38: 2 | AC38: =+AA38*AB38 -> 2204850
A39: 47727 | B39: Hábil | C39: 62528 | D39: 58225 | E39: 55055 | F39: 52617 | G39: 51751 | H39: 51533 | I39: 52999 | J39: 47739 | K39: 43924 | L39: 43966 | M39: 45276 | N39: 43746 | O39: 38771 | P39: 51883 | Q39: 68511 | R39: 78038 | S39: 80393 | T39: 82414 | U39: 83826 | V39: 82205 | W39: 81756 | X39: 80344 | Y39: 75577 | Z39: 68669 | AA39: =SUM(C39:Z39) -> 1481746 | AB39: 21 | AC39: =+AA39*AB39 -> 31116666 | AD39: =+SUM(AC39:AC42) -> 42906975
B40: Sábado | C40: 64314 | D40: 60326 | E40: 57174 | F40: 54507 | G40: 53226 | H40: 51414 | I40: 52610 | J40: 46809 | K40: 43174 | L40: 42764 | M40: 43687 | N40: 42282 | O40: 39841 | P40: 46199 | Q40: 57754 | R40: 66596 | S40: 69275 | T40: 75241 | U40: 80803 | V40: 79356 | W40: 76702 | X40: 74752 | Y40: 72486 | Z40: 68744 | AA40: =SUM(C40:Z40) -> 1420036 | AB40: 4 | AC40: =+AA40*AB40 -> 5680144
B41: Domingo | C41: 63328 | D41: 59466 | E41: 56506 | F41: 54146 | G41: 52529 | H41: 50096 | I41: 49647 | J41: 37738 | K41: 27899 | L41: 24560 | M41: 23551 | N41: 22683 | O41: 24217 | P41: 30678 | Q41: 41690 | R41: 51282 | S41: 55940 | T41: 63907 | U41: 71289 | V41: 73390 | W41: 74562 | X41: 75056 | Y41: 71800 | Z41: 66073 | AA41: =SUM(C41:Z41) -> 1222033 | AB41: 5 | AC41: =+AA41*AB41 -> 6110165
B42: Festivo | C42: 0 | D42: 0 | E42: 0 | F42: 0 | G42: 0 | H42: 0 | I42: 0 | J42: 0 | K42: 0 | L42: 0 | M42: 0 | N42: 0 | O42: 0 | P42: 0 | Q42: 0 | R42: 0 | S42: 0 | T42: 0 | U42: 0 | V42: 0 | W42: 0 | X42: 0 | Y42: 0 | Z42: 0 | AA42: =SUM(C42:Z42) -> 0 | AB42: 0 | AC42: =+AA42*AB42 -> 0
A43: 47757 | B43: Hábil | C43: 58424 | D43: 54479 | E43: 51669 | F43: 49736 | G43: 49198 | H43: 49021 | I43: 50708 | J43: 45264 | K43: 42238 | L43: 42382 | M43: 43779 | N43: 42682 | O43: 37873 | P43: 50216 | Q43: 66484 | R43: 75429 | S43: 77980 | T43: 83175 | U43: 83275 | V43: 80115 | W43: 78288 | X43: 75852 | Y43: 70695 | Z43: 64237 | AA43: =SUM(C43:Z43) -> 1423199 | AB43: 22 | AC43: =+AA43*AB43 -> 31310378 | AD43: =+SUM(AC43:AC46) -> 42170711
B44: Sábado | C44: 57057 | D44: 53115 | E44: 50385 | F44: 48192 | G44: 47311 | H44: 46023 | I44: 47275 | J44: 40615 | K44: 37651 | L44: 37735 | M44: 38538 | N44: 37403 | O44: 35537 | P44: 40781 | Q44: 51684 | R44: 59818 | S44: 63185 | T44: 71878 | U44: 75652 | V44: 73326 | W44: 70928 | X44: 68270 | Y44: 65001 | Z44: 60821 | AA44: =SUM(C44:Z44) -> 1278181 | AB44: 4 | AC44: =+AA44*AB44 -> 5112724
B45: Domingo | C45: 58155 | D45: 54524 | E45: 51758 | F45: 49377 | G45: 47881 | H45: 45647 | I45: 45397 | J45: 32959 | K45: 23937 | L45: 21889 | M45: 20792 | N45: 20189 | O45: 22152 | P45: 27627 | Q45: 37630 | R45: 47877 | S45: 52706 | T45: 63585 | U45: 69138 | V45: 69924 | W45: 70201 | X45: 69721 | Y45: 66245 | Z45: 61181 | AA45: =SUM(C45:Z45) -> 1130492 | AB45: 4 | AC45: =+AA45*AB45 -> 4521968
B46: Festivo | C46: 57341 | D46: 53648 | E46: 50974 | F46: 48968 | G46: 48059 | H46: 45413 | I46: 45402 | J46: 36162 | K46: 29412 | L46: 28903 | M46: 28949 | N46: 27048 | O46: 29099 | P46: 35525 | Q46: 46700 | R46: 55316 | S46: 59281 | T46: 68717 | U46: 74099 | V46: 75566 | W46: 75356 | X46: 73808 | Y46: 69125 | Z46: 62770 | AA46: =SUM(C46:Z46) -> 1225641 | AB46: 1 | AC46: =+AA46*AB46 -> 1225641
A47: 47788 | B47: Hábil | C47: 58259 | D47: 54410 | E47: 51685 | F47: 49942 | G47: 49749 | H47: 50290 | I47: 52895 | J47: 47857 | K47: 44347 | L47: 44069 | M47: 45392 | N47: 44319 | O47: 39270 | P47: 50708 | Q47: 66803 | R47: 76727 | S47: 79710 | T47: 86454 | U47: 86275 | V47: 82536 | W47: 80155 | X47: 76669 | Y47: 71040 | Z47: 64239 | AA47: =SUM(C47:Z47) -> 1453800 | AB47: 19 | AC47: =+AA47*AB47 -> 27622200 | AD47: =+SUM(AC47:AC50) -> 41700050
B48: Sábado | C48: 59733 | D48: 55840 | E48: 53058 | F48: 50826 | G48: 50001 | H48: 49005 | I48: 50647 | J48: 44999 | K48: 42193 | L48: 42853 | M48: 43149 | N48: 41803 | O48: 39191 | P48: 44445 | Q48: 55213 | R48: 63765 | S48: 67208 | T48: 76922 | U48: 79911 | V48: 77154 | W48: 74255 | X48: 70887 | Y48: 67361 | Z48: 63189 | AA48: =SUM(C48:Z48) -> 1363608 | AB48: 5 | AC48: =+AA48*AB48 -> 6818040
B49: Domingo | C49: 58856 | D49: 55206 | E49: 52416 | F49: 50229 | G49: 48859 | H49: 47068 | I49: 47176 | J49: 36237 | K49: 28064 | L49: 26001 | M49: 25707 | N49: 24472 | O49: 26726 | P49: 31942 | Q49: 41613 | R49: 50651 | S49: 55513 | T49: 67832 | U49: 72427 | V49: 72504 | W49: 71623 | X49: 70207 | Y49: 66867 | Z49: 61852 | AA49: =SUM(C49:Z49) -> 1190048 | AB49: 4 | AC49: =+AA49*AB49 -> 4760192
B50: Festivo | C50: 56594 | D50: 52763 | E50: 50270 | F50: 48476 | G50: 47781 | H50: 46315 | I50: 46611 | J50: 37631 | K50: 30827 | L50: 30542 | M50: 31343 | N50: 30754 | O50: 31408 | P50: 38267 | Q50: 48235 | R50: 57103 | S50: 61448 | T50: 72686 | U50: 77020 | V50: 76770 | W50: 75269 | X50: 72636 | Y50: 67478 | Z50: 61582 | AA50: =SUM(C50:Z50) -> 1249809 | AB50: 2 | AC50: =+AA50*AB50 -> 2499618
A51: 47818 | B51: Hábil | C51: 57015 | D51: 53214 | E51: 50590 | F51: 48668 | G51: 48080 | H51: 48211 | I51: 49146 | J51: 42983 | K51: 39025 | L51: 38716 | M51: 39468 | N51: 38357 | O51: 34858 | P51: 43840 | Q51: 58834 | R51: 68728 | S51: 72632 | T51: 78561 | U51: 81435 | V51: 78139 | W51: 75015 | X51: 72157 | Y51: 67956 | Z51: 62559 | AA51: =SUM(C51:Z51) -> 1348187 | AB51: 21 | AC51: =+AA51*AB51 -> 28311927 | AD51: =+SUM(AC51:AC54) -> 40248710
B52: Sábado | C52: 58373 | D52: 54336 | E52: 51394 | F52: 49247 | G52: 48275 | H52: 47957 | I52: 48385 | J52: 40762 | K52: 36382 | L52: 35748 | M52: 36213 | N52: 34933 | O52: 34142 | P52: 39852 | Q52: 50703 | R52: 59622 | S52: 63412 | T52: 72737 | U52: 78485 | V52: 76569 | W52: 72741 | X52: 69209 | Y52: 65706 | Z52: 61799 | AA52: =SUM(C52:Z52) -> 1286982 | AB52: 4 | AC52: =+AA52*AB52 -> 5147928
B53: Domingo | C53: 58898 | D53: 55144 | E53: 52252 | F53: 50072 | G53: 48704 | H53: 46338 | I53: 45504 | J53: 34121 | K53: 25827 | L53: 24051 | M53: 23349 | N53: 22265 | O53: 24256 | P53: 29726 | Q53: 39832 | R53: 50223 | S53: 55168 | T53: 66025 | U53: 72978 | V53: 72332 | W53: 70282 | X53: 67823 | Y53: 64032 | Z53: 59562 | AA53: =SUM(C53:Z53) -> 1158764 | AB53: 5 | AC53: =+AA53*AB53 -> 5793820
B54: Festivo | C54: 49864 | D54: 47862 | E54: 46247 | F54: 44663 | G54: 43599 | H54: 42441 | I54: 40966 | J54: 29287 | K54: 20065 | L54: 17634 | M54: 16529 | N54: 14833 | O54: 16682 | P54: 22502 | Q54: 31940 | R54: 41258 | S54: 46460 | T54: 56687 | U54: 63764 | V54: 64458 | W54: 63058 | X54: 61493 | Y54: 58548 | Z54: 54195 | AA54: =SUM(C54:Z54) -> 995035 | AB54: 1 | AC54: =+AA54*AB54 -> 995035
AD55: =+SUM(AD7:AD54) -> 485028161

Sheet OF P6
C1: * La energia a ofertar debe ser expresada únicamente en kilovatio (kWh) redondeado a cero decimales
C4: OFERTA PRODUCTO 6
C5: MES | D5: ENERGIA SOLICITADA (KWh) | E5: % | F5: ENERGIA OFERTADA (KWh) | G5: PRECIO $/kWh
C6: 47484 | D6: =+VLOOKUP(C6,'PLANA P6 '!$A$4:$AD$55,30,FALSE) -> 37200000 | E6: % | G6: $/kWh
C7: 47515 | D7: =+VLOOKUP(C7,'PLANA P6 '!$A$4:$AD$55,30,FALSE) -> 33600000
C8: 47543 | D8: =+VLOOKUP(C8,'PLANA P6 '!$A$4:$AD$55,30,FALSE) -> 37200000
C9: 47574 | D9: =+VLOOKUP(C9,'PLANA P6 '!$A$4:$AD$55,30,FALSE) -> 36000000
C10: 47604 | D10: =+VLOOKUP(C10,'PLANA P6 '!$A$4:$AD$55,30,FALSE) -> 37200000
C11: 47635 | D11: =+VLOOKUP(C11,'PLANA P6 '!$A$4:$AD$55,30,FALSE) -> 36000000
C12: 47665 | D12: =+VLOOKUP(C12,'PLANA P6 '!$A$4:$AD$55,30,FALSE) -> 37200000
C13: 47696 | D13: =+VLOOKUP(C13,'PLANA P6 '!$A$4:$AD$55,30,FALSE) -> 37200000
C14: 47727 | D14: =+VLOOKUP(C14,'PLANA P6 '!$A$4:$AD$55,30,FALSE) -> 36000000
C15: 47757 | D15: =+VLOOKUP(C15,'PLANA P6 '!$A$4:$AD$55,30,FALSE) -> 37200000
C16: 47788 | D16: =+VLOOKUP(C16,'PLANA P6 '!$A$4:$AD$55,30,FALSE) -> 36000000
C17: 47818 | D17: =+VLOOKUP(C17,'PLANA P6 '!$A$4:$AD$55,30,FALSE) -> 37200000
D18: =SUM(D6:D17) -> 438000000

Sheet PLANA P6 
A1: Curva de distribucion en kwh
A2: * La energia a ofertar debe ser expresada únicamente en kilovatio (kWh) redondeado a cero decimales
A4: TOTAL | C4: =+AD55 -> 438000000
A5: MES | B5: DÍA | C5: HORA 01 | D5: HORA 02 | E5: HORA 03 | F5: HORA 04 | G5: HORA 05 | H5: HORA 06 | I5: HORA 07 | J5: HORA 08 | K5: HORA 09 | L5: HORA 10 | M5: HORA 11 | N5: HORA 12 | O5: HORA 13 | P5: HORA 14 | Q5: HORA 15 | R5: HORA 16 | S5: HORA 17 | T5: HORA 18 | U5: HORA 19 | V5: HORA 20 | W5: HORA 21 | X5: HORA 22 | Y5: HORA 23 | Z5: HORA 24 | AA5: TOTAL DÍA | AB5: NUMERO DÍAS | AC5: TOTAL DÍA MES | AD5: TOTAL MES
A7: 47484 | B7: Hábil | C7: 50000 | D7: 50000 | E7: 50000 | F7: 50000 | G7: 50000 | H7: 50000 | I7: 50000 | J7: 50000 | K7: 50000 | L7: 50000 | M7: 50000 | N7: 50000 | O7: 50000 | P7: 50000 | Q7: 50000 | R7: 50000 | S7: 50000 | T7: 50000 | U7: 50000 | V7: 50000 | W7: 50000 | X7: 50000 | Y7: 50000 | Z7: 50000 | AA7: =SUM(C7:Z7) -> 1200000 | AB7: 21 | AC7: =+AA7*AB7 -> 25200000 | AD7: =+SUM(AC7:AC10) -> 37200000
B8: Sábado | C8: 50000 | D8: 50000 | E8: 50000 | F8: 50000 | G8: 50000 | H8: 50000 | I8: 50000 | J8: 50000 | K8: 50000 | L8: 50000 | M8: 50000 | N8: 50000 | O8: 50000 | P8: 50000 | Q8: 50000 | R8: 50000 | S8: 50000 | T8: 50000 | U8: 50000 | V8: 50000 | W8: 50000 | X8: 50000 | Y8: 50000 | Z8: 50000 | AA8: =SUM(C8:Z8) -> 1200000 | AB8: 4 | AC8: =+AA8*AB8 -> 4800000
B9: Domingo | C9: 50000 | D9: 50000 | E9: 50000 | F9: 50000 | G9: 50000 | H9: 50000 | I9: 50000 | J9: 50000 | K9: 50000 | L9: 50000 | M9: 50000 | N9: 50000 | O9: 50000 | P9: 50000 | Q9: 50000 | R9: 50000 | S9: 50000 | T9: 50000 | U9: 50000 | V9: 50000 | W9: 50000 | X9: 50000 | Y9: 50000 | Z9: 50000 | AA9: =SUM(C9:Z9) -> 1200000 | AB9: 4 | AC9: =+AA9*AB9 -> 4800000
B10: Festivo | C10: 50000 | D10: 50000 | E10: 50000 | F10: 50000 | G10: 50000 | H10: 50000 | I10: 50000 | J10: 50000 | K10: 50000 | L10: 50000 | M10: 50000 | N10: 50000 | O10: 50000 | P10: 50000 | Q10: 50000 | R10: 50000 | S10: 50000 | T10: 50000 | U10: 50000 | V10: 50000 | W10: 50000 | X10: 50000 | Y10: 50000 | Z10: 50000 | AA10: =SUM(C10:Z10) -> 1200000 | AB10: 2 | AC10: =+AA10*AB10 -> 2400000
A11: 47515 | B11: Hábil | C11: 50000 | D11: 50000 | E11: 50000 | F11: 50000 | G11: 50000 | H11: 50000 | I11: 50000 | J11: 50000 | K11: 50000 | L11: 50000 | M11: 50000 | N11: 50000 | O11: 50000 | P11: 50000 | Q11: 50000 | R11: 50000 | S11: 50000 | T11: 50000 | U11: 50000 | V11: 50000 | W11: 50000 | X11: 50000 | Y11: 50000 | Z11: 50000 | AA11: =SUM(C11:Z11) -> 1200000 | AB11: 20 | AC11: =+AA11*AB11 -> 24000000 | AD11: =+SUM(AC11:AC14) -> 33600000
B12: Sábado | C12: 50000 | D12: 50000 | E12: 50000 | F12: 50000 | G12: 50000 | H12: 50000 | I12: 50000 | J12: 50000 | K12: 50000 | L12: 50000 | M12: 50000 | N12: 50000 | O12: 50000 | P12: 50000 | Q12: 50000 | R12: 50000 | S12: 50000 | T12: 50000 | U12: 50000 | V12: 50000 | W12: 50000 | X12: 50000 | Y12: 50000 | Z12: 50000 | AA12: =SUM(C12:Z12) -> 1200000 | AB12: 4 | AC12: =+AA12*AB12 -> 4800000
B13: Domingo | C13: 50000 | D13: 50000 | E13: 50000 | F13: 50000 | G13: 50000 | H13: 50000 | I13: 50000 | J13: 50000 | K13: 50000 | L13: 50000 | M13: 50000 | N13: 50000 | O13: 50000 | P13: 50000 | Q13: 50000 | R13: 50000 | S13: 50000 | T13: 50000 | U13: 50000 | V13: 50000 | W13: 50000 | X13: 50000 | Y13: 50000 | Z13: 50000 | AA13: =SUM(C13:Z13) -> 1200000 | AB13: 4 | AC13: =+AA13*AB13 -> 4800000
B14: Festivo | C14: 0 | D14: 0 | E14: 0 | F14: 0 | G14: 0 | H14: 0 | I14: 0 | J14: 0 | K14: 0 | L14: 0 | M14: 0 | N14: 0 | O14: 0 | P14: 0 | Q14: 0 | R14: 0 | S14: 0 | T14: 0 | U14: 0 | V14: 0 | W14: 0 | X14: 0 | Y14: 0 | Z14: 0 | AA14: =SUM(C14:Z14) -> 0 | AB14: 0 | AC14: =+AA14*AB14 -> 0
A15: 47543 | B15: Hábil | C15: 50000 | D15: 50000 | E15: 50000 | F15: 50000 | G15: 50000 | H15: 50000 | I15: 50000 | J15: 50000 | K15: 50000 | L15: 50000 | M15: 50000 | N15: 50000 | O15: 50000 | P15: 50000 | Q15: 50000 | R15: 50000 | S15: 50000 | T15: 50000 | U15: 50000 | V15: 50000 | W15: 50000 | X15: 50000 | Y15: 50000 | Z15: 50000 | AA15: =SUM(C15:Z15) -> 1200000 | AB15: 20 | AC15: =+AA15*AB15 -> 24000000 | AD15: =+SUM(AC15:AC18) -> 37200000
B16: Sábado | C16: 50000 | D16: 50000 | E16: 50000 | F16: 50000 | G16: 50000 | H16: 50000 | I16: 50000 | J16: 50000 | K16: 50000 | L16: 50000 | M16: 50000 | N16: 50000 | O16: 50000 | P16: 50000 | Q16: 50000 | R16: 50000 | S16: 50000 | T16: 50000 | U16: 50000 | V16: 50000 | W16: 50000 | X16: 50000 | Y16: 50000 | Z16: 50000 | AA16: =SUM(C16:Z16) -> 1200000 | AB16: 5 | AC16: =+AA16*AB16 -> 6000000
B17: Domingo | C17: 50000 | D17: 50000 | E17: 50000 | F17: 50000 | G17: 50000 | H17: 50000 | I17: 50000 | J17: 50000 | K17: 50000 | L17: 50000 | M17: 50000 | N17: 50000 | O17: 50000 | P17: 50000 | Q17: 50000 | R17: 50000 | S17: 50000 | T17: 50000 | U17: 50000 | V17: 50000 | W17: 50000 | X17: 50000 | Y17: 50000 | Z17: 50000 | AA17: =SUM(C17:Z17) -> 1200000 | AB17: 5 | AC17: =+AA17*AB17 -> 6000000
B18: Festivo | C18: 50000 | D18: 50000 | E18: 50000 | F18: 50000 | G18: 50000 | H18: 50000 | I18: 50000 | J18: 50000 | K18: 50000 | L18: 50000 | M18: 50000 | N18: 50000 | O18: 50000 | P18: 50000 | Q18: 50000 | R18: 50000 | S18: 50000 | T18: 50000 | U18: 50000 | V18: 50000 | W18: 50000 | X18: 50000 | Y18: 50000 | Z18: 50000 | AA18: =SUM(C18:Z18) -> 1200000 | AB18: 1 | AC18: =+AA18*AB18 -> 1200000
A19: 47574 | B19: Hábil | C19: 50000 | D19: 50000 | E19: 50000 | F19: 50000 | G19: 50000 | H19: 50000 | I19: 50000 | J19: 50000 | K19: 50000 | L19: 50000 | M19: 50000 | N19: 50000 | O19: 50000 | P19: 50000 | Q19: 50000 | R19: 50000 | S19: 50000 | T19: 50000 | U19: 50000 | V19: 50000 | W19: 50000 | X19: 50000 | Y19: 50000 | Z19: 50000 | AA19: =SUM(C19:Z19) -> 1200000 | AB19: 20 | AC19: =+AA19*AB19 -> 24000000 | AD19: =+SUM(AC19:AC22) -> 36000000
B20: Sábado | C20: 50000 | D20: 50000 | E20: 50000 | F20: 50000 | G20: 50000 | H20: 50000 | I20: 50000 | J20: 50000 | K20: 50000 | L20: 50000 | M20: 50000 | N20: 50000 | O20: 50000 | P20: 50000 | Q20: 50000 | R20: 50000 | S20: 50000 | T20: 50000 | U20: 50000 | V20: 50000 | W20: 50000 | X20: 50000 | Y20: 50000 | Z20: 50000 | AA20: =SUM(C20:Z20) -> 1200000 | AB20: 4 | AC20: =+AA20*AB20 -> 4800000
B21: Domingo | C21: 50000 | D21: 50000 | E21: 50000 | F21: 50000 | G21: 50000 | H21: 50000 | I21: 50000 | J21: 50000 | K21: 50000 | L21: 50000 | M21: 50000 | N21: 50000 | O21: 50000 | P21: 50000 | Q21: 50000 | R21: 50000 | S21: 50000 | T21: 50000 | U21: 50000 | V21: 50000 | W21: 50000 | X21: 50000 | Y21: 50000 | Z21: 50000 | AA21: =SUM(C21:Z21) -> 1200000 | AB21: 4 | AC21: =+AA21*AB21 -> 4800000
B22: Festivo | C22: 50000 | D22: 50000 | E22: 50000 | F22: 50000 | G22: 50000 | H22: 50000 | I22: 50000 | J22: 50000 | K22: 50000 | L22: 50000 | M22: 50000 | N22: 50000 | O22: 50000 | P22: 50000 | Q22: 50000 | R22: 50000 | S22: 50000 | T22: 50000 | U22: 50000 | V22: 50000 | W22: 50000 | X22: 50000 | Y22: 50000 | Z22: 50000 | AA22: =SUM(C22:Z22) -> 1200000 | AB22: 2 | AC22: =+AA22*AB22 -> 2400000
A23: 47604 | B23: Hábil | C23: 50000 | D23: 50000 | E23: 50000 | F23: 50000 | G23: 50000 | H23: 50000 | I23: 50000 | J23: 50000 | K23: 50000 | L23: 50000 | M23: 50000 | N23: 50000 | O23: 50000 | P23: 50000 | Q23: 50000 | R23: 50000 | S23: 50000 | T23: 50000 | U23: 50000 | V23: 50000 | W23: 50000 | X23: 50000 | Y23: 50000 | Z23: 50000 | AA23: =SUM(C23:Z23) -> 1200000 | AB23: 22 | AC23: =+AA23*AB23 -> 26400000 | AD23: =+SUM(AC23:AC26) -> 37200000
B24: Sábado | C24: 50000 | D24: 50000 | E24: 50000 | F24: 50000 | G24: 50000 | H24: 50000 | I24: 50000 | J24: 50000 | K24: 50000 | L24: 50000 | M24: 50000 | N24: 50000 | O24: 50000 | P24: 50000 | Q24: 50000 | R24: 50000 | S24: 50000 | T24: 50000 | U24: 50000 | V24: 50000 | W24: 50000 | X24: 50000 | Y24: 50000 | Z24: 50000 | AA24: =SUM(C24:Z24) -> 1200000 | AB24: 4 | AC24: =+AA24*AB24 -> 4800000
B25: Domingo | C25: 50000 | D25: 50000 | E25: 50000 | F25: 50000 | G25: 50000 | H25: 50000 | I25: 50000 | J25: 50000 | K25: 50000 | L25: 50000 | M25: 50000 | N25: 50000 | O25: 50000 | P25: 50000 | Q25: 50000 | R25: 50000 | S25: 50000 | T25: 50000 | U25: 50000 | V25: 50000 | W25: 50000 | X25: 50000 | Y25: 50000 | Z25: 50000 | AA25: =SUM(C25:Z25) -> 1200000 | AB25: 4 | AC25: =+AA25*AB25 -> 4800000
B26: Festivo | C26: 50000 | D26: 50000 | E26: 50000 | F26: 50000 | G26: 50000 | H26: 50000 | I26: 50000 | J26: 50000 | K26: 50000 | L26: 50000 | M26: 50000 | N26: 50000 | O26: 50000 | P26: 50000 | Q26: 50000 | R26: 50000 | S26: 50000 | T26: 50000 | U26: 50000 | V26: 50000 | W26: 50000 | X26: 50000 | Y26: 50000 | Z26: 50000 | AA26: =SUM(C26:Z26) -> 1200000 | AB26: 1 | AC26: =+AA26*AB26 -> 1200000
A27: 47635 | B27: Hábil | C27: 50000 | D27: 50000 | E27: 50000 | F27: 50000 | G27: 50000 | H27: 50000 | I27: 50000 | J27: 50000 | K27: 50000 | L27: 50000 | M27: 50000 | N27: 50000 | O27: 50000 | P27: 50000 | Q27: 50000 | R27: 50000 | S27: 50000 | T27: 50000 | U27: 50000 | V27: 50000 | W27: 50000 | X27: 50000 | Y27: 50000 | Z27: 50000 | AA27: =SUM(C27:Z27) -> 1200000 | AB27: 18 | AC27: =+AA27*AB27 -> 21600000 | AD27: =+SUM(AC27:AC30) -> 36000000
B28: Sábado | C28: 50000 | D28: 50000 | E28: 50000 | F28: 50000 | G28: 50000 | H28: 50000 | I28: 50000 | J28: 50000 | K28: 50000 | L28: 50000 | M28: 50000 | N28: 50000 | O28: 50000 | P28: 50000 | Q28: 50000 | R28: 50000 | S28: 50000 | T28: 50000 | U28: 50000 | V28: 50000 | W28: 50000 | X28: 50000 | Y28: 50000 | Z28: 50000 | AA28: =SUM(C28:Z28) -> 1200000 | AB28: 5 | AC28: =+AA28*AB28 -> 6000000
B29: Domingo | C29: 50000 | D29: 50000 | E29: 50000 | F29: 50000 | G29: 50000 | H29: 50000 | I29: 50000 | J29: 50000 | K29: 50000 | L29: 50000 | M29: 50000 | N29: 50000 | O29: 50000 | P29: 50000 | Q29: 50000 | R29: 50000 | S29: 50000 | T29: 50000 | U29: 50000 | V29: 50000 | W29: 50000 | X29: 50000 | Y29: 50000 | Z29: 50000 | AA29: =SUM(C29:Z29) -> 1200000 | AB29: 5 | AC29: =+AA29*AB29 -> 6000000
B30: Festivo | C30: 50000 | D30: 50000 | E30: 50000 | F30: 50000 | G30: 50000 | H30: 50000 | I30: 50000 | J30: 50000 | K30: 50000 | L30: 50000 | M30: 50000 | N30: 50000 | O30: 50000 | P30: 50000 | Q30: 50000 | R30: 50000 | S30: 50000 | T30: 50000 | U30: 50000 | V30: 50000 | W30: 50000 | X30: 50000 | Y30: 50000 | Z30: 50000 | AA30: =SUM(C30:Z30) -> 1200000 | AB30: 2 | AC30: =+AA30*AB30 -> 2400000
A31: 47665 | B31: Hábil | C31: 50000 | D31: 50000 | E31: 50000 | F31: 50000 | G31: 50000 | H31: 50000 | I31: 50000 | J31: 50000 | K31: 50000 | L31: 50000 | M31: 50000 | N31: 50000 | O31: 50000 | P31: 50000 | Q31: 50000 | R31: 50000 | S31: 50000 | T31: 50000 | U31: 50000 | V31: 50000 | W31: 50000 | X31: 50000 | Y31: 50000 | Z31: 50000 | AA31: =SUM(C31:Z31) -> 1200000 | AB31: 22 | AC31: =+AA31*AB31 -> 26400000 | AD31: =+SUM(AC31:AC34) -> 37200000
B32: Sábado | C32: 50000 | D32: 50000 | E32: 50000 | F32: 50000 | G32: 50000 | H32: 50000 | I32: 50000 | J32: 50000 | K32: 50000 | L32: 50000 | M32: 50000 | N32: 50000 | O32: 50000 | P32: 50000 | Q32: 50000 | R32: 50000 | S32: 50000 | T32: 50000 | U32: 50000 | V32: 50000 | W32: 50000 | X32: 50000 | Y32: 50000 | Z32: 50000 | AA32: =SUM(C32:Z32) -> 1200000 | AB32: 3 | AC32: =+AA32*AB32 -> 3600000
B33: Domingo | C33: 50000 | D33: 50000 | E33: 50000 | F33: 50000 | G33: 50000 | H33: 50000 | I33: 50000 | J33: 50000 | K33: 50000 | L33: 50000 | M33: 50000 | N33: 50000 | O33: 50000 | P33: 50000 | Q33: 50000 | R33: 50000 | S33: 50000 | T33: 50000 | U33: 50000 | V33: 50000 | W33: 50000 | X33: 50000 | Y33: 50000 | Z33: 50000 | AA33: =SUM(C33:Z33) -> 1200000 | AB33: 4 | AC33: =+AA33*AB33 -> 4800000
B34: Festivo | C34: 50000 | D34: 50000 | E34: 50000 | F34: 50000 | G34: 50000 | H34: 50000 | I34: 50000 | J34: 50000 | K34: 50000 | L34: 50000 | M34: 50000 | N34: 50000 | O34: 50000 | P34: 50000 | Q34: 50000 | R34: 50000 | S34: 50000 | T34: 50000 | U34: 50000 | V34: 50000 | W34: 50000 | X34: 50000 | Y34: 50000 | Z34: 50000 | AA34: =SUM(C34:Z34) -> 1200000 | AB34: 2 | AC34: =+AA34*AB34 -> 2400000
A35: 47696 | B35: Hábil | C35: 50000 | D35: 50000 | E35: 50000 | F35: 50000 | G35: 50000 | H35: 50000 | I35: 50000 | J35: 50000 | K35: 50000 | L35: 50000 | M35: 50000 | N35: 50000 | O35: 50000 | P35: 50000 | Q35: 50000 | R35: 50000 | S35: 50000 | T35: 50000 | U35: 50000 | V35: 50000 | W35: 50000 | X35: 50000 | Y35: 50000 | Z35: 50000 | AA35: =SUM(C35:Z35) -> 1200000 | AB35: 20 | AC35: =+AA35*AB35 -> 24000000 | AD35: =+SUM(AC35:AC38) -> 37200000
B36: Sábado | C36: 50000 | D36: 50000 | E36: 50000 | F36: 50000 | G36: 50000 | H36: 50000 | I36: 50000 | J36: 50000 | K36: 50000 | L36: 50000 | M36: 50000 | N36: 50000 | O36: 50000 | P36: 50000 | Q36: 50000 | R36: 50000 | S36: 50000 | T36: 50000 | U36: 50000 | V36: 50000 | W36: 50000 | X36: 50000 | Y36: 50000 | Z36: 50000 | AA36: =SUM(C36:Z36) -> 1200000 | AB36: 5 | AC36: =+AA36*AB36 -> 6000000
B37: Domingo | C37: 50000 | D37: 50000 | E37: 50000 | F37: 50000 | G37: 50000 | H37: 50000 | I37: 50000 | J37: 50000 | K37: 50000 | L37: 50000 | M37: 50000 | N37: 50000 | O37: 50000 | P37: 50000 | Q37: 50000 | R37: 50000 | S37: 50000 | T37: 50000 | U37: 50000 | V37: 50000 | W37: 50000 | X37: 50000 | Y37: 50000 | Z37: 50000 | AA37: =SUM(C37:Z37) -> 1200000 | AB37: 4 | AC37: =+AA37*AB37 -> 4800000
B38: Festivo | C38: 50000 | D38: 50000 | E38: 50000 | F38: 50000 | G38: 50000 | H38: 50000 | I38: 50000 | J38: 50000 | K38: 50000 | L38: 50000 | M38: 50000 | N38: 50000 | O38: 50000 | P38: 50000 | Q38: 50000 | R38: 50000 | S38: 50000 | T38: 50000 | U38: 50000 | V38: 50000 | W38: 50000 | X38: 50000 | Y38: 50000 | Z38: 50000 | AA38: =SUM(C38:Z38) -> 1200000 | AB38: 2 | AC38: =+AA38*AB38 -> 2400000
A39: 47727 | B39: Hábil | C39: 50000 | D39: 50000 | E39: 50000 | F39: 50000 | G39: 50000 | H39: 50000 | I39: 50000 | J39: 50000 | K39: 50000 | L39: 50000 | M39: 50000 | N39: 50000 | O39: 50000 | P39: 50000 | Q39: 50000 | R39: 50000 | S39: 50000 | T39: 50000 | U39: 50000 | V39: 50000 | W39: 50000 | X39: 50000 | Y39: 50000 | Z39: 50000 | AA39: =SUM(C39:Z39) -> 1200000 | AB39: 21 | AC39: =+AA39*AB39 -> 25200000 | AD39: =+SUM(AC39:AC42) -> 36000000
B40: Sábado | C40: 50000 | D40: 50000 | E40: 50000 | F40: 50000 | G40: 50000 | H40: 50000 | I40: 50000 | J40: 50000 | K40: 50000 | L40: 50000 | M40: 50000 | N40: 50000 | O40: 50000 | P40: 50000 | Q40: 50000 | R40: 50000 | S40: 50000 | T40: 50000 | U40: 50000 | V40: 50000 | W40: 50000 | X40: 50000 | Y40: 50000 | Z40: 50000 | AA40: =SUM(C40:Z40) -> 1200000 | AB40: 4 | AC40: =+AA40*AB40 -> 4800000
B41: Domingo | C41: 50000 | D41: 50000 | E41: 50000 | F41: 50000 | G41: 50000 | H41: 50000 | I41: 50000 | J41: 50000 | K41: 50000 | L41: 50000 | M41: 50000 | N41: 50000 | O41: 50000 | P41: 50000 | Q41: 50000 | R41: 50000 | S41: 50000 | T41: 50000 | U41: 50000 | V41: 50000 | W41: 50000 | X41: 50000 | Y41: 50000 | Z41: 50000 | AA41: =SUM(C41:Z41) -> 1200000 | AB41: 5 | AC41: =+AA41*AB41 -> 6000000
B42: Festivo | C42: 0 | D42: 0 | E42: 0 | F42: 0 | G42: 0 | H42: 0 | I42: 0 | J42: 0 | K42: 0 | L42: 0 | M42: 0 | N42: 0 | O42: 0 | P42: 0 | Q42: 0 | R42: 0 | S42: 0 | T42: 0 | U42: 0 | V42: 0 | W42: 0 | X42: 0 | Y42: 0 | Z42: 0 | AA42: =SUM(C42:Z42) -> 0 | AB42: 0 | AC42: =+AA42*AB42 -> 0
A43: 47757 | B43: Hábil | C43: 50000 | D43: 50000 | E43: 50000 | F43: 50000 | G43: 50000 | H43: 50000 | I43: 50000 | J43: 50000 | K43: 50000 | L43: 50000 | M43: 50000 | N43: 50000 | O43: 50000 | P43: 50000 | Q43: 50000 | R43: 50000 | S43: 50000 | T43: 50000 | U43: 50000 | V43: 50000 | W43: 50000 | X43: 50000 | Y43: 50000 | Z43: 50000 | AA43: =SUM(C43:Z43) -> 1200000 | AB43: 22 | AC43: =+AA43*AB43 -> 26400000 | AD43: =+SUM(AC43:AC46) -> 37200000
B44: Sábado | C44: 50000 | D44: 50000 | E44: 50000 | F44: 50000 | G44: 50000 | H44: 50000 | I44: 50000 | J44: 50000 | K44: 50000 | L44: 50000 | M44: 50000 | N44: 50000 | O44: 50000 | P44: 50000 | Q44: 50000 | R44: 50000 | S44: 50000 | T44: 50000 | U44: 50000 | V44: 50000 | W44: 50000 | X44: 50000 | Y44: 50000 | Z44: 50000 | AA44: =SUM(C44:Z44) -> 1200000 | AB44: 4 | AC44: =+AA44*AB44 -> 4800000
B45: Domingo | C45: 50000 | D45: 50000 | E45: 50000 | F45: 50000 | G45: 50000 | H45: 50000 | I45: 50000 | J45: 50000 | K45: 50000 | L45: 50000 | M45: 50000 | N45: 50000 | O45: 50000 | P45: 50000 | Q45: 50000 | R45: 50000 | S45: 50000 | T45: 50000 | U45: 50000 | V45: 50000 | W45: 50000 | X45: 50000 | Y45: 50000 | Z45: 50000 | AA45: =SUM(C45:Z45) -> 1200000 | AB45: 4 | AC45: =+AA45*AB45 -> 4800000
B46: Festivo | C46: 50000 | D46: 50000 | E46: 50000 | F46: 50000 | G46: 50000 | H46: 50000 | I46: 50000 | J46: 50000 | K46: 50000 | L46: 50000 | M46: 50000 | N46: 50000 | O46: 50000 | P46: 50000 | Q46: 50000 | R46: 50000 | S46: 50000 | T46: 50000 | U46: 50000 | V46: 50000 | W46: 50000 | X46: 50000 | Y46: 50000 | Z46: 50000 | AA46: =SUM(C46:Z46) -> 1200000 | AB46: 1 | AC46: =+AA46*AB46 -> 1200000
A47: 47788 | B47: Hábil | C47: 50000 | D47: 50000 | E47: 50000 | F47: 50000 | G47: 50000 | H47: 50000 | I47: 50000 | J47: 50000 | K47: 50000 | L47: 50000 | M47: 50000 | N47: 50000 | O47: 50000 | P47: 50000 | Q47: 50000 | R47: 50000 | S47: 50000 | T47: 50000 | U47: 50000 | V47: 50000 | W47: 50000 | X47: 50000 | Y47: 50000 | Z47: 50000 | AA47: =SUM(C47:Z47) -> 1200000 | AB47: 19 | AC47: =+AA47*AB47 -> 22800000 | AD47: =+SUM(AC47:AC50) -> 36000000
B48: Sábado | C48: 50000 | D48: 50000 | E48: 50000 | F48: 50000 | G48: 50000 | H48: 50000 | I48: 50000 | J48: 50000 | K48: 50000 | L48: 50000 | M48: 50000 | N48: 50000 | O48: 50000 | P48: 50000 | Q48: 50000 | R48: 50000 | S48: 50000 | T48: 50000 | U48: 50000 | V48: 50000 | W48: 50000 | X48: 50000 | Y48: 50000 | Z48: 50000 | AA48: =SUM(C48:Z48) -> 1200000 | AB48: 5 | AC48: =+AA48*AB48 -> 6000000
B49: Domingo | C49: 50000 | D49: 50000 | E49: 50000 | F49: 50000 | G49: 50000 | H49: 50000 | I49: 50000 | J49: 50000 | K49: 50000 | L49: 50000 | M49: 50000 | N49: 50000 | O49: 50000 | P49: 50000 | Q49: 50000 | R49: 50000 | S49: 50000 | T49: 50000 | U49: 50000 | V49: 50000 | W49: 50000 | X49: 50000 | Y49: 50000 | Z49: 50000 | AA49: =SUM(C49:Z49) -> 1200000 | AB49: 4 | AC49: =+AA49*AB49 -> 4800000
B50: Festivo | C50: 50000 | D50: 50000 | E50: 50000 | F50: 50000 | G50: 50000 | H50: 50000 | I50: 50000 | J50: 50000 | K50: 50000 | L50: 50000 | M50: 50000 | N50: 50000 | O50: 50000 | P50: 50000 | Q50: 50000 | R50: 50000 | S50: 50000 | T50: 50000 | U50: 50000 | V50: 50000 | W50: 50000 | X50: 50000 | Y50: 50000 | Z50: 50000 | AA50: =SUM(C50:Z50) -> 1200000 | AB50: 2 | AC50: =+AA50*AB50 -> 2400000
A51: 47818 | B51: Hábil | C51: 50000 | D51: 50000 | E51: 50000 | F51: 50000 | G51: 50000 | H51: 50000 | I51: 50000 | J51: 50000 | K51: 50000 | L51: 50000 | M51: 50000 | N51: 50000 | O51: 50000 | P51: 50000 | Q51: 50000 | R51: 50000 | S51: 50000 | T51: 50000 | U51: 50000 | V51: 50000 | W51: 50000 | X51: 50000 | Y51: 50000 | Z51: 50000 | AA51: =SUM(C51:Z51) -> 1200000 | AB51: 21 | AC51: =+AA51*AB51 -> 25200000 | AD51: =+SUM(AC51:AC54) -> 37200000
B52: Sábado | C52: 50000 | D52: 50000 | E52: 50000 | F52: 50000 | G52: 50000 | H52: 50000 | I52: 50000 | J52: 50000 | K52: 50000 | L52: 50000 | M52: 50000 | N52: 50000 | O52: 50000 | P52: 50000 | Q52: 50000 | R52: 50000 | S52: 50000 | T52: 50000 | U52: 50000 | V52: 50000 | W52: 50000 | X52: 50000 | Y52: 50000 | Z52: 50000 | AA52: =SUM(C52:Z52) -> 1200000 | AB52: 4 | AC52: =+AA52*AB52 -> 4800000
B53: Domingo | C53: 50000 | D53: 50000 | E53: 50000 | F53: 50000 | G53: 50000 | H53: 50000 | I53: 50000 | J53: 50000 | K53: 50000 | L53: 50000 | M53: 50000 | N53: 50000 | O53: 50000 | P53: 50000 | Q53: 50000 | R53: 50000 | S53: 50000 | T53: 50000 | U53: 50000 | V53: 50000 | W53: 50000 | X53: 50000 | Y53: 50000 | Z53: 50000 | AA53: =SUM(C53:Z53) -> 1200000 | AB53: 5 | AC53: =+AA53*AB53 -> 6000000
B54: Festivo | C54: 50000 | D54: 50000 | E54: 50000 | F54: 50000 | G54: 50000 | H54: 50000 | I54: 50000 | J54: 50000 | K54: 50000 | L54: 50000 | M54: 50000 | N54: 50000 | O54: 50000 | P54: 50000 | Q54: 50000 | R54: 50000 | S54: 50000 | T54: 50000 | U54: 50000 | V54: 50000 | W54: 50000 | X54: 50000 | Y54: 50000 | Z54: 50000 | AA54: =SUM(C54:Z54) -> 1200000 | AB54: 1 | AC54: =+AA54*AB54 -> 1200000
AD55: =+SUM(AD7:AD54) -> 438000000

Sheet OF P7
C1: * La energia a ofertar debe ser expresada únicamente en kilovatio (kWh) redondeado a cero decimales
C4: OFERTA PRODUCTO 7
C5: MES | D5: ENERGIA SOLICITADA (KWh) | E5: % | F5: ENERGIA OFERTADA (KWh) | G5: PRECIO $/kWh
C6: 47849 | D6: =+VLOOKUP(C6,'CURVA P7'!$A$4:$AD$55,30,FALSE) -> 39072423 | E6: % | G6: $/kWh
C7: 47880 | D7: =+VLOOKUP(C7,'CURVA P7'!$A$4:$AD$55,30,FALSE) -> 41473312
C8: 47908 | D8: =+VLOOKUP(C8,'CURVA P7'!$A$4:$AD$55,30,FALSE) -> 38941727
C9: 47939 | D9: =+VLOOKUP(C9,'CURVA P7'!$A$4:$AD$55,30,FALSE) -> 41085624
C10: 47969 | D10: =+VLOOKUP(C10,'CURVA P7'!$A$4:$AD$55,30,FALSE) -> 41407219
C11: 48000 | D11: =+VLOOKUP(C11,'CURVA P7'!$A$4:$AD$55,30,FALSE) -> 42678135
C12: 48030 | D12: =+VLOOKUP(C12,'CURVA P7'!$A$4:$AD$55,30,FALSE) -> 40899356
C13: 48061 | D13: =+VLOOKUP(C13,'CURVA P7'!$A$4:$AD$55,30,FALSE) -> 42547608
C14: 48092 | D14: =+VLOOKUP(C14,'CURVA P7'!$A$4:$AD$55,30,FALSE) -> 44164596
C15: 48122 | D15: =+VLOOKUP(C15,'CURVA P7'!$A$4:$AD$55,30,FALSE) -> 43421099
C16: 48153 | D16: =+VLOOKUP(C16,'CURVA P7'!$A$4:$AD$55,30,FALSE) -> 42950492
C17: 48183 | D17: =+VLOOKUP(C17,'CURVA P7'!$A$4:$AD$55,30,FALSE) -> 41505243
D18: =SUM(D6:D17) -> 500146834

Sheet CURVA P7
A1: Curva de distribucion en kwh
A2: * La energia a ofertar debe ser expresada únicamente en kilovatio (kWh) redondeado a cero decimales
A4: TOTAL | C4: =+AD55 -> 500146834
A5: MES | B5: DÍA | C5: HORA 01 | D5: HORA 02 | E5: HORA 03 | F5: HORA 04 | G5: HORA 05 | H5: HORA 06 | I5: HORA 07 | J5: HORA 08 | K5: HORA 09 | L5: HORA 10 | M5: HORA 11 | N5: HORA 12 | O5: HORA 13 | P5: HORA 14 | Q5: HORA 15 | R5: HORA 16 | S5: HORA 17 | T5: HORA 18 | U5: HORA 19 | V5: HORA 20 | W5: HORA 21 | X5: HORA 22 | Y5: HORA 23 | Z5: HORA 24 | AA5: TOTAL DÍA | AB5: NUMERO DÍAS | AC5: TOTAL DÍA MES | AD5: TOTAL MES
A7: 47849 | B7: Hábil | C7: 55369 | D7: 52072 | E7: 49437 | F7: 47513 | G7: 46927 | H7: 48157 | I7: 48844 | J7: 41471 | K7: 36741 | L7: 36013 | M7: 36937 | N7: 36255 | O7: 33432 | P7: 43474 | Q7: 58643 | R7: 68778 | S7: 72392 | T7: 75481 | U7: 78732 | V7: 77593 | W7: 76047 | X7: 73588 | Y7: 68708 | Z7: 62261 | AA7: =SUM(C7:Z7) -> 1324865 | AB7: 21 | AC7: =+AA7*AB7 -> 27822165 | AD7: =+SUM(AC7:AC10) -> 39072423
B8: Sábado | C8: 57195 | D8: 53558 | E8: 50624 | F8: 48453 | G8: 47600 | H8: 48028 | I8: 47944 | J8: 39641 | K8: 34908 | L8: 34067 | M8: 34339 | N8: 33126 | O8: 32118 | P8: 38055 | Q8: 48947 | R8: 58079 | S8: 61722 | T8: 68212 | U8: 74954 | V8: 74568 | W8: 72150 | X8: 69687 | Y8: 66283 | Z8: 61686 | AA8: =SUM(C8:Z8) -> 1255944 | AB8: 4 | AC8: =+AA8*AB8 -> 5023776
B9: Domingo | C9: 56367 | D9: 52960 | E9: 50105 | F9: 47850 | G9: 46570 | H9: 45966 | I9: 44591 | J9: 32124 | K9: 23213 | L9: 20668 | M9: 19126 | N9: 17769 | O9: 20100 | P9: 25465 | Q9: 35080 | R9: 44932 | S9: 50127 | T9: 58761 | U9: 66840 | V9: 69075 | W9: 68732 | X9: 67497 | Y9: 63711 | Z9: 58421 | AA9: =SUM(C9:Z9) -> 1086050 | AB9: 4 | AC9: =+AA9*AB9 -> 4344200
B10: Festivo | C10: 46962 | D10: 45299 | E10: 43834 | F10: 42343 | G10: 41575 | H10: 40918 | I10: 38862 | J10: 25769 | K10: 16362 | L10: 13802 | M10: 12877 | N10: 11518 | O10: 13976 | P10: 19726 | Q10: 29113 | R10: 38642 | S10: 43312 | T10: 53806 | U10: 62491 | V10: 64082 | W10: 63175 | X10: 61289 | Y10: 57877 | Z10: 53531 | AA10: =SUM(C10:Z10) -> 941141 | AB10: 2 | AC10: =+AA10*AB10 -> 1882282
A11: 47880 | B11: Hábil | C11: 62934 | D11: 58921 | E11: 56106 | F11: 54214 | G11: 54157 | H11: 57494 | I11: 59339 | J11: 52649 | K11: 47076 | L11: 46046 | M11: 47047 | N11: 44817 | O11: 39435 | P11: 52342 | Q11: 69593 | R11: 80647 | S11: 84280 | T11: 85108 | U11: 86831 | V11: 86697 | W11: 85308 | X11: 82410 | Y11: 76217 | Z11: 68598 | AA11: =SUM(C11:Z11) -> 1538266 | AB11: 20 | AC11: =+AA11*AB11 -> 30765320 | AD11: =+SUM(AC11:AC14) -> 41473312
B12: Sábado | C12: 61288 | D12: 57396 | E12: 54654 | F12: 52745 | G12: 52107 | H12: 53183 | I12: 54628 | J12: 48095 | K12: 43674 | L12: 42853 | M12: 43096 | N12: 41275 | O12: 38722 | P12: 44439 | Q12: 56276 | R12: 66091 | S12: 69813 | T12: 74747 | U12: 80744 | V12: 81417 | W12: 78879 | X12: 76138 | Y12: 72599 | Z12: 67593 | AA12: =SUM(C12:Z12) -> 1412452 | AB12: 4 | AC12: =+AA12*AB12 -> 5649808
B13: Domingo | C13: 62719 | D13: 58607 | E13: 55760 | F13: 53488 | G13: 52211 | H13: 51856 | I13: 51092 | J13: 39365 | K13: 29755 | L13: 27353 | M13: 26058 | N13: 24818 | O13: 27253 | P13: 32667 | Q13: 43209 | R13: 54035 | S13: 59765 | T13: 66787 | U13: 74199 | V13: 78047 | W13: 78485 | X13: 77705 | Y13: 72939 | Z13: 66373 | AA13: =SUM(C13:Z13) -> 1264546 | AB13: 4 | AC13: =+AA13*AB13 -> 5058184
B14: Festivo | C14: 0 | D14: 0 | E14: 0 | F14: 0 | G14: 0 | H14: 0 | I14: 0 | J14: 0 | K14: 0 | L14: 0 | M14: 0 | N14: 0 | O14: 0 | P14: 0 | Q14: 0 | R14: 0 | S14: 0 | T14: 0 | U14: 0 | V14: 0 | W14: 0 | X14: 0 | Y14: 0 | Z14: 0 | AA14: =SUM(C14:Z14) -> 0 | AB14: 0 | AC14: =+AA14*AB14 -> 0
A15: 47908 | B15: Hábil | C15: 55211 | D15: 51479 | E15: 48908 | F15: 47064 | G15: 46903 | H15: 49172 | I15: 49753 | J15: 42706 | K15: 37351 | L15: 35876 | M15: 36363 | N15: 34532 | O15: 30372 | P15: 42101 | Q15: 57923 | R15: 68042 | S15: 71905 | T15: 74188 | U15: 76411 | V15: 76270 | W15: 75135 | X15: 72770 | Y15: 67659 | Z15: 61027 | AA15: =SUM(C15:Z15) -> 1309121 | AB15: 20 | AC15: =+AA15*AB15 -> 26182420 | AD15: =+SUM(AC15:AC18) -> 38941727
B16: Sábado | C16: 56962 | D16: 53048 | E16: 50296 | F16: 48094 | G16: 47152 | H16: 47409 | I16: 47946 | J16: 41236 | K16: 36346 | L16: 34999 | M16: 35125 | N16: 32994 | O16: 30776 | P16: 36429 | Q16: 47406 | R16: 56739 | S16: 60691 | T16: 66698 | U16: 72487 | V16: 72937 | W16: 70903 | X16: 68795 | Y16: 65968 | Z16: 61800 | AA16: =SUM(C16:Z16) -> 1243236 | AB16: 5 | AC16: =+AA16*AB16 -> 6216180
B17: Domingo | C17: 57247 | D17: 53458 | E17: 50784 | F17: 48611 | G17: 47326 | H17: 46554 | I17: 45023 | J17: 32968 | K17: 23819 | L17: 20718 | M17: 18665 | N17: 17585 | O17: 20012 | P17: 25461 | Q17: 35591 | R17: 45547 | S17: 50943 | T17: 58949 | U17: 65953 | V17: 69421 | W17: 70039 | X17: 69497 | Y17: 65360 | Z17: 59694 | AA17: =SUM(C17:Z17) -> 1099225 | AB17: 5 | AC17: =+AA17*AB17 -> 5496125
B18: Festivo | C18: 49875 | D18: 46028 | E18: 43551 | F18: 41868 | G18: 41028 | H18: 40841 | I18: 40600 | J18: 30969 | K18: 23409 | L18: 21873 | M18: 21840 | N18: 20783 | O18: 21045 | P18: 27355 | Q18: 36969 | R18: 45839 | S18: 50016 | T18: 57583 | U18: 65396 | V18: 68805 | W18: 68724 | X18: 66709 | Y18: 61005 | Z18: 54891 | AA18: =SUM(C18:Z18) -> 1047002 | AB18: 1 | AC18: =+AA18*AB18 -> 1047002
A19: 47939 | B19: Hábil | C19: 59474 | D19: 55469 | E19: 52732 | F19: 50821 | G19: 50622 | H19: 51622 | I19: 52845 | J19: 47212 | K19: 43055 | L19: 42400 | M19: 43686 | N19: 42366 | O19: 37448 | P19: 49685 | Q19: 66518 | R19: 76531 | S19: 79694 | T19: 81197 | U19: 82938 | V19: 82448 | W19: 81568 | X19: 79034 | Y19: 73561 | Z19: 66348 | AA19: =SUM(C19:Z19) -> 1449274 | AB19: 20 | AC19: =+AA19*AB19 -> 28985480 | AD19: =+SUM(AC19:AC22) -> 41085624
B20: Sábado | C20: 60569 | D20: 56544 | E20: 53594 | F20: 51385 | G20: 50495 | H20: 49407 | I20: 50599 | J20: 44028 | K20: 40177 | L20: 39679 | M20: 40035 | N20: 38591 | O20: 36756 | P20: 42803 | Q20: 54177 | R20: 63310 | S20: 66544 | T20: 72180 | U20: 77570 | V20: 76945 | W20: 74784 | X20: 72435 | Y20: 69298 | Z20: 65024 | AA20: =SUM(C20:Z20) -> 1346929 | AB20: 4 | AC20: =+AA20*AB20 -> 5387716
B21: Domingo | C21: 60853 | D21: 56655 | E21: 53598 | F21: 51172 | G21: 49790 | H21: 47890 | I21: 47242 | J21: 36016 | K21: 26940 | L21: 24355 | M21: 23229 | N21: 22674 | O21: 25036 | P21: 30705 | Q21: 41121 | R21: 51097 | S21: 56028 | T21: 63536 | U21: 70484 | V21: 73303 | W21: 73259 | X21: 72880 | Y21: 69116 | Z21: 63249 | AA21: =SUM(C21:Z21) -> 1190228 | AB21: 4 | AC21: =+AA21*AB21 -> 4760912
B22: Festivo | C22: 54404 | D22: 50539 | E22: 47790 | F22: 45821 | G22: 44533 | H22: 42593 | I22: 42051 | J22: 29155 | K22: 18371 | L22: 13892 | M22: 11796 | N22: 10602 | O22: 13437 | P22: 19156 | Q22: 29617 | R22: 38921 | S22: 44324 | T22: 53402 | U22: 61099 | V22: 63454 | W22: 63008 | X22: 62211 | Y22: 59800 | Z22: 55782 | AA22: =SUM(C22:Z22) -> 975758 | AB22: 2 | AC22: =+AA22*AB22 -> 1951516
A23: 47969 | B23: Hábil | C23: 58633 | D23: 54862 | E23: 52096 | F23: 50156 | G23: 49667 | H23: 49245 | I23: 50811 | J23: 45329 | K23: 41786 | L23: 41351 | M23: 42375 | N23: 40760 | O23: 36065 | P23: 47948 | Q23: 64255 | R23: 73567 | S23: 76446 | T23: 77887 | U23: 79178 | V23: 79262 | W23: 78897 | X23: 76864 | Y23: 71754 | Z23: 65053 | AA23: =SUM(C23:Z23) -> 1404247 | AB23: 20 | AC23: =+AA23*AB23 -> 28084940 | AD23: =+SUM(AC23:AC26) -> 41407219
B24: Sábado | C24: 61387 | D24: 57146 | E24: 54052 | F24: 51630 | G24: 50657 | H24: 48668 | I24: 49994 | J24: 43404 | K24: 40056 | L24: 39876 | M24: 40229 | N24: 38201 | O24: 35920 | P24: 41668 | Q24: 52345 | R24: 61384 | S24: 64389 | T24: 69167 | U24: 74065 | V24: 74777 | W24: 73064 | X24: 71284 | Y24: 68464 | Z24: 64312 | AA24: =SUM(C24:Z24) -> 1326139 | AB24: 5 | AC24: =+AA24*AB24 -> 6630695
B25: Domingo | C25: 59231 | D25: 55549 | E25: 52751 | F25: 50446 | G25: 48982 | H25: 45961 | I25: 46123 | J25: 34408 | K25: 25479 | L25: 22889 | M25: 21904 | N25: 20484 | O25: 21738 | P25: 26876 | Q25: 37370 | R25: 46856 | S25: 51815 | T25: 59645 | U25: 66262 | V25: 69423 | W25: 70025 | X25: 70096 | Y25: 67048 | Z25: 61830 | AA25: =SUM(C25:Z25) -> 1133191 | AB25: 4 | AC25: =+AA25*AB25 -> 4532764
B26: Festivo | C26: 51849 | D26: 48218 | E26: 45636 | F26: 43758 | G26: 42897 | H26: 40883 | I26: 41553 | J26: 31315 | K26: 23598 | L26: 22066 | M26: 22111 | N26: 21157 | O26: 21958 | P26: 28071 | Q26: 38457 | R26: 47766 | S26: 51835 | T26: 58665 | U26: 65624 | V26: 69504 | W26: 69949 | X26: 68942 | Y26: 64643 | Z26: 58955 | AA26: =SUM(C26:Z26) -> 1079410 | AB26: 2 | AC26: =+AA26*AB26 -> 2158820
A27: 48000 | B27: Hábil | C27: 62848 | D27: 58787 | E27: 55808 | F27: 53758 | G27: 53250 | H27: 52571 | I27: 55021 | J27: 50548 | K27: 47089 | L27: 46508 | M27: 47511 | N27: 46210 | O27: 40786 | P27: 52597 | Q27: 69002 | R27: 78783 | S27: 82049 | T27: 82688 | U27: 83116 | V27: 83910 | W27: 82948 | X27: 80489 | Y27: 75429 | Z27: 68669 | AA27: =SUM(C27:Z27) -> 1510375 | AB27: 18 | AC27: =+AA27*AB27 -> 27186750 | AD27: =+SUM(AC27:AC30) -> 42678135
B28: Sábado | C28: 64076 | D28: 60116 | E28: 57142 | F28: 54930 | G28: 54178 | H28: 52257 | I28: 54402 | J28: 48401 | K28: 44730 | L28: 44264 | M28: 44685 | N28: 42795 | O28: 40099 | P28: 45120 | Q28: 56685 | R28: 66239 | S28: 69591 | T28: 74297 | U28: 78371 | V28: 79595 | W28: 77499 | X28: 75276 | Y28: 72281 | Z28: 68089 | AA28: =SUM(C28:Z28) -> 1425118 | AB28: 4 | AC28: =+AA28*AB28 -> 5700472
B29: Domingo | C29: 63611 | D29: 59806 | E29: 56990 | F29: 54724 | G29: 53370 | H29: 50433 | I29: 50504 | J29: 39362 | K29: 29581 | L29: 27481 | M29: 25369 | N29: 23752 | O29: 25652 | P29: 30798 | Q29: 40903 | R29: 50682 | S29: 56315 | T29: 63072 | U29: 69414 | V29: 74221 | W29: 74568 | X29: 74243 | Y29: 71423 | Z29: 66598 | AA29: =SUM(C29:Z29) -> 1232872 | AB29: 5 | AC29: =+AA29*AB29 -> 6164360
B30: Festivo | C30: 57027 | D30: 53340 | E30: 50795 | F30: 48761 | G30: 48003 | H30: 45831 | I30: 46547 | J30: 37456 | K30: 30383 | L30: 29399 | M30: 29686 | N30: 28529 | O30: 28875 | P30: 34646 | Q30: 44607 | R30: 53373 | S30: 57165 | T30: 63142 | U30: 69250 | V30: 74539 | W30: 74210 | X30: 72665 | Y30: 68277 | Z30: 62345 | AA30: =SUM(C30:Z30) -> 1208851 | AB30: 3 | AC30: =+AA30*AB30 -> 3626553
A31: 48030 | B31: Hábil | C31: 58072 | D31: 54205 | E31: 51440 | F31: 49325 | G31: 48693 | H31: 48669 | I31: 50420 | J31: 44787 | K31: 41068 | L31: 40412 | M31: 41249 | N31: 39175 | O31: 33717 | P31: 45237 | Q31: 61150 | R31: 70822 | S31: 73777 | T31: 74925 | U31: 74809 | V31: 76827 | W31: 76408 | X31: 74586 | Y31: 70010 | Z31: 63765 | AA31: =SUM(C31:Z31) -> 1363548 | AB31: 23 | AC31: =+AA31*AB31 -> 31361604 | AD31: =+SUM(AC31:AC34) -> 40899356
B32: Sábado | C32: 57583 | D32: 53826 | E32: 51231 | F32: 49135 | G32: 48337 | H32: 46916 | I32: 48289 | J32: 41846 | K32: 37745 | L32: 37140 | M32: 36980 | N32: 35584 | O32: 33275 | P32: 38878 | Q32: 50133 | R32: 58886 | S32: 62038 | T32: 66694 | U32: 70753 | V32: 73340 | W32: 71333 | X32: 69499 | Y32: 67198 | Z32: 63596 | AA32: =SUM(C32:Z32) -> 1270235 | AB32: 4 | AC32: =+AA32*AB32 -> 5080940
B33: Domingo | C33: 59398 | D33: 55513 | E33: 52639 | F33: 50508 | G33: 49089 | H33: 46639 | I33: 46294 | J33: 33928 | K33: 24804 | L33: 21936 | M33: 20214 | N33: 18273 | O33: 20527 | P33: 25817 | Q33: 35451 | R33: 45619 | S33: 50603 | T33: 58497 | U33: 63593 | V33: 68552 | W33: 69343 | X33: 69245 | Y33: 66231 | Z33: 61490 | AA33: =SUM(C33:Z33) -> 1114203 | AB33: 4 | AC33: =+AA33*AB33 -> 4456812
B34: Festivo | C34: 59398 | D34: 55513 | E34: 52639 | F34: 50508 | G34: 49089 | H34: 46639 | I34: 46294 | J34: 33928 | K34: 24804 | L34: 21936 | M34: 20214 | N34: 18273 | O34: 20527 | P34: 25817 | Q34: 35451 | R34: 45619 | S34: 50603 | T34: 58497 | U34: 63593 | V34: 68552 | W34: 69343 | X34: 69245 | Y34: 66231 | Z34: 61490 | AA34: =SUM(C34:Z34) -> 1114203 | AB34: 0 | AC34: =+AA34*AB34 -> 0
A35: 48061 | B35: Hábil | C35: 60889 | D35: 56925 | E35: 53925 | F35: 51669 | G35: 50923 | H35: 50935 | I35: 52059 | J35: 46628 | K35: 42766 | L35: 42715 | M35: 43837 | N35: 42269 | O35: 36922 | P35: 49504 | Q35: 66335 | R35: 75919 | S35: 78852 | T35: 79381 | U35: 79932 | V35: 80750 | W35: 80597 | X35: 79030 | Y35: 74125 | Z35: 67740 | AA35: =SUM(C35:Z35) -> 1444627 | AB35: 19 | AC35: =+AA35*AB35 -> 27447913 | AD35: =+SUM(AC35:AC38) -> 42547608
B36: Sábado | C36: 64887 | D36: 60601 | E36: 57326 | F36: 54789 | G36: 53454 | H36: 51870 | I36: 52683 | J36: 46549 | K36: 42525 | L36: 42396 | M36: 42253 | N36: 41498 | O36: 38534 | P36: 44647 | Q36: 55813 | R36: 64717 | S36: 67981 | T36: 71986 | U36: 76867 | V36: 77545 | W36: 75384 | X36: 74294 | Y36: 72182 | Z36: 68227 | AA36: =SUM(C36:Z36) -> 1399008 | AB36: 5 | AC36: =+AA36*AB36 -> 6995040
B37: Domingo | C37: 63149 | D37: 59083 | E37: 55850 | F37: 53378 | G37: 51568 | H37: 48383 | I37: 47312 | J37: 35918 | K37: 26551 | L37: 23270 | M37: 22048 | N37: 19682 | O37: 22085 | P37: 28726 | Q37: 38438 | R37: 48384 | S37: 52224 | T37: 59174 | U37: 65766 | V37: 69416 | W37: 70379 | X37: 70640 | Y37: 67894 | Z37: 62923 | AA37: =SUM(C37:Z37) -> 1162241 | AB37: 5 | AC37: =+AA37*AB37 -> 5811205
B38: Festivo | C38: 54215 | D38: 50868 | E38: 48201 | F38: 46390 | G38: 45522 | H38: 43850 | I38: 43585 | J38: 33610 | K38: 26318 | L38: 25568 | M38: 25618 | N38: 24983 | O38: 25660 | P38: 31685 | Q38: 42012 | R38: 51966 | S38: 55757 | T38: 60982 | U38: 67685 | V38: 71219 | W38: 71031 | X38: 71042 | Y38: 67315 | Z38: 61643 | AA38: =SUM(C38:Z38) -> 1146725 | AB38: 2 | AC38: =+AA38*AB38 -> 2293450
A39: 48092 | B39: Hábil | C39: 63744 | D39: 59382 | E39: 56170 | F39: 53699 | G39: 52821 | H39: 52600 | I39: 54101 | J39: 49105 | K39: 45422 | L39: 45550 | M39: 46929 | N39: 45426 | O39: 40356 | P39: 53579 | Q39: 70308 | R39: 79824 | S39: 82119 | T39: 83836 | U39: 85266 | V39: 83625 | W39: 83172 | X39: 81744 | Y39: 76915 | Z39: 69915 | AA39: =SUM(C39:Z39) -> 1515608 | AB39: 22 | AC39: =+AA39*AB39 -> 33343376 | AD39: =+SUM(AC39:AC42) -> 44164596
B40: Sábado | C40: 65549 | D40: 61508 | E40: 58315 | F40: 55613 | G40: 54314 | H40: 52478 | I40: 53706 | J40: 48162 | K40: 44663 | L40: 44334 | M40: 45320 | N40: 43943 | O40: 41442 | P40: 47815 | Q40: 59400 | R40: 68223 | S40: 70847 | T40: 76576 | U40: 82207 | V40: 80740 | W40: 78051 | X40: 76077 | Y40: 73781 | Z40: 69991 | AA40: =SUM(C40:Z40) -> 1453055 | AB40: 4 | AC40: =+AA40*AB40 -> 5812220
B41: Domingo | C41: 64553 | D41: 60638 | E41: 57638 | F41: 55247 | G41: 53608 | H41: 51143 | I41: 50704 | J41: 38962 | K41: 29171 | L41: 25870 | M41: 24899 | N41: 24066 | O41: 25596 | P41: 32073 | Q41: 43107 | R41: 52691 | S41: 57322 | T41: 65086 | U41: 72563 | V41: 74692 | W41: 75879 | X41: 76379 | Y41: 73082 | Z41: 67281 | AA41: =SUM(C41:Z41) -> 1252250 | AB41: 4 | AC41: =+AA41*AB41 -> 5009000
B42: Festivo | C42: 0 | D42: 0 | E42: 0 | F42: 0 | G42: 0 | H42: 0 | I42: 0 | J42: 0 | K42: 0 | L42: 0 | M42: 0 | N42: 0 | O42: 0 | P42: 0 | Q42: 0 | R42: 0 | S42: 0 | T42: 0 | U42: 0 | V42: 0 | W42: 0 | X42: 0 | Y42: 0 | Z42: 0 | AA42: =SUM(C42:Z42) -> 0 | AB42: 0 | AC42: =+AA42*AB42 -> 0
A43: 48122 | B43: Hábil | C43: 59883 | D43: 55872 | E43: 53014 | F43: 51047 | G43: 50501 | H43: 50321 | I43: 52057 | J43: 46919 | K43: 44067 | L43: 44320 | M43: 45805 | N43: 44749 | O43: 39823 | P43: 52293 | Q43: 68684 | R43: 77610 | S43: 80092 | T43: 84991 | U43: 85090 | V43: 81878 | W43: 80020 | X43: 77546 | Y43: 72303 | Z43: 65738 | AA43: =SUM(C43:Z43) -> 1464623 | AB43: 22 | AC43: =+AA43*AB43 -> 32221706 | AD43: =+SUM(AC43:AC46) -> 43421099
B44: Sábado | C44: 58491 | D44: 54483 | E44: 51706 | F44: 49475 | G44: 48580 | H44: 47269 | I44: 48563 | J44: 42186 | K44: 39398 | L44: 39590 | M44: 40470 | N44: 39374 | O44: 37445 | P44: 42689 | Q44: 53619 | R44: 61723 | S44: 65036 | T44: 73504 | U44: 77341 | V44: 74975 | W44: 72539 | X44: 69837 | Y44: 66514 | Z44: 62265 | AA44: =SUM(C44:Z44) -> 1317072 | AB44: 4 | AC44: =+AA44*AB44 -> 5268288
B45: Domingo | C45: 59612 | D45: 55919 | E45: 53107 | F45: 50686 | G45: 49165 | H45: 46893 | I45: 46659 | J45: 34399 | K45: 25446 | L45: 23468 | M45: 22414 | N45: 21859 | O45: 23827 | P45: 29305 | Q45: 39320 | R45: 49574 | S45: 54374 | T45: 65076 | U45: 70721 | V45: 71520 | W45: 71802 | X45: 71315 | Y45: 67780 | Z45: 62632 | AA45: =SUM(C45:Z45) -> 1166873 | AB45: 4 | AC45: =+AA45*AB45 -> 4667492
B46: Festivo | C46: 58782 | D46: 55027 | E46: 52309 | F46: 50271 | G46: 49346 | H46: 46657 | I46: 46665 | J46: 37659 | K46: 31017 | L46: 30604 | M46: 30713 | N46: 28837 | O46: 30896 | P46: 37342 | Q46: 48549 | R46: 57141 | S46: 61063 | T46: 70291 | U46: 75759 | V46: 77248 | W46: 77036 | X46: 75461 | Y46: 70699 | Z46: 64241 | AA46: =SUM(C46:Z46) -> 1263613 | AB46: 1 | AC46: =+AA46*AB46 -> 1263613
A47: 48153 | B47: Hábil | C47: 60070 | D47: 56139 | E47: 53358 | F47: 51578 | G47: 51381 | H47: 51934 | I47: 54618 | J47: 49954 | K47: 46655 | L47: 46504 | M47: 47934 | N47: 46913 | O47: 41715 | P47: 53284 | Q47: 69523 | R47: 79442 | S47: 82345 | T47: 88787 | U47: 88604 | V47: 84785 | W47: 82356 | X47: 78799 | Y47: 73053 | Z47: 66110 | AA47: =SUM(C47:Z47) -> 1505841 | AB47: 18 | AC47: =+AA47*AB47 -> 27105138 | AD47: =+SUM(AC47:AC50) -> 42950492
B48: Sábado | C48: 61572 | D48: 57599 | E48: 54759 | F48: 52481 | G48: 51637 | H48: 50621 | I48: 52323 | J48: 47033 | K48: 44454 | L48: 45261 | M48: 45641 | N48: 44341 | O48: 41634 | P48: 46884 | Q48: 57679 | R48: 66195 | S48: 69569 | T48: 79052 | U48: 82101 | V48: 79286 | W48: 76328 | X48: 72890 | Y48: 69292 | Z48: 65033 | AA48: =SUM(C48:Z48) -> 1413665 | AB48: 5 | AC48: =+AA48*AB48 -> 7068325
B49: Domingo | C49: 60673 | D49: 56948 | E49: 54100 | F49: 51867 | G49: 50469 | H49: 48642 | I49: 48777 | J49: 38082 | K49: 30018 | L49: 28044 | M49: 27822 | N49: 26636 | O49: 28900 | P49: 34112 | Q49: 43787 | R49: 52800 | S49: 57622 | T49: 69775 | U49: 74465 | V49: 74543 | W49: 73643 | X49: 72198 | Y49: 68789 | Z49: 63671 | AA49: =SUM(C49:Z49) -> 1236383 | AB49: 5 | AC49: =+AA49*AB49 -> 6181915
B50: Festivo | C50: 58373 | D50: 54463 | E50: 51916 | F50: 50084 | G50: 49374 | H50: 47877 | I50: 48204 | J50: 39507 | K50: 32845 | L50: 32686 | M50: 33582 | N50: 33055 | O50: 33688 | P50: 40577 | Q50: 50555 | R50: 59395 | S50: 63690 | T50: 74738 | U50: 79160 | V50: 78905 | W50: 77373 | X50: 74686 | Y50: 69421 | Z50: 63403 | AA50: =SUM(C50:Z50) -> 1297557 | AB50: 2 | AC50: =+AA50*AB50 -> 2595114
A51: 48183 | B51: Hábil | C51: 58702 | D51: 54825 | E51: 52149 | F51: 50190 | G51: 49590 | H51: 49723 | I51: 50699 | J51: 44855 | K51: 41080 | L51: 40888 | M51: 41728 | N51: 40664 | O51: 37058 | P51: 46115 | Q51: 61226 | R51: 71121 | S51: 74971 | T51: 80616 | U51: 83545 | V51: 80185 | W51: 76999 | X51: 74086 | Y51: 69804 | Z51: 64300 | AA51: =SUM(C51:Z51) -> 1395119 | AB51: 21 | AC51: =+AA51*AB51 -> 29297499 | AD51: =+SUM(AC51:AC54) -> 41505243
B52: Sábado | C52: 60090 | D52: 55971 | E52: 52972 | F52: 50782 | G52: 49789 | H52: 49465 | I52: 49926 | J52: 42588 | K52: 38383 | L52: 37859 | M52: 38405 | N52: 37168 | O52: 36328 | P52: 42046 | Q52: 52929 | R52: 61827 | S52: 65563 | T52: 74680 | U52: 80539 | V52: 78587 | W52: 74683 | X52: 71081 | Y52: 67510 | Z52: 63525 | AA52: =SUM(C52:Z52) -> 1332696 | AB52: 4 | AC52: =+AA52*AB52 -> 5330784
B53: Domingo | C53: 60628 | D53: 56799 | E53: 53851 | F53: 51627 | G53: 50232 | H53: 47816 | I53: 46990 | J53: 35814 | K53: 27615 | L53: 25926 | M53: 25281 | N53: 24244 | O53: 26239 | P53: 31712 | Q53: 41835 | R53: 52235 | S53: 57149 | T53: 67835 | U53: 74925 | V53: 74265 | W53: 72173 | X53: 69663 | Y53: 65798 | Z53: 61240 | AA53: =SUM(C53:Z53) -> 1201892 | AB53: 4 | AC53: =+AA53*AB53 -> 4807568
B54: Festivo | C54: 51399 | D54: 49357 | E54: 47710 | F54: 46095 | G54: 45009 | H54: 43829 | I54: 42348 | J54: 30875 | K54: 21730 | L54: 19373 | M54: 18317 | N54: 16656 | O54: 18509 | P54: 24340 | Q54: 33780 | R54: 43085 | S54: 48261 | T54: 58305 | U54: 65521 | V54: 66228 | W54: 64800 | X54: 63205 | Y54: 60202 | Z54: 55762 | AA54: =SUM(C54:Z54) -> 1034696 | AB54: 2 | AC54: =+AA54*AB54 -> 2069392
AD55: =+SUM(AD7:AD54) -> 500146834

Sheet OF P8
C1: * La energia a ofertar debe ser expresada únicamente en kilovatio (kWh) redondeado a cero decimales
C4: OFERTA PRODUCTO 8
C5: MES | D5: ENERGIA SOLICITADA (KWh) | E5: % | F5: ENERGIA OFERTADA (KWh) | G5: PRECIO $/kWh
C6: 47849 | D6: =+VLOOKUP(C6,'PLANA P8'!$A$4:$AD$55,30,FALSE) -> 37200000 | E6: % | G6: $/kWh
C7: 47880 | D7: =+VLOOKUP(C7,'PLANA P8'!$A$4:$AD$55,30,FALSE) -> 33600000
C8: 47908 | D8: =+VLOOKUP(C8,'PLANA P8'!$A$4:$AD$55,30,FALSE) -> 37200000
C9: 47939 | D9: =+VLOOKUP(C9,'PLANA P8'!$A$4:$AD$55,30,FALSE) -> 36000000
C10: 47969 | D10: =+VLOOKUP(C10,'PLANA P8'!$A$4:$AD$55,30,FALSE) -> 37200000
C11: 48000 | D11: =+VLOOKUP(C11,'PLANA P8'!$A$4:$AD$55,30,FALSE) -> 36000000
C12: 48030 | D12: =+VLOOKUP(C12,'PLANA P8'!$A$4:$AD$55,30,FALSE) -> 37200000
C13: 48061 | D13: =+VLOOKUP(C13,'PLANA P8'!$A$4:$AD$55,30,FALSE) -> 37200000
C14: 48092 | D14: =+VLOOKUP(C14,'PLANA P8'!$A$4:$AD$55,30,FALSE) -> 36000000
C15: 48122 | D15: =+VLOOKUP(C15,'PLANA P8'!$A$4:$AD$55,30,FALSE) -> 37200000
C16: 48153 | D16: =+VLOOKUP(C16,'PLANA P8'!$A$4:$AD$55,30,FALSE) -> 36000000
C17: 48183 | D17: =+VLOOKUP(C17,'PLANA P8'!$A$4:$AD$55,30,FALSE) -> 37200000
D18: =SUM(D6:D17) -> 438000000

Sheet PLANA P8
A1: Curva de distribucion en kwh
A2: * La energia a ofertar debe ser expresada únicamente en kilovatio (kWh) redondeado a cero decimales
A4: TOTAL | C4: =+AD55 -> 438000000
A5: MES | B5: DÍA | C5: HORA 01 | D5: HORA 02 | E5: HORA 03 | F5: HORA 04 | G5: HORA 05 | H5: HORA 06 | I5: HORA 07 | J5: HORA 08 | K5: HORA 09 | L5: HORA 10 | M5: HORA 11 | N5: HORA 12 | O5: HORA 13 | P5: HORA 14 | Q5: HORA 15 | R5: HORA 16 | S5: HORA 17 | T5: HORA 18 | U5: HORA 19 | V5: HORA 20 | W5: HORA 21 | X5: HORA 22 | Y5: HORA 23 | Z5: HORA 24 | AA5: TOTAL DÍA | AB5: NUMERO DÍAS | AC5: TOTAL DÍA MES | AD5: TOTAL MES
A7: 47849 | B7: Hábil | C7: 50000 | D7: 50000 | E7: 50000 | F7: 50000 | G7: 50000 | H7: 50000 | I7: 50000 | J7: 50000 | K7: 50000 | L7: 50000 | M7: 50000 | N7: 50000 | O7: 50000 | P7: 50000 | Q7: 50000 | R7: 50000 | S7: 50000 | T7: 50000 | U7: 50000 | V7: 50000 | W7: 50000 | X7: 50000 | Y7: 50000 | Z7: 50000 | AA7: =SUM(C7:Z7) -> 1200000 | AB7: 21 | AC7: =+AA7*AB7 -> 25200000 | AD7: =+SUM(AC7:AC10) -> 37200000
B8: Sábado | C8: 50000 | D8: 50000 | E8: 50000 | F8: 50000 | G8: 50000 | H8: 50000 | I8: 50000 | J8: 50000 | K8: 50000 | L8: 50000 | M8: 50000 | N8: 50000 | O8: 50000 | P8: 50000 | Q8: 50000 | R8: 50000 | S8: 50000 | T8: 50000 | U8: 50000 | V8: 50000 | W8: 50000 | X8: 50000 | Y8: 50000 | Z8: 50000 | AA8: =SUM(C8:Z8) -> 1200000 | AB8: 4 | AC8: =+AA8*AB8 -> 4800000
B9: Domingo | C9: 50000 | D9: 50000 | E9: 50000 | F9: 50000 | G9: 50000 | H9: 50000 | I9: 50000 | J9: 50000 | K9: 50000 | L9: 50000 | M9: 50000 | N9: 50000 | O9: 50000 | P9: 50000 | Q9: 50000 | R9: 50000 | S9: 50000 | T9: 50000 | U9: 50000 | V9: 50000 | W9: 50000 | X9: 50000 | Y9: 50000 | Z9: 50000 | AA9: =SUM(C9:Z9) -> 1200000 | AB9: 4 | AC9: =+AA9*AB9 -> 4800000
B10: Festivo | C10: 50000 | D10: 50000 | E10: 50000 | F10: 50000 | G10: 50000 | H10: 50000 | I10: 50000 | J10: 50000 | K10: 50000 | L10: 50000 | M10: 50000 | N10: 50000 | O10: 50000 | P10: 50000 | Q10: 50000 | R10: 50000 | S10: 50000 | T10: 50000 | U10: 50000 | V10: 50000 | W10: 50000 | X10: 50000 | Y10: 50000 | Z10: 50000 | AA10: =SUM(C10:Z10) -> 1200000 | AB10: 2 | AC10: =+AA10*AB10 -> 2400000
A11: 47880 | B11: Hábil | C11: 50000 | D11: 50000 | E11: 50000 | F11: 50000 | G11: 50000 | H11: 50000 | I11: 50000 | J11: 50000 | K11: 50000 | L11: 50000 | M11: 50000 | N11: 50000 | O11: 50000 | P11: 50000 | Q11: 50000 | R11: 50000 | S11: 50000 | T11: 50000 | U11: 50000 | V11: 50000 | W11: 50000 | X11: 50000 | Y11: 50000 | Z11: 50000 | AA11: =SUM(C11:Z11) -> 1200000 | AB11: 20 | AC11: =+AA11*AB11 -> 24000000 | AD11: =+SUM(AC11:AC14) -> 33600000
B12: Sábado | C12: 50000 | D12: 50000 | E12: 50000 | F12: 50000 | G12: 50000 | H12: 50000 | I12: 50000 | J12: 50000 | K12: 50000 | L12: 50000 | M12: 50000 | N12: 50000 | O12: 50000 | P12: 50000 | Q12: 50000 | R12: 50000 | S12: 50000 | T12: 50000 | U12: 50000 | V12: 50000 | W12: 50000 | X12: 50000 | Y12: 50000 | Z12: 50000 | AA12: =SUM(C12:Z12) -> 1200000 | AB12: 4 | AC12: =+AA12*AB12 -> 4800000
B13: Domingo | C13: 50000 | D13: 50000 | E13: 50000 | F13: 50000 | G13: 50000 | H13: 50000 | I13: 50000 | J13: 50000 | K13: 50000 | L13: 50000 | M13: 50000 | N13: 50000 | O13: 50000 | P13: 50000 | Q13: 50000 | R13: 50000 | S13: 50000 | T13: 50000 | U13: 50000 | V13: 50000 | W13: 50000 | X13: 50000 | Y13: 50000 | Z13: 50000 | AA13: =SUM(C13:Z13) -> 1200000 | AB13: 4 | AC13: =+AA13*AB13 -> 4800000
B14: Festivo | AA14: =SUM(C14:Z14) -> 0 | AB14: 0 | AC14: =+AA14*AB14 -> 0
A15: 47908 | B15: Hábil | C15: 50000 | D15: 50000 | E15: 50000 | F15: 50000 | G15: 50000 | H15: 50000 | I15: 50000 | J15: 50000 | K15: 50000 | L15: 50000 | M15: 50000 | N15: 50000 | O15: 50000 | P15: 50000 | Q15: 50000 | R15: 50000 | S15: 50000 | T15: 50000 | U15: 50000 | V15: 50000 | W15: 50000 | X15: 50000 | Y15: 50000 | Z15: 50000 | AA15: =SUM(C15:Z15) -> 1200000 | AB15: 20 | AC15: =+AA15*AB15 -> 24000000 | AD15: =+SUM(AC15:AC18) -> 37200000
B16: Sábado | C16: 50000 | D16: 50000 | E16: 50000 | F16: 50000 | G16: 50000 | H16: 50000 | I16: 50000 | J16: 50000 | K16: 50000 | L16: 50000 | M16: 50000 | N16: 50000 | O16: 50000 | P16: 50000 | Q16: 50000 | R16: 50000 | S16: 50000 | T16: 50000 | U16: 50000 | V16: 50000 | W16: 50000 | X16: 50000 | Y16: 50000 | Z16: 50000 | AA16: =SUM(C16:Z16) -> 1200000 | AB16: 5 | AC16: =+AA16*AB16 -> 6000000
B17: Domingo | C17: 50000 | D17: 50000 | E17: 50000 | F17: 50000 | G17: 50000 | H17: 50000 | I17: 50000 | J17: 50000 | K17: 50000 | L17: 50000 | M17: 50000 | N17: 50000 | O17: 50000 | P17: 50000 | Q17: 50000 | R17: 50000 | S17: 50000 | T17: 50000 | U17: 50000 | V17: 50000 | W17: 50000 | X17: 50000 | Y17: 50000 | Z17: 50000 | AA17: =SUM(C17:Z17) -> 1200000 | AB17: 5 | AC17: =+AA17*AB17 -> 6000000
B18: Festivo | C18: 50000 | D18: 50000 | E18: 50000 | F18: 50000 | G18: 50000 | H18: 50000 | I18: 50000 | J18: 50000 | K18: 50000 | L18: 50000 | M18: 50000 | N18: 50000 | O18: 50000 | P18: 50000 | Q18: 50000 | R18: 50000 | S18: 50000 | T18: 50000 | U18: 50000 | V18: 50000 | W18: 50000 | X18: 50000 | Y18: 50000 | Z18: 50000 | AA18: =SUM(C18:Z18) -> 1200000 | AB18: 1 | AC18: =+AA18*AB18 -> 1200000
A19: 47939 | B19: Hábil | C19: 50000 | D19: 50000 | E19: 50000 | F19: 50000 | G19: 50000 | H19: 50000 | I19: 50000 | J19: 50000 | K19: 50000 | L19: 50000 | M19: 50000 | N19: 50000 | O19: 50000 | P19: 50000 | Q19: 50000 | R19: 50000 | S19: 50000 | T19: 50000 | U19: 50000 | V19: 50000 | W19: 50000 | X19: 50000 | Y19: 50000 | Z19: 50000 | AA19: =SUM(C19:Z19) -> 1200000 | AB19: 20 | AC19: =+AA19*AB19 -> 24000000 | AD19: =+SUM(AC19:AC22) -> 36000000
B20: Sábado | C20: 50000 | D20: 50000 | E20: 50000 | F20: 50000 | G20: 50000 | H20: 50000 | I20: 50000 | J20: 50000 | K20: 50000 | L20: 50000 | M20: 50000 | N20: 50000 | O20: 50000 | P20: 50000 | Q20: 50000 | R20: 50000 | S20: 50000 | T20: 50000 | U20: 50000 | V20: 50000 | W20: 50000 | X20: 50000 | Y20: 50000 | Z20: 50000 | AA20: =SUM(C20:Z20) -> 1200000 | AB20: 4 | AC20: =+AA20*AB20 -> 4800000
B21: Domingo | C21: 50000 | D21: 50000 | E21: 50000 | F21: 50000 | G21: 50000 | H21: 50000 | I21: 50000 | J21: 50000 | K21: 50000 | L21: 50000 | M21: 50000 | N21: 50000 | O21: 50000 | P21: 50000 | Q21: 50000 | R21: 50000 | S21: 50000 | T21: 50000 | U21: 50000 | V21: 50000 | W21: 50000 | X21: 50000 | Y21: 50000 | Z21: 50000 | AA21: =SUM(C21:Z21) -> 1200000 | AB21: 4 | AC21: =+AA21*AB21 -> 4800000
B22: Festivo | C22: 50000 | D22: 50000 | E22: 50000 | F22: 50000 | G22: 50000 | H22: 50000 | I22: 50000 | J22: 50000 | K22: 50000 | L22: 50000 | M22: 50000 | N22: 50000 | O22: 50000 | P22: 50000 | Q22: 50000 | R22: 50000 | S22: 50000 | T22: 50000 | U22: 50000 | V22: 50000 | W22: 50000 | X22: 50000 | Y22: 50000 | Z22: 50000 | AA22: =SUM(C22:Z22) -> 1200000 | AB22: 2 | AC22: =+AA22*AB22 -> 2400000
A23: 47969 | B23: Hábil | C23: 50000 | D23: 50000 | E23: 50000 | F23: 50000 | G23: 50000 | H23: 50000 | I23: 50000 | J23: 50000 | K23: 50000 | L23: 50000 | M23: 50000 | N23: 50000 | O23: 50000 | P23: 50000 | Q23: 50000 | R23: 50000 | S23: 50000 | T23: 50000 | U23: 50000 | V23: 50000 | W23: 50000 | X23: 50000 | Y23: 50000 | Z23: 50000 | AA23: =SUM(C23:Z23) -> 1200000 | AB23: 20 | AC23: =+AA23*AB23 -> 24000000 | AD23: =+SUM(AC23:AC26) -> 37200000
B24: Sábado | C24: 50000 | D24: 50000 | E24: 50000 | F24: 50000 | G24: 50000 | H24: 50000 | I24: 50000 | J24: 50000 | K24: 50000 | L24: 50000 | M24: 50000 | N24: 50000 | O24: 50000 | P24: 50000 | Q24: 50000 | R24: 50000 | S24: 50000 | T24: 50000 | U24: 50000 | V24: 50000 | W24: 50000 | X24: 50000 | Y24: 50000 | Z24: 50000 | AA24: =SUM(C24:Z24) -> 1200000 | AB24: 5 | AC24: =+AA24*AB24 -> 6000000
B25: Domingo | C25: 50000 | D25: 50000 | E25: 50000 | F25: 50000 | G25: 50000 | H25: 50000 | I25: 50000 | J25: 50000 | K25: 50000 | L25: 50000 | M25: 50000 | N25: 50000 | O25: 50000 | P25: 50000 | Q25: 50000 | R25: 50000 | S25: 50000 | T25: 50000 | U25: 50000 | V25: 50000 | W25: 50000 | X25: 50000 | Y25: 50000 | Z25: 50000 | AA25: =SUM(C25:Z25) -> 1200000 | AB25: 4 | AC25: =+AA25*AB25 -> 4800000
B26: Festivo | C26: 50000 | D26: 50000 | E26: 50000 | F26: 50000 | G26: 50000 | H26: 50000 | I26: 50000 | J26: 50000 | K26: 50000 | L26: 50000 | M26: 50000 | N26: 50000 | O26: 50000 | P26: 50000 | Q26: 50000 | R26: 50000 | S26: 50000 | T26: 50000 | U26: 50000 | V26: 50000 | W26: 50000 | X26: 50000 | Y26: 50000 | Z26: 50000 | AA26: =SUM(C26:Z26) -> 1200000 | AB26: 2 | AC26: =+AA26*AB26 -> 2400000
A27: 48000 | B27: Hábil | C27: 50000 | D27: 50000 | E27: 50000 | F27: 50000 | G27: 50000 | H27: 50000 | I27: 50000 | J27: 50000 | K27: 50000 | L27: 50000 | M27: 50000 | N27: 50000 | O27: 50000 | P27: 50000 | Q27: 50000 | R27: 50000 | S27: 50000 | T27: 50000 | U27: 50000 | V27: 50000 | W27: 50000 | X27: 50000 | Y27: 50000 | Z27: 50000 | AA27: =SUM(C27:Z27) -> 1200000 | AB27: 18 | AC27: =+AA27*AB27 -> 21600000 | AD27: =+SUM(AC27:AC30) -> 36000000
B28: Sábado | C28: 50000 | D28: 50000 | E28: 50000 | F28: 50000 | G28: 50000 | H28: 50000 | I28: 50000 | J28: 50000 | K28: 50000 | L28: 50000 | M28: 50000 | N28: 50000 | O28: 50000 | P28: 50000 | Q28: 50000 | R28: 50000 | S28: 50000 | T28: 50000 | U28: 50000 | V28: 50000 | W28: 50000 | X28: 50000 | Y28: 50000 | Z28: 50000 | AA28: =SUM(C28:Z28) -> 1200000 | AB28: 4 | AC28: =+AA28*AB28 -> 4800000
B29: Domingo | C29: 50000 | D29: 50000 | E29: 50000 | F29: 50000 | G29: 50000 | H29: 50000 | I29: 50000 | J29: 50000 | K29: 50000 | L29: 50000 | M29: 50000 | N29: 50000 | O29: 50000 | P29: 50000 | Q29: 50000 | R29: 50000 | S29: 50000 | T29: 50000 | U29: 50000 | V29: 50000 | W29: 50000 | X29: 50000 | Y29: 50000 | Z29: 50000 | AA29: =SUM(C29:Z29) -> 1200000 | AB29: 5 | AC29: =+AA29*AB29 -> 6000000
B30: Festivo | C30: 50000 | D30: 50000 | E30: 50000 | F30: 50000 | G30: 50000 | H30: 50000 | I30: 50000 | J30: 50000 | K30: 50000 | L30: 50000 | M30: 50000 | N30: 50000 | O30: 50000 | P30: 50000 | Q30: 50000 | R30: 50000 | S30: 50000 | T30: 50000 | U30: 50000 | V30: 50000 | W30: 50000 | X30: 50000 | Y30: 50000 | Z30: 50000 | AA30: =SUM(C30:Z30) -> 1200000 | AB30: 3 | AC30: =+AA30*AB30 -> 3600000
A31: 48030 | B31: Hábil | C31: 50000 | D31: 50000 | E31: 50000 | F31: 50000 | G31: 50000 | H31: 50000 | I31: 50000 | J31: 50000 | K31: 50000 | L31: 50000 | M31: 50000 | N31: 50000 | O31: 50000 | P31: 50000 | Q31: 50000 | R31: 50000 | S31: 50000 | T31: 50000 | U31: 50000 | V31: 50000 | W31: 50000 | X31: 50000 | Y31: 50000 | Z31: 50000 | AA31: =SUM(C31:Z31) -> 1200000 | AB31: 23 | AC31: =+AA31*AB31 -> 27600000 | AD31: =+SUM(AC31:AC34) -> 37200000
B32: Sábado | C32: 50000 | D32: 50000 | E32: 50000 | F32: 50000 | G32: 50000 | H32: 50000 | I32: 50000 | J32: 50000 | K32: 50000 | L32: 50000 | M32: 50000 | N32: 50000 | O32: 50000 | P32: 50000 | Q32: 50000 | R32: 50000 | S32: 50000 | T32: 50000 | U32: 50000 | V32: 50000 | W32: 50000 | X32: 50000 | Y32: 50000 | Z32: 50000 | AA32: =SUM(C32:Z32) -> 1200000 | AB32: 4 | AC32: =+AA32*AB32 -> 4800000
B33: Domingo | C33: 50000 | D33: 50000 | E33: 50000 | F33: 50000 | G33: 50000 | H33: 50000 | I33: 50000 | J33: 50000 | K33: 50000 | L33: 50000 | M33: 50000 | N33: 50000 | O33: 50000 | P33: 50000 | Q33: 50000 | R33: 50000 | S33: 50000 | T33: 50000 | U33: 50000 | V33: 50000 | W33: 50000 | X33: 50000 | Y33: 50000 | Z33: 50000 | AA33: =SUM(C33:Z33) -> 1200000 | AB33: 4 | AC33: =+AA33*AB33 -> 4800000
B34: Festivo | C34: 50000 | D34: 50000 | E34: 50000 | F34: 50000 | G34: 50000 | H34: 50000 | I34: 50000 | J34: 50000 | K34: 50000 | L34: 50000 | M34: 50000 | N34: 50000 | O34: 50000 | P34: 50000 | Q34: 50000 | R34: 50000 | S34: 50000 | T34: 50000 | U34: 50000 | V34: 50000 | W34: 50000 | X34: 50000 | Y34: 50000 | Z34: 50000 | AA34: =SUM(C34:Z34) -> 1200000 | AB34: 0 | AC34: =+AA34*AB34 -> 0
A35: 48061 | B35: Hábil | C35: 50000 | D35: 50000 | E35: 50000 | F35: 50000 | G35: 50000 | H35: 50000 | I35: 50000 | J35: 50000 | K35: 50000 | L35: 50000 | M35: 50000 | N35: 50000 | O35: 50000 | P35: 50000 | Q35: 50000 | R35: 50000 | S35: 50000 | T35: 50000 | U35: 50000 | V35: 50000 | W35: 50000 | X35: 50000 | Y35: 50000 | Z35: 50000 | AA35: =SUM(C35:Z35) -> 1200000 | AB35: 19 | AC35: =+AA35*AB35 -> 22800000 | AD35: =+SUM(AC35:AC38) -> 37200000
B36: Sábado | C36: 50000 | D36: 50000 | E36: 50000 | F36: 50000 | G36: 50000 | H36: 50000 | I36: 50000 | J36: 50000 | K36: 50000 | L36: 50000 | M36: 50000 | N36: 50000 | O36: 50000 | P36: 50000 | Q36: 50000 | R36: 50000 | S36: 50000 | T36: 50000 | U36: 50000 | V36: 50000 | W36: 50000 | X36: 50000 | Y36: 50000 | Z36: 50000 | AA36: =SUM(C36:Z36) -> 1200000 | AB36: 5 | AC36: =+AA36*AB36 -> 6000000
B37: Domingo | C37: 50000 | D37: 50000 | E37: 50000 | F37: 50000 | G37: 50000 | H37: 50000 | I37: 50000 | J37: 50000 | K37: 50000 | L37: 50000 | M37: 50000 | N37: 50000 | O37: 50000 | P37: 50000 | Q37: 50000 | R37: 50000 | S37: 50000 | T37: 50000 | U37: 50000 | V37: 50000 | W37: 50000 | X37: 50000 | Y37: 50000 | Z37: 50000 | AA37: =SUM(C37:Z37) -> 1200000 | AB37: 5 | AC37: =+AA37*AB37 -> 6000000
B38: Festivo | C38: 50000 | D38: 50000 | E38: 50000 | F38: 50000 | G38: 50000 | H38: 50000 | I38: 50000 | J38: 50000 | K38: 50000 | L38: 50000 | M38: 50000 | N38: 50000 | O38: 50000 | P38: 50000 | Q38: 50000 | R38: 50000 | S38: 50000 | T38: 50000 | U38: 50000 | V38: 50000 | W38: 50000 | X38: 50000 | Y38: 50000 | Z38: 50000 | AA38: =SUM(C38:Z38) -> 1200000 | AB38: 2 | AC38: =+AA38*AB38 -> 2400000
A39: 48092 | B39: Hábil | C39: 50000 | D39: 50000 | E39: 50000 | F39: 50000 | G39: 50000 | H39: 50000 | I39: 50000 | J39: 50000 | K39: 50000 | L39: 50000 | M39: 50000 | N39: 50000 | O39: 50000 | P39: 50000 | Q39: 50000 | R39: 50000 | S39: 50000 | T39: 50000 | U39: 50000 | V39: 50000 | W39: 50000 | X39: 50000 | Y39: 50000 | Z39: 50000 | AA39: =SUM(C39:Z39) -> 1200000 | AB39: 22 | AC39: =+AA39*AB39 -> 26400000 | AD39: =+SUM(AC39:AC42) -> 36000000
B40: Sábado | C40: 50000 | D40: 50000 | E40: 50000 | F40: 50000 | G40: 50000 | H40: 50000 | I40: 50000 | J40: 50000 | K40: 50000 | L40: 50000 | M40: 50000 | N40: 50000 | O40: 50000 | P40: 50000 | Q40: 50000 | R40: 50000 | S40: 50000 | T40: 50000 | U40: 50000 | V40: 50000 | W40: 50000 | X40: 50000 | Y40: 50000 | Z40: 50000 | AA40: =SUM(C40:Z40) -> 1200000 | AB40: 4 | AC40: =+AA40*AB40 -> 4800000
B41: Domingo | C41: 50000 | D41: 50000 | E41: 50000 | F41: 50000 | G41: 50000 | H41: 50000 | I41: 50000 | J41: 50000 | K41: 50000 | L41: 50000 | M41: 50000 | N41: 50000 | O41: 50000 | P41: 50000 | Q41: 50000 | R41: 50000 | S41: 50000 | T41: 50000 | U41: 50000 | V41: 50000 | W41: 50000 | X41: 50000 | Y41: 50000 | Z41: 50000 | AA41: =SUM(C41:Z41) -> 1200000 | AB41: 4 | AC41: =+AA41*AB41 -> 4800000
B42: Festivo | AA42: =SUM(C42:Z42) -> 0 | AB42: 0 | AC42: =+AA42*AB42 -> 0
A43: 48122 | B43: Hábil | C43: 50000 | D43: 50000 | E43: 50000 | F43: 50000 | G43: 50000 | H43: 50000 | I43: 50000 | J43: 50000 | K43: 50000 | L43: 50000 | M43: 50000 | N43: 50000 | O43: 50000 | P43: 50000 | Q43: 50000 | R43: 50000 | S43: 50000 | T43: 50000 | U43: 50000 | V43: 50000 | W43: 50000 | X43: 50000 | Y43: 50000 | Z43: 50000 | AA43: =SUM(C43:Z43) -> 1200000 | AB43: 22 | AC43: =+AA43*AB43 -> 26400000 | AD43: =+SUM(AC43:AC46) -> 37200000
B44: Sábado | C44: 50000 | D44: 50000 | E44: 50000 | F44: 50000 | G44: 50000 | H44: 50000 | I44: 50000 | J44: 50000 | K44: 50000 | L44: 50000 | M44: 50000 | N44: 50000 | O44: 50000 | P44: 50000 | Q44: 50000 | R44: 50000 | S44: 50000 | T44: 50000 | U44: 50000 | V44: 50000 | W44: 50000 | X44: 50000 | Y44: 50000 | Z44: 50000 | AA44: =SUM(C44:Z44) -> 1200000 | AB44: 4 | AC44: =+AA44*AB44 -> 4800000
B45: Domingo | C45: 50000 | D45: 50000 | E45: 50000 | F45: 50000 | G45: 50000 | H45: 50000 | I45: 50000 | J45: 50000 | K45: 50000 | L45: 50000 | M45: 50000 | N45: 50000 | O45: 50000 | P45: 50000 | Q45: 50000 | R45: 50000 | S45: 50000 | T45: 50000 | U45: 50000 | V45: 50000 | W45: 50000 | X45: 50000 | Y45: 50000 | Z45: 50000 | AA45: =SUM(C45:Z45) -> 1200000 | AB45: 4 | AC45: =+AA45*AB45 -> 4800000
B46: Festivo | C46: 50000 | D46: 50000 | E46: 50000 | F46: 50000 | G46: 50000 | H46: 50000 | I46: 50000 | J46: 50000 | K46: 50000 | L46: 50000 | M46: 50000 | N46: 50000 | O46: 50000 | P46: 50000 | Q46: 50000 | R46: 50000 | S46: 50000 | T46: 50000 | U46: 50000 | V46: 50000 | W46: 50000 | X46: 50000 | Y46: 50000 | Z46: 50000 | AA46: =SUM(C46:Z46) -> 1200000 | AB46: 1 | AC46: =+AA46*AB46 -> 1200000
A47: 48153 | B47: Hábil | C47: 50000 | D47: 50000 | E47: 50000 | F47: 50000 | G47: 50000 | H47: 50000 | I47: 50000 | J47: 50000 | K47: 50000 | L47: 50000 | M47: 50000 | N47: 50000 | O47: 50000 | P47: 50000 | Q47: 50000 | R47: 50000 | S47: 50000 | T47: 50000 | U47: 50000 | V47: 50000 | W47: 50000 | X47: 50000 | Y47: 50000 | Z47: 50000 | AA47: =SUM(C47:Z47) -> 1200000 | AB47: 18 | AC47: =+AA47*AB47 -> 21600000 | AD47: =+SUM(AC47:AC50) -> 36000000
B48: Sábado | C48: 50000 | D48: 50000 | E48: 50000 | F48: 50000 | G48: 50000 | H48: 50000 | I48: 50000 | J48: 50000 | K48: 50000 | L48: 50000 | M48: 50000 | N48: 50000 | O48: 50000 | P48: 50000 | Q48: 50000 | R48: 50000 | S48: 50000 | T48: 50000 | U48: 50000 | V48: 50000 | W48: 50000 | X48: 50000 | Y48: 50000 | Z48: 50000 | AA48: =SUM(C48:Z48) -> 1200000 | AB48: 5 | AC48: =+AA48*AB48 -> 6000000
B49: Domingo | C49: 50000 | D49: 50000 | E49: 50000 | F49: 50000 | G49: 50000 | H49: 50000 | I49: 50000 | J49: 50000 | K49: 50000 | L49: 50000 | M49: 50000 | N49: 50000 | O49: 50000 | P49: 50000 | Q49: 50000 | R49: 50000 | S49: 50000 | T49: 50000 | U49: 50000 | V49: 50000 | W49: 50000 | X49: 50000 | Y49: 50000 | Z49: 50000 | AA49: =SUM(C49:Z49) -> 1200000 | AB49: 5 | AC49: =+AA49*AB49 -> 6000000
B50: Festivo | C50: 50000 | D50: 50000 | E50: 50000 | F50: 50000 | G50: 50000 | H50: 50000 | I50: 50000 | J50: 50000 | K50: 50000 | L50: 50000 | M50: 50000 | N50: 50000 | O50: 50000 | P50: 50000 | Q50: 50000 | R50: 50000 | S50: 50000 | T50: 50000 | U50: 50000 | V50: 50000 | W50: 50000 | X50: 50000 | Y50: 50000 | Z50: 50000 | AA50: =SUM(C50:Z50) -> 1200000 | AB50: 2 | AC50: =+AA50*AB50 -> 2400000
A51: 48183 | B51: Hábil | C51: 50000 | D51: 50000 | E51: 50000 | F51: 50000 | G51: 50000 | H51: 50000 | I51: 50000 | J51: 50000 | K51: 50000 | L51: 50000 | M51: 50000 | N51: 50000 | O51: 50000 | P51: 50000 | Q51: 50000 | R51: 50000 | S51: 50000 | T51: 50000 | U51: 50000 | V51: 50000 | W51: 50000 | X51: 50000 | Y51: 50000 | Z51: 50000 | AA51: =SUM(C51:Z51) -> 1200000 | AB51: 21 | AC51: =+AA51*AB51 -> 25200000 | AD51: =+SUM(AC51:AC54) -> 37200000
B52: Sábado | C52: 50000 | D52: 50000 | E52: 50000 | F52: 50000 | G52: 50000 | H52: 50000 | I52: 50000 | J52: 50000 | K52: 50000 | L52: 50000 | M52: 50000 | N52: 50000 | O52: 50000 | P52: 50000 | Q52: 50000 | R52: 50000 | S52: 50000 | T52: 50000 | U52: 50000 | V52: 50000 | W52: 50000 | X52: 50000 | Y52: 50000 | Z52: 50000 | AA52: =SUM(C52:Z52) -> 1200000 | AB52: 4 | AC52: =+AA52*AB52 -> 4800000
B53: Domingo | C53: 50000 | D53: 50000 | E53: 50000 | F53: 50000 | G53: 50000 | H53: 50000 | I53: 50000 | J53: 50000 | K53: 50000 | L53: 50000 | M53: 50000 | N53: 50000 | O53: 50000 | P53: 50000 | Q53: 50000 | R53: 50000 | S53: 50000 | T53: 50000 | U53: 50000 | V53: 50000 | W53: 50000 | X53: 50000 | Y53: 50000 | Z53: 50000 | AA53: =SUM(C53:Z53) -> 1200000 | AB53: 4 | AC53: =+AA53*AB53 -> 4800000
B54: Festivo | C54: 50000 | D54: 50000 | E54: 50000 | F54: 50000 | G54: 50000 | H54: 50000 | I54: 50000 | J54: 50000 | K54: 50000 | L54: 50000 | M54: 50000 | N54: 50000 | O54: 50000 | P54: 50000 | Q54: 50000 | R54: 50000 | S54: 50000 | T54: 50000 | U54: 50000 | V54: 50000 | W54: 50000 | X54: 50000 | Y54: 50000 | Z54: 50000 | AA54: =SUM(C54:Z54) -> 1200000 | AB54: 2 | AC54: =+AA54*AB54 -> 2400000
AD55: =+SUM(AD7:AD54) -> 438000000
