Workbook

Sheet Cant. Requeridas Producto 1
A1: ANEXO 3 - CANTIDADES DE ENERGÍA SOLICITADA EN kWh
A2: PRODUCTO 1 - PAGUE LO CONTRATADO
A3: Periodo: 1 de agosto 2026 a 31 diciembre de 2026
A4: CONVOCATORIA PÚBLICA N° CP-BIAC2026-002 - BIA ENERGY S.A.S. E.S.P.
A9: Mes | B9: Tipo de día | C9: H1 | D9: H2 | E9: H3 | F9: H4 | G9: H5 | H9: H6 | I9: H7 | J9: H8 | K9: H9 | L9: H10 | M9: H11 | N9: H12 | O9: H13 | P9: H14 | Q9: H15 | R9: H16 | S9: H17 | T9: H18 | U9: H19 | V9: H20 | W9: H21 | X9: H22 | Y9: H23 | Z9: H24 | AA9: TOTAL DÍA | AB9: DÍAS | AC9: TOTAL | AD9: TOTAL MES
A10: 46235 | B10: Ordinario | C10: 6845.0083 | D10: 6742.0639 | E10: 6461.9564 | F10: 6399.5006 | G10: 6741.309 | H10: 7266.7831 | I10: 9368.3506 | J10: 12059.589 | K10: 13955.317 | L10: 14905.147 | M10: 16011.574 | N10: 16168.572 | O10: 15813.905 | P10: 16158.83 | Q10: 15990.642 | R10: 15692.086 | S10: 14915.425 | T10: 13671.982 | U10: 12963.987 | V10: 11972.853 | W10: 10791.233 | X10: 9806.4912 | Y10: 8615.2031 | Z10: 7777.8274 | AA10: =SUM(C10:Z10) -> 277095.64 | AB10: 19 | AC10: =AA10*AB10 -> 5264817.1 | AD10: =SUM(AC10:AC12) -> 7193542.1
A11: 46235 | B11: Sábado | C11: 7811.582 | D11: 7386.8604 | E11: 7120.0624 | F11: 7206.0442 | G11: 7485.7012 | H11: 7204.3881 | I11: 8000.4351 | J11: 6048.6081 | K11: 10465.352 | L11: 11440.34 | M11: 12713.762 | N11: 12110.83 | O11: 12103.073 | P11: 11722.043 | Q11: 11397.684 | R11: 11235.353 | S11: 10823.125 | T11: 10025.178 | U11: 9845.482 | V11: 8939.4523 | W11: 7872.394 | X11: 7269.876 | Y11: 6387.7132 | Z11: 5583.118 | AA11: =SUM(C11:Z11) -> 218198.46 | AB11: 5 | AC11: =AA11*AB11 -> 1090992.3
A12: 46235 | B12: Festivo | C12: 5336.1441 | D12: 5141.3729 | E12: 4980.5026 | F12: 4708.8215 | G12: 4699.1287 | H12: 4717.3576 | I12: 5168.9782 | J12: 0 | K12: 0 | L12: 939.99134 | M12: 3844.6442 | N12: 5543.4453 | O12: 5935.496 | P12: 5549.9478 | Q12: 4780.9094 | R12: 4470.6881 | S12: 4382.7093 | T12: 7523.4377 | U12: 7841.4279 | V12: 7698.8961 | W12: 7440.768 | X12: 6819.6314 | Y12: 6267.648 | Z12: 5884.1578 | AA12: =SUM(C12:Z12) -> 119676.1 | AB12: 7 | AC12: =AA12*AB12 -> 837732.73
A13: 46266 | B13: Ordinario | C13: 5258.9698 | D13: 5179.8784 | E13: 4964.6738 | F13: 4916.6895 | G13: 5179.2984 | H13: 5583.0162 | I13: 7197.6352 | J13: 9265.2943 | K13: 10721.768 | L13: 11451.516 | M13: 12301.575 | N13: 12422.195 | O13: 12149.707 | P13: 12414.711 | Q13: 12285.493 | R13: 12056.115 | S13: 11459.412 | T13: 10504.084 | U13: 9960.1366 | V13: 9198.655 | W13: 8290.8254 | X13: 7534.2555 | Y13: 6618.9975 | Z13: 5975.6479 | AA13: =SUM(C13:Z13) -> 212890.55 | AB13: 22 | AC13: =AA13*AB13 -> 4683592.1 | AD13: =SUM(AC13:AC15) -> 5721938.3
A14: 46266 | B14: Sábado | C14: 6001.5813 | D14: 5675.2708 | E14: 5470.2918 | F14: 5536.351 | G14: 5751.2094 | H14: 5535.0787 | I14: 6146.6758 | J14: 4647.1014 | K14: 8040.4535 | L14: 8789.5297 | M14: 9767.8904 | N14: 9304.6622 | O14: 9298.7028 | P14: 9005.9598 | Q14: 8756.7574 | R14: 8632.0392 | S14: 8315.3274 | T14: 7702.2709 | U14: 7564.2118 | V14: 6868.1158 | W14: 6048.3027 | X14: 5585.3925 | Y14: 4907.6333 | Z14: 4289.4687 | AA14: =SUM(C14:Z14) -> 167640.28 | AB14: 4 | AC14: =AA14*AB14 -> 670561.11
A15: 46266 | B15: Festivo | C15: 4099.7204 | D15: 3950.0792 | E15: 3826.4837 | F15: 3617.7531 | G15: 3610.3062 | H15: 3624.3113 | I15: 3971.2881 | J15: 0 | K15: 0 | L15: 722.18847 | M15: 2953.812 | N15: 4258.9885 | O15: 4560.1981 | P15: 4263.9843 | Q15: 3673.1377 | R15: 3434.797 | S15: 3367.2035 | T15: 5780.2021 | U15: 6024.5116 | V15: 5915.0055 | W15: 5716.6876 | X15: 5239.4729 | Y15: 4815.3881 | Z15: 4520.7554 | AA15: =SUM(C15:Z15) -> 91946.275 | AB15: 4 | AC15: =AA15*AB15 -> 367785.1
A16: 46296 | B16: Ordinario | C16: 5764.6724 | D16: 5677.9756 | E16: 5442.0769 | F16: 5389.4784 | G16: 5677.3398 | H16: 6119.8792 | I16: 7889.7599 | J16: 10156.245 | K16: 11752.773 | L16: 12552.693 | M16: 13484.495 | N16: 13616.714 | O16: 13318.023 | P16: 13608.51 | Q16: 13466.866 | R16: 13215.431 | S16: 12561.349 | T16: 11514.157 | U16: 10917.903 | V16: 10083.198 | W16: 9088.0713 | X16: 8258.7496 | Y16: 7255.4804 | Z16: 6550.2662 | AA16: =SUM(C16:Z16) -> 233362.11 | AB16: 21 | AC16: =AA16*AB16 -> 4900604.2 | AD16: =SUM(AC16:AC18) -> 6323346.2
A17: 46296 | B17: Sábado | C17: 6578.6935 | D17: 6221.0049 | E17: 5996.3152 | F17: 6068.7266 | G17: 6304.2458 | H17: 6067.3319 | I17: 6737.7402 | J17: 5093.9667 | K17: 8813.6236 | L17: 9634.731 | M17: 10707.171 | N17: 10199.399 | O17: 10192.866 | P17: 9871.973 | Q17: 9598.8073 | R17: 9462.0962 | S17: 9114.9294 | T17: 8442.9214 | U17: 8291.5865 | V17: 7528.5539 | W17: 6629.9075 | X17: 6122.484 | Y17: 5379.5514 | Z17: 4701.944 | AA17: =SUM(C17:Z17) -> 183760.57 | AB17: 5 | AC17: =AA17*AB17 -> 918802.85
A18: 46296 | B18: Festivo | C18: 4493.9496 | D18: 4329.9189 | E18: 4194.4384 | F18: 3965.6363 | G18: 3957.4732 | H18: 3972.8252 | I18: 4353.1672 | J18: 0 | K18: 0 | L18: 791.63412 | M18: 3237.8506 | N18: 4668.5328 | O18: 4998.7069 | P18: 4674.0091 | Q18: 4026.3467 | R18: 3765.0871 | S18: 3690.9938 | T18: 6336.0264 | U18: 6603.8288 | V18: 6483.7925 | W18: 6266.4044 | X18: 5743.3007 | Y18: 5278.4359 | Z18: 4955.4712 | AA18: =SUM(C18:Z18) -> 100787.83 | AB18: 5 | AC18: =AA18*AB18 -> 503939.15
A19: 46327 | B19: Ordinario | C19: 7679.7654 | D19: 7564.2669 | E19: 7249.9999 | F19: 7179.9275 | G19: 7563.4198 | H19: 8152.9761 | I19: 10510.832 | J19: 13530.271 | K19: 15657.185 | L19: 16722.848 | M19: 17964.205 | N19: 18140.349 | O19: 17742.43 | P19: 18129.419 | Q19: 17940.72 | R19: 17605.755 | S19: 16734.379 | T19: 15339.297 | U19: 14544.961 | V19: 13432.957 | W19: 12107.237 | X19: 11002.405 | Y19: 9665.8377 | Z19: 8726.3429 | AA19: =SUM(C19:Z19) -> 310887.79 | AB19: 19 | AC19: =AA19*AB19 -> 5906867.9 | AD19: =SUM(AC19:AC21) -> 7825995.3
A20: 46327 | B20: Sábado | C20: 8764.214 | D20: 8287.6971 | E20: 7988.3627 | F20: 8084.83 | G20: 8398.5915 | H20: 8082.972 | I20: 8976.0979 | J20: 6786.2433 | K20: 11741.615 | L20: 12835.504 | M20: 14264.221 | N20: 13587.761 | O20: 13579.058 | P20: 13151.56 | Q20: 12787.646 | R20: 12605.518 | S20: 12143.018 | T20: 11247.761 | U20: 11046.151 | V20: 10029.629 | W20: 8832.442 | X20: 8156.4463 | Y20: 7166.7027 | Z20: 6263.986 | AA20: =SUM(C20:Z20) -> 244808.03 | AB20: 4 | AC20: =AA20*AB20 -> 979232.1
A21: 46327 | B21: Festivo | C21: 5986.8933 | D21: 5768.3696 | E21: 5587.881 | F21: 5283.0681 | G21: 5272.1931 | H21: 5292.6451 | I21: 5799.3414 | J21: 0 | K21: 0 | L21: 1054.6244 | M21: 4313.5033 | N21: 6219.4752 | O21: 6659.337 | P21: 6226.7707 | Q21: 5363.9471 | R21: 5015.894 | S21: 4917.1861 | T21: 8440.9301 | U21: 8797.6995 | V21: 8637.7858 | W21: 8348.1788 | X21: 7651.2938 | Y21: 7031.9953 | Z21: 6601.738 | AA21: =SUM(C21:Z21) -> 134270.75 | AB21: 7 | AC21: =AA21*AB21 -> 939895.26
A22: 46357 | B22: Ordinario | C22: 5883.9415 | D22: 5795.4509 | E22: 5554.6716 | F22: 5500.9848 | G22: 5794.802 | H22: 6246.4973 | I22: 8052.9963 | J22: 10366.374 | K22: 11995.934 | L22: 12812.404 | M22: 13763.484 | N22: 13898.439 | O22: 13593.568 | P22: 13890.065 | Q22: 13745.491 | R22: 13488.854 | S22: 12821.239 | T22: 11752.381 | U22: 11143.791 | V22: 10291.816 | W22: 9276.1003 | X22: 8429.6202 | Y22: 7405.5938 | Z22: 6685.789 | AA22: =SUM(C22:Z22) -> 238190.29 | AB22: 21 | AC22: =AA22*AB22 -> 5001996.1 | AD22: =SUM(AC22:AC24) -> 6369484.7
A23: 46357 | B23: Sábado | C23: 6714.8044 | D23: 6349.7154 | E23: 6120.3769 | F23: 6194.2865 | G23: 6434.6785 | H23: 6192.8629 | I23: 6877.1417 | J23: 5199.3591 | K23: 8995.9744 | L23: 9834.0702 | M23: 10928.699 | N23: 10410.421 | O23: 10403.753 | P23: 10076.221 | Q23: 9797.4033 | R23: 9657.8637 | S23: 9303.5142 | T23: 8617.6025 | U23: 8463.1365 | V23: 7684.3171 | W23: 6767.078 | X23: 6249.156 | Y23: 5490.8525 | Z23: 4799.2256 | AA23: =SUM(C23:Z23) -> 187562.51 | AB23: 4 | AC23: =AA23*AB23 -> 750250.05
A24: 46357 | B24: Festivo | C24: 4586.9279 | D24: 4419.5034 | E24: 4281.2199 | F24: 4047.684 | G24: 4039.352 | H24: 4055.0216 | I24: 4443.2328 | J24: 0 | K24: 0 | L24: 808.01276 | M24: 3304.8406 | N24: 4765.1232 | O24: 5102.1284 | P24: 4770.7127 | Q24: 4109.6504 | R24: 3842.9855 | S24: 3767.3592 | T24: 6467.1166 | U24: 6740.4597 | V24: 6617.94 | W24: 6396.0541 | X24: 5862.1276 | Y24: 5387.6449 | Z24: 5057.9982 | AA24: =SUM(C24:Z24) -> 102873.1 | AB24: 6 | AC24: =AA24*AB24 -> 617238.57
AB25: TOTAL | AC25: =SUM(AC10:AC24) -> 33434307 | AD25: =SUM(AD10:AD24) -> 33434307

Sheet Oferta Producto 1
A4: CONVOCATORIA PÚBLICA N° CP-BIAC2026-002 - BIA ENERGY S.A.S. E.S.P.
B5: ANEXO 4. FORMATO DE OFERTA - PRODUCTO 1
B6: NOMBRE DEL OFERENTE
B7: Precios y cantidades de la energía ofertada
B8: En pesos de marzo de 2026
B10: OPCIÓN 24 HORAS
B11: Mes | C11: E. Solicitada [kWh-mes] | D11: % E. Ofertada | E11: E. Ofertada [kWh-mes] | F11: $/kWh
B12: 46235 | C12: ='Cant. Requeridas Producto 1'!AD10 -> 7193542.1 | E12: =C12*$D12 -> 0
B13: 46266 | C13: ='Cant. Requeridas Producto 1'!AD13 -> 5721938.3 | E13: =C13*$D13 -> 0
B14: 46296 | C14: ='Cant. Requeridas Producto 1'!AD16 -> 6323346.2 | E14: =C14*$D14 -> 0
B15: 46327 | C15: ='Cant. Requeridas Producto 1'!AD19 -> 7825995.3 | E15: =C15*$D15 -> 0
B16: 46357 | C16: ='Cant. Requeridas Producto 1'!AD22 -> 6369484.7 | E16: =C16*$D16 -> 0
B17: TOTAL | C17: =SUM(C12:C16) -> 33434307 | E17: =SUM(E12:E16) -> 0
B20: El oferente debe indicar si acepta adjudicaciones parciales o no
B21: • Para el periodo de 2026, se puede presentar oferta con diferente porcentaje cada mes, incluyendo el 0%
B22: • El precio ofertado podrá ser diferente para cada mes del producto, expresado en $/kWh, con hasta dos (2) decimales
B27: XXXXX
B28: XXXXXXXX S.A.S. E.S.P.
