Workbook
Name Cuadro: #REF!

Sheet R-Producto 1
B2: ANEXO 4 - OFERTAS PRODUCTO 1
B3: NOMBRE DEL OFERENTE
B4: PRECIOS Y CANTIDADES DE ENERGÍA OFERTADA
B7: PRODUCTO 1
B8: AÑO | C8: MES | D8: PERIODO 2026-09-01 A 2027-12-31
D9: E. Solicitada [kWh] | E9: % E. Ofertado | F9: E. Ofertada [kWh] | G9: $/kWh
B10: 2026 | C10: Sep | D10: =SUMIFS('Producto 1'!$AC:$AC,'Producto 1'!$A:$A,'R-Producto 1'!$B10,'Producto 1'!$B:$B,'R-Producto 1'!$C10) -> 1048547.5 | F10: =D10*$E$10 -> 0
B11: 2026 | C11: Oct | D11: =SUMIFS('Producto 1'!$AC:$AC,'Producto 1'!$A:$A,'R-Producto 1'!$B11,'Producto 1'!$B:$B,'R-Producto 1'!$C11) -> 1099655.7 | F11: =D11*$E$10 -> 0
B12: 2026 | C12: Nov | D12: =SUMIFS('Producto 1'!$AC:$AC,'Producto 1'!$A:$A,'R-Producto 1'!$B12,'Producto 1'!$B:$B,'R-Producto 1'!$C12) -> 1087400.8 | F12: =D12*$E$10 -> 0
B13: 2026 | C13: Dic | D13: =SUMIFS('Producto 1'!$AC:$AC,'Producto 1'!$A:$A,'R-Producto 1'!$B13,'Producto 1'!$B:$B,'R-Producto 1'!$C13) -> 1172043 | F13: =D13*$E$10 -> 0
B14: 2027 | C14: Ene | D14: =SUMIFS('Producto 1'!$AC:$AC,'Producto 1'!$A:$A,'R-Producto 1'!$B14,'Producto 1'!$B:$B,'R-Producto 1'!$C14) -> 1162293.2 | F14: =D14*$E$10 -> 0
B15: 2027 | C15: Feb | D15: =SUMIFS('Producto 1'!$AC:$AC,'Producto 1'!$A:$A,'R-Producto 1'!$B15,'Producto 1'!$B:$B,'R-Producto 1'!$C15) -> 1124901.2 | F15: =D15*$E$10 -> 0
B16: 2027 | C16: Mar | D16: =SUMIFS('Producto 1'!$AC:$AC,'Producto 1'!$A:$A,'R-Producto 1'!$B16,'Producto 1'!$B:$B,'R-Producto 1'!$C16) -> 1227606.6 | F16: =D16*$E$10 -> 0
B17: 2027 | C17: Abr | D17: =SUMIFS('Producto 1'!$AC:$AC,'Producto 1'!$A:$A,'R-Producto 1'!$B17,'Producto 1'!$B:$B,'R-Producto 1'!$C17) -> 1253358 | F17: =D17*$E$10 -> 0
B18: 2027 | C18: May | D18: =SUMIFS('Producto 1'!$AC:$AC,'Producto 1'!$A:$A,'R-Producto 1'!$B18,'Producto 1'!$B:$B,'R-Producto 1'!$C18) -> 1261078.1 | F18: =D18*$E$10 -> 0
B19: 2027 | C19: Jun | D19: =SUMIFS('Producto 1'!$AC:$AC,'Producto 1'!$A:$A,'R-Producto 1'!$B19,'Producto 1'!$B:$B,'R-Producto 1'!$C19) -> 1269315.4 | F19: =D19*$E$10 -> 0
B20: 2027 | C20: Jul | D20: =SUMIFS('Producto 1'!$AC:$AC,'Producto 1'!$A:$A,'R-Producto 1'!$B20,'Producto 1'!$B:$B,'R-Producto 1'!$C20) -> 1285619 | F20: =D20*$E$10 -> 0
B21: 2027 | C21: Ago | D21: =SUMIFS('Producto 1'!$AC:$AC,'Producto 1'!$A:$A,'R-Producto 1'!$B21,'Producto 1'!$B:$B,'R-Producto 1'!$C21) -> 1291794.6 | F21: =D21*$E$10 -> 0
... B25: 2027 | C25: Dic | D25: =SUMIFS('Producto 1'!$AC:$AC,'Producto 1'!$A:$A,'R-Producto 1'!$B25,'Producto 1'!$B:$B,'R-Producto 1'!$C25) -> 1310213.7 | F25: =D25*$E$10 -> 0
C26: TOTAL PRODUCTO | D26: =SUM(D10:D25) -> 19418077 | E26: =(E10*SUM(D10:D25))/SUM(D10:D25) -> 0 | F26: =SUM(F10:F25) -> 0 | G26: =(G10*SUM(F10:F13)+G14*SUM(F14:F25))/SUM(F10:F25) -> #DIV/0!
B28: - Por favor complete los campos naranja
B29: - El Tope Ofertado debe tener máximo dos decimales y corresponde al tope horario para cada hora del mes ofertado.
B30: - La tarifa ofertada debe tener dos decimales

Sheet Producto 1
B1: ANEXO 4 - CANTIDADES DE ENERGÍA ESTIMADAS EN kWh
B2: SOL & CIELO ENERGÍA SAS ESP
B3: PERIODO: DE 1 SEPTIEMBRE 2026 A 31 DICIEMBRE 2027
A5: Año | B5: Mes | C5: Dias\Horas | D5: HO1 | E5: HO2 | F5: HO3 | G5: HO4 | H5: HO5 | I5: HO6 | J5: HO7 | K5: HO8 | L5: HO9 | M5: H10 | N5: H11 | O5: H12 | P5: H13 | Q5: H14 | R5: H15 | S5: H16 | T5: H17 | U5: H18 | V5: H19 | W5: H20 | X5: H21 | Y5: H22 | Z5: H23 | AA5: H24 | AB5: N. Días | AC5: Total
A6: 2026 | B6: =PROPER(TEXT(DATEVALUE("1/"&MOD(ROUNDDOWN((ROW()-6+8*3)/3,0),12)+1&"/"&Tabla1[[#This Row],[Año]]),"mmm")) -> Sep | C6: =CHOOSE(MOD(ROW()-6,3)+1,"Hábil","Sábado","Domingo y Festivo") -> Hábil | D6: 1767.4085 | E6: 1692.7668 | F6: 1629.8751 | G6: 1568.9018 | H6: 1538.4315 | I6: 1549.3344 | J6: 1605.7809 | K6: 1726.2157 | L6: 1523.887 | M6: 1054.8221 | N6: 833.59663 | O6: 953.98793 | P6: 576.6928 | Q6: 568.67696 | R6: 1051.4953 | S6: 1371.2543 | T6: 1873.0273 | U6: 2439.0529 | V6: 2389.1965 | W6: 2221.7919 | X6: 2233.9786 | Y6: 2199.039 | Z6: 2051.9295 | AA6: 1910.3982 | AB6: 22 | AC6: =AB6*SUM(D6:AA6) -> 843293.91
A7: 2026 | B7: =PROPER(TEXT(DATEVALUE("1/"&MOD(ROUNDDOWN((ROW()-6+8*3)/3,0),12)+1&"/"&Tabla1[[#This Row],[Año]]),"mmm")) -> Sep | C7: =CHOOSE(MOD(ROW()-6,3)+1,"Hábil","Sábado","Domingo y Festivo") -> Sábado | D7: 1829.6089 | E7: 1779.4342 | F7: 1717.4067 | G7: 1636.5303 | H7: 1583.0349 | I7: 1517.4298 | J7: 1242.0881 | K7: 802.30669 | L7: 593.04217 | M7: 301.6624 | N7: 244.96396 | O7: 167.42983 | P7: 78.6541 | Q7: 32.484048 | R7: 111.12061 | S7: 251.60005 | T7: 653.93766 | U7: 1402.0025 | V7: 1882.1451 | W7: 1955.9855 | X7: 1960.6566 | Y7: 1963.7337 | Z7: 1902.4039 | AA7: 1820.868 | AB7: 4 | AC7: =AB7*SUM(D7:AA7) -> 109722.12
A8: 2026 | B8: =PROPER(TEXT(DATEVALUE("1/"&MOD(ROUNDDOWN((ROW()-6+8*3)/3,0),12)+1&"/"&Tabla1[[#This Row],[Año]]),"mmm")) -> Sep | C8: =CHOOSE(MOD(ROW()-6,3)+1,"Hábil","Sábado","Domingo y Festivo") -> Domingo y Festivo | D8: 1733.0578 | E8: 1678.6378 | F8: 1616.7078 | G8: 1550.0872 | H8: 1508.0571 | I8: 1409.5879 | J8: 992.07848 | K8: 243.3078 | L8: 43.072821 | M8: 31.276696 | N8: 19.070234 | O8: 10.25534 | P8: 10.553432 | Q8: 20.487646 | R8: 31.57709 | S8: 95.475636 | T8: 517.35574 | U8: 1183.88 | V8: 1750.5328 | W8: 1907.7044 | X8: 1962.4827 | Y8: 1955.4362 | Z8: 1855.4318 | AA8: 1756.7624 | AB8: 4 | AC8: =AB8*SUM(D8:AA8) -> 95531.507
A9: 2026 | B9: =PROPER(TEXT(DATEVALUE("1/"&MOD(ROUNDDOWN((ROW()-6+8*3)/3,0),12)+1&"/"&Tabla1[[#This Row],[Año]]),"mmm")) -> Oct | C9: =CHOOSE(MOD(ROW()-6,3)+1,"Hábil","Sábado","Domingo y Festivo") -> Hábil | D9: 1813.5913 | E9: 1734.3502 | F9: 1667.3143 | G9: 1604.3936 | H9: 1571.6149 | I9: 1572.4251 | J9: 1624.2819 | K9: 1774.58 | L9: 1584.0229 | M9: 1151.6314 | N9: 932.03108 | O9: 986.88401 | P9: 629.0386 | Q9: 672.98765 | R9: 1191.7059 | S9: 1555.3907 | T9: 2014.5125 | U9: 2515.0214 | V9: 2420.0747 | W9: 2251.6758 | X9: 2270.3538 | Y9: 2235.1765 | Z9: 2091.6467 | AA9: 1955.1061 | AB9: 21 | AC9: =AB9*SUM(D9:AA9) -> 836216.03
A10: 2026 | B10: =PROPER(TEXT(DATEVALUE("1/"&MOD(ROUNDDOWN((ROW()-6+8*3)/3,0),12)+1&"/"&Tabla1[[#This Row],[Año]]),"mmm")) -> Oct | C10: =CHOOSE(MOD(ROW()-6,3)+1,"Hábil","Sábado","Domingo y Festivo") -> Sábado | D10: 1874.8209 | E10: 1813.4131 | F10: 1748.6143 | G10: 1660.9553 | H10: 1597.3902 | I10: 1511.9929 | J10: 1210.2634 | K10: 779.7381 | L10: 627.11415 | M10: 453.22772 | N10: 351.33879 | O10: 304.14324 | P10: 143.18725 | Q10: 76.319472 | R10: 167.85742 | S10: 288.50921 | T10: 697.03471 | U10: 1370.1676 | V10: 1862.8047 | W10: 1935.4494 | X10: 1944.7363 | Y10: 1952.991 | Z10: 1894.9978 | AA10: 1815.1645 | AB10: 5 | AC10: =AB10*SUM(D10:AA10) -> 140411.16
A11: 2026 | B11: =PROPER(TEXT(DATEVALUE("1/"&MOD(ROUNDDOWN((ROW()-6+8*3)/3,0),12)+1&"/"&Tabla1[[#This Row],[Año]]),"mmm")) -> Oct | C11: =CHOOSE(MOD(ROW()-6,3)+1,"Hábil","Sábado","Domingo y Festivo") -> Domingo y Festivo | D11: 1785.4468 | E11: 1731.6806 | F11: 1664.1407 | G11: 1592.4672 | H11: 1543.9235 | I11: 1440.1938 | J11: 1017.0405 | K11: 270.2805 | L11: 69.423262 | M11: 42.980244 | N11: 24.92923 | O11: 15.514793 | P11: 15.546742 | Q11: 26.225009 | R11: 41.113146 | S11: 131.60141 | T11: 558.26466 | U11: 1208.1105 | V11: 1778.6477 | W11: 1941.8589 | X11: 2004.3216 | Y11: 2000.4149 | Z11: 1900.0867 | AA11: 1801.4994 | AB11: 5 | AC11: =AB11*SUM(D11:AA11) -> 123028.56
A12: 2026 | B12: =PROPER(TEXT(DATEVALUE("1/"&MOD(ROUNDDOWN((ROW()-6+8*3)/3,0),12)+1&"/"&Tabla1[[#This Row],[Año]]),"mmm")) -> Nov | C12: =CHOOSE(MOD(ROW()-6,3)+1,"Hábil","Sábado","Domingo y Festivo") -> Hábil | D12: 1880.9815 | E12: 1804.3318 | F12: 1737.0564 | G12: 1669.5171 | H12: 1633.284 | I12: 1621.2331 | J12: 1643.8232 | K12: 1775.3365 | L12: 1595.6097 | M12: 1171.3718 | N12: 1022.7009 | O12: 1084.1803 | P12: 688.6903 | Q12: 712.32218 | R12: 1325.2965 | S12: 1705.3216 | T12: 2182.2552 | U12: 2621.4798 | V12: 2477.106 | W12: 2312.1206 | X12: 2331.3185 | Y12: 2293.2043 | Z12: 2144.6383 | AA12: 2009.6915 | AB12: 19 | AC12: =AB12*SUM(D12:AA12) -> 787414.55
A13: 2026 | B13: =PROPER(TEXT(DATEVALUE("1/"&MOD(ROUNDDOWN((ROW()-6+8*3)/3,0),12)+1&"/"&Tabla1[[#This Row],[Año]]),"mmm")) -> Nov | C13: =CHOOSE(MOD(ROW()-6,3)+1,"Hábil","Sábado","Domingo y Festivo") -> Sábado | D13: 1973.199 | E13: 1920.9659 | F13: 1856.0554 | G13: 1758.1168 | H13: 1692.7127 | I13: 1616.3373 | J13: 1326.5963 | K13: 968.89133 | L13: 934.66602 | M13: 486.96783 | N13: 414.80332 | O13: 363.68881 | P13: 255.70771 | Q13: 145.46481 | R13: 303.10932 | S13: 497.75383 | T13: 835.65802 | U13: 1487.9513 | V13: 1948.0523 | W13: 2015.8673 | X13: 2018.9607 | Y13: 2015.3148 | Z13: 1958.7634 | AA13: 1869.4679 | AB13: 4 | AC13: =AB13*SUM(D13:AA13) -> 122660.29
A14: 2026 | B14: =PROPER(TEXT(DATEVALUE("1/"&MOD(ROUNDDOWN((ROW()-6+8*3)/3,0),12)+1&"/"&Tabla1[[#This Row],[Año]]),"mmm")) -> Nov | C14: =CHOOSE(MOD(ROW()-6,3)+1,"Hábil","Sábado","Domingo y Festivo") -> Domingo y Festivo | D14: 1841.6743 | E14: 1783.6777 | F14: 1712.8702 | G14: 1632.9456 | H14: 1574.0963 | I14: 1457.9654 | J14: 1023.8177 | K14: 282.10615 | L14: 80.778002 | M14: 57.027511 | N14: 40.805951 | O14: 29.928849 | P14: 28.212493 | Q14: 35.687049 | R14: 58.504439 | S14: 158.52419 | T14: 598.48983 | U14: 1239.1384 | V14: 1815.0516 | W14: 1984.0708 | X14: 2049.6013 | Y14: 2048.6317 | Z14: 1950.1556 | AA14: 1848.5196 | AB14: 7 | AC14: =AB14*SUM(D14:AA14) -> 177325.96
A15: 2026 | B15: =PROPER(TEXT(DATEVALUE("1/"&MOD(ROUNDDOWN((ROW()-6+8*3)/3,0),12)+1&"/"&Tabla1[[#This Row],[Año]]),"mmm")) -> Dic | C15: =CHOOSE(MOD(ROW()-6,3)+1,"Hábil","Sábado","Domingo y Festivo") -> Hábil | D15: 1921.1315 | E15: 1844.0901 | F15: 1776.3928 | G15: 1708.4299 | H15: 1671.8005 | I15: 1659.4077 | J15: 1681.7333 | K15: 1813.0778 | L15: 1633.2892 | M15: 1209.101 | N15: 1060.5876 | O15: 1122.3218 | P15: 727.16635 | Q15: 751.18984 | R15: 1364.5861 | S15: 1745.0348 | T15: 2222.3647 | U15: 2661.9312 | V15: 2517.8219 | W15: 2353.0053 | X15: 2372.2649 | Y15: 2334.1011 | Z15: 2185.3776 | AA15: 2050.176 | AB15: 21 | AC15: =AB15*SUM(D15:AA15) -> 890114.04
A16: 2026 | B16: =PROPER(TEXT(DATEVALUE("1/"&MOD(ROUNDDOWN((ROW()-6+8*3)/3,0),12)+1&"/"&Tabla1[[#This Row],[Año]]),"mmm")) -> Dic | C16: =CHOOSE(MOD(ROW()-6,3)+1,"Hábil","Sábado","Domingo y Festivo") -> Sábado | D16: 2028.9675 | E16: 1975.6567 | F16: 1907.959 | G16: 1806.7151 | H16: 1736.4826 | I16: 1653.9031 | J16: 1359.8846 | K16: 996.75998 | L16: 952.29949 | M16: 492.98019 | N16: 414.86385 | O16: 363.17218 | P16: 258.38825 | Q16: 151.64732 | R16: 312.84161 | S16: 505.33359 | T16: 850.52093 | U16: 1510.3767 | V16: 1979.287 | W16: 2053.8583 | X16: 2061.8452 | Y16: 2063.1212 | Z16: 2010.5014 | AA16: 1923.4699 | AB16: 4 | AC16: =AB16*SUM(D16:AA16) -> 125483.34
A17: 2026 | B17: =PROPER(TEXT(DATEVALUE("1/"&MOD(ROUNDDOWN((ROW()-6+8*3)/3,0),12)+1&"/"&Tabla1[[#This Row],[Año]]),"mmm")) -> Dic | C17: =CHOOSE(MOD(ROW()-6,3)+1,"Hábil","Sábado","Domingo y Festivo") -> Domingo y Festivo | D17: 1897.8938 | E17: 1838.3607 | F17: 1768.5445 | G17: 1682.4492 | H17: 1613.4358 | I17: 1484.1011 | J17: 1036.7994 | K17: 297.38207 | L17: 90.389236 | M17: 61.445839 | N17: 40.667672 | O17: 29.47923 | P17: 28.650919 | Q17: 38.246545 | R17: 57.618964 | S17: 163.90132 | T17: 651.51947 | U17: 1281.228 | V17: 1863.5024 | W17: 2034.0913 | X17: 2104.5302 | Y17: 2105.9869 | Z17: 2006.3184 | AA17: 1897.7315 | AB17: 6 | AC17: =AB17*SUM(D17:AA17) -> 156445.65
... A53: 2027 | B53: =PROPER(TEXT(DATEVALUE("1/"&MOD(ROUNDDOWN((ROW()-6+8*3)/3,0),12)+1&"/"&Tabla1[[#This Row],[Año]]),"mmm")) -> Dic | C53: =CHOOSE(MOD(ROW()-6,3)+1,"Hábil","Sábado","Domingo y Festivo") -> Domingo y Festivo | D53: 2137.6601 | E53: 2064.9637 | F53: 1970.9011 | G53: 1856.5286 | H53: 1755.9822 | I53: 1590.1713 | J53: 1091.5952 | K53: 323.24543 | L53: 102.28488 | M53: 50.392465 | N53: 14.894719 | O53: 0 | P53: 1.4843918 | Q53: 24.489193 | R53: 65.660902 | S53: 203.64362 | T53: 721.12696 | U53: 1385.0486 | V53: 2006.0867 | W53: 2209.7988 | X53: 2307.6073 | Y53: 2329.7772 | Z53: 2243.9488 | AA53: 2143.6099 | AB53: 6 | AC53: =AB53*SUM(D53:AA53) -> 171605.41

Sheet R-Producto 2
B2: ANEXO 4 - OFERTAS PRODUCTO 2
B3: NOMBRE DEL OFERENTE
B4: PRECIOS Y CANTIDADES DE ENERGÍA OFERTADA
B7: PRODUCTO 2
B8: AÑO | C8: MES | D8: PERIODO 2026-09-01 A 2026-12-31
D9: E. Solicitada [kWh] | E9: % E. Ofertado | F9: E. Ofertada [kWh] | G9: $/kWh
B10: =ROUNDDOWN((ROW()-10+7)/12,0)+2026 -> 2026 | C10: Sep | D10: =SUMIFS('Producto 1'!$AC:$AC,'Producto 1'!$A:$A,'R-Producto 2'!$B10,'Producto 1'!$B:$B,'R-Producto 2'!$C10) -> 1048547.5 | F10: =D10*E10 -> 0
B11: =ROUNDDOWN((ROW()-10+7)/12,0)+2026 -> 2026 | C11: Oct | D11: =SUMIFS('Producto 1'!$AC:$AC,'Producto 1'!$A:$A,'R-Producto 2'!$B11,'Producto 1'!$B:$B,'R-Producto 2'!$C11) -> 1099655.7 | F11: =D11*E11 -> 0
B12: =ROUNDDOWN((ROW()-10+7)/12,0)+2026 -> 2026 | C12: Nov | D12: =SUMIFS('Producto 1'!$AC:$AC,'Producto 1'!$A:$A,'R-Producto 2'!$B12,'Producto 1'!$B:$B,'R-Producto 2'!$C12) -> 1087400.8 | F12: =D12*E12 -> 0
B13: =ROUNDDOWN((ROW()-10+7)/12,0)+2026 -> 2026 | C13: Dic | D13: =SUMIFS('Producto 1'!$AC:$AC,'Producto 1'!$A:$A,'R-Producto 2'!$B13,'Producto 1'!$B:$B,'R-Producto 2'!$C13) -> 1172043 | F13: =D13*E13 -> 0
C14: TOTAL PRODUCTO | D14: =SUM(D10:D13) -> 4407647.1 | E14: =(SUMPRODUCT(D10:D13,E10:E13)/SUM(D10:D13)) -> 0 | F14: =SUM(F10:F13) -> 0 | G14: =(SUMPRODUCT(G10:G13,F10:F13)/SUM(F10:F13)) -> #DIV/0!
B16: - Por favor complete los campos naranja
B17: - El Tope Ofertado debe tener máximo dos decimales y corresponde al tope horario para cada hora del mes ofertado.
B18: - La tarifa ofertada debe tener dos decimales

Sheet Producto 2
B1: ANEXO 4 - CANTIDADES DE ENERGÍA ESTIMADAS EN kWh
B2: SOL & CIELO ENERGÍA SAS ESP
B3: PERIODO: DE 1 SEPTIEMBRE 2026 A 31 DICIEMBRE 2026
A5: Año | B5: Mes | C5: Dias\Horas | D5: HO1 | E5: HO2 | F5: HO3 | G5: HO4 | H5: HO5 | I5: HO6 | J5: HO7 | K5: HO8 | L5: HO9 | M5: H10 | N5: H11 | O5: H12 | P5: H13 | Q5: H14 | R5: H15 | S5: H16 | T5: H17 | U5: H18 | V5: H19 | W5: H20 | X5: H21 | Y5: H22 | Z5: H23 | AA5: H24 | AB5: N. Días | AC5: Total
A6: =ROUNDDOWN((ROW()-6+3*7)/(12*3),0)+2026 -> 2026 | B6: =PROPER(TEXT(DATEVALUE("1/"&MOD(ROUNDDOWN((ROW()-6+8*3)/3,0),12)+1&"/"&Tabla13[[#This Row],[Año]]),"mmm")) -> Sep | C6: =CHOOSE(MOD(ROW()-6,3)+1,"Hábil","Sábado","Domingo y Festivo") -> Hábil | D6: 1767.4085 | E6: 1692.7668 | F6: 1629.8751 | G6: 1568.9018 | H6: 1538.4315 | I6: 1549.3344 | J6: 1605.7809 | K6: 1726.2157 | L6: 1523.887 | M6: 1054.8221 | N6: 833.59663 | O6: 953.98793 | P6: 576.6928 | Q6: 568.67696 | R6: 1051.4953 | S6: 1371.2543 | T6: 1873.0273 | U6: 2439.0529 | V6: 2389.1965 | W6: 2221.7919 | X6: 2233.9786 | Y6: 2199.039 | Z6: 2051.9295 | AA6: 1910.3982 | AB6: 22 | AC6: =AB6*SUM(D6:AA6) -> 843293.91
A7: =ROUNDDOWN((ROW()-6+3*7)/(12*3),0)+2026 -> 2026 | B7: =PROPER(TEXT(DATEVALUE("1/"&MOD(ROUNDDOWN((ROW()-6+8*3)/3,0),12)+1&"/"&Tabla13[[#This Row],[Año]]),"mmm")) -> Sep | C7: =CHOOSE(MOD(ROW()-6,3)+1,"Hábil","Sábado","Domingo y Festivo") -> Sábado | D7: 1829.6089 | E7: 1779.4342 | F7: 1717.4067 | G7: 1636.5303 | H7: 1583.0349 | I7: 1517.4298 | J7: 1242.0881 | K7: 802.30669 | L7: 593.04217 | M7: 301.6624 | N7: 244.96396 | O7: 167.42983 | P7: 78.6541 | Q7: 32.484048 | R7: 111.12061 | S7: 251.60005 | T7: 653.93766 | U7: 1402.0025 | V7: 1882.1451 | W7: 1955.9855 | X7: 1960.6566 | Y7: 1963.7337 | Z7: 1902.4039 | AA7: 1820.868 | AB7: 4 | AC7: =AB7*SUM(D7:AA7) -> 109722.12
A8: =ROUNDDOWN((ROW()-6+3*7)/(12*3),0)+2026 -> 2026 | B8: =PROPER(TEXT(DATEVALUE("1/"&MOD(ROUNDDOWN((ROW()-6+8*3)/3,0),12)+1&"/"&Tabla13[[#This Row],[Año]]),"mmm")) -> Sep | C8: =CHOOSE(MOD(ROW()-6,3)+1,"Hábil","Sábado","Domingo y Festivo") -> Domingo y Festivo | D8: 1733.0578 | E8: 1678.6378 | F8: 1616.7078 | G8: 1550.0872 | H8: 1508.0571 | I8: 1409.5879 | J8: 992.07848 | K8: 243.3078 | L8: 43.072821 | M8: 31.276696 | N8: 19.070234 | O8: 10.25534 | P8: 10.553432 | Q8: 20.487646 | R8: 31.57709 | S8: 95.475636 | T8: 517.35574 | U8: 1183.88 | V8: 1750.5328 | W8: 1907.7044 | X8: 1962.4827 | Y8: 1955.4362 | Z8: 1855.4318 | AA8: 1756.7624 | AB8: 4 | AC8: =AB8*SUM(D8:AA8) -> 95531.507
A9: =ROUNDDOWN((ROW()-6+3*7)/(12*3),0)+2026 -> 2026 | B9: =PROPER(TEXT(DATEVALUE("1/"&MOD(ROUNDDOWN((ROW()-6+8*3)/3,0),12)+1&"/"&Tabla13[[#This Row],[Año]]),"mmm")) -> Oct | C9: =CHOOSE(MOD(ROW()-6,3)+1,"Hábil","Sábado","Domingo y Festivo") -> Hábil | D9: 1813.5913 | E9: 1734.3502 | F9: 1667.3143 | G9: 1604.3936 | H9: 1571.6149 | I9: 1572.4251 | J9: 1624.2819 | K9: 1774.58 | L9: 1584.0229 | M9: 1151.6314 | N9: 932.03108 | O9: 986.88401 | P9: 629.0386 | Q9: 672.98765 | R9: 1191.7059 | S9: 1555.3907 | T9: 2014.5125 | U9: 2515.0214 | V9: 2420.0747 | W9: 2251.6758 | X9: 2270.3538 | Y9: 2235.1765 | Z9: 2091.6467 | AA9: 1955.1061 | AB9: 21 | AC9: =AB9*SUM(D9:AA9) -> 836216.03
A10: =ROUNDDOWN((ROW()-6+3*7)/(12*3),0)+2026 -> 2026 | B10: =PROPER(TEXT(DATEVALUE("1/"&MOD(ROUNDDOWN((ROW()-6+8*3)/3,0),12)+1&"/"&Tabla13[[#This Row],[Año]]),"mmm")) -> Oct | C10: =CHOOSE(MOD(ROW()-6,3)+1,"Hábil","Sábado","Domingo y Festivo") -> Sábado | D10: 1874.8209 | E10: 1813.4131 | F10: 1748.6143 | G10: 1660.9553 | H10: 1597.3902 | I10: 1511.9929 | J10: 1210.2634 | K10: 779.7381 | L10: 627.11415 | M10: 453.22772 | N10: 351.33879 | O10: 304.14324 | P10: 143.18725 | Q10: 76.319472 | R10: 167.85742 | S10: 288.50921 | T10: 697.03471 | U10: 1370.1676 | V10: 1862.8047 | W10: 1935.4494 | X10: 1944.7363 | Y10: 1952.991 | Z10: 1894.9978 | AA10: 1815.1645 | AB10: 5 | AC10: =AB10*SUM(D10:AA10) -> 140411.16
A11: =ROUNDDOWN((ROW()-6+3*7)/(12*3),0)+2026 -> 2026 | B11: =PROPER(TEXT(DATEVALUE("1/"&MOD(ROUNDDOWN((ROW()-6+8*3)/3,0),12)+1&"/"&Tabla13[[#This Row],[Año]]),"mmm")) -> Oct | C11: =CHOOSE(MOD(ROW()-6,3)+1,"Hábil","Sábado","Domingo y Festivo") -> Domingo y Festivo | D11: 1785.4468 | E11: 1731.6806 | F11: 1664.1407 | G11: 1592.4672 | H11: 1543.9235 | I11: 1440.1938 | J11: 1017.0405 | K11: 270.2805 | L11: 69.423262 | M11: 42.980244 | N11: 24.92923 | O11: 15.514793 | P11: 15.546742 | Q11: 26.225009 | R11: 41.113146 | S11: 131.60141 | T11: 558.26466 | U11: 1208.1105 | V11: 1778.6477 | W11: 1941.8589 | X11: 2004.3216 | Y11: 2000.4149 | Z11: 1900.0867 | AA11: 1801.4994 | AB11: 5 | AC11: =AB11*SUM(D11:AA11) -> 123028.56
A12: =ROUNDDOWN((ROW()-6+3*7)/(12*3),0)+2026 -> 2026 | B12: =PROPER(TEXT(DATEVALUE("1/"&MOD(ROUNDDOWN((ROW()-6+8*3)/3,0),12)+1&"/"&Tabla13[[#This Row],[Año]]),"mmm")) -> Nov | C12: =CHOOSE(MOD(ROW()-6,3)+1,"Hábil","Sábado","Domingo y Festivo") -> Hábil | D12: 1880.9815 | E12: 1804.3318 | F12: 1737.0564 | G12: 1669.5171 | H12: 1633.284 | I12: 1621.2331 | J12: 1643.8232 | K12: 1775.3365 | L12: 1595.6097 | M12: 1171.3718 | N12: 1022.7009 | O12: 1084.1803 | P12: 688.6903 | Q12: 712.32218 | R12: 1325.2965 | S12: 1705.3216 | T12: 2182.2552 | U12: 2621.4798 | V12: 2477.106 | W12: 2312.1206 | X12: 2331.3185 | Y12: 2293.2043 | Z12: 2144.6383 | AA12: 2009.6915 | AB12: 19 | AC12: =AB12*SUM(D12:AA12) -> 787414.55
A13: =ROUNDDOWN((ROW()-6+3*7)/(12*3),0)+2026 -> 2026 | B13: =PROPER(TEXT(DATEVALUE("1/"&MOD(ROUNDDOWN((ROW()-6+8*3)/3,0),12)+1&"/"&Tabla13[[#This Row],[Año]]),"mmm")) -> Nov | C13: =CHOOSE(MOD(ROW()-6,3)+1,"Hábil","Sábado","Domingo y Festivo") -> Sábado | D13: 1973.199 | E13: 1920.9659 | F13: 1856.0554 | G13: 1758.1168 | H13: 1692.7127 | I13: 1616.3373 | J13: 1326.5963 | K13: 968.89133 | L13: 934.66602 | M13: 486.96783 | N13: 414.80332 | O13: 363.68881 | P13: 255.70771 | Q13: 145.46481 | R13: 303.10932 | S13: 497.75383 | T13: 835.65802 | U13: 1487.9513 | V13: 1948.0523 | W13: 2015.8673 | X13: 2018.9607 | Y13: 2015.3148 | Z13: 1958.7634 | AA13: 1869.4679 | AB13: 4 | AC13: =AB13*SUM(D13:AA13) -> 122660.29
A14: =ROUNDDOWN((ROW()-6+3*7)/(12*3),0)+2026 -> 2026 | B14: =PROPER(TEXT(DATEVALUE("1/"&MOD(ROUNDDOWN((ROW()-6+8*3)/3,0),12)+1&"/"&Tabla13[[#This Row],[Año]]),"mmm")) -> Nov | C14: =CHOOSE(MOD(ROW()-6,3)+1,"Hábil","Sábado","Domingo y Festivo") -> Domingo y Festivo | D14: 1841.6743 | E14: 1783.6777 | F14: 1712.8702 | G14: 1632.9456 | H14: 1574.0963 | I14: 1457.9654 | J14: 1023.8177 | K14: 282.10615 | L14: 80.778002 | M14: 57.027511 | N14: 40.805951 | O14: 29.928849 | P14: 28.212493 | Q14: 35.687049 | R14: 58.504439 | S14: 158.52419 | T14: 598.48983 | U14: 1239.1384 | V14: 1815.0516 | W14: 1984.0708 | X14: 2049.6013 | Y14: 2048.6317 | Z14: 1950.1556 | AA14: 1848.5196 | AB14: 7 | AC14: =AB14*SUM(D14:AA14) -> 177325.96
A15: =ROUNDDOWN((ROW()-6+3*7)/(12*3),0)+2026 -> 2026 | B15: =PROPER(TEXT(DATEVALUE("1/"&MOD(ROUNDDOWN((ROW()-6+8*3)/3,0),12)+1&"/"&Tabla13[[#This Row],[Año]]),"mmm")) -> Dic | C15: =CHOOSE(MOD(ROW()-6,3)+1,"Hábil","Sábado","Domingo y Festivo") -> Hábil | D15: 1921.1315 | E15: 1844.0901 | F15: 1776.3928 | G15: 1708.4299 | H15: 1671.8005 | I15: 1659.4077 | J15: 1681.7333 | K15: 1813.0778 | L15: 1633.2892 | M15: 1209.101 | N15: 1060.5876 | O15: 1122.3218 | P15: 727.16635 | Q15: 751.18984 | R15: 1364.5861 | S15: 1745.0348 | T15: 2222.3647 | U15: 2661.9312 | V15: 2517.8219 | W15: 2353.0053 | X15: 2372.2649 | Y15: 2334.1011 | Z15: 2185.3776 | AA15: 2050.176 | AB15: 21 | AC15: =AB15*SUM(D15:AA15) -> 890114.04
A16: =ROUNDDOWN((ROW()-6+3*7)/(12*3),0)+2026 -> 2026 | B16: =PROPER(TEXT(DATEVALUE("1/"&MOD(ROUNDDOWN((ROW()-6+8*3)/3,0),12)+1&"/"&Tabla13[[#This Row],[Año]]),"mmm")) -> Dic | C16: =CHOOSE(MOD(ROW()-6,3)+1,"Hábil","Sábado","Domingo y Festivo") -> Sábado | D16: 2028.9675 | E16: 1975.6567 | F16: 1907.959 | G16: 1806.7151 | H16: 1736.4826 | I16: 1653.9031 | J16: 1359.8846 | K16: 996.75998 | L16: 952.29949 | M16: 492.98019 | N16: 414.86385 | O16: 363.17218 | P16: 258.38825 | Q16: 151.64732 | R16: 312.84161 | S16: 505.33359 | T16: 850.52093 | U16: 1510.3767 | V16: 1979.287 | W16: 2053.8583 | X16: 2061.8452 | Y16: 2063.1212 | Z16: 2010.5014 | AA16: 1923.4699 | AB16: 4 | AC16: =AB16*SUM(D16:AA16) -> 125483.34
A17: =ROUNDDOWN((ROW()-6+3*7)/(12*3),0)+2026 -> 2026 | B17: =PROPER(TEXT(DATEVALUE("1/"&MOD(ROUNDDOWN((ROW()-6+8*3)/3,0),12)+1&"/"&Tabla13[[#This Row],[Año]]),"mmm")) -> Dic | C17: =CHOOSE(MOD(ROW()-6,3)+1,"Hábil","Sábado","Domingo y Festivo") -> Domingo y Festivo | D17: 1897.8938 | E17: 1838.3607 | F17: 1768.5445 | G17: 1682.4492 | H17: 1613.4358 | I17: 1484.1011 | J17: 1036.7994 | K17: 297.38207 | L17: 90.389236 | M17: 61.445839 | N17: 40.667672 | O17: 29.47923 | P17: 28.650919 | Q17: 38.246545 | R17: 57.618964 | S17: 163.90132 | T17: 651.51947 | U17: 1281.228 | V17: 1863.5024 | W17: 2034.0913 | X17: 2104.5302 | Y17: 2105.9869 | Z17: 2006.3184 | AA17: 1897.7315 | AB17: 6 | AC17: =AB17*SUM(D17:AA17) -> 156445.65
