Workbook
Name Cuadro: #REF!

Sheet Producto 1
B1: ANEXO 5 A - CANTIDADES DE ENERGÍA ESTIMADAS EN kWh
B2: SOL & CIELO ENERGÍA SAS ESP
B3: PERIODO: DE MAYO 15 2025 A JUNIO 30 DE 2025
A5: Año | B5: Mes | C5: Dias\Horas | D5: HO1 | E5: HO2 | F5: HO3 | G5: HO4 | H5: HO5 | I5: HO6 | J5: HO7 | K5: HO8 | L5: HO9 | M5: H10 | N5: H11 | O5: H12 | P5: H13 | Q5: H14 | R5: H15 | S5: H16 | T5: H17 | U5: H18 | V5: H19 | W5: H20 | X5: H21 | Y5: H22 | Z5: H23 | AA5: H24 | AB5: N. Días | AC5: Total
A6: 2025 | B6: May | C6: Habil | D6: 1209.3093 | E6: 1173.5948 | F6: 1136.7142 | G6: 1100.1911 | H6: 1101.5955 | I6: 1171.5328 | J6: 1404.3214 | K6: 1624.6039 | L6: 1544.2679 | M6: 1173.2922 | N6: 927.34295 | O6: 848.6925 | P6: 542.76391 | Q6: 561.32237 | R6: 949.19781 | S6: 1173.535 | T6: 1502.3769 | U6: 1763.7527 | V6: 1603.8184 | W6: 1499.8163 | X6: 1498.711 | Y6: 1469.2269 | Z6: 1363.1279 | AA6: 1303.8575 | AB6: 12 | AC6: =+AB6*SUM(D6:AA6) -> 355763.58
A7: 2025 | B7: May | C7: Sabado | D7: 1247.7846 | E7: 1214.948 | F7: 1180.5537 | G7: 1154.7905 | H7: 1163.1313 | I7: 1162.2517 | J7: 1091.9055 | K7: 874.33957 | L7: 672.53005 | M7: 281.10801 | N7: 64.059819 | O7: 31.24056 | P7: 16.342016 | Q7: 10.800286 | R7: 57.374213 | S7: 183.96309 | T7: 644.46394 | U7: 1113.1214 | V7: 1430.8848 | W7: 1406.7182 | X7: 1414.1101 | Y7: 1417.0391 | Z7: 1380.6171 | AA7: 1369.0787 | AB7: 3 | AC7: =+AB7*SUM(D7:AA7) -> 61749.469
A8: 2025 | B8: May | C8: Domingo y Festivo | D8: 1337.1239 | E8: 1293.0447 | F8: 1261.3698 | G8: 1221.3513 | H8: 1194.9008 | I8: 1184.059 | J8: 900.86009 | K8: 331.86903 | L8: 0 | M8: 0 | N8: 0 | O8: 0 | P8: 0 | Q8: 0 | R8: 15.603635 | S8: 83.078775 | T8: 352.1896 | U8: 937.71769 | V8: 1326.7567 | W8: 1361.1843 | X8: 1399.0139 | Y8: 1377.5334 | Z8: 1303.2297 | AA8: 1238.756 | AB8: 2 | AC8: =+AB8*SUM(D8:AA8) -> 36239.285
A9: 2025 | B9: Jun | C9: Habil | D9: 1256.596 | E9: 1220.9334 | F9: 1184.1064 | G9: 1147.6363 | H9: 1149.0387 | I9: 1218.8744 | J9: 1451.3247 | K9: 1671.2872 | L9: 1591.0678 | M9: 1220.6312 | N9: 975.03928 | O9: 896.50309 | P9: 591.019 | Q9: 609.55049 | R9: 996.86238 | S9: 1220.8736 | T9: 1549.2377 | U9: 1810.2338 | V9: 1650.5319 | W9: 1546.6809 | X9: 1545.5772 | Y9: 1516.1359 | Z9: 1410.191 | AA9: 1351.0068 | AB9: 18 | AC9: =+AB9*SUM(D9:AA9) -> 554056.9
A10: 2025 | B10: Jun | C10: Domingo | D10: 1303.9569 | E10: 1269.7813 | F10: 1233.9846 | G10: 1207.1709 | H10: 1215.8517 | I10: 1214.9363 | J10: 1141.7217 | K10: 915.28416 | L10: 705.24559 | M10: 297.86281 | N10: 71.964186 | O10: 37.806679 | P10: 22.300627 | Q10: 16.532926 | R10: 65.005967 | S10: 196.75667 | T10: 676.03505 | U10: 1163.8026 | V10: 1494.5232 | W10: 1469.3713 | X10: 1477.0646 | Y10: 1480.113 | Z10: 1442.2058 | AA10: 1430.1969 | AB10: 4 | AC10: =+AB10*SUM(D10:AA10) -> 86197.902
A11: 2025 | B11: Jun | C11: Domingo y Festivo | D11: 1426.07 | E11: 1379.0261 | F11: 1345.2207 | G11: 1302.5105 | H11: 1274.2809 | I11: 1262.7099 | J11: 960.46284 | K11: 353.20109 | L11: 0 | M11: 0 | N11: 0 | O11: 0 | P11: 0 | Q11: 0 | R11: 15.663492 | S11: 87.677052 | T11: 374.88843 | U11: 999.79951 | V11: 1415.0055 | W11: 1451.7488 | X11: 1492.1228 | Y11: 1469.1975 | Z11: 1389.8961 | AA11: 1321.0858 | AB11: 8 | AC11: =+AB11*SUM(D11:AA11) -> 154564.54

Sheet R-Producto 1
B2: ANEXO 5 B - OFERTAS PRODUCTO 1
B3: NOMBRE DEL OFERENTE
B4: PRECIOS Y CANTIDADES DE ENERGÍA OFERTADA
B7: PRODUCTO 1
B8: AÑO | C8: MES | D8: PERIODO 2025-05-15 A 2025-06-30
D9: E. Solicitada [kWh] | E9: % E. Ofertado | F9: E. Ofertada [kWh] | G9: $/kWh
B10: 2025 | C10: May | D10: =+SUMIFS('Producto 1'!$AC:$AC,'Producto 1'!$A:$A,'R-Producto 1'!$B10,'Producto 1'!$B:$B,'R-Producto 1'!$C10) -> 453752.34 | E10: 1 | F10: =+D10*E10 -> 453752.34
B11: 2025 | C11: Jun | D11: =+SUMIFS('Producto 1'!$AC:$AC,'Producto 1'!$A:$A,'R-Producto 1'!$B11,'Producto 1'!$B:$B,'R-Producto 1'!$C11) -> 794819.34 | E11: 1 | F11: =+D11*E11 -> 794819.34
C12: TOTAL PRODUCTO | D12: =+SUM(D10:D11) -> 1248571.7 | E12: 1 | F12: =+D12*E12 -> 1248571.7
B14: - Por favor complete los campos azules
B15: - El Tope Ofertado debe tener máximo dos decimales y corresponde al tope horario para cada hora del mes ofertado.
B16: - La tarifa ofertada debe tener dos decimales

Sheet Producto 2
B1: ANEXO 5 A - CANTIDADES DE ENERGÍA ESTIMADAS EN kWh
B2: SOL & CIELO ENERGÍA SAS ESP
B3: PERIODO: DE JULIO 1 2025 A DICIEMBRE 31 DE 2025
A5: Año | B5: Mes | C5: Dias\Horas | D5: HO1 | E5: HO2 | F5: HO3 | G5: HO4 | H5: HO5 | I5: HO6 | J5: HO7 | K5: HO8 | L5: HO9 | M5: H10 | N5: H11 | O5: H12 | P5: H13 | Q5: H14 | R5: H15 | S5: H16 | T5: H17 | U5: H18 | V5: H19 | W5: H20 | X5: H21 | Y5: H22 | Z5: H23 | AA5: H24 | AB5: N. Días | AC5: Total
A6: 2025 | B6: Jul | C6: Habil | D6: 1303.8139 | E6: 1268.2031 | F6: 1231.4296 | G6: 1195.0125 | H6: 1196.4129 | I6: 1266.1471 | J6: 1498.2598 | K6: 1717.9026 | L6: 1637.7998 | M6: 1267.9014 | N6: 1022.6663 | O6: 944.24423 | P6: 639.20397 | Q6: 657.70854 | R6: 1044.4577 | S6: 1268.1435 | T6: 1596.0305 | U6: 1856.6473 | V6: 1697.1775 | W6: 1593.4774 | X6: 1592.3753 | Y6: 1562.9768 | Z6: 1457.1858 | AA6: 1398.0875 | AB6: 23 | AC6: =+AB6*SUM(D6:AA6) -> 734005.1
A7: 2025 | B7: Jul | C7: Sabado | D7: 1362.4197 | E7: 1326.8506 | F7: 1289.5942 | G7: 1261.6871 | H7: 1270.7219 | I7: 1269.7692 | J7: 1193.5691 | K7: 957.89833 | L7: 739.29516 | M7: 315.3008 | N7: 80.190865 | O7: 44.64054 | P7: 28.502208 | Q7: 22.499322 | R7: 72.948915 | S7: 210.07193 | T7: 708.89352 | U7: 1216.5505 | V7: 1560.7567 | W7: 1534.5791 | X7: 1542.5861 | Y7: 1545.7588 | Z7: 1506.3059 | AA7: 1493.8073 | AB7: 4 | AC7: =+AB7*SUM(D7:AA7) -> 90220.791
A8: 2025 | B8: Jul | C8: Domingo y Festivo | D8: 1520.9987 | E8: 1470.7906 | F8: 1434.7114 | G8: 1389.1285 | H8: 1359.0002 | I8: 1346.6509 | J8: 1024.0745 | K8: 375.96796 | L8: 0 | M8: 0 | N8: 0 | O8: 0 | P8: 0 | Q8: 0 | R8: 15.727375 | S8: 92.584611 | T8: 399.11401 | U8: 1066.057 | V8: 1509.19 | W8: 1548.4046 | X8: 1591.4942 | Y8: 1567.027 | Z8: 1482.3917 | AA8: 1408.9532 | AB8: 4 | AC8: =+AB8*SUM(D8:AA8) -> 82409.066
A9: 2025 | B9: Ago | C9: Habil | D9: 1350.9633 | E9: 1315.4042 | F9: 1278.6841 | G9: 1242.32 | H9: 1243.7183 | I9: 1313.3512 | J9: 1545.1266 | K9: 1764.4503 | L9: 1684.4639 | M9: 1315.1029 | N9: 1070.2241 | O9: 991.916 | P9: 687.31894 | Q9: 705.79662 | R9: 1091.9839 | S9: 1315.3447 | T9: 1642.7553 | U9: 1902.9935 | V9: 1743.7553 | W9: 1640.2059 | X9: 1639.1054 | Y9: 1609.7496 | Z9: 1504.1123 | AA9: 1445.0999 | AB9: 19 | AC9: =+AB9*SUM(D9:AA9) -> 627834.98
A10: 2025 | B10: Ago | C10: Sabado | D10: 1423.2664 | E10: 1386.2469 | F10: 1347.4713 | G10: 1318.4263 | H10: 1327.8296 | I10: 1326.8379 | J10: 1247.5307 | K10: 1002.2501 | L10: 774.73314 | M10: 333.44985 | N10: 88.752998 | O10: 51.753061 | P10: 34.956668 | Q10: 28.709005 | R10: 81.215747 | S10: 223.93014 | T10: 743.09183 | U10: 1271.4492 | V10: 1629.6908 | W10: 1602.4458 | X10: 1610.7793 | Y10: 1614.0814 | Z10: 1573.0198 | AA10: 1560.0115 | AB10: 5 | AC10: =+AB10*SUM(D10:AA10) -> 118009.65
A11: 2025 | B11: Ago | C11: Domingo y Festivo | D11: 1622.3124 | E11: 1568.7272 | F11: 1530.2213 | G11: 1481.5725 | H11: 1449.4177 | I11: 1436.2378 | J11: 1091.9647 | K11: 400.26615 | L11: 0 | M11: 0 | N11: 0 | O11: 0 | P11: 0 | Q11: 0 | R11: 15.795555 | S11: 97.822256 | T11: 424.96901 | U11: 1136.771 | V11: 1609.7094 | W11: 1651.5616 | X11: 1697.5495 | Y11: 1671.4365 | Z11: 1581.1086 | AA11: 1502.7306 | AB11: 7 | AC11: =+AB11*SUM(D11:AA11) -> 153791.22
A12: 2025 | B12: Sep | C12: Habil | D12: 1398.0441 | E12: 1362.5367 | F12: 1325.87 | G12: 1289.5587 | H12: 1290.9549 | I12: 1360.4867 | J12: 1591.9253 | K12: 1810.9304 | L12: 1731.0602 | M12: 1362.2359 | N12: 1117.7129 | O12: 1039.5185 | P12: 735.364 | Q12: 753.81483 | R12: 1139.441 | S12: 1362.4772 | T12: 1689.4121 | U12: 1949.2723 | V12: 1790.2655 | W12: 1686.8665 | X12: 1685.7676 | Y12: 1656.4544 | Z12: 1550.9707 | AA12: 1492.044 | AB12: 22 | AC12: =+AB12*SUM(D12:AA12) -> 751805.66
A13: 2025 | B13: Sep | C13: Sabado | D13: 1486.5942 | E13: 1448.0652 | F13: 1407.7085 | G13: 1377.4791 | H13: 1387.2658 | I13: 1386.2338 | J13: 1303.6927 | K13: 1048.4105 | L13: 811.61615 | M13: 352.33895 | N13: 97.664262 | O13: 59.155604 | P13: 41.674316 | Q13: 35.171897 | R13: 89.819671 | S13: 238.35343 | T13: 778.68463 | U13: 1328.5864 | V13: 1701.4359 | W13: 1673.0799 | X13: 1681.7532 | Y13: 1685.19 | Z13: 1642.454 | AA13: 1628.9153 | AB13: 4 | AC13: =+AB13*SUM(D13:AA13) -> 98765.373
A14: 2025 | B14: Sep | C14: Domingo y Festivo | D14: 1730.4404 | E14: 1673.2511 | F14: 1632.1553 | G14: 1580.2344 | H14: 1545.9168 | I14: 1531.8504 | J14: 1164.4213 | K14: 426.19864 | L14: 0 | M14: 0 | N14: 0 | O14: 0 | P14: 0 | Q14: 0 | R14: 15.86832 | S14: 103.41219 | T14: 452.56303 | U14: 1212.2412 | V14: 1716.9898 | W14: 1761.657 | X14: 1810.738 | Y14: 1782.8687 | Z14: 1686.4653 | AA14: 1602.8155 | AB14: 4 | AC14: =+AB14*SUM(D14:AA14) -> 93720.35
A15: 2025 | B15: Oct | C15: Habil | D15: 1445.0565 | E15: 1409.6008 | F15: 1372.9873 | G15: 1336.7287 | H15: 1338.123 | I15: 1407.5537 | J15: 1638.6561 | K15: 1857.343 | L15: 1777.5888 | M15: 1409.3003 | N15: 1165.1326 | O15: 1087.0518 | P15: 783.33926 | Q15: 801.76328 | R15: 1186.8292 | S15: 1409.5414 | T15: 1736.0013 | U15: 1995.4838 | V15: 1836.708 | W15: 1733.4593 | X15: 1732.362 | Y15: 1703.0914 | Z15: 1597.7609 | AA15: 1538.9198 | AB15: 22 | AC15: =+AB15*SUM(D15:AA15) -> 776608.41
A16: 2025 | B16: Oct | C16: Sabado | D16: 1552.5043 | E16: 1512.4042 | F16: 1470.4019 | G16: 1438.9399 | H16: 1449.1256 | I16: 1448.0515 | J16: 1362.1447 | K16: 1096.453 | L16: 850.00312 | M16: 371.99828 | N16: 106.9389 | O16: 66.859996 | P16: 48.665885 | Q16: 41.898321 | R16: 98.77443 | S16: 253.36485 | T16: 815.72877 | U16: 1388.0535 | V16: 1776.1064 | W16: 1746.5942 | X16: 1755.6212 | Y16: 1759.1981 | Z16: 1714.7195 | AA16: 1700.6287 | AB16: 4 | AC16: =+AB16*SUM(D16:AA16) -> 103300.72
A17: 2025 | B17: Oct | C17: Domingo y Festivo | D17: 1845.8413 | E17: 1784.8053 | F17: 1740.9454 | G17: 1685.5322 | H17: 1648.9065 | I17: 1633.8939 | J17: 1241.7513 | K17: 453.87537 | L17: 0 | M17: 0 | N17: 0 | O17: 0 | P17: 0 | Q17: 0 | R17: 15.94598 | S17: 109.3781 | T17: 482.01305 | U17: 1292.7877 | V17: 1831.4859 | W17: 1879.1575 | X17: 1931.5397 | Y17: 1901.7959 | Z17: 1798.9084 | AA17: 1709.6322 | AB17: 5 | AC17: =+AB17*SUM(D17:AA17) -> 124940.98
... A23: 2025 | B23: Dic | C23: Domingo y Festivo | D23: 2100.4508 | E23: 2030.9281 | F23: 1980.9696 | G23: 1917.8516 | H23: 1876.1332 | I23: 1859.0332 | J23: 1412.3651 | K23: 514.9387 | L23: 0 | M23: 0 | N23: 0 | O23: 0 | P23: 0 | Q23: 0 | R23: 16.117322 | S23: 122.54073 | T23: 546.98879 | U23: 1470.4978 | V23: 2084.0994 | W23: 2138.3995 | X23: 2198.0652 | Y23: 2164.1857 | Z23: 2046.9921 | AA23: 1945.3025 | AB23: 6 | AC23: =+AB23*SUM(D23:AA23) -> 170555.16

Sheet R-Producto 2
B2: ANEXO 5 B - OFERTAS PRODUCTO 2
B3: NOMBRE DEL OFERENTE
B4: PRECIOS Y CANTIDADES DE ENERGÍA OFERTADA
B7: PRODUCTO 2
B8: AÑO | C8: MES | D8: PERIODO 2025-07-01 A 2025-12-31
D9: E. Solicitada [kWh] | E9: % E. Ofertado | F9: E. Ofertada [kWh] | G9: $/kWh
B10: 2025 | C10: Jul | D10: =+SUMIFS('Producto 2'!$AC:$AC,'Producto 2'!$A:$A,'R-Producto 2'!$B10,'Producto 2'!$B:$B,'R-Producto 2'!$C10) -> 906634.96 | E10: 1 | F10: =+D10*E10 -> 906634.96
B11: 2025 | C11: Ago | D11: =+SUMIFS('Producto 2'!$AC:$AC,'Producto 2'!$A:$A,'R-Producto 2'!$B11,'Producto 2'!$B:$B,'R-Producto 2'!$C11) -> 899635.84 | E11: 1 | F11: =+D11*E11 -> 899635.84
B12: 2025 | C12: Sep | D12: =+SUMIFS('Producto 2'!$AC:$AC,'Producto 2'!$A:$A,'R-Producto 2'!$B12,'Producto 2'!$B:$B,'R-Producto 2'!$C12) -> 944291.38 | E12: 1 | F12: =+D12*E12 -> 944291.38
B13: 2025 | C13: Oct | D13: =+SUMIFS('Producto 2'!$AC:$AC,'Producto 2'!$A:$A,'R-Producto 2'!$B13,'Producto 2'!$B:$B,'R-Producto 2'!$C13) -> 1004850.1 | E13: 1 | F13: =+D13*E13 -> 1004850.1
B14: 2025 | C14: Nov | D14: =+SUMIFS('Producto 2'!$AC:$AC,'Producto 2'!$A:$A,'R-Producto 2'!$B14,'Producto 2'!$B:$B,'R-Producto 2'!$C14) -> 977254.53 | E14: 1 | F14: =+D14*E14 -> 977254.53
B15: 2025 | C15: Dic | D15: =+SUMIFS('Producto 2'!$AC:$AC,'Producto 2'!$A:$A,'R-Producto 2'!$B15,'Producto 2'!$B:$B,'R-Producto 2'!$C15) -> 1072044.5 | E15: 1 | F15: =+D15*E15 -> 1072044.5
C16: TOTAL PRODUCTO | D16: =+SUM(D10:D15) -> 5804711.3 | E16: 1 | F16: =+D16*E16 -> 5804711.3
B18: - Por favor complete los campos azules
B19: - El Tope Ofertado debe tener máximo dos decimales y corresponde al tope horario para cada hora del mes ofertado.
B20: - La tarifa ofertada debe tener dos decimales
