Workbook

Sheet Producto 1 curvo 26
B2: ANEXO 1 - CANTIDADES DE ENERGÍA SOLICITADA EN kWh
B3: PRODUCTO 1
B4: PERIODO 02 DE JULIO DEL 2026 A DICIEMBRE 31 DE 2026
C5: DIA | D5: 1 | E5: 2 | F5: 3 | G5: 4 | H5: 5 | I5: 6 | J5: 7 | K5: 8 | L5: 9 | M5: 10 | N5: 11 | O5: 12 | P5: 13 | Q5: 14 | R5: 15 | S5: 16 | T5: 17 | U5: 18 | V5: 19 | W5: 20 | X5: 21 | Y5: 22 | Z5: 23 | AA5: 24 | AB5: Total | AC5: No. DÍAS | AD5: Total
B6: 46023 | C6: Hábil | D6: 0 | E6: 0 | F6: 0 | G6: 0 | H6: 0 | I6: 0 | J6: 0 | K6: 0 | L6: 0 | M6: 0 | N6: 0 | O6: 0 | P6: 0 | Q6: 0 | R6: 0 | S6: 0 | T6: 0 | U6: 0 | V6: 0 | W6: 0 | X6: 0 | Y6: 0 | Z6: 0 | AA6: 0 | AB6: =(SUM(D6:AA6)) -> 0 | AC6: 20 | AD6: =(AB6*AC6)+(AB7*AC7)+(AB8*AC8)+(AB9*AC9) -> 0 | AE6: =+AD6 -> 0
C7: Sábado | D7: 0 | E7: 0 | F7: 0 | G7: 0 | H7: 0 | I7: 0 | J7: 0 | K7: 0 | L7: 0 | M7: 0 | N7: 0 | O7: 0 | P7: 0 | Q7: 0 | R7: 0 | S7: 0 | T7: 0 | U7: 0 | V7: 0 | W7: 0 | X7: 0 | Y7: 0 | Z7: 0 | AA7: 0 | AB7: =(SUM(D7:AA7)) -> 0 | AC7: 5 | AE7: =+AD10 -> 0
C8: Domingo | D8: 0 | E8: 0 | F8: 0 | G8: 0 | H8: 0 | I8: 0 | J8: 0 | K8: 0 | L8: 0 | M8: 0 | N8: 0 | O8: 0 | P8: 0 | Q8: 0 | R8: 0 | S8: 0 | T8: 0 | U8: 0 | V8: 0 | W8: 0 | X8: 0 | Y8: 0 | Z8: 0 | AA8: 0 | AB8: =(SUM(D8:AA8)) -> 0 | AC8: 4 | AE8: =+AD14 -> 0
C9: Festivo | D9: 0 | E9: 0 | F9: 0 | G9: 0 | H9: 0 | I9: 0 | J9: 0 | K9: 0 | L9: 0 | M9: 0 | N9: 0 | O9: 0 | P9: 0 | Q9: 0 | R9: 0 | S9: 0 | T9: 0 | U9: 0 | V9: 0 | W9: 0 | X9: 0 | Y9: 0 | Z9: 0 | AA9: 0 | AB9: =(SUM(D9:AA9)) -> 0 | AC9: 2 | AE9: =+AD18 -> 0
B10: 46054 | C10: Hábil | D10: 0 | E10: 0 | F10: 0 | G10: 0 | H10: 0 | I10: 0 | J10: 0 | K10: 0 | L10: 0 | M10: 0 | N10: 0 | O10: 0 | P10: 0 | Q10: 0 | R10: 0 | S10: 0 | T10: 0 | U10: 0 | V10: 0 | W10: 0 | X10: 0 | Y10: 0 | Z10: 0 | AA10: 0 | AB10: =(SUM(D10:AA10)) -> 0 | AC10: 20 | AD10: =(AB10*AC10)+(AB11*AC11)+(AB12*AC12)+(AB13*AC13) -> 0 | AE10: =+AD22 -> 0
C11: Sábado | D11: 0 | E11: 0 | F11: 0 | G11: 0 | H11: 0 | I11: 0 | J11: 0 | K11: 0 | L11: 0 | M11: 0 | N11: 0 | O11: 0 | P11: 0 | Q11: 0 | R11: 0 | S11: 0 | T11: 0 | U11: 0 | V11: 0 | W11: 0 | X11: 0 | Y11: 0 | Z11: 0 | AA11: 0 | AB11: =(SUM(D11:AA11)) -> 0 | AC11: 4 | AE11: =+AD26 -> 0
C12: Domingo | D12: 0 | E12: 0 | F12: 0 | G12: 0 | H12: 0 | I12: 0 | J12: 0 | K12: 0 | L12: 0 | M12: 0 | N12: 0 | O12: 0 | P12: 0 | Q12: 0 | R12: 0 | S12: 0 | T12: 0 | U12: 0 | V12: 0 | W12: 0 | X12: 0 | Y12: 0 | Z12: 0 | AA12: 0 | AB12: =(SUM(D12:AA12)) -> 0 | AC12: 4 | AE12: =+AD30 -> 3195152.6
C13: Festivo | D13: 0 | E13: 0 | F13: 0 | G13: 0 | H13: 0 | I13: 0 | J13: 0 | K13: 0 | L13: 0 | M13: 0 | N13: 0 | O13: 0 | P13: 0 | Q13: 0 | R13: 0 | S13: 0 | T13: 0 | U13: 0 | V13: 0 | W13: 0 | X13: 0 | Y13: 0 | Z13: 0 | AA13: 0 | AB13: =(SUM(D13:AA13)) -> 0 | AC13: 0 | AE13: =+AD34 -> 3152670.3
B14: 46082 | C14: Hábil | D14: 0 | E14: 0 | F14: 0 | G14: 0 | H14: 0 | I14: 0 | J14: 0 | K14: 0 | L14: 0 | M14: 0 | N14: 0 | O14: 0 | P14: 0 | Q14: 0 | R14: 0 | S14: 0 | T14: 0 | U14: 0 | V14: 0 | W14: 0 | X14: 0 | Y14: 0 | Z14: 0 | AA14: 0 | AB14: =(SUM(D14:AA14)) -> 0 | AC14: 21 | AD14: =(AB14*AC14)+(AB15*AC15)+(AB16*AC16)+(AB17*AC17) -> 0 | AE14: =+AD38 -> 3863339
C15: Sábado | D15: 0 | E15: 0 | F15: 0 | G15: 0 | H15: 0 | I15: 0 | J15: 0 | K15: 0 | L15: 0 | M15: 0 | N15: 0 | O15: 0 | P15: 0 | Q15: 0 | R15: 0 | S15: 0 | T15: 0 | U15: 0 | V15: 0 | W15: 0 | X15: 0 | Y15: 0 | Z15: 0 | AA15: 0 | AB15: =(SUM(D15:AA15)) -> 0 | AC15: 4 | AE15: =+AD42 -> 4394273.8
C16: Domingo | D16: 0 | E16: 0 | F16: 0 | G16: 0 | H16: 0 | I16: 0 | J16: 0 | K16: 0 | L16: 0 | M16: 0 | N16: 0 | O16: 0 | P16: 0 | Q16: 0 | R16: 0 | S16: 0 | T16: 0 | U16: 0 | V16: 0 | W16: 0 | X16: 0 | Y16: 0 | Z16: 0 | AA16: 0 | AB16: =(SUM(D16:AA16)) -> 0 | AC16: 5 | AE16: =+AD46 -> 3537054.9
C17: Festivo | D17: 0 | E17: 0 | F17: 0 | G17: 0 | H17: 0 | I17: 0 | J17: 0 | K17: 0 | L17: 0 | M17: 0 | N17: 0 | O17: 0 | P17: 0 | Q17: 0 | R17: 0 | S17: 0 | T17: 0 | U17: 0 | V17: 0 | W17: 0 | X17: 0 | Y17: 0 | Z17: 0 | AA17: 0 | AB17: =(SUM(D17:AA17)) -> 0 | AC17: 1 | AE17: =+AD50 -> 4409114.7
B18: 46113 | C18: Hábil | D18: 0 | E18: 0 | F18: 0 | G18: 0 | H18: 0 | I18: 0 | J18: 0 | K18: 0 | L18: 0 | M18: 0 | N18: 0 | O18: 0 | P18: 0 | Q18: 0 | R18: 0 | S18: 0 | T18: 0 | U18: 0 | V18: 0 | W18: 0 | X18: 0 | Y18: 0 | Z18: 0 | AA18: 0 | AB18: =(SUM(D18:AA18)) -> 0 | AC18: 20 | AD18: =(AB18*AC18)+(AB19*AC19)+(AB20*AC20)+(AB21*AC21) -> 0
C19: Sábado | D19: 0 | E19: 0 | F19: 0 | G19: 0 | H19: 0 | I19: 0 | J19: 0 | K19: 0 | L19: 0 | M19: 0 | N19: 0 | O19: 0 | P19: 0 | Q19: 0 | R19: 0 | S19: 0 | T19: 0 | U19: 0 | V19: 0 | W19: 0 | X19: 0 | Y19: 0 | Z19: 0 | AA19: 0 | AB19: =(SUM(D19:AA19)) -> 0 | AC19: 4
C20: Domingo | D20: 0 | E20: 0 | F20: 0 | G20: 0 | H20: 0 | I20: 0 | J20: 0 | K20: 0 | L20: 0 | M20: 0 | N20: 0 | O20: 0 | P20: 0 | Q20: 0 | R20: 0 | S20: 0 | T20: 0 | U20: 0 | V20: 0 | W20: 0 | X20: 0 | Y20: 0 | Z20: 0 | AA20: 0 | AB20: =(SUM(D20:AA20)) -> 0 | AC20: 4
C21: Festivo | D21: 0 | E21: 0 | F21: 0 | G21: 0 | H21: 0 | I21: 0 | J21: 0 | K21: 0 | L21: 0 | M21: 0 | N21: 0 | O21: 0 | P21: 0 | Q21: 0 | R21: 0 | S21: 0 | T21: 0 | U21: 0 | V21: 0 | W21: 0 | X21: 0 | Y21: 0 | Z21: 0 | AA21: 0 | AB21: =(SUM(D21:AA21)) -> 0 | AC21: 2
B22: 46143 | C22: Hábil | D22: 0 | E22: 0 | F22: 0 | G22: 0 | H22: 0 | I22: 0 | J22: 0 | K22: 0 | L22: 0 | M22: 0 | N22: 0 | O22: 0 | P22: 0 | Q22: 0 | R22: 0 | S22: 0 | T22: 0 | U22: 0 | V22: 0 | W22: 0 | X22: 0 | Y22: 0 | Z22: 0 | AA22: 0 | AB22: =(SUM(D22:AA22)) -> 0 | AC22: 19 | AD22: =(AB22*AC22)+(AB23*AC23)+(AB24*AC24)+(AB25*AC25) -> 0
C23: Sábado | D23: 0 | E23: 0 | F23: 0 | G23: 0 | H23: 0 | I23: 0 | J23: 0 | K23: 0 | L23: 0 | M23: 0 | N23: 0 | O23: 0 | P23: 0 | Q23: 0 | R23: 0 | S23: 0 | T23: 0 | U23: 0 | V23: 0 | W23: 0 | X23: 0 | Y23: 0 | Z23: 0 | AA23: 0 | AB23: =(SUM(D23:AA23)) -> 0 | AC23: 5
C24: Domingo | D24: 0 | E24: 0 | F24: 0 | G24: 0 | H24: 0 | I24: 0 | J24: 0 | K24: 0 | L24: 0 | M24: 0 | N24: 0 | O24: 0 | P24: 0 | Q24: 0 | R24: 0 | S24: 0 | T24: 0 | U24: 0 | V24: 0 | W24: 0 | X24: 0 | Y24: 0 | Z24: 0 | AA24: 0 | AB24: =(SUM(D24:AA24)) -> 0 | AC24: 5
C25: Festivo | D25: 0 | E25: 0 | F25: 0 | G25: 0 | H25: 0 | I25: 0 | J25: 0 | K25: 0 | L25: 0 | M25: 0 | N25: 0 | O25: 0 | P25: 0 | Q25: 0 | R25: 0 | S25: 0 | T25: 0 | U25: 0 | V25: 0 | W25: 0 | X25: 0 | Y25: 0 | Z25: 0 | AA25: 0 | AB25: =(SUM(D25:AA25)) -> 0 | AC25: 2
B26: 46174 | C26: Hábil | D26: 0 | E26: 0 | F26: 0 | G26: 0 | H26: 0 | I26: 0 | J26: 0 | K26: 0 | L26: 0 | M26: 0 | N26: 0 | O26: 0 | P26: 0 | Q26: 0 | R26: 0 | S26: 0 | T26: 0 | U26: 0 | V26: 0 | W26: 0 | X26: 0 | Y26: 0 | Z26: 0 | AA26: 0 | AB26: =(SUM(D26:AA26)) -> 0 | AC26: 19 | AD26: =(AB26*AC26)+(AB27*AC27)+(AB28*AC28)+(AB29*AC29) -> 0
C27: Sábado | D27: 0 | E27: 0 | F27: 0 | G27: 0 | H27: 0 | I27: 0 | J27: 0 | K27: 0 | L27: 0 | M27: 0 | N27: 0 | O27: 0 | P27: 0 | Q27: 0 | R27: 0 | S27: 0 | T27: 0 | U27: 0 | V27: 0 | W27: 0 | X27: 0 | Y27: 0 | Z27: 0 | AA27: 0 | AB27: =(SUM(D27:AA27)) -> 0 | AC27: 4
C28: Domingo | D28: 0 | E28: 0 | F28: 0 | G28: 0 | H28: 0 | I28: 0 | J28: 0 | K28: 0 | L28: 0 | M28: 0 | N28: 0 | O28: 0 | P28: 0 | Q28: 0 | R28: 0 | S28: 0 | T28: 0 | U28: 0 | V28: 0 | W28: 0 | X28: 0 | Y28: 0 | Z28: 0 | AA28: 0 | AB28: =(SUM(D28:AA28)) -> 0 | AC28: 4
C29: Festivo | D29: 0 | E29: 0 | F29: 0 | G29: 0 | H29: 0 | I29: 0 | J29: 0 | K29: 0 | L29: 0 | M29: 0 | N29: 0 | O29: 0 | P29: 0 | Q29: 0 | R29: 0 | S29: 0 | T29: 0 | U29: 0 | V29: 0 | W29: 0 | X29: 0 | Y29: 0 | Z29: 0 | AA29: 0 | AB29: =(SUM(D29:AA29)) -> 0 | AC29: 3
B30: 46204 | C30: Hábil | D30: 5576.6516 | E30: 5090.2736 | F30: 5090.2736 | G30: 5090.2736 | H30: 5576.6516 | I30: 7035.7857 | J30: 5670.5167 | K30: 3460.6634 | L30: 2379.9816 | M30: 1896.0099 | N30: 1441.5505 | O30: 1301.0174 | P30: 1889.2876 | Q30: 1301.0174 | R30: 1301.0174 | S30: 1301.0174 | T30: 1301.0174 | U30: 1301.0174 | V30: 1301.0174 | W30: 1620.6412 | X30: 2873.8215 | Y30: 4480.4351 | Z30: 5652.1291 | AA30: 6269.4102 | AB30: =(SUM(D30:AA30)) -> 80201.478 | AC30: 21 | AD30: =(AB30*AC30)+(AB31*AC31)+(AB32*AC32)+(AB33*AC33) -> 3195152.6
C31: Sábado | D31: 7345.1282 | E31: 6891.6014 | F31: 6438.0745 | G31: 5984.5477 | H31: 6438.0745 | I31: 6891.6014 | J31: 6500.9487 | K31: 5442.1869 | L31: 5140.8335 | M31: 4737.7296 | N31: 4061.2102 | O31: 4438.3624 | P31: 5397.8734 | Q31: 5576.2918 | R31: 5854.0497 | S31: 5604.6301 | T31: 5344.1236 | U31: 2443.5126 | V31: 2675.7098 | W31: 3781.588 | X31: 5334.6582 | Y31: 6542.637 | Z31: 7345.1282 | AA31: 6891.6014 | AB31: =(SUM(D31:AA31)) -> 133102.1 | AC31: 4
C32: domingo | D32: 7099.2413 | E32: 6687.9899 | F32: 6276.7386 | G32: 6276.7386 | H32: 6276.7386 | I32: 5865.4872 | J32: 6276.7386 | K32: 7079.081 | L32: 7490.3323 | M32: 8312.8351 | N32: 8293.9321 | O32: 8593.1685 | P32: 9102.6108 | Q32: 9200.1333 | R32: 9487.6724 | S32: 10390.123 | T32: 10480.55 | U32: 8800.8671 | V32: 8946.1054 | W32: 9407.2106 | X32: 10008.88 | Y32: 9155.4981 | Z32: 8332.9954 | AA32: 7510.4927 | AB32: =(SUM(D32:AA32)) -> 195352.16 | AC32: 4
C33: Festivo | D33: 7200.0264 | E33: 6786.1228 | F33: 6372.2192 | G33: 5958.3156 | H33: 5958.3156 | I33: 5958.3156 | J33: 6372.2192 | K33: 6765.9625 | L33: 7593.7697 | M33: 8421.5769 | N33: 9249.3841 | O33: 9663.2877 | P33: 9663.2877 | Q33: 10077.191 | R33: 10077.191 | S33: 10491.095 | T33: 10491.095 | U33: 8533.0629 | V33: 8287.526 | W33: 9096.6115 | X33: 9590.5202 | Y33: 9269.5444 | Z33: 8027.8336 | AA33: 7200.0264 | AB33: =(SUM(D33:AA33)) -> 197104.5 | AC33: 1
B34: 46235 | C34: Hábil | D34: 5211.0247 | E34: 4727.6596 | F34: 4727.6596 | G34: 4727.6596 | H34: 5211.0247 | I34: 6661.12 | J34: 4774.5381 | K34: 2460.5992 | L34: 1336.9466 | M34: 1032.2002 | N34: 1032.2002 | O34: 1032.2002 | P34: 1032.2002 | Q34: 1032.2002 | R34: 1032.2002 | S34: 1032.2002 | T34: 1032.2002 | U34: 1032.2002 | V34: 1032.2002 | W34: 1032.2002 | X34: 1953.0134 | Y34: 3609.5501 | Z34: 4818.1472 | AA34: 5454.0037 | AB34: =(SUM(D34:AA34)) -> 67027.149 | AC34: 19 | AD34: =(AB34*AC34)+(AB35*AC35)+(AB36*AC36)+(AB37*AC37) -> 3152670.3
C35: Sábado | D35: 6961.4784 | E35: 6522.5738 | F35: 6071.7168 | G35: 5620.8599 | H35: 6071.7168 | I35: 6522.5738 | J35: 5635.7624 | K35: 4510.6262 | L35: 4191.6127 | M35: 3769.1462 | N35: 3068.2752 | O35: 3450.0277 | P35: 4433.2397 | Q35: 4625.4693 | R35: 4919.9585 | S35: 4673.5137 | T35: 4413.2975 | U35: 1514.7125 | V35: 1757.1618 | W35: 2897.5787 | X35: 4494.4549 | Y35: 5739.5779 | Z35: 6935.5739 | AA35: 6522.5738 | AB35: =(SUM(D35:AA35)) -> 115323.48 | AC35: 5
C36: Domingo | D36: 6735.8691 | E36: 6326.8578 | F36: 5917.8464 | G36: 5917.8464 | H36: 5917.8464 | I36: 5508.835 | J36: 5917.8464 | K36: 6715.7305 | L36: 7124.7419 | M36: 7942.7647 | N36: 8019.3124 | O36: 8316.4294 | P36: 8760.7874 | Q36: 8920.9435 | R36: 9206.3758 | S36: 10104.26 | T36: 10194.59 | U36: 8078.7509 | V36: 8226.9374 | W36: 8702.0658 | X36: 9321.5523 | Y36: 8780.926 | Z36: 7962.9033 | AA36: 7144.8805 | AB36: =(SUM(D36:AA36)) -> 185766.9 | AC36: 5
C37: Festivo | D37: 6835.8462 | E37: 6424.2039 | F37: 6012.5615 | G37: 5600.9191 | H37: 5600.9191 | I37: 5600.9191 | J37: 6012.5615 | K37: 6404.0652 | L37: 7227.3499 | M37: 8050.6347 | N37: 8873.9194 | O37: 9285.5617 | P37: 9285.5617 | Q37: 9697.2041 | R37: 9697.2041 | S37: 10108.846 | T37: 10108.846 | U37: 7802.8156 | V37: 7551.6929 | W37: 8386.1359 | X37: 8894.4987 | Y37: 8894.058 | Z37: 7659.1309 | AA37: 6835.8462 | AB37: =(SUM(D37:AA37)) -> 186851.3 | AC37: 2
B38: 46266 | C38: Hábil | D38: 6688.1549 | E38: 6206.5787 | F38: 6206.5787 | G38: 6206.5787 | H38: 6688.1549 | I38: 8132.8832 | J38: 6871.2696 | K38: 4577.9213 | L38: 3462.503 | M38: 2961.0833 | N38: 2491.4032 | O38: 2301.983 | P38: 2940.1524 | Q38: 2255.1477 | R38: 2077.4511 | S38: 2077.4511 | T38: 2077.4511 | U38: 2077.4511 | V38: 2077.4511 | W38: 2765.5641 | X38: 4050.8914 | Y38: 5698.4872 | Z38: 6900.4271 | AA38: 7532.986 | AB38: =(SUM(D38:AA38)) -> 105326 | AC38: 22 | AD38: =(AB38*AC38)+(AB39*AC39)+(AB40*AC40)+(AB41*AC41) -> 3863339
C39: Sábado | D39: 8481.2595 | E39: 8031.0078 | F39: 7580.756 | G39: 7130.5042 | H39: 7580.756 | I39: 8031.0078 | J39: 7722.8629 | K39: 6611.1313 | L39: 6295.6478 | M39: 5876.9463 | N39: 5180.5152 | O39: 5561.8722 | P39: 6541.2971 | Q39: 6730.6757 | R39: 7021.8113 | S39: 6774.2531 | T39: 6513.5195 | U39: 3609.5518 | V39: 3849.9263 | W39: 4984.2698 | X39: 6573.8534 | Y39: 7812.5589 | Z39: 8481.2595 | AA39: 8031.0078 | AB39: =(SUM(D39:AA39)) -> 161008.25 | AC39: 4
C40: Domingo | D40: 8296.4109 | E40: 7886.5697 | F40: 7476.7286 | G40: 7476.7286 | H40: 7476.7286 | I40: 7066.8875 | J40: 7476.7286 | K40: 8276.2332 | L40: 8686.0743 | M40: 9505.7566 | N40: 9639.9412 | O40: 9937.6708 | P40: 10325.439 | Q40: 10543.394 | R40: 10829.416 | S40: 11729.115 | T40: 11819.621 | U40: 10125.078 | V40: 10272.839 | W40: 10745.77 | X40: 11362.532 | Y40: 10345.617 | Z40: 9525.9343 | AA40: 8706.252 | AB40: =(SUM(D40:AA40)) -> 225533.47 | AC40: 4
C41: Festivo | D41: 2077.4511 | E41: 2077.4511 | F41: 2077.4511 | G41: 2077.4511 | H41: 2077.4511 | I41: 2077.4511 | J41: 2077.4511 | K41: 2077.4511 | L41: 2077.4511 | M41: 2077.4511 | N41: 2077.4511 | O41: 2077.4511 | P41: 2077.4511 | Q41: 2077.4511 | R41: 2077.4511 | S41: 2077.4511 | T41: 2077.4511 | U41: 2077.4511 | V41: 2077.4511 | W41: 2077.4511 | X41: 2077.4511 | Y41: 2077.4511 | Z41: 2077.4511 | AA41: 2077.4511 | AB41: =(SUM(D41:AA41)) -> 49858.827 | AC41: 0
B42: 46296 | C42: Hábil | D42: 7481.2914 | E42: 6985.9399 | F42: 6985.9399 | G42: 6985.9399 | H42: 7481.2914 | I42: 8967.346 | J42: 6877.6555 | K42: 4502.4549 | L42: 3353.033 | M42: 2834.5286 | N42: 2497.254 | O42: 2497.254 | P42: 2799.3505 | Q42: 2497.254 | R42: 2497.254 | S42: 2497.254 | T42: 2497.254 | U42: 2497.254 | V42: 2497.254 | W42: 2718.4801 | X42: 4035.068 | Y42: 5722.542 | Z42: 6953.9624 | AA42: 7601.3853 | AB42: =(SUM(D42:AA42)) -> 112264.24 | AC42: 21 | AD42: =(AB42*AC42)+(AB43*AC43)+(AB44*AC44)+(AB45*AC45) -> 4394273.8
C43: Sábado | D43: 9109.6347 | E43: 8804.505 | F43: 8343.0813 | G43: 7881.6575 | H43: 8343.0813 | I43: 8804.505 | J43: 7757.5052 | K43: 6594.2986 | L43: 6265.0998 | M43: 5831.2601 | N43: 5115.6031 | O43: 5500.8581 | P43: 6499.3173 | Q43: 6699.3498 | R43: 7003.4666 | S43: 6757.8841 | T43: 6497.0805 | U43: 3591.321 | V43: 3839.8426 | W43: 5001.6462 | X43: 6626.0794 | Y43: 7894.2576 | Z43: 9113.7698 | AA43: 8804.505 | AB43: =(SUM(D43:AA43)) -> 166679.61 | AC43: 5
C44: Domingo | D44: 8992.5739 | E44: 8574.7718 | F44: 8156.9698 | G44: 8156.9698 | H44: 8156.9698 | I44: 7739.1678 | J44: 8156.9698 | K44: 8972.3894 | L44: 9390.1914 | M44: 10225.795 | N44: 10371.536 | O44: 10677.189 | P44: 11061.399 | Q44: 11290.938 | R44: 11584.88 | S44: 12500.527 | T44: 12591.063 | U44: 10282.602 | V44: 10432.758 | W44: 10916.604 | X44: 11547.213 | Y44: 11081.584 | Z44: 10245.98 | AA44: 9410.3759 | AB44: =(SUM(D44:AA44)) -> 240517.42 | AC44: 4
C45: Festivo | D45: 9095.8378 | E45: 8675.3183 | F45: 8254.7988 | G45: 7834.2794 | H45: 7834.2794 | I45: 7834.2794 | J45: 8254.7988 | K45: 8655.1339 | L45: 9496.1728 | M45: 10337.212 | N45: 11178.251 | O45: 11598.77 | P45: 11598.77 | Q45: 12019.29 | R45: 12019.29 | S45: 12439.809 | T45: 12439.809 | U45: 10001.611 | V45: 9746.8376 | W45: 10596.974 | X45: 11114.377 | Y45: 11198.435 | Z45: 9936.8768 | AA45: 9095.8378 | AB45: =(SUM(D45:AA45)) -> 241257.05 | AC45: 1
B46: 46327 | C46: Hábil | D46: 6259.9901 | E46: 5782.6155 | F46: 5782.6155 | G46: 5782.6155 | H46: 6259.9901 | I46: 7692.114 | J46: 4853.7625 | K46: 2326.1657 | L46: 1799.6733 | M46: 1799.6733 | N46: 1799.6733 | O46: 1799.6733 | P46: 1799.6733 | Q46: 1799.6733 | R46: 1799.6733 | S46: 1799.6733 | T46: 1799.6733 | U46: 1799.6733 | V46: 1799.6733 | W46: 1799.6733 | X46: 1977.7002 | Y46: 3737.6059 | Z46: 5022.5641 | AA46: 5696.9093 | AB46: =(SUM(D46:AA46)) -> 82770.729 | AC46: 19 | AD46: =(AB46*AC46)+(AB47*AC47)+(AB48*AC48)+(AB49*AC49) -> 3537054.9
C47: Sábado | D47: 7189.6887 | E47: 7597.0902 | F47: 7150.5913 | G47: 6704.0923 | H47: 7150.5913 | I47: 7597.0902 | J47: 5774.6519 | K47: 4513.5123 | L47: 4158.2771 | M47: 3696.0002 | N47: 2944.7788 | O47: 3336.468 | P47: 4369.1973 | Q47: 4589.6693 | R47: 4918.4669 | S47: 4677.6284 | T47: 4417.569 | U47: 1799.6733 | V47: 1799.6733 | W47: 2993.8749 | X47: 4682.0075 | Y47: 6004.2783 | Z47: 7279.6005 | AA47: 7597.0902 | AB47: =(SUM(D47:AA47)) -> 122941.56 | AC47: 4
C48: Domingo | D48: 7868.9012 | E48: 7462.2492 | F48: 7055.5973 | G48: 7055.5973 | H48: 7055.5973 | I48: 6648.9453 | J48: 7055.5973 | K48: 7848.7741 | L48: 8255.426 | M48: 9068.73 | N48: 9141.0946 | O48: 9435.916 | P48: 9882.034 | Q48: 10037.959 | R48: 10321.103 | S48: 11214.223 | T48: 11304.501 | U48: 8498.9336 | V48: 8653.3167 | W48: 9157.793 | X48: 9814.6377 | Y48: 9902.1611 | Z48: 9088.8572 | AA48: 8275.5532 | AB48: =(SUM(D48:AA48)) -> 210103.5 | AC48: 5
C49: Festivo | D49: 7966.0205 | E49: 7556.8128 | F49: 7147.605 | G49: 6738.3973 | H49: 6738.3973 | I49: 6738.3973 | J49: 7147.605 | K49: 7536.6856 | L49: 8355.1011 | M49: 9173.5166 | N49: 9991.9321 | O49: 10401.14 | P49: 10401.14 | Q49: 10810.348 | R49: 10810.348 | S49: 11219.555 | T49: 11219.555 | U49: 8205.9875 | V49: 7942.9933 | W49: 8830.4615 | X49: 9369.1266 | Y49: 10012.059 | Z49: 8784.436 | AA49: 7966.0205 | AB49: =(SUM(D49:AA49)) -> 211063.64 | AC49: 2
B50: 46357 | C50: Hábil | D50: 8774.7401 | E50: 9239.4621 | F50: 9534.3054 | G50: 9874.1025 | H50: 9508.4279 | I50: 8039.9544 | J50: 4923.793 | K50: 2752.8054 | L50: 2631.6626 | M50: 2631.6626 | N50: 2631.6626 | O50: 2631.6626 | P50: 2631.6626 | Q50: 2631.6626 | R50: 2631.6626 | S50: 2631.6626 | T50: 2631.6626 | U50: 2631.6626 | V50: 2631.6626 | W50: 2631.6626 | X50: 2631.6626 | Y50: 3707.504 | Z50: 4869.2124 | AA50: 5481.7362 | AB50: =(SUM(D50:AA50)) -> 110917.66 | AC50: 21 | AD50: =(AB50*AC50)+(AB51*AC51)+(AB52*AC52)+(AB53*AC53) -> 4409114.7
C51: Sábado | D51: 7014.5702 | E51: 7466.8487 | F51: 7908.1091 | G51: 8372.7694 | H51: 8196.7898 | I51: 7704.5664 | J51: 5744.4535 | K51: 4713.9008 | L51: 4419.8608 | M51: 4024.0653 | N51: 3355.0799 | O51: 3733.2468 | P51: 4688.3686 | Q51: 4860.5081 | R51: 5131.2616 | S51: 4877.6757 | T51: 4614.4539 | U51: 2631.6626 | V51: 2631.6626 | W51: 3009.4436 | X51: 4552.2499 | Y51: 5750.4597 | Z51: 6897.2383 | AA51: 7505.791 | AB51: =(SUM(D51:AA51)) -> 129805.04 | AC51: 4
C52: Domingo | D52: 9179.6159 | E52: 9652.4808 | F52: 10197.735 | G52: 10587.154 | H52: 10894.873 | I52: 11508.432 | J52: 12265.127 | K52: 13174.603 | L52: 13145.064 | M52: 12444.341 | N52: 11687.01 | O52: 11310.254 | P52: 11786.978 | Q52: 11919.021 | R52: 12420.372 | S52: 11610.109 | T52: 11420.964 | U52: 7983.7375 | V52: 8128.6813 | W52: 8586.1469 | X52: 9183.3481 | Y52: 10033.736 | Z52: 10391.47 | AA52: 10797.894 | AB52: =(SUM(D52:AA52)) -> 260309.15 | AC52: 4
C53: Festivo | D53: 10469.448 | E53: 11011.886 | F53: 11441.171 | G53: 11728.981 | H53: 11695.33 | I53: 12501.768 | J53: 12097.434 | K53: 12512.848 | L53: 12380.342 | M53: 12086.308 | N53: 11536.168 | O53: 11226.418 | P53: 11592.315 | Q53: 11535.924 | R53: 11804.711 | S53: 10927.672 | T53: 10752.946 | U53: 7718.0352 | V53: 7473.341 | W53: 8275.6038 | X53: 8765.9439 | Y53: 9519.6553 | Z53: 9971.0837 | AA53: 10668.247 | AB53: =(SUM(D53:AA53)) -> 259693.58 | AC53: 2
AD54: =SUM(AD6:AD53) -> 22551605

Sheet Anexo 2 Producto 1
B4: ANEXO 2 - OFERTA PRODUCTO 1
B5: NOMBRE DEL OFERENTE
B6: PRECIOS Y CANTIDADES DE ENERGIA OFERTADA
B7: EN PESOS DE MARZO 2026
B8: PRODUCTO 1
B9: AÑO | C9: MES | D9: PERIODO 2026
D10: E. Solicitada [kWh] | E10: % E. Ofertado | F10: E. Ofertada [kWh] | G10: $/kWh
B11: 2026 | C11: Enero | D11: =+'Producto 1 curvo 26'!AE6 -> 0 | F11: =+$E$11*D11 -> 0
B12: 2026 | C12: Febrero | D12: =+'Producto 1 curvo 26'!AE7 -> 0 | F12: =+$E$11*D12 -> 0
B13: 2026 | C13: Marzo | D13: =+'Producto 1 curvo 26'!AE8 -> 0 | F13: =+$E$11*D13 -> 0
B14: 2026 | C14: Abril | D14: =+'Producto 1 curvo 26'!AE9 -> 0 | F14: =+$E$11*D14 -> 0
B15: 2026 | C15: Mayo | D15: =+'Producto 1 curvo 26'!AE10 -> 0 | F15: =+$E$11*D15 -> 0
B16: 2026 | C16: Junio | D16: =+'Producto 1 curvo 26'!AE11 -> 0 | F16: =+$E$11*D16 -> 0
B17: 2026 | C17: Julio | D17: =+'Producto 1 curvo 26'!AE12 -> 3195152.6 | F17: =+$E$11*D17 -> 0
B18: 2026 | C18: Agosto | D18: =+'Producto 1 curvo 26'!AE13 -> 3152670.3 | F18: =+$E$11*D18 -> 0
B19: 2026 | C19: Septiembre | D19: =+'Producto 1 curvo 26'!AE14 -> 3863339 | F19: =+$E$11*D19 -> 0
B20: 2026 | C20: Octubre | D20: =+'Producto 1 curvo 26'!AE15 -> 4394273.8 | F20: =+$E$11*D20 -> 0
B21: 2026 | C21: Noviembre | D21: =+'Producto 1 curvo 26'!AE16 -> 3537054.9 | F21: =+$E$11*D21 -> 0
B22: 2026 | C22: Diciembre | D22: =+'Producto 1 curvo 26'!AE17 -> 4409114.7 | F22: =+$E$11*D22 -> 0 | H22: =SUM(D11:D22) -> 22551605 | I22: =+H22/1000 -> 22551.605
B23: Total Producto 1 | D23: =+SUM(D11:D22) -> 22551605 | I23: =+D23/1000 -> 22551.605
B25: E. Solicitada = Energía solicitada por RUITOQUE para el producto.
B26: % E. Ofertado = Porcentaje de energía ofertado por el agente respecto a la E. Solicitada.
B27: E. Ofertada = Energía ofertada por el agente, producto de la E. Solicitada y el % E. Ofertado.
B28: $/kWh = Tarifa de la oferta para todas las horas del mes.

Sheet Producto 2 Plano 26
B2: ANEXO 1 - CANTIDADES DE ENERGÍA SOLICITADA EN kWh
B3: PRODUCTO 2
B4: PERIODO 01 DE NOVIEMBRE DEL 2026 A DICIEMBRE 31 DE 2026
C5: DIA | D5: 1 | E5: 2 | F5: 3 | G5: 4 | H5: 5 | I5: 6 | J5: 7 | K5: 8 | L5: 9 | M5: 10 | N5: 11 | O5: 12 | P5: 13 | Q5: 14 | R5: 15 | S5: 16 | T5: 17 | U5: 18 | V5: 19 | W5: 20 | X5: 21 | Y5: 22 | Z5: 23 | AA5: 24 | AB5: Total | AC5: No. DÍAS | AD5: Total
B6: 46023 | C6: Hábil | AB6: =(SUM(D6:AA6)) -> 0 | AC6: 20 | AD6: =(AB6*AC6)+(AB7*AC7)+(AB8*AC8)+(AB9*AC9) -> 0 | AE6: =+AD6 -> 0
C7: Sábado | AB7: =(SUM(D7:AA7)) -> 0 | AC7: 5 | AE7: =+AD10 -> 0
C8: Domingo | AB8: =(SUM(D8:AA8)) -> 0 | AC8: 4 | AE8: =+AD14 -> 0
C9: Festivo | AB9: =(SUM(D9:AA9)) -> 0 | AC9: 2 | AE9: =+AD18 -> 0
B10: 46054 | C10: Hábil | AB10: =(SUM(D10:AA10)) -> 0 | AC10: 20 | AD10: =(AB10*AC10)+(AB11*AC11)+(AB12*AC12)+(AB13*AC13) -> 0 | AE10: =+AD22 -> 0
C11: Sábado | AB11: =(SUM(D11:AA11)) -> 0 | AC11: 4 | AE11: =+AD26 -> 0
C12: Domingo | AB12: =(SUM(D12:AA12)) -> 0 | AC12: 4 | AE12: =+AD30 -> 0
C13: Festivo | AB13: =(SUM(D13:AA13)) -> 0 | AC13: 0 | AE13: =+AD34 -> 0
B14: 46082 | C14: Hábil | AB14: =(SUM(D14:AA14)) -> 0 | AC14: 21 | AD14: =(AB14*AC14)+(AB15*AC15)+(AB16*AC16)+(AB17*AC17) -> 0 | AE14: =+AD38 -> 0
C15: Sábado | AB15: =(SUM(D15:AA15)) -> 0 | AC15: 4 | AE15: =+AD42 -> 0
C16: Domingo | AB16: =(SUM(D16:AA16)) -> 0 | AC16: 5 | AE16: =+AD46 -> 3500006.4
C17: Festivo | AB17: =(SUM(D17:AA17)) -> 0 | AC17: 1 | AE17: =+AD50 -> 7000005.8
B18: 46113 | C18: Hábil | AB18: =(SUM(D18:AA18)) -> 0 | AC18: 20 | AD18: =(AB18*AC18)+(AB19*AC19)+(AB20*AC20)+(AB21*AC21) -> 0 | AE18: =+#REF! -> #REF!
C19: Sábado | AB19: =(SUM(D19:AA19)) -> 0 | AC19: 4 | AE19: =+#REF! -> #REF!
C20: Domingo | AB20: =(SUM(D20:AA20)) -> 0 | AC20: 4 | AE20: =+#REF! -> #REF!
C21: Festivo | AB21: =(SUM(D21:AA21)) -> 0 | AC21: 2 | AE21: =+#REF! -> #REF!
B22: 46143 | C22: Hábil | AB22: =(SUM(D22:AA22)) -> 0 | AC22: 19 | AD22: =(AB22*AC22)+(AB23*AC23)+(AB24*AC24)+(AB25*AC25) -> 0 | AE22: =+#REF! -> #REF!
C23: Sábado | AB23: =(SUM(D23:AA23)) -> 0 | AC23: 5 | AE23: =+#REF! -> #REF!
C24: Domingo | AB24: =(SUM(D24:AA24)) -> 0 | AC24: 5 | AE24: =+#REF! -> #REF!
C25: Festivo | AB25: =(SUM(D25:AA25)) -> 0 | AC25: 2 | AE25: =+#REF! -> #REF!
B26: 46174 | C26: Hábil | AB26: =(SUM(D26:AA26)) -> 0 | AC26: 19 | AD26: =(AB26*AC26)+(AB27*AC27)+(AB28*AC28)+(AB29*AC29) -> 0 | AE26: =+#REF! -> #REF!
C27: Sábado | AB27: =(SUM(D27:AA27)) -> 0 | AC27: 4 | AE27: =+#REF! -> #REF!
C28: Domingo | AB28: =(SUM(D28:AA28)) -> 0 | AC28: 4 | AE28: =+#REF! -> #REF!
C29: Festivo | AB29: =(SUM(D29:AA29)) -> 0 | AC29: 3 | AE29: =+#REF! -> #REF!
B30: 46204 | C30: Hábil | AB30: =(SUM(D30:AA30)) -> 0 | AC30: 21 | AD30: =(AB30*AC30)+(AB31*AC31)+(AB32*AC32)+(AB33*AC33) -> 0 | AE30: =+#REF! -> #REF!
C31: Sábado | AB31: =(SUM(D31:AA31)) -> 0 | AC31: 4 | AE31: =+#REF! -> #REF!
C32: domingo | AB32: =(SUM(D32:AA32)) -> 0 | AC32: 4 | AE32: =+#REF! -> #REF!
C33: Festivo | AB33: =(SUM(D33:AA33)) -> 0 | AC33: 1 | AE33: =+#REF! -> #REF!
B34: 46235 | C34: Hábil | AB34: =(SUM(D34:AA34)) -> 0 | AC34: 19 | AD34: =(AB34*AC34)+(AB35*AC35)+(AB36*AC36)+(AB37*AC37) -> 0 | AE34: =+#REF! -> #REF!
C35: Sábado | AB35: =(SUM(D35:AA35)) -> 0 | AC35: 5 | AE35: =+#REF! -> #REF!
C36: Domingo | AB36: =(SUM(D36:AA36)) -> 0 | AC36: 5 | AE36: =+#REF! -> #REF!
C37: Festivo | AB37: =(SUM(D37:AA37)) -> 0 | AC37: 2 | AE37: =+#REF! -> #REF!
B38: 46266 | C38: Hábil | AB38: =(SUM(D38:AA38)) -> 0 | AC38: 22 | AD38: =(AB38*AC38)+(AB39*AC39)+(AB40*AC40)+(AB41*AC41) -> 0 | AE38: =+#REF! -> #REF!
C39: Sábado | AB39: =(SUM(D39:AA39)) -> 0 | AC39: 4 | AE39: =+#REF! -> #REF!
C40: Domingo | AB40: =(SUM(D40:AA40)) -> 0 | AC40: 4 | AE40: =+#REF! -> #REF!
C41: Festivo | AB41: =(SUM(D41:AA41)) -> 0 | AC41: 0 | AE41: =+#REF! -> #REF!
B42: 46296 | C42: Hábil | AB42: =(SUM(D42:AA42)) -> 0 | AC42: 21 | AD42: =(AB42*AC42)+(AB43*AC43)+(AB44*AC44)+(AB45*AC45) -> 0 | AE42: =+#REF! -> #REF!
C43: Sábado | AB43: =(SUM(D43:AA43)) -> 0 | AC43: 5 | AE43: =+#REF! -> #REF!
C44: Domingo | AB44: =(SUM(D44:AA44)) -> 0 | AC44: 4 | AE44: =+#REF! -> #REF!
C45: Festivo | AB45: =(SUM(D45:AA45)) -> 0 | AC45: 1 | AE45: =+#REF! -> #REF!
B46: 46327 | C46: Hábil | D46: 4861.12 | E46: =+$D$46 -> 4861.12 | F46: =+$D$46 -> 4861.12 | G46: =+$D$46 -> 4861.12 | H46: =+$D$46 -> 4861.12 | I46: =+$D$46 -> 4861.12 | J46: =+$D$46 -> 4861.12 | K46: =+$D$46 -> 4861.12 | L46: =+$D$46 -> 4861.12 | ... AA46: =+$D$46 -> 4861.12 | AB46: =(SUM(D46:AA46)) -> 116666.88 | AC46: 19 | AD46: =(AB46*AC46)+(AB47*AC47)+(AB48*AC48)+(AB49*AC49) -> 3500006.4 | AE46: =+#REF! -> #REF!
C47: Sábado | D47: =+$D$46 -> 4861.12 | E47: =+$D$46 -> 4861.12 | F47: =+$D$46 -> 4861.12 | G47: =+$D$46 -> 4861.12 | H47: =+$D$46 -> 4861.12 | I47: =+$D$46 -> 4861.12 | J47: =+$D$46 -> 4861.12 | K47: =+$D$46 -> 4861.12 | ... AA47: =+$D$46 -> 4861.12 | AB47: =(SUM(D47:AA47)) -> 116666.88 | AC47: 4 | AE47: =+#REF! -> #REF!
C48: Domingo | D48: =+$D$46 -> 4861.12 | E48: =+$D$46 -> 4861.12 | F48: =+$D$46 -> 4861.12 | G48: =+$D$46 -> 4861.12 | H48: =+$D$46 -> 4861.12 | I48: =+$D$46 -> 4861.12 | J48: =+$D$46 -> 4861.12 | K48: =+$D$46 -> 4861.12 | ... AA48: =+$D$46 -> 4861.12 | AB48: =(SUM(D48:AA48)) -> 116666.88 | AC48: 5 | AE48: =+#REF! -> #REF!
C49: Festivo | D49: =+$D$46 -> 4861.12 | E49: =+$D$46 -> 4861.12 | F49: =+$D$46 -> 4861.12 | G49: =+$D$46 -> 4861.12 | H49: =+$D$46 -> 4861.12 | I49: =+$D$46 -> 4861.12 | J49: =+$D$46 -> 4861.12 | K49: =+$D$46 -> 4861.12 | ... AA49: =+$D$46 -> 4861.12 | AB49: =(SUM(D49:AA49)) -> 116666.88 | AC49: 2 | AE49: =+#REF! -> #REF!
B50: 46357 | C50: Hábil | D50: 9408.61 | E50: =+$D$50 -> 9408.61 | F50: =+$D$50 -> 9408.61 | G50: =+$D$50 -> 9408.61 | H50: =+$D$50 -> 9408.61 | I50: =+$D$50 -> 9408.61 | J50: =+$D$50 -> 9408.61 | K50: =+$D$50 -> 9408.61 | L50: =+$D$50 -> 9408.61 | ... AA50: =+$D$50 -> 9408.61 | AB50: =(SUM(D50:AA50)) -> 225806.64 | AC50: 21 | AD50: =(AB50*AC50)+(AB51*AC51)+(AB52*AC52)+(AB53*AC53) -> 7000005.8 | AE50: =+#REF! -> #REF!
C51: Sábado | D51: =+$D$50 -> 9408.61 | E51: =+$D$50 -> 9408.61 | F51: =+$D$50 -> 9408.61 | G51: =+$D$50 -> 9408.61 | H51: =+$D$50 -> 9408.61 | I51: =+$D$50 -> 9408.61 | J51: =+$D$50 -> 9408.61 | K51: =+$D$50 -> 9408.61 | ... AA51: =+$D$50 -> 9408.61 | AB51: =(SUM(D51:AA51)) -> 225806.64 | AC51: 4 | AE51: =+#REF! -> #REF!
C52: Domingo | D52: =+$D$50 -> 9408.61 | E52: =+$D$50 -> 9408.61 | F52: =+$D$50 -> 9408.61 | G52: =+$D$50 -> 9408.61 | H52: =+$D$50 -> 9408.61 | I52: =+$D$50 -> 9408.61 | J52: =+$D$50 -> 9408.61 | K52: =+$D$50 -> 9408.61 | ... AA52: =+$D$50 -> 9408.61 | AB52: =(SUM(D52:AA52)) -> 225806.64 | AC52: 4 | AE52: =+#REF! -> #REF!
C53: Festivo | D53: =+$D$50 -> 9408.61 | E53: =+$D$50 -> 9408.61 | F53: =+$D$50 -> 9408.61 | G53: =+$D$50 -> 9408.61 | H53: =+$D$50 -> 9408.61 | I53: =+$D$50 -> 9408.61 | J53: =+$D$50 -> 9408.61 | K53: =+$D$50 -> 9408.61 | ... AA53: =+$D$50 -> 9408.61 | AB53: =(SUM(D53:AA53)) -> 225806.64 | AC53: 2 | AE53: =+#REF! -> #REF!
AD54: =SUM(AD6:AD53) -> 10500012

Sheet Anexo 2 Producto 2
B4: ANEXO 2 - OFERTA PRODUCTO 2
B5: NOMBRE DEL OFERENTE
B6: PRECIOS Y CANTIDADES DE ENERGIA OFERTADA
B7: EN PESOS DE MARZO 2026
B8: PRODUCTO 2
B9: AÑO | C9: MES | D9: PERIODO 2026
D10: E. Solicitada [kWh] | E10: % E. Ofertado | F10: E. Ofertada [kWh] | G10: $/kWh
B11: 2026 | C11: Enero | D11: =+'Producto 2 Plano 26'!AE6 -> 0 | F11: =+$E$11*D11 -> 0
B12: 2026 | C12: Febrero | D12: =+'Producto 2 Plano 26'!AE7 -> 0 | F12: =+$E$11*D12 -> 0
B13: 2026 | C13: Marzo | D13: =+'Producto 2 Plano 26'!AE8 -> 0 | F13: =+$E$11*D13 -> 0
B14: 2026 | C14: Abril | D14: =+'Producto 2 Plano 26'!AE9 -> 0 | F14: =+$E$11*D14 -> 0
B15: 2026 | C15: Mayo | D15: =+'Producto 2 Plano 26'!AE10 -> 0 | F15: =+$E$11*D15 -> 0
B16: 2026 | C16: Junio | D16: =+'Producto 2 Plano 26'!AE11 -> 0 | F16: =+$E$11*D16 -> 0
B17: 2026 | C17: Julio | D17: =+'Producto 2 Plano 26'!AE12 -> 0 | F17: =+$E$11*D17 -> 0
B18: 2026 | C18: Agosto | D18: =+'Producto 2 Plano 26'!AE13 -> 0 | F18: =+$E$11*D18 -> 0
B19: 2026 | C19: Septiembre | D19: =+'Producto 2 Plano 26'!AE14 -> 0 | F19: =+$E$11*D19 -> 0
B20: 2026 | C20: Octubre | D20: =+'Producto 2 Plano 26'!AE15 -> 0 | F20: =+$E$11*D20 -> 0
B21: 2026 | C21: Noviembre | D21: =+'Producto 2 Plano 26'!AE16 -> 3500006.4 | F21: =+$E$11*D21 -> 0
B22: 2026 | C22: Diciembre | D22: =+'Producto 2 Plano 26'!AE17 -> 7000005.8 | F22: =+$E$11*D22 -> 0 | H22: =SUM(D11:D22) -> 10500012 | I22: =+H22/1000 -> 10500.012
B23: Total Producto 2 | D23: =+SUM(D11:D22) -> 10500012 | I23: =+D23/1000 -> 10500.012
B25: E. Solicitada = Energía solicitada por RUITOQUE para el producto.
B26: % E. Ofertado = Porcentaje de energía ofertado por el agente respecto a la E. Solicitada.
B27: E. Ofertada = Energía ofertada por el agente, producto de la E. Solicitada y el % E. Ofertado.
B28: $/kWh = Tarifa de la oferta para todas las horas del mes.

Sheet Producto 3 Plano 29-36
B2: ANEXO 1 - CANTIDADES DE ENERGÍA SOLICITADA EN kWh
B3: PRODUCTO 3
B4: PERIODO 01 DE ENERO DEL 2029 A DICIEMBRE 31 DE 2036
C5: DIA | D5: 1 | E5: 2 | F5: 3 | G5: 4 | H5: 5 | I5: 6 | J5: 7 | K5: 8 | L5: 9 | M5: 10 | N5: 11 | O5: 12 | P5: 13 | Q5: 14 | R5: 15 | S5: 16 | T5: 17 | U5: 18 | V5: 19 | W5: 20 | X5: 21 | Y5: 22 | Z5: 23 | AA5: 24 | AB5: Total | AC5: No. DÍAS | AD5: Total
B6: 47119 | C6: Hábil | D6: 19551.6 | E6: =+$D$6 -> 19551.6 | F6: =+$D$6 -> 19551.6 | G6: =+$D$6 -> 19551.6 | H6: =+$D$6 -> 19551.6 | I6: =+$D$6 -> 19551.6 | J6: =+$D$6 -> 19551.6 | K6: =+$D$6 -> 19551.6 | L6: =+$D$6 -> 19551.6 | ... AA6: =+$D$6 -> 19551.6 | AB6: =(SUM(D6:AA6)) -> 469238.4 | AC6: 21 | AD6: =(AB6*AC6)+(AB7*AC7)+(AB8*AC8)+(AB9*AC9) -> 14546390 | AE6: =+AD6 -> 14546390
C7: Sábado | D7: =+$D$6 -> 19551.6 | E7: =+$D$6 -> 19551.6 | F7: =+$D$6 -> 19551.6 | G7: =+$D$6 -> 19551.6 | H7: =+$D$6 -> 19551.6 | I7: =+$D$6 -> 19551.6 | J7: =+$D$6 -> 19551.6 | K7: =+$D$6 -> 19551.6 | ... AA7: =+$D$6 -> 19551.6 | AB7: =(SUM(D7:AA7)) -> 469238.4 | AC7: 4 | AE7: =+AD10 -> 13138675
C8: Domingo | D8: =+$D$6 -> 19551.6 | E8: =+$D$6 -> 19551.6 | F8: =+$D$6 -> 19551.6 | G8: =+$D$6 -> 19551.6 | H8: =+$D$6 -> 19551.6 | I8: =+$D$6 -> 19551.6 | J8: =+$D$6 -> 19551.6 | K8: =+$D$6 -> 19551.6 | ... AA8: =+$D$6 -> 19551.6 | AB8: =(SUM(D8:AA8)) -> 469238.4 | AC8: 4 | AE8: =+AD14 -> 14546390
C9: Festivo | D9: =+$D$6 -> 19551.6 | E9: =+$D$6 -> 19551.6 | F9: =+$D$6 -> 19551.6 | G9: =+$D$6 -> 19551.6 | H9: =+$D$6 -> 19551.6 | I9: =+$D$6 -> 19551.6 | J9: =+$D$6 -> 19551.6 | K9: =+$D$6 -> 19551.6 | ... AA9: =+$D$6 -> 19551.6 | AB9: =(SUM(D9:AA9)) -> 469238.4 | AC9: 2 | AE9: =+AD18 -> 14077152
B10: 47150 | C10: Hábil | D10: =+$D$6 -> 19551.6 | E10: =+$D$6 -> 19551.6 | F10: =+$D$6 -> 19551.6 | G10: =+$D$6 -> 19551.6 | H10: =+$D$6 -> 19551.6 | I10: =+$D$6 -> 19551.6 | J10: =+$D$6 -> 19551.6 | K10: =+$D$6 -> 19551.6 | ... AA10: =+$D$6 -> 19551.6 | AB10: =(SUM(D10:AA10)) -> 469238.4 | AC10: 20 | AD10: =(AB10*AC10)+(AB11*AC11)+(AB12*AC12)+(AB13*AC13) -> 13138675 | AE10: =+AD22 -> 14546390
C11: Sábado | D11: =+$D$6 -> 19551.6 | E11: =+$D$6 -> 19551.6 | F11: =+$D$6 -> 19551.6 | G11: =+$D$6 -> 19551.6 | H11: =+$D$6 -> 19551.6 | I11: =+$D$6 -> 19551.6 | J11: =+$D$6 -> 19551.6 | K11: =+$D$6 -> 19551.6 | ... AA11: =+$D$6 -> 19551.6 | AB11: =(SUM(D11:AA11)) -> 469238.4 | AC11: 4 | AE11: =+AD26 -> 14077152
C12: Domingo | D12: =+$D$6 -> 19551.6 | E12: =+$D$6 -> 19551.6 | F12: =+$D$6 -> 19551.6 | G12: =+$D$6 -> 19551.6 | H12: =+$D$6 -> 19551.6 | I12: =+$D$6 -> 19551.6 | J12: =+$D$6 -> 19551.6 | K12: =+$D$6 -> 19551.6 | ... AA12: =+$D$6 -> 19551.6 | AB12: =(SUM(D12:AA12)) -> 469238.4 | AC12: 4 | AE12: =+AD30 -> 14546390
C13: Festivo | D13: =+$D$6 -> 19551.6 | E13: =+$D$6 -> 19551.6 | F13: =+$D$6 -> 19551.6 | G13: =+$D$6 -> 19551.6 | H13: =+$D$6 -> 19551.6 | I13: =+$D$6 -> 19551.6 | J13: =+$D$6 -> 19551.6 | K13: =+$D$6 -> 19551.6 | ... AA13: =+$D$6 -> 19551.6 | AB13: =(SUM(D13:AA13)) -> 469238.4 | AC13: 0 | AE13: =+AD34 -> 14546390
B14: 47178 | C14: Hábil | D14: =+$D$6 -> 19551.6 | E14: =+$D$6 -> 19551.6 | F14: =+$D$6 -> 19551.6 | G14: =+$D$6 -> 19551.6 | H14: =+$D$6 -> 19551.6 | I14: =+$D$6 -> 19551.6 | J14: =+$D$6 -> 19551.6 | K14: =+$D$6 -> 19551.6 | ... AA14: =+$D$6 -> 19551.6 | AB14: =(SUM(D14:AA14)) -> 469238.4 | AC14: 19 | AD14: =(AB14*AC14)+(AB15*AC15)+(AB16*AC16)+(AB17*AC17) -> 14546390 | AE14: =+AD38 -> 14077152
C15: Sábado | D15: =+$D$6 -> 19551.6 | E15: =+$D$6 -> 19551.6 | F15: =+$D$6 -> 19551.6 | G15: =+$D$6 -> 19551.6 | H15: =+$D$6 -> 19551.6 | I15: =+$D$6 -> 19551.6 | J15: =+$D$6 -> 19551.6 | K15: =+$D$6 -> 19551.6 | ... AA15: =+$D$6 -> 19551.6 | AB15: =(SUM(D15:AA15)) -> 469238.4 | AC15: 5 | AE15: =+AD42 -> 14546390
C16: Domingo | D16: =+$D$6 -> 19551.6 | E16: =+$D$6 -> 19551.6 | F16: =+$D$6 -> 19551.6 | G16: =+$D$6 -> 19551.6 | H16: =+$D$6 -> 19551.6 | I16: =+$D$6 -> 19551.6 | J16: =+$D$6 -> 19551.6 | K16: =+$D$6 -> 19551.6 | ... AA16: =+$D$6 -> 19551.6 | AB16: =(SUM(D16:AA16)) -> 469238.4 | AC16: 4 | AE16: =+AD46 -> 14077152
C17: Festivo | D17: =+$D$6 -> 19551.6 | E17: =+$D$6 -> 19551.6 | F17: =+$D$6 -> 19551.6 | G17: =+$D$6 -> 19551.6 | H17: =+$D$6 -> 19551.6 | I17: =+$D$6 -> 19551.6 | J17: =+$D$6 -> 19551.6 | K17: =+$D$6 -> 19551.6 | ... AA17: =+$D$6 -> 19551.6 | AB17: =(SUM(D17:AA17)) -> 469238.4 | AC17: 3 | AE17: =+AD50 -> 14546390
B18: 47209 | C18: Hábil | D18: =+$D$6 -> 19551.6 | E18: =+$D$6 -> 19551.6 | F18: =+$D$6 -> 19551.6 | G18: =+$D$6 -> 19551.6 | H18: =+$D$6 -> 19551.6 | I18: =+$D$6 -> 19551.6 | J18: =+$D$6 -> 19551.6 | K18: =+$D$6 -> 19551.6 | ... AA18: =+$D$6 -> 19551.6 | AB18: =(SUM(D18:AA18)) -> 469238.4 | AC18: 21 | AD18: =(AB18*AC18)+(AB19*AC19)+(AB20*AC20)+(AB21*AC21) -> 14077152 | AE18: 11534887
C19: Sábado | D19: =+$D$6 -> 19551.6 | E19: =+$D$6 -> 19551.6 | F19: =+$D$6 -> 19551.6 | G19: =+$D$6 -> 19551.6 | H19: =+$D$6 -> 19551.6 | I19: =+$D$6 -> 19551.6 | J19: =+$D$6 -> 19551.6 | K19: =+$D$6 -> 19551.6 | ... AA19: =+$D$6 -> 19551.6 | AB19: =(SUM(D19:AA19)) -> 469238.4 | AC19: 4 | AE19: 10418607
C20: Domingo | D20: =+$D$6 -> 19551.6 | E20: =+$D$6 -> 19551.6 | F20: =+$D$6 -> 19551.6 | G20: =+$D$6 -> 19551.6 | H20: =+$D$6 -> 19551.6 | I20: =+$D$6 -> 19551.6 | J20: =+$D$6 -> 19551.6 | K20: =+$D$6 -> 19551.6 | ... AA20: =+$D$6 -> 19551.6 | AB20: =(SUM(D20:AA20)) -> 469238.4 | AC20: 5 | AE20: 11534887
C21: Festivo | D21: =+$D$6 -> 19551.6 | E21: =+$D$6 -> 19551.6 | F21: =+$D$6 -> 19551.6 | G21: =+$D$6 -> 19551.6 | H21: =+$D$6 -> 19551.6 | I21: =+$D$6 -> 19551.6 | J21: =+$D$6 -> 19551.6 | K21: =+$D$6 -> 19551.6 | ... AA21: =+$D$6 -> 19551.6 | AB21: =(SUM(D21:AA21)) -> 469238.4 | AC21: 0 | AE21: 11162794
B22: 47239 | C22: Hábil | D22: =+$D$6 -> 19551.6 | E22: =+$D$6 -> 19551.6 | F22: =+$D$6 -> 19551.6 | G22: =+$D$6 -> 19551.6 | H22: =+$D$6 -> 19551.6 | I22: =+$D$6 -> 19551.6 | J22: =+$D$6 -> 19551.6 | K22: =+$D$6 -> 19551.6 | ... AA22: =+$D$6 -> 19551.6 | AB22: =(SUM(D22:AA22)) -> 469238.4 | AC22: 21 | AD22: =(AB22*AC22)+(AB23*AC23)+(AB24*AC24)+(AB25*AC25) -> 14546390 | AE22: 11534887
C23: Sábado | D23: =+$D$6 -> 19551.6 | E23: =+$D$6 -> 19551.6 | F23: =+$D$6 -> 19551.6 | G23: =+$D$6 -> 19551.6 | H23: =+$D$6 -> 19551.6 | I23: =+$D$6 -> 19551.6 | J23: =+$D$6 -> 19551.6 | K23: =+$D$6 -> 19551.6 | ... AA23: =+$D$6 -> 19551.6 | AB23: =(SUM(D23:AA23)) -> 469238.4 | AC23: 4 | AE23: 11162794
C24: Domingo | D24: =+$D$6 -> 19551.6 | E24: =+$D$6 -> 19551.6 | F24: =+$D$6 -> 19551.6 | G24: =+$D$6 -> 19551.6 | H24: =+$D$6 -> 19551.6 | I24: =+$D$6 -> 19551.6 | J24: =+$D$6 -> 19551.6 | K24: =+$D$6 -> 19551.6 | ... AA24: =+$D$6 -> 19551.6 | AB24: =(SUM(D24:AA24)) -> 469238.4 | AC24: 4 | AE24: 11534887
C25: Festivo | D25: =+$D$6 -> 19551.6 | E25: =+$D$6 -> 19551.6 | F25: =+$D$6 -> 19551.6 | G25: =+$D$6 -> 19551.6 | H25: =+$D$6 -> 19551.6 | I25: =+$D$6 -> 19551.6 | J25: =+$D$6 -> 19551.6 | K25: =+$D$6 -> 19551.6 | ... AA25: =+$D$6 -> 19551.6 | AB25: =(SUM(D25:AA25)) -> 469238.4 | AC25: 2 | AE25: 11534887
B26: 47270 | C26: Hábil | D26: =+$D$6 -> 19551.6 | E26: =+$D$6 -> 19551.6 | F26: =+$D$6 -> 19551.6 | G26: =+$D$6 -> 19551.6 | H26: =+$D$6 -> 19551.6 | I26: =+$D$6 -> 19551.6 | J26: =+$D$6 -> 19551.6 | K26: =+$D$6 -> 19551.6 | ... AA26: =+$D$6 -> 19551.6 | AB26: =(SUM(D26:AA26)) -> 469238.4 | AC26: 19 | AD26: =(AB26*AC26)+(AB27*AC27)+(AB28*AC28)+(AB29*AC29) -> 14077152 | AE26: 11162794
C27: Sábado | D27: =+$D$6 -> 19551.6 | E27: =+$D$6 -> 19551.6 | F27: =+$D$6 -> 19551.6 | G27: =+$D$6 -> 19551.6 | H27: =+$D$6 -> 19551.6 | I27: =+$D$6 -> 19551.6 | J27: =+$D$6 -> 19551.6 | K27: =+$D$6 -> 19551.6 | ... AA27: =+$D$6 -> 19551.6 | AB27: =(SUM(D27:AA27)) -> 469238.4 | AC27: 5 | AE27: 11534887
C28: Domingo | D28: =+$D$6 -> 19551.6 | E28: =+$D$6 -> 19551.6 | F28: =+$D$6 -> 19551.6 | G28: =+$D$6 -> 19551.6 | H28: =+$D$6 -> 19551.6 | I28: =+$D$6 -> 19551.6 | J28: =+$D$6 -> 19551.6 | K28: =+$D$6 -> 19551.6 | ... AA28: =+$D$6 -> 19551.6 | AB28: =(SUM(D28:AA28)) -> 469238.4 | AC28: 4 | AE28: 11162794
C29: Festivo | D29: =+$D$6 -> 19551.6 | E29: =+$D$6 -> 19551.6 | F29: =+$D$6 -> 19551.6 | G29: =+$D$6 -> 19551.6 | H29: =+$D$6 -> 19551.6 | I29: =+$D$6 -> 19551.6 | J29: =+$D$6 -> 19551.6 | K29: =+$D$6 -> 19551.6 | ... AA29: =+$D$6 -> 19551.6 | AB29: =(SUM(D29:AA29)) -> 469238.4 | AC29: 2 | AE29: 11534887
B30: 47300 | C30: Hábil | D30: =+$D$6 -> 19551.6 | E30: =+$D$6 -> 19551.6 | F30: =+$D$6 -> 19551.6 | G30: =+$D$6 -> 19551.6 | H30: =+$D$6 -> 19551.6 | I30: =+$D$6 -> 19551.6 | J30: =+$D$6 -> 19551.6 | K30: =+$D$6 -> 19551.6 | ... AA30: =+$D$6 -> 19551.6 | AB30: =(SUM(D30:AA30)) -> 469238.4 | AC30: 20 | AD30: =(AB30*AC30)+(AB31*AC31)+(AB32*AC32)+(AB33*AC33) -> 14546390 | AE30: 13229220
C31: Sábado | D31: =+$D$6 -> 19551.6 | E31: =+$D$6 -> 19551.6 | F31: =+$D$6 -> 19551.6 | G31: =+$D$6 -> 19551.6 | H31: =+$D$6 -> 19551.6 | I31: =+$D$6 -> 19551.6 | J31: =+$D$6 -> 19551.6 | K31: =+$D$6 -> 19551.6 | ... AA31: =+$D$6 -> 19551.6 | AB31: =(SUM(D31:AA31)) -> 469238.4 | AC31: 4 | AE31: 11948973
C32: domingo | D32: =+$D$6 -> 19551.6 | E32: =+$D$6 -> 19551.6 | F32: =+$D$6 -> 19551.6 | G32: =+$D$6 -> 19551.6 | H32: =+$D$6 -> 19551.6 | I32: =+$D$6 -> 19551.6 | J32: =+$D$6 -> 19551.6 | K32: =+$D$6 -> 19551.6 | ... AA32: =+$D$6 -> 19551.6 | AB32: =(SUM(D32:AA32)) -> 469238.4 | AC32: 5 | AE32: 13229220
C33: Festivo | D33: =+$D$6 -> 19551.6 | E33: =+$D$6 -> 19551.6 | F33: =+$D$6 -> 19551.6 | G33: =+$D$6 -> 19551.6 | H33: =+$D$6 -> 19551.6 | I33: =+$D$6 -> 19551.6 | J33: =+$D$6 -> 19551.6 | K33: =+$D$6 -> 19551.6 | ... AA33: =+$D$6 -> 19551.6 | AB33: =(SUM(D33:AA33)) -> 469238.4 | AC33: 2 | AE33: 12802471
B34: 47331 | C34: Hábil | D34: =+$D$6 -> 19551.6 | E34: =+$D$6 -> 19551.6 | F34: =+$D$6 -> 19551.6 | G34: =+$D$6 -> 19551.6 | H34: =+$D$6 -> 19551.6 | I34: =+$D$6 -> 19551.6 | J34: =+$D$6 -> 19551.6 | K34: =+$D$6 -> 19551.6 | ... AA34: =+$D$6 -> 19551.6 | AB34: =(SUM(D34:AA34)) -> 469238.4 | AC34: 21 | AD34: =(AB34*AC34)+(AB35*AC35)+(AB36*AC36)+(AB37*AC37) -> 14546390 | AE34: 13229220
C35: Sábado | D35: =+$D$6 -> 19551.6 | E35: =+$D$6 -> 19551.6 | F35: =+$D$6 -> 19551.6 | G35: =+$D$6 -> 19551.6 | H35: =+$D$6 -> 19551.6 | I35: =+$D$6 -> 19551.6 | J35: =+$D$6 -> 19551.6 | K35: =+$D$6 -> 19551.6 | ... AA35: =+$D$6 -> 19551.6 | AB35: =(SUM(D35:AA35)) -> 469238.4 | AC35: 4 | AE35: 12802471
C36: Domingo | D36: =+$D$6 -> 19551.6 | E36: =+$D$6 -> 19551.6 | F36: =+$D$6 -> 19551.6 | G36: =+$D$6 -> 19551.6 | H36: =+$D$6 -> 19551.6 | I36: =+$D$6 -> 19551.6 | J36: =+$D$6 -> 19551.6 | K36: =+$D$6 -> 19551.6 | ... AA36: =+$D$6 -> 19551.6 | AB36: =(SUM(D36:AA36)) -> 469238.4 | AC36: 4 | AE36: 13229220
C37: Festivo | D37: =+$D$6 -> 19551.6 | E37: =+$D$6 -> 19551.6 | F37: =+$D$6 -> 19551.6 | G37: =+$D$6 -> 19551.6 | H37: =+$D$6 -> 19551.6 | I37: =+$D$6 -> 19551.6 | J37: =+$D$6 -> 19551.6 | K37: =+$D$6 -> 19551.6 | ... AA37: =+$D$6 -> 19551.6 | AB37: =(SUM(D37:AA37)) -> 469238.4 | AC37: 2 | AE37: 13229220
B38: 47362 | C38: Hábil | D38: =+$D$6 -> 19551.6 | E38: =+$D$6 -> 19551.6 | F38: =+$D$6 -> 19551.6 | G38: =+$D$6 -> 19551.6 | H38: =+$D$6 -> 19551.6 | I38: =+$D$6 -> 19551.6 | J38: =+$D$6 -> 19551.6 | K38: =+$D$6 -> 19551.6 | ... AA38: =+$D$6 -> 19551.6 | AB38: =(SUM(D38:AA38)) -> 469238.4 | AC38: 20 | AD38: =(AB38*AC38)+(AB39*AC39)+(AB40*AC40)+(AB41*AC41) -> 14077152 | AE38: 12802471
C39: Sábado | D39: =+$D$6 -> 19551.6 | E39: =+$D$6 -> 19551.6 | F39: =+$D$6 -> 19551.6 | G39: =+$D$6 -> 19551.6 | H39: =+$D$6 -> 19551.6 | I39: =+$D$6 -> 19551.6 | J39: =+$D$6 -> 19551.6 | K39: =+$D$6 -> 19551.6 | ... AA39: =+$D$6 -> 19551.6 | AB39: =(SUM(D39:AA39)) -> 469238.4 | AC39: 5 | AE39: 13229220
C40: Domingo | D40: =+$D$6 -> 19551.6 | E40: =+$D$6 -> 19551.6 | F40: =+$D$6 -> 19551.6 | G40: =+$D$6 -> 19551.6 | H40: =+$D$6 -> 19551.6 | I40: =+$D$6 -> 19551.6 | J40: =+$D$6 -> 19551.6 | K40: =+$D$6 -> 19551.6 | ... AA40: =+$D$6 -> 19551.6 | AB40: =(SUM(D40:AA40)) -> 469238.4 | AC40: 5 | AE40: 12802471
C41: Festivo | D41: =+$D$6 -> 19551.6 | E41: =+$D$6 -> 19551.6 | F41: =+$D$6 -> 19551.6 | G41: =+$D$6 -> 19551.6 | H41: =+$D$6 -> 19551.6 | I41: =+$D$6 -> 19551.6 | J41: =+$D$6 -> 19551.6 | K41: =+$D$6 -> 19551.6 | ... AA41: =+$D$6 -> 19551.6 | AB41: =(SUM(D41:AA41)) -> 469238.4 | AC41: 0 | AE41: 13229220
B42: 47392 | C42: Hábil | D42: =+$D$6 -> 19551.6 | E42: =+$D$6 -> 19551.6 | F42: =+$D$6 -> 19551.6 | G42: =+$D$6 -> 19551.6 | H42: =+$D$6 -> 19551.6 | I42: =+$D$6 -> 19551.6 | J42: =+$D$6 -> 19551.6 | K42: =+$D$6 -> 19551.6 | ... AA42: =+$D$6 -> 19551.6 | AB42: =(SUM(D42:AA42)) -> 469238.4 | AC42: 22 | AD42: =(AB42*AC42)+(AB43*AC43)+(AB44*AC44)+(AB45*AC45) -> 14546390 | AE42: 13457115
C43: Sábado | D43: =+$D$6 -> 19551.6 | E43: =+$D$6 -> 19551.6 | F43: =+$D$6 -> 19551.6 | G43: =+$D$6 -> 19551.6 | H43: =+$D$6 -> 19551.6 | I43: =+$D$6 -> 19551.6 | J43: =+$D$6 -> 19551.6 | K43: =+$D$6 -> 19551.6 | ... AA43: =+$D$6 -> 19551.6 | AB43: =(SUM(D43:AA43)) -> 469238.4 | AC43: 4 | AE43: 12588914
C44: Domingo | D44: =+$D$6 -> 19551.6 | E44: =+$D$6 -> 19551.6 | F44: =+$D$6 -> 19551.6 | G44: =+$D$6 -> 19551.6 | H44: =+$D$6 -> 19551.6 | I44: =+$D$6 -> 19551.6 | J44: =+$D$6 -> 19551.6 | K44: =+$D$6 -> 19551.6 | ... AA44: =+$D$6 -> 19551.6 | AB44: =(SUM(D44:AA44)) -> 469238.4 | AC44: 4 | AE44: 13457115
C45: Festivo | D45: =+$D$6 -> 19551.6 | E45: =+$D$6 -> 19551.6 | F45: =+$D$6 -> 19551.6 | G45: =+$D$6 -> 19551.6 | H45: =+$D$6 -> 19551.6 | I45: =+$D$6 -> 19551.6 | J45: =+$D$6 -> 19551.6 | K45: =+$D$6 -> 19551.6 | ... AA45: =+$D$6 -> 19551.6 | AB45: =(SUM(D45:AA45)) -> 469238.4 | AC45: 1 | AE45: 13023014
B46: 47423 | C46: Hábil | D46: =+$D$6 -> 19551.6 | E46: =+$D$6 -> 19551.6 | F46: =+$D$6 -> 19551.6 | G46: =+$D$6 -> 19551.6 | H46: =+$D$6 -> 19551.6 | I46: =+$D$6 -> 19551.6 | J46: =+$D$6 -> 19551.6 | K46: =+$D$6 -> 19551.6 | ... AA46: =+$D$6 -> 19551.6 | AB46: =(SUM(D46:AA46)) -> 469238.4 | AC46: 20 | AD46: =(AB46*AC46)+(AB47*AC47)+(AB48*AC48)+(AB49*AC49) -> 14077152 | AE46: 13457115
C47: Sábado | D47: =+$D$6 -> 19551.6 | E47: =+$D$6 -> 19551.6 | F47: =+$D$6 -> 19551.6 | G47: =+$D$6 -> 19551.6 | H47: =+$D$6 -> 19551.6 | I47: =+$D$6 -> 19551.6 | J47: =+$D$6 -> 19551.6 | K47: =+$D$6 -> 19551.6 | ... AA47: =+$D$6 -> 19551.6 | AB47: =(SUM(D47:AA47)) -> 469238.4 | AC47: 4 | AE47: 13023014
C48: Domingo | D48: =+$D$6 -> 19551.6 | E48: =+$D$6 -> 19551.6 | F48: =+$D$6 -> 19551.6 | G48: =+$D$6 -> 19551.6 | H48: =+$D$6 -> 19551.6 | I48: =+$D$6 -> 19551.6 | J48: =+$D$6 -> 19551.6 | K48: =+$D$6 -> 19551.6 | ... AA48: =+$D$6 -> 19551.6 | AB48: =(SUM(D48:AA48)) -> 469238.4 | AC48: 4 | AE48: 13457115
C49: Festivo | D49: =+$D$6 -> 19551.6 | E49: =+$D$6 -> 19551.6 | F49: =+$D$6 -> 19551.6 | G49: =+$D$6 -> 19551.6 | H49: =+$D$6 -> 19551.6 | I49: =+$D$6 -> 19551.6 | J49: =+$D$6 -> 19551.6 | K49: =+$D$6 -> 19551.6 | ... AA49: =+$D$6 -> 19551.6 | AB49: =(SUM(D49:AA49)) -> 469238.4 | AC49: 2 | AE49: 13457115
B50: 47453 | C50: Hábil | D50: =+$D$6 -> 19551.6 | E50: =+$D$6 -> 19551.6 | F50: =+$D$6 -> 19551.6 | G50: =+$D$6 -> 19551.6 | H50: =+$D$6 -> 19551.6 | I50: =+$D$6 -> 19551.6 | J50: =+$D$6 -> 19551.6 | K50: =+$D$6 -> 19551.6 | ... AA50: =+$D$6 -> 19551.6 | AB50: =(SUM(D50:AA50)) -> 469238.4 | AC50: 20 | AD50: =(AB50*AC50)+(AB51*AC51)+(AB52*AC52)+(AB53*AC53) -> 14546390 | AE50: 13023014
C51: Sábado | D51: =+$D$6 -> 19551.6 | E51: =+$D$6 -> 19551.6 | F51: =+$D$6 -> 19551.6 | G51: =+$D$6 -> 19551.6 | H51: =+$D$6 -> 19551.6 | I51: =+$D$6 -> 19551.6 | J51: =+$D$6 -> 19551.6 | K51: =+$D$6 -> 19551.6 | ... AA51: =+$D$6 -> 19551.6 | AB51: =(SUM(D51:AA51)) -> 469238.4 | AC51: 4 | AE51: 13457115
C52: Domingo | D52: =+$D$6 -> 19551.6 | E52: =+$D$6 -> 19551.6 | F52: =+$D$6 -> 19551.6 | G52: =+$D$6 -> 19551.6 | H52: =+$D$6 -> 19551.6 | I52: =+$D$6 -> 19551.6 | J52: =+$D$6 -> 19551.6 | K52: =+$D$6 -> 19551.6 | ... AA52: =+$D$6 -> 19551.6 | AB52: =(SUM(D52:AA52)) -> 469238.4 | AC52: 5 | AE52: 13023014
C53: Festivo | D53: =+$D$6 -> 19551.6 | E53: =+$D$6 -> 19551.6 | F53: =+$D$6 -> 19551.6 | G53: =+$D$6 -> 19551.6 | H53: =+$D$6 -> 19551.6 | I53: =+$D$6 -> 19551.6 | J53: =+$D$6 -> 19551.6 | K53: =+$D$6 -> 19551.6 | ... AA53: =+$D$6 -> 19551.6 | AB53: =(SUM(D53:AA53)) -> 469238.4 | AC53: 2 | AE53: 13457115
B54: 47484 | C54: Hábil | D54: 15503.88 | E54: 15503.88 | F54: 15503.88 | G54: 15503.88 | H54: 15503.88 | I54: 15503.88 | J54: 15503.88 | K54: 15503.88 | L54: 15503.88 | M54: 15503.88 | N54: 15503.88 | O54: 15503.88 | P54: 15503.88 | Q54: 15503.88 | R54: 15503.88 | S54: 15503.88 | T54: 15503.88 | U54: 15503.88 | V54: 15503.88 | W54: 15503.88 | X54: 15503.88 | Y54: 15503.88 | Z54: 15503.88 | AA54: 15503.88 | AB54: =(SUM(D54:AA54)) -> 372093.12 | AC54: 21 | AD54: =(AB54*AC54)+(AB55*AC55)+(AB56*AC56)+(AB57*AC57) -> 11534887 | AE54: 13764045
C55: Sábado | D55: 15503.88 | E55: 15503.88 | F55: 15503.88 | G55: 15503.88 | H55: 15503.88 | I55: 15503.88 | J55: 15503.88 | K55: 15503.88 | L55: 15503.88 | M55: 15503.88 | N55: 15503.88 | O55: 15503.88 | P55: 15503.88 | Q55: 15503.88 | R55: 15503.88 | S55: 15503.88 | T55: 15503.88 | U55: 15503.88 | V55: 15503.88 | W55: 15503.88 | X55: 15503.88 | Y55: 15503.88 | Z55: 15503.88 | AA55: 15503.88 | AB55: =(SUM(D55:AA55)) -> 372093.12 | AC55: 4 | AE55: 12432040
C56: Domingo | D56: 15503.88 | E56: 15503.88 | F56: 15503.88 | G56: 15503.88 | H56: 15503.88 | I56: 15503.88 | J56: 15503.88 | K56: 15503.88 | L56: 15503.88 | M56: 15503.88 | N56: 15503.88 | O56: 15503.88 | P56: 15503.88 | Q56: 15503.88 | R56: 15503.88 | S56: 15503.88 | T56: 15503.88 | U56: 15503.88 | V56: 15503.88 | W56: 15503.88 | X56: 15503.88 | Y56: 15503.88 | Z56: 15503.88 | AA56: 15503.88 | AB56: =(SUM(D56:AA56)) -> 372093.12 | AC56: 4 | AE56: 13764045
C57: Festivo | D57: 15503.88 | E57: 15503.88 | F57: 15503.88 | G57: 15503.88 | H57: 15503.88 | I57: 15503.88 | J57: 15503.88 | K57: 15503.88 | L57: 15503.88 | M57: 15503.88 | N57: 15503.88 | O57: 15503.88 | P57: 15503.88 | Q57: 15503.88 | R57: 15503.88 | S57: 15503.88 | T57: 15503.88 | U57: 15503.88 | V57: 15503.88 | W57: 15503.88 | X57: 15503.88 | Y57: 15503.88 | Z57: 15503.88 | AA57: 15503.88 | AB57: =(SUM(D57:AA57)) -> 372093.12 | AC57: 2 | AE57: 13320043
B58: 47515 | C58: Hábil | D58: 15503.88 | E58: 15503.88 | F58: 15503.88 | G58: 15503.88 | H58: 15503.88 | I58: 15503.88 | J58: 15503.88 | K58: 15503.88 | L58: 15503.88 | M58: 15503.88 | N58: 15503.88 | O58: 15503.88 | P58: 15503.88 | Q58: 15503.88 | R58: 15503.88 | S58: 15503.88 | T58: 15503.88 | U58: 15503.88 | V58: 15503.88 | W58: 15503.88 | X58: 15503.88 | Y58: 15503.88 | Z58: 15503.88 | AA58: 15503.88 | AB58: =(SUM(D58:AA58)) -> 372093.12 | AC58: 20 | AD58: =(AB58*AC58)+(AB59*AC59)+(AB60*AC60)+(AB61*AC61) -> 10418607 | AE58: 13764045
C59: Sábado | D59: 15503.88 | E59: 15503.88 | F59: 15503.88 | G59: 15503.88 | H59: 15503.88 | I59: 15503.88 | J59: 15503.88 | K59: 15503.88 | L59: 15503.88 | M59: 15503.88 | N59: 15503.88 | O59: 15503.88 | P59: 15503.88 | Q59: 15503.88 | R59: 15503.88 | S59: 15503.88 | T59: 15503.88 | U59: 15503.88 | V59: 15503.88 | W59: 15503.88 | X59: 15503.88 | Y59: 15503.88 | Z59: 15503.88 | AA59: 15503.88 | AB59: =(SUM(D59:AA59)) -> 372093.12 | AC59: 4 | AE59: 13320043
C60: Domingo | D60: 15503.88 | E60: 15503.88 | F60: 15503.88 | G60: 15503.88 | H60: 15503.88 | I60: 15503.88 | J60: 15503.88 | K60: 15503.88 | L60: 15503.88 | M60: 15503.88 | N60: 15503.88 | O60: 15503.88 | P60: 15503.88 | Q60: 15503.88 | R60: 15503.88 | S60: 15503.88 | T60: 15503.88 | U60: 15503.88 | V60: 15503.88 | W60: 15503.88 | X60: 15503.88 | Y60: 15503.88 | Z60: 15503.88 | AA60: 15503.88 | AB60: =(SUM(D60:AA60)) -> 372093.12 | AC60: 4 | AE60: 13764045
C61: Festivo | D61: 15503.88 | E61: 15503.88 | F61: 15503.88 | G61: 15503.88 | H61: 15503.88 | I61: 15503.88 | J61: 15503.88 | K61: 15503.88 | L61: 15503.88 | M61: 15503.88 | N61: 15503.88 | O61: 15503.88 | P61: 15503.88 | Q61: 15503.88 | R61: 15503.88 | S61: 15503.88 | T61: 15503.88 | U61: 15503.88 | V61: 15503.88 | W61: 15503.88 | X61: 15503.88 | Y61: 15503.88 | Z61: 15503.88 | AA61: 15503.88 | AB61: =(SUM(D61:AA61)) -> 372093.12 | AC61: 0 | AE61: 13764045
B62: 47543 | C62: Hábil | D62: 15503.88 | E62: 15503.88 | F62: 15503.88 | G62: 15503.88 | H62: 15503.88 | I62: 15503.88 | J62: 15503.88 | K62: 15503.88 | L62: 15503.88 | M62: 15503.88 | N62: 15503.88 | O62: 15503.88 | P62: 15503.88 | Q62: 15503.88 | R62: 15503.88 | S62: 15503.88 | T62: 15503.88 | U62: 15503.88 | V62: 15503.88 | W62: 15503.88 | X62: 15503.88 | Y62: 15503.88 | Z62: 15503.88 | AA62: 15503.88 | AB62: =(SUM(D62:AA62)) -> 372093.12 | AC62: 20 | AD62: =(AB62*AC62)+(AB63*AC63)+(AB64*AC64)+(AB65*AC65) -> 11534887 | AE62: 13320043
C63: Sábado | D63: 15503.88 | E63: 15503.88 | F63: 15503.88 | G63: 15503.88 | H63: 15503.88 | I63: 15503.88 | J63: 15503.88 | K63: 15503.88 | L63: 15503.88 | M63: 15503.88 | N63: 15503.88 | O63: 15503.88 | P63: 15503.88 | Q63: 15503.88 | R63: 15503.88 | S63: 15503.88 | T63: 15503.88 | U63: 15503.88 | V63: 15503.88 | W63: 15503.88 | X63: 15503.88 | Y63: 15503.88 | Z63: 15503.88 | AA63: 15503.88 | AB63: =(SUM(D63:AA63)) -> 372093.12 | AC63: 5 | AE63: 13764045
C64: Domingo | D64: 15503.88 | E64: 15503.88 | F64: 15503.88 | G64: 15503.88 | H64: 15503.88 | I64: 15503.88 | J64: 15503.88 | K64: 15503.88 | L64: 15503.88 | M64: 15503.88 | N64: 15503.88 | O64: 15503.88 | P64: 15503.88 | Q64: 15503.88 | R64: 15503.88 | S64: 15503.88 | T64: 15503.88 | U64: 15503.88 | V64: 15503.88 | W64: 15503.88 | X64: 15503.88 | Y64: 15503.88 | Z64: 15503.88 | AA64: 15503.88 | AB64: =(SUM(D64:AA64)) -> 372093.12 | AC64: 5 | AE64: 13320043
C65: Festivo | D65: 15503.88 | E65: 15503.88 | F65: 15503.88 | G65: 15503.88 | H65: 15503.88 | I65: 15503.88 | J65: 15503.88 | K65: 15503.88 | L65: 15503.88 | M65: 15503.88 | N65: 15503.88 | O65: 15503.88 | P65: 15503.88 | Q65: 15503.88 | R65: 15503.88 | S65: 15503.88 | T65: 15503.88 | U65: 15503.88 | V65: 15503.88 | W65: 15503.88 | X65: 15503.88 | Y65: 15503.88 | Z65: 15503.88 | AA65: 15503.88 | AB65: =(SUM(D65:AA65)) -> 372093.12 | AC65: 1 | AE65: 13764045
B66: 47574 | C66: Hábil | D66: 15503.88 | E66: 15503.88 | F66: 15503.88 | G66: 15503.88 | H66: 15503.88 | I66: 15503.88 | J66: 15503.88 | K66: 15503.88 | L66: 15503.88 | M66: 15503.88 | N66: 15503.88 | O66: 15503.88 | P66: 15503.88 | Q66: 15503.88 | R66: 15503.88 | S66: 15503.88 | T66: 15503.88 | U66: 15503.88 | V66: 15503.88 | W66: 15503.88 | X66: 15503.88 | Y66: 15503.88 | Z66: 15503.88 | AA66: 15503.88 | AB66: =(SUM(D66:AA66)) -> 372093.12 | AC66: 20 | AD66: =(AB66*AC66)+(AB67*AC67)+(AB68*AC68)+(AB69*AC69) -> 11162794 | AE66: 14039511
C67: Sábado | D67: 15503.88 | E67: 15503.88 | F67: 15503.88 | G67: 15503.88 | H67: 15503.88 | I67: 15503.88 | J67: 15503.88 | K67: 15503.88 | L67: 15503.88 | M67: 15503.88 | N67: 15503.88 | O67: 15503.88 | P67: 15503.88 | Q67: 15503.88 | R67: 15503.88 | S67: 15503.88 | T67: 15503.88 | U67: 15503.88 | V67: 15503.88 | W67: 15503.88 | X67: 15503.88 | Y67: 15503.88 | Z67: 15503.88 | AA67: 15503.88 | AB67: =(SUM(D67:AA67)) -> 372093.12 | AC67: 4 | AE67: 12680848
C68: Domingo | D68: 15503.88 | E68: 15503.88 | F68: 15503.88 | G68: 15503.88 | H68: 15503.88 | I68: 15503.88 | J68: 15503.88 | K68: 15503.88 | L68: 15503.88 | M68: 15503.88 | N68: 15503.88 | O68: 15503.88 | P68: 15503.88 | Q68: 15503.88 | R68: 15503.88 | S68: 15503.88 | T68: 15503.88 | U68: 15503.88 | V68: 15503.88 | W68: 15503.88 | X68: 15503.88 | Y68: 15503.88 | Z68: 15503.88 | AA68: 15503.88 | AB68: =(SUM(D68:AA68)) -> 372093.12 | AC68: 4 | AE68: 14039511
C69: Festivo | D69: 15503.88 | E69: 15503.88 | F69: 15503.88 | G69: 15503.88 | H69: 15503.88 | I69: 15503.88 | J69: 15503.88 | K69: 15503.88 | L69: 15503.88 | M69: 15503.88 | N69: 15503.88 | O69: 15503.88 | P69: 15503.88 | Q69: 15503.88 | R69: 15503.88 | S69: 15503.88 | T69: 15503.88 | U69: 15503.88 | V69: 15503.88 | W69: 15503.88 | X69: 15503.88 | Y69: 15503.88 | Z69: 15503.88 | AA69: 15503.88 | AB69: =(SUM(D69:AA69)) -> 372093.12 | AC69: 2 | AE69: 13586623
B70: 47604 | C70: Hábil | D70: 15503.88 | E70: 15503.88 | F70: 15503.88 | G70: 15503.88 | H70: 15503.88 | I70: 15503.88 | J70: 15503.88 | K70: 15503.88 | L70: 15503.88 | M70: 15503.88 | N70: 15503.88 | O70: 15503.88 | P70: 15503.88 | Q70: 15503.88 | R70: 15503.88 | S70: 15503.88 | T70: 15503.88 | U70: 15503.88 | V70: 15503.88 | W70: 15503.88 | X70: 15503.88 | Y70: 15503.88 | Z70: 15503.88 | AA70: 15503.88 | AB70: =(SUM(D70:AA70)) -> 372093.12 | AC70: 22 | AD70: =(AB70*AC70)+(AB71*AC71)+(AB72*AC72)+(AB73*AC73) -> 11534887 | AE70: 14039511
C71: Sábado | D71: 15503.88 | E71: 15503.88 | F71: 15503.88 | G71: 15503.88 | H71: 15503.88 | I71: 15503.88 | J71: 15503.88 | K71: 15503.88 | L71: 15503.88 | M71: 15503.88 | N71: 15503.88 | O71: 15503.88 | P71: 15503.88 | Q71: 15503.88 | R71: 15503.88 | S71: 15503.88 | T71: 15503.88 | U71: 15503.88 | V71: 15503.88 | W71: 15503.88 | X71: 15503.88 | Y71: 15503.88 | Z71: 15503.88 | AA71: 15503.88 | AB71: =(SUM(D71:AA71)) -> 372093.12 | AC71: 4 | AE71: 13586623
C72: Domingo | D72: 15503.88 | E72: 15503.88 | F72: 15503.88 | G72: 15503.88 | H72: 15503.88 | I72: 15503.88 | J72: 15503.88 | K72: 15503.88 | L72: 15503.88 | M72: 15503.88 | N72: 15503.88 | O72: 15503.88 | P72: 15503.88 | Q72: 15503.88 | R72: 15503.88 | S72: 15503.88 | T72: 15503.88 | U72: 15503.88 | V72: 15503.88 | W72: 15503.88 | X72: 15503.88 | Y72: 15503.88 | Z72: 15503.88 | AA72: 15503.88 | AB72: =(SUM(D72:AA72)) -> 372093.12 | AC72: 4 | AE72: 14039511
C73: Festivo | D73: 15503.88 | E73: 15503.88 | F73: 15503.88 | G73: 15503.88 | H73: 15503.88 | I73: 15503.88 | J73: 15503.88 | K73: 15503.88 | L73: 15503.88 | M73: 15503.88 | N73: 15503.88 | O73: 15503.88 | P73: 15503.88 | Q73: 15503.88 | R73: 15503.88 | S73: 15503.88 | T73: 15503.88 | U73: 15503.88 | V73: 15503.88 | W73: 15503.88 | X73: 15503.88 | Y73: 15503.88 | Z73: 15503.88 | AA73: 15503.88 | AB73: =(SUM(D73:AA73)) -> 372093.12 | AC73: 1 | AE73: 14039511
B74: 47635 | C74: Hábil | D74: 15503.88 | E74: 15503.88 | F74: 15503.88 | G74: 15503.88 | H74: 15503.88 | I74: 15503.88 | J74: 15503.88 | K74: 15503.88 | L74: 15503.88 | M74: 15503.88 | N74: 15503.88 | O74: 15503.88 | P74: 15503.88 | Q74: 15503.88 | R74: 15503.88 | S74: 15503.88 | T74: 15503.88 | U74: 15503.88 | V74: 15503.88 | W74: 15503.88 | X74: 15503.88 | Y74: 15503.88 | Z74: 15503.88 | AA74: 15503.88 | AB74: =(SUM(D74:AA74)) -> 372093.12 | AC74: 18 | AD74: =(AB74*AC74)+(AB75*AC75)+(AB76*AC76)+(AB77*AC77) -> 11162794 | AE74: 13586623
C75: Sábado | D75: 15503.88 | E75: 15503.88 | F75: 15503.88 | G75: 15503.88 | H75: 15503.88 | I75: 15503.88 | J75: 15503.88 | K75: 15503.88 | L75: 15503.88 | M75: 15503.88 | N75: 15503.88 | O75: 15503.88 | P75: 15503.88 | Q75: 15503.88 | R75: 15503.88 | S75: 15503.88 | T75: 15503.88 | U75: 15503.88 | V75: 15503.88 | W75: 15503.88 | X75: 15503.88 | Y75: 15503.88 | Z75: 15503.88 | AA75: 15503.88 | AB75: =(SUM(D75:AA75)) -> 372093.12 | AC75: 5 | AE75: 14039511
C76: Domingo | D76: 15503.88 | E76: 15503.88 | F76: 15503.88 | G76: 15503.88 | H76: 15503.88 | I76: 15503.88 | J76: 15503.88 | K76: 15503.88 | L76: 15503.88 | M76: 15503.88 | N76: 15503.88 | O76: 15503.88 | P76: 15503.88 | Q76: 15503.88 | R76: 15503.88 | S76: 15503.88 | T76: 15503.88 | U76: 15503.88 | V76: 15503.88 | W76: 15503.88 | X76: 15503.88 | Y76: 15503.88 | Z76: 15503.88 | AA76: 15503.88 | AB76: =(SUM(D76:AA76)) -> 372093.12 | AC76: 5 | AE76: 13586623
C77: Festivo | D77: 15503.88 | E77: 15503.88 | F77: 15503.88 | G77: 15503.88 | H77: 15503.88 | I77: 15503.88 | J77: 15503.88 | K77: 15503.88 | L77: 15503.88 | M77: 15503.88 | N77: 15503.88 | O77: 15503.88 | P77: 15503.88 | Q77: 15503.88 | R77: 15503.88 | S77: 15503.88 | T77: 15503.88 | U77: 15503.88 | V77: 15503.88 | W77: 15503.88 | X77: 15503.88 | Y77: 15503.88 | Z77: 15503.88 | AA77: 15503.88 | AB77: =(SUM(D77:AA77)) -> 372093.12 | AC77: 2 | AE77: 14039511
B78: 47665 | C78: Hábil | D78: 15503.88 | E78: 15503.88 | F78: 15503.88 | G78: 15503.88 | H78: 15503.88 | I78: 15503.88 | J78: 15503.88 | K78: 15503.88 | L78: 15503.88 | M78: 15503.88 | N78: 15503.88 | O78: 15503.88 | P78: 15503.88 | Q78: 15503.88 | R78: 15503.88 | S78: 15503.88 | T78: 15503.88 | U78: 15503.88 | V78: 15503.88 | W78: 15503.88 | X78: 15503.88 | Y78: 15503.88 | Z78: 15503.88 | AA78: 15503.88 | AB78: =(SUM(D78:AA78)) -> 372093.12 | AC78: 22 | AD78: =(AB78*AC78)+(AB79*AC79)+(AB80*AC80)+(AB81*AC81) -> 11534887 | AE78: 14320482
C79: Sábado | D79: 15503.88 | E79: 15503.88 | F79: 15503.88 | G79: 15503.88 | H79: 15503.88 | I79: 15503.88 | J79: 15503.88 | K79: 15503.88 | L79: 15503.88 | M79: 15503.88 | N79: 15503.88 | O79: 15503.88 | P79: 15503.88 | Q79: 15503.88 | R79: 15503.88 | S79: 15503.88 | T79: 15503.88 | U79: 15503.88 | V79: 15503.88 | W79: 15503.88 | X79: 15503.88 | Y79: 15503.88 | Z79: 15503.88 | AA79: 15503.88 | AB79: =(SUM(D79:AA79)) -> 372093.12 | AC79: 3 | AE79: 12934629
C80: domingo | D80: 15503.88 | E80: 15503.88 | F80: 15503.88 | G80: 15503.88 | H80: 15503.88 | I80: 15503.88 | J80: 15503.88 | K80: 15503.88 | L80: 15503.88 | M80: 15503.88 | N80: 15503.88 | O80: 15503.88 | P80: 15503.88 | Q80: 15503.88 | R80: 15503.88 | S80: 15503.88 | T80: 15503.88 | U80: 15503.88 | V80: 15503.88 | W80: 15503.88 | X80: 15503.88 | Y80: 15503.88 | Z80: 15503.88 | AA80: 15503.88 | AB80: =(SUM(D80:AA80)) -> 372093.12 | AC80: 4 | AE80: 14320482
C81: Festivo | D81: 15503.88 | E81: 15503.88 | F81: 15503.88 | G81: 15503.88 | H81: 15503.88 | I81: 15503.88 | J81: 15503.88 | K81: 15503.88 | L81: 15503.88 | M81: 15503.88 | N81: 15503.88 | O81: 15503.88 | P81: 15503.88 | Q81: 15503.88 | R81: 15503.88 | S81: 15503.88 | T81: 15503.88 | U81: 15503.88 | V81: 15503.88 | W81: 15503.88 | X81: 15503.88 | Y81: 15503.88 | Z81: 15503.88 | AA81: 15503.88 | AB81: =(SUM(D81:AA81)) -> 372093.12 | AC81: 2 | AE81: 13858531
B82: 47696 | C82: Hábil | D82: 15503.88 | E82: 15503.88 | F82: 15503.88 | G82: 15503.88 | H82: 15503.88 | I82: 15503.88 | J82: 15503.88 | K82: 15503.88 | L82: 15503.88 | M82: 15503.88 | N82: 15503.88 | O82: 15503.88 | P82: 15503.88 | Q82: 15503.88 | R82: 15503.88 | S82: 15503.88 | T82: 15503.88 | U82: 15503.88 | V82: 15503.88 | W82: 15503.88 | X82: 15503.88 | Y82: 15503.88 | Z82: 15503.88 | AA82: 15503.88 | AB82: =(SUM(D82:AA82)) -> 372093.12 | AC82: 20 | AD82: =(AB82*AC82)+(AB83*AC83)+(AB84*AC84)+(AB85*AC85) -> 11534887 | AE82: 14320482
C83: Sábado | D83: 15503.88 | E83: 15503.88 | F83: 15503.88 | G83: 15503.88 | H83: 15503.88 | I83: 15503.88 | J83: 15503.88 | K83: 15503.88 | L83: 15503.88 | M83: 15503.88 | N83: 15503.88 | O83: 15503.88 | P83: 15503.88 | Q83: 15503.88 | R83: 15503.88 | S83: 15503.88 | T83: 15503.88 | U83: 15503.88 | V83: 15503.88 | W83: 15503.88 | X83: 15503.88 | Y83: 15503.88 | Z83: 15503.88 | AA83: 15503.88 | AB83: =(SUM(D83:AA83)) -> 372093.12 | AC83: 5 | AE83: 13858531
C84: Domingo | D84: 15503.88 | E84: 15503.88 | F84: 15503.88 | G84: 15503.88 | H84: 15503.88 | I84: 15503.88 | J84: 15503.88 | K84: 15503.88 | L84: 15503.88 | M84: 15503.88 | N84: 15503.88 | O84: 15503.88 | P84: 15503.88 | Q84: 15503.88 | R84: 15503.88 | S84: 15503.88 | T84: 15503.88 | U84: 15503.88 | V84: 15503.88 | W84: 15503.88 | X84: 15503.88 | Y84: 15503.88 | Z84: 15503.88 | AA84: 15503.88 | AB84: =(SUM(D84:AA84)) -> 372093.12 | AC84: 4 | AE84: 14320482
C85: Festivo | D85: 15503.88 | E85: 15503.88 | F85: 15503.88 | G85: 15503.88 | H85: 15503.88 | I85: 15503.88 | J85: 15503.88 | K85: 15503.88 | L85: 15503.88 | M85: 15503.88 | N85: 15503.88 | O85: 15503.88 | P85: 15503.88 | Q85: 15503.88 | R85: 15503.88 | S85: 15503.88 | T85: 15503.88 | U85: 15503.88 | V85: 15503.88 | W85: 15503.88 | X85: 15503.88 | Y85: 15503.88 | Z85: 15503.88 | AA85: 15503.88 | AB85: =(SUM(D85:AA85)) -> 372093.12 | AC85: 2 | AE85: 14320482
B86: 47727 | C86: Hábil | D86: 15503.88 | E86: 15503.88 | F86: 15503.88 | G86: 15503.88 | H86: 15503.88 | I86: 15503.88 | J86: 15503.88 | K86: 15503.88 | L86: 15503.88 | M86: 15503.88 | N86: 15503.88 | O86: 15503.88 | P86: 15503.88 | Q86: 15503.88 | R86: 15503.88 | S86: 15503.88 | T86: 15503.88 | U86: 15503.88 | V86: 15503.88 | W86: 15503.88 | X86: 15503.88 | Y86: 15503.88 | Z86: 15503.88 | AA86: 15503.88 | AB86: =(SUM(D86:AA86)) -> 372093.12 | AC86: 21 | AD86: =(AB86*AC86)+(AB87*AC87)+(AB88*AC88)+(AB89*AC89) -> 11162794 | AE86: 13858531
C87: Sábado | D87: 15503.88 | E87: 15503.88 | F87: 15503.88 | G87: 15503.88 | H87: 15503.88 | I87: 15503.88 | J87: 15503.88 | K87: 15503.88 | L87: 15503.88 | M87: 15503.88 | N87: 15503.88 | O87: 15503.88 | P87: 15503.88 | Q87: 15503.88 | R87: 15503.88 | S87: 15503.88 | T87: 15503.88 | U87: 15503.88 | V87: 15503.88 | W87: 15503.88 | X87: 15503.88 | Y87: 15503.88 | Z87: 15503.88 | AA87: 15503.88 | AB87: =(SUM(D87:AA87)) -> 372093.12 | AC87: 4 | AE87: 14320482
C88: Domingo | D88: 15503.88 | E88: 15503.88 | F88: 15503.88 | G88: 15503.88 | H88: 15503.88 | I88: 15503.88 | J88: 15503.88 | K88: 15503.88 | L88: 15503.88 | M88: 15503.88 | N88: 15503.88 | O88: 15503.88 | P88: 15503.88 | Q88: 15503.88 | R88: 15503.88 | S88: 15503.88 | T88: 15503.88 | U88: 15503.88 | V88: 15503.88 | W88: 15503.88 | X88: 15503.88 | Y88: 15503.88 | Z88: 15503.88 | AA88: 15503.88 | AB88: =(SUM(D88:AA88)) -> 372093.12 | AC88: 5 | AE88: 13858531
C89: Festivo | D89: 15503.88 | E89: 15503.88 | F89: 15503.88 | G89: 15503.88 | H89: 15503.88 | I89: 15503.88 | J89: 15503.88 | K89: 15503.88 | L89: 15503.88 | M89: 15503.88 | N89: 15503.88 | O89: 15503.88 | P89: 15503.88 | Q89: 15503.88 | R89: 15503.88 | S89: 15503.88 | T89: 15503.88 | U89: 15503.88 | V89: 15503.88 | W89: 15503.88 | X89: 15503.88 | Y89: 15503.88 | Z89: 15503.88 | AA89: 15503.88 | AB89: =(SUM(D89:AA89)) -> 372093.12 | AC89: 0 | AE89: 14320482
B90: 47757 | C90: Hábil | D90: 15503.88 | E90: 15503.88 | F90: 15503.88 | G90: 15503.88 | H90: 15503.88 | I90: 15503.88 | J90: 15503.88 | K90: 15503.88 | L90: 15503.88 | M90: 15503.88 | N90: 15503.88 | O90: 15503.88 | P90: 15503.88 | Q90: 15503.88 | R90: 15503.88 | S90: 15503.88 | T90: 15503.88 | U90: 15503.88 | V90: 15503.88 | W90: 15503.88 | X90: 15503.88 | Y90: 15503.88 | Z90: 15503.88 | AA90: 15503.88 | AB90: =(SUM(D90:AA90)) -> 372093.12 | AC90: 22 | AD90: =(AB90*AC90)+(AB91*AC91)+(AB92*AC92)+(AB93*AC93) -> 11534887 | AE90: 14567163
C91: Sábado | D91: 15503.88 | E91: 15503.88 | F91: 15503.88 | G91: 15503.88 | H91: 15503.88 | I91: 15503.88 | J91: 15503.88 | K91: 15503.88 | L91: 15503.88 | M91: 15503.88 | N91: 15503.88 | O91: 15503.88 | P91: 15503.88 | Q91: 15503.88 | R91: 15503.88 | S91: 15503.88 | T91: 15503.88 | U91: 15503.88 | V91: 15503.88 | W91: 15503.88 | X91: 15503.88 | Y91: 15503.88 | Z91: 15503.88 | AA91: 15503.88 | AB91: =(SUM(D91:AA91)) -> 372093.12 | AC91: 4 | AE91: 13627346
C92: Domingo | D92: 15503.88 | E92: 15503.88 | F92: 15503.88 | G92: 15503.88 | H92: 15503.88 | I92: 15503.88 | J92: 15503.88 | K92: 15503.88 | L92: 15503.88 | M92: 15503.88 | N92: 15503.88 | O92: 15503.88 | P92: 15503.88 | Q92: 15503.88 | R92: 15503.88 | S92: 15503.88 | T92: 15503.88 | U92: 15503.88 | V92: 15503.88 | W92: 15503.88 | X92: 15503.88 | Y92: 15503.88 | Z92: 15503.88 | AA92: 15503.88 | AB92: =(SUM(D92:AA92)) -> 372093.12 | AC92: 4 | AE92: 14567163
C93: Festivo | D93: 15503.88 | E93: 15503.88 | F93: 15503.88 | G93: 15503.88 | H93: 15503.88 | I93: 15503.88 | J93: 15503.88 | K93: 15503.88 | L93: 15503.88 | M93: 15503.88 | N93: 15503.88 | O93: 15503.88 | P93: 15503.88 | Q93: 15503.88 | R93: 15503.88 | S93: 15503.88 | T93: 15503.88 | U93: 15503.88 | V93: 15503.88 | W93: 15503.88 | X93: 15503.88 | Y93: 15503.88 | Z93: 15503.88 | AA93: 15503.88 | AB93: =(SUM(D93:AA93)) -> 372093.12 | AC93: 1 | AE93: 14097254
B94: 47788 | C94: Hábil | D94: 15503.88 | E94: 15503.88 | F94: 15503.88 | G94: 15503.88 | H94: 15503.88 | I94: 15503.88 | J94: 15503.88 | K94: 15503.88 | L94: 15503.88 | M94: 15503.88 | N94: 15503.88 | O94: 15503.88 | P94: 15503.88 | Q94: 15503.88 | R94: 15503.88 | S94: 15503.88 | T94: 15503.88 | U94: 15503.88 | V94: 15503.88 | W94: 15503.88 | X94: 15503.88 | Y94: 15503.88 | Z94: 15503.88 | AA94: 15503.88 | AB94: =(SUM(D94:AA94)) -> 372093.12 | AC94: 19 | AD94: =(AB94*AC94)+(AB95*AC95)+(AB96*AC96)+(AB97*AC97) -> 11162794 | AE94: 14567163
C95: Sábado | D95: 15503.88 | E95: 15503.88 | F95: 15503.88 | G95: 15503.88 | H95: 15503.88 | I95: 15503.88 | J95: 15503.88 | K95: 15503.88 | L95: 15503.88 | M95: 15503.88 | N95: 15503.88 | O95: 15503.88 | P95: 15503.88 | Q95: 15503.88 | R95: 15503.88 | S95: 15503.88 | T95: 15503.88 | U95: 15503.88 | V95: 15503.88 | W95: 15503.88 | X95: 15503.88 | Y95: 15503.88 | Z95: 15503.88 | AA95: 15503.88 | AB95: =(SUM(D95:AA95)) -> 372093.12 | AC95: 5 | AE95: 14097254
C96: Domingo | D96: 15503.88 | E96: 15503.88 | F96: 15503.88 | G96: 15503.88 | H96: 15503.88 | I96: 15503.88 | J96: 15503.88 | K96: 15503.88 | L96: 15503.88 | M96: 15503.88 | N96: 15503.88 | O96: 15503.88 | P96: 15503.88 | Q96: 15503.88 | R96: 15503.88 | S96: 15503.88 | T96: 15503.88 | U96: 15503.88 | V96: 15503.88 | W96: 15503.88 | X96: 15503.88 | Y96: 15503.88 | Z96: 15503.88 | AA96: 15503.88 | AB96: =(SUM(D96:AA96)) -> 372093.12 | AC96: 4 | AE96: 14567163
C97: Festivo | D97: 15503.88 | E97: 15503.88 | F97: 15503.88 | G97: 15503.88 | H97: 15503.88 | I97: 15503.88 | J97: 15503.88 | K97: 15503.88 | L97: 15503.88 | M97: 15503.88 | N97: 15503.88 | O97: 15503.88 | P97: 15503.88 | Q97: 15503.88 | R97: 15503.88 | S97: 15503.88 | T97: 15503.88 | U97: 15503.88 | V97: 15503.88 | W97: 15503.88 | X97: 15503.88 | Y97: 15503.88 | Z97: 15503.88 | AA97: 15503.88 | AB97: =(SUM(D97:AA97)) -> 372093.12 | AC97: 2 | AE97: 14567163
B98: 47818 | C98: Hábil | D98: 15503.88 | E98: 15503.88 | F98: 15503.88 | G98: 15503.88 | H98: 15503.88 | I98: 15503.88 | J98: 15503.88 | K98: 15503.88 | L98: 15503.88 | M98: 15503.88 | N98: 15503.88 | O98: 15503.88 | P98: 15503.88 | Q98: 15503.88 | R98: 15503.88 | S98: 15503.88 | T98: 15503.88 | U98: 15503.88 | V98: 15503.88 | W98: 15503.88 | X98: 15503.88 | Y98: 15503.88 | Z98: 15503.88 | AA98: 15503.88 | AB98: =(SUM(D98:AA98)) -> 372093.12 | AC98: 21 | AD98: =(AB98*AC98)+(AB99*AC99)+(AB100*AC100)+(AB101*AC101) -> 11534887 | AE98: 14097254
C99: Sábado | D99: 15503.88 | E99: 15503.88 | F99: 15503.88 | G99: 15503.88 | H99: 15503.88 | I99: 15503.88 | J99: 15503.88 | K99: 15503.88 | L99: 15503.88 | M99: 15503.88 | N99: 15503.88 | O99: 15503.88 | P99: 15503.88 | Q99: 15503.88 | R99: 15503.88 | S99: 15503.88 | T99: 15503.88 | U99: 15503.88 | V99: 15503.88 | W99: 15503.88 | X99: 15503.88 | Y99: 15503.88 | Z99: 15503.88 | AA99: 15503.88 | AB99: =(SUM(D99:AA99)) -> 372093.12 | AC99: 4 | AE99: 14567163
C100: Domingo | D100: 15503.88 | E100: 15503.88 | F100: 15503.88 | G100: 15503.88 | H100: 15503.88 | I100: 15503.88 | J100: 15503.88 | K100: 15503.88 | L100: 15503.88 | M100: 15503.88 | N100: 15503.88 | O100: 15503.88 | P100: 15503.88 | Q100: 15503.88 | R100: 15503.88 | S100: 15503.88 | T100: 15503.88 | U100: 15503.88 | V100: 15503.88 | W100: 15503.88 | X100: 15503.88 | Y100: 15503.88 | Z100: 15503.88 | AA100: 15503.88 | AB100: =(SUM(D100:AA100)) -> 372093.12 | AC100: 4 | AE100: 14097254
C101: Festivo | D101: 15503.88 | E101: 15503.88 | F101: 15503.88 | G101: 15503.88 | H101: 15503.88 | I101: 15503.88 | J101: 15503.88 | K101: 15503.88 | L101: 15503.88 | M101: 15503.88 | N101: 15503.88 | O101: 15503.88 | P101: 15503.88 | Q101: 15503.88 | R101: 15503.88 | S101: 15503.88 | T101: 15503.88 | U101: 15503.88 | V101: 15503.88 | W101: 15503.88 | X101: 15503.88 | Y101: 15503.88 | Z101: 15503.88 | AA101: 15503.88 | AB101: =(SUM(D101:AA101)) -> 372093.12 | AC101: 2 | AE101: 14567163
...

Sheet Anexo 2 Producto 3
B4: ANEXO 2 - OFERTA PRODUCTO 3
B5: NOMBRE DEL OFERENTE
B6: PRECIOS Y CANTIDADES DE ENERGIA OFERTADA
B7: EN PESOS DE MARZO 2026
B8: PRODUCTO 3
B9: AÑO | C9: MES | D9: PERIODO 2029 - 2036
D10: E. Solicitada [kWh] | E10: % E. Ofertado | F10: E. Ofertada [kWh] | G10: $/kWh
B11: 2029 | C11: Enero | D11: =+'Producto 3 Plano 29-36'!AE6 -> 14546390 | F11: =+E11*D11 -> 0 | I11: =+H11/1000 -> 0
B12: 2029 | C12: Febrero | D12: =+'Producto 3 Plano 29-36'!AE7 -> 13138675 | F12: =+E11*D12 -> 0
B13: 2029 | C13: Marzo | D13: =+'Producto 3 Plano 29-36'!AE8 -> 14546390 | F13: =+E11*D13 -> 0
B14: 2029 | C14: Abril | D14: =+'Producto 3 Plano 29-36'!AE9 -> 14077152 | F14: =+E11*D14 -> 0
B15: 2029 | C15: Mayo | D15: =+'Producto 3 Plano 29-36'!AE10 -> 14546390 | F15: =+E11*D15 -> 0
B16: 2029 | C16: Junio | D16: =+'Producto 3 Plano 29-36'!AE11 -> 14077152 | F16: =+E11*D16 -> 0
B17: 2029 | C17: Julio | D17: =+'Producto 3 Plano 29-36'!AE12 -> 14546390 | F17: =+E11*D17 -> 0
B18: 2029 | C18: Agosto | D18: =+'Producto 3 Plano 29-36'!AE13 -> 14546390 | F18: =+E11*D18 -> 0
B19: 2029 | C19: Septiembre | D19: =+'Producto 3 Plano 29-36'!AE14 -> 14077152 | F19: =+E11*D19 -> 0
B20: 2029 | C20: Octubre | D20: =+'Producto 3 Plano 29-36'!AE15 -> 14546390 | F20: =+E11*D20 -> 0
B21: 2029 | C21: Noviembre | D21: =+'Producto 3 Plano 29-36'!AE16 -> 14077152 | F21: =+E11*D21 -> 0
B22: 2029 | C22: Diciembre | D22: =+'Producto 3 Plano 29-36'!AE17 -> 14546390 | F22: =+E11*D22 -> 0
B23: 2030 | C23: Enero | D23: =+'Producto 3 Plano 29-36'!AE18 -> 11534887 | F23: =+E23*D23 -> 0 | I23: =+H23/1000 -> 0
B24: 2030 | C24: Febrero | D24: =+'Producto 3 Plano 29-36'!AE19 -> 10418607 | F24: =+E23*D24 -> 0
B25: 2030 | C25: Marzo | D25: =+'Producto 3 Plano 29-36'!AE20 -> 11534887 | F25: =+E23*D25 -> 0
B26: 2030 | C26: Abril | D26: =+'Producto 3 Plano 29-36'!AE21 -> 11162794 | F26: =+E23*D26 -> 0
B27: 2030 | C27: Mayo | D27: =+'Producto 3 Plano 29-36'!AE22 -> 11534887 | F27: =+E23*D27 -> 0
B28: 2030 | C28: Junio | D28: =+'Producto 3 Plano 29-36'!AE23 -> 11162794 | F28: =+E23*D28 -> 0
B29: 2030 | C29: Julio | D29: =+'Producto 3 Plano 29-36'!AE24 -> 11534887 | F29: =+E23*D29 -> 0
B30: 2030 | C30: Agosto | D30: =+'Producto 3 Plano 29-36'!AE25 -> 11534887 | F30: =+E23*D30 -> 0
B31: 2030 | C31: Septiembre | D31: =+'Producto 3 Plano 29-36'!AE26 -> 11162794 | F31: =+E23*D31 -> 0
B32: 2030 | C32: Octubre | D32: =+'Producto 3 Plano 29-36'!AE27 -> 11534887 | F32: =+E23*D32 -> 0
B33: 2030 | C33: Noviembre | D33: =+'Producto 3 Plano 29-36'!AE28 -> 11162794 | F33: =+E23*D33 -> 0
B34: 2030 | C34: Diciembre | D34: =+'Producto 3 Plano 29-36'!AE29 -> 11534887 | F34: =+E23*D34 -> 0
B35: 2031 | C35: Enero | D35: =+'Producto 3 Plano 29-36'!AE30 -> 13229220 | F35: =+E35*D35 -> 0 | I35: =+H35/1000 -> 0
B36: 2031 | C36: Febrero | D36: =+'Producto 3 Plano 29-36'!AE31 -> 11948973 | F36: =+E35*D36 -> 0
B37: 2031 | C37: Marzo | D37: =+'Producto 3 Plano 29-36'!AE32 -> 13229220 | F37: =+E35*D37 -> 0
B38: 2031 | C38: Abril | D38: =+'Producto 3 Plano 29-36'!AE33 -> 12802471 | F38: =+E35*D38 -> 0
B39: 2031 | C39: Mayo | D39: =+'Producto 3 Plano 29-36'!AE34 -> 13229220 | F39: =+E35*D39 -> 0
B40: 2031 | C40: Junio | D40: =+'Producto 3 Plano 29-36'!AE35 -> 12802471 | F40: =+E35*D40 -> 0
B41: 2031 | C41: Julio | D41: =+'Producto 3 Plano 29-36'!AE36 -> 13229220 | F41: =+E35*D41 -> 0
B42: 2031 | C42: Agosto | D42: =+'Producto 3 Plano 29-36'!AE37 -> 13229220 | F42: =+E35*D42 -> 0
B43: 2031 | C43: Septiembre | D43: =+'Producto 3 Plano 29-36'!AE38 -> 12802471 | F43: =+E35*D43 -> 0
B44: 2031 | C44: Octubre | D44: =+'Producto 3 Plano 29-36'!AE39 -> 13229220 | F44: =+E35*D44 -> 0
B45: 2031 | C45: Noviembre | D45: =+'Producto 3 Plano 29-36'!AE40 -> 12802471 | F45: =+E35*D45 -> 0
B46: 2031 | C46: Diciembre | D46: =+'Producto 3 Plano 29-36'!AE41 -> 13229220 | F46: =+E35*D46 -> 0
B47: 2032 | C47: Enero | D47: =+'Producto 3 Plano 29-36'!AE42 -> 13457115 | F47: =+E47*D47 -> 0 | I47: =+H47/1000 -> 0
B48: 2032 | C48: Febrero | D48: =+'Producto 3 Plano 29-36'!AE43 -> 12588914 | F48: =+E47*D48 -> 0
B49: 2032 | C49: Marzo | D49: =+'Producto 3 Plano 29-36'!AE44 -> 13457115 | F49: =+E47*D49 -> 0
B50: 2032 | C50: Abril | D50: =+'Producto 3 Plano 29-36'!AE45 -> 13023014 | F50: =+E47*D50 -> 0
B51: 2032 | C51: Mayo | D51: =+'Producto 3 Plano 29-36'!AE46 -> 13457115 | F51: =+E47*D51 -> 0
B52: 2032 | C52: Junio | D52: =+'Producto 3 Plano 29-36'!AE47 -> 13023014 | F52: =+E47*D52 -> 0
B53: 2032 | C53: Julio | D53: =+'Producto 3 Plano 29-36'!AE48 -> 13457115 | F53: =+E47*D53 -> 0
B54: 2032 | C54: Agosto | D54: =+'Producto 3 Plano 29-36'!AE49 -> 13457115 | F54: =+E47*D54 -> 0
B55: 2032 | C55: Septiembre | D55: =+'Producto 3 Plano 29-36'!AE50 -> 13023014 | F55: =+E47*D55 -> 0
B56: 2032 | C56: Octubre | D56: =+'Producto 3 Plano 29-36'!AE51 -> 13457115 | F56: =+E47*D56 -> 0
B57: 2032 | C57: Noviembre | D57: =+'Producto 3 Plano 29-36'!AE52 -> 13023014 | F57: =+E47*D57 -> 0
B58: 2032 | C58: Diciembre | D58: =+'Producto 3 Plano 29-36'!AE53 -> 13457115 | F58: =+E47*D58 -> 0
B59: 2033 | C59: Enero | D59: =+'Producto 3 Plano 29-36'!AE54 -> 13764045 | F59: =+E59*D59 -> 0 | I59: =+H59/1000 -> 0
B60: 2033 | C60: Febrero | D60: =+'Producto 3 Plano 29-36'!AE55 -> 12432040 | F60: =+E59*D60 -> 0
B61: 2033 | C61: Marzo | D61: =+'Producto 3 Plano 29-36'!AE56 -> 13764045 | F61: =+E59*D61 -> 0
B62: 2033 | C62: Abril | D62: =+'Producto 3 Plano 29-36'!AE57 -> 13320043 | F62: =+E59*D62 -> 0
B63: 2033 | C63: Mayo | D63: =+'Producto 3 Plano 29-36'!AE58 -> 13764045 | F63: =+E59*D63 -> 0
B64: 2033 | C64: Junio | D64: =+'Producto 3 Plano 29-36'!AE59 -> 13320043 | F64: =+E59*D64 -> 0
B65: 2033 | C65: Julio | D65: =+'Producto 3 Plano 29-36'!AE60 -> 13764045 | F65: =+E59*D65 -> 0
B66: 2033 | C66: Agosto | D66: =+'Producto 3 Plano 29-36'!AE61 -> 13764045 | F66: =+E59*D66 -> 0
B67: 2033 | C67: Septiembre | D67: =+'Producto 3 Plano 29-36'!AE62 -> 13320043 | F67: =+E59*D67 -> 0
B68: 2033 | C68: Octubre | D68: =+'Producto 3 Plano 29-36'!AE63 -> 13764045 | F68: =+E59*D68 -> 0
B69: 2033 | C69: Noviembre | D69: =+'Producto 3 Plano 29-36'!AE64 -> 13320043 | F69: =+E59*D69 -> 0
B70: 2033 | C70: Diciembre | D70: =+'Producto 3 Plano 29-36'!AE65 -> 13764045 | F70: =+E59*D70 -> 0
B71: 2034 | C71: Enero | D71: =+'Producto 3 Plano 29-36'!AE66 -> 14039511 | F71: =+E71*D71 -> 0 | I71: =+H71/1000 -> 0
B72: 2034 | C72: Febrero | D72: =+'Producto 3 Plano 29-36'!AE67 -> 12680848 | F72: =+E71*D72 -> 0
B73: 2034 | C73: Marzo | D73: =+'Producto 3 Plano 29-36'!AE68 -> 14039511 | F73: =+E71*D73 -> 0
B74: 2034 | C74: Abril | D74: =+'Producto 3 Plano 29-36'!AE69 -> 13586623 | F74: =+E71*D74 -> 0
B75: 2034 | C75: Mayo | D75: =+'Producto 3 Plano 29-36'!AE70 -> 14039511 | F75: =+E71*D75 -> 0
B76: 2034 | C76: Junio | D76: =+'Producto 3 Plano 29-36'!AE71 -> 13586623 | F76: =+E71*D76 -> 0
B77: 2034 | C77: Julio | D77: =+'Producto 3 Plano 29-36'!AE72 -> 14039511 | F77: =+E71*D77 -> 0
B78: 2034 | C78: Agosto | D78: =+'Producto 3 Plano 29-36'!AE73 -> 14039511 | F78: =+E71*D78 -> 0
B79: 2034 | C79: Septiembre | D79: =+'Producto 3 Plano 29-36'!AE74 -> 13586623 | F79: =+E71*D79 -> 0
B80: 2034 | C80: Octubre | D80: =+'Producto 3 Plano 29-36'!AE75 -> 14039511 | F80: =+E71*D80 -> 0
B81: 2034 | C81: Noviembre | D81: =+'Producto 3 Plano 29-36'!AE76 -> 13586623 | F81: =+E71*D81 -> 0
B82: 2034 | C82: Diciembre | D82: =+'Producto 3 Plano 29-36'!AE77 -> 14039511 | F82: =+E71*D82 -> 0
B83: 2035 | C83: Enero | D83: =+'Producto 3 Plano 29-36'!AE78 -> 14320482 | F83: =+E83*D83 -> 0 | I83: =+H83/1000 -> 0
B84: 2035 | C84: Febrero | D84: =+'Producto 3 Plano 29-36'!AE79 -> 12934629 | F84: =+E83*D84 -> 0
B85: 2035 | C85: Marzo | D85: =+'Producto 3 Plano 29-36'!AE80 -> 14320482 | F85: =+E83*D85 -> 0
B86: 2035 | C86: Abril | D86: =+'Producto 3 Plano 29-36'!AE81 -> 13858531 | F86: =+E83*D86 -> 0
B87: 2035 | C87: Mayo | D87: =+'Producto 3 Plano 29-36'!AE82 -> 14320482 | F87: =+E83*D87 -> 0
B88: 2035 | C88: Junio | D88: =+'Producto 3 Plano 29-36'!AE83 -> 13858531 | F88: =+E83*D88 -> 0
B89: 2035 | C89: Julio | D89: =+'Producto 3 Plano 29-36'!AE84 -> 14320482 | F89: =+E83*D89 -> 0
B90: 2035 | C90: Agosto | D90: =+'Producto 3 Plano 29-36'!AE85 -> 14320482 | F90: =+E83*D90 -> 0
B91: 2035 | C91: Septiembre | D91: =+'Producto 3 Plano 29-36'!AE86 -> 13858531 | F91: =+E83*D91 -> 0
B92: 2035 | C92: Octubre | D92: =+'Producto 3 Plano 29-36'!AE87 -> 14320482 | F92: =+E83*D92 -> 0
B93: 2035 | C93: Noviembre | D93: =+'Producto 3 Plano 29-36'!AE88 -> 13858531 | F93: =+E83*D93 -> 0
B94: 2035 | C94: Diciembre | D94: =+'Producto 3 Plano 29-36'!AE89 -> 14320482 | F94: =+E83*D94 -> 0
B95: 2036 | C95: Enero | D95: =+'Producto 3 Plano 29-36'!AE90 -> 14567163 | F95: =+E95*D95 -> 0 | I95: =+H95/1000 -> 0
B96: 2036 | C96: Febrero | D96: =+'Producto 3 Plano 29-36'!AE91 -> 13627346 | F96: =+E95*D96 -> 0
B97: 2036 | C97: Marzo | D97: =+'Producto 3 Plano 29-36'!AE92 -> 14567163 | F97: =+E95*D97 -> 0
B98: 2036 | C98: Abril | D98: =+'Producto 3 Plano 29-36'!AE93 -> 14097254 | F98: =+E95*D98 -> 0
B99: 2036 | C99: Mayo | D99: =+'Producto 3 Plano 29-36'!AE94 -> 14567163 | F99: =+E95*D99 -> 0
B100: 2036 | C100: Junio | D100: =+'Producto 3 Plano 29-36'!AE95 -> 14097254 | F100: =+E95*D100 -> 0
B101: 2036 | C101: Julio | D101: =+'Producto 3 Plano 29-36'!AE96 -> 14567163 | F101: =+E95*D101 -> 0
B102: 2036 | C102: Agosto | D102: =+'Producto 3 Plano 29-36'!AE97 -> 14567163 | F102: =+E95*D102 -> 0
B103: 2036 | C103: Septiembre | D103: =+'Producto 3 Plano 29-36'!AE98 -> 14097254 | F103: =+E95*D103 -> 0
...

Sheet Producto 4 Plano 27
B2: ANEXO 1 - CANTIDADES DE ENERGÍA SOLICITADA EN kWh
B3: PRODUCTO 4
B4: PERIODO 01 DE ENERO DEL 2027 A DICIEMBRE 31 DE 2027
C5: DIA | D5: 1 | E5: 2 | F5: 3 | G5: 4 | H5: 5 | I5: 6 | J5: 7 | K5: 8 | L5: 9 | M5: 10 | N5: 11 | O5: 12 | P5: 13 | Q5: 14 | R5: 15 | S5: 16 | T5: 17 | U5: 18 | V5: 19 | W5: 20 | X5: 21 | Y5: 22 | Z5: 23 | AA5: 24 | AB5: Total | AC5: No. DÍAS | AD5: Total
B6: 46388 | C6: Hábil | D6: 8675.8 | E6: =+$D$6 -> 8675.8 | F6: =+$D$6 -> 8675.8 | G6: =+$D$6 -> 8675.8 | H6: =+$D$6 -> 8675.8 | I6: =+$D$6 -> 8675.8 | J6: =+$D$6 -> 8675.8 | K6: =+$D$6 -> 8675.8 | L6: =+$D$6 -> 8675.8 | ... AA6: =+$D$6 -> 8675.8 | AB6: =(SUM(D6:AA6)) -> 208219.2 | AC6: 19 | AD6: =(AB6*AC6)+(AB7*AC7)+(AB8*AC8)+(AB9*AC9) -> 6454795.2 | AE6: =+AD6 -> 6454795.2
C7: Sábado | D7: =+$D$6 -> 8675.8 | E7: =+$D$6 -> 8675.8 | F7: =+$D$6 -> 8675.8 | G7: =+$D$6 -> 8675.8 | H7: =+$D$6 -> 8675.8 | I7: =+$D$6 -> 8675.8 | J7: =+$D$6 -> 8675.8 | K7: =+$D$6 -> 8675.8 | ... AA7: =+$D$6 -> 8675.8 | AB7: =(SUM(D7:AA7)) -> 208219.2 | AC7: 5 | AE7: =+AD10 -> 5830137.6
C8: Domingo | D8: =+$D$6 -> 8675.8 | E8: =+$D$6 -> 8675.8 | F8: =+$D$6 -> 8675.8 | G8: =+$D$6 -> 8675.8 | H8: =+$D$6 -> 8675.8 | I8: =+$D$6 -> 8675.8 | J8: =+$D$6 -> 8675.8 | K8: =+$D$6 -> 8675.8 | ... AA8: =+$D$6 -> 8675.8 | AB8: =(SUM(D8:AA8)) -> 208219.2 | AC8: 5 | AE8: =+AD14 -> 6454795.2
C9: Festivo | D9: =+$D$6 -> 8675.8 | E9: =+$D$6 -> 8675.8 | F9: =+$D$6 -> 8675.8 | G9: =+$D$6 -> 8675.8 | H9: =+$D$6 -> 8675.8 | I9: =+$D$6 -> 8675.8 | J9: =+$D$6 -> 8675.8 | K9: =+$D$6 -> 8675.8 | ... AA9: =+$D$6 -> 8675.8 | AB9: =(SUM(D9:AA9)) -> 208219.2 | AC9: 2 | AE9: =+AD18 -> 6246576
B10: 46419 | C10: Hábil | D10: =+$D$6 -> 8675.8 | E10: =+$D$6 -> 8675.8 | F10: =+$D$6 -> 8675.8 | G10: =+$D$6 -> 8675.8 | H10: =+$D$6 -> 8675.8 | I10: =+$D$6 -> 8675.8 | J10: =+$D$6 -> 8675.8 | K10: =+$D$6 -> 8675.8 | ... AA10: =+$D$6 -> 8675.8 | AB10: =(SUM(D10:AA10)) -> 208219.2 | AC10: 20 | AD10: =(AB10*AC10)+(AB11*AC11)+(AB12*AC12)+(AB13*AC13) -> 5830137.6 | AE10: =+AD22 -> 6454795.2
C11: Sábado | D11: =+$D$6 -> 8675.8 | E11: =+$D$6 -> 8675.8 | F11: =+$D$6 -> 8675.8 | G11: =+$D$6 -> 8675.8 | H11: =+$D$6 -> 8675.8 | I11: =+$D$6 -> 8675.8 | J11: =+$D$6 -> 8675.8 | K11: =+$D$6 -> 8675.8 | ... AA11: =+$D$6 -> 8675.8 | AB11: =(SUM(D11:AA11)) -> 208219.2 | AC11: 4 | AE11: =+AD26 -> 6246576
C12: Domingo | D12: =+$D$6 -> 8675.8 | E12: =+$D$6 -> 8675.8 | F12: =+$D$6 -> 8675.8 | G12: =+$D$6 -> 8675.8 | H12: =+$D$6 -> 8675.8 | I12: =+$D$6 -> 8675.8 | J12: =+$D$6 -> 8675.8 | K12: =+$D$6 -> 8675.8 | ... AA12: =+$D$6 -> 8675.8 | AB12: =(SUM(D12:AA12)) -> 208219.2 | AC12: 4 | AE12: =+AD30 -> 6454795.2
C13: Festivo | D13: =+$D$6 -> 8675.8 | E13: =+$D$6 -> 8675.8 | F13: =+$D$6 -> 8675.8 | G13: =+$D$6 -> 8675.8 | H13: =+$D$6 -> 8675.8 | I13: =+$D$6 -> 8675.8 | J13: =+$D$6 -> 8675.8 | K13: =+$D$6 -> 8675.8 | ... AA13: =+$D$6 -> 8675.8 | AB13: =(SUM(D13:AA13)) -> 208219.2 | AC13: 0 | AE13: =+AD34 -> 6454795.2
B14: 46447 | C14: Hábil | D14: =+$D$6 -> 8675.8 | E14: =+$D$6 -> 8675.8 | F14: =+$D$6 -> 8675.8 | G14: =+$D$6 -> 8675.8 | H14: =+$D$6 -> 8675.8 | I14: =+$D$6 -> 8675.8 | J14: =+$D$6 -> 8675.8 | K14: =+$D$6 -> 8675.8 | ... AA14: =+$D$6 -> 8675.8 | AB14: =(SUM(D14:AA14)) -> 208219.2 | AC14: 20 | AD14: =(AB14*AC14)+(AB15*AC15)+(AB16*AC16)+(AB17*AC17) -> 6454795.2 | AE14: =+AD38 -> 6246576
C15: Sábado | D15: =+$D$6 -> 8675.8 | E15: =+$D$6 -> 8675.8 | F15: =+$D$6 -> 8675.8 | G15: =+$D$6 -> 8675.8 | H15: =+$D$6 -> 8675.8 | I15: =+$D$6 -> 8675.8 | J15: =+$D$6 -> 8675.8 | K15: =+$D$6 -> 8675.8 | ... AA15: =+$D$6 -> 8675.8 | AB15: =(SUM(D15:AA15)) -> 208219.2 | AC15: 4 | AE15: =+AD42 -> 6454795.2
C16: Domingo | D16: =+$D$6 -> 8675.8 | E16: =+$D$6 -> 8675.8 | F16: =+$D$6 -> 8675.8 | G16: =+$D$6 -> 8675.8 | H16: =+$D$6 -> 8675.8 | I16: =+$D$6 -> 8675.8 | J16: =+$D$6 -> 8675.8 | K16: =+$D$6 -> 8675.8 | ... AA16: =+$D$6 -> 8675.8 | AB16: =(SUM(D16:AA16)) -> 208219.2 | AC16: 4 | AE16: =+AD46 -> 6246576
C17: Festivo | D17: =+$D$6 -> 8675.8 | E17: =+$D$6 -> 8675.8 | F17: =+$D$6 -> 8675.8 | G17: =+$D$6 -> 8675.8 | H17: =+$D$6 -> 8675.8 | I17: =+$D$6 -> 8675.8 | J17: =+$D$6 -> 8675.8 | K17: =+$D$6 -> 8675.8 | ... AA17: =+$D$6 -> 8675.8 | AB17: =(SUM(D17:AA17)) -> 208219.2 | AC17: 3 | AE17: =+AD50 -> 6454795.2
B18: 46478 | C18: Hábil | D18: =+$D$6 -> 8675.8 | E18: =+$D$6 -> 8675.8 | F18: =+$D$6 -> 8675.8 | G18: =+$D$6 -> 8675.8 | H18: =+$D$6 -> 8675.8 | I18: =+$D$6 -> 8675.8 | J18: =+$D$6 -> 8675.8 | K18: =+$D$6 -> 8675.8 | ... AA18: =+$D$6 -> 8675.8 | AB18: =(SUM(D18:AA18)) -> 208219.2 | AC18: 22 | AD18: =(AB18*AC18)+(AB19*AC19)+(AB20*AC20)+(AB21*AC21) -> 6246576
C19: Sábado | D19: =+$D$6 -> 8675.8 | E19: =+$D$6 -> 8675.8 | F19: =+$D$6 -> 8675.8 | G19: =+$D$6 -> 8675.8 | H19: =+$D$6 -> 8675.8 | I19: =+$D$6 -> 8675.8 | J19: =+$D$6 -> 8675.8 | K19: =+$D$6 -> 8675.8 | ... AA19: =+$D$6 -> 8675.8 | AB19: =(SUM(D19:AA19)) -> 208219.2 | AC19: 4
C20: Domingo | D20: =+$D$6 -> 8675.8 | E20: =+$D$6 -> 8675.8 | F20: =+$D$6 -> 8675.8 | G20: =+$D$6 -> 8675.8 | H20: =+$D$6 -> 8675.8 | I20: =+$D$6 -> 8675.8 | J20: =+$D$6 -> 8675.8 | K20: =+$D$6 -> 8675.8 | ... AA20: =+$D$6 -> 8675.8 | AB20: =(SUM(D20:AA20)) -> 208219.2 | AC20: 4
C21: Festivo | D21: =+$D$6 -> 8675.8 | E21: =+$D$6 -> 8675.8 | F21: =+$D$6 -> 8675.8 | G21: =+$D$6 -> 8675.8 | H21: =+$D$6 -> 8675.8 | I21: =+$D$6 -> 8675.8 | J21: =+$D$6 -> 8675.8 | K21: =+$D$6 -> 8675.8 | ... AA21: =+$D$6 -> 8675.8 | AB21: =(SUM(D21:AA21)) -> 208219.2 | AC21: 0
B22: 46508 | C22: Hábil | D22: =+$D$6 -> 8675.8 | E22: =+$D$6 -> 8675.8 | F22: =+$D$6 -> 8675.8 | G22: =+$D$6 -> 8675.8 | H22: =+$D$6 -> 8675.8 | I22: =+$D$6 -> 8675.8 | J22: =+$D$6 -> 8675.8 | K22: =+$D$6 -> 8675.8 | ... AA22: =+$D$6 -> 8675.8 | AB22: =(SUM(D22:AA22)) -> 208219.2 | AC22: 19 | AD22: =(AB22*AC22)+(AB23*AC23)+(AB24*AC24)+(AB25*AC25) -> 6454795.2
C23: Sábado | D23: =+$D$6 -> 8675.8 | E23: =+$D$6 -> 8675.8 | F23: =+$D$6 -> 8675.8 | G23: =+$D$6 -> 8675.8 | H23: =+$D$6 -> 8675.8 | I23: =+$D$6 -> 8675.8 | J23: =+$D$6 -> 8675.8 | K23: =+$D$6 -> 8675.8 | ... AA23: =+$D$6 -> 8675.8 | AB23: =(SUM(D23:AA23)) -> 208219.2 | AC23: 4
C24: Domingo | D24: =+$D$6 -> 8675.8 | E24: =+$D$6 -> 8675.8 | F24: =+$D$6 -> 8675.8 | G24: =+$D$6 -> 8675.8 | H24: =+$D$6 -> 8675.8 | I24: =+$D$6 -> 8675.8 | J24: =+$D$6 -> 8675.8 | K24: =+$D$6 -> 8675.8 | ... AA24: =+$D$6 -> 8675.8 | AB24: =(SUM(D24:AA24)) -> 208219.2 | AC24: 5
C25: Festivo | D25: =+$D$6 -> 8675.8 | E25: =+$D$6 -> 8675.8 | F25: =+$D$6 -> 8675.8 | G25: =+$D$6 -> 8675.8 | H25: =+$D$6 -> 8675.8 | I25: =+$D$6 -> 8675.8 | J25: =+$D$6 -> 8675.8 | K25: =+$D$6 -> 8675.8 | ... AA25: =+$D$6 -> 8675.8 | AB25: =(SUM(D25:AA25)) -> 208219.2 | AC25: 3
B26: 46539 | C26: Hábil | D26: =+$D$6 -> 8675.8 | E26: =+$D$6 -> 8675.8 | F26: =+$D$6 -> 8675.8 | G26: =+$D$6 -> 8675.8 | H26: =+$D$6 -> 8675.8 | I26: =+$D$6 -> 8675.8 | J26: =+$D$6 -> 8675.8 | K26: =+$D$6 -> 8675.8 | ... AA26: =+$D$6 -> 8675.8 | AB26: =(SUM(D26:AA26)) -> 208219.2 | AC26: 21 | AD26: =(AB26*AC26)+(AB27*AC27)+(AB28*AC28)+(AB29*AC29) -> 6246576
C27: Sábado | D27: =+$D$6 -> 8675.8 | E27: =+$D$6 -> 8675.8 | F27: =+$D$6 -> 8675.8 | G27: =+$D$6 -> 8675.8 | H27: =+$D$6 -> 8675.8 | I27: =+$D$6 -> 8675.8 | J27: =+$D$6 -> 8675.8 | K27: =+$D$6 -> 8675.8 | ... AA27: =+$D$6 -> 8675.8 | AB27: =(SUM(D27:AA27)) -> 208219.2 | AC27: 4
C28: Domingo | D28: =+$D$6 -> 8675.8 | E28: =+$D$6 -> 8675.8 | F28: =+$D$6 -> 8675.8 | G28: =+$D$6 -> 8675.8 | H28: =+$D$6 -> 8675.8 | I28: =+$D$6 -> 8675.8 | J28: =+$D$6 -> 8675.8 | K28: =+$D$6 -> 8675.8 | ... AA28: =+$D$6 -> 8675.8 | AB28: =(SUM(D28:AA28)) -> 208219.2 | AC28: 4
C29: Festivo | D29: =+$D$6 -> 8675.8 | E29: =+$D$6 -> 8675.8 | F29: =+$D$6 -> 8675.8 | G29: =+$D$6 -> 8675.8 | H29: =+$D$6 -> 8675.8 | I29: =+$D$6 -> 8675.8 | J29: =+$D$6 -> 8675.8 | K29: =+$D$6 -> 8675.8 | ... AA29: =+$D$6 -> 8675.8 | AB29: =(SUM(D29:AA29)) -> 208219.2 | AC29: 1
B30: 46569 | C30: Hábil | D30: =+$D$6 -> 8675.8 | E30: =+$D$6 -> 8675.8 | F30: =+$D$6 -> 8675.8 | G30: =+$D$6 -> 8675.8 | H30: =+$D$6 -> 8675.8 | I30: =+$D$6 -> 8675.8 | J30: =+$D$6 -> 8675.8 | K30: =+$D$6 -> 8675.8 | ... AA30: =+$D$6 -> 8675.8 | AB30: =(SUM(D30:AA30)) -> 208219.2 | AC30: 20 | AD30: =(AB30*AC30)+(AB31*AC31)+(AB32*AC32)+(AB33*AC33) -> 6454795.2
C31: Sábado | D31: =+$D$6 -> 8675.8 | E31: =+$D$6 -> 8675.8 | F31: =+$D$6 -> 8675.8 | G31: =+$D$6 -> 8675.8 | H31: =+$D$6 -> 8675.8 | I31: =+$D$6 -> 8675.8 | J31: =+$D$6 -> 8675.8 | K31: =+$D$6 -> 8675.8 | ... AA31: =+$D$6 -> 8675.8 | AB31: =(SUM(D31:AA31)) -> 208219.2 | AC31: 5
C32: domingo | D32: =+$D$6 -> 8675.8 | E32: =+$D$6 -> 8675.8 | F32: =+$D$6 -> 8675.8 | G32: =+$D$6 -> 8675.8 | H32: =+$D$6 -> 8675.8 | I32: =+$D$6 -> 8675.8 | J32: =+$D$6 -> 8675.8 | K32: =+$D$6 -> 8675.8 | ... AA32: =+$D$6 -> 8675.8 | AB32: =(SUM(D32:AA32)) -> 208219.2 | AC32: 4
C33: Festivo | D33: =+$D$6 -> 8675.8 | E33: =+$D$6 -> 8675.8 | F33: =+$D$6 -> 8675.8 | G33: =+$D$6 -> 8675.8 | H33: =+$D$6 -> 8675.8 | I33: =+$D$6 -> 8675.8 | J33: =+$D$6 -> 8675.8 | K33: =+$D$6 -> 8675.8 | ... AA33: =+$D$6 -> 8675.8 | AB33: =(SUM(D33:AA33)) -> 208219.2 | AC33: 2
B34: 46600 | C34: Hábil | D34: =+$D$6 -> 8675.8 | E34: =+$D$6 -> 8675.8 | F34: =+$D$6 -> 8675.8 | G34: =+$D$6 -> 8675.8 | H34: =+$D$6 -> 8675.8 | I34: =+$D$6 -> 8675.8 | J34: =+$D$6 -> 8675.8 | K34: =+$D$6 -> 8675.8 | ... AA34: =+$D$6 -> 8675.8 | AB34: =(SUM(D34:AA34)) -> 208219.2 | AC34: 21 | AD34: =(AB34*AC34)+(AB35*AC35)+(AB36*AC36)+(AB37*AC37) -> 6454795.2
C35: Sábado | D35: =+$D$6 -> 8675.8 | E35: =+$D$6 -> 8675.8 | F35: =+$D$6 -> 8675.8 | G35: =+$D$6 -> 8675.8 | H35: =+$D$6 -> 8675.8 | I35: =+$D$6 -> 8675.8 | J35: =+$D$6 -> 8675.8 | K35: =+$D$6 -> 8675.8 | ... AA35: =+$D$6 -> 8675.8 | AB35: =(SUM(D35:AA35)) -> 208219.2 | AC35: 3
C36: Domingo | D36: =+$D$6 -> 8675.8 | E36: =+$D$6 -> 8675.8 | F36: =+$D$6 -> 8675.8 | G36: =+$D$6 -> 8675.8 | H36: =+$D$6 -> 8675.8 | I36: =+$D$6 -> 8675.8 | J36: =+$D$6 -> 8675.8 | K36: =+$D$6 -> 8675.8 | ... AA36: =+$D$6 -> 8675.8 | AB36: =(SUM(D36:AA36)) -> 208219.2 | AC36: 5
C37: Festivo | D37: =+$D$6 -> 8675.8 | E37: =+$D$6 -> 8675.8 | F37: =+$D$6 -> 8675.8 | G37: =+$D$6 -> 8675.8 | H37: =+$D$6 -> 8675.8 | I37: =+$D$6 -> 8675.8 | J37: =+$D$6 -> 8675.8 | K37: =+$D$6 -> 8675.8 | ... AA37: =+$D$6 -> 8675.8 | AB37: =(SUM(D37:AA37)) -> 208219.2 | AC37: 2
B38: 46631 | C38: Hábil | D38: =+$D$6 -> 8675.8 | E38: =+$D$6 -> 8675.8 | F38: =+$D$6 -> 8675.8 | G38: =+$D$6 -> 8675.8 | H38: =+$D$6 -> 8675.8 | I38: =+$D$6 -> 8675.8 | J38: =+$D$6 -> 8675.8 | K38: =+$D$6 -> 8675.8 | ... AA38: =+$D$6 -> 8675.8 | AB38: =(SUM(D38:AA38)) -> 208219.2 | AC38: 22 | AD38: =(AB38*AC38)+(AB39*AC39)+(AB40*AC40)+(AB41*AC41) -> 6246576
C39: Sábado | D39: =+$D$6 -> 8675.8 | E39: =+$D$6 -> 8675.8 | F39: =+$D$6 -> 8675.8 | G39: =+$D$6 -> 8675.8 | H39: =+$D$6 -> 8675.8 | I39: =+$D$6 -> 8675.8 | J39: =+$D$6 -> 8675.8 | K39: =+$D$6 -> 8675.8 | ... AA39: =+$D$6 -> 8675.8 | AB39: =(SUM(D39:AA39)) -> 208219.2 | AC39: 4
C40: Domingo | D40: =+$D$6 -> 8675.8 | E40: =+$D$6 -> 8675.8 | F40: =+$D$6 -> 8675.8 | G40: =+$D$6 -> 8675.8 | H40: =+$D$6 -> 8675.8 | I40: =+$D$6 -> 8675.8 | J40: =+$D$6 -> 8675.8 | K40: =+$D$6 -> 8675.8 | ... AA40: =+$D$6 -> 8675.8 | AB40: =(SUM(D40:AA40)) -> 208219.2 | AC40: 4
C41: Festivo | D41: =+$D$6 -> 8675.8 | E41: =+$D$6 -> 8675.8 | F41: =+$D$6 -> 8675.8 | G41: =+$D$6 -> 8675.8 | H41: =+$D$6 -> 8675.8 | I41: =+$D$6 -> 8675.8 | J41: =+$D$6 -> 8675.8 | K41: =+$D$6 -> 8675.8 | ... AA41: =+$D$6 -> 8675.8 | AB41: =(SUM(D41:AA41)) -> 208219.2 | AC41: 0
B42: 46661 | C42: Hábil | D42: =+$D$6 -> 8675.8 | E42: =+$D$6 -> 8675.8 | F42: =+$D$6 -> 8675.8 | G42: =+$D$6 -> 8675.8 | H42: =+$D$6 -> 8675.8 | I42: =+$D$6 -> 8675.8 | J42: =+$D$6 -> 8675.8 | K42: =+$D$6 -> 8675.8 | ... AA42: =+$D$6 -> 8675.8 | AB42: =(SUM(D42:AA42)) -> 208219.2 | AC42: 20 | AD42: =(AB42*AC42)+(AB43*AC43)+(AB44*AC44)+(AB45*AC45) -> 6454795.2
C43: Sábado | D43: =+$D$6 -> 8675.8 | E43: =+$D$6 -> 8675.8 | F43: =+$D$6 -> 8675.8 | G43: =+$D$6 -> 8675.8 | H43: =+$D$6 -> 8675.8 | I43: =+$D$6 -> 8675.8 | J43: =+$D$6 -> 8675.8 | K43: =+$D$6 -> 8675.8 | ... AA43: =+$D$6 -> 8675.8 | AB43: =(SUM(D43:AA43)) -> 208219.2 | AC43: 5
C44: Domingo | D44: =+$D$6 -> 8675.8 | E44: =+$D$6 -> 8675.8 | F44: =+$D$6 -> 8675.8 | G44: =+$D$6 -> 8675.8 | H44: =+$D$6 -> 8675.8 | I44: =+$D$6 -> 8675.8 | J44: =+$D$6 -> 8675.8 | K44: =+$D$6 -> 8675.8 | ... AA44: =+$D$6 -> 8675.8 | AB44: =(SUM(D44:AA44)) -> 208219.2 | AC44: 5
C45: Festivo | D45: =+$D$6 -> 8675.8 | E45: =+$D$6 -> 8675.8 | F45: =+$D$6 -> 8675.8 | G45: =+$D$6 -> 8675.8 | H45: =+$D$6 -> 8675.8 | I45: =+$D$6 -> 8675.8 | J45: =+$D$6 -> 8675.8 | K45: =+$D$6 -> 8675.8 | ... AA45: =+$D$6 -> 8675.8 | AB45: =(SUM(D45:AA45)) -> 208219.2 | AC45: 1
B46: 46692 | C46: Hábil | D46: =+$D$6 -> 8675.8 | E46: =+$D$6 -> 8675.8 | F46: =+$D$6 -> 8675.8 | G46: =+$D$6 -> 8675.8 | H46: =+$D$6 -> 8675.8 | I46: =+$D$6 -> 8675.8 | J46: =+$D$6 -> 8675.8 | K46: =+$D$6 -> 8675.8 | ... AA46: =+$D$6 -> 8675.8 | AB46: =(SUM(D46:AA46)) -> 208219.2 | AC46: 20 | AD46: =(AB46*AC46)+(AB47*AC47)+(AB48*AC48)+(AB49*AC49) -> 6246576
C47: Sábado | D47: =+$D$6 -> 8675.8 | E47: =+$D$6 -> 8675.8 | F47: =+$D$6 -> 8675.8 | G47: =+$D$6 -> 8675.8 | H47: =+$D$6 -> 8675.8 | I47: =+$D$6 -> 8675.8 | J47: =+$D$6 -> 8675.8 | K47: =+$D$6 -> 8675.8 | ... AA47: =+$D$6 -> 8675.8 | AB47: =(SUM(D47:AA47)) -> 208219.2 | AC47: 4
C48: Domingo | D48: =+$D$6 -> 8675.8 | E48: =+$D$6 -> 8675.8 | F48: =+$D$6 -> 8675.8 | G48: =+$D$6 -> 8675.8 | H48: =+$D$6 -> 8675.8 | I48: =+$D$6 -> 8675.8 | J48: =+$D$6 -> 8675.8 | K48: =+$D$6 -> 8675.8 | ... AA48: =+$D$6 -> 8675.8 | AB48: =(SUM(D48:AA48)) -> 208219.2 | AC48: 4
C49: Festivo | D49: =+$D$6 -> 8675.8 | E49: =+$D$6 -> 8675.8 | F49: =+$D$6 -> 8675.8 | G49: =+$D$6 -> 8675.8 | H49: =+$D$6 -> 8675.8 | I49: =+$D$6 -> 8675.8 | J49: =+$D$6 -> 8675.8 | K49: =+$D$6 -> 8675.8 | ... AA49: =+$D$6 -> 8675.8 | AB49: =(SUM(D49:AA49)) -> 208219.2 | AC49: 2
B50: 46722 | C50: Hábil | D50: =+$D$6 -> 8675.8 | E50: =+$D$6 -> 8675.8 | F50: =+$D$6 -> 8675.8 | G50: =+$D$6 -> 8675.8 | H50: =+$D$6 -> 8675.8 | I50: =+$D$6 -> 8675.8 | J50: =+$D$6 -> 8675.8 | K50: =+$D$6 -> 8675.8 | ... AA50: =+$D$6 -> 8675.8 | AB50: =(SUM(D50:AA50)) -> 208219.2 | AC50: 22 | AD50: =(AB50*AC50)+(AB51*AC51)+(AB52*AC52)+(AB53*AC53) -> 6454795.2
C51: Sábado | D51: =+$D$6 -> 8675.8 | E51: =+$D$6 -> 8675.8 | F51: =+$D$6 -> 8675.8 | G51: =+$D$6 -> 8675.8 | H51: =+$D$6 -> 8675.8 | I51: =+$D$6 -> 8675.8 | J51: =+$D$6 -> 8675.8 | K51: =+$D$6 -> 8675.8 | ... AA51: =+$D$6 -> 8675.8 | AB51: =(SUM(D51:AA51)) -> 208219.2 | AC51: 3
C52: Domingo | D52: =+$D$6 -> 8675.8 | E52: =+$D$6 -> 8675.8 | F52: =+$D$6 -> 8675.8 | G52: =+$D$6 -> 8675.8 | H52: =+$D$6 -> 8675.8 | I52: =+$D$6 -> 8675.8 | J52: =+$D$6 -> 8675.8 | K52: =+$D$6 -> 8675.8 | ... AA52: =+$D$6 -> 8675.8 | AB52: =(SUM(D52:AA52)) -> 208219.2 | AC52: 4
C53: Festivo | D53: =+$D$6 -> 8675.8 | E53: =+$D$6 -> 8675.8 | F53: =+$D$6 -> 8675.8 | G53: =+$D$6 -> 8675.8 | H53: =+$D$6 -> 8675.8 | I53: =+$D$6 -> 8675.8 | J53: =+$D$6 -> 8675.8 | K53: =+$D$6 -> 8675.8 | ... AA53: =+$D$6 -> 8675.8 | AB53: =(SUM(D53:AA53)) -> 208219.2 | AC53: 2
AD54: =SUM(AD6:AD53) -> 76000008

Sheet Anexo 2 Producto 4
B4: ANEXO 2 - OFERTA PRODUCTO 4
B5: NOMBRE DEL OFERENTE
B6: PRECIOS Y CANTIDADES DE ENERGIA OFERTADA
B7: EN PESOS DE MARZO 2026
B8: PRODUCTO 4
B9: 2027 | C9: Enero | D9: =+'Producto 4 Plano 27'!AE6 -> 6454795.2 | F9: =+E9*D9 -> 0
B10: =+B9 -> 2027 | C10: Febrero | D10: =+'Producto 4 Plano 27'!AE7 -> 5830137.6 | F10: =+E10*D10 -> 0
B11: =+B10 -> 2027 | C11: Marzo | D11: =+'Producto 4 Plano 27'!AE8 -> 6454795.2 | F11: =+E11*D11 -> 0
B12: =+B11 -> 2027 | C12: Abril | D12: =+'Producto 4 Plano 27'!AE9 -> 6246576 | F12: =+E12*D12 -> 0
B13: =+B12 -> 2027 | C13: Mayo | D13: =+'Producto 4 Plano 27'!AE10 -> 6454795.2 | F13: =+E13*D13 -> 0
B14: =+B13 -> 2027 | C14: Junio | D14: =+'Producto 4 Plano 27'!AE11 -> 6246576 | F14: =+E14*D14 -> 0
B15: =+B14 -> 2027 | C15: Julio | D15: =+'Producto 4 Plano 27'!AE12 -> 6454795.2 | F15: =+E15*D15 -> 0
B16: =+B15 -> 2027 | C16: Agosto | D16: =+'Producto 4 Plano 27'!AE13 -> 6454795.2 | F16: =+E16*D16 -> 0
B17: =+B16 -> 2027 | C17: Septiembre | D17: =+'Producto 4 Plano 27'!AE14 -> 6246576 | F17: =+E17*D17 -> 0
B18: =+B17 -> 2027 | C18: Octubre | D18: =+'Producto 4 Plano 27'!AE15 -> 6454795.2 | F18: =+E18*D18 -> 0
B19: =+B18 -> 2027 | C19: Noviembre | D19: =+'Producto 4 Plano 27'!AE16 -> 6246576 | F19: =+E19*D19 -> 0
B20: =+B19 -> 2027 | C20: Diciembre | D20: =+'Producto 4 Plano 27'!AE17 -> 6454795.2 | F20: =+E20*D20 -> 0
B21: Total Producto 4 | D21: =+SUM(D9:D20) -> 76000008
B23: E. Solicitada = Energía solicitada por RUITOQUE para el producto.
B24: % E. Ofertado = Porcentaje de energía ofertado por el agente respecto a la E. Solicitada.
B25: E. Ofertada = Energía ofertada por el agente, producto de la E. Solicitada y el % E. Ofertado.
B26: $/kWh = Tarifa de la oferta para todas las horas del mes.

Sheet Producto 5 Plano 27
B2: ANEXO 1 - CANTIDADES DE ENERGÍA SOLICITADA EN kWh
B3: PRODUCTO 5
B4: PERIODO 01 DE ENERO DEL 2027 A DICIEMBRE 31 DE 2027
C5: DIA | D5: 1 | E5: 2 | F5: 3 | G5: 4 | H5: 5 | I5: 6 | J5: 7 | K5: 8 | L5: 9 | M5: 10 | N5: 11 | O5: 12 | P5: 13 | Q5: 14 | R5: 15 | S5: 16 | T5: 17 | U5: 18 | V5: 19 | W5: 20 | X5: 21 | Y5: 22 | Z5: 23 | AA5: 24 | AB5: Total | AC5: No. DÍAS | AD5: Total
B6: 46388 | C6: Hábil | D6: 4109.59 | E6: =+D6 -> 4109.59 | F6: =+D6 -> 4109.59 | G6: =+D6 -> 4109.59 | H6: =+D6 -> 4109.59 | I6: =+D6 -> 4109.59 | J6: =+D6 -> 4109.59 | K6: =+D6 -> 4109.59 | L6: =+D6 -> 4109.59 | M6: =+D6 -> 4109.59 | N6: =+D6 -> 4109.59 | O6: =+D6 -> 4109.59 | P6: =+D6 -> 4109.59 | Q6: =+D6 -> 4109.59 | R6: =+D6 -> 4109.59 | S6: =+D6 -> 4109.59 | T6: =+D6 -> 4109.59 | U6: =+D6 -> 4109.59 | V6: =+D6 -> 4109.59 | W6: =+D6 -> 4109.59 | X6: =+D6 -> 4109.59 | Y6: =+D6 -> 4109.59 | Z6: =+D6 -> 4109.59 | AA6: =+D6 -> 4109.59 | AB6: =(SUM(D6:AA6)) -> 98630.16 | AC6: 19 | AD6: =(AB6*AC6)+(AB7*AC7)+(AB8*AC8)+(AB9*AC9) -> 3057535 | AE6: =+AD6 -> 3057535
C7: Sábado | D7: =+D6 -> 4109.59 | E7: =+D6 -> 4109.59 | F7: =+D6 -> 4109.59 | G7: =+D6 -> 4109.59 | H7: =+D6 -> 4109.59 | I7: =+D6 -> 4109.59 | J7: =+D6 -> 4109.59 | K7: =+D6 -> 4109.59 | L7: =+D6 -> 4109.59 | M7: =+D6 -> 4109.59 | N7: =+D6 -> 4109.59 | O7: =+D6 -> 4109.59 | P7: =+D6 -> 4109.59 | Q7: =+D6 -> 4109.59 | R7: =+D6 -> 4109.59 | S7: =+D6 -> 4109.59 | T7: =+D6 -> 4109.59 | U7: =+D6 -> 4109.59 | V7: =+D6 -> 4109.59 | W7: =+D6 -> 4109.59 | X7: =+D6 -> 4109.59 | Y7: =+D6 -> 4109.59 | Z7: =+D6 -> 4109.59 | AA7: =+D6 -> 4109.59 | AB7: =(SUM(D7:AA7)) -> 98630.16 | AC7: 5 | AE7: =+AD10 -> 2761644.5
C8: Domingo | D8: =+D6 -> 4109.59 | E8: =+D6 -> 4109.59 | F8: =+D6 -> 4109.59 | G8: =+D6 -> 4109.59 | H8: =+D6 -> 4109.59 | I8: =+D6 -> 4109.59 | J8: =+D6 -> 4109.59 | K8: =+D6 -> 4109.59 | L8: =+D6 -> 4109.59 | M8: =+D6 -> 4109.59 | N8: =+D6 -> 4109.59 | O8: =+D6 -> 4109.59 | P8: =+D6 -> 4109.59 | Q8: =+D6 -> 4109.59 | R8: =+D6 -> 4109.59 | S8: =+D6 -> 4109.59 | T8: =+D6 -> 4109.59 | U8: =+D6 -> 4109.59 | V8: =+D6 -> 4109.59 | W8: =+D6 -> 4109.59 | X8: =+D6 -> 4109.59 | Y8: =+D6 -> 4109.59 | Z8: =+D6 -> 4109.59 | AA8: =+D6 -> 4109.59 | AB8: =(SUM(D8:AA8)) -> 98630.16 | AC8: 5 | AE8: =+AD14 -> 3057535
C9: Festivo | D9: =+D6 -> 4109.59 | E9: =+D6 -> 4109.59 | F9: =+D6 -> 4109.59 | G9: =+D6 -> 4109.59 | H9: =+D6 -> 4109.59 | I9: =+D6 -> 4109.59 | J9: =+D6 -> 4109.59 | K9: =+D6 -> 4109.59 | L9: =+D6 -> 4109.59 | M9: =+D6 -> 4109.59 | N9: =+D6 -> 4109.59 | O9: =+D6 -> 4109.59 | P9: =+D6 -> 4109.59 | Q9: =+D6 -> 4109.59 | R9: =+D6 -> 4109.59 | S9: =+D6 -> 4109.59 | T9: =+D6 -> 4109.59 | U9: =+D6 -> 4109.59 | V9: =+D6 -> 4109.59 | W9: =+D6 -> 4109.59 | X9: =+D6 -> 4109.59 | Y9: =+D6 -> 4109.59 | Z9: =+D6 -> 4109.59 | AA9: =+D6 -> 4109.59 | AB9: =(SUM(D9:AA9)) -> 98630.16 | AC9: 2 | AE9: =+AD18 -> 2958904.8
B10: 46419 | C10: Hábil | D10: 4109.59 | E10: =+D10 -> 4109.59 | F10: =+D10 -> 4109.59 | G10: =+D10 -> 4109.59 | H10: =+D10 -> 4109.59 | I10: =+D10 -> 4109.59 | J10: =+D10 -> 4109.59 | K10: =+D10 -> 4109.59 | L10: =+D10 -> 4109.59 | M10: =+D10 -> 4109.59 | N10: =+D10 -> 4109.59 | O10: =+D10 -> 4109.59 | P10: =+D10 -> 4109.59 | Q10: =+D10 -> 4109.59 | R10: =+D10 -> 4109.59 | S10: =+D10 -> 4109.59 | T10: =+D10 -> 4109.59 | U10: =+D10 -> 4109.59 | V10: =+D10 -> 4109.59 | W10: =+D10 -> 4109.59 | X10: =+D10 -> 4109.59 | Y10: =+D10 -> 4109.59 | Z10: =+D10 -> 4109.59 | AA10: =+D10 -> 4109.59 | AB10: =(SUM(D10:AA10)) -> 98630.16 | AC10: 20 | AD10: =(AB10*AC10)+(AB11*AC11)+(AB12*AC12)+(AB13*AC13) -> 2761644.5 | AE10: =+AD22 -> 3057535
C11: Sábado | D11: =+D10 -> 4109.59 | E11: =+D10 -> 4109.59 | F11: =+D10 -> 4109.59 | G11: =+D10 -> 4109.59 | H11: =+D10 -> 4109.59 | I11: =+D10 -> 4109.59 | J11: =+D10 -> 4109.59 | K11: =+D10 -> 4109.59 | L11: =+D10 -> 4109.59 | M11: =+D10 -> 4109.59 | N11: =+D10 -> 4109.59 | O11: =+D10 -> 4109.59 | P11: =+D10 -> 4109.59 | Q11: =+D10 -> 4109.59 | R11: =+D10 -> 4109.59 | S11: =+D10 -> 4109.59 | T11: =+D10 -> 4109.59 | U11: =+D10 -> 4109.59 | V11: =+D10 -> 4109.59 | W11: =+D10 -> 4109.59 | X11: =+D10 -> 4109.59 | Y11: =+D10 -> 4109.59 | Z11: =+D10 -> 4109.59 | AA11: =+D10 -> 4109.59 | AB11: =(SUM(D11:AA11)) -> 98630.16 | AC11: 4 | AE11: =+AD26 -> 2958904.8
C12: Domingo | D12: =+D10 -> 4109.59 | E12: =+D10 -> 4109.59 | F12: =+D10 -> 4109.59 | G12: =+D10 -> 4109.59 | H12: =+D10 -> 4109.59 | I12: =+D10 -> 4109.59 | J12: =+D10 -> 4109.59 | K12: =+D10 -> 4109.59 | L12: =+D10 -> 4109.59 | M12: =+D10 -> 4109.59 | N12: =+D10 -> 4109.59 | O12: =+D10 -> 4109.59 | P12: =+D10 -> 4109.59 | Q12: =+D10 -> 4109.59 | R12: =+D10 -> 4109.59 | S12: =+D10 -> 4109.59 | T12: =+D10 -> 4109.59 | U12: =+D10 -> 4109.59 | V12: =+D10 -> 4109.59 | W12: =+D10 -> 4109.59 | X12: =+D10 -> 4109.59 | Y12: =+D10 -> 4109.59 | Z12: =+D10 -> 4109.59 | AA12: =+D10 -> 4109.59 | AB12: =(SUM(D12:AA12)) -> 98630.16 | AC12: 4 | AE12: =+AD30 -> 3057535
C13: Festivo | D13: =+D10 -> 4109.59 | E13: =+D10 -> 4109.59 | F13: =+D10 -> 4109.59 | G13: =+D10 -> 4109.59 | H13: =+D10 -> 4109.59 | I13: =+D10 -> 4109.59 | J13: =+D10 -> 4109.59 | K13: =+D10 -> 4109.59 | L13: =+D10 -> 4109.59 | M13: =+D10 -> 4109.59 | N13: =+D10 -> 4109.59 | O13: =+D10 -> 4109.59 | P13: =+D10 -> 4109.59 | Q13: =+D10 -> 4109.59 | R13: =+D10 -> 4109.59 | S13: =+D10 -> 4109.59 | T13: =+D10 -> 4109.59 | U13: =+D10 -> 4109.59 | V13: =+D10 -> 4109.59 | W13: =+D10 -> 4109.59 | X13: =+D10 -> 4109.59 | Y13: =+D10 -> 4109.59 | Z13: =+D10 -> 4109.59 | AA13: =+D10 -> 4109.59 | AB13: =(SUM(D13:AA13)) -> 98630.16 | AC13: 0 | AE13: =+AD34 -> 3057535
B14: 46447 | C14: Hábil | D14: 4109.59 | E14: =+D14 -> 4109.59 | F14: =+D14 -> 4109.59 | G14: =+D14 -> 4109.59 | H14: =+D14 -> 4109.59 | I14: =+D14 -> 4109.59 | J14: =+D14 -> 4109.59 | K14: =+D14 -> 4109.59 | L14: =+D14 -> 4109.59 | M14: =+D14 -> 4109.59 | N14: =+D14 -> 4109.59 | O14: =+D14 -> 4109.59 | P14: =+D14 -> 4109.59 | Q14: =+D14 -> 4109.59 | R14: =+D14 -> 4109.59 | S14: =+D14 -> 4109.59 | T14: =+D14 -> 4109.59 | U14: =+D14 -> 4109.59 | V14: =+D14 -> 4109.59 | W14: =+D14 -> 4109.59 | X14: =+D14 -> 4109.59 | Y14: =+D14 -> 4109.59 | Z14: =+D14 -> 4109.59 | AA14: =+D14 -> 4109.59 | AB14: =(SUM(D14:AA14)) -> 98630.16 | AC14: 20 | AD14: =(AB14*AC14)+(AB15*AC15)+(AB16*AC16)+(AB17*AC17) -> 3057535 | AE14: =+AD38 -> 2958904.8
C15: Sábado | D15: =+D14 -> 4109.59 | E15: =+D14 -> 4109.59 | F15: =+D14 -> 4109.59 | G15: =+D14 -> 4109.59 | H15: =+D14 -> 4109.59 | I15: =+D14 -> 4109.59 | J15: =+D14 -> 4109.59 | K15: =+D14 -> 4109.59 | L15: =+D14 -> 4109.59 | M15: =+D14 -> 4109.59 | N15: =+D14 -> 4109.59 | O15: =+D14 -> 4109.59 | P15: =+D14 -> 4109.59 | Q15: =+D14 -> 4109.59 | R15: =+D14 -> 4109.59 | S15: =+D14 -> 4109.59 | T15: =+D14 -> 4109.59 | U15: =+D14 -> 4109.59 | V15: =+D14 -> 4109.59 | W15: =+D14 -> 4109.59 | X15: =+D14 -> 4109.59 | Y15: =+D14 -> 4109.59 | Z15: =+D14 -> 4109.59 | AA15: =+D14 -> 4109.59 | AB15: =(SUM(D15:AA15)) -> 98630.16 | AC15: 4 | AE15: =+AD42 -> 3057535
C16: Domingo | D16: =+D14 -> 4109.59 | E16: =+D14 -> 4109.59 | F16: =+D14 -> 4109.59 | G16: =+D14 -> 4109.59 | H16: =+D14 -> 4109.59 | I16: =+D14 -> 4109.59 | J16: =+D14 -> 4109.59 | K16: =+D14 -> 4109.59 | L16: =+D14 -> 4109.59 | M16: =+D14 -> 4109.59 | N16: =+D14 -> 4109.59 | O16: =+D14 -> 4109.59 | P16: =+D14 -> 4109.59 | Q16: =+D14 -> 4109.59 | R16: =+D14 -> 4109.59 | S16: =+D14 -> 4109.59 | T16: =+D14 -> 4109.59 | U16: =+D14 -> 4109.59 | V16: =+D14 -> 4109.59 | W16: =+D14 -> 4109.59 | X16: =+D14 -> 4109.59 | Y16: =+D14 -> 4109.59 | Z16: =+D14 -> 4109.59 | AA16: =+D14 -> 4109.59 | AB16: =(SUM(D16:AA16)) -> 98630.16 | AC16: 4 | AE16: =+AD46 -> 2958904.8
C17: Festivo | D17: =+D14 -> 4109.59 | E17: =+D14 -> 4109.59 | F17: =+D14 -> 4109.59 | G17: =+D14 -> 4109.59 | H17: =+D14 -> 4109.59 | I17: =+D14 -> 4109.59 | J17: =+D14 -> 4109.59 | K17: =+D14 -> 4109.59 | L17: =+D14 -> 4109.59 | M17: =+D14 -> 4109.59 | N17: =+D14 -> 4109.59 | O17: =+D14 -> 4109.59 | P17: =+D14 -> 4109.59 | Q17: =+D14 -> 4109.59 | R17: =+D14 -> 4109.59 | S17: =+D14 -> 4109.59 | T17: =+D14 -> 4109.59 | U17: =+D14 -> 4109.59 | V17: =+D14 -> 4109.59 | W17: =+D14 -> 4109.59 | X17: =+D14 -> 4109.59 | Y17: =+D14 -> 4109.59 | Z17: =+D14 -> 4109.59 | AA17: =+D14 -> 4109.59 | AB17: =(SUM(D17:AA17)) -> 98630.16 | AC17: 3 | AE17: =+AD50 -> 3057535
B18: 46478 | C18: Hábil | D18: 4109.59 | E18: =+D18 -> 4109.59 | F18: =+D18 -> 4109.59 | G18: =+D18 -> 4109.59 | H18: =+D18 -> 4109.59 | I18: =+D18 -> 4109.59 | J18: =+D18 -> 4109.59 | K18: =+D18 -> 4109.59 | L18: =+D18 -> 4109.59 | M18: =+D18 -> 4109.59 | N18: =+D18 -> 4109.59 | O18: =+D18 -> 4109.59 | P18: =+D18 -> 4109.59 | Q18: =+D18 -> 4109.59 | R18: =+D18 -> 4109.59 | S18: =+D18 -> 4109.59 | T18: =+D18 -> 4109.59 | U18: =+D18 -> 4109.59 | V18: =+D18 -> 4109.59 | W18: =+D18 -> 4109.59 | X18: =+D18 -> 4109.59 | Y18: =+D18 -> 4109.59 | Z18: =+D18 -> 4109.59 | AA18: =+D18 -> 4109.59 | AB18: =(SUM(D18:AA18)) -> 98630.16 | AC18: 22 | AD18: =(AB18*AC18)+(AB19*AC19)+(AB20*AC20)+(AB21*AC21) -> 2958904.8
C19: Sábado | D19: =+D18 -> 4109.59 | E19: =+D18 -> 4109.59 | F19: =+D18 -> 4109.59 | G19: =+D18 -> 4109.59 | H19: =+D18 -> 4109.59 | I19: =+D18 -> 4109.59 | J19: =+D18 -> 4109.59 | K19: =+D18 -> 4109.59 | L19: =+D18 -> 4109.59 | M19: =+D18 -> 4109.59 | N19: =+D18 -> 4109.59 | O19: =+D18 -> 4109.59 | P19: =+D18 -> 4109.59 | Q19: =+D18 -> 4109.59 | R19: =+D18 -> 4109.59 | S19: =+D18 -> 4109.59 | T19: =+D18 -> 4109.59 | U19: =+D18 -> 4109.59 | V19: =+D18 -> 4109.59 | W19: =+D18 -> 4109.59 | X19: =+D18 -> 4109.59 | Y19: =+D18 -> 4109.59 | Z19: =+D18 -> 4109.59 | AA19: =+D18 -> 4109.59 | AB19: =(SUM(D19:AA19)) -> 98630.16 | AC19: 4
C20: Domingo | D20: =+D18 -> 4109.59 | E20: =+D18 -> 4109.59 | F20: =+D18 -> 4109.59 | G20: =+D18 -> 4109.59 | H20: =+D18 -> 4109.59 | I20: =+D18 -> 4109.59 | J20: =+D18 -> 4109.59 | K20: =+D18 -> 4109.59 | L20: =+D18 -> 4109.59 | M20: =+D18 -> 4109.59 | N20: =+D18 -> 4109.59 | O20: =+D18 -> 4109.59 | P20: =+D18 -> 4109.59 | Q20: =+D18 -> 4109.59 | R20: =+D18 -> 4109.59 | S20: =+D18 -> 4109.59 | T20: =+D18 -> 4109.59 | U20: =+D18 -> 4109.59 | V20: =+D18 -> 4109.59 | W20: =+D18 -> 4109.59 | X20: =+D18 -> 4109.59 | Y20: =+D18 -> 4109.59 | Z20: =+D18 -> 4109.59 | AA20: =+D18 -> 4109.59 | AB20: =(SUM(D20:AA20)) -> 98630.16 | AC20: 4
C21: Festivo | D21: =+D18 -> 4109.59 | E21: =+D18 -> 4109.59 | F21: =+D18 -> 4109.59 | G21: =+D18 -> 4109.59 | H21: =+D18 -> 4109.59 | I21: =+D18 -> 4109.59 | J21: =+D18 -> 4109.59 | K21: =+D18 -> 4109.59 | L21: =+D18 -> 4109.59 | M21: =+D18 -> 4109.59 | N21: =+D18 -> 4109.59 | O21: =+D18 -> 4109.59 | P21: =+D18 -> 4109.59 | Q21: =+D18 -> 4109.59 | R21: =+D18 -> 4109.59 | S21: =+D18 -> 4109.59 | T21: =+D18 -> 4109.59 | U21: =+D18 -> 4109.59 | V21: =+D18 -> 4109.59 | W21: =+D18 -> 4109.59 | X21: =+D18 -> 4109.59 | Y21: =+D18 -> 4109.59 | Z21: =+D18 -> 4109.59 | AA21: =+D18 -> 4109.59 | AB21: =(SUM(D21:AA21)) -> 98630.16 | AC21: 0
B22: 46508 | C22: Hábil | D22: 4109.59 | E22: =+D22 -> 4109.59 | F22: =+D22 -> 4109.59 | G22: =+D22 -> 4109.59 | H22: =+D22 -> 4109.59 | I22: =+D22 -> 4109.59 | J22: =+D22 -> 4109.59 | K22: =+D22 -> 4109.59 | L22: =+D22 -> 4109.59 | M22: =+D22 -> 4109.59 | N22: =+D22 -> 4109.59 | O22: =+D22 -> 4109.59 | P22: =+D22 -> 4109.59 | Q22: =+D22 -> 4109.59 | R22: =+D22 -> 4109.59 | S22: =+D22 -> 4109.59 | T22: =+D22 -> 4109.59 | U22: =+D22 -> 4109.59 | V22: =+D22 -> 4109.59 | W22: =+D22 -> 4109.59 | X22: =+D22 -> 4109.59 | Y22: =+D22 -> 4109.59 | Z22: =+D22 -> 4109.59 | AA22: =+D22 -> 4109.59 | AB22: =(SUM(D22:AA22)) -> 98630.16 | AC22: 19 | AD22: =(AB22*AC22)+(AB23*AC23)+(AB24*AC24)+(AB25*AC25) -> 3057535
C23: Sábado | D23: =+D22 -> 4109.59 | E23: =+D22 -> 4109.59 | F23: =+D22 -> 4109.59 | G23: =+D22 -> 4109.59 | H23: =+D22 -> 4109.59 | I23: =+D22 -> 4109.59 | J23: =+D22 -> 4109.59 | K23: =+D22 -> 4109.59 | L23: =+D22 -> 4109.59 | M23: =+D22 -> 4109.59 | N23: =+D22 -> 4109.59 | O23: =+D22 -> 4109.59 | P23: =+D22 -> 4109.59 | Q23: =+D22 -> 4109.59 | R23: =+D22 -> 4109.59 | S23: =+D22 -> 4109.59 | T23: =+D22 -> 4109.59 | U23: =+D22 -> 4109.59 | V23: =+D22 -> 4109.59 | W23: =+D22 -> 4109.59 | X23: =+D22 -> 4109.59 | Y23: =+D22 -> 4109.59 | Z23: =+D22 -> 4109.59 | AA23: =+D22 -> 4109.59 | AB23: =(SUM(D23:AA23)) -> 98630.16 | AC23: 4
C24: Domingo | D24: =+D22 -> 4109.59 | E24: =+D22 -> 4109.59 | F24: =+D22 -> 4109.59 | G24: =+D22 -> 4109.59 | H24: =+D22 -> 4109.59 | I24: =+D22 -> 4109.59 | J24: =+D22 -> 4109.59 | K24: =+D22 -> 4109.59 | L24: =+D22 -> 4109.59 | M24: =+D22 -> 4109.59 | N24: =+D22 -> 4109.59 | O24: =+D22 -> 4109.59 | P24: =+D22 -> 4109.59 | Q24: =+D22 -> 4109.59 | R24: =+D22 -> 4109.59 | S24: =+D22 -> 4109.59 | T24: =+D22 -> 4109.59 | U24: =+D22 -> 4109.59 | V24: =+D22 -> 4109.59 | W24: =+D22 -> 4109.59 | X24: =+D22 -> 4109.59 | Y24: =+D22 -> 4109.59 | Z24: =+D22 -> 4109.59 | AA24: =+D22 -> 4109.59 | AB24: =(SUM(D24:AA24)) -> 98630.16 | AC24: 5
C25: Festivo | D25: =+D22 -> 4109.59 | E25: =+D22 -> 4109.59 | F25: =+D22 -> 4109.59 | G25: =+D22 -> 4109.59 | H25: =+D22 -> 4109.59 | I25: =+D22 -> 4109.59 | J25: =+D22 -> 4109.59 | K25: =+D22 -> 4109.59 | L25: =+D22 -> 4109.59 | M25: =+D22 -> 4109.59 | N25: =+D22 -> 4109.59 | O25: =+D22 -> 4109.59 | P25: =+D22 -> 4109.59 | Q25: =+D22 -> 4109.59 | R25: =+D22 -> 4109.59 | S25: =+D22 -> 4109.59 | T25: =+D22 -> 4109.59 | U25: =+D22 -> 4109.59 | V25: =+D22 -> 4109.59 | W25: =+D22 -> 4109.59 | X25: =+D22 -> 4109.59 | Y25: =+D22 -> 4109.59 | Z25: =+D22 -> 4109.59 | AA25: =+D22 -> 4109.59 | AB25: =(SUM(D25:AA25)) -> 98630.16 | AC25: 3
B26: 46539 | C26: Hábil | D26: 4109.59 | E26: =+D26 -> 4109.59 | F26: =+D26 -> 4109.59 | G26: =+D26 -> 4109.59 | H26: =+D26 -> 4109.59 | I26: =+D26 -> 4109.59 | J26: =+D26 -> 4109.59 | K26: =+D26 -> 4109.59 | L26: =+D26 -> 4109.59 | M26: =+D26 -> 4109.59 | N26: =+D26 -> 4109.59 | O26: =+D26 -> 4109.59 | P26: =+D26 -> 4109.59 | Q26: =+D26 -> 4109.59 | R26: =+D26 -> 4109.59 | S26: =+D26 -> 4109.59 | T26: =+D26 -> 4109.59 | U26: =+D26 -> 4109.59 | V26: =+D26 -> 4109.59 | W26: =+D26 -> 4109.59 | X26: =+D26 -> 4109.59 | Y26: =+D26 -> 4109.59 | Z26: =+D26 -> 4109.59 | AA26: =+D26 -> 4109.59 | AB26: =(SUM(D26:AA26)) -> 98630.16 | AC26: 21 | AD26: =(AB26*AC26)+(AB27*AC27)+(AB28*AC28)+(AB29*AC29) -> 2958904.8
C27: Sábado | D27: =+D26 -> 4109.59 | E27: =+D26 -> 4109.59 | F27: =+D26 -> 4109.59 | G27: =+D26 -> 4109.59 | H27: =+D26 -> 4109.59 | I27: =+D26 -> 4109.59 | J27: =+D26 -> 4109.59 | K27: =+D26 -> 4109.59 | L27: =+D26 -> 4109.59 | M27: =+D26 -> 4109.59 | N27: =+D26 -> 4109.59 | O27: =+D26 -> 4109.59 | P27: =+D26 -> 4109.59 | Q27: =+D26 -> 4109.59 | R27: =+D26 -> 4109.59 | S27: =+D26 -> 4109.59 | T27: =+D26 -> 4109.59 | U27: =+D26 -> 4109.59 | V27: =+D26 -> 4109.59 | W27: =+D26 -> 4109.59 | X27: =+D26 -> 4109.59 | Y27: =+D26 -> 4109.59 | Z27: =+D26 -> 4109.59 | AA27: =+D26 -> 4109.59 | AB27: =(SUM(D27:AA27)) -> 98630.16 | AC27: 4
C28: Domingo | D28: =+D26 -> 4109.59 | E28: =+D26 -> 4109.59 | F28: =+D26 -> 4109.59 | G28: =+D26 -> 4109.59 | H28: =+D26 -> 4109.59 | I28: =+D26 -> 4109.59 | J28: =+D26 -> 4109.59 | K28: =+D26 -> 4109.59 | L28: =+D26 -> 4109.59 | M28: =+D26 -> 4109.59 | N28: =+D26 -> 4109.59 | O28: =+D26 -> 4109.59 | P28: =+D26 -> 4109.59 | Q28: =+D26 -> 4109.59 | R28: =+D26 -> 4109.59 | S28: =+D26 -> 4109.59 | T28: =+D26 -> 4109.59 | U28: =+D26 -> 4109.59 | V28: =+D26 -> 4109.59 | W28: =+D26 -> 4109.59 | X28: =+D26 -> 4109.59 | Y28: =+D26 -> 4109.59 | Z28: =+D26 -> 4109.59 | AA28: =+D26 -> 4109.59 | AB28: =(SUM(D28:AA28)) -> 98630.16 | AC28: 4
C29: Festivo | D29: =+D26 -> 4109.59 | E29: =+D26 -> 4109.59 | F29: =+D26 -> 4109.59 | G29: =+D26 -> 4109.59 | H29: =+D26 -> 4109.59 | I29: =+D26 -> 4109.59 | J29: =+D26 -> 4109.59 | K29: =+D26 -> 4109.59 | L29: =+D26 -> 4109.59 | M29: =+D26 -> 4109.59 | N29: =+D26 -> 4109.59 | O29: =+D26 -> 4109.59 | P29: =+D26 -> 4109.59 | Q29: =+D26 -> 4109.59 | R29: =+D26 -> 4109.59 | S29: =+D26 -> 4109.59 | T29: =+D26 -> 4109.59 | U29: =+D26 -> 4109.59 | V29: =+D26 -> 4109.59 | W29: =+D26 -> 4109.59 | X29: =+D26 -> 4109.59 | Y29: =+D26 -> 4109.59 | Z29: =+D26 -> 4109.59 | AA29: =+D26 -> 4109.59 | AB29: =(SUM(D29:AA29)) -> 98630.16 | AC29: 1
B30: 46569 | C30: Hábil | D30: 4109.59 | E30: =+D30 -> 4109.59 | F30: =+D30 -> 4109.59 | G30: =+D30 -> 4109.59 | H30: =+D30 -> 4109.59 | I30: =+D30 -> 4109.59 | J30: =+D30 -> 4109.59 | K30: =+D30 -> 4109.59 | L30: =+D30 -> 4109.59 | M30: =+D30 -> 4109.59 | N30: =+D30 -> 4109.59 | O30: =+D30 -> 4109.59 | P30: =+D30 -> 4109.59 | Q30: =+D30 -> 4109.59 | R30: =+D30 -> 4109.59 | S30: =+D30 -> 4109.59 | T30: =+D30 -> 4109.59 | U30: =+D30 -> 4109.59 | V30: =+D30 -> 4109.59 | W30: =+D30 -> 4109.59 | X30: =+D30 -> 4109.59 | Y30: =+D30 -> 4109.59 | Z30: =+D30 -> 4109.59 | AA30: =+D30 -> 4109.59 | AB30: =(SUM(D30:AA30)) -> 98630.16 | AC30: 20 | AD30: =(AB30*AC30)+(AB31*AC31)+(AB32*AC32)+(AB33*AC33) -> 3057535
C31: Sábado | D31: =+D30 -> 4109.59 | E31: =+D30 -> 4109.59 | F31: =+D30 -> 4109.59 | G31: =+D30 -> 4109.59 | H31: =+D30 -> 4109.59 | I31: =+D30 -> 4109.59 | J31: =+D30 -> 4109.59 | K31: =+D30 -> 4109.59 | L31: =+D30 -> 4109.59 | M31: =+D30 -> 4109.59 | N31: =+D30 -> 4109.59 | O31: =+D30 -> 4109.59 | P31: =+D30 -> 4109.59 | Q31: =+D30 -> 4109.59 | R31: =+D30 -> 4109.59 | S31: =+D30 -> 4109.59 | T31: =+D30 -> 4109.59 | U31: =+D30 -> 4109.59 | V31: =+D30 -> 4109.59 | W31: =+D30 -> 4109.59 | X31: =+D30 -> 4109.59 | Y31: =+D30 -> 4109.59 | Z31: =+D30 -> 4109.59 | AA31: =+D30 -> 4109.59 | AB31: =(SUM(D31:AA31)) -> 98630.16 | AC31: 5
C32: domingo | D32: =+D30 -> 4109.59 | E32: =+D30 -> 4109.59 | F32: =+D30 -> 4109.59 | G32: =+D30 -> 4109.59 | H32: =+D30 -> 4109.59 | I32: =+D30 -> 4109.59 | J32: =+D30 -> 4109.59 | K32: =+D30 -> 4109.59 | L32: =+D30 -> 4109.59 | M32: =+D30 -> 4109.59 | N32: =+D30 -> 4109.59 | O32: =+D30 -> 4109.59 | P32: =+D30 -> 4109.59 | Q32: =+D30 -> 4109.59 | R32: =+D30 -> 4109.59 | S32: =+D30 -> 4109.59 | T32: =+D30 -> 4109.59 | U32: =+D30 -> 4109.59 | V32: =+D30 -> 4109.59 | W32: =+D30 -> 4109.59 | X32: =+D30 -> 4109.59 | Y32: =+D30 -> 4109.59 | Z32: =+D30 -> 4109.59 | AA32: =+D30 -> 4109.59 | AB32: =(SUM(D32:AA32)) -> 98630.16 | AC32: 4
C33: Festivo | D33: =+D30 -> 4109.59 | E33: =+D30 -> 4109.59 | F33: =+D30 -> 4109.59 | G33: =+D30 -> 4109.59 | H33: =+D30 -> 4109.59 | I33: =+D30 -> 4109.59 | J33: =+D30 -> 4109.59 | K33: =+D30 -> 4109.59 | L33: =+D30 -> 4109.59 | M33: =+D30 -> 4109.59 | N33: =+D30 -> 4109.59 | O33: =+D30 -> 4109.59 | P33: =+D30 -> 4109.59 | Q33: =+D30 -> 4109.59 | R33: =+D30 -> 4109.59 | S33: =+D30 -> 4109.59 | T33: =+D30 -> 4109.59 | U33: =+D30 -> 4109.59 | V33: =+D30 -> 4109.59 | W33: =+D30 -> 4109.59 | X33: =+D30 -> 4109.59 | Y33: =+D30 -> 4109.59 | Z33: =+D30 -> 4109.59 | AA33: =+D30 -> 4109.59 | AB33: =(SUM(D33:AA33)) -> 98630.16 | AC33: 2
B34: 46600 | C34: Hábil | D34: 4109.59 | E34: =+D34 -> 4109.59 | F34: =+D34 -> 4109.59 | G34: =+D34 -> 4109.59 | H34: =+D34 -> 4109.59 | I34: =+D34 -> 4109.59 | J34: =+D34 -> 4109.59 | K34: =+D34 -> 4109.59 | L34: =+D34 -> 4109.59 | M34: =+D34 -> 4109.59 | N34: =+D34 -> 4109.59 | O34: =+D34 -> 4109.59 | P34: =+D34 -> 4109.59 | Q34: =+D34 -> 4109.59 | R34: =+D34 -> 4109.59 | S34: =+D34 -> 4109.59 | T34: =+D34 -> 4109.59 | U34: =+D34 -> 4109.59 | V34: =+D34 -> 4109.59 | W34: =+D34 -> 4109.59 | X34: =+D34 -> 4109.59 | Y34: =+D34 -> 4109.59 | Z34: =+D34 -> 4109.59 | AA34: =+D34 -> 4109.59 | AB34: =(SUM(D34:AA34)) -> 98630.16 | AC34: 21 | AD34: =(AB34*AC34)+(AB35*AC35)+(AB36*AC36)+(AB37*AC37) -> 3057535
C35: Sábado | D35: =+D34 -> 4109.59 | E35: =+D34 -> 4109.59 | F35: =+D34 -> 4109.59 | G35: =+D34 -> 4109.59 | H35: =+D34 -> 4109.59 | I35: =+D34 -> 4109.59 | J35: =+D34 -> 4109.59 | K35: =+D34 -> 4109.59 | L35: =+D34 -> 4109.59 | M35: =+D34 -> 4109.59 | N35: =+D34 -> 4109.59 | O35: =+D34 -> 4109.59 | P35: =+D34 -> 4109.59 | Q35: =+D34 -> 4109.59 | R35: =+D34 -> 4109.59 | S35: =+D34 -> 4109.59 | T35: =+D34 -> 4109.59 | U35: =+D34 -> 4109.59 | V35: =+D34 -> 4109.59 | W35: =+D34 -> 4109.59 | X35: =+D34 -> 4109.59 | Y35: =+D34 -> 4109.59 | Z35: =+D34 -> 4109.59 | AA35: =+D34 -> 4109.59 | AB35: =(SUM(D35:AA35)) -> 98630.16 | AC35: 3
C36: Domingo | D36: =+D34 -> 4109.59 | E36: =+D34 -> 4109.59 | F36: =+D34 -> 4109.59 | G36: =+D34 -> 4109.59 | H36: =+D34 -> 4109.59 | I36: =+D34 -> 4109.59 | J36: =+D34 -> 4109.59 | K36: =+D34 -> 4109.59 | L36: =+D34 -> 4109.59 | M36: =+D34 -> 4109.59 | N36: =+D34 -> 4109.59 | O36: =+D34 -> 4109.59 | P36: =+D34 -> 4109.59 | Q36: =+D34 -> 4109.59 | R36: =+D34 -> 4109.59 | S36: =+D34 -> 4109.59 | T36: =+D34 -> 4109.59 | U36: =+D34 -> 4109.59 | V36: =+D34 -> 4109.59 | W36: =+D34 -> 4109.59 | X36: =+D34 -> 4109.59 | Y36: =+D34 -> 4109.59 | Z36: =+D34 -> 4109.59 | AA36: =+D34 -> 4109.59 | AB36: =(SUM(D36:AA36)) -> 98630.16 | AC36: 5
C37: Festivo | D37: =+D34 -> 4109.59 | E37: =+D34 -> 4109.59 | F37: =+D34 -> 4109.59 | G37: =+D34 -> 4109.59 | H37: =+D34 -> 4109.59 | I37: =+D34 -> 4109.59 | J37: =+D34 -> 4109.59 | K37: =+D34 -> 4109.59 | L37: =+D34 -> 4109.59 | M37: =+D34 -> 4109.59 | N37: =+D34 -> 4109.59 | O37: =+D34 -> 4109.59 | P37: =+D34 -> 4109.59 | Q37: =+D34 -> 4109.59 | R37: =+D34 -> 4109.59 | S37: =+D34 -> 4109.59 | T37: =+D34 -> 4109.59 | U37: =+D34 -> 4109.59 | V37: =+D34 -> 4109.59 | W37: =+D34 -> 4109.59 | X37: =+D34 -> 4109.59 | Y37: =+D34 -> 4109.59 | Z37: =+D34 -> 4109.59 | AA37: =+D34 -> 4109.59 | AB37: =(SUM(D37:AA37)) -> 98630.16 | AC37: 2
B38: 46631 | C38: Hábil | D38: 4109.59 | E38: =+D38 -> 4109.59 | F38: =+D38 -> 4109.59 | G38: =+D38 -> 4109.59 | H38: =+D38 -> 4109.59 | I38: =+D38 -> 4109.59 | J38: =+D38 -> 4109.59 | K38: =+D38 -> 4109.59 | L38: =+D38 -> 4109.59 | M38: =+D38 -> 4109.59 | N38: =+D38 -> 4109.59 | O38: =+D38 -> 4109.59 | P38: =+D38 -> 4109.59 | Q38: =+D38 -> 4109.59 | R38: =+D38 -> 4109.59 | S38: =+D38 -> 4109.59 | T38: =+D38 -> 4109.59 | U38: =+D38 -> 4109.59 | V38: =+D38 -> 4109.59 | W38: =+D38 -> 4109.59 | X38: =+D38 -> 4109.59 | Y38: =+D38 -> 4109.59 | Z38: =+D38 -> 4109.59 | AA38: =+D38 -> 4109.59 | AB38: =(SUM(D38:AA38)) -> 98630.16 | AC38: 22 | AD38: =(AB38*AC38)+(AB39*AC39)+(AB40*AC40)+(AB41*AC41) -> 2958904.8
C39: Sábado | D39: =+D38 -> 4109.59 | E39: =+D38 -> 4109.59 | F39: =+D38 -> 4109.59 | G39: =+D38 -> 4109.59 | H39: =+D38 -> 4109.59 | I39: =+D38 -> 4109.59 | J39: =+D38 -> 4109.59 | K39: =+D38 -> 4109.59 | L39: =+D38 -> 4109.59 | M39: =+D38 -> 4109.59 | N39: =+D38 -> 4109.59 | O39: =+D38 -> 4109.59 | P39: =+D38 -> 4109.59 | Q39: =+D38 -> 4109.59 | R39: =+D38 -> 4109.59 | S39: =+D38 -> 4109.59 | T39: =+D38 -> 4109.59 | U39: =+D38 -> 4109.59 | V39: =+D38 -> 4109.59 | W39: =+D38 -> 4109.59 | X39: =+D38 -> 4109.59 | Y39: =+D38 -> 4109.59 | Z39: =+D38 -> 4109.59 | AA39: =+D38 -> 4109.59 | AB39: =(SUM(D39:AA39)) -> 98630.16 | AC39: 4
C40: Domingo | D40: =+D38 -> 4109.59 | E40: =+D38 -> 4109.59 | F40: =+D38 -> 4109.59 | G40: =+D38 -> 4109.59 | H40: =+D38 -> 4109.59 | I40: =+D38 -> 4109.59 | J40: =+D38 -> 4109.59 | K40: =+D38 -> 4109.59 | L40: =+D38 -> 4109.59 | M40: =+D38 -> 4109.59 | N40: =+D38 -> 4109.59 | O40: =+D38 -> 4109.59 | P40: =+D38 -> 4109.59 | Q40: =+D38 -> 4109.59 | R40: =+D38 -> 4109.59 | S40: =+D38 -> 4109.59 | T40: =+D38 -> 4109.59 | U40: =+D38 -> 4109.59 | V40: =+D38 -> 4109.59 | W40: =+D38 -> 4109.59 | X40: =+D38 -> 4109.59 | Y40: =+D38 -> 4109.59 | Z40: =+D38 -> 4109.59 | AA40: =+D38 -> 4109.59 | AB40: =(SUM(D40:AA40)) -> 98630.16 | AC40: 4
C41: Festivo | D41: =+D38 -> 4109.59 | E41: =+D38 -> 4109.59 | F41: =+D38 -> 4109.59 | G41: =+D38 -> 4109.59 | H41: =+D38 -> 4109.59 | I41: =+D38 -> 4109.59 | J41: =+D38 -> 4109.59 | K41: =+D38 -> 4109.59 | L41: =+D38 -> 4109.59 | M41: =+D38 -> 4109.59 | N41: =+D38 -> 4109.59 | O41: =+D38 -> 4109.59 | P41: =+D38 -> 4109.59 | Q41: =+D38 -> 4109.59 | R41: =+D38 -> 4109.59 | S41: =+D38 -> 4109.59 | T41: =+D38 -> 4109.59 | U41: =+D38 -> 4109.59 | V41: =+D38 -> 4109.59 | W41: =+D38 -> 4109.59 | X41: =+D38 -> 4109.59 | Y41: =+D38 -> 4109.59 | Z41: =+D38 -> 4109.59 | AA41: =+D38 -> 4109.59 | AB41: =(SUM(D41:AA41)) -> 98630.16 | AC41: 0
B42: 46661 | C42: Hábil | D42: 4109.59 | E42: =+D42 -> 4109.59 | F42: =+D42 -> 4109.59 | G42: =+D42 -> 4109.59 | H42: =+D42 -> 4109.59 | I42: =+D42 -> 4109.59 | J42: =+D42 -> 4109.59 | K42: =+D42 -> 4109.59 | L42: =+D42 -> 4109.59 | M42: =+D42 -> 4109.59 | N42: =+D42 -> 4109.59 | O42: =+D42 -> 4109.59 | P42: =+D42 -> 4109.59 | Q42: =+D42 -> 4109.59 | R42: =+D42 -> 4109.59 | S42: =+D42 -> 4109.59 | T42: =+D42 -> 4109.59 | U42: =+D42 -> 4109.59 | V42: =+D42 -> 4109.59 | W42: =+D42 -> 4109.59 | X42: =+D42 -> 4109.59 | Y42: =+D42 -> 4109.59 | Z42: =+D42 -> 4109.59 | AA42: =+D42 -> 4109.59 | AB42: =(SUM(D42:AA42)) -> 98630.16 | AC42: 20 | AD42: =(AB42*AC42)+(AB43*AC43)+(AB44*AC44)+(AB45*AC45) -> 3057535
C43: Sábado | D43: =+D42 -> 4109.59 | E43: =+D42 -> 4109.59 | F43: =+D42 -> 4109.59 | G43: =+D42 -> 4109.59 | H43: =+D42 -> 4109.59 | I43: =+D42 -> 4109.59 | J43: =+D42 -> 4109.59 | K43: =+D42 -> 4109.59 | L43: =+D42 -> 4109.59 | M43: =+D42 -> 4109.59 | N43: =+D42 -> 4109.59 | O43: =+D42 -> 4109.59 | P43: =+D42 -> 4109.59 | Q43: =+D42 -> 4109.59 | R43: =+D42 -> 4109.59 | S43: =+D42 -> 4109.59 | T43: =+D42 -> 4109.59 | U43: =+D42 -> 4109.59 | V43: =+D42 -> 4109.59 | W43: =+D42 -> 4109.59 | X43: =+D42 -> 4109.59 | Y43: =+D42 -> 4109.59 | Z43: =+D42 -> 4109.59 | AA43: =+D42 -> 4109.59 | AB43: =(SUM(D43:AA43)) -> 98630.16 | AC43: 5
C44: Domingo | D44: =+D42 -> 4109.59 | E44: =+D42 -> 4109.59 | F44: =+D42 -> 4109.59 | G44: =+D42 -> 4109.59 | H44: =+D42 -> 4109.59 | I44: =+D42 -> 4109.59 | J44: =+D42 -> 4109.59 | K44: =+D42 -> 4109.59 | L44: =+D42 -> 4109.59 | M44: =+D42 -> 4109.59 | N44: =+D42 -> 4109.59 | O44: =+D42 -> 4109.59 | P44: =+D42 -> 4109.59 | Q44: =+D42 -> 4109.59 | R44: =+D42 -> 4109.59 | S44: =+D42 -> 4109.59 | T44: =+D42 -> 4109.59 | U44: =+D42 -> 4109.59 | V44: =+D42 -> 4109.59 | W44: =+D42 -> 4109.59 | X44: =+D42 -> 4109.59 | Y44: =+D42 -> 4109.59 | Z44: =+D42 -> 4109.59 | AA44: =+D42 -> 4109.59 | AB44: =(SUM(D44:AA44)) -> 98630.16 | AC44: 5
C45: Festivo | D45: =+D42 -> 4109.59 | E45: =+D42 -> 4109.59 | F45: =+D42 -> 4109.59 | G45: =+D42 -> 4109.59 | H45: =+D42 -> 4109.59 | I45: =+D42 -> 4109.59 | J45: =+D42 -> 4109.59 | K45: =+D42 -> 4109.59 | L45: =+D42 -> 4109.59 | M45: =+D42 -> 4109.59 | N45: =+D42 -> 4109.59 | O45: =+D42 -> 4109.59 | P45: =+D42 -> 4109.59 | Q45: =+D42 -> 4109.59 | R45: =+D42 -> 4109.59 | S45: =+D42 -> 4109.59 | T45: =+D42 -> 4109.59 | U45: =+D42 -> 4109.59 | V45: =+D42 -> 4109.59 | W45: =+D42 -> 4109.59 | X45: =+D42 -> 4109.59 | Y45: =+D42 -> 4109.59 | Z45: =+D42 -> 4109.59 | AA45: =+D42 -> 4109.59 | AB45: =(SUM(D45:AA45)) -> 98630.16 | AC45: 1
B46: 46692 | C46: Hábil | D46: 4109.59 | E46: =+D46 -> 4109.59 | F46: =+D46 -> 4109.59 | G46: =+D46 -> 4109.59 | H46: =+D46 -> 4109.59 | I46: =+D46 -> 4109.59 | J46: =+D46 -> 4109.59 | K46: =+D46 -> 4109.59 | L46: =+D46 -> 4109.59 | M46: =+D46 -> 4109.59 | N46: =+D46 -> 4109.59 | O46: =+D46 -> 4109.59 | P46: =+D46 -> 4109.59 | Q46: =+D46 -> 4109.59 | R46: =+D46 -> 4109.59 | S46: =+D46 -> 4109.59 | T46: =+D46 -> 4109.59 | U46: =+D46 -> 4109.59 | V46: =+D46 -> 4109.59 | W46: =+D46 -> 4109.59 | X46: =+D46 -> 4109.59 | Y46: =+D46 -> 4109.59 | Z46: =+D46 -> 4109.59 | AA46: =+D46 -> 4109.59 | AB46: =(SUM(D46:AA46)) -> 98630.16 | AC46: 20 | AD46: =(AB46*AC46)+(AB47*AC47)+(AB48*AC48)+(AB49*AC49) -> 2958904.8
C47: Sábado | D47: =+D46 -> 4109.59 | E47: =+D46 -> 4109.59 | F47: =+D46 -> 4109.59 | G47: =+D46 -> 4109.59 | H47: =+D46 -> 4109.59 | I47: =+D46 -> 4109.59 | J47: =+D46 -> 4109.59 | K47: =+D46 -> 4109.59 | L47: =+D46 -> 4109.59 | M47: =+D46 -> 4109.59 | N47: =+D46 -> 4109.59 | O47: =+D46 -> 4109.59 | P47: =+D46 -> 4109.59 | Q47: =+D46 -> 4109.59 | R47: =+D46 -> 4109.59 | S47: =+D46 -> 4109.59 | T47: =+D46 -> 4109.59 | U47: =+D46 -> 4109.59 | V47: =+D46 -> 4109.59 | W47: =+D46 -> 4109.59 | X47: =+D46 -> 4109.59 | Y47: =+D46 -> 4109.59 | Z47: =+D46 -> 4109.59 | AA47: =+D46 -> 4109.59 | AB47: =(SUM(D47:AA47)) -> 98630.16 | AC47: 4
C48: Domingo | D48: =+D46 -> 4109.59 | E48: =+D46 -> 4109.59 | F48: =+D46 -> 4109.59 | G48: =+D46 -> 4109.59 | H48: =+D46 -> 4109.59 | I48: =+D46 -> 4109.59 | J48: =+D46 -> 4109.59 | K48: =+D46 -> 4109.59 | L48: =+D46 -> 4109.59 | M48: =+D46 -> 4109.59 | N48: =+D46 -> 4109.59 | O48: =+D46 -> 4109.59 | P48: =+D46 -> 4109.59 | Q48: =+D46 -> 4109.59 | R48: =+D46 -> 4109.59 | S48: =+D46 -> 4109.59 | T48: =+D46 -> 4109.59 | U48: =+D46 -> 4109.59 | V48: =+D46 -> 4109.59 | W48: =+D46 -> 4109.59 | X48: =+D46 -> 4109.59 | Y48: =+D46 -> 4109.59 | Z48: =+D46 -> 4109.59 | AA48: =+D46 -> 4109.59 | AB48: =(SUM(D48:AA48)) -> 98630.16 | AC48: 4
C49: Festivo | D49: =+D46 -> 4109.59 | E49: =+D46 -> 4109.59 | F49: =+D46 -> 4109.59 | G49: =+D46 -> 4109.59 | H49: =+D46 -> 4109.59 | I49: =+D46 -> 4109.59 | J49: =+D46 -> 4109.59 | K49: =+D46 -> 4109.59 | L49: =+D46 -> 4109.59 | M49: =+D46 -> 4109.59 | N49: =+D46 -> 4109.59 | O49: =+D46 -> 4109.59 | P49: =+D46 -> 4109.59 | Q49: =+D46 -> 4109.59 | R49: =+D46 -> 4109.59 | S49: =+D46 -> 4109.59 | T49: =+D46 -> 4109.59 | U49: =+D46 -> 4109.59 | V49: =+D46 -> 4109.59 | W49: =+D46 -> 4109.59 | X49: =+D46 -> 4109.59 | Y49: =+D46 -> 4109.59 | Z49: =+D46 -> 4109.59 | AA49: =+D46 -> 4109.59 | AB49: =(SUM(D49:AA49)) -> 98630.16 | AC49: 2
B50: 46722 | C50: Hábil | D50: 4109.59 | E50: =+D50 -> 4109.59 | F50: =+D50 -> 4109.59 | G50: =+D50 -> 4109.59 | H50: =+D50 -> 4109.59 | I50: =+D50 -> 4109.59 | J50: =+D50 -> 4109.59 | K50: =+D50 -> 4109.59 | L50: =+D50 -> 4109.59 | M50: =+D50 -> 4109.59 | N50: =+D50 -> 4109.59 | O50: =+D50 -> 4109.59 | P50: =+D50 -> 4109.59 | Q50: =+D50 -> 4109.59 | R50: =+D50 -> 4109.59 | S50: =+D50 -> 4109.59 | T50: =+D50 -> 4109.59 | U50: =+D50 -> 4109.59 | V50: =+D50 -> 4109.59 | W50: =+D50 -> 4109.59 | X50: =+D50 -> 4109.59 | Y50: =+D50 -> 4109.59 | Z50: =+D50 -> 4109.59 | AA50: =+D50 -> 4109.59 | AB50: =(SUM(D50:AA50)) -> 98630.16 | AC50: 22 | AD50: =(AB50*AC50)+(AB51*AC51)+(AB52*AC52)+(AB53*AC53) -> 3057535
C51: Sábado | D51: =+D50 -> 4109.59 | E51: =+D50 -> 4109.59 | F51: =+D50 -> 4109.59 | G51: =+D50 -> 4109.59 | H51: =+D50 -> 4109.59 | I51: =+D50 -> 4109.59 | J51: =+D50 -> 4109.59 | K51: =+D50 -> 4109.59 | L51: =+D50 -> 4109.59 | M51: =+D50 -> 4109.59 | N51: =+D50 -> 4109.59 | O51: =+D50 -> 4109.59 | P51: =+D50 -> 4109.59 | Q51: =+D50 -> 4109.59 | R51: =+D50 -> 4109.59 | S51: =+D50 -> 4109.59 | T51: =+D50 -> 4109.59 | U51: =+D50 -> 4109.59 | V51: =+D50 -> 4109.59 | W51: =+D50 -> 4109.59 | X51: =+D50 -> 4109.59 | Y51: =+D50 -> 4109.59 | Z51: =+D50 -> 4109.59 | AA51: =+D50 -> 4109.59 | AB51: =(SUM(D51:AA51)) -> 98630.16 | AC51: 3
C52: Domingo | D52: =+D50 -> 4109.59 | E52: =+D50 -> 4109.59 | F52: =+D50 -> 4109.59 | G52: =+D50 -> 4109.59 | H52: =+D50 -> 4109.59 | I52: =+D50 -> 4109.59 | J52: =+D50 -> 4109.59 | K52: =+D50 -> 4109.59 | L52: =+D50 -> 4109.59 | M52: =+D50 -> 4109.59 | N52: =+D50 -> 4109.59 | O52: =+D50 -> 4109.59 | P52: =+D50 -> 4109.59 | Q52: =+D50 -> 4109.59 | R52: =+D50 -> 4109.59 | S52: =+D50 -> 4109.59 | T52: =+D50 -> 4109.59 | U52: =+D50 -> 4109.59 | V52: =+D50 -> 4109.59 | W52: =+D50 -> 4109.59 | X52: =+D50 -> 4109.59 | Y52: =+D50 -> 4109.59 | Z52: =+D50 -> 4109.59 | AA52: =+D50 -> 4109.59 | AB52: =(SUM(D52:AA52)) -> 98630.16 | AC52: 4
C53: Festivo | D53: =+D50 -> 4109.59 | E53: =+D50 -> 4109.59 | F53: =+D50 -> 4109.59 | G53: =+D50 -> 4109.59 | H53: =+D50 -> 4109.59 | I53: =+D50 -> 4109.59 | J53: =+D50 -> 4109.59 | K53: =+D50 -> 4109.59 | L53: =+D50 -> 4109.59 | M53: =+D50 -> 4109.59 | N53: =+D50 -> 4109.59 | O53: =+D50 -> 4109.59 | P53: =+D50 -> 4109.59 | Q53: =+D50 -> 4109.59 | R53: =+D50 -> 4109.59 | S53: =+D50 -> 4109.59 | T53: =+D50 -> 4109.59 | U53: =+D50 -> 4109.59 | V53: =+D50 -> 4109.59 | W53: =+D50 -> 4109.59 | X53: =+D50 -> 4109.59 | Y53: =+D50 -> 4109.59 | Z53: =+D50 -> 4109.59 | AA53: =+D50 -> 4109.59 | AB53: =(SUM(D53:AA53)) -> 98630.16 | AC53: 2
AD54: =SUM(AD6:AD53) -> 36000008

Sheet Anexo 2 Producto 5
B4: ANEXO 2 - OFERTA PRODUCTO 5
B5: NOMBRE DEL OFERENTE
B6: PRECIOS Y CANTIDADES DE ENERGIA OFERTADA
B7: EN PESOS DE MARZO 2026
B8: PRODUCTO 5
B9: 2027 | C9: Enero | D9: =+'Producto 5 Plano 27'!AE6 -> 3057535 | F9: =+$E$9*D9 -> 0
B10: =+B9 -> 2027 | C10: Febrero | D10: =+'Producto 5 Plano 27'!AE7 -> 2761644.5 | F10: =+$E$9*D10 -> 0
B11: =+B10 -> 2027 | C11: Marzo | D11: =+'Producto 5 Plano 27'!AE8 -> 3057535 | F11: =+$E$9*D11 -> 0
B12: =+B11 -> 2027 | C12: Abril | D12: =+'Producto 5 Plano 27'!AE9 -> 2958904.8 | F12: =+$E$9*D12 -> 0
B13: =+B12 -> 2027 | C13: Mayo | D13: =+'Producto 5 Plano 27'!AE10 -> 3057535 | F13: =+$E$9*D13 -> 0
B14: =+B13 -> 2027 | C14: Junio | D14: =+'Producto 5 Plano 27'!AE11 -> 2958904.8 | F14: =+$E$9*D14 -> 0
B15: =+B14 -> 2027 | C15: Julio | D15: =+'Producto 5 Plano 27'!AE12 -> 3057535 | F15: =+$E$9*D15 -> 0
B16: =+B15 -> 2027 | C16: Agosto | D16: =+'Producto 5 Plano 27'!AE13 -> 3057535 | F16: =+$E$9*D16 -> 0
B17: =+B16 -> 2027 | C17: Septiembre | D17: =+'Producto 5 Plano 27'!AE14 -> 2958904.8 | F17: =+$E$9*D17 -> 0
B18: =+B17 -> 2027 | C18: Octubre | D18: =+'Producto 5 Plano 27'!AE15 -> 3057535 | F18: =+$E$9*D18 -> 0
B19: =+B18 -> 2027 | C19: Noviembre | D19: =+'Producto 5 Plano 27'!AE16 -> 2958904.8 | F19: =+$E$9*D19 -> 0
B20: =+B19 -> 2027 | C20: Diciembre | D20: =+'Producto 5 Plano 27'!AE17 -> 3057535 | F20: =+$E$9*D20 -> 0
B21: Total Producto 5 | D21: =+SUM(D9:D20) -> 36000008
B23: E. Solicitada = Energía solicitada por RUITOQUE para el producto.
B24: % E. Ofertado = Porcentaje de energía ofertado por el agente respecto a la E. Solicitada.
B25: E. Ofertada = Energía ofertada por el agente, producto de la E. Solicitada y el % E. Ofertado.
B26: $/kWh = Tarifa de la oferta para todas las horas del mes.

Sheet Producto 6 Plano 2028
B2: ANEXO 1 - CANTIDADES DE ENERGÍA SOLICITADA EN kWh
B3: PRODUCTO 6
B4: PERIODO 01 DE ENERO DEL 2028 A DICIEMBRE 31 DE 2028
C5: DIA | D5: 1 | E5: 2 | F5: 3 | G5: 4 | H5: 5 | I5: 6 | J5: 7 | K5: 8 | L5: 9 | M5: 10 | N5: 11 | O5: 12 | P5: 13 | Q5: 14 | R5: 15 | S5: 16 | T5: 17 | U5: 18 | V5: 19 | W5: 20 | X5: 21 | Y5: 22 | Z5: 23 | AA5: 24 | AB5: Total | AC5: No. DÍAS | AD5: Total
B6: 46753 | C6: Hábil | D6: 15636.18 | E6: =+D6 -> 15636.18 | F6: =+D6 -> 15636.18 | G6: =+D6 -> 15636.18 | H6: =+D6 -> 15636.18 | I6: =+D6 -> 15636.18 | J6: =+D6 -> 15636.18 | K6: =+D6 -> 15636.18 | L6: =+D6 -> 15636.18 | M6: =+D6 -> 15636.18 | N6: =+D6 -> 15636.18 | O6: =+D6 -> 15636.18 | P6: =+D6 -> 15636.18 | Q6: =+D6 -> 15636.18 | R6: =+D6 -> 15636.18 | S6: =+D6 -> 15636.18 | T6: =+D6 -> 15636.18 | U6: =+D6 -> 15636.18 | V6: =+D6 -> 15636.18 | W6: =+D6 -> 15636.18 | X6: =+D6 -> 15636.18 | Y6: =+D6 -> 15636.18 | Z6: =+D6 -> 15636.18 | AA6: =+D6 -> 15636.18 | AB6: =(SUM(D6:AA6)) -> 375268.32 | AC6: 20 | AD6: =(AB6*AC6)+(AB7*AC7)+(AB8*AC8)+(AB9*AC9) -> 11633318 | AE6: =+AD6 -> 11633318
C7: Sábado | D7: =+D6 -> 15636.18 | E7: =+D6 -> 15636.18 | F7: =+D6 -> 15636.18 | G7: =+D6 -> 15636.18 | H7: =+D6 -> 15636.18 | I7: =+D6 -> 15636.18 | J7: =+D6 -> 15636.18 | K7: =+D6 -> 15636.18 | L7: =+D6 -> 15636.18 | M7: =+D6 -> 15636.18 | N7: =+D6 -> 15636.18 | O7: =+D6 -> 15636.18 | P7: =+D6 -> 15636.18 | Q7: =+D6 -> 15636.18 | R7: =+D6 -> 15636.18 | S7: =+D6 -> 15636.18 | T7: =+D6 -> 15636.18 | U7: =+D6 -> 15636.18 | V7: =+D6 -> 15636.18 | W7: =+D6 -> 15636.18 | X7: =+D6 -> 15636.18 | Y7: =+D6 -> 15636.18 | Z7: =+D6 -> 15636.18 | AA7: =+D6 -> 15636.18 | AB7: =(SUM(D7:AA7)) -> 375268.32 | AC7: 4 | AE7: =+AD10 -> 10751857
C8: Domingo | D8: =+D6 -> 15636.18 | E8: =+D6 -> 15636.18 | F8: =+D6 -> 15636.18 | G8: =+D6 -> 15636.18 | H8: =+D6 -> 15636.18 | I8: =+D6 -> 15636.18 | J8: =+D6 -> 15636.18 | K8: =+D6 -> 15636.18 | L8: =+D6 -> 15636.18 | M8: =+D6 -> 15636.18 | N8: =+D6 -> 15636.18 | O8: =+D6 -> 15636.18 | P8: =+D6 -> 15636.18 | Q8: =+D6 -> 15636.18 | R8: =+D6 -> 15636.18 | S8: =+D6 -> 15636.18 | T8: =+D6 -> 15636.18 | U8: =+D6 -> 15636.18 | V8: =+D6 -> 15636.18 | W8: =+D6 -> 15636.18 | X8: =+D6 -> 15636.18 | Y8: =+D6 -> 15636.18 | Z8: =+D6 -> 15636.18 | AA8: =+D6 -> 15636.18 | AB8: =(SUM(D8:AA8)) -> 375268.32 | AC8: 5 | AE8: =+AD14 -> 11573798
C9: Festivo | D9: =+D6 -> 15636.18 | E9: =+D6 -> 15636.18 | F9: =+D6 -> 15636.18 | G9: =+D6 -> 15636.18 | H9: =+D6 -> 15636.18 | I9: =+D6 -> 15636.18 | J9: =+D6 -> 15636.18 | K9: =+D6 -> 15636.18 | L9: =+D6 -> 15636.18 | M9: =+D6 -> 15636.18 | N9: =+D6 -> 15636.18 | O9: =+D6 -> 15636.18 | P9: =+D6 -> 15636.18 | Q9: =+D6 -> 15636.18 | R9: =+D6 -> 15636.18 | S9: =+D6 -> 15636.18 | T9: =+D6 -> 15636.18 | U9: =+D6 -> 15636.18 | V9: =+D6 -> 15636.18 | W9: =+D6 -> 15636.18 | X9: =+D6 -> 15636.18 | Y9: =+D6 -> 15636.18 | Z9: =+D6 -> 15636.18 | AA9: =+D6 -> 15636.18 | AB9: =(SUM(D9:AA9)) -> 375268.32 | AC9: 2 | AE9: =+AD18 -> 3210796.8
B10: 46784 | C10: Hábil | D10: 15448.07 | E10: =+D10 -> 15448.07 | F10: =+D10 -> 15448.07 | G10: =+D10 -> 15448.07 | H10: =+D10 -> 15448.07 | I10: =+D10 -> 15448.07 | J10: =+D10 -> 15448.07 | K10: =+D10 -> 15448.07 | L10: =+D10 -> 15448.07 | M10: =+D10 -> 15448.07 | N10: =+D10 -> 15448.07 | O10: =+D10 -> 15448.07 | P10: =+D10 -> 15448.07 | Q10: =+D10 -> 15448.07 | R10: =+D10 -> 15448.07 | S10: =+D10 -> 15448.07 | T10: =+D10 -> 15448.07 | U10: =+D10 -> 15448.07 | V10: =+D10 -> 15448.07 | W10: =+D10 -> 15448.07 | X10: =+D10 -> 15448.07 | Y10: =+D10 -> 15448.07 | Z10: =+D10 -> 15448.07 | AA10: =+D10 -> 15448.07 | AB10: =(SUM(D10:AA10)) -> 370753.68 | AC10: 21 | AD10: =(AB10*AC10)+(AB11*AC11)+(AB12*AC12)+(AB13*AC13) -> 10751857 | AE10: =+AD22 -> 0
C11: Sábado | D11: =+D10 -> 15448.07 | E11: =+D10 -> 15448.07 | F11: =+D10 -> 15448.07 | G11: =+D10 -> 15448.07 | H11: =+D10 -> 15448.07 | I11: =+D10 -> 15448.07 | J11: =+D10 -> 15448.07 | K11: =+D10 -> 15448.07 | L11: =+D10 -> 15448.07 | M11: =+D10 -> 15448.07 | N11: =+D10 -> 15448.07 | O11: =+D10 -> 15448.07 | P11: =+D10 -> 15448.07 | Q11: =+D10 -> 15448.07 | R11: =+D10 -> 15448.07 | S11: =+D10 -> 15448.07 | T11: =+D10 -> 15448.07 | U11: =+D10 -> 15448.07 | V11: =+D10 -> 15448.07 | W11: =+D10 -> 15448.07 | X11: =+D10 -> 15448.07 | Y11: =+D10 -> 15448.07 | Z11: =+D10 -> 15448.07 | AA11: =+D10 -> 15448.07 | AB11: =(SUM(D11:AA11)) -> 370753.68 | AC11: 4 | AE11: =+AD26 -> 0
C12: Domingo | D12: =+D10 -> 15448.07 | E12: =+D10 -> 15448.07 | F12: =+D10 -> 15448.07 | G12: =+D10 -> 15448.07 | H12: =+D10 -> 15448.07 | I12: =+D10 -> 15448.07 | J12: =+D10 -> 15448.07 | K12: =+D10 -> 15448.07 | L12: =+D10 -> 15448.07 | M12: =+D10 -> 15448.07 | N12: =+D10 -> 15448.07 | O12: =+D10 -> 15448.07 | P12: =+D10 -> 15448.07 | Q12: =+D10 -> 15448.07 | R12: =+D10 -> 15448.07 | S12: =+D10 -> 15448.07 | T12: =+D10 -> 15448.07 | U12: =+D10 -> 15448.07 | V12: =+D10 -> 15448.07 | W12: =+D10 -> 15448.07 | X12: =+D10 -> 15448.07 | Y12: =+D10 -> 15448.07 | Z12: =+D10 -> 15448.07 | AA12: =+D10 -> 15448.07 | AB12: =(SUM(D12:AA12)) -> 370753.68 | AC12: 4 | AE12: =+AD30 -> 0
C13: Festivo | D13: =+D10 -> 15448.07 | E13: =+D10 -> 15448.07 | F13: =+D10 -> 15448.07 | G13: =+D10 -> 15448.07 | H13: =+D10 -> 15448.07 | I13: =+D10 -> 15448.07 | J13: =+D10 -> 15448.07 | K13: =+D10 -> 15448.07 | L13: =+D10 -> 15448.07 | M13: =+D10 -> 15448.07 | N13: =+D10 -> 15448.07 | O13: =+D10 -> 15448.07 | P13: =+D10 -> 15448.07 | Q13: =+D10 -> 15448.07 | R13: =+D10 -> 15448.07 | S13: =+D10 -> 15448.07 | T13: =+D10 -> 15448.07 | U13: =+D10 -> 15448.07 | V13: =+D10 -> 15448.07 | W13: =+D10 -> 15448.07 | X13: =+D10 -> 15448.07 | Y13: =+D10 -> 15448.07 | Z13: =+D10 -> 15448.07 | AA13: =+D10 -> 15448.07 | AB13: =(SUM(D13:AA13)) -> 370753.68 | AC13: 0 | AE13: =+AD34 -> 0
B14: 46813 | C14: Hábil | D14: 15556.18 | E14: =+D14 -> 15556.18 | F14: =+D14 -> 15556.18 | G14: =+D14 -> 15556.18 | H14: =+D14 -> 15556.18 | I14: =+D14 -> 15556.18 | J14: =+D14 -> 15556.18 | K14: =+D14 -> 15556.18 | L14: =+D14 -> 15556.18 | M14: =+D14 -> 15556.18 | N14: =+D14 -> 15556.18 | O14: =+D14 -> 15556.18 | P14: =+D14 -> 15556.18 | Q14: =+D14 -> 15556.18 | R14: =+D14 -> 15556.18 | S14: =+D14 -> 15556.18 | T14: =+D14 -> 15556.18 | U14: =+D14 -> 15556.18 | V14: =+D14 -> 15556.18 | W14: =+D14 -> 15556.18 | X14: =+D14 -> 15556.18 | Y14: =+D14 -> 15556.18 | Z14: =+D14 -> 15556.18 | AA14: =+D14 -> 15556.18 | AB14: =(SUM(D14:AA14)) -> 373348.32 | AC14: 22 | AD14: =(AB14*AC14)+(AB15*AC15)+(AB16*AC16)+(AB17*AC17) -> 11573798 | AE14: =+AD38 -> 5166072
C15: Sábado | D15: =+D14 -> 15556.18 | E15: =+D14 -> 15556.18 | F15: =+D14 -> 15556.18 | G15: =+D14 -> 15556.18 | H15: =+D14 -> 15556.18 | I15: =+D14 -> 15556.18 | J15: =+D14 -> 15556.18 | K15: =+D14 -> 15556.18 | L15: =+D14 -> 15556.18 | M15: =+D14 -> 15556.18 | N15: =+D14 -> 15556.18 | O15: =+D14 -> 15556.18 | P15: =+D14 -> 15556.18 | Q15: =+D14 -> 15556.18 | R15: =+D14 -> 15556.18 | S15: =+D14 -> 15556.18 | T15: =+D14 -> 15556.18 | U15: =+D14 -> 15556.18 | V15: =+D14 -> 15556.18 | W15: =+D14 -> 15556.18 | X15: =+D14 -> 15556.18 | Y15: =+D14 -> 15556.18 | Z15: =+D14 -> 15556.18 | AA15: =+D14 -> 15556.18 | AB15: =(SUM(D15:AA15)) -> 373348.32 | AC15: 4 | AE15: =+AD42 -> 5392266.5
C16: Domingo | D16: =+D14 -> 15556.18 | E16: =+D14 -> 15556.18 | F16: =+D14 -> 15556.18 | G16: =+D14 -> 15556.18 | H16: =+D14 -> 15556.18 | I16: =+D14 -> 15556.18 | J16: =+D14 -> 15556.18 | K16: =+D14 -> 15556.18 | L16: =+D14 -> 15556.18 | M16: =+D14 -> 15556.18 | N16: =+D14 -> 15556.18 | O16: =+D14 -> 15556.18 | P16: =+D14 -> 15556.18 | Q16: =+D14 -> 15556.18 | R16: =+D14 -> 15556.18 | S16: =+D14 -> 15556.18 | T16: =+D14 -> 15556.18 | U16: =+D14 -> 15556.18 | V16: =+D14 -> 15556.18 | W16: =+D14 -> 15556.18 | X16: =+D14 -> 15556.18 | Y16: =+D14 -> 15556.18 | Z16: =+D14 -> 15556.18 | AA16: =+D14 -> 15556.18 | AB16: =(SUM(D16:AA16)) -> 373348.32 | AC16: 4 | AE16: =+AD46 -> 5122152
C17: Festivo | D17: =+D14 -> 15556.18 | E17: =+D14 -> 15556.18 | F17: =+D14 -> 15556.18 | G17: =+D14 -> 15556.18 | H17: =+D14 -> 15556.18 | I17: =+D14 -> 15556.18 | J17: =+D14 -> 15556.18 | K17: =+D14 -> 15556.18 | L17: =+D14 -> 15556.18 | M17: =+D14 -> 15556.18 | N17: =+D14 -> 15556.18 | O17: =+D14 -> 15556.18 | P17: =+D14 -> 15556.18 | Q17: =+D14 -> 15556.18 | R17: =+D14 -> 15556.18 | S17: =+D14 -> 15556.18 | T17: =+D14 -> 15556.18 | U17: =+D14 -> 15556.18 | V17: =+D14 -> 15556.18 | W17: =+D14 -> 15556.18 | X17: =+D14 -> 15556.18 | Y17: =+D14 -> 15556.18 | Z17: =+D14 -> 15556.18 | AA17: =+D14 -> 15556.18 | AB17: =(SUM(D17:AA17)) -> 373348.32 | AC17: 1 | AE17: =+AD50 -> 5640182.2
B18: 46844 | C18: Hábil | D18: 4459.44 | E18: =+D18 -> 4459.44 | F18: =+D18 -> 4459.44 | G18: =+D18 -> 4459.44 | H18: =+D18 -> 4459.44 | I18: =+D18 -> 4459.44 | J18: =+D18 -> 4459.44 | K18: =+D18 -> 4459.44 | L18: =+D18 -> 4459.44 | M18: =+D18 -> 4459.44 | N18: =+D18 -> 4459.44 | O18: =+D18 -> 4459.44 | P18: =+D18 -> 4459.44 | Q18: =+D18 -> 4459.44 | R18: =+D18 -> 4459.44 | S18: =+D18 -> 4459.44 | T18: =+D18 -> 4459.44 | U18: =+D18 -> 4459.44 | V18: =+D18 -> 4459.44 | W18: =+D18 -> 4459.44 | X18: =+D18 -> 4459.44 | Y18: =+D18 -> 4459.44 | Z18: =+D18 -> 4459.44 | AA18: =+D18 -> 4459.44 | AB18: =(SUM(D18:AA18)) -> 107026.56 | AC18: 18 | AD18: =(AB18*AC18)+(AB19*AC19)+(AB20*AC20)+(AB21*AC21) -> 3210796.8
C19: Sábado | D19: =+D18 -> 4459.44 | E19: =+D18 -> 4459.44 | F19: =+D18 -> 4459.44 | G19: =+D18 -> 4459.44 | H19: =+D18 -> 4459.44 | I19: =+D18 -> 4459.44 | J19: =+D18 -> 4459.44 | K19: =+D18 -> 4459.44 | L19: =+D18 -> 4459.44 | M19: =+D18 -> 4459.44 | N19: =+D18 -> 4459.44 | O19: =+D18 -> 4459.44 | P19: =+D18 -> 4459.44 | Q19: =+D18 -> 4459.44 | R19: =+D18 -> 4459.44 | S19: =+D18 -> 4459.44 | T19: =+D18 -> 4459.44 | U19: =+D18 -> 4459.44 | V19: =+D18 -> 4459.44 | W19: =+D18 -> 4459.44 | X19: =+D18 -> 4459.44 | Y19: =+D18 -> 4459.44 | Z19: =+D18 -> 4459.44 | AA19: =+D18 -> 4459.44 | AB19: =(SUM(D19:AA19)) -> 107026.56 | AC19: 5
C20: Domingo | D20: =+D18 -> 4459.44 | E20: =+D18 -> 4459.44 | F20: =+D18 -> 4459.44 | G20: =+D18 -> 4459.44 | H20: =+D18 -> 4459.44 | I20: =+D18 -> 4459.44 | J20: =+D18 -> 4459.44 | K20: =+D18 -> 4459.44 | L20: =+D18 -> 4459.44 | M20: =+D18 -> 4459.44 | N20: =+D18 -> 4459.44 | O20: =+D18 -> 4459.44 | P20: =+D18 -> 4459.44 | Q20: =+D18 -> 4459.44 | R20: =+D18 -> 4459.44 | S20: =+D18 -> 4459.44 | T20: =+D18 -> 4459.44 | U20: =+D18 -> 4459.44 | V20: =+D18 -> 4459.44 | W20: =+D18 -> 4459.44 | X20: =+D18 -> 4459.44 | Y20: =+D18 -> 4459.44 | Z20: =+D18 -> 4459.44 | AA20: =+D18 -> 4459.44 | AB20: =(SUM(D20:AA20)) -> 107026.56 | AC20: 5
C21: Festivo | D21: =+D18 -> 4459.44 | E21: =+D18 -> 4459.44 | F21: =+D18 -> 4459.44 | G21: =+D18 -> 4459.44 | H21: =+D18 -> 4459.44 | I21: =+D18 -> 4459.44 | J21: =+D18 -> 4459.44 | K21: =+D18 -> 4459.44 | L21: =+D18 -> 4459.44 | M21: =+D18 -> 4459.44 | N21: =+D18 -> 4459.44 | O21: =+D18 -> 4459.44 | P21: =+D18 -> 4459.44 | Q21: =+D18 -> 4459.44 | R21: =+D18 -> 4459.44 | S21: =+D18 -> 4459.44 | T21: =+D18 -> 4459.44 | U21: =+D18 -> 4459.44 | V21: =+D18 -> 4459.44 | W21: =+D18 -> 4459.44 | X21: =+D18 -> 4459.44 | Y21: =+D18 -> 4459.44 | Z21: =+D18 -> 4459.44 | AA21: =+D18 -> 4459.44 | AB21: =(SUM(D21:AA21)) -> 107026.56 | AC21: 2
B22: 46874 | C22: Hábil | D22: 0 | E22: =+D22 -> 0 | F22: =+D22 -> 0 | G22: =+D22 -> 0 | H22: =+D22 -> 0 | I22: =+D22 -> 0 | J22: =+D22 -> 0 | K22: =+D22 -> 0 | L22: =+D22 -> 0 | M22: =+D22 -> 0 | N22: =+D22 -> 0 | O22: =+D22 -> 0 | P22: =+D22 -> 0 | Q22: =+D22 -> 0 | R22: =+D22 -> 0 | S22: =+D22 -> 0 | T22: =+D22 -> 0 | U22: =+D22 -> 0 | V22: =+D22 -> 0 | W22: =+D22 -> 0 | X22: =+D22 -> 0 | Y22: =+D22 -> 0 | Z22: =+D22 -> 0 | AA22: =+D22 -> 0 | AB22: =(SUM(D22:AA22)) -> 0 | AC22: 21 | AD22: =(AB22*AC22)+(AB23*AC23)+(AB24*AC24)+(AB25*AC25) -> 0
C23: Sábado | D23: =+D22 -> 0 | E23: =+D22 -> 0 | F23: =+D22 -> 0 | G23: =+D22 -> 0 | H23: =+D22 -> 0 | I23: =+D22 -> 0 | J23: =+D22 -> 0 | K23: =+D22 -> 0 | L23: =+D22 -> 0 | M23: =+D22 -> 0 | N23: =+D22 -> 0 | O23: =+D22 -> 0 | P23: =+D22 -> 0 | Q23: =+D22 -> 0 | R23: =+D22 -> 0 | S23: =+D22 -> 0 | T23: =+D22 -> 0 | U23: =+D22 -> 0 | V23: =+D22 -> 0 | W23: =+D22 -> 0 | X23: =+D22 -> 0 | Y23: =+D22 -> 0 | Z23: =+D22 -> 0 | AA23: =+D22 -> 0 | AB23: =(SUM(D23:AA23)) -> 0 | AC23: 4
C24: Domingo | D24: =+D22 -> 0 | E24: =+D22 -> 0 | F24: =+D22 -> 0 | G24: =+D22 -> 0 | H24: =+D22 -> 0 | I24: =+D22 -> 0 | J24: =+D22 -> 0 | K24: =+D22 -> 0 | L24: =+D22 -> 0 | M24: =+D22 -> 0 | N24: =+D22 -> 0 | O24: =+D22 -> 0 | P24: =+D22 -> 0 | Q24: =+D22 -> 0 | R24: =+D22 -> 0 | S24: =+D22 -> 0 | T24: =+D22 -> 0 | U24: =+D22 -> 0 | V24: =+D22 -> 0 | W24: =+D22 -> 0 | X24: =+D22 -> 0 | Y24: =+D22 -> 0 | Z24: =+D22 -> 0 | AA24: =+D22 -> 0 | AB24: =(SUM(D24:AA24)) -> 0 | AC24: 4
C25: Festivo | D25: =+D22 -> 0 | E25: =+D22 -> 0 | F25: =+D22 -> 0 | G25: =+D22 -> 0 | H25: =+D22 -> 0 | I25: =+D22 -> 0 | J25: =+D22 -> 0 | K25: =+D22 -> 0 | L25: =+D22 -> 0 | M25: =+D22 -> 0 | N25: =+D22 -> 0 | O25: =+D22 -> 0 | P25: =+D22 -> 0 | Q25: =+D22 -> 0 | R25: =+D22 -> 0 | S25: =+D22 -> 0 | T25: =+D22 -> 0 | U25: =+D22 -> 0 | V25: =+D22 -> 0 | W25: =+D22 -> 0 | X25: =+D22 -> 0 | Y25: =+D22 -> 0 | Z25: =+D22 -> 0 | AA25: =+D22 -> 0 | AB25: =(SUM(D25:AA25)) -> 0 | AC25: 2
B26: 46905 | C26: Hábil | D26: 0 | E26: =+D26 -> 0 | F26: =+D26 -> 0 | G26: =+D26 -> 0 | H26: =+D26 -> 0 | I26: =+D26 -> 0 | J26: =+D26 -> 0 | K26: =+D26 -> 0 | L26: =+D26 -> 0 | M26: =+D26 -> 0 | N26: =+D26 -> 0 | O26: =+D26 -> 0 | P26: =+D26 -> 0 | Q26: =+D26 -> 0 | R26: =+D26 -> 0 | S26: =+D26 -> 0 | T26: =+D26 -> 0 | U26: =+D26 -> 0 | V26: =+D26 -> 0 | W26: =+D26 -> 0 | X26: =+D26 -> 0 | Y26: =+D26 -> 0 | Z26: =+D26 -> 0 | AA26: =+D26 -> 0 | AB26: =(SUM(D26:AA26)) -> 0 | AC26: 20 | AD26: =(AB26*AC26)+(AB27*AC27)+(AB28*AC28)+(AB29*AC29) -> 0
C27: Sábado | D27: =+D26 -> 0 | E27: =+D26 -> 0 | F27: =+D26 -> 0 | G27: =+D26 -> 0 | H27: =+D26 -> 0 | I27: =+D26 -> 0 | J27: =+D26 -> 0 | K27: =+D26 -> 0 | L27: =+D26 -> 0 | M27: =+D26 -> 0 | N27: =+D26 -> 0 | O27: =+D26 -> 0 | P27: =+D26 -> 0 | Q27: =+D26 -> 0 | R27: =+D26 -> 0 | S27: =+D26 -> 0 | T27: =+D26 -> 0 | U27: =+D26 -> 0 | V27: =+D26 -> 0 | W27: =+D26 -> 0 | X27: =+D26 -> 0 | Y27: =+D26 -> 0 | Z27: =+D26 -> 0 | AA27: =+D26 -> 0 | AB27: =(SUM(D27:AA27)) -> 0 | AC27: 4
C28: Domingo | D28: =+D26 -> 0 | E28: =+D26 -> 0 | F28: =+D26 -> 0 | G28: =+D26 -> 0 | H28: =+D26 -> 0 | I28: =+D26 -> 0 | J28: =+D26 -> 0 | K28: =+D26 -> 0 | L28: =+D26 -> 0 | M28: =+D26 -> 0 | N28: =+D26 -> 0 | O28: =+D26 -> 0 | P28: =+D26 -> 0 | Q28: =+D26 -> 0 | R28: =+D26 -> 0 | S28: =+D26 -> 0 | T28: =+D26 -> 0 | U28: =+D26 -> 0 | V28: =+D26 -> 0 | W28: =+D26 -> 0 | X28: =+D26 -> 0 | Y28: =+D26 -> 0 | Z28: =+D26 -> 0 | AA28: =+D26 -> 0 | AB28: =(SUM(D28:AA28)) -> 0 | AC28: 4
C29: Festivo | D29: =+D26 -> 0 | E29: =+D26 -> 0 | F29: =+D26 -> 0 | G29: =+D26 -> 0 | H29: =+D26 -> 0 | I29: =+D26 -> 0 | J29: =+D26 -> 0 | K29: =+D26 -> 0 | L29: =+D26 -> 0 | M29: =+D26 -> 0 | N29: =+D26 -> 0 | O29: =+D26 -> 0 | P29: =+D26 -> 0 | Q29: =+D26 -> 0 | R29: =+D26 -> 0 | S29: =+D26 -> 0 | T29: =+D26 -> 0 | U29: =+D26 -> 0 | V29: =+D26 -> 0 | W29: =+D26 -> 0 | X29: =+D26 -> 0 | Y29: =+D26 -> 0 | Z29: =+D26 -> 0 | AA29: =+D26 -> 0 | AB29: =(SUM(D29:AA29)) -> 0 | AC29: 2
B30: 46935 | C30: Hábil | D30: 0 | E30: =+D30 -> 0 | F30: =+D30 -> 0 | G30: =+D30 -> 0 | H30: =+D30 -> 0 | I30: =+D30 -> 0 | J30: =+D30 -> 0 | K30: =+D30 -> 0 | L30: =+D30 -> 0 | M30: =+D30 -> 0 | N30: =+D30 -> 0 | O30: =+D30 -> 0 | P30: =+D30 -> 0 | Q30: =+D30 -> 0 | R30: =+D30 -> 0 | S30: =+D30 -> 0 | T30: =+D30 -> 0 | U30: =+D30 -> 0 | V30: =+D30 -> 0 | W30: =+D30 -> 0 | X30: =+D30 -> 0 | Y30: =+D30 -> 0 | Z30: =+D30 -> 0 | AA30: =+D30 -> 0 | AB30: =(SUM(D30:AA30)) -> 0 | AC30: 19 | AD30: =(AB30*AC30)+(AB31*AC31)+(AB32*AC32)+(AB33*AC33) -> 0
C31: Sábado | D31: =+D30 -> 0 | E31: =+D30 -> 0 | F31: =+D30 -> 0 | G31: =+D30 -> 0 | H31: =+D30 -> 0 | I31: =+D30 -> 0 | J31: =+D30 -> 0 | K31: =+D30 -> 0 | L31: =+D30 -> 0 | M31: =+D30 -> 0 | N31: =+D30 -> 0 | O31: =+D30 -> 0 | P31: =+D30 -> 0 | Q31: =+D30 -> 0 | R31: =+D30 -> 0 | S31: =+D30 -> 0 | T31: =+D30 -> 0 | U31: =+D30 -> 0 | V31: =+D30 -> 0 | W31: =+D30 -> 0 | X31: =+D30 -> 0 | Y31: =+D30 -> 0 | Z31: =+D30 -> 0 | AA31: =+D30 -> 0 | AB31: =(SUM(D31:AA31)) -> 0 | AC31: 5
C32: domingo | D32: =+D30 -> 0 | E32: =+D30 -> 0 | F32: =+D30 -> 0 | G32: =+D30 -> 0 | H32: =+D30 -> 0 | I32: =+D30 -> 0 | J32: =+D30 -> 0 | K32: =+D30 -> 0 | L32: =+D30 -> 0 | M32: =+D30 -> 0 | N32: =+D30 -> 0 | O32: =+D30 -> 0 | P32: =+D30 -> 0 | Q32: =+D30 -> 0 | R32: =+D30 -> 0 | S32: =+D30 -> 0 | T32: =+D30 -> 0 | U32: =+D30 -> 0 | V32: =+D30 -> 0 | W32: =+D30 -> 0 | X32: =+D30 -> 0 | Y32: =+D30 -> 0 | Z32: =+D30 -> 0 | AA32: =+D30 -> 0 | AB32: =(SUM(D32:AA32)) -> 0 | AC32: 5
C33: Festivo | D33: =+D30 -> 0 | E33: =+D30 -> 0 | F33: =+D30 -> 0 | G33: =+D30 -> 0 | H33: =+D30 -> 0 | I33: =+D30 -> 0 | J33: =+D30 -> 0 | K33: =+D30 -> 0 | L33: =+D30 -> 0 | M33: =+D30 -> 0 | N33: =+D30 -> 0 | O33: =+D30 -> 0 | P33: =+D30 -> 0 | Q33: =+D30 -> 0 | R33: =+D30 -> 0 | S33: =+D30 -> 0 | T33: =+D30 -> 0 | U33: =+D30 -> 0 | V33: =+D30 -> 0 | W33: =+D30 -> 0 | X33: =+D30 -> 0 | Y33: =+D30 -> 0 | Z33: =+D30 -> 0 | AA33: =+D30 -> 0 | AB33: =(SUM(D33:AA33)) -> 0 | AC33: 2
B34: 46966 | C34: Hábil | D34: 0 | E34: =+D34 -> 0 | F34: =+D34 -> 0 | G34: =+D34 -> 0 | H34: =+D34 -> 0 | I34: =+D34 -> 0 | J34: =+D34 -> 0 | K34: =+D34 -> 0 | L34: =+D34 -> 0 | M34: =+D34 -> 0 | N34: =+D34 -> 0 | O34: =+D34 -> 0 | P34: =+D34 -> 0 | Q34: =+D34 -> 0 | R34: =+D34 -> 0 | S34: =+D34 -> 0 | T34: =+D34 -> 0 | U34: =+D34 -> 0 | V34: =+D34 -> 0 | W34: =+D34 -> 0 | X34: =+D34 -> 0 | Y34: =+D34 -> 0 | Z34: =+D34 -> 0 | AA34: =+D34 -> 0 | AB34: =(SUM(D34:AA34)) -> 0 | AC34: 21 | AD34: =(AB34*AC34)+(AB35*AC35)+(AB36*AC36)+(AB37*AC37) -> 0
C35: Sábado | D35: =+D34 -> 0 | E35: =+D34 -> 0 | F35: =+D34 -> 0 | G35: =+D34 -> 0 | H35: =+D34 -> 0 | I35: =+D34 -> 0 | J35: =+D34 -> 0 | K35: =+D34 -> 0 | L35: =+D34 -> 0 | M35: =+D34 -> 0 | N35: =+D34 -> 0 | O35: =+D34 -> 0 | P35: =+D34 -> 0 | Q35: =+D34 -> 0 | R35: =+D34 -> 0 | S35: =+D34 -> 0 | T35: =+D34 -> 0 | U35: =+D34 -> 0 | V35: =+D34 -> 0 | W35: =+D34 -> 0 | X35: =+D34 -> 0 | Y35: =+D34 -> 0 | Z35: =+D34 -> 0 | AA35: =+D34 -> 0 | AB35: =(SUM(D35:AA35)) -> 0 | AC35: 4
C36: Domingo | D36: =+D34 -> 0 | E36: =+D34 -> 0 | F36: =+D34 -> 0 | G36: =+D34 -> 0 | H36: =+D34 -> 0 | I36: =+D34 -> 0 | J36: =+D34 -> 0 | K36: =+D34 -> 0 | L36: =+D34 -> 0 | M36: =+D34 -> 0 | N36: =+D34 -> 0 | O36: =+D34 -> 0 | P36: =+D34 -> 0 | Q36: =+D34 -> 0 | R36: =+D34 -> 0 | S36: =+D34 -> 0 | T36: =+D34 -> 0 | U36: =+D34 -> 0 | V36: =+D34 -> 0 | W36: =+D34 -> 0 | X36: =+D34 -> 0 | Y36: =+D34 -> 0 | Z36: =+D34 -> 0 | AA36: =+D34 -> 0 | AB36: =(SUM(D36:AA36)) -> 0 | AC36: 4
C37: Festivo | D37: =+D34 -> 0 | E37: =+D34 -> 0 | F37: =+D34 -> 0 | G37: =+D34 -> 0 | H37: =+D34 -> 0 | I37: =+D34 -> 0 | J37: =+D34 -> 0 | K37: =+D34 -> 0 | L37: =+D34 -> 0 | M37: =+D34 -> 0 | N37: =+D34 -> 0 | O37: =+D34 -> 0 | P37: =+D34 -> 0 | Q37: =+D34 -> 0 | R37: =+D34 -> 0 | S37: =+D34 -> 0 | T37: =+D34 -> 0 | U37: =+D34 -> 0 | V37: =+D34 -> 0 | W37: =+D34 -> 0 | X37: =+D34 -> 0 | Y37: =+D34 -> 0 | Z37: =+D34 -> 0 | AA37: =+D34 -> 0 | AB37: =(SUM(D37:AA37)) -> 0 | AC37: 2
B38: 46997 | C38: Hábil | D38: 7175.1 | E38: =+D38 -> 7175.1 | F38: =+D38 -> 7175.1 | G38: =+D38 -> 7175.1 | H38: =+D38 -> 7175.1 | I38: =+D38 -> 7175.1 | J38: =+D38 -> 7175.1 | K38: =+D38 -> 7175.1 | L38: =+D38 -> 7175.1 | M38: =+D38 -> 7175.1 | N38: =+D38 -> 7175.1 | O38: =+D38 -> 7175.1 | P38: =+D38 -> 7175.1 | Q38: =+D38 -> 7175.1 | R38: =+D38 -> 7175.1 | S38: =+D38 -> 7175.1 | T38: =+D38 -> 7175.1 | U38: =+D38 -> 7175.1 | V38: =+D38 -> 7175.1 | W38: =+D38 -> 7175.1 | X38: =+D38 -> 7175.1 | Y38: =+D38 -> 7175.1 | Z38: =+D38 -> 7175.1 | AA38: =+D38 -> 7175.1 | AB38: =(SUM(D38:AA38)) -> 172202.4 | AC38: 21 | AD38: =(AB38*AC38)+(AB39*AC39)+(AB40*AC40)+(AB41*AC41) -> 5166072
C39: Sábado | D39: =+D38 -> 7175.1 | E39: =+D38 -> 7175.1 | F39: =+D38 -> 7175.1 | G39: =+D38 -> 7175.1 | H39: =+D38 -> 7175.1 | I39: =+D38 -> 7175.1 | J39: =+D38 -> 7175.1 | K39: =+D38 -> 7175.1 | L39: =+D38 -> 7175.1 | M39: =+D38 -> 7175.1 | N39: =+D38 -> 7175.1 | O39: =+D38 -> 7175.1 | P39: =+D38 -> 7175.1 | Q39: =+D38 -> 7175.1 | R39: =+D38 -> 7175.1 | S39: =+D38 -> 7175.1 | T39: =+D38 -> 7175.1 | U39: =+D38 -> 7175.1 | V39: =+D38 -> 7175.1 | W39: =+D38 -> 7175.1 | X39: =+D38 -> 7175.1 | Y39: =+D38 -> 7175.1 | Z39: =+D38 -> 7175.1 | AA39: =+D38 -> 7175.1 | AB39: =(SUM(D39:AA39)) -> 172202.4 | AC39: 5
C40: Domingo | D40: =+D38 -> 7175.1 | E40: =+D38 -> 7175.1 | F40: =+D38 -> 7175.1 | G40: =+D38 -> 7175.1 | H40: =+D38 -> 7175.1 | I40: =+D38 -> 7175.1 | J40: =+D38 -> 7175.1 | K40: =+D38 -> 7175.1 | L40: =+D38 -> 7175.1 | M40: =+D38 -> 7175.1 | N40: =+D38 -> 7175.1 | O40: =+D38 -> 7175.1 | P40: =+D38 -> 7175.1 | Q40: =+D38 -> 7175.1 | R40: =+D38 -> 7175.1 | S40: =+D38 -> 7175.1 | T40: =+D38 -> 7175.1 | U40: =+D38 -> 7175.1 | V40: =+D38 -> 7175.1 | W40: =+D38 -> 7175.1 | X40: =+D38 -> 7175.1 | Y40: =+D38 -> 7175.1 | Z40: =+D38 -> 7175.1 | AA40: =+D38 -> 7175.1 | AB40: =(SUM(D40:AA40)) -> 172202.4 | AC40: 4
C41: Festivo | D41: =+D38 -> 7175.1 | E41: =+D38 -> 7175.1 | F41: =+D38 -> 7175.1 | G41: =+D38 -> 7175.1 | H41: =+D38 -> 7175.1 | I41: =+D38 -> 7175.1 | J41: =+D38 -> 7175.1 | K41: =+D38 -> 7175.1 | L41: =+D38 -> 7175.1 | M41: =+D38 -> 7175.1 | N41: =+D38 -> 7175.1 | O41: =+D38 -> 7175.1 | P41: =+D38 -> 7175.1 | Q41: =+D38 -> 7175.1 | R41: =+D38 -> 7175.1 | S41: =+D38 -> 7175.1 | T41: =+D38 -> 7175.1 | U41: =+D38 -> 7175.1 | V41: =+D38 -> 7175.1 | W41: =+D38 -> 7175.1 | X41: =+D38 -> 7175.1 | Y41: =+D38 -> 7175.1 | Z41: =+D38 -> 7175.1 | AA41: =+D38 -> 7175.1 | AB41: =(SUM(D41:AA41)) -> 172202.4 | AC41: 0
B42: 47027 | C42: Hábil | D42: 7247.67 | E42: =+D42 -> 7247.67 | F42: =+D42 -> 7247.67 | G42: =+D42 -> 7247.67 | H42: =+D42 -> 7247.67 | I42: =+D42 -> 7247.67 | J42: =+D42 -> 7247.67 | K42: =+D42 -> 7247.67 | L42: =+D42 -> 7247.67 | M42: =+D42 -> 7247.67 | N42: =+D42 -> 7247.67 | O42: =+D42 -> 7247.67 | P42: =+D42 -> 7247.67 | Q42: =+D42 -> 7247.67 | R42: =+D42 -> 7247.67 | S42: =+D42 -> 7247.67 | T42: =+D42 -> 7247.67 | U42: =+D42 -> 7247.67 | V42: =+D42 -> 7247.67 | W42: =+D42 -> 7247.67 | X42: =+D42 -> 7247.67 | Y42: =+D42 -> 7247.67 | Z42: =+D42 -> 7247.67 | AA42: =+D42 -> 7247.67 | AB42: =(SUM(D42:AA42)) -> 173944.08 | AC42: 21 | AD42: =(AB42*AC42)+(AB43*AC43)+(AB44*AC44)+(AB45*AC45) -> 5392266.5
C43: Sábado | D43: =+D42 -> 7247.67 | E43: =+D42 -> 7247.67 | F43: =+D42 -> 7247.67 | G43: =+D42 -> 7247.67 | H43: =+D42 -> 7247.67 | I43: =+D42 -> 7247.67 | J43: =+D42 -> 7247.67 | K43: =+D42 -> 7247.67 | L43: =+D42 -> 7247.67 | M43: =+D42 -> 7247.67 | N43: =+D42 -> 7247.67 | O43: =+D42 -> 7247.67 | P43: =+D42 -> 7247.67 | Q43: =+D42 -> 7247.67 | R43: =+D42 -> 7247.67 | S43: =+D42 -> 7247.67 | T43: =+D42 -> 7247.67 | U43: =+D42 -> 7247.67 | V43: =+D42 -> 7247.67 | W43: =+D42 -> 7247.67 | X43: =+D42 -> 7247.67 | Y43: =+D42 -> 7247.67 | Z43: =+D42 -> 7247.67 | AA43: =+D42 -> 7247.67 | AB43: =(SUM(D43:AA43)) -> 173944.08 | AC43: 4
C44: Domingo | D44: =+D42 -> 7247.67 | E44: =+D42 -> 7247.67 | F44: =+D42 -> 7247.67 | G44: =+D42 -> 7247.67 | H44: =+D42 -> 7247.67 | I44: =+D42 -> 7247.67 | J44: =+D42 -> 7247.67 | K44: =+D42 -> 7247.67 | L44: =+D42 -> 7247.67 | M44: =+D42 -> 7247.67 | N44: =+D42 -> 7247.67 | O44: =+D42 -> 7247.67 | P44: =+D42 -> 7247.67 | Q44: =+D42 -> 7247.67 | R44: =+D42 -> 7247.67 | S44: =+D42 -> 7247.67 | T44: =+D42 -> 7247.67 | U44: =+D42 -> 7247.67 | V44: =+D42 -> 7247.67 | W44: =+D42 -> 7247.67 | X44: =+D42 -> 7247.67 | Y44: =+D42 -> 7247.67 | Z44: =+D42 -> 7247.67 | AA44: =+D42 -> 7247.67 | AB44: =(SUM(D44:AA44)) -> 173944.08 | AC44: 5
C45: Festivo | D45: =+D42 -> 7247.67 | E45: =+D42 -> 7247.67 | F45: =+D42 -> 7247.67 | G45: =+D42 -> 7247.67 | H45: =+D42 -> 7247.67 | I45: =+D42 -> 7247.67 | J45: =+D42 -> 7247.67 | K45: =+D42 -> 7247.67 | L45: =+D42 -> 7247.67 | M45: =+D42 -> 7247.67 | N45: =+D42 -> 7247.67 | O45: =+D42 -> 7247.67 | P45: =+D42 -> 7247.67 | Q45: =+D42 -> 7247.67 | R45: =+D42 -> 7247.67 | S45: =+D42 -> 7247.67 | T45: =+D42 -> 7247.67 | U45: =+D42 -> 7247.67 | V45: =+D42 -> 7247.67 | W45: =+D42 -> 7247.67 | X45: =+D42 -> 7247.67 | Y45: =+D42 -> 7247.67 | Z45: =+D42 -> 7247.67 | AA45: =+D42 -> 7247.67 | AB45: =(SUM(D45:AA45)) -> 173944.08 | AC45: 1
B46: 47058 | C46: Hábil | D46: 7114.1 | E46: =+D46 -> 7114.1 | F46: =+D46 -> 7114.1 | G46: =+D46 -> 7114.1 | H46: =+D46 -> 7114.1 | I46: =+D46 -> 7114.1 | J46: =+D46 -> 7114.1 | K46: =+D46 -> 7114.1 | L46: =+D46 -> 7114.1 | M46: =+D46 -> 7114.1 | N46: =+D46 -> 7114.1 | O46: =+D46 -> 7114.1 | P46: =+D46 -> 7114.1 | Q46: =+D46 -> 7114.1 | R46: =+D46 -> 7114.1 | S46: =+D46 -> 7114.1 | T46: =+D46 -> 7114.1 | U46: =+D46 -> 7114.1 | V46: =+D46 -> 7114.1 | W46: =+D46 -> 7114.1 | X46: =+D46 -> 7114.1 | Y46: =+D46 -> 7114.1 | Z46: =+D46 -> 7114.1 | AA46: =+D46 -> 7114.1 | AB46: =(SUM(D46:AA46)) -> 170738.4 | AC46: 20 | AD46: =(AB46*AC46)+(AB47*AC47)+(AB48*AC48)+(AB49*AC49) -> 5122152
C47: Sábado | D47: =+D46 -> 7114.1 | E47: =+D46 -> 7114.1 | F47: =+D46 -> 7114.1 | G47: =+D46 -> 7114.1 | H47: =+D46 -> 7114.1 | I47: =+D46 -> 7114.1 | J47: =+D46 -> 7114.1 | K47: =+D46 -> 7114.1 | L47: =+D46 -> 7114.1 | M47: =+D46 -> 7114.1 | N47: =+D46 -> 7114.1 | O47: =+D46 -> 7114.1 | P47: =+D46 -> 7114.1 | Q47: =+D46 -> 7114.1 | R47: =+D46 -> 7114.1 | S47: =+D46 -> 7114.1 | T47: =+D46 -> 7114.1 | U47: =+D46 -> 7114.1 | V47: =+D46 -> 7114.1 | W47: =+D46 -> 7114.1 | X47: =+D46 -> 7114.1 | Y47: =+D46 -> 7114.1 | Z47: =+D46 -> 7114.1 | AA47: =+D46 -> 7114.1 | AB47: =(SUM(D47:AA47)) -> 170738.4 | AC47: 4
C48: Domingo | D48: =+D46 -> 7114.1 | E48: =+D46 -> 7114.1 | F48: =+D46 -> 7114.1 | G48: =+D46 -> 7114.1 | H48: =+D46 -> 7114.1 | I48: =+D46 -> 7114.1 | J48: =+D46 -> 7114.1 | K48: =+D46 -> 7114.1 | L48: =+D46 -> 7114.1 | M48: =+D46 -> 7114.1 | N48: =+D46 -> 7114.1 | O48: =+D46 -> 7114.1 | P48: =+D46 -> 7114.1 | Q48: =+D46 -> 7114.1 | R48: =+D46 -> 7114.1 | S48: =+D46 -> 7114.1 | T48: =+D46 -> 7114.1 | U48: =+D46 -> 7114.1 | V48: =+D46 -> 7114.1 | W48: =+D46 -> 7114.1 | X48: =+D46 -> 7114.1 | Y48: =+D46 -> 7114.1 | Z48: =+D46 -> 7114.1 | AA48: =+D46 -> 7114.1 | AB48: =(SUM(D48:AA48)) -> 170738.4 | AC48: 4
C49: Festivo | D49: =+D46 -> 7114.1 | E49: =+D46 -> 7114.1 | F49: =+D46 -> 7114.1 | G49: =+D46 -> 7114.1 | H49: =+D46 -> 7114.1 | I49: =+D46 -> 7114.1 | J49: =+D46 -> 7114.1 | K49: =+D46 -> 7114.1 | L49: =+D46 -> 7114.1 | M49: =+D46 -> 7114.1 | N49: =+D46 -> 7114.1 | O49: =+D46 -> 7114.1 | P49: =+D46 -> 7114.1 | Q49: =+D46 -> 7114.1 | R49: =+D46 -> 7114.1 | S49: =+D46 -> 7114.1 | T49: =+D46 -> 7114.1 | U49: =+D46 -> 7114.1 | V49: =+D46 -> 7114.1 | W49: =+D46 -> 7114.1 | X49: =+D46 -> 7114.1 | Y49: =+D46 -> 7114.1 | Z49: =+D46 -> 7114.1 | AA49: =+D46 -> 7114.1 | AB49: =(SUM(D49:AA49)) -> 170738.4 | AC49: 2
B50: 47088 | C50: Hábil | D50: 7580.89 | E50: =+D50 -> 7580.89 | F50: =+D50 -> 7580.89 | G50: =+D50 -> 7580.89 | H50: =+D50 -> 7580.89 | I50: =+D50 -> 7580.89 | J50: =+D50 -> 7580.89 | K50: =+D50 -> 7580.89 | L50: =+D50 -> 7580.89 | M50: =+D50 -> 7580.89 | N50: =+D50 -> 7580.89 | O50: =+D50 -> 7580.89 | P50: =+D50 -> 7580.89 | Q50: =+D50 -> 7580.89 | R50: =+D50 -> 7580.89 | S50: =+D50 -> 7580.89 | T50: =+D50 -> 7580.89 | U50: =+D50 -> 7580.89 | V50: =+D50 -> 7580.89 | W50: =+D50 -> 7580.89 | X50: =+D50 -> 7580.89 | Y50: =+D50 -> 7580.89 | Z50: =+D50 -> 7580.89 | AA50: =+D50 -> 7580.89 | AB50: =(SUM(D50:AA50)) -> 181941.36 | AC50: 19 | AD50: =(AB50*AC50)+(AB51*AC51)+(AB52*AC52)+(AB53*AC53) -> 5640182.2
C51: Sábado | D51: =+D50 -> 7580.89 | E51: =+D50 -> 7580.89 | F51: =+D50 -> 7580.89 | G51: =+D50 -> 7580.89 | H51: =+D50 -> 7580.89 | I51: =+D50 -> 7580.89 | J51: =+D50 -> 7580.89 | K51: =+D50 -> 7580.89 | L51: =+D50 -> 7580.89 | M51: =+D50 -> 7580.89 | N51: =+D50 -> 7580.89 | O51: =+D50 -> 7580.89 | P51: =+D50 -> 7580.89 | Q51: =+D50 -> 7580.89 | R51: =+D50 -> 7580.89 | S51: =+D50 -> 7580.89 | T51: =+D50 -> 7580.89 | U51: =+D50 -> 7580.89 | V51: =+D50 -> 7580.89 | W51: =+D50 -> 7580.89 | X51: =+D50 -> 7580.89 | Y51: =+D50 -> 7580.89 | Z51: =+D50 -> 7580.89 | AA51: =+D50 -> 7580.89 | AB51: =(SUM(D51:AA51)) -> 181941.36 | AC51: 5
C52: Domingo | D52: =+D50 -> 7580.89 | E52: =+D50 -> 7580.89 | F52: =+D50 -> 7580.89 | G52: =+D50 -> 7580.89 | H52: =+D50 -> 7580.89 | I52: =+D50 -> 7580.89 | J52: =+D50 -> 7580.89 | K52: =+D50 -> 7580.89 | L52: =+D50 -> 7580.89 | M52: =+D50 -> 7580.89 | N52: =+D50 -> 7580.89 | O52: =+D50 -> 7580.89 | P52: =+D50 -> 7580.89 | Q52: =+D50 -> 7580.89 | R52: =+D50 -> 7580.89 | S52: =+D50 -> 7580.89 | T52: =+D50 -> 7580.89 | U52: =+D50 -> 7580.89 | V52: =+D50 -> 7580.89 | W52: =+D50 -> 7580.89 | X52: =+D50 -> 7580.89 | Y52: =+D50 -> 7580.89 | Z52: =+D50 -> 7580.89 | AA52: =+D50 -> 7580.89 | AB52: =(SUM(D52:AA52)) -> 181941.36 | AC52: 5
C53: Festivo | D53: =+D50 -> 7580.89 | E53: =+D50 -> 7580.89 | F53: =+D50 -> 7580.89 | G53: =+D50 -> 7580.89 | H53: =+D50 -> 7580.89 | I53: =+D50 -> 7580.89 | J53: =+D50 -> 7580.89 | K53: =+D50 -> 7580.89 | L53: =+D50 -> 7580.89 | M53: =+D50 -> 7580.89 | N53: =+D50 -> 7580.89 | O53: =+D50 -> 7580.89 | P53: =+D50 -> 7580.89 | Q53: =+D50 -> 7580.89 | R53: =+D50 -> 7580.89 | S53: =+D50 -> 7580.89 | T53: =+D50 -> 7580.89 | U53: =+D50 -> 7580.89 | V53: =+D50 -> 7580.89 | W53: =+D50 -> 7580.89 | X53: =+D50 -> 7580.89 | Y53: =+D50 -> 7580.89 | Z53: =+D50 -> 7580.89 | AA53: =+D50 -> 7580.89 | AB53: =(SUM(D53:AA53)) -> 181941.36 | AC53: 2
AD54: =SUM(AD6:AD53) -> 58490442

Sheet Anexo 2 Producto 6
B4: ANEXO 2 - OFERTA PRODUCTO 6
B5: NOMBRE DEL OFERENTE
B6: PRECIOS Y CANTIDADES DE ENERGIA OFERTADA
B7: EN PESOS DE MARZO 2026
B8: PRODUCTO 6
B9: 2028 | C9: Enero | D9: =+'Producto 6 Plano 2028'!AE6 -> 11633318 | F9: =+$E$9*D9 -> 0 | H9: =+SUM(D9:D20) -> 58490442
B10: 2028 | C10: Febrero | D10: =+'Producto 6 Plano 2028'!AE7 -> 10751857 | F10: =+$E$9*D10 -> 0
B11: 2028 | C11: Marzo | D11: =+'Producto 6 Plano 2028'!AE8 -> 11573798 | F11: =+$E$9*D11 -> 0
B12: 2028 | C12: Abril | D12: =+'Producto 6 Plano 2028'!AE9 -> 3210796.8 | F12: =+$E$9*D12 -> 0
B13: 2028 | C13: Mayo | D13: =+'Producto 6 Plano 2028'!AE10 -> 0 | F13: =+$E$9*D13 -> 0
B14: 2028 | C14: Junio | D14: =+'Producto 6 Plano 2028'!AE11 -> 0 | F14: =+$E$9*D14 -> 0
B15: 2028 | C15: Julio | D15: =+'Producto 6 Plano 2028'!AE12 -> 0 | F15: =+$E$9*D15 -> 0
B16: 2028 | C16: Agosto | D16: =+'Producto 6 Plano 2028'!AE13 -> 0 | F16: =+$E$9*D16 -> 0
B17: 2028 | C17: Septiembre | D17: =+'Producto 6 Plano 2028'!AE14 -> 5166072 | F17: =+$E$9*D17 -> 0
B18: 2028 | C18: Octubre | D18: =+'Producto 6 Plano 2028'!AE15 -> 5392266.5 | F18: =+$E$9*D18 -> 0
B19: 2028 | C19: Noviembre | D19: =+'Producto 6 Plano 2028'!AE16 -> 5122152 | F19: =+$E$9*D19 -> 0
B20: 2028 | C20: Diciembre | D20: =+'Producto 6 Plano 2028'!AE17 -> 5640182.2 | F20: =+$E$9*D20 -> 0
B21: Total Producto 6 | D21: =+SUM(D9:D20) -> 58490442
B23: E. Solicitada = Energía solicitada por RUITOQUE para el producto.
B24: % E. Ofertado = Porcentaje de energía ofertado por el agente respecto a la E. Solicitada.
B25: E. Ofertada = Energía ofertada por el agente, producto de la E. Solicitada y el % E. Ofertado.
B26: $/kWh = Tarifa de la oferta para todas las horas del mes.

Sheet Producto 7 Plano 2028
B2: ANEXO 1 - CANTIDADES DE ENERGÍA SOLICITADA EN kWh
B3: PRODUCTO 7
B4: PERIODO 01 DE ENERO DEL 2028 A DICIEMBRE 31 DE 2028
C5: DIA | D5: 1 | E5: 2 | F5: 3 | G5: 4 | H5: 5 | I5: 6 | J5: 7 | K5: 8 | L5: 9 | M5: 10 | N5: 11 | O5: 12 | P5: 13 | Q5: 14 | R5: 15 | S5: 16 | T5: 17 | U5: 18 | V5: 19 | W5: 20 | X5: 21 | Y5: 22 | Z5: 23 | AA5: 24 | AB5: Total | AC5: No. DÍAS | AD5: Total
B6: 46753 | C6: Hábil | D6: 2732.25 | E6: =+D6 -> 2732.25 | F6: =+D6 -> 2732.25 | G6: =+D6 -> 2732.25 | H6: =+D6 -> 2732.25 | I6: =+D6 -> 2732.25 | J6: =+D6 -> 2732.25 | K6: =+D6 -> 2732.25 | L6: =+D6 -> 2732.25 | M6: =+D6 -> 2732.25 | N6: =+D6 -> 2732.25 | O6: =+D6 -> 2732.25 | P6: =+D6 -> 2732.25 | Q6: =+D6 -> 2732.25 | R6: =+D6 -> 2732.25 | S6: =+D6 -> 2732.25 | T6: =+D6 -> 2732.25 | U6: =+D6 -> 2732.25 | V6: =+D6 -> 2732.25 | W6: =+D6 -> 2732.25 | X6: =+D6 -> 2732.25 | Y6: =+D6 -> 2732.25 | Z6: =+D6 -> 2732.25 | AA6: =+D6 -> 2732.25 | AB6: =(SUM(D6:AA6)) -> 65574 | AC6: 20 | AD6: =(AB6*AC6)+(AB7*AC7)+(AB8*AC8)+(AB9*AC9) -> 2032794 | AE6: =+AD6 -> 2032794
C7: Sábado | D7: =+D6 -> 2732.25 | E7: =+D6 -> 2732.25 | F7: =+D6 -> 2732.25 | G7: =+D6 -> 2732.25 | H7: =+D6 -> 2732.25 | I7: =+D6 -> 2732.25 | J7: =+D6 -> 2732.25 | K7: =+D6 -> 2732.25 | L7: =+D6 -> 2732.25 | M7: =+D6 -> 2732.25 | N7: =+D6 -> 2732.25 | O7: =+D6 -> 2732.25 | P7: =+D6 -> 2732.25 | Q7: =+D6 -> 2732.25 | R7: =+D6 -> 2732.25 | S7: =+D6 -> 2732.25 | T7: =+D6 -> 2732.25 | U7: =+D6 -> 2732.25 | V7: =+D6 -> 2732.25 | W7: =+D6 -> 2732.25 | X7: =+D6 -> 2732.25 | Y7: =+D6 -> 2732.25 | Z7: =+D6 -> 2732.25 | AA7: =+D6 -> 2732.25 | AB7: =(SUM(D7:AA7)) -> 65574 | AC7: 4 | AE7: =+AD10 -> 1901646
C8: Domingo | D8: =+D6 -> 2732.25 | E8: =+D6 -> 2732.25 | F8: =+D6 -> 2732.25 | G8: =+D6 -> 2732.25 | H8: =+D6 -> 2732.25 | I8: =+D6 -> 2732.25 | J8: =+D6 -> 2732.25 | K8: =+D6 -> 2732.25 | L8: =+D6 -> 2732.25 | M8: =+D6 -> 2732.25 | N8: =+D6 -> 2732.25 | O8: =+D6 -> 2732.25 | P8: =+D6 -> 2732.25 | Q8: =+D6 -> 2732.25 | R8: =+D6 -> 2732.25 | S8: =+D6 -> 2732.25 | T8: =+D6 -> 2732.25 | U8: =+D6 -> 2732.25 | V8: =+D6 -> 2732.25 | W8: =+D6 -> 2732.25 | X8: =+D6 -> 2732.25 | Y8: =+D6 -> 2732.25 | Z8: =+D6 -> 2732.25 | AA8: =+D6 -> 2732.25 | AB8: =(SUM(D8:AA8)) -> 65574 | AC8: 5 | AE8: =+AD14 -> 2032794
C9: Festivo | D9: =+D6 -> 2732.25 | E9: =+D6 -> 2732.25 | F9: =+D6 -> 2732.25 | G9: =+D6 -> 2732.25 | H9: =+D6 -> 2732.25 | I9: =+D6 -> 2732.25 | J9: =+D6 -> 2732.25 | K9: =+D6 -> 2732.25 | L9: =+D6 -> 2732.25 | M9: =+D6 -> 2732.25 | N9: =+D6 -> 2732.25 | O9: =+D6 -> 2732.25 | P9: =+D6 -> 2732.25 | Q9: =+D6 -> 2732.25 | R9: =+D6 -> 2732.25 | S9: =+D6 -> 2732.25 | T9: =+D6 -> 2732.25 | U9: =+D6 -> 2732.25 | V9: =+D6 -> 2732.25 | W9: =+D6 -> 2732.25 | X9: =+D6 -> 2732.25 | Y9: =+D6 -> 2732.25 | Z9: =+D6 -> 2732.25 | AA9: =+D6 -> 2732.25 | AB9: =(SUM(D9:AA9)) -> 65574 | AC9: 2 | AE9: =+AD18 -> 1967220
B10: 46784 | C10: Hábil | D10: 2732.25 | E10: =+D10 -> 2732.25 | F10: =+D10 -> 2732.25 | G10: =+D10 -> 2732.25 | H10: =+D10 -> 2732.25 | I10: =+D10 -> 2732.25 | J10: =+D10 -> 2732.25 | K10: =+D10 -> 2732.25 | L10: =+D10 -> 2732.25 | M10: =+D10 -> 2732.25 | N10: =+D10 -> 2732.25 | O10: =+D10 -> 2732.25 | P10: =+D10 -> 2732.25 | Q10: =+D10 -> 2732.25 | R10: =+D10 -> 2732.25 | S10: =+D10 -> 2732.25 | T10: =+D10 -> 2732.25 | U10: =+D10 -> 2732.25 | V10: =+D10 -> 2732.25 | W10: =+D10 -> 2732.25 | X10: =+D10 -> 2732.25 | Y10: =+D10 -> 2732.25 | Z10: =+D10 -> 2732.25 | AA10: =+D10 -> 2732.25 | AB10: =(SUM(D10:AA10)) -> 65574 | AC10: 21 | AD10: =(AB10*AC10)+(AB11*AC11)+(AB12*AC12)+(AB13*AC13) -> 1901646 | AE10: =+AD22 -> 2032794
C11: Sábado | D11: =+D10 -> 2732.25 | E11: =+D10 -> 2732.25 | F11: =+D10 -> 2732.25 | G11: =+D10 -> 2732.25 | H11: =+D10 -> 2732.25 | I11: =+D10 -> 2732.25 | J11: =+D10 -> 2732.25 | K11: =+D10 -> 2732.25 | L11: =+D10 -> 2732.25 | M11: =+D10 -> 2732.25 | N11: =+D10 -> 2732.25 | O11: =+D10 -> 2732.25 | P11: =+D10 -> 2732.25 | Q11: =+D10 -> 2732.25 | R11: =+D10 -> 2732.25 | S11: =+D10 -> 2732.25 | T11: =+D10 -> 2732.25 | U11: =+D10 -> 2732.25 | V11: =+D10 -> 2732.25 | W11: =+D10 -> 2732.25 | X11: =+D10 -> 2732.25 | Y11: =+D10 -> 2732.25 | Z11: =+D10 -> 2732.25 | AA11: =+D10 -> 2732.25 | AB11: =(SUM(D11:AA11)) -> 65574 | AC11: 4 | AE11: =+AD26 -> 1967220
C12: Domingo | D12: =+D10 -> 2732.25 | E12: =+D10 -> 2732.25 | F12: =+D10 -> 2732.25 | G12: =+D10 -> 2732.25 | H12: =+D10 -> 2732.25 | I12: =+D10 -> 2732.25 | J12: =+D10 -> 2732.25 | K12: =+D10 -> 2732.25 | L12: =+D10 -> 2732.25 | M12: =+D10 -> 2732.25 | N12: =+D10 -> 2732.25 | O12: =+D10 -> 2732.25 | P12: =+D10 -> 2732.25 | Q12: =+D10 -> 2732.25 | R12: =+D10 -> 2732.25 | S12: =+D10 -> 2732.25 | T12: =+D10 -> 2732.25 | U12: =+D10 -> 2732.25 | V12: =+D10 -> 2732.25 | W12: =+D10 -> 2732.25 | X12: =+D10 -> 2732.25 | Y12: =+D10 -> 2732.25 | Z12: =+D10 -> 2732.25 | AA12: =+D10 -> 2732.25 | AB12: =(SUM(D12:AA12)) -> 65574 | AC12: 4 | AE12: =+AD30 -> 2032794
C13: Festivo | D13: =+D10 -> 2732.25 | E13: =+D10 -> 2732.25 | F13: =+D10 -> 2732.25 | G13: =+D10 -> 2732.25 | H13: =+D10 -> 2732.25 | I13: =+D10 -> 2732.25 | J13: =+D10 -> 2732.25 | K13: =+D10 -> 2732.25 | L13: =+D10 -> 2732.25 | M13: =+D10 -> 2732.25 | N13: =+D10 -> 2732.25 | O13: =+D10 -> 2732.25 | P13: =+D10 -> 2732.25 | Q13: =+D10 -> 2732.25 | R13: =+D10 -> 2732.25 | S13: =+D10 -> 2732.25 | T13: =+D10 -> 2732.25 | U13: =+D10 -> 2732.25 | V13: =+D10 -> 2732.25 | W13: =+D10 -> 2732.25 | X13: =+D10 -> 2732.25 | Y13: =+D10 -> 2732.25 | Z13: =+D10 -> 2732.25 | AA13: =+D10 -> 2732.25 | AB13: =(SUM(D13:AA13)) -> 65574 | AC13: 0 | AE13: =+AD34 -> 2032794
B14: 46813 | C14: Hábil | D14: 2732.25 | E14: =+D14 -> 2732.25 | F14: =+D14 -> 2732.25 | G14: =+D14 -> 2732.25 | H14: =+D14 -> 2732.25 | I14: =+D14 -> 2732.25 | J14: =+D14 -> 2732.25 | K14: =+D14 -> 2732.25 | L14: =+D14 -> 2732.25 | M14: =+D14 -> 2732.25 | N14: =+D14 -> 2732.25 | O14: =+D14 -> 2732.25 | P14: =+D14 -> 2732.25 | Q14: =+D14 -> 2732.25 | R14: =+D14 -> 2732.25 | S14: =+D14 -> 2732.25 | T14: =+D14 -> 2732.25 | U14: =+D14 -> 2732.25 | V14: =+D14 -> 2732.25 | W14: =+D14 -> 2732.25 | X14: =+D14 -> 2732.25 | Y14: =+D14 -> 2732.25 | Z14: =+D14 -> 2732.25 | AA14: =+D14 -> 2732.25 | AB14: =(SUM(D14:AA14)) -> 65574 | AC14: 22 | AD14: =(AB14*AC14)+(AB15*AC15)+(AB16*AC16)+(AB17*AC17) -> 2032794 | AE14: =+AD38 -> 1967220
C15: Sábado | D15: =+D14 -> 2732.25 | E15: =+D14 -> 2732.25 | F15: =+D14 -> 2732.25 | G15: =+D14 -> 2732.25 | H15: =+D14 -> 2732.25 | I15: =+D14 -> 2732.25 | J15: =+D14 -> 2732.25 | K15: =+D14 -> 2732.25 | L15: =+D14 -> 2732.25 | M15: =+D14 -> 2732.25 | N15: =+D14 -> 2732.25 | O15: =+D14 -> 2732.25 | P15: =+D14 -> 2732.25 | Q15: =+D14 -> 2732.25 | R15: =+D14 -> 2732.25 | S15: =+D14 -> 2732.25 | T15: =+D14 -> 2732.25 | U15: =+D14 -> 2732.25 | V15: =+D14 -> 2732.25 | W15: =+D14 -> 2732.25 | X15: =+D14 -> 2732.25 | Y15: =+D14 -> 2732.25 | Z15: =+D14 -> 2732.25 | AA15: =+D14 -> 2732.25 | AB15: =(SUM(D15:AA15)) -> 65574 | AC15: 4 | AE15: =+AD42 -> 2032794
C16: Domingo | D16: =+D14 -> 2732.25 | E16: =+D14 -> 2732.25 | F16: =+D14 -> 2732.25 | G16: =+D14 -> 2732.25 | H16: =+D14 -> 2732.25 | I16: =+D14 -> 2732.25 | J16: =+D14 -> 2732.25 | K16: =+D14 -> 2732.25 | L16: =+D14 -> 2732.25 | M16: =+D14 -> 2732.25 | N16: =+D14 -> 2732.25 | O16: =+D14 -> 2732.25 | P16: =+D14 -> 2732.25 | Q16: =+D14 -> 2732.25 | R16: =+D14 -> 2732.25 | S16: =+D14 -> 2732.25 | T16: =+D14 -> 2732.25 | U16: =+D14 -> 2732.25 | V16: =+D14 -> 2732.25 | W16: =+D14 -> 2732.25 | X16: =+D14 -> 2732.25 | Y16: =+D14 -> 2732.25 | Z16: =+D14 -> 2732.25 | AA16: =+D14 -> 2732.25 | AB16: =(SUM(D16:AA16)) -> 65574 | AC16: 4 | AE16: =+AD46 -> 1967220
C17: Festivo | D17: =+D14 -> 2732.25 | E17: =+D14 -> 2732.25 | F17: =+D14 -> 2732.25 | G17: =+D14 -> 2732.25 | H17: =+D14 -> 2732.25 | I17: =+D14 -> 2732.25 | J17: =+D14 -> 2732.25 | K17: =+D14 -> 2732.25 | L17: =+D14 -> 2732.25 | M17: =+D14 -> 2732.25 | N17: =+D14 -> 2732.25 | O17: =+D14 -> 2732.25 | P17: =+D14 -> 2732.25 | Q17: =+D14 -> 2732.25 | R17: =+D14 -> 2732.25 | S17: =+D14 -> 2732.25 | T17: =+D14 -> 2732.25 | U17: =+D14 -> 2732.25 | V17: =+D14 -> 2732.25 | W17: =+D14 -> 2732.25 | X17: =+D14 -> 2732.25 | Y17: =+D14 -> 2732.25 | Z17: =+D14 -> 2732.25 | AA17: =+D14 -> 2732.25 | AB17: =(SUM(D17:AA17)) -> 65574 | AC17: 1 | AE17: =+AD50 -> 2032794
B18: 46844 | C18: Hábil | D18: 2732.25 | E18: =+D18 -> 2732.25 | F18: =+D18 -> 2732.25 | G18: =+D18 -> 2732.25 | H18: =+D18 -> 2732.25 | I18: =+D18 -> 2732.25 | J18: =+D18 -> 2732.25 | K18: =+D18 -> 2732.25 | L18: =+D18 -> 2732.25 | M18: =+D18 -> 2732.25 | N18: =+D18 -> 2732.25 | O18: =+D18 -> 2732.25 | P18: =+D18 -> 2732.25 | Q18: =+D18 -> 2732.25 | R18: =+D18 -> 2732.25 | S18: =+D18 -> 2732.25 | T18: =+D18 -> 2732.25 | U18: =+D18 -> 2732.25 | V18: =+D18 -> 2732.25 | W18: =+D18 -> 2732.25 | X18: =+D18 -> 2732.25 | Y18: =+D18 -> 2732.25 | Z18: =+D18 -> 2732.25 | AA18: =+D18 -> 2732.25 | AB18: =(SUM(D18:AA18)) -> 65574 | AC18: 18 | AD18: =(AB18*AC18)+(AB19*AC19)+(AB20*AC20)+(AB21*AC21) -> 1967220
C19: Sábado | D19: =+D18 -> 2732.25 | E19: =+D18 -> 2732.25 | F19: =+D18 -> 2732.25 | G19: =+D18 -> 2732.25 | H19: =+D18 -> 2732.25 | I19: =+D18 -> 2732.25 | J19: =+D18 -> 2732.25 | K19: =+D18 -> 2732.25 | L19: =+D18 -> 2732.25 | M19: =+D18 -> 2732.25 | N19: =+D18 -> 2732.25 | O19: =+D18 -> 2732.25 | P19: =+D18 -> 2732.25 | Q19: =+D18 -> 2732.25 | R19: =+D18 -> 2732.25 | S19: =+D18 -> 2732.25 | T19: =+D18 -> 2732.25 | U19: =+D18 -> 2732.25 | V19: =+D18 -> 2732.25 | W19: =+D18 -> 2732.25 | X19: =+D18 -> 2732.25 | Y19: =+D18 -> 2732.25 | Z19: =+D18 -> 2732.25 | AA19: =+D18 -> 2732.25 | AB19: =(SUM(D19:AA19)) -> 65574 | AC19: 5
C20: Domingo | D20: =+D18 -> 2732.25 | E20: =+D18 -> 2732.25 | F20: =+D18 -> 2732.25 | G20: =+D18 -> 2732.25 | H20: =+D18 -> 2732.25 | I20: =+D18 -> 2732.25 | J20: =+D18 -> 2732.25 | K20: =+D18 -> 2732.25 | L20: =+D18 -> 2732.25 | M20: =+D18 -> 2732.25 | N20: =+D18 -> 2732.25 | O20: =+D18 -> 2732.25 | P20: =+D18 -> 2732.25 | Q20: =+D18 -> 2732.25 | R20: =+D18 -> 2732.25 | S20: =+D18 -> 2732.25 | T20: =+D18 -> 2732.25 | U20: =+D18 -> 2732.25 | V20: =+D18 -> 2732.25 | W20: =+D18 -> 2732.25 | X20: =+D18 -> 2732.25 | Y20: =+D18 -> 2732.25 | Z20: =+D18 -> 2732.25 | AA20: =+D18 -> 2732.25 | AB20: =(SUM(D20:AA20)) -> 65574 | AC20: 5
C21: Festivo | D21: =+D18 -> 2732.25 | E21: =+D18 -> 2732.25 | F21: =+D18 -> 2732.25 | G21: =+D18 -> 2732.25 | H21: =+D18 -> 2732.25 | I21: =+D18 -> 2732.25 | J21: =+D18 -> 2732.25 | K21: =+D18 -> 2732.25 | L21: =+D18 -> 2732.25 | M21: =+D18 -> 2732.25 | N21: =+D18 -> 2732.25 | O21: =+D18 -> 2732.25 | P21: =+D18 -> 2732.25 | Q21: =+D18 -> 2732.25 | R21: =+D18 -> 2732.25 | S21: =+D18 -> 2732.25 | T21: =+D18 -> 2732.25 | U21: =+D18 -> 2732.25 | V21: =+D18 -> 2732.25 | W21: =+D18 -> 2732.25 | X21: =+D18 -> 2732.25 | Y21: =+D18 -> 2732.25 | Z21: =+D18 -> 2732.25 | AA21: =+D18 -> 2732.25 | AB21: =(SUM(D21:AA21)) -> 65574 | AC21: 2
B22: 46874 | C22: Hábil | D22: 2732.25 | E22: =+D22 -> 2732.25 | F22: =+D22 -> 2732.25 | G22: =+D22 -> 2732.25 | H22: =+D22 -> 2732.25 | I22: =+D22 -> 2732.25 | J22: =+D22 -> 2732.25 | K22: =+D22 -> 2732.25 | L22: =+D22 -> 2732.25 | M22: =+D22 -> 2732.25 | N22: =+D22 -> 2732.25 | O22: =+D22 -> 2732.25 | P22: =+D22 -> 2732.25 | Q22: =+D22 -> 2732.25 | R22: =+D22 -> 2732.25 | S22: =+D22 -> 2732.25 | T22: =+D22 -> 2732.25 | U22: =+D22 -> 2732.25 | V22: =+D22 -> 2732.25 | W22: =+D22 -> 2732.25 | X22: =+D22 -> 2732.25 | Y22: =+D22 -> 2732.25 | Z22: =+D22 -> 2732.25 | AA22: =+D22 -> 2732.25 | AB22: =(SUM(D22:AA22)) -> 65574 | AC22: 21 | AD22: =(AB22*AC22)+(AB23*AC23)+(AB24*AC24)+(AB25*AC25) -> 2032794
C23: Sábado | D23: =+D22 -> 2732.25 | E23: =+D22 -> 2732.25 | F23: =+D22 -> 2732.25 | G23: =+D22 -> 2732.25 | H23: =+D22 -> 2732.25 | I23: =+D22 -> 2732.25 | J23: =+D22 -> 2732.25 | K23: =+D22 -> 2732.25 | L23: =+D22 -> 2732.25 | M23: =+D22 -> 2732.25 | N23: =+D22 -> 2732.25 | O23: =+D22 -> 2732.25 | P23: =+D22 -> 2732.25 | Q23: =+D22 -> 2732.25 | R23: =+D22 -> 2732.25 | S23: =+D22 -> 2732.25 | T23: =+D22 -> 2732.25 | U23: =+D22 -> 2732.25 | V23: =+D22 -> 2732.25 | W23: =+D22 -> 2732.25 | X23: =+D22 -> 2732.25 | Y23: =+D22 -> 2732.25 | Z23: =+D22 -> 2732.25 | AA23: =+D22 -> 2732.25 | AB23: =(SUM(D23:AA23)) -> 65574 | AC23: 4
C24: Domingo | D24: =+D22 -> 2732.25 | E24: =+D22 -> 2732.25 | F24: =+D22 -> 2732.25 | G24: =+D22 -> 2732.25 | H24: =+D22 -> 2732.25 | I24: =+D22 -> 2732.25 | J24: =+D22 -> 2732.25 | K24: =+D22 -> 2732.25 | L24: =+D22 -> 2732.25 | M24: =+D22 -> 2732.25 | N24: =+D22 -> 2732.25 | O24: =+D22 -> 2732.25 | P24: =+D22 -> 2732.25 | Q24: =+D22 -> 2732.25 | R24: =+D22 -> 2732.25 | S24: =+D22 -> 2732.25 | T24: =+D22 -> 2732.25 | U24: =+D22 -> 2732.25 | V24: =+D22 -> 2732.25 | W24: =+D22 -> 2732.25 | X24: =+D22 -> 2732.25 | Y24: =+D22 -> 2732.25 | Z24: =+D22 -> 2732.25 | AA24: =+D22 -> 2732.25 | AB24: =(SUM(D24:AA24)) -> 65574 | AC24: 4
C25: Festivo | D25: =+D22 -> 2732.25 | E25: =+D22 -> 2732.25 | F25: =+D22 -> 2732.25 | G25: =+D22 -> 2732.25 | H25: =+D22 -> 2732.25 | I25: =+D22 -> 2732.25 | J25: =+D22 -> 2732.25 | K25: =+D22 -> 2732.25 | L25: =+D22 -> 2732.25 | M25: =+D22 -> 2732.25 | N25: =+D22 -> 2732.25 | O25: =+D22 -> 2732.25 | P25: =+D22 -> 2732.25 | Q25: =+D22 -> 2732.25 | R25: =+D22 -> 2732.25 | S25: =+D22 -> 2732.25 | T25: =+D22 -> 2732.25 | U25: =+D22 -> 2732.25 | V25: =+D22 -> 2732.25 | W25: =+D22 -> 2732.25 | X25: =+D22 -> 2732.25 | Y25: =+D22 -> 2732.25 | Z25: =+D22 -> 2732.25 | AA25: =+D22 -> 2732.25 | AB25: =(SUM(D25:AA25)) -> 65574 | AC25: 2
B26: 46905 | C26: Hábil | D26: 2732.25 | E26: =+D26 -> 2732.25 | F26: =+D26 -> 2732.25 | G26: =+D26 -> 2732.25 | H26: =+D26 -> 2732.25 | I26: =+D26 -> 2732.25 | J26: =+D26 -> 2732.25 | K26: =+D26 -> 2732.25 | L26: =+D26 -> 2732.25 | M26: =+D26 -> 2732.25 | N26: =+D26 -> 2732.25 | O26: =+D26 -> 2732.25 | P26: =+D26 -> 2732.25 | Q26: =+D26 -> 2732.25 | R26: =+D26 -> 2732.25 | S26: =+D26 -> 2732.25 | T26: =+D26 -> 2732.25 | U26: =+D26 -> 2732.25 | V26: =+D26 -> 2732.25 | W26: =+D26 -> 2732.25 | X26: =+D26 -> 2732.25 | Y26: =+D26 -> 2732.25 | Z26: =+D26 -> 2732.25 | AA26: =+D26 -> 2732.25 | AB26: =(SUM(D26:AA26)) -> 65574 | AC26: 20 | AD26: =(AB26*AC26)+(AB27*AC27)+(AB28*AC28)+(AB29*AC29) -> 1967220
C27: Sábado | D27: =+D26 -> 2732.25 | E27: =+D26 -> 2732.25 | F27: =+D26 -> 2732.25 | G27: =+D26 -> 2732.25 | H27: =+D26 -> 2732.25 | I27: =+D26 -> 2732.25 | J27: =+D26 -> 2732.25 | K27: =+D26 -> 2732.25 | L27: =+D26 -> 2732.25 | M27: =+D26 -> 2732.25 | N27: =+D26 -> 2732.25 | O27: =+D26 -> 2732.25 | P27: =+D26 -> 2732.25 | Q27: =+D26 -> 2732.25 | R27: =+D26 -> 2732.25 | S27: =+D26 -> 2732.25 | T27: =+D26 -> 2732.25 | U27: =+D26 -> 2732.25 | V27: =+D26 -> 2732.25 | W27: =+D26 -> 2732.25 | X27: =+D26 -> 2732.25 | Y27: =+D26 -> 2732.25 | Z27: =+D26 -> 2732.25 | AA27: =+D26 -> 2732.25 | AB27: =(SUM(D27:AA27)) -> 65574 | AC27: 4
C28: Domingo | D28: =+D26 -> 2732.25 | E28: =+D26 -> 2732.25 | F28: =+D26 -> 2732.25 | G28: =+D26 -> 2732.25 | H28: =+D26 -> 2732.25 | I28: =+D26 -> 2732.25 | J28: =+D26 -> 2732.25 | K28: =+D26 -> 2732.25 | L28: =+D26 -> 2732.25 | M28: =+D26 -> 2732.25 | N28: =+D26 -> 2732.25 | O28: =+D26 -> 2732.25 | P28: =+D26 -> 2732.25 | Q28: =+D26 -> 2732.25 | R28: =+D26 -> 2732.25 | S28: =+D26 -> 2732.25 | T28: =+D26 -> 2732.25 | U28: =+D26 -> 2732.25 | V28: =+D26 -> 2732.25 | W28: =+D26 -> 2732.25 | X28: =+D26 -> 2732.25 | Y28: =+D26 -> 2732.25 | Z28: =+D26 -> 2732.25 | AA28: =+D26 -> 2732.25 | AB28: =(SUM(D28:AA28)) -> 65574 | AC28: 4
C29: Festivo | D29: =+D26 -> 2732.25 | E29: =+D26 -> 2732.25 | F29: =+D26 -> 2732.25 | G29: =+D26 -> 2732.25 | H29: =+D26 -> 2732.25 | I29: =+D26 -> 2732.25 | J29: =+D26 -> 2732.25 | K29: =+D26 -> 2732.25 | L29: =+D26 -> 2732.25 | M29: =+D26 -> 2732.25 | N29: =+D26 -> 2732.25 | O29: =+D26 -> 2732.25 | P29: =+D26 -> 2732.25 | Q29: =+D26 -> 2732.25 | R29: =+D26 -> 2732.25 | S29: =+D26 -> 2732.25 | T29: =+D26 -> 2732.25 | U29: =+D26 -> 2732.25 | V29: =+D26 -> 2732.25 | W29: =+D26 -> 2732.25 | X29: =+D26 -> 2732.25 | Y29: =+D26 -> 2732.25 | Z29: =+D26 -> 2732.25 | AA29: =+D26 -> 2732.25 | AB29: =(SUM(D29:AA29)) -> 65574 | AC29: 2
B30: 46935 | C30: Hábil | D30: 2732.25 | E30: =+D30 -> 2732.25 | F30: =+D30 -> 2732.25 | G30: =+D30 -> 2732.25 | H30: =+D30 -> 2732.25 | I30: =+D30 -> 2732.25 | J30: =+D30 -> 2732.25 | K30: =+D30 -> 2732.25 | L30: =+D30 -> 2732.25 | M30: =+D30 -> 2732.25 | N30: =+D30 -> 2732.25 | O30: =+D30 -> 2732.25 | P30: =+D30 -> 2732.25 | Q30: =+D30 -> 2732.25 | R30: =+D30 -> 2732.25 | S30: =+D30 -> 2732.25 | T30: =+D30 -> 2732.25 | U30: =+D30 -> 2732.25 | V30: =+D30 -> 2732.25 | W30: =+D30 -> 2732.25 | X30: =+D30 -> 2732.25 | Y30: =+D30 -> 2732.25 | Z30: =+D30 -> 2732.25 | AA30: =+D30 -> 2732.25 | AB30: =(SUM(D30:AA30)) -> 65574 | AC30: 19 | AD30: =(AB30*AC30)+(AB31*AC31)+(AB32*AC32)+(AB33*AC33) -> 2032794
C31: Sábado | D31: =+D30 -> 2732.25 | E31: =+D30 -> 2732.25 | F31: =+D30 -> 2732.25 | G31: =+D30 -> 2732.25 | H31: =+D30 -> 2732.25 | I31: =+D30 -> 2732.25 | J31: =+D30 -> 2732.25 | K31: =+D30 -> 2732.25 | L31: =+D30 -> 2732.25 | M31: =+D30 -> 2732.25 | N31: =+D30 -> 2732.25 | O31: =+D30 -> 2732.25 | P31: =+D30 -> 2732.25 | Q31: =+D30 -> 2732.25 | R31: =+D30 -> 2732.25 | S31: =+D30 -> 2732.25 | T31: =+D30 -> 2732.25 | U31: =+D30 -> 2732.25 | V31: =+D30 -> 2732.25 | W31: =+D30 -> 2732.25 | X31: =+D30 -> 2732.25 | Y31: =+D30 -> 2732.25 | Z31: =+D30 -> 2732.25 | AA31: =+D30 -> 2732.25 | AB31: =(SUM(D31:AA31)) -> 65574 | AC31: 5
C32: domingo | D32: =+D30 -> 2732.25 | E32: =+D30 -> 2732.25 | F32: =+D30 -> 2732.25 | G32: =+D30 -> 2732.25 | H32: =+D30 -> 2732.25 | I32: =+D30 -> 2732.25 | J32: =+D30 -> 2732.25 | K32: =+D30 -> 2732.25 | L32: =+D30 -> 2732.25 | M32: =+D30 -> 2732.25 | N32: =+D30 -> 2732.25 | O32: =+D30 -> 2732.25 | P32: =+D30 -> 2732.25 | Q32: =+D30 -> 2732.25 | R32: =+D30 -> 2732.25 | S32: =+D30 -> 2732.25 | T32: =+D30 -> 2732.25 | U32: =+D30 -> 2732.25 | V32: =+D30 -> 2732.25 | W32: =+D30 -> 2732.25 | X32: =+D30 -> 2732.25 | Y32: =+D30 -> 2732.25 | Z32: =+D30 -> 2732.25 | AA32: =+D30 -> 2732.25 | AB32: =(SUM(D32:AA32)) -> 65574 | AC32: 5
C33: Festivo | D33: =+D30 -> 2732.25 | E33: =+D30 -> 2732.25 | F33: =+D30 -> 2732.25 | G33: =+D30 -> 2732.25 | H33: =+D30 -> 2732.25 | I33: =+D30 -> 2732.25 | J33: =+D30 -> 2732.25 | K33: =+D30 -> 2732.25 | L33: =+D30 -> 2732.25 | M33: =+D30 -> 2732.25 | N33: =+D30 -> 2732.25 | O33: =+D30 -> 2732.25 | P33: =+D30 -> 2732.25 | Q33: =+D30 -> 2732.25 | R33: =+D30 -> 2732.25 | S33: =+D30 -> 2732.25 | T33: =+D30 -> 2732.25 | U33: =+D30 -> 2732.25 | V33: =+D30 -> 2732.25 | W33: =+D30 -> 2732.25 | X33: =+D30 -> 2732.25 | Y33: =+D30 -> 2732.25 | Z33: =+D30 -> 2732.25 | AA33: =+D30 -> 2732.25 | AB33: =(SUM(D33:AA33)) -> 65574 | AC33: 2
B34: 46966 | C34: Hábil | D34: 2732.25 | E34: =+D34 -> 2732.25 | F34: =+D34 -> 2732.25 | G34: =+D34 -> 2732.25 | H34: =+D34 -> 2732.25 | I34: =+D34 -> 2732.25 | J34: =+D34 -> 2732.25 | K34: =+D34 -> 2732.25 | L34: =+D34 -> 2732.25 | M34: =+D34 -> 2732.25 | N34: =+D34 -> 2732.25 | O34: =+D34 -> 2732.25 | P34: =+D34 -> 2732.25 | Q34: =+D34 -> 2732.25 | R34: =+D34 -> 2732.25 | S34: =+D34 -> 2732.25 | T34: =+D34 -> 2732.25 | U34: =+D34 -> 2732.25 | V34: =+D34 -> 2732.25 | W34: =+D34 -> 2732.25 | X34: =+D34 -> 2732.25 | Y34: =+D34 -> 2732.25 | Z34: =+D34 -> 2732.25 | AA34: =+D34 -> 2732.25 | AB34: =(SUM(D34:AA34)) -> 65574 | AC34: 21 | AD34: =(AB34*AC34)+(AB35*AC35)+(AB36*AC36)+(AB37*AC37) -> 2032794
C35: Sábado | D35: =+D34 -> 2732.25 | E35: =+D34 -> 2732.25 | F35: =+D34 -> 2732.25 | G35: =+D34 -> 2732.25 | H35: =+D34 -> 2732.25 | I35: =+D34 -> 2732.25 | J35: =+D34 -> 2732.25 | K35: =+D34 -> 2732.25 | L35: =+D34 -> 2732.25 | M35: =+D34 -> 2732.25 | N35: =+D34 -> 2732.25 | O35: =+D34 -> 2732.25 | P35: =+D34 -> 2732.25 | Q35: =+D34 -> 2732.25 | R35: =+D34 -> 2732.25 | S35: =+D34 -> 2732.25 | T35: =+D34 -> 2732.25 | U35: =+D34 -> 2732.25 | V35: =+D34 -> 2732.25 | W35: =+D34 -> 2732.25 | X35: =+D34 -> 2732.25 | Y35: =+D34 -> 2732.25 | Z35: =+D34 -> 2732.25 | AA35: =+D34 -> 2732.25 | AB35: =(SUM(D35:AA35)) -> 65574 | AC35: 4
C36: Domingo | D36: =+D34 -> 2732.25 | E36: =+D34 -> 2732.25 | F36: =+D34 -> 2732.25 | G36: =+D34 -> 2732.25 | H36: =+D34 -> 2732.25 | I36: =+D34 -> 2732.25 | J36: =+D34 -> 2732.25 | K36: =+D34 -> 2732.25 | L36: =+D34 -> 2732.25 | M36: =+D34 -> 2732.25 | N36: =+D34 -> 2732.25 | O36: =+D34 -> 2732.25 | P36: =+D34 -> 2732.25 | Q36: =+D34 -> 2732.25 | R36: =+D34 -> 2732.25 | S36: =+D34 -> 2732.25 | T36: =+D34 -> 2732.25 | U36: =+D34 -> 2732.25 | V36: =+D34 -> 2732.25 | W36: =+D34 -> 2732.25 | X36: =+D34 -> 2732.25 | Y36: =+D34 -> 2732.25 | Z36: =+D34 -> 2732.25 | AA36: =+D34 -> 2732.25 | AB36: =(SUM(D36:AA36)) -> 65574 | AC36: 4
C37: Festivo | D37: =+D34 -> 2732.25 | E37: =+D34 -> 2732.25 | F37: =+D34 -> 2732.25 | G37: =+D34 -> 2732.25 | H37: =+D34 -> 2732.25 | I37: =+D34 -> 2732.25 | J37: =+D34 -> 2732.25 | K37: =+D34 -> 2732.25 | L37: =+D34 -> 2732.25 | M37: =+D34 -> 2732.25 | N37: =+D34 -> 2732.25 | O37: =+D34 -> 2732.25 | P37: =+D34 -> 2732.25 | Q37: =+D34 -> 2732.25 | R37: =+D34 -> 2732.25 | S37: =+D34 -> 2732.25 | T37: =+D34 -> 2732.25 | U37: =+D34 -> 2732.25 | V37: =+D34 -> 2732.25 | W37: =+D34 -> 2732.25 | X37: =+D34 -> 2732.25 | Y37: =+D34 -> 2732.25 | Z37: =+D34 -> 2732.25 | AA37: =+D34 -> 2732.25 | AB37: =(SUM(D37:AA37)) -> 65574 | AC37: 2
B38: 46997 | C38: Hábil | D38: 2732.25 | E38: =+D38 -> 2732.25 | F38: =+D38 -> 2732.25 | G38: =+D38 -> 2732.25 | H38: =+D38 -> 2732.25 | I38: =+D38 -> 2732.25 | J38: =+D38 -> 2732.25 | K38: =+D38 -> 2732.25 | L38: =+D38 -> 2732.25 | M38: =+D38 -> 2732.25 | N38: =+D38 -> 2732.25 | O38: =+D38 -> 2732.25 | P38: =+D38 -> 2732.25 | Q38: =+D38 -> 2732.25 | R38: =+D38 -> 2732.25 | S38: =+D38 -> 2732.25 | T38: =+D38 -> 2732.25 | U38: =+D38 -> 2732.25 | V38: =+D38 -> 2732.25 | W38: =+D38 -> 2732.25 | X38: =+D38 -> 2732.25 | Y38: =+D38 -> 2732.25 | Z38: =+D38 -> 2732.25 | AA38: =+D38 -> 2732.25 | AB38: =(SUM(D38:AA38)) -> 65574 | AC38: 21 | AD38: =(AB38*AC38)+(AB39*AC39)+(AB40*AC40)+(AB41*AC41) -> 1967220
C39: Sábado | D39: =+D38 -> 2732.25 | E39: =+D38 -> 2732.25 | F39: =+D38 -> 2732.25 | G39: =+D38 -> 2732.25 | H39: =+D38 -> 2732.25 | I39: =+D38 -> 2732.25 | J39: =+D38 -> 2732.25 | K39: =+D38 -> 2732.25 | L39: =+D38 -> 2732.25 | M39: =+D38 -> 2732.25 | N39: =+D38 -> 2732.25 | O39: =+D38 -> 2732.25 | P39: =+D38 -> 2732.25 | Q39: =+D38 -> 2732.25 | R39: =+D38 -> 2732.25 | S39: =+D38 -> 2732.25 | T39: =+D38 -> 2732.25 | U39: =+D38 -> 2732.25 | V39: =+D38 -> 2732.25 | W39: =+D38 -> 2732.25 | X39: =+D38 -> 2732.25 | Y39: =+D38 -> 2732.25 | Z39: =+D38 -> 2732.25 | AA39: =+D38 -> 2732.25 | AB39: =(SUM(D39:AA39)) -> 65574 | AC39: 5
C40: Domingo | D40: =+D38 -> 2732.25 | E40: =+D38 -> 2732.25 | F40: =+D38 -> 2732.25 | G40: =+D38 -> 2732.25 | H40: =+D38 -> 2732.25 | I40: =+D38 -> 2732.25 | J40: =+D38 -> 2732.25 | K40: =+D38 -> 2732.25 | L40: =+D38 -> 2732.25 | M40: =+D38 -> 2732.25 | N40: =+D38 -> 2732.25 | O40: =+D38 -> 2732.25 | P40: =+D38 -> 2732.25 | Q40: =+D38 -> 2732.25 | R40: =+D38 -> 2732.25 | S40: =+D38 -> 2732.25 | T40: =+D38 -> 2732.25 | U40: =+D38 -> 2732.25 | V40: =+D38 -> 2732.25 | W40: =+D38 -> 2732.25 | X40: =+D38 -> 2732.25 | Y40: =+D38 -> 2732.25 | Z40: =+D38 -> 2732.25 | AA40: =+D38 -> 2732.25 | AB40: =(SUM(D40:AA40)) -> 65574 | AC40: 4
C41: Festivo | D41: =+D38 -> 2732.25 | E41: =+D38 -> 2732.25 | F41: =+D38 -> 2732.25 | G41: =+D38 -> 2732.25 | H41: =+D38 -> 2732.25 | I41: =+D38 -> 2732.25 | J41: =+D38 -> 2732.25 | K41: =+D38 -> 2732.25 | L41: =+D38 -> 2732.25 | M41: =+D38 -> 2732.25 | N41: =+D38 -> 2732.25 | O41: =+D38 -> 2732.25 | P41: =+D38 -> 2732.25 | Q41: =+D38 -> 2732.25 | R41: =+D38 -> 2732.25 | S41: =+D38 -> 2732.25 | T41: =+D38 -> 2732.25 | U41: =+D38 -> 2732.25 | V41: =+D38 -> 2732.25 | W41: =+D38 -> 2732.25 | X41: =+D38 -> 2732.25 | Y41: =+D38 -> 2732.25 | Z41: =+D38 -> 2732.25 | AA41: =+D38 -> 2732.25 | AB41: =(SUM(D41:AA41)) -> 65574 | AC41: 0
B42: 47027 | C42: Hábil | D42: 2732.25 | E42: =+D42 -> 2732.25 | F42: =+D42 -> 2732.25 | G42: =+D42 -> 2732.25 | H42: =+D42 -> 2732.25 | I42: =+D42 -> 2732.25 | J42: =+D42 -> 2732.25 | K42: =+D42 -> 2732.25 | L42: =+D42 -> 2732.25 | M42: =+D42 -> 2732.25 | N42: =+D42 -> 2732.25 | O42: =+D42 -> 2732.25 | P42: =+D42 -> 2732.25 | Q42: =+D42 -> 2732.25 | R42: =+D42 -> 2732.25 | S42: =+D42 -> 2732.25 | T42: =+D42 -> 2732.25 | U42: =+D42 -> 2732.25 | V42: =+D42 -> 2732.25 | W42: =+D42 -> 2732.25 | X42: =+D42 -> 2732.25 | Y42: =+D42 -> 2732.25 | Z42: =+D42 -> 2732.25 | AA42: =+D42 -> 2732.25 | AB42: =(SUM(D42:AA42)) -> 65574 | AC42: 21 | AD42: =(AB42*AC42)+(AB43*AC43)+(AB44*AC44)+(AB45*AC45) -> 2032794
C43: Sábado | D43: =+D42 -> 2732.25 | E43: =+D42 -> 2732.25 | F43: =+D42 -> 2732.25 | G43: =+D42 -> 2732.25 | H43: =+D42 -> 2732.25 | I43: =+D42 -> 2732.25 | J43: =+D42 -> 2732.25 | K43: =+D42 -> 2732.25 | L43: =+D42 -> 2732.25 | M43: =+D42 -> 2732.25 | N43: =+D42 -> 2732.25 | O43: =+D42 -> 2732.25 | P43: =+D42 -> 2732.25 | Q43: =+D42 -> 2732.25 | R43: =+D42 -> 2732.25 | S43: =+D42 -> 2732.25 | T43: =+D42 -> 2732.25 | U43: =+D42 -> 2732.25 | V43: =+D42 -> 2732.25 | W43: =+D42 -> 2732.25 | X43: =+D42 -> 2732.25 | Y43: =+D42 -> 2732.25 | Z43: =+D42 -> 2732.25 | AA43: =+D42 -> 2732.25 | AB43: =(SUM(D43:AA43)) -> 65574 | AC43: 4
C44: Domingo | D44: =+D42 -> 2732.25 | E44: =+D42 -> 2732.25 | F44: =+D42 -> 2732.25 | G44: =+D42 -> 2732.25 | H44: =+D42 -> 2732.25 | I44: =+D42 -> 2732.25 | J44: =+D42 -> 2732.25 | K44: =+D42 -> 2732.25 | L44: =+D42 -> 2732.25 | M44: =+D42 -> 2732.25 | N44: =+D42 -> 2732.25 | O44: =+D42 -> 2732.25 | P44: =+D42 -> 2732.25 | Q44: =+D42 -> 2732.25 | R44: =+D42 -> 2732.25 | S44: =+D42 -> 2732.25 | T44: =+D42 -> 2732.25 | U44: =+D42 -> 2732.25 | V44: =+D42 -> 2732.25 | W44: =+D42 -> 2732.25 | X44: =+D42 -> 2732.25 | Y44: =+D42 -> 2732.25 | Z44: =+D42 -> 2732.25 | AA44: =+D42 -> 2732.25 | AB44: =(SUM(D44:AA44)) -> 65574 | AC44: 5
C45: Festivo | D45: =+D42 -> 2732.25 | E45: =+D42 -> 2732.25 | F45: =+D42 -> 2732.25 | G45: =+D42 -> 2732.25 | H45: =+D42 -> 2732.25 | I45: =+D42 -> 2732.25 | J45: =+D42 -> 2732.25 | K45: =+D42 -> 2732.25 | L45: =+D42 -> 2732.25 | M45: =+D42 -> 2732.25 | N45: =+D42 -> 2732.25 | O45: =+D42 -> 2732.25 | P45: =+D42 -> 2732.25 | Q45: =+D42 -> 2732.25 | R45: =+D42 -> 2732.25 | S45: =+D42 -> 2732.25 | T45: =+D42 -> 2732.25 | U45: =+D42 -> 2732.25 | V45: =+D42 -> 2732.25 | W45: =+D42 -> 2732.25 | X45: =+D42 -> 2732.25 | Y45: =+D42 -> 2732.25 | Z45: =+D42 -> 2732.25 | AA45: =+D42 -> 2732.25 | AB45: =(SUM(D45:AA45)) -> 65574 | AC45: 1
B46: 47058 | C46: Hábil | D46: 2732.25 | E46: =+D46 -> 2732.25 | F46: =+D46 -> 2732.25 | G46: =+D46 -> 2732.25 | H46: =+D46 -> 2732.25 | I46: =+D46 -> 2732.25 | J46: =+D46 -> 2732.25 | K46: =+D46 -> 2732.25 | L46: =+D46 -> 2732.25 | M46: =+D46 -> 2732.25 | N46: =+D46 -> 2732.25 | O46: =+D46 -> 2732.25 | P46: =+D46 -> 2732.25 | Q46: =+D46 -> 2732.25 | R46: =+D46 -> 2732.25 | S46: =+D46 -> 2732.25 | T46: =+D46 -> 2732.25 | U46: =+D46 -> 2732.25 | V46: =+D46 -> 2732.25 | W46: =+D46 -> 2732.25 | X46: =+D46 -> 2732.25 | Y46: =+D46 -> 2732.25 | Z46: =+D46 -> 2732.25 | AA46: =+D46 -> 2732.25 | AB46: =(SUM(D46:AA46)) -> 65574 | AC46: 20 | AD46: =(AB46*AC46)+(AB47*AC47)+(AB48*AC48)+(AB49*AC49) -> 1967220
C47: Sábado | D47: =+D46 -> 2732.25 | E47: =+D46 -> 2732.25 | F47: =+D46 -> 2732.25 | G47: =+D46 -> 2732.25 | H47: =+D46 -> 2732.25 | I47: =+D46 -> 2732.25 | J47: =+D46 -> 2732.25 | K47: =+D46 -> 2732.25 | L47: =+D46 -> 2732.25 | M47: =+D46 -> 2732.25 | N47: =+D46 -> 2732.25 | O47: =+D46 -> 2732.25 | P47: =+D46 -> 2732.25 | Q47: =+D46 -> 2732.25 | R47: =+D46 -> 2732.25 | S47: =+D46 -> 2732.25 | T47: =+D46 -> 2732.25 | U47: =+D46 -> 2732.25 | V47: =+D46 -> 2732.25 | W47: =+D46 -> 2732.25 | X47: =+D46 -> 2732.25 | Y47: =+D46 -> 2732.25 | Z47: =+D46 -> 2732.25 | AA47: =+D46 -> 2732.25 | AB47: =(SUM(D47:AA47)) -> 65574 | AC47: 4
C48: Domingo | D48: =+D46 -> 2732.25 | E48: =+D46 -> 2732.25 | F48: =+D46 -> 2732.25 | G48: =+D46 -> 2732.25 | H48: =+D46 -> 2732.25 | I48: =+D46 -> 2732.25 | J48: =+D46 -> 2732.25 | K48: =+D46 -> 2732.25 | L48: =+D46 -> 2732.25 | M48: =+D46 -> 2732.25 | N48: =+D46 -> 2732.25 | O48: =+D46 -> 2732.25 | P48: =+D46 -> 2732.25 | Q48: =+D46 -> 2732.25 | R48: =+D46 -> 2732.25 | S48: =+D46 -> 2732.25 | T48: =+D46 -> 2732.25 | U48: =+D46 -> 2732.25 | V48: =+D46 -> 2732.25 | W48: =+D46 -> 2732.25 | X48: =+D46 -> 2732.25 | Y48: =+D46 -> 2732.25 | Z48: =+D46 -> 2732.25 | AA48: =+D46 -> 2732.25 | AB48: =(SUM(D48:AA48)) -> 65574 | AC48: 4
C49: Festivo | D49: =+D46 -> 2732.25 | E49: =+D46 -> 2732.25 | F49: =+D46 -> 2732.25 | G49: =+D46 -> 2732.25 | H49: =+D46 -> 2732.25 | I49: =+D46 -> 2732.25 | J49: =+D46 -> 2732.25 | K49: =+D46 -> 2732.25 | L49: =+D46 -> 2732.25 | M49: =+D46 -> 2732.25 | N49: =+D46 -> 2732.25 | O49: =+D46 -> 2732.25 | P49: =+D46 -> 2732.25 | Q49: =+D46 -> 2732.25 | R49: =+D46 -> 2732.25 | S49: =+D46 -> 2732.25 | T49: =+D46 -> 2732.25 | U49: =+D46 -> 2732.25 | V49: =+D46 -> 2732.25 | W49: =+D46 -> 2732.25 | X49: =+D46 -> 2732.25 | Y49: =+D46 -> 2732.25 | Z49: =+D46 -> 2732.25 | AA49: =+D46 -> 2732.25 | AB49: =(SUM(D49:AA49)) -> 65574 | AC49: 2
B50: 47088 | C50: Hábil | D50: 2732.25 | E50: =+D50 -> 2732.25 | F50: =+D50 -> 2732.25 | G50: =+D50 -> 2732.25 | H50: =+D50 -> 2732.25 | I50: =+D50 -> 2732.25 | J50: =+D50 -> 2732.25 | K50: =+D50 -> 2732.25 | L50: =+D50 -> 2732.25 | M50: =+D50 -> 2732.25 | N50: =+D50 -> 2732.25 | O50: =+D50 -> 2732.25 | P50: =+D50 -> 2732.25 | Q50: =+D50 -> 2732.25 | R50: =+D50 -> 2732.25 | S50: =+D50 -> 2732.25 | T50: =+D50 -> 2732.25 | U50: =+D50 -> 2732.25 | V50: =+D50 -> 2732.25 | W50: =+D50 -> 2732.25 | X50: =+D50 -> 2732.25 | Y50: =+D50 -> 2732.25 | Z50: =+D50 -> 2732.25 | AA50: =+D50 -> 2732.25 | AB50: =(SUM(D50:AA50)) -> 65574 | AC50: 19 | AD50: =(AB50*AC50)+(AB51*AC51)+(AB52*AC52)+(AB53*AC53) -> 2032794
C51: Sábado | D51: =+D50 -> 2732.25 | E51: =+D50 -> 2732.25 | F51: =+D50 -> 2732.25 | G51: =+D50 -> 2732.25 | H51: =+D50 -> 2732.25 | I51: =+D50 -> 2732.25 | J51: =+D50 -> 2732.25 | K51: =+D50 -> 2732.25 | L51: =+D50 -> 2732.25 | M51: =+D50 -> 2732.25 | N51: =+D50 -> 2732.25 | O51: =+D50 -> 2732.25 | P51: =+D50 -> 2732.25 | Q51: =+D50 -> 2732.25 | R51: =+D50 -> 2732.25 | S51: =+D50 -> 2732.25 | T51: =+D50 -> 2732.25 | U51: =+D50 -> 2732.25 | V51: =+D50 -> 2732.25 | W51: =+D50 -> 2732.25 | X51: =+D50 -> 2732.25 | Y51: =+D50 -> 2732.25 | Z51: =+D50 -> 2732.25 | AA51: =+D50 -> 2732.25 | AB51: =(SUM(D51:AA51)) -> 65574 | AC51: 5
C52: Domingo | D52: =+D50 -> 2732.25 | E52: =+D50 -> 2732.25 | F52: =+D50 -> 2732.25 | G52: =+D50 -> 2732.25 | H52: =+D50 -> 2732.25 | I52: =+D50 -> 2732.25 | J52: =+D50 -> 2732.25 | K52: =+D50 -> 2732.25 | L52: =+D50 -> 2732.25 | M52: =+D50 -> 2732.25 | N52: =+D50 -> 2732.25 | O52: =+D50 -> 2732.25 | P52: =+D50 -> 2732.25 | Q52: =+D50 -> 2732.25 | R52: =+D50 -> 2732.25 | S52: =+D50 -> 2732.25 | T52: =+D50 -> 2732.25 | U52: =+D50 -> 2732.25 | V52: =+D50 -> 2732.25 | W52: =+D50 -> 2732.25 | X52: =+D50 -> 2732.25 | Y52: =+D50 -> 2732.25 | Z52: =+D50 -> 2732.25 | AA52: =+D50 -> 2732.25 | AB52: =(SUM(D52:AA52)) -> 65574 | AC52: 5
C53: Festivo | D53: =+D50 -> 2732.25 | E53: =+D50 -> 2732.25 | F53: =+D50 -> 2732.25 | G53: =+D50 -> 2732.25 | H53: =+D50 -> 2732.25 | I53: =+D50 -> 2732.25 | J53: =+D50 -> 2732.25 | K53: =+D50 -> 2732.25 | L53: =+D50 -> 2732.25 | M53: =+D50 -> 2732.25 | N53: =+D50 -> 2732.25 | O53: =+D50 -> 2732.25 | P53: =+D50 -> 2732.25 | Q53: =+D50 -> 2732.25 | R53: =+D50 -> 2732.25 | S53: =+D50 -> 2732.25 | T53: =+D50 -> 2732.25 | U53: =+D50 -> 2732.25 | V53: =+D50 -> 2732.25 | W53: =+D50 -> 2732.25 | X53: =+D50 -> 2732.25 | Y53: =+D50 -> 2732.25 | Z53: =+D50 -> 2732.25 | AA53: =+D50 -> 2732.25 | AB53: =(SUM(D53:AA53)) -> 65574 | AC53: 2
AD54: =SUM(AD6:AD53) -> 24000084

Sheet Anexo 2 Producto 7
B4: ANEXO 2 - OFERTA PRODUCTO 7
B5: NOMBRE DEL OFERENTE
B6: PRECIOS Y CANTIDADES DE ENERGIA OFERTADA
B7: EN PESOS DE MARZO 2026
B8: PRODUCTO 7
B9: 2028 | C9: Enero | D9: =+'Producto 7 Plano 2028'!AE6 -> 2032794 | F9: =+$E$9*D9 -> 0 | H9: =+SUM(D9:D20) -> 24000084
B10: 2028 | C10: Febrero | D10: =+'Producto 7 Plano 2028'!AE7 -> 1901646 | F10: =+$E$9*D10 -> 0
B11: 2028 | C11: Marzo | D11: =+'Producto 7 Plano 2028'!AE8 -> 2032794 | F11: =+$E$9*D11 -> 0
B12: 2028 | C12: Abril | D12: =+'Producto 7 Plano 2028'!AE9 -> 1967220 | F12: =+$E$9*D12 -> 0
B13: 2028 | C13: Mayo | D13: =+'Producto 7 Plano 2028'!AE10 -> 2032794 | F13: =+$E$9*D13 -> 0
B14: 2028 | C14: Junio | D14: =+'Producto 7 Plano 2028'!AE11 -> 1967220 | F14: =+$E$9*D14 -> 0
B15: 2028 | C15: Julio | D15: =+'Producto 7 Plano 2028'!AE12 -> 2032794 | F15: =+$E$9*D15 -> 0
B16: 2028 | C16: Agosto | D16: =+'Producto 7 Plano 2028'!AE13 -> 2032794 | F16: =+$E$9*D16 -> 0
B17: 2028 | C17: Septiembre | D17: =+'Producto 7 Plano 2028'!AE14 -> 1967220 | F17: =+$E$9*D17 -> 0
B18: 2028 | C18: Octubre | D18: =+'Producto 7 Plano 2028'!AE15 -> 2032794 | F18: =+$E$9*D18 -> 0
B19: 2028 | C19: Noviembre | D19: =+'Producto 7 Plano 2028'!AE16 -> 1967220 | F19: =+$E$9*D19 -> 0
B20: 2028 | C20: Diciembre | D20: =+'Producto 7 Plano 2028'!AE17 -> 2032794 | F20: =+$E$9*D20 -> 0
B21: Total Producto 7 | D21: =+SUM(D9:D20) -> 24000084
B23: E. Solicitada = Energía solicitada por RUITOQUE para el producto.
B24: % E. Ofertado = Porcentaje de energía ofertado por el agente respecto a la E. Solicitada.
B25: E. Ofertada = Energía ofertada por el agente, producto de la E. Solicitada y el % E. Ofertado.
B26: $/kWh = Tarifa de la oferta para todas las horas del mes.
