Workbook

Sheet OF P1 
B1: * La energia a ofertar debe ser expresada únicamente en kilovatio (kWh) redondeado a cero decimales
B4: OFERTA PRODUCTO 1
B5: MES | C5: ENERGIA SOLICITADA (kWh) | D5: % | E5: ENERGIA OFERTADA (kWh) | F5: PRECIO $/kWh
B6: 46023 | C6: =+VLOOKUP(B6,'CURVA P1'!$A$7:$AD$56,30,FALSE) -> 31489590 | D6: % | F6: $/kWh
B7: 46054 | C7: =+VLOOKUP(B7,'CURVA P1'!$A$7:$AD$56,30,FALSE) -> 32887916
B8: 46082 | C8: =+VLOOKUP(B8,'CURVA P1'!$A$7:$AD$56,30,FALSE) -> 31497080
B9: 46113 | C9: =+VLOOKUP(B9,'CURVA P1'!$A$7:$AD$56,30,FALSE) -> 33072292
B10: 46143 | C10: =+VLOOKUP(B10,'CURVA P1'!$A$7:$AD$56,30,FALSE) -> 16640411
B11: 46174 | C11: =+VLOOKUP(B11,'CURVA P1'!$A$7:$AD$56,30,FALSE) -> 17037915
B12: 46204 | C12: =+VLOOKUP(B12,'CURVA P1'!$A$7:$AD$56,30,FALSE) -> 16335944
B13: 46235 | C13: =+VLOOKUP(B13,'CURVA P1'!$A$7:$AD$56,30,FALSE) -> 17146466
B14: 46266 | C14: =+VLOOKUP(B14,'CURVA P1'!$A$7:$AD$56,30,FALSE) -> 26119312
B15: 46296 | C15: =+VLOOKUP(B15,'CURVA P1'!$A$7:$AD$56,30,FALSE) -> 26450360
B16: 46327 | C16: =+VLOOKUP(B16,'CURVA P1'!$A$7:$AD$56,30,FALSE) -> 26048507
B17: 46357 | C17: =+VLOOKUP(B17,'CURVA P1'!$A$7:$AD$56,30,FALSE) -> 33274072
C18: =+SUM(C6:C17) -> 307999865

Sheet CURVA P1
A1: Curva de distribucion en kWh
A2: * La energia a ofertar debe ser expresada únicamente en kilovatio (kWh) redondeado a cero decimales
A4: TOTAL | C4: =+AD55 -> 307999865
A5: MES | B5: DÍA | C5: HORA 01 | D5: HORA 02 | E5: HORA 03 | F5: HORA 04 | G5: HORA 05 | H5: HORA 06 | I5: HORA 07 | J5: HORA 08 | K5: HORA 09 | L5: HORA 10 | M5: HORA 11 | N5: HORA 12 | O5: HORA 13 | P5: HORA 14 | Q5: HORA 15 | R5: HORA 16 | S5: HORA 17 | T5: HORA 18 | U5: HORA 19 | V5: HORA 20 | W5: HORA 21 | X5: HORA 22 | Y5: HORA 23 | Z5: HORA 24 | AA5: TOTAL DÍA | AB5: NUMERO DÍAS | AC5: TOTAL DÍA MES | AD5: TOTAL MES
A7: 46023 | B7: Hábil | C7: 50359 | D7: 49257 | E7: 47138 | F7: 45557 | G7: 45046 | H7: 45878 | I7: 46181 | J7: 43708 | K7: 44338 | L7: 44046 | M7: 44177 | N7: 44147 | O7: 41142 | P7: 49488 | Q7: 60425 | R7: 65754 | S7: 67413 | T7: 41305 | U7: 41832 | V7: 40086 | W7: 38615 | X7: 37650 | Y7: 36028 | Z7: 33740 | AA7: 1062299 | AB7: 20 | AC7: =+AA7*AB7 -> 21245980 | AD7: =+SUM(AC7:AC10) -> 31489590
A8: 46024 | B8: Sábado | C8: 51639 | D8: 50006 | E8: 47519 | F8: 45761 | G8: 44924 | H8: 45146 | I8: 45044 | J8: 42861 | K8: 44330 | L8: 44412 | M8: 44354 | N8: 43634 | O8: 41565 | P8: 46453 | Q8: 54131 | R8: 58851 | S8: 60276 | T8: 38700 | U8: 40333 | V8: 38860 | W8: 37362 | X8: 36080 | Y8: 34779 | Z8: 32838 | AA8: 1030084 | AB8: 5 | AC8: =+AA8*AB8 -> 5150420
A9: 46025 | B9: Domingo | C9: 50635 | D9: 49278 | E9: 47010 | F9: 45252 | G9: 44213 | H9: 43643 | I9: 42608 | J9: 36482 | K9: 34016 | L9: 32285 | M9: 30781 | N9: 30063 | O9: 31038 | P9: 35546 | Q9: 41773 | R9: 46724 | S9: 49339 | T9: 31196 | U9: 33329 | V9: 33601 | W9: 33555 | X9: 33336 | Y9: 32194 | Z9: 29741 | AA9: 891802 | AB9: 4 | AC9: =+AA9*AB9 -> 3567208
A10: 46026 | B10: Festivo | C10: 41940 | D10: 40382 | E10: 39694 | F10: 38633 | G10: 38176 | H10: 37713 | I10: 36084 | J10: 29779 | K10: 27232 | L10: 25425 | M10: 24773 | N10: 24007 | O10: 24531 | P10: 29359 | Q10: 35614 | R10: 40433 | S10: 42659 | T10: 27053 | U10: 29324 | V10: 29377 | W10: 29326 | X10: 29088 | Y10: 28024 | Z10: 26386 | AA10: 762991 | AB10: 2 | AC10: =+AA10*AB10 -> 1525982
A11: 46054 | B11: Hábil | C11: 56491 | D11: 53516 | E11: 51338 | F11: 50001 | G11: 50159 | H11: 53594 | I11: 55210 | J11: 53862 | K11: 54701 | L11: 54401 | M11: 54865 | N11: 52964 | O11: 47294 | P11: 58250 | Q11: 70378 | R11: 75877 | S11: 77090 | T11: 46208 | U11: 46232 | V11: 45329 | W11: 44436 | X11: 42300 | Y11: 38247 | Z11: 34729 | AA11: 1214368 | AB11: 20 | AC11: =+AA11*AB11 -> 24287360 | AD11: =+SUM(AC11:AC14) -> 32887916
A12: 46055 | B12: Sábado | C12: 53819 | D12: 51036 | E12: 48921 | F12: 47705 | G12: 47048 | H12: 48066 | I12: 49511 | J12: 49419 | K12: 50941 | L12: 51248 | M12: 51070 | N12: 50112 | O12: 47723 | P12: 51978 | Q12: 58887 | R12: 63702 | S12: 64870 | T12: 39745 | U12: 42002 | V12: 41964 | W12: 40466 | X12: 38848 | Y12: 36695 | Z12: 34328 | AA12: 1116466 | AB12: 4 | AC12: =+AA12*AB12 -> 4465864
A13: 46056 | B13: Domingo | C13: 55760 | D13: 52806 | E13: 50608 | F13: 48719 | G13: 47883 | H13: 47666 | I13: 47225 | J13: 42322 | K13: 40336 | L13: 39357 | M13: 38166 | N13: 37905 | O13: 38611 | P13: 42831 | Q13: 49581 | R13: 55346 | S13: 58247 | T13: 37442 | U13: 40447 | V13: 41737 | W13: 41867 | X13: 41526 | Y13: 39542 | Z13: 36273 | AA13: 1033673 | AB13: 4 | AC13: =+AA13*AB13 -> 4134692
A14: 46057 | B14: Festivo | C14: 0 | D14: 0 | E14: 0 | F14: 0 | G14: 0 | H14: 0 | I14: 0 | J14: 0 | K14: 0 | L14: 0 | M14: 0 | N14: 0 | O14: 0 | P14: 0 | Q14: 0 | R14: 0 | S14: 0 | T14: 0 | U14: 0 | V14: 0 | W14: 0 | X14: 0 | Y14: 0 | Z14: 0 | AA14: 0 | AB14: 0 | AC14: =+AA14*AB14 -> 0
A15: 46082 | B15: Hábil | C15: 51368 | D15: 48475 | E15: 46429 | F15: 44928 | G15: 44758 | H15: 46965 | I15: 46625 | J15: 44209 | K15: 44236 | L15: 43423 | M15: 43334 | N15: 41949 | O15: 37784 | P15: 48291 | Q15: 59929 | R15: 65148 | S15: 66621 | T15: 38917 | U15: 38899 | V15: 38786 | W15: 39093 | X15: 38522 | Y15: 35617 | Z15: 32690 | AA15: 1047634 | AB15: 21 | AC15: =+AA15*AB15 -> 22000314 | AD15: =+SUM(AC15:AC18) -> 31497080
B16: Sábado | C16: 53036 | D16: 50146 | E16: 47859 | F16: 45954 | G16: 44918 | H16: 44884 | I16: 44832 | J16: 43347 | K16: 44218 | L16: 44065 | M16: 43889 | N16: 42674 | O16: 40063 | P16: 45012 | Q16: 52878 | R16: 57708 | S16: 59237 | T16: 37206 | U16: 38596 | V16: 38362 | W16: 38045 | X16: 37918 | Y16: 37309 | Z16: 35447 | AA16: 1027397 | AB16: 4 | AC16: =+AA16*AB16 -> 4109588
B17: Domingo | C17: 54307 | D17: 51304 | E17: 49166 | F17: 47423 | G17: 46228 | H17: 45273 | I17: 43741 | J17: 37516 | K17: 34391 | L17: 31852 | M17: 29688 | N17: 28741 | O17: 30088 | P17: 35021 | Q17: 41806 | R17: 47367 | S17: 50238 | T17: 31423 | U17: 33657 | V17: 35599 | W17: 36548 | X17: 36993 | Y17: 34610 | Z17: 31854 | AA17: 915452 | AB17: 5 | AC17: =+AA17*AB17 -> 4577260
B18: Festivo | C18: 42361 | D18: 39395 | E18: 37594 | F18: 36348 | G18: 36025 | H18: 35604 | I18: 35443 | J18: 31786 | K18: 30422 | L18: 29569 | M18: 29717 | N18: 30038 | O18: 29873 | P18: 35332 | Q18: 41169 | R18: 44994 | S18: 47007 | T18: 27498 | U18: 30392 | V18: 32257 | W18: 32754 | X18: 32291 | Y18: 29247 | Z18: 26060 | AA18: 809918 | AB18: 1 | AC18: =+AA18*AB18 -> 809918
A19: 46113 | B19: Hábil | C19: 54112 | D19: 51100 | E19: 49042 | F19: 47561 | G19: 47598 | H19: 49302 | I19: 49891 | J19: 49194 | K19: 50572 | L19: 50204 | M19: 50970 | N19: 50042 | O19: 44855 | P19: 55383 | Q19: 68022 | R19: 73037 | S19: 73863 | T19: 43956 | U19: 44438 | V19: 43664 | W19: 43105 | X19: 42029 | Y19: 39045 | Z19: 35647 | AA19: 1157506 | AB19: 20 | AC19: =+AA19*AB19 -> 23150120 | AD19: =+SUM(AC19:AC22) -> 33072292
B20: Sábado | C20: 55623 | D20: 52812 | E20: 50701 | F20: 48709 | G20: 48019 | H20: 47476 | I20: 48345 | J20: 47163 | K20: 48995 | L20: 48726 | M20: 49194 | N20: 48527 | O20: 45874 | P20: 50440 | Q20: 57766 | R20: 62385 | S20: 63268 | T20: 40158 | U20: 41684 | V20: 40333 | W20: 39051 | X20: 37622 | Y20: 35985 | Z20: 34045 | AA20: 1097714 | AB20: 4 | AC20: =+AA20*AB20 -> 4390856
B21: Domingo | C21: 55418 | D21: 52131 | E21: 49727 | F21: 47878 | G21: 46671 | H21: 45329 | I21: 44377 | J21: 39543 | K21: 37391 | L21: 35265 | M21: 33797 | N21: 34024 | O21: 34895 | P21: 39546 | Q21: 46346 | R21: 51534 | S21: 54115 | T21: 33689 | U21: 36377 | V21: 37463 | W21: 36460 | X21: 36295 | Y21: 34263 | Z21: 31107 | AA21: 962733 | AB21: 4 | AC21: =+AA21*AB21 -> 3850932
B22: Festivo | C22: 52070 | D22: 49048 | E22: 46782 | F22: 45079 | G22: 43800 | H22: 42492 | I22: 41695 | J22: 35310 | K22: 31207 | L22: 27734 | M22: 25457 | N22: 25386 | O22: 26491 | P22: 31087 | Q22: 37855 | R22: 42510 | S22: 44890 | T22: 28285 | U22: 30975 | V22: 32104 | W22: 31476 | X22: 31425 | Y22: 30945 | Z22: 29421 | AA22: 840192 | AB22: 2 | AC22: =+AA22*AB22 -> 1680384
A23: 46143 | B23: Hábil | C23: 28720 | D23: 25771 | E23: 23445 | F23: 21787 | G23: 21279 | H23: 21378 | I23: 21748 | J23: 21050 | K23: 22666 | L23: 22622 | M23: 23165 | N23: 21980 | O23: 16957 | P23: 28078 | Q23: 40558 | R23: 45072 | S23: 45643 | T23: 17328 | U23: 15875 | V23: 15385 | W23: 15950 | X23: 15542 | Y23: 13042 | Z23: 9838 | AA23: 599078 | AB23: 19 | AC23: =+AA23*AB23 -> 11382482 | AD23: =+SUM(AC23:AC26) -> 16640411
B24: Sábado | C24: 29570 | D24: 26110 | E24: 23369 | F24: 21542 | G24: 20578 | H24: 19040 | I24: 20487 | J24: 19346 | K24: 21411 | L24: 21970 | M24: 22511 | N24: 21338 | O24: 18714 | P24: 23675 | Q24: 30947 | R24: 34302 | S24: 35033 | T24: 11024 | U24: 11981 | V24: 12005 | W24: 10833 | X24: 10146 | Y24: 9157 | Z24: 6813 | AA24: 533022 | AB24: 5 | AC24: =+AA24*AB24 -> 2665110
B25: Domingo | C25: 27539 | D25: 24850 | E25: 22586 | F25: 20745 | G25: 19484 | H25: 17142 | I25: 16948 | J25: 12209 | K25: 9695 | L25: 7589 | M25: 6486 | N25: 5675 | O25: 5385 | P25: 9405 | Q25: 16518 | R25: 21482 | S25: 24193 | T25: 5506 | U25: 7589 | V25: 8555 | W25: 9223 | X25: 10180 | Y25: 9056 | Z25: 6550 | AA25: 388959 | AB25: 5 | AC25: =+AA25*AB25 -> 1944795
B26: Festivo | C26: 20534 | D26: 17854 | E26: 15862 | F26: 14292 | G26: 13510 | H26: 11645 | I26: 12038 | J26: 7764 | K26: 6132 | L26: 4947 | M26: 4392 | N26: 4229 | O26: 4289 | P26: 9360 | Q26: 15871 | R26: 20681 | S26: 22536 | T26: 2557 | U26: 5406 | V26: 8205 | W26: 9294 | X26: 9601 | Y26: 7041 | Z26: 3392 | AA26: 324012 | AB26: 2 | AC26: =+AA26*AB26 -> 648024
A27: 46174 | B27: Hábil | C27: 30155 | D27: 27061 | E27: 24567 | F27: 22941 | G27: 22393 | H27: 22191 | I27: 23605 | J27: 23697 | K27: 25542 | L27: 25248 | M27: 25736 | N27: 25060 | O27: 19385 | P27: 29837 | Q27: 41545 | R27: 46380 | S27: 47344 | T27: 16434 | U27: 15740 | V27: 15457 | W27: 15522 | X27: 15062 | Y27: 12790 | Z27: 9634 | AA27: 628342 | AB27: 19 | AC27: =+AA27*AB27 -> 11938498 | AD27: =+SUM(AC27:AC30) -> 17037915
B28: Sábado | C28: 29736 | D28: 26725 | E28: 24348 | F28: 22491 | G28: 21847 | H28: 20448 | I28: 22012 | J28: 22070 | K28: 23696 | L28: 23491 | M28: 23355 | N28: 21985 | O28: 18635 | P28: 22978 | Q28: 31726 | R28: 36841 | S28: 37750 | T28: 12934 | U28: 14070 | V28: 13019 | W28: 12050 | X28: 11016 | Y28: 9724 | Z28: 7745 | AA28: 562162 | AB28: 4 | AC28: =+AA28*AB28 -> 2248648
B29: Domingo | C29: 29560 | D29: 26961 | E29: 24720 | F29: 22727 | G29: 21641 | H29: 19230 | I29: 18875 | J29: 14302 | K29: 11168 | L29: 9753 | M29: 7425 | N29: 6667 | O29: 7437 | P29: 11925 | Q29: 18766 | R29: 24046 | S29: 27018 | T29: 5713 | U29: 8089 | V29: 9955 | W29: 10716 | X29: 12134 | Y29: 11415 | Z29: 9479 | AA29: 432004 | AB29: 4 | AC29: =+AA29*AB29 -> 1728016
B30: Festivo | C30: 22959 | D30: 20371 | E30: 18424 | F30: 16785 | G30: 16041 | H30: 14313 | I30: 14679 | J30: 11793 | K30: 11295 | L30: 10920 | M30: 10244 | N30: 9377 | O30: 8513 | P30: 12798 | Q30: 19130 | R30: 23297 | S30: 24775 | T30: 2240 | U30: 4188 | V30: 7301 | W30: 7382 | X30: 7508 | Y30: 5741 | Z30: 2876 | AA30: 374251 | AB30: 3 | AC30: =+AA30*AB30 -> 1122753
A31: 46204 | B31: Hábil | C31: 28040 | D31: 25019 | E31: 22819 | F31: 21002 | G31: 20412 | H31: 20782 | I31: 21469 | J31: 20654 | K31: 22342 | L31: 22057 | M31: 22560 | N31: 20911 | O31: 15301 | P31: 25324 | Q31: 36832 | R31: 41523 | S31: 42090 | T31: 13706 | U31: 12877 | V31: 13167 | W31: 13758 | X31: 13354 | Y31: 11015 | Z31: 7884 | AA31: 562796 | AB31: 22 | AC31: =+AA31*AB31 -> 12381512 | AD31: =+SUM(AC31:AC34) -> 16335944
B32: Sábado | C32: 25967 | D32: 23374 | E32: 21323 | F32: 19697 | G32: 19233 | H32: 18113 | I32: 18852 | J32: 17597 | K32: 18728 | L32: 18570 | M32: 18118 | N32: 17482 | O32: 14778 | P32: 19819 | Q32: 27879 | R32: 31971 | S32: 32459 | T32: 7657 | U32: 9758 | V32: 11109 | W32: 10029 | X32: 9875 | Y32: 9479 | Z32: 8141 | AA32: 485743 | AB32: 4 | AC32: =+AA32*AB32 -> 1942972
B33: Domingo | C33: 29638 | D33: 26914 | E33: 24398 | F33: 22532 | G33: 21237 | H33: 19202 | I33: 18729 | J33: 12340 | K33: 9613 | L33: 8146 | M33: 6210 | N33: 5022 | O33: 5817 | P33: 10588 | Q33: 16751 | R33: 22100 | S33: 24839 | T33: 7246 | U33: 9473 | V33: 11318 | W33: 11732 | X33: 12415 | Y33: 11356 | Z33: 9275 | AA33: 414825 | AB33: 4 | AC33: =+AA33*AB33 -> 1659300
B34: Festivo | C34: 24697 | D34: 21848 | E34: 19529 | F34: 18132 | G34: 17280 | H34: 15884 | I34: 15510 | J34: 11197 | K34: 9466 | L34: 8099 | M34: 6954 | N34: 5741 | O34: 4842 | P34: 9967 | Q34: 16313 | R34: 21048 | S34: 22896 | T34: 1949 | U34: 4719 | V34: 6943 | W34: 7030 | X34: 6398 | Y34: 4241 | Z34: 1818 | AA34: 352160 | AB34: 1 | AC34: =+AA34*AB34 -> 352160
A35: 46235 | B35: Hábil | C35: 29623 | D35: 26363 | E35: 23978 | F35: 22087 | G35: 21394 | H35: 21423 | I35: 21851 | J35: 21455 | K35: 22655 | L35: 22959 | M35: 23358 | N35: 22277 | O35: 16599 | P35: 27701 | Q35: 40241 | R35: 45046 | S35: 45897 | T35: 15588 | U35: 14785 | V35: 15518 | W35: 16312 | X35: 16637 | Y35: 14135 | Z35: 11241 | AA35: 604568 | AB35: 19 | AC35: =+AA35*AB35 -> 11486792 | AD35: =+SUM(AC35:AC38) -> 17146466
B36: Sábado | C36: 34602 | D36: 31087 | E36: 28290 | F36: 26053 | G36: 24934 | H36: 23159 | I36: 23586 | J36: 23057 | K36: 23978 | L36: 24541 | M36: 23743 | N36: 23594 | O36: 19750 | P36: 24890 | Q36: 32604 | R36: 36656 | S36: 38011 | T36: 13100 | U36: 15058 | V36: 15151 | W36: 14189 | X36: 15006 | Y36: 14522 | Z36: 13069 | AA36: 604801 | AB36: 5 | AC36: =+AA36*AB36 -> 3024005
B37: Domingo | C37: 31435 | D37: 28351 | E37: 25837 | F37: 23765 | G37: 22098 | H37: 19280 | I37: 18137 | J37: 12985 | K37: 9699 | L37: 6600 | M37: 5291 | N37: 3249 | O37: 4348 | P37: 10681 | Q37: 16774 | R37: 22095 | S37: 23223 | T37: 3399 | U37: 6469 | V37: 7505 | W37: 8002 | X37: 9292 | Y37: 8114 | Z37: 6036 | AA37: 397007 | AB37: 5 | AC37: =+AA37*AB37 -> 1985035
B38: Festivo | C38: 19642 | D38: 17516 | E38: 15599 | F38: 14430 | G38: 13776 | H38: 12730 | I38: 11922 | J38: 7545 | K38: 5805 | L38: 5452 | M38: 4802 | N38: 4615 | O38: 4648 | P38: 9637 | Q38: 16130 | R38: 21128 | S38: 22898 | T38: 5 | U38: 3663 | V38: 6927 | W38: 7768 | X38: 9817 | Y38: 8328 | Z38: 3921 | AA38: 325317 | AB38: 2 | AC38: =+AA38*AB38 -> 650634
A39: 46266 | B39: Hábil | C39: 44214 | D39: 40633 | E39: 37941 | F39: 35826 | G39: 35002 | H39: 35112 | I39: 35828 | J39: 35722 | K39: 37056 | L39: 37470 | M39: 38196 | N39: 37109 | O39: 31802 | P39: 43449 | Q39: 55201 | R39: 59801 | S39: 59928 | T39: 29787 | U39: 29907 | V39: 29379 | W39: 30049 | X39: 30144 | Y39: 27761 | Z39: 23989 | AA39: 900874 | AB39: 22 | AC39: =+AA39*AB39 -> 19819228 | AD39: =+SUM(AC39:AC42) -> 26119312
B40: Sábado | C40: 44379 | D40: 41166 | E40: 38636 | F40: 36712 | G40: 35715 | H40: 33976 | I40: 35239 | J40: 35350 | K40: 37440 | L40: 37304 | M40: 37575 | N40: 37023 | O40: 33385 | P40: 39014 | Q40: 47217 | R40: 51532 | S40: 52231 | T40: 28209 | U40: 30145 | V40: 28678 | W40: 27332 | X40: 26955 | Y40: 25658 | Z40: 23942 | AA40: 866453 | AB40: 4 | AC40: =+AA40*AB40 -> 3465812
B41: Domingo | C41: 43899 | D41: 40971 | E41: 38751 | F41: 36908 | G41: 35424 | H41: 33575 | I41: 33042 | J41: 27680 | K41: 24456 | L41: 21383 | M41: 20535 | N41: 20102 | O41: 19667 | P41: 25117 | Q41: 32964 | R41: 37863 | S41: 40063 | T41: 19684 | U41: 22427 | V41: 23761 | W41: 24386 | X41: 24933 | Y41: 23283 | Z41: 20723 | AA41: 708568 | AB41: 4 | AC41: =+AA41*AB41 -> 2834272
B42: Festivo | C42: 0 | D42: 0 | E42: 0 | F42: 0 | G42: 0 | H42: 0 | I42: 0 | J42: 0 | K42: 0 | L42: 0 | M42: 0 | N42: 0 | O42: 0 | P42: 0 | Q42: 0 | R42: 0 | S42: 0 | T42: 0 | U42: 0 | V42: 0 | W42: 0 | X42: 0 | Y42: 0 | Z42: 0 | AA42: 0 | AB42: 0 | AC42: =+AA42*AB42 -> 0
A43: 46296 | B43: Hábil | C43: 42141 | D43: 39000 | E43: 36701 | F43: 35031 | G43: 34553 | H43: 34764 | I43: 35579 | J43: 35461 | K43: 37921 | L43: 38497 | M43: 39710 | N43: 39310 | O43: 34100 | P43: 44792 | Q43: 56889 | R43: 61007 | S43: 61215 | T43: 32610 | U43: 31418 | V43: 29776 | W43: 28975 | X43: 28184 | Y43: 25445 | Z43: 22087 | AA43: 901504 | AB43: 21 | AC43: =+AA43*AB43 -> 18931584 | AD43: =+SUM(AC43:AC46) -> 26450360
B44: Sábado | C44: 40084 | D44: 36919 | E44: 34605 | F44: 32799 | G44: 32066 | H44: 31186 | I44: 31858 | J44: 30777 | K44: 33261 | L44: 33889 | M44: 34148 | N44: 33791 | O44: 31389 | P44: 35460 | Q44: 42758 | R44: 47022 | S44: 48820 | T44: 25597 | U44: 27616 | V44: 26002 | W44: 24937 | X44: 23683 | Y44: 22161 | Z44: 20203 | AA44: 788082 | AB44: 5 | AC44: =+AA44*AB44 -> 3940410
B45: Domingo | C45: 42515 | D45: 39654 | E45: 37405 | F45: 35589 | G45: 34264 | H45: 32420 | I45: 32115 | J45: 26422 | K45: 23731 | L45: 22116 | M45: 20632 | N45: 20655 | O45: 21183 | P45: 25986 | Q45: 32448 | R45: 38108 | S45: 40939 | T45: 21909 | U45: 24718 | V45: 25397 | W45: 25818 | X45: 26032 | Y45: 23964 | Z45: 21365 | AA45: 706976 | AB45: 4 | AC45: =+AA45*AB45 -> 2827904
B46: Festivo | C46: 41220 | D46: 38338 | E46: 36472 | F46: 35417 | G46: 34810 | H46: 32937 | I46: 31933 | J46: 28902 | K46: 27997 | L46: 27893 | M46: 27282 | N46: 25511 | O46: 26850 | P46: 31833 | Q46: 39391 | R46: 43078 | S46: 45003 | T46: 23837 | U46: 25777 | V46: 25461 | W46: 25612 | X46: 24325 | Y46: 21432 | Z46: 18820 | AA46: 750462 | AB46: 1 | AC46: =+AA46*AB46 -> 750462
A47: 46327 | B47: Hábil | C47: 41977 | D47: 38871 | E47: 36756 | F47: 35343 | G47: 35255 | H47: 35939 | I47: 37444 | J47: 37760 | K47: 40031 | L47: 40245 | M47: 41020 | N47: 40464 | O47: 35127 | P47: 44765 | Q47: 56266 | R47: 61568 | S47: 62302 | T47: 34351 | U47: 33275 | V47: 30975 | W47: 30147 | X47: 28588 | Y47: 25491 | Z47: 21944 | AA47: 921054 | AB47: 19 | AC47: =+AA47*AB47 -> 17500026 | AD47: =+SUM(AC47:AC50) -> 26048507
B48: Sábado | C48: 42737 | D48: 39723 | E48: 37461 | F48: 35879 | G48: 35131 | H48: 34477 | I48: 35374 | J48: 35173 | K48: 37937 | L48: 38820 | M48: 38470 | N48: 37880 | O48: 34479 | P48: 38247 | Q48: 44984 | R48: 48761 | S48: 50145 | T48: 26730 | U48: 27709 | V48: 25959 | W48: 24378 | X48: 22543 | Y48: 21197 | Z48: 18904 | AA48: 837396 | AB48: 4 | AC48: =+AA48*AB48 -> 3349584
B49: Domingo | C49: 40563 | D49: 37941 | E49: 36249 | F49: 34501 | G49: 33452 | H49: 32164 | I49: 31997 | J49: 27707 | K49: 26337 | L49: 25098 | M49: 24584 | N49: 24110 | O49: 24739 | P49: 28952 | Q49: 35007 | R49: 39096 | S49: 41505 | T49: 22974 | U49: 24422 | V49: 24303 | W49: 23594 | X49: 22968 | Y49: 21609 | Z49: 19148 | AA49: 717323 | AB49: 5 | AC49: =+AA49*AB49 -> 3586615
B50: Festivo | C50: 41941 | D50: 39069 | E50: 36758 | F50: 35188 | G50: 34602 | H50: 33291 | I50: 32882 | J50: 30092 | K50: 29692 | L50: 29951 | M50: 30299 | N50: 30431 | O50: 30670 | P50: 36371 | Q50: 42608 | R50: 46774 | S50: 48809 | T50: 28564 | U50: 30221 | V50: 29966 | W50: 29350 | X50: 28184 | Y50: 25727 | Z50: 22844 | AA50: 806141 | AB50: 2 | AC50: =+AA50*AB50 -> 1612282
A51: 46357 | B51: Hábil | C51: 53838 | D51: 50875 | E51: 48805 | F51: 47294 | G51: 46738 | H51: 46707 | I51: 46964 | J51: 46415 | K51: 48006 | L51: 48397 | M51: 48735 | N51: 48352 | O51: 44644 | P51: 52102 | Q51: 63057 | R51: 68239 | S51: 69731 | T51: 42770 | U51: 43258 | V51: 41475 | W51: 40042 | X51: 39055 | Y51: 37290 | Z51: 34688 | AA51: 1112904 | AB51: 21 | AC51: =+AA51*AB51 -> 23370984 | AD51: =+SUM(AC51:AC54) -> 33274072
B52: Sábado | C52: 55984 | D52: 52654 | E52: 50298 | F52: 48446 | G52: 47481 | H52: 47205 | I52: 46995 | J52: 44382 | K52: 45388 | L52: 45228 | M52: 45294 | N52: 44754 | O52: 43735 | P52: 48642 | Q52: 56229 | R52: 60849 | S52: 62468 | T52: 40459 | U52: 43331 | V52: 42717 | W52: 40432 | X52: 38331 | Y52: 36925 | Z52: 35043 | AA52: 1080341 | AB52: 4 | AC52: =+AA52*AB52 -> 4321364
B53: Domingo | C53: 57931 | D53: 54794 | E53: 52434 | F53: 50570 | G53: 49434 | H53: 47108 | I53: 45995 | J53: 40815 | K53: 38716 | L53: 37241 | M53: 36106 | N53: 35632 | O53: 35169 | P53: 39648 | Q53: 46422 | R53: 52543 | S53: 55331 | T53: 36844 | U53: 40380 | V53: 39568 | W53: 37547 | X53: 35356 | Y53: 32974 | Z53: 30937 | AA53: 993558 | AB53: 4 | AC53: =+AA53*AB53 -> 3974232
B54: Festivo | C54: 44150 | D54: 42354 | E54: 40985 | F54: 39670 | G54: 38931 | H54: 38164 | I54: 36951 | J54: 32189 | K54: 29924 | L54: 28743 | M54: 27677 | N54: 26896 | O54: 27690 | P54: 32471 | Q54: 38480 | R54: 43295 | S54: 46025 | T54: 27255 | U54: 30636 | V54: 31096 | W54: 30105 | X54: 29195 | Y54: 27787 | Z54: 25237 | AA54: 803746 | AB54: 2 | AC54: =+AA54*AB54 -> 1607492
AD55: =SUM(AD7:AD51) -> 307999865

Sheet OF P2
C1: * La energia a ofertar debe ser expresada únicamente en kilovatio (kWh) redondeado a cero decimales
C4: OFERTA PRODUCTO 2
C5: MES | D5: ENERGIA SOLICITADA (KWh) | E5: % | F5: ENERGIA OFERTADA (kWh) | G5: PRECIO $/kWh
C6: 46388 | D6: =+VLOOKUP(C6,'CURVA P2'!$A$4:$AD$55,30,FALSE) -> 59963979 | E6: % | G6: $/kWh
C7: 46419 | D7: =+VLOOKUP(C7,'CURVA P2'!$A$4:$AD$55,30,FALSE) -> 61532312
C8: 46447 | D8: =+VLOOKUP(C8,'CURVA P2'!$A$4:$AD$55,30,FALSE) -> 59946328
C9: 46478 | D9: =+VLOOKUP(C9,'CURVA P2'!$A$4:$AD$55,30,FALSE) -> 62364066
C10: 46508 | D10: =+VLOOKUP(C10,'CURVA P2'!$A$4:$AD$55,30,FALSE) -> 42259367
C11: 46539 | D11: =+VLOOKUP(C11,'CURVA P2'!$A$4:$AD$55,30,FALSE) -> 47145425
C12: 46569 | D12: =+VLOOKUP(C12,'CURVA P2'!$A$4:$AD$55,30,FALSE) -> 41796550
C13: 46600 | D13: =+VLOOKUP(C13,'CURVA P2'!$A$4:$AD$55,30,FALSE) -> 40054834
C14: 46631 | D14: =+VLOOKUP(C14,'CURVA P2'!$A$4:$AD$55,30,FALSE) -> 44476632
C15: 46661 | D15: =+VLOOKUP(C15,'CURVA P2'!$A$4:$AD$55,30,FALSE) -> 40797963
C16: 46692 | D16: =+VLOOKUP(C16,'CURVA P2'!$A$4:$AD$55,30,FALSE) -> 41250458
C17: 46722 | D17: =+VLOOKUP(C17,'CURVA P2'!$A$4:$AD$55,30,FALSE) -> 58412086
D18: =SUM(D6:D17) -> 600000000
D20: =D18/1000000 -> 600

Sheet CURVA P2
A1: Curva de distribucion en kWh
A2: * La energia a ofertar debe ser expresada únicamente en kilovatio (kWh) redondeado a cero decimales
A4: TOTAL | C4: =+AD55 -> 600000000
A5: MES | B5: DÍA | C5: HORA 01 | D5: HORA 02 | E5: HORA 03 | F5: HORA 04 | G5: HORA 05 | H5: HORA 06 | I5: HORA 07 | J5: HORA 08 | K5: HORA 09 | L5: HORA 10 | M5: HORA 11 | N5: HORA 12 | O5: HORA 13 | P5: HORA 14 | Q5: HORA 15 | R5: HORA 16 | S5: HORA 17 | T5: HORA 18 | U5: HORA 19 | V5: HORA 20 | W5: HORA 21 | X5: HORA 22 | Y5: HORA 23 | Z5: HORA 24 | AA5: TOTAL DÍA | AB5: NUMERO DÍAS | AC5: TOTAL DÍA MES | AD5: TOTAL MES
A7: 46388 | B7: Hábil | C7: 85475 | D7: 82464 | E7: 79295 | F7: 76963 | G7: 76233 | H7: 77616 | I7: 78575 | J7: 72426 | K7: 75399 | L7: 76442 | M7: 77860 | N7: 78462 | O7: 73684 | P7: 84405 | Q7: 98326 | R7: 104491 | S7: 105523 | T7: 91398 | U7: 93879 | V7: 91988 | W7: 90009 | X7: 87762 | Y7: 83491 | Z7: 77755 | AA7: =SUM(C7:Z7) -> 2019921 | AB7: 19 | AC7: =+AA7*AB7 -> 38378499 | AD7: =+SUM(AC7:AC10) -> 59963979
B8: Sábado | C8: 87557 | D8: 83976 | E8: 80369 | F8: 77752 | G8: 76635 | H8: 77073 | I8: 77239 | J8: 70681 | K8: 74205 | L8: 75424 | M8: 76295 | N8: 76098 | O8: 73115 | P8: 78888 | Q8: 87888 | R8: 93001 | S8: 93900 | T8: 84915 | U8: 90415 | V8: 89198 | W8: 86629 | X8: 84171 | Y8: 81080 | Z8: 76787 | AA8: =SUM(C8:Z8) -> 1953291 | AB8: 5 | AC8: =+AA8*AB8 -> 9766455
B9: Domingo | C9: 86354 | D9: 83106 | E9: 79690 | F9: 77013 | G9: 75468 | H9: 74690 | I9: 73367 | J9: 61597 | K9: 59814 | L9: 58732 | M9: 57474 | N9: 57184 | O9: 58374 | P9: 63527 | Q9: 70740 | R9: 76473 | S9: 79162 | T9: 73792 | U9: 80498 | V9: 82146 | W9: 81890 | X9: 80936 | Y9: 77698 | Z9: 72616 | AA9: =SUM(C9:Z9) -> 1742341 | AB9: 5 | AC9: =+AA9*AB9 -> 8711705
B10: Festivo | C10: 74349 | D10: 72212 | E10: 70753 | F10: 69045 | G10: 68220 | H10: 67471 | I10: 65300 | J10: 53049 | K10: 50893 | L10: 49748 | M10: 49454 | N10: 49131 | O10: 50105 | P10: 55720 | Q10: 62801 | R10: 68239 | S10: 70332 | T10: 67824 | U10: 75022 | V10: 76102 | W10: 75471 | X10: 74076 | Y10: 71137 | Z10: 67206 | AA10: =SUM(C10:Z10) -> 1553660 | AB10: 2 | AC10: =+AA10*AB10 -> 3107320
A11: 46419 | B11: Hábil | C11: 94094 | D11: 89437 | E11: 86116 | F11: 83963 | G11: 84020 | H11: 88475 | I11: 91088 | J11: 86080 | K11: 89226 | L11: 90248 | M11: 92009 | N11: 90489 | O11: 82218 | P11: 96330 | Q11: 112003 | R11: 118440 | S11: 118934 | T11: 100410 | U11: 101555 | V11: 100881 | W11: 99388 | X11: 96097 | Y11: 89394 | Z11: 82105 | AA11: =SUM(C11:Z11) -> 2263000 | AB11: 20 | AC11: =+AA11*AB11 -> 45260000 | AD11: =+SUM(AC11:AC14) -> 61532312
B12: Sábado | C12: 91298 | D12: 86843 | E12: 83613 | F12: 81518 | G12: 80670 | H12: 82050 | I12: 84273 | J12: 80213 | K12: 84554 | L12: 86110 | M12: 86961 | N12: 86326 | O12: 82041 | P12: 87100 | Q12: 95839 | R12: 101027 | S12: 101548 | T12: 89405 | U12: 94811 | V12: 95227 | W12: 92586 | X12: 89735 | Y12: 86012 | Z12: 81185 | AA12: =SUM(C12:Z12) -> 2110945 | AB12: 4 | AC12: =+AA12*AB12 -> 8443780
B13: Domingo | C13: 93495 | D13: 88784 | E13: 85426 | F13: 82665 | G13: 81252 | H13: 80868 | I13: 80374 | J13: 69906 | K13: 68588 | L13: 68274 | M13: 67464 | N13: 67665 | O13: 68637 | P13: 73478 | Q13: 81278 | R13: 87744 | S13: 90702 | T13: 82684 | U13: 89503 | V13: 92867 | W13: 93238 | X13: 92504 | Y13: 88087 | Z13: 81650 | AA13: =SUM(C13:Z13) -> 1957133 | AB13: 4 | AC13: =+AA13*AB13 -> 7828532
B14: Festivo | C14: 0 | D14: 0 | E14: 0 | F14: 0 | G14: 0 | H14: 0 | I14: 0 | J14: 0 | K14: 0 | L14: 0 | M14: 0 | N14: 0 | O14: 0 | P14: 0 | Q14: 0 | R14: 0 | S14: 0 | T14: 0 | U14: 0 | V14: 0 | W14: 0 | X14: 0 | Y14: 0 | Z14: 0 | AA14: =SUM(C14:Z14) -> 0 | AB14: 0 | AC14: =+AA14*AB14 -> 0
A15: 46447 | B15: Hábil | C15: 86183 | D15: 81752 | E15: 78670 | F15: 76436 | G15: 76217 | H15: 79183 | I15: 79682 | J15: 73703 | K15: 75886 | L15: 76108 | M15: 77105 | N15: 76071 | O15: 69649 | P15: 82898 | Q15: 97713 | R15: 103799 | S15: 104865 | T15: 89301 | U15: 90763 | V15: 90596 | W15: 90042 | X15: 88105 | Y15: 82827 | Z15: 76528 | AA15: =SUM(C15:Z15) -> 2004082 | AB15: 20 | AC15: =+AA15*AB15 -> 40081640 | AD15: =+SUM(AC15:AC18) -> 59946328
B16: Sábado | C16: 88452 | D16: 83892 | E16: 80531 | F16: 77798 | G16: 76493 | H16: 76654 | I16: 77297 | J16: 72177 | K16: 75219 | L16: 75958 | M16: 76663 | N16: 75545 | O16: 71413 | P16: 77043 | Q16: 86220 | R16: 91537 | S16: 92699 | T16: 83221 | U16: 87965 | V16: 88110 | W16: 86555 | X16: 85076 | Y16: 82802 | Z16: 78831 | AA16: =SUM(C16:Z16) -> 1948151 | AB16: 4 | AC16: =+AA16*AB16 -> 7792604
B17: Domingo | C17: 89429 | D17: 84891 | E17: 81675 | F17: 79062 | G17: 77415 | H17: 76280 | I17: 74542 | J17: 62955 | K17: 60589 | L17: 58616 | M17: 56595 | N17: 56339 | O17: 57837 | P17: 63325 | Q17: 71241 | R17: 77442 | S17: 80428 | T17: 74326 | U17: 80421 | V17: 83984 | W17: 85011 | X17: 84937 | Y17: 80647 | Z17: 75100 | AA17: =SUM(C17:Z17) -> 1773087 | AB17: 4 | AC17: =+AA17*AB17 -> 7092348
B18: Festivo | C18: 76883 | D18: 72327 | E18: 69459 | F18: 67497 | G18: 66700 | H18: 66308 | I18: 66328 | J18: 57882 | K18: 57712 | L18: 57869 | M18: 58682 | N18: 59274 | O18: 58365 | P18: 64762 | Q18: 71718 | R18: 76072 | S18: 77697 | T18: 70875 | U18: 77938 | V18: 81408 | W18: 81677 | X18: 80040 | Y18: 74281 | Z18: 68158 | AA18: =SUM(C18:Z18) -> 1659912 | AB18: 3 | AC18: =+AA18*AB18 -> 4979736
A19: 46478 | B19: Hábil | C19: 89307 | D19: 84677 | E19: 81513 | F19: 79277 | G19: 79158 | H19: 80883 | I19: 82380 | J19: 78147 | K19: 82029 | L19: 83045 | M19: 85065 | N19: 84666 | O19: 77170 | P19: 90582 | Q19: 106463 | R19: 112212 | S19: 112377 | T19: 95543 | U19: 96991 | V19: 96176 | W19: 95245 | X19: 92898 | Y19: 87412 | Z19: 80523 | AA19: =SUM(C19:Z19) -> 2133739 | AB19: 22 | AC19: =+AA19*AB19 -> 46942258 | AD19: =+SUM(AC19:AC22) -> 62364066
B20: Sábado | C20: 90985 | D20: 86460 | E20: 83112 | F20: 80362 | G20: 79320 | H20: 78224 | I20: 79864 | J20: 74786 | K20: 79161 | L20: 80338 | M20: 81568 | N20: 81260 | O20: 77382 | P20: 82961 | Q20: 91901 | R20: 96827 | S20: 97077 | T20: 87217 | U20: 91720 | V20: 90449 | W20: 88216 | X20: 85770 | Y20: 82670 | Z20: 78635 | AA20: =SUM(C20:Z20) -> 2026265 | AB20: 4 | AC20: =+AA20*AB20 -> 8105060
B21: Domingo | C21: 91065 | D21: 86133 | E21: 82535 | F21: 79714 | G21: 78018 | H21: 75873 | I21: 75123 | J21: 64713 | K21: 63150 | L21: 61790 | M21: 60818 | N21: 61657 | O21: 62753 | P21: 68146 | Q21: 76129 | R21: 81965 | S21: 84402 | T21: 77434 | U21: 83697 | V21: 86236 | W21: 85568 | X21: 85215 | Y21: 81453 | Z21: 75600 | AA21: =SUM(C21:Z21) -> 1829187 | AB21: 4 | AC21: =+AA21*AB21 -> 7316748
B22: Festivo | C22: 0 | D22: 0 | E22: 0 | F22: 0 | G22: 0 | H22: 0 | I22: 0 | J22: 0 | K22: 0 | L22: 0 | M22: 0 | N22: 0 | O22: 0 | P22: 0 | Q22: 0 | R22: 0 | S22: 0 | T22: 0 | U22: 0 | V22: 0 | W22: 0 | X22: 0 | Y22: 0 | Z22: 0 | AA22: =SUM(C22:Z22) -> 0 | AB22: 0 | AC22: =+AA22*AB22 -> 0
A23: 46508 | B23: Hábil | C23: 63217 | D23: 58717 | E23: 55316 | F23: 52913 | G23: 52252 | H23: 52012 | I23: 53652 | J23: 49895 | K23: 54325 | L23: 55745 | M23: 57516 | N23: 56758 | O23: 49410 | P23: 63179 | Q23: 78883 | R23: 83976 | S23: 83798 | T23: 67159 | U23: 67070 | V23: 66805 | W23: 66932 | X23: 65317 | Y23: 60299 | Z23: 53762 | AA23: =SUM(C23:Z23) -> 1468908 | AB23: 19 | AC23: =+AA23*AB23 -> 27909252 | AD23: =+SUM(AC23:AC26) -> 42259367
B24: Sábado | C24: 65704 | D24: 60556 | E24: 56668 | F24: 53819 | G24: 52531 | H24: 50168 | I24: 52293 | J24: 47515 | K24: 52367 | L24: 54350 | M24: 55685 | N24: 54664 | O24: 50472 | P24: 56177 | Q24: 64772 | R24: 68922 | S24: 68933 | T24: 57269 | U24: 61140 | V24: 61628 | W24: 59728 | X24: 58099 | Y24: 55583 | Z24: 51299 | AA24: =SUM(C24:Z24) -> 1370342 | AB24: 4 | AC24: =+AA24*AB24 -> 5481368
B25: Domingo | C25: 62922 | D25: 58642 | E25: 55259 | F25: 52484 | G25: 50664 | H25: 47072 | I25: 47359 | J25: 36939 | K25: 35127 | L25: 33780 | M25: 33158 | N25: 32774 | O25: 32428 | P25: 37111 | Q25: 45482 | R25: 50987 | S25: 53578 | T25: 47354 | U25: 53100 | V25: 55827 | W25: 56663 | X25: 57333 | Y25: 54578 | Z25: 49484 | AA25: =SUM(C25:Z25) -> 1140105 | AB25: 5 | AC25: =+AA25*AB25 -> 5700525
B26: Festivo | C26: 53357 | D26: 49121 | E26: 46056 | F26: 43752 | G26: 42657 | H26: 40076 | I26: 41089 | J26: 31986 | K26: 31548 | L26: 31500 | M26: 31913 | N26: 32259 | O26: 31850 | P26: 37862 | Q26: 45765 | R26: 51051 | S26: 52500 | T26: 44783 | U26: 51254 | V26: 55656 | W26: 56659 | X26: 56190 | Y26: 51671 | Z26: 45519 | AA26: =SUM(C26:Z26) -> 1056074 | AB26: 3 | AC26: =+AA26*AB26 -> 3168222
A27: 46539 | B27: Hábil | C27: 70543 | D27: 65819 | E27: 62215 | F27: 59792 | G27: 59104 | H27: 58503 | I27: 61361 | J27: 58465 | K27: 63121 | L27: 64242 | M27: 65917 | N27: 65697 | O27: 57538 | P27: 70651 | Q27: 85674 | R27: 91156 | S27: 91467 | T27: 73143 | U27: 72971 | V27: 73306 | W27: 72722 | X27: 70823 | Y27: 66064 | Z27: 59626 | AA27: =SUM(C27:Z27) -> 1639920 | AB27: 21 | AC27: =+AA27*AB27 -> 34438320 | AD27: =+SUM(AC27:AC30) -> 47145425
B28: Sábado | C28: 71150 | D28: 66548 | E28: 63020 | F28: 60343 | G28: 59424 | H28: 57230 | I28: 59963 | J28: 56028 | K28: 60404 | L28: 61660 | M28: 62552 | N28: 61504 | O28: 56610 | P28: 61386 | Q28: 71379 | R28: 76897 | S28: 77228 | T28: 65422 | U28: 68804 | V28: 68925 | W28: 66934 | X28: 64820 | Y28: 62038 | Z28: 58030 | AA28: =SUM(C28:Z28) -> 1538299 | AB28: 4 | AC28: =+AA28*AB28 -> 6153196
B29: Domingo | C29: 70717 | D29: 66473 | E29: 63140 | F29: 60340 | G29: 58731 | H29: 55210 | I29: 55325 | J29: 45170 | K29: 42526 | L29: 41947 | M29: 39785 | N29: 39313 | O29: 40050 | P29: 45001 | Q29: 52816 | R29: 58586 | S29: 61724 | T29: 53453 | U29: 59115 | V29: 63448 | W29: 64165 | X29: 64868 | Y29: 62571 | Z29: 58177 | AA29: =SUM(C29:Z29) -> 1322651 | AB29: 4 | AC29: =+AA29*AB29 -> 5290604
B30: Festivo | C30: 62099 | D30: 57944 | E30: 54980 | F30: 52555 | G30: 51571 | H30: 49001 | I30: 50006 | J30: 42311 | K30: 43125 | L30: 43936 | M30: 44390 | N30: 44138 | O30: 42815 | P30: 48036 | Q30: 55424 | R30: 59819 | S30: 60802 | T30: 51261 | U30: 56493 | V30: 61944 | W30: 61782 | X30: 60859 | Y30: 56862 | Z30: 51152 | AA30: =SUM(C30:Z30) -> 1263305 | AB30: 1 | AC30: =+AA30*AB30 -> 1263305
A31: 46569 | B31: Hábil | C31: 61438 | D31: 56819 | E31: 53492 | F31: 50865 | G31: 50051 | H31: 50259 | I31: 52230 | J31: 46407 | K31: 50780 | L31: 51901 | M31: 53535 | N31: 52172 | O31: 43928 | P31: 56743 | Q31: 71558 | R31: 77001 | S31: 76870 | T31: 68831 | U31: 68212 | V31: 69744 | W31: 69852 | X31: 68376 | Y31: 63811 | Z31: 57616 | AA31: =SUM(C31:Z31) -> 1422491 | AB31: 20 | AC31: =+AA31*AB31 -> 28449820 | AD31: =+SUM(AC31:AC34) -> 41796550
B32: Sábado | C32: 59819 | D32: 55542 | E32: 52427 | F32: 49930 | G32: 49075 | H32: 47369 | I32: 49102 | J32: 42467 | K32: 46222 | L32: 47462 | M32: 47812 | N32: 47562 | O32: 43293 | P32: 48954 | Q32: 58451 | R32: 62897 | S32: 62841 | T32: 59418 | U32: 63487 | V32: 66085 | W32: 64047 | X32: 62726 | Y32: 60939 | Z32: 57671 | AA32: =SUM(C32:Z32) -> 1305598 | AB32: 5 | AC32: =+AA32*AB32 -> 6527990
B33: Domingo | C33: 63367 | D33: 58915 | E33: 55318 | F33: 52648 | G33: 50839 | H33: 47839 | I33: 47598 | J33: 33821 | K33: 31750 | L33: 30646 | M33: 28995 | N33: 28025 | O33: 29049 | P33: 34326 | Q33: 41511 | R33: 47714 | S33: 50340 | T33: 53698 | U33: 58540 | V33: 63038 | W33: 63835 | X33: 64213 | Y33: 61521 | Z33: 57011 | AA33: =SUM(C33:Z33) -> 1154557 | AB33: 4 | AC33: =+AA33*AB33 -> 4618228
B34: Festivo | C34: 57089 | D34: 52696 | E34: 49295 | F34: 47131 | G34: 45973 | H34: 43894 | I34: 44100 | J34: 33192 | K34: 32741 | L34: 32332 | M34: 31799 | N34: 30900 | O34: 29289 | P34: 35465 | Q34: 43086 | R34: 48489 | S34: 50010 | T34: 49755 | U34: 55360 | V34: 60823 | W34: 60906 | X34: 59777 | Y34: 55802 | Z34: 50352 | AA34: =SUM(C34:Z34) -> 1100256 | AB34: 2 | AC34: =+AA34*AB34 -> 2200512
A35: 46600 | B35: Hábil | C35: 59270 | D35: 54463 | E35: 50879 | F35: 48120 | G35: 47167 | H35: 47194 | I35: 48542 | J35: 43396 | K35: 47289 | L35: 49150 | M35: 50864 | N35: 50195 | O35: 42035 | P35: 56196 | Q35: 72232 | R35: 77697 | S35: 77763 | T35: 66291 | U35: 66138 | V35: 67151 | W35: 67564 | X35: 66737 | Y35: 61873 | Z35: 55776 | AA35: =SUM(C35:Z35) -> 1373982 | AB35: 21 | AC35: =+AA35*AB35 -> 28853622 | AD35: =+SUM(AC35:AC38) -> 40054834
B36: Sábado | C36: 65140 | D36: 59951 | E36: 55919 | F36: 52751 | G36: 51121 | H36: 48914 | I36: 50037 | J36: 44395 | K36: 47997 | L36: 49977 | M36: 50086 | N36: 50555 | O36: 45143 | P36: 51199 | Q36: 60391 | R36: 64921 | S36: 65533 | T36: 59789 | U36: 64285 | V36: 64793 | W36: 62743 | X36: 62548 | Y36: 60837 | Z36: 57281 | AA36: =SUM(C36:Z36) -> 1346306 | AB36: 3 | AC36: =+AA36*AB36 -> 4038918
B37: Domingo | C37: 61981 | D37: 57209 | E37: 53379 | F37: 50358 | G37: 48055 | H37: 44073 | I37: 42900 | J37: 30889 | K37: 28263 | L37: 25797 | M37: 24871 | N37: 23052 | O37: 24365 | P37: 31543 | Q37: 38729 | R37: 44769 | S37: 45606 | T37: 45042 | U37: 51385 | V37: 54472 | W37: 55432 | X37: 56436 | Y37: 53855 | Z37: 49225 | AA37: =SUM(C37:Z37) -> 1041686 | AB37: 5 | AC37: =+AA37*AB37 -> 5208430
B38: Festivo | C38: 48457 | D38: 44780 | E38: 41713 | F38: 39712 | G38: 38696 | H38: 36870 | I38: 36475 | J38: 25827 | K38: 25565 | L38: 26542 | M38: 26872 | N38: 27394 | O38: 26888 | P38: 32786 | Q38: 40636 | R38: 46466 | S38: 47692 | T38: 44044 | U38: 50845 | V38: 55292 | W38: 55712 | X38: 57042 | Y38: 53615 | Z38: 47011 | AA38: =SUM(C38:Z38) -> 976932 | AB38: 2 | AC38: =+AA38*AB38 -> 1953864
A39: 46631 | B39: Hábil | C39: 66044 | D39: 60758 | E39: 56830 | F39: 53782 | G39: 52654 | H39: 52564 | I39: 54366 | J39: 49925 | K39: 54223 | L39: 56339 | M39: 58468 | N39: 57880 | O39: 50100 | P39: 64997 | Q39: 80349 | R39: 85498 | S39: 84587 | T39: 73233 | U39: 74253 | V39: 72825 | W39: 72960 | X39: 72080 | Y39: 67342 | Z39: 60273 | AA39: =SUM(C39:Z39) -> 1532330 | AB39: 22 | AC39: =+AA39*AB39 -> 33711260 | AD39: =+SUM(AC39:AC42) -> 44476632
B40: Sábado | C40: 67427 | D40: 62594 | E40: 58780 | F40: 55684 | G40: 54151 | H40: 51785 | I40: 53725 | J40: 49068 | K40: 53981 | L40: 55440 | M40: 57016 | N40: 56858 | O40: 51848 | P40: 58341 | Q40: 68018 | R40: 72532 | S40: 72209 | T40: 67411 | U40: 72387 | V40: 70467 | W40: 67815 | X40: 66267 | Y40: 63909 | Z40: 60293 | AA40: =SUM(C40:Z40) -> 1468006 | AB40: 4 | AC40: =+AA40*AB40 -> 5872024
B41: Domingo | C41: 66425 | D41: 61855 | E41: 58368 | F41: 55543 | G41: 53471 | H41: 50590 | I41: 50249 | J41: 38056 | K41: 35389 | L41: 32990 | M41: 32560 | N41: 32833 | O41: 32541 | P41: 38987 | Q41: 48073 | R41: 53465 | S41: 55432 | T41: 54287 | U41: 61007 | V41: 63279 | W41: 64467 | X41: 65154 | Y41: 61904 | Z41: 56412 | AA41: =SUM(C41:Z41) -> 1223337 | AB41: 4 | AC41: =+AA41*AB41 -> 4893348
B42: Festivo | C42: 0 | D42: 0 | E42: 0 | F42: 0 | G42: 0 | H42: 0 | I42: 0 | J42: 0 | K42: 0 | L42: 0 | M42: 0 | N42: 0 | O42: 0 | P42: 0 | Q42: 0 | R42: 0 | S42: 0 | T42: 0 | U42: 0 | V42: 0 | W42: 0 | X42: 0 | Y42: 0 | Z42: 0 | AA42: =SUM(C42:Z42) -> 0 | AB42: 0 | AC42: =+AA42*AB42 -> 0
A43: 46661 | B43: Hábil | C43: 58210 | D43: 53420 | E43: 49970 | F43: 47542 | G43: 46859 | H43: 46860 | I43: 48892 | J43: 44399 | K43: 49837 | L43: 52119 | M43: 54635 | N43: 54761 | O43: 47135 | P43: 61009 | Q43: 76514 | R43: 81095 | S43: 80420 | T43: 71943 | U43: 71231 | V43: 68030 | W43: 66275 | X43: 64119 | Y43: 58857 | Z43: 52312 | AA43: =SUM(C43:Z43) -> 1406444 | AB43: 20 | AC43: =+AA43*AB43 -> 28128880 | AD43: =+SUM(AC43:AC46) -> 40797963
B44: Sábado | C44: 55954 | D44: 51152 | E44: 47750 | F44: 45050 | G44: 43962 | H44: 42485 | I44: 44114 | J44: 38220 | K44: 43716 | L44: 45987 | M44: 47484 | N44: 47609 | O44: 43794 | P44: 48578 | Q44: 57358 | R44: 61498 | S44: 62414 | T44: 59754 | U44: 63614 | V44: 60992 | W44: 58681 | X44: 56071 | Y44: 52877 | Z44: 48783 | AA44: =SUM(C44:Z44) -> 1227897 | AB44: 5 | AC44: =+AA44*AB44 -> 6139485
B45: Domingo | C45: 58247 | D45: 53857 | E45: 50470 | F45: 47625 | G45: 45728 | H45: 42975 | I45: 42913 | J45: 30266 | K45: 28324 | L45: 27700 | M45: 26783 | N45: 27514 | O45: 28172 | P45: 33598 | Q45: 41226 | R45: 47690 | S45: 50259 | T45: 51760 | U45: 57335 | V45: 58307 | W45: 58769 | X45: 58587 | Y45: 54893 | Z45: 49784 | AA45: =SUM(C45:Z45) -> 1072782 | AB45: 5 | AC45: =+AA45*AB45 -> 5363910
B46: Festivo | C46: 56858 | D46: 52411 | E46: 49328 | F46: 47226 | G46: 46194 | H46: 43123 | I46: 42806 | J46: 34030 | K46: 34774 | L46: 36172 | M46: 36585 | N46: 35270 | O46: 36527 | P46: 42697 | Q46: 51830 | R46: 55904 | S46: 57302 | T46: 56474 | U46: 61365 | V46: 62144 | W46: 62099 | X46: 60215 | Y46: 55170 | Z46: 49184 | AA46: =SUM(C46:Z46) -> 1165688 | AB46: 1 | AC46: =+AA46*AB46 -> 1165688
A47: 46692 | B47: Hábil | C47: 58304 | D47: 53636 | E47: 50379 | F47: 48262 | G47: 48067 | H47: 48874 | I47: 51980 | J47: 47902 | K47: 53014 | L47: 54784 | M47: 56956 | N47: 57012 | O47: 49168 | P47: 61640 | Q47: 76470 | R47: 82344 | S47: 82246 | T47: 75560 | U47: 74743 | V47: 70746 | W47: 68613 | X47: 65270 | Y47: 59492 | Z47: 52633 | AA47: =SUM(C47:Z47) -> 1448095 | AB47: 20 | AC47: =+AA47*AB47 -> 28961900 | AD47: =+SUM(AC47:AC50) -> 41250458
B48: Sábado | C48: 59830 | D48: 55183 | E48: 51798 | F48: 49225 | G48: 48173 | H48: 47056 | I48: 49097 | J48: 44324 | K48: 50219 | L48: 53051 | M48: 53804 | N48: 53659 | O48: 48690 | P48: 53238 | Q48: 61435 | R48: 65404 | S48: 66035 | T48: 64234 | U48: 66871 | V48: 63888 | W48: 60921 | X48: 57476 | Y48: 54243 | Z48: 49962 | AA48: =SUM(C48:Z48) -> 1327816 | AB48: 4 | AC48: =+AA48*AB48 -> 5311264
B49: Domingo | C49: 57871 | D49: 53642 | E49: 50598 | F49: 47955 | G49: 46327 | H49: 44251 | I49: 44536 | J49: 33652 | K49: 33301 | L49: 32947 | M49: 33202 | N49: 33206 | O49: 34087 | P49: 38900 | Q49: 45927 | R49: 50422 | S49: 52662 | T49: 55712 | U49: 59726 | V49: 59701 | W49: 58651 | X49: 57296 | Y49: 54179 | Z49: 49224 | AA49: =SUM(C49:Z49) -> 1127975 | AB49: 4 | AC49: =+AA49*AB49 -> 4511900
B50: Festivo | C50: 57080 | D50: 52567 | E50: 49359 | F50: 47107 | G50: 46248 | H50: 44393 | I50: 44667 | J50: 36134 | K50: 37323 | L50: 39119 | M50: 40664 | N50: 41491 | O50: 41062 | P50: 47935 | Q50: 55276 | R50: 59708 | S50: 61363 | T50: 62586 | U50: 66563 | V50: 66230 | W50: 64825 | X50: 62302 | Y50: 57257 | Z50: 51438 | AA50: =SUM(C50:Z50) -> 1232697 | AB50: 2 | AC50: =+AA50*AB50 -> 2465394
A51: 46722 | B51: Hábil | C51: 82618 | D51: 78058 | E51: 74897 | F51: 72583 | G51: 71818 | H51: 71893 | I51: 73029 | J51: 67503 | K51: 71701 | L51: 73527 | M51: 75013 | N51: 75128 | O51: 69394 | P51: 78877 | Q51: 92753 | R51: 98667 | S51: 99752 | T51: 93755 | U51: 96004 | V51: 92632 | W51: 89601 | X51: 87039 | Y51: 83068 | Z51: 77754 | AA51: =SUM(C51:Z51) -> 1947064 | AB51: 22 | AC51: =+AA51*AB51 -> 42835408 | AD51: =+SUM(AC51:AC54) -> 58412086
B52: Sábado | C52: 84911 | D52: 79956 | E52: 76391 | F52: 73703 | G52: 72411 | H52: 72014 | I52: 72497 | J52: 64701 | K52: 68235 | L52: 69484 | M52: 70601 | N52: 70503 | O52: 68325 | P52: 73969 | Q52: 82894 | R52: 87792 | S52: 88884 | T52: 88341 | U52: 94069 | V52: 92382 | W52: 88325 | X52: 84587 | Y52: 81320 | Z52: 77471 | AA52: =SUM(C52:Z52) -> 1883766 | AB52: 3 | AC52: =+AA52*AB52 -> 5651298
B53: Domingo | C53: 86476 | D53: 81848 | E53: 78312 | F53: 75597 | G53: 73915 | H53: 70783 | I53: 69801 | J53: 57964 | K53: 56870 | L53: 56501 | M53: 56062 | N53: 56134 | O53: 56158 | P53: 61364 | Q53: 69263 | R53: 76121 | S53: 78747 | T53: 81481 | U53: 88450 | V53: 87489 | W53: 84798 | X53: 81723 | Y53: 77630 | Z53: 73302 | AA53: =SUM(C53:Z53) -> 1736789 | AB53: 4 | AC53: =+AA53*AB53 -> 6947156
B54: Festivo | C54: 71529 | D54: 68985 | E54: 66981 | F54: 65032 | G54: 63812 | H54: 62507 | I54: 60999 | J54: 49101 | K54: 47286 | L54: 46675 | M54: 46015 | N54: 45480 | O54: 46237 | P54: 51874 | Q54: 58828 | R54: 64118 | S54: 66874 | T54: 68981 | U54: 75935 | V54: 76699 | W54: 75115 | X54: 73472 | Y54: 70579 | Z54: 65998 | AA54: =SUM(C54:Z54) -> 1489112 | AB54: 2 | AC54: =+AA54*AB54 -> 2978224
AD55: =SUM(AD7:AD51) -> 600000000

Sheet OF P3
C1: * La energia a ofertar debe ser expresada únicamente en kilovatio (kWh) redondeado a cero decimales
C4: OFERTA PRODUCTO 3
C5: MES | D5: ENERGIA SOLICITADA (KWh) | E5: % | F5: ENERGIA OFERTADA (kWh) | G5: PRECIO $/kWh
C6: 47119 | D6: =+VLOOKUP(C6,'CURVA P3'!$A$4:$AD$55,30,FALSE) -> 35518721 | E6: % | G6: $/kWh
C7: 47150 | D7: =+VLOOKUP(C7,'CURVA P3'!$A$4:$AD$55,30,FALSE) -> 36348972
C8: 47178 | D8: =+VLOOKUP(C8,'CURVA P3'!$A$4:$AD$55,30,FALSE) -> 35276623
C9: 47209 | D9: =+VLOOKUP(C9,'CURVA P3'!$A$4:$AD$55,30,FALSE) -> 36873376
C10: 47239 | D10: =+VLOOKUP(C10,'CURVA P3'!$A$4:$AD$55,30,FALSE) -> 37561812
C11: 47270 | D11: =+VLOOKUP(C11,'CURVA P3'!$A$4:$AD$55,30,FALSE) -> 37699759
C12: 47300 | D12: =+VLOOKUP(C12,'CURVA P3'!$A$4:$AD$55,30,FALSE) -> 36474141
C13: 47331 | D13: =+VLOOKUP(C13,'CURVA P3'!$A$4:$AD$55,30,FALSE) -> 38473209
C14: 47362 | D14: =+VLOOKUP(C14,'CURVA P3'!$A$4:$AD$55,30,FALSE) -> 39738570
C15: 47392 | D15: =+VLOOKUP(C15,'CURVA P3'!$A$4:$AD$55,30,FALSE) -> 39458444
C16: 47423 | D16: =+VLOOKUP(C16,'CURVA P3'!$A$4:$AD$55,30,FALSE) -> 38831644
C17: 47453 | D17: =+VLOOKUP(C17,'CURVA P3'!$A$4:$AD$55,30,FALSE) -> 37744620
D18: =SUM(D6:D17) -> 449999891
D20: =D18/1000000 -> 449.99989

Sheet CURVA P3
A1: Curva de distribucion en kWh
A2: * La energia a ofertar debe ser expresada únicamente en kilovatio (kWh) redondeado a cero decimales
A4: TOTAL | C4: =+AD55 -> 449999891
A5: MES | B5: DÍA | C5: HORA 01 | D5: HORA 02 | E5: HORA 03 | F5: HORA 04 | G5: HORA 05 | H5: HORA 06 | I5: HORA 07 | J5: HORA 08 | K5: HORA 09 | L5: HORA 10 | M5: HORA 11 | N5: HORA 12 | O5: HORA 13 | P5: HORA 14 | Q5: HORA 15 | R5: HORA 16 | S5: HORA 17 | T5: HORA 18 | U5: HORA 19 | V5: HORA 20 | W5: HORA 21 | X5: HORA 22 | Y5: HORA 23 | Z5: HORA 24 | AA5: TOTAL DÍA | AB5: NUMERO DÍAS | AC5: TOTAL DÍA MES | AD5: TOTAL MES
A7: 47119 | B7: Hábil | C7: 50154 | D7: 47788 | E7: 45877 | F7: 44471 | G7: 44029 | H7: 44876 | I7: 45134 | J7: 37592 | K7: 34432 | L7: 33203 | M7: 33457 | N7: 32560 | O7: 30670 | P7: 38846 | Q7: 51262 | R7: 59962 | S7: 63396 | T7: 66763 | U7: 69031 | V7: 68225 | W7: 67179 | X7: 65502 | Y7: 62083 | Z7: 57545 | AA7: =SUM(C7:Z7) -> 1194037 | AB7: 21 | AC7: =+AA7*AB7 -> 25074777 | AD7: =+SUM(AC7:AC10) -> 35518721
B8: Sábado | C8: 51381 | D8: 48762 | E8: 46634 | F8: 45065 | G8: 44426 | H8: 44704 | I8: 44423 | J8: 36262 | K8: 33097 | L8: 31785 | M8: 31562 | N8: 30251 | O8: 29682 | P8: 34775 | Q8: 44022 | R8: 51991 | S8: 55454 | T8: 61627 | U8: 66350 | V8: 66044 | W8: 64343 | X8: 62632 | Y8: 60271 | Z8: 57031 | AA8: =SUM(C8:Z8) -> 1142574 | AB8: 4 | AC8: =+AA8*AB8 -> 4570296
B9: Domingo | C9: 50763 | D9: 48315 | E9: 46247 | F9: 44617 | G9: 43688 | H9: 43230 | I9: 42034 | J9: 30888 | K9: 24341 | L9: 21734 | M9: 20160 | N9: 18746 | O9: 20688 | P9: 25360 | Q9: 33649 | R9: 42158 | S9: 46772 | T9: 54889 | U9: 60551 | V9: 62142 | W9: 61944 | X9: 61125 | Y9: 58480 | Z9: 54724 | AA9: =SUM(C9:Z9) -> 1017245 | AB9: 4 | AC9: =+AA9*AB9 -> 4068980
B10: Festivo | C10: 43553 | D10: 42366 | E10: 41321 | F10: 40257 | G10: 39708 | H10: 39240 | I10: 37596 | J10: 25997 | K10: 18966 | L10: 16332 | M10: 15204 | N10: 13788 | O10: 15806 | P10: 20738 | Q10: 28832 | R10: 37086 | S10: 41329 | T10: 50896 | U10: 57023 | V10: 58145 | W10: 57506 | X10: 56176 | Y10: 53768 | Z10: 50701 | AA10: =SUM(C10:Z10) -> 902334 | AB10: 2 | AC10: =+AA10*AB10 -> 1804668
A11: 47150 | B11: Hábil | C11: 55198 | D11: 52302 | E11: 50261 | F11: 48890 | G11: 48838 | H11: 51213 | I11: 52324 | J11: 45162 | K11: 41585 | L11: 40084 | M11: 40381 | N11: 38251 | O11: 34461 | P11: 44806 | Q11: 58856 | R11: 68309 | S11: 71805 | T11: 73581 | U11: 74749 | V11: 74640 | W11: 73728 | X11: 71702 | Y11: 67316 | Z11: 61940 | AA11: =SUM(C11:Z11) -> 1340382 | AB11: 20 | AC11: =+AA11*AB11 -> 26807640 | AD11: =+SUM(AC11:AC14) -> 36348972
B12: Sábado | C12: 53808 | D12: 51030 | E12: 49055 | F12: 47696 | G12: 47241 | H12: 48010 | I12: 48819 | J12: 41784 | K12: 38959 | L12: 37613 | M12: 37346 | N12: 35570 | O12: 33874 | P12: 38804 | Q12: 48787 | R12: 57342 | S12: 60920 | T12: 66159 | U12: 70387 | V12: 70846 | W12: 69084 | X12: 67187 | Y12: 64713 | Z12: 61178 | AA12: =SUM(C12:Z12) -> 1246212 | AB12: 4 | AC12: =+AA12*AB12 -> 4984848
B13: Domingo | C13: 54924 | D13: 51970 | E13: 49913 | F13: 48264 | G13: 47345 | H13: 47065 | I13: 46287 | J13: 35528 | K13: 28569 | L13: 26074 | M13: 24690 | N13: 23387 | O13: 25425 | P13: 30133 | Q13: 39164 | R13: 48482 | S13: 53554 | T13: 60659 | U13: 65897 | V13: 68628 | W13: 69003 | X13: 68507 | Y13: 65161 | Z13: 60492 | AA13: =SUM(C13:Z13) -> 1139121 | AB13: 4 | AC13: =+AA13*AB13 -> 4556484
B14: Festivo | C14: 0 | D14: 0 | E14: 0 | F14: 0 | G14: 0 | H14: 0 | I14: 0 | J14: 0 | K14: 0 | L14: 0 | M14: 0 | N14: 0 | O14: 0 | P14: 0 | Q14: 0 | R14: 0 | S14: 0 | T14: 0 | U14: 0 | V14: 0 | W14: 0 | X14: 0 | Y14: 0 | Z14: 0 | AA14: =SUM(C14:Z14) -> 0 | AB14: 0 | AC14: =+AA14*AB14 -> 0
A15: 47178 | B15: Hábil | C15: 50134 | D15: 47415 | E15: 45532 | F15: 44172 | G15: 44022 | H15: 45588 | I15: 45812 | J15: 38487 | K15: 34923 | L15: 33134 | M15: 33074 | N15: 31299 | O15: 28418 | P15: 37877 | Q15: 50783 | R15: 59452 | S15: 63055 | T15: 66051 | U15: 67591 | V15: 67508 | W15: 66809 | X15: 65230 | Y15: 61653 | Z15: 56971 | AA15: =SUM(C15:Z15) -> 1184990 | AB15: 19 | AC15: =+AA15*AB15 -> 22514810 | AD15: =+SUM(AC15:AC18) -> 35276623
B16: Sábado | C16: 51471 | D16: 48621 | E16: 46600 | F16: 44983 | G16: 44268 | H16: 44409 | I16: 44583 | J16: 37474 | K16: 34225 | L16: 32538 | M16: 32221 | N16: 30220 | O16: 28760 | P16: 33678 | Q16: 43013 | R16: 51114 | S16: 54779 | T16: 60923 | U16: 64978 | V16: 65284 | W16: 63893 | X16: 62497 | Y16: 60562 | Z16: 57615 | AA16: =SUM(C16:Z16) -> 1138709 | AB16: 5 | AC16: =+AA16*AB16 -> 5693545
B17: Domingo | C17: 51682 | D17: 48943 | E17: 46991 | F17: 45408 | G17: 44461 | H17: 43851 | I17: 42533 | J17: 31576 | K17: 24842 | L17: 21822 | M17: 19878 | N17: 18678 | O17: 20697 | P17: 25447 | Q17: 34150 | R17: 42731 | S17: 47475 | T17: 55424 | U17: 60331 | V17: 62844 | W17: 63410 | X17: 63152 | Y17: 60241 | Z17: 56193 | AA17: =SUM(C17:Z17) -> 1032760 | AB17: 4 | AC17: =+AA17*AB17 -> 4131040
B18: Festivo | C18: 45538 | D18: 42783 | E18: 41011 | F18: 39805 | G18: 39204 | H18: 39069 | I18: 38726 | J18: 29558 | K18: 24107 | L18: 22248 | M18: 21793 | N18: 20608 | O18: 20986 | P18: 26338 | Q18: 34603 | R18: 42363 | S18: 46231 | T18: 53679 | U18: 59212 | V18: 61627 | W18: 61570 | X18: 60142 | Y18: 56103 | Z18: 51772 | AA18: =SUM(C18:Z18) -> 979076 | AB18: 3 | AC18: =+AA18*AB18 -> 2937228
A19: 47209 | B19: Hábil | C19: 52624 | D19: 49762 | E19: 47803 | F19: 46426 | G19: 46276 | H19: 46990 | I19: 47643 | J19: 41310 | K19: 38641 | L19: 37380 | M19: 37874 | N19: 36444 | O19: 32996 | P19: 42772 | Q19: 56423 | R19: 65058 | S19: 68191 | T19: 70116 | U19: 71314 | V19: 70975 | W19: 70435 | X19: 68715 | Y19: 64887 | Z19: 59842 | AA19: =SUM(C19:Z19) -> 1270897 | AB19: 21 | AC19: =+AA19*AB19 -> 26688837 | AD19: =+SUM(AC19:AC22) -> 36873376
B20: Sábado | C20: 53363 | D20: 50494 | E20: 48400 | F20: 46811 | G20: 46156 | H20: 45369 | I20: 46001 | J20: 38987 | K20: 36468 | L20: 35324 | M20: 35125 | N20: 33663 | O20: 32494 | P20: 37675 | Q20: 47270 | R20: 55268 | S20: 58449 | T20: 63774 | U20: 67494 | V20: 67043 | W20: 65569 | X20: 63959 | Y20: 61780 | Z20: 58780 | AA20: =SUM(C20:Z20) -> 1195716 | AB20: 4 | AC20: =+AA20*AB20 -> 4782864
B21: Domingo | C21: 53513 | D21: 50527 | E21: 48353 | F21: 46618 | G21: 45620 | H21: 44247 | I21: 43565 | J21: 33225 | K21: 26622 | L21: 23953 | M21: 22657 | N21: 21811 | O21: 23777 | P21: 28684 | Q21: 37576 | R21: 46183 | S21: 50625 | T21: 57675 | U21: 62536 | V21: 64532 | W21: 64524 | X21: 64309 | Y21: 61677 | Z21: 57526 | AA21: =SUM(C21:Z21) -> 1080335 | AB21: 5 | AC21: =+AA21*AB21 -> 5401675
B22: Festivo | C22: 0 | D22: 0 | E22: 0 | F22: 0 | G22: 0 | H22: 0 | I22: 0 | J22: 0 | K22: 0 | L22: 0 | M22: 0 | N22: 0 | O22: 0 | P22: 0 | Q22: 0 | R22: 0 | S22: 0 | T22: 0 | U22: 0 | V22: 0 | W22: 0 | X22: 0 | Y22: 0 | Z22: 0 | AA22: =SUM(C22:Z22) -> 0 | AB22: 0 | AC22: =+AA22*AB22 -> 0
A23: 47239 | B23: Hábil | C23: 52865 | D23: 50150 | E23: 48149 | F23: 46748 | G23: 46384 | H23: 46070 | I23: 46993 | J23: 40907 | K23: 38758 | L23: 37722 | M23: 38047 | N23: 36433 | O23: 33122 | P23: 42656 | Q23: 55955 | R23: 64043 | S23: 66924 | T23: 68622 | U23: 69538 | V23: 69608 | W23: 69395 | X23: 68003 | Y23: 64412 | Z23: 59662 | AA23: =SUM(C23:Z23) -> 1261166 | AB23: 21 | AC23: =+AA23*AB23 -> 26484486 | AD23: =+SUM(AC23:AC26) -> 37561812
B24: Sábado | C24: 54854 | D24: 51777 | E24: 49518 | F24: 47769 | G24: 47054 | H24: 45626 | I24: 46378 | J24: 39471 | K24: 37435 | L24: 36609 | M24: 36433 | N24: 34498 | O24: 32956 | P24: 37891 | Q24: 46951 | R24: 54829 | S24: 57831 | T24: 62330 | U24: 65844 | V24: 66351 | W24: 65145 | X24: 63910 | Y24: 61941 | Z24: 58998 | AA24: =SUM(C24:Z24) -> 1202399 | AB24: 4 | AC24: =+AA24*AB24 -> 4809596
B25: Domingo | C25: 53211 | D25: 50568 | E25: 48560 | F25: 46894 | G25: 45828 | H25: 43662 | I25: 43567 | J25: 33028 | K25: 26544 | L25: 23863 | M25: 22707 | N25: 21241 | O25: 22367 | P25: 26811 | Q25: 35735 | R25: 43948 | S25: 48390 | T25: 55492 | U25: 60216 | V25: 62468 | W25: 62929 | X25: 63028 | Y25: 60890 | Z25: 57184 | AA25: =SUM(C25:Z25) -> 1059131 | AB25: 4 | AC25: =+AA25*AB25 -> 4236524
B26: Festivo | C26: 47603 | D26: 45004 | E26: 43156 | F26: 41811 | G26: 41194 | H26: 39752 | I26: 40060 | J26: 30579 | K26: 24963 | L26: 23103 | M26: 22704 | N26: 21593 | O26: 22375 | P26: 27579 | Q26: 36420 | R26: 44509 | S26: 48299 | T26: 54653 | U26: 59583 | V26: 62332 | W26: 62648 | X26: 61935 | Y26: 58889 | Z26: 54859 | AA26: =SUM(C26:Z26) -> 1015603 | AB26: 2 | AC26: =+AA26*AB26 -> 2031206
A27: 47270 | B27: Hábil | C27: 54665 | D27: 51758 | E27: 49617 | F27: 48149 | G27: 47770 | H27: 47270 | I27: 48809 | J27: 43216 | K27: 41180 | L27: 39985 | M27: 40258 | N27: 38862 | O27: 35021 | P27: 44464 | Q27: 57779 | R27: 66230 | S27: 69449 | T27: 71240 | U27: 71578 | V27: 72133 | W27: 71505 | X27: 69832 | Y27: 66295 | Z27: 61541 | AA27: =SUM(C27:Z27) -> 1308606 | AB27: 19 | AC27: =+AA27*AB27 -> 24863514 | AD27: =+SUM(AC27:AC30) -> 37699759
B28: Sábado | C28: 55573 | D28: 52747 | E28: 50604 | F28: 49017 | G28: 48468 | H28: 47090 | I28: 48437 | J28: 41785 | K28: 39485 | L28: 38351 | M28: 38216 | N28: 36385 | O28: 34563 | P28: 38934 | Q28: 48723 | R28: 57047 | S28: 60306 | T28: 65493 | U28: 68347 | V28: 69169 | W28: 67701 | X28: 66179 | Y28: 64102 | Z28: 61163 | AA28: =SUM(C28:Z28) -> 1247885 | AB28: 5 | AC28: =+AA28*AB28 -> 6239425
B29: Domingo | C29: 55196 | D29: 52484 | E29: 50467 | F29: 48836 | G29: 47866 | H29: 45755 | I29: 45590 | J29: 35270 | K29: 28156 | L29: 25889 | M29: 23818 | N29: 22230 | O29: 23870 | P29: 28395 | Q29: 37085 | R29: 45563 | S29: 50541 | T29: 57628 | U29: 62134 | V29: 65493 | W29: 65768 | X29: 65623 | Y29: 63697 | Z29: 60318 | AA29: =SUM(C29:Z29) -> 1107672 | AB29: 4 | AC29: =+AA29*AB29 -> 4430688
B30: Festivo | C30: 50144 | D30: 47520 | E30: 45709 | F30: 44259 | G30: 43719 | H30: 42173 | I30: 42504 | J30: 33624 | K30: 28567 | L30: 27083 | M30: 26844 | N30: 25565 | O30: 26019 | P30: 30974 | Q30: 39516 | R30: 47232 | S30: 50843 | T30: 57268 | U30: 61570 | V30: 65297 | W30: 65065 | X30: 63977 | Y30: 60887 | Z30: 56707 | AA30: =SUM(C30:Z30) -> 1083066 | AB30: 2 | AC30: =+AA30*AB30 -> 2166132
A31: 47300 | B31: Hábil | C31: 52126 | D31: 49312 | E31: 47293 | F31: 45746 | G31: 45271 | H31: 45240 | I31: 46342 | J31: 40061 | K31: 37812 | L31: 36630 | M31: 36864 | N31: 34905 | O31: 30951 | P31: 40275 | Q31: 53343 | R31: 61689 | S31: 64564 | T31: 67016 | U31: 66952 | V31: 68412 | W31: 68159 | X31: 66901 | Y31: 63637 | Z31: 59148 | AA31: =SUM(C31:Z31) -> 1228649 | AB31: 20 | AC31: =+AA31*AB31 -> 24572980 | AD31: =+SUM(AC31:AC34) -> 36474141
B32: Sábado | C32: 51547 | D32: 48837 | E32: 46953 | F32: 45433 | G32: 44852 | H32: 43830 | I32: 44650 | J32: 37772 | K32: 35163 | L32: 34025 | M32: 33481 | N32: 32080 | O32: 30509 | P32: 35347 | Q32: 44904 | R32: 52526 | S32: 55564 | T32: 60944 | U32: 63896 | V32: 65750 | W32: 64327 | X32: 63039 | Y32: 61408 | Z32: 58819 | AA32: =SUM(C32:Z32) -> 1155656 | AB32: 4 | AC32: =+AA32*AB32 -> 4622624
B33: Domingo | C33: 52894 | D33: 50092 | E33: 48011 | F33: 46459 | G33: 45424 | H33: 43657 | I33: 43252 | J33: 32108 | K33: 25482 | L33: 22668 | M33: 20960 | N33: 19104 | O33: 21000 | P33: 25595 | Q33: 33857 | R33: 42600 | S33: 46998 | T33: 55148 | U33: 58829 | V33: 62370 | W33: 62929 | X33: 62882 | Y33: 60745 | Z33: 57377 | AA33: =SUM(C33:Z33) -> 1040441 | AB33: 5 | AC33: =+AA33*AB33 -> 5202205
B34: Festivo | C34: 49582 | D34: 46874 | E34: 44857 | F34: 43543 | G34: 42897 | H34: 41699 | I34: 41781 | J34: 32352 | K34: 27035 | L34: 24944 | M34: 23960 | N34: 22229 | O34: 22186 | P34: 27677 | Q34: 36522 | R34: 44820 | S34: 48658 | T34: 55364 | U34: 59036 | V34: 62982 | W34: 62919 | X34: 62020 | Y34: 59172 | Z34: 55057 | AA34: =SUM(C34:Z34) -> 1038166 | AB34: 2 | AC34: =+AA34*AB34 -> 2076332
A35: 47331 | B35: Hábil | C35: 54379 | D35: 51530 | E35: 49371 | F35: 47740 | G35: 47191 | H35: 47178 | I35: 47841 | J35: 41806 | K35: 39380 | L35: 38619 | M35: 38998 | N35: 37426 | O35: 33611 | P35: 43649 | Q35: 57300 | R35: 65574 | S35: 68507 | T35: 69374 | U35: 69782 | V35: 70382 | W35: 70327 | X35: 69269 | Y35: 65831 | Z35: 61320 | AA35: =SUM(C35:Z35) -> 1286385 | AB35: 21 | AC35: =+AA35*AB35 -> 27014085 | AD35: =+SUM(AC35:AC38) -> 38473209
B36: Sábado | C36: 57274 | D36: 54210 | E36: 51847 | F36: 50019 | G36: 49052 | H36: 47893 | I36: 48314 | J36: 41806 | K36: 39241 | L36: 38436 | M36: 37827 | N36: 36928 | O36: 34826 | P36: 40055 | Q36: 49492 | R36: 57285 | S36: 60527 | T36: 64237 | U36: 67706 | V36: 68191 | W36: 66706 | X36: 65965 | Y36: 64494 | Z36: 61718 | AA36: =SUM(C36:Z36) -> 1254049 | AB36: 4 | AC36: =+AA36*AB36 -> 5016196
B37: Domingo | C37: 56017 | D37: 53110 | E37: 50799 | F37: 49019 | G37: 47689 | H37: 45394 | I37: 44476 | J37: 34189 | K37: 27345 | L37: 24109 | M37: 22795 | N37: 20582 | O37: 22553 | P37: 28181 | Q37: 36481 | R37: 45092 | S37: 48676 | T37: 55064 | U37: 59764 | V37: 62375 | W37: 63056 | X37: 63311 | Y37: 61387 | Z37: 57870 | AA37: =SUM(C37:Z37) -> 1079334 | AB37: 4 | AC37: =+AA37*AB37 -> 4317336
B38: Festivo | C38: 49254 | D38: 46867 | E38: 44964 | F38: 43672 | G38: 43052 | H38: 41860 | I38: 41494 | J38: 32203 | K38: 26958 | L38: 25669 | M38: 25265 | N38: 24385 | O38: 25079 | P38: 30213 | Q38: 39007 | R38: 47579 | S38: 51168 | T38: 56141 | U38: 60875 | V38: 63372 | W38: 63240 | X38: 63249 | Y38: 60618 | Z38: 56612 | AA38: =SUM(C38:Z38) -> 1062796 | AB38: 2 | AC38: =+AA38*AB38 -> 2125592
A39: 47362 | B39: Hábil | C39: 57531 | D39: 54368 | E39: 52027 | F39: 50225 | G39: 49581 | H39: 49430 | I39: 50344 | J39: 44781 | K39: 42635 | L39: 42034 | M39: 42636 | N39: 41093 | O39: 37447 | P39: 48039 | Q39: 61677 | R39: 69963 | S39: 72375 | T39: 73489 | U39: 74557 | V39: 73402 | W39: 73142 | X39: 72169 | Y39: 68725 | Z39: 63732 | AA39: =SUM(C39:Z39) -> 1365402 | AB39: 20 | AC39: =+AA39*AB39 -> 27308040 | AD39: =+SUM(AC39:AC42) -> 39738570
B40: Sábado | C40: 58657 | D40: 55742 | E40: 53433 | F40: 51482 | G40: 50549 | H40: 49227 | I40: 49968 | J40: 44042 | K40: 42022 | L40: 41026 | M40: 41350 | N40: 39951 | O40: 38221 | P40: 43669 | Q40: 53461 | R40: 61195 | S40: 63901 | T40: 68321 | U40: 72364 | V40: 71294 | W40: 69410 | X40: 68021 | Y40: 66388 | Z40: 63675 | AA40: =SUM(C40:Z40) -> 1317369 | AB40: 5 | AC40: =+AA40*AB40 -> 6586845
B41: Domingo | C41: 58059 | D41: 55231 | E41: 53057 | F41: 51320 | G41: 50137 | H41: 48348 | I41: 47864 | J41: 37416 | K41: 30390 | L41: 27135 | M41: 26021 | N41: 24989 | O41: 26265 | P41: 31796 | Q41: 41189 | R41: 49508 | S41: 53730 | T41: 60114 | U41: 65465 | V41: 66990 | W41: 67864 | X41: 68232 | Y41: 65879 | Z41: 61738 | AA41: =SUM(C41:Z41) -> 1168737 | AB41: 5 | AC41: =+AA41*AB41 -> 5843685
B42: Festivo | C42: 0 | D42: 0 | E42: 0 | F42: 0 | G42: 0 | H42: 0 | I42: 0 | J42: 0 | K42: 0 | L42: 0 | M42: 0 | N42: 0 | O42: 0 | P42: 0 | Q42: 0 | R42: 0 | S42: 0 | T42: 0 | U42: 0 | V42: 0 | W42: 0 | X42: 0 | Y42: 0 | Z42: 0 | AA42: =SUM(C42:Z42) -> 0 | AB42: 0 | AC42: =+AA42*AB42 -> 0
A43: 47392 | B43: Hábil | C43: 54453 | D43: 51553 | E43: 49472 | F43: 48031 | G43: 47609 | H43: 47444 | I43: 48470 | J43: 42782 | K43: 41273 | L43: 40779 | M43: 41497 | N43: 40336 | O43: 36810 | P43: 46834 | Q43: 60234 | R43: 68013 | S43: 70569 | T43: 73989 | U43: 73974 | V43: 71721 | W43: 70460 | X43: 68774 | Y43: 65069 | Z43: 60408 | AA43: =SUM(C43:Z43) -> 1320554 | AB43: 22 | AC43: =+AA43*AB43 -> 29052188 | AD43: =+SUM(AC43:AC46) -> 39458444
B44: Sábado | C44: 53292 | D44: 50417 | E44: 48400 | F44: 46790 | G44: 46129 | H44: 45176 | I44: 45873 | J44: 39246 | K44: 37676 | L44: 37129 | M44: 37348 | N44: 36145 | O44: 34889 | P44: 39421 | Q44: 48708 | R44: 55917 | S44: 59169 | T44: 65648 | U44: 68319 | V44: 66621 | W44: 64946 | X44: 63105 | Y44: 60816 | Z44: 57827 | AA44: =SUM(C44:Z44) -> 1209007 | AB44: 4 | AC44: =+AA44*AB44 -> 4836028
B45: Domingo | C45: 54308 | D45: 51639 | E45: 49616 | F45: 47878 | G45: 46765 | H45: 45104 | I45: 44719 | J45: 33853 | K45: 27309 | L45: 25079 | M45: 23820 | N45: 23028 | O45: 24651 | P45: 29418 | Q45: 37996 | R45: 46842 | S45: 51194 | T45: 59688 | U45: 63699 | V45: 64313 | W45: 64602 | X45: 64356 | Y45: 61864 | Z45: 58214 | AA45: =SUM(C45:Z45) -> 1099955 | AB45: 4 | AC45: =+AA45*AB45 -> 4399820
B46: Festivo | C46: 53623 | D46: 50884 | E46: 48928 | F46: 47482 | G46: 46802 | H46: 44837 | I46: 44558 | J46: 36141 | K46: 31481 | L46: 30483 | M46: 30065 | N46: 28162 | O46: 30028 | P46: 35514 | Q46: 45040 | R46: 52507 | S46: 56152 | T46: 63354 | U46: 67242 | V46: 68299 | W46: 68268 | X46: 67276 | Y46: 63917 | Z46: 59365 | AA46: =SUM(C46:Z46) -> 1170408 | AB46: 1 | AC46: =+AA46*AB46 -> 1170408
A47: 47423 | B47: Hábil | C47: 54272 | D47: 51449 | E47: 49452 | F47: 48159 | G47: 48002 | H47: 48353 | I47: 50021 | J47: 44585 | K47: 42733 | L47: 41880 | M47: 42504 | N47: 41321 | O47: 37656 | P47: 46986 | Q47: 60218 | R47: 68814 | S47: 71753 | T47: 76262 | U47: 76070 | V47: 73402 | W47: 71766 | X47: 69306 | Y47: 65272 | Z47: 60387 | AA47: =SUM(C47:Z47) -> 1340623 | AB47: 20 | AC47: =+AA47*AB47 -> 26812460 | AD47: =+SUM(AC47:AC50) -> 38831644
B48: Sábado | C48: 55309 | D48: 52452 | E48: 50408 | F48: 48790 | G48: 48178 | H48: 47436 | I48: 48391 | J48: 42464 | K48: 41038 | L48: 40882 | M48: 40648 | N48: 39275 | O48: 37443 | P48: 42026 | Q48: 51228 | R48: 58769 | S48: 62082 | T48: 69207 | U48: 71369 | V48: 69364 | W48: 67276 | X48: 64897 | Y48: 62434 | Z48: 59424 | AA48: =SUM(C48:Z48) -> 1270790 | AB48: 4 | AC48: =+AA48*AB48 -> 5083160
B49: Domingo | C49: 54547 | D49: 51896 | E49: 49881 | F49: 48265 | G49: 47265 | H49: 45941 | I49: 45806 | J49: 36017 | K49: 30236 | L49: 27992 | M49: 27399 | N49: 26082 | O49: 27964 | P49: 32526 | Q49: 40901 | R49: 48830 | S49: 53199 | T49: 62688 | U49: 65945 | V49: 66022 | W49: 65405 | X49: 64418 | Y49: 62076 | Z49: 58483 | AA49: =SUM(C49:Z49) -> 1139784 | AB49: 4 | AC49: =+AA49*AB49 -> 4559136
B50: Festivo | C50: 53122 | D50: 50322 | E50: 48475 | F50: 47142 | G50: 46608 | H50: 45506 | I50: 45451 | J50: 37142 | K50: 32433 | L50: 31549 | M50: 31734 | N50: 30924 | O50: 31667 | P50: 37469 | Q50: 46026 | R50: 53805 | S50: 57804 | T50: 66262 | U50: 69379 | V50: 69270 | W50: 68326 | X50: 66536 | Y50: 62875 | Z50: 58617 | AA50: =SUM(C50:Z50) -> 1188444 | AB50: 2 | AC50: =+AA50*AB50 -> 2376888
A51: 47453 | B51: Hábil | C51: 53340 | D51: 50550 | E51: 48612 | F51: 47185 | G51: 46734 | H51: 46788 | I51: 47266 | J51: 40977 | K51: 38667 | L51: 37838 | M51: 38037 | N51: 36830 | O51: 34324 | P51: 41792 | Q51: 54200 | R51: 62696 | S51: 66304 | T51: 70837 | U51: 72843 | V51: 70467 | W51: 68279 | X51: 66280 | Y51: 63304 | Z51: 59429 | AA51: =SUM(C51:Z51) -> 1263579 | AB51: 20 | AC51: =+AA51*AB51 -> 25271580 | AD51: =+SUM(AC51:AC54) -> 37744620
B52: Sábado | C52: 54424 | D52: 51472 | E52: 49281 | F52: 47677 | G52: 46939 | H52: 46702 | I52: 46775 | J52: 39392 | K52: 36710 | L52: 35623 | M52: 35578 | N52: 34249 | O52: 33821 | P52: 38768 | Q52: 48011 | R52: 55788 | S52: 59328 | T52: 66772 | U52: 70881 | V52: 69458 | W52: 66764 | X52: 64344 | Y52: 61965 | Z52: 59176 | AA52: =SUM(C52:Z52) -> 1219898 | AB52: 4 | AC52: =+AA52*AB52 -> 4879592
B53: Domingo | C53: 55035 | D53: 52236 | E53: 50083 | F53: 48460 | G53: 47432 | H53: 45573 | I53: 44740 | J53: 34572 | K53: 28626 | L53: 26605 | M53: 25656 | N53: 24521 | O53: 26168 | P53: 30951 | Q53: 39674 | R53: 48688 | S53: 53141 | T53: 62052 | U53: 67152 | V53: 66668 | W53: 65093 | X53: 63198 | Y53: 60416 | Z53: 57210 | AA53: =SUM(C53:Z53) -> 1123950 | AB53: 5 | AC53: =+AA53*AB53 -> 5619750
B54: Festivo | C54: 47436 | D54: 45973 | E54: 44792 | F54: 43636 | G54: 42858 | H54: 42013 | I54: 40781 | J54: 30459 | K54: 23835 | L54: 21365 | M54: 20147 | N54: 18511 | O54: 20078 | P54: 25072 | Q54: 33206 | R54: 41291 | S54: 45906 | T54: 54450 | U54: 59563 | V54: 60064 | W54: 59051 | X54: 57922 | Y54: 55793 | Z54: 52647 | AA54: =SUM(C54:Z54) -> 986849 | AB54: 2 | AC54: =+AA54*AB54 -> 1973698
AD55: =+SUM(AD7:AD54) -> 449999891

Sheet Producto 4
A1: * La energia a ofertar debe ser expresada únicamente en kilovatio (kWh) redondeado a cero decimales
A3: OFERTA PRODUCTO 4
A4: AÑO | B4: DIAS DE SUMINISTRO | C4: ENERGIA DIARIA SOLICITADA (kWh-DIA) | D4: % | E4: ENERGIA OFERTADA (kWh) | F4: PRECIO $/kWh
A5: 2026 | B5: 365 | C5: =C27 -> 49999890 | D5: % | F5: $/kWh | I5: =C5/1000000 -> 49.99989
A6: 2027 | B6: 365 | C6: =C39 -> 49999890 | F6: $/kWh | I6: =C6/1000000 -> 49.99989
A7: 2028 | B7: 366 | C7: =C51 -> 49999626 | F7: $/kWh | I7: =C7/1000000 -> 49.999626
A8: 2029 | B8: 365 | C8: =C63 -> 49999890 | F8: $/kWh | I8: =C8/1000000 -> 49.99989
A9: 2030 | B9: 365 | C9: =C75 -> 49999890 | F9: $/kWh | I9: =C9/1000000 -> 49.99989
A10: 2031 | B10: 365 | C10: =C87 -> 49999890 | F10: $/kWh | I10: =C10/1000000 -> 49.99989
A11: 2032 | B11: 366 | C11: =C99 -> 49999626 | F11: $/kWh | I11: =C11/1000000 -> 49.999626
A12: 2033 | B12: 365 | C12: =C111 -> 49999890 | F12: $/kWh | I12: =C12/1000000 -> 49.99989
A13: 2034 | B13: 365 | C13: =C123 -> 49999890 | F13: $/kWh | I13: =C13/1000000 -> 49.99989
A14: 2035 | B14: 365 | C14: =C135 -> 49999890 | F14: $/kWh | I14: =C14/1000000 -> 49.99989
A15: 2036 | B15: 366 | C15: =C147 -> 49999626 | F15: $/kWh | I15: =C15/1000000 -> 49.999626
A16: 2037 | B16: 365 | C16: =C159 -> 49999890 | F16: $/kWh | I16: =C15/1000000 -> 49.999626
A17: 2038 | B17: 365 | C17: =C171 -> 49999890 | F17: $/kWh | I17: =C17/1000000 -> 49.99989
A18: 2039 | B18: 365 | C18: =C183 -> 49999890 | F18: $/kWh | I18: =C18/1000000 -> 49.99989
A19: 2040 | B19: 366 | C19: =C195 -> 49999626 | F19: $/kWh
C20: =SUM(C5:C19) -> 749997294
A22: * La energia a ofertar debe ser expresada únicamente en kilovatio (kWh) redondeado a cero decimales
A25: OFERTA PRODUCTO 4
A26: MES | B26: ENERGIA SOLICITADA (kWh) | C26: TOTAL ENERGIA | D26: % | E26: ENERGIA OFERTADA (KWh) | F26: PRECIO $/kWh
A27: 46023 | B27: =+VLOOKUP(A27,'CURVA P4'!$A$4:$QX$55,30,FALSE) -> 4246566 | C27: =SUM(B27:B38) -> 49999890 | D27: % | F27: $/kWh
A28: 46054 | B28: =+VLOOKUP(A28,'CURVA P4'!$A$4:$QX$55,30,FALSE) -> 3835608
A29: 46082 | B29: =+VLOOKUP(A29,'CURVA P4'!$A$4:$QX$55,30,FALSE) -> 4246566
A30: 46113 | B30: =+VLOOKUP(A30,'CURVA P4'!$A$4:$QX$55,30,FALSE) -> 4109580
A31: 46143 | B31: =+VLOOKUP(A31,'CURVA P4'!$A$4:$QX$55,30,FALSE) -> 4246566
A32: 46174 | B32: =+VLOOKUP(A32,'CURVA P4'!$A$4:$QX$55,30,FALSE) -> 4109580
A33: 46204 | B33: =+VLOOKUP(A33,'CURVA P4'!$A$4:$QX$55,30,FALSE) -> 4246566
A34: 46235 | B34: =+VLOOKUP(A34,'CURVA P4'!$A$4:$QX$55,30,FALSE) -> 4246566
A35: 46266 | B35: =+VLOOKUP(A35,'CURVA P4'!$A$4:$QX$55,30,FALSE) -> 4109580
A36: 46296 | B36: =+VLOOKUP(A36,'CURVA P4'!$A$4:$QX$55,30,FALSE) -> 4246566
A37: 46327 | B37: =+VLOOKUP(A37,'CURVA P4'!$A$4:$QX$55,30,FALSE) -> 4109580
A38: 46357 | B38: =+VLOOKUP(A38,'CURVA P4'!$A$4:$QX$55,30,FALSE) -> 4246566
A39: 46388 | B39: =+VLOOKUP(A39,'CURVA P4'!$AF$4:$QX$55,30,FALSE) -> 4246566 | C39: =SUM(B39:B50) -> 49999890 | F39: $/kWh
A40: 46419 | B40: =+VLOOKUP(A40,'CURVA P4'!$AF$4:$QX$55,30,FALSE) -> 3835608
A41: 46447 | B41: =+VLOOKUP(A41,'CURVA P4'!$AF$4:$QX$55,30,FALSE) -> 4246566
A42: 46478 | B42: =+VLOOKUP(A42,'CURVA P4'!$AF$4:$QX$55,30,FALSE) -> 4109580
A43: 46508 | B43: =+VLOOKUP(A43,'CURVA P4'!$AF$4:$QX$55,30,FALSE) -> 4246566
A44: 46539 | B44: =+VLOOKUP(A44,'CURVA P4'!$AF$4:$QX$55,30,FALSE) -> 4109580
A45: 46569 | B45: =+VLOOKUP(A45,'CURVA P4'!$AF$4:$QX$55,30,FALSE) -> 4246566
A46: 46600 | B46: =+VLOOKUP(A46,'CURVA P4'!$AF$4:$QX$55,30,FALSE) -> 4246566
A47: 46631 | B47: =+VLOOKUP(A47,'CURVA P4'!$AF$4:$QX$55,30,FALSE) -> 4109580
A48: 46661 | B48: =+VLOOKUP(A48,'CURVA P4'!$AF$4:$QX$55,30,FALSE) -> 4246566
A49: 46692 | B49: =+VLOOKUP(A49,'CURVA P4'!$AF$4:$QX$55,30,FALSE) -> 4109580
A50: 46722 | B50: =+VLOOKUP(A50,'CURVA P4'!$AF$4:$QX$55,30,FALSE) -> 4246566
A51: 46753 | B51: =+VLOOKUP(A51,'CURVA P4'!$BK$4:$QX$55,30,FALSE) -> 4234941 | C51: =SUM(B51:B62) -> 49999626 | F51: $/kWh
A52: 46784 | B52: =+VLOOKUP(A52,'CURVA P4'!$BK$4:$QX$55,30,FALSE) -> 3961719
A53: 46813 | B53: =+VLOOKUP(A53,'CURVA P4'!$BK$4:$QX$55,30,FALSE) -> 4234941
A54: 46844 | B54: =+VLOOKUP(A54,'CURVA P4'!$BK$4:$QX$55,30,FALSE) -> 4098330
A55: 46874 | B55: =+VLOOKUP(A55,'CURVA P4'!$BK$4:$QX$55,30,FALSE) -> 4234941
A56: 46905 | B56: =+VLOOKUP(A56,'CURVA P4'!$BK$4:$QX$55,30,FALSE) -> 4098330
A57: 46935 | B57: =+VLOOKUP(A57,'CURVA P4'!$BK$4:$QX$55,30,FALSE) -> 4234941
A58: 46966 | B58: =+VLOOKUP(A58,'CURVA P4'!$BK$4:$QX$55,30,FALSE) -> 4234941
A59: 46997 | B59: =+VLOOKUP(A59,'CURVA P4'!$BK$4:$QX$55,30,FALSE) -> 4098330
A60: 47027 | B60: =+VLOOKUP(A60,'CURVA P4'!$BK$4:$QX$55,30,FALSE) -> 4234941
A61: 47058 | B61: =+VLOOKUP(A61,'CURVA P4'!$BK$4:$QX$55,30,FALSE) -> 4098330
A62: 47088 | B62: =+VLOOKUP(A62,'CURVA P4'!$BK$4:$QX$55,30,FALSE) -> 4234941
A63: 47119 | B63: =+VLOOKUP(A63,'CURVA P4'!$CP$4:$QX$55,30,FALSE) -> 4246566 | C63: =SUM(B63:B74) -> 49999890 | F63: $/kWh
A64: 47150 | B64: =+VLOOKUP(A64,'CURVA P4'!$CP$4:$QX$55,30,FALSE) -> 3835608
A65: 47178 | B65: =+VLOOKUP(A65,'CURVA P4'!$CP$4:$QX$55,30,FALSE) -> 4246566
A66: 47209 | B66: =+VLOOKUP(A66,'CURVA P4'!$CP$4:$QX$55,30,FALSE) -> 4109580
A67: 47239 | B67: =+VLOOKUP(A67,'CURVA P4'!$CP$4:$QX$55,30,FALSE) -> 4246566
A68: 47270 | B68: =+VLOOKUP(A68,'CURVA P4'!$CP$4:$QX$55,30,FALSE) -> 4109580
A69: 47300 | B69: =+VLOOKUP(A69,'CURVA P4'!$CP$4:$QX$55,30,FALSE) -> 4246566
A70: 47331 | B70: =+VLOOKUP(A70,'CURVA P4'!$CP$4:$QX$55,30,FALSE) -> 4246566
A71: 47362 | B71: =+VLOOKUP(A71,'CURVA P4'!$CP$4:$QX$55,30,FALSE) -> 4109580
A72: 47392 | B72: =+VLOOKUP(A72,'CURVA P4'!$CP$4:$QX$55,30,FALSE) -> 4246566
A73: 47423 | B73: =+VLOOKUP(A73,'CURVA P4'!$CP$4:$QX$55,30,FALSE) -> 4109580
A74: 47453 | B74: =+VLOOKUP(A74,'CURVA P4'!$CP$4:$QX$55,30,FALSE) -> 4246566
A75: 47484 | B75: =+VLOOKUP(A75,'CURVA P4'!$DV$4:$QX$55,30,FALSE) -> 4246566 | C75: =SUM(B75:B86) -> 49999890 | F75: $/kWh
A76: 47515 | B76: =+VLOOKUP(A76,'CURVA P4'!$DV$4:$QX$55,30,FALSE) -> 3835608
A77: 47543 | B77: =+VLOOKUP(A77,'CURVA P4'!$DV$4:$QX$55,30,FALSE) -> 4246566
A78: 47574 | B78: =+VLOOKUP(A78,'CURVA P4'!$DV$4:$QX$55,30,FALSE) -> 4109580
A79: 47604 | B79: =+VLOOKUP(A79,'CURVA P4'!$DV$4:$QX$55,30,FALSE) -> 4246566
A80: 47635 | B80: =+VLOOKUP(A80,'CURVA P4'!$DV$4:$QX$55,30,FALSE) -> 4109580
A81: 47665 | B81: =+VLOOKUP(A81,'CURVA P4'!$DV$4:$QX$55,30,FALSE) -> 4246566
A82: 47696 | B82: =+VLOOKUP(A82,'CURVA P4'!$DV$4:$QX$55,30,FALSE) -> 4246566
A83: 47727 | B83: =+VLOOKUP(A83,'CURVA P4'!$DV$4:$QX$55,30,FALSE) -> 4109580
A84: 47757 | B84: =+VLOOKUP(A84,'CURVA P4'!$DV$4:$QX$55,30,FALSE) -> 4246566
A85: 47788 | B85: =+VLOOKUP(A85,'CURVA P4'!$DV$4:$QX$55,30,FALSE) -> 4109580
A86: 47818 | B86: =+VLOOKUP(A86,'CURVA P4'!$DV$4:$QX$55,30,FALSE) -> 4246566
A87: 47849 | B87: =+VLOOKUP(A87,'CURVA P4'!$FB$4:$QX$55,30,FALSE) -> 4246566 | C87: =SUM(B87:B98) -> 49999890 | F87: $/kWh
A88: 47880 | B88: =+VLOOKUP(A88,'CURVA P4'!$FB$4:$QX$55,30,FALSE) -> 3835608
A89: 47908 | B89: =+VLOOKUP(A89,'CURVA P4'!$FB$4:$QX$55,30,FALSE) -> 4246566
A90: 47939 | B90: =+VLOOKUP(A90,'CURVA P4'!$FB$4:$QX$55,30,FALSE) -> 4109580
A91: 47969 | B91: =+VLOOKUP(A91,'CURVA P4'!$FB$4:$QX$55,30,FALSE) -> 4246566
A92: 48000 | B92: =+VLOOKUP(A92,'CURVA P4'!$FB$4:$QX$55,30,FALSE) -> 4109580
A93: 48030 | B93: =+VLOOKUP(A93,'CURVA P4'!$FB$4:$QX$55,30,FALSE) -> 4246566
A94: 48061 | B94: =+VLOOKUP(A94,'CURVA P4'!$FB$4:$QX$55,30,FALSE) -> 4246566
A95: 48092 | B95: =+VLOOKUP(A95,'CURVA P4'!$FB$4:$QX$55,30,FALSE) -> 4109580
A96: 48122 | B96: =+VLOOKUP(A96,'CURVA P4'!$FB$4:$QX$55,30,FALSE) -> 4246566
A97: 48153 | B97: =+VLOOKUP(A97,'CURVA P4'!$FB$4:$QX$55,30,FALSE) -> 4109580
A98: 48183 | B98: =+VLOOKUP(A98,'CURVA P4'!$FB$4:$QX$55,30,FALSE) -> 4246566
A99: 48214 | B99: =+VLOOKUP(A99,'CURVA P4'!$GG$4:$QX$55,30,FALSE) -> 4234941 | C99: =SUM(B99:B110) -> 49999626 | F99: $/kWh
A100: 48245 | B100: =+VLOOKUP(A100,'CURVA P4'!$GG$4:$QX$55,30,FALSE) -> 3961719
A101: 48274 | B101: =+VLOOKUP(A101,'CURVA P4'!$GG$4:$QX$55,30,FALSE) -> 4234941
A102: 48305 | B102: =+VLOOKUP(A102,'CURVA P4'!$GG$4:$QX$55,30,FALSE) -> 4098330
A103: 48335 | B103: =+VLOOKUP(A103,'CURVA P4'!$GG$4:$QX$55,30,FALSE) -> 4234941
A104: 48366 | B104: =+VLOOKUP(A104,'CURVA P4'!$GG$4:$QX$55,30,FALSE) -> 4098330
...

Sheet CURVA P4
A1: Curva de distribucion en kWh | AF1: Curva de distribucion en kWh | BK1: Curva de distribucion en kWh | CP1: Curva de distribucion en kWh | DV1: Curva de distribucion en kWh | FB1: Curva de distribucion en kWh | GG1: Curva de distribucion en kWh | HL1: Curva de distribucion en kWh | IQ1: Curva de distribucion en kWh | JV1: Curva de distribucion en kWh | LA1: Curva de distribucion en kWh | MF1: Curva de distribucion en kWh | NK1: Curva de distribucion en kWh | OP1: Curva de distribucion en kWh | PU1: Curva de distribucion en kWh
A2: * La energia a ofertar debe ser expresada únicamente en kilovatio (kWh) redondeado a cero decimales | AF2: * La energia a ofertar debe ser expresada únicamente en kilovatio (kWh) redondeado a cero decimales | BK2: * La energia a ofertar debe ser expresada únicamente en kilovatio (kWh) redondeado a cero decimales | CP2: * La energia a ofertar debe ser expresada únicamente en kilovatio (kWh) redondeado a cero decimales | DV2: * La energia a ofertar debe ser expresada únicamente en kilovatio (kWh) redondeado a cero decimales | FB2: * La energia a ofertar debe ser expresada únicamente en kilovatio (kWh) redondeado a cero decimales | GG2: * La energia a ofertar debe ser expresada únicamente en kilovatio (kWh) redondeado a cero decimales | HL2: * La energia a ofertar debe ser expresada únicamente en kilovatio (kWh) redondeado a cero decimales | IQ2: * La energia a ofertar debe ser expresada únicamente en kilovatio (kWh) redondeado a cero decimales | JV2: * La energia a ofertar debe ser expresada únicamente en kilovatio (kWh) redondeado a cero decimales | LA2: * La energia a ofertar debe ser expresada únicamente en kilovatio (kWh) redondeado a cero decimales | MF2: * La energia a ofertar debe ser expresada únicamente en kilovatio (kWh) redondeado a cero decimales | NK2: * La energia a ofertar debe ser expresada únicamente en kilovatio (kWh) redondeado a cero decimales | OP2: * La energia a ofertar debe ser expresada únicamente en kilovatio (kWh) redondeado a cero decimales | PU2: * La energia a ofertar debe ser expresada únicamente en kilovatio (kWh) redondeado a cero decimales
A4: TOTAL | C4: =+AD55 -> 49999890 | AF4: TOTAL | AH4: =+BI55 -> 49999890 | BI4: 100000000 | BK4: TOTAL | BM4: =+CN55 -> 49999626 | CN4: 100000000 | CP4: TOTAL | CR4: =+DS55 -> 49999890 | DS4: 100000000 | DV4: TOTAL | DX4: =+EY55 -> 49999890 | EY4: 100000000 | FB4: TOTAL | FD4: =+GE55 -> 49999890 | GE4: 100000000 | GG4: TOTAL | GI4: =+HJ55 -> 49999626 | HJ4: 100000000 | HL4: TOTAL | HN4: =+IO55 -> 49999890 | IO4: 100000000 | IQ4: TOTAL | IS4: =+JT55 -> 49999890 | JT4: 100000000 | JV4: TOTAL | JX4: =+KY55 -> 49999890 | KY4: 100000000 | LA4: TOTAL | LC4: =+MD55 -> 49999626 | MD4: 100000000 | MF4: TOTAL | MH4: =+NI55 -> 49999890 | NK4: TOTAL | NM4: =+ON55 -> 49999890 | OP4: TOTAL | OR4: =+PS55 -> 49999890 | PS4: 100000000 | PU4: TOTAL | PW4: =+QX55 -> 49999626 | QX4: 100000000
A5: MES | B5: DÍA | C5: HORA 01 | D5: HORA 02 | E5: HORA 03 | F5: HORA 04 | G5: HORA 05 | H5: HORA 06 | I5: HORA 07 | J5: HORA 08 | K5: HORA 09 | L5: HORA 10 | M5: HORA 11 | N5: HORA 12 | O5: HORA 13 | P5: HORA 14 | Q5: HORA 15 | R5: HORA 16 | S5: HORA 17 | T5: HORA 18 | U5: HORA 19 | V5: HORA 20 | W5: HORA 21 | X5: HORA 22 | Y5: HORA 23 | Z5: HORA 24 | AA5: TOTAL DÍA | AB5: NUMERO DÍAS | AC5: TOTAL DÍA MES | AD5: TOTAL MES | AF5: MES | AG5: DÍA | AH5: HORA 01 | AI5: HORA 02 | AJ5: HORA 03 | AK5: HORA 04 | AL5: HORA 05 | AM5: HORA 06 | AN5: HORA 07 | AO5: HORA 08 | AP5: HORA 09 | AQ5: HORA 10 | AR5: HORA 11 | AS5: HORA 12 | AT5: HORA 13 | AU5: HORA 14 | AV5: HORA 15 | AW5: HORA 16 | AX5: HORA 17 | AY5: HORA 18 | AZ5: HORA 19 | BA5: HORA 20 | BB5: HORA 21 | BC5: HORA 22 | BD5: HORA 23 | BE5: HORA 24 | BF5: TOTAL DÍA | BG5: NUMERO DÍAS | BH5: TOTAL DÍA MES | BI5: TOTAL MES | BK5: MES | BL5: DÍA | BM5: HORA 01 | BN5: HORA 02 | BO5: HORA 03 | BP5: HORA 04 | BQ5: HORA 05 | BR5: HORA 06 | BS5: HORA 07 | BT5: HORA 08 | BU5: HORA 09 | BV5: HORA 10 | BW5: HORA 11 | BX5: HORA 12 | BY5: HORA 13 | BZ5: HORA 14 | CA5: HORA 15 | CB5: HORA 16 | CC5: HORA 17 | CD5: HORA 18 | CE5: HORA 19 | CF5: HORA 20 | CG5: HORA 21 | CH5: HORA 22 | CI5: HORA 23 | CJ5: HORA 24 | CK5: TOTAL DÍA | CL5: NUMERO DÍAS | CM5: TOTAL DÍA MES | CN5: TOTAL MES | CP5: MES | CQ5: DÍA | CR5: HORA 01 | CS5: HORA 02 | CT5: HORA 03 | CU5: HORA 04 | CV5: HORA 05 | CW5: HORA 06 | CX5: HORA 07 | CY5: HORA 08 | CZ5: HORA 09 | DA5: HORA 10 | DB5: HORA 11 | DC5: HORA 12 | DD5: HORA 13 | DE5: HORA 14 | DF5: HORA 15 | DG5: HORA 16 | DH5: HORA 17 | DI5: HORA 18 | DJ5: HORA 19 | DK5: HORA 20 | DL5: HORA 21 | DM5: HORA 22 | DN5: HORA 23 | DO5: HORA 24 | DP5: TOTAL DÍA | DQ5: NUMERO DÍAS | DR5: TOTAL DÍA MES | DS5: TOTAL MES | DV5: MES | DW5: DÍA | DX5: HORA 01 | DY5: HORA 02 | DZ5: HORA 03 | EA5: HORA 04 | EB5: HORA 05 | EC5: HORA 06 | ED5: HORA 07 | EE5: HORA 08 | EF5: HORA 09 | EG5: HORA 10 | EH5: HORA 11 | EI5: HORA 12 | EJ5: HORA 13 | EK5: HORA 14 | EL5: HORA 15 | EM5: HORA 16 | EN5: HORA 17 | EO5: HORA 18 | EP5: HORA 19 | EQ5: HORA 20 | ER5: HORA 21 | ES5: HORA 22 | ET5: HORA 23 | EU5: HORA 24 | EV5: TOTAL DÍA | EW5: NUMERO DÍAS | EX5: TOTAL DÍA MES | EY5: TOTAL MES | FB5: MES | FC5: DÍA | FD5: HORA 01 | FE5: HORA 02 | FF5: HORA 03 | FG5: HORA 04 | FH5: HORA 05 | FI5: HORA 06 | FJ5: HORA 07 | FK5: HORA 08 | FL5: HORA 09 | FM5: HORA 10 | FN5: HORA 11 | FO5: HORA 12 | FP5: HORA 13 | FQ5: HORA 14 | FR5: HORA 15 | FS5: HORA 16 | FT5: HORA 17 | FU5: HORA 18 | FV5: HORA 19 | FW5: HORA 20 | FX5: HORA 21 | FY5: HORA 22 | FZ5: HORA 23 | GA5: HORA 24 | GB5: TOTAL DÍA | GC5: NUMERO DÍAS | GD5: TOTAL DÍA MES | GE5: TOTAL MES | GG5: MES | GH5: DÍA | GI5: HORA 01 | GJ5: HORA 02 | GK5: HORA 03 | GL5: HORA 04 | GM5: HORA 05 | GN5: HORA 06 | GO5: HORA 07 | GP5: HORA 08 | GQ5: HORA 09 | GR5: HORA 10 | GS5: HORA 11 | GT5: HORA 12 | GU5: HORA 13 | GV5: HORA 14 | GW5: HORA 15 | GX5: HORA 16 | GY5: HORA 17 | GZ5: HORA 18 | HA5: HORA 19 | HB5: HORA 20 | HC5: HORA 21 | HD5: HORA 22 | HE5: HORA 23 | HF5: HORA 24 | HG5: TOTAL DÍA | HH5: NUMERO DÍAS | HI5: TOTAL DÍA MES | HJ5: TOTAL MES | HL5: MES | HM5: DÍA | HN5: HORA 01 | HO5: HORA 02 | HP5: HORA 03 | HQ5: HORA 04 | HR5: HORA 05 | HS5: HORA 06 | HT5: HORA 07 | HU5: HORA 08 | HV5: HORA 09 | HW5: HORA 10 | HX5: HORA 11 | HY5: HORA 12 | HZ5: HORA 13 | IA5: HORA 14 | IB5: HORA 15 | IC5: HORA 16 | ID5: HORA 17 | IE5: HORA 18 | IF5: HORA 19 | IG5: HORA 20 | IH5: HORA 21 | II5: HORA 22 | IJ5: HORA 23 | IK5: HORA 24 | IL5: TOTAL DÍA | IM5: NUMERO DÍAS | IN5: TOTAL DÍA MES | IO5: TOTAL MES | IQ5: MES | IR5: DÍA | IS5: HORA 01 | IT5: HORA 02 | IU5: HORA 03 | IV5: HORA 04 | IW5: HORA 05 | IX5: HORA 06 | IY5: HORA 07 | IZ5: HORA 08 | JA5: HORA 09 | JB5: HORA 10 | JC5: HORA 11 | JD5: HORA 12 | JE5: HORA 13 | JF5: HORA 14 | JG5: HORA 15 | JH5: HORA 16 | JI5: HORA 17 | JJ5: HORA 18 | JK5: HORA 19 | JL5: HORA 20 | JM5: HORA 21 | JN5: HORA 22 | JO5: HORA 23 | JP5: HORA 24 | JQ5: TOTAL DÍA | JR5: NUMERO DÍAS | JS5: TOTAL DÍA MES | JT5: TOTAL MES | JV5: MES | JW5: DÍA | JX5: HORA 01 | JY5: HORA 02 | JZ5: HORA 03 | KA5: HORA 04 | KB5: HORA 05 | KC5: HORA 06 | KD5: HORA 07 | KE5: HORA 08 | KF5: HORA 09 | KG5: HORA 10 | KH5: HORA 11 | KI5: HORA 12 | KJ5: HORA 13 | KK5: HORA 14 | KL5: HORA 15 | KM5: HORA 16 | KN5: HORA 17 | KO5: HORA 18 | KP5: HORA 19 | KQ5: HORA 20 | KR5: HORA 21 | KS5: HORA 22 | KT5: HORA 23 | KU5: HORA 24 | KV5: TOTAL DÍA | KW5: NUMERO DÍAS | KX5: TOTAL DÍA MES | KY5: TOTAL MES | LA5: MES | LB5: DÍA | LC5: HORA 01 | LD5: HORA 02 | LE5: HORA 03 | LF5: HORA 04 | LG5: HORA 05 | LH5: HORA 06 | LI5: HORA 07 | LJ5: HORA 08 | LK5: HORA 09 | LL5: HORA 10 | LM5: HORA 11 | LN5: HORA 12 | LO5: HORA 13 | LP5: HORA 14 | LQ5: HORA 15 | LR5: HORA 16 | LS5: HORA 17 | LT5: HORA 18 | LU5: HORA 19 | LV5: HORA 20 | LW5: HORA 21 | LX5: HORA 22 | LY5: HORA 23 | LZ5: HORA 24 | MA5: TOTAL DÍA | MB5: NUMERO DÍAS | MC5: TOTAL DÍA MES | MD5: TOTAL MES | MF5: MES | MG5: DÍA | MH5: HORA 01 | MI5: HORA 02 | MJ5: HORA 03 | MK5: HORA 04 | ML5: HORA 05 | MM5: HORA 06 | MN5: HORA 07 | MO5: HORA 08 | MP5: HORA 09 | MQ5: HORA 10 | MR5: HORA 11 | MS5: HORA 12 | MT5: HORA 13 | MU5: HORA 14 | MV5: HORA 15 | MW5: HORA 16 | MX5: HORA 17 | MY5: HORA 18 | MZ5: HORA 19 | NA5: HORA 20 | NB5: HORA 21 | NC5: HORA 22 | ND5: HORA 23 | NE5: HORA 24 | NF5: TOTAL DÍA | NG5: NUMERO DÍAS | NH5: TOTAL DÍA MES | NI5: TOTAL MES | NK5: MES | NL5: DÍA | NM5: HORA 01 | NN5: HORA 02 | NO5: HORA 03 | NP5: HORA 04 | NQ5: HORA 05 | NR5: HORA 06 | NS5: HORA 07 | NT5: HORA 08 | NU5: HORA 09 | NV5: HORA 10 | NW5: HORA 11 | NX5: HORA 12 | NY5: HORA 13 | NZ5: HORA 14 | OA5: HORA 15 | OB5: HORA 16 | OC5: HORA 17 | OD5: HORA 18 | OE5: HORA 19 | OF5: HORA 20 | OG5: HORA 21 | OH5: HORA 22 | OI5: HORA 23 | OJ5: HORA 24 | OK5: TOTAL DÍA | OL5: NUMERO DÍAS | OM5: TOTAL DÍA MES | ON5: TOTAL MES | OP5: MES | OQ5: DÍA | OR5: HORA 01 | OS5: HORA 02 | OT5: HORA 03 | OU5: HORA 04 | OV5: HORA 05 | OW5: HORA 06 | OX5: HORA 07 | OY5: HORA 08 | OZ5: HORA 09 | PA5: HORA 10 | PB5: HORA 11 | PC5: HORA 12 | PD5: HORA 13 | PE5: HORA 14 | PF5: HORA 15 | PG5: HORA 16 | PH5: HORA 17 | PI5: HORA 18 | PJ5: HORA 19 | PK5: HORA 20 | PL5: HORA 21 | PM5: HORA 22 | PN5: HORA 23 | PO5: HORA 24 | PP5: TOTAL DÍA | PQ5: NUMERO DÍAS | PR5: TOTAL DÍA MES | PS5: TOTAL MES | PU5: MES | PV5: DÍA | PW5: HORA 01 | PX5: HORA 02 | PY5: HORA 03 | PZ5: HORA 04 | QA5: HORA 05 | QB5: HORA 06 | QC5: HORA 07 | QD5: HORA 08 | QE5: HORA 09 | QF5: HORA 10 | QG5: HORA 11 | QH5: HORA 12 | QI5: HORA 13 | QJ5: HORA 14 | QK5: HORA 15 | QL5: HORA 16 | QM5: HORA 17 | QN5: HORA 18 | QO5: HORA 19 | QP5: HORA 20 | QQ5: HORA 21 | QR5: HORA 22 | QS5: HORA 23 | QT5: HORA 24 | QU5: TOTAL DÍA | QV5: NUMERO DÍAS | QW5: TOTAL DÍA MES | QX5: TOTAL MES
A7: 46023 | B7: Hábil | I7: 1370 | J7: 5479 | K7: 10959 | L7: 16438 | M7: 20548 | N7: 23288 | O7: 23288 | P7: 17808 | Q7: 10959 | R7: 5479 | S7: 1370 | AA7: =+SUM(C7:Z7) -> 136986 | AB7: 20 | AC7: =+AA7*AB7 -> 2739720 | AD7: =+SUM(AC7:AC10) -> 4246566 | AF7: 46388 | AG7: Hábil | AN7: 1370 | AO7: 5479 | AP7: 10959 | AQ7: 16438 | AR7: 20548 | AS7: 23288 | AT7: 23288 | AU7: 17808 | AV7: 10959 | AW7: 5479 | AX7: 1370 | BF7: =+SUM(AH7:BE7) -> 136986 | BG7: 19 | BH7: =+BG7*BF7 -> 2602734 | BI7: =+SUM(BH7:BH10) -> 4246566 | BK7: 46753 | BL7: Hábil | BS7: 1366 | BT7: 5464 | BU7: 10929 | BV7: 16393 | BW7: 20492 | BX7: 23224 | BY7: 23224 | BZ7: 17760 | CA7: 10929 | CB7: 5464 | CC7: 1366 | CK7: =+SUM(BM7:CJ7) -> 136611 | CL7: 20 | CM7: =+CL7*CK7 -> 2732220 | CN7: =+SUM(CM7:CM10) -> 4234941 | CP7: 47119 | CQ7: Hábil | CX7: 1370 | CY7: 5479 | CZ7: 10959 | DA7: 16438 | DB7: 20548 | DC7: 23288 | DD7: 23288 | DE7: 17808 | DF7: 10959 | DG7: 5479 | DH7: 1370 | DP7: =+SUM(CR7:DO7) -> 136986 | DQ7: 21 | DR7: =+DQ7*DP7 -> 2876706 | DS7: =+SUM(DR7:DR10) -> 4246566 | DV7: 47484 | DW7: Hábil | ED7: 1370 | EE7: 5479 | EF7: 10959 | EG7: 16438 | EH7: 20548 | EI7: 23288 | EJ7: 23288 | EK7: 17808 | EL7: 10959 | EM7: 5479 | EN7: 1370 | EV7: =+SUM(DX7:EU7) -> 136986 | EW7: 21 | EX7: =+EW7*EV7 -> 2876706 | EY7: =+SUM(EX7:EX10) -> 4246566 | FB7: 47849 | FC7: Hábil | FJ7: 1370 | FK7: 5479 | FL7: 10959 | FM7: 16438 | FN7: 20548 | FO7: 23288 | FP7: 23288 | FQ7: 17808 | FR7: 10959 | FS7: 5479 | FT7: 1370 | GB7: =+SUM(FD7:GA7) -> 136986 | GC7: 21 | GD7: =+GC7*GB7 -> 2876706 | GE7: =+SUM(GD7:GD10) -> 4246566 | GG7: 48214 | GH7: Hábil | GO7: 1366 | GP7: 5464 | GQ7: 10929 | GR7: 16393 | GS7: 20492 | GT7: 23224 | GU7: 23224 | GV7: 17760 | GW7: 10929 | GX7: 5464 | GY7: 1366 | HG7: =+SUM(GI7:HF7) -> 136611 | HH7: 20 | HI7: =+HH7*HG7 -> 2732220 | HJ7: =+SUM(HI7:HI10) -> 4234941 | HL7: 48580 | HM7: Hábil | HT7: 1370 | HU7: 5479 | HV7: 10959 | HW7: 16438 | HX7: 20548 | HY7: 23288 | HZ7: 23288 | IA7: 17808 | IB7: 10959 | IC7: 5479 | ID7: 1370 | IL7: =+SUM(HN7:IK7) -> 136986 | IM7: 20 | IN7: =+IM7*IL7 -> 2739720 | IO7: =+SUM(IN7:IN10) -> 4246566 | IQ7: 48945 | IR7: Hábil | IY7: 1370 | IZ7: 5479 | JA7: 10959 | JB7: 16438 | JC7: 20548 | JD7: 23288 | JE7: 23288 | JF7: 17808 | JG7: 10959 | JH7: 5479 | JI7: 1370 | JQ7: =+SUM(IS7:JP7) -> 136986 | JR7: 21 | JS7: =+JR7*JQ7 -> 2876706 | JT7: =+SUM(JS7:JS10) -> 4246566 | JV7: 49310 | JW7: Hábil | KE7: 1370 | KF7: 5479 | KG7: 10959 | KH7: 16438 | KI7: 20548 | KJ7: 23288 | KK7: 23288 | KL7: 17808 | KM7: 10959 | KN7: 5479 | KO7: 1370 | KV7: =+SUM(JX7:KU7) -> 136986 | KW7: 21 | KX7: =+KW7*KV7 -> 2876706 | KY7: =+SUM(KX7:KX10) -> 4246566 | LA7: 49675 | LB7: Hábil | LI7: 1366 | LJ7: 5464 | LK7: 10929 | LL7: 16393 | LM7: 20492 | LN7: 23224 | LO7: 23224 | LP7: 17760 | LQ7: 10929 | LR7: 5464 | LS7: 1366 | MA7: =+SUM(LC7:LZ7) -> 136611 | MB7: 21 | MC7: =+MB7*MA7 -> 2868831 | MD7: =+SUM(MC7:MC10) -> 4234941 | MF7: 50041 | MG7: Hábil | MN7: 1370 | MO7: 5479 | MP7: 10959 | MQ7: 16438 | MR7: 20548 | MS7: 23288 | MT7: 23288 | MU7: 17808 | MV7: 10959 | MW7: 5479 | MX7: 1370 | NF7: =+SUM(MH7:NE7) -> 136986 | NG7: 20 | NH7: =+NG7*NF7 -> 2739720 | NI7: =+SUM(NH7:NH10) -> 4246566 | NK7: 50406 | NL7: Hábil | NS7: 1370 | NT7: 5479 | NU7: 10959 | NV7: 16438 | NW7: 20548 | NX7: 23288 | NY7: 23288 | NZ7: 17808 | OA7: 10959 | OB7: 5479 | OC7: 1370 | OK7: =+SUM(NM7:OJ7) -> 136986 | OL7: 19 | OM7: =+OL7*OK7 -> 2602734 | ON7: =+SUM(OM7:OM10) -> 4246566 | OP7: 50771 | OQ7: Hábil | OX7: 1370 | OY7: 5479 | OZ7: 10959 | PA7: 16438 | PB7: 20548 | PC7: 23288 | PD7: 23288 | PE7: 17808 | PF7: 10959 | PG7: 5479 | PH7: 1370 | PP7: =+SUM(OR7:PO7) -> 136986 | PQ7: 20 | PR7: =+PQ7*PP7 -> 2739720 | PS7: =+SUM(PR7:PR10) -> 4246566 | PU7: 51136 | PV7: Hábil | QC7: 1366 | QD7: 5464 | QE7: 10929 | QF7: 16393 | QG7: 20492 | QH7: 23224 | QI7: 23224 | QJ7: 17760 | QK7: 10929 | QL7: 5464 | QM7: 1366 | QU7: =+SUM(PW7:QT7) -> 136611 | QV7: 21 | QW7: =+QV7*QU7 -> 2868831 | QX7: =+SUM(QW7:QW10) -> 4234941
A8: 46024 | B8: Sábado | I8: 1370 | J8: 5479 | K8: 10959 | L8: 16438 | M8: 20548 | N8: 23288 | O8: 23288 | P8: 17808 | Q8: 10959 | R8: 5479 | S8: 1370 | AA8: =+SUM(C8:Z8) -> 136986 | AB8: 5 | AC8: =+AA8*AB8 -> 684930 | AG8: Sábado | AN8: 1370 | AO8: 5479 | AP8: 10959 | AQ8: 16438 | AR8: 20548 | AS8: 23288 | AT8: 23288 | AU8: 17808 | AV8: 10959 | AW8: 5479 | AX8: 1370 | BF8: =+SUM(AH8:BE8) -> 136986 | BG8: 5 | BH8: =+BG8*BF8 -> 684930 | BL8: Sábado | BS8: 1366 | BT8: 5464 | BU8: 10929 | BV8: 16393 | BW8: 20492 | BX8: 23224 | BY8: 23224 | BZ8: 17760 | CA8: 10929 | CB8: 5464 | CC8: 1366 | CK8: =+SUM(BM8:CJ8) -> 136611 | CL8: 4 | CM8: =+CL8*CK8 -> 546444 | CQ8: Sábado | CX8: 1370 | CY8: 5479 | CZ8: 10959 | DA8: 16438 | DB8: 20548 | DC8: 23288 | DD8: 23288 | DE8: 17808 | DF8: 10959 | DG8: 5479 | DH8: 1370 | DP8: =+SUM(CR8:DO8) -> 136986 | DQ8: 4 | DR8: =+DQ8*DP8 -> 547944 | DW8: Sábado | ED8: 1370 | EE8: 5479 | EF8: 10959 | EG8: 16438 | EH8: 20548 | EI8: 23288 | EJ8: 23288 | EK8: 17808 | EL8: 10959 | EM8: 5479 | EN8: 1370 | EV8: =+SUM(DX8:EU8) -> 136986 | EW8: 4 | EX8: =+EW8*EV8 -> 547944 | FC8: Sábado | FJ8: 1370 | FK8: 5479 | FL8: 10959 | FM8: 16438 | FN8: 20548 | FO8: 23288 | FP8: 23288 | FQ8: 17808 | FR8: 10959 | FS8: 5479 | FT8: 1370 | GB8: =+SUM(FD8:GA8) -> 136986 | GC8: 4 | GD8: =+GC8*GB8 -> 547944 | GH8: Sábado | GO8: 1366 | GP8: 5464 | GQ8: 10929 | GR8: 16393 | GS8: 20492 | GT8: 23224 | GU8: 23224 | GV8: 17760 | GW8: 10929 | GX8: 5464 | GY8: 1366 | HG8: =+SUM(GI8:HF8) -> 136611 | HH8: 5 | HI8: =+HH8*HG8 -> 683055 | HM8: Sábado | HT8: 1370 | HU8: 5479 | HV8: 10959 | HW8: 16438 | HX8: 20548 | HY8: 23288 | HZ8: 23288 | IA8: 17808 | IB8: 10959 | IC8: 5479 | ID8: 1370 | IL8: =+SUM(HN8:IK8) -> 136986 | IM8: 4 | IN8: =+IM8*IL8 -> 547944 | IR8: Sábado | IY8: 1370 | IZ8: 5479 | JA8: 10959 | JB8: 16438 | JC8: 20548 | JD8: 23288 | JE8: 23288 | JF8: 17808 | JG8: 10959 | JH8: 5479 | JI8: 1370 | JQ8: =+SUM(IS8:JP8) -> 136986 | JR8: 4 | JS8: =+JR8*JQ8 -> 547944 | JW8: Sábado | KE8: 1370 | KF8: 5479 | KG8: 10959 | KH8: 16438 | KI8: 20548 | KJ8: 23288 | KK8: 23288 | KL8: 17808 | KM8: 10959 | KN8: 5479 | KO8: 1370 | KV8: =+SUM(JX8:KU8) -> 136986 | KW8: 4 | KX8: =+KW8*KV8 -> 547944 | LB8: Sábado | LI8: 1366 | LJ8: 5464 | LK8: 10929 | LL8: 16393 | LM8: 20492 | LN8: 23224 | LO8: 23224 | LP8: 17760 | LQ8: 10929 | LR8: 5464 | LS8: 1366 | MA8: =+SUM(LC8:LZ8) -> 136611 | MB8: 4 | MC8: =+MB8*MA8 -> 546444 | MG8: Sábado | MN8: 1370 | MO8: 5479 | MP8: 10959 | MQ8: 16438 | MR8: 20548 | MS8: 23288 | MT8: 23288 | MU8: 17808 | MV8: 10959 | MW8: 5479 | MX8: 1370 | NF8: =+SUM(MH8:NE8) -> 136986 | NG8: 5 | NH8: =+NG8*NF8 -> 684930 | NL8: Sábado | NS8: 1370 | NT8: 5479 | NU8: 10959 | NV8: 16438 | NW8: 20548 | NX8: 23288 | NY8: 23288 | NZ8: 17808 | OA8: 10959 | OB8: 5479 | OC8: 1370 | OK8: =+SUM(NM8:OJ8) -> 136986 | OL8: 5 | OM8: =+OL8*OK8 -> 684930 | OQ8: Sábado | OX8: 1370 | OY8: 5479 | OZ8: 10959 | PA8: 16438 | PB8: 20548 | PC8: 23288 | PD8: 23288 | PE8: 17808 | PF8: 10959 | PG8: 5479 | PH8: 1370 | PP8: =+SUM(OR8:PO8) -> 136986 | PQ8: 4 | PR8: =+PQ8*PP8 -> 547944 | PV8: Sábado | QC8: 1366 | QD8: 5464 | QE8: 10929 | QF8: 16393 | QG8: 20492 | QH8: 23224 | QI8: 23224 | QJ8: 17760 | QK8: 10929 | QL8: 5464 | QM8: 1366 | QU8: =+SUM(PW8:QT8) -> 136611 | QV8: 4 | QW8: =+QV8*QU8 -> 546444
A9: 46025 | B9: Domingo | I9: 1370 | J9: 5479 | K9: 10959 | L9: 16438 | M9: 20548 | N9: 23288 | O9: 23288 | P9: 17808 | Q9: 10959 | R9: 5479 | S9: 1370 | AA9: =+SUM(C9:Z9) -> 136986 | AB9: 4 | AC9: =+AA9*AB9 -> 547944 | AG9: Domingo | AN9: 1370 | AO9: 5479 | AP9: 10959 | AQ9: 16438 | AR9: 20548 | AS9: 23288 | AT9: 23288 | AU9: 17808 | AV9: 10959 | AW9: 5479 | AX9: 1370 | BF9: =+SUM(AH9:BE9) -> 136986 | BG9: 5 | BH9: =+BG9*BF9 -> 684930 | BL9: Domingo | BS9: 1366 | BT9: 5464 | BU9: 10929 | BV9: 16393 | BW9: 20492 | BX9: 23224 | BY9: 23224 | BZ9: 17760 | CA9: 10929 | CB9: 5464 | CC9: 1366 | CK9: =+SUM(BM9:CJ9) -> 136611 | CL9: 5 | CM9: =+CL9*CK9 -> 683055 | CQ9: Domingo | CX9: 1370 | CY9: 5479 | CZ9: 10959 | DA9: 16438 | DB9: 20548 | DC9: 23288 | DD9: 23288 | DE9: 17808 | DF9: 10959 | DG9: 5479 | DH9: 1370 | DP9: =+SUM(CR9:DO9) -> 136986 | DQ9: 4 | DR9: =+DQ9*DP9 -> 547944 | DW9: Domingo | ED9: 1370 | EE9: 5479 | EF9: 10959 | EG9: 16438 | EH9: 20548 | EI9: 23288 | EJ9: 23288 | EK9: 17808 | EL9: 10959 | EM9: 5479 | EN9: 1370 | EV9: =+SUM(DX9:EU9) -> 136986 | EW9: 4 | EX9: =+EW9*EV9 -> 547944 | FC9: Domingo | FJ9: 1370 | FK9: 5479 | FL9: 10959 | FM9: 16438 | FN9: 20548 | FO9: 23288 | FP9: 23288 | FQ9: 17808 | FR9: 10959 | FS9: 5479 | FT9: 1370 | GB9: =+SUM(FD9:GA9) -> 136986 | GC9: 4 | GD9: =+GC9*GB9 -> 547944 | GH9: Domingo | GO9: 1366 | GP9: 5464 | GQ9: 10929 | GR9: 16393 | GS9: 20492 | GT9: 23224 | GU9: 23224 | GV9: 17760 | GW9: 10929 | GX9: 5464 | GY9: 1366 | HG9: =+SUM(GI9:HF9) -> 136611 | HH9: 4 | HI9: =+HH9*HG9 -> 546444 | HM9: Domingo | HT9: 1370 | HU9: 5479 | HV9: 10959 | HW9: 16438 | HX9: 20548 | HY9: 23288 | HZ9: 23288 | IA9: 17808 | IB9: 10959 | IC9: 5479 | ID9: 1370 | IL9: =+SUM(HN9:IK9) -> 136986 | IM9: 5 | IN9: =+IM9*IL9 -> 684930 | IR9: Domingo | IY9: 1370 | IZ9: 5479 | JA9: 10959 | JB9: 16438 | JC9: 20548 | JD9: 23288 | JE9: 23288 | JF9: 17808 | JG9: 10959 | JH9: 5479 | JI9: 1370 | JQ9: =+SUM(IS9:JP9) -> 136986 | JR9: 4 | JS9: =+JR9*JQ9 -> 547944 | JW9: Domingo | KE9: 1370 | KF9: 5479 | KG9: 10959 | KH9: 16438 | KI9: 20548 | KJ9: 23288 | KK9: 23288 | KL9: 17808 | KM9: 10959 | KN9: 5479 | KO9: 1370 | KV9: =+SUM(JX9:KU9) -> 136986 | KW9: 4 | KX9: =+KW9*KV9 -> 547944 | LB9: Domingo | LI9: 1366 | LJ9: 5464 | LK9: 10929 | LL9: 16393 | LM9: 20492 | LN9: 23224 | LO9: 23224 | LP9: 17760 | LQ9: 10929 | LR9: 5464 | LS9: 1366 | MA9: =+SUM(LC9:LZ9) -> 136611 | MB9: 4 | MC9: =+MB9*MA9 -> 546444 | MG9: Domingo | MN9: 1370 | MO9: 5479 | MP9: 10959 | MQ9: 16438 | MR9: 20548 | MS9: 23288 | MT9: 23288 | MU9: 17808 | MV9: 10959 | MW9: 5479 | MX9: 1370 | NF9: =+SUM(MH9:NE9) -> 136986 | NG9: 4 | NH9: =+NG9*NF9 -> 547944 | NL9: Domingo | NS9: 1370 | NT9: 5479 | NU9: 10959 | NV9: 16438 | NW9: 20548 | NX9: 23288 | NY9: 23288 | NZ9: 17808 | OA9: 10959 | OB9: 5479 | OC9: 1370 | OK9: =+SUM(NM9:OJ9) -> 136986 | OL9: 5 | OM9: =+OL9*OK9 -> 684930 | OQ9: Domingo | OX9: 1370 | OY9: 5479 | OZ9: 10959 | PA9: 16438 | PB9: 20548 | PC9: 23288 | PD9: 23288 | PE9: 17808 | PF9: 10959 | PG9: 5479 | PH9: 1370 | PP9: =+SUM(OR9:PO9) -> 136986 | PQ9: 5 | PR9: =+PQ9*PP9 -> 684930 | PV9: Domingo | QC9: 1366 | QD9: 5464 | QE9: 10929 | QF9: 16393 | QG9: 20492 | QH9: 23224 | QI9: 23224 | QJ9: 17760 | QK9: 10929 | QL9: 5464 | QM9: 1366 | QU9: =+SUM(PW9:QT9) -> 136611 | QV9: 4 | QW9: =+QV9*QU9 -> 546444
A10: 46026 | B10: Festivo | I10: 1370 | J10: 5479 | K10: 10959 | L10: 16438 | M10: 20548 | N10: 23288 | O10: 23288 | P10: 17808 | Q10: 10959 | R10: 5479 | S10: 1370 | AA10: =+SUM(C10:Z10) -> 136986 | AB10: 2 | AC10: =+AA10*AB10 -> 273972 | AG10: Festivo | AN10: 1370 | AO10: 5479 | AP10: 10959 | AQ10: 16438 | AR10: 20548 | AS10: 23288 | AT10: 23288 | AU10: 17808 | AV10: 10959 | AW10: 5479 | AX10: 1370 | BF10: =+SUM(AH10:BE10) -> 136986 | BG10: 2 | BH10: =+BG10*BF10 -> 273972 | BL10: Festivo | BS10: 1366 | BT10: 5464 | BU10: 10929 | BV10: 16393 | BW10: 20492 | BX10: 23224 | BY10: 23224 | BZ10: 17760 | CA10: 10929 | CB10: 5464 | CC10: 1366 | CK10: =+SUM(BM10:CJ10) -> 136611 | CL10: 2 | CM10: =+CL10*CK10 -> 273222 | CQ10: Festivo | CX10: 1370 | CY10: 5479 | CZ10: 10959 | DA10: 16438 | DB10: 20548 | DC10: 23288 | DD10: 23288 | DE10: 17808 | DF10: 10959 | DG10: 5479 | DH10: 1370 | DP10: =+SUM(CR10:DO10) -> 136986 | DQ10: 2 | DR10: =+DQ10*DP10 -> 273972 | DW10: Festivo | ED10: 1370 | EE10: 5479 | EF10: 10959 | EG10: 16438 | EH10: 20548 | EI10: 23288 | EJ10: 23288 | EK10: 17808 | EL10: 10959 | EM10: 5479 | EN10: 1370 | EV10: =+SUM(DX10:EU10) -> 136986 | EW10: 2 | EX10: =+EW10*EV10 -> 273972 | FC10: Festivo | FJ10: 1370 | FK10: 5479 | FL10: 10959 | FM10: 16438 | FN10: 20548 | FO10: 23288 | FP10: 23288 | FQ10: 17808 | FR10: 10959 | FS10: 5479 | FT10: 1370 | GB10: =+SUM(FD10:GA10) -> 136986 | GC10: 2 | GD10: =+GC10*GB10 -> 273972 | GH10: Festivo | GO10: 1366 | GP10: 5464 | GQ10: 10929 | GR10: 16393 | GS10: 20492 | GT10: 23224 | GU10: 23224 | GV10: 17760 | GW10: 10929 | GX10: 5464 | GY10: 1366 | HG10: =+SUM(GI10:HF10) -> 136611 | HH10: 2 | HI10: =+HH10*HG10 -> 273222 | HM10: Festivo | HT10: 1370 | HU10: 5479 | HV10: 10959 | HW10: 16438 | HX10: 20548 | HY10: 23288 | HZ10: 23288 | IA10: 17808 | IB10: 10959 | IC10: 5479 | ID10: 1370 | IL10: =+SUM(HN10:IK10) -> 136986 | IM10: 2 | IN10: =+IM10*IL10 -> 273972 | IR10: Festivo | IY10: 1370 | IZ10: 5479 | JA10: 10959 | JB10: 16438 | JC10: 20548 | JD10: 23288 | JE10: 23288 | JF10: 17808 | JG10: 10959 | JH10: 5479 | JI10: 1370 | JQ10: =+SUM(IS10:JP10) -> 136986 | JR10: 2 | JS10: =+JR10*JQ10 -> 273972 | JW10: Festivo | KE10: 1370 | KF10: 5479 | KG10: 10959 | KH10: 16438 | KI10: 20548 | KJ10: 23288 | KK10: 23288 | KL10: 17808 | KM10: 10959 | KN10: 5479 | KO10: 1370 | KV10: =+SUM(JX10:KU10) -> 136986 | KW10: 2 | KX10: =+KW10*KV10 -> 273972 | LB10: Festivo | LI10: 1366 | LJ10: 5464 | LK10: 10929 | LL10: 16393 | LM10: 20492 | LN10: 23224 | LO10: 23224 | LP10: 17760 | LQ10: 10929 | LR10: 5464 | LS10: 1366 | MA10: =+SUM(LC10:LZ10) -> 136611 | MB10: 2 | MC10: =+MB10*MA10 -> 273222 | MG10: Festivo | MN10: 1370 | MO10: 5479 | MP10: 10959 | MQ10: 16438 | MR10: 20548 | MS10: 23288 | MT10: 23288 | MU10: 17808 | MV10: 10959 | MW10: 5479 | MX10: 1370 | NF10: =+SUM(MH10:NE10) -> 136986 | NG10: 2 | NH10: =+NG10*NF10 -> 273972 | NL10: Festivo | NS10: 1370 | NT10: 5479 | NU10: 10959 | NV10: 16438 | NW10: 20548 | NX10: 23288 | NY10: 23288 | NZ10: 17808 | OA10: 10959 | OB10: 5479 | OC10: 1370 | OK10: =+SUM(NM10:OJ10) -> 136986 | OL10: 2 | OM10: =+OL10*OK10 -> 273972 | OQ10: Festivo | OX10: 1370 | OY10: 5479 | OZ10: 10959 | PA10: 16438 | PB10: 20548 | PC10: 23288 | PD10: 23288 | PE10: 17808 | PF10: 10959 | PG10: 5479 | PH10: 1370 | PP10: =+SUM(OR10:PO10) -> 136986 | PQ10: 2 | PR10: =+PQ10*PP10 -> 273972 | PV10: Festivo | QC10: 1366 | QD10: 5464 | QE10: 10929 | QF10: 16393 | QG10: 20492 | QH10: 23224 | QI10: 23224 | QJ10: 17760 | QK10: 10929 | QL10: 5464 | QM10: 1366 | QU10: =+SUM(PW10:QT10) -> 136611 | QV10: 2 | QW10: =+QV10*QU10 -> 273222
A11: 46054 | B11: Hábil | I11: 1370 | J11: 5479 | K11: 10959 | L11: 16438 | M11: 20548 | N11: 23288 | O11: 23288 | P11: 17808 | Q11: 10959 | R11: 5479 | S11: 1370 | AA11: =+SUM(C11:Z11) -> 136986 | AB11: 20 | AC11: =+AA11*AB11 -> 2739720 | AD11: =+SUM(AC11:AC14) -> 3835608 | AF11: 46419 | AG11: Hábil | AN11: 1370 | AO11: 5479 | AP11: 10959 | AQ11: 16438 | AR11: 20548 | AS11: 23288 | AT11: 23288 | AU11: 17808 | AV11: 10959 | AW11: 5479 | AX11: 1370 | BF11: =+SUM(AH11:BE11) -> 136986 | BG11: 20 | BH11: =+BF11*BG11 -> 2739720 | BI11: =+SUM(BH11:BH14) -> 3835608 | BK11: 46784 | BL11: Hábil | BS11: 1366 | BT11: 5464 | BU11: 10929 | BV11: 16393 | BW11: 20492 | BX11: 23224 | BY11: 23224 | BZ11: 17760 | CA11: 10929 | CB11: 5464 | CC11: 1366 | CK11: =+SUM(BM11:CJ11) -> 136611 | CL11: 21 | CM11: =+CK11*CL11 -> 2868831 | CN11: =+SUM(CM11:CM14) -> 3961719 | CP11: 47150 | CQ11: Hábil | CX11: 1370 | CY11: 5479 | CZ11: 10959 | DA11: 16438 | DB11: 20548 | DC11: 23288 | DD11: 23288 | DE11: 17808 | DF11: 10959 | DG11: 5479 | DH11: 1370 | DP11: =+SUM(CR11:DO11) -> 136986 | DQ11: 20 | DR11: =+DP11*DQ11 -> 2739720 | DS11: =+SUM(DR11:DR14) -> 3835608 | DV11: 47515 | DW11: Hábil | ED11: 1370 | EE11: 5479 | EF11: 10959 | EG11: 16438 | EH11: 20548 | EI11: 23288 | EJ11: 23288 | EK11: 17808 | EL11: 10959 | EM11: 5479 | EN11: 1370 | EV11: =+SUM(DX11:EU11) -> 136986 | EW11: 20 | EX11: =+EV11*EW11 -> 2739720 | EY11: =+SUM(EX11:EX14) -> 3835608 | FB11: 47880 | FC11: Hábil | FJ11: 1370 | FK11: 5479 | FL11: 10959 | FM11: 16438 | FN11: 20548 | FO11: 23288 | FP11: 23288 | FQ11: 17808 | FR11: 10959 | FS11: 5479 | FT11: 1370 | GB11: =+SUM(FD11:GA11) -> 136986 | GC11: 20 | GD11: =+GB11*GC11 -> 2739720 | GE11: =+SUM(GD11:GD14) -> 3835608 | GG11: 48245 | GH11: Hábil | GO11: 1366 | GP11: 5464 | GQ11: 10929 | GR11: 16393 | GS11: 20492 | GT11: 23224 | GU11: 23224 | GV11: 17760 | GW11: 10929 | GX11: 5464 | GY11: 1366 | HG11: =+SUM(GI11:HF11) -> 136611 | HH11: 20 | HI11: =+HG11*HH11 -> 2732220 | HJ11: =+SUM(HI11:HI14) -> 3961719 | HL11: 48611 | HM11: Hábil | HT11: 1370 | HU11: 5479 | HV11: 10959 | HW11: 16438 | HX11: 20548 | HY11: 23288 | HZ11: 23288 | IA11: 17808 | IB11: 10959 | IC11: 5479 | ID11: 1370 | IL11: =+SUM(HN11:IK11) -> 136986 | IM11: 20 | IN11: =+IL11*IM11 -> 2739720 | IO11: =+SUM(IN11:IN14) -> 3835608 | IQ11: 48976 | IR11: Hábil | IY11: 1370 | IZ11: 5479 | JA11: 10959 | JB11: 16438 | JC11: 20548 | JD11: 23288 | JE11: 23288 | JF11: 17808 | JG11: 10959 | JH11: 5479 | JI11: 1370 | JQ11: =+SUM(IS11:JP11) -> 136986 | JR11: 20 | JS11: =+JQ11*JR11 -> 2739720 | JT11: =+SUM(JS11:JS14) -> 3835608 | JV11: 49341 | JW11: Hábil | KE11: 1370 | KF11: 5479 | KG11: 10959 | KH11: 16438 | KI11: 20548 | KJ11: 23288 | KK11: 23288 | KL11: 17808 | KM11: 10959 | KN11: 5479 | KO11: 1370 | KV11: =+SUM(JX11:KU11) -> 136986 | KW11: 20 | KX11: =+KV11*KW11 -> 2739720 | KY11: =+SUM(KX11:KX14) -> 3835608 | LA11: 49706 | LB11: Hábil | LI11: 1366 | LJ11: 5464 | LK11: 10929 | LL11: 16393 | LM11: 20492 | LN11: 23224 | LO11: 23224 | LP11: 17760 | LQ11: 10929 | LR11: 5464 | LS11: 1366 | MA11: =+SUM(LC11:LZ11) -> 136611 | MB11: 21 | MC11: =+MA11*MB11 -> 2868831 | MD11: =+SUM(MC11:MC14) -> 3961719 | MF11: 50072 | MG11: Hábil | MN11: 1370 | MO11: 5479 | MP11: 10959 | MQ11: 16438 | MR11: 20548 | MS11: 23288 | MT11: 23288 | MU11: 17808 | MV11: 10959 | MW11: 5479 | MX11: 1370 | NF11: =+SUM(MH11:NE11) -> 136986 | NG11: 20 | NH11: =+NF11*NG11 -> 2739720 | NI11: =+SUM(NH11:NH14) -> 3835608 | NK11: 50437 | NL11: Hábil | NS11: 1370 | NT11: 5479 | NU11: 10959 | NV11: 16438 | NW11: 20548 | NX11: 23288 | NY11: 23288 | NZ11: 17808 | OA11: 10959 | OB11: 5479 | OC11: 1370 | OK11: =+SUM(NM11:OJ11) -> 136986 | OL11: 20 | OM11: =+OK11*OL11 -> 2739720 | ON11: =+SUM(OM11:OM14) -> 3835608 | OP11: 50802 | OQ11: Hábil | OX11: 1370 | OY11: 5479 | OZ11: 10959 | PA11: 16438 | PB11: 20548 | PC11: 23288 | PD11: 23288 | PE11: 17808 | PF11: 10959 | PG11: 5479 | PH11: 1370 | PP11: =+SUM(OR11:PO11) -> 136986 | PQ11: 20 | PR11: =+PP11*PQ11 -> 2739720 | PS11: =+SUM(PR11:PR14) -> 3835608 | PU11: 51167 | PV11: Hábil | QC11: 1366 | QD11: 5464 | QE11: 10929 | QF11: 16393 | QG11: 20492 | QH11: 23224 | QI11: 23224 | QJ11: 17760 | QK11: 10929 | QL11: 5464 | QM11: 1366 | QU11: =+SUM(PW11:QT11) -> 136611 | QV11: 21 | QW11: =+QU11*QV11 -> 2868831 | QX11: =+SUM(QW11:QW14) -> 3961719
A12: 46055 | B12: Sábado | I12: 1370 | J12: 5479 | K12: 10959 | L12: 16438 | M12: 20548 | N12: 23288 | O12: 23288 | P12: 17808 | Q12: 10959 | R12: 5479 | S12: 1370 | AA12: =+SUM(C12:Z12) -> 136986 | AB12: 4 | AC12: =+AA12*AB12 -> 547944 | AG12: Sábado | AN12: 1370 | AO12: 5479 | AP12: 10959 | AQ12: 16438 | AR12: 20548 | AS12: 23288 | AT12: 23288 | AU12: 17808 | AV12: 10959 | AW12: 5479 | AX12: 1370 | BF12: =+SUM(AH12:BE12) -> 136986 | BG12: 4 | BH12: =+BF12*BG12 -> 547944 | BL12: Sábado | BS12: 1366 | BT12: 5464 | BU12: 10929 | BV12: 16393 | BW12: 20492 | BX12: 23224 | BY12: 23224 | BZ12: 17760 | CA12: 10929 | CB12: 5464 | CC12: 1366 | CK12: =+SUM(BM12:CJ12) -> 136611 | CL12: 4 | CM12: =+CK12*CL12 -> 546444 | CQ12: Sábado | CX12: 1370 | CY12: 5479 | CZ12: 10959 | DA12: 16438 | DB12: 20548 | DC12: 23288 | DD12: 23288 | DE12: 17808 | DF12: 10959 | DG12: 5479 | DH12: 1370 | DP12: =+SUM(CR12:DO12) -> 136986 | DQ12: 4 | DR12: =+DP12*DQ12 -> 547944 | DW12: Sábado | ED12: 1370 | EE12: 5479 | EF12: 10959 | EG12: 16438 | EH12: 20548 | EI12: 23288 | EJ12: 23288 | EK12: 17808 | EL12: 10959 | EM12: 5479 | EN12: 1370 | EV12: =+SUM(DX12:EU12) -> 136986 | EW12: 4 | EX12: =+EV12*EW12 -> 547944 | FC12: Sábado | FJ12: 1370 | FK12: 5479 | FL12: 10959 | FM12: 16438 | FN12: 20548 | FO12: 23288 | FP12: 23288 | FQ12: 17808 | FR12: 10959 | FS12: 5479 | FT12: 1370 | GB12: =+SUM(FD12:GA12) -> 136986 | GC12: 4 | GD12: =+GB12*GC12 -> 547944 | GH12: Sábado | GO12: 1366 | GP12: 5464 | GQ12: 10929 | GR12: 16393 | GS12: 20492 | GT12: 23224 | GU12: 23224 | GV12: 17760 | GW12: 10929 | GX12: 5464 | GY12: 1366 | HG12: =+SUM(GI12:HF12) -> 136611 | HH12: 4 | HI12: =+HG12*HH12 -> 546444 | HM12: Sábado | HT12: 1370 | HU12: 5479 | HV12: 10959 | HW12: 16438 | HX12: 20548 | HY12: 23288 | HZ12: 23288 | IA12: 17808 | IB12: 10959 | IC12: 5479 | ID12: 1370 | IL12: =+SUM(HN12:IK12) -> 136986 | IM12: 4 | IN12: =+IL12*IM12 -> 547944 | IR12: Sábado | IY12: 1370 | IZ12: 5479 | JA12: 10959 | JB12: 16438 | JC12: 20548 | JD12: 23288 | JE12: 23288 | JF12: 17808 | JG12: 10959 | JH12: 5479 | JI12: 1370 | JQ12: =+SUM(IS12:JP12) -> 136986 | JR12: 4 | JS12: =+JQ12*JR12 -> 547944 | JW12: Sábado | KE12: 1370 | KF12: 5479 | KG12: 10959 | KH12: 16438 | KI12: 20548 | KJ12: 23288 | KK12: 23288 | KL12: 17808 | KM12: 10959 | KN12: 5479 | KO12: 1370 | KV12: =+SUM(JX12:KU12) -> 136986 | KW12: 4 | KX12: =+KV12*KW12 -> 547944 | LB12: Sábado | LI12: 1366 | LJ12: 5464 | LK12: 10929 | LL12: 16393 | LM12: 20492 | LN12: 23224 | LO12: 23224 | LP12: 17760 | LQ12: 10929 | LR12: 5464 | LS12: 1366 | MA12: =+SUM(LC12:LZ12) -> 136611 | MB12: 4 | MC12: =+MA12*MB12 -> 546444 | MG12: Sábado | MN12: 1370 | MO12: 5479 | MP12: 10959 | MQ12: 16438 | MR12: 20548 | MS12: 23288 | MT12: 23288 | MU12: 17808 | MV12: 10959 | MW12: 5479 | MX12: 1370 | NF12: =+SUM(MH12:NE12) -> 136986 | NG12: 4 | NH12: =+NF12*NG12 -> 547944 | NL12: Sábado | NS12: 1370 | NT12: 5479 | NU12: 10959 | NV12: 16438 | NW12: 20548 | NX12: 23288 | NY12: 23288 | NZ12: 17808 | OA12: 10959 | OB12: 5479 | OC12: 1370 | OK12: =+SUM(NM12:OJ12) -> 136986 | OL12: 4 | OM12: =+OK12*OL12 -> 547944 | OQ12: Sábado | OX12: 1370 | OY12: 5479 | OZ12: 10959 | PA12: 16438 | PB12: 20548 | PC12: 23288 | PD12: 23288 | PE12: 17808 | PF12: 10959 | PG12: 5479 | PH12: 1370 | PP12: =+SUM(OR12:PO12) -> 136986 | PQ12: 4 | PR12: =+PP12*PQ12 -> 547944 | PV12: Sábado | QC12: 1366 | QD12: 5464 | QE12: 10929 | QF12: 16393 | QG12: 20492 | QH12: 23224 | QI12: 23224 | QJ12: 17760 | QK12: 10929 | QL12: 5464 | QM12: 1366 | QU12: =+SUM(PW12:QT12) -> 136611 | QV12: 4 | QW12: =+QU12*QV12 -> 546444
A13: 46056 | B13: Domingo | I13: 1370 | J13: 5479 | K13: 10959 | L13: 16438 | M13: 20548 | N13: 23288 | O13: 23288 | P13: 17808 | Q13: 10959 | R13: 5479 | S13: 1370 | AA13: =+SUM(C13:Z13) -> 136986 | AB13: 4 | AC13: =+AA13*AB13 -> 547944 | AG13: Domingo | AN13: 1370 | AO13: 5479 | AP13: 10959 | AQ13: 16438 | AR13: 20548 | AS13: 23288 | AT13: 23288 | AU13: 17808 | AV13: 10959 | AW13: 5479 | AX13: 1370 | BF13: =+SUM(AH13:BE13) -> 136986 | BG13: 4 | BH13: =+BF13*BG13 -> 547944 | BL13: Domingo | BS13: 1366 | BT13: 5464 | BU13: 10929 | BV13: 16393 | BW13: 20492 | BX13: 23224 | BY13: 23224 | BZ13: 17760 | CA13: 10929 | CB13: 5464 | CC13: 1366 | CK13: =+SUM(BM13:CJ13) -> 136611 | CL13: 4 | CM13: =+CK13*CL13 -> 546444 | CQ13: Domingo | CX13: 1370 | CY13: 5479 | CZ13: 10959 | DA13: 16438 | DB13: 20548 | DC13: 23288 | DD13: 23288 | DE13: 17808 | DF13: 10959 | DG13: 5479 | DH13: 1370 | DP13: =+SUM(CR13:DO13) -> 136986 | DQ13: 4 | DR13: =+DP13*DQ13 -> 547944 | DW13: Domingo | ED13: 1370 | EE13: 5479 | EF13: 10959 | EG13: 16438 | EH13: 20548 | EI13: 23288 | EJ13: 23288 | EK13: 17808 | EL13: 10959 | EM13: 5479 | EN13: 1370 | EV13: =+SUM(DX13:EU13) -> 136986 | EW13: 4 | EX13: =+EV13*EW13 -> 547944 | FC13: Domingo | FJ13: 1370 | FK13: 5479 | FL13: 10959 | FM13: 16438 | FN13: 20548 | FO13: 23288 | FP13: 23288 | FQ13: 17808 | FR13: 10959 | FS13: 5479 | FT13: 1370 | GB13: =+SUM(FD13:GA13) -> 136986 | GC13: 4 | GD13: =+GB13*GC13 -> 547944 | GH13: Domingo | GO13: 1366 | GP13: 5464 | GQ13: 10929 | GR13: 16393 | GS13: 20492 | GT13: 23224 | GU13: 23224 | GV13: 17760 | GW13: 10929 | GX13: 5464 | GY13: 1366 | HG13: =+SUM(GI13:HF13) -> 136611 | HH13: 5 | HI13: =+HG13*HH13 -> 683055 | HM13: Domingo | HT13: 1370 | HU13: 5479 | HV13: 10959 | HW13: 16438 | HX13: 20548 | HY13: 23288 | HZ13: 23288 | IA13: 17808 | IB13: 10959 | IC13: 5479 | ID13: 1370 | IL13: =+SUM(HN13:IK13) -> 136986 | IM13: 4 | IN13: =+IL13*IM13 -> 547944 | IR13: Domingo | IY13: 1370 | IZ13: 5479 | JA13: 10959 | JB13: 16438 | JC13: 20548 | JD13: 23288 | JE13: 23288 | JF13: 17808 | JG13: 10959 | JH13: 5479 | JI13: 1370 | JQ13: =+SUM(IS13:JP13) -> 136986 | JR13: 4 | JS13: =+JQ13*JR13 -> 547944 | JW13: Domingo | KE13: 1370 | KF13: 5479 | KG13: 10959 | KH13: 16438 | KI13: 20548 | KJ13: 23288 | KK13: 23288 | KL13: 17808 | KM13: 10959 | KN13: 5479 | KO13: 1370 | KV13: =+SUM(JX13:KU13) -> 136986 | KW13: 4 | KX13: =+KV13*KW13 -> 547944 | LB13: Domingo | LI13: 1366 | LJ13: 5464 | LK13: 10929 | LL13: 16393 | LM13: 20492 | LN13: 23224 | LO13: 23224 | LP13: 17760 | LQ13: 10929 | LR13: 5464 | LS13: 1366 | MA13: =+SUM(LC13:LZ13) -> 136611 | MB13: 4 | MC13: =+MA13*MB13 -> 546444 | MG13: Domingo | MN13: 1370 | MO13: 5479 | MP13: 10959 | MQ13: 16438 | MR13: 20548 | MS13: 23288 | MT13: 23288 | MU13: 17808 | MV13: 10959 | MW13: 5479 | MX13: 1370 | NF13: =+SUM(MH13:NE13) -> 136986 | NG13: 4 | NH13: =+NF13*NG13 -> 547944 | NL13: Domingo | NS13: 1370 | NT13: 5479 | NU13: 10959 | NV13: 16438 | NW13: 20548 | NX13: 23288 | NY13: 23288 | NZ13: 17808 | OA13: 10959 | OB13: 5479 | OC13: 1370 | OK13: =+SUM(NM13:OJ13) -> 136986 | OL13: 4 | OM13: =+OK13*OL13 -> 547944 | OQ13: Domingo | OX13: 1370 | OY13: 5479 | OZ13: 10959 | PA13: 16438 | PB13: 20548 | PC13: 23288 | PD13: 23288 | PE13: 17808 | PF13: 10959 | PG13: 5479 | PH13: 1370 | PP13: =+SUM(OR13:PO13) -> 136986 | PQ13: 4 | PR13: =+PP13*PQ13 -> 547944 | PV13: Domingo | QC13: 1366 | QD13: 5464 | QE13: 10929 | QF13: 16393 | QG13: 20492 | QH13: 23224 | QI13: 23224 | QJ13: 17760 | QK13: 10929 | QL13: 5464 | QM13: 1366 | QU13: =+SUM(PW13:QT13) -> 136611 | QV13: 4 | QW13: =+QU13*QV13 -> 546444
A14: 46057 | B14: Festivo | I14: 0 | J14: 0 | K14: 0 | L14: 0 | M14: 0 | N14: 0 | O14: 0 | P14: 0 | Q14: 0 | R14: 0 | S14: 0 | AA14: =+SUM(C14:Z14) -> 0 | AB14: 0 | AC14: =+AA14*AB14 -> 0 | AG14: Festivo | AN14: 0 | AO14: 0 | AP14: 0 | AQ14: 0 | AR14: 0 | AS14: 0 | AT14: 0 | AU14: 0 | AV14: 0 | AW14: 0 | AX14: 0 | BF14: =+SUM(AH14:BE14) -> 0 | BG14: 0 | BH14: =+BF14*BG14 -> 0 | BL14: Festivo | BS14: 0 | BT14: 0 | BU14: 0 | BV14: 0 | BW14: 0 | BX14: 0 | BY14: 0 | BZ14: 0 | CA14: 0 | CB14: 0 | CC14: 0 | CK14: =+SUM(BM14:CJ14) -> 0 | CL14: 0 | CM14: =+CK14*CL14 -> 0 | CQ14: Festivo | CX14: 0 | CY14: 0 | CZ14: 0 | DA14: 0 | DB14: 0 | DC14: 0 | DD14: 0 | DE14: 0 | DF14: 0 | DG14: 0 | DH14: 0 | DP14: =+SUM(CR14:DO14) -> 0 | DQ14: 0 | DR14: =+DP14*DQ14 -> 0 | DW14: Festivo | ED14: 0 | EE14: 0 | EF14: 0 | EG14: 0 | EH14: 0 | EI14: 0 | EJ14: 0 | EK14: 0 | EL14: 0 | EM14: 0 | EN14: 0 | EV14: =+SUM(DX14:EU14) -> 0 | EW14: 0 | EX14: =+EV14*EW14 -> 0 | FC14: Festivo | FJ14: 0 | FK14: 0 | FL14: 0 | FM14: 0 | FN14: 0 | FO14: 0 | FP14: 0 | FQ14: 0 | FR14: 0 | FS14: 0 | FT14: 0 | GB14: =+SUM(FD14:GA14) -> 0 | GC14: 0 | GD14: =+GB14*GC14 -> 0 | GH14: Festivo | GO14: 0 | GP14: 0 | GQ14: 0 | GR14: 0 | GS14: 0 | GT14: 0 | GU14: 0 | GV14: 0 | GW14: 0 | GX14: 0 | GY14: 0 | HG14: =+SUM(GI14:HF14) -> 0 | HH14: 0 | HI14: =+HG14*HH14 -> 0 | HM14: Festivo | HT14: 0 | HU14: 0 | HV14: 0 | HW14: 0 | HX14: 0 | HY14: 0 | HZ14: 0 | IA14: 0 | IB14: 0 | IC14: 0 | ID14: 0 | IL14: =+SUM(HN14:IK14) -> 0 | IM14: 0 | IN14: =+IL14*IM14 -> 0 | IR14: Festivo | IY14: 0 | IZ14: 0 | JA14: 0 | JB14: 0 | JC14: 0 | JD14: 0 | JE14: 0 | JF14: 0 | JG14: 0 | JH14: 0 | JI14: 0 | JQ14: =+SUM(IS14:JP14) -> 0 | JR14: 0 | JS14: =+JQ14*JR14 -> 0 | JW14: Festivo | KE14: 0 | KF14: 0 | KG14: 0 | KH14: 0 | KI14: 0 | KJ14: 0 | KK14: 0 | KL14: 0 | KM14: 0 | KN14: 0 | KO14: 0 | KV14: =+SUM(JX14:KU14) -> 0 | KW14: 0 | KX14: =+KV14*KW14 -> 0 | LB14: Festivo | LI14: 0 | LJ14: 0 | LK14: 0 | LL14: 0 | LM14: 0 | LN14: 0 | LO14: 0 | LP14: 0 | LQ14: 0 | LR14: 0 | LS14: 0 | MA14: =+SUM(LC14:LZ14) -> 0 | MB14: 0 | MC14: =+MA14*MB14 -> 0 | MG14: Festivo | MN14: 0 | MO14: 0 | MP14: 0 | MQ14: 0 | MR14: 0 | MS14: 0 | MT14: 0 | MU14: 0 | MV14: 0 | MW14: 0 | MX14: 0 | NF14: =+SUM(MH14:NE14) -> 0 | NG14: 0 | NH14: =+NF14*NG14 -> 0 | NL14: Festivo | NS14: 0 | NT14: 0 | NU14: 0 | NV14: 0 | NW14: 0 | NX14: 0 | NY14: 0 | NZ14: 0 | OA14: 0 | OB14: 0 | OC14: 0 | OK14: =+SUM(NM14:OJ14) -> 0 | OL14: 0 | OM14: =+OK14*OL14 -> 0 | OQ14: Festivo | OX14: 0 | OY14: 0 | OZ14: 0 | PA14: 0 | PB14: 0 | PC14: 0 | PD14: 0 | PE14: 0 | PF14: 0 | PG14: 0 | PH14: 0 | PP14: =+SUM(OR14:PO14) -> 0 | PQ14: 0 | PR14: =+PP14*PQ14 -> 0 | PV14: Festivo | QC14: 0 | QD14: 0 | QE14: 0 | QF14: 0 | QG14: 0 | QH14: 0 | QI14: 0 | QJ14: 0 | QK14: 0 | QL14: 0 | QM14: 0 | QU14: =+SUM(PW14:QT14) -> 0 | QV14: 0 | QW14: =+QU14*QV14 -> 0
A15: 46082 | B15: Hábil | I15: 1370 | J15: 5479 | K15: 10959 | L15: 16438 | M15: 20548 | N15: 23288 | O15: 23288 | P15: 17808 | Q15: 10959 | R15: 5479 | S15: 1370 | AA15: =+SUM(C15:Z15) -> 136986 | AB15: 21 | AC15: =+AA15*AB15 -> 2876706 | AD15: =+SUM(AC15:AC18) -> 4246566 | AF15: 46447 | AG15: Hábil | AN15: 1370 | AO15: 5479 | AP15: 10959 | AQ15: 16438 | AR15: 20548 | AS15: 23288 | AT15: 23288 | AU15: 17808 | AV15: 10959 | AW15: 5479 | AX15: 1370 | BF15: =+SUM(AH15:BE15) -> 136986 | BG15: 20 | BH15: =+BF15*BG15 -> 2739720 | BI15: =+SUM(BH15:BH18) -> 4246566 | BK15: 46813 | BL15: Hábil | BS15: 1366 | BT15: 5464 | BU15: 10929 | BV15: 16393 | BW15: 20492 | BX15: 23224 | BY15: 23224 | BZ15: 17760 | CA15: 10929 | CB15: 5464 | CC15: 1366 | CK15: =+SUM(BM15:CJ15) -> 136611 | CL15: 22 | CM15: =+CK15*CL15 -> 3005442 | CN15: =+SUM(CM15:CM18) -> 4234941 | CP15: 47178 | CQ15: Hábil | CX15: 1370 | CY15: 5479 | CZ15: 10959 | DA15: 16438 | DB15: 20548 | DC15: 23288 | DD15: 23288 | DE15: 17808 | DF15: 10959 | DG15: 5479 | DH15: 1370 | DP15: =+SUM(CR15:DO15) -> 136986 | DQ15: 19 | DR15: =+DP15*DQ15 -> 2602734 | DS15: =+SUM(DR15:DR18) -> 4246566 | DV15: 47543 | DW15: Hábil | ED15: 1370 | EE15: 5479 | EF15: 10959 | EG15: 16438 | EH15: 20548 | EI15: 23288 | EJ15: 23288 | EK15: 17808 | EL15: 10959 | EM15: 5479 | EN15: 1370 | EV15: =+SUM(DX15:EU15) -> 136986 | EW15: 20 | EX15: =+EV15*EW15 -> 2739720 | EY15: =+SUM(EX15:EX18) -> 4246566 | FB15: 47908 | FC15: Hábil | FJ15: 1370 | FK15: 5479 | FL15: 10959 | FM15: 16438 | FN15: 20548 | FO15: 23288 | FP15: 23288 | FQ15: 17808 | FR15: 10959 | FS15: 5479 | FT15: 1370 | GB15: =+SUM(FD15:GA15) -> 136986 | GC15: 20 | GD15: =+GB15*GC15 -> 2739720 | GE15: =+SUM(GD15:GD18) -> 4246566 | GG15: 48274 | GH15: Hábil | GO15: 1366 | GP15: 5464 | GQ15: 10929 | GR15: 16393 | GS15: 20492 | GT15: 23224 | GU15: 23224 | GV15: 17760 | GW15: 10929 | GX15: 5464 | GY15: 1366 | HG15: =+SUM(GI15:HF15) -> 136611 | HH15: 20 | HI15: =+HG15*HH15 -> 2732220 | HJ15: =+SUM(HI15:HI18) -> 4234941 | HL15: 48639 | HM15: Hábil | HT15: 1370 | HU15: 5479 | HV15: 10959 | HW15: 16438 | HX15: 20548 | HY15: 23288 | HZ15: 23288 | IA15: 17808 | IB15: 10959 | IC15: 5479 | ID15: 1370 | IL15: =+SUM(HN15:IK15) -> 136986 | IM15: 22 | IN15: =+IL15*IM15 -> 3013692 | IO15: =+SUM(IN15:IN18) -> 4246566 | IQ15: 49004 | IR15: Hábil | IY15: 1370 | IZ15: 5479 | JA15: 10959 | JB15: 16438 | JC15: 20548 | JD15: 23288 | JE15: 23288 | JF15: 17808 | JG15: 10959 | JH15: 5479 | JI15: 1370 | JQ15: =+SUM(IS15:JP15) -> 136986 | JR15: 22 | JS15: =+JQ15*JR15 -> 3013692 | JT15: =+SUM(JS15:JS18) -> 4246566 | JV15: 49369 | JW15: Hábil | KE15: 1370 | KF15: 5479 | KG15: 10959 | KH15: 16438 | KI15: 20548 | KJ15: 23288 | KK15: 23288 | KL15: 17808 | KM15: 10959 | KN15: 5479 | KO15: 1370 | KV15: =+SUM(JX15:KU15) -> 136986 | KW15: 19 | KX15: =+KV15*KW15 -> 2602734 | KY15: =+SUM(KX15:KX18) -> 4246566 | LA15: 49735 | LB15: Hábil | LI15: 1366 | LJ15: 5464 | LK15: 10929 | LL15: 16393 | LM15: 20492 | LN15: 23224 | LO15: 23224 | LP15: 17760 | LQ15: 10929 | LR15: 5464 | LS15: 1366 | MA15: =+SUM(LC15:LZ15) -> 136611 | MB15: 20 | MC15: =+MA15*MB15 -> 2732220 | MD15: =+SUM(MC15:MC18) -> 4234941 | MF15: 50100 | MG15: Hábil | MN15: 1370 | MO15: 5479 | MP15: 10959 | MQ15: 16438 | MR15: 20548 | MS15: 23288 | MT15: 23288 | MU15: 17808 | MV15: 10959 | MW15: 5479 | MX15: 1370 | NF15: =+SUM(MH15:NE15) -> 136986 | NG15: 21 | NH15: =+NF15*NG15 -> 2876706 | NI15: =+SUM(NH15:NH18) -> 4246566 | NK15: 50465 | NL15: Hábil | NS15: 1370 | NT15: 5479 | NU15: 10959 | NV15: 16438 | NW15: 20548 | NX15: 23288 | NY15: 23288 | NZ15: 17808 | OA15: 10959 | OB15: 5479 | OC15: 1370 | OK15: =+SUM(NM15:OJ15) -> 136986 | OL15: 22 | OM15: =+OK15*OL15 -> 3013692 | ON15: =+SUM(OM15:OM18) -> 4246566 | OP15: 50830 | OQ15: Hábil | OX15: 1370 | OY15: 5479 | OZ15: 10959 | PA15: 16438 | PB15: 20548 | PC15: 23288 | PD15: 23288 | PE15: 17808 | PF15: 10959 | PG15: 5479 | PH15: 1370 | PP15: =+SUM(OR15:PO15) -> 136986 | PQ15: 22 | PR15: =+PP15*PQ15 -> 3013692 | PS15: =+SUM(PR15:PR18) -> 4246566 | PU15: 51196 | PV15: Hábil | QC15: 1366 | QD15: 5464 | QE15: 10929 | QF15: 16393 | QG15: 20492 | QH15: 23224 | QI15: 23224 | QJ15: 17760 | QK15: 10929 | QL15: 5464 | QM15: 1366 | QU15: =+SUM(PW15:QT15) -> 136611 | QV15: 19 | QW15: =+QU15*QV15 -> 2595609 | QX15: =+SUM(QW15:QW18) -> 4234941
B16: Sábado | I16: 1370 | J16: 5479 | K16: 10959 | L16: 16438 | M16: 20548 | N16: 23288 | O16: 23288 | P16: 17808 | Q16: 10959 | R16: 5479 | S16: 1370 | AA16: =+SUM(C16:Z16) -> 136986 | AB16: 4 | AC16: =+AA16*AB16 -> 547944 | AG16: Sábado | AN16: 1370 | AO16: 5479 | AP16: 10959 | AQ16: 16438 | AR16: 20548 | AS16: 23288 | AT16: 23288 | AU16: 17808 | AV16: 10959 | AW16: 5479 | AX16: 1370 | BF16: =+SUM(AH16:BE16) -> 136986 | BG16: 4 | BH16: =+BF16*BG16 -> 547944 | BL16: Sábado | BS16: 1366 | BT16: 5464 | BU16: 10929 | BV16: 16393 | BW16: 20492 | BX16: 23224 | BY16: 23224 | BZ16: 17760 | CA16: 10929 | CB16: 5464 | CC16: 1366 | CK16: =+SUM(BM16:CJ16) -> 136611 | CL16: 4 | CM16: =+CK16*CL16 -> 546444 | CQ16: Sábado | CX16: 1370 | CY16: 5479 | CZ16: 10959 | DA16: 16438 | DB16: 20548 | DC16: 23288 | DD16: 23288 | DE16: 17808 | DF16: 10959 | DG16: 5479 | DH16: 1370 | DP16: =+SUM(CR16:DO16) -> 136986 | DQ16: 5 | DR16: =+DP16*DQ16 -> 684930 | DW16: Sábado | ED16: 1370 | EE16: 5479 | EF16: 10959 | EG16: 16438 | EH16: 20548 | EI16: 23288 | EJ16: 23288 | EK16: 17808 | EL16: 10959 | EM16: 5479 | EN16: 1370 | EV16: =+SUM(DX16:EU16) -> 136986 | EW16: 5 | EX16: =+EV16*EW16 -> 684930 | FC16: Sábado | FJ16: 1370 | FK16: 5479 | FL16: 10959 | FM16: 16438 | FN16: 20548 | FO16: 23288 | FP16: 23288 | FQ16: 17808 | FR16: 10959 | FS16: 5479 | FT16: 1370 | GB16: =+SUM(FD16:GA16) -> 136986 | GC16: 5 | GD16: =+GB16*GC16 -> 684930 | GH16: Sábado | GO16: 1366 | GP16: 5464 | GQ16: 10929 | GR16: 16393 | GS16: 20492 | GT16: 23224 | GU16: 23224 | GV16: 17760 | GW16: 10929 | GX16: 5464 | GY16: 1366 | HG16: =+SUM(GI16:HF16) -> 136611 | HH16: 4 | HI16: =+HG16*HH16 -> 546444 | HM16: Sábado | HT16: 1370 | HU16: 5479 | HV16: 10959 | HW16: 16438 | HX16: 20548 | HY16: 23288 | HZ16: 23288 | IA16: 17808 | IB16: 10959 | IC16: 5479 | ID16: 1370 | IL16: =+SUM(HN16:IK16) -> 136986 | IM16: 4 | IN16: =+IL16*IM16 -> 547944 | IR16: Sábado | IY16: 1370 | IZ16: 5479 | JA16: 10959 | JB16: 16438 | JC16: 20548 | JD16: 23288 | JE16: 23288 | JF16: 17808 | JG16: 10959 | JH16: 5479 | JI16: 1370 | JQ16: =+SUM(IS16:JP16) -> 136986 | JR16: 4 | JS16: =+JQ16*JR16 -> 547944 | JW16: Sábado | KE16: 1370 | KF16: 5479 | KG16: 10959 | KH16: 16438 | KI16: 20548 | KJ16: 23288 | KK16: 23288 | KL16: 17808 | KM16: 10959 | KN16: 5479 | KO16: 1370 | KV16: =+SUM(JX16:KU16) -> 136986 | KW16: 5 | KX16: =+KV16*KW16 -> 684930 | LB16: Sábado | LI16: 1366 | LJ16: 5464 | LK16: 10929 | LL16: 16393 | LM16: 20492 | LN16: 23224 | LO16: 23224 | LP16: 17760 | LQ16: 10929 | LR16: 5464 | LS16: 1366 | MA16: =+SUM(LC16:LZ16) -> 136611 | MB16: 5 | MC16: =+MA16*MB16 -> 683055 | MG16: Sábado | MN16: 1370 | MO16: 5479 | MP16: 10959 | MQ16: 16438 | MR16: 20548 | MS16: 23288 | MT16: 23288 | MU16: 17808 | MV16: 10959 | MW16: 5479 | MX16: 1370 | NF16: =+SUM(MH16:NE16) -> 136986 | NG16: 4 | NH16: =+NF16*NG16 -> 547944 | NL16: Sábado | NS16: 1370 | NT16: 5479 | NU16: 10959 | NV16: 16438 | NW16: 20548 | NX16: 23288 | NY16: 23288 | NZ16: 17808 | OA16: 10959 | OB16: 5479 | OC16: 1370 | OK16: =+SUM(NM16:OJ16) -> 136986 | OL16: 4 | OM16: =+OK16*OL16 -> 547944 | OQ16: Sábado | OX16: 1370 | OY16: 5479 | OZ16: 10959 | PA16: 16438 | PB16: 20548 | PC16: 23288 | PD16: 23288 | PE16: 17808 | PF16: 10959 | PG16: 5479 | PH16: 1370 | PP16: =+SUM(OR16:PO16) -> 136986 | PQ16: 4 | PR16: =+PP16*PQ16 -> 547944 | PV16: Sábado | QC16: 1366 | QD16: 5464 | QE16: 10929 | QF16: 16393 | QG16: 20492 | QH16: 23224 | QI16: 23224 | QJ16: 17760 | QK16: 10929 | QL16: 5464 | QM16: 1366 | QU16: =+SUM(PW16:QT16) -> 136611 | QV16: 5 | QW16: =+QU16*QV16 -> 683055
B17: Domingo | I17: 1370 | J17: 5479 | K17: 10959 | L17: 16438 | M17: 20548 | N17: 23288 | O17: 23288 | P17: 17808 | Q17: 10959 | R17: 5479 | S17: 1370 | AA17: =+SUM(C17:Z17) -> 136986 | AB17: 5 | AC17: =+AA17*AB17 -> 684930 | AG17: Domingo | AN17: 1370 | AO17: 5479 | AP17: 10959 | AQ17: 16438 | AR17: 20548 | AS17: 23288 | AT17: 23288 | AU17: 17808 | AV17: 10959 | AW17: 5479 | AX17: 1370 | BF17: =+SUM(AH17:BE17) -> 136986 | BG17: 4 | BH17: =+BF17*BG17 -> 547944 | BL17: Domingo | BS17: 1366 | BT17: 5464 | BU17: 10929 | BV17: 16393 | BW17: 20492 | BX17: 23224 | BY17: 23224 | BZ17: 17760 | CA17: 10929 | CB17: 5464 | CC17: 1366 | CK17: =+SUM(BM17:CJ17) -> 136611 | CL17: 4 | CM17: =+CK17*CL17 -> 546444 | CQ17: Domingo | CX17: 1370 | CY17: 5479 | CZ17: 10959 | DA17: 16438 | DB17: 20548 | DC17: 23288 | DD17: 23288 | DE17: 17808 | DF17: 10959 | DG17: 5479 | DH17: 1370 | DP17: =+SUM(CR17:DO17) -> 136986 | DQ17: 4 | DR17: =+DP17*DQ17 -> 547944 | DW17: Domingo | ED17: 1370 | EE17: 5479 | EF17: 10959 | EG17: 16438 | EH17: 20548 | EI17: 23288 | EJ17: 23288 | EK17: 17808 | EL17: 10959 | EM17: 5479 | EN17: 1370 | EV17: =+SUM(DX17:EU17) -> 136986 | EW17: 5 | EX17: =+EV17*EW17 -> 684930 | FC17: Domingo | FJ17: 1370 | FK17: 5479 | FL17: 10959 | FM17: 16438 | FN17: 20548 | FO17: 23288 | FP17: 23288 | FQ17: 17808 | FR17: 10959 | FS17: 5479 | FT17: 1370 | GB17: =+SUM(FD17:GA17) -> 136986 | GC17: 5 | GD17: =+GB17*GC17 -> 684930 | GH17: Domingo | GO17: 1366 | GP17: 5464 | GQ17: 10929 | GR17: 16393 | GS17: 20492 | GT17: 23224 | GU17: 23224 | GV17: 17760 | GW17: 10929 | GX17: 5464 | GY17: 1366 | HG17: =+SUM(GI17:HF17) -> 136611 | HH17: 4 | HI17: =+HG17*HH17 -> 546444 | HM17: Domingo | HT17: 1370 | HU17: 5479 | HV17: 10959 | HW17: 16438 | HX17: 20548 | HY17: 23288 | HZ17: 23288 | IA17: 17808 | IB17: 10959 | IC17: 5479 | ID17: 1370 | IL17: =+SUM(HN17:IK17) -> 136986 | IM17: 4 | IN17: =+IL17*IM17 -> 547944 | IR17: Domingo | IY17: 1370 | IZ17: 5479 | JA17: 10959 | JB17: 16438 | JC17: 20548 | JD17: 23288 | JE17: 23288 | JF17: 17808 | JG17: 10959 | JH17: 5479 | JI17: 1370 | JQ17: =+SUM(IS17:JP17) -> 136986 | JR17: 4 | JS17: =+JQ17*JR17 -> 547944 | JW17: Domingo | KE17: 1370 | KF17: 5479 | KG17: 10959 | KH17: 16438 | KI17: 20548 | KJ17: 23288 | KK17: 23288 | KL17: 17808 | KM17: 10959 | KN17: 5479 | KO17: 1370 | KV17: =+SUM(JX17:KU17) -> 136986 | KW17: 4 | KX17: =+KV17*KW17 -> 547944 | LB17: Domingo | LI17: 1366 | LJ17: 5464 | LK17: 10929 | LL17: 16393 | LM17: 20492 | LN17: 23224 | LO17: 23224 | LP17: 17760 | LQ17: 10929 | LR17: 5464 | LS17: 1366 | MA17: =+SUM(LC17:LZ17) -> 136611 | MB17: 5 | MC17: =+MA17*MB17 -> 683055 | MG17: Domingo | MN17: 1370 | MO17: 5479 | MP17: 10959 | MQ17: 16438 | MR17: 20548 | MS17: 23288 | MT17: 23288 | MU17: 17808 | MV17: 10959 | MW17: 5479 | MX17: 1370 | NF17: =+SUM(MH17:NE17) -> 136986 | NG17: 5 | NH17: =+NF17*NG17 -> 684930 | NL17: Domingo | NS17: 1370 | NT17: 5479 | NU17: 10959 | NV17: 16438 | NW17: 20548 | NX17: 23288 | NY17: 23288 | NZ17: 17808 | OA17: 10959 | OB17: 5479 | OC17: 1370 | OK17: =+SUM(NM17:OJ17) -> 136986 | OL17: 4 | OM17: =+OK17*OL17 -> 547944 | OQ17: Domingo | OX17: 1370 | OY17: 5479 | OZ17: 10959 | PA17: 16438 | PB17: 20548 | PC17: 23288 | PD17: 23288 | PE17: 17808 | PF17: 10959 | PG17: 5479 | PH17: 1370 | PP17: =+SUM(OR17:PO17) -> 136986 | PQ17: 4 | PR17: =+PP17*PQ17 -> 547944 | PV17: Domingo | QC17: 1366 | QD17: 5464 | QE17: 10929 | QF17: 16393 | QG17: 20492 | QH17: 23224 | QI17: 23224 | QJ17: 17760 | QK17: 10929 | QL17: 5464 | QM17: 1366 | QU17: =+SUM(PW17:QT17) -> 136611 | QV17: 4 | QW17: =+QU17*QV17 -> 546444
B18: Festivo | I18: 1370 | J18: 5479 | K18: 10959 | L18: 16438 | M18: 20548 | N18: 23288 | O18: 23288 | P18: 17808 | Q18: 10959 | R18: 5479 | S18: 1370 | AA18: =+SUM(C18:Z18) -> 136986 | AB18: 1 | AC18: =+AA18*AB18 -> 136986 | AG18: Festivo | AN18: 1370 | AO18: 5479 | AP18: 10959 | AQ18: 16438 | AR18: 20548 | AS18: 23288 | AT18: 23288 | AU18: 17808 | AV18: 10959 | AW18: 5479 | AX18: 1370 | BF18: =+SUM(AH18:BE18) -> 136986 | BG18: 3 | BH18: =+BF18*BG18 -> 410958 | BL18: Festivo | BS18: 1366 | BT18: 5464 | BU18: 10929 | BV18: 16393 | BW18: 20492 | BX18: 23224 | BY18: 23224 | BZ18: 17760 | CA18: 10929 | CB18: 5464 | CC18: 1366 | CK18: =+SUM(BM18:CJ18) -> 136611 | CL18: 1 | CM18: =+CK18*CL18 -> 136611 | CQ18: Festivo | CX18: 1370 | CY18: 5479 | CZ18: 10959 | DA18: 16438 | DB18: 20548 | DC18: 23288 | DD18: 23288 | DE18: 17808 | DF18: 10959 | DG18: 5479 | DH18: 1370 | DP18: =+SUM(CR18:DO18) -> 136986 | DQ18: 3 | DR18: =+DP18*DQ18 -> 410958 | DW18: Festivo | ED18: 1370 | EE18: 5479 | EF18: 10959 | EG18: 16438 | EH18: 20548 | EI18: 23288 | EJ18: 23288 | EK18: 17808 | EL18: 10959 | EM18: 5479 | EN18: 1370 | EV18: =+SUM(DX18:EU18) -> 136986 | EW18: 1 | EX18: =+EV18*EW18 -> 136986 | FC18: Festivo | FJ18: 1370 | FK18: 5479 | FL18: 10959 | FM18: 16438 | FN18: 20548 | FO18: 23288 | FP18: 23288 | FQ18: 17808 | FR18: 10959 | FS18: 5479 | FT18: 1370 | GB18: =+SUM(FD18:GA18) -> 136986 | GC18: 1 | GD18: =+GB18*GC18 -> 136986 | GH18: Festivo | GO18: 1366 | GP18: 5464 | GQ18: 10929 | GR18: 16393 | GS18: 20492 | GT18: 23224 | GU18: 23224 | GV18: 17760 | GW18: 10929 | GX18: 5464 | GY18: 1366 | HG18: =+SUM(GI18:HF18) -> 136611 | HH18: 3 | HI18: =+HG18*HH18 -> 409833 | HM18: Festivo | HT18: 1370 | HU18: 5479 | HV18: 10959 | HW18: 16438 | HX18: 20548 | HY18: 23288 | HZ18: 23288 | IA18: 17808 | IB18: 10959 | IC18: 5479 | ID18: 1370 | IL18: =+SUM(HN18:IK18) -> 136986 | IM18: 1 | IN18: =+IL18*IM18 -> 136986 | IR18: Festivo | IY18: 1370 | IZ18: 5479 | JA18: 10959 | JB18: 16438 | JC18: 20548 | JD18: 23288 | JE18: 23288 | JF18: 17808 | JG18: 10959 | JH18: 5479 | JI18: 1370 | JQ18: =+SUM(IS18:JP18) -> 136986 | JR18: 1 | JS18: =+JQ18*JR18 -> 136986 | JW18: Festivo | KE18: 1370 | KF18: 5479 | KG18: 10959 | KH18: 16438 | KI18: 20548 | KJ18: 23288 | KK18: 23288 | KL18: 17808 | KM18: 10959 | KN18: 5479 | KO18: 1370 | KV18: =+SUM(JX18:KU18) -> 136986 | KW18: 3 | KX18: =+KV18*KW18 -> 410958 | LB18: Festivo | LI18: 1366 | LJ18: 5464 | LK18: 10929 | LL18: 16393 | LM18: 20492 | LN18: 23224 | LO18: 23224 | LP18: 17760 | LQ18: 10929 | LR18: 5464 | LS18: 1366 | MA18: =+SUM(LC18:LZ18) -> 136611 | MB18: 1 | MC18: =+MA18*MB18 -> 136611 | MG18: Festivo | MN18: 1370 | MO18: 5479 | MP18: 10959 | MQ18: 16438 | MR18: 20548 | MS18: 23288 | MT18: 23288 | MU18: 17808 | MV18: 10959 | MW18: 5479 | MX18: 1370 | NF18: =+SUM(MH18:NE18) -> 136986 | NG18: 1 | NH18: =+NF18*NG18 -> 136986 | NL18: Festivo | NS18: 1370 | NT18: 5479 | NU18: 10959 | NV18: 16438 | NW18: 20548 | NX18: 23288 | NY18: 23288 | NZ18: 17808 | OA18: 10959 | OB18: 5479 | OC18: 1370 | OK18: =+SUM(NM18:OJ18) -> 136986 | OL18: 1 | OM18: =+OK18*OL18 -> 136986 | OQ18: Festivo | OX18: 1370 | OY18: 5479 | OZ18: 10959 | PA18: 16438 | PB18: 20548 | PC18: 23288 | PD18: 23288 | PE18: 17808 | PF18: 10959 | PG18: 5479 | PH18: 1370 | PP18: =+SUM(OR18:PO18) -> 136986 | PQ18: 1 | PR18: =+PP18*PQ18 -> 136986 | PV18: Festivo | QC18: 1366 | QD18: 5464 | QE18: 10929 | QF18: 16393 | QG18: 20492 | QH18: 23224 | QI18: 23224 | QJ18: 17760 | QK18: 10929 | QL18: 5464 | QM18: 1366 | QU18: =+SUM(PW18:QT18) -> 136611 | QV18: 3 | QW18: =+QU18*QV18 -> 409833
A19: 46113 | B19: Hábil | I19: 1370 | J19: 5479 | K19: 10959 | L19: 16438 | M19: 20548 | N19: 23288 | O19: 23288 | P19: 17808 | Q19: 10959 | R19: 5479 | S19: 1370 | AA19: =+SUM(C19:Z19) -> 136986 | AB19: 20 | AC19: =+AA19*AB19 -> 2739720 | AD19: =+SUM(AC19:AC22) -> 4109580 | AF19: 46478 | AG19: Hábil | AN19: 1370 | AO19: 5479 | AP19: 10959 | AQ19: 16438 | AR19: 20548 | AS19: 23288 | AT19: 23288 | AU19: 17808 | AV19: 10959 | AW19: 5479 | AX19: 1370 | BF19: =+SUM(AH19:BE19) -> 136986 | BG19: 22 | BH19: =+BF19*BG19 -> 3013692 | BI19: =+SUM(BH19:BH22) -> 4109580 | BK19: 46844 | BL19: Hábil | BS19: 1366 | BT19: 5464 | BU19: 10929 | BV19: 16393 | BW19: 20492 | BX19: 23224 | BY19: 23224 | BZ19: 17760 | CA19: 10929 | CB19: 5464 | CC19: 1366 | CK19: =+SUM(BM19:CJ19) -> 136611 | CL19: 18 | CM19: =+CK19*CL19 -> 2458998 | CN19: =+SUM(CM19:CM22) -> 4098330 | CP19: 47209 | CQ19: Hábil | CX19: 1370 | CY19: 5479 | CZ19: 10959 | DA19: 16438 | DB19: 20548 | DC19: 23288 | DD19: 23288 | DE19: 17808 | DF19: 10959 | DG19: 5479 | DH19: 1370 | DP19: =+SUM(CR19:DO19) -> 136986 | DQ19: 21 | DR19: =+DP19*DQ19 -> 2876706 | DS19: =+SUM(DR19:DR22) -> 4109580 | DV19: 47574 | DW19: Hábil | ED19: 1370 | EE19: 5479 | EF19: 10959 | EG19: 16438 | EH19: 20548 | EI19: 23288 | EJ19: 23288 | EK19: 17808 | EL19: 10959 | EM19: 5479 | EN19: 1370 | EV19: =+SUM(DX19:EU19) -> 136986 | EW19: 20 | EX19: =+EV19*EW19 -> 2739720 | EY19: =+SUM(EX19:EX22) -> 4109580 | FB19: 47939 | FC19: Hábil | FJ19: 1370 | FK19: 5479 | FL19: 10959 | FM19: 16438 | FN19: 20548 | FO19: 23288 | FP19: 23288 | FQ19: 17808 | FR19: 10959 | FS19: 5479 | FT19: 1370 | GB19: =+SUM(FD19:GA19) -> 136986 | GC19: 20 | GD19: =+GB19*GC19 -> 2739720 | GE19: =+SUM(GD19:GD22) -> 4109580 | GG19: 48305 | GH19: Hábil | GO19: 1366 | GP19: 5464 | GQ19: 10929 | GR19: 16393 | GS19: 20492 | GT19: 23224 | GU19: 23224 | GV19: 17760 | GW19: 10929 | GX19: 5464 | GY19: 1366 | HG19: =+SUM(GI19:HF19) -> 136611 | HH19: 22 | HI19: =+HG19*HH19 -> 3005442 | HJ19: =+SUM(HI19:HI22) -> 4098330 | HL19: 48670 | HM19: Hábil | HT19: 1370 | HU19: 5479 | HV19: 10959 | HW19: 16438 | HX19: 20548 | HY19: 23288 | HZ19: 23288 | IA19: 17808 | IB19: 10959 | IC19: 5479 | ID19: 1370 | IL19: =+SUM(HN19:IK19) -> 136986 | IM19: 19 | IN19: =+IL19*IM19 -> 2602734 | IO19: =+SUM(IN19:IN22) -> 4109580 | IQ19: 49035 | IR19: Hábil | IY19: 1370 | IZ19: 5479 | JA19: 10959 | JB19: 16438 | JC19: 20548 | JD19: 23288 | JE19: 23288 | JF19: 17808 | JG19: 10959 | JH19: 5479 | JI19: 1370 | JQ19: =+SUM(IS19:JP19) -> 136986 | JR19: 18 | JS19: =+JQ19*JR19 -> 2465748 | JT19: =+SUM(JS19:JS22) -> 4109580 | JV19: 49400 | JW19: Hábil | KE19: 1370 | KF19: 5479 | KG19: 10959 | KH19: 16438 | KI19: 20548 | KJ19: 23288 | KK19: 23288 | KL19: 17808 | KM19: 10959 | KN19: 5479 | KO19: 1370 | KV19: =+SUM(JX19:KU19) -> 136986 | KW19: 21 | KX19: =+KV19*KW19 -> 2876706 | KY19: =+SUM(KX19:KX22) -> 4109580 | LA19: 49766 | LB19: Hábil | LI19: 1366 | LJ19: 5464 | LK19: 10929 | LL19: 16393 | LM19: 20492 | LN19: 23224 | LO19: 23224 | LP19: 17760 | LQ19: 10929 | LR19: 5464 | LS19: 1366 | MA19: =+SUM(LC19:LZ19) -> 136611 | MB19: 20 | MC19: =+MA19*MB19 -> 2732220 | MD19: =+SUM(MC19:MC22) -> 4098330 | MF19: 50131 | MG19: Hábil | MN19: 1370 | MO19: 5479 | MP19: 10959 | MQ19: 16438 | MR19: 20548 | MS19: 23288 | MT19: 23288 | MU19: 17808 | MV19: 10959 | MW19: 5479 | MX19: 1370 | NF19: =+SUM(MH19:NE19) -> 136986 | NG19: 20 | NH19: =+NF19*NG19 -> 2739720 | NI19: =+SUM(NH19:NH22) -> 4109580 | NK19: 50496 | NL19: Hábil | NS19: 1370 | NT19: 5479 | NU19: 10959 | NV19: 16438 | NW19: 20548 | NX19: 23288 | NY19: 23288 | NZ19: 17808 | OA19: 10959 | OB19: 5479 | OC19: 1370 | OK19: =+SUM(NM19:OJ19) -> 136986 | OL19: 20 | OM19: =+OK19*OL19 -> 2739720 | ON19: =+SUM(OM19:OM22) -> 4109580 | OP19: 50861 | OQ19: Hábil | OX19: 1370 | OY19: 5479 | OZ19: 10959 | PA19: 16438 | PB19: 20548 | PC19: 23288 | PD19: 23288 | PE19: 17808 | PF19: 10959 | PG19: 5479 | PH19: 1370 | PP19: =+SUM(OR19:PO19) -> 136986 | PQ19: 19 | PR19: =+PP19*PQ19 -> 2602734 | PS19: =+SUM(PR19:PR22) -> 4109580 | PU19: 51227 | PV19: Hábil | QC19: 1366 | QD19: 5464 | QE19: 10929 | QF19: 16393 | QG19: 20492 | QH19: 23224 | QI19: 23224 | QJ19: 17760 | QK19: 10929 | QL19: 5464 | QM19: 1366 | QU19: =+SUM(PW19:QT19) -> 136611 | QV19: 21 | QW19: =+QU19*QV19 -> 2868831 | QX19: =+SUM(QW19:QW22) -> 4098330
B20: Sábado | I20: 1370 | J20: 5479 | K20: 10959 | L20: 16438 | M20: 20548 | N20: 23288 | O20: 23288 | P20: 17808 | Q20: 10959 | R20: 5479 | S20: 1370 | AA20: =+SUM(C20:Z20) -> 136986 | AB20: 4 | AC20: =+AA20*AB20 -> 547944 | AG20: Sábado | AN20: 1370 | AO20: 5479 | AP20: 10959 | AQ20: 16438 | AR20: 20548 | AS20: 23288 | AT20: 23288 | AU20: 17808 | AV20: 10959 | AW20: 5479 | AX20: 1370 | BF20: =+SUM(AH20:BE20) -> 136986 | BG20: 4 | BH20: =+BF20*BG20 -> 547944 | BL20: Sábado | BS20: 1366 | BT20: 5464 | BU20: 10929 | BV20: 16393 | BW20: 20492 | BX20: 23224 | BY20: 23224 | BZ20: 17760 | CA20: 10929 | CB20: 5464 | CC20: 1366 | CK20: =+SUM(BM20:CJ20) -> 136611 | CL20: 5 | CM20: =+CK20*CL20 -> 683055 | CQ20: Sábado | CX20: 1370 | CY20: 5479 | CZ20: 10959 | DA20: 16438 | DB20: 20548 | DC20: 23288 | DD20: 23288 | DE20: 17808 | DF20: 10959 | DG20: 5479 | DH20: 1370 | DP20: =+SUM(CR20:DO20) -> 136986 | DQ20: 4 | DR20: =+DP20*DQ20 -> 547944 | DW20: Sábado | ED20: 1370 | EE20: 5479 | EF20: 10959 | EG20: 16438 | EH20: 20548 | EI20: 23288 | EJ20: 23288 | EK20: 17808 | EL20: 10959 | EM20: 5479 | EN20: 1370 | EV20: =+SUM(DX20:EU20) -> 136986 | EW20: 4 | EX20: =+EV20*EW20 -> 547944 | FC20: Sábado | FJ20: 1370 | FK20: 5479 | FL20: 10959 | FM20: 16438 | FN20: 20548 | FO20: 23288 | FP20: 23288 | FQ20: 17808 | FR20: 10959 | FS20: 5479 | FT20: 1370 | GB20: =+SUM(FD20:GA20) -> 136986 | GC20: 4 | GD20: =+GB20*GC20 -> 547944 | GH20: Sábado | GO20: 1366 | GP20: 5464 | GQ20: 10929 | GR20: 16393 | GS20: 20492 | GT20: 23224 | GU20: 23224 | GV20: 17760 | GW20: 10929 | GX20: 5464 | GY20: 1366 | HG20: =+SUM(GI20:HF20) -> 136611 | HH20: 4 | HI20: =+HG20*HH20 -> 546444 | HM20: Sábado | HT20: 1370 | HU20: 5479 | HV20: 10959 | HW20: 16438 | HX20: 20548 | HY20: 23288 | HZ20: 23288 | IA20: 17808 | IB20: 10959 | IC20: 5479 | ID20: 1370 | IL20: =+SUM(HN20:IK20) -> 136986 | IM20: 5 | IN20: =+IL20*IM20 -> 684930 | IR20: Sábado | IY20: 1370 | IZ20: 5479 | JA20: 10959 | JB20: 16438 | JC20: 20548 | JD20: 23288 | JE20: 23288 | JF20: 17808 | JG20: 10959 | JH20: 5479 | JI20: 1370 | JQ20: =+SUM(IS20:JP20) -> 136986 | JR20: 5 | JS20: =+JQ20*JR20 -> 684930 | JW20: Sábado | KE20: 1370 | KF20: 5479 | KG20: 10959 | KH20: 16438 | KI20: 20548 | KJ20: 23288 | KK20: 23288 | KL20: 17808 | KM20: 10959 | KN20: 5479 | KO20: 1370 | KV20: =+SUM(JX20:KU20) -> 136986 | KW20: 4 | KX20: =+KV20*KW20 -> 547944 | LB20: Sábado | LI20: 1366 | LJ20: 5464 | LK20: 10929 | LL20: 16393 | LM20: 20492 | LN20: 23224 | LO20: 23224 | LP20: 17760 | LQ20: 10929 | LR20: 5464 | LS20: 1366 | MA20: =+SUM(LC20:LZ20) -> 136611 | MB20: 4 | MC20: =+MA20*MB20 -> 546444 | MG20: Sábado | MN20: 1370 | MO20: 5479 | MP20: 10959 | MQ20: 16438 | MR20: 20548 | MS20: 23288 | MT20: 23288 | MU20: 17808 | MV20: 10959 | MW20: 5479 | MX20: 1370 | NF20: =+SUM(MH20:NE20) -> 136986 | NG20: 4 | NH20: =+NF20*NG20 -> 547944 | NL20: Sábado | NS20: 1370 | NT20: 5479 | NU20: 10959 | NV20: 16438 | NW20: 20548 | NX20: 23288 | NY20: 23288 | NZ20: 17808 | OA20: 10959 | OB20: 5479 | OC20: 1370 | OK20: =+SUM(NM20:OJ20) -> 136986 | OL20: 4 | OM20: =+OK20*OL20 -> 547944 | OQ20: Sábado | OX20: 1370 | OY20: 5479 | OZ20: 10959 | PA20: 16438 | PB20: 20548 | PC20: 23288 | PD20: 23288 | PE20: 17808 | PF20: 10959 | PG20: 5479 | PH20: 1370 | PP20: =+SUM(OR20:PO20) -> 136986 | PQ20: 5 | PR20: =+PP20*PQ20 -> 684930 | PV20: Sábado | QC20: 1366 | QD20: 5464 | QE20: 10929 | QF20: 16393 | QG20: 20492 | QH20: 23224 | QI20: 23224 | QJ20: 17760 | QK20: 10929 | QL20: 5464 | QM20: 1366 | QU20: =+SUM(PW20:QT20) -> 136611 | QV20: 4 | QW20: =+QU20*QV20 -> 546444
B21: Domingo | I21: 1370 | J21: 5479 | K21: 10959 | L21: 16438 | M21: 20548 | N21: 23288 | O21: 23288 | P21: 17808 | Q21: 10959 | R21: 5479 | S21: 1370 | AA21: =+SUM(C21:Z21) -> 136986 | AB21: 4 | AC21: =+AA21*AB21 -> 547944 | AG21: Domingo | AN21: 1370 | AO21: 5479 | AP21: 10959 | AQ21: 16438 | AR21: 20548 | AS21: 23288 | AT21: 23288 | AU21: 17808 | AV21: 10959 | AW21: 5479 | AX21: 1370 | BF21: =+SUM(AH21:BE21) -> 136986 | BG21: 4 | BH21: =+BF21*BG21 -> 547944 | BL21: Domingo | BS21: 1366 | BT21: 5464 | BU21: 10929 | BV21: 16393 | BW21: 20492 | BX21: 23224 | BY21: 23224 | BZ21: 17760 | CA21: 10929 | CB21: 5464 | CC21: 1366 | CK21: =+SUM(BM21:CJ21) -> 136611 | CL21: 5 | CM21: =+CK21*CL21 -> 683055 | CQ21: Domingo | CX21: 1370 | CY21: 5479 | CZ21: 10959 | DA21: 16438 | DB21: 20548 | DC21: 23288 | DD21: 23288 | DE21: 17808 | DF21: 10959 | DG21: 5479 | DH21: 1370 | DP21: =+SUM(CR21:DO21) -> 136986 | DQ21: 5 | DR21: =+DP21*DQ21 -> 684930 | DW21: Domingo | ED21: 1370 | EE21: 5479 | EF21: 10959 | EG21: 16438 | EH21: 20548 | EI21: 23288 | EJ21: 23288 | EK21: 17808 | EL21: 10959 | EM21: 5479 | EN21: 1370 | EV21: =+SUM(DX21:EU21) -> 136986 | EW21: 4 | EX21: =+EV21*EW21 -> 547944 | FC21: Domingo | FJ21: 1370 | FK21: 5479 | FL21: 10959 | FM21: 16438 | FN21: 20548 | FO21: 23288 | FP21: 23288 | FQ21: 17808 | FR21: 10959 | FS21: 5479 | FT21: 1370 | GB21: =+SUM(FD21:GA21) -> 136986 | GC21: 4 | GD21: =+GB21*GC21 -> 547944 | GH21: Domingo | GO21: 1366 | GP21: 5464 | GQ21: 10929 | GR21: 16393 | GS21: 20492 | GT21: 23224 | GU21: 23224 | GV21: 17760 | GW21: 10929 | GX21: 5464 | GY21: 1366 | HG21: =+SUM(GI21:HF21) -> 136611 | HH21: 4 | HI21: =+HG21*HH21 -> 546444 | HM21: Domingo | HT21: 1370 | HU21: 5479 | HV21: 10959 | HW21: 16438 | HX21: 20548 | HY21: 23288 | HZ21: 23288 | IA21: 17808 | IB21: 10959 | IC21: 5479 | ID21: 1370 | IL21: =+SUM(HN21:IK21) -> 136986 | IM21: 4 | IN21: =+IL21*IM21 -> 547944 | IR21: Domingo | IY21: 1370 | IZ21: 5479 | JA21: 10959 | JB21: 16438 | JC21: 20548 | JD21: 23288 | JE21: 23288 | JF21: 17808 | JG21: 10959 | JH21: 5479 | JI21: 1370 | JQ21: =+SUM(IS21:JP21) -> 136986 | JR21: 5 | JS21: =+JQ21*JR21 -> 684930 | JW21: Domingo | KE21: 1370 | KF21: 5479 | KG21: 10959 | KH21: 16438 | KI21: 20548 | KJ21: 23288 | KK21: 23288 | KL21: 17808 | KM21: 10959 | KN21: 5479 | KO21: 1370 | KV21: =+SUM(JX21:KU21) -> 136986 | KW21: 5 | KX21: =+KV21*KW21 -> 684930 | LB21: Domingo | LI21: 1366 | LJ21: 5464 | LK21: 10929 | LL21: 16393 | LM21: 20492 | LN21: 23224 | LO21: 23224 | LP21: 17760 | LQ21: 10929 | LR21: 5464 | LS21: 1366 | MA21: =+SUM(LC21:LZ21) -> 136611 | MB21: 4 | MC21: =+MA21*MB21 -> 546444 | MG21: Domingo | MN21: 1370 | MO21: 5479 | MP21: 10959 | MQ21: 16438 | MR21: 20548 | MS21: 23288 | MT21: 23288 | MU21: 17808 | MV21: 10959 | MW21: 5479 | MX21: 1370 | NF21: =+SUM(MH21:NE21) -> 136986 | NG21: 4 | NH21: =+NF21*NG21 -> 547944 | NL21: Domingo | NS21: 1370 | NT21: 5479 | NU21: 10959 | NV21: 16438 | NW21: 20548 | NX21: 23288 | NY21: 23288 | NZ21: 17808 | OA21: 10959 | OB21: 5479 | OC21: 1370 | OK21: =+SUM(NM21:OJ21) -> 136986 | OL21: 4 | OM21: =+OK21*OL21 -> 547944 | OQ21: Domingo | OX21: 1370 | OY21: 5479 | OZ21: 10959 | PA21: 16438 | PB21: 20548 | PC21: 23288 | PD21: 23288 | PE21: 17808 | PF21: 10959 | PG21: 5479 | PH21: 1370 | PP21: =+SUM(OR21:PO21) -> 136986 | PQ21: 4 | PR21: =+PP21*PQ21 -> 547944 | PV21: Domingo | QC21: 1366 | QD21: 5464 | QE21: 10929 | QF21: 16393 | QG21: 20492 | QH21: 23224 | QI21: 23224 | QJ21: 17760 | QK21: 10929 | QL21: 5464 | QM21: 1366 | QU21: =+SUM(PW21:QT21) -> 136611 | QV21: 5 | QW21: =+QU21*QV21 -> 683055
B22: Festivo | I22: 1370 | J22: 5479 | K22: 10959 | L22: 16438 | M22: 20548 | N22: 23288 | O22: 23288 | P22: 17808 | Q22: 10959 | R22: 5479 | S22: 1370 | AA22: =+SUM(C22:Z22) -> 136986 | AB22: 2 | AC22: =+AA22*AB22 -> 273972 | AG22: Festivo | AN22: 0 | AO22: 0 | AP22: 0 | AQ22: 0 | AR22: 0 | AS22: 0 | AT22: 0 | AU22: 0 | AV22: 0 | AW22: 0 | AX22: 0 | BF22: =+SUM(AH22:BE22) -> 0 | BG22: 0 | BH22: =+BF22*BG22 -> 0 | BL22: Festivo | BS22: 1366 | BT22: 5464 | BU22: 10929 | BV22: 16393 | BW22: 20492 | BX22: 23224 | BY22: 23224 | BZ22: 17760 | CA22: 10929 | CB22: 5464 | CC22: 1366 | CK22: =+SUM(BM22:CJ22) -> 136611 | CL22: 2 | CM22: =+CK22*CL22 -> 273222 | CQ22: Festivo | CX22: 0 | CY22: 0 | CZ22: 0 | DA22: 0 | DB22: 0 | DC22: 0 | DD22: 0 | DE22: 0 | DF22: 0 | DG22: 0 | DH22: 0 | DP22: =+SUM(CR22:DO22) -> 0 | DQ22: 0 | DR22: =+DP22*DQ22 -> 0 | DW22: Festivo | ED22: 1370 | EE22: 5479 | EF22: 10959 | EG22: 16438 | EH22: 20548 | EI22: 23288 | EJ22: 23288 | EK22: 17808 | EL22: 10959 | EM22: 5479 | EN22: 1370 | EV22: =+SUM(DX22:EU22) -> 136986 | EW22: 2 | EX22: =+EV22*EW22 -> 273972 | FC22: Festivo | FJ22: 1370 | FK22: 5479 | FL22: 10959 | FM22: 16438 | FN22: 20548 | FO22: 23288 | FP22: 23288 | FQ22: 17808 | FR22: 10959 | FS22: 5479 | FT22: 1370 | GB22: =+SUM(FD22:GA22) -> 136986 | GC22: 2 | GD22: =+GB22*GC22 -> 273972 | GH22: Festivo | GO22: 1366 | GP22: 5464 | GQ22: 10929 | GR22: 16393 | GS22: 20492 | GT22: 23224 | GU22: 23224 | GV22: 17760 | GW22: 10929 | GX22: 5464 | GY22: 1366 | HG22: =+SUM(GI22:HF22) -> 136611 | HH22: 0 | HI22: =+HG22*HH22 -> 0 | HM22: Festivo | HT22: 1370 | HU22: 5479 | HV22: 10959 | HW22: 16438 | HX22: 20548 | HY22: 23288 | HZ22: 23288 | IA22: 17808 | IB22: 10959 | IC22: 5479 | ID22: 1370 | IL22: =+SUM(HN22:IK22) -> 136986 | IM22: 2 | IN22: =+IL22*IM22 -> 273972 | IR22: Festivo | IY22: 1370 | IZ22: 5479 | JA22: 10959 | JB22: 16438 | JC22: 20548 | JD22: 23288 | JE22: 23288 | JF22: 17808 | JG22: 10959 | JH22: 5479 | JI22: 1370 | JQ22: =+SUM(IS22:JP22) -> 136986 | JR22: 2 | JS22: =+JQ22*JR22 -> 273972 | JW22: Festivo | KE22: 1370 | KF22: 5479 | KG22: 10959 | KH22: 16438 | KI22: 20548 | KJ22: 23288 | KK22: 23288 | KL22: 17808 | KM22: 10959 | KN22: 5479 | KO22: 1370 | KV22: =+SUM(JX22:KU22) -> 136986 | KW22: 0 | KX22: =+KV22*KW22 -> 0 | LB22: Festivo | LI22: 1366 | LJ22: 5464 | LK22: 10929 | LL22: 16393 | LM22: 20492 | LN22: 23224 | LO22: 23224 | LP22: 17760 | LQ22: 10929 | LR22: 5464 | LS22: 1366 | MA22: =+SUM(LC22:LZ22) -> 136611 | MB22: 2 | MC22: =+MA22*MB22 -> 273222 | MG22: Festivo | MN22: 1370 | MO22: 5479 | MP22: 10959 | MQ22: 16438 | MR22: 20548 | MS22: 23288 | MT22: 23288 | MU22: 17808 | MV22: 10959 | MW22: 5479 | MX22: 1370 | NF22: =+SUM(MH22:NE22) -> 136986 | NG22: 2 | NH22: =+NF22*NG22 -> 273972 | NL22: Festivo | NS22: 1370 | NT22: 5479 | NU22: 10959 | NV22: 16438 | NW22: 20548 | NX22: 23288 | NY22: 23288 | NZ22: 17808 | OA22: 10959 | OB22: 5479 | OC22: 1370 | OK22: =+SUM(NM22:OJ22) -> 136986 | OL22: 2 | OM22: =+OK22*OL22 -> 273972 | OQ22: Festivo | OX22: 1370 | OY22: 5479 | OZ22: 10959 | PA22: 16438 | PB22: 20548 | PC22: 23288 | PD22: 23288 | PE22: 17808 | PF22: 10959 | PG22: 5479 | PH22: 1370 | PP22: =+SUM(OR22:PO22) -> 136986 | PQ22: 2 | PR22: =+PP22*PQ22 -> 273972 | PV22: Festivo | QC22: 1366 | QD22: 5464 | QE22: 10929 | QF22: 16393 | QG22: 20492 | QH22: 23224 | QI22: 23224 | QJ22: 17760 | QK22: 10929 | QL22: 5464 | QM22: 1366 | QU22: =+SUM(PW22:QT22) -> 136611 | QV22: 0 | QW22: =+QU22*QV22 -> 0
A23: 46143 | B23: Hábil | I23: 1370 | J23: 5479 | K23: 10959 | L23: 16438 | M23: 20548 | N23: 23288 | O23: 23288 | P23: 17808 | Q23: 10959 | R23: 5479 | S23: 1370 | AA23: =+SUM(C23:Z23) -> 136986 | AB23: 19 | AC23: =+AA23*AB23 -> 2602734 | AD23: =+SUM(AC23:AC26) -> 4246566 | AF23: 46508 | AG23: Hábil | AN23: 1370 | AO23: 5479 | AP23: 10959 | AQ23: 16438 | AR23: 20548 | AS23: 23288 | AT23: 23288 | AU23: 17808 | AV23: 10959 | AW23: 5479 | AX23: 1370 | BF23: =+SUM(AH23:BE23) -> 136986 | BG23: 19 | BH23: =+BF23*BG23 -> 2602734 | BI23: =+SUM(BH23:BH26) -> 4246566 | BK23: 46874 | BL23: Hábil | BS23: 1366 | BT23: 5464 | BU23: 10929 | BV23: 16393 | BW23: 20492 | BX23: 23224 | BY23: 23224 | BZ23: 17760 | CA23: 10929 | CB23: 5464 | CC23: 1366 | CK23: =+SUM(BM23:CJ23) -> 136611 | CL23: 21 | CM23: =+CK23*CL23 -> 2868831 | CN23: =+SUM(CM23:CM26) -> 4234941 | CP23: 47239 | CQ23: Hábil | CX23: 1370 | CY23: 5479 | CZ23: 10959 | DA23: 16438 | DB23: 20548 | DC23: 23288 | DD23: 23288 | DE23: 17808 | DF23: 10959 | DG23: 5479 | DH23: 1370 | DP23: =+SUM(CR23:DO23) -> 136986 | DQ23: 21 | DR23: =+DP23*DQ23 -> 2876706 | DS23: =+SUM(DR23:DR26) -> 4246566 | DV23: 47604 | DW23: Hábil | ED23: 1370 | EE23: 5479 | EF23: 10959 | EG23: 16438 | EH23: 20548 | EI23: 23288 | EJ23: 23288 | EK23: 17808 | EL23: 10959 | EM23: 5479 | EN23: 1370 | EV23: =+SUM(DX23:EU23) -> 136986 | EW23: 22 | EX23: =+EV23*EW23 -> 3013692 | EY23: =+SUM(EX23:EX26) -> 4246566 | FB23: 47969 | FC23: Hábil | FJ23: 1370 | FK23: 5479 | FL23: 10959 | FM23: 16438 | FN23: 20548 | FO23: 23288 | FP23: 23288 | FQ23: 17808 | FR23: 10959 | FS23: 5479 | FT23: 1370 | GB23: =+SUM(FD23:GA23) -> 136986 | GC23: 20 | GD23: =+GB23*GC23 -> 2739720 | GE23: =+SUM(GD23:GD26) -> 4246566 | GG23: 48335 | GH23: Hábil | GO23: 1366 | GP23: 5464 | GQ23: 10929 | GR23: 16393 | GS23: 20492 | GT23: 23224 | GU23: 23224 | GV23: 17760 | GW23: 10929 | GX23: 5464 | GY23: 1366 | HG23: =+SUM(GI23:HF23) -> 136611 | HH23: 19 | HI23: =+HG23*HH23 -> 2595609 | HJ23: =+SUM(HI23:HI26) -> 4234941 | HL23: 48700 | HM23: Hábil | HT23: 1370 | HU23: 5479 | HV23: 10959 | HW23: 16438 | HX23: 20548 | HY23: 23288 | HZ23: 23288 | IA23: 17808 | IB23: 10959 | IC23: 5479 | ID23: 1370 | IL23: =+SUM(HN23:IK23) -> 136986 | IM23: 21 | IN23: =+IL23*IM23 -> 2876706 | IO23: =+SUM(IN23:IN26) -> 4246566 | IQ23: 49065 | IR23: Hábil | IY23: 1370 | IZ23: 5479 | JA23: 10959 | JB23: 16438 | JC23: 20548 | JD23: 23288 | JE23: 23288 | JF23: 17808 | JG23: 10959 | JH23: 5479 | JI23: 1370 | JQ23: =+SUM(IS23:JP23) -> 136986 | JR23: 21 | JS23: =+JQ23*JR23 -> 2876706 | JT23: =+SUM(JS23:JS26) -> 4246566 | JV23: 49430 | JW23: Hábil | KE23: 1370 | KF23: 5479 | KG23: 10959 | KH23: 16438 | KI23: 20548 | KJ23: 23288 | KK23: 23288 | KL23: 17808 | KM23: 10959 | KN23: 5479 | KO23: 1370 | KV23: =+SUM(JX23:KU23) -> 136986 | KW23: 20 | KX23: =+KV23*KW23 -> 2739720 | KY23: =+SUM(KX23:KX26) -> 4246566 | LA23: 49796 | LB23: Hábil | LI23: 1366 | LJ23: 5464 | LK23: 10929 | LL23: 16393 | LM23: 20492 | LN23: 23224 | LO23: 23224 | LP23: 17760 | LQ23: 10929 | LR23: 5464 | LS23: 1366 | MA23: =+SUM(LC23:LZ23) -> 136611 | MB23: 20 | MC23: =+MA23*MB23 -> 2732220 | MD23: =+SUM(MC23:MC26) -> 4234941 | MF23: 50161 | MG23: Hábil | MN23: 1370 | MO23: 5479 | MP23: 10959 | MQ23: 16438 | MR23: 20548 | MS23: 23288 | MT23: 23288 | MU23: 17808 | MV23: 10959 | MW23: 5479 | MX23: 1370 | NF23: =+SUM(MH23:NE23) -> 136986 | NG23: 19 | NH23: =+NF23*NG23 -> 2602734 | NI23: =+SUM(NH23:NH26) -> 4246566 | NK23: 50526 | NL23: Hábil | NS23: 1370 | NT23: 5479 | NU23: 10959 | NV23: 16438 | NW23: 20548 | NX23: 23288 | NY23: 23288 | NZ23: 17808 | OA23: 10959 | OB23: 5479 | OC23: 1370 | OK23: =+SUM(NM23:OJ23) -> 136986 | OL23: 21 | OM23: =+OK23*OL23 -> 2876706 | ON23: =+SUM(OM23:OM26) -> 4246566 | OP23: 50891 | OQ23: Hábil | OX23: 1370 | OY23: 5479 | OZ23: 10959 | PA23: 16438 | PB23: 20548 | PC23: 23288 | PD23: 23288 | PE23: 17808 | PF23: 10959 | PG23: 5479 | PH23: 1370 | PP23: =+SUM(OR23:PO23) -> 136986 | PQ23: 21 | PR23: =+PP23*PQ23 -> 2876706 | PS23: =+SUM(PR23:PR26) -> 4246566 | PU23: 51257 | PV23: Hábil | QC23: 1366 | QD23: 5464 | QE23: 10929 | QF23: 16393 | QG23: 20492 | QH23: 23224 | QI23: 23224 | QJ23: 17760 | QK23: 10929 | QL23: 5464 | QM23: 1366 | QU23: =+SUM(PW23:QT23) -> 136611 | QV23: 21 | QW23: =+QU23*QV23 -> 2868831 | QX23: =+SUM(QW23:QW26) -> 4234941
B24: Sábado | I24: 1370 | J24: 5479 | K24: 10959 | L24: 16438 | M24: 20548 | N24: 23288 | O24: 23288 | P24: 17808 | Q24: 10959 | R24: 5479 | S24: 1370 | AA24: =+SUM(C24:Z24) -> 136986 | AB24: 5 | AC24: =+AA24*AB24 -> 684930 | AG24: Sábado | AN24: 1370 | AO24: 5479 | AP24: 10959 | AQ24: 16438 | AR24: 20548 | AS24: 23288 | AT24: 23288 | AU24: 17808 | AV24: 10959 | AW24: 5479 | AX24: 1370 | BF24: =+SUM(AH24:BE24) -> 136986 | BG24: 4 | BH24: =+BF24*BG24 -> 547944 | BL24: Sábado | BS24: 1366 | BT24: 5464 | BU24: 10929 | BV24: 16393 | BW24: 20492 | BX24: 23224 | BY24: 23224 | BZ24: 17760 | CA24: 10929 | CB24: 5464 | CC24: 1366 | CK24: =+SUM(BM24:CJ24) -> 136611 | CL24: 4 | CM24: =+CK24*CL24 -> 546444 | CQ24: Sábado | CX24: 1370 | CY24: 5479 | CZ24: 10959 | DA24: 16438 | DB24: 20548 | DC24: 23288 | DD24: 23288 | DE24: 17808 | DF24: 10959 | DG24: 5479 | DH24: 1370 | DP24: =+SUM(CR24:DO24) -> 136986 | DQ24: 4 | DR24: =+DP24*DQ24 -> 547944 | DW24: Sábado | ED24: 1370 | EE24: 5479 | EF24: 10959 | EG24: 16438 | EH24: 20548 | EI24: 23288 | EJ24: 23288 | EK24: 17808 | EL24: 10959 | EM24: 5479 | EN24: 1370 | EV24: =+SUM(DX24:EU24) -> 136986 | EW24: 4 | EX24: =+EV24*EW24 -> 547944 | FC24: Sábado | FJ24: 1370 | FK24: 5479 | FL24: 10959 | FM24: 16438 | FN24: 20548 | FO24: 23288 | FP24: 23288 | FQ24: 17808 | FR24: 10959 | FS24: 5479 | FT24: 1370 | GB24: =+SUM(FD24:GA24) -> 136986 | GC24: 5 | GD24: =+GB24*GC24 -> 684930 | GH24: Sábado | GO24: 1366 | GP24: 5464 | GQ24: 10929 | GR24: 16393 | GS24: 20492 | GT24: 23224 | GU24: 23224 | GV24: 17760 | GW24: 10929 | GX24: 5464 | GY24: 1366 | HG24: =+SUM(GI24:HF24) -> 136611 | HH24: 4 | HI24: =+HG24*HH24 -> 546444 | HM24: Sábado | HT24: 1370 | HU24: 5479 | HV24: 10959 | HW24: 16438 | HX24: 20548 | HY24: 23288 | HZ24: 23288 | IA24: 17808 | IB24: 10959 | IC24: 5479 | ID24: 1370 | IL24: =+SUM(HN24:IK24) -> 136986 | IM24: 4 | IN24: =+IL24*IM24 -> 547944 | IR24: Sábado | IY24: 1370 | IZ24: 5479 | JA24: 10959 | JB24: 16438 | JC24: 20548 | JD24: 23288 | JE24: 23288 | JF24: 17808 | JG24: 10959 | JH24: 5479 | JI24: 1370 | JQ24: =+SUM(IS24:JP24) -> 136986 | JR24: 4 | JS24: =+JQ24*JR24 -> 547944 | JW24: Sábado | KE24: 1370 | KF24: 5479 | KG24: 10959 | KH24: 16438 | KI24: 20548 | KJ24: 23288 | KK24: 23288 | KL24: 17808 | KM24: 10959 | KN24: 5479 | KO24: 1370 | KV24: =+SUM(JX24:KU24) -> 136986 | KW24: 4 | KX24: =+KV24*KW24 -> 547944 | LB24: Sábado | LI24: 1366 | LJ24: 5464 | LK24: 10929 | LL24: 16393 | LM24: 20492 | LN24: 23224 | LO24: 23224 | LP24: 17760 | LQ24: 10929 | LR24: 5464 | LS24: 1366 | MA24: =+SUM(LC24:LZ24) -> 136611 | MB24: 5 | MC24: =+MA24*MB24 -> 683055 | MG24: Sábado | MN24: 1370 | MO24: 5479 | MP24: 10959 | MQ24: 16438 | MR24: 20548 | MS24: 23288 | MT24: 23288 | MU24: 17808 | MV24: 10959 | MW24: 5479 | MX24: 1370 | NF24: =+SUM(MH24:NE24) -> 136986 | NG24: 5 | NH24: =+NF24*NG24 -> 684930 | NL24: Sábado | NS24: 1370 | NT24: 5479 | NU24: 10959 | NV24: 16438 | NW24: 20548 | NX24: 23288 | NY24: 23288 | NZ24: 17808 | OA24: 10959 | OB24: 5479 | OC24: 1370 | OK24: =+SUM(NM24:OJ24) -> 136986 | OL24: 4 | OM24: =+OK24*OL24 -> 547944 | OQ24: Sábado | OX24: 1370 | OY24: 5479 | OZ24: 10959 | PA24: 16438 | PB24: 20548 | PC24: 23288 | PD24: 23288 | PE24: 17808 | PF24: 10959 | PG24: 5479 | PH24: 1370 | PP24: =+SUM(OR24:PO24) -> 136986 | PQ24: 4 | PR24: =+PP24*PQ24 -> 547944 | PV24: Sábado | QC24: 1366 | QD24: 5464 | QE24: 10929 | QF24: 16393 | QG24: 20492 | QH24: 23224 | QI24: 23224 | QJ24: 17760 | QK24: 10929 | QL24: 5464 | QM24: 1366 | QU24: =+SUM(PW24:QT24) -> 136611 | QV24: 4 | QW24: =+QU24*QV24 -> 546444
B25: Domingo | I25: 1370 | J25: 5479 | K25: 10959 | L25: 16438 | M25: 20548 | N25: 23288 | O25: 23288 | P25: 17808 | Q25: 10959 | R25: 5479 | S25: 1370 | AA25: =+SUM(C25:Z25) -> 136986 | AB25: 5 | AC25: =+AA25*AB25 -> 684930 | AG25: Domingo | AN25: 1370 | AO25: 5479 | AP25: 10959 | AQ25: 16438 | AR25: 20548 | AS25: 23288 | AT25: 23288 | AU25: 17808 | AV25: 10959 | AW25: 5479 | AX25: 1370 | BF25: =+SUM(AH25:BE25) -> 136986 | BG25: 5 | BH25: =+BF25*BG25 -> 684930 | BL25: Domingo | BS25: 1366 | BT25: 5464 | BU25: 10929 | BV25: 16393 | BW25: 20492 | BX25: 23224 | BY25: 23224 | BZ25: 17760 | CA25: 10929 | CB25: 5464 | CC25: 1366 | CK25: =+SUM(BM25:CJ25) -> 136611 | CL25: 4 | CM25: =+CK25*CL25 -> 546444 | CQ25: Domingo | CX25: 1370 | CY25: 5479 | CZ25: 10959 | DA25: 16438 | DB25: 20548 | DC25: 23288 | DD25: 23288 | DE25: 17808 | DF25: 10959 | DG25: 5479 | DH25: 1370 | DP25: =+SUM(CR25:DO25) -> 136986 | DQ25: 4 | DR25: =+DP25*DQ25 -> 547944 | DW25: Domingo | ED25: 1370 | EE25: 5479 | EF25: 10959 | EG25: 16438 | EH25: 20548 | EI25: 23288 | EJ25: 23288 | EK25: 17808 | EL25: 10959 | EM25: 5479 | EN25: 1370 | EV25: =+SUM(DX25:EU25) -> 136986 | EW25: 4 | EX25: =+EV25*EW25 -> 547944 | FC25: Domingo | FJ25: 1370 | FK25: 5479 | FL25: 10959 | FM25: 16438 | FN25: 20548 | FO25: 23288 | FP25: 23288 | FQ25: 17808 | FR25: 10959 | FS25: 5479 | FT25: 1370 | GB25: =+SUM(FD25:GA25) -> 136986 | GC25: 4 | GD25: =+GB25*GC25 -> 547944 | GH25: Domingo | GO25: 1366 | GP25: 5464 | GQ25: 10929 | GR25: 16393 | GS25: 20492 | GT25: 23224 | GU25: 23224 | GV25: 17760 | GW25: 10929 | GX25: 5464 | GY25: 1366 | HG25: =+SUM(GI25:HF25) -> 136611 | HH25: 5 | HI25: =+HG25*HH25 -> 683055 | HM25: Domingo | HT25: 1370 | HU25: 5479 | HV25: 10959 | HW25: 16438 | HX25: 20548 | HY25: 23288 | HZ25: 23288 | IA25: 17808 | IB25: 10959 | IC25: 5479 | ID25: 1370 | IL25: =+SUM(HN25:IK25) -> 136986 | IM25: 4 | IN25: =+IL25*IM25 -> 547944 | IR25: Domingo | IY25: 1370 | IZ25: 5479 | JA25: 10959 | JB25: 16438 | JC25: 20548 | JD25: 23288 | JE25: 23288 | JF25: 17808 | JG25: 10959 | JH25: 5479 | JI25: 1370 | JQ25: =+SUM(IS25:JP25) -> 136986 | JR25: 4 | JS25: =+JQ25*JR25 -> 547944 | JW25: Domingo | KE25: 1370 | KF25: 5479 | KG25: 10959 | KH25: 16438 | KI25: 20548 | KJ25: 23288 | KK25: 23288 | KL25: 17808 | KM25: 10959 | KN25: 5479 | KO25: 1370 | KV25: =+SUM(JX25:KU25) -> 136986 | KW25: 4 | KX25: =+KV25*KW25 -> 547944 | LB25: Domingo | LI25: 1366 | LJ25: 5464 | LK25: 10929 | LL25: 16393 | LM25: 20492 | LN25: 23224 | LO25: 23224 | LP25: 17760 | LQ25: 10929 | LR25: 5464 | LS25: 1366 | MA25: =+SUM(LC25:LZ25) -> 136611 | MB25: 4 | MC25: =+MA25*MB25 -> 546444 | MG25: Domingo | MN25: 1370 | MO25: 5479 | MP25: 10959 | MQ25: 16438 | MR25: 20548 | MS25: 23288 | MT25: 23288 | MU25: 17808 | MV25: 10959 | MW25: 5479 | MX25: 1370 | NF25: =+SUM(MH25:NE25) -> 136986 | NG25: 5 | NH25: =+NF25*NG25 -> 684930 | NL25: Domingo | NS25: 1370 | NT25: 5479 | NU25: 10959 | NV25: 16438 | NW25: 20548 | NX25: 23288 | NY25: 23288 | NZ25: 17808 | OA25: 10959 | OB25: 5479 | OC25: 1370 | OK25: =+SUM(NM25:OJ25) -> 136986 | OL25: 5 | OM25: =+OK25*OL25 -> 684930 | OQ25: Domingo | OX25: 1370 | OY25: 5479 | OZ25: 10959 | PA25: 16438 | PB25: 20548 | PC25: 23288 | PD25: 23288 | PE25: 17808 | PF25: 10959 | PG25: 5479 | PH25: 1370 | PP25: =+SUM(OR25:PO25) -> 136986 | PQ25: 4 | PR25: =+PP25*PQ25 -> 547944 | PV25: Domingo | QC25: 1366 | QD25: 5464 | QE25: 10929 | QF25: 16393 | QG25: 20492 | QH25: 23224 | QI25: 23224 | QJ25: 17760 | QK25: 10929 | QL25: 5464 | QM25: 1366 | QU25: =+SUM(PW25:QT25) -> 136611 | QV25: 4 | QW25: =+QU25*QV25 -> 546444
B26: Festivo | I26: 1370 | J26: 5479 | K26: 10959 | L26: 16438 | M26: 20548 | N26: 23288 | O26: 23288 | P26: 17808 | Q26: 10959 | R26: 5479 | S26: 1370 | AA26: =+SUM(C26:Z26) -> 136986 | AB26: 2 | AC26: =+AA26*AB26 -> 273972 | AG26: Festivo | AN26: 1370 | AO26: 5479 | AP26: 10959 | AQ26: 16438 | AR26: 20548 | AS26: 23288 | AT26: 23288 | AU26: 17808 | AV26: 10959 | AW26: 5479 | AX26: 1370 | BF26: =+SUM(AH26:BE26) -> 136986 | BG26: 3 | BH26: =+BF26*BG26 -> 410958 | BL26: Festivo | BS26: 1366 | BT26: 5464 | BU26: 10929 | BV26: 16393 | BW26: 20492 | BX26: 23224 | BY26: 23224 | BZ26: 17760 | CA26: 10929 | CB26: 5464 | CC26: 1366 | CK26: =+SUM(BM26:CJ26) -> 136611 | CL26: 2 | CM26: =+CK26*CL26 -> 273222 | CQ26: Festivo | CX26: 1370 | CY26: 5479 | CZ26: 10959 | DA26: 16438 | DB26: 20548 | DC26: 23288 | DD26: 23288 | DE26: 17808 | DF26: 10959 | DG26: 5479 | DH26: 1370 | DP26: =+SUM(CR26:DO26) -> 136986 | DQ26: 2 | DR26: =+DP26*DQ26 -> 273972 | DW26: Festivo | ED26: 1370 | EE26: 5479 | EF26: 10959 | EG26: 16438 | EH26: 20548 | EI26: 23288 | EJ26: 23288 | EK26: 17808 | EL26: 10959 | EM26: 5479 | EN26: 1370 | EV26: =+SUM(DX26:EU26) -> 136986 | EW26: 1 | EX26: =+EV26*EW26 -> 136986 | FC26: Festivo | FJ26: 1370 | FK26: 5479 | FL26: 10959 | FM26: 16438 | FN26: 20548 | FO26: 23288 | FP26: 23288 | FQ26: 17808 | FR26: 10959 | FS26: 5479 | FT26: 1370 | GB26: =+SUM(FD26:GA26) -> 136986 | GC26: 2 | GD26: =+GB26*GC26 -> 273972 | GH26: Festivo | GO26: 1366 | GP26: 5464 | GQ26: 10929 | GR26: 16393 | GS26: 20492 | GT26: 23224 | GU26: 23224 | GV26: 17760 | GW26: 10929 | GX26: 5464 | GY26: 1366 | HG26: =+SUM(GI26:HF26) -> 136611 | HH26: 3 | HI26: =+HG26*HH26 -> 409833 | HM26: Festivo | HT26: 1370 | HU26: 5479 | HV26: 10959 | HW26: 16438 | HX26: 20548 | HY26: 23288 | HZ26: 23288 | IA26: 17808 | IB26: 10959 | IC26: 5479 | ID26: 1370 | IL26: =+SUM(HN26:IK26) -> 136986 | IM26: 2 | IN26: =+IL26*IM26 -> 273972 | IR26: Festivo | IY26: 1370 | IZ26: 5479 | JA26: 10959 | JB26: 16438 | JC26: 20548 | JD26: 23288 | JE26: 23288 | JF26: 17808 | JG26: 10959 | JH26: 5479 | JI26: 1370 | JQ26: =+SUM(IS26:JP26) -> 136986 | JR26: 2 | JS26: =+JQ26*JR26 -> 273972 | JW26: Festivo | KE26: 1370 | KF26: 5479 | KG26: 10959 | KH26: 16438 | KI26: 20548 | KJ26: 23288 | KK26: 23288 | KL26: 17808 | KM26: 10959 | KN26: 5479 | KO26: 1370 | KV26: =+SUM(JX26:KU26) -> 136986 | KW26: 3 | KX26: =+KV26*KW26 -> 410958 | LB26: Festivo | LI26: 1366 | LJ26: 5464 | LK26: 10929 | LL26: 16393 | LM26: 20492 | LN26: 23224 | LO26: 23224 | LP26: 17760 | LQ26: 10929 | LR26: 5464 | LS26: 1366 | MA26: =+SUM(LC26:LZ26) -> 136611 | MB26: 2 | MC26: =+MA26*MB26 -> 273222 | MG26: Festivo | MN26: 1370 | MO26: 5479 | MP26: 10959 | MQ26: 16438 | MR26: 20548 | MS26: 23288 | MT26: 23288 | MU26: 17808 | MV26: 10959 | MW26: 5479 | MX26: 1370 | NF26: =+SUM(MH26:NE26) -> 136986 | NG26: 2 | NH26: =+NF26*NG26 -> 273972 | NL26: Festivo | NS26: 1370 | NT26: 5479 | NU26: 10959 | NV26: 16438 | NW26: 20548 | NX26: 23288 | NY26: 23288 | NZ26: 17808 | OA26: 10959 | OB26: 5479 | OC26: 1370 | OK26: =+SUM(NM26:OJ26) -> 136986 | OL26: 1 | OM26: =+OK26*OL26 -> 136986 | OQ26: Festivo | OX26: 1370 | OY26: 5479 | OZ26: 10959 | PA26: 16438 | PB26: 20548 | PC26: 23288 | PD26: 23288 | PE26: 17808 | PF26: 10959 | PG26: 5479 | PH26: 1370 | PP26: =+SUM(OR26:PO26) -> 136986 | PQ26: 2 | PR26: =+PP26*PQ26 -> 273972 | PV26: Festivo | QC26: 1366 | QD26: 5464 | QE26: 10929 | QF26: 16393 | QG26: 20492 | QH26: 23224 | QI26: 23224 | QJ26: 17760 | QK26: 10929 | QL26: 5464 | QM26: 1366 | QU26: =+SUM(PW26:QT26) -> 136611 | QV26: 2 | QW26: =+QU26*QV26 -> 273222
A27: 46174 | B27: Hábil | I27: 1370 | J27: 5479 | K27: 10959 | L27: 16438 | M27: 20548 | N27: 23288 | O27: 23288 | P27: 17808 | Q27: 10959 | R27: 5479 | S27: 1370 | AA27: =+SUM(C27:Z27) -> 136986 | AB27: 19 | AC27: =+AA27*AB27 -> 2602734 | AD27: =+SUM(AC27:AC30) -> 4109580 | AF27: 46539 | AG27: Hábil | AN27: 1370 | AO27: 5479 | AP27: 10959 | AQ27: 16438 | AR27: 20548 | AS27: 23288 | AT27: 23288 | AU27: 17808 | AV27: 10959 | AW27: 5479 | AX27: 1370 | BF27: =+SUM(AH27:BE27) -> 136986 | BG27: 21 | BH27: =+BF27*BG27 -> 2876706 | BI27: =+SUM(BH27:BH30) -> 4109580 | BK27: 46905 | BL27: Hábil | BS27: 1366 | BT27: 5464 | BU27: 10929 | BV27: 16393 | BW27: 20492 | BX27: 23224 | BY27: 23224 | BZ27: 17760 | CA27: 10929 | CB27: 5464 | CC27: 1366 | CK27: =+SUM(BM27:CJ27) -> 136611 | CL27: 20 | CM27: =+CK27*CL27 -> 2732220 | CN27: =+SUM(CM27:CM30) -> 4098330 | CP27: 47270 | CQ27: Hábil | CX27: 1370 | CY27: 5479 | CZ27: 10959 | DA27: 16438 | DB27: 20548 | DC27: 23288 | DD27: 23288 | DE27: 17808 | DF27: 10959 | DG27: 5479 | DH27: 1370 | DP27: =+SUM(CR27:DO27) -> 136986 | DQ27: 19 | DR27: =+DP27*DQ27 -> 2602734 | DS27: =+SUM(DR27:DR30) -> 4109580 | DV27: 47635 | DW27: Hábil | ED27: 1370 | EE27: 5479 | EF27: 10959 | EG27: 16438 | EH27: 20548 | EI27: 23288 | EJ27: 23288 | EK27: 17808 | EL27: 10959 | EM27: 5479 | EN27: 1370 | EV27: =+SUM(DX27:EU27) -> 136986 | EW27: 18 | EX27: =+EV27*EW27 -> 2465748 | EY27: =+SUM(EX27:EX30) -> 4109580 | FB27: 48000 | FC27: Hábil | FJ27: 1370 | FK27: 5479 | FL27: 10959 | FM27: 16438 | FN27: 20548 | FO27: 23288 | FP27: 23288 | FQ27: 17808 | FR27: 10959 | FS27: 5479 | FT27: 1370 | GB27: =+SUM(FD27:GA27) -> 136986 | GC27: 18 | GD27: =+GB27*GC27 -> 2465748 | GE27: =+SUM(GD27:GD30) -> 4109580 | GG27: 48366 | GH27: Hábil | GO27: 1366 | GP27: 5464 | GQ27: 10929 | GR27: 16393 | GS27: 20492 | GT27: 23224 | GU27: 23224 | GV27: 17760 | GW27: 10929 | GX27: 5464 | GY27: 1366 | HG27: =+SUM(GI27:HF27) -> 136611 | HH27: 21 | HI27: =+HG27*HH27 -> 2868831 | HJ27: =+SUM(HI27:HI30) -> 4098330 | HL27: 48731 | HM27: Hábil | HT27: 1370 | HU27: 5479 | HV27: 10959 | HW27: 16438 | HX27: 20548 | HY27: 23288 | HZ27: 23288 | IA27: 17808 | IB27: 10959 | IC27: 5479 | ID27: 1370 | IL27: =+SUM(HN27:IK27) -> 136986 | IM27: 20 | IN27: =+IL27*IM27 -> 2739720 | IO27: =+SUM(IN27:IN30) -> 4109580 | IQ27: 49096 | IR27: Hábil | IY27: 1370 | IZ27: 5479 | JA27: 10959 | JB27: 16438 | JC27: 20548 | JD27: 23288 | JE27: 23288 | JF27: 17808 | JG27: 10959 | JH27: 5479 | JI27: 1370 | JQ27: =+SUM(IS27:JP27) -> 136986 | JR27: 20 | JS27: =+JQ27*JR27 -> 2739720 | JT27: =+SUM(JS27:JS30) -> 4109580 | JV27: 49461 | JW27: Hábil | KE27: 1370 | KF27: 5479 | KG27: 10959 | KH27: 16438 | KI27: 20548 | KJ27: 23288 | KK27: 23288 | KL27: 17808 | KM27: 10959 | KN27: 5479 | KO27: 1370 | KV27: =+SUM(JX27:KU27) -> 136986 | KW27: 20 | KX27: =+KV27*KW27 -> 2739720 | KY27: =+SUM(KX27:KX30) -> 4109580 | LA27: 49827 | LB27: Hábil | LI27: 1366 | LJ27: 5464 | LK27: 10929 | LL27: 16393 | LM27: 20492 | LN27: 23224 | LO27: 23224 | LP27: 17760 | LQ27: 10929 | LR27: 5464 | LS27: 1366 | MA27: =+SUM(LC27:LZ27) -> 136611 | MB27: 18 | MC27: =+MA27*MB27 -> 2458998 | MD27: =+SUM(MC27:MC30) -> 4098330 | MF27: 50192 | MG27: Hábil | MN27: 1370 | MO27: 5479 | MP27: 10959 | MQ27: 16438 | MR27: 20548 | MS27: 23288 | MT27: 23288 | MU27: 17808 | MV27: 10959 | MW27: 5479 | MX27: 1370 | NF27: =+SUM(MH27:NE27) -> 136986 | NG27: 19 | NH27: =+NF27*NG27 -> 2602734 | NI27: =+SUM(NH27:NH30) -> 4109580 | NK27: 50557 | NL27: Hábil | NS27: 1370 | NT27: 5479 | NU27: 10959 | NV27: 16438 | NW27: 20548 | NX27: 23288 | NY27: 23288 | NZ27: 17808 | OA27: 10959 | OB27: 5479 | OC27: 1370 | OK27: =+SUM(NM27:OJ27) -> 136986 | OL27: 20 | OM27: =+OK27*OL27 -> 2739720 | ON27: =+SUM(OM27:OM30) -> 4109580 | OP27: 50922 | OQ27: Hábil | OX27: 1370 | OY27: 5479 | OZ27: 10959 | PA27: 16438 | PB27: 20548 | PC27: 23288 | PD27: 23288 | PE27: 17808 | PF27: 10959 | PG27: 5479 | PH27: 1370 | PP27: =+SUM(OR27:PO27) -> 136986 | PQ27: 20 | PR27: =+PP27*PQ27 -> 2739720 | PS27: =+SUM(PR27:PR30) -> 4109580 | PU27: 51288 | PV27: Hábil | QC27: 1366 | QD27: 5464 | QE27: 10929 | QF27: 16393 | QG27: 20492 | QH27: 23224 | QI27: 23224 | QJ27: 17760 | QK27: 10929 | QL27: 5464 | QM27: 1366 | QU27: =+SUM(PW27:QT27) -> 136611 | QV27: 19 | QW27: =+QU27*QV27 -> 2595609 | QX27: =+SUM(QW27:QW30) -> 4098330
B28: Sábado | I28: 1370 | J28: 5479 | K28: 10959 | L28: 16438 | M28: 20548 | N28: 23288 | O28: 23288 | P28: 17808 | Q28: 10959 | R28: 5479 | S28: 1370 | AA28: =+SUM(C28:Z28) -> 136986 | AB28: 4 | AC28: =+AA28*AB28 -> 547944 | AG28: Sábado | AN28: 1370 | AO28: 5479 | AP28: 10959 | AQ28: 16438 | AR28: 20548 | AS28: 23288 | AT28: 23288 | AU28: 17808 | AV28: 10959 | AW28: 5479 | AX28: 1370 | BF28: =+SUM(AH28:BE28) -> 136986 | BG28: 4 | BH28: =+BF28*BG28 -> 547944 | BL28: Sábado | BS28: 1366 | BT28: 5464 | BU28: 10929 | BV28: 16393 | BW28: 20492 | BX28: 23224 | BY28: 23224 | BZ28: 17760 | CA28: 10929 | CB28: 5464 | CC28: 1366 | CK28: =+SUM(BM28:CJ28) -> 136611 | CL28: 4 | CM28: =+CK28*CL28 -> 546444 | CQ28: Sábado | CX28: 1370 | CY28: 5479 | CZ28: 10959 | DA28: 16438 | DB28: 20548 | DC28: 23288 | DD28: 23288 | DE28: 17808 | DF28: 10959 | DG28: 5479 | DH28: 1370 | DP28: =+SUM(CR28:DO28) -> 136986 | DQ28: 5 | DR28: =+DP28*DQ28 -> 684930 | DW28: Sábado | ED28: 1370 | EE28: 5479 | EF28: 10959 | EG28: 16438 | EH28: 20548 | EI28: 23288 | EJ28: 23288 | EK28: 17808 | EL28: 10959 | EM28: 5479 | EN28: 1370 | EV28: =+SUM(DX28:EU28) -> 136986 | EW28: 5 | EX28: =+EV28*EW28 -> 684930 | FC28: Sábado | FJ28: 1370 | FK28: 5479 | FL28: 10959 | FM28: 16438 | FN28: 20548 | FO28: 23288 | FP28: 23288 | FQ28: 17808 | FR28: 10959 | FS28: 5479 | FT28: 1370 | GB28: =+SUM(FD28:GA28) -> 136986 | GC28: 4 | GD28: =+GB28*GC28 -> 547944 | GH28: Sábado | GO28: 1366 | GP28: 5464 | GQ28: 10929 | GR28: 16393 | GS28: 20492 | GT28: 23224 | GU28: 23224 | GV28: 17760 | GW28: 10929 | GX28: 5464 | GY28: 1366 | HG28: =+SUM(GI28:HF28) -> 136611 | HH28: 4 | HI28: =+HG28*HH28 -> 546444 | HM28: Sábado | HT28: 1370 | HU28: 5479 | HV28: 10959 | HW28: 16438 | HX28: 20548 | HY28: 23288 | HZ28: 23288 | IA28: 17808 | IB28: 10959 | IC28: 5479 | ID28: 1370 | IL28: =+SUM(HN28:IK28) -> 136986 | IM28: 4 | IN28: =+IL28*IM28 -> 547944 | IR28: Sábado | IY28: 1370 | IZ28: 5479 | JA28: 10959 | JB28: 16438 | JC28: 20548 | JD28: 23288 | JE28: 23288 | JF28: 17808 | JG28: 10959 | JH28: 5479 | JI28: 1370 | JQ28: =+SUM(IS28:JP28) -> 136986 | JR28: 4 | JS28: =+JQ28*JR28 -> 547944 | JW28: Sábado | KE28: 1370 | KF28: 5479 | KG28: 10959 | KH28: 16438 | KI28: 20548 | KJ28: 23288 | KK28: 23288 | KL28: 17808 | KM28: 10959 | KN28: 5479 | KO28: 1370 | KV28: =+SUM(JX28:KU28) -> 136986 | KW28: 5 | KX28: =+KV28*KW28 -> 684930 | LB28: Sábado | LI28: 1366 | LJ28: 5464 | LK28: 10929 | LL28: 16393 | LM28: 20492 | LN28: 23224 | LO28: 23224 | LP28: 17760 | LQ28: 10929 | LR28: 5464 | LS28: 1366 | MA28: =+SUM(LC28:LZ28) -> 136611 | MB28: 4 | MC28: =+MA28*MB28 -> 546444 | MG28: Sábado | MN28: 1370 | MO28: 5479 | MP28: 10959 | MQ28: 16438 | MR28: 20548 | MS28: 23288 | MT28: 23288 | MU28: 17808 | MV28: 10959 | MW28: 5479 | MX28: 1370 | NF28: =+SUM(MH28:NE28) -> 136986 | NG28: 4 | NH28: =+NF28*NG28 -> 547944 | NL28: Sábado | NS28: 1370 | NT28: 5479 | NU28: 10959 | NV28: 16438 | NW28: 20548 | NX28: 23288 | NY28: 23288 | NZ28: 17808 | OA28: 10959 | OB28: 5479 | OC28: 1370 | OK28: =+SUM(NM28:OJ28) -> 136986 | OL28: 4 | OM28: =+OK28*OL28 -> 547944 | OQ28: Sábado | OX28: 1370 | OY28: 5479 | OZ28: 10959 | PA28: 16438 | PB28: 20548 | PC28: 23288 | PD28: 23288 | PE28: 17808 | PF28: 10959 | PG28: 5479 | PH28: 1370 | PP28: =+SUM(OR28:PO28) -> 136986 | PQ28: 4 | PR28: =+PP28*PQ28 -> 547944 | PV28: Sábado | QC28: 1366 | QD28: 5464 | QE28: 10929 | QF28: 16393 | QG28: 20492 | QH28: 23224 | QI28: 23224 | QJ28: 17760 | QK28: 10929 | QL28: 5464 | QM28: 1366 | QU28: =+SUM(PW28:QT28) -> 136611 | QV28: 5 | QW28: =+QU28*QV28 -> 683055
B29: Domingo | I29: 1370 | J29: 5479 | K29: 10959 | L29: 16438 | M29: 20548 | N29: 23288 | O29: 23288 | P29: 17808 | Q29: 10959 | R29: 5479 | S29: 1370 | AA29: =+SUM(C29:Z29) -> 136986 | AB29: 4 | AC29: =+AA29*AB29 -> 547944 | AG29: Domingo | AN29: 1370 | AO29: 5479 | AP29: 10959 | AQ29: 16438 | AR29: 20548 | AS29: 23288 | AT29: 23288 | AU29: 17808 | AV29: 10959 | AW29: 5479 | AX29: 1370 | BF29: =+SUM(AH29:BE29) -> 136986 | BG29: 4 | BH29: =+BF29*BG29 -> 547944 | BL29: Domingo | BS29: 1366 | BT29: 5464 | BU29: 10929 | BV29: 16393 | BW29: 20492 | BX29: 23224 | BY29: 23224 | BZ29: 17760 | CA29: 10929 | CB29: 5464 | CC29: 1366 | CK29: =+SUM(BM29:CJ29) -> 136611 | CL29: 4 | CM29: =+CK29*CL29 -> 546444 | CQ29: Domingo | CX29: 1370 | CY29: 5479 | CZ29: 10959 | DA29: 16438 | DB29: 20548 | DC29: 23288 | DD29: 23288 | DE29: 17808 | DF29: 10959 | DG29: 5479 | DH29: 1370 | DP29: =+SUM(CR29:DO29) -> 136986 | DQ29: 4 | DR29: =+DP29*DQ29 -> 547944 | DW29: Domingo | ED29: 1370 | EE29: 5479 | EF29: 10959 | EG29: 16438 | EH29: 20548 | EI29: 23288 | EJ29: 23288 | EK29: 17808 | EL29: 10959 | EM29: 5479 | EN29: 1370 | EV29: =+SUM(DX29:EU29) -> 136986 | EW29: 5 | EX29: =+EV29*EW29 -> 684930 | FC29: Domingo | FJ29: 1370 | FK29: 5479 | FL29: 10959 | FM29: 16438 | FN29: 20548 | FO29: 23288 | FP29: 23288 | FQ29: 17808 | FR29: 10959 | FS29: 5479 | FT29: 1370 | GB29: =+SUM(FD29:GA29) -> 136986 | GC29: 5 | GD29: =+GB29*GC29 -> 684930 | GH29: Domingo | GO29: 1366 | GP29: 5464 | GQ29: 10929 | GR29: 16393 | GS29: 20492 | GT29: 23224 | GU29: 23224 | GV29: 17760 | GW29: 10929 | GX29: 5464 | GY29: 1366 | HG29: =+SUM(GI29:HF29) -> 136611 | HH29: 4 | HI29: =+HG29*HH29 -> 546444 | HM29: Domingo | HT29: 1370 | HU29: 5479 | HV29: 10959 | HW29: 16438 | HX29: 20548 | HY29: 23288 | HZ29: 23288 | IA29: 17808 | IB29: 10959 | IC29: 5479 | ID29: 1370 | IL29: =+SUM(HN29:IK29) -> 136986 | IM29: 4 | IN29: =+IL29*IM29 -> 547944 | IR29: Domingo | IY29: 1370 | IZ29: 5479 | JA29: 10959 | JB29: 16438 | JC29: 20548 | JD29: 23288 | JE29: 23288 | JF29: 17808 | JG29: 10959 | JH29: 5479 | JI29: 1370 | JQ29: =+SUM(IS29:JP29) -> 136986 | JR29: 4 | JS29: =+JQ29*JR29 -> 547944 | JW29: Domingo | KE29: 1370 | KF29: 5479 | KG29: 10959 | KH29: 16438 | KI29: 20548 | KJ29: 23288 | KK29: 23288 | KL29: 17808 | KM29: 10959 | KN29: 5479 | KO29: 1370 | KV29: =+SUM(JX29:KU29) -> 136986 | KW29: 4 | KX29: =+KV29*KW29 -> 547944 | LB29: Domingo | LI29: 1366 | LJ29: 5464 | LK29: 10929 | LL29: 16393 | LM29: 20492 | LN29: 23224 | LO29: 23224 | LP29: 17760 | LQ29: 10929 | LR29: 5464 | LS29: 1366 | MA29: =+SUM(LC29:LZ29) -> 136611 | MB29: 5 | MC29: =+MA29*MB29 -> 683055 | MG29: Domingo | MN29: 1370 | MO29: 5479 | MP29: 10959 | MQ29: 16438 | MR29: 20548 | MS29: 23288 | MT29: 23288 | MU29: 17808 | MV29: 10959 | MW29: 5479 | MX29: 1370 | NF29: =+SUM(MH29:NE29) -> 136986 | NG29: 4 | NH29: =+NF29*NG29 -> 547944 | NL29: Domingo | NS29: 1370 | NT29: 5479 | NU29: 10959 | NV29: 16438 | NW29: 20548 | NX29: 23288 | NY29: 23288 | NZ29: 17808 | OA29: 10959 | OB29: 5479 | OC29: 1370 | OK29: =+SUM(NM29:OJ29) -> 136986 | OL29: 4 | OM29: =+OK29*OL29 -> 547944 | OQ29: Domingo | OX29: 1370 | OY29: 5479 | OZ29: 10959 | PA29: 16438 | PB29: 20548 | PC29: 23288 | PD29: 23288 | PE29: 17808 | PF29: 10959 | PG29: 5479 | PH29: 1370 | PP29: =+SUM(OR29:PO29) -> 136986 | PQ29: 4 | PR29: =+PP29*PQ29 -> 547944 | PV29: Domingo | QC29: 1366 | QD29: 5464 | QE29: 10929 | QF29: 16393 | QG29: 20492 | QH29: 23224 | QI29: 23224 | QJ29: 17760 | QK29: 10929 | QL29: 5464 | QM29: 1366 | QU29: =+SUM(PW29:QT29) -> 136611 | QV29: 4 | QW29: =+QU29*QV29 -> 546444
B30: Festivo | I30: 1370 | J30: 5479 | K30: 10959 | L30: 16438 | M30: 20548 | N30: 23288 | O30: 23288 | P30: 17808 | Q30: 10959 | R30: 5479 | S30: 1370 | AA30: =+SUM(C30:Z30) -> 136986 | AB30: 3 | AC30: =+AA30*AB30 -> 410958 | AG30: Festivo | AN30: 1370 | AO30: 5479 | AP30: 10959 | AQ30: 16438 | AR30: 20548 | AS30: 23288 | AT30: 23288 | AU30: 17808 | AV30: 10959 | AW30: 5479 | AX30: 1370 | BF30: =+SUM(AH30:BE30) -> 136986 | BG30: 1 | BH30: =+BF30*BG30 -> 136986 | BL30: Festivo | BS30: 1366 | BT30: 5464 | BU30: 10929 | BV30: 16393 | BW30: 20492 | BX30: 23224 | BY30: 23224 | BZ30: 17760 | CA30: 10929 | CB30: 5464 | CC30: 1366 | CK30: =+SUM(BM30:CJ30) -> 136611 | CL30: 2 | CM30: =+CK30*CL30 -> 273222 | CQ30: Festivo | CX30: 1370 | CY30: 5479 | CZ30: 10959 | DA30: 16438 | DB30: 20548 | DC30: 23288 | DD30: 23288 | DE30: 17808 | DF30: 10959 | DG30: 5479 | DH30: 1370 | DP30: =+SUM(CR30:DO30) -> 136986 | DQ30: 2 | DR30: =+DP30*DQ30 -> 273972 | DW30: Festivo | ED30: 1370 | EE30: 5479 | EF30: 10959 | EG30: 16438 | EH30: 20548 | EI30: 23288 | EJ30: 23288 | EK30: 17808 | EL30: 10959 | EM30: 5479 | EN30: 1370 | EV30: =+SUM(DX30:EU30) -> 136986 | EW30: 2 | EX30: =+EV30*EW30 -> 273972 | FC30: Festivo | FJ30: 1370 | FK30: 5479 | FL30: 10959 | FM30: 16438 | FN30: 20548 | FO30: 23288 | FP30: 23288 | FQ30: 17808 | FR30: 10959 | FS30: 5479 | FT30: 1370 | GB30: =+SUM(FD30:GA30) -> 136986 | GC30: 3 | GD30: =+GB30*GC30 -> 410958 | GH30: Festivo | GO30: 1366 | GP30: 5464 | GQ30: 10929 | GR30: 16393 | GS30: 20492 | GT30: 23224 | GU30: 23224 | GV30: 17760 | GW30: 10929 | GX30: 5464 | GY30: 1366 | HG30: =+SUM(GI30:HF30) -> 136611 | HH30: 1 | HI30: =+HG30*HH30 -> 136611 | HM30: Festivo | HT30: 1370 | HU30: 5479 | HV30: 10959 | HW30: 16438 | HX30: 20548 | HY30: 23288 | HZ30: 23288 | IA30: 17808 | IB30: 10959 | IC30: 5479 | ID30: 1370 | IL30: =+SUM(HN30:IK30) -> 136986 | IM30: 2 | IN30: =+IL30*IM30 -> 273972 | IR30: Festivo | IY30: 1370 | IZ30: 5479 | JA30: 10959 | JB30: 16438 | JC30: 20548 | JD30: 23288 | JE30: 23288 | JF30: 17808 | JG30: 10959 | JH30: 5479 | JI30: 1370 | JQ30: =+SUM(IS30:JP30) -> 136986 | JR30: 2 | JS30: =+JQ30*JR30 -> 273972 | JW30: Festivo | KE30: 1370 | KF30: 5479 | KG30: 10959 | KH30: 16438 | KI30: 20548 | KJ30: 23288 | KK30: 23288 | KL30: 17808 | KM30: 10959 | KN30: 5479 | KO30: 1370 | KV30: =+SUM(JX30:KU30) -> 136986 | KW30: 1 | KX30: =+KV30*KW30 -> 136986 | LB30: Festivo | LI30: 1366 | LJ30: 5464 | LK30: 10929 | LL30: 16393 | LM30: 20492 | LN30: 23224 | LO30: 23224 | LP30: 17760 | LQ30: 10929 | LR30: 5464 | LS30: 1366 | MA30: =+SUM(LC30:LZ30) -> 136611 | MB30: 3 | MC30: =+MA30*MB30 -> 409833 | MG30: Festivo | MN30: 1370 | MO30: 5479 | MP30: 10959 | MQ30: 16438 | MR30: 20548 | MS30: 23288 | MT30: 23288 | MU30: 17808 | MV30: 10959 | MW30: 5479 | MX30: 1370 | NF30: =+SUM(MH30:NE30) -> 136986 | NG30: 3 | NH30: =+NF30*NG30 -> 410958 | NL30: Festivo | NS30: 1370 | NT30: 5479 | NU30: 10959 | NV30: 16438 | NW30: 20548 | NX30: 23288 | NY30: 23288 | NZ30: 17808 | OA30: 10959 | OB30: 5479 | OC30: 1370 | OK30: =+SUM(NM30:OJ30) -> 136986 | OL30: 2 | OM30: =+OK30*OL30 -> 273972 | OQ30: Festivo | OX30: 1370 | OY30: 5479 | OZ30: 10959 | PA30: 16438 | PB30: 20548 | PC30: 23288 | PD30: 23288 | PE30: 17808 | PF30: 10959 | PG30: 5479 | PH30: 1370 | PP30: =+SUM(OR30:PO30) -> 136986 | PQ30: 2 | PR30: =+PP30*PQ30 -> 273972 | PV30: Festivo | QC30: 1366 | QD30: 5464 | QE30: 10929 | QF30: 16393 | QG30: 20492 | QH30: 23224 | QI30: 23224 | QJ30: 17760 | QK30: 10929 | QL30: 5464 | QM30: 1366 | QU30: =+SUM(PW30:QT30) -> 136611 | QV30: 2 | QW30: =+QU30*QV30 -> 273222
A31: 46204 | B31: Hábil | I31: 1370 | J31: 5479 | K31: 10959 | L31: 16438 | M31: 20548 | N31: 23288 | O31: 23288 | P31: 17808 | Q31: 10959 | R31: 5479 | S31: 1370 | AA31: =+SUM(C31:Z31) -> 136986 | AB31: 22 | AC31: =+AA31*AB31 -> 3013692 | AD31: =+SUM(AC31:AC34) -> 4246566 | AF31: 46569 | AG31: Hábil | AN31: 1370 | AO31: 5479 | AP31: 10959 | AQ31: 16438 | AR31: 20548 | AS31: 23288 | AT31: 23288 | AU31: 17808 | AV31: 10959 | AW31: 5479 | AX31: 1370 | BF31: =+SUM(AH31:BE31) -> 136986 | BG31: 20 | BH31: =+BF31*BG31 -> 2739720 | BI31: =+SUM(BH31:BH34) -> 4246566 | BK31: 46935 | BL31: Hábil | BS31: 1366 | BT31: 5464 | BU31: 10929 | BV31: 16393 | BW31: 20492 | BX31: 23224 | BY31: 23224 | BZ31: 17760 | CA31: 10929 | CB31: 5464 | CC31: 1366 | CK31: =+SUM(BM31:CJ31) -> 136611 | CL31: 19 | CM31: =+CK31*CL31 -> 2595609 | CN31: =+SUM(CM31:CM34) -> 4234941 | CP31: 47300 | CQ31: Hábil | CX31: 1370 | CY31: 5479 | CZ31: 10959 | DA31: 16438 | DB31: 20548 | DC31: 23288 | DD31: 23288 | DE31: 17808 | DF31: 10959 | DG31: 5479 | DH31: 1370 | DP31: =+SUM(CR31:DO31) -> 136986 | DQ31: 20 | DR31: =+DP31*DQ31 -> 2739720 | DS31: =+SUM(DR31:DR34) -> 4246566 | DV31: 47665 | DW31: Hábil | ED31: 1370 | EE31: 5479 | EF31: 10959 | EG31: 16438 | EH31: 20548 | EI31: 23288 | EJ31: 23288 | EK31: 17808 | EL31: 10959 | EM31: 5479 | EN31: 1370 | EV31: =+SUM(DX31:EU31) -> 136986 | EW31: 22 | EX31: =+EV31*EW31 -> 3013692 | EY31: =+SUM(EX31:EX34) -> 4246566 | FB31: 48030 | FC31: Hábil | FJ31: 1370 | FK31: 5479 | FL31: 10959 | FM31: 16438 | FN31: 20548 | FO31: 23288 | FP31: 23288 | FQ31: 17808 | FR31: 10959 | FS31: 5479 | FT31: 1370 | GB31: =+SUM(FD31:GA31) -> 136986 | GC31: 23 | GD31: =+GB31*GC31 -> 3150678 | GE31: =+SUM(GD31:GD34) -> 4246566 | GG31: 48396 | GH31: Hábil | GO31: 1366 | GP31: 5464 | GQ31: 10929 | GR31: 16393 | GS31: 20492 | GT31: 23224 | GU31: 23224 | GV31: 17760 | GW31: 10929 | GX31: 5464 | GY31: 1366 | HG31: =+SUM(GI31:HF31) -> 136611 | HH31: 20 | HI31: =+HG31*HH31 -> 2732220 | HJ31: =+SUM(HI31:HI34) -> 4234941 | HL31: 48761 | HM31: Hábil | HT31: 1370 | HU31: 5479 | HV31: 10959 | HW31: 16438 | HX31: 20548 | HY31: 23288 | HZ31: 23288 | IA31: 17808 | IB31: 10959 | IC31: 5479 | ID31: 1370 | IL31: =+SUM(HN31:IK31) -> 136986 | IM31: 19 | IN31: =+IL31*IM31 -> 2602734 | IO31: =+SUM(IN31:IN34) -> 4246566 | IQ31: 49126 | IR31: Hábil | IY31: 1370 | IZ31: 5479 | JA31: 10959 | JB31: 16438 | JC31: 20548 | JD31: 23288 | JE31: 23288 | JF31: 17808 | JG31: 10959 | JH31: 5479 | JI31: 1370 | JQ31: =+SUM(IS31:JP31) -> 136986 | JR31: 19 | JS31: =+JQ31*JR31 -> 2602734 | JT31: =+SUM(JS31:JS34) -> 4246566 | JV31: 49491 | JW31: Hábil | KE31: 1370 | KF31: 5479 | KG31: 10959 | KH31: 16438 | KI31: 20548 | KJ31: 23288 | KK31: 23288 | KL31: 17808 | KM31: 10959 | KN31: 5479 | KO31: 1370 | KV31: =+SUM(JX31:KU31) -> 136986 | KW31: 20 | KX31: =+KV31*KW31 -> 2739720 | KY31: =+SUM(KX31:KX34) -> 4246566 | LA31: 49857 | LB31: Hábil | LI31: 1366 | LJ31: 5464 | LK31: 10929 | LL31: 16393 | LM31: 20492 | LN31: 23224 | LO31: 23224 | LP31: 17760 | LQ31: 10929 | LR31: 5464 | LS31: 1366 | MA31: =+SUM(LC31:LZ31) -> 136611 | MB31: 23 | MC31: =+MA31*MB31 -> 3142053 | MD31: =+SUM(MC31:MC34) -> 4234941 | MF31: 50222 | MG31: Hábil | MN31: 1370 | MO31: 5479 | MP31: 10959 | MQ31: 16438 | MR31: 20548 | MS31: 23288 | MT31: 23288 | MU31: 17808 | MV31: 10959 | MW31: 5479 | MX31: 1370 | NF31: =+SUM(MH31:NE31) -> 136986 | NG31: 22 | NH31: =+NF31*NG31 -> 3013692 | NI31: =+SUM(NH31:NH34) -> 4246566 | NK31: 50587 | NL31: Hábil | NS31: 1370 | NT31: 5479 | NU31: 10959 | NV31: 16438 | NW31: 20548 | NX31: 23288 | NY31: 23288 | NZ31: 17808 | OA31: 10959 | OB31: 5479 | OC31: 1370 | OK31: =+SUM(NM31:OJ31) -> 136986 | OL31: 20 | OM31: =+OK31*OL31 -> 2739720 | ON31: =+SUM(OM31:OM34) -> 4246566 | OP31: 50952 | OQ31: Hábil | OX31: 1370 | OY31: 5479 | OZ31: 10959 | PA31: 16438 | PB31: 20548 | PC31: 23288 | PD31: 23288 | PE31: 17808 | PF31: 10959 | PG31: 5479 | PH31: 1370 | PP31: =+SUM(OR31:PO31) -> 136986 | PQ31: 19 | PR31: =+PP31*PQ31 -> 2602734 | PS31: =+SUM(PR31:PR34) -> 4246566 | PU31: 51318 | PV31: Hábil | QC31: 1366 | QD31: 5464 | QE31: 10929 | QF31: 16393 | QG31: 20492 | QH31: 23224 | QI31: 23224 | QJ31: 17760 | QK31: 10929 | QL31: 5464 | QM31: 1366 | QU31: =+SUM(PW31:QT31) -> 136611 | QV31: 20 | QW31: =+QU31*QV31 -> 2732220 | QX31: =+SUM(QW31:QW34) -> 4234941
B32: Sábado | I32: 1370 | J32: 5479 | K32: 10959 | L32: 16438 | M32: 20548 | N32: 23288 | O32: 23288 | P32: 17808 | Q32: 10959 | R32: 5479 | S32: 1370 | AA32: =+SUM(C32:Z32) -> 136986 | AB32: 4 | AC32: =+AA32*AB32 -> 547944 | AG32: Sábado | AN32: 1370 | AO32: 5479 | AP32: 10959 | AQ32: 16438 | AR32: 20548 | AS32: 23288 | AT32: 23288 | AU32: 17808 | AV32: 10959 | AW32: 5479 | AX32: 1370 | BF32: =+SUM(AH32:BE32) -> 136986 | BG32: 5 | BH32: =+BF32*BG32 -> 684930 | BL32: Sábado | BS32: 1366 | BT32: 5464 | BU32: 10929 | BV32: 16393 | BW32: 20492 | BX32: 23224 | BY32: 23224 | BZ32: 17760 | CA32: 10929 | CB32: 5464 | CC32: 1366 | CK32: =+SUM(BM32:CJ32) -> 136611 | CL32: 5 | CM32: =+CK32*CL32 -> 683055 | CQ32: Sábado | CX32: 1370 | CY32: 5479 | CZ32: 10959 | DA32: 16438 | DB32: 20548 | DC32: 23288 | DD32: 23288 | DE32: 17808 | DF32: 10959 | DG32: 5479 | DH32: 1370 | DP32: =+SUM(CR32:DO32) -> 136986 | DQ32: 4 | DR32: =+DP32*DQ32 -> 547944 | DW32: Sábado | ED32: 1370 | EE32: 5479 | EF32: 10959 | EG32: 16438 | EH32: 20548 | EI32: 23288 | EJ32: 23288 | EK32: 17808 | EL32: 10959 | EM32: 5479 | EN32: 1370 | EV32: =+SUM(DX32:EU32) -> 136986 | EW32: 3 | EX32: =+EV32*EW32 -> 410958 | FC32: Sábado | FJ32: 1370 | FK32: 5479 | FL32: 10959 | FM32: 16438 | FN32: 20548 | FO32: 23288 | FP32: 23288 | FQ32: 17808 | FR32: 10959 | FS32: 5479 | FT32: 1370 | GB32: =+SUM(FD32:GA32) -> 136986 | GC32: 4 | GD32: =+GB32*GC32 -> 547944 | GH32: Sábado | GO32: 1366 | GP32: 5464 | GQ32: 10929 | GR32: 16393 | GS32: 20492 | GT32: 23224 | GU32: 23224 | GV32: 17760 | GW32: 10929 | GX32: 5464 | GY32: 1366 | HG32: =+SUM(GI32:HF32) -> 136611 | HH32: 5 | HI32: =+HG32*HH32 -> 683055 | HM32: Sábado | HT32: 1370 | HU32: 5479 | HV32: 10959 | HW32: 16438 | HX32: 20548 | HY32: 23288 | HZ32: 23288 | IA32: 17808 | IB32: 10959 | IC32: 5479 | ID32: 1370 | IL32: =+SUM(HN32:IK32) -> 136986 | IM32: 5 | IN32: =+IL32*IM32 -> 684930 | IR32: Sábado | IY32: 1370 | IZ32: 5479 | JA32: 10959 | JB32: 16438 | JC32: 20548 | JD32: 23288 | JE32: 23288 | JF32: 17808 | JG32: 10959 | JH32: 5479 | JI32: 1370 | JQ32: =+SUM(IS32:JP32) -> 136986 | JR32: 5 | JS32: =+JQ32*JR32 -> 684930 | JW32: Sábado | KE32: 1370 | KF32: 5479 | KG32: 10959 | KH32: 16438 | KI32: 20548 | KJ32: 23288 | KK32: 23288 | KL32: 17808 | KM32: 10959 | KN32: 5479 | KO32: 1370 | KV32: =+SUM(JX32:KU32) -> 136986 | KW32: 4 | KX32: =+KV32*KW32 -> 547944 | LB32: Sábado | LI32: 1366 | LJ32: 5464 | LK32: 10929 | LL32: 16393 | LM32: 20492 | LN32: 23224 | LO32: 23224 | LP32: 17760 | LQ32: 10929 | LR32: 5464 | LS32: 1366 | MA32: =+SUM(LC32:LZ32) -> 136611 | MB32: 4 | MC32: =+MA32*MB32 -> 546444 | MG32: Sábado | MN32: 1370 | MO32: 5479 | MP32: 10959 | MQ32: 16438 | MR32: 20548 | MS32: 23288 | MT32: 23288 | MU32: 17808 | MV32: 10959 | MW32: 5479 | MX32: 1370 | NF32: =+SUM(MH32:NE32) -> 136986 | NG32: 4 | NH32: =+NF32*NG32 -> 547944 | NL32: Sábado | NS32: 1370 | NT32: 5479 | NU32: 10959 | NV32: 16438 | NW32: 20548 | NX32: 23288 | NY32: 23288 | NZ32: 17808 | OA32: 10959 | OB32: 5479 | OC32: 1370 | OK32: =+SUM(NM32:OJ32) -> 136986 | OL32: 5 | OM32: =+OK32*OL32 -> 684930 | OQ32: Sábado | OX32: 1370 | OY32: 5479 | OZ32: 10959 | PA32: 16438 | PB32: 20548 | PC32: 23288 | PD32: 23288 | PE32: 17808 | PF32: 10959 | PG32: 5479 | PH32: 1370 | PP32: =+SUM(OR32:PO32) -> 136986 | PQ32: 5 | PR32: =+PP32*PQ32 -> 684930 | PV32: Sábado | QC32: 1366 | QD32: 5464 | QE32: 10929 | QF32: 16393 | QG32: 20492 | QH32: 23224 | QI32: 23224 | QJ32: 17760 | QK32: 10929 | QL32: 5464 | QM32: 1366 | QU32: =+SUM(PW32:QT32) -> 136611 | QV32: 4 | QW32: =+QU32*QV32 -> 546444
B33: Domingo | I33: 1370 | J33: 5479 | K33: 10959 | L33: 16438 | M33: 20548 | N33: 23288 | O33: 23288 | P33: 17808 | Q33: 10959 | R33: 5479 | S33: 1370 | AA33: =+SUM(C33:Z33) -> 136986 | AB33: 4 | AC33: =+AA33*AB33 -> 547944 | AG33: Domingo | AN33: 1370 | AO33: 5479 | AP33: 10959 | AQ33: 16438 | AR33: 20548 | AS33: 23288 | AT33: 23288 | AU33: 17808 | AV33: 10959 | AW33: 5479 | AX33: 1370 | BF33: =+SUM(AH33:BE33) -> 136986 | BG33: 4 | BH33: =+BF33*BG33 -> 547944 | BL33: Domingo | BS33: 1366 | BT33: 5464 | BU33: 10929 | BV33: 16393 | BW33: 20492 | BX33: 23224 | BY33: 23224 | BZ33: 17760 | CA33: 10929 | CB33: 5464 | CC33: 1366 | CK33: =+SUM(BM33:CJ33) -> 136611 | CL33: 5 | CM33: =+CK33*CL33 -> 683055 | CQ33: Domingo | CX33: 1370 | CY33: 5479 | CZ33: 10959 | DA33: 16438 | DB33: 20548 | DC33: 23288 | DD33: 23288 | DE33: 17808 | DF33: 10959 | DG33: 5479 | DH33: 1370 | DP33: =+SUM(CR33:DO33) -> 136986 | DQ33: 5 | DR33: =+DP33*DQ33 -> 684930 | DW33: Domingo | ED33: 1370 | EE33: 5479 | EF33: 10959 | EG33: 16438 | EH33: 20548 | EI33: 23288 | EJ33: 23288 | EK33: 17808 | EL33: 10959 | EM33: 5479 | EN33: 1370 | EV33: =+SUM(DX33:EU33) -> 136986 | EW33: 4 | EX33: =+EV33*EW33 -> 547944 | FC33: Domingo | FJ33: 1370 | FK33: 5479 | FL33: 10959 | FM33: 16438 | FN33: 20548 | FO33: 23288 | FP33: 23288 | FQ33: 17808 | FR33: 10959 | FS33: 5479 | FT33: 1370 | GB33: =+SUM(FD33:GA33) -> 136986 | GC33: 3 | GD33: =+GB33*GC33 -> 410958 | GH33: Domingo | GO33: 1366 | GP33: 5464 | GQ33: 10929 | GR33: 16393 | GS33: 20492 | GT33: 23224 | GU33: 23224 | GV33: 17760 | GW33: 10929 | GX33: 5464 | GY33: 1366 | HG33: =+SUM(GI33:HF33) -> 136611 | HH33: 4 | HI33: =+HG33*HH33 -> 546444 | HM33: Domingo | HT33: 1370 | HU33: 5479 | HV33: 10959 | HW33: 16438 | HX33: 20548 | HY33: 23288 | HZ33: 23288 | IA33: 17808 | IB33: 10959 | IC33: 5479 | ID33: 1370 | IL33: =+SUM(HN33:IK33) -> 136986 | IM33: 5 | IN33: =+IL33*IM33 -> 684930 | IR33: Domingo | IY33: 1370 | IZ33: 5479 | JA33: 10959 | JB33: 16438 | JC33: 20548 | JD33: 23288 | JE33: 23288 | JF33: 17808 | JG33: 10959 | JH33: 5479 | JI33: 1370 | JQ33: =+SUM(IS33:JP33) -> 136986 | JR33: 5 | JS33: =+JQ33*JR33 -> 684930 | JW33: Domingo | KE33: 1370 | KF33: 5479 | KG33: 10959 | KH33: 16438 | KI33: 20548 | KJ33: 23288 | KK33: 23288 | KL33: 17808 | KM33: 10959 | KN33: 5479 | KO33: 1370 | KV33: =+SUM(JX33:KU33) -> 136986 | KW33: 5 | KX33: =+KV33*KW33 -> 684930 | LB33: Domingo | LI33: 1366 | LJ33: 5464 | LK33: 10929 | LL33: 16393 | LM33: 20492 | LN33: 23224 | LO33: 23224 | LP33: 17760 | LQ33: 10929 | LR33: 5464 | LS33: 1366 | MA33: =+SUM(LC33:LZ33) -> 136611 | MB33: 3 | MC33: =+MA33*MB33 -> 409833 | MG33: Domingo | MN33: 1370 | MO33: 5479 | MP33: 10959 | MQ33: 16438 | MR33: 20548 | MS33: 23288 | MT33: 23288 | MU33: 17808 | MV33: 10959 | MW33: 5479 | MX33: 1370 | NF33: =+SUM(MH33:NE33) -> 136986 | NG33: 4 | NH33: =+NF33*NG33 -> 547944 | NL33: Domingo | NS33: 1370 | NT33: 5479 | NU33: 10959 | NV33: 16438 | NW33: 20548 | NX33: 23288 | NY33: 23288 | NZ33: 17808 | OA33: 10959 | OB33: 5479 | OC33: 1370 | OK33: =+SUM(NM33:OJ33) -> 136986 | OL33: 4 | OM33: =+OK33*OL33 -> 547944 | OQ33: Domingo | OX33: 1370 | OY33: 5479 | OZ33: 10959 | PA33: 16438 | PB33: 20548 | PC33: 23288 | PD33: 23288 | PE33: 17808 | PF33: 10959 | PG33: 5479 | PH33: 1370 | PP33: =+SUM(OR33:PO33) -> 136986 | PQ33: 5 | PR33: =+PP33*PQ33 -> 684930 | PV33: Domingo | QC33: 1366 | QD33: 5464 | QE33: 10929 | QF33: 16393 | QG33: 20492 | QH33: 23224 | QI33: 23224 | QJ33: 17760 | QK33: 10929 | QL33: 5464 | QM33: 1366 | QU33: =+SUM(PW33:QT33) -> 136611 | QV33: 5 | QW33: =+QU33*QV33 -> 683055
B34: Festivo | I34: 1370 | J34: 5479 | K34: 10959 | L34: 16438 | M34: 20548 | N34: 23288 | O34: 23288 | P34: 17808 | Q34: 10959 | R34: 5479 | S34: 1370 | AA34: =+SUM(C34:Z34) -> 136986 | AB34: 1 | AC34: =+AA34*AB34 -> 136986 | AG34: Festivo | AN34: 1370 | AO34: 5479 | AP34: 10959 | AQ34: 16438 | AR34: 20548 | AS34: 23288 | AT34: 23288 | AU34: 17808 | AV34: 10959 | AW34: 5479 | AX34: 1370 | BF34: =+SUM(AH34:BE34) -> 136986 | BG34: 2 | BH34: =+BF34*BG34 -> 273972 | BL34: Festivo | BS34: 1366 | BT34: 5464 | BU34: 10929 | BV34: 16393 | BW34: 20492 | BX34: 23224 | BY34: 23224 | BZ34: 17760 | CA34: 10929 | CB34: 5464 | CC34: 1366 | CK34: =+SUM(BM34:CJ34) -> 136611 | CL34: 2 | CM34: =+CK34*CL34 -> 273222 | CQ34: Festivo | CX34: 1370 | CY34: 5479 | CZ34: 10959 | DA34: 16438 | DB34: 20548 | DC34: 23288 | DD34: 23288 | DE34: 17808 | DF34: 10959 | DG34: 5479 | DH34: 1370 | DP34: =+SUM(CR34:DO34) -> 136986 | DQ34: 2 | DR34: =+DP34*DQ34 -> 273972 | DW34: Festivo | ED34: 1370 | EE34: 5479 | EF34: 10959 | EG34: 16438 | EH34: 20548 | EI34: 23288 | EJ34: 23288 | EK34: 17808 | EL34: 10959 | EM34: 5479 | EN34: 1370 | EV34: =+SUM(DX34:EU34) -> 136986 | EW34: 2 | EX34: =+EV34*EW34 -> 273972 | FC34: Festivo | FJ34: 1370 | FK34: 5479 | FL34: 10959 | FM34: 16438 | FN34: 20548 | FO34: 23288 | FP34: 23288 | FQ34: 17808 | FR34: 10959 | FS34: 5479 | FT34: 1370 | GB34: =+SUM(FD34:GA34) -> 136986 | GC34: 1 | GD34: =+GB34*GC34 -> 136986 | GH34: Festivo | GO34: 1366 | GP34: 5464 | GQ34: 10929 | GR34: 16393 | GS34: 20492 | GT34: 23224 | GU34: 23224 | GV34: 17760 | GW34: 10929 | GX34: 5464 | GY34: 1366 | HG34: =+SUM(GI34:HF34) -> 136611 | HH34: 2 | HI34: =+HG34*HH34 -> 273222 | HM34: Festivo | HT34: 1370 | HU34: 5479 | HV34: 10959 | HW34: 16438 | HX34: 20548 | HY34: 23288 | HZ34: 23288 | IA34: 17808 | IB34: 10959 | IC34: 5479 | ID34: 1370 | IL34: =+SUM(HN34:IK34) -> 136986 | IM34: 2 | IN34: =+IL34*IM34 -> 273972 | IR34: Festivo | IY34: 1370 | IZ34: 5479 | JA34: 10959 | JB34: 16438 | JC34: 20548 | JD34: 23288 | JE34: 23288 | JF34: 17808 | JG34: 10959 | JH34: 5479 | JI34: 1370 | JQ34: =+SUM(IS34:JP34) -> 136986 | JR34: 2 | JS34: =+JQ34*JR34 -> 273972 | JW34: Festivo | KE34: 1370 | KF34: 5479 | KG34: 10959 | KH34: 16438 | KI34: 20548 | KJ34: 23288 | KK34: 23288 | KL34: 17808 | KM34: 10959 | KN34: 5479 | KO34: 1370 | KV34: =+SUM(JX34:KU34) -> 136986 | KW34: 2 | KX34: =+KV34*KW34 -> 273972 | LB34: Festivo | LI34: 1366 | LJ34: 5464 | LK34: 10929 | LL34: 16393 | LM34: 20492 | LN34: 23224 | LO34: 23224 | LP34: 17760 | LQ34: 10929 | LR34: 5464 | LS34: 1366 | MA34: =+SUM(LC34:LZ34) -> 136611 | MB34: 1 | MC34: =+MA34*MB34 -> 136611 | MG34: Festivo | MN34: 1370 | MO34: 5479 | MP34: 10959 | MQ34: 16438 | MR34: 20548 | MS34: 23288 | MT34: 23288 | MU34: 17808 | MV34: 10959 | MW34: 5479 | MX34: 1370 | NF34: =+SUM(MH34:NE34) -> 136986 | NG34: 1 | NH34: =+NF34*NG34 -> 136986 | NL34: Festivo | NS34: 1370 | NT34: 5479 | NU34: 10959 | NV34: 16438 | NW34: 20548 | NX34: 23288 | NY34: 23288 | NZ34: 17808 | OA34: 10959 | OB34: 5479 | OC34: 1370 | OK34: =+SUM(NM34:OJ34) -> 136986 | OL34: 2 | OM34: =+OK34*OL34 -> 273972 | OQ34: Festivo | OX34: 1370 | OY34: 5479 | OZ34: 10959 | PA34: 16438 | PB34: 20548 | PC34: 23288 | PD34: 23288 | PE34: 17808 | PF34: 10959 | PG34: 5479 | PH34: 1370 | PP34: =+SUM(OR34:PO34) -> 136986 | PQ34: 2 | PR34: =+PP34*PQ34 -> 273972 | PV34: Festivo | QC34: 1366 | QD34: 5464 | QE34: 10929 | QF34: 16393 | QG34: 20492 | QH34: 23224 | QI34: 23224 | QJ34: 17760 | QK34: 10929 | QL34: 5464 | QM34: 1366 | QU34: =+SUM(PW34:QT34) -> 136611 | QV34: 2 | QW34: =+QU34*QV34 -> 273222
A35: 46235 | B35: Hábil | I35: 1370 | J35: 5479 | K35: 10959 | L35: 16438 | M35: 20548 | N35: 23288 | O35: 23288 | P35: 17808 | Q35: 10959 | R35: 5479 | S35: 1370 | AA35: =+SUM(C35:Z35) -> 136986 | AB35: 19 | AC35: =+AA35*AB35 -> 2602734 | AD35: =+SUM(AC35:AC38) -> 4246566 | AF35: 46600 | AG35: Hábil | AN35: 1370 | AO35: 5479 | AP35: 10959 | AQ35: 16438 | AR35: 20548 | AS35: 23288 | AT35: 23288 | AU35: 17808 | AV35: 10959 | AW35: 5479 | AX35: 1370 | BF35: =+SUM(AH35:BE35) -> 136986 | BG35: 21 | BH35: =+BF35*BG35 -> 2876706 | BI35: =+SUM(BH35:BH38) -> 4246566 | BK35: 46966 | BL35: Hábil | BS35: 1366 | BT35: 5464 | BU35: 10929 | BV35: 16393 | BW35: 20492 | BX35: 23224 | BY35: 23224 | BZ35: 17760 | CA35: 10929 | CB35: 5464 | CC35: 1366 | CK35: =+SUM(BM35:CJ35) -> 136611 | CL35: 21 | CM35: =+CK35*CL35 -> 2868831 | CN35: =+SUM(CM35:CM38) -> 4234941 | CP35: 47331 | CQ35: Hábil | CX35: 1370 | CY35: 5479 | CZ35: 10959 | DA35: 16438 | DB35: 20548 | DC35: 23288 | DD35: 23288 | DE35: 17808 | DF35: 10959 | DG35: 5479 | DH35: 1370 | DP35: =+SUM(CR35:DO35) -> 136986 | DQ35: 21 | DR35: =+DP35*DQ35 -> 2876706 | DS35: =+SUM(DR35:DR38) -> 4246566 | DV35: 47696 | DW35: Hábil | ED35: 1370 | EE35: 5479 | EF35: 10959 | EG35: 16438 | EH35: 20548 | EI35: 23288 | EJ35: 23288 | EK35: 17808 | EL35: 10959 | EM35: 5479 | EN35: 1370 | EV35: =+SUM(DX35:EU35) -> 136986 | EW35: 20 | EX35: =+EV35*EW35 -> 2739720 | EY35: =+SUM(EX35:EX38) -> 4246566 | FB35: 48061 | FC35: Hábil | FJ35: 1370 | FK35: 5479 | FL35: 10959 | FM35: 16438 | FN35: 20548 | FO35: 23288 | FP35: 23288 | FQ35: 17808 | FR35: 10959 | FS35: 5479 | FT35: 1370 | GB35: =+SUM(FD35:GA35) -> 136986 | GC35: 19 | GD35: =+GB35*GC35 -> 2602734 | GE35: =+SUM(GD35:GD38) -> 4246566 | GG35: 48427 | GH35: Hábil | GO35: 1366 | GP35: 5464 | GQ35: 10929 | GR35: 16393 | GS35: 20492 | GT35: 23224 | GU35: 23224 | GV35: 17760 | GW35: 10929 | GX35: 5464 | GY35: 1366 | HG35: =+SUM(GI35:HF35) -> 136611 | HH35: 21 | HI35: =+HG35*HH35 -> 2868831 | HJ35: =+SUM(HI35:HI38) -> 4234941 | HL35: 48792 | HM35: Hábil | HT35: 1370 | HU35: 5479 | HV35: 10959 | HW35: 16438 | HX35: 20548 | HY35: 23288 | HZ35: 23288 | IA35: 17808 | IB35: 10959 | IC35: 5479 | ID35: 1370 | IL35: =+SUM(HN35:IK35) -> 136986 | IM35: 22 | IN35: =+IL35*IM35 -> 3013692 | IO35: =+SUM(IN35:IN38) -> 4246566 | IQ35: 49157 | IR35: Hábil | IY35: 1370 | IZ35: 5479 | JA35: 10959 | JB35: 16438 | JC35: 20548 | JD35: 23288 | JE35: 23288 | JF35: 17808 | JG35: 10959 | JH35: 5479 | JI35: 1370 | JQ35: =+SUM(IS35:JP35) -> 136986 | JR35: 21 | JS35: =+JQ35*JR35 -> 2876706 | JT35: =+SUM(JS35:JS38) -> 4246566 | JV35: 49522 | JW35: Hábil | KE35: 1370 | KF35: 5479 | KG35: 10959 | KH35: 16438 | KI35: 20548 | KJ35: 23288 | KK35: 23288 | KL35: 17808 | KM35: 10959 | KN35: 5479 | KO35: 1370 | KV35: =+SUM(JX35:KU35) -> 136986 | KW35: 21 | KX35: =+KV35*KW35 -> 2876706 | KY35: =+SUM(KX35:KX38) -> 4246566 | LA35: 49888 | LB35: Hábil | LI35: 1366 | LJ35: 5464 | LK35: 10929 | LL35: 16393 | LM35: 20492 | LN35: 23224 | LO35: 23224 | LP35: 17760 | LQ35: 10929 | LR35: 5464 | LS35: 1366 | MA35: =+SUM(LC35:LZ35) -> 136611 | MB35: 19 | MC35: =+MA35*MB35 -> 2595609 | MD35: =+SUM(MC35:MC38) -> 4234941 | MF35: 50253 | MG35: Hábil | MN35: 1370 | MO35: 5479 | MP35: 10959 | MQ35: 16438 | MR35: 20548 | MS35: 23288 | MT35: 23288 | MU35: 17808 | MV35: 10959 | MW35: 5479 | MX35: 1370 | NF35: =+SUM(MH35:NE35) -> 136986 | NG35: 19 | NH35: =+NF35*NG35 -> 2602734 | NI35: =+SUM(NH35:NH38) -> 4246566 | NK35: 50618 | NL35: Hábil | NS35: 1370 | NT35: 5479 | NU35: 10959 | NV35: 16438 | NW35: 20548 | NX35: 23288 | NY35: 23288 | NZ35: 17808 | OA35: 10959 | OB35: 5479 | OC35: 1370 | OK35: =+SUM(NM35:OJ35) -> 136986 | OL35: 21 | OM35: =+OK35*OL35 -> 2876706 | ON35: =+SUM(OM35:OM38) -> 4246566 | OP35: 50983 | OQ35: Hábil | OX35: 1370 | OY35: 5479 | OZ35: 10959 | PA35: 16438 | PB35: 20548 | PC35: 23288 | PD35: 23288 | PE35: 17808 | PF35: 10959 | PG35: 5479 | PH35: 1370 | PP35: =+SUM(OR35:PO35) -> 136986 | PQ35: 22 | PR35: =+PP35*PQ35 -> 3013692 | PS35: =+SUM(PR35:PR38) -> 4246566 | PU35: 51349 | PV35: Hábil | QC35: 1366 | QD35: 5464 | QE35: 10929 | QF35: 16393 | QG35: 20492 | QH35: 23224 | QI35: 23224 | QJ35: 17760 | QK35: 10929 | QL35: 5464 | QM35: 1366 | QU35: =+SUM(PW35:QT35) -> 136611 | QV35: 21 | QW35: =+QU35*QV35 -> 2868831 | QX35: =+SUM(QW35:QW38) -> 4234941
B36: Sábado | I36: 1370 | J36: 5479 | K36: 10959 | L36: 16438 | M36: 20548 | N36: 23288 | O36: 23288 | P36: 17808 | Q36: 10959 | R36: 5479 | S36: 1370 | AA36: =+SUM(C36:Z36) -> 136986 | AB36: 5 | AC36: =+AA36*AB36 -> 684930 | AG36: Sábado | AN36: 1370 | AO36: 5479 | AP36: 10959 | AQ36: 16438 | AR36: 20548 | AS36: 23288 | AT36: 23288 | AU36: 17808 | AV36: 10959 | AW36: 5479 | AX36: 1370 | BF36: =+SUM(AH36:BE36) -> 136986 | BG36: 3 | BH36: =+BF36*BG36 -> 410958 | BL36: Sábado | BS36: 1366 | BT36: 5464 | BU36: 10929 | BV36: 16393 | BW36: 20492 | BX36: 23224 | BY36: 23224 | BZ36: 17760 | CA36: 10929 | CB36: 5464 | CC36: 1366 | CK36: =+SUM(BM36:CJ36) -> 136611 | CL36: 4 | CM36: =+CK36*CL36 -> 546444 | CQ36: Sábado | CX36: 1370 | CY36: 5479 | CZ36: 10959 | DA36: 16438 | DB36: 20548 | DC36: 23288 | DD36: 23288 | DE36: 17808 | DF36: 10959 | DG36: 5479 | DH36: 1370 | DP36: =+SUM(CR36:DO36) -> 136986 | DQ36: 4 | DR36: =+DP36*DQ36 -> 547944 | DW36: Sábado | ED36: 1370 | EE36: 5479 | EF36: 10959 | EG36: 16438 | EH36: 20548 | EI36: 23288 | EJ36: 23288 | EK36: 17808 | EL36: 10959 | EM36: 5479 | EN36: 1370 | EV36: =+SUM(DX36:EU36) -> 136986 | EW36: 5 | EX36: =+EV36*EW36 -> 684930 | FC36: Sábado | FJ36: 1370 | FK36: 5479 | FL36: 10959 | FM36: 16438 | FN36: 20548 | FO36: 23288 | FP36: 23288 | FQ36: 17808 | FR36: 10959 | FS36: 5479 | FT36: 1370 | GB36: =+SUM(FD36:GA36) -> 136986 | GC36: 5 | GD36: =+GB36*GC36 -> 684930 | GH36: Sábado | GO36: 1366 | GP36: 5464 | GQ36: 10929 | GR36: 16393 | GS36: 20492 | GT36: 23224 | GU36: 23224 | GV36: 17760 | GW36: 10929 | GX36: 5464 | GY36: 1366 | HG36: =+SUM(GI36:HF36) -> 136611 | HH36: 3 | HI36: =+HG36*HH36 -> 409833 | HM36: Sábado | HT36: 1370 | HU36: 5479 | HV36: 10959 | HW36: 16438 | HX36: 20548 | HY36: 23288 | HZ36: 23288 | IA36: 17808 | IB36: 10959 | IC36: 5479 | ID36: 1370 | IL36: =+SUM(HN36:IK36) -> 136986 | IM36: 4 | IN36: =+IL36*IM36 -> 547944 | IR36: Sábado | IY36: 1370 | IZ36: 5479 | JA36: 10959 | JB36: 16438 | JC36: 20548 | JD36: 23288 | JE36: 23288 | JF36: 17808 | JG36: 10959 | JH36: 5479 | JI36: 1370 | JQ36: =+SUM(IS36:JP36) -> 136986 | JR36: 4 | JS36: =+JQ36*JR36 -> 547944 | JW36: Sábado | KE36: 1370 | KF36: 5479 | KG36: 10959 | KH36: 16438 | KI36: 20548 | KJ36: 23288 | KK36: 23288 | KL36: 17808 | KM36: 10959 | KN36: 5479 | KO36: 1370 | KV36: =+SUM(JX36:KU36) -> 136986 | KW36: 4 | KX36: =+KV36*KW36 -> 547944 | LB36: Sábado | LI36: 1366 | LJ36: 5464 | LK36: 10929 | LL36: 16393 | LM36: 20492 | LN36: 23224 | LO36: 23224 | LP36: 17760 | LQ36: 10929 | LR36: 5464 | LS36: 1366 | MA36: =+SUM(LC36:LZ36) -> 136611 | MB36: 5 | MC36: =+MA36*MB36 -> 683055 | MG36: Sábado | MN36: 1370 | MO36: 5479 | MP36: 10959 | MQ36: 16438 | MR36: 20548 | MS36: 23288 | MT36: 23288 | MU36: 17808 | MV36: 10959 | MW36: 5479 | MX36: 1370 | NF36: =+SUM(MH36:NE36) -> 136986 | NG36: 5 | NH36: =+NF36*NG36 -> 684930 | NL36: Sábado | NS36: 1370 | NT36: 5479 | NU36: 10959 | NV36: 16438 | NW36: 20548 | NX36: 23288 | NY36: 23288 | NZ36: 17808 | OA36: 10959 | OB36: 5479 | OC36: 1370 | OK36: =+SUM(NM36:OJ36) -> 136986 | OL36: 3 | OM36: =+OK36*OL36 -> 410958 | OQ36: Sábado | OX36: 1370 | OY36: 5479 | OZ36: 10959 | PA36: 16438 | PB36: 20548 | PC36: 23288 | PD36: 23288 | PE36: 17808 | PF36: 10959 | PG36: 5479 | PH36: 1370 | PP36: =+SUM(OR36:PO36) -> 136986 | PQ36: 4 | PR36: =+PP36*PQ36 -> 547944 | PV36: Sábado | QC36: 1366 | QD36: 5464 | QE36: 10929 | QF36: 16393 | QG36: 20492 | QH36: 23224 | QI36: 23224 | QJ36: 17760 | QK36: 10929 | QL36: 5464 | QM36: 1366 | QU36: =+SUM(PW36:QT36) -> 136611 | QV36: 4 | QW36: =+QU36*QV36 -> 546444
B37: Domingo | I37: 1370 | J37: 5479 | K37: 10959 | L37: 16438 | M37: 20548 | N37: 23288 | O37: 23288 | P37: 17808 | Q37: 10959 | R37: 5479 | S37: 1370 | AA37: =+SUM(C37:Z37) -> 136986 | AB37: 5 | AC37: =+AA37*AB37 -> 684930 | AG37: Domingo | AN37: 1370 | AO37: 5479 | AP37: 10959 | AQ37: 16438 | AR37: 20548 | AS37: 23288 | AT37: 23288 | AU37: 17808 | AV37: 10959 | AW37: 5479 | AX37: 1370 | BF37: =+SUM(AH37:BE37) -> 136986 | BG37: 5 | BH37: =+BF37*BG37 -> 684930 | BL37: Domingo | BS37: 1366 | BT37: 5464 | BU37: 10929 | BV37: 16393 | BW37: 20492 | BX37: 23224 | BY37: 23224 | BZ37: 17760 | CA37: 10929 | CB37: 5464 | CC37: 1366 | CK37: =+SUM(BM37:CJ37) -> 136611 | CL37: 4 | CM37: =+CK37*CL37 -> 546444 | CQ37: Domingo | CX37: 1370 | CY37: 5479 | CZ37: 10959 | DA37: 16438 | DB37: 20548 | DC37: 23288 | DD37: 23288 | DE37: 17808 | DF37: 10959 | DG37: 5479 | DH37: 1370 | DP37: =+SUM(CR37:DO37) -> 136986 | DQ37: 4 | DR37: =+DP37*DQ37 -> 547944 | DW37: Domingo | ED37: 1370 | EE37: 5479 | EF37: 10959 | EG37: 16438 | EH37: 20548 | EI37: 23288 | EJ37: 23288 | EK37: 17808 | EL37: 10959 | EM37: 5479 | EN37: 1370 | EV37: =+SUM(DX37:EU37) -> 136986 | EW37: 4 | EX37: =+EV37*EW37 -> 547944 | FC37: Domingo | FJ37: 1370 | FK37: 5479 | FL37: 10959 | FM37: 16438 | FN37: 20548 | FO37: 23288 | FP37: 23288 | FQ37: 17808 | FR37: 10959 | FS37: 5479 | FT37: 1370 | GB37: =+SUM(FD37:GA37) -> 136986 | GC37: 5 | GD37: =+GB37*GC37 -> 684930 | GH37: Domingo | GO37: 1366 | GP37: 5464 | GQ37: 10929 | GR37: 16393 | GS37: 20492 | GT37: 23224 | GU37: 23224 | GV37: 17760 | GW37: 10929 | GX37: 5464 | GY37: 1366 | HG37: =+SUM(GI37:HF37) -> 136611 | HH37: 5 | HI37: =+HG37*HH37 -> 683055 | HM37: Domingo | HT37: 1370 | HU37: 5479 | HV37: 10959 | HW37: 16438 | HX37: 20548 | HY37: 23288 | HZ37: 23288 | IA37: 17808 | IB37: 10959 | IC37: 5479 | ID37: 1370 | IL37: =+SUM(HN37:IK37) -> 136986 | IM37: 3 | IN37: =+IL37*IM37 -> 410958 | IR37: Domingo | IY37: 1370 | IZ37: 5479 | JA37: 10959 | JB37: 16438 | JC37: 20548 | JD37: 23288 | JE37: 23288 | JF37: 17808 | JG37: 10959 | JH37: 5479 | JI37: 1370 | JQ37: =+SUM(IS37:JP37) -> 136986 | JR37: 4 | JS37: =+JQ37*JR37 -> 547944 | JW37: Domingo | KE37: 1370 | KF37: 5479 | KG37: 10959 | KH37: 16438 | KI37: 20548 | KJ37: 23288 | KK37: 23288 | KL37: 17808 | KM37: 10959 | KN37: 5479 | KO37: 1370 | KV37: =+SUM(JX37:KU37) -> 136986 | KW37: 4 | KX37: =+KV37*KW37 -> 547944 | LB37: Domingo | LI37: 1366 | LJ37: 5464 | LK37: 10929 | LL37: 16393 | LM37: 20492 | LN37: 23224 | LO37: 23224 | LP37: 17760 | LQ37: 10929 | LR37: 5464 | LS37: 1366 | MA37: =+SUM(LC37:LZ37) -> 136611 | MB37: 5 | MC37: =+MA37*MB37 -> 683055 | MG37: Domingo | MN37: 1370 | MO37: 5479 | MP37: 10959 | MQ37: 16438 | MR37: 20548 | MS37: 23288 | MT37: 23288 | MU37: 17808 | MV37: 10959 | MW37: 5479 | MX37: 1370 | NF37: =+SUM(MH37:NE37) -> 136986 | NG37: 5 | NH37: =+NF37*NG37 -> 684930 | NL37: Domingo | NS37: 1370 | NT37: 5479 | NU37: 10959 | NV37: 16438 | NW37: 20548 | NX37: 23288 | NY37: 23288 | NZ37: 17808 | OA37: 10959 | OB37: 5479 | OC37: 1370 | OK37: =+SUM(NM37:OJ37) -> 136986 | OL37: 5 | OM37: =+OK37*OL37 -> 684930 | OQ37: Domingo | OX37: 1370 | OY37: 5479 | OZ37: 10959 | PA37: 16438 | PB37: 20548 | PC37: 23288 | PD37: 23288 | PE37: 17808 | PF37: 10959 | PG37: 5479 | PH37: 1370 | PP37: =+SUM(OR37:PO37) -> 136986 | PQ37: 3 | PR37: =+PP37*PQ37 -> 410958 | PV37: Domingo | QC37: 1366 | QD37: 5464 | QE37: 10929 | QF37: 16393 | QG37: 20492 | QH37: 23224 | QI37: 23224 | QJ37: 17760 | QK37: 10929 | QL37: 5464 | QM37: 1366 | QU37: =+SUM(PW37:QT37) -> 136611 | QV37: 4 | QW37: =+QU37*QV37 -> 546444
