Workbook

Sheet Producto 1 2026
A1: ANEXO 1 - OFERTAS PRODUCTO 1 - CURVA PLC
A2: EMPRESA SIGLO XXI EICE ESP
A3: NOMBRE DEL OFERENTE
A4: PRODUCTO 1 - CURVA PLC
A5: AÑO | B5: MES | C5: PERIODO ENERO 2026 - DICIEMBRE 2026
C6: E. Solicitada [kWh] | D6: % E. Ofertado | E6: E. Ofertada [kWh] | F6: $/kWh
A7: 2026 | B7: 1 | C7: =SUMIFS('2026 Curvas'!AH:AH,'2026 Curvas'!A:A,A7,'2026 Curvas'!B:B,B7) -> 345097.67
A8: 2026 | B8: 2 | C8: =SUMIFS('2026 Curvas'!AH:AH,'2026 Curvas'!A:A,A8,'2026 Curvas'!B:B,B8) -> 345635.07
A9: 2026 | B9: 3 | C9: =SUMIFS('2026 Curvas'!AH:AH,'2026 Curvas'!A:A,A9,'2026 Curvas'!B:B,B9) -> 440635.06
A10: 2026 | B10: 4 | C10: =SUMIFS('2026 Curvas'!AH:AH,'2026 Curvas'!A:A,A10,'2026 Curvas'!B:B,B10) -> 392442.19
A11: 2026 | B11: 5 | C11: =SUMIFS('2026 Curvas'!AH:AH,'2026 Curvas'!A:A,A11,'2026 Curvas'!B:B,B11) -> 350729.26
A12: 2026 | B12: 6 | C12: =SUMIFS('2026 Curvas'!AH:AH,'2026 Curvas'!A:A,A12,'2026 Curvas'!B:B,B12) -> 310457.91
A13: 2026 | B13: 7 | C13: =SUMIFS('2026 Curvas'!AH:AH,'2026 Curvas'!A:A,A13,'2026 Curvas'!B:B,B13) -> 333760.19
A14: 2026 | B14: 8 | C14: =SUMIFS('2026 Curvas'!AH:AH,'2026 Curvas'!A:A,A14,'2026 Curvas'!B:B,B14) -> 359914.53
A15: 2026 | B15: 9 | C15: =SUMIFS('2026 Curvas'!AH:AH,'2026 Curvas'!A:A,A15,'2026 Curvas'!B:B,B15) -> 351876.54
A16: 2026 | B16: 10 | C16: =SUMIFS('2026 Curvas'!AH:AH,'2026 Curvas'!A:A,A16,'2026 Curvas'!B:B,B16) -> 373230.01
A17: 2026 | B17: 11 | C17: =SUMIFS('2026 Curvas'!AH:AH,'2026 Curvas'!A:A,A17,'2026 Curvas'!B:B,B17) -> 340262.43
A18: 2026 | B18: 12 | C18: =SUMIFS('2026 Curvas'!AH:AH,'2026 Curvas'!A:A,A18,'2026 Curvas'!B:B,B18) -> 367242.56
A19: Total | C19: =SUM(C7:C18) -> 4311283.4

Sheet Producto 2 2027
A2: ANEXO 1 - OFERTAS PRODUCTO2 - CURVA PLC
A3: EMPRESA SIGLO XXI EICE ESP
A4: NOMBRE DEL OFERENTE
A5: PRODUCTO 2 - CURVA PLC
A6: AÑO | B6: MES | C6: PERIODO ENERO 2027 - DICIEMBRE 2027
C7: E. Solicitada [kWh] | D7: % E. Ofertado | E7: E. Ofertada [kWh] | F7: $/kWh
A8: 2027 | B8: 1 | C8: =SUMIFS('2027 Curvas'!AH:AH,'2027 Curvas'!A:A,A8,'2027 Curvas'!B:B,B8) -> 342652.67
A9: 2027 | B9: 2 | C9: =SUMIFS('2027 Curvas'!AH:AH,'2027 Curvas'!A:A,A9,'2027 Curvas'!B:B,B9) -> 347611.77
A10: 2027 | B10: 3 | C10: =SUMIFS('2027 Curvas'!AH:AH,'2027 Curvas'!A:A,A10,'2027 Curvas'!B:B,B10) -> 447413.48
A11: 2027 | B11: 4 | C11: =SUMIFS('2027 Curvas'!AH:AH,'2027 Curvas'!A:A,A11,'2027 Curvas'!B:B,B11) -> 409689.57
A12: 2027 | B12: 5 | C12: =SUMIFS('2027 Curvas'!AH:AH,'2027 Curvas'!A:A,A12,'2027 Curvas'!B:B,B12) -> 354470.57
A13: 2027 | B13: 6 | C13: =SUMIFS('2027 Curvas'!AH:AH,'2027 Curvas'!A:A,A13,'2027 Curvas'!B:B,B13) -> 312959
A14: 2027 | B14: 7 | C14: =SUMIFS('2027 Curvas'!AH:AH,'2027 Curvas'!A:A,A14,'2027 Curvas'!B:B,B14) -> 337449.61
A15: 2027 | B15: 8 | C15: =SUMIFS('2027 Curvas'!AH:AH,'2027 Curvas'!A:A,A15,'2027 Curvas'!B:B,B15) -> 367011.66
A16: 2027 | B16: 9 | C16: =SUMIFS('2027 Curvas'!AH:AH,'2027 Curvas'!A:A,A16,'2027 Curvas'!B:B,B16) -> 355580.69
A17: 2027 | B17: 10 | C17: =SUMIFS('2027 Curvas'!AH:AH,'2027 Curvas'!A:A,A17,'2027 Curvas'!B:B,B17) -> 375703.24
A18: 2027 | B18: 11 | C18: =SUMIFS('2027 Curvas'!AH:AH,'2027 Curvas'!A:A,A18,'2027 Curvas'!B:B,B18) -> 342740.14
A19: 2027 | B19: 12 | C19: =SUMIFS('2027 Curvas'!AH:AH,'2027 Curvas'!A:A,A19,'2027 Curvas'!B:B,B19) -> 371134.83
A20: Total | C20: =SUM(C8:C19) -> 4364417.2

Sheet Producto 3 2028
A3: ANEXO 1 - OFERTAS PRODUCTO 3 - CURVA PLC
A4: EMPRESA SIGLO XXI EICE ESP
A5: NOMBRE DEL OFERENTE
A6: PRODUCTO 3 - CURVA PLC
A7: AÑO | B7: MES | C7: PERIODO ENERO 2028 - DICIEMBRE 2028
C8: E. Solicitada [kWh] | D8: % E. Ofertado | E8: E. Ofertada [kWh] | F8: $/kWh
A9: 2028 | B9: 1 | C9: =SUMIFS('2028 Curvas'!AH:AH,'2028 Curvas'!A:A,A9,'2028 Curvas'!B:B,B9) -> 347383.32
A10: 2028 | B10: 2 | C10: =SUMIFS('2028 Curvas'!AH:AH,'2028 Curvas'!A:A,A10,'2028 Curvas'!B:B,B10) -> 360614.2
A11: 2028 | B11: 3 | C11: =SUMIFS('2028 Curvas'!AH:AH,'2028 Curvas'!A:A,A11,'2028 Curvas'!B:B,B11) -> 445383.98
A12: 2028 | B12: 4 | C12: =SUMIFS('2028 Curvas'!AH:AH,'2028 Curvas'!A:A,A12,'2028 Curvas'!B:B,B12) -> 393926.38
A13: 2028 | B13: 5 | C13: =SUMIFS('2028 Curvas'!AH:AH,'2028 Curvas'!A:A,A13,'2028 Curvas'!B:B,B13) -> 354742.94
A14: 2028 | B14: 6 | C14: =SUMIFS('2028 Curvas'!AH:AH,'2028 Curvas'!A:A,A14,'2028 Curvas'!B:B,B14) -> 313177.48
A15: 2028 | B15: 7 | C15: =SUMIFS('2028 Curvas'!AH:AH,'2028 Curvas'!A:A,A15,'2028 Curvas'!B:B,B15) -> 334770.99
A16: 2028 | B16: 8 | C16: =SUMIFS('2028 Curvas'!AH:AH,'2028 Curvas'!A:A,A16,'2028 Curvas'!B:B,B16) -> 363537.94
A17: 2028 | B17: 9 | C17: =SUMIFS('2028 Curvas'!AH:AH,'2028 Curvas'!A:A,A17,'2028 Curvas'!B:B,B17) -> 353128.76
A18: 2028 | B18: 10 | C18: =SUMIFS('2028 Curvas'!AH:AH,'2028 Curvas'!A:A,A18,'2028 Curvas'!B:B,B18) -> 374326.76
A19: 2028 | B19: 11 | C19: =SUMIFS('2028 Curvas'!AH:AH,'2028 Curvas'!A:A,A19,'2028 Curvas'!B:B,B19) -> 344988.65
A20: 2028 | B20: 12 | C20: =SUMIFS('2028 Curvas'!AH:AH,'2028 Curvas'!A:A,A20,'2028 Curvas'!B:B,B20) -> 367506.13
A21: Total | C21: =SUM(C9:C20) -> 4353487.5

Sheet 2026 Curvas
A1: ANEXO 1A - CANTIDADES DE ENERGÍA SOLICITADA EN kWh
A2: CURVA HORARIA POR TIPO DE DÍA
A3: OFERTA BASICA MODALIDAD PAGUE LO CONTRATADO
A4: kWh.
A5: PERIODO 01 DE ENERO 2026 A DICIEMBRE 31 DE 20256
A6: año | B6: mes | C6: tipo_dia | D6: Laborales | E6: Sabados | F6: Domingos | G6: Festivos | H6: Total Dias | I6: hora_0 | J6: hora_1 | K6: hora_2 | L6: hora_3 | M6: hora_4 | N6: hora_5 | O6: hora_6 | P6: hora_7 | Q6: hora_8 | R6: hora_9 | S6: hora_10 | T6: hora_11 | U6: hora_12 | V6: hora_13 | W6: hora_14 | X6: hora_15 | Y6: hora_16 | Z6: hora_17 | AA6: hora_18 | AB6: hora_19 | AC6: hora_20 | AD6: hora_21 | AE6: hora_22 | AF6: hora_23 | AG6: consumo_diario | AH6: consumo_mensual_tipo | AI6: TOTAL
A7: 2026 | B7: 1 | C7: 1 | D7: 20 | E7: 5 | F7: 4 | G7: 2 | H7: 31 | I7: 416.13776 | J7: 397.5473 | K7: 382.01815 | L7: 372.11408 | M7: 362.15103 | N7: 332.41267 | O7: 370.80874 | P7: 409.83922 | Q7: 467.33686 | R7: 484.07898 | S7: 524.29112 | T7: 534.66942 | U7: 525.57268 | V7: 535.05348 | W7: 573.34995 | X7: 558.93288 | Y7: 552.49395 | Z7: 557.41507 | AA7: 594.42856 | AB7: 593.09292 | AC7: 563.65565 | AD7: 515.4329 | AE7: 473.08495 | AF7: 438.41025 | AG7: =SUM(I7:AF7) -> 11534.329 | AH7: =AG7*D7 -> 230686.57 | AI7: =AH7+AH8+AH9+AH10 -> 345097.67
A8: 2026 | B8: 1 | C8: 2 | D8: 20 | E8: 5 | F8: 4 | G8: 2 | H8: 31 | I8: 390.91234 | J8: 374.14058 | K8: 364.17105 | L8: 355.3175 | M8: 344.67492 | N8: 327.41321 | O8: 354.92406 | P8: 394.70072 | Q8: 421.09559 | R8: 433.26984 | S8: 456.42567 | T8: 468.2634 | U8: 470.47555 | V8: 483.07046 | W8: 476.80517 | X8: 443.01914 | Y8: 487.08153 | Z8: 518.48715 | AA8: 566.89961 | AB8: 557.43734 | AC8: 530.42881 | AD8: 471.64349 | AE8: 440.03744 | AF8: 414.14983 | AG8: =SUM(I8:AF8) -> 10544.844 | AH8: =E8*AG8 -> 52724.222
A9: 2026 | B9: 1 | C9: 3 | D9: 20 | E9: 5 | F9: 4 | G9: 2 | H9: 31 | I9: 390.95235 | J9: 374.96255 | K9: 363.43601 | L9: 354.05797 | M9: 346.171 | N9: 320.25736 | O9: 343.05739 | P9: 377.82062 | Q9: 362.98447 | R9: 377.14084 | S9: 420.41128 | T9: 434.91498 | U9: 443.02276 | V9: 455.12737 | W9: 469.68813 | X9: 466.31155 | Y9: 454.79244 | Z9: 485.26857 | AA9: 547.93765 | AB9: 555.15725 | AC9: 532.85341 | AD9: 486.21382 | AE9: 455.49207 | AF9: 418.7019 | AG9: =SUM(I9:AF9) -> 10236.734 | AH9: =AG9*F9 -> 40946.935
A10: 2026 | B10: 1 | C10: 4 | D10: 20 | E10: 5 | F10: 4 | G10: 2 | H10: 31 | I10: 396.24027 | J10: 386.7273 | K10: 375.12648 | L10: 367.68634 | M10: 359.15471 | N10: 337.97082 | O10: 364.78238 | P10: 395.93486 | Q10: 413.60395 | R10: 416.52793 | S10: 435.24846 | T10: 444.96671 | U10: 451.17017 | V10: 455.91163 | W10: 410.34951 | X10: 397.61715 | Y10: 453.28806 | Z10: 484.63079 | AA10: 542.84016 | AB10: 554.19564 | AC10: 542.55978 | AD10: 495.62578 | AE10: 459.67677 | AF10: 428.13376 | AG10: =SUM(I10:AF10) -> 10369.969 | AH10: =AG10*G10 -> 20739.939
A11: 2026 | B11: 2 | C11: 1 | D11: 20 | E11: 4 | F11: 4 | G11: 0 | H11: 28 | I11: 463.33738 | J11: 428.94217 | K11: 414.72357 | L11: 401.12937 | M11: 373.23894 | N11: 355.17709 | O11: 371.47826 | P11: 471.30703 | Q11: 506.63353 | R11: 515.64379 | S11: 575.5179 | T11: 584.87081 | U11: 567.97691 | V11: 592.00776 | W11: 633.86037 | X11: 597.4747 | Y11: 601.39841 | Z11: 562.04049 | AA11: 603.43455 | AB11: 627.95614 | AC11: 617.13465 | AD11: 576.46803 | AE11: 533.78538 | AF11: 492.57487 | AG11: =SUM(I11:AF11) -> 12468.112 | AH11: =AG11*D11 -> 249362.24 | AI11: =AH11+AH12+AH13+AH14 -> 345635.07
A12: 2026 | B12: 2 | C12: 2 | D12: 20 | E12: 4 | F12: 4 | G12: 0 | H12: 28 | I12: 469.47638 | J12: 446.4227 | K12: 431.38535 | L12: 416.01025 | M12: 403.22198 | N12: 385.06561 | O12: 396.42614 | P12: 434.69883 | Q12: 463.04131 | R12: 479.54222 | S12: 499.44873 | T12: 515.65795 | U12: 518.19872 | V12: 544.83199 | W12: 566.12019 | X12: 566.17392 | Y12: 548.20689 | Z12: 545.4691 | AA12: 620.08014 | AB12: 630.52722 | AC12: 612.69835 | AD12: 581.15753 | AE12: 546.02689 | AF12: 505.48209 | AG12: =SUM(I12:AF12) -> 12125.37 | AH12: =AG12*E12 -> 48501.482
A13: 2026 | B13: 2 | C13: 3 | D13: 20 | E13: 4 | F13: 4 | G13: 0 | H13: 28 | I13: 476.03921 | J13: 434.23179 | K13: 435.14254 | L13: 418.54374 | M13: 404.25902 | N13: 383.45793 | O13: 380.12021 | P13: 417.3123 | Q13: 439.67835 | R13: 458.1474 | S13: 475.93146 | T13: 501.06569 | U13: 514.77573 | V13: 545.23594 | W13: 559.67715 | X13: 554.55898 | Y13: 531.45919 | Z13: 526.18452 | AA13: 602.37737 | AB13: 632.4425 | AC13: 623.13229 | AD13: 587.25887 | AE13: 541.73403 | AF13: 500.07027 | AG13: =SUM(I13:AF13) -> 11942.837 | AH13: =AG13*F13 -> 47771.346
A14: 2026 | B14: 2 | C14: 4 | D14: 20 | E14: 4 | F14: 4 | G14: 0 | H14: 28 | AG14: =SUM(I14:AF14) -> 0 | AH14: =AG14*G14 -> 0
A15: 2026 | B15: 3 | C15: 1 | D15: 21 | E15: 4 | F15: 5 | G15: 1 | H15: 31 | I15: 567.38217 | J15: 542.23976 | K15: 524.68663 | L15: 505.03613 | M15: 486.61704 | N15: 466.09644 | O15: 483.70702 | P15: 544.91819 | Q15: 591.66987 | R15: 620.36081 | S15: 652.87393 | T15: 666.69491 | U15: 645.61161 | V15: 670.62015 | W15: 694.76274 | X15: 717.23856 | Y15: 680.4614 | Z15: 664.93279 | AA15: 714.20238 | AB15: 722.64162 | AC15: 709.37386 | AD15: 684.14616 | AE15: 645.99602 | AF15: 604.28254 | AG15: =SUM(I15:AF15) -> 14806.553 | AH15: =AG15*D15 -> 310937.61 | AI15: =AH15+AH16+AH17+AH18 -> 440635.06
A16: 2026 | B16: 3 | C16: 2 | D16: 21 | E16: 4 | F16: 5 | G16: 1 | H16: 31 | I16: 524.70873 | J16: 510.52574 | K16: 493.03227 | L16: 476.51722 | M16: 459.43212 | N16: 438.97021 | O16: 447.13134 | P16: 441.79147 | Q16: 485.9615 | R16: 526.40439 | S16: 547.53171 | T16: 560.73421 | U16: 567.13128 | V16: 591.9111 | W16: 603.51952 | X16: 603.54025 | Y16: 576.43667 | Z16: 580.85201 | AA16: 649.20693 | AB16: 628.93159 | AC16: 638.14577 | AD16: 611.24326 | AE16: 581.619 | AF16: 551.36042 | AG16: =SUM(I16:AF16) -> 13096.639 | AH16: =AG16*E16 -> 52386.555
A17: 2026 | B17: 3 | C17: 3 | D17: 21 | E17: 4 | F17: 5 | G17: 1 | H17: 31 | I17: 535.49147 | J17: 514.85293 | K17: 496.18324 | L17: 478.98446 | M17: 466.54217 | N17: 441.19298 | O17: 445.30986 | P17: 476.06973 | Q17: 499.45216 | R17: 512.28822 | S17: 529.62451 | T17: 556.71753 | U17: 565.60965 | V17: 589.78378 | W17: 606.29085 | X17: 604.87828 | Y17: 573.56838 | Z17: 568.12019 | AA17: 633.53597 | AB17: 656.81631 | AC17: 651.22644 | AD17: 621.21035 | AE17: 585.82524 | AF17: 549.34425 | AG17: =SUM(I17:AF17) -> 13158.919 | AH17: =AG17*F17 -> 65794.595
A18: 2026 | B18: 3 | C18: 4 | D18: 21 | E18: 4 | F18: 5 | G18: 1 | H18: 31 | I18: 489.82477 | J18: 476.50482 | K18: 464.78179 | L18: 453.2091 | M18: 443.06963 | N18: 420.77283 | O18: 425.95782 | P18: 455.69803 | Q18: 422.3898 | R18: 323.11991 | S18: 436.86902 | T18: 478.20531 | U18: 505.16259 | V18: 522.66194 | W18: 532.0898 | X18: 534.13774 | Y18: 499.25263 | Z18: 500.18807 | AA18: 480.0862 | AB18: 581.2303 | AC18: 573.81029 | AD18: 557.82768 | AE18: 501.97208 | AF18: 437.47706 | AG18: =SUM(I18:AF18) -> 11516.299 | AH18: =AG18*G18 -> 11516.299
A19: 2026 | B19: 4 | C19: 1 | D19: 20 | E19: 4 | F19: 4 | G19: 2 | H19: 30 | I19: 478.38667 | J19: 473.93053 | K19: 456.98696 | L19: 437.79324 | M19: 417.42482 | N19: 397.5342 | O19: 446.27367 | P19: 507.02879 | Q19: 542.67109 | R19: 574.15044 | S19: 602.02293 | T19: 620.11767 | U19: 590.54768 | V19: 609.23372 | W19: 658.65501 | X19: 664.80089 | Y19: 635.32446 | Z19: 617.67271 | AA19: 662.68736 | AB19: 662.21875 | AC19: 644.98113 | AD19: 616.21442 | AE19: 543.68455 | AF19: 517.51302 | AG19: =SUM(I19:AF19) -> 13377.855 | AH19: =AG19*D19 -> 267557.09 | AI19: =AH19+AH20+AH21+AH22 -> 392442.19
A20: 2026 | B20: 4 | C20: 2 | D20: 20 | E20: 4 | F20: 4 | G20: 2 | H20: 30 | I20: 498.88339 | J20: 479.89369 | K20: 465.53721 | L20: 453.64841 | M20: 436.79546 | N20: 409.25158 | O20: 432.44642 | P20: 476.5303 | Q20: 507.07425 | R20: 513.04203 | S20: 548.0861 | T20: 572.30256 | U20: 564.42106 | V20: 566.26643 | W20: 578.54372 | X20: 574.58319 | Y20: 543.96729 | Z20: 533.74401 | AA20: 614.44393 | AB20: 624.99816 | AC20: 607.46893 | AD20: 573.62273 | AE20: 536.25846 | AF20: 497.91214 | AG20: =SUM(I20:AF20) -> 12609.721 | AH20: =AG20*E20 -> 50438.886
A21: 2026 | B21: 4 | C21: 3 | D21: 20 | E21: 4 | F21: 4 | G21: 2 | H21: 30 | I21: 486.14544 | J21: 470.60585 | K21: 457.07687 | L21: 441.8526 | M21: 432.55259 | N21: 403.85128 | O21: 419.46135 | P21: 456.71333 | Q21: 478.43315 | R21: 500.27909 | S21: 517.05027 | T21: 538.22106 | U21: 482.70292 | V21: 600.79861 | W21: 600.59087 | X21: 601.05828 | Y21: 575.29127 | Z21: 577.05334 | AA21: 666.27707 | AB21: 691.76957 | AC21: 685.41128 | AD21: 649.41315 | AE21: 597.7122 | AF21: 556.88044 | AG21: =SUM(I21:AF21) -> 12887.202 | AH21: =AG21*F21 -> 51548.807
A22: 2026 | B22: 4 | C22: 4 | D22: 20 | E22: 4 | F22: 4 | G22: 2 | H22: 30 | I22: 435.82127 | J22: 434.2715 | K22: 412.97219 | L22: 395.82156 | M22: 383.34293 | N22: 368.97402 | O22: 398.3744 | P22: 418.02685 | Q22: 439.92991 | R22: 441.91195 | S22: 473.85135 | T22: 501.65093 | U22: 524.0355 | V22: 523.9657 | W22: 508.77975 | X22: 517.98203 | Y22: 490.93679 | Z22: 513.2381 | AA22: 583.32769 | AB22: 604.53877 | AC22: 574.59134 | AD22: 544.26443 | AE22: 497.94018 | AF22: 460.15281 | AG22: =SUM(I22:AF22) -> 11448.702 | AH22: =AG22*G22 -> 22897.404
A23: 2026 | B23: 5 | C23: 1 | D23: 19 | E23: 5 | F23: 5 | G23: 2 | H23: 31 | I23: 389.42603 | J23: 365.34497 | K23: 358.58584 | L23: 354.69135 | M23: 341.83813 | N23: 328.31163 | O23: 396.54195 | P23: 439.68659 | Q23: 477.85501 | R23: 506.19849 | S23: 531.67232 | T23: 567.36282 | U23: 518.95785 | V23: 549.09269 | W23: 587.11828 | X23: 589.22742 | Y23: 559.54195 | Z23: 539.19277 | AA23: 595.88126 | AB23: 588.14352 | AC23: 569.93153 | AD23: 530.47978 | AE23: 464.34329 | AF23: 429.88869 | AG23: =SUM(I23:AF23) -> 11579.314 | AH23: =AG23*D23 -> 220006.97 | AI23: =AH23+AH24+AH25+AH26 -> 350729.26
A24: 2026 | B24: 5 | C24: 2 | D24: 19 | E24: 5 | F24: 5 | G24: 2 | H24: 31 | I24: 466.0265 | J24: 450.53867 | K24: 434.78538 | L24: 418.18925 | M24: 411.45441 | N24: 381.12312 | O24: 365.27446 | P24: 346.83032 | Q24: 482.00489 | R24: 509.9615 | S24: 429.60215 | T24: 517.62164 | U24: 510.84298 | V24: 451.34799 | W24: 512.09304 | X24: 528.90824 | Y24: 509.76304 | Z24: 522.51362 | AA24: 569.48742 | AB24: 573.49791 | AC24: 547.81117 | AD24: 506.6366 | AE24: 474.73308 | AF24: 443.37855 | AG24: =SUM(I24:AF24) -> 11364.426 | AH24: =AG24*E24 -> 56822.13
A25: 2026 | B25: 5 | C25: 3 | D25: 19 | E25: 5 | F25: 5 | G25: 2 | H25: 31 | I25: 406.63661 | J25: 391.92888 | K25: 383.0074 | L25: 376.69695 | M25: 374.33054 | N25: 348.78423 | O25: 357.36374 | P25: 372.41594 | Q25: 421.40674 | R25: 420.35583 | S25: 434.24729 | T25: 452.82914 | U25: 372.66057 | V25: 472.82053 | W25: 464.05714 | X25: 422.73639 | Y25: 431.0671 | Z25: 467.52688 | AA25: 536.03312 | AB25: 511.91964 | AC25: 511.77237 | AD25: 471.94769 | AE25: 437.75448 | AF25: 410.35597 | AG25: =SUM(I25:AF25) -> 10250.655 | AH25: =AG25*F25 -> 51253.276
A26: 2026 | B26: 5 | C26: 4 | D26: 19 | E26: 5 | F26: 5 | G26: 2 | H26: 31 | I26: 454.35932 | J26: 440.3938 | K26: 423.55395 | L26: 412.44166 | M26: 402.02554 | N26: 371.75812 | O26: 353.71053 | P26: 444.20689 | Q26: 492.53771 | R26: 420.83785 | S26: 545.75752 | T26: 559.73886 | U26: 558.59968 | V26: 375.43936 | W26: 305.43772 | X26: 355.64609 | Y26: 532.70968 | Z26: 532.27194 | AA26: 590.85539 | AB26: 602.147 | AC26: 584.85359 | AD26: 562.41805 | AE26: 517.06176 | AF26: 484.67947 | AG26: =SUM(I26:AF26) -> 11323.441 | AH26: =AG26*G26 -> 22646.883
A27: 2026 | B27: 6 | C27: 1 | D27: 19 | E27: 4 | F27: 4 | G27: 3 | H27: 30 | I27: 368.40277 | J27: 358.14731 | K27: 348.75778 | L27: 340.85269 | M27: 321.97448 | N27: 311.24437 | O27: 355.72236 | P27: 392.52111 | Q27: 432.28875 | R27: 445.86334 | S27: 468.09843 | T27: 492.64488 | U27: 479.83504 | V27: 461.21903 | W27: 502.52888 | X27: 520.0348 | Y27: 506.42054 | Z27: 486.34263 | AA27: 528.11855 | AB27: 523.37358 | AC27: 532.0433 | AD27: 485.16881 | AE27: 420.00171 | AF27: 388.63976 | AG27: =SUM(I27:AF27) -> 10470.245 | AH27: =AG27*D27 -> 198934.65 | AI27: =AH27+AH28+AH29+AH30 -> 310457.91
A28: 2026 | B28: 6 | C28: 2 | D28: 19 | E28: 4 | F28: 4 | G28: 3 | H28: 30 | I28: 388.42377 | J28: 375.63062 | K28: 365.12675 | L28: 354.06224 | M28: 334.70798 | N28: 329.77801 | O28: 359.35379 | P28: 398.51325 | Q28: 431.61333 | R28: 447.79876 | S28: 456.18804 | T28: 460.26487 | U28: 450.9615 | V28: 462.85275 | W28: 464.74795 | X28: 466.7955 | Y28: 448.53612 | Z28: 470.82358 | AA28: 500.74874 | AB28: 527.65741 | AC28: 497.47428 | AD28: 460.49643 | AE28: 425.37723 | AF28: 395.01941 | AG28: =SUM(I28:AF28) -> 10272.952 | AH28: =AG28*E28 -> 41091.809
A29: 2026 | B29: 6 | C29: 3 | D29: 19 | E29: 4 | F29: 4 | G29: 3 | H29: 30 | I29: 373.4559 | J29: 349.16982 | K29: 334.95924 | L29: 346.85862 | M29: 320.29834 | N29: 292.74491 | O29: 346.43915 | P29: 374.17352 | Q29: 396.69537 | R29: 402.85171 | S29: 417.0335 | T29: 433.36405 | U29: 449.79124 | V29: 470.28153 | W29: 470.84494 | X29: 467.65573 | Y29: 448.14626 | Z29: 456.79886 | AA29: 533.78191 | AB29: 548.43663 | AC29: 535.64691 | AD29: 502.99815 | AE29: 463.35205 | AF29: 423.54146 | AG29: =SUM(I29:AF29) -> 10159.32 | AH29: =AG29*F29 -> 40637.279
A30: 2026 | B30: 6 | C30: 4 | D30: 19 | E30: 4 | F30: 4 | G30: 3 | H30: 30 | I30: 395.51865 | J30: 381.35713 | K30: 369.94658 | L30: 359.98181 | M30: 354.69571 | N30: 333.91276 | O30: 358.58624 | P30: 308.48627 | Q30: 388.75164 | R30: 433.52033 | S30: 453.29425 | T30: 473.00292 | U30: 458.98195 | V30: 466.73289 | W30: 449.18284 | X30: 443.89172 | Y30: 386.91933 | Z30: 390.60404 | AA30: 510.68331 | AB30: 507.31989 | AC30: 477.54605 | AD30: 444.64473 | AE30: 406.75851 | AF30: 377.07002 | AG30: =SUM(I30:AF30) -> 9931.3896 | AH30: =AG30*G30 -> 29794.169
A31: 2026 | B31: 7 | C31: 1 | D31: 22 | E31: 4 | F31: 4 | G31: 1 | H31: 31 | I31: 377.41997 | J31: 353.91778 | K31: 345.45179 | L31: 341.52661 | M31: 345.01732 | N31: 337.99074 | O31: 382.30537 | P31: 417.92491 | Q31: 457.11293 | R31: 480.98487 | S31: 499.15879 | T31: 500.36815 | U31: 493.8021 | V31: 492.20113 | W31: 532.51981 | X31: 524.07012 | Y31: 509.4018 | Z31: 516.90104 | AA31: 566.516 | AB31: 558.93899 | AC31: 544.40665 | AD31: 490.27417 | AE31: 440.30762 | AF31: 403.99655 | AG31: =SUM(I31:AF31) -> 10912.515 | AH31: =AG31*D31 -> 240075.33 | AI31: =AH31+AH32+AH33+AH34 -> 333760.19
A32: 2026 | B32: 7 | C32: 2 | D32: 22 | E32: 4 | F32: 4 | G32: 1 | H32: 31 | I32: 375.90657 | J32: 361.81033 | K32: 353.85306 | L32: 348.27093 | M32: 349.98957 | N32: 332.16389 | O32: 353.27903 | P32: 377.05118 | Q32: 399.98464 | R32: 412.48599 | S32: 444.03324 | T32: 454.27286 | U32: 457.11205 | V32: 435.08259 | W32: 501.94434 | X32: 497.90211 | Y32: 364.43727 | Z32: 520.39818 | AA32: 568.53111 | AB32: 590.14208 | AC32: 573.41117 | AD32: 523.15143 | AE32: 476.9829 | AF32: 440.25998 | AG32: =SUM(I32:AF32) -> 10512.456 | AH32: =AG32*E32 -> 42049.826
A33: 2026 | B33: 7 | C33: 3 | D33: 22 | E33: 4 | F33: 4 | G33: 1 | H33: 31 | I33: 412.25373 | J33: 397.26869 | K33: 383.47026 | L33: 368.84916 | M33: 370.74823 | N33: 355.87853 | O33: 381.14319 | P33: 404.73174 | Q33: 406.86916 | R33: 349.29967 | S33: 405.13325 | T33: 440.96201 | U33: 442.86195 | V33: 409.36795 | W33: 469.62844 | X33: 461.03517 | Y33: 444.02036 | Z33: 449.20246 | AA33: 523.91747 | AB33: 537.60826 | AC33: 512.24621 | AD33: 472.86533 | AE33: 437.69266 | AF33: 406.34634 | AG33: =SUM(I33:AF33) -> 10243.4 | AH33: =AG33*F33 -> 40973.601
A34: 2026 | B34: 7 | C34: 4 | D34: 22 | E34: 4 | F34: 4 | G34: 1 | H34: 31 | I34: 403.67651 | J34: 380.90767 | K34: 370.31943 | L34: 365.08735 | M34: 362.01635 | N34: 328.18363 | O34: 371.63262 | P34: 400.95707 | Q34: 430.21948 | R34: 438.99821 | S34: 444.73695 | T34: 469.27394 | U34: 492.08415 | V34: 476.52234 | W34: 470.46305 | X34: 480.90653 | Y34: 476.15009 | Z34: 492.04279 | AA34: 559.99776 | AB34: 562.21053 | AC34: 533.47547 | AD34: 482.9125 | AE34: 450.94099 | AF34: 417.70799 | AG34: =SUM(I34:AF34) -> 10661.423 | AH34: =AG34*G34 -> 10661.423
A35: 2026 | B35: 8 | C35: 1 | D35: 19 | E35: 5 | F35: 5 | G35: 2 | H35: 31 | I35: 415.33364 | J35: 388.81548 | K35: 378.11783 | L35: 366.93665 | M35: 364.69636 | N35: 356.10411 | O35: 408.75495 | P35: 452.64544 | Q35: 489.48925 | R35: 491.61539 | S35: 537.72749 | T35: 565.83481 | U35: 550.58085 | V35: 575.88081 | W35: 599.30782 | X35: 574.2076 | Y35: 535.43688 | Z35: 548.93618 | AA35: 600.48088 | AB35: 606.65126 | AC35: 581.72745 | AD35: 536.04286 | AE35: 477.5926 | AF35: 444.17044 | AG35: =SUM(I35:AF35) -> 11847.087 | AH35: =AG35*D35 -> 225094.65 | AI35: =AH35+AH36+AH37+AH38 -> 359914.53
A36: 2026 | B36: 8 | C36: 2 | D36: 19 | E36: 5 | F36: 5 | G36: 2 | H36: 31 | I36: 404.7963 | J36: 404.12357 | K36: 391.04337 | L36: 380.47852 | M36: 378.75438 | N36: 353.74484 | O36: 383.24561 | P36: 427.49571 | Q36: 461.05826 | R36: 478.33139 | S36: 477.47038 | T36: 533.32405 | U36: 539.85885 | V36: 561.75014 | W36: 568.79267 | X36: 549.93502 | Y36: 524.23582 | Z36: 538.3505 | AA36: 619.26237 | AB36: 627.64825 | AC36: 598.22575 | AD36: 559.09941 | AE36: 521.80087 | AF36: 486.73842 | AG36: =SUM(I36:AF36) -> 11769.564 | AH36: =AG36*E36 -> 58847.822
A37: 2026 | B37: 8 | C37: 3 | D37: 19 | E37: 5 | F37: 5 | G37: 2 | H37: 31 | I37: 449.31213 | J37: 339.19037 | K37: 311.95548 | L37: 408.24592 | M37: 396.849 | N37: 364.88009 | O37: 382.26324 | P37: 410.96552 | Q37: 429.84198 | R37: 438.49077 | S37: 446.76364 | T37: 470.78375 | U37: 471.81559 | V37: 474.69852 | W37: 475.06148 | X37: 478.9607 | Y37: 469.25932 | Z37: 479.45588 | AA37: 552.92915 | AB37: 575.99001 | AC37: 559.41575 | AD37: 526.22833 | AE37: 483.18139 | AF37: 436.04339 | AG37: =SUM(I37:AF37) -> 10832.581 | AH37: =AG37*F37 -> 54162.907
A38: 2026 | B38: 8 | C38: 4 | D38: 19 | E38: 5 | F38: 5 | G38: 2 | H38: 31 | I38: 390.4606 | J38: 375.55992 | K38: 362.60213 | L38: 354.08526 | M38: 353.91564 | N38: 333.10916 | O38: 377.5388 | P38: 415.65658 | Q38: 440.59043 | R38: 444.90798 | S38: 481.44266 | T38: 510.35996 | U38: 511.61924 | V38: 535.08307 | W38: 536.71243 | X38: 524.55133 | Y38: 213.50278 | Z38: 448.39286 | AA38: 600.85372 | AB38: 622.48259 | AC38: 595.19979 | AD38: 543.69246 | AE38: 487.17369 | AF38: 445.08273 | AG38: =SUM(I38:AF38) -> 10904.576 | AH38: =AG38*G38 -> 21809.152
A39: 2026 | B39: 9 | C39: 1 | D39: 22 | E39: 4 | F39: 4 | G39: 0 | H39: 30 | I39: 414.53128 | J39: 396.97385 | K39: 383.08784 | L39: 373.06546 | M39: 372.4967 | N39: 365.53825 | O39: 409.73215 | P39: 467.95964 | Q39: 501.73891 | R39: 541.80393 | S39: 572.52466 | T39: 590.38216 | U39: 556.48375 | V39: 563.54614 | W39: 599.65291 | X39: 617.45157 | Y39: 585.65069 | Z39: 581.19674 | AA39: 616.95195 | AB39: 616.64551 | AC39: 594.82877 | AD39: 548.94723 | AE39: 490.34857 | AF39: 451.3132 | AG39: =SUM(I39:AF39) -> 12212.852 | AH39: =AG39*D39 -> 268682.74 | AI39: =AH39+AH40+AH41+AH42 -> 351876.54
A40: 2026 | B40: 9 | C40: 2 | D40: 22 | E40: 4 | F40: 4 | G40: 0 | H40: 30 | I40: 405.32705 | J40: 392.18944 | K40: 379.52012 | L40: 369.53148 | M40: 364.42072 | N40: 341.05906 | O40: 370.94144 | P40: 416.108 | Q40: 445.64612 | R40: 458.08002 | S40: 457.55603 | T40: 487.50423 | U40: 486.436 | V40: 508.72439 | W40: 518.56621 | X40: 516.974 | Y40: 490.80002 | Z40: 471.15688 | AA40: 574.08845 | AB40: 580.48259 | AC40: 550.01548 | AD40: 508.78514 | AE40: 473.92616 | AF40: 438.3331 | AG40: =SUM(I40:AF40) -> 11006.172 | AH40: =AG40*E40 -> 44024.689
A41: 2026 | B41: 9 | C41: 3 | D41: 22 | E41: 4 | F41: 4 | G41: 0 | H41: 30 | I41: 398.11698 | J41: 382.43557 | K41: 376.12797 | L41: 284.12258 | M41: 346.21016 | N41: 327.25084 | O41: 348.94053 | P41: 385.43558 | Q41: 403.38256 | R41: 402.48704 | S41: 410.98722 | T41: 426.05052 | U41: 425.1696 | V41: 442.34274 | W41: 438.07926 | X41: 457.05561 | Y41: 353.75641 | Z41: 373.3606 | AA41: 406.24678 | AB41: 543.58126 | AC41: 523.06792 | AD41: 486.44292 | AE41: 445.34031 | AF41: 406.28766 | AG41: =SUM(I41:AF41) -> 9792.2786 | AH41: =AG41*F41 -> 39169.115
A42: 2026 | B42: 9 | C42: 4 | D42: 22 | E42: 4 | F42: 4 | G42: 0 | H42: 30 | AG42: =SUM(I42:AF42) -> 0 | AH42: =AG42*G42 -> 0
A43: 2026 | B43: 10 | C43: 1 | D43: 21 | E43: 5 | F43: 4 | G43: 1 | H43: 31 | I43: 430.55176 | J43: 412.4382 | K43: 390.25774 | L43: 378.55895 | M43: 372.66427 | N43: 358.02 | O43: 422.74012 | P43: 491.50674 | Q43: 537.14225 | R43: 555.78915 | S43: 571.95485 | T43: 595.51677 | U43: 563.55822 | V43: 590.11622 | W43: 621.08091 | X43: 615.34663 | Y43: 562.67777 | Z43: 594.9344 | AA43: 635.90636 | AB43: 600.09647 | AC43: 582.40402 | AD43: 559.39487 | AE43: 515.63248 | AF43: 473.03773 | AG43: =SUM(I43:AF43) -> 12431.327 | AH43: =AG43*D43 -> 261057.86 | AI43: =AH43+AH44+AH45+AH46 -> 373230.01
A44: 2026 | B44: 10 | C44: 2 | D44: 21 | E44: 5 | F44: 4 | G44: 1 | H44: 31 | I44: 473.97358 | J44: 455.25666 | K44: 442.49642 | L44: 427.00278 | M44: 420.94968 | N44: 390.19431 | O44: 375.79246 | P44: 474.51297 | Q44: 515.44109 | R44: 528.11013 | S44: 542.64226 | T44: 558.35478 | U44: 551.19685 | V44: 571.86025 | W44: 561.28361 | X44: 444.40902 | Y44: 536.75853 | Z44: 574.56934 | AA44: 570.96388 | AB44: 604.96599 | AC44: 550.40992 | AD44: 512.77804 | AE44: 442.79608 | AF44: 451.32722 | AG44: =SUM(I44:AF44) -> 11978.046 | AH44: =AG44*E44 -> 59890.229
A45: 2026 | B45: 10 | C45: 3 | D45: 21 | E45: 5 | F45: 4 | G45: 1 | H45: 31 | I45: 354.32608 | J45: 394.24453 | K45: 381.7837 | L45: 371.93599 | M45: 370.22129 | N45: 343.86117 | O45: 376.09955 | P45: 412.05105 | Q45: 427.17228 | R45: 428.34694 | S45: 441.76342 | T45: 451.99191 | U45: 462.90478 | V45: 489.96421 | W45: 480.95519 | X45: 376.00498 | Y45: 425.18383 | Z45: 503.30355 | AA45: 552.32809 | AB45: 550.59846 | AC45: 522.80237 | AD45: 487.40585 | AE45: 448.81884 | AF45: 414.22616 | AG45: =SUM(I45:AF45) -> 10468.294 | AH45: =AG45*F45 -> 41873.177
A46: 2026 | B46: 10 | C46: 4 | D46: 21 | E46: 5 | F46: 4 | G46: 1 | H46: 31 | I46: 337.71933 | J46: 326.74714 | K46: 130.05063 | L46: 341.90204 | M46: 333.01625 | N46: 79.055245 | O46: 392.37211 | P46: 415.98164 | Q46: 425.86355 | R46: 448.87837 | S46: 388.79401 | T46: 490.18018 | U46: 497.72294 | V46: 523.48329 | W46: 525.32686 | X46: 519.90519 | Y46: 514.64211 | Z46: 542.92002 | AA46: 584.61829 | AB46: 597.2259 | AC46: 563.15959 | AD46: 521.89743 | AE46: 472.46808 | AF46: 434.81376 | AG46: =SUM(I46:AF46) -> 10408.744 | AH46: =AG46*G46 -> 10408.744
A47: 2026 | B47: 11 | C47: 1 | D47: 19 | E47: 4 | F47: 5 | G47: 2 | H47: 30 | I47: 411.07864 | J47: 394.30364 | K47: 382.33864 | L47: 376.78233 | M47: 363.97026 | N47: 346.16375 | O47: 411.04722 | P47: 464.96483 | Q47: 523.00982 | R47: 533.43266 | S47: 542.99625 | T47: 558.92339 | U47: 544.98482 | V47: 566.07132 | W47: 603.56941 | X47: 579.90615 | Y47: 557.77112 | Z47: 579.32002 | AA47: 628.75125 | AB47: 613.51567 | AC47: 577.92341 | AD47: 530.03059 | AE47: 474.77601 | AF47: 445.03917 | AG47: =SUM(I47:AF47) -> 12010.67 | AH47: =AG47*D47 -> 228202.74 | AI47: =AH47+AH48+AH49+AH50 -> 340262.43
A48: 2026 | B48: 11 | C48: 2 | D48: 19 | E48: 4 | F48: 5 | G48: 2 | H48: 30 | I48: 407.3441 | J48: 392.36341 | K48: 378.80688 | L48: 374.56892 | M48: 366.77798 | N48: 346.56144 | O48: 380.06841 | P48: 420.05058 | Q48: 450.06616 | R48: 393.93885 | S48: 489.17068 | T48: 511.08782 | U48: 493.46581 | V48: 502.73609 | W48: 512.00638 | X48: 385.63048 | Y48: 390.69632 | Z48: 537.61152 | AA48: 564.14902 | AB48: 545.68336 | AC48: 509.51485 | AD48: 477.70849 | AE48: 441.26205 | AF48: 409.25857 | AG48: =SUM(I48:AF48) -> 10680.528 | AH48: =AG48*E48 -> 42722.113
A49: 2026 | B49: 11 | C49: 3 | D49: 19 | E49: 4 | F49: 5 | G49: 2 | H49: 30 | I49: 376.19755 | J49: 361.92947 | K49: 347.71162 | L49: 343.22115 | M49: 336.66127 | N49: 316.58691 | O49: 343.12306 | P49: 370.1018 | Q49: 384.39859 | R49: 397.19059 | S49: 414.88215 | T49: 424.65019 | U49: 422.46118 | V49: 401.75762 | W49: 344.64221 | X49: 443.22694 | Y49: 432.45171 | Z49: 476.8445 | AA49: 519.83297 | AB49: 511.80657 | AC49: 486.94029 | AD49: 445.92314 | AE49: 406.55432 | AF49: 377.57317 | AG49: =SUM(I49:AF49) -> 9686.669 | AH49: =AG49*F49 -> 48433.345
A50: 2026 | B50: 11 | C50: 4 | D50: 19 | E50: 4 | F50: 5 | G50: 2 | H50: 30 | I50: 372.20858 | J50: 359.02211 | K50: 345.50805 | L50: 337.31356 | M50: 328.54703 | N50: 309.40049 | O50: 340.46717 | P50: 384.0016 | Q50: 422.64182 | R50: 437.87202 | S50: 454.45657 | T50: 478.24795 | U50: 472.30255 | V50: 492.29983 | W50: 503.42302 | X50: 504.80669 | Y50: 486.32998 | Z50: 524.12925 | AA50: 566.81782 | AB50: 554.37453 | AC50: 453.19512 | AD50: 484.44271 | AE50: 437.19241 | AF50: 403.1188 | AG50: =SUM(I50:AF50) -> 10452.12 | AH50: =AG50*G50 -> 20904.239
A51: 2026 | B51: 12 | C51: 1 | D51: 21 | E51: 4 | F51: 4 | G51: 2 | H51: 31 | I51: 434.94045 | J51: 416.76012 | K51: 402.90359 | L51: 392.29101 | M51: 382.01485 | N51: 360.89534 | O51: 402.37924 | P51: 461.01328 | Q51: 507.89777 | R51: 530.39275 | S51: 531.33828 | T51: 549.61015 | U51: 554.82198 | V51: 588.07746 | W51: 609.71693 | X51: 601.78501 | Y51: 578.86752 | Z51: 603.54549 | AA51: 630.57889 | AB51: 619.01986 | AC51: 594.55611 | AD51: 556.07078 | AE51: 516.31378 | AF51: 470.40286 | AG51: =SUM(I51:AF51) -> 12296.194 | AH51: =AG51*D51 -> 258220.06 | AI51: =AH51+AH52+AH53+AH54 -> 367242.56
A52: 2026 | B52: 12 | C52: 2 | D52: 21 | E52: 4 | F52: 4 | G52: 2 | H52: 31 | I52: 443.11121 | J52: 425.15323 | K52: 405.42058 | L52: 383.20544 | M52: 366.73186 | N52: 343.15963 | O52: 362.99921 | P52: 394.53834 | Q52: 448.03546 | R52: 463.06792 | S52: 488.14238 | T52: 511.05007 | U52: 506.9355 | V52: 539.75534 | W52: 557.7948 | X52: 553.54783 | Y52: 537.44599 | Z52: 568.01249 | AA52: 604.35366 | AB52: 588.35621 | AC52: 554.45171 | AD52: 523.99978 | AE52: 493.44346 | AF52: 456.70255 | AG52: =SUM(I52:AF52) -> 11519.415 | AH52: =AG52*E52 -> 46077.659
A53: 2026 | B53: 12 | C53: 3 | D53: 21 | E53: 4 | F53: 4 | G53: 2 | H53: 31 | I53: 417.39107 | J53: 399.99013 | K53: 389.49049 | L53: 379.77518 | M53: 368.72871 | N53: 334.7391 | O53: 328.9634 | P53: 410.20837 | Q53: 431.50501 | R53: 376.02716 | S53: 407.26464 | T53: 475.42348 | U53: 481.10138 | V53: 505.26791 | W53: 509.50888 | X53: 493.50297 | Y53: 458.75897 | Z53: 524.79034 | AA53: 575.18301 | AB53: 524.92605 | AC53: 545.48426 | AD53: 518.46182 | AE53: 482.84766 | AF53: 438.19875 | AG53: =SUM(I53:AF53) -> 10777.539 | AH53: =AG53*F53 -> 43110.155
A54: 2026 | B54: 12 | C54: 4 | D54: 21 | E54: 4 | F54: 4 | G54: 2 | H54: 31 | I54: 410.707 | J54: 392.91599 | K54: 380.75716 | L54: 378.81096 | M54: 372.74629 | N54: 345.80421 | O54: 358.81819 | P54: 377.70025 | Q54: 378.08359 | R54: 388.12913 | S54: 404.24916 | T54: 409.63561 | U54: 418.21658 | V54: 418.02982 | W54: 412.27969 | X54: 412.51559 | Y54: 410.16639 | Z54: 442.7898 | AA54: 506.08059 | AB54: 504.81261 | AC54: 484.23008 | AD54: 462.67445 | AE54: 437.81618 | AF54: 409.37022 | AG54: =SUM(I54:AF54) -> 9917.3395 | AH54: =AG54*G54 -> 19834.679
AI55: =SUM(AI7:AI54) -> 4311283.4

Sheet 2027 Curvas
A1: ANEXO 1A - CANTIDADES DE ENERGÍA SOLICITADA EN kWh
A2: CURVA HORARIA POR TIPO DE DÍA
A3: OFERTA BASICA MODALIDAD PAGUE LO CONTRATADO
A4: kWh.
A5: PERIODO 01 DE ENERO 2027 A DICIEMBRE 31 DE 2027
A6: año | B6: mes | C6: tipo_dia | D6: Laborales | E6: Sabados | F6: Domingos | G6: Festivos | H6: Total Dias | I6: hora_0 | J6: hora_1 | K6: hora_2 | L6: hora_3 | M6: hora_4 | N6: hora_5 | O6: hora_6 | P6: hora_7 | Q6: hora_8 | R6: hora_9 | S6: hora_10 | T6: hora_11 | U6: hora_12 | V6: hora_13 | W6: hora_14 | X6: hora_15 | Y6: hora_16 | Z6: hora_17 | AA6: hora_18 | AB6: hora_19 | AC6: hora_20 | AD6: hora_21 | AE6: hora_22 | AF6: hora_23 | AG6: consumo_diario | AH6: consumo_mensual_tipo | AI6: TOTAL
A7: 2027 | B7: 1 | C7: 1 | D7: 19 | E7: 5 | F7: 5 | G7: 2 | H7: 31 | I7: 415.6689 | J7: 397.09939 | K7: 381.58773 | L7: 371.69483 | M7: 361.743 | N7: 332.03815 | O7: 370.39096 | P7: 409.37746 | Q7: 466.81032 | R7: 483.53357 | S7: 523.70041 | T7: 534.06701 | U7: 524.98052 | V7: 534.45065 | W7: 572.70397 | X7: 558.30314 | Y7: 551.87147 | Z7: 556.78704 | AA7: 593.75882 | AB7: 592.42469 | AC7: 563.02059 | AD7: 514.85217 | AE7: 472.55193 | AF7: 437.9163 | AG7: =SUM(I7:AF7) -> 11521.333 | AH7: =AG7*D7 -> 218905.33 | AI7: =AH7+AH8+AH9+AH10 -> 342652.67
A8: 2027 | B8: 1 | C8: 2 | D8: 19 | E8: 5 | F8: 5 | G8: 2 | H8: 31 | I8: 386.91597 | J8: 370.31566 | K8: 360.44805 | L8: 351.68501 | M8: 341.15124 | N8: 324.066 | O8: 351.2956 | P8: 390.66561 | Q8: 416.79064 | R8: 428.84044 | S8: 451.75954 | T8: 463.47625 | U8: 465.66578 | V8: 478.13193 | W8: 471.9307 | X8: 438.49007 | Y8: 482.102 | Z8: 513.18655 | AA8: 561.10408 | AB8: 551.73854 | AC8: 525.00612 | AD8: 466.82178 | AE8: 435.53885 | AF8: 409.91589 | AG8: =SUM(I8:AF8) -> 10437.042 | AH8: =AG8*E8 -> 52185.211
A9: 2027 | B9: 1 | C9: 3 | D9: 19 | E9: 5 | F9: 5 | G9: 2 | H9: 31 | I9: 387.97505 | J9: 372.10702 | K9: 360.66826 | L9: 351.36164 | M9: 343.53473 | N9: 317.81843 | O9: 340.44483 | P9: 374.94332 | Q9: 360.22016 | R9: 374.26872 | S9: 417.20963 | T9: 431.60288 | U9: 439.64892 | V9: 451.66134 | W9: 466.11122 | X9: 462.76034 | Y9: 451.32896 | Z9: 481.573 | AA9: 543.76482 | AB9: 550.92944 | AC9: 528.79545 | AD9: 482.51105 | AE9: 452.02327 | AF9: 415.51327 | AG9: =SUM(I9:AF9) -> 10158.776 | AH9: =AG9*F9 -> 50793.879
A10: 2027 | B10: 1 | C10: 4 | D10: 19 | E10: 5 | F10: 5 | G10: 2 | H10: 31 | I10: 396.78128 | J10: 387.25532 | K10: 375.63866 | L10: 368.18836 | M10: 359.64508 | N10: 338.43227 | O10: 365.28044 | P10: 396.47545 | Q10: 414.16866 | R10: 417.09664 | S10: 435.84273 | T10: 445.57425 | U10: 451.78618 | V10: 456.53411 | W10: 410.90978 | X10: 398.16004 | Y10: 453.90696 | Z10: 485.29249 | AA10: 543.58133 | AB10: 554.95232 | AC10: 543.30056 | AD10: 496.30249 | AE10: 460.30439 | AF10: 428.71831 | AG10: =SUM(I10:AF10) -> 10384.128 | AH10: =AG10*G10 -> 20768.256
A11: 2027 | B11: 2 | C11: 1 | D11: 20 | E11: 4 | F11: 4 | G11: 0 | H11: 28 | I11: 464.80348 | J11: 430.29943 | K11: 416.03584 | L11: 402.39863 | M11: 374.41995 | N11: 356.30094 | O11: 372.65369 | P11: 472.79834 | Q11: 508.23663 | R11: 517.27539 | S11: 577.33896 | T11: 586.72147 | U11: 569.7741 | V11: 593.881 | W11: 635.86604 | X11: 599.36523 | Y11: 603.30136 | Z11: 563.81891 | AA11: 605.34394 | AB11: 629.94312 | AC11: 619.08739 | AD11: 578.2921 | AE11: 535.47439 | AF11: 494.13348 | AG11: =SUM(I11:AF11) -> 12507.564 | AH11: =AG11*D11 -> 250151.28 | AI11: =AH11+AH12+AH13+AH14 -> 347611.77
A12: 2027 | B12: 2 | C12: 2 | D12: 20 | E12: 4 | F12: 4 | G12: 0 | H12: 28 | I12: 474.95396 | J12: 451.6313 | K12: 436.41851 | L12: 420.86403 | M12: 407.92655 | N12: 389.55834 | O12: 401.05141 | P12: 439.77065 | Q12: 468.44381 | R12: 485.13724 | S12: 505.27601 | T12: 521.67435 | U12: 524.24476 | V12: 551.18878 | W12: 572.72536 | X12: 572.77971 | Y12: 554.60305 | Z12: 551.83332 | AA12: 627.31488 | AB12: 637.88385 | AC12: 619.84697 | AD12: 587.93815 | AE12: 552.39762 | AF12: 511.37977 | AG12: =SUM(I12:AF12) -> 12266.842 | AH12: =AG12*E12 -> 49067.37
A13: 2027 | B13: 2 | C13: 3 | D13: 20 | E13: 4 | F13: 4 | G13: 0 | H13: 28 | I13: 482.23522 | J13: 439.88364 | K13: 440.80625 | L13: 423.9914 | M13: 409.52076 | N13: 388.44893 | O13: 385.06777 | P13: 422.74393 | Q13: 445.40109 | R13: 464.11053 | S13: 482.12607 | T13: 507.58744 | U13: 521.47593 | V13: 552.3326 | W13: 566.96177 | X13: 561.77698 | Y13: 538.37654 | Z13: 533.03321 | AA13: 610.21777 | AB13: 640.67421 | AC13: 631.24282 | AD13: 594.90249 | AE13: 548.78511 | AF13: 506.57907 | AG13: =SUM(I13:AF13) -> 12098.282 | AH13: =AG13*F13 -> 48393.126
A14: 2027 | B14: 2 | C14: 4 | D14: 20 | E14: 4 | F14: 4 | G14: 0 | H14: 28 | AG14: =SUM(I14:AF14) -> 0 | AH14: =AG14*G14 -> 0
A15: 2027 | B15: 3 | C15: 1 | D15: 20 | E15: 4 | F15: 4 | G15: 3 | H15: 31 | I15: 585.85042 | J15: 559.88963 | K15: 541.76514 | L15: 521.47502 | M15: 502.45639 | N15: 481.26784 | O15: 499.45165 | P15: 562.65524 | Q15: 610.92868 | R15: 640.55351 | S15: 674.12493 | T15: 688.39578 | U15: 666.62622 | V15: 692.44879 | W15: 717.37722 | X15: 740.58463 | Y15: 702.61037 | Z15: 686.5763 | AA15: 737.44962 | AB15: 746.16356 | AC15: 732.46393 | AD15: 706.41507 | AE15: 667.02314 | AF15: 623.95189 | AG15: =SUM(I15:AF15) -> 15288.505 | AH15: =AG15*D15 -> 305770.1 | AI15: =AH15+AH16+AH17+AH18 -> 447413.48
A16: 2027 | B16: 3 | C16: 2 | D16: 20 | E16: 4 | F16: 4 | G16: 3 | H16: 31 | I16: 534.19003 | J16: 519.75075 | K16: 501.94118 | L16: 485.12772 | M16: 467.73389 | N16: 446.90224 | O16: 455.21084 | P16: 449.77448 | Q16: 494.74265 | R16: 535.91633 | S16: 557.42541 | T16: 570.86648 | U16: 577.37914 | V16: 602.60672 | W16: 614.4249 | X16: 614.446 | Y16: 586.85267 | Z16: 591.3478 | AA16: 660.93787 | AB16: 640.29616 | AC16: 649.67683 | AD16: 622.28821 | AE16: 592.12864 | AF16: 561.3233 | AG16: =SUM(I16:AF16) -> 13333.29 | AH16: =AG16*E16 -> 53333.161
A17: 2027 | B17: 3 | C17: 3 | D17: 20 | E17: 4 | F17: 4 | G17: 3 | H17: 31 | I17: 546.54741 | J17: 525.48276 | K17: 506.42761 | L17: 488.87374 | M17: 476.17456 | N17: 450.30201 | O17: 454.50388 | P17: 485.89883 | Q17: 509.76402 | R17: 522.8651 | S17: 540.55932 | T17: 568.21172 | U17: 577.28742 | V17: 601.96066 | W17: 618.80855 | X17: 617.36681 | Y17: 585.41047 | Z17: 579.84979 | AA17: 646.61618 | AB17: 670.37717 | AC17: 664.67189 | AD17: 634.03608 | AE17: 597.9204 | AF17: 560.6862 | AG17: =SUM(I17:AF17) -> 13430.603 | AH17: =AG17*F17 -> 53722.41
A18: 2027 | B18: 3 | C18: 4 | D18: 20 | E18: 4 | F18: 4 | G18: 3 | H18: 31 | I18: 490.37641 | J18: 477.04146 | K18: 465.30523 | L18: 453.71951 | M18: 443.56862 | N18: 421.24671 | O18: 426.43754 | P18: 456.21124 | Q18: 422.8655 | R18: 323.48381 | S18: 437.36103 | T18: 478.74387 | U18: 505.73151 | V18: 523.25057 | W18: 532.68905 | X18: 534.7393 | Y18: 499.8149 | Z18: 500.75139 | AA18: 480.62688 | AB18: 581.88489 | AC18: 574.45652 | AD18: 558.45591 | AE18: 502.53741 | AF18: 437.96975 | AG18: =SUM(I18:AF18) -> 11529.269 | AH18: =AG18*G18 -> 34587.807
A19: 2027 | B19: 4 | C19: 1 | D19: 22 | E19: 4 | F19: 4 | G19: 0 | H19: 30 | I19: 492.36352 | J19: 487.77719 | K19: 470.33858 | L19: 450.58409 | M19: 429.62057 | N19: 409.14882 | O19: 459.31228 | P19: 521.84246 | Q19: 558.52611 | R19: 590.92519 | S19: 619.61202 | T19: 638.23543 | U19: 607.8015 | V19: 627.03349 | W19: 677.89869 | X19: 684.22414 | Y19: 653.88651 | Z19: 635.71903 | AA19: 682.04886 | AB19: 681.56656 | AC19: 663.82531 | AD19: 634.21814 | AE19: 559.56918 | AF19: 532.63301 | AG19: =SUM(I19:AF19) -> 13768.711 | AH19: =AG19*D19 -> 302911.63 | AI19: =AH19+AH20+AH21+AH22 -> 409689.57
A20: 2027 | B20: 4 | C20: 2 | D20: 22 | E20: 4 | F20: 4 | G20: 0 | H20: 30 | I20: 518.25427 | J20: 498.52723 | K20: 483.6133 | L20: 471.26288 | M20: 453.75555 | N20: 425.14219 | O20: 449.23765 | P20: 495.03324 | Q20: 526.76317 | R20: 532.96266 | S20: 569.36744 | T20: 594.52418 | U20: 586.33666 | V20: 588.25368 | W20: 601.00769 | X20: 596.89337 | Y20: 565.0887 | Z20: 554.46846 | AA20: 638.30185 | AB20: 649.26588 | AC20: 631.05602 | AD20: 595.89562 | AE20: 557.08055 | AF20: 517.24531 | AG20: =SUM(I20:AF20) -> 13099.338 | AH20: =AG20*E20 -> 52397.35
A21: 2027 | B21: 4 | C21: 3 | D21: 22 | E21: 4 | F21: 4 | G21: 0 | H21: 30 | I21: 512.85128 | J21: 496.45804 | K21: 482.18586 | L21: 466.12526 | M21: 456.31436 | N21: 426.03638 | O21: 442.50397 | P21: 481.80235 | Q21: 504.71532 | R21: 527.76134 | S21: 545.45383 | T21: 567.78761 | U21: 509.21964 | V21: 633.80278 | W21: 633.58363 | X21: 634.07672 | Y21: 606.89423 | Z21: 608.7531 | AA21: 702.87823 | AB21: 729.77113 | AC21: 723.06356 | AD21: 685.08791 | AE21: 630.54683 | AF21: 587.47202 | AG21: =SUM(I21:AF21) -> 13595.145 | AH21: =AG21*F21 -> 54380.581
A22: 2027 | B22: 4 | C22: 4 | D22: 22 | E22: 4 | F22: 4 | G22: 0 | H22: 30 | I22: 442.34631 | J22: 440.77333 | K22: 419.15513 | L22: 401.74773 | M22: 389.08227 | N22: 374.49824 | O22: 404.33879 | P22: 424.28547 | Q22: 446.51647 | R22: 448.52818 | S22: 480.94577 | T22: 509.16156 | U22: 531.88127 | V22: 531.81043 | W22: 516.39711 | X22: 525.73716 | Y22: 498.28701 | Z22: 520.92221 | AA22: 592.06117 | AB22: 613.58982 | AC22: 583.19402 | AD22: 552.41306 | AE22: 505.39526 | AF22: 467.04214 | AG22: =SUM(I22:AF22) -> 11620.11 | AH22: =AG22*G22 -> 0
A23: 2027 | B23: 5 | C23: 1 | D23: 19 | E23: 4 | F23: 5 | G23: 3 | H23: 31 | I23: 393.32738 | J23: 369.00507 | K23: 362.17822 | L23: 358.24471 | M23: 345.26273 | N23: 331.60072 | O23: 400.51458 | P23: 444.09145 | Q23: 482.64225 | R23: 511.26968 | S23: 536.99872 | T23: 573.04677 | U23: 524.15687 | V23: 554.5936 | W23: 593.00015 | X23: 595.13041 | Y23: 565.14755 | Z23: 544.59451 | AA23: 601.85091 | AB23: 594.03566 | AC23: 575.64121 | AD23: 535.79423 | AE23: 468.99518 | AF23: 434.19539 | AG23: =SUM(I23:AF23) -> 11695.318 | AH23: =AG23*D23 -> 222211.04 | AI23: =AH23+AH24+AH25+AH26 -> 354470.57
A24: 2027 | B24: 5 | C24: 2 | D24: 19 | E24: 4 | F24: 5 | G24: 3 | H24: 31 | I24: 473.18905 | J24: 457.46319 | K24: 441.46777 | L24: 424.61658 | M24: 417.77822 | N24: 386.98076 | O24: 370.88851 | P24: 352.1609 | Q24: 489.41302 | R24: 517.79931 | S24: 436.20488 | T24: 525.57718 | U24: 518.69434 | V24: 458.28494 | W24: 519.96361 | X24: 537.03725 | Y24: 517.5978 | Z24: 530.54435 | AA24: 578.24011 | AB24: 582.31224 | AC24: 556.23071 | AD24: 514.42331 | AE24: 482.02945 | AF24: 450.19302 | AG24: =SUM(I24:AF24) -> 11539.091 | AH24: =AG24*E24 -> 46156.362
A25: 2027 | B25: 5 | C25: 3 | D25: 19 | E25: 4 | F25: 5 | G25: 3 | H25: 31 | I25: 406.32901 | J25: 391.63241 | K25: 382.71767 | L25: 376.412 | M25: 374.04738 | N25: 348.52039 | O25: 357.09341 | P25: 372.13423 | Q25: 421.08797 | R25: 420.03785 | S25: 433.9188 | T25: 452.4866 | U25: 372.37867 | V25: 472.46287 | W25: 463.7061 | X25: 422.41661 | Y25: 430.74103 | Z25: 467.17322 | AA25: 535.62764 | AB25: 511.53241 | AC25: 511.38524 | AD25: 471.59068 | AE25: 437.42334 | AF25: 410.04556 | AG25: =SUM(I25:AF25) -> 10242.901 | AH25: =AG25*F25 -> 51214.506
A26: 2027 | B26: 5 | C26: 4 | D26: 19 | E26: 4 | F26: 5 | G26: 3 | H26: 31 | I26: 466.64218 | J26: 452.29912 | K26: 435.00404 | L26: 423.59135 | M26: 412.89364 | N26: 381.80799 | O26: 363.27252 | P26: 456.2153 | Q26: 505.85267 | R26: 432.21451 | S26: 560.51119 | T26: 574.87049 | U26: 573.70051 | V26: 385.58875 | W26: 313.69474 | X26: 365.2604 | Y26: 547.11061 | Z26: 546.66104 | AA26: 606.8282 | AB26: 618.42506 | AC26: 600.66416 | AD26: 577.6221 | AE26: 531.03968 | AF26: 497.78199 | AG26: =SUM(I26:AF26) -> 11629.552 | AH26: =AG26*G26 -> 34888.657
A27: 2027 | B27: 6 | C27: 1 | D27: 21 | E27: 4 | F27: 4 | G27: 1 | H27: 30 | I27: 369.26719 | J27: 358.98767 | K27: 349.57611 | L27: 341.65247 | M27: 322.72996 | N27: 311.97467 | O27: 356.55703 | P27: 393.44212 | Q27: 433.30307 | R27: 446.90951 | S27: 469.19677 | T27: 493.80082 | U27: 480.96093 | V27: 462.30124 | W27: 503.70801 | X27: 521.255 | Y27: 507.60881 | Z27: 487.48378 | AA27: 529.35772 | AB27: 524.60162 | AC27: 533.29169 | AD27: 486.30721 | AE27: 420.9872 | AF27: 389.55166 | AG27: =SUM(I27:AF27) -> 10494.812 | AH27: =AG27*D27 -> 220391.06 | AI27: =AH27+AH28+AH29+AH30 -> 312959
A28: 2027 | B28: 6 | C28: 2 | D28: 21 | E28: 4 | F28: 4 | G28: 1 | H28: 30 | I28: 391.45169 | J28: 378.55881 | K28: 367.97306 | L28: 356.8223 | M28: 337.31717 | N28: 332.34877 | O28: 362.1551 | P28: 401.61982 | Q28: 434.97794 | R28: 451.28953 | S28: 459.74421 | T28: 463.85282 | U28: 454.47693 | V28: 466.46087 | W28: 468.37085 | X28: 470.43437 | Y28: 452.03265 | Z28: 474.49384 | AA28: 504.65228 | AB28: 531.77072 | AC28: 501.35229 | AD28: 464.08619 | AE28: 428.69322 | AF28: 398.09875 | AG28: =SUM(I28:AF28) -> 10353.034 | AH28: =AG28*E28 -> 41412.137
A29: 2027 | B29: 6 | C29: 3 | D29: 21 | E29: 4 | F29: 4 | G29: 1 | H29: 30 | I29: 378.66901 | J29: 354.04391 | K29: 339.63497 | L29: 351.70045 | M29: 324.76942 | N29: 296.83137 | O29: 351.27513 | P29: 379.39665 | Q29: 402.23288 | R29: 408.47516 | S29: 422.85492 | T29: 439.41342 | U29: 456.06992 | V29: 476.84624 | W29: 477.41751 | X29: 474.18379 | Y29: 454.40198 | Z29: 463.17536 | AA29: 541.23303 | AB29: 556.09232 | AC29: 543.12406 | AD29: 510.01955 | AE29: 469.82003 | AF29: 429.45372 | AG29: =SUM(I29:AF29) -> 10301.135 | AH29: =AG29*F29 -> 41204.539
A30: 2027 | B30: 6 | C30: 4 | D30: 21 | E30: 4 | F30: 4 | G30: 1 | H30: 30 | I30: 396.31035 | J30: 382.12048 | K30: 370.68709 | L30: 360.70237 | M30: 355.40569 | N30: 334.58114 | O30: 359.30401 | P30: 309.10376 | Q30: 389.52979 | R30: 434.38809 | S30: 454.2016 | T30: 473.94971 | U30: 459.90068 | V30: 467.66713 | W30: 450.08196 | X30: 444.78025 | Y30: 387.69381 | Z30: 391.38589 | AA30: 511.70553 | AB30: 508.33537 | AC30: 478.50194 | AD30: 445.53476 | AE30: 407.57271 | AF30: 377.82478 | AG30: =SUM(I30:AF30) -> 9951.2689 | AH30: =AG30*G30 -> 9951.2689
A31: 2027 | B31: 7 | C31: 1 | D31: 20 | E31: 5 | F31: 4 | G31: 2 | H31: 31 | I31: 382.01291 | J31: 358.22471 | K31: 349.6557 | L31: 345.68275 | M31: 349.21594 | N31: 342.10385 | O31: 386.95777 | P31: 423.01077 | Q31: 462.67568 | R31: 486.83812 | S31: 505.23321 | T31: 506.45729 | U31: 499.81133 | V31: 498.19088 | W31: 539.0002 | X31: 530.44769 | Y31: 515.60086 | Z31: 523.19137 | AA31: 573.41011 | AB31: 565.74089 | AC31: 551.0317 | AD31: 496.24046 | AE31: 445.66586 | AF31: 408.91291 | AG31: =SUM(I31:AF31) -> 11045.313 | AH31: =AG31*D31 -> 220906.26 | AI31: =AH31+AH32+AH33+AH34 -> 337449.61
A32: 2027 | B32: 7 | C32: 2 | D32: 20 | E32: 5 | F32: 4 | G32: 2 | H32: 31 | I32: 381.72208 | J32: 367.40777 | K32: 359.32739 | L32: 353.6589 | M32: 355.40413 | N32: 337.30268 | O32: 358.74448 | P32: 382.8844 | Q32: 406.17265 | R32: 418.8674 | S32: 450.90271 | T32: 461.30075 | U32: 464.18385 | V32: 441.81359 | W32: 509.70973 | X32: 505.60497 | Y32: 370.07534 | Z32: 528.44906 | AA32: 577.32664 | AB32: 599.27194 | AC32: 582.2822 | AD32: 531.24491 | AE32: 484.36212 | AF32: 447.07107 | AG32: =SUM(I32:AF32) -> 10675.091 | AH32: =AG32*E32 -> 53375.454
A33: 2027 | B33: 7 | C33: 3 | D33: 20 | E33: 5 | F33: 4 | G33: 2 | H33: 31 | I33: 417.40428 | J33: 402.23203 | K33: 388.26121 | L33: 373.45743 | M33: 375.38023 | N33: 360.32475 | O33: 385.90506 | P33: 409.78831 | Q33: 411.95244 | R33: 353.6637 | S33: 410.19484 | T33: 446.47124 | U33: 448.39491 | V33: 414.48245 | W33: 475.49581 | X33: 466.79519 | Y33: 449.56779 | Z33: 454.81464 | AA33: 530.46311 | AB33: 544.32495 | AC33: 518.64604 | AD33: 478.77314 | AE33: 443.16104 | AF33: 411.42309 | AG33: =SUM(I33:AF33) -> 10371.378 | AH33: =AG33*F33 -> 41485.511
A34: 2027 | B34: 7 | C34: 4 | D34: 20 | E34: 5 | F34: 4 | G34: 2 | H34: 31 | I34: 410.48313 | J34: 387.33037 | K34: 376.5636 | L34: 371.2433 | M34: 368.12052 | N34: 333.71732 | O34: 377.89893 | P34: 407.71784 | Q34: 437.47366 | R34: 446.40041 | S34: 452.23591 | T34: 477.18664 | U34: 500.38146 | V34: 484.55725 | W34: 478.3958 | X34: 489.01537 | Y34: 484.17873 | Z34: 500.3394 | AA34: 569.4402 | AB34: 571.69029 | AC34: 542.4707 | AD34: 491.05517 | AE34: 458.54457 | AF34: 424.75121 | AG34: =SUM(I34:AF34) -> 10841.192 | AH34: =AG34*G34 -> 21682.384
A35: 2027 | B35: 8 | C35: 1 | D35: 21 | E35: 3 | F35: 5 | G35: 2 | H35: 31 | I35: 423.07991 | J35: 396.06716 | K35: 385.17 | L35: 373.78027 | M35: 371.49821 | N35: 362.7457 | O35: 416.37852 | P35: 461.08759 | Q35: 498.61857 | R35: 500.78437 | S35: 547.75649 | T35: 576.38803 | U35: 560.84957 | V35: 586.6214 | W35: 610.48534 | X35: 584.91698 | Y35: 545.42315 | Z35: 559.17422 | AA35: 611.68028 | AB35: 617.96574 | AC35: 592.57708 | AD35: 546.04044 | AE35: 486.50004 | AF35: 452.45453 | AG35: =SUM(I35:AF35) -> 12068.044 | AH35: =AG35*D35 -> 253428.92 | AI35: =AH35+AH36+AH37+AH38 -> 367011.66
A36: 2027 | B36: 8 | C36: 2 | D36: 21 | E36: 3 | F36: 5 | G36: 2 | H36: 31 | I36: 416.32163 | J36: 415.62974 | K36: 402.17713 | L36: 391.31148 | M36: 389.53825 | N36: 363.81663 | O36: 394.15735 | P36: 439.66733 | Q36: 474.18547 | R36: 491.95041 | S36: 491.06488 | T36: 548.50881 | U36: 555.22967 | V36: 577.74425 | W36: 584.98729 | X36: 565.59273 | Y36: 539.16182 | Z36: 553.67837 | AA36: 636.89396 | AB36: 645.5186 | AC36: 615.25838 | AD36: 575.01804 | AE36: 536.65754 | AF36: 500.5968 | AG36: =SUM(I36:AF36) -> 12104.667 | AH36: =AG36*E36 -> 36314
A37: 2027 | B37: 8 | C37: 3 | D37: 21 | E37: 3 | F37: 5 | G37: 2 | H37: 31 | I37: 457.55458 | J37: 345.41268 | K37: 317.67818 | L37: 415.73502 | M37: 404.12904 | N37: 371.57367 | O37: 389.2757 | P37: 418.50451 | Q37: 437.72725 | R37: 446.53471 | S37: 454.95934 | T37: 479.42009 | U37: 480.47086 | V37: 483.40668 | W37: 483.77629 | X37: 487.74704 | Y37: 477.8677 | Z37: 488.2513 | AA37: 563.07241 | AB37: 586.55632 | AC37: 569.678 | AD37: 535.88178 | AE37: 492.04516 | AF37: 444.04243 | AG37: =SUM(I37:AF37) -> 11031.301 | AH37: =AG37*F37 -> 55156.504
A38: 2027 | B38: 8 | C38: 4 | D38: 21 | E38: 3 | F38: 5 | G38: 2 | H38: 31 | I38: 395.88696 | J38: 380.7792 | K38: 367.64133 | L38: 359.00609 | M38: 358.83412 | N38: 337.73849 | O38: 382.78558 | P38: 421.4331 | Q38: 446.71346 | R38: 451.09101 | S38: 488.13343 | T38: 517.4526 | U38: 518.72938 | V38: 542.51929 | W38: 544.1713 | X38: 531.84119 | Y38: 216.4699 | Z38: 454.62432 | AA38: 609.20399 | AB38: 631.13343 | AC38: 603.47148 | AD38: 551.24834 | AE38: 493.94411 | AF38: 451.2682 | AG38: =SUM(I38:AF38) -> 11056.12 | AH38: =AG38*G38 -> 22112.241
A39: 2027 | B39: 9 | C39: 1 | D39: 22 | E39: 4 | F39: 4 | G39: 0 | H39: 30 | I39: 420.63111 | J39: 402.81532 | K39: 388.72498 | L39: 378.55512 | M39: 377.97799 | N39: 370.91715 | O39: 415.76136 | P39: 474.84567 | Q39: 509.122 | R39: 549.77658 | S39: 580.94936 | T39: 599.06964 | U39: 564.67241 | V39: 571.83873 | W39: 608.4768 | X39: 626.53737 | Y39: 594.26855 | Z39: 589.74905 | AA39: 626.0304 | AB39: 625.71945 | AC39: 603.58167 | AD39: 557.02499 | AE39: 497.56405 | AF39: 457.95428 | AG39: =SUM(I39:AF39) -> 12392.564 | AH39: =AG39*D39 -> 272636.41 | AI39: =AH39+AH40+AH41+AH42 -> 355580.69
A40: 2027 | B40: 9 | C40: 2 | D40: 22 | E40: 4 | F40: 4 | G40: 0 | H40: 30 | I40: 407.85911 | J40: 394.63943 | K40: 381.89097 | L40: 371.83993 | M40: 366.69724 | N40: 343.18964 | O40: 373.25869 | P40: 418.7074 | Q40: 448.43004 | R40: 460.94162 | S40: 460.41436 | T40: 490.54964 | U40: 489.47475 | V40: 511.90236 | W40: 521.80566 | X40: 520.20351 | Y40: 493.86602 | Z40: 474.10018 | AA40: 577.67475 | AB40: 584.10884 | AC40: 553.4514 | AD40: 511.96349 | AE40: 476.88675 | AF40: 441.07134 | AG40: =SUM(I40:AF40) -> 11074.927 | AH40: =AG40*E40 -> 44299.709
A41: 2027 | B41: 9 | C41: 3 | D41: 22 | E41: 4 | F41: 4 | G41: 0 | H41: 30 | I41: 392.78551 | J41: 377.3141 | K41: 371.09097 | L41: 280.3177 | M41: 341.57381 | N41: 322.86839 | O41: 344.26762 | P41: 380.27393 | Q41: 397.98058 | R41: 397.09705 | S41: 405.4834 | T41: 420.34497 | U41: 419.47585 | V41: 436.41901 | W41: 432.21263 | X41: 450.93486 | Y41: 349.019 | Z41: 368.36066 | AA41: 400.80644 | AB41: 536.30178 | AC41: 516.06314 | AD41: 479.92862 | AE41: 439.37644 | AF41: 400.84678 | AG41: =SUM(I41:AF41) -> 9661.1432 | AH41: =AG41*F41 -> 38644.573
A42: 2027 | B42: 9 | C42: 4 | D42: 22 | E42: 4 | F42: 4 | G42: 0 | H42: 30 | AG42: =SUM(I42:AF42) -> 0 | AH42: =AG42*G42 -> 0
A43: 2027 | B43: 10 | C43: 1 | D43: 20 | E43: 5 | F43: 5 | G43: 1 | H43: 31 | I43: 436.34903 | J43: 417.99157 | K43: 395.51246 | L43: 383.65614 | M43: 377.68209 | N43: 362.84064 | O43: 428.4322 | P43: 498.12475 | Q43: 544.37473 | R43: 563.27271 | S43: 579.65607 | T43: 603.53524 | U43: 571.14638 | V43: 598.06198 | W43: 629.4436 | X43: 623.63211 | Y43: 570.25407 | Z43: 602.94503 | AA43: 644.46867 | AB43: 608.17661 | AC43: 590.24594 | AD43: 566.92697 | AE43: 522.57534 | AF43: 479.40706 | AG43: =SUM(I43:AF43) -> 12598.711 | AH43: =AG43*D43 -> 251974.23 | AI43: =AH43+AH44+AH45+AH46 -> 375703.24
A44: 2027 | B44: 10 | C44: 2 | D44: 20 | E44: 5 | F44: 5 | G44: 1 | H44: 31 | I44: 483.89199 | J44: 464.78339 | K44: 451.75613 | L44: 435.93827 | M44: 429.7585 | N44: 398.35954 | O44: 383.65632 | P44: 484.44266 | Q44: 526.22725 | R44: 539.1614 | S44: 553.99763 | T44: 570.03895 | U44: 562.73124 | V44: 583.82704 | W44: 573.02907 | X44: 453.70876 | Y44: 547.99078 | Z44: 586.59282 | AA44: 582.91191 | AB44: 617.62555 | AC44: 561.92784 | AD44: 523.50847 | AE44: 452.06206 | AF44: 460.77173 | AG44: =SUM(I44:AF44) -> 12228.699 | AH44: =AG44*E44 -> 61143.497
A45: 2027 | B45: 10 | C45: 3 | D45: 20 | E45: 5 | F45: 5 | G45: 1 | H45: 31 | I45: 353.5231 | J45: 393.3511 | K45: 380.91851 | L45: 371.09311 | M45: 369.38229 | N45: 343.08191 | O45: 375.24724 | P45: 411.11726 | Q45: 426.20423 | R45: 427.37622 | S45: 440.7623 | T45: 450.9676 | U45: 461.85574 | V45: 488.85386 | W45: 479.86525 | X45: 375.15288 | Y45: 424.22027 | Z45: 502.16296 | AA45: 551.07641 | AB45: 549.35069 | AC45: 521.6176 | AD45: 486.30129 | AE45: 447.80172 | AF45: 413.28744 | AG45: =SUM(I45:AF45) -> 10444.571 | AH45: =AG45*F45 -> 52222.855
A46: 2027 | B46: 10 | C46: 4 | D46: 20 | E46: 5 | F46: 5 | G46: 1 | H46: 31 | I46: 336.22398 | J46: 325.30038 | K46: 129.4748 | L46: 340.38817 | M46: 331.54173 | N46: 78.705206 | O46: 390.63478 | P46: 414.13977 | Q46: 423.97792 | R46: 446.89084 | S46: 387.07252 | T46: 488.00977 | U46: 495.51913 | V46: 521.16543 | W46: 523.00083 | X46: 517.60317 | Y46: 512.36339 | Z46: 540.51609 | AA46: 582.02973 | AB46: 594.58151 | AC46: 560.66604 | AD46: 519.58658 | AE46: 470.3761 | AF46: 432.8885 | AG46: =SUM(I46:AF46) -> 10362.656 | AH46: =AG46*G46 -> 10362.656
A47: 2027 | B47: 11 | C47: 1 | D47: 20 | E47: 4 | F47: 4 | G47: 2 | H47: 30 | I47: 413.71227 | J47: 396.8298 | K47: 384.78814 | L47: 379.19623 | M47: 366.30208 | N47: 348.38149 | O47: 413.68065 | P47: 467.94369 | Q47: 526.36055 | R47: 536.85016 | S47: 546.47503 | T47: 562.5042 | U47: 548.47634 | V47: 569.69793 | W47: 607.43625 | X47: 583.62139 | Y47: 561.34455 | Z47: 583.03151 | AA47: 632.77942 | AB47: 617.44623 | AC47: 581.62595 | AD47: 533.4263 | AE47: 477.81773 | AF47: 447.89037 | AG47: =SUM(I47:AF47) -> 12087.618 | AH47: =AG47*D47 -> 241752.36 | AI47: =AH47+AH48+AH49+AH50 -> 342740.14
A48: 2027 | B48: 11 | C48: 2 | D48: 20 | E48: 4 | F48: 4 | G48: 2 | H48: 30 | I48: 404.39475 | J48: 389.52253 | K48: 376.06415 | L48: 371.85687 | M48: 364.12234 | N48: 344.05218 | O48: 377.31654 | P48: 417.00923 | Q48: 446.80748 | R48: 391.08656 | S48: 485.62887 | T48: 507.38732 | U48: 489.89289 | V48: 499.09605 | W48: 508.29922 | X48: 382.83834 | Y48: 387.8675 | Z48: 533.71897 | AA48: 560.06433 | AB48: 541.73236 | AC48: 505.82573 | AD48: 474.24966 | AE48: 438.06712 | AF48: 406.29536 | AG48: =SUM(I48:AF48) -> 10603.196 | AH48: =AG48*E48 -> 42412.785
A49: 2027 | B49: 11 | C49: 3 | D49: 20 | E49: 4 | F49: 4 | G49: 2 | H49: 30 | I49: 368.01032 | J49: 354.05276 | K49: 340.14433 | L49: 335.75159 | M49: 329.33447 | N49: 309.69699 | O49: 335.65563 | P49: 362.04723 | Q49: 376.03288 | R49: 388.54648 | S49: 405.85303 | T49: 415.40848 | U49: 413.26711 | V49: 393.01412 | W49: 337.14173 | X49: 433.58094 | Y49: 423.04021 | Z49: 466.46688 | AA49: 508.51978 | AB49: 500.66807 | AC49: 476.34296 | AD49: 436.21846 | AE49: 397.70643 | AF49: 369.356 | AG49: =SUM(I49:AF49) -> 9475.8569 | AH49: =AG49*F49 -> 37903.428
A50: 2027 | B50: 11 | C50: 4 | D50: 20 | E50: 4 | F50: 4 | G50: 2 | H50: 30 | I50: 368.06558 | J50: 355.02588 | K50: 341.66225 | L50: 333.55898 | M50: 324.89002 | N50: 305.9566 | O50: 336.67748 | P50: 379.72733 | Q50: 417.93746 | R50: 432.99814 | S50: 449.39808 | T50: 472.92465 | U50: 467.04542 | V50: 486.82012 | W50: 497.81949 | X50: 499.18776 | Y50: 480.91672 | Z50: 518.29524 | AA50: 560.50866 | AB50: 548.20387 | AC50: 448.15068 | AD50: 479.05045 | AE50: 432.32609 | AF50: 398.63175 | AG50: =SUM(I50:AF50) -> 10335.779 | AH50: =AG50*G50 -> 20671.557
A51: 2027 | B51: 12 | C51: 1 | D51: 22 | E51: 3 | F51: 4 | G51: 2 | H51: 31 | I51: 439.78619 | J51: 421.4033 | K51: 407.3924 | L51: 396.66158 | M51: 386.27094 | N51: 364.91613 | O51: 406.86221 | P51: 466.14949 | Q51: 513.55633 | R51: 536.30193 | S51: 537.258 | T51: 555.73343 | U51: 561.00334 | V51: 594.62931 | W51: 616.50988 | X51: 608.48958 | Y51: 585.31677 | Z51: 610.26968 | AA51: 637.60426 | AB51: 625.91645 | AC51: 601.18014 | AD51: 562.26605 | AE51: 522.0661 | AF51: 475.64369 | AG51: =SUM(I51:AF51) -> 12433.187 | AH51: =AG51*D51 -> 273530.12 | AI51: =AH51+AH52+AH53+AH54 -> 371134.83
A52: 2027 | B52: 12 | C52: 2 | D52: 22 | E52: 3 | F52: 4 | G52: 2 | H52: 31 | I52: 447.18224 | J52: 429.05927 | K52: 409.14533 | L52: 386.72609 | M52: 370.10117 | N52: 346.31236 | O52: 366.33422 | P52: 398.16312 | Q52: 452.15173 | R52: 467.32229 | S52: 492.62713 | T52: 515.74528 | U52: 511.5929 | V52: 544.71428 | W52: 562.91947 | X52: 558.63348 | Y52: 542.3837 | Z52: 573.23103 | AA52: 609.90608 | AB52: 593.76166 | AC52: 559.54566 | AD52: 528.81396 | AE52: 497.97691 | AF52: 460.89844 | AG52: =SUM(I52:AF52) -> 11625.248 | AH52: =AG52*E52 -> 34875.743
A53: 2027 | B53: 12 | C53: 3 | D53: 22 | E53: 3 | F53: 4 | G53: 2 | H53: 31 | I53: 416.94731 | J53: 399.56487 | K53: 389.0764 | L53: 379.37142 | M53: 368.33669 | N53: 334.38321 | O53: 328.61365 | P53: 409.77225 | Q53: 431.04625 | R53: 375.62738 | S53: 406.83164 | T53: 474.91802 | U53: 480.58989 | V53: 504.73073 | W53: 508.96719 | X53: 492.97829 | Y53: 458.27123 | Z53: 524.2324 | AA53: 574.5715 | AB53: 524.36796 | AC53: 544.90432 | AD53: 517.9106 | AE53: 482.33432 | AF53: 437.73288 | AG53: =SUM(I53:AF53) -> 10766.08 | AH53: =AG53*F53 -> 43064.322
A54: 2027 | B54: 12 | C54: 4 | D54: 22 | E54: 3 | F54: 4 | G54: 2 | H54: 31 | I54: 407.1863 | J54: 389.54779 | K54: 377.49319 | L54: 375.56368 | M54: 369.55099 | N54: 342.83987 | O54: 355.74229 | P54: 374.46249 | Q54: 374.84255 | R54: 384.80197 | S54: 400.78381 | T54: 406.12409 | U54: 414.6315 | V54: 414.44634 | W54: 408.7455 | X54: 408.97938 | Y54: 406.65032 | Z54: 438.99407 | AA54: 501.74231 | AB54: 500.48521 | AC54: 480.07912 | AD54: 458.70827 | AE54: 434.06309 | AF54: 405.86097 | AG54: =SUM(I54:AF54) -> 9832.3251 | AH54: =AG54*G54 -> 19664.65
AI55: =SUM(AI7:AI54) -> 4364417.2

Sheet 2028 Curvas
A1: CURVA HORARIA POR TIPO DE DÍA
A3: OFERTA BASICA MODALIDAD PAGUE LO CONTRATADO
A4: kwh
A5: PERIODO 01 DE ENERO 2028 A DICIEMBRE 31 DE 2028
A6: año | B6: mes | C6: tipo_dia | D6: Laborales | E6: Sabados | F6: Domingos | G6: Festivos | H6: Total Dias | I6: hora_0 | J6: hora_1 | K6: hora_2 | L6: hora_3 | M6: hora_4 | N6: hora_5 | O6: hora_6 | P6: hora_7 | Q6: hora_8 | R6: hora_9 | S6: hora_10 | T6: hora_11 | U6: hora_12 | V6: hora_13 | W6: hora_14 | X6: hora_15 | Y6: hora_16 | Z6: hora_17 | AA6: hora_18 | AB6: hora_19 | AC6: hora_20 | AD6: hora_21 | AE6: hora_22 | AF6: hora_23 | AG6: consumo_diario | AH6: consumo_mensual_tipo | AI6: TOTAL
A7: 2028 | B7: 1 | C7: 1 | D7: 20 | E7: 5 | F7: 5 | G7: 1 | H7: 31 | I7: 419.05572 | J7: 400.3349 | K7: 384.69686 | L7: 374.72334 | M7: 364.69044 | N7: 334.74355 | O7: 373.40885 | P7: 412.71301 | Q7: 470.61383 | R7: 487.47334 | S7: 527.96745 | T7: 538.41852 | U7: 529.25799 | V7: 538.80528 | W7: 577.37028 | X7: 562.85212 | Y7: 556.36804 | Z7: 561.32366 | AA7: 598.59669 | AB7: 597.25169 | AC7: 567.608 | AD7: 519.04712 | AE7: 476.40222 | AF7: 441.48439 | AG7: =SUM(I7:AF7) -> 11615.207 | AH7: =AG7*D7 -> 232304.15 | AI7: =AH7+AH8+AH9+AH10 -> 347383.32
A8: 2028 | B8: 1 | C8: 2 | D8: 20 | E8: 5 | F8: 5 | G8: 1 | H8: 31 | I8: 393.65342 | J8: 376.76405 | K8: 366.72462 | L8: 357.80898 | M8: 347.09178 | N8: 329.70904 | O8: 357.41279 | P8: 397.46836 | Q8: 424.04831 | R8: 436.30793 | S8: 459.62613 | T8: 471.54686 | U8: 473.77453 | V8: 486.45775 | W8: 480.14853 | X8: 446.12559 | Y8: 490.49695 | Z8: 522.12278 | AA8: 570.87471 | AB8: 561.34609 | AC8: 534.14817 | AD8: 474.95065 | AE8: 443.12298 | AF8: 417.05385 | AG8: =SUM(I8:AF8) -> 10618.785 | AH8: =AG8*E8 -> 53093.924
A9: 2028 | B9: 1 | C9: 3 | D9: 20 | E9: 5 | F9: 5 | G9: 1 | H9: 31 | I9: 393.69371 | J9: 377.59179 | K9: 365.98442 | L9: 356.54063 | M9: 348.59835 | N9: 322.503 | O9: 345.46291 | P9: 380.4699 | Q9: 365.52972 | R9: 379.78535 | S9: 423.35921 | T9: 437.96461 | U9: 446.12924 | V9: 458.31873 | W9: 472.98159 | X9: 469.58132 | Y9: 457.98145 | Z9: 488.67127 | AA9: 551.77979 | AB9: 559.05001 | AC9: 536.58977 | AD9: 489.62315 | AE9: 458.68598 | AF9: 421.63784 | AG9: =SUM(I9:AF9) -> 10308.514 | AH9: =F9*AG9 -> 51542.569
A10: 2028 | B10: 1 | C10: 4 | D10: 20 | E10: 5 | F10: 5 | G10: 1 | H10: 31 | I10: 399.01871 | J10: 389.43903 | K10: 377.75687 | L10: 370.26455 | M10: 361.6731 | N10: 340.34067 | O10: 367.34023 | P10: 398.71115 | Q10: 416.50414 | R10: 419.44863 | S10: 438.30042 | T10: 448.08682 | U10: 454.33377 | V10: 459.10849 | W10: 413.22688 | X10: 400.40524 | Y10: 456.46651 | Z10: 488.02902 | AA10: 546.64655 | AB10: 558.08166 | AC10: 546.36421 | AD10: 499.10111 | AE10: 462.90002 | AF10: 431.13583 | AG10: =SUM(I10:AF10) -> 10442.684 | AH10: =AG10*G10 -> 10442.684
A11: 2028 | B11: 2 | C11: 1 | D11: 21 | E11: 4 | F11: 4 | G11: 0 | H11: 29 | I11: 466.5863 | J11: 431.94991 | K11: 417.63161 | L11: 403.94209 | M11: 375.85609 | N11: 357.66759 | O11: 374.08306 | P11: 474.61184 | Q11: 510.18605 | R11: 519.25948 | S11: 579.55343 | T11: 588.97193 | U11: 571.95956 | V11: 596.15892 | W11: 638.305 | X11: 601.66419 | Y11: 605.61542 | Z11: 565.98152 | AA11: 607.66583 | AB11: 632.35937 | AC11: 621.46199 | AD11: 580.51022 | AE11: 537.52829 | AF11: 496.0288 | AG11: =SUM(I11:AF11) -> 12555.539 | AH11: =AG11*D11 -> 263666.31 | AI11: =AH11+AH12+AH13+AH14 -> 360614.2
A12: 2028 | B12: 2 | C12: 2 | D12: 21 | E12: 4 | F12: 4 | G12: 0 | H12: 29 | I12: 472.76835 | J12: 449.55301 | K12: 434.41022 | L12: 418.92732 | M12: 406.04938 | N12: 387.76569 | O12: 399.20588 | P12: 437.74694 | Q12: 466.28815 | R12: 482.90477 | S12: 502.95086 | T12: 519.27374 | U12: 521.83233 | V12: 548.65235 | W12: 570.08982 | X12: 570.14393 | Y12: 552.05091 | Z12: 549.29393 | AA12: 624.42814 | AB12: 634.94847 | AC12: 616.99459 | AD12: 585.23261 | AE12: 549.85563 | AF12: 509.02653 | AG12: =SUM(I12:AF12) -> 12210.394 | AH12: =AG12*E12 -> 48841.574
A13: 2028 | B13: 2 | C13: 3 | D13: 21 | E13: 4 | F13: 4 | G13: 0 | H13: 29 | I13: 479.3772 | J13: 437.27662 | K13: 438.19376 | L13: 421.47857 | M13: 407.09369 | N13: 386.14674 | O13: 382.78562 | P13: 420.23849 | Q13: 442.76137 | R13: 461.35993 | S13: 479.26869 | T13: 504.57916 | U13: 518.38534 | V13: 549.05914 | W13: 563.60161 | X13: 558.44754 | Y13: 535.18579 | Z13: 529.87413 | AA13: 606.60124 | AB13: 636.87718 | AC13: 627.50169 | AD13: 591.37673 | AE13: 545.53267 | AF13: 503.57677 | AG13: =SUM(I13:AF13) -> 12026.58 | AH13: =F13*AG13 -> 48106.319
A14: 2028 | B14: 2 | C14: 4 | D14: 21 | E14: 4 | F14: 4 | G14: 0 | H14: 29 | AG14: =SUM(I14:AF14) -> 0 | AH14: =AG14*G14 -> 0
A15: 2028 | B15: 3 | C15: 1 | D15: 22 | E15: 4 | F15: 4 | G15: 1 | H15: 31 | I15: 571.36065 | J15: 546.04195 | K15: 528.36573 | L15: 508.57744 | M15: 490.0292 | N15: 469.36471 | O15: 487.09877 | P15: 548.73916 | Q15: 595.81866 | R15: 624.71078 | S15: 657.45188 | T15: 671.36978 | U15: 650.13864 | V15: 675.32254 | W15: 699.63442 | X15: 722.26784 | Y15: 685.23279 | Z15: 669.5953 | AA15: 719.21037 | AB15: 727.70879 | AC15: 714.34799 | AD15: 688.9434 | AE15: 650.52574 | AF15: 608.51976 | AG15: =SUM(I15:AF15) -> 14910.376 | AH15: =AG15*D15 -> 328028.28 | AI15: =AH15+AH16+AH17+AH18 -> 445383.98
A16: 2028 | B16: 3 | C16: 2 | D16: 22 | E16: 4 | F16: 4 | G16: 1 | H16: 31 | I16: 528.38799 | J16: 514.10554 | K16: 496.48941 | L16: 479.85856 | M16: 462.65366 | N16: 442.04827 | O16: 450.26663 | P16: 444.88931 | Q16: 489.36906 | R16: 530.09554 | S16: 551.371 | T16: 564.66608 | U16: 571.108 | V16: 596.06158 | W16: 607.7514 | X16: 607.77227 | Y16: 580.47864 | Z16: 584.92495 | AA16: 653.75917 | AB16: 633.34166 | AC16: 642.62045 | AD16: 615.5293 | AE16: 585.69731 | AF16: 555.22655 | AG16: =SUM(I16:AF16) -> 13188.472 | AH16: =AG16*E16 -> 52753.889
A17: 2028 | B17: 3 | C17: 3 | D17: 22 | E17: 4 | F17: 4 | G17: 1 | H17: 31 | I17: 539.24633 | J17: 518.46308 | K17: 499.66248 | L17: 482.3431 | M17: 469.81357 | N17: 444.28663 | O17: 448.43237 | P17: 479.40793 | Q17: 502.95432 | R17: 515.88038 | S17: 533.33823 | T17: 560.62124 | U17: 569.5757 | V17: 593.91934 | W17: 610.54217 | X17: 609.11969 | Y17: 577.59024 | Z17: 572.10385 | AA17: 637.97833 | AB17: 661.4219 | AC17: 655.79284 | AD17: 625.56628 | AE17: 589.93305 | AF17: 553.19625 | AG17: =SUM(I17:AF17) -> 13251.189 | AH17: =F17*AG17 -> 53004.757
A18: 2028 | B18: 3 | C18: 4 | D18: 22 | E18: 4 | F18: 4 | G18: 1 | H18: 31 | I18: 493.25942 | J18: 479.84607 | K18: 468.04084 | L18: 456.387 | M18: 446.17644 | N18: 423.72329 | O18: 428.94464 | P18: 458.89338 | Q18: 425.35159 | R18: 325.38563 | S18: 439.93235 | T18: 481.55848 | U18: 508.70479 | V18: 526.32684 | W18: 535.82082 | X18: 537.88312 | Y18: 502.75339 | Z18: 503.69539 | AA18: 483.45257 | AB18: 585.30589 | AC18: 577.83384 | AD18: 561.73917 | AE18: 505.49191 | AF18: 440.54465 | AG18: =SUM(I18:AF18) -> 11597.051 | AH18: =AG18*G18 -> 11597.051
A19: 2028 | B19: 4 | C19: 1 | D19: 18 | E19: 5 | F19: 5 | G19: 2 | H19: 30 | I19: 481.74112 | J19: 477.25373 | K19: 460.19135 | L19: 440.86304 | M19: 420.35181 | N19: 400.32171 | O19: 449.40294 | P19: 510.58407 | Q19: 546.4763 | R19: 578.17639 | S19: 606.24432 | T19: 624.46593 | U19: 594.6886 | V19: 613.50567 | W19: 663.2735 | X19: 669.46247 | Y19: 639.77936 | Z19: 622.00383 | AA19: 667.33412 | AB19: 666.86223 | AC19: 649.50373 | AD19: 620.53532 | AE19: 547.49686 | AF19: 521.14182 | AG19: =SUM(I19:AF19) -> 13471.66 | AH19: =AG19*D19 -> 242489.88 | AI19: =AH19+AH20+AH21+AH22 -> 393926.38
A20: 2028 | B20: 4 | C20: 2 | D20: 18 | E20: 5 | F20: 5 | G20: 2 | H20: 30 | I20: 502.38156 | J20: 483.25871 | K20: 468.80155 | L20: 456.82939 | M20: 439.85827 | N20: 412.12125 | O20: 435.47874 | P20: 479.87173 | Q20: 510.62986 | R20: 516.63948 | S20: 551.92928 | T20: 576.31554 | U20: 568.37878 | V20: 570.23709 | W20: 582.60047 | X20: 578.61217 | Y20: 547.78159 | Z20: 537.48662 | AA20: 618.75241 | AB20: 629.38065 | AC20: 611.7285 | AD20: 577.64498 | AE20: 540.0187 | AF20: 501.4035 | AG20: =SUM(I20:AF20) -> 12698.141 | AH20: =AG20*E20 -> 63490.704
A21: 2028 | B21: 4 | C21: 3 | D21: 18 | E21: 5 | F21: 5 | G21: 2 | H21: 30 | I21: 489.55429 | J21: 473.90574 | K21: 460.2819 | L21: 444.95087 | M21: 435.58565 | N21: 406.68308 | O21: 422.40261 | P21: 459.91581 | Q21: 481.78792 | R21: 503.78704 | S21: 520.67583 | T21: 541.99507 | U21: 486.08763 | V21: 605.01141 | W21: 604.80221 | X21: 605.2729 | Y21: 579.32521 | Z21: 581.09964 | AA21: 670.94901 | AB21: 696.62026 | AC21: 690.21739 | AD21: 653.96683 | AE21: 601.90336 | AF21: 560.78528 | AG21: =SUM(I21:AF21) -> 12977.567 | AH21: =F21*AG21 -> 64887.835
A22: 2028 | B22: 4 | C22: 4 | D22: 18 | E22: 5 | F22: 5 | G22: 2 | H22: 30 | I22: 438.87725 | J22: 437.31661 | K22: 415.86795 | L22: 398.59706 | M22: 386.03093 | N22: 371.56127 | O22: 401.1678 | P22: 420.95805 | Q22: 443.0147 | R22: 445.01064 | S22: 477.17399 | T22: 505.1685 | U22: 527.71004 | V22: 527.63975 | W22: 512.34731 | X22: 521.61412 | Y22: 494.37924 | Z22: 516.83693 | AA22: 587.41798 | AB22: 608.7778 | AC22: 578.62037 | AD22: 548.08081 | AE22: 501.43174 | AF22: 463.3794 | AG22: =SUM(I22:AF22) -> 11528.98 | AH22: =AG22*G22 -> 23057.96
A23: 2028 | B23: 5 | C23: 1 | D23: 21 | E23: 4 | F23: 4 | G23: 2 | H23: 31 | I23: 392.15669 | J23: 367.90677 | K23: 361.10024 | L23: 357.17844 | M23: 344.2351 | N23: 330.61375 | O23: 399.3225 | P23: 442.76967 | Q23: 481.20573 | R23: 509.74795 | S23: 535.40041 | T23: 571.34117 | U23: 522.59678 | V23: 552.94292 | W23: 591.23516 | X23: 593.35908 | Y23: 563.46545 | Z23: 542.97359 | AA23: 600.05958 | AB23: 592.26758 | AC23: 573.92789 | AD23: 534.1995 | AE23: 467.59927 | AF23: 432.90307 | AG23: =SUM(I23:AF23) -> 11660.508 | AH23: =AG23*D23 -> 244870.67 | AI23: =AH23+AH24+AH25+AH26 -> 354742.94
A24: 2028 | B24: 5 | C24: 2 | D24: 21 | E24: 4 | F24: 4 | G24: 2 | H24: 31 | I24: 469.29427 | J24: 453.69785 | K24: 437.83409 | L24: 421.1216 | M24: 414.33953 | N24: 383.79556 | O24: 367.83576 | P24: 349.26229 | Q24: 485.38471 | R24: 513.53735 | S24: 432.61452 | T24: 521.25121 | U24: 514.42501 | V24: 454.51284 | W24: 515.68384 | X24: 532.61695 | Y24: 513.33749 | Z24: 526.17748 | AA24: 573.48067 | AB24: 577.51928 | AC24: 551.65242 | AD24: 510.18914 | AE24: 478.06191 | AF24: 446.48752 | AG24: =SUM(I24:AF24) -> 11444.113 | AH24: =AG24*E24 -> 45776.453
A25: 2028 | B25: 5 | C25: 3 | D25: 21 | E25: 4 | F25: 4 | G25: 2 | H25: 31 | I25: 409.48794 | J25: 394.67709 | K25: 385.69304 | L25: 379.33835 | M25: 376.95534 | N25: 351.2299 | O25: 359.86957 | P25: 375.02732 | Q25: 424.36164 | R25: 423.30336 | S25: 437.29223 | T25: 456.00438 | U25: 375.27366 | V25: 476.13595 | W25: 467.31111 | X25: 425.70062 | Y25: 434.08975 | Z25: 470.80518 | AA25: 539.79179 | AB25: 515.50922 | AC25: 515.36092 | AD25: 475.25698 | AE25: 440.82401 | AF25: 413.23339 | AG25: =SUM(I25:AF25) -> 10322.533 | AH25: =F25*AG25 -> 41290.131
A26: 2028 | B26: 5 | C26: 4 | D26: 21 | E26: 4 | F26: 4 | G26: 2 | H26: 31 | I26: 457.54528 | J26: 443.48184 | K26: 426.52391 | L26: 415.3337 | M26: 404.84454 | N26: 374.36489 | O26: 356.19075 | P26: 447.32167 | Q26: 495.99139 | R26: 423.78876 | S26: 549.58437 | T26: 563.66375 | U26: 562.51658 | V26: 378.07194 | W26: 307.57945 | X26: 358.13988 | Y26: 536.44504 | Z26: 536.00423 | AA26: 594.99847 | AB26: 606.36925 | AC26: 588.95459 | AD26: 566.36173 | AE26: 520.68739 | AF26: 488.07804 | AG26: =SUM(I26:AF26) -> 11402.841 | AH26: =AG26*G26 -> 22805.683
A27: 2028 | B27: 6 | C27: 1 | D27: 20 | E27: 4 | F27: 4 | G27: 2 | H27: 30 | I27: 370.98601 | J27: 360.65864 | K27: 351.20327 | L27: 343.24275 | M27: 324.23217 | N27: 313.42682 | O27: 358.21669 | P27: 395.27347 | Q27: 435.31996 | R27: 448.98973 | S27: 471.38073 | T27: 496.09931 | U27: 483.19965 | V27: 464.4531 | W27: 506.05261 | X27: 523.68128 | Y27: 509.97156 | Z27: 489.75287 | AA27: 531.82171 | AB27: 527.04347 | AC27: 535.77399 | AD27: 488.57081 | AE27: 422.94677 | AF27: 391.3649 | AG27: =SUM(I27:AF27) -> 10543.662 | AH27: =AG27*D27 -> 210873.25 | AI27: =AH27+AH28+AH29+AH30 -> 313177.48
A28: 2028 | B28: 6 | C28: 2 | D28: 20 | E28: 4 | F28: 4 | G28: 2 | H28: 30 | I28: 391.14739 | J28: 378.26454 | K28: 367.68702 | L28: 356.54492 | M28: 337.05496 | N28: 332.09041 | O28: 361.87357 | P28: 401.30762 | Q28: 434.63981 | R28: 450.93872 | S28: 459.38683 | T28: 463.49224 | U28: 454.12364 | V28: 466.09827 | W28: 468.00676 | X28: 470.06867 | Y28: 451.68126 | Z28: 474.12499 | AA28: 504.25999 | AB28: 531.35734 | AC28: 500.96257 | AD28: 463.72543 | AE28: 428.35998 | AF28: 397.78928 | AG28: =SUM(I28:AF28) -> 10344.986 | AH28: =AG28*E28 -> 41379.945
A29: 2028 | B29: 6 | C29: 3 | D29: 20 | E29: 4 | F29: 4 | G29: 2 | H29: 30 | I29: 376.07457 | J29: 351.61819 | K29: 337.30797 | L29: 349.29079 | M29: 322.54428 | N29: 294.79764 | O29: 348.86838 | P29: 376.79723 | Q29: 399.477 | R29: 405.67651 | S29: 419.95774 | T29: 436.4028 | U29: 452.94518 | V29: 473.57915 | W29: 474.1465 | X29: 470.93494 | Y29: 451.28866 | Z29: 460.00193 | AA29: 537.52479 | AB29: 552.28227 | AC29: 539.40286 | AD29: 506.52517 | AE29: 466.60108 | AF29: 426.51133 | AG29: =SUM(I29:AF29) -> 10230.557 | AH29: =F29*AG29 -> 40922.228
A30: 2028 | B30: 6 | C30: 4 | D30: 20 | E30: 4 | F30: 4 | G30: 2 | H30: 30 | I30: 398.29203 | J30: 384.0312 | K30: 372.54065 | L30: 362.506 | M30: 357.18284 | N30: 336.25416 | O30: 361.10065 | P30: 310.64938 | Q30: 391.47757 | R30: 436.56017 | S30: 456.47275 | T30: 476.31961 | U30: 462.20034 | V30: 470.00562 | W30: 452.33251 | X30: 447.00429 | Y30: 389.63241 | Z30: 393.34295 | AA30: 514.26422 | AB30: 510.87722 | AC30: 480.8946 | AD30: 447.76258 | AE30: 409.6107 | AF30: 379.71403 | AG30: =SUM(I30:AF30) -> 10001.028 | AH30: =AG30*G30 -> 20002.057
A31: 2028 | B31: 7 | C31: 1 | D31: 19 | E31: 5 | F31: 5 | G31: 2 | H31: 31 | I31: 380.06644 | J31: 356.39945 | K31: 347.8741 | L31: 343.9214 | M31: 347.43658 | N31: 340.36073 | O31: 384.9861 | P31: 420.8554 | Q31: 460.3182 | R31: 484.35753 | S31: 502.6589 | T31: 503.87674 | U31: 497.26464 | V31: 495.65245 | W31: 536.25384 | X31: 527.7449 | Y31: 512.97372 | Z31: 520.52555 | AA31: 570.48841 | AB31: 562.85827 | AC31: 548.22403 | AD31: 493.71197 | AE31: 443.39506 | AF31: 406.82938 | AG31: =SUM(I31:AF31) -> 10989.034 | AH31: =AG31*D31 -> 208791.64 | AI31: =AH31+AH32+AH33+AH34 -> 334770.99
A32: 2028 | B32: 7 | C32: 2 | D32: 19 | E32: 5 | F32: 5 | G32: 2 | H32: 31 | I32: 378.54243 | J32: 364.34735 | K32: 356.33428 | L32: 350.71301 | M32: 352.44369 | N32: 334.49303 | O32: 355.75623 | P32: 379.69507 | Q32: 402.78933 | R32: 415.37834 | S32: 447.1468 | T32: 457.45822 | U32: 460.31731 | V32: 438.13339 | W32: 505.46397 | X32: 501.3934 | Y32: 366.9927 | Z32: 524.04721 | AA32: 572.51765 | AB32: 594.28015 | AC32: 577.43193 | AD32: 526.81977 | AE32: 480.3275 | AF32: 443.34708 | AG32: =SUM(I32:AF32) -> 10586.17 | AH32: =AG32*E32 -> 52930.849
A33: 2028 | B33: 7 | C33: 3 | D33: 19 | E33: 5 | F33: 5 | G33: 2 | H33: 31 | I33: 415.14445 | J33: 400.05434 | K33: 386.15916 | L33: 371.43553 | M33: 373.34792 | N33: 358.37395 | O33: 383.81576 | P33: 407.56972 | Q33: 409.72213 | R33: 351.74896 | S33: 407.97405 | T33: 444.05404 | U33: 445.96729 | V33: 412.23844 | W33: 472.92147 | X33: 464.26795 | Y33: 447.13383 | Z33: 452.35226 | AA33: 527.59118 | AB33: 541.37797 | AC33: 515.83808 | AD33: 476.18106 | AE33: 440.76176 | AF33: 409.19564 | AG33: =SUM(I33:AF33) -> 10315.227 | AH33: =F33*AG33 -> 51576.135
A34: 2028 | B34: 7 | C34: 4 | D34: 19 | E34: 5 | F34: 5 | G34: 2 | H34: 31 | I34: 406.50709 | J34: 383.57859 | K34: 372.91611 | L34: 367.64735 | M34: 364.55481 | N34: 330.48485 | O34: 374.23851 | P34: 403.76858 | Q34: 433.23618 | R34: 442.07646 | S34: 447.85544 | T34: 472.56449 | U34: 495.53464 | V34: 479.86371 | W34: 473.76194 | X34: 484.27864 | Y34: 479.48886 | Z34: 495.49299 | AA34: 563.92446 | AB34: 566.15275 | AC34: 537.2162 | AD34: 486.29869 | AE34: 454.10299 | AF34: 420.63696 | AG34: =SUM(I34:AF34) -> 10736.181 | AH34: =AG34*G34 -> 21472.363
A35: 2028 | B35: 8 | C35: 1 | D35: 21 | E35: 4 | F35: 4 | G35: 2 | H35: 31 | I35: 418.24596 | J35: 391.54185 | K35: 380.7692 | L35: 369.5096 | M35: 367.25361 | N35: 358.60111 | O35: 411.62114 | P35: 455.81939 | Q35: 492.92155 | R35: 495.0626 | S35: 541.49803 | T35: 569.80245 | U35: 554.44152 | V35: 579.91889 | W35: 603.51017 | X35: 578.23395 | Y35: 539.19136 | Z35: 552.78532 | AA35: 604.69146 | AB35: 610.9051 | AC35: 585.80652 | AD35: 539.8016 | AE35: 480.94148 | AF35: 447.28496 | AG35: =SUM(I35:AF35) -> 11930.159 | AH35: =AG35*D35 -> 250533.33 | AI35: =AH35+AH36+AH37+AH38 -> 363537.94
A36: 2028 | B36: 8 | C36: 2 | D36: 21 | E36: 4 | F36: 4 | G36: 2 | H36: 31 | I36: 407.63473 | J36: 406.95728 | K36: 393.78537 | L36: 383.14644 | M36: 381.41021 | N36: 356.22529 | O36: 385.93293 | P36: 430.49331 | Q36: 464.2912 | R36: 481.68545 | S36: 480.8184 | T36: 537.06372 | U36: 543.64434 | V36: 565.68913 | W36: 572.78105 | X36: 553.79117 | Y36: 527.91176 | Z36: 542.12541 | AA36: 623.60464 | AB36: 632.04932 | AC36: 602.42051 | AD36: 563.01981 | AE36: 525.45974 | AF36: 490.15143 | AG36: =SUM(I36:AF36) -> 11852.093 | AH36: =AG36*E36 -> 47408.371
A37: 2028 | B37: 8 | C37: 3 | D37: 21 | E37: 4 | F37: 4 | G37: 2 | H37: 31 | I37: 452.46271 | J37: 341.56878 | K37: 314.14292 | L37: 411.10854 | M37: 399.63171 | N37: 367.43863 | O37: 384.94367 | P37: 413.84721 | Q37: 432.85603 | R37: 441.56547 | S37: 449.89635 | T37: 474.08489 | U37: 475.12396 | V37: 478.02711 | W37: 478.39261 | X37: 482.31917 | Y37: 472.54977 | Z37: 482.81782 | AA37: 556.80629 | AB37: 580.02885 | AC37: 563.33837 | AD37: 529.91824 | AE37: 486.56946 | AF37: 439.10093 | AG37: =SUM(I37:AF37) -> 10908.539 | AH37: =F37*AG37 -> 43634.158
A38: 2028 | B38: 8 | C38: 4 | D38: 21 | E38: 4 | F38: 4 | G38: 2 | H38: 31 | I38: 393.19851 | J38: 378.19335 | K38: 365.1447 | L38: 356.5681 | M38: 356.39729 | N38: 335.44493 | O38: 380.1861 | P38: 418.57117 | Q38: 443.67985 | R38: 448.02767 | S38: 484.81854 | T38: 513.9386 | U38: 515.20672 | V38: 538.83507 | W38: 540.47585 | X38: 528.22948 | Y38: 214.99987 | Z38: 451.53699 | AA38: 605.06691 | AB38: 626.84744 | AC38: 599.37333 | AD38: 547.50484 | AE38: 490.58976 | AF38: 448.20365 | AG38: =SUM(I38:AF38) -> 10981.039 | AH38: =AG38*G38 -> 21962.077
A39: 2028 | B39: 9 | C39: 1 | D39: 21 | E39: 5 | F39: 4 | G39: 0 | H39: 30 | I39: 417.43798 | J39: 399.75743 | K39: 385.77405 | L39: 375.68139 | M39: 375.10865 | N39: 368.1014 | O39: 412.60519 | P39: 471.24098 | Q39: 505.25711 | R39: 545.60306 | S39: 576.5392 | T39: 594.52192 | U39: 560.38581 | V39: 567.49773 | W39: 603.85767 | X39: 621.78114 | Y39: 589.75728 | Z39: 585.27209 | AA39: 621.27802 | AB39: 620.96942 | AC39: 598.99971 | AD39: 552.79644 | AE39: 493.7869 | AF39: 454.47781 | AG39: =SUM(I39:AF39) -> 12298.488 | AH39: =AG39*D39 -> 258268.26 | AI39: =AH39+AH40+AH41+AH42 -> 353128.76
A40: 2028 | B40: 9 | C40: 2 | D40: 21 | E40: 5 | F40: 4 | G40: 0 | H40: 30 | I40: 408.16921 | J40: 394.93947 | K40: 382.18132 | L40: 372.12264 | M40: 366.97604 | N40: 343.45056 | O40: 373.54248 | P40: 419.02575 | Q40: 448.77099 | R40: 461.29208 | S40: 460.76442 | T40: 490.92261 | U40: 489.84689 | V40: 512.29156 | W40: 522.20239 | X40: 520.59902 | Y40: 494.24151 | Z40: 474.46063 | AA40: 578.11396 | AB40: 584.55294 | AC40: 553.87219 | AD40: 512.35274 | AE40: 477.24933 | AF40: 441.40669 | AG40: =SUM(I40:AF40) -> 11083.347 | AH40: =AG40*E40 -> 55416.737
A41: 2028 | B41: 9 | C41: 3 | D41: 21 | E41: 5 | F41: 4 | G41: 0 | H41: 30 | I41: 400.90858 | J41: 385.11721 | K41: 378.76537 | L41: 286.11485 | M41: 348.63778 | N41: 329.54552 | O41: 351.3873 | P41: 388.13825 | Q41: 406.21108 | R41: 405.30928 | S41: 413.86906 | T41: 429.03799 | U41: 428.15089 | V41: 445.44444 | W41: 441.15107 | X41: 460.26049 | Y41: 356.23695 | Z41: 375.97861 | AA41: 409.09538 | AB41: 547.39286 | AC41: 526.73567 | AD41: 489.85386 | AE41: 448.46303 | AF41: 409.13655 | AG41: =SUM(I41:AF41) -> 9860.9421 | AH41: =F41*AG41 -> 39443.768
A42: 2028 | B42: 9 | C42: 4 | D42: 21 | E42: 5 | F42: 4 | G42: 0 | H42: 30 | I42: 0 | J42: 0 | K42: 0 | L42: 0 | M42: 0 | N42: 0 | O42: 0 | P42: 0 | Q42: 0 | R42: 0 | S42: 0 | T42: 0 | U42: 0 | V42: 0 | W42: 0 | X42: 0 | Y42: 0 | Z42: 0 | AA42: 0 | AB42: 0 | AC42: 0 | AD42: 0 | AE42: 0 | AF42: 0 | AG42: =SUM(I42:AF42) -> 0 | AH42: =AG42*G42 -> 0
A43: 2028 | B43: 10 | C43: 1 | D43: 21 | E43: 4 | F43: 5 | G43: 1 | H43: 31 | I43: 433.57079 | J43: 415.33021 | K43: 392.99423 | L43: 381.2134 | M43: 375.27739 | N43: 360.53044 | O43: 425.70437 | P43: 494.95318 | Q43: 540.90869 | R43: 559.68635 | S43: 575.9654 | T43: 599.69253 | U43: 567.50989 | V43: 594.25412 | W43: 625.43593 | X43: 619.66144 | Y43: 566.62326 | Z43: 599.10608 | AA43: 640.36533 | AB43: 604.30435 | AC43: 586.48784 | AD43: 563.31735 | AE43: 519.2481 | AF43: 476.35467 | AG43: =SUM(I43:AF43) -> 12518.495 | AH43: =AG43*D43 -> 262888.4 | AI43: =AH43+AH44+AH45+AH46 -> 374326.76
A44: 2028 | B44: 10 | C44: 2 | D44: 21 | E44: 4 | F44: 5 | G44: 1 | H44: 31 | I44: 477.29708 | J44: 458.44892 | K44: 445.59921 | L44: 429.99692 | M44: 423.90138 | N44: 392.93035 | O44: 378.42752 | P44: 477.84025 | Q44: 519.05536 | R44: 531.81323 | S44: 546.44726 | T44: 562.26996 | U44: 555.06184 | V44: 575.87013 | W44: 565.21933 | X44: 447.52522 | Y44: 540.52228 | Z44: 578.59822 | AA44: 574.96748 | AB44: 609.20801 | AC44: 554.2694 | AD44: 516.37364 | AE44: 445.90097 | AF44: 454.49193 | AG44: =SUM(I44:AF44) -> 12062.036 | AH44: =AG44*E44 -> 48248.144
A45: 2028 | B45: 10 | C45: 3 | D45: 21 | E45: 4 | F45: 5 | G45: 1 | H45: 31 | I45: 356.81061 | J45: 397.00898 | K45: 384.46077 | L45: 374.544 | M45: 372.81728 | N45: 346.27232 | O45: 378.73676 | P45: 414.94035 | Q45: 430.16761 | R45: 431.35051 | S45: 444.86107 | T45: 455.16127 | U45: 466.15067 | V45: 493.39984 | W45: 484.32764 | X45: 378.64153 | Y45: 428.16522 | Z45: 506.83271 | AA45: 556.20102 | AB45: 554.45926 | AC45: 526.46826 | AD45: 490.82354 | AE45: 451.96596 | AF45: 417.13071 | AG45: =SUM(I45:AF45) -> 10541.698 | AH45: =F45*AG45 -> 52708.49
A46: 2028 | B46: 10 | C46: 4 | D46: 21 | E46: 4 | F46: 5 | G46: 1 | H46: 31 | I46: 340.08741 | J46: 329.03829 | K46: 130.96255 | L46: 344.29946 | M46: 335.35136 | N46: 79.60958 | O46: 395.12343 | P46: 418.8985 | Q46: 428.8497 | R46: 452.02591 | S46: 391.52023 | T46: 493.61732 | U46: 501.21297 | V46: 527.15396 | W46: 529.01045 | X46: 523.55077 | Y46: 518.25078 | Z46: 546.72698 | AA46: 588.71763 | AB46: 601.41365 | AC46: 567.10846 | AD46: 525.55698 | AE46: 475.78103 | AF46: 437.86267 | AG46: =SUM(I46:AF46) -> 10481.73 | AH46: =AG46*G46 -> 10481.73
A47: 2028 | B47: 11 | C47: 1 | D47: 20 | E47: 4 | F47: 4 | G47: 2 | H47: 30 | I47: 413.96113 | J47: 397.0685 | K47: 385.01959 | L47: 379.42433 | M47: 366.52242 | N47: 348.59105 | O47: 413.92948 | P47: 468.22517 | Q47: 526.67717 | R47: 537.17309 | S47: 546.80374 | T47: 562.84256 | U47: 548.80626 | V47: 570.04062 | W47: 607.80164 | X47: 583.97245 | Y47: 561.68221 | Z47: 583.38221 | AA47: 633.16005 | AB47: 617.81764 | AC47: 581.97581 | AD47: 533.74717 | AE47: 478.10514 | AF47: 448.15979 | AG47: =SUM(I47:AF47) -> 12094.889 | AH47: =AG47*D47 -> 241897.78 | AI47: =AH47+AH48+AH49+AH50 -> 344988.65
A48: 2028 | B48: 11 | C48: 2 | D48: 20 | E48: 4 | F48: 4 | G48: 2 | H48: 30 | I48: 410.2004 | J48: 395.11467 | K48: 381.46307 | L48: 377.1954 | M48: 369.34983 | N48: 348.99153 | O48: 382.73345 | P48: 422.99598 | Q48: 453.22203 | R48: 396.70115 | S48: 492.60075 | T48: 514.67157 | U48: 496.92599 | V48: 506.26128 | W48: 515.59657 | X48: 388.33452 | Y48: 393.43588 | Z48: 541.38126 | AA48: 568.10484 | AB48: 549.50969 | AC48: 513.08757 | AD48: 481.05818 | AE48: 444.35618 | AF48: 412.1283 | AG48: =SUM(I48:AF48) -> 10755.42 | AH48: =AG48*E48 -> 43021.68
A49: 2028 | B49: 11 | C49: 3 | D49: 20 | E49: 4 | F49: 4 | G49: 2 | H49: 30 | I49: 378.83545 | J49: 364.46732 | K49: 350.14978 | L49: 345.62781 | M49: 339.02194 | N49: 318.80682 | O49: 345.52904 | P49: 372.69695 | Q49: 387.094 | R49: 399.97569 | S49: 417.79131 | T49: 427.62784 | U49: 425.42347 | V49: 404.57474 | W49: 347.05885 | X49: 446.33484 | Y49: 435.48406 | Z49: 480.18813 | AA49: 523.47804 | AB49: 515.39536 | AC49: 490.35472 | AD49: 449.04995 | AE49: 409.40508 | AF49: 380.22071 | AG49: =SUM(I49:AF49) -> 9754.5919 | AH49: =F49*AG49 -> 39018.368
A50: 2028 | B50: 11 | C50: 4 | D50: 20 | E50: 4 | F50: 4 | G50: 2 | H50: 30 | I50: 374.8185 | J50: 361.53957 | K50: 347.93075 | L50: 339.67881 | M50: 330.8508 | N50: 311.57 | O50: 342.85453 | P50: 386.69421 | Q50: 425.60538 | R50: 440.94238 | S50: 457.64322 | T50: 481.60143 | U50: 475.61434 | V50: 495.75184 | W50: 506.95302 | X50: 508.3464 | Y50: 489.74013 | Z50: 527.80444 | AA50: 570.79235 | AB50: 558.2618 | AC50: 456.37293 | AD50: 487.83962 | AE50: 440.258 | AF50: 405.94547 | AG50: =SUM(I50:AF50) -> 10525.41 | AH50: =AG50*G50 -> 21050.82
A51: 2028 | B51: 12 | C51: 1 | D51: 19 | E51: 5 | F51: 5 | G51: 2 | H51: 31 | I51: 437.99025 | J51: 419.68244 | K51: 405.72875 | L51: 395.04176 | M51: 384.69354 | N51: 363.42594 | O51: 405.20072 | P51: 464.2459 | Q51: 511.45915 | R51: 534.11187 | S51: 535.06403 | T51: 553.46401 | U51: 558.7124 | V51: 592.20106 | W51: 613.99227 | X51: 606.00472 | Y51: 582.92654 | Z51: 607.77755 | AA51: 635.00051 | AB51: 623.36042 | AC51: 598.72513 | AD51: 559.96995 | AE51: 519.93417 | AF51: 473.70133 | AG51: =SUM(I51:AF51) -> 12382.414 | AH51: =AG51*D51 -> 235265.87 | AI51: =AH51+AH52+AH53+AH54 -> 367506.13
A52: 2028 | B52: 12 | C52: 2 | D52: 19 | E52: 5 | F52: 5 | G52: 2 | H52: 31 | I52: 446.2183 | J52: 428.1344 | K52: 408.26339 | L52: 385.89248 | M52: 369.30339 | N52: 345.56586 | O52: 365.54456 | P52: 397.30485 | Q52: 451.17708 | R52: 466.31495 | S52: 491.56523 | T52: 514.63355 | U52: 510.49013 | V52: 543.54011 | W52: 561.70606 | X52: 557.4293 | Y52: 541.21456 | Z52: 571.9954 | AA52: 608.59139 | AB52: 592.48177 | AC52: 558.33952 | AD52: 527.67407 | AE52: 496.90348 | AF52: 459.90494 | AG52: =SUM(I52:AF52) -> 11600.189 | AH52: =AG52*E52 -> 58000.944
A53: 2028 | B53: 12 | C53: 3 | D53: 19 | E53: 5 | F53: 5 | G53: 2 | H53: 31 | I53: 420.31781 | J53: 402.79486 | K53: 392.2216 | L53: 382.43816 | M53: 371.31423 | N53: 337.08629 | O53: 331.27009 | P53: 413.08475 | Q53: 434.53072 | R53: 378.66387 | S53: 410.12038 | T53: 478.75714 | U53: 484.47487 | V53: 508.81085 | W53: 513.08156 | X53: 496.96341 | Y53: 461.97578 | Z53: 528.47017 | AA53: 579.2162 | AB53: 528.60683 | AC53: 549.3092 | AD53: 522.09727 | AE53: 486.23339 | AF53: 441.2714 | AG53: =SUM(I53:AF53) -> 10853.111 | AH53: =F53*AG53 -> 54265.554
A54: 2028 | B54: 12 | C54: 4 | D54: 19 | E54: 5 | F54: 5 | G54: 2 | H54: 31 | I54: 413.58688 | J54: 395.67112 | K54: 383.42703 | L54: 381.46718 | M54: 375.35999 | N54: 348.22899 | O54: 361.33422 | P54: 380.34868 | Q54: 380.73471 | R54: 390.85069 | S54: 407.08375 | T54: 412.50797 | U54: 421.14911 | V54: 420.96105 | W54: 415.17059 | X54: 415.40815 | Y54: 413.04248 | Z54: 445.89464 | AA54: 509.62923 | AB54: 508.35236 | AC54: 487.6255 | AD54: 465.91873 | AE54: 440.88615 | AF54: 412.24072 | AG54: =SUM(I54:AF54) -> 9986.8799 | AH54: =AG54*G54 -> 19973.76
AI55: =SUM(AI7:AI54) -> 4353487.5
