Workbook

Sheet Anexo 1
B3: ANEXO No 1 - PRODUCTO No. 1 - CURVA
B4: PAGUE LO CONTRATADO AÑO 2026
B5: PRECIO OFERTADO EN $ / kWh DE ABRIL DE 2025
B8: MES | C8: ENERGIA SOLICITADA kWh/MES | D8: % OFERTADO ANUAL | E8: ENERGIA OFERTADA kWh/MES | F8: PRECIO OFERTADO ANUAL $/kWh
B10: 46023 | C10: =+'Anexo 11'!AC6 -> 3391082 | E10: =+'Cantidades Ofertadas Prod 1'!AC6 -> 0
B11: 46054 | C11: =+'Anexo 11'!AC9 -> 2821556 | E11: =+'Cantidades Ofertadas Prod 1'!AC9 -> 0
B12: 46082 | C12: =+'Anexo 11'!AC12 -> 3106413 | E12: =+'Cantidades Ofertadas Prod 1'!AC12 -> 0
B13: 46113 | C13: =+'Anexo 11'!AC15 -> 2813914 | E13: =+'Cantidades Ofertadas Prod 1'!AC15 -> 0
B14: 46143 | C14: =+'Anexo 11'!AC18 -> 2929799 | E14: =+'Cantidades Ofertadas Prod 1'!AC18 -> 0
B15: 46174 | C15: =+'Anexo 11'!AC21 -> 3370208 | E15: =+'Cantidades Ofertadas Prod 1'!AC21 -> 0
B16: 46204 | C16: =+'Anexo 11'!AC24 -> 3239178 | E16: =+'Cantidades Ofertadas Prod 1'!AC24 -> 0
B17: 46235 | C17: =+'Anexo 11'!AC27 -> 3279184 | E17: =+'Cantidades Ofertadas Prod 1'!AC27 -> 0
B18: 46266 | C18: =+'Anexo 11'!AC30 -> 3385268 | E18: =+'Cantidades Ofertadas Prod 1'!AC30 -> 0
B19: 46296 | C19: =+'Anexo 11'!AC33 -> 3124074 | E19: =+'Cantidades Ofertadas Prod 1'!AC33 -> 0
B20: 46327 | C20: =+'Anexo 11'!AC36 -> 2579989 | E20: =+'Cantidades Ofertadas Prod 1'!AC36 -> 0
B21: 46357 | C21: =+'Anexo 11'!AC39 -> 3523726 | E21: =+'Cantidades Ofertadas Prod 1'!AC39 -> 0
B22: TOTAL | C22: =+SUM(C10:C21) -> 37564391 | E22: =SUM(E10:E21) -> 0 | F22: =+F10 -> 0
B23: *Solo se debe ingresar valores en las celdas en color Naranja
B24: * Se debe ofertar un unico % para todos los meses del año.
B25: * Los % ofertados se aplicaran a las curvas de carga de la hoja "Anexo 11".
B26: * La energia ofertada se calcula de manera automatica en la hoja "Cantidades Ofertadas Prod 1"
B27: * Se debe ofertar un unico precio por producto.
B28: * Para ofertas planas se debe diligenciar el anexo 1A, con un tope horario de 500 kWh
B31: ____________________________________________
B32: Firma del Representante Legal
B33: o Apoderado General (Responsable del negocio)

Sheet Anexo 1A
B3: ANEXO No 1A - PRODUCTO No. 1 - OFERTA PLANA
B4: PAGUE LO CONTRATADO AÑO 2026
B5: PRECIO OFERTADO EN $ / kWh DE ABRIL DE 2025
B8: MES | C8: ENERGIA MAXIMA A OFERTAR kWh/MES | D8: kWh OFERTADO | E8: ENERGIA OFERTADA kWh/MES | F8: PRECIO OFERTADO ANUAL $/kWh
A9: 500
A10: 31 | B10: 46023 | C10: =+$A$9*A10*24 -> 372000 | E10: =+$D$10*A10*24 -> 0
A11: 28 | B11: 46054 | C11: =+$A$9*A11*24 -> 336000 | E11: =+$D$10*A11*24 -> 0
A12: 31 | B12: 46082 | C12: =+$A$9*A12*24 -> 372000 | E12: =+$D$10*A12*24 -> 0
A13: 30 | B13: 46113 | C13: =+$A$9*A13*24 -> 360000 | E13: =+$D$10*A13*24 -> 0
A14: 31 | B14: 46143 | C14: =+$A$9*A14*24 -> 372000 | E14: =+$D$10*A14*24 -> 0
A15: 30 | B15: 46174 | C15: =+$A$9*A15*24 -> 360000 | E15: =+$D$10*A15*24 -> 0
A16: 31 | B16: 46204 | C16: =+$A$9*A16*24 -> 372000 | E16: =+$D$10*A16*24 -> 0
A17: 31 | B17: 46235 | C17: =+$A$9*A17*24 -> 372000 | E17: =+$D$10*A17*24 -> 0
A18: 30 | B18: 46266 | C18: =+$A$9*A18*24 -> 360000 | E18: =+$D$10*A18*24 -> 0
A19: 31 | B19: 46296 | C19: =+$A$9*A19*24 -> 372000 | E19: =+$D$10*A19*24 -> 0
A20: 30 | B20: 46327 | C20: =+$A$9*A20*24 -> 360000 | E20: =+$D$10*A20*24 -> 0
A21: 31 | B21: 46357 | C21: =+$A$9*A21*24 -> 372000 | E21: =+$D$10*A21*24 -> 0
B22: TOTAL | C22: =+SUM(C10:C21) -> 4380000 | E22: =SUM(E10:E21) -> 0 | F22: =+F10 -> 0
B23: *Solo se debe ingresar valores en las celdas en color Naranja
B24: * Se debe oferta un valor de kWh el cual se aplica para todas las horas del año, con un tope horario de 500 kWh
B25: * Se debe ofertar un unico precio por producto.
B26: * A las ofertas planas al momento de la evaluación se le adicionarán 5 $/kWh al precio ofertado; con el fin de hacerlas comparables con las Ofertas que siguen la curva
B29: ____________________________________________
B30: Firma del Representante Legal
B31: o Apoderado General (Responsable del negocio)

Sheet Anexo 11
A1: CURVAS REQUERIDAS PRODUCTO 1 AÑO 2026 MODALIDAD PAGUE LO CONTRATADO - kWh
A4: Periodo | B4: Tipo de día | C4: H01 | D4: H02 | E4: H03 | F4: H04 | G4: H05 | H4: H06 | I4: H07 | J4: H08 | K4: H09 | L4: H10 | M4: H11 | N4: H12 | O4: H13 | P4: H14 | Q4: H15 | R4: H16 | S4: H17 | T4: H18 | U4: H19 | V4: H20 | W4: H21 | X4: H22 | Y4: H23 | Z4: H24 | AA4: TOTAL DÍA | AB4: Días/ | AC4: TOTAL MES
AB5: mes
A6: 46023 | B6: O | C6: 4279 | D6: 4158 | E6: 4042 | F6: 3963 | G6: 3909 | H6: 3826 | I6: 3634 | J6: 5008 | K6: 5418 | L6: 5669 | M6: 5942 | N6: 6215 | O6: 6337 | P6: 6362 | Q6: 6590 | R6: 6664 | S6: 6547 | T6: 4478 | U6: 4099 | V6: 4003 | W6: 3960 | X6: 3890 | Y6: 3830 | Z6: 3729 | AA6: =SUM(C6:Z6) -> 116552 | AB6: 20 | AC6: =+AA6*AB6+AA7*AB7+AA8*AB8 -> 3391082
B7: S | C7: 4164 | D7: 4060 | E7: 3971 | F7: 3900 | G7: 3839 | H7: 3822 | I7: 3539 | J7: 4691 | K7: 4991 | L7: 5229 | M7: 5447 | N7: 5626 | O7: 5813 | P7: 5773 | Q7: 5796 | R7: 5806 | S7: 5873 | T7: 3932 | U7: 3794 | V7: 3736 | W7: 3688 | X7: 3557 | Y7: 3462 | Z7: 3385 | AA7: =SUM(C7:Z7) -> 107894 | AB7: 5
B8: F | C8: 3085 | D8: 3065 | E8: 2998 | F8: 3010 | G8: 3036 | H8: 3135 | I8: 2916 | J8: 3963 | K8: 4187 | L8: 4378 | M8: 4513 | N8: 4739 | O8: 4914 | P8: 4824 | Q8: 4704 | R8: 4735 | S8: 4712 | T8: 2897 | U8: 2688 | V8: 2741 | W8: 2789 | X8: 2828 | Y8: 2932 | Z8: 2973 | AA8: =SUM(C8:Z8) -> 86762 | AB8: 6
A9: 46054 | B9: O | C9: 4043 | D9: 3967 | E9: 3890 | F9: 3814 | G9: 3772 | H9: 3644 | I9: 3036 | J9: 4372 | K9: 4673 | L9: 4876 | M9: 5027 | N9: 5252 | O9: 5329 | P9: 5428 | Q9: 5649 | R9: 5675 | S9: 5590 | T9: 3510 | U9: 3485 | V9: 3390 | W9: 3372 | X9: 3347 | Y9: 3357 | Z9: 3358 | AA9: =SUM(C9:Z9) -> 101856 | AB9: 20 | AC9: =+AA9*AB9+AA10*AB10+AA11*AB11 -> 2821556
B10: S | C10: 3884 | D10: 3869 | E10: 3787 | F10: 3715 | G10: 3699 | H10: 3667 | I10: 3100 | J10: 4165 | K10: 4278 | L10: 4386 | M10: 4626 | N10: 4716 | O10: 4848 | P10: 4838 | Q10: 4884 | R10: 4878 | S10: 4857 | T10: 3084 | U10: 3309 | V10: 3127 | W10: 3071 | X10: 3048 | Y10: 3025 | Z10: 3067 | AA10: =SUM(C10:Z10) -> 93928 | AB10: 4
B11: F | C11: 4184 | D11: 4143 | E11: 4083 | F11: 3934 | G11: 3949 | H11: 3953 | I11: 3364 | J11: 4360 | K11: 4541 | L11: 4696 | M11: 4828 | N11: 5044 | O11: 5122 | P11: 5153 | Q11: 5110 | R11: 5174 | S11: 5115 | T11: 3289 | U11: 3604 | V11: 3686 | W11: 3639 | X11: 3741 | Y11: 3776 | Z11: 3693 | AA11: =SUM(C11:Z11) -> 102181 | AB11: 4
A12: 46082 | B12: O | C12: 4474 | D12: 4370 | E12: 4251 | F12: 4184 | G12: 4109 | H12: 3912 | I12: 3147 | J12: 4469 | K12: 4724 | L12: 4928 | M12: 5141 | N12: 5358 | O12: 5522 | P12: 5567 | Q12: 5678 | R12: 5696 | S12: 5568 | T12: 3523 | U12: 3785 | V12: 3796 | W12: 3758 | X12: 3788 | Y12: 3812 | Z12: 3833 | AA12: =SUM(C12:Z12) -> 107393 | AB12: 21 | AC12: =+AA12*AB12+AA13*AB13+AA14*AB14 -> 3106413
B13: S | C13: 4022 | D13: 3942 | E13: 3819 | F13: 3821 | G13: 3730 | H13: 3623 | I13: 2946 | J13: 3905 | K13: 3984 | L13: 4028 | M13: 4131 | N13: 4242 | O13: 4445 | P13: 4524 | Q13: 4466 | R13: 4472 | S13: 4490 | T13: 2615 | U13: 2822 | V13: 2756 | W13: 2885 | X13: 2824 | Y13: 2884 | Z13: 3055 | AA13: =SUM(C13:Z13) -> 88431 | AB13: 4
B14: F | C14: 3717 | D14: 3711 | E14: 3647 | F14: 3619 | G14: 3545 | H14: 3562 | I14: 2722 | J14: 3557 | K14: 3586 | L14: 3607 | M14: 3692 | N14: 3741 | O14: 3936 | P14: 4049 | Q14: 4050 | R14: 4046 | S14: 4146 | T14: 2369 | U14: 2783 | V14: 2766 | W14: 2869 | X14: 2937 | Y14: 3102 | Z14: 3147 | AA14: =SUM(C14:Z14) -> 82906 | AB14: 6
A15: 46113 | B15: O | C15: 4244 | D15: 4148 | E15: 4032 | F15: 3967 | G15: 3888 | H15: 3574 | I15: 3006 | J15: 4287 | K15: 4401 | L15: 4545 | M15: 4684 | N15: 4951 | O15: 5310 | P15: 5288 | Q15: 5097 | R15: 5076 | S15: 4944 | T15: 3051 | U15: 3306 | V15: 3480 | W15: 3565 | X15: 3489 | Y15: 3502 | Z15: 3554 | AA15: =SUM(C15:Z15) -> 99389 | AB15: 20 | AC15: =+AA15*AB15+AA16*AB16+AA17*AB17 -> 2813914
B16: S | C16: 3835 | D16: 3787 | E16: 3698 | F16: 3639 | G16: 3607 | H16: 3557 | I16: 2901 | J16: 3982 | K16: 3939 | L16: 3974 | M16: 4105 | N16: 4252 | O16: 4548 | P16: 4514 | Q16: 4586 | R16: 4583 | S16: 4696 | T16: 2826 | U16: 3089 | V16: 3013 | W16: 3042 | X16: 2898 | Y16: 2979 | Z16: 3062 | AA16: =SUM(C16:Z16) -> 89112 | AB16: 4
B17: F | C17: 3323 | D17: 3380 | E17: 3309 | F17: 3271 | G17: 3173 | H17: 3141 | I17: 2461 | J17: 3370 | K17: 3457 | L17: 3514 | M17: 3624 | N17: 3680 | O17: 3885 | P17: 4077 | Q17: 4098 | R17: 4145 | S17: 4179 | T17: 2350 | U17: 2771 | V17: 2670 | W17: 2615 | X17: 2497 | Y17: 2610 | Z17: 2681 | AA17: =SUM(C17:Z17) -> 78281 | AB17: 6
A18: 46143 | B18: O | C18: 4237 | D18: 4131 | E18: 4060 | F18: 3964 | G18: 3897 | H18: 3580 | I18: 3020 | J18: 4315 | K18: 4521 | L18: 4709 | M18: 4815 | N18: 5019 | O18: 5293 | P18: 5227 | Q18: 5153 | R18: 5162 | S18: 5141 | T18: 3079 | U18: 3300 | V18: 3362 | W18: 3491 | X18: 3388 | Y18: 3426 | Z18: 3470 | AA18: =SUM(C18:Z18) -> 99760 | AB18: 19 | AC18: =+AA18*AB18+AA19*AB19+AA20*AB20 -> 2929799
B19: S | C19: 4077 | D19: 3964 | E19: 3985 | F19: 3894 | G19: 3847 | H19: 3661 | I19: 2949 | J19: 4027 | K19: 4055 | L19: 4275 | M19: 4437 | N19: 4551 | O19: 4688 | P19: 4596 | Q19: 4560 | R19: 4570 | S19: 4623 | T19: 2812 | U19: 3211 | V19: 3140 | W19: 3068 | X19: 3072 | Y19: 3021 | Z19: 3203 | AA19: =SUM(C19:Z19) -> 92286 | AB19: 5
B20: F | C20: 3644 | D20: 3645 | E20: 3585 | F20: 3523 | G20: 3500 | H20: 3407 | I20: 2596 | J20: 3560 | K20: 3554 | L20: 3621 | M20: 3654 | N20: 3698 | O20: 3908 | P20: 4041 | Q20: 4131 | R20: 4246 | S20: 4198 | T20: 2257 | U20: 2631 | V20: 2743 | W20: 2740 | X20: 2846 | Y20: 2975 | Z20: 3144 | AA20: =SUM(C20:Z20) -> 81847 | AB20: 7
A21: 46174 | B21: O | C21: 4228 | D21: 4224 | E21: 4116 | F21: 4073 | G21: 4072 | H21: 3932 | I21: 3527 | J21: 4864 | K21: 5069 | L21: 5320 | M21: 5482 | N21: 5803 | O21: 5966 | P21: 5792 | Q21: 5818 | R21: 5860 | S21: 5689 | T21: 3793 | U21: 4078 | V21: 4237 | W21: 4266 | X21: 4030 | Y21: 3808 | Z21: 3639 | AA21: =SUM(C21:Z21) -> 111686 | AB21: 19 | AC21: =+AA21*AB21+AA22*AB22+AA23*AB23 -> 3370208
B22: S | C22: 4157 | D22: 4150 | E22: 4016 | F22: 4016 | G22: 4072 | H22: 4018 | I22: 3447 | J22: 4689 | K22: 4831 | L22: 5093 | M22: 5189 | N22: 5414 | O22: 5514 | P22: 5496 | Q22: 5405 | R22: 5469 | S22: 5497 | T22: 3657 | U22: 4025 | V22: 3958 | W22: 3836 | X22: 3736 | Y22: 3570 | Z22: 3482 | AA22: =SUM(C22:Z22) -> 106737 | AB22: 4
B23: F | C23: 4451 | D23: 4367 | E23: 4312 | F23: 4244 | G23: 4284 | H23: 4322 | I23: 4012 | J23: 5189 | K23: 5427 | L23: 5609 | M23: 5700 | N23: 5846 | O23: 5829 | P23: 5917 | Q23: 6108 | R23: 6171 | S23: 6123 | T23: 4223 | U23: 4249 | V23: 4433 | W23: 4359 | X23: 4173 | Y23: 4031 | Z23: 3939 | AA23: =SUM(C23:Z23) -> 117318 | AB23: 7
A24: 46204 | B24: O | C24: 4257 | D24: 4236 | E24: 4128 | F24: 4044 | G24: 4010 | H24: 3836 | I24: 3352 | J24: 4772 | K24: 4981 | L24: 5230 | M24: 5400 | N24: 5697 | O24: 5813 | P24: 5719 | Q24: 5866 | R24: 5929 | S24: 5770 | T24: 3803 | U24: 3977 | V24: 4003 | W24: 4030 | X24: 3879 | Y24: 3665 | Z24: 3581 | AA24: =SUM(C24:Z24) -> 109978 | AB24: 22 | AC24: =+AA24*AB24+AA25*AB25+AA26*AB26 -> 3239178
B25: S | C25: 3628 | D25: 3651 | E25: 3536 | F25: 3501 | G25: 3565 | H25: 3529 | I25: 2885 | J25: 4101 | K25: 4198 | L25: 4398 | M25: 4522 | N25: 4720 | O25: 4840 | P25: 4752 | Q25: 4690 | R25: 4687 | S25: 4754 | T25: 2928 | U25: 3367 | V25: 3210 | W25: 3191 | X25: 3059 | Y25: 2941 | Z25: 2895 | AA25: =SUM(C25:Z25) -> 91548 | AB25: 4
B26: F | C26: 3698 | D26: 3708 | E26: 3652 | F26: 3533 | G26: 3529 | H26: 3422 | I26: 2859 | J26: 3898 | K26: 4001 | L26: 4189 | M26: 4311 | N26: 4416 | O26: 4647 | P26: 4686 | Q26: 4608 | R26: 4562 | S26: 4628 | T26: 2851 | U26: 3182 | V26: 3260 | W26: 3339 | X26: 3251 | Y26: 3261 | Z26: 3203 | AA26: =SUM(C26:Z26) -> 90694 | AB26: 5
A27: 46235 | B27: O | C27: 4174 | D27: 4094 | E27: 4001 | F27: 3905 | G27: 3882 | H27: 3650 | I27: 3155 | J27: 4606 | K27: 4910 | L27: 5139 | M27: 5346 | N27: 5677 | O27: 5806 | P27: 5737 | Q27: 5902 | R27: 5981 | S27: 5919 | T27: 3782 | U27: 3918 | V27: 3832 | W27: 3819 | X27: 3713 | Y27: 3613 | Z27: 3531 | AA27: =SUM(C27:Z27) -> 108092 | AB27: 19 | AC27: =+AA27*AB27+AA28*AB28+AA29*AB29 -> 3279184
B28: S | C28: 4284 | D28: 4230 | E28: 4188 | F28: 4066 | G28: 4071 | H28: 3987 | I28: 3529 | J28: 4668 | K28: 4943 | L28: 5140 | M28: 5225 | N28: 5519 | O28: 5740 | P28: 5491 | Q28: 5691 | R28: 5547 | S28: 5511 | T28: 3690 | U28: 3810 | V28: 3776 | W28: 3667 | X28: 3473 | Y28: 3458 | Z28: 3381 | AA28: =SUM(C28:Z28) -> 107085 | AB28: 5
B29: F | C29: 4197 | D29: 4123 | E29: 3972 | F29: 3900 | G29: 3913 | H29: 3850 | I29: 2964 | J29: 4142 | K29: 4236 | L29: 4399 | M29: 4556 | N29: 4692 | O29: 4860 | P29: 4969 | Q29: 4867 | R29: 4914 | S29: 4990 | T29: 3077 | U29: 3567 | V29: 3744 | W29: 3738 | X29: 3705 | Y29: 3681 | Z29: 3517 | AA29: =SUM(C29:Z29) -> 98573 | AB29: 7
A30: 46266 | B30: O | C30: 4548 | D30: 4402 | E30: 4313 | F30: 4237 | G30: 4184 | H30: 3956 | I30: 3500 | J30: 4968 | K30: 5332 | L30: 5650 | M30: 5842 | N30: 6198 | O30: 6285 | P30: 6225 | Q30: 6399 | R30: 6436 | S30: 6318 | T30: 4203 | U30: 4333 | V30: 4278 | W30: 4280 | X30: 4141 | Y30: 4015 | Z30: 3955 | AA30: =SUM(C30:Z30) -> 117998 | AB30: 22 | AC30: =+AA30*AB30+AA31*AB31+AA32*AB32 -> 3385268
B31: S | C31: 4050 | D31: 3966 | E31: 3895 | F31: 3841 | G31: 3807 | H31: 3655 | I31: 3180 | J31: 4345 | K31: 4702 | L31: 4895 | M31: 5039 | N31: 5172 | O31: 5318 | P31: 5188 | Q31: 5152 | R31: 5208 | S31: 5222 | T31: 3329 | U31: 3558 | V31: 3410 | W31: 3349 | X31: 3267 | Y31: 3213 | Z31: 3247 | AA31: =SUM(C31:Z31) -> 100008 | AB31: 4
B32: F | C32: 4014 | D32: 3972 | E32: 3850 | F32: 3823 | G32: 3843 | H32: 3723 | I32: 3129 | J32: 4226 | K32: 4407 | L32: 4541 | M32: 4665 | N32: 4781 | O32: 4938 | P32: 4960 | Q32: 4934 | R32: 4876 | S32: 4876 | T32: 3125 | U32: 3667 | V32: 3450 | W32: 3424 | X32: 3311 | Y32: 3348 | Z32: 3437 | AA32: =SUM(C32:Z32) -> 97320 | AB32: 4
A33: 46296 | B33: O | C33: 3977 | D33: 3866 | E33: 3778 | F33: 3737 | G33: 3677 | H33: 3475 | I33: 3162 | J33: 4526 | K33: 4837 | L33: 5049 | M33: 5259 | N33: 5513 | O33: 5642 | P33: 5593 | Q33: 5757 | R33: 5785 | S33: 5640 | T33: 3527 | U33: 3581 | V33: 3398 | W33: 3387 | X33: 3264 | Y33: 3224 | Z33: 3240 | AA33: =SUM(C33:Z33) -> 102894 | AB33: 21 | AC33: =+AA33*AB33+AA34*AB34+AA35*AB35 -> 3124074
B34: S | C34: 4138 | D34: 4045 | E34: 3947 | F34: 3870 | G34: 3901 | H34: 3745 | I34: 3377 | J34: 4649 | K34: 4950 | L34: 5204 | M34: 5331 | N34: 5500 | O34: 5617 | P34: 5443 | Q34: 5447 | R34: 5413 | S34: 5351 | T34: 3657 | U34: 3886 | V34: 3736 | W34: 3598 | X34: 3430 | Y34: 3388 | Z34: 3393 | AA34: =SUM(C34:Z34) -> 105016 | AB34: 5
B35: F | C35: 3709 | D35: 3577 | E35: 3553 | F35: 3469 | G35: 3454 | H35: 3359 | I35: 2895 | J35: 3946 | K35: 4019 | L35: 4219 | M35: 4331 | N35: 4401 | O35: 4507 | P35: 4610 | Q35: 4572 | R35: 4485 | S35: 4502 | T35: 2683 | U35: 2858 | V35: 2831 | W35: 2846 | X35: 2852 | Y35: 2970 | Z35: 2996 | AA35: =SUM(C35:Z35) -> 87644 | AB35: 5
A36: 46327 | B36: O | C36: 3452 | D36: 3457 | E36: 3392 | F36: 3325 | G36: 3290 | H36: 3080 | I36: 2877 | J36: 4165 | K36: 4395 | L36: 4535 | M36: 4624 | N36: 4860 | O36: 4976 | P36: 4924 | Q36: 4998 | R36: 5031 | S36: 4884 | T36: 2860 | U36: 2714 | V36: 2534 | W36: 2585 | X36: 2518 | Y36: 2563 | Z36: 2633 | AA36: =SUM(C36:Z36) -> 88672 | AB36: 19 | AC36: =+AA36*AB36+AA37*AB37+AA38*AB38 -> 2579989
B37: S | C37: 3274 | D37: 3244 | E37: 3188 | F37: 3165 | G37: 3156 | H37: 3112 | I37: 2924 | J37: 4063 | K37: 4211 | L37: 4316 | M37: 4330 | N37: 4435 | O37: 4615 | P37: 4615 | Q37: 4605 | R37: 4674 | S37: 4642 | T37: 2646 | U37: 2721 | V37: 2631 | W37: 2523 | X37: 2421 | Y37: 2531 | Z37: 2612 | AA37: =SUM(C37:Z37) -> 84654 | AB37: 4
B38: F | C38: 3184 | D38: 3258 | E38: 3152 | F38: 3062 | G38: 3079 | H38: 3058 | I38: 2686 | J38: 3712 | K38: 3816 | L38: 3990 | M38: 4063 | N38: 4070 | O38: 4249 | P38: 4360 | Q38: 4245 | R38: 4251 | S38: 4251 | T38: 2214 | U38: 2396 | V38: 2276 | W38: 2376 | X38: 2378 | Y38: 2612 | Z38: 2777 | AA38: =SUM(C38:Z38) -> 79515 | AB38: 7
A39: 46357 | B39: O | C39: 4014 | D39: 3992 | E39: 3875 | F39: 3793 | G39: 3798 | H39: 3871 | I39: 3897 | J39: 5233 | K39: 5655 | L39: 5959 | M39: 6239 | N39: 6550 | O39: 6619 | P39: 6528 | Q39: 6717 | R39: 6703 | S39: 6535 | T39: 4478 | U39: 4208 | V39: 4039 | W39: 3860 | X39: 3696 | Y39: 3553 | Z39: 3452 | AA39: =SUM(C39:Z39) -> 117264 | AB39: 21 | AC39: =+AA39*AB39+AA40*AB40+AA41*AB41 -> 3523726
B40: S | C40: 4421 | D40: 4238 | E40: 4155 | F40: 4091 | G40: 4147 | H40: 4161 | I40: 4171 | J40: 5476 | K40: 5918 | L40: 6199 | M40: 6505 | N40: 6728 | O40: 6611 | P40: 6439 | Q40: 6437 | R40: 6366 | S40: 6360 | T40: 4639 | U40: 4587 | V40: 4327 | W40: 4065 | X40: 3752 | Y40: 3545 | Z40: 3479 | AA40: =SUM(C40:Z40) -> 120817 | AB40: 4
B41: F | C41: 3308 | D41: 3294 | E41: 3271 | F41: 3282 | G41: 3329 | H41: 3422 | I41: 3397 | J41: 4521 | K41: 4739 | L41: 4983 | M41: 5185 | N41: 5361 | O41: 5417 | P41: 5379 | Q41: 5246 | R41: 5172 | S41: 5175 | T41: 3381 | U41: 3279 | V41: 3185 | W41: 3144 | X41: 3024 | Y41: 2947 | Z41: 2878 | AA41: =SUM(C41:Z41) -> 96319 | AB41: 6
A42: TOTAL AÑO | C42: =+SUM(C6:C41) -> 142375 | D42: =+SUM(D6:D41) -> 140434 | E42: =+SUM(E6:E41) -> 137447 | F42: =+SUM(F6:F41) -> 135195 | G42: =+SUM(G6:G41) -> 134563 | H42: =+SUM(H6:H41) -> 131227 | I42: =+SUM(I6:I41) -> 114262 | J42: =+SUM(J6:J41) -> 156790 | ... AC42: =+SUM(AC6:AC41) -> 37564391

Sheet Cantidades Ofertadas Prod 1
A1: CANTIDADES OFERTADAS PRODUCTO 1 AÑO 2026 MODALIDAD PAGUE LO CONTRATADO - kWh
A4: Periodo | B4: Tipo de día | C4: H01 | D4: H02 | E4: H03 | F4: H04 | G4: H05 | H4: H06 | I4: H07 | J4: H08 | K4: H09 | L4: H10 | M4: H11 | N4: H12 | O4: H13 | P4: H14 | Q4: H15 | R4: H16 | S4: H17 | T4: H18 | U4: H19 | V4: H20 | W4: H21 | X4: H22 | Y4: H23 | Z4: H24 | AA4: TOTAL DÍA | AB4: Días/ | AC4: TOTAL MES
AB5: mes
A6: 46023 | B6: O | C6: =ROUND('Anexo 11'!C6*'Anexo 1'!$D$10,0) -> 0 | D6: =ROUND('Anexo 11'!D6*'Anexo 1'!$D$10,0) -> 0 | E6: =ROUND('Anexo 11'!E6*'Anexo 1'!$D$10,0) -> 0 | F6: =ROUND('Anexo 11'!F6*'Anexo 1'!$D$10,0) -> 0 | G6: =ROUND('Anexo 11'!G6*'Anexo 1'!$D$10,0) -> 0 | H6: =ROUND('Anexo 11'!H6*'Anexo 1'!$D$10,0) -> 0 | I6: =ROUND('Anexo 11'!I6*'Anexo 1'!$D$10,0) -> 0 | J6: =ROUND('Anexo 11'!J6*'Anexo 1'!$D$10,0) -> 0 | ... Z6: =ROUND('Anexo 11'!Z6*'Anexo 1'!$D$10,0) -> 0 | AA6: =SUM(C6:Z6) -> 0 | AB6: 20 | AC6: =+AA6*AB6+AA7*AB7+AA8*AB8 -> 0
B7: S | C7: =ROUND('Anexo 11'!C7*'Anexo 1'!$D$10,0) -> 0 | D7: =ROUND('Anexo 11'!D7*'Anexo 1'!$D$10,0) -> 0 | E7: =ROUND('Anexo 11'!E7*'Anexo 1'!$D$10,0) -> 0 | F7: =ROUND('Anexo 11'!F7*'Anexo 1'!$D$10,0) -> 0 | G7: =ROUND('Anexo 11'!G7*'Anexo 1'!$D$10,0) -> 0 | H7: =ROUND('Anexo 11'!H7*'Anexo 1'!$D$10,0) -> 0 | I7: =ROUND('Anexo 11'!I7*'Anexo 1'!$D$10,0) -> 0 | J7: =ROUND('Anexo 11'!J7*'Anexo 1'!$D$10,0) -> 0 | ... Z7: =ROUND('Anexo 11'!Z7*'Anexo 1'!$D$10,0) -> 0 | AA7: =SUM(C7:Z7) -> 0 | AB7: 5
B8: F | C8: =ROUND('Anexo 11'!C8*'Anexo 1'!$D$10,0) -> 0 | D8: =ROUND('Anexo 11'!D8*'Anexo 1'!$D$10,0) -> 0 | E8: =ROUND('Anexo 11'!E8*'Anexo 1'!$D$10,0) -> 0 | F8: =ROUND('Anexo 11'!F8*'Anexo 1'!$D$10,0) -> 0 | G8: =ROUND('Anexo 11'!G8*'Anexo 1'!$D$10,0) -> 0 | H8: =ROUND('Anexo 11'!H8*'Anexo 1'!$D$10,0) -> 0 | I8: =ROUND('Anexo 11'!I8*'Anexo 1'!$D$10,0) -> 0 | J8: =ROUND('Anexo 11'!J8*'Anexo 1'!$D$10,0) -> 0 | ... Z8: =ROUND('Anexo 11'!Z8*'Anexo 1'!$D$10,0) -> 0 | AA8: =SUM(C8:Z8) -> 0 | AB8: 6
A9: 46054 | B9: O | C9: =ROUND('Anexo 11'!C9*'Anexo 1'!$D$10,0) -> 0 | D9: =ROUND('Anexo 11'!D9*'Anexo 1'!$D$10,0) -> 0 | E9: =ROUND('Anexo 11'!E9*'Anexo 1'!$D$10,0) -> 0 | F9: =ROUND('Anexo 11'!F9*'Anexo 1'!$D$10,0) -> 0 | G9: =ROUND('Anexo 11'!G9*'Anexo 1'!$D$10,0) -> 0 | H9: =ROUND('Anexo 11'!H9*'Anexo 1'!$D$10,0) -> 0 | I9: =ROUND('Anexo 11'!I9*'Anexo 1'!$D$10,0) -> 0 | J9: =ROUND('Anexo 11'!J9*'Anexo 1'!$D$10,0) -> 0 | ... Z9: =ROUND('Anexo 11'!Z9*'Anexo 1'!$D$10,0) -> 0 | AA9: =SUM(C9:Z9) -> 0 | AB9: 20 | AC9: =+AA9*AB9+AA10*AB10+AA11*AB11 -> 0
B10: S | C10: =ROUND('Anexo 11'!C10*'Anexo 1'!$D$10,0) -> 0 | D10: =ROUND('Anexo 11'!D10*'Anexo 1'!$D$10,0) -> 0 | E10: =ROUND('Anexo 11'!E10*'Anexo 1'!$D$10,0) -> 0 | F10: =ROUND('Anexo 11'!F10*'Anexo 1'!$D$10,0) -> 0 | G10: =ROUND('Anexo 11'!G10*'Anexo 1'!$D$10,0) -> 0 | H10: =ROUND('Anexo 11'!H10*'Anexo 1'!$D$10,0) -> 0 | I10: =ROUND('Anexo 11'!I10*'Anexo 1'!$D$10,0) -> 0 | J10: =ROUND('Anexo 11'!J10*'Anexo 1'!$D$10,0) -> 0 | ... Z10: =ROUND('Anexo 11'!Z10*'Anexo 1'!$D$10,0) -> 0 | AA10: =SUM(C10:Z10) -> 0 | AB10: 4
B11: F | C11: =ROUND('Anexo 11'!C11*'Anexo 1'!$D$10,0) -> 0 | D11: =ROUND('Anexo 11'!D11*'Anexo 1'!$D$10,0) -> 0 | E11: =ROUND('Anexo 11'!E11*'Anexo 1'!$D$10,0) -> 0 | F11: =ROUND('Anexo 11'!F11*'Anexo 1'!$D$10,0) -> 0 | G11: =ROUND('Anexo 11'!G11*'Anexo 1'!$D$10,0) -> 0 | H11: =ROUND('Anexo 11'!H11*'Anexo 1'!$D$10,0) -> 0 | I11: =ROUND('Anexo 11'!I11*'Anexo 1'!$D$10,0) -> 0 | J11: =ROUND('Anexo 11'!J11*'Anexo 1'!$D$10,0) -> 0 | ... Z11: =ROUND('Anexo 11'!Z11*'Anexo 1'!$D$10,0) -> 0 | AA11: =SUM(C11:Z11) -> 0 | AB11: 4
A12: 46082 | B12: O | C12: =ROUND('Anexo 11'!C12*'Anexo 1'!$D$10,0) -> 0 | D12: =ROUND('Anexo 11'!D12*'Anexo 1'!$D$10,0) -> 0 | E12: =ROUND('Anexo 11'!E12*'Anexo 1'!$D$10,0) -> 0 | F12: =ROUND('Anexo 11'!F12*'Anexo 1'!$D$10,0) -> 0 | G12: =ROUND('Anexo 11'!G12*'Anexo 1'!$D$10,0) -> 0 | H12: =ROUND('Anexo 11'!H12*'Anexo 1'!$D$10,0) -> 0 | I12: =ROUND('Anexo 11'!I12*'Anexo 1'!$D$10,0) -> 0 | J12: =ROUND('Anexo 11'!J12*'Anexo 1'!$D$10,0) -> 0 | ... Z12: =ROUND('Anexo 11'!Z12*'Anexo 1'!$D$10,0) -> 0 | AA12: =SUM(C12:Z12) -> 0 | AB12: 21 | AC12: =+AA12*AB12+AA13*AB13+AA14*AB14 -> 0
B13: S | C13: =ROUND('Anexo 11'!C13*'Anexo 1'!$D$10,0) -> 0 | D13: =ROUND('Anexo 11'!D13*'Anexo 1'!$D$10,0) -> 0 | E13: =ROUND('Anexo 11'!E13*'Anexo 1'!$D$10,0) -> 0 | F13: =ROUND('Anexo 11'!F13*'Anexo 1'!$D$10,0) -> 0 | G13: =ROUND('Anexo 11'!G13*'Anexo 1'!$D$10,0) -> 0 | H13: =ROUND('Anexo 11'!H13*'Anexo 1'!$D$10,0) -> 0 | I13: =ROUND('Anexo 11'!I13*'Anexo 1'!$D$10,0) -> 0 | J13: =ROUND('Anexo 11'!J13*'Anexo 1'!$D$10,0) -> 0 | ... Z13: =ROUND('Anexo 11'!Z13*'Anexo 1'!$D$10,0) -> 0 | AA13: =SUM(C13:Z13) -> 0 | AB13: 4
B14: F | C14: =ROUND('Anexo 11'!C14*'Anexo 1'!$D$10,0) -> 0 | D14: =ROUND('Anexo 11'!D14*'Anexo 1'!$D$10,0) -> 0 | E14: =ROUND('Anexo 11'!E14*'Anexo 1'!$D$10,0) -> 0 | F14: =ROUND('Anexo 11'!F14*'Anexo 1'!$D$10,0) -> 0 | G14: =ROUND('Anexo 11'!G14*'Anexo 1'!$D$10,0) -> 0 | H14: =ROUND('Anexo 11'!H14*'Anexo 1'!$D$10,0) -> 0 | I14: =ROUND('Anexo 11'!I14*'Anexo 1'!$D$10,0) -> 0 | J14: =ROUND('Anexo 11'!J14*'Anexo 1'!$D$10,0) -> 0 | ... Z14: =ROUND('Anexo 11'!Z14*'Anexo 1'!$D$10,0) -> 0 | AA14: =SUM(C14:Z14) -> 0 | AB14: 6
A15: 46113 | B15: O | C15: =ROUND('Anexo 11'!C15*'Anexo 1'!$D$10,0) -> 0 | D15: =ROUND('Anexo 11'!D15*'Anexo 1'!$D$10,0) -> 0 | E15: =ROUND('Anexo 11'!E15*'Anexo 1'!$D$10,0) -> 0 | F15: =ROUND('Anexo 11'!F15*'Anexo 1'!$D$10,0) -> 0 | G15: =ROUND('Anexo 11'!G15*'Anexo 1'!$D$10,0) -> 0 | H15: =ROUND('Anexo 11'!H15*'Anexo 1'!$D$10,0) -> 0 | I15: =ROUND('Anexo 11'!I15*'Anexo 1'!$D$10,0) -> 0 | J15: =ROUND('Anexo 11'!J15*'Anexo 1'!$D$10,0) -> 0 | ... Z15: =ROUND('Anexo 11'!Z15*'Anexo 1'!$D$10,0) -> 0 | AA15: =SUM(C15:Z15) -> 0 | AB15: 20 | AC15: =+AA15*AB15+AA16*AB16+AA17*AB17 -> 0
B16: S | C16: =ROUND('Anexo 11'!C16*'Anexo 1'!$D$10,0) -> 0 | D16: =ROUND('Anexo 11'!D16*'Anexo 1'!$D$10,0) -> 0 | E16: =ROUND('Anexo 11'!E16*'Anexo 1'!$D$10,0) -> 0 | F16: =ROUND('Anexo 11'!F16*'Anexo 1'!$D$10,0) -> 0 | G16: =ROUND('Anexo 11'!G16*'Anexo 1'!$D$10,0) -> 0 | H16: =ROUND('Anexo 11'!H16*'Anexo 1'!$D$10,0) -> 0 | I16: =ROUND('Anexo 11'!I16*'Anexo 1'!$D$10,0) -> 0 | J16: =ROUND('Anexo 11'!J16*'Anexo 1'!$D$10,0) -> 0 | ... Z16: =ROUND('Anexo 11'!Z16*'Anexo 1'!$D$10,0) -> 0 | AA16: =SUM(C16:Z16) -> 0 | AB16: 4
B17: F | C17: =ROUND('Anexo 11'!C17*'Anexo 1'!$D$10,0) -> 0 | D17: =ROUND('Anexo 11'!D17*'Anexo 1'!$D$10,0) -> 0 | E17: =ROUND('Anexo 11'!E17*'Anexo 1'!$D$10,0) -> 0 | F17: =ROUND('Anexo 11'!F17*'Anexo 1'!$D$10,0) -> 0 | G17: =ROUND('Anexo 11'!G17*'Anexo 1'!$D$10,0) -> 0 | H17: =ROUND('Anexo 11'!H17*'Anexo 1'!$D$10,0) -> 0 | I17: =ROUND('Anexo 11'!I17*'Anexo 1'!$D$10,0) -> 0 | J17: =ROUND('Anexo 11'!J17*'Anexo 1'!$D$10,0) -> 0 | ... Z17: =ROUND('Anexo 11'!Z17*'Anexo 1'!$D$10,0) -> 0 | AA17: =SUM(C17:Z17) -> 0 | AB17: 6
A18: 46143 | B18: O | C18: =ROUND('Anexo 11'!C18*'Anexo 1'!$D$10,0) -> 0 | D18: =ROUND('Anexo 11'!D18*'Anexo 1'!$D$10,0) -> 0 | E18: =ROUND('Anexo 11'!E18*'Anexo 1'!$D$10,0) -> 0 | F18: =ROUND('Anexo 11'!F18*'Anexo 1'!$D$10,0) -> 0 | G18: =ROUND('Anexo 11'!G18*'Anexo 1'!$D$10,0) -> 0 | H18: =ROUND('Anexo 11'!H18*'Anexo 1'!$D$10,0) -> 0 | I18: =ROUND('Anexo 11'!I18*'Anexo 1'!$D$10,0) -> 0 | J18: =ROUND('Anexo 11'!J18*'Anexo 1'!$D$10,0) -> 0 | ... Z18: =ROUND('Anexo 11'!Z18*'Anexo 1'!$D$10,0) -> 0 | AA18: =SUM(C18:Z18) -> 0 | AB18: 19 | AC18: =+AA18*AB18+AA19*AB19+AA20*AB20 -> 0
B19: S | C19: =ROUND('Anexo 11'!C19*'Anexo 1'!$D$10,0) -> 0 | D19: =ROUND('Anexo 11'!D19*'Anexo 1'!$D$10,0) -> 0 | E19: =ROUND('Anexo 11'!E19*'Anexo 1'!$D$10,0) -> 0 | F19: =ROUND('Anexo 11'!F19*'Anexo 1'!$D$10,0) -> 0 | G19: =ROUND('Anexo 11'!G19*'Anexo 1'!$D$10,0) -> 0 | H19: =ROUND('Anexo 11'!H19*'Anexo 1'!$D$10,0) -> 0 | I19: =ROUND('Anexo 11'!I19*'Anexo 1'!$D$10,0) -> 0 | J19: =ROUND('Anexo 11'!J19*'Anexo 1'!$D$10,0) -> 0 | ... Z19: =ROUND('Anexo 11'!Z19*'Anexo 1'!$D$10,0) -> 0 | AA19: =SUM(C19:Z19) -> 0 | AB19: 5
B20: F | C20: =ROUND('Anexo 11'!C20*'Anexo 1'!$D$10,0) -> 0 | D20: =ROUND('Anexo 11'!D20*'Anexo 1'!$D$10,0) -> 0 | E20: =ROUND('Anexo 11'!E20*'Anexo 1'!$D$10,0) -> 0 | F20: =ROUND('Anexo 11'!F20*'Anexo 1'!$D$10,0) -> 0 | G20: =ROUND('Anexo 11'!G20*'Anexo 1'!$D$10,0) -> 0 | H20: =ROUND('Anexo 11'!H20*'Anexo 1'!$D$10,0) -> 0 | I20: =ROUND('Anexo 11'!I20*'Anexo 1'!$D$10,0) -> 0 | J20: =ROUND('Anexo 11'!J20*'Anexo 1'!$D$10,0) -> 0 | ... Z20: =ROUND('Anexo 11'!Z20*'Anexo 1'!$D$10,0) -> 0 | AA20: =SUM(C20:Z20) -> 0 | AB20: 7
A21: 46174 | B21: O | C21: =ROUND('Anexo 11'!C21*'Anexo 1'!$D$10,0) -> 0 | D21: =ROUND('Anexo 11'!D21*'Anexo 1'!$D$10,0) -> 0 | E21: =ROUND('Anexo 11'!E21*'Anexo 1'!$D$10,0) -> 0 | F21: =ROUND('Anexo 11'!F21*'Anexo 1'!$D$10,0) -> 0 | G21: =ROUND('Anexo 11'!G21*'Anexo 1'!$D$10,0) -> 0 | H21: =ROUND('Anexo 11'!H21*'Anexo 1'!$D$10,0) -> 0 | I21: =ROUND('Anexo 11'!I21*'Anexo 1'!$D$10,0) -> 0 | J21: =ROUND('Anexo 11'!J21*'Anexo 1'!$D$10,0) -> 0 | ... Z21: =ROUND('Anexo 11'!Z21*'Anexo 1'!$D$10,0) -> 0 | AA21: =SUM(C21:Z21) -> 0 | AB21: 19 | AC21: =+AA21*AB21+AA22*AB22+AA23*AB23 -> 0
B22: S | C22: =ROUND('Anexo 11'!C22*'Anexo 1'!$D$10,0) -> 0 | D22: =ROUND('Anexo 11'!D22*'Anexo 1'!$D$10,0) -> 0 | E22: =ROUND('Anexo 11'!E22*'Anexo 1'!$D$10,0) -> 0 | F22: =ROUND('Anexo 11'!F22*'Anexo 1'!$D$10,0) -> 0 | G22: =ROUND('Anexo 11'!G22*'Anexo 1'!$D$10,0) -> 0 | H22: =ROUND('Anexo 11'!H22*'Anexo 1'!$D$10,0) -> 0 | I22: =ROUND('Anexo 11'!I22*'Anexo 1'!$D$10,0) -> 0 | J22: =ROUND('Anexo 11'!J22*'Anexo 1'!$D$10,0) -> 0 | ... Z22: =ROUND('Anexo 11'!Z22*'Anexo 1'!$D$10,0) -> 0 | AA22: =SUM(C22:Z22) -> 0 | AB22: 4
B23: F | C23: =ROUND('Anexo 11'!C23*'Anexo 1'!$D$10,0) -> 0 | D23: =ROUND('Anexo 11'!D23*'Anexo 1'!$D$10,0) -> 0 | E23: =ROUND('Anexo 11'!E23*'Anexo 1'!$D$10,0) -> 0 | F23: =ROUND('Anexo 11'!F23*'Anexo 1'!$D$10,0) -> 0 | G23: =ROUND('Anexo 11'!G23*'Anexo 1'!$D$10,0) -> 0 | H23: =ROUND('Anexo 11'!H23*'Anexo 1'!$D$10,0) -> 0 | I23: =ROUND('Anexo 11'!I23*'Anexo 1'!$D$10,0) -> 0 | J23: =ROUND('Anexo 11'!J23*'Anexo 1'!$D$10,0) -> 0 | ... Z23: =ROUND('Anexo 11'!Z23*'Anexo 1'!$D$10,0) -> 0 | AA23: =SUM(C23:Z23) -> 0 | AB23: 7
A24: 46204 | B24: O | C24: =ROUND('Anexo 11'!C24*'Anexo 1'!$D$10,0) -> 0 | D24: =ROUND('Anexo 11'!D24*'Anexo 1'!$D$10,0) -> 0 | E24: =ROUND('Anexo 11'!E24*'Anexo 1'!$D$10,0) -> 0 | F24: =ROUND('Anexo 11'!F24*'Anexo 1'!$D$10,0) -> 0 | G24: =ROUND('Anexo 11'!G24*'Anexo 1'!$D$10,0) -> 0 | H24: =ROUND('Anexo 11'!H24*'Anexo 1'!$D$10,0) -> 0 | I24: =ROUND('Anexo 11'!I24*'Anexo 1'!$D$10,0) -> 0 | J24: =ROUND('Anexo 11'!J24*'Anexo 1'!$D$10,0) -> 0 | ... Z24: =ROUND('Anexo 11'!Z24*'Anexo 1'!$D$10,0) -> 0 | AA24: =SUM(C24:Z24) -> 0 | AB24: 22 | AC24: =+AA24*AB24+AA25*AB25+AA26*AB26 -> 0
B25: S | C25: =ROUND('Anexo 11'!C25*'Anexo 1'!$D$10,0) -> 0 | D25: =ROUND('Anexo 11'!D25*'Anexo 1'!$D$10,0) -> 0 | E25: =ROUND('Anexo 11'!E25*'Anexo 1'!$D$10,0) -> 0 | F25: =ROUND('Anexo 11'!F25*'Anexo 1'!$D$10,0) -> 0 | G25: =ROUND('Anexo 11'!G25*'Anexo 1'!$D$10,0) -> 0 | H25: =ROUND('Anexo 11'!H25*'Anexo 1'!$D$10,0) -> 0 | I25: =ROUND('Anexo 11'!I25*'Anexo 1'!$D$10,0) -> 0 | J25: =ROUND('Anexo 11'!J25*'Anexo 1'!$D$10,0) -> 0 | ... Z25: =ROUND('Anexo 11'!Z25*'Anexo 1'!$D$10,0) -> 0 | AA25: =SUM(C25:Z25) -> 0 | AB25: 4
B26: F | C26: =ROUND('Anexo 11'!C26*'Anexo 1'!$D$10,0) -> 0 | D26: =ROUND('Anexo 11'!D26*'Anexo 1'!$D$10,0) -> 0 | E26: =ROUND('Anexo 11'!E26*'Anexo 1'!$D$10,0) -> 0 | F26: =ROUND('Anexo 11'!F26*'Anexo 1'!$D$10,0) -> 0 | G26: =ROUND('Anexo 11'!G26*'Anexo 1'!$D$10,0) -> 0 | H26: =ROUND('Anexo 11'!H26*'Anexo 1'!$D$10,0) -> 0 | I26: =ROUND('Anexo 11'!I26*'Anexo 1'!$D$10,0) -> 0 | J26: =ROUND('Anexo 11'!J26*'Anexo 1'!$D$10,0) -> 0 | ... Z26: =ROUND('Anexo 11'!Z26*'Anexo 1'!$D$10,0) -> 0 | AA26: =SUM(C26:Z26) -> 0 | AB26: 5
A27: 46235 | B27: O | C27: =ROUND('Anexo 11'!C27*'Anexo 1'!$D$10,0) -> 0 | D27: =ROUND('Anexo 11'!D27*'Anexo 1'!$D$10,0) -> 0 | E27: =ROUND('Anexo 11'!E27*'Anexo 1'!$D$10,0) -> 0 | F27: =ROUND('Anexo 11'!F27*'Anexo 1'!$D$10,0) -> 0 | G27: =ROUND('Anexo 11'!G27*'Anexo 1'!$D$10,0) -> 0 | H27: =ROUND('Anexo 11'!H27*'Anexo 1'!$D$10,0) -> 0 | I27: =ROUND('Anexo 11'!I27*'Anexo 1'!$D$10,0) -> 0 | J27: =ROUND('Anexo 11'!J27*'Anexo 1'!$D$10,0) -> 0 | ... Z27: =ROUND('Anexo 11'!Z27*'Anexo 1'!$D$10,0) -> 0 | AA27: =SUM(C27:Z27) -> 0 | AB27: 19 | AC27: =+AA27*AB27+AA28*AB28+AA29*AB29 -> 0
B28: S | C28: =ROUND('Anexo 11'!C28*'Anexo 1'!$D$10,0) -> 0 | D28: =ROUND('Anexo 11'!D28*'Anexo 1'!$D$10,0) -> 0 | E28: =ROUND('Anexo 11'!E28*'Anexo 1'!$D$10,0) -> 0 | F28: =ROUND('Anexo 11'!F28*'Anexo 1'!$D$10,0) -> 0 | G28: =ROUND('Anexo 11'!G28*'Anexo 1'!$D$10,0) -> 0 | H28: =ROUND('Anexo 11'!H28*'Anexo 1'!$D$10,0) -> 0 | I28: =ROUND('Anexo 11'!I28*'Anexo 1'!$D$10,0) -> 0 | J28: =ROUND('Anexo 11'!J28*'Anexo 1'!$D$10,0) -> 0 | ... Z28: =ROUND('Anexo 11'!Z28*'Anexo 1'!$D$10,0) -> 0 | AA28: =SUM(C28:Z28) -> 0 | AB28: 5
B29: F | C29: =ROUND('Anexo 11'!C29*'Anexo 1'!$D$10,0) -> 0 | D29: =ROUND('Anexo 11'!D29*'Anexo 1'!$D$10,0) -> 0 | E29: =ROUND('Anexo 11'!E29*'Anexo 1'!$D$10,0) -> 0 | F29: =ROUND('Anexo 11'!F29*'Anexo 1'!$D$10,0) -> 0 | G29: =ROUND('Anexo 11'!G29*'Anexo 1'!$D$10,0) -> 0 | H29: =ROUND('Anexo 11'!H29*'Anexo 1'!$D$10,0) -> 0 | I29: =ROUND('Anexo 11'!I29*'Anexo 1'!$D$10,0) -> 0 | J29: =ROUND('Anexo 11'!J29*'Anexo 1'!$D$10,0) -> 0 | ... Z29: =ROUND('Anexo 11'!Z29*'Anexo 1'!$D$10,0) -> 0 | AA29: =SUM(C29:Z29) -> 0 | AB29: 7
A30: 46266 | B30: O | C30: =ROUND('Anexo 11'!C30*'Anexo 1'!$D$10,0) -> 0 | D30: =ROUND('Anexo 11'!D30*'Anexo 1'!$D$10,0) -> 0 | E30: =ROUND('Anexo 11'!E30*'Anexo 1'!$D$10,0) -> 0 | F30: =ROUND('Anexo 11'!F30*'Anexo 1'!$D$10,0) -> 0 | G30: =ROUND('Anexo 11'!G30*'Anexo 1'!$D$10,0) -> 0 | H30: =ROUND('Anexo 11'!H30*'Anexo 1'!$D$10,0) -> 0 | I30: =ROUND('Anexo 11'!I30*'Anexo 1'!$D$10,0) -> 0 | J30: =ROUND('Anexo 11'!J30*'Anexo 1'!$D$10,0) -> 0 | ... Z30: =ROUND('Anexo 11'!Z30*'Anexo 1'!$D$10,0) -> 0 | AA30: =SUM(C30:Z30) -> 0 | AB30: 22 | AC30: =+AA30*AB30+AA31*AB31+AA32*AB32 -> 0
B31: S | C31: =ROUND('Anexo 11'!C31*'Anexo 1'!$D$10,0) -> 0 | D31: =ROUND('Anexo 11'!D31*'Anexo 1'!$D$10,0) -> 0 | E31: =ROUND('Anexo 11'!E31*'Anexo 1'!$D$10,0) -> 0 | F31: =ROUND('Anexo 11'!F31*'Anexo 1'!$D$10,0) -> 0 | G31: =ROUND('Anexo 11'!G31*'Anexo 1'!$D$10,0) -> 0 | H31: =ROUND('Anexo 11'!H31*'Anexo 1'!$D$10,0) -> 0 | I31: =ROUND('Anexo 11'!I31*'Anexo 1'!$D$10,0) -> 0 | J31: =ROUND('Anexo 11'!J31*'Anexo 1'!$D$10,0) -> 0 | ... Z31: =ROUND('Anexo 11'!Z31*'Anexo 1'!$D$10,0) -> 0 | AA31: =SUM(C31:Z31) -> 0 | AB31: 4
B32: F | C32: =ROUND('Anexo 11'!C32*'Anexo 1'!$D$10,0) -> 0 | D32: =ROUND('Anexo 11'!D32*'Anexo 1'!$D$10,0) -> 0 | E32: =ROUND('Anexo 11'!E32*'Anexo 1'!$D$10,0) -> 0 | F32: =ROUND('Anexo 11'!F32*'Anexo 1'!$D$10,0) -> 0 | G32: =ROUND('Anexo 11'!G32*'Anexo 1'!$D$10,0) -> 0 | H32: =ROUND('Anexo 11'!H32*'Anexo 1'!$D$10,0) -> 0 | I32: =ROUND('Anexo 11'!I32*'Anexo 1'!$D$10,0) -> 0 | J32: =ROUND('Anexo 11'!J32*'Anexo 1'!$D$10,0) -> 0 | ... Z32: =ROUND('Anexo 11'!Z32*'Anexo 1'!$D$10,0) -> 0 | AA32: =SUM(C32:Z32) -> 0 | AB32: 4
A33: 46296 | B33: O | C33: =ROUND('Anexo 11'!C33*'Anexo 1'!$D$10,0) -> 0 | D33: =ROUND('Anexo 11'!D33*'Anexo 1'!$D$10,0) -> 0 | E33: =ROUND('Anexo 11'!E33*'Anexo 1'!$D$10,0) -> 0 | F33: =ROUND('Anexo 11'!F33*'Anexo 1'!$D$10,0) -> 0 | G33: =ROUND('Anexo 11'!G33*'Anexo 1'!$D$10,0) -> 0 | H33: =ROUND('Anexo 11'!H33*'Anexo 1'!$D$10,0) -> 0 | I33: =ROUND('Anexo 11'!I33*'Anexo 1'!$D$10,0) -> 0 | J33: =ROUND('Anexo 11'!J33*'Anexo 1'!$D$10,0) -> 0 | ... Z33: =ROUND('Anexo 11'!Z33*'Anexo 1'!$D$10,0) -> 0 | AA33: =SUM(C33:Z33) -> 0 | AB33: 21 | AC33: =+AA33*AB33+AA34*AB34+AA35*AB35 -> 0
B34: S | C34: =ROUND('Anexo 11'!C34*'Anexo 1'!$D$10,0) -> 0 | D34: =ROUND('Anexo 11'!D34*'Anexo 1'!$D$10,0) -> 0 | E34: =ROUND('Anexo 11'!E34*'Anexo 1'!$D$10,0) -> 0 | F34: =ROUND('Anexo 11'!F34*'Anexo 1'!$D$10,0) -> 0 | G34: =ROUND('Anexo 11'!G34*'Anexo 1'!$D$10,0) -> 0 | H34: =ROUND('Anexo 11'!H34*'Anexo 1'!$D$10,0) -> 0 | I34: =ROUND('Anexo 11'!I34*'Anexo 1'!$D$10,0) -> 0 | J34: =ROUND('Anexo 11'!J34*'Anexo 1'!$D$10,0) -> 0 | ... Z34: =ROUND('Anexo 11'!Z34*'Anexo 1'!$D$10,0) -> 0 | AA34: =SUM(C34:Z34) -> 0 | AB34: 5
B35: F | C35: =ROUND('Anexo 11'!C35*'Anexo 1'!$D$10,0) -> 0 | D35: =ROUND('Anexo 11'!D35*'Anexo 1'!$D$10,0) -> 0 | E35: =ROUND('Anexo 11'!E35*'Anexo 1'!$D$10,0) -> 0 | F35: =ROUND('Anexo 11'!F35*'Anexo 1'!$D$10,0) -> 0 | G35: =ROUND('Anexo 11'!G35*'Anexo 1'!$D$10,0) -> 0 | H35: =ROUND('Anexo 11'!H35*'Anexo 1'!$D$10,0) -> 0 | I35: =ROUND('Anexo 11'!I35*'Anexo 1'!$D$10,0) -> 0 | J35: =ROUND('Anexo 11'!J35*'Anexo 1'!$D$10,0) -> 0 | ... Z35: =ROUND('Anexo 11'!Z35*'Anexo 1'!$D$10,0) -> 0 | AA35: =SUM(C35:Z35) -> 0 | AB35: 5
A36: 46327 | B36: O | C36: =ROUND('Anexo 11'!C36*'Anexo 1'!$D$10,0) -> 0 | D36: =ROUND('Anexo 11'!D36*'Anexo 1'!$D$10,0) -> 0 | E36: =ROUND('Anexo 11'!E36*'Anexo 1'!$D$10,0) -> 0 | F36: =ROUND('Anexo 11'!F36*'Anexo 1'!$D$10,0) -> 0 | G36: =ROUND('Anexo 11'!G36*'Anexo 1'!$D$10,0) -> 0 | H36: =ROUND('Anexo 11'!H36*'Anexo 1'!$D$10,0) -> 0 | I36: =ROUND('Anexo 11'!I36*'Anexo 1'!$D$10,0) -> 0 | J36: =ROUND('Anexo 11'!J36*'Anexo 1'!$D$10,0) -> 0 | ... Z36: =ROUND('Anexo 11'!Z36*'Anexo 1'!$D$10,0) -> 0 | AA36: =SUM(C36:Z36) -> 0 | AB36: 19 | AC36: =+AA36*AB36+AA37*AB37+AA38*AB38 -> 0
B37: S | C37: =ROUND('Anexo 11'!C37*'Anexo 1'!$D$10,0) -> 0 | D37: =ROUND('Anexo 11'!D37*'Anexo 1'!$D$10,0) -> 0 | E37: =ROUND('Anexo 11'!E37*'Anexo 1'!$D$10,0) -> 0 | F37: =ROUND('Anexo 11'!F37*'Anexo 1'!$D$10,0) -> 0 | G37: =ROUND('Anexo 11'!G37*'Anexo 1'!$D$10,0) -> 0 | H37: =ROUND('Anexo 11'!H37*'Anexo 1'!$D$10,0) -> 0 | I37: =ROUND('Anexo 11'!I37*'Anexo 1'!$D$10,0) -> 0 | J37: =ROUND('Anexo 11'!J37*'Anexo 1'!$D$10,0) -> 0 | ... Z37: =ROUND('Anexo 11'!Z37*'Anexo 1'!$D$10,0) -> 0 | AA37: =SUM(C37:Z37) -> 0 | AB37: 4
B38: F | C38: =ROUND('Anexo 11'!C38*'Anexo 1'!$D$10,0) -> 0 | D38: =ROUND('Anexo 11'!D38*'Anexo 1'!$D$10,0) -> 0 | E38: =ROUND('Anexo 11'!E38*'Anexo 1'!$D$10,0) -> 0 | F38: =ROUND('Anexo 11'!F38*'Anexo 1'!$D$10,0) -> 0 | G38: =ROUND('Anexo 11'!G38*'Anexo 1'!$D$10,0) -> 0 | H38: =ROUND('Anexo 11'!H38*'Anexo 1'!$D$10,0) -> 0 | I38: =ROUND('Anexo 11'!I38*'Anexo 1'!$D$10,0) -> 0 | J38: =ROUND('Anexo 11'!J38*'Anexo 1'!$D$10,0) -> 0 | ... Z38: =ROUND('Anexo 11'!Z38*'Anexo 1'!$D$10,0) -> 0 | AA38: =SUM(C38:Z38) -> 0 | AB38: 7
A39: 46357 | B39: O | C39: =ROUND('Anexo 11'!C39*'Anexo 1'!$D$10,0) -> 0 | D39: =ROUND('Anexo 11'!D39*'Anexo 1'!$D$10,0) -> 0 | E39: =ROUND('Anexo 11'!E39*'Anexo 1'!$D$10,0) -> 0 | F39: =ROUND('Anexo 11'!F39*'Anexo 1'!$D$10,0) -> 0 | G39: =ROUND('Anexo 11'!G39*'Anexo 1'!$D$10,0) -> 0 | H39: =ROUND('Anexo 11'!H39*'Anexo 1'!$D$10,0) -> 0 | I39: =ROUND('Anexo 11'!I39*'Anexo 1'!$D$10,0) -> 0 | J39: =ROUND('Anexo 11'!J39*'Anexo 1'!$D$10,0) -> 0 | ... Z39: =ROUND('Anexo 11'!Z39*'Anexo 1'!$D$10,0) -> 0 | AA39: =SUM(C39:Z39) -> 0 | AB39: 21 | AC39: =+AA39*AB39+AA40*AB40+AA41*AB41 -> 0
B40: S | C40: =ROUND('Anexo 11'!C40*'Anexo 1'!$D$10,0) -> 0 | D40: =ROUND('Anexo 11'!D40*'Anexo 1'!$D$10,0) -> 0 | E40: =ROUND('Anexo 11'!E40*'Anexo 1'!$D$10,0) -> 0 | F40: =ROUND('Anexo 11'!F40*'Anexo 1'!$D$10,0) -> 0 | G40: =ROUND('Anexo 11'!G40*'Anexo 1'!$D$10,0) -> 0 | H40: =ROUND('Anexo 11'!H40*'Anexo 1'!$D$10,0) -> 0 | I40: =ROUND('Anexo 11'!I40*'Anexo 1'!$D$10,0) -> 0 | J40: =ROUND('Anexo 11'!J40*'Anexo 1'!$D$10,0) -> 0 | ... Z40: =ROUND('Anexo 11'!Z40*'Anexo 1'!$D$10,0) -> 0 | AA40: =SUM(C40:Z40) -> 0 | AB40: 4
B41: F | C41: =ROUND('Anexo 11'!C41*'Anexo 1'!$D$10,0) -> 0 | D41: =ROUND('Anexo 11'!D41*'Anexo 1'!$D$10,0) -> 0 | E41: =ROUND('Anexo 11'!E41*'Anexo 1'!$D$10,0) -> 0 | F41: =ROUND('Anexo 11'!F41*'Anexo 1'!$D$10,0) -> 0 | G41: =ROUND('Anexo 11'!G41*'Anexo 1'!$D$10,0) -> 0 | H41: =ROUND('Anexo 11'!H41*'Anexo 1'!$D$10,0) -> 0 | I41: =ROUND('Anexo 11'!I41*'Anexo 1'!$D$10,0) -> 0 | J41: =ROUND('Anexo 11'!J41*'Anexo 1'!$D$10,0) -> 0 | ... Z41: =ROUND('Anexo 11'!Z41*'Anexo 1'!$D$10,0) -> 0 | AA41: =SUM(C41:Z41) -> 0 | AB41: 6
A42: TOTAL AÑO | C42: =+SUM(C6:C41) -> 0 | D42: =+SUM(D6:D41) -> 0 | E42: =+SUM(E6:E41) -> 0 | F42: =+SUM(F6:F41) -> 0 | G42: =+SUM(G6:G41) -> 0 | H42: =+SUM(H6:H41) -> 0 | I42: =+SUM(I6:I41) -> 0 | J42: =+SUM(J6:J41) -> 0 | ... AC42: =+SUM(AC6:AC41) -> 0

Sheet Anexo 2
B3: ANEXO No 2 - PRODUCTO No. 2 - CURVA
B4: PAGUE LO CONTRATADO AÑO 2027
B5: PRECIO OFERTADO EN $ / kWh DE ABRIL DE 2025
B8: MES | C8: ENERGIA SOLICITADA kWh/MES | D8: % OFERTADO ANUAL | E8: ENERGIA OFERTADA kWh/MES | F8: PRECIO OFERTADO ANUAL $/kWh
B10: 46388 | C10: =+'Anexo 12'!AC6 -> 1459048 | E10: =+'Cantidades Ofertadas Prod 2'!AC6 -> 0
B11: 46419 | C11: =+'Anexo 12'!AC9 -> 642156 | E11: =+'Cantidades Ofertadas Prod 2'!AC9 -> 0
B12: 46447 | C12: =+'Anexo 12'!AC12 -> 1318259 | E12: =+'Cantidades Ofertadas Prod 2'!AC12 -> 0
B13: 46478 | C13: =+'Anexo 12'!AC15 -> 1230452 | E13: =+'Cantidades Ofertadas Prod 2'!AC15 -> 0
B14: 46508 | C14: =+'Anexo 12'!AC18 -> 1138076 | E14: =+'Cantidades Ofertadas Prod 2'!AC18 -> 0
B15: 46539 | C15: =+'Anexo 12'!AC21 -> 1078720 | E15: =+'Cantidades Ofertadas Prod 2'!AC21 -> 0
B16: 46569 | C16: =+'Anexo 12'!AC24 -> 903223 | E16: =+'Cantidades Ofertadas Prod 2'!AC24 -> 0
B17: 46600 | C17: =+'Anexo 12'!AC27 -> 1105017 | E17: =+'Cantidades Ofertadas Prod 2'!AC27 -> 0
B18: 46631 | C18: =+'Anexo 12'!AC30 -> 1204912 | E18: =+'Cantidades Ofertadas Prod 2'!AC30 -> 0
B19: 46661 | C19: =+'Anexo 12'!AC33 -> 838498 | E19: =+'Cantidades Ofertadas Prod 2'!AC33 -> 0
B20: 46692 | C20: =+'Anexo 12'!AC36 -> 599804 | E20: =+'Cantidades Ofertadas Prod 2'!AC36 -> 0
B21: 46722 | C21: =+'Anexo 12'!AC39 -> 1271732 | E21: =+'Cantidades Ofertadas Prod 2'!AC39 -> 0
B22: TOTAL | C22: =+SUM(C10:C21) -> 12789897 | E22: =SUM(E10:E21) -> 0 | F22: =+F10 -> 0
B23: *Solo se debe ingresar valores en las celdas en color Naranja
B24: * Se debe ofertar un unico % para todos los meses del año.
B25: * Los % ofertados se aplicaran a las curvas de carga de la hoja "Anexo 12".
B26: * La energia ofertada se calcula de manera automatica en la hoja "Cantidades Ofertadas Prod2"
B27: * Se debe ofertar un unico precio por producto.
B28: * Para este producto solo se reciben ofertas siguiendo la curva.
B31: ____________________________________________
B32: Firma del Representante Legal
B33: o Apoderado General (Responsable del negocio)

Sheet Anexo 12
A1: CURVAS REQUERIDAS PRODUCTO 2 AÑO 2027 MODALIDAD PAGUE LO CONTRATADO - kWh
A4: Periodo | B4: Tipo de día | C4: H01 | D4: H02 | E4: H03 | F4: H04 | G4: H05 | H4: H06 | I4: H07 | J4: H08 | K4: H09 | L4: H10 | M4: H11 | N4: H12 | O4: H13 | P4: H14 | Q4: H15 | R4: H16 | S4: H17 | T4: H18 | U4: H19 | V4: H20 | W4: H21 | X4: H22 | Y4: H23 | Z4: H24 | AA4: TOTAL DÍA | AB4: Días/ | AC4: TOTAL MES
AB5: mes
A6: 46388 | B6: O | C6: 1446 | D6: 1300 | E6: 1195 | F6: 1101 | G6: 1132 | H6: 1185 | I6: 931 | J6: 1659 | K6: 2134 | L6: 2494 | M6: 2850 | N6: 3061 | O6: 2897 | P6: 2942 | Q6: 3264 | R6: 3344 | S6: 3313 | T6: 2511 | U6: 2620 | V6: 2710 | W6: 2553 | X6: 2430 | Y6: 2130 | Z6: 1643 | AA6: =SUM(C6:Z6) -> 52845 | AB6: 19 | AC6: =+AA6*AB6+AA7*AB7+AA8*AB8 -> 1459048
B7: S | C7: 1397 | D7: 1244 | E7: 1127 | F7: 1053 | G7: 1056 | H7: 1075 | I7: 713 | J7: 1303 | K7: 1834 | L7: 2155 | M7: 2458 | N7: 2654 | O7: 2678 | P7: 2649 | Q7: 2677 | R7: 2671 | S7: 2728 | T7: 1879 | U7: 2192 | V7: 2370 | W7: 2226 | X7: 2062 | Y7: 1854 | Z7: 1557 | AA7: =SUM(C7:Z7) -> 45612 | AB7: 5
B8: F | C8: 979 | D8: 844 | E8: 704 | F8: 670 | G8: 647 | H8: 733 | I8: 471 | J8: 894 | K8: 1195 | L8: 1533 | M8: 1759 | N8: 1986 | O8: 2121 | P8: 1952 | Q8: 1842 | R8: 1850 | S8: 1802 | T8: 1222 | U8: 1417 | V8: 1694 | W8: 1724 | X8: 1694 | Y8: 1492 | Z8: 1194 | AA8: =SUM(C8:Z8) -> 32419 | AB8: 7
A9: 46419 | B9: O | C9: 785 | D9: 750 | E9: 710 | F9: 630 | G9: 635 | H9: 746 | I9: 25 | J9: 567 | K9: 821 | L9: 1043 | M9: 1225 | N9: 1364 | O9: 1217 | P9: 1356 | Q9: 1540 | R9: 1546 | S9: 1555 | T9: 758 | U9: 1322 | V9: 1407 | W9: 1300 | X9: 1217 | Y9: 1040 | Z9: 728 | AA9: =SUM(C9:Z9) -> 24287 | AB9: 20 | AC9: =+AA9*AB9+AA10*AB10+AA11*AB11 -> 642156
B10: S | C10: 772 | D10: 782 | E10: 718 | F10: 676 | G10: 681 | H10: 610 | I10: 0 | J10: 352 | K10: 603 | L10: 825 | M10: 905 | N10: 1029 | O10: 1073 | P10: 1047 | Q10: 1052 | R10: 996 | S10: 962 | T10: 350 | U10: 1224 | V10: 1295 | W10: 1116 | X10: 1172 | Y10: 1010 | Z10: 794 | AA10: =SUM(C10:Z10) -> 20044 | AB10: 4
B11: F | C11: 803 | D11: 824 | E11: 702 | F11: 623 | G11: 616 | H11: 629 | I11: 0 | J11: 290 | K11: 489 | L11: 679 | M11: 847 | N11: 983 | O11: 1014 | P11: 1011 | Q11: 912 | R11: 977 | S11: 952 | T11: 276 | U11: 1104 | V11: 1217 | W11: 1086 | X11: 1176 | Y11: 1075 | Z11: 775 | AA11: =SUM(C11:Z11) -> 19060 | AB11: 4
A12: 46447 | B12: O | C12: 1743 | D12: 1647 | E12: 1564 | F12: 1495 | G12: 1471 | H12: 1555 | I12: 817 | J12: 1350 | K12: 1650 | L12: 1933 | M12: 2175 | N12: 2344 | O12: 2277 | P12: 2371 | Q12: 2588 | R12: 2595 | S12: 2561 | T12: 1704 | U12: 2325 | V12: 2601 | W12: 2528 | X12: 2511 | Y12: 2261 | Z12: 1887 | AA12: =SUM(C12:Z12) -> 47953 | AB12: 20 | AC12: =+AA12*AB12+AA13*AB13+AA14*AB14 -> 1318259
B13: S | C13: 1650 | D13: 1536 | E13: 1342 | F13: 1370 | G13: 1325 | H13: 1275 | I13: 515 | J13: 958 | K13: 1269 | L13: 1486 | M13: 1711 | N13: 1803 | O13: 1885 | P13: 1833 | Q13: 1846 | R13: 1910 | S13: 1831 | T13: 1024 | U13: 1677 | V13: 1934 | W13: 2008 | X13: 1928 | Y13: 1741 | Z13: 1609 | AA13: =SUM(C13:Z13) -> 37466 | AB13: 4
B14: F | C14: 1534 | D14: 1476 | E14: 1339 | F14: 1202 | G14: 1067 | H14: 1092 | I14: 265 | J14: 592 | K14: 868 | L14: 972 | M14: 1118 | N14: 1202 | O14: 1434 | P14: 1293 | Q14: 1293 | R14: 1355 | S14: 1349 | T14: 711 | U14: 1496 | V14: 1811 | W14: 1881 | X14: 1805 | Y14: 1478 | Z14: 1272 | AA14: =SUM(C14:Z14) -> 29905 | AB14: 7
A15: 46478 | B15: O | C15: 1531 | D15: 1393 | E15: 1293 | F15: 1236 | G15: 1190 | H15: 1130 | I15: 765 | J15: 1338 | K15: 1538 | L15: 1787 | M15: 2030 | N15: 2349 | O15: 2465 | P15: 2437 | Q15: 2365 | R15: 2315 | S15: 2208 | T15: 1609 | U15: 2145 | V15: 2435 | W15: 2410 | X15: 2271 | Y15: 2001 | Z15: 1617 | AA15: =SUM(C15:Z15) -> 43858 | AB15: 22 | AC15: =+AA15*AB15+AA16*AB16+AA17*AB17 -> 1230452
B16: S | C16: 1372 | D16: 1239 | E16: 1118 | F16: 1091 | G16: 1064 | H16: 1065 | I16: 693 | J16: 1209 | K16: 1298 | L16: 1488 | M16: 1743 | N16: 1905 | O16: 2045 | P16: 1946 | Q16: 1990 | R16: 1975 | S16: 2054 | T16: 1512 | U16: 1993 | V16: 2027 | W16: 1939 | X16: 1780 | Y16: 1568 | Z16: 1304 | AA16: =SUM(C16:Z16) -> 37418 | AB16: 4
B17: F | C17: 972 | D17: 1025 | E17: 819 | F17: 743 | G17: 709 | H17: 750 | I17: 457 | J17: 841 | K17: 1009 | L17: 1201 | M17: 1320 | N17: 1353 | O17: 1520 | P17: 1650 | Q17: 1639 | R17: 1686 | S17: 1737 | T17: 1146 | U17: 1554 | V17: 1714 | W17: 1674 | X17: 1403 | Y17: 1140 | Z17: 914 | AA17: =SUM(C17:Z17) -> 28976 | AB17: 4
A18: 46508 | B18: O | C18: 1477 | D18: 1352 | E18: 1285 | F18: 1190 | G18: 1156 | H18: 1047 | I18: 661 | J18: 1293 | K18: 1526 | L18: 1750 | M18: 1944 | N18: 2163 | O18: 2153 | P18: 2167 | Q18: 2132 | R18: 2092 | S18: 2069 | T18: 1389 | U18: 2062 | V18: 2264 | W18: 2242 | X18: 2080 | Y18: 1812 | Z18: 1450 | AA18: =SUM(C18:Z18) -> 40756 | AB18: 19 | AC18: =+AA18*AB18+AA19*AB19+AA20*AB20 -> 1138076
B19: S | C19: 1439 | D19: 1250 | E19: 1255 | F19: 1201 | G19: 1172 | H19: 1063 | I19: 554 | J19: 998 | K19: 1090 | L19: 1282 | M19: 1597 | N19: 1790 | O19: 1812 | P19: 1773 | Q19: 1788 | R19: 1813 | S19: 1765 | T19: 1173 | U19: 1917 | V19: 2215 | W19: 2068 | X19: 1843 | Y19: 1634 | Z19: 1482 | AA19: =SUM(C19:Z19) -> 35974 | AB19: 4
B20: F | C20: 1259 | D20: 1162 | E20: 1018 | F20: 967 | G20: 924 | H20: 868 | I20: 276 | J20: 704 | K20: 903 | L20: 1049 | M20: 1129 | N20: 1168 | O20: 1317 | P20: 1326 | Q20: 1414 | R20: 1459 | S20: 1402 | T20: 651 | U20: 1198 | V20: 1589 | W20: 1590 | X20: 1591 | Y20: 1368 | Z20: 1145 | AA20: =SUM(C20:Z20) -> 27477 | AB20: 8
A21: 46539 | B21: O | C21: 701 | D21: 666 | E21: 572 | F21: 564 | G21: 607 | H21: 642 | I21: 492 | J21: 1184 | K21: 1442 | L21: 1722 | M21: 1926 | N21: 2132 | O21: 2105 | P21: 2018 | Q21: 2119 | R21: 2172 | S21: 2046 | T21: 1400 | U21: 1769 | V21: 2034 | W21: 1946 | X21: 1695 | Y21: 1310 | Z21: 834 | AA21: =SUM(C21:Z21) -> 34098 | AB21: 21 | AC21: =+AA21*AB21+AA22*AB22+AA23*AB23 -> 1078720
B22: S | C22: 934 | D22: 856 | E22: 629 | F22: 674 | G22: 720 | H22: 740 | I22: 413 | J22: 1066 | K22: 1285 | L22: 1643 | M22: 1820 | N22: 2024 | O22: 2002 | P22: 2036 | Q22: 2002 | R22: 2078 | S22: 2126 | T22: 1434 | U22: 1882 | V22: 2124 | W22: 1955 | X22: 1862 | Y22: 1514 | Z22: 1174 | AA22: =SUM(C22:Z22) -> 34993 | AB22: 4
B23: F | C23: 1183 | D23: 1019 | E23: 912 | F23: 858 | G23: 912 | H23: 1039 | I23: 959 | J23: 1612 | K23: 1961 | L23: 2236 | M23: 2408 | N23: 2591 | O23: 2457 | P23: 2522 | Q23: 2769 | R23: 2819 | S23: 2755 | T23: 2053 | U23: 2132 | V23: 2408 | W23: 2251 | X23: 1994 | Y23: 1520 | Z23: 1168 | AA23: =SUM(C23:Z23) -> 44538 | AB23: 5
A24: 46569 | B24: O | C24: 733 | D24: 706 | E24: 604 | F24: 558 | G24: 581 | H24: 581 | I24: 385 | J24: 1143 | K24: 1406 | L24: 1740 | M24: 1982 | N24: 2225 | O24: 2147 | P24: 2094 | Q24: 2315 | R24: 2350 | S24: 2253 | T24: 1521 | U24: 1746 | V24: 1944 | W24: 1866 | X24: 1689 | Y24: 1295 | Z24: 827 | AA24: =SUM(C24:Z24) -> 34691 | AB24: 20 | AC24: =+AA24*AB24+AA25*AB25+AA26*AB26 -> 903223
B25: S | C25: 306 | D25: 285 | E25: 147 | F25: 123 | G25: 185 | H25: 231 | I25: 0 | J25: 448 | K25: 714 | L25: 1024 | M25: 1159 | N25: 1338 | O25: 1342 | P25: 1328 | Q25: 1221 | R25: 1274 | S25: 1306 | T25: 684 | U25: 1160 | V25: 1340 | W25: 1262 | X25: 1148 | Y25: 803 | Z25: 489 | AA25: =SUM(C25:Z25) -> 19317 | AB25: 5
B26: F | C26: 562 | D26: 520 | E26: 387 | F26: 257 | G26: 253 | H26: 170 | I26: 0 | J26: 335 | K26: 564 | L26: 814 | M26: 928 | N26: 1084 | O26: 1259 | P26: 1272 | Q26: 1235 | R26: 1174 | S26: 1279 | T26: 609 | U26: 957 | V26: 1294 | W26: 1298 | X26: 1131 | Y26: 894 | Z26: 527 | AA26: =SUM(C26:Z26) -> 18803 | AB26: 6
A27: 46600 | B27: O | C27: 901 | D27: 765 | E27: 644 | F27: 551 | G27: 578 | H27: 568 | I27: 364 | J27: 1203 | K27: 1645 | L27: 2011 | M27: 2318 | N27: 2591 | O27: 2477 | P27: 2493 | Q27: 2755 | R27: 2840 | S27: 2779 | T27: 1863 | U27: 2079 | V27: 2097 | W27: 2001 | X27: 1861 | Y27: 1501 | Z27: 1026 | AA27: =SUM(C27:Z27) -> 39911 | AB27: 21 | AC27: =+AA27*AB27+AA28*AB28+AA29*AB29 -> 1105017
B28: S | C28: 833 | D28: 730 | E28: 636 | F28: 527 | G28: 588 | H28: 503 | I28: 232 | J28: 871 | K28: 1291 | L28: 1617 | M28: 1780 | N28: 2044 | O28: 2159 | P28: 1939 | Q28: 2479 | R28: 2209 | S28: 2010 | T28: 1279 | U28: 1666 | V28: 1831 | W28: 1671 | X28: 1441 | Y28: 1214 | Z28: 887 | AA28: =SUM(C28:Z28) -> 32437 | AB28: 3
B29: F | C29: 875 | D29: 698 | E29: 511 | F29: 448 | G29: 459 | H29: 409 | I29: 0 | J29: 509 | K29: 700 | L29: 958 | M29: 1190 | N29: 1338 | O29: 1431 | P29: 1542 | Q29: 1461 | R29: 1462 | S29: 1543 | T29: 798 | U29: 1252 | V29: 1621 | W29: 1564 | X29: 1511 | Y29: 1185 | Z29: 760 | AA29: =SUM(C29:Z29) -> 24225 | AB29: 7
A30: 46631 | B30: O | C30: 1130 | D30: 976 | E30: 879 | F30: 821 | G30: 837 | H30: 802 | I30: 608 | J30: 1376 | K30: 1826 | L30: 2176 | M30: 2467 | N30: 2744 | O30: 2619 | P30: 2605 | Q30: 2818 | R30: 2819 | S30: 2783 | T30: 1970 | U30: 2272 | V30: 2286 | W30: 2215 | X30: 2033 | Y30: 1650 | Z30: 1226 | AA30: =SUM(C30:Z30) -> 43938 | AB30: 22 | AC30: =+AA30*AB30+AA31*AB31+AA32*AB32 -> 1204912
B31: S | C31: 931 | D31: 785 | E31: 702 | F31: 649 | G31: 651 | H31: 566 | I31: 293 | J31: 896 | K31: 1380 | L31: 1678 | M31: 1896 | N31: 2021 | O31: 2094 | P31: 1969 | Q31: 1911 | R31: 2015 | S31: 1971 | T31: 1216 | U31: 1809 | V31: 1887 | W31: 1724 | X31: 1570 | Y31: 1317 | Z31: 1050 | AA31: =SUM(C31:Z31) -> 32981 | AB31: 4
B32: F | C32: 829 | D32: 720 | E32: 544 | F32: 527 | G32: 562 | H32: 515 | I32: 188 | J32: 749 | K32: 1018 | L32: 1220 | M32: 1459 | N32: 1589 | O32: 1690 | P32: 1724 | Q32: 1709 | R32: 1631 | S32: 1625 | T32: 903 | U32: 1423 | V32: 1505 | W32: 1403 | X32: 1286 | Y32: 1003 | Z32: 766 | AA32: =SUM(C32:Z32) -> 26588 | AB32: 4
A33: 46661 | B33: O | C33: 589 | D33: 455 | E33: 376 | F33: 336 | G33: 333 | H33: 258 | I33: 103 | J33: 856 | K33: 1240 | L33: 1513 | M33: 1786 | N33: 2004 | O33: 1888 | P33: 1878 | Q33: 2052 | R33: 2136 | S33: 2142 | T33: 1331 | U33: 1682 | V33: 1532 | W33: 1453 | X33: 1280 | Y33: 995 | Z33: 615 | AA33: =SUM(C33:Z33) -> 28833 | AB33: 20 | AC33: =+AA33*AB33+AA34*AB34+AA35*AB35 -> 838498
B34: S | C34: 969 | D34: 833 | E34: 695 | F34: 586 | G34: 654 | H34: 435 | I34: 250 | J34: 994 | K34: 1462 | L34: 1782 | M34: 1994 | N34: 2072 | O34: 2050 | P34: 1931 | Q34: 1996 | R34: 2016 | S34: 2000 | T34: 1403 | U34: 1915 | V34: 1848 | W34: 1670 | X34: 1493 | Y34: 1296 | Z34: 1054 | AA34: =SUM(C34:Z34) -> 33398 | AB34: 5
B35: F | C35: 689 | D35: 510 | E35: 428 | F35: 299 | G35: 259 | H35: 166 | I35: 0 | J35: 327 | K35: 433 | L35: 690 | M35: 881 | N35: 984 | O35: 1035 | P35: 1093 | Q35: 1019 | R35: 923 | S35: 953 | T35: 278 | U35: 867 | V35: 960 | W35: 948 | X35: 892 | Y35: 713 | Z35: 461 | AA35: =SUM(C35:Z35) -> 15808 | AB35: 6
A36: 46692 | B36: O | C36: 385 | D36: 361 | E36: 289 | F36: 209 | G36: 219 | H36: 200 | I36: 0 | J36: 665 | K36: 976 | L36: 1191 | M36: 1364 | N36: 1541 | O36: 1504 | P36: 1460 | Q36: 1616 | R36: 1656 | S36: 1571 | T36: 917 | U36: 1374 | V36: 1234 | W36: 1151 | X36: 968 | Y36: 724 | Z36: 362 | AA36: =SUM(C36:Z36) -> 21937 | AB36: 20 | AC36: =+AA36*AB36+AA37*AB37+AA38*AB38 -> 599804
B37: S | C37: 171 | D37: 99 | E37: 0 | F37: 0 | G37: 24 | H37: 18 | I37: 0 | J37: 468 | K37: 725 | L37: 984 | M37: 1113 | N37: 1258 | O37: 1358 | P37: 1401 | Q37: 1347 | R37: 1402 | S37: 1364 | T37: 683 | U37: 1302 | V37: 1329 | W37: 1110 | X37: 930 | Y37: 793 | Z37: 571 | AA37: =SUM(C37:Z37) -> 18450 | AB37: 4
B38: F | C38: 438 | D38: 428 | E38: 252 | F38: 112 | G38: 124 | H38: 137 | I38: 0 | J38: 254 | K38: 436 | L38: 718 | M38: 916 | N38: 947 | O38: 1091 | P38: 1136 | Q38: 993 | R38: 935 | S38: 939 | T38: 211 | U38: 872 | V38: 798 | W38: 855 | X38: 789 | Y38: 674 | Z38: 489 | AA38: =SUM(C38:Z38) -> 14544 | AB38: 6
A39: 46722 | B39: O | C39: 1056 | D39: 1045 | E39: 920 | F39: 891 | G39: 932 | H39: 1020 | I39: 768 | J39: 1465 | K39: 1914 | L39: 2226 | M39: 2518 | N39: 2754 | O39: 2680 | P39: 2666 | Q39: 2817 | R39: 2792 | S39: 2696 | T39: 1934 | U39: 2436 | V39: 2396 | W39: 2194 | X39: 1997 | Y39: 1628 | Z39: 1197 | AA39: =SUM(C39:Z39) -> 44942 | AB39: 22 | AC39: =+AA39*AB39+AA40*AB40+AA41*AB41 -> 1271732
B40: S | C40: 1270 | D40: 1048 | E40: 962 | F40: 920 | G40: 994 | H40: 1083 | I40: 823 | J40: 1601 | K40: 2065 | L40: 2462 | M40: 2782 | N40: 3008 | O40: 2802 | P40: 2700 | Q40: 2712 | R40: 2680 | S40: 2635 | T40: 1935 | U40: 2572 | V40: 2528 | W40: 2270 | X40: 1974 | Y40: 1638 | Z40: 1246 | AA40: =SUM(C40:Z40) -> 46710 | AB40: 3
B41: F | C41: 494 | D41: 391 | E41: 305 | F41: 282 | G41: 333 | H41: 441 | I41: 143 | J41: 671 | K41: 899 | L41: 1194 | M41: 1428 | N41: 1593 | O41: 1626 | P41: 1641 | Q41: 1468 | R41: 1402 | S41: 1406 | T41: 801 | U41: 1346 | V41: 1473 | W41: 1466 | X41: 1357 | Y41: 1016 | Z41: 637 | AA41: =SUM(C41:Z41) -> 23813 | AB41: 6
A42: TOTAL AÑO | C42: =+SUM(C6:C41) -> 35138 | D42: =+SUM(D6:D41) -> 31720 | E42: =+SUM(E6:E41) -> 27583 | F42: =+SUM(F6:F41) -> 25440 | G42: =+SUM(G6:G41) -> 25650 | H42: =+SUM(H6:H41) -> 25347 | I42: =+SUM(I6:I41) -> 13164 | J42: =+SUM(J6:J41) -> 33041 | ... AC42: =+SUM(AC6:AC41) -> 12789897

Sheet Cantidades Ofertadas Prod 2
A1: CANTIDADES OFERTADAS PRODUCTO 2 AÑO 2027 MODALIDAD PAGUE LO CONTRATADO - kWh
A4: Periodo | B4: Tipo de día | C4: H01 | D4: H02 | E4: H03 | F4: H04 | G4: H05 | H4: H06 | I4: H07 | J4: H08 | K4: H09 | L4: H10 | M4: H11 | N4: H12 | O4: H13 | P4: H14 | Q4: H15 | R4: H16 | S4: H17 | T4: H18 | U4: H19 | V4: H20 | W4: H21 | X4: H22 | Y4: H23 | Z4: H24 | AA4: TOTAL DÍA | AB4: Días/ | AC4: TOTAL MES
AB5: mes
A6: 46388 | B6: O | C6: =ROUND('Anexo 12'!C6*'Anexo 2'!$D$10,0) -> 0 | D6: =ROUND('Anexo 12'!D6*'Anexo 2'!$D$10,0) -> 0 | E6: =ROUND('Anexo 12'!E6*'Anexo 2'!$D$10,0) -> 0 | F6: =ROUND('Anexo 12'!F6*'Anexo 2'!$D$10,0) -> 0 | G6: =ROUND('Anexo 12'!G6*'Anexo 2'!$D$10,0) -> 0 | H6: =ROUND('Anexo 12'!H6*'Anexo 2'!$D$10,0) -> 0 | I6: =ROUND('Anexo 12'!I6*'Anexo 2'!$D$10,0) -> 0 | J6: =ROUND('Anexo 12'!J6*'Anexo 2'!$D$10,0) -> 0 | ... Z6: =ROUND('Anexo 12'!Z6*'Anexo 2'!$D$10,0) -> 0 | AA6: =SUM(C6:Z6) -> 0 | AB6: 19 | AC6: =+AA6*AB6+AA7*AB7+AA8*AB8 -> 0
B7: S | C7: =ROUND('Anexo 12'!C7*'Anexo 2'!$D$10,0) -> 0 | D7: =ROUND('Anexo 12'!D7*'Anexo 2'!$D$10,0) -> 0 | E7: =ROUND('Anexo 12'!E7*'Anexo 2'!$D$10,0) -> 0 | F7: =ROUND('Anexo 12'!F7*'Anexo 2'!$D$10,0) -> 0 | G7: =ROUND('Anexo 12'!G7*'Anexo 2'!$D$10,0) -> 0 | H7: =ROUND('Anexo 12'!H7*'Anexo 2'!$D$10,0) -> 0 | I7: =ROUND('Anexo 12'!I7*'Anexo 2'!$D$10,0) -> 0 | J7: =ROUND('Anexo 12'!J7*'Anexo 2'!$D$10,0) -> 0 | ... Z7: =ROUND('Anexo 12'!Z7*'Anexo 2'!$D$10,0) -> 0 | AA7: =SUM(C7:Z7) -> 0 | AB7: 5
B8: F | C8: =ROUND('Anexo 12'!C8*'Anexo 2'!$D$10,0) -> 0 | D8: =ROUND('Anexo 12'!D8*'Anexo 2'!$D$10,0) -> 0 | E8: =ROUND('Anexo 12'!E8*'Anexo 2'!$D$10,0) -> 0 | F8: =ROUND('Anexo 12'!F8*'Anexo 2'!$D$10,0) -> 0 | G8: =ROUND('Anexo 12'!G8*'Anexo 2'!$D$10,0) -> 0 | H8: =ROUND('Anexo 12'!H8*'Anexo 2'!$D$10,0) -> 0 | I8: =ROUND('Anexo 12'!I8*'Anexo 2'!$D$10,0) -> 0 | J8: =ROUND('Anexo 12'!J8*'Anexo 2'!$D$10,0) -> 0 | ... Z8: =ROUND('Anexo 12'!Z8*'Anexo 2'!$D$10,0) -> 0 | AA8: =SUM(C8:Z8) -> 0 | AB8: 7
A9: 46419 | B9: O | C9: =ROUND('Anexo 12'!C9*'Anexo 2'!$D$10,0) -> 0 | D9: =ROUND('Anexo 12'!D9*'Anexo 2'!$D$10,0) -> 0 | E9: =ROUND('Anexo 12'!E9*'Anexo 2'!$D$10,0) -> 0 | F9: =ROUND('Anexo 12'!F9*'Anexo 2'!$D$10,0) -> 0 | G9: =ROUND('Anexo 12'!G9*'Anexo 2'!$D$10,0) -> 0 | H9: =ROUND('Anexo 12'!H9*'Anexo 2'!$D$10,0) -> 0 | I9: =ROUND('Anexo 12'!I9*'Anexo 2'!$D$10,0) -> 0 | J9: =ROUND('Anexo 12'!J9*'Anexo 2'!$D$10,0) -> 0 | ... Z9: =ROUND('Anexo 12'!Z9*'Anexo 2'!$D$10,0) -> 0 | AA9: =SUM(C9:Z9) -> 0 | AB9: 20 | AC9: =+AA9*AB9+AA10*AB10+AA11*AB11 -> 0
B10: S | C10: =ROUND('Anexo 12'!C10*'Anexo 2'!$D$10,0) -> 0 | D10: =ROUND('Anexo 12'!D10*'Anexo 2'!$D$10,0) -> 0 | E10: =ROUND('Anexo 12'!E10*'Anexo 2'!$D$10,0) -> 0 | F10: =ROUND('Anexo 12'!F10*'Anexo 2'!$D$10,0) -> 0 | G10: =ROUND('Anexo 12'!G10*'Anexo 2'!$D$10,0) -> 0 | H10: =ROUND('Anexo 12'!H10*'Anexo 2'!$D$10,0) -> 0 | I10: =ROUND('Anexo 12'!I10*'Anexo 2'!$D$10,0) -> 0 | J10: =ROUND('Anexo 12'!J10*'Anexo 2'!$D$10,0) -> 0 | ... Z10: =ROUND('Anexo 12'!Z10*'Anexo 2'!$D$10,0) -> 0 | AA10: =SUM(C10:Z10) -> 0 | AB10: 4
B11: F | C11: =ROUND('Anexo 12'!C11*'Anexo 2'!$D$10,0) -> 0 | D11: =ROUND('Anexo 12'!D11*'Anexo 2'!$D$10,0) -> 0 | E11: =ROUND('Anexo 12'!E11*'Anexo 2'!$D$10,0) -> 0 | F11: =ROUND('Anexo 12'!F11*'Anexo 2'!$D$10,0) -> 0 | G11: =ROUND('Anexo 12'!G11*'Anexo 2'!$D$10,0) -> 0 | H11: =ROUND('Anexo 12'!H11*'Anexo 2'!$D$10,0) -> 0 | I11: =ROUND('Anexo 12'!I11*'Anexo 2'!$D$10,0) -> 0 | J11: =ROUND('Anexo 12'!J11*'Anexo 2'!$D$10,0) -> 0 | ... Z11: =ROUND('Anexo 12'!Z11*'Anexo 2'!$D$10,0) -> 0 | AA11: =SUM(C11:Z11) -> 0 | AB11: 4
A12: 46447 | B12: O | C12: =ROUND('Anexo 12'!C12*'Anexo 2'!$D$10,0) -> 0 | D12: =ROUND('Anexo 12'!D12*'Anexo 2'!$D$10,0) -> 0 | E12: =ROUND('Anexo 12'!E12*'Anexo 2'!$D$10,0) -> 0 | F12: =ROUND('Anexo 12'!F12*'Anexo 2'!$D$10,0) -> 0 | G12: =ROUND('Anexo 12'!G12*'Anexo 2'!$D$10,0) -> 0 | H12: =ROUND('Anexo 12'!H12*'Anexo 2'!$D$10,0) -> 0 | I12: =ROUND('Anexo 12'!I12*'Anexo 2'!$D$10,0) -> 0 | J12: =ROUND('Anexo 12'!J12*'Anexo 2'!$D$10,0) -> 0 | ... Z12: =ROUND('Anexo 12'!Z12*'Anexo 2'!$D$10,0) -> 0 | AA12: =SUM(C12:Z12) -> 0 | AB12: 20 | AC12: =+AA12*AB12+AA13*AB13+AA14*AB14 -> 0
B13: S | C13: =ROUND('Anexo 12'!C13*'Anexo 2'!$D$10,0) -> 0 | D13: =ROUND('Anexo 12'!D13*'Anexo 2'!$D$10,0) -> 0 | E13: =ROUND('Anexo 12'!E13*'Anexo 2'!$D$10,0) -> 0 | F13: =ROUND('Anexo 12'!F13*'Anexo 2'!$D$10,0) -> 0 | G13: =ROUND('Anexo 12'!G13*'Anexo 2'!$D$10,0) -> 0 | H13: =ROUND('Anexo 12'!H13*'Anexo 2'!$D$10,0) -> 0 | I13: =ROUND('Anexo 12'!I13*'Anexo 2'!$D$10,0) -> 0 | J13: =ROUND('Anexo 12'!J13*'Anexo 2'!$D$10,0) -> 0 | ... Z13: =ROUND('Anexo 12'!Z13*'Anexo 2'!$D$10,0) -> 0 | AA13: =SUM(C13:Z13) -> 0 | AB13: 4
B14: F | C14: =ROUND('Anexo 12'!C14*'Anexo 2'!$D$10,0) -> 0 | D14: =ROUND('Anexo 12'!D14*'Anexo 2'!$D$10,0) -> 0 | E14: =ROUND('Anexo 12'!E14*'Anexo 2'!$D$10,0) -> 0 | F14: =ROUND('Anexo 12'!F14*'Anexo 2'!$D$10,0) -> 0 | G14: =ROUND('Anexo 12'!G14*'Anexo 2'!$D$10,0) -> 0 | H14: =ROUND('Anexo 12'!H14*'Anexo 2'!$D$10,0) -> 0 | I14: =ROUND('Anexo 12'!I14*'Anexo 2'!$D$10,0) -> 0 | J14: =ROUND('Anexo 12'!J14*'Anexo 2'!$D$10,0) -> 0 | ... Z14: =ROUND('Anexo 12'!Z14*'Anexo 2'!$D$10,0) -> 0 | AA14: =SUM(C14:Z14) -> 0 | AB14: 7
A15: 46478 | B15: O | C15: =ROUND('Anexo 12'!C15*'Anexo 2'!$D$10,0) -> 0 | D15: =ROUND('Anexo 12'!D15*'Anexo 2'!$D$10,0) -> 0 | E15: =ROUND('Anexo 12'!E15*'Anexo 2'!$D$10,0) -> 0 | F15: =ROUND('Anexo 12'!F15*'Anexo 2'!$D$10,0) -> 0 | G15: =ROUND('Anexo 12'!G15*'Anexo 2'!$D$10,0) -> 0 | H15: =ROUND('Anexo 12'!H15*'Anexo 2'!$D$10,0) -> 0 | I15: =ROUND('Anexo 12'!I15*'Anexo 2'!$D$10,0) -> 0 | J15: =ROUND('Anexo 12'!J15*'Anexo 2'!$D$10,0) -> 0 | ... Z15: =ROUND('Anexo 12'!Z15*'Anexo 2'!$D$10,0) -> 0 | AA15: =SUM(C15:Z15) -> 0 | AB15: 22 | AC15: =+AA15*AB15+AA16*AB16+AA17*AB17 -> 0
B16: S | C16: =ROUND('Anexo 12'!C16*'Anexo 2'!$D$10,0) -> 0 | D16: =ROUND('Anexo 12'!D16*'Anexo 2'!$D$10,0) -> 0 | E16: =ROUND('Anexo 12'!E16*'Anexo 2'!$D$10,0) -> 0 | F16: =ROUND('Anexo 12'!F16*'Anexo 2'!$D$10,0) -> 0 | G16: =ROUND('Anexo 12'!G16*'Anexo 2'!$D$10,0) -> 0 | H16: =ROUND('Anexo 12'!H16*'Anexo 2'!$D$10,0) -> 0 | I16: =ROUND('Anexo 12'!I16*'Anexo 2'!$D$10,0) -> 0 | J16: =ROUND('Anexo 12'!J16*'Anexo 2'!$D$10,0) -> 0 | ... Z16: =ROUND('Anexo 12'!Z16*'Anexo 2'!$D$10,0) -> 0 | AA16: =SUM(C16:Z16) -> 0 | AB16: 4
B17: F | C17: =ROUND('Anexo 12'!C17*'Anexo 2'!$D$10,0) -> 0 | D17: =ROUND('Anexo 12'!D17*'Anexo 2'!$D$10,0) -> 0 | E17: =ROUND('Anexo 12'!E17*'Anexo 2'!$D$10,0) -> 0 | F17: =ROUND('Anexo 12'!F17*'Anexo 2'!$D$10,0) -> 0 | G17: =ROUND('Anexo 12'!G17*'Anexo 2'!$D$10,0) -> 0 | H17: =ROUND('Anexo 12'!H17*'Anexo 2'!$D$10,0) -> 0 | I17: =ROUND('Anexo 12'!I17*'Anexo 2'!$D$10,0) -> 0 | J17: =ROUND('Anexo 12'!J17*'Anexo 2'!$D$10,0) -> 0 | ... Z17: =ROUND('Anexo 12'!Z17*'Anexo 2'!$D$10,0) -> 0 | AA17: =SUM(C17:Z17) -> 0 | AB17: 4
A18: 46508 | B18: O | C18: =ROUND('Anexo 12'!C18*'Anexo 2'!$D$10,0) -> 0 | D18: =ROUND('Anexo 12'!D18*'Anexo 2'!$D$10,0) -> 0 | E18: =ROUND('Anexo 12'!E18*'Anexo 2'!$D$10,0) -> 0 | F18: =ROUND('Anexo 12'!F18*'Anexo 2'!$D$10,0) -> 0 | G18: =ROUND('Anexo 12'!G18*'Anexo 2'!$D$10,0) -> 0 | H18: =ROUND('Anexo 12'!H18*'Anexo 2'!$D$10,0) -> 0 | I18: =ROUND('Anexo 12'!I18*'Anexo 2'!$D$10,0) -> 0 | J18: =ROUND('Anexo 12'!J18*'Anexo 2'!$D$10,0) -> 0 | ... Z18: =ROUND('Anexo 12'!Z18*'Anexo 2'!$D$10,0) -> 0 | AA18: =SUM(C18:Z18) -> 0 | AB18: 19 | AC18: =+AA18*AB18+AA19*AB19+AA20*AB20 -> 0
B19: S | C19: =ROUND('Anexo 12'!C19*'Anexo 2'!$D$10,0) -> 0 | D19: =ROUND('Anexo 12'!D19*'Anexo 2'!$D$10,0) -> 0 | E19: =ROUND('Anexo 12'!E19*'Anexo 2'!$D$10,0) -> 0 | F19: =ROUND('Anexo 12'!F19*'Anexo 2'!$D$10,0) -> 0 | G19: =ROUND('Anexo 12'!G19*'Anexo 2'!$D$10,0) -> 0 | H19: =ROUND('Anexo 12'!H19*'Anexo 2'!$D$10,0) -> 0 | I19: =ROUND('Anexo 12'!I19*'Anexo 2'!$D$10,0) -> 0 | J19: =ROUND('Anexo 12'!J19*'Anexo 2'!$D$10,0) -> 0 | ... Z19: =ROUND('Anexo 12'!Z19*'Anexo 2'!$D$10,0) -> 0 | AA19: =SUM(C19:Z19) -> 0 | AB19: 4
B20: F | C20: =ROUND('Anexo 12'!C20*'Anexo 2'!$D$10,0) -> 0 | D20: =ROUND('Anexo 12'!D20*'Anexo 2'!$D$10,0) -> 0 | E20: =ROUND('Anexo 12'!E20*'Anexo 2'!$D$10,0) -> 0 | F20: =ROUND('Anexo 12'!F20*'Anexo 2'!$D$10,0) -> 0 | G20: =ROUND('Anexo 12'!G20*'Anexo 2'!$D$10,0) -> 0 | H20: =ROUND('Anexo 12'!H20*'Anexo 2'!$D$10,0) -> 0 | I20: =ROUND('Anexo 12'!I20*'Anexo 2'!$D$10,0) -> 0 | J20: =ROUND('Anexo 12'!J20*'Anexo 2'!$D$10,0) -> 0 | ... Z20: =ROUND('Anexo 12'!Z20*'Anexo 2'!$D$10,0) -> 0 | AA20: =SUM(C20:Z20) -> 0 | AB20: 8
A21: 46539 | B21: O | C21: =ROUND('Anexo 12'!C21*'Anexo 2'!$D$10,0) -> 0 | D21: =ROUND('Anexo 12'!D21*'Anexo 2'!$D$10,0) -> 0 | E21: =ROUND('Anexo 12'!E21*'Anexo 2'!$D$10,0) -> 0 | F21: =ROUND('Anexo 12'!F21*'Anexo 2'!$D$10,0) -> 0 | G21: =ROUND('Anexo 12'!G21*'Anexo 2'!$D$10,0) -> 0 | H21: =ROUND('Anexo 12'!H21*'Anexo 2'!$D$10,0) -> 0 | I21: =ROUND('Anexo 12'!I21*'Anexo 2'!$D$10,0) -> 0 | J21: =ROUND('Anexo 12'!J21*'Anexo 2'!$D$10,0) -> 0 | ... Z21: =ROUND('Anexo 12'!Z21*'Anexo 2'!$D$10,0) -> 0 | AA21: =SUM(C21:Z21) -> 0 | AB21: 21 | AC21: =+AA21*AB21+AA22*AB22+AA23*AB23 -> 0
B22: S | C22: =ROUND('Anexo 12'!C22*'Anexo 2'!$D$10,0) -> 0 | D22: =ROUND('Anexo 12'!D22*'Anexo 2'!$D$10,0) -> 0 | E22: =ROUND('Anexo 12'!E22*'Anexo 2'!$D$10,0) -> 0 | F22: =ROUND('Anexo 12'!F22*'Anexo 2'!$D$10,0) -> 0 | G22: =ROUND('Anexo 12'!G22*'Anexo 2'!$D$10,0) -> 0 | H22: =ROUND('Anexo 12'!H22*'Anexo 2'!$D$10,0) -> 0 | I22: =ROUND('Anexo 12'!I22*'Anexo 2'!$D$10,0) -> 0 | J22: =ROUND('Anexo 12'!J22*'Anexo 2'!$D$10,0) -> 0 | ... Z22: =ROUND('Anexo 12'!Z22*'Anexo 2'!$D$10,0) -> 0 | AA22: =SUM(C22:Z22) -> 0 | AB22: 4
B23: F | C23: =ROUND('Anexo 12'!C23*'Anexo 2'!$D$10,0) -> 0 | D23: =ROUND('Anexo 12'!D23*'Anexo 2'!$D$10,0) -> 0 | E23: =ROUND('Anexo 12'!E23*'Anexo 2'!$D$10,0) -> 0 | F23: =ROUND('Anexo 12'!F23*'Anexo 2'!$D$10,0) -> 0 | G23: =ROUND('Anexo 12'!G23*'Anexo 2'!$D$10,0) -> 0 | H23: =ROUND('Anexo 12'!H23*'Anexo 2'!$D$10,0) -> 0 | I23: =ROUND('Anexo 12'!I23*'Anexo 2'!$D$10,0) -> 0 | J23: =ROUND('Anexo 12'!J23*'Anexo 2'!$D$10,0) -> 0 | ... Z23: =ROUND('Anexo 12'!Z23*'Anexo 2'!$D$10,0) -> 0 | AA23: =SUM(C23:Z23) -> 0 | AB23: 5
A24: 46569 | B24: O | C24: =ROUND('Anexo 12'!C24*'Anexo 2'!$D$10,0) -> 0 | D24: =ROUND('Anexo 12'!D24*'Anexo 2'!$D$10,0) -> 0 | E24: =ROUND('Anexo 12'!E24*'Anexo 2'!$D$10,0) -> 0 | F24: =ROUND('Anexo 12'!F24*'Anexo 2'!$D$10,0) -> 0 | G24: =ROUND('Anexo 12'!G24*'Anexo 2'!$D$10,0) -> 0 | H24: =ROUND('Anexo 12'!H24*'Anexo 2'!$D$10,0) -> 0 | I24: =ROUND('Anexo 12'!I24*'Anexo 2'!$D$10,0) -> 0 | J24: =ROUND('Anexo 12'!J24*'Anexo 2'!$D$10,0) -> 0 | ... Z24: =ROUND('Anexo 12'!Z24*'Anexo 2'!$D$10,0) -> 0 | AA24: =SUM(C24:Z24) -> 0 | AB24: 20 | AC24: =+AA24*AB24+AA25*AB25+AA26*AB26 -> 0
B25: S | C25: =ROUND('Anexo 12'!C25*'Anexo 2'!$D$10,0) -> 0 | D25: =ROUND('Anexo 12'!D25*'Anexo 2'!$D$10,0) -> 0 | E25: =ROUND('Anexo 12'!E25*'Anexo 2'!$D$10,0) -> 0 | F25: =ROUND('Anexo 12'!F25*'Anexo 2'!$D$10,0) -> 0 | G25: =ROUND('Anexo 12'!G25*'Anexo 2'!$D$10,0) -> 0 | H25: =ROUND('Anexo 12'!H25*'Anexo 2'!$D$10,0) -> 0 | I25: =ROUND('Anexo 12'!I25*'Anexo 2'!$D$10,0) -> 0 | J25: =ROUND('Anexo 12'!J25*'Anexo 2'!$D$10,0) -> 0 | ... Z25: =ROUND('Anexo 12'!Z25*'Anexo 2'!$D$10,0) -> 0 | AA25: =SUM(C25:Z25) -> 0 | AB25: 5
B26: F | C26: =ROUND('Anexo 12'!C26*'Anexo 2'!$D$10,0) -> 0 | D26: =ROUND('Anexo 12'!D26*'Anexo 2'!$D$10,0) -> 0 | E26: =ROUND('Anexo 12'!E26*'Anexo 2'!$D$10,0) -> 0 | F26: =ROUND('Anexo 12'!F26*'Anexo 2'!$D$10,0) -> 0 | G26: =ROUND('Anexo 12'!G26*'Anexo 2'!$D$10,0) -> 0 | H26: =ROUND('Anexo 12'!H26*'Anexo 2'!$D$10,0) -> 0 | I26: =ROUND('Anexo 12'!I26*'Anexo 2'!$D$10,0) -> 0 | J26: =ROUND('Anexo 12'!J26*'Anexo 2'!$D$10,0) -> 0 | ... Z26: =ROUND('Anexo 12'!Z26*'Anexo 2'!$D$10,0) -> 0 | AA26: =SUM(C26:Z26) -> 0 | AB26: 6
A27: 46600 | B27: O | C27: =ROUND('Anexo 12'!C27*'Anexo 2'!$D$10,0) -> 0 | D27: =ROUND('Anexo 12'!D27*'Anexo 2'!$D$10,0) -> 0 | E27: =ROUND('Anexo 12'!E27*'Anexo 2'!$D$10,0) -> 0 | F27: =ROUND('Anexo 12'!F27*'Anexo 2'!$D$10,0) -> 0 | G27: =ROUND('Anexo 12'!G27*'Anexo 2'!$D$10,0) -> 0 | H27: =ROUND('Anexo 12'!H27*'Anexo 2'!$D$10,0) -> 0 | I27: =ROUND('Anexo 12'!I27*'Anexo 2'!$D$10,0) -> 0 | J27: =ROUND('Anexo 12'!J27*'Anexo 2'!$D$10,0) -> 0 | ... Z27: =ROUND('Anexo 12'!Z27*'Anexo 2'!$D$10,0) -> 0 | AA27: =SUM(C27:Z27) -> 0 | AB27: 21 | AC27: =+AA27*AB27+AA28*AB28+AA29*AB29 -> 0
B28: S | C28: =ROUND('Anexo 12'!C28*'Anexo 2'!$D$10,0) -> 0 | D28: =ROUND('Anexo 12'!D28*'Anexo 2'!$D$10,0) -> 0 | E28: =ROUND('Anexo 12'!E28*'Anexo 2'!$D$10,0) -> 0 | F28: =ROUND('Anexo 12'!F28*'Anexo 2'!$D$10,0) -> 0 | G28: =ROUND('Anexo 12'!G28*'Anexo 2'!$D$10,0) -> 0 | H28: =ROUND('Anexo 12'!H28*'Anexo 2'!$D$10,0) -> 0 | I28: =ROUND('Anexo 12'!I28*'Anexo 2'!$D$10,0) -> 0 | J28: =ROUND('Anexo 12'!J28*'Anexo 2'!$D$10,0) -> 0 | ... Z28: =ROUND('Anexo 12'!Z28*'Anexo 2'!$D$10,0) -> 0 | AA28: =SUM(C28:Z28) -> 0 | AB28: 3
B29: F | C29: =ROUND('Anexo 12'!C29*'Anexo 2'!$D$10,0) -> 0 | D29: =ROUND('Anexo 12'!D29*'Anexo 2'!$D$10,0) -> 0 | E29: =ROUND('Anexo 12'!E29*'Anexo 2'!$D$10,0) -> 0 | F29: =ROUND('Anexo 12'!F29*'Anexo 2'!$D$10,0) -> 0 | G29: =ROUND('Anexo 12'!G29*'Anexo 2'!$D$10,0) -> 0 | H29: =ROUND('Anexo 12'!H29*'Anexo 2'!$D$10,0) -> 0 | I29: =ROUND('Anexo 12'!I29*'Anexo 2'!$D$10,0) -> 0 | J29: =ROUND('Anexo 12'!J29*'Anexo 2'!$D$10,0) -> 0 | ... Z29: =ROUND('Anexo 12'!Z29*'Anexo 2'!$D$10,0) -> 0 | AA29: =SUM(C29:Z29) -> 0 | AB29: 7
A30: 46631 | B30: O | C30: =ROUND('Anexo 12'!C30*'Anexo 2'!$D$10,0) -> 0 | D30: =ROUND('Anexo 12'!D30*'Anexo 2'!$D$10,0) -> 0 | E30: =ROUND('Anexo 12'!E30*'Anexo 2'!$D$10,0) -> 0 | F30: =ROUND('Anexo 12'!F30*'Anexo 2'!$D$10,0) -> 0 | G30: =ROUND('Anexo 12'!G30*'Anexo 2'!$D$10,0) -> 0 | H30: =ROUND('Anexo 12'!H30*'Anexo 2'!$D$10,0) -> 0 | I30: =ROUND('Anexo 12'!I30*'Anexo 2'!$D$10,0) -> 0 | J30: =ROUND('Anexo 12'!J30*'Anexo 2'!$D$10,0) -> 0 | ... Z30: =ROUND('Anexo 12'!Z30*'Anexo 2'!$D$10,0) -> 0 | AA30: =SUM(C30:Z30) -> 0 | AB30: 22 | AC30: =+AA30*AB30+AA31*AB31+AA32*AB32 -> 0
B31: S | C31: =ROUND('Anexo 12'!C31*'Anexo 2'!$D$10,0) -> 0 | D31: =ROUND('Anexo 12'!D31*'Anexo 2'!$D$10,0) -> 0 | E31: =ROUND('Anexo 12'!E31*'Anexo 2'!$D$10,0) -> 0 | F31: =ROUND('Anexo 12'!F31*'Anexo 2'!$D$10,0) -> 0 | G31: =ROUND('Anexo 12'!G31*'Anexo 2'!$D$10,0) -> 0 | H31: =ROUND('Anexo 12'!H31*'Anexo 2'!$D$10,0) -> 0 | I31: =ROUND('Anexo 12'!I31*'Anexo 2'!$D$10,0) -> 0 | J31: =ROUND('Anexo 12'!J31*'Anexo 2'!$D$10,0) -> 0 | ... Z31: =ROUND('Anexo 12'!Z31*'Anexo 2'!$D$10,0) -> 0 | AA31: =SUM(C31:Z31) -> 0 | AB31: 4
B32: F | C32: =ROUND('Anexo 12'!C32*'Anexo 2'!$D$10,0) -> 0 | D32: =ROUND('Anexo 12'!D32*'Anexo 2'!$D$10,0) -> 0 | E32: =ROUND('Anexo 12'!E32*'Anexo 2'!$D$10,0) -> 0 | F32: =ROUND('Anexo 12'!F32*'Anexo 2'!$D$10,0) -> 0 | G32: =ROUND('Anexo 12'!G32*'Anexo 2'!$D$10,0) -> 0 | H32: =ROUND('Anexo 12'!H32*'Anexo 2'!$D$10,0) -> 0 | I32: =ROUND('Anexo 12'!I32*'Anexo 2'!$D$10,0) -> 0 | J32: =ROUND('Anexo 12'!J32*'Anexo 2'!$D$10,0) -> 0 | ... Z32: =ROUND('Anexo 12'!Z32*'Anexo 2'!$D$10,0) -> 0 | AA32: =SUM(C32:Z32) -> 0 | AB32: 4
A33: 46661 | B33: O | C33: =ROUND('Anexo 12'!C33*'Anexo 2'!$D$10,0) -> 0 | D33: =ROUND('Anexo 12'!D33*'Anexo 2'!$D$10,0) -> 0 | E33: =ROUND('Anexo 12'!E33*'Anexo 2'!$D$10,0) -> 0 | F33: =ROUND('Anexo 12'!F33*'Anexo 2'!$D$10,0) -> 0 | G33: =ROUND('Anexo 12'!G33*'Anexo 2'!$D$10,0) -> 0 | H33: =ROUND('Anexo 12'!H33*'Anexo 2'!$D$10,0) -> 0 | I33: =ROUND('Anexo 12'!I33*'Anexo 2'!$D$10,0) -> 0 | J33: =ROUND('Anexo 12'!J33*'Anexo 2'!$D$10,0) -> 0 | ... Z33: =ROUND('Anexo 12'!Z33*'Anexo 2'!$D$10,0) -> 0 | AA33: =SUM(C33:Z33) -> 0 | AB33: 20 | AC33: =+AA33*AB33+AA34*AB34+AA35*AB35 -> 0
B34: S | C34: =ROUND('Anexo 12'!C34*'Anexo 2'!$D$10,0) -> 0 | D34: =ROUND('Anexo 12'!D34*'Anexo 2'!$D$10,0) -> 0 | E34: =ROUND('Anexo 12'!E34*'Anexo 2'!$D$10,0) -> 0 | F34: =ROUND('Anexo 12'!F34*'Anexo 2'!$D$10,0) -> 0 | G34: =ROUND('Anexo 12'!G34*'Anexo 2'!$D$10,0) -> 0 | H34: =ROUND('Anexo 12'!H34*'Anexo 2'!$D$10,0) -> 0 | I34: =ROUND('Anexo 12'!I34*'Anexo 2'!$D$10,0) -> 0 | J34: =ROUND('Anexo 12'!J34*'Anexo 2'!$D$10,0) -> 0 | ... Z34: =ROUND('Anexo 12'!Z34*'Anexo 2'!$D$10,0) -> 0 | AA34: =SUM(C34:Z34) -> 0 | AB34: 5
B35: F | C35: =ROUND('Anexo 12'!C35*'Anexo 2'!$D$10,0) -> 0 | D35: =ROUND('Anexo 12'!D35*'Anexo 2'!$D$10,0) -> 0 | E35: =ROUND('Anexo 12'!E35*'Anexo 2'!$D$10,0) -> 0 | F35: =ROUND('Anexo 12'!F35*'Anexo 2'!$D$10,0) -> 0 | G35: =ROUND('Anexo 12'!G35*'Anexo 2'!$D$10,0) -> 0 | H35: =ROUND('Anexo 12'!H35*'Anexo 2'!$D$10,0) -> 0 | I35: =ROUND('Anexo 12'!I35*'Anexo 2'!$D$10,0) -> 0 | J35: =ROUND('Anexo 12'!J35*'Anexo 2'!$D$10,0) -> 0 | ... Z35: =ROUND('Anexo 12'!Z35*'Anexo 2'!$D$10,0) -> 0 | AA35: =SUM(C35:Z35) -> 0 | AB35: 6
A36: 46692 | B36: O | C36: =ROUND('Anexo 12'!C36*'Anexo 2'!$D$10,0) -> 0 | D36: =ROUND('Anexo 12'!D36*'Anexo 2'!$D$10,0) -> 0 | E36: =ROUND('Anexo 12'!E36*'Anexo 2'!$D$10,0) -> 0 | F36: =ROUND('Anexo 12'!F36*'Anexo 2'!$D$10,0) -> 0 | G36: =ROUND('Anexo 12'!G36*'Anexo 2'!$D$10,0) -> 0 | H36: =ROUND('Anexo 12'!H36*'Anexo 2'!$D$10,0) -> 0 | I36: =ROUND('Anexo 12'!I36*'Anexo 2'!$D$10,0) -> 0 | J36: =ROUND('Anexo 12'!J36*'Anexo 2'!$D$10,0) -> 0 | ... Z36: =ROUND('Anexo 12'!Z36*'Anexo 2'!$D$10,0) -> 0 | AA36: =SUM(C36:Z36) -> 0 | AB36: 20 | AC36: =+AA36*AB36+AA37*AB37+AA38*AB38 -> 0
B37: S | C37: =ROUND('Anexo 12'!C37*'Anexo 2'!$D$10,0) -> 0 | D37: =ROUND('Anexo 12'!D37*'Anexo 2'!$D$10,0) -> 0 | E37: =ROUND('Anexo 12'!E37*'Anexo 2'!$D$10,0) -> 0 | F37: =ROUND('Anexo 12'!F37*'Anexo 2'!$D$10,0) -> 0 | G37: =ROUND('Anexo 12'!G37*'Anexo 2'!$D$10,0) -> 0 | H37: =ROUND('Anexo 12'!H37*'Anexo 2'!$D$10,0) -> 0 | I37: =ROUND('Anexo 12'!I37*'Anexo 2'!$D$10,0) -> 0 | J37: =ROUND('Anexo 12'!J37*'Anexo 2'!$D$10,0) -> 0 | ... Z37: =ROUND('Anexo 12'!Z37*'Anexo 2'!$D$10,0) -> 0 | AA37: =SUM(C37:Z37) -> 0 | AB37: 4
B38: F | C38: =ROUND('Anexo 12'!C38*'Anexo 2'!$D$10,0) -> 0 | D38: =ROUND('Anexo 12'!D38*'Anexo 2'!$D$10,0) -> 0 | E38: =ROUND('Anexo 12'!E38*'Anexo 2'!$D$10,0) -> 0 | F38: =ROUND('Anexo 12'!F38*'Anexo 2'!$D$10,0) -> 0 | G38: =ROUND('Anexo 12'!G38*'Anexo 2'!$D$10,0) -> 0 | H38: =ROUND('Anexo 12'!H38*'Anexo 2'!$D$10,0) -> 0 | I38: =ROUND('Anexo 12'!I38*'Anexo 2'!$D$10,0) -> 0 | J38: =ROUND('Anexo 12'!J38*'Anexo 2'!$D$10,0) -> 0 | ... Z38: =ROUND('Anexo 12'!Z38*'Anexo 2'!$D$10,0) -> 0 | AA38: =SUM(C38:Z38) -> 0 | AB38: 6
A39: 46722 | B39: O | C39: =ROUND('Anexo 12'!C39*'Anexo 2'!$D$10,0) -> 0 | D39: =ROUND('Anexo 12'!D39*'Anexo 2'!$D$10,0) -> 0 | E39: =ROUND('Anexo 12'!E39*'Anexo 2'!$D$10,0) -> 0 | F39: =ROUND('Anexo 12'!F39*'Anexo 2'!$D$10,0) -> 0 | G39: =ROUND('Anexo 12'!G39*'Anexo 2'!$D$10,0) -> 0 | H39: =ROUND('Anexo 12'!H39*'Anexo 2'!$D$10,0) -> 0 | I39: =ROUND('Anexo 12'!I39*'Anexo 2'!$D$10,0) -> 0 | J39: =ROUND('Anexo 12'!J39*'Anexo 2'!$D$10,0) -> 0 | ... Z39: =ROUND('Anexo 12'!Z39*'Anexo 2'!$D$10,0) -> 0 | AA39: =SUM(C39:Z39) -> 0 | AB39: 22 | AC39: =+AA39*AB39+AA40*AB40+AA41*AB41 -> 0
B40: S | C40: =ROUND('Anexo 12'!C40*'Anexo 2'!$D$10,0) -> 0 | D40: =ROUND('Anexo 12'!D40*'Anexo 2'!$D$10,0) -> 0 | E40: =ROUND('Anexo 12'!E40*'Anexo 2'!$D$10,0) -> 0 | F40: =ROUND('Anexo 12'!F40*'Anexo 2'!$D$10,0) -> 0 | G40: =ROUND('Anexo 12'!G40*'Anexo 2'!$D$10,0) -> 0 | H40: =ROUND('Anexo 12'!H40*'Anexo 2'!$D$10,0) -> 0 | I40: =ROUND('Anexo 12'!I40*'Anexo 2'!$D$10,0) -> 0 | J40: =ROUND('Anexo 12'!J40*'Anexo 2'!$D$10,0) -> 0 | ... Z40: =ROUND('Anexo 12'!Z40*'Anexo 2'!$D$10,0) -> 0 | AA40: =SUM(C40:Z40) -> 0 | AB40: 3
B41: F | C41: =ROUND('Anexo 12'!C41*'Anexo 2'!$D$10,0) -> 0 | D41: =ROUND('Anexo 12'!D41*'Anexo 2'!$D$10,0) -> 0 | E41: =ROUND('Anexo 12'!E41*'Anexo 2'!$D$10,0) -> 0 | F41: =ROUND('Anexo 12'!F41*'Anexo 2'!$D$10,0) -> 0 | G41: =ROUND('Anexo 12'!G41*'Anexo 2'!$D$10,0) -> 0 | H41: =ROUND('Anexo 12'!H41*'Anexo 2'!$D$10,0) -> 0 | I41: =ROUND('Anexo 12'!I41*'Anexo 2'!$D$10,0) -> 0 | J41: =ROUND('Anexo 12'!J41*'Anexo 2'!$D$10,0) -> 0 | ... Z41: =ROUND('Anexo 12'!Z41*'Anexo 2'!$D$10,0) -> 0 | AA41: =SUM(C41:Z41) -> 0 | AB41: 6
A42: TOTAL AÑO | C42: =+SUM(C6:C41) -> 0 | D42: =+SUM(D6:D41) -> 0 | E42: =+SUM(E6:E41) -> 0 | F42: =+SUM(F6:F41) -> 0 | G42: =+SUM(G6:G41) -> 0 | H42: =+SUM(H6:H41) -> 0 | I42: =+SUM(I6:I41) -> 0 | J42: =+SUM(J6:J41) -> 0 | ... AC42: =+SUM(AC6:AC41) -> 0

Sheet Anexo 3
B3: ANEXO No 3 - PRODUCTO No. 3 - CURVA
B4: PAGUE LO CONTRATADO AÑO 2028
B5: PRECIO OFERTADO EN $ / kWh DE ABRIL DE 2025
B8: MES | C8: ENERGIA SOLICITADA kWh/MES | D8: % OFERTADO ANUAL | E8: ENERGIA OFERTADA kWh/MES | F8: PRECIO OFERTADO ANUAL $/kWh
B10: 46753 | C10: =+'Anexo 13'!AC6 -> 2469927 | E10: =+'Cantidades Ofertadas Prod 3'!AC6 -> 0
B11: 46784 | C11: =+'Anexo 13'!AC9 -> 1664815 | E11: =+'Cantidades Ofertadas Prod 3'!AC9 -> 0
B12: 46813 | C12: =+'Anexo 13'!AC12 -> 2468294 | E12: =+'Cantidades Ofertadas Prod 3'!AC12 -> 0
B13: 46844 | C13: =+'Anexo 13'!AC15 -> 2036758 | E13: =+'Cantidades Ofertadas Prod 3'!AC15 -> 0
B14: 46874 | C14: =+'Anexo 13'!AC18 -> 2080628 | E14: =+'Cantidades Ofertadas Prod 3'!AC18 -> 0
B15: 46905 | C15: =+'Anexo 13'!AC21 -> 1855010 | E15: =+'Cantidades Ofertadas Prod 3'!AC21 -> 0
B16: 46935 | C16: =+'Anexo 13'!AC24 -> 1782959 | E16: =+'Cantidades Ofertadas Prod 3'!AC24 -> 0
B17: 46966 | C17: =+'Anexo 13'!AC27 -> 2055264 | E17: =+'Cantidades Ofertadas Prod 3'!AC27 -> 0
B18: 46997 | C18: =+'Anexo 13'!AC30 -> 2091155 | E18: =+'Cantidades Ofertadas Prod 3'!AC30 -> 0
B19: 47027 | C19: =+'Anexo 13'!AC33 -> 1739781 | E19: =+'Cantidades Ofertadas Prod 3'!AC33 -> 0
B20: 47058 | C20: =+'Anexo 13'!AC36 -> 1571082 | E20: =+'Cantidades Ofertadas Prod 3'!AC36 -> 0
B21: 47088 | C21: =+'Anexo 13'!AC39 -> 2069696 | E21: =+'Cantidades Ofertadas Prod 3'!AC39 -> 0
B22: TOTAL | C22: =+SUM(C10:C21) -> 23885369 | E22: =SUM(E10:E21) -> 0 | F22: =+F10 -> 0
B23: *Solo se debe ingresar valores en las celdas en color Naranja
B24: * Se debe ofertar un unico % para todos los meses del año.
B25: * Los % ofertados se aplicaran a las curvas de carga de la hoja "Anexo 13".
B26: * La energia ofertada se calcula de manera automatica en la hoja "Cantidades Ofertadas Prod3"
B27: * Se debe ofertar un unico precio por producto.
B28: * Para este producto solo se reciben ofertas siguiendo la curva.
E30: =+E22/1000 -> 0
B32: ____________________________________________
B33: Firma del Representante Legal
B34: o Apoderado General (Responsable del negocio)

Sheet Anexo 13
A1: CURVAS REQUERIDAS PRODUCTO 3 AÑO 2028 MODALIDAD PAGUE LO CONTRATADO - kWh
A4: Periodo | B4: Tipo de día | C4: H01 | D4: H02 | E4: H03 | F4: H04 | G4: H05 | H4: H06 | I4: H07 | J4: H08 | K4: H09 | L4: H10 | M4: H11 | N4: H12 | O4: H13 | P4: H14 | Q4: H15 | R4: H16 | S4: H17 | T4: H18 | U4: H19 | V4: H20 | W4: H21 | X4: H22 | Y4: H23 | Z4: H24 | AA4: TOTAL DÍA | AB4: Días/ | AC4: TOTAL MES
AB5: mes
A6: 46753 | B6: O | C6: 2101 | D6: 1774 | E6: 1583 | F6: 1460 | G6: 1540 | H6: 1780 | I6: 1704 | J6: 2143 | K6: 2988 | L6: 3686 | M6: 4340 | N6: 4777 | O6: 4365 | P6: 4394 | Q6: 4944 | R6: 5077 | S6: 5019 | T6: 5119 | U6: 5401 | V6: 5690 | W6: 5329 | X6: 4993 | Y6: 4210 | Z6: 3166 | AA6: =SUM(C6:Z6) -> 87583 | AB6: 20 | AC6: =+AA6*AB6+AA7*AB7+AA8*AB8 -> 2469927
B7: S | C7: 2144 | D7: 1798 | E7: 1571 | F7: 1438 | G7: 1463 | H7: 1561 | I7: 1290 | J7: 1554 | K7: 2447 | L7: 3119 | M7: 3695 | N7: 4105 | O7: 4035 | P7: 3900 | Q7: 3901 | R7: 3893 | S7: 3909 | T7: 4032 | U7: 4693 | V7: 5140 | W7: 4801 | X7: 4452 | Y7: 3899 | Z7: 3188 | AA7: =SUM(C7:Z7) -> 76028 | AB7: 4
B8: F | C8: 1991 | D8: 1640 | E8: 1358 | F8: 1218 | G8: 1160 | H8: 1247 | I8: 962 | J8: 931 | K8: 1437 | L8: 2078 | M8: 2517 | N8: 2949 | O8: 3166 | P8: 2922 | Q8: 2721 | R8: 2690 | S8: 2620 | T8: 3060 | U8: 3681 | V8: 4320 | W8: 4285 | X8: 4075 | Y8: 3451 | Z8: 2686 | AA8: =SUM(C8:Z8) -> 59165 | AB8: 7
A9: 46784 | B9: O | C9: 1418 | D9: 1217 | E9: 1093 | F9: 992 | G9: 1066 | H9: 1538 | I9: 1053 | J9: 1228 | K9: 1819 | L9: 2351 | M9: 2841 | N9: 3196 | O9: 2754 | P9: 2893 | Q9: 3332 | R9: 3408 | S9: 3381 | T9: 3475 | U9: 4067 | V9: 4440 | W9: 4140 | X9: 3818 | Y9: 3120 | Z9: 2219 | AA9: =SUM(C9:Z9) -> 60859 | AB9: 21 | AC9: =+AA9*AB9+AA10*AB10+AA11*AB11 -> 1664815
B10: S | C10: 1541 | D10: 1354 | E10: 1178 | F10: 1090 | G10: 1103 | H10: 1142 | I10: 644 | J10: 829 | K10: 1489 | L10: 2111 | M10: 2461 | N10: 2800 | O10: 2737 | P10: 2585 | Q10: 2560 | R10: 2506 | S10: 2422 | T10: 2710 | U10: 3781 | V10: 4208 | W10: 3829 | X10: 3677 | Y10: 3132 | Z10: 2474 | AA10: =SUM(C10:Z10) -> 54363 | AB10: 4
B11: F | C11: 1541 | D11: 1345 | E11: 1096 | F11: 941 | G11: 922 | H11: 957 | I11: 310 | J11: 285 | K11: 705 | L11: 1210 | M11: 1579 | N11: 1904 | O11: 2004 | P11: 1926 | Q11: 1715 | R11: 1735 | S11: 1707 | T11: 2038 | U11: 3095 | V11: 3636 | W11: 3476 | X11: 3372 | Y11: 2802 | Z11: 2030 | AA11: =SUM(C11:Z11) -> 42331 | AB11: 4
A12: 46813 | B12: O | C12: 2351 | D12: 2088 | E12: 1926 | F12: 1831 | G12: 1882 | H12: 2326 | I12: 1853 | J12: 2073 | K12: 2731 | L12: 3341 | M12: 3880 | N12: 4278 | O12: 3904 | P12: 3990 | Q12: 4463 | R12: 4529 | S12: 4458 | T12: 4515 | U12: 5164 | V12: 5695 | W12: 5422 | X12: 5135 | Y12: 4342 | Z12: 3365 | AA12: =SUM(C12:Z12) -> 85542 | AB12: 22 | AC12: =+AA12*AB12+AA13*AB13+AA14*AB14 -> 2468294
B13: S | C13: 2397 | D13: 2086 | E13: 1791 | F13: 1755 | G13: 1740 | H13: 1807 | I13: 1285 | J13: 1518 | K13: 2249 | L13: 2853 | M13: 3370 | N13: 3661 | O13: 3628 | P13: 3448 | Q13: 3445 | R13: 3496 | S13: 3378 | T13: 3549 | U13: 4448 | V13: 5019 | W13: 4837 | X13: 4522 | Y13: 3937 | Z13: 3336 | AA13: =SUM(C13:Z13) -> 73555 | AB13: 4
B14: F | C14: 2378 | D14: 2089 | E14: 1820 | F14: 1602 | G14: 1474 | H14: 1524 | I14: 840 | J14: 803 | K14: 1344 | L14: 1787 | M14: 2153 | N14: 2457 | O14: 2739 | P14: 2496 | Q14: 2380 | R14: 2406 | S14: 2350 | T14: 2727 | U14: 3736 | V14: 4482 | W14: 4499 | X14: 4213 | Y14: 3423 | Z14: 2708 | AA14: =SUM(C14:Z14) -> 58430 | AB14: 5
A15: 46844 | B15: O | C15: 1813 | D15: 1505 | E15: 1325 | F15: 1247 | G15: 1270 | H15: 1514 | I15: 1402 | J15: 1694 | K15: 2264 | L15: 2834 | M15: 3372 | N15: 3896 | O15: 3706 | P15: 3672 | Q15: 3868 | R15: 3883 | S15: 3747 | T15: 4304 | U15: 4938 | V15: 5344 | W15: 5110 | X15: 4717 | Y15: 3912 | Z15: 2940 | AA15: =SUM(C15:Z15) -> 74277 | AB15: 18 | AC15: =+AA15*AB15+AA16*AB16+AA17*AB17 -> 2036758
B16: S | C16: 1800 | D16: 1470 | E16: 1242 | F16: 1167 | G16: 1176 | H16: 1250 | I16: 1112 | J16: 1377 | K16: 1895 | L16: 2459 | M16: 2993 | N16: 3334 | O16: 3378 | P16: 3157 | Q16: 3154 | R16: 3154 | S16: 3173 | T16: 3887 | U16: 4636 | V16: 4887 | W16: 4575 | X16: 4206 | Y16: 3579 | Z16: 2853 | AA16: =SUM(C16:Z16) -> 65914 | AB16: 5
B17: F | C17: 1594 | D17: 1403 | E17: 1075 | F17: 925 | G17: 884 | H17: 925 | I17: 757 | J17: 773 | K17: 1217 | L17: 1725 | M17: 2054 | N17: 2305 | O17: 2534 | P17: 2561 | Q17: 2441 | R17: 2444 | S17: 2463 | T17: 3147 | U17: 3854 | V17: 4369 | W17: 4249 | X17: 3797 | Y17: 3061 | Z17: 2329 | AA17: =SUM(C17:Z17) -> 52886 | AB17: 7
A18: 46874 | B18: O | C18: 1781 | D18: 1489 | E18: 1341 | F18: 1221 | G18: 1252 | H18: 1414 | I18: 1321 | J18: 1675 | K18: 2292 | L18: 2838 | M18: 3332 | N18: 3759 | O18: 3445 | P18: 3440 | Q18: 3659 | R18: 3663 | S18: 3607 | T18: 4128 | U18: 4924 | V18: 5258 | W18: 5024 | X18: 4597 | Y18: 3778 | Z18: 2816 | AA18: =SUM(C18:Z18) -> 72054 | AB18: 21 | AC18: =+AA18*AB18+AA19*AB19+AA20*AB20 -> 2080628
B19: S | C19: 1864 | D19: 1485 | E19: 1372 | F19: 1264 | G19: 1264 | H19: 1213 | I19: 974 | J19: 1212 | K19: 1757 | L19: 2316 | M19: 2895 | N19: 3286 | O19: 3196 | P19: 3028 | Q19: 3012 | R19: 3022 | S19: 2912 | T19: 3572 | U19: 4608 | V19: 5103 | W19: 4764 | X19: 4308 | Y19: 3686 | Z19: 3052 | AA19: =SUM(C19:Z19) -> 65165 | AB19: 4
B20: F | C20: 1822 | D20: 1495 | E20: 1231 | F20: 1099 | G20: 1066 | H20: 977 | I20: 548 | J20: 636 | K20: 1139 | L20: 1631 | M20: 1911 | N20: 2164 | O20: 2345 | P20: 2242 | Q20: 2211 | R20: 2192 | S20: 2116 | T20: 2660 | U20: 3528 | V20: 4235 | W20: 4168 | X20: 3952 | Y20: 3259 | Z20: 2512 | AA20: =SUM(C20:Z20) -> 51139 | AB20: 6
A21: 46905 | B21: O | C21: 953 | D21: 741 | E21: 569 | F21: 534 | G21: 633 | H21: 860 | I21: 991 | J21: 1423 | K21: 2049 | L21: 2653 | M21: 3150 | N21: 3551 | O21: 3253 | P21: 3155 | Q21: 3493 | R21: 3601 | S21: 3450 | T21: 3963 | U21: 4347 | V21: 4808 | W21: 4524 | X21: 4029 | Y21: 3158 | Z21: 2132 | AA21: =SUM(C21:Z21) -> 62020 | AB21: 20 | AC21: =+AA21*AB21+AA22*AB22+AA23*AB23 -> 1855010
B22: S | C22: 1313 | D22: 1036 | E22: 710 | F22: 699 | G22: 771 | H22: 831 | I22: 736 | J22: 1159 | K22: 1783 | L22: 2501 | M22: 2962 | N22: 3349 | O22: 3230 | P22: 3143 | Q22: 3095 | R22: 3161 | S22: 3159 | T22: 3680 | U22: 4329 | V22: 4846 | W22: 4470 | X22: 4157 | Y22: 3440 | Z22: 2670 | AA22: =SUM(C22:Z22) -> 61230 | AB22: 4
B23: F | C23: 1585 | D23: 1214 | E23: 973 | F23: 848 | G23: 888 | H23: 978 | I23: 1005 | J23: 1278 | K23: 1878 | L23: 2477 | M23: 2847 | N23: 3239 | O23: 3153 | P23: 3123 | Q23: 3242 | R23: 3233 | S23: 3151 | T23: 3727 | U23: 4049 | V23: 4677 | W23: 4472 | X23: 4046 | Y23: 3169 | Z23: 2363 | AA23: =SUM(C23:Z23) -> 61615 | AB23: 6
A24: 46935 | B24: O | C24: 1086 | D24: 880 | E24: 693 | F24: 619 | G24: 691 | H24: 904 | I24: 958 | J24: 1458 | K24: 2120 | L24: 2802 | M24: 3354 | N24: 3796 | O24: 3432 | P24: 3366 | Q24: 3845 | R24: 3937 | S24: 3819 | T24: 4210 | U24: 4366 | V24: 4839 | W24: 4577 | X24: 4175 | Y24: 3294 | Z24: 2268 | AA24: =SUM(C24:Z24) -> 65489 | AB24: 19 | AC24: =+AA24*AB24+AA25*AB25+AA26*AB26 -> 1782959
B25: S | C25: 875 | D25: 642 | E25: 396 | F25: 305 | G25: 389 | H25: 494 | I25: 307 | J25: 690 | K25: 1386 | L25: 2090 | M25: 2486 | N25: 2844 | O25: 2732 | P25: 2592 | Q25: 2468 | R25: 2524 | S25: 2511 | T25: 3089 | U25: 3670 | V25: 4199 | W25: 3913 | X25: 3600 | Y25: 2893 | Z25: 2148 | AA25: =SUM(C25:Z25) -> 49243 | AB25: 5
B26: F | C26: 1171 | D26: 918 | E26: 650 | F26: 445 | G26: 430 | H26: 354 | I26: 119 | J26: 261 | K26: 773 | L26: 1349 | M26: 1677 | N26: 2036 | O26: 2235 | P26: 2141 | Q26: 1993 | R26: 1885 | S26: 1967 | T26: 2554 | U26: 3052 | V26: 3845 | W26: 3793 | X26: 3443 | Y26: 2767 | Z26: 1921 | AA26: =SUM(C26:Z26) -> 41779 | AB26: 7
A27: 46966 | B27: O | C27: 1321 | D27: 1007 | E27: 796 | F27: 676 | G27: 762 | H27: 1051 | I27: 1084 | J27: 1644 | K27: 2466 | L27: 3174 | M27: 3786 | N27: 4264 | O27: 3835 | P27: 3852 | Q27: 4400 | R27: 4552 | S27: 4453 | T27: 4683 | U27: 4902 | V27: 5131 | W27: 4848 | X27: 4464 | Y27: 3573 | Z27: 2512 | AA27: =SUM(C27:Z27) -> 73236 | AB27: 21 | AC27: =+AA27*AB27+AA28*AB28+AA29*AB29 -> 2055264
B28: S | C28: 1323 | D28: 1026 | E28: 797 | F28: 642 | G28: 723 | H28: 722 | I28: 676 | J28: 1094 | K28: 1932 | L28: 2649 | M28: 3082 | N28: 3533 | O28: 3518 | P28: 3180 | Q28: 3672 | R28: 3425 | S28: 3186 | T28: 3670 | U28: 4240 | V28: 4675 | W28: 4299 | X28: 3871 | Y28: 3251 | Z28: 2479 | AA28: =SUM(C28:Z28) -> 61665 | AB28: 4
B29: F | C29: 1377 | D29: 1000 | E29: 694 | F29: 551 | G29: 551 | H29: 513 | I29: 95 | J29: 347 | K29: 811 | L29: 1405 | M29: 1841 | N29: 2187 | O29: 2301 | P29: 2305 | Q29: 2124 | R29: 2085 | S29: 2122 | T29: 2655 | U29: 3319 | V29: 4078 | W29: 3970 | X29: 3737 | Y29: 2963 | Z29: 2077 | AA29: =SUM(C29:Z29) -> 45108 | AB29: 6
A30: 46997 | B30: O | C30: 1467 | D30: 1152 | E30: 978 | F30: 893 | G30: 972 | H30: 1202 | I30: 1260 | J30: 1737 | K30: 2550 | L30: 3223 | M30: 3819 | N30: 4296 | O30: 3870 | P30: 3867 | Q30: 4352 | R30: 4419 | S30: 4350 | T30: 4703 | U30: 5171 | V30: 5215 | W30: 4942 | X30: 4511 | Y30: 3596 | Z30: 2605 | AA30: =SUM(C30:Z30) -> 75150 | AB30: 21 | AC30: =+AA30*AB30+AA31*AB31+AA32*AB32 -> 2091155
B31: S | C31: 1463 | D31: 1127 | E31: 931 | F31: 817 | G31: 847 | H31: 811 | I31: 773 | J31: 1164 | K31: 2073 | L31: 2776 | M31: 3276 | N31: 3583 | O31: 3546 | P31: 3284 | Q31: 3217 | R31: 3312 | S31: 3233 | T31: 3728 | U31: 4683 | V31: 4841 | W31: 4434 | X31: 4057 | Y31: 3401 | Z31: 2688 | AA31: =SUM(C31:Z31) -> 64065 | AB31: 5
B32: F | C32: 1405 | D32: 1092 | E32: 790 | F32: 681 | G32: 692 | H32: 622 | I32: 426 | J32: 600 | K32: 1121 | L32: 1658 | M32: 2097 | N32: 2417 | O32: 2563 | P32: 2503 | Q32: 2377 | R32: 2263 | S32: 2232 | T32: 2772 | U32: 3611 | V32: 3996 | W32: 3845 | X32: 3554 | Y32: 2798 | Z32: 2055 | AA32: =SUM(C32:Z32) -> 48170 | AB32: 4
A33: 47027 | B33: O | C33: 930 | D33: 644 | E33: 495 | F33: 425 | G33: 492 | H33: 631 | I33: 728 | J33: 1222 | K33: 1960 | L33: 2563 | M33: 3132 | N33: 3560 | O33: 3148 | P33: 3133 | Q33: 3547 | R33: 3672 | S33: 3648 | T33: 4098 | U33: 4752 | V33: 4516 | W33: 4223 | X33: 3786 | Y33: 2964 | Z33: 2012 | AA33: =SUM(C33:Z33) -> 60281 | AB33: 21 | AC33: =+AA33*AB33+AA34*AB34+AA35*AB35 -> 1739781
B34: S | C34: 1406 | D34: 1091 | E34: 854 | F34: 691 | G34: 782 | H34: 595 | I34: 622 | J34: 1125 | K34: 1983 | L34: 2663 | M34: 3159 | N34: 3422 | O34: 3287 | P34: 3028 | Q34: 3068 | R34: 3077 | S34: 3009 | T34: 3717 | U34: 4703 | V34: 4606 | W34: 4222 | X34: 3835 | Y34: 3236 | Z34: 2554 | AA34: =SUM(C34:Z34) -> 60735 | AB34: 4
B35: F | C35: 1257 | D35: 897 | E35: 693 | F35: 476 | G35: 433 | H35: 287 | I35: 140 | J35: 184 | K35: 557 | L35: 1146 | M35: 1541 | N35: 1842 | O35: 1946 | P35: 1894 | Q35: 1703 | R35: 1574 | S35: 1588 | T35: 2269 | U35: 3374 | V35: 3575 | W35: 3478 | X35: 3222 | Y35: 2574 | Z35: 1840 | AA35: =SUM(C35:Z35) -> 38490 | AB35: 6
A36: 47058 | B36: O | C36: 823 | D36: 622 | E36: 473 | F36: 368 | G36: 445 | H36: 661 | I36: 728 | J36: 1154 | K36: 1831 | L36: 2384 | M36: 2872 | N36: 3261 | O36: 2932 | P36: 2877 | Q36: 3290 | R36: 3382 | S36: 3267 | T36: 3897 | U36: 4681 | V36: 4443 | W36: 4130 | X36: 3655 | Y36: 2843 | Z36: 1877 | AA36: =SUM(C36:Z36) -> 56896 | AB36: 20 | AC36: =+AA36*AB36+AA37*AB37+AA38*AB38 -> 1571082
B37: S | C37: 696 | D37: 431 | E37: 215 | F37: 150 | G37: 220 | H37: 240 | I37: 362 | J37: 719 | K37: 1396 | L37: 2036 | M37: 2452 | N37: 2801 | O37: 2780 | P37: 2683 | Q37: 2598 | R37: 2649 | S37: 2568 | T37: 3262 | U37: 4350 | V37: 4330 | W37: 3890 | X37: 3477 | Y37: 2903 | Z37: 2203 | AA37: =SUM(C37:Z37) -> 49411 | AB37: 4
B38: F | C38: 1066 | D38: 840 | E38: 540 | F38: 322 | G38: 322 | H38: 284 | I38: 54 | J38: 183 | K38: 653 | L38: 1276 | M38: 1701 | N38: 1949 | O38: 2136 | P38: 2078 | Q38: 1826 | R38: 1702 | S38: 1673 | T38: 2352 | U38: 3521 | V38: 3528 | W38: 3496 | X38: 3214 | Y38: 2616 | Z38: 1921 | AA38: =SUM(C38:Z38) -> 39253 | AB38: 6
A39: 47088 | B39: O | C39: 1446 | D39: 1237 | E39: 1018 | F39: 954 | G39: 1036 | H39: 1229 | I39: 1180 | J39: 1652 | K39: 2501 | L39: 3154 | M39: 3732 | N39: 4178 | O39: 3892 | P39: 3870 | Q39: 4210 | R39: 4221 | S39: 4084 | T39: 4513 | U39: 5349 | V39: 5374 | W39: 4968 | X39: 4500 | Y39: 3649 | Z39: 2677 | AA39: =SUM(C39:Z39) -> 74624 | AB39: 19 | AC39: =+AA39*AB39+AA40*AB40+AA41*AB41 -> 2069696
B40: S | C40: 1566 | D40: 1158 | E40: 961 | F40: 870 | G40: 948 | H40: 1095 | I40: 964 | J40: 1445 | K40: 2238 | L40: 2954 | M40: 3516 | N40: 3902 | O40: 3643 | P40: 3446 | Q40: 3441 | R40: 3386 | S40: 3299 | T40: 3865 | U40: 4959 | V40: 5048 | W40: 4638 | X40: 4132 | Y40: 3453 | Z40: 2644 | AA40: =SUM(C40:Z40) -> 67571 | AB40: 5
B41: F | C41: 1147 | D41: 823 | E41: 584 | F41: 462 | G41: 478 | H41: 567 | I41: 295 | J41: 402 | K41: 881 | L41: 1480 | M41: 1922 | N41: 2283 | O41: 2384 | P41: 2348 | Q41: 2113 | R41: 2026 | S41: 1987 | T41: 2655 | U41: 3676 | V41: 3968 | W41: 3873 | X41: 3590 | Y41: 2864 | Z41: 2047 | AA41: =SUM(C41:Z41) -> 44855 | AB41: 7
A42: TOTAL AÑO | C42: =+SUM(C6:C41) -> 54212 | D42: =+SUM(D6:D41) -> 43816 | E42: =+SUM(E6:E41) -> 35812 | F42: =+SUM(F6:F41) -> 31678 | G42: =+SUM(G6:G41) -> 32767 | H42: =+SUM(H6:H41) -> 36106 | I42: =+SUM(I6:I41) -> 29558 | J42: =+SUM(J6:J41) -> 39672 | ... AC42: =+SUM(AC6:AC41) -> 23885369

Sheet Cantidades Ofertadas Prod 3
A1: CANTIDADES OFERTADAS PRODUCTO 3 AÑO 2028 MODALIDAD PAGUE LO CONTRATADO - kWh
A4: Periodo | B4: Tipo de día | C4: H01 | D4: H02 | E4: H03 | F4: H04 | G4: H05 | H4: H06 | I4: H07 | J4: H08 | K4: H09 | L4: H10 | M4: H11 | N4: H12 | O4: H13 | P4: H14 | Q4: H15 | R4: H16 | S4: H17 | T4: H18 | U4: H19 | V4: H20 | W4: H21 | X4: H22 | Y4: H23 | Z4: H24 | AA4: TOTAL DÍA | AB4: Días/ | AC4: TOTAL MES
AB5: mes
A6: 46753 | B6: O | C6: =ROUND('Anexo 13'!C6*'Anexo 3'!$D$10,0) -> 0 | D6: =ROUND('Anexo 13'!D6*'Anexo 3'!$D$10,0) -> 0 | E6: =ROUND('Anexo 13'!E6*'Anexo 3'!$D$10,0) -> 0 | F6: =ROUND('Anexo 13'!F6*'Anexo 3'!$D$10,0) -> 0 | G6: =ROUND('Anexo 13'!G6*'Anexo 3'!$D$10,0) -> 0 | H6: =ROUND('Anexo 13'!H6*'Anexo 3'!$D$10,0) -> 0 | I6: =ROUND('Anexo 13'!I6*'Anexo 3'!$D$10,0) -> 0 | J6: =ROUND('Anexo 13'!J6*'Anexo 3'!$D$10,0) -> 0 | ... Z6: =ROUND('Anexo 13'!Z6*'Anexo 3'!$D$10,0) -> 0 | AA6: =SUM(C6:Z6) -> 0 | AB6: 20 | AC6: =+AA6*AB6+AA7*AB7+AA8*AB8 -> 0
B7: S | C7: =ROUND('Anexo 13'!C7*'Anexo 3'!$D$10,0) -> 0 | D7: =ROUND('Anexo 13'!D7*'Anexo 3'!$D$10,0) -> 0 | E7: =ROUND('Anexo 13'!E7*'Anexo 3'!$D$10,0) -> 0 | F7: =ROUND('Anexo 13'!F7*'Anexo 3'!$D$10,0) -> 0 | G7: =ROUND('Anexo 13'!G7*'Anexo 3'!$D$10,0) -> 0 | H7: =ROUND('Anexo 13'!H7*'Anexo 3'!$D$10,0) -> 0 | I7: =ROUND('Anexo 13'!I7*'Anexo 3'!$D$10,0) -> 0 | J7: =ROUND('Anexo 13'!J7*'Anexo 3'!$D$10,0) -> 0 | ... Z7: =ROUND('Anexo 13'!Z7*'Anexo 3'!$D$10,0) -> 0 | AA7: =SUM(C7:Z7) -> 0 | AB7: 4
B8: F | C8: =ROUND('Anexo 13'!C8*'Anexo 3'!$D$10,0) -> 0 | D8: =ROUND('Anexo 13'!D8*'Anexo 3'!$D$10,0) -> 0 | E8: =ROUND('Anexo 13'!E8*'Anexo 3'!$D$10,0) -> 0 | F8: =ROUND('Anexo 13'!F8*'Anexo 3'!$D$10,0) -> 0 | G8: =ROUND('Anexo 13'!G8*'Anexo 3'!$D$10,0) -> 0 | H8: =ROUND('Anexo 13'!H8*'Anexo 3'!$D$10,0) -> 0 | I8: =ROUND('Anexo 13'!I8*'Anexo 3'!$D$10,0) -> 0 | J8: =ROUND('Anexo 13'!J8*'Anexo 3'!$D$10,0) -> 0 | ... Z8: =ROUND('Anexo 13'!Z8*'Anexo 3'!$D$10,0) -> 0 | AA8: =SUM(C8:Z8) -> 0 | AB8: 7
A9: 46784 | B9: O | C9: =ROUND('Anexo 13'!C9*'Anexo 3'!$D$10,0) -> 0 | D9: =ROUND('Anexo 13'!D9*'Anexo 3'!$D$10,0) -> 0 | E9: =ROUND('Anexo 13'!E9*'Anexo 3'!$D$10,0) -> 0 | F9: =ROUND('Anexo 13'!F9*'Anexo 3'!$D$10,0) -> 0 | G9: =ROUND('Anexo 13'!G9*'Anexo 3'!$D$10,0) -> 0 | H9: =ROUND('Anexo 13'!H9*'Anexo 3'!$D$10,0) -> 0 | I9: =ROUND('Anexo 13'!I9*'Anexo 3'!$D$10,0) -> 0 | J9: =ROUND('Anexo 13'!J9*'Anexo 3'!$D$10,0) -> 0 | ... Z9: =ROUND('Anexo 13'!Z9*'Anexo 3'!$D$10,0) -> 0 | AA9: =SUM(C9:Z9) -> 0 | AB9: 21 | AC9: =+AA9*AB9+AA10*AB10+AA11*AB11 -> 0
B10: S | C10: =ROUND('Anexo 13'!C10*'Anexo 3'!$D$10,0) -> 0 | D10: =ROUND('Anexo 13'!D10*'Anexo 3'!$D$10,0) -> 0 | E10: =ROUND('Anexo 13'!E10*'Anexo 3'!$D$10,0) -> 0 | F10: =ROUND('Anexo 13'!F10*'Anexo 3'!$D$10,0) -> 0 | G10: =ROUND('Anexo 13'!G10*'Anexo 3'!$D$10,0) -> 0 | H10: =ROUND('Anexo 13'!H10*'Anexo 3'!$D$10,0) -> 0 | I10: =ROUND('Anexo 13'!I10*'Anexo 3'!$D$10,0) -> 0 | J10: =ROUND('Anexo 13'!J10*'Anexo 3'!$D$10,0) -> 0 | ... Z10: =ROUND('Anexo 13'!Z10*'Anexo 3'!$D$10,0) -> 0 | AA10: =SUM(C10:Z10) -> 0 | AB10: 4
B11: F | C11: =ROUND('Anexo 13'!C11*'Anexo 3'!$D$10,0) -> 0 | D11: =ROUND('Anexo 13'!D11*'Anexo 3'!$D$10,0) -> 0 | E11: =ROUND('Anexo 13'!E11*'Anexo 3'!$D$10,0) -> 0 | F11: =ROUND('Anexo 13'!F11*'Anexo 3'!$D$10,0) -> 0 | G11: =ROUND('Anexo 13'!G11*'Anexo 3'!$D$10,0) -> 0 | H11: =ROUND('Anexo 13'!H11*'Anexo 3'!$D$10,0) -> 0 | I11: =ROUND('Anexo 13'!I11*'Anexo 3'!$D$10,0) -> 0 | J11: =ROUND('Anexo 13'!J11*'Anexo 3'!$D$10,0) -> 0 | ... Z11: =ROUND('Anexo 13'!Z11*'Anexo 3'!$D$10,0) -> 0 | AA11: =SUM(C11:Z11) -> 0 | AB11: 4
A12: 46813 | B12: O | C12: =ROUND('Anexo 13'!C12*'Anexo 3'!$D$10,0) -> 0 | D12: =ROUND('Anexo 13'!D12*'Anexo 3'!$D$10,0) -> 0 | E12: =ROUND('Anexo 13'!E12*'Anexo 3'!$D$10,0) -> 0 | F12: =ROUND('Anexo 13'!F12*'Anexo 3'!$D$10,0) -> 0 | G12: =ROUND('Anexo 13'!G12*'Anexo 3'!$D$10,0) -> 0 | H12: =ROUND('Anexo 13'!H12*'Anexo 3'!$D$10,0) -> 0 | I12: =ROUND('Anexo 13'!I12*'Anexo 3'!$D$10,0) -> 0 | J12: =ROUND('Anexo 13'!J12*'Anexo 3'!$D$10,0) -> 0 | ... Z12: =ROUND('Anexo 13'!Z12*'Anexo 3'!$D$10,0) -> 0 | AA12: =SUM(C12:Z12) -> 0 | AB12: 22 | AC12: =+AA12*AB12+AA13*AB13+AA14*AB14 -> 0
B13: S | C13: =ROUND('Anexo 13'!C13*'Anexo 3'!$D$10,0) -> 0 | D13: =ROUND('Anexo 13'!D13*'Anexo 3'!$D$10,0) -> 0 | E13: =ROUND('Anexo 13'!E13*'Anexo 3'!$D$10,0) -> 0 | F13: =ROUND('Anexo 13'!F13*'Anexo 3'!$D$10,0) -> 0 | G13: =ROUND('Anexo 13'!G13*'Anexo 3'!$D$10,0) -> 0 | H13: =ROUND('Anexo 13'!H13*'Anexo 3'!$D$10,0) -> 0 | I13: =ROUND('Anexo 13'!I13*'Anexo 3'!$D$10,0) -> 0 | J13: =ROUND('Anexo 13'!J13*'Anexo 3'!$D$10,0) -> 0 | ... Z13: =ROUND('Anexo 13'!Z13*'Anexo 3'!$D$10,0) -> 0 | AA13: =SUM(C13:Z13) -> 0 | AB13: 4
B14: F | C14: =ROUND('Anexo 13'!C14*'Anexo 3'!$D$10,0) -> 0 | D14: =ROUND('Anexo 13'!D14*'Anexo 3'!$D$10,0) -> 0 | E14: =ROUND('Anexo 13'!E14*'Anexo 3'!$D$10,0) -> 0 | F14: =ROUND('Anexo 13'!F14*'Anexo 3'!$D$10,0) -> 0 | G14: =ROUND('Anexo 13'!G14*'Anexo 3'!$D$10,0) -> 0 | H14: =ROUND('Anexo 13'!H14*'Anexo 3'!$D$10,0) -> 0 | I14: =ROUND('Anexo 13'!I14*'Anexo 3'!$D$10,0) -> 0 | J14: =ROUND('Anexo 13'!J14*'Anexo 3'!$D$10,0) -> 0 | ... Z14: =ROUND('Anexo 13'!Z14*'Anexo 3'!$D$10,0) -> 0 | AA14: =SUM(C14:Z14) -> 0 | AB14: 5
A15: 46844 | B15: O | C15: =ROUND('Anexo 13'!C15*'Anexo 3'!$D$10,0) -> 0 | D15: =ROUND('Anexo 13'!D15*'Anexo 3'!$D$10,0) -> 0 | E15: =ROUND('Anexo 13'!E15*'Anexo 3'!$D$10,0) -> 0 | F15: =ROUND('Anexo 13'!F15*'Anexo 3'!$D$10,0) -> 0 | G15: =ROUND('Anexo 13'!G15*'Anexo 3'!$D$10,0) -> 0 | H15: =ROUND('Anexo 13'!H15*'Anexo 3'!$D$10,0) -> 0 | I15: =ROUND('Anexo 13'!I15*'Anexo 3'!$D$10,0) -> 0 | J15: =ROUND('Anexo 13'!J15*'Anexo 3'!$D$10,0) -> 0 | ... Z15: =ROUND('Anexo 13'!Z15*'Anexo 3'!$D$10,0) -> 0 | AA15: =SUM(C15:Z15) -> 0 | AB15: 18 | AC15: =+AA15*AB15+AA16*AB16+AA17*AB17 -> 0
B16: S | C16: =ROUND('Anexo 13'!C16*'Anexo 3'!$D$10,0) -> 0 | D16: =ROUND('Anexo 13'!D16*'Anexo 3'!$D$10,0) -> 0 | E16: =ROUND('Anexo 13'!E16*'Anexo 3'!$D$10,0) -> 0 | F16: =ROUND('Anexo 13'!F16*'Anexo 3'!$D$10,0) -> 0 | G16: =ROUND('Anexo 13'!G16*'Anexo 3'!$D$10,0) -> 0 | H16: =ROUND('Anexo 13'!H16*'Anexo 3'!$D$10,0) -> 0 | I16: =ROUND('Anexo 13'!I16*'Anexo 3'!$D$10,0) -> 0 | J16: =ROUND('Anexo 13'!J16*'Anexo 3'!$D$10,0) -> 0 | ... Z16: =ROUND('Anexo 13'!Z16*'Anexo 3'!$D$10,0) -> 0 | AA16: =SUM(C16:Z16) -> 0 | AB16: 5
B17: F | C17: =ROUND('Anexo 13'!C17*'Anexo 3'!$D$10,0) -> 0 | D17: =ROUND('Anexo 13'!D17*'Anexo 3'!$D$10,0) -> 0 | E17: =ROUND('Anexo 13'!E17*'Anexo 3'!$D$10,0) -> 0 | F17: =ROUND('Anexo 13'!F17*'Anexo 3'!$D$10,0) -> 0 | G17: =ROUND('Anexo 13'!G17*'Anexo 3'!$D$10,0) -> 0 | H17: =ROUND('Anexo 13'!H17*'Anexo 3'!$D$10,0) -> 0 | I17: =ROUND('Anexo 13'!I17*'Anexo 3'!$D$10,0) -> 0 | J17: =ROUND('Anexo 13'!J17*'Anexo 3'!$D$10,0) -> 0 | ... Z17: =ROUND('Anexo 13'!Z17*'Anexo 3'!$D$10,0) -> 0 | AA17: =SUM(C17:Z17) -> 0 | AB17: 7
A18: 46874 | B18: O | C18: =ROUND('Anexo 13'!C18*'Anexo 3'!$D$10,0) -> 0 | D18: =ROUND('Anexo 13'!D18*'Anexo 3'!$D$10,0) -> 0 | E18: =ROUND('Anexo 13'!E18*'Anexo 3'!$D$10,0) -> 0 | F18: =ROUND('Anexo 13'!F18*'Anexo 3'!$D$10,0) -> 0 | G18: =ROUND('Anexo 13'!G18*'Anexo 3'!$D$10,0) -> 0 | H18: =ROUND('Anexo 13'!H18*'Anexo 3'!$D$10,0) -> 0 | I18: =ROUND('Anexo 13'!I18*'Anexo 3'!$D$10,0) -> 0 | J18: =ROUND('Anexo 13'!J18*'Anexo 3'!$D$10,0) -> 0 | ... Z18: =ROUND('Anexo 13'!Z18*'Anexo 3'!$D$10,0) -> 0 | AA18: =SUM(C18:Z18) -> 0 | AB18: 21 | AC18: =+AA18*AB18+AA19*AB19+AA20*AB20 -> 0
B19: S | C19: =ROUND('Anexo 13'!C19*'Anexo 3'!$D$10,0) -> 0 | D19: =ROUND('Anexo 13'!D19*'Anexo 3'!$D$10,0) -> 0 | E19: =ROUND('Anexo 13'!E19*'Anexo 3'!$D$10,0) -> 0 | F19: =ROUND('Anexo 13'!F19*'Anexo 3'!$D$10,0) -> 0 | G19: =ROUND('Anexo 13'!G19*'Anexo 3'!$D$10,0) -> 0 | H19: =ROUND('Anexo 13'!H19*'Anexo 3'!$D$10,0) -> 0 | I19: =ROUND('Anexo 13'!I19*'Anexo 3'!$D$10,0) -> 0 | J19: =ROUND('Anexo 13'!J19*'Anexo 3'!$D$10,0) -> 0 | ... Z19: =ROUND('Anexo 13'!Z19*'Anexo 3'!$D$10,0) -> 0 | AA19: =SUM(C19:Z19) -> 0 | AB19: 4
B20: F | C20: =ROUND('Anexo 13'!C20*'Anexo 3'!$D$10,0) -> 0 | D20: =ROUND('Anexo 13'!D20*'Anexo 3'!$D$10,0) -> 0 | E20: =ROUND('Anexo 13'!E20*'Anexo 3'!$D$10,0) -> 0 | F20: =ROUND('Anexo 13'!F20*'Anexo 3'!$D$10,0) -> 0 | G20: =ROUND('Anexo 13'!G20*'Anexo 3'!$D$10,0) -> 0 | H20: =ROUND('Anexo 13'!H20*'Anexo 3'!$D$10,0) -> 0 | I20: =ROUND('Anexo 13'!I20*'Anexo 3'!$D$10,0) -> 0 | J20: =ROUND('Anexo 13'!J20*'Anexo 3'!$D$10,0) -> 0 | ... Z20: =ROUND('Anexo 13'!Z20*'Anexo 3'!$D$10,0) -> 0 | AA20: =SUM(C20:Z20) -> 0 | AB20: 6
A21: 46905 | B21: O | C21: =ROUND('Anexo 13'!C21*'Anexo 3'!$D$10,0) -> 0 | D21: =ROUND('Anexo 13'!D21*'Anexo 3'!$D$10,0) -> 0 | E21: =ROUND('Anexo 13'!E21*'Anexo 3'!$D$10,0) -> 0 | F21: =ROUND('Anexo 13'!F21*'Anexo 3'!$D$10,0) -> 0 | G21: =ROUND('Anexo 13'!G21*'Anexo 3'!$D$10,0) -> 0 | H21: =ROUND('Anexo 13'!H21*'Anexo 3'!$D$10,0) -> 0 | I21: =ROUND('Anexo 13'!I21*'Anexo 3'!$D$10,0) -> 0 | J21: =ROUND('Anexo 13'!J21*'Anexo 3'!$D$10,0) -> 0 | ... Z21: =ROUND('Anexo 13'!Z21*'Anexo 3'!$D$10,0) -> 0 | AA21: =SUM(C21:Z21) -> 0 | AB21: 20 | AC21: =+AA21*AB21+AA22*AB22+AA23*AB23 -> 0
B22: S | C22: =ROUND('Anexo 13'!C22*'Anexo 3'!$D$10,0) -> 0 | D22: =ROUND('Anexo 13'!D22*'Anexo 3'!$D$10,0) -> 0 | E22: =ROUND('Anexo 13'!E22*'Anexo 3'!$D$10,0) -> 0 | F22: =ROUND('Anexo 13'!F22*'Anexo 3'!$D$10,0) -> 0 | G22: =ROUND('Anexo 13'!G22*'Anexo 3'!$D$10,0) -> 0 | H22: =ROUND('Anexo 13'!H22*'Anexo 3'!$D$10,0) -> 0 | I22: =ROUND('Anexo 13'!I22*'Anexo 3'!$D$10,0) -> 0 | J22: =ROUND('Anexo 13'!J22*'Anexo 3'!$D$10,0) -> 0 | ... Z22: =ROUND('Anexo 13'!Z22*'Anexo 3'!$D$10,0) -> 0 | AA22: =SUM(C22:Z22) -> 0 | AB22: 4
B23: F | C23: =ROUND('Anexo 13'!C23*'Anexo 3'!$D$10,0) -> 0 | D23: =ROUND('Anexo 13'!D23*'Anexo 3'!$D$10,0) -> 0 | E23: =ROUND('Anexo 13'!E23*'Anexo 3'!$D$10,0) -> 0 | F23: =ROUND('Anexo 13'!F23*'Anexo 3'!$D$10,0) -> 0 | G23: =ROUND('Anexo 13'!G23*'Anexo 3'!$D$10,0) -> 0 | H23: =ROUND('Anexo 13'!H23*'Anexo 3'!$D$10,0) -> 0 | I23: =ROUND('Anexo 13'!I23*'Anexo 3'!$D$10,0) -> 0 | J23: =ROUND('Anexo 13'!J23*'Anexo 3'!$D$10,0) -> 0 | ... Z23: =ROUND('Anexo 13'!Z23*'Anexo 3'!$D$10,0) -> 0 | AA23: =SUM(C23:Z23) -> 0 | AB23: 6
A24: 46935 | B24: O | C24: =ROUND('Anexo 13'!C24*'Anexo 3'!$D$10,0) -> 0 | D24: =ROUND('Anexo 13'!D24*'Anexo 3'!$D$10,0) -> 0 | E24: =ROUND('Anexo 13'!E24*'Anexo 3'!$D$10,0) -> 0 | F24: =ROUND('Anexo 13'!F24*'Anexo 3'!$D$10,0) -> 0 | G24: =ROUND('Anexo 13'!G24*'Anexo 3'!$D$10,0) -> 0 | H24: =ROUND('Anexo 13'!H24*'Anexo 3'!$D$10,0) -> 0 | I24: =ROUND('Anexo 13'!I24*'Anexo 3'!$D$10,0) -> 0 | J24: =ROUND('Anexo 13'!J24*'Anexo 3'!$D$10,0) -> 0 | ... Z24: =ROUND('Anexo 13'!Z24*'Anexo 3'!$D$10,0) -> 0 | AA24: =SUM(C24:Z24) -> 0 | AB24: 19 | AC24: =+AA24*AB24+AA25*AB25+AA26*AB26 -> 0
B25: S | C25: =ROUND('Anexo 13'!C25*'Anexo 3'!$D$10,0) -> 0 | D25: =ROUND('Anexo 13'!D25*'Anexo 3'!$D$10,0) -> 0 | E25: =ROUND('Anexo 13'!E25*'Anexo 3'!$D$10,0) -> 0 | F25: =ROUND('Anexo 13'!F25*'Anexo 3'!$D$10,0) -> 0 | G25: =ROUND('Anexo 13'!G25*'Anexo 3'!$D$10,0) -> 0 | H25: =ROUND('Anexo 13'!H25*'Anexo 3'!$D$10,0) -> 0 | I25: =ROUND('Anexo 13'!I25*'Anexo 3'!$D$10,0) -> 0 | J25: =ROUND('Anexo 13'!J25*'Anexo 3'!$D$10,0) -> 0 | ... Z25: =ROUND('Anexo 13'!Z25*'Anexo 3'!$D$10,0) -> 0 | AA25: =SUM(C25:Z25) -> 0 | AB25: 5
B26: F | C26: =ROUND('Anexo 13'!C26*'Anexo 3'!$D$10,0) -> 0 | D26: =ROUND('Anexo 13'!D26*'Anexo 3'!$D$10,0) -> 0 | E26: =ROUND('Anexo 13'!E26*'Anexo 3'!$D$10,0) -> 0 | F26: =ROUND('Anexo 13'!F26*'Anexo 3'!$D$10,0) -> 0 | G26: =ROUND('Anexo 13'!G26*'Anexo 3'!$D$10,0) -> 0 | H26: =ROUND('Anexo 13'!H26*'Anexo 3'!$D$10,0) -> 0 | I26: =ROUND('Anexo 13'!I26*'Anexo 3'!$D$10,0) -> 0 | J26: =ROUND('Anexo 13'!J26*'Anexo 3'!$D$10,0) -> 0 | ... Z26: =ROUND('Anexo 13'!Z26*'Anexo 3'!$D$10,0) -> 0 | AA26: =SUM(C26:Z26) -> 0 | AB26: 7
A27: 46966 | B27: O | C27: =ROUND('Anexo 13'!C27*'Anexo 3'!$D$10,0) -> 0 | D27: =ROUND('Anexo 13'!D27*'Anexo 3'!$D$10,0) -> 0 | E27: =ROUND('Anexo 13'!E27*'Anexo 3'!$D$10,0) -> 0 | F27: =ROUND('Anexo 13'!F27*'Anexo 3'!$D$10,0) -> 0 | G27: =ROUND('Anexo 13'!G27*'Anexo 3'!$D$10,0) -> 0 | H27: =ROUND('Anexo 13'!H27*'Anexo 3'!$D$10,0) -> 0 | I27: =ROUND('Anexo 13'!I27*'Anexo 3'!$D$10,0) -> 0 | J27: =ROUND('Anexo 13'!J27*'Anexo 3'!$D$10,0) -> 0 | ... Z27: =ROUND('Anexo 13'!Z27*'Anexo 3'!$D$10,0) -> 0 | AA27: =SUM(C27:Z27) -> 0 | AB27: 21 | AC27: =+AA27*AB27+AA28*AB28+AA29*AB29 -> 0
B28: S | C28: =ROUND('Anexo 13'!C28*'Anexo 3'!$D$10,0) -> 0 | D28: =ROUND('Anexo 13'!D28*'Anexo 3'!$D$10,0) -> 0 | E28: =ROUND('Anexo 13'!E28*'Anexo 3'!$D$10,0) -> 0 | F28: =ROUND('Anexo 13'!F28*'Anexo 3'!$D$10,0) -> 0 | G28: =ROUND('Anexo 13'!G28*'Anexo 3'!$D$10,0) -> 0 | H28: =ROUND('Anexo 13'!H28*'Anexo 3'!$D$10,0) -> 0 | I28: =ROUND('Anexo 13'!I28*'Anexo 3'!$D$10,0) -> 0 | J28: =ROUND('Anexo 13'!J28*'Anexo 3'!$D$10,0) -> 0 | ... Z28: =ROUND('Anexo 13'!Z28*'Anexo 3'!$D$10,0) -> 0 | AA28: =SUM(C28:Z28) -> 0 | AB28: 4
B29: F | C29: =ROUND('Anexo 13'!C29*'Anexo 3'!$D$10,0) -> 0 | D29: =ROUND('Anexo 13'!D29*'Anexo 3'!$D$10,0) -> 0 | E29: =ROUND('Anexo 13'!E29*'Anexo 3'!$D$10,0) -> 0 | F29: =ROUND('Anexo 13'!F29*'Anexo 3'!$D$10,0) -> 0 | G29: =ROUND('Anexo 13'!G29*'Anexo 3'!$D$10,0) -> 0 | H29: =ROUND('Anexo 13'!H29*'Anexo 3'!$D$10,0) -> 0 | I29: =ROUND('Anexo 13'!I29*'Anexo 3'!$D$10,0) -> 0 | J29: =ROUND('Anexo 13'!J29*'Anexo 3'!$D$10,0) -> 0 | ... Z29: =ROUND('Anexo 13'!Z29*'Anexo 3'!$D$10,0) -> 0 | AA29: =SUM(C29:Z29) -> 0 | AB29: 6
A30: 46997 | B30: O | C30: =ROUND('Anexo 13'!C30*'Anexo 3'!$D$10,0) -> 0 | D30: =ROUND('Anexo 13'!D30*'Anexo 3'!$D$10,0) -> 0 | E30: =ROUND('Anexo 13'!E30*'Anexo 3'!$D$10,0) -> 0 | F30: =ROUND('Anexo 13'!F30*'Anexo 3'!$D$10,0) -> 0 | G30: =ROUND('Anexo 13'!G30*'Anexo 3'!$D$10,0) -> 0 | H30: =ROUND('Anexo 13'!H30*'Anexo 3'!$D$10,0) -> 0 | I30: =ROUND('Anexo 13'!I30*'Anexo 3'!$D$10,0) -> 0 | J30: =ROUND('Anexo 13'!J30*'Anexo 3'!$D$10,0) -> 0 | ... Z30: =ROUND('Anexo 13'!Z30*'Anexo 3'!$D$10,0) -> 0 | AA30: =SUM(C30:Z30) -> 0 | AB30: 21 | AC30: =+AA30*AB30+AA31*AB31+AA32*AB32 -> 0
B31: S | C31: =ROUND('Anexo 13'!C31*'Anexo 3'!$D$10,0) -> 0 | D31: =ROUND('Anexo 13'!D31*'Anexo 3'!$D$10,0) -> 0 | E31: =ROUND('Anexo 13'!E31*'Anexo 3'!$D$10,0) -> 0 | F31: =ROUND('Anexo 13'!F31*'Anexo 3'!$D$10,0) -> 0 | G31: =ROUND('Anexo 13'!G31*'Anexo 3'!$D$10,0) -> 0 | H31: =ROUND('Anexo 13'!H31*'Anexo 3'!$D$10,0) -> 0 | I31: =ROUND('Anexo 13'!I31*'Anexo 3'!$D$10,0) -> 0 | J31: =ROUND('Anexo 13'!J31*'Anexo 3'!$D$10,0) -> 0 | ... Z31: =ROUND('Anexo 13'!Z31*'Anexo 3'!$D$10,0) -> 0 | AA31: =SUM(C31:Z31) -> 0 | AB31: 5
B32: F | C32: =ROUND('Anexo 13'!C32*'Anexo 3'!$D$10,0) -> 0 | D32: =ROUND('Anexo 13'!D32*'Anexo 3'!$D$10,0) -> 0 | E32: =ROUND('Anexo 13'!E32*'Anexo 3'!$D$10,0) -> 0 | F32: =ROUND('Anexo 13'!F32*'Anexo 3'!$D$10,0) -> 0 | G32: =ROUND('Anexo 13'!G32*'Anexo 3'!$D$10,0) -> 0 | H32: =ROUND('Anexo 13'!H32*'Anexo 3'!$D$10,0) -> 0 | I32: =ROUND('Anexo 13'!I32*'Anexo 3'!$D$10,0) -> 0 | J32: =ROUND('Anexo 13'!J32*'Anexo 3'!$D$10,0) -> 0 | ... Z32: =ROUND('Anexo 13'!Z32*'Anexo 3'!$D$10,0) -> 0 | AA32: =SUM(C32:Z32) -> 0 | AB32: 4
A33: 47027 | B33: O | C33: =ROUND('Anexo 13'!C33*'Anexo 3'!$D$10,0) -> 0 | D33: =ROUND('Anexo 13'!D33*'Anexo 3'!$D$10,0) -> 0 | E33: =ROUND('Anexo 13'!E33*'Anexo 3'!$D$10,0) -> 0 | F33: =ROUND('Anexo 13'!F33*'Anexo 3'!$D$10,0) -> 0 | G33: =ROUND('Anexo 13'!G33*'Anexo 3'!$D$10,0) -> 0 | H33: =ROUND('Anexo 13'!H33*'Anexo 3'!$D$10,0) -> 0 | I33: =ROUND('Anexo 13'!I33*'Anexo 3'!$D$10,0) -> 0 | J33: =ROUND('Anexo 13'!J33*'Anexo 3'!$D$10,0) -> 0 | ... Z33: =ROUND('Anexo 13'!Z33*'Anexo 3'!$D$10,0) -> 0 | AA33: =SUM(C33:Z33) -> 0 | AB33: 21 | AC33: =+AA33*AB33+AA34*AB34+AA35*AB35 -> 0
B34: S | C34: =ROUND('Anexo 13'!C34*'Anexo 3'!$D$10,0) -> 0 | D34: =ROUND('Anexo 13'!D34*'Anexo 3'!$D$10,0) -> 0 | E34: =ROUND('Anexo 13'!E34*'Anexo 3'!$D$10,0) -> 0 | F34: =ROUND('Anexo 13'!F34*'Anexo 3'!$D$10,0) -> 0 | G34: =ROUND('Anexo 13'!G34*'Anexo 3'!$D$10,0) -> 0 | H34: =ROUND('Anexo 13'!H34*'Anexo 3'!$D$10,0) -> 0 | I34: =ROUND('Anexo 13'!I34*'Anexo 3'!$D$10,0) -> 0 | J34: =ROUND('Anexo 13'!J34*'Anexo 3'!$D$10,0) -> 0 | ... Z34: =ROUND('Anexo 13'!Z34*'Anexo 3'!$D$10,0) -> 0 | AA34: =SUM(C34:Z34) -> 0 | AB34: 4
B35: F | C35: =ROUND('Anexo 13'!C35*'Anexo 3'!$D$10,0) -> 0 | D35: =ROUND('Anexo 13'!D35*'Anexo 3'!$D$10,0) -> 0 | E35: =ROUND('Anexo 13'!E35*'Anexo 3'!$D$10,0) -> 0 | F35: =ROUND('Anexo 13'!F35*'Anexo 3'!$D$10,0) -> 0 | G35: =ROUND('Anexo 13'!G35*'Anexo 3'!$D$10,0) -> 0 | H35: =ROUND('Anexo 13'!H35*'Anexo 3'!$D$10,0) -> 0 | I35: =ROUND('Anexo 13'!I35*'Anexo 3'!$D$10,0) -> 0 | J35: =ROUND('Anexo 13'!J35*'Anexo 3'!$D$10,0) -> 0 | ... Z35: =ROUND('Anexo 13'!Z35*'Anexo 3'!$D$10,0) -> 0 | AA35: =SUM(C35:Z35) -> 0 | AB35: 6
A36: 47058 | B36: O | C36: =ROUND('Anexo 13'!C36*'Anexo 3'!$D$10,0) -> 0 | D36: =ROUND('Anexo 13'!D36*'Anexo 3'!$D$10,0) -> 0 | E36: =ROUND('Anexo 13'!E36*'Anexo 3'!$D$10,0) -> 0 | F36: =ROUND('Anexo 13'!F36*'Anexo 3'!$D$10,0) -> 0 | G36: =ROUND('Anexo 13'!G36*'Anexo 3'!$D$10,0) -> 0 | H36: =ROUND('Anexo 13'!H36*'Anexo 3'!$D$10,0) -> 0 | I36: =ROUND('Anexo 13'!I36*'Anexo 3'!$D$10,0) -> 0 | J36: =ROUND('Anexo 13'!J36*'Anexo 3'!$D$10,0) -> 0 | ... Z36: =ROUND('Anexo 13'!Z36*'Anexo 3'!$D$10,0) -> 0 | AA36: =SUM(C36:Z36) -> 0 | AB36: 20 | AC36: =+AA36*AB36+AA37*AB37+AA38*AB38 -> 0
B37: S | C37: =ROUND('Anexo 13'!C37*'Anexo 3'!$D$10,0) -> 0 | D37: =ROUND('Anexo 13'!D37*'Anexo 3'!$D$10,0) -> 0 | E37: =ROUND('Anexo 13'!E37*'Anexo 3'!$D$10,0) -> 0 | F37: =ROUND('Anexo 13'!F37*'Anexo 3'!$D$10,0) -> 0 | G37: =ROUND('Anexo 13'!G37*'Anexo 3'!$D$10,0) -> 0 | H37: =ROUND('Anexo 13'!H37*'Anexo 3'!$D$10,0) -> 0 | I37: =ROUND('Anexo 13'!I37*'Anexo 3'!$D$10,0) -> 0 | J37: =ROUND('Anexo 13'!J37*'Anexo 3'!$D$10,0) -> 0 | ... Z37: =ROUND('Anexo 13'!Z37*'Anexo 3'!$D$10,0) -> 0 | AA37: =SUM(C37:Z37) -> 0 | AB37: 4
B38: F | C38: =ROUND('Anexo 13'!C38*'Anexo 3'!$D$10,0) -> 0 | D38: =ROUND('Anexo 13'!D38*'Anexo 3'!$D$10,0) -> 0 | E38: =ROUND('Anexo 13'!E38*'Anexo 3'!$D$10,0) -> 0 | F38: =ROUND('Anexo 13'!F38*'Anexo 3'!$D$10,0) -> 0 | G38: =ROUND('Anexo 13'!G38*'Anexo 3'!$D$10,0) -> 0 | H38: =ROUND('Anexo 13'!H38*'Anexo 3'!$D$10,0) -> 0 | I38: =ROUND('Anexo 13'!I38*'Anexo 3'!$D$10,0) -> 0 | J38: =ROUND('Anexo 13'!J38*'Anexo 3'!$D$10,0) -> 0 | ... Z38: =ROUND('Anexo 13'!Z38*'Anexo 3'!$D$10,0) -> 0 | AA38: =SUM(C38:Z38) -> 0 | AB38: 6
A39: 47088 | B39: O | C39: =ROUND('Anexo 13'!C39*'Anexo 3'!$D$10,0) -> 0 | D39: =ROUND('Anexo 13'!D39*'Anexo 3'!$D$10,0) -> 0 | E39: =ROUND('Anexo 13'!E39*'Anexo 3'!$D$10,0) -> 0 | F39: =ROUND('Anexo 13'!F39*'Anexo 3'!$D$10,0) -> 0 | G39: =ROUND('Anexo 13'!G39*'Anexo 3'!$D$10,0) -> 0 | H39: =ROUND('Anexo 13'!H39*'Anexo 3'!$D$10,0) -> 0 | I39: =ROUND('Anexo 13'!I39*'Anexo 3'!$D$10,0) -> 0 | J39: =ROUND('Anexo 13'!J39*'Anexo 3'!$D$10,0) -> 0 | ... Z39: =ROUND('Anexo 13'!Z39*'Anexo 3'!$D$10,0) -> 0 | AA39: =SUM(C39:Z39) -> 0 | AB39: 19 | AC39: =+AA39*AB39+AA40*AB40+AA41*AB41 -> 0
B40: S | C40: =ROUND('Anexo 13'!C40*'Anexo 3'!$D$10,0) -> 0 | D40: =ROUND('Anexo 13'!D40*'Anexo 3'!$D$10,0) -> 0 | E40: =ROUND('Anexo 13'!E40*'Anexo 3'!$D$10,0) -> 0 | F40: =ROUND('Anexo 13'!F40*'Anexo 3'!$D$10,0) -> 0 | G40: =ROUND('Anexo 13'!G40*'Anexo 3'!$D$10,0) -> 0 | H40: =ROUND('Anexo 13'!H40*'Anexo 3'!$D$10,0) -> 0 | I40: =ROUND('Anexo 13'!I40*'Anexo 3'!$D$10,0) -> 0 | J40: =ROUND('Anexo 13'!J40*'Anexo 3'!$D$10,0) -> 0 | ... Z40: =ROUND('Anexo 13'!Z40*'Anexo 3'!$D$10,0) -> 0 | AA40: =SUM(C40:Z40) -> 0 | AB40: 5
B41: F | C41: =ROUND('Anexo 13'!C41*'Anexo 3'!$D$10,0) -> 0 | D41: =ROUND('Anexo 13'!D41*'Anexo 3'!$D$10,0) -> 0 | E41: =ROUND('Anexo 13'!E41*'Anexo 3'!$D$10,0) -> 0 | F41: =ROUND('Anexo 13'!F41*'Anexo 3'!$D$10,0) -> 0 | G41: =ROUND('Anexo 13'!G41*'Anexo 3'!$D$10,0) -> 0 | H41: =ROUND('Anexo 13'!H41*'Anexo 3'!$D$10,0) -> 0 | I41: =ROUND('Anexo 13'!I41*'Anexo 3'!$D$10,0) -> 0 | J41: =ROUND('Anexo 13'!J41*'Anexo 3'!$D$10,0) -> 0 | ... Z41: =ROUND('Anexo 13'!Z41*'Anexo 3'!$D$10,0) -> 0 | AA41: =SUM(C41:Z41) -> 0 | AB41: 7
A42: TOTAL AÑO | C42: =ROUND('Anexo 13'!C42*'Anexo 3'!$D$10,0) -> 0 | D42: =ROUND('Anexo 13'!D42*'Anexo 3'!$D$10,0) -> 0 | E42: =ROUND('Anexo 13'!E42*'Anexo 3'!$D$10,0) -> 0 | F42: =ROUND('Anexo 13'!F42*'Anexo 3'!$D$10,0) -> 0 | G42: =ROUND('Anexo 13'!G42*'Anexo 3'!$D$10,0) -> 0 | H42: =ROUND('Anexo 13'!H42*'Anexo 3'!$D$10,0) -> 0 | I42: =ROUND('Anexo 13'!I42*'Anexo 3'!$D$10,0) -> 0 | J42: =ROUND('Anexo 13'!J42*'Anexo 3'!$D$10,0) -> 0 | ... Z42: =ROUND('Anexo 13'!Z42*'Anexo 3'!$D$10,0) -> 0 | AA42: =+SUM(AA6:AA41) -> 0 | AB42: =+SUM(AB6:AB41) -> 366 | AC42: =+SUM(AC6:AC41) -> 0

Sheet Anexo 4
B3: ANEXO No 4 - PRODUCTO No. 4 - CURVA
B4: PAGUE LO CONTRATADO AÑO 2029
B5: PRECIO OFERTADO EN $ / kWh DE ABRIL DE 2025
B8: MES | C8: ENERGIA SOLICITADA kWh/MES | D8: % OFERTADO ANUAL | E8: ENERGIA OFERTADA kWh/MES | F8: PRECIO OFERTADO ANUAL $/kWh
B10: 47119 | C10: =+'Anexo 14'!AC6 -> 2894590 | E10: =+'Cantidades Ofertadas Prod 4'!AC6 -> 0
B11: 47150 | C11: =+'Anexo 14'!AC9 -> 2098216 | E11: =+'Cantidades Ofertadas Prod 4'!AC9 -> 0
B12: 47178 | C12: =+'Anexo 14'!AC12 -> 2810480 | E12: =+'Cantidades Ofertadas Prod 4'!AC12 -> 0
B13: 47209 | C13: =+'Anexo 14'!AC15 -> 2631872 | E13: =+'Cantidades Ofertadas Prod 4'!AC15 -> 0
B14: 47239 | C14: =+'Anexo 14'!AC18 -> 2670675 | E14: =+'Cantidades Ofertadas Prod 4'!AC18 -> 0
B15: 47270 | C15: =+'Anexo 14'!AC21 -> 2476585 | E15: =+'Cantidades Ofertadas Prod 4'!AC21 -> 0
B16: 47300 | C16: =+'Anexo 14'!AC24 -> 2480638 | E16: =+'Cantidades Ofertadas Prod 4'!AC24 -> 0
B17: 47331 | C17: =+'Anexo 14'!AC27 -> 2711297 | E17: =+'Cantidades Ofertadas Prod 4'!AC27 -> 0
B18: 47362 | C18: =+'Anexo 14'!AC30 -> 2693815 | E18: =+'Cantidades Ofertadas Prod 4'!AC30 -> 0
B19: 47392 | C19: =+'Anexo 14'!AC33 -> 2448032 | E19: =+'Cantidades Ofertadas Prod 4'!AC33 -> 0
B20: 47423 | C20: =+'Anexo 14'!AC36 -> 2244800 | E20: =+'Cantidades Ofertadas Prod 4'!AC36 -> 0
B21: 47453 | C21: =+'Anexo 14'!AC39 -> 2706589 | E21: =+'Cantidades Ofertadas Prod 4'!AC39 -> 0
B22: TOTAL | C22: =+SUM(C10:C21) -> 30867589 | E22: =SUM(E10:E21) -> 0 | F22: =+F10 -> 0
B23: *Solo se debe ingresar valores en las celdas en color Naranja
B24: * Se debe ofertar un unico % para todos los meses del año.
B25: * Los % ofertados se aplicaran a las curvas de carga de la hoja "Anexo 14".
B26: * La energia ofertada se calcula de manera automatica en la hoja "Cantidades Ofertadas Prod4"
B27: * Se debe ofertar un unico precio por producto.
B28: * Para ofertas planas se debe diligenciar el anexo 4A, con un tope horario de 500 kWh
B33: ____________________________________________
B34: Firma del Representante Legal
B35: o Apoderado General (Responsable del negocio)
H36: =+C36-G36 -> 0
H37: =+C37-G37 -> 0

Sheet Anexo 4A
B3: ANEXO No 4A - PRODUCTO No. 4 - OFERTA PLANA
B4: PAGUE LO CONTRATADO AÑO 2029
B5: PRECIO OFERTADO EN $ / kWh DE ABRIL DE 2025
B8: MES | C8: ENERGIA MAXIMA A OFERTAR kWh/MES | D8: kWh OFERTADO | E8: ENERGIA OFERTADA kWh/MES | F8: PRECIO OFERTADO ANUAL $/kWh
A9: 500
A10: 31 | B10: 47119 | C10: =+$A$9*A10*24 -> 372000 | E10: =+$D$10*A10*24 -> 0
A11: 28 | B11: 47150 | C11: =+$A$9*A11*24 -> 336000 | E11: =+$D$10*A11*24 -> 0
A12: 31 | B12: 47178 | C12: =+$A$9*A12*24 -> 372000 | E12: =+$D$10*A12*24 -> 0
A13: 30 | B13: 47209 | C13: =+$A$9*A13*24 -> 360000 | E13: =+$D$10*A13*24 -> 0
A14: 31 | B14: 47239 | C14: =+$A$9*A14*24 -> 372000 | E14: =+$D$10*A14*24 -> 0
A15: 30 | B15: 47270 | C15: =+$A$9*A15*24 -> 360000 | E15: =+$D$10*A15*24 -> 0
A16: 31 | B16: 47300 | C16: =+$A$9*A16*24 -> 372000 | E16: =+$D$10*A16*24 -> 0
A17: 31 | B17: 47331 | C17: =+$A$9*A17*24 -> 372000 | E17: =+$D$10*A17*24 -> 0
A18: 30 | B18: 47362 | C18: =+$A$9*A18*24 -> 360000 | E18: =+$D$10*A18*24 -> 0
A19: 31 | B19: 47392 | C19: =+$A$9*A19*24 -> 372000 | E19: =+$D$10*A19*24 -> 0
A20: 30 | B20: 47423 | C20: =+$A$9*A20*24 -> 360000 | E20: =+$D$10*A20*24 -> 0
A21: 31 | B21: 47453 | C21: =+$A$9*A21*24 -> 372000 | E21: =+$D$10*A21*24 -> 0
B22: TOTAL | C22: =+SUM(C10:C21) -> 4380000 | E22: =SUM(E10:E21) -> 0 | F22: =+F10 -> 0
B23: *Solo se debe ingresar valores en las celdas en color Naranja
B24: * Se debe oferta un valor de kWh el cual se aplica para todas las horas del año, con un tope horario de 500 kWh
B25: * Se debe ofertar un unico precio por producto.
B26: * A las ofertas planas al momento de la evaluación se le adicionarán 5 $/kWh al precio ofertado; con el fin de hacerlas comparables con las Ofertas que siguen la curva
B31: ____________________________________________
B32: Firma del Representante Legal
B33: o Apoderado General (Responsable del negocio)

Sheet Anexo 14
A1: CURVAS REQUERIDAS PRODUCTO 4 AÑO 2029 MODALIDAD PAGUE LO CONTRATADO - kWh
A4: Periodo | B4: Tipo de día | C4: H01 | D4: H02 | E4: H03 | F4: H04 | G4: H05 | H4: H06 | I4: H07 | J4: H08 | K4: H09 | L4: H10 | M4: H11 | N4: H12 | O4: H13 | P4: H14 | Q4: H15 | R4: H16 | S4: H17 | T4: H18 | U4: H19 | V4: H20 | W4: H21 | X4: H22 | Y4: H23 | Z4: H24 | AA4: TOTAL DÍA | AB4: Días/ | AC4: TOTAL MES
AB5: mes
A6: 47119 | B6: O | C6: 2510 | D6: 2156 | E6: 1952 | F6: 1832 | G6: 1909 | H6: 2169 | I6: 2164 | J6: 2559 | K6: 3441 | L6: 4171 | M6: 4852 | N6: 5333 | O6: 4918 | P6: 4936 | Q6: 5499 | R6: 5636 | S6: 5563 | T6: 5932 | U6: 6177 | V6: 6476 | W6: 6097 | X6: 5730 | Y6: 4893 | Z6: 3817 | AA6: =SUM(C6:Z6) -> 100722 | AB6: 21 | AC6: =+AA6*AB6+AA7*AB7+AA8*AB8 -> 2894590
B7: S | C7: 2569 | D7: 2199 | E7: 1957 | F7: 1820 | G7: 1841 | H7: 1948 | I7: 1742 | J7: 1952 | K7: 2851 | L7: 3566 | M7: 4169 | N7: 4609 | O7: 4539 | P7: 4378 | Q7: 4370 | R7: 4366 | S7: 4369 | T7: 4805 | U7: 5457 | V7: 5917 | W7: 5558 | X7: 5185 | Y7: 4585 | Z7: 3833 | AA7: =SUM(C7:Z7) -> 88585 | AB7: 4
B8: F | C8: 2420 | D8: 2046 | E8: 1752 | F8: 1598 | G8: 1540 | H8: 1621 | I8: 1360 | J8: 1268 | K8: 1786 | L8: 2447 | M8: 2905 | N8: 3363 | O8: 3594 | P8: 3357 | Q8: 3143 | R8: 3107 | S8: 3039 | T8: 3761 | U8: 4407 | V8: 5076 | W8: 5026 | X8: 4786 | Y8: 4123 | Z8: 3323 | AA8: =SUM(C8:Z8) -> 70848 | AB8: 6
A9: 47150 | B9: O | C9: 1940 | D9: 1694 | E9: 1550 | F9: 1452 | G9: 1536 | H9: 2047 | I9: 1695 | J9: 1845 | K9: 2499 | L9: 3083 | M9: 3623 | N9: 4030 | O9: 3564 | P9: 3683 | Q9: 4173 | R9: 4268 | S9: 4218 | T9: 4576 | U9: 5041 | V9: 5449 | W9: 5126 | X9: 4764 | Y9: 3986 | Z9: 3018 | AA9: =SUM(C9:Z9) -> 78860 | AB9: 20 | AC9: =+AA9*AB9+AA10*AB10+AA11*AB11 -> 2098216
B10: S | C10: 2073 | D10: 1835 | E10: 1636 | F10: 1537 | G10: 1548 | H10: 1625 | I10: 1267 | J10: 1422 | K10: 2137 | L10: 2818 | M10: 3246 | N10: 3621 | O10: 3539 | P10: 3364 | Q10: 3337 | R10: 3295 | S10: 3205 | T10: 3760 | U10: 4710 | V10: 5176 | W10: 4785 | X10: 4567 | Y10: 3966 | Z10: 3260 | AA10: =SUM(C10:Z10) -> 71729 | AB10: 4
B11: F | C11: 2102 | D11: 1844 | E11: 1585 | F11: 1412 | G11: 1392 | H11: 1429 | I11: 898 | J11: 808 | K11: 1259 | L11: 1817 | M11: 2212 | N11: 2581 | O11: 2703 | P11: 2613 | Q11: 2393 | R11: 2393 | S11: 2363 | T11: 2995 | U11: 3961 | V11: 4586 | W11: 4444 | X11: 4288 | Y11: 3637 | Z11: 2810 | AA11: =SUM(C11:Z11) -> 58525 | AB11: 4
A12: 47178 | B12: O | C12: 2708 | D12: 2413 | E12: 2236 | F12: 2141 | G12: 2204 | H12: 2684 | I12: 2332 | J12: 2539 | K12: 3249 | L12: 3899 | M12: 4482 | N12: 4926 | O12: 4520 | P12: 4589 | Q12: 5087 | R12: 5169 | S12: 5078 | T12: 5423 | U12: 5974 | V12: 6503 | W12: 6195 | X12: 5852 | Y12: 4992 | Z12: 3963 | AA12: =SUM(C12:Z12) -> 99158 | AB12: 19 | AC12: =+AA12*AB12+AA13*AB13+AA14*AB14 -> 2810480
B13: S | C13: 2743 | D13: 2400 | E13: 2111 | F13: 2052 | G13: 2041 | H13: 2133 | I13: 1741 | J13: 1954 | K13: 2724 | L13: 3373 | M13: 3924 | N13: 4256 | O13: 4208 | P13: 4020 | Q13: 4001 | R13: 4038 | S13: 3930 | T13: 4416 | U13: 5254 | V13: 5828 | W13: 5589 | X13: 5228 | Y13: 4602 | Z13: 3947 | AA13: =SUM(C13:Z13) -> 86513 | AB13: 5
B14: F | C14: 2730 | D14: 2399 | E14: 2122 | F14: 1913 | G14: 1806 | H14: 1858 | I14: 1279 | J14: 1192 | K14: 1737 | L14: 2237 | M14: 2633 | N14: 2977 | O14: 3245 | P14: 3027 | Q14: 2885 | R14: 2885 | S14: 2835 | T14: 3512 | U14: 4455 | V14: 5225 | W14: 5229 | X14: 4920 | Y14: 4119 | Z14: 3339 | AA14: =SUM(C14:Z14) -> 70559 | AB14: 7
A15: 47209 | B15: O | C15: 2428 | D15: 2099 | E15: 1908 | F15: 1827 | G15: 1864 | H15: 2151 | I15: 2099 | J15: 2431 | K15: 3059 | L15: 3669 | M15: 4239 | N15: 4776 | O15: 4540 | P15: 4507 | Q15: 4756 | R15: 4795 | S15: 4655 | T15: 5226 | U15: 5794 | V15: 6188 | W15: 5920 | X15: 5491 | Y15: 4625 | Z15: 3610 | AA15: =SUM(C15:Z15) -> 92657 | AB15: 21 | AC15: =+AA15*AB15+AA16*AB16+AA17*AB17 -> 2631872
B16: S | C16: 2427 | D16: 2075 | E16: 1836 | F16: 1750 | G16: 1767 | H16: 1851 | I16: 1760 | J16: 2058 | K16: 2648 | L16: 3262 | M16: 3822 | N16: 4188 | O16: 4220 | P16: 3989 | Q16: 3975 | R16: 3980 | S16: 3984 | T16: 4724 | U16: 5462 | V16: 5746 | W16: 5404 | X16: 5003 | Y16: 4338 | Z16: 3576 | AA16: =SUM(C16:Z16) -> 83845 | AB16: 4
B17: F | C17: 2285 | D17: 2036 | E17: 1715 | F17: 1558 | G17: 1510 | H17: 1537 | I17: 1367 | J17: 1395 | K17: 1878 | L17: 2424 | M17: 2791 | N17: 3092 | O17: 3327 | P17: 3328 | Q17: 3188 | R17: 3176 | S17: 3182 | T17: 3911 | U17: 4655 | V17: 5202 | W17: 5066 | X17: 4615 | Y17: 3844 | Z17: 3057 | AA17: =SUM(C17:Z17) -> 70139 | AB17: 5
A18: 47239 | B18: O | C18: 2412 | D18: 2094 | E18: 1935 | F18: 1816 | G18: 1860 | H18: 2066 | I18: 2049 | J18: 2434 | K18: 3116 | L18: 3714 | M18: 4247 | N18: 4704 | O18: 4360 | P18: 4337 | Q18: 4613 | R18: 4638 | S18: 4576 | T18: 5113 | U18: 5817 | V18: 6144 | W18: 5882 | X18: 5417 | Y18: 4535 | Z18: 3522 | AA18: =SUM(C18:Z18) -> 91401 | AB18: 21 | AC18: =+AA18*AB18+AA19*AB19+AA20*AB20 -> 2670675
B19: S | C19: 2509 | D19: 2115 | E19: 1975 | F19: 1854 | G19: 1862 | H19: 1821 | I19: 1660 | J19: 1957 | K19: 2592 | L19: 3224 | M19: 3815 | N19: 4224 | O19: 4124 | P19: 3920 | Q19: 3889 | R19: 3892 | S19: 3785 | T19: 4491 | U19: 5481 | V19: 5944 | W19: 5584 | X19: 5125 | Y19: 4445 | Z19: 3760 | AA19: =SUM(C19:Z19) -> 84048 | AB19: 4
B20: F | C20: 2480 | D20: 2120 | E20: 1854 | F20: 1704 | G20: 1680 | H20: 1583 | I20: 1213 | J20: 1316 | K20: 1844 | L20: 2393 | M20: 2707 | N20: 3006 | O20: 3192 | P20: 3079 | Q20: 3013 | R20: 2985 | S20: 2911 | T20: 3526 | U20: 4396 | V20: 5105 | W20: 5021 | X20: 4771 | Y20: 4036 | Z20: 3242 | AA20: =SUM(C20:Z20) -> 69177 | AB20: 6
A21: 47270 | B21: O | C21: 1750 | D21: 1501 | E21: 1318 | F21: 1271 | G21: 1375 | H21: 1621 | I21: 1792 | J21: 2252 | K21: 2935 | L21: 3586 | M21: 4127 | N21: 4574 | O21: 4242 | P21: 4135 | Q21: 4512 | R21: 4624 | S21: 4472 | T21: 5008 | U21: 5351 | V21: 5820 | W21: 5512 | X21: 4986 | Y21: 4056 | Z21: 2987 | AA21: =SUM(C21:Z21) -> 83807 | AB21: 19 | AC21: =+AA21*AB21+AA22*AB22+AA23*AB23 -> 2476585
B22: S | C22: 2075 | D22: 1769 | E22: 1452 | F22: 1418 | G22: 1493 | H22: 1551 | I22: 1503 | J22: 1955 | K22: 2645 | L22: 3402 | M22: 3901 | N22: 4319 | O22: 4196 | P22: 4071 | Q22: 4015 | R22: 4068 | S22: 4048 | T22: 4623 | U22: 5269 | V22: 5786 | W22: 5381 | X22: 5024 | Y22: 4276 | Z22: 3472 | AA22: =SUM(C22:Z22) -> 81712 | AB22: 5
B23: F | C23: 2338 | D23: 1943 | E23: 1688 | F23: 1549 | G23: 1579 | H23: 1638 | I23: 1662 | J23: 1921 | K23: 2535 | L23: 3171 | M23: 3562 | N23: 3982 | O23: 3937 | P23: 3881 | Q23: 3941 | R23: 3917 | S23: 3835 | T23: 4476 | U23: 4839 | V23: 5513 | W23: 5322 | X23: 4888 | Y23: 4004 | Z23: 3161 | AA23: =SUM(C23:Z23) -> 79282 | AB23: 6
A24: 47300 | B24: O | C24: 1903 | D24: 1657 | E24: 1459 | F24: 1378 | G24: 1450 | H24: 1688 | I24: 1775 | J24: 2301 | K24: 3026 | L24: 3748 | M24: 4341 | N24: 4817 | O24: 4420 | P24: 4350 | Q24: 4860 | R24: 4967 | S24: 4842 | T24: 5258 | U24: 5370 | V24: 5867 | W24: 5585 | X24: 5147 | Y24: 4212 | Z24: 3150 | AA24: =SUM(C24:Z24) -> 87571 | AB24: 20 | AC24: =+AA24*AB24+AA25*AB25+AA26*AB26 -> 2480638
B25: S | C25: 1749 | D25: 1475 | E25: 1218 | F25: 1113 | G25: 1197 | H25: 1298 | I25: 1164 | J25: 1579 | K25: 2329 | L25: 3083 | M25: 3526 | N25: 3913 | O25: 3789 | P25: 3611 | Q25: 3498 | R25: 3544 | S25: 3523 | T25: 4137 | U25: 4695 | V25: 5243 | W25: 4923 | X25: 4570 | Y25: 3842 | Z25: 3060 | AA25: =SUM(C25:Z25) -> 72079 | AB25: 4
B26: F | C26: 2005 | D26: 1715 | E26: 1439 | F26: 1229 | G26: 1211 | H26: 1141 | I26: 928 | J26: 1073 | K26: 1614 | L26: 2236 | M26: 2604 | N26: 2990 | O26: 3187 | P26: 3072 | Q26: 2895 | R26: 2784 | S26: 2844 | T26: 3499 | U26: 3999 | V26: 4834 | W26: 4780 | X26: 4410 | Y26: 3691 | Z26: 2806 | AA26: =SUM(C26:Z26) -> 62986 | AB26: 7
A27: 47331 | B27: O | C27: 2103 | D27: 1768 | E27: 1549 | F27: 1431 | G27: 1519 | H27: 1850 | I27: 1913 | J27: 2479 | K27: 3331 | L27: 4068 | M27: 4712 | N27: 5223 | O27: 4765 | P27: 4767 | Q27: 5346 | R27: 5506 | S27: 5404 | T27: 5679 | U27: 5869 | V27: 6129 | W27: 5824 | X27: 5400 | Y27: 4452 | Z27: 3352 | AA27: =SUM(C27:Z27) -> 94439 | AB27: 21 | AC27: =+AA27*AB27+AA28*AB28+AA29*AB29 -> 2711297
B28: S | C28: 2152 | D28: 1826 | E28: 1581 | F28: 1421 | G28: 1496 | H28: 1522 | I28: 1524 | J28: 1962 | K28: 2840 | L28: 3604 | M28: 4074 | N28: 4550 | O28: 4510 | P28: 4158 | Q28: 4546 | R28: 4344 | S28: 4138 | T28: 4687 | U28: 5228 | V28: 5684 | W28: 5279 | X28: 4828 | Y28: 4166 | Z28: 3354 | AA28: =SUM(C28:Z28) -> 83474 | AB28: 4
B29: F | C29: 2187 | D29: 1794 | E29: 1480 | F29: 1324 | G29: 1321 | H29: 1288 | I29: 891 | J29: 1134 | K29: 1631 | L29: 2268 | M29: 2721 | N29: 3098 | O29: 3220 | P29: 3190 | Q29: 2991 | R29: 2947 | S29: 2966 | T29: 3569 | U29: 4248 | V29: 5040 | W29: 4934 | X29: 4663 | Y29: 3857 | Z29: 2935 | AA29: =SUM(C29:Z29) -> 65697 | AB29: 6
A30: 47362 | B30: O | C30: 2231 | D30: 1893 | E30: 1708 | F30: 1620 | G30: 1703 | H30: 1971 | I30: 2068 | J30: 2566 | K30: 3412 | L30: 4125 | M30: 4754 | N30: 5266 | O30: 4811 | P30: 4805 | Q30: 5329 | R30: 5416 | S30: 5333 | T30: 5714 | U30: 6171 | V30: 6211 | W30: 5908 | X30: 5441 | Y30: 4469 | Z30: 3435 | AA30: =SUM(C30:Z30) -> 96360 | AB30: 20 | AC30: =+AA30*AB30+AA31*AB31+AA32*AB32 -> 2693815
B31: S | C31: 2246 | D31: 1886 | E31: 1675 | F31: 1550 | G31: 1582 | H31: 1554 | I31: 1568 | J31: 1991 | K31: 2939 | L31: 3697 | M31: 4232 | N31: 4573 | O31: 4515 | P31: 4232 | Q31: 4171 | R31: 4246 | S31: 4173 | T31: 4737 | U31: 5673 | V31: 5811 | W31: 5375 | X31: 4969 | Y31: 4269 | Z31: 3518 | AA31: =SUM(C31:Z31) -> 85182 | AB31: 5
B32: F | C32: 2217 | D32: 1875 | E32: 1566 | F32: 1437 | G32: 1437 | H32: 1356 | I32: 1179 | J32: 1347 | K32: 1891 | L32: 2479 | M32: 2929 | N32: 3279 | O32: 3432 | P32: 3348 | Q32: 3195 | R32: 3084 | S32: 3048 | T32: 3672 | U32: 4544 | V32: 4950 | W32: 4806 | X32: 4486 | Y32: 3689 | Z32: 2895 | AA32: =SUM(C32:Z32) -> 68141 | AB32: 5
A33: 47392 | B33: O | C33: 1737 | D33: 1430 | E33: 1269 | F33: 1197 | G33: 1272 | H33: 1450 | I33: 1595 | J33: 2107 | K33: 2884 | L33: 3533 | M33: 4138 | N33: 4601 | O33: 4166 | P33: 4144 | Q33: 4598 | R33: 4719 | S33: 4666 | T33: 5166 | U33: 5819 | V33: 5571 | W33: 5246 | X33: 4769 | Y33: 3880 | Z33: 2884 | AA33: =SUM(C33:Z33) -> 82841 | AB33: 22 | AC33: =+AA33*AB33+AA34*AB34+AA35*AB35 -> 2448032
B34: S | C34: 2171 | D34: 1832 | E34: 1589 | F34: 1428 | G34: 1511 | H34: 1362 | I34: 1427 | J34: 1941 | K34: 2825 | L34: 3553 | M34: 4086 | N34: 4398 | O34: 4258 | P34: 3969 | Q34: 3988 | R34: 3985 | S34: 3902 | T34: 4684 | U34: 5694 | V34: 5584 | W34: 5173 | X34: 4753 | Y34: 4100 | Z34: 3372 | AA34: =SUM(C34:Z34) -> 81585 | AB34: 4
B35: F | C35: 2055 | D35: 1674 | E35: 1457 | F35: 1238 | G35: 1201 | H35: 1051 | I35: 923 | J35: 987 | K35: 1411 | L35: 2047 | M35: 2460 | N35: 2795 | O35: 2915 | P35: 2839 | Q35: 2633 | R35: 2504 | S35: 2510 | T35: 3277 | U35: 4393 | V35: 4594 | W35: 4482 | X35: 4193 | Y35: 3493 | Z35: 2706 | AA35: =SUM(C35:Z35) -> 59838 | AB35: 5
A36: 47423 | B36: O | C36: 1624 | D36: 1389 | E36: 1229 | F36: 1126 | G36: 1210 | H36: 1455 | I36: 1605 | J36: 2061 | K36: 2783 | L36: 3388 | M36: 3922 | N36: 4353 | O36: 3981 | P36: 3925 | Q36: 4375 | R36: 4474 | S36: 4350 | T36: 5016 | U36: 5752 | V36: 5495 | W36: 5155 | X36: 4644 | Y36: 3763 | Z36: 2748 | AA36: =SUM(C36:Z36) -> 79823 | AB36: 20 | AC36: =+AA36*AB36+AA37*AB37+AA38*AB38 -> 2244800
B37: S | C37: 1541 | D37: 1243 | E37: 1019 | F37: 940 | G37: 1005 | H37: 1026 | I37: 1209 | J37: 1601 | K37: 2339 | L37: 3021 | M37: 3479 | N37: 3856 | O37: 3811 | P37: 3670 | Q37: 3590 | R37: 3635 | S37: 3548 | T37: 4309 | U37: 5376 | V37: 5326 | W37: 4869 | X37: 4428 | Y37: 3800 | Z37: 3051 | AA37: =SUM(C37:Z37) -> 71692 | AB37: 4
B38: F | C38: 1861 | D38: 1596 | E38: 1292 | F38: 1075 | G38: 1073 | H38: 1018 | I38: 845 | J38: 987 | K38: 1498 | L38: 2161 | M38: 2604 | N38: 2896 | O38: 3086 | P38: 3011 | Q38: 2748 | R38: 2624 | S38: 2587 | T38: 3343 | U38: 4506 | V38: 4532 | W38: 4480 | X38: 4163 | Y38: 3513 | Z38: 2763 | AA38: =SUM(C38:Z38) -> 60262 | AB38: 6
A39: 47453 | B39: O | C39: 2162 | D39: 1907 | E39: 1677 | F39: 1600 | G39: 1682 | H39: 1891 | I39: 1949 | J39: 2457 | K39: 3358 | L39: 4061 | M39: 4680 | N39: 5165 | O39: 4858 | P39: 4821 | Q39: 5200 | R39: 5224 | S39: 5075 | T39: 5537 | U39: 6297 | V39: 6321 | W39: 5889 | X39: 5379 | Y39: 4480 | Z39: 3466 | AA39: =SUM(C39:Z39) -> 95136 | AB39: 20 | AC39: =+AA39*AB39+AA40*AB40+AA41*AB41 -> 2706589
B40: S | C40: 2296 | D40: 1867 | E40: 1650 | F40: 1547 | G40: 1616 | H40: 1761 | I40: 1721 | J40: 2200 | K40: 3031 | L40: 3774 | M40: 4365 | N40: 4773 | O40: 4529 | P40: 4309 | Q40: 4296 | R40: 4232 | S40: 4145 | T40: 4796 | U40: 5848 | V40: 5941 | W40: 5514 | X40: 4979 | Y40: 4265 | Z40: 3435 | AA40: =SUM(C40:Z40) -> 86890 | AB40: 4
B41: F | C41: 1953 | D41: 1599 | E41: 1341 | F41: 1201 | G41: 1205 | H41: 1277 | I41: 1077 | J41: 1180 | K41: 1697 | L41: 2335 | M41: 2800 | N41: 3195 | O41: 3311 | P41: 3256 | Q41: 3025 | R41: 2938 | S41: 2886 | T41: 3611 | U41: 4606 | V41: 4893 | W41: 4772 | X41: 4456 | Y41: 3708 | Z41: 2865 | AA41: =SUM(C41:Z41) -> 65187 | AB41: 7
A42: TOTAL AÑO | C42: =+SUM(C6:C41) -> 78692 | D42: =+SUM(D6:D41) -> 67164 | E42: =+SUM(E6:E41) -> 58780 | F42: =+SUM(F6:F41) -> 54359 | G42: =+SUM(G6:G41) -> 55498 | H42: =+SUM(H6:H41) -> 59292 | I42: =+SUM(I6:I41) -> 54944 | J42: =+SUM(J6:J41) -> 65211 | ... AC42: =+SUM(AC6:AC41) -> 30867589

Sheet Cantidades Ofertadas Prod 4
A1: CANTIDADES OFERTADAS PRODUCTO 4 AÑO 2029 MODALIDAD PAGUE LO CONTRATADO - kWh
A4: Periodo | B4: Tipo de día | C4: H01 | D4: H02 | E4: H03 | F4: H04 | G4: H05 | H4: H06 | I4: H07 | J4: H08 | K4: H09 | L4: H10 | M4: H11 | N4: H12 | O4: H13 | P4: H14 | Q4: H15 | R4: H16 | S4: H17 | T4: H18 | U4: H19 | V4: H20 | W4: H21 | X4: H22 | Y4: H23 | Z4: H24 | AA4: TOTAL DÍA | AB4: Días/ | AC4: TOTAL MES
AB5: mes
A6: 47119 | B6: O | C6: =ROUND('Anexo 14'!C6*'Anexo 4'!$D$10,0) -> 0 | D6: =ROUND('Anexo 14'!D6*'Anexo 4'!$D$10,0) -> 0 | E6: =ROUND('Anexo 14'!E6*'Anexo 4'!$D$10,0) -> 0 | F6: =ROUND('Anexo 14'!F6*'Anexo 4'!$D$10,0) -> 0 | G6: =ROUND('Anexo 14'!G6*'Anexo 4'!$D$10,0) -> 0 | H6: =ROUND('Anexo 14'!H6*'Anexo 4'!$D$10,0) -> 0 | I6: =ROUND('Anexo 14'!I6*'Anexo 4'!$D$10,0) -> 0 | J6: =ROUND('Anexo 14'!J6*'Anexo 4'!$D$10,0) -> 0 | ... Z6: =ROUND('Anexo 14'!Z6*'Anexo 4'!$D$10,0) -> 0 | AA6: =SUM(C6:Z6) -> 0 | AB6: 21 | AC6: =+AA6*AB6+AA7*AB7+AA8*AB8 -> 0
B7: S | C7: =ROUND('Anexo 14'!C7*'Anexo 4'!$D$10,0) -> 0 | D7: =ROUND('Anexo 14'!D7*'Anexo 4'!$D$10,0) -> 0 | E7: =ROUND('Anexo 14'!E7*'Anexo 4'!$D$10,0) -> 0 | F7: =ROUND('Anexo 14'!F7*'Anexo 4'!$D$10,0) -> 0 | G7: =ROUND('Anexo 14'!G7*'Anexo 4'!$D$10,0) -> 0 | H7: =ROUND('Anexo 14'!H7*'Anexo 4'!$D$10,0) -> 0 | I7: =ROUND('Anexo 14'!I7*'Anexo 4'!$D$10,0) -> 0 | J7: =ROUND('Anexo 14'!J7*'Anexo 4'!$D$10,0) -> 0 | ... Z7: =ROUND('Anexo 14'!Z7*'Anexo 4'!$D$10,0) -> 0 | AA7: =SUM(C7:Z7) -> 0 | AB7: 4
B8: F | C8: =ROUND('Anexo 14'!C8*'Anexo 4'!$D$10,0) -> 0 | D8: =ROUND('Anexo 14'!D8*'Anexo 4'!$D$10,0) -> 0 | E8: =ROUND('Anexo 14'!E8*'Anexo 4'!$D$10,0) -> 0 | F8: =ROUND('Anexo 14'!F8*'Anexo 4'!$D$10,0) -> 0 | G8: =ROUND('Anexo 14'!G8*'Anexo 4'!$D$10,0) -> 0 | H8: =ROUND('Anexo 14'!H8*'Anexo 4'!$D$10,0) -> 0 | I8: =ROUND('Anexo 14'!I8*'Anexo 4'!$D$10,0) -> 0 | J8: =ROUND('Anexo 14'!J8*'Anexo 4'!$D$10,0) -> 0 | ... Z8: =ROUND('Anexo 14'!Z8*'Anexo 4'!$D$10,0) -> 0 | AA8: =SUM(C8:Z8) -> 0 | AB8: 6
A9: 47150 | B9: O | C9: =ROUND('Anexo 14'!C9*'Anexo 4'!$D$10,0) -> 0 | D9: =ROUND('Anexo 14'!D9*'Anexo 4'!$D$10,0) -> 0 | E9: =ROUND('Anexo 14'!E9*'Anexo 4'!$D$10,0) -> 0 | F9: =ROUND('Anexo 14'!F9*'Anexo 4'!$D$10,0) -> 0 | G9: =ROUND('Anexo 14'!G9*'Anexo 4'!$D$10,0) -> 0 | H9: =ROUND('Anexo 14'!H9*'Anexo 4'!$D$10,0) -> 0 | I9: =ROUND('Anexo 14'!I9*'Anexo 4'!$D$10,0) -> 0 | J9: =ROUND('Anexo 14'!J9*'Anexo 4'!$D$10,0) -> 0 | ... Z9: =ROUND('Anexo 14'!Z9*'Anexo 4'!$D$10,0) -> 0 | AA9: =SUM(C9:Z9) -> 0 | AB9: 20 | AC9: =+AA9*AB9+AA10*AB10+AA11*AB11 -> 0
B10: S | C10: =ROUND('Anexo 14'!C10*'Anexo 4'!$D$10,0) -> 0 | D10: =ROUND('Anexo 14'!D10*'Anexo 4'!$D$10,0) -> 0 | E10: =ROUND('Anexo 14'!E10*'Anexo 4'!$D$10,0) -> 0 | F10: =ROUND('Anexo 14'!F10*'Anexo 4'!$D$10,0) -> 0 | G10: =ROUND('Anexo 14'!G10*'Anexo 4'!$D$10,0) -> 0 | H10: =ROUND('Anexo 14'!H10*'Anexo 4'!$D$10,0) -> 0 | I10: =ROUND('Anexo 14'!I10*'Anexo 4'!$D$10,0) -> 0 | J10: =ROUND('Anexo 14'!J10*'Anexo 4'!$D$10,0) -> 0 | ... Z10: =ROUND('Anexo 14'!Z10*'Anexo 4'!$D$10,0) -> 0 | AA10: =SUM(C10:Z10) -> 0 | AB10: 4
B11: F | C11: =ROUND('Anexo 14'!C11*'Anexo 4'!$D$10,0) -> 0 | D11: =ROUND('Anexo 14'!D11*'Anexo 4'!$D$10,0) -> 0 | E11: =ROUND('Anexo 14'!E11*'Anexo 4'!$D$10,0) -> 0 | F11: =ROUND('Anexo 14'!F11*'Anexo 4'!$D$10,0) -> 0 | G11: =ROUND('Anexo 14'!G11*'Anexo 4'!$D$10,0) -> 0 | H11: =ROUND('Anexo 14'!H11*'Anexo 4'!$D$10,0) -> 0 | I11: =ROUND('Anexo 14'!I11*'Anexo 4'!$D$10,0) -> 0 | J11: =ROUND('Anexo 14'!J11*'Anexo 4'!$D$10,0) -> 0 | ... Z11: =ROUND('Anexo 14'!Z11*'Anexo 4'!$D$10,0) -> 0 | AA11: =SUM(C11:Z11) -> 0 | AB11: 4
A12: 47178 | B12: O | C12: =ROUND('Anexo 14'!C12*'Anexo 4'!$D$10,0) -> 0 | D12: =ROUND('Anexo 14'!D12*'Anexo 4'!$D$10,0) -> 0 | E12: =ROUND('Anexo 14'!E12*'Anexo 4'!$D$10,0) -> 0 | F12: =ROUND('Anexo 14'!F12*'Anexo 4'!$D$10,0) -> 0 | G12: =ROUND('Anexo 14'!G12*'Anexo 4'!$D$10,0) -> 0 | H12: =ROUND('Anexo 14'!H12*'Anexo 4'!$D$10,0) -> 0 | I12: =ROUND('Anexo 14'!I12*'Anexo 4'!$D$10,0) -> 0 | J12: =ROUND('Anexo 14'!J12*'Anexo 4'!$D$10,0) -> 0 | ... Z12: =ROUND('Anexo 14'!Z12*'Anexo 4'!$D$10,0) -> 0 | AA12: =SUM(C12:Z12) -> 0 | AB12: 19 | AC12: =+AA12*AB12+AA13*AB13+AA14*AB14 -> 0
B13: S | C13: =ROUND('Anexo 14'!C13*'Anexo 4'!$D$10,0) -> 0 | D13: =ROUND('Anexo 14'!D13*'Anexo 4'!$D$10,0) -> 0 | E13: =ROUND('Anexo 14'!E13*'Anexo 4'!$D$10,0) -> 0 | F13: =ROUND('Anexo 14'!F13*'Anexo 4'!$D$10,0) -> 0 | G13: =ROUND('Anexo 14'!G13*'Anexo 4'!$D$10,0) -> 0 | H13: =ROUND('Anexo 14'!H13*'Anexo 4'!$D$10,0) -> 0 | I13: =ROUND('Anexo 14'!I13*'Anexo 4'!$D$10,0) -> 0 | J13: =ROUND('Anexo 14'!J13*'Anexo 4'!$D$10,0) -> 0 | ... Z13: =ROUND('Anexo 14'!Z13*'Anexo 4'!$D$10,0) -> 0 | AA13: =SUM(C13:Z13) -> 0 | AB13: 5
B14: F | C14: =ROUND('Anexo 14'!C14*'Anexo 4'!$D$10,0) -> 0 | D14: =ROUND('Anexo 14'!D14*'Anexo 4'!$D$10,0) -> 0 | E14: =ROUND('Anexo 14'!E14*'Anexo 4'!$D$10,0) -> 0 | F14: =ROUND('Anexo 14'!F14*'Anexo 4'!$D$10,0) -> 0 | G14: =ROUND('Anexo 14'!G14*'Anexo 4'!$D$10,0) -> 0 | H14: =ROUND('Anexo 14'!H14*'Anexo 4'!$D$10,0) -> 0 | I14: =ROUND('Anexo 14'!I14*'Anexo 4'!$D$10,0) -> 0 | J14: =ROUND('Anexo 14'!J14*'Anexo 4'!$D$10,0) -> 0 | ... Z14: =ROUND('Anexo 14'!Z14*'Anexo 4'!$D$10,0) -> 0 | AA14: =SUM(C14:Z14) -> 0 | AB14: 7
A15: 47209 | B15: O | C15: =ROUND('Anexo 14'!C15*'Anexo 4'!$D$10,0) -> 0 | D15: =ROUND('Anexo 14'!D15*'Anexo 4'!$D$10,0) -> 0 | E15: =ROUND('Anexo 14'!E15*'Anexo 4'!$D$10,0) -> 0 | F15: =ROUND('Anexo 14'!F15*'Anexo 4'!$D$10,0) -> 0 | G15: =ROUND('Anexo 14'!G15*'Anexo 4'!$D$10,0) -> 0 | H15: =ROUND('Anexo 14'!H15*'Anexo 4'!$D$10,0) -> 0 | I15: =ROUND('Anexo 14'!I15*'Anexo 4'!$D$10,0) -> 0 | J15: =ROUND('Anexo 14'!J15*'Anexo 4'!$D$10,0) -> 0 | ... Z15: =ROUND('Anexo 14'!Z15*'Anexo 4'!$D$10,0) -> 0 | AA15: =SUM(C15:Z15) -> 0 | AB15: 21 | AC15: =+AA15*AB15+AA16*AB16+AA17*AB17 -> 0
B16: S | C16: =ROUND('Anexo 14'!C16*'Anexo 4'!$D$10,0) -> 0 | D16: =ROUND('Anexo 14'!D16*'Anexo 4'!$D$10,0) -> 0 | E16: =ROUND('Anexo 14'!E16*'Anexo 4'!$D$10,0) -> 0 | F16: =ROUND('Anexo 14'!F16*'Anexo 4'!$D$10,0) -> 0 | G16: =ROUND('Anexo 14'!G16*'Anexo 4'!$D$10,0) -> 0 | H16: =ROUND('Anexo 14'!H16*'Anexo 4'!$D$10,0) -> 0 | I16: =ROUND('Anexo 14'!I16*'Anexo 4'!$D$10,0) -> 0 | J16: =ROUND('Anexo 14'!J16*'Anexo 4'!$D$10,0) -> 0 | ... Z16: =ROUND('Anexo 14'!Z16*'Anexo 4'!$D$10,0) -> 0 | AA16: =SUM(C16:Z16) -> 0 | AB16: 4
B17: F | C17: =ROUND('Anexo 14'!C17*'Anexo 4'!$D$10,0) -> 0 | D17: =ROUND('Anexo 14'!D17*'Anexo 4'!$D$10,0) -> 0 | E17: =ROUND('Anexo 14'!E17*'Anexo 4'!$D$10,0) -> 0 | F17: =ROUND('Anexo 14'!F17*'Anexo 4'!$D$10,0) -> 0 | G17: =ROUND('Anexo 14'!G17*'Anexo 4'!$D$10,0) -> 0 | H17: =ROUND('Anexo 14'!H17*'Anexo 4'!$D$10,0) -> 0 | I17: =ROUND('Anexo 14'!I17*'Anexo 4'!$D$10,0) -> 0 | J17: =ROUND('Anexo 14'!J17*'Anexo 4'!$D$10,0) -> 0 | ... Z17: =ROUND('Anexo 14'!Z17*'Anexo 4'!$D$10,0) -> 0 | AA17: =SUM(C17:Z17) -> 0 | AB17: 5
A18: 47239 | B18: O | C18: =ROUND('Anexo 14'!C18*'Anexo 4'!$D$10,0) -> 0 | D18: =ROUND('Anexo 14'!D18*'Anexo 4'!$D$10,0) -> 0 | E18: =ROUND('Anexo 14'!E18*'Anexo 4'!$D$10,0) -> 0 | F18: =ROUND('Anexo 14'!F18*'Anexo 4'!$D$10,0) -> 0 | G18: =ROUND('Anexo 14'!G18*'Anexo 4'!$D$10,0) -> 0 | H18: =ROUND('Anexo 14'!H18*'Anexo 4'!$D$10,0) -> 0 | I18: =ROUND('Anexo 14'!I18*'Anexo 4'!$D$10,0) -> 0 | J18: =ROUND('Anexo 14'!J18*'Anexo 4'!$D$10,0) -> 0 | ... Z18: =ROUND('Anexo 14'!Z18*'Anexo 4'!$D$10,0) -> 0 | AA18: =SUM(C18:Z18) -> 0 | AB18: 21 | AC18: =+AA18*AB18+AA19*AB19+AA20*AB20 -> 0
B19: S | C19: =ROUND('Anexo 14'!C19*'Anexo 4'!$D$10,0) -> 0 | D19: =ROUND('Anexo 14'!D19*'Anexo 4'!$D$10,0) -> 0 | E19: =ROUND('Anexo 14'!E19*'Anexo 4'!$D$10,0) -> 0 | F19: =ROUND('Anexo 14'!F19*'Anexo 4'!$D$10,0) -> 0 | G19: =ROUND('Anexo 14'!G19*'Anexo 4'!$D$10,0) -> 0 | H19: =ROUND('Anexo 14'!H19*'Anexo 4'!$D$10,0) -> 0 | I19: =ROUND('Anexo 14'!I19*'Anexo 4'!$D$10,0) -> 0 | J19: =ROUND('Anexo 14'!J19*'Anexo 4'!$D$10,0) -> 0 | ... Z19: =ROUND('Anexo 14'!Z19*'Anexo 4'!$D$10,0) -> 0 | AA19: =SUM(C19:Z19) -> 0 | AB19: 4
B20: F | C20: =ROUND('Anexo 14'!C20*'Anexo 4'!$D$10,0) -> 0 | D20: =ROUND('Anexo 14'!D20*'Anexo 4'!$D$10,0) -> 0 | E20: =ROUND('Anexo 14'!E20*'Anexo 4'!$D$10,0) -> 0 | F20: =ROUND('Anexo 14'!F20*'Anexo 4'!$D$10,0) -> 0 | G20: =ROUND('Anexo 14'!G20*'Anexo 4'!$D$10,0) -> 0 | H20: =ROUND('Anexo 14'!H20*'Anexo 4'!$D$10,0) -> 0 | I20: =ROUND('Anexo 14'!I20*'Anexo 4'!$D$10,0) -> 0 | J20: =ROUND('Anexo 14'!J20*'Anexo 4'!$D$10,0) -> 0 | ... Z20: =ROUND('Anexo 14'!Z20*'Anexo 4'!$D$10,0) -> 0 | AA20: =SUM(C20:Z20) -> 0 | AB20: 6
A21: 47270 | B21: O | C21: =ROUND('Anexo 14'!C21*'Anexo 4'!$D$10,0) -> 0 | D21: =ROUND('Anexo 14'!D21*'Anexo 4'!$D$10,0) -> 0 | E21: =ROUND('Anexo 14'!E21*'Anexo 4'!$D$10,0) -> 0 | F21: =ROUND('Anexo 14'!F21*'Anexo 4'!$D$10,0) -> 0 | G21: =ROUND('Anexo 14'!G21*'Anexo 4'!$D$10,0) -> 0 | H21: =ROUND('Anexo 14'!H21*'Anexo 4'!$D$10,0) -> 0 | I21: =ROUND('Anexo 14'!I21*'Anexo 4'!$D$10,0) -> 0 | J21: =ROUND('Anexo 14'!J21*'Anexo 4'!$D$10,0) -> 0 | ... Z21: =ROUND('Anexo 14'!Z21*'Anexo 4'!$D$10,0) -> 0 | AA21: =SUM(C21:Z21) -> 0 | AB21: 19 | AC21: =+AA21*AB21+AA22*AB22+AA23*AB23 -> 0
B22: S | C22: =ROUND('Anexo 14'!C22*'Anexo 4'!$D$10,0) -> 0 | D22: =ROUND('Anexo 14'!D22*'Anexo 4'!$D$10,0) -> 0 | E22: =ROUND('Anexo 14'!E22*'Anexo 4'!$D$10,0) -> 0 | F22: =ROUND('Anexo 14'!F22*'Anexo 4'!$D$10,0) -> 0 | G22: =ROUND('Anexo 14'!G22*'Anexo 4'!$D$10,0) -> 0 | H22: =ROUND('Anexo 14'!H22*'Anexo 4'!$D$10,0) -> 0 | I22: =ROUND('Anexo 14'!I22*'Anexo 4'!$D$10,0) -> 0 | J22: =ROUND('Anexo 14'!J22*'Anexo 4'!$D$10,0) -> 0 | ... Z22: =ROUND('Anexo 14'!Z22*'Anexo 4'!$D$10,0) -> 0 | AA22: =SUM(C22:Z22) -> 0 | AB22: 5
B23: F | C23: =ROUND('Anexo 14'!C23*'Anexo 4'!$D$10,0) -> 0 | D23: =ROUND('Anexo 14'!D23*'Anexo 4'!$D$10,0) -> 0 | E23: =ROUND('Anexo 14'!E23*'Anexo 4'!$D$10,0) -> 0 | F23: =ROUND('Anexo 14'!F23*'Anexo 4'!$D$10,0) -> 0 | G23: =ROUND('Anexo 14'!G23*'Anexo 4'!$D$10,0) -> 0 | H23: =ROUND('Anexo 14'!H23*'Anexo 4'!$D$10,0) -> 0 | I23: =ROUND('Anexo 14'!I23*'Anexo 4'!$D$10,0) -> 0 | J23: =ROUND('Anexo 14'!J23*'Anexo 4'!$D$10,0) -> 0 | ... Z23: =ROUND('Anexo 14'!Z23*'Anexo 4'!$D$10,0) -> 0 | AA23: =SUM(C23:Z23) -> 0 | AB23: 6
A24: 47300 | B24: O | C24: =ROUND('Anexo 14'!C24*'Anexo 4'!$D$10,0) -> 0 | D24: =ROUND('Anexo 14'!D24*'Anexo 4'!$D$10,0) -> 0 | E24: =ROUND('Anexo 14'!E24*'Anexo 4'!$D$10,0) -> 0 | F24: =ROUND('Anexo 14'!F24*'Anexo 4'!$D$10,0) -> 0 | G24: =ROUND('Anexo 14'!G24*'Anexo 4'!$D$10,0) -> 0 | H24: =ROUND('Anexo 14'!H24*'Anexo 4'!$D$10,0) -> 0 | I24: =ROUND('Anexo 14'!I24*'Anexo 4'!$D$10,0) -> 0 | J24: =ROUND('Anexo 14'!J24*'Anexo 4'!$D$10,0) -> 0 | ... Z24: =ROUND('Anexo 14'!Z24*'Anexo 4'!$D$10,0) -> 0 | AA24: =SUM(C24:Z24) -> 0 | AB24: 20 | AC24: =+AA24*AB24+AA25*AB25+AA26*AB26 -> 0
B25: S | C25: =ROUND('Anexo 14'!C25*'Anexo 4'!$D$10,0) -> 0 | D25: =ROUND('Anexo 14'!D25*'Anexo 4'!$D$10,0) -> 0 | E25: =ROUND('Anexo 14'!E25*'Anexo 4'!$D$10,0) -> 0 | F25: =ROUND('Anexo 14'!F25*'Anexo 4'!$D$10,0) -> 0 | G25: =ROUND('Anexo 14'!G25*'Anexo 4'!$D$10,0) -> 0 | H25: =ROUND('Anexo 14'!H25*'Anexo 4'!$D$10,0) -> 0 | I25: =ROUND('Anexo 14'!I25*'Anexo 4'!$D$10,0) -> 0 | J25: =ROUND('Anexo 14'!J25*'Anexo 4'!$D$10,0) -> 0 | ... Z25: =ROUND('Anexo 14'!Z25*'Anexo 4'!$D$10,0) -> 0 | AA25: =SUM(C25:Z25) -> 0 | AB25: 4
B26: F | C26: =ROUND('Anexo 14'!C26*'Anexo 4'!$D$10,0) -> 0 | D26: =ROUND('Anexo 14'!D26*'Anexo 4'!$D$10,0) -> 0 | E26: =ROUND('Anexo 14'!E26*'Anexo 4'!$D$10,0) -> 0 | F26: =ROUND('Anexo 14'!F26*'Anexo 4'!$D$10,0) -> 0 | G26: =ROUND('Anexo 14'!G26*'Anexo 4'!$D$10,0) -> 0 | H26: =ROUND('Anexo 14'!H26*'Anexo 4'!$D$10,0) -> 0 | I26: =ROUND('Anexo 14'!I26*'Anexo 4'!$D$10,0) -> 0 | J26: =ROUND('Anexo 14'!J26*'Anexo 4'!$D$10,0) -> 0 | ... Z26: =ROUND('Anexo 14'!Z26*'Anexo 4'!$D$10,0) -> 0 | AA26: =SUM(C26:Z26) -> 0 | AB26: 7
A27: 47331 | B27: O | C27: =ROUND('Anexo 14'!C27*'Anexo 4'!$D$10,0) -> 0 | D27: =ROUND('Anexo 14'!D27*'Anexo 4'!$D$10,0) -> 0 | E27: =ROUND('Anexo 14'!E27*'Anexo 4'!$D$10,0) -> 0 | F27: =ROUND('Anexo 14'!F27*'Anexo 4'!$D$10,0) -> 0 | G27: =ROUND('Anexo 14'!G27*'Anexo 4'!$D$10,0) -> 0 | H27: =ROUND('Anexo 14'!H27*'Anexo 4'!$D$10,0) -> 0 | I27: =ROUND('Anexo 14'!I27*'Anexo 4'!$D$10,0) -> 0 | J27: =ROUND('Anexo 14'!J27*'Anexo 4'!$D$10,0) -> 0 | ... Z27: =ROUND('Anexo 14'!Z27*'Anexo 4'!$D$10,0) -> 0 | AA27: =SUM(C27:Z27) -> 0 | AB27: 21 | AC27: =+AA27*AB27+AA28*AB28+AA29*AB29 -> 0
B28: S | C28: =ROUND('Anexo 14'!C28*'Anexo 4'!$D$10,0) -> 0 | D28: =ROUND('Anexo 14'!D28*'Anexo 4'!$D$10,0) -> 0 | E28: =ROUND('Anexo 14'!E28*'Anexo 4'!$D$10,0) -> 0 | F28: =ROUND('Anexo 14'!F28*'Anexo 4'!$D$10,0) -> 0 | G28: =ROUND('Anexo 14'!G28*'Anexo 4'!$D$10,0) -> 0 | H28: =ROUND('Anexo 14'!H28*'Anexo 4'!$D$10,0) -> 0 | I28: =ROUND('Anexo 14'!I28*'Anexo 4'!$D$10,0) -> 0 | J28: =ROUND('Anexo 14'!J28*'Anexo 4'!$D$10,0) -> 0 | ... Z28: =ROUND('Anexo 14'!Z28*'Anexo 4'!$D$10,0) -> 0 | AA28: =SUM(C28:Z28) -> 0 | AB28: 4
B29: F | C29: =ROUND('Anexo 14'!C29*'Anexo 4'!$D$10,0) -> 0 | D29: =ROUND('Anexo 14'!D29*'Anexo 4'!$D$10,0) -> 0 | E29: =ROUND('Anexo 14'!E29*'Anexo 4'!$D$10,0) -> 0 | F29: =ROUND('Anexo 14'!F29*'Anexo 4'!$D$10,0) -> 0 | G29: =ROUND('Anexo 14'!G29*'Anexo 4'!$D$10,0) -> 0 | H29: =ROUND('Anexo 14'!H29*'Anexo 4'!$D$10,0) -> 0 | I29: =ROUND('Anexo 14'!I29*'Anexo 4'!$D$10,0) -> 0 | J29: =ROUND('Anexo 14'!J29*'Anexo 4'!$D$10,0) -> 0 | ... Z29: =ROUND('Anexo 14'!Z29*'Anexo 4'!$D$10,0) -> 0 | AA29: =SUM(C29:Z29) -> 0 | AB29: 6
A30: 47362 | B30: O | C30: =ROUND('Anexo 14'!C30*'Anexo 4'!$D$10,0) -> 0 | D30: =ROUND('Anexo 14'!D30*'Anexo 4'!$D$10,0) -> 0 | E30: =ROUND('Anexo 14'!E30*'Anexo 4'!$D$10,0) -> 0 | F30: =ROUND('Anexo 14'!F30*'Anexo 4'!$D$10,0) -> 0 | G30: =ROUND('Anexo 14'!G30*'Anexo 4'!$D$10,0) -> 0 | H30: =ROUND('Anexo 14'!H30*'Anexo 4'!$D$10,0) -> 0 | I30: =ROUND('Anexo 14'!I30*'Anexo 4'!$D$10,0) -> 0 | J30: =ROUND('Anexo 14'!J30*'Anexo 4'!$D$10,0) -> 0 | ... Z30: =ROUND('Anexo 14'!Z30*'Anexo 4'!$D$10,0) -> 0 | AA30: =SUM(C30:Z30) -> 0 | AB30: 20 | AC30: =+AA30*AB30+AA31*AB31+AA32*AB32 -> 0
B31: S | C31: =ROUND('Anexo 14'!C31*'Anexo 4'!$D$10,0) -> 0 | D31: =ROUND('Anexo 14'!D31*'Anexo 4'!$D$10,0) -> 0 | E31: =ROUND('Anexo 14'!E31*'Anexo 4'!$D$10,0) -> 0 | F31: =ROUND('Anexo 14'!F31*'Anexo 4'!$D$10,0) -> 0 | G31: =ROUND('Anexo 14'!G31*'Anexo 4'!$D$10,0) -> 0 | H31: =ROUND('Anexo 14'!H31*'Anexo 4'!$D$10,0) -> 0 | I31: =ROUND('Anexo 14'!I31*'Anexo 4'!$D$10,0) -> 0 | J31: =ROUND('Anexo 14'!J31*'Anexo 4'!$D$10,0) -> 0 | ... Z31: =ROUND('Anexo 14'!Z31*'Anexo 4'!$D$10,0) -> 0 | AA31: =SUM(C31:Z31) -> 0 | AB31: 5
B32: F | C32: =ROUND('Anexo 14'!C32*'Anexo 4'!$D$10,0) -> 0 | D32: =ROUND('Anexo 14'!D32*'Anexo 4'!$D$10,0) -> 0 | E32: =ROUND('Anexo 14'!E32*'Anexo 4'!$D$10,0) -> 0 | F32: =ROUND('Anexo 14'!F32*'Anexo 4'!$D$10,0) -> 0 | G32: =ROUND('Anexo 14'!G32*'Anexo 4'!$D$10,0) -> 0 | H32: =ROUND('Anexo 14'!H32*'Anexo 4'!$D$10,0) -> 0 | I32: =ROUND('Anexo 14'!I32*'Anexo 4'!$D$10,0) -> 0 | J32: =ROUND('Anexo 14'!J32*'Anexo 4'!$D$10,0) -> 0 | ... Z32: =ROUND('Anexo 14'!Z32*'Anexo 4'!$D$10,0) -> 0 | AA32: =SUM(C32:Z32) -> 0 | AB32: 5
A33: 47392 | B33: O | C33: =ROUND('Anexo 14'!C33*'Anexo 4'!$D$10,0) -> 0 | D33: =ROUND('Anexo 14'!D33*'Anexo 4'!$D$10,0) -> 0 | E33: =ROUND('Anexo 14'!E33*'Anexo 4'!$D$10,0) -> 0 | F33: =ROUND('Anexo 14'!F33*'Anexo 4'!$D$10,0) -> 0 | G33: =ROUND('Anexo 14'!G33*'Anexo 4'!$D$10,0) -> 0 | H33: =ROUND('Anexo 14'!H33*'Anexo 4'!$D$10,0) -> 0 | I33: =ROUND('Anexo 14'!I33*'Anexo 4'!$D$10,0) -> 0 | J33: =ROUND('Anexo 14'!J33*'Anexo 4'!$D$10,0) -> 0 | ... Z33: =ROUND('Anexo 14'!Z33*'Anexo 4'!$D$10,0) -> 0 | AA33: =SUM(C33:Z33) -> 0 | AB33: 22 | AC33: =+AA33*AB33+AA34*AB34+AA35*AB35 -> 0
B34: S | C34: =ROUND('Anexo 14'!C34*'Anexo 4'!$D$10,0) -> 0 | D34: =ROUND('Anexo 14'!D34*'Anexo 4'!$D$10,0) -> 0 | E34: =ROUND('Anexo 14'!E34*'Anexo 4'!$D$10,0) -> 0 | F34: =ROUND('Anexo 14'!F34*'Anexo 4'!$D$10,0) -> 0 | G34: =ROUND('Anexo 14'!G34*'Anexo 4'!$D$10,0) -> 0 | H34: =ROUND('Anexo 14'!H34*'Anexo 4'!$D$10,0) -> 0 | I34: =ROUND('Anexo 14'!I34*'Anexo 4'!$D$10,0) -> 0 | J34: =ROUND('Anexo 14'!J34*'Anexo 4'!$D$10,0) -> 0 | ... Z34: =ROUND('Anexo 14'!Z34*'Anexo 4'!$D$10,0) -> 0 | AA34: =SUM(C34:Z34) -> 0 | AB34: 4
B35: F | C35: =ROUND('Anexo 14'!C35*'Anexo 4'!$D$10,0) -> 0 | D35: =ROUND('Anexo 14'!D35*'Anexo 4'!$D$10,0) -> 0 | E35: =ROUND('Anexo 14'!E35*'Anexo 4'!$D$10,0) -> 0 | F35: =ROUND('Anexo 14'!F35*'Anexo 4'!$D$10,0) -> 0 | G35: =ROUND('Anexo 14'!G35*'Anexo 4'!$D$10,0) -> 0 | H35: =ROUND('Anexo 14'!H35*'Anexo 4'!$D$10,0) -> 0 | I35: =ROUND('Anexo 14'!I35*'Anexo 4'!$D$10,0) -> 0 | J35: =ROUND('Anexo 14'!J35*'Anexo 4'!$D$10,0) -> 0 | ... Z35: =ROUND('Anexo 14'!Z35*'Anexo 4'!$D$10,0) -> 0 | AA35: =SUM(C35:Z35) -> 0 | AB35: 5
A36: 47423 | B36: O | C36: =ROUND('Anexo 14'!C36*'Anexo 4'!$D$10,0) -> 0 | D36: =ROUND('Anexo 14'!D36*'Anexo 4'!$D$10,0) -> 0 | E36: =ROUND('Anexo 14'!E36*'Anexo 4'!$D$10,0) -> 0 | F36: =ROUND('Anexo 14'!F36*'Anexo 4'!$D$10,0) -> 0 | G36: =ROUND('Anexo 14'!G36*'Anexo 4'!$D$10,0) -> 0 | H36: =ROUND('Anexo 14'!H36*'Anexo 4'!$D$10,0) -> 0 | I36: =ROUND('Anexo 14'!I36*'Anexo 4'!$D$10,0) -> 0 | J36: =ROUND('Anexo 14'!J36*'Anexo 4'!$D$10,0) -> 0 | ... Z36: =ROUND('Anexo 14'!Z36*'Anexo 4'!$D$10,0) -> 0 | AA36: =SUM(C36:Z36) -> 0 | AB36: 20 | AC36: =+AA36*AB36+AA37*AB37+AA38*AB38 -> 0
B37: S | C37: =ROUND('Anexo 14'!C37*'Anexo 4'!$D$10,0) -> 0 | D37: =ROUND('Anexo 14'!D37*'Anexo 4'!$D$10,0) -> 0 | E37: =ROUND('Anexo 14'!E37*'Anexo 4'!$D$10,0) -> 0 | F37: =ROUND('Anexo 14'!F37*'Anexo 4'!$D$10,0) -> 0 | G37: =ROUND('Anexo 14'!G37*'Anexo 4'!$D$10,0) -> 0 | H37: =ROUND('Anexo 14'!H37*'Anexo 4'!$D$10,0) -> 0 | I37: =ROUND('Anexo 14'!I37*'Anexo 4'!$D$10,0) -> 0 | J37: =ROUND('Anexo 14'!J37*'Anexo 4'!$D$10,0) -> 0 | ... Z37: =ROUND('Anexo 14'!Z37*'Anexo 4'!$D$10,0) -> 0 | AA37: =SUM(C37:Z37) -> 0 | AB37: 4
B38: F | C38: =ROUND('Anexo 14'!C38*'Anexo 4'!$D$10,0) -> 0 | D38: =ROUND('Anexo 14'!D38*'Anexo 4'!$D$10,0) -> 0 | E38: =ROUND('Anexo 14'!E38*'Anexo 4'!$D$10,0) -> 0 | F38: =ROUND('Anexo 14'!F38*'Anexo 4'!$D$10,0) -> 0 | G38: =ROUND('Anexo 14'!G38*'Anexo 4'!$D$10,0) -> 0 | H38: =ROUND('Anexo 14'!H38*'Anexo 4'!$D$10,0) -> 0 | I38: =ROUND('Anexo 14'!I38*'Anexo 4'!$D$10,0) -> 0 | J38: =ROUND('Anexo 14'!J38*'Anexo 4'!$D$10,0) -> 0 | ... Z38: =ROUND('Anexo 14'!Z38*'Anexo 4'!$D$10,0) -> 0 | AA38: =SUM(C38:Z38) -> 0 | AB38: 6
A39: 47453 | B39: O | C39: =ROUND('Anexo 14'!C39*'Anexo 4'!$D$10,0) -> 0 | D39: =ROUND('Anexo 14'!D39*'Anexo 4'!$D$10,0) -> 0 | E39: =ROUND('Anexo 14'!E39*'Anexo 4'!$D$10,0) -> 0 | F39: =ROUND('Anexo 14'!F39*'Anexo 4'!$D$10,0) -> 0 | G39: =ROUND('Anexo 14'!G39*'Anexo 4'!$D$10,0) -> 0 | H39: =ROUND('Anexo 14'!H39*'Anexo 4'!$D$10,0) -> 0 | I39: =ROUND('Anexo 14'!I39*'Anexo 4'!$D$10,0) -> 0 | J39: =ROUND('Anexo 14'!J39*'Anexo 4'!$D$10,0) -> 0 | ... Z39: =ROUND('Anexo 14'!Z39*'Anexo 4'!$D$10,0) -> 0 | AA39: =SUM(C39:Z39) -> 0 | AB39: 20 | AC39: =+AA39*AB39+AA40*AB40+AA41*AB41 -> 0
B40: S | C40: =ROUND('Anexo 14'!C40*'Anexo 4'!$D$10,0) -> 0 | D40: =ROUND('Anexo 14'!D40*'Anexo 4'!$D$10,0) -> 0 | E40: =ROUND('Anexo 14'!E40*'Anexo 4'!$D$10,0) -> 0 | F40: =ROUND('Anexo 14'!F40*'Anexo 4'!$D$10,0) -> 0 | G40: =ROUND('Anexo 14'!G40*'Anexo 4'!$D$10,0) -> 0 | H40: =ROUND('Anexo 14'!H40*'Anexo 4'!$D$10,0) -> 0 | I40: =ROUND('Anexo 14'!I40*'Anexo 4'!$D$10,0) -> 0 | J40: =ROUND('Anexo 14'!J40*'Anexo 4'!$D$10,0) -> 0 | ... Z40: =ROUND('Anexo 14'!Z40*'Anexo 4'!$D$10,0) -> 0 | AA40: =SUM(C40:Z40) -> 0 | AB40: 4
B41: F | C41: =ROUND('Anexo 14'!C41*'Anexo 4'!$D$10,0) -> 0 | D41: =ROUND('Anexo 14'!D41*'Anexo 4'!$D$10,0) -> 0 | E41: =ROUND('Anexo 14'!E41*'Anexo 4'!$D$10,0) -> 0 | F41: =ROUND('Anexo 14'!F41*'Anexo 4'!$D$10,0) -> 0 | G41: =ROUND('Anexo 14'!G41*'Anexo 4'!$D$10,0) -> 0 | H41: =ROUND('Anexo 14'!H41*'Anexo 4'!$D$10,0) -> 0 | I41: =ROUND('Anexo 14'!I41*'Anexo 4'!$D$10,0) -> 0 | J41: =ROUND('Anexo 14'!J41*'Anexo 4'!$D$10,0) -> 0 | ... Z41: =ROUND('Anexo 14'!Z41*'Anexo 4'!$D$10,0) -> 0 | AA41: =SUM(C41:Z41) -> 0 | AB41: 7
A42: TOTAL AÑO | C42: =ROUND('Anexo 13'!C42*'Anexo 3'!$D$10,0) -> 0 | D42: =ROUND('Anexo 13'!D42*'Anexo 3'!$D$10,0) -> 0 | E42: =ROUND('Anexo 13'!E42*'Anexo 3'!$D$10,0) -> 0 | F42: =ROUND('Anexo 13'!F42*'Anexo 3'!$D$10,0) -> 0 | G42: =ROUND('Anexo 13'!G42*'Anexo 3'!$D$10,0) -> 0 | H42: =ROUND('Anexo 13'!H42*'Anexo 3'!$D$10,0) -> 0 | I42: =ROUND('Anexo 13'!I42*'Anexo 3'!$D$10,0) -> 0 | J42: =ROUND('Anexo 13'!J42*'Anexo 3'!$D$10,0) -> 0 | ... Z42: =ROUND('Anexo 13'!Z42*'Anexo 3'!$D$10,0) -> 0 | AA42: =+SUM(AA6:AA41) -> 0 | AB42: =+SUM(AB6:AB41) -> 365 | AC42: =+SUM(AC6:AC41) -> 0

Sheet Anexo 5
B3: ANEXO No 5 - PRODUCTO No. 5 CURVA
B4: PAGUE LO CONTRATADO AÑO 2030
B5: PRECIO OFERTADO EN $ / kWh DE ABRIL DE 2025
B8: MES | C8: ENERGIA SOLICITADA kWh/MES | D8: % OFERTADO ANUAL | E8: ENERGIA OFERTADA kWh/MES | F8: PRECIO OFERTADO ANUAL $/kWh
A10: 31 | B10: 47484 | C10: =+'Anexo 15'!AC6 -> 5284387 | E10: =+'Cantidades Ofertadas Prod 5'!AC6 -> 0
A11: 29 | B11: 47515 | C11: =+'Anexo 15'!AC9 -> 4260316 | E11: =+'Cantidades Ofertadas Prod 5'!AC9 -> 0
A12: 31 | B12: 47543 | C12: =+'Anexo 15'!AC12 -> 5229011 | E12: =+'Cantidades Ofertadas Prod 5'!AC12 -> 0
A13: 30 | B13: 47574 | C13: =+'Anexo 15'!AC15 -> 4912232 | E13: =+'Cantidades Ofertadas Prod 5'!AC15 -> 0
A14: 31 | B14: 47604 | C14: =+'Anexo 15'!AC18 -> 5078589 | E14: =+'Cantidades Ofertadas Prod 5'!AC18 -> 0
A15: 30 | B15: 47635 | C15: =+'Anexo 15'!AC21 -> 4783983 | E15: =+'Cantidades Ofertadas Prod 5'!AC21 -> 0
A16: 31 | B16: 47665 | C16: =+'Anexo 15'!AC24 -> 4917178 | E16: =+'Cantidades Ofertadas Prod 5'!AC24 -> 0
A17: 31 | B17: 47696 | C17: =+'Anexo 15'!AC27 -> 5100291 | E17: =+'Cantidades Ofertadas Prod 5'!AC27 -> 0
A18: 30 | B18: 47727 | C18: =+'Anexo 15'!AC30 -> 5030750 | E18: =+'Cantidades Ofertadas Prod 5'!AC30 -> 0
A19: 31 | B19: 47757 | C19: =+'Anexo 15'!AC33 -> 4841984 | E19: =+'Cantidades Ofertadas Prod 5'!AC33 -> 0
A20: 30 | B20: 47788 | C20: =+'Anexo 15'!AC36 -> 4548923 | E20: =+'Cantidades Ofertadas Prod 5'!AC36 -> 0
A21: 31 | B21: 47818 | C21: =+'Anexo 15'!AC39 -> 5132569 | E21: =+'Cantidades Ofertadas Prod 5'!AC39 -> 0
B22: TOTAL | C22: =+SUM(C10:C21) -> 59120213 | E22: =SUM(E10:E21) -> 0 | F22: =+F10 -> 0
B24: *Solo se debe ingresar valores en las celdas en color Naranja
B25: * Se debe ofertar un unico % para todos los meses del año.
B26: * Los % ofertados se aplicaran a las curvas de carga de la hoja "Anexo 15".
B27: * La energia ofertada se calcula de manera automatica en la hoja "Cantidades Ofertadas Prod 5"
B28: * Se debe ofertar un unico precio por producto.
B29: * Para ofertas planas se debe diligenciar el anexo 5A, con un tope horario de 1.500 kWh
H30: =+C30-G30 -> 0
H31: =+C31-G31 -> 0
H32: =+C32-G32 -> 0
B33: ____________________________________________
B34: Firma del Representante Legal
B35: o Apoderado General (Responsable del negocio)

Sheet Anexo 5A
B3: ANEXO No 5A - PRODUCTO No. 5 - OFERTA PLANA
B4: PAGUE LO CONTRATADO AÑO 2030
B5: PRECIO OFERTADO EN $ / kWh DE ABRIL DE 2025
B8: MES | C8: ENERGIA MAXIMA A OFERTAR kWh/MES | D8: kWh OFERTADO | E8: ENERGIA OFERTADA kWh/MES | F8: PRECIO OFERTADO ANUAL $/kWh
A9: 1500
A10: 31 | B10: 47484 | C10: =+$A$9*A10*24 -> 1116000 | E10: =+$D$10*A10*24 -> 0
A11: 28 | B11: 47515 | C11: =+$A$9*A11*24 -> 1008000 | E11: =+$D$10*A11*24 -> 0
A12: 31 | B12: 47543 | C12: =+$A$9*A12*24 -> 1116000 | E12: =+$D$10*A12*24 -> 0
A13: 30 | B13: 47574 | C13: =+$A$9*A13*24 -> 1080000 | E13: =+$D$10*A13*24 -> 0
A14: 31 | B14: 47604 | C14: =+$A$9*A14*24 -> 1116000 | E14: =+$D$10*A14*24 -> 0
A15: 30 | B15: 47635 | C15: =+$A$9*A15*24 -> 1080000 | E15: =+$D$10*A15*24 -> 0
A16: 31 | B16: 47665 | C16: =+$A$9*A16*24 -> 1116000 | E16: =+$D$10*A16*24 -> 0
A17: 31 | B17: 47696 | C17: =+$A$9*A17*24 -> 1116000 | E17: =+$D$10*A17*24 -> 0
A18: 30 | B18: 47727 | C18: =+$A$9*A18*24 -> 1080000 | E18: =+$D$10*A18*24 -> 0
A19: 31 | B19: 47757 | C19: =+$A$9*A19*24 -> 1116000 | E19: =+$D$10*A19*24 -> 0
A20: 30 | B20: 47788 | C20: =+$A$9*A20*24 -> 1080000 | E20: =+$D$10*A20*24 -> 0
A21: 31 | B21: 47818 | C21: =+$A$9*A21*24 -> 1116000 | E21: =+$D$10*A21*24 -> 0
B22: TOTAL | C22: =+SUM(C10:C21) -> 13140000 | E22: =SUM(E10:E21) -> 0 | F22: =+F10 -> 0
B23: *Solo se debe ingresar valores en las celdas en color Naranja
B24: * Se debe oferta un valor de kWh el cual se aplica para todas las horas del año, con un tope horario de 1.500 kWh
B25: * Se debe ofertar un unico precio por producto.
B26: * A las ofertas planas al momento de la evaluación se le adicionarán 5 $/kWh al precio ofertado; con el fin de hacerlas comparables con las Ofertas que siguen la curva
B31: ____________________________________________
B32: Firma del Representante Legal
B33: o Apoderado General (Responsable del negocio)

Sheet Anexo 15
A1: CURVAS REQUERIDAS PRODUCTO 5 AÑO 2030 MODALIDAD PAGUE LO CONTRATADO - kWh
A4: Periodo | B4: Tipo de día | C4: H01 | D4: H02 | E4: H03 | F4: H04 | G4: H05 | H4: H06 | I4: H07 | J4: H08 | K4: H09 | L4: H10 | M4: H11 | N4: H12 | O4: H13 | P4: H14 | Q4: H15 | R4: H16 | S4: H17 | T4: H18 | U4: H19 | V4: H20 | W4: H21 | X4: H22 | Y4: H23 | Z4: H24 | AA4: TOTAL DÍA | AB4: Días/ | AC4: TOTAL MES
AB5: mes
A6: 47484 | B6: O | C6: 5658 | D6: 5282 | E6: 5066 | F6: 4941 | G6: 5022 | H6: 5297 | I6: 5308 | J6: 5968 | K6: 6898 | L6: 7671 | M6: 8392 | N6: 8907 | O6: 8470 | P6: 8487 | Q6: 9079 | R6: 9224 | S6: 9145 | T6: 8864 | U6: 9111 | V6: 9430 | W6: 9029 | X6: 8636 | Y6: 7748 | Z6: 6612 | AA6: =SUM(C6:Z6) -> 178245 | AB6: 21 | AC6: =+AA6*AB6+AA7*AB7+AA8*AB8 -> 5284387
B7: S | C7: 5724 | D7: 5331 | E7: 5076 | F7: 4929 | G7: 4949 | H7: 5065 | I7: 4862 | J7: 5326 | K7: 6270 | L7: 7029 | M7: 7667 | N7: 8134 | O7: 8061 | P7: 7888 | Q7: 7877 | R7: 7873 | S7: 7873 | T7: 7675 | U7: 8356 | V7: 8841 | W7: 8460 | X7: 8065 | Y7: 7427 | Z7: 6630 | AA7: =SUM(C7:Z7) -> 165388 | AB7: 4
B8: F | C8: 5568 | D8: 5172 | E8: 4862 | F8: 4697 | G8: 4637 | H8: 4720 | I8: 4452 | J8: 4597 | K8: 5142 | L8: 5839 | M8: 6323 | N8: 6810 | O8: 7054 | P8: 6808 | Q8: 6582 | R8: 6541 | S8: 6472 | T8: 6565 | U8: 7247 | V8: 7955 | W8: 7900 | X8: 7642 | Y8: 6937 | Z8: 6093 | AA8: =SUM(C8:Z8) -> 146615 | AB8: 6
A9: 47515 | B9: O | C9: 5085 | D9: 4819 | E9: 4662 | F9: 4559 | G9: 4650 | H9: 5196 | I9: 4854 | J9: 5260 | K9: 5960 | L9: 6582 | M9: 7160 | N9: 7598 | O9: 7105 | P9: 7226 | Q9: 7749 | R9: 7853 | S9: 7797 | T9: 7503 | U9: 7965 | V9: 8399 | W9: 8054 | X9: 7667 | Y9: 6835 | Z9: 5806 | AA9: =SUM(C9:Z9) -> 156344 | AB9: 20 | AC9: =+AA9*AB9+AA10*AB10+AA11*AB11 -> 4260316
B10: S | C10: 5226 | D10: 4967 | E10: 4753 | F10: 4647 | G10: 4659 | H10: 4745 | I10: 4400 | J10: 4811 | K10: 5573 | L10: 6299 | M10: 6765 | N10: 7164 | O10: 7077 | P10: 6888 | Q10: 6860 | R10: 6819 | S10: 6721 | T10: 6637 | U10: 7607 | V10: 8104 | W10: 7693 | X10: 7450 | Y10: 6809 | Z10: 6057 | AA10: =SUM(C10:Z10) -> 148731 | AB10: 4
B11: F | C11: 5263 | D11: 4981 | E11: 4706 | F11: 4519 | G11: 4499 | H11: 4539 | I11: 4006 | J11: 4152 | K11: 4633 | L11: 5228 | M11: 5649 | N11: 6045 | O11: 6178 | P11: 6080 | Q11: 5847 | R11: 5845 | S11: 5811 | T11: 5814 | U11: 6807 | V11: 7482 | W11: 7336 | X11: 7161 | Y11: 6463 | Z11: 5584 | AA11: =SUM(C11:Z11) -> 134628 | AB11: 4
A12: 47543 | B12: O | C12: 5857 | D12: 5540 | E12: 5351 | F12: 5251 | G12: 5318 | H12: 5831 | I12: 5488 | J12: 5956 | K12: 6711 | L12: 7402 | M12: 8023 | N12: 8499 | O12: 8065 | P12: 8136 | Q12: 8662 | R12: 8751 | S12: 8652 | T12: 8350 | U12: 8908 | V12: 9462 | W12: 9132 | X12: 8760 | Y12: 7846 | Z12: 6755 | AA12: =SUM(C12:Z12) -> 176706 | AB12: 20 | AC12: =+AA12*AB12+AA13*AB13+AA14*AB14 -> 5229011
B13: S | C13: 5891 | D13: 5524 | E13: 5221 | F13: 5155 | G13: 5146 | H13: 5245 | I13: 4864 | J13: 5337 | K13: 6153 | L13: 6843 | M13: 7427 | N13: 7785 | O13: 7730 | P13: 7531 | Q13: 7510 | R13: 7542 | S13: 7433 | T13: 7286 | U13: 8151 | V13: 8755 | W13: 8493 | X13: 8104 | Y13: 7438 | Z13: 6739 | AA13: =SUM(C13:Z13) -> 163303 | AB13: 5
B14: F | C14: 5878 | D14: 5523 | E14: 5230 | F14: 5013 | G14: 4904 | H14: 4960 | I14: 4374 | J14: 4527 | K14: 5099 | L14: 5637 | M14: 6058 | N14: 6426 | O14: 6706 | P14: 6481 | Q14: 6328 | R14: 6323 | S14: 6270 | T14: 6320 | U14: 7294 | V14: 8109 | W14: 8108 | X14: 7782 | Y14: 6939 | Z14: 6107 | AA14: =SUM(C14:Z14) -> 146396 | AB14: 6
A15: 47574 | B15: O | C15: 5562 | D15: 5212 | E15: 5009 | F15: 4926 | G15: 4967 | H15: 5276 | I15: 5233 | J15: 5835 | K15: 6506 | L15: 7152 | M15: 7759 | N15: 8324 | O15: 8067 | P15: 8033 | Q15: 8306 | R15: 8351 | S15: 8204 | T15: 8133 | U15: 8716 | V15: 9124 | W15: 8838 | X15: 8380 | Y15: 7459 | Z15: 6385 | AA15: =SUM(C15:Z15) -> 169757 | AB15: 20 | AC15: =+AA15*AB15+AA16*AB16+AA17*AB17 -> 4912232
B16: S | C16: 5564 | D16: 5190 | E16: 4938 | F16: 4844 | G16: 4865 | H16: 4954 | I16: 4868 | J16: 5431 | K16: 6067 | L16: 6722 | M16: 7313 | N16: 7702 | O16: 7733 | P16: 7489 | Q16: 7472 | R16: 7479 | S16: 7479 | T16: 7587 | U16: 8360 | V16: 8665 | W16: 8301 | X16: 7873 | Y16: 7168 | Z16: 6362 | AA16: =SUM(C16:Z16) -> 160426 | AB16: 4
B17: F | C17: 5429 | D17: 5153 | E17: 4819 | F17: 4653 | G17: 4603 | H17: 4626 | I17: 4448 | J17: 4724 | K17: 5239 | L17: 5819 | M17: 6211 | N17: 6539 | O17: 6786 | P17: 6782 | Q17: 6631 | R17: 6615 | S17: 6619 | T17: 6722 | U17: 7508 | V17: 8088 | W17: 7942 | X17: 7469 | Y17: 6656 | Z17: 5817 | AA17: =SUM(C17:Z17) -> 145898 | AB17: 6
A18: 47604 | B18: O | C18: 5549 | D18: 5210 | E18: 5039 | F18: 4917 | G18: 4965 | H18: 5189 | I18: 5188 | J18: 5842 | K18: 6572 | L18: 7209 | M18: 7778 | N18: 8262 | O18: 7894 | P18: 7867 | Q18: 8168 | R18: 8200 | S18: 8133 | T18: 8028 | U18: 8745 | V18: 9087 | W18: 8807 | X18: 8311 | Y18: 7375 | Z18: 6300 | AA18: =SUM(C18:Z18) -> 168635 | AB18: 22 | AC18: =+AA18*AB18+AA19*AB19+AA20*AB20 -> 5078589
B19: S | C19: 5653 | D19: 5236 | E19: 5084 | F19: 4955 | G19: 4964 | H19: 4924 | I19: 4771 | J19: 5339 | K19: 6024 | L19: 6702 | M19: 7325 | N19: 7760 | O19: 7652 | P19: 7431 | Q19: 7393 | R19: 7395 | S19: 7283 | T19: 7362 | U19: 8389 | V19: 8868 | W19: 8485 | X19: 8004 | Y19: 7281 | Z19: 6551 | AA19: =SUM(C19:Z19) -> 160831 | AB19: 4
B20: F | C20: 5625 | D20: 5242 | E20: 4962 | F20: 4801 | G20: 4778 | H20: 4673 | I20: 4298 | J20: 4653 | K20: 5213 | L20: 5800 | M20: 6137 | N20: 6461 | O20: 6655 | P20: 6536 | Q20: 6459 | R20: 6427 | S20: 6352 | T20: 6339 | U20: 7251 | V20: 7995 | W20: 7903 | X20: 7634 | Y20: 6854 | Z20: 6011 | AA20: =SUM(C20:Z20) -> 145059 | AB20: 5
A21: 47635 | B21: O | C21: 4889 | D21: 4622 | E21: 4427 | F21: 4376 | G21: 4486 | H21: 4745 | I21: 4934 | J21: 5666 | K21: 6394 | L21: 7087 | M21: 7664 | N21: 8141 | O21: 7786 | P21: 7674 | Q21: 8076 | R21: 8194 | S21: 8036 | T21: 7930 | U21: 8281 | V21: 8774 | W21: 8446 | X21: 7888 | Y21: 6902 | Z21: 5770 | AA21: =SUM(C21:Z21) -> 161188 | AB21: 18 | AC21: =+AA21*AB21+AA22*AB22+AA23*AB23 -> 4783983
B22: S | C22: 5222 | D22: 4895 | E22: 4566 | F22: 4524 | G22: 4604 | H22: 4663 | I22: 4624 | J22: 5348 | K22: 6085 | L22: 6889 | M22: 7419 | N22: 7862 | O22: 7734 | P22: 7595 | Q22: 7533 | R22: 7588 | S22: 7563 | T22: 7504 | U22: 8181 | V22: 8722 | W22: 8294 | X22: 7909 | Y22: 7119 | Z22: 6269 | AA22: =SUM(C22:Z22) -> 158712 | AB22: 5
B23: F | C23: 5495 | D23: 5077 | E23: 4807 | F23: 4659 | G23: 4689 | H23: 4742 | I23: 4769 | J23: 5281 | K23: 5927 | L23: 6602 | M23: 7016 | N23: 7463 | O23: 7423 | P23: 7360 | Q23: 7410 | R23: 7380 | S23: 7297 | T23: 7309 | U23: 7699 | V23: 8415 | W23: 8218 | X23: 7763 | Y23: 6835 | Z23: 5941 | AA23: =SUM(C23:Z23) -> 155577 | AB23: 7
A24: 47665 | B24: O | C24: 5052 | D24: 4787 | E24: 4578 | F24: 4491 | G24: 4567 | H24: 4821 | I24: 4920 | J24: 5720 | K24: 6494 | L24: 7261 | M24: 7890 | N24: 8397 | O24: 7973 | P24: 7900 | Q24: 8441 | R24: 8555 | S24: 8425 | T24: 8194 | U24: 8302 | V24: 8827 | W24: 8527 | X24: 8061 | Y24: 7069 | Z24: 5947 | AA24: =SUM(C24:Z24) -> 165199 | AB24: 22 | AC24: =+AA24*AB24+AA25*AB25+AA26*AB26 -> 4917178
B25: S | C25: 4905 | D25: 4608 | E25: 4336 | F25: 4225 | G25: 4312 | H25: 4418 | I25: 4287 | J25: 4973 | K25: 5771 | L25: 6573 | M25: 7048 | N25: 7460 | O25: 7327 | P25: 7131 | Q25: 7016 | R25: 7062 | S25: 7039 | T25: 7015 | U25: 7598 | V25: 8177 | W25: 7833 | X25: 7456 | Y25: 6686 | Z25: 5860 | AA25: =SUM(C25:Z25) -> 149116 | AB25: 3
B26: F | C26: 5165 | D26: 4852 | E26: 4562 | F26: 4341 | G26: 4321 | H26: 4249 | I26: 4030 | J26: 4427 | K26: 5000 | L26: 5662 | M26: 6056 | N26: 6467 | O26: 6674 | P26: 6548 | Q26: 6356 | R26: 6239 | S26: 6299 | T26: 6326 | U26: 6853 | V26: 7737 | W26: 7678 | X26: 7289 | Y26: 6524 | Z26: 5587 | AA26: =SUM(C26:Z26) -> 139242 | AB26: 6
A27: 47696 | B27: O | C27: 5256 | D27: 4901 | E27: 4670 | F27: 4545 | G27: 4640 | H27: 4994 | I27: 5066 | J27: 5905 | K27: 6805 | L27: 7583 | M27: 8266 | N27: 8810 | O27: 8323 | P27: 8324 | Q27: 8937 | R27: 9106 | S27: 8998 | T27: 8625 | U27: 8816 | V27: 9096 | W27: 8771 | X27: 8319 | Y27: 7312 | Z27: 6150 | AA27: =SUM(C27:Z27) -> 172218 | AB27: 20 | AC27: =+AA27*AB27+AA28*AB28+AA29*AB29 -> 5100291
B28: S | C28: 5319 | D28: 4969 | E28: 4710 | F28: 4542 | G28: 4616 | H28: 4651 | I28: 4664 | J28: 5371 | K28: 6300 | L28: 7112 | M28: 7614 | N28: 8117 | O28: 8070 | P28: 7699 | Q28: 8083 | R28: 7881 | S28: 7669 | T28: 7588 | U28: 8149 | V28: 8631 | W28: 8200 | X28: 7724 | Y28: 7018 | Z28: 6160 | AA28: =SUM(C28:Z28) -> 160857 | AB28: 5
B29: F | C29: 5351 | D29: 4934 | E29: 4603 | F29: 4438 | G29: 4434 | H29: 4400 | I29: 3987 | J29: 4484 | K29: 5014 | L29: 5689 | M29: 6169 | N29: 6571 | O29: 6701 | P29: 6662 | Q29: 6448 | R29: 6403 | S29: 6419 | T29: 6393 | U29: 7110 | V29: 7946 | W29: 7833 | X29: 7544 | Y29: 6692 | Z29: 5716 | AA29: =SUM(C29:Z29) -> 141941 | AB29: 6
A30: 47727 | B30: O | C30: 5387 | D30: 5027 | E30: 4832 | F30: 4739 | G30: 4827 | H30: 5115 | I30: 5225 | J30: 5995 | K30: 6890 | L30: 7648 | M30: 8312 | N30: 8856 | O30: 8373 | P30: 8366 | Q30: 8924 | R30: 9021 | S30: 8930 | T30: 8663 | U30: 9141 | V30: 9181 | W30: 8858 | X30: 8359 | Y30: 7329 | Z30: 6235 | AA30: =SUM(C30:Z30) -> 174233 | AB30: 21 | AC30: =+AA30*AB30+AA31*AB31+AA32*AB32 -> 5030750
B31: S | C31: 5407 | D31: 5025 | E31: 4799 | F31: 4666 | G31: 4699 | H31: 4672 | I31: 4697 | J31: 5393 | K31: 6396 | L31: 7201 | M31: 7771 | N31: 8135 | O31: 8070 | P31: 7767 | Q31: 7706 | R31: 7781 | S31: 7705 | T31: 7638 | U31: 8615 | V31: 8756 | W31: 8293 | X31: 7862 | Y31: 7117 | Z31: 6322 | AA31: =SUM(C31:Z31) -> 162493 | AB31: 4
B32: F | C32: 5382 | D32: 5019 | E32: 4692 | F32: 4552 | G32: 4551 | H32: 4462 | I32: 4281 | J32: 4700 | K32: 5274 | L32: 5902 | M32: 6375 | N32: 6750 | O32: 6914 | P32: 6819 | Q32: 6654 | R32: 6537 | S32: 6499 | T32: 6498 | U32: 7420 | V32: 7849 | W32: 7702 | X32: 7359 | Y32: 6515 | Z32: 5671 | AA32: =SUM(C32:Z32) -> 144377 | AB32: 5
A33: 47757 | B33: O | C33: 4878 | D33: 4551 | E33: 4380 | F33: 4304 | G33: 4385 | H33: 4579 | I33: 4742 | J33: 5526 | K33: 6349 | L33: 7039 | M33: 7681 | N33: 8176 | O33: 7714 | P33: 7689 | Q33: 8174 | R33: 8300 | S33: 8237 | T33: 8102 | U33: 8784 | V33: 8524 | W33: 8174 | X33: 7665 | Y33: 6721 | Z33: 5666 | AA33: =SUM(C33:Z33) -> 160340 | AB33: 22 | AC33: =+AA33*AB33+AA34*AB34+AA35*AB35 -> 4841984
B34: S | C34: 5324 | D34: 4965 | E34: 4708 | F34: 4538 | G34: 4626 | H34: 4476 | I34: 4552 | J34: 5338 | K34: 6271 | L34: 7044 | M34: 7611 | N34: 7949 | O34: 7800 | P34: 7493 | Q34: 7508 | R34: 7501 | S34: 7410 | T34: 7573 | U34: 8639 | V34: 8521 | W34: 8083 | X34: 7635 | Y34: 6940 | Z34: 6166 | AA34: =SUM(C34:Z34) -> 158671 | AB34: 4
B35: F | C35: 5210 | D35: 4807 | E35: 4576 | F35: 4345 | G35: 4308 | H35: 4150 | I35: 4019 | J35: 4336 | K35: 4789 | L35: 5465 | M35: 5905 | N35: 6262 | O35: 6391 | P35: 6306 | Q35: 6088 | R35: 5952 | S35: 5957 | T35: 6107 | U35: 7280 | V35: 7490 | W35: 7370 | X35: 7058 | Y35: 6314 | Z35: 5479 | AA35: =SUM(C35:Z35) -> 135964 | AB35: 5
A36: 47788 | B36: O | C36: 4758 | D36: 4505 | E36: 4334 | F36: 4226 | G36: 4317 | H36: 4580 | I36: 4754 | J36: 5482 | K36: 6250 | L36: 6895 | M36: 7465 | N36: 7926 | O36: 7526 | P36: 7469 | Q36: 7947 | R36: 8053 | S36: 7922 | T36: 7952 | U36: 8716 | V36: 8445 | W36: 8080 | X36: 7537 | Y36: 6598 | Z36: 5523 | AA36: =SUM(C36:Z36) -> 157260 | AB36: 19 | AC36: =+AA36*AB36+AA37*AB37+AA38*AB38 -> 4548923
B37: S | C37: 4679 | D37: 4361 | E37: 4123 | F37: 4038 | G37: 4105 | H37: 4128 | I37: 4333 | J37: 4995 | K37: 5781 | L37: 6506 | M37: 6996 | N37: 7398 | O37: 7343 | P37: 7187 | Q37: 7105 | R37: 7151 | S37: 7059 | T37: 7198 | U37: 8312 | V37: 8252 | W37: 7771 | X37: 7303 | Y37: 6631 | Z37: 5836 | AA37: =SUM(C37:Z37) -> 148591 | AB37: 5
B38: F | C38: 5005 | D38: 4721 | E38: 4401 | F38: 4174 | G38: 4170 | H38: 4110 | I38: 3939 | J38: 4336 | K38: 4880 | L38: 5582 | M38: 6050 | N38: 6366 | O38: 6567 | P38: 6483 | Q38: 6207 | R38: 6075 | S38: 6035 | T38: 6173 | U38: 7391 | V38: 7421 | W38: 7364 | X38: 7023 | Y38: 6332 | Z38: 5533 | AA38: =SUM(C38:Z38) -> 136338 | AB38: 6
A39: 47818 | B39: O | C39: 5304 | D39: 5028 | E39: 4784 | F39: 4700 | G39: 4787 | H39: 5009 | I39: 5094 | J39: 5877 | K39: 6831 | L39: 7580 | M39: 8238 | N39: 8755 | O39: 8428 | P39: 8387 | Q39: 8791 | R39: 8819 | S39: 8660 | T39: 8480 | U39: 9261 | V39: 9287 | W39: 8828 | X39: 8284 | Y39: 7331 | Z39: 6258 | AA39: =SUM(C39:Z39) -> 172801 | AB39: 21 | AC39: =+AA39*AB39+AA40*AB40+AA41*AB41 -> 5132569
B40: S | C40: 5448 | D40: 4993 | E40: 4762 | F40: 4651 | G40: 4723 | H40: 4872 | I40: 4850 | J40: 5595 | K40: 6476 | L40: 7261 | M40: 7887 | N40: 8319 | O40: 8067 | P40: 7830 | Q40: 7816 | R40: 7747 | S40: 7655 | T40: 7684 | U40: 8779 | V40: 8876 | W40: 8425 | X40: 7857 | Y40: 7101 | Z40: 6226 | AA40: =SUM(C40:Z40) -> 163900 | AB40: 4
B41: F | C41: 5104 | D41: 4727 | E41: 4452 | F41: 4302 | G41: 4303 | H41: 4375 | I41: 4181 | J41: 4531 | K41: 5082 | L41: 5759 | M41: 6252 | N41: 6674 | O41: 6798 | P41: 6736 | Q41: 6494 | R41: 6404 | S41: 6349 | T41: 6446 | U41: 7482 | V41: 7784 | W41: 7653 | X41: 7313 | Y41: 6524 | Z41: 5633 | AA41: =SUM(C41:Z41) -> 141358 | AB41: 6
A42: TOTAL AÑO | C42: =+SUM(C6:C41) -> 192072 | D42: =+SUM(D6:D41) -> 179756 | E42: =+SUM(E6:E41) -> 170880 | F42: =+SUM(F6:F41) -> 166183 | G42: =+SUM(G6:G41) -> 167396 | H42: =+SUM(H6:H41) -> 171451 | I42: =+SUM(I6:I41) -> 167362 | J42: =+SUM(J6:J41) -> 187037 | ... AC42: =+SUM(AC6:AC41) -> 59120213

Sheet Cantidades Ofertadas Prod 5
A1: CANTIDADES OFERTADAS PRODUCTO 5 AÑO 2030 MODALIDAD PAGUE LO CONTRATADO - kWh
A4: Periodo | B4: Tipo de día | C4: H01 | D4: H02 | E4: H03 | F4: H04 | G4: H05 | H4: H06 | I4: H07 | J4: H08 | K4: H09 | L4: H10 | M4: H11 | N4: H12 | O4: H13 | P4: H14 | Q4: H15 | R4: H16 | S4: H17 | T4: H18 | U4: H19 | V4: H20 | W4: H21 | X4: H22 | Y4: H23 | Z4: H24 | AA4: TOTAL DÍA | AB4: Días/ | AC4: TOTAL MES
AB5: mes
A6: 47484 | B6: O | C6: =ROUND('Anexo 15'!C6*'Anexo 5'!$D$10,0) -> 0 | D6: =ROUND('Anexo 15'!D6*'Anexo 5'!$D$10,0) -> 0 | E6: =ROUND('Anexo 15'!E6*'Anexo 5'!$D$10,0) -> 0 | F6: =ROUND('Anexo 15'!F6*'Anexo 5'!$D$10,0) -> 0 | G6: =ROUND('Anexo 15'!G6*'Anexo 5'!$D$10,0) -> 0 | H6: =ROUND('Anexo 15'!H6*'Anexo 5'!$D$10,0) -> 0 | I6: =ROUND('Anexo 15'!I6*'Anexo 5'!$D$10,0) -> 0 | J6: =ROUND('Anexo 15'!J6*'Anexo 5'!$D$10,0) -> 0 | ... Z6: =ROUND('Anexo 15'!Z6*'Anexo 5'!$D$10,0) -> 0 | AA6: =SUM(C6:Z6) -> 0 | AB6: 21 | AC6: =+AA6*AB6+AA7*AB7+AA8*AB8 -> 0
B7: S | C7: =ROUND('Anexo 15'!C7*'Anexo 5'!$D$10,0) -> 0 | D7: =ROUND('Anexo 15'!D7*'Anexo 5'!$D$10,0) -> 0 | E7: =ROUND('Anexo 15'!E7*'Anexo 5'!$D$10,0) -> 0 | F7: =ROUND('Anexo 15'!F7*'Anexo 5'!$D$10,0) -> 0 | G7: =ROUND('Anexo 15'!G7*'Anexo 5'!$D$10,0) -> 0 | H7: =ROUND('Anexo 15'!H7*'Anexo 5'!$D$10,0) -> 0 | I7: =ROUND('Anexo 15'!I7*'Anexo 5'!$D$10,0) -> 0 | J7: =ROUND('Anexo 15'!J7*'Anexo 5'!$D$10,0) -> 0 | ... Z7: =ROUND('Anexo 15'!Z7*'Anexo 5'!$D$10,0) -> 0 | AA7: =SUM(C7:Z7) -> 0 | AB7: 4
B8: F | C8: =ROUND('Anexo 15'!C8*'Anexo 5'!$D$10,0) -> 0 | D8: =ROUND('Anexo 15'!D8*'Anexo 5'!$D$10,0) -> 0 | E8: =ROUND('Anexo 15'!E8*'Anexo 5'!$D$10,0) -> 0 | F8: =ROUND('Anexo 15'!F8*'Anexo 5'!$D$10,0) -> 0 | G8: =ROUND('Anexo 15'!G8*'Anexo 5'!$D$10,0) -> 0 | H8: =ROUND('Anexo 15'!H8*'Anexo 5'!$D$10,0) -> 0 | I8: =ROUND('Anexo 15'!I8*'Anexo 5'!$D$10,0) -> 0 | J8: =ROUND('Anexo 15'!J8*'Anexo 5'!$D$10,0) -> 0 | ... Z8: =ROUND('Anexo 15'!Z8*'Anexo 5'!$D$10,0) -> 0 | AA8: =SUM(C8:Z8) -> 0 | AB8: 6
A9: 47515 | B9: O | C9: =ROUND('Anexo 15'!C9*'Anexo 5'!$D$10,0) -> 0 | D9: =ROUND('Anexo 15'!D9*'Anexo 5'!$D$10,0) -> 0 | E9: =ROUND('Anexo 15'!E9*'Anexo 5'!$D$10,0) -> 0 | F9: =ROUND('Anexo 15'!F9*'Anexo 5'!$D$10,0) -> 0 | G9: =ROUND('Anexo 15'!G9*'Anexo 5'!$D$10,0) -> 0 | H9: =ROUND('Anexo 15'!H9*'Anexo 5'!$D$10,0) -> 0 | I9: =ROUND('Anexo 15'!I9*'Anexo 5'!$D$10,0) -> 0 | J9: =ROUND('Anexo 15'!J9*'Anexo 5'!$D$10,0) -> 0 | ... Z9: =ROUND('Anexo 15'!Z9*'Anexo 5'!$D$10,0) -> 0 | AA9: =SUM(C9:Z9) -> 0 | AB9: 20 | AC9: =+AA9*AB9+AA10*AB10+AA11*AB11 -> 0
B10: S | C10: =ROUND('Anexo 15'!C10*'Anexo 5'!$D$10,0) -> 0 | D10: =ROUND('Anexo 15'!D10*'Anexo 5'!$D$10,0) -> 0 | E10: =ROUND('Anexo 15'!E10*'Anexo 5'!$D$10,0) -> 0 | F10: =ROUND('Anexo 15'!F10*'Anexo 5'!$D$10,0) -> 0 | G10: =ROUND('Anexo 15'!G10*'Anexo 5'!$D$10,0) -> 0 | H10: =ROUND('Anexo 15'!H10*'Anexo 5'!$D$10,0) -> 0 | I10: =ROUND('Anexo 15'!I10*'Anexo 5'!$D$10,0) -> 0 | J10: =ROUND('Anexo 15'!J10*'Anexo 5'!$D$10,0) -> 0 | ... Z10: =ROUND('Anexo 15'!Z10*'Anexo 5'!$D$10,0) -> 0 | AA10: =SUM(C10:Z10) -> 0 | AB10: 4
B11: F | C11: =ROUND('Anexo 15'!C11*'Anexo 5'!$D$10,0) -> 0 | D11: =ROUND('Anexo 15'!D11*'Anexo 5'!$D$10,0) -> 0 | E11: =ROUND('Anexo 15'!E11*'Anexo 5'!$D$10,0) -> 0 | F11: =ROUND('Anexo 15'!F11*'Anexo 5'!$D$10,0) -> 0 | G11: =ROUND('Anexo 15'!G11*'Anexo 5'!$D$10,0) -> 0 | H11: =ROUND('Anexo 15'!H11*'Anexo 5'!$D$10,0) -> 0 | I11: =ROUND('Anexo 15'!I11*'Anexo 5'!$D$10,0) -> 0 | J11: =ROUND('Anexo 15'!J11*'Anexo 5'!$D$10,0) -> 0 | ... Z11: =ROUND('Anexo 15'!Z11*'Anexo 5'!$D$10,0) -> 0 | AA11: =SUM(C11:Z11) -> 0 | AB11: 4
A12: 47543 | B12: O | C12: =ROUND('Anexo 15'!C12*'Anexo 5'!$D$10,0) -> 0 | D12: =ROUND('Anexo 15'!D12*'Anexo 5'!$D$10,0) -> 0 | E12: =ROUND('Anexo 15'!E12*'Anexo 5'!$D$10,0) -> 0 | F12: =ROUND('Anexo 15'!F12*'Anexo 5'!$D$10,0) -> 0 | G12: =ROUND('Anexo 15'!G12*'Anexo 5'!$D$10,0) -> 0 | H12: =ROUND('Anexo 15'!H12*'Anexo 5'!$D$10,0) -> 0 | I12: =ROUND('Anexo 15'!I12*'Anexo 5'!$D$10,0) -> 0 | J12: =ROUND('Anexo 15'!J12*'Anexo 5'!$D$10,0) -> 0 | ... Z12: =ROUND('Anexo 15'!Z12*'Anexo 5'!$D$10,0) -> 0 | AA12: =SUM(C12:Z12) -> 0 | AB12: 20 | AC12: =+AA12*AB12+AA13*AB13+AA14*AB14 -> 0
B13: S | C13: =ROUND('Anexo 15'!C13*'Anexo 5'!$D$10,0) -> 0 | D13: =ROUND('Anexo 15'!D13*'Anexo 5'!$D$10,0) -> 0 | E13: =ROUND('Anexo 15'!E13*'Anexo 5'!$D$10,0) -> 0 | F13: =ROUND('Anexo 15'!F13*'Anexo 5'!$D$10,0) -> 0 | G13: =ROUND('Anexo 15'!G13*'Anexo 5'!$D$10,0) -> 0 | H13: =ROUND('Anexo 15'!H13*'Anexo 5'!$D$10,0) -> 0 | I13: =ROUND('Anexo 15'!I13*'Anexo 5'!$D$10,0) -> 0 | J13: =ROUND('Anexo 15'!J13*'Anexo 5'!$D$10,0) -> 0 | ... Z13: =ROUND('Anexo 15'!Z13*'Anexo 5'!$D$10,0) -> 0 | AA13: =SUM(C13:Z13) -> 0 | AB13: 5
B14: F | C14: =ROUND('Anexo 15'!C14*'Anexo 5'!$D$10,0) -> 0 | D14: =ROUND('Anexo 15'!D14*'Anexo 5'!$D$10,0) -> 0 | E14: =ROUND('Anexo 15'!E14*'Anexo 5'!$D$10,0) -> 0 | F14: =ROUND('Anexo 15'!F14*'Anexo 5'!$D$10,0) -> 0 | G14: =ROUND('Anexo 15'!G14*'Anexo 5'!$D$10,0) -> 0 | H14: =ROUND('Anexo 15'!H14*'Anexo 5'!$D$10,0) -> 0 | I14: =ROUND('Anexo 15'!I14*'Anexo 5'!$D$10,0) -> 0 | J14: =ROUND('Anexo 15'!J14*'Anexo 5'!$D$10,0) -> 0 | ... Z14: =ROUND('Anexo 15'!Z14*'Anexo 5'!$D$10,0) -> 0 | AA14: =SUM(C14:Z14) -> 0 | AB14: 6
A15: 47574 | B15: O | C15: =ROUND('Anexo 15'!C15*'Anexo 5'!$D$10,0) -> 0 | D15: =ROUND('Anexo 15'!D15*'Anexo 5'!$D$10,0) -> 0 | E15: =ROUND('Anexo 15'!E15*'Anexo 5'!$D$10,0) -> 0 | F15: =ROUND('Anexo 15'!F15*'Anexo 5'!$D$10,0) -> 0 | G15: =ROUND('Anexo 15'!G15*'Anexo 5'!$D$10,0) -> 0 | H15: =ROUND('Anexo 15'!H15*'Anexo 5'!$D$10,0) -> 0 | I15: =ROUND('Anexo 15'!I15*'Anexo 5'!$D$10,0) -> 0 | J15: =ROUND('Anexo 15'!J15*'Anexo 5'!$D$10,0) -> 0 | ... Z15: =ROUND('Anexo 15'!Z15*'Anexo 5'!$D$10,0) -> 0 | AA15: =SUM(C15:Z15) -> 0 | AB15: 20 | AC15: =+AA15*AB15+AA16*AB16+AA17*AB17 -> 0
B16: S | C16: =ROUND('Anexo 15'!C16*'Anexo 5'!$D$10,0) -> 0 | D16: =ROUND('Anexo 15'!D16*'Anexo 5'!$D$10,0) -> 0 | E16: =ROUND('Anexo 15'!E16*'Anexo 5'!$D$10,0) -> 0 | F16: =ROUND('Anexo 15'!F16*'Anexo 5'!$D$10,0) -> 0 | G16: =ROUND('Anexo 15'!G16*'Anexo 5'!$D$10,0) -> 0 | H16: =ROUND('Anexo 15'!H16*'Anexo 5'!$D$10,0) -> 0 | I16: =ROUND('Anexo 15'!I16*'Anexo 5'!$D$10,0) -> 0 | J16: =ROUND('Anexo 15'!J16*'Anexo 5'!$D$10,0) -> 0 | ... Z16: =ROUND('Anexo 15'!Z16*'Anexo 5'!$D$10,0) -> 0 | AA16: =SUM(C16:Z16) -> 0 | AB16: 4
B17: F | C17: =ROUND('Anexo 15'!C17*'Anexo 5'!$D$10,0) -> 0 | D17: =ROUND('Anexo 15'!D17*'Anexo 5'!$D$10,0) -> 0 | E17: =ROUND('Anexo 15'!E17*'Anexo 5'!$D$10,0) -> 0 | F17: =ROUND('Anexo 15'!F17*'Anexo 5'!$D$10,0) -> 0 | G17: =ROUND('Anexo 15'!G17*'Anexo 5'!$D$10,0) -> 0 | H17: =ROUND('Anexo 15'!H17*'Anexo 5'!$D$10,0) -> 0 | I17: =ROUND('Anexo 15'!I17*'Anexo 5'!$D$10,0) -> 0 | J17: =ROUND('Anexo 15'!J17*'Anexo 5'!$D$10,0) -> 0 | ... Z17: =ROUND('Anexo 15'!Z17*'Anexo 5'!$D$10,0) -> 0 | AA17: =SUM(C17:Z17) -> 0 | AB17: 6
A18: 47604 | B18: O | C18: =ROUND('Anexo 15'!C18*'Anexo 5'!$D$10,0) -> 0 | D18: =ROUND('Anexo 15'!D18*'Anexo 5'!$D$10,0) -> 0 | E18: =ROUND('Anexo 15'!E18*'Anexo 5'!$D$10,0) -> 0 | F18: =ROUND('Anexo 15'!F18*'Anexo 5'!$D$10,0) -> 0 | G18: =ROUND('Anexo 15'!G18*'Anexo 5'!$D$10,0) -> 0 | H18: =ROUND('Anexo 15'!H18*'Anexo 5'!$D$10,0) -> 0 | I18: =ROUND('Anexo 15'!I18*'Anexo 5'!$D$10,0) -> 0 | J18: =ROUND('Anexo 15'!J18*'Anexo 5'!$D$10,0) -> 0 | ... Z18: =ROUND('Anexo 15'!Z18*'Anexo 5'!$D$10,0) -> 0 | AA18: =SUM(C18:Z18) -> 0 | AB18: 22 | AC18: =+AA18*AB18+AA19*AB19+AA20*AB20 -> 0
B19: S | C19: =ROUND('Anexo 15'!C19*'Anexo 5'!$D$10,0) -> 0 | D19: =ROUND('Anexo 15'!D19*'Anexo 5'!$D$10,0) -> 0 | E19: =ROUND('Anexo 15'!E19*'Anexo 5'!$D$10,0) -> 0 | F19: =ROUND('Anexo 15'!F19*'Anexo 5'!$D$10,0) -> 0 | G19: =ROUND('Anexo 15'!G19*'Anexo 5'!$D$10,0) -> 0 | H19: =ROUND('Anexo 15'!H19*'Anexo 5'!$D$10,0) -> 0 | I19: =ROUND('Anexo 15'!I19*'Anexo 5'!$D$10,0) -> 0 | J19: =ROUND('Anexo 15'!J19*'Anexo 5'!$D$10,0) -> 0 | ... Z19: =ROUND('Anexo 15'!Z19*'Anexo 5'!$D$10,0) -> 0 | AA19: =SUM(C19:Z19) -> 0 | AB19: 4
B20: F | C20: =ROUND('Anexo 15'!C20*'Anexo 5'!$D$10,0) -> 0 | D20: =ROUND('Anexo 15'!D20*'Anexo 5'!$D$10,0) -> 0 | E20: =ROUND('Anexo 15'!E20*'Anexo 5'!$D$10,0) -> 0 | F20: =ROUND('Anexo 15'!F20*'Anexo 5'!$D$10,0) -> 0 | G20: =ROUND('Anexo 15'!G20*'Anexo 5'!$D$10,0) -> 0 | H20: =ROUND('Anexo 15'!H20*'Anexo 5'!$D$10,0) -> 0 | I20: =ROUND('Anexo 15'!I20*'Anexo 5'!$D$10,0) -> 0 | J20: =ROUND('Anexo 15'!J20*'Anexo 5'!$D$10,0) -> 0 | ... Z20: =ROUND('Anexo 15'!Z20*'Anexo 5'!$D$10,0) -> 0 | AA20: =SUM(C20:Z20) -> 0 | AB20: 5
A21: 47635 | B21: O | C21: =ROUND('Anexo 15'!C21*'Anexo 5'!$D$10,0) -> 0 | D21: =ROUND('Anexo 15'!D21*'Anexo 5'!$D$10,0) -> 0 | E21: =ROUND('Anexo 15'!E21*'Anexo 5'!$D$10,0) -> 0 | F21: =ROUND('Anexo 15'!F21*'Anexo 5'!$D$10,0) -> 0 | G21: =ROUND('Anexo 15'!G21*'Anexo 5'!$D$10,0) -> 0 | H21: =ROUND('Anexo 15'!H21*'Anexo 5'!$D$10,0) -> 0 | I21: =ROUND('Anexo 15'!I21*'Anexo 5'!$D$10,0) -> 0 | J21: =ROUND('Anexo 15'!J21*'Anexo 5'!$D$10,0) -> 0 | ... Z21: =ROUND('Anexo 15'!Z21*'Anexo 5'!$D$10,0) -> 0 | AA21: =SUM(C21:Z21) -> 0 | AB21: 18 | AC21: =+AA21*AB21+AA22*AB22+AA23*AB23 -> 0
B22: S | C22: =ROUND('Anexo 15'!C22*'Anexo 5'!$D$10,0) -> 0 | D22: =ROUND('Anexo 15'!D22*'Anexo 5'!$D$10,0) -> 0 | E22: =ROUND('Anexo 15'!E22*'Anexo 5'!$D$10,0) -> 0 | F22: =ROUND('Anexo 15'!F22*'Anexo 5'!$D$10,0) -> 0 | G22: =ROUND('Anexo 15'!G22*'Anexo 5'!$D$10,0) -> 0 | H22: =ROUND('Anexo 15'!H22*'Anexo 5'!$D$10,0) -> 0 | I22: =ROUND('Anexo 15'!I22*'Anexo 5'!$D$10,0) -> 0 | J22: =ROUND('Anexo 15'!J22*'Anexo 5'!$D$10,0) -> 0 | ... Z22: =ROUND('Anexo 15'!Z22*'Anexo 5'!$D$10,0) -> 0 | AA22: =SUM(C22:Z22) -> 0 | AB22: 5
B23: F | C23: =ROUND('Anexo 15'!C23*'Anexo 5'!$D$10,0) -> 0 | D23: =ROUND('Anexo 15'!D23*'Anexo 5'!$D$10,0) -> 0 | E23: =ROUND('Anexo 15'!E23*'Anexo 5'!$D$10,0) -> 0 | F23: =ROUND('Anexo 15'!F23*'Anexo 5'!$D$10,0) -> 0 | G23: =ROUND('Anexo 15'!G23*'Anexo 5'!$D$10,0) -> 0 | H23: =ROUND('Anexo 15'!H23*'Anexo 5'!$D$10,0) -> 0 | I23: =ROUND('Anexo 15'!I23*'Anexo 5'!$D$10,0) -> 0 | J23: =ROUND('Anexo 15'!J23*'Anexo 5'!$D$10,0) -> 0 | ... Z23: =ROUND('Anexo 15'!Z23*'Anexo 5'!$D$10,0) -> 0 | AA23: =SUM(C23:Z23) -> 0 | AB23: 7
A24: 47665 | B24: O | C24: =ROUND('Anexo 15'!C24*'Anexo 5'!$D$10,0) -> 0 | D24: =ROUND('Anexo 15'!D24*'Anexo 5'!$D$10,0) -> 0 | E24: =ROUND('Anexo 15'!E24*'Anexo 5'!$D$10,0) -> 0 | F24: =ROUND('Anexo 15'!F24*'Anexo 5'!$D$10,0) -> 0 | G24: =ROUND('Anexo 15'!G24*'Anexo 5'!$D$10,0) -> 0 | H24: =ROUND('Anexo 15'!H24*'Anexo 5'!$D$10,0) -> 0 | I24: =ROUND('Anexo 15'!I24*'Anexo 5'!$D$10,0) -> 0 | J24: =ROUND('Anexo 15'!J24*'Anexo 5'!$D$10,0) -> 0 | ... Z24: =ROUND('Anexo 15'!Z24*'Anexo 5'!$D$10,0) -> 0 | AA24: =SUM(C24:Z24) -> 0 | AB24: 22 | AC24: =+AA24*AB24+AA25*AB25+AA26*AB26 -> 0
B25: S | C25: =ROUND('Anexo 15'!C25*'Anexo 5'!$D$10,0) -> 0 | D25: =ROUND('Anexo 15'!D25*'Anexo 5'!$D$10,0) -> 0 | E25: =ROUND('Anexo 15'!E25*'Anexo 5'!$D$10,0) -> 0 | F25: =ROUND('Anexo 15'!F25*'Anexo 5'!$D$10,0) -> 0 | G25: =ROUND('Anexo 15'!G25*'Anexo 5'!$D$10,0) -> 0 | H25: =ROUND('Anexo 15'!H25*'Anexo 5'!$D$10,0) -> 0 | I25: =ROUND('Anexo 15'!I25*'Anexo 5'!$D$10,0) -> 0 | J25: =ROUND('Anexo 15'!J25*'Anexo 5'!$D$10,0) -> 0 | ... Z25: =ROUND('Anexo 15'!Z25*'Anexo 5'!$D$10,0) -> 0 | AA25: =SUM(C25:Z25) -> 0 | AB25: 3
B26: F | C26: =ROUND('Anexo 15'!C26*'Anexo 5'!$D$10,0) -> 0 | D26: =ROUND('Anexo 15'!D26*'Anexo 5'!$D$10,0) -> 0 | E26: =ROUND('Anexo 15'!E26*'Anexo 5'!$D$10,0) -> 0 | F26: =ROUND('Anexo 15'!F26*'Anexo 5'!$D$10,0) -> 0 | G26: =ROUND('Anexo 15'!G26*'Anexo 5'!$D$10,0) -> 0 | H26: =ROUND('Anexo 15'!H26*'Anexo 5'!$D$10,0) -> 0 | I26: =ROUND('Anexo 15'!I26*'Anexo 5'!$D$10,0) -> 0 | J26: =ROUND('Anexo 15'!J26*'Anexo 5'!$D$10,0) -> 0 | ... Z26: =ROUND('Anexo 15'!Z26*'Anexo 5'!$D$10,0) -> 0 | AA26: =SUM(C26:Z26) -> 0 | AB26: 6
A27: 47696 | B27: O | C27: =ROUND('Anexo 15'!C27*'Anexo 5'!$D$10,0) -> 0 | D27: =ROUND('Anexo 15'!D27*'Anexo 5'!$D$10,0) -> 0 | E27: =ROUND('Anexo 15'!E27*'Anexo 5'!$D$10,0) -> 0 | F27: =ROUND('Anexo 15'!F27*'Anexo 5'!$D$10,0) -> 0 | G27: =ROUND('Anexo 15'!G27*'Anexo 5'!$D$10,0) -> 0 | H27: =ROUND('Anexo 15'!H27*'Anexo 5'!$D$10,0) -> 0 | I27: =ROUND('Anexo 15'!I27*'Anexo 5'!$D$10,0) -> 0 | J27: =ROUND('Anexo 15'!J27*'Anexo 5'!$D$10,0) -> 0 | ... Z27: =ROUND('Anexo 15'!Z27*'Anexo 5'!$D$10,0) -> 0 | AA27: =SUM(C27:Z27) -> 0 | AB27: 20 | AC27: =+AA27*AB27+AA28*AB28+AA29*AB29 -> 0
B28: S | C28: =ROUND('Anexo 15'!C28*'Anexo 5'!$D$10,0) -> 0 | D28: =ROUND('Anexo 15'!D28*'Anexo 5'!$D$10,0) -> 0 | E28: =ROUND('Anexo 15'!E28*'Anexo 5'!$D$10,0) -> 0 | F28: =ROUND('Anexo 15'!F28*'Anexo 5'!$D$10,0) -> 0 | G28: =ROUND('Anexo 15'!G28*'Anexo 5'!$D$10,0) -> 0 | H28: =ROUND('Anexo 15'!H28*'Anexo 5'!$D$10,0) -> 0 | I28: =ROUND('Anexo 15'!I28*'Anexo 5'!$D$10,0) -> 0 | J28: =ROUND('Anexo 15'!J28*'Anexo 5'!$D$10,0) -> 0 | ... Z28: =ROUND('Anexo 15'!Z28*'Anexo 5'!$D$10,0) -> 0 | AA28: =SUM(C28:Z28) -> 0 | AB28: 5
B29: F | C29: =ROUND('Anexo 15'!C29*'Anexo 5'!$D$10,0) -> 0 | D29: =ROUND('Anexo 15'!D29*'Anexo 5'!$D$10,0) -> 0 | E29: =ROUND('Anexo 15'!E29*'Anexo 5'!$D$10,0) -> 0 | F29: =ROUND('Anexo 15'!F29*'Anexo 5'!$D$10,0) -> 0 | G29: =ROUND('Anexo 15'!G29*'Anexo 5'!$D$10,0) -> 0 | H29: =ROUND('Anexo 15'!H29*'Anexo 5'!$D$10,0) -> 0 | I29: =ROUND('Anexo 15'!I29*'Anexo 5'!$D$10,0) -> 0 | J29: =ROUND('Anexo 15'!J29*'Anexo 5'!$D$10,0) -> 0 | ... Z29: =ROUND('Anexo 15'!Z29*'Anexo 5'!$D$10,0) -> 0 | AA29: =SUM(C29:Z29) -> 0 | AB29: 6
A30: 47727 | B30: O | C30: =ROUND('Anexo 15'!C30*'Anexo 5'!$D$10,0) -> 0 | D30: =ROUND('Anexo 15'!D30*'Anexo 5'!$D$10,0) -> 0 | E30: =ROUND('Anexo 15'!E30*'Anexo 5'!$D$10,0) -> 0 | F30: =ROUND('Anexo 15'!F30*'Anexo 5'!$D$10,0) -> 0 | G30: =ROUND('Anexo 15'!G30*'Anexo 5'!$D$10,0) -> 0 | H30: =ROUND('Anexo 15'!H30*'Anexo 5'!$D$10,0) -> 0 | I30: =ROUND('Anexo 15'!I30*'Anexo 5'!$D$10,0) -> 0 | J30: =ROUND('Anexo 15'!J30*'Anexo 5'!$D$10,0) -> 0 | ... Z30: =ROUND('Anexo 15'!Z30*'Anexo 5'!$D$10,0) -> 0 | AA30: =SUM(C30:Z30) -> 0 | AB30: 21 | AC30: =+AA30*AB30+AA31*AB31+AA32*AB32 -> 0
B31: S | C31: =ROUND('Anexo 15'!C31*'Anexo 5'!$D$10,0) -> 0 | D31: =ROUND('Anexo 15'!D31*'Anexo 5'!$D$10,0) -> 0 | E31: =ROUND('Anexo 15'!E31*'Anexo 5'!$D$10,0) -> 0 | F31: =ROUND('Anexo 15'!F31*'Anexo 5'!$D$10,0) -> 0 | G31: =ROUND('Anexo 15'!G31*'Anexo 5'!$D$10,0) -> 0 | H31: =ROUND('Anexo 15'!H31*'Anexo 5'!$D$10,0) -> 0 | I31: =ROUND('Anexo 15'!I31*'Anexo 5'!$D$10,0) -> 0 | J31: =ROUND('Anexo 15'!J31*'Anexo 5'!$D$10,0) -> 0 | ... Z31: =ROUND('Anexo 15'!Z31*'Anexo 5'!$D$10,0) -> 0 | AA31: =SUM(C31:Z31) -> 0 | AB31: 4
B32: F | C32: =ROUND('Anexo 15'!C32*'Anexo 5'!$D$10,0) -> 0 | D32: =ROUND('Anexo 15'!D32*'Anexo 5'!$D$10,0) -> 0 | E32: =ROUND('Anexo 15'!E32*'Anexo 5'!$D$10,0) -> 0 | F32: =ROUND('Anexo 15'!F32*'Anexo 5'!$D$10,0) -> 0 | G32: =ROUND('Anexo 15'!G32*'Anexo 5'!$D$10,0) -> 0 | H32: =ROUND('Anexo 15'!H32*'Anexo 5'!$D$10,0) -> 0 | I32: =ROUND('Anexo 15'!I32*'Anexo 5'!$D$10,0) -> 0 | J32: =ROUND('Anexo 15'!J32*'Anexo 5'!$D$10,0) -> 0 | ... Z32: =ROUND('Anexo 15'!Z32*'Anexo 5'!$D$10,0) -> 0 | AA32: =SUM(C32:Z32) -> 0 | AB32: 5
A33: 47757 | B33: O | C33: =ROUND('Anexo 15'!C33*'Anexo 5'!$D$10,0) -> 0 | D33: =ROUND('Anexo 15'!D33*'Anexo 5'!$D$10,0) -> 0 | E33: =ROUND('Anexo 15'!E33*'Anexo 5'!$D$10,0) -> 0 | F33: =ROUND('Anexo 15'!F33*'Anexo 5'!$D$10,0) -> 0 | G33: =ROUND('Anexo 15'!G33*'Anexo 5'!$D$10,0) -> 0 | H33: =ROUND('Anexo 15'!H33*'Anexo 5'!$D$10,0) -> 0 | I33: =ROUND('Anexo 15'!I33*'Anexo 5'!$D$10,0) -> 0 | J33: =ROUND('Anexo 15'!J33*'Anexo 5'!$D$10,0) -> 0 | ... Z33: =ROUND('Anexo 15'!Z33*'Anexo 5'!$D$10,0) -> 0 | AA33: =SUM(C33:Z33) -> 0 | AB33: 22 | AC33: =+AA33*AB33+AA34*AB34+AA35*AB35 -> 0
B34: S | C34: =ROUND('Anexo 15'!C34*'Anexo 5'!$D$10,0) -> 0 | D34: =ROUND('Anexo 15'!D34*'Anexo 5'!$D$10,0) -> 0 | E34: =ROUND('Anexo 15'!E34*'Anexo 5'!$D$10,0) -> 0 | F34: =ROUND('Anexo 15'!F34*'Anexo 5'!$D$10,0) -> 0 | G34: =ROUND('Anexo 15'!G34*'Anexo 5'!$D$10,0) -> 0 | H34: =ROUND('Anexo 15'!H34*'Anexo 5'!$D$10,0) -> 0 | I34: =ROUND('Anexo 15'!I34*'Anexo 5'!$D$10,0) -> 0 | J34: =ROUND('Anexo 15'!J34*'Anexo 5'!$D$10,0) -> 0 | ... Z34: =ROUND('Anexo 15'!Z34*'Anexo 5'!$D$10,0) -> 0 | AA34: =SUM(C34:Z34) -> 0 | AB34: 4
B35: F | C35: =ROUND('Anexo 15'!C35*'Anexo 5'!$D$10,0) -> 0 | D35: =ROUND('Anexo 15'!D35*'Anexo 5'!$D$10,0) -> 0 | E35: =ROUND('Anexo 15'!E35*'Anexo 5'!$D$10,0) -> 0 | F35: =ROUND('Anexo 15'!F35*'Anexo 5'!$D$10,0) -> 0 | G35: =ROUND('Anexo 15'!G35*'Anexo 5'!$D$10,0) -> 0 | H35: =ROUND('Anexo 15'!H35*'Anexo 5'!$D$10,0) -> 0 | I35: =ROUND('Anexo 15'!I35*'Anexo 5'!$D$10,0) -> 0 | J35: =ROUND('Anexo 15'!J35*'Anexo 5'!$D$10,0) -> 0 | ... Z35: =ROUND('Anexo 15'!Z35*'Anexo 5'!$D$10,0) -> 0 | AA35: =SUM(C35:Z35) -> 0 | AB35: 5
A36: 47788 | B36: O | C36: =ROUND('Anexo 15'!C36*'Anexo 5'!$D$10,0) -> 0 | D36: =ROUND('Anexo 15'!D36*'Anexo 5'!$D$10,0) -> 0 | E36: =ROUND('Anexo 15'!E36*'Anexo 5'!$D$10,0) -> 0 | F36: =ROUND('Anexo 15'!F36*'Anexo 5'!$D$10,0) -> 0 | G36: =ROUND('Anexo 15'!G36*'Anexo 5'!$D$10,0) -> 0 | H36: =ROUND('Anexo 15'!H36*'Anexo 5'!$D$10,0) -> 0 | I36: =ROUND('Anexo 15'!I36*'Anexo 5'!$D$10,0) -> 0 | J36: =ROUND('Anexo 15'!J36*'Anexo 5'!$D$10,0) -> 0 | ... Z36: =ROUND('Anexo 15'!Z36*'Anexo 5'!$D$10,0) -> 0 | AA36: =SUM(C36:Z36) -> 0 | AB36: 19 | AC36: =+AA36*AB36+AA37*AB37+AA38*AB38 -> 0
B37: S | C37: =ROUND('Anexo 15'!C37*'Anexo 5'!$D$10,0) -> 0 | D37: =ROUND('Anexo 15'!D37*'Anexo 5'!$D$10,0) -> 0 | E37: =ROUND('Anexo 15'!E37*'Anexo 5'!$D$10,0) -> 0 | F37: =ROUND('Anexo 15'!F37*'Anexo 5'!$D$10,0) -> 0 | G37: =ROUND('Anexo 15'!G37*'Anexo 5'!$D$10,0) -> 0 | H37: =ROUND('Anexo 15'!H37*'Anexo 5'!$D$10,0) -> 0 | I37: =ROUND('Anexo 15'!I37*'Anexo 5'!$D$10,0) -> 0 | J37: =ROUND('Anexo 15'!J37*'Anexo 5'!$D$10,0) -> 0 | ... Z37: =ROUND('Anexo 15'!Z37*'Anexo 5'!$D$10,0) -> 0 | AA37: =SUM(C37:Z37) -> 0 | AB37: 5
B38: F | C38: =ROUND('Anexo 15'!C38*'Anexo 5'!$D$10,0) -> 0 | D38: =ROUND('Anexo 15'!D38*'Anexo 5'!$D$10,0) -> 0 | E38: =ROUND('Anexo 15'!E38*'Anexo 5'!$D$10,0) -> 0 | F38: =ROUND('Anexo 15'!F38*'Anexo 5'!$D$10,0) -> 0 | G38: =ROUND('Anexo 15'!G38*'Anexo 5'!$D$10,0) -> 0 | H38: =ROUND('Anexo 15'!H38*'Anexo 5'!$D$10,0) -> 0 | I38: =ROUND('Anexo 15'!I38*'Anexo 5'!$D$10,0) -> 0 | J38: =ROUND('Anexo 15'!J38*'Anexo 5'!$D$10,0) -> 0 | ... Z38: =ROUND('Anexo 15'!Z38*'Anexo 5'!$D$10,0) -> 0 | AA38: =SUM(C38:Z38) -> 0 | AB38: 6
A39: 47818 | B39: O | C39: =ROUND('Anexo 15'!C39*'Anexo 5'!$D$10,0) -> 0 | D39: =ROUND('Anexo 15'!D39*'Anexo 5'!$D$10,0) -> 0 | E39: =ROUND('Anexo 15'!E39*'Anexo 5'!$D$10,0) -> 0 | F39: =ROUND('Anexo 15'!F39*'Anexo 5'!$D$10,0) -> 0 | G39: =ROUND('Anexo 15'!G39*'Anexo 5'!$D$10,0) -> 0 | H39: =ROUND('Anexo 15'!H39*'Anexo 5'!$D$10,0) -> 0 | I39: =ROUND('Anexo 15'!I39*'Anexo 5'!$D$10,0) -> 0 | J39: =ROUND('Anexo 15'!J39*'Anexo 5'!$D$10,0) -> 0 | ... Z39: =ROUND('Anexo 15'!Z39*'Anexo 5'!$D$10,0) -> 0 | AA39: =SUM(C39:Z39) -> 0 | AB39: 21 | AC39: =+AA39*AB39+AA40*AB40+AA41*AB41 -> 0
B40: S | C40: =ROUND('Anexo 15'!C40*'Anexo 5'!$D$10,0) -> 0 | D40: =ROUND('Anexo 15'!D40*'Anexo 5'!$D$10,0) -> 0 | E40: =ROUND('Anexo 15'!E40*'Anexo 5'!$D$10,0) -> 0 | F40: =ROUND('Anexo 15'!F40*'Anexo 5'!$D$10,0) -> 0 | G40: =ROUND('Anexo 15'!G40*'Anexo 5'!$D$10,0) -> 0 | H40: =ROUND('Anexo 15'!H40*'Anexo 5'!$D$10,0) -> 0 | I40: =ROUND('Anexo 15'!I40*'Anexo 5'!$D$10,0) -> 0 | J40: =ROUND('Anexo 15'!J40*'Anexo 5'!$D$10,0) -> 0 | ... Z40: =ROUND('Anexo 15'!Z40*'Anexo 5'!$D$10,0) -> 0 | AA40: =SUM(C40:Z40) -> 0 | AB40: 4
B41: F | C41: =ROUND('Anexo 15'!C41*'Anexo 5'!$D$10,0) -> 0 | D41: =ROUND('Anexo 15'!D41*'Anexo 5'!$D$10,0) -> 0 | E41: =ROUND('Anexo 15'!E41*'Anexo 5'!$D$10,0) -> 0 | F41: =ROUND('Anexo 15'!F41*'Anexo 5'!$D$10,0) -> 0 | G41: =ROUND('Anexo 15'!G41*'Anexo 5'!$D$10,0) -> 0 | H41: =ROUND('Anexo 15'!H41*'Anexo 5'!$D$10,0) -> 0 | I41: =ROUND('Anexo 15'!I41*'Anexo 5'!$D$10,0) -> 0 | J41: =ROUND('Anexo 15'!J41*'Anexo 5'!$D$10,0) -> 0 | ... Z41: =ROUND('Anexo 15'!Z41*'Anexo 5'!$D$10,0) -> 0 | AA41: =SUM(C41:Z41) -> 0 | AB41: 6
A42: TOTAL AÑO | C42: =+SUM(C6:C41) -> 0 | D42: =+SUM(D6:D41) -> 0 | E42: =+SUM(E6:E41) -> 0 | F42: =+SUM(F6:F41) -> 0 | G42: =+SUM(G6:G41) -> 0 | H42: =+SUM(H6:H41) -> 0 | I42: =+SUM(I6:I41) -> 0 | J42: =+SUM(J6:J41) -> 0 | ... AC42: =+SUM(AC6:AC41) -> 0

Sheet Anexo 6
B3: ANEXO No 6 - PRODUCTO No. 6 CURVA
B4: PAGUE LO CONTRATADO AÑO 2031
B5: PRECIO OFERTADO EN $ / kWh DE ABRIL DE 2025
B8: MES | C8: ENERGIA SOLICITADA kWh/MES | D8: % OFERTADO ANUAL | E8: ENERGIA OFERTADA kWh/MES | F8: PRECIO OFERTADO ANUAL $/kWh
A10: 31 | B10: 47849 | C10: =+'Anexo 16'!AC6 -> 3738729 | E10: =+'Cantidades Ofertadas Prod 6'!AC6 -> 0
A11: 29 | B11: 47880 | C11: =+'Anexo 16'!AC9 -> 3289036 | E11: =+'Cantidades Ofertadas Prod 6'!AC9 -> 0
A12: 31 | B12: 47908 | C12: =+'Anexo 16'!AC12 -> 3725907 | E12: =+'Cantidades Ofertadas Prod 6'!AC12 -> 0
A13: 30 | B13: 47939 | C13: =+'Anexo 16'!AC15 -> 3412160 | E13: =+'Cantidades Ofertadas Prod 6'!AC15 -> 0
A14: 31 | B14: 47969 | C14: =+'Anexo 16'!AC18 -> 3585507 | E14: =+'Cantidades Ofertadas Prod 6'!AC18 -> 0
A15: 30 | B15: 48000 | C15: =+'Anexo 16'!AC21 -> 3504900 | E15: =+'Cantidades Ofertadas Prod 6'!AC21 -> 0
A16: 31 | B16: 48030 | C16: =+'Anexo 16'!AC24 -> 3781734 | E16: =+'Cantidades Ofertadas Prod 6'!AC24 -> 0
A17: 31 | B17: 48061 | C17: =+'Anexo 16'!AC27 -> 3811512 | E17: =+'Cantidades Ofertadas Prod 6'!AC27 -> 0
A18: 30 | B18: 48092 | C18: =+'Anexo 16'!AC30 -> 3828576 | E18: =+'Cantidades Ofertadas Prod 6'!AC30 -> 0
A19: 31 | B19: 48122 | C19: =+'Anexo 16'!AC33 -> 3679947 | E19: =+'Cantidades Ofertadas Prod 6'!AC33 -> 0
A20: 30 | B20: 48153 | C20: =+'Anexo 16'!AC36 -> 3426382 | E20: =+'Cantidades Ofertadas Prod 6'!AC36 -> 0
A21: 31 | B21: 48183 | C21: =+'Anexo 16'!AC39 -> 3793601 | E21: =+'Cantidades Ofertadas Prod 6'!AC39 -> 0
B22: TOTAL | C22: =+SUM(C10:C21) -> 43577991 | E22: =SUM(E10:E21) -> 0 | F22: =+F10 -> 0
B24: *Solo se debe ingresar valores en las celdas en color Naranja
B25: * Se debe ofertar un unico % para todos los meses del año.
B26: * Los % ofertados se aplicaran a las curvas de carga de la hoja "Anexo 16".
B27: * La energia ofertada se calcula de manera automatica en la hoja "Cantidades Ofertadas Prod6"
B28: * Se debe ofertar un unico precio por producto.
B29: * Para ofertas planas se debe diligenciar el anexo 6A, con un tope horario de 500 kWh
H30: =+C30-G30 -> 0
H31: =+C31-G31 -> 0
H32: =+C32-G32 -> 0
B33: ____________________________________________
B34: Firma del Representante Legal
B35: o Apoderado General (Responsable del negocio)

Sheet Anexo 6A
B3: ANEXO No 6A - PRODUCTO No. 6 - OFERTA PLANA
B4: PAGUE LO CONTRATADO AÑO 2031
B5: PRECIO OFERTADO EN $ / kWh DE ABRIL DE 2025
B8: MES | C8: ENERGIA MAXIMA A OFERTAR kWh/MES | D8: kWh OFERTADO | E8: ENERGIA OFERTADA kWh/MES | F8: PRECIO OFERTADO ANUAL $/kWh
A9: 500
A10: 31 | B10: 47849 | C10: =+$A$9*A10*24 -> 372000 | E10: =+$D$10*A10*24 -> 0
A11: 28 | B11: 47880 | C11: =+$A$9*A11*24 -> 336000 | E11: =+$D$10*A11*24 -> 0
A12: 31 | B12: 47908 | C12: =+$A$9*A12*24 -> 372000 | E12: =+$D$10*A12*24 -> 0
A13: 30 | B13: 47939 | C13: =+$A$9*A13*24 -> 360000 | E13: =+$D$10*A13*24 -> 0
A14: 31 | B14: 47969 | C14: =+$A$9*A14*24 -> 372000 | E14: =+$D$10*A14*24 -> 0
A15: 30 | B15: 48000 | C15: =+$A$9*A15*24 -> 360000 | E15: =+$D$10*A15*24 -> 0
A16: 31 | B16: 48030 | C16: =+$A$9*A16*24 -> 372000 | E16: =+$D$10*A16*24 -> 0
A17: 31 | B17: 48061 | C17: =+$A$9*A17*24 -> 372000 | E17: =+$D$10*A17*24 -> 0
A18: 30 | B18: 48092 | C18: =+$A$9*A18*24 -> 360000 | E18: =+$D$10*A18*24 -> 0
A19: 31 | B19: 48122 | C19: =+$A$9*A19*24 -> 372000 | E19: =+$D$10*A19*24 -> 0
A20: 30 | B20: 48153 | C20: =+$A$9*A20*24 -> 360000 | E20: =+$D$10*A20*24 -> 0
A21: 31 | B21: 48183 | C21: =+$A$9*A21*24 -> 372000 | E21: =+$D$10*A21*24 -> 0
B22: TOTAL | C22: =+SUM(C10:C21) -> 4380000 | E22: =SUM(E10:E21) -> 0 | F22: =+F10 -> 0
B23: *Solo se debe ingresar valores en las celdas en color Naranja
B24: * Se debe oferta un valor de kWh el cual se aplica para todas las horas del año, con un tope horario de 500 kWh
B25: * Se debe ofertar un unico precio por producto.
B26: * A las ofertas planas al momento de la evaluación se le adicionarán 5 $/kWh al precio ofertado; con el fin de hacerlas comparables con las Ofertas que siguen la curva
B29: ____________________________________________
B30: Firma del Representante Legal
B31: o Apoderado General (Responsable del negocio)

Sheet Anexo 16
A1: CURVAS REQUERIDAS PRODUCTO 6 AÑO 2031 MODALIDAD PAGUE LO CONTRATADO - kWh
A4: Periodo | B4: Tipo de día | C4: H01 | D4: H02 | E4: H03 | F4: H04 | G4: H05 | H4: H06 | I4: H07 | J4: H08 | K4: H09 | L4: H10 | M4: H11 | N4: H12 | O4: H13 | P4: H14 | Q4: H15 | R4: H16 | S4: H17 | T4: H18 | U4: H19 | V4: H20 | W4: H21 | X4: H22 | Y4: H23 | Z4: H24 | AA4: TOTAL DÍA | AB4: Días/ | AC4: TOTAL MES
AB5: mes
A6: 47849 | B6: O | C6: 3248 | D6: 2798 | E6: 2545 | F6: 2432 | G6: 2501 | H6: 2833 | I6: 3066 | J6: 2957 | K6: 3987 | L6: 4849 | M6: 5644 | N6: 6286 | O6: 5847 | P6: 5831 | Q6: 6453 | R6: 6611 | S6: 6483 | T6: 8436 | U6: 8564 | V6: 8915 | W6: 8462 | X6: 7978 | Y6: 6940 | Z6: 5717 | AA6: =SUM(C6:Z6) -> 129383 | AB6: 21 | AC6: =+AA6*AB6+AA7*AB7+AA8*AB8 -> 3738729
B7: S | C7: 3363 | D7: 2899 | E7: 2609 | F7: 2445 | G7: 2452 | H7: 2602 | I7: 2596 | J7: 2267 | K7: 3219 | L7: 4098 | M7: 4808 | N7: 5363 | O7: 5289 | P7: 5043 | Q7: 5004 | R7: 5008 | S7: 4968 | T7: 7141 | U7: 7782 | V7: 8304 | W7: 7869 | X7: 7402 | Y7: 6629 | Z7: 5719 | AA7: =SUM(C7:Z7) -> 114879 | AB7: 4
B8: F | C8: 3220 | D8: 2760 | E8: 2421 | F8: 2213 | G8: 2154 | H8: 2219 | I8: 2027 | J8: 1362 | K8: 1934 | L8: 2686 | M8: 3216 | N8: 3784 | O8: 4064 | P8: 3847 | Q8: 3585 | R8: 3525 | S8: 3463 | T8: 5827 | U8: 6576 | V8: 7363 | W8: 7263 | X8: 6916 | Y8: 6106 | Z8: 5164 | AA8: =SUM(C8:Z8) -> 93695 | AB8: 6
A9: 47880 | B9: O | C9: 3028 | D9: 2636 | E9: 2416 | F9: 2321 | G9: 2439 | H9: 3103 | I9: 3172 | J9: 2874 | K9: 3759 | L9: 4529 | M9: 5259 | N9: 5848 | O9: 5285 | P9: 5348 | Q9: 6017 | R9: 6177 | S9: 6053 | T9: 7976 | U9: 8046 | V9: 8580 | W9: 8169 | X9: 7663 | Y9: 6597 | Z9: 5377 | AA9: =SUM(C9:Z9) -> 122672 | AB9: 20 | AC9: =+AA9*AB9+AA10*AB10+AA11*AB11 -> 3289036
B10: S | C10: 3203 | D10: 2792 | E10: 2509 | F10: 2368 | G10: 2377 | H10: 2576 | I10: 2664 | J10: 2358 | K10: 3276 | L10: 4174 | M10: 4875 | N10: 5375 | O10: 5238 | P10: 4973 | Q10: 4943 | R10: 4940 | S10: 4823 | T10: 6965 | U10: 7548 | V10: 8166 | W10: 7716 | X10: 7280 | Y10: 6476 | Z10: 5585 | AA10: =SUM(C10:Z10) -> 113200 | AB10: 4
B11: F | C11: 3327 | D11: 2860 | E11: 2558 | F11: 2309 | G11: 2291 | H11: 2341 | I11: 2170 | J11: 1490 | K11: 2064 | L11: 2812 | M11: 3310 | N11: 3837 | O11: 4031 | P11: 3896 | Q11: 3637 | R11: 3583 | S11: 3540 | T11: 5866 | U11: 6568 | V11: 7496 | W11: 7403 | X11: 7074 | Y11: 6134 | Z11: 5102 | AA11: =SUM(C11:Z11) -> 95699 | AB11: 4
A12: 47908 | B12: O | C12: 3286 | D12: 2876 | E12: 2642 | F12: 2543 | G12: 2647 | H12: 3264 | I12: 3299 | J12: 3098 | K12: 4001 | L12: 4806 | M12: 5557 | N12: 6168 | O12: 5640 | P12: 5658 | Q12: 6254 | R12: 6388 | S12: 6233 | T12: 8223 | U12: 8473 | V12: 9012 | W12: 8577 | X12: 8043 | Y12: 6936 | Z12: 5698 | AA12: =SUM(C12:Z12) -> 129322 | AB12: 20 | AC12: =+AA12*AB12+AA13*AB13+AA14*AB14 -> 3725907
B13: S | C13: 3289 | D13: 2829 | E13: 2542 | F13: 2412 | G13: 2417 | H13: 2586 | I13: 2615 | J13: 2397 | K13: 3321 | L13: 4145 | M13: 4819 | N13: 5300 | O13: 5196 | P13: 4978 | Q13: 4910 | R13: 4893 | S13: 4818 | T13: 7046 | U13: 7711 | V13: 8320 | W13: 7883 | X13: 7358 | Y13: 6575 | Z13: 5717 | AA13: =SUM(C13:Z13) -> 114077 | AB13: 5
B14: F | C14: 3292 | D14: 2815 | E14: 2497 | F14: 2311 | G14: 2270 | H14: 2333 | I14: 2070 | J14: 1452 | K14: 2027 | L14: 2736 | M14: 3245 | N14: 3729 | O14: 3964 | P14: 3816 | Q14: 3584 | R14: 3505 | S14: 3466 | T14: 5839 | U14: 6595 | V14: 7480 | W14: 7435 | X14: 7045 | Y14: 6181 | Z14: 5160 | AA14: =SUM(C14:Z14) -> 94847 | AB14: 6
A15: 47939 | B15: O | C15: 2994 | D15: 2584 | E15: 2346 | F15: 2260 | G15: 2347 | H15: 2776 | I15: 2921 | J15: 2864 | K15: 3702 | L15: 4460 | M15: 5159 | N15: 5758 | O15: 5361 | P15: 5334 | Q15: 5759 | R15: 5878 | S15: 5727 | T15: 7833 | U15: 8215 | V15: 8576 | W15: 8196 | X15: 7628 | Y15: 6530 | Z15: 5341 | AA15: =SUM(C15:Z15) -> 120549 | AB15: 20 | AC15: =+AA15*AB15+AA16*AB16+AA17*AB17 -> 3412160
B16: S | C16: 3034 | D16: 2596 | E16: 2318 | F16: 2185 | G16: 2235 | H16: 2353 | I16: 2410 | J16: 2289 | K16: 3141 | L16: 3941 | M16: 4603 | N16: 5066 | O16: 5058 | P16: 4784 | Q16: 4735 | R16: 4761 | S16: 4712 | T16: 7037 | U16: 7767 | V16: 8170 | W16: 7722 | X16: 7197 | Y16: 6388 | Z16: 5483 | AA16: =SUM(C16:Z16) -> 109985 | AB16: 4
B17: F | C17: 3097 | D17: 2641 | E17: 2334 | F17: 2154 | G17: 2080 | H17: 2060 | I17: 1882 | J17: 1412 | K17: 2040 | L17: 2730 | M17: 3230 | N17: 3713 | O17: 3971 | P17: 3887 | Q17: 3677 | R17: 3619 | S17: 3578 | T17: 5962 | U17: 6849 | V17: 7522 | W17: 7324 | X17: 6864 | Y17: 5957 | Z17: 4957 | AA17: =SUM(C17:Z17) -> 93540 | AB17: 6
A18: 47969 | B18: O | C18: 3034 | D18: 2621 | E18: 2410 | F18: 2296 | G18: 2384 | H18: 2739 | I18: 2971 | J18: 2934 | K18: 3859 | L18: 4643 | M18: 5330 | N18: 5891 | O18: 5439 | P18: 5359 | Q18: 5831 | R18: 5926 | S18: 5840 | T18: 7928 | U18: 8349 | V18: 8668 | W18: 8310 | X18: 7700 | Y18: 6586 | Z18: 5369 | AA18: =SUM(C18:Z18) -> 122417 | AB18: 20 | AC18: =+AA18*AB18+AA19*AB19+AA20*AB20 -> 3585507
B19: S | C19: 3180 | D19: 2717 | E19: 2485 | F19: 2320 | G19: 2349 | H19: 2345 | I19: 2431 | J19: 2398 | K19: 3348 | L19: 4240 | M19: 4896 | N19: 5380 | O19: 5241 | P19: 4914 | Q19: 4830 | R19: 4808 | S19: 4710 | T19: 7062 | U19: 7937 | V19: 8312 | W19: 7870 | X19: 7388 | Y19: 6500 | Z19: 5620 | AA19: =SUM(C19:Z19) -> 113281 | AB19: 5
B20: F | C20: 3188 | D20: 2712 | E20: 2426 | F20: 2215 | G20: 2221 | H20: 2092 | I20: 1899 | J20: 1520 | K20: 2150 | L20: 2903 | M20: 3338 | N20: 3804 | O20: 4005 | P20: 3861 | Q20: 3676 | R20: 3616 | S20: 3549 | T20: 5895 | U20: 6806 | V20: 7543 | W20: 7400 | X20: 7024 | Y20: 6130 | Z20: 5154 | AA20: =SUM(C20:Z20) -> 95127 | AB20: 6
A21: 48000 | B21: O | C21: 2886 | D21: 2516 | E21: 2287 | F21: 2203 | G21: 2324 | H21: 2631 | I21: 2947 | J21: 2976 | K21: 3867 | L21: 4696 | M21: 5404 | N21: 6012 | O21: 5556 | P21: 5423 | Q21: 5931 | R21: 6067 | S21: 5906 | T21: 8013 | U21: 8234 | V21: 8746 | W21: 8356 | X21: 7703 | Y21: 6552 | Z21: 5300 | AA21: =SUM(C21:Z21) -> 122536 | AB21: 18 | AC21: =+AA21*AB21+AA22*AB22+AA23*AB23 -> 3504900
B22: S | C22: 3111 | D22: 2697 | E22: 2401 | F22: 2289 | G22: 2378 | H22: 2427 | I22: 2535 | J22: 2562 | K22: 3490 | L22: 4404 | M22: 5049 | N22: 5574 | O22: 5437 | P22: 5182 | Q22: 5094 | R22: 5115 | S22: 5032 | T22: 7279 | U22: 7938 | V22: 8473 | W22: 7964 | X22: 7448 | Y22: 6576 | Z22: 5628 | AA22: =SUM(C22:Z22) -> 116083 | AB22: 4
B23: F | C23: 3351 | D23: 2868 | E23: 2557 | F23: 2367 | G23: 2366 | H23: 2321 | I23: 2343 | J23: 2028 | K23: 2704 | L23: 3488 | M23: 3960 | N23: 4487 | O23: 4568 | P23: 4431 | Q23: 4297 | R23: 4220 | S23: 4147 | T23: 6492 | U23: 7005 | V23: 7853 | W23: 7700 | X23: 7228 | Y23: 6291 | Z23: 5293 | AA23: =SUM(C23:Z23) -> 104365 | AB23: 8
A24: 48030 | B24: O | C24: 3109 | D24: 2729 | E24: 2487 | F24: 2376 | G24: 2455 | H24: 2782 | I24: 2985 | J24: 3073 | K24: 4029 | L24: 4910 | M24: 5656 | N24: 6259 | O24: 5743 | P24: 5659 | Q24: 6285 | R24: 6442 | S24: 6296 | T24: 8281 | U24: 8257 | V24: 8844 | W24: 8484 | X24: 7919 | Y24: 6773 | Z24: 5557 | AA24: =SUM(C24:Z24) -> 127390 | AB24: 23 | AC24: =+AA24*AB24+AA25*AB25+AA26*AB26 -> 3781734
B25: S | C25: 3143 | D25: 2721 | E25: 2421 | F25: 2268 | G25: 2353 | H25: 2450 | I25: 2478 | J25: 2474 | K25: 3427 | L25: 4372 | M25: 4987 | N25: 5483 | O25: 5317 | P25: 5006 | Q25: 4927 | R25: 4938 | S25: 4890 | T25: 7119 | U25: 7627 | V25: 8254 | W25: 7813 | X25: 7318 | Y25: 6491 | Z25: 5564 | AA25: =SUM(C25:Z25) -> 113841 | AB25: 4
B26: F | C26: 3280 | D26: 2853 | E26: 2540 | F26: 2305 | G26: 2280 | H26: 2225 | I26: 2074 | J26: 1701 | K26: 2353 | L26: 3148 | M26: 3663 | N26: 4151 | O26: 4351 | P26: 4157 | Q26: 3881 | R26: 3753 | S26: 3752 | T26: 6127 | U26: 6654 | V26: 7652 | W26: 7587 | X26: 7149 | Y26: 6250 | Z26: 5214 | AA26: =SUM(C26:Z26) -> 99100 | AB26: 4
A27: 48061 | B27: O | C27: 3204 | D27: 2787 | E27: 2538 | F27: 2418 | G27: 2526 | H27: 2995 | I27: 3163 | J27: 3230 | K27: 4213 | L27: 5070 | M27: 5838 | N27: 6476 | O27: 5909 | P27: 5865 | Q27: 6564 | R27: 6754 | S27: 6637 | T27: 8550 | U27: 8649 | V27: 9027 | W27: 8635 | X27: 8064 | Y27: 6897 | Z27: 5630 | AA27: =SUM(C27:Z27) -> 131639 | AB27: 19 | AC27: =+AA27*AB27+AA28*AB28+AA29*AB29 -> 3811512
B28: S | C28: 3412 | D28: 2977 | E28: 2672 | F28: 2494 | G28: 2544 | H28: 2660 | I28: 2824 | J28: 2807 | K28: 3849 | L28: 4789 | M28: 5400 | N28: 5973 | O28: 5851 | P28: 5443 | Q28: 5500 | R28: 5443 | S28: 5329 | T28: 7590 | U28: 8057 | V28: 8594 | W28: 8080 | X28: 7542 | Y28: 6717 | Z28: 5747 | AA28: =SUM(C28:Z28) -> 122294 | AB28: 5
B29: F | C29: 3385 | D29: 2922 | E29: 2572 | F29: 2367 | G29: 2354 | H29: 2337 | I29: 1993 | J29: 1678 | K29: 2304 | L29: 3103 | M29: 3627 | N29: 4122 | O29: 4274 | P29: 4130 | Q29: 3860 | R29: 3805 | S29: 3766 | T29: 6096 | U29: 6849 | V29: 7775 | W29: 7665 | X29: 7272 | Y29: 6328 | Z29: 5259 | AA29: =SUM(C29:Z29) -> 99843 | AB29: 7
A30: 48092 | B30: O | C30: 3277 | D30: 2852 | E30: 2631 | F30: 2529 | G30: 2626 | H30: 3026 | I30: 3251 | J30: 3298 | K30: 4286 | L30: 5159 | M30: 5915 | N30: 6557 | O30: 5989 | P30: 5973 | Q30: 6646 | R30: 6803 | S30: 6664 | T30: 8635 | U30: 9072 | V30: 9100 | W30: 8686 | X30: 8083 | Y30: 6898 | Z30: 5682 | AA30: =SUM(C30:Z30) -> 133638 | AB30: 22 | AC30: =+AA30*AB30+AA31*AB31+AA32*AB32 -> 3828576
B31: S | C31: 3360 | D31: 2911 | E31: 2634 | F31: 2471 | G31: 2509 | H31: 2511 | I31: 2687 | J31: 2703 | K31: 3813 | L31: 4774 | M31: 5448 | N31: 5906 | O31: 5778 | P31: 5415 | Q31: 5369 | R31: 5387 | S31: 5326 | T31: 7613 | U31: 8519 | V31: 8598 | W31: 8054 | X31: 7540 | Y31: 6671 | Z31: 5768 | AA31: =SUM(C31:Z31) -> 121765 | AB31: 4
B32: F | C32: 3421 | D32: 2973 | E32: 2630 | F32: 2429 | G32: 2395 | H32: 2269 | I32: 2155 | J32: 1770 | K32: 2408 | L32: 3184 | M32: 3681 | N32: 4146 | O32: 4338 | P32: 4165 | Q32: 3920 | R32: 3809 | S32: 3757 | T32: 6157 | U32: 7167 | V32: 7656 | W32: 7533 | X32: 7106 | Y32: 6145 | Z32: 5156 | AA32: =SUM(C32:Z32) -> 100370 | AB32: 4
A33: 48122 | B33: O | C33: 2909 | D33: 2520 | E33: 2318 | F33: 2233 | G33: 2341 | H33: 2649 | I33: 2960 | J33: 3009 | K33: 3943 | L33: 4764 | M33: 5509 | N33: 6106 | O33: 5575 | P33: 5533 | Q33: 6132 | R33: 6242 | S33: 6091 | T33: 8258 | U33: 8926 | V33: 8633 | W33: 8186 | X33: 7561 | Y33: 6426 | Z33: 5248 | AA33: =SUM(C33:Z33) -> 124072 | AB33: 22 | AC33: =+AA33*AB33+AA34*AB34+AA35*AB35 -> 3679947
B34: S | C34: 3219 | D34: 2793 | E34: 2522 | F34: 2358 | G34: 2427 | H34: 2387 | I34: 2582 | J34: 2612 | K34: 3618 | L34: 4527 | M34: 5195 | N34: 5680 | O34: 5520 | P34: 5123 | Q34: 5074 | R34: 5033 | S34: 4892 | T34: 7419 | U34: 8550 | V34: 8394 | W34: 7878 | X34: 7337 | Y34: 6482 | Z34: 5575 | AA34: =SUM(C34:Z34) -> 117197 | AB34: 4
