Workbook

Sheet P1_ANEXO_1_2025
B2: EMPRESAS MUNICIPALES DE CALI- EMCALI EICE ESP
B3: CONVOCATORIA PÚBLICA PARA COMPRA DE ENERGÍA
B4: Código de Convocatoria SICEP No. CP-EMIC2025-001
B6: ANEXO No. 1 CANTIDADES HORARIAS Y MENSUALES SOLICITADAS
A8: ENERGÍA PLANA A SOLICITAR AÑO 2025 PARA MERCADO REGULADO (MWh)
A9: MES | B9: DÍA | C9: H1 | D9: H2 | E9: H3 | F9: H4 | G9: H5 | H9: H6 | I9: H7 | J9: H8 | K9: H9 | L9: H10 | M9: H11 | N9: H12 | O9: H13 | P9: H14 | Q9: H15 | R9: H16 | S9: H17 | T9: H18 | U9: H19 | V9: H20 | W9: H21 | X9: H22 | Y9: H23 | Z9: H24 | AA9: TOTAL | AB9: No. Dias | AC9: TOTAL DIA | AD9: TOTAL MES
A10: 45839 | B10: ORDINARIO | C10: 24.455 | D10: 24.455 | E10: 24.455 | F10: 24.455 | G10: 24.455 | H10: 24.455 | I10: 24.455 | J10: 24.455 | K10: 24.455 | L10: 24.455 | M10: 24.455 | N10: 24.455 | O10: 24.455 | P10: 24.455 | Q10: 24.455 | R10: 24.455 | S10: 24.455 | T10: 24.455 | U10: 24.455 | V10: 24.455 | W10: 24.455 | X10: 24.455 | Y10: 24.455 | Z10: 24.455 | AA10: =SUM(C10:Z10) -> 586.92 | AB10: 23 | AC10: =AA10*+AB10 -> 13499.16 | AD10: =+AC10+AC11+AC12 -> 18194.52
B11: SABADO | C11: 24.455 | D11: 24.455 | E11: 24.455 | F11: 24.455 | G11: 24.455 | H11: 24.455 | I11: 24.455 | J11: 24.455 | K11: 24.455 | L11: 24.455 | M11: 24.455 | N11: 24.455 | O11: 24.455 | P11: 24.455 | Q11: 24.455 | R11: 24.455 | S11: 24.455 | T11: 24.455 | U11: 24.455 | V11: 24.455 | W11: 24.455 | X11: 24.455 | Y11: 24.455 | Z11: 24.455 | AA11: =SUM(C11:Z11) -> 586.92 | AB11: 4 | AC11: =AA11*+AB11 -> 2347.68
B12: DOMINGO | C12: 24.455 | D12: 24.455 | E12: 24.455 | F12: 24.455 | G12: 24.455 | H12: 24.455 | I12: 24.455 | J12: 24.455 | K12: 24.455 | L12: 24.455 | M12: 24.455 | N12: 24.455 | O12: 24.455 | P12: 24.455 | Q12: 24.455 | R12: 24.455 | S12: 24.455 | T12: 24.455 | U12: 24.455 | V12: 24.455 | W12: 24.455 | X12: 24.455 | Y12: 24.455 | Z12: 24.455 | AA12: =SUM(C12:Z12) -> 586.92 | AB12: 4 | AC12: =AA12*+AB12 -> 2347.68
A13: 45870 | B13: ORDINARIO | C13: 24.455 | D13: 24.455 | E13: 24.455 | F13: 24.455 | G13: 24.455 | H13: 24.455 | I13: 24.455 | J13: 24.455 | K13: 24.455 | L13: 24.455 | M13: 24.455 | N13: 24.455 | O13: 24.455 | P13: 24.455 | Q13: 24.455 | R13: 24.455 | S13: 24.455 | T13: 24.455 | U13: 24.455 | V13: 24.455 | W13: 24.455 | X13: 24.455 | Y13: 24.455 | Z13: 24.455 | AA13: =SUM(C13:Z13) -> 586.92 | AB13: 19 | AC13: =AA13*+AB13 -> 11151.48 | AD13: =+AC13+AC14+AC15 -> 18194.52
B14: SABADO | C14: 24.455 | D14: 24.455 | E14: 24.455 | F14: 24.455 | G14: 24.455 | H14: 24.455 | I14: 24.455 | J14: 24.455 | K14: 24.455 | L14: 24.455 | M14: 24.455 | N14: 24.455 | O14: 24.455 | P14: 24.455 | Q14: 24.455 | R14: 24.455 | S14: 24.455 | T14: 24.455 | U14: 24.455 | V14: 24.455 | W14: 24.455 | X14: 24.455 | Y14: 24.455 | Z14: 24.455 | AA14: =SUM(C14:Z14) -> 586.92 | AB14: 5 | AC14: =AA14*+AB14 -> 2934.6
B15: DOMINGO | C15: 24.455 | D15: 24.455 | E15: 24.455 | F15: 24.455 | G15: 24.455 | H15: 24.455 | I15: 24.455 | J15: 24.455 | K15: 24.455 | L15: 24.455 | M15: 24.455 | N15: 24.455 | O15: 24.455 | P15: 24.455 | Q15: 24.455 | R15: 24.455 | S15: 24.455 | T15: 24.455 | U15: 24.455 | V15: 24.455 | W15: 24.455 | X15: 24.455 | Y15: 24.455 | Z15: 24.455 | AA15: =SUM(C15:Z15) -> 586.92 | AB15: 7 | AC15: =AA15*+AB15 -> 4108.44
A16: 45901 | B16: ORDINARIO | C16: 24.455 | D16: 24.455 | E16: 24.455 | F16: 24.455 | G16: 24.455 | H16: 24.455 | I16: 24.455 | J16: 24.455 | K16: 24.455 | L16: 24.455 | M16: 24.455 | N16: 24.455 | O16: 24.455 | P16: 24.455 | Q16: 24.455 | R16: 24.455 | S16: 24.455 | T16: 24.455 | U16: 24.455 | V16: 24.455 | W16: 24.455 | X16: 24.455 | Y16: 24.455 | Z16: 24.455 | AA16: =SUM(C16:Z16) -> 586.92 | AB16: 22 | AC16: =AA16*+AB16 -> 12912.24 | AD16: =+AC16+AC17+AC18 -> 17607.6
B17: SABADO | C17: 24.455 | D17: 24.455 | E17: 24.455 | F17: 24.455 | G17: 24.455 | H17: 24.455 | I17: 24.455 | J17: 24.455 | K17: 24.455 | L17: 24.455 | M17: 24.455 | N17: 24.455 | O17: 24.455 | P17: 24.455 | Q17: 24.455 | R17: 24.455 | S17: 24.455 | T17: 24.455 | U17: 24.455 | V17: 24.455 | W17: 24.455 | X17: 24.455 | Y17: 24.455 | Z17: 24.455 | AA17: =SUM(C17:Z17) -> 586.92 | AB17: 4 | AC17: =AA17*+AB17 -> 2347.68
B18: DOMINGO | C18: 24.455 | D18: 24.455 | E18: 24.455 | F18: 24.455 | G18: 24.455 | H18: 24.455 | I18: 24.455 | J18: 24.455 | K18: 24.455 | L18: 24.455 | M18: 24.455 | N18: 24.455 | O18: 24.455 | P18: 24.455 | Q18: 24.455 | R18: 24.455 | S18: 24.455 | T18: 24.455 | U18: 24.455 | V18: 24.455 | W18: 24.455 | X18: 24.455 | Y18: 24.455 | Z18: 24.455 | AA18: =SUM(C18:Z18) -> 586.92 | AB18: 4 | AC18: =AA18*+AB18 -> 2347.68
A19: 45931 | B19: ORDINARIO | C19: 24.455 | D19: 24.455 | E19: 24.455 | F19: 24.455 | G19: 24.455 | H19: 24.455 | I19: 24.455 | J19: 24.455 | K19: 24.455 | L19: 24.455 | M19: 24.455 | N19: 24.455 | O19: 24.455 | P19: 24.455 | Q19: 24.455 | R19: 24.455 | S19: 24.455 | T19: 24.455 | U19: 24.455 | V19: 24.455 | W19: 24.455 | X19: 24.455 | Y19: 24.455 | Z19: 24.455 | AA19: =SUM(C19:Z19) -> 586.92 | AB19: 22 | AC19: =AA19*+AB19 -> 12912.24 | AD19: =+AC19+AC20+AC21 -> 18194.52
B20: SABADO | C20: 24.455 | D20: 24.455 | E20: 24.455 | F20: 24.455 | G20: 24.455 | H20: 24.455 | I20: 24.455 | J20: 24.455 | K20: 24.455 | L20: 24.455 | M20: 24.455 | N20: 24.455 | O20: 24.455 | P20: 24.455 | Q20: 24.455 | R20: 24.455 | S20: 24.455 | T20: 24.455 | U20: 24.455 | V20: 24.455 | W20: 24.455 | X20: 24.455 | Y20: 24.455 | Z20: 24.455 | AA20: =SUM(C20:Z20) -> 586.92 | AB20: 4 | AC20: =AA20*+AB20 -> 2347.68
B21: DOMINGO | C21: 24.455 | D21: 24.455 | E21: 24.455 | F21: 24.455 | G21: 24.455 | H21: 24.455 | I21: 24.455 | J21: 24.455 | K21: 24.455 | L21: 24.455 | M21: 24.455 | N21: 24.455 | O21: 24.455 | P21: 24.455 | Q21: 24.455 | R21: 24.455 | S21: 24.455 | T21: 24.455 | U21: 24.455 | V21: 24.455 | W21: 24.455 | X21: 24.455 | Y21: 24.455 | Z21: 24.455 | AA21: =SUM(C21:Z21) -> 586.92 | AB21: 5 | AC21: =AA21*+AB21 -> 2934.6
A22: 45962 | B22: ORDINARIO | C22: 24.455 | D22: 24.455 | E22: 24.455 | F22: 24.455 | G22: 24.455 | H22: 24.455 | I22: 24.455 | J22: 24.455 | K22: 24.455 | L22: 24.455 | M22: 24.455 | N22: 24.455 | O22: 24.455 | P22: 24.455 | Q22: 24.455 | R22: 24.455 | S22: 24.455 | T22: 24.455 | U22: 24.455 | V22: 24.455 | W22: 24.455 | X22: 24.455 | Y22: 24.455 | Z22: 24.455 | AA22: =SUM(C22:Z22) -> 586.92 | AB22: 18 | AC22: =AA22*+AB22 -> 10564.56 | AD22: =+AC22+AC23+AC24 -> 17607.6
B23: SABADO | C23: 24.455 | D23: 24.455 | E23: 24.455 | F23: 24.455 | G23: 24.455 | H23: 24.455 | I23: 24.455 | J23: 24.455 | K23: 24.455 | L23: 24.455 | M23: 24.455 | N23: 24.455 | O23: 24.455 | P23: 24.455 | Q23: 24.455 | R23: 24.455 | S23: 24.455 | T23: 24.455 | U23: 24.455 | V23: 24.455 | W23: 24.455 | X23: 24.455 | Y23: 24.455 | Z23: 24.455 | AA23: =SUM(C23:Z23) -> 586.92 | AB23: 5 | AC23: =AA23*+AB23 -> 2934.6
B24: DOMINGO | C24: 24.455 | D24: 24.455 | E24: 24.455 | F24: 24.455 | G24: 24.455 | H24: 24.455 | I24: 24.455 | J24: 24.455 | K24: 24.455 | L24: 24.455 | M24: 24.455 | N24: 24.455 | O24: 24.455 | P24: 24.455 | Q24: 24.455 | R24: 24.455 | S24: 24.455 | T24: 24.455 | U24: 24.455 | V24: 24.455 | W24: 24.455 | X24: 24.455 | Y24: 24.455 | Z24: 24.455 | AA24: =SUM(C24:Z24) -> 586.92 | AB24: 7 | AC24: =AA24*+AB24 -> 4108.44
A25: 45992 | B25: ORDINARIO | C25: 24.455 | D25: 24.455 | E25: 24.455 | F25: 24.455 | G25: 24.455 | H25: 24.455 | I25: 24.455 | J25: 24.455 | K25: 24.455 | L25: 24.455 | M25: 24.455 | N25: 24.455 | O25: 24.455 | P25: 24.455 | Q25: 24.455 | R25: 24.455 | S25: 24.455 | T25: 24.455 | U25: 24.455 | V25: 24.455 | W25: 24.455 | X25: 24.455 | Y25: 24.455 | Z25: 24.455 | AA25: =SUM(C25:Z25) -> 586.92 | AB25: 21 | AC25: =AA25*+AB25 -> 12325.32 | AD25: =+AC25+AC26+AC27 -> 18194.52
B26: SABADO | C26: 24.455 | D26: 24.455 | E26: 24.455 | F26: 24.455 | G26: 24.455 | H26: 24.455 | I26: 24.455 | J26: 24.455 | K26: 24.455 | L26: 24.455 | M26: 24.455 | N26: 24.455 | O26: 24.455 | P26: 24.455 | Q26: 24.455 | R26: 24.455 | S26: 24.455 | T26: 24.455 | U26: 24.455 | V26: 24.455 | W26: 24.455 | X26: 24.455 | Y26: 24.455 | Z26: 24.455 | AA26: =SUM(C26:Z26) -> 586.92 | AB26: 4 | AC26: =AA26*+AB26 -> 2347.68
B27: DOMINGO | C27: 24.455 | D27: 24.455 | E27: 24.455 | F27: 24.455 | G27: 24.455 | H27: 24.455 | I27: 24.455 | J27: 24.455 | K27: 24.455 | L27: 24.455 | M27: 24.455 | N27: 24.455 | O27: 24.455 | P27: 24.455 | Q27: 24.455 | R27: 24.455 | S27: 24.455 | T27: 24.455 | U27: 24.455 | V27: 24.455 | W27: 24.455 | X27: 24.455 | Y27: 24.455 | Z27: 24.455 | AA27: =SUM(C27:Z27) -> 586.92 | AB27: 6 | AC27: =AA27*+AB27 -> 3521.52
AB28: TOTAL ENERGIA | AD28: =SUM(AD10:AD27) -> 107993.28

Sheet P1_ANEXO_2 2025
B2: EMPRESAS MUNICIPALES DE CALI- EMCALI EICE ESP
B3: CONVOCATORIA PÚBLICA PARA COMPRA DE ENERGÍA
B4: Código de Convocatoria SICEP No. CP-EMIC2025-001
B6: ANEXO No. 2 CANTIDADES Y PRECIOS OFERTADOS
B10: AÑO 2025
B11: MES | C11: Energía solicitada (MWh) | D11: % ofertado por mes | E11: $/kWh para cada mes
B12: julio | C12: =+P1_ANEXO_1_2025!$AD$10 -> 18194.52
B13: agosto | C13: =+P1_ANEXO_1_2025!$AD$13 -> 18194.52
B14: septiembre | C14: =+P1_ANEXO_1_2025!$AD$16 -> 17607.6
B15: octubre | C15: =+P1_ANEXO_1_2025!$AD$19 -> 18194.52
B16: noviembre | C16: =+P1_ANEXO_1_2025!$AD$22 -> 17607.6
B17: diciembre | C17: =+P1_ANEXO_1_2025!$AD$25 -> 18194.52
B18: Total año | C18: =SUM(C12:C17) -> 107993.28
B21: NOTAS:
B22: 1- Las cantidades a ofertar pueden ser parciales o por la totalidad de la energía solicitada.
B23: 2- Precios en pesos constantes del mes de febrero de 2025.
B24: 3- La energía y los precios a ofertar deben ofrecerse en la modalidad monomia.
B25: 4- Las cantidades ofertadas siguen la curva indicada en los términos de referencia
B26: 5- Se puede ofertar diferente precio para cada mes.
B27: 6- El % ofertado puede ser diferente para cada mes, incluyendo 0%.

Sheet P2_ANEXO_1_2025
B2: EMPRESAS MUNICIPALES DE CALI- EMCALI EICE ESP
B3: CONVOCATORIA PÚBLICA PARA COMPRA DE ENERGÍA
B4: Código de Convocatoria SICEP No. CP-EMIC2025-001
B6: ANEXO No. 1 CANTIDADES HORARIAS Y MENSUALES SOLICITADAS
A8: ENERGÍA PLANA A SOLICITAR AÑO 2025 PARA MERCADO REGULADO (MWh)
A9: MES | B9: DÍA | C9: H1 | D9: H2 | E9: H3 | F9: H4 | G9: H5 | H9: H6 | I9: H7 | J9: H8 | K9: H9 | L9: H10 | M9: H11 | N9: H12 | O9: H13 | P9: H14 | Q9: H15 | R9: H16 | S9: H17 | T9: H18 | U9: H19 | V9: H20 | W9: H21 | X9: H22 | Y9: H23 | Z9: H24 | AA9: TOTAL | AB9: No. Dias | AC9: TOTAL DIA | AD9: TOTAL MES
A10: 45839 | B10: ORDINARIO | C10: 24.455 | D10: 24.455 | E10: 24.455 | F10: 24.455 | G10: 24.455 | H10: 24.455 | I10: 24.455 | J10: 24.455 | K10: 24.455 | L10: 24.455 | M10: 24.455 | N10: 24.455 | O10: 24.455 | P10: 24.455 | Q10: 24.455 | R10: 24.455 | S10: 24.455 | T10: 24.455 | U10: 24.455 | V10: 24.455 | W10: 24.455 | X10: 24.455 | Y10: 24.455 | Z10: 24.455 | AA10: =SUM(C10:Z10) -> 586.92 | AB10: 23 | AC10: =AA10*+AB10 -> 13499.16 | AD10: =+AC10+AC11+AC12 -> 18194.52
B11: SABADO | C11: 24.455 | D11: 24.455 | E11: 24.455 | F11: 24.455 | G11: 24.455 | H11: 24.455 | I11: 24.455 | J11: 24.455 | K11: 24.455 | L11: 24.455 | M11: 24.455 | N11: 24.455 | O11: 24.455 | P11: 24.455 | Q11: 24.455 | R11: 24.455 | S11: 24.455 | T11: 24.455 | U11: 24.455 | V11: 24.455 | W11: 24.455 | X11: 24.455 | Y11: 24.455 | Z11: 24.455 | AA11: =SUM(C11:Z11) -> 586.92 | AB11: 4 | AC11: =AA11*+AB11 -> 2347.68
B12: DOMINGO | C12: 24.455 | D12: 24.455 | E12: 24.455 | F12: 24.455 | G12: 24.455 | H12: 24.455 | I12: 24.455 | J12: 24.455 | K12: 24.455 | L12: 24.455 | M12: 24.455 | N12: 24.455 | O12: 24.455 | P12: 24.455 | Q12: 24.455 | R12: 24.455 | S12: 24.455 | T12: 24.455 | U12: 24.455 | V12: 24.455 | W12: 24.455 | X12: 24.455 | Y12: 24.455 | Z12: 24.455 | AA12: =SUM(C12:Z12) -> 586.92 | AB12: 4 | AC12: =AA12*+AB12 -> 2347.68
A13: 45870 | B13: ORDINARIO | C13: 24.455 | D13: 24.455 | E13: 24.455 | F13: 24.455 | G13: 24.455 | H13: 24.455 | I13: 24.455 | J13: 24.455 | K13: 24.455 | L13: 24.455 | M13: 24.455 | N13: 24.455 | O13: 24.455 | P13: 24.455 | Q13: 24.455 | R13: 24.455 | S13: 24.455 | T13: 24.455 | U13: 24.455 | V13: 24.455 | W13: 24.455 | X13: 24.455 | Y13: 24.455 | Z13: 24.455 | AA13: =SUM(C13:Z13) -> 586.92 | AB13: 19 | AC13: =AA13*+AB13 -> 11151.48 | AD13: =+AC13+AC14+AC15 -> 18194.52
B14: SABADO | C14: 24.455 | D14: 24.455 | E14: 24.455 | F14: 24.455 | G14: 24.455 | H14: 24.455 | I14: 24.455 | J14: 24.455 | K14: 24.455 | L14: 24.455 | M14: 24.455 | N14: 24.455 | O14: 24.455 | P14: 24.455 | Q14: 24.455 | R14: 24.455 | S14: 24.455 | T14: 24.455 | U14: 24.455 | V14: 24.455 | W14: 24.455 | X14: 24.455 | Y14: 24.455 | Z14: 24.455 | AA14: =SUM(C14:Z14) -> 586.92 | AB14: 5 | AC14: =AA14*+AB14 -> 2934.6
B15: DOMINGO | C15: 24.455 | D15: 24.455 | E15: 24.455 | F15: 24.455 | G15: 24.455 | H15: 24.455 | I15: 24.455 | J15: 24.455 | K15: 24.455 | L15: 24.455 | M15: 24.455 | N15: 24.455 | O15: 24.455 | P15: 24.455 | Q15: 24.455 | R15: 24.455 | S15: 24.455 | T15: 24.455 | U15: 24.455 | V15: 24.455 | W15: 24.455 | X15: 24.455 | Y15: 24.455 | Z15: 24.455 | AA15: =SUM(C15:Z15) -> 586.92 | AB15: 7 | AC15: =AA15*+AB15 -> 4108.44
A16: 45901 | B16: ORDINARIO | C16: 24.455 | D16: 24.455 | E16: 24.455 | F16: 24.455 | G16: 24.455 | H16: 24.455 | I16: 24.455 | J16: 24.455 | K16: 24.455 | L16: 24.455 | M16: 24.455 | N16: 24.455 | O16: 24.455 | P16: 24.455 | Q16: 24.455 | R16: 24.455 | S16: 24.455 | T16: 24.455 | U16: 24.455 | V16: 24.455 | W16: 24.455 | X16: 24.455 | Y16: 24.455 | Z16: 24.455 | AA16: =SUM(C16:Z16) -> 586.92 | AB16: 22 | AC16: =AA16*+AB16 -> 12912.24 | AD16: =+AC16+AC17+AC18 -> 17607.6
B17: SABADO | C17: 24.455 | D17: 24.455 | E17: 24.455 | F17: 24.455 | G17: 24.455 | H17: 24.455 | I17: 24.455 | J17: 24.455 | K17: 24.455 | L17: 24.455 | M17: 24.455 | N17: 24.455 | O17: 24.455 | P17: 24.455 | Q17: 24.455 | R17: 24.455 | S17: 24.455 | T17: 24.455 | U17: 24.455 | V17: 24.455 | W17: 24.455 | X17: 24.455 | Y17: 24.455 | Z17: 24.455 | AA17: =SUM(C17:Z17) -> 586.92 | AB17: 4 | AC17: =AA17*+AB17 -> 2347.68
B18: DOMINGO | C18: 24.455 | D18: 24.455 | E18: 24.455 | F18: 24.455 | G18: 24.455 | H18: 24.455 | I18: 24.455 | J18: 24.455 | K18: 24.455 | L18: 24.455 | M18: 24.455 | N18: 24.455 | O18: 24.455 | P18: 24.455 | Q18: 24.455 | R18: 24.455 | S18: 24.455 | T18: 24.455 | U18: 24.455 | V18: 24.455 | W18: 24.455 | X18: 24.455 | Y18: 24.455 | Z18: 24.455 | AA18: =SUM(C18:Z18) -> 586.92 | AB18: 4 | AC18: =AA18*+AB18 -> 2347.68
A19: 45931 | B19: ORDINARIO | C19: 24.455 | D19: 24.455 | E19: 24.455 | F19: 24.455 | G19: 24.455 | H19: 24.455 | I19: 24.455 | J19: 24.455 | K19: 24.455 | L19: 24.455 | M19: 24.455 | N19: 24.455 | O19: 24.455 | P19: 24.455 | Q19: 24.455 | R19: 24.455 | S19: 24.455 | T19: 24.455 | U19: 24.455 | V19: 24.455 | W19: 24.455 | X19: 24.455 | Y19: 24.455 | Z19: 24.455 | AA19: =SUM(C19:Z19) -> 586.92 | AB19: 22 | AC19: =AA19*+AB19 -> 12912.24 | AD19: =+AC19+AC20+AC21 -> 18194.52
B20: SABADO | C20: 24.455 | D20: 24.455 | E20: 24.455 | F20: 24.455 | G20: 24.455 | H20: 24.455 | I20: 24.455 | J20: 24.455 | K20: 24.455 | L20: 24.455 | M20: 24.455 | N20: 24.455 | O20: 24.455 | P20: 24.455 | Q20: 24.455 | R20: 24.455 | S20: 24.455 | T20: 24.455 | U20: 24.455 | V20: 24.455 | W20: 24.455 | X20: 24.455 | Y20: 24.455 | Z20: 24.455 | AA20: =SUM(C20:Z20) -> 586.92 | AB20: 4 | AC20: =AA20*+AB20 -> 2347.68
B21: DOMINGO | C21: 24.455 | D21: 24.455 | E21: 24.455 | F21: 24.455 | G21: 24.455 | H21: 24.455 | I21: 24.455 | J21: 24.455 | K21: 24.455 | L21: 24.455 | M21: 24.455 | N21: 24.455 | O21: 24.455 | P21: 24.455 | Q21: 24.455 | R21: 24.455 | S21: 24.455 | T21: 24.455 | U21: 24.455 | V21: 24.455 | W21: 24.455 | X21: 24.455 | Y21: 24.455 | Z21: 24.455 | AA21: =SUM(C21:Z21) -> 586.92 | AB21: 5 | AC21: =AA21*+AB21 -> 2934.6
A22: 45962 | B22: ORDINARIO | C22: 24.455 | D22: 24.455 | E22: 24.455 | F22: 24.455 | G22: 24.455 | H22: 24.455 | I22: 24.455 | J22: 24.455 | K22: 24.455 | L22: 24.455 | M22: 24.455 | N22: 24.455 | O22: 24.455 | P22: 24.455 | Q22: 24.455 | R22: 24.455 | S22: 24.455 | T22: 24.455 | U22: 24.455 | V22: 24.455 | W22: 24.455 | X22: 24.455 | Y22: 24.455 | Z22: 24.455 | AA22: =SUM(C22:Z22) -> 586.92 | AB22: 18 | AC22: =AA22*+AB22 -> 10564.56 | AD22: =+AC22+AC23+AC24 -> 17607.6
B23: SABADO | C23: 24.455 | D23: 24.455 | E23: 24.455 | F23: 24.455 | G23: 24.455 | H23: 24.455 | I23: 24.455 | J23: 24.455 | K23: 24.455 | L23: 24.455 | M23: 24.455 | N23: 24.455 | O23: 24.455 | P23: 24.455 | Q23: 24.455 | R23: 24.455 | S23: 24.455 | T23: 24.455 | U23: 24.455 | V23: 24.455 | W23: 24.455 | X23: 24.455 | Y23: 24.455 | Z23: 24.455 | AA23: =SUM(C23:Z23) -> 586.92 | AB23: 5 | AC23: =AA23*+AB23 -> 2934.6
B24: DOMINGO | C24: 24.455 | D24: 24.455 | E24: 24.455 | F24: 24.455 | G24: 24.455 | H24: 24.455 | I24: 24.455 | J24: 24.455 | K24: 24.455 | L24: 24.455 | M24: 24.455 | N24: 24.455 | O24: 24.455 | P24: 24.455 | Q24: 24.455 | R24: 24.455 | S24: 24.455 | T24: 24.455 | U24: 24.455 | V24: 24.455 | W24: 24.455 | X24: 24.455 | Y24: 24.455 | Z24: 24.455 | AA24: =SUM(C24:Z24) -> 586.92 | AB24: 7 | AC24: =AA24*+AB24 -> 4108.44
A25: 45992 | B25: ORDINARIO | C25: 24.455 | D25: 24.455 | E25: 24.455 | F25: 24.455 | G25: 24.455 | H25: 24.455 | I25: 24.455 | J25: 24.455 | K25: 24.455 | L25: 24.455 | M25: 24.455 | N25: 24.455 | O25: 24.455 | P25: 24.455 | Q25: 24.455 | R25: 24.455 | S25: 24.455 | T25: 24.455 | U25: 24.455 | V25: 24.455 | W25: 24.455 | X25: 24.455 | Y25: 24.455 | Z25: 24.455 | AA25: =SUM(C25:Z25) -> 586.92 | AB25: 21 | AC25: =AA25*+AB25 -> 12325.32 | AD25: =+AC25+AC26+AC27 -> 18194.52
B26: SABADO | C26: 24.455 | D26: 24.455 | E26: 24.455 | F26: 24.455 | G26: 24.455 | H26: 24.455 | I26: 24.455 | J26: 24.455 | K26: 24.455 | L26: 24.455 | M26: 24.455 | N26: 24.455 | O26: 24.455 | P26: 24.455 | Q26: 24.455 | R26: 24.455 | S26: 24.455 | T26: 24.455 | U26: 24.455 | V26: 24.455 | W26: 24.455 | X26: 24.455 | Y26: 24.455 | Z26: 24.455 | AA26: =SUM(C26:Z26) -> 586.92 | AB26: 4 | AC26: =AA26*+AB26 -> 2347.68
B27: DOMINGO | C27: 24.455 | D27: 24.455 | E27: 24.455 | F27: 24.455 | G27: 24.455 | H27: 24.455 | I27: 24.455 | J27: 24.455 | K27: 24.455 | L27: 24.455 | M27: 24.455 | N27: 24.455 | O27: 24.455 | P27: 24.455 | Q27: 24.455 | R27: 24.455 | S27: 24.455 | T27: 24.455 | U27: 24.455 | V27: 24.455 | W27: 24.455 | X27: 24.455 | Y27: 24.455 | Z27: 24.455 | AA27: =SUM(C27:Z27) -> 586.92 | AB27: 6 | AC27: =AA27*+AB27 -> 3521.52
AB28: TOTAL ENERGIA | AD28: =SUM(AD10:AD27) -> 107993.28

Sheet P2_ANEXO_2 2025
B2: EMPRESAS MUNICIPALES DE CALI- EMCALI EICE ESP
B3: CONVOCATORIA PÚBLICA PARA COMPRA DE ENERGÍA
B4: Código de Convocatoria SICEP No. CP-EMIC2025-001
B6: ANEXO No. 2 CANTIDADES Y PRECIOS OFERTADOS
B10: AÑO 2025
B11: MES | C11: Energía solicitada (MWh) | D11: % ofertado | E11: $/kWh
B12: julio | C12: =+P1_ANEXO_1_2025!$AD$10 -> 18194.52
B13: agosto | C13: =+P1_ANEXO_1_2025!$AD$13 -> 18194.52
B14: septiembre | C14: =+P1_ANEXO_1_2025!$AD$16 -> 17607.6
B15: octubre | C15: =+P1_ANEXO_1_2025!$AD$19 -> 18194.52
B16: noviembre | C16: =+P1_ANEXO_1_2025!$AD$22 -> 17607.6
B17: diciembre | C17: =+P1_ANEXO_1_2025!$AD$25 -> 18194.52
B18: Total año | C18: =SUM(C12:C17) -> 107993.28
B21: NOTAS:
B22: 1- Las cantidades a ofertar pueden ser parciales o por la totalidad de la energía solicitada.
B23: 2- Precios en pesos constantes del mes de febrero de 2025.
B24: 3- La energía y los precios a ofertar deben ofrecerse en la modalidad monomia.
B25: 4- Las cantidades ofertadas siguen la curva indicada en los términos de referencia
B26: 5- El precio debe ser el mismo para todo el periodo.
B27: 6- El % ofertado debe ser el mismo para todo el periodo.
