Workbook

Sheet PRODUCTO 01
C1: CP-GNCC2025-004
C2: CP-GNCC2025-004-PROD01
C3: CANTIDAD EN: | D3: KWh
C4: MODALIDAD: | D4: PAGUE LO CONTRATADO
C5: OFERENTE:
C9: MES DE SUMINISTRO | D9: ENERGÍA SOLICITADA (KWh) | E9: % ENERGÍA OFRECIDA | F9: ENERGÍA OFRECIDA (KWh) | G9: PRECIO OFERTADO ($/KWh)
C10: 46054 | D10: =+_xlfn.XLOOKUP(_xlfn.CONCAT(C10,"TOTAL"),'Cantidades horarias PROD 01'!D:D,'Cantidades horarias PROD 01'!AG:AG) -> 4396573.2 | E10: 1 | F10: =ROUND(D10*$E10,2) -> 4396573.2
C11: 46082 | D11: =+_xlfn.XLOOKUP(_xlfn.CONCAT(C11,"TOTAL"),'Cantidades horarias PROD 01'!D:D,'Cantidades horarias PROD 01'!AG:AG) -> 9669031.7 | E11: 1 | F11: =ROUND(D11*$E11,2) -> 9669031.7
C12: 46113 | D12: =+_xlfn.XLOOKUP(_xlfn.CONCAT(C12,"TOTAL"),'Cantidades horarias PROD 01'!D:D,'Cantidades horarias PROD 01'!AG:AG) -> 10071257 | E12: 1 | F12: =ROUND(D12*$E12,2) -> 10071257
C13: 46143 | D13: =+_xlfn.XLOOKUP(_xlfn.CONCAT(C13,"TOTAL"),'Cantidades horarias PROD 01'!D:D,'Cantidades horarias PROD 01'!AG:AG) -> 9866307.1 | E13: 1 | F13: =ROUND(D13*$E13,2) -> 9866307.1
C14: 46174 | D14: =+_xlfn.XLOOKUP(_xlfn.CONCAT(C14,"TOTAL"),'Cantidades horarias PROD 01'!D:D,'Cantidades horarias PROD 01'!AG:AG) -> 12364564 | E14: 1 | F14: =ROUND(D14*$E14,2) -> 12364564
C15: 46204 | D15: =+_xlfn.XLOOKUP(_xlfn.CONCAT(C15,"TOTAL"),'Cantidades horarias PROD 01'!D:D,'Cantidades horarias PROD 01'!AG:AG) -> 12776719 | E15: 1 | F15: =ROUND(D15*$E15,2) -> 12776719
C16: 46235 | D16: =+_xlfn.XLOOKUP(_xlfn.CONCAT(C16,"TOTAL"),'Cantidades horarias PROD 01'!D:D,'Cantidades horarias PROD 01'!AG:AG) -> 12207909 | E16: 1 | F16: =ROUND(D16*$E16,2) -> 12207909
C17: 46266 | D17: =+_xlfn.XLOOKUP(_xlfn.CONCAT(C17,"TOTAL"),'Cantidades horarias PROD 01'!D:D,'Cantidades horarias PROD 01'!AG:AG) -> 11954829 | E17: 1 | F17: =ROUND(D17*$E17,2) -> 11954829
C18: 46296 | D18: =+_xlfn.XLOOKUP(_xlfn.CONCAT(C18,"TOTAL"),'Cantidades horarias PROD 01'!D:D,'Cantidades horarias PROD 01'!AG:AG) -> 13185122 | E18: 1 | F18: =ROUND(D18*$E18,2) -> 13185122
C19: 46327 | D19: =+_xlfn.XLOOKUP(_xlfn.CONCAT(C19,"TOTAL"),'Cantidades horarias PROD 01'!D:D,'Cantidades horarias PROD 01'!AG:AG) -> 11780439 | E19: 1 | F19: =ROUND(D19*$E19,2) -> 11780439
C20: 46357 | D20: =+_xlfn.XLOOKUP(_xlfn.CONCAT(C20,"TOTAL"),'Cantidades horarias PROD 01'!D:D,'Cantidades horarias PROD 01'!AG:AG) -> 13169894 | E20: 1 | F20: =ROUND(D20*$E20,2) -> 13169894
C21: 46388 | D21: =+_xlfn.XLOOKUP(_xlfn.CONCAT(C21,"TOTAL"),'Cantidades horarias PROD 01'!D:D,'Cantidades horarias PROD 01'!AG:AG) -> 14876875 | E21: 1 | F21: =ROUND(D21*$E21,2) -> 14876875
... C32: 46722 | D32: =+_xlfn.XLOOKUP(_xlfn.CONCAT(C32,"TOTAL"),'Cantidades horarias PROD 01'!D:D,'Cantidades horarias PROD 01'!AG:AG) -> 14420455 | E32: 1 | F32: =ROUND(D32*$E32,2) -> 14420455
C33: TOTAL | D33: =SUM(D10:D32) -> 2.9225497e+08 | E33: =IFERROR(F33/D33,0) -> 1 | F33: =SUM(F10:F32) -> 2.9225497e+08 | G33: =+(SUM(F10:F20)*G10+SUM(F21:F32)*G21)/F33 -> 0
C35: Nota
C36: 1. $/kWh expresados en pesos de octubre de 2025.
C37: 2. La energia ofertada se despachara conforme a las cantidades horarias de este anexo
C38: XXXXXXXXXXXXXXXXXXXXXXXX
C39: REPRESENTANTE LEGAL
C40: XXXXXXXXXXXXXXXXXX.SA.E.S.P
C46: XXXXXXXXXXXXXXXXXXXXXX S.A E.S.P
C48: Nota
C49: 1. $/kWh expresados en pesos de octubre 2025.
C50: 2. La energia ofertada se despachara conforme a las cantidades horarias de este anexo
C54: XXXXXXXXXXXXXXXXXXXXXXXX
C55: REPRESENTANTE LEGAL
C56: XXXXXXXXXXXXXXXXXXXXXX S.A E.S.P

Sheet Cantidades horarias PROD 01
E1: CUADRO DE CANTIDADES HORARIAS OFRECIDAS
E2: CANTIDADES DE ENERGIA (KWh) - PRODUCTO 1
E3: PAGUE LO CONTRATADO
E5: OFERENTE:
B8: MES | C8: AÑO | D8: LLAVE | F8: Cantidad Ofrecida | G8: Tipo de día | H8: N° días mes | I8: H1 | J8: H2 | K8: H3 | L8: H4 | M8: H5 | N8: H6 | O8: H7 | P8: H8 | Q8: H9 | R8: H10 | S8: H11 | T8: H12 | U8: H13 | V8: H14 | W8: H15 | X8: H16 | Y8: H17 | Z8: H18 | AA8: H19 | AB8: H20 | AC8: H21 | AD8: H22 | AE8: H23 | AF8: H24 | AG8: TOTAL
B9: =+MONTH(E9) -> 2 | C9: =+YEAR(E9) -> 2026 | D9: =+_xlfn.CONCAT(B9:C9,G9) -> 22026OR | E9: 46054 | F9: =+'PRODUCTO 01'!F10 -> 4396573.2 | G9: OR | H9: 10 | I9: 12212.703 | J9: 12212.703 | K9: 12212.703 | L9: 12212.703 | M9: 12212.703 | N9: 12212.703 | O9: 12212.703 | P9: 12212.703 | Q9: 12212.703 | R9: 12212.703 | S9: 12212.703 | T9: 12212.703 | U9: 12212.703 | V9: 12212.703 | W9: 12212.703 | X9: 12212.703 | Y9: 12212.703 | Z9: 12212.703 | AA9: 12212.703 | AB9: 12212.703 | AC9: 12212.703 | AD9: 12212.703 | AE9: 12212.703 | AF9: 12212.703 | AG9: =+SUM(I9:AF9)*H9 -> 2931048.8
B10: =+B9 -> 2 | C10: =+C9 -> 2026 | D10: =+_xlfn.CONCAT(B10:C10,G10) -> 22026SA | G10: SA | H10: 3 | I10: 12212.703 | J10: 12212.703 | K10: 12212.703 | L10: 12212.703 | M10: 12212.703 | N10: 12212.703 | O10: 12212.703 | P10: 12212.703 | Q10: 12212.703 | R10: 12212.703 | S10: 12212.703 | T10: 12212.703 | U10: 12212.703 | V10: 12212.703 | W10: 12212.703 | X10: 12212.703 | Y10: 12212.703 | Z10: 12212.703 | AA10: 12212.703 | AB10: 12212.703 | AC10: 12212.703 | AD10: 12212.703 | AE10: 12212.703 | AF10: 12212.703 | AG10: =+SUM(I10:AF10)*H10 -> 879314.64
B11: =+B10 -> 2 | C11: =+C10 -> 2026 | D11: =+_xlfn.CONCAT(B11:C11,G11) -> 22026DO | G11: DO | H11: 2 | I11: 12212.703 | J11: 12212.703 | K11: 12212.703 | L11: 12212.703 | M11: 12212.703 | N11: 12212.703 | O11: 12212.703 | P11: 12212.703 | Q11: 12212.703 | R11: 12212.703 | S11: 12212.703 | T11: 12212.703 | U11: 12212.703 | V11: 12212.703 | W11: 12212.703 | X11: 12212.703 | Y11: 12212.703 | Z11: 12212.703 | AA11: 12212.703 | AB11: 12212.703 | AC11: 12212.703 | AD11: 12212.703 | AE11: 12212.703 | AF11: 12212.703 | AG11: =+SUM(I11:AF11)*H11 -> 586209.76
B12: =+B11 -> 2 | C12: =+C11 -> 2026 | D12: =+_xlfn.CONCAT(B12:C12,G12) -> 22026FE | G12: FE | H12: 0 | I12: 0 | J12: 0 | K12: 0 | L12: 0 | M12: 0 | N12: 0 | O12: 0 | P12: 0 | Q12: 0 | R12: 0 | S12: 0 | T12: 0 | U12: 0 | V12: 0 | W12: 0 | X12: 0 | Y12: 0 | Z12: 0 | AA12: 0 | AB12: 0 | AC12: 0 | AD12: 0 | AE12: 0 | AF12: 0 | AG12: =+SUM(I12:AF12)*H12 -> 0
B13: =+B12 -> 2 | C13: =+C12 -> 2026 | D13: =+_xlfn.CONCAT(E9,G13) -> 46054TOTAL | G13: TOTAL | H13: =+SUM(H9:H12) -> 15 | I13: =+SUMPRODUCT(I9:I12,$H9:$H12) -> 183190.55 | J13: =+SUMPRODUCT(J9:J12,$H9:$H12) -> 183190.55 | K13: =+SUMPRODUCT(K9:K12,$H9:$H12) -> 183190.55 | L13: =+SUMPRODUCT(L9:L12,$H9:$H12) -> 183190.55 | M13: =+SUMPRODUCT(M9:M12,$H9:$H12) -> 183190.55 | N13: =+SUMPRODUCT(N9:N12,$H9:$H12) -> 183190.55 | O13: =+SUMPRODUCT(O9:O12,$H9:$H12) -> 183190.55 | P13: =+SUMPRODUCT(P9:P12,$H9:$H12) -> 183190.55 | ... AF13: =+SUMPRODUCT(AF9:AF12,$H9:$H12) -> 183190.55 | AG13: =SUM(I13:AF13) -> 4396573.2
B14: =+MONTH(E14) -> 3 | C14: =+YEAR(E14) -> 2026 | D14: =+_xlfn.CONCAT(B14:C14,G14) -> 32026OR | E14: 46082 | F14: =+'PRODUCTO 01'!F11 -> 9669031.7 | G14: OR | H14: 21 | I14: 13236.775 | J14: 13195.262 | K14: 13054.01 | L14: 12784.7 | M14: 13117.747 | N14: 13236.775 | O14: 12726.206 | P14: 12726.206 | Q14: 12726.206 | R14: 12726.206 | S14: 12726.206 | T14: 12726.206 | U14: 12726.206 | V14: 12726.206 | W14: 12726.206 | X14: 12726.206 | Y14: 12726.206 | Z14: 12726.206 | AA14: 12726.206 | AB14: 13214.199 | AC14: 13214.199 | AD14: 13214.199 | AE14: 13214.199 | AF14: 13214.199 | AG14: =+SUM(I14:AF14)*H14 -> 6512875.8
B15: =+MONTH(E15) -> 3 | C15: =+YEAR(E15) -> 2026 | D15: =+_xlfn.CONCAT(B15:C15,G15) -> 32026SA | E15: 46082 | G15: SA | H15: 4 | I15: 13185.98 | J15: 13185.98 | K15: 13185.98 | L15: 13185.98 | M15: 13185.98 | N15: 13185.98 | O15: 12673.587 | P15: 12673.587 | Q15: 12673.587 | R15: 12673.587 | S15: 12673.587 | T15: 12673.587 | U15: 12792.108 | V15: 12264.917 | W15: 12171.594 | X15: 12792.108 | Y15: 12792.108 | Z15: 12792.108 | AA15: 12792.108 | AB15: 13304.501 | AC15: 13304.501 | AD15: 13304.501 | AE15: 13304.501 | AF15: 13304.501 | AG15: =+SUM(I15:AF15)*H15 -> 1240307.8
B16: =+MONTH(E16) -> 3 | C16: =+YEAR(E16) -> 2026 | D16: =+_xlfn.CONCAT(B16:C16,G16) -> 32026DO | E16: 46082 | G16: DO | H16: 5 | I16: 13304.501 | J16: 13304.501 | K16: 13304.501 | L16: 13304.501 | M16: 13304.501 | N16: 13304.501 | O16: 13304.501 | P16: 13304.501 | Q16: 13304.501 | R16: 13304.501 | S16: 13304.501 | T16: 13304.501 | U16: 13304.501 | V16: 13304.501 | W16: 13304.501 | X16: 13304.501 | Y16: 13304.501 | Z16: 13304.501 | AA16: 13304.501 | AB16: 13304.501 | AC16: 13304.501 | AD16: 13304.501 | AE16: 13304.501 | AF16: 13304.501 | AG16: =+SUM(I16:AF16)*H16 -> 1596540.1
B17: =+MONTH(E17) -> 3 | C17: =+YEAR(E17) -> 2026 | D17: =+_xlfn.CONCAT(B17:C17,G17) -> 32026FE | E17: 46082 | G17: FE | H17: 1 | I17: 13304.501 | J17: 13304.501 | K17: 13304.501 | L17: 13304.501 | M17: 13304.501 | N17: 13304.501 | O17: 13304.501 | P17: 13304.501 | Q17: 13304.501 | R17: 13304.501 | S17: 13304.501 | T17: 13304.501 | U17: 13304.501 | V17: 13304.501 | W17: 13304.501 | X17: 13304.501 | Y17: 13304.501 | Z17: 13304.501 | AA17: 13304.501 | AB17: 13304.501 | AC17: 13304.501 | AD17: 13304.501 | AE17: 13304.501 | AF17: 13304.501 | AG17: =+SUM(I17:AF17)*H17 -> 319308.02
D18: =+_xlfn.CONCAT(E18,G18) -> 46082TOTAL | E18: 46082 | G18: TOTAL | H18: =+SUM(H14:H17) -> 31 | I18: =+SUMPRODUCT(I14:I17,$H14:$H17) -> 410543.19 | J18: =+SUMPRODUCT(J14:J17,$H14:$H17) -> 409671.43 | K18: =+SUMPRODUCT(K14:K17,$H14:$H17) -> 406705.14 | L18: =+SUMPRODUCT(L14:L17,$H14:$H17) -> 401049.63 | M18: =+SUMPRODUCT(M14:M17,$H14:$H17) -> 408043.62 | N18: =+SUMPRODUCT(N14:N17,$H14:$H17) -> 410543.19 | O18: =+SUMPRODUCT(O14:O17,$H14:$H17) -> 397771.68 | P18: =+SUMPRODUCT(P14:P17,$H14:$H17) -> 397771.68 | ... AF18: =+SUMPRODUCT(AF14:AF17,$H14:$H17) -> 410543.19 | AG18: =SUM(I18:AF18) -> 9669031.7
B19: =+MONTH(E19) -> 4 | C19: =+YEAR(E19) -> 2026 | D19: =+_xlfn.CONCAT(B19:C19,G19) -> 42026OR | E19: 46113 | F19: =+'PRODUCTO 01'!F12 -> 10071257 | G19: OR | H19: 20 | I19: 13689.237 | J19: 13689.237 | K19: 13632.408 | L19: 13390.353 | M19: 13655.235 | N19: 13693.884 | O19: 13748.317 | P19: 13975.705 | Q19: 14268.408 | R19: 14682.856 | S19: 14799.452 | T19: 14795.299 | U19: 14815.768 | V19: 14954.406 | W19: 14824.466 | X19: 14977.205 | Y19: 14334.274 | Z19: 13814.859 | AA19: 13791.43 | AB19: 13689.248 | AC19: 13689.237 | AD19: 13689.237 | AE19: 13689.237 | AF19: 13689.237 | AG19: =+SUM(I19:AF19)*H19 -> 6759579.9
B20: =+MONTH(E20) -> 4 | C20: =+YEAR(E20) -> 2026 | D20: =+_xlfn.CONCAT(B20:C20,G20) -> 42026SA | E20: 46113 | G20: SA | H20: 4 | I20: 13689.237 | J20: 13599.618 | K20: 12955.503 | L20: 12736.643 | M20: 12907.014 | N20: 13457.016 | O20: 13748.317 | P20: 13975.705 | Q20: 14268.408 | R20: 14682.856 | S20: 14799.452 | T20: 14795.299 | U20: 14815.768 | V20: 14954.406 | W20: 14824.466 | X20: 14977.205 | Y20: 14334.274 | Z20: 13814.859 | AA20: 13791.43 | AB20: 13689.248 | AC20: 13689.237 | AD20: 13689.237 | AE20: 13510.269 | AF20: 12295.058 | AG20: =+SUM(I20:AF20)*H20 -> 1336002.1
B21: =+MONTH(E21) -> 4 | C21: =+YEAR(E21) -> 2026 | D21: =+_xlfn.CONCAT(B21:C21,G21) -> 42026DO | E21: 46113 | G21: DO | H21: 4 | I21: 13689.237 | J21: 13542.341 | K21: 12903.472 | L21: 12557.912 | M21: 12218.456 | N21: 12410.955 | O21: 13448.394 | P21: 13975.705 | Q21: 14268.408 | R21: 14682.856 | S21: 14799.452 | T21: 14795.299 | U21: 14815.768 | V21: 14954.406 | W21: 14824.466 | X21: 14977.205 | Y21: 14334.274 | Z21: 13814.859 | AA21: 13791.43 | AB21: 13689.248 | AC21: 13689.237 | AD21: 13689.237 | AE21: 13689.237 | AF21: 13689.237 | AG21: =+SUM(I21:AF21)*H21 -> 1333004.4
B22: =+MONTH(E22) -> 4 | C22: =+YEAR(E22) -> 2026 | D22: =+_xlfn.CONCAT(B22:C22,G22) -> 42026FE | E22: 46113 | G22: FE | H22: 2 | I22: 13689.237 | J22: 12209.505 | K22: 9684.3716 | L22: 8553.3497 | M22: 8400.083 | N22: 12570.225 | O22: 13748.317 | P22: 13975.705 | Q22: 14268.408 | R22: 14682.856 | S22: 14799.452 | T22: 14795.299 | U22: 14815.768 | V22: 14954.406 | W22: 14824.466 | X22: 14977.205 | Y22: 14334.274 | Z22: 13814.859 | AA22: 13791.43 | AB22: 13689.248 | AC22: 13689.237 | AD22: 13689.237 | AE22: 13689.237 | AF22: 13689.237 | AG22: =+SUM(I22:AF22)*H22 -> 642670.83
D23: =+_xlfn.CONCAT(E23,G23) -> 46113TOTAL | E23: 46113 | G23: TOTAL | H23: =+SUM(H19:H22) -> 30 | I23: =+SUMPRODUCT(I19:I22,$H19:$H22) -> 410677.11 | J23: =+SUMPRODUCT(J19:J22,$H19:$H22) -> 406771.59 | K23: =+SUMPRODUCT(K19:K22,$H19:$H22) -> 395452.79 | L23: =+SUMPRODUCT(L19:L22,$H19:$H22) -> 386091.99 | M23: =+SUMPRODUCT(M19:M22,$H19:$H22) -> 390406.74 | N23: =+SUMPRODUCT(N19:N22,$H19:$H22) -> 402490.02 | O23: =+SUMPRODUCT(O19:O22,$H19:$H22) -> 411249.82 | P23: =+SUMPRODUCT(P19:P22,$H19:$H22) -> 419271.14 | ... AF23: =+SUMPRODUCT(AF19:AF22,$H19:$H22) -> 405100.4 | AG23: =SUM(I23:AF23) -> 10071257
B24: =+MONTH(E24) -> 5 | C24: =+YEAR(E24) -> 2026 | D24: =+_xlfn.CONCAT(B24:C24,G24) -> 52026OR | E24: 46143 | F24: =+'PRODUCTO 01'!F13 -> 9866307.1 | G24: OR | H24: 19 | I24: 12814.677 | J24: 12814.677 | K24: 12814.677 | L24: 12750.638 | M24: 12814.677 | N24: 12827.218 | O24: 12909.32 | P24: 13341.394 | Q24: 14105.488 | R24: 14234.654 | S24: 13928.992 | T24: 13772.449 | U24: 13748.425 | V24: 13664.719 | W24: 13938.223 | X24: 14078.804 | Y24: 13691.549 | Z24: 12973.863 | AA24: 12945.198 | AB24: 12814.832 | AC24: 12814.677 | AD24: 12814.677 | AE24: 12814.677 | AF24: 12814.677 | AG24: =+SUM(I24:AF24)*H24 -> 6046620.4
B25: =+MONTH(E25) -> 5 | C25: =+YEAR(E25) -> 2026 | D25: =+_xlfn.CONCAT(B25:C25,G25) -> 52026SA | E25: 46143 | G25: SA | H25: 5 | I25: 12814.677 | J25: 12814.677 | K25: 12814.677 | L25: 12814.677 | M25: 12814.677 | N25: 12827.218 | O25: 12909.32 | P25: 13341.394 | Q25: 14105.488 | R25: 14234.654 | S25: 13928.992 | T25: 13772.449 | U25: 13748.425 | V25: 13664.719 | W25: 13938.223 | X25: 14078.804 | Y25: 13691.549 | Z25: 12973.863 | AA25: 12945.198 | AB25: 12814.832 | AC25: 12814.677 | AD25: 12814.677 | AE25: 12814.677 | AF25: 12814.677 | AG25: =+SUM(I25:AF25)*H25 -> 1591536.1
B26: =+MONTH(E26) -> 5 | C26: =+YEAR(E26) -> 2026 | D26: =+_xlfn.CONCAT(B26:C26,G26) -> 52026DO | E26: 46143 | G26: DO | H26: 5 | I26: 12814.677 | J26: 12814.677 | K26: 12814.677 | L26: 12814.677 | M26: 12814.677 | N26: 12827.218 | O26: 12909.32 | P26: 13341.394 | Q26: 14105.488 | R26: 14234.654 | S26: 13928.992 | T26: 13772.449 | U26: 13748.425 | V26: 13664.719 | W26: 13938.223 | X26: 14078.804 | Y26: 13691.549 | Z26: 12973.863 | AA26: 12945.198 | AB26: 12814.832 | AC26: 12814.677 | AD26: 12814.677 | AE26: 12814.677 | AF26: 12814.677 | AG26: =+SUM(I26:AF26)*H26 -> 1591536.1
B27: =+MONTH(E27) -> 5 | C27: =+YEAR(E27) -> 2026 | D27: =+_xlfn.CONCAT(B27:C27,G27) -> 52026FE | E27: 46143 | G27: FE | H27: 2 | I27: 12814.677 | J27: 12814.677 | K27: 12814.677 | L27: 12814.677 | M27: 12814.677 | N27: 12827.218 | O27: 12909.32 | P27: 13341.394 | Q27: 14105.488 | R27: 14234.654 | S27: 13928.992 | T27: 13772.449 | U27: 13748.425 | V27: 13664.719 | W27: 13938.223 | X27: 14078.804 | Y27: 13691.549 | Z27: 12973.863 | AA27: 12945.198 | AB27: 12814.832 | AC27: 12814.677 | AD27: 12814.677 | AE27: 12814.677 | AF27: 12814.677 | AG27: =+SUM(I27:AF27)*H27 -> 636614.44
D28: =+_xlfn.CONCAT(E28,G28) -> 46143TOTAL | E28: 46143 | G28: TOTAL | H28: =+SUM(H24:H27) -> 31 | I28: =+SUMPRODUCT(I24:I27,$H24:$H27) -> 397254.98 | J28: =+SUMPRODUCT(J24:J27,$H24:$H27) -> 397254.97 | K28: =+SUMPRODUCT(K24:K27,$H24:$H27) -> 397254.98 | L28: =+SUMPRODUCT(L24:L27,$H24:$H27) -> 396038.24 | M28: =+SUMPRODUCT(M24:M27,$H24:$H27) -> 397254.97 | N28: =+SUMPRODUCT(N24:N27,$H24:$H27) -> 397643.75 | O28: =+SUMPRODUCT(O24:O27,$H24:$H27) -> 400188.92 | P28: =+SUMPRODUCT(P24:P27,$H24:$H27) -> 413583.21 | ... AF28: =+SUMPRODUCT(AF24:AF27,$H24:$H27) -> 397254.98 | AG28: =SUM(I28:AF28) -> 9866307.1
B29: =+MONTH(E29) -> 6 | C29: =+YEAR(E29) -> 2026 | D29: =+_xlfn.CONCAT(B29:C29,G29) -> 62026OR | E29: 46174 | F29: =+'PRODUCTO 01'!F14 -> 12364564 | G29: OR | H29: 19 | I29: 16815.555 | J29: 16672.681 | K29: 16400.2 | L29: 15610.825 | M29: 16543.098 | N29: 16826.733 | O29: 16905.702 | P29: 17143.379 | Q29: 17606.508 | R29: 18192.895 | S29: 18270.096 | T29: 18181.525 | U29: 18342.889 | V29: 17973.157 | W29: 17696.643 | X29: 17405.128 | Y29: 17226.02 | Z29: 16976.084 | AA29: 16986.471 | AB29: 16815.838 | AC29: 16815.555 | AD29: 16815.555 | AE29: 16815.555 | AF29: 16815.555 | AG29: =+SUM(I29:AF29)*H29 -> 7825219.3
B30: =+MONTH(E30) -> 6 | C30: =+YEAR(E30) -> 2026 | D30: =+_xlfn.CONCAT(B30:C30,G30) -> 62026SA | E30: 46174 | G30: SA | H30: 4 | I30: 16813.236 | J30: 16813.236 | K30: 16813.236 | L30: 16813.239 | M30: 16813.239 | N30: 16824.413 | O30: 16903.382 | P30: 17141.06 | Q30: 17604.188 | R30: 18190.576 | S30: 18267.776 | T30: 18179.206 | U30: 18340.569 | V30: 17970.838 | W30: 17694.323 | X30: 17402.809 | Y30: 17223.701 | Z30: 16973.765 | AA30: 16984.152 | AB30: 16813.519 | AC30: 16813.236 | AD30: 16813.236 | AE30: 16813.236 | AF30: 16238.831 | AG30: =+SUM(I30:AF30)*H30 -> 1653036
B31: =+MONTH(E31) -> 6 | C31: =+YEAR(E31) -> 2026 | D31: =+_xlfn.CONCAT(B31:C31,G31) -> 62026DO | E31: 46174 | G31: DO | H31: 4 | I31: 16813.236 | J31: 16813.236 | K31: 16813.236 | L31: 16740.236 | M31: 15285.594 | N31: 16058.159 | O31: 16903.382 | P31: 17141.06 | Q31: 17604.188 | R31: 18190.576 | S31: 18267.776 | T31: 18179.206 | U31: 18340.569 | V31: 17970.838 | W31: 17694.323 | X31: 17402.809 | Y31: 17223.701 | Z31: 16973.765 | AA31: 16984.152 | AB31: 16813.519 | AC31: 16813.236 | AD31: 16813.236 | AE31: 16813.236 | AF31: 16813.236 | AG31: =+SUM(I31:AF31)*H31 -> 1645866
B32: =+MONTH(E32) -> 6 | C32: =+YEAR(E32) -> 2026 | D32: =+_xlfn.CONCAT(B32:C32,G32) -> 62026FE | E32: 46174 | G32: FE | H32: 3 | I32: 16798.546 | J32: 16798.546 | K32: 16798.546 | L32: 16798.55 | M32: 16798.55 | N32: 16809.724 | O32: 16888.693 | P32: 17126.371 | Q32: 17589.499 | R32: 18175.886 | S32: 18253.087 | T32: 18164.517 | U32: 18325.88 | V32: 17956.149 | W32: 17679.634 | X32: 17388.119 | Y32: 17209.012 | Z32: 16959.076 | AA32: 16969.462 | AB32: 16798.829 | AC32: 16798.546 | AD32: 16798.546 | AE32: 16798.546 | AF32: 16798.546 | AG32: =+SUM(I32:AF32)*H32 -> 1240442.6
D33: =+_xlfn.CONCAT(E33,G33) -> 46174TOTAL | E33: 46174 | G33: TOTAL | H33: =+SUM(H29:H32) -> 30 | I33: =+SUMPRODUCT(I29:I32,$H29:$H32) -> 504397.08 | J33: =+SUMPRODUCT(J29:J32,$H29:$H32) -> 501682.47 | K33: =+SUMPRODUCT(K29:K32,$H29:$H32) -> 496505.33 | L33: =+SUMPRODUCT(L29:L32,$H29:$H32) -> 481215.23 | M33: =+SUMPRODUCT(M29:M32,$H29:$H32) -> 493109.85 | N33: =+SUMPRODUCT(N29:N32,$H29:$H32) -> 501667.38 | O33: =+SUMPRODUCT(O29:O32,$H29:$H32) -> 507101.47 | P33: =+SUMPRODUCT(P29:P32,$H29:$H32) -> 514231.8 | ... AF33: =+SUMPRODUCT(AF29:AF32,$H29:$H32) -> 502099.46 | AG33: =SUM(I33:AF33) -> 12364564
B34: =+MONTH(E34) -> 7 | C34: =+YEAR(E34) -> 2026 | D34: =+_xlfn.CONCAT(B34:C34,G34) -> 72026OR | E34: 46204 | F34: =+'PRODUCTO 01'!F15 -> 12776719 | G34: OR | H34: 22 | I34: 16786.805 | J34: 16549.897 | K34: 16071.953 | L34: 15107.769 | M34: 16321.803 | N34: 16789.861 | O34: 16878.71 | P34: 17175.322 | Q34: 17690.368 | R34: 18359.218 | S34: 18240.253 | T34: 18232.326 | U34: 18361.907 | V34: 17817.578 | W34: 17826.053 | X34: 17956.184 | Y34: 17418.423 | Z34: 16995.897 | AA34: 17009.377 | AB34: 16787.341 | AC34: 16786.805 | AD34: 16786.805 | AE34: 16786.805 | AF34: 16786.805 | AG34: =+SUM(I34:AF34)*H34 -> 9053533.8
B35: =+MONTH(E35) -> 7 | C35: =+YEAR(E35) -> 2026 | D35: =+_xlfn.CONCAT(B35:C35,G35) -> 72026SA | E35: 46204 | G35: SA | H35: 4 | I35: 16791.638 | J35: 16791.637 | K35: 16791.637 | L35: 16791.637 | M35: 16791.637 | N35: 16794.693 | O35: 16883.542 | P35: 17180.154 | Q35: 17695.2 | R35: 18364.051 | S35: 18245.086 | T35: 18237.159 | U35: 18366.74 | V35: 17822.41 | W35: 17830.885 | X35: 17961.016 | Y35: 17423.255 | Z35: 17000.729 | AA35: 17014.209 | AB35: 16792.174 | AC35: 16791.638 | AD35: 16791.637 | AE35: 16791.637 | AF35: 16203.244 | AG35: =+SUM(I35:AF35)*H35 -> 1656590.6
B36: =+MONTH(E36) -> 7 | C36: =+YEAR(E36) -> 2026 | D36: =+_xlfn.CONCAT(B36:C36,G36) -> 72026DO | E36: 46204 | G36: DO | H36: 4 | I36: 16791.638 | J36: 16791.637 | K36: 16791.637 | L36: 16791.637 | M36: 15921.958 | N36: 16617.606 | O36: 16883.542 | P36: 17180.154 | Q36: 17695.2 | R36: 18364.051 | S36: 18245.086 | T36: 18237.159 | U36: 18366.74 | V36: 17822.41 | W36: 17830.885 | X36: 17961.016 | Y36: 17423.255 | Z36: 17000.729 | AA36: 17014.209 | AB36: 16792.174 | AC36: 16791.638 | AD36: 16791.637 | AE36: 16791.637 | AF36: 16791.637 | AG36: =+SUM(I36:AF36)*H36 -> 1654757.1
B37: =+MONTH(E37) -> 7 | C37: =+YEAR(E37) -> 2026 | D37: =+_xlfn.CONCAT(B37:C37,G37) -> 72026FE | E37: 46204 | G37: FE | H37: 1 | I37: 16768.857 | J37: 16768.856 | K37: 16408.487 | L37: 15918.537 | M37: 15628.028 | N37: 16771.912 | O37: 16860.761 | P37: 17157.373 | Q37: 17672.419 | R37: 18341.27 | S37: 18222.305 | T37: 18214.378 | U37: 18343.959 | V37: 17799.63 | W37: 17808.104 | X37: 17938.235 | Y37: 17400.474 | Z37: 16977.948 | AA37: 16991.428 | AB37: 16769.393 | AC37: 16768.857 | AD37: 16768.856 | AE37: 16768.856 | AF37: 16768.856 | AG37: =+SUM(I37:AF37)*H37 -> 411837.78
D38: =+_xlfn.CONCAT(E38,G38) -> 46204TOTAL | E38: 46204 | G38: TOTAL | H38: =+SUM(H34:H37) -> 31 | I38: =+SUMPRODUCT(I34:I37,$H34:$H37) -> 520411.67 | J38: =+SUMPRODUCT(J34:J37,$H34:$H37) -> 515199.69 | K38: =+SUMPRODUCT(K34:K37,$H34:$H37) -> 504324.55 | L38: =+SUMPRODUCT(L34:L37,$H34:$H37) -> 482622.55 | M38: =+SUMPRODUCT(M34:M37,$H34:$H37) -> 505562.07 | N38: =+SUMPRODUCT(N34:N37,$H34:$H37) -> 519798.05 | O38: =+SUMPRODUCT(O34:O37,$H34:$H37) -> 523260.71 | P38: =+SUMPRODUCT(P34:P37,$H34:$H37) -> 532455.69 | ... AF38: =+SUMPRODUCT(AF34:AF37,$H34:$H37) -> 518058.09 | AG38: =SUM(I38:AF38) -> 12776719
B39: =+MONTH(E39) -> 8 | C39: =+YEAR(E39) -> 2026 | D39: =+_xlfn.CONCAT(B39:C39,G39) -> 82026OR | E39: 46235 | F39: =+'PRODUCTO 01'!F16 -> 12207909 | G39: OR | H39: 19 | I39: 15924.633 | J39: 15924.633 | K39: 15924.633 | L39: 15701.423 | M39: 15924.633 | N39: 15928.276 | O39: 15984.68 | P39: 16217.972 | Q39: 17177.467 | R39: 17441.43 | S39: 17567.331 | T39: 17085.809 | U39: 17101.122 | V39: 17231.696 | W39: 16844.683 | X39: 16990.849 | Y39: 16345.705 | Z39: 16095.397 | AA39: 16103.043 | AB39: 15924.732 | AC39: 15924.633 | AD39: 15924.633 | AE39: 15924.633 | AF39: 15924.633 | AG39: =+SUM(I39:AF39)*H39 -> 7469634.9
B40: =+MONTH(E40) -> 8 | C40: =+YEAR(E40) -> 2026 | D40: =+_xlfn.CONCAT(B40:C40,G40) -> 82026SA | E40: 46235 | G40: SA | H40: 5 | I40: 15965.047 | J40: 15965.047 | K40: 15965.047 | L40: 15965.047 | M40: 15965.047 | N40: 15968.69 | O40: 16025.093 | P40: 16281.488 | Q40: 17240.982 | R40: 17504.945 | S40: 17630.846 | T40: 17149.324 | U40: 17164.638 | V40: 17295.212 | W40: 16908.199 | X40: 17054.364 | Y40: 16409.221 | Z40: 16135.81 | AA40: 16143.456 | AB40: 15965.145 | AC40: 15965.047 | AD40: 15965.047 | AE40: 15965.047 | AF40: 15965.047 | AG40: =+SUM(I40:AF40)*H40 -> 1972814.2
B41: =+MONTH(E41) -> 8 | C41: =+YEAR(E41) -> 2026 | D41: =+_xlfn.CONCAT(B41:C41,G41) -> 82026DO | E41: 46235 | G41: DO | H41: 5 | I41: 15965.047 | J41: 15965.047 | K41: 15965.047 | L41: 15965.047 | M41: 15965.047 | N41: 15968.69 | O41: 16025.093 | P41: 16281.488 | Q41: 17240.982 | R41: 17504.945 | S41: 17630.846 | T41: 17149.324 | U41: 17164.638 | V41: 17295.212 | W41: 16908.199 | X41: 17054.364 | Y41: 16409.221 | Z41: 16135.81 | AA41: 16143.456 | AB41: 15965.145 | AC41: 15965.047 | AD41: 15965.047 | AE41: 15965.047 | AF41: 15965.047 | AG41: =+SUM(I41:AF41)*H41 -> 1972814.2
B42: =+MONTH(E42) -> 8 | C42: =+YEAR(E42) -> 2026 | D42: =+_xlfn.CONCAT(B42:C42,G42) -> 82026FE | E42: 46235 | G42: FE | H42: 2 | I42: 16038.382 | J42: 16038.382 | K42: 16038.382 | L42: 16038.382 | M42: 16038.382 | N42: 16042.026 | O42: 16098.429 | P42: 16354.823 | Q42: 17314.318 | R42: 17578.281 | S42: 17704.181 | T42: 17222.66 | U42: 17237.973 | V42: 17368.547 | W42: 16981.534 | X42: 17127.7 | Y42: 16482.556 | Z42: 16209.146 | AA42: 16216.792 | AB42: 16038.481 | AC42: 16038.382 | AD42: 16038.382 | AE42: 16038.382 | AF42: 16038.382 | AG42: =+SUM(I42:AF42)*H42 -> 792645.78
D43: =+_xlfn.CONCAT(E43,G43) -> 46235TOTAL | E43: 46235 | G43: TOTAL | H43: =+SUM(H39:H42) -> 31 | I43: =+SUMPRODUCT(I39:I42,$H39:$H42) -> 494295.26 | J43: =+SUMPRODUCT(J39:J42,$H39:$H42) -> 494295.26 | K43: =+SUMPRODUCT(K39:K42,$H39:$H42) -> 494295.26 | L43: =+SUMPRODUCT(L39:L42,$H39:$H42) -> 490054.27 | M43: =+SUMPRODUCT(M39:M42,$H39:$H42) -> 494295.26 | N43: =+SUMPRODUCT(N39:N42,$H39:$H42) -> 494408.2 | O43: =+SUMPRODUCT(O39:O42,$H39:$H42) -> 496156.7 | P43: =+SUMPRODUCT(P39:P42,$H39:$H42) -> 503666 | ... AF43: =+SUMPRODUCT(AF39:AF42,$H39:$H42) -> 494295.26 | AG43: =SUM(I43:AF43) -> 12207909
B44: =+MONTH(E44) -> 9 | C44: =+YEAR(E44) -> 2026 | D44: =+_xlfn.CONCAT(B44:C44,G44) -> 92026OR | E44: 46266 | F44: =+'PRODUCTO 01'!F17 -> 11954829 | G44: OR | H44: 22 | I44: 16229.703 | J44: 15927.773 | K44: 15416.719 | L44: 14938.951 | M44: 15690.021 | N44: 16242.96 | O44: 16309.052 | P44: 17206.545 | Q44: 17840.621 | R44: 17819.218 | S44: 17363.132 | T44: 17267.504 | U44: 17250.507 | V44: 17544.728 | W44: 17253.478 | X44: 17378.496 | Y44: 16706.289 | Z44: 16332.843 | AA44: 16310.919 | AB44: 16229.704 | AC44: 16229.703 | AD44: 16229.703 | AE44: 16229.703 | AF44: 16229.703 | AG44: =+SUM(I44:AF44)*H44 -> 8759915.4
B45: =+MONTH(E45) -> 9 | C45: =+YEAR(E45) -> 2026 | D45: =+_xlfn.CONCAT(B45:C45,G45) -> 92026SA | E45: 46266 | G45: SA | H45: 4 | I45: 16229.703 | J45: 16229.703 | K45: 16229.703 | L45: 16229.703 | M45: 16229.703 | N45: 16242.96 | O45: 16309.052 | P45: 17206.545 | Q45: 17840.621 | R45: 17819.218 | S45: 17363.132 | T45: 17267.504 | U45: 17250.507 | V45: 17544.728 | W45: 17253.478 | X45: 17378.496 | Y45: 16706.289 | Z45: 16332.843 | AA45: 16310.919 | AB45: 16229.704 | AC45: 16229.703 | AD45: 16229.703 | AE45: 16229.703 | AF45: 15023.708 | AG45: =+SUM(I45:AF45)*H45 -> 1599669.3
B46: =+MONTH(E46) -> 9 | C46: =+YEAR(E46) -> 2026 | D46: =+_xlfn.CONCAT(B46:C46,G46) -> 92026DO | E46: 46266 | G46: DO | H46: 4 | I46: 16229.703 | J46: 16229.703 | K46: 16229.703 | L46: 15658.184 | M46: 14488.86 | N46: 16242.96 | O46: 16309.052 | P46: 17206.545 | Q46: 17840.621 | R46: 17819.218 | S46: 17363.132 | T46: 17267.504 | U46: 17250.507 | V46: 17544.728 | W46: 17253.478 | X46: 17378.496 | Y46: 16706.289 | Z46: 16332.843 | AA46: 16310.919 | AB46: 16229.704 | AC46: 16229.703 | AD46: 16229.703 | AE46: 16229.703 | AF46: 16229.703 | AG46: =+SUM(I46:AF46)*H46 -> 1595243.8
B47: =+MONTH(E47) -> 9 | C47: =+YEAR(E47) -> 2026 | D47: =+_xlfn.CONCAT(B47:C47,G47) -> 92026FE | E47: 46266 | G47: FE | H47: 0 | I47: 0 | J47: 0 | K47: 0 | L47: 0 | M47: 0 | N47: 0 | O47: 0 | P47: 0 | Q47: 0 | R47: 0 | S47: 0 | T47: 0 | U47: 0 | V47: 0 | W47: 0 | X47: 0 | Y47: 0 | Z47: 0 | AA47: 0 | AB47: 0 | AC47: 0 | AD47: 0 | AE47: 0 | AF47: 0 | AG47: =+SUM(I47:AF47)*H47 -> 0
D48: =+_xlfn.CONCAT(E48,G48) -> 46266TOTAL | E48: 46266 | G48: TOTAL | H48: =+SUM(H44:H47) -> 30 | I48: =+SUMPRODUCT(I44:I47,$H44:$H47) -> 486891.08 | J48: =+SUMPRODUCT(J44:J47,$H44:$H47) -> 480248.62 | K48: =+SUMPRODUCT(K44:K47,$H44:$H47) -> 469005.44 | L48: =+SUMPRODUCT(L44:L47,$H44:$H47) -> 456208.47 | M48: =+SUMPRODUCT(M44:M47,$H44:$H47) -> 468054.71 | N48: =+SUMPRODUCT(N44:N47,$H44:$H47) -> 487288.81 | O48: =+SUMPRODUCT(O44:O47,$H44:$H47) -> 489271.56 | P48: =+SUMPRODUCT(P44:P47,$H44:$H47) -> 516196.35 | ... AF48: =+SUMPRODUCT(AF44:AF47,$H44:$H47) -> 482067.1 | AG48: =SUM(I48:AF48) -> 11954829
B49: =+MONTH(E49) -> 10 | C49: =+YEAR(E49) -> 2026 | D49: =+_xlfn.CONCAT(B49:C49,G49) -> 102026OR | E49: 46296 | F49: =+'PRODUCTO 01'!F18 -> 13185122 | G49: OR | H49: 21 | I49: 17186.848 | J49: 14617.292 | K49: 12789.893 | L49: 11637.766 | M49: 13245.241 | N49: 17052.403 | O49: 18198.823 | P49: 18852.476 | Q49: 19304.902 | R49: 19774.808 | S49: 19672.448 | T49: 19518.013 | U49: 19383.223 | V49: 19419.981 | W49: 19283.614 | X49: 18976.821 | Y49: 18588.949 | Z49: 18178.606 | AA49: 18157.571 | AB49: 18113.507 | AC49: 18113.507 | AD49: 18113.507 | AE49: 18113.507 | AF49: 17648.988 | AG49: =+SUM(I49:AF49)*H49 -> 8902796.6
B50: =+MONTH(E50) -> 10 | C50: =+YEAR(E50) -> 2026 | D50: =+_xlfn.CONCAT(B50:C50,G50) -> 102026SA | E50: 46296 | G50: SA | H50: 5 | I50: 18113.507 | J50: 17944.207 | K50: 15004.132 | L50: 14020.825 | M50: 14836.923 | N50: 17004.478 | O50: 18198.823 | P50: 18852.476 | Q50: 19304.902 | R50: 19774.808 | S50: 19672.448 | T50: 19518.013 | U50: 19383.223 | V50: 19419.981 | W50: 19283.614 | X50: 18976.821 | Y50: 18588.949 | Z50: 18178.606 | AA50: 18157.571 | AB50: 18113.507 | AC50: 18113.507 | AD50: 18113.507 | AE50: 17528.283 | AF50: 11994.335 | AG50: =+SUM(I50:AF50)*H50 -> 2140487.2
B51: =+MONTH(E51) -> 10 | C51: =+YEAR(E51) -> 2026 | D51: =+_xlfn.CONCAT(B51:C51,G51) -> 102026DO | E51: 46296 | G51: DO | H51: 4 | I51: 18113.507 | J51: 17782.923 | K51: 14913.119 | L51: 13314.698 | M51: 11841.704 | N51: 13464.08 | O51: 18052.895 | P51: 18852.476 | Q51: 19304.902 | R51: 19774.808 | S51: 19672.448 | T51: 19518.013 | U51: 19383.223 | V51: 19419.981 | W51: 18438.263 | X51: 18976.821 | Y51: 18588.949 | Z51: 18178.606 | AA51: 18157.571 | AB51: 18113.507 | AC51: 18113.507 | AD51: 18113.507 | AE51: 18113.507 | AF51: 18113.507 | AG51: =+SUM(I51:AF51)*H51 -> 1705266.1
B52: =+MONTH(E52) -> 10 | C52: =+YEAR(E52) -> 2026 | D52: =+_xlfn.CONCAT(B52:C52,G52) -> 102026FE | E52: 46296 | G52: FE | H52: 1 | I52: 18113.507 | J52: 16895.861 | K52: 15943.227 | L52: 15397.614 | M52: 15106.856 | N52: 17237.671 | O52: 18198.823 | P52: 18852.476 | Q52: 19304.902 | R52: 19774.808 | S52: 19672.448 | T52: 19518.013 | U52: 19383.223 | V52: 19419.981 | W52: 19283.614 | X52: 18976.821 | Y52: 18588.949 | Z52: 18178.606 | AA52: 18157.571 | AB52: 18113.507 | AC52: 18113.507 | AD52: 18113.507 | AE52: 18113.507 | AF52: 18113.507 | AG52: =+SUM(I52:AF52)*H52 -> 436572.51
D53: =+_xlfn.CONCAT(E53,G53) -> 46296TOTAL | E53: 46296 | G53: TOTAL | H53: =+SUM(H49:H52) -> 31 | I53: =+SUMPRODUCT(I49:I52,$H49:$H52) -> 542058.88 | J53: =+SUMPRODUCT(J49:J52,$H49:$H52) -> 484711.72 | K53: =+SUMPRODUCT(K49:K52,$H49:$H52) -> 419204.12 | L53: =+SUMPRODUCT(L49:L52,$H49:$H52) -> 383153.61 | M53: =+SUMPRODUCT(M49:M52,$H49:$H52) -> 414808.34 | N53: =+SUMPRODUCT(N49:N52,$H49:$H52) -> 514216.85 | O53: =+SUMPRODUCT(O49:O52,$H49:$H52) -> 563579.8 | P53: =+SUMPRODUCT(P49:P52,$H49:$H52) -> 584426.77 | ... AF53: =+SUMPRODUCT(AF49:AF52,$H49:$H52) -> 521167.95 | AG53: =SUM(I53:AF53) -> 13185122
B54: =+MONTH(E54) -> 11 | C54: =+YEAR(E54) -> 2026 | D54: =+_xlfn.CONCAT(B54:C54,G54) -> 112026OR | E54: 46327 | F54: =+'PRODUCTO 01'!F19 -> 11780439 | G54: OR | H54: 19 | I54: 15965.636 | J54: 15658.894 | K54: 15171.123 | L54: 14891.489 | M54: 15288.003 | N54: 15975.66 | O54: 16040.516 | P54: 16383.703 | Q54: 16741.515 | R54: 16899.201 | S54: 16967.775 | T54: 17231.283 | U54: 17424.574 | V54: 17660.325 | W54: 17855.955 | X54: 17463.732 | Y54: 16415.683 | Z54: 16022.99 | AA54: 15991.84 | AB54: 15965.649 | AC54: 15965.649 | AD54: 15965.649 | AE54: 15965.648 | AF54: 15965.648 | AG54: =+SUM(I54:AF54)*H54 -> 7445684.7
B55: =+MONTH(E55) -> 11 | C55: =+YEAR(E55) -> 2026 | D55: =+_xlfn.CONCAT(B55:C55,G55) -> 112026SA | E55: 46327 | G55: SA | H55: 4 | I55: 15972.495 | J55: 15972.495 | K55: 15972.495 | L55: 15972.495 | M55: 15972.495 | N55: 15982.519 | O55: 16047.376 | P55: 16390.563 | Q55: 16748.374 | R55: 16906.06 | S55: 16974.634 | T55: 17238.142 | U55: 17431.433 | V55: 17667.185 | W55: 17862.814 | X55: 17470.591 | Y55: 16422.542 | Z55: 16029.85 | AA55: 15998.699 | AB55: 15972.509 | AC55: 15972.509 | AD55: 15972.508 | AE55: 15972.508 | AF55: 15217.73 | AG55: =+SUM(I55:AF55)*H55 -> 1576564.1
B56: =+MONTH(E56) -> 11 | C56: =+YEAR(E56) -> 2026 | D56: =+_xlfn.CONCAT(B56:C56,G56) -> 112026DO | E56: 46327 | G56: DO | H56: 5 | I56: 15956.856 | J56: 15956.856 | K56: 15956.856 | L56: 15956.856 | M56: 15366.334 | N56: 15966.88 | O56: 16031.736 | P56: 16374.924 | Q56: 16732.735 | R56: 16890.421 | S56: 16958.995 | T56: 17222.503 | U56: 17415.794 | V56: 17651.545 | W56: 17847.175 | X56: 17454.952 | Y56: 16406.903 | Z56: 16014.211 | AA56: 15983.06 | AB56: 15956.869 | AC56: 15956.869 | AD56: 15956.869 | AE56: 15956.869 | AF56: 15956.868 | AG56: =+SUM(I56:AF56)*H56 -> 1969649.7
B57: =+MONTH(E57) -> 11 | C57: =+YEAR(E57) -> 2026 | D57: =+_xlfn.CONCAT(B57:C57,G57) -> 112026FE | E57: 46327 | G57: FE | H57: 2 | I57: 15946.43 | J57: 15946.43 | K57: 15946.43 | L57: 15946.43 | M57: 15946.43 | N57: 15956.454 | O57: 16021.31 | P57: 16364.497 | Q57: 16722.309 | R57: 16879.995 | S57: 16948.569 | T57: 17212.077 | U57: 17405.368 | V57: 17641.119 | W57: 17836.749 | X57: 17444.525 | Y57: 16396.477 | Z57: 16003.784 | AA57: 15972.634 | AB57: 15946.443 | AC57: 15946.443 | AD57: 15946.443 | AE57: 15946.442 | AF57: 15946.442 | AG57: =+SUM(I57:AF57)*H57 -> 788540.46
D58: =+_xlfn.CONCAT(E58,G58) -> 46327TOTAL | E58: 46327 | G58: TOTAL | H58: =+SUM(H54:H57) -> 30 | I58: =+SUMPRODUCT(I54:I57,$H54:$H57) -> 478914.2 | J58: =+SUMPRODUCT(J54:J57,$H54:$H57) -> 473086.1 | K58: =+SUMPRODUCT(K54:K57,$H54:$H57) -> 463818.45 | L58: =+SUMPRODUCT(L54:L57,$H54:$H57) -> 458505.41 | M58: =+SUMPRODUCT(M54:M57,$H54:$H57) -> 463086.57 | N58: =+SUMPRODUCT(N54:N57,$H54:$H57) -> 479214.92 | O58: =+SUMPRODUCT(O54:O57,$H54:$H57) -> 481160.61 | P58: =+SUMPRODUCT(P54:P57,$H54:$H57) -> 491456.23 | ... AF58: =+SUMPRODUCT(AF54:AF57,$H54:$H57) -> 475895.45 | AG58: =SUM(I58:AF58) -> 11780439
B59: =+MONTH(E59) -> 12 | C59: =+YEAR(E59) -> 2026 | D59: =+_xlfn.CONCAT(B59:C59,G59) -> 122026OR | E59: 46357 | F59: =+AG63 -> 13169894 | G59: OR | H59: 21 | I59: 17223.027 | J59: 16942.967 | K59: 16298.287 | L59: 15752.041 | M59: 16514.247 | N59: 17221.815 | O59: 17307.97 | P59: 18116.752 | Q59: 18695.464 | R59: 19138.147 | S59: 19133.901 | T59: 18966.96 | U59: 18961.986 | V59: 18940.262 | W59: 18754.188 | X59: 18102.224 | Y59: 17616.928 | Z59: 17331.25 | AA59: 17298.991 | AB59: 17269.766 | AC59: 17269.766 | AD59: 17269.766 | AE59: 17269.766 | AF59: 17269.766 | AG59: =+SUM(I59:AF59)*H59 -> 8917990.9
B60: =+MONTH(E60) -> 12 | C60: =+YEAR(E60) -> 2026 | D60: =+_xlfn.CONCAT(B60:C60,G60) -> 122026SA | E60: 46357 | G60: SA | H60: 4 | I60: 17269.766 | J60: 17269.766 | K60: 17269.766 | L60: 17248.308 | M60: 17269.766 | N60: 17275.16 | O60: 17307.97 | P60: 18116.752 | Q60: 18695.464 | R60: 19138.147 | S60: 19133.901 | T60: 18966.96 | U60: 18961.986 | V60: 18665.736 | W60: 17599.728 | X60: 17701.421 | Y60: 17616.928 | Z60: 17331.25 | AA60: 17298.991 | AB60: 17269.766 | AC60: 17269.766 | AD60: 17269.766 | AE60: 17269.766 | AF60: 16808.62 | AG60: =+SUM(I60:AF60)*H60 -> 1704101.8
B61: =+MONTH(E61) -> 12 | C61: =+YEAR(E61) -> 2026 | D61: =+_xlfn.CONCAT(B61:C61,G61) -> 122026DO | E61: 46357 | G61: DO | H61: 4 | I61: 17269.766 | J61: 17269.766 | K61: 17269.766 | L61: 17198.107 | M61: 16514.061 | N61: 16861.623 | O61: 17307.97 | P61: 18116.752 | Q61: 18695.464 | R61: 19138.147 | S61: 19133.901 | T61: 18966.96 | U61: 18961.986 | V61: 18791.071 | W61: 16556.423 | X61: 18102.224 | Y61: 17616.928 | Z61: 17331.25 | AA61: 17298.991 | AB61: 17269.766 | AC61: 17269.766 | AD61: 17269.766 | AE61: 17269.766 | AF61: 17269.766 | AG61: =+SUM(I61:AF61)*H61 -> 1698999.9
B62: =+MONTH(E62) -> 12 | C62: =+YEAR(E62) -> 2026 | D62: =+_xlfn.CONCAT(B62:C62,G62) -> 122026FE | E62: 46357 | G62: FE | H62: 2 | I62: 17269.766 | J62: 17269.766 | K62: 16413.302 | L62: 15763.594 | M62: 15695.004 | N62: 17275.16 | O62: 17307.97 | P62: 18116.752 | Q62: 18695.464 | R62: 19138.147 | S62: 19133.901 | T62: 18966.96 | U62: 18961.986 | V62: 18940.262 | W62: 18754.188 | X62: 18102.224 | Y62: 17616.928 | Z62: 17331.25 | AA62: 17298.991 | AB62: 17269.766 | AC62: 17269.766 | AD62: 17269.766 | AE62: 17269.766 | AF62: 17269.766 | AG62: =+SUM(I62:AF62)*H62 -> 848800.89
D63: =+_xlfn.CONCAT(E63,G63) -> 46357TOTAL | E63: 46357 | G63: TOTAL | H63: =+SUM(H59:H62) -> 31 | I63: =+SUMPRODUCT(I59:I62,$H59:$H62) -> 534381.22 | J63: =+SUMPRODUCT(J59:J62,$H59:$H62) -> 528499.97 | K63: =+SUMPRODUCT(K59:K62,$H59:$H62) -> 513248.75 | L63: =+SUMPRODUCT(L59:L62,$H59:$H62) -> 500105.72 | M63: =+SUMPRODUCT(M59:M62,$H59:$H62) -> 513324.5 | N63: =+SUMPRODUCT(N59:N62,$H59:$H62) -> 532755.56 | O63: =+SUMPRODUCT(O59:O62,$H59:$H62) -> 536547.07 | P63: =+SUMPRODUCT(P59:P62,$H59:$H62) -> 561619.33 | ... AF63: =+SUMPRODUCT(AF59:AF62,$H59:$H62) -> 533518.16 | AG63: =SUM(I63:AF63) -> 13169894
B64: =+MONTH(E64) -> 1 | C64: =+YEAR(E64) -> 2027 | D64: =+_xlfn.CONCAT(B64:C64,G64) -> 12027OR | E64: 46388 | F64: =+AG68 -> 14876875 | G64: OR | H64: 19 | I64: 17228.858 | J64: 16881.813 | K64: 16674.157 | L64: 16614.949 | M64: 16619.045 | N64: 16958.201 | O64: 17939.268 | P64: 19524.889 | Q64: 21775.062 | R64: 23014.792 | S64: 23226.723 | T64: 23572.297 | U64: 23345.412 | V64: 24042.105 | W64: 25099.534 | X64: 25576.698 | Y64: 24093.899 | Z64: 23623.301 | AA64: 22696.5 | AB64: 21865.479 | AC64: 20880.765 | AD64: 19571.934 | AE64: 18457.583 | AF64: 17877.268 | AG64: =ROUND(SUM(I64:AF64)*H64,2) -> 9446050.1
B65: =+MONTH(E65) -> 1 | C65: =+YEAR(E65) -> 2027 | D65: =+_xlfn.CONCAT(B65:C65,G65) -> 12027SA | E65: 46388 | G65: SA | H65: 5 | I65: 17244.933 | J65: 16874.843 | K65: 16644.894 | L65: 16545.898 | M65: 16511.875 | N65: 16679.248 | O65: 17286.75 | P65: 18403.534 | Q65: 21216.74 | R65: 23041.678 | S65: 22709.455 | T65: 22959.564 | U65: 22853.405 | V65: 22799.512 | W65: 22505.202 | X65: 22879.517 | Y65: 21577.101 | Z65: 21683.473 | AA65: 21233.64 | AB65: 20649.459 | AC65: 19864.962 | AD65: 18655.239 | AE65: 17619.822 | AF65: 17045.968 | AG65: =ROUND(SUM(I65:AF65)*H65,2) -> 2377433.5
B66: =+MONTH(E66) -> 1 | C66: =+YEAR(E66) -> 2027 | D66: =+_xlfn.CONCAT(B66:C66,G66) -> 12027DO | E66: 46388 | G66: DO | H66: 5 | I66: 16361.06 | J66: 16070.076 | K66: 15879.082 | L66: 15750.915 | M66: 15741.456 | N66: 15572.372 | O66: 15233.745 | P66: 16915.146 | Q66: 19872.395 | R66: 21925.706 | S66: 21093.709 | T66: 20844.409 | U66: 20384.634 | V66: 19920.009 | W66: 19233.636 | X66: 19653.078 | Y66: 18541.795 | Z66: 18730.768 | AA66: 18678.319 | AB66: 18342.348 | AC66: 17787.495 | AD66: 17180.133 | AE66: 16674.788 | AF66: 16289.885 | AG66: =ROUND(SUM(I66:AF66)*H66,2) -> 2163384.8
B67: =+MONTH(E67) -> 1 | C67: =+YEAR(E67) -> 2027 | D67: =+_xlfn.CONCAT(B67:C67,G67) -> 12027FE | E67: 46388 | G67: FE | H67: 2 | I67: 16644.369 | J67: 16365.062 | K67: 16190.232 | L67: 16073.328 | M67: 16063.883 | N67: 15779.749 | O67: 15448.997 | P67: 16908.85 | Q67: 22005.323 | R67: 24896.554 | S67: 23695.252 | T67: 21895.1 | U67: 20173.337 | V67: 19636.422 | W67: 19540.844 | X67: 19987.967 | Y67: 18802.434 | Z67: 19012.772 | AA67: 18922.342 | AB67: 18605.731 | AC67: 17977.673 | AD67: 17297.139 | AE67: 16742.394 | AF67: 16337.637 | AG67: =ROUND(SUM(I67:AF67)*H67,2) -> 890006.79
B68: =+MONTH(E68) -> 1 | C68: =+YEAR(E68) -> 2027 | D68: =+_xlfn.CONCAT(E68,G68) -> 46388TOTAL | E68: 46388 | G68: TOTAL | H68: =+SUM(H64:H67) -> 31 | I68: =+SUMPRODUCT(I64:I67,$H64:$H67) -> 528667 | J68: =+SUMPRODUCT(J64:J67,$H64:$H67) -> 518209.17 | K68: =+SUMPRODUCT(K64:K67,$H64:$H67) -> 511809.33 | L68: =+SUMPRODUCT(L64:L67,$H64:$H67) -> 509314.75 | M68: =+SUMPRODUCT(M64:M67,$H64:$H67) -> 509156.28 | N68: =+SUMPRODUCT(N64:N67,$H64:$H67) -> 515023.41 | O68: =+SUMPRODUCT(O64:O67,$H64:$H67) -> 534346.55 | P68: =+SUMPRODUCT(P64:P67,$H64:$H67) -> 581384 | ... AF68: =+SUMPRODUCT(AF64:AF67,$H64:$H67) -> 539022.63 | AG68: =SUM(I68:AF68) -> 14876875
B69: =+MONTH(E69) -> 2 | C69: =+YEAR(E69) -> 2027 | D69: =+_xlfn.CONCAT(B69:C69,G69) -> 22027OR | E69: 46419 | F69: =+AG73 -> 13124749 | G69: OR | H69: 20 | I69: 16918.362 | J69: 16549.97 | K69: 16313.081 | L69: 16239.755 | M69: 16154.991 | N69: 16414.043 | O69: 16942.029 | P69: 18023.001 | Q69: 19852.506 | R69: 21177.462 | S69: 21730.088 | T69: 21797.195 | U69: 21565.418 | V69: 21004.206 | W69: 22392.728 | X69: 23688.444 | Y69: 22628.825 | Z69: 22642.818 | AA69: 22031.686 | AB69: 21311.647 | AC69: 20356.761 | AD69: 19208.886 | AE69: 18254.641 | AF69: 17721.061 | AG69: =+SUM(I69:AF69)*H69 -> 9418392.1
B70: =+MONTH(E70) -> 2 | C70: =+YEAR(E70) -> 2027 | D70: =+_xlfn.CONCAT(B70:C70,G70) -> 22027SA | E70: 46419 | G70: SA | H70: 4 | I70: 17064.033 | J70: 16718.449 | K70: 16540.848 | L70: 16444.238 | M70: 16438.669 | N70: 16719.358 | O70: 17595.372 | P70: 19127.072 | Q70: 22194.57 | R70: 24440.558 | S70: 24730.165 | T70: 24634.782 | U70: 24029.687 | V70: 22816.124 | W70: 23815.782 | X70: 24711.344 | Y70: 23477.449 | Z70: 23066.262 | AA70: 22184.96 | AB70: 21427.519 | AC70: 20520.288 | AD70: 19214.766 | AE70: 18091.569 | AF70: 17483.458 | AG70: =+SUM(I70:AF70)*H70 -> 1973949.3
B71: =+MONTH(E71) -> 2 | C71: =+YEAR(E71) -> 2027 | D71: =+_xlfn.CONCAT(B71:C71,G71) -> 22027DO | E71: 46419 | G71: DO | H71: 4 | I71: 16474.91 | J71: 16179.483 | K71: 15981.181 | L71: 15849.781 | M71: 15844.688 | N71: 15667.375 | O71: 15320.857 | P71: 16916.226 | Q71: 19716.161 | R71: 22252.773 | S71: 21957.058 | T71: 21181.196 | U71: 20179.694 | V71: 18120.862 | W71: 18495.396 | X71: 19734.669 | Y71: 18811.11 | Z71: 18909.617 | AA71: 18806.613 | AB71: 18436.088 | AC71: 17874.507 | AD71: 17264.86 | AE71: 16758.044 | AF71: 16368.782 | AG71: =+SUM(I71:AF71)*H71 -> 1732407.7
B72: =+MONTH(E72) -> 2 | C72: =+YEAR(E72) -> 2027 | D72: =+_xlfn.CONCAT(B72:C72,G72) -> 22027FE | E72: 46419 | G72: FE | H72: 0 | I72: 0 | J72: 0 | K72: 0 | L72: 0 | M72: 0 | N72: 0 | O72: 0 | P72: 0 | Q72: 0 | R72: 0 | S72: 0 | T72: 0 | U72: 0 | V72: 0 | W72: 0 | X72: 0 | Y72: 0 | Z72: 0 | AA72: 0 | AB72: 0 | AC72: 0 | AD72: 0 | AE72: 0 | AF72: 0 | AG72: =+SUM(I72:AF72)*H72 -> 0
B73: =+MONTH(E73) -> 2 | C73: =+YEAR(E73) -> 2027 | D73: =+_xlfn.CONCAT(E73,G73) -> 46419TOTAL | E73: 46419 | G73: TOTAL | H73: =+SUM(H69:H72) -> 28 | I73: =+SUMPRODUCT(I69:I72,$H69:$H72) -> 472523 | J73: =+SUMPRODUCT(J69:J72,$H69:$H72) -> 462591.13 | K73: =+SUMPRODUCT(K69:K72,$H69:$H72) -> 456349.73 | L73: =+SUMPRODUCT(L69:L72,$H69:$H72) -> 453971.18 | M73: =+SUMPRODUCT(M69:M72,$H69:$H72) -> 452233.24 | N73: =+SUMPRODUCT(N69:N72,$H69:$H72) -> 457827.79 | O73: =+SUMPRODUCT(O69:O72,$H69:$H72) -> 470505.5 | P73: =+SUMPRODUCT(P69:P72,$H69:$H72) -> 504633.22 | ... AF73: =+SUMPRODUCT(AF69:AF72,$H69:$H72) -> 489830.18 | AG73: =SUM(I73:AF73) -> 13124749
B74: =+MONTH(E74) -> 3 | C74: =+YEAR(E74) -> 2027 | D74: =+_xlfn.CONCAT(B74:C74,G74) -> 32027OR | E74: 46447 | F74: =+AG78 -> 14570746 | G74: OR | H74: 20 | I74: 17123.429 | J74: 16777.716 | K74: 16567.888 | L74: 16509.157 | M74: 16503.64 | N74: 16827.85 | O74: 17837.952 | P74: 19325.234 | Q74: 21056.603 | R74: 21908.447 | S74: 22388.017 | T74: 22813.722 | U74: 22697.744 | V74: 23397.202 | W74: 24690.2 | X74: 25048.74 | Y74: 23893.11 | Z74: 23458.098 | AA74: 22540.099 | AB74: 21686.886 | AC74: 20711.745 | AD74: 19423.922 | AE74: 18329.977 | AF74: 17755.271 | AG74: =+SUM(I74:AF74)*H74 -> 9785453
B75: =+MONTH(E75) -> 3 | C75: =+YEAR(E75) -> 2027 | D75: =+_xlfn.CONCAT(B75:C75,G75) -> 32027SA | E75: 46447 | G75: SA | H75: 4 | I75: 17173.888 | J75: 16809.35 | K75: 16584.253 | L75: 16489.657 | M75: 16447.784 | N75: 16605.673 | O75: 17261.879 | P75: 18289.639 | Q75: 19740.2 | R75: 20601.658 | S75: 20952.477 | T75: 21300.937 | U75: 21140.738 | V75: 21434.1 | W75: 22219.314 | X75: 22472.39 | Y75: 21497.459 | Z75: 21630.797 | AA75: 21174.309 | AB75: 20569.273 | AC75: 19793.151 | AD75: 18595.038 | AE75: 17570.253 | AF75: 17003.264 | AG75: =+SUM(I75:AF75)*H75 -> 1853429.9
B76: =+MONTH(E76) -> 3 | C76: =+YEAR(E76) -> 2027 | D76: =+_xlfn.CONCAT(B76:C76,G76) -> 32027DO | E76: 46447 | G76: DO | H76: 4 | I76: 16475.751 | J76: 16180.673 | K76: 15980.592 | L76: 15854.164 | M76: 15818.909 | N76: 15553.398 | O76: 15190.282 | P76: 15332.008 | Q76: 17454.74 | R76: 19216.26 | S76: 19296.393 | T76: 19166.128 | U76: 18614.383 | V76: 18264.261 | W76: 18895.111 | X76: 19204.998 | Y76: 18390.523 | Z76: 18660.317 | AA76: 18609.343 | AB76: 18265.371 | AC76: 17683.337 | AD76: 17078.61 | AE76: 16564.867 | AF76: 16184.361 | AG76: =+SUM(I76:AF76)*H76 -> 1671739.1
B77: =+MONTH(E77) -> 3 | C77: =+YEAR(E77) -> 2027 | D77: =+_xlfn.CONCAT(B77:C77,G77) -> 32027FE | E77: 46447 | G77: FE | H77: 3 | I77: 16520.56 | J77: 16244.064 | K77: 16063.957 | L77: 15951.251 | M77: 15928.636 | N77: 15605.098 | O77: 15289.131 | P77: 15419.674 | Q77: 17183.091 | R77: 20171.634 | S77: 20138.294 | T77: 18624.036 | U77: 18102.757 | V77: 18348.355 | W77: 19067.376 | X77: 19395.345 | Y77: 18521.25 | Z77: 18802.938 | AA77: 18703.082 | AB77: 18390.448 | AC77: 17765.64 | AD77: 17097.925 | AE77: 16549.624 | AF77: 16157.279 | AG77: =+SUM(I77:AF77)*H77 -> 1260124.3
B78: =+MONTH(E78) -> 3 | C78: =+YEAR(E78) -> 2027 | D78: =+_xlfn.CONCAT(E78,G78) -> 46447TOTAL | E78: 46447 | G78: TOTAL | H78: =+SUM(H74:H77) -> 31 | I78: =+SUMPRODUCT(I74:I77,$H74:$H77) -> 526628.82 | J78: =+SUMPRODUCT(J74:J77,$H74:$H77) -> 516246.6 | K78: =+SUMPRODUCT(K74:K77,$H74:$H77) -> 509809.02 | L78: =+SUMPRODUCT(L74:L77,$H74:$H77) -> 507412.17 | M78: =+SUMPRODUCT(M74:M77,$H74:$H77) -> 506925.49 | N78: =+SUMPRODUCT(N74:N77,$H74:$H77) -> 512008.57 | O78: =+SUMPRODUCT(O74:O77,$H74:$H77) -> 532435.07 | P78: =+SUMPRODUCT(P74:P77,$H74:$H77) -> 567250.29 | ... AF78: =+SUMPRODUCT(AF74:AF77,$H74:$H77) -> 536327.76 | AG78: =SUM(I78:AF78) -> 14570746
B79: =+MONTH(E79) -> 4 | C79: =+YEAR(E79) -> 2027 | D79: =+_xlfn.CONCAT(B79:C79,G79) -> 42027OR | E79: 46478 | F79: =+AG83 -> 14169970 | G79: OR | H79: 22 | I79: 17467.978 | J79: 17097.755 | K79: 16857.865 | L79: 16779.328 | M79: 16695.903 | N79: 16951.022 | O79: 17540.487 | P79: 18479.975 | Q79: 19422.817 | R79: 20219.315 | S79: 20775.667 | T79: 21170.419 | U79: 21319.794 | V79: 22102.528 | W79: 22605.68 | X79: 23975.988 | Y79: 23379.987 | Z79: 23108.535 | AA79: 22535.832 | AB79: 21867.499 | AC79: 20906.119 | AD79: 19759.508 | AE79: 18806.006 | AF79: 18269.374 | AG79: =+SUM(I79:AF79)*H79 -> 10518098
B80: =+MONTH(E80) -> 4 | C80: =+YEAR(E80) -> 2027 | D80: =+_xlfn.CONCAT(B80:C80,G80) -> 42027SA | E80: 46478 | G80: SA | H80: 4 | I80: 17442.703 | J80: 17095.945 | K80: 16919.665 | L80: 16827.354 | M80: 16824.334 | N80: 17105.223 | O80: 18043.691 | P80: 19425.975 | Q80: 20582.308 | R80: 21357.613 | S80: 21933.149 | T80: 22273.111 | U80: 22200.119 | V80: 23234.215 | W80: 23493.357 | X80: 24830.381 | Y80: 24057.498 | Z80: 23361.897 | AA80: 22527.397 | AB80: 21818.174 | AC80: 20905.797 | AD80: 19597.812 | AE80: 18474.547 | AF80: 17867.752 | AG80: =+SUM(I80:AF80)*H80 -> 1952800.1
B81: =+MONTH(E81) -> 4 | C81: =+YEAR(E81) -> 2027 | D81: =+_xlfn.CONCAT(B81:C81,G81) -> 42027DO | E81: 46478 | G81: DO | H81: 4 | I81: 16840.682 | J81: 16547.273 | K81: 16344.231 | L81: 16216.547 | M81: 16206.143 | N81: 16050.781 | O81: 15777.43 | P81: 16009.455 | Q81: 17113.253 | R81: 18605.927 | S81: 18787.094 | T81: 18813.73 | U81: 18333.75 | V81: 18490.598 | W81: 18526.535 | X81: 19830.684 | Y81: 19372.044 | Z81: 19194.895 | AA81: 19129.549 | AB81: 18806.176 | AC81: 18244.506 | AD81: 17641.95 | AE81: 17133.33 | AF81: 16751.242 | AG81: =+SUM(I81:AF81)*H81 -> 1699071.2
B82: =+MONTH(E82) -> 4 | C82: =+YEAR(E82) -> 2027 | D82: =+_xlfn.CONCAT(B82:C82,G82) -> 42027FE | E82: 46478 | G82: FE | H82: 0 | I82: 0 | J82: 0 | K82: 0 | L82: 0 | M82: 0 | N82: 0 | O82: 0 | P82: 0 | Q82: 0 | R82: 0 | S82: 0 | T82: 0 | U82: 0 | V82: 0 | W82: 0 | X82: 0 | Y82: 0 | Z82: 0 | AA82: 0 | AB82: 0 | AC82: 0 | AD82: 0 | AE82: 0 | AF82: 0 | AG82: =+SUM(I82:AF82)*H82 -> 0
B83: =+MONTH(E83) -> 4 | C83: =+YEAR(E83) -> 2027 | D83: =+_xlfn.CONCAT(E83,G83) -> 46478TOTAL | E83: 46478 | G83: TOTAL | H83: =+SUM(H79:H82) -> 30 | I83: =+SUMPRODUCT(I79:I82,$H79:$H82) -> 521429.06 | J83: =+SUMPRODUCT(J79:J82,$H79:$H82) -> 510723.48 | K83: =+SUMPRODUCT(K79:K82,$H79:$H82) -> 503928.62 | L83: =+SUMPRODUCT(L79:L82,$H79:$H82) -> 501320.83 | M83: =+SUMPRODUCT(M79:M82,$H79:$H82) -> 499431.79 | N83: =+SUMPRODUCT(N79:N82,$H79:$H82) -> 505546.5 | O83: =+SUMPRODUCT(O79:O82,$H79:$H82) -> 521175.19 | P83: =+SUMPRODUCT(P79:P82,$H79:$H82) -> 548301.17 | ... AF83: =+SUMPRODUCT(AF79:AF82,$H79:$H82) -> 540402.2 | AG83: =SUM(I83:AF83) -> 14169970
B84: =+MONTH(E84) -> 5 | C84: =+YEAR(E84) -> 2027 | D84: =+_xlfn.CONCAT(B84:C84,G84) -> 52027OR | E84: 46508 | F84: =+AG88 -> 16057149 | G84: OR | H84: 19 | I84: 19388.459 | J84: 19040.49 | K84: 18827.789 | L84: 18766.617 | M84: 18757.988 | N84: 19100.578 | O84: 20170.066 | P84: 22049.711 | Q84: 24284.488 | R84: 24465.044 | S84: 24132.437 | T84: 24097.456 | U84: 23823.877 | V84: 24244.96 | W84: 25901.812 | X84: 27253.318 | Y84: 26998.017 | Z84: 25749.725 | AA84: 24792.68 | AB84: 23969.297 | AC84: 22987.374 | AD84: 21696.162 | AE84: 20600.147 | AF84: 20023.151 | AG84: =+SUM(I84:AF84)*H84 -> 10281311
B85: =+MONTH(E85) -> 5 | C85: =+YEAR(E85) -> 2027 | D85: =+_xlfn.CONCAT(B85:C85,G85) -> 52027SA | E85: 46508 | G85: SA | H85: 4 | I85: 19400.829 | J85: 19035.405 | K85: 18810.876 | L85: 18716.712 | M85: 18671.722 | N85: 18845.521 | O85: 19556.905 | P85: 20970.172 | Q85: 22915.979 | R85: 23051.127 | S85: 22640.319 | T85: 22469.592 | U85: 22197.477 | V85: 22227.841 | W85: 23370.808 | X85: 24614.26 | Y85: 24540.38 | Z85: 23864.906 | AA85: 23377.284 | AB85: 22805.667 | AC85: 22024.768 | AD85: 20821.495 | AE85: 19791.846 | AF85: 19225.61 | AG85: =+SUM(I85:AF85)*H85 -> 2055790
B86: =+MONTH(E86) -> 5 | C86: =+YEAR(E86) -> 2027 | D86: =+_xlfn.CONCAT(B86:C86,G86) -> 52027DO | E86: 46508 | G86: DO | H86: 5 | I86: 18555.19 | J86: 18265.898 | K86: 18061.916 | L86: 17937.431 | M86: 17925.332 | N86: 17794.324 | O86: 17570.319 | P86: 18214.174 | Q86: 20694.961 | R86: 21006.32 | S86: 20180.138 | T86: 19568.537 | U86: 18926.586 | V86: 19018.419 | W86: 20106.557 | X86: 21401.745 | Y86: 21519.643 | Z86: 20948.85 | AA86: 20841.71 | AB86: 20511.345 | AC86: 19958.764 | AD86: 19367.339 | AE86: 18862.793 | AF86: 18486.783 | AG86: =+SUM(I86:AF86)*H86 -> 2328625.4
B87: =+MONTH(E87) -> 5 | C87: =+YEAR(E87) -> 2027 | D87: =+_xlfn.CONCAT(B87:C87,G87) -> 52027FE | E87: 46508 | G87: FE | H87: 3 | I87: 18712.218 | J87: 18433.803 | K87: 18250.238 | L87: 18138.352 | M87: 18110.389 | N87: 17800.259 | O87: 17517.721 | P87: 18028.592 | Q87: 20155.258 | R87: 20461.701 | S87: 19687.151 | T87: 18772.138 | U87: 18952.834 | V87: 19061.964 | W87: 20130.245 | X87: 21446.538 | Y87: 21468.755 | Z87: 20964.738 | AA87: 20835.004 | AB87: 20572.678 | AC87: 19946.913 | AD87: 19279.298 | AE87: 18733.824 | AF87: 18346.78 | AG87: =+SUM(I87:AF87)*H87 -> 1391422.2
B88: =+MONTH(E88) -> 5 | C88: =+YEAR(E88) -> 2027 | D88: =+_xlfn.CONCAT(E88,G88) -> 46508TOTAL | E88: 46508 | G88: TOTAL | H88: =+SUM(H84:H87) -> 31 | I88: =+SUMPRODUCT(I84:I87,$H84:$H87) -> 594896.64 | J88: =+SUMPRODUCT(J84:J87,$H84:$H87) -> 584541.82 | K88: =+SUMPRODUCT(K84:K87,$H84:$H87) -> 578031.78 | L88: =+SUMPRODUCT(L84:L87,$H84:$H87) -> 575534.78 | M88: =+SUMPRODUCT(M84:M87,$H84:$H87) -> 575046.48 | N88: =+SUMPRODUCT(N84:N87,$H84:$H87) -> 580665.47 | O88: =+SUMPRODUCT(O84:O87,$H84:$H87) -> 601863.63 | P88: =+SUMPRODUCT(P84:P87,$H84:$H87) -> 647981.85 | ... AF88: =+SUMPRODUCT(AF84:AF87,$H84:$H87) -> 604816.57 | AG88: =SUM(I88:AF88) -> 16057149
B89: =+MONTH(E89) -> 6 | C89: =+YEAR(E89) -> 2027 | D89: =+_xlfn.CONCAT(B89:C89,G89) -> 62027OR | E89: 46539 | F89: =+AG93 -> 13725396 | G89: OR | H89: 21 | I89: 16693.667 | J89: 16345.189 | K89: 16132.131 | L89: 16071.881 | M89: 16060.762 | N89: 16403.432 | O89: 17454.417 | P89: 18879.855 | Q89: 20431.882 | R89: 21548.209 | S89: 21988.89 | T89: 22048.828 | U89: 22197.837 | V89: 22037.021 | W89: 22529.197 | X89: 22972.864 | Y89: 23212.018 | Z89: 23020.935 | AA89: 22126.386 | AB89: 21281.661 | AC89: 20298.665 | AD89: 19004.972 | AE89: 17907.495 | AF89: 17330.553 | AG89: =+SUM(I89:AF89)*H89 -> 9953553.7
B90: =+MONTH(E90) -> 6 | C90: =+YEAR(E90) -> 2027 | D90: =+_xlfn.CONCAT(B90:C90,G90) -> 62027SA | E90: 46539 | G90: SA | H90: 4 | I90: 16725.107 | J90: 16359.024 | K90: 16133.424 | L90: 16037.01 | M90: 15989.509 | N90: 16161.327 | O90: 16854.007 | P90: 17814.846 | Q90: 19078.008 | R90: 20146.67 | S90: 20511.497 | T90: 20435.673 | U90: 20585.042 | V90: 20029.956 | W90: 20007.586 | X90: 20345.065 | Y90: 20767.078 | Z90: 21150.251 | AA90: 20725.22 | AB90: 20133.452 | AC90: 19349.749 | AD90: 18141.78 | AE90: 17106.776 | AF90: 16539.502 | AG90: =+SUM(I90:AF90)*H90 -> 1788510.2
B91: =+MONTH(E91) -> 6 | C91: =+YEAR(E91) -> 2027 | D91: =+_xlfn.CONCAT(B91:C91,G91) -> 62027DO | E91: 46539 | G91: DO | H91: 4 | I91: 15878.52 | J91: 15587.067 | K91: 15382.236 | L91: 15256.622 | M91: 15246.219 | N91: 15108.612 | O91: 14856.819 | P91: 14796.462 | Q91: 16005.805 | R91: 17782.718 | S91: 18005.184 | T91: 17021.645 | U91: 17241.471 | V91: 16801.378 | W91: 16725.429 | X91: 17118.235 | Y91: 17730.818 | Z91: 18220.647 | AA91: 18178.287 | AB91: 17830.218 | AC91: 17275.459 | AD91: 16682.62 | AE91: 16177.853 | AF91: 15800.025 | AG91: =+SUM(I91:AF91)*H91 -> 1586841.4
B92: =+MONTH(E92) -> 6 | C92: =+YEAR(E92) -> 2027 | D92: =+_xlfn.CONCAT(B92:C92,G92) -> 62027FE | E92: 46539 | G92: FE | H92: 1 | I92: 16065.553 | J92: 15784.233 | K92: 15599.811 | L92: 15486.279 | M92: 15460.199 | N92: 15143.811 | O92: 14834.979 | P92: 14889.208 | Q92: 15546.299 | R92: 17321.426 | S92: 17601.091 | T92: 16698.975 | U92: 17358.252 | V92: 16885.517 | W92: 16788.841 | X92: 17202.69 | Y92: 17719.67 | Z92: 18274.607 | AA92: 18210.277 | AB92: 17927.605 | AC92: 17297.358 | AD92: 16625.816 | AE92: 16078.855 | AF92: 15688.965 | AG92: =+SUM(I92:AF92)*H92 -> 396490.32
B93: =+MONTH(E93) -> 6 | C93: =+YEAR(E93) -> 2027 | D93: =+_xlfn.CONCAT(E93,G93) -> 46539TOTAL | E93: 46539 | G93: TOTAL | H93: =+SUM(H89:H92) -> 30 | I93: =+SUMPRODUCT(I89:I92,$H89:$H92) -> 497047.06 | J93: =+SUMPRODUCT(J89:J92,$H89:$H92) -> 486817.56 | K93: =+SUMPRODUCT(K89:K92,$H89:$H92) -> 480437.21 | L93: =+SUMPRODUCT(L89:L92,$H89:$H92) -> 478170.32 | M93: =+SUMPRODUCT(M89:M92,$H89:$H92) -> 477679.12 | N93: =+SUMPRODUCT(N89:N92,$H89:$H92) -> 484695.63 | O93: =+SUMPRODUCT(O89:O92,$H89:$H92) -> 508221.04 | P93: =+SUMPRODUCT(P89:P92,$H89:$H92) -> 541811.39 | ... AF93: =+SUMPRODUCT(AF89:AF92,$H89:$H92) -> 508988.68 | AG93: =SUM(I93:AF93) -> 13725396
B94: =+MONTH(E94) -> 7 | C94: =+YEAR(E94) -> 2027 | D94: =+_xlfn.CONCAT(B94:C94,G94) -> 72027OR | E94: 46569 | F94: =+AG98 -> 14099291 | G94: OR | H94: 20 | I94: 16655.024 | J94: 16306.914 | K94: 16094.063 | L94: 16032.719 | M94: 16024.22 | N94: 16347.401 | O94: 17407.905 | P94: 18907.238 | Q94: 20499.256 | R94: 21764.286 | S94: 21793.033 | T94: 22027.051 | U94: 22115.478 | V94: 21581.928 | W94: 22687.921 | X94: 24052.057 | Y94: 23553.259 | Z94: 23042.233 | AA94: 22113.906 | AB94: 21240.417 | AC94: 20256.893 | AD94: 18964.708 | AE94: 17867.835 | AF94: 17290.499 | AG94: =+SUM(I94:AF94)*H94 -> 9492524.9
B95: =+MONTH(E95) -> 7 | C95: =+YEAR(E95) -> 2027 | D95: =+_xlfn.CONCAT(B95:C95,G95) -> 72027SA | E95: 46569 | G95: SA | H95: 5 | I95: 16662.227 | J95: 16296.627 | K95: 16071.93 | L95: 15977.646 | M95: 15932.682 | N95: 16086.672 | O95: 16788.096 | P95: 17820.266 | Q95: 19122.626 | R95: 20341.892 | S95: 20292.178 | T95: 20390.109 | U95: 20479.938 | V95: 19555.42 | W95: 20147.259 | X95: 21403.312 | Y95: 21086.012 | Z95: 21148.26 | AA95: 20690.295 | AB95: 20068.781 | AC95: 19286.524 | AD95: 18082.485 | AE95: 17052.137 | AF95: 16485.72 | AG95: =+SUM(I95:AF95)*H95 -> 2236345.5
B96: =+MONTH(E96) -> 7 | C96: =+YEAR(E96) -> 2027 | D96: =+_xlfn.CONCAT(B96:C96,G96) -> 72027DO | E96: 46569 | G96: DO | H96: 4 | I96: 15775.125 | J96: 15486.899 | K96: 15282.78 | L96: 15159.043 | M96: 15147.081 | N96: 14997.695 | O96: 14762.594 | P96: 14776.053 | Q96: 15577.21 | R96: 17625.372 | S96: 17081.303 | T96: 16908.888 | U96: 17104.828 | V96: 16291.677 | W96: 16830.176 | X96: 18138.086 | Y96: 18013.045 | Z96: 18181.878 | AA96: 18103.217 | AB96: 17726.626 | AC96: 17176.824 | AD96: 16589.041 | AE96: 16086.294 | AF96: 15711.751 | AG96: =+SUM(I96:AF96)*H96 -> 1578133.9
B97: =+MONTH(E97) -> 7 | C97: =+YEAR(E97) -> 2027 | D97: =+_xlfn.CONCAT(B97:C97,G97) -> 72027FE | E97: 46569 | G97: FE | H97: 2 | I97: 16005.602 | J97: 15726.745 | K97: 15543.085 | L97: 15430.797 | M97: 15403.771 | N97: 15077.815 | O97: 14788.792 | P97: 14920.125 | Q97: 15573.02 | R97: 17289.147 | S97: 16808.893 | T97: 16685.698 | U97: 17281.446 | V97: 16436.033 | W97: 16952.751 | X97: 18281.316 | Y97: 18061.243 | Z97: 18292.647 | AA97: 18192.51 | AB97: 17878.054 | AC97: 17250.628 | AD97: 16581.18 | AE97: 16034.982 | AF97: 15647.21 | AG97: =+SUM(I97:AF97)*H97 -> 792286.98
B98: =+MONTH(E98) -> 7 | C98: =+YEAR(E98) -> 2027 | D98: =+_xlfn.CONCAT(E98,G98) -> 46569TOTAL | E98: 46569 | G98: TOTAL | H98: =+SUM(H94:H97) -> 31 | I98: =+SUMPRODUCT(I94:I97,$H94:$H97) -> 511523.32 | J98: =+SUMPRODUCT(J94:J97,$H94:$H97) -> 501022.5 | K98: =+SUMPRODUCT(K94:K97,$H94:$H97) -> 494458.21 | L98: =+SUMPRODUCT(L94:L97,$H94:$H97) -> 492040.37 | M98: =+SUMPRODUCT(M94:M97,$H94:$H97) -> 491543.67 | N98: =+SUMPRODUCT(N94:N97,$H94:$H97) -> 497527.79 | O98: =+SUMPRODUCT(O94:O97,$H94:$H97) -> 520726.54 | P98: =+SUMPRODUCT(P94:P97,$H94:$H97) -> 556190.56 | ... AF98: =+SUMPRODUCT(AF94:AF97,$H94:$H97) -> 522380.02 | AG98: =SUM(I98:AF98) -> 14099291
B99: =+MONTH(E99) -> 8 | C99: =+YEAR(E99) -> 2027 | D99: =+_xlfn.CONCAT(B99:C99,G99) -> 82027OR | E99: 46600 | F99: =+AG103 -> 13990120 | G99: OR | H99: 21 | I99: 16540.304 | J99: 16192.09 | K99: 15979.104 | L99: 15917.655 | M99: 15908.918 | N99: 16233.083 | O99: 17234.09 | P99: 18663.732 | Q99: 21205.498 | R99: 21601.31 | S99: 22143.675 | T99: 21383.433 | U99: 21211.625 | V99: 22102.985 | W99: 22379.183 | X99: 23780.007 | Y99: 23056.945 | Z99: 22862.656 | AA99: 21965.576 | AB99: 21124.679 | AC99: 20141.943 | AD99: 18849.839 | AE99: 17753.1 | AF99: 17175.721 | AG99: =+SUM(I99:AF99)*H99 -> 9899550.2
B100: =+MONTH(E100) -> 8 | C100: =+YEAR(E100) -> 2027 | D100: =+_xlfn.CONCAT(B100:C100,G100) -> 82027SA | E100: 46600 | G100: SA | H100: 3 | I100: 16551.173 | J100: 16185.461 | K100: 15960.712 | L100: 15866.397 | M100: 15821.308 | N100: 15976.446 | O100: 16618.835 | P100: 17581.478 | Q100: 19833.676 | R100: 20183.933 | S100: 20648.186 | T100: 19752.027 | U100: 19581.444 | V100: 20081.702 | W100: 19843.416 | X100: 21135.966 | Y100: 20594.398 | Z100: 20973.407 | AA100: 20546.786 | AB100: 19957.622 | AC100: 19175.83 | AD100: 17971.233 | AE100: 16940.369 | AF100: 16373.906 | AG100: =+SUM(I100:AF100)*H100 -> 1332467.1
B101: =+MONTH(E101) -> 8 | C101: =+YEAR(E101) -> 2027 | D101: =+_xlfn.CONCAT(B101:C101,G101) -> 82027DO | E101: 46600 | G101: DO | H101: 5 | I101: 15707.567 | J101: 15418.243 | K101: 15213.834 | L101: 15089.522 | M101: 15077.344 | N101: 14928.378 | O101: 14634.233 | P101: 14580.413 | Q101: 17416.946 | R101: 17856.139 | S101: 17921.144 | T101: 16393.299 | U101: 16256.65 | V101: 16868.446 | W101: 16575.703 | X101: 17920.407 | Y101: 17570.778 | Z101: 18055.636 | AA101: 18009.19 | AB101: 17662.428 | AC101: 17110.247 | AD101: 16519.547 | AE101: 16015.098 | AF101: 15639.475 | AG101: =+SUM(I101:AF101)*H101 -> 1972203.3
B102: =+MONTH(E102) -> 8 | C102: =+YEAR(E102) -> 2027 | D102: =+_xlfn.CONCAT(B102:C102,G102) -> 82027FE | E102: 46600 | G102: FE | H102: 2 | I102: 15857.229 | J102: 15578.691 | K102: 15394.813 | L102: 15283.055 | M102: 15254.493 | N102: 14924.548 | O102: 14569.695 | P102: 14628.568 | Q102: 16852.526 | R102: 17287.639 | S102: 17406.238 | T102: 15987.884 | U102: 16323.443 | V102: 16902.112 | W102: 16588.437 | X102: 17953.711 | Y102: 17507.717 | Z102: 18060.806 | AA102: 17992.449 | AB102: 17715.281 | AC102: 17089.768 | AD102: 16422.377 | AE102: 15877.246 | AF102: 15490.776 | AG102: =+SUM(I102:AF102)*H102 -> 785899
B103: =+MONTH(E103) -> 8 | C103: =+YEAR(E103) -> 2027 | D103: =+_xlfn.CONCAT(E103,G103) -> 46600TOTAL | E103: 46600 | G103: TOTAL | H103: =+SUM(H99:H102) -> 31 | I103: =+SUMPRODUCT(I99:I102,$H99:$H102) -> 507252.2 | J103: =+SUMPRODUCT(J99:J102,$H99:$H102) -> 496838.87 | K103: =+SUMPRODUCT(K99:K102,$H99:$H102) -> 490302.12 | L103: =+SUMPRODUCT(L99:L102,$H99:$H102) -> 487883.67 | M103: =+SUMPRODUCT(M99:M102,$H99:$H102) -> 487446.92 | N103: =+SUMPRODUCT(N99:N102,$H99:$H102) -> 493315.08 | O103: =+SUMPRODUCT(O99:O102,$H99:$H102) -> 514082.95 | P103: =+SUMPRODUCT(P99:P102,$H99:$H102) -> 546842 | ... AF103: =+SUMPRODUCT(AF99:AF102,$H99:$H102) -> 518990.78 | AG103: =SUM(I103:AF103) -> 13990120
...

Sheet calendario
A1: Cuenta de TIPO
A2: MES | B2: TIPO | C2: 2014 | D2: 2015 | E2: 2016 | F2: 2017 | G2: 2018
A3: 1 | B3: 1ORD | C3: =31-C4-C5 -> 21 | D3: =31-D4-D5 -> 20 | E3: 19 | F3: 21 | G3: 21
A4: 1 | B4: 2SÁB | C4: 4 | D4: 5 | E4: 5 | F4: 4 | G4: 4
A5: 1 | B5: 3FES | C5: 6 | D5: 6 | E5: 7 | F5: 6 | G5: 6
A6: 2 | B6: 1ORD | C6: =28-C7-C8 -> 20 | D6: =28-D7-D8 -> 20 | E6: 21 | F6: 20 | G6: 20
A7: 2 | B7: 2SÁB | C7: 4 | D7: 4 | E7: 4 | F7: 4 | G7: 4
A8: 2 | B8: 3FES | C8: 4 | D8: 4 | E8: 4 | F8: 4 | G8: 4
A9: 3 | B9: 1ORD | C9: =31-C10-C11 -> 20 | D9: =31-D10-D11 -> 21 | E9: 20 | F9: 22 | G9: 19
A10: 3 | B10: 2SÁB | C10: 5 | D10: 4 | E10: 4 | F10: 4 | G10: 5
A11: 3 | B11: 3FES | C11: 6 | D11: 6 | E11: 7 | F11: 5 | G11: 7
A12: 4 | B12: 1ORD | C12: =30-C13-C14 -> 20 | D12: =30-D13-D14 -> 20 | E12: 21 | F12: 18 | G12: 21
A13: 4 | B13: 2SÁB | C13: 4 | D13: 4 | E13: 5 | F13: 5 | G13: 4
A14: 4 | B14: 3FES | C14: 6 | D14: 6 | E14: 4 | F14: 7 | G14: 5
A15: 5 | B15: 1ORD | C15: =31-C16-C17 -> 21 | D15: =31-D16-D17 -> 19 | E15: 20 | F15: 21 | G15: 21
A16: 5 | B16: 2SÁB | C16: 5 | D16: 5 | E16: 4 | F16: 4 | G16: 4
A17: 5 | B17: 3FES | C17: 5 | D17: 7 | E17: 7 | F17: 6 | G17: 6
A18: 6 | B18: 1ORD | C18: =30-C19-C20 -> 18 | D18: =30-D19-D20 -> 19 | E18: 21 | F18: 20 | G18: 19
A19: 6 | B19: 2SÁB | C19: 4 | D19: 4 | E19: 4 | F19: 4 | G19: 5
A20: 6 | B20: 3FES | C20: 8 | D20: 7 | E20: 5 | F20: 6 | G20: 6
A21: 7 | B21: 1ORD | C21: =31-C22-C23 -> 23 | D21: =31-D22-D23 -> 22 | E21: 19 | F21: 19 | G21: 20
A22: 7 | B22: 2SÁB | C22: 4 | D22: 4 | E22: 5 | F22: 5 | G22: 4
A23: 7 | B23: 3FES | C23: 4 | D23: 5 | E23: 7 | F23: 7 | G23: 7
A24: 8 | B24: 1ORD | C24: =31-C25-C26 -> 19 | D24: =31-D25-D26 -> 19 | E24: 22 | F24: 21 | G24: 21
A25: 8 | B25: 2SÁB | C25: 5 | D25: 5 | E25: 4 | F25: 4 | G25: 4
A26: 8 | B26: 3FES | C26: 7 | D26: 7 | E26: 5 | F26: 6 | G26: 6
A27: 9 | B27: 1ORD | C27: =30-C28-C29 -> 22 | D27: =30-D28-D29 -> 22 | E27: 22 | F27: 21 | G27: 20
A28: 9 | B28: 2SÁB | C28: 4 | D28: 4 | E28: 4 | F28: 5 | G28: 5
A29: 9 | B29: 3FES | C29: 4 | D29: 4 | E29: 4 | F29: 4 | G29: 5
A30: 10 | B30: 1ORD | C30: =31-C31-C32 -> 22 | D30: =31-D31-D32 -> 21 | E30: 20 | F30: 21 | G30: 22
A31: 10 | B31: 2SÁB | C31: 4 | D31: 5 | E31: 5 | F31: 4 | G31: 4
A32: 10 | B32: 3FES | C32: 5 | D32: 5 | E32: 6 | F32: 6 | G32: 5
A33: 11 | B33: 1ORD | C33: =30-C34-C35 -> 18 | D33: =30-D34-D35 -> 19 | E33: 20 | F33: 20 | G33: 20
A34: 11 | B34: 2SÁB | C34: 5 | D34: 4 | E34: 4 | F34: 4 | G34: 4
A35: 11 | B35: 3FES | C35: 7 | D35: 7 | E35: 6 | F35: 6 | G35: 6
A36: 12 | B36: 1ORD | C36: =31-C37-C38 -> 21 | D36: =31-D37-D38 -> 21 | E36: 21 | F36: 19 | G36: 20
A37: 12 | B37: 2SÁB | C37: 4 | D37: 4 | E37: 5 | F37: 5 | G37: 5
A38: 12 | B38: 3FES | C38: 6 | D38: 6 | E38: 5 | F38: 7 | G38: 6

Sheet curvas típicas de referencia
A2: tipo día | B2: H1 | C2: H2 | D2: H3 | E2: H4 | F2: H5 | G2: H6 | H2: H7 | I2: H8 | J2: H9 | K2: H10 | L2: H11 | M2: H12 | N2: H13 | O2: H14 | P2: H15 | Q2: H16 | R2: H17 | S2: H18 | T2: H19 | U2: H20 | V2: H21 | W2: H22 | X2: H23 | Y2: H24
A3: Habil | B3: 0.027834527 | C3: 0.026682521 | D3: 0.025923893 | E3: 0.025439158 | F3: 0.025556097 | G3: 0.027259445 | H3: 0.032350135 | I3: 0.040455761 | J3: 0.047464293 | K3: 0.051692777 | L3: 0.054607079 | M3: 0.05493643 | N3: 0.052911056 | O3: 0.054485015 | P3: 0.056958239 | Q3: 0.057105703 | R3: 0.054820804 | S3: 0.051080543 | T3: 0.047845564 | U3: 0.044575088 | V3: 0.040435268 | W3: 0.036298963 | X3: 0.032954022 | Y3: 0.030327619
A4: Sabado | B4: 0.031933621 | C4: 0.030285079 | D4: 0.02935318 | E4: 0.028733579 | F4: 0.028654972 | G4: 0.029977253 | H4: 0.034030119 | I4: 0.040020468 | J4: 0.046345254 | K4: 0.051632171 | L4: 0.055400723 | M4: 0.055432951 | N4: 0.052958111 | O4: 0.051848023 | P4: 0.050438564 | Q4: 0.049277928 | R4: 0.047857004 | S4: 0.0471393 | T4: 0.046673457 | U4: 0.044979657 | V4: 0.042158325 | W4: 0.038032949 | X4: 0.03456292 | Y4: 0.032274391
A5: Festivo | B5: 0.0369262 | C5: 0.035565247 | D5: 0.034193693 | E5: 0.033394425 | F5: 0.032854151 | G5: 0.032653619 | H5: 0.033632199 | I5: 0.036341608 | J5: 0.040377423 | K5: 0.043732241 | L5: 0.047238598 | M5: 0.049884901 | N5: 0.050097655 | O5: 0.049054338 | P5: 0.047949351 | Q5: 0.047121269 | R5: 0.046744813 | S5: 0.046327025 | T5: 0.047122858 | U5: 0.046196154 | V5: 0.044346624 | W5: 0.041928399 | X5: 0.039253217 | Y5: 0.037063992
A8: CURVA ACTUALIZADA CON DEMANDAS PROYECCION DEMANDA REGULADA MATRICIAL 2014 (Enero 2014)
