Workbook

Sheet Oferta Producto No. 1
D2: ANEXO No. 1 OFERTAS Y CANTIDADES
C3: OFERTA MERCANTIL IRREVOCABLE A LA EMPRESA DE ENERGIA DE PEREIRA S.A. ESP. INVITACIÓN PARA EL SUMINISTRO DE ENERGÍA ELÉCTRICA CON DESTINO AL MERCADO REGULADO CONVOCATORIA PÚBLICA No. 002-2025 - CP-EEPC2025-002
D4: PRODUCTO No. 1
C6: EMPRESA: XXXXXXXXXXXXXXXXXXXXXXXXXXXXXX
C7: REPRESENTANTE LEGAL: XXXXXXXXXXXXXXXXXXXXXXXXXXXXXX
C8: TIPO DE AGENTE: (COMERCIALIZADOR/GENERADOR)
C9: ="PRODUCTO OFERTADO: "&D4 -> PRODUCTO OFERTADO: PRODUCTO No. 1
C11: Las tarifas ofertadas están referidas en pesos constantes de febrero de 2025 provisional
F13: ="Oferta " & PROPER(D4) -> Oferta Producto No. 1
F14: Periodo | G14: Energía requerida (MWh-año) | H14: Energía ofertada (%) | I14: Energía ofertada (MWh-año) | J14: Tarifa monomia ($/kWh)
B15: 30 | E15: 46023 | F15: año 2026 | G15: =+SUMIFS('Cantidades Producto No. 1'!$Z$360:$Z$443,'Cantidades Producto No. 1'!$A$360:$A$443,">="&'Oferta Producto No. 1'!E15,'Cantidades Producto No. 1'!$A$360:$A$443,"<="&DATE(YEAR('Oferta Producto No. 1'!E15)+1,MONTH('Oferta Producto No. 1'!E15),1-1)) -> 113868.15
B16: 31 | E16: =+DATE(YEAR(E15)+1,MONTH(E15),1) -> 46388 | F16: año 2027 | G16: =+SUMIFS('Cantidades Producto No. 1'!$Z$360:$Z$443,'Cantidades Producto No. 1'!$A$360:$A$443,">="&'Oferta Producto No. 1'!E16,'Cantidades Producto No. 1'!$A$360:$A$443,"<="&DATE(YEAR('Oferta Producto No. 1'!E16)+1,MONTH('Oferta Producto No. 1'!E16),1-1)) -> 68574.891
B17: 31 | E17: =+DATE(YEAR(E16)+1,MONTH(E16),1) -> 46753 | F17: año 2028 | G17: =+SUMIFS('Cantidades Producto No. 1'!$Z$360:$Z$443,'Cantidades Producto No. 1'!$A$360:$A$443,">="&'Oferta Producto No. 1'!E17,'Cantidades Producto No. 1'!$A$360:$A$443,"<="&DATE(YEAR('Oferta Producto No. 1'!E17)+1,MONTH('Oferta Producto No. 1'!E17),1-1)) -> 69880.214
E18: =+DATE(YEAR(E17)+1,MONTH(E17),1) -> 47119 | F18: año 2029 | G18: =+SUMIFS('Cantidades Producto No. 1'!$Z$360:$Z$443,'Cantidades Producto No. 1'!$A$360:$A$443,">="&'Oferta Producto No. 1'!E18,'Cantidades Producto No. 1'!$A$360:$A$443,"<="&DATE(YEAR('Oferta Producto No. 1'!E18)+1,MONTH('Oferta Producto No. 1'!E18),1-1)) -> 66964.333
E19: =+DATE(YEAR(E18)+1,MONTH(E18),1) -> 47484 | F19: año 2030 | G19: =+SUMIFS('Cantidades Producto No. 1'!$Z$360:$Z$443,'Cantidades Producto No. 1'!$A$360:$A$443,">="&'Oferta Producto No. 1'!E19,'Cantidades Producto No. 1'!$A$360:$A$443,"<="&DATE(YEAR('Oferta Producto No. 1'!E19)+1,MONTH('Oferta Producto No. 1'!E19),1-1)) -> 68238.623
E20: =+DATE(YEAR(E19)+1,MONTH(E19),1) -> 47849 | F20: año 2031 | G20: =+SUMIFS('Cantidades Producto No. 1'!$Z$360:$Z$443,'Cantidades Producto No. 1'!$A$360:$A$443,">="&'Oferta Producto No. 1'!E20,'Cantidades Producto No. 1'!$A$360:$A$443,"<="&DATE(YEAR('Oferta Producto No. 1'!E20)+1,MONTH('Oferta Producto No. 1'!E20),1-1)) -> 69434.194
E21: =+DATE(YEAR(E20)+1,MONTH(E20),1) -> 48214 | F21: año 2032 | G21: =+SUMIFS('Cantidades Producto No. 1'!$Z$360:$Z$443,'Cantidades Producto No. 1'!$A$360:$A$443,">="&'Oferta Producto No. 1'!E21,'Cantidades Producto No. 1'!$A$360:$A$443,"<="&DATE(YEAR('Oferta Producto No. 1'!E21)+1,MONTH('Oferta Producto No. 1'!E21),1-1)) -> 70899.731
F22: TOTAL | G22: =SUM(G15:G21) -> 527860.13
B24: Notas
B26: (1) Oferta válida para la modalidad Pague lo Contratado.
B27: ="(2) Las cantidades se distribuyen de acuerdo a la curva del Anexo 1. Ofertas y Cantidades "& D4 &" de los Pliegos de Condiciones definitivos" -> (2) Las cantidades se distribuyen de acuerdo a la curva del Anexo 1. Ofertas y Cantidades PRODUCTO No. 1 de los Pliegos de Condiciones definitivos
B28: (3) La cantidad de energía es equivalente a un porcentaje de las cantidades de energía requerida por la Empresa de Energía de Pereira S.A. ESP. (para todo el año/para cada mes), de acuerdo con el Anexo No.1 Ofertas y Cantidades PRODUCTO No. 1 de los Pliegos definitivos, que se aplicarán para todas las 24 horas del día de la curva establecida en dicho Anexo, presentando una tarifa para cada año sin ningún tipo de discriminación por mes, ni tipo de carga ni tipo de día.
B29: (4) Esta oferta NO presenta restricciones tales como adjudicación mínima o total u otras que no permitan la evaluación objetiva e integral del producto ofertado.
B30: (5) Los precios ofertados incluyen todos los pagos, cargos, impuestos, estampillas, etc., que el Proponente deba realizar ante cualquier entidad gubernamental, o empresa pública, privada o mixta para entregar la energía en la frontera con el Sistema de Transmisión Nacional – STN.
B31: (6) Las cantidades ofertadas están sujetas a la adjudicación en la misma proporción respecto a las cantidades ofertadas para todos y cada uno de los meses del año. Es decir, si la Empresa de Energía de Pereira decide adjudicar, por ejemplo, el 50% de lo ofertado en cualesquiera de los meses de alguno de los años, ese mismo porcentaje debe ser adjudicado en el resto de cada uno de los meses de ese año

Sheet Cantidades Producto No. 1
A2: EMPRESA DE ENERGÍA DE PEREIRA S.A. E.S.P.
A3: PRODUCTO No. 1
A5: DEMANDA DIARIA ESTIMADA DÍA HABIL [MWh]
A7: MES | B7: H1 | C7: H2 | D7: H3 | E7: H4 | F7: H5 | G7: H6 | H7: H7 | I7: H8 | J7: H9 | K7: H10 | L7: H11 | M7: H12 | N7: H13 | O7: H14 | P7: H15 | Q7: H16 | R7: H17 | S7: H18 | T7: H19 | U7: H20 | V7: H21 | W7: H22 | X7: H23 | Y7: H24 | Z7: TOTAL | AA7: Días
A8: 46023 | B8: 8.249076 | C8: 6.973318 | D8: 6.285895 | E8: 6.038175 | F8: 6.477878 | G8: 7.982777 | H8: 10.565258 | I8: 9.332851 | J8: 12.020613 | K8: 14.05811 | L8: 16.021291 | M8: 17.842033 | N8: 17.823454 | O8: 17.458067 | P8: 17.83584 | Q8: 17.736752 | R8: 17.142224 | S8: 20.455479 | T8: 21.050007 | U8: 21.756009 | V8: 20.4369 | W8: 18.343666 | X8: 15.092341 | Y8: 11.450857 | Z8: =SUM(B8:Y8) -> 338.42887 | AA8: 20 | AB8: =+Z8*AA8 -> 6768.5774 | AD8: HABIL
A9: 46054 | B9: 7.908461 | C9: 6.768949 | D9: 6.143456 | E9: 5.957666 | F9: 6.601738 | G9: 9.072745 | H9: 11.921525 | I9: 10.292766 | J9: 12.547018 | K9: 14.330602 | L9: 16.16373 | M9: 17.798682 | N9: 17.21654 | O9: 17.123645 | P9: 17.761524 | Q9: 17.817261 | R9: 17.272277 | S9: 19.811407 | T9: 19.712319 | U9: 20.839445 | V9: 19.885723 | W9: 17.798682 | X9: 14.435883 | Y9: 10.887294 | Z9: =SUM(B9:Y9) -> 336.06934 | AA9: 20 | AB9: =+Z9*AA9 -> 6721.3868 | AD9: HABIL
A10: 46082 | B10: 7.871303 | C10: 6.725598 | D10: 6.155842 | E10: 5.926701 | F10: 6.601738 | G10: 9.097517 | H10: 11.859595 | I10: 10.478556 | J10: 12.788545 | K10: 14.479234 | L10: 16.368099 | M10: 17.947314 | N10: 17.557155 | O10: 17.253698 | P10: 17.77391 | Q10: 17.656243 | R10: 17.204154 | S10: 20.275882 | T10: 20.37497 | U10: 21.576412 | V10: 20.232531 | W10: 18.064981 | X10: 14.652638 | Y10: 11.035926 | Z10: =SUM(B10:Y10) -> 339.95854 | AA10: 21 | AB10: =+Z10*AA10 -> 7139.1294 | AD10: HABIL
A11: 46113 | B11: 7.827952 | C11: 6.638896 | D11: 6.06914 | E11: 5.852385 | F11: 6.521229 | G11: 8.713551 | H11: 11.512787 | I11: 10.40424 | J11: 12.503667 | K11: 14.757919 | L11: 16.460994 | M11: 18.009244 | N11: 17.656243 | O11: 17.09268 | P11: 17.067908 | Q11: 17.142224 | R11: 16.758258 | S11: 20.25111 | T11: 20.789901 | U11: 21.464938 | V11: 20.052934 | W11: 17.848226 | X11: 14.479234 | Y11: 11.029733 | Z11: =SUM(B11:Y11) -> 336.90539 | AA11: 20 | AB11: =+Z11*AA11 -> 6738.1079 | AD11: HABIL
A12: 46143 | B12: 7.821759 | C12: 6.657475 | D12: 6.056754 | E12: 5.809034 | F12: 6.50265 | G12: 8.533954 | H12: 11.556138 | I12: 10.317538 | J12: 12.769966 | K12: 14.658831 | L12: 16.584854 | M12: 18.306508 | N12: 17.848226 | O12: 17.3404 | P12: 17.637664 | Q12: 17.458067 | R12: 16.702521 | S12: 20.344005 | T12: 20.833252 | U12: 21.384429 | V12: 19.978618 | W12: 17.600506 | X12: 14.151005 | Y12: 10.763434 | Z12: =SUM(B12:Y12) -> 337.61759 | AA12: 19 | AB12: =+Z12*AA12 -> 6414.7342 | AD12: HABIL
A13: 46174 | B13: 7.710285 | C13: 6.515036 | D13: 5.827613 | E13: 5.586086 | F13: 6.261123 | G13: 8.081865 | H13: 11.289839 | I13: 10.360889 | J13: 12.838089 | K13: 14.733147 | L13: 16.460994 | M13: 18.182648 | N13: 17.89777 | O13: 17.247505 | P13: 17.309435 | Q13: 17.160803 | R13: 16.7211 | S13: 20.238724 | T13: 20.653655 | U13: 21.786974 | V13: 20.337812 | W13: 17.860612 | X13: 14.206742 | Y13: 10.788206 | Z13: =SUM(B13:Y13) -> 336.05695 | AA13: 19 | AB13: =+Z13*AA13 -> 6385.0821 | AD13: HABIL
A14: 46204 | B14: 7.481144 | C14: 6.44072 | D14: 5.765683 | E14: 5.542735 | F14: 6.205386 | G14: 8.168567 | H14: 11.060698 | I14: 10.088397 | J14: 12.646106 | K14: 14.627866 | L14: 16.355713 | M14: 18.170262 | N14: 17.736752 | O14: 17.191768 | P14: 17.458067 | Q14: 17.544769 | R14: 17.160803 | S14: 20.288268 | T14: 20.170601 | U14: 21.61357 | V14: 20.170601 | W14: 17.742945 | X14: 14.045724 | Y14: 10.918259 | Z14: =SUM(B14:Y14) -> 334.5954 | AA14: 22 | AB14: =+Z14*AA14 -> 7361.0989 | AD14: HABIL
A15: 46235 | B15: 7.778408 | C15: 6.614124 | D15: 5.994824 | E15: 5.778069 | F15: 6.465492 | G15: 8.719744 | H15: 11.58091 | I15: 10.459977 | J15: 12.918598 | K15: 14.733147 | L15: 16.739679 | M15: 18.51707 | N15: 18.08356 | O15: 17.643857 | P15: 17.903963 | Q15: 17.77391 | R15: 17.352786 | S15: 20.505023 | T15: 20.635076 | U15: 21.725044 | V15: 20.195373 | W15: 17.767717 | X15: 14.002373 | Y15: 10.862522 | Z15: =SUM(B15:Y15) -> 340.75125 | AA15: 19 | AB15: =+Z15*AA15 -> 6474.2737 | AD15: HABIL
A16: 46266 | B16: 7.61739 | C16: 6.446913 | D16: 5.846192 | E16: 5.648016 | F16: 6.37879 | G16: 8.577305 | H16: 11.531366 | I16: 10.298959 | J16: 12.07635 | K16: 14.107654 | L16: 16.368099 | M16: 18.040209 | N16: 17.563348 | O16: 17.111259 | P16: 17.507611 | Q16: 17.445681 | R16: 16.944048 | S16: 20.294461 | T16: 21.155288 | U16: 21.149095 | V16: 19.582266 | W16: 17.228926 | X16: 13.6246 | Y16: 10.484749 | Z16: =SUM(B16:Y16) -> 333.02857 | AA16: 22 | AB16: =+Z16*AA16 -> 7326.6286 | AD16: HABIL
A17: 46296 | B17: 7.443986 | C17: 6.261123 | D17: 5.703753 | E17: 5.530349 | F17: 6.056754 | G17: 7.276775 | H17: 10.453784 | I17: 9.803519 | J17: 12.565597 | K17: 14.708375 | L17: 16.7211 | M17: 18.343666 | N17: 17.984472 | O17: 17.544769 | P17: 17.804875 | Q17: 17.489032 | R17: 17.03075 | S17: 20.851831 | T17: 21.706465 | U17: 20.888989 | V17: 19.371704 | W17: 17.03075 | X17: 13.742267 | Y17: 10.620995 | Z17: =SUM(B17:Y17) -> 332.93568 | AA17: 21 | AB17: =+Z17*AA17 -> 6991.6493 | AD17: HABIL
A18: 46327 | B18: 7.772215 | C18: 6.576966 | D18: 5.939087 | E18: 5.728525 | F18: 6.267316 | G18: 7.772215 | H18: 10.806785 | I18: 10.199871 | J18: 12.769966 | K18: 14.621673 | L18: 16.436222 | M18: 18.102139 | N18: 17.872998 | O18: 17.451874 | P18: 17.984472 | Q18: 17.77391 | R18: 17.321821 | S18: 21.403008 | T18: 22.028501 | U18: 21.322499 | V18: 19.848565 | W18: 17.495225 | X18: 14.089075 | Y18: 10.862522 | Z18: =SUM(B18:Y18) -> 338.44745 | AA18: 19 | AB18: =+Z18*AA18 -> 6430.5015 | AD18: HABIL
A19: 46357 | B19: 8.633042 | C19: 7.214845 | D19: 6.465492 | E19: 6.143456 | F19: 6.533615 | G19: 7.759829 | H19: 10.521907 | I19: 9.952151 | J19: 12.769966 | K19: 14.627866 | L19: 16.417643 | M19: 17.996858 | N19: 18.034016 | O19: 17.730559 | P19: 17.972086 | Q19: 17.761524 | R19: 17.142224 | S19: 20.492637 | T19: 21.638342 | U19: 21.545447 | V19: 20.12725 | W19: 18.170262 | X19: 15.228587 | Y19: 12.13828 | Z19: =SUM(B19:Y19) -> 343.01788 | AA19: 21 | AB19: =+Z19*AA19 -> 7203.3756 | AD19: HABIL
... A91: 48549 | B91: 6.174421 | C91: 5.685174 | D91: 5.431261 | E91: 5.32598 | F91: 5.462226 | G91: 5.889543 | H91: 6.731791 | I91: 7.691706 | J91: 8.682586 | K91: 9.345237 | L91: 9.97073 | M91: 10.497135 | N91: 10.459977 | O91: 10.34231 | P91: 10.441398 | Q91: 10.373275 | R91: 10.162713 | S91: 9.995502 | T91: 10.546679 | U91: 10.5281 | V91: 10.038853 | W91: 9.345237 | X91: 8.29862 | Y91: 7.196266 | Z91: =SUM(B91:Y91) -> 204.61672 | AA91: 22 | AB91: =+Z91*AA91 -> 4501.5678 | AD91: HABIL
A93: DEMANDA DIARIA ESTIMADA DÍA SABADO [MWh]
A95: MES | B95: H1 | C95: H2 | D95: H3 | E95: H4 | F95: H5 | G95: H6 | H95: H7 | I95: H8 | J95: H9 | K95: H10 | L95: H11 | M95: H12 | N95: H13 | O95: H14 | P95: H15 | Q95: H16 | R95: H17 | S95: H18 | T95: H19 | U95: H20 | V95: H21 | W95: H22 | X95: H23 | Y95: H24 | Z95: TOTAL | AA95: Días
A96: =+A8 -> 46023 | B96: 8.434866 | C96: 7.084792 | D96: 6.285895 | E96: 5.852385 | F96: 6.001017 | G96: 6.8123 | H96: 8.756902 | I96: 7.598811 | J96: 10.435205 | K96: 12.893826 | L96: 14.547357 | M96: 15.946975 | N96: 16.138958 | O96: 15.284324 | P96: 14.565936 | Q96: 14.268672 | R96: 13.760846 | S96: 18.009244 | T96: 19.185914 | U96: 19.712319 | V96: 18.343666 | W96: 16.442415 | X96: 13.940443 | Y96: 11.364155 | Z96: =SUM(B96:Y96) -> 301.66722 | AA96: 5 | AB96: =+Z96*AA96 -> 1508.3361 | AD96: SABADOS
A97: =+A9 -> 46054 | B97: 8.001356 | C97: 6.775142 | D97: 6.081526 | E97: 5.722332 | F97: 5.914315 | G97: 7.004283 | H97: 9.283307 | I97: 8.211918 | J97: 10.96161 | K97: 12.992914 | L97: 14.61548 | M97: 15.637325 | N97: 15.612553 | O97: 15.04899 | P97: 14.559743 | Q97: 14.268672 | R97: 13.946636 | S97: 17.612892 | T97: 18.157876 | U97: 19.44602 | V97: 18.219806 | W97: 16.491959 | X97: 13.977601 | Y97: 11.475629 | Z97: =SUM(B97:Y97) -> 300.01988 | AA97: 4 | AB97: =+Z97*AA97 -> 1200.0795 | AD97: SABADOS
A98: =+A10 -> 46082 | B98: 8.007549 | C98: 6.719405 | D98: 6.00721 | E98: 5.63563 | F98: 5.957666 | G98: 7.022862 | H98: 9.060359 | I98: 8.242883 | J98: 11.153593 | K98: 13.06723 | L98: 14.67741 | M98: 16.151344 | N98: 16.095607 | O98: 15.11092 | P98: 14.442076 | Q98: 14.101461 | R98: 13.74846 | S98: 17.9597 | T98: 18.405596 | U98: 19.043475 | V98: 17.77391 | W98: 16.064642 | X98: 13.537898 | Y98: 11.02354 | Z98: =SUM(B98:Y98) -> 299.01043 | AA98: 4 | AB98: =+Z98*AA98 -> 1196.0417 | AD98: SABADOS
A99: =+A11 -> 46113 | B99: 8.119023 | C99: 6.762756 | D99: 5.982438 | E99: 5.592279 | F99: 5.796648 | G99: 6.360211 | H99: 8.725937 | I99: 8.057093 | J99: 10.831557 | K99: 12.980528 | L99: 14.596901 | M99: 15.885045 | N99: 15.984133 | O99: 14.949902 | P99: 14.386339 | Q99: 14.064303 | R99: 13.494547 | S99: 17.631471 | T99: 18.585193 | U99: 19.315967 | V99: 18.046402 | W99: 16.231853 | X99: 13.822776 | Y99: 11.320804 | Z99: =SUM(B99:Y99) -> 297.52411 | AA99: 4 | AB99: =+Z99*AA99 -> 1190.0964 | AD99: SABADOS
A100: =+A12 -> 46143 | B100: 7.815566 | C100: 6.614124 | D100: 5.901929 | E100: 5.548928 | F100: 5.827613 | G100: 6.44072 | H100: 9.122289 | I100: 8.521568 | J100: 11.39512 | K100: 13.742267 | L100: 15.23478 | M100: 16.442415 | N100: 16.169923 | O100: 14.98706 | P100: 14.479234 | Q100: 14.113847 | R100: 13.593635 | S100: 17.842033 | T100: 18.876264 | U100: 19.650389 | V100: 18.219806 | W100: 16.386678 | X100: 13.847548 | Y100: 11.258874 | Z100: =SUM(B100:Y100) -> 302.03261 | AA100: 5 | AB100: =+Z100*AA100 -> 1510.163 | AD100: SABADOS
A101: =+A13 -> 46174 | B101: 7.809373 | C101: 6.521229 | D101: 5.796648 | E101: 5.462226 | F101: 5.728525 | G101: 6.570773 | H101: 8.812639 | I101: 8.162374 | J101: 11.060698 | K101: 13.352108 | L101: 14.795077 | M101: 16.169923 | N101: 16.306169 | O101: 15.432956 | P101: 14.609287 | Q101: 13.989987 | R101: 13.457389 | S101: 17.637664 | T101: 18.665702 | U101: 19.433634 | V101: 18.003051 | W101: 16.064642 | X101: 13.401652 | Y101: 10.695311 | Z101: =SUM(B101:Y101) -> 297.93904 | AA101: 4 | AB101: =+Z101*AA101 -> 1191.7561 | AD101: SABADOS
A102: =+A14 -> 46204 | B102: 8.026128 | C102: 6.651282 | D102: 5.75949 | E102: 5.431261 | F102: 5.660402 | G102: 6.223965 | H102: 8.595884 | I102: 7.846531 | J102: 10.918259 | K102: 13.265406 | L102: 14.795077 | M102: 16.200888 | N102: 16.361906 | O102: 15.377219 | P102: 14.448269 | Q102: 13.711302 | R102: 13.25302 | S102: 17.433295 | T102: 18.009244 | U102: 19.433634 | V102: 17.996858 | W102: 16.219467 | X102: 13.742267 | Y102: 11.128821 | Z102: =SUM(B102:Y102) -> 296.48987 | AA102: 4 | AB102: =+Z102*AA102 -> 1185.9595 | AD102: SABADOS
A103: =+A15 -> 46235 | B103: 8.255269 | C103: 6.960932 | D103: 6.168228 | E103: 5.75949 | F103: 6.038175 | G103: 6.8123 | H103: 9.252342 | I103: 8.403901 | J103: 11.265067 | K103: 13.494547 | L103: 15.061376 | M103: 16.392871 | N103: 16.405257 | O103: 15.377219 | P103: 14.55355 | Q103: 13.804197 | R103: 13.25302 | S103: 17.235119 | T103: 18.095946 | U103: 19.148756 | V103: 17.792489 | W103: 16.052256 | X103: 13.606021 | Y103: 10.986382 | Z103: =SUM(B103:Y103) -> 300.17471 | AA103: 5 | AB103: =+Z103*AA103 -> 1500.8735 | AD103: SABADOS
A104: =+A16 -> 46266 | B104: 7.67932 | C104: 6.453106 | D104: 5.734718 | E104: 5.319787 | F104: 5.604665 | G104: 6.329246 | H104: 8.775481 | I104: 8.354357 | J104: 11.20933 | K104: 13.25302 | L104: 14.98706 | M104: 16.361906 | N104: 15.761185 | O104: 15.278131 | P104: 14.330602 | Q104: 13.853741 | R104: 13.222055 | S104: 18.009244 | T104: 19.204493 | U104: 18.938194 | V104: 17.458067 | W104: 15.563009 | X104: 12.980528 | Y104: 10.472363 | Z104: =SUM(B104:Y104) -> 295.13361 | AA104: 4 | AB104: =+Z104*AA104 -> 1180.5344 | AD104: SABADOS
A105: =+A17 -> 46296 | B105: 7.821759 | C105: 6.533615 | D105: 5.809034 | E105: 5.51177 | F105: 5.784262 | G105: 6.155842 | H105: 8.73213 | I105: 8.193339 | J105: 11.172172 | K105: 13.259213 | L105: 14.881779 | M105: 16.238046 | N105: 16.213274 | O105: 15.35864 | P105: 14.683603 | Q105: 14.05811 | R105: 13.426424 | S105: 18.064981 | T105: 19.495564 | U105: 18.870071 | V105: 17.15461 | W105: 15.408184 | X105: 13.160125 | Y105: 10.670539 | Z105: =SUM(B105:Y105) -> 296.65709 | AA105: 5 | AB105: =+Z105*AA105 -> 1483.2854 | AD105: SABADOS
A106: =+A18 -> 46327 | B106: 7.945619 | C106: 6.645089 | D106: 5.914315 | E106: 5.517963 | F106: 5.790455 | G106: 6.25493 | H106: 8.843604 | I106: 8.490603 | J106: 11.357962 | K106: 13.432617 | L106: 15.141885 | M106: 16.615819 | N106: 16.53531 | O106: 15.488693 | P106: 14.702182 | Q106: 14.361567 | R106: 13.921864 | S106: 18.126911 | T106: 19.898109 | U106: 19.501757 | V106: 17.953507 | W106: 16.28759 | X106: 13.717495 | Y106: 11.110242 | Z106: =SUM(B106:Y106) -> 303.55609 | AA106: 4 | AB106: =+Z106*AA106 -> 1214.2244 | AD106: SABADOS
A107: =+A19 -> 46357 | B107: 8.756902 | C107: 7.30774 | D107: 6.471685 | E107: 6.025789 | F107: 6.285895 | G107: 6.923774 | H107: 9.376202 | I107: 8.800253 | J107: 11.791472 | K107: 13.897092 | L107: 15.538237 | M107: 16.981206 | N107: 16.937855 | O107: 15.816922 | P107: 14.819849 | Q107: 14.312023 | R107: 14.089075 | S107: 18.529456 | T107: 19.984811 | U107: 19.774249 | V107: 18.312701 | W107: 16.467187 | X107: 13.99618 | Y107: 11.481822 | Z107: =SUM(B107:Y107) -> 312.67838 | AA107: 4 | AB107: =+Z107*AA107 -> 1250.7135 | AD107: SABADOS
... A179: =+A91 -> 48549 | B179: 6.279702 | C179: 5.778069 | D179: 5.486998 | E179: 5.338366 | F179: 5.418875 | G179: 5.648016 | H179: 6.360211 | I179: 7.301547 | J179: 8.335778 | K179: 9.085131 | L179: 9.654887 | M179: 10.131748 | N179: 10.09459 | O179: 9.710624 | P179: 9.370009 | Q179: 9.196605 | R179: 9.097517 | S179: 9.277114 | T179: 10.001695 | U179: 9.989309 | V179: 9.506255 | W179: 8.874569 | X179: 7.98897 | Y179: 7.078599 | Z179: =SUM(B179:Y179) -> 195.00518 | AA179: 3 | AB179: =+Z179*AA179 -> 585.01555 | AD179: SABADOS
A181: DEMANDA DIARIA ESTIMADA DÍA DOMINGO Y FESTIVO DIFERENTE A LUNES [MWh]
A183: MES | B183: H1 | C183: H2 | D183: H3 | E183: H4 | F183: H5 | G183: H6 | H183: H7 | I183: H8 | J183: H9 | K183: H10 | L183: H11 | M183: H12 | N183: H13 | O183: H14 | P183: H15 | Q183: H16 | R183: H17 | S183: H18 | T183: H19 | U183: H20 | V183: H21 | W183: H22 | X183: H23 | Y183: H24 | Z183: TOTAL | AA183: Días
A184: =+A96 -> 46023 | B184: 8.577305 | C184: 7.252003 | D184: 6.149649 | E184: 5.716139 | F184: 5.44984 | G184: 5.548928 | H184: 6.25493 | I184: 3.480466 | J184: 5.084453 | K184: 6.818493 | L184: 8.292427 | M184: 9.642501 | N184: 10.571451 | O184: 10.670539 | P184: 10.255608 | Q184: 10.038853 | R184: 9.958344 | S184: 14.200549 | T184: 15.575395 | U184: 17.15461 | V184: 16.696328 | W184: 15.079955 | X184: 12.689457 | Y184: 10.286573 | Z184: =SUM(B184:Y184) -> 231.4448 | AA184: 5 | AB184: =+Z184*AA184 -> 1157.224 | AD184: DOMINGOS Y FESTIVOS
A185: =+A97 -> 46054 | B185: 8.261462 | C185: 6.917581 | D185: 5.957666 | E185: 5.437454 | F185: 5.369331 | G185: 5.734718 | H185: 6.768949 | I185: 4.502311 | J185: 6.459299 | K185: 8.317199 | L185: 9.450518 | M185: 10.664346 | N185: 11.246488 | O185: 10.96161 | P185: 10.267994 | Q185: 9.815905 | R185: 9.53722 | S185: 13.649372 | T185: 14.355374 | U185: 16.770644 | V185: 16.219467 | W185: 14.404918 | X185: 11.549945 | Y185: 8.756902 | Z185: =SUM(B185:Y185) -> 231.37667 | AA185: 4 | AB185: =+Z185*AA185 -> 925.50669 | AD185: DOMINGOS Y FESTIVOS
A186: =+A98 -> 46082 | B186: 8.019935 | C186: 6.68844 | D186: 5.870964 | E186: 5.394103 | F186: 5.245471 | G186: 5.666595 | H186: 6.638896 | I186: 4.452767 | J186: 6.261123 | K186: 7.976584 | L186: 9.072745 | M186: 10.113169 | N186: 10.918259 | O186: 10.868715 | P186: 10.15652 | Q186: 9.834484 | R186: 9.834484 | S186: 14.417304 | T186: 15.612553 | U186: 17.111259 | V186: 16.262818 | W186: 14.404918 | X186: 11.816244 | Y186: 9.134675 | Z186: =SUM(B186:Y186) -> 231.77302 | AA186: 5 | AB186: =+Z186*AA186 -> 1158.8651 | AD186: DOMINGOS Y FESTIVOS
A187: =+A99 -> 46113 | B187: 7.704092 | C187: 6.31686 | D187: 5.462226 | E187: 5.003944 | F187: 4.991558 | G187: 5.010137 | H187: 6.118684 | I187: 4.322714 | J187: 6.223965 | K187: 8.044707 | L187: 9.444325 | M187: 10.856329 | N187: 11.537559 | O187: 11.184558 | P187: 10.812978 | Q187: 9.958344 | R187: 9.766361 | S187: 14.411111 | T187: 15.532044 | U187: 16.59724 | V187: 15.885045 | W187: 14.188163 | X187: 11.673805 | Y187: 9.270921 | Z187: =SUM(B187:Y187) -> 230.31767 | AA187: 6 | AB187: =+Z187*AA187 -> 1381.906 | AD187: DOMINGOS Y FESTIVOS
A188: =+A100 -> 46143 | B188: 7.834145 | C188: 6.446913 | D188: 5.654209 | E188: 5.103032 | F188: 4.960593 | G188: 4.626171 | H188: 6.354018 | I188: 4.576627 | J188: 6.583159 | K188: 8.639235 | L188: 9.989309 | M188: 11.02354 | N188: 11.203137 | O188: 11.073084 | P188: 10.020274 | Q188: 10.15652 | R188: 10.09459 | S188: 14.534971 | T188: 15.569202 | U188: 17.15461 | V188: 16.547696 | W188: 14.764112 | X188: 11.983455 | Y188: 9.326658 | Z188: =SUM(B188:Y188) -> 234.21926 | AA188: 6 | AB188: =+Z188*AA188 -> 1405.3156 | AD188: DOMINGOS Y FESTIVOS
A189: =+A101 -> 46174 | B189: 7.443986 | C189: 6.056754 | D189: 5.288822 | E189: 4.787189 | F189: 4.750031 | G189: 4.83054 | H189: 6.168228 | I189: 4.421802 | J189: 6.409755 | K189: 8.348164 | L189: 9.444325 | M189: 10.410433 | N189: 11.011154 | O189: 10.980189 | P189: 10.348503 | Q189: 9.853063 | R189: 9.574378 | S189: 13.841355 | T189: 14.788884 | U189: 16.826381 | V189: 16.169923 | W189: 14.373953 | X189: 11.884367 | Y189: 9.22757 | Z189: =SUM(B189:Y189) -> 227.23975 | AA189: 4 | AB189: =+Z189*AA189 -> 908.959 | AD189: DOMINGOS Y FESTIVOS
A190: =+A102 -> 46204 | B190: 7.74125 | C190: 6.453106 | D190: 5.641823 | E190: 5.109225 | F190: 5.047295 | G190: 5.059681 | H190: 6.186807 | I190: 4.415609 | J190: 6.409755 | K190: 8.29862 | L190: 9.487676 | M190: 10.825364 | N190: 11.339383 | O190: 10.89968 | P190: 10.286573 | Q190: 9.884028 | R190: 9.871642 | S190: 14.095268 | T190: 14.702182 | U190: 16.745872 | V190: 16.188502 | W190: 14.398725 | X190: 11.785279 | Y190: 9.140868 | Z190: =SUM(B190:Y190) -> 230.01421 | AA190: 4 | AB190: =+Z190*AA190 -> 920.05685 | AD190: DOMINGOS Y FESTIVOS
A191: =+A103 -> 46235 | B191: 7.958005 | C191: 6.614124 | D191: 5.827613 | E191: 5.350752 | F191: 5.251664 | G191: 5.270243 | H191: 6.162035 | I191: 4.297942 | J191: 6.347825 | K191: 8.255269 | L191: 9.692045 | M191: 10.887294 | N191: 11.574717 | O191: 11.469436 | P191: 10.850136 | Q191: 10.40424 | R191: 9.952151 | S191: 14.132426 | T191: 15.179043 | U191: 17.055522 | V191: 16.485766 | W191: 14.652638 | X191: 11.915332 | Y191: 9.258535 | Z191: =SUM(B191:Y191) -> 234.84475 | AA191: 6 | AB191: =+Z191*AA191 -> 1409.0685 | AD191: DOMINGOS Y FESTIVOS
A192: =+A104 -> 46266 | B192: 7.549267 | C192: 6.310667 | D192: 5.530349 | E192: 4.972979 | F192: 4.886277 | G192: 4.780996 | H192: 5.926701 | I192: 4.242205 | J192: 6.217772 | K192: 8.094251 | L192: 9.376202 | M192: 10.726276 | N192: 11.326997 | O192: 11.135014 | P192: 10.360889 | Q192: 9.939765 | R192: 9.822098 | S192: 14.020952 | T192: 15.773571 | U192: 16.882118 | V192: 16.182309 | W192: 14.293444 | X192: 11.432278 | Y192: 8.701165 | Z192: =SUM(B192:Y192) -> 228.48454 | AA192: 4 | AB192: =+Z192*AA192 -> 913.93817 | AD192: DOMINGOS Y FESTIVOS
A193: =+A105 -> 46296 | B193: 7.456372 | C193: 6.13107 | D193: 5.381717 | E193: 4.935821 | F193: 4.836733 | G193: 4.496118 | H193: 5.734718 | I193: 4.019257 | J193: 6.087719 | K193: 7.908461 | L193: 9.35143 | M193: 10.676732 | N193: 11.308418 | O193: 11.02354 | P193: 10.435205 | Q193: 9.97073 | R193: 9.766361 | S193: 14.342988 | T193: 16.126572 | U193: 16.176116 | V193: 15.581588 | W193: 14.089075 | X193: 11.791472 | Y193: 9.233763 | Z193: =SUM(B193:Y193) -> 226.86198 | AA193: 4 | AB193: =+Z193*AA193 -> 907.4479 | AD193: DOMINGOS Y FESTIVOS
A194: =+A106 -> 46327 | B194: 7.834145 | C194: 6.558387 | D194: 5.672788 | E194: 5.109225 | F194: 5.022523 | G194: 4.700487 | H194: 5.88335 | I194: 4.099766 | J194: 6.193 | K194: 7.951812 | L194: 9.332851 | M194: 10.850136 | N194: 11.692384 | O194: 11.469436 | P194: 10.83775 | Q194: 10.571451 | R194: 10.348503 | S194: 14.900358 | T194: 16.832574 | U194: 16.857346 | V194: 16.083221 | W194: 14.398725 | X194: 11.878174 | Y194: 9.2895 | Z194: =SUM(B194:Y194) -> 234.36789 | AA194: 5 | AB194: =+Z194*AA194 -> 1171.8395 | AD194: DOMINGOS Y FESTIVOS
A195: =+A107 -> 46357 | B195: 8.719744 | C195: 7.332512 | D195: 6.422141 | E195: 5.790455 | F195: 5.586086 | G195: 5.617051 | H195: 6.434527 | I195: 4.366065 | J195: 6.038175 | K195: 8.057093 | L195: 9.735396 | M195: 11.08547 | N195: 11.964876 | O195: 12.020613 | P195: 11.351769 | Q195: 10.893487 | R195: 10.515714 | S195: 14.900358 | T195: 16.801609 | U195: 16.90689 | V195: 16.120379 | W195: 14.764112 | X195: 12.608948 | Y195: 10.106976 | Z195: =SUM(B195:Y195) -> 244.14045 | AA195: 6 | AB195: =+Z195*AA195 -> 1464.8427 | AD195: DOMINGOS Y FESTIVOS
... A267: =+A179 -> 48549 | B267: 6.341632 | C267: 5.852385 | D267: 5.530349 | E267: 5.313594 | F267: 5.245471 | G267: 5.251664 | H267: 5.437454 | I267: 5.895736 | J267: 6.508843 | K267: 7.208652 | L267: 7.790794 | M267: 8.249076 | N267: 8.533954 | O267: 8.521568 | P267: 8.273848 | Q267: 8.106637 | R267: 7.976584 | S267: 8.137602 | T267: 8.948885 | U267: 9.109903 | V267: 8.85599 | W267: 8.354357 | X267: 7.536881 | Y267: 6.620317 | Z267: =SUM(B267:Y267) -> 173.60218 | AA267: 6 | AB267: =+Z267*AA267 -> 1041.6131 | AD267: DOMINGOS Y FESTIVOS
A269: DEMANDA DIARIA ESTIMADA DÍA LUNES FESTIVO [MWh]
A271: MES | B271: H1 | C271: H2 | D271: H3 | E271: H4 | F271: H5 | G271: H6 | H271: H7 | I271: H8 | J271: H9 | K271: H10 | L271: H11 | M271: H12 | N271: H13 | O271: H14 | P271: H15 | Q271: H16 | R271: H17 | S271: H18 | T271: H19 | U271: H20 | V271: H21 | W271: H22 | X271: H23 | Y271: H24 | Z271: TOTAL | AA271: Días
A272: =+A184 -> 46023 | B272: 7.443986 | C272: 6.13107 | D272: 5.313594 | E272: 4.83054 | F272: 4.818154 | G272: 5.233085 | H272: 6.490264 | I272: 3.96352 | J272: 5.716139 | K272: 7.74125 | L272: 9.636308 | M272: 11.122628 | N272: 11.884367 | O272: 11.388927 | P272: 10.181292 | Q272: 9.667273 | R272: 9.822098 | S272: 14.770305 | T272: 16.318555 | U272: 17.105066 | V272: 16.008905 | W272: 13.983794 | X272: 11.221716 | Y272: 8.54634 | Z272: =SUM(B272:Y272) -> 229.33918 | AA272: 1 | AB272: =+Z272*AA272 -> 229.33918 | AD272: LUNES FESTIVOS
A273: =+A185 -> 46054 | B273: 8.261462 | C273: 6.917581 | D273: 5.957666 | E273: 5.437454 | F273: 5.369331 | G273: 5.734718 | H273: 6.768949 | I273: 4.502311 | J273: 6.459299 | K273: 8.317199 | L273: 9.450518 | M273: 10.664346 | N273: 11.246488 | O273: 10.96161 | P273: 10.267994 | Q273: 9.815905 | R273: 9.53722 | S273: 13.649372 | T273: 14.355374 | U273: 16.770644 | V273: 16.219467 | W273: 14.404918 | X273: 11.549945 | Y273: 8.756902 | Z273: =SUM(B273:Y273) -> 231.37667 | AA273: 0 | AB273: =+Z273*AA273 -> 0 | AD273: LUNES FESTIVOS
A274: =+A186 -> 46082 | B274: 7.338705 | C274: 6.124877 | D274: 5.381717 | E274: 4.942014 | F274: 4.818154 | G274: 5.251664 | H274: 6.162035 | I274: 4.409416 | J274: 6.570773 | K274: 8.323392 | L274: 9.809712 | M274: 11.165979 | N274: 11.630454 | O274: 11.382734 | P274: 10.930645 | Q274: 10.521907 | R274: 10.509521 | S274: 15.036604 | T274: 16.046063 | U274: 17.439488 | V274: 16.770644 | W274: 14.857007 | X274: 11.636647 | Y274: 8.967464 | Z274: =SUM(B274:Y274) -> 236.02762 | AA274: 1 | AB274: =+Z274*AA274 -> 236.02762 | AD274: LUNES FESTIVOS
A275: =+A187 -> 46113 | B275: 7.704092 | C275: 6.31686 | D275: 5.462226 | E275: 5.003944 | F275: 4.991558 | G275: 5.010137 | H275: 6.118684 | I275: 4.322714 | J275: 6.223965 | K275: 8.044707 | L275: 9.444325 | M275: 10.856329 | N275: 11.537559 | O275: 11.184558 | P275: 10.812978 | Q275: 9.958344 | R275: 9.766361 | S275: 14.411111 | T275: 15.532044 | U275: 16.59724 | V275: 15.885045 | W275: 14.188163 | X275: 11.673805 | Y275: 9.270921 | Z275: =SUM(B275:Y275) -> 230.31767 | AA275: 0 | AB275: =+Z275*AA275 -> 0 | AD275: LUNES FESTIVOS
A276: =+A188 -> 46143 | B276: 6.50265 | C276: 5.338366 | D276: 4.793382 | E276: 4.446574 | F276: 4.564241 | G276: 4.663329 | H276: 6.211579 | I276: 4.774803 | J276: 7.202459 | K276: 8.911727 | L276: 10.168906 | M276: 12.107315 | N276: 13.370687 | O276: 12.788545 | P276: 11.265067 | Q276: 10.658153 | R276: 10.385661 | S276: 14.795077 | T276: 15.377219 | U276: 17.328014 | V276: 16.405257 | W276: 14.411111 | X276: 11.302225 | Y276: 8.540147 | Z276: =SUM(B276:Y276) -> 236.31249 | AA276: 1 | AB276: =+Z276*AA276 -> 236.31249 | AD276: LUNES FESTIVOS
A277: =+A189 -> 46174 | B277: 6.731791 | C277: 5.462226 | D277: 4.750031 | E277: 4.427995 | F277: 4.508504 | G277: 4.372258 | H277: 6.031982 | I277: 4.310328 | J277: 6.409755 | K277: 8.379129 | L277: 9.815905 | M277: 11.314611 | N277: 12.386 | O277: 12.163052 | P277: 11.203137 | Q277: 10.726276 | R277: 10.367082 | S277: 14.943709 | T277: 15.823115 | U277: 17.643857 | V277: 16.745872 | W277: 14.609287 | X277: 11.58091 | Y277: 8.725937 | Z277: =SUM(B277:Y277) -> 233.43275 | AA277: 3 | AB277: =+Z277*AA277 -> 700.29825 | AD277: LUNES FESTIVOS
A278: =+A190 -> 46204 | B278: 7.363477 | C278: 6.087719 | D278: 5.251664 | E278: 4.824347 | F278: 4.762417 | G278: 4.719066 | H278: 6.075333 | I278: 4.390837 | J278: 6.391176 | K278: 8.193339 | L278: 9.964537 | M278: 11.717156 | N278: 12.69565 | O278: 11.921525 | P278: 10.212257 | Q278: 9.357623 | R278: 8.998429 | S278: 13.141546 | T278: 13.661758 | U278: 16.275204 | V278: 15.624939 | W278: 13.847548 | X278: 11.116435 | Y278: 8.348164 | Z278: =SUM(B278:Y278) -> 224.94215 | AA278: 1 | AB278: =+Z278*AA278 -> 224.94215 | AD278: LUNES FESTIVOS
A279: =+A191 -> 46235 | B279: 7.221038 | C279: 6.001017 | D279: 5.282629 | E279: 4.997751 | F279: 4.89247 | G279: 5.239278 | H279: 6.261123 | I279: 4.589013 | J279: 6.911388 | K279: 8.893148 | L279: 10.701504 | M279: 12.206403 | N279: 12.869054 | O279: 12.621334 | P279: 11.413699 | Q279: 10.546679 | R279: 10.298959 | S279: 14.380146 | T279: 15.073762 | U279: 17.253698 | V279: 16.281397 | W279: 14.219128 | X279: 11.159786 | Y279: 8.583498 | Z279: =SUM(B279:Y279) -> 237.8979 | AA279: 1 | AB279: =+Z279*AA279 -> 237.8979 | AD279: LUNES FESTIVOS
A280: =+A192 -> 46266 | B280: 7.549267 | C280: 6.310667 | D280: 5.530349 | E280: 4.972979 | F280: 4.886277 | G280: 4.780996 | H280: 5.926701 | I280: 4.242205 | J280: 6.217772 | K280: 8.094251 | L280: 9.376202 | M280: 10.726276 | N280: 11.326997 | O280: 11.135014 | P280: 10.360889 | Q280: 9.939765 | R280: 9.822098 | S280: 14.020952 | T280: 15.773571 | U280: 16.882118 | V280: 16.182309 | W280: 14.293444 | X280: 11.432278 | Y280: 8.701165 | Z280: =SUM(B280:Y280) -> 228.48454 | AA280: 0 | AB280: =+Z280*AA280 -> 0 | AD280: LUNES FESTIVOS
A281: =+A193 -> 46296 | B281: 7.221038 | C281: 5.976245 | D281: 5.239278 | E281: 4.811961 | F281: 4.737645 | G281: 4.291749 | H281: 5.920508 | I281: 4.347486 | J281: 6.496457 | K281: 8.540147 | L281: 10.237029 | M281: 12.051578 | N281: 13.085809 | O281: 12.336456 | P281: 10.874908 | Q281: 9.945958 | R281: 9.939765 | S281: 14.857007 | T281: 17.09268 | U281: 17.235119 | V281: 16.343327 | W281: 14.442076 | X281: 11.636647 | Y281: 8.626849 | Z281: =SUM(B281:Y281) -> 236.28772 | AA281: 1 | AB281: =+Z281*AA281 -> 236.28772 | AD281: LUNES FESTIVOS
A282: =+A194 -> 46327 | B282: 6.868037 | C282: 5.610858 | D282: 4.960593 | E282: 4.58282 | F282: 4.64475 | G282: 4.750031 | H282: 5.94528 | I282: 4.415609 | J282: 6.508843 | K282: 8.515375 | L282: 10.261801 | M282: 11.388927 | N282: 12.293105 | O282: 12.008227 | P282: 11.215523 | Q282: 10.77582 | R282: 10.738662 | S282: 15.501079 | T282: 17.284663 | U282: 17.284663 | V282: 16.510538 | W282: 14.782691 | X282: 11.933911 | Y282: 8.948885 | Z282: =SUM(B282:Y282) -> 237.73069 | AA282: 2 | AB282: =+Z282*AA282 -> 475.46138 | AD282: LUNES FESTIVOS
A283: =+A195 -> 46357 | B283: 8.719744 | C283: 7.332512 | D283: 6.422141 | E283: 5.790455 | F283: 5.586086 | G283: 5.617051 | H283: 6.434527 | I283: 4.366065 | J283: 6.038175 | K283: 8.057093 | L283: 9.735396 | M283: 11.08547 | N283: 11.964876 | O283: 12.020613 | P283: 11.351769 | Q283: 10.893487 | R283: 10.515714 | S283: 14.900358 | T283: 16.801609 | U283: 16.90689 | V283: 16.120379 | W283: 14.764112 | X283: 12.608948 | Y283: 10.106976 | Z283: =SUM(B283:Y283) -> 244.14045 | AA283: 0 | AB283: =+Z283*AA283 -> 0 | AD283: LUNES FESTIVOS
... A355: =+A267 -> 48549 | B355: 6.236351 | C355: 5.753297 | D355: 5.437454 | E355: 5.226892 | F355: 5.158769 | G355: 5.164962 | H355: 5.344559 | I355: 5.796648 | J355: 6.397369 | K355: 7.084792 | L355: 7.660741 | M355: 8.11283 | N355: 8.391515 | O355: 8.379129 | P355: 8.131409 | Q355: 7.970391 | R355: 7.840338 | S355: 8.001356 | T355: 8.800253 | U355: 8.955078 | V355: 8.707358 | W355: 8.218111 | X355: 7.413021 | Y355: 6.508843 | Z355: =SUM(B355:Y355) -> 170.69147 | AA355: 0 | AB355: =+Z355*AA355 -> 0 | AD355: LUNES FESTIVOS
A357: DEMANDA DIARIA ESTIMADA TOTAL [MWh]
A359: MES | B359: H1 | C359: H2 | D359: H3 | E359: H4 | F359: H5 | G359: H6 | H359: H7 | I359: H8 | J359: H9 | K359: H10 | L359: H11 | M359: H12 | N359: H13 | O359: H14 | P359: H15 | Q359: H16 | R359: H17 | S359: H18 | T359: H19 | U359: H20 | V359: H21 | W359: H22 | X359: H23 | Y359: H24 | Z359: TOTAL | AA359: Días
A360: =+A272 -> 46023 | B360: =+B8*$AA8+B96*$AA96+B184*$AA184+B272*$AA272 -> 257.48636 | C360: =+C8*$AA8+C96*$AA96+C184*$AA184+C272*$AA272 -> 217.2814 | D360: =+D8*$AA8+D96*$AA96+D184*$AA184+D272*$AA272 -> 193.20921 | E360: =+E8*$AA8+E96*$AA96+E184*$AA184+E272*$AA272 -> 183.43666 | F360: =+F8*$AA8+F96*$AA96+F184*$AA184+F272*$AA272 -> 191.63 | G360: =+G8*$AA8+G96*$AA96+G184*$AA184+G272*$AA272 -> 226.69476 | H360: =+H8*$AA8+H96*$AA96+H184*$AA184+H272*$AA272 -> 292.85458 | I360: =+I8*$AA8+I96*$AA96+I184*$AA184+I272*$AA272 -> 246.01692 | ... Y360: =+Y8*$AA8+Y96*$AA96+Y184*$AA184+Y272*$AA272 -> 345.81712 | Z360: =SUM(B360:Y360) -> 9663.4767 | AA360: =AA8+AA96+AA184+AA272 -> 31 | AB360: =+AB8+AB96+AB184+AB272 -> 9663.4767
A361: =+A273 -> 46054 | B361: =+B9*$AA9+B97*$AA97+B185*$AA185+B273*$AA273 -> 223.22049 | C361: =+C9*$AA9+C97*$AA97+C185*$AA185+C273*$AA273 -> 190.14987 | D361: =+D9*$AA9+D97*$AA97+D185*$AA185+D273*$AA273 -> 171.02589 | E361: =+E9*$AA9+E97*$AA97+E185*$AA185+E273*$AA273 -> 163.79246 | F361: =+F9*$AA9+F97*$AA97+F185*$AA185+F273*$AA273 -> 177.16934 | G361: =+G9*$AA9+G97*$AA97+G185*$AA185+G273*$AA273 -> 232.4109 | H361: =+H9*$AA9+H97*$AA97+H185*$AA185+H273*$AA273 -> 302.63952 | I361: =+I9*$AA9+I97*$AA97+I185*$AA185+I273*$AA273 -> 256.71224 | ... Y361: =+Y9*$AA9+Y97*$AA97+Y185*$AA185+Y273*$AA273 -> 298.676 | Z361: =SUM(B361:Y361) -> 8846.973 | AA361: =AA9+AA97+AA185+AA273 -> 28 | AB361: =+AB9+AB97+AB185+AB273 -> 8846.973
A362: =+A274 -> 46082 | B362: =+B10*$AA10+B98*$AA98+B186*$AA186+B274*$AA274 -> 244.76594 | C362: =+C10*$AA10+C98*$AA98+C186*$AA186+C274*$AA274 -> 207.68225 | D362: =+D10*$AA10+D98*$AA98+D186*$AA186+D274*$AA274 -> 188.03806 | E362: =+E10*$AA10+E98*$AA98+E186*$AA186+E274*$AA274 -> 178.91577 | F362: =+F10*$AA10+F98*$AA98+F186*$AA186+F274*$AA274 -> 193.51267 | G362: =+G10*$AA10+G98*$AA98+G186*$AA186+G274*$AA274 -> 252.72394 | H362: =+H10*$AA10+H98*$AA98+H186*$AA186+H274*$AA274 -> 324.64945 | I362: =+I10*$AA10+I98*$AA98+I186*$AA186+I274*$AA274 -> 279.69446 | ... Y362: =+Y10*$AA10+Y98*$AA98+Y186*$AA186+Y274*$AA274 -> 330.48945 | Z362: =SUM(B362:Y362) -> 9730.0638 | AA362: =AA10+AA98+AA186+AA274 -> 31 | AB362: =+AB10+AB98+AB186+AB274 -> 9730.0638
A363: =+A275 -> 46113 | B363: =+B11*$AA11+B99*$AA99+B187*$AA187+B275*$AA275 -> 235.25968 | C363: =+C11*$AA11+C99*$AA99+C187*$AA187+C275*$AA275 -> 197.7301 | D363: =+D11*$AA11+D99*$AA99+D187*$AA187+D275*$AA275 -> 178.08591 | E363: =+E11*$AA11+E99*$AA99+E187*$AA187+E275*$AA275 -> 169.44048 | F363: =+F11*$AA11+F99*$AA99+F187*$AA187+F275*$AA275 -> 183.56052 | G363: =+G11*$AA11+G99*$AA99+G187*$AA187+G275*$AA275 -> 229.77269 | H363: =+H11*$AA11+H99*$AA99+H187*$AA187+H275*$AA275 -> 301.87159 | I363: =+I11*$AA11+I99*$AA99+I187*$AA187+I275*$AA275 -> 266.24946 | ... Y363: =+Y11*$AA11+Y99*$AA99+Y187*$AA187+Y275*$AA275 -> 321.5034 | Z363: =SUM(B363:Y363) -> 9310.1103 | AA363: =AA11+AA99+AA187+AA275 -> 30 | AB363: =+AB11+AB99+AB187+AB275 -> 9310.1103
A364: =+A276 -> 46143 | B364: =+B12*$AA12+B100*$AA100+B188*$AA188+B276*$AA276 -> 241.19877 | C364: =+C12*$AA12+C100*$AA100+C188*$AA188+C276*$AA276 -> 203.58249 | D364: =+D12*$AA12+D100*$AA100+D188*$AA188+D276*$AA276 -> 183.30661 | E364: =+E12*$AA12+E100*$AA100+E188*$AA188+E276*$AA276 -> 173.18105 | F364: =+F12*$AA12+F100*$AA100+F188*$AA188+F276*$AA276 -> 187.01621 | G364: =+G12*$AA12+G100*$AA100+G188*$AA188+G276*$AA276 -> 226.76908 | H364: =+H12*$AA12+H100*$AA100+H188*$AA188+H276*$AA276 -> 309.51375 | I364: =+I12*$AA12+I100*$AA100+I188*$AA188+I276*$AA276 -> 270.87563 | ... Y364: =+Y12*$AA12+Y100*$AA100+Y188*$AA188+Y276*$AA276 -> 325.29971 | Z364: =SUM(B364:Y364) -> 9566.5253 | AA364: =AA12+AA100+AA188+AA276 -> 31 | AB364: =+AB12+AB100+AB188+AB276 -> 9566.5253
A365: =+A277 -> 46174 | B365: =+B13*$AA13+B101*$AA101+B189*$AA189+B277*$AA277 -> 227.70422 | C365: =+C13*$AA13+C101*$AA101+C189*$AA189+C277*$AA277 -> 190.48429 | D365: =+D13*$AA13+D101*$AA101+D189*$AA189+D277*$AA277 -> 169.31662 | E365: =+E13*$AA13+E101*$AA101+E189*$AA189+E277*$AA277 -> 160.41728 | F365: =+F13*$AA13+F101*$AA101+F189*$AA189+F277*$AA277 -> 174.40107 | G365: =+G13*$AA13+G101*$AA101+G189*$AA189+G277*$AA277 -> 212.27746 | H365: =+H13*$AA13+H101*$AA101+H189*$AA189+H277*$AA277 -> 292.52636 | I365: =+I13*$AA13+I101*$AA101+I189*$AA189+I277*$AA277 -> 260.12458 | ... Y365: =+Y13*$AA13+Y101*$AA101+Y189*$AA189+Y277*$AA277 -> 310.84525 | Z365: =SUM(B365:Y365) -> 9186.0955 | AA365: =AA13+AA101+AA189+AA277 -> 30 | AB365: =+AB13+AB101+AB189+AB277 -> 9186.0955
A366: =+A278 -> 46204 | B366: =+B14*$AA14+B102*$AA102+B190*$AA190+B278*$AA278 -> 235.01816 | C366: =+C14*$AA14+C102*$AA102+C190*$AA190+C278*$AA278 -> 200.20111 | D366: =+D14*$AA14+D102*$AA102+D190*$AA190+D278*$AA278 -> 177.70194 | E366: =+E14*$AA14+E102*$AA102+E190*$AA190+E278*$AA278 -> 168.92646 | F366: =+F14*$AA14+F102*$AA102+F190*$AA190+F278*$AA278 -> 184.1117 | G366: =+G14*$AA14+G102*$AA102+G190*$AA190+G278*$AA278 -> 229.56212 | H366: =+H14*$AA14+H102*$AA102+H190*$AA190+H278*$AA278 -> 308.54145 | I366: =+I14*$AA14+I102*$AA102+I190*$AA190+I278*$AA278 -> 275.38413 | ... Y366: =+Y14*$AA14+Y102*$AA102+Y190*$AA190+Y278*$AA278 -> 329.62862 | Z366: =SUM(B366:Y366) -> 9692.0574 | AA366: =AA14+AA102+AA190+AA278 -> 31 | AB366: =+AB14+AB102+AB190+AB278 -> 9692.0574
A367: =+A279 -> 46235 | B367: =+B15*$AA15+B103*$AA103+B191*$AA191+B279*$AA279 -> 244.03516 | C367: =+C15*$AA15+C103*$AA103+C191*$AA191+C279*$AA279 -> 206.15878 | D367: =+D15*$AA15+D103*$AA103+D191*$AA191+D279*$AA279 -> 184.9911 | E367: =+E15*$AA15+E103*$AA103+E191*$AA191+E279*$AA279 -> 175.68302 | F367: =+F15*$AA15+F103*$AA103+F191*$AA191+F279*$AA279 -> 189.43768 | G367: =+G15*$AA15+G103*$AA103+G191*$AA191+G279*$AA279 -> 236.59737 | H367: =+H15*$AA15+H103*$AA103+H191*$AA191+H279*$AA279 -> 309.53233 | I367: =+I15*$AA15+I103*$AA103+I191*$AA191+I279*$AA279 -> 271.13573 | ... Y367: =+Y15*$AA15+Y103*$AA103+Y191*$AA191+Y279*$AA279 -> 325.45454 | Z367: =SUM(B367:Y367) -> 9622.1136 | AA367: =AA15+AA103+AA191+AA279 -> 31 | AB367: =+AB15+AB103+AB191+AB279 -> 9622.1136
A368: =+A280 -> 46266 | B368: =+B16*$AA16+B104*$AA104+B192*$AA192+B280*$AA280 -> 228.49693 | C368: =+C16*$AA16+C104*$AA104+C192*$AA192+C280*$AA280 -> 192.88718 | D368: =+D16*$AA16+D104*$AA104+D192*$AA192+D280*$AA280 -> 173.67649 | E368: =+E16*$AA16+E104*$AA104+E192*$AA192+E280*$AA280 -> 165.42742 | F368: =+F16*$AA16+F104*$AA104+F192*$AA192+F280*$AA280 -> 182.29715 | G368: =+G16*$AA16+G104*$AA104+G192*$AA192+G280*$AA280 -> 233.14168 | H368: =+H16*$AA16+H104*$AA104+H192*$AA192+H280*$AA280 -> 312.49878 | I368: =+I16*$AA16+I104*$AA104+I192*$AA192+I280*$AA280 -> 276.96335 | ... Y368: =+Y16*$AA16+Y104*$AA104+Y192*$AA192+Y280*$AA280 -> 307.35859 | Z368: =SUM(B368:Y368) -> 9421.1012 | AA368: =AA16+AA104+AA192+AA280 -> 30 | AB368: =+AB16+AB104+AB192+AB280 -> 9421.1012
A369: =+A281 -> 46296 | B369: =+B17*$AA17+B105*$AA105+B193*$AA193+B281*$AA281 -> 232.47903 | C369: =+C17*$AA17+C105*$AA105+C193*$AA193+C281*$AA281 -> 194.65218 | D369: =+D17*$AA17+D105*$AA105+D193*$AA193+D281*$AA281 -> 175.59013 | E369: =+E17*$AA17+E105*$AA105+E193*$AA193+E281*$AA281 -> 168.25142 | F369: =+F17*$AA17+F105*$AA105+F193*$AA193+F281*$AA281 -> 180.19772 | G369: =+G17*$AA17+G105*$AA105+G193*$AA193+G281*$AA281 -> 205.86771 | H369: =+H17*$AA17+H105*$AA105+H193*$AA193+H281*$AA281 -> 292.04949 | I369: =+I17*$AA17+I105*$AA105+I193*$AA193+I281*$AA281 -> 267.26511 | ... Y369: =+Y17*$AA17+Y105*$AA105+Y193*$AA193+Y281*$AA281 -> 321.95549 | Z369: =SUM(B369:Y369) -> 9618.6703 | AA369: =AA17+AA105+AA193+AA281 -> 31 | AB369: =+AB17+AB105+AB193+AB281 -> 9618.6703
A370: =+A282 -> 46327 | B370: =+B18*$AA18+B106*$AA106+B194*$AA194+B282*$AA282 -> 232.36136 | C370: =+C18*$AA18+C106*$AA106+C194*$AA194+C282*$AA282 -> 195.55636 | D370: =+D18*$AA18+D106*$AA106+D194*$AA194+D282*$AA282 -> 174.78504 | E370: =+E18*$AA18+E106*$AA106+E194*$AA194+E282*$AA282 -> 165.62559 | F370: =+F18*$AA18+F106*$AA106+F194*$AA194+F282*$AA282 -> 176.64294 | G370: =+G18*$AA18+G106*$AA106+G194*$AA194+G282*$AA282 -> 205.6943 | H370: =+H18*$AA18+H106*$AA106+H194*$AA194+H282*$AA282 -> 282.01064 | I370: =+I18*$AA18+I106*$AA106+I194*$AA194+I282*$AA282 -> 257.09001 | ... Y370: =+Y18*$AA18+Y106*$AA106+Y194*$AA194+Y282*$AA282 -> 315.17416 | Z370: =SUM(B370:Y370) -> 9292.0267 | AA370: =AA18+AA106+AA194+AA282 -> 30 | AB370: =+AB18+AB106+AB194+AB282 -> 9292.0267
A371: =+A283 -> 46357 | B371: =+B19*$AA19+B107*$AA107+B195*$AA195+B283*$AA283 -> 268.63995 | C371: =+C19*$AA19+C107*$AA107+C195*$AA195+C283*$AA283 -> 224.73778 | D371: =+D19*$AA19+D107*$AA107+D195*$AA195+D283*$AA283 -> 200.19492 | E371: =+E19*$AA19+E107*$AA107+E195*$AA195+E283*$AA283 -> 187.85846 | F371: =+F19*$AA19+F107*$AA107+F195*$AA195+F283*$AA283 -> 195.86601 | G371: =+G19*$AA19+G107*$AA107+G195*$AA195+G283*$AA283 -> 224.35381 | H371: =+H19*$AA19+H107*$AA107+H195*$AA195+H283*$AA283 -> 297.07202 | I371: =+I19*$AA19+I107*$AA107+I195*$AA195+I283*$AA283 -> 270.39257 | ... Y371: =+Y19*$AA19+Y107*$AA107+Y195*$AA195+Y283*$AA283 -> 361.47302 | Z371: =SUM(B371:Y371) -> 9918.9317 | AA371: =AA19+AA107+AA195+AA283 -> 31 | AB371: =+AB19+AB107+AB195+AB283 -> 9918.9317
... A443: =+A355 -> 48549 | B443: =+B91*$AA91+B179*$AA179+B267*$AA267+B355*$AA355 -> 192.72616 | C443: =+C91*$AA91+C179*$AA179+C267*$AA267+C355*$AA355 -> 177.52234 | D443: =+D91*$AA91+D179*$AA179+D267*$AA267+D355*$AA355 -> 169.13083 | E443: =+E91*$AA91+E179*$AA179+E267*$AA267+E355*$AA355 -> 165.06822 | F443: =+F91*$AA91+F179*$AA179+F267*$AA267+F355*$AA355 -> 167.89842 | G443: =+G91*$AA91+G179*$AA179+G267*$AA267+G355*$AA355 -> 178.02398 | H443: =+H91*$AA91+H179*$AA179+H267*$AA267+H355*$AA355 -> 199.80476 | I443: =+I91*$AA91+I179*$AA179+I267*$AA267+I355*$AA355 -> 226.49659 | ... Y443: =+Y91*$AA91+Y179*$AA179+Y267*$AA267+Y355*$AA355 -> 219.27555 | Z443: =SUM(B443:Y443) -> 6128.1964 | AA443: =AA91+AA179+AA267+AA355 -> 31 | AB443: =+AB91+AB179+AB267+AB355 -> 6128.1964

Sheet Oferta Producto No. 2
D2: ANEXO No. 1 OFERTAS Y CANTIDADES
C3: OFERTA MERCANTIL IRREVOCABLE A LA EMPRESA DE ENERGIA DE PEREIRA S.A. ESP. INVITACIÓN PARA EL SUMINISTRO DE ENERGÍA ELÉCTRICA CON DESTINO AL MERCADO REGULADO CONVOCATORIA PÚBLICA No. 002-2025 - CP-EEPC2025-002
D4: PRODUCTO No. 2
C6: EMPRESA: XXXXXXXXXXXXXXXXXXXXXXXXXXXXXX
C7: REPRESENTANTE LEGAL: XXXXXXXXXXXXXXXXXXXXXXXXXXXXXX
C8: TIPO DE AGENTE: (COMERCIALIZADOR/GENERADOR)
C9: ="PRODUCTO OFERTADO: "&D4 -> PRODUCTO OFERTADO: PRODUCTO No. 2
C11: Las tarifas ofertadas están referidas en pesos constantes de febrero de 2025 provisional
F13: ="Oferta " & PROPER(D4) -> Oferta Producto No. 2
F14: Periodo | G14: Energía requerida (MWh-mes) | H14: Energía ofertada (%) | I14: Energía ofertada (MWh-mes) | J14: Tarifa monomia ($/kWh)
A15: 22.85 | B15: 31 | F15: =+'Cantidades Producto No. 2'!A8 -> 46023 | G15: =+'Cantidades Producto No. 2'!AB24 -> 4464
B16: 28 | F16: =+'Cantidades Producto No. 2'!A9 -> 46054 | G16: =+'Cantidades Producto No. 2'!AB25 -> 4032
B17: 31 | F17: =+'Cantidades Producto No. 2'!A10 -> 46082 | G17: =+'Cantidades Producto No. 2'!AB26 -> 4464
B18: 30 | F18: =+'Cantidades Producto No. 2'!A11 -> 46113 | G18: =+'Cantidades Producto No. 2'!AB27 -> 4320
B19: 31 | F19: =+'Cantidades Producto No. 2'!A12 -> 46143 | G19: =+'Cantidades Producto No. 2'!AB28 -> 4464
B20: 30 | F20: =+'Cantidades Producto No. 2'!A13 -> 46174 | G20: =+'Cantidades Producto No. 2'!AB29 -> 4320
B21: 31 | F21: =+'Cantidades Producto No. 2'!A14 -> 46204 | G21: =+'Cantidades Producto No. 2'!AB30 -> 4464
B22: 31 | F22: =+'Cantidades Producto No. 2'!A15 -> 46235 | G22: =+'Cantidades Producto No. 2'!AB31 -> 4464
B23: 30 | F23: =+'Cantidades Producto No. 2'!A16 -> 46266 | G23: =+'Cantidades Producto No. 2'!AB32 -> 4320
B24: 31 | F24: =+'Cantidades Producto No. 2'!A17 -> 46296 | G24: =+'Cantidades Producto No. 2'!AB33 -> 4464
B25: 30 | F25: =+'Cantidades Producto No. 2'!A18 -> 46327 | G25: =+'Cantidades Producto No. 2'!AB34 -> 4320
B26: 31 | F26: =+'Cantidades Producto No. 2'!A19 -> 46357 | G26: =+'Cantidades Producto No. 2'!AB35 -> 4464
F27: TOTAL | G27: =SUM(G15:G26) -> 52560
B29: Notas
B31: (1) Oferta válida para la modalidad Pague lo Contratado.
B32: ="(2) Las cantidades se distribuyen de acuerdo a la curva del Anexo 1. Ofertas y Cantidades "& D4 &" de los Pliegos de Condiciones definitivos" -> (2) Las cantidades se distribuyen de acuerdo a la curva del Anexo 1. Ofertas y Cantidades PRODUCTO No. 2 de los Pliegos de Condiciones definitivos
B33: (3) La cantidad de energía es equivalente a un porcentaje de las cantidades de energía requerida por la Empresa de Energía de Pereira S.A. ESP. (para todo el año/para cada mes), de acuerdo con el Anexo No.1 Ofertas y Cantidades PRODUCTO No. 2 de los Pliegos definitivos, que se aplicarán para todas las 24 horas del día de la curva establecida en dicho Anexo, presentando una tarifa para cada año sin ningún tipo de discriminación por mes, ni tipo de carga ni tipo de día.
B34: (4) Esta oferta NO presenta restricciones tales como adjudicación mínima o total u otras que no permitan la evaluación objetiva e integral del producto ofertado.
B35: (5) Los precios ofertados incluyen todos los pagos, cargos, impuestos, estampillas, etc., que el Proponente deba realizar ante cualquier entidad gubernamental, o empresa pública, privada o mixta para entregar la energía en la frontera con el Sistema de Transmisión Nacional – STN.
B36: (6) Las cantidades ofertadas están sujetas a la adjudicación en la misma proporción respecto a las cantidades ofertadas para todos y cada uno de los meses del año. Es decir, si la Empresa de Energía de Pereira decide adjudicar, por ejemplo, el 50% de lo ofertado en cualesquiera de los meses de alguno de los años, ese mismo porcentaje debe ser adjudicado en el resto de cada uno de los meses de ese año

Sheet Cantidades Producto No. 2
A2: EMPRESA DE ENERGÍA DE PEREIRA S.A. E.S.P.
A3: ='Oferta Producto No. 2'!D4 -> PRODUCTO No. 2
A5: DEMANDA DIARIA ESTIMADA TO [MWh]
A7: MES | B7: H1 | C7: H2 | D7: H3 | E7: H4 | F7: H5 | G7: H6 | H7: H7 | I7: H8 | J7: H9 | K7: H10 | L7: H11 | M7: H12 | N7: H13 | O7: H14 | P7: H15 | Q7: H16 | R7: H17 | S7: H18 | T7: H19 | U7: H20 | V7: H21 | W7: H22 | X7: H23 | Y7: H24 | Z7: TOTAL | AA7: Días
A8: 46023 | B8: 6 | C8: 6 | D8: 6 | E8: 6 | F8: 6 | G8: 6 | H8: 6 | I8: 6 | J8: 6 | K8: 6 | L8: 6 | M8: 6 | N8: 6 | O8: 6 | P8: 6 | Q8: 6 | R8: 6 | S8: 6 | T8: 6 | U8: 6 | V8: 6 | W8: 6 | X8: 6 | Y8: 6 | Z8: =SUM(B8:Y8) -> 144 | AA8: 31 | AB8: =+Z8*AA8 -> 4464
A9: 46054 | B9: 6 | C9: 6 | D9: 6 | E9: 6 | F9: 6 | G9: 6 | H9: 6 | I9: 6 | J9: 6 | K9: 6 | L9: 6 | M9: 6 | N9: 6 | O9: 6 | P9: 6 | Q9: 6 | R9: 6 | S9: 6 | T9: 6 | U9: 6 | V9: 6 | W9: 6 | X9: 6 | Y9: 6 | Z9: =SUM(B9:Y9) -> 144 | AA9: 28 | AB9: =+Z9*AA9 -> 4032
A10: 46082 | B10: 6 | C10: 6 | D10: 6 | E10: 6 | F10: 6 | G10: 6 | H10: 6 | I10: 6 | J10: 6 | K10: 6 | L10: 6 | M10: 6 | N10: 6 | O10: 6 | P10: 6 | Q10: 6 | R10: 6 | S10: 6 | T10: 6 | U10: 6 | V10: 6 | W10: 6 | X10: 6 | Y10: 6 | Z10: =SUM(B10:Y10) -> 144 | AA10: 31 | AB10: =+Z10*AA10 -> 4464
A11: 46113 | B11: 6 | C11: 6 | D11: 6 | E11: 6 | F11: 6 | G11: 6 | H11: 6 | I11: 6 | J11: 6 | K11: 6 | L11: 6 | M11: 6 | N11: 6 | O11: 6 | P11: 6 | Q11: 6 | R11: 6 | S11: 6 | T11: 6 | U11: 6 | V11: 6 | W11: 6 | X11: 6 | Y11: 6 | Z11: =SUM(B11:Y11) -> 144 | AA11: 30 | AB11: =+Z11*AA11 -> 4320
A12: 46143 | B12: 6 | C12: 6 | D12: 6 | E12: 6 | F12: 6 | G12: 6 | H12: 6 | I12: 6 | J12: 6 | K12: 6 | L12: 6 | M12: 6 | N12: 6 | O12: 6 | P12: 6 | Q12: 6 | R12: 6 | S12: 6 | T12: 6 | U12: 6 | V12: 6 | W12: 6 | X12: 6 | Y12: 6 | Z12: =SUM(B12:Y12) -> 144 | AA12: 31 | AB12: =+Z12*AA12 -> 4464
A13: 46174 | B13: 6 | C13: 6 | D13: 6 | E13: 6 | F13: 6 | G13: 6 | H13: 6 | I13: 6 | J13: 6 | K13: 6 | L13: 6 | M13: 6 | N13: 6 | O13: 6 | P13: 6 | Q13: 6 | R13: 6 | S13: 6 | T13: 6 | U13: 6 | V13: 6 | W13: 6 | X13: 6 | Y13: 6 | Z13: =SUM(B13:Y13) -> 144 | AA13: 30 | AB13: =+Z13*AA13 -> 4320
A14: 46204 | B14: 6 | C14: 6 | D14: 6 | E14: 6 | F14: 6 | G14: 6 | H14: 6 | I14: 6 | J14: 6 | K14: 6 | L14: 6 | M14: 6 | N14: 6 | O14: 6 | P14: 6 | Q14: 6 | R14: 6 | S14: 6 | T14: 6 | U14: 6 | V14: 6 | W14: 6 | X14: 6 | Y14: 6 | Z14: =SUM(B14:Y14) -> 144 | AA14: 31 | AB14: =+Z14*AA14 -> 4464
A15: 46235 | B15: 6 | C15: 6 | D15: 6 | E15: 6 | F15: 6 | G15: 6 | H15: 6 | I15: 6 | J15: 6 | K15: 6 | L15: 6 | M15: 6 | N15: 6 | O15: 6 | P15: 6 | Q15: 6 | R15: 6 | S15: 6 | T15: 6 | U15: 6 | V15: 6 | W15: 6 | X15: 6 | Y15: 6 | Z15: =SUM(B15:Y15) -> 144 | AA15: 31 | AB15: =+Z15*AA15 -> 4464
A16: 46266 | B16: 6 | C16: 6 | D16: 6 | E16: 6 | F16: 6 | G16: 6 | H16: 6 | I16: 6 | J16: 6 | K16: 6 | L16: 6 | M16: 6 | N16: 6 | O16: 6 | P16: 6 | Q16: 6 | R16: 6 | S16: 6 | T16: 6 | U16: 6 | V16: 6 | W16: 6 | X16: 6 | Y16: 6 | Z16: =SUM(B16:Y16) -> 144 | AA16: 30 | AB16: =+Z16*AA16 -> 4320
A17: 46296 | B17: 6 | C17: 6 | D17: 6 | E17: 6 | F17: 6 | G17: 6 | H17: 6 | I17: 6 | J17: 6 | K17: 6 | L17: 6 | M17: 6 | N17: 6 | O17: 6 | P17: 6 | Q17: 6 | R17: 6 | S17: 6 | T17: 6 | U17: 6 | V17: 6 | W17: 6 | X17: 6 | Y17: 6 | Z17: =SUM(B17:Y17) -> 144 | AA17: 31 | AB17: =+Z17*AA17 -> 4464
A18: 46327 | B18: 6 | C18: 6 | D18: 6 | E18: 6 | F18: 6 | G18: 6 | H18: 6 | I18: 6 | J18: 6 | K18: 6 | L18: 6 | M18: 6 | N18: 6 | O18: 6 | P18: 6 | Q18: 6 | R18: 6 | S18: 6 | T18: 6 | U18: 6 | V18: 6 | W18: 6 | X18: 6 | Y18: 6 | Z18: =SUM(B18:Y18) -> 144 | AA18: 30 | AB18: =+Z18*AA18 -> 4320
A19: 46357 | B19: 6 | C19: 6 | D19: 6 | E19: 6 | F19: 6 | G19: 6 | H19: 6 | I19: 6 | J19: 6 | K19: 6 | L19: 6 | M19: 6 | N19: 6 | O19: 6 | P19: 6 | Q19: 6 | R19: 6 | S19: 6 | T19: 6 | U19: 6 | V19: 6 | W19: 6 | X19: 6 | Y19: 6 | Z19: =SUM(B19:Y19) -> 144 | AA19: 31 | AB19: =+Z19*AA19 -> 4464
A21: DEMANDA DIARIA ESTIMADA TOTAL [MWh]
A23: MES | B23: H1 | C23: H2 | D23: H3 | E23: H4 | F23: H5 | G23: H6 | H23: H7 | I23: H8 | J23: H9 | K23: H10 | L23: H11 | M23: H12 | N23: H13 | O23: H14 | P23: H15 | Q23: H16 | R23: H17 | S23: H18 | T23: H19 | U23: H20 | V23: H21 | W23: H22 | X23: H23 | Y23: H24 | Z23: TOTAL | AA23: Días
A24: =+A8 -> 46023 | B24: =+B8*$AA8 -> 186 | C24: =+C8*$AA8 -> 186 | D24: =+D8*$AA8 -> 186 | E24: =+E8*$AA8 -> 186 | F24: =+F8*$AA8 -> 186 | G24: =+G8*$AA8 -> 186 | H24: =+H8*$AA8 -> 186 | I24: =+I8*$AA8 -> 186 | ... Y24: =+Y8*$AA8 -> 186 | Z24: =SUM(B24:Y24) -> 4464 | AA24: =+AA8 -> 31 | AB24: =+AB8 -> 4464 | AC24: =+Z24-AB24 -> 0
A25: =+A9 -> 46054 | B25: =+B9*$AA9 -> 168 | C25: =+C9*$AA9 -> 168 | D25: =+D9*$AA9 -> 168 | E25: =+E9*$AA9 -> 168 | F25: =+F9*$AA9 -> 168 | G25: =+G9*$AA9 -> 168 | H25: =+H9*$AA9 -> 168 | I25: =+I9*$AA9 -> 168 | ... Y25: =+Y9*$AA9 -> 168 | Z25: =SUM(B25:Y25) -> 4032 | AA25: =+AA9 -> 28 | AB25: =+AB9 -> 4032 | AC25: =+Z25-AB25 -> 0
A26: =+A10 -> 46082 | B26: =+B10*$AA10 -> 186 | C26: =+C10*$AA10 -> 186 | D26: =+D10*$AA10 -> 186 | E26: =+E10*$AA10 -> 186 | F26: =+F10*$AA10 -> 186 | G26: =+G10*$AA10 -> 186 | H26: =+H10*$AA10 -> 186 | I26: =+I10*$AA10 -> 186 | ... Y26: =+Y10*$AA10 -> 186 | Z26: =SUM(B26:Y26) -> 4464 | AA26: =+AA10 -> 31 | AB26: =+AB10 -> 4464 | AC26: =+Z26-AB26 -> 0
A27: =+A11 -> 46113 | B27: =+B11*$AA11 -> 180 | C27: =+C11*$AA11 -> 180 | D27: =+D11*$AA11 -> 180 | E27: =+E11*$AA11 -> 180 | F27: =+F11*$AA11 -> 180 | G27: =+G11*$AA11 -> 180 | H27: =+H11*$AA11 -> 180 | I27: =+I11*$AA11 -> 180 | ... Y27: =+Y11*$AA11 -> 180 | Z27: =SUM(B27:Y27) -> 4320 | AA27: =+AA11 -> 30 | AB27: =+AB11 -> 4320 | AC27: =+Z27-AB27 -> 0
A28: =+A12 -> 46143 | B28: =+B12*$AA12 -> 186 | C28: =+C12*$AA12 -> 186 | D28: =+D12*$AA12 -> 186 | E28: =+E12*$AA12 -> 186 | F28: =+F12*$AA12 -> 186 | G28: =+G12*$AA12 -> 186 | H28: =+H12*$AA12 -> 186 | I28: =+I12*$AA12 -> 186 | ... Y28: =+Y12*$AA12 -> 186 | Z28: =SUM(B28:Y28) -> 4464 | AA28: =+AA12 -> 31 | AB28: =+AB12 -> 4464 | AC28: =+Z28-AB28 -> 0
A29: =+A13 -> 46174 | B29: =+B13*$AA13 -> 180 | C29: =+C13*$AA13 -> 180 | D29: =+D13*$AA13 -> 180 | E29: =+E13*$AA13 -> 180 | F29: =+F13*$AA13 -> 180 | G29: =+G13*$AA13 -> 180 | H29: =+H13*$AA13 -> 180 | I29: =+I13*$AA13 -> 180 | ... Y29: =+Y13*$AA13 -> 180 | Z29: =SUM(B29:Y29) -> 4320 | AA29: =+AA13 -> 30 | AB29: =+AB13 -> 4320 | AC29: =+Z29-AB29 -> 0
A30: =+A14 -> 46204 | B30: =+B14*$AA14 -> 186 | C30: =+C14*$AA14 -> 186 | D30: =+D14*$AA14 -> 186 | E30: =+E14*$AA14 -> 186 | F30: =+F14*$AA14 -> 186 | G30: =+G14*$AA14 -> 186 | H30: =+H14*$AA14 -> 186 | I30: =+I14*$AA14 -> 186 | ... Y30: =+Y14*$AA14 -> 186 | Z30: =SUM(B30:Y30) -> 4464 | AA30: =+AA14 -> 31 | AB30: =+AB14 -> 4464 | AC30: =+Z30-AB30 -> 0
A31: =+A15 -> 46235 | B31: =+B15*$AA15 -> 186 | C31: =+C15*$AA15 -> 186 | D31: =+D15*$AA15 -> 186 | E31: =+E15*$AA15 -> 186 | F31: =+F15*$AA15 -> 186 | G31: =+G15*$AA15 -> 186 | H31: =+H15*$AA15 -> 186 | I31: =+I15*$AA15 -> 186 | ... Y31: =+Y15*$AA15 -> 186 | Z31: =SUM(B31:Y31) -> 4464 | AA31: =+AA15 -> 31 | AB31: =+AB15 -> 4464 | AC31: =+Z31-AB31 -> 0
A32: =+A16 -> 46266 | B32: =+B16*$AA16 -> 180 | C32: =+C16*$AA16 -> 180 | D32: =+D16*$AA16 -> 180 | E32: =+E16*$AA16 -> 180 | F32: =+F16*$AA16 -> 180 | G32: =+G16*$AA16 -> 180 | H32: =+H16*$AA16 -> 180 | I32: =+I16*$AA16 -> 180 | ... Y32: =+Y16*$AA16 -> 180 | Z32: =SUM(B32:Y32) -> 4320 | AA32: =+AA16 -> 30 | AB32: =+AB16 -> 4320 | AC32: =+Z32-AB32 -> 0
A33: =+A17 -> 46296 | B33: =+B17*$AA17 -> 186 | C33: =+C17*$AA17 -> 186 | D33: =+D17*$AA17 -> 186 | E33: =+E17*$AA17 -> 186 | F33: =+F17*$AA17 -> 186 | G33: =+G17*$AA17 -> 186 | H33: =+H17*$AA17 -> 186 | I33: =+I17*$AA17 -> 186 | ... Y33: =+Y17*$AA17 -> 186 | Z33: =SUM(B33:Y33) -> 4464 | AA33: =+AA17 -> 31 | AB33: =+AB17 -> 4464 | AC33: =+Z33-AB33 -> 0
A34: =+A18 -> 46327 | B34: =+B18*$AA18 -> 180 | C34: =+C18*$AA18 -> 180 | D34: =+D18*$AA18 -> 180 | E34: =+E18*$AA18 -> 180 | F34: =+F18*$AA18 -> 180 | G34: =+G18*$AA18 -> 180 | H34: =+H18*$AA18 -> 180 | I34: =+I18*$AA18 -> 180 | ... Y34: =+Y18*$AA18 -> 180 | Z34: =SUM(B34:Y34) -> 4320 | AA34: =+AA18 -> 30 | AB34: =+AB18 -> 4320 | AC34: =+Z34-AB34 -> 0
A35: =+A19 -> 46357 | B35: =+B19*$AA19 -> 186 | C35: =+C19*$AA19 -> 186 | D35: =+D19*$AA19 -> 186 | E35: =+E19*$AA19 -> 186 | F35: =+F19*$AA19 -> 186 | G35: =+G19*$AA19 -> 186 | H35: =+H19*$AA19 -> 186 | I35: =+I19*$AA19 -> 186 | ... Y35: =+Y19*$AA19 -> 186 | Z35: =SUM(B35:Y35) -> 4464 | AA35: =+AA19 -> 31 | AB35: =+AB19 -> 4464 | AC35: =+Z35-AB35 -> 0

Sheet Oferta Producto No. 3
D2: ANEXO No. 1 OFERTAS Y CANTIDADES
C3: OFERTA MERCANTIL IRREVOCABLE A LA EMPRESA DE ENERGIA DE PEREIRA S.A. ESP. INVITACIÓN PARA EL SUMINISTRO DE ENERGÍA ELÉCTRICA CON DESTINO AL MERCADO REGULADO CONVOCATORIA PÚBLICA No. 002-2025 - CP-EEPC2025-002
D4: PRODUCTO No. 3
C6: EMPRESA: XXXXXXXXXXXXXXXXXXXXXXXXXXXXXX
C7: REPRESENTANTE LEGAL: XXXXXXXXXXXXXXXXXXXXXXXXXXXXXX
C8: TIPO DE AGENTE: (COMERCIALIZADOR/GENERADOR)
C9: ="PRODUCTO OFERTADO: "&D4 -> PRODUCTO OFERTADO: PRODUCTO No. 3
C11: Las tarifas ofertadas están referidas en pesos constantes de febrero de 2025 provisional
F13: ="Oferta " & PROPER(D4) -> Oferta Producto No. 3
F14: Periodo | G14: Energía requerida (MWh-mes) | H14: Energía ofertada (%) | I14: Energía ofertada (MWh-mes) | J14: Tarifa monomia ($/kWh)
A15: 22.85 | B15: 31 | F15: =+'Cantidades Producto No. 3'!A8 -> 46388 | G15: =+'Cantidades Producto No. 3'!AB24 -> 4464
B16: 28 | F16: =+'Cantidades Producto No. 3'!A9 -> 46419 | G16: =+'Cantidades Producto No. 3'!AB25 -> 4032
B17: 31 | F17: =+'Cantidades Producto No. 3'!A10 -> 46447 | G17: =+'Cantidades Producto No. 3'!AB26 -> 4464
B18: 30 | F18: =+'Cantidades Producto No. 3'!A11 -> 46478 | G18: =+'Cantidades Producto No. 3'!AB27 -> 4320
B19: 31 | F19: =+'Cantidades Producto No. 3'!A12 -> 46508 | G19: =+'Cantidades Producto No. 3'!AB28 -> 4464
B20: 30 | F20: =+'Cantidades Producto No. 3'!A13 -> 46539 | G20: =+'Cantidades Producto No. 3'!AB29 -> 4320
B21: 31 | F21: =+'Cantidades Producto No. 3'!A14 -> 46569 | G21: =+'Cantidades Producto No. 3'!AB30 -> 4464
B22: 31 | F22: =+'Cantidades Producto No. 3'!A15 -> 46600 | G22: =+'Cantidades Producto No. 3'!AB31 -> 4464
B23: 30 | F23: =+'Cantidades Producto No. 3'!A16 -> 46631 | G23: =+'Cantidades Producto No. 3'!AB32 -> 4320
B24: 31 | F24: =+'Cantidades Producto No. 3'!A17 -> 46661 | G24: =+'Cantidades Producto No. 3'!AB33 -> 4464
B25: 30 | F25: =+'Cantidades Producto No. 3'!A18 -> 46692 | G25: =+'Cantidades Producto No. 3'!AB34 -> 4320
B26: 31 | F26: =+'Cantidades Producto No. 3'!A19 -> 46722 | G26: =+'Cantidades Producto No. 3'!AB35 -> 4464
F27: TOTAL | G27: =SUM(G15:G26) -> 52560
B29: Notas
B31: (1) Oferta válida para la modalidad Pague lo Contratado.
B32: ="(2) Las cantidades se distribuyen de acuerdo a la curva del Anexo 1. Ofertas y Cantidades "& D4 &" de los Pliegos de Condiciones definitivos" -> (2) Las cantidades se distribuyen de acuerdo a la curva del Anexo 1. Ofertas y Cantidades PRODUCTO No. 3 de los Pliegos de Condiciones definitivos
B33: (3) La cantidad de energía es equivalente a un porcentaje de las cantidades de energía requerida por la Empresa de Energía de Pereira S.A. ESP. (para todo el año/para cada mes), de acuerdo con el Anexo No.1 Ofertas y Cantidades PRODUCTO No. 3 de los Pliegos definitivos, que se aplicarán para todas las 24 horas del día de la curva establecida en dicho Anexo, presentando una tarifa para cada año sin ningún tipo de discriminación por mes, ni tipo de carga ni tipo de día.
B34: (4) Esta oferta NO presenta restricciones tales como adjudicación mínima o total u otras que no permitan la evaluación objetiva e integral del producto ofertado.
B35: (5) Los precios ofertados incluyen todos los pagos, cargos, impuestos, estampillas, etc., que el Proponente deba realizar ante cualquier entidad gubernamental, o empresa pública, privada o mixta para entregar la energía en la frontera con el Sistema de Transmisión Nacional – STN.
B36: (6) Las cantidades ofertadas están sujetas a la adjudicación en la misma proporción respecto a las cantidades ofertadas para todos y cada uno de los meses del año. Es decir, si la Empresa de Energía de Pereira decide adjudicar, por ejemplo, el 50% de lo ofertado en cualesquiera de los meses de alguno de los años, ese mismo porcentaje debe ser adjudicado en el resto de cada uno de los meses de ese año

Sheet Cantidades Producto No. 3
A2: EMPRESA DE ENERGÍA DE PEREIRA S.A. E.S.P.
A3: ='Oferta Producto No. 3'!D4 -> PRODUCTO No. 3
A5: DEMANDA DIARIA ESTIMADA TO [MWh]
A7: MES | B7: H1 | C7: H2 | D7: H3 | E7: H4 | F7: H5 | G7: H6 | H7: H7 | I7: H8 | J7: H9 | K7: H10 | L7: H11 | M7: H12 | N7: H13 | O7: H14 | P7: H15 | Q7: H16 | R7: H17 | S7: H18 | T7: H19 | U7: H20 | V7: H21 | W7: H22 | X7: H23 | Y7: H24 | Z7: TOTAL | AA7: Días
A8: 46388 | B8: 6 | C8: 6 | D8: 6 | E8: 6 | F8: 6 | G8: 6 | H8: 6 | I8: 6 | J8: 6 | K8: 6 | L8: 6 | M8: 6 | N8: 6 | O8: 6 | P8: 6 | Q8: 6 | R8: 6 | S8: 6 | T8: 6 | U8: 6 | V8: 6 | W8: 6 | X8: 6 | Y8: 6 | Z8: =SUM(B8:Y8) -> 144 | AA8: 31 | AB8: =+Z8*AA8 -> 4464
A9: 46419 | B9: 6 | C9: 6 | D9: 6 | E9: 6 | F9: 6 | G9: 6 | H9: 6 | I9: 6 | J9: 6 | K9: 6 | L9: 6 | M9: 6 | N9: 6 | O9: 6 | P9: 6 | Q9: 6 | R9: 6 | S9: 6 | T9: 6 | U9: 6 | V9: 6 | W9: 6 | X9: 6 | Y9: 6 | Z9: =SUM(B9:Y9) -> 144 | AA9: 28 | AB9: =+Z9*AA9 -> 4032
A10: 46447 | B10: 6 | C10: 6 | D10: 6 | E10: 6 | F10: 6 | G10: 6 | H10: 6 | I10: 6 | J10: 6 | K10: 6 | L10: 6 | M10: 6 | N10: 6 | O10: 6 | P10: 6 | Q10: 6 | R10: 6 | S10: 6 | T10: 6 | U10: 6 | V10: 6 | W10: 6 | X10: 6 | Y10: 6 | Z10: =SUM(B10:Y10) -> 144 | AA10: 31 | AB10: =+Z10*AA10 -> 4464
A11: 46478 | B11: 6 | C11: 6 | D11: 6 | E11: 6 | F11: 6 | G11: 6 | H11: 6 | I11: 6 | J11: 6 | K11: 6 | L11: 6 | M11: 6 | N11: 6 | O11: 6 | P11: 6 | Q11: 6 | R11: 6 | S11: 6 | T11: 6 | U11: 6 | V11: 6 | W11: 6 | X11: 6 | Y11: 6 | Z11: =SUM(B11:Y11) -> 144 | AA11: 30 | AB11: =+Z11*AA11 -> 4320
A12: 46508 | B12: 6 | C12: 6 | D12: 6 | E12: 6 | F12: 6 | G12: 6 | H12: 6 | I12: 6 | J12: 6 | K12: 6 | L12: 6 | M12: 6 | N12: 6 | O12: 6 | P12: 6 | Q12: 6 | R12: 6 | S12: 6 | T12: 6 | U12: 6 | V12: 6 | W12: 6 | X12: 6 | Y12: 6 | Z12: =SUM(B12:Y12) -> 144 | AA12: 31 | AB12: =+Z12*AA12 -> 4464
A13: 46539 | B13: 6 | C13: 6 | D13: 6 | E13: 6 | F13: 6 | G13: 6 | H13: 6 | I13: 6 | J13: 6 | K13: 6 | L13: 6 | M13: 6 | N13: 6 | O13: 6 | P13: 6 | Q13: 6 | R13: 6 | S13: 6 | T13: 6 | U13: 6 | V13: 6 | W13: 6 | X13: 6 | Y13: 6 | Z13: =SUM(B13:Y13) -> 144 | AA13: 30 | AB13: =+Z13*AA13 -> 4320
A14: 46569 | B14: 6 | C14: 6 | D14: 6 | E14: 6 | F14: 6 | G14: 6 | H14: 6 | I14: 6 | J14: 6 | K14: 6 | L14: 6 | M14: 6 | N14: 6 | O14: 6 | P14: 6 | Q14: 6 | R14: 6 | S14: 6 | T14: 6 | U14: 6 | V14: 6 | W14: 6 | X14: 6 | Y14: 6 | Z14: =SUM(B14:Y14) -> 144 | AA14: 31 | AB14: =+Z14*AA14 -> 4464
A15: 46600 | B15: 6 | C15: 6 | D15: 6 | E15: 6 | F15: 6 | G15: 6 | H15: 6 | I15: 6 | J15: 6 | K15: 6 | L15: 6 | M15: 6 | N15: 6 | O15: 6 | P15: 6 | Q15: 6 | R15: 6 | S15: 6 | T15: 6 | U15: 6 | V15: 6 | W15: 6 | X15: 6 | Y15: 6 | Z15: =SUM(B15:Y15) -> 144 | AA15: 31 | AB15: =+Z15*AA15 -> 4464
A16: 46631 | B16: 6 | C16: 6 | D16: 6 | E16: 6 | F16: 6 | G16: 6 | H16: 6 | I16: 6 | J16: 6 | K16: 6 | L16: 6 | M16: 6 | N16: 6 | O16: 6 | P16: 6 | Q16: 6 | R16: 6 | S16: 6 | T16: 6 | U16: 6 | V16: 6 | W16: 6 | X16: 6 | Y16: 6 | Z16: =SUM(B16:Y16) -> 144 | AA16: 30 | AB16: =+Z16*AA16 -> 4320
A17: 46661 | B17: 6 | C17: 6 | D17: 6 | E17: 6 | F17: 6 | G17: 6 | H17: 6 | I17: 6 | J17: 6 | K17: 6 | L17: 6 | M17: 6 | N17: 6 | O17: 6 | P17: 6 | Q17: 6 | R17: 6 | S17: 6 | T17: 6 | U17: 6 | V17: 6 | W17: 6 | X17: 6 | Y17: 6 | Z17: =SUM(B17:Y17) -> 144 | AA17: 31 | AB17: =+Z17*AA17 -> 4464
A18: 46692 | B18: 6 | C18: 6 | D18: 6 | E18: 6 | F18: 6 | G18: 6 | H18: 6 | I18: 6 | J18: 6 | K18: 6 | L18: 6 | M18: 6 | N18: 6 | O18: 6 | P18: 6 | Q18: 6 | R18: 6 | S18: 6 | T18: 6 | U18: 6 | V18: 6 | W18: 6 | X18: 6 | Y18: 6 | Z18: =SUM(B18:Y18) -> 144 | AA18: 30 | AB18: =+Z18*AA18 -> 4320
A19: 46722 | B19: 6 | C19: 6 | D19: 6 | E19: 6 | F19: 6 | G19: 6 | H19: 6 | I19: 6 | J19: 6 | K19: 6 | L19: 6 | M19: 6 | N19: 6 | O19: 6 | P19: 6 | Q19: 6 | R19: 6 | S19: 6 | T19: 6 | U19: 6 | V19: 6 | W19: 6 | X19: 6 | Y19: 6 | Z19: =SUM(B19:Y19) -> 144 | AA19: 31 | AB19: =+Z19*AA19 -> 4464
A21: DEMANDA DIARIA ESTIMADA TOTAL [MWh]
A23: MES | B23: H1 | C23: H2 | D23: H3 | E23: H4 | F23: H5 | G23: H6 | H23: H7 | I23: H8 | J23: H9 | K23: H10 | L23: H11 | M23: H12 | N23: H13 | O23: H14 | P23: H15 | Q23: H16 | R23: H17 | S23: H18 | T23: H19 | U23: H20 | V23: H21 | W23: H22 | X23: H23 | Y23: H24 | Z23: TOTAL | AA23: Días
A24: =+A8 -> 46388 | B24: =+B8*$AA8 -> 186 | C24: =+C8*$AA8 -> 186 | D24: =+D8*$AA8 -> 186 | E24: =+E8*$AA8 -> 186 | F24: =+F8*$AA8 -> 186 | G24: =+G8*$AA8 -> 186 | H24: =+H8*$AA8 -> 186 | I24: =+I8*$AA8 -> 186 | ... Y24: =+Y8*$AA8 -> 186 | Z24: =SUM(B24:Y24) -> 4464 | AA24: =+AA8 -> 31 | AB24: =+AB8 -> 4464 | AC24: =+Z24-AB24 -> 0
A25: =+A9 -> 46419 | B25: =+B9*$AA9 -> 168 | C25: =+C9*$AA9 -> 168 | D25: =+D9*$AA9 -> 168 | E25: =+E9*$AA9 -> 168 | F25: =+F9*$AA9 -> 168 | G25: =+G9*$AA9 -> 168 | H25: =+H9*$AA9 -> 168 | I25: =+I9*$AA9 -> 168 | ... Y25: =+Y9*$AA9 -> 168 | Z25: =SUM(B25:Y25) -> 4032 | AA25: =+AA9 -> 28 | AB25: =+AB9 -> 4032 | AC25: =+Z25-AB25 -> 0
A26: =+A10 -> 46447 | B26: =+B10*$AA10 -> 186 | C26: =+C10*$AA10 -> 186 | D26: =+D10*$AA10 -> 186 | E26: =+E10*$AA10 -> 186 | F26: =+F10*$AA10 -> 186 | G26: =+G10*$AA10 -> 186 | H26: =+H10*$AA10 -> 186 | I26: =+I10*$AA10 -> 186 | ... Y26: =+Y10*$AA10 -> 186 | Z26: =SUM(B26:Y26) -> 4464 | AA26: =+AA10 -> 31 | AB26: =+AB10 -> 4464 | AC26: =+Z26-AB26 -> 0
A27: =+A11 -> 46478 | B27: =+B11*$AA11 -> 180 | C27: =+C11*$AA11 -> 180 | D27: =+D11*$AA11 -> 180 | E27: =+E11*$AA11 -> 180 | F27: =+F11*$AA11 -> 180 | G27: =+G11*$AA11 -> 180 | H27: =+H11*$AA11 -> 180 | I27: =+I11*$AA11 -> 180 | ... Y27: =+Y11*$AA11 -> 180 | Z27: =SUM(B27:Y27) -> 4320 | AA27: =+AA11 -> 30 | AB27: =+AB11 -> 4320 | AC27: =+Z27-AB27 -> 0
A28: =+A12 -> 46508 | B28: =+B12*$AA12 -> 186 | C28: =+C12*$AA12 -> 186 | D28: =+D12*$AA12 -> 186 | E28: =+E12*$AA12 -> 186 | F28: =+F12*$AA12 -> 186 | G28: =+G12*$AA12 -> 186 | H28: =+H12*$AA12 -> 186 | I28: =+I12*$AA12 -> 186 | ... Y28: =+Y12*$AA12 -> 186 | Z28: =SUM(B28:Y28) -> 4464 | AA28: =+AA12 -> 31 | AB28: =+AB12 -> 4464 | AC28: =+Z28-AB28 -> 0
A29: =+A13 -> 46539 | B29: =+B13*$AA13 -> 180 | C29: =+C13*$AA13 -> 180 | D29: =+D13*$AA13 -> 180 | E29: =+E13*$AA13 -> 180 | F29: =+F13*$AA13 -> 180 | G29: =+G13*$AA13 -> 180 | H29: =+H13*$AA13 -> 180 | I29: =+I13*$AA13 -> 180 | ... Y29: =+Y13*$AA13 -> 180 | Z29: =SUM(B29:Y29) -> 4320 | AA29: =+AA13 -> 30 | AB29: =+AB13 -> 4320 | AC29: =+Z29-AB29 -> 0
A30: =+A14 -> 46569 | B30: =+B14*$AA14 -> 186 | C30: =+C14*$AA14 -> 186 | D30: =+D14*$AA14 -> 186 | E30: =+E14*$AA14 -> 186 | F30: =+F14*$AA14 -> 186 | G30: =+G14*$AA14 -> 186 | H30: =+H14*$AA14 -> 186 | I30: =+I14*$AA14 -> 186 | ... Y30: =+Y14*$AA14 -> 186 | Z30: =SUM(B30:Y30) -> 4464 | AA30: =+AA14 -> 31 | AB30: =+AB14 -> 4464 | AC30: =+Z30-AB30 -> 0
A31: =+A15 -> 46600 | B31: =+B15*$AA15 -> 186 | C31: =+C15*$AA15 -> 186 | D31: =+D15*$AA15 -> 186 | E31: =+E15*$AA15 -> 186 | F31: =+F15*$AA15 -> 186 | G31: =+G15*$AA15 -> 186 | H31: =+H15*$AA15 -> 186 | I31: =+I15*$AA15 -> 186 | ... Y31: =+Y15*$AA15 -> 186 | Z31: =SUM(B31:Y31) -> 4464 | AA31: =+AA15 -> 31 | AB31: =+AB15 -> 4464 | AC31: =+Z31-AB31 -> 0
A32: =+A16 -> 46631 | B32: =+B16*$AA16 -> 180 | C32: =+C16*$AA16 -> 180 | D32: =+D16*$AA16 -> 180 | E32: =+E16*$AA16 -> 180 | F32: =+F16*$AA16 -> 180 | G32: =+G16*$AA16 -> 180 | H32: =+H16*$AA16 -> 180 | I32: =+I16*$AA16 -> 180 | ... Y32: =+Y16*$AA16 -> 180 | Z32: =SUM(B32:Y32) -> 4320 | AA32: =+AA16 -> 30 | AB32: =+AB16 -> 4320 | AC32: =+Z32-AB32 -> 0
A33: =+A17 -> 46661 | B33: =+B17*$AA17 -> 186 | C33: =+C17*$AA17 -> 186 | D33: =+D17*$AA17 -> 186 | E33: =+E17*$AA17 -> 186 | F33: =+F17*$AA17 -> 186 | G33: =+G17*$AA17 -> 186 | H33: =+H17*$AA17 -> 186 | I33: =+I17*$AA17 -> 186 | ... Y33: =+Y17*$AA17 -> 186 | Z33: =SUM(B33:Y33) -> 4464 | AA33: =+AA17 -> 31 | AB33: =+AB17 -> 4464 | AC33: =+Z33-AB33 -> 0
A34: =+A18 -> 46692 | B34: =+B18*$AA18 -> 180 | C34: =+C18*$AA18 -> 180 | D34: =+D18*$AA18 -> 180 | E34: =+E18*$AA18 -> 180 | F34: =+F18*$AA18 -> 180 | G34: =+G18*$AA18 -> 180 | H34: =+H18*$AA18 -> 180 | I34: =+I18*$AA18 -> 180 | ... Y34: =+Y18*$AA18 -> 180 | Z34: =SUM(B34:Y34) -> 4320 | AA34: =+AA18 -> 30 | AB34: =+AB18 -> 4320 | AC34: =+Z34-AB34 -> 0
A35: =+A19 -> 46722 | B35: =+B19*$AA19 -> 186 | C35: =+C19*$AA19 -> 186 | D35: =+D19*$AA19 -> 186 | E35: =+E19*$AA19 -> 186 | F35: =+F19*$AA19 -> 186 | G35: =+G19*$AA19 -> 186 | H35: =+H19*$AA19 -> 186 | I35: =+I19*$AA19 -> 186 | ... Y35: =+Y19*$AA19 -> 186 | Z35: =SUM(B35:Y35) -> 4464 | AA35: =+AA19 -> 31 | AB35: =+AB19 -> 4464 | AC35: =+Z35-AB35 -> 0
