Workbook

Sheet Oferta Producto 1
B2: ANEXO. CANTIDADES DE ENERGÍA Y PRECIO
B3: PRODUCTO: | C3: 1
B4: OFERTA MERCANTIL No.
B5: INVITACIÓN | C5: CP-CHCC2026-001
B6: OFERENTE:
B7: AÑO: | C7: 2027
B8: CANTIDAD EN: | C8: kWh
B9: EN PESOS DE | C9: 46023
B10: INDICADOR: | C10: IPP- PROVISIONAL
B11: TIPO DE CONTRATO: | C11: PLC
B12: TIPO DE CARGA: | C12: CURVA
B14: Fecha | C14: Energia Solicitada kWh | D14: Porcentaje Ofertado % | E14: Energia Ofertada kWh | F14: Precio $/KWh
B15: 46388 | C15: =+'Cantidad Producto 1-2027'!AE7 -> 21160717 | E15: =+C15*D15 -> 0
B16: 46419 | C16: =+'Cantidad Producto 1-2027'!AE8 -> 19666280 | E16: =+C16*D16 -> 0
B17: 46447 | C17: =+'Cantidad Producto 1-2027'!AE9 -> 20632850 | E17: =+C17*D17 -> 0
B18: 46478 | C18: =+'Cantidad Producto 1-2027'!AE10 -> 20862710 | E18: =+C18*D18 -> 0
B19: 46508 | C19: =+'Cantidad Producto 1-2027'!AE11 -> 13081884 | E19: =+C19*D19 -> 0
B20: 46539 | C20: =+'Cantidad Producto 1-2027'!AE12 -> 13075450 | E20: =+C20*D20 -> 0
B21: 46569 | C21: =+'Cantidad Producto 1-2027'!AE13 -> 15106714 | E21: =+C21*D21 -> 0
B22: 46600 | C22: =+'Cantidad Producto 1-2027'!AE14 -> 14925358 | E22: =+C22*D22 -> 0
B23: 46631 | C23: =+'Cantidad Producto 1-2027'!AE15 -> 16716840 | E23: =+C23*D23 -> 0
B24: 46661 | C24: =+'Cantidad Producto 1-2027'!AE16 -> 22181361 | E24: =+C24*D24 -> 0
B25: 46692 | C25: =+'Cantidad Producto 1-2027'!AE17 -> 21509490 | E25: =+C25*D25 -> 0
B26: 46722 | C26: =+'Cantidad Producto 1-2027'!AE18 -> 22442595 | E26: =+C26*D26 -> 0
B27: Total producto | C27: =SUM(C15:C26) -> 221362249 | D27: %
B29: Notas:
B30: 1) La energía ofertada debe corresponder a lo establecido en el Anexo 8.1.
B31: 2) El porcentaje y el precio ofertado deben permanecer iguales para todos los meses del año
B32: 3) El precio debe ser presentado en $/kWh, expresado en pesos de enero de 2026.
B33: 4) Solo se evaluarán las ofertas que sigan la curva de carga.
B34: 5)No se tendrán en cuenta ofertas que incluyan condiciones y/o modificaciones adicionales a los Pliegos definitivos.
B39: OFERENTE E.S.P

Sheet Oferta Producto 2
B2: ANEXO. CANTIDADES DE ENERGÍA Y PRECIO
B3: PRODUCTO: | C3: 2
B4: OFERTA MERCANTIL No.
B5: INVITACIÓN | C5: CP-CHCC2026-001
B6: OFERENTE:
B7: AÑO: | C7: 2028
B8: CANTIDAD EN: | C8: kWh
B9: EN PESOS DE | C9: 46023
B10: INDICADOR: | C10: IPP- PROVISIONAL
B11: TIPO DE CONTRATO: | C11: PLC
B12: TIPO DE CARGA: | C12: CURVA
B14: Fecha | C14: Energia Solicitada kWh | D14: Porcentaje Ofertado % | E14: Energia Ofertada kWh | F14: Precio $/KWh
B15: 46753 | C15: =+'Cantidad Producto 2-2028'!AE7 -> 6104641
B16: 46784 | C16: =+'Cantidad Producto 2-2028'!AE8 -> 5712690
B17: 46813 | C17: =+'Cantidad Producto 2-2028'!AE9 -> 5944863
B18: 46844 | C18: =+'Cantidad Producto 2-2028'!AE10 -> 5945886
B19: 46874 | C19: =+'Cantidad Producto 2-2028'!AE11 -> 5919594
B20: 46905 | C20: =+'Cantidad Producto 2-2028'!AE12 -> 6098112
B21: 46935 | C21: =+'Cantidad Producto 2-2028'!AE13 -> 6557268
B22: 46966 | C22: =+'Cantidad Producto 2-2028'!AE14 -> 6194133
B23: 46997 | C23: =+'Cantidad Producto 2-2028'!AE15 -> 5869856
B24: 47027 | C24: =+'Cantidad Producto 2-2028'!AE16 -> 6068014
B25: 47058 | C25: =+'Cantidad Producto 2-2028'!AE17 -> 5937618
B26: 47088 | C26: =+'Cantidad Producto 2-2028'!AE18 -> 6251095
B27: Total producto | C27: =SUM(C15:C26) -> 72603770 | D27: %
B29: Notas:
B30: Notas:
B31: 1) La energía ofertada debe corresponder a lo establecido en el Anexo 8.2
B32: 2) El porcentaje y el precio ofertado deben permanecer iguales para todos los meses del año
B33: 3) El precio debe ser presentado en $/kWh, expresado en pesos de enero de 2026.
B34: 4) Solo se evaluarán las ofertas que sigan la curva de carga.
B35: 5)No se tendrán en cuenta ofertas que incluyan condiciones y/o modificaciones adicionales a los Pliegos definitivos.
B40: OFERENTE E.S.P

Sheet Oferta Producto 3
B2: ANEXO. CANTIDADES DE ENERGÍA Y PRECIO
B3: PRODUCTO: | C3: 3
B4: OFERTA MERCANTIL No.
B5: INVITACIÓN | C5: =+'Oferta Producto 1'!C5 -> CP-CHCC2026-001
B6: OFERENTE:
B7: AÑO: | C7: 2029
B8: CANTIDAD EN: | C8: kWh
B9: EN PESOS DE | C9: =+'Oferta Producto 1'!C9 -> 46023
B10: INDICADOR: | C10: IPP- PROVISIONAL
B11: TIPO DE CONTRATO: | C11: PLC
B12: TIPO DE CARGA: | C12: CURVA
B14: Fecha | C14: Energia Solicitada kWh | D14: Porcentaje Ofertado % | E14: Energia Ofertada kWh | F14: Precio $/KWh
B15: 47119 | C15: =+'Cantidad Producto3-2029'!AE7 -> 10369193
B16: 47150 | C16: =+'Cantidad Producto3-2029'!AE8 -> 9610152
B17: 47178 | C17: =+'Cantidad Producto3-2029'!AE9 -> 10033768
B18: 47209 | C18: =+'Cantidad Producto3-2029'!AE10 -> 10103775
B19: 47239 | C19: =+'Cantidad Producto3-2029'!AE11 -> 10080661
B20: 47270 | C20: =+'Cantidad Producto3-2029'!AE12 -> 10232240
B21: 47300 | C21: =+'Cantidad Producto3-2029'!AE13 -> 10757818
B22: 47331 | C22: =+'Cantidad Producto3-2029'!AE14 -> 10593018
B23: 47362 | C23: =+'Cantidad Producto3-2029'!AE15 -> 10083685
B24: 47392 | C24: =+'Cantidad Producto3-2029'!AE16 -> 10452286
B25: 47423 | C25: =+'Cantidad Producto3-2029'!AE17 -> 10239540
B26: 47453 | C26: =+'Cantidad Producto3-2029'!AE18 -> 10677244
B27: Total producto | C27: =SUM(C15:C26) -> 123233380 | D27: %
B29: Notas:
B30: 1) La energía ofertada debe corresponder a lo establecido en el Anexo 8.3
B31: 2) El porcentaje y el precio ofertado deben permanecer iguales para todos los meses del año
B32: 3) El precio debe ser presentado en $/kWh, expresado en pesos de enero de 2026.
B33: 4) Solo se evaluarán las ofertas que sigan la curva de carga.
B34: 5) No se tendrán en cuenta ofertas que incluyan condiciones y/o modificaciones adicionales a los Pliegos definitivos.
B38: OFERENTE E.S.P

Sheet Oferta Producto 4
B2: ANEXO. CANTIDADES DE ENERGÍA Y PRECIO
B3: PRODUCTO: | C3: 4
B4: OFERTA MERCANTIL No.
B5: INVITACIÓN | C5: =+'Oferta Producto 1'!C5 -> CP-CHCC2026-001
B6: OFERENTE:
B7: AÑO: | C7: 2030
B8: CANTIDAD EN: | C8: kWh
B9: EN PESOS DE | C9: =+'Oferta Producto 1'!C9 -> 46023
B10: INDICADOR: | C10: IPP- PROVISIONAL
B11: TIPO DE CONTRATO: | C11: PLC
B12: TIPO DE CARGA: | C12: CURVA
B14: Fecha | C14: Energia Solicitada kWh | D14: Porcentaje Ofertado % | E14: Energia Ofertada kWh | F14: Precio $/KWh
B15: 47484 | C15: =+'Cantidad Producto 4-2030'!AE7 -> 23463619
B16: 47515 | C16: =+'Cantidad Producto 4-2030'!AE8 -> 21983264
B17: 47543 | C17: =+'Cantidad Producto 4-2030'!AE9 -> 22930560
B18: 47574 | C18: =+'Cantidad Producto 4-2030'!AE10 -> 23011184
B19: 47604 | C19: =+'Cantidad Producto 4-2030'!AE11 -> 22947941
B20: 47635 | C20: =+'Cantidad Producto 4-2030'!AE12 -> 23112949
B21: 47665 | C21: =+'Cantidad Producto 4-2030'!AE13 -> 23935549
B22: 47696 | C22: =+'Cantidad Producto 4-2030'!AE14 -> 23893234
B23: 47727 | C23: =+'Cantidad Producto 4-2030'!AE15 -> 22902751
B24: 47757 | C24: =+'Cantidad Producto 4-2030'!AE16 -> 23690538
B25: 47788 | C25: =+'Cantidad Producto 4-2030'!AE17 -> 23238819
B26: 47818 | C26: =+'Cantidad Producto 4-2030'!AE18 -> 24027837
B27: Total producto | C27: =SUM(C15:C26) -> 279138245 | D27: %
B29: Notas:
B30: 1) La energía ofertada debe corresponder a lo establecido en el Anexo 8.4
B31: 2) El porcentaje y el precio ofertado deben permanecer iguales para todos los meses del año
B32: 3) El precio debe ser presentado en $/kWh, expresado en pesos de enero de 2026.
B33: 4) Solo se evaluarán las ofertas que sigan la curva de carga.
B34: 5) No se tendrán en cuenta ofertas que incluyan condiciones y/o modificaciones adicionales a los Pliegos definitivos.
B39: OFERENTE E.S.P

Sheet Oferta Producto 5
B2: ANEXO. CANTIDADES DE ENERGÍA Y PRECIO
B3: PRODUCTO: | C3: 5
B4: OFERTA MERCANTIL No.
B5: INVITACIÓN | C5: =+'Oferta Producto 1'!C5 -> CP-CHCC2026-001
B6: OFERENTE:
B7: AÑO: | C7: 2031
B8: CANTIDAD EN: | C8: kWh
B9: EN PESOS DE | C9: =+'Oferta Producto 1'!C9 -> 46023
B10: INDICADOR: | C10: IPP- PROVISIONAL
B11: TIPO DE CONTRATO: | C11: PLC
B12: TIPO DE CARGA: | C12: CURVA
B14: Fecha | C14: Energia Solicitada kWh | D14: Porcentaje Ofertado % | E14: Energia Ofertada kWh | F14: Precio $/KWh
B15: 47484 | C15: =+'Cantidad Producto 5-2031'!AE7 -> 25540072
B16: 47515 | C16: =+'Cantidad Producto 5-2031'!AE8 -> 23863988
B17: 47543 | C17: =+'Cantidad Producto 5-2031'!AE9 -> 25133146
B18: 47574 | C18: =+'Cantidad Producto 5-2031'!AE10 -> 25175078
B19: 47604 | C19: =+'Cantidad Producto 5-2031'!AE11 -> 25029031
B20: 47635 | C20: =+'Cantidad Producto 5-2031'!AE12 -> 25005430
B21: 47665 | C21: =+'Cantidad Producto 5-2031'!AE13 -> 25526198
B22: 47696 | C22: =+'Cantidad Producto 5-2031'!AE14 -> 26065129
B23: 47727 | C23: =+'Cantidad Producto 5-2031'!AE15 -> 24899520
B24: 47757 | C24: =+'Cantidad Producto 5-2031'!AE16 -> 25960421
B25: 47788 | C25: =+'Cantidad Producto 5-2031'!AE17 -> 25357228
B26: 47818 | C26: =+'Cantidad Producto 5-2031'!AE18 -> 26212931
B27: Total producto | C27: =SUM(C15:C26) -> 303768172 | D27: %
B29: Notas:
B30: 1) La energía ofertada debe corresponder a lo establecido en el Anexo 8.5
B31: 2) El porcentaje y el precio ofertado deben permanecer iguales para todos los meses del año
B32: 3) El precio debe ser presentado en $/kWh, expresado en pesos de enero de 2026.
B33: 4) Solo se evaluarán las ofertas que sigan la curva de carga.
B34: 5) No se tendrán en cuenta ofertas que incluyan condiciones y/o modificaciones adicionales a los Pliegos definitivos.
B39: OFERENTE E.S.P

Sheet Oferta Producto 6 
B2: ANEXO. CANTIDADES DE ENERGÍA Y PRECIO
B3: PRODUCTO: | C3: 6
B4: OFERTA MERCANTIL No.
B5: INVITACIÓN | C5: =+'Oferta Producto 1'!C5 -> CP-CHCC2026-001
B6: OFERENTE:
B7: AÑO: | C7: 2027-2031
B8: CANTIDAD EN: | C8: kWh
B9: EN PESOS DE | C9: =+'Oferta Producto 1'!C9 -> 46023
B10: INDICADOR: | C10: IPP- PROVISIONAL
B11: TIPO DE CONTRATO: | C11: PLC
B12: TIPO DE CARGA: | C12: CURVA
B14: Fecha | C14: Energia Solicitada kWh | D14: Porcentaje Ofertado % | E14: Energia Ofertada kWh | F14: Precio $/KWh
B15: 46388 | C15: 3720000
B16: 46419 | C16: 3360000
B17: 46447 | C17: 3720000
B18: 46478 | C18: 3600000
B19: 46508 | C19: 3720000
B20: 46539 | C20: 3600000
B21: 46569 | C21: 3720000
B22: 46600 | C22: 3720000
B23: 46631 | C23: 3600000
B24: 46661 | C24: 3720000
B25: 46692 | C25: 3600000
B26: 46722 | C26: 3720000
B27: Total año | C27: =SUM(C15:C26) -> 43800000
B28: 46753 | C28: 3720000
B29: 46784 | C29: 3480000
B30: 46813 | C30: 3720000
B31: 46844 | C31: 3600000
B32: 46874 | C32: 3720000
B33: 46905 | C33: 3600000
B34: 46935 | C34: 3720000
B35: 46966 | C35: 3720000
B36: 46997 | C36: 3600000
B37: 47027 | C37: 3720000
B38: 47058 | C38: 3600000
B39: 47088 | C39: 3720000
B40: Total año | C40: =SUM(C28:C39) -> 43920000
B41: 47119 | C41: 3720000
B42: 47150 | C42: 3360000
B43: 47178 | C43: 3720000
B44: 47209 | C44: 3600000
B45: 47239 | C45: 3720000
B46: 47270 | C46: 3600000
B47: 47300 | C47: 3720000
B48: 47331 | C48: 3720000
B49: 47362 | C49: 3600000
B50: 47392 | C50: 3720000
B51: 47423 | C51: 3600000
B52: 47453 | C52: 3720000
B53: Total año | C53: =SUM(C41:C52) -> 43800000
B54: 47484 | C54: 3720000
B55: 47515 | C55: 3360000
B56: 47543 | C56: 3720000
B57: 47574 | C57: 3600000
B58: 47604 | C58: 3720000
B59: 47635 | C59: 3600000
B60: 47665 | C60: 3720000
B61: 47696 | C61: 3720000
B62: 47727 | C62: 3600000
B63: 47757 | C63: 3720000
B64: 47788 | C64: 3600000
B65: 47818 | C65: 3720000
B66: Total año | C66: =SUM(C54:C65) -> 43800000
B67: 47849 | C67: 3720000
B68: 47880 | C68: 3360000
B69: 47908 | C69: 3720000
B70: 47939 | C70: 3600000
B71: 47969 | C71: 3720000
B72: 48000 | C72: 3600000
B73: 48030 | C73: 3720000
B74: 48061 | C74: 3720000
B75: 48092 | C75: 3600000
B76: 48122 | C76: 3720000
B77: 48153 | C77: 3600000
B78: 48183 | C78: 3720000
B79: Total año | C79: =SUM(C67:C78) -> 43800000 | D79: %
B82: Notas:
B83: 1) La energía ofertada debe corresponder a lo establecido en los Anexos 8.6, 8.7, 8.8, 8.9 y 8.10.
B84: 2)El porcentaje ofertado puede ser diferente para cada uno de los años que conforman el producto; no obstante, deberá mantenerse igual para todos los meses de cada año.
B85: 3) El precio ofertado puede variar entre los años; sin embargo, deberá mantenerse igual para todos los meses dentro de un mismo año.
B86: 4) El precio debe presentarse en $/kWh, expresado en pesos de enero de 2026.
B87: 5) Solo se evaluarán ofertas planas o curva solar.
B88: 6) No se considerarán ofertas que incluyan condiciones y/o modificaciones adicionales a los Pliegos definitivos.
B94: OFERENTE E.S.P

Sheet Cantidad Producto 1-2027
B2: CANTIDADES DE ENERGÍA SOLICITADAS (kWh)
B3: CENTRAL HIDROELECTRICA DE CALDAS S.A. E.S.P. -BENEFICIO E INTERÉS COLECTIVO
B4: 2027
B6: Mes | C6: Tipo Día | D6: Días | E6: H1 | F6: H2 | G6: H3 | H6: H4 | I6: H5 | J6: H6 | K6: H7 | L6: H8 | M6: H9 | N6: H10 | O6: H11 | P6: H12 | Q6: H13 | R6: H14 | S6: H15 | T6: H16 | U6: H17 | V6: H18 | W6: H19 | X6: H20 | Y6: H21 | Z6: H22 | AA6: H23 | AB6: H24 | AC6: TOTAL MES
B7: Ene | C7: Ordinario | D7: 19 | E7: 16613 | F7: 15788 | G7: 15218 | H7: 15006 | I7: 16235 | J7: 19814 | K7: 22646 | L7: 34328 | M7: 34359 | N7: 34611 | O7: 35680 | P7: 37670 | Q7: 35855 | R7: 35042 | S7: 36101 | T7: 37129 | U7: 37319 | V7: 32112 | W7: 35239 | X7: 35827 | Y7: 34099 | Z7: 31078 | AA7: 25657 | AB7: 22570 | AC7: =+SUM(E7:AB7)*D7+SUM(E8:AB8)*D8+SUM(E9:AB9)*D9+SUM(E10:AB10)*D10 -> 21160717 | AE7: =+AC7 -> 21160717
B8: Ene | C8: Sábado | D8: 5 | E8: 17810 | F8: 16343 | G8: 15740 | H8: 15403 | I8: 15731 | J8: 16786 | K8: 18311 | L8: 31812 | M8: 34034 | N8: 35200 | O8: 35858 | P8: 37090 | Q8: 37728 | R8: 37069 | S8: 36942 | T8: 36823 | U8: 37115 | V8: 32003 | W8: 35782 | X8: 36129 | Y8: 34448 | Z8: 32224 | AA8: 28459 | AB8: 25645 | AE8: =+AC11 -> 19666280
B9: Ene | C9: Domingo | D9: 5 | E9: 19399 | F9: 17931 | G9: 16978 | H9: 16258 | I9: 15955 | J9: 15556 | K9: 15455 | L9: 26478 | M9: 28564 | N9: 29670 | O9: 31225 | P9: 32965 | Q9: 33600 | R9: 32941 | S9: 33689 | T9: 34608 | U9: 34706 | V9: 30557 | W9: 34005 | X9: 34138 | Y9: 32343 | Z9: 29643 | AA9: 25223 | AB9: 22003 | AE9: =+AC15 -> 20632850
B10: Ene | C10: Festivo | D10: 2 | E10: 18999 | F10: 18005 | G10: 16742 | H10: 16402 | I10: 15773 | J10: 15517 | K10: 13995 | L10: 23782 | M10: 24903 | N10: 26389 | O10: 28449 | P10: 29265 | Q10: 30766 | R10: 31396 | S10: 32072 | T10: 31986 | U10: 32154 | V10: 28901 | W10: 32255 | X10: 32918 | Y10: 32046 | Z10: 28752 | AA10: 24507 | AB10: 21485 | AE10: =+AC19 -> 20862710
B11: Feb | C11: Ordinario | D11: 20 | E11: 16036 | F11: 15811 | G11: 15158 | H11: 15641 | I11: 16056 | J11: 22297 | K11: 25144 | L11: 36712 | M11: 36098 | N11: 36038 | O11: 37091 | P11: 38203 | Q11: 37307 | R11: 37314 | S11: 38245 | T11: 38808 | U11: 38434 | V11: 31633 | W11: 35096 | X11: 35744 | Y11: 34176 | Z11: 31092 | AA11: 26374 | AB11: 22384 | AC11: =+SUM(E11:AB11)*D11+SUM(E12:AB12)*D12+SUM(E13:AB13)*D13+SUM(E14:AB14)*D14 -> 19666280 | AE11: =+AC23 -> 13081884
B12: Feb | C12: Sábado | D12: 4 | E12: 17596 | F12: 16513 | G12: 15873 | H12: 15457 | I12: 15824 | J12: 16772 | K12: 18925 | L12: 33793 | M12: 35567 | N12: 36217 | O12: 37196 | P12: 38173 | Q12: 37619 | R12: 36780 | S12: 36663 | T12: 36477 | U12: 36843 | V12: 31236 | W12: 34118 | X12: 35169 | Y12: 33623 | Z12: 30207 | AA12: 26449 | AB12: 22956 | AE12: =+AC27 -> 13075450
B13: Feb | C13: Domingo | D13: 4 | E13: 17964 | F13: 16654 | G13: 15633 | H13: 15126 | I13: 14917 | J13: 14820 | K13: 14905 | L13: 27432 | M13: 29922 | N13: 31788 | O13: 32030 | P13: 33620 | Q13: 35185 | R13: 35406 | S13: 34541 | T13: 36031 | U13: 32694 | V13: 28116 | W13: 33566 | X13: 31788 | Y13: 31201 | Z13: 28321 | AA13: 23965 | AB13: 20439 | AE13: =+AC31 -> 15106714
B14: Feb | C14: Festivo | D14: 0 | E14: 0 | F14: 0 | G14: 0 | H14: 0 | I14: 0 | J14: 0 | K14: 0 | L14: 0 | M14: 0 | N14: 0 | O14: 0 | P14: 0 | Q14: 0 | R14: 0 | S14: 0 | T14: 0 | U14: 0 | V14: 0 | W14: 0 | X14: 0 | Y14: 0 | Z14: 0 | AA14: 0 | AB14: 0 | AE14: =+AC35 -> 14925358
B15: Mar | C15: Ordinario | D15: 20 | E15: 15379 | F15: 14594 | G15: 14352 | H15: 14293 | I15: 15915 | J15: 20872 | K15: 23166 | L15: 33627 | M15: 33077 | N15: 33258 | O15: 33651 | P15: 35750 | Q15: 35255 | R15: 35068 | S15: 36093 | T15: 36409 | U15: 35500 | V15: 30470 | W15: 33649 | X15: 34937 | Y15: 33655 | Z15: 29551 | AA15: 25435 | AB15: 21568 | AC15: =+SUM(E15:AB15)*D15+SUM(E16:AB16)*D16+SUM(E17:AB17)*D17+SUM(E18:AB18)*D18 -> 20632850 | AE15: =+AC39 -> 16716840
B16: Mar | C16: Sábado | D16: 4 | E16: 14939 | F16: 15376 | G16: 14923 | H16: 14670 | I16: 15189 | J16: 16627 | K16: 18775 | L16: 32583 | M16: 34187 | N16: 35280 | O16: 35612 | P16: 35611 | Q16: 35850 | R16: 35268 | S16: 35330 | T16: 35510 | U16: 35041 | V16: 30083 | W16: 32133 | X16: 34251 | Y16: 32901 | Z16: 30299 | AA16: 26800 | AB16: 23451 | AE16: =+AC43 -> 22181361
B17: Mar | C17: Domingo | D17: 4 | E17: 17360 | F17: 16392 | G17: 15184 | H17: 15384 | I17: 15311 | J17: 12918 | K17: 14438 | L17: 26259 | M17: 28532 | N17: 29371 | O17: 30700 | P17: 32343 | Q17: 32216 | R17: 32934 | S17: 32493 | T17: 32361 | U17: 31821 | V17: 27630 | W17: 30436 | X17: 32479 | Y17: 32827 | Z17: 29586 | AA17: 25620 | AB17: 21483 | AE17: =+AC47 -> 21509490
B18: Mar | C18: Festivo | D18: 3 | E18: 18043 | F18: 17422 | G18: 16376 | H18: 16290 | I18: 16383 | J18: 15885 | K18: 16197 | L18: 27876 | M18: 29610 | N18: 30725 | O18: 32673 | P18: 33830 | Q18: 34901 | R18: 34386 | S18: 34780 | T18: 34604 | U18: 34199 | V18: 30083 | W18: 34422 | X18: 35467 | Y18: 34225 | Z18: 31695 | AA18: 26071 | AB18: 22291 | AE18: =+AC51 -> 22442595
B19: Abr | C19: Ordinario | D19: 22 | E19: 16050 | F19: 15337 | G19: 15312 | H19: 14986 | I19: 16377 | J19: 20734 | K19: 23551 | L19: 34691 | M19: 34244 | N19: 34068 | O19: 35745 | P19: 36974 | Q19: 36770 | R19: 36817 | S19: 38231 | T19: 38187 | U19: 37955 | V19: 31953 | W19: 35060 | X19: 35860 | Y19: 34736 | Z19: 31536 | AA19: 26732 | AB19: 22689 | AC19: =+SUM(E19:AB19)*D19+SUM(E20:AB20)*D20+SUM(E21:AB21)*D21+SUM(E22:AB22)*D22 -> 20862710 | AE19: =SUM(AE7:AE18) -> 221362249
B20: Abr | C20: Sábado | D20: 4 | E20: 17509 | F20: 16513 | G20: 15927 | H20: 15777 | I20: 16322 | J20: 17099 | K20: 17702 | L20: 32680 | M20: 33626 | N20: 34372 | O20: 35906 | P20: 36047 | Q20: 37367 | R20: 36392 | S20: 36979 | T20: 37295 | U20: 37549 | V20: 30907 | W20: 36164 | X20: 34431 | Y20: 32873 | Z20: 30949 | AA20: 27774 | AB20: 26768
B21: Abr | C21: Domingo | D21: 4 | E21: 18704 | F21: 17231 | G21: 16177 | H21: 15940 | I21: 15113 | J21: 15052 | K21: 15591 | L21: 27052 | M21: 29875 | N21: 30699 | O21: 32037 | P21: 32533 | Q21: 34009 | R21: 34033 | S21: 33867 | T21: 33460 | U21: 34298 | V21: 29613 | W21: 33038 | X21: 33682 | Y21: 33208 | Z21: 30860 | AA21: 27485 | AB21: 21920
B22: Abr | C22: Festivo | D22: 0 | E22: 27608 | F22: 24521 | G22: 23220 | H22: 22148 | I22: 22363 | J22: 23052 | K22: 24962 | L22: 33253 | M22: 36755 | N22: 38703 | O22: 40076 | P22: 43733 | Q22: 44907 | R22: 43706 | S22: 43103 | T22: 42394 | U22: 42032 | V22: 47439 | W22: 52553 | X22: 54267 | Y22: 52319 | Z22: 49543 | AA22: 44673 | AB22: 38580
B23: May | C23: Ordinario | D23: 19 | E23: 9410 | F23: 8966 | G23: 8652 | H23: 8751 | I23: 9664 | J23: 12577 | K23: 14195 | L23: 21312 | M23: 20973 | N23: 20498 | O23: 21165 | P23: 22611 | Q23: 22234 | R23: 22506 | S23: 23371 | T23: 23442 | U23: 23134 | V23: 20243 | W23: 22106 | X23: 22648 | Y23: 21690 | Z23: 19717 | AA23: 16937 | AB23: 14379 | AC23: =+SUM(E23:AB23)*D23+SUM(E24:AB24)*D24+SUM(E25:AB25)*D25+SUM(E26:AB26)*D26 -> 13081884
B24: May | C24: Sábado | D24: 4 | E24: 10389 | F24: 9317 | G24: 9151 | H24: 9022 | I24: 9310 | J24: 9643 | K24: 10953 | L24: 19965 | M24: 21232 | N24: 21846 | O24: 22048 | P24: 22213 | Q24: 22446 | R24: 21785 | S24: 21700 | T24: 21729 | U24: 21649 | V24: 19181 | W24: 21152 | X24: 22158 | Y24: 21139 | Z24: 19726 | AA24: 17437 | AB24: 15149
B25: May | C25: Domingo | D25: 5 | E25: 10516 | F25: 9849 | G25: 8928 | H25: 8722 | I25: 8343 | J25: 8371 | K25: 8728 | L25: 16761 | M25: 18300 | N25: 19131 | O25: 19765 | P25: 20034 | Q25: 20386 | R25: 19898 | S25: 19580 | T25: 19909 | U25: 20856 | V25: 16615 | W25: 20314 | X25: 21001 | Y25: 20406 | Z25: 18620 | AA25: 15795 | AB25: 13074
B26: May | C26: Festivo | D26: 3 | E26: 9053 | F26: 9846 | G26: 9805 | H26: 9178 | I26: 9955 | J26: 10279 | K26: 10932 | L26: 19315 | M26: 20014 | N26: 21460 | O26: 22593 | P26: 23712 | Q26: 24533 | R26: 24350 | S26: 23179 | T26: 23016 | U26: 22124 | V26: 19674 | W26: 22218 | X26: 21946 | Y26: 20970 | Z26: 19662 | AA26: 17108 | AB26: 14603
B27: Jun | C27: Ordinario | D27: 21 | E27: 9029 | F27: 8400 | G27: 8212 | H27: 8105 | I27: 9141 | J27: 11764 | K27: 13616 | L27: 22440 | M27: 22214 | N27: 22588 | O27: 23428 | P27: 24253 | Q27: 24084 | R27: 24046 | S27: 24835 | T27: 24825 | U27: 24804 | V27: 20893 | W27: 23384 | X27: 23716 | Y27: 22282 | Z27: 19889 | AA27: 16743 | AB27: 14134 | AC27: =+SUM(E27:AB27)*D27+SUM(E28:AB28)*D28+SUM(E29:AB29)*D29+SUM(E30:AB30)*D30 -> 13075450
B28: Jun | C28: Sábado | D28: 4 | E28: 9591 | F28: 8782 | G28: 8404 | H28: 8141 | I28: 8535 | J28: 9263 | K28: 10409 | L28: 21032 | M28: 21997 | N28: 22563 | O28: 23214 | P28: 23524 | Q28: 23602 | R28: 23084 | S28: 22613 | T28: 22603 | U28: 22484 | V28: 19394 | W28: 21632 | X28: 22735 | Y28: 21617 | Z28: 19794 | AA28: 17697 | AB28: 15274
B29: Jun | C29: Domingo | D29: 4 | E29: 10872 | F29: 9760 | G29: 9135 | H29: 8868 | I29: 8591 | J29: 8351 | K29: 8310 | L29: 17366 | M29: 18782 | N29: 19913 | O29: 20438 | P29: 20861 | Q29: 21067 | R29: 21012 | S29: 20555 | T29: 20734 | U29: 20939 | V29: 18202 | W29: 20291 | X29: 21437 | Y29: 20645 | Z29: 19097 | AA29: 16834 | AB29: 14270
B30: Jun | C30: Festivo | D30: 1 | E30: 9542 | F30: 8859 | G30: 8346 | H30: 8135 | I30: 8200 | J30: 8208 | K30: 7924 | L30: 16805 | M30: 17451 | N30: 17991 | O30: 20147 | P30: 21111 | Q30: 22314 | R30: 22110 | S30: 21949 | T30: 21927 | U30: 21460 | V30: 18523 | W30: 21134 | X30: 21869 | Y30: 21064 | Z30: 19366 | AA30: 16518 | AB30: 13916
B31: Jul | C31: Ordinario | D31: 20 | E31: 12378 | F31: 11772 | G31: 11453 | H31: 11472 | I31: 12453 | J31: 15409 | K31: 17178 | L31: 24858 | M31: 24662 | N31: 24945 | O31: 25376 | P31: 26964 | Q31: 26401 | R31: 26498 | S31: 27225 | T31: 27305 | U31: 26913 | V31: 22009 | W31: 23846 | X31: 25286 | Y31: 24131 | Z31: 21709 | AA31: 18286 | AB31: 15839 | AC31: =+SUM(E31:AB31)*D31+SUM(E32:AB32)*D32+SUM(E33:AB33)*D33+SUM(E34:AB34)*D34 -> 15106714
B32: Jul | C32: Sábado | D32: 5 | E32: 13271 | F32: 12518 | G32: 11942 | H32: 11801 | I32: 12018 | J32: 12443 | K32: 13538 | L32: 23494 | M32: 24522 | N32: 25106 | O32: 25327 | P32: 26200 | Q32: 26490 | R32: 26135 | S32: 25772 | T32: 25392 | U32: 24961 | V32: 20746 | W32: 22122 | X32: 23605 | Y32: 22316 | Z32: 20430 | AA32: 18108 | AB32: 15923
B33: Jul | C33: Domingo | D33: 4 | E33: 12427 | F33: 11620 | G33: 11142 | H33: 10896 | I33: 10697 | J33: 10328 | K33: 10655 | L33: 18868 | M33: 20363 | N33: 20995 | O33: 21519 | P33: 22855 | Q33: 23149 | R33: 23322 | S33: 23180 | T33: 23051 | U33: 22944 | V33: 18895 | W33: 21124 | X33: 23084 | Y33: 22376 | Z33: 20059 | AA33: 16873 | AB33: 14402
B34: Jul | C34: Festivo | D34: 2 | E34: 14560 | F34: 13567 | G34: 12580 | H34: 11710 | I34: 11496 | J34: 10479 | K34: 10704 | L34: 18890 | M34: 20935 | N34: 20789 | O34: 20183 | P34: 21597 | Q34: 22273 | R34: 22759 | S34: 21480 | T34: 21571 | U34: 21720 | V34: 17565 | W34: 19183 | X34: 21592 | Y34: 21732 | Z34: 19787 | AA34: 17204 | AB34: 15223
B35: Ago | C35: Ordinario | D35: 21 | E35: 11687 | F35: 10833 | G35: 10515 | H35: 10457 | I35: 11843 | J35: 15894 | K35: 19235 | L35: 26240 | M35: 25034 | N35: 24756 | O35: 25163 | P35: 26103 | Q35: 25792 | R35: 25975 | S35: 27133 | T35: 27552 | U35: 27492 | V35: 23478 | W35: 25092 | X35: 26466 | Y35: 24954 | Z35: 22044 | AA35: 18357 | AB35: 15872 | AC35: =+SUM(E35:AB35)*D35+SUM(E36:AB36)*D36+SUM(E37:AB37)*D37+SUM(E38:AB38)*D38 -> 14925358
B36: Ago | C36: Sábado | D36: 3 | E36: 12925 | F36: 11953 | G36: 11237 | H36: 10799 | I36: 10435 | J36: 8937 | K36: 10655 | L36: 22031 | M36: 24437 | N36: 24537 | O36: 24114 | P36: 24275 | Q36: 25183 | R36: 25775 | S36: 24166 | T36: 24081 | U36: 23881 | V36: 21227 | W36: 22375 | X36: 23123 | Y36: 21406 | Z36: 19500 | AA36: 16991 | AB36: 15545
B37: Ago | C37: Domingo | D37: 5 | E37: 12022 | F37: 11168 | G37: 10316 | H37: 9852 | I37: 9157 | J37: 8456 | K37: 7753 | L37: 15645 | M37: 16992 | N37: 17944 | O37: 18511 | P37: 19684 | Q37: 21021 | R37: 21259 | S37: 20781 | T37: 21142 | U37: 21592 | V37: 18686 | W37: 20760 | X37: 22438 | Y37: 21680 | Z37: 18802 | AA37: 15600 | AB37: 13400
B38: Ago | C38: Festivo | D38: 2 | E38: 11698 | F38: 10553 | G38: 10462 | H38: 10535 | I38: 10865 | J38: 11070 | K38: 11858 | L38: 20200 | M38: 21032 | N38: 21304 | O38: 22788 | P38: 22861 | Q38: 23126 | R38: 24909 | S38: 25004 | T38: 24333 | U38: 25202 | V38: 22883 | W38: 24530 | X38: 24620 | Y38: 22742 | Z38: 19835 | AA38: 16632 | AB38: 13949
B39: Sep | C39: Ordinario | D39: 22 | E39: 13275 | F39: 12472 | G39: 12175 | H39: 11936 | I39: 13278 | J39: 17030 | K39: 19905 | L39: 28817 | M39: 27851 | N39: 27929 | O39: 28651 | P39: 30232 | Q39: 29700 | R39: 29437 | S39: 30588 | T39: 31151 | U39: 30822 | V39: 25965 | W39: 28677 | X39: 29326 | Y39: 27759 | Z39: 25124 | AA39: 20757 | AB39: 17435 | AC39: =+SUM(E39:AB39)*D39+SUM(E40:AB40)*D40+SUM(E41:AB41)*D41+SUM(E42:AB42)*D42 -> 16716840
B40: Sep | C40: Sábado | D40: 4 | E40: 13554 | F40: 12518 | G40: 12150 | H40: 11926 | I40: 12199 | J40: 13488 | K40: 14947 | L40: 26752 | M40: 27711 | N40: 28177 | O40: 29076 | P40: 29484 | Q40: 29470 | R40: 29532 | S40: 29072 | T40: 29142 | U40: 29906 | V40: 24782 | W40: 27282 | X40: 27672 | Y40: 26033 | Z40: 23290 | AA40: 20877 | AB40: 17927
B41: Sep | C41: Domingo | D41: 4 | E41: 14205 | F41: 13074 | G41: 12142 | H41: 11926 | I41: 11452 | J41: 11012 | K41: 11760 | L41: 21616 | M41: 22357 | N41: 23162 | O41: 24355 | P41: 25774 | Q41: 27020 | R41: 27361 | S41: 26741 | T41: 26517 | U41: 26660 | V41: 23469 | W41: 25483 | X41: 26805 | Y41: 24830 | Z41: 22765 | AA41: 18925 | AB41: 16226
B42: Sep | C42: Festivo | D42: 0 | E42: 0 | F42: 0 | G42: 0 | H42: 0 | I42: 0 | J42: 0 | K42: 0 | L42: 0 | M42: 0 | N42: 0 | O42: 0 | P42: 0 | Q42: 0 | R42: 0 | S42: 0 | T42: 0 | U42: 0 | V42: 0 | W42: 0 | X42: 0 | Y42: 0 | Z42: 0 | AA42: 0 | AB42: 0
B43: Oct | C43: Ordinario | D43: 20 | E43: 18197 | F43: 17223 | G43: 16796 | H43: 16708 | I43: 18185 | J43: 22431 | K43: 24957 | L43: 35530 | M43: 34883 | N43: 34984 | O43: 36055 | P43: 37834 | Q43: 37186 | R43: 37268 | S43: 38461 | T43: 39221 | U43: 39114 | V43: 33882 | W43: 37353 | X43: 37292 | Y43: 35383 | Z43: 32657 | AA43: 27477 | AB43: 23628 | AC43: =+SUM(E43:AB43)*D43+SUM(E44:AB44)*D44+SUM(E45:AB45)*D45+SUM(E46:AB46)*D46 -> 22181361
B44: Oct | C44: Sábado | D44: 5 | E44: 19147 | F44: 17921 | G44: 17316 | H44: 16974 | I44: 17135 | J44: 17899 | K44: 19470 | L44: 33106 | M44: 34312 | N44: 35287 | O44: 35795 | P44: 36960 | Q44: 37630 | R44: 37163 | S44: 37644 | T44: 37673 | U44: 37829 | V44: 32527 | W44: 36630 | X44: 36572 | Y44: 34823 | Z44: 32134 | AA44: 28642 | AB44: 25344
B45: Oct | C45: Domingo | D45: 5 | E45: 19773 | F45: 18202 | G45: 17200 | H45: 16799 | I45: 16918 | J45: 16227 | K45: 15875 | L45: 26584 | M45: 28778 | N45: 30197 | O45: 32114 | P45: 33677 | Q45: 34624 | R45: 34649 | S45: 33672 | T45: 34214 | U45: 34165 | V45: 30607 | W45: 34748 | X45: 35194 | Y45: 33530 | Z45: 30382 | AA45: 26270 | AB45: 23061
B46: Oct | C46: Festivo | D46: 1 | E46: 17781 | F46: 16865 | G46: 16211 | H46: 16204 | I46: 16619 | J46: 16129 | K46: 15812 | L46: 27057 | M46: 28631 | N46: 31026 | O46: 32537 | P46: 33734 | Q46: 35427 | R46: 35280 | S46: 35182 | T46: 34567 | U46: 34793 | V46: 31615 | W46: 36384 | X46: 35069 | Y46: 34099 | Z46: 30924 | AA46: 26060 | AB46: 22290
B47: Nov | C47: Ordinario | D47: 20 | E47: 17843 | F47: 16842 | G47: 16931 | H47: 16771 | I47: 18339 | J47: 22555 | K47: 25646 | L47: 36004 | M47: 35139 | N47: 34920 | O47: 36448 | P47: 37761 | Q47: 37161 | R47: 37240 | S47: 38892 | T47: 39942 | U47: 39684 | V47: 34311 | W47: 37450 | X47: 36784 | Y47: 35410 | Z47: 32470 | AA47: 27417 | AB47: 24071 | AC47: =+SUM(E47:AB47)*D47+SUM(E48:AB48)*D48+SUM(E49:AB49)*D49+SUM(E50:AB50)*D50 -> 21509490
B48: Nov | C48: Sábado | D48: 4 | E48: 19041 | F48: 17927 | G48: 17101 | H48: 17080 | I48: 17571 | J48: 18368 | K48: 20360 | L48: 33530 | M48: 34669 | N48: 35176 | O48: 35868 | P48: 36798 | Q48: 36812 | R48: 36606 | S48: 36814 | T48: 37097 | U48: 37320 | V48: 32842 | W48: 36272 | X48: 36224 | Y48: 34355 | Z48: 31412 | AA48: 28369 | AB48: 25216
B49: Nov | C49: Domingo | D49: 4 | E49: 19993 | F49: 18848 | G49: 17813 | H49: 17461 | I49: 17030 | J49: 17043 | K49: 16276 | L49: 27584 | M49: 29807 | N49: 30739 | O49: 31403 | P49: 32516 | Q49: 33621 | R49: 33775 | S49: 34067 | T49: 34283 | U49: 35197 | V49: 30346 | W49: 34111 | X49: 34291 | Y49: 32682 | Z49: 30111 | AA49: 25708 | AB49: 22930
B50: Nov | C50: Festivo | D50: 2 | E50: 18358 | F50: 17270 | G50: 16875 | H50: 16282 | I50: 16150 | J50: 16637 | K50: 16136 | L50: 27130 | M50: 28474 | N50: 29500 | O50: 31401 | P50: 33147 | Q50: 33918 | R50: 34202 | S50: 34730 | T50: 35288 | U50: 36024 | V50: 31638 | W50: 35113 | X50: 35149 | Y50: 33217 | Z50: 29649 | AA50: 24757 | AB50: 22464
B51: Dic | C51: Ordinario | D51: 22 | E51: 19670 | F51: 18292 | G51: 17674 | H51: 17441 | I51: 18371 | J51: 20666 | K51: 22427 | L51: 34872 | M51: 35612 | N51: 35968 | O51: 36945 | P51: 38636 | Q51: 38234 | R51: 36977 | S51: 38907 | T51: 39549 | U51: 39407 | V51: 33678 | W51: 37966 | X51: 37985 | Y51: 36131 | Z51: 33248 | AA51: 28636 | AB51: 25394 | AC51: =+SUM(E51:AB51)*D51+SUM(E52:AB52)*D52+SUM(E53:AB53)*D53+SUM(E54:AB54)*D54 -> 22442595
B52: Dic | C52: Sábado | D52: 3 | E52: 19868 | F52: 18665 | G52: 17921 | H52: 17277 | I52: 18006 | J52: 18788 | K52: 19871 | L52: 33089 | M52: 34753 | N52: 35455 | O52: 35988 | P52: 36824 | Q52: 37142 | R52: 36898 | S52: 37074 | T52: 36700 | U52: 36985 | V52: 31246 | W52: 36475 | X52: 36933 | Y52: 35526 | Z52: 33170 | AA52: 29444 | AB52: 26317
B53: Dic | C53: Domingo | D53: 4 | E53: 21439 | F53: 19795 | G53: 18537 | H53: 17937 | I53: 17319 | J53: 17218 | K53: 16451 | L53: 28840 | M53: 31188 | N53: 31690 | O53: 32763 | P53: 34115 | Q53: 35770 | R53: 34941 | S53: 33391 | T53: 34775 | U53: 34672 | V53: 30282 | W53: 33876 | X53: 34209 | Y53: 33188 | Z53: 31755 | AA53: 27754 | AB53: 25163
B54: Dic | C54: Festivo | D54: 2 | E54: 20768 | F54: 19669 | G54: 18490 | H54: 17878 | I54: 16858 | J54: 16187 | K54: 14869 | L54: 24249 | M54: 24728 | N54: 25761 | O54: 27975 | P54: 29807 | Q54: 31604 | R54: 32350 | S54: 31697 | T54: 32309 | U54: 32669 | V54: 28529 | W54: 31847 | X54: 32705 | Y54: 30958 | Z54: 28765 | AA54: 24751 | AB54: 21570
Z55: TOTAL AÑO kWh | AC55: =SUM(AC7:AC54) -> 221362249
E62: 1000

Sheet Cantidad Producto 2-2028
B2: CANTIDADES DE ENERGÍA SOLICITADAS (kWh)
B3: CENTRAL HIDROELECTRICA DE CALDAS S.A. E.S.P. -BENEFICIO E INTERÉS COLECTIVO
B4: 2028
B6: Mes | C6: Tipo Día | D6: Días | E6: H1 | F6: H2 | G6: H3 | H6: H4 | I6: H5 | J6: H6 | K6: H7 | L6: H8 | M6: H9 | N6: H10 | O6: H11 | P6: H12 | Q6: H13 | R6: H14 | S6: H15 | T6: H16 | U6: H17 | V6: H18 | W6: H19 | X6: H20 | Y6: H21 | Z6: H22 | AA6: H23 | AB6: H24 | AC6: TOTAL MES
B7: Ene | C7: Ordinario | D7: 20 | E7: 5509 | F7: 5433 | G7: 5282 | H7: 5282 | I7: 5809 | J7: 7163 | K7: 9143 | L7: 12506 | M7: 12299 | N7: 12131 | O7: 12396 | P7: 13004 | Q7: 11712 | R7: 11341 | S7: 11782 | T7: 12310 | U7: 12781 | V7: 6187 | W7: 6576 | X7: 5985 | Y7: 5452 | Z7: 4717 | AA7: 3279 | AB7: 2758 | AC7: =+SUM(E7:AB7)*D7+SUM(E8:AB8)*D8+SUM(E9:AB9)*D9+SUM(E10:AB10)*D10 -> 6104641 | AE7: =+AC7 -> 6104641
B8: Ene | C8: Sábado | D8: 4 | E8: 6395 | F8: 5907 | G8: 5721 | H8: 5584 | I8: 5677 | J8: 5832 | K8: 6999 | L8: 11319 | M8: 12064 | N8: 12416 | O8: 12585 | P8: 12852 | Q8: 13057 | R8: 12800 | S8: 12660 | T8: 12626 | U8: 13045 | V8: 6369 | W8: 6954 | X8: 6295 | Y8: 5942 | Z8: 5659 | AA8: 4881 | AB8: 4445 | AE8: =+AC11 -> 5712690
B9: Ene | C9: Domingo | D9: 5 | E9: 6996 | F9: 6603 | G9: 6209 | H9: 5881 | I9: 5697 | J9: 5197 | K9: 5485 | L9: 8890 | M9: 9561 | N9: 9795 | O9: 10375 | P9: 10936 | Q9: 11024 | R9: 10716 | S9: 11164 | T9: 11724 | U9: 12110 | V9: 5760 | W9: 6203 | X9: 5401 | Y9: 4772 | Z9: 4068 | AA9: 3206 | AB9: 2478 | AE9: =+AC15 -> 5944863
B10: Ene | C10: Festivo | D10: 2 | E10: 6391 | F10: 6108 | G10: 5663 | H10: 5835 | I10: 5648 | J10: 5642 | K10: 5698 | L10: 8868 | M10: 8978 | N10: 9271 | O10: 10062 | P10: 10178 | Q10: 10521 | R10: 10912 | S10: 11339 | T10: 11426 | U10: 11809 | V10: 6058 | W10: 5953 | X10: 5572 | Y10: 5343 | Z10: 4213 | AA10: 3117 | AB10: 2550 | AE10: =+AC19 -> 5945886
B11: Feb | C11: Ordinario | D11: 21 | E11: 5445 | F11: 5567 | G11: 5321 | H11: 5573 | I11: 5468 | J11: 7296 | K11: 8885 | L11: 12486 | M11: 12273 | N11: 12177 | O11: 12368 | P11: 12576 | Q11: 12253 | R11: 12166 | S11: 12375 | T11: 12551 | U11: 12629 | V11: 5250 | W11: 5739 | X11: 5232 | Y11: 4866 | Z11: 4456 | AA11: 3601 | AB11: 2773 | AC11: =+SUM(E11:AB11)*D11+SUM(E12:AB12)*D12+SUM(E13:AB13)*D13+SUM(E14:AB14)*D14 -> 5712690 | AE11: =+AC23 -> 5919594
B12: Feb | C12: Sábado | D12: 4 | E12: 6141 | F12: 5964 | G12: 5889 | H12: 5723 | I12: 5811 | J12: 6084 | K12: 7428 | L12: 11831 | M12: 12221 | N12: 12401 | O12: 12464 | P12: 12655 | Q12: 12241 | R12: 12090 | S12: 12135 | T12: 12119 | U12: 12457 | V12: 5470 | W12: 5613 | X12: 5319 | Y12: 5082 | Z12: 4280 | AA12: 3518 | AB12: 2760 | AE12: =+AC27 -> 6098112
B13: Feb | C13: Domingo | D13: 4 | E13: 5995 | F13: 5799 | G13: 5555 | H13: 5461 | I13: 5564 | J13: 5574 | K13: 6161 | L13: 10193 | M13: 10868 | N13: 11243 | O13: 11128 | P13: 11689 | Q13: 12070 | R13: 12214 | S13: 11932 | T13: 12703 | U13: 11523 | V13: 4641 | W13: 6024 | X13: 4366 | Y13: 4287 | Z13: 3743 | AA13: 2876 | AB13: 2406 | AE13: =+AC31 -> 6557268
B14: Feb | C14: Festivo | D14: 0 | E14: 0 | F14: 0 | G14: 0 | H14: 0 | I14: 0 | J14: 0 | K14: 0 | L14: 0 | M14: 0 | N14: 0 | O14: 0 | P14: 0 | Q14: 0 | R14: 0 | S14: 0 | T14: 0 | U14: 0 | V14: 0 | W14: 0 | X14: 0 | Y14: 0 | Z14: 0 | AA14: 0 | AB14: 0 | AE14: =+AC35 -> 6194133
B15: Mar | C15: Ordinario | D15: 22 | E15: 5732 | F15: 5561 | G15: 5521 | H15: 5522 | I15: 6002 | J15: 7288 | K15: 8243 | L15: 11404 | M15: 11176 | N15: 11140 | O15: 11067 | P15: 11820 | Q15: 11737 | R15: 11615 | S15: 11876 | T15: 11977 | U15: 11737 | V15: 4867 | W15: 5477 | X15: 5450 | Y15: 5337 | Z15: 4402 | AA15: 3807 | AB15: 2923 | AC15: =+SUM(E15:AB15)*D15+SUM(E16:AB16)*D16+SUM(E17:AB17)*D17+SUM(E18:AB18)*D18 -> 5944863 | AE15: =+AC39 -> 5869856
B16: Mar | C16: Sábado | D16: 4 | E16: 5302 | F16: 5823 | G16: 5733 | H16: 5675 | I16: 5860 | J16: 6312 | K16: 7347 | L16: 11556 | M16: 11862 | N16: 12124 | O16: 12128 | P16: 11931 | Q16: 12037 | R16: 11919 | S16: 12063 | T16: 12229 | U16: 12229 | V16: 5208 | W16: 5146 | X16: 5585 | Y16: 5460 | Z16: 4935 | AA16: 4326 | AB16: 3557 | AE16: =+AC43 -> 6068014
B17: Mar | C17: Domingo | D17: 4 | E17: 6351 | F17: 6228 | G17: 5823 | H17: 6063 | I17: 6105 | J17: 5045 | K17: 6163 | L17: 9943 | M17: 10377 | N17: 10289 | O17: 10755 | P17: 11373 | Q17: 11117 | R17: 11383 | S17: 11324 | T17: 11318 | U17: 11302 | V17: 4791 | W17: 5071 | X17: 5180 | Y17: 5634 | Z17: 4837 | AA17: 4179 | AB17: 3189 | AE17: =+AC47 -> 5937618
B18: Mar | C18: Festivo | D18: 1 | E18: 6961 | F18: 6980 | G18: 6621 | H18: 6664 | I18: 6733 | J18: 6460 | K18: 6915 | L18: 10499 | M18: 10778 | N18: 11069 | O18: 11808 | P18: 12052 | Q18: 12295 | R18: 12136 | S18: 12595 | T18: 12588 | U18: 12622 | V18: 6258 | W18: 7251 | X18: 6890 | Y18: 6769 | Z18: 6365 | AA18: 4388 | AB18: 3436 | AE18: =+AC51 -> 6251095
B19: Abr | C19: Ordinario | D19: 18 | E19: 5943 | F19: 5833 | G19: 5900 | H19: 5743 | I19: 6035 | J19: 6838 | K19: 7884 | L19: 11496 | M19: 11537 | N19: 11386 | O19: 11919 | P19: 12468 | Q19: 12411 | R19: 12333 | S19: 12756 | T19: 12615 | U19: 12624 | V19: 5240 | W19: 5548 | X19: 5510 | Y19: 5494 | Z19: 4951 | AA19: 4199 | AB19: 3425 | AC19: =+SUM(E19:AB19)*D19+SUM(E20:AB20)*D20+SUM(E21:AB21)*D21+SUM(E22:AB22)*D22 -> 5945886 | AE19: =SUM(AE7:AE18) -> 72603770
B20: Abr | C20: Sábado | D20: 5 | E20: 6344 | F20: 6119 | G20: 6061 | H20: 6028 | I20: 6159 | J20: 6252 | K20: 6733 | L20: 11035 | M20: 10896 | N20: 10994 | O20: 11587 | P20: 11524 | Q20: 11908 | R20: 11935 | S20: 12367 | T20: 12540 | U20: 12866 | V20: 6178 | W20: 6648 | X20: 5401 | Y20: 5189 | Z20: 4986 | AA20: 4584 | AB20: 4164
B21: Abr | C21: Domingo | D21: 5 | E21: 6701 | F21: 6319 | G21: 6024 | H21: 6075 | I21: 5807 | J21: 5841 | K21: 6368 | L21: 9883 | M21: 10586 | N21: 10580 | O21: 10973 | P21: 11016 | Q21: 11389 | R21: 11307 | S21: 11507 | T21: 11451 | U21: 12088 | V21: 5168 | W21: 5694 | X21: 5491 | Y21: 5563 | Z21: 5351 | AA21: 4997 | AB21: 3427
B22: Abr | C22: Festivo | D22: 2 | E22: 7370 | F22: 6894 | G22: 6856 | H22: 6676 | I22: 6795 | J22: 6814 | K22: 7251 | L22: 11337 | M22: 11434 | N22: 11115 | O22: 10781 | P22: 11633 | Q22: 11695 | R22: 11376 | S22: 11778 | T22: 11862 | U22: 12116 | V22: 5496 | W22: 5703 | X22: 5457 | Y22: 5300 | Z22: 5651 | AA22: 5645 | AB22: 4856
B23: May | C23: Ordinario | D23: 21 | E23: 5918 | F23: 5770 | G23: 5616 | H23: 5677 | I23: 5980 | J23: 6898 | K23: 7778 | L23: 11211 | M23: 11094 | N23: 10688 | O23: 10862 | P23: 11629 | Q23: 11553 | R23: 11769 | S23: 12224 | T23: 12218 | U23: 12194 | V23: 5167 | W23: 5391 | X23: 5430 | Y23: 5252 | Z23: 4756 | AA23: 4156 | AB23: 3415 | AC23: =+SUM(E23:AB23)*D23+SUM(E24:AB24)*D24+SUM(E25:AB25)*D25+SUM(E26:AB26)*D26 -> 5919594
B24: May | C24: Sábado | D24: 4 | E24: 6301 | F24: 5749 | G24: 5772 | H24: 5739 | I24: 5832 | J24: 5884 | K24: 6618 | L24: 10666 | M24: 11146 | N24: 11335 | O24: 11287 | P24: 11246 | Q24: 11438 | R24: 11203 | S24: 11300 | T24: 11392 | U24: 11515 | V24: 4825 | W24: 5181 | X24: 5460 | Y24: 5214 | Z24: 4898 | AA24: 4272 | AB24: 3590
B25: May | C25: Domingo | D25: 4 | E25: 6250 | F25: 6048 | G25: 5568 | H25: 5568 | I25: 5356 | J25: 5552 | K25: 5990 | L25: 9851 | M25: 10349 | N25: 10497 | O25: 10665 | P25: 10656 | Q25: 10892 | R25: 10680 | S25: 10657 | T25: 10955 | U25: 11789 | V25: 3821 | W25: 5320 | X25: 5251 | Y25: 5018 | Z25: 4467 | AA25: 3556 | AB25: 2619
B26: May | C26: Festivo | D26: 2 | E26: 5561 | F26: 6386 | G26: 6460 | H26: 6099 | I26: 6627 | J26: 6924 | K26: 7572 | L26: 11656 | M26: 11623 | N26: 12210 | O26: 12566 | P26: 12949 | Q26: 13328 | R26: 13352 | S26: 12732 | T26: 12720 | U26: 12285 | V26: 5645 | W26: 6215 | X26: 5328 | Y26: 5010 | Z26: 4977 | AA26: 4495 | AB26: 3818
B27: Jun | C27: Ordinario | D27: 20 | E27: 6444 | F27: 6244 | G27: 6199 | H27: 6120 | I27: 6518 | J27: 7438 | K27: 8304 | L27: 12067 | M27: 11890 | N27: 11981 | O27: 12203 | P27: 12359 | Q27: 12449 | R27: 12496 | S27: 12858 | T27: 12862 | U27: 13071 | V27: 5598 | W27: 6142 | X27: 5881 | Y27: 5496 | Z27: 4843 | AA27: 4199 | AB27: 3602 | AC27: =+SUM(E27:AB27)*D27+SUM(E28:AB28)*D28+SUM(E29:AB29)*D29+SUM(E30:AB30)*D30 -> 6098112
B28: Jun | C28: Sábado | D28: 4 | E28: 6496 | F28: 6241 | G28: 6115 | H28: 6028 | I28: 6149 | J28: 6475 | K28: 6995 | L28: 11516 | M28: 11704 | N28: 11840 | O28: 12085 | P28: 12047 | Q28: 12109 | R28: 11954 | S28: 11741 | T28: 11797 | U28: 11966 | V28: 4988 | W28: 5327 | X28: 5592 | Y28: 5400 | Z28: 5021 | AA28: 4651 | AB28: 4043
B29: Jun | C29: Domingo | D29: 4 | E29: 7213 | F29: 6709 | G29: 6532 | H29: 6474 | I29: 6361 | J29: 6392 | K29: 6602 | L29: 10599 | M29: 10907 | N29: 11282 | O29: 11414 | P29: 11433 | Q29: 11372 | R29: 11463 | S29: 11341 | T29: 11541 | U29: 11911 | V29: 5196 | W29: 5465 | X29: 5581 | Y29: 5349 | Z29: 5072 | AA29: 4621 | AB29: 3900
B30: Jun | C30: Festivo | D30: 2 | E30: 6471 | F30: 6285 | G30: 6110 | H30: 6092 | I30: 6099 | J30: 6222 | K30: 6295 | L30: 10289 | M30: 10156 | N30: 10169 | O30: 11086 | P30: 11265 | Q30: 11889 | R30: 12040 | S30: 12081 | T30: 12218 | U30: 12181 | V30: 4875 | W30: 5303 | X30: 5126 | Y30: 5096 | Z30: 4941 | AA30: 4359 | AB30: 3748
B31: Jul | C31: Ordinario | D31: 19 | E31: 7007 | F31: 6821 | G31: 6681 | H31: 6721 | I31: 7086 | J31: 8080 | K31: 9143 | L31: 12403 | M31: 12338 | N31: 12400 | O31: 12350 | P31: 13018 | Q31: 12887 | R31: 12981 | S31: 13222 | T31: 13257 | U31: 13251 | V31: 6101 | W31: 6336 | X31: 6618 | Y31: 6361 | Z31: 5647 | AA31: 4791 | AB31: 4349 | AC31: =+SUM(E31:AB31)*D31+SUM(E32:AB32)*D32+SUM(E33:AB33)*D33+SUM(E34:AB34)*D34 -> 6557268
B32: Jul | C32: Sábado | D32: 5 | E32: 7672 | F32: 7366 | G32: 7122 | H32: 7022 | I32: 7101 | J32: 7208 | K32: 7771 | L32: 11995 | M32: 12203 | N32: 12311 | O32: 12289 | P32: 12661 | Q32: 12898 | R32: 12839 | S32: 12731 | T32: 12559 | U32: 12456 | V32: 5667 | W32: 5560 | X32: 5924 | Y32: 5552 | Z32: 4988 | AA32: 4496 | AB32: 4008
B33: Jul | C33: Domingo | D33: 5 | E33: 6711 | F33: 6402 | G33: 6348 | H33: 6276 | I33: 6209 | J33: 6078 | K33: 6612 | L33: 10190 | M33: 10619 | N33: 10598 | O33: 10653 | P33: 11216 | Q33: 11267 | R33: 11450 | S33: 11528 | T33: 11510 | U33: 11646 | V33: 5002 | W33: 5400 | X33: 5968 | Y33: 5840 | Z33: 5037 | AA33: 3957 | AB33: 3263
B34: Jul | C34: Festivo | D34: 2 | E34: 8386 | F34: 7977 | G34: 7460 | H34: 6865 | I34: 6807 | J34: 6104 | K34: 6454 | L34: 9865 | M34: 10766 | N34: 10346 | O34: 9516 | P34: 10165 | Q34: 10456 | R34: 10898 | S34: 10137 | T34: 10268 | U34: 10729 | V34: 4027 | W34: 4006 | X34: 4931 | Y34: 5403 | Z34: 4905 | AA34: 4266 | AB34: 3884
B35: Ago | C35: Ordinario | D35: 21 | E35: 6421 | F35: 6086 | G35: 5932 | H35: 5882 | I35: 6341 | J35: 7647 | K35: 9213 | L35: 12253 | M35: 11725 | N35: 11544 | O35: 11547 | P35: 11860 | Q35: 11898 | R35: 11988 | S35: 12383 | T35: 12589 | U35: 12755 | V35: 6205 | W35: 6384 | X35: 6670 | Y35: 6221 | Z35: 5293 | AA35: 4463 | AB35: 3957 | AC35: =+SUM(E35:AB35)*D35+SUM(E36:AB36)*D36+SUM(E37:AB37)*D37+SUM(E38:AB38)*D38 -> 6194133
B36: Ago | C36: Sábado | D36: 4 | E36: 6768 | F36: 6434 | G36: 6151 | H36: 5982 | I36: 5843 | J36: 5298 | K36: 6210 | L36: 10788 | M36: 11605 | N36: 11409 | O36: 11061 | P36: 11019 | Q36: 11502 | R36: 12112 | S36: 11584 | T36: 11632 | U36: 11611 | V36: 5756 | W36: 5553 | X36: 5587 | Y36: 5025 | Z36: 4517 | AA36: 3880 | AB36: 3685
B37: Ago | C37: Domingo | D37: 4 | E37: 6335 | F37: 6002 | G37: 5692 | H37: 5592 | I37: 5360 | J37: 5146 | K37: 5258 | L37: 8864 | M37: 9106 | N37: 9428 | O37: 9533 | P37: 10048 | Q37: 10538 | R37: 10460 | S37: 10298 | T37: 10618 | U37: 11055 | V37: 5123 | W37: 5554 | X37: 5880 | Y37: 5564 | Z37: 4560 | AA37: 3897 | AB37: 3373
B38: Ago | C38: Festivo | D38: 2 | E38: 6505 | F38: 5959 | G38: 6011 | H38: 6048 | I38: 6225 | J38: 6321 | K38: 6933 | L38: 10535 | M38: 10682 | N38: 10451 | O38: 10821 | P38: 10485 | Q38: 10509 | R38: 11665 | S38: 11939 | T38: 11636 | U38: 12288 | V38: 6476 | W38: 6649 | X38: 6186 | Y38: 5544 | Z38: 4765 | AA38: 4156 | AB38: 3487
B39: Sep | C39: Ordinario | D39: 21 | E39: 6131 | F39: 5847 | G39: 5741 | H39: 5627 | I39: 6032 | J39: 7089 | K39: 8537 | L39: 11714 | M39: 11313 | N39: 11274 | O39: 11391 | P39: 12004 | Q39: 11854 | R39: 11610 | S39: 11979 | T39: 12210 | U39: 12244 | V39: 5810 | W39: 6001 | X39: 6117 | Y39: 5775 | Z39: 5270 | AA39: 4270 | AB39: 3474 | AC39: =+SUM(E39:AB39)*D39+SUM(E40:AB40)*D40+SUM(E41:AB41)*D41+SUM(E42:AB42)*D42 -> 5869856
B40: Sep | C40: Sábado | D40: 5 | E40: 5896 | F40: 5657 | G40: 5579 | H40: 5530 | I40: 5570 | J40: 6140 | K40: 6807 | L40: 11041 | M40: 11122 | N40: 11177 | O40: 11539 | P40: 11705 | Q40: 11723 | R40: 11889 | S40: 11716 | T40: 11769 | U40: 12288 | V40: 5544 | W40: 5726 | X40: 5941 | Y40: 5469 | Z40: 4766 | AA40: 4466 | AB40: 3626
B41: Sep | C41: Domingo | D41: 4 | E41: 6346 | F41: 5952 | G41: 5577 | H41: 5598 | I41: 5465 | J41: 5353 | K41: 6090 | L41: 9702 | M41: 9527 | N41: 9701 | O41: 10151 | P41: 10770 | Q41: 11293 | R41: 11545 | S41: 11198 | T41: 11047 | U41: 11294 | V41: 5565 | W41: 5295 | X41: 5751 | Y41: 4973 | Z41: 4785 | AA41: 3923 | AB41: 3307
B42: Sep | C42: Festivo | D42: 0 | E42: 0 | F42: 0 | G42: 0 | H42: 0 | I42: 0 | J42: 0 | K42: 0 | L42: 0 | M42: 0 | N42: 0 | O42: 0 | P42: 0 | Q42: 0 | R42: 0 | S42: 0 | T42: 0 | U42: 0 | V42: 0 | W42: 0 | X42: 0 | Y42: 0 | Z42: 0 | AA42: 0 | AB42: 0
B43: Oct | C43: Ordinario | D43: 21 | E43: 6598 | F43: 6259 | G43: 6074 | H43: 6013 | I43: 6310 | J43: 7274 | K43: 7883 | L43: 10966 | M43: 10786 | N43: 10730 | O43: 10952 | P43: 11492 | Q43: 11281 | R43: 11327 | S43: 11773 | T43: 12164 | U43: 12340 | V43: 5729 | W43: 6156 | X43: 6216 | Y43: 5985 | Z43: 5758 | AA43: 4745 | AB43: 4051 | AC43: =+SUM(E43:AB43)*D43+SUM(E44:AB44)*D44+SUM(E45:AB45)*D45+SUM(E46:AB46)*D46 -> 6068014
B44: Oct | C44: Sábado | D44: 4 | E44: 6725 | F44: 6334 | G44: 6196 | H44: 6060 | I44: 5972 | J44: 6045 | K44: 6331 | L44: 10312 | M44: 10453 | N44: 10624 | O44: 10599 | P44: 10947 | Q44: 11335 | R44: 11327 | S44: 11859 | T44: 12064 | U44: 12372 | V44: 5504 | W44: 6369 | X44: 6477 | Y44: 6254 | Z44: 5825 | AA44: 5300 | AB44: 4637
B45: Oct | C45: Domingo | D45: 5 | E45: 6854 | F45: 6294 | G45: 6007 | H45: 5951 | I45: 6130 | J45: 5802 | K45: 5500 | L45: 8692 | M45: 9189 | N45: 9422 | O45: 10315 | P45: 10828 | Q45: 11105 | R45: 11209 | S45: 10831 | T45: 11311 | U45: 11530 | V45: 5585 | W45: 6315 | X45: 6275 | Y45: 5943 | Z45: 5362 | AA45: 4671 | AB45: 4213
B46: Oct | C46: Festivo | D46: 1 | E46: 5955 | F46: 5772 | G46: 5608 | H46: 5710 | I46: 5902 | J46: 5707 | K46: 5457 | L46: 8933 | M46: 9131 | N46: 9833 | O46: 10128 | P46: 10119 | Q46: 10820 | R46: 10874 | S46: 11341 | T46: 11056 | U46: 11599 | V46: 5366 | W46: 6496 | X46: 5784 | Y46: 5972 | Z46: 5601 | AA46: 4618 | AB46: 3776
B47: Nov | C47: Ordinario | D47: 20 | E47: 6143 | F47: 5869 | G47: 6039 | H47: 5958 | I47: 6418 | J47: 7592 | K47: 8604 | L47: 11513 | M47: 11244 | N47: 10916 | O47: 11491 | P47: 11829 | Q47: 11445 | R47: 11518 | S47: 12029 | T47: 12524 | U47: 12552 | V47: 5984 | W47: 6337 | X47: 5965 | Y47: 5847 | Z47: 5362 | AA47: 4349 | AB47: 3846 | AC47: =+SUM(E47:AB47)*D47+SUM(E48:AB48)*D48+SUM(E49:AB49)*D49+SUM(E50:AB50)*D50 -> 5937618
B48: Nov | C48: Sábado | D48: 4 | E48: 6735 | F48: 6469 | G48: 6105 | H48: 6173 | I48: 6175 | J48: 6263 | K48: 7162 | L48: 10948 | M48: 11105 | N48: 11000 | O48: 11218 | P48: 11554 | Q48: 11341 | R48: 11425 | S48: 11612 | T48: 11779 | U48: 12174 | V48: 6028 | W48: 6287 | X48: 6364 | Y48: 6021 | Z48: 5330 | AA48: 4887 | AB48: 4294
B49: Nov | C49: Domingo | D49: 4 | E49: 7029 | F49: 6717 | G49: 6358 | H49: 6382 | I49: 6136 | J49: 6203 | K49: 5966 | L49: 9347 | M49: 10074 | N49: 10207 | O49: 10315 | P49: 10694 | Q49: 10991 | R49: 10827 | S49: 11053 | T49: 11126 | U49: 12102 | V49: 5582 | W49: 6081 | X49: 6100 | Y49: 5615 | Z49: 5160 | AA49: 4003 | AB49: 3733
B50: Nov | C50: Festivo | D50: 2 | E50: 6601 | F50: 6338 | G50: 6232 | H50: 5904 | I50: 5932 | J50: 6020 | K50: 5942 | L50: 9100 | M50: 9468 | N50: 9431 | O50: 9984 | P50: 10394 | Q50: 10401 | R50: 10567 | S50: 10916 | T50: 11294 | U50: 12347 | V50: 6003 | W50: 6157 | X50: 6005 | Y50: 5484 | Z50: 4793 | AA50: 3617 | AB50: 3639
B51: Dic | C51: Ordinario | D51: 19 | E51: 7031 | F51: 6634 | G51: 6455 | H51: 6365 | I51: 6608 | J51: 7311 | K51: 7797 | L51: 11434 | M51: 11572 | N51: 11390 | O51: 11503 | P51: 12135 | Q51: 11868 | R51: 11301 | S51: 12275 | T51: 12694 | U51: 12906 | V51: 5993 | W51: 6890 | X51: 6670 | Y51: 6270 | Z51: 5794 | AA51: 4945 | AB51: 4648 | AC51: =+SUM(E51:AB51)*D51+SUM(E52:AB52)*D52+SUM(E53:AB53)*D53+SUM(E54:AB54)*D54 -> 6251095
B52: Dic | C52: Sábado | D52: 5 | E52: 7069 | F52: 6837 | G52: 6605 | H52: 6277 | I52: 6460 | J52: 6416 | K52: 6540 | L52: 10616 | M52: 11136 | N52: 11211 | O52: 11219 | P52: 11406 | Q52: 11618 | R52: 11510 | S52: 11657 | T52: 11477 | U52: 11941 | V52: 5001 | W52: 6329 | X52: 6541 | Y52: 6295 | Z52: 5904 | AA52: 5291 | AB52: 4923
B53: Dic | C53: Domingo | D53: 5 | E53: 7570 | F53: 7123 | G53: 6687 | H53: 6600 | I53: 6257 | J53: 6093 | K53: 5466 | L53: 9419 | M53: 10103 | N53: 9941 | O53: 10327 | P53: 10929 | Q53: 11623 | R53: 11309 | S53: 10491 | T53: 11235 | U53: 11494 | V53: 5123 | W53: 5423 | X53: 5543 | Y53: 5659 | Z53: 5768 | AA53: 4604 | AB53: 4140
B54: Dic | C54: Festivo | D54: 2 | E54: 7142 | F54: 6813 | G54: 6460 | H54: 6382 | I54: 6047 | J54: 5841 | K54: 5580 | L54: 8187 | M54: 8054 | N54: 8116 | O54: 8972 | P54: 9511 | Q54: 10045 | R54: 10340 | S54: 10146 | T54: 10635 | U54: 10974 | V54: 4943 | W54: 5174 | X54: 5511 | Y54: 5093 | Z54: 4812 | AA54: 3869 | AB54: 3240
Z55: TOTAL AÑO kWh | AC55: =SUM(AC7:AC54) -> 72603770
G61: 1000

Sheet Cantidad Producto3-2029
B2: CANTIDADES DE ENERGÍA SOLICITADAS (kWh)
B3: CENTRAL HIDROELECTRICA DE CALDAS S.A. E.S.P. -BENEFICIO E INTERÉS COLECTIVO
B4: 2029
B6: Mes | C6: Tipo Día | D6: Días | E6: H1 | F6: H2 | G6: H3 | H6: H4 | I6: H5 | J6: H6 | K6: H7 | L6: H8 | M6: H9 | N6: H10 | O6: H11 | P6: H12 | Q6: H13 | R6: H14 | S6: H15 | T6: H16 | U6: H17 | V6: H18 | W6: H19 | X6: H20 | Y6: H21 | Z6: H22 | AA6: H23 | AB6: H24 | AC6: TOTAL MES
B7: Ene | C7: Ordinario | D7: 21 | E7: 7540 | F7: 7278 | G7: 7004 | H7: 6953 | I7: 7694 | J7: 9668 | K7: 12131 | L7: 18441 | M7: 18304 | N7: 18215 | O7: 18684 | P7: 19669 | Q7: 18051 | R7: 17521 | S7: 18132 | T7: 18842 | U7: 19435 | V7: 14951 | W7: 16182 | X7: 15882 | Y7: 14851 | Z7: 13237 | AA7: 10323 | AB7: 8799 | AC7: =+SUM(E7:AB7)*D7+SUM(E8:AB8)*D8+SUM(E9:AB9)*D9+SUM(E10:AB10)*D10 -> 10369193 | AE7: =+AC7 -> 10369193
B8: Ene | C8: Sábado | D8: 4 | E8: 8558 | F8: 7791 | G8: 7509 | H8: 7308 | I8: 7542 | J8: 8185 | K8: 9786 | L8: 17266 | M8: 18265 | N8: 18847 | O8: 19213 | P8: 19847 | Q8: 20102 | R8: 19784 | S8: 19726 | T8: 19726 | U8: 20267 | V8: 15502 | W8: 17022 | X8: 16612 | Y8: 15747 | Z8: 14743 | AA8: 12672 | AB8: 11064 | AE8: =+AC11 -> 9610152
B9: Ene | C9: Domingo | D9: 4 | E9: 9367 | F9: 8744 | G9: 8172 | H9: 7743 | I9: 7645 | J9: 7469 | K9: 8126 | L9: 14339 | M9: 15263 | N9: 15650 | O9: 16573 | P9: 17637 | Q9: 17630 | R9: 17124 | S9: 17855 | T9: 18645 | U9: 19111 | V9: 14722 | W9: 16048 | X9: 15302 | Y9: 14092 | Z9: 12472 | AA9: 10325 | AB9: 8479 | AE9: =+AC15 -> 10033768
B10: Ene | C10: Festivo | D10: 2 | E10: 8696 | F10: 8226 | G10: 7507 | H10: 7639 | I10: 7335 | J10: 7290 | K10: 7137 | L10: 12838 | M10: 13195 | N10: 13751 | O10: 14967 | P10: 15212 | Q10: 15865 | R10: 16369 | S10: 16933 | T10: 17010 | U10: 17508 | V10: 13882 | W10: 14719 | X10: 14643 | Y10: 14007 | Z10: 11924 | AA10: 9741 | AB10: 8205 | AE10: =+AC19 -> 10103775
B11: Feb | C11: Ordinario | D11: 20 | E11: 7195 | F11: 7344 | G11: 6929 | H11: 7343 | I11: 7272 | J11: 10666 | K11: 13169 | L11: 19740 | M11: 19312 | N11: 19143 | O11: 19529 | P11: 19953 | Q11: 19388 | R11: 19283 | S11: 19728 | T11: 20063 | U11: 20180 | V11: 14407 | W11: 15748 | X11: 15450 | Y11: 14511 | Z11: 13133 | AA11: 10748 | AB11: 8650 | AC11: =+SUM(E11:AB11)*D11+SUM(E12:AB12)*D12+SUM(E13:AB13)*D13+SUM(E14:AB14)*D14 -> 9610152 | AE11: =+AC23 -> 10080661
B12: Feb | C12: Sábado | D12: 4 | E12: 8382 | F12: 8005 | G12: 7820 | H12: 7541 | I12: 7709 | J12: 8202 | K12: 10285 | L12: 18415 | M12: 19173 | N12: 19480 | O12: 19679 | P12: 20053 | Q12: 19424 | R12: 19103 | S12: 19149 | T12: 19117 | U12: 19688 | V12: 14530 | W12: 15290 | X12: 15315 | Y12: 14564 | Z12: 12748 | AA12: 10820 | AB12: 8889 | AE12: =+AC27 -> 10232240
B13: Feb | C13: Domingo | D13: 4 | E13: 8236 | F13: 7799 | G13: 7336 | H13: 7138 | I13: 7233 | J13: 7208 | K13: 7967 | L13: 15206 | M13: 16474 | N13: 17227 | O13: 17084 | P13: 18061 | Q13: 18811 | R13: 19048 | S13: 18551 | T13: 19808 | U13: 17794 | V13: 12755 | W13: 15590 | X13: 13426 | Y13: 13101 | Z13: 11653 | AA13: 9398 | AB13: 7833 | AE13: =+AC31 -> 10757818
B14: Feb | C14: Festivo | D14: 0 | E14: 0 | F14: 0 | G14: 0 | H14: 0 | I14: 0 | J14: 0 | K14: 0 | L14: 0 | M14: 0 | N14: 0 | O14: 0 | P14: 0 | Q14: 0 | R14: 0 | S14: 0 | T14: 0 | U14: 0 | V14: 0 | W14: 0 | X14: 0 | Y14: 0 | Z14: 0 | AA14: 0 | AB14: 0 | AE14: =+AC35 -> 10593018
B15: Mar | C15: Ordinario | D15: 19 | E15: 6729 | F15: 6445 | G15: 6378 | H15: 6430 | I15: 7418 | J15: 10164 | K15: 12233 | L15: 17882 | M15: 17358 | N15: 17282 | O15: 17248 | P15: 18490 | Q15: 18151 | R15: 17901 | S15: 18381 | T15: 18597 | U15: 18265 | V15: 13507 | W15: 14916 | X15: 15016 | Y15: 14317 | Z15: 12087 | AA15: 10179 | AB15: 7910 | AC15: =+SUM(E15:AB15)*D15+SUM(E16:AB16)*D16+SUM(E17:AB17)*D17+SUM(E18:AB18)*D18 -> 10033768 | AE15: =+AC39 -> 10083685
B16: Mar | C16: Sábado | D16: 5 | E16: 6220 | F16: 7027 | G16: 6885 | H16: 6785 | I16: 7197 | J16: 8064 | K16: 10299 | L16: 17951 | M16: 18560 | N16: 19001 | O16: 19056 | P16: 18838 | Q16: 18965 | R16: 18545 | S16: 18663 | T16: 18877 | U16: 18893 | V16: 13856 | W16: 14108 | X16: 15205 | Y16: 14603 | Z16: 13121 | AA16: 11261 | AB16: 9302 | AE16: =+AC43 -> 10452286
B17: Mar | C17: Domingo | D17: 4 | E17: 7943 | F17: 7683 | G17: 7007 | H17: 7364 | I17: 7429 | J17: 5667 | K17: 7691 | L17: 14476 | M17: 15455 | N17: 15466 | O17: 16370 | P17: 17512 | Q17: 17223 | R17: 17499 | S17: 17289 | T17: 17167 | U17: 17109 | V17: 12697 | W17: 13655 | X17: 14112 | Y17: 14469 | Z17: 12594 | AA17: 10629 | AB17: 8354 | AE17: =+AC47 -> 10239540
B18: Mar | C18: Festivo | D18: 3 | E18: 8860 | F18: 8856 | G18: 8298 | H18: 8324 | I18: 8507 | J18: 7999 | K18: 8934 | L18: 15337 | M18: 15920 | N18: 16763 | O18: 18378 | P18: 18927 | Q18: 19341 | R18: 18894 | S18: 19521 | T18: 19447 | U18: 19397 | V18: 14937 | W18: 16855 | X18: 17239 | Y18: 16532 | Z18: 14575 | AA18: 10821 | AB18: 8512 | AE18: =+AC51 -> 10677244
B19: Abr | C19: Ordinario | D19: 21 | E19: 7303 | F19: 7113 | G19: 7219 | H19: 6994 | I19: 7609 | J19: 9379 | K19: 11555 | L19: 18070 | M19: 18158 | N19: 17962 | O19: 18889 | P19: 19997 | Q19: 19657 | R19: 19461 | S19: 20131 | T19: 19924 | U19: 19859 | V19: 14250 | W19: 15205 | X19: 15478 | Y19: 14999 | Z19: 13446 | AA19: 11240 | AB19: 9089 | AC19: =+SUM(E19:AB19)*D19+SUM(E20:AB20)*D20+SUM(E21:AB21)*D21+SUM(E22:AB22)*D22 -> 10103775 | AE19: =SUM(AE7:AE18) -> 123233380
B20: Abr | C20: Sábado | D20: 4 | E20: 8030 | F20: 7603 | G20: 7556 | H20: 7456 | I20: 7703 | J20: 7953 | K20: 8922 | L20: 16846 | M20: 16777 | N20: 17132 | O20: 18201 | P20: 18281 | Q20: 18963 | R20: 18740 | S20: 19294 | T20: 19478 | U20: 19839 | V20: 14708 | W20: 16288 | X20: 14492 | Y20: 13782 | Z20: 12951 | AA20: 11593 | AB20: 10844
B21: Abr | C21: Domingo | D21: 5 | E21: 8630 | F21: 7901 | G21: 7371 | H21: 7400 | I21: 6985 | J21: 7002 | K21: 8074 | L21: 14513 | M21: 16023 | N21: 16280 | O21: 16961 | P21: 16982 | Q21: 17462 | R21: 17238 | S21: 17501 | T21: 17305 | U21: 18344 | V21: 13386 | W21: 14565 | X21: 14678 | Y21: 14460 | Z21: 13510 | AA21: 12061 | AB21: 8832
B22: Abr | C22: Festivo | D22: 0 | E22: 21264 | F22: 18957 | G22: 17989 | H22: 17180 | I22: 17343 | J22: 17853 | K22: 19267 | L22: 25564 | M22: 28153 | N22: 29585 | O22: 30605 | P22: 33347 | Q22: 34211 | R22: 33318 | S22: 32896 | T22: 32380 | U22: 32442 | V22: 35516 | W22: 39380 | X22: 40666 | Y22: 39202 | Z22: 37114 | AA22: 33437 | AB22: 28499
B23: May | C23: Ordinario | D23: 21 | E23: 7304 | F23: 7021 | G23: 6770 | H23: 6906 | I23: 7612 | J23: 9697 | K23: 11616 | L23: 17688 | M23: 17444 | N23: 16832 | O23: 17174 | P23: 18504 | Q23: 18256 | R23: 18497 | S23: 19273 | T23: 19244 | U23: 19188 | V23: 14153 | W23: 14903 | X23: 15273 | Y23: 14587 | Z23: 13044 | AA23: 11009 | AB23: 8944 | AC23: =+SUM(E23:AB23)*D23+SUM(E24:AB24)*D24+SUM(E25:AB25)*D25+SUM(E26:AB26)*D26 -> 10080661
B24: May | C24: Sábado | D24: 4 | E24: 8009 | F24: 7101 | G24: 7082 | H24: 7049 | I24: 7253 | J24: 7475 | K24: 9098 | L24: 16515 | M24: 17414 | N24: 17776 | O24: 17813 | P24: 17788 | Q24: 18081 | R24: 17600 | S24: 17620 | T24: 17705 | U24: 17840 | V24: 13208 | W24: 14038 | X24: 14877 | Y24: 14140 | Z24: 13093 | AA24: 11329 | AB24: 9598
B25: May | C25: Domingo | D25: 4 | E25: 8040 | F25: 7650 | G25: 6809 | H25: 6786 | I25: 6405 | J25: 6637 | K25: 7601 | L25: 14547 | M25: 15610 | N25: 15980 | O25: 16307 | P25: 16276 | Q25: 16658 | R25: 16310 | S25: 16281 | T25: 16660 | U25: 17890 | V25: 11040 | W25: 13800 | X25: 14112 | Y25: 13560 | Z25: 12092 | AA25: 9742 | AB25: 7585
B26: May | C26: Festivo | D26: 2 | E26: 6683 | F26: 7958 | G26: 8033 | H26: 7451 | I26: 8303 | J26: 8703 | K26: 9943 | L26: 17241 | M26: 17356 | N26: 18527 | O26: 19194 | P26: 19866 | Q26: 20481 | R26: 20453 | S26: 19403 | T26: 19314 | U26: 18605 | V26: 13806 | W26: 15136 | X26: 14347 | Y26: 13683 | Z26: 12894 | AA26: 11042 | AB26: 9289
B27: Jun | C27: Ordinario | D27: 19 | E27: 8159 | F27: 7803 | G27: 7694 | H27: 7596 | I27: 8373 | J27: 10270 | K27: 12122 | L27: 18864 | M27: 18466 | N27: 18637 | O27: 19105 | P27: 19455 | Q27: 19479 | R27: 19524 | S27: 20141 | T27: 20195 | U27: 20498 | V27: 14738 | W27: 15882 | X27: 15925 | Y27: 14914 | Z27: 13154 | AA27: 11102 | AB27: 9335 | AC27: =+SUM(E27:AB27)*D27+SUM(E28:AB28)*D28+SUM(E29:AB29)*D29+SUM(E30:AB30)*D30 -> 10232240
B28: Jun | C28: Sábado | D28: 5 | E28: 8175 | F28: 7747 | G28: 7459 | H28: 7324 | I28: 7579 | J28: 8165 | K28: 9445 | L28: 17553 | M28: 18040 | N28: 18293 | O28: 18796 | P28: 18779 | Q28: 18881 | R28: 18565 | S28: 18092 | T28: 18133 | U28: 18322 | V28: 13310 | W28: 14169 | X28: 14851 | Y28: 14149 | Z28: 12971 | AA28: 11691 | AB28: 10054
B29: Jun | C29: Domingo | D29: 4 | E29: 9430 | F29: 8509 | G29: 8183 | H29: 8019 | I29: 7802 | J29: 7749 | K29: 8447 | L29: 15533 | M29: 16308 | N29: 17115 | O29: 17374 | P29: 17417 | Q29: 17343 | R29: 17441 | S29: 17049 | T29: 17302 | U29: 17880 | V29: 12970 | W29: 13755 | X29: 14544 | Y29: 13998 | Z29: 12960 | AA29: 11415 | AB29: 9586
B30: Jun | C30: Festivo | D30: 2 | E30: 8165 | F30: 7783 | G30: 7498 | H30: 7428 | I30: 7407 | J30: 7527 | K30: 7884 | L30: 15114 | M30: 15010 | N30: 15459 | O30: 16996 | P30: 17385 | Q30: 18447 | R30: 18759 | S30: 18584 | T30: 18669 | U30: 18687 | V30: 12778 | W30: 13643 | X30: 14153 | Y30: 13844 | Z30: 13014 | AA30: 11223 | AB30: 9453
B31: Jul | C31: Ordinario | D31: 20 | E31: 8704 | F31: 8381 | G31: 8146 | H31: 8232 | I31: 8941 | J31: 10989 | K31: 13149 | L31: 18978 | M31: 18771 | N31: 18862 | O31: 18853 | P31: 19919 | Q31: 19661 | R31: 19781 | S31: 20199 | T31: 20324 | U31: 20333 | V31: 15168 | W31: 15676 | X31: 16678 | Y31: 15912 | Z31: 14139 | AA31: 11702 | AB31: 10245 | AC31: =+SUM(E31:AB31)*D31+SUM(E32:AB32)*D32+SUM(E33:AB33)*D33+SUM(E34:AB34)*D34 -> 10757818
B32: Jul | C32: Sábado | D32: 4 | E32: 10006 | F32: 9419 | G32: 9028 | H32: 8834 | I32: 8986 | J32: 9236 | K32: 10448 | L32: 18087 | M32: 18558 | N32: 18748 | O32: 18809 | P32: 19373 | Q32: 19832 | R32: 19607 | S32: 19380 | T32: 19027 | U32: 18758 | V32: 14151 | W32: 14219 | X32: 15182 | Y32: 14273 | Z32: 12851 | AA32: 11370 | AB32: 10013
B33: Jul | C33: Domingo | D33: 5 | E33: 8509 | F33: 7919 | G33: 7799 | H33: 7643 | I33: 7500 | J33: 7282 | K33: 8338 | L33: 14690 | M33: 15661 | N33: 15731 | O33: 15831 | P33: 16638 | Q33: 16781 | R33: 17044 | S33: 17063 | T33: 16986 | U33: 17105 | V33: 12499 | W33: 13467 | X33: 14999 | Y33: 14752 | Z33: 12920 | AA33: 10162 | AB33: 8405
B34: Jul | C34: Festivo | D34: 2 | E34: 11034 | F34: 10298 | G34: 9493 | H34: 8481 | I34: 8450 | J34: 7318 | K34: 8106 | L34: 14358 | M34: 15874 | N34: 15504 | O34: 14155 | P34: 15274 | Q34: 15885 | R34: 16497 | S34: 15117 | T34: 15228 | U34: 15918 | V34: 11337 | W34: 11636 | X34: 13623 | Y34: 14135 | Z34: 12823 | AA34: 10777 | AB34: 9458
B35: Ago | C35: Ordinario | D35: 21 | E35: 8465 | F35: 7883 | G35: 7654 | H35: 7584 | I35: 8349 | J35: 10586 | K35: 12933 | L35: 18652 | M35: 17957 | N35: 17805 | O35: 17981 | P35: 18575 | Q35: 18609 | R35: 18708 | S35: 19306 | T35: 19621 | U35: 19813 | V35: 15357 | W35: 16076 | X35: 17020 | Y35: 16069 | Z35: 14112 | AA35: 11747 | AB35: 10074 | AC35: =+SUM(E35:AB35)*D35+SUM(E36:AB36)*D36+SUM(E37:AB37)*D37+SUM(E38:AB38)*D38 -> 10593018
B36: Ago | C36: Sábado | D36: 4 | E36: 8859 | F36: 8335 | G36: 7906 | H36: 7685 | I36: 7751 | J36: 7932 | K36: 9687 | L36: 17209 | M36: 18192 | N36: 17848 | O36: 17672 | P36: 17723 | Q36: 18296 | R36: 19125 | S36: 18726 | T36: 18719 | U36: 18519 | V36: 14889 | W36: 15010 | X36: 15690 | Y36: 14590 | Z36: 13213 | AA36: 11340 | AB36: 10054
B37: Ago | C37: Domingo | D37: 4 | E37: 8706 | F37: 8077 | G37: 7576 | H37: 7396 | I37: 7219 | J37: 7183 | K37: 8007 | L37: 14741 | M37: 15332 | N37: 15929 | O37: 16092 | P37: 16850 | Q37: 17391 | R37: 17059 | S37: 16715 | T37: 17059 | U37: 17625 | V37: 13893 | W37: 15014 | X37: 15762 | Y37: 14839 | Z37: 12797 | AA37: 11096 | AB37: 9590
B38: Ago | C38: Festivo | D38: 2 | E38: 8737 | F38: 7858 | G38: 7862 | H38: 7775 | I38: 8028 | J38: 8180 | K38: 8968 | L38: 15450 | M38: 15838 | N38: 15681 | O38: 16334 | P38: 15984 | Q38: 16251 | R38: 17749 | S38: 18033 | T38: 17537 | U38: 18545 | V38: 14911 | W38: 15608 | X38: 15494 | Y38: 14384 | Z38: 12647 | AA38: 10872 | AB38: 9119
B39: Sep | C39: Ordinario | D39: 20 | E39: 8109 | F39: 7634 | G39: 7452 | H39: 7302 | I39: 8070 | J39: 10138 | K39: 12464 | L39: 18372 | M39: 17759 | N39: 17729 | O39: 18111 | P39: 19064 | Q39: 18762 | R39: 18449 | S39: 19082 | T39: 19416 | U39: 19458 | V39: 14991 | W39: 15961 | X39: 16390 | Y39: 15465 | Z39: 14038 | AA39: 11517 | AB39: 9505 | AC39: =+SUM(E39:AB39)*D39+SUM(E40:AB40)*D40+SUM(E41:AB41)*D41+SUM(E42:AB42)*D42 -> 10083685
B40: Sep | C40: Sábado | D40: 5 | E40: 7946 | F40: 7465 | G40: 7275 | H40: 7170 | I40: 7275 | J40: 8126 | K40: 9382 | L40: 17167 | M40: 17496 | N40: 17671 | O40: 18293 | P40: 18511 | Q40: 18565 | R40: 18715 | S40: 18410 | T40: 18419 | U40: 19068 | V40: 14348 | W40: 15257 | X40: 15614 | Y40: 14547 | Z40: 13032 | AA40: 11734 | AB40: 9825
B41: Sep | C41: Domingo | D41: 5 | E41: 8585 | F41: 7899 | G41: 7302 | H41: 7246 | I41: 6969 | J41: 6809 | K41: 7843 | L41: 14465 | M41: 14554 | N41: 14979 | O41: 15712 | P41: 16666 | Q41: 17508 | R41: 17787 | S41: 17241 | T41: 16973 | U41: 17260 | V41: 13682 | W41: 14103 | X41: 15083 | Y41: 13696 | Z41: 12765 | AA41: 10486 | AB41: 8861
B42: Sep | C42: Festivo | D42: 0 | E42: 0 | F42: 0 | G42: 0 | H42: 0 | I42: 0 | J42: 0 | K42: 0 | L42: 0 | M42: 0 | N42: 0 | O42: 0 | P42: 0 | Q42: 0 | R42: 0 | S42: 0 | T42: 0 | U42: 0 | V42: 0 | W42: 0 | X42: 0 | Y42: 0 | Z42: 0 | AA42: 0 | AB42: 0
B43: Oct | C43: Ordinario | D43: 22 | E43: 8873 | F43: 8311 | G43: 8032 | H43: 7962 | I43: 8585 | J43: 10440 | K43: 11295 | L43: 17110 | M43: 16727 | N43: 16688 | O43: 17084 | P43: 17949 | Q43: 17609 | R43: 17718 | S43: 18508 | T43: 19086 | U43: 19365 | V43: 15035 | W43: 16629 | X43: 16624 | Y43: 15784 | Z43: 14746 | AA43: 12240 | AB43: 10371 | AC43: =+SUM(E43:AB43)*D43+SUM(E44:AB44)*D44+SUM(E45:AB45)*D45+SUM(E46:AB46)*D46 -> 10452286
B44: Oct | C44: Sábado | D44: 4 | E44: 9254 | F44: 8581 | G44: 8309 | H44: 8114 | I44: 8059 | J44: 8239 | K44: 8563 | L44: 16004 | M44: 16322 | N44: 16717 | O44: 16714 | P44: 17271 | Q44: 17788 | R44: 17704 | S44: 18437 | T44: 18716 | U44: 19171 | V44: 14342 | W44: 16662 | X44: 16720 | Y44: 15998 | Z44: 14820 | AA44: 13231 | AB44: 11558
B45: Oct | C45: Domingo | D45: 4 | E45: 9536 | F45: 8654 | G45: 8141 | H45: 7984 | I45: 8194 | J45: 7652 | K45: 6971 | L45: 12936 | M45: 13906 | N45: 14494 | O45: 15687 | P45: 16505 | Q45: 16973 | R45: 17075 | S45: 16629 | T45: 17273 | U45: 17504 | V45: 13849 | W45: 15903 | X45: 16017 | Y45: 15193 | Z45: 13708 | AA45: 11813 | AB45: 10314
B46: Oct | C46: Festivo | D46: 1 | E46: 8064 | F46: 7738 | G46: 7410 | H46: 7520 | I46: 7813 | J46: 7516 | K46: 6821 | L46: 13264 | M46: 13723 | N46: 14999 | O46: 15528 | P46: 15829 | Q46: 16868 | R46: 16958 | S46: 17518 | T46: 17054 | U46: 17680 | V46: 14184 | W46: 16764 | X46: 15736 | Y46: 15552 | Z46: 14250 | AA46: 11865 | AB46: 9850
B47: Nov | C47: Ordinario | D47: 20 | E47: 8311 | F47: 7840 | G47: 8050 | H47: 7937 | I47: 8779 | J47: 10911 | K47: 12376 | L47: 18055 | M47: 17543 | N47: 17144 | O47: 18014 | P47: 18625 | Q47: 18044 | R47: 18121 | S47: 19001 | T47: 19721 | U47: 19798 | V47: 15495 | W47: 17006 | X47: 16434 | Y47: 15707 | Z47: 14269 | AA47: 11783 | AB47: 10143 | AC47: =+SUM(E47:AB47)*D47+SUM(E48:AB48)*D48+SUM(E49:AB49)*D49+SUM(E50:AB50)*D50 -> 10239540
B48: Nov | C48: Sábado | D48: 4 | E48: 9224 | F48: 8712 | G48: 8169 | H48: 8227 | I48: 8348 | J48: 8548 | K48: 9795 | L48: 16973 | M48: 17364 | N48: 17328 | O48: 17651 | P48: 18162 | Q48: 17853 | R48: 17919 | S48: 18150 | T48: 18422 | U48: 18963 | V48: 15097 | W48: 16532 | X48: 16583 | Y48: 15600 | Z48: 14050 | AA48: 12655 | AB48: 11011
B49: Nov | C49: Domingo | D49: 4 | E49: 9708 | F49: 9160 | G49: 8546 | H49: 8533 | I49: 8202 | J49: 8195 | K49: 7608 | L49: 13878 | M49: 15145 | N49: 15493 | O49: 15711 | P49: 16453 | Q49: 16942 | R49: 16800 | S49: 17082 | T49: 17182 | U49: 18538 | V49: 14025 | W49: 15703 | X49: 15762 | Y49: 14746 | Z49: 13502 | AA49: 11082 | AB49: 9834
B50: Nov | C50: Festivo | D50: 2 | E50: 8945 | F50: 8473 | G50: 8297 | H50: 7800 | I50: 7840 | J50: 7997 | K50: 7560 | L50: 13505 | M50: 14238 | N50: 14440 | O50: 15365 | P50: 16131 | Q50: 16253 | R50: 16510 | S50: 16914 | T50: 17382 | U50: 18717 | V50: 14773 | W50: 16066 | X50: 15873 | Y50: 14675 | Z50: 12852 | AA50: 10304 | AB50: 9458
B51: Dic | C51: Ordinario | D51: 20 | E51: 9329 | F51: 8665 | G51: 8381 | H51: 8244 | I51: 8683 | J51: 9840 | K51: 10446 | L51: 17370 | M51: 17726 | N51: 17586 | O51: 17847 | P51: 19009 | Q51: 18478 | R51: 17728 | S51: 19092 | T51: 19641 | U51: 19926 | V51: 15163 | W51: 17494 | X51: 17080 | Y51: 15984 | Z51: 14569 | AA51: 12434 | AB51: 11078 | AC51: =+SUM(E51:AB51)*D51+SUM(E52:AB52)*D52+SUM(E53:AB53)*D53+SUM(E54:AB54)*D54 -> 10677244
B52: Dic | C52: Sábado | D52: 4 | E52: 9530 | F52: 9085 | G52: 8761 | H52: 8332 | I52: 8791 | J52: 9104 | K52: 9554 | L52: 17096 | M52: 17831 | N52: 18005 | O52: 18183 | P52: 18642 | Q52: 18721 | R52: 18564 | S52: 18870 | T52: 18687 | U52: 19234 | V52: 14062 | W52: 16992 | X52: 17229 | Y52: 16394 | Z52: 15110 | AA52: 13342 | AB52: 12030
B53: Dic | C53: Domingo | D53: 5 | E53: 10424 | F53: 9633 | G53: 8976 | H53: 8835 | I53: 8443 | J53: 8431 | K53: 7683 | L53: 14936 | M53: 16195 | N53: 16137 | O53: 16776 | P53: 17748 | Q53: 18633 | R53: 17918 | S53: 16789 | T53: 17762 | U53: 18157 | V53: 13817 | W53: 15291 | X53: 15450 | Y53: 15244 | Z53: 14724 | AA53: 12308 | AB53: 10812
B54: Dic | C54: Festivo | D54: 2 | E54: 9865 | F54: 9305 | G54: 8683 | H54: 8409 | I54: 7843 | J54: 7378 | K54: 6703 | L54: 11798 | M54: 11985 | N54: 12222 | O54: 13535 | P54: 14437 | Q54: 15299 | R54: 15728 | S54: 15346 | T54: 16035 | U54: 16481 | V54: 12773 | W54: 14068 | X54: 14629 | Y54: 13777 | Z54: 12813 | AA54: 10587 | AB54: 8890
Z55: TOTAL AÑO kWh | AC55: =SUM(AC7:AC54) -> 123233380
G61: 1000

Sheet Cantidad Producto 4-2030
B2: CANTIDADES DE ENERGÍA SOLICITADAS (kWh)
B3: CENTRAL HIDROELECTRICA DE CALDAS S.A. E.S.P. -BENEFICIO E INTERÉS COLECTIVO
B4: 2030
B6: Mes | C6: Tipo Día | D6: Días | E6: H1 | F6: H2 | G6: H3 | H6: H4 | I6: H5 | J6: H6 | K6: H7 | L6: H8 | M6: H9 | N6: H10 | O6: H11 | P6: H12 | Q6: H13 | R6: H14 | S6: H15 | T6: H16 | U6: H17 | V6: H18 | W6: H19 | X6: H20 | Y6: H21 | Z6: H22 | AA6: H23 | AB6: H24 | AC6: TOTAL MES
B7: Ene | C7: Ordinario | D7: 21 | E7: 18548 | F7: 17653 | G7: 16988 | H7: 16825 | I7: 18284 | J7: 22323 | K7: 26823 | L7: 38220 | M7: 38521 | N7: 39000 | O7: 40363 | P7: 42648 | Q7: 40111 | R7: 39082 | S7: 40038 | T7: 41023 | U7: 41772 | V7: 35142 | W7: 38204 | X7: 38470 | Y7: 36288 | Z7: 32704 | AA7: 26553 | AB7: 22694 | AC7: =+SUM(E7:AB7)*D7+SUM(E8:AB8)*D8+SUM(E9:AB9)*D9+SUM(E10:AB10)*D10 -> 23463619 | AE7: =+AC7 -> 23463619
B8: Ene | C8: Sábado | D8: 4 | E8: 20378 | F8: 18601 | G8: 17837 | H8: 17389 | I8: 17876 | J8: 19268 | K8: 22153 | L8: 35694 | M8: 38247 | N8: 39820 | O8: 40862 | P8: 42425 | Q8: 42937 | R8: 42078 | S8: 41687 | T8: 41457 | U8: 42173 | V8: 35347 | W8: 38956 | X8: 39055 | Y8: 37089 | Z8: 34605 | AA8: 30171 | AB8: 26392 | AE8: =+AC11 -> 21983264
B9: Ene | C9: Domingo | D9: 4 | E9: 21828 | F9: 20238 | G9: 19027 | H9: 18162 | I9: 17918 | J9: 17714 | K9: 18717 | L9: 29748 | M9: 32235 | N9: 33668 | O9: 35611 | P9: 37753 | Q9: 38123 | R9: 37195 | S9: 37977 | T9: 38981 | U9: 39516 | V9: 33439 | W9: 36666 | X9: 36485 | Y9: 34282 | Z9: 30869 | AA9: 26070 | AB9: 21864 | AE9: =+AC15 -> 22930560
B10: Ene | C10: Festivo | D10: 2 | E10: 21239 | F10: 19984 | G10: 18459 | H10: 18322 | I10: 17670 | J10: 17584 | K10: 17000 | L10: 26873 | M10: 28131 | N10: 29794 | O10: 32289 | P10: 33395 | Q10: 34868 | R10: 35577 | S10: 36142 | T10: 36045 | U10: 36689 | V10: 31811 | W10: 34682 | X10: 35315 | Y10: 33856 | Z10: 29724 | AA10: 24968 | AB10: 21318 | AE10: =+AC19 -> 23011184
B11: Feb | C11: Ordinario | D11: 20 | E11: 18240 | F11: 18021 | G11: 17197 | H11: 17770 | I11: 18182 | J11: 25249 | K11: 29874 | L11: 41071 | M11: 40708 | N11: 40912 | O11: 42140 | P11: 43419 | Q11: 42336 | R11: 42056 | S11: 42937 | T11: 43496 | U11: 43534 | V11: 34814 | W11: 38013 | X11: 38581 | Y11: 36495 | Z11: 33030 | AA11: 27470 | AB11: 22689 | AC11: =+SUM(E11:AB11)*D11+SUM(E12:AB12)*D12+SUM(E13:AB13)*D13+SUM(E14:AB14)*D14 -> 21983264 | AE11: =+AC23 -> 22947941
B12: Feb | C12: Sábado | D12: 4 | E12: 20479 | F12: 19389 | G12: 18759 | H12: 18244 | I12: 18699 | J12: 19991 | K12: 23807 | L12: 38434 | M12: 40533 | N12: 41587 | O12: 42487 | P12: 43560 | Q12: 42704 | R12: 41711 | S12: 41414 | T12: 41248 | U12: 42016 | V12: 34495 | W12: 36797 | X12: 37805 | Y12: 35977 | Z12: 32196 | AA12: 27873 | AB12: 23552 | AE12: =+AC27 -> 23112949
B13: Feb | C13: Domingo | D13: 4 | E13: 20519 | F13: 19228 | G13: 18178 | H13: 17666 | I13: 17685 | J13: 17737 | K13: 18990 | L13: 31686 | M13: 34760 | N13: 36732 | O13: 37036 | P13: 39123 | Q13: 40590 | R13: 40726 | S13: 39653 | T13: 41336 | U13: 38036 | V13: 30975 | W13: 36464 | X13: 34301 | Y13: 33416 | Z13: 30079 | AA13: 24979 | AB13: 20994 | AE13: =+AC31 -> 23935549
B14: Feb | C14: Festivo | D14: 0 | E14: 0 | F14: 0 | G14: 0 | H14: 0 | I14: 0 | J14: 0 | K14: 0 | L14: 0 | M14: 0 | N14: 0 | O14: 0 | P14: 0 | Q14: 0 | R14: 0 | S14: 0 | T14: 0 | U14: 0 | V14: 0 | W14: 0 | X14: 0 | Y14: 0 | Z14: 0 | AA14: 0 | AB14: 0 | AE14: =+AC35 -> 23893234
B15: Mar | C15: Ordinario | D15: 20 | E15: 17582 | F15: 16692 | G15: 16387 | H15: 16376 | I15: 18292 | J15: 24031 | K15: 27679 | L15: 37555 | M15: 37094 | N15: 37433 | O15: 37953 | P15: 40399 | Q15: 39702 | R15: 39262 | S15: 40194 | T15: 40508 | U15: 39937 | V15: 32999 | W15: 36325 | X15: 37410 | Y15: 35778 | Z15: 31143 | AA15: 26521 | AB15: 21653 | AC15: =+SUM(E15:AB15)*D15+SUM(E16:AB16)*D16+SUM(E17:AB17)*D17+SUM(E18:AB18)*D18 -> 22930560 | AE15: =+AC39 -> 22902751
B16: Mar | C16: Sábado | D16: 5 | E16: 17084 | F16: 17702 | G16: 17205 | H16: 16924 | I16: 17667 | J16: 19452 | K16: 23066 | L16: 36845 | M16: 38689 | N16: 39994 | O16: 40523 | P16: 40654 | Q16: 40860 | R16: 39929 | S16: 39869 | T16: 40019 | U16: 39929 | V16: 32868 | W16: 34623 | X16: 36969 | Y16: 35430 | Z16: 32300 | AA16: 28208 | AB16: 23995 | AE16: =+AC43 -> 23690538
B17: Mar | C17: Domingo | D17: 5 | E17: 19863 | F17: 18821 | G17: 17449 | H17: 17754 | I17: 17794 | J17: 15165 | K17: 17958 | L17: 29919 | M17: 32491 | N17: 33387 | O17: 35176 | P17: 37296 | Q17: 37097 | R17: 37544 | S17: 36937 | T17: 36627 | U17: 36407 | V17: 30200 | W17: 32998 | X17: 34845 | Y17: 35057 | Z17: 31242 | AA17: 26743 | AB17: 21856 | AE17: =+AC47 -> 23238819
B18: Mar | C18: Festivo | D18: 1 | E18: 20869 | F18: 20247 | G18: 19095 | H18: 18979 | I18: 19259 | J18: 18705 | K18: 19944 | L18: 31524 | M18: 33395 | N18: 35173 | O18: 38006 | P18: 39438 | Q18: 40424 | R18: 39556 | S18: 40057 | T18: 39786 | U18: 39616 | V18: 33352 | W18: 37739 | X18: 39196 | Y18: 37590 | Z18: 33875 | AA18: 27119 | AB18: 22366 | AE18: =+AC51 -> 24027837
B19: Abr | C19: Ordinario | D19: 20 | E19: 18397 | F19: 17619 | G19: 17576 | H19: 17186 | I19: 18651 | J19: 23126 | K19: 27125 | L19: 38241 | M19: 38363 | N19: 38429 | O19: 40439 | P19: 42356 | Q19: 41821 | R19: 41551 | S19: 42817 | T19: 42578 | U19: 42551 | V19: 34423 | W19: 37402 | X19: 38328 | Y19: 36989 | Z19: 33380 | AA19: 28138 | AB19: 23275 | AC19: =+SUM(E19:AB19)*D19+SUM(E20:AB20)*D20+SUM(E21:AB21)*D21+SUM(E22:AB22)*D22 -> 23011184 | AE19: =SUM(AE7:AE18) -> 279138245
B20: Abr | C20: Sábado | D20: 4 | E20: 19881 | F20: 18721 | G20: 18241 | H20: 18005 | I20: 18598 | J20: 19490 | K20: 21171 | L20: 35839 | M20: 36773 | N20: 37889 | O20: 39919 | P20: 40392 | Q20: 41647 | R20: 40701 | S20: 41277 | T20: 41469 | U20: 42018 | V20: 34055 | W20: 38600 | X20: 36406 | Y20: 34663 | Z20: 32491 | AA20: 29011 | AB20: 26955
B21: Abr | C21: Domingo | D21: 4 | E21: 21118 | F21: 19414 | G21: 18233 | H21: 18031 | I21: 17264 | J21: 17348 | K21: 18834 | L21: 30388 | M21: 33698 | N21: 34806 | O21: 36389 | P21: 36902 | Q21: 38135 | R21: 37821 | S21: 37761 | T21: 37217 | U21: 38677 | V21: 31804 | W21: 35167 | X21: 35965 | Y21: 35255 | Z21: 32689 | AA21: 28953 | AB21: 22460
B22: Abr | C22: Festivo | D22: 2 | E22: 22438 | F22: 20590 | G22: 20092 | H22: 19462 | I22: 19644 | J22: 19769 | K22: 21090 | L22: 34063 | M22: 35712 | N22: 35777 | O22: 35216 | P22: 37968 | Q22: 38821 | R22: 37868 | S22: 38202 | T22: 37975 | U22: 38399 | V22: 32201 | W22: 35115 | X22: 35502 | Y22: 34081 | Z22: 33177 | AA22: 31039 | AB22: 26699
B23: May | C23: Ordinario | D23: 22 | E23: 18000 | F23: 17155 | G23: 16571 | H23: 16740 | I23: 18316 | J23: 23138 | K23: 26753 | L23: 37208 | M23: 37013 | N23: 36439 | O23: 37616 | P23: 40239 | Q23: 39622 | R23: 39863 | S23: 41165 | T23: 41114 | U23: 40969 | V23: 33726 | W23: 36375 | X23: 37420 | Y23: 35720 | Z23: 32230 | AA23: 27398 | AB23: 22704 | AC23: =+SUM(E23:AB23)*D23+SUM(E24:AB24)*D24+SUM(E25:AB25)*D25+SUM(E26:AB26)*D26 -> 22947941
B24: May | C24: Sábado | D24: 4 | E24: 19549 | F24: 17643 | G24: 17331 | H24: 17140 | I24: 17645 | J24: 18375 | K24: 21389 | L24: 34906 | M24: 37164 | N24: 38332 | O24: 38873 | P24: 39268 | Q24: 39680 | R24: 38518 | S24: 38250 | T24: 38226 | U24: 38407 | V24: 31864 | W24: 34651 | X24: 36350 | Y24: 34615 | Z24: 32127 | AA24: 28145 | AB24: 24080
B25: May | C25: Domingo | D25: 4 | E25: 19748 | F25: 18582 | G25: 16948 | H25: 16667 | I25: 16051 | J25: 16325 | K25: 17769 | L25: 30062 | M25: 32716 | N25: 34129 | O25: 35233 | P25: 35676 | Q25: 36315 | R25: 35490 | S25: 35044 | T25: 35490 | U25: 37360 | V25: 27492 | W25: 33278 | X25: 34419 | Y25: 33261 | Z25: 30103 | AA25: 25161 | AB25: 20365
B26: May | C26: Festivo | D26: 1 | E26: 17185 | F26: 18624 | G26: 18497 | H26: 17435 | I26: 18840 | J26: 19531 | K26: 21442 | L26: 34290 | M26: 35426 | N26: 38034 | O26: 39895 | P26: 41705 | Q26: 42954 | R26: 42611 | S26: 40602 | T26: 40260 | U26: 39072 | V26: 32363 | W26: 36122 | X26: 35602 | Y26: 33967 | Z26: 31640 | AA26: 27204 | AB26: 22924
B27: Jun | C27: Ordinario | D27: 18 | E27: 19542 | F27: 18524 | G27: 18149 | H27: 17960 | I27: 19567 | J27: 23652 | K27: 27275 | L27: 39238 | M27: 39037 | N27: 39797 | O27: 41203 | P27: 42482 | Q27: 42257 | R27: 42115 | S27: 43161 | T27: 43142 | U27: 43530 | V27: 35099 | W27: 38294 | X27: 38983 | Y27: 36748 | Z27: 32915 | AA27: 27988 | AB27: 23642 | AC27: =+SUM(E27:AB27)*D27+SUM(E28:AB28)*D28+SUM(E29:AB29)*D29+SUM(E30:AB30)*D30 -> 23112949
B28: Jun | C28: Sábado | D28: 5 | E28: 20054 | F28: 18826 | G28: 18116 | H28: 17743 | I28: 18365 | J28: 19629 | K28: 22170 | L28: 36843 | M28: 38479 | N28: 39467 | O28: 40721 | P28: 41238 | Q28: 41373 | R28: 40518 | S28: 39572 | T28: 39486 | U28: 39660 | V28: 32509 | W28: 35276 | X28: 37027 | Y28: 35306 | Z28: 32485 | AA28: 29200 | AB28: 25221
B29: Jun | C29: Domingo | D29: 5 | E29: 22153 | F29: 20237 | G29: 19308 | H29: 18860 | I29: 18483 | J29: 18312 | K29: 19261 | L29: 31876 | M29: 34117 | N29: 36067 | O29: 36972 | P29: 37599 | Q29: 37754 | R29: 37631 | S29: 36721 | T29: 36937 | U29: 37685 | V29: 30818 | W29: 33480 | X29: 35443 | Y29: 34217 | Z29: 31710 | AA29: 28024 | AB29: 23804
B30: Jun | C30: Festivo | D30: 2 | E30: 19997 | F30: 18867 | G30: 18103 | H30: 17792 | I30: 17862 | J30: 18062 | K30: 18490 | L30: 31132 | M30: 31976 | N30: 33283 | O30: 36552 | P30: 37966 | Q30: 39827 | R30: 39765 | S30: 39243 | T30: 39128 | U30: 38967 | V30: 31101 | W30: 34177 | X30: 35747 | Y30: 34630 | Z30: 32119 | AA30: 27699 | AB30: 23407
B31: Jul | C31: Ordinario | D31: 22 | E31: 20102 | F31: 19128 | G31: 18571 | H31: 18620 | I31: 20137 | J31: 24681 | K31: 28448 | L31: 38759 | M31: 38705 | N31: 39304 | O31: 39969 | P31: 42365 | Q31: 41627 | R31: 41669 | S31: 42544 | T31: 42666 | U31: 42528 | V31: 35029 | W31: 37150 | X31: 39525 | Y31: 37724 | Z31: 33919 | AA31: 28467 | AB31: 24545 | AC31: =+SUM(E31:AB31)*D31+SUM(E32:AB32)*D32+SUM(E33:AB33)*D33+SUM(E34:AB34)*D34 -> 23935549
B32: Jul | C32: Sábado | D32: 3 | E32: 21982 | F32: 20636 | G32: 19737 | H32: 19407 | I32: 19781 | J32: 20557 | K32: 22907 | L32: 36780 | M32: 38430 | N32: 39378 | O32: 39912 | P32: 41287 | Q32: 41903 | R32: 41227 | S32: 40610 | T32: 39898 | U32: 39446 | V32: 32973 | W32: 34428 | X32: 36726 | Y32: 34738 | Z32: 31680 | AA32: 28067 | AB32: 24595
B33: Jul | C33: Domingo | D33: 4 | E33: 20214 | F33: 18814 | G33: 18166 | H33: 17757 | I33: 17496 | J33: 17137 | K33: 18556 | L33: 29996 | M33: 32439 | N33: 33363 | O33: 34127 | P33: 36037 | Q33: 36435 | R33: 36669 | S33: 36378 | T33: 36109 | U33: 36201 | V33: 29766 | W33: 32639 | X33: 35888 | Y33: 35007 | Z33: 31331 | AA33: 25883 | AB33: 21805
B34: Jul | C34: Festivo | D34: 2 | E34: 23770 | F34: 22122 | G34: 20577 | H34: 19008 | I34: 18878 | J34: 17314 | K34: 18475 | L34: 29870 | M34: 33076 | N34: 33130 | O34: 31854 | P34: 34172 | Q34: 35282 | R34: 35996 | S34: 33691 | T34: 33707 | U34: 34474 | V34: 28048 | W34: 29942 | X34: 33889 | Y34: 34204 | Z34: 31168 | AA34: 26713 | AB34: 23359
B35: Ago | C35: Ordinario | D35: 20 | E35: 19954 | F35: 18650 | G35: 18077 | H35: 17924 | I35: 19628 | J35: 24804 | K35: 28991 | L35: 38952 | M35: 38154 | N35: 38303 | O35: 39270 | P35: 40816 | Q35: 40463 | R35: 40559 | S35: 41682 | T35: 42065 | U35: 42296 | V35: 35703 | W35: 38493 | X35: 40658 | Y35: 38521 | Z35: 34291 | AA35: 28681 | AB35: 24544 | AC35: =+SUM(E35:AB35)*D35+SUM(E36:AB36)*D36+SUM(E37:AB37)*D37+SUM(E38:AB38)*D38 -> 23893234
B36: Ago | C36: Sábado | D36: 5 | E36: 21054 | F36: 19701 | G36: 18775 | H36: 18328 | I36: 18626 | J36: 19329 | K36: 22363 | L36: 36164 | M36: 38609 | N36: 38788 | O36: 39016 | P36: 39670 | Q36: 40294 | R36: 41190 | S36: 40228 | T36: 40020 | U36: 39770 | V36: 34576 | W36: 36478 | X36: 38055 | Y36: 35658 | Z36: 32567 | AA36: 28120 | AB36: 24873
B37: Ago | C37: Domingo | D37: 4 | E37: 20649 | F37: 19208 | G37: 18131 | H37: 17647 | I37: 17335 | J37: 17349 | K37: 18141 | L37: 30153 | M37: 32174 | N37: 33858 | O37: 34788 | P37: 36582 | Q37: 37552 | R37: 36964 | S37: 36112 | T37: 36408 | U37: 37242 | V37: 32023 | W37: 35425 | X37: 37347 | Y37: 35531 | Z37: 31413 | AA37: 27030 | AB37: 23429
B38: Ago | C38: Festivo | D38: 2 | E38: 20423 | F38: 18670 | G38: 18297 | H38: 18080 | I38: 18540 | J38: 18921 | K38: 19975 | L38: 31766 | M38: 33369 | N38: 34133 | O38: 35950 | P38: 36347 | Q38: 36732 | R38: 38773 | S38: 38830 | T38: 37836 | U38: 39164 | V38: 34242 | W38: 36793 | X38: 37665 | Y38: 35381 | Z38: 31515 | AA38: 26998 | AB38: 22815
B39: Sep | C39: Ordinario | D39: 21 | E39: 19428 | F39: 18296 | G39: 17846 | H39: 17548 | I39: 19223 | J39: 23982 | K39: 28185 | L39: 38569 | M39: 37847 | N39: 38198 | O39: 39301 | P39: 41401 | Q39: 40645 | R39: 40150 | S39: 41337 | T39: 41879 | U39: 41866 | V39: 35308 | W39: 38631 | X39: 39479 | Y39: 37362 | Z39: 33902 | AA39: 28234 | AB39: 23601 | AC39: =+SUM(E39:AB39)*D39+SUM(E40:AB40)*D40+SUM(E41:AB41)*D41+SUM(E42:AB42)*D42 -> 22902751
B40: Sep | C40: Sábado | D40: 4 | E40: 19702 | F40: 18351 | G40: 17806 | H40: 17511 | I40: 17908 | J40: 19645 | K40: 22039 | L40: 36118 | M40: 37607 | N40: 38460 | O40: 39809 | P40: 40567 | Q40: 40551 | R40: 40407 | S40: 39674 | T40: 39597 | U40: 40647 | V40: 33786 | W40: 36872 | X40: 37423 | Y40: 35197 | Z40: 31763 | AA40: 28497 | AB40: 24345
B41: Sep | C41: Domingo | D41: 5 | E41: 20638 | F41: 19090 | G41: 17864 | H41: 17559 | I41: 17059 | J41: 16720 | K41: 18130 | L41: 29976 | M41: 31246 | N41: 32561 | O41: 34211 | P41: 36131 | Q41: 37591 | R41: 37801 | S41: 36817 | T41: 36326 | U41: 36723 | V41: 31856 | W41: 34416 | X41: 36216 | Y41: 33709 | Z41: 31006 | AA41: 26006 | AB41: 22157
B42: Sep | C42: Festivo | D42: 0 | E42: 0 | F42: 0 | G42: 0 | H42: 0 | I42: 0 | J42: 0 | K42: 0 | L42: 0 | M42: 0 | N42: 0 | O42: 0 | P42: 0 | Q42: 0 | R42: 0 | S42: 0 | T42: 0 | U42: 0 | V42: 0 | W42: 0 | X42: 0 | Y42: 0 | Z42: 0 | AA42: 0 | AB42: 0
B43: Oct | C43: Ordinario | D43: 22 | E43: 19980 | F43: 18717 | G43: 18136 | H43: 18002 | I43: 19510 | J43: 23898 | K43: 26680 | L43: 37089 | M43: 36720 | N43: 37071 | O43: 38318 | P43: 40321 | Q43: 39558 | R43: 39528 | S43: 40769 | T43: 41596 | U43: 41977 | V43: 35926 | W43: 39670 | X43: 39548 | Y43: 37456 | Z43: 34545 | AA43: 28874 | AB43: 24413 | AC43: =+SUM(E43:AB43)*D43+SUM(E44:AB44)*D44+SUM(E45:AB45)*D45+SUM(E46:AB46)*D46 -> 23690538
B44: Oct | C44: Sábado | D44: 4 | E44: 20942 | F44: 19417 | G44: 18725 | H44: 18309 | I44: 18475 | J44: 19306 | K44: 20981 | L44: 34623 | M44: 36020 | N44: 37259 | O44: 37834 | P44: 39218 | Q44: 40001 | R44: 39438 | S44: 40095 | T44: 40215 | U44: 40827 | V44: 34300 | W44: 38978 | X44: 38950 | Y44: 37070 | Z44: 34186 | AA44: 30373 | AB44: 26480
B45: Oct | C45: Domingo | D45: 4 | E45: 21580 | F45: 19681 | G45: 18542 | H45: 18092 | I45: 18357 | J45: 17581 | K45: 17191 | L45: 28075 | M45: 30620 | N45: 32319 | O45: 34632 | P45: 36384 | Q45: 37316 | R45: 37234 | S45: 36127 | T45: 36851 | U45: 37130 | V45: 32398 | W45: 36952 | X45: 37376 | Y45: 35525 | Z45: 32154 | AA45: 27688 | AB45: 23966
B46: Oct | C46: Festivo | D46: 1 | E46: 19251 | F46: 18174 | G46: 17390 | H46: 17379 | I46: 17912 | J46: 17508 | K46: 17083 | L46: 28597 | M46: 30289 | N46: 33070 | O46: 34747 | P46: 35990 | Q46: 37862 | R46: 37580 | S46: 37756 | T46: 36937 | U46: 37817 | V46: 33571 | W46: 38797 | X46: 37262 | Y46: 36250 | Z46: 32879 | AA46: 27561 | AB46: 23060
B47: Nov | C47: Ordinario | D47: 19 | E47: 19426 | F47: 18271 | G47: 18380 | H47: 18169 | I47: 19976 | J47: 24740 | K47: 28513 | L47: 38786 | M47: 38214 | N47: 38057 | O47: 39993 | P47: 41549 | Q47: 40436 | R47: 40347 | S47: 41790 | T47: 42787 | U47: 42935 | V47: 36931 | W47: 40487 | X47: 39549 | Y47: 37705 | Z47: 34223 | AA47: 28504 | AB47: 24329 | AC47: =+SUM(E47:AB47)*D47+SUM(E48:AB48)*D48+SUM(E49:AB49)*D49+SUM(E50:AB50)*D50 -> 23238819
B48: Nov | C48: Sábado | D48: 5 | E48: 21082 | F48: 19773 | G48: 18711 | H48: 18643 | I48: 19123 | J48: 19998 | K48: 22916 | L48: 36316 | M48: 37819 | N48: 38423 | O48: 39372 | P48: 40518 | Q48: 40175 | R48: 39815 | S48: 39778 | T48: 39957 | U48: 40682 | V48: 35454 | W48: 39125 | X48: 39044 | Y48: 36841 | Z48: 33432 | AA48: 29904 | AB48: 25983
B49: Nov | C49: Domingo | D49: 4 | E49: 22034 | F49: 20658 | G49: 19386 | H49: 19097 | I49: 18575 | J49: 18589 | K49: 18169 | L49: 29729 | M49: 32742 | N49: 34099 | O49: 34930 | P49: 36525 | Q49: 37566 | R49: 37216 | S49: 37224 | T49: 37131 | U49: 38897 | V49: 32898 | W49: 36911 | X49: 37078 | Y49: 35038 | Z49: 32050 | AA49: 26926 | AB49: 23547
B50: Nov | C50: Festivo | D50: 2 | E50: 20439 | F50: 19166 | G50: 18639 | H50: 17796 | I50: 17924 | J50: 18258 | K50: 18097 | L50: 29264 | M50: 31244 | N50: 32525 | O50: 34791 | P50: 36685 | Q50: 37196 | R50: 37255 | S50: 37426 | T50: 37863 | U50: 39714 | V50: 34510 | W50: 37997 | X50: 37818 | Y50: 35269 | Z50: 31095 | AA50: 25530 | AB50: 22747
B51: Dic | C51: Ordinario | D51: 21 | E51: 21276 | F51: 19723 | G51: 19033 | H51: 18746 | I51: 19794 | J51: 22399 | K51: 24518 | L51: 37088 | M51: 38141 | N51: 38549 | O51: 39638 | P51: 41863 | Q51: 41095 | R51: 39671 | S51: 41789 | T51: 42504 | U51: 42804 | V51: 35950 | W51: 40801 | X51: 40490 | Y51: 38249 | Z51: 35025 | AA51: 30028 | AB51: 26293 | AC51: =+SUM(E51:AB51)*D51+SUM(E52:AB52)*D52+SUM(E53:AB53)*D53+SUM(E54:AB54)*D54 -> 24027837
B52: Dic | C52: Sábado | D52: 4 | E52: 21908 | F52: 20535 | G52: 19685 | H52: 18850 | I52: 19605 | J52: 20362 | K52: 21611 | L52: 35260 | M52: 37392 | N52: 38365 | O52: 39051 | P52: 40079 | Q52: 40381 | R52: 39763 | S52: 39833 | T52: 39343 | U52: 40170 | V52: 33085 | W52: 38930 | X52: 39346 | Y52: 37543 | Z52: 34755 | AA52: 30946 | AB52: 27631
B53: Dic | C53: Domingo | D53: 4 | E53: 23220 | F53: 21382 | G53: 19968 | H53: 19483 | I53: 18765 | J53: 18612 | K53: 17670 | L53: 30382 | M53: 33335 | N53: 34088 | O53: 35580 | P53: 37444 | Q53: 39084 | R53: 38046 | S53: 36031 | T53: 37302 | U53: 37627 | V53: 31847 | W53: 35704 | X53: 36207 | Y53: 35370 | Z53: 33673 | AA53: 28676 | AB53: 25057
B54: Dic | C54: Festivo | D54: 2 | E54: 22596 | F54: 21237 | G54: 19894 | H54: 19208 | I54: 18183 | J54: 17516 | K54: 16503 | L54: 25879 | M54: 26752 | N54: 27890 | O54: 30488 | P54: 32550 | Q54: 34332 | R54: 34977 | S54: 34105 | T54: 34883 | U54: 35542 | V54: 30487 | W54: 33901 | X54: 34884 | Y54: 32980 | Z54: 30589 | AA54: 26013 | AB54: 22162
Z55: TOTAL AÑO kWh | AC55: =SUM(AC7:AC54) -> 279138245

Sheet Cantidad Producto 5-2031
B2: CANTIDADES DE ENERGÍA SOLICITADAS (kWh)
B3: CENTRAL HIDROELECTRICA DE CALDAS S.A. E.S.P. -BENEFICIO E INTERÉS COLECTIVO
B4: 2031
B6: Mes | C6: Tipo Día | D6: Días | E6: H1 | F6: H2 | G6: H3 | H6: H4 | I6: H5 | J6: H6 | K6: H7 | L6: H8 | M6: H9 | N6: H10 | O6: H11 | P6: H12 | Q6: H13 | R6: H14 | S6: H15 | T6: H16 | U6: H17 | V6: H18 | W6: H19 | X6: H20 | Y6: H21 | Z6: H22 | AA6: H23 | AB6: H24 | AC6: TOTAL MES
B7: Ene | C7: Ordinario | D7: 21 | E7: 21332 | F7: 20155 | G7: 19436 | H7: 19204 | I7: 20566 | J7: 24537 | K7: 28005 | L7: 38858 | M7: 39517 | N7: 40458 | O7: 42063 | P7: 44521 | Q7: 42849 | R7: 41943 | S7: 42724 | T7: 43358 | U7: 43671 | V7: 39403 | W7: 43030 | X7: 44191 | Y7: 42050 | Z7: 38330 | AA7: 32112 | AB7: 27691 | AC7: =+SUM(E7:AB7)*D7+SUM(E8:AB8)*D8+SUM(E9:AB9)*D9+SUM(E10:AB10)*D10 -> 25540072 | AE7: =+AC7 -> 25540072
B8: Ene | C8: Sábado | D8: 4 | E8: 22781 | F8: 20904 | G8: 20036 | H8: 19587 | I8: 20022 | J8: 21366 | K8: 23418 | L8: 36133 | M8: 39036 | N8: 40788 | O8: 41933 | P8: 43616 | Q8: 44181 | R8: 43205 | S8: 42674 | T8: 42291 | U8: 42682 | V8: 38680 | W8: 42873 | X8: 43899 | Y8: 41804 | Z8: 38980 | AA8: 34501 | AB8: 30435 | AE8: =+AC11 -> 23863988
B9: Ene | C9: Domingo | D9: 4 | E9: 24133 | F9: 22292 | G9: 21121 | H9: 20305 | I9: 19981 | J9: 19801 | K9: 20075 | L9: 30218 | M9: 33124 | N9: 35007 | O9: 36862 | P9: 38850 | Q9: 39676 | R9: 38937 | S9: 39112 | T9: 39589 | U9: 39740 | V9: 36616 | W9: 40431 | X9: 41549 | Y9: 39684 | Z9: 36343 | AA9: 31190 | AB9: 26757 | AE9: =+AC15 -> 25133146
B10: Ene | C10: Festivo | D10: 2 | E10: 24274 | F10: 22863 | G10: 21363 | H10: 20801 | I10: 20089 | J10: 19914 | K10: 18650 | L10: 27476 | M10: 29132 | N10: 31211 | O10: 33573 | P10: 35117 | Q10: 36770 | R10: 37219 | S10: 37331 | T10: 37025 | U10: 37318 | V10: 34978 | W10: 39125 | X10: 40496 | Y10: 39080 | Z10: 35241 | AA10: 30287 | AB10: 26225 | AE10: =+AC19 -> 25175078
B11: Feb | C11: Ordinario | D11: 20 | E11: 21095 | F11: 20461 | G11: 19732 | H11: 20057 | I11: 20958 | J11: 27967 | K11: 31514 | L11: 41611 | M11: 41494 | N11: 42008 | O11: 43519 | P11: 45062 | Q11: 44099 | R11: 43884 | S11: 44818 | T11: 45309 | U11: 45188 | V11: 39342 | W11: 43061 | X11: 44694 | Y11: 42613 | Z11: 38659 | AA11: 32707 | AB11: 27641 | AC11: =+SUM(E11:AB11)*D11+SUM(E12:AB12)*D12+SUM(E13:AB13)*D13+SUM(E14:AB14)*D14 -> 23863988 | AE11: =+AC23 -> 25029031
B12: Feb | C12: Sábado | D12: 4 | E12: 23006 | F12: 21667 | G12: 20830 | H12: 20393 | I12: 20913 | J12: 22316 | K12: 25141 | L12: 38867 | M12: 41287 | N12: 42522 | O12: 43819 | P12: 45091 | Q12: 44706 | R12: 43483 | S12: 42922 | T12: 42696 | U12: 43144 | V12: 38509 | W12: 41672 | X12: 43553 | Y12: 41533 | Z12: 37761 | AA12: 33252 | AB12: 28733 | AE12: =+AC27 -> 25005430
B13: Feb | C13: Domingo | D13: 4 | E13: 23438 | F13: 21817 | G13: 20706 | H13: 20102 | I13: 19867 | J13: 19916 | K13: 20434 | L13: 31879 | M13: 35176 | N13: 37459 | O13: 38202 | P13: 40194 | Q13: 41681 | R13: 41574 | S13: 40537 | T13: 41434 | U13: 38906 | V13: 35163 | W13: 40458 | X13: 40333 | Y13: 39351 | Z13: 35808 | AA13: 30471 | AB13: 25810 | AE13: =+AC31 -> 25526198
B14: Feb | C14: Festivo | D14: 0 | E14: 0 | F14: 0 | G14: 0 | H14: 0 | I14: 0 | J14: 0 | K14: 0 | L14: 0 | M14: 0 | N14: 0 | O14: 0 | P14: 0 | Q14: 0 | R14: 0 | S14: 0 | T14: 0 | U14: 0 | V14: 0 | W14: 0 | X14: 0 | Y14: 0 | Z14: 0 | AA14: 0 | AB14: 0 | AE14: =+AC35 -> 26065129
B15: Mar | C15: Ordinario | D15: 20 | E15: 19942 | F15: 18884 | G15: 18483 | H15: 18442 | I15: 20405 | J15: 26637 | K15: 30135 | L15: 39246 | M15: 39038 | N15: 39667 | O15: 40667 | P15: 42891 | Q15: 41999 | R15: 41609 | S15: 42536 | T15: 42804 | U15: 42422 | V15: 38236 | W15: 41824 | X15: 43468 | Y15: 41498 | Z15: 36756 | AA15: 31454 | AB15: 26343 | AC15: =+SUM(E15:AB15)*D15+SUM(E16:AB16)*D16+SUM(E17:AB17)*D17+SUM(E18:AB18)*D18 -> 25133146 | AE15: =+AC39 -> 24899520
B16: Mar | C16: Sábado | D16: 5 | E16: 20111 | F16: 19888 | G16: 19277 | H16: 18951 | I16: 19696 | J16: 21517 | K16: 24748 | L16: 37695 | M16: 39980 | N16: 41497 | O16: 42326 | P16: 42972 | Q16: 43074 | R16: 41904 | S16: 41509 | T16: 41374 | U16: 41229 | V16: 37424 | W16: 40066 | X16: 42531 | Y16: 40656 | Z16: 37327 | AA16: 32823 | AB16: 28399 | AE16: =+AC43 -> 25960421
B17: Mar | C17: Domingo | D17: 5 | E17: 22180 | F17: 20767 | G17: 19477 | H17: 19408 | I17: 19365 | J17: 17548 | K17: 19321 | L17: 30285 | M17: 33430 | N17: 35087 | O17: 36856 | P17: 38825 | Q17: 39079 | R17: 39260 | S17: 38444 | T17: 37988 | U17: 37672 | V17: 34479 | W17: 37909 | X17: 40365 | Y17: 39958 | Z17: 36126 | AA17: 31117 | AB17: 26085 | AE17: =+AC47 -> 25357228
B18: Mar | C18: Festivo | D18: 1 | E18: 22380 | F18: 21313 | G18: 20258 | H18: 19980 | I18: 20243 | J18: 19989 | K18: 20802 | L18: 31644 | M18: 34040 | N18: 36137 | O18: 38886 | P18: 40616 | Q18: 41680 | R18: 40709 | S18: 40458 | T18: 40048 | U18: 39725 | V18: 36268 | W18: 40741 | X18: 43198 | Y18: 41282 | Z18: 37177 | AA18: 31331 | AB18: 26496 | AE18: =+AC51 -> 26212931
B19: Abr | C19: Ordinario | D19: 20 | E19: 20762 | F19: 19738 | G19: 19525 | H19: 19244 | I19: 20950 | J19: 26381 | K19: 30272 | L19: 40257 | M19: 40263 | N19: 40691 | O19: 42700 | P19: 44438 | Q19: 43786 | R19: 43592 | S19: 44710 | T19: 44676 | U19: 44656 | V19: 39626 | W19: 43317 | X19: 44620 | Y19: 42860 | Z19: 38839 | AA19: 32965 | AB19: 27676 | AC19: =+SUM(E19:AB19)*D19+SUM(E20:AB20)*D20+SUM(E21:AB21)*D21+SUM(E22:AB22)*D22 -> 25175078 | AE19: =SUM(AE7:AE18) -> 303768172
B20: Abr | C20: Sábado | D20: 4 | E20: 22240 | F20: 20888 | G20: 20207 | H20: 19917 | I20: 20581 | J20: 21812 | K20: 23244 | L20: 37488 | M20: 39311 | N20: 40850 | O20: 42716 | P20: 43570 | Q20: 44758 | R20: 43172 | S20: 43147 | T20: 43098 | U20: 43349 | V20: 37730 | W20: 43467 | X20: 42538 | Y20: 40503 | Z20: 37943 | AA20: 33845 | AB20: 31693
B21: Abr | C21: Domingo | D21: 4 | E21: 23494 | F21: 21626 | G21: 20404 | H21: 19959 | I21: 19310 | J21: 19350 | K21: 20393 | L21: 31293 | M21: 34915 | N21: 36650 | O21: 38314 | P21: 39049 | Q21: 40277 | R21: 40024 | S21: 39448 | T21: 38725 | U21: 39629 | V21: 36181 | W21: 40019 | X21: 41434 | Y21: 40346 | Z21: 37268 | AA21: 32820 | AB21: 26508
B22: Abr | C22: Festivo | D22: 2 | E22: 24069 | F22: 22178 | G22: 21459 | H22: 20815 | I22: 20799 | J22: 20942 | K22: 21891 | L22: 33799 | M22: 36202 | N22: 37049 | O22: 36961 | P22: 39428 | Q22: 40692 | R22: 39958 | S22: 39580 | T22: 39053 | U22: 39172 | V22: 36047 | W22: 39893 | X22: 40842 | Y22: 39242 | Z22: 37295 | AA22: 34223 | AB22: 29504
B23: May | C23: Ordinario | D23: 20 | E23: 19971 | F23: 18957 | G23: 18375 | H23: 18506 | I23: 20343 | J23: 26010 | K23: 29653 | L23: 39021 | M23: 38930 | N23: 38887 | O23: 40381 | P23: 42847 | Q23: 42043 | R23: 41978 | S23: 43058 | T23: 43020 | U23: 42847 | V23: 38422 | W23: 41786 | X23: 43133 | Y23: 41131 | Z23: 37268 | AA23: 31755 | AB23: 26676 | AC23: =+SUM(E23:AB23)*D23+SUM(E24:AB24)*D24+SUM(E25:AB25)*D25+SUM(E26:AB26)*D26 -> 25029031
B24: May | C24: Sábado | D24: 5 | E24: 21627 | F24: 19821 | G24: 19265 | H24: 19022 | I24: 19612 | J24: 20650 | K24: 23661 | L24: 36569 | M24: 39084 | N24: 40512 | O24: 41464 | P24: 42182 | Q24: 42400 | R24: 41085 | S24: 40472 | T24: 40254 | U24: 40311 | V24: 36590 | W24: 40013 | X24: 41679 | Y24: 39764 | Z24: 36975 | AA24: 32631 | AB24: 28232
B25: May | C25: Domingo | D25: 4 | E25: 22051 | F25: 20642 | G25: 19097 | H25: 18647 | I25: 18122 | J25: 18099 | K25: 19267 | L25: 30586 | M25: 33690 | N25: 35606 | O25: 37003 | P25: 37751 | Q25: 38265 | R25: 37432 | S25: 36758 | T25: 36835 | U25: 37973 | V25: 32253 | W25: 37788 | X25: 39295 | Y25: 38115 | Z25: 34819 | AA25: 29701 | AB25: 24751
B26: May | C26: Festivo | D26: 2 | E26: 19457 | F26: 19907 | G26: 19548 | H26: 18651 | I26: 19711 | J26: 20157 | K26: 21623 | L26: 33333 | M26: 35212 | N26: 38042 | O26: 40244 | P26: 42315 | Q26: 43485 | R26: 42884 | S26: 41085 | T26: 40588 | U26: 39678 | V26: 35974 | W26: 40390 | X26: 41000 | Y26: 39209 | Z26: 36130 | AA26: 30925 | AB26: 26208
B27: Jun | C27: Ordinario | D27: 18 | E27: 21400 | F27: 20220 | G27: 19725 | H27: 19598 | I27: 21267 | J27: 25718 | K27: 29422 | L27: 40493 | M27: 40566 | N27: 41572 | O27: 43310 | P27: 45015 | Q27: 44460 | R27: 44137 | S27: 45030 | T27: 44992 | U27: 45152 | V27: 39858 | W27: 43429 | X27: 44760 | Y27: 42412 | Z27: 38361 | AA27: 32778 | AB27: 27869 | AC27: =+SUM(E27:AB27)*D27+SUM(E28:AB28)*D28+SUM(E29:AB29)*D29+SUM(E30:AB30)*D30 -> 25005430
B28: Jun | C28: Sábado | D28: 4 | E28: 22171 | F28: 20774 | G28: 19929 | H28: 19509 | I28: 20228 | J28: 21501 | K28: 24273 | L28: 37974 | M28: 40150 | N28: 41416 | O28: 42844 | P28: 43745 | Q28: 43810 | R28: 42804 | S28: 41819 | T28: 41585 | U28: 41506 | V28: 37446 | W28: 40736 | X28: 42777 | Y28: 40793 | Z28: 37627 | AA28: 33792 | AB28: 29362
B29: Jun | C29: Domingo | D29: 5 | E29: 23903 | F29: 21989 | G29: 20884 | H29: 20296 | I29: 19945 | J29: 19584 | K29: 20451 | L29: 32013 | M29: 34895 | N29: 37122 | O29: 38269 | P29: 39244 | Q29: 39655 | R29: 39269 | S29: 38130 | T29: 38045 | U29: 38400 | V29: 34724 | W29: 38063 | X29: 40481 | Y29: 39229 | Z29: 36331 | AA29: 32110 | AB29: 27587
B30: Jun | C30: Festivo | D30: 3 | E30: 22148 | F30: 20756 | G30: 19907 | H30: 19443 | I30: 19540 | J30: 19568 | K30: 19944 | L30: 31509 | M30: 33188 | N30: 35162 | O30: 38339 | P30: 40213 | Q30: 41767 | R30: 41270 | S30: 40417 | T30: 39943 | U30: 39749 | V30: 35686 | W30: 39337 | X30: 41799 | Y30: 40374 | Z30: 37232 | AA30: 32167 | AB30: 27295
B31: Jul | C31: Ordinario | D31: 23 | E31: 21022 | F31: 19878 | G31: 19306 | H31: 19280 | I31: 20885 | J31: 25923 | K31: 29364 | L31: 38900 | M31: 38937 | N31: 39743 | O31: 40926 | P31: 43283 | Q31: 42386 | R31: 42274 | S31: 43178 | T31: 43295 | U31: 43076 | V31: 38562 | W31: 41175 | X31: 43877 | Y31: 41888 | Z31: 38014 | AA31: 32139 | AB31: 27529 | AC31: =+SUM(E31:AB31)*D31+SUM(E32:AB32)*D32+SUM(E33:AB33)*D33+SUM(E34:AB34)*D34 -> 25526198
B32: Jul | C32: Sábado | D32: 4 | E32: 22425 | F32: 20983 | G32: 20094 | H32: 19805 | I32: 20218 | J32: 21208 | K32: 23584 | L32: 36646 | M32: 38814 | N32: 40074 | O32: 40941 | P32: 42308 | Q32: 42741 | R32: 41832 | S32: 41120 | T32: 40378 | U32: 39924 | V32: 36486 | W32: 38780 | X32: 41233 | Y32: 39177 | Z32: 36020 | AA32: 31933 | AB32: 28093
B33: Jul | C33: Domingo | D33: 3 | E33: 21818 | F33: 20285 | G33: 19347 | H33: 18862 | I33: 18587 | J33: 18298 | K33: 19221 | L33: 29837 | M33: 32742 | N33: 34262 | O33: 35376 | P33: 37216 | Q33: 37728 | R33: 37715 | S33: 37097 | T33: 36738 | U33: 36596 | V33: 33298 | W33: 36632 | X33: 39990 | Y33: 38981 | Z33: 35450 | AA33: 29972 | AB33: 25649
B34: Jul | C34: Festivo | D34: 1 | E34: 28891 | F34: 26064 | G34: 24147 | H34: 22726 | I34: 22881 | J34: 22739 | K34: 25223 | L34: 31831 | M34: 36513 | N34: 39090 | O34: 40249 | P34: 43775 | Q34: 44849 | R34: 44396 | S34: 41840 | T34: 41097 | U34: 41025 | V34: 45941 | W34: 49833 | X34: 55216 | Y34: 54201 | Z34: 49365 | AA34: 42253 | AB34: 36374
B35: Ago | C35: Ordinario | D35: 19 | E35: 21953 | F35: 20562 | G35: 20007 | H35: 19890 | I35: 21762 | J35: 27548 | K35: 31402 | L35: 40637 | M35: 40184 | N35: 40667 | O35: 42089 | P35: 43863 | Q35: 43194 | R35: 43161 | S35: 44297 | T35: 44549 | U35: 44589 | V35: 40354 | W35: 43710 | X35: 46174 | Y35: 44008 | Z35: 39758 | AA35: 33472 | AB35: 28637 | AC35: =+SUM(E35:AB35)*D35+SUM(E36:AB36)*D36+SUM(E37:AB37)*D37+SUM(E38:AB38)*D38 -> 26065129
B36: Ago | C36: Sábado | D36: 5 | E36: 23215 | F36: 21712 | G36: 20764 | H36: 20320 | I36: 20759 | J36: 21900 | K36: 24782 | L36: 37917 | M36: 40599 | N36: 41336 | O36: 42156 | P36: 43146 | Q36: 43455 | R36: 43534 | S36: 42525 | T36: 42099 | U36: 41843 | V36: 38777 | W36: 41644 | X36: 43619 | Y36: 41237 | Z36: 37935 | AA36: 33103 | AB36: 29196
B37: Ago | C37: Domingo | D37: 5 | E37: 23198 | F37: 21627 | G37: 20476 | H37: 19829 | I37: 19562 | J37: 19648 | K37: 20157 | L37: 31236 | M37: 33976 | N37: 35922 | O37: 37162 | P37: 38912 | Q37: 39838 | R37: 39384 | S37: 38402 | T37: 38255 | U37: 38685 | V37: 35928 | W37: 39735 | X37: 42045 | Y37: 40338 | Z37: 36347 | AA37: 31301 | AB37: 27204
B38: Ago | C38: Festivo | D38: 2 | E38: 22378 | F38: 20716 | G38: 20097 | H38: 19785 | I38: 20157 | J38: 20570 | K38: 21158 | L38: 32206 | M38: 34368 | N38: 35968 | O38: 38242 | P38: 39467 | Q38: 40082 | R38: 41066 | S38: 40570 | T38: 39614 | U38: 40481 | V38: 38133 | W38: 41339 | X38: 42932 | Y38: 40679 | Z38: 36486 | AA38: 31210 | AB38: 26574
B39: Sep | C39: Ordinario | D39: 22 | E39: 21260 | F39: 20074 | G39: 19595 | H39: 19353 | I39: 21156 | J39: 26432 | K39: 30279 | L39: 39909 | M39: 39484 | N39: 40046 | O39: 41505 | P39: 43550 | Q39: 42689 | R39: 42367 | S39: 43516 | T39: 43921 | U39: 43848 | V39: 39509 | W39: 43526 | X39: 44569 | Y39: 42314 | Z39: 38504 | AA39: 32443 | AB39: 27481 | AC39: =+SUM(E39:AB39)*D39+SUM(E40:AB40)*D40+SUM(E41:AB41)*D41+SUM(E42:AB42)*D42 -> 24899520
B40: Sep | C40: Sábado | D40: 4 | E40: 22048 | F40: 20465 | G40: 19792 | H40: 19433 | I40: 19945 | J40: 21535 | K40: 24034 | L40: 37402 | M40: 39424 | N40: 40567 | O40: 41969 | P40: 42763 | Q40: 42731 | R40: 42259 | S40: 41470 | T40: 41251 | U40: 41907 | V40: 37844 | W40: 41601 | X40: 42086 | Y40: 39878 | Z40: 36329 | AA40: 32443 | AB40: 28178
B41: Sep | C41: Domingo | D41: 4 | E41: 22690 | F41: 21062 | G41: 19883 | H41: 19396 | I41: 18864 | J41: 18567 | K41: 19475 | L41: 30546 | M41: 32693 | N41: 34336 | O41: 36000 | P41: 37791 | Q41: 39100 | R41: 38989 | S41: 38104 | T41: 37616 | U41: 37772 | V41: 35352 | W41: 38967 | X41: 40727 | Y41: 38489 | Z41: 35269 | AA41: 29840 | AB41: 25683
B42: Sep | C42: Festivo | D42: 0 | E42: 0 | F42: 0 | G42: 0 | H42: 0 | I42: 0 | J42: 0 | K42: 0 | L42: 0 | M42: 0 | N42: 0 | O42: 0 | P42: 0 | Q42: 0 | R42: 0 | S42: 0 | T42: 0 | U42: 0 | V42: 0 | W42: 0 | X42: 0 | Y42: 0 | Z42: 0 | AA42: 0 | AB42: 0
B43: Oct | C43: Ordinario | D43: 22 | E43: 21368 | F43: 20080 | G43: 19563 | H43: 19454 | I43: 21207 | J43: 26204 | K43: 29810 | L43: 39707 | M43: 39497 | N43: 40063 | O43: 41622 | P43: 43771 | Q43: 43008 | R43: 42847 | S43: 43796 | T43: 44317 | U43: 44509 | V43: 41025 | W43: 45213 | X43: 45036 | Y43: 42631 | Z43: 39011 | AA43: 32883 | AB43: 27860 | AC43: =+SUM(E43:AB43)*D43+SUM(E44:AB44)*D44+SUM(E45:AB45)*D45+SUM(E46:AB46)*D46 -> 25960421
B44: Oct | C44: Sábado | D44: 4 | E44: 22509 | F44: 20931 | G44: 20139 | H44: 19742 | I44: 20143 | J44: 21355 | K44: 23888 | L44: 36994 | M44: 38962 | N44: 40451 | O44: 41505 | P44: 43018 | Q44: 43534 | R44: 42693 | S44: 42561 | T44: 42249 | U44: 42590 | V44: 39321 | W44: 43814 | X44: 43642 | Y44: 41404 | Z44: 38078 | AA44: 33785 | AB44: 29490
B45: Oct | C45: Domingo | D45: 4 | E45: 23222 | F45: 21309 | G45: 20126 | H45: 19584 | I45: 19630 | J45: 19175 | K45: 19633 | L45: 29966 | M45: 32850 | N45: 34854 | O45: 36913 | P45: 38704 | Q45: 39673 | R45: 39420 | S45: 38187 | T45: 38331 | U45: 38481 | V45: 36538 | W45: 41371 | X45: 41991 | Y45: 40030 | Z45: 36326 | AA45: 31347 | AB45: 27028
B46: Oct | C46: Festivo | D46: 1 | E46: 21577 | F46: 20146 | G46: 19320 | H46: 19115 | I46: 19543 | J46: 19239 | K46: 19708 | L46: 30355 | M46: 32680 | N46: 35475 | O46: 37614 | P46: 39411 | Q46: 41049 | R46: 40467 | S46: 39657 | T46: 39050 | U46: 39427 | V46: 38056 | W46: 43244 | X46: 42253 | Y46: 40677 | Z46: 36646 | AA46: 30955 | AB46: 26205
B47: Nov | C47: Ordinario | D47: 18 | E47: 21442 | F47: 20168 | G47: 20004 | H47: 19838 | I47: 21708 | J47: 26816 | K47: 31102 | L47: 41087 | M47: 40723 | N47: 41061 | O47: 43009 | P47: 44750 | Q47: 43801 | R47: 43538 | S47: 44721 | T47: 45355 | U47: 45539 | V47: 41962 | W47: 45888 | X47: 45237 | Y47: 43170 | Z47: 39272 | AA47: 33023 | AB47: 28137 | AC47: =+SUM(E47:AB47)*D47+SUM(E48:AB48)*D48+SUM(E49:AB49)*D49+SUM(E50:AB50)*D50 -> 25357228
B48: Nov | C48: Sábado | D48: 5 | E48: 22803 | F48: 21329 | G48: 20383 | H48: 20159 | I48: 20864 | J48: 22135 | K48: 25091 | L48: 38247 | M48: 40249 | N48: 41392 | O48: 42484 | P48: 43619 | Q48: 43650 | R48: 42882 | S48: 42357 | T48: 42235 | U48: 42631 | V48: 39834 | W48: 44212 | X48: 43966 | Y48: 41628 | Z48: 38064 | AA48: 33988 | AB48: 29575
B49: Nov | C49: Domingo | D49: 5 | E49: 23754 | F49: 22229 | G49: 21002 | H49: 20451 | I49: 20070 | J49: 20058 | K49: 20140 | L49: 31319 | M49: 34515 | N49: 36322 | O49: 37416 | P49: 38927 | Q49: 40080 | R49: 39846 | S49: 39357 | T49: 39081 | U49: 39824 | V49: 36927 | W49: 41493 | X49: 41705 | Y49: 39779 | Z49: 36444 | AA49: 31262 | AB49: 27128
B50: Nov | C50: Festivo | D50: 2 | E50: 22049 | F50: 20571 | G50: 19940 | H50: 19319 | I50: 19398 | J50: 19756 | K50: 20078 | L50: 31123 | M50: 33354 | N50: 35336 | O50: 37854 | P50: 40010 | Q50: 40891 | R50: 40614 | S50: 40228 | T50: 40247 | U50: 41125 | V50: 38553 | W50: 42883 | X50: 42970 | Y50: 40457 | Z50: 35943 | AA50: 30123 | AB50: 26368
B51: Dic | C51: Ordinario | D51: 21 | E51: 22759 | F51: 21105 | G51: 20355 | H51: 20084 | I51: 21220 | J51: 23903 | K51: 26613 | L51: 38792 | M51: 40170 | N51: 41157 | O51: 42687 | P51: 44875 | Q51: 44266 | R51: 43030 | S51: 44494 | T51: 44776 | U51: 44812 | V51: 40774 | W51: 45723 | X51: 45803 | Y51: 43447 | Z51: 39822 | AA51: 34248 | AB51: 29626 | AC51: =+SUM(E51:AB51)*D51+SUM(E52:AB52)*D52+SUM(E53:AB53)*D53+SUM(E54:AB54)*D54 -> 26212931
B52: Dic | C52: Sábado | D52: 4 | E52: 23484 | F52: 21842 | G52: 20979 | H52: 20283 | I52: 21151 | J52: 22404 | K52: 24497 | L52: 37399 | M52: 39659 | N52: 41011 | O52: 42127 | P52: 43432 | Q52: 43450 | R52: 42798 | S52: 42738 | T52: 42249 | U52: 42615 | V52: 38611 | W52: 44369 | X52: 44756 | Y52: 42814 | Z52: 39718 | AA52: 35233 | AB52: 31053
B53: Dic | C53: Domingo | D53: 4 | E53: 24747 | F53: 22717 | G53: 21369 | H53: 20743 | I53: 20320 | J53: 20463 | K53: 20639 | L53: 32667 | M53: 35878 | N53: 37282 | O53: 38862 | P53: 40585 | Q53: 41758 | R53: 40665 | S53: 38967 | T53: 39633 | U53: 39693 | V53: 37023 | W53: 41467 | X53: 41827 | Y53: 40349 | Z53: 37975 | AA53: 33195 | AB53: 29327
B54: Dic | C54: Festivo | D54: 2 | E54: 24450 | F54: 22950 | G54: 21568 | H54: 20743 | I54: 19798 | J54: 19235 | K54: 18586 | L54: 27815 | M54: 29315 | N54: 31018 | O54: 33490 | P54: 35702 | Q54: 37483 | R54: 37892 | S54: 36824 | T54: 37043 | U54: 37370 | V54: 35170 | W54: 39111 | X54: 39950 | Y54: 37927 | Z54: 35125 | AA54: 30414 | AB54: 26160
Z55: TOTAL AÑO kWh | AC55: =SUM(AC7:AC54) -> 303768172

Sheet Cantidad Producto6-2027
B2: CANTIDADES DE ENERGÍA SOLICITADAS (kWh)
B3: CENTRAL HIDROELECTRICA DE CALDAS S.A. E.S.P. -BENEFICIO E INTERÉS COLECTIVO
B4: 2027
B6: Mes | C6: Tipo Día | D6: Días | E6: H1 | F6: H2 | G6: H3 | H6: H4 | I6: H5 | J6: H6 | K6: H7 | L6: H8 | M6: H9 | N6: H10 | O6: H11 | P6: H12 | Q6: H13 | R6: H14 | S6: H15 | T6: H16 | U6: H17 | V6: H18 | W6: H19 | X6: H20 | Y6: H21 | Z6: H22 | AA6: H23 | AB6: H24 | AC6: TOTAL MES
B7: Ene | C7: Ordinario | D7: 19 | E7: 5000 | F7: 5000 | G7: 5000 | H7: 5000 | I7: 5000 | J7: 5000 | K7: 5000 | L7: 5000 | M7: 5000 | N7: 5000 | O7: 5000 | P7: 5000 | Q7: 5000 | R7: 5000 | S7: 5000 | T7: 5000 | U7: 5000 | V7: 5000 | W7: 5000 | X7: 5000 | Y7: 5000 | Z7: 5000 | AA7: 5000 | AB7: 5000 | AC7: =+SUM(E7:AB7)*D7+SUM(E8:AB8)*D8+SUM(E9:AB9)*D9+SUM(E10:AB10)*D10 -> 3720000 | AE7: =+AC7 -> 3720000
B8: Ene | C8: Sábado | D8: 5 | E8: 5000 | F8: 5000 | G8: 5000 | H8: 5000 | I8: 5000 | J8: 5000 | K8: 5000 | L8: 5000 | M8: 5000 | N8: 5000 | O8: 5000 | P8: 5000 | Q8: 5000 | R8: 5000 | S8: 5000 | T8: 5000 | U8: 5000 | V8: 5000 | W8: 5000 | X8: 5000 | Y8: 5000 | Z8: 5000 | AA8: 5000 | AB8: 5000 | AE8: =+AC11 -> 3360000
B9: Ene | C9: Domingo | D9: 5 | E9: 5000 | F9: 5000 | G9: 5000 | H9: 5000 | I9: 5000 | J9: 5000 | K9: 5000 | L9: 5000 | M9: 5000 | N9: 5000 | O9: 5000 | P9: 5000 | Q9: 5000 | R9: 5000 | S9: 5000 | T9: 5000 | U9: 5000 | V9: 5000 | W9: 5000 | X9: 5000 | Y9: 5000 | Z9: 5000 | AA9: 5000 | AB9: 5000 | AE9: =+AC15 -> 3720000
B10: Ene | C10: Festivo | D10: 2 | E10: 5000 | F10: 5000 | G10: 5000 | H10: 5000 | I10: 5000 | J10: 5000 | K10: 5000 | L10: 5000 | M10: 5000 | N10: 5000 | O10: 5000 | P10: 5000 | Q10: 5000 | R10: 5000 | S10: 5000 | T10: 5000 | U10: 5000 | V10: 5000 | W10: 5000 | X10: 5000 | Y10: 5000 | Z10: 5000 | AA10: 5000 | AB10: 5000 | AE10: =+AC19 -> 3600000
B11: Feb | C11: Ordinario | D11: 20 | E11: 5000 | F11: 5000 | G11: 5000 | H11: 5000 | I11: 5000 | J11: 5000 | K11: 5000 | L11: 5000 | M11: 5000 | N11: 5000 | O11: 5000 | P11: 5000 | Q11: 5000 | R11: 5000 | S11: 5000 | T11: 5000 | U11: 5000 | V11: 5000 | W11: 5000 | X11: 5000 | Y11: 5000 | Z11: 5000 | AA11: 5000 | AB11: 5000 | AC11: =+SUM(E11:AB11)*D11+SUM(E12:AB12)*D12+SUM(E13:AB13)*D13+SUM(E14:AB14)*D14 -> 3360000 | AE11: =+AC23 -> 3720000
B12: Feb | C12: Sábado | D12: 4 | E12: 5000 | F12: 5000 | G12: 5000 | H12: 5000 | I12: 5000 | J12: 5000 | K12: 5000 | L12: 5000 | M12: 5000 | N12: 5000 | O12: 5000 | P12: 5000 | Q12: 5000 | R12: 5000 | S12: 5000 | T12: 5000 | U12: 5000 | V12: 5000 | W12: 5000 | X12: 5000 | Y12: 5000 | Z12: 5000 | AA12: 5000 | AB12: 5000 | AE12: =+AC27 -> 3600000
B13: Feb | C13: Domingo | D13: 4 | E13: 5000 | F13: 5000 | G13: 5000 | H13: 5000 | I13: 5000 | J13: 5000 | K13: 5000 | L13: 5000 | M13: 5000 | N13: 5000 | O13: 5000 | P13: 5000 | Q13: 5000 | R13: 5000 | S13: 5000 | T13: 5000 | U13: 5000 | V13: 5000 | W13: 5000 | X13: 5000 | Y13: 5000 | Z13: 5000 | AA13: 5000 | AB13: 5000 | AE13: =+AC31 -> 3720000
B14: Feb | C14: Festivo | D14: 0 | AE14: =+AC35 -> 3720000
B15: Mar | C15: Ordinario | D15: 20 | E15: 5000 | F15: 5000 | G15: 5000 | H15: 5000 | I15: 5000 | J15: 5000 | K15: 5000 | L15: 5000 | M15: 5000 | N15: 5000 | O15: 5000 | P15: 5000 | Q15: 5000 | R15: 5000 | S15: 5000 | T15: 5000 | U15: 5000 | V15: 5000 | W15: 5000 | X15: 5000 | Y15: 5000 | Z15: 5000 | AA15: 5000 | AB15: 5000 | AC15: =+SUM(E15:AB15)*D15+SUM(E16:AB16)*D16+SUM(E17:AB17)*D17+SUM(E18:AB18)*D18 -> 3720000 | AE15: =+AC39 -> 3600000
B16: Mar | C16: Sábado | D16: 4 | E16: 5000 | F16: 5000 | G16: 5000 | H16: 5000 | I16: 5000 | J16: 5000 | K16: 5000 | L16: 5000 | M16: 5000 | N16: 5000 | O16: 5000 | P16: 5000 | Q16: 5000 | R16: 5000 | S16: 5000 | T16: 5000 | U16: 5000 | V16: 5000 | W16: 5000 | X16: 5000 | Y16: 5000 | Z16: 5000 | AA16: 5000 | AB16: 5000 | AE16: =+AC43 -> 3720000
B17: Mar | C17: Domingo | D17: 4 | E17: 5000 | F17: 5000 | G17: 5000 | H17: 5000 | I17: 5000 | J17: 5000 | K17: 5000 | L17: 5000 | M17: 5000 | N17: 5000 | O17: 5000 | P17: 5000 | Q17: 5000 | R17: 5000 | S17: 5000 | T17: 5000 | U17: 5000 | V17: 5000 | W17: 5000 | X17: 5000 | Y17: 5000 | Z17: 5000 | AA17: 5000 | AB17: 5000 | AE17: =+AC47 -> 3600000
B18: Mar | C18: Festivo | D18: 3 | E18: 5000 | F18: 5000 | G18: 5000 | H18: 5000 | I18: 5000 | J18: 5000 | K18: 5000 | L18: 5000 | M18: 5000 | N18: 5000 | O18: 5000 | P18: 5000 | Q18: 5000 | R18: 5000 | S18: 5000 | T18: 5000 | U18: 5000 | V18: 5000 | W18: 5000 | X18: 5000 | Y18: 5000 | Z18: 5000 | AA18: 5000 | AB18: 5000 | AE18: =+AC51 -> 3720000
B19: Abr | C19: Ordinario | D19: 22 | E19: 5000 | F19: 5000 | G19: 5000 | H19: 5000 | I19: 5000 | J19: 5000 | K19: 5000 | L19: 5000 | M19: 5000 | N19: 5000 | O19: 5000 | P19: 5000 | Q19: 5000 | R19: 5000 | S19: 5000 | T19: 5000 | U19: 5000 | V19: 5000 | W19: 5000 | X19: 5000 | Y19: 5000 | Z19: 5000 | AA19: 5000 | AB19: 5000 | AC19: =+SUM(E19:AB19)*D19+SUM(E20:AB20)*D20+SUM(E21:AB21)*D21+SUM(E22:AB22)*D22 -> 3600000 | AE19: =SUM(AE7:AE18) -> 43800000
B20: Abr | C20: Sábado | D20: 4 | E20: 5000 | F20: 5000 | G20: 5000 | H20: 5000 | I20: 5000 | J20: 5000 | K20: 5000 | L20: 5000 | M20: 5000 | N20: 5000 | O20: 5000 | P20: 5000 | Q20: 5000 | R20: 5000 | S20: 5000 | T20: 5000 | U20: 5000 | V20: 5000 | W20: 5000 | X20: 5000 | Y20: 5000 | Z20: 5000 | AA20: 5000 | AB20: 5000
B21: Abr | C21: Domingo | D21: 4 | E21: 5000 | F21: 5000 | G21: 5000 | H21: 5000 | I21: 5000 | J21: 5000 | K21: 5000 | L21: 5000 | M21: 5000 | N21: 5000 | O21: 5000 | P21: 5000 | Q21: 5000 | R21: 5000 | S21: 5000 | T21: 5000 | U21: 5000 | V21: 5000 | W21: 5000 | X21: 5000 | Y21: 5000 | Z21: 5000 | AA21: 5000 | AB21: 5000
B22: Abr | C22: Festivo | D22: 0
B23: May | C23: Ordinario | D23: 19 | E23: 5000 | F23: 5000 | G23: 5000 | H23: 5000 | I23: 5000 | J23: 5000 | K23: 5000 | L23: 5000 | M23: 5000 | N23: 5000 | O23: 5000 | P23: 5000 | Q23: 5000 | R23: 5000 | S23: 5000 | T23: 5000 | U23: 5000 | V23: 5000 | W23: 5000 | X23: 5000 | Y23: 5000 | Z23: 5000 | AA23: 5000 | AB23: 5000 | AC23: =+SUM(E23:AB23)*D23+SUM(E24:AB24)*D24+SUM(E25:AB25)*D25+SUM(E26:AB26)*D26 -> 3720000
B24: May | C24: Sábado | D24: 4 | E24: 5000 | F24: 5000 | G24: 5000 | H24: 5000 | I24: 5000 | J24: 5000 | K24: 5000 | L24: 5000 | M24: 5000 | N24: 5000 | O24: 5000 | P24: 5000 | Q24: 5000 | R24: 5000 | S24: 5000 | T24: 5000 | U24: 5000 | V24: 5000 | W24: 5000 | X24: 5000 | Y24: 5000 | Z24: 5000 | AA24: 5000 | AB24: 5000
B25: May | C25: Domingo | D25: 5 | E25: 5000 | F25: 5000 | G25: 5000 | H25: 5000 | I25: 5000 | J25: 5000 | K25: 5000 | L25: 5000 | M25: 5000 | N25: 5000 | O25: 5000 | P25: 5000 | Q25: 5000 | R25: 5000 | S25: 5000 | T25: 5000 | U25: 5000 | V25: 5000 | W25: 5000 | X25: 5000 | Y25: 5000 | Z25: 5000 | AA25: 5000 | AB25: 5000
B26: May | C26: Festivo | D26: 3 | E26: 5000 | F26: 5000 | G26: 5000 | H26: 5000 | I26: 5000 | J26: 5000 | K26: 5000 | L26: 5000 | M26: 5000 | N26: 5000 | O26: 5000 | P26: 5000 | Q26: 5000 | R26: 5000 | S26: 5000 | T26: 5000 | U26: 5000 | V26: 5000 | W26: 5000 | X26: 5000 | Y26: 5000 | Z26: 5000 | AA26: 5000 | AB26: 5000
B27: Jun | C27: Ordinario | D27: 21 | E27: 5000 | F27: 5000 | G27: 5000 | H27: 5000 | I27: 5000 | J27: 5000 | K27: 5000 | L27: 5000 | M27: 5000 | N27: 5000 | O27: 5000 | P27: 5000 | Q27: 5000 | R27: 5000 | S27: 5000 | T27: 5000 | U27: 5000 | V27: 5000 | W27: 5000 | X27: 5000 | Y27: 5000 | Z27: 5000 | AA27: 5000 | AB27: 5000 | AC27: =+SUM(E27:AB27)*D27+SUM(E28:AB28)*D28+SUM(E29:AB29)*D29+SUM(E30:AB30)*D30 -> 3600000
B28: Jun | C28: Sábado | D28: 4 | E28: 5000 | F28: 5000 | G28: 5000 | H28: 5000 | I28: 5000 | J28: 5000 | K28: 5000 | L28: 5000 | M28: 5000 | N28: 5000 | O28: 5000 | P28: 5000 | Q28: 5000 | R28: 5000 | S28: 5000 | T28: 5000 | U28: 5000 | V28: 5000 | W28: 5000 | X28: 5000 | Y28: 5000 | Z28: 5000 | AA28: 5000 | AB28: 5000
B29: Jun | C29: Domingo | D29: 4 | E29: 5000 | F29: 5000 | G29: 5000 | H29: 5000 | I29: 5000 | J29: 5000 | K29: 5000 | L29: 5000 | M29: 5000 | N29: 5000 | O29: 5000 | P29: 5000 | Q29: 5000 | R29: 5000 | S29: 5000 | T29: 5000 | U29: 5000 | V29: 5000 | W29: 5000 | X29: 5000 | Y29: 5000 | Z29: 5000 | AA29: 5000 | AB29: 5000
B30: Jun | C30: Festivo | D30: 1 | E30: 5000 | F30: 5000 | G30: 5000 | H30: 5000 | I30: 5000 | J30: 5000 | K30: 5000 | L30: 5000 | M30: 5000 | N30: 5000 | O30: 5000 | P30: 5000 | Q30: 5000 | R30: 5000 | S30: 5000 | T30: 5000 | U30: 5000 | V30: 5000 | W30: 5000 | X30: 5000 | Y30: 5000 | Z30: 5000 | AA30: 5000 | AB30: 5000
B31: Jul | C31: Ordinario | D31: 20 | E31: 5000 | F31: 5000 | G31: 5000 | H31: 5000 | I31: 5000 | J31: 5000 | K31: 5000 | L31: 5000 | M31: 5000 | N31: 5000 | O31: 5000 | P31: 5000 | Q31: 5000 | R31: 5000 | S31: 5000 | T31: 5000 | U31: 5000 | V31: 5000 | W31: 5000 | X31: 5000 | Y31: 5000 | Z31: 5000 | AA31: 5000 | AB31: 5000 | AC31: =+SUM(E31:AB31)*D31+SUM(E32:AB32)*D32+SUM(E33:AB33)*D33+SUM(E34:AB34)*D34 -> 3720000
B32: Jul | C32: Sábado | D32: 5 | E32: 5000 | F32: 5000 | G32: 5000 | H32: 5000 | I32: 5000 | J32: 5000 | K32: 5000 | L32: 5000 | M32: 5000 | N32: 5000 | O32: 5000 | P32: 5000 | Q32: 5000 | R32: 5000 | S32: 5000 | T32: 5000 | U32: 5000 | V32: 5000 | W32: 5000 | X32: 5000 | Y32: 5000 | Z32: 5000 | AA32: 5000 | AB32: 5000
B33: Jul | C33: Domingo | D33: 4 | E33: 5000 | F33: 5000 | G33: 5000 | H33: 5000 | I33: 5000 | J33: 5000 | K33: 5000 | L33: 5000 | M33: 5000 | N33: 5000 | O33: 5000 | P33: 5000 | Q33: 5000 | R33: 5000 | S33: 5000 | T33: 5000 | U33: 5000 | V33: 5000 | W33: 5000 | X33: 5000 | Y33: 5000 | Z33: 5000 | AA33: 5000 | AB33: 5000
B34: Jul | C34: Festivo | D34: 2 | E34: 5000 | F34: 5000 | G34: 5000 | H34: 5000 | I34: 5000 | J34: 5000 | K34: 5000 | L34: 5000 | M34: 5000 | N34: 5000 | O34: 5000 | P34: 5000 | Q34: 5000 | R34: 5000 | S34: 5000 | T34: 5000 | U34: 5000 | V34: 5000 | W34: 5000 | X34: 5000 | Y34: 5000 | Z34: 5000 | AA34: 5000 | AB34: 5000
B35: Ago | C35: Ordinario | D35: 21 | E35: 5000 | F35: 5000 | G35: 5000 | H35: 5000 | I35: 5000 | J35: 5000 | K35: 5000 | L35: 5000 | M35: 5000 | N35: 5000 | O35: 5000 | P35: 5000 | Q35: 5000 | R35: 5000 | S35: 5000 | T35: 5000 | U35: 5000 | V35: 5000 | W35: 5000 | X35: 5000 | Y35: 5000 | Z35: 5000 | AA35: 5000 | AB35: 5000 | AC35: =+SUM(E35:AB35)*D35+SUM(E36:AB36)*D36+SUM(E37:AB37)*D37+SUM(E38:AB38)*D38 -> 3720000
B36: Ago | C36: Sábado | D36: 3 | E36: 5000 | F36: 5000 | G36: 5000 | H36: 5000 | I36: 5000 | J36: 5000 | K36: 5000 | L36: 5000 | M36: 5000 | N36: 5000 | O36: 5000 | P36: 5000 | Q36: 5000 | R36: 5000 | S36: 5000 | T36: 5000 | U36: 5000 | V36: 5000 | W36: 5000 | X36: 5000 | Y36: 5000 | Z36: 5000 | AA36: 5000 | AB36: 5000
B37: Ago | C37: Domingo | D37: 5 | E37: 5000 | F37: 5000 | G37: 5000 | H37: 5000 | I37: 5000 | J37: 5000 | K37: 5000 | L37: 5000 | M37: 5000 | N37: 5000 | O37: 5000 | P37: 5000 | Q37: 5000 | R37: 5000 | S37: 5000 | T37: 5000 | U37: 5000 | V37: 5000 | W37: 5000 | X37: 5000 | Y37: 5000 | Z37: 5000 | AA37: 5000 | AB37: 5000
B38: Ago | C38: Festivo | D38: 2 | E38: 5000 | F38: 5000 | G38: 5000 | H38: 5000 | I38: 5000 | J38: 5000 | K38: 5000 | L38: 5000 | M38: 5000 | N38: 5000 | O38: 5000 | P38: 5000 | Q38: 5000 | R38: 5000 | S38: 5000 | T38: 5000 | U38: 5000 | V38: 5000 | W38: 5000 | X38: 5000 | Y38: 5000 | Z38: 5000 | AA38: 5000 | AB38: 5000
B39: Sep | C39: Ordinario | D39: 22 | E39: 5000 | F39: 5000 | G39: 5000 | H39: 5000 | I39: 5000 | J39: 5000 | K39: 5000 | L39: 5000 | M39: 5000 | N39: 5000 | O39: 5000 | P39: 5000 | Q39: 5000 | R39: 5000 | S39: 5000 | T39: 5000 | U39: 5000 | V39: 5000 | W39: 5000 | X39: 5000 | Y39: 5000 | Z39: 5000 | AA39: 5000 | AB39: 5000 | AC39: =+SUM(E39:AB39)*D39+SUM(E40:AB40)*D40+SUM(E41:AB41)*D41+SUM(E42:AB42)*D42 -> 3600000
B40: Sep | C40: Sábado | D40: 4 | E40: 5000 | F40: 5000 | G40: 5000 | H40: 5000 | I40: 5000 | J40: 5000 | K40: 5000 | L40: 5000 | M40: 5000 | N40: 5000 | O40: 5000 | P40: 5000 | Q40: 5000 | R40: 5000 | S40: 5000 | T40: 5000 | U40: 5000 | V40: 5000 | W40: 5000 | X40: 5000 | Y40: 5000 | Z40: 5000 | AA40: 5000 | AB40: 5000
B41: Sep | C41: Domingo | D41: 4 | E41: 5000 | F41: 5000 | G41: 5000 | H41: 5000 | I41: 5000 | J41: 5000 | K41: 5000 | L41: 5000 | M41: 5000 | N41: 5000 | O41: 5000 | P41: 5000 | Q41: 5000 | R41: 5000 | S41: 5000 | T41: 5000 | U41: 5000 | V41: 5000 | W41: 5000 | X41: 5000 | Y41: 5000 | Z41: 5000 | AA41: 5000 | AB41: 5000
B42: Sep | C42: Festivo | D42: 0
B43: Oct | C43: Ordinario | D43: 20 | E43: 5000 | F43: 5000 | G43: 5000 | H43: 5000 | I43: 5000 | J43: 5000 | K43: 5000 | L43: 5000 | M43: 5000 | N43: 5000 | O43: 5000 | P43: 5000 | Q43: 5000 | R43: 5000 | S43: 5000 | T43: 5000 | U43: 5000 | V43: 5000 | W43: 5000 | X43: 5000 | Y43: 5000 | Z43: 5000 | AA43: 5000 | AB43: 5000 | AC43: =+SUM(E43:AB43)*D43+SUM(E44:AB44)*D44+SUM(E45:AB45)*D45+SUM(E46:AB46)*D46 -> 3720000
B44: Oct | C44: Sábado | D44: 5 | E44: 5000 | F44: 5000 | G44: 5000 | H44: 5000 | I44: 5000 | J44: 5000 | K44: 5000 | L44: 5000 | M44: 5000 | N44: 5000 | O44: 5000 | P44: 5000 | Q44: 5000 | R44: 5000 | S44: 5000 | T44: 5000 | U44: 5000 | V44: 5000 | W44: 5000 | X44: 5000 | Y44: 5000 | Z44: 5000 | AA44: 5000 | AB44: 5000
B45: Oct | C45: Domingo | D45: 5 | E45: 5000 | F45: 5000 | G45: 5000 | H45: 5000 | I45: 5000 | J45: 5000 | K45: 5000 | L45: 5000 | M45: 5000 | N45: 5000 | O45: 5000 | P45: 5000 | Q45: 5000 | R45: 5000 | S45: 5000 | T45: 5000 | U45: 5000 | V45: 5000 | W45: 5000 | X45: 5000 | Y45: 5000 | Z45: 5000 | AA45: 5000 | AB45: 5000
B46: Oct | C46: Festivo | D46: 1 | E46: 5000 | F46: 5000 | G46: 5000 | H46: 5000 | I46: 5000 | J46: 5000 | K46: 5000 | L46: 5000 | M46: 5000 | N46: 5000 | O46: 5000 | P46: 5000 | Q46: 5000 | R46: 5000 | S46: 5000 | T46: 5000 | U46: 5000 | V46: 5000 | W46: 5000 | X46: 5000 | Y46: 5000 | Z46: 5000 | AA46: 5000 | AB46: 5000
B47: Nov | C47: Ordinario | D47: 20 | E47: 5000 | F47: 5000 | G47: 5000 | H47: 5000 | I47: 5000 | J47: 5000 | K47: 5000 | L47: 5000 | M47: 5000 | N47: 5000 | O47: 5000 | P47: 5000 | Q47: 5000 | R47: 5000 | S47: 5000 | T47: 5000 | U47: 5000 | V47: 5000 | W47: 5000 | X47: 5000 | Y47: 5000 | Z47: 5000 | AA47: 5000 | AB47: 5000 | AC47: =+SUM(E47:AB47)*D47+SUM(E48:AB48)*D48+SUM(E49:AB49)*D49+SUM(E50:AB50)*D50 -> 3600000
B48: Nov | C48: Sábado | D48: 4 | E48: 5000 | F48: 5000 | G48: 5000 | H48: 5000 | I48: 5000 | J48: 5000 | K48: 5000 | L48: 5000 | M48: 5000 | N48: 5000 | O48: 5000 | P48: 5000 | Q48: 5000 | R48: 5000 | S48: 5000 | T48: 5000 | U48: 5000 | V48: 5000 | W48: 5000 | X48: 5000 | Y48: 5000 | Z48: 5000 | AA48: 5000 | AB48: 5000
B49: Nov | C49: Domingo | D49: 4 | E49: 5000 | F49: 5000 | G49: 5000 | H49: 5000 | I49: 5000 | J49: 5000 | K49: 5000 | L49: 5000 | M49: 5000 | N49: 5000 | O49: 5000 | P49: 5000 | Q49: 5000 | R49: 5000 | S49: 5000 | T49: 5000 | U49: 5000 | V49: 5000 | W49: 5000 | X49: 5000 | Y49: 5000 | Z49: 5000 | AA49: 5000 | AB49: 5000
B50: Nov | C50: Festivo | D50: 2 | E50: 5000 | F50: 5000 | G50: 5000 | H50: 5000 | I50: 5000 | J50: 5000 | K50: 5000 | L50: 5000 | M50: 5000 | N50: 5000 | O50: 5000 | P50: 5000 | Q50: 5000 | R50: 5000 | S50: 5000 | T50: 5000 | U50: 5000 | V50: 5000 | W50: 5000 | X50: 5000 | Y50: 5000 | Z50: 5000 | AA50: 5000 | AB50: 5000
B51: Dic | C51: Ordinario | D51: 22 | E51: 5000 | F51: 5000 | G51: 5000 | H51: 5000 | I51: 5000 | J51: 5000 | K51: 5000 | L51: 5000 | M51: 5000 | N51: 5000 | O51: 5000 | P51: 5000 | Q51: 5000 | R51: 5000 | S51: 5000 | T51: 5000 | U51: 5000 | V51: 5000 | W51: 5000 | X51: 5000 | Y51: 5000 | Z51: 5000 | AA51: 5000 | AB51: 5000 | AC51: =+SUM(E51:AB51)*D51+SUM(E52:AB52)*D52+SUM(E53:AB53)*D53+SUM(E54:AB54)*D54 -> 3720000
B52: Dic | C52: Sábado | D52: 3 | E52: 5000 | F52: 5000 | G52: 5000 | H52: 5000 | I52: 5000 | J52: 5000 | K52: 5000 | L52: 5000 | M52: 5000 | N52: 5000 | O52: 5000 | P52: 5000 | Q52: 5000 | R52: 5000 | S52: 5000 | T52: 5000 | U52: 5000 | V52: 5000 | W52: 5000 | X52: 5000 | Y52: 5000 | Z52: 5000 | AA52: 5000 | AB52: 5000
B53: Dic | C53: Domingo | D53: 4 | E53: 5000 | F53: 5000 | G53: 5000 | H53: 5000 | I53: 5000 | J53: 5000 | K53: 5000 | L53: 5000 | M53: 5000 | N53: 5000 | O53: 5000 | P53: 5000 | Q53: 5000 | R53: 5000 | S53: 5000 | T53: 5000 | U53: 5000 | V53: 5000 | W53: 5000 | X53: 5000 | Y53: 5000 | Z53: 5000 | AA53: 5000 | AB53: 5000
B54: Dic | C54: Festivo | D54: 2 | E54: 5000 | F54: 5000 | G54: 5000 | H54: 5000 | I54: 5000 | J54: 5000 | K54: 5000 | L54: 5000 | M54: 5000 | N54: 5000 | O54: 5000 | P54: 5000 | Q54: 5000 | R54: 5000 | S54: 5000 | T54: 5000 | U54: 5000 | V54: 5000 | W54: 5000 | X54: 5000 | Y54: 5000 | Z54: 5000 | AA54: 5000 | AB54: 5000
Z55: TOTAL AÑO kWh | AC55: =SUM(AC7:AC54) -> 43800000

Sheet Cantidad Producto 6-2028 
B2: CANTIDADES DE ENERGÍA SOLICITADAS (kWh)
B3: CENTRAL HIDROELECTRICA DE CALDAS S.A. E.S.P. -BENEFICIO E INTERÉS COLECTIVO
B4: 2028
B6: Mes | C6: Tipo Día | D6: Días | E6: H1 | F6: H2 | G6: H3 | H6: H4 | I6: H5 | J6: H6 | K6: H7 | L6: H8 | M6: H9 | N6: H10 | O6: H11 | P6: H12 | Q6: H13 | R6: H14 | S6: H15 | T6: H16 | U6: H17 | V6: H18 | W6: H19 | X6: H20 | Y6: H21 | Z6: H22 | AA6: H23 | AB6: H24 | AC6: TOTAL MES
B7: Ene | C7: Ordinario | D7: 20 | E7: 5000 | F7: 5000 | G7: 5000 | H7: 5000 | I7: 5000 | J7: 5000 | K7: 5000 | L7: 5000 | M7: 5000 | N7: 5000 | O7: 5000 | P7: 5000 | Q7: 5000 | R7: 5000 | S7: 5000 | T7: 5000 | U7: 5000 | V7: 5000 | W7: 5000 | X7: 5000 | Y7: 5000 | Z7: 5000 | AA7: 5000 | AB7: 5000 | AC7: =+SUM(E7:AB7)*D7+SUM(E8:AB8)*D8+SUM(E9:AB9)*D9+SUM(E10:AB10)*D10 -> 3720000 | AE7: =+AC7 -> 3720000
B8: Ene | C8: Sábado | D8: 4 | E8: 5000 | F8: 5000 | G8: 5000 | H8: 5000 | I8: 5000 | J8: 5000 | K8: 5000 | L8: 5000 | M8: 5000 | N8: 5000 | O8: 5000 | P8: 5000 | Q8: 5000 | R8: 5000 | S8: 5000 | T8: 5000 | U8: 5000 | V8: 5000 | W8: 5000 | X8: 5000 | Y8: 5000 | Z8: 5000 | AA8: 5000 | AB8: 5000 | AE8: =+AC11 -> 3480000
B9: Ene | C9: Domingo | D9: 5 | E9: 5000 | F9: 5000 | G9: 5000 | H9: 5000 | I9: 5000 | J9: 5000 | K9: 5000 | L9: 5000 | M9: 5000 | N9: 5000 | O9: 5000 | P9: 5000 | Q9: 5000 | R9: 5000 | S9: 5000 | T9: 5000 | U9: 5000 | V9: 5000 | W9: 5000 | X9: 5000 | Y9: 5000 | Z9: 5000 | AA9: 5000 | AB9: 5000 | AE9: =+AC15 -> 3720000
B10: Ene | C10: Festivo | D10: 2 | E10: 5000 | F10: 5000 | G10: 5000 | H10: 5000 | I10: 5000 | J10: 5000 | K10: 5000 | L10: 5000 | M10: 5000 | N10: 5000 | O10: 5000 | P10: 5000 | Q10: 5000 | R10: 5000 | S10: 5000 | T10: 5000 | U10: 5000 | V10: 5000 | W10: 5000 | X10: 5000 | Y10: 5000 | Z10: 5000 | AA10: 5000 | AB10: 5000 | AE10: =+AC19 -> 3600000
B11: Feb | C11: Ordinario | D11: 21 | E11: 5000 | F11: 5000 | G11: 5000 | H11: 5000 | I11: 5000 | J11: 5000 | K11: 5000 | L11: 5000 | M11: 5000 | N11: 5000 | O11: 5000 | P11: 5000 | Q11: 5000 | R11: 5000 | S11: 5000 | T11: 5000 | U11: 5000 | V11: 5000 | W11: 5000 | X11: 5000 | Y11: 5000 | Z11: 5000 | AA11: 5000 | AB11: 5000 | AC11: =+SUM(E11:AB11)*D11+SUM(E12:AB12)*D12+SUM(E13:AB13)*D13+SUM(E14:AB14)*D14 -> 3480000 | AE11: =+AC23 -> 3720000
B12: Feb | C12: Sábado | D12: 4 | E12: 5000 | F12: 5000 | G12: 5000 | H12: 5000 | I12: 5000 | J12: 5000 | K12: 5000 | L12: 5000 | M12: 5000 | N12: 5000 | O12: 5000 | P12: 5000 | Q12: 5000 | R12: 5000 | S12: 5000 | T12: 5000 | U12: 5000 | V12: 5000 | W12: 5000 | X12: 5000 | Y12: 5000 | Z12: 5000 | AA12: 5000 | AB12: 5000 | AE12: =+AC27 -> 3600000
B13: Feb | C13: Domingo | D13: 4 | E13: 5000 | F13: 5000 | G13: 5000 | H13: 5000 | I13: 5000 | J13: 5000 | K13: 5000 | L13: 5000 | M13: 5000 | N13: 5000 | O13: 5000 | P13: 5000 | Q13: 5000 | R13: 5000 | S13: 5000 | T13: 5000 | U13: 5000 | V13: 5000 | W13: 5000 | X13: 5000 | Y13: 5000 | Z13: 5000 | AA13: 5000 | AB13: 5000 | AE13: =+AC31 -> 3720000
B14: Feb | C14: Festivo | D14: 0 | AE14: =+AC35 -> 3720000
B15: Mar | C15: Ordinario | D15: 22 | E15: 5000 | F15: 5000 | G15: 5000 | H15: 5000 | I15: 5000 | J15: 5000 | K15: 5000 | L15: 5000 | M15: 5000 | N15: 5000 | O15: 5000 | P15: 5000 | Q15: 5000 | R15: 5000 | S15: 5000 | T15: 5000 | U15: 5000 | V15: 5000 | W15: 5000 | X15: 5000 | Y15: 5000 | Z15: 5000 | AA15: 5000 | AB15: 5000 | AC15: =+SUM(E15:AB15)*D15+SUM(E16:AB16)*D16+SUM(E17:AB17)*D17+SUM(E18:AB18)*D18 -> 3720000 | AE15: =+AC39 -> 3600000
B16: Mar | C16: Sábado | D16: 4 | E16: 5000 | F16: 5000 | G16: 5000 | H16: 5000 | I16: 5000 | J16: 5000 | K16: 5000 | L16: 5000 | M16: 5000 | N16: 5000 | O16: 5000 | P16: 5000 | Q16: 5000 | R16: 5000 | S16: 5000 | T16: 5000 | U16: 5000 | V16: 5000 | W16: 5000 | X16: 5000 | Y16: 5000 | Z16: 5000 | AA16: 5000 | AB16: 5000 | AE16: =+AC43 -> 3720000
B17: Mar | C17: Domingo | D17: 4 | E17: 5000 | F17: 5000 | G17: 5000 | H17: 5000 | I17: 5000 | J17: 5000 | K17: 5000 | L17: 5000 | M17: 5000 | N17: 5000 | O17: 5000 | P17: 5000 | Q17: 5000 | R17: 5000 | S17: 5000 | T17: 5000 | U17: 5000 | V17: 5000 | W17: 5000 | X17: 5000 | Y17: 5000 | Z17: 5000 | AA17: 5000 | AB17: 5000 | AE17: =+AC47 -> 3600000
B18: Mar | C18: Festivo | D18: 1 | E18: 5000 | F18: 5000 | G18: 5000 | H18: 5000 | I18: 5000 | J18: 5000 | K18: 5000 | L18: 5000 | M18: 5000 | N18: 5000 | O18: 5000 | P18: 5000 | Q18: 5000 | R18: 5000 | S18: 5000 | T18: 5000 | U18: 5000 | V18: 5000 | W18: 5000 | X18: 5000 | Y18: 5000 | Z18: 5000 | AA18: 5000 | AB18: 5000 | AE18: =+AC51 -> 3720000
B19: Abr | C19: Ordinario | D19: 18 | E19: 5000 | F19: 5000 | G19: 5000 | H19: 5000 | I19: 5000 | J19: 5000 | K19: 5000 | L19: 5000 | M19: 5000 | N19: 5000 | O19: 5000 | P19: 5000 | Q19: 5000 | R19: 5000 | S19: 5000 | T19: 5000 | U19: 5000 | V19: 5000 | W19: 5000 | X19: 5000 | Y19: 5000 | Z19: 5000 | AA19: 5000 | AB19: 5000 | AC19: =+SUM(E19:AB19)*D19+SUM(E20:AB20)*D20+SUM(E21:AB21)*D21+SUM(E22:AB22)*D22 -> 3600000 | AE19: =SUM(AE7:AE18) -> 43920000
B20: Abr | C20: Sábado | D20: 5 | E20: 5000 | F20: 5000 | G20: 5000 | H20: 5000 | I20: 5000 | J20: 5000 | K20: 5000 | L20: 5000 | M20: 5000 | N20: 5000 | O20: 5000 | P20: 5000 | Q20: 5000 | R20: 5000 | S20: 5000 | T20: 5000 | U20: 5000 | V20: 5000 | W20: 5000 | X20: 5000 | Y20: 5000 | Z20: 5000 | AA20: 5000 | AB20: 5000
B21: Abr | C21: Domingo | D21: 5 | E21: 5000 | F21: 5000 | G21: 5000 | H21: 5000 | I21: 5000 | J21: 5000 | K21: 5000 | L21: 5000 | M21: 5000 | N21: 5000 | O21: 5000 | P21: 5000 | Q21: 5000 | R21: 5000 | S21: 5000 | T21: 5000 | U21: 5000 | V21: 5000 | W21: 5000 | X21: 5000 | Y21: 5000 | Z21: 5000 | AA21: 5000 | AB21: 5000
B22: Abr | C22: Festivo | D22: 2 | E22: 5000 | F22: 5000 | G22: 5000 | H22: 5000 | I22: 5000 | J22: 5000 | K22: 5000 | L22: 5000 | M22: 5000 | N22: 5000 | O22: 5000 | P22: 5000 | Q22: 5000 | R22: 5000 | S22: 5000 | T22: 5000 | U22: 5000 | V22: 5000 | W22: 5000 | X22: 5000 | Y22: 5000 | Z22: 5000 | AA22: 5000 | AB22: 5000
B23: May | C23: Ordinario | D23: 21 | E23: 5000 | F23: 5000 | G23: 5000 | H23: 5000 | I23: 5000 | J23: 5000 | K23: 5000 | L23: 5000 | M23: 5000 | N23: 5000 | O23: 5000 | P23: 5000 | Q23: 5000 | R23: 5000 | S23: 5000 | T23: 5000 | U23: 5000 | V23: 5000 | W23: 5000 | X23: 5000 | Y23: 5000 | Z23: 5000 | AA23: 5000 | AB23: 5000 | AC23: =+SUM(E23:AB23)*D23+SUM(E24:AB24)*D24+SUM(E25:AB25)*D25+SUM(E26:AB26)*D26 -> 3720000
B24: May | C24: Sábado | D24: 4 | E24: 5000 | F24: 5000 | G24: 5000 | H24: 5000 | I24: 5000 | J24: 5000 | K24: 5000 | L24: 5000 | M24: 5000 | N24: 5000 | O24: 5000 | P24: 5000 | Q24: 5000 | R24: 5000 | S24: 5000 | T24: 5000 | U24: 5000 | V24: 5000 | W24: 5000 | X24: 5000 | Y24: 5000 | Z24: 5000 | AA24: 5000 | AB24: 5000
B25: May | C25: Domingo | D25: 4 | E25: 5000 | F25: 5000 | G25: 5000 | H25: 5000 | I25: 5000 | J25: 5000 | K25: 5000 | L25: 5000 | M25: 5000 | N25: 5000 | O25: 5000 | P25: 5000 | Q25: 5000 | R25: 5000 | S25: 5000 | T25: 5000 | U25: 5000 | V25: 5000 | W25: 5000 | X25: 5000 | Y25: 5000 | Z25: 5000 | AA25: 5000 | AB25: 5000
B26: May | C26: Festivo | D26: 2 | E26: 5000 | F26: 5000 | G26: 5000 | H26: 5000 | I26: 5000 | J26: 5000 | K26: 5000 | L26: 5000 | M26: 5000 | N26: 5000 | O26: 5000 | P26: 5000 | Q26: 5000 | R26: 5000 | S26: 5000 | T26: 5000 | U26: 5000 | V26: 5000 | W26: 5000 | X26: 5000 | Y26: 5000 | Z26: 5000 | AA26: 5000 | AB26: 5000
B27: Jun | C27: Ordinario | D27: 20 | E27: 5000 | F27: 5000 | G27: 5000 | H27: 5000 | I27: 5000 | J27: 5000 | K27: 5000 | L27: 5000 | M27: 5000 | N27: 5000 | O27: 5000 | P27: 5000 | Q27: 5000 | R27: 5000 | S27: 5000 | T27: 5000 | U27: 5000 | V27: 5000 | W27: 5000 | X27: 5000 | Y27: 5000 | Z27: 5000 | AA27: 5000 | AB27: 5000 | AC27: =+SUM(E27:AB27)*D27+SUM(E28:AB28)*D28+SUM(E29:AB29)*D29+SUM(E30:AB30)*D30 -> 3600000
B28: Jun | C28: Sábado | D28: 4 | E28: 5000 | F28: 5000 | G28: 5000 | H28: 5000 | I28: 5000 | J28: 5000 | K28: 5000 | L28: 5000 | M28: 5000 | N28: 5000 | O28: 5000 | P28: 5000 | Q28: 5000 | R28: 5000 | S28: 5000 | T28: 5000 | U28: 5000 | V28: 5000 | W28: 5000 | X28: 5000 | Y28: 5000 | Z28: 5000 | AA28: 5000 | AB28: 5000
B29: Jun | C29: Domingo | D29: 4 | E29: 5000 | F29: 5000 | G29: 5000 | H29: 5000 | I29: 5000 | J29: 5000 | K29: 5000 | L29: 5000 | M29: 5000 | N29: 5000 | O29: 5000 | P29: 5000 | Q29: 5000 | R29: 5000 | S29: 5000 | T29: 5000 | U29: 5000 | V29: 5000 | W29: 5000 | X29: 5000 | Y29: 5000 | Z29: 5000 | AA29: 5000 | AB29: 5000
B30: Jun | C30: Festivo | D30: 2 | E30: 5000 | F30: 5000 | G30: 5000 | H30: 5000 | I30: 5000 | J30: 5000 | K30: 5000 | L30: 5000 | M30: 5000 | N30: 5000 | O30: 5000 | P30: 5000 | Q30: 5000 | R30: 5000 | S30: 5000 | T30: 5000 | U30: 5000 | V30: 5000 | W30: 5000 | X30: 5000 | Y30: 5000 | Z30: 5000 | AA30: 5000 | AB30: 5000
B31: Jul | C31: Ordinario | D31: 19 | E31: 5000 | F31: 5000 | G31: 5000 | H31: 5000 | I31: 5000 | J31: 5000 | K31: 5000 | L31: 5000 | M31: 5000 | N31: 5000 | O31: 5000 | P31: 5000 | Q31: 5000 | R31: 5000 | S31: 5000 | T31: 5000 | U31: 5000 | V31: 5000 | W31: 5000 | X31: 5000 | Y31: 5000 | Z31: 5000 | AA31: 5000 | AB31: 5000 | AC31: =+SUM(E31:AB31)*D31+SUM(E32:AB32)*D32+SUM(E33:AB33)*D33+SUM(E34:AB34)*D34 -> 3720000
B32: Jul | C32: Sábado | D32: 5 | E32: 5000 | F32: 5000 | G32: 5000 | H32: 5000 | I32: 5000 | J32: 5000 | K32: 5000 | L32: 5000 | M32: 5000 | N32: 5000 | O32: 5000 | P32: 5000 | Q32: 5000 | R32: 5000 | S32: 5000 | T32: 5000 | U32: 5000 | V32: 5000 | W32: 5000 | X32: 5000 | Y32: 5000 | Z32: 5000 | AA32: 5000 | AB32: 5000
B33: Jul | C33: Domingo | D33: 5 | E33: 5000 | F33: 5000 | G33: 5000 | H33: 5000 | I33: 5000 | J33: 5000 | K33: 5000 | L33: 5000 | M33: 5000 | N33: 5000 | O33: 5000 | P33: 5000 | Q33: 5000 | R33: 5000 | S33: 5000 | T33: 5000 | U33: 5000 | V33: 5000 | W33: 5000 | X33: 5000 | Y33: 5000 | Z33: 5000 | AA33: 5000 | AB33: 5000
B34: Jul | C34: Festivo | D34: 2 | E34: 5000 | F34: 5000 | G34: 5000 | H34: 5000 | I34: 5000 | J34: 5000 | K34: 5000 | L34: 5000 | M34: 5000 | N34: 5000 | O34: 5000 | P34: 5000 | Q34: 5000 | R34: 5000 | S34: 5000 | T34: 5000 | U34: 5000 | V34: 5000 | W34: 5000 | X34: 5000 | Y34: 5000 | Z34: 5000 | AA34: 5000 | AB34: 5000
B35: Ago | C35: Ordinario | D35: 21 | E35: 5000 | F35: 5000 | G35: 5000 | H35: 5000 | I35: 5000 | J35: 5000 | K35: 5000 | L35: 5000 | M35: 5000 | N35: 5000 | O35: 5000 | P35: 5000 | Q35: 5000 | R35: 5000 | S35: 5000 | T35: 5000 | U35: 5000 | V35: 5000 | W35: 5000 | X35: 5000 | Y35: 5000 | Z35: 5000 | AA35: 5000 | AB35: 5000 | AC35: =+SUM(E35:AB35)*D35+SUM(E36:AB36)*D36+SUM(E37:AB37)*D37+SUM(E38:AB38)*D38 -> 3720000
B36: Ago | C36: Sábado | D36: 4 | E36: 5000 | F36: 5000 | G36: 5000 | H36: 5000 | I36: 5000 | J36: 5000 | K36: 5000 | L36: 5000 | M36: 5000 | N36: 5000 | O36: 5000 | P36: 5000 | Q36: 5000 | R36: 5000 | S36: 5000 | T36: 5000 | U36: 5000 | V36: 5000 | W36: 5000 | X36: 5000 | Y36: 5000 | Z36: 5000 | AA36: 5000 | AB36: 5000
B37: Ago | C37: Domingo | D37: 4 | E37: 5000 | F37: 5000 | G37: 5000 | H37: 5000 | I37: 5000 | J37: 5000 | K37: 5000 | L37: 5000 | M37: 5000 | N37: 5000 | O37: 5000 | P37: 5000 | Q37: 5000 | R37: 5000 | S37: 5000 | T37: 5000 | U37: 5000 | V37: 5000 | W37: 5000 | X37: 5000 | Y37: 5000 | Z37: 5000 | AA37: 5000 | AB37: 5000
B38: Ago | C38: Festivo | D38: 2 | E38: 5000 | F38: 5000 | G38: 5000 | H38: 5000 | I38: 5000 | J38: 5000 | K38: 5000 | L38: 5000 | M38: 5000 | N38: 5000 | O38: 5000 | P38: 5000 | Q38: 5000 | R38: 5000 | S38: 5000 | T38: 5000 | U38: 5000 | V38: 5000 | W38: 5000 | X38: 5000 | Y38: 5000 | Z38: 5000 | AA38: 5000 | AB38: 5000
B39: Sep | C39: Ordinario | D39: 21 | E39: 5000 | F39: 5000 | G39: 5000 | H39: 5000 | I39: 5000 | J39: 5000 | K39: 5000 | L39: 5000 | M39: 5000 | N39: 5000 | O39: 5000 | P39: 5000 | Q39: 5000 | R39: 5000 | S39: 5000 | T39: 5000 | U39: 5000 | V39: 5000 | W39: 5000 | X39: 5000 | Y39: 5000 | Z39: 5000 | AA39: 5000 | AB39: 5000 | AC39: =+SUM(E39:AB39)*D39+SUM(E40:AB40)*D40+SUM(E41:AB41)*D41+SUM(E42:AB42)*D42 -> 3600000
B40: Sep | C40: Sábado | D40: 5 | E40: 5000 | F40: 5000 | G40: 5000 | H40: 5000 | I40: 5000 | J40: 5000 | K40: 5000 | L40: 5000 | M40: 5000 | N40: 5000 | O40: 5000 | P40: 5000 | Q40: 5000 | R40: 5000 | S40: 5000 | T40: 5000 | U40: 5000 | V40: 5000 | W40: 5000 | X40: 5000 | Y40: 5000 | Z40: 5000 | AA40: 5000 | AB40: 5000
B41: Sep | C41: Domingo | D41: 4 | E41: 5000 | F41: 5000 | G41: 5000 | H41: 5000 | I41: 5000 | J41: 5000 | K41: 5000 | L41: 5000 | M41: 5000 | N41: 5000 | O41: 5000 | P41: 5000 | Q41: 5000 | R41: 5000 | S41: 5000 | T41: 5000 | U41: 5000 | V41: 5000 | W41: 5000 | X41: 5000 | Y41: 5000 | Z41: 5000 | AA41: 5000 | AB41: 5000
B42: Sep | C42: Festivo | D42: 0
B43: Oct | C43: Ordinario | D43: 21 | E43: 5000 | F43: 5000 | G43: 5000 | H43: 5000 | I43: 5000 | J43: 5000 | K43: 5000 | L43: 5000 | M43: 5000 | N43: 5000 | O43: 5000 | P43: 5000 | Q43: 5000 | R43: 5000 | S43: 5000 | T43: 5000 | U43: 5000 | V43: 5000 | W43: 5000 | X43: 5000 | Y43: 5000 | Z43: 5000 | AA43: 5000 | AB43: 5000 | AC43: =+SUM(E43:AB43)*D43+SUM(E44:AB44)*D44+SUM(E45:AB45)*D45+SUM(E46:AB46)*D46 -> 3720000
B44: Oct | C44: Sábado | D44: 4 | E44: 5000 | F44: 5000 | G44: 5000 | H44: 5000 | I44: 5000 | J44: 5000 | K44: 5000 | L44: 5000 | M44: 5000 | N44: 5000 | O44: 5000 | P44: 5000 | Q44: 5000 | R44: 5000 | S44: 5000 | T44: 5000 | U44: 5000 | V44: 5000 | W44: 5000 | X44: 5000 | Y44: 5000 | Z44: 5000 | AA44: 5000 | AB44: 5000
B45: Oct | C45: Domingo | D45: 5 | E45: 5000 | F45: 5000 | G45: 5000 | H45: 5000 | I45: 5000 | J45: 5000 | K45: 5000 | L45: 5000 | M45: 5000 | N45: 5000 | O45: 5000 | P45: 5000 | Q45: 5000 | R45: 5000 | S45: 5000 | T45: 5000 | U45: 5000 | V45: 5000 | W45: 5000 | X45: 5000 | Y45: 5000 | Z45: 5000 | AA45: 5000 | AB45: 5000
B46: Oct | C46: Festivo | D46: 1 | E46: 5000 | F46: 5000 | G46: 5000 | H46: 5000 | I46: 5000 | J46: 5000 | K46: 5000 | L46: 5000 | M46: 5000 | N46: 5000 | O46: 5000 | P46: 5000 | Q46: 5000 | R46: 5000 | S46: 5000 | T46: 5000 | U46: 5000 | V46: 5000 | W46: 5000 | X46: 5000 | Y46: 5000 | Z46: 5000 | AA46: 5000 | AB46: 5000
B47: Nov | C47: Ordinario | D47: 20 | E47: 5000 | F47: 5000 | G47: 5000 | H47: 5000 | I47: 5000 | J47: 5000 | K47: 5000 | L47: 5000 | M47: 5000 | N47: 5000 | O47: 5000 | P47: 5000 | Q47: 5000 | R47: 5000 | S47: 5000 | T47: 5000 | U47: 5000 | V47: 5000 | W47: 5000 | X47: 5000 | Y47: 5000 | Z47: 5000 | AA47: 5000 | AB47: 5000 | AC47: =+SUM(E47:AB47)*D47+SUM(E48:AB48)*D48+SUM(E49:AB49)*D49+SUM(E50:AB50)*D50 -> 3600000
B48: Nov | C48: Sábado | D48: 4 | E48: 5000 | F48: 5000 | G48: 5000 | H48: 5000 | I48: 5000 | J48: 5000 | K48: 5000 | L48: 5000 | M48: 5000 | N48: 5000 | O48: 5000 | P48: 5000 | Q48: 5000 | R48: 5000 | S48: 5000 | T48: 5000 | U48: 5000 | V48: 5000 | W48: 5000 | X48: 5000 | Y48: 5000 | Z48: 5000 | AA48: 5000 | AB48: 5000
B49: Nov | C49: Domingo | D49: 4 | E49: 5000 | F49: 5000 | G49: 5000 | H49: 5000 | I49: 5000 | J49: 5000 | K49: 5000 | L49: 5000 | M49: 5000 | N49: 5000 | O49: 5000 | P49: 5000 | Q49: 5000 | R49: 5000 | S49: 5000 | T49: 5000 | U49: 5000 | V49: 5000 | W49: 5000 | X49: 5000 | Y49: 5000 | Z49: 5000 | AA49: 5000 | AB49: 5000
B50: Nov | C50: Festivo | D50: 2 | E50: 5000 | F50: 5000 | G50: 5000 | H50: 5000 | I50: 5000 | J50: 5000 | K50: 5000 | L50: 5000 | M50: 5000 | N50: 5000 | O50: 5000 | P50: 5000 | Q50: 5000 | R50: 5000 | S50: 5000 | T50: 5000 | U50: 5000 | V50: 5000 | W50: 5000 | X50: 5000 | Y50: 5000 | Z50: 5000 | AA50: 5000 | AB50: 5000
B51: Dic | C51: Ordinario | D51: 19 | E51: 5000 | F51: 5000 | G51: 5000 | H51: 5000 | I51: 5000 | J51: 5000 | K51: 5000 | L51: 5000 | M51: 5000 | N51: 5000 | O51: 5000 | P51: 5000 | Q51: 5000 | R51: 5000 | S51: 5000 | T51: 5000 | U51: 5000 | V51: 5000 | W51: 5000 | X51: 5000 | Y51: 5000 | Z51: 5000 | AA51: 5000 | AB51: 5000 | AC51: =+SUM(E51:AB51)*D51+SUM(E52:AB52)*D52+SUM(E53:AB53)*D53+SUM(E54:AB54)*D54 -> 3720000
B52: Dic | C52: Sábado | D52: 5 | E52: 5000 | F52: 5000 | G52: 5000 | H52: 5000 | I52: 5000 | J52: 5000 | K52: 5000 | L52: 5000 | M52: 5000 | N52: 5000 | O52: 5000 | P52: 5000 | Q52: 5000 | R52: 5000 | S52: 5000 | T52: 5000 | U52: 5000 | V52: 5000 | W52: 5000 | X52: 5000 | Y52: 5000 | Z52: 5000 | AA52: 5000 | AB52: 5000
B53: Dic | C53: Domingo | D53: 5 | E53: 5000 | F53: 5000 | G53: 5000 | H53: 5000 | I53: 5000 | J53: 5000 | K53: 5000 | L53: 5000 | M53: 5000 | N53: 5000 | O53: 5000 | P53: 5000 | Q53: 5000 | R53: 5000 | S53: 5000 | T53: 5000 | U53: 5000 | V53: 5000 | W53: 5000 | X53: 5000 | Y53: 5000 | Z53: 5000 | AA53: 5000 | AB53: 5000
B54: Dic | C54: Festivo | D54: 2 | E54: 5000 | F54: 5000 | G54: 5000 | H54: 5000 | I54: 5000 | J54: 5000 | K54: 5000 | L54: 5000 | M54: 5000 | N54: 5000 | O54: 5000 | P54: 5000 | Q54: 5000 | R54: 5000 | S54: 5000 | T54: 5000 | U54: 5000 | V54: 5000 | W54: 5000 | X54: 5000 | Y54: 5000 | Z54: 5000 | AA54: 5000 | AB54: 5000
Z55: TOTAL AÑO kWh | AC55: =SUM(AC7:AC54) -> 43920000
G61: 1000

Sheet Cantidad Producto 6-2029
B2: CANTIDADES DE ENERGÍA SOLICITADAS (kWh)
B3: CENTRAL HIDROELECTRICA DE CALDAS S.A. E.S.P. -BENEFICIO E INTERÉS COLECTIVO
B4: 2029
B6: Mes | C6: Tipo Día | D6: Días | E6: H1 | F6: H2 | G6: H3 | H6: H4 | I6: H5 | J6: H6 | K6: H7 | L6: H8 | M6: H9 | N6: H10 | O6: H11 | P6: H12 | Q6: H13 | R6: H14 | S6: H15 | T6: H16 | U6: H17 | V6: H18 | W6: H19 | X6: H20 | Y6: H21 | Z6: H22 | AA6: H23 | AB6: H24 | AC6: TOTAL MES
B7: Ene | C7: Ordinario | D7: 21 | E7: 5000 | F7: 5000 | G7: 5000 | H7: 5000 | I7: 5000 | J7: 5000 | K7: 5000 | L7: 5000 | M7: 5000 | N7: 5000 | O7: 5000 | P7: 5000 | Q7: 5000 | R7: 5000 | S7: 5000 | T7: 5000 | U7: 5000 | V7: 5000 | W7: 5000 | X7: 5000 | Y7: 5000 | Z7: 5000 | AA7: 5000 | AB7: 5000 | AC7: =+SUM(E7:AB7)*D7+SUM(E8:AB8)*D8+SUM(E9:AB9)*D9+SUM(E10:AB10)*D10 -> 3720000 | AE7: =+AC7 -> 3720000
B8: Ene | C8: Sábado | D8: 4 | E8: 5000 | F8: 5000 | G8: 5000 | H8: 5000 | I8: 5000 | J8: 5000 | K8: 5000 | L8: 5000 | M8: 5000 | N8: 5000 | O8: 5000 | P8: 5000 | Q8: 5000 | R8: 5000 | S8: 5000 | T8: 5000 | U8: 5000 | V8: 5000 | W8: 5000 | X8: 5000 | Y8: 5000 | Z8: 5000 | AA8: 5000 | AB8: 5000 | AE8: =+AC11 -> 3360000
B9: Ene | C9: Domingo | D9: 4 | E9: 5000 | F9: 5000 | G9: 5000 | H9: 5000 | I9: 5000 | J9: 5000 | K9: 5000 | L9: 5000 | M9: 5000 | N9: 5000 | O9: 5000 | P9: 5000 | Q9: 5000 | R9: 5000 | S9: 5000 | T9: 5000 | U9: 5000 | V9: 5000 | W9: 5000 | X9: 5000 | Y9: 5000 | Z9: 5000 | AA9: 5000 | AB9: 5000 | AE9: =+AC15 -> 3720000
B10: Ene | C10: Festivo | D10: 2 | E10: 5000 | F10: 5000 | G10: 5000 | H10: 5000 | I10: 5000 | J10: 5000 | K10: 5000 | L10: 5000 | M10: 5000 | N10: 5000 | O10: 5000 | P10: 5000 | Q10: 5000 | R10: 5000 | S10: 5000 | T10: 5000 | U10: 5000 | V10: 5000 | W10: 5000 | X10: 5000 | Y10: 5000 | Z10: 5000 | AA10: 5000 | AB10: 5000 | AE10: =+AC19 -> 3600000
B11: Feb | C11: Ordinario | D11: 20 | E11: 5000 | F11: 5000 | G11: 5000 | H11: 5000 | I11: 5000 | J11: 5000 | K11: 5000 | L11: 5000 | M11: 5000 | N11: 5000 | O11: 5000 | P11: 5000 | Q11: 5000 | R11: 5000 | S11: 5000 | T11: 5000 | U11: 5000 | V11: 5000 | W11: 5000 | X11: 5000 | Y11: 5000 | Z11: 5000 | AA11: 5000 | AB11: 5000 | AC11: =+SUM(E11:AB11)*D11+SUM(E12:AB12)*D12+SUM(E13:AB13)*D13+SUM(E14:AB14)*D14 -> 3360000 | AE11: =+AC23 -> 3720000
B12: Feb | C12: Sábado | D12: 4 | E12: 5000 | F12: 5000 | G12: 5000 | H12: 5000 | I12: 5000 | J12: 5000 | K12: 5000 | L12: 5000 | M12: 5000 | N12: 5000 | O12: 5000 | P12: 5000 | Q12: 5000 | R12: 5000 | S12: 5000 | T12: 5000 | U12: 5000 | V12: 5000 | W12: 5000 | X12: 5000 | Y12: 5000 | Z12: 5000 | AA12: 5000 | AB12: 5000 | AE12: =+AC27 -> 3600000
B13: Feb | C13: Domingo | D13: 4 | E13: 5000 | F13: 5000 | G13: 5000 | H13: 5000 | I13: 5000 | J13: 5000 | K13: 5000 | L13: 5000 | M13: 5000 | N13: 5000 | O13: 5000 | P13: 5000 | Q13: 5000 | R13: 5000 | S13: 5000 | T13: 5000 | U13: 5000 | V13: 5000 | W13: 5000 | X13: 5000 | Y13: 5000 | Z13: 5000 | AA13: 5000 | AB13: 5000 | AE13: =+AC31 -> 3720000
B14: Feb | C14: Festivo | D14: 0 | AE14: =+AC35 -> 3720000
B15: Mar | C15: Ordinario | D15: 19 | E15: 5000 | F15: 5000 | G15: 5000 | H15: 5000 | I15: 5000 | J15: 5000 | K15: 5000 | L15: 5000 | M15: 5000 | N15: 5000 | O15: 5000 | P15: 5000 | Q15: 5000 | R15: 5000 | S15: 5000 | T15: 5000 | U15: 5000 | V15: 5000 | W15: 5000 | X15: 5000 | Y15: 5000 | Z15: 5000 | AA15: 5000 | AB15: 5000 | AC15: =+SUM(E15:AB15)*D15+SUM(E16:AB16)*D16+SUM(E17:AB17)*D17+SUM(E18:AB18)*D18 -> 3720000 | AE15: =+AC39 -> 3600000
B16: Mar | C16: Sábado | D16: 5 | E16: 5000 | F16: 5000 | G16: 5000 | H16: 5000 | I16: 5000 | J16: 5000 | K16: 5000 | L16: 5000 | M16: 5000 | N16: 5000 | O16: 5000 | P16: 5000 | Q16: 5000 | R16: 5000 | S16: 5000 | T16: 5000 | U16: 5000 | V16: 5000 | W16: 5000 | X16: 5000 | Y16: 5000 | Z16: 5000 | AA16: 5000 | AB16: 5000 | AE16: =+AC43 -> 3720000
B17: Mar | C17: Domingo | D17: 4 | E17: 5000 | F17: 5000 | G17: 5000 | H17: 5000 | I17: 5000 | J17: 5000 | K17: 5000 | L17: 5000 | M17: 5000 | N17: 5000 | O17: 5000 | P17: 5000 | Q17: 5000 | R17: 5000 | S17: 5000 | T17: 5000 | U17: 5000 | V17: 5000 | W17: 5000 | X17: 5000 | Y17: 5000 | Z17: 5000 | AA17: 5000 | AB17: 5000 | AE17: =+AC47 -> 3600000
B18: Mar | C18: Festivo | D18: 3 | E18: 5000 | F18: 5000 | G18: 5000 | H18: 5000 | I18: 5000 | J18: 5000 | K18: 5000 | L18: 5000 | M18: 5000 | N18: 5000 | O18: 5000 | P18: 5000 | Q18: 5000 | R18: 5000 | S18: 5000 | T18: 5000 | U18: 5000 | V18: 5000 | W18: 5000 | X18: 5000 | Y18: 5000 | Z18: 5000 | AA18: 5000 | AB18: 5000 | AE18: =+AC51 -> 3720000
B19: Abr | C19: Ordinario | D19: 21 | E19: 5000 | F19: 5000 | G19: 5000 | H19: 5000 | I19: 5000 | J19: 5000 | K19: 5000 | L19: 5000 | M19: 5000 | N19: 5000 | O19: 5000 | P19: 5000 | Q19: 5000 | R19: 5000 | S19: 5000 | T19: 5000 | U19: 5000 | V19: 5000 | W19: 5000 | X19: 5000 | Y19: 5000 | Z19: 5000 | AA19: 5000 | AB19: 5000 | AC19: =+SUM(E19:AB19)*D19+SUM(E20:AB20)*D20+SUM(E21:AB21)*D21+SUM(E22:AB22)*D22 -> 3600000 | AE19: =SUM(AE7:AE18) -> 43800000
B20: Abr | C20: Sábado | D20: 4 | E20: 5000 | F20: 5000 | G20: 5000 | H20: 5000 | I20: 5000 | J20: 5000 | K20: 5000 | L20: 5000 | M20: 5000 | N20: 5000 | O20: 5000 | P20: 5000 | Q20: 5000 | R20: 5000 | S20: 5000 | T20: 5000 | U20: 5000 | V20: 5000 | W20: 5000 | X20: 5000 | Y20: 5000 | Z20: 5000 | AA20: 5000 | AB20: 5000
B21: Abr | C21: Domingo | D21: 5 | E21: 5000 | F21: 5000 | G21: 5000 | H21: 5000 | I21: 5000 | J21: 5000 | K21: 5000 | L21: 5000 | M21: 5000 | N21: 5000 | O21: 5000 | P21: 5000 | Q21: 5000 | R21: 5000 | S21: 5000 | T21: 5000 | U21: 5000 | V21: 5000 | W21: 5000 | X21: 5000 | Y21: 5000 | Z21: 5000 | AA21: 5000 | AB21: 5000
B22: Abr | C22: Festivo | D22: 0 | E22: 5000 | F22: 5000 | G22: 5000 | H22: 5000 | I22: 5000 | J22: 5000 | K22: 5000 | L22: 5000 | M22: 5000 | N22: 5000 | O22: 5000 | P22: 5000 | Q22: 5000 | R22: 5000 | S22: 5000 | T22: 5000 | U22: 5000 | V22: 5000 | W22: 5000 | X22: 5000 | Y22: 5000 | Z22: 5000 | AA22: 5000 | AB22: 5000
B23: May | C23: Ordinario | D23: 21 | E23: 5000 | F23: 5000 | G23: 5000 | H23: 5000 | I23: 5000 | J23: 5000 | K23: 5000 | L23: 5000 | M23: 5000 | N23: 5000 | O23: 5000 | P23: 5000 | Q23: 5000 | R23: 5000 | S23: 5000 | T23: 5000 | U23: 5000 | V23: 5000 | W23: 5000 | X23: 5000 | Y23: 5000 | Z23: 5000 | AA23: 5000 | AB23: 5000 | AC23: =+SUM(E23:AB23)*D23+SUM(E24:AB24)*D24+SUM(E25:AB25)*D25+SUM(E26:AB26)*D26 -> 3720000
B24: May | C24: Sábado | D24: 4 | E24: 5000 | F24: 5000 | G24: 5000 | H24: 5000 | I24: 5000 | J24: 5000 | K24: 5000 | L24: 5000 | M24: 5000 | N24: 5000 | O24: 5000 | P24: 5000 | Q24: 5000 | R24: 5000 | S24: 5000 | T24: 5000 | U24: 5000 | V24: 5000 | W24: 5000 | X24: 5000 | Y24: 5000 | Z24: 5000 | AA24: 5000 | AB24: 5000
B25: May | C25: Domingo | D25: 4 | E25: 5000 | F25: 5000 | G25: 5000 | H25: 5000 | I25: 5000 | J25: 5000 | K25: 5000 | L25: 5000 | M25: 5000 | N25: 5000 | O25: 5000 | P25: 5000 | Q25: 5000 | R25: 5000 | S25: 5000 | T25: 5000 | U25: 5000 | V25: 5000 | W25: 5000 | X25: 5000 | Y25: 5000 | Z25: 5000 | AA25: 5000 | AB25: 5000
B26: May | C26: Festivo | D26: 2 | E26: 5000 | F26: 5000 | G26: 5000 | H26: 5000 | I26: 5000 | J26: 5000 | K26: 5000 | L26: 5000 | M26: 5000 | N26: 5000 | O26: 5000 | P26: 5000 | Q26: 5000 | R26: 5000 | S26: 5000 | T26: 5000 | U26: 5000 | V26: 5000 | W26: 5000 | X26: 5000 | Y26: 5000 | Z26: 5000 | AA26: 5000 | AB26: 5000
B27: Jun | C27: Ordinario | D27: 19 | E27: 5000 | F27: 5000 | G27: 5000 | H27: 5000 | I27: 5000 | J27: 5000 | K27: 5000 | L27: 5000 | M27: 5000 | N27: 5000 | O27: 5000 | P27: 5000 | Q27: 5000 | R27: 5000 | S27: 5000 | T27: 5000 | U27: 5000 | V27: 5000 | W27: 5000 | X27: 5000 | Y27: 5000 | Z27: 5000 | AA27: 5000 | AB27: 5000 | AC27: =+SUM(E27:AB27)*D27+SUM(E28:AB28)*D28+SUM(E29:AB29)*D29+SUM(E30:AB30)*D30 -> 3600000
B28: Jun | C28: Sábado | D28: 5 | E28: 5000 | F28: 5000 | G28: 5000 | H28: 5000 | I28: 5000 | J28: 5000 | K28: 5000 | L28: 5000 | M28: 5000 | N28: 5000 | O28: 5000 | P28: 5000 | Q28: 5000 | R28: 5000 | S28: 5000 | T28: 5000 | U28: 5000 | V28: 5000 | W28: 5000 | X28: 5000 | Y28: 5000 | Z28: 5000 | AA28: 5000 | AB28: 5000
B29: Jun | C29: Domingo | D29: 4 | E29: 5000 | F29: 5000 | G29: 5000 | H29: 5000 | I29: 5000 | J29: 5000 | K29: 5000 | L29: 5000 | M29: 5000 | N29: 5000 | O29: 5000 | P29: 5000 | Q29: 5000 | R29: 5000 | S29: 5000 | T29: 5000 | U29: 5000 | V29: 5000 | W29: 5000 | X29: 5000 | Y29: 5000 | Z29: 5000 | AA29: 5000 | AB29: 5000
B30: Jun | C30: Festivo | D30: 2 | E30: 5000 | F30: 5000 | G30: 5000 | H30: 5000 | I30: 5000 | J30: 5000 | K30: 5000 | L30: 5000 | M30: 5000 | N30: 5000 | O30: 5000 | P30: 5000 | Q30: 5000 | R30: 5000 | S30: 5000 | T30: 5000 | U30: 5000 | V30: 5000 | W30: 5000 | X30: 5000 | Y30: 5000 | Z30: 5000 | AA30: 5000 | AB30: 5000
B31: Jul | C31: Ordinario | D31: 20 | E31: 5000 | F31: 5000 | G31: 5000 | H31: 5000 | I31: 5000 | J31: 5000 | K31: 5000 | L31: 5000 | M31: 5000 | N31: 5000 | O31: 5000 | P31: 5000 | Q31: 5000 | R31: 5000 | S31: 5000 | T31: 5000 | U31: 5000 | V31: 5000 | W31: 5000 | X31: 5000 | Y31: 5000 | Z31: 5000 | AA31: 5000 | AB31: 5000 | AC31: =+SUM(E31:AB31)*D31+SUM(E32:AB32)*D32+SUM(E33:AB33)*D33+SUM(E34:AB34)*D34 -> 3720000
B32: Jul | C32: Sábado | D32: 4 | E32: 5000 | F32: 5000 | G32: 5000 | H32: 5000 | I32: 5000 | J32: 5000 | K32: 5000 | L32: 5000 | M32: 5000 | N32: 5000 | O32: 5000 | P32: 5000 | Q32: 5000 | R32: 5000 | S32: 5000 | T32: 5000 | U32: 5000 | V32: 5000 | W32: 5000 | X32: 5000 | Y32: 5000 | Z32: 5000 | AA32: 5000 | AB32: 5000
B33: Jul | C33: Domingo | D33: 5 | E33: 5000 | F33: 5000 | G33: 5000 | H33: 5000 | I33: 5000 | J33: 5000 | K33: 5000 | L33: 5000 | M33: 5000 | N33: 5000 | O33: 5000 | P33: 5000 | Q33: 5000 | R33: 5000 | S33: 5000 | T33: 5000 | U33: 5000 | V33: 5000 | W33: 5000 | X33: 5000 | Y33: 5000 | Z33: 5000 | AA33: 5000 | AB33: 5000
B34: Jul | C34: Festivo | D34: 2 | E34: 5000 | F34: 5000 | G34: 5000 | H34: 5000 | I34: 5000 | J34: 5000 | K34: 5000 | L34: 5000 | M34: 5000 | N34: 5000 | O34: 5000 | P34: 5000 | Q34: 5000 | R34: 5000 | S34: 5000 | T34: 5000 | U34: 5000 | V34: 5000 | W34: 5000 | X34: 5000 | Y34: 5000 | Z34: 5000 | AA34: 5000 | AB34: 5000
B35: Ago | C35: Ordinario | D35: 21 | E35: 5000 | F35: 5000 | G35: 5000 | H35: 5000 | I35: 5000 | J35: 5000 | K35: 5000 | L35: 5000 | M35: 5000 | N35: 5000 | O35: 5000 | P35: 5000 | Q35: 5000 | R35: 5000 | S35: 5000 | T35: 5000 | U35: 5000 | V35: 5000 | W35: 5000 | X35: 5000 | Y35: 5000 | Z35: 5000 | AA35: 5000 | AB35: 5000 | AC35: =+SUM(E35:AB35)*D35+SUM(E36:AB36)*D36+SUM(E37:AB37)*D37+SUM(E38:AB38)*D38 -> 3720000
B36: Ago | C36: Sábado | D36: 4 | E36: 5000 | F36: 5000 | G36: 5000 | H36: 5000 | I36: 5000 | J36: 5000 | K36: 5000 | L36: 5000 | M36: 5000 | N36: 5000 | O36: 5000 | P36: 5000 | Q36: 5000 | R36: 5000 | S36: 5000 | T36: 5000 | U36: 5000 | V36: 5000 | W36: 5000 | X36: 5000 | Y36: 5000 | Z36: 5000 | AA36: 5000 | AB36: 5000
B37: Ago | C37: Domingo | D37: 4 | E37: 5000 | F37: 5000 | G37: 5000 | H37: 5000 | I37: 5000 | J37: 5000 | K37: 5000 | L37: 5000 | M37: 5000 | N37: 5000 | O37: 5000 | P37: 5000 | Q37: 5000 | R37: 5000 | S37: 5000 | T37: 5000 | U37: 5000 | V37: 5000 | W37: 5000 | X37: 5000 | Y37: 5000 | Z37: 5000 | AA37: 5000 | AB37: 5000
B38: Ago | C38: Festivo | D38: 2 | E38: 5000 | F38: 5000 | G38: 5000 | H38: 5000 | I38: 5000 | J38: 5000 | K38: 5000 | L38: 5000 | M38: 5000 | N38: 5000 | O38: 5000 | P38: 5000 | Q38: 5000 | R38: 5000 | S38: 5000 | T38: 5000 | U38: 5000 | V38: 5000 | W38: 5000 | X38: 5000 | Y38: 5000 | Z38: 5000 | AA38: 5000 | AB38: 5000
B39: Sep | C39: Ordinario | D39: 20 | E39: 5000 | F39: 5000 | G39: 5000 | H39: 5000 | I39: 5000 | J39: 5000 | K39: 5000 | L39: 5000 | M39: 5000 | N39: 5000 | O39: 5000 | P39: 5000 | Q39: 5000 | R39: 5000 | S39: 5000 | T39: 5000 | U39: 5000 | V39: 5000 | W39: 5000 | X39: 5000 | Y39: 5000 | Z39: 5000 | AA39: 5000 | AB39: 5000 | AC39: =+SUM(E39:AB39)*D39+SUM(E40:AB40)*D40+SUM(E41:AB41)*D41+SUM(E42:AB42)*D42 -> 3600000
B40: Sep | C40: Sábado | D40: 5 | E40: 5000 | F40: 5000 | G40: 5000 | H40: 5000 | I40: 5000 | J40: 5000 | K40: 5000 | L40: 5000 | M40: 5000 | N40: 5000 | O40: 5000 | P40: 5000 | Q40: 5000 | R40: 5000 | S40: 5000 | T40: 5000 | U40: 5000 | V40: 5000 | W40: 5000 | X40: 5000 | Y40: 5000 | Z40: 5000 | AA40: 5000 | AB40: 5000
B41: Sep | C41: Domingo | D41: 5 | E41: 5000 | F41: 5000 | G41: 5000 | H41: 5000 | I41: 5000 | J41: 5000 | K41: 5000 | L41: 5000 | M41: 5000 | N41: 5000 | O41: 5000 | P41: 5000 | Q41: 5000 | R41: 5000 | S41: 5000 | T41: 5000 | U41: 5000 | V41: 5000 | W41: 5000 | X41: 5000 | Y41: 5000 | Z41: 5000 | AA41: 5000 | AB41: 5000
B42: Sep | C42: Festivo | D42: 0
B43: Oct | C43: Ordinario | D43: 22 | E43: 5000 | F43: 5000 | G43: 5000 | H43: 5000 | I43: 5000 | J43: 5000 | K43: 5000 | L43: 5000 | M43: 5000 | N43: 5000 | O43: 5000 | P43: 5000 | Q43: 5000 | R43: 5000 | S43: 5000 | T43: 5000 | U43: 5000 | V43: 5000 | W43: 5000 | X43: 5000 | Y43: 5000 | Z43: 5000 | AA43: 5000 | AB43: 5000 | AC43: =+SUM(E43:AB43)*D43+SUM(E44:AB44)*D44+SUM(E45:AB45)*D45+SUM(E46:AB46)*D46 -> 3720000
B44: Oct | C44: Sábado | D44: 4 | E44: 5000 | F44: 5000 | G44: 5000 | H44: 5000 | I44: 5000 | J44: 5000 | K44: 5000 | L44: 5000 | M44: 5000 | N44: 5000 | O44: 5000 | P44: 5000 | Q44: 5000 | R44: 5000 | S44: 5000 | T44: 5000 | U44: 5000 | V44: 5000 | W44: 5000 | X44: 5000 | Y44: 5000 | Z44: 5000 | AA44: 5000 | AB44: 5000
B45: Oct | C45: Domingo | D45: 4 | E45: 5000 | F45: 5000 | G45: 5000 | H45: 5000 | I45: 5000 | J45: 5000 | K45: 5000 | L45: 5000 | M45: 5000 | N45: 5000 | O45: 5000 | P45: 5000 | Q45: 5000 | R45: 5000 | S45: 5000 | T45: 5000 | U45: 5000 | V45: 5000 | W45: 5000 | X45: 5000 | Y45: 5000 | Z45: 5000 | AA45: 5000 | AB45: 5000
B46: Oct | C46: Festivo | D46: 1 | E46: 5000 | F46: 5000 | G46: 5000 | H46: 5000 | I46: 5000 | J46: 5000 | K46: 5000 | L46: 5000 | M46: 5000 | N46: 5000 | O46: 5000 | P46: 5000 | Q46: 5000 | R46: 5000 | S46: 5000 | T46: 5000 | U46: 5000 | V46: 5000 | W46: 5000 | X46: 5000 | Y46: 5000 | Z46: 5000 | AA46: 5000 | AB46: 5000
B47: Nov | C47: Ordinario | D47: 20 | E47: 5000 | F47: 5000 | G47: 5000 | H47: 5000 | I47: 5000 | J47: 5000 | K47: 5000 | L47: 5000 | M47: 5000 | N47: 5000 | O47: 5000 | P47: 5000 | Q47: 5000 | R47: 5000 | S47: 5000 | T47: 5000 | U47: 5000 | V47: 5000 | W47: 5000 | X47: 5000 | Y47: 5000 | Z47: 5000 | AA47: 5000 | AB47: 5000 | AC47: =+SUM(E47:AB47)*D47+SUM(E48:AB48)*D48+SUM(E49:AB49)*D49+SUM(E50:AB50)*D50 -> 3600000
B48: Nov | C48: Sábado | D48: 4 | E48: 5000 | F48: 5000 | G48: 5000 | H48: 5000 | I48: 5000 | J48: 5000 | K48: 5000 | L48: 5000 | M48: 5000 | N48: 5000 | O48: 5000 | P48: 5000 | Q48: 5000 | R48: 5000 | S48: 5000 | T48: 5000 | U48: 5000 | V48: 5000 | W48: 5000 | X48: 5000 | Y48: 5000 | Z48: 5000 | AA48: 5000 | AB48: 5000
B49: Nov | C49: Domingo | D49: 4 | E49: 5000 | F49: 5000 | G49: 5000 | H49: 5000 | I49: 5000 | J49: 5000 | K49: 5000 | L49: 5000 | M49: 5000 | N49: 5000 | O49: 5000 | P49: 5000 | Q49: 5000 | R49: 5000 | S49: 5000 | T49: 5000 | U49: 5000 | V49: 5000 | W49: 5000 | X49: 5000 | Y49: 5000 | Z49: 5000 | AA49: 5000 | AB49: 5000
B50: Nov | C50: Festivo | D50: 2 | E50: 5000 | F50: 5000 | G50: 5000 | H50: 5000 | I50: 5000 | J50: 5000 | K50: 5000 | L50: 5000 | M50: 5000 | N50: 5000 | O50: 5000 | P50: 5000 | Q50: 5000 | R50: 5000 | S50: 5000 | T50: 5000 | U50: 5000 | V50: 5000 | W50: 5000 | X50: 5000 | Y50: 5000 | Z50: 5000 | AA50: 5000 | AB50: 5000
B51: Dic | C51: Ordinario | D51: 20 | E51: 5000 | F51: 5000 | G51: 5000 | H51: 5000 | I51: 5000 | J51: 5000 | K51: 5000 | L51: 5000 | M51: 5000 | N51: 5000 | O51: 5000 | P51: 5000 | Q51: 5000 | R51: 5000 | S51: 5000 | T51: 5000 | U51: 5000 | V51: 5000 | W51: 5000 | X51: 5000 | Y51: 5000 | Z51: 5000 | AA51: 5000 | AB51: 5000 | AC51: =+SUM(E51:AB51)*D51+SUM(E52:AB52)*D52+SUM(E53:AB53)*D53+SUM(E54:AB54)*D54 -> 3720000
B52: Dic | C52: Sábado | D52: 4 | E52: 5000 | F52: 5000 | G52: 5000 | H52: 5000 | I52: 5000 | J52: 5000 | K52: 5000 | L52: 5000 | M52: 5000 | N52: 5000 | O52: 5000 | P52: 5000 | Q52: 5000 | R52: 5000 | S52: 5000 | T52: 5000 | U52: 5000 | V52: 5000 | W52: 5000 | X52: 5000 | Y52: 5000 | Z52: 5000 | AA52: 5000 | AB52: 5000
B53: Dic | C53: Domingo | D53: 5 | E53: 5000 | F53: 5000 | G53: 5000 | H53: 5000 | I53: 5000 | J53: 5000 | K53: 5000 | L53: 5000 | M53: 5000 | N53: 5000 | O53: 5000 | P53: 5000 | Q53: 5000 | R53: 5000 | S53: 5000 | T53: 5000 | U53: 5000 | V53: 5000 | W53: 5000 | X53: 5000 | Y53: 5000 | Z53: 5000 | AA53: 5000 | AB53: 5000
B54: Dic | C54: Festivo | D54: 2 | E54: 5000 | F54: 5000 | G54: 5000 | H54: 5000 | I54: 5000 | J54: 5000 | K54: 5000 | L54: 5000 | M54: 5000 | N54: 5000 | O54: 5000 | P54: 5000 | Q54: 5000 | R54: 5000 | S54: 5000 | T54: 5000 | U54: 5000 | V54: 5000 | W54: 5000 | X54: 5000 | Y54: 5000 | Z54: 5000 | AA54: 5000 | AB54: 5000
Z55: TOTAL AÑO kWh | AC55: =SUM(AC7:AC54) -> 43800000
G61: 1000

Sheet Cantidad Producto 6-2030
B2: CANTIDADES DE ENERGÍA SOLICITADAS (kWh)
B3: CENTRAL HIDROELECTRICA DE CALDAS S.A. E.S.P. -BENEFICIO E INTERÉS COLECTIVO
B4: 2030
B6: Mes | C6: Tipo Día | D6: Días | E6: H1 | F6: H2 | G6: H3 | H6: H4 | I6: H5 | J6: H6 | K6: H7 | L6: H8 | M6: H9 | N6: H10 | O6: H11 | P6: H12 | Q6: H13 | R6: H14 | S6: H15 | T6: H16 | U6: H17 | V6: H18 | W6: H19 | X6: H20 | Y6: H21 | Z6: H22 | AA6: H23 | AB6: H24 | AC6: TOTAL MES
B7: Ene | C7: Ordinario | D7: 21 | E7: 5000 | F7: 5000 | G7: 5000 | H7: 5000 | I7: 5000 | J7: 5000 | K7: 5000 | L7: 5000 | M7: 5000 | N7: 5000 | O7: 5000 | P7: 5000 | Q7: 5000 | R7: 5000 | S7: 5000 | T7: 5000 | U7: 5000 | V7: 5000 | W7: 5000 | X7: 5000 | Y7: 5000 | Z7: 5000 | AA7: 5000 | AB7: 5000 | AC7: =+SUM(E7:AB7)*D7+SUM(E8:AB8)*D8+SUM(E9:AB9)*D9+SUM(E10:AB10)*D10 -> 3720000 | AE7: =+AC7 -> 3720000
B8: Ene | C8: Sábado | D8: 4 | E8: 5000 | F8: 5000 | G8: 5000 | H8: 5000 | I8: 5000 | J8: 5000 | K8: 5000 | L8: 5000 | M8: 5000 | N8: 5000 | O8: 5000 | P8: 5000 | Q8: 5000 | R8: 5000 | S8: 5000 | T8: 5000 | U8: 5000 | V8: 5000 | W8: 5000 | X8: 5000 | Y8: 5000 | Z8: 5000 | AA8: 5000 | AB8: 5000 | AE8: =+AC11 -> 3360000
B9: Ene | C9: Domingo | D9: 4 | E9: 5000 | F9: 5000 | G9: 5000 | H9: 5000 | I9: 5000 | J9: 5000 | K9: 5000 | L9: 5000 | M9: 5000 | N9: 5000 | O9: 5000 | P9: 5000 | Q9: 5000 | R9: 5000 | S9: 5000 | T9: 5000 | U9: 5000 | V9: 5000 | W9: 5000 | X9: 5000 | Y9: 5000 | Z9: 5000 | AA9: 5000 | AB9: 5000 | AE9: =+AC15 -> 3720000
B10: Ene | C10: Festivo | D10: 2 | E10: 5000 | F10: 5000 | G10: 5000 | H10: 5000 | I10: 5000 | J10: 5000 | K10: 5000 | L10: 5000 | M10: 5000 | N10: 5000 | O10: 5000 | P10: 5000 | Q10: 5000 | R10: 5000 | S10: 5000 | T10: 5000 | U10: 5000 | V10: 5000 | W10: 5000 | X10: 5000 | Y10: 5000 | Z10: 5000 | AA10: 5000 | AB10: 5000 | AE10: =+AC19 -> 3600000
B11: Feb | C11: Ordinario | D11: 20 | E11: 5000 | F11: 5000 | G11: 5000 | H11: 5000 | I11: 5000 | J11: 5000 | K11: 5000 | L11: 5000 | M11: 5000 | N11: 5000 | O11: 5000 | P11: 5000 | Q11: 5000 | R11: 5000 | S11: 5000 | T11: 5000 | U11: 5000 | V11: 5000 | W11: 5000 | X11: 5000 | Y11: 5000 | Z11: 5000 | AA11: 5000 | AB11: 5000 | AC11: =+SUM(E11:AB11)*D11+SUM(E12:AB12)*D12+SUM(E13:AB13)*D13+SUM(E14:AB14)*D14 -> 3360000 | AE11: =+AC23 -> 3720000
B12: Feb | C12: Sábado | D12: 4 | E12: 5000 | F12: 5000 | G12: 5000 | H12: 5000 | I12: 5000 | J12: 5000 | K12: 5000 | L12: 5000 | M12: 5000 | N12: 5000 | O12: 5000 | P12: 5000 | Q12: 5000 | R12: 5000 | S12: 5000 | T12: 5000 | U12: 5000 | V12: 5000 | W12: 5000 | X12: 5000 | Y12: 5000 | Z12: 5000 | AA12: 5000 | AB12: 5000 | AE12: =+AC27 -> 3600000
B13: Feb | C13: Domingo | D13: 4 | E13: 5000 | F13: 5000 | G13: 5000 | H13: 5000 | I13: 5000 | J13: 5000 | K13: 5000 | L13: 5000 | M13: 5000 | N13: 5000 | O13: 5000 | P13: 5000 | Q13: 5000 | R13: 5000 | S13: 5000 | T13: 5000 | U13: 5000 | V13: 5000 | W13: 5000 | X13: 5000 | Y13: 5000 | Z13: 5000 | AA13: 5000 | AB13: 5000 | AE13: =+AC31 -> 3720000
B14: Feb | C14: Festivo | D14: 0 | AE14: =+AC35 -> 3720000
B15: Mar | C15: Ordinario | D15: 20 | E15: 5000 | F15: 5000 | G15: 5000 | H15: 5000 | I15: 5000 | J15: 5000 | K15: 5000 | L15: 5000 | M15: 5000 | N15: 5000 | O15: 5000 | P15: 5000 | Q15: 5000 | R15: 5000 | S15: 5000 | T15: 5000 | U15: 5000 | V15: 5000 | W15: 5000 | X15: 5000 | Y15: 5000 | Z15: 5000 | AA15: 5000 | AB15: 5000 | AC15: =+SUM(E15:AB15)*D15+SUM(E16:AB16)*D16+SUM(E17:AB17)*D17+SUM(E18:AB18)*D18 -> 3720000 | AE15: =+AC39 -> 3600000
B16: Mar | C16: Sábado | D16: 5 | E16: 5000 | F16: 5000 | G16: 5000 | H16: 5000 | I16: 5000 | J16: 5000 | K16: 5000 | L16: 5000 | M16: 5000 | N16: 5000 | O16: 5000 | P16: 5000 | Q16: 5000 | R16: 5000 | S16: 5000 | T16: 5000 | U16: 5000 | V16: 5000 | W16: 5000 | X16: 5000 | Y16: 5000 | Z16: 5000 | AA16: 5000 | AB16: 5000 | AE16: =+AC43 -> 3720000
B17: Mar | C17: Domingo | D17: 5 | E17: 5000 | F17: 5000 | G17: 5000 | H17: 5000 | I17: 5000 | J17: 5000 | K17: 5000 | L17: 5000 | M17: 5000 | N17: 5000 | O17: 5000 | P17: 5000 | Q17: 5000 | R17: 5000 | S17: 5000 | T17: 5000 | U17: 5000 | V17: 5000 | W17: 5000 | X17: 5000 | Y17: 5000 | Z17: 5000 | AA17: 5000 | AB17: 5000 | AE17: =+AC47 -> 3600000
B18: Mar | C18: Festivo | D18: 1 | E18: 5000 | F18: 5000 | G18: 5000 | H18: 5000 | I18: 5000 | J18: 5000 | K18: 5000 | L18: 5000 | M18: 5000 | N18: 5000 | O18: 5000 | P18: 5000 | Q18: 5000 | R18: 5000 | S18: 5000 | T18: 5000 | U18: 5000 | V18: 5000 | W18: 5000 | X18: 5000 | Y18: 5000 | Z18: 5000 | AA18: 5000 | AB18: 5000 | AE18: =+AC51 -> 3720000
B19: Abr | C19: Ordinario | D19: 20 | E19: 5000 | F19: 5000 | G19: 5000 | H19: 5000 | I19: 5000 | J19: 5000 | K19: 5000 | L19: 5000 | M19: 5000 | N19: 5000 | O19: 5000 | P19: 5000 | Q19: 5000 | R19: 5000 | S19: 5000 | T19: 5000 | U19: 5000 | V19: 5000 | W19: 5000 | X19: 5000 | Y19: 5000 | Z19: 5000 | AA19: 5000 | AB19: 5000 | AC19: =+SUM(E19:AB19)*D19+SUM(E20:AB20)*D20+SUM(E21:AB21)*D21+SUM(E22:AB22)*D22 -> 3600000 | AE19: =SUM(AE7:AE18) -> 43800000
B20: Abr | C20: Sábado | D20: 4 | E20: 5000 | F20: 5000 | G20: 5000 | H20: 5000 | I20: 5000 | J20: 5000 | K20: 5000 | L20: 5000 | M20: 5000 | N20: 5000 | O20: 5000 | P20: 5000 | Q20: 5000 | R20: 5000 | S20: 5000 | T20: 5000 | U20: 5000 | V20: 5000 | W20: 5000 | X20: 5000 | Y20: 5000 | Z20: 5000 | AA20: 5000 | AB20: 5000
B21: Abr | C21: Domingo | D21: 4 | E21: 5000 | F21: 5000 | G21: 5000 | H21: 5000 | I21: 5000 | J21: 5000 | K21: 5000 | L21: 5000 | M21: 5000 | N21: 5000 | O21: 5000 | P21: 5000 | Q21: 5000 | R21: 5000 | S21: 5000 | T21: 5000 | U21: 5000 | V21: 5000 | W21: 5000 | X21: 5000 | Y21: 5000 | Z21: 5000 | AA21: 5000 | AB21: 5000
B22: Abr | C22: Festivo | D22: 2 | E22: 5000 | F22: 5000 | G22: 5000 | H22: 5000 | I22: 5000 | J22: 5000 | K22: 5000 | L22: 5000 | M22: 5000 | N22: 5000 | O22: 5000 | P22: 5000 | Q22: 5000 | R22: 5000 | S22: 5000 | T22: 5000 | U22: 5000 | V22: 5000 | W22: 5000 | X22: 5000 | Y22: 5000 | Z22: 5000 | AA22: 5000 | AB22: 5000
B23: May | C23: Ordinario | D23: 22 | E23: 5000 | F23: 5000 | G23: 5000 | H23: 5000 | I23: 5000 | J23: 5000 | K23: 5000 | L23: 5000 | M23: 5000 | N23: 5000 | O23: 5000 | P23: 5000 | Q23: 5000 | R23: 5000 | S23: 5000 | T23: 5000 | U23: 5000 | V23: 5000 | W23: 5000 | X23: 5000 | Y23: 5000 | Z23: 5000 | AA23: 5000 | AB23: 5000 | AC23: =+SUM(E23:AB23)*D23+SUM(E24:AB24)*D24+SUM(E25:AB25)*D25+SUM(E26:AB26)*D26 -> 3720000
B24: May | C24: Sábado | D24: 4 | E24: 5000 | F24: 5000 | G24: 5000 | H24: 5000 | I24: 5000 | J24: 5000 | K24: 5000 | L24: 5000 | M24: 5000 | N24: 5000 | O24: 5000 | P24: 5000 | Q24: 5000 | R24: 5000 | S24: 5000 | T24: 5000 | U24: 5000 | V24: 5000 | W24: 5000 | X24: 5000 | Y24: 5000 | Z24: 5000 | AA24: 5000 | AB24: 5000
B25: May | C25: Domingo | D25: 4 | E25: 5000 | F25: 5000 | G25: 5000 | H25: 5000 | I25: 5000 | J25: 5000 | K25: 5000 | L25: 5000 | M25: 5000 | N25: 5000 | O25: 5000 | P25: 5000 | Q25: 5000 | R25: 5000 | S25: 5000 | T25: 5000 | U25: 5000 | V25: 5000 | W25: 5000 | X25: 5000 | Y25: 5000 | Z25: 5000 | AA25: 5000 | AB25: 5000
B26: May | C26: Festivo | D26: 1 | E26: 5000 | F26: 5000 | G26: 5000 | H26: 5000 | I26: 5000 | J26: 5000 | K26: 5000 | L26: 5000 | M26: 5000 | N26: 5000 | O26: 5000 | P26: 5000 | Q26: 5000 | R26: 5000 | S26: 5000 | T26: 5000 | U26: 5000 | V26: 5000 | W26: 5000 | X26: 5000 | Y26: 5000 | Z26: 5000 | AA26: 5000 | AB26: 5000
B27: Jun | C27: Ordinario | D27: 18 | E27: 5000 | F27: 5000 | G27: 5000 | H27: 5000 | I27: 5000 | J27: 5000 | K27: 5000 | L27: 5000 | M27: 5000 | N27: 5000 | O27: 5000 | P27: 5000 | Q27: 5000 | R27: 5000 | S27: 5000 | T27: 5000 | U27: 5000 | V27: 5000 | W27: 5000 | X27: 5000 | Y27: 5000 | Z27: 5000 | AA27: 5000 | AB27: 5000 | AC27: =+SUM(E27:AB27)*D27+SUM(E28:AB28)*D28+SUM(E29:AB29)*D29+SUM(E30:AB30)*D30 -> 3600000
B28: Jun | C28: Sábado | D28: 5 | E28: 5000 | F28: 5000 | G28: 5000 | H28: 5000 | I28: 5000 | J28: 5000 | K28: 5000 | L28: 5000 | M28: 5000 | N28: 5000 | O28: 5000 | P28: 5000 | Q28: 5000 | R28: 5000 | S28: 5000 | T28: 5000 | U28: 5000 | V28: 5000 | W28: 5000 | X28: 5000 | Y28: 5000 | Z28: 5000 | AA28: 5000 | AB28: 5000
B29: Jun | C29: Domingo | D29: 5 | E29: 5000 | F29: 5000 | G29: 5000 | H29: 5000 | I29: 5000 | J29: 5000 | K29: 5000 | L29: 5000 | M29: 5000 | N29: 5000 | O29: 5000 | P29: 5000 | Q29: 5000 | R29: 5000 | S29: 5000 | T29: 5000 | U29: 5000 | V29: 5000 | W29: 5000 | X29: 5000 | Y29: 5000 | Z29: 5000 | AA29: 5000 | AB29: 5000
B30: Jun | C30: Festivo | D30: 2 | E30: 5000 | F30: 5000 | G30: 5000 | H30: 5000 | I30: 5000 | J30: 5000 | K30: 5000 | L30: 5000 | M30: 5000 | N30: 5000 | O30: 5000 | P30: 5000 | Q30: 5000 | R30: 5000 | S30: 5000 | T30: 5000 | U30: 5000 | V30: 5000 | W30: 5000 | X30: 5000 | Y30: 5000 | Z30: 5000 | AA30: 5000 | AB30: 5000
B31: Jul | C31: Ordinario | D31: 22 | E31: 5000 | F31: 5000 | G31: 5000 | H31: 5000 | I31: 5000 | J31: 5000 | K31: 5000 | L31: 5000 | M31: 5000 | N31: 5000 | O31: 5000 | P31: 5000 | Q31: 5000 | R31: 5000 | S31: 5000 | T31: 5000 | U31: 5000 | V31: 5000 | W31: 5000 | X31: 5000 | Y31: 5000 | Z31: 5000 | AA31: 5000 | AB31: 5000 | AC31: =+SUM(E31:AB31)*D31+SUM(E32:AB32)*D32+SUM(E33:AB33)*D33+SUM(E34:AB34)*D34 -> 3720000
B32: Jul | C32: Sábado | D32: 3 | E32: 5000 | F32: 5000 | G32: 5000 | H32: 5000 | I32: 5000 | J32: 5000 | K32: 5000 | L32: 5000 | M32: 5000 | N32: 5000 | O32: 5000 | P32: 5000 | Q32: 5000 | R32: 5000 | S32: 5000 | T32: 5000 | U32: 5000 | V32: 5000 | W32: 5000 | X32: 5000 | Y32: 5000 | Z32: 5000 | AA32: 5000 | AB32: 5000
B33: Jul | C33: Domingo | D33: 4 | E33: 5000 | F33: 5000 | G33: 5000 | H33: 5000 | I33: 5000 | J33: 5000 | K33: 5000 | L33: 5000 | M33: 5000 | N33: 5000 | O33: 5000 | P33: 5000 | Q33: 5000 | R33: 5000 | S33: 5000 | T33: 5000 | U33: 5000 | V33: 5000 | W33: 5000 | X33: 5000 | Y33: 5000 | Z33: 5000 | AA33: 5000 | AB33: 5000
B34: Jul | C34: Festivo | D34: 2 | E34: 5000 | F34: 5000 | G34: 5000 | H34: 5000 | I34: 5000 | J34: 5000 | K34: 5000 | L34: 5000 | M34: 5000 | N34: 5000 | O34: 5000 | P34: 5000 | Q34: 5000 | R34: 5000 | S34: 5000 | T34: 5000 | U34: 5000 | V34: 5000 | W34: 5000 | X34: 5000 | Y34: 5000 | Z34: 5000 | AA34: 5000 | AB34: 5000
B35: Ago | C35: Ordinario | D35: 20 | E35: 5000 | F35: 5000 | G35: 5000 | H35: 5000 | I35: 5000 | J35: 5000 | K35: 5000 | L35: 5000 | M35: 5000 | N35: 5000 | O35: 5000 | P35: 5000 | Q35: 5000 | R35: 5000 | S35: 5000 | T35: 5000 | U35: 5000 | V35: 5000 | W35: 5000 | X35: 5000 | Y35: 5000 | Z35: 5000 | AA35: 5000 | AB35: 5000 | AC35: =+SUM(E35:AB35)*D35+SUM(E36:AB36)*D36+SUM(E37:AB37)*D37+SUM(E38:AB38)*D38 -> 3720000
B36: Ago | C36: Sábado | D36: 5 | E36: 5000 | F36: 5000 | G36: 5000 | H36: 5000 | I36: 5000 | J36: 5000 | K36: 5000 | L36: 5000 | M36: 5000 | N36: 5000 | O36: 5000 | P36: 5000 | Q36: 5000 | R36: 5000 | S36: 5000 | T36: 5000 | U36: 5000 | V36: 5000 | W36: 5000 | X36: 5000 | Y36: 5000 | Z36: 5000 | AA36: 5000 | AB36: 5000
B37: Ago | C37: Domingo | D37: 4 | E37: 5000 | F37: 5000 | G37: 5000 | H37: 5000 | I37: 5000 | J37: 5000 | K37: 5000 | L37: 5000 | M37: 5000 | N37: 5000 | O37: 5000 | P37: 5000 | Q37: 5000 | R37: 5000 | S37: 5000 | T37: 5000 | U37: 5000 | V37: 5000 | W37: 5000 | X37: 5000 | Y37: 5000 | Z37: 5000 | AA37: 5000 | AB37: 5000
B38: Ago | C38: Festivo | D38: 2 | E38: 5000 | F38: 5000 | G38: 5000 | H38: 5000 | I38: 5000 | J38: 5000 | K38: 5000 | L38: 5000 | M38: 5000 | N38: 5000 | O38: 5000 | P38: 5000 | Q38: 5000 | R38: 5000 | S38: 5000 | T38: 5000 | U38: 5000 | V38: 5000 | W38: 5000 | X38: 5000 | Y38: 5000 | Z38: 5000 | AA38: 5000 | AB38: 5000
B39: Sep | C39: Ordinario | D39: 21 | E39: 5000 | F39: 5000 | G39: 5000 | H39: 5000 | I39: 5000 | J39: 5000 | K39: 5000 | L39: 5000 | M39: 5000 | N39: 5000 | O39: 5000 | P39: 5000 | Q39: 5000 | R39: 5000 | S39: 5000 | T39: 5000 | U39: 5000 | V39: 5000 | W39: 5000 | X39: 5000 | Y39: 5000 | Z39: 5000 | AA39: 5000 | AB39: 5000 | AC39: =+SUM(E39:AB39)*D39+SUM(E40:AB40)*D40+SUM(E41:AB41)*D41+SUM(E42:AB42)*D42 -> 3600000
B40: Sep | C40: Sábado | D40: 4 | E40: 5000 | F40: 5000 | G40: 5000 | H40: 5000 | I40: 5000 | J40: 5000 | K40: 5000 | L40: 5000 | M40: 5000 | N40: 5000 | O40: 5000 | P40: 5000 | Q40: 5000 | R40: 5000 | S40: 5000 | T40: 5000 | U40: 5000 | V40: 5000 | W40: 5000 | X40: 5000 | Y40: 5000 | Z40: 5000 | AA40: 5000 | AB40: 5000
B41: Sep | C41: Domingo | D41: 5 | E41: 5000 | F41: 5000 | G41: 5000 | H41: 5000 | I41: 5000 | J41: 5000 | K41: 5000 | L41: 5000 | M41: 5000 | N41: 5000 | O41: 5000 | P41: 5000 | Q41: 5000 | R41: 5000 | S41: 5000 | T41: 5000 | U41: 5000 | V41: 5000 | W41: 5000 | X41: 5000 | Y41: 5000 | Z41: 5000 | AA41: 5000 | AB41: 5000
B42: Sep | C42: Festivo | D42: 0
B43: Oct | C43: Ordinario | D43: 22 | E43: 5000 | F43: 5000 | G43: 5000 | H43: 5000 | I43: 5000 | J43: 5000 | K43: 5000 | L43: 5000 | M43: 5000 | N43: 5000 | O43: 5000 | P43: 5000 | Q43: 5000 | R43: 5000 | S43: 5000 | T43: 5000 | U43: 5000 | V43: 5000 | W43: 5000 | X43: 5000 | Y43: 5000 | Z43: 5000 | AA43: 5000 | AB43: 5000 | AC43: =+SUM(E43:AB43)*D43+SUM(E44:AB44)*D44+SUM(E45:AB45)*D45+SUM(E46:AB46)*D46 -> 3720000
B44: Oct | C44: Sábado | D44: 4 | E44: 5000 | F44: 5000 | G44: 5000 | H44: 5000 | I44: 5000 | J44: 5000 | K44: 5000 | L44: 5000 | M44: 5000 | N44: 5000 | O44: 5000 | P44: 5000 | Q44: 5000 | R44: 5000 | S44: 5000 | T44: 5000 | U44: 5000 | V44: 5000 | W44: 5000 | X44: 5000 | Y44: 5000 | Z44: 5000 | AA44: 5000 | AB44: 5000
B45: Oct | C45: Domingo | D45: 4 | E45: 5000 | F45: 5000 | G45: 5000 | H45: 5000 | I45: 5000 | J45: 5000 | K45: 5000 | L45: 5000 | M45: 5000 | N45: 5000 | O45: 5000 | P45: 5000 | Q45: 5000 | R45: 5000 | S45: 5000 | T45: 5000 | U45: 5000 | V45: 5000 | W45: 5000 | X45: 5000 | Y45: 5000 | Z45: 5000 | AA45: 5000 | AB45: 5000
B46: Oct | C46: Festivo | D46: 1 | E46: 5000 | F46: 5000 | G46: 5000 | H46: 5000 | I46: 5000 | J46: 5000 | K46: 5000 | L46: 5000 | M46: 5000 | N46: 5000 | O46: 5000 | P46: 5000 | Q46: 5000 | R46: 5000 | S46: 5000 | T46: 5000 | U46: 5000 | V46: 5000 | W46: 5000 | X46: 5000 | Y46: 5000 | Z46: 5000 | AA46: 5000 | AB46: 5000
B47: Nov | C47: Ordinario | D47: 19 | E47: 5000 | F47: 5000 | G47: 5000 | H47: 5000 | I47: 5000 | J47: 5000 | K47: 5000 | L47: 5000 | M47: 5000 | N47: 5000 | O47: 5000 | P47: 5000 | Q47: 5000 | R47: 5000 | S47: 5000 | T47: 5000 | U47: 5000 | V47: 5000 | W47: 5000 | X47: 5000 | Y47: 5000 | Z47: 5000 | AA47: 5000 | AB47: 5000 | AC47: =+SUM(E47:AB47)*D47+SUM(E48:AB48)*D48+SUM(E49:AB49)*D49+SUM(E50:AB50)*D50 -> 3600000
B48: Nov | C48: Sábado | D48: 5 | E48: 5000 | F48: 5000 | G48: 5000 | H48: 5000 | I48: 5000 | J48: 5000 | K48: 5000 | L48: 5000 | M48: 5000 | N48: 5000 | O48: 5000 | P48: 5000 | Q48: 5000 | R48: 5000 | S48: 5000 | T48: 5000 | U48: 5000 | V48: 5000 | W48: 5000 | X48: 5000 | Y48: 5000 | Z48: 5000 | AA48: 5000 | AB48: 5000
B49: Nov | C49: Domingo | D49: 4 | E49: 5000 | F49: 5000 | G49: 5000 | H49: 5000 | I49: 5000 | J49: 5000 | K49: 5000 | L49: 5000 | M49: 5000 | N49: 5000 | O49: 5000 | P49: 5000 | Q49: 5000 | R49: 5000 | S49: 5000 | T49: 5000 | U49: 5000 | V49: 5000 | W49: 5000 | X49: 5000 | Y49: 5000 | Z49: 5000 | AA49: 5000 | AB49: 5000
B50: Nov | C50: Festivo | D50: 2 | E50: 5000 | F50: 5000 | G50: 5000 | H50: 5000 | I50: 5000 | J50: 5000 | K50: 5000 | L50: 5000 | M50: 5000 | N50: 5000 | O50: 5000 | P50: 5000 | Q50: 5000 | R50: 5000 | S50: 5000 | T50: 5000 | U50: 5000 | V50: 5000 | W50: 5000 | X50: 5000 | Y50: 5000 | Z50: 5000 | AA50: 5000 | AB50: 5000
B51: Dic | C51: Ordinario | D51: 21 | E51: 5000 | F51: 5000 | G51: 5000 | H51: 5000 | I51: 5000 | J51: 5000 | K51: 5000 | L51: 5000 | M51: 5000 | N51: 5000 | O51: 5000 | P51: 5000 | Q51: 5000 | R51: 5000 | S51: 5000 | T51: 5000 | U51: 5000 | V51: 5000 | W51: 5000 | X51: 5000 | Y51: 5000 | Z51: 5000 | AA51: 5000 | AB51: 5000 | AC51: =+SUM(E51:AB51)*D51+SUM(E52:AB52)*D52+SUM(E53:AB53)*D53+SUM(E54:AB54)*D54 -> 3720000
B52: Dic | C52: Sábado | D52: 4 | E52: 5000 | F52: 5000 | G52: 5000 | H52: 5000 | I52: 5000 | J52: 5000 | K52: 5000 | L52: 5000 | M52: 5000 | N52: 5000 | O52: 5000 | P52: 5000 | Q52: 5000 | R52: 5000 | S52: 5000 | T52: 5000 | U52: 5000 | V52: 5000 | W52: 5000 | X52: 5000 | Y52: 5000 | Z52: 5000 | AA52: 5000 | AB52: 5000
B53: Dic | C53: Domingo | D53: 4 | E53: 5000 | F53: 5000 | G53: 5000 | H53: 5000 | I53: 5000 | J53: 5000 | K53: 5000 | L53: 5000 | M53: 5000 | N53: 5000 | O53: 5000 | P53: 5000 | Q53: 5000 | R53: 5000 | S53: 5000 | T53: 5000 | U53: 5000 | V53: 5000 | W53: 5000 | X53: 5000 | Y53: 5000 | Z53: 5000 | AA53: 5000 | AB53: 5000
B54: Dic | C54: Festivo | D54: 2 | E54: 5000 | F54: 5000 | G54: 5000 | H54: 5000 | I54: 5000 | J54: 5000 | K54: 5000 | L54: 5000 | M54: 5000 | N54: 5000 | O54: 5000 | P54: 5000 | Q54: 5000 | R54: 5000 | S54: 5000 | T54: 5000 | U54: 5000 | V54: 5000 | W54: 5000 | X54: 5000 | Y54: 5000 | Z54: 5000 | AA54: 5000 | AB54: 5000
Z55: TOTAL AÑO kWh | AC55: =SUM(AC7:AC54) -> 43800000

Sheet Cantidad Producto 6-2031
B2: CANTIDADES DE ENERGÍA SOLICITADAS (kWh)
B3: CENTRAL HIDROELECTRICA DE CALDAS S.A. E.S.P. -BENEFICIO E INTERÉS COLECTIVO
B4: 2031
B6: Mes | C6: Tipo Día | D6: Días | E6: H1 | F6: H2 | G6: H3 | H6: H4 | I6: H5 | J6: H6 | K6: H7 | L6: H8 | M6: H9 | N6: H10 | O6: H11 | P6: H12 | Q6: H13 | R6: H14 | S6: H15 | T6: H16 | U6: H17 | V6: H18 | W6: H19 | X6: H20 | Y6: H21 | Z6: H22 | AA6: H23 | AB6: H24 | AC6: TOTAL MES
B7: Ene | C7: Ordinario | D7: 21 | E7: 5000 | F7: 5000 | G7: 5000 | H7: 5000 | I7: 5000 | J7: 5000 | K7: 5000 | L7: 5000 | M7: 5000 | N7: 5000 | O7: 5000 | P7: 5000 | Q7: 5000 | R7: 5000 | S7: 5000 | T7: 5000 | U7: 5000 | V7: 5000 | W7: 5000 | X7: 5000 | Y7: 5000 | Z7: 5000 | AA7: 5000 | AB7: 5000 | AC7: =+SUM(E7:AB7)*D7+SUM(E8:AB8)*D8+SUM(E9:AB9)*D9+SUM(E10:AB10)*D10 -> 3720000 | AE7: =+AC7 -> 3720000
B8: Ene | C8: Sábado | D8: 4 | E8: 5000 | F8: 5000 | G8: 5000 | H8: 5000 | I8: 5000 | J8: 5000 | K8: 5000 | L8: 5000 | M8: 5000 | N8: 5000 | O8: 5000 | P8: 5000 | Q8: 5000 | R8: 5000 | S8: 5000 | T8: 5000 | U8: 5000 | V8: 5000 | W8: 5000 | X8: 5000 | Y8: 5000 | Z8: 5000 | AA8: 5000 | AB8: 5000 | AE8: =+AC11 -> 3360000
B9: Ene | C9: Domingo | D9: 4 | E9: 5000 | F9: 5000 | G9: 5000 | H9: 5000 | I9: 5000 | J9: 5000 | K9: 5000 | L9: 5000 | M9: 5000 | N9: 5000 | O9: 5000 | P9: 5000 | Q9: 5000 | R9: 5000 | S9: 5000 | T9: 5000 | U9: 5000 | V9: 5000 | W9: 5000 | X9: 5000 | Y9: 5000 | Z9: 5000 | AA9: 5000 | AB9: 5000 | AE9: =+AC15 -> 3720000
B10: Ene | C10: Festivo | D10: 2 | E10: 5000 | F10: 5000 | G10: 5000 | H10: 5000 | I10: 5000 | J10: 5000 | K10: 5000 | L10: 5000 | M10: 5000 | N10: 5000 | O10: 5000 | P10: 5000 | Q10: 5000 | R10: 5000 | S10: 5000 | T10: 5000 | U10: 5000 | V10: 5000 | W10: 5000 | X10: 5000 | Y10: 5000 | Z10: 5000 | AA10: 5000 | AB10: 5000 | AE10: =+AC19 -> 3600000
B11: Feb | C11: Ordinario | D11: 20 | E11: 5000 | F11: 5000 | G11: 5000 | H11: 5000 | I11: 5000 | J11: 5000 | K11: 5000 | L11: 5000 | M11: 5000 | N11: 5000 | O11: 5000 | P11: 5000 | Q11: 5000 | R11: 5000 | S11: 5000 | T11: 5000 | U11: 5000 | V11: 5000 | W11: 5000 | X11: 5000 | Y11: 5000 | Z11: 5000 | AA11: 5000 | AB11: 5000 | AC11: =+SUM(E11:AB11)*D11+SUM(E12:AB12)*D12+SUM(E13:AB13)*D13+SUM(E14:AB14)*D14 -> 3360000 | AE11: =+AC23 -> 3720000
B12: Feb | C12: Sábado | D12: 4 | E12: 5000 | F12: 5000 | G12: 5000 | H12: 5000 | I12: 5000 | J12: 5000 | K12: 5000 | L12: 5000 | M12: 5000 | N12: 5000 | O12: 5000 | P12: 5000 | Q12: 5000 | R12: 5000 | S12: 5000 | T12: 5000 | U12: 5000 | V12: 5000 | W12: 5000 | X12: 5000 | Y12: 5000 | Z12: 5000 | AA12: 5000 | AB12: 5000 | AE12: =+AC27 -> 3600000
B13: Feb | C13: Domingo | D13: 4 | E13: 5000 | F13: 5000 | G13: 5000 | H13: 5000 | I13: 5000 | J13: 5000 | K13: 5000 | L13: 5000 | M13: 5000 | N13: 5000 | O13: 5000 | P13: 5000 | Q13: 5000 | R13: 5000 | S13: 5000 | T13: 5000 | U13: 5000 | V13: 5000 | W13: 5000 | X13: 5000 | Y13: 5000 | Z13: 5000 | AA13: 5000 | AB13: 5000 | AE13: =+AC31 -> 3720000
B14: Feb | C14: Festivo | D14: 0 | AE14: =+AC35 -> 3720000
B15: Mar | C15: Ordinario | D15: 20 | E15: 5000 | F15: 5000 | G15: 5000 | H15: 5000 | I15: 5000 | J15: 5000 | K15: 5000 | L15: 5000 | M15: 5000 | N15: 5000 | O15: 5000 | P15: 5000 | Q15: 5000 | R15: 5000 | S15: 5000 | T15: 5000 | U15: 5000 | V15: 5000 | W15: 5000 | X15: 5000 | Y15: 5000 | Z15: 5000 | AA15: 5000 | AB15: 5000 | AC15: =+SUM(E15:AB15)*D15+SUM(E16:AB16)*D16+SUM(E17:AB17)*D17+SUM(E18:AB18)*D18 -> 3720000 | AE15: =+AC39 -> 3600000
B16: Mar | C16: Sábado | D16: 5 | E16: 5000 | F16: 5000 | G16: 5000 | H16: 5000 | I16: 5000 | J16: 5000 | K16: 5000 | L16: 5000 | M16: 5000 | N16: 5000 | O16: 5000 | P16: 5000 | Q16: 5000 | R16: 5000 | S16: 5000 | T16: 5000 | U16: 5000 | V16: 5000 | W16: 5000 | X16: 5000 | Y16: 5000 | Z16: 5000 | AA16: 5000 | AB16: 5000 | AE16: =+AC43 -> 3720000
B17: Mar | C17: Domingo | D17: 5 | E17: 5000 | F17: 5000 | G17: 5000 | H17: 5000 | I17: 5000 | J17: 5000 | K17: 5000 | L17: 5000 | M17: 5000 | N17: 5000 | O17: 5000 | P17: 5000 | Q17: 5000 | R17: 5000 | S17: 5000 | T17: 5000 | U17: 5000 | V17: 5000 | W17: 5000 | X17: 5000 | Y17: 5000 | Z17: 5000 | AA17: 5000 | AB17: 5000 | AE17: =+AC47 -> 3600000
B18: Mar | C18: Festivo | D18: 1 | E18: 5000 | F18: 5000 | G18: 5000 | H18: 5000 | I18: 5000 | J18: 5000 | K18: 5000 | L18: 5000 | M18: 5000 | N18: 5000 | O18: 5000 | P18: 5000 | Q18: 5000 | R18: 5000 | S18: 5000 | T18: 5000 | U18: 5000 | V18: 5000 | W18: 5000 | X18: 5000 | Y18: 5000 | Z18: 5000 | AA18: 5000 | AB18: 5000 | AE18: =+AC51 -> 3720000
B19: Abr | C19: Ordinario | D19: 20 | E19: 5000 | F19: 5000 | G19: 5000 | H19: 5000 | I19: 5000 | J19: 5000 | K19: 5000 | L19: 5000 | M19: 5000 | N19: 5000 | O19: 5000 | P19: 5000 | Q19: 5000 | R19: 5000 | S19: 5000 | T19: 5000 | U19: 5000 | V19: 5000 | W19: 5000 | X19: 5000 | Y19: 5000 | Z19: 5000 | AA19: 5000 | AB19: 5000 | AC19: =+SUM(E19:AB19)*D19+SUM(E20:AB20)*D20+SUM(E21:AB21)*D21+SUM(E22:AB22)*D22 -> 3600000 | AE19: =SUM(AE7:AE18) -> 43800000
B20: Abr | C20: Sábado | D20: 4 | E20: 5000 | F20: 5000 | G20: 5000 | H20: 5000 | I20: 5000 | J20: 5000 | K20: 5000 | L20: 5000 | M20: 5000 | N20: 5000 | O20: 5000 | P20: 5000 | Q20: 5000 | R20: 5000 | S20: 5000 | T20: 5000 | U20: 5000 | V20: 5000 | W20: 5000 | X20: 5000 | Y20: 5000 | Z20: 5000 | AA20: 5000 | AB20: 5000
B21: Abr | C21: Domingo | D21: 4 | E21: 5000 | F21: 5000 | G21: 5000 | H21: 5000 | I21: 5000 | J21: 5000 | K21: 5000 | L21: 5000 | M21: 5000 | N21: 5000 | O21: 5000 | P21: 5000 | Q21: 5000 | R21: 5000 | S21: 5000 | T21: 5000 | U21: 5000 | V21: 5000 | W21: 5000 | X21: 5000 | Y21: 5000 | Z21: 5000 | AA21: 5000 | AB21: 5000
B22: Abr | C22: Festivo | D22: 2 | E22: 5000 | F22: 5000 | G22: 5000 | H22: 5000 | I22: 5000 | J22: 5000 | K22: 5000 | L22: 5000 | M22: 5000 | N22: 5000 | O22: 5000 | P22: 5000 | Q22: 5000 | R22: 5000 | S22: 5000 | T22: 5000 | U22: 5000 | V22: 5000 | W22: 5000 | X22: 5000 | Y22: 5000 | Z22: 5000 | AA22: 5000 | AB22: 5000
B23: May | C23: Ordinario | D23: 20 | E23: 5000 | F23: 5000 | G23: 5000 | H23: 5000 | I23: 5000 | J23: 5000 | K23: 5000 | L23: 5000 | M23: 5000 | N23: 5000 | O23: 5000 | P23: 5000 | Q23: 5000 | R23: 5000 | S23: 5000 | T23: 5000 | U23: 5000 | V23: 5000 | W23: 5000 | X23: 5000 | Y23: 5000 | Z23: 5000 | AA23: 5000 | AB23: 5000 | AC23: =+SUM(E23:AB23)*D23+SUM(E24:AB24)*D24+SUM(E25:AB25)*D25+SUM(E26:AB26)*D26 -> 3720000
B24: May | C24: Sábado | D24: 5 | E24: 5000 | F24: 5000 | G24: 5000 | H24: 5000 | I24: 5000 | J24: 5000 | K24: 5000 | L24: 5000 | M24: 5000 | N24: 5000 | O24: 5000 | P24: 5000 | Q24: 5000 | R24: 5000 | S24: 5000 | T24: 5000 | U24: 5000 | V24: 5000 | W24: 5000 | X24: 5000 | Y24: 5000 | Z24: 5000 | AA24: 5000 | AB24: 5000
B25: May | C25: Domingo | D25: 4 | E25: 5000 | F25: 5000 | G25: 5000 | H25: 5000 | I25: 5000 | J25: 5000 | K25: 5000 | L25: 5000 | M25: 5000 | N25: 5000 | O25: 5000 | P25: 5000 | Q25: 5000 | R25: 5000 | S25: 5000 | T25: 5000 | U25: 5000 | V25: 5000 | W25: 5000 | X25: 5000 | Y25: 5000 | Z25: 5000 | AA25: 5000 | AB25: 5000
B26: May | C26: Festivo | D26: 2 | E26: 5000 | F26: 5000 | G26: 5000 | H26: 5000 | I26: 5000 | J26: 5000 | K26: 5000 | L26: 5000 | M26: 5000 | N26: 5000 | O26: 5000 | P26: 5000 | Q26: 5000 | R26: 5000 | S26: 5000 | T26: 5000 | U26: 5000 | V26: 5000 | W26: 5000 | X26: 5000 | Y26: 5000 | Z26: 5000 | AA26: 5000 | AB26: 5000
B27: Jun | C27: Ordinario | D27: 18 | E27: 5000 | F27: 5000 | G27: 5000 | H27: 5000 | I27: 5000 | J27: 5000 | K27: 5000 | L27: 5000 | M27: 5000 | N27: 5000 | O27: 5000 | P27: 5000 | Q27: 5000 | R27: 5000 | S27: 5000 | T27: 5000 | U27: 5000 | V27: 5000 | W27: 5000 | X27: 5000 | Y27: 5000 | Z27: 5000 | AA27: 5000 | AB27: 5000 | AC27: =+SUM(E27:AB27)*D27+SUM(E28:AB28)*D28+SUM(E29:AB29)*D29+SUM(E30:AB30)*D30 -> 3600000
B28: Jun | C28: Sábado | D28: 4 | E28: 5000 | F28: 5000 | G28: 5000 | H28: 5000 | I28: 5000 | J28: 5000 | K28: 5000 | L28: 5000 | M28: 5000 | N28: 5000 | O28: 5000 | P28: 5000 | Q28: 5000 | R28: 5000 | S28: 5000 | T28: 5000 | U28: 5000 | V28: 5000 | W28: 5000 | X28: 5000 | Y28: 5000 | Z28: 5000 | AA28: 5000 | AB28: 5000
B29: Jun | C29: Domingo | D29: 5 | E29: 5000 | F29: 5000 | G29: 5000 | H29: 5000 | I29: 5000 | J29: 5000 | K29: 5000 | L29: 5000 | M29: 5000 | N29: 5000 | O29: 5000 | P29: 5000 | Q29: 5000 | R29: 5000 | S29: 5000 | T29: 5000 | U29: 5000 | V29: 5000 | W29: 5000 | X29: 5000 | Y29: 5000 | Z29: 5000 | AA29: 5000 | AB29: 5000
B30: Jun | C30: Festivo | D30: 3 | E30: 5000 | F30: 5000 | G30: 5000 | H30: 5000 | I30: 5000 | J30: 5000 | K30: 5000 | L30: 5000 | M30: 5000 | N30: 5000 | O30: 5000 | P30: 5000 | Q30: 5000 | R30: 5000 | S30: 5000 | T30: 5000 | U30: 5000 | V30: 5000 | W30: 5000 | X30: 5000 | Y30: 5000 | Z30: 5000 | AA30: 5000 | AB30: 5000
B31: Jul | C31: Ordinario | D31: 23 | E31: 5000 | F31: 5000 | G31: 5000 | H31: 5000 | I31: 5000 | J31: 5000 | K31: 5000 | L31: 5000 | M31: 5000 | N31: 5000 | O31: 5000 | P31: 5000 | Q31: 5000 | R31: 5000 | S31: 5000 | T31: 5000 | U31: 5000 | V31: 5000 | W31: 5000 | X31: 5000 | Y31: 5000 | Z31: 5000 | AA31: 5000 | AB31: 5000 | AC31: =+SUM(E31:AB31)*D31+SUM(E32:AB32)*D32+SUM(E33:AB33)*D33+SUM(E34:AB34)*D34 -> 3720000
B32: Jul | C32: Sábado | D32: 4 | E32: 5000 | F32: 5000 | G32: 5000 | H32: 5000 | I32: 5000 | J32: 5000 | K32: 5000 | L32: 5000 | M32: 5000 | N32: 5000 | O32: 5000 | P32: 5000 | Q32: 5000 | R32: 5000 | S32: 5000 | T32: 5000 | U32: 5000 | V32: 5000 | W32: 5000 | X32: 5000 | Y32: 5000 | Z32: 5000 | AA32: 5000 | AB32: 5000
B33: Jul | C33: Domingo | D33: 3 | E33: 5000 | F33: 5000 | G33: 5000 | H33: 5000 | I33: 5000 | J33: 5000 | K33: 5000 | L33: 5000 | M33: 5000 | N33: 5000 | O33: 5000 | P33: 5000 | Q33: 5000 | R33: 5000 | S33: 5000 | T33: 5000 | U33: 5000 | V33: 5000 | W33: 5000 | X33: 5000 | Y33: 5000 | Z33: 5000 | AA33: 5000 | AB33: 5000
B34: Jul | C34: Festivo | D34: 1 | E34: 5000 | F34: 5000 | G34: 5000 | H34: 5000 | I34: 5000 | J34: 5000 | K34: 5000 | L34: 5000 | M34: 5000 | N34: 5000 | O34: 5000 | P34: 5000 | Q34: 5000 | R34: 5000 | S34: 5000 | T34: 5000 | U34: 5000 | V34: 5000 | W34: 5000 | X34: 5000 | Y34: 5000 | Z34: 5000 | AA34: 5000 | AB34: 5000
B35: Ago | C35: Ordinario | D35: 19 | E35: 5000 | F35: 5000 | G35: 5000 | H35: 5000 | I35: 5000 | J35: 5000 | K35: 5000 | L35: 5000 | M35: 5000 | N35: 5000 | O35: 5000 | P35: 5000 | Q35: 5000 | R35: 5000 | S35: 5000 | T35: 5000 | U35: 5000 | V35: 5000 | W35: 5000 | X35: 5000 | Y35: 5000 | Z35: 5000 | AA35: 5000 | AB35: 5000 | AC35: =+SUM(E35:AB35)*D35+SUM(E36:AB36)*D36+SUM(E37:AB37)*D37+SUM(E38:AB38)*D38 -> 3720000
B36: Ago | C36: Sábado | D36: 5 | E36: 5000 | F36: 5000 | G36: 5000 | H36: 5000 | I36: 5000 | J36: 5000 | K36: 5000 | L36: 5000 | M36: 5000 | N36: 5000 | O36: 5000 | P36: 5000 | Q36: 5000 | R36: 5000 | S36: 5000 | T36: 5000 | U36: 5000 | V36: 5000 | W36: 5000 | X36: 5000 | Y36: 5000 | Z36: 5000 | AA36: 5000 | AB36: 5000
B37: Ago | C37: Domingo | D37: 5 | E37: 5000 | F37: 5000 | G37: 5000 | H37: 5000 | I37: 5000 | J37: 5000 | K37: 5000 | L37: 5000 | M37: 5000 | N37: 5000 | O37: 5000 | P37: 5000 | Q37: 5000 | R37: 5000 | S37: 5000 | T37: 5000 | U37: 5000 | V37: 5000 | W37: 5000 | X37: 5000 | Y37: 5000 | Z37: 5000 | AA37: 5000 | AB37: 5000
B38: Ago | C38: Festivo | D38: 2 | E38: 5000 | F38: 5000 | G38: 5000 | H38: 5000 | I38: 5000 | J38: 5000 | K38: 5000 | L38: 5000 | M38: 5000 | N38: 5000 | O38: 5000 | P38: 5000 | Q38: 5000 | R38: 5000 | S38: 5000 | T38: 5000 | U38: 5000 | V38: 5000 | W38: 5000 | X38: 5000 | Y38: 5000 | Z38: 5000 | AA38: 5000 | AB38: 5000
B39: Sep | C39: Ordinario | D39: 22 | E39: 5000 | F39: 5000 | G39: 5000 | H39: 5000 | I39: 5000 | J39: 5000 | K39: 5000 | L39: 5000 | M39: 5000 | N39: 5000 | O39: 5000 | P39: 5000 | Q39: 5000 | R39: 5000 | S39: 5000 | T39: 5000 | U39: 5000 | V39: 5000 | W39: 5000 | X39: 5000 | Y39: 5000 | Z39: 5000 | AA39: 5000 | AB39: 5000 | AC39: =+SUM(E39:AB39)*D39+SUM(E40:AB40)*D40+SUM(E41:AB41)*D41+SUM(E42:AB42)*D42 -> 3600000
B40: Sep | C40: Sábado | D40: 4 | E40: 5000 | F40: 5000 | G40: 5000 | H40: 5000 | I40: 5000 | J40: 5000 | K40: 5000 | L40: 5000 | M40: 5000 | N40: 5000 | O40: 5000 | P40: 5000 | Q40: 5000 | R40: 5000 | S40: 5000 | T40: 5000 | U40: 5000 | V40: 5000 | W40: 5000 | X40: 5000 | Y40: 5000 | Z40: 5000 | AA40: 5000 | AB40: 5000
B41: Sep | C41: Domingo | D41: 4 | E41: 5000 | F41: 5000 | G41: 5000 | H41: 5000 | I41: 5000 | J41: 5000 | K41: 5000 | L41: 5000 | M41: 5000 | N41: 5000 | O41: 5000 | P41: 5000 | Q41: 5000 | R41: 5000 | S41: 5000 | T41: 5000 | U41: 5000 | V41: 5000 | W41: 5000 | X41: 5000 | Y41: 5000 | Z41: 5000 | AA41: 5000 | AB41: 5000
B42: Sep | C42: Festivo | D42: 0
B43: Oct | C43: Ordinario | D43: 22 | E43: 5000 | F43: 5000 | G43: 5000 | H43: 5000 | I43: 5000 | J43: 5000 | K43: 5000 | L43: 5000 | M43: 5000 | N43: 5000 | O43: 5000 | P43: 5000 | Q43: 5000 | R43: 5000 | S43: 5000 | T43: 5000 | U43: 5000 | V43: 5000 | W43: 5000 | X43: 5000 | Y43: 5000 | Z43: 5000 | AA43: 5000 | AB43: 5000 | AC43: =+SUM(E43:AB43)*D43+SUM(E44:AB44)*D44+SUM(E45:AB45)*D45+SUM(E46:AB46)*D46 -> 3720000
B44: Oct | C44: Sábado | D44: 4 | E44: 5000 | F44: 5000 | G44: 5000 | H44: 5000 | I44: 5000 | J44: 5000 | K44: 5000 | L44: 5000 | M44: 5000 | N44: 5000 | O44: 5000 | P44: 5000 | Q44: 5000 | R44: 5000 | S44: 5000 | T44: 5000 | U44: 5000 | V44: 5000 | W44: 5000 | X44: 5000 | Y44: 5000 | Z44: 5000 | AA44: 5000 | AB44: 5000
B45: Oct | C45: Domingo | D45: 4 | E45: 5000 | F45: 5000 | G45: 5000 | H45: 5000 | I45: 5000 | J45: 5000 | K45: 5000 | L45: 5000 | M45: 5000 | N45: 5000 | O45: 5000 | P45: 5000 | Q45: 5000 | R45: 5000 | S45: 5000 | T45: 5000 | U45: 5000 | V45: 5000 | W45: 5000 | X45: 5000 | Y45: 5000 | Z45: 5000 | AA45: 5000 | AB45: 5000
B46: Oct | C46: Festivo | D46: 1 | E46: 5000 | F46: 5000 | G46: 5000 | H46: 5000 | I46: 5000 | J46: 5000 | K46: 5000 | L46: 5000 | M46: 5000 | N46: 5000 | O46: 5000 | P46: 5000 | Q46: 5000 | R46: 5000 | S46: 5000 | T46: 5000 | U46: 5000 | V46: 5000 | W46: 5000 | X46: 5000 | Y46: 5000 | Z46: 5000 | AA46: 5000 | AB46: 5000
B47: Nov | C47: Ordinario | D47: 18 | E47: 5000 | F47: 5000 | G47: 5000 | H47: 5000 | I47: 5000 | J47: 5000 | K47: 5000 | L47: 5000 | M47: 5000 | N47: 5000 | O47: 5000 | P47: 5000 | Q47: 5000 | R47: 5000 | S47: 5000 | T47: 5000 | U47: 5000 | V47: 5000 | W47: 5000 | X47: 5000 | Y47: 5000 | Z47: 5000 | AA47: 5000 | AB47: 5000 | AC47: =+SUM(E47:AB47)*D47+SUM(E48:AB48)*D48+SUM(E49:AB49)*D49+SUM(E50:AB50)*D50 -> 3600000
B48: Nov | C48: Sábado | D48: 5 | E48: 5000 | F48: 5000 | G48: 5000 | H48: 5000 | I48: 5000 | J48: 5000 | K48: 5000 | L48: 5000 | M48: 5000 | N48: 5000 | O48: 5000 | P48: 5000 | Q48: 5000 | R48: 5000 | S48: 5000 | T48: 5000 | U48: 5000 | V48: 5000 | W48: 5000 | X48: 5000 | Y48: 5000 | Z48: 5000 | AA48: 5000 | AB48: 5000
B49: Nov | C49: Domingo | D49: 5 | E49: 5000 | F49: 5000 | G49: 5000 | H49: 5000 | I49: 5000 | J49: 5000 | K49: 5000 | L49: 5000 | M49: 5000 | N49: 5000 | O49: 5000 | P49: 5000 | Q49: 5000 | R49: 5000 | S49: 5000 | T49: 5000 | U49: 5000 | V49: 5000 | W49: 5000 | X49: 5000 | Y49: 5000 | Z49: 5000 | AA49: 5000 | AB49: 5000
B50: Nov | C50: Festivo | D50: 2 | E50: 5000 | F50: 5000 | G50: 5000 | H50: 5000 | I50: 5000 | J50: 5000 | K50: 5000 | L50: 5000 | M50: 5000 | N50: 5000 | O50: 5000 | P50: 5000 | Q50: 5000 | R50: 5000 | S50: 5000 | T50: 5000 | U50: 5000 | V50: 5000 | W50: 5000 | X50: 5000 | Y50: 5000 | Z50: 5000 | AA50: 5000 | AB50: 5000
B51: Dic | C51: Ordinario | D51: 21 | E51: 5000 | F51: 5000 | G51: 5000 | H51: 5000 | I51: 5000 | J51: 5000 | K51: 5000 | L51: 5000 | M51: 5000 | N51: 5000 | O51: 5000 | P51: 5000 | Q51: 5000 | R51: 5000 | S51: 5000 | T51: 5000 | U51: 5000 | V51: 5000 | W51: 5000 | X51: 5000 | Y51: 5000 | Z51: 5000 | AA51: 5000 | AB51: 5000 | AC51: =+SUM(E51:AB51)*D51+SUM(E52:AB52)*D52+SUM(E53:AB53)*D53+SUM(E54:AB54)*D54 -> 3720000
B52: Dic | C52: Sábado | D52: 4 | E52: 5000 | F52: 5000 | G52: 5000 | H52: 5000 | I52: 5000 | J52: 5000 | K52: 5000 | L52: 5000 | M52: 5000 | N52: 5000 | O52: 5000 | P52: 5000 | Q52: 5000 | R52: 5000 | S52: 5000 | T52: 5000 | U52: 5000 | V52: 5000 | W52: 5000 | X52: 5000 | Y52: 5000 | Z52: 5000 | AA52: 5000 | AB52: 5000
B53: Dic | C53: Domingo | D53: 4 | E53: 5000 | F53: 5000 | G53: 5000 | H53: 5000 | I53: 5000 | J53: 5000 | K53: 5000 | L53: 5000 | M53: 5000 | N53: 5000 | O53: 5000 | P53: 5000 | Q53: 5000 | R53: 5000 | S53: 5000 | T53: 5000 | U53: 5000 | V53: 5000 | W53: 5000 | X53: 5000 | Y53: 5000 | Z53: 5000 | AA53: 5000 | AB53: 5000
B54: Dic | C54: Festivo | D54: 2 | E54: 5000 | F54: 5000 | G54: 5000 | H54: 5000 | I54: 5000 | J54: 5000 | K54: 5000 | L54: 5000 | M54: 5000 | N54: 5000 | O54: 5000 | P54: 5000 | Q54: 5000 | R54: 5000 | S54: 5000 | T54: 5000 | U54: 5000 | V54: 5000 | W54: 5000 | X54: 5000 | Y54: 5000 | Z54: 5000 | AA54: 5000 | AB54: 5000
Z55: TOTAL AÑO kWh | AC55: =SUM(AC7:AC54) -> 43800000
