Workbook

Sheet Cant. Requeridas Producto 1
B2: EMSEROCCIDENTE SA ESP
B3: ANEXO 3A - CANTIDADES DE ENERGÍA SOLICITADA EN kWh
B4: PRODUCTO 1 - PAGUE LO DEMANDADO CON TOPO
B5: Periodo: 1 de febrero 2026 al 31 diciembre de 2027
B6: CONVOCATORIA PÚBLICA N° CP-ESOC2025-001
B10: TOPE MAXIMO
B11: Mes | C11: H1 | D11: H2 | E11: H3 | F11: H4 | G11: H5 | H11: H6 | I11: H7 | J11: H8 | K11: H9 | L11: H10 | M11: H11 | N11: H12 | O11: H13 | P11: H14 | Q11: H15 | R11: H16 | S11: H17 | T11: H18 | U11: H19 | V11: H20 | W11: H21 | X11: H22 | Y11: H23 | Z11: H24 | AA11: TOTAL DÍA | AB11: DÍAS | AC11: TOTAL MES
B12: 46054 | C12: 628.89333 | D12: 556.16 | E12: 549.62 | F12: 535.67 | G12: 529.48667 | H12: 530.72 | I12: 547.70667 | J12: 602.52667 | K12: 654.28 | L12: 687.83667 | M12: 705.47 | N12: 735.98667 | O12: 751.29 | P12: 757.02333 | Q12: 754.65 | R12: 744.20667 | S12: 744.25667 | T12: 758.62667 | U12: 833.75667 | V12: 858.89667 | W12: 834.07667 | X12: 773.40333 | Y12: 694.23667 | Z12: 635.95333 | AA12: =SUM(C12:Z12) -> 16404.733 | AB12: 12 | AC12: =AA12*AB12 -> 196856.8
B13: 46082 | C13: 628.89333 | D13: 556.16 | E13: 549.62 | F13: 535.67 | G13: 529.48667 | H13: 530.72 | I13: 547.70667 | J13: 602.52667 | K13: 654.28 | L13: 687.83667 | M13: 705.47 | N13: 735.98667 | O13: 751.29 | P13: 757.02333 | Q13: 754.65 | R13: 744.20667 | S13: 744.25667 | T13: 758.62667 | U13: 833.75667 | V13: 858.89667 | W13: 834.07667 | X13: 773.40333 | Y13: 694.23667 | Z13: 635.95333 | AA13: =SUM(C13:Z13) -> 16404.733 | AB13: 31 | AC13: =AA13*AB13 -> 508546.73
B14: 46113 | C14: 628.89333 | D14: 556.16 | E14: 549.62 | F14: 535.67 | G14: 529.48667 | H14: 530.72 | I14: 547.70667 | J14: 602.52667 | K14: 654.28 | L14: 687.83667 | M14: 705.47 | N14: 735.98667 | O14: 751.29 | P14: 757.02333 | Q14: 754.65 | R14: 744.20667 | S14: 744.25667 | T14: 758.62667 | U14: 833.75667 | V14: 858.89667 | W14: 834.07667 | X14: 773.40333 | Y14: 694.23667 | Z14: 635.95333 | AA14: =SUM(C14:Z14) -> 16404.733 | AB14: 30 | AC14: =AA14*AB14 -> 492142
B15: 46143 | C15: 628.89333 | D15: 556.16 | E15: 549.62 | F15: 535.67 | G15: 529.48667 | H15: 530.72 | I15: 547.70667 | J15: 602.52667 | K15: 654.28 | L15: 687.83667 | M15: 705.47 | N15: 735.98667 | O15: 751.29 | P15: 757.02333 | Q15: 754.65 | R15: 744.20667 | S15: 744.25667 | T15: 758.62667 | U15: 833.75667 | V15: 858.89667 | W15: 834.07667 | X15: 773.40333 | Y15: 694.23667 | Z15: 635.95333 | AA15: =SUM(C15:Z15) -> 16404.733 | AB15: 31 | AC15: =AA15*AB15 -> 508546.73
B16: 46174 | C16: 628.89333 | D16: 556.16 | E16: 549.62 | F16: 535.67 | G16: 529.48667 | H16: 530.72 | I16: 547.70667 | J16: 602.52667 | K16: 654.28 | L16: 687.83667 | M16: 705.47 | N16: 735.98667 | O16: 751.29 | P16: 757.02333 | Q16: 754.65 | R16: 744.20667 | S16: 744.25667 | T16: 758.62667 | U16: 833.75667 | V16: 858.89667 | W16: 834.07667 | X16: 773.40333 | Y16: 694.23667 | Z16: 635.95333 | AA16: =SUM(C16:Z16) -> 16404.733 | AB16: 30 | AC16: =AA16*AB16 -> 492142
B17: 46204 | C17: 628.89333 | D17: 556.16 | E17: 549.62 | F17: 535.67 | G17: 529.48667 | H17: 530.72 | I17: 547.70667 | J17: 602.52667 | K17: 654.28 | L17: 687.83667 | M17: 705.47 | N17: 735.98667 | O17: 751.29 | P17: 757.02333 | Q17: 754.65 | R17: 744.20667 | S17: 744.25667 | T17: 758.62667 | U17: 833.75667 | V17: 858.89667 | W17: 834.07667 | X17: 773.40333 | Y17: 694.23667 | Z17: 635.95333 | AA17: =SUM(C17:Z17) -> 16404.733 | AB17: 31 | AC17: =AA17*AB17 -> 508546.73
B18: 46235 | C18: 628.89333 | D18: 556.16 | E18: 549.62 | F18: 535.67 | G18: 529.48667 | H18: 530.72 | I18: 547.70667 | J18: 602.52667 | K18: 654.28 | L18: 687.83667 | M18: 705.47 | N18: 735.98667 | O18: 751.29 | P18: 757.02333 | Q18: 754.65 | R18: 744.20667 | S18: 744.25667 | T18: 758.62667 | U18: 833.75667 | V18: 858.89667 | W18: 834.07667 | X18: 773.40333 | Y18: 694.23667 | Z18: 635.95333 | AA18: =SUM(C18:Z18) -> 16404.733 | AB18: 31 | AC18: =AA18*AB18 -> 508546.73
B19: 46266 | C19: 628.89333 | D19: 556.16 | E19: 549.62 | F19: 535.67 | G19: 529.48667 | H19: 530.72 | I19: 547.70667 | J19: 602.52667 | K19: 654.28 | L19: 687.83667 | M19: 705.47 | N19: 735.98667 | O19: 751.29 | P19: 757.02333 | Q19: 754.65 | R19: 744.20667 | S19: 744.25667 | T19: 758.62667 | U19: 833.75667 | V19: 858.89667 | W19: 834.07667 | X19: 773.40333 | Y19: 694.23667 | Z19: 635.95333 | AA19: =SUM(C19:Z19) -> 16404.733 | AB19: 30 | AC19: =AA19*AB19 -> 492142
B20: 46296 | C20: 628.89333 | D20: 556.16 | E20: 549.62 | F20: 535.67 | G20: 529.48667 | H20: 530.72 | I20: 547.70667 | J20: 602.52667 | K20: 654.28 | L20: 687.83667 | M20: 705.47 | N20: 735.98667 | O20: 751.29 | P20: 757.02333 | Q20: 754.65 | R20: 744.20667 | S20: 744.25667 | T20: 758.62667 | U20: 833.75667 | V20: 858.89667 | W20: 834.07667 | X20: 773.40333 | Y20: 694.23667 | Z20: 635.95333 | AA20: =SUM(C20:Z20) -> 16404.733 | AB20: 31 | AC20: =AA20*AB20 -> 508546.73
B21: 46327 | C21: 628.89333 | D21: 556.16 | E21: 549.62 | F21: 535.67 | G21: 529.48667 | H21: 530.72 | I21: 547.70667 | J21: 602.52667 | K21: 654.28 | L21: 687.83667 | M21: 705.47 | N21: 735.98667 | O21: 751.29 | P21: 757.02333 | Q21: 754.65 | R21: 744.20667 | S21: 744.25667 | T21: 758.62667 | U21: 833.75667 | V21: 858.89667 | W21: 834.07667 | X21: 773.40333 | Y21: 694.23667 | Z21: 635.95333 | AA21: =SUM(C21:Z21) -> 16404.733 | AB21: 30 | AC21: =AA21*AB21 -> 492142
B22: 46357 | C22: 628.89333 | D22: 556.16 | E22: 549.62 | F22: 535.67 | G22: 529.48667 | H22: 530.72 | I22: 547.70667 | J22: 602.52667 | K22: 654.28 | L22: 687.83667 | M22: 705.47 | N22: 735.98667 | O22: 751.29 | P22: 757.02333 | Q22: 754.65 | R22: 744.20667 | S22: 744.25667 | T22: 758.62667 | U22: 833.75667 | V22: 858.89667 | W22: 834.07667 | X22: 773.40333 | Y22: 694.23667 | Z22: 635.95333 | AA22: =SUM(C22:Z22) -> 16404.733 | AB22: 31 | AC22: =AA22*AB22 -> 508546.73
B23: 46388 | C23: 628.89333 | D23: 556.16 | E23: 549.62 | F23: 535.67 | G23: 529.48667 | H23: 530.72 | I23: 547.70667 | J23: 602.52667 | K23: 654.28 | L23: 687.83667 | M23: 705.47 | N23: 735.98667 | O23: 751.29 | P23: 757.02333 | Q23: 754.65 | R23: 744.20667 | S23: 744.25667 | T23: 758.62667 | U23: 833.75667 | V23: 858.89667 | W23: 834.07667 | X23: 773.40333 | Y23: 694.23667 | Z23: 635.95333 | AA23: =SUM(C23:Z23) -> 16404.733 | AB23: 31 | AC23: =AA23*AB23 -> 508546.73
B24: 46419 | C24: 628.89333 | D24: 556.16 | E24: 549.62 | F24: 535.67 | G24: 529.48667 | H24: 530.72 | I24: 547.70667 | J24: 602.52667 | K24: 654.28 | L24: 687.83667 | M24: 705.47 | N24: 735.98667 | O24: 751.29 | P24: 757.02333 | Q24: 754.65 | R24: 744.20667 | S24: 744.25667 | T24: 758.62667 | U24: 833.75667 | V24: 858.89667 | W24: 834.07667 | X24: 773.40333 | Y24: 694.23667 | Z24: 635.95333 | AA24: =SUM(C24:Z24) -> 16404.733 | AB24: 11 | AC24: =AA24*AB24 -> 180452.07
AA25: Total producto | AC25: =SUM(AC12:AC24) -> 5905704

Sheet Oferta Producto 1
B3: EMSEROCCIDENTE SA ESP
B4: CONVOCATORIA PÚBLICA N° CP-ESOC2025-001
B5: ANEXO 3. FORMATO DE OFERTA - PRODUCTO 1
B6: NOMBRE DEL OFERENTE
B7: Precios y cantidades de la energía ofertada
B8: En Pesos de Noviembre de 2025
B10: OFERTA PRODUCTO 1
B11: Mes | C11: E. Solicitada [kWh-mes] | D11: % E. Ofertado | E11: E. Ofertada [kWh] | F11: $/kWh
B12: 46054 | C12: ='Cant. Requeridas Producto 1'!AC12 -> 196856.8 | E12: =+$D$12*C12 -> 0
B13: 46082 | C13: ='Cant. Requeridas Producto 1'!AC13 -> 508546.73 | E13: =+$D$12*C13 -> 0
B14: 46113 | C14: ='Cant. Requeridas Producto 1'!AC14 -> 492142 | E14: =+$D$12*C14 -> 0
B15: 46143 | C15: ='Cant. Requeridas Producto 1'!AC15 -> 508546.73 | E15: =+$D$12*C15 -> 0
B16: 46174 | C16: ='Cant. Requeridas Producto 1'!AC16 -> 492142 | E16: =+$D$12*C16 -> 0
B17: 46204 | C17: ='Cant. Requeridas Producto 1'!AC17 -> 508546.73 | E17: =+$D$12*C17 -> 0
B18: 46235 | C18: ='Cant. Requeridas Producto 1'!AC18 -> 508546.73 | E18: =+$D$12*C18 -> 0
B19: 46266 | C19: ='Cant. Requeridas Producto 1'!AC19 -> 492142 | E19: =+$D$12*C19 -> 0
B20: 46296 | C20: ='Cant. Requeridas Producto 1'!AC20 -> 508546.73 | E20: =+$D$12*C20 -> 0
B21: 46327 | C21: ='Cant. Requeridas Producto 1'!AC21 -> 492142 | E21: =+$D$12*C21 -> 0
B22: 46357 | C22: ='Cant. Requeridas Producto 1'!AC22 -> 508546.73 | E22: =+$D$12*C22 -> 0
B23: 46388 | C23: ='Cant. Requeridas Producto 1'!AC23 -> 508546.73 | E23: =+D23*C23 -> 0
B24: 46419 | C24: ='Cant. Requeridas Producto 1'!AC24 -> 180452.07 | E24: =+D23*C24 -> 0
B25: TOTAL | C25: =SUM(C12:C24) -> 5905704 | E25: =SUM(E12:E24) -> 0
B28: El oferente debe indicar si acepta adjudicaciones parciales o no
B29: No se aceptan ofertas con diferente porcentaje cada mes.
B30: • El precio ofertado puede ser diferente para cada año, los precios se deben presentar en $/kWh, con hasta dos (2) decimales.
B35: Representante legal
B36: Nombre Oferente
