Workbook
Name _Toc148954622: 'Banco de Preguntas'!#REF!
Name _Toc148954623: 'Banco de Preguntas'!#REF!
Name _Toc148954624: 'Banco de Preguntas'!#REF!
Name _Toc148954625: 'Banco de Preguntas'!#REF!
Name aaa: [1]Hoja9!$A$1,[1]Hoja9!$A$3,[1]Hoja9!$A$5,[1]Hoja9!$B$6,[1]Hoja9!$C$7
Name aaa: [1]Hoja9!$A$1,[1]Hoja9!$A$3,[1]Hoja9!$A$5,[1]Hoja9!$B$6,[1]Hoja9!$C$7
Name aaa: [1]Hoja9!$A$1,[1]Hoja9!$A$3,[1]Hoja9!$A$5,[1]Hoja9!$B$6,[1]Hoja9!$C$7
Name aaa: [1]Hoja9!$A$1,[1]Hoja9!$A$3,[1]Hoja9!$A$5,[1]Hoja9!$B$6,[1]Hoja9!$C$7
Name aaa: [1]Hoja9!$A$1,[1]Hoja9!$A$3,[1]Hoja9!$A$5,[1]Hoja9!$B$6,[1]Hoja9!$C$7
Name aaa: [1]Hoja9!$A$1,[1]Hoja9!$A$3,[1]Hoja9!$A$5,[1]Hoja9!$B$6,[1]Hoja9!$C$7
Name aaa: #REF!,#REF!,#REF!,#REF!,#REF!
Name AAAA: #REF!
Name Criterio_Extraer_Dem_Reg: #REF!
Name Criterio_Extraer_Dem_Reg: #REF!
Name Criterio_Extraer_Dem_Reg: #REF!
Name Criterio_Extraer_Dem_Reg: #REF!
Name Criterio_Extraer_Dem_Reg: #REF!
Name Criterio_Extraer_Dem_Reg: #REF!
Name Criterio_Extraer_Dem_Reg: #REF!
Name Criterio_Extraer_Dem_Reg: #REF!
Name Criterio_Extraer_Dem_Reg: #REF!
Name Cuadro: #REF!
Name Cuadro: #REF!
Name Cuadro: #REF!
Name Cuadro: #REF!
Name Cuadro: #REF!
Name Cuadro: #REF!
Name Cuadro: #REF!
Name Cuadro: #REF!
Name Cuadro: #REF!
Name eeee: #REF!
Name eeee: [2]Comparación!#REF!
Name eeee: [2]Comparación!#REF!
Name eeee: [2]Comparación!#REF!
Name eeee: #REF!
Name eeee: [2]Comparación!#REF!
Name eeee: [2]Comparación!#REF!
Name eeee: [2]Comparación!#REF!
Name eeee: #REF!
Name Meses: [3]Evaluación_Mensual!$S$2:$S$25
Name Meses: [3]Evaluación_Mensual!$S$2:$S$25
Name Meses: [3]Evaluación_Mensual!$S$2:$S$25
Name Meses: [3]Evaluación_Mensual!$S$2:$S$25
Name Meses: [3]Evaluación_Mensual!$S$2:$S$25
Name Meses: [3]Evaluación_Mensual!$S$2:$S$25
Name Meses: [4]Evaluación_Mensual!$S$2:$S$25
Name Meses: #REF!
Name Precio_Estación: #REF!
Name Precio_Estación: #REF!
Name Precio_Estación: #REF!
Name Precio_Estación: #REF!
Name Precio_Estación: #REF!
Name Precio_Estación: #REF!
Name Precio_Estación: #REF!
Name Precio_Estación: #REF!
Name Precio_Estación: #N/A
Name Precio_Estación: #REF!
Name Precio_Global: #REF!
Name Precio_Global: #REF!
Name Precio_Global: #REF!

Sheet Listas desplegables
A2: Tipo de agente: | B2: Tipo de oferta:
A3: Comercializador | B3: CURVA
A4: Generador | B4: CURVA SOLAR
B5: CURVA FNCER
B6: PLANA SOLAR
B7: MIXTA
B8: PLANA

Sheet Banco de Preguntas
A2: Consolidado banco de preguntas y respuestas agentes convocatorias ESSA
A3: N° Convocatoria
A4: Nombre remitente correo:
A5: Correo electrónico
A6: Teléfono de contacto:
A9: AGENTE | B9: N° pregunta | C9: PREGUNTA | D9: RESPUESTA

Sheet Factor garantia
A2: 12. TABLA Factores de Indexación IPP serie oferta interna
A4: Mes | B4: Factor | D4: Mes | E4: Factor | G4: Mes | H4: Factor
A5: 46023 | B5: =+'[6]IPC - IPP COL'!P144 -> 1.02 | D5: 47849 | E5: =+'[6]IPC - IPP COL'!P204 -> 1.17 | G5: 49675 | H5: =+'[6]IPC - IPP COL'!P264 -> 1.35
A6: 46054 | B6: =+'[6]IPC - IPP COL'!P145 -> 1.02 | D6: 47880 | E6: =+'[6]IPC - IPP COL'!P205 -> 1.17 | G6: 49706 | H6: =+'[6]IPC - IPP COL'!P265 -> 1.36
A7: 46082 | B7: =+'[6]IPC - IPP COL'!P146 -> 1.03 | D7: 47908 | E7: =+'[6]IPC - IPP COL'!P206 -> 1.17 | G7: 49735 | H7: =+'[6]IPC - IPP COL'!P266 -> 1.36
A8: 46113 | B8: =+'[6]IPC - IPP COL'!P147 -> 1.03 | D8: 47939 | E8: =+'[6]IPC - IPP COL'!P207 -> 1.17 | G8: 49766 | H8: =+'[6]IPC - IPP COL'!P267 -> 1.36
A9: 46143 | B9: =+'[6]IPC - IPP COL'!P148 -> 1.03 | D9: 47969 | E9: =+'[6]IPC - IPP COL'!P208 -> 1.18 | G9: 49796 | H9: =+'[6]IPC - IPP COL'!P268 -> 1.36
A10: 46174 | B10: =+'[6]IPC - IPP COL'!P149 -> 1.03 | D10: 48000 | E10: =+'[6]IPC - IPP COL'!P209 -> 1.18 | G10: 49827 | H10: =+'[6]IPC - IPP COL'!P269 -> 1.37
A11: 46204 | B11: =+'[6]IPC - IPP COL'!P150 -> 1.03 | D11: 48030 | E11: =+'[6]IPC - IPP COL'!P210 -> 1.18 | G11: 49857 | H11: =+'[6]IPC - IPP COL'!P270 -> 1.37
A12: 46235 | B12: =+'[6]IPC - IPP COL'!P151 -> 1.03 | D12: 48061 | E12: =+'[6]IPC - IPP COL'!P211 -> 1.18 | G12: 49888 | H12: =+'[6]IPC - IPP COL'!P271 -> 1.37
A13: 46266 | B13: =+'[6]IPC - IPP COL'!P152 -> 1.04 | D13: 48092 | E13: =+'[6]IPC - IPP COL'!P212 -> 1.18 | G13: 49919 | H13: =+'[6]IPC - IPP COL'!P272 -> 1.37
A14: 46296 | B14: =+'[6]IPC - IPP COL'!P153 -> 1.04 | D14: 48122 | E14: =+'[6]IPC - IPP COL'!P213 -> 1.19 | G14: 49949 | H14: =+'[6]IPC - IPP COL'!P273 -> 1.38
A15: 46327 | B15: =+'[6]IPC - IPP COL'!P154 -> 1.04 | D15: 48153 | E15: =+'[6]IPC - IPP COL'!P214 -> 1.2 | G15: 49980 | H15: =+'[6]IPC - IPP COL'!P274 -> 1.39
A16: 46357 | B16: =+'[6]IPC - IPP COL'!P155 -> 1.04 | D16: 48183 | E16: =+'[6]IPC - IPP COL'!P215 -> 1.2 | G16: 50010 | H16: =+'[6]IPC - IPP COL'!P275 -> 1.39
... A64: 47818 | B64: =+'[6]IPC - IPP COL'!P203 -> 1.16 | D64: 49644 | E64: =+'[6]IPC - IPP COL'!P263 -> 1.35 | G64: 51471 | H64: =+'[6]IPC - IPP COL'!P323 -> 1.56

Sheet Cantidades suministrar P1_2026
B2: ANEXO 10.1 CANTIDADES DE ENERGÍA REQUERIDA PRODUCTO 1
B3: AÑO 2026
B6: Oferta Básica, para la Solicitud Pública de Ofertas No. CP-ESSC2025-002, del 1 de enero de 2026 a 31 de diciembre de 2026.
B8: OFERENTE: | E8: Diligenciar
B9: Tipo de agente: | E9: Elegir de la lista desplegable
B10: Oferta No.: | E10: Diligenciar
B11: Tipo de oferta: | C11: CURVA | E11: Fijo
B12: % de su oferta con FNCER: | E12: Diligenciar
B14: Mes-año | C14: Energia Solicitada (kWh) | D14: % a ofertar | E14: Energia Oferta kWh | F14: Precio $ / kWh
A16: 31 | B16: 46023 | C16: =+'Cantidades 1_(2026)'!AE11 -> 6885008.4 | E16: =+C16*D16 -> 0
A17: 28 | B17: 46054 | C17: =+'Cantidades 1_(2026)'!AE12 -> 6445364.2 | E17: =+C17*D17 -> 0
A18: 31 | B18: 46082 | C18: =+'Cantidades 1_(2026)'!AE13 -> 7112245.3 | E18: =+C18*D18 -> 0
A19: 30 | B19: 46113 | C19: =+'Cantidades 1_(2026)'!AE14 -> 6718171.7 | E19: =+C19*D19 -> 0
A20: 31 | B20: 46143 | C20: =+'Cantidades 1_(2026)'!AE15 -> 6807710.8 | E20: =+C20*D20 -> 0
A21: 30 | B21: 46174 | C21: =+'Cantidades 1_(2026)'!AE16 -> 6344130.5 | E21: =+C21*D21 -> 0
A22: 31 | B22: 46204 | C22: =+'Cantidades 1_(2026)'!AE17 -> 6880357.4 | E22: =+C22*D22 -> 0
A23: 31 | B23: 46235 | C23: =+'Cantidades 1_(2026)'!AE18 -> 6818865.1 | E23: =+C23*D23 -> 0
A24: 30 | B24: 46266 | C24: =+'Cantidades 1_(2026)'!AE19 -> 6736312.6 | E24: =+C24*D24 -> 0
A25: 31 | B25: 46296 | C25: =+'Cantidades 1_(2026)'!AE20 -> 6712169.9 | E25: =+C25*D25 -> 0
A26: 30 | B26: 46327 | C26: =+'Cantidades 1_(2026)'!AE21 -> 6655295.1 | E26: =+C26*D26 -> 0
A27: 31 | B27: 46357 | C27: =+'Cantidades 1_(2026)'!AE22 -> 6831338.7 | E27: =+C27*D27 -> 0
A28: =SUM(A16:A27) -> 365 | B28: TOTAL | C28: =SUM(C16:C27) -> 80946970 | D28: =+E28/C28 -> 0 | E28: =SUM(E16:E27) -> 0
B31: Notas:
B32: (1) La Energía Ofertada se distribuye en forma horaria de acuerdo con la curva de carga presentada en la tabla 9.1. TABLAS CANTIDADES DE ENERGÍA REQUERIDA PRODUCTO 1 AÑO 2026 del pliego de condiciones.
B34: (2) Tipo de Contrato: pague lo contratado.
B35: (3) Precio ofertado en $kWh, en pesos de Abril 2025 (IPP Provisional)
B36: (4) El precio debe ser el mismo para todos los meses del año, con dos cifras decimales
B37: (5) El % igual o diferente para cada uno de los meses del año, con dos cifras decimales.
B38: (6) El precio incluye todos los cargos, impuestos y contribuciones que según la reglamentación vigente en la fecha de apertura de propuestas son responsabilidad de EL OFERENTE.
B39: (7) No serán tenidas en cuenta ofertas con condiciones y/o modificaciones adicionales a los Pliegos definitivos.
B40: (8) La oferta se acoge a todas las condiciones del pliego CP-ESSC2025-002.
B41: (9) Tipo de oferta curva
B42: EL OFERENTE deberá tener en cuenta lo siguiente al completar cada una de las Tablas de las cantidades a ofertar: Debe definir el porcentaje ofertado, hasta máximo el 100% de lo solicitado; EL CONTRATANTE aceptará la oferta de acuerdo a la metodología de evaluación hasta el máximo ofertado.
B48: FIRMA OFERENTE E.S.P.

Sheet Cantidades suministrar P2_2027
B2: ANEXO 10.2 CANTIDADES DE ENERGÍA REQUERIDA PRODUCTO 2
B3: AÑO 2027
B6: Oferta Básica, para la Solicitud Pública de Ofertas No. CP-ESSC2025-002, del 1 de enero de 2027 a 31 de diciembre de 2027.
B8: OFERENTE: | E8: Diligenciar
B9: Tipo de agente: | E9: Elegir de la lista desplegable
B10: Oferta No.: | E10: Diligenciar
B11: Tipo de oferta: | C11: CURVA | E11: Fijo
B12: % de su oferta con FNCER: | E12: Diligenciar
B14: Mes-año | C14: Energia Solicitada (kWh) | D14: % a ofertar | E14: Energia Oferta kWh | F14: Precio $ / kWh
A16: 31 | B16: 46388 | C16: =+'Cantidades 2_(2027)'!AE11 -> 30208541 | E16: =+C16*D16 -> 0
A17: 28 | B17: 46419 | C17: =+'Cantidades 2_(2027)'!AE12 -> 24071174 | E17: =+C17*D17 -> 0
A18: 31 | B18: 46447 | C18: =+'Cantidades 2_(2027)'!AE13 -> 32942148 | E18: =+C18*D18 -> 0
A19: 30 | B19: 46478 | C19: =+'Cantidades 2_(2027)'!AE14 -> 27847437 | E19: =+C19*D19 -> 0
A20: 31 | B20: 46508 | C20: =+'Cantidades 2_(2027)'!AE15 -> 25146241 | E20: =+C20*D20 -> 0
A21: 30 | B21: 46539 | C21: =+'Cantidades 2_(2027)'!AE16 -> 6652499.5 | E21: =+C21*D21 -> 0
A22: 31 | B22: 46569 | C22: =+'Cantidades 2_(2027)'!AE17 -> 7378392.1 | E22: =+C22*D22 -> 0
A23: 31 | B23: 46600 | C23: =+'Cantidades 2_(2027)'!AE18 -> 9177870.5 | E23: =+C23*D23 -> 0
A24: 30 | B24: 46631 | C24: =+'Cantidades 2_(2027)'!AE19 -> 10029118 | E24: =+C24*D24 -> 0
A25: 31 | B25: 46661 | C25: =+'Cantidades 2_(2027)'!AE20 -> 11917265 | E25: =+C25*D25 -> 0
A26: 30 | B26: 46692 | C26: =+'Cantidades 2_(2027)'!AE21 -> 23033067 | E26: =+C26*D26 -> 0
A27: 31 | B27: 46722 | C27: =+'Cantidades 2_(2027)'!AE22 -> 18451290 | E27: =+C27*D27 -> 0
A28: =SUM(A16:A27) -> 365 | B28: TOTAL | C28: =SUM(C16:C27) -> 2.2685504e+08 | D28: =+E28/C28 -> 0 | E28: =SUM(E16:E27) -> 0
B31: Notas:
B32: (1) La Energía Ofertada se distribuye en forma horaria de acuerdo con la curva de carga presentada en la tabla 9.2. TABLAS CANTIDADES DE ENERGÍA REQUERIDA PRODUCTO 2 AÑO 2027 del pliego de condiciones.
B34: (2) Tipo de Contrato: pague lo contratado.
B35: (3) Precio ofertado en $kWh, en pesos de Abril 2025 (IPP Provisional)
B36: (4) El precio debe ser el mismo para todos los meses del año, con dos cifras decimales
B37: (5) El % igual o diferente para cada uno de los meses del año, con dos cifras decimales.
B38: (6) El precio incluye todos los cargos, impuestos y contribuciones que según la reglamentación vigente en la fecha de apertura de propuestas son responsabilidad de EL OFERENTE.
B39: (7) No serán tenidas en cuenta ofertas con condiciones y/o modificaciones adicionales a los Pliegos definitivos.
B40: (8) La oferta se acoge a todas las condiciones del pliego CP-ESSC2025-002.
B41: (9) Tipo de oferta curva
B42: EL OFERENTE deberá tener en cuenta lo siguiente al completar cada una de las Tablas de las cantidades a ofertar: Debe definir el porcentaje ofertado, hasta máximo el 100% de lo solicitado; EL CONTRATANTE aceptará la oferta de acuerdo a la metodología de evaluación hasta el máximo ofertado.
B48: FIRMA OFERENTE E.S.P.

Sheet Cantidades suministrar P3_2028
B2: ANEXO 10.3 CANTIDADES DE ENERGÍA REQUERIDA PRODUCTO 3
B3: AÑO 2028
B6: Oferta Básica, para la Solicitud Pública de Ofertas No. CP-ESSC2025-002, del 1 de enero de 2028 a 31 de diciembre de 2028.
B8: OFERENTE: | E8: Diligenciar
B9: Tipo de agente: | E9: Elegir de la lista desplegable
B10: Oferta No.: | E10: Diligenciar
B11: Tipo de oferta: | C11: CURVA | E11: Fijo
B12: % de su oferta con FNCER: | E12: Diligenciar
B14: Mes-año | C14: Energia Solicitada (kWh) | D14: % a ofertar | E14: Energia Oferta kWh | F14: Precio $ / kWh
A16: 31 | B16: 46753 | C16: =+'Cantidades P3_(2028)'!AE11 -> 11889624 | E16: =+C16*$D$16 -> 0
A17: 28 | B17: 46784 | C17: =+'Cantidades P3_(2028)'!AE12 -> 11132864 | E17: =+C17*$D$16 -> 0
A18: 31 | B18: 46813 | C18: =+'Cantidades P3_(2028)'!AE13 -> 12232068 | E18: =+C18*$D$16 -> 0
A19: 30 | B19: 46844 | C19: =+'Cantidades P3_(2028)'!AE14 -> 11558910 | E19: =+C19*$D$16 -> 0
A20: 31 | B20: 46874 | C20: =+'Cantidades P3_(2028)'!AE15 -> 11676151 | E20: =+C20*$D$16 -> 0
A21: 30 | B21: 46905 | C21: =+'Cantidades P3_(2028)'!AE16 -> 10874815 | E21: =+C21*$D$16 -> 0
A22: 31 | B22: 46935 | C22: =+'Cantidades P3_(2028)'!AE17 -> 11743794 | E22: =+C22*$D$16 -> 0
A23: 31 | B23: 46966 | C23: =+'Cantidades P3_(2028)'!AE18 -> 11620126 | E23: =+C23*$D$16 -> 0
A24: 30 | B24: 46997 | C24: =+'Cantidades P3_(2028)'!AE19 -> 11452943 | E24: =+C24*$D$16 -> 0
A25: 31 | B25: 47027 | C25: =+'Cantidades P3_(2028)'!AE20 -> 11390912 | E25: =+C25*$D$16 -> 0
A26: 30 | B26: 47058 | C26: =+'Cantidades P3_(2028)'!AE21 -> 11265844 | E26: =+C26*$D$16 -> 0
A27: 31 | B27: 47088 | C27: =+'Cantidades P3_(2028)'!AE22 -> 11538543 | E27: =+C27*$D$16 -> 0
A28: =SUM(A16:A27) -> 365 | B28: TOTAL | C28: =SUM(C16:C27) -> 1.3837659e+08 | D28: =+E28/C28 -> 0 | E28: =SUM(E16:E27) -> 0
B31: Notas:
B32: (1) La Energía Ofertada se distribuye en forma horaria de acuerdo con la curva de carga presentada en la tabla 9.3. TABLAS CANTIDADES DE ENERGÍA REQUERIDA PRODUCTO 3 AÑO 2028 del pliego de condiciones.
B34: (2) Tipo de Contrato: pague lo contratado.
B35: (3) Precio ofertado en $kWh, en pesos de Abril 2025 (IPP Provisional)
B36: (4) El precio debe ser el mismo para todos los meses del año, con dos cifras decimales
B37: (5) El % igual o diferente para cada uno de los meses del año, con dos cifras decimales.
B38: (6) El precio incluye todos los cargos, impuestos y contribuciones que según la reglamentación vigente en la fecha de apertura de propuestas son responsabilidad de EL OFERENTE.
B39: (7) No serán tenidas en cuenta ofertas con condiciones y/o modificaciones adicionales a los Pliegos definitivos.
B40: (8) La oferta se acoge a todas las condiciones del pliego CP-ESSC2025-002.
B41: (9) Tipo de oferta curva
B42: EL OFERENTE deberá tener en cuenta lo siguiente al completar cada una de las Tablas de las cantidades a ofertar: Debe definir el porcentaje ofertado, hasta máximo el 100% de lo solicitado; EL CONTRATANTE aceptará la oferta de acuerdo a la metodología de evaluación hasta el máximo ofertado.
B48: FIRMA OFERENTE E.S.P.

Sheet Cant suministrar P4_29-40
B2: ANEXO 10.4 CANTIDADES DE ENERGÍA REQUERIDA PRODUCTO 4
B3: AÑO 2029 al 2040
B6: Oferta Básica, para la Solicitud Pública de Ofertas No. CP-ESSC2025-002, del 1 de enero de 2029 a 31 de diciembre de 2040.
B7: OFERENTE: | K7: Diligenciar
B8: Tipo de agente: | K8: Elegir de la lista desplegable
B9: Oferta No: | K9: Diligenciar
B10: Tipo de oferta: | C10: CURVA | K10: Elegir de la lista desplegable
B11: % de su oferta con FNCER: | K11: Diligenciar
B13: Mes-año | C13: Energia Solicitada (kWh) | D13: % a ofertar | E13: Energia Oferta kWh | F13: Precio $ / kWh | H13: Mes-año | I13: Energia Solicitada (kWh) | J13: % a ofertar | K13: Energia Oferta kWh | L13: Precio $ / kWh
A15: 31 | B15: 47119 | C15: =+'Cantidades P4_(2029-2040)'!AC11 -> 9459407.6 | E15: =+C15*$D$15 -> 0 | H15: 49310 | I15: =+'Cantidades P4_(2029-2040)'!$AC$305 -> 24703007 | J15: =+$D$15 -> 0 | K15: =+I15*$J$15 -> 0
A16: 29 | B16: 47150 | C16: =+'Cantidades P4_(2029-2040)'!AC15 -> 8868777.4 | E16: =+C16*$D$15 -> 0 | H16: 49341 | I16: =+'Cantidades P4_(2029-2040)'!$AC$309 -> 23290602 | K16: =+I16*$J$15 -> 0
A17: 31 | B17: 47178 | C17: =+'Cantidades P4_(2029-2040)'!AC19 -> 9732794.5 | E17: =+C17*$D$15 -> 0 | H17: 49369 | I17: =+'Cantidades P4_(2029-2040)'!$AC$313 -> 25376135 | K17: =+I17*$J$15 -> 0
A18: 30 | B18: 47209 | C18: =+'Cantidades P4_(2029-2040)'!AC23 -> 9210470.7 | E18: =+C18*$D$15 -> 0 | H18: 49400 | I18: =+'Cantidades P4_(2029-2040)'!$AC$317 -> 24167110 | K18: =+I18*$J$15 -> 0
A19: 31 | B19: 47239 | C19: =+'Cantidades P4_(2029-2040)'!AC27 -> 9299682.1 | E19: =+C19*$D$15 -> 0 | H19: 49430 | I19: =+'Cantidades P4_(2029-2040)'!$AC$321 -> 24316489 | K19: =+I19*$J$15 -> 0
A20: 30 | B20: 47270 | C20: =+'Cantidades P4_(2029-2040)'!AC31 -> 8672481.3 | E20: =+C20*$D$15 -> 0 | H20: 49461 | I20: =+'Cantidades P4_(2029-2040)'!$AC$325 -> 22792959 | K20: =+I20*$J$15 -> 0
A21: 31 | B21: 47300 | C21: =+'Cantidades P4_(2029-2040)'!AC35 -> 9351870.8 | E21: =+C21*$D$15 -> 0 | H21: 49491 | I21: =+'Cantidades P4_(2029-2040)'!$AC$329 -> 24375379 | K21: =+I21*$J$15 -> 0
A22: 31 | B22: 47331 | C22: =+'Cantidades P4_(2029-2040)'!AC39 -> 9257080.3 | E22: =+C22*$D$15 -> 0 | H22: 49522 | I22: =+'Cantidades P4_(2029-2040)'!$AC$333 -> 24150029 | K22: =+I22*$J$15 -> 0
A23: 30 | B23: 47362 | C23: =+'Cantidades P4_(2029-2040)'!AC43 -> 9125052.7 | E23: =+C23*$D$15 -> 0 | H23: 49553 | I23: =+'Cantidades P4_(2029-2040)'!$AC$337 -> 23790959 | K23: =+I23*$J$15 -> 0
A24: 31 | B24: 47392 | C24: =+'Cantidades P4_(2029-2040)'!AC47 -> 9078218.3 | E24: =+C24*$D$15 -> 0 | H24: 49583 | I24: =+'Cantidades P4_(2029-2040)'!$AC$341 -> 23675864 | K24: =+I24*$J$15 -> 0
A25: 30 | B25: 47423 | C25: =+'Cantidades P4_(2029-2040)'!AC51 -> 8978859.9 | E25: =+C25*$D$15 -> 0 | H25: 49614 | I25: =+'Cantidades P4_(2029-2040)'!$AC$345 -> 23390514 | K25: =+I25*$J$15 -> 0
A26: 31 | B26: 47453 | C26: =+'Cantidades P4_(2029-2040)'!AC55 -> 9194008.1 | E26: =+C26*$D$15 -> 0 | H26: 49644 | I26: =+'Cantidades P4_(2029-2040)'!$AC$349 -> 23900139 | K26: =+I26*$J$15 -> 0
A27: 31 | B27: 47484 | C27: =+'Cantidades P4_(2029-2040)'!$AC$60 -> 19148897 | D27: =+$D$15 -> 0 | E27: =+C27*$D$27 -> 0 | H27: 49675 | I27: =+'Cantidades P4_(2029-2040)'!$AC$354 -> 29074292 | J27: =+$D$15 -> 0 | K27: =+I27*$J$27 -> 0
A28: 28 | B28: 47515 | C28: =+'Cantidades P4_(2029-2040)'!$AC$64 -> 17975619 | E28: =+C28*$D$27 -> 0 | H28: 49706 | I28: =+'Cantidades P4_(2029-2040)'!$AC$358 -> 27440139 | K28: =+I28*$J$27 -> 0
A29: 31 | B29: 47543 | C29: =+'Cantidades P4_(2029-2040)'!$AC$68 -> 19704151 | E29: =+C29*$D$27 -> 0 | H29: 49735 | I29: =+'Cantidades P4_(2029-2040)'!$AC$362 -> 29869754 | K29: =+I29*$J$27 -> 0
A30: 30 | B30: 47574 | C30: =+'Cantidades P4_(2029-2040)'!$AC$72 -> 18672645 | E30: =+C30*$D$27 -> 0 | H30: 49766 | I30: =+'Cantidades P4_(2029-2040)'!$AC$366 -> 28479297 | K30: =+I30*$J$27 -> 0
A31: 31 | B31: 47604 | C31: =+'Cantidades P4_(2029-2040)'!$AC$76 -> 18845305 | E31: =+C31*$D$27 -> 0 | H31: 49796 | I31: =+'Cantidades P4_(2029-2040)'!$AC$370 -> 28645769 | K31: =+I31*$J$27 -> 0
A32: 30 | B32: 47635 | C32: =+'Cantidades P4_(2029-2040)'!$AC$80 -> 17595837 | E32: =+C32*$D$27 -> 0 | H32: 49827 | I32: =+'Cantidades P4_(2029-2040)'!$AC$374 -> 26878159 | K32: =+I32*$J$27 -> 0
A33: 31 | B33: 47665 | C33: =+'Cantidades P4_(2029-2040)'!$AC$84 -> 18947772 | E33: =+C33*$D$27 -> 0 | H33: 49857 | I33: =+'Cantidades P4_(2029-2040)'!$AC$378 -> 28712117 | K33: =+I33*$J$27 -> 0
A34: 31 | B34: 47696 | C34: =+'Cantidades P4_(2029-2040)'!$AC$88 -> 18762913 | E34: =+C34*$D$27 -> 0 | H34: 49888 | I34: =+'Cantidades P4_(2029-2040)'!$AC$382 -> 28456085 | K34: =+I34*$J$27 -> 0
A35: 30 | B35: 47727 | C35: =+'Cantidades P4_(2029-2040)'!$AC$92 -> 18497564 | E35: =+C35*$D$27 -> 0 | H35: 49919 | I35: =+'Cantidades P4_(2029-2040)'!$AC$386 -> 28036347 | K35: =+I35*$J$27 -> 0
A36: 31 | B36: 47757 | C36: =+'Cantidades P4_(2029-2040)'!$AC$96 -> 18407672 | E36: =+C36*$D$27 -> 0 | H36: 49949 | I36: =+'Cantidades P4_(2029-2040)'!$AC$390 -> 27907462 | K36: =+I36*$J$27 -> 0
A37: 30 | B37: 47788 | C37: =+'Cantidades P4_(2029-2040)'!$AC$100 -> 18206824 | E37: =+C37*$D$27 -> 0 | H37: 49980 | I37: =+'Cantidades P4_(2029-2040)'!$AC$394 -> 27572467 | K37: =+I37*$J$27 -> 0
A38: 31 | B38: 47818 | C38: =+'Cantidades P4_(2029-2040)'!$AC$104 -> 18638821 | E38: =+C38*$D$27 -> 0 | H38: 50010 | I38: =+'Cantidades P4_(2029-2040)'!$AC$398 -> 28168380 | K38: =+I38*$J$27 -> 0
A39: 31 | B39: 47849 | C39: =+'Cantidades P4_(2029-2040)'!$AC$109 -> 21503344 | D39: =+$D$15 -> 0 | E39: =+C39*$D$39 -> 0 | H39: 50041 | I39: =+'Cantidades P4_(2029-2040)'!$AC$403 -> 29779530 | J39: =+$D$15 -> 0 | K39: =+I39*$J$39 -> 0
A40: 28 | B40: 47880 | C40: =+'Cantidades P4_(2029-2040)'!$AC$113 -> 20204289 | E40: =+C40*$D$39 -> 0 | H40: 50072 | I40: =+'Cantidades P4_(2029-2040)'!$AC$407 -> 28133740 | K40: =+I40*$J$39 -> 0
A41: 31 | B41: 47908 | C41: =+'Cantidades P4_(2029-2040)'!$AC$117 -> 22118161 | E41: =+C41*$D$39 -> 0 | H41: 50100 | I41: =+'Cantidades P4_(2029-2040)'!$AC$411 -> 30597487 | K41: =+I41*$J$39 -> 0
A42: 30 | B42: 47939 | C42: =+'Cantidades P4_(2029-2040)'!$AC$121 -> 20982126 | E42: =+C42*$D$39 -> 0 | H42: 50131 | I42: =+'Cantidades P4_(2029-2040)'!$AC$415 -> 29205604 | K42: =+I42*$J$39 -> 0
A43: 31 | B43: 47969 | C43: =+'Cantidades P4_(2029-2040)'!$AC$125 -> 21162017 | E43: =+C43*$D$39 -> 0 | H43: 50161 | I43: =+'Cantidades P4_(2029-2040)'!$AC$419 -> 29366833 | K43: =+I43*$J$39 -> 0
A44: 30 | B44: 48000 | C44: =+'Cantidades P4_(2029-2040)'!$AC$129 -> 19775011 | E44: =+C44*$D$39 -> 0 | H44: 50192 | I44: =+'Cantidades P4_(2029-2040)'!$AC$423 -> 27581697 | K44: =+I44*$J$39 -> 0
A45: 31 | B45: 48030 | C45: =+'Cantidades P4_(2029-2040)'!$AC$133 -> 21262753 | E45: =+C45*$D$39 -> 0 | H45: 50222 | I45: =+'Cantidades P4_(2029-2040)'!$AC$427 -> 29431846 | K45: =+I45*$J$39 -> 0
A46: 31 | B46: 48061 | C46: =+'Cantidades P4_(2029-2040)'!$AC$137 -> 21057264 | E46: =+C46*$D$39 -> 0 | H46: 50253 | I46: =+'Cantidades P4_(2029-2040)'!$AC$431 -> 29178738 | K46: =+I46*$J$39 -> 0
A47: 30 | B47: 48092 | C47: =+'Cantidades P4_(2029-2040)'!$AC$141 -> 20755821 | E47: =+C47*$D$39 -> 0 | H47: 50284 | I47: =+'Cantidades P4_(2029-2040)'!$AC$435 -> 28751672 | K47: =+I47*$J$39 -> 0
A48: 31 | B48: 48122 | C48: =+'Cantidades P4_(2029-2040)'!$AC$145 -> 20654692 | E48: =+C48*$D$39 -> 0 | H48: 50314 | I48: =+'Cantidades P4_(2029-2040)'!$AC$439 -> 28626195 | K48: =+I48*$J$39 -> 0
A49: 30 | B49: 48153 | C49: =+'Cantidades P4_(2029-2040)'!$AC$149 -> 20423914 | E49: =+C49*$D$39 -> 0 | H49: 50345 | I49: =+'Cantidades P4_(2029-2040)'!$AC$443 -> 28283917 | K49: =+I49*$J$39 -> 0
A50: 31 | B50: 48183 | C50: =+'Cantidades P4_(2029-2040)'!$AC$153 -> 20899810 | E50: =+C50*$D$39 -> 0 | H50: 50375 | I50: =+'Cantidades P4_(2029-2040)'!$AC$447 -> 28890416 | K50: =+I50*$J$39 -> 0
A51: 31 | B51: 48214 | C51: =+'Cantidades P4_(2029-2040)'!$AC$158 -> 22403771 | D51: =+$D$15 -> 0 | E51: =+C51*$D$51 -> 0 | H51: 50406 | I51: =+'Cantidades P4_(2029-2040)'!$AC$452 -> 30438028 | J51: =+$D$15 -> 0 | K51: =+I51*$J$51 -> 0
A52: 28 | B52: 48245 | C52: =+'Cantidades P4_(2029-2040)'!$AC$162 -> 21068892 | E52: =+C52*$D$51 -> 0 | H52: 50437 | I52: =+'Cantidades P4_(2029-2040)'!$AC$456 -> 28783621 | K52: =+I52*$J$51 -> 0
A53: 31 | B53: 48274 | C53: =+'Cantidades P4_(2029-2040)'!$AC$166 -> 23035545 | E53: =+C53*$D$51 -> 0 | H53: 50465 | I53: =+'Cantidades P4_(2029-2040)'!$AC$460 -> 31277246 | K53: =+I53*$J$51 -> 0
A54: 30 | B54: 48305 | C54: =+'Cantidades P4_(2029-2040)'!$AC$170 -> 21874352 | E54: =+C54*$D$51 -> 0 | H54: 50496 | I54: =+'Cantidades P4_(2029-2040)'!$AC$464 -> 29886628 | K54: =+I54*$J$51 -> 0
A55: 31 | B55: 48335 | C55: =+'Cantidades P4_(2029-2040)'!$AC$174 -> 22047682 | E55: =+C55*$D$51 -> 0 | H55: 50526 | I55: =+'Cantidades P4_(2029-2040)'!$AC$468 -> 30042215 | K55: =+I55*$J$51 -> 0
A56: 30 | B56: 48366 | C56: =+'Cantidades P4_(2029-2040)'!$AC$178 -> 20618761 | E56: =+C56*$D$51 -> 0 | H56: 50557 | I56: =+'Cantidades P4_(2029-2040)'!$AC$472 -> 28242753 | K56: =+I56*$J$51 -> 0
A57: 31 | B57: 48396 | C57: =+'Cantidades P4_(2029-2040)'!$AC$182 -> 22138193 | E57: =+C57*$D$51 -> 0 | H57: 50587 | I57: =+'Cantidades P4_(2029-2040)'!$AC$476 -> 30105745 | K57: =+I57*$J$51 -> 0
A58: 31 | B58: 48427 | C58: =+'Cantidades P4_(2029-2040)'!$AC$186 -> 21926194 | E58: =+C58*$D$51 -> 0 | H58: 50618 | I58: =+'Cantidades P4_(2029-2040)'!$AC$480 -> 29856103 | K58: =+I58*$J$51 -> 0
A59: 30 | B59: 48458 | C59: =+'Cantidades P4_(2029-2040)'!$AC$190 -> 21608626 | E59: =+C59*$D$51 -> 0 | H59: 50649 | I59: =+'Cantidades P4_(2029-2040)'!$AC$484 -> 29422423 | K59: =+I59*$J$51 -> 0
A60: 31 | B60: 48488 | C60: =+'Cantidades P4_(2029-2040)'!$AC$194 -> 21503064 | E60: =+C60*$D$51 -> 0 | H60: 50679 | I60: =+'Cantidades P4_(2029-2040)'!$AC$488 -> 29300655 | K60: =+I60*$J$51 -> 0
A61: 30 | B61: 48519 | C61: =+'Cantidades P4_(2029-2040)'!$AC$198 -> 21257339 | E61: =+C61*$D$51 -> 0 | H61: 50710 | I61: =+'Cantidades P4_(2029-2040)'!$AC$492 -> 28951644 | K61: =+I61*$J$51 -> 0
A62: 31 | B62: 48549 | C62: =+'Cantidades P4_(2029-2040)'!$AC$202 -> 21743881 | E62: =+C62*$D$51 -> 0 | H62: 50740 | I62: =+'Cantidades P4_(2029-2040)'!$AC$496 -> 29567714 | K62: =+I62*$J$51 -> 0
B63: 48580 | C63: =+'Cantidades P4_(2029-2040)'!$AC$207 -> 22528817 | D63: =+$D$15 -> 0 | E63: =+C63*$D$63 -> 0 | H63: 50771 | I63: =+'Cantidades P4_(2029-2040)'!$AC$501 -> 31096157 | J63: =+$D$15 -> 0 | K63: =+I63*$J$63 -> 0
B64: 48611 | C64: =+'Cantidades P4_(2029-2040)'!$AC$211 -> 21208401 | E64: =+C64*$D$63 -> 0 | H64: 50802 | I64: =+'Cantidades P4_(2029-2040)'!$AC$505 -> 29433535 | K64: =+I64*$J$63 -> 0
B65: 48639 | C65: =+'Cantidades P4_(2029-2040)'!$AC$215 -> 23162789 | E65: =+C65*$D$63 -> 0 | H65: 50830 | I65: =+'Cantidades P4_(2029-2040)'!$AC$509 -> 31956669 | K65: =+I65*$J$63 -> 0
B66: 48670 | C66: =+'Cantidades P4_(2029-2040)'!$AC$219 -> 22020738 | E66: =+C66*$D$63 -> 0 | H66: 50861 | I66: =+'Cantidades P4_(2029-2040)'!$AC$513 -> 30567771 | K66: =+I66*$J$63 -> 0
B67: 48700 | C67: =+'Cantidades P4_(2029-2040)'!$AC$223 -> 22184984 | E67: =+C67*$D$63 -> 0 | H67: 50891 | I67: =+'Cantidades P4_(2029-2040)'!$AC$517 -> 30717590 | K67: =+I67*$J$63 -> 0
B68: 48731 | C68: =+'Cantidades P4_(2029-2040)'!$AC$227 -> 20767697 | E68: =+C68*$D$63 -> 0 | H68: 50922 | I68: =+'Cantidades P4_(2029-2040)'!$AC$521 -> 28904166 | K68: =+I68*$J$63 -> 0
B69: 48761 | C69: =+'Cantidades P4_(2029-2040)'!$AC$231 -> 22269308 | E69: =+C69*$D$63 -> 0 | H69: 50952 | I69: =+'Cantidades P4_(2029-2040)'!$AC$525 -> 30779596 | K69: =+I69*$J$63 -> 0
B70: 48792 | C70: =+'Cantidades P4_(2029-2040)'!$AC$235 -> 22061882 | E70: =+C70*$D$63 -> 0 | H70: 50983 | I70: =+'Cantidades P4_(2029-2040)'!$AC$529 -> 30533546 | K70: =+I70*$J$63 -> 0
B71: 48823 | C71: =+'Cantidades P4_(2029-2040)'!$AC$239 -> 21742878 | E71: =+C71*$D$63 -> 0 | H71: 51014 | I71: =+'Cantidades P4_(2029-2040)'!$AC$533 -> 30093296 | K71: =+I71*$J$63 -> 0
B72: 48853 | C72: =+'Cantidades P4_(2029-2040)'!$AC$243 -> 21640247 | E72: =+C72*$D$63 -> 0 | H72: 51044 | I72: =+'Cantidades P4_(2029-2040)'!$AC$537 -> 29975325 | K72: =+I72*$J$63 -> 0
B73: 48884 | C73: =+'Cantidades P4_(2029-2040)'!$AC$247 -> 21391760 | E73: =+C73*$D$63 -> 0 | H73: 51075 | I73: =+'Cantidades P4_(2029-2040)'!$AC$541 -> 29619598 | K73: =+I73*$J$63 -> 0
B74: 48914 | C74: =+'Cantidades P4_(2029-2040)'!$AC$251 -> 21875630 | E74: =+C74*$D$63 -> 0 | H74: 51105 | I74: =+'Cantidades P4_(2029-2040)'!$AC$545 -> 30245181 | K74: =+I74*$J$63 -> 0
B75: 48945 | C75: =+'Cantidades P4_(2029-2040)'!$AC$256 -> 24300193 | D75: =+$D$15 -> 0 | E75: =+C75*$D$75 -> 0 | H75: 51136 | I75: =+'Cantidades P4_(2029-2040)'!$AC$550 -> 33058072 | J75: =+$D$15 -> 0 | K75: =+I75*$J$75 -> 0
B76: 48976 | C76: =+'Cantidades P4_(2029-2040)'!$AC$260 -> 22894710 | E76: =+C76*$D$75 -> 0 | H76: 51167 | I76: =+'Cantidades P4_(2029-2040)'!$AC$554 -> 31319009 | K76: =+I76*$J$75 -> 0
B77: 49004 | C77: =+'Cantidades P4_(2029-2040)'!$AC$264 -> 24974935 | E77: =+C77*$D$75 -> 0 | H77: 51196 | I77: =+'Cantidades P4_(2029-2040)'!$AC$558 -> 33976128 | K77: =+I77*$J$75 -> 0
B78: 49035 | C78: =+'Cantidades P4_(2029-2040)'!$AC$268 -> 23765737 | E78: =+C78*$D$75 -> 0 | H78: 51227 | I78: =+'Cantidades P4_(2029-2040)'!$AC$562 -> 32532430 | K78: =+I78*$J$75 -> 0
B79: 49065 | C79: =+'Cantidades P4_(2029-2040)'!$AC$272 -> 23928518 | E79: =+C79*$D$75 -> 0 | H79: 51257 | I79: =+'Cantidades P4_(2029-2040)'!$AC$566 -> 32682269 | K79: =+I79*$J$75 -> 0
B80: 49096 | C80: =+'Cantidades P4_(2029-2040)'!$AC$276 -> 22416106 | E80: =+C80*$D$75 -> 0 | H80: 51288 | I80: =+'Cantidades P4_(2029-2040)'!$AC$570 -> 30780197 | K80: =+I80*$J$75 -> 0
B81: 49126 | C81: =+'Cantidades P4_(2029-2040)'!$AC$280 -> 24004660 | E81: =+C81*$D$75 -> 0 | H81: 51318 | I81: =+'Cantidades P4_(2029-2040)'!$AC$574 -> 32745195 | K81: =+I81*$J$75 -> 0
B82: 49157 | C82: =+'Cantidades P4_(2029-2040)'!$AC$284 -> 23782969 | E82: =+C82*$D$75 -> 0 | H82: 51349 | I82: =+'Cantidades P4_(2029-2040)'!$AC$578 -> 32492904 | K82: =+I82*$J$75 -> 0
B83: 49188 | C83: =+'Cantidades P4_(2029-2040)'!$AC$288 -> 23435247 | E83: =+C83*$D$75 -> 0 | H83: 51380 | I83: =+'Cantidades P4_(2029-2040)'!$AC$582 -> 32027779 | K83: =+I83*$J$75 -> 0
B84: 49218 | C84: =+'Cantidades P4_(2029-2040)'!$AC$292 -> 23324262 | E84: =+C84*$D$75 -> 0 | H84: 51410 | I84: =+'Cantidades P4_(2029-2040)'!$AC$586 -> 31909005 | K84: =+I84*$J$75 -> 0
B85: 49249 | C85: =+'Cantidades P4_(2029-2040)'!$AC$296 -> 23050800 | E85: =+C85*$D$75 -> 0 | H85: 51441 | I85: =+'Cantidades P4_(2029-2040)'!$AC$590 -> 31531693 | K85: =+I85*$J$75 -> 0
B86: 49279 | C86: =+'Cantidades P4_(2029-2040)'!$AC$300 -> 23563220 | E86: =+C86*$D$75 -> 0 | H86: 51471 | I86: =+'Cantidades P4_(2029-2040)'!$AC$594 -> 32192812 | K86: =+I86*$J$75 -> 0
H87: TOTAL PRODUCTO | I87: =SUM(C15:C86)+SUM(I15:I86) -> 3.4739965e+09 | J87: =IFERROR(AVERAGE(D15:D50,D51:D86),"") -> 0 | K87: =SUM(E15:E86,K15:K86) -> 0 | L87: =(SUM(E15:E26)*F15+SUM(E27:E38)*F27+SUM(E39:E50)*F39+SUM(E51:E62)*F51+SUM(E63:E74)*F63+SUM(E75:E86)*F75+SUM(K15:K26)*L15+SUM(K27:K38)*L27+SUM(K39:K50)*L39+SUM(K51:K62)*L51+SUM(K63:K74)*L63+SUM(K75:K86)*L75)/K87 -> #DIV/0!
B102: Notas:
B103: (1) La Energía Ofertada se distribuye en forma horaria de acuerdo con la curva de carga presentada en la tabla 9.4. TABLAS CANTIDADES DE ENERGÍA REQUERIDA PRODUCTO 4 del pliego de condiciones.
B105: (2) Tipo de Contrato: pague lo contratado.
B106: (3) Precio ofertado en $kWh, en pesos de Abril 2025 (IPP Provisional)
B107: (4) El precio debe ser Igual para todos los meses por año e Independiente por año del productor año, con dos cifras decimales
B108: (5) El % de energía debe ser Igual para todos los meses y años del producto, a dos cifras decimales.
B109: (6) El precio incluye todos los cargos, impuestos y contribuciones que según la reglamentación vigente en la fecha de apertura de propuestas son responsabilidad de EL OFERENTE .
B110: (7) No serán tenidas en cuenta ofertas con condiciones y/o modificaciones adicionales a los Pliegos definitivos.
B111: (8) La oferta se acoge a todas las condiciones del pliego CP-ESSC2025-002.
B112: (9) Tipo de oferta curva
B113: EL OFERENTE deberá tener en cuenta lo siguiente al completar cada una de las Tablas de las cantidades a ofertar: Debe definir el porcentaje ofertado, hasta máximo el 100% de lo solicitado; EL CONTRATANTE aceptará la oferta de acuerdo a la metodología de evaluación hasta el máximo ofertado, adjudicando proporcional a la oferta recibida para todos los años ofertados . Nota: Diligenciar columnas % a ofertar, energía horaria ofertada y precio.
B120: FIRMA OFERENTE E.S.P.

Sheet Hoja9
B2: Mes | C2: AÑO 2026 Energia Solicitada (kWh) | D2: AÑO 2027 Energia Solicitada (kWh) | E2: AÑO 2028 Energia Solicitada (kWh) | F2: AÑO 2029 Energia Solicitada (kWh) | G2: AÑO 2030 Energia Solicitada (kWh) | H2: AÑO 2031 Energia Solicitada (kWh) | I2: AÑO 2032 Energia Solicitada (kWh) | J2: AÑO 2033 Energia Solicitada (kWh) | K2: AÑO 2034 Energia Solicitada (kWh) | L2: AÑO 2035 Energia Solicitada (kWh) | M2: TOTAL PRODUCTO 2 Energia Solicitada (kWh)
B3: CURVA | C3: La misma curva de la tabla 9.1.2 del producto 1 | D3: La misma curva de la tabla 9.1.3 del producto 1 | E3: La misma curva de la tabla 9.1.4 del producto 1 | F3: La misma curva de la tabla 9.1.5 del producto 1 | G3: La misma curva de la tabla 9.1.6 del producto 1 | H3: La misma curva de la tabla 9.1.7 del producto 1 | I3: La misma curva de la tabla 9.1.8 del producto 1 | J3: La misma curva de la tabla 9.1.9 del producto 1 | K3: La misma curva de la tabla 9.1.10 del producto 1 | L3: La misma curva de la tabla 9.1.11 del producto 1
B4: ene | C4: =+#REF! -> #REF! | D4: =+#REF! -> #REF! | E4: =+#REF! -> #REF! | F4: =+#REF! -> #REF! | G4: =+#REF! -> #REF! | H4: =+#REF! -> #REF! | I4: =+#REF! -> #REF! | J4: =+#REF! -> #REF! | ... L4: =+#REF! -> #REF! | M4: =SUM(C4:L4) -> #REF!
B5: feb | C5: =+#REF! -> #REF! | D5: =+#REF! -> #REF! | E5: =+#REF! -> #REF! | F5: =+#REF! -> #REF! | G5: =+#REF! -> #REF! | H5: =+#REF! -> #REF! | I5: =+#REF! -> #REF! | J5: =+#REF! -> #REF! | ... L5: =+#REF! -> #REF! | M5: =SUM(C5:L5) -> #REF!
B6: mar | C6: =+#REF! -> #REF! | D6: =+#REF! -> #REF! | E6: =+#REF! -> #REF! | F6: =+#REF! -> #REF! | G6: =+#REF! -> #REF! | H6: =+#REF! -> #REF! | I6: =+#REF! -> #REF! | J6: =+#REF! -> #REF! | ... L6: =+#REF! -> #REF! | M6: =SUM(C6:L6) -> #REF!
B7: abr | C7: =+#REF! -> #REF! | D7: =+#REF! -> #REF! | E7: =+#REF! -> #REF! | F7: =+#REF! -> #REF! | G7: =+#REF! -> #REF! | H7: =+#REF! -> #REF! | I7: =+#REF! -> #REF! | J7: =+#REF! -> #REF! | ... L7: =+#REF! -> #REF! | M7: =SUM(C7:L7) -> #REF!
B8: may | C8: =+#REF! -> #REF! | D8: =+#REF! -> #REF! | E8: =+#REF! -> #REF! | F8: =+#REF! -> #REF! | G8: =+#REF! -> #REF! | H8: =+#REF! -> #REF! | I8: =+#REF! -> #REF! | J8: =+#REF! -> #REF! | ... L8: =+#REF! -> #REF! | M8: =SUM(C8:L8) -> #REF!
B9: jun | C9: =+#REF! -> #REF! | D9: =+#REF! -> #REF! | E9: =+#REF! -> #REF! | F9: =+#REF! -> #REF! | G9: =+#REF! -> #REF! | H9: =+#REF! -> #REF! | I9: =+#REF! -> #REF! | J9: =+#REF! -> #REF! | ... L9: =+#REF! -> #REF! | M9: =SUM(C9:L9) -> #REF!
B10: jul | C10: =+#REF! -> #REF! | D10: =+#REF! -> #REF! | E10: =+#REF! -> #REF! | F10: =+#REF! -> #REF! | G10: =+#REF! -> #REF! | H10: =+#REF! -> #REF! | I10: =+#REF! -> #REF! | J10: =+#REF! -> #REF! | ... L10: =+#REF! -> #REF! | M10: =SUM(C10:L10) -> #REF!
B11: ago | C11: =+#REF! -> #REF! | D11: =+#REF! -> #REF! | E11: =+#REF! -> #REF! | F11: =+#REF! -> #REF! | G11: =+#REF! -> #REF! | H11: =+#REF! -> #REF! | I11: =+#REF! -> #REF! | J11: =+#REF! -> #REF! | ... L11: =+#REF! -> #REF! | M11: =SUM(C11:L11) -> #REF!
B12: sep | C12: =+#REF! -> #REF! | D12: =+#REF! -> #REF! | E12: =+#REF! -> #REF! | F12: =+#REF! -> #REF! | G12: =+#REF! -> #REF! | H12: =+#REF! -> #REF! | I12: =+#REF! -> #REF! | J12: =+#REF! -> #REF! | ... L12: =+#REF! -> #REF! | M12: =SUM(C12:L12) -> #REF!
B13: oct | C13: =+#REF! -> #REF! | D13: =+#REF! -> #REF! | E13: =+#REF! -> #REF! | F13: =+#REF! -> #REF! | G13: =+#REF! -> #REF! | H13: =+#REF! -> #REF! | I13: =+#REF! -> #REF! | J13: =+#REF! -> #REF! | ... L13: =+#REF! -> #REF! | M13: =SUM(C13:L13) -> #REF!
B14: nov | C14: =+#REF! -> #REF! | D14: =+#REF! -> #REF! | E14: =+#REF! -> #REF! | F14: =+#REF! -> #REF! | G14: =+#REF! -> #REF! | H14: =+#REF! -> #REF! | I14: =+#REF! -> #REF! | J14: =+#REF! -> #REF! | ... L14: =+#REF! -> #REF! | M14: =SUM(C14:L14) -> #REF!
B15: dic | C15: =+#REF! -> #REF! | D15: =+#REF! -> #REF! | E15: =+#REF! -> #REF! | F15: =+#REF! -> #REF! | G15: =+#REF! -> #REF! | H15: =+#REF! -> #REF! | I15: =+#REF! -> #REF! | J15: =+#REF! -> #REF! | ... L15: =+#REF! -> #REF! | M15: =SUM(C15:L15) -> #REF!
B16: TOTAL | C16: =SUM(C4:C15) -> #REF! | D16: =SUM(D4:D15) -> #REF! | E16: =SUM(E4:E15) -> #REF! | F16: =SUM(F4:F15) -> #REF! | G16: =SUM(G4:G15) -> #REF! | H16: =SUM(H4:H15) -> #REF! | I16: =SUM(I4:I15) -> #REF! | J16: =SUM(J4:J15) -> #REF! | ... M16: =SUM(M4:M15) -> #REF!
M17: =+M16-#REF! -> #REF!

Sheet Hoja9 (2)
B2: Mes | C2: AÑO 2027 Energia Solicitada (kWh) | D2: AÑO 2028 Energia Solicitada (kWh) | E2: AÑO 2029 Energia Solicitada (kWh) | F2: AÑO 2030 Energia Solicitada (kWh) | G2: AÑO 2031 Energia Solicitada (kWh) | H2: AÑO 2032 Energia Solicitada (kWh) | I2: AÑO 2033 Energia Solicitada (kWh) | J2: AÑO 2034 Energia Solicitada (kWh) | K2: AÑO 2035 Energia Solicitada (kWh) | L2: AÑO 2036 Energia Solicitada (kWh) | M2: TOTAL PRODUCTO 3 Energia Solicitada (kWh)
B3: CURVA | C3: La misma curva de la tabla 9.1.3 del producto 1 | D3: La misma curva de la tabla 9.1.4 del producto 1 | E3: La misma curva de la tabla 9.1.5 del producto 1 | F3: La misma curva de la tabla 9.1.6 del producto 1 | G3: La misma curva de la tabla 9.1.7 del producto 1 | H3: La misma curva de la tabla 9.1.8 del producto 1 | I3: La misma curva de la tabla 9.1.9 del producto 1 | J3: La misma curva de la tabla 9.1.10 del producto 1 | K3: La misma curva de la tabla 9.1.11 del producto 1 | L3: La misma curva de la tabla 9.1.12 del producto 1
B4: ene | C4: =+#REF! -> #REF! | D4: =+#REF! -> #REF! | E4: =+#REF! -> #REF! | F4: =+#REF! -> #REF! | G4: =+#REF! -> #REF! | H4: =+#REF! -> #REF! | I4: =+#REF! -> #REF! | J4: =+#REF! -> #REF! | ... L4: =+#REF! -> #REF! | M4: =SUM(C4:L4) -> #REF!
B5: feb | C5: =+#REF! -> #REF! | D5: =+#REF! -> #REF! | E5: =+#REF! -> #REF! | F5: =+#REF! -> #REF! | G5: =+#REF! -> #REF! | H5: =+#REF! -> #REF! | I5: =+#REF! -> #REF! | J5: =+#REF! -> #REF! | ... L5: =+#REF! -> #REF! | M5: =SUM(C5:L5) -> #REF!
B6: mar | C6: =+#REF! -> #REF! | D6: =+#REF! -> #REF! | E6: =+#REF! -> #REF! | F6: =+#REF! -> #REF! | G6: =+#REF! -> #REF! | H6: =+#REF! -> #REF! | I6: =+#REF! -> #REF! | J6: =+#REF! -> #REF! | ... L6: =+#REF! -> #REF! | M6: =SUM(C6:L6) -> #REF!
B7: abr | C7: =+#REF! -> #REF! | D7: =+#REF! -> #REF! | E7: =+#REF! -> #REF! | F7: =+#REF! -> #REF! | G7: =+#REF! -> #REF! | H7: =+#REF! -> #REF! | I7: =+#REF! -> #REF! | J7: =+#REF! -> #REF! | ... L7: =+#REF! -> #REF! | M7: =SUM(C7:L7) -> #REF!
B8: may | C8: =+#REF! -> #REF! | D8: =+#REF! -> #REF! | E8: =+#REF! -> #REF! | F8: =+#REF! -> #REF! | G8: =+#REF! -> #REF! | H8: =+#REF! -> #REF! | I8: =+#REF! -> #REF! | J8: =+#REF! -> #REF! | ... L8: =+#REF! -> #REF! | M8: =SUM(C8:L8) -> #REF!
B9: jun | C9: =+#REF! -> #REF! | D9: =+#REF! -> #REF! | E9: =+#REF! -> #REF! | F9: =+#REF! -> #REF! | G9: =+#REF! -> #REF! | H9: =+#REF! -> #REF! | I9: =+#REF! -> #REF! | J9: =+#REF! -> #REF! | ... L9: =+#REF! -> #REF! | M9: =SUM(C9:L9) -> #REF!
B10: jul | C10: =+#REF! -> #REF! | D10: =+#REF! -> #REF! | E10: =+#REF! -> #REF! | F10: =+#REF! -> #REF! | G10: =+#REF! -> #REF! | H10: =+#REF! -> #REF! | I10: =+#REF! -> #REF! | J10: =+#REF! -> #REF! | ... L10: =+#REF! -> #REF! | M10: =SUM(C10:L10) -> #REF!
B11: ago | C11: =+#REF! -> #REF! | D11: =+#REF! -> #REF! | E11: =+#REF! -> #REF! | F11: =+#REF! -> #REF! | G11: =+#REF! -> #REF! | H11: =+#REF! -> #REF! | I11: =+#REF! -> #REF! | J11: =+#REF! -> #REF! | ... L11: =+#REF! -> #REF! | M11: =SUM(C11:L11) -> #REF!
B12: sep | C12: =+#REF! -> #REF! | D12: =+#REF! -> #REF! | E12: =+#REF! -> #REF! | F12: =+#REF! -> #REF! | G12: =+#REF! -> #REF! | H12: =+#REF! -> #REF! | I12: =+#REF! -> #REF! | J12: =+#REF! -> #REF! | ... L12: =+#REF! -> #REF! | M12: =SUM(C12:L12) -> #REF!
B13: oct | C13: =+#REF! -> #REF! | D13: =+#REF! -> #REF! | E13: =+#REF! -> #REF! | F13: =+#REF! -> #REF! | G13: =+#REF! -> #REF! | H13: =+#REF! -> #REF! | I13: =+#REF! -> #REF! | J13: =+#REF! -> #REF! | ... L13: =+#REF! -> #REF! | M13: =SUM(C13:L13) -> #REF!
B14: nov | C14: =+#REF! -> #REF! | D14: =+#REF! -> #REF! | E14: =+#REF! -> #REF! | F14: =+#REF! -> #REF! | G14: =+#REF! -> #REF! | H14: =+#REF! -> #REF! | I14: =+#REF! -> #REF! | J14: =+#REF! -> #REF! | ... L14: =+#REF! -> #REF! | M14: =SUM(C14:L14) -> #REF!
B15: dic | C15: =+#REF! -> #REF! | D15: =+#REF! -> #REF! | E15: =+#REF! -> #REF! | F15: =+#REF! -> #REF! | G15: =+#REF! -> #REF! | H15: =+#REF! -> #REF! | I15: =+#REF! -> #REF! | J15: =+#REF! -> #REF! | ... L15: =+#REF! -> #REF! | M15: =SUM(C15:L15) -> #REF!
B16: TOTAL | C16: =SUM(C4:C15) -> #REF! | D16: =SUM(D4:D15) -> #REF! | E16: =SUM(E4:E15) -> #REF! | F16: =SUM(F4:F15) -> #REF! | G16: =SUM(G4:G15) -> #REF! | H16: =SUM(H4:H15) -> #REF! | I16: =SUM(I4:I15) -> #REF! | J16: =SUM(J4:J15) -> #REF! | ... M16: =SUM(M4:M15) -> #REF!
M17: =+M16-#REF! -> #REF!

Sheet Cantidades 1_(2026)
B4: 9.1 TABLAS CANTIDADES DE ENERGÍA REQUERIDA PRODUCTO 1 AÑO 2026 (kWh)
B5: ELETRIFICADORA DE SANTANDER S.A E.S.P.
B6: SOLICITUD PÚBLICA DE OFERTAS CP-ESSC2025-002
B7: PAGUELO CONTRATADO
B10: Mes | C10: Tipo Día | D10: Días | E10: H1 | F10: H2 | G10: H3 | H10: H4 | I10: H5 | J10: H6 | K10: H7 | L10: H8 | M10: H9 | N10: H10 | O10: H11 | P10: H12 | Q10: H13 | R10: H14 | S10: H15 | T10: H16 | U10: H17 | V10: H18 | W10: H19 | X10: H20 | Y10: H21 | Z10: H22 | AA10: H23 | AB10: H24 | AC10: TOTAL MES kWh | AE10: =+AC10 -> TOTAL MES kWh
B11: 46023 | C11: Ordinario | D11: =+'[7]2026'!D15 -> 20 | E11: =ROUND('[7]2026'!E15,2) -> 8287.17 | F11: =ROUND('[7]2026'!F15,2) -> 7838.02 | G11: =ROUND('[7]2026'!G15,2) -> 7513.37 | H11: =ROUND('[7]2026'!H15,2) -> 7286.39 | I11: =ROUND('[7]2026'!I15,2) -> 7232.59 | J11: =ROUND('[7]2026'!J15,2) -> 7409.15 | K11: =ROUND('[7]2026'!K15,2) -> 7353.98 | L11: =ROUND('[7]2026'!L15,2) -> 8223.58 | ... AB11: =ROUND('[7]2026'!AB15,2) -> 9009.71 | AC11: =SUM(E11:AB11)*D11+SUM(E12:AB12)*D12+SUM(E13:AB13)*D13+SUM(E14:AB14)*D14 -> 6885008.4 | AE11: =+AC11 -> 6885008.4
C12: Sábado | D12: =+'[7]2026'!D16 -> 5 | E12: =ROUND('[7]2026'!E16,2) -> 8349.62 | F12: =ROUND('[7]2026'!F16,2) -> 7906.29 | G12: =ROUND('[7]2026'!G16,2) -> 7577.83 | H12: =ROUND('[7]2026'!H16,2) -> 7318.69 | I12: =ROUND('[7]2026'!I16,2) -> 7250.75 | J12: =ROUND('[7]2026'!J16,2) -> 7282.55 | K12: =ROUND('[7]2026'!K16,2) -> 7094.36 | L12: =ROUND('[7]2026'!L16,2) -> 7769.62 | ... AB12: =ROUND('[7]2026'!AB16,2) -> 8976.36 | AE12: =+AC15 -> 6445364.2
C13: Domingo | D13: =+'[7]2026'!D17 -> 4 | E13: =ROUND('[7]2026'!E17,2) -> 8442.66 | F13: =ROUND('[7]2026'!F17,2) -> 8015.14 | G13: =ROUND('[7]2026'!G17,2) -> 7668.43 | H13: =ROUND('[7]2026'!H17,2) -> 7391.33 | I13: =ROUND('[7]2026'!I17,2) -> 7250.46 | J13: =ROUND('[7]2026'!J17,2) -> 7180.99 | K13: =ROUND('[7]2026'!K17,2) -> 6810.69 | L13: =ROUND('[7]2026'!L17,2) -> 7115.07 | ... AB13: =ROUND('[7]2026'!AB17,2) -> 8836.09 | AE13: =+AC19 -> 7112245.3
C14: Festivo | D14: =+'[7]2026'!D18 -> 2 | E14: =ROUND('[7]2026'!E18,2) -> 8442.66 | F14: =ROUND('[7]2026'!F18,2) -> 8015.14 | G14: =ROUND('[7]2026'!G18,2) -> 7668.43 | H14: =ROUND('[7]2026'!H18,2) -> 7391.33 | I14: =ROUND('[7]2026'!I18,2) -> 7250.46 | J14: =ROUND('[7]2026'!J18,2) -> 7180.99 | K14: =ROUND('[7]2026'!K18,2) -> 6810.69 | L14: =ROUND('[7]2026'!L18,2) -> 7115.07 | ... AB14: =ROUND('[7]2026'!AB18,2) -> 8836.09 | AE14: =+AC23 -> 6718171.7
B15: 46054 | C15: Ordinario | D15: =+'[7]2026'!D19 -> 20 | E15: =ROUND('[7]2026'!E19,2) -> 8510.66 | F15: =ROUND('[7]2026'!F19,2) -> 8061.56 | G15: =ROUND('[7]2026'!G19,2) -> 7740.78 | H15: =ROUND('[7]2026'!H19,2) -> 7530.79 | I15: =ROUND('[7]2026'!I19,2) -> 7546.21 | J15: =ROUND('[7]2026'!J19,2) -> 7965.35 | K15: =ROUND('[7]2026'!K19,2) -> 7944.07 | L15: =ROUND('[7]2026'!L19,2) -> 8764.18 | ... AB15: =ROUND('[7]2026'!AB19,2) -> 9147.53 | AC15: =SUM(E15:AB15)*D15+SUM(E16:AB16)*D16+SUM(E17:AB17)*D17+SUM(E18:AB18)*D18 -> 6445364.2 | AE15: =+AC27 -> 6807710.8
B16: Feb | C16: Sábado | D16: =+'[7]2026'!D20 -> 4 | E16: =ROUND('[7]2026'!E20,2) -> 8537.81 | F16: =ROUND('[7]2026'!F20,2) -> 8122.09 | G16: =ROUND('[7]2026'!G20,2) -> 7760.77 | H16: =ROUND('[7]2026'!H20,2) -> 7515.68 | I16: =ROUND('[7]2026'!I20,2) -> 7422.1 | J16: =ROUND('[7]2026'!J20,2) -> 7496.37 | K16: =ROUND('[7]2026'!K20,2) -> 7420.79 | L16: =ROUND('[7]2026'!L20,2) -> 8158.27 | ... AB16: =ROUND('[7]2026'!AB20,2) -> 9228.99 | AE16: =+AC31 -> 6344130.5
B17: Feb | C17: Domingo | D17: =+'[7]2026'!D21 -> 4 | E17: =ROUND('[7]2026'!E21,2) -> 8670.52 | F17: =ROUND('[7]2026'!F21,2) -> 8226.59 | G17: =ROUND('[7]2026'!G21,2) -> 7883.16 | H17: =ROUND('[7]2026'!H21,2) -> 7631.24 | I17: =ROUND('[7]2026'!I21,2) -> 7471.68 | J17: =ROUND('[7]2026'!J21,2) -> 7438.16 | K17: =ROUND('[7]2026'!K21,2) -> 7110.37 | L17: =ROUND('[7]2026'!L21,2) -> 7428.07 | ... AB17: =ROUND('[7]2026'!AB21,2) -> 9252.17 | AE17: =+AC35 -> 6880357.4
B18: Feb | C18: Festivo | D18: =+'[7]2026'!D22 -> 0 | E18: =ROUND('[7]2026'!E22,2) -> 0 | F18: =ROUND('[7]2026'!F22,2) -> 0 | G18: =ROUND('[7]2026'!G22,2) -> 0 | H18: =ROUND('[7]2026'!H22,2) -> 0 | I18: =ROUND('[7]2026'!I22,2) -> 0 | J18: =ROUND('[7]2026'!J22,2) -> 0 | K18: =ROUND('[7]2026'!K22,2) -> 0 | L18: =ROUND('[7]2026'!L22,2) -> 0 | ... AB18: =ROUND('[7]2026'!AB22,2) -> 0 | AE18: =+AC39 -> 6818865.1
B19: 46082 | C19: Ordinario | D19: =+'[7]2026'!D23 -> 21 | E19: =ROUND('[7]2026'!E23,2) -> 8678.23 | F19: =ROUND('[7]2026'!F23,2) -> 8219.61 | G19: =ROUND('[7]2026'!G23,2) -> 7873.99 | H19: =ROUND('[7]2026'!H23,2) -> 7618.92 | I19: =ROUND('[7]2026'!I23,2) -> 7580.58 | J19: =ROUND('[7]2026'!J23,2) -> 7858.15 | K19: =ROUND('[7]2026'!K23,2) -> 7804.18 | L19: =ROUND('[7]2026'!L23,2) -> 8698.76 | ... AB19: =ROUND('[7]2026'!AB23,2) -> 9392.46 | AC19: =SUM(E19:AB19)*D19+SUM(E20:AB20)*D20+SUM(E21:AB21)*D21+SUM(E22:AB22)*D22 -> 7112245.3 | AE19: =+AC43 -> 6736312.6
C20: Sábado | D20: =+'[7]2026'!D24 -> 4 | E20: =ROUND('[7]2026'!E24,2) -> 8703.44 | F20: =ROUND('[7]2026'!F24,2) -> 8230.26 | G20: =ROUND('[7]2026'!G24,2) -> 7896.95 | H20: =ROUND('[7]2026'!H24,2) -> 7633.18 | I20: =ROUND('[7]2026'!I24,2) -> 7475.72 | J20: =ROUND('[7]2026'!J24,2) -> 7451.64 | K20: =ROUND('[7]2026'!K24,2) -> 7342.5 | L20: =ROUND('[7]2026'!L24,2) -> 8044.92 | ... AB20: =ROUND('[7]2026'!AB24,2) -> 9181.35 | AE20: =+AC47 -> 6712169.9
C21: Domingo | D21: =+'[7]2026'!D25 -> 5 | E21: =ROUND('[7]2026'!E25,2) -> 8633.73 | F21: =ROUND('[7]2026'!F25,2) -> 8191.74 | G21: =ROUND('[7]2026'!G25,2) -> 7797.22 | H21: =ROUND('[7]2026'!H25,2) -> 7520.43 | I21: =ROUND('[7]2026'!I25,2) -> 7392.08 | J21: =ROUND('[7]2026'!J25,2) -> 7308.46 | K21: =ROUND('[7]2026'!K25,2) -> 6951.42 | L21: =ROUND('[7]2026'!L25,2) -> 7285.72 | ... AB21: =ROUND('[7]2026'!AB25,2) -> 8951.75 | AE21: =+AC51 -> 6655295.1
C22: Festivo | D22: =+'[7]2026'!D26 -> 1 | E22: =ROUND('[7]2026'!E26,2) -> 8633.73 | F22: =ROUND('[7]2026'!F26,2) -> 8191.74 | G22: =ROUND('[7]2026'!G26,2) -> 7797.22 | H22: =ROUND('[7]2026'!H26,2) -> 7520.43 | I22: =ROUND('[7]2026'!I26,2) -> 7392.08 | J22: =ROUND('[7]2026'!J26,2) -> 7308.46 | K22: =ROUND('[7]2026'!K26,2) -> 6951.42 | L22: =ROUND('[7]2026'!L26,2) -> 7285.72 | ... AB22: =ROUND('[7]2026'!AB26,2) -> 8951.75 | AE22: =+AC55 -> 6831338.7
B23: 46113 | C23: Ordinario | D23: =+'[7]2026'!D27 -> 20 | E23: =ROUND('[7]2026'!E27,2) -> 8466 | F23: =ROUND('[7]2026'!F27,2) -> 8100.99 | G23: =ROUND('[7]2026'!G27,2) -> 7743.23 | H23: =ROUND('[7]2026'!H27,2) -> 7543.26 | I23: =ROUND('[7]2026'!I27,2) -> 7495.48 | J23: =ROUND('[7]2026'!J27,2) -> 7417.67 | K23: =ROUND('[7]2026'!K27,2) -> 7443.42 | L23: =ROUND('[7]2026'!L27,2) -> 8280.11 | ... AB23: =ROUND('[7]2026'!AB27,2) -> 9391.46 | AC23: =SUM(E23:AB23)*D23+SUM(E24:AB24)*D24+SUM(E25:AB25)*D25+SUM(E26:AB26)*D26 -> 6718171.7 | AE23: =SUM(AE11:AE22) -> 80946970
B24: Feb | C24: Sábado | D24: =+'[7]2026'!D28 -> 4 | E24: =ROUND('[7]2026'!E28,2) -> 8173.8 | F24: =ROUND('[7]2026'!F28,2) -> 7770.95 | G24: =ROUND('[7]2026'!G28,2) -> 7464.95 | H24: =ROUND('[7]2026'!H28,2) -> 7239.31 | I24: =ROUND('[7]2026'!I28,2) -> 7246.07 | J24: =ROUND('[7]2026'!J28,2) -> 7335.44 | K24: =ROUND('[7]2026'!K28,2) -> 7500.25 | L24: =ROUND('[7]2026'!L28,2) -> 8316.38 | ... AB24: =ROUND('[7]2026'!AB28,2) -> 8747.04
B25: Feb | C25: Domingo | D25: =+'[7]2026'!D29 -> 4 | E25: =ROUND('[7]2026'!E29,2) -> 8808.92 | F25: =ROUND('[7]2026'!F29,2) -> 8362.86 | G25: =ROUND('[7]2026'!G29,2) -> 7993.35 | H25: =ROUND('[7]2026'!H29,2) -> 7741.29 | I25: =ROUND('[7]2026'!I29,2) -> 7593.61 | J25: =ROUND('[7]2026'!J29,2) -> 7368.41 | K25: =ROUND('[7]2026'!K29,2) -> 7142.78 | L25: =ROUND('[7]2026'!L29,2) -> 7542.91 | ... AB25: =ROUND('[7]2026'!AB29,2) -> 8927.08
B26: Feb | C26: Festivo | D26: =+'[7]2026'!D30 -> 2 | E26: =ROUND('[7]2026'!E30,2) -> 8808.92 | F26: =ROUND('[7]2026'!F30,2) -> 8362.86 | G26: =ROUND('[7]2026'!G30,2) -> 7993.35 | H26: =ROUND('[7]2026'!H30,2) -> 7741.29 | I26: =ROUND('[7]2026'!I30,2) -> 7593.61 | J26: =ROUND('[7]2026'!J30,2) -> 7368.41 | K26: =ROUND('[7]2026'!K30,2) -> 7142.78 | L26: =ROUND('[7]2026'!L30,2) -> 7542.91 | ... AB26: =ROUND('[7]2026'!AB30,2) -> 8927.08
B27: 46143 | C27: Ordinario | D27: =+'[7]2026'!D31 -> 19 | E27: =ROUND('[7]2026'!E31,2) -> 8662.21 | F27: =ROUND('[7]2026'!F31,2) -> 8211.47 | G27: =ROUND('[7]2026'!G31,2) -> 7847.76 | H27: =ROUND('[7]2026'!H31,2) -> 7536.7 | I27: =ROUND('[7]2026'!I31,2) -> 7452.86 | J27: =ROUND('[7]2026'!J31,2) -> 7334.82 | K27: =ROUND('[7]2026'!K31,2) -> 7443.22 | L27: =ROUND('[7]2026'!L31,2) -> 8243.82 | ... AB27: =ROUND('[7]2026'!AB31,2) -> 8920.12 | AC27: =SUM(E27:AB27)*D27+SUM(E28:AB28)*D28+SUM(E29:AB29)*D29+SUM(E30:AB30)*D30 -> 6807710.8
C28: Sábado | D28: =+'[7]2026'!D32 -> 5 | E28: =ROUND('[7]2026'!E32,2) -> 7985.64 | F28: =ROUND('[7]2026'!F32,2) -> 7590.61 | G28: =ROUND('[7]2026'!G32,2) -> 7301.49 | H28: =ROUND('[7]2026'!H32,2) -> 7102.34 | I28: =ROUND('[7]2026'!I32,2) -> 7076.79 | J28: =ROUND('[7]2026'!J32,2) -> 7067.89 | K28: =ROUND('[7]2026'!K32,2) -> 7175.55 | L28: =ROUND('[7]2026'!L32,2) -> 8016.46 | ... AB28: =ROUND('[7]2026'!AB32,2) -> 8558.97
C29: Domingo | D29: =+'[7]2026'!D33 -> 5 | E29: =ROUND('[7]2026'!E33,2) -> 7979.76 | F29: =ROUND('[7]2026'!F33,2) -> 7667.27 | G29: =ROUND('[7]2026'!G33,2) -> 7346.8 | H29: =ROUND('[7]2026'!H33,2) -> 7176.4 | I29: =ROUND('[7]2026'!I33,2) -> 7121.74 | J29: =ROUND('[7]2026'!J33,2) -> 6945 | K29: =ROUND('[7]2026'!K33,2) -> 6916.12 | L29: =ROUND('[7]2026'!L33,2) -> 7452.04 | ... AB29: =ROUND('[7]2026'!AB33,2) -> 9230.05
C30: Festivo | D30: =+'[7]2026'!D34 -> 2 | E30: =ROUND('[7]2026'!E34,2) -> 7979.76 | F30: =ROUND('[7]2026'!F34,2) -> 7667.27 | G30: =ROUND('[7]2026'!G34,2) -> 7346.8 | H30: =ROUND('[7]2026'!H34,2) -> 7176.4 | I30: =ROUND('[7]2026'!I34,2) -> 7121.74 | J30: =ROUND('[7]2026'!J34,2) -> 6945 | K30: =ROUND('[7]2026'!K34,2) -> 6916.12 | L30: =ROUND('[7]2026'!L34,2) -> 7452.04 | ... AB30: =ROUND('[7]2026'!AB34,2) -> 9230.05
B31: 46174 | C31: Ordinario | D31: =+'[7]2026'!D35 -> 19 | E31: =ROUND('[7]2026'!E35,2) -> 7825.8 | F31: =ROUND('[7]2026'!F35,2) -> 7437.29 | G31: =ROUND('[7]2026'!G35,2) -> 7150.24 | H31: =ROUND('[7]2026'!H35,2) -> 6958.69 | I31: =ROUND('[7]2026'!I35,2) -> 6907.52 | J31: =ROUND('[7]2026'!J35,2) -> 6834.14 | K31: =ROUND('[7]2026'!K35,2) -> 6948.17 | L31: =ROUND('[7]2026'!L35,2) -> 7785.11 | ... AB31: =ROUND('[7]2026'!AB35,2) -> 8688.49 | AC31: =SUM(E31:AB31)*D31+SUM(E32:AB32)*D32+SUM(E33:AB33)*D33+SUM(E34:AB34)*D34 -> 6344130.5
B32: Feb | C32: Sábado | D32: =+'[7]2026'!D36 -> 4 | E32: =ROUND('[7]2026'!E36,2) -> 8059.09 | F32: =ROUND('[7]2026'!F36,2) -> 7662.49 | G32: =ROUND('[7]2026'!G36,2) -> 7361.13 | H32: =ROUND('[7]2026'!H36,2) -> 7152.02 | I32: =ROUND('[7]2026'!I36,2) -> 7127.41 | J32: =ROUND('[7]2026'!J36,2) -> 7207.4 | K32: =ROUND('[7]2026'!K36,2) -> 7256.32 | L32: =ROUND('[7]2026'!L36,2) -> 8072.64 | ... AB32: =ROUND('[7]2026'!AB36,2) -> 8704.85
B33: Feb | C33: Domingo | D33: =+'[7]2026'!D37 -> 4 | E33: =ROUND('[7]2026'!E37,2) -> 7671.12 | F33: =ROUND('[7]2026'!F37,2) -> 7361.08 | G33: =ROUND('[7]2026'!G37,2) -> 7107.73 | H33: =ROUND('[7]2026'!H37,2) -> 6943.58 | I33: =ROUND('[7]2026'!I37,2) -> 6878.1 | J33: =ROUND('[7]2026'!J37,2) -> 6685.5 | K33: =ROUND('[7]2026'!K37,2) -> 6597.53 | L33: =ROUND('[7]2026'!L37,2) -> 7134.99 | ... AB33: =ROUND('[7]2026'!AB37,2) -> 8525.57
B34: Feb | C34: Festivo | D34: =+'[7]2026'!D38 -> 3 | E34: =ROUND('[7]2026'!E38,2) -> 7671.12 | F34: =ROUND('[7]2026'!F38,2) -> 7361.08 | G34: =ROUND('[7]2026'!G38,2) -> 7107.73 | H34: =ROUND('[7]2026'!H38,2) -> 6943.58 | I34: =ROUND('[7]2026'!I38,2) -> 6878.1 | J34: =ROUND('[7]2026'!J38,2) -> 6685.5 | K34: =ROUND('[7]2026'!K38,2) -> 6597.53 | L34: =ROUND('[7]2026'!L38,2) -> 7134.99 | ... AB34: =ROUND('[7]2026'!AB38,2) -> 8525.57
B35: 46204 | C35: Ordinario | D35: =+'[7]2026'!D39 -> 22 | E35: =ROUND('[7]2026'!E39,2) -> 8078.9 | F35: =ROUND('[7]2026'!F39,2) -> 7690.1 | G35: =ROUND('[7]2026'!G39,2) -> 7433.8 | H35: =ROUND('[7]2026'!H39,2) -> 7244.06 | I35: =ROUND('[7]2026'!I39,2) -> 7214.64 | J35: =ROUND('[7]2026'!J39,2) -> 7181.01 | K35: =ROUND('[7]2026'!K39,2) -> 7247.11 | L35: =ROUND('[7]2026'!L39,2) -> 8092.51 | ... AB35: =ROUND('[7]2026'!AB39,2) -> 9015.49 | AC35: =SUM(E35:AB35)*D35+SUM(E36:AB36)*D36+SUM(E37:AB37)*D37+SUM(E38:AB38)*D38 -> 6880357.4
C36: Sábado | D36: =+'[7]2026'!D40 -> 4 | E36: =ROUND('[7]2026'!E40,2) -> 8593.08 | F36: =ROUND('[7]2026'!F40,2) -> 8143.02 | G36: =ROUND('[7]2026'!G40,2) -> 7813.16 | H36: =ROUND('[7]2026'!H40,2) -> 7580.43 | I36: =ROUND('[7]2026'!I40,2) -> 7564.38 | J36: =ROUND('[7]2026'!J40,2) -> 7702.94 | K36: =ROUND('[7]2026'!K40,2) -> 7748.12 | L36: =ROUND('[7]2026'!L40,2) -> 8592.96 | ... AB36: =ROUND('[7]2026'!AB40,2) -> 9258.85
C37: Domingo | D37: =+'[7]2026'!D41 -> 4 | E37: =ROUND('[7]2026'!E41,2) -> 8105.12 | F37: =ROUND('[7]2026'!F41,2) -> 7779.55 | G37: =ROUND('[7]2026'!G41,2) -> 7503.96 | H37: =ROUND('[7]2026'!H41,2) -> 7251.67 | I37: =ROUND('[7]2026'!I41,2) -> 7166.97 | J37: =ROUND('[7]2026'!J41,2) -> 7055.29 | K37: =ROUND('[7]2026'!K41,2) -> 6920.82 | L37: =ROUND('[7]2026'!L41,2) -> 7436.88 | ... AB37: =ROUND('[7]2026'!AB41,2) -> 9168.79
C38: Festivo | D38: =+'[7]2026'!D42 -> 1 | E38: =ROUND('[7]2026'!E42,2) -> 8105.12 | F38: =ROUND('[7]2026'!F42,2) -> 7779.55 | G38: =ROUND('[7]2026'!G42,2) -> 7503.96 | H38: =ROUND('[7]2026'!H42,2) -> 7251.67 | I38: =ROUND('[7]2026'!I42,2) -> 7166.97 | J38: =ROUND('[7]2026'!J42,2) -> 7055.29 | K38: =ROUND('[7]2026'!K42,2) -> 6920.82 | L38: =ROUND('[7]2026'!L42,2) -> 7436.88 | ... AB38: =ROUND('[7]2026'!AB42,2) -> 9168.79
B39: 46235 | C39: Ordinario | D39: =+'[7]2026'!D43 -> 19 | E39: =ROUND('[7]2026'!E43,2) -> 8376.33 | F39: =ROUND('[7]2026'!F43,2) -> 7924.97 | G39: =ROUND('[7]2026'!G43,2) -> 7588.19 | H39: =ROUND('[7]2026'!H43,2) -> 7362.66 | I39: =ROUND('[7]2026'!I43,2) -> 7279.82 | J39: =ROUND('[7]2026'!J43,2) -> 7258.95 | K39: =ROUND('[7]2026'!K43,2) -> 7282.79 | L39: =ROUND('[7]2026'!L43,2) -> 8123.14 | ... AB39: =ROUND('[7]2026'!AB43,2) -> 8806.39 | AC39: =SUM(E39:AB39)*D39+SUM(E40:AB40)*D40+SUM(E41:AB41)*D41+SUM(E42:AB42)*D42 -> 6818865.1
B40: Feb | C40: Sábado | D40: =+'[7]2026'!D44 -> 5 | E40: =ROUND('[7]2026'!E44,2) -> 8265.67 | F40: =ROUND('[7]2026'!F44,2) -> 7855.39 | G40: =ROUND('[7]2026'!G44,2) -> 7541.6 | H40: =ROUND('[7]2026'!H44,2) -> 7320.31 | I40: =ROUND('[7]2026'!I44,2) -> 7299.18 | J40: =ROUND('[7]2026'!J44,2) -> 7418.6 | K40: =ROUND('[7]2026'!K44,2) -> 7497.76 | L40: =ROUND('[7]2026'!L44,2) -> 8353.12 | ... AB40: =ROUND('[7]2026'!AB44,2) -> 8862.47
B41: Feb | C41: Domingo | D41: =+'[7]2026'!D45 -> 5 | E41: =ROUND('[7]2026'!E45,2) -> 8261.55 | F41: =ROUND('[7]2026'!F45,2) -> 7830.99 | G41: =ROUND('[7]2026'!G45,2) -> 7496.59 | H41: =ROUND('[7]2026'!H45,2) -> 7254.73 | I41: =ROUND('[7]2026'!I45,2) -> 7153.23 | J41: =ROUND('[7]2026'!J45,2) -> 7016.47 | K41: =ROUND('[7]2026'!K45,2) -> 6866.84 | L41: =ROUND('[7]2026'!L45,2) -> 7366.39 | ... AB41: =ROUND('[7]2026'!AB45,2) -> 8982.75
B42: Feb | C42: Festivo | D42: =+'[7]2026'!D46 -> 2 | E42: =ROUND('[7]2026'!E46,2) -> 8261.55 | F42: =ROUND('[7]2026'!F46,2) -> 7830.99 | G42: =ROUND('[7]2026'!G46,2) -> 7496.59 | H42: =ROUND('[7]2026'!H46,2) -> 7254.73 | I42: =ROUND('[7]2026'!I46,2) -> 7153.23 | J42: =ROUND('[7]2026'!J46,2) -> 7016.47 | K42: =ROUND('[7]2026'!K46,2) -> 6866.84 | L42: =ROUND('[7]2026'!L46,2) -> 7366.39 | ... AB42: =ROUND('[7]2026'!AB46,2) -> 8982.75
B43: 46266 | C43: Ordinario | D43: =+'[7]2026'!D47 -> 22 | E43: =ROUND('[7]2026'!E47,2) -> 8505.46 | F43: =ROUND('[7]2026'!F47,2) -> 8071.34 | G43: =ROUND('[7]2026'!G47,2) -> 7735.47 | H43: =ROUND('[7]2026'!H47,2) -> 7497.52 | I43: =ROUND('[7]2026'!I47,2) -> 7427.7 | J43: =ROUND('[7]2026'!J47,2) -> 7331.81 | K43: =ROUND('[7]2026'!K47,2) -> 7379.24 | L43: =ROUND('[7]2026'!L47,2) -> 8256.82 | ... AB43: =ROUND('[7]2026'!AB47,2) -> 8903.13 | AC43: =SUM(E43:AB43)*D43+SUM(E44:AB44)*D44+SUM(E45:AB45)*D45+SUM(E46:AB46)*D46 -> 6736312.6
C44: Sábado | D44: =+'[7]2026'!D48 -> 4 | E44: =ROUND('[7]2026'!E48,2) -> 7951.28 | F44: =ROUND('[7]2026'!F48,2) -> 7551.11 | G44: =ROUND('[7]2026'!G48,2) -> 7271.87 | H44: =ROUND('[7]2026'!H48,2) -> 7066.04 | I44: =ROUND('[7]2026'!I48,2) -> 7069.41 | J44: =ROUND('[7]2026'!J48,2) -> 7186.57 | K44: =ROUND('[7]2026'!K48,2) -> 7332.86 | L44: =ROUND('[7]2026'!L48,2) -> 8227.47 | ... AB44: =ROUND('[7]2026'!AB48,2) -> 8616.45
C45: Domingo | D45: =+'[7]2026'!D49 -> 4 | E45: =ROUND('[7]2026'!E49,2) -> 8193.67 | F45: =ROUND('[7]2026'!F49,2) -> 7795.04 | G45: =ROUND('[7]2026'!G49,2) -> 7499.95 | H45: =ROUND('[7]2026'!H49,2) -> 7277.05 | I45: =ROUND('[7]2026'!I49,2) -> 7288.71 | J45: =ROUND('[7]2026'!J49,2) -> 7518.42 | K45: =ROUND('[7]2026'!K49,2) -> 7663.16 | L45: =ROUND('[7]2026'!L49,2) -> 8612.26 | ... AB45: =ROUND('[7]2026'!AB49,2) -> 8919.24
C46: Festivo | D46: =+'[7]2026'!D50 -> 0 | E46: =ROUND('[7]2026'!E50,2) -> 0 | F46: =ROUND('[7]2026'!F50,2) -> 0 | G46: =ROUND('[7]2026'!G50,2) -> 0 | H46: =ROUND('[7]2026'!H50,2) -> 0 | I46: =ROUND('[7]2026'!I50,2) -> 0 | J46: =ROUND('[7]2026'!J50,2) -> 0 | K46: =ROUND('[7]2026'!K50,2) -> 0 | L46: =ROUND('[7]2026'!L50,2) -> 0 | ... AB46: =ROUND('[7]2026'!AB50,2) -> 0
B47: 46296 | C47: Ordinario | D47: =+'[7]2026'!D51 -> 21 | E47: =ROUND('[7]2026'!E51,2) -> 8206.1 | F47: =ROUND('[7]2026'!F51,2) -> 7791.14 | G47: =ROUND('[7]2026'!G51,2) -> 7460.85 | H47: =ROUND('[7]2026'!H51,2) -> 7187.83 | I47: =ROUND('[7]2026'!I51,2) -> 7084.23 | J47: =ROUND('[7]2026'!J51,2) -> 7026.71 | K47: =ROUND('[7]2026'!K51,2) -> 7175.03 | L47: =ROUND('[7]2026'!L51,2) -> 8075.28 | ... AB47: =ROUND('[7]2026'!AB51,2) -> 8786.96 | AC47: =SUM(E47:AB47)*D47+SUM(E48:AB48)*D48+SUM(E49:AB49)*D49+SUM(E50:AB50)*D50 -> 6712169.9
B48: Feb | C48: Sábado | D48: =+'[7]2026'!D52 -> 5 | E48: =ROUND('[7]2026'!E52,2) -> 7627.27 | F48: =ROUND('[7]2026'!F52,2) -> 7250.54 | G48: =ROUND('[7]2026'!G52,2) -> 6971.8 | H48: =ROUND('[7]2026'!H52,2) -> 6804.73 | I48: =ROUND('[7]2026'!I52,2) -> 6828.1 | J48: =ROUND('[7]2026'!J52,2) -> 6961.14 | K48: =ROUND('[7]2026'!K52,2) -> 7087.29 | L48: =ROUND('[7]2026'!L52,2) -> 7916.65 | ... AB48: =ROUND('[7]2026'!AB52,2) -> 8228.3
B49: Feb | C49: Domingo | D49: =+'[7]2026'!D53 -> 4 | E49: =ROUND('[7]2026'!E53,2) -> 7708.82 | F49: =ROUND('[7]2026'!F53,2) -> 7382.45 | G49: =ROUND('[7]2026'!G53,2) -> 7122.87 | H49: =ROUND('[7]2026'!H53,2) -> 6963.12 | I49: =ROUND('[7]2026'!I53,2) -> 6907.66 | J49: =ROUND('[7]2026'!J53,2) -> 6798.8 | K49: =ROUND('[7]2026'!K53,2) -> 6637.07 | L49: =ROUND('[7]2026'!L53,2) -> 7158.82 | ... AB49: =ROUND('[7]2026'!AB53,2) -> 8651.64
B50: Feb | C50: Festivo | D50: =+'[7]2026'!D54 -> 1 | E50: =ROUND('[7]2026'!E54,2) -> 7708.82 | F50: =ROUND('[7]2026'!F54,2) -> 7382.45 | G50: =ROUND('[7]2026'!G54,2) -> 7122.87 | H50: =ROUND('[7]2026'!H54,2) -> 6963.12 | I50: =ROUND('[7]2026'!I54,2) -> 6907.66 | J50: =ROUND('[7]2026'!J54,2) -> 6798.8 | K50: =ROUND('[7]2026'!K54,2) -> 6637.07 | L50: =ROUND('[7]2026'!L54,2) -> 7158.82 | ... AB50: =ROUND('[7]2026'!AB54,2) -> 8651.64
B51: 46327 | C51: Ordinario | D51: =+'[7]2026'!D55 -> 19 | E51: =ROUND('[7]2026'!E55,2) -> 8153.51 | F51: =ROUND('[7]2026'!F55,2) -> 7754.63 | G51: =ROUND('[7]2026'!G55,2) -> 7466.54 | H51: =ROUND('[7]2026'!H55,2) -> 7277.91 | I51: =ROUND('[7]2026'!I55,2) -> 7279.6 | J51: =ROUND('[7]2026'!J55,2) -> 7340.15 | K51: =ROUND('[7]2026'!K55,2) -> 7390.94 | L51: =ROUND('[7]2026'!L55,2) -> 8317.79 | ... AB51: =ROUND('[7]2026'!AB55,2) -> 8850.21 | AC51: =SUM(E51:AB51)*D51+SUM(E52:AB52)*D52+SUM(E53:AB53)*D53+SUM(E54:AB54)*D54 -> 6655295.1
C52: Sábado | D52: =+'[7]2026'!D56 -> 4 | E52: =ROUND('[7]2026'!E56,2) -> 8885.74 | F52: =ROUND('[7]2026'!F56,2) -> 8435.97 | G52: =ROUND('[7]2026'!G56,2) -> 8103.62 | H52: =ROUND('[7]2026'!H56,2) -> 7875.02 | I52: =ROUND('[7]2026'!I56,2) -> 7826.6 | J52: =ROUND('[7]2026'!J56,2) -> 7880.98 | K52: =ROUND('[7]2026'!K56,2) -> 7838.68 | L52: =ROUND('[7]2026'!L56,2) -> 8731.73 | ... AB52: =ROUND('[7]2026'!AB56,2) -> 9509.99
C53: Domingo | D53: =+'[7]2026'!D57 -> 5 | E53: =ROUND('[7]2026'!E57,2) -> 8193.56 | F53: =ROUND('[7]2026'!F57,2) -> 7758.22 | G53: =ROUND('[7]2026'!G57,2) -> 7427.75 | H53: =ROUND('[7]2026'!H57,2) -> 7173.92 | I53: =ROUND('[7]2026'!I57,2) -> 7087.92 | J53: =ROUND('[7]2026'!J57,2) -> 6979.83 | K53: =ROUND('[7]2026'!K57,2) -> 6783.92 | L53: =ROUND('[7]2026'!L57,2) -> 7230.77 | ... AB53: =ROUND('[7]2026'!AB57,2) -> 8114.14
C54: Festivo | D54: =+'[7]2026'!D58 -> 2 | E54: =ROUND('[7]2026'!E58,2) -> 8193.56 | F54: =ROUND('[7]2026'!F58,2) -> 7758.22 | G54: =ROUND('[7]2026'!G58,2) -> 7427.75 | H54: =ROUND('[7]2026'!H58,2) -> 7173.92 | I54: =ROUND('[7]2026'!I58,2) -> 7087.92 | J54: =ROUND('[7]2026'!J58,2) -> 6979.83 | K54: =ROUND('[7]2026'!K58,2) -> 6783.92 | L54: =ROUND('[7]2026'!L58,2) -> 7230.77 | ... AB54: =ROUND('[7]2026'!AB58,2) -> 8114.14
B55: 46357 | C55: Ordinario | D55: =+'[7]2026'!D59 -> 21 | E55: =ROUND('[7]2026'!E59,2) -> 8624.02 | F55: =ROUND('[7]2026'!F59,2) -> 8168.89 | G55: =ROUND('[7]2026'!G59,2) -> 7824.87 | H55: =ROUND('[7]2026'!H59,2) -> 7585.75 | I55: =ROUND('[7]2026'!I59,2) -> 7533.21 | J55: =ROUND('[7]2026'!J59,2) -> 7571.48 | K55: =ROUND('[7]2026'!K59,2) -> 7483.71 | L55: =ROUND('[7]2026'!L59,2) -> 8286.49 | ... AB55: =ROUND('[7]2026'!AB59,2) -> 8883.35 | AC55: =SUM(E55:AB55)*D55+SUM(E56:AB56)*D56+SUM(E57:AB57)*D57+SUM(E58:AB58)*D58 -> 6831338.7
B56: Feb | C56: Sábado | D56: =+'[7]2026'!D60 -> 4 | E56: =ROUND('[7]2026'!E60,2) -> 8464.4 | F56: =ROUND('[7]2026'!F60,2) -> 8037.06 | G56: =ROUND('[7]2026'!G60,2) -> 7716.13 | H56: =ROUND('[7]2026'!H60,2) -> 7493.27 | I56: =ROUND('[7]2026'!I60,2) -> 7468.82 | J56: =ROUND('[7]2026'!J60,2) -> 7589.26 | K56: =ROUND('[7]2026'!K60,2) -> 7621.52 | L56: =ROUND('[7]2026'!L60,2) -> 8457.66 | ... AB56: =ROUND('[7]2026'!AB60,2) -> 9096.47
B57: Feb | C57: Domingo | D57: =+'[7]2026'!D61 -> 4 | E57: =ROUND('[7]2026'!E61,2) -> 8413.71 | F57: =ROUND('[7]2026'!F61,2) -> 8152.77 | G57: =ROUND('[7]2026'!G61,2) -> 7905.99 | H57: =ROUND('[7]2026'!H61,2) -> 7669.42 | I57: =ROUND('[7]2026'!I61,2) -> 7533.06 | J57: =ROUND('[7]2026'!J61,2) -> 7335.83 | K57: =ROUND('[7]2026'!K61,2) -> 6880.18 | L57: =ROUND('[7]2026'!L61,2) -> 7108.76 | ... AB57: =ROUND('[7]2026'!AB61,2) -> 8674.43
B58: Feb | C58: Festivo | D58: =+'[7]2026'!D62 -> 2 | E58: =ROUND('[7]2026'!E62,2) -> 8413.71 | F58: =ROUND('[7]2026'!F62,2) -> 8152.77 | G58: =ROUND('[7]2026'!G62,2) -> 7905.99 | H58: =ROUND('[7]2026'!H62,2) -> 7669.42 | I58: =ROUND('[7]2026'!I62,2) -> 7533.06 | J58: =ROUND('[7]2026'!J62,2) -> 7335.83 | K58: =ROUND('[7]2026'!K62,2) -> 6880.18 | L58: =ROUND('[7]2026'!L62,2) -> 7108.76 | ... AB58: =ROUND('[7]2026'!AB62,2) -> 8674.43
Z59: TOTAL AÑO kWh | AC59: =SUM(AC11:AC58) -> 80946970

Sheet Cantidades 2_(2027)
B4: 9.2 TABLAS CANTIDADES DE ENERGÍA REQUERIDA PRODUCTO 2 AÑO 2027 (kWh)
B5: ELETRIFICADORA DE SANTANDER S.A E.S.P.
B6: SOLICITUD PÚBLICA DE OFERTAS CP-ESSC2025-002
B7: PAGUELO CONTRATADO
B10: Mes | C10: Tipo Día | D10: Días | E10: H1 | F10: H2 | G10: H3 | H10: H4 | I10: H5 | J10: H6 | K10: H7 | L10: H8 | M10: H9 | N10: H10 | O10: H11 | P10: H12 | Q10: H13 | R10: H14 | S10: H15 | T10: H16 | U10: H17 | V10: H18 | W10: H19 | X10: H20 | Y10: H21 | Z10: H22 | AA10: H23 | AB10: H24 | AC10: TOTAL MES kWh | AE10: =+AC10 -> TOTAL MES kWh
B11: 46388 | C11: Ordinario | D11: =+'[7]2027'!D15 -> 19 | E11: =ROUND('[7]2027'!E15,2) -> 43171.1 | F11: =ROUND('[7]2027'!F15,2) -> 39285.02 | G11: =ROUND('[7]2027'!G15,2) -> 36255.57 | H11: =ROUND('[7]2027'!H15,2) -> 34072.35 | I11: =ROUND('[7]2027'!I15,2) -> 32359.27 | J11: =ROUND('[7]2027'!J15,2) -> 29013.65 | K11: =ROUND('[7]2027'!K15,2) -> 27055.71 | L11: =ROUND('[7]2027'!L15,2) -> 24975.51 | ... AB11: =ROUND('[7]2027'!AB15,2) -> 66742.82 | AC11: =SUM(E11:AB11)*D11+SUM(E12:AB12)*D12+SUM(E13:AB13)*D13+SUM(E14:AB14)*D14 -> 30208541 | AE11: =+AC11 -> 30208541
C12: Sábado | D12: =+'[7]2027'!D16 -> 5 | E12: =ROUND('[7]2027'!E16,2) -> 43330.5 | F12: =ROUND('[7]2027'!F16,2) -> 39748.79 | G12: =ROUND('[7]2027'!G16,2) -> 36510.03 | H12: =ROUND('[7]2027'!H16,2) -> 33885.66 | I12: =ROUND('[7]2027'!I16,2) -> 32602.29 | J12: =ROUND('[7]2027'!J16,2) -> 29315.97 | K12: =ROUND('[7]2027'!K16,2) -> 26165.34 | L12: =ROUND('[7]2027'!L16,2) -> 22196.35 | ... AB12: =ROUND('[7]2027'!AB16,2) -> 65924.48 | AE12: =+AC15 -> 24071174
C13: Domingo | D13: =+'[7]2027'!D17 -> 5 | E13: =ROUND('[7]2027'!E17,2) -> 45437.1 | F13: =ROUND('[7]2027'!F17,2) -> 42313.62 | G13: =ROUND('[7]2027'!G17,2) -> 38963.35 | H13: =ROUND('[7]2027'!H17,2) -> 35859.14 | I13: =ROUND('[7]2027'!I17,2) -> 34342.83 | J13: =ROUND('[7]2027'!J17,2) -> 30819.21 | K13: =ROUND('[7]2027'!K17,2) -> 27378.92 | L13: =ROUND('[7]2027'!L17,2) -> 21925.47 | ... AB13: =ROUND('[7]2027'!AB17,2) -> 66655.38 | AE13: =+AC19 -> 32942148
C14: Festivo | D14: =+'[7]2027'!D18 -> 2 | E14: =ROUND('[7]2027'!E18,2) -> 45437.1 | F14: =ROUND('[7]2027'!F18,2) -> 42313.62 | G14: =ROUND('[7]2027'!G18,2) -> 38963.35 | H14: =ROUND('[7]2027'!H18,2) -> 35859.14 | I14: =ROUND('[7]2027'!I18,2) -> 34342.83 | J14: =ROUND('[7]2027'!J18,2) -> 30819.21 | K14: =ROUND('[7]2027'!K18,2) -> 27378.92 | L14: =ROUND('[7]2027'!L18,2) -> 21925.47 | ... AB14: =ROUND('[7]2027'!AB18,2) -> 66655.38 | AE14: =+AC23 -> 27847437
B15: 46419 | C15: Ordinario | D15: =+'[7]2027'!D19 -> 20 | E15: =ROUND('[7]2027'!E19,2) -> 38856.48 | F15: =ROUND('[7]2027'!F19,2) -> 35875.05 | G15: =ROUND('[7]2027'!G19,2) -> 33188.93 | H15: =ROUND('[7]2027'!H19,2) -> 31604.99 | I15: =ROUND('[7]2027'!I19,2) -> 30612.15 | J15: =ROUND('[7]2027'!J19,2) -> 27980.2 | K15: =ROUND('[7]2027'!K19,2) -> 26991.91 | L15: =ROUND('[7]2027'!L19,2) -> 26297.5 | ... AB15: =ROUND('[7]2027'!AB19,2) -> 63082.26 | AC15: =SUM(E15:AB15)*D15+SUM(E16:AB16)*D16+SUM(E17:AB17)*D17+SUM(E18:AB18)*D18 -> 24071174 | AE15: =+AC27 -> 25146241
B16: Feb | C16: Sábado | D16: =+'[7]2027'!D20 -> 4 | E16: =ROUND('[7]2027'!E20,2) -> 34735.89 | F16: =ROUND('[7]2027'!F20,2) -> 32632.89 | G16: =ROUND('[7]2027'!G20,2) -> 29722.48 | H16: =ROUND('[7]2027'!H20,2) -> 27737.12 | I16: =ROUND('[7]2027'!I20,2) -> 26252.73 | J16: =ROUND('[7]2027'!J20,2) -> 23237.75 | K16: =ROUND('[7]2027'!K20,2) -> 22613.5 | L16: =ROUND('[7]2027'!L20,2) -> 19631.8 | ... AB16: =ROUND('[7]2027'!AB20,2) -> 62078.81 | AE16: =+AC31 -> 6652499.5
B17: Feb | C17: Domingo | D17: =+'[7]2027'!D21 -> 4 | E17: =ROUND('[7]2027'!E21,2) -> 39324.77 | F17: =ROUND('[7]2027'!F21,2) -> 36814.26 | G17: =ROUND('[7]2027'!G21,2) -> 34223.08 | H17: =ROUND('[7]2027'!H21,2) -> 32635.02 | I17: =ROUND('[7]2027'!I21,2) -> 30645.15 | J17: =ROUND('[7]2027'!J21,2) -> 27396.37 | K17: =ROUND('[7]2027'!K21,2) -> 25352.6 | L17: =ROUND('[7]2027'!L21,2) -> 19887.47 | ... AB17: =ROUND('[7]2027'!AB21,2) -> 68240.07 | AE17: =+AC35 -> 7378392.1
B18: Feb | C18: Festivo | D18: =+'[7]2027'!D22 -> 0 | E18: =ROUND('[7]2027'!E22,2) -> 0 | F18: =ROUND('[7]2027'!F22,2) -> 0 | G18: =ROUND('[7]2027'!G22,2) -> 0 | H18: =ROUND('[7]2027'!H22,2) -> 0 | I18: =ROUND('[7]2027'!I22,2) -> 0 | J18: =ROUND('[7]2027'!J22,2) -> 0 | K18: =ROUND('[7]2027'!K22,2) -> 0 | L18: =ROUND('[7]2027'!L22,2) -> 0 | ... AB18: =ROUND('[7]2027'!AB22,2) -> 0 | AE18: =+AC39 -> 9177870.5
B19: 46447 | C19: Ordinario | D19: =+'[7]2027'!D23 -> 20 | E19: =ROUND('[7]2027'!E23,2) -> 53035.07 | F19: =ROUND('[7]2027'!F23,2) -> 48680.64 | G19: =ROUND('[7]2027'!G23,2) -> 44575.34 | H19: =ROUND('[7]2027'!H23,2) -> 41289.81 | I19: =ROUND('[7]2027'!I23,2) -> 38303.2 | J19: =ROUND('[7]2027'!J23,2) -> 32939.66 | K19: =ROUND('[7]2027'!K23,2) -> 30432.9 | L19: =ROUND('[7]2027'!L23,2) -> 31308.45 | ... AB19: =ROUND('[7]2027'!AB23,2) -> 75628.63 | AC19: =SUM(E19:AB19)*D19+SUM(E20:AB20)*D20+SUM(E21:AB21)*D21+SUM(E22:AB22)*D22 -> 32942148 | AE19: =+AC43 -> 10029118
C20: Sábado | D20: =+'[7]2027'!D24 -> 4 | E20: =ROUND('[7]2027'!E24,2) -> 49965.74 | F20: =ROUND('[7]2027'!F24,2) -> 45851.26 | G20: =ROUND('[7]2027'!G24,2) -> 42607.65 | H20: =ROUND('[7]2027'!H24,2) -> 39990.66 | I20: =ROUND('[7]2027'!I24,2) -> 36384.14 | J20: =ROUND('[7]2027'!J24,2) -> 30672.32 | K20: =ROUND('[7]2027'!K24,2) -> 28004.63 | L20: =ROUND('[7]2027'!L24,2) -> 23199.67 | ... AB20: =ROUND('[7]2027'!AB24,2) -> 68219.8 | AE20: =+AC47 -> 11917265
C21: Domingo | D21: =+'[7]2027'!D25 -> 4 | E21: =ROUND('[7]2027'!E25,2) -> 46959.95 | F21: =ROUND('[7]2027'!F25,2) -> 44152.18 | G21: =ROUND('[7]2027'!G25,2) -> 39880.33 | H21: =ROUND('[7]2027'!H25,2) -> 36939.59 | I21: =ROUND('[7]2027'!I25,2) -> 35073.99 | J21: =ROUND('[7]2027'!J25,2) -> 31210.47 | K21: =ROUND('[7]2027'!K25,2) -> 26938.82 | L21: =ROUND('[7]2027'!L25,2) -> 22899.6 | ... AB21: =ROUND('[7]2027'!AB25,2) -> 73005.94 | AE21: =+AC51 -> 23033067
C22: Festivo | D22: =+'[7]2027'!D26 -> 3 | E22: =ROUND('[7]2027'!E26,2) -> 46959.95 | F22: =ROUND('[7]2027'!F26,2) -> 44152.18 | G22: =ROUND('[7]2027'!G26,2) -> 39880.33 | H22: =ROUND('[7]2027'!H26,2) -> 36939.59 | I22: =ROUND('[7]2027'!I26,2) -> 35073.99 | J22: =ROUND('[7]2027'!J26,2) -> 31210.47 | K22: =ROUND('[7]2027'!K26,2) -> 26938.82 | L22: =ROUND('[7]2027'!L26,2) -> 22899.6 | ... AB22: =ROUND('[7]2027'!AB26,2) -> 73005.94 | AE22: =+AC55 -> 18451290
B23: 46478 | C23: Ordinario | D23: =+'[7]2027'!D27 -> 22 | E23: =ROUND('[7]2027'!E27,2) -> 46244.17 | F23: =ROUND('[7]2027'!F27,2) -> 44513 | G23: =ROUND('[7]2027'!G27,2) -> 40360.02 | H23: =ROUND('[7]2027'!H27,2) -> 39185.15 | I23: =ROUND('[7]2027'!I27,2) -> 36564.13 | J23: =ROUND('[7]2027'!J27,2) -> 26081.98 | K23: =ROUND('[7]2027'!K27,2) -> 23639.25 | L23: =ROUND('[7]2027'!L27,2) -> 21796.15 | ... AB23: =ROUND('[7]2027'!AB27,2) -> 74620.42 | AC23: =SUM(E23:AB23)*D23+SUM(E24:AB24)*D24+SUM(E25:AB25)*D25+SUM(E26:AB26)*D26 -> 27847437 | AE23: =SUM(AE11:AE22) -> 2.2685504e+08
B24: Feb | C24: Sábado | D24: =+'[7]2027'!D28 -> 4 | E24: =ROUND('[7]2027'!E28,2) -> 38104.71 | F24: =ROUND('[7]2027'!F28,2) -> 35417.88 | G24: =ROUND('[7]2027'!G28,2) -> 32498.01 | H24: =ROUND('[7]2027'!H28,2) -> 30342.34 | I24: =ROUND('[7]2027'!I28,2) -> 30489.66 | J24: =ROUND('[7]2027'!J28,2) -> 30842.21 | K24: =ROUND('[7]2027'!K28,2) -> 32446.58 | L24: =ROUND('[7]2027'!L28,2) -> 29939.41 | ... AB24: =ROUND('[7]2027'!AB28,2) -> 55484.53
B25: Feb | C25: Domingo | D25: =+'[7]2027'!D29 -> 4 | E25: =ROUND('[7]2027'!E29,2) -> 48588.36 | F25: =ROUND('[7]2027'!F29,2) -> 45648.92 | G25: =ROUND('[7]2027'!G29,2) -> 43041.6 | H25: =ROUND('[7]2027'!H29,2) -> 40590.75 | I25: =ROUND('[7]2027'!I29,2) -> 38879.28 | J25: =ROUND('[7]2027'!J29,2) -> 33226.5 | K25: =ROUND('[7]2027'!K29,2) -> 30414.74 | L25: =ROUND('[7]2027'!L29,2) -> 26163.04 | ... AB25: =ROUND('[7]2027'!AB29,2) -> 66378.39
B26: Feb | C26: Festivo | D26: =+'[7]2027'!D30 -> 0 | E26: =ROUND('[7]2027'!E30,2) -> 0 | F26: =ROUND('[7]2027'!F30,2) -> 0 | G26: =ROUND('[7]2027'!G30,2) -> 0 | H26: =ROUND('[7]2027'!H30,2) -> 0 | I26: =ROUND('[7]2027'!I30,2) -> 0 | J26: =ROUND('[7]2027'!J30,2) -> 0 | K26: =ROUND('[7]2027'!K30,2) -> 0 | L26: =ROUND('[7]2027'!L30,2) -> 0 | ... AB26: =ROUND('[7]2027'!AB30,2) -> 0
B27: 46508 | C27: Ordinario | D27: =+'[7]2027'!D31 -> 19 | E27: =ROUND('[7]2027'!E31,2) -> 49321.07 | F27: =ROUND('[7]2027'!F31,2) -> 45542.5 | G27: =ROUND('[7]2027'!G31,2) -> 41380.14 | H27: =ROUND('[7]2027'!H31,2) -> 37063.84 | I27: =ROUND('[7]2027'!I31,2) -> 33708.36 | J27: =ROUND('[7]2027'!J31,2) -> 24313.94 | K27: =ROUND('[7]2027'!K31,2) -> 21097.03 | L27: =ROUND('[7]2027'!L31,2) -> 16980.12 | ... AB27: =ROUND('[7]2027'!AB31,2) -> 62274.57 | AC27: =SUM(E27:AB27)*D27+SUM(E28:AB28)*D28+SUM(E29:AB29)*D29+SUM(E30:AB30)*D30 -> 25146241
C28: Sábado | D28: =+'[7]2027'!D32 -> 4 | E28: =ROUND('[7]2027'!E32,2) -> 33504.35 | F28: =ROUND('[7]2027'!F32,2) -> 30664.88 | G28: =ROUND('[7]2027'!G32,2) -> 28799.51 | H28: =ROUND('[7]2027'!H32,2) -> 26875.59 | I28: =ROUND('[7]2027'!I32,2) -> 25789.81 | J28: =ROUND('[7]2027'!J32,2) -> 24464.8 | K28: =ROUND('[7]2027'!K32,2) -> 22474.44 | L28: =ROUND('[7]2027'!L32,2) -> 19994.49 | ... AB28: =ROUND('[7]2027'!AB32,2) -> 52860.97
C29: Domingo | D29: =+'[7]2027'!D33 -> 5 | E29: =ROUND('[7]2027'!E33,2) -> 31153.73 | F29: =ROUND('[7]2027'!F33,2) -> 30720.56 | G29: =ROUND('[7]2027'!G33,2) -> 28260.64 | H29: =ROUND('[7]2027'!H33,2) -> 27445.19 | I29: =ROUND('[7]2027'!I33,2) -> 27449.27 | J29: =ROUND('[7]2027'!J33,2) -> 24984.38 | K29: =ROUND('[7]2027'!K33,2) -> 23928.38 | L29: =ROUND('[7]2027'!L33,2) -> 22259.36 | ... AB29: =ROUND('[7]2027'!AB33,2) -> 69511.53
C30: Festivo | D30: =+'[7]2027'!D34 -> 3 | E30: =ROUND('[7]2027'!E34,2) -> 31153.73 | F30: =ROUND('[7]2027'!F34,2) -> 30720.56 | G30: =ROUND('[7]2027'!G34,2) -> 28260.64 | H30: =ROUND('[7]2027'!H34,2) -> 27445.19 | I30: =ROUND('[7]2027'!I34,2) -> 27449.27 | J30: =ROUND('[7]2027'!J34,2) -> 24984.38 | K30: =ROUND('[7]2027'!K34,2) -> 23928.38 | L30: =ROUND('[7]2027'!L34,2) -> 22259.36 | ... AB30: =ROUND('[7]2027'!AB34,2) -> 69511.53
B31: 46539 | C31: Ordinario | D31: =+'[7]2027'!D35 -> 21 | E31: =ROUND('[7]2027'!E35,2) -> 5000 | F31: =ROUND('[7]2027'!F35,2) -> 5000 | G31: =ROUND('[7]2027'!G35,2) -> 5000 | H31: =ROUND('[7]2027'!H35,2) -> 5000 | I31: =ROUND('[7]2027'!I35,2) -> 5000 | J31: =ROUND('[7]2027'!J35,2) -> 5000 | K31: =ROUND('[7]2027'!K35,2) -> 5000 | L31: =ROUND('[7]2027'!L35,2) -> 5000 | ... AB31: =ROUND('[7]2027'!AB35,2) -> 27993.86 | AC31: =SUM(E31:AB31)*D31+SUM(E32:AB32)*D32+SUM(E33:AB33)*D33+SUM(E34:AB34)*D34 -> 6652499.5
B32: Feb | C32: Sábado | D32: =+'[7]2027'!D36 -> 4 | E32: =ROUND('[7]2027'!E36,2) -> 5000 | F32: =ROUND('[7]2027'!F36,2) -> 5000 | G32: =ROUND('[7]2027'!G36,2) -> 5000 | H32: =ROUND('[7]2027'!H36,2) -> 5000 | I32: =ROUND('[7]2027'!I36,2) -> 5000 | J32: =ROUND('[7]2027'!J36,2) -> 5000 | K32: =ROUND('[7]2027'!K36,2) -> 5000 | L32: =ROUND('[7]2027'!L36,2) -> 5000 | ... AB32: =ROUND('[7]2027'!AB36,2) -> 31643.58
B33: Feb | C33: Domingo | D33: =+'[7]2027'!D37 -> 4 | E33: =ROUND('[7]2027'!E37,2) -> 5000 | F33: =ROUND('[7]2027'!F37,2) -> 5000 | G33: =ROUND('[7]2027'!G37,2) -> 5000 | H33: =ROUND('[7]2027'!H37,2) -> 5000 | I33: =ROUND('[7]2027'!I37,2) -> 5000 | J33: =ROUND('[7]2027'!J37,2) -> 5000 | K33: =ROUND('[7]2027'!K37,2) -> 5000 | L33: =ROUND('[7]2027'!L37,2) -> 5000 | ... AB33: =ROUND('[7]2027'!AB37,2) -> 33862.82
B34: Feb | C34: Festivo | D34: =+'[7]2027'!D38 -> 1 | E34: =ROUND('[7]2027'!E38,2) -> 5000 | F34: =ROUND('[7]2027'!F38,2) -> 5000 | G34: =ROUND('[7]2027'!G38,2) -> 5000 | H34: =ROUND('[7]2027'!H38,2) -> 5000 | I34: =ROUND('[7]2027'!I38,2) -> 5000 | J34: =ROUND('[7]2027'!J38,2) -> 5000 | K34: =ROUND('[7]2027'!K38,2) -> 5000 | L34: =ROUND('[7]2027'!L38,2) -> 5000 | ... AB34: =ROUND('[7]2027'!AB38,2) -> 33862.82
B35: 46569 | C35: Ordinario | D35: =+'[7]2027'!D39 -> 20 | E35: =ROUND('[7]2027'!E39,2) -> 5000 | F35: =ROUND('[7]2027'!F39,2) -> 5000 | G35: =ROUND('[7]2027'!G39,2) -> 5000 | H35: =ROUND('[7]2027'!H39,2) -> 5000 | I35: =ROUND('[7]2027'!I39,2) -> 5000 | J35: =ROUND('[7]2027'!J39,2) -> 5000 | K35: =ROUND('[7]2027'!K39,2) -> 5000 | L35: =ROUND('[7]2027'!L39,2) -> 5000 | ... AB35: =ROUND('[7]2027'!AB39,2) -> 29212.65 | AC35: =SUM(E35:AB35)*D35+SUM(E36:AB36)*D36+SUM(E37:AB37)*D37+SUM(E38:AB38)*D38 -> 7378392.1
C36: Sábado | D36: =+'[7]2027'!D40 -> 5 | E36: =ROUND('[7]2027'!E40,2) -> 5000 | F36: =ROUND('[7]2027'!F40,2) -> 5000 | G36: =ROUND('[7]2027'!G40,2) -> 5000 | H36: =ROUND('[7]2027'!H40,2) -> 5000 | I36: =ROUND('[7]2027'!I40,2) -> 5000 | J36: =ROUND('[7]2027'!J40,2) -> 5000 | K36: =ROUND('[7]2027'!K40,2) -> 5000 | L36: =ROUND('[7]2027'!L40,2) -> 5000 | ... AB36: =ROUND('[7]2027'!AB40,2) -> 27935.75
C37: Domingo | D37: =+'[7]2027'!D41 -> 4 | E37: =ROUND('[7]2027'!E41,2) -> 5000 | F37: =ROUND('[7]2027'!F41,2) -> 5000 | G37: =ROUND('[7]2027'!G41,2) -> 5000 | H37: =ROUND('[7]2027'!H41,2) -> 5000 | I37: =ROUND('[7]2027'!I41,2) -> 5000 | J37: =ROUND('[7]2027'!J41,2) -> 5000 | K37: =ROUND('[7]2027'!K41,2) -> 5000 | L37: =ROUND('[7]2027'!L41,2) -> 5000 | ... AB37: =ROUND('[7]2027'!AB41,2) -> 32781.62
C38: Festivo | D38: =+'[7]2027'!D42 -> 2 | E38: =ROUND('[7]2027'!E42,2) -> 5000 | F38: =ROUND('[7]2027'!F42,2) -> 5000 | G38: =ROUND('[7]2027'!G42,2) -> 5000 | H38: =ROUND('[7]2027'!H42,2) -> 5000 | I38: =ROUND('[7]2027'!I42,2) -> 5000 | J38: =ROUND('[7]2027'!J42,2) -> 5000 | K38: =ROUND('[7]2027'!K42,2) -> 5000 | L38: =ROUND('[7]2027'!L42,2) -> 5000 | ... AB38: =ROUND('[7]2027'!AB42,2) -> 32781.62
B39: 46600 | C39: Ordinario | D39: =+'[7]2027'!D43 -> 21 | E39: =ROUND('[7]2027'!E43,2) -> 5000 | F39: =ROUND('[7]2027'!F43,2) -> 5000 | G39: =ROUND('[7]2027'!G43,2) -> 5000 | H39: =ROUND('[7]2027'!H43,2) -> 5000 | I39: =ROUND('[7]2027'!I43,2) -> 5000 | J39: =ROUND('[7]2027'!J43,2) -> 5000 | K39: =ROUND('[7]2027'!K43,2) -> 5000 | L39: =ROUND('[7]2027'!L43,2) -> 5000 | ... AB39: =ROUND('[7]2027'!AB43,2) -> 34395.69 | AC39: =SUM(E39:AB39)*D39+SUM(E40:AB40)*D40+SUM(E41:AB41)*D41+SUM(E42:AB42)*D42 -> 9177870.5
B40: Feb | C40: Sábado | D40: =+'[7]2027'!D44 -> 3 | E40: =ROUND('[7]2027'!E44,2) -> 5000 | F40: =ROUND('[7]2027'!F44,2) -> 5000 | G40: =ROUND('[7]2027'!G44,2) -> 5000 | H40: =ROUND('[7]2027'!H44,2) -> 5000 | I40: =ROUND('[7]2027'!I44,2) -> 5000 | J40: =ROUND('[7]2027'!J44,2) -> 5000 | K40: =ROUND('[7]2027'!K44,2) -> 5000 | L40: =ROUND('[7]2027'!L44,2) -> 5000 | ... AB40: =ROUND('[7]2027'!AB44,2) -> 38480.28
B41: Feb | C41: Domingo | D41: =+'[7]2027'!D45 -> 5 | E41: =ROUND('[7]2027'!E45,2) -> 5000 | F41: =ROUND('[7]2027'!F45,2) -> 5000 | G41: =ROUND('[7]2027'!G45,2) -> 5000 | H41: =ROUND('[7]2027'!H45,2) -> 5000 | I41: =ROUND('[7]2027'!I45,2) -> 5000 | J41: =ROUND('[7]2027'!J45,2) -> 5000 | K41: =ROUND('[7]2027'!K45,2) -> 5000 | L41: =ROUND('[7]2027'!L45,2) -> 5000 | ... AB41: =ROUND('[7]2027'!AB45,2) -> 48046.76
B42: Feb | C42: Festivo | D42: =+'[7]2027'!D46 -> 2 | E42: =ROUND('[7]2027'!E46,2) -> 5000 | F42: =ROUND('[7]2027'!F46,2) -> 5000 | G42: =ROUND('[7]2027'!G46,2) -> 5000 | H42: =ROUND('[7]2027'!H46,2) -> 5000 | I42: =ROUND('[7]2027'!I46,2) -> 5000 | J42: =ROUND('[7]2027'!J46,2) -> 5000 | K42: =ROUND('[7]2027'!K46,2) -> 5000 | L42: =ROUND('[7]2027'!L46,2) -> 5000 | ... AB42: =ROUND('[7]2027'!AB46,2) -> 48046.76
B43: 46631 | C43: Ordinario | D43: =+'[7]2027'!D47 -> 22 | E43: =ROUND('[7]2027'!E47,2) -> 5000 | F43: =ROUND('[7]2027'!F47,2) -> 5000 | G43: =ROUND('[7]2027'!G47,2) -> 5000 | H43: =ROUND('[7]2027'!H47,2) -> 5000 | I43: =ROUND('[7]2027'!I47,2) -> 5000 | J43: =ROUND('[7]2027'!J47,2) -> 5000 | K43: =ROUND('[7]2027'!K47,2) -> 5000 | L43: =ROUND('[7]2027'!L47,2) -> 5000 | ... AB43: =ROUND('[7]2027'!AB47,2) -> 41772.08 | AC43: =SUM(E43:AB43)*D43+SUM(E44:AB44)*D44+SUM(E45:AB45)*D45+SUM(E46:AB46)*D46 -> 10029118
C44: Sábado | D44: =+'[7]2027'!D48 -> 4 | E44: =ROUND('[7]2027'!E48,2) -> 5000 | F44: =ROUND('[7]2027'!F48,2) -> 5000 | G44: =ROUND('[7]2027'!G48,2) -> 5000 | H44: =ROUND('[7]2027'!H48,2) -> 5000 | I44: =ROUND('[7]2027'!I48,2) -> 5000 | J44: =ROUND('[7]2027'!J48,2) -> 5000 | K44: =ROUND('[7]2027'!K48,2) -> 5000 | L44: =ROUND('[7]2027'!L48,2) -> 5000 | ... AB44: =ROUND('[7]2027'!AB48,2) -> 38971.61
C45: Domingo | D45: =+'[7]2027'!D49 -> 4 | E45: =ROUND('[7]2027'!E49,2) -> 5000 | F45: =ROUND('[7]2027'!F49,2) -> 5000 | G45: =ROUND('[7]2027'!G49,2) -> 5000 | H45: =ROUND('[7]2027'!H49,2) -> 5000 | I45: =ROUND('[7]2027'!I49,2) -> 5000 | J45: =ROUND('[7]2027'!J49,2) -> 5000 | K45: =ROUND('[7]2027'!K49,2) -> 5000 | L45: =ROUND('[7]2027'!L49,2) -> 5000 | ... AB45: =ROUND('[7]2027'!AB49,2) -> 47388.46
C46: Festivo | D46: =+'[7]2027'!D50 -> 0 | E46: =ROUND('[7]2027'!E50,2) -> 0 | F46: =ROUND('[7]2027'!F50,2) -> 0 | G46: =ROUND('[7]2027'!G50,2) -> 0 | H46: =ROUND('[7]2027'!H50,2) -> 0 | I46: =ROUND('[7]2027'!I50,2) -> 0 | J46: =ROUND('[7]2027'!J50,2) -> 0 | K46: =ROUND('[7]2027'!K50,2) -> 0 | L46: =ROUND('[7]2027'!L50,2) -> 0 | ... AB46: =ROUND('[7]2027'!AB50,2) -> 0
B47: 46661 | C47: Ordinario | D47: =+'[7]2027'!D51 -> 20 | E47: =ROUND('[7]2027'!E51,2) -> 5000 | F47: =ROUND('[7]2027'!F51,2) -> 5000 | G47: =ROUND('[7]2027'!G51,2) -> 5000 | H47: =ROUND('[7]2027'!H51,2) -> 5000 | I47: =ROUND('[7]2027'!I51,2) -> 5000 | J47: =ROUND('[7]2027'!J51,2) -> 5000 | K47: =ROUND('[7]2027'!K51,2) -> 5000 | L47: =ROUND('[7]2027'!L51,2) -> 5000 | ... AB47: =ROUND('[7]2027'!AB51,2) -> 48844.8 | AC47: =SUM(E47:AB47)*D47+SUM(E48:AB48)*D48+SUM(E49:AB49)*D49+SUM(E50:AB50)*D50 -> 11917265
B48: Feb | C48: Sábado | D48: =+'[7]2027'!D52 -> 5 | E48: =ROUND('[7]2027'!E52,2) -> 5000 | F48: =ROUND('[7]2027'!F52,2) -> 5000 | G48: =ROUND('[7]2027'!G52,2) -> 5000 | H48: =ROUND('[7]2027'!H52,2) -> 5000 | I48: =ROUND('[7]2027'!I52,2) -> 5000 | J48: =ROUND('[7]2027'!J52,2) -> 5000 | K48: =ROUND('[7]2027'!K52,2) -> 5000 | L48: =ROUND('[7]2027'!L52,2) -> 5000 | ... AB48: =ROUND('[7]2027'!AB52,2) -> 34322.26
B49: Feb | C49: Domingo | D49: =+'[7]2027'!D53 -> 5 | E49: =ROUND('[7]2027'!E53,2) -> 5000 | F49: =ROUND('[7]2027'!F53,2) -> 5000 | G49: =ROUND('[7]2027'!G53,2) -> 5000 | H49: =ROUND('[7]2027'!H53,2) -> 5000 | I49: =ROUND('[7]2027'!I53,2) -> 5000 | J49: =ROUND('[7]2027'!J53,2) -> 5000 | K49: =ROUND('[7]2027'!K53,2) -> 5000 | L49: =ROUND('[7]2027'!L53,2) -> 5000 | ... AB49: =ROUND('[7]2027'!AB53,2) -> 49852.07
B50: Feb | C50: Festivo | D50: =+'[7]2027'!D54 -> 1 | E50: =ROUND('[7]2027'!E54,2) -> 5000 | F50: =ROUND('[7]2027'!F54,2) -> 5000 | G50: =ROUND('[7]2027'!G54,2) -> 5000 | H50: =ROUND('[7]2027'!H54,2) -> 5000 | I50: =ROUND('[7]2027'!I54,2) -> 5000 | J50: =ROUND('[7]2027'!J54,2) -> 5000 | K50: =ROUND('[7]2027'!K54,2) -> 5000 | L50: =ROUND('[7]2027'!L54,2) -> 5000 | ... AB50: =ROUND('[7]2027'!AB54,2) -> 49852.07
B51: 46692 | C51: Ordinario | D51: =+'[7]2027'!D55 -> 20 | E51: =ROUND('[7]2027'!E55,2) -> 33323.14 | F51: =ROUND('[7]2027'!F55,2) -> 30217.77 | G51: =ROUND('[7]2027'!G55,2) -> 27486.43 | H51: =ROUND('[7]2027'!H55,2) -> 25497.93 | I51: =ROUND('[7]2027'!I55,2) -> 23777.36 | J51: =ROUND('[7]2027'!J55,2) -> 17454.51 | K51: =ROUND('[7]2027'!K55,2) -> 12299.23 | L51: =ROUND('[7]2027'!L55,2) -> 10484.62 | ... AB51: =ROUND('[7]2027'!AB55,2) -> 63191.44 | AC51: =SUM(E51:AB51)*D51+SUM(E52:AB52)*D52+SUM(E53:AB53)*D53+SUM(E54:AB54)*D54 -> 23033067
C52: Sábado | D52: =+'[7]2027'!D56 -> 4 | E52: =ROUND('[7]2027'!E56,2) -> 49756.45 | F52: =ROUND('[7]2027'!F56,2) -> 46141.75 | G52: =ROUND('[7]2027'!G56,2) -> 42565.97 | H52: =ROUND('[7]2027'!H56,2) -> 39912.14 | I52: =ROUND('[7]2027'!I56,2) -> 37591.78 | J52: =ROUND('[7]2027'!J56,2) -> 34751.38 | K52: =ROUND('[7]2027'!K56,2) -> 31387.5 | L52: =ROUND('[7]2027'!L56,2) -> 29557.3 | ... AB52: =ROUND('[7]2027'!AB56,2) -> 81582.66
C53: Domingo | D53: =+'[7]2027'!D57 -> 4 | E53: =ROUND('[7]2027'!E57,2) -> 34748.06 | F53: =ROUND('[7]2027'!F57,2) -> 31042.18 | G53: =ROUND('[7]2027'!G57,2) -> 27772.89 | H53: =ROUND('[7]2027'!H57,2) -> 24419.78 | I53: =ROUND('[7]2027'!I57,2) -> 22632.49 | J53: =ROUND('[7]2027'!J57,2) -> 20490.48 | K53: =ROUND('[7]2027'!K57,2) -> 15930.39 | L53: =ROUND('[7]2027'!L57,2) -> 11654.2 | ... AB53: =ROUND('[7]2027'!AB57,2) -> 49801.73
C54: Festivo | D54: =+'[7]2027'!D58 -> 2 | E54: =ROUND('[7]2027'!E58,2) -> 34748.06 | F54: =ROUND('[7]2027'!F58,2) -> 31042.18 | G54: =ROUND('[7]2027'!G58,2) -> 27772.89 | H54: =ROUND('[7]2027'!H58,2) -> 24419.78 | I54: =ROUND('[7]2027'!I58,2) -> 22632.49 | J54: =ROUND('[7]2027'!J58,2) -> 20490.48 | K54: =ROUND('[7]2027'!K58,2) -> 15930.39 | L54: =ROUND('[7]2027'!L58,2) -> 11654.2 | ... AB54: =ROUND('[7]2027'!AB58,2) -> 49801.73
B55: 46722 | C55: Ordinario | D55: =+'[7]2027'!D59 -> 22 | E55: =ROUND('[7]2027'!E59,2) -> 35855.3 | F55: =ROUND('[7]2027'!F59,2) -> 32857.38 | G55: =ROUND('[7]2027'!G59,2) -> 29361.84 | H55: =ROUND('[7]2027'!H59,2) -> 26704.57 | I55: =ROUND('[7]2027'!I59,2) -> 24607.63 | J55: =ROUND('[7]2027'!J59,2) -> 20162.08 | K55: =ROUND('[7]2027'!K59,2) -> 15149.33 | L55: =ROUND('[7]2027'!L59,2) -> 5000 | ... AB55: =ROUND('[7]2027'!AB59,2) -> 53585.03 | AC55: =SUM(E55:AB55)*D55+SUM(E56:AB56)*D56+SUM(E57:AB57)*D57+SUM(E58:AB58)*D58 -> 18451290
B56: Feb | C56: Sábado | D56: =+'[7]2027'!D60 -> 3 | E56: =ROUND('[7]2027'!E60,2) -> 27034.34 | F56: =ROUND('[7]2027'!F60,2) -> 24847.56 | G56: =ROUND('[7]2027'!G60,2) -> 22937.92 | H56: =ROUND('[7]2027'!H60,2) -> 21325.46 | I56: =ROUND('[7]2027'!I60,2) -> 20822.21 | J56: =ROUND('[7]2027'!J60,2) -> 20369.44 | K56: =ROUND('[7]2027'!K60,2) -> 22313.74 | L56: =ROUND('[7]2027'!L60,2) -> 5000 | ... AB56: =ROUND('[7]2027'!AB60,2) -> 59843.67
B57: Feb | C57: Domingo | D57: =+'[7]2027'!D61 -> 4 | E57: =ROUND('[7]2027'!E61,2) -> 27779.68 | F57: =ROUND('[7]2027'!F61,2) -> 28801.05 | G57: =ROUND('[7]2027'!G61,2) -> 28467.22 | H57: =ROUND('[7]2027'!H61,2) -> 26554.84 | I57: =ROUND('[7]2027'!I61,2) -> 24689.86 | J57: =ROUND('[7]2027'!J61,2) -> 19837.77 | K57: =ROUND('[7]2027'!K61,2) -> 12477.71 | L57: =ROUND('[7]2027'!L61,2) -> 5000 | ... AB57: =ROUND('[7]2027'!AB61,2) -> 55198.97
B58: Feb | C58: Festivo | D58: =+'[7]2027'!D62 -> 2 | E58: =ROUND('[7]2027'!E62,2) -> 27779.68 | F58: =ROUND('[7]2027'!F62,2) -> 28801.05 | G58: =ROUND('[7]2027'!G62,2) -> 28467.22 | H58: =ROUND('[7]2027'!H62,2) -> 26554.84 | I58: =ROUND('[7]2027'!I62,2) -> 24689.86 | J58: =ROUND('[7]2027'!J62,2) -> 19837.77 | K58: =ROUND('[7]2027'!K62,2) -> 12477.71 | L58: =ROUND('[7]2027'!L62,2) -> 5000 | ... AB58: =ROUND('[7]2027'!AB62,2) -> 55198.97
Z59: TOTAL AÑO kWh | AC59: =SUM(AC11:AC58) -> 2.2685504e+08

Sheet Cantidades P3_(2028)
B4: 9.3 TABLAS CANTIDADES DE ENERGÍA REQUERIDA PRODUCTO 3 AÑO 2028 (kWh)
B5: ELETRIFICADORA DE SANTANDER S.A E.S.P.
B6: SOLICITUD PÚBLICA DE OFERTAS CP-ESSC2025-002
B7: PAGUELO CONTRATADO
B10: Mes | C10: Tipo Día | D10: Días | E10: H1 | F10: H2 | G10: H3 | H10: H4 | I10: H5 | J10: H6 | K10: H7 | L10: H8 | M10: H9 | N10: H10 | O10: H11 | P10: H12 | Q10: H13 | R10: H14 | S10: H15 | T10: H16 | U10: H17 | V10: H18 | W10: H19 | X10: H20 | Y10: H21 | Z10: H22 | AA10: H23 | AB10: H24 | AC10: TOTAL MES kWh | AE10: =+AC10 -> TOTAL MES kWh
B11: 46753 | C11: Ordinario | D11: =+'[7]2028'!D15 -> 20 | E11: =ROUND('[7]2028'!E15,2) -> 14335.45 | F11: =ROUND('[7]2028'!F15,2) -> 13558.5 | G11: =ROUND('[7]2028'!G15,2) -> 12996.91 | H11: =ROUND('[7]2028'!H15,2) -> 12604.26 | I11: =ROUND('[7]2028'!I15,2) -> 12511.19 | J11: =ROUND('[7]2028'!J15,2) -> 12816.61 | K11: =ROUND('[7]2028'!K15,2) -> 12721.18 | L11: =ROUND('[7]2028'!L15,2) -> 14225.45 | ... AB11: =ROUND('[7]2028'!AB15,2) -> 15585.32 | AC11: =SUM(E11:AB11)*D11+SUM(E12:AB12)*D12+SUM(E13:AB13)*D13+SUM(E14:AB14)*D14 -> 11889624 | AE11: =+AC11 -> 11889624
C12: Sábado | D12: =+'[7]2028'!D16 -> 4 | E12: =ROUND('[7]2028'!E16,2) -> 14443.47 | F12: =ROUND('[7]2028'!F16,2) -> 13676.58 | G12: =ROUND('[7]2028'!G16,2) -> 13108.41 | H12: =ROUND('[7]2028'!H16,2) -> 12660.14 | I12: =ROUND('[7]2028'!I16,2) -> 12542.61 | J12: =ROUND('[7]2028'!J16,2) -> 12597.62 | K12: =ROUND('[7]2028'!K16,2) -> 12272.08 | L12: =ROUND('[7]2028'!L16,2) -> 13440.17 | ... AB12: =ROUND('[7]2028'!AB16,2) -> 15527.63 | AE12: =+AC15 -> 11132864
C13: Domingo | D13: =+'[7]2028'!D17 -> 5 | E13: =ROUND('[7]2028'!E17,2) -> 14604.42 | F13: =ROUND('[7]2028'!F17,2) -> 13864.89 | G13: =ROUND('[7]2028'!G17,2) -> 13265.13 | H13: =ROUND('[7]2028'!H17,2) -> 12785.79 | I13: =ROUND('[7]2028'!I17,2) -> 12542.12 | J13: =ROUND('[7]2028'!J17,2) -> 12421.95 | K13: =ROUND('[7]2028'!K17,2) -> 11781.38 | L13: =ROUND('[7]2028'!L17,2) -> 12307.9 | ... AB13: =ROUND('[7]2028'!AB17,2) -> 15284.99 | AE13: =+AC19 -> 12232068
C14: Festivo | D14: =+'[7]2028'!D18 -> 2 | E14: =ROUND('[7]2028'!E18,2) -> 14604.42 | F14: =ROUND('[7]2028'!F18,2) -> 13864.89 | G14: =ROUND('[7]2028'!G18,2) -> 13265.13 | H14: =ROUND('[7]2028'!H18,2) -> 12785.79 | I14: =ROUND('[7]2028'!I18,2) -> 12542.12 | J14: =ROUND('[7]2028'!J18,2) -> 12421.95 | K14: =ROUND('[7]2028'!K18,2) -> 11781.38 | L14: =ROUND('[7]2028'!L18,2) -> 12307.9 | ... AB14: =ROUND('[7]2028'!AB18,2) -> 15284.99 | AE14: =+AC23 -> 11558910
B15: 46784 | C15: Ordinario | D15: =+'[7]2028'!D19 -> 21 | E15: =ROUND('[7]2028'!E19,2) -> 14184.04 | F15: =ROUND('[7]2028'!F19,2) -> 13435.56 | G15: =ROUND('[7]2028'!G19,2) -> 12900.93 | H15: =ROUND('[7]2028'!H19,2) -> 12550.96 | I15: =ROUND('[7]2028'!I19,2) -> 12576.66 | J15: =ROUND('[7]2028'!J19,2) -> 13275.2 | K15: =ROUND('[7]2028'!K19,2) -> 13239.73 | L15: =ROUND('[7]2028'!L19,2) -> 14606.55 | ... AB15: =ROUND('[7]2028'!AB19,2) -> 15245.45 | AC15: =SUM(E15:AB15)*D15+SUM(E16:AB16)*D16+SUM(E17:AB17)*D17+SUM(E18:AB18)*D18 -> 11132864 | AE15: =+AC27 -> 11676151
B16: Feb | C16: Sábado | D16: =+'[7]2028'!D20 -> 4 | E16: =ROUND('[7]2028'!E20,2) -> 14229.27 | F16: =ROUND('[7]2028'!F20,2) -> 13536.42 | G16: =ROUND('[7]2028'!G20,2) -> 12934.24 | H16: =ROUND('[7]2028'!H20,2) -> 12525.77 | I16: =ROUND('[7]2028'!I20,2) -> 12369.81 | J16: =ROUND('[7]2028'!J20,2) -> 12493.59 | K16: =ROUND('[7]2028'!K20,2) -> 12367.64 | L16: =ROUND('[7]2028'!L20,2) -> 13596.72 | ... AB16: =ROUND('[7]2028'!AB20,2) -> 15381.22 | AE16: =+AC31 -> 10874815
B17: Feb | C17: Domingo | D17: =+'[7]2028'!D21 -> 4 | E17: =ROUND('[7]2028'!E21,2) -> 14450.46 | F17: =ROUND('[7]2028'!F21,2) -> 13710.59 | G17: =ROUND('[7]2028'!G21,2) -> 13138.23 | H17: =ROUND('[7]2028'!H21,2) -> 12718.36 | I17: =ROUND('[7]2028'!I21,2) -> 12452.44 | J17: =ROUND('[7]2028'!J21,2) -> 12396.59 | K17: =ROUND('[7]2028'!K21,2) -> 11850.28 | L17: =ROUND('[7]2028'!L21,2) -> 12379.76 | ... AB17: =ROUND('[7]2028'!AB21,2) -> 15419.85 | AE17: =+AC35 -> 11743794
B18: Feb | C18: Festivo | D18: =+'[7]2028'!D22 -> 0 | E18: =ROUND('[7]2028'!E22,2) -> 0 | F18: =ROUND('[7]2028'!F22,2) -> 0 | G18: =ROUND('[7]2028'!G22,2) -> 0 | H18: =ROUND('[7]2028'!H22,2) -> 0 | I18: =ROUND('[7]2028'!I22,2) -> 0 | J18: =ROUND('[7]2028'!J22,2) -> 0 | K18: =ROUND('[7]2028'!K22,2) -> 0 | L18: =ROUND('[7]2028'!L22,2) -> 0 | ... AB18: =ROUND('[7]2028'!AB22,2) -> 0 | AE18: =+AC39 -> 11620126
B19: 46813 | C19: Ordinario | D19: =+'[7]2028'!D23 -> 22 | E19: =ROUND('[7]2028'!E23,2) -> 14866.45 | F19: =ROUND('[7]2028'!F23,2) -> 14080.79 | G19: =ROUND('[7]2028'!G23,2) -> 13488.72 | H19: =ROUND('[7]2028'!H23,2) -> 13051.76 | I19: =ROUND('[7]2028'!I23,2) -> 12986.08 | J19: =ROUND('[7]2028'!J23,2) -> 13461.58 | K19: =ROUND('[7]2028'!K23,2) -> 13369.14 | L19: =ROUND('[7]2028'!L23,2) -> 14901.61 | ... AB19: =ROUND('[7]2028'!AB23,2) -> 16089.97 | AC19: =SUM(E19:AB19)*D19+SUM(E20:AB20)*D20+SUM(E21:AB21)*D21+SUM(E22:AB22)*D22 -> 12232068 | AE19: =+AC43 -> 11452943
C20: Sábado | D20: =+'[7]2028'!D24 -> 4 | E20: =ROUND('[7]2028'!E24,2) -> 14909.64 | F20: =ROUND('[7]2028'!F24,2) -> 14099.04 | G20: =ROUND('[7]2028'!G24,2) -> 13528.05 | H20: =ROUND('[7]2028'!H24,2) -> 13076.19 | I20: =ROUND('[7]2028'!I24,2) -> 12806.45 | J20: =ROUND('[7]2028'!J24,2) -> 12765.21 | K20: =ROUND('[7]2028'!K24,2) -> 12578.24 | L20: =ROUND('[7]2028'!L24,2) -> 13781.54 | ... AB20: =ROUND('[7]2028'!AB24,2) -> 15728.32 | AE20: =+AC47 -> 11390912
C21: Domingo | D21: =+'[7]2028'!D25 -> 4 | E21: =ROUND('[7]2028'!E25,2) -> 14790.22 | F21: =ROUND('[7]2028'!F25,2) -> 14033.06 | G21: =ROUND('[7]2028'!G25,2) -> 13357.21 | H21: =ROUND('[7]2028'!H25,2) -> 12883.05 | I21: =ROUND('[7]2028'!I25,2) -> 12663.17 | J21: =ROUND('[7]2028'!J25,2) -> 12519.93 | K21: =ROUND('[7]2028'!K25,2) -> 11908.29 | L21: =ROUND('[7]2028'!L25,2) -> 12480.97 | ... AB21: =ROUND('[7]2028'!AB25,2) -> 15335 | AE21: =+AC51 -> 11265844
C22: Festivo | D22: =+'[7]2028'!D26 -> 1 | E22: =ROUND('[7]2028'!E26,2) -> 14790.22 | F22: =ROUND('[7]2028'!F26,2) -> 14033.06 | G22: =ROUND('[7]2028'!G26,2) -> 13357.21 | H22: =ROUND('[7]2028'!H26,2) -> 12883.05 | I22: =ROUND('[7]2028'!I26,2) -> 12663.17 | J22: =ROUND('[7]2028'!J26,2) -> 12519.93 | K22: =ROUND('[7]2028'!K26,2) -> 11908.29 | L22: =ROUND('[7]2028'!L26,2) -> 12480.97 | ... AB22: =ROUND('[7]2028'!AB26,2) -> 15335 | AE22: =+AC55 -> 11538543
B23: 46844 | C23: Ordinario | D23: =+'[7]2028'!D27 -> 18 | E23: =ROUND('[7]2028'!E27,2) -> 14600.06 | F23: =ROUND('[7]2028'!F27,2) -> 13970.59 | G23: =ROUND('[7]2028'!G27,2) -> 13353.61 | H23: =ROUND('[7]2028'!H27,2) -> 13008.75 | I23: =ROUND('[7]2028'!I27,2) -> 12926.36 | J23: =ROUND('[7]2028'!J27,2) -> 12792.17 | K23: =ROUND('[7]2028'!K27,2) -> 12836.58 | L23: =ROUND('[7]2028'!L27,2) -> 14279.48 | ... AB23: =ROUND('[7]2028'!AB27,2) -> 16196.08 | AC23: =SUM(E23:AB23)*D23+SUM(E24:AB24)*D24+SUM(E25:AB25)*D25+SUM(E26:AB26)*D26 -> 11558910 | AE23: =SUM(AE11:AE22) -> 1.3837659e+08
B24: Feb | C24: Sábado | D24: =+'[7]2028'!D28 -> 5 | E24: =ROUND('[7]2028'!E28,2) -> 14096.16 | F24: =ROUND('[7]2028'!F28,2) -> 13401.42 | G24: =ROUND('[7]2028'!G28,2) -> 12873.7 | H24: =ROUND('[7]2028'!H28,2) -> 12484.57 | I24: =ROUND('[7]2028'!I28,2) -> 12496.23 | J24: =ROUND('[7]2028'!J28,2) -> 12650.35 | K24: =ROUND('[7]2028'!K28,2) -> 12934.58 | L24: =ROUND('[7]2028'!L28,2) -> 14342.03 | ... AB24: =ROUND('[7]2028'!AB28,2) -> 15084.73
B25: Feb | C25: Domingo | D25: =+'[7]2028'!D29 -> 5 | E25: =ROUND('[7]2028'!E29,2) -> 15191.45 | F25: =ROUND('[7]2028'!F29,2) -> 14422.2 | G25: =ROUND('[7]2028'!G29,2) -> 13784.96 | H25: =ROUND('[7]2028'!H29,2) -> 13350.27 | I25: =ROUND('[7]2028'!I29,2) -> 13095.58 | J25: =ROUND('[7]2028'!J29,2) -> 12707.22 | K25: =ROUND('[7]2028'!K29,2) -> 12318.11 | L25: =ROUND('[7]2028'!L29,2) -> 13008.15 | ... AB25: =ROUND('[7]2028'!AB29,2) -> 15395.22
B26: Feb | C26: Festivo | D26: =+'[7]2028'!D30 -> 2 | E26: =ROUND('[7]2028'!E30,2) -> 15191.45 | F26: =ROUND('[7]2028'!F30,2) -> 14422.2 | G26: =ROUND('[7]2028'!G30,2) -> 13784.96 | H26: =ROUND('[7]2028'!H30,2) -> 13350.27 | I26: =ROUND('[7]2028'!I30,2) -> 13095.58 | J26: =ROUND('[7]2028'!J30,2) -> 12707.22 | K26: =ROUND('[7]2028'!K30,2) -> 12318.11 | L26: =ROUND('[7]2028'!L30,2) -> 13008.15 | ... AB26: =ROUND('[7]2028'!AB30,2) -> 15395.22
B27: 46874 | C27: Ordinario | D27: =+'[7]2028'!D31 -> 21 | E27: =ROUND('[7]2028'!E31,2) -> 14830.98 | F27: =ROUND('[7]2028'!F31,2) -> 14059.26 | G27: =ROUND('[7]2028'!G31,2) -> 13436.53 | H27: =ROUND('[7]2028'!H31,2) -> 12903.95 | I27: =ROUND('[7]2028'!I31,2) -> 12760.4 | J27: =ROUND('[7]2028'!J31,2) -> 12558.29 | K27: =ROUND('[7]2028'!K31,2) -> 12743.9 | L27: =ROUND('[7]2028'!L31,2) -> 14114.64 | ... AB27: =ROUND('[7]2028'!AB31,2) -> 15272.57 | AC27: =SUM(E27:AB27)*D27+SUM(E28:AB28)*D28+SUM(E29:AB29)*D29+SUM(E30:AB30)*D30 -> 11676151
C28: Sábado | D28: =+'[7]2028'!D32 -> 4 | E28: =ROUND('[7]2028'!E32,2) -> 13672.6 | F28: =ROUND('[7]2028'!F32,2) -> 12996.25 | G28: =ROUND('[7]2028'!G32,2) -> 12501.23 | H28: =ROUND('[7]2028'!H32,2) -> 12160.26 | I28: =ROUND('[7]2028'!I32,2) -> 12116.51 | J28: =ROUND('[7]2028'!J32,2) -> 12101.28 | K28: =ROUND('[7]2028'!K32,2) -> 12285.6 | L28: =ROUND('[7]2028'!L32,2) -> 13725.37 | ... AB28: =ROUND('[7]2028'!AB32,2) -> 14654.23
C29: Domingo | D29: =+'[7]2028'!D33 -> 4 | E29: =ROUND('[7]2028'!E33,2) -> 13662.53 | F29: =ROUND('[7]2028'!F33,2) -> 13127.5 | G29: =ROUND('[7]2028'!G33,2) -> 12578.81 | H29: =ROUND('[7]2028'!H33,2) -> 12287.06 | I29: =ROUND('[7]2028'!I33,2) -> 12193.48 | J29: =ROUND('[7]2028'!J33,2) -> 11890.87 | K29: =ROUND('[7]2028'!K33,2) -> 11841.42 | L29: =ROUND('[7]2028'!L33,2) -> 12758.99 | ... AB29: =ROUND('[7]2028'!AB33,2) -> 15803.22
C30: Festivo | D30: =+'[7]2028'!D34 -> 2 | E30: =ROUND('[7]2028'!E34,2) -> 13662.53 | F30: =ROUND('[7]2028'!F34,2) -> 13127.5 | G30: =ROUND('[7]2028'!G34,2) -> 12578.81 | H30: =ROUND('[7]2028'!H34,2) -> 12287.06 | I30: =ROUND('[7]2028'!I34,2) -> 12193.48 | J30: =ROUND('[7]2028'!J34,2) -> 11890.87 | K30: =ROUND('[7]2028'!K34,2) -> 11841.42 | L30: =ROUND('[7]2028'!L34,2) -> 12758.99 | ... AB30: =ROUND('[7]2028'!AB34,2) -> 15803.22
B31: 46905 | C31: Ordinario | D31: =+'[7]2028'!D35 -> 20 | E31: =ROUND('[7]2028'!E35,2) -> 13392.92 | F31: =ROUND('[7]2028'!F35,2) -> 12728.02 | G31: =ROUND('[7]2028'!G35,2) -> 12236.77 | H31: =ROUND('[7]2028'!H35,2) -> 11908.96 | I31: =ROUND('[7]2028'!I35,2) -> 11821.39 | J31: =ROUND('[7]2028'!J35,2) -> 11695.8 | K31: =ROUND('[7]2028'!K35,2) -> 11890.95 | L31: =ROUND('[7]2028'!L35,2) -> 13323.27 | ... AB31: =ROUND('[7]2028'!AB35,2) -> 14869.3 | AC31: =SUM(E31:AB31)*D31+SUM(E32:AB32)*D32+SUM(E33:AB33)*D33+SUM(E34:AB34)*D34 -> 10874815
B32: Feb | C32: Sábado | D32: =+'[7]2028'!D36 -> 4 | E32: =ROUND('[7]2028'!E36,2) -> 13792.16 | F32: =ROUND('[7]2028'!F36,2) -> 13113.43 | G32: =ROUND('[7]2028'!G36,2) -> 12597.68 | H32: =ROUND('[7]2028'!H36,2) -> 12239.82 | I32: =ROUND('[7]2028'!I36,2) -> 12197.7 | J32: =ROUND('[7]2028'!J36,2) -> 12334.6 | K32: =ROUND('[7]2028'!K36,2) -> 12418.31 | L32: =ROUND('[7]2028'!L36,2) -> 13815.35 | ... AB32: =ROUND('[7]2028'!AB36,2) -> 14897.3
B33: Feb | C33: Domingo | D33: =+'[7]2028'!D37 -> 4 | E33: =ROUND('[7]2028'!E37,2) -> 13128.2 | F33: =ROUND('[7]2028'!F37,2) -> 12597.59 | G33: =ROUND('[7]2028'!G37,2) -> 12164.01 | H33: =ROUND('[7]2028'!H37,2) -> 11883.1 | I33: =ROUND('[7]2028'!I37,2) -> 11771.04 | J33: =ROUND('[7]2028'!J37,2) -> 11441.42 | K33: =ROUND('[7]2028'!K37,2) -> 11290.88 | L33: =ROUND('[7]2028'!L37,2) -> 12210.68 | ... AB33: =ROUND('[7]2028'!AB37,2) -> 14590.49
B34: Feb | C34: Festivo | D34: =+'[7]2028'!D38 -> 2 | E34: =ROUND('[7]2028'!E38,2) -> 13128.2 | F34: =ROUND('[7]2028'!F38,2) -> 12597.59 | G34: =ROUND('[7]2028'!G38,2) -> 12164.01 | H34: =ROUND('[7]2028'!H38,2) -> 11883.1 | I34: =ROUND('[7]2028'!I38,2) -> 11771.04 | J34: =ROUND('[7]2028'!J38,2) -> 11441.42 | K34: =ROUND('[7]2028'!K38,2) -> 11290.88 | L34: =ROUND('[7]2028'!L38,2) -> 12210.68 | ... AB34: =ROUND('[7]2028'!AB38,2) -> 14590.49
B35: 46935 | C35: Ordinario | D35: =+'[7]2028'!D39 -> 19 | E35: =ROUND('[7]2028'!E39,2) -> 13794.23 | F35: =ROUND('[7]2028'!F39,2) -> 13130.38 | G35: =ROUND('[7]2028'!G39,2) -> 12692.76 | H35: =ROUND('[7]2028'!H39,2) -> 12368.8 | I35: =ROUND('[7]2028'!I39,2) -> 12318.55 | J35: =ROUND('[7]2028'!J39,2) -> 12261.13 | K35: =ROUND('[7]2028'!K39,2) -> 12374 | L35: =ROUND('[7]2028'!L39,2) -> 13817.47 | ... AB35: =ROUND('[7]2028'!AB39,2) -> 15393.39 | AC35: =SUM(E35:AB35)*D35+SUM(E36:AB36)*D36+SUM(E37:AB37)*D37+SUM(E38:AB38)*D38 -> 11743794
C36: Sábado | D36: =+'[7]2028'!D40 -> 5 | E36: =ROUND('[7]2028'!E40,2) -> 14672.16 | F36: =ROUND('[7]2028'!F40,2) -> 13903.72 | G36: =ROUND('[7]2028'!G40,2) -> 13340.49 | H36: =ROUND('[7]2028'!H40,2) -> 12943.11 | I36: =ROUND('[7]2028'!I40,2) -> 12915.72 | J36: =ROUND('[7]2028'!J40,2) -> 13152.3 | K36: =ROUND('[7]2028'!K40,2) -> 13229.44 | L36: =ROUND('[7]2028'!L40,2) -> 14671.95 | ... AB36: =ROUND('[7]2028'!AB40,2) -> 15808.92
C37: Domingo | D37: =+'[7]2028'!D41 -> 5 | E37: =ROUND('[7]2028'!E41,2) -> 13839 | F37: =ROUND('[7]2028'!F41,2) -> 13283.11 | G37: =ROUND('[7]2028'!G41,2) -> 12812.55 | H37: =ROUND('[7]2028'!H41,2) -> 12381.79 | I37: =ROUND('[7]2028'!I41,2) -> 12237.17 | J37: =ROUND('[7]2028'!J41,2) -> 12046.47 | K37: =ROUND('[7]2028'!K41,2) -> 11816.88 | L37: =ROUND('[7]2028'!L41,2) -> 12698.02 | ... AB37: =ROUND('[7]2028'!AB41,2) -> 15655.16
C38: Festivo | D38: =+'[7]2028'!D42 -> 2 | E38: =ROUND('[7]2028'!E42,2) -> 13839 | F38: =ROUND('[7]2028'!F42,2) -> 13283.11 | G38: =ROUND('[7]2028'!G42,2) -> 12812.55 | H38: =ROUND('[7]2028'!H42,2) -> 12381.79 | I38: =ROUND('[7]2028'!I42,2) -> 12237.17 | J38: =ROUND('[7]2028'!J42,2) -> 12046.47 | K38: =ROUND('[7]2028'!K42,2) -> 11816.88 | L38: =ROUND('[7]2028'!L42,2) -> 12698.02 | ... AB38: =ROUND('[7]2028'!AB42,2) -> 15655.16
B39: 46966 | C39: Ordinario | D39: =+'[7]2028'!D43 -> 21 | E39: =ROUND('[7]2028'!E43,2) -> 14268.24 | F39: =ROUND('[7]2028'!F43,2) -> 13499.38 | G39: =ROUND('[7]2028'!G43,2) -> 12925.72 | H39: =ROUND('[7]2028'!H43,2) -> 12541.55 | I39: =ROUND('[7]2028'!I43,2) -> 12400.44 | J39: =ROUND('[7]2028'!J43,2) -> 12364.89 | K39: =ROUND('[7]2028'!K43,2) -> 12405.5 | L39: =ROUND('[7]2028'!L43,2) -> 13836.95 | ... AB39: =ROUND('[7]2028'!AB43,2) -> 15000.8 | AC39: =SUM(E39:AB39)*D39+SUM(E40:AB40)*D40+SUM(E41:AB41)*D41+SUM(E42:AB42)*D42 -> 11620126
B40: Feb | C40: Sábado | D40: =+'[7]2028'!D44 -> 4 | E40: =ROUND('[7]2028'!E44,2) -> 14079.74 | F40: =ROUND('[7]2028'!F44,2) -> 13380.87 | G40: =ROUND('[7]2028'!G44,2) -> 12846.35 | H40: =ROUND('[7]2028'!H44,2) -> 12469.41 | I40: =ROUND('[7]2028'!I44,2) -> 12433.42 | J40: =ROUND('[7]2028'!J44,2) -> 12636.83 | K40: =ROUND('[7]2028'!K44,2) -> 12771.68 | L40: =ROUND('[7]2028'!L44,2) -> 14228.7 | ... AB40: =ROUND('[7]2028'!AB44,2) -> 15096.32
B41: Feb | C41: Domingo | D41: =+'[7]2028'!D45 -> 4 | E41: =ROUND('[7]2028'!E45,2) -> 14072.72 | F41: =ROUND('[7]2028'!F45,2) -> 13339.31 | G41: =ROUND('[7]2028'!G45,2) -> 12769.69 | H41: =ROUND('[7]2028'!H45,2) -> 12357.7 | I41: =ROUND('[7]2028'!I45,2) -> 12184.81 | J41: =ROUND('[7]2028'!J45,2) -> 11951.85 | K41: =ROUND('[7]2028'!K45,2) -> 11696.98 | L41: =ROUND('[7]2028'!L45,2) -> 12547.91 | ... AB41: =ROUND('[7]2028'!AB45,2) -> 15301.21
B42: Feb | C42: Festivo | D42: =+'[7]2028'!D46 -> 2 | E42: =ROUND('[7]2028'!E46,2) -> 14072.72 | F42: =ROUND('[7]2028'!F46,2) -> 13339.31 | G42: =ROUND('[7]2028'!G46,2) -> 12769.69 | H42: =ROUND('[7]2028'!H46,2) -> 12357.7 | I42: =ROUND('[7]2028'!I46,2) -> 12184.81 | J42: =ROUND('[7]2028'!J46,2) -> 11951.85 | K42: =ROUND('[7]2028'!K46,2) -> 11696.98 | L42: =ROUND('[7]2028'!L46,2) -> 12547.91 | ... AB42: =ROUND('[7]2028'!AB46,2) -> 15301.21
B43: 46997 | C43: Ordinario | D43: =+'[7]2028'!D47 -> 21 | E43: =ROUND('[7]2028'!E47,2) -> 14461.39 | F43: =ROUND('[7]2028'!F47,2) -> 13723.29 | G43: =ROUND('[7]2028'!G47,2) -> 13152.21 | H43: =ROUND('[7]2028'!H47,2) -> 12747.65 | I43: =ROUND('[7]2028'!I47,2) -> 12628.94 | J43: =ROUND('[7]2028'!J47,2) -> 12465.9 | K43: =ROUND('[7]2028'!K47,2) -> 12546.54 | L43: =ROUND('[7]2028'!L47,2) -> 14038.64 | ... AB43: =ROUND('[7]2028'!AB47,2) -> 15137.54 | AC43: =SUM(E43:AB43)*D43+SUM(E44:AB44)*D44+SUM(E45:AB45)*D45+SUM(E46:AB46)*D46 -> 11452943
C44: Sábado | D44: =+'[7]2028'!D48 -> 5 | E44: =ROUND('[7]2028'!E48,2) -> 13519.15 | F44: =ROUND('[7]2028'!F48,2) -> 12838.76 | G44: =ROUND('[7]2028'!G48,2) -> 12363.99 | H44: =ROUND('[7]2028'!H48,2) -> 12014.02 | I44: =ROUND('[7]2028'!I48,2) -> 12019.76 | J44: =ROUND('[7]2028'!J48,2) -> 12218.96 | K44: =ROUND('[7]2028'!K48,2) -> 12467.68 | L44: =ROUND('[7]2028'!L48,2) -> 13988.74 | ... AB44: =ROUND('[7]2028'!AB48,2) -> 14650.1
C45: Domingo | D45: =+'[7]2028'!D49 -> 4 | E45: =ROUND('[7]2028'!E49,2) -> 13931.27 | F45: =ROUND('[7]2028'!F49,2) -> 13253.5 | G45: =ROUND('[7]2028'!G49,2) -> 12751.78 | H45: =ROUND('[7]2028'!H49,2) -> 12372.79 | I45: =ROUND('[7]2028'!I49,2) -> 12392.62 | J45: =ROUND('[7]2028'!J49,2) -> 12783.18 | K45: =ROUND('[7]2028'!K49,2) -> 13029.27 | L45: =ROUND('[7]2028'!L49,2) -> 14642.98 | ... AB45: =ROUND('[7]2028'!AB49,2) -> 15164.92
C46: Festivo | D46: =+'[7]2028'!D50 -> 0 | E46: =ROUND('[7]2028'!E50,2) -> 0 | F46: =ROUND('[7]2028'!F50,2) -> 0 | G46: =ROUND('[7]2028'!G50,2) -> 0 | H46: =ROUND('[7]2028'!H50,2) -> 0 | I46: =ROUND('[7]2028'!I50,2) -> 0 | J46: =ROUND('[7]2028'!J50,2) -> 0 | K46: =ROUND('[7]2028'!K50,2) -> 0 | L46: =ROUND('[7]2028'!L50,2) -> 0 | ... AB46: =ROUND('[7]2028'!AB50,2) -> 0
B47: 47027 | C47: Ordinario | D47: =+'[7]2028'!D51 -> 21 | E47: =ROUND('[7]2028'!E51,2) -> 13942.35 | F47: =ROUND('[7]2028'!F51,2) -> 13237.31 | G47: =ROUND('[7]2028'!G51,2) -> 12676.14 | H47: =ROUND('[7]2028'!H51,2) -> 12212.27 | I47: =ROUND('[7]2028'!I51,2) -> 12036.27 | J47: =ROUND('[7]2028'!J51,2) -> 11938.53 | K47: =ROUND('[7]2028'!K51,2) -> 12190.54 | L47: =ROUND('[7]2028'!L51,2) -> 13720.07 | ... AB47: =ROUND('[7]2028'!AB51,2) -> 14929.23 | AC47: =SUM(E47:AB47)*D47+SUM(E48:AB48)*D48+SUM(E49:AB49)*D49+SUM(E50:AB50)*D50 -> 11390912
B48: Feb | C48: Sábado | D48: =+'[7]2028'!D52 -> 4 | E48: =ROUND('[7]2028'!E52,2) -> 12958.9 | F48: =ROUND('[7]2028'!F52,2) -> 12318.82 | G48: =ROUND('[7]2028'!G52,2) -> 11845.23 | H48: =ROUND('[7]2028'!H52,2) -> 11561.38 | I48: =ROUND('[7]2028'!I52,2) -> 11601.09 | J48: =ROUND('[7]2028'!J52,2) -> 11827.12 | K48: =ROUND('[7]2028'!K52,2) -> 12041.47 | L48: =ROUND('[7]2028'!L52,2) -> 13450.56 | ... AB48: =ROUND('[7]2028'!AB52,2) -> 13980.06
B49: Feb | C49: Domingo | D49: =+'[7]2028'!D53 -> 5 | E49: =ROUND('[7]2028'!E53,2) -> 13097.45 | F49: =ROUND('[7]2028'!F53,2) -> 12542.94 | G49: =ROUND('[7]2028'!G53,2) -> 12101.91 | H49: =ROUND('[7]2028'!H53,2) -> 11830.5 | I49: =ROUND('[7]2028'!I53,2) -> 11736.27 | J49: =ROUND('[7]2028'!J53,2) -> 11551.3 | K49: =ROUND('[7]2028'!K53,2) -> 11276.52 | L49: =ROUND('[7]2028'!L53,2) -> 12162.99 | ... AB49: =ROUND('[7]2028'!AB53,2) -> 14699.33
B50: Feb | C50: Festivo | D50: =+'[7]2028'!D54 -> 1 | E50: =ROUND('[7]2028'!E54,2) -> 13097.45 | F50: =ROUND('[7]2028'!F54,2) -> 12542.94 | G50: =ROUND('[7]2028'!G54,2) -> 12101.91 | H50: =ROUND('[7]2028'!H54,2) -> 11830.5 | I50: =ROUND('[7]2028'!I54,2) -> 11736.27 | J50: =ROUND('[7]2028'!J54,2) -> 11551.3 | K50: =ROUND('[7]2028'!K54,2) -> 11276.52 | L50: =ROUND('[7]2028'!L54,2) -> 12162.99 | ... AB50: =ROUND('[7]2028'!AB54,2) -> 14699.33
B51: 47058 | C51: Ordinario | D51: =+'[7]2028'!D55 -> 20 | E51: =ROUND('[7]2028'!E55,2) -> 13758.56 | F51: =ROUND('[7]2028'!F55,2) -> 13085.49 | G51: =ROUND('[7]2028'!G55,2) -> 12599.34 | H51: =ROUND('[7]2028'!H55,2) -> 12281.05 | I51: =ROUND('[7]2028'!I55,2) -> 12283.89 | J51: =ROUND('[7]2028'!J55,2) -> 12386.08 | K51: =ROUND('[7]2028'!K55,2) -> 12471.78 | L51: =ROUND('[7]2028'!L55,2) -> 14035.78 | ... AB51: =ROUND('[7]2028'!AB55,2) -> 14934.2 | AC51: =SUM(E51:AB51)*D51+SUM(E52:AB52)*D52+SUM(E53:AB53)*D53+SUM(E54:AB54)*D54 -> 11265844
C52: Sábado | D52: =+'[7]2028'!D56 -> 4 | E52: =ROUND('[7]2028'!E56,2) -> 14994.16 | F52: =ROUND('[7]2028'!F56,2) -> 14235.2 | G52: =ROUND('[7]2028'!G56,2) -> 13674.38 | H52: =ROUND('[7]2028'!H56,2) -> 13288.62 | I52: =ROUND('[7]2028'!I56,2) -> 13206.93 | J52: =ROUND('[7]2028'!J56,2) -> 13298.69 | K52: =ROUND('[7]2028'!K56,2) -> 13227.31 | L52: =ROUND('[7]2028'!L56,2) -> 14734.28 | ... AB52: =ROUND('[7]2028'!AB56,2) -> 16047.54
C53: Domingo | D53: =+'[7]2028'!D57 -> 4 | E53: =ROUND('[7]2028'!E57,2) -> 13826.15 | F53: =ROUND('[7]2028'!F57,2) -> 13091.54 | G53: =ROUND('[7]2028'!G57,2) -> 12533.89 | H53: =ROUND('[7]2028'!H57,2) -> 12105.57 | I53: =ROUND('[7]2028'!I57,2) -> 11960.45 | J53: =ROUND('[7]2028'!J57,2) -> 11778.05 | K53: =ROUND('[7]2028'!K57,2) -> 11447.47 | L53: =ROUND('[7]2028'!L57,2) -> 12201.49 | ... AB53: =ROUND('[7]2028'!AB57,2) -> 13692.13
C54: Festivo | D54: =+'[7]2028'!D58 -> 2 | E54: =ROUND('[7]2028'!E58,2) -> 13826.15 | F54: =ROUND('[7]2028'!F58,2) -> 13091.54 | G54: =ROUND('[7]2028'!G58,2) -> 12533.89 | H54: =ROUND('[7]2028'!H58,2) -> 12105.57 | I54: =ROUND('[7]2028'!I58,2) -> 11960.45 | J54: =ROUND('[7]2028'!J58,2) -> 11778.05 | K54: =ROUND('[7]2028'!K58,2) -> 11447.47 | L54: =ROUND('[7]2028'!L58,2) -> 12201.49 | ... AB54: =ROUND('[7]2028'!AB58,2) -> 13692.13
B55: 47088 | C55: Ordinario | D55: =+'[7]2028'!D59 -> 19 | E55: =ROUND('[7]2028'!E59,2) -> 14595.21 | F55: =ROUND('[7]2028'!F59,2) -> 13824.96 | G55: =ROUND('[7]2028'!G59,2) -> 13242.75 | H55: =ROUND('[7]2028'!H59,2) -> 12838.06 | I55: =ROUND('[7]2028'!I59,2) -> 12749.14 | J55: =ROUND('[7]2028'!J59,2) -> 12813.9 | K55: =ROUND('[7]2028'!K59,2) -> 12665.37 | L55: =ROUND('[7]2028'!L59,2) -> 14023.99 | ... AB55: =ROUND('[7]2028'!AB59,2) -> 15034.11 | AC55: =SUM(E55:AB55)*D55+SUM(E56:AB56)*D56+SUM(E57:AB57)*D57+SUM(E58:AB58)*D58 -> 11538543
B56: Feb | C56: Sábado | D56: =+'[7]2028'!D60 -> 5 | E56: =ROUND('[7]2028'!E60,2) -> 14325.07 | F56: =ROUND('[7]2028'!F60,2) -> 13601.85 | G56: =ROUND('[7]2028'!G60,2) -> 13058.71 | H56: =ROUND('[7]2028'!H60,2) -> 12681.54 | I56: =ROUND('[7]2028'!I60,2) -> 12640.16 | J56: =ROUND('[7]2028'!J60,2) -> 12843.99 | K56: =ROUND('[7]2028'!K60,2) -> 12898.59 | L56: =ROUND('[7]2028'!L60,2) -> 14313.66 | ... AB56: =ROUND('[7]2028'!AB60,2) -> 15394.79
B57: Feb | C57: Domingo | D57: =+'[7]2028'!D61 -> 5 | E57: =ROUND('[7]2028'!E61,2) -> 14239.28 | F57: =ROUND('[7]2028'!F61,2) -> 13797.68 | G57: =ROUND('[7]2028'!G61,2) -> 13380.02 | H57: =ROUND('[7]2028'!H61,2) -> 12979.67 | I57: =ROUND('[7]2028'!I61,2) -> 12748.89 | J57: =ROUND('[7]2028'!J61,2) -> 12415.1 | K57: =ROUND('[7]2028'!K61,2) -> 11643.96 | L57: =ROUND('[7]2028'!L61,2) -> 12030.8 | ... AB57: =ROUND('[7]2028'!AB61,2) -> 14680.53
B58: Feb | C58: Festivo | D58: =+'[7]2028'!D62 -> 2 | E58: =ROUND('[7]2028'!E62,2) -> 14239.28 | F58: =ROUND('[7]2028'!F62,2) -> 13797.68 | G58: =ROUND('[7]2028'!G62,2) -> 13380.02 | H58: =ROUND('[7]2028'!H62,2) -> 12979.67 | I58: =ROUND('[7]2028'!I62,2) -> 12748.89 | J58: =ROUND('[7]2028'!J62,2) -> 12415.1 | K58: =ROUND('[7]2028'!K62,2) -> 11643.96 | L58: =ROUND('[7]2028'!L62,2) -> 12030.8 | ... AB58: =ROUND('[7]2028'!AB62,2) -> 14680.53
Z59: TOTAL AÑO kWh | AC59: =SUM(AC11:AC58) -> 1.3837659e+08

Sheet Cantidades P4_(2029-2040)
B4: 9.4. TABLAS CANTIDADES DE ENERGÍA REQUERIDA PRODUCTO 4 AÑO 2029-2040 (kWh)
B5: ELETRIFICADORA DE SANTANDER S.A E.S.P.
B6: SOLICITUD PÚBLICA DE OFERTAS CP-ESSC2025-002
B7: PAGUELO CONTRATADO
BE8: 1000
B10: Mes | C10: Tipo Día | D10: Días | E10: H1 | F10: H2 | G10: H3 | H10: H4 | I10: H5 | J10: H6 | K10: H7 | L10: H8 | M10: H9 | N10: H10 | O10: H11 | P10: H12 | Q10: H13 | R10: H14 | S10: H15 | T10: H16 | U10: H17 | V10: H18 | W10: H19 | X10: H20 | Y10: H21 | Z10: H22 | AA10: H23 | AB10: H24 | AC10: TOTAL MES kWh | AF10: PERIODO | AG10: H1 | AH10: H2 | AI10: H3 | AJ10: H4 | AK10: H5 | AL10: H6 | AM10: H7 | AN10: H8 | AO10: H9 | AP10: H10 | AQ10: H11 | AR10: H12 | AS10: H13 | AT10: H14 | AU10: H15 | AV10: H16 | AW10: H17 | AX10: H18 | AY10: H19 | AZ10: H20 | BA10: H21 | BB10: H22 | BC10: H23 | BD10: H24 | BE10: TOTAL DIA | BF10: TOTAL AÑO | BH10: Año 2024 | BI10: =(+#REF!)/1000 -> #REF! | BJ10: MWh-año
B11: 47119 | C11: Ordinario | D11: =+'[7]2029'!D15 -> 21 | E11: =ROUND('[7]2029'!E15,2) -> 11367.97 | F11: =ROUND('[7]2029'!F15,2) -> 10751.85 | G11: =ROUND('[7]2029'!G15,2) -> 10306.51 | H11: =ROUND('[7]2029'!H15,2) -> 9995.14 | I11: =ROUND('[7]2029'!I15,2) -> 9921.34 | J11: =ROUND('[7]2029'!J15,2) -> 10163.53 | K11: =ROUND('[7]2029'!K15,2) -> 10087.86 | L11: =ROUND('[7]2029'!L15,2) -> 11280.74 | ... AB11: =ROUND('[7]2029'!AB15,2) -> 12359.11 | AC11: =SUM(E11:AB11)*D11+SUM(E12:AB12)*D12+SUM(E13:AB13)*D13+SUM(E14:AB14)*D14 -> 9459407.6
C12: Sábado | D12: =+'[7]2029'!D16 -> 4 | E12: =ROUND('[7]2029'!E16,2) -> 11453.63 | F12: =ROUND('[7]2029'!F16,2) -> 10845.49 | G12: =ROUND('[7]2029'!G16,2) -> 10394.93 | H12: =ROUND('[7]2029'!H16,2) -> 10039.46 | I12: =ROUND('[7]2029'!I16,2) -> 9946.25 | J12: =ROUND('[7]2029'!J16,2) -> 9989.87 | K12: =ROUND('[7]2029'!K16,2) -> 9731.72 | L12: =ROUND('[7]2029'!L16,2) -> 10658.02 | ... AB12: =ROUND('[7]2029'!AB16,2) -> 12313.36 | BG12: =+AC59/1000 -> 110228.7
C13: Domingo | D13: =+'[7]2029'!D17 -> 4 | E13: =ROUND('[7]2029'!E17,2) -> 11581.27 | F13: =ROUND('[7]2029'!F17,2) -> 10994.81 | G13: =ROUND('[7]2029'!G17,2) -> 10519.21 | H13: =ROUND('[7]2029'!H17,2) -> 10139.09 | I13: =ROUND('[7]2029'!I17,2) -> 9945.86 | J13: =ROUND('[7]2029'!J17,2) -> 9850.57 | K13: =ROUND('[7]2029'!K17,2) -> 9342.6 | L13: =ROUND('[7]2029'!L17,2) -> 9760.13 | ... AB13: =ROUND('[7]2029'!AB17,2) -> 12120.95 | BG13: =(+AC108)/1000 -> 223404.02
C14: Festivo | D14: =+'[7]2029'!D18 -> 2 | E14: =ROUND('[7]2029'!E18,2) -> 11581.27 | F14: =ROUND('[7]2029'!F18,2) -> 10994.81 | G14: =ROUND('[7]2029'!G18,2) -> 10519.21 | H14: =ROUND('[7]2029'!H18,2) -> 10139.09 | I14: =ROUND('[7]2029'!I18,2) -> 9945.86 | J14: =ROUND('[7]2029'!J18,2) -> 9850.57 | K14: =ROUND('[7]2029'!K18,2) -> 9342.6 | L14: =ROUND('[7]2029'!L18,2) -> 9760.13 | ... AB14: =ROUND('[7]2029'!AB18,2) -> 12120.95 | BG14: =(+AC157)/1000 -> 250799.2
B15: 47150 | C15: Ordinario | D15: =+'[7]2029'!D19 -> 20 | E15: =ROUND('[7]2029'!E19,2) -> 11710.62 | F15: =ROUND('[7]2029'!F19,2) -> 11092.66 | G15: =ROUND('[7]2029'!G19,2) -> 10651.26 | H15: =ROUND('[7]2029'!H19,2) -> 10362.32 | I15: =ROUND('[7]2029'!I19,2) -> 10383.53 | J15: =ROUND('[7]2029'!J19,2) -> 10960.26 | K15: =ROUND('[7]2029'!K19,2) -> 10930.98 | L15: =ROUND('[7]2029'!L19,2) -> 12059.45 | ... AB15: =ROUND('[7]2029'!AB19,2) -> 12586.94 | AC15: =SUM(E15:AB15)*D15+SUM(E16:AB16)*D16+SUM(E17:AB17)*D17+SUM(E18:AB18)*D18 -> 8868777.4 | BG15: =(+AC206)/1000 -> 261226.3
B16: Feb | C16: Sábado | D16: =+'[7]2029'!D20 -> 4 | E16: =ROUND('[7]2029'!E20,2) -> 11747.96 | F16: =ROUND('[7]2029'!F20,2) -> 11175.93 | G16: =ROUND('[7]2029'!G20,2) -> 10678.76 | H16: =ROUND('[7]2029'!H20,2) -> 10341.52 | I16: =ROUND('[7]2029'!I20,2) -> 10212.76 | J16: =ROUND('[7]2029'!J20,2) -> 10314.95 | K16: =ROUND('[7]2029'!K20,2) -> 10210.96 | L16: =ROUND('[7]2029'!L20,2) -> 11225.72 | ... AB16: =ROUND('[7]2029'!AB20,2) -> 12699.03 | BG16: =(+AC255)/1000 -> 262855.13
B17: Feb | C17: Domingo | D17: =+'[7]2029'!D21 -> 4 | E17: =ROUND('[7]2029'!E21,2) -> 11930.58 | F17: =ROUND('[7]2029'!F21,2) -> 11319.72 | G17: =ROUND('[7]2029'!G21,2) -> 10847.18 | H17: =ROUND('[7]2029'!H21,2) -> 10500.53 | I17: =ROUND('[7]2029'!I21,2) -> 10280.98 | J17: =ROUND('[7]2029'!J21,2) -> 10234.86 | K17: =ROUND('[7]2029'!K21,2) -> 9783.82 | L17: =ROUND('[7]2029'!L21,2) -> 10220.97 | ... AB17: =ROUND('[7]2029'!AB21,2) -> 12730.92 | BG17: =(+AC304)/1000 -> 283441.36
B18: Feb | C18: Festivo | D18: =+'[7]2029'!D22 -> 0 | E18: =ROUND('[7]2029'!E22,2) -> 0 | F18: =ROUND('[7]2029'!F22,2) -> 0 | G18: =ROUND('[7]2029'!G22,2) -> 0 | H18: =ROUND('[7]2029'!H22,2) -> 0 | I18: =ROUND('[7]2029'!I22,2) -> 0 | J18: =ROUND('[7]2029'!J22,2) -> 0 | K18: =ROUND('[7]2029'!K22,2) -> 0 | L18: =ROUND('[7]2029'!L22,2) -> 0 | ... AB18: =ROUND('[7]2029'!AB22,2) -> 0 | BG18: =(+AC353)/1000 -> 287929.19
B19: 47178 | C19: Ordinario | D19: =+'[7]2029'!D23 -> 19 | E19: =ROUND('[7]2029'!E23,2) -> 11949.54 | F19: =ROUND('[7]2029'!F23,2) -> 11318.04 | G19: =ROUND('[7]2029'!G23,2) -> 10842.13 | H19: =ROUND('[7]2029'!H23,2) -> 10490.91 | I19: =ROUND('[7]2029'!I23,2) -> 10438.12 | J19: =ROUND('[7]2029'!J23,2) -> 10820.32 | K19: =ROUND('[7]2029'!K23,2) -> 10746.01 | L19: =ROUND('[7]2029'!L23,2) -> 11977.8 | ... AB19: =ROUND('[7]2029'!AB23,2) -> 12932.99 | AC19: =SUM(E19:AB19)*D19+SUM(E20:AB20)*D20+SUM(E21:AB21)*D21+SUM(E22:AB22)*D22 -> 9732794.5 | BG19: =(+AC402)/1000 -> 339240.27
C20: Sábado | D20: =+'[7]2029'!D24 -> 5 | E20: =ROUND('[7]2029'!E24,2) -> 11984.25 | F20: =ROUND('[7]2029'!F24,2) -> 11332.7 | G20: =ROUND('[7]2029'!G24,2) -> 10873.75 | H20: =ROUND('[7]2029'!H24,2) -> 10510.54 | I20: =ROUND('[7]2029'!I24,2) -> 10293.73 | J20: =ROUND('[7]2029'!J24,2) -> 10260.58 | K20: =ROUND('[7]2029'!K24,2) -> 10110.29 | L20: =ROUND('[7]2029'!L24,2) -> 11077.5 | ... AB20: =ROUND('[7]2029'!AB24,2) -> 12642.31 | BG20: =+AC451/1000 -> 347827.68
C21: Domingo | D21: =+'[7]2029'!D25 -> 4 | E21: =ROUND('[7]2029'!E25,2) -> 11888.26 | F21: =ROUND('[7]2029'!F25,2) -> 11279.66 | G21: =ROUND('[7]2029'!G25,2) -> 10736.42 | H21: =ROUND('[7]2029'!H25,2) -> 10355.3 | I21: =ROUND('[7]2029'!I25,2) -> 10178.56 | J21: =ROUND('[7]2029'!J25,2) -> 10063.43 | K21: =ROUND('[7]2029'!K25,2) -> 9571.8 | L21: =ROUND('[7]2029'!L25,2) -> 10032.11 | ... AB21: =ROUND('[7]2029'!AB25,2) -> 12326.16 | BG21: =(+AC500)/1000 -> 355874.77
C22: Festivo | D22: =+'[7]2029'!D26 -> 3 | E22: =ROUND('[7]2029'!E26,2) -> 11888.26 | F22: =ROUND('[7]2029'!F26,2) -> 11279.66 | G22: =ROUND('[7]2029'!G26,2) -> 10736.42 | H22: =ROUND('[7]2029'!H26,2) -> 10355.3 | I22: =ROUND('[7]2029'!I26,2) -> 10178.56 | J22: =ROUND('[7]2029'!J26,2) -> 10063.43 | K22: =ROUND('[7]2029'!K26,2) -> 9571.8 | L22: =ROUND('[7]2029'!L26,2) -> 10032.11 | ... AB22: =ROUND('[7]2029'!AB26,2) -> 12326.16 | BG22: =(+AC549)/1000 -> 363922.43
B23: 47209 | C23: Ordinario | D23: =+'[7]2029'!D27 -> 21 | E23: =ROUND('[7]2029'!E27,2) -> 11584.34 | F23: =ROUND('[7]2029'!F27,2) -> 11084.89 | G23: =ROUND('[7]2029'!G27,2) -> 10595.35 | H23: =ROUND('[7]2029'!H27,2) -> 10321.73 | I23: =ROUND('[7]2029'!I27,2) -> 10256.35 | J23: =ROUND('[7]2029'!J27,2) -> 10149.88 | K23: =ROUND('[7]2029'!K27,2) -> 10185.11 | L23: =ROUND('[7]2029'!L27,2) -> 11329.98 | ... AB23: =ROUND('[7]2029'!AB27,2) -> 12850.69 | AC23: =SUM(E23:AB23)*D23+SUM(E24:AB24)*D24+SUM(E25:AB25)*D25+SUM(E26:AB26)*D26 -> 9210470.7 | BG23: =(+AC598)/1000 -> 387247.49
B24: Feb | C24: Sábado | D24: =+'[7]2029'!D28 -> 4 | E24: =ROUND('[7]2029'!E28,2) -> 11184.52 | F24: =ROUND('[7]2029'!F28,2) -> 10633.29 | G24: =ROUND('[7]2029'!G28,2) -> 10214.57 | H24: =ROUND('[7]2029'!H28,2) -> 9905.82 | I24: =ROUND('[7]2029'!I28,2) -> 9915.07 | J24: =ROUND('[7]2029'!J28,2) -> 10037.35 | K24: =ROUND('[7]2029'!K28,2) -> 10262.87 | L24: =ROUND('[7]2029'!L28,2) -> 11379.61 | ... AB24: =ROUND('[7]2029'!AB28,2) -> 11968.9
B25: Feb | C25: Domingo | D25: =+'[7]2029'!D29 -> 5 | E25: =ROUND('[7]2029'!E29,2) -> 12053.57 | F25: =ROUND('[7]2029'!F29,2) -> 11443.22 | G25: =ROUND('[7]2029'!G29,2) -> 10937.6 | H25: =ROUND('[7]2029'!H29,2) -> 10592.7 | I25: =ROUND('[7]2029'!I29,2) -> 10390.62 | J25: =ROUND('[7]2029'!J29,2) -> 10082.48 | K25: =ROUND('[7]2029'!K29,2) -> 9773.74 | L25: =ROUND('[7]2029'!L29,2) -> 10321.25 | ... AB25: =ROUND('[7]2029'!AB29,2) -> 12215.26 | BG25: =+AC599/1000 -> 3473996.5
B26: Feb | C26: Festivo | D26: =+'[7]2029'!D30 -> 0 | E26: =ROUND('[7]2029'!E30,2) -> 0 | F26: =ROUND('[7]2029'!F30,2) -> 0 | G26: =ROUND('[7]2029'!G30,2) -> 0 | H26: =ROUND('[7]2029'!H30,2) -> 0 | I26: =ROUND('[7]2029'!I30,2) -> 0 | J26: =ROUND('[7]2029'!J30,2) -> 0 | K26: =ROUND('[7]2029'!K30,2) -> 0 | L26: =ROUND('[7]2029'!L30,2) -> 0 | ... AB26: =ROUND('[7]2029'!AB30,2) -> 0 | BG26: 1000
B27: 47239 | C27: Ordinario | D27: =+'[7]2029'!D31 -> 21 | E27: =ROUND('[7]2029'!E31,2) -> 11812.4 | F27: =ROUND('[7]2029'!F31,2) -> 11197.75 | G27: =ROUND('[7]2029'!G31,2) -> 10701.77 | H27: =ROUND('[7]2029'!H31,2) -> 10277.59 | I27: =ROUND('[7]2029'!I31,2) -> 10163.25 | J27: =ROUND('[7]2029'!J31,2) -> 10002.28 | K27: =ROUND('[7]2029'!K31,2) -> 10150.11 | L27: =ROUND('[7]2029'!L31,2) -> 11241.86 | ... AB27: =ROUND('[7]2029'!AB31,2) -> 12164.11 | AC27: =SUM(E27:AB27)*D27+SUM(E28:AB28)*D28+SUM(E29:AB29)*D29+SUM(E30:AB30)*D30 -> 9299682.1
C28: Sábado | D28: =+'[7]2029'!D32 -> 4 | E28: =ROUND('[7]2029'!E32,2) -> 10889.79 | F28: =ROUND('[7]2029'!F32,2) -> 10351.1 | G28: =ROUND('[7]2029'!G32,2) -> 9956.83 | H28: =ROUND('[7]2029'!H32,2) -> 9685.26 | I28: =ROUND('[7]2029'!I32,2) -> 9650.42 | J28: =ROUND('[7]2029'!J32,2) -> 9638.28 | K28: =ROUND('[7]2029'!K32,2) -> 9785.09 | L28: =ROUND('[7]2029'!L32,2) -> 10931.82 | ... AB28: =ROUND('[7]2029'!AB32,2) -> 11671.63
C29: Domingo | D29: =+'[7]2029'!D33 -> 4 | E29: =ROUND('[7]2029'!E33,2) -> 10881.77 | F29: =ROUND('[7]2029'!F33,2) -> 10455.64 | G29: =ROUND('[7]2029'!G33,2) -> 10018.62 | H29: =ROUND('[7]2029'!H33,2) -> 9786.25 | I29: =ROUND('[7]2029'!I33,2) -> 9711.72 | J29: =ROUND('[7]2029'!J33,2) -> 9470.7 | K29: =ROUND('[7]2029'!K33,2) -> 9431.31 | L29: =ROUND('[7]2029'!L33,2) -> 10162.13 | ... AB29: =ROUND('[7]2029'!AB33,2) -> 12586.76
C30: Festivo | D30: =+'[7]2029'!D34 -> 2 | E30: =ROUND('[7]2029'!E34,2) -> 10881.77 | F30: =ROUND('[7]2029'!F34,2) -> 10455.64 | G30: =ROUND('[7]2029'!G34,2) -> 10018.62 | H30: =ROUND('[7]2029'!H34,2) -> 9786.25 | I30: =ROUND('[7]2029'!I34,2) -> 9711.72 | J30: =ROUND('[7]2029'!J34,2) -> 9470.7 | K30: =ROUND('[7]2029'!K34,2) -> 9431.31 | L30: =ROUND('[7]2029'!L34,2) -> 10162.13 | ... AB30: =ROUND('[7]2029'!AB34,2) -> 12586.76
B31: 47270 | C31: Ordinario | D31: =+'[7]2029'!D35 -> 19 | E31: =ROUND('[7]2029'!E35,2) -> 10667.66 | F31: =ROUND('[7]2029'!F35,2) -> 10138.06 | G31: =ROUND('[7]2029'!G35,2) -> 9746.78 | H31: =ROUND('[7]2029'!H35,2) -> 9485.67 | I31: =ROUND('[7]2029'!I35,2) -> 9415.92 | J31: =ROUND('[7]2029'!J35,2) -> 9315.88 | K31: =ROUND('[7]2029'!K35,2) -> 9471.32 | L31: =ROUND('[7]2029'!L35,2) -> 10612.19 | ... AB31: =ROUND('[7]2029'!AB35,2) -> 11843.62 | AC31: =SUM(E31:AB31)*D31+SUM(E32:AB32)*D32+SUM(E33:AB33)*D33+SUM(E34:AB34)*D34 -> 8672481.3
B32: Feb | C32: Sábado | D32: =+'[7]2029'!D36 -> 5 | E32: =ROUND('[7]2029'!E36,2) -> 10985.66 | F32: =ROUND('[7]2029'!F36,2) -> 10445.04 | G32: =ROUND('[7]2029'!G36,2) -> 10034.24 | H32: =ROUND('[7]2029'!H36,2) -> 9749.2 | I32: =ROUND('[7]2029'!I36,2) -> 9715.66 | J32: =ROUND('[7]2029'!J36,2) -> 9824.7 | K32: =ROUND('[7]2029'!K36,2) -> 9891.38 | L32: =ROUND('[7]2029'!L36,2) -> 11004.13 | ... AB32: =ROUND('[7]2029'!AB36,2) -> 11865.93
B33: Feb | C33: Domingo | D33: =+'[7]2029'!D37 -> 4 | E33: =ROUND('[7]2029'!E37,2) -> 10456.81 | F33: =ROUND('[7]2029'!F37,2) -> 10034.17 | G33: =ROUND('[7]2029'!G37,2) -> 9688.82 | H33: =ROUND('[7]2029'!H37,2) -> 9465.07 | I33: =ROUND('[7]2029'!I37,2) -> 9375.81 | J33: =ROUND('[7]2029'!J37,2) -> 9113.27 | K33: =ROUND('[7]2029'!K37,2) -> 8993.36 | L33: =ROUND('[7]2029'!L37,2) -> 9725.99 | ... AB33: =ROUND('[7]2029'!AB37,2) -> 11621.54
B34: Feb | C34: Festivo | D34: =+'[7]2029'!D38 -> 2 | E34: =ROUND('[7]2029'!E38,2) -> 10456.81 | F34: =ROUND('[7]2029'!F38,2) -> 10034.17 | G34: =ROUND('[7]2029'!G38,2) -> 9688.82 | H34: =ROUND('[7]2029'!H38,2) -> 9465.07 | I34: =ROUND('[7]2029'!I38,2) -> 9375.81 | J34: =ROUND('[7]2029'!J38,2) -> 9113.27 | K34: =ROUND('[7]2029'!K38,2) -> 8993.36 | L34: =ROUND('[7]2029'!L38,2) -> 9725.99 | ... AB34: =ROUND('[7]2029'!AB38,2) -> 11621.54
B35: 47300 | C35: Ordinario | D35: =+'[7]2029'!D39 -> 20 | E35: =ROUND('[7]2029'!E39,2) -> 11006.34 | F35: =ROUND('[7]2029'!F39,2) -> 10476.65 | G35: =ROUND('[7]2029'!G39,2) -> 10127.48 | H35: =ROUND('[7]2029'!H39,2) -> 9868.99 | I35: =ROUND('[7]2029'!I39,2) -> 9828.9 | J35: =ROUND('[7]2029'!J39,2) -> 9783.09 | K35: =ROUND('[7]2029'!K39,2) -> 9873.15 | L35: =ROUND('[7]2029'!L39,2) -> 11024.88 | ... AB35: =ROUND('[7]2029'!AB39,2) -> 12282.3 | AC35: =SUM(E35:AB35)*D35+SUM(E36:AB36)*D36+SUM(E37:AB37)*D37+SUM(E38:AB38)*D38 -> 9351870.8
C36: Sábado | D36: =+'[7]2029'!D40 -> 4 | E36: =ROUND('[7]2029'!E40,2) -> 11706.83 | F36: =ROUND('[7]2029'!F40,2) -> 11093.7 | G36: =ROUND('[7]2029'!G40,2) -> 10644.31 | H36: =ROUND('[7]2029'!H40,2) -> 10327.24 | I36: =ROUND('[7]2029'!I40,2) -> 10305.38 | J36: =ROUND('[7]2029'!J40,2) -> 10494.15 | K36: =ROUND('[7]2029'!K40,2) -> 10555.7 | L36: =ROUND('[7]2029'!L40,2) -> 11706.66 | ... AB36: =ROUND('[7]2029'!AB40,2) -> 12613.85
C37: Domingo | D37: =+'[7]2029'!D41 -> 5 | E37: =ROUND('[7]2029'!E41,2) -> 11042.06 | F37: =ROUND('[7]2029'!F41,2) -> 10598.52 | G37: =ROUND('[7]2029'!G41,2) -> 10223.06 | H37: =ROUND('[7]2029'!H41,2) -> 9879.36 | I37: =ROUND('[7]2029'!I41,2) -> 9763.97 | J37: =ROUND('[7]2029'!J41,2) -> 9611.81 | K37: =ROUND('[7]2029'!K41,2) -> 9428.63 | L37: =ROUND('[7]2029'!L41,2) -> 10131.68 | ... AB37: =ROUND('[7]2029'!AB41,2) -> 12491.16
C38: Festivo | D38: =+'[7]2029'!D42 -> 2 | E38: =ROUND('[7]2029'!E42,2) -> 11042.06 | F38: =ROUND('[7]2029'!F42,2) -> 10598.52 | G38: =ROUND('[7]2029'!G42,2) -> 10223.06 | H38: =ROUND('[7]2029'!H42,2) -> 9879.36 | I38: =ROUND('[7]2029'!I42,2) -> 9763.97 | J38: =ROUND('[7]2029'!J42,2) -> 9611.81 | K38: =ROUND('[7]2029'!K42,2) -> 9428.63 | L38: =ROUND('[7]2029'!L42,2) -> 10131.68 | ... AB38: =ROUND('[7]2029'!AB42,2) -> 12491.16
B39: 47331 | C39: Ordinario | D39: =+'[7]2029'!D43 -> 21 | E39: =ROUND('[7]2029'!E43,2) -> 11366.68 | F39: =ROUND('[7]2029'!F43,2) -> 10754.17 | G39: =ROUND('[7]2029'!G43,2) -> 10297.17 | H39: =ROUND('[7]2029'!H43,2) -> 9991.13 | I39: =ROUND('[7]2029'!I43,2) -> 9878.71 | J39: =ROUND('[7]2029'!J43,2) -> 9850.39 | K39: =ROUND('[7]2029'!K43,2) -> 9882.74 | L39: =ROUND('[7]2029'!L43,2) -> 11023.09 | ... AB39: =ROUND('[7]2029'!AB43,2) -> 11950.26 | AC39: =SUM(E39:AB39)*D39+SUM(E40:AB40)*D40+SUM(E41:AB41)*D41+SUM(E42:AB42)*D42 -> 9257080.3
B40: Feb | C40: Sábado | D40: =+'[7]2029'!D44 -> 4 | E40: =ROUND('[7]2029'!E44,2) -> 11216.51 | F40: =ROUND('[7]2029'!F44,2) -> 10659.76 | G40: =ROUND('[7]2029'!G44,2) -> 10233.94 | H40: =ROUND('[7]2029'!H44,2) -> 9933.66 | I40: =ROUND('[7]2029'!I44,2) -> 9904.99 | J40: =ROUND('[7]2029'!J44,2) -> 10067.03 | K40: =ROUND('[7]2029'!K44,2) -> 10174.45 | L40: =ROUND('[7]2029'!L44,2) -> 11335.18 | ... AB40: =ROUND('[7]2029'!AB44,2) -> 12026.37
B41: Feb | C41: Domingo | D41: =+'[7]2029'!D45 -> 4 | E41: =ROUND('[7]2029'!E45,2) -> 11210.92 | F41: =ROUND('[7]2029'!F45,2) -> 10626.65 | G41: =ROUND('[7]2029'!G45,2) -> 10172.87 | H41: =ROUND('[7]2029'!H45,2) -> 9844.67 | I41: =ROUND('[7]2029'!I45,2) -> 9706.93 | J41: =ROUND('[7]2029'!J45,2) -> 9521.35 | K41: =ROUND('[7]2029'!K45,2) -> 9318.3 | L41: =ROUND('[7]2029'!L45,2) -> 9996.19 | ... AB41: =ROUND('[7]2029'!AB45,2) -> 12189.59
B42: Feb | C42: Festivo | D42: =+'[7]2029'!D46 -> 2 | E42: =ROUND('[7]2029'!E46,2) -> 11210.92 | F42: =ROUND('[7]2029'!F46,2) -> 10626.65 | G42: =ROUND('[7]2029'!G46,2) -> 10172.87 | H42: =ROUND('[7]2029'!H46,2) -> 9844.67 | I42: =ROUND('[7]2029'!I46,2) -> 9706.93 | J42: =ROUND('[7]2029'!J46,2) -> 9521.35 | K42: =ROUND('[7]2029'!K46,2) -> 9318.3 | L42: =ROUND('[7]2029'!L46,2) -> 9996.19 | ... AB42: =ROUND('[7]2029'!AB46,2) -> 12189.59
B43: 47362 | C43: Ordinario | D43: =+'[7]2029'!D47 -> 20 | E43: =ROUND('[7]2029'!E47,2) -> 11504.24 | F43: =ROUND('[7]2029'!F47,2) -> 10917.08 | G43: =ROUND('[7]2029'!G47,2) -> 10462.78 | H43: =ROUND('[7]2029'!H47,2) -> 10140.94 | I43: =ROUND('[7]2029'!I47,2) -> 10046.51 | J43: =ROUND('[7]2029'!J47,2) -> 9916.81 | K43: =ROUND('[7]2029'!K47,2) -> 9980.96 | L43: =ROUND('[7]2029'!L47,2) -> 11167.94 | ... AB43: =ROUND('[7]2029'!AB47,2) -> 12042.13 | AC43: =SUM(E43:AB43)*D43+SUM(E44:AB44)*D44+SUM(E45:AB45)*D45+SUM(E46:AB46)*D46 -> 9125052.7
C44: Sábado | D44: =+'[7]2029'!D48 -> 5 | E44: =ROUND('[7]2029'!E48,2) -> 10754.68 | F44: =ROUND('[7]2029'!F48,2) -> 10213.42 | G44: =ROUND('[7]2029'!G48,2) -> 9835.73 | H44: =ROUND('[7]2029'!H48,2) -> 9557.33 | I44: =ROUND('[7]2029'!I48,2) -> 9561.89 | J44: =ROUND('[7]2029'!J48,2) -> 9720.36 | K44: =ROUND('[7]2029'!K48,2) -> 9918.22 | L44: =ROUND('[7]2029'!L48,2) -> 11128.24 | ... AB44: =ROUND('[7]2029'!AB48,2) -> 11654.37
C45: Domingo | D45: =+'[7]2029'!D49 -> 5 | E45: =ROUND('[7]2029'!E49,2) -> 11082.53 | F45: =ROUND('[7]2029'!F49,2) -> 10543.35 | G45: =ROUND('[7]2029'!G49,2) -> 10144.22 | H45: =ROUND('[7]2029'!H49,2) -> 9842.74 | I45: =ROUND('[7]2029'!I49,2) -> 9858.51 | J45: =ROUND('[7]2029'!J49,2) -> 10169.2 | K45: =ROUND('[7]2029'!K49,2) -> 10364.97 | L45: =ROUND('[7]2029'!L49,2) -> 11648.7 | ... AB45: =ROUND('[7]2029'!AB49,2) -> 12063.91
C46: Festivo | D46: =+'[7]2029'!D50 -> 0 | E46: =ROUND('[7]2029'!E50,2) -> 0 | F46: =ROUND('[7]2029'!F50,2) -> 0 | G46: =ROUND('[7]2029'!G50,2) -> 0 | H46: =ROUND('[7]2029'!H50,2) -> 0 | I46: =ROUND('[7]2029'!I50,2) -> 0 | J46: =ROUND('[7]2029'!J50,2) -> 0 | K46: =ROUND('[7]2029'!K50,2) -> 0 | L46: =ROUND('[7]2029'!L50,2) -> 0 | ... AB46: =ROUND('[7]2029'!AB50,2) -> 0
B47: 47392 | C47: Ordinario | D47: =+'[7]2029'!D51 -> 22 | E47: =ROUND('[7]2029'!E51,2) -> 11089.87 | F47: =ROUND('[7]2029'!F51,2) -> 10529.08 | G47: =ROUND('[7]2029'!G51,2) -> 10082.72 | H47: =ROUND('[7]2029'!H51,2) -> 9713.76 | I47: =ROUND('[7]2029'!I51,2) -> 9573.76 | J47: =ROUND('[7]2029'!J51,2) -> 9496.01 | K47: =ROUND('[7]2029'!K51,2) -> 9696.46 | L47: =ROUND('[7]2029'!L51,2) -> 10913.07 | ... AB47: =ROUND('[7]2029'!AB51,2) -> 11874.85 | AC47: =SUM(E47:AB47)*D47+SUM(E48:AB48)*D48+SUM(E49:AB49)*D49+SUM(E50:AB50)*D50 -> 9078218.3
B48: Feb | C48: Sábado | D48: =+'[7]2029'!D52 -> 4 | E48: =ROUND('[7]2029'!E52,2) -> 10307.63 | F48: =ROUND('[7]2029'!F52,2) -> 9798.5 | G48: =ROUND('[7]2029'!G52,2) -> 9421.81 | H48: =ROUND('[7]2029'!H52,2) -> 9196.03 | I48: =ROUND('[7]2029'!I52,2) -> 9227.61 | J48: =ROUND('[7]2029'!J52,2) -> 9407.4 | K48: =ROUND('[7]2029'!K52,2) -> 9577.89 | L48: =ROUND('[7]2029'!L52,2) -> 10698.7 | ... AB48: =ROUND('[7]2029'!AB52,2) -> 11119.87
B49: Feb | C49: Domingo | D49: =+'[7]2029'!D53 -> 4 | E49: =ROUND('[7]2029'!E53,2) -> 10417.83 | F49: =ROUND('[7]2029'!F53,2) -> 9976.77 | G49: =ROUND('[7]2029'!G53,2) -> 9625.97 | H49: =ROUND('[7]2029'!H53,2) -> 9410.09 | I49: =ROUND('[7]2029'!I53,2) -> 9335.13 | J49: =ROUND('[7]2029'!J53,2) -> 9188.01 | K49: =ROUND('[7]2029'!K53,2) -> 8969.45 | L49: =ROUND('[7]2029'!L53,2) -> 9674.55 | ... AB49: =ROUND('[7]2029'!AB53,2) -> 11691.98
B50: Feb | C50: Festivo | D50: =+'[7]2029'!D54 -> 1 | E50: =ROUND('[7]2029'!E54,2) -> 10417.83 | F50: =ROUND('[7]2029'!F54,2) -> 9976.77 | G50: =ROUND('[7]2029'!G54,2) -> 9625.97 | H50: =ROUND('[7]2029'!H54,2) -> 9410.09 | I50: =ROUND('[7]2029'!I54,2) -> 9335.13 | J50: =ROUND('[7]2029'!J54,2) -> 9188.01 | K50: =ROUND('[7]2029'!K54,2) -> 8969.45 | L50: =ROUND('[7]2029'!L54,2) -> 9674.55 | ... AB50: =ROUND('[7]2029'!AB54,2) -> 11691.98
B51: 47423 | C51: Ordinario | D51: =+'[7]2029'!D55 -> 20 | E51: =ROUND('[7]2029'!E55,2) -> 10965.55 | F51: =ROUND('[7]2029'!F55,2) -> 10429.11 | G51: =ROUND('[7]2029'!G55,2) -> 10041.66 | H51: =ROUND('[7]2029'!H55,2) -> 9787.98 | I51: =ROUND('[7]2029'!I55,2) -> 9790.24 | J51: =ROUND('[7]2029'!J55,2) -> 9871.68 | K51: =ROUND('[7]2029'!K55,2) -> 9939.99 | L51: =ROUND('[7]2029'!L55,2) -> 11186.49 | ... AB51: =ROUND('[7]2029'!AB55,2) -> 11902.54 | AC51: =SUM(E51:AB51)*D51+SUM(E52:AB52)*D52+SUM(E53:AB53)*D53+SUM(E54:AB54)*D54 -> 8978859.9
C52: Sábado | D52: =+'[7]2029'!D56 -> 4 | E52: =ROUND('[7]2029'!E56,2) -> 11950.33 | F52: =ROUND('[7]2029'!F56,2) -> 11345.43 | G52: =ROUND('[7]2029'!G56,2) -> 10898.46 | H52: =ROUND('[7]2029'!H56,2) -> 10591.01 | I52: =ROUND('[7]2029'!I56,2) -> 10525.9 | J52: =ROUND('[7]2029'!J56,2) -> 10599.04 | K52: =ROUND('[7]2029'!K56,2) -> 10542.15 | L52: =ROUND('[7]2029'!L56,2) -> 11743.2 | ... AB52: =ROUND('[7]2029'!AB56,2) -> 12789.86
C53: Domingo | D53: =+'[7]2029'!D57 -> 4 | E53: =ROUND('[7]2029'!E57,2) -> 11019.42 | F53: =ROUND('[7]2029'!F57,2) -> 10433.94 | G53: =ROUND('[7]2029'!G57,2) -> 9989.49 | H53: =ROUND('[7]2029'!H57,2) -> 9648.12 | I53: =ROUND('[7]2029'!I57,2) -> 9532.46 | J53: =ROUND('[7]2029'!J57,2) -> 9387.09 | K53: =ROUND('[7]2029'!K57,2) -> 9123.62 | L53: =ROUND('[7]2029'!L57,2) -> 9724.57 | ... AB53: =ROUND('[7]2029'!AB57,2) -> 10912.61
C54: Festivo | D54: =+'[7]2029'!D58 -> 2 | E54: =ROUND('[7]2029'!E58,2) -> 11019.42 | F54: =ROUND('[7]2029'!F58,2) -> 10433.94 | G54: =ROUND('[7]2029'!G58,2) -> 9989.49 | H54: =ROUND('[7]2029'!H58,2) -> 9648.12 | I54: =ROUND('[7]2029'!I58,2) -> 9532.46 | J54: =ROUND('[7]2029'!J58,2) -> 9387.09 | K54: =ROUND('[7]2029'!K58,2) -> 9123.62 | L54: =ROUND('[7]2029'!L58,2) -> 9724.57 | ... AB54: =ROUND('[7]2029'!AB58,2) -> 10912.61
B55: 47453 | C55: Ordinario | D55: =+'[7]2029'!D59 -> 20 | E55: =ROUND('[7]2029'!E59,2) -> 11641.94 | F55: =ROUND('[7]2029'!F59,2) -> 11027.55 | G55: =ROUND('[7]2029'!G59,2) -> 10563.14 | H55: =ROUND('[7]2029'!H59,2) -> 10240.34 | I55: =ROUND('[7]2029'!I59,2) -> 10169.41 | J55: =ROUND('[7]2029'!J59,2) -> 10221.07 | K55: =ROUND('[7]2029'!K59,2) -> 10102.6 | L55: =ROUND('[7]2029'!L59,2) -> 11186.31 | ... AB55: =ROUND('[7]2029'!AB59,2) -> 11992.03 | AC55: =SUM(E55:AB55)*D55+SUM(E56:AB56)*D56+SUM(E57:AB57)*D57+SUM(E58:AB58)*D58 -> 9194008.1
B56: Feb | C56: Sábado | D56: =+'[7]2029'!D60 -> 4 | E56: =ROUND('[7]2029'!E60,2) -> 11426.47 | F56: =ROUND('[7]2029'!F60,2) -> 10849.58 | G56: =ROUND('[7]2029'!G60,2) -> 10416.34 | H56: =ROUND('[7]2029'!H60,2) -> 10115.49 | I56: =ROUND('[7]2029'!I60,2) -> 10082.49 | J56: =ROUND('[7]2029'!J60,2) -> 10245.07 | K56: =ROUND('[7]2029'!K60,2) -> 10288.63 | L56: =ROUND('[7]2029'!L60,2) -> 11417.36 | ... AB56: =ROUND('[7]2029'!AB60,2) -> 12279.73
B57: Feb | C57: Domingo | D57: =+'[7]2029'!D61 -> 5 | E57: =ROUND('[7]2029'!E61,2) -> 11358.04 | F57: =ROUND('[7]2029'!F61,2) -> 11005.79 | G57: =ROUND('[7]2029'!G61,2) -> 10672.64 | H57: =ROUND('[7]2029'!H61,2) -> 10353.3 | I57: =ROUND('[7]2029'!I61,2) -> 10169.22 | J57: =ROUND('[7]2029'!J61,2) -> 9902.97 | K57: =ROUND('[7]2029'!K61,2) -> 9287.86 | L57: =ROUND('[7]2029'!L61,2) -> 9596.42 | ... AB57: =ROUND('[7]2029'!AB61,2) -> 11710
B58: Feb | C58: Festivo | D58: =+'[7]2029'!D62 -> 2 | E58: =ROUND('[7]2029'!E62,2) -> 11358.04 | F58: =ROUND('[7]2029'!F62,2) -> 11005.79 | G58: =ROUND('[7]2029'!G62,2) -> 10672.64 | H58: =ROUND('[7]2029'!H62,2) -> 10353.3 | I58: =ROUND('[7]2029'!I62,2) -> 10169.22 | J58: =ROUND('[7]2029'!J62,2) -> 9902.97 | K58: =ROUND('[7]2029'!K62,2) -> 9287.86 | L58: =ROUND('[7]2029'!L62,2) -> 9596.42 | ... AB58: =ROUND('[7]2029'!AB62,2) -> 11710
Z59: TOTAL AÑO kWh | AC59: =SUM(AC11:AC58) -> 1.102287e+08
B60: 47484 | C60: Ordinario | D60: =+'[7]2030'!D15 -> 21 | E60: =ROUND('[7]2030'!E15,2) -> 23012.44 | F60: =ROUND('[7]2030'!F15,2) -> 21765.22 | G60: =ROUND('[7]2030'!G15,2) -> 20863.7 | H60: =ROUND('[7]2030'!H15,2) -> 20233.4 | I60: =ROUND('[7]2030'!I15,2) -> 20084 | J60: =ROUND('[7]2030'!J15,2) -> 20574.28 | K60: =ROUND('[7]2030'!K15,2) -> 20421.08 | L60: =ROUND('[7]2030'!L15,2) -> 22835.86 | ... AB60: =ROUND('[7]2030'!AB15,2) -> 25018.83 | AC60: =SUM(E60:AB60)*D60+SUM(E61:AB61)*D61+SUM(E62:AB62)*D62+SUM(E63:AB63)*D63 -> 19148897
C61: Sábado | D61: =+'[7]2030'!D16 -> 4 | E61: =ROUND('[7]2030'!E16,2) -> 23185.85 | F61: =ROUND('[7]2030'!F16,2) -> 21954.77 | G61: =ROUND('[7]2030'!G16,2) -> 21042.7 | H61: =ROUND('[7]2030'!H16,2) -> 20323.1 | I61: =ROUND('[7]2030'!I16,2) -> 20134.43 | J61: =ROUND('[7]2030'!J16,2) -> 20222.73 | K61: =ROUND('[7]2030'!K16,2) -> 19700.15 | L61: =ROUND('[7]2030'!L16,2) -> 21575.27 | ... AB61: =ROUND('[7]2030'!AB16,2) -> 24926.23
C62: Domingo | D62: =+'[7]2030'!D17 -> 4 | E62: =ROUND('[7]2030'!E17,2) -> 23444.22 | F62: =ROUND('[7]2030'!F17,2) -> 22257.06 | G62: =ROUND('[7]2030'!G17,2) -> 21294.29 | H62: =ROUND('[7]2030'!H17,2) -> 20524.8 | I62: =ROUND('[7]2030'!I17,2) -> 20133.64 | J62: =ROUND('[7]2030'!J17,2) -> 19940.73 | K62: =ROUND('[7]2030'!K17,2) -> 18912.44 | L62: =ROUND('[7]2030'!L17,2) -> 19757.66 | ... AB62: =ROUND('[7]2030'!AB17,2) -> 24536.72
C63: Festivo | D63: =+'[7]2030'!D18 -> 2 | E63: =ROUND('[7]2030'!E18,2) -> 23444.22 | F63: =ROUND('[7]2030'!F18,2) -> 22257.06 | G63: =ROUND('[7]2030'!G18,2) -> 21294.29 | H63: =ROUND('[7]2030'!H18,2) -> 20524.8 | I63: =ROUND('[7]2030'!I18,2) -> 20133.64 | J63: =ROUND('[7]2030'!J18,2) -> 19940.73 | K63: =ROUND('[7]2030'!K18,2) -> 18912.44 | L63: =ROUND('[7]2030'!L18,2) -> 19757.66 | ... AB63: =ROUND('[7]2030'!AB18,2) -> 24536.72
B64: 47515 | C64: Ordinario | D64: =+'[7]2030'!D19 -> 20 | E64: =ROUND('[7]2030'!E19,2) -> 23735.58 | F64: =ROUND('[7]2030'!F19,2) -> 22483.08 | G64: =ROUND('[7]2030'!G19,2) -> 21588.43 | H64: =ROUND('[7]2030'!H19,2) -> 21002.79 | I64: =ROUND('[7]2030'!I19,2) -> 21045.79 | J64: =ROUND('[7]2030'!J19,2) -> 22214.73 | K64: =ROUND('[7]2030'!K19,2) -> 22155.38 | L64: =ROUND('[7]2030'!L19,2) -> 24442.61 | ... AB64: =ROUND('[7]2030'!AB19,2) -> 25511.75 | AC64: =SUM(E64:AB64)*D64+SUM(E65:AB65)*D65+SUM(E66:AB66)*D66+SUM(E67:AB67)*D67 -> 17975619
B65: Feb | C65: Sábado | D65: =+'[7]2030'!D20 -> 4 | E65: =ROUND('[7]2030'!E20,2) -> 23811.27 | F65: =ROUND('[7]2030'!F20,2) -> 22651.86 | G65: =ROUND('[7]2030'!G20,2) -> 21644.17 | H65: =ROUND('[7]2030'!H20,2) -> 20960.64 | I65: =ROUND('[7]2030'!I20,2) -> 20699.66 | J65: =ROUND('[7]2030'!J20,2) -> 20906.79 | K65: =ROUND('[7]2030'!K20,2) -> 20696.01 | L65: =ROUND('[7]2030'!L20,2) -> 22752.77 | ... AB65: =ROUND('[7]2030'!AB20,2) -> 25738.94
B66: Feb | C66: Domingo | D66: =+'[7]2030'!D21 -> 4 | E66: =ROUND('[7]2030'!E21,2) -> 24181.42 | F66: =ROUND('[7]2030'!F21,2) -> 22943.31 | G66: =ROUND('[7]2030'!G21,2) -> 21985.53 | H66: =ROUND('[7]2030'!H21,2) -> 21282.92 | I66: =ROUND('[7]2030'!I21,2) -> 20837.93 | J66: =ROUND('[7]2030'!J21,2) -> 20744.46 | K66: =ROUND('[7]2030'!K21,2) -> 19830.27 | L66: =ROUND('[7]2030'!L21,2) -> 20716.3 | ... AB66: =ROUND('[7]2030'!AB21,2) -> 25803.59
B67: Feb | C67: Festivo | D67: =+'[7]2030'!D22 -> 0 | E67: =ROUND('[7]2030'!E22,2) -> 0 | F67: =ROUND('[7]2030'!F22,2) -> 0 | G67: =ROUND('[7]2030'!G22,2) -> 0 | H67: =ROUND('[7]2030'!H22,2) -> 0 | I67: =ROUND('[7]2030'!I22,2) -> 0 | J67: =ROUND('[7]2030'!J22,2) -> 0 | K67: =ROUND('[7]2030'!K22,2) -> 0 | L67: =ROUND('[7]2030'!L22,2) -> 0 | ... AB67: =ROUND('[7]2030'!AB22,2) -> 0
B68: 47543 | C68: Ordinario | D68: =+'[7]2030'!D23 -> 20 | E68: =ROUND('[7]2030'!E23,2) -> 24095.92 | F68: =ROUND('[7]2030'!F23,2) -> 22822.51 | G68: =ROUND('[7]2030'!G23,2) -> 21862.87 | H68: =ROUND('[7]2030'!H23,2) -> 21154.63 | I68: =ROUND('[7]2030'!I23,2) -> 21048.18 | J68: =ROUND('[7]2030'!J23,2) -> 21818.88 | K68: =ROUND('[7]2030'!K23,2) -> 21669.04 | L68: =ROUND('[7]2030'!L23,2) -> 24152.91 | ... AB68: =ROUND('[7]2030'!AB23,2) -> 26079.03 | AC68: =SUM(E68:AB68)*D68+SUM(E69:AB69)*D69+SUM(E70:AB70)*D70+SUM(E71:AB71)*D71 -> 19704151
C69: Sábado | D69: =+'[7]2030'!D24 -> 5 | E69: =ROUND('[7]2030'!E24,2) -> 24165.92 | F69: =ROUND('[7]2030'!F24,2) -> 22852.08 | G69: =ROUND('[7]2030'!G24,2) -> 21926.61 | H69: =ROUND('[7]2030'!H24,2) -> 21194.22 | I69: =ROUND('[7]2030'!I24,2) -> 20757.02 | J69: =ROUND('[7]2030'!J24,2) -> 20690.18 | K69: =ROUND('[7]2030'!K24,2) -> 20387.13 | L69: =ROUND('[7]2030'!L24,2) -> 22337.48 | ... AB69: =ROUND('[7]2030'!AB24,2) -> 25492.87
C70: Domingo | D70: =+'[7]2030'!D25 -> 5 | E70: =ROUND('[7]2030'!E25,2) -> 23972.36 | F70: =ROUND('[7]2030'!F25,2) -> 22745.13 | G70: =ROUND('[7]2030'!G25,2) -> 21649.7 | H70: =ROUND('[7]2030'!H25,2) -> 20881.17 | I70: =ROUND('[7]2030'!I25,2) -> 20524.79 | J70: =ROUND('[7]2030'!J25,2) -> 20292.63 | K70: =ROUND('[7]2030'!K25,2) -> 19301.27 | L70: =ROUND('[7]2030'!L25,2) -> 20229.47 | ... AB70: =ROUND('[7]2030'!AB25,2) -> 24855.36
C71: Festivo | D71: =+'[7]2030'!D26 -> 1 | E71: =ROUND('[7]2030'!E26,2) -> 23972.36 | F71: =ROUND('[7]2030'!F26,2) -> 22745.13 | G71: =ROUND('[7]2030'!G26,2) -> 21649.7 | H71: =ROUND('[7]2030'!H26,2) -> 20881.17 | I71: =ROUND('[7]2030'!I26,2) -> 20524.79 | J71: =ROUND('[7]2030'!J26,2) -> 20292.63 | K71: =ROUND('[7]2030'!K26,2) -> 19301.27 | L71: =ROUND('[7]2030'!L26,2) -> 20229.47 | ... AB71: =ROUND('[7]2030'!AB26,2) -> 24855.36
B72: 47574 | C72: Ordinario | D72: =+'[7]2030'!D27 -> 20 | E72: =ROUND('[7]2030'!E27,2) -> 23530.59 | F72: =ROUND('[7]2030'!F27,2) -> 22516.09 | G72: =ROUND('[7]2030'!G27,2) -> 21521.71 | H72: =ROUND('[7]2030'!H27,2) -> 20965.92 | I72: =ROUND('[7]2030'!I27,2) -> 20833.12 | J72: =ROUND('[7]2030'!J27,2) -> 20616.85 | K72: =ROUND('[7]2030'!K27,2) -> 20688.42 | L72: =ROUND('[7]2030'!L27,2) -> 23013.93 | ... AB72: =ROUND('[7]2030'!AB27,2) -> 26102.85 | AC72: =SUM(E72:AB72)*D72+SUM(E73:AB73)*D73+SUM(E74:AB74)*D74+SUM(E75:AB75)*D75 -> 18672645
B73: Feb | C73: Sábado | D73: =+'[7]2030'!D28 -> 4 | E73: =ROUND('[7]2030'!E28,2) -> 22718.46 | F73: =ROUND('[7]2030'!F28,2) -> 21598.77 | G73: =ROUND('[7]2030'!G28,2) -> 20748.25 | H73: =ROUND('[7]2030'!H28,2) -> 20121.11 | I73: =ROUND('[7]2030'!I28,2) -> 20139.9 | J73: =ROUND('[7]2030'!J28,2) -> 20388.28 | K73: =ROUND('[7]2030'!K28,2) -> 20846.37 | L73: =ROUND('[7]2030'!L28,2) -> 23114.73 | ... AB73: =ROUND('[7]2030'!AB28,2) -> 24311.73
B74: Feb | C74: Domingo | D74: =+'[7]2030'!D29 -> 4 | E74: =ROUND('[7]2030'!E29,2) -> 24483.72 | F74: =ROUND('[7]2030'!F29,2) -> 23243.94 | G74: =ROUND('[7]2030'!G29,2) -> 22216.91 | H74: =ROUND('[7]2030'!H29,2) -> 21516.33 | I74: =ROUND('[7]2030'!I29,2) -> 21105.85 | J74: =ROUND('[7]2030'!J29,2) -> 20479.94 | K74: =ROUND('[7]2030'!K29,2) -> 19852.82 | L74: =ROUND('[7]2030'!L29,2) -> 20964.95 | ... AB74: =ROUND('[7]2030'!AB29,2) -> 24812.13
B75: Feb | C75: Festivo | D75: =+'[7]2030'!D30 -> 2 | E75: =ROUND('[7]2030'!E30,2) -> 24483.72 | F75: =ROUND('[7]2030'!F30,2) -> 23243.94 | G75: =ROUND('[7]2030'!G30,2) -> 22216.91 | H75: =ROUND('[7]2030'!H30,2) -> 21516.33 | I75: =ROUND('[7]2030'!I30,2) -> 21105.85 | J75: =ROUND('[7]2030'!J30,2) -> 20479.94 | K75: =ROUND('[7]2030'!K30,2) -> 19852.82 | L75: =ROUND('[7]2030'!L30,2) -> 20964.95 | ... AB75: =ROUND('[7]2030'!AB30,2) -> 24812.13
B76: 47604 | C76: Ordinario | D76: =+'[7]2030'!D31 -> 22 | E76: =ROUND('[7]2030'!E31,2) -> 23910.81 | F76: =ROUND('[7]2030'!F31,2) -> 22666.62 | G76: =ROUND('[7]2030'!G31,2) -> 21662.64 | H76: =ROUND('[7]2030'!H31,2) -> 20804.02 | I76: =ROUND('[7]2030'!I31,2) -> 20572.57 | J76: =ROUND('[7]2030'!J31,2) -> 20246.73 | K76: =ROUND('[7]2030'!K31,2) -> 20545.98 | L76: =ROUND('[7]2030'!L31,2) -> 22755.9 | ... AB76: =ROUND('[7]2030'!AB31,2) -> 24622.74 | AC76: =SUM(E76:AB76)*D76+SUM(E77:AB77)*D77+SUM(E78:AB78)*D78+SUM(E79:AB79)*D79 -> 18845305
C77: Sábado | D77: =+'[7]2030'!D32 -> 4 | E77: =ROUND('[7]2030'!E32,2) -> 22043.24 | F77: =ROUND('[7]2030'!F32,2) -> 20952.82 | G77: =ROUND('[7]2030'!G32,2) -> 20154.74 | H77: =ROUND('[7]2030'!H32,2) -> 19605.02 | I77: =ROUND('[7]2030'!I32,2) -> 19534.49 | J77: =ROUND('[7]2030'!J32,2) -> 19509.93 | K77: =ROUND('[7]2030'!K32,2) -> 19807.09 | L77: =ROUND('[7]2030'!L32,2) -> 22128.33 | ... AB77: =ROUND('[7]2030'!AB32,2) -> 23625.84
C78: Domingo | D78: =+'[7]2030'!D33 -> 4 | E78: =ROUND('[7]2030'!E33,2) -> 22027 | F78: =ROUND('[7]2030'!F33,2) -> 21164.43 | G78: =ROUND('[7]2030'!G33,2) -> 20279.81 | H78: =ROUND('[7]2030'!H33,2) -> 19809.45 | I78: =ROUND('[7]2030'!I33,2) -> 19658.58 | J78: =ROUND('[7]2030'!J33,2) -> 19170.69 | K78: =ROUND('[7]2030'!K33,2) -> 19090.98 | L78: =ROUND('[7]2030'!L33,2) -> 20570.3 | ... AB78: =ROUND('[7]2030'!AB33,2) -> 25478.26
C79: Festivo | D79: =+'[7]2030'!D34 -> 1 | E79: =ROUND('[7]2030'!E34,2) -> 22027 | F79: =ROUND('[7]2030'!F34,2) -> 21164.43 | G79: =ROUND('[7]2030'!G34,2) -> 20279.81 | H79: =ROUND('[7]2030'!H34,2) -> 19809.45 | I79: =ROUND('[7]2030'!I34,2) -> 19658.58 | J79: =ROUND('[7]2030'!J34,2) -> 19170.69 | K79: =ROUND('[7]2030'!K34,2) -> 19090.98 | L79: =ROUND('[7]2030'!L34,2) -> 20570.3 | ... AB79: =ROUND('[7]2030'!AB34,2) -> 25478.26
B80: 47635 | C80: Ordinario | D80: =+'[7]2030'!D35 -> 18 | E80: =ROUND('[7]2030'!E35,2) -> 21678.96 | F80: =ROUND('[7]2030'!F35,2) -> 20602.71 | G80: =ROUND('[7]2030'!G35,2) -> 19807.53 | H80: =ROUND('[7]2030'!H35,2) -> 19276.9 | I80: =ROUND('[7]2030'!I35,2) -> 19135.15 | J80: =ROUND('[7]2030'!J35,2) -> 18931.85 | K80: =ROUND('[7]2030'!K35,2) -> 19247.75 | L80: =ROUND('[7]2030'!L35,2) -> 21566.22 | ... AB80: =ROUND('[7]2030'!AB35,2) -> 24068.76 | AC80: =SUM(E80:AB80)*D80+SUM(E81:AB81)*D81+SUM(E82:AB82)*D82+SUM(E83:AB83)*D83 -> 17595837
B81: Feb | C81: Sábado | D81: =+'[7]2030'!D36 -> 5 | E81: =ROUND('[7]2030'!E36,2) -> 22325.2 | F81: =ROUND('[7]2030'!F36,2) -> 21226.56 | G81: =ROUND('[7]2030'!G36,2) -> 20391.72 | H81: =ROUND('[7]2030'!H36,2) -> 19812.45 | I81: =ROUND('[7]2030'!I36,2) -> 19744.28 | J81: =ROUND('[7]2030'!J36,2) -> 19965.88 | K81: =ROUND('[7]2030'!K36,2) -> 20101.38 | L81: =ROUND('[7]2030'!L36,2) -> 22362.74 | ... AB81: =ROUND('[7]2030'!AB36,2) -> 24114.1
B82: Feb | C82: Domingo | D82: =+'[7]2030'!D37 -> 5 | E82: =ROUND('[7]2030'!E37,2) -> 21250.47 | F82: =ROUND('[7]2030'!F37,2) -> 20391.58 | G82: =ROUND('[7]2030'!G37,2) -> 19689.75 | H82: =ROUND('[7]2030'!H37,2) -> 19235.03 | I82: =ROUND('[7]2030'!I37,2) -> 19053.65 | J82: =ROUND('[7]2030'!J37,2) -> 18520.1 | K82: =ROUND('[7]2030'!K37,2) -> 18276.42 | L82: =ROUND('[7]2030'!L37,2) -> 19765.29 | ... AB82: =ROUND('[7]2030'!AB37,2) -> 23617.46
B83: Feb | C83: Festivo | D83: =+'[7]2030'!D38 -> 2 | E83: =ROUND('[7]2030'!E38,2) -> 21250.47 | F83: =ROUND('[7]2030'!F38,2) -> 20391.58 | G83: =ROUND('[7]2030'!G38,2) -> 19689.75 | H83: =ROUND('[7]2030'!H38,2) -> 19235.03 | I83: =ROUND('[7]2030'!I38,2) -> 19053.65 | J83: =ROUND('[7]2030'!J38,2) -> 18520.1 | K83: =ROUND('[7]2030'!K38,2) -> 18276.42 | L83: =ROUND('[7]2030'!L38,2) -> 19765.29 | ... AB83: =ROUND('[7]2030'!AB38,2) -> 23617.46
B84: 47665 | C84: Ordinario | D84: =+'[7]2030'!D39 -> 22 | E84: =ROUND('[7]2030'!E39,2) -> 22318.07 | F84: =ROUND('[7]2030'!F39,2) -> 21244.01 | G84: =ROUND('[7]2030'!G39,2) -> 20535.97 | H84: =ROUND('[7]2030'!H39,2) -> 20011.83 | I84: =ROUND('[7]2030'!I39,2) -> 19930.53 | J84: =ROUND('[7]2030'!J39,2) -> 19837.63 | K84: =ROUND('[7]2030'!K39,2) -> 20020.25 | L84: =ROUND('[7]2030'!L39,2) -> 22355.68 | ... AB84: =ROUND('[7]2030'!AB39,2) -> 24905.4 | AC84: =SUM(E84:AB84)*D84+SUM(E85:AB85)*D85+SUM(E86:AB86)*D86+SUM(E87:AB87)*D87 -> 18947772
C85: Sábado | D85: =+'[7]2030'!D40 -> 3 | E85: =ROUND('[7]2030'!E40,2) -> 23738.5 | F85: =ROUND('[7]2030'!F40,2) -> 22495.21 | G85: =ROUND('[7]2030'!G40,2) -> 21583.96 | H85: =ROUND('[7]2030'!H40,2) -> 20941.03 | I85: =ROUND('[7]2030'!I40,2) -> 20896.7 | J85: =ROUND('[7]2030'!J40,2) -> 21279.48 | K85: =ROUND('[7]2030'!K40,2) -> 21404.29 | L85: =ROUND('[7]2030'!L40,2) -> 23738.15 | ... AB85: =ROUND('[7]2030'!AB40,2) -> 25577.69
C86: Domingo | D86: =+'[7]2030'!D41 -> 4 | E86: =ROUND('[7]2030'!E41,2) -> 22390.51 | F86: =ROUND('[7]2030'!F41,2) -> 21491.11 | G86: =ROUND('[7]2030'!G41,2) -> 20729.79 | H86: =ROUND('[7]2030'!H41,2) -> 20032.85 | I86: =ROUND('[7]2030'!I41,2) -> 19798.86 | J86: =ROUND('[7]2030'!J41,2) -> 19490.33 | K86: =ROUND('[7]2030'!K41,2) -> 19118.87 | L86: =ROUND('[7]2030'!L41,2) -> 20544.49 | ... AB86: =ROUND('[7]2030'!AB41,2) -> 25328.92
C87: Festivo | D87: =+'[7]2030'!D42 -> 2 | E87: =ROUND('[7]2030'!E42,2) -> 22390.51 | F87: =ROUND('[7]2030'!F42,2) -> 21491.11 | G87: =ROUND('[7]2030'!G42,2) -> 20729.79 | H87: =ROUND('[7]2030'!H42,2) -> 20032.85 | I87: =ROUND('[7]2030'!I42,2) -> 19798.86 | J87: =ROUND('[7]2030'!J42,2) -> 19490.33 | K87: =ROUND('[7]2030'!K42,2) -> 19118.87 | L87: =ROUND('[7]2030'!L42,2) -> 20544.49 | ... AB87: =ROUND('[7]2030'!AB42,2) -> 25328.92
B88: 47696 | C88: Ordinario | D88: =+'[7]2030'!D43 -> 20 | E88: =ROUND('[7]2030'!E43,2) -> 23015.31 | F88: =ROUND('[7]2030'!F43,2) -> 21775.1 | G88: =ROUND('[7]2030'!G43,2) -> 20849.76 | H88: =ROUND('[7]2030'!H43,2) -> 20230.07 | I88: =ROUND('[7]2030'!I43,2) -> 20002.45 | J88: =ROUND('[7]2030'!J43,2) -> 19945.11 | K88: =ROUND('[7]2030'!K43,2) -> 20010.61 | L88: =ROUND('[7]2030'!L43,2) -> 22319.6 | ... AB88: =ROUND('[7]2030'!AB43,2) -> 24196.95 | AC88: =SUM(E88:AB88)*D88+SUM(E89:AB89)*D89+SUM(E90:AB90)*D90+SUM(E91:AB91)*D91 -> 18762913
B89: Feb | C89: Sábado | D89: =+'[7]2030'!D44 -> 5 | E89: =ROUND('[7]2030'!E44,2) -> 22711.24 | F89: =ROUND('[7]2030'!F44,2) -> 21583.93 | G89: =ROUND('[7]2030'!G44,2) -> 20721.73 | H89: =ROUND('[7]2030'!H44,2) -> 20113.71 | I89: =ROUND('[7]2030'!I44,2) -> 20055.66 | J89: =ROUND('[7]2030'!J44,2) -> 20383.76 | K89: =ROUND('[7]2030'!K44,2) -> 20601.27 | L89: =ROUND('[7]2030'!L44,2) -> 22951.52 | ... AB89: =ROUND('[7]2030'!AB44,2) -> 24351.03
B90: Feb | C90: Domingo | D90: =+'[7]2030'!D45 -> 4 | E90: =ROUND('[7]2030'!E45,2) -> 22699.92 | F90: =ROUND('[7]2030'!F45,2) -> 21516.89 | G90: =ROUND('[7]2030'!G45,2) -> 20598.08 | H90: =ROUND('[7]2030'!H45,2) -> 19933.52 | I90: =ROUND('[7]2030'!I45,2) -> 19654.64 | J90: =ROUND('[7]2030'!J45,2) -> 19278.86 | K90: =ROUND('[7]2030'!K45,2) -> 18867.74 | L90: =ROUND('[7]2030'!L45,2) -> 20240.33 | ... AB90: =ROUND('[7]2030'!AB45,2) -> 24681.52
B91: Feb | C91: Festivo | D91: =+'[7]2030'!D46 -> 2 | E91: =ROUND('[7]2030'!E46,2) -> 22699.92 | F91: =ROUND('[7]2030'!F46,2) -> 21516.89 | G91: =ROUND('[7]2030'!G46,2) -> 20598.08 | H91: =ROUND('[7]2030'!H46,2) -> 19933.52 | I91: =ROUND('[7]2030'!I46,2) -> 19654.64 | J91: =ROUND('[7]2030'!J46,2) -> 19278.86 | K91: =ROUND('[7]2030'!K46,2) -> 18867.74 | L91: =ROUND('[7]2030'!L46,2) -> 20240.33 | ... AB91: =ROUND('[7]2030'!AB46,2) -> 24681.52
B92: 47727 | C92: Ordinario | D92: =+'[7]2030'!D47 -> 21 | E92: =ROUND('[7]2030'!E47,2) -> 23319.52 | F92: =ROUND('[7]2030'!F47,2) -> 22129.32 | G92: =ROUND('[7]2030'!G47,2) -> 21208.44 | H92: =ROUND('[7]2030'!H47,2) -> 20556.06 | I92: =ROUND('[7]2030'!I47,2) -> 20364.64 | J92: =ROUND('[7]2030'!J47,2) -> 20101.73 | K92: =ROUND('[7]2030'!K47,2) -> 20231.77 | L92: =ROUND('[7]2030'!L47,2) -> 22637.83 | ... AB92: =ROUND('[7]2030'!AB47,2) -> 24409.85 | AC92: =SUM(E92:AB92)*D92+SUM(E93:AB93)*D93+SUM(E94:AB94)*D94+SUM(E95:AB95)*D95 -> 18497564
C93: Sábado | D93: =+'[7]2030'!D48 -> 4 | E93: =ROUND('[7]2030'!E48,2) -> 21800.14 | F93: =ROUND('[7]2030'!F48,2) -> 20702.98 | G93: =ROUND('[7]2030'!G48,2) -> 19937.39 | H93: =ROUND('[7]2030'!H48,2) -> 19373.05 | I93: =ROUND('[7]2030'!I48,2) -> 19382.31 | J93: =ROUND('[7]2030'!J48,2) -> 19703.53 | K93: =ROUND('[7]2030'!K48,2) -> 20104.59 | L93: =ROUND('[7]2030'!L48,2) -> 22557.36 | ... AB93: =ROUND('[7]2030'!AB48,2) -> 23623.83
C94: Domingo | D94: =+'[7]2030'!D49 -> 5 | E94: =ROUND('[7]2030'!E49,2) -> 22464.7 | F94: =ROUND('[7]2030'!F49,2) -> 21371.77 | G94: =ROUND('[7]2030'!G49,2) -> 20562.71 | H94: =ROUND('[7]2030'!H49,2) -> 19951.59 | I94: =ROUND('[7]2030'!I49,2) -> 19983.55 | J94: =ROUND('[7]2030'!J49,2) -> 20613.35 | K94: =ROUND('[7]2030'!K49,2) -> 21010.18 | L94: =ROUND('[7]2030'!L49,2) -> 23612.35 | ... AB94: =ROUND('[7]2030'!AB49,2) -> 24453.99
C95: Festivo | D95: =+'[7]2030'!D50 -> 0 | E95: =ROUND('[7]2030'!E50,2) -> 0 | F95: =ROUND('[7]2030'!F50,2) -> 0 | G95: =ROUND('[7]2030'!G50,2) -> 0 | H95: =ROUND('[7]2030'!H50,2) -> 0 | I95: =ROUND('[7]2030'!I50,2) -> 0 | J95: =ROUND('[7]2030'!J50,2) -> 0 | K95: =ROUND('[7]2030'!K50,2) -> 0 | L95: =ROUND('[7]2030'!L50,2) -> 0 | ... AB95: =ROUND('[7]2030'!AB50,2) -> 0
B96: 47757 | C96: Ordinario | D96: =+'[7]2030'!D51 -> 22 | E96: =ROUND('[7]2030'!E51,2) -> 22486.65 | F96: =ROUND('[7]2030'!F51,2) -> 21349.55 | G96: =ROUND('[7]2030'!G51,2) -> 20444.47 | H96: =ROUND('[7]2030'!H51,2) -> 19696.34 | I96: =ROUND('[7]2030'!I51,2) -> 19412.46 | J96: =ROUND('[7]2030'!J51,2) -> 19254.83 | K96: =ROUND('[7]2030'!K51,2) -> 19661.27 | L96: =ROUND('[7]2030'!L51,2) -> 22128.15 | ... AB96: =ROUND('[7]2030'!AB51,2) -> 24078.33 | AC96: =SUM(E96:AB96)*D96+SUM(E97:AB97)*D97+SUM(E98:AB98)*D98+SUM(E99:AB99)*D99 -> 18407672
B97: Feb | C97: Sábado | D97: =+'[7]2030'!D52 -> 4 | E97: =ROUND('[7]2030'!E52,2) -> 20900.51 | F97: =ROUND('[7]2030'!F52,2) -> 19868.18 | G97: =ROUND('[7]2030'!G52,2) -> 19104.36 | H97: =ROUND('[7]2030'!H52,2) -> 18646.56 | I97: =ROUND('[7]2030'!I52,2) -> 18710.59 | J97: =ROUND('[7]2030'!J52,2) -> 19075.15 | K97: =ROUND('[7]2030'!K52,2) -> 19420.85 | L97: =ROUND('[7]2030'!L52,2) -> 21693.48 | ... AB97: =ROUND('[7]2030'!AB52,2) -> 22547.47
B98: Feb | C98: Domingo | D98: =+'[7]2030'!D53 -> 4 | E98: =ROUND('[7]2030'!E53,2) -> 21123.97 | F98: =ROUND('[7]2030'!F53,2) -> 20229.64 | G98: =ROUND('[7]2030'!G53,2) -> 19518.33 | H98: =ROUND('[7]2030'!H53,2) -> 19080.59 | I98: =ROUND('[7]2030'!I53,2) -> 18928.61 | J98: =ROUND('[7]2030'!J53,2) -> 18630.3 | K98: =ROUND('[7]2030'!K53,2) -> 18187.12 | L98: =ROUND('[7]2030'!L53,2) -> 19616.84 | ... AB98: =ROUND('[7]2030'!AB53,2) -> 23707.53
B99: Feb | C99: Festivo | D99: =+'[7]2030'!D54 -> 1 | E99: =ROUND('[7]2030'!E54,2) -> 21123.97 | F99: =ROUND('[7]2030'!F54,2) -> 20229.64 | G99: =ROUND('[7]2030'!G54,2) -> 19518.33 | H99: =ROUND('[7]2030'!H54,2) -> 19080.59 | I99: =ROUND('[7]2030'!I54,2) -> 18928.61 | J99: =ROUND('[7]2030'!J54,2) -> 18630.3 | K99: =ROUND('[7]2030'!K54,2) -> 18187.12 | L99: =ROUND('[7]2030'!L54,2) -> 19616.84 | ... AB99: =ROUND('[7]2030'!AB54,2) -> 23707.53
B100: 47788 | C100: Ordinario | D100: =+'[7]2030'!D55 -> 19 | E100: =ROUND('[7]2030'!E55,2) -> 22186.09 | F100: =ROUND('[7]2030'!F55,2) -> 21100.74 | G100: =ROUND('[7]2030'!G55,2) -> 20316.81 | H100: =ROUND('[7]2030'!H55,2) -> 19803.56 | I100: =ROUND('[7]2030'!I55,2) -> 19808.14 | J100: =ROUND('[7]2030'!J55,2) -> 19972.92 | K100: =ROUND('[7]2030'!K55,2) -> 20111.11 | L100: =ROUND('[7]2030'!L55,2) -> 22633.11 | ... AB100: =ROUND('[7]2030'!AB55,2) -> 24081.85 | AC100: =SUM(E100:AB100)*D100+SUM(E101:AB101)*D101+SUM(E102:AB102)*D102+SUM(E103:AB103)*D103 -> 18206824
C101: Sábado | D101: =+'[7]2030'!D56 -> 5 | E101: =ROUND('[7]2030'!E56,2) -> 24178.54 | F101: =ROUND('[7]2030'!F56,2) -> 22954.68 | G101: =ROUND('[7]2030'!G56,2) -> 22050.35 | H101: =ROUND('[7]2030'!H56,2) -> 21428.3 | I101: =ROUND('[7]2030'!I56,2) -> 21296.57 | J101: =ROUND('[7]2030'!J56,2) -> 21444.54 | K101: =ROUND('[7]2030'!K56,2) -> 21329.43 | L101: =ROUND('[7]2030'!L56,2) -> 23759.46 | ... AB101: =ROUND('[7]2030'!AB56,2) -> 25877.13
C102: Domingo | D102: =+'[7]2030'!D57 -> 4 | E102: =ROUND('[7]2030'!E57,2) -> 22295.08 | F102: =ROUND('[7]2030'!F57,2) -> 21110.5 | G102: =ROUND('[7]2030'!G57,2) -> 20211.28 | H102: =ROUND('[7]2030'!H57,2) -> 19520.6 | I102: =ROUND('[7]2030'!I57,2) -> 19286.58 | J102: =ROUND('[7]2030'!J57,2) -> 18992.46 | K102: =ROUND('[7]2030'!K57,2) -> 18459.39 | L102: =ROUND('[7]2030'!L57,2) -> 19675.27 | ... AB102: =ROUND('[7]2030'!AB57,2) -> 22078.97
C103: Festivo | D103: =+'[7]2030'!D58 -> 2 | E103: =ROUND('[7]2030'!E58,2) -> 22295.08 | F103: =ROUND('[7]2030'!F58,2) -> 21110.5 | G103: =ROUND('[7]2030'!G58,2) -> 20211.28 | H103: =ROUND('[7]2030'!H58,2) -> 19520.6 | I103: =ROUND('[7]2030'!I58,2) -> 19286.58 | J103: =ROUND('[7]2030'!J58,2) -> 18992.46 | K103: =ROUND('[7]2030'!K58,2) -> 18459.39 | L103: =ROUND('[7]2030'!L58,2) -> 19675.27 | ... AB103: =ROUND('[7]2030'!AB58,2) -> 22078.97
B104: 47818 | C104: Ordinario | D104: =+'[7]2030'!D59 -> 21 | E104: =ROUND('[7]2030'!E59,2) -> 23530.01 | F104: =ROUND('[7]2030'!F59,2) -> 22288.24 | G104: =ROUND('[7]2030'!G59,2) -> 21349.61 | H104: =ROUND('[7]2030'!H59,2) -> 20697.18 | I104: =ROUND('[7]2030'!I59,2) -> 20553.83 | J104: =ROUND('[7]2030'!J59,2) -> 20658.23 | K104: =ROUND('[7]2030'!K59,2) -> 20418.78 | L104: =ROUND('[7]2030'!L59,2) -> 22609.11 | ... AB104: =ROUND('[7]2030'!AB59,2) -> 24237.6 | AC104: =SUM(E104:AB104)*D104+SUM(E105:AB105)*D105+SUM(E106:AB106)*D106+SUM(E107:AB107)*D107 -> 18638821
...
