Workbook

Sheet PRODUCTO 01
C1: ANEXO 1. CANTIDADES Y PRECIOS
C2: CP-GNCC2026-001
C3: CP-GNCC2026-001-PROD01
C4: CANTIDAD EN: | D4: KWh
C5: MODALIDAD: | D5: PAGUE LO CONTRATADO
C6: OFERENTE:
C10: MES DE SUMINISTRO | D10: ENERGÍA SOLICITADA (KWh) | E10: % ENERGÍA OFRECIDA | F10: ENERGÍA OFRECIDA (KWh) | G10: PRECIO OFERTADO ($/KWh)
C11: 46113 | D11: =+_xlfn.XLOOKUP(C11,'Cantidades horarias PROD 01 '!E9:E148,'Cantidades horarias PROD 01 '!AF9:AF148) -> 3219265.5 | E11: 1 | F11: =ROUND(D11*$E11,2) -> 3219265.5
C12: 46143 | D12: =+_xlfn.XLOOKUP(C12,'Cantidades horarias PROD 01 '!E10:E149,'Cantidades horarias PROD 01 '!AF10:AF149) -> 3477497.4 | E12: 1 | F12: =ROUND(D12*$E12,2) -> 3477497.4
C13: 46174 | D13: =+_xlfn.XLOOKUP(C13,'Cantidades horarias PROD 01 '!E11:E150,'Cantidades horarias PROD 01 '!AF11:AF150) -> 2965929.3 | E13: 1 | F13: =ROUND(D13*$E13,2) -> 2965929.3
C14: 46204 | D14: =+_xlfn.XLOOKUP(C14,'Cantidades horarias PROD 01 '!E12:E151,'Cantidades horarias PROD 01 '!AF12:AF151) -> 3379412.7 | E14: 1 | F14: =ROUND(D14*$E14,2) -> 3379412.7
C15: 46235 | D15: =+_xlfn.XLOOKUP(C15,'Cantidades horarias PROD 01 '!E13:E152,'Cantidades horarias PROD 01 '!AF13:AF152) -> 3305765.3 | E15: 1 | F15: =ROUND(D15*$E15,2) -> 3305765.3
C16: 46266 | D16: =+_xlfn.XLOOKUP(C16,'Cantidades horarias PROD 01 '!E14:E153,'Cantidades horarias PROD 01 '!AF14:AF153) -> 3246216.1 | E16: 1 | F16: =ROUND(D16*$E16,2) -> 3246216.1
C17: 46296 | D17: =+_xlfn.XLOOKUP(C17,'Cantidades horarias PROD 01 '!E15:E154,'Cantidades horarias PROD 01 '!AF15:AF154) -> 3528348.6 | E17: 1 | F17: =ROUND(D17*$E17,2) -> 3528348.6
C18: 46327 | D18: =+_xlfn.XLOOKUP(C18,'Cantidades horarias PROD 01 '!E16:E155,'Cantidades horarias PROD 01 '!AF16:AF155) -> 3343334.8 | E18: 1 | F18: =ROUND(D18*$E18,2) -> 3343334.8
C19: 46357 | D19: =+_xlfn.XLOOKUP(C19,'Cantidades horarias PROD 01 '!E17:E156,'Cantidades horarias PROD 01 '!AF17:AF156) -> 4049358.8 | E19: 1 | F19: =ROUND(D19*$E19,2) -> 4049358.8
C20: 46388 | D20: =+_xlfn.XLOOKUP(C20,'Cantidades horarias PROD 01 '!E18:E157,'Cantidades horarias PROD 01 '!AF18:AF157) -> 3388412.4 | E20: 1 | F20: =ROUND(D20*$E20,2) -> 3388412.4
C21: 46419 | D21: =+_xlfn.XLOOKUP(C21,'Cantidades horarias PROD 01 '!E19:E158,'Cantidades horarias PROD 01 '!AF19:AF158) -> 2880435.7 | E21: 1 | F21: =ROUND(D21*$E21,2) -> 2880435.7
C22: 46447 | D22: =+_xlfn.XLOOKUP(C22,'Cantidades horarias PROD 01 '!E20:E159,'Cantidades horarias PROD 01 '!AF20:AF159) -> 2908848.8 | E22: 1 | F22: =ROUND(D22*$E22,2) -> 2908848.8
... C115: 49279 | D115: =+_xlfn.XLOOKUP(C115,'Cantidades horarias PROD 01 '!E113:E252,'Cantidades horarias PROD 01 '!AF113:AF252) -> 3316118.1 | E115: 1 | F115: =ROUND(D115*$E115,2) -> 3316118.1
C116: 49310 | D116: =+_xlfn.XLOOKUP(C116,'Cantidades horarias PROD 01 '!E114:E241,'Cantidades horarias PROD 01 '!AF114:AF241) -> 13347978 | E116: 1 | F116: =ROUND(D116*$E116,2) -> 13347978
C117: 49341 | D117: =+_xlfn.XLOOKUP(C117,'Cantidades horarias PROD 01 '!E115:E242,'Cantidades horarias PROD 01 '!AF115:AF242) -> 11614491 | E117: 1 | F117: =ROUND(D117*$E117,2) -> 11614491
C118: 49369 | D118: =+_xlfn.XLOOKUP(C118,'Cantidades horarias PROD 01 '!E116:E243,'Cantidades horarias PROD 01 '!AF116:AF243) -> 11404539 | E118: 1 | F118: =ROUND(D118*$E118,2) -> 11404539
C119: 49400 | D119: =+_xlfn.XLOOKUP(C119,'Cantidades horarias PROD 01 '!E117:E244,'Cantidades horarias PROD 01 '!AF117:AF244) -> 9845237.4 | E119: 1 | F119: =ROUND(D119*$E119,2) -> 9845237.4
C120: 49430 | D120: =+_xlfn.XLOOKUP(C120,'Cantidades horarias PROD 01 '!E118:E245,'Cantidades horarias PROD 01 '!AF118:AF245) -> 10861711 | E120: 1 | F120: =ROUND(D120*$E120,2) -> 10861711
C121: 49461 | D121: =+_xlfn.XLOOKUP(C121,'Cantidades horarias PROD 01 '!E119:E246,'Cantidades horarias PROD 01 '!AF119:AF246) -> 9531296.8 | E121: 1 | F121: =ROUND(D121*$E121,2) -> 9531296.8
C122: 49491 | D122: =+_xlfn.XLOOKUP(C122,'Cantidades horarias PROD 01 '!E120:E247,'Cantidades horarias PROD 01 '!AF120:AF247) -> 10340916 | E122: 1 | F122: =ROUND(D122*$E122,2) -> 10340916
C123: 49522 | D123: =+_xlfn.XLOOKUP(C123,'Cantidades horarias PROD 01 '!E121:E248,'Cantidades horarias PROD 01 '!AF121:AF248) -> 8607947.7 | E123: 1 | F123: =ROUND(D123*$E123,2) -> 8607947.7
C124: 49553 | D124: =+_xlfn.XLOOKUP(C124,'Cantidades horarias PROD 01 '!E122:E249,'Cantidades horarias PROD 01 '!AF122:AF249) -> 7768241.8 | E124: 1 | F124: =ROUND(D124*$E124,2) -> 7768241.8
C125: 49583 | D125: =+_xlfn.XLOOKUP(C125,'Cantidades horarias PROD 01 '!E123:E250,'Cantidades horarias PROD 01 '!AF123:AF250) -> 8332436.2 | E125: 1 | F125: =ROUND(D125*$E125,2) -> 8332436.2
C126: 49614 | D126: =+_xlfn.XLOOKUP(C126,'Cantidades horarias PROD 01 '!E124:E251,'Cantidades horarias PROD 01 '!AF124:AF251) -> 3860735.4 | E126: 1 | F126: =ROUND(D126*$E126,2) -> 3860735.4
C127: 49644 | D127: =+_xlfn.XLOOKUP(C127,'Cantidades horarias PROD 01 '!E125:E252,'Cantidades horarias PROD 01 '!AF125:AF252) -> 1682559.2 | E127: 1 | F127: =ROUND(D127*$E127,2) -> 1682559.2
... C139: 50010 | D139: =+_xlfn.XLOOKUP(C139,'Cantidades horarias PROD 01 '!E137:E264,'Cantidades horarias PROD 01 '!AF137:AF264) -> 5019404.2 | E139: 1 | F139: =ROUND(D139*$E139,2) -> 5019404.2
C140: TOTAL | D140: =SUM(D11:D139) -> 4.6119398e+08 | E140: =IFERROR(F140/D140,0) -> 1 | F140: =SUM(F11:F139) -> 4.6119398e+08 | G140: =+(SUM(F11:F19)*G11+SUM(F20:F31)*G20+SUM(F32:F43)*G32+SUM(F44:F55)*G44+SUM(F56:F67)*G56+SUM(F68:F79)*G68+SUM(F80:F91)*G80+SUM(F92:F103)*G92+SUM(F104:F115)*G104+SUM(F116:F127)*G116)+SUM(F128:F139)*G128/F140 -> 0
C143: Nota
C144: 1. $/kWh expresados en pesos de Diciembre de 2025-Indexación anual
C145: 2. La energia ofertada se despachara conforme a las cantidades horarias de este anexo
C149: XXXXXXXXXXXXXXXXXXXXXXXX
C150: REPRESENTANTE LEGAL
C151: XXXXXXXXXXXXXXXXXXXXXX S.A E.S.P

Sheet Cantidades horarias PROD 01 
E1: ANEXO 2. CANTIDADES HORARIAS OFRECIDAS (KWh)
E2: PRODUCTO 1
E3: PAGUE LO CONTRATADO
E5: OFERENTE:
C8: LLAVE | F8: Cantidad Ofrecida | G8: N° días mes | H8: H1 | I8: H2 | J8: H3 | K8: H4 | L8: H5 | M8: H6 | N8: H7 | O8: H8 | P8: H9 | Q8: H10 | R8: H11 | S8: H12 | T8: H13 | U8: H14 | V8: H15 | W8: H16 | X8: H17 | Y8: H18 | Z8: H19 | AA8: H20 | AB8: H21 | AC8: H22 | AD8: H23 | AE8: H24 | AF8: TOTAL
A9: =+MONTH(E9) -> 4 | B9: =+YEAR(E9) -> 2026 | C9: =+_xlfn.CONCAT(A9:B9) -> 42026 | E9: 46113 | F9: =+_xlfn.XLOOKUP(E9,'PRODUCTO 01'!$C$11:$C$139,'PRODUCTO 01'!$F$11:$F$139) -> 3219265.5 | G9: 30 | H9: 0 | I9: 0 | J9: 0 | K9: 0.015088132 | L9: 0.0073699376 | M9: 45.397746 | N9: 0 | O9: 72.999724 | P9: 5564.7644 | Q9: 11706.743 | R9: 13125.116 | S9: 13058.851 | T9: 13238.939 | U9: 14453.94 | V9: 12959.617 | W9: 14188.094 | X9: 7317.4013 | Y9: 1532.6213 | Z9: 44.181933 | AA9: 0.16091099 | AB9: 0 | AC9: 0 | AD9: 0 | AE9: 0 | AF9: =ROUND(SUM(H9:AE9)*G9,2) -> 3219265.5
A10: =+MONTH(E10) -> 5 | B10: =+YEAR(E10) -> 2026 | C10: =+_xlfn.CONCAT(A10:B10) -> 52026 | E10: 46143 | F10: =+_xlfn.XLOOKUP(E10,'PRODUCTO 01'!$C$11:$C$139,'PRODUCTO 01'!$F$11:$F$139) -> 3477497.4 | G10: 31 | H10: 0.0017046475 | I10: 0 | J10: 0.0020792302 | K10: 0 | L10: 0 | M10: 123.62895 | N10: 945.08443 | O10: 5662.7017 | P10: 13534.578 | Q10: 15145.09 | R10: 12327.639 | S10: 9851.6429 | T10: 8800.0863 | U10: 9452.4537 | V10: 12129.498 | W10: 13305.628 | X10: 9218.8745 | Y10: 1645.6416 | Z10: 32.838 | AA10: 1.9304997 | AB10: 0.0046908732 | AC10: 0.0045449019 | AD10: 0.0041812108 | AE10: 0.0027932467 | AF10: =ROUND(SUM(H10:AE10)*G10,2) -> 3477497.4
A11: =+MONTH(E11) -> 6 | B11: =+YEAR(E11) -> 2026 | C11: =+_xlfn.CONCAT(A11:B11) -> 62026 | E11: 46174 | F11: =+_xlfn.XLOOKUP(E11,'PRODUCTO 01'!$C$11:$C$139,'PRODUCTO 01'!$F$11:$F$139) -> 2965929.3 | G11: 30 | H11: 0.0086425235 | I11: 0.0086319159 | J11: 0.0082235242 | K11: 0.041018407 | L11: 0.039115751 | M11: 109.38073 | N11: 0 | O11: 3058.8154 | P11: 8173.7379 | Q11: 14060.291 | R11: 14934.291 | S11: 14132.07 | T11: 15704.447 | U11: 12060.684 | V11: 9201.198 | W11: 5734.0077 | X11: 838.63884 | Y11: 834.9804 | Z11: 18.525749 | AA11: 3.1006898 | AB11: 0.0088148966 | AC11: 0.008629264 | AD11: 0.0086186564 | AE11: 0.0086823019 | AF11: =ROUND(SUM(H11:AE11)*G11,2) -> 2965929.3
A12: =+MONTH(E12) -> 7 | B12: =+YEAR(E12) -> 2026 | C12: =+_xlfn.CONCAT(A12:B12) -> 72026 | E12: 46204 | F12: =+_xlfn.XLOOKUP(E12,'PRODUCTO 01'!$C$11:$C$139,'PRODUCTO 01'!$F$11:$F$139) -> 3379412.7 | G12: 31 | H12: 0.0029509004 | I12: 0 | J12: 0 | K12: 0 | L12: 0.0010605579 | M12: 29.769842 | N12: 0 | O12: 2184.3354 | P12: 8802.0468 | Q12: 15317.646 | R12: 14158.749 | S12: 14081.529 | T12: 15343.84 | U12: 10041.262 | V12: 10123.82 | W12: 11391.49 | X12: 6152.8946 | Y12: 1380.6968 | Z12: 0 | AA12: 5.2268412 | AB12: 0.0034874278 | AC12: 0 | AD12: 0 | AE12: 0 | AF12: =ROUND(SUM(H12:AE12)*G12,2) -> 3379412.7
A13: =+MONTH(E13) -> 8 | B13: =+YEAR(E13) -> 2026 | C13: =+_xlfn.CONCAT(A13:B13) -> 82026 | E13: 46235 | F13: =+_xlfn.XLOOKUP(E13,'PRODUCTO 01'!$C$11:$C$139,'PRODUCTO 01'!$F$11:$F$139) -> 3305765.3 | G13: 31 | H13: 0 | I13: 0 | J13: 0 | K13: 0 | L13: 0 | M13: 35.492632 | N13: 0 | O13: 2612.0547 | P13: 12429.508 | Q13: 15000.904 | R13: 16227.361 | S13: 11536.625 | T13: 11685.8 | U13: 12957.785 | V13: 9187.7036 | W13: 10611.573 | X13: 3966.6723 | Y13: 385.15116 | Z13: 0 | AA13: 0.96079954 | AB13: 0 | AC13: 0 | AD13: 0 | AE13: 0 | AF13: =ROUND(SUM(H13:AE13)*G13,2) -> 3305765.3
A14: =+MONTH(E14) -> 9 | B14: =+YEAR(E14) -> 2026 | C14: =+_xlfn.CONCAT(A14:B14) -> 92026 | E14: 46266 | F14: =+_xlfn.XLOOKUP(E14,'PRODUCTO 01'!$C$11:$C$139,'PRODUCTO 01'!$F$11:$F$139) -> 3246216.1 | G14: 30 | H14: 0 | I14: 0 | J14: 0 | K14: 0 | L14: 0 | M14: 129.15081 | N14: 0 | O14: 9515.8997 | P14: 15692.741 | Q14: 15484.246 | R14: 11041.292 | S14: 7478.1412 | T14: 9847.5628 | U14: 12810.303 | V14: 9973.0965 | W14: 11190.953 | X14: 4642.6585 | Y14: 401.1429 | Z14: 0 | AA14: 0.015878443 | AB14: 0 | AC14: 0 | AD14: 0 | AE14: 0 | AF14: =ROUND(SUM(H14:AE14)*G14,2) -> 3246216.1
A15: =+MONTH(E15) -> 10 | B15: =+YEAR(E15) -> 2026 | C15: =+_xlfn.CONCAT(A15:B15) -> 102026 | E15: 46296 | F15: =+_xlfn.XLOOKUP(E15,'PRODUCTO 01'!$C$11:$C$139,'PRODUCTO 01'!$F$11:$F$139) -> 3528348.6 | G15: 31 | H15: 0 | I15: 0 | J15: 0 | K15: 0 | L15: 0 | M15: 38.062242 | N15: 0 | O15: 7198.6607 | P15: 11605.956 | Q15: 16183.543 | R15: 15186.399 | S15: 13681.976 | T15: 12368.921 | U15: 12727.001 | V15: 11398.583 | W15: 8409.9662 | X15: 4631.5133 | Y15: 387.09787 | Z15: 0 | AA15: 0.0033335975 | AB15: 0.0033591463 | AC15: 0.0034122876 | AD15: 0.0034807582 | AE15: 0.0034919996 | AF15: =ROUND(SUM(H15:AE15)*G15,2) -> 3528348.6
A16: =+MONTH(E16) -> 11 | B16: =+YEAR(E16) -> 2026 | C16: =+_xlfn.CONCAT(A16:B16) -> 112026 | E16: 46327 | F16: =+_xlfn.XLOOKUP(E16,'PRODUCTO 01'!$C$11:$C$139,'PRODUCTO 01'!$F$11:$F$139) -> 3343334.8 | G16: 30 | H16: 0.00066731731 | I16: 0.00054583049 | J16: 0.00046810048 | K16: 0.00042434367 | L16: 0.00051099709 | M16: 97.649716 | N16: 0 | O16: 4072.6006 | P16: 7558.2172 | Q16: 9094.3092 | R16: 9746.946 | S16: 12329.287 | T16: 14212.225 | U16: 16508.796 | V16: 18414.519 | W16: 14593.68 | X16: 4384.1287 | Y16: 431.50039 | Z16: 0 | AA16: 0.13116944 | AB16: 0.13109515 | AC16: 0.12883281 | AD16: 0.12315665 | AE16: 0.1176809 | AF16: =ROUND(SUM(H16:AE16)*G16,2) -> 3343334.8
A17: =+MONTH(E17) -> 12 | B17: =+YEAR(E17) -> 2026 | C17: =+_xlfn.CONCAT(A17:B17) -> 122026 | E17: 46357 | F17: =+_xlfn.XLOOKUP(E17,'PRODUCTO 01'!$C$11:$C$139,'PRODUCTO 01'!$F$11:$F$139) -> 4049358.8 | G17: 31 | H17: 0.0025780136 | I17: 0 | J17: 0 | K17: 0 | L17: 0 | M17: 52.546398 | N17: 0 | O17: 8250.9117 | P17: 13888.425 | Q17: 18200.812 | R17: 18159.448 | S17: 16533.197 | T17: 16484.747 | U17: 16273.115 | V17: 14460.478 | W17: 8109.3864 | X17: 211.39972 | Y17: 0 | Z17: 0 | AA17: 0 | AB17: 0.0016568891 | AC17: 0.0019141231 | AD17: 0.0019141231 | AE17: 0.00205598 | AF17: =ROUND(SUM(H17:AE17)*G17,2) -> 4049358.8
A18: =+MONTH(E18) -> 1 | B18: =+YEAR(E18) -> 2027 | C18: =+_xlfn.CONCAT(A18:B18) -> 12027 | E18: 46388 | F18: =+_xlfn.XLOOKUP(E18,'PRODUCTO 01'!$C$11:$C$139,'PRODUCTO 01'!$F$11:$F$139) -> 3388412.4 | G18: 31 | H18: 0.16128697 | I18: 0.14364689 | J18: 0.11732575 | K18: 0.13848162 | L18: 0.15822364 | M18: 0.14201623 | N18: 0 | O18: 2373.1747 | P18: 8795.3978 | Q18: 13551.429 | R18: 13464.022 | S18: 13730.016 | T18: 13613.238 | U18: 14076.375 | V18: 14153.199 | W18: 11992.207 | X18: 3529.8812 | Y18: 23.05411 | Z18: 0 | AA18: 0.13667697 | AB18: 0.18825919 | AC18: 0.15806848 | AD18: 0.12834905 | AE18: 0.15806848 | AF18: =ROUND(SUM(H18:AE18)*G18,2) -> 3388412.4
A19: =+MONTH(E19) -> 2 | B19: =+YEAR(E19) -> 2027 | C19: =+_xlfn.CONCAT(A19:B19) -> 22027 | E19: 46419 | F19: =+_xlfn.XLOOKUP(E19,'PRODUCTO 01'!$C$11:$C$139,'PRODUCTO 01'!$F$11:$F$139) -> 2880435.7 | G19: 28 | H19: 0 | I19: 0 | J19: 0 | K19: 0.0054283962 | L19: 0 | M19: 0 | N19: 0 | O19: 2522.0276 | P19: 8507.9706 | Q19: 14293.021 | R19: 15332.804 | S19: 13965.416 | T19: 12600.547 | U19: 8369.8683 | V19: 10836.446 | W19: 11955.755 | X19: 4488.8359 | Y19: 0 | Z19: 0 | AA19: 0 | AB19: 0 | AC19: 0 | AD19: 0 | AE19: 0.0051715045 | AF19: =ROUND(SUM(H19:AE19)*G19,2) -> 2880435.7
A20: =+MONTH(E20) -> 3 | B20: =+YEAR(E20) -> 2027 | C20: =+_xlfn.CONCAT(A20:B20) -> 32027 | E20: 46447 | F20: =+_xlfn.XLOOKUP(E20,'PRODUCTO 01'!$C$11:$C$139,'PRODUCTO 01'!$F$11:$F$139) -> 2908848.8 | G20: 31 | H20: 0 | I20: 0 | J20: 0.0024078977 | K20: 0 | L20: 0 | M20: 11.665497 | N20: 0 | O20: 1978.3048 | P20: 6708.5424 | Q20: 10400.009 | R20: 10986.014 | S20: 11604.824 | T20: 11923.854 | U20: 12370.308 | V20: 13395.652 | W20: 10764.895 | X20: 3689.5876 | Y20: 0 | Z20: 0 | AA20: 0.17240562 | AB20: 0 | AC20: 0 | AD20: 0 | AE20: 0 | AF20: =ROUND(SUM(H20:AE20)*G20,2) -> 2908848.8
... A137: =+MONTH(E137) -> 12 | B137: =+YEAR(E137) -> 2036 | C137: =+_xlfn.CONCAT(A137:B137) -> 122036 | E137: 50010 | F137: =+_xlfn.XLOOKUP(E137,'PRODUCTO 01'!$C$11:$C$139,'PRODUCTO 01'!$F$11:$F$139) -> 5019404.2 | G137: 31 | H137: 0.0026660492 | I137: 0 | J137: 0 | K137: 0 | L137: 0 | M137: 0.0023662994 | N137: 751.67172 | O137: 6335.6734 | P137: 13836.884 | Q137: 19128.837 | R137: 21671.223 | S137: 21920.596 | T137: 21037.522 | U137: 19964.299 | V137: 17244.469 | W137: 12881.388 | X137: 6168.7287 | Y137: 945.61345 | Z137: 29.344999 | AA137: 0 | AB137: 0.0017134696 | AC137: 0.0019794878 | AD137: 0.0019794878 | AE137: 0.0021261889 | AF137: =ROUND(SUM(H137:AE137)*G137,2) -> 5019404.2

Sheet calendario
A1: Cuenta de TIPO
A2: MES | B2: TIPO | C2: 2014 | D2: 2015 | E2: 2016 | F2: 2017 | G2: 2018
A3: 1 | B3: 1ORD | C3: =31-C4-C5 -> 21 | D3: =31-D4-D5 -> 20 | E3: 19 | F3: 21 | G3: 21
A4: 1 | B4: 2SÁB | C4: 4 | D4: 5 | E4: 5 | F4: 4 | G4: 4
A5: 1 | B5: 3FES | C5: 6 | D5: 6 | E5: 7 | F5: 6 | G5: 6
A6: 2 | B6: 1ORD | C6: =28-C7-C8 -> 20 | D6: =28-D7-D8 -> 20 | E6: 21 | F6: 20 | G6: 20
A7: 2 | B7: 2SÁB | C7: 4 | D7: 4 | E7: 4 | F7: 4 | G7: 4
A8: 2 | B8: 3FES | C8: 4 | D8: 4 | E8: 4 | F8: 4 | G8: 4
A9: 3 | B9: 1ORD | C9: =31-C10-C11 -> 20 | D9: =31-D10-D11 -> 21 | E9: 20 | F9: 22 | G9: 19
A10: 3 | B10: 2SÁB | C10: 5 | D10: 4 | E10: 4 | F10: 4 | G10: 5
A11: 3 | B11: 3FES | C11: 6 | D11: 6 | E11: 7 | F11: 5 | G11: 7
A12: 4 | B12: 1ORD | C12: =30-C13-C14 -> 20 | D12: =30-D13-D14 -> 20 | E12: 21 | F12: 18 | G12: 21
A13: 4 | B13: 2SÁB | C13: 4 | D13: 4 | E13: 5 | F13: 5 | G13: 4
A14: 4 | B14: 3FES | C14: 6 | D14: 6 | E14: 4 | F14: 7 | G14: 5
A15: 5 | B15: 1ORD | C15: =31-C16-C17 -> 21 | D15: =31-D16-D17 -> 19 | E15: 20 | F15: 21 | G15: 21
A16: 5 | B16: 2SÁB | C16: 5 | D16: 5 | E16: 4 | F16: 4 | G16: 4
A17: 5 | B17: 3FES | C17: 5 | D17: 7 | E17: 7 | F17: 6 | G17: 6
A18: 6 | B18: 1ORD | C18: =30-C19-C20 -> 18 | D18: =30-D19-D20 -> 19 | E18: 21 | F18: 20 | G18: 19
A19: 6 | B19: 2SÁB | C19: 4 | D19: 4 | E19: 4 | F19: 4 | G19: 5
A20: 6 | B20: 3FES | C20: 8 | D20: 7 | E20: 5 | F20: 6 | G20: 6
A21: 7 | B21: 1ORD | C21: =31-C22-C23 -> 23 | D21: =31-D22-D23 -> 22 | E21: 19 | F21: 19 | G21: 20
A22: 7 | B22: 2SÁB | C22: 4 | D22: 4 | E22: 5 | F22: 5 | G22: 4
A23: 7 | B23: 3FES | C23: 4 | D23: 5 | E23: 7 | F23: 7 | G23: 7
A24: 8 | B24: 1ORD | C24: =31-C25-C26 -> 19 | D24: =31-D25-D26 -> 19 | E24: 22 | F24: 21 | G24: 21
A25: 8 | B25: 2SÁB | C25: 5 | D25: 5 | E25: 4 | F25: 4 | G25: 4
A26: 8 | B26: 3FES | C26: 7 | D26: 7 | E26: 5 | F26: 6 | G26: 6
A27: 9 | B27: 1ORD | C27: =30-C28-C29 -> 22 | D27: =30-D28-D29 -> 22 | E27: 22 | F27: 21 | G27: 20
A28: 9 | B28: 2SÁB | C28: 4 | D28: 4 | E28: 4 | F28: 5 | G28: 5
A29: 9 | B29: 3FES | C29: 4 | D29: 4 | E29: 4 | F29: 4 | G29: 5
A30: 10 | B30: 1ORD | C30: =31-C31-C32 -> 22 | D30: =31-D31-D32 -> 21 | E30: 20 | F30: 21 | G30: 22
A31: 10 | B31: 2SÁB | C31: 4 | D31: 5 | E31: 5 | F31: 4 | G31: 4
A32: 10 | B32: 3FES | C32: 5 | D32: 5 | E32: 6 | F32: 6 | G32: 5
A33: 11 | B33: 1ORD | C33: =30-C34-C35 -> 18 | D33: =30-D34-D35 -> 19 | E33: 20 | F33: 20 | G33: 20
A34: 11 | B34: 2SÁB | C34: 5 | D34: 4 | E34: 4 | F34: 4 | G34: 4
A35: 11 | B35: 3FES | C35: 7 | D35: 7 | E35: 6 | F35: 6 | G35: 6
A36: 12 | B36: 1ORD | C36: =31-C37-C38 -> 21 | D36: =31-D37-D38 -> 21 | E36: 21 | F36: 19 | G36: 20
A37: 12 | B37: 2SÁB | C37: 4 | D37: 4 | E37: 5 | F37: 5 | G37: 5
A38: 12 | B38: 3FES | C38: 6 | D38: 6 | E38: 5 | F38: 7 | G38: 6

Sheet curvas típicas de referencia
A2: tipo día | B2: H1 | C2: H2 | D2: H3 | E2: H4 | F2: H5 | G2: H6 | H2: H7 | I2: H8 | J2: H9 | K2: H10 | L2: H11 | M2: H12 | N2: H13 | O2: H14 | P2: H15 | Q2: H16 | R2: H17 | S2: H18 | T2: H19 | U2: H20 | V2: H21 | W2: H22 | X2: H23 | Y2: H24
A3: Habil | B3: 0.027834527 | C3: 0.026682521 | D3: 0.025923893 | E3: 0.025439158 | F3: 0.025556097 | G3: 0.027259445 | H3: 0.032350135 | I3: 0.040455761 | J3: 0.047464293 | K3: 0.051692777 | L3: 0.054607079 | M3: 0.05493643 | N3: 0.052911056 | O3: 0.054485015 | P3: 0.056958239 | Q3: 0.057105703 | R3: 0.054820804 | S3: 0.051080543 | T3: 0.047845564 | U3: 0.044575088 | V3: 0.040435268 | W3: 0.036298963 | X3: 0.032954022 | Y3: 0.030327619
A4: Sabado | B4: 0.031933621 | C4: 0.030285079 | D4: 0.02935318 | E4: 0.028733579 | F4: 0.028654972 | G4: 0.029977253 | H4: 0.034030119 | I4: 0.040020468 | J4: 0.046345254 | K4: 0.051632171 | L4: 0.055400723 | M4: 0.055432951 | N4: 0.052958111 | O4: 0.051848023 | P4: 0.050438564 | Q4: 0.049277928 | R4: 0.047857004 | S4: 0.0471393 | T4: 0.046673457 | U4: 0.044979657 | V4: 0.042158325 | W4: 0.038032949 | X4: 0.03456292 | Y4: 0.032274391
A5: Festivo | B5: 0.0369262 | C5: 0.035565247 | D5: 0.034193693 | E5: 0.033394425 | F5: 0.032854151 | G5: 0.032653619 | H5: 0.033632199 | I5: 0.036341608 | J5: 0.040377423 | K5: 0.043732241 | L5: 0.047238598 | M5: 0.049884901 | N5: 0.050097655 | O5: 0.049054338 | P5: 0.047949351 | Q5: 0.047121269 | R5: 0.046744813 | S5: 0.046327025 | T5: 0.047122858 | U5: 0.046196154 | V5: 0.044346624 | W5: 0.041928399 | X5: 0.039253217 | Y5: 0.037063992
A8: CURVA ACTUALIZADA CON DEMANDAS PROYECCION DEMANDA REGULADA MATRICIAL 2014 (Enero 2014)
