Workbook

Sheet Curv hora 2029 - 2033 (100%)
A1: EMPRESA DE ENERGIA DEL BAJO PUTUMAYO S.A. E.S.P.
A2: CANTIDAD DE ENERGIA REQUERIDA Y CURVA DE CARGA HORARIA
A3: CONVOCATORIA PÚBLICA CP-EBPCXXXXXXX
A4: TIPO DE OFERTA: CURVA
A5: PRODUCTO XXX
A6: CURVA TOTAL PROYECTADA
A7: MES/AÑO | B7: # DIAS | C7: TIPO DIA | D7: HORA | E7: H1 | F7: H2 | G7: H3 | H7: H4 | I7: H5 | J7: H6 | K7: H7 | L7: H8 | M7: H9 | N7: H10 | O7: H11 | P7: H12 | Q7: H13 | R7: H14 | S7: H15 | T7: H16 | U7: H17 | V7: H18 | W7: H19 | X7: H20 | Y7: H21 | Z7: H22 | AA7: H23 | AB7: H24 | AC7: TOTAL MES
D8: # DIAS | E8: kWh | F8: kWh | G8: kWh | H8: kWh | I8: kWh | J8: kWh | K8: kWh | L8: kWh | M8: kWh | N8: kWh | O8: kWh | P8: kWh | Q8: kWh | R8: kWh | S8: kWh | T8: kWh | U8: kWh | V8: kWh | W8: kWh | X8: kWh | Y8: kWh | Z8: kWh | AA8: kWh | AB8: kWh
A9: 47119 | B9: =DAY(EOMONTH(A9,0)) -> 31 | C9: D. habiles | D9: 21 | E9: 9352.53 | F9: 8760.62 | G9: 8373.71 | H9: 8115.02 | I9: 8039.79 | J9: 8197.09 | K9: 8244.38 | L9: 7594.04 | M9: 9083.98 | N9: 10355.06 | O9: 11529.11 | P9: 12381.98 | Q9: 12066.43 | R9: 12065.67 | S9: 12839.81 | T9: 12963.47 | U9: 12748.06 | V9: 14522.08 | W9: 15308.64 | X9: 16046.72 | Y9: 15310.08 | Z9: 14132.56 | AA9: 12470.98 | AB9: 10872.77 | AC9: =SUMPRODUCT((E9:AB11)*D9:D11) -> 8197571.2
C10: D. Sabados | D10: 4 | E10: 9240.11 | F10: 8669.79 | G10: 8274.66 | H10: 8032.67 | I10: 7941.15 | J10: 8068.15 | K10: 8187.95 | L10: 7370.42 | M10: 8669.87 | N10: 9633.99 | O10: 10494.43 | P10: 11160.3 | Q10: 11147.62 | R10: 11125.66 | S10: 11276.4 | T10: 11419.7 | U10: 11409.24 | V10: 13318.82 | W10: 14245.54 | X10: 15147.15 | Y10: 14464.91 | Z10: 13419.86 | AA10: 12101.98 | AB10: 10817.36
C11: D. dom y fest | D11: 6 | E11: 9635.86 | F11: 9063.68 | G11: 8473.37 | H11: 8285.67 | I11: 8064.2 | J11: 7940.69 | K11: 7786.3 | L11: 6774.89 | M11: 7956.32 | N11: 8860.49 | O11: 9729.11 | P11: 10468.96 | Q11: 10801.75 | R11: 10683.43 | S11: 10426.49 | T11: 10379.18 | U11: 10321.76 | V11: 12457.9 | W11: 13612.64 | X11: 14667.19 | Y11: 14101.08 | Z11: 13120.92 | AA11: 11812.34 | AB11: 10601.46
A12: 47150 | B12: =DAY(EOMONTH(A12,0)) -> 28 | C12: D. habiles | D12: 20 | E12: 9185.42 | F12: 8642.46 | G12: 8197.08 | H12: 8076.4 | I12: 8033.04 | J12: 8544.58 | K12: 9264.31 | L12: 8206.85 | M12: 9531.48 | N12: 10260.66 | O12: 11074.37 | P12: 11760.43 | Q12: 11276.84 | R12: 11663.75 | S12: 12561.6 | T12: 12775.16 | U12: 12743.52 | V12: 14674.06 | W12: 15328.59 | X12: 16220.86 | Y12: 15359.12 | Z12: 14029.09 | AA12: 11719.99 | AB12: 10521.57 | AC12: =SUMPRODUCT((E12:AB14)*D12:D14) -> 7424917.5
C13: D. Sabados | D13: 4 | E13: 8902.74 | F13: 8307.91 | G13: 7818.63 | H13: 7624.6 | I13: 7613.81 | J13: 7797.03 | K13: 8100.34 | L13: 7245.92 | M13: 8801 | N13: 9944.45 | O13: 10815.24 | P13: 11533.19 | Q13: 11449.22 | R13: 11225.06 | S13: 11175.03 | T13: 11504.49 | U13: 11617.81 | V13: 13624.67 | W13: 14697.59 | X13: 15624.81 | Y13: 14860.84 | Z13: 13682.25 | AA13: 12240.63 | AB13: 10792.09
C14: D. dom y fest | D14: 4 | E14: 9396.69 | F14: 8737.01 | G14: 8266.52 | H14: 7995.66 | I14: 7807.8 | J14: 7823.72 | K14: 7911.52 | L14: 7020.74 | M14: 8283.89 | N14: 9211.06 | O14: 10037.5 | P14: 10773.47 | Q14: 11142.74 | R14: 11136.04 | S14: 11053.72 | T14: 10937.22 | U14: 10958.59 | V14: 13011.77 | W14: 14045.43 | X14: 15178.82 | Y14: 14773.51 | Z14: 13863.35 | AA14: 12085.07 | AB14: 9522.04
A15: 47178 | B15: =DAY(EOMONTH(A15,0)) -> 31 | C15: D. habiles | D15: 19 | E15: 8825.54 | F15: 8257.38 | G15: 7932.7 | H15: 7769.41 | I15: 7796 | J15: 8346 | K15: 9068.02 | L15: 8056.82 | M15: 9301.37 | N15: 10178.65 | O15: 10898.11 | P15: 11515.06 | Q15: 10812.56 | R15: 11393.9 | S15: 12083.34 | T15: 12318.44 | U15: 12265.65 | V15: 14122.08 | W15: 14904.51 | X15: 15831.55 | Y15: 14929.56 | Z15: 13563.41 | AA15: 11651.8 | AB15: 10139.02 | AC15: =SUMPRODUCT((E15:AB17)*D15:D17) -> 7921661
C16: D. Sabados | D16: 5 | E16: 8178.81 | F16: 8000.96 | G16: 7654.9 | H16: 7434.25 | I16: 7436.32 | J16: 7677.44 | K16: 8101.07 | L16: 7278.42 | M16: 8822.34 | N16: 9751.43 | O16: 10415.98 | P16: 10939.24 | Q16: 10795.19 | R16: 10607.02 | S16: 10782.57 | T16: 10874.83 | U16: 11035.74 | V16: 13145.79 | W16: 14338.49 | X16: 15038.02 | Y16: 14203.16 | Z16: 13166.83 | AA16: 11769.13 | AB16: 10389.5
C17: D. dom y fest | D17: 7 | E17: 9151.28 | F17: 8546.45 | G17: 8120.57 | H17: 7877.19 | I17: 7783.37 | J17: 7811.86 | K17: 7934.96 | L17: 7039.54 | M17: 8220.98 | N17: 9043.71 | O17: 9613.93 | P17: 10056.15 | Q17: 10373.27 | R17: 10335.9 | S17: 10441.56 | T17: 10502.86 | U17: 10506.13 | V17: 12699.67 | W17: 13946.6 | X17: 14609.87 | Y17: 14075.16 | Z17: 13068.83 | AA17: 11593.56 | AB17: 10249.05
A18: 47209 | B18: =DAY(EOMONTH(A18,0)) -> 30 | C18: D. habiles | D18: 21 | E18: 8878.83 | F18: 8398.5 | G18: 8077.44 | H18: 7852.01 | I18: 7857.6 | J18: 8473.68 | K18: 9090.32 | L18: 8093.66 | M18: 9420.49 | N18: 10273.64 | O18: 10960.02 | P18: 11486.35 | Q18: 11196.91 | R18: 11421.5 | S18: 12364.27 | T18: 12674.41 | U18: 12704.03 | V18: 14658.74 | W18: 16040.24 | X18: 16307.14 | Y18: 15373.6 | Z18: 13977.08 | AA18: 12022.35 | AB18: 10384.65 | AC18: =SUMPRODUCT((E18:AB20)*D18:D20) -> 8010782.8
C19: D. Sabados | D19: 4 | E19: 9081.03 | F19: 8504.34 | G19: 8088.18 | H19: 7850.09 | I19: 7820.77 | J19: 8047.41 | K19: 8403.19 | L19: 7727.94 | M19: 9323.09 | N19: 10463.46 | O19: 11468.73 | P19: 12231.78 | Q19: 12260.95 | R19: 12246.41 | S19: 12136 | T19: 11895.67 | U19: 11789.02 | V19: 13754.67 | W19: 15085.73 | X19: 15632.7 | Y19: 15152.36 | Z19: 14092.71 | AA19: 12714.61 | AB19: 11469.46
C20: D. dom y fest | D20: 5 | E20: 9982.36 | F20: 9254.66 | G20: 8710.01 | H20: 8356.37 | I20: 8178.66 | J20: 8197.41 | K20: 8466.09 | L20: 7332.66 | M20: 8546.98 | N20: 9473.49 | O20: 10280.8 | P20: 11091.68 | Q20: 11577.56 | R20: 11603.52 | S20: 11650.9 | T20: 11689.8 | U20: 11581.91 | V20: 13565.62 | W20: 15333.85 | X20: 16101.03 | Y20: 15763.83 | Z20: 14431.3 | AA20: 12092.05 | AB20: 9554.44
A21: 47239 | B21: =DAY(EOMONTH(A21,0)) -> 31 | C21: D. habiles | D21: 21 | E21: 8374.9 | F21: 7841.24 | G21: 7534.72 | H21: 7309.91 | I21: 7244.49 | J21: 7868.41 | K21: 8719.25 | L21: 7826.07 | M21: 9091.55 | N21: 9859.47 | O21: 10691.21 | P21: 11275 | Q21: 10852.57 | R21: 10819.44 | S21: 11503.69 | T21: 11807.28 | U21: 11843.86 | V21: 14008.83 | W21: 15406.15 | X21: 15734.93 | Y21: 14789.08 | Z21: 13385.33 | AA21: 11360.78 | AB21: 9782.5 | AC21: =SUMPRODUCT((E21:AB23)*D21:D23) -> 7805466.7
C22: D. Sabados | D22: 4 | E22: 8584.28 | F22: 8042.96 | G22: 7615.64 | H22: 7405.23 | I22: 7338.26 | J22: 7602.14 | K22: 8042.18 | L22: 7415.92 | M22: 8741.39 | N22: 9743.57 | O22: 10398.14 | P22: 10953.44 | Q22: 10831.82 | R22: 10553.3 | S22: 10547.07 | T22: 10639.81 | U22: 10706.16 | V22: 13068.77 | W22: 14640.37 | X22: 14906.83 | Y22: 14051.07 | Z22: 12986.91 | AA22: 11482.77 | AB22: 10147.5
C23: D. dom y fest | D23: 6 | E23: 8941.97 | F23: 8197.45 | G23: 7785.75 | H23: 7526.43 | I23: 7378.69 | J23: 7461.93 | K23: 7734.01 | L23: 6833.57 | M23: 8113.41 | N23: 9125.7 | O23: 9931.73 | P23: 10515.65 | Q23: 10658.15 | R23: 10575.96 | S23: 10424.88 | T23: 11115.94 | U23: 10873.09 | V23: 12985.12 | W23: 13775.56 | X23: 14526.8 | Y23: 14623.65 | Z23: 13414.7 | AA23: 11681.59 | AB23: 10155.06
A24: 47270 | B24: =DAY(EOMONTH(A24,0)) -> 30 | C24: D. habiles | D24: 19 | E24: 7748.15 | F24: 7241.93 | G24: 7011.54 | H24: 6881.51 | I24: 6914.73 | J24: 7524.55 | K24: 8262.72 | L24: 7304.69 | M24: 8520.78 | N24: 9363.03 | O24: 9950.11 | P24: 10414.55 | Q24: 9925.97 | R24: 9988.58 | S24: 10644.51 | T24: 10849.36 | U24: 10977.06 | V24: 13158.87 | W24: 14386.88 | X24: 14741.91 | Y24: 13747.62 | Z24: 12277.45 | AA24: 10416.43 | AB24: 8899.7 | AC24: =SUMPRODUCT((E24:AB26)*D24:D26) -> 7057111.2
C25: D. Sabados | D25: 5 | E25: 7976.15 | F25: 7367.64 | G25: 6972.42 | H25: 6778.38 | I25: 6790.95 | J25: 7004.02 | K25: 7465.64 | L25: 6839.33 | M25: 8492.01 | N25: 9699.18 | O25: 10413.63 | P25: 10876.91 | Q25: 10659.42 | R25: 10569.5 | S25: 10604.74 | T25: 10457.99 | U25: 10441.76 | V25: 12678.76 | W25: 14178.95 | X25: 14529.53 | Y25: 13575.82 | Z25: 12389.28 | AA25: 10911.36 | AB25: 9532.81
C26: D. dom y fest | D26: 6 | E26: 8065.32 | F26: 7539.05 | G26: 7165.34 | H26: 6964.4 | I26: 6846.21 | J26: 6908.08 | K26: 7157.4 | L26: 6339.92 | M26: 7828.23 | N26: 8744.63 | O26: 9544.5 | P26: 10102.27 | Q26: 10447.23 | R26: 10376.34 | S26: 10179.41 | T26: 9853.12 | U26: 9662.76 | V26: 12146.44 | W26: 13453.72 | X26: 13733.04 | Y26: 13169.79 | Z26: 12013.5 | AA26: 10355.06 | AB26: 8934.29
A27: 47300 | B27: =DAY(EOMONTH(A27,0)) -> 31 | C27: D. habiles | D27: 20 | E27: 8057.5 | F27: 7527.44 | G27: 7248.25 | H27: 7083.7 | I27: 7108.55 | J27: 7718.06 | K27: 8418.36 | L27: 7558.56 | M27: 8959.55 | N27: 9839.25 | O27: 10565.51 | P27: 11271.82 | Q27: 10979.64 | R27: 10967.89 | S27: 11647.61 | T27: 12005.64 | U27: 12016.98 | V27: 14160.59 | W27: 15174.74 | X27: 15678.1 | Y27: 14690 | Z27: 13226.72 | AA27: 11233.26 | AB27: 9573.94 | AC27: =SUMPRODUCT((E27:AB29)*D27:D29) -> 7607010.6
C28: D. Sabados | D28: 4 | E28: 8237.52 | F28: 7650.15 | G28: 7291.27 | H28: 7129.78 | I28: 7064.79 | J28: 7298.92 | K28: 7672.91 | L28: 7139.92 | M28: 8634.83 | N28: 9636.83 | O28: 10292.24 | P28: 10837.69 | Q28: 10607.06 | R28: 10492.88 | S28: 10626.81 | T28: 10859.47 | U28: 10769.62 | V28: 12885.87 | W28: 14303.46 | X28: 14954.53 | Y28: 13959.49 | Z28: 12627.5 | AA28: 11044.35 | AB28: 9519.73
C29: D. dom y fest | D29: 7 | E29: 8233.91 | F29: 7651.46 | G29: 7264.21 | H29: 7036.78 | I29: 6928.96 | J29: 7049.1 | K29: 7264.49 | L29: 6476.14 | M29: 7759.78 | N29: 8724.65 | O29: 9317.09 | P29: 9826.52 | Q29: 10032.21 | R29: 10010.92 | S29: 10004.99 | T29: 9765.42 | U29: 9640.77 | V29: 11647.94 | W29: 13040.49 | X29: 13868.73 | Y29: 13232.36 | Z29: 12131.95 | AA29: 10556.14 | AB29: 9195.98
A30: 47331 | B30: =DAY(EOMONTH(A30,0)) -> 31 | C30: D. habiles | D30: 21 | E30: 8454.53 | F30: 7967.28 | G30: 7666.07 | H30: 7475.15 | I30: 7500.35 | J30: 7828.88 | K30: 8737.28 | L30: 7896.36 | M30: 9153.15 | N30: 10075.79 | O30: 10966.81 | P30: 11625.1 | Q30: 11474.75 | R30: 11765 | S30: 12670.83 | T30: 13217.27 | U30: 13209.54 | V30: 14823.46 | W30: 15877.15 | X30: 16671.31 | Y30: 15703.87 | Z30: 14185.37 | AA30: 12093.85 | AB30: 10317.87 | AC30: =SUMPRODUCT((E30:AB32)*D30:D32) -> 8180374.5
C31: D. Sabados | D31: 4 | E31: 9373.68 | F31: 8731.19 | G31: 7885.62 | H31: 8211.2 | I31: 7932.79 | J31: 8072.15 | K31: 8399.88 | L31: 8249.76 | M31: 9704.81 | N31: 10948.35 | O31: 11842.89 | P31: 12562.42 | Q31: 12439.56 | R31: 12401.41 | S31: 12571.7 | T31: 12331.83 | U31: 12352.67 | V31: 14266.09 | W31: 15741.47 | X31: 16334.43 | Y31: 15350.83 | Z31: 14132.79 | AA31: 12492.17 | AB31: 11112.29
C32: D. dom y fest | D32: 6 | E32: 9173.84 | F32: 8517.31 | G32: 8096.92 | H32: 7839.45 | I32: 7554.06 | J32: 7703.72 | K32: 8058.52 | L32: 7169.39 | M32: 8454.07 | N32: 9227.34 | O32: 9938.79 | P32: 10927.88 | Q32: 10821.02 | R32: 10559.08 | S32: 10589.27 | T32: 10309.22 | U32: 10396.54 | V32: 12711.91 | W32: 14344.32 | X32: 14741.09 | Y32: 14005.52 | Z32: 13029.55 | AA32: 11310.55 | AB32: 9872.17
A33: 47362 | B33: =DAY(EOMONTH(A33,0)) -> 30 | C33: D. habiles | D33: 20 | E33: 9058.46 | F33: 8449.98 | G33: 8192.14 | H33: 7959.4 | I33: 7836.68 | J33: 8236.17 | K33: 9226.37 | L33: 8302.29 | M33: 9743.35 | N33: 10700.77 | O33: 11582.93 | P33: 12192.46 | Q33: 11666.52 | R33: 11835.6 | S33: 12615.86 | T33: 12918.79 | U33: 13021.38 | V33: 15083.35 | W33: 16445.42 | X33: 16845.99 | Y33: 15644.52 | Z33: 14267.01 | AA33: 12317.8 | AB33: 10594.04 | AC33: =SUMPRODUCT((E33:AB35)*D33:D35) -> 8099220.8
C34: D. Sabados | D34: 5 | E34: 9336.72 | F34: 8704.47 | G34: 8251.85 | H34: 8004.82 | I34: 7908.96 | J34: 8072.31 | K34: 8581.43 | L34: 8191.48 | M34: 9798.94 | N34: 11121.74 | O34: 12251.96 | P34: 13108.44 | Q34: 12391.38 | R34: 13113.81 | S34: 13440.55 | T34: 13476.29 | U34: 12846.87 | V34: 15026.08 | W34: 16632.4 | X34: 16782.6 | Y34: 15801.89 | Z34: 14687.05 | AA34: 13076.05 | AB34: 11603.47
C35: D. dom y fest | D35: 5 | E35: 10249.1 | F35: 9543.95 | G35: 9016.31 | H35: 8689.14 | I35: 8409.19 | J35: 8326 | K35: 7949.24 | L35: 6746.02 | M35: 8001.57 | N35: 9061.06 | O35: 9636.37 | P35: 10132.36 | Q35: 10372.17 | R35: 9853.55 | S35: 8766.91 | T35: 8025.26 | U35: 8070.25 | V35: 11231.29 | W35: 12768.29 | X35: 14501.2 | Y35: 14081.72 | Z35: 13260.71 | AA35: 11697.96 | AB35: 10293.86
A36: 47392 | B36: =DAY(EOMONTH(A36,0)) -> 31 | C36: D. habiles | D36: 22 | E36: 9299.58 | F36: 8765.68 | G36: 8421.73 | H36: 8167.55 | I36: 8062.48 | J36: 8421.49 | K36: 9156.36 | L36: 8472.14 | M36: 10000.2 | N36: 11121.35 | O36: 12159.47 | P36: 13058.56 | Q36: 12839.19 | R36: 13065.43 | S36: 13570.92 | T36: 13912.8 | U36: 13827.03 | V36: 15753.65 | W36: 17108.14 | X36: 17087.2 | Y36: 15866.6 | Z36: 14376.37 | AA36: 12480.79 | AB36: 10972.23 | AC36: =SUMPRODUCT((E36:AB38)*D36:D38) -> 8618355.4
C37: D. Sabados | D37: 4 | E37: 9939.12 | F37: 9295.72 | G37: 8855.47 | H37: 8555.73 | I37: 8487.77 | J37: 8549.18 | K37: 9049.07 | L37: 8591.73 | M37: 10409.66 | N37: 11742.71 | O37: 12830.9 | P37: 13024.66 | Q37: 12368.27 | R37: 11550.37 | S37: 11693.13 | T37: 11598.2 | U37: 11131.92 | V37: 13387.07 | W37: 15118.22 | X37: 15240.25 | Y37: 14290.62 | Z37: 13159.46 | AA37: 11737.57 | AB37: 10428.57
C38: D. dom y fest | D38: 5 | E38: 9187.36 | F38: 8601.84 | G38: 8190.83 | H38: 7889.98 | I38: 7715.96 | J38: 7364.24 | K38: 7948.03 | L38: 7183.4 | M38: 8346.75 | N38: 9273.51 | O38: 10157.08 | P38: 10857.42 | Q38: 11124.24 | R38: 11174.18 | S38: 11069.52 | T38: 11023.8 | U38: 11006.78 | V38: 13158.44 | W38: 14981.99 | X38: 14426.73 | Y38: 13950.27 | Z38: 12411.36 | AA38: 11493.32 | AB38: 10051.21
A39: 47423 | B39: =DAY(EOMONTH(A39,0)) -> 30 | C39: D. habiles | D39: 20 | E39: 8781.6 | F39: 8213.04 | G39: 8008.78 | H39: 7765.47 | I39: 7829.83 | J39: 8168.78 | K39: 9077.21 | L39: 8328.23 | M39: 9797.91 | N39: 10742.95 | O39: 11646.75 | P39: 12463.99 | Q39: 11967.47 | R39: 12338.35 | S39: 13238.15 | T39: 13220.43 | U39: 13214.36 | V39: 15198.04 | W39: 16588.96 | X39: 16437.75 | Y39: 15335.45 | Z39: 13878.92 | AA39: 11928.27 | AB39: 10366.84 | AC39: =SUMPRODUCT((E39:AB41)*D39:D41) -> 8046799.7
C40: D. Sabados | D40: 4 | E40: 9178.67 | F40: 8627.53 | G40: 8212.42 | H40: 7854.69 | I40: 7665.35 | J40: 7995 | K40: 8356.65 | L40: 7737.56 | M40: 9313.47 | N40: 10140.51 | O40: 10847.52 | P40: 11301.83 | Q40: 11535.69 | R40: 11612.56 | S40: 11912.15 | T40: 12064.4 | U40: 12062.93 | V40: 14322.36 | W40: 16046.26 | X40: 16001.16 | Y40: 14889.52 | Z40: 13671.2 | AA40: 12231.98 | AB40: 10483.84
C41: D. dom y fest | D41: 6 | E41: 9405.57 | F41: 8816.03 | G41: 8419.3 | H41: 8198.84 | I41: 8138.98 | J41: 7936.65 | K41: 8223.58 | L41: 7503.76 | M41: 8824.28 | N41: 9684.39 | O41: 10100.87 | P41: 9750.54 | Q41: 10151.22 | R41: 10441 | S41: 10727.39 | T41: 10139.44 | U41: 10737.98 | V41: 12922.83 | W41: 14798.74 | X41: 15273.18 | Y41: 14274.55 | Z41: 13372.26 | AA41: 11763.61 | AB41: 10359.69
A42: 47453 | B42: =DAY(EOMONTH(A42,0)) -> 31 | C42: D. habiles | D42: 20 | E42: 8851.35 | F42: 8235.07 | G42: 7906.58 | H42: 7700.73 | I42: 7711.35 | J42: 7982.3 | K42: 8411.22 | L42: 7943.03 | M42: 9604.19 | N42: 10665.52 | O42: 11461.11 | P42: 12150.66 | Q42: 11842.1 | R42: 11819.05 | S42: 12300.96 | T42: 12459.57 | U42: 12537.41 | V42: 14426.93 | W42: 15692.28 | X42: 15857.19 | Y42: 15023.81 | Z42: 13701.97 | AA42: 12032.74 | AB42: 10498 | AC42: =SUMPRODUCT((E42:AB44)*D42:D44) -> 8114191.2
C43: D. Sabados | D43: 4 | E43: 8944.36 | F43: 8282.25 | G43: 7809.92 | H43: 7557.91 | I43: 7519.94 | J43: 7682.14 | K43: 8038.29 | L43: 7566.64 | M43: 9094.43 | N43: 10132.29 | O43: 10785.91 | P43: 11378.76 | Q43: 11379.12 | R43: 11403.45 | S43: 11554.37 | T43: 11625.08 | U43: 11567.61 | V43: 13738.23 | W43: 15351.76 | X43: 15747.05 | Y43: 14973.45 | Z43: 13745.99 | AA43: 12244.08 | AB43: 10767.22
C44: D. dom y fest | D44: 7 | E44: 9463.4 | F44: 8802.98 | G44: 8351.61 | H44: 8093.2 | I44: 7969.85 | J44: 7943.42 | K44: 8044.06 | L44: 7189 | M44: 8473.36 | N44: 9371.16 | O44: 9961.41 | P44: 10316.45 | Q44: 10617.99 | R44: 10688.29 | S44: 10243.08 | T44: 10651.65 | U44: 10774.69 | V44: 12851.41 | W44: 14508.86 | X44: 14966.45 | Y44: 14318.19 | Z44: 13109.09 | AA44: 11728.71 | AB44: 10465.66 | AD44: =SUM(AC9:AC44) -> 95083463
A45: 47484 | B45: =DAY(EOMONTH(A45,0)) -> 31 | C45: D. habiles | D45: 21 | E45: 9649.68 | F45: 9040.02 | G45: 8641.5 | H45: 8375.05 | I45: 8297.56 | J45: 8459.58 | K45: 8508.29 | L45: 7804.05 | M45: 9338.69 | N45: 10647.9 | O45: 11857.17 | P45: 12735.63 | Q45: 12410.61 | R45: 12409.83 | S45: 13207.19 | T45: 13334.56 | U45: 13112.69 | V45: 14964.23 | W45: 15774.39 | X45: 16534.61 | Y45: 15775.87 | Z45: 14563.02 | AA45: 12851.6 | AB45: 11205.44 | AC45: =SUMPRODUCT((E45:AB47)*D45:D47) -> 8442981.9
C46: D. Sabados | D46: 4 | E46: 9533.89 | F46: 8946.46 | G46: 8539.48 | H46: 8290.23 | I46: 8195.96 | J46: 8326.77 | K46: 8450.17 | L46: 7573.72 | M46: 8912.16 | N46: 9905.2 | O46: 10791.45 | P46: 11477.3 | Q46: 11464.24 | R46: 11441.62 | S46: 11596.88 | T46: 11744.48 | U46: 11733.71 | V46: 13724.87 | W46: 14679.39 | X46: 15608.05 | Y46: 14905.34 | Z46: 13828.94 | AA46: 12471.53 | AB46: 11148.37
C47: D. dom y fest | D47: 6 | E47: 9941.51 | F47: 9352.17 | G47: 8744.15 | H47: 8550.82 | I47: 8322.7 | J47: 8195.49 | K47: 8036.47 | L47: 6960.33 | M47: 8177.2 | N47: 9108.49 | O47: 10003.17 | P47: 10765.22 | Q47: 11107.99 | R47: 10986.12 | S47: 10721.47 | T47: 10672.74 | U47: 10613.6 | V47: 12838.12 | W47: 14027.51 | X47: 15113.69 | Y47: 14530.6 | Z47: 13521.03 | AA47: 12173.2 | AB47: 10925.99
A48: 47515 | B48: =DAY(EOMONTH(A48,0)) -> 28 | C48: D. habiles | D48: 20 | E48: 9477.56 | F48: 8918.31 | G48: 8459.57 | H48: 8335.27 | I48: 8290.61 | J48: 8817.49 | K48: 9558.82 | L48: 8435.24 | M48: 9799.61 | N48: 10550.67 | O48: 11388.79 | P48: 12095.43 | Q48: 11597.33 | R48: 11995.85 | S48: 12920.64 | T48: 13140.6 | U48: 13108.01 | V48: 15120.77 | W48: 15794.93 | X48: 16713.97 | Y48: 15826.38 | Z48: 14456.45 | AA48: 12078.08 | AB48: 10843.7 | AC48: =SUMPRODUCT((E48:AB50)*D48:D50) -> 7647198
C49: D. Sabados | D49: 4 | E49: 9186.4 | F49: 8573.72 | G49: 8069.77 | H49: 7869.92 | I49: 7858.8 | J49: 8047.52 | K49: 8359.93 | L49: 7445.49 | M49: 9047.22 | N49: 10224.97 | O49: 11121.89 | P49: 11861.37 | Q49: 11774.89 | R49: 11544 | S49: 11492.47 | T49: 11831.81 | U49: 11948.53 | V49: 14039.9 | W49: 15145 | X49: 16100.04 | Y49: 15313.15 | Z49: 14099.2 | AA49: 12614.34 | AB49: 11122.34
C50: D. dom y fest | D50: 4 | E50: 9695.17 | F50: 9015.7 | G50: 8531.09 | H50: 8252.11 | I50: 8058.61 | J50: 8075.01 | K50: 8165.44 | L50: 7213.55 | M50: 8514.6 | N50: 9469.58 | O50: 10320.81 | P50: 11078.86 | Q50: 11459.21 | R50: 11452.31 | S50: 11367.52 | T50: 11247.53 | U50: 11269.54 | V50: 13408.61 | W50: 14473.28 | X50: 15640.67 | Y50: 15223.2 | Z50: 14285.74 | AA50: 12454.11 | AB50: 9814.19
A51: 47543 | B51: =DAY(EOMONTH(A51,0)) -> 31 | C51: D. habiles | D51: 20 | E51: 9106.88 | F51: 8521.68 | G51: 8187.26 | H51: 8019.07 | I51: 8046.46 | J51: 8612.96 | K51: 9356.64 | L51: 8280.71 | M51: 9562.6 | N51: 10466.2 | O51: 11207.24 | P51: 11842.7 | Q51: 11119.13 | R51: 11717.91 | S51: 12428.03 | T51: 12670.18 | U51: 12615.81 | V51: 14552.23 | W51: 15358.13 | X51: 16312.98 | Y51: 15383.93 | Z51: 13976.8 | AA51: 12007.84 | AB51: 10449.68 | AC51: =SUMPRODUCT((E51:AB53)*D51:D53) -> 8177703.6
C52: D. Sabados | D52: 5 | E52: 8440.75 | F52: 8257.57 | G52: 7901.12 | H52: 7673.85 | I52: 7675.99 | J52: 7924.34 | K52: 8360.68 | L52: 7478.96 | M52: 9069.2 | N52: 10026.16 | O52: 10710.65 | P52: 11249.61 | Q52: 11101.23 | R52: 10907.42 | S52: 11088.24 | T52: 11183.26 | U52: 11349 | V52: 13546.65 | W52: 14775.13 | X52: 15495.65 | Y52: 14635.74 | Z52: 13568.32 | AA52: 12128.69 | AB52: 10707.67
C53: D. dom y fest | D53: 6 | E53: 9442.4 | F53: 8819.42 | G53: 8380.76 | H53: 8130.08 | I53: 8033.45 | J53: 8062.79 | K53: 8189.59 | L53: 7232.92 | M53: 8449.8 | N53: 9297.21 | O53: 9884.54 | P53: 10340.02 | Q53: 10666.66 | R53: 10628.17 | S53: 10737 | T53: 10800.13 | U53: 10803.5 | V53: 13087.15 | W53: 14371.48 | X53: 15054.65 | Y53: 14503.9 | Z53: 13467.38 | AA53: 11947.85 | AB53: 10563.01
A54: 47574 | B54: =DAY(EOMONTH(A54,0)) -> 30 | C54: D. habiles | D54: 20 | E54: 9161.77 | F54: 8667.03 | G54: 8336.34 | H54: 8104.15 | I54: 8109.91 | J54: 8744.47 | K54: 9379.61 | L54: 8318.66 | M54: 9685.29 | N54: 10564.04 | O54: 11271.01 | P54: 11813.13 | Q54: 11515.01 | R54: 11746.33 | S54: 12717.39 | T54: 13036.83 | U54: 13067.34 | V54: 15104.99 | W54: 16527.93 | X54: 16802.84 | Y54: 15841.29 | Z54: 14402.88 | AA54: 12389.51 | AB54: 10702.68 | AC54: =SUMPRODUCT((E54:AB56)*D54:D56) -> 8245281
C55: D. Sabados | D55: 4 | E55: 9370.04 | F55: 8776.05 | G55: 8347.4 | H55: 8102.17 | I55: 8071.97 | J55: 8305.41 | K55: 8671.86 | L55: 7941.97 | M55: 9584.97 | N55: 10759.55 | O55: 11794.98 | P55: 12580.92 | Q55: 12610.97 | R55: 12595.99 | S55: 12482.27 | T55: 12234.73 | U55: 12124.88 | V55: 14173.8 | W55: 15544.79 | X55: 16108.17 | Y55: 15613.42 | Z55: 14521.98 | AA55: 13102.53 | AB55: 11820.03
C56: D. dom y fest | D56: 6 | E56: 10298.41 | F56: 9548.88 | G56: 8987.89 | H56: 8623.64 | I56: 8440.6 | J56: 8459.91 | K56: 8736.65 | L56: 7534.83 | M56: 8785.58 | N56: 9739.88 | O56: 10571.41 | P56: 11406.62 | Q56: 11907.08 | R56: 11933.81 | S56: 11982.62 | T56: 12022.68 | U56: 11911.56 | V56: 13979.07 | W56: 15800.35 | X56: 16590.55 | Y56: 16243.23 | Z56: 14870.73 | AA56: 12461.3 | AB56: 9847.56
A57: 47604 | B57: =DAY(EOMONTH(A57,0)) -> 31 | C57: D. habiles | D57: 22 | E57: 8642.72 | F57: 8093.05 | G57: 7777.34 | H57: 7545.78 | I57: 7478.4 | J57: 8121.04 | K57: 8997.4 | L57: 8043.04 | M57: 9346.49 | N57: 10137.44 | O57: 10994.14 | P57: 11595.44 | Q57: 11160.34 | R57: 11126.21 | S57: 11830.99 | T57: 12143.69 | U57: 12181.36 | V57: 14435.58 | W57: 15874.82 | X57: 16213.46 | Y57: 15239.24 | Z57: 13793.38 | AA57: 11708.09 | AB57: 10082.46 | AC57: =SUMPRODUCT((E57:AB59)*D57:D59) -> 8050005
C58: D. Sabados | D58: 4 | E58: 8858.39 | F58: 8300.83 | G58: 7860.69 | H58: 7643.96 | I58: 7574.99 | J58: 7846.78 | K58: 8300.02 | L58: 7620.59 | M58: 8985.82 | N58: 10018.07 | O58: 10692.27 | P58: 11264.23 | Q58: 11138.96 | R58: 10852.09 | S58: 10845.67 | T58: 10941.19 | U58: 11009.53 | V58: 13467.32 | W58: 15086.07 | X58: 15360.52 | Y58: 14479.09 | Z58: 13383 | AA58: 11833.74 | AB58: 10458.41
C59: D. dom y fest | D59: 5 | E59: 9226.81 | F59: 8459.95 | G59: 8035.9 | H59: 7768.8 | I59: 7616.63 | J59: 7702.37 | K59: 7982.61 | L59: 7020.77 | M59: 8339 | N59: 9381.66 | O59: 10211.87 | P59: 10813.31 | Q59: 10960.08 | R59: 10875.43 | S59: 10719.82 | T59: 11431.61 | U59: 11181.47 | V59: 13381.16 | W59: 14195.31 | X59: 14969.09 | Y59: 15068.85 | Z59: 13823.63 | AA59: 12038.52 | AB59: 10466.2
A60: 47635 | B60: =DAY(EOMONTH(A60,0)) -> 30 | C60: D. habiles | D60: 18 | E60: 7997.17 | F60: 7475.77 | G60: 7238.46 | H60: 7104.53 | I60: 7138.75 | J60: 7766.86 | K60: 8527.18 | L60: 7506.02 | M60: 8758.59 | N60: 9626.11 | O60: 10230.8 | P60: 10709.18 | Q60: 10205.94 | R60: 10270.43 | S60: 10946.03 | T60: 11157.03 | U60: 11288.56 | V60: 13560.12 | W60: 14824.97 | X60: 15190.65 | Y60: 14166.53 | Z60: 12652.26 | AA60: 10735.41 | AB60: 9173.18 | AC60: =SUMPRODUCT((E60:AB62)*D60:D62) -> 7258413.2
C61: D. Sabados | D61: 5 | E61: 8232.01 | F61: 7605.25 | G61: 7198.17 | H61: 6998.31 | I61: 7011.26 | J61: 7230.72 | K61: 7706.19 | L61: 7026.7 | M61: 8728.96 | N61: 9972.34 | O61: 10708.23 | P61: 11185.41 | Q61: 10961.39 | R61: 10868.77 | S61: 10905.07 | T61: 10753.92 | U61: 10737.2 | V61: 13065.61 | W61: 14610.8 | X61: 14971.9 | Y61: 13989.58 | Z61: 12767.44 | AA61: 11245.19 | AB61: 9825.28
C62: D. dom y fest | D62: 7 | E62: 8323.86 | F62: 7781.8 | G62: 7396.88 | H62: 7189.91 | I62: 7068.17 | J62: 7131.9 | K62: 7388.7 | L62: 6512.31 | M62: 8045.27 | N62: 8989.16 | O62: 9813.02 | P62: 10387.53 | Q62: 10742.84 | R62: 10669.82 | S62: 10466.98 | T62: 10130.9 | U62: 9934.83 | V62: 12517.32 | W62: 13863.82 | X62: 14151.52 | Y62: 13571.37 | Z62: 12380.39 | AA62: 10672.2 | AB62: 9208.81
A63: 47665 | B63: =DAY(EOMONTH(A63,0)) -> 31 | C63: D. habiles | D63: 22 | E63: 8315.8 | F63: 7769.84 | G63: 7482.27 | H63: 7312.79 | I63: 7338.38 | J63: 7966.18 | K63: 8687.49 | L63: 7767.51 | M63: 9210.53 | N63: 10116.62 | O63: 10864.66 | P63: 11592.16 | Q63: 11291.22 | R63: 11279.12 | S63: 11979.23 | T63: 12348 | U63: 12359.68 | V63: 14591.89 | W63: 15636.47 | X63: 16154.93 | Y63: 15137.19 | Z63: 13630.01 | AA63: 11576.74 | AB63: 9867.64 | AC63: =SUMPRODUCT((E63:AB65)*D63:D65) -> 7873045.8
C64: D. Sabados | D64: 3 | E64: 8501.22 | F64: 7896.23 | G64: 7526.59 | H64: 7360.25 | I64: 7293.31 | J64: 7534.47 | K64: 7919.67 | L64: 7336.31 | M64: 8876.06 | N64: 9908.12 | O64: 10583.2 | P64: 11145.01 | Q64: 10907.46 | R64: 10789.86 | S64: 10927.8 | T64: 11167.44 | U64: 11074.9 | V64: 13278.93 | W64: 14739.05 | X64: 15409.65 | Y64: 14384.76 | Z64: 13012.81 | AA64: 11382.17 | AB64: 9811.81
C65: D. dom y fest | D65: 6 | E65: 8497.5 | F65: 7897.58 | G65: 7498.71 | H65: 7264.46 | I65: 7153.41 | J65: 7277.15 | K65: 7499 | L65: 6652.61 | M65: 7974.76 | N65: 8968.58 | O65: 9578.79 | P65: 10103.5 | Q65: 10315.37 | R65: 10293.44 | S65: 10287.33 | T65: 10040.57 | U65: 9912.18 | V65: 12003.86 | W65: 13438.19 | X65: 14291.28 | Y65: 13635.82 | Z65: 12502.39 | AA65: 10879.31 | AB65: 9478.35
A66: 47696 | B66: =DAY(EOMONTH(A66,0)) -> 31 | C66: D. habiles | D66: 20 | E66: 8724.74 | F66: 8222.88 | G66: 7912.63 | H66: 7715.98 | I66: 7741.94 | J66: 8080.32 | K66: 9015.98 | L66: 8115.44 | M66: 9409.93 | N66: 10360.25 | O66: 11278 | P66: 11956.04 | Q66: 11801.18 | R66: 12100.14 | S66: 13033.14 | T66: 13595.98 | U66: 13588.02 | V66: 15274.65 | W66: 16359.95 | X66: 17177.94 | Y66: 16181.47 | Z66: 14617.42 | AA66: 12463.15 | AB66: 10633.89 | AC66: =SUMPRODUCT((E66:AB68)*D66:D68) -> 8431536.6
C67: D. Sabados | D67: 5 | E67: 9671.47 | F67: 9009.7 | G67: 8138.77 | H67: 8474.11 | I67: 8187.35 | J67: 8330.89 | K67: 8668.45 | L67: 8479.44 | M67: 9978.14 | N67: 11258.99 | O67: 12180.37 | P67: 12921.48 | Q67: 12794.94 | R67: 12755.64 | S67: 12931.04 | T67: 12683.97 | U67: 12705.44 | V67: 14700.56 | W67: 16220.2 | X67: 16830.95 | Y67: 15817.84 | Z67: 14563.26 | AA67: 12873.42 | AB67: 11452.15
C68: D. dom y fest | D68: 6 | E68: 9465.63 | F68: 8789.41 | G68: 8356.41 | H68: 8091.21 | I68: 7797.26 | J68: 7951.41 | K68: 8316.85 | L68: 7366.66 | M68: 8689.88 | N68: 9486.35 | O68: 10219.14 | P68: 11237.91 | Q68: 11127.84 | R68: 10858.04 | S68: 10889.14 | T68: 10600.69 | U68: 10690.63 | V68: 13099.75 | W68: 14781.14 | X68: 15189.81 | Y68: 14432.17 | Z68: 13426.92 | AA68: 11656.35 | AB68: 10174.82
A69: 47727 | B69: =DAY(EOMONTH(A69,0)) -> 30 | C69: D. habiles | D69: 21 | E69: 9346.79 | F69: 8720.06 | G69: 8454.48 | H69: 8214.76 | I69: 8088.36 | J69: 8499.83 | K69: 9519.74 | L69: 8533.55 | M69: 10017.84 | N69: 11003.98 | O69: 11912.61 | P69: 12540.42 | Q69: 11998.7 | R69: 12172.86 | S69: 12976.52 | T69: 13288.54 | U69: 13394.21 | V69: 15542.34 | W69: 16945.27 | X69: 17357.86 | Y69: 16120.34 | Z69: 14701.51 | AA69: 12693.82 | AB69: 10918.35 | AC69: =SUMPRODUCT((E69:AB71)*D69:D71) -> 8333999.3
C70: D. Sabados | D70: 4 | E70: 9633.4 | F70: 8982.18 | G70: 8515.98 | H70: 8261.54 | I70: 8162.81 | J70: 8331.06 | K70: 8855.45 | L70: 8419.41 | M70: 10075.1 | N70: 11437.58 | O70: 12601.71 | P70: 13483.88 | Q70: 12745.31 | R70: 13489.41 | S70: 13825.96 | T70: 13862.77 | U70: 13214.47 | V70: 15483.35 | W70: 17137.86 | X70: 17292.56 | Y70: 16282.43 | Z70: 15134.15 | AA70: 13474.82 | AB70: 11958.06
C71: D. dom y fest | D71: 5 | E71: 10573.15 | F71: 9846.85 | G71: 9303.38 | H71: 8966.39 | I71: 8678.04 | J71: 8592.36 | K71: 8204.29 | L71: 6930.59 | M71: 8223.81 | N71: 9315.08 | O71: 9907.65 | P71: 10418.52 | Q71: 10665.52 | R71: 10131.35 | S71: 9012.11 | T71: 8248.21 | U71: 8294.55 | V71: 11574.72 | W71: 13157.83 | X71: 14942.72 | Y71: 14510.66 | Z71: 13665.02 | AA71: 12055.39 | AB71: 10609.16
A72: 47757 | B72: =DAY(EOMONTH(A72,0)) -> 31 | C72: D. habiles | D72: 22 | E72: 9595.14 | F72: 9045.23 | G72: 8690.96 | H72: 8429.15 | I72: 8320.93 | J72: 8690.71 | K72: 9447.63 | L72: 8708.49 | M72: 10282.4 | N72: 11437.18 | O72: 12506.44 | P72: 13432.51 | Q72: 13206.55 | R72: 13439.58 | S72: 13960.24 | T72: 14312.37 | U72: 14224.03 | V72: 16232.75 | W72: 17627.87 | X72: 17606.3 | Y72: 16349.08 | Z72: 14814.15 | AA72: 12861.7 | AB72: 11307.88 | AC72: =SUMPRODUCT((E72:AB74)*D72:D74) -> 8876389
C73: D. Sabados | D73: 4 | E73: 10253.87 | F73: 9591.17 | G73: 9137.71 | H73: 8828.98 | I73: 8758.98 | J73: 8822.23 | K73: 9337.12 | L73: 8831.67 | M73: 10704.14 | N73: 12077.18 | O73: 13198.02 | P73: 13397.59 | Q73: 12721.51 | R73: 11879.07 | S73: 12026.11 | T73: 11928.34 | U73: 11448.07 | V73: 13795.17 | W73: 15578.25 | X73: 15703.94 | Y73: 14725.82 | Z73: 13560.73 | AA73: 12096.18 | AB73: 10747.91
C74: D. dom y fest | D74: 5 | E74: 9479.56 | F74: 8876.47 | G74: 8453.13 | H74: 8143.26 | I74: 7964.02 | J74: 7601.74 | K74: 8203.05 | L74: 7381.09 | M74: 8579.34 | N74: 9533.9 | O74: 10443.98 | P74: 11165.33 | Q74: 11440.16 | R74: 11491.59 | S74: 11383.79 | T74: 11336.7 | U74: 11319.17 | V74: 13559.68 | W74: 15437.94 | X74: 14866.02 | Y74: 14375.26 | Z74: 12790.19 | AA74: 11844.61 | AB74: 10359.23
A75: 47788 | B75: =DAY(EOMONTH(A75,0)) -> 30 | C75: D. habiles | D75: 19 | E75: 9061.63 | F75: 8476.01 | G75: 8265.62 | H75: 8015.01 | I75: 8081.3 | J75: 8430.42 | K75: 9366.1 | L75: 8560.27 | M75: 10074.04 | N75: 11047.43 | O75: 11978.34 | P75: 12820.1 | Q75: 12308.68 | R75: 12690.69 | S75: 13617.48 | T75: 13599.23 | U75: 13592.98 | V75: 15660.47 | W75: 17093.12 | X75: 16937.37 | Y75: 15802 | Z75: 14301.77 | AA75: 12292.6 | AB75: 10684.33 | AC75: =SUMPRODUCT((E75:AB77)*D75:D77) -> 8276917.3
C76: D. Sabados | D76: 5 | E76: 9470.61 | F76: 8902.93 | G76: 8475.37 | H76: 8106.91 | I76: 7911.89 | J76: 8251.43 | K76: 8623.93 | L76: 7951.88 | M76: 9575.06 | N76: 10426.91 | O76: 11155.13 | P76: 11623.07 | Q76: 11863.95 | R76: 11943.13 | S76: 12251.7 | T76: 12408.52 | U76: 12407.01 | V76: 14758.52 | W76: 16534.13 | X76: 16487.68 | Y76: 15342.69 | Z76: 14087.82 | AA76: 12605.43 | AB76: 10804.84
C77: D. dom y fest | D77: 6 | E77: 9704.31 | F77: 9097.09 | G77: 8688.46 | H77: 8461.38 | I77: 8399.73 | J77: 8191.33 | K77: 8486.86 | L77: 7711.06 | M77: 9071.2 | N77: 9957.11 | O77: 10386.09 | P77: 10025.25 | Q77: 10437.95 | R77: 10736.42 | S77: 11031.4 | T77: 10425.81 | U77: 11042.31 | V77: 13317 | W77: 15249.19 | X77: 15737.86 | Y77: 14709.27 | Z77: 13779.91 | AA77: 12123 | AB77: 10676.97
A78: 47818 | B78: =DAY(EOMONTH(A78,0)) -> 31 | C78: D. habiles | D78: 21 | E78: 9133.47 | F78: 8498.7 | G78: 8160.35 | H78: 7948.33 | I78: 7959.27 | J78: 8238.35 | K78: 8680.13 | L78: 8163.51 | M78: 9874.5 | N78: 10967.67 | O78: 11787.13 | P78: 12497.37 | Q78: 12179.55 | R78: 12155.81 | S78: 12652.18 | T78: 12815.55 | U78: 12895.72 | V78: 14866.22 | W78: 16169.53 | X78: 16339.39 | Y78: 15481.01 | Z78: 14119.52 | AA78: 12400.21 | AB78: 10819.43 | AC78: =SUMPRODUCT((E78:AB80)*D78:D80) -> 8375548.7
C79: D. Sabados | D79: 4 | E79: 9229.27 | F79: 8547.29 | G79: 8060.8 | H79: 7801.22 | I79: 7762.12 | J79: 7929.18 | K79: 8296.02 | L79: 7775.83 | M79: 9349.45 | N79: 10418.45 | O79: 11091.68 | P79: 11702.31 | Q79: 11702.68 | R79: 11727.74 | S79: 11883.19 | T79: 11956.02 | U79: 11896.83 | V79: 14156.86 | W79: 15818.8 | X79: 16225.95 | Y79: 15429.14 | Z79: 14164.86 | AA79: 12617.89 | AB79: 11096.72
C80: D. dom y fest | D80: 6 | E80: 9763.88 | F80: 9083.65 | G80: 8618.74 | H80: 8352.57 | I80: 8225.52 | J80: 8198.3 | K80: 8301.96 | L80: 7386.86 | M80: 8709.75 | N80: 9634.48 | O80: 10242.44 | P80: 10608.13 | Q80: 10918.72 | R80: 10991.13 | S80: 10532.56 | T80: 10953.39 | U80: 11080.12 | V80: 13243.44 | W80: 14950.61 | X80: 15421.93 | Y80: 14754.22 | Z80: 13508.85 | AA80: 12087.06 | AB80: 10786.12 | AD80: =SUM(AC45:AC80) -> 97989019
A81: 47849 | B81: =DAY(EOMONTH(A81,0)) -> 31 | C81: D. habiles | D81: 21 | E81: 9955.75 | F81: 9327.8 | G81: 8917.32 | H81: 8642.88 | I81: 8563.06 | J81: 8729.94 | K81: 8780.12 | L81: 8021.02 | M81: 9601.69 | N81: 10950.18 | O81: 12195.73 | P81: 13100.54 | Q81: 12765.77 | R81: 12764.97 | S81: 13586.25 | T81: 13717.44 | U81: 13488.91 | V81: 15419.64 | W81: 16254.11 | X81: 17037.13 | Y81: 16255.63 | Z81: 15006.4 | AA81: 13243.63 | AB81: 11548.09 | AC81: =SUMPRODUCT((E81:AB83)*D81:D83) -> 8695957.3
C82: D. Sabados | D82: 4 | E82: 9836.48 | F82: 9231.43 | G82: 8812.24 | H82: 8555.51 | I82: 8458.42 | J82: 8593.15 | K82: 8720.25 | L82: 7783.78 | M82: 9162.37 | N82: 10185.2 | O82: 11098.04 | P82: 11804.46 | Q82: 11791.01 | R82: 11767.71 | S82: 11927.63 | T82: 12079.66 | U82: 12068.57 | V82: 14143.1 | W82: 15126.26 | X82: 16082.78 | Y82: 15358.99 | Z82: 14250.29 | AA82: 12852.16 | AB82: 11489.31
C83: D. dom y fest | D83: 6 | E83: 10256.33 | F83: 9649.31 | G83: 9023.05 | H83: 8823.92 | I83: 8588.96 | J83: 8457.93 | K83: 8294.14 | L83: 7151.98 | M83: 8405.36 | N83: 9364.59 | O83: 10286.11 | P83: 11071.02 | Q83: 11424.07 | R83: 11298.55 | S83: 11025.96 | T83: 10975.77 | U83: 10914.85 | V83: 13229.75 | W83: 14454.82 | X83: 15573.59 | Y83: 14973 | Z83: 13933.15 | AA83: 12544.88 | AB83: 11260.26
A84: 47880 | B84: =DAY(EOMONTH(A84,0)) -> 28 | C84: D. habiles | D84: 20 | E84: 9778.46 | F84: 9202.44 | G84: 8729.93 | H84: 8601.91 | I84: 8555.91 | J84: 9098.59 | K84: 9862.16 | L84: 8671.14 | M84: 10076.44 | N84: 10850.03 | O84: 11713.3 | P84: 12441.14 | Q84: 11928.09 | R84: 12338.57 | S84: 13291.1 | T84: 13517.66 | U84: 13484.09 | V84: 15580.88 | W84: 16275.26 | X84: 17221.88 | Y84: 16307.66 | Z84: 14896.63 | AA84: 12446.91 | AB84: 11175.5 | AC84: =SUMPRODUCT((E84:AB86)*D84:D86) -> 7876330.6
C85: D. Sabados | D85: 4 | E85: 9478.57 | F85: 8847.51 | G85: 8328.44 | H85: 8122.6 | I85: 8111.14 | J85: 8305.52 | K85: 8627.31 | L85: 7651.7 | M85: 9301.48 | N85: 10514.56 | O85: 11438.39 | P85: 12200.06 | Q85: 12110.98 | R85: 11873.16 | S85: 11820.09 | T85: 12169.61 | U85: 12289.83 | V85: 14467.58 | W85: 15605.84 | X85: 16589.53 | Y85: 15779.03 | Z85: 14528.66 | AA85: 12999.26 | AB85: 11462.5
C86: D. dom y fest | D86: 4 | E86: 10002.6 | F86: 9302.75 | G86: 8803.6 | H86: 8516.25 | I86: 8316.95 | J86: 8333.84 | K86: 8426.98 | L86: 7412.8 | M86: 8752.88 | N86: 9736.51 | O86: 10613.28 | P86: 11394.07 | Q86: 11785.83 | R86: 11778.72 | S86: 11691.39 | T86: 11567.8 | U86: 11590.47 | V86: 13817.35 | W86: 14913.96 | X86: 16116.38 | Y86: 15686.38 | Z86: 14720.8 | AA86: 12834.22 | AB86: 10115.1
A87: 47908 | B87: =DAY(EOMONTH(A87,0)) -> 31 | C87: D. habiles | D87: 20 | E87: 9396.66 | F87: 8793.91 | G87: 8449.46 | H87: 8276.22 | I87: 8304.43 | J87: 8887.93 | K87: 9653.92 | L87: 8511.98 | M87: 9832.32 | N87: 10763.03 | O87: 11526.3 | P87: 12180.83 | Q87: 11435.55 | R87: 12052.29 | S87: 12783.71 | T87: 13033.13 | U87: 12977.13 | V87: 14995.28 | W87: 15825.36 | X87: 16808.86 | Y87: 15851.93 | Z87: 14402.59 | AA87: 12374.56 | AB87: 10769.66 | AC87: =SUMPRODUCT((E87:AB89)*D87:D89) -> 8422721.4
C88: D. Sabados | D88: 5 | E88: 8710.55 | F88: 8521.87 | G88: 8154.73 | H88: 7920.64 | I88: 7922.85 | J88: 8178.65 | K88: 8628.08 | L88: 7686.17 | M88: 9324.12 | N88: 10309.79 | O88: 11014.81 | P88: 11569.94 | Q88: 11417.11 | R88: 11217.49 | S88: 11403.73 | T88: 11501.6 | U88: 11672.31 | V88: 13959.54 | W88: 15224.87 | X88: 15967.01 | Y88: 15081.3 | Z88: 13981.86 | AA88: 12499.04 | AB88: 11035.39
C89: D. dom y fest | D89: 6 | E89: 9742.25 | F89: 9100.58 | G89: 8648.76 | H89: 8390.56 | I89: 8291.03 | J89: 8321.25 | K89: 8451.86 | L89: 7432.75 | M89: 8686.14 | N89: 9558.97 | O89: 10163.92 | P89: 10633.06 | Q89: 10969.5 | R89: 10929.86 | S89: 11041.95 | T89: 11106.98 | U89: 11110.45 | V89: 13486.25 | W89: 14809.11 | X89: 15512.78 | Y89: 14945.5 | Z89: 13877.89 | AA89: 12312.77 | AB89: 10886.39
A90: 47939 | B90: =DAY(EOMONTH(A90,0)) -> 30 | C90: D. habiles | D90: 20 | E90: 9453.2 | F90: 8943.62 | G90: 8603.01 | H90: 8363.85 | I90: 8369.78 | J90: 9023.38 | K90: 9677.58 | L90: 8551.06 | M90: 9958.69 | N90: 10863.81 | O90: 11591.98 | P90: 12150.37 | Q90: 11843.3 | R90: 12081.56 | S90: 13081.76 | T90: 13410.78 | U90: 13442.2 | V90: 15564.63 | W90: 17030.25 | X90: 17313.41 | Y90: 16323.02 | Z90: 14841.45 | AA90: 12767.68 | AB90: 11030.25 | AC90: =SUMPRODUCT((E90:AB92)*D90:D92) -> 8492335.8
C91: D. Sabados | D91: 4 | E91: 9667.72 | F91: 9055.91 | G91: 8614.4 | H91: 8361.81 | I91: 8330.71 | J91: 8571.15 | K91: 8948.59 | L91: 8163.07 | M91: 9855.36 | N91: 11065.18 | O91: 12131.67 | P91: 12941.19 | Q91: 12972.14 | R91: 12956.71 | S91: 12839.58 | T91: 12584.62 | U91: 12471.47 | V91: 14605.5 | W91: 16017.62 | X91: 16597.9 | Y91: 16088.31 | Z91: 14964.13 | AA91: 13502.09 | AB91: 12181.12
C92: D. dom y fest | D92: 6 | E92: 10623.94 | F92: 9851.92 | G92: 9274.1 | H92: 8898.93 | I92: 8710.4 | J92: 8730.28 | K92: 9015.33 | L92: 7743.72 | M92: 9031.99 | N92: 10014.92 | O92: 10871.4 | P92: 11731.66 | Q92: 12247.14 | R92: 12274.67 | S92: 12324.94 | T92: 12366.2 | U92: 12251.75 | V92: 14404.93 | W92: 16280.85 | X92: 17094.75 | Y92: 16737.01 | Z92: 15323.34 | AA92: 12841.63 | AB92: 10149.47
A93: 47969 | B93: =DAY(EOMONTH(A93,0)) -> 31 | C93: D. habiles | D93: 20 | E93: 8918.58 | F93: 8352.42 | G93: 8027.24 | H93: 7788.73 | I93: 7719.33 | J93: 8381.25 | K93: 9283.9 | L93: 8267.18 | M93: 9609.73 | N93: 10424.41 | O93: 11306.81 | P93: 11926.15 | Q93: 11477.99 | R93: 11442.84 | S93: 12168.76 | T93: 12490.84 | U93: 12529.64 | V93: 14875.13 | W93: 16357.55 | X93: 16706.35 | Y93: 15702.9 | Z93: 14213.67 | AA93: 12065.82 | AB93: 10391.42 | AC93: =SUMPRODUCT((E93:AB95)*D93:D95) -> 8270972
C94: D. Sabados | D94: 5 | E94: 9140.72 | F94: 8566.43 | G94: 8113.09 | H94: 7889.86 | I94: 7818.82 | J94: 8098.76 | K94: 8565.6 | L94: 7832.05 | M94: 9238.24 | N94: 10301.46 | O94: 10995.88 | P94: 11585 | Q94: 11455.97 | R94: 11160.5 | S94: 11153.88 | T94: 11252.27 | U94: 11322.66 | V94: 13877.83 | W94: 15545.14 | X94: 15827.82 | Y94: 14919.95 | Z94: 13790.98 | AA94: 12195.24 | AB94: 10778.65
C95: D. dom y fest | D95: 6 | E95: 9520.19 | F95: 8730.33 | G95: 8293.55 | H95: 8018.44 | I95: 7861.71 | J95: 7950.02 | K95: 8238.67 | L95: 7214.24 | M95: 8572.01 | N95: 9645.95 | O95: 10501.07 | P95: 11120.55 | Q95: 11271.73 | R95: 11184.54 | S95: 11024.26 | T95: 11757.4 | U95: 11499.76 | V95: 13789.08 | W95: 14627.66 | X95: 15424.65 | Y95: 15527.4 | Z95: 14244.83 | AA95: 12406.16 | AB95: 10786.67
A96: 48000 | B96: =DAY(EOMONTH(A96,0)) -> 30 | C96: D. habiles | D96: 18 | E96: 8253.66 | F96: 7716.62 | G96: 7472.19 | H96: 7334.24 | I96: 7369.49 | J96: 8016.44 | K96: 8799.57 | L96: 7714.04 | M96: 9004.19 | N96: 9897.74 | O96: 10520.57 | P96: 11013.3 | Q96: 10494.96 | R96: 10561.39 | S96: 11257.25 | T96: 11474.58 | U96: 11610.06 | V96: 13973.41 | W96: 15276.21 | X96: 15652.86 | Y96: 14598.01 | Z96: 13038.31 | AA96: 11063.96 | AB96: 9454.86 | AC96: =SUMPRODUCT((E96:AB98)*D96:D98) -> 7465596.2
C97: D. Sabados | D97: 4 | E97: 8495.55 | F97: 7849.98 | G97: 7430.69 | H97: 7224.84 | I97: 7238.18 | J97: 7464.22 | K97: 7953.95 | L97: 7220.35 | M97: 8973.67 | N97: 10254.35 | O97: 11012.32 | P97: 11503.82 | Q97: 11273.08 | R97: 11177.68 | S97: 11215.07 | T97: 11059.38 | U97: 11042.16 | V97: 13464.06 | W97: 15055.61 | X97: 15427.54 | Y97: 14415.75 | Z97: 13156.95 | AA97: 11589.03 | AB97: 10126.52
C98: D. dom y fest | D98: 8 | E98: 8590.15 | F98: 8031.83 | G98: 7635.36 | H98: 7422.18 | I98: 7296.79 | J98: 7362.43 | K98: 7626.94 | L98: 6690.52 | M98: 8269.47 | N98: 9241.68 | O98: 10090.25 | P98: 10682 | Q98: 11047.97 | R98: 10972.76 | S98: 10763.83 | T98: 10417.67 | U98: 10215.72 | V98: 12899.33 | W98: 14286.22 | X98: 14582.55 | Y98: 13985 | Z98: 12758.29 | AA98: 10998.85 | AB98: 9491.56
A99: 48030 | B99: =DAY(EOMONTH(A99,0)) -> 31 | C99: D. habiles | D99: 23 | E99: 8581.85 | F99: 8019.51 | G99: 7723.32 | H99: 7548.75 | I99: 7575.11 | J99: 8221.74 | K99: 8964.69 | L99: 7983.38 | M99: 9469.69 | N99: 10402.96 | O99: 11173.44 | P99: 11922.77 | Q99: 11612.8 | R99: 11600.34 | S99: 12321.45 | T99: 12701.28 | U99: 12713.31 | V99: 15036.13 | W99: 16112.05 | X99: 16646.06 | Y99: 15597.79 | Z99: 14045.4 | AA99: 11930.53 | AB99: 10170.16 | AC99: =SUMPRODUCT((E99:AB101)*D99:D101) -> 8152343
C100: D. Sabados | D100: 4 | E100: 8772.83 | F100: 8149.69 | G100: 7768.97 | H100: 7597.63 | I100: 7528.69 | J100: 7777.08 | K100: 8173.84 | L100: 7539.24 | M100: 9125.19 | N100: 10188.21 | O100: 10883.54 | P100: 11462.2 | Q100: 11217.53 | R100: 11096.4 | S100: 11238.48 | T100: 11485.31 | U100: 11389.99 | V100: 13683.78 | W100: 15187.71 | X100: 15878.43 | Y100: 14822.79 | Z100: 13409.68 | AA100: 11730.12 | AB100: 10112.65
...

Sheet Curv hora 2029 - 2033
A1: EMPRESA DE ENERGIA DEL BAJO PUTUMAYO S.A. E.S.P.
A2: CANTIDAD DE ENERGIA REQUERIDA Y CURVA DE CARGA HORARIA
A3: CONVOCATORIA PÚBLICA CP-EBPC2025-003
A4: TIPO DE OFERTA: CURVA
A5: PRODUCTO 01
A6: CURVA TOTAL PROYECTADA
A7: MES/AÑO | B7: # DIAS | C7: TIPO DIA | D7: HORA | E7: H1 | F7: H2 | G7: H3 | H7: H4 | I7: H5 | J7: H6 | K7: H7 | L7: H8 | M7: H9 | N7: H10 | O7: H11 | P7: H12 | Q7: H13 | R7: H14 | S7: H15 | T7: H16 | U7: H17 | V7: H18 | W7: H19 | X7: H20 | Y7: H21 | Z7: H22 | AA7: H23 | AB7: H24 | AC7: TOTAL MES
D8: # DIAS | E8: kWh | F8: kWh | G8: kWh | H8: kWh | I8: kWh | J8: kWh | K8: kWh | L8: kWh | M8: kWh | N8: kWh | O8: kWh | P8: kWh | Q8: kWh | R8: kWh | S8: kWh | T8: kWh | U8: kWh | V8: kWh | W8: kWh | X8: kWh | Y8: kWh | Z8: kWh | AA8: kWh | AB8: kWh
A9: 47119 | B9: =DAY(EOMONTH(A9,0)) -> 31 | C9: D. habiles | D9: 21 | E9: =+'Curv hora 2029 - 2033 (100%)'!E9*0.5 -> 4676.265 | F9: =+'Curv hora 2029 - 2033 (100%)'!F9*0.5 -> 4380.31 | G9: =+'Curv hora 2029 - 2033 (100%)'!G9*0.5 -> 4186.855 | H9: =+'Curv hora 2029 - 2033 (100%)'!H9*0.5 -> 4057.51 | I9: =+'Curv hora 2029 - 2033 (100%)'!I9*0.5 -> 4019.895 | J9: =+'Curv hora 2029 - 2033 (100%)'!J9*0.5 -> 4098.545 | K9: =+'Curv hora 2029 - 2033 (100%)'!K9*0.5 -> 4122.19 | L9: =+'Curv hora 2029 - 2033 (100%)'!L9*0.5 -> 3797.02 | ... AB9: =+'Curv hora 2029 - 2033 (100%)'!AB9*0.5 -> 5436.385 | AC9: =SUMPRODUCT((E9:AB11)*D9:D11) -> 4098785.6
C10: D. Sabados | D10: 4 | E10: =+'Curv hora 2029 - 2033 (100%)'!E10*0.5 -> 4620.055 | F10: =+'Curv hora 2029 - 2033 (100%)'!F10*0.5 -> 4334.895 | G10: =+'Curv hora 2029 - 2033 (100%)'!G10*0.5 -> 4137.33 | H10: =+'Curv hora 2029 - 2033 (100%)'!H10*0.5 -> 4016.335 | I10: =+'Curv hora 2029 - 2033 (100%)'!I10*0.5 -> 3970.575 | J10: =+'Curv hora 2029 - 2033 (100%)'!J10*0.5 -> 4034.075 | K10: =+'Curv hora 2029 - 2033 (100%)'!K10*0.5 -> 4093.975 | L10: =+'Curv hora 2029 - 2033 (100%)'!L10*0.5 -> 3685.21 | ... AB10: =+'Curv hora 2029 - 2033 (100%)'!AB10*0.5 -> 5408.68
C11: D. dom y fest | D11: 6 | E11: =+'Curv hora 2029 - 2033 (100%)'!E11*0.5 -> 4817.93 | F11: =+'Curv hora 2029 - 2033 (100%)'!F11*0.5 -> 4531.84 | G11: =+'Curv hora 2029 - 2033 (100%)'!G11*0.5 -> 4236.685 | H11: =+'Curv hora 2029 - 2033 (100%)'!H11*0.5 -> 4142.835 | I11: =+'Curv hora 2029 - 2033 (100%)'!I11*0.5 -> 4032.1 | J11: =+'Curv hora 2029 - 2033 (100%)'!J11*0.5 -> 3970.345 | K11: =+'Curv hora 2029 - 2033 (100%)'!K11*0.5 -> 3893.15 | L11: =+'Curv hora 2029 - 2033 (100%)'!L11*0.5 -> 3387.445 | ... AB11: =+'Curv hora 2029 - 2033 (100%)'!AB11*0.5 -> 5300.73
A12: 47150 | B12: =DAY(EOMONTH(A12,0)) -> 28 | C12: D. habiles | D12: 20 | E12: =+'Curv hora 2029 - 2033 (100%)'!E12*0.5 -> 4592.71 | F12: =+'Curv hora 2029 - 2033 (100%)'!F12*0.5 -> 4321.23 | G12: =+'Curv hora 2029 - 2033 (100%)'!G12*0.5 -> 4098.54 | H12: =+'Curv hora 2029 - 2033 (100%)'!H12*0.5 -> 4038.2 | I12: =+'Curv hora 2029 - 2033 (100%)'!I12*0.5 -> 4016.52 | J12: =+'Curv hora 2029 - 2033 (100%)'!J12*0.5 -> 4272.29 | K12: =+'Curv hora 2029 - 2033 (100%)'!K12*0.5 -> 4632.155 | L12: =+'Curv hora 2029 - 2033 (100%)'!L12*0.5 -> 4103.425 | ... AB12: =+'Curv hora 2029 - 2033 (100%)'!AB12*0.5 -> 5260.785 | AC12: =SUMPRODUCT((E12:AB14)*D12:D14) -> 3712458.8
C13: D. Sabados | D13: 4 | E13: =+'Curv hora 2029 - 2033 (100%)'!E13*0.5 -> 4451.37 | F13: =+'Curv hora 2029 - 2033 (100%)'!F13*0.5 -> 4153.955 | G13: =+'Curv hora 2029 - 2033 (100%)'!G13*0.5 -> 3909.315 | H13: =+'Curv hora 2029 - 2033 (100%)'!H13*0.5 -> 3812.3 | I13: =+'Curv hora 2029 - 2033 (100%)'!I13*0.5 -> 3806.905 | J13: =+'Curv hora 2029 - 2033 (100%)'!J13*0.5 -> 3898.515 | K13: =+'Curv hora 2029 - 2033 (100%)'!K13*0.5 -> 4050.17 | L13: =+'Curv hora 2029 - 2033 (100%)'!L13*0.5 -> 3622.96 | ... AB13: =+'Curv hora 2029 - 2033 (100%)'!AB13*0.5 -> 5396.045
C14: D. dom y fest | D14: 4 | E14: =+'Curv hora 2029 - 2033 (100%)'!E14*0.5 -> 4698.345 | F14: =+'Curv hora 2029 - 2033 (100%)'!F14*0.5 -> 4368.505 | G14: =+'Curv hora 2029 - 2033 (100%)'!G14*0.5 -> 4133.26 | H14: =+'Curv hora 2029 - 2033 (100%)'!H14*0.5 -> 3997.83 | I14: =+'Curv hora 2029 - 2033 (100%)'!I14*0.5 -> 3903.9 | J14: =+'Curv hora 2029 - 2033 (100%)'!J14*0.5 -> 3911.86 | K14: =+'Curv hora 2029 - 2033 (100%)'!K14*0.5 -> 3955.76 | L14: =+'Curv hora 2029 - 2033 (100%)'!L14*0.5 -> 3510.37 | ... AB14: =+'Curv hora 2029 - 2033 (100%)'!AB14*0.5 -> 4761.02
A15: 47178 | B15: =DAY(EOMONTH(A15,0)) -> 31 | C15: D. habiles | D15: 19 | E15: =+'Curv hora 2029 - 2033 (100%)'!E15*0.5 -> 4412.77 | F15: =+'Curv hora 2029 - 2033 (100%)'!F15*0.5 -> 4128.69 | G15: =+'Curv hora 2029 - 2033 (100%)'!G15*0.5 -> 3966.35 | H15: =+'Curv hora 2029 - 2033 (100%)'!H15*0.5 -> 3884.705 | I15: =+'Curv hora 2029 - 2033 (100%)'!I15*0.5 -> 3898 | J15: =+'Curv hora 2029 - 2033 (100%)'!J15*0.5 -> 4173 | K15: =+'Curv hora 2029 - 2033 (100%)'!K15*0.5 -> 4534.01 | L15: =+'Curv hora 2029 - 2033 (100%)'!L15*0.5 -> 4028.41 | ... AB15: =+'Curv hora 2029 - 2033 (100%)'!AB15*0.5 -> 5069.51 | AC15: =SUMPRODUCT((E15:AB17)*D15:D17) -> 3960830.5
C16: D. Sabados | D16: 5 | E16: =+'Curv hora 2029 - 2033 (100%)'!E16*0.5 -> 4089.405 | F16: =+'Curv hora 2029 - 2033 (100%)'!F16*0.5 -> 4000.48 | G16: =+'Curv hora 2029 - 2033 (100%)'!G16*0.5 -> 3827.45 | H16: =+'Curv hora 2029 - 2033 (100%)'!H16*0.5 -> 3717.125 | I16: =+'Curv hora 2029 - 2033 (100%)'!I16*0.5 -> 3718.16 | J16: =+'Curv hora 2029 - 2033 (100%)'!J16*0.5 -> 3838.72 | K16: =+'Curv hora 2029 - 2033 (100%)'!K16*0.5 -> 4050.535 | L16: =+'Curv hora 2029 - 2033 (100%)'!L16*0.5 -> 3639.21 | ... AB16: =+'Curv hora 2029 - 2033 (100%)'!AB16*0.5 -> 5194.75
C17: D. dom y fest | D17: 7 | E17: =+'Curv hora 2029 - 2033 (100%)'!E17*0.5 -> 4575.64 | F17: =+'Curv hora 2029 - 2033 (100%)'!F17*0.5 -> 4273.225 | G17: =+'Curv hora 2029 - 2033 (100%)'!G17*0.5 -> 4060.285 | H17: =+'Curv hora 2029 - 2033 (100%)'!H17*0.5 -> 3938.595 | I17: =+'Curv hora 2029 - 2033 (100%)'!I17*0.5 -> 3891.685 | J17: =+'Curv hora 2029 - 2033 (100%)'!J17*0.5 -> 3905.93 | K17: =+'Curv hora 2029 - 2033 (100%)'!K17*0.5 -> 3967.48 | L17: =+'Curv hora 2029 - 2033 (100%)'!L17*0.5 -> 3519.77 | ... AB17: =+'Curv hora 2029 - 2033 (100%)'!AB17*0.5 -> 5124.525
A18: 47209 | B18: =DAY(EOMONTH(A18,0)) -> 30 | C18: D. habiles | D18: 21 | E18: =+'Curv hora 2029 - 2033 (100%)'!E18*0.5 -> 4439.415 | F18: =+'Curv hora 2029 - 2033 (100%)'!F18*0.5 -> 4199.25 | G18: =+'Curv hora 2029 - 2033 (100%)'!G18*0.5 -> 4038.72 | H18: =+'Curv hora 2029 - 2033 (100%)'!H18*0.5 -> 3926.005 | I18: =+'Curv hora 2029 - 2033 (100%)'!I18*0.5 -> 3928.8 | J18: =+'Curv hora 2029 - 2033 (100%)'!J18*0.5 -> 4236.84 | K18: =+'Curv hora 2029 - 2033 (100%)'!K18*0.5 -> 4545.16 | L18: =+'Curv hora 2029 - 2033 (100%)'!L18*0.5 -> 4046.83 | ... AB18: =+'Curv hora 2029 - 2033 (100%)'!AB18*0.5 -> 5192.325 | AC18: =SUMPRODUCT((E18:AB20)*D18:D20) -> 4005391.4
C19: D. Sabados | D19: 4 | E19: =+'Curv hora 2029 - 2033 (100%)'!E19*0.5 -> 4540.515 | F19: =+'Curv hora 2029 - 2033 (100%)'!F19*0.5 -> 4252.17 | G19: =+'Curv hora 2029 - 2033 (100%)'!G19*0.5 -> 4044.09 | H19: =+'Curv hora 2029 - 2033 (100%)'!H19*0.5 -> 3925.045 | I19: =+'Curv hora 2029 - 2033 (100%)'!I19*0.5 -> 3910.385 | J19: =+'Curv hora 2029 - 2033 (100%)'!J19*0.5 -> 4023.705 | K19: =+'Curv hora 2029 - 2033 (100%)'!K19*0.5 -> 4201.595 | L19: =+'Curv hora 2029 - 2033 (100%)'!L19*0.5 -> 3863.97 | ... AB19: =+'Curv hora 2029 - 2033 (100%)'!AB19*0.5 -> 5734.73
C20: D. dom y fest | D20: 5 | E20: =+'Curv hora 2029 - 2033 (100%)'!E20*0.5 -> 4991.18 | F20: =+'Curv hora 2029 - 2033 (100%)'!F20*0.5 -> 4627.33 | G20: =+'Curv hora 2029 - 2033 (100%)'!G20*0.5 -> 4355.005 | H20: =+'Curv hora 2029 - 2033 (100%)'!H20*0.5 -> 4178.185 | I20: =+'Curv hora 2029 - 2033 (100%)'!I20*0.5 -> 4089.33 | J20: =+'Curv hora 2029 - 2033 (100%)'!J20*0.5 -> 4098.705 | K20: =+'Curv hora 2029 - 2033 (100%)'!K20*0.5 -> 4233.045 | L20: =+'Curv hora 2029 - 2033 (100%)'!L20*0.5 -> 3666.33 | ... AB20: =+'Curv hora 2029 - 2033 (100%)'!AB20*0.5 -> 4777.22
A21: 47239 | B21: =DAY(EOMONTH(A21,0)) -> 31 | C21: D. habiles | D21: 21 | E21: =+'Curv hora 2029 - 2033 (100%)'!E21*0.5 -> 4187.45 | F21: =+'Curv hora 2029 - 2033 (100%)'!F21*0.5 -> 3920.62 | G21: =+'Curv hora 2029 - 2033 (100%)'!G21*0.5 -> 3767.36 | H21: =+'Curv hora 2029 - 2033 (100%)'!H21*0.5 -> 3654.955 | I21: =+'Curv hora 2029 - 2033 (100%)'!I21*0.5 -> 3622.245 | J21: =+'Curv hora 2029 - 2033 (100%)'!J21*0.5 -> 3934.205 | K21: =+'Curv hora 2029 - 2033 (100%)'!K21*0.5 -> 4359.625 | L21: =+'Curv hora 2029 - 2033 (100%)'!L21*0.5 -> 3913.035 | ... AB21: =+'Curv hora 2029 - 2033 (100%)'!AB21*0.5 -> 4891.25 | AC21: =SUMPRODUCT((E21:AB23)*D21:D23) -> 3902733.4
C22: D. Sabados | D22: 4 | E22: =+'Curv hora 2029 - 2033 (100%)'!E22*0.5 -> 4292.14 | F22: =+'Curv hora 2029 - 2033 (100%)'!F22*0.5 -> 4021.48 | G22: =+'Curv hora 2029 - 2033 (100%)'!G22*0.5 -> 3807.82 | H22: =+'Curv hora 2029 - 2033 (100%)'!H22*0.5 -> 3702.615 | I22: =+'Curv hora 2029 - 2033 (100%)'!I22*0.5 -> 3669.13 | J22: =+'Curv hora 2029 - 2033 (100%)'!J22*0.5 -> 3801.07 | K22: =+'Curv hora 2029 - 2033 (100%)'!K22*0.5 -> 4021.09 | L22: =+'Curv hora 2029 - 2033 (100%)'!L22*0.5 -> 3707.96 | ... AB22: =+'Curv hora 2029 - 2033 (100%)'!AB22*0.5 -> 5073.75
C23: D. dom y fest | D23: 6 | E23: =+'Curv hora 2029 - 2033 (100%)'!E23*0.5 -> 4470.985 | F23: =+'Curv hora 2029 - 2033 (100%)'!F23*0.5 -> 4098.725 | G23: =+'Curv hora 2029 - 2033 (100%)'!G23*0.5 -> 3892.875 | H23: =+'Curv hora 2029 - 2033 (100%)'!H23*0.5 -> 3763.215 | I23: =+'Curv hora 2029 - 2033 (100%)'!I23*0.5 -> 3689.345 | J23: =+'Curv hora 2029 - 2033 (100%)'!J23*0.5 -> 3730.965 | K23: =+'Curv hora 2029 - 2033 (100%)'!K23*0.5 -> 3867.005 | L23: =+'Curv hora 2029 - 2033 (100%)'!L23*0.5 -> 3416.785 | ... AB23: =+'Curv hora 2029 - 2033 (100%)'!AB23*0.5 -> 5077.53
A24: 47270 | B24: =DAY(EOMONTH(A24,0)) -> 30 | C24: D. habiles | D24: 19 | E24: =+'Curv hora 2029 - 2033 (100%)'!E24*0.5 -> 3874.075 | F24: =+'Curv hora 2029 - 2033 (100%)'!F24*0.5 -> 3620.965 | G24: =+'Curv hora 2029 - 2033 (100%)'!G24*0.5 -> 3505.77 | H24: =+'Curv hora 2029 - 2033 (100%)'!H24*0.5 -> 3440.755 | I24: =+'Curv hora 2029 - 2033 (100%)'!I24*0.5 -> 3457.365 | J24: =+'Curv hora 2029 - 2033 (100%)'!J24*0.5 -> 3762.275 | K24: =+'Curv hora 2029 - 2033 (100%)'!K24*0.5 -> 4131.36 | L24: =+'Curv hora 2029 - 2033 (100%)'!L24*0.5 -> 3652.345 | ... AB24: =+'Curv hora 2029 - 2033 (100%)'!AB24*0.5 -> 4449.85 | AC24: =SUMPRODUCT((E24:AB26)*D24:D26) -> 3528555.6
C25: D. Sabados | D25: 5 | E25: =+'Curv hora 2029 - 2033 (100%)'!E25*0.5 -> 3988.075 | F25: =+'Curv hora 2029 - 2033 (100%)'!F25*0.5 -> 3683.82 | G25: =+'Curv hora 2029 - 2033 (100%)'!G25*0.5 -> 3486.21 | H25: =+'Curv hora 2029 - 2033 (100%)'!H25*0.5 -> 3389.19 | I25: =+'Curv hora 2029 - 2033 (100%)'!I25*0.5 -> 3395.475 | J25: =+'Curv hora 2029 - 2033 (100%)'!J25*0.5 -> 3502.01 | K25: =+'Curv hora 2029 - 2033 (100%)'!K25*0.5 -> 3732.82 | L25: =+'Curv hora 2029 - 2033 (100%)'!L25*0.5 -> 3419.665 | ... AB25: =+'Curv hora 2029 - 2033 (100%)'!AB25*0.5 -> 4766.405
C26: D. dom y fest | D26: 6 | E26: =+'Curv hora 2029 - 2033 (100%)'!E26*0.5 -> 4032.66 | F26: =+'Curv hora 2029 - 2033 (100%)'!F26*0.5 -> 3769.525 | G26: =+'Curv hora 2029 - 2033 (100%)'!G26*0.5 -> 3582.67 | H26: =+'Curv hora 2029 - 2033 (100%)'!H26*0.5 -> 3482.2 | I26: =+'Curv hora 2029 - 2033 (100%)'!I26*0.5 -> 3423.105 | J26: =+'Curv hora 2029 - 2033 (100%)'!J26*0.5 -> 3454.04 | K26: =+'Curv hora 2029 - 2033 (100%)'!K26*0.5 -> 3578.7 | L26: =+'Curv hora 2029 - 2033 (100%)'!L26*0.5 -> 3169.96 | ... AB26: =+'Curv hora 2029 - 2033 (100%)'!AB26*0.5 -> 4467.145
A27: 47300 | B27: =DAY(EOMONTH(A27,0)) -> 31 | C27: D. habiles | D27: 20 | E27: =+'Curv hora 2029 - 2033 (100%)'!E27*0.5 -> 4028.75 | F27: =+'Curv hora 2029 - 2033 (100%)'!F27*0.5 -> 3763.72 | G27: =+'Curv hora 2029 - 2033 (100%)'!G27*0.5 -> 3624.125 | H27: =+'Curv hora 2029 - 2033 (100%)'!H27*0.5 -> 3541.85 | I27: =+'Curv hora 2029 - 2033 (100%)'!I27*0.5 -> 3554.275 | J27: =+'Curv hora 2029 - 2033 (100%)'!J27*0.5 -> 3859.03 | K27: =+'Curv hora 2029 - 2033 (100%)'!K27*0.5 -> 4209.18 | L27: =+'Curv hora 2029 - 2033 (100%)'!L27*0.5 -> 3779.28 | ... AB27: =+'Curv hora 2029 - 2033 (100%)'!AB27*0.5 -> 4786.97 | AC27: =SUMPRODUCT((E27:AB29)*D27:D29) -> 3803505.3
C28: D. Sabados | D28: 4 | E28: =+'Curv hora 2029 - 2033 (100%)'!E28*0.5 -> 4118.76 | F28: =+'Curv hora 2029 - 2033 (100%)'!F28*0.5 -> 3825.075 | G28: =+'Curv hora 2029 - 2033 (100%)'!G28*0.5 -> 3645.635 | H28: =+'Curv hora 2029 - 2033 (100%)'!H28*0.5 -> 3564.89 | I28: =+'Curv hora 2029 - 2033 (100%)'!I28*0.5 -> 3532.395 | J28: =+'Curv hora 2029 - 2033 (100%)'!J28*0.5 -> 3649.46 | K28: =+'Curv hora 2029 - 2033 (100%)'!K28*0.5 -> 3836.455 | L28: =+'Curv hora 2029 - 2033 (100%)'!L28*0.5 -> 3569.96 | ... AB28: =+'Curv hora 2029 - 2033 (100%)'!AB28*0.5 -> 4759.865
C29: D. dom y fest | D29: 7 | E29: =+'Curv hora 2029 - 2033 (100%)'!E29*0.5 -> 4116.955 | F29: =+'Curv hora 2029 - 2033 (100%)'!F29*0.5 -> 3825.73 | G29: =+'Curv hora 2029 - 2033 (100%)'!G29*0.5 -> 3632.105 | H29: =+'Curv hora 2029 - 2033 (100%)'!H29*0.5 -> 3518.39 | I29: =+'Curv hora 2029 - 2033 (100%)'!I29*0.5 -> 3464.48 | J29: =+'Curv hora 2029 - 2033 (100%)'!J29*0.5 -> 3524.55 | K29: =+'Curv hora 2029 - 2033 (100%)'!K29*0.5 -> 3632.245 | L29: =+'Curv hora 2029 - 2033 (100%)'!L29*0.5 -> 3238.07 | ... AB29: =+'Curv hora 2029 - 2033 (100%)'!AB29*0.5 -> 4597.99
A30: 47331 | B30: =DAY(EOMONTH(A30,0)) -> 31 | C30: D. habiles | D30: 21 | E30: =+'Curv hora 2029 - 2033 (100%)'!E30*0.5 -> 4227.265 | F30: =+'Curv hora 2029 - 2033 (100%)'!F30*0.5 -> 3983.64 | G30: =+'Curv hora 2029 - 2033 (100%)'!G30*0.5 -> 3833.035 | H30: =+'Curv hora 2029 - 2033 (100%)'!H30*0.5 -> 3737.575 | I30: =+'Curv hora 2029 - 2033 (100%)'!I30*0.5 -> 3750.175 | J30: =+'Curv hora 2029 - 2033 (100%)'!J30*0.5 -> 3914.44 | K30: =+'Curv hora 2029 - 2033 (100%)'!K30*0.5 -> 4368.64 | L30: =+'Curv hora 2029 - 2033 (100%)'!L30*0.5 -> 3948.18 | ... AB30: =+'Curv hora 2029 - 2033 (100%)'!AB30*0.5 -> 5158.935 | AC30: =SUMPRODUCT((E30:AB32)*D30:D32) -> 4090187.3
C31: D. Sabados | D31: 4 | E31: =+'Curv hora 2029 - 2033 (100%)'!E31*0.5 -> 4686.84 | F31: =+'Curv hora 2029 - 2033 (100%)'!F31*0.5 -> 4365.595 | G31: =+'Curv hora 2029 - 2033 (100%)'!G31*0.5 -> 3942.81 | H31: =+'Curv hora 2029 - 2033 (100%)'!H31*0.5 -> 4105.6 | I31: =+'Curv hora 2029 - 2033 (100%)'!I31*0.5 -> 3966.395 | J31: =+'Curv hora 2029 - 2033 (100%)'!J31*0.5 -> 4036.075 | K31: =+'Curv hora 2029 - 2033 (100%)'!K31*0.5 -> 4199.94 | L31: =+'Curv hora 2029 - 2033 (100%)'!L31*0.5 -> 4124.88 | ... AB31: =+'Curv hora 2029 - 2033 (100%)'!AB31*0.5 -> 5556.145
C32: D. dom y fest | D32: 6 | E32: =+'Curv hora 2029 - 2033 (100%)'!E32*0.5 -> 4586.92 | F32: =+'Curv hora 2029 - 2033 (100%)'!F32*0.5 -> 4258.655 | G32: =+'Curv hora 2029 - 2033 (100%)'!G32*0.5 -> 4048.46 | H32: =+'Curv hora 2029 - 2033 (100%)'!H32*0.5 -> 3919.725 | I32: =+'Curv hora 2029 - 2033 (100%)'!I32*0.5 -> 3777.03 | J32: =+'Curv hora 2029 - 2033 (100%)'!J32*0.5 -> 3851.86 | K32: =+'Curv hora 2029 - 2033 (100%)'!K32*0.5 -> 4029.26 | L32: =+'Curv hora 2029 - 2033 (100%)'!L32*0.5 -> 3584.695 | ... AB32: =+'Curv hora 2029 - 2033 (100%)'!AB32*0.5 -> 4936.085
A33: 47362 | B33: =DAY(EOMONTH(A33,0)) -> 30 | C33: D. habiles | D33: 20 | E33: =+'Curv hora 2029 - 2033 (100%)'!E33*0.5 -> 4529.23 | F33: =+'Curv hora 2029 - 2033 (100%)'!F33*0.5 -> 4224.99 | G33: =+'Curv hora 2029 - 2033 (100%)'!G33*0.5 -> 4096.07 | H33: =+'Curv hora 2029 - 2033 (100%)'!H33*0.5 -> 3979.7 | I33: =+'Curv hora 2029 - 2033 (100%)'!I33*0.5 -> 3918.34 | J33: =+'Curv hora 2029 - 2033 (100%)'!J33*0.5 -> 4118.085 | K33: =+'Curv hora 2029 - 2033 (100%)'!K33*0.5 -> 4613.185 | L33: =+'Curv hora 2029 - 2033 (100%)'!L33*0.5 -> 4151.145 | ... AB33: =+'Curv hora 2029 - 2033 (100%)'!AB33*0.5 -> 5297.02 | AC33: =SUMPRODUCT((E33:AB35)*D33:D35) -> 4049610.4
C34: D. Sabados | D34: 5 | E34: =+'Curv hora 2029 - 2033 (100%)'!E34*0.5 -> 4668.36 | F34: =+'Curv hora 2029 - 2033 (100%)'!F34*0.5 -> 4352.235 | G34: =+'Curv hora 2029 - 2033 (100%)'!G34*0.5 -> 4125.925 | H34: =+'Curv hora 2029 - 2033 (100%)'!H34*0.5 -> 4002.41 | I34: =+'Curv hora 2029 - 2033 (100%)'!I34*0.5 -> 3954.48 | J34: =+'Curv hora 2029 - 2033 (100%)'!J34*0.5 -> 4036.155 | K34: =+'Curv hora 2029 - 2033 (100%)'!K34*0.5 -> 4290.715 | L34: =+'Curv hora 2029 - 2033 (100%)'!L34*0.5 -> 4095.74 | ... AB34: =+'Curv hora 2029 - 2033 (100%)'!AB34*0.5 -> 5801.735
C35: D. dom y fest | D35: 5 | E35: =+'Curv hora 2029 - 2033 (100%)'!E35*0.5 -> 5124.55 | F35: =+'Curv hora 2029 - 2033 (100%)'!F35*0.5 -> 4771.975 | G35: =+'Curv hora 2029 - 2033 (100%)'!G35*0.5 -> 4508.155 | H35: =+'Curv hora 2029 - 2033 (100%)'!H35*0.5 -> 4344.57 | I35: =+'Curv hora 2029 - 2033 (100%)'!I35*0.5 -> 4204.595 | J35: =+'Curv hora 2029 - 2033 (100%)'!J35*0.5 -> 4163 | K35: =+'Curv hora 2029 - 2033 (100%)'!K35*0.5 -> 3974.62 | L35: =+'Curv hora 2029 - 2033 (100%)'!L35*0.5 -> 3373.01 | ... AB35: =+'Curv hora 2029 - 2033 (100%)'!AB35*0.5 -> 5146.93
A36: 47392 | B36: =DAY(EOMONTH(A36,0)) -> 31 | C36: D. habiles | D36: 22 | E36: =+'Curv hora 2029 - 2033 (100%)'!E36*0.5 -> 4649.79 | F36: =+'Curv hora 2029 - 2033 (100%)'!F36*0.5 -> 4382.84 | G36: =+'Curv hora 2029 - 2033 (100%)'!G36*0.5 -> 4210.865 | H36: =+'Curv hora 2029 - 2033 (100%)'!H36*0.5 -> 4083.775 | I36: =+'Curv hora 2029 - 2033 (100%)'!I36*0.5 -> 4031.24 | J36: =+'Curv hora 2029 - 2033 (100%)'!J36*0.5 -> 4210.745 | K36: =+'Curv hora 2029 - 2033 (100%)'!K36*0.5 -> 4578.18 | L36: =+'Curv hora 2029 - 2033 (100%)'!L36*0.5 -> 4236.07 | ... AB36: =+'Curv hora 2029 - 2033 (100%)'!AB36*0.5 -> 5486.115 | AC36: =SUMPRODUCT((E36:AB38)*D36:D38) -> 4309177.7
C37: D. Sabados | D37: 4 | E37: =+'Curv hora 2029 - 2033 (100%)'!E37*0.5 -> 4969.56 | F37: =+'Curv hora 2029 - 2033 (100%)'!F37*0.5 -> 4647.86 | G37: =+'Curv hora 2029 - 2033 (100%)'!G37*0.5 -> 4427.735 | H37: =+'Curv hora 2029 - 2033 (100%)'!H37*0.5 -> 4277.865 | I37: =+'Curv hora 2029 - 2033 (100%)'!I37*0.5 -> 4243.885 | J37: =+'Curv hora 2029 - 2033 (100%)'!J37*0.5 -> 4274.59 | K37: =+'Curv hora 2029 - 2033 (100%)'!K37*0.5 -> 4524.535 | L37: =+'Curv hora 2029 - 2033 (100%)'!L37*0.5 -> 4295.865 | ... AB37: =+'Curv hora 2029 - 2033 (100%)'!AB37*0.5 -> 5214.285
C38: D. dom y fest | D38: 5 | E38: =+'Curv hora 2029 - 2033 (100%)'!E38*0.5 -> 4593.68 | F38: =+'Curv hora 2029 - 2033 (100%)'!F38*0.5 -> 4300.92 | G38: =+'Curv hora 2029 - 2033 (100%)'!G38*0.5 -> 4095.415 | H38: =+'Curv hora 2029 - 2033 (100%)'!H38*0.5 -> 3944.99 | I38: =+'Curv hora 2029 - 2033 (100%)'!I38*0.5 -> 3857.98 | J38: =+'Curv hora 2029 - 2033 (100%)'!J38*0.5 -> 3682.12 | K38: =+'Curv hora 2029 - 2033 (100%)'!K38*0.5 -> 3974.015 | L38: =+'Curv hora 2029 - 2033 (100%)'!L38*0.5 -> 3591.7 | ... AB38: =+'Curv hora 2029 - 2033 (100%)'!AB38*0.5 -> 5025.605
A39: 47423 | B39: =DAY(EOMONTH(A39,0)) -> 30 | C39: D. habiles | D39: 20 | E39: =+'Curv hora 2029 - 2033 (100%)'!E39*0.5 -> 4390.8 | F39: =+'Curv hora 2029 - 2033 (100%)'!F39*0.5 -> 4106.52 | G39: =+'Curv hora 2029 - 2033 (100%)'!G39*0.5 -> 4004.39 | H39: =+'Curv hora 2029 - 2033 (100%)'!H39*0.5 -> 3882.735 | I39: =+'Curv hora 2029 - 2033 (100%)'!I39*0.5 -> 3914.915 | J39: =+'Curv hora 2029 - 2033 (100%)'!J39*0.5 -> 4084.39 | K39: =+'Curv hora 2029 - 2033 (100%)'!K39*0.5 -> 4538.605 | L39: =+'Curv hora 2029 - 2033 (100%)'!L39*0.5 -> 4164.115 | ... AB39: =+'Curv hora 2029 - 2033 (100%)'!AB39*0.5 -> 5183.42 | AC39: =SUMPRODUCT((E39:AB41)*D39:D41) -> 4023399.8
C40: D. Sabados | D40: 4 | E40: =+'Curv hora 2029 - 2033 (100%)'!E40*0.5 -> 4589.335 | F40: =+'Curv hora 2029 - 2033 (100%)'!F40*0.5 -> 4313.765 | G40: =+'Curv hora 2029 - 2033 (100%)'!G40*0.5 -> 4106.21 | H40: =+'Curv hora 2029 - 2033 (100%)'!H40*0.5 -> 3927.345 | I40: =+'Curv hora 2029 - 2033 (100%)'!I40*0.5 -> 3832.675 | J40: =+'Curv hora 2029 - 2033 (100%)'!J40*0.5 -> 3997.5 | K40: =+'Curv hora 2029 - 2033 (100%)'!K40*0.5 -> 4178.325 | L40: =+'Curv hora 2029 - 2033 (100%)'!L40*0.5 -> 3868.78 | ... AB40: =+'Curv hora 2029 - 2033 (100%)'!AB40*0.5 -> 5241.92
C41: D. dom y fest | D41: 6 | E41: =+'Curv hora 2029 - 2033 (100%)'!E41*0.5 -> 4702.785 | F41: =+'Curv hora 2029 - 2033 (100%)'!F41*0.5 -> 4408.015 | G41: =+'Curv hora 2029 - 2033 (100%)'!G41*0.5 -> 4209.65 | H41: =+'Curv hora 2029 - 2033 (100%)'!H41*0.5 -> 4099.42 | I41: =+'Curv hora 2029 - 2033 (100%)'!I41*0.5 -> 4069.49 | J41: =+'Curv hora 2029 - 2033 (100%)'!J41*0.5 -> 3968.325 | K41: =+'Curv hora 2029 - 2033 (100%)'!K41*0.5 -> 4111.79 | L41: =+'Curv hora 2029 - 2033 (100%)'!L41*0.5 -> 3751.88 | ... AB41: =+'Curv hora 2029 - 2033 (100%)'!AB41*0.5 -> 5179.845
A42: 47453 | B42: =DAY(EOMONTH(A42,0)) -> 31 | C42: D. habiles | D42: 20 | E42: =+'Curv hora 2029 - 2033 (100%)'!E42*0.5 -> 4425.675 | F42: =+'Curv hora 2029 - 2033 (100%)'!F42*0.5 -> 4117.535 | G42: =+'Curv hora 2029 - 2033 (100%)'!G42*0.5 -> 3953.29 | H42: =+'Curv hora 2029 - 2033 (100%)'!H42*0.5 -> 3850.365 | I42: =+'Curv hora 2029 - 2033 (100%)'!I42*0.5 -> 3855.675 | J42: =+'Curv hora 2029 - 2033 (100%)'!J42*0.5 -> 3991.15 | K42: =+'Curv hora 2029 - 2033 (100%)'!K42*0.5 -> 4205.61 | L42: =+'Curv hora 2029 - 2033 (100%)'!L42*0.5 -> 3971.515 | ... AB42: =+'Curv hora 2029 - 2033 (100%)'!AB42*0.5 -> 5249 | AC42: =SUMPRODUCT((E42:AB44)*D42:D44) -> 4057095.6
C43: D. Sabados | D43: 4 | E43: =+'Curv hora 2029 - 2033 (100%)'!E43*0.5 -> 4472.18 | F43: =+'Curv hora 2029 - 2033 (100%)'!F43*0.5 -> 4141.125 | G43: =+'Curv hora 2029 - 2033 (100%)'!G43*0.5 -> 3904.96 | H43: =+'Curv hora 2029 - 2033 (100%)'!H43*0.5 -> 3778.955 | I43: =+'Curv hora 2029 - 2033 (100%)'!I43*0.5 -> 3759.97 | J43: =+'Curv hora 2029 - 2033 (100%)'!J43*0.5 -> 3841.07 | K43: =+'Curv hora 2029 - 2033 (100%)'!K43*0.5 -> 4019.145 | L43: =+'Curv hora 2029 - 2033 (100%)'!L43*0.5 -> 3783.32 | ... AB43: =+'Curv hora 2029 - 2033 (100%)'!AB43*0.5 -> 5383.61
C44: D. dom y fest | D44: 7 | E44: =+'Curv hora 2029 - 2033 (100%)'!E44*0.5 -> 4731.7 | F44: =+'Curv hora 2029 - 2033 (100%)'!F44*0.5 -> 4401.49 | G44: =+'Curv hora 2029 - 2033 (100%)'!G44*0.5 -> 4175.805 | H44: =+'Curv hora 2029 - 2033 (100%)'!H44*0.5 -> 4046.6 | I44: =+'Curv hora 2029 - 2033 (100%)'!I44*0.5 -> 3984.925 | J44: =+'Curv hora 2029 - 2033 (100%)'!J44*0.5 -> 3971.71 | K44: =+'Curv hora 2029 - 2033 (100%)'!K44*0.5 -> 4022.03 | L44: =+'Curv hora 2029 - 2033 (100%)'!L44*0.5 -> 3594.5 | ... AB44: =+'Curv hora 2029 - 2033 (100%)'!AB44*0.5 -> 5232.83 | AD44: =SUM(AC9:AC44) -> 47541731
A45: 47484 | B45: =DAY(EOMONTH(A45,0)) -> 31 | C45: D. habiles | D45: 21 | E45: =+'Curv hora 2029 - 2033 (100%)'!E45*0.5 -> 4824.84 | F45: =+'Curv hora 2029 - 2033 (100%)'!F45*0.5 -> 4520.01 | G45: =+'Curv hora 2029 - 2033 (100%)'!G45*0.5 -> 4320.75 | H45: =+'Curv hora 2029 - 2033 (100%)'!H45*0.5 -> 4187.525 | I45: =+'Curv hora 2029 - 2033 (100%)'!I45*0.5 -> 4148.78 | J45: =+'Curv hora 2029 - 2033 (100%)'!J45*0.5 -> 4229.79 | K45: =+'Curv hora 2029 - 2033 (100%)'!K45*0.5 -> 4254.145 | L45: =+'Curv hora 2029 - 2033 (100%)'!L45*0.5 -> 3902.025 | ... AB45: =+'Curv hora 2029 - 2033 (100%)'!AB45*0.5 -> 5602.72 | AC45: =SUMPRODUCT((E45:AB47)*D45:D47) -> 4221490.9
C46: D. Sabados | D46: 4 | E46: =+'Curv hora 2029 - 2033 (100%)'!E46*0.5 -> 4766.945 | F46: =+'Curv hora 2029 - 2033 (100%)'!F46*0.5 -> 4473.23 | G46: =+'Curv hora 2029 - 2033 (100%)'!G46*0.5 -> 4269.74 | H46: =+'Curv hora 2029 - 2033 (100%)'!H46*0.5 -> 4145.115 | I46: =+'Curv hora 2029 - 2033 (100%)'!I46*0.5 -> 4097.98 | J46: =+'Curv hora 2029 - 2033 (100%)'!J46*0.5 -> 4163.385 | K46: =+'Curv hora 2029 - 2033 (100%)'!K46*0.5 -> 4225.085 | L46: =+'Curv hora 2029 - 2033 (100%)'!L46*0.5 -> 3786.86 | ... AB46: =+'Curv hora 2029 - 2033 (100%)'!AB46*0.5 -> 5574.185
C47: D. dom y fest | D47: 6 | E47: =+'Curv hora 2029 - 2033 (100%)'!E47*0.5 -> 4970.755 | F47: =+'Curv hora 2029 - 2033 (100%)'!F47*0.5 -> 4676.085 | G47: =+'Curv hora 2029 - 2033 (100%)'!G47*0.5 -> 4372.075 | H47: =+'Curv hora 2029 - 2033 (100%)'!H47*0.5 -> 4275.41 | I47: =+'Curv hora 2029 - 2033 (100%)'!I47*0.5 -> 4161.35 | J47: =+'Curv hora 2029 - 2033 (100%)'!J47*0.5 -> 4097.745 | K47: =+'Curv hora 2029 - 2033 (100%)'!K47*0.5 -> 4018.235 | L47: =+'Curv hora 2029 - 2033 (100%)'!L47*0.5 -> 3480.165 | ... AB47: =+'Curv hora 2029 - 2033 (100%)'!AB47*0.5 -> 5462.995
A48: 47515 | B48: =DAY(EOMONTH(A48,0)) -> 28 | C48: D. habiles | D48: 20 | E48: =+'Curv hora 2029 - 2033 (100%)'!E48*0.5 -> 4738.78 | F48: =+'Curv hora 2029 - 2033 (100%)'!F48*0.5 -> 4459.155 | G48: =+'Curv hora 2029 - 2033 (100%)'!G48*0.5 -> 4229.785 | H48: =+'Curv hora 2029 - 2033 (100%)'!H48*0.5 -> 4167.635 | I48: =+'Curv hora 2029 - 2033 (100%)'!I48*0.5 -> 4145.305 | J48: =+'Curv hora 2029 - 2033 (100%)'!J48*0.5 -> 4408.745 | K48: =+'Curv hora 2029 - 2033 (100%)'!K48*0.5 -> 4779.41 | L48: =+'Curv hora 2029 - 2033 (100%)'!L48*0.5 -> 4217.62 | ... AB48: =+'Curv hora 2029 - 2033 (100%)'!AB48*0.5 -> 5421.85 | AC48: =SUMPRODUCT((E48:AB50)*D48:D50) -> 3823599
C49: D. Sabados | D49: 4 | E49: =+'Curv hora 2029 - 2033 (100%)'!E49*0.5 -> 4593.2 | F49: =+'Curv hora 2029 - 2033 (100%)'!F49*0.5 -> 4286.86 | G49: =+'Curv hora 2029 - 2033 (100%)'!G49*0.5 -> 4034.885 | H49: =+'Curv hora 2029 - 2033 (100%)'!H49*0.5 -> 3934.96 | I49: =+'Curv hora 2029 - 2033 (100%)'!I49*0.5 -> 3929.4 | J49: =+'Curv hora 2029 - 2033 (100%)'!J49*0.5 -> 4023.76 | K49: =+'Curv hora 2029 - 2033 (100%)'!K49*0.5 -> 4179.965 | L49: =+'Curv hora 2029 - 2033 (100%)'!L49*0.5 -> 3722.745 | ... AB49: =+'Curv hora 2029 - 2033 (100%)'!AB49*0.5 -> 5561.17
C50: D. dom y fest | D50: 4 | E50: =+'Curv hora 2029 - 2033 (100%)'!E50*0.5 -> 4847.585 | F50: =+'Curv hora 2029 - 2033 (100%)'!F50*0.5 -> 4507.85 | G50: =+'Curv hora 2029 - 2033 (100%)'!G50*0.5 -> 4265.545 | H50: =+'Curv hora 2029 - 2033 (100%)'!H50*0.5 -> 4126.055 | I50: =+'Curv hora 2029 - 2033 (100%)'!I50*0.5 -> 4029.305 | J50: =+'Curv hora 2029 - 2033 (100%)'!J50*0.5 -> 4037.505 | K50: =+'Curv hora 2029 - 2033 (100%)'!K50*0.5 -> 4082.72 | L50: =+'Curv hora 2029 - 2033 (100%)'!L50*0.5 -> 3606.775 | ... AB50: =+'Curv hora 2029 - 2033 (100%)'!AB50*0.5 -> 4907.095
A51: 47543 | B51: =DAY(EOMONTH(A51,0)) -> 31 | C51: D. habiles | D51: 20 | E51: =+'Curv hora 2029 - 2033 (100%)'!E51*0.5 -> 4553.44 | F51: =+'Curv hora 2029 - 2033 (100%)'!F51*0.5 -> 4260.84 | G51: =+'Curv hora 2029 - 2033 (100%)'!G51*0.5 -> 4093.63 | H51: =+'Curv hora 2029 - 2033 (100%)'!H51*0.5 -> 4009.535 | I51: =+'Curv hora 2029 - 2033 (100%)'!I51*0.5 -> 4023.23 | J51: =+'Curv hora 2029 - 2033 (100%)'!J51*0.5 -> 4306.48 | K51: =+'Curv hora 2029 - 2033 (100%)'!K51*0.5 -> 4678.32 | L51: =+'Curv hora 2029 - 2033 (100%)'!L51*0.5 -> 4140.355 | ... AB51: =+'Curv hora 2029 - 2033 (100%)'!AB51*0.5 -> 5224.84 | AC51: =SUMPRODUCT((E51:AB53)*D51:D53) -> 4088851.8
C52: D. Sabados | D52: 5 | E52: =+'Curv hora 2029 - 2033 (100%)'!E52*0.5 -> 4220.375 | F52: =+'Curv hora 2029 - 2033 (100%)'!F52*0.5 -> 4128.785 | G52: =+'Curv hora 2029 - 2033 (100%)'!G52*0.5 -> 3950.56 | H52: =+'Curv hora 2029 - 2033 (100%)'!H52*0.5 -> 3836.925 | I52: =+'Curv hora 2029 - 2033 (100%)'!I52*0.5 -> 3837.995 | J52: =+'Curv hora 2029 - 2033 (100%)'!J52*0.5 -> 3962.17 | K52: =+'Curv hora 2029 - 2033 (100%)'!K52*0.5 -> 4180.34 | L52: =+'Curv hora 2029 - 2033 (100%)'!L52*0.5 -> 3739.48 | ... AB52: =+'Curv hora 2029 - 2033 (100%)'!AB52*0.5 -> 5353.835
C53: D. dom y fest | D53: 6 | E53: =+'Curv hora 2029 - 2033 (100%)'!E53*0.5 -> 4721.2 | F53: =+'Curv hora 2029 - 2033 (100%)'!F53*0.5 -> 4409.71 | G53: =+'Curv hora 2029 - 2033 (100%)'!G53*0.5 -> 4190.38 | H53: =+'Curv hora 2029 - 2033 (100%)'!H53*0.5 -> 4065.04 | I53: =+'Curv hora 2029 - 2033 (100%)'!I53*0.5 -> 4016.725 | J53: =+'Curv hora 2029 - 2033 (100%)'!J53*0.5 -> 4031.395 | K53: =+'Curv hora 2029 - 2033 (100%)'!K53*0.5 -> 4094.795 | L53: =+'Curv hora 2029 - 2033 (100%)'!L53*0.5 -> 3616.46 | ... AB53: =+'Curv hora 2029 - 2033 (100%)'!AB53*0.5 -> 5281.505
A54: 47574 | B54: =DAY(EOMONTH(A54,0)) -> 30 | C54: D. habiles | D54: 20 | E54: =+'Curv hora 2029 - 2033 (100%)'!E54*0.5 -> 4580.885 | F54: =+'Curv hora 2029 - 2033 (100%)'!F54*0.5 -> 4333.515 | G54: =+'Curv hora 2029 - 2033 (100%)'!G54*0.5 -> 4168.17 | H54: =+'Curv hora 2029 - 2033 (100%)'!H54*0.5 -> 4052.075 | I54: =+'Curv hora 2029 - 2033 (100%)'!I54*0.5 -> 4054.955 | J54: =+'Curv hora 2029 - 2033 (100%)'!J54*0.5 -> 4372.235 | K54: =+'Curv hora 2029 - 2033 (100%)'!K54*0.5 -> 4689.805 | L54: =+'Curv hora 2029 - 2033 (100%)'!L54*0.5 -> 4159.33 | ... AB54: =+'Curv hora 2029 - 2033 (100%)'!AB54*0.5 -> 5351.34 | AC54: =SUMPRODUCT((E54:AB56)*D54:D56) -> 4122640.5
C55: D. Sabados | D55: 4 | E55: =+'Curv hora 2029 - 2033 (100%)'!E55*0.5 -> 4685.02 | F55: =+'Curv hora 2029 - 2033 (100%)'!F55*0.5 -> 4388.025 | G55: =+'Curv hora 2029 - 2033 (100%)'!G55*0.5 -> 4173.7 | H55: =+'Curv hora 2029 - 2033 (100%)'!H55*0.5 -> 4051.085 | I55: =+'Curv hora 2029 - 2033 (100%)'!I55*0.5 -> 4035.985 | J55: =+'Curv hora 2029 - 2033 (100%)'!J55*0.5 -> 4152.705 | K55: =+'Curv hora 2029 - 2033 (100%)'!K55*0.5 -> 4335.93 | L55: =+'Curv hora 2029 - 2033 (100%)'!L55*0.5 -> 3970.985 | ... AB55: =+'Curv hora 2029 - 2033 (100%)'!AB55*0.5 -> 5910.015
C56: D. dom y fest | D56: 6 | E56: =+'Curv hora 2029 - 2033 (100%)'!E56*0.5 -> 5149.205 | F56: =+'Curv hora 2029 - 2033 (100%)'!F56*0.5 -> 4774.44 | G56: =+'Curv hora 2029 - 2033 (100%)'!G56*0.5 -> 4493.945 | H56: =+'Curv hora 2029 - 2033 (100%)'!H56*0.5 -> 4311.82 | I56: =+'Curv hora 2029 - 2033 (100%)'!I56*0.5 -> 4220.3 | J56: =+'Curv hora 2029 - 2033 (100%)'!J56*0.5 -> 4229.955 | K56: =+'Curv hora 2029 - 2033 (100%)'!K56*0.5 -> 4368.325 | L56: =+'Curv hora 2029 - 2033 (100%)'!L56*0.5 -> 3767.415 | ... AB56: =+'Curv hora 2029 - 2033 (100%)'!AB56*0.5 -> 4923.78
A57: 47604 | B57: =DAY(EOMONTH(A57,0)) -> 31 | C57: D. habiles | D57: 22 | E57: =+'Curv hora 2029 - 2033 (100%)'!E57*0.5 -> 4321.36 | F57: =+'Curv hora 2029 - 2033 (100%)'!F57*0.5 -> 4046.525 | G57: =+'Curv hora 2029 - 2033 (100%)'!G57*0.5 -> 3888.67 | H57: =+'Curv hora 2029 - 2033 (100%)'!H57*0.5 -> 3772.89 | I57: =+'Curv hora 2029 - 2033 (100%)'!I57*0.5 -> 3739.2 | J57: =+'Curv hora 2029 - 2033 (100%)'!J57*0.5 -> 4060.52 | K57: =+'Curv hora 2029 - 2033 (100%)'!K57*0.5 -> 4498.7 | L57: =+'Curv hora 2029 - 2033 (100%)'!L57*0.5 -> 4021.52 | ... AB57: =+'Curv hora 2029 - 2033 (100%)'!AB57*0.5 -> 5041.23 | AC57: =SUMPRODUCT((E57:AB59)*D57:D59) -> 4025002.5
C58: D. Sabados | D58: 4 | E58: =+'Curv hora 2029 - 2033 (100%)'!E58*0.5 -> 4429.195 | F58: =+'Curv hora 2029 - 2033 (100%)'!F58*0.5 -> 4150.415 | G58: =+'Curv hora 2029 - 2033 (100%)'!G58*0.5 -> 3930.345 | H58: =+'Curv hora 2029 - 2033 (100%)'!H58*0.5 -> 3821.98 | I58: =+'Curv hora 2029 - 2033 (100%)'!I58*0.5 -> 3787.495 | J58: =+'Curv hora 2029 - 2033 (100%)'!J58*0.5 -> 3923.39 | K58: =+'Curv hora 2029 - 2033 (100%)'!K58*0.5 -> 4150.01 | L58: =+'Curv hora 2029 - 2033 (100%)'!L58*0.5 -> 3810.295 | ... AB58: =+'Curv hora 2029 - 2033 (100%)'!AB58*0.5 -> 5229.205
C59: D. dom y fest | D59: 5 | E59: =+'Curv hora 2029 - 2033 (100%)'!E59*0.5 -> 4613.405 | F59: =+'Curv hora 2029 - 2033 (100%)'!F59*0.5 -> 4229.975 | G59: =+'Curv hora 2029 - 2033 (100%)'!G59*0.5 -> 4017.95 | H59: =+'Curv hora 2029 - 2033 (100%)'!H59*0.5 -> 3884.4 | I59: =+'Curv hora 2029 - 2033 (100%)'!I59*0.5 -> 3808.315 | J59: =+'Curv hora 2029 - 2033 (100%)'!J59*0.5 -> 3851.185 | K59: =+'Curv hora 2029 - 2033 (100%)'!K59*0.5 -> 3991.305 | L59: =+'Curv hora 2029 - 2033 (100%)'!L59*0.5 -> 3510.385 | ... AB59: =+'Curv hora 2029 - 2033 (100%)'!AB59*0.5 -> 5233.1
A60: 47635 | B60: =DAY(EOMONTH(A60,0)) -> 30 | C60: D. habiles | D60: 18 | E60: =+'Curv hora 2029 - 2033 (100%)'!E60*0.5 -> 3998.585 | F60: =+'Curv hora 2029 - 2033 (100%)'!F60*0.5 -> 3737.885 | G60: =+'Curv hora 2029 - 2033 (100%)'!G60*0.5 -> 3619.23 | H60: =+'Curv hora 2029 - 2033 (100%)'!H60*0.5 -> 3552.265 | I60: =+'Curv hora 2029 - 2033 (100%)'!I60*0.5 -> 3569.375 | J60: =+'Curv hora 2029 - 2033 (100%)'!J60*0.5 -> 3883.43 | K60: =+'Curv hora 2029 - 2033 (100%)'!K60*0.5 -> 4263.59 | L60: =+'Curv hora 2029 - 2033 (100%)'!L60*0.5 -> 3753.01 | ... AB60: =+'Curv hora 2029 - 2033 (100%)'!AB60*0.5 -> 4586.59 | AC60: =SUMPRODUCT((E60:AB62)*D60:D62) -> 3629206.6
C61: D. Sabados | D61: 5 | E61: =+'Curv hora 2029 - 2033 (100%)'!E61*0.5 -> 4116.005 | F61: =+'Curv hora 2029 - 2033 (100%)'!F61*0.5 -> 3802.625 | G61: =+'Curv hora 2029 - 2033 (100%)'!G61*0.5 -> 3599.085 | H61: =+'Curv hora 2029 - 2033 (100%)'!H61*0.5 -> 3499.155 | I61: =+'Curv hora 2029 - 2033 (100%)'!I61*0.5 -> 3505.63 | J61: =+'Curv hora 2029 - 2033 (100%)'!J61*0.5 -> 3615.36 | K61: =+'Curv hora 2029 - 2033 (100%)'!K61*0.5 -> 3853.095 | L61: =+'Curv hora 2029 - 2033 (100%)'!L61*0.5 -> 3513.35 | ... AB61: =+'Curv hora 2029 - 2033 (100%)'!AB61*0.5 -> 4912.64
C62: D. dom y fest | D62: 7 | E62: =+'Curv hora 2029 - 2033 (100%)'!E62*0.5 -> 4161.93 | F62: =+'Curv hora 2029 - 2033 (100%)'!F62*0.5 -> 3890.9 | G62: =+'Curv hora 2029 - 2033 (100%)'!G62*0.5 -> 3698.44 | H62: =+'Curv hora 2029 - 2033 (100%)'!H62*0.5 -> 3594.955 | I62: =+'Curv hora 2029 - 2033 (100%)'!I62*0.5 -> 3534.085 | J62: =+'Curv hora 2029 - 2033 (100%)'!J62*0.5 -> 3565.95 | K62: =+'Curv hora 2029 - 2033 (100%)'!K62*0.5 -> 3694.35 | L62: =+'Curv hora 2029 - 2033 (100%)'!L62*0.5 -> 3256.155 | ... AB62: =+'Curv hora 2029 - 2033 (100%)'!AB62*0.5 -> 4604.405
A63: 47665 | B63: =DAY(EOMONTH(A63,0)) -> 31 | C63: D. habiles | D63: 22 | E63: =+'Curv hora 2029 - 2033 (100%)'!E63*0.5 -> 4157.9 | F63: =+'Curv hora 2029 - 2033 (100%)'!F63*0.5 -> 3884.92 | G63: =+'Curv hora 2029 - 2033 (100%)'!G63*0.5 -> 3741.135 | H63: =+'Curv hora 2029 - 2033 (100%)'!H63*0.5 -> 3656.395 | I63: =+'Curv hora 2029 - 2033 (100%)'!I63*0.5 -> 3669.19 | J63: =+'Curv hora 2029 - 2033 (100%)'!J63*0.5 -> 3983.09 | K63: =+'Curv hora 2029 - 2033 (100%)'!K63*0.5 -> 4343.745 | L63: =+'Curv hora 2029 - 2033 (100%)'!L63*0.5 -> 3883.755 | ... AB63: =+'Curv hora 2029 - 2033 (100%)'!AB63*0.5 -> 4933.82 | AC63: =SUMPRODUCT((E63:AB65)*D63:D65) -> 3936522.9
C64: D. Sabados | D64: 3 | E64: =+'Curv hora 2029 - 2033 (100%)'!E64*0.5 -> 4250.61 | F64: =+'Curv hora 2029 - 2033 (100%)'!F64*0.5 -> 3948.115 | G64: =+'Curv hora 2029 - 2033 (100%)'!G64*0.5 -> 3763.295 | H64: =+'Curv hora 2029 - 2033 (100%)'!H64*0.5 -> 3680.125 | I64: =+'Curv hora 2029 - 2033 (100%)'!I64*0.5 -> 3646.655 | J64: =+'Curv hora 2029 - 2033 (100%)'!J64*0.5 -> 3767.235 | K64: =+'Curv hora 2029 - 2033 (100%)'!K64*0.5 -> 3959.835 | L64: =+'Curv hora 2029 - 2033 (100%)'!L64*0.5 -> 3668.155 | ... AB64: =+'Curv hora 2029 - 2033 (100%)'!AB64*0.5 -> 4905.905
C65: D. dom y fest | D65: 6 | E65: =+'Curv hora 2029 - 2033 (100%)'!E65*0.5 -> 4248.75 | F65: =+'Curv hora 2029 - 2033 (100%)'!F65*0.5 -> 3948.79 | G65: =+'Curv hora 2029 - 2033 (100%)'!G65*0.5 -> 3749.355 | H65: =+'Curv hora 2029 - 2033 (100%)'!H65*0.5 -> 3632.23 | I65: =+'Curv hora 2029 - 2033 (100%)'!I65*0.5 -> 3576.705 | J65: =+'Curv hora 2029 - 2033 (100%)'!J65*0.5 -> 3638.575 | K65: =+'Curv hora 2029 - 2033 (100%)'!K65*0.5 -> 3749.5 | L65: =+'Curv hora 2029 - 2033 (100%)'!L65*0.5 -> 3326.305 | ... AB65: =+'Curv hora 2029 - 2033 (100%)'!AB65*0.5 -> 4739.175
A66: 47696 | B66: =DAY(EOMONTH(A66,0)) -> 31 | C66: D. habiles | D66: 20 | E66: =+'Curv hora 2029 - 2033 (100%)'!E66*0.5 -> 4362.37 | F66: =+'Curv hora 2029 - 2033 (100%)'!F66*0.5 -> 4111.44 | G66: =+'Curv hora 2029 - 2033 (100%)'!G66*0.5 -> 3956.315 | H66: =+'Curv hora 2029 - 2033 (100%)'!H66*0.5 -> 3857.99 | I66: =+'Curv hora 2029 - 2033 (100%)'!I66*0.5 -> 3870.97 | J66: =+'Curv hora 2029 - 2033 (100%)'!J66*0.5 -> 4040.16 | K66: =+'Curv hora 2029 - 2033 (100%)'!K66*0.5 -> 4507.99 | L66: =+'Curv hora 2029 - 2033 (100%)'!L66*0.5 -> 4057.72 | ... AB66: =+'Curv hora 2029 - 2033 (100%)'!AB66*0.5 -> 5316.945 | AC66: =SUMPRODUCT((E66:AB68)*D66:D68) -> 4215768.3
C67: D. Sabados | D67: 5 | E67: =+'Curv hora 2029 - 2033 (100%)'!E67*0.5 -> 4835.735 | F67: =+'Curv hora 2029 - 2033 (100%)'!F67*0.5 -> 4504.85 | G67: =+'Curv hora 2029 - 2033 (100%)'!G67*0.5 -> 4069.385 | H67: =+'Curv hora 2029 - 2033 (100%)'!H67*0.5 -> 4237.055 | I67: =+'Curv hora 2029 - 2033 (100%)'!I67*0.5 -> 4093.675 | J67: =+'Curv hora 2029 - 2033 (100%)'!J67*0.5 -> 4165.445 | K67: =+'Curv hora 2029 - 2033 (100%)'!K67*0.5 -> 4334.225 | L67: =+'Curv hora 2029 - 2033 (100%)'!L67*0.5 -> 4239.72 | ... AB67: =+'Curv hora 2029 - 2033 (100%)'!AB67*0.5 -> 5726.075
C68: D. dom y fest | D68: 6 | E68: =+'Curv hora 2029 - 2033 (100%)'!E68*0.5 -> 4732.815 | F68: =+'Curv hora 2029 - 2033 (100%)'!F68*0.5 -> 4394.705 | G68: =+'Curv hora 2029 - 2033 (100%)'!G68*0.5 -> 4178.205 | H68: =+'Curv hora 2029 - 2033 (100%)'!H68*0.5 -> 4045.605 | I68: =+'Curv hora 2029 - 2033 (100%)'!I68*0.5 -> 3898.63 | J68: =+'Curv hora 2029 - 2033 (100%)'!J68*0.5 -> 3975.705 | K68: =+'Curv hora 2029 - 2033 (100%)'!K68*0.5 -> 4158.425 | L68: =+'Curv hora 2029 - 2033 (100%)'!L68*0.5 -> 3683.33 | ... AB68: =+'Curv hora 2029 - 2033 (100%)'!AB68*0.5 -> 5087.41
A69: 47727 | B69: =DAY(EOMONTH(A69,0)) -> 30 | C69: D. habiles | D69: 21 | E69: =+'Curv hora 2029 - 2033 (100%)'!E69*0.5 -> 4673.395 | F69: =+'Curv hora 2029 - 2033 (100%)'!F69*0.5 -> 4360.03 | G69: =+'Curv hora 2029 - 2033 (100%)'!G69*0.5 -> 4227.24 | H69: =+'Curv hora 2029 - 2033 (100%)'!H69*0.5 -> 4107.38 | I69: =+'Curv hora 2029 - 2033 (100%)'!I69*0.5 -> 4044.18 | J69: =+'Curv hora 2029 - 2033 (100%)'!J69*0.5 -> 4249.915 | K69: =+'Curv hora 2029 - 2033 (100%)'!K69*0.5 -> 4759.87 | L69: =+'Curv hora 2029 - 2033 (100%)'!L69*0.5 -> 4266.775 | ... AB69: =+'Curv hora 2029 - 2033 (100%)'!AB69*0.5 -> 5459.175 | AC69: =SUMPRODUCT((E69:AB71)*D69:D71) -> 4166999.6
C70: D. Sabados | D70: 4 | E70: =+'Curv hora 2029 - 2033 (100%)'!E70*0.5 -> 4816.7 | F70: =+'Curv hora 2029 - 2033 (100%)'!F70*0.5 -> 4491.09 | G70: =+'Curv hora 2029 - 2033 (100%)'!G70*0.5 -> 4257.99 | H70: =+'Curv hora 2029 - 2033 (100%)'!H70*0.5 -> 4130.77 | I70: =+'Curv hora 2029 - 2033 (100%)'!I70*0.5 -> 4081.405 | J70: =+'Curv hora 2029 - 2033 (100%)'!J70*0.5 -> 4165.53 | K70: =+'Curv hora 2029 - 2033 (100%)'!K70*0.5 -> 4427.725 | L70: =+'Curv hora 2029 - 2033 (100%)'!L70*0.5 -> 4209.705 | ... AB70: =+'Curv hora 2029 - 2033 (100%)'!AB70*0.5 -> 5979.03
C71: D. dom y fest | D71: 5 | E71: =+'Curv hora 2029 - 2033 (100%)'!E71*0.5 -> 5286.575 | F71: =+'Curv hora 2029 - 2033 (100%)'!F71*0.5 -> 4923.425 | G71: =+'Curv hora 2029 - 2033 (100%)'!G71*0.5 -> 4651.69 | H71: =+'Curv hora 2029 - 2033 (100%)'!H71*0.5 -> 4483.195 | I71: =+'Curv hora 2029 - 2033 (100%)'!I71*0.5 -> 4339.02 | J71: =+'Curv hora 2029 - 2033 (100%)'!J71*0.5 -> 4296.18 | K71: =+'Curv hora 2029 - 2033 (100%)'!K71*0.5 -> 4102.145 | L71: =+'Curv hora 2029 - 2033 (100%)'!L71*0.5 -> 3465.295 | ... AB71: =+'Curv hora 2029 - 2033 (100%)'!AB71*0.5 -> 5304.58
A72: 47757 | B72: =DAY(EOMONTH(A72,0)) -> 31 | C72: D. habiles | D72: 22 | E72: =+'Curv hora 2029 - 2033 (100%)'!E72*0.5 -> 4797.57 | F72: =+'Curv hora 2029 - 2033 (100%)'!F72*0.5 -> 4522.615 | G72: =+'Curv hora 2029 - 2033 (100%)'!G72*0.5 -> 4345.48 | H72: =+'Curv hora 2029 - 2033 (100%)'!H72*0.5 -> 4214.575 | I72: =+'Curv hora 2029 - 2033 (100%)'!I72*0.5 -> 4160.465 | J72: =+'Curv hora 2029 - 2033 (100%)'!J72*0.5 -> 4345.355 | K72: =+'Curv hora 2029 - 2033 (100%)'!K72*0.5 -> 4723.815 | L72: =+'Curv hora 2029 - 2033 (100%)'!L72*0.5 -> 4354.245 | ... AB72: =+'Curv hora 2029 - 2033 (100%)'!AB72*0.5 -> 5653.94 | AC72: =SUMPRODUCT((E72:AB74)*D72:D74) -> 4438194.5
C73: D. Sabados | D73: 4 | E73: =+'Curv hora 2029 - 2033 (100%)'!E73*0.5 -> 5126.935 | F73: =+'Curv hora 2029 - 2033 (100%)'!F73*0.5 -> 4795.585 | G73: =+'Curv hora 2029 - 2033 (100%)'!G73*0.5 -> 4568.855 | H73: =+'Curv hora 2029 - 2033 (100%)'!H73*0.5 -> 4414.49 | I73: =+'Curv hora 2029 - 2033 (100%)'!I73*0.5 -> 4379.49 | J73: =+'Curv hora 2029 - 2033 (100%)'!J73*0.5 -> 4411.115 | K73: =+'Curv hora 2029 - 2033 (100%)'!K73*0.5 -> 4668.56 | L73: =+'Curv hora 2029 - 2033 (100%)'!L73*0.5 -> 4415.835 | ... AB73: =+'Curv hora 2029 - 2033 (100%)'!AB73*0.5 -> 5373.955
C74: D. dom y fest | D74: 5 | E74: =+'Curv hora 2029 - 2033 (100%)'!E74*0.5 -> 4739.78 | F74: =+'Curv hora 2029 - 2033 (100%)'!F74*0.5 -> 4438.235 | G74: =+'Curv hora 2029 - 2033 (100%)'!G74*0.5 -> 4226.565 | H74: =+'Curv hora 2029 - 2033 (100%)'!H74*0.5 -> 4071.63 | I74: =+'Curv hora 2029 - 2033 (100%)'!I74*0.5 -> 3982.01 | J74: =+'Curv hora 2029 - 2033 (100%)'!J74*0.5 -> 3800.87 | K74: =+'Curv hora 2029 - 2033 (100%)'!K74*0.5 -> 4101.525 | L74: =+'Curv hora 2029 - 2033 (100%)'!L74*0.5 -> 3690.545 | ... AB74: =+'Curv hora 2029 - 2033 (100%)'!AB74*0.5 -> 5179.615
A75: 47788 | B75: =DAY(EOMONTH(A75,0)) -> 30 | C75: D. habiles | D75: 19 | E75: =+'Curv hora 2029 - 2033 (100%)'!E75*0.5 -> 4530.815 | F75: =+'Curv hora 2029 - 2033 (100%)'!F75*0.5 -> 4238.005 | G75: =+'Curv hora 2029 - 2033 (100%)'!G75*0.5 -> 4132.81 | H75: =+'Curv hora 2029 - 2033 (100%)'!H75*0.5 -> 4007.505 | I75: =+'Curv hora 2029 - 2033 (100%)'!I75*0.5 -> 4040.65 | J75: =+'Curv hora 2029 - 2033 (100%)'!J75*0.5 -> 4215.21 | K75: =+'Curv hora 2029 - 2033 (100%)'!K75*0.5 -> 4683.05 | L75: =+'Curv hora 2029 - 2033 (100%)'!L75*0.5 -> 4280.135 | ... AB75: =+'Curv hora 2029 - 2033 (100%)'!AB75*0.5 -> 5342.165 | AC75: =SUMPRODUCT((E75:AB77)*D75:D77) -> 4138458.6
C76: D. Sabados | D76: 5 | E76: =+'Curv hora 2029 - 2033 (100%)'!E76*0.5 -> 4735.305 | F76: =+'Curv hora 2029 - 2033 (100%)'!F76*0.5 -> 4451.465 | G76: =+'Curv hora 2029 - 2033 (100%)'!G76*0.5 -> 4237.685 | H76: =+'Curv hora 2029 - 2033 (100%)'!H76*0.5 -> 4053.455 | I76: =+'Curv hora 2029 - 2033 (100%)'!I76*0.5 -> 3955.945 | J76: =+'Curv hora 2029 - 2033 (100%)'!J76*0.5 -> 4125.715 | K76: =+'Curv hora 2029 - 2033 (100%)'!K76*0.5 -> 4311.965 | L76: =+'Curv hora 2029 - 2033 (100%)'!L76*0.5 -> 3975.94 | ... AB76: =+'Curv hora 2029 - 2033 (100%)'!AB76*0.5 -> 5402.42
C77: D. dom y fest | D77: 6 | E77: =+'Curv hora 2029 - 2033 (100%)'!E77*0.5 -> 4852.155 | F77: =+'Curv hora 2029 - 2033 (100%)'!F77*0.5 -> 4548.545 | G77: =+'Curv hora 2029 - 2033 (100%)'!G77*0.5 -> 4344.23 | H77: =+'Curv hora 2029 - 2033 (100%)'!H77*0.5 -> 4230.69 | I77: =+'Curv hora 2029 - 2033 (100%)'!I77*0.5 -> 4199.865 | J77: =+'Curv hora 2029 - 2033 (100%)'!J77*0.5 -> 4095.665 | K77: =+'Curv hora 2029 - 2033 (100%)'!K77*0.5 -> 4243.43 | L77: =+'Curv hora 2029 - 2033 (100%)'!L77*0.5 -> 3855.53 | ... AB77: =+'Curv hora 2029 - 2033 (100%)'!AB77*0.5 -> 5338.485
A78: 47818 | B78: =DAY(EOMONTH(A78,0)) -> 31 | C78: D. habiles | D78: 21 | E78: =+'Curv hora 2029 - 2033 (100%)'!E78*0.5 -> 4566.735 | F78: =+'Curv hora 2029 - 2033 (100%)'!F78*0.5 -> 4249.35 | G78: =+'Curv hora 2029 - 2033 (100%)'!G78*0.5 -> 4080.175 | H78: =+'Curv hora 2029 - 2033 (100%)'!H78*0.5 -> 3974.165 | I78: =+'Curv hora 2029 - 2033 (100%)'!I78*0.5 -> 3979.635 | J78: =+'Curv hora 2029 - 2033 (100%)'!J78*0.5 -> 4119.175 | K78: =+'Curv hora 2029 - 2033 (100%)'!K78*0.5 -> 4340.065 | L78: =+'Curv hora 2029 - 2033 (100%)'!L78*0.5 -> 4081.755 | ... AB78: =+'Curv hora 2029 - 2033 (100%)'!AB78*0.5 -> 5409.715 | AC78: =SUMPRODUCT((E78:AB80)*D78:D80) -> 4187774.3
C79: D. Sabados | D79: 4 | E79: =+'Curv hora 2029 - 2033 (100%)'!E79*0.5 -> 4614.635 | F79: =+'Curv hora 2029 - 2033 (100%)'!F79*0.5 -> 4273.645 | G79: =+'Curv hora 2029 - 2033 (100%)'!G79*0.5 -> 4030.4 | H79: =+'Curv hora 2029 - 2033 (100%)'!H79*0.5 -> 3900.61 | I79: =+'Curv hora 2029 - 2033 (100%)'!I79*0.5 -> 3881.06 | J79: =+'Curv hora 2029 - 2033 (100%)'!J79*0.5 -> 3964.59 | K79: =+'Curv hora 2029 - 2033 (100%)'!K79*0.5 -> 4148.01 | L79: =+'Curv hora 2029 - 2033 (100%)'!L79*0.5 -> 3887.915 | ... AB79: =+'Curv hora 2029 - 2033 (100%)'!AB79*0.5 -> 5548.36
C80: D. dom y fest | D80: 6 | E80: =+'Curv hora 2029 - 2033 (100%)'!E80*0.5 -> 4881.94 | F80: =+'Curv hora 2029 - 2033 (100%)'!F80*0.5 -> 4541.825 | G80: =+'Curv hora 2029 - 2033 (100%)'!G80*0.5 -> 4309.37 | H80: =+'Curv hora 2029 - 2033 (100%)'!H80*0.5 -> 4176.285 | I80: =+'Curv hora 2029 - 2033 (100%)'!I80*0.5 -> 4112.76 | J80: =+'Curv hora 2029 - 2033 (100%)'!J80*0.5 -> 4099.15 | K80: =+'Curv hora 2029 - 2033 (100%)'!K80*0.5 -> 4150.98 | L80: =+'Curv hora 2029 - 2033 (100%)'!L80*0.5 -> 3693.43 | ... AB80: =+'Curv hora 2029 - 2033 (100%)'!AB80*0.5 -> 5393.06 | AD80: =SUM(AC45:AC80) -> 48994510
A81: 47849 | B81: =DAY(EOMONTH(A81,0)) -> 31 | C81: D. habiles | D81: 21 | E81: =+'Curv hora 2029 - 2033 (100%)'!E81*0.5 -> 4977.875 | F81: =+'Curv hora 2029 - 2033 (100%)'!F81*0.5 -> 4663.9 | G81: =+'Curv hora 2029 - 2033 (100%)'!G81*0.5 -> 4458.66 | H81: =+'Curv hora 2029 - 2033 (100%)'!H81*0.5 -> 4321.44 | I81: =+'Curv hora 2029 - 2033 (100%)'!I81*0.5 -> 4281.53 | J81: =+'Curv hora 2029 - 2033 (100%)'!J81*0.5 -> 4364.97 | K81: =+'Curv hora 2029 - 2033 (100%)'!K81*0.5 -> 4390.06 | L81: =+'Curv hora 2029 - 2033 (100%)'!L81*0.5 -> 4010.51 | ... AB81: =+'Curv hora 2029 - 2033 (100%)'!AB81*0.5 -> 5774.045 | AC81: =SUMPRODUCT((E81:AB83)*D81:D83) -> 4347978.6
C82: D. Sabados | D82: 4 | E82: =+'Curv hora 2029 - 2033 (100%)'!E82*0.5 -> 4918.24 | F82: =+'Curv hora 2029 - 2033 (100%)'!F82*0.5 -> 4615.715 | G82: =+'Curv hora 2029 - 2033 (100%)'!G82*0.5 -> 4406.12 | H82: =+'Curv hora 2029 - 2033 (100%)'!H82*0.5 -> 4277.755 | I82: =+'Curv hora 2029 - 2033 (100%)'!I82*0.5 -> 4229.21 | J82: =+'Curv hora 2029 - 2033 (100%)'!J82*0.5 -> 4296.575 | K82: =+'Curv hora 2029 - 2033 (100%)'!K82*0.5 -> 4360.125 | L82: =+'Curv hora 2029 - 2033 (100%)'!L82*0.5 -> 3891.89 | ... AB82: =+'Curv hora 2029 - 2033 (100%)'!AB82*0.5 -> 5744.655
C83: D. dom y fest | D83: 6 | E83: =+'Curv hora 2029 - 2033 (100%)'!E83*0.5 -> 5128.165 | F83: =+'Curv hora 2029 - 2033 (100%)'!F83*0.5 -> 4824.655 | G83: =+'Curv hora 2029 - 2033 (100%)'!G83*0.5 -> 4511.525 | H83: =+'Curv hora 2029 - 2033 (100%)'!H83*0.5 -> 4411.96 | I83: =+'Curv hora 2029 - 2033 (100%)'!I83*0.5 -> 4294.48 | J83: =+'Curv hora 2029 - 2033 (100%)'!J83*0.5 -> 4228.965 | K83: =+'Curv hora 2029 - 2033 (100%)'!K83*0.5 -> 4147.07 | L83: =+'Curv hora 2029 - 2033 (100%)'!L83*0.5 -> 3575.99 | ... AB83: =+'Curv hora 2029 - 2033 (100%)'!AB83*0.5 -> 5630.13
A84: 47880 | B84: =DAY(EOMONTH(A84,0)) -> 28 | C84: D. habiles | D84: 20 | E84: =+'Curv hora 2029 - 2033 (100%)'!E84*0.5 -> 4889.23 | F84: =+'Curv hora 2029 - 2033 (100%)'!F84*0.5 -> 4601.22 | G84: =+'Curv hora 2029 - 2033 (100%)'!G84*0.5 -> 4364.965 | H84: =+'Curv hora 2029 - 2033 (100%)'!H84*0.5 -> 4300.955 | I84: =+'Curv hora 2029 - 2033 (100%)'!I84*0.5 -> 4277.955 | J84: =+'Curv hora 2029 - 2033 (100%)'!J84*0.5 -> 4549.295 | K84: =+'Curv hora 2029 - 2033 (100%)'!K84*0.5 -> 4931.08 | L84: =+'Curv hora 2029 - 2033 (100%)'!L84*0.5 -> 4335.57 | ... AB84: =+'Curv hora 2029 - 2033 (100%)'!AB84*0.5 -> 5587.75 | AC84: =SUMPRODUCT((E84:AB86)*D84:D86) -> 3938165.3
C85: D. Sabados | D85: 4 | E85: =+'Curv hora 2029 - 2033 (100%)'!E85*0.5 -> 4739.285 | F85: =+'Curv hora 2029 - 2033 (100%)'!F85*0.5 -> 4423.755 | G85: =+'Curv hora 2029 - 2033 (100%)'!G85*0.5 -> 4164.22 | H85: =+'Curv hora 2029 - 2033 (100%)'!H85*0.5 -> 4061.3 | I85: =+'Curv hora 2029 - 2033 (100%)'!I85*0.5 -> 4055.57 | J85: =+'Curv hora 2029 - 2033 (100%)'!J85*0.5 -> 4152.76 | K85: =+'Curv hora 2029 - 2033 (100%)'!K85*0.5 -> 4313.655 | L85: =+'Curv hora 2029 - 2033 (100%)'!L85*0.5 -> 3825.85 | ... AB85: =+'Curv hora 2029 - 2033 (100%)'!AB85*0.5 -> 5731.25
C86: D. dom y fest | D86: 4 | E86: =+'Curv hora 2029 - 2033 (100%)'!E86*0.5 -> 5001.3 | F86: =+'Curv hora 2029 - 2033 (100%)'!F86*0.5 -> 4651.375 | G86: =+'Curv hora 2029 - 2033 (100%)'!G86*0.5 -> 4401.8 | H86: =+'Curv hora 2029 - 2033 (100%)'!H86*0.5 -> 4258.125 | I86: =+'Curv hora 2029 - 2033 (100%)'!I86*0.5 -> 4158.475 | J86: =+'Curv hora 2029 - 2033 (100%)'!J86*0.5 -> 4166.92 | K86: =+'Curv hora 2029 - 2033 (100%)'!K86*0.5 -> 4213.49 | L86: =+'Curv hora 2029 - 2033 (100%)'!L86*0.5 -> 3706.4 | ... AB86: =+'Curv hora 2029 - 2033 (100%)'!AB86*0.5 -> 5057.55
A87: 47908 | B87: =DAY(EOMONTH(A87,0)) -> 31 | C87: D. habiles | D87: 20 | E87: =+'Curv hora 2029 - 2033 (100%)'!E87*0.5 -> 4698.33 | F87: =+'Curv hora 2029 - 2033 (100%)'!F87*0.5 -> 4396.955 | G87: =+'Curv hora 2029 - 2033 (100%)'!G87*0.5 -> 4224.73 | H87: =+'Curv hora 2029 - 2033 (100%)'!H87*0.5 -> 4138.11 | I87: =+'Curv hora 2029 - 2033 (100%)'!I87*0.5 -> 4152.215 | J87: =+'Curv hora 2029 - 2033 (100%)'!J87*0.5 -> 4443.965 | K87: =+'Curv hora 2029 - 2033 (100%)'!K87*0.5 -> 4826.96 | L87: =+'Curv hora 2029 - 2033 (100%)'!L87*0.5 -> 4255.99 | ... AB87: =+'Curv hora 2029 - 2033 (100%)'!AB87*0.5 -> 5384.83 | AC87: =SUMPRODUCT((E87:AB89)*D87:D89) -> 4211360.7
C88: D. Sabados | D88: 5 | E88: =+'Curv hora 2029 - 2033 (100%)'!E88*0.5 -> 4355.275 | F88: =+'Curv hora 2029 - 2033 (100%)'!F88*0.5 -> 4260.935 | G88: =+'Curv hora 2029 - 2033 (100%)'!G88*0.5 -> 4077.365 | H88: =+'Curv hora 2029 - 2033 (100%)'!H88*0.5 -> 3960.32 | I88: =+'Curv hora 2029 - 2033 (100%)'!I88*0.5 -> 3961.425 | J88: =+'Curv hora 2029 - 2033 (100%)'!J88*0.5 -> 4089.325 | K88: =+'Curv hora 2029 - 2033 (100%)'!K88*0.5 -> 4314.04 | L88: =+'Curv hora 2029 - 2033 (100%)'!L88*0.5 -> 3843.085 | ... AB88: =+'Curv hora 2029 - 2033 (100%)'!AB88*0.5 -> 5517.695
C89: D. dom y fest | D89: 6 | E89: =+'Curv hora 2029 - 2033 (100%)'!E89*0.5 -> 4871.125 | F89: =+'Curv hora 2029 - 2033 (100%)'!F89*0.5 -> 4550.29 | G89: =+'Curv hora 2029 - 2033 (100%)'!G89*0.5 -> 4324.38 | H89: =+'Curv hora 2029 - 2033 (100%)'!H89*0.5 -> 4195.28 | I89: =+'Curv hora 2029 - 2033 (100%)'!I89*0.5 -> 4145.515 | J89: =+'Curv hora 2029 - 2033 (100%)'!J89*0.5 -> 4160.625 | K89: =+'Curv hora 2029 - 2033 (100%)'!K89*0.5 -> 4225.93 | L89: =+'Curv hora 2029 - 2033 (100%)'!L89*0.5 -> 3716.375 | ... AB89: =+'Curv hora 2029 - 2033 (100%)'!AB89*0.5 -> 5443.195
A90: 47939 | B90: =DAY(EOMONTH(A90,0)) -> 30 | C90: D. habiles | D90: 20 | E90: =+'Curv hora 2029 - 2033 (100%)'!E90*0.5 -> 4726.6 | F90: =+'Curv hora 2029 - 2033 (100%)'!F90*0.5 -> 4471.81 | G90: =+'Curv hora 2029 - 2033 (100%)'!G90*0.5 -> 4301.505 | H90: =+'Curv hora 2029 - 2033 (100%)'!H90*0.5 -> 4181.925 | I90: =+'Curv hora 2029 - 2033 (100%)'!I90*0.5 -> 4184.89 | J90: =+'Curv hora 2029 - 2033 (100%)'!J90*0.5 -> 4511.69 | K90: =+'Curv hora 2029 - 2033 (100%)'!K90*0.5 -> 4838.79 | L90: =+'Curv hora 2029 - 2033 (100%)'!L90*0.5 -> 4275.53 | ... AB90: =+'Curv hora 2029 - 2033 (100%)'!AB90*0.5 -> 5515.125 | AC90: =SUMPRODUCT((E90:AB92)*D90:D92) -> 4246167.9
C91: D. Sabados | D91: 4 | E91: =+'Curv hora 2029 - 2033 (100%)'!E91*0.5 -> 4833.86 | F91: =+'Curv hora 2029 - 2033 (100%)'!F91*0.5 -> 4527.955 | G91: =+'Curv hora 2029 - 2033 (100%)'!G91*0.5 -> 4307.2 | H91: =+'Curv hora 2029 - 2033 (100%)'!H91*0.5 -> 4180.905 | I91: =+'Curv hora 2029 - 2033 (100%)'!I91*0.5 -> 4165.355 | J91: =+'Curv hora 2029 - 2033 (100%)'!J91*0.5 -> 4285.575 | K91: =+'Curv hora 2029 - 2033 (100%)'!K91*0.5 -> 4474.295 | L91: =+'Curv hora 2029 - 2033 (100%)'!L91*0.5 -> 4081.535 | ... AB91: =+'Curv hora 2029 - 2033 (100%)'!AB91*0.5 -> 6090.56
C92: D. dom y fest | D92: 6 | E92: =+'Curv hora 2029 - 2033 (100%)'!E92*0.5 -> 5311.97 | F92: =+'Curv hora 2029 - 2033 (100%)'!F92*0.5 -> 4925.96 | G92: =+'Curv hora 2029 - 2033 (100%)'!G92*0.5 -> 4637.05 | H92: =+'Curv hora 2029 - 2033 (100%)'!H92*0.5 -> 4449.465 | I92: =+'Curv hora 2029 - 2033 (100%)'!I92*0.5 -> 4355.2 | J92: =+'Curv hora 2029 - 2033 (100%)'!J92*0.5 -> 4365.14 | K92: =+'Curv hora 2029 - 2033 (100%)'!K92*0.5 -> 4507.665 | L92: =+'Curv hora 2029 - 2033 (100%)'!L92*0.5 -> 3871.86 | ... AB92: =+'Curv hora 2029 - 2033 (100%)'!AB92*0.5 -> 5074.735
A93: 47969 | B93: =DAY(EOMONTH(A93,0)) -> 31 | C93: D. habiles | D93: 20 | E93: =+'Curv hora 2029 - 2033 (100%)'!E93*0.5 -> 4459.29 | F93: =+'Curv hora 2029 - 2033 (100%)'!F93*0.5 -> 4176.21 | G93: =+'Curv hora 2029 - 2033 (100%)'!G93*0.5 -> 4013.62 | H93: =+'Curv hora 2029 - 2033 (100%)'!H93*0.5 -> 3894.365 | I93: =+'Curv hora 2029 - 2033 (100%)'!I93*0.5 -> 3859.665 | J93: =+'Curv hora 2029 - 2033 (100%)'!J93*0.5 -> 4190.625 | K93: =+'Curv hora 2029 - 2033 (100%)'!K93*0.5 -> 4641.95 | L93: =+'Curv hora 2029 - 2033 (100%)'!L93*0.5 -> 4133.59 | ... AB93: =+'Curv hora 2029 - 2033 (100%)'!AB93*0.5 -> 5195.71 | AC93: =SUMPRODUCT((E93:AB95)*D93:D95) -> 4135486
C94: D. Sabados | D94: 5 | E94: =+'Curv hora 2029 - 2033 (100%)'!E94*0.5 -> 4570.36 | F94: =+'Curv hora 2029 - 2033 (100%)'!F94*0.5 -> 4283.215 | G94: =+'Curv hora 2029 - 2033 (100%)'!G94*0.5 -> 4056.545 | H94: =+'Curv hora 2029 - 2033 (100%)'!H94*0.5 -> 3944.93 | I94: =+'Curv hora 2029 - 2033 (100%)'!I94*0.5 -> 3909.41 | J94: =+'Curv hora 2029 - 2033 (100%)'!J94*0.5 -> 4049.38 | K94: =+'Curv hora 2029 - 2033 (100%)'!K94*0.5 -> 4282.8 | L94: =+'Curv hora 2029 - 2033 (100%)'!L94*0.5 -> 3916.025 | ... AB94: =+'Curv hora 2029 - 2033 (100%)'!AB94*0.5 -> 5389.325
C95: D. dom y fest | D95: 6 | E95: =+'Curv hora 2029 - 2033 (100%)'!E95*0.5 -> 4760.095 | F95: =+'Curv hora 2029 - 2033 (100%)'!F95*0.5 -> 4365.165 | G95: =+'Curv hora 2029 - 2033 (100%)'!G95*0.5 -> 4146.775 | H95: =+'Curv hora 2029 - 2033 (100%)'!H95*0.5 -> 4009.22 | I95: =+'Curv hora 2029 - 2033 (100%)'!I95*0.5 -> 3930.855 | J95: =+'Curv hora 2029 - 2033 (100%)'!J95*0.5 -> 3975.01 | K95: =+'Curv hora 2029 - 2033 (100%)'!K95*0.5 -> 4119.335 | L95: =+'Curv hora 2029 - 2033 (100%)'!L95*0.5 -> 3607.12 | ... AB95: =+'Curv hora 2029 - 2033 (100%)'!AB95*0.5 -> 5393.335
A96: 48000 | B96: =DAY(EOMONTH(A96,0)) -> 30 | C96: D. habiles | D96: 18 | E96: =+'Curv hora 2029 - 2033 (100%)'!E96*0.5 -> 4126.83 | F96: =+'Curv hora 2029 - 2033 (100%)'!F96*0.5 -> 3858.31 | G96: =+'Curv hora 2029 - 2033 (100%)'!G96*0.5 -> 3736.095 | H96: =+'Curv hora 2029 - 2033 (100%)'!H96*0.5 -> 3667.12 | I96: =+'Curv hora 2029 - 2033 (100%)'!I96*0.5 -> 3684.745 | J96: =+'Curv hora 2029 - 2033 (100%)'!J96*0.5 -> 4008.22 | K96: =+'Curv hora 2029 - 2033 (100%)'!K96*0.5 -> 4399.785 | L96: =+'Curv hora 2029 - 2033 (100%)'!L96*0.5 -> 3857.02 | ... AB96: =+'Curv hora 2029 - 2033 (100%)'!AB96*0.5 -> 4727.43 | AC96: =SUMPRODUCT((E96:AB98)*D96:D98) -> 3732798.1
C97: D. Sabados | D97: 4 | E97: =+'Curv hora 2029 - 2033 (100%)'!E97*0.5 -> 4247.775 | F97: =+'Curv hora 2029 - 2033 (100%)'!F97*0.5 -> 3924.99 | G97: =+'Curv hora 2029 - 2033 (100%)'!G97*0.5 -> 3715.345 | H97: =+'Curv hora 2029 - 2033 (100%)'!H97*0.5 -> 3612.42 | I97: =+'Curv hora 2029 - 2033 (100%)'!I97*0.5 -> 3619.09 | J97: =+'Curv hora 2029 - 2033 (100%)'!J97*0.5 -> 3732.11 | K97: =+'Curv hora 2029 - 2033 (100%)'!K97*0.5 -> 3976.975 | L97: =+'Curv hora 2029 - 2033 (100%)'!L97*0.5 -> 3610.175 | ... AB97: =+'Curv hora 2029 - 2033 (100%)'!AB97*0.5 -> 5063.26
C98: D. dom y fest | D98: 8 | E98: =+'Curv hora 2029 - 2033 (100%)'!E98*0.5 -> 4295.075 | F98: =+'Curv hora 2029 - 2033 (100%)'!F98*0.5 -> 4015.915 | G98: =+'Curv hora 2029 - 2033 (100%)'!G98*0.5 -> 3817.68 | H98: =+'Curv hora 2029 - 2033 (100%)'!H98*0.5 -> 3711.09 | I98: =+'Curv hora 2029 - 2033 (100%)'!I98*0.5 -> 3648.395 | J98: =+'Curv hora 2029 - 2033 (100%)'!J98*0.5 -> 3681.215 | K98: =+'Curv hora 2029 - 2033 (100%)'!K98*0.5 -> 3813.47 | L98: =+'Curv hora 2029 - 2033 (100%)'!L98*0.5 -> 3345.26 | ... AB98: =+'Curv hora 2029 - 2033 (100%)'!AB98*0.5 -> 4745.78
A99: 48030 | B99: =DAY(EOMONTH(A99,0)) -> 31 | C99: D. habiles | D99: 23 | E99: =+'Curv hora 2029 - 2033 (100%)'!E99*0.5 -> 4290.925 | F99: =+'Curv hora 2029 - 2033 (100%)'!F99*0.5 -> 4009.755 | G99: =+'Curv hora 2029 - 2033 (100%)'!G99*0.5 -> 3861.66 | H99: =+'Curv hora 2029 - 2033 (100%)'!H99*0.5 -> 3774.375 | I99: =+'Curv hora 2029 - 2033 (100%)'!I99*0.5 -> 3787.555 | J99: =+'Curv hora 2029 - 2033 (100%)'!J99*0.5 -> 4110.87 | K99: =+'Curv hora 2029 - 2033 (100%)'!K99*0.5 -> 4482.345 | L99: =+'Curv hora 2029 - 2033 (100%)'!L99*0.5 -> 3991.69 | ... AB99: =+'Curv hora 2029 - 2033 (100%)'!AB99*0.5 -> 5085.08 | AC99: =SUMPRODUCT((E99:AB101)*D99:D101) -> 4076171.5
C100: D. Sabados | D100: 4 | E100: =+'Curv hora 2029 - 2033 (100%)'!E100*0.5 -> 4386.415 | F100: =+'Curv hora 2029 - 2033 (100%)'!F100*0.5 -> 4074.845 | G100: =+'Curv hora 2029 - 2033 (100%)'!G100*0.5 -> 3884.485 | H100: =+'Curv hora 2029 - 2033 (100%)'!H100*0.5 -> 3798.815 | I100: =+'Curv hora 2029 - 2033 (100%)'!I100*0.5 -> 3764.345 | J100: =+'Curv hora 2029 - 2033 (100%)'!J100*0.5 -> 3888.54 | K100: =+'Curv hora 2029 - 2033 (100%)'!K100*0.5 -> 4086.92 | L100: =+'Curv hora 2029 - 2033 (100%)'!L100*0.5 -> 3769.62 | ... AB100: =+'Curv hora 2029 - 2033 (100%)'!AB100*0.5 -> 5056.325
...

Sheet Cantidad maxima 
A2: FORMATO DE OFERTAS
A3: CONVOCATORIA PÚBLICA CP-EBPC2025-003
A4: OFERTA DE SUMINISTRO DE ENERGÍA ELECTRICA AÑOS 2029-2033
A5: TIPO DE OFERTA: CURVA
A6: PRODUCTO 01
A7: MES/AÑO | B7: ENERGIA SOLICITADA | C7: PAGUE LO CONTRATADO
C8: Oferta (%) De la Curva Demanda
B9: Necesidad TOTAL MES kWh | C9: Nivel de cobertura esperado % | D9: Energia Ofrecida kwh | E9: Precio de Oferta COP/kWh con dos cifras decimales, precio monomio fijo en pesos constantes de abril de 2025.
A11: 47119 | B11: 4098785.6 | C11: 1
A12: 47150 | B12: 3712458.8 | C12: 1
A13: 47178 | B13: 3960830.5 | C13: 1
A14: 47209 | B14: 4005391.4 | C14: 1
A15: 47239 | B15: 3902733.4 | C15: 1
A16: 47270 | B16: 3528555.6 | C16: 1
A17: 47300 | B17: 3803505.3 | C17: 1
A18: 47331 | B18: 4090187.3 | C18: 1
A19: 47362 | B19: 4049610.4 | C19: 1
A20: 47392 | B20: 4309177.7 | C20: 1
A21: 47423 | B21: 4023399.8 | C21: 1
A22: 47453 | B22: 4057095.6 | C22: 1
... A70: 48914 | B70: 4581822.9 | C70: 1
A71: TOTAL | B71: =SUM(B11:B70) -> 2.526039e+08
A73: NOMBRE Y FIRMA DEL REPRESENTANTE LEGAL
A74: AGENTE PROPONENTE
