Workbook

Sheet Anexo 1
B3: ANEXO No 1 - PRODUCTO No. 1 - OFERTA PLANA
B4: PAGUE LO CONTRATADO AÑO 2026
B5: PRECIO OFERTADO EN $ / kWh DE OCTUBRE DE 2025
B8: MES | C8: ENERGIA MAXIMA A OFERTAR kWh/MES | D8: kWh OFERTADO | E8: ENERGIA OFERTADA kWh/MES | F8: PRECIO OFERTADO ANUAL $/kWh
A9: 500
A10: 28 | B10: 46054 | C10: =+'Anexo 3'!AC6 -> 1780800 | E10: =+$D$10*A10*24 -> 0
A11: 31 | B11: 46082 | C11: =+'Anexo 3'!AC9 -> 1971600 | E11: =+$D$10*A11*24 -> 0
A12: 30 | B12: 46113 | C12: =+'Anexo 3'!AC12 -> 1908000 | E12: =+$D$10*A12*24 -> 0
A13: 31 | B13: 46143 | C13: =+'Anexo 3'!AC15 -> 1971600 | E13: =+$D$10*A13*24 -> 0
A14: 30 | B14: 46174 | C14: =+'Anexo 3'!AC18 -> 1908000 | E14: =+$D$10*A14*24 -> 0
A15: 31 | B15: 46204 | C15: =+'Anexo 3'!AC21 -> 1971600 | E15: =+$D$10*A15*24 -> 0
A16: 31 | B16: 46235 | C16: =+'Anexo 3'!AC24 -> 1971600 | E16: =+$D$10*A16*24 -> 0
A17: 30 | B17: 46266 | C17: =+'Anexo 3'!AC27 -> 1908000 | E17: =+$D$10*A17*24 -> 0
A18: 31 | B18: 46296 | C18: =+'Anexo 3'!AC30 -> 1971600 | E18: =+$D$10*A18*24 -> 0
A19: 30 | B19: 46327 | C19: =+'Anexo 3'!AC33 -> 1908000 | E19: =+$D$10*A19*24 -> 0
A20: 31 | B20: 46357 | C20: =+'Anexo 3'!AC36 -> 1971600 | E20: =+$D$10*A20*24 -> 0
B21: TOTAL | C21: =+SUM(C10:C20) -> 21242400 | E21: =SUM(E10:E20) -> 0 | F21: =+F10 -> 0
B22: *Solo se debe ingresar valores en las celdas en color Naranja
B23: * Se debe oferta un valor de kWh el cual se aplica para todas las horas del año, con un tope horario de 2.650 kWh
B24: * Se debe ofertar un unico precio por producto.
B25: * La energia ofertada se calcula de manera automatica en la hoja "Cantidades Ofertadas Prod1"
B28: ____________________________________________
B29: Firma del Representante Legal
B30: o Apoderado General (Responsable del negocio)

Sheet Anexo 3
A1: CURVAS REQUERIDAS PRODUCTO 1 AÑO 2026 MODALIDAD PAGUE LO CONTRATADO - kWh
A4: Periodo | B4: Tipo de día | C4: H01 | D4: H02 | E4: H03 | F4: H04 | G4: H05 | H4: H06 | I4: H07 | J4: H08 | K4: H09 | L4: H10 | M4: H11 | N4: H12 | O4: H13 | P4: H14 | Q4: H15 | R4: H16 | S4: H17 | T4: H18 | U4: H19 | V4: H20 | W4: H21 | X4: H22 | Y4: H23 | Z4: H24 | AA4: TOTAL DÍA | AB4: Días/ | AC4: TOTAL MES
AB5: mes
A6: 46054 | B6: O | C6: 2650 | D6: 2650 | E6: 2650 | F6: 2650 | G6: 2650 | H6: 2650 | I6: 2650 | J6: 2650 | K6: 2650 | L6: 2650 | M6: 2650 | N6: 2650 | O6: 2650 | P6: 2650 | Q6: 2650 | R6: 2650 | S6: 2650 | T6: 2650 | U6: 2650 | V6: 2650 | W6: 2650 | X6: 2650 | Y6: 2650 | Z6: 2650 | AA6: =SUM(C6:Z6) -> 63600 | AB6: 20 | AC6: =+AA6*AB6+AA7*AB7+AA8*AB8 -> 1780800
B7: S | C7: 2650 | D7: 2650 | E7: 2650 | F7: 2650 | G7: 2650 | H7: 2650 | I7: 2650 | J7: 2650 | K7: 2650 | L7: 2650 | M7: 2650 | N7: 2650 | O7: 2650 | P7: 2650 | Q7: 2650 | R7: 2650 | S7: 2650 | T7: 2650 | U7: 2650 | V7: 2650 | W7: 2650 | X7: 2650 | Y7: 2650 | Z7: 2650 | AA7: =SUM(C7:Z7) -> 63600 | AB7: 4
B8: F | C8: 2650 | D8: 2650 | E8: 2650 | F8: 2650 | G8: 2650 | H8: 2650 | I8: 2650 | J8: 2650 | K8: 2650 | L8: 2650 | M8: 2650 | N8: 2650 | O8: 2650 | P8: 2650 | Q8: 2650 | R8: 2650 | S8: 2650 | T8: 2650 | U8: 2650 | V8: 2650 | W8: 2650 | X8: 2650 | Y8: 2650 | Z8: 2650 | AA8: =SUM(C8:Z8) -> 63600 | AB8: 4
A9: 46082 | B9: O | C9: 2650 | D9: 2650 | E9: 2650 | F9: 2650 | G9: 2650 | H9: 2650 | I9: 2650 | J9: 2650 | K9: 2650 | L9: 2650 | M9: 2650 | N9: 2650 | O9: 2650 | P9: 2650 | Q9: 2650 | R9: 2650 | S9: 2650 | T9: 2650 | U9: 2650 | V9: 2650 | W9: 2650 | X9: 2650 | Y9: 2650 | Z9: 2650 | AA9: =SUM(C9:Z9) -> 63600 | AB9: 21 | AC9: =+AA9*AB9+AA10*AB10+AA11*AB11 -> 1971600
B10: S | C10: 2650 | D10: 2650 | E10: 2650 | F10: 2650 | G10: 2650 | H10: 2650 | I10: 2650 | J10: 2650 | K10: 2650 | L10: 2650 | M10: 2650 | N10: 2650 | O10: 2650 | P10: 2650 | Q10: 2650 | R10: 2650 | S10: 2650 | T10: 2650 | U10: 2650 | V10: 2650 | W10: 2650 | X10: 2650 | Y10: 2650 | Z10: 2650 | AA10: =SUM(C10:Z10) -> 63600 | AB10: 4
B11: F | C11: 2650 | D11: 2650 | E11: 2650 | F11: 2650 | G11: 2650 | H11: 2650 | I11: 2650 | J11: 2650 | K11: 2650 | L11: 2650 | M11: 2650 | N11: 2650 | O11: 2650 | P11: 2650 | Q11: 2650 | R11: 2650 | S11: 2650 | T11: 2650 | U11: 2650 | V11: 2650 | W11: 2650 | X11: 2650 | Y11: 2650 | Z11: 2650 | AA11: =SUM(C11:Z11) -> 63600 | AB11: 6
A12: 46113 | B12: O | C12: 2650 | D12: 2650 | E12: 2650 | F12: 2650 | G12: 2650 | H12: 2650 | I12: 2650 | J12: 2650 | K12: 2650 | L12: 2650 | M12: 2650 | N12: 2650 | O12: 2650 | P12: 2650 | Q12: 2650 | R12: 2650 | S12: 2650 | T12: 2650 | U12: 2650 | V12: 2650 | W12: 2650 | X12: 2650 | Y12: 2650 | Z12: 2650 | AA12: =SUM(C12:Z12) -> 63600 | AB12: 20 | AC12: =+AA12*AB12+AA13*AB13+AA14*AB14 -> 1908000
B13: S | C13: 2650 | D13: 2650 | E13: 2650 | F13: 2650 | G13: 2650 | H13: 2650 | I13: 2650 | J13: 2650 | K13: 2650 | L13: 2650 | M13: 2650 | N13: 2650 | O13: 2650 | P13: 2650 | Q13: 2650 | R13: 2650 | S13: 2650 | T13: 2650 | U13: 2650 | V13: 2650 | W13: 2650 | X13: 2650 | Y13: 2650 | Z13: 2650 | AA13: =SUM(C13:Z13) -> 63600 | AB13: 4
B14: F | C14: 2650 | D14: 2650 | E14: 2650 | F14: 2650 | G14: 2650 | H14: 2650 | I14: 2650 | J14: 2650 | K14: 2650 | L14: 2650 | M14: 2650 | N14: 2650 | O14: 2650 | P14: 2650 | Q14: 2650 | R14: 2650 | S14: 2650 | T14: 2650 | U14: 2650 | V14: 2650 | W14: 2650 | X14: 2650 | Y14: 2650 | Z14: 2650 | AA14: =SUM(C14:Z14) -> 63600 | AB14: 6
A15: 46143 | B15: O | C15: 2650 | D15: 2650 | E15: 2650 | F15: 2650 | G15: 2650 | H15: 2650 | I15: 2650 | J15: 2650 | K15: 2650 | L15: 2650 | M15: 2650 | N15: 2650 | O15: 2650 | P15: 2650 | Q15: 2650 | R15: 2650 | S15: 2650 | T15: 2650 | U15: 2650 | V15: 2650 | W15: 2650 | X15: 2650 | Y15: 2650 | Z15: 2650 | AA15: =SUM(C15:Z15) -> 63600 | AB15: 19 | AC15: =+AA15*AB15+AA16*AB16+AA17*AB17 -> 1971600
B16: S | C16: 2650 | D16: 2650 | E16: 2650 | F16: 2650 | G16: 2650 | H16: 2650 | I16: 2650 | J16: 2650 | K16: 2650 | L16: 2650 | M16: 2650 | N16: 2650 | O16: 2650 | P16: 2650 | Q16: 2650 | R16: 2650 | S16: 2650 | T16: 2650 | U16: 2650 | V16: 2650 | W16: 2650 | X16: 2650 | Y16: 2650 | Z16: 2650 | AA16: =SUM(C16:Z16) -> 63600 | AB16: 5
B17: F | C17: 2650 | D17: 2650 | E17: 2650 | F17: 2650 | G17: 2650 | H17: 2650 | I17: 2650 | J17: 2650 | K17: 2650 | L17: 2650 | M17: 2650 | N17: 2650 | O17: 2650 | P17: 2650 | Q17: 2650 | R17: 2650 | S17: 2650 | T17: 2650 | U17: 2650 | V17: 2650 | W17: 2650 | X17: 2650 | Y17: 2650 | Z17: 2650 | AA17: =SUM(C17:Z17) -> 63600 | AB17: 7
A18: 46174 | B18: O | C18: 2650 | D18: 2650 | E18: 2650 | F18: 2650 | G18: 2650 | H18: 2650 | I18: 2650 | J18: 2650 | K18: 2650 | L18: 2650 | M18: 2650 | N18: 2650 | O18: 2650 | P18: 2650 | Q18: 2650 | R18: 2650 | S18: 2650 | T18: 2650 | U18: 2650 | V18: 2650 | W18: 2650 | X18: 2650 | Y18: 2650 | Z18: 2650 | AA18: =SUM(C18:Z18) -> 63600 | AB18: 19 | AC18: =+AA18*AB18+AA19*AB19+AA20*AB20 -> 1908000
B19: S | C19: 2650 | D19: 2650 | E19: 2650 | F19: 2650 | G19: 2650 | H19: 2650 | I19: 2650 | J19: 2650 | K19: 2650 | L19: 2650 | M19: 2650 | N19: 2650 | O19: 2650 | P19: 2650 | Q19: 2650 | R19: 2650 | S19: 2650 | T19: 2650 | U19: 2650 | V19: 2650 | W19: 2650 | X19: 2650 | Y19: 2650 | Z19: 2650 | AA19: =SUM(C19:Z19) -> 63600 | AB19: 4
B20: F | C20: 2650 | D20: 2650 | E20: 2650 | F20: 2650 | G20: 2650 | H20: 2650 | I20: 2650 | J20: 2650 | K20: 2650 | L20: 2650 | M20: 2650 | N20: 2650 | O20: 2650 | P20: 2650 | Q20: 2650 | R20: 2650 | S20: 2650 | T20: 2650 | U20: 2650 | V20: 2650 | W20: 2650 | X20: 2650 | Y20: 2650 | Z20: 2650 | AA20: =SUM(C20:Z20) -> 63600 | AB20: 7
A21: 46204 | B21: O | C21: 2650 | D21: 2650 | E21: 2650 | F21: 2650 | G21: 2650 | H21: 2650 | I21: 2650 | J21: 2650 | K21: 2650 | L21: 2650 | M21: 2650 | N21: 2650 | O21: 2650 | P21: 2650 | Q21: 2650 | R21: 2650 | S21: 2650 | T21: 2650 | U21: 2650 | V21: 2650 | W21: 2650 | X21: 2650 | Y21: 2650 | Z21: 2650 | AA21: =SUM(C21:Z21) -> 63600 | AB21: 22 | AC21: =+AA21*AB21+AA22*AB22+AA23*AB23 -> 1971600
B22: S | C22: 2650 | D22: 2650 | E22: 2650 | F22: 2650 | G22: 2650 | H22: 2650 | I22: 2650 | J22: 2650 | K22: 2650 | L22: 2650 | M22: 2650 | N22: 2650 | O22: 2650 | P22: 2650 | Q22: 2650 | R22: 2650 | S22: 2650 | T22: 2650 | U22: 2650 | V22: 2650 | W22: 2650 | X22: 2650 | Y22: 2650 | Z22: 2650 | AA22: =SUM(C22:Z22) -> 63600 | AB22: 4
B23: F | C23: 2650 | D23: 2650 | E23: 2650 | F23: 2650 | G23: 2650 | H23: 2650 | I23: 2650 | J23: 2650 | K23: 2650 | L23: 2650 | M23: 2650 | N23: 2650 | O23: 2650 | P23: 2650 | Q23: 2650 | R23: 2650 | S23: 2650 | T23: 2650 | U23: 2650 | V23: 2650 | W23: 2650 | X23: 2650 | Y23: 2650 | Z23: 2650 | AA23: =SUM(C23:Z23) -> 63600 | AB23: 5
A24: 46235 | B24: O | C24: 2650 | D24: 2650 | E24: 2650 | F24: 2650 | G24: 2650 | H24: 2650 | I24: 2650 | J24: 2650 | K24: 2650 | L24: 2650 | M24: 2650 | N24: 2650 | O24: 2650 | P24: 2650 | Q24: 2650 | R24: 2650 | S24: 2650 | T24: 2650 | U24: 2650 | V24: 2650 | W24: 2650 | X24: 2650 | Y24: 2650 | Z24: 2650 | AA24: =SUM(C24:Z24) -> 63600 | AB24: 19 | AC24: =+AA24*AB24+AA25*AB25+AA26*AB26 -> 1971600
B25: S | C25: 2650 | D25: 2650 | E25: 2650 | F25: 2650 | G25: 2650 | H25: 2650 | I25: 2650 | J25: 2650 | K25: 2650 | L25: 2650 | M25: 2650 | N25: 2650 | O25: 2650 | P25: 2650 | Q25: 2650 | R25: 2650 | S25: 2650 | T25: 2650 | U25: 2650 | V25: 2650 | W25: 2650 | X25: 2650 | Y25: 2650 | Z25: 2650 | AA25: =SUM(C25:Z25) -> 63600 | AB25: 5
B26: F | C26: 2650 | D26: 2650 | E26: 2650 | F26: 2650 | G26: 2650 | H26: 2650 | I26: 2650 | J26: 2650 | K26: 2650 | L26: 2650 | M26: 2650 | N26: 2650 | O26: 2650 | P26: 2650 | Q26: 2650 | R26: 2650 | S26: 2650 | T26: 2650 | U26: 2650 | V26: 2650 | W26: 2650 | X26: 2650 | Y26: 2650 | Z26: 2650 | AA26: =SUM(C26:Z26) -> 63600 | AB26: 7
A27: 46266 | B27: O | C27: 2650 | D27: 2650 | E27: 2650 | F27: 2650 | G27: 2650 | H27: 2650 | I27: 2650 | J27: 2650 | K27: 2650 | L27: 2650 | M27: 2650 | N27: 2650 | O27: 2650 | P27: 2650 | Q27: 2650 | R27: 2650 | S27: 2650 | T27: 2650 | U27: 2650 | V27: 2650 | W27: 2650 | X27: 2650 | Y27: 2650 | Z27: 2650 | AA27: =SUM(C27:Z27) -> 63600 | AB27: 22 | AC27: =+AA27*AB27+AA28*AB28+AA29*AB29 -> 1908000
B28: S | C28: 2650 | D28: 2650 | E28: 2650 | F28: 2650 | G28: 2650 | H28: 2650 | I28: 2650 | J28: 2650 | K28: 2650 | L28: 2650 | M28: 2650 | N28: 2650 | O28: 2650 | P28: 2650 | Q28: 2650 | R28: 2650 | S28: 2650 | T28: 2650 | U28: 2650 | V28: 2650 | W28: 2650 | X28: 2650 | Y28: 2650 | Z28: 2650 | AA28: =SUM(C28:Z28) -> 63600 | AB28: 4
B29: F | C29: 2650 | D29: 2650 | E29: 2650 | F29: 2650 | G29: 2650 | H29: 2650 | I29: 2650 | J29: 2650 | K29: 2650 | L29: 2650 | M29: 2650 | N29: 2650 | O29: 2650 | P29: 2650 | Q29: 2650 | R29: 2650 | S29: 2650 | T29: 2650 | U29: 2650 | V29: 2650 | W29: 2650 | X29: 2650 | Y29: 2650 | Z29: 2650 | AA29: =SUM(C29:Z29) -> 63600 | AB29: 4
A30: 46296 | B30: O | C30: 2650 | D30: 2650 | E30: 2650 | F30: 2650 | G30: 2650 | H30: 2650 | I30: 2650 | J30: 2650 | K30: 2650 | L30: 2650 | M30: 2650 | N30: 2650 | O30: 2650 | P30: 2650 | Q30: 2650 | R30: 2650 | S30: 2650 | T30: 2650 | U30: 2650 | V30: 2650 | W30: 2650 | X30: 2650 | Y30: 2650 | Z30: 2650 | AA30: =SUM(C30:Z30) -> 63600 | AB30: 21 | AC30: =+AA30*AB30+AA31*AB31+AA32*AB32 -> 1971600
B31: S | C31: 2650 | D31: 2650 | E31: 2650 | F31: 2650 | G31: 2650 | H31: 2650 | I31: 2650 | J31: 2650 | K31: 2650 | L31: 2650 | M31: 2650 | N31: 2650 | O31: 2650 | P31: 2650 | Q31: 2650 | R31: 2650 | S31: 2650 | T31: 2650 | U31: 2650 | V31: 2650 | W31: 2650 | X31: 2650 | Y31: 2650 | Z31: 2650 | AA31: =SUM(C31:Z31) -> 63600 | AB31: 5
B32: F | C32: 2650 | D32: 2650 | E32: 2650 | F32: 2650 | G32: 2650 | H32: 2650 | I32: 2650 | J32: 2650 | K32: 2650 | L32: 2650 | M32: 2650 | N32: 2650 | O32: 2650 | P32: 2650 | Q32: 2650 | R32: 2650 | S32: 2650 | T32: 2650 | U32: 2650 | V32: 2650 | W32: 2650 | X32: 2650 | Y32: 2650 | Z32: 2650 | AA32: =SUM(C32:Z32) -> 63600 | AB32: 5
A33: 46327 | B33: O | C33: 2650 | D33: 2650 | E33: 2650 | F33: 2650 | G33: 2650 | H33: 2650 | I33: 2650 | J33: 2650 | K33: 2650 | L33: 2650 | M33: 2650 | N33: 2650 | O33: 2650 | P33: 2650 | Q33: 2650 | R33: 2650 | S33: 2650 | T33: 2650 | U33: 2650 | V33: 2650 | W33: 2650 | X33: 2650 | Y33: 2650 | Z33: 2650 | AA33: =SUM(C33:Z33) -> 63600 | AB33: 19 | AC33: =+AA33*AB33+AA34*AB34+AA35*AB35 -> 1908000
B34: S | C34: 2650 | D34: 2650 | E34: 2650 | F34: 2650 | G34: 2650 | H34: 2650 | I34: 2650 | J34: 2650 | K34: 2650 | L34: 2650 | M34: 2650 | N34: 2650 | O34: 2650 | P34: 2650 | Q34: 2650 | R34: 2650 | S34: 2650 | T34: 2650 | U34: 2650 | V34: 2650 | W34: 2650 | X34: 2650 | Y34: 2650 | Z34: 2650 | AA34: =SUM(C34:Z34) -> 63600 | AB34: 4
B35: F | C35: 2650 | D35: 2650 | E35: 2650 | F35: 2650 | G35: 2650 | H35: 2650 | I35: 2650 | J35: 2650 | K35: 2650 | L35: 2650 | M35: 2650 | N35: 2650 | O35: 2650 | P35: 2650 | Q35: 2650 | R35: 2650 | S35: 2650 | T35: 2650 | U35: 2650 | V35: 2650 | W35: 2650 | X35: 2650 | Y35: 2650 | Z35: 2650 | AA35: =SUM(C35:Z35) -> 63600 | AB35: 7
A36: 46357 | B36: O | C36: 2650 | D36: 2650 | E36: 2650 | F36: 2650 | G36: 2650 | H36: 2650 | I36: 2650 | J36: 2650 | K36: 2650 | L36: 2650 | M36: 2650 | N36: 2650 | O36: 2650 | P36: 2650 | Q36: 2650 | R36: 2650 | S36: 2650 | T36: 2650 | U36: 2650 | V36: 2650 | W36: 2650 | X36: 2650 | Y36: 2650 | Z36: 2650 | AA36: =SUM(C36:Z36) -> 63600 | AB36: 21 | AC36: =+AA36*AB36+AA37*AB37+AA38*AB38 -> 1971600
B37: S | C37: 2650 | D37: 2650 | E37: 2650 | F37: 2650 | G37: 2650 | H37: 2650 | I37: 2650 | J37: 2650 | K37: 2650 | L37: 2650 | M37: 2650 | N37: 2650 | O37: 2650 | P37: 2650 | Q37: 2650 | R37: 2650 | S37: 2650 | T37: 2650 | U37: 2650 | V37: 2650 | W37: 2650 | X37: 2650 | Y37: 2650 | Z37: 2650 | AA37: =SUM(C37:Z37) -> 63600 | AB37: 4
B38: F | C38: 2650 | D38: 2650 | E38: 2650 | F38: 2650 | G38: 2650 | H38: 2650 | I38: 2650 | J38: 2650 | K38: 2650 | L38: 2650 | M38: 2650 | N38: 2650 | O38: 2650 | P38: 2650 | Q38: 2650 | R38: 2650 | S38: 2650 | T38: 2650 | U38: 2650 | V38: 2650 | W38: 2650 | X38: 2650 | Y38: 2650 | Z38: 2650 | AA38: =SUM(C38:Z38) -> 63600 | AB38: 6
A39: TOTAL AÑO | C39: =+SUM(C6:C38) -> 87450 | D39: =+SUM(D6:D38) -> 87450 | E39: =+SUM(E6:E38) -> 87450 | F39: =+SUM(F6:F38) -> 87450 | G39: =+SUM(G6:G38) -> 87450 | H39: =+SUM(H6:H38) -> 87450 | I39: =+SUM(I6:I38) -> 87450 | J39: =+SUM(J6:J38) -> 87450 | ... AC39: =+SUM(AC6:AC38) -> 21242400

Sheet Cantidades Ofertadas Prod 1
A1: CANTIDADES OFERTADAS PRODUCTO 1 AÑO 2026 MODALIDAD PAGUE LO CONTRATADO - kWh
A4: Periodo | B4: Tipo de día | C4: H01 | D4: H02 | E4: H03 | F4: H04 | G4: H05 | H4: H06 | I4: H07 | J4: H08 | K4: H09 | L4: H10 | M4: H11 | N4: H12 | O4: H13 | P4: H14 | Q4: H15 | R4: H16 | S4: H17 | T4: H18 | U4: H19 | V4: H20 | W4: H21 | X4: H22 | Y4: H23 | Z4: H24 | AA4: TOTAL DÍA | AB4: Días/ | AC4: TOTAL MES
AB5: mes
A6: 46054 | B6: O | C6: =+'Anexo 1'!$D$10 -> 0 | D6: =+'Anexo 1'!$D$10 -> 0 | E6: =+'Anexo 1'!$D$10 -> 0 | F6: =+'Anexo 1'!$D$10 -> 0 | G6: =+'Anexo 1'!$D$10 -> 0 | H6: =+'Anexo 1'!$D$10 -> 0 | I6: =+'Anexo 1'!$D$10 -> 0 | J6: =+'Anexo 1'!$D$10 -> 0 | ... Z6: =+'Anexo 1'!$D$10 -> 0 | AA6: =SUM(C6:Z6) -> 0 | AB6: 20 | AC6: =+AA6*AB6+AA7*AB7+AA8*AB8 -> 0
B7: S | C7: =+'Anexo 1'!$D$10 -> 0 | D7: =+'Anexo 1'!$D$10 -> 0 | E7: =+'Anexo 1'!$D$10 -> 0 | F7: =+'Anexo 1'!$D$10 -> 0 | G7: =+'Anexo 1'!$D$10 -> 0 | H7: =+'Anexo 1'!$D$10 -> 0 | I7: =+'Anexo 1'!$D$10 -> 0 | J7: =+'Anexo 1'!$D$10 -> 0 | ... Z7: =+'Anexo 1'!$D$10 -> 0 | AA7: =SUM(C7:Z7) -> 0 | AB7: 4
B8: F | C8: =+'Anexo 1'!$D$10 -> 0 | D8: =+'Anexo 1'!$D$10 -> 0 | E8: =+'Anexo 1'!$D$10 -> 0 | F8: =+'Anexo 1'!$D$10 -> 0 | G8: =+'Anexo 1'!$D$10 -> 0 | H8: =+'Anexo 1'!$D$10 -> 0 | I8: =+'Anexo 1'!$D$10 -> 0 | J8: =+'Anexo 1'!$D$10 -> 0 | ... Z8: =+'Anexo 1'!$D$10 -> 0 | AA8: =SUM(C8:Z8) -> 0 | AB8: 4
A9: 46082 | B9: O | C9: =+'Anexo 1'!$D$10 -> 0 | D9: =+'Anexo 1'!$D$10 -> 0 | E9: =+'Anexo 1'!$D$10 -> 0 | F9: =+'Anexo 1'!$D$10 -> 0 | G9: =+'Anexo 1'!$D$10 -> 0 | H9: =+'Anexo 1'!$D$10 -> 0 | I9: =+'Anexo 1'!$D$10 -> 0 | J9: =+'Anexo 1'!$D$10 -> 0 | ... Z9: =+'Anexo 1'!$D$10 -> 0 | AA9: =SUM(C9:Z9) -> 0 | AB9: 21 | AC9: =+AA9*AB9+AA10*AB10+AA11*AB11 -> 0
B10: S | C10: =+'Anexo 1'!$D$10 -> 0 | D10: =+'Anexo 1'!$D$10 -> 0 | E10: =+'Anexo 1'!$D$10 -> 0 | F10: =+'Anexo 1'!$D$10 -> 0 | G10: =+'Anexo 1'!$D$10 -> 0 | H10: =+'Anexo 1'!$D$10 -> 0 | I10: =+'Anexo 1'!$D$10 -> 0 | J10: =+'Anexo 1'!$D$10 -> 0 | ... Z10: =+'Anexo 1'!$D$10 -> 0 | AA10: =SUM(C10:Z10) -> 0 | AB10: 4
B11: F | C11: =+'Anexo 1'!$D$10 -> 0 | D11: =+'Anexo 1'!$D$10 -> 0 | E11: =+'Anexo 1'!$D$10 -> 0 | F11: =+'Anexo 1'!$D$10 -> 0 | G11: =+'Anexo 1'!$D$10 -> 0 | H11: =+'Anexo 1'!$D$10 -> 0 | I11: =+'Anexo 1'!$D$10 -> 0 | J11: =+'Anexo 1'!$D$10 -> 0 | ... Z11: =+'Anexo 1'!$D$10 -> 0 | AA11: =SUM(C11:Z11) -> 0 | AB11: 6
A12: 46113 | B12: O | C12: =+'Anexo 1'!$D$10 -> 0 | D12: =+'Anexo 1'!$D$10 -> 0 | E12: =+'Anexo 1'!$D$10 -> 0 | F12: =+'Anexo 1'!$D$10 -> 0 | G12: =+'Anexo 1'!$D$10 -> 0 | H12: =+'Anexo 1'!$D$10 -> 0 | I12: =+'Anexo 1'!$D$10 -> 0 | J12: =+'Anexo 1'!$D$10 -> 0 | ... Z12: =+'Anexo 1'!$D$10 -> 0 | AA12: =SUM(C12:Z12) -> 0 | AB12: 20 | AC12: =+AA12*AB12+AA13*AB13+AA14*AB14 -> 0
B13: S | C13: =+'Anexo 1'!$D$10 -> 0 | D13: =+'Anexo 1'!$D$10 -> 0 | E13: =+'Anexo 1'!$D$10 -> 0 | F13: =+'Anexo 1'!$D$10 -> 0 | G13: =+'Anexo 1'!$D$10 -> 0 | H13: =+'Anexo 1'!$D$10 -> 0 | I13: =+'Anexo 1'!$D$10 -> 0 | J13: =+'Anexo 1'!$D$10 -> 0 | ... Z13: =+'Anexo 1'!$D$10 -> 0 | AA13: =SUM(C13:Z13) -> 0 | AB13: 4
B14: F | C14: =+'Anexo 1'!$D$10 -> 0 | D14: =+'Anexo 1'!$D$10 -> 0 | E14: =+'Anexo 1'!$D$10 -> 0 | F14: =+'Anexo 1'!$D$10 -> 0 | G14: =+'Anexo 1'!$D$10 -> 0 | H14: =+'Anexo 1'!$D$10 -> 0 | I14: =+'Anexo 1'!$D$10 -> 0 | J14: =+'Anexo 1'!$D$10 -> 0 | ... Z14: =+'Anexo 1'!$D$10 -> 0 | AA14: =SUM(C14:Z14) -> 0 | AB14: 6
A15: 46143 | B15: O | C15: =+'Anexo 1'!$D$10 -> 0 | D15: =+'Anexo 1'!$D$10 -> 0 | E15: =+'Anexo 1'!$D$10 -> 0 | F15: =+'Anexo 1'!$D$10 -> 0 | G15: =+'Anexo 1'!$D$10 -> 0 | H15: =+'Anexo 1'!$D$10 -> 0 | I15: =+'Anexo 1'!$D$10 -> 0 | J15: =+'Anexo 1'!$D$10 -> 0 | ... Z15: =+'Anexo 1'!$D$10 -> 0 | AA15: =SUM(C15:Z15) -> 0 | AB15: 19 | AC15: =+AA15*AB15+AA16*AB16+AA17*AB17 -> 0
B16: S | C16: =+'Anexo 1'!$D$10 -> 0 | D16: =+'Anexo 1'!$D$10 -> 0 | E16: =+'Anexo 1'!$D$10 -> 0 | F16: =+'Anexo 1'!$D$10 -> 0 | G16: =+'Anexo 1'!$D$10 -> 0 | H16: =+'Anexo 1'!$D$10 -> 0 | I16: =+'Anexo 1'!$D$10 -> 0 | J16: =+'Anexo 1'!$D$10 -> 0 | ... Z16: =+'Anexo 1'!$D$10 -> 0 | AA16: =SUM(C16:Z16) -> 0 | AB16: 5
B17: F | C17: =+'Anexo 1'!$D$10 -> 0 | D17: =+'Anexo 1'!$D$10 -> 0 | E17: =+'Anexo 1'!$D$10 -> 0 | F17: =+'Anexo 1'!$D$10 -> 0 | G17: =+'Anexo 1'!$D$10 -> 0 | H17: =+'Anexo 1'!$D$10 -> 0 | I17: =+'Anexo 1'!$D$10 -> 0 | J17: =+'Anexo 1'!$D$10 -> 0 | ... Z17: =+'Anexo 1'!$D$10 -> 0 | AA17: =SUM(C17:Z17) -> 0 | AB17: 7
A18: 46174 | B18: O | C18: =+'Anexo 1'!$D$10 -> 0 | D18: =+'Anexo 1'!$D$10 -> 0 | E18: =+'Anexo 1'!$D$10 -> 0 | F18: =+'Anexo 1'!$D$10 -> 0 | G18: =+'Anexo 1'!$D$10 -> 0 | H18: =+'Anexo 1'!$D$10 -> 0 | I18: =+'Anexo 1'!$D$10 -> 0 | J18: =+'Anexo 1'!$D$10 -> 0 | ... Z18: =+'Anexo 1'!$D$10 -> 0 | AA18: =SUM(C18:Z18) -> 0 | AB18: 19 | AC18: =+AA18*AB18+AA19*AB19+AA20*AB20 -> 0
B19: S | C19: =+'Anexo 1'!$D$10 -> 0 | D19: =+'Anexo 1'!$D$10 -> 0 | E19: =+'Anexo 1'!$D$10 -> 0 | F19: =+'Anexo 1'!$D$10 -> 0 | G19: =+'Anexo 1'!$D$10 -> 0 | H19: =+'Anexo 1'!$D$10 -> 0 | I19: =+'Anexo 1'!$D$10 -> 0 | J19: =+'Anexo 1'!$D$10 -> 0 | ... Z19: =+'Anexo 1'!$D$10 -> 0 | AA19: =SUM(C19:Z19) -> 0 | AB19: 4
B20: F | C20: =+'Anexo 1'!$D$10 -> 0 | D20: =+'Anexo 1'!$D$10 -> 0 | E20: =+'Anexo 1'!$D$10 -> 0 | F20: =+'Anexo 1'!$D$10 -> 0 | G20: =+'Anexo 1'!$D$10 -> 0 | H20: =+'Anexo 1'!$D$10 -> 0 | I20: =+'Anexo 1'!$D$10 -> 0 | J20: =+'Anexo 1'!$D$10 -> 0 | ... Z20: =+'Anexo 1'!$D$10 -> 0 | AA20: =SUM(C20:Z20) -> 0 | AB20: 7
A21: 46204 | B21: O | C21: =+'Anexo 1'!$D$10 -> 0 | D21: =+'Anexo 1'!$D$10 -> 0 | E21: =+'Anexo 1'!$D$10 -> 0 | F21: =+'Anexo 1'!$D$10 -> 0 | G21: =+'Anexo 1'!$D$10 -> 0 | H21: =+'Anexo 1'!$D$10 -> 0 | I21: =+'Anexo 1'!$D$10 -> 0 | J21: =+'Anexo 1'!$D$10 -> 0 | ... Z21: =+'Anexo 1'!$D$10 -> 0 | AA21: =SUM(C21:Z21) -> 0 | AB21: 22 | AC21: =+AA21*AB21+AA22*AB22+AA23*AB23 -> 0
B22: S | C22: =+'Anexo 1'!$D$10 -> 0 | D22: =+'Anexo 1'!$D$10 -> 0 | E22: =+'Anexo 1'!$D$10 -> 0 | F22: =+'Anexo 1'!$D$10 -> 0 | G22: =+'Anexo 1'!$D$10 -> 0 | H22: =+'Anexo 1'!$D$10 -> 0 | I22: =+'Anexo 1'!$D$10 -> 0 | J22: =+'Anexo 1'!$D$10 -> 0 | ... Z22: =+'Anexo 1'!$D$10 -> 0 | AA22: =SUM(C22:Z22) -> 0 | AB22: 4
B23: F | C23: =+'Anexo 1'!$D$10 -> 0 | D23: =+'Anexo 1'!$D$10 -> 0 | E23: =+'Anexo 1'!$D$10 -> 0 | F23: =+'Anexo 1'!$D$10 -> 0 | G23: =+'Anexo 1'!$D$10 -> 0 | H23: =+'Anexo 1'!$D$10 -> 0 | I23: =+'Anexo 1'!$D$10 -> 0 | J23: =+'Anexo 1'!$D$10 -> 0 | ... Z23: =+'Anexo 1'!$D$10 -> 0 | AA23: =SUM(C23:Z23) -> 0 | AB23: 5
A24: 46235 | B24: O | C24: =+'Anexo 1'!$D$10 -> 0 | D24: =+'Anexo 1'!$D$10 -> 0 | E24: =+'Anexo 1'!$D$10 -> 0 | F24: =+'Anexo 1'!$D$10 -> 0 | G24: =+'Anexo 1'!$D$10 -> 0 | H24: =+'Anexo 1'!$D$10 -> 0 | I24: =+'Anexo 1'!$D$10 -> 0 | J24: =+'Anexo 1'!$D$10 -> 0 | ... Z24: =+'Anexo 1'!$D$10 -> 0 | AA24: =SUM(C24:Z24) -> 0 | AB24: 19 | AC24: =+AA24*AB24+AA25*AB25+AA26*AB26 -> 0
B25: S | C25: =+'Anexo 1'!$D$10 -> 0 | D25: =+'Anexo 1'!$D$10 -> 0 | E25: =+'Anexo 1'!$D$10 -> 0 | F25: =+'Anexo 1'!$D$10 -> 0 | G25: =+'Anexo 1'!$D$10 -> 0 | H25: =+'Anexo 1'!$D$10 -> 0 | I25: =+'Anexo 1'!$D$10 -> 0 | J25: =+'Anexo 1'!$D$10 -> 0 | ... Z25: =+'Anexo 1'!$D$10 -> 0 | AA25: =SUM(C25:Z25) -> 0 | AB25: 5
B26: F | C26: =+'Anexo 1'!$D$10 -> 0 | D26: =+'Anexo 1'!$D$10 -> 0 | E26: =+'Anexo 1'!$D$10 -> 0 | F26: =+'Anexo 1'!$D$10 -> 0 | G26: =+'Anexo 1'!$D$10 -> 0 | H26: =+'Anexo 1'!$D$10 -> 0 | I26: =+'Anexo 1'!$D$10 -> 0 | J26: =+'Anexo 1'!$D$10 -> 0 | ... Z26: =+'Anexo 1'!$D$10 -> 0 | AA26: =SUM(C26:Z26) -> 0 | AB26: 7
A27: 46266 | B27: O | C27: =+'Anexo 1'!$D$10 -> 0 | D27: =+'Anexo 1'!$D$10 -> 0 | E27: =+'Anexo 1'!$D$10 -> 0 | F27: =+'Anexo 1'!$D$10 -> 0 | G27: =+'Anexo 1'!$D$10 -> 0 | H27: =+'Anexo 1'!$D$10 -> 0 | I27: =+'Anexo 1'!$D$10 -> 0 | J27: =+'Anexo 1'!$D$10 -> 0 | ... Z27: =+'Anexo 1'!$D$10 -> 0 | AA27: =SUM(C27:Z27) -> 0 | AB27: 22 | AC27: =+AA27*AB27+AA28*AB28+AA29*AB29 -> 0
B28: S | C28: =+'Anexo 1'!$D$10 -> 0 | D28: =+'Anexo 1'!$D$10 -> 0 | E28: =+'Anexo 1'!$D$10 -> 0 | F28: =+'Anexo 1'!$D$10 -> 0 | G28: =+'Anexo 1'!$D$10 -> 0 | H28: =+'Anexo 1'!$D$10 -> 0 | I28: =+'Anexo 1'!$D$10 -> 0 | J28: =+'Anexo 1'!$D$10 -> 0 | ... Z28: =+'Anexo 1'!$D$10 -> 0 | AA28: =SUM(C28:Z28) -> 0 | AB28: 4
B29: F | C29: =+'Anexo 1'!$D$10 -> 0 | D29: =+'Anexo 1'!$D$10 -> 0 | E29: =+'Anexo 1'!$D$10 -> 0 | F29: =+'Anexo 1'!$D$10 -> 0 | G29: =+'Anexo 1'!$D$10 -> 0 | H29: =+'Anexo 1'!$D$10 -> 0 | I29: =+'Anexo 1'!$D$10 -> 0 | J29: =+'Anexo 1'!$D$10 -> 0 | ... Z29: =+'Anexo 1'!$D$10 -> 0 | AA29: =SUM(C29:Z29) -> 0 | AB29: 4
A30: 46296 | B30: O | C30: =+'Anexo 1'!$D$10 -> 0 | D30: =+'Anexo 1'!$D$10 -> 0 | E30: =+'Anexo 1'!$D$10 -> 0 | F30: =+'Anexo 1'!$D$10 -> 0 | G30: =+'Anexo 1'!$D$10 -> 0 | H30: =+'Anexo 1'!$D$10 -> 0 | I30: =+'Anexo 1'!$D$10 -> 0 | J30: =+'Anexo 1'!$D$10 -> 0 | ... Z30: =+'Anexo 1'!$D$10 -> 0 | AA30: =SUM(C30:Z30) -> 0 | AB30: 21 | AC30: =+AA30*AB30+AA31*AB31+AA32*AB32 -> 0
B31: S | C31: =+'Anexo 1'!$D$10 -> 0 | D31: =+'Anexo 1'!$D$10 -> 0 | E31: =+'Anexo 1'!$D$10 -> 0 | F31: =+'Anexo 1'!$D$10 -> 0 | G31: =+'Anexo 1'!$D$10 -> 0 | H31: =+'Anexo 1'!$D$10 -> 0 | I31: =+'Anexo 1'!$D$10 -> 0 | J31: =+'Anexo 1'!$D$10 -> 0 | ... Z31: =+'Anexo 1'!$D$10 -> 0 | AA31: =SUM(C31:Z31) -> 0 | AB31: 5
B32: F | C32: =+'Anexo 1'!$D$10 -> 0 | D32: =+'Anexo 1'!$D$10 -> 0 | E32: =+'Anexo 1'!$D$10 -> 0 | F32: =+'Anexo 1'!$D$10 -> 0 | G32: =+'Anexo 1'!$D$10 -> 0 | H32: =+'Anexo 1'!$D$10 -> 0 | I32: =+'Anexo 1'!$D$10 -> 0 | J32: =+'Anexo 1'!$D$10 -> 0 | ... Z32: =+'Anexo 1'!$D$10 -> 0 | AA32: =SUM(C32:Z32) -> 0 | AB32: 5
A33: 46327 | B33: O | C33: =+'Anexo 1'!$D$10 -> 0 | D33: =+'Anexo 1'!$D$10 -> 0 | E33: =+'Anexo 1'!$D$10 -> 0 | F33: =+'Anexo 1'!$D$10 -> 0 | G33: =+'Anexo 1'!$D$10 -> 0 | H33: =+'Anexo 1'!$D$10 -> 0 | I33: =+'Anexo 1'!$D$10 -> 0 | J33: =+'Anexo 1'!$D$10 -> 0 | ... Z33: =+'Anexo 1'!$D$10 -> 0 | AA33: =SUM(C33:Z33) -> 0 | AB33: 19 | AC33: =+AA33*AB33+AA34*AB34+AA35*AB35 -> 0
B34: S | C34: =+'Anexo 1'!$D$10 -> 0 | D34: =+'Anexo 1'!$D$10 -> 0 | E34: =+'Anexo 1'!$D$10 -> 0 | F34: =+'Anexo 1'!$D$10 -> 0 | G34: =+'Anexo 1'!$D$10 -> 0 | H34: =+'Anexo 1'!$D$10 -> 0 | I34: =+'Anexo 1'!$D$10 -> 0 | J34: =+'Anexo 1'!$D$10 -> 0 | ... Z34: =+'Anexo 1'!$D$10 -> 0 | AA34: =SUM(C34:Z34) -> 0 | AB34: 4
B35: F | C35: =+'Anexo 1'!$D$10 -> 0 | D35: =+'Anexo 1'!$D$10 -> 0 | E35: =+'Anexo 1'!$D$10 -> 0 | F35: =+'Anexo 1'!$D$10 -> 0 | G35: =+'Anexo 1'!$D$10 -> 0 | H35: =+'Anexo 1'!$D$10 -> 0 | I35: =+'Anexo 1'!$D$10 -> 0 | J35: =+'Anexo 1'!$D$10 -> 0 | ... Z35: =+'Anexo 1'!$D$10 -> 0 | AA35: =SUM(C35:Z35) -> 0 | AB35: 7
A36: 46357 | B36: O | C36: =+'Anexo 1'!$D$10 -> 0 | D36: =+'Anexo 1'!$D$10 -> 0 | E36: =+'Anexo 1'!$D$10 -> 0 | F36: =+'Anexo 1'!$D$10 -> 0 | G36: =+'Anexo 1'!$D$10 -> 0 | H36: =+'Anexo 1'!$D$10 -> 0 | I36: =+'Anexo 1'!$D$10 -> 0 | J36: =+'Anexo 1'!$D$10 -> 0 | ... Z36: =+'Anexo 1'!$D$10 -> 0 | AA36: =SUM(C36:Z36) -> 0 | AB36: 21 | AC36: =+AA36*AB36+AA37*AB37+AA38*AB38 -> 0
B37: S | C37: =+'Anexo 1'!$D$10 -> 0 | D37: =+'Anexo 1'!$D$10 -> 0 | E37: =+'Anexo 1'!$D$10 -> 0 | F37: =+'Anexo 1'!$D$10 -> 0 | G37: =+'Anexo 1'!$D$10 -> 0 | H37: =+'Anexo 1'!$D$10 -> 0 | I37: =+'Anexo 1'!$D$10 -> 0 | J37: =+'Anexo 1'!$D$10 -> 0 | ... Z37: =+'Anexo 1'!$D$10 -> 0 | AA37: =SUM(C37:Z37) -> 0 | AB37: 4
B38: F | C38: =+'Anexo 1'!$D$10 -> 0 | D38: =+'Anexo 1'!$D$10 -> 0 | E38: =+'Anexo 1'!$D$10 -> 0 | F38: =+'Anexo 1'!$D$10 -> 0 | G38: =+'Anexo 1'!$D$10 -> 0 | H38: =+'Anexo 1'!$D$10 -> 0 | I38: =+'Anexo 1'!$D$10 -> 0 | J38: =+'Anexo 1'!$D$10 -> 0 | ... Z38: =+'Anexo 1'!$D$10 -> 0 | AA38: =SUM(C38:Z38) -> 0 | AB38: 6
A39: TOTAL AÑO | C39: =+SUM(C6:C38) -> 0 | D39: =+SUM(D6:D38) -> 0 | E39: =+SUM(E6:E38) -> 0 | F39: =+SUM(F6:F38) -> 0 | G39: =+SUM(G6:G38) -> 0 | H39: =+SUM(H6:H38) -> 0 | I39: =+SUM(I6:I38) -> 0 | J39: =+SUM(J6:J38) -> 0 | ... AC39: =+SUM(AC6:AC38) -> 0

Sheet Anexo2
B3: ANEXO No 2 - PRODUCTO No.2 - OFERTA PLANA BLOQUE 2
B4: PAGUE LO CONTRATADO AÑO 2026
B5: PRECIO OFERTADO EN $ / kWh DE OCTUBRE DE 2025
B8: MES | C8: ENERGIA MAXIMA A OFERTAR kWh/MES | D8: kWh OFERTADO | E8: ENERGIA OFERTADA kWh/MES | F8: PRECIO OFERTADO ANUAL $/kWh
A9: 500
A10: 28 | B10: 46054 | C10: =+'Anexo 4'!AC6 -> 742000 | E10: =+$D$10*A10*10 -> 0
A11: 31 | B11: 46082 | C11: =+'Anexo 4'!AC9 -> 821500 | E11: =+$D$10*A11*10 -> 0
A12: 30 | B12: 46113 | C12: =+'Anexo 4'!AC12 -> 795000 | E12: =+$D$10*A12*10 -> 0
A13: 31 | B13: 46143 | C13: =+'Anexo 4'!AC15 -> 821500 | E13: =+$D$10*A13*10 -> 0
A14: 30 | B14: 46174 | C14: =+'Anexo 4'!AC18 -> 795000 | E14: =+$D$10*A14*10 -> 0
A15: 31 | B15: 46204 | C15: =+'Anexo 4'!AC21 -> 821500 | E15: =+$D$10*A15*10 -> 0
A16: 31 | B16: 46235 | C16: =+'Anexo 4'!AC24 -> 821500 | E16: =+$D$10*A16*10 -> 0
A17: 30 | B17: 46266 | C17: =+'Anexo 4'!AC27 -> 795000 | E17: =+$D$10*A17*10 -> 0
A18: 31 | B18: 46296 | C18: =+'Anexo 4'!AC30 -> 821500 | E18: =+$D$10*A18*10 -> 0
A19: 30 | B19: 46327 | C19: =+'Anexo 4'!AC33 -> 795000 | E19: =+$D$10*A19*10 -> 0
A20: 31 | B20: 46357 | C20: =+'Anexo 4'!AC36 -> 821500 | E20: =+$D$10*A20*10 -> 0
B21: TOTAL | C21: =+SUM(C10:C20) -> 8851000 | E21: =SUM(E10:E20) -> 0 | F21: =+F10 -> 0
B22: *Solo se debe ingresar valores en las celdas en color Naranja
B23: * Se debe oferta un valor de kWh el cual se aplica para todas las horas del bloque 2 del año, con un tope horario de 2.650 kWh
B24: * Se debe ofertar un unico precio por producto.
B25: * La energia ofertada se calcula de manera automatica en la hoja "Cantidades Ofertadas Prod2"
B28: ____________________________________________
B29: Firma del Representante Legal
B30: o Apoderado General (Responsable del negocio)

Sheet Anexo 4
A1: CURVAS REQUERIDAS PRODUCTO 2 AÑO 2026 MODALIDAD PAGUE LO CONTRATADO - kWh
A4: Periodo | B4: Tipo de día | C4: H01 | D4: H02 | E4: H03 | F4: H04 | G4: H05 | H4: H06 | I4: H07 | J4: H08 | K4: H09 | L4: H10 | M4: H11 | N4: H12 | O4: H13 | P4: H14 | Q4: H15 | R4: H16 | S4: H17 | T4: H18 | U4: H19 | V4: H20 | W4: H21 | X4: H22 | Y4: H23 | Z4: H24 | AA4: TOTAL DÍA | AB4: Días/ | AC4: TOTAL MES
AB5: mes
A6: 46054 | B6: O | C6: 0 | D6: 0 | E6: 0 | F6: 0 | G6: 0 | H6: 0 | I6: 0 | J6: 2650 | K6: 2650 | L6: 2650 | M6: 2650 | N6: 2650 | O6: 2650 | P6: 2650 | Q6: 2650 | R6: 2650 | S6: 2650 | T6: 0 | U6: 0 | V6: 0 | W6: 0 | X6: 0 | Y6: 0 | Z6: 0 | AA6: =SUM(C6:Z6) -> 26500 | AB6: 20 | AC6: =+AA6*AB6+AA7*AB7+AA8*AB8 -> 742000
B7: S | C7: 0 | D7: 0 | E7: 0 | F7: 0 | G7: 0 | H7: 0 | I7: 0 | J7: 2650 | K7: 2650 | L7: 2650 | M7: 2650 | N7: 2650 | O7: 2650 | P7: 2650 | Q7: 2650 | R7: 2650 | S7: 2650 | T7: 0 | U7: 0 | V7: 0 | W7: 0 | X7: 0 | Y7: 0 | Z7: 0 | AA7: =SUM(C7:Z7) -> 26500 | AB7: 4
B8: F | C8: 0 | D8: 0 | E8: 0 | F8: 0 | G8: 0 | H8: 0 | I8: 0 | J8: 2650 | K8: 2650 | L8: 2650 | M8: 2650 | N8: 2650 | O8: 2650 | P8: 2650 | Q8: 2650 | R8: 2650 | S8: 2650 | T8: 0 | U8: 0 | V8: 0 | W8: 0 | X8: 0 | Y8: 0 | Z8: 0 | AA8: =SUM(C8:Z8) -> 26500 | AB8: 4
A9: 46082 | B9: O | C9: 0 | D9: 0 | E9: 0 | F9: 0 | G9: 0 | H9: 0 | I9: 0 | J9: 2650 | K9: 2650 | L9: 2650 | M9: 2650 | N9: 2650 | O9: 2650 | P9: 2650 | Q9: 2650 | R9: 2650 | S9: 2650 | T9: 0 | U9: 0 | V9: 0 | W9: 0 | X9: 0 | Y9: 0 | Z9: 0 | AA9: =SUM(C9:Z9) -> 26500 | AB9: 21 | AC9: =+AA9*AB9+AA10*AB10+AA11*AB11 -> 821500
B10: S | C10: 0 | D10: 0 | E10: 0 | F10: 0 | G10: 0 | H10: 0 | I10: 0 | J10: 2650 | K10: 2650 | L10: 2650 | M10: 2650 | N10: 2650 | O10: 2650 | P10: 2650 | Q10: 2650 | R10: 2650 | S10: 2650 | T10: 0 | U10: 0 | V10: 0 | W10: 0 | X10: 0 | Y10: 0 | Z10: 0 | AA10: =SUM(C10:Z10) -> 26500 | AB10: 4
B11: F | C11: 0 | D11: 0 | E11: 0 | F11: 0 | G11: 0 | H11: 0 | I11: 0 | J11: 2650 | K11: 2650 | L11: 2650 | M11: 2650 | N11: 2650 | O11: 2650 | P11: 2650 | Q11: 2650 | R11: 2650 | S11: 2650 | T11: 0 | U11: 0 | V11: 0 | W11: 0 | X11: 0 | Y11: 0 | Z11: 0 | AA11: =SUM(C11:Z11) -> 26500 | AB11: 6
A12: 46113 | B12: O | C12: 0 | D12: 0 | E12: 0 | F12: 0 | G12: 0 | H12: 0 | I12: 0 | J12: 2650 | K12: 2650 | L12: 2650 | M12: 2650 | N12: 2650 | O12: 2650 | P12: 2650 | Q12: 2650 | R12: 2650 | S12: 2650 | T12: 0 | U12: 0 | V12: 0 | W12: 0 | X12: 0 | Y12: 0 | Z12: 0 | AA12: =SUM(C12:Z12) -> 26500 | AB12: 20 | AC12: =+AA12*AB12+AA13*AB13+AA14*AB14 -> 795000
B13: S | C13: 0 | D13: 0 | E13: 0 | F13: 0 | G13: 0 | H13: 0 | I13: 0 | J13: 2650 | K13: 2650 | L13: 2650 | M13: 2650 | N13: 2650 | O13: 2650 | P13: 2650 | Q13: 2650 | R13: 2650 | S13: 2650 | T13: 0 | U13: 0 | V13: 0 | W13: 0 | X13: 0 | Y13: 0 | Z13: 0 | AA13: =SUM(C13:Z13) -> 26500 | AB13: 4
B14: F | C14: 0 | D14: 0 | E14: 0 | F14: 0 | G14: 0 | H14: 0 | I14: 0 | J14: 2650 | K14: 2650 | L14: 2650 | M14: 2650 | N14: 2650 | O14: 2650 | P14: 2650 | Q14: 2650 | R14: 2650 | S14: 2650 | T14: 0 | U14: 0 | V14: 0 | W14: 0 | X14: 0 | Y14: 0 | Z14: 0 | AA14: =SUM(C14:Z14) -> 26500 | AB14: 6
A15: 46143 | B15: O | C15: 0 | D15: 0 | E15: 0 | F15: 0 | G15: 0 | H15: 0 | I15: 0 | J15: 2650 | K15: 2650 | L15: 2650 | M15: 2650 | N15: 2650 | O15: 2650 | P15: 2650 | Q15: 2650 | R15: 2650 | S15: 2650 | T15: 0 | U15: 0 | V15: 0 | W15: 0 | X15: 0 | Y15: 0 | Z15: 0 | AA15: =SUM(C15:Z15) -> 26500 | AB15: 19 | AC15: =+AA15*AB15+AA16*AB16+AA17*AB17 -> 821500
B16: S | C16: 0 | D16: 0 | E16: 0 | F16: 0 | G16: 0 | H16: 0 | I16: 0 | J16: 2650 | K16: 2650 | L16: 2650 | M16: 2650 | N16: 2650 | O16: 2650 | P16: 2650 | Q16: 2650 | R16: 2650 | S16: 2650 | T16: 0 | U16: 0 | V16: 0 | W16: 0 | X16: 0 | Y16: 0 | Z16: 0 | AA16: =SUM(C16:Z16) -> 26500 | AB16: 5
B17: F | C17: 0 | D17: 0 | E17: 0 | F17: 0 | G17: 0 | H17: 0 | I17: 0 | J17: 2650 | K17: 2650 | L17: 2650 | M17: 2650 | N17: 2650 | O17: 2650 | P17: 2650 | Q17: 2650 | R17: 2650 | S17: 2650 | T17: 0 | U17: 0 | V17: 0 | W17: 0 | X17: 0 | Y17: 0 | Z17: 0 | AA17: =SUM(C17:Z17) -> 26500 | AB17: 7
A18: 46174 | B18: O | C18: 0 | D18: 0 | E18: 0 | F18: 0 | G18: 0 | H18: 0 | I18: 0 | J18: 2650 | K18: 2650 | L18: 2650 | M18: 2650 | N18: 2650 | O18: 2650 | P18: 2650 | Q18: 2650 | R18: 2650 | S18: 2650 | T18: 0 | U18: 0 | V18: 0 | W18: 0 | X18: 0 | Y18: 0 | Z18: 0 | AA18: =SUM(C18:Z18) -> 26500 | AB18: 19 | AC18: =+AA18*AB18+AA19*AB19+AA20*AB20 -> 795000
B19: S | C19: 0 | D19: 0 | E19: 0 | F19: 0 | G19: 0 | H19: 0 | I19: 0 | J19: 2650 | K19: 2650 | L19: 2650 | M19: 2650 | N19: 2650 | O19: 2650 | P19: 2650 | Q19: 2650 | R19: 2650 | S19: 2650 | T19: 0 | U19: 0 | V19: 0 | W19: 0 | X19: 0 | Y19: 0 | Z19: 0 | AA19: =SUM(C19:Z19) -> 26500 | AB19: 4
B20: F | C20: 0 | D20: 0 | E20: 0 | F20: 0 | G20: 0 | H20: 0 | I20: 0 | J20: 2650 | K20: 2650 | L20: 2650 | M20: 2650 | N20: 2650 | O20: 2650 | P20: 2650 | Q20: 2650 | R20: 2650 | S20: 2650 | T20: 0 | U20: 0 | V20: 0 | W20: 0 | X20: 0 | Y20: 0 | Z20: 0 | AA20: =SUM(C20:Z20) -> 26500 | AB20: 7
A21: 46204 | B21: O | C21: 0 | D21: 0 | E21: 0 | F21: 0 | G21: 0 | H21: 0 | I21: 0 | J21: 2650 | K21: 2650 | L21: 2650 | M21: 2650 | N21: 2650 | O21: 2650 | P21: 2650 | Q21: 2650 | R21: 2650 | S21: 2650 | T21: 0 | U21: 0 | V21: 0 | W21: 0 | X21: 0 | Y21: 0 | Z21: 0 | AA21: =SUM(C21:Z21) -> 26500 | AB21: 22 | AC21: =+AA21*AB21+AA22*AB22+AA23*AB23 -> 821500
B22: S | C22: 0 | D22: 0 | E22: 0 | F22: 0 | G22: 0 | H22: 0 | I22: 0 | J22: 2650 | K22: 2650 | L22: 2650 | M22: 2650 | N22: 2650 | O22: 2650 | P22: 2650 | Q22: 2650 | R22: 2650 | S22: 2650 | T22: 0 | U22: 0 | V22: 0 | W22: 0 | X22: 0 | Y22: 0 | Z22: 0 | AA22: =SUM(C22:Z22) -> 26500 | AB22: 4
B23: F | C23: 0 | D23: 0 | E23: 0 | F23: 0 | G23: 0 | H23: 0 | I23: 0 | J23: 2650 | K23: 2650 | L23: 2650 | M23: 2650 | N23: 2650 | O23: 2650 | P23: 2650 | Q23: 2650 | R23: 2650 | S23: 2650 | T23: 0 | U23: 0 | V23: 0 | W23: 0 | X23: 0 | Y23: 0 | Z23: 0 | AA23: =SUM(C23:Z23) -> 26500 | AB23: 5
A24: 46235 | B24: O | C24: 0 | D24: 0 | E24: 0 | F24: 0 | G24: 0 | H24: 0 | I24: 0 | J24: 2650 | K24: 2650 | L24: 2650 | M24: 2650 | N24: 2650 | O24: 2650 | P24: 2650 | Q24: 2650 | R24: 2650 | S24: 2650 | T24: 0 | U24: 0 | V24: 0 | W24: 0 | X24: 0 | Y24: 0 | Z24: 0 | AA24: =SUM(C24:Z24) -> 26500 | AB24: 19 | AC24: =+AA24*AB24+AA25*AB25+AA26*AB26 -> 821500
B25: S | C25: 0 | D25: 0 | E25: 0 | F25: 0 | G25: 0 | H25: 0 | I25: 0 | J25: 2650 | K25: 2650 | L25: 2650 | M25: 2650 | N25: 2650 | O25: 2650 | P25: 2650 | Q25: 2650 | R25: 2650 | S25: 2650 | T25: 0 | U25: 0 | V25: 0 | W25: 0 | X25: 0 | Y25: 0 | Z25: 0 | AA25: =SUM(C25:Z25) -> 26500 | AB25: 5
B26: F | C26: 0 | D26: 0 | E26: 0 | F26: 0 | G26: 0 | H26: 0 | I26: 0 | J26: 2650 | K26: 2650 | L26: 2650 | M26: 2650 | N26: 2650 | O26: 2650 | P26: 2650 | Q26: 2650 | R26: 2650 | S26: 2650 | T26: 0 | U26: 0 | V26: 0 | W26: 0 | X26: 0 | Y26: 0 | Z26: 0 | AA26: =SUM(C26:Z26) -> 26500 | AB26: 7
A27: 46266 | B27: O | C27: 0 | D27: 0 | E27: 0 | F27: 0 | G27: 0 | H27: 0 | I27: 0 | J27: 2650 | K27: 2650 | L27: 2650 | M27: 2650 | N27: 2650 | O27: 2650 | P27: 2650 | Q27: 2650 | R27: 2650 | S27: 2650 | T27: 0 | U27: 0 | V27: 0 | W27: 0 | X27: 0 | Y27: 0 | Z27: 0 | AA27: =SUM(C27:Z27) -> 26500 | AB27: 22 | AC27: =+AA27*AB27+AA28*AB28+AA29*AB29 -> 795000
B28: S | C28: 0 | D28: 0 | E28: 0 | F28: 0 | G28: 0 | H28: 0 | I28: 0 | J28: 2650 | K28: 2650 | L28: 2650 | M28: 2650 | N28: 2650 | O28: 2650 | P28: 2650 | Q28: 2650 | R28: 2650 | S28: 2650 | T28: 0 | U28: 0 | V28: 0 | W28: 0 | X28: 0 | Y28: 0 | Z28: 0 | AA28: =SUM(C28:Z28) -> 26500 | AB28: 4
B29: F | C29: 0 | D29: 0 | E29: 0 | F29: 0 | G29: 0 | H29: 0 | I29: 0 | J29: 2650 | K29: 2650 | L29: 2650 | M29: 2650 | N29: 2650 | O29: 2650 | P29: 2650 | Q29: 2650 | R29: 2650 | S29: 2650 | T29: 0 | U29: 0 | V29: 0 | W29: 0 | X29: 0 | Y29: 0 | Z29: 0 | AA29: =SUM(C29:Z29) -> 26500 | AB29: 4
A30: 46296 | B30: O | C30: 0 | D30: 0 | E30: 0 | F30: 0 | G30: 0 | H30: 0 | I30: 0 | J30: 2650 | K30: 2650 | L30: 2650 | M30: 2650 | N30: 2650 | O30: 2650 | P30: 2650 | Q30: 2650 | R30: 2650 | S30: 2650 | T30: 0 | U30: 0 | V30: 0 | W30: 0 | X30: 0 | Y30: 0 | Z30: 0 | AA30: =SUM(C30:Z30) -> 26500 | AB30: 21 | AC30: =+AA30*AB30+AA31*AB31+AA32*AB32 -> 821500
B31: S | C31: 0 | D31: 0 | E31: 0 | F31: 0 | G31: 0 | H31: 0 | I31: 0 | J31: 2650 | K31: 2650 | L31: 2650 | M31: 2650 | N31: 2650 | O31: 2650 | P31: 2650 | Q31: 2650 | R31: 2650 | S31: 2650 | T31: 0 | U31: 0 | V31: 0 | W31: 0 | X31: 0 | Y31: 0 | Z31: 0 | AA31: =SUM(C31:Z31) -> 26500 | AB31: 5
B32: F | C32: 0 | D32: 0 | E32: 0 | F32: 0 | G32: 0 | H32: 0 | I32: 0 | J32: 2650 | K32: 2650 | L32: 2650 | M32: 2650 | N32: 2650 | O32: 2650 | P32: 2650 | Q32: 2650 | R32: 2650 | S32: 2650 | T32: 0 | U32: 0 | V32: 0 | W32: 0 | X32: 0 | Y32: 0 | Z32: 0 | AA32: =SUM(C32:Z32) -> 26500 | AB32: 5
A33: 46327 | B33: O | C33: 0 | D33: 0 | E33: 0 | F33: 0 | G33: 0 | H33: 0 | I33: 0 | J33: 2650 | K33: 2650 | L33: 2650 | M33: 2650 | N33: 2650 | O33: 2650 | P33: 2650 | Q33: 2650 | R33: 2650 | S33: 2650 | T33: 0 | U33: 0 | V33: 0 | W33: 0 | X33: 0 | Y33: 0 | Z33: 0 | AA33: =SUM(C33:Z33) -> 26500 | AB33: 19 | AC33: =+AA33*AB33+AA34*AB34+AA35*AB35 -> 795000
B34: S | C34: 0 | D34: 0 | E34: 0 | F34: 0 | G34: 0 | H34: 0 | I34: 0 | J34: 2650 | K34: 2650 | L34: 2650 | M34: 2650 | N34: 2650 | O34: 2650 | P34: 2650 | Q34: 2650 | R34: 2650 | S34: 2650 | T34: 0 | U34: 0 | V34: 0 | W34: 0 | X34: 0 | Y34: 0 | Z34: 0 | AA34: =SUM(C34:Z34) -> 26500 | AB34: 4
B35: F | C35: 0 | D35: 0 | E35: 0 | F35: 0 | G35: 0 | H35: 0 | I35: 0 | J35: 2650 | K35: 2650 | L35: 2650 | M35: 2650 | N35: 2650 | O35: 2650 | P35: 2650 | Q35: 2650 | R35: 2650 | S35: 2650 | T35: 0 | U35: 0 | V35: 0 | W35: 0 | X35: 0 | Y35: 0 | Z35: 0 | AA35: =SUM(C35:Z35) -> 26500 | AB35: 7
A36: 46357 | B36: O | C36: 0 | D36: 0 | E36: 0 | F36: 0 | G36: 0 | H36: 0 | I36: 0 | J36: 2650 | K36: 2650 | L36: 2650 | M36: 2650 | N36: 2650 | O36: 2650 | P36: 2650 | Q36: 2650 | R36: 2650 | S36: 2650 | T36: 0 | U36: 0 | V36: 0 | W36: 0 | X36: 0 | Y36: 0 | Z36: 0 | AA36: =SUM(C36:Z36) -> 26500 | AB36: 21 | AC36: =+AA36*AB36+AA37*AB37+AA38*AB38 -> 821500
B37: S | C37: 0 | D37: 0 | E37: 0 | F37: 0 | G37: 0 | H37: 0 | I37: 0 | J37: 2650 | K37: 2650 | L37: 2650 | M37: 2650 | N37: 2650 | O37: 2650 | P37: 2650 | Q37: 2650 | R37: 2650 | S37: 2650 | T37: 0 | U37: 0 | V37: 0 | W37: 0 | X37: 0 | Y37: 0 | Z37: 0 | AA37: =SUM(C37:Z37) -> 26500 | AB37: 4
B38: F | C38: 0 | D38: 0 | E38: 0 | F38: 0 | G38: 0 | H38: 0 | I38: 0 | J38: 2650 | K38: 2650 | L38: 2650 | M38: 2650 | N38: 2650 | O38: 2650 | P38: 2650 | Q38: 2650 | R38: 2650 | S38: 2650 | T38: 0 | U38: 0 | V38: 0 | W38: 0 | X38: 0 | Y38: 0 | Z38: 0 | AA38: =SUM(C38:Z38) -> 26500 | AB38: 6
A39: TOTAL AÑO | C39: =+SUM(C6:C38) -> 0 | D39: =+SUM(D6:D38) -> 0 | E39: =+SUM(E6:E38) -> 0 | F39: =+SUM(F6:F38) -> 0 | G39: =+SUM(G6:G38) -> 0 | H39: =+SUM(H6:H38) -> 0 | I39: =+SUM(I6:I38) -> 0 | J39: =+SUM(J6:J38) -> 87450 | ... AC39: =+SUM(AC6:AC38) -> 8851000

Sheet Cantidades Ofertadas Prod 2
A1: CANTIDADES OFERTADAS PRODUCTO 2 AÑO 2026 MODALIDAD PAGUE LO CONTRATADO - kWh
A4: Periodo | B4: Tipo de día | C4: H01 | D4: H02 | E4: H03 | F4: H04 | G4: H05 | H4: H06 | I4: H07 | J4: H08 | K4: H09 | L4: H10 | M4: H11 | N4: H12 | O4: H13 | P4: H14 | Q4: H15 | R4: H16 | S4: H17 | T4: H18 | U4: H19 | V4: H20 | W4: H21 | X4: H22 | Y4: H23 | Z4: H24 | AA4: TOTAL DÍA | AB4: Días/ | AC4: TOTAL MES
AB5: mes
A6: 46054 | B6: O | I6: =+Anexo2!$D$10 -> 0 | J6: =+Anexo2!$D$10 -> 0 | K6: =+Anexo2!$D$10 -> 0 | L6: =+Anexo2!$D$10 -> 0 | M6: =+Anexo2!$D$10 -> 0 | N6: =+Anexo2!$D$10 -> 0 | O6: =+Anexo2!$D$10 -> 0 | P6: =+Anexo2!$D$10 -> 0 | ... R6: =+Anexo2!$D$10 -> 0 | AA6: =SUM(C6:Z6) -> 0 | AB6: 20 | AC6: =+AA6*AB6+AA7*AB7+AA8*AB8 -> 0
B7: S | I7: =+Anexo2!$D$10 -> 0 | J7: =+Anexo2!$D$10 -> 0 | K7: =+Anexo2!$D$10 -> 0 | L7: =+Anexo2!$D$10 -> 0 | M7: =+Anexo2!$D$10 -> 0 | N7: =+Anexo2!$D$10 -> 0 | O7: =+Anexo2!$D$10 -> 0 | P7: =+Anexo2!$D$10 -> 0 | ... R7: =+Anexo2!$D$10 -> 0 | AA7: =SUM(C7:Z7) -> 0 | AB7: 4
B8: F | I8: =+Anexo2!$D$10 -> 0 | J8: =+Anexo2!$D$10 -> 0 | K8: =+Anexo2!$D$10 -> 0 | L8: =+Anexo2!$D$10 -> 0 | M8: =+Anexo2!$D$10 -> 0 | N8: =+Anexo2!$D$10 -> 0 | O8: =+Anexo2!$D$10 -> 0 | P8: =+Anexo2!$D$10 -> 0 | ... R8: =+Anexo2!$D$10 -> 0 | AA8: =SUM(C8:Z8) -> 0 | AB8: 4
A9: 46082 | B9: O | I9: =+Anexo2!$D$10 -> 0 | J9: =+Anexo2!$D$10 -> 0 | K9: =+Anexo2!$D$10 -> 0 | L9: =+Anexo2!$D$10 -> 0 | M9: =+Anexo2!$D$10 -> 0 | N9: =+Anexo2!$D$10 -> 0 | O9: =+Anexo2!$D$10 -> 0 | P9: =+Anexo2!$D$10 -> 0 | ... R9: =+Anexo2!$D$10 -> 0 | AA9: =SUM(C9:Z9) -> 0 | AB9: 21 | AC9: =+AA9*AB9+AA10*AB10+AA11*AB11 -> 0
B10: S | I10: =+Anexo2!$D$10 -> 0 | J10: =+Anexo2!$D$10 -> 0 | K10: =+Anexo2!$D$10 -> 0 | L10: =+Anexo2!$D$10 -> 0 | M10: =+Anexo2!$D$10 -> 0 | N10: =+Anexo2!$D$10 -> 0 | O10: =+Anexo2!$D$10 -> 0 | P10: =+Anexo2!$D$10 -> 0 | ... R10: =+Anexo2!$D$10 -> 0 | AA10: =SUM(C10:Z10) -> 0 | AB10: 4
B11: F | I11: =+Anexo2!$D$10 -> 0 | J11: =+Anexo2!$D$10 -> 0 | K11: =+Anexo2!$D$10 -> 0 | L11: =+Anexo2!$D$10 -> 0 | M11: =+Anexo2!$D$10 -> 0 | N11: =+Anexo2!$D$10 -> 0 | O11: =+Anexo2!$D$10 -> 0 | P11: =+Anexo2!$D$10 -> 0 | ... R11: =+Anexo2!$D$10 -> 0 | AA11: =SUM(C11:Z11) -> 0 | AB11: 6
A12: 46113 | B12: O | I12: =+Anexo2!$D$10 -> 0 | J12: =+Anexo2!$D$10 -> 0 | K12: =+Anexo2!$D$10 -> 0 | L12: =+Anexo2!$D$10 -> 0 | M12: =+Anexo2!$D$10 -> 0 | N12: =+Anexo2!$D$10 -> 0 | O12: =+Anexo2!$D$10 -> 0 | P12: =+Anexo2!$D$10 -> 0 | ... R12: =+Anexo2!$D$10 -> 0 | AA12: =SUM(C12:Z12) -> 0 | AB12: 20 | AC12: =+AA12*AB12+AA13*AB13+AA14*AB14 -> 0
B13: S | I13: =+Anexo2!$D$10 -> 0 | J13: =+Anexo2!$D$10 -> 0 | K13: =+Anexo2!$D$10 -> 0 | L13: =+Anexo2!$D$10 -> 0 | M13: =+Anexo2!$D$10 -> 0 | N13: =+Anexo2!$D$10 -> 0 | O13: =+Anexo2!$D$10 -> 0 | P13: =+Anexo2!$D$10 -> 0 | ... R13: =+Anexo2!$D$10 -> 0 | AA13: =SUM(C13:Z13) -> 0 | AB13: 4
B14: F | I14: =+Anexo2!$D$10 -> 0 | J14: =+Anexo2!$D$10 -> 0 | K14: =+Anexo2!$D$10 -> 0 | L14: =+Anexo2!$D$10 -> 0 | M14: =+Anexo2!$D$10 -> 0 | N14: =+Anexo2!$D$10 -> 0 | O14: =+Anexo2!$D$10 -> 0 | P14: =+Anexo2!$D$10 -> 0 | ... R14: =+Anexo2!$D$10 -> 0 | AA14: =SUM(C14:Z14) -> 0 | AB14: 6
A15: 46143 | B15: O | I15: =+Anexo2!$D$10 -> 0 | J15: =+Anexo2!$D$10 -> 0 | K15: =+Anexo2!$D$10 -> 0 | L15: =+Anexo2!$D$10 -> 0 | M15: =+Anexo2!$D$10 -> 0 | N15: =+Anexo2!$D$10 -> 0 | O15: =+Anexo2!$D$10 -> 0 | P15: =+Anexo2!$D$10 -> 0 | ... R15: =+Anexo2!$D$10 -> 0 | AA15: =SUM(C15:Z15) -> 0 | AB15: 19 | AC15: =+AA15*AB15+AA16*AB16+AA17*AB17 -> 0
B16: S | I16: =+Anexo2!$D$10 -> 0 | J16: =+Anexo2!$D$10 -> 0 | K16: =+Anexo2!$D$10 -> 0 | L16: =+Anexo2!$D$10 -> 0 | M16: =+Anexo2!$D$10 -> 0 | N16: =+Anexo2!$D$10 -> 0 | O16: =+Anexo2!$D$10 -> 0 | P16: =+Anexo2!$D$10 -> 0 | ... R16: =+Anexo2!$D$10 -> 0 | AA16: =SUM(C16:Z16) -> 0 | AB16: 5
B17: F | I17: =+Anexo2!$D$10 -> 0 | J17: =+Anexo2!$D$10 -> 0 | K17: =+Anexo2!$D$10 -> 0 | L17: =+Anexo2!$D$10 -> 0 | M17: =+Anexo2!$D$10 -> 0 | N17: =+Anexo2!$D$10 -> 0 | O17: =+Anexo2!$D$10 -> 0 | P17: =+Anexo2!$D$10 -> 0 | ... R17: =+Anexo2!$D$10 -> 0 | AA17: =SUM(C17:Z17) -> 0 | AB17: 7
A18: 46174 | B18: O | I18: =+Anexo2!$D$10 -> 0 | J18: =+Anexo2!$D$10 -> 0 | K18: =+Anexo2!$D$10 -> 0 | L18: =+Anexo2!$D$10 -> 0 | M18: =+Anexo2!$D$10 -> 0 | N18: =+Anexo2!$D$10 -> 0 | O18: =+Anexo2!$D$10 -> 0 | P18: =+Anexo2!$D$10 -> 0 | ... R18: =+Anexo2!$D$10 -> 0 | AA18: =SUM(C18:Z18) -> 0 | AB18: 19 | AC18: =+AA18*AB18+AA19*AB19+AA20*AB20 -> 0
B19: S | I19: =+Anexo2!$D$10 -> 0 | J19: =+Anexo2!$D$10 -> 0 | K19: =+Anexo2!$D$10 -> 0 | L19: =+Anexo2!$D$10 -> 0 | M19: =+Anexo2!$D$10 -> 0 | N19: =+Anexo2!$D$10 -> 0 | O19: =+Anexo2!$D$10 -> 0 | P19: =+Anexo2!$D$10 -> 0 | ... R19: =+Anexo2!$D$10 -> 0 | AA19: =SUM(C19:Z19) -> 0 | AB19: 4
B20: F | I20: =+Anexo2!$D$10 -> 0 | J20: =+Anexo2!$D$10 -> 0 | K20: =+Anexo2!$D$10 -> 0 | L20: =+Anexo2!$D$10 -> 0 | M20: =+Anexo2!$D$10 -> 0 | N20: =+Anexo2!$D$10 -> 0 | O20: =+Anexo2!$D$10 -> 0 | P20: =+Anexo2!$D$10 -> 0 | ... R20: =+Anexo2!$D$10 -> 0 | AA20: =SUM(C20:Z20) -> 0 | AB20: 7
A21: 46204 | B21: O | I21: =+Anexo2!$D$10 -> 0 | J21: =+Anexo2!$D$10 -> 0 | K21: =+Anexo2!$D$10 -> 0 | L21: =+Anexo2!$D$10 -> 0 | M21: =+Anexo2!$D$10 -> 0 | N21: =+Anexo2!$D$10 -> 0 | O21: =+Anexo2!$D$10 -> 0 | P21: =+Anexo2!$D$10 -> 0 | ... R21: =+Anexo2!$D$10 -> 0 | AA21: =SUM(C21:Z21) -> 0 | AB21: 22 | AC21: =+AA21*AB21+AA22*AB22+AA23*AB23 -> 0
B22: S | I22: =+Anexo2!$D$10 -> 0 | J22: =+Anexo2!$D$10 -> 0 | K22: =+Anexo2!$D$10 -> 0 | L22: =+Anexo2!$D$10 -> 0 | M22: =+Anexo2!$D$10 -> 0 | N22: =+Anexo2!$D$10 -> 0 | O22: =+Anexo2!$D$10 -> 0 | P22: =+Anexo2!$D$10 -> 0 | ... R22: =+Anexo2!$D$10 -> 0 | AA22: =SUM(C22:Z22) -> 0 | AB22: 4
B23: F | I23: =+Anexo2!$D$10 -> 0 | J23: =+Anexo2!$D$10 -> 0 | K23: =+Anexo2!$D$10 -> 0 | L23: =+Anexo2!$D$10 -> 0 | M23: =+Anexo2!$D$10 -> 0 | N23: =+Anexo2!$D$10 -> 0 | O23: =+Anexo2!$D$10 -> 0 | P23: =+Anexo2!$D$10 -> 0 | ... R23: =+Anexo2!$D$10 -> 0 | AA23: =SUM(C23:Z23) -> 0 | AB23: 5
A24: 46235 | B24: O | I24: =+Anexo2!$D$10 -> 0 | J24: =+Anexo2!$D$10 -> 0 | K24: =+Anexo2!$D$10 -> 0 | L24: =+Anexo2!$D$10 -> 0 | M24: =+Anexo2!$D$10 -> 0 | N24: =+Anexo2!$D$10 -> 0 | O24: =+Anexo2!$D$10 -> 0 | P24: =+Anexo2!$D$10 -> 0 | ... R24: =+Anexo2!$D$10 -> 0 | AA24: =SUM(C24:Z24) -> 0 | AB24: 19 | AC24: =+AA24*AB24+AA25*AB25+AA26*AB26 -> 0
B25: S | I25: =+Anexo2!$D$10 -> 0 | J25: =+Anexo2!$D$10 -> 0 | K25: =+Anexo2!$D$10 -> 0 | L25: =+Anexo2!$D$10 -> 0 | M25: =+Anexo2!$D$10 -> 0 | N25: =+Anexo2!$D$10 -> 0 | O25: =+Anexo2!$D$10 -> 0 | P25: =+Anexo2!$D$10 -> 0 | ... R25: =+Anexo2!$D$10 -> 0 | AA25: =SUM(C25:Z25) -> 0 | AB25: 5
B26: F | I26: =+Anexo2!$D$10 -> 0 | J26: =+Anexo2!$D$10 -> 0 | K26: =+Anexo2!$D$10 -> 0 | L26: =+Anexo2!$D$10 -> 0 | M26: =+Anexo2!$D$10 -> 0 | N26: =+Anexo2!$D$10 -> 0 | O26: =+Anexo2!$D$10 -> 0 | P26: =+Anexo2!$D$10 -> 0 | ... R26: =+Anexo2!$D$10 -> 0 | AA26: =SUM(C26:Z26) -> 0 | AB26: 7
A27: 46266 | B27: O | I27: =+Anexo2!$D$10 -> 0 | J27: =+Anexo2!$D$10 -> 0 | K27: =+Anexo2!$D$10 -> 0 | L27: =+Anexo2!$D$10 -> 0 | M27: =+Anexo2!$D$10 -> 0 | N27: =+Anexo2!$D$10 -> 0 | O27: =+Anexo2!$D$10 -> 0 | P27: =+Anexo2!$D$10 -> 0 | ... R27: =+Anexo2!$D$10 -> 0 | AA27: =SUM(C27:Z27) -> 0 | AB27: 22 | AC27: =+AA27*AB27+AA28*AB28+AA29*AB29 -> 0
B28: S | I28: =+Anexo2!$D$10 -> 0 | J28: =+Anexo2!$D$10 -> 0 | K28: =+Anexo2!$D$10 -> 0 | L28: =+Anexo2!$D$10 -> 0 | M28: =+Anexo2!$D$10 -> 0 | N28: =+Anexo2!$D$10 -> 0 | O28: =+Anexo2!$D$10 -> 0 | P28: =+Anexo2!$D$10 -> 0 | ... R28: =+Anexo2!$D$10 -> 0 | AA28: =SUM(C28:Z28) -> 0 | AB28: 4
B29: F | I29: =+Anexo2!$D$10 -> 0 | J29: =+Anexo2!$D$10 -> 0 | K29: =+Anexo2!$D$10 -> 0 | L29: =+Anexo2!$D$10 -> 0 | M29: =+Anexo2!$D$10 -> 0 | N29: =+Anexo2!$D$10 -> 0 | O29: =+Anexo2!$D$10 -> 0 | P29: =+Anexo2!$D$10 -> 0 | ... R29: =+Anexo2!$D$10 -> 0 | AA29: =SUM(C29:Z29) -> 0 | AB29: 4
A30: 46296 | B30: O | I30: =+Anexo2!$D$10 -> 0 | J30: =+Anexo2!$D$10 -> 0 | K30: =+Anexo2!$D$10 -> 0 | L30: =+Anexo2!$D$10 -> 0 | M30: =+Anexo2!$D$10 -> 0 | N30: =+Anexo2!$D$10 -> 0 | O30: =+Anexo2!$D$10 -> 0 | P30: =+Anexo2!$D$10 -> 0 | ... R30: =+Anexo2!$D$10 -> 0 | AA30: =SUM(C30:Z30) -> 0 | AB30: 21 | AC30: =+AA30*AB30+AA31*AB31+AA32*AB32 -> 0
B31: S | I31: =+Anexo2!$D$10 -> 0 | J31: =+Anexo2!$D$10 -> 0 | K31: =+Anexo2!$D$10 -> 0 | L31: =+Anexo2!$D$10 -> 0 | M31: =+Anexo2!$D$10 -> 0 | N31: =+Anexo2!$D$10 -> 0 | O31: =+Anexo2!$D$10 -> 0 | P31: =+Anexo2!$D$10 -> 0 | ... R31: =+Anexo2!$D$10 -> 0 | AA31: =SUM(C31:Z31) -> 0 | AB31: 5
B32: F | I32: =+Anexo2!$D$10 -> 0 | J32: =+Anexo2!$D$10 -> 0 | K32: =+Anexo2!$D$10 -> 0 | L32: =+Anexo2!$D$10 -> 0 | M32: =+Anexo2!$D$10 -> 0 | N32: =+Anexo2!$D$10 -> 0 | O32: =+Anexo2!$D$10 -> 0 | P32: =+Anexo2!$D$10 -> 0 | ... R32: =+Anexo2!$D$10 -> 0 | AA32: =SUM(C32:Z32) -> 0 | AB32: 5
A33: 46327 | B33: O | I33: =+Anexo2!$D$10 -> 0 | J33: =+Anexo2!$D$10 -> 0 | K33: =+Anexo2!$D$10 -> 0 | L33: =+Anexo2!$D$10 -> 0 | M33: =+Anexo2!$D$10 -> 0 | N33: =+Anexo2!$D$10 -> 0 | O33: =+Anexo2!$D$10 -> 0 | P33: =+Anexo2!$D$10 -> 0 | ... R33: =+Anexo2!$D$10 -> 0 | AA33: =SUM(C33:Z33) -> 0 | AB33: 19 | AC33: =+AA33*AB33+AA34*AB34+AA35*AB35 -> 0
B34: S | I34: =+Anexo2!$D$10 -> 0 | J34: =+Anexo2!$D$10 -> 0 | K34: =+Anexo2!$D$10 -> 0 | L34: =+Anexo2!$D$10 -> 0 | M34: =+Anexo2!$D$10 -> 0 | N34: =+Anexo2!$D$10 -> 0 | O34: =+Anexo2!$D$10 -> 0 | P34: =+Anexo2!$D$10 -> 0 | ... R34: =+Anexo2!$D$10 -> 0 | AA34: =SUM(C34:Z34) -> 0 | AB34: 4
B35: F | I35: =+Anexo2!$D$10 -> 0 | J35: =+Anexo2!$D$10 -> 0 | K35: =+Anexo2!$D$10 -> 0 | L35: =+Anexo2!$D$10 -> 0 | M35: =+Anexo2!$D$10 -> 0 | N35: =+Anexo2!$D$10 -> 0 | O35: =+Anexo2!$D$10 -> 0 | P35: =+Anexo2!$D$10 -> 0 | ... R35: =+Anexo2!$D$10 -> 0 | AA35: =SUM(C35:Z35) -> 0 | AB35: 7
A36: 46357 | B36: O | I36: =+Anexo2!$D$10 -> 0 | J36: =+Anexo2!$D$10 -> 0 | K36: =+Anexo2!$D$10 -> 0 | L36: =+Anexo2!$D$10 -> 0 | M36: =+Anexo2!$D$10 -> 0 | N36: =+Anexo2!$D$10 -> 0 | O36: =+Anexo2!$D$10 -> 0 | P36: =+Anexo2!$D$10 -> 0 | ... R36: =+Anexo2!$D$10 -> 0 | AA36: =SUM(C36:Z36) -> 0 | AB36: 21 | AC36: =+AA36*AB36+AA37*AB37+AA38*AB38 -> 0
B37: S | I37: =+Anexo2!$D$10 -> 0 | J37: =+Anexo2!$D$10 -> 0 | K37: =+Anexo2!$D$10 -> 0 | L37: =+Anexo2!$D$10 -> 0 | M37: =+Anexo2!$D$10 -> 0 | N37: =+Anexo2!$D$10 -> 0 | O37: =+Anexo2!$D$10 -> 0 | P37: =+Anexo2!$D$10 -> 0 | ... R37: =+Anexo2!$D$10 -> 0 | AA37: =SUM(C37:Z37) -> 0 | AB37: 4
B38: F | I38: =+Anexo2!$D$10 -> 0 | J38: =+Anexo2!$D$10 -> 0 | K38: =+Anexo2!$D$10 -> 0 | L38: =+Anexo2!$D$10 -> 0 | M38: =+Anexo2!$D$10 -> 0 | N38: =+Anexo2!$D$10 -> 0 | O38: =+Anexo2!$D$10 -> 0 | P38: =+Anexo2!$D$10 -> 0 | ... R38: =+Anexo2!$D$10 -> 0 | AA38: =SUM(C38:Z38) -> 0 | AB38: 6
A39: TOTAL AÑO | C39: =+SUM(C6:C38) -> 0 | D39: =+SUM(D6:D38) -> 0 | E39: =+SUM(E6:E38) -> 0 | F39: =+SUM(F6:F38) -> 0 | G39: =+SUM(G6:G38) -> 0 | H39: =+SUM(H6:H38) -> 0 | I39: =+SUM(I6:I38) -> 0 | J39: =+SUM(J6:J38) -> 0 | ... AC39: =+SUM(AC6:AC38) -> 0
