Workbook

Sheet PRODUCTO 01
C1: CP-GNCC2025-003
C2: CP-GNCC2025-003-PROD01
C3: CANTIDAD EN: | D3: KWh
C4: MODALIDAD: | D4: PAGUE LO CONTRATADO
C5: OFERENTE:
C9: MES DE SUMINISTRO | D9: ENERGÍA SOLICITADA (KWh) | E9: % ENERGÍA OFRECIDA | F9: ENERGÍA OFRECIDA (KWh) | G9: PRECIO OFERTADO ($/KWh)
C10: 46023 | D10: =+_xlfn.XLOOKUP(C10,'Cantidades horarias PROD 01 '!E9:E136,'Cantidades horarias PROD 01 '!AG9:AG136) -> 2128157.3 | E10: 1 | F10: =ROUND(D10*$E10,2) -> 2128157.3
C11: 46054 | D11: =+_xlfn.XLOOKUP(C11,'Cantidades horarias PROD 01 '!E10:E137,'Cantidades horarias PROD 01 '!AG10:AG137) -> 1899319.6 | E11: 1 | F11: =ROUND(D11*$E11,2) -> 1899319.6
C12: 46082 | D12: =+_xlfn.XLOOKUP(C12,'Cantidades horarias PROD 01 '!E11:E138,'Cantidades horarias PROD 01 '!AG11:AG138) -> 2057162.1 | E12: 1 | F12: =ROUND(D12*$E12,2) -> 2057162.1
C13: 46113 | D13: =+_xlfn.XLOOKUP(C13,'Cantidades horarias PROD 01 '!E12:E139,'Cantidades horarias PROD 01 '!AG12:AG139) -> 1780594.4 | E13: 1 | F13: =ROUND(D13*$E13,2) -> 1780594.4
C14: 46143 | D14: =+_xlfn.XLOOKUP(C14,'Cantidades horarias PROD 01 '!E13:E140,'Cantidades horarias PROD 01 '!AG13:AG140) -> 2010131.4 | E14: 1 | F14: =ROUND(D14*$E14,2) -> 2010131.4
C15: 46174 | D15: =+_xlfn.XLOOKUP(C15,'Cantidades horarias PROD 01 '!E14:E141,'Cantidades horarias PROD 01 '!AG14:AG141) -> 1857446.7 | E15: 1 | F15: =ROUND(D15*$E15,2) -> 1857446.7
C16: 46204 | D16: =+_xlfn.XLOOKUP(C16,'Cantidades horarias PROD 01 '!E15:E142,'Cantidades horarias PROD 01 '!AG15:AG142) -> 2178394.1 | E16: 1 | F16: =ROUND(D16*$E16,2) -> 2178394.1
C17: 46235 | D17: =+_xlfn.XLOOKUP(C17,'Cantidades horarias PROD 01 '!E16:E143,'Cantidades horarias PROD 01 '!AG16:AG143) -> 2123444.4 | E17: 1 | F17: =ROUND(D17*$E17,2) -> 2123444.4
C18: 46266 | D18: =+_xlfn.XLOOKUP(C18,'Cantidades horarias PROD 01 '!E17:E144,'Cantidades horarias PROD 01 '!AG17:AG144) -> 2110980.4 | E18: 1 | F18: =ROUND(D18*$E18,2) -> 2110980.4
C19: 46296 | D19: =+_xlfn.XLOOKUP(C19,'Cantidades horarias PROD 01 '!E18:E145,'Cantidades horarias PROD 01 '!AG18:AG145) -> 2231531.6 | E19: 1 | F19: =ROUND(D19*$E19,2) -> 2231531.6
C20: 46327 | D20: =+_xlfn.XLOOKUP(C20,'Cantidades horarias PROD 01 '!E19:E146,'Cantidades horarias PROD 01 '!AG19:AG146) -> 2111054.9 | E20: 1 | F20: =ROUND(D20*$E20,2) -> 2111054.9
C21: 46357 | D21: =+_xlfn.XLOOKUP(C21,'Cantidades horarias PROD 01 '!E20:E147,'Cantidades horarias PROD 01 '!AG20:AG147) -> 2617455.2 | E21: 1 | F21: =ROUND(D21*$E21,2) -> 2617455.2
... C129: 49644 | D129: =+_xlfn.XLOOKUP(C129,'Cantidades horarias PROD 01 '!E128:E255,'Cantidades horarias PROD 01 '!AG128:AG255) -> 1946413.6 | E129: 1 | F129: =ROUND(D129*$E129,2) -> 1946413.6
C130: TOTAL | D130: =SUM(D10:D129) -> 2.6943553e+08 | E130: =IFERROR(F130/D130,0) -> 1 | F130: =SUM(F10:F129) -> 2.6943553e+08 | G130: =+(SUM(F10:F21)*G10+SUM(F22:F33)*G22+SUM(F34:F45)*G34+SUM(F46:F57)*G46+SUM(F58:F69)*G58+SUM(F70:F81)*G70+SUM(F82:F93)*G82+SUM(F94:F105)*G94+SUM(F106:F117)*G106+SUM(F118:F129)*G118)/F130 -> 0
C133: Nota
C134: 1. $/kWh expresados en pesos de Diciembre de 2024-Indexación anual
C135: 2. La energia ofertada se despachara conforme a las cantidades horarias de este anexo
C139: XXXXXXXXXXXXXXXXXXXXXXXX
C140: REPRESENTANTE LEGAL
C141: XXXXXXXXXXXXXXXXXXXXXX S.A E.S.P

Sheet Cantidades horarias PROD 01 
E1: CUADRO DE CANTIDADES HORARIAS OFRECIDAS
E2: CANTIDADES DE ENERGIA (KWh) - PRODUCTO 1
E3: PAGUE LO CONTRATADO
E5: OFERENTE:
F8: Cantidad Ofrecida | G8: Tipo de dia | H8: N° días mes | I8: H1 | J8: H2 | K8: H3 | L8: H4 | M8: H5 | N8: H6 | O8: H7 | P8: H8 | Q8: H9 | R8: H10 | S8: H11 | T8: H12 | U8: H13 | V8: H14 | W8: H15 | X8: H16 | Y8: H17 | Z8: H18 | AA8: H19 | AB8: H20 | AC8: H21 | AD8: H22 | AE8: H23 | AF8: H24 | AG8: TOTAL
E9: 46023 | F9: =+_xlfn.XLOOKUP(E9,'PRODUCTO 01'!$C$10:$C$129,'PRODUCTO 01'!$F$10:$F$129) -> 2128157.3 | G9: TO | H9: 31 | I9: 0 | J9: 0 | K9: 0 | L9: 0 | M9: 0 | N9: 0.046307392 | O9: 60.369222 | P9: 1419.6207 | Q9: 5555.2444 | R9: 8619.312 | S9: 8352.1884 | T9: 8446.834 | U9: 8382.9581 | V9: 8736.4516 | W9: 8864.4832 | X9: 7572.1572 | Y9: 2125.7979 | Z9: 514.77178 | AA9: 0 | AB9: 0 | AC9: 0 | AD9: 0 | AE9: 0 | AF9: 0 | AG9: =ROUND(SUM(I9:AF9)*H9,2) -> 2128157.3
E10: 46054 | F10: =+_xlfn.XLOOKUP(E10,'PRODUCTO 01'!$C$10:$C$129,'PRODUCTO 01'!$F$10:$F$129) -> 1899319.6 | G10: TO | H10: 28 | I10: 0 | J10: 0 | K10: 0 | L10: 0 | M10: 0 | N10: 0 | O10: 89.612158 | P10: 1735.3727 | Q10: 5746.0436 | R10: 9497.9402 | S10: 10050.542 | T10: 9083.6839 | U10: 8074.9937 | V10: 5111.6958 | W10: 6916.7402 | X10: 7864.4672 | Y10: 2853.0263 | Z10: 808.72418 | AA10: 0 | AB10: 0 | AC10: 0 | AD10: 0 | AE10: 0 | AF10: 0 | AG10: =ROUND(SUM(I10:AF10)*H10,2) -> 1899319.6
E11: 46082 | F11: =+_xlfn.XLOOKUP(E11,'PRODUCTO 01'!$C$10:$C$129,'PRODUCTO 01'!$F$10:$F$129) -> 2057162.1 | G11: TO | H11: 31 | I11: 0 | J11: 0 | K11: 0 | L11: 0 | M11: 0 | N11: 4.9875593 | O11: 239.93035 | P11: 1602.0201 | Q11: 4716.2872 | R11: 7269.3975 | S11: 7600.5801 | T11: 7995.1864 | U11: 8163.7805 | V11: 8447.4347 | W11: 9279.0487 | X11: 7453.8106 | Y11: 2751.0925 | Z11: 836.51007 | AA11: 0 | AB11: 0 | AC11: 0 | AD11: 0 | AE11: 0 | AF11: 0 | AG11: =ROUND(SUM(I11:AF11)*H11,2) -> 2057162.1
E12: 46113 | F12: =+_xlfn.XLOOKUP(E12,'PRODUCTO 01'!$C$10:$C$129,'PRODUCTO 01'!$F$10:$F$129) -> 1780594.4 | G12: TO | H12: 30 | I12: 0 | J12: 0 | K12: 0 | L12: 0 | M12: 0 | N12: 28.363731 | O12: 360.58152 | P12: 1748.3872 | Q12: 3534.8337 | R12: 6064.3235 | S12: 6775.9382 | T12: 6750.5884 | U12: 6875.5207 | V12: 7721.6613 | W12: 6928.604 | X12: 7860.8115 | Y12: 3936.8318 | Z12: 766.70261 | AA12: 0 | AB12: 0 | AC12: 0 | AD12: 0 | AE12: 0 | AF12: 0 | AG12: =ROUND(SUM(I12:AF12)*H12,2) -> 1780594.4
E13: 46143 | F13: =+_xlfn.XLOOKUP(E13,'PRODUCTO 01'!$C$10:$C$129,'PRODUCTO 01'!$F$10:$F$129) -> 2010131.4 | G13: TO | H13: 31 | I13: 0 | J13: 0 | K13: 0 | L13: 0 | M13: 0 | N13: 76.542458 | O13: 577.63491 | P13: 3214.6959 | Q13: 7878.1675 | R13: 8666.4998 | S13: 6800.9661 | T13: 5845.5391 | U13: 5698.9124 | V13: 5188.0375 | W13: 6857.3012 | X13: 7715.3055 | Y13: 5351.786 | Z13: 971.55851 | AA13: 0 | AB13: 0 | AC13: 0 | AD13: 0 | AE13: 0 | AF13: 0 | AG13: =ROUND(SUM(I13:AF13)*H13,2) -> 2010131.4
E14: 46174 | F14: =+_xlfn.XLOOKUP(E14,'PRODUCTO 01'!$C$10:$C$129,'PRODUCTO 01'!$F$10:$F$129) -> 1857446.7 | G14: TO | H14: 30 | I14: 0 | J14: 0 | K14: 0 | L14: 0 | M14: 0 | N14: 68.223936 | O14: 550.19274 | P14: 2000.8027 | Q14: 4827.3985 | R14: 8406.2753 | S14: 8877.4505 | T14: 8336.8836 | U14: 9321.7254 | V14: 7065.1582 | W14: 5377.5145 | X14: 3598.325 | Y14: 2505.1826 | Z14: 979.75737 | AA14: 0 | AB14: 0 | AC14: 0 | AD14: 0 | AE14: 0 | AF14: 0 | AG14: =ROUND(SUM(I14:AF14)*H14,2) -> 1857446.7
E15: 46204 | F15: =+_xlfn.XLOOKUP(E15,'PRODUCTO 01'!$C$10:$C$129,'PRODUCTO 01'!$F$10:$F$129) -> 2178394.1 | G15: TO | H15: 31 | I15: 0 | J15: 0 | K15: 0 | L15: 0 | M15: 0 | N15: 18.651491 | O15: 560.9188 | P15: 2371.2217 | Q15: 5514.6848 | R15: 9596.8572 | S15: 8870.7818 | T15: 8822.4015 | U15: 9613.2686 | V15: 6291.0819 | W15: 6342.8059 | X15: 7137.0304 | Y15: 3854.93 | Z15: 1276.1437 | AA15: 0 | AB15: 0 | AC15: 0 | AD15: 0 | AE15: 0 | AF15: 0 | AG15: =ROUND(SUM(I15:AF15)*H15,2) -> 2178394.1
E16: 46235 | F16: =+_xlfn.XLOOKUP(E16,'PRODUCTO 01'!$C$10:$C$129,'PRODUCTO 01'!$F$10:$F$129) -> 2123444.4 | G16: TO | H16: 31 | I16: 0 | J16: 0 | K16: 0 | L16: 0 | M16: 0 | N16: 22.23695 | O16: 366.48005 | P16: 1931.3239 | Q16: 7787.3729 | R16: 9398.4114 | S16: 10166.815 | T16: 7227.9606 | U16: 7321.4224 | V16: 8118.3506 | W16: 5756.3076 | X16: 6648.3943 | Y16: 2710.9129 | Z16: 1042.2168 | AA16: 0 | AB16: 0 | AC16: 0 | AD16: 0 | AE16: 0 | AF16: 0 | AG16: =ROUND(SUM(I16:AF16)*H16,2) -> 2123444.4
E17: 46266 | F17: =+_xlfn.XLOOKUP(E17,'PRODUCTO 01'!$C$10:$C$129,'PRODUCTO 01'!$F$10:$F$129) -> 2110980.4 | G17: TO | H17: 30 | I17: 0 | J17: 0 | K17: 0 | L17: 0 | M17: 0 | N17: 80.915951 | O17: 484.29092 | P17: 5961.93 | Q17: 9831.863 | R17: 9701.2361 | S17: 6917.6236 | T17: 6333.9751 | U17: 6230.2419 | V17: 8025.9492 | W17: 6248.3743 | X17: 7011.3897 | Y17: 2908.7323 | Z17: 629.4915 | AA17: 0 | AB17: 0 | AC17: 0 | AD17: 0 | AE17: 0 | AF17: 0 | AG17: =ROUND(SUM(I17:AF17)*H17,2) -> 2110980.4
E18: 46296 | F18: =+_xlfn.XLOOKUP(E18,'PRODUCTO 01'!$C$10:$C$129,'PRODUCTO 01'!$F$10:$F$129) -> 2231531.6 | G18: TO | H18: 31 | I18: 0 | J18: 0 | K18: 0 | L18: 0 | M18: 0 | N18: 23.84687 | O18: 520.70496 | P18: 4510.1265 | Q18: 7271.3984 | R18: 10139.362 | S18: 9514.6282 | T18: 8572.0727 | U18: 7749.4138 | V18: 7973.7591 | W18: 7141.4745 | X18: 5269.0372 | Y18: 2901.7496 | Z18: 397.31567 | AA18: 0 | AB18: 0 | AC18: 0 | AD18: 0 | AE18: 0 | AF18: 0 | AG18: =ROUND(SUM(I18:AF18)*H18,2) -> 2231531.6
E19: 46327 | F19: =+_xlfn.XLOOKUP(E19,'PRODUCTO 01'!$C$10:$C$129,'PRODUCTO 01'!$F$10:$F$129) -> 2111054.9 | G19: TO | H19: 30 | I19: 0 | J19: 0 | K19: 0 | L19: 0 | M19: 0 | N19: 61.179793 | O19: 457.01545 | P19: 2551.5779 | Q19: 4735.3969 | R19: 5697.7938 | S19: 6116.3207 | T19: 7724.582 | U19: 8904.286 | V19: 10343.14 | W19: 11537.12 | X19: 9143.2759 | Y19: 2746.7575 | Z19: 350.05047 | AA19: 0 | AB19: 0 | AC19: 0 | AD19: 0 | AE19: 0 | AF19: 0 | AG19: =ROUND(SUM(I19:AF19)*H19,2) -> 2111054.9
E20: 46357 | F20: =+_xlfn.XLOOKUP(E20,'PRODUCTO 01'!$C$10:$C$129,'PRODUCTO 01'!$F$10:$F$129) -> 2617455.2 | G20: TO | H20: 31 | I20: 0 | J20: 0 | K20: 0 | L20: 0 | M20: 0 | N20: 32.921527 | O20: 233.17211 | P20: 5169.3859 | Q20: 8701.4178 | R20: 11403.227 | S20: 11377.312 | T20: 10358.428 | U20: 10328.073 | V20: 10195.481 | W20: 9059.8218 | X20: 5080.7171 | Y20: 2118.8228 | Z20: 375.25756 | AA20: 0 | AB20: 0 | AC20: 0 | AD20: 0 | AE20: 0 | AF20: 0 | AG20: =ROUND(SUM(I20:AF20)*H20,2) -> 2617455.2
... E128: 49644 | F128: =+_xlfn.XLOOKUP(E128,'PRODUCTO 01'!$C$10:$C$129,'PRODUCTO 01'!$F$10:$F$129) -> 1946413.6 | G128: TO | H128: 31 | I128: 0 | J128: 0 | K128: 0 | L128: 0 | M128: 0 | N128: 0.0026984319 | O128: 256.23877 | P128: 2452.8576 | Q128: 5126.5331 | R128: 7196.3138 | S128: 8403.446 | T128: 8674.8558 | U128: 7997.2243 | V128: 7679.3148 | W128: 6680.3892 | X128: 5118.573 | Y128: 2657.891 | Z128: 543.89634 | AA128: 0 | AB128: 0 | AC128: 0 | AD128: 0 | AE128: 0 | AF128: 0 | AG128: =ROUND(SUM(I128:AF128)*H128,2) -> 1946413.6
E131: TO: Todos los dias ordinario, sabado, domingos y/o festivos

Sheet calendario
A1: Cuenta de TIPO
A2: MES | B2: TIPO | C2: 2014 | D2: 2015 | E2: 2016 | F2: 2017 | G2: 2018
A3: 1 | B3: 1ORD | C3: =31-C4-C5 -> 21 | D3: =31-D4-D5 -> 20 | E3: 19 | F3: 21 | G3: 21
A4: 1 | B4: 2SÁB | C4: 4 | D4: 5 | E4: 5 | F4: 4 | G4: 4
A5: 1 | B5: 3FES | C5: 6 | D5: 6 | E5: 7 | F5: 6 | G5: 6
A6: 2 | B6: 1ORD | C6: =28-C7-C8 -> 20 | D6: =28-D7-D8 -> 20 | E6: 21 | F6: 20 | G6: 20
A7: 2 | B7: 2SÁB | C7: 4 | D7: 4 | E7: 4 | F7: 4 | G7: 4
A8: 2 | B8: 3FES | C8: 4 | D8: 4 | E8: 4 | F8: 4 | G8: 4
A9: 3 | B9: 1ORD | C9: =31-C10-C11 -> 20 | D9: =31-D10-D11 -> 21 | E9: 20 | F9: 22 | G9: 19
A10: 3 | B10: 2SÁB | C10: 5 | D10: 4 | E10: 4 | F10: 4 | G10: 5
A11: 3 | B11: 3FES | C11: 6 | D11: 6 | E11: 7 | F11: 5 | G11: 7
A12: 4 | B12: 1ORD | C12: =30-C13-C14 -> 20 | D12: =30-D13-D14 -> 20 | E12: 21 | F12: 18 | G12: 21
A13: 4 | B13: 2SÁB | C13: 4 | D13: 4 | E13: 5 | F13: 5 | G13: 4
A14: 4 | B14: 3FES | C14: 6 | D14: 6 | E14: 4 | F14: 7 | G14: 5
A15: 5 | B15: 1ORD | C15: =31-C16-C17 -> 21 | D15: =31-D16-D17 -> 19 | E15: 20 | F15: 21 | G15: 21
A16: 5 | B16: 2SÁB | C16: 5 | D16: 5 | E16: 4 | F16: 4 | G16: 4
A17: 5 | B17: 3FES | C17: 5 | D17: 7 | E17: 7 | F17: 6 | G17: 6
A18: 6 | B18: 1ORD | C18: =30-C19-C20 -> 18 | D18: =30-D19-D20 -> 19 | E18: 21 | F18: 20 | G18: 19
A19: 6 | B19: 2SÁB | C19: 4 | D19: 4 | E19: 4 | F19: 4 | G19: 5
A20: 6 | B20: 3FES | C20: 8 | D20: 7 | E20: 5 | F20: 6 | G20: 6
A21: 7 | B21: 1ORD | C21: =31-C22-C23 -> 23 | D21: =31-D22-D23 -> 22 | E21: 19 | F21: 19 | G21: 20
A22: 7 | B22: 2SÁB | C22: 4 | D22: 4 | E22: 5 | F22: 5 | G22: 4
A23: 7 | B23: 3FES | C23: 4 | D23: 5 | E23: 7 | F23: 7 | G23: 7
A24: 8 | B24: 1ORD | C24: =31-C25-C26 -> 19 | D24: =31-D25-D26 -> 19 | E24: 22 | F24: 21 | G24: 21
A25: 8 | B25: 2SÁB | C25: 5 | D25: 5 | E25: 4 | F25: 4 | G25: 4
A26: 8 | B26: 3FES | C26: 7 | D26: 7 | E26: 5 | F26: 6 | G26: 6
A27: 9 | B27: 1ORD | C27: =30-C28-C29 -> 22 | D27: =30-D28-D29 -> 22 | E27: 22 | F27: 21 | G27: 20
A28: 9 | B28: 2SÁB | C28: 4 | D28: 4 | E28: 4 | F28: 5 | G28: 5
A29: 9 | B29: 3FES | C29: 4 | D29: 4 | E29: 4 | F29: 4 | G29: 5
A30: 10 | B30: 1ORD | C30: =31-C31-C32 -> 22 | D30: =31-D31-D32 -> 21 | E30: 20 | F30: 21 | G30: 22
A31: 10 | B31: 2SÁB | C31: 4 | D31: 5 | E31: 5 | F31: 4 | G31: 4
A32: 10 | B32: 3FES | C32: 5 | D32: 5 | E32: 6 | F32: 6 | G32: 5
A33: 11 | B33: 1ORD | C33: =30-C34-C35 -> 18 | D33: =30-D34-D35 -> 19 | E33: 20 | F33: 20 | G33: 20
A34: 11 | B34: 2SÁB | C34: 5 | D34: 4 | E34: 4 | F34: 4 | G34: 4
A35: 11 | B35: 3FES | C35: 7 | D35: 7 | E35: 6 | F35: 6 | G35: 6
A36: 12 | B36: 1ORD | C36: =31-C37-C38 -> 21 | D36: =31-D37-D38 -> 21 | E36: 21 | F36: 19 | G36: 20
A37: 12 | B37: 2SÁB | C37: 4 | D37: 4 | E37: 5 | F37: 5 | G37: 5
A38: 12 | B38: 3FES | C38: 6 | D38: 6 | E38: 5 | F38: 7 | G38: 6

Sheet curvas típicas de referencia
A2: tipo día | B2: H1 | C2: H2 | D2: H3 | E2: H4 | F2: H5 | G2: H6 | H2: H7 | I2: H8 | J2: H9 | K2: H10 | L2: H11 | M2: H12 | N2: H13 | O2: H14 | P2: H15 | Q2: H16 | R2: H17 | S2: H18 | T2: H19 | U2: H20 | V2: H21 | W2: H22 | X2: H23 | Y2: H24
A3: Habil | B3: 0.027834527 | C3: 0.026682521 | D3: 0.025923893 | E3: 0.025439158 | F3: 0.025556097 | G3: 0.027259445 | H3: 0.032350135 | I3: 0.040455761 | J3: 0.047464293 | K3: 0.051692777 | L3: 0.054607079 | M3: 0.05493643 | N3: 0.052911056 | O3: 0.054485015 | P3: 0.056958239 | Q3: 0.057105703 | R3: 0.054820804 | S3: 0.051080543 | T3: 0.047845564 | U3: 0.044575088 | V3: 0.040435268 | W3: 0.036298963 | X3: 0.032954022 | Y3: 0.030327619
A4: Sabado | B4: 0.031933621 | C4: 0.030285079 | D4: 0.02935318 | E4: 0.028733579 | F4: 0.028654972 | G4: 0.029977253 | H4: 0.034030119 | I4: 0.040020468 | J4: 0.046345254 | K4: 0.051632171 | L4: 0.055400723 | M4: 0.055432951 | N4: 0.052958111 | O4: 0.051848023 | P4: 0.050438564 | Q4: 0.049277928 | R4: 0.047857004 | S4: 0.0471393 | T4: 0.046673457 | U4: 0.044979657 | V4: 0.042158325 | W4: 0.038032949 | X4: 0.03456292 | Y4: 0.032274391
A5: Festivo | B5: 0.0369262 | C5: 0.035565247 | D5: 0.034193693 | E5: 0.033394425 | F5: 0.032854151 | G5: 0.032653619 | H5: 0.033632199 | I5: 0.036341608 | J5: 0.040377423 | K5: 0.043732241 | L5: 0.047238598 | M5: 0.049884901 | N5: 0.050097655 | O5: 0.049054338 | P5: 0.047949351 | Q5: 0.047121269 | R5: 0.046744813 | S5: 0.046327025 | T5: 0.047122858 | U5: 0.046196154 | V5: 0.044346624 | W5: 0.041928399 | X5: 0.039253217 | Y5: 0.037063992
A8: CURVA ACTUALIZADA CON DEMANDAS PROYECCION DEMANDA REGULADA MATRICIAL 2014 (Enero 2014)
