Workbook

Sheet Oferta Producto No. 1
D2: ANEXO No. 1 OFERTAS Y CANTIDADES
C3: OFERTA MERCANTIL IRREVOCABLE A LA EMPRESA DE ENERGIA DE PEREIRA S.A. ESP. INVITACIÓN PARA EL SUMINISTRO DE ENERGÍA ELÉCTRICA CON DESTINO AL MERCADO REGULADO CONVOCATORIA PÚBLICA No. 006-2025 - CP-EEPC2025-006
D4: PRODUCTO No. 1
C6: EMPRESA: XXXXXXXXXXXXXXXXXXXXXXXXXXXXXX
C7: REPRESENTANTE LEGAL: XXXXXXXXXXXXXXXXXXXXXXXXXXXXXX
C8: TIPO DE AGENTE: (COMERCIALIZADOR/GENERADOR)
C9: ="PRODUCTO OFERTADO: "&D4 -> PRODUCTO OFERTADO: PRODUCTO No. 1
C11: Las tarifas ofertadas están referidas en pesos constantes de abril de 2025 provisional
F13: ="Oferta " & PROPER(D4) -> Oferta Producto No. 1
F14: Periodo | G14: Energía requerida (MWh-mes) | H14: Energía ofertada (%) | I14: Energía ofertada (MWh-mes) | J14: Tarifa monomia ($/kWh)
A15: 22.85 | B15: 31 | F15: =+'Cantidades Producto No. 1'!A25 -> 46023 | G15: =+SUMIFS('Cantidades Producto No. 1'!$Z$25:$Z$36,'Cantidades Producto No. 1'!$A$25:$A$36,'Oferta Producto No. 1'!$F15) -> 4541.5984
B16: 28 | F16: =+'Cantidades Producto No. 1'!A26 -> 46054 | G16: =+SUMIFS('Cantidades Producto No. 1'!$Z$25:$Z$36,'Cantidades Producto No. 1'!$A$25:$A$36,'Oferta Producto No. 1'!$F16) -> 4102.0889
B17: 31 | F17: =+'Cantidades Producto No. 1'!A27 -> 46082 | G17: =+SUMIFS('Cantidades Producto No. 1'!$Z$25:$Z$36,'Cantidades Producto No. 1'!$A$25:$A$36,'Oferta Producto No. 1'!$F17) -> 4541.5984
B18: 30 | F18: =+'Cantidades Producto No. 1'!A28 -> 46113 | G18: =+SUMIFS('Cantidades Producto No. 1'!$Z$25:$Z$36,'Cantidades Producto No. 1'!$A$25:$A$36,'Oferta Producto No. 1'!$F18) -> 4395.0952
B19: 31 | F19: =+'Cantidades Producto No. 1'!A29 -> 46143 | G19: =+SUMIFS('Cantidades Producto No. 1'!$Z$25:$Z$36,'Cantidades Producto No. 1'!$A$25:$A$36,'Oferta Producto No. 1'!$F19) -> 3269.7299
B20: 30 | F20: =+'Cantidades Producto No. 1'!A30 -> 46174 | G20: =+SUMIFS('Cantidades Producto No. 1'!$Z$25:$Z$36,'Cantidades Producto No. 1'!$A$25:$A$36,'Oferta Producto No. 1'!$F20) -> 3164.2548
B21: 31 | F21: =+'Cantidades Producto No. 1'!A31 -> 46204 | G21: =+SUMIFS('Cantidades Producto No. 1'!$Z$25:$Z$36,'Cantidades Producto No. 1'!$A$25:$A$36,'Oferta Producto No. 1'!$F21) -> 3269.7299
B22: 31 | F22: =+'Cantidades Producto No. 1'!A32 -> 46235 | G22: =+SUMIFS('Cantidades Producto No. 1'!$Z$25:$Z$36,'Cantidades Producto No. 1'!$A$25:$A$36,'Oferta Producto No. 1'!$F22) -> 3269.7299
B23: 30 | F23: =+'Cantidades Producto No. 1'!A33 -> 46266 | G23: =+SUMIFS('Cantidades Producto No. 1'!$Z$25:$Z$36,'Cantidades Producto No. 1'!$A$25:$A$36,'Oferta Producto No. 1'!$F23) -> 3164.2548
B24: 31 | F24: =+'Cantidades Producto No. 1'!A34 -> 46296 | G24: =+SUMIFS('Cantidades Producto No. 1'!$Z$25:$Z$36,'Cantidades Producto No. 1'!$A$25:$A$36,'Oferta Producto No. 1'!$F24) -> 3269.7299
B25: 30 | F25: =+'Cantidades Producto No. 1'!A35 -> 46327 | G25: =+SUMIFS('Cantidades Producto No. 1'!$Z$25:$Z$36,'Cantidades Producto No. 1'!$A$25:$A$36,'Oferta Producto No. 1'!$F25) -> 4395.0952
B26: 31 | F26: =+'Cantidades Producto No. 1'!A36 -> 46357 | G26: =+SUMIFS('Cantidades Producto No. 1'!$Z$25:$Z$36,'Cantidades Producto No. 1'!$A$25:$A$36,'Oferta Producto No. 1'!$F26) -> 4541.5984
F27: TOTAL | G27: =SUM(G15:G26) -> 45924.504
B29: Notas
B31: (1) Oferta válida para la modalidad Pague lo Contratado.
B32: ="(2) Las cantidades se distribuyen de acuerdo a la curva del Anexo 1. Ofertas y Cantidades "& D4 &" de los Pliegos de Condiciones definitivos." -> (2) Las cantidades se distribuyen de acuerdo a la curva del Anexo 1. Ofertas y Cantidades PRODUCTO No. 1 de los Pliegos de Condiciones definitivos.
B33: (3) La cantidad de energía es equivalente a un porcentaje de las cantidades de energía requerida por la Empresa de Energía de Pereira S.A. ESP. (para todo el año/para cada mes), de acuerdo con el Anexo No.1 Ofertas y Cantidades PRODUCTO No. 1 de los Pliegos definitivos, que se aplicarán para todas las 24 horas del día de la curva establecida en dicho Anexo, presentando una tarifa para cada año sin ningún tipo de discriminación por mes, ni tipo de carga ni tipo de día.
B34: (4) Esta oferta NO presenta restricciones tales como adjudicación mínima o total u otras que no permitan la evaluación objetiva e integral del producto ofertado.
B35: (5) Los precios ofertados incluyen todos los pagos, cargos, impuestos, estampillas, etc., que el Proponente deba realizar ante cualquier entidad gubernamental, o empresa pública, privada o mixta para entregar la energía en la frontera con el Sistema de Transmisión Nacional – STN.
B36: (6) Las cantidades ofertadas están sujetas a la adjudicación en la misma proporción respecto a las cantidades ofertadas para todos y cada uno de los meses del año. Es decir, si la Empresa de Energía de Pereira decide adjudicar, por ejemplo, el 50% de lo ofertado en cualesquiera de los meses de alguno de los años, ese mismo porcentaje debe ser adjudicado en el resto de cada uno de los meses de ese año.

Sheet Cantidades Producto No. 1
AJ1: …..
A2: EMPRESA DE ENERGÍA DE PEREIRA S.A. E.S.P.
A3: PRODUCTO No. 1
A5: DEMANDA DIARIA ESTIMADA TO [MWh]
A7: MES | B7: H1 | C7: H2 | D7: H3 | E7: H4 | F7: H5 | G7: H6 | H7: H7 | I7: H8 | J7: H9 | K7: H10 | L7: H11 | M7: H12 | N7: H13 | O7: H14 | P7: H15 | Q7: H16 | R7: H17 | S7: H18 | T7: H19 | U7: H20 | V7: H21 | W7: H22 | X7: H23 | Y7: H24 | Z7: TOTAL | AA7: Días
A8: 46023 | B8: 6.1042989 | C8: 6.1042989 | D8: 6.1042989 | E8: 6.1042989 | F8: 6.1042989 | G8: 6.1042989 | H8: 6.1042989 | I8: 6.1042989 | J8: 6.1042989 | K8: 6.1042989 | L8: 6.1042989 | M8: 6.1042989 | N8: 6.1042989 | O8: 6.1042989 | P8: 6.1042989 | Q8: 6.1042989 | R8: 6.1042989 | S8: 6.1042989 | T8: 6.1042989 | U8: 6.1042989 | V8: 6.1042989 | W8: 6.1042989 | X8: 6.1042989 | Y8: 6.1042989 | Z8: 146.50317 | AA8: 31 | AB8: 4541.5984 | AD8: HABIL
A9: 46054 | B9: 6.1042989 | C9: 6.1042989 | D9: 6.1042989 | E9: 6.1042989 | F9: 6.1042989 | G9: 6.1042989 | H9: 6.1042989 | I9: 6.1042989 | J9: 6.1042989 | K9: 6.1042989 | L9: 6.1042989 | M9: 6.1042989 | N9: 6.1042989 | O9: 6.1042989 | P9: 6.1042989 | Q9: 6.1042989 | R9: 6.1042989 | S9: 6.1042989 | T9: 6.1042989 | U9: 6.1042989 | V9: 6.1042989 | W9: 6.1042989 | X9: 6.1042989 | Y9: 6.1042989 | Z9: 146.50317 | AA9: 28 | AB9: 4102.0889 | AD9: HABIL
A10: 46082 | B10: 6.1042989 | C10: 6.1042989 | D10: 6.1042989 | E10: 6.1042989 | F10: 6.1042989 | G10: 6.1042989 | H10: 6.1042989 | I10: 6.1042989 | J10: 6.1042989 | K10: 6.1042989 | L10: 6.1042989 | M10: 6.1042989 | N10: 6.1042989 | O10: 6.1042989 | P10: 6.1042989 | Q10: 6.1042989 | R10: 6.1042989 | S10: 6.1042989 | T10: 6.1042989 | U10: 6.1042989 | V10: 6.1042989 | W10: 6.1042989 | X10: 6.1042989 | Y10: 6.1042989 | Z10: 146.50317 | AA10: 31 | AB10: 4541.5984 | AD10: HABIL
A11: 46113 | B11: 6.1042989 | C11: 6.1042989 | D11: 6.1042989 | E11: 6.1042989 | F11: 6.1042989 | G11: 6.1042989 | H11: 6.1042989 | I11: 6.1042989 | J11: 6.1042989 | K11: 6.1042989 | L11: 6.1042989 | M11: 6.1042989 | N11: 6.1042989 | O11: 6.1042989 | P11: 6.1042989 | Q11: 6.1042989 | R11: 6.1042989 | S11: 6.1042989 | T11: 6.1042989 | U11: 6.1042989 | V11: 6.1042989 | W11: 6.1042989 | X11: 6.1042989 | Y11: 6.1042989 | Z11: 146.50317 | AA11: 30 | AB11: 4395.0952 | AD11: HABIL
A12: 46143 | B12: 4.3947983 | C12: 4.3947983 | D12: 4.3947983 | E12: 4.3947983 | F12: 4.3947983 | G12: 4.3947983 | H12: 4.3947983 | I12: 4.3947983 | J12: 4.3947983 | K12: 4.3947983 | L12: 4.3947983 | M12: 4.3947983 | N12: 4.3947983 | O12: 4.3947983 | P12: 4.3947983 | Q12: 4.3947983 | R12: 4.3947983 | S12: 4.3947983 | T12: 4.3947983 | U12: 4.3947983 | V12: 4.3947983 | W12: 4.3947983 | X12: 4.3947983 | Y12: 4.3947983 | Z12: 105.47516 | AA12: 31 | AB12: 3269.7299 | AD12: HABIL
A13: 46174 | B13: 4.3947983 | C13: 4.3947983 | D13: 4.3947983 | E13: 4.3947983 | F13: 4.3947983 | G13: 4.3947983 | H13: 4.3947983 | I13: 4.3947983 | J13: 4.3947983 | K13: 4.3947983 | L13: 4.3947983 | M13: 4.3947983 | N13: 4.3947983 | O13: 4.3947983 | P13: 4.3947983 | Q13: 4.3947983 | R13: 4.3947983 | S13: 4.3947983 | T13: 4.3947983 | U13: 4.3947983 | V13: 4.3947983 | W13: 4.3947983 | X13: 4.3947983 | Y13: 4.3947983 | Z13: 105.47516 | AA13: 30 | AB13: 3164.2548 | AD13: HABIL
A14: 46204 | B14: 4.3947983 | C14: 4.3947983 | D14: 4.3947983 | E14: 4.3947983 | F14: 4.3947983 | G14: 4.3947983 | H14: 4.3947983 | I14: 4.3947983 | J14: 4.3947983 | K14: 4.3947983 | L14: 4.3947983 | M14: 4.3947983 | N14: 4.3947983 | O14: 4.3947983 | P14: 4.3947983 | Q14: 4.3947983 | R14: 4.3947983 | S14: 4.3947983 | T14: 4.3947983 | U14: 4.3947983 | V14: 4.3947983 | W14: 4.3947983 | X14: 4.3947983 | Y14: 4.3947983 | Z14: 105.47516 | AA14: 31 | AB14: 3269.7299 | AD14: HABIL
A15: 46235 | B15: 4.3947983 | C15: 4.3947983 | D15: 4.3947983 | E15: 4.3947983 | F15: 4.3947983 | G15: 4.3947983 | H15: 4.3947983 | I15: 4.3947983 | J15: 4.3947983 | K15: 4.3947983 | L15: 4.3947983 | M15: 4.3947983 | N15: 4.3947983 | O15: 4.3947983 | P15: 4.3947983 | Q15: 4.3947983 | R15: 4.3947983 | S15: 4.3947983 | T15: 4.3947983 | U15: 4.3947983 | V15: 4.3947983 | W15: 4.3947983 | X15: 4.3947983 | Y15: 4.3947983 | Z15: 105.47516 | AA15: 31 | AB15: 3269.7299 | AD15: HABIL
A16: 46266 | B16: 4.3947983 | C16: 4.3947983 | D16: 4.3947983 | E16: 4.3947983 | F16: 4.3947983 | G16: 4.3947983 | H16: 4.3947983 | I16: 4.3947983 | J16: 4.3947983 | K16: 4.3947983 | L16: 4.3947983 | M16: 4.3947983 | N16: 4.3947983 | O16: 4.3947983 | P16: 4.3947983 | Q16: 4.3947983 | R16: 4.3947983 | S16: 4.3947983 | T16: 4.3947983 | U16: 4.3947983 | V16: 4.3947983 | W16: 4.3947983 | X16: 4.3947983 | Y16: 4.3947983 | Z16: 105.47516 | AA16: 30 | AB16: 3164.2548 | AD16: HABIL
A17: 46296 | B17: 4.3947983 | C17: 4.3947983 | D17: 4.3947983 | E17: 4.3947983 | F17: 4.3947983 | G17: 4.3947983 | H17: 4.3947983 | I17: 4.3947983 | J17: 4.3947983 | K17: 4.3947983 | L17: 4.3947983 | M17: 4.3947983 | N17: 4.3947983 | O17: 4.3947983 | P17: 4.3947983 | Q17: 4.3947983 | R17: 4.3947983 | S17: 4.3947983 | T17: 4.3947983 | U17: 4.3947983 | V17: 4.3947983 | W17: 4.3947983 | X17: 4.3947983 | Y17: 4.3947983 | Z17: 105.47516 | AA17: 31 | AB17: 3269.7299 | AD17: HABIL
A18: 46327 | B18: 6.1042989 | C18: 6.1042989 | D18: 6.1042989 | E18: 6.1042989 | F18: 6.1042989 | G18: 6.1042989 | H18: 6.1042989 | I18: 6.1042989 | J18: 6.1042989 | K18: 6.1042989 | L18: 6.1042989 | M18: 6.1042989 | N18: 6.1042989 | O18: 6.1042989 | P18: 6.1042989 | Q18: 6.1042989 | R18: 6.1042989 | S18: 6.1042989 | T18: 6.1042989 | U18: 6.1042989 | V18: 6.1042989 | W18: 6.1042989 | X18: 6.1042989 | Y18: 6.1042989 | Z18: 146.50317 | AA18: 30 | AB18: 4395.0952 | AD18: HABIL
A19: 46357 | B19: 6.1042989 | C19: 6.1042989 | D19: 6.1042989 | E19: 6.1042989 | F19: 6.1042989 | G19: 6.1042989 | H19: 6.1042989 | I19: 6.1042989 | J19: 6.1042989 | K19: 6.1042989 | L19: 6.1042989 | M19: 6.1042989 | N19: 6.1042989 | O19: 6.1042989 | P19: 6.1042989 | Q19: 6.1042989 | R19: 6.1042989 | S19: 6.1042989 | T19: 6.1042989 | U19: 6.1042989 | V19: 6.1042989 | W19: 6.1042989 | X19: 6.1042989 | Y19: 6.1042989 | Z19: 146.50317 | AA19: 31 | AB19: 4541.5984 | AD19: HABIL
A22: DEMANDA DIARIA ESTIMADA TOTAL [MWh]
A24: MES | B24: H1 | C24: H2 | D24: H3 | E24: H4 | F24: H5 | G24: H6 | H24: H7 | I24: H8 | J24: H9 | K24: H10 | L24: H11 | M24: H12 | N24: H13 | O24: H14 | P24: H15 | Q24: H16 | R24: H17 | S24: H18 | T24: H19 | U24: H20 | V24: H21 | W24: H22 | X24: H23 | Y24: H24 | Z24: TOTAL | AA24: Días
A25: 46023 | B25: 189.23327 | C25: 189.23327 | D25: 189.23327 | E25: 189.23327 | F25: 189.23327 | G25: 189.23327 | H25: 189.23327 | I25: 189.23327 | J25: 189.23327 | K25: 189.23327 | L25: 189.23327 | M25: 189.23327 | N25: 189.23327 | O25: 189.23327 | P25: 189.23327 | Q25: 189.23327 | R25: 189.23327 | S25: 189.23327 | T25: 189.23327 | U25: 189.23327 | V25: 189.23327 | W25: 189.23327 | X25: 189.23327 | Y25: 189.23327 | Z25: 4541.5984 | AA25: 31
A26: 46054 | B26: 170.92037 | C26: 170.92037 | D26: 170.92037 | E26: 170.92037 | F26: 170.92037 | G26: 170.92037 | H26: 170.92037 | I26: 170.92037 | J26: 170.92037 | K26: 170.92037 | L26: 170.92037 | M26: 170.92037 | N26: 170.92037 | O26: 170.92037 | P26: 170.92037 | Q26: 170.92037 | R26: 170.92037 | S26: 170.92037 | T26: 170.92037 | U26: 170.92037 | V26: 170.92037 | W26: 170.92037 | X26: 170.92037 | Y26: 170.92037 | Z26: 4102.0889 | AA26: 28
A27: 46082 | B27: 189.23327 | C27: 189.23327 | D27: 189.23327 | E27: 189.23327 | F27: 189.23327 | G27: 189.23327 | H27: 189.23327 | I27: 189.23327 | J27: 189.23327 | K27: 189.23327 | L27: 189.23327 | M27: 189.23327 | N27: 189.23327 | O27: 189.23327 | P27: 189.23327 | Q27: 189.23327 | R27: 189.23327 | S27: 189.23327 | T27: 189.23327 | U27: 189.23327 | V27: 189.23327 | W27: 189.23327 | X27: 189.23327 | Y27: 189.23327 | Z27: 4541.5984 | AA27: 31
A28: 46113 | B28: 183.12897 | C28: 183.12897 | D28: 183.12897 | E28: 183.12897 | F28: 183.12897 | G28: 183.12897 | H28: 183.12897 | I28: 183.12897 | J28: 183.12897 | K28: 183.12897 | L28: 183.12897 | M28: 183.12897 | N28: 183.12897 | O28: 183.12897 | P28: 183.12897 | Q28: 183.12897 | R28: 183.12897 | S28: 183.12897 | T28: 183.12897 | U28: 183.12897 | V28: 183.12897 | W28: 183.12897 | X28: 183.12897 | Y28: 183.12897 | Z28: 4395.0952 | AA28: 30
A29: 46143 | B29: 136.23875 | C29: 136.23875 | D29: 136.23875 | E29: 136.23875 | F29: 136.23875 | G29: 136.23875 | H29: 136.23875 | I29: 136.23875 | J29: 136.23875 | K29: 136.23875 | L29: 136.23875 | M29: 136.23875 | N29: 136.23875 | O29: 136.23875 | P29: 136.23875 | Q29: 136.23875 | R29: 136.23875 | S29: 136.23875 | T29: 136.23875 | U29: 136.23875 | V29: 136.23875 | W29: 136.23875 | X29: 136.23875 | Y29: 136.23875 | Z29: 3269.7299 | AA29: 31
A30: 46174 | B30: 131.84395 | C30: 131.84395 | D30: 131.84395 | E30: 131.84395 | F30: 131.84395 | G30: 131.84395 | H30: 131.84395 | I30: 131.84395 | J30: 131.84395 | K30: 131.84395 | L30: 131.84395 | M30: 131.84395 | N30: 131.84395 | O30: 131.84395 | P30: 131.84395 | Q30: 131.84395 | R30: 131.84395 | S30: 131.84395 | T30: 131.84395 | U30: 131.84395 | V30: 131.84395 | W30: 131.84395 | X30: 131.84395 | Y30: 131.84395 | Z30: 3164.2548 | AA30: 30
A31: 46204 | B31: 136.23875 | C31: 136.23875 | D31: 136.23875 | E31: 136.23875 | F31: 136.23875 | G31: 136.23875 | H31: 136.23875 | I31: 136.23875 | J31: 136.23875 | K31: 136.23875 | L31: 136.23875 | M31: 136.23875 | N31: 136.23875 | O31: 136.23875 | P31: 136.23875 | Q31: 136.23875 | R31: 136.23875 | S31: 136.23875 | T31: 136.23875 | U31: 136.23875 | V31: 136.23875 | W31: 136.23875 | X31: 136.23875 | Y31: 136.23875 | Z31: 3269.7299 | AA31: 31
A32: 46235 | B32: 136.23875 | C32: 136.23875 | D32: 136.23875 | E32: 136.23875 | F32: 136.23875 | G32: 136.23875 | H32: 136.23875 | I32: 136.23875 | J32: 136.23875 | K32: 136.23875 | L32: 136.23875 | M32: 136.23875 | N32: 136.23875 | O32: 136.23875 | P32: 136.23875 | Q32: 136.23875 | R32: 136.23875 | S32: 136.23875 | T32: 136.23875 | U32: 136.23875 | V32: 136.23875 | W32: 136.23875 | X32: 136.23875 | Y32: 136.23875 | Z32: 3269.7299 | AA32: 31
A33: 46266 | B33: 131.84395 | C33: 131.84395 | D33: 131.84395 | E33: 131.84395 | F33: 131.84395 | G33: 131.84395 | H33: 131.84395 | I33: 131.84395 | J33: 131.84395 | K33: 131.84395 | L33: 131.84395 | M33: 131.84395 | N33: 131.84395 | O33: 131.84395 | P33: 131.84395 | Q33: 131.84395 | R33: 131.84395 | S33: 131.84395 | T33: 131.84395 | U33: 131.84395 | V33: 131.84395 | W33: 131.84395 | X33: 131.84395 | Y33: 131.84395 | Z33: 3164.2548 | AA33: 30
A34: 46296 | B34: 136.23875 | C34: 136.23875 | D34: 136.23875 | E34: 136.23875 | F34: 136.23875 | G34: 136.23875 | H34: 136.23875 | I34: 136.23875 | J34: 136.23875 | K34: 136.23875 | L34: 136.23875 | M34: 136.23875 | N34: 136.23875 | O34: 136.23875 | P34: 136.23875 | Q34: 136.23875 | R34: 136.23875 | S34: 136.23875 | T34: 136.23875 | U34: 136.23875 | V34: 136.23875 | W34: 136.23875 | X34: 136.23875 | Y34: 136.23875 | Z34: 3269.7299 | AA34: 31
A35: 46327 | B35: 183.12897 | C35: 183.12897 | D35: 183.12897 | E35: 183.12897 | F35: 183.12897 | G35: 183.12897 | H35: 183.12897 | I35: 183.12897 | J35: 183.12897 | K35: 183.12897 | L35: 183.12897 | M35: 183.12897 | N35: 183.12897 | O35: 183.12897 | P35: 183.12897 | Q35: 183.12897 | R35: 183.12897 | S35: 183.12897 | T35: 183.12897 | U35: 183.12897 | V35: 183.12897 | W35: 183.12897 | X35: 183.12897 | Y35: 183.12897 | Z35: 4395.0952 | AA35: 30
A36: 46357 | B36: 189.23327 | C36: 189.23327 | D36: 189.23327 | E36: 189.23327 | F36: 189.23327 | G36: 189.23327 | H36: 189.23327 | I36: 189.23327 | J36: 189.23327 | K36: 189.23327 | L36: 189.23327 | M36: 189.23327 | N36: 189.23327 | O36: 189.23327 | P36: 189.23327 | Q36: 189.23327 | R36: 189.23327 | S36: 189.23327 | T36: 189.23327 | U36: 189.23327 | V36: 189.23327 | W36: 189.23327 | X36: 189.23327 | Y36: 189.23327 | Z36: 4541.5984 | AA36: 31

Sheet Oferta Producto No. 2 
D2: ANEXO No. 1 OFERTAS Y CANTIDADES
C3: OFERTA MERCANTIL IRREVOCABLE A LA EMPRESA DE ENERGIA DE PEREIRA S.A. ESP. INVITACIÓN PARA EL SUMINISTRO DE ENERGÍA ELÉCTRICA CON DESTINO AL MERCADO REGULADO CONVOCATORIA PÚBLICA No. 006-2025 - CP-EEPC2025-006
D4: PRODUCTO No. 2
C6: EMPRESA: XXXXXXXXXXXXXXXXXXXXXXXXXXXXXX
C7: REPRESENTANTE LEGAL: XXXXXXXXXXXXXXXXXXXXXXXXXXXXXX
C8: TIPO DE AGENTE: (COMERCIALIZADOR/GENERADOR)
C9: ="PRODUCTO OFERTADO: "&D4 -> PRODUCTO OFERTADO: PRODUCTO No. 2
C11: Las tarifas ofertadas están referidas en pesos constantes de abril de 2025 provisional
F13: ="Oferta " & PROPER(D4) -> Oferta Producto No. 2
F14: Periodo | G14: Energía requerida (MWh-mes) | H14: Energía ofertada (%) | I14: Energía ofertada (MWh-mes) | J14: Tarifa monomia ($/kWh)
A15: 22.85 | B15: 31 | F15: =+'Cantidades Producto No. 2'!A16 -> 46023 | G15: =+'Cantidades Producto No. 2'!AB16 -> 10689.265
F16: TOTAL | G16: =SUM(G15:G15) -> 10689.265
B18: Notas
B20: (1) Oferta válida para la modalidad Pague lo Contratado.
B21: ="(2) Las cantidades se distribuyen de acuerdo a la curva del Anexo 1. Ofertas y Cantidades "& D4 &" de los Pliegos de Condiciones definitivos" -> (2) Las cantidades se distribuyen de acuerdo a la curva del Anexo 1. Ofertas y Cantidades PRODUCTO No. 2 de los Pliegos de Condiciones definitivos
B22: (3) La cantidad de energía es equivalente a un porcentaje de las cantidades de energía requerida por la Empresa de Energía de Pereira S.A. ESP. (para todo el año/para cada mes), de acuerdo con el Anexo No.1 Ofertas y Cantidades PRODUCTO No. 2 de los Pliegos definitivos, que se aplicarán para todas las 24 horas del día de la curva establecida en dicho Anexo, presentando una tarifa para cada año sin ningún tipo de discriminación por mes, ni tipo de carga ni tipo de día.
B23: (4) Esta oferta NO presenta restricciones tales como adjudicación mínima o total u otras que no permitan la evaluación objetiva e integral del producto ofertado.
B24: (5) Los precios ofertados incluyen todos los pagos, cargos, impuestos, estampillas, etc., que el Proponente deba realizar ante cualquier entidad gubernamental, o empresa pública, privada o mixta para entregar la energía en la frontera con el Sistema de Transmisión Nacional – STN.
B25: (6) Las cantidades ofertadas están sujetas a la adjudicación en la misma proporción respecto a las cantidades ofertadas para todos y cada uno de los meses del año. Es decir, si la Empresa de Energía de Pereira decide adjudicar, por ejemplo, el 50% de lo ofertado en cualesquiera de los meses de alguno de los años, ese mismo porcentaje debe ser adjudicado en el resto de cada uno de los meses de ese año.

Sheet Cantidades Producto No. 2
A2: EMPRESA DE ENERGÍA DE PEREIRA S.A. E.S.P.
A3: PRODUCTO No. 2
A7: MES | B7: H1 | C7: H2 | D7: H3 | E7: H4 | F7: H5 | G7: H6 | H7: H7 | I7: H8 | J7: H9 | K7: H10 | L7: H11 | M7: H12 | N7: H13 | O7: H14 | P7: H15 | Q7: H16 | R7: H17 | S7: H18 | T7: H19 | U7: H20 | V7: H21 | W7: H22 | X7: H23 | Y7: H24 | Z7: TOTAL | AA7: Días | AD7: TIPO DE DÍA
A8: 46023 | B8: 9.2077045 | C8: 7.8565915 | D8: 7.1306735 | E8: 6.86582 | F8: 7.3258476 | G8: 8.9327812 | H8: 11.643154 | I8: 10.543049 | J8: 13.395019 | K8: 15.558158 | L8: 17.640667 | M8: 19.562761 | N8: 19.538427 | O8: 19.149647 | P8: 19.550609 | Q8: 19.447499 | R8: 18.821081 | S8: 22.08762 | T8: 22.743724 | U8: 23.489344 | V8: 22.088883 | W8: 19.876029 | X8: 16.421878 | Y8: 12.562399 | Z8: 371.43937 | AA8: 20 | AB8: 7428.7873 | AD8: HABIL
A9: 46023 | B9: 9.4715824 | C9: 8.0314914 | D9: 7.1833835 | E9: 6.7236147 | F9: 6.8874238 | G9: 7.7417268 | H9: 9.781185 | I9: 8.7715978 | J9: 11.791434 | K9: 14.403493 | L9: 16.166785 | M9: 17.655531 | N9: 17.848803 | O9: 16.945332 | P9: 16.18176 | Q9: 15.863686 | R9: 15.325362 | S9: 19.575974 | T9: 20.853722 | U9: 21.423017 | V9: 19.96792 | W9: 17.95488 | X9: 15.289561 | Y9: 12.546079 | Z9: 334.38534 | AA9: 5 | AB9: 1671.9267 | AD9: SABADOS
A10: 46023 | B10: 9.8249971 | C10: 8.3959094 | D10: 7.217736 | E10: 6.7502376 | F10: 6.471678 | G10: 6.5708516 | H10: 7.2930142 | I10: 4.5835493 | J10: 6.3125698 | K10: 8.1762614 | L10: 9.7637023 | M10: 11.212709 | N10: 12.206336 | O10: 12.306179 | P10: 11.859374 | Q10: 11.622992 | R10: 11.524029 | S10: 15.780552 | T10: 17.304648 | U10: 18.995514 | V10: 18.498533 | W10: 16.768582 | X10: 14.198078 | Y10: 11.609229 | Z10: 265.24726 | AA10: 5 | AB10: 1326.2363 | AD10: DOMINGOS Y FESTIVOS
A11: 46023 | B11: 8.5904892 | C11: 7.1849229 | D11: 6.3001345 | E11: 5.789405 | F11: 5.7773538 | G11: 6.2216209 | H11: 7.5194827 | I11: 5.0744191 | J11: 6.9514102 | K11: 9.129973 | L11: 11.161487 | M11: 12.755267 | N11: 13.567153 | O11: 13.034941 | P11: 11.745179 | Q11: 11.189287 | R11: 11.346101 | S11: 16.350444 | T11: 18.063755 | U11: 18.918897 | V11: 17.743234 | W11: 15.57101 | X11: 12.60311 | Y11: 9.7257063 | Z11: 262.31478 | AA11: 1 | AB11: 262.31478 | AD11: LUNES FESTIVOS
A13: DEMANDA DIARIA ESTIMADA TOTAL [MWh]
A15: MES | B15: H1 | C15: H2 | D15: H3 | E15: H4 | F15: H5 | G15: H6 | H15: H7 | I15: H8 | J15: H9 | K15: H10 | L15: H11 | M15: H12 | N15: H13 | O15: H14 | P15: H15 | Q15: H16 | R15: H17 | S15: H18 | T15: H19 | U15: H20 | V15: H21 | W15: H22 | X15: H23 | Y15: H24 | Z15: TOTAL | AA15: Días
A16: 46023 | B16: 289.22748 | C16: 246.45376 | D16: 220.9192 | E16: 210.47507 | F16: 219.08981 | G16: 256.44014 | H16: 325.75357 | I16: 282.71114 | J16: 365.37181 | K16: 433.19191 | L16: 493.62726 | M16: 548.35168 | N16: 554.61138 | O16: 542.28544 | P16: 542.96303 | Q16: 537.57265 | R16: 522.01466 | S16: 634.88547 | T16: 663.73008 | U16: 690.79844 | V16: 651.85317 | W16: 586.7089 | X16: 488.47887 | Y16: 381.75023 | Z16: 10689.265 | AA16: 31 | AB16: 10689.265

Sheet Oferta Producto Base Curva
D2: ANEXO No. 1 OFERTAS Y CANTIDADES
C3: OFERTA MERCANTIL IRREVOCABLE A LA EMPRESA DE ENERGIA DE PEREIRA S.A. ESP. INVITACIÓN PARA EL SUMINISTRO DE ENERGÍA ELÉCTRICA CON DESTINO AL MERCADO REGULADO CONVOCATORIA PÚBLICA No. 005-2025 - CP-EEPC2025-005
D4: PRODUCTO No. 1
C6: EMPRESA: XXXXXXXXXXXXXXXXXXXXXXXXXXXXXX
C7: REPRESENTANTE LEGAL: XXXXXXXXXXXXXXXXXXXXXXXXXXXXXX
C8: TIPO DE AGENTE: (COMERCIALIZADOR/GENERADOR)
C9: ="PRODUCTO OFERTADO: "&D4 -> PRODUCTO OFERTADO: PRODUCTO No. 1
C11: Las tarifas ofertadas están referidas en pesos constantes de abril de 2025 provisional
F13: ="Oferta " & PROPER(D4) -> Oferta Producto No. 1
F14: Periodo | G14: Energía requerida (MWh-mes) | H14: Energía ofertada (%) | I14: Energía ofertada (MWh-mes) | J14: Tarifa monomia ($/kWh)
A15: 22.85 | B15: 31 | F15: =+#REF! -> #REF! | G15: =+SUMIFS(#REF!,#REF!,'Oferta Producto Base Curva'!$F15) -> #REF!
B16: 28 | F16: =+#REF! -> #REF! | G16: =+SUMIFS(#REF!,#REF!,'Oferta Producto Base Curva'!$F16) -> #REF!
B17: 31 | F17: =+#REF! -> #REF! | G17: =+SUMIFS(#REF!,#REF!,'Oferta Producto Base Curva'!$F17) -> #REF!
B18: 30 | F18: =+#REF! -> #REF! | G18: =+SUMIFS(#REF!,#REF!,'Oferta Producto Base Curva'!$F18) -> #REF!
B19: 31 | F19: =+#REF! -> #REF! | G19: =+SUMIFS(#REF!,#REF!,'Oferta Producto Base Curva'!$F19) -> #REF!
B20: 30 | F20: =+#REF! -> #REF! | G20: =+SUMIFS(#REF!,#REF!,'Oferta Producto Base Curva'!$F20) -> #REF!
B21: 31 | F21: =+#REF! -> #REF! | G21: =+SUMIFS(#REF!,#REF!,'Oferta Producto Base Curva'!$F21) -> #REF!
B22: 31 | F22: =+#REF! -> #REF! | G22: =+SUMIFS(#REF!,#REF!,'Oferta Producto Base Curva'!$F22) -> #REF!
B23: 30 | F23: =+#REF! -> #REF! | G23: =+SUMIFS(#REF!,#REF!,'Oferta Producto Base Curva'!$F23) -> #REF!
B24: 31 | F24: =+#REF! -> #REF! | G24: =+SUMIFS(#REF!,#REF!,'Oferta Producto Base Curva'!$F24) -> #REF!
B25: 30 | F25: =+#REF! -> #REF! | G25: =+SUMIFS(#REF!,#REF!,'Oferta Producto Base Curva'!$F25) -> #REF!
B26: 31 | F26: =+#REF! -> #REF! | G26: =+SUMIFS(#REF!,#REF!,'Oferta Producto Base Curva'!$F26) -> #REF!
F27: TOTAL | G27: =SUM(G15:G26) -> #REF!
B29: Notas
B31: (1) Oferta válida para la modalidad Pague lo Contratado.
B32: ="(2) Las cantidades se distribuyen de acuerdo a la curva del Anexo 1. Ofertas y Cantidades "& D4 &" de los Pliegos de Condiciones definitivos" -> (2) Las cantidades se distribuyen de acuerdo a la curva del Anexo 1. Ofertas y Cantidades PRODUCTO No. 1 de los Pliegos de Condiciones definitivos
B33: (3) La cantidad de energía es equivalente a un porcentaje de las cantidades de energía requerida por la Empresa de Energía de Pereira S.A. ESP. (para todo el año/para cada mes), de acuerdo con el Anexo No.1 Ofertas y Cantidades PRODUCTO No. 1 de los Pliegos definitivos, que se aplicarán para todas las 24 horas del día de la curva establecida en dicho Anexo, presentando una tarifa para cada año sin ningún tipo de discriminación por mes, ni tipo de carga ni tipo de día.
B34: (4) Esta oferta NO presenta restricciones tales como adjudicación mínima o total u otras que no permitan la evaluación objetiva e integral del producto ofertado.
B35: (5) Los precios ofertados incluyen todos los pagos, cargos, impuestos, estampillas, etc., que el Proponente deba realizar ante cualquier entidad gubernamental, o empresa pública, privada o mixta para entregar la energía en la frontera con el Sistema de Transmisión Nacional – STN.
B36: (6) Las cantidades ofertadas están sujetas a la adjudicación en la misma proporción respecto a las cantidades ofertadas para todos y cada uno de los meses del año. Es decir, si la Empresa de Energía de Pereira decide adjudicar, por ejemplo, el 50% de lo ofertado en cualesquiera de los meses de alguno de los años, ese mismo porcentaje debe ser adjudicado en el resto de cada uno de los meses de ese año.

Sheet Oferta Producto No. 3
D2: ANEXO No. 1 OFERTAS Y CANTIDADES
C3: OFERTA MERCANTIL IRREVOCABLE A LA EMPRESA DE ENERGIA DE PEREIRA S.A. ESP. INVITACIÓN PARA EL SUMINISTRO DE ENERGÍA ELÉCTRICA CON DESTINO AL MERCADO REGULADO CONVOCATORIA PÚBLICA No. 006-2025 - CP-EEPC2025-006
D4: PRODUCTO No. 3
C6: EMPRESA: XXXXXXXXXXXXXXXXXXXXXXXXXXXXXX
C7: REPRESENTANTE LEGAL: XXXXXXXXXXXXXXXXXXXXXXXXXXXXXX
C8: TIPO DE AGENTE: (COMERCIALIZADOR/GENERADOR)
C9: ="PRODUCTO OFERTADO: "&D4 -> PRODUCTO OFERTADO: PRODUCTO No. 3
C11: Las tarifas ofertadas están referidas en pesos constantes de abril de 2025 provisional
F13: ="Oferta " & PROPER(D4) -> Oferta Producto No. 3
F14: Periodo | G14: Energía requerida (MWh-mes) | H14: Energía ofertada (%) | I14: Energía ofertada (MWh-mes) | J14: Tarifa monomia ($/kWh)
A15: 22.85 | B15: 31 | F15: =+'Cantidades Producto No. 3'!A16 -> 46054 | G15: =+'Cantidades Producto No. 3'!AB16 -> 9801.7495
F16: TOTAL | G16: =SUM(G15:G15) -> 9801.7495
B18: Notas
B20: (1) Oferta válida para la modalidad Pague lo Contratado.
B21: ="(2) Las cantidades se distribuyen de acuerdo a la curva del Anexo 1. Ofertas y Cantidades "& D4 &" de los Pliegos de Condiciones definitivos" -> (2) Las cantidades se distribuyen de acuerdo a la curva del Anexo 1. Ofertas y Cantidades PRODUCTO No. 3 de los Pliegos de Condiciones definitivos
B22: (3) La cantidad de energía es equivalente a un porcentaje de las cantidades de energía requerida por la Empresa de Energía de Pereira S.A. ESP. (para todo el año/para cada mes), de acuerdo con el Anexo No.3 Ofertas y Cantidades PRODUCTO No. 1 de los Pliegos definitivos, que se aplicarán para todas las 24 horas del día de la curva establecida en dicho Anexo, presentando una tarifa para cada año sin ningún tipo de discriminación por mes, ni tipo de carga ni tipo de día.
B23: (4) Esta oferta NO presenta restricciones tales como adjudicación mínima o total u otras que no permitan la evaluación objetiva e integral del producto ofertado.
B24: (5) Los precios ofertados incluyen todos los pagos, cargos, impuestos, estampillas, etc., que el Proponente deba realizar ante cualquier entidad gubernamental, o empresa pública, privada o mixta para entregar la energía en la frontera con el Sistema de Transmisión Nacional – STN.
B25: (6) Las cantidades ofertadas están sujetas a la adjudicación en la misma proporción respecto a las cantidades ofertadas para todos y cada uno de los meses del año. Es decir, si la Empresa de Energía de Pereira decide adjudicar, por ejemplo, el 50% de lo ofertado en cualesquiera de los meses de alguno de los años, ese mismo porcentaje debe ser adjudicado en el resto de cada uno de los meses de ese año.

Sheet Cantidades Producto No. 3
A2: EMPRESA DE ENERGÍA DE PEREIRA S.A. E.S.P.
A3: PRODUCTO No. 3
A7: MES | B7: H1 | C7: H2 | D7: H3 | E7: H4 | F7: H5 | G7: H6 | H7: H7 | I7: H8 | J7: H9 | K7: H10 | L7: H11 | M7: H12 | N7: H13 | O7: H14 | P7: H15 | Q7: H16 | R7: H17 | S7: H18 | T7: H19 | U7: H20 | V7: H21 | W7: H22 | X7: H23 | Y7: H24 | Z7: TOTAL | AA7: Días | AD7: TIPO DE DÍA
A8: 46054 | B8: 8.8775662 | C8: 7.6612599 | D8: 6.9991902 | E8: 6.8099752 | F8: 7.4874009 | G8: 10.117835 | H8: 13.125506 | I8: 11.59907 | J8: 13.995179 | K8: 15.897988 | L8: 17.848021 | M8: 19.576144 | N8: 18.946475 | O8: 18.848407 | P8: 19.529386 | Q8: 19.591391 | R8: 19.018976 | S8: 21.481438 | T8: 21.402007 | U8: 22.595745 | V8: 21.575036 | W8: 19.363446 | X8: 15.778669 | Y8: 12.004782 | Z8: 370.13089 | AA8: 20 | AB8: 7402.6179 | AD8: HABIL
A9: 46054 | B9: 9.0421258 | C9: 7.7385717 | D9: 6.9925513 | E9: 6.6096147 | F9: 6.8226086 | G9: 7.9804072 | H9: 10.380041 | I9: 9.4559296 | J9: 12.38704 | K9: 14.551031 | L9: 16.288449 | M9: 17.381595 | N9: 17.352039 | O9: 16.739946 | P9: 16.221071 | Q9: 15.908089 | R9: 15.561644 | S9: 19.213878 | T9: 19.827935 | U9: 21.209525 | V9: 19.897981 | W9: 18.054889 | X9: 15.379823 | Y9: 12.708525 | Z9: 333.70531 | AA9: 4 | AB9: 1334.8212 | AD9: SABADOS
A10: 46054 | B10: 9.5288088 | C10: 8.0820641 | D10: 7.0479857 | E10: 6.4917047 | F10: 6.4116493 | G10: 6.8010339 | H10: 7.8708738 | I10: 5.6820073 | J10: 7.7927638 | K10: 9.7976375 | L10: 11.023003 | M10: 12.329655 | N10: 12.959812 | O10: 12.645146 | P10: 11.897324 | Q10: 11.409137 | R10: 11.105336 | S10: 15.247684 | T10: 16.067547 | U10: 18.646159 | V10: 18.053759 | W10: 16.107908 | X10: 13.041784 | Y10: 10.036807 | Z10: 266.07759 | AA10: 4 | AB10: 1064.3104 | AD10: DOMINGOS Y FESTIVOS
A11: 46054 | B11: 14.264457 | C11: 12.279732 | D11: 10.910324 | E11: 10.145596 | F11: 10.009264 | G11: 10.362683 | H11: 11.193157 | I11: 9.2658468 | J11: 12.158415 | K11: 14.865655 | L11: 16.659594 | M11: 18.393224 | N11: 19.194369 | O11: 18.728199 | P11: 17.659357 | Q11: 16.957465 | R11: 16.526991 | S11: 21.472557 | T11: 23.794006 | U11: 27.081187 | V11: 26.311047 | W11: 23.740457 | X11: 19.520493 | Y11: 15.350775 | Z11: 396.84485 | AA11: 0 | AB11: 0 | AD11: LUNES FESTIVOS
A13: DEMANDA DIARIA ESTIMADA TOTAL [MWh]
A15: MES | B15: H1 | C15: H2 | D15: H3 | E15: H4 | F15: H5 | G15: H6 | H15: H7 | I15: H8 | J15: H9 | K15: H10 | L15: H11 | M15: H12 | N15: H13 | O15: H14 | P15: H15 | Q15: H16 | R15: H17 | S15: H18 | T15: H19 | U15: H20 | V15: H21 | W15: H22 | X15: H23 | Y15: H24 | Z15: TOTAL | AA15: Días
A16: 46054 | B16: 251.83506 | C16: 216.50774 | D16: 196.14595 | E16: 188.60478 | F16: 202.68505 | G16: 261.48247 | H16: 335.51378 | I16: 292.53316 | J16: 360.6228 | K16: 415.35443 | L16: 466.20622 | M16: 510.36789 | N16: 500.17691 | O16: 494.50851 | P16: 503.0613 | Q16: 501.09671 | R16: 487.04744 | S16: 567.47501 | T16: 571.62207 | U16: 611.33764 | V16: 583.30769 | W16: 523.9201 | X16: 429.25981 | Y16: 331.07696 | Z16: 9801.7495 | AA16: 28 | AB16: 9801.7495 | AC16: 0

Sheet Oferta Producto No. 4
D2: ANEXO No. 1 OFERTAS Y CANTIDADES
C3: OFERTA MERCANTIL IRREVOCABLE A LA EMPRESA DE ENERGIA DE PEREIRA S.A. ESP. INVITACIÓN PARA EL SUMINISTRO DE ENERGÍA ELÉCTRICA CON DESTINO AL MERCADO REGULADO CONVOCATORIA PÚBLICA No. 006-2025 - CP-EEPC2025-006
D4: PRODUCTO No. 4
C6: EMPRESA: XXXXXXXXXXXXXXXXXXXXXXXXXXXXXX
C7: REPRESENTANTE LEGAL: XXXXXXXXXXXXXXXXXXXXXXXXXXXXXX
C8: TIPO DE AGENTE: (COMERCIALIZADOR/GENERADOR)
C9: ="PRODUCTO OFERTADO: "&D4 -> PRODUCTO OFERTADO: PRODUCTO No. 4
C11: Las tarifas ofertadas están referidas en pesos constantes de abril de 2025 provisional
F13: ="Oferta " & PROPER(D4) -> Oferta Producto No. 4
F14: Periodo | G14: Energía requerida (MWh-mes) | H14: Energía ofertada (%) | I14: Energía ofertada (MWh-mes) | J14: Tarifa monomia ($/kWh)
A15: 22.85 | B15: 31 | F15: =+'Cantidades Producto No. 4'!A16 -> 46082 | G15: =+'Cantidades Producto No. 4'!AB16 -> 9768.2325
F16: TOTAL | G16: =SUM(G15:G15) -> 9768.2325
B18: Notas
B20: (1) Oferta válida para la modalidad Pague lo Contratado.
B21: ="(2) Las cantidades se distribuyen de acuerdo a la curva del Anexo 1. Ofertas y Cantidades "& D4 &" de los Pliegos de Condiciones definitivos" -> (2) Las cantidades se distribuyen de acuerdo a la curva del Anexo 1. Ofertas y Cantidades PRODUCTO No. 4 de los Pliegos de Condiciones definitivos
B22: (3) La cantidad de energía es equivalente a un porcentaje de las cantidades de energía requerida por la Empresa de Energía de Pereira S.A. ESP. (para todo el año/para cada mes), de acuerdo con el Anexo No.1 Ofertas y Cantidades PRODUCTO No. 4 de los Pliegos definitivos, que se aplicarán para todas las 24 horas del día de la curva establecida en dicho Anexo, presentando una tarifa para cada año sin ningún tipo de discriminación por mes, ni tipo de carga ni tipo de día.
B23: (4) Esta oferta NO presenta restricciones tales como adjudicación mínima o total u otras que no permitan la evaluación objetiva e integral del producto ofertado.
B24: (5) Los precios ofertados incluyen todos los pagos, cargos, impuestos, estampillas, etc., que el Proponente deba realizar ante cualquier entidad gubernamental, o empresa pública, privada o mixta para entregar la energía en la frontera con el Sistema de Transmisión Nacional – STN.
B25: (6) Las cantidades ofertadas están sujetas a la adjudicación en la misma proporción respecto a las cantidades ofertadas para todos y cada uno de los meses del año. Es decir, si la Empresa de Energía de Pereira decide adjudicar, por ejemplo, el 50% de lo ofertado en cualesquiera de los meses de alguno de los años, ese mismo porcentaje debe ser adjudicado en el resto de cada uno de los meses de ese año.

Sheet Cantidades Producto No. 4
A2: EMPRESA DE ENERGÍA DE PEREIRA S.A. E.S.P.
A3: PRODUCTO No. 4
A7: MES | B7: H1 | C7: H2 | D7: H3 | E7: H4 | F7: H5 | G7: H6 | H7: H7 | I7: H8 | J7: H9 | K7: H10 | L7: H11 | M7: H12 | N7: H13 | O7: H14 | P7: H15 | Q7: H16 | R7: H17 | S7: H18 | T7: H19 | U7: H20 | V7: H21 | W7: H22 | X7: H23 | Y7: H24 | Z7: TOTAL | AA7: Días | AD7: TIPO DE DÍA
A8: 46082 | B8: 7.8448655 | C8: 6.7141399 | D8: 6.1543166 | E8: 5.9372462 | F8: 6.5989212 | G8: 9.0544795 | H8: 11.735036 | I8: 10.688773 | J8: 12.965175 | K8: 14.629763 | L8: 16.491755 | M8: 18.041116 | N8: 17.646981 | O8: 17.345566 | P8: 17.865875 | Q8: 17.751248 | R8: 17.300165 | S8: 19.959998 | T8: 20.089832 | U8: 21.274678 | V8: 19.950779 | W8: 17.814171 | X8: 14.461428 | Y8: 10.905299 | Z8: 339.22161 | AA8: 21 | AB8: 7123.6537 | AD8: HABIL
A9: 46082 | B9: 8.0409302 | C9: 6.7711879 | D9: 6.0721182 | E9: 5.7057911 | F9: 6.0197874 | G9: 7.0645463 | H9: 9.0403776 | I9: 8.5514585 | J9: 11.422251 | K9: 13.326965 | L9: 14.912475 | M9: 16.360614 | N9: 16.303485 | O9: 15.332757 | P9: 14.668078 | Q9: 14.332258 | R9: 13.984196 | S9: 17.747212 | T9: 18.233649 | U9: 18.889305 | V9: 17.637767 | W9: 15.950247 | X9: 13.458841 | Y9: 10.972421 | Z9: 300.79872 | AA9: 4 | AB9: 1203.1949 | AD9: SABADOS
A10: 46082 | B10: 8.2497533 | C10: 6.9234064 | D10: 6.1082073 | E10: 5.6313484 | F10: 5.4826793 | G10: 5.8889816 | H10: 6.80875 | I10: 4.9923911 | J10: 6.7945928 | K10: 8.5067831 | L10: 9.6068529 | M10: 10.647509 | N10: 11.447895 | O10: 11.394421 | P10: 10.686515 | Q10: 10.359874 | R10: 10.353559 | S10: 14.488151 | T10: 15.74981 | U10: 17.245169 | V10: 16.410574 | W10: 14.566047 | X10: 11.981776 | Y10: 9.3025287 | Z10: 239.62757 | AA10: 5 | AB10: 1198.1379 | AD10: DOMINGOS Y FESTIVOS
A11: 46082 | B11: 7.5442047 | C11: 6.3349578 | D11: 5.5936833 | E11: 5.1566502 | F11: 5.0313418 | G11: 5.4596091 | H11: 6.3200899 | I11: 4.9282559 | J11: 7.0747187 | K11: 8.8271807 | L11: 10.318598 | M11: 11.679436 | N11: 12.137061 | O11: 11.87877 | P11: 11.416883 | Q11: 11.003644 | R11: 10.986289 | S11: 15.078265 | T11: 16.153852 | U11: 17.548117 | V11: 16.884532 | W11: 14.984923 | X11: 11.786204 | Y11: 9.1187656 | Z11: 243.24603 | AA11: 1 | AB11: 243.24603 | AD11: LUNES FESTIVOS
A13: DEMANDA DIARIA ESTIMADA TOTAL [MWh]
A15: MES | B15: H1 | C15: H2 | D15: H3 | E15: H4 | F15: H5 | G15: H6 | H15: H7 | I15: H8 | J15: H9 | K15: H10 | L15: H11 | M15: H12 | N15: H13 | O15: H14 | P15: H15 | Q15: H16 | R15: H17 | S15: H18 | T15: H19 | U15: H20 | V15: H21 | W15: H22 | X15: H23 | Y15: H24 | Z15: TOTAL | AA15: Días
A16: 46082 | B16: 245.69887 | C16: 209.03368 | D16: 189.66384 | E16: 180.81873 | F16: 195.10123 | G16: 253.30677 | H16: 322.9611 | I16: 288.56027 | J16: 359.00537 | K16: 411.89397 | L16: 464.32961 | M16: 509.22287 | N16: 505.17708 | O16: 494.43878 | P16: 498.70514 | Q16: 492.90826 | R16: 481.99433 | S16: 577.66783 | T16: 589.72398 | U16: 626.09942 | V16: 588.45483 | W16: 525.71375 | X16: 429.22043 | Y16: 328.53237 | Z16: 9768.2325 | AA16: 31 | AB16: 9768.2325 | AC16: 0

Sheet Oferta Producto No. 5
D2: ANEXO No. 1 OFERTAS Y CANTIDADES
C3: OFERTA MERCANTIL IRREVOCABLE A LA EMPRESA DE ENERGIA DE PEREIRA S.A. ESP. INVITACIÓN PARA EL SUMINISTRO DE ENERGÍA ELÉCTRICA CON DESTINO AL MERCADO REGULADO CONVOCATORIA PÚBLICA No. 006-2025 - CP-EEPC2025-006
D4: PRODUCTO No. 5
C6: EMPRESA: XXXXXXXXXXXXXXXXXXXXXXXXXXXXXX
C7: REPRESENTANTE LEGAL: XXXXXXXXXXXXXXXXXXXXXXXXXXXXXX
C8: TIPO DE AGENTE: (COMERCIALIZADOR/GENERADOR)
C9: ="PRODUCTO OFERTADO: "&D4 -> PRODUCTO OFERTADO: PRODUCTO No. 5
C11: Las tarifas ofertadas están referidas en pesos constantes de abril de 2025 provisional
F13: ="Oferta " & PROPER(D4) -> Oferta Producto No. 5
F14: Periodo | G14: Energía requerida (MWh-mes) | H14: Energía ofertada (%) | I14: Energía ofertada (MWh-mes) | J14: Tarifa monomia ($/kWh)
A15: 22.85 | B15: 31 | F15: =+'Cantidades Producto No. 5'!A16 -> 46113 | G15: =+'Cantidades Producto No. 5'!AB16 -> 6645.2169
F16: TOTAL | G16: =SUM(G15:G15) -> 6645.2169
B18: Notas
B20: (1) Oferta válida para la modalidad Pague lo Contratado.
B21: ="(2) Las cantidades se distribuyen de acuerdo a la curva del Anexo 1. Ofertas y Cantidades "& D4 &" de los Pliegos de Condiciones definitivos" -> (2) Las cantidades se distribuyen de acuerdo a la curva del Anexo 1. Ofertas y Cantidades PRODUCTO No. 5 de los Pliegos de Condiciones definitivos
B22: (3) La cantidad de energía es equivalente a un porcentaje de las cantidades de energía requerida por la Empresa de Energía de Pereira S.A. ESP. (para todo el año/para cada mes), de acuerdo con el Anexo No.1 Ofertas y Cantidades PRODUCTO No. 5 de los Pliegos definitivos, que se aplicarán para todas las 24 horas del día de la curva establecida en dicho Anexo, presentando una tarifa para cada año sin ningún tipo de discriminación por mes, ni tipo de carga ni tipo de día.
B23: (4) Esta oferta NO presenta restricciones tales como adjudicación mínima o total u otras que no permitan la evaluación objetiva e integral del producto ofertado.
B24: (5) Los precios ofertados incluyen todos los pagos, cargos, impuestos, estampillas, etc., que el Proponente deba realizar ante cualquier entidad gubernamental, o empresa pública, privada o mixta para entregar la energía en la frontera con el Sistema de Transmisión Nacional – STN.
B25: (6) Las cantidades ofertadas están sujetas a la adjudicación en la misma proporción respecto a las cantidades ofertadas para todos y cada uno de los meses del año. Es decir, si la Empresa de Energía de Pereira decide adjudicar, por ejemplo, el 50% de lo ofertado en cualesquiera de los meses de alguno de los años, ese mismo porcentaje debe ser adjudicado en el resto de cada uno de los meses de ese año.

Sheet Cantidades Producto No. 5
A2: EMPRESA DE ENERGÍA DE PEREIRA S.A. E.S.P.
A3: PRODUCTO No. 5
A7: MES | B7: H1 | C7: H2 | D7: H3 | E7: H4 | F7: H5 | G7: H6 | H7: H7 | I7: H8 | J7: H9 | K7: H10 | L7: H11 | M7: H12 | N7: H13 | O7: H14 | P7: H15 | Q7: H16 | R7: H17 | S7: H18 | T7: H19 | U7: H20 | V7: H21 | W7: H22 | X7: H23 | Y7: H24 | Z7: TOTAL | AA7: Días | AD7: TIPO DE DÍA
A8: 46113 | B8: 4.0576737 | C8: 2.897247 | D8: 2.3390556 | E8: 2.1252323 | F8: 2.7793397 | G8: 4.933771 | H8: 7.6413088 | I8: 6.8722502 | J8: 8.9387777 | K8: 11.142034 | L8: 12.812399 | M8: 14.324862 | N8: 13.96126 | O8: 13.420094 | P8: 13.399147 | Q8: 13.479012 | R8: 13.099108 | S8: 16.153085 | T8: 16.711782 | U8: 17.372832 | V8: 15.985337 | W8: 13.822319 | X8: 10.522246 | Y8: 7.1428143 | Z8: 245.93299 | AA8: 20 | AB8: 4918.6597 | AD8: HABIL
A9: 46113 | B9: 4.411055 | C9: 3.0814299 | D9: 2.3149957 | E9: 1.9264687 | F9: 2.1342093 | G9: 2.6863645 | H9: 4.9672995 | I9: 4.6399249 | J9: 7.3629989 | K9: 9.4858023 | L9: 11.080065 | M9: 12.347233 | N9: 12.428833 | O9: 11.415723 | P9: 10.848374 | Q9: 10.536711 | R9: 9.977197 | S9: 13.652156 | T9: 14.647429 | U9: 15.371417 | V9: 14.124814 | W9: 12.34089 | X9: 9.9637668 | Y9: 7.5042948 | Z9: 209.24945 | AA9: 4 | AB9: 836.99781 | AD9: SABADOS
A10: 46113 | B10: 4.1932784 | C10: 2.8230235 | D10: 1.9653629 | E10: 1.5116223 | F10: 1.5013442 | G10: 1.5151772 | H10: 2.5622195 | I10: 1.1373563 | J10: 3.0273696 | K10: 4.8402194 | L10: 6.2317476 | M10: 7.6327112 | N10: 8.3071327 | O10: 7.954347 | P10: 7.5789417 | Q10: 6.7323856 | R10: 6.5274862 | S10: 10.71865 | T10: 11.907066 | U10: 12.972304 | V10: 12.26681 | W10: 10.584115 | X10: 8.0807045 | Y10: 5.6885276 | Z10: 148.2599 | AA10: 6 | AB10: 889.55941 | AD10: DOMINGOS Y FESTIVOS
A11: 46113 | B11: 12.866066 | C11: 10.929657 | D11: 9.7205007 | E11: 9.0468643 | F11: 8.9761913 | G11: 8.9512256 | H11: 9.7415981 | I11: 8.5931891 | J11: 11.305769 | K11: 13.855977 | L11: 15.842284 | M11: 17.693022 | N11: 18.549381 | O11: 18.035206 | P11: 17.320481 | Q11: 16.252838 | R11: 15.923106 | S11: 20.957119 | T11: 23.722462 | U11: 25.531833 | V11: 24.639829 | W11: 22.298672 | X11: 18.585155 | Y11: 14.968208 | Z11: 374.30663 | AA11: 0 | AB11: 0 | AD11: LUNES FESTIVOS
A13: DEMANDA DIARIA ESTIMADA TOTAL [MWh]
A15: MES | B15: H1 | C15: H2 | D15: H3 | E15: H4 | F15: H5 | G15: H6 | H15: H7 | I15: H8 | J15: H9 | K15: H10 | L15: H11 | M15: H12 | N15: H13 | O15: H14 | P15: H15 | Q15: H16 | R15: H17 | S15: H18 | T15: H19 | U15: H20 | V15: H21 | W15: H22 | X15: H23 | Y15: H24 | Z15: TOTAL | AA15: Días
A16: 46113 | B16: 123.95736 | C16: 87.208801 | D16: 67.833272 | E16: 59.280255 | F16: 73.131696 | G16: 118.51194 | H16: 188.06869 | I16: 162.82884 | J16: 226.39177 | K16: 289.8252 | L16: 337.95872 | M16: 381.68243 | N16: 378.78334 | O16: 361.79085 | P16: 356.85008 | Q16: 352.12139 | R16: 341.05586 | S16: 441.98222 | T16: 464.26776 | U16: 486.77614 | V16: 449.80685 | W16: 389.31463 | X16: 298.78421 | Y16: 207.00463 | Z16: 6645.2169 | AA16: 30 | AB16: 6645.2169 | AC16: 0

Sheet Oferta Producto No. 6
D2: ANEXO No. 1 OFERTAS Y CANTIDADES
C3: OFERTA MERCANTIL IRREVOCABLE A LA EMPRESA DE ENERGIA DE PEREIRA S.A. ESP. INVITACIÓN PARA EL SUMINISTRO DE ENERGÍA ELÉCTRICA CON DESTINO AL MERCADO REGULADO CONVOCATORIA PÚBLICA No. 006-2025 - CP-EEPC2025-006
D4: PRODUCTO No. 6
C6: EMPRESA: XXXXXXXXXXXXXXXXXXXXXXXXXXXXXX
C7: REPRESENTANTE LEGAL: XXXXXXXXXXXXXXXXXXXXXXXXXXXXXX
C8: TIPO DE AGENTE: (COMERCIALIZADOR/GENERADOR)
C9: ="PRODUCTO OFERTADO: "&D4 -> PRODUCTO OFERTADO: PRODUCTO No. 6
C11: Las tarifas ofertadas están referidas en pesos constantes de abril de 2025 provisional
F13: ="Oferta " & PROPER(D4) -> Oferta Producto No. 6
F14: Periodo | G14: Energía requerida (MWh-mes) | H14: Energía ofertada (%) | I14: Energía ofertada (MWh-mes) | J14: Tarifa monomia ($/kWh)
A15: 22.85 | B15: 31 | F15: =+'Cantidades Producto No. 6'!A16 -> 46327 | G15: =+'Cantidades Producto No. 6'!AB16 -> 6238.0631
F16: TOTAL | G16: =SUM(G15:G15) -> 6238.0631
B18: Notas
B20: (1) Oferta válida para la modalidad Pague lo Contratado.
B21: ="(2) Las cantidades se distribuyen de acuerdo a la curva del Anexo 1. Ofertas y Cantidades "& D4 &" de los Pliegos de Condiciones definitivos" -> (2) Las cantidades se distribuyen de acuerdo a la curva del Anexo 1. Ofertas y Cantidades PRODUCTO No. 6 de los Pliegos de Condiciones definitivos
B22: (3) La cantidad de energía es equivalente a un porcentaje de las cantidades de energía requerida por la Empresa de Energía de Pereira S.A. ESP. (para todo el año/para cada mes), de acuerdo con el Anexo No.6 Ofertas y Cantidades PRODUCTO No. 6 de los Pliegos definitivos, que se aplicarán para todas las 24 horas del día de la curva establecida en dicho Anexo, presentando una tarifa para cada año sin ningún tipo de discriminación por mes, ni tipo de carga ni tipo de día.
B23: (4) Esta oferta NO presenta restricciones tales como adjudicación mínima o total u otras que no permitan la evaluación objetiva e integral del producto ofertado.
B24: (5) Los precios ofertados incluyen todos los pagos, cargos, impuestos, estampillas, etc., que el Proponente deba realizar ante cualquier entidad gubernamental, o empresa pública, privada o mixta para entregar la energía en la frontera con el Sistema de Transmisión Nacional – STN.
B25: (6) Las cantidades ofertadas están sujetas a la adjudicación en la misma proporción respecto a las cantidades ofertadas para todos y cada uno de los meses del año. Es decir, si la Empresa de Energía de Pereira decide adjudicar, por ejemplo, el 50% de lo ofertado en cualesquiera de los meses de alguno de los años, ese mismo porcentaje debe ser adjudicado en el resto de cada uno de los meses de ese año.

Sheet Cantidades Producto No. 6
A2: EMPRESA DE ENERGÍA DE PEREIRA S.A. E.S.P.
A3: PRODUCTO No. 6
A7: MES | B7: H1 | C7: H2 | D7: H3 | E7: H4 | F7: H5 | G7: H6 | H7: H7 | I7: H8 | J7: H9 | K7: H10 | L7: H11 | M7: H12 | N7: H13 | O7: H14 | P7: H15 | Q7: H16 | R7: H17 | S7: H18 | T7: H19 | U7: H20 | V7: H21 | W7: H22 | X7: H23 | Y7: H24 | Z7: TOTAL | AA7: Días | AD7: TIPO DE DÍA
A8: 46327 | B8: 3.6041716 | C8: 2.4754929 | D8: 1.8660201 | E8: 1.672316 | F8: 2.190074 | G8: 3.6184326 | H8: 6.4601963 | I8: 6.2359546 | J8: 8.6767574 | K8: 10.435839 | L8: 12.155543 | M8: 13.72263 | N8: 13.492238 | O8: 13.086837 | P8: 13.592872 | Q8: 13.404882 | R8: 12.981916 | S8: 16.441064 | T8: 17.079217 | U8: 16.406403 | V8: 15.006089 | W8: 12.774786 | X8: 9.5388988 | Y8: 6.4777175 | Z8: 233.39635 | AA8: 19 | AB8: 4434.5306 | AD8: HABIL
A9: 46327 | B9: 3.8339779 | C9: 2.6006009 | D9: 1.8994206 | E9: 1.5301528 | F9: 1.7838318 | G9: 2.2278283 | H9: 4.6537902 | I9: 4.6772225 | J9: 7.4064114 | K9: 9.3846709 | L9: 11.010324 | M9: 12.401946 | N9: 12.319089 | O9: 11.322968 | P9: 10.570844 | Q9: 10.244599 | R9: 9.8270017 | S9: 13.411589 | T9: 15.143442 | U9: 14.770207 | V9: 13.315752 | W9: 11.721945 | X9: 9.2692865 | Y9: 6.7867014 | Z9: 202.1136 | AA9: 4 | AB9: 808.45441 | AD9: SABADOS
A10: 46327 | B10: 3.9186507 | C10: 2.6868452 | D10: 1.8337557 | E10: 1.2981 | F10: 1.2153324 | G10: 0.91547951 | H10: 1.9956866 | I10: 0.67825543 | J10: 2.6856676 | K10: 4.3784306 | L10: 5.7122114 | M10: 7.1667551 | N10: 7.9707326 | O10: 7.7527549 | P10: 7.1429001 | Q10: 6.8830264 | R10: 6.6628369 | S10: 10.551576 | T10: 12.462283 | U10: 12.526851 | V10: 11.794905 | W10: 10.17266 | X10: 7.7478401 | Y10: 5.2503646 | Z10: 141.4039 | AA10: 5 | AB10: 707.01951 | AD10: DOMINGOS Y FESTIVOS
A11: 46327 | B11: 2.9744968 | C11: 1.7617717 | D11: 1.1421603 | E11: 0.77717565 | F11: 0.83297929 | G11: 0.93335114 | H11: 2.0272623 | I11: 0.95003046 | J11: 2.9605395 | K11: 4.8911498 | L11: 6.5752213 | M11: 7.6656374 | N11: 8.516127 | O11: 8.2372393 | P11: 7.477232 | Q11: 7.0514618 | R11: 7.0112213 | S11: 11.109894 | T11: 12.869153 | U11: 12.91443 | V11: 12.170568 | W11: 10.508767 | X11: 7.7671397 | Y11: 4.9042953 | Z11: 144.0293 | AA11: 2 | AB11: 288.05861 | AD11: LUNES FESTIVOS
A13: DEMANDA DIARIA ESTIMADA TOTAL [MWh]
A15: MES | B15: H1 | C15: H2 | D15: H3 | E15: H4 | F15: H5 | G15: H6 | H15: H7 | I15: H8 | J15: H9 | K15: H10 | L15: H11 | M15: H12 | N15: H13 | O15: H14 | P15: H15 | Q15: H16 | R15: H17 | S15: H18 | T15: H19 | U15: H20 | V15: H21 | W15: H22 | X15: H23 | Y15: H24 | Z15: TOTAL | AA15: Días
A16: 46327 | B16: 109.35742 | C16: 74.394538 | D16: 54.505164 | E16: 45.939466 | F16: 56.489354 | G16: 84.105632 | H16: 155.39185 | I16: 142.48337 | J16: 213.83345 | K16: 267.49408 | L16: 316.70811 | M16: 361.5028 | N16: 362.51479 | O16: 349.18003 | P16: 351.21691 | Q16: 344.18922 | R16: 333.30104 | S16: 441.00424 | T16: 473.12861 | U16: 459.2656 | V16: 421.69437 | W16: 361.48956 | X16: 272.5897 | Y16: 186.28385 | Z16: 6238.0631 | AA16: 30 | AB16: 6238.0631 | AC16: 0

Sheet Oferta Producto No. 7
D2: ANEXO No. 1 OFERTAS Y CANTIDADES
C3: OFERTA MERCANTIL IRREVOCABLE A LA EMPRESA DE ENERGIA DE PEREIRA S.A. ESP. INVITACIÓN PARA EL SUMINISTRO DE ENERGÍA ELÉCTRICA CON DESTINO AL MERCADO REGULADO CONVOCATORIA PÚBLICA No. 006-2025 - CP-EEPC2025-006
D4: PRODUCTO No. 7
C6: EMPRESA: XXXXXXXXXXXXXXXXXXXXXXXXXXXXXX
C7: REPRESENTANTE LEGAL: XXXXXXXXXXXXXXXXXXXXXXXXXXXXXX
C8: TIPO DE AGENTE: (COMERCIALIZADOR/GENERADOR)
C9: ="PRODUCTO OFERTADO: "&D4 -> PRODUCTO OFERTADO: PRODUCTO No. 7
C11: Las tarifas ofertadas están referidas en pesos constantes de abril de 2025 provisional
F13: ="Oferta " & PROPER(D4) -> Oferta Producto No. 7
F14: Periodo | G14: Energía requerida (MWh-mes) | H14: Energía ofertada (%) | I14: Energía ofertada (MWh-mes) | J14: Tarifa monomia ($/kWh)
A15: 22.85 | B15: 31 | F15: =+'Cantidades Producto No. 7'!A16 -> 46357 | G15: =+'Cantidades Producto No. 7'!AB16 -> 6832.1026
F16: TOTAL | G16: =SUM(G15:G15) -> 6832.1026
B18: Notas
B20: (1) Oferta válida para la modalidad Pague lo Contratado.
B21: ="(2) Las cantidades se distribuyen de acuerdo a la curva del Anexo 1. Ofertas y Cantidades "& D4 &" de los Pliegos de Condiciones definitivos" -> (2) Las cantidades se distribuyen de acuerdo a la curva del Anexo 1. Ofertas y Cantidades PRODUCTO No. 7 de los Pliegos de Condiciones definitivos
B22: (3) La cantidad de energía es equivalente a un porcentaje de las cantidades de energía requerida por la Empresa de Energía de Pereira S.A. ESP. (para todo el año/para cada mes), de acuerdo con el Anexo No.1 Ofertas y Cantidades PRODUCTO No. 7 de los Pliegos definitivos, que se aplicarán para todas las 24 horas del día de la curva establecida en dicho Anexo, presentando una tarifa para cada año sin ningún tipo de discriminación por mes, ni tipo de carga ni tipo de día.
B23: (4) Esta oferta NO presenta restricciones tales como adjudicación mínima o total u otras que no permitan la evaluación objetiva e integral del producto ofertado.
B24: (5) Los precios ofertados incluyen todos los pagos, cargos, impuestos, estampillas, etc., que el Proponente deba realizar ante cualquier entidad gubernamental, o empresa pública, privada o mixta para entregar la energía en la frontera con el Sistema de Transmisión Nacional – STN.
B25: (6) Las cantidades ofertadas están sujetas a la adjudicación en la misma proporción respecto a las cantidades ofertadas para todos y cada uno de los meses del año. Es decir, si la Empresa de Energía de Pereira decide adjudicar, por ejemplo, el 50% de lo ofertado en cualesquiera de los meses de alguno de los años, ese mismo porcentaje debe ser adjudicado en el resto de cada uno de los meses de ese año.

Sheet Cantidades Producto No. 7
A2: EMPRESA DE ENERGÍA DE PEREIRA S.A. E.S.P.
A3: PRODUCTO No. 7
A7: MES | B7: H1 | C7: H2 | D7: H3 | E7: H4 | F7: H5 | G7: H6 | H7: H7 | I7: H8 | J7: H9 | K7: H10 | L7: H11 | M7: H12 | N7: H13 | O7: H14 | P7: H15 | Q7: H16 | R7: H17 | S7: H18 | T7: H19 | U7: H20 | V7: H21 | W7: H22 | X7: H23 | Y7: H24 | Z7: TOTAL | AA7: Días | AD7: TIPO DE DÍA
A8: 46357 | B8: 4.5167034 | C8: 3.15902 | D8: 2.4431621 | E8: 2.1416207 | F8: 2.5135137 | G8: 3.6840149 | H8: 6.2862861 | I8: 6.0955375 | J8: 8.7885326 | K8: 10.569567 | L8: 12.279274 | M8: 13.78259 | N8: 13.798873 | O8: 13.506145 | P8: 13.742033 | Q8: 13.546516 | R8: 12.953427 | S8: 15.755488 | T8: 16.889536 | U8: 16.806058 | V8: 15.455989 | W8: 13.577409 | X8: 10.767567 | Y8: 7.798819 | Z8: 240.85768 | AA8: 21 | AB8: 5058.0113 | AD8: HABIL
A9: 46357 | B9: 4.706024 | C9: 3.3198911 | D9: 2.5145093 | E9: 2.092774 | F9: 2.3355861 | G9: 2.9470215 | H9: 5.2460275 | I9: 5.0493521 | J9: 7.9140232 | K9: 9.9368954 | L9: 11.503891 | M9: 12.886893 | N9: 12.836689 | O9: 11.76299 | P9: 10.813451 | Q9: 10.32718 | R9: 10.107861 | S9: 13.939595 | T9: 15.406997 | U9: 15.221005 | V9: 13.82331 | W9: 12.059121 | X9: 9.6865385 | Y9: 7.2706172 | Z9: 213.70824 | AA9: 4 | AB9: 854.83298 | AD9: SABADOS
A10: 46357 | B10: 4.8514077 | C10: 3.5165354 | D10: 2.632701 | E10: 2.0240097 | F10: 1.8293933 | G10: 1.8544381 | H10: 2.5979339 | I10: 0.99560539 | J10: 2.6130426 | K10: 4.5614539 | L10: 6.1953829 | M10: 7.4967419 | N10: 8.3385011 | O10: 8.3784003 | P10: 7.73214 | Q10: 7.288806 | R10: 6.9224766 | S10: 10.69633 | T10: 12.60138 | U10: 12.736137 | V10: 11.983763 | W10: 10.663263 | X10: 8.5617326 | Y10: 6.1381412 | Z10: 153.20972 | AA10: 6 | AB10: 919.25829 | AD10: DOMINGOS Y FESTIVOS
A11: 46357 | B11: 9.7960792 | C11: 8.3047813 | D11: 7.3123631 | E11: 6.6132176 | F11: 6.3522726 | G11: 6.3323473 | H11: 7.1294354 | I11: 5.5902747 | J11: 7.3171442 | K11: 9.3226274 | L11: 10.975333 | M11: 12.284752 | N11: 13.163497 | O11: 13.22496 | P11: 12.581462 | Q11: 12.093444 | R11: 11.707132 | S11: 15.512125 | T11: 17.612218 | U11: 17.929496 | V11: 17.230655 | W11: 15.886846 | X11: 13.595495 | Y11: 10.983446 | Z11: 268.8514 | AA11: 0 | AB11: 0 | AD11: LUNES FESTIVOS
A13: DEMANDA DIARIA ESTIMADA TOTAL [MWh]
A15: MES | B15: H1 | C15: H2 | D15: H3 | E15: H4 | F15: H5 | G15: H6 | H15: H7 | I15: H8 | J15: H9 | K15: H10 | L15: H11 | M15: H12 | N15: H13 | O15: H14 | P15: H15 | Q15: H16 | R15: H17 | S15: H18 | T15: H19 | U15: H20 | V15: H21 | W15: H22 | X15: H23 | Y15: H24 | Z15: TOTAL | AA15: Días
A16: 46357 | B16: 142.78331 | C16: 100.7182 | D16: 77.160648 | E16: 65.489189 | F16: 73.102491 | G16: 100.27903 | H16: 168.58372 | I16: 154.17733 | J16: 231.89353 | K16: 289.07722 | L16: 341.0526 | M16: 385.96241 | N16: 391.1541 | O16: 380.95141 | P16: 378.22935 | Q16: 369.51838 | R16: 353.98827 | S16: 450.80161 | T16: 491.91652 | U16: 490.22806 | V16: 451.77159 | W16: 397.34164 | X16: 316.23545 | Y16: 229.68651 | Z16: 6832.1026 | AA16: 31 | AB16: 6832.1026 | AC16: 0
