Workbook
Name _Toc148954622: 'Banco de Preguntas'!#REF!
Name _Toc148954623: 'Banco de Preguntas'!#REF!
Name _Toc148954624: 'Banco de Preguntas'!#REF!
Name _Toc148954625: 'Banco de Preguntas'!#REF!
Name aaa: [1]Hoja9!$A$1,[1]Hoja9!$A$3,[1]Hoja9!$A$5,[1]Hoja9!$B$6,[1]Hoja9!$C$7
Name aaa: [1]Hoja9!$A$1,[1]Hoja9!$A$3,[1]Hoja9!$A$5,[1]Hoja9!$B$6,[1]Hoja9!$C$7
Name aaa: [1]Hoja9!$A$1,[1]Hoja9!$A$3,[1]Hoja9!$A$5,[1]Hoja9!$B$6,[1]Hoja9!$C$7
Name aaa: [1]Hoja9!$A$1,[1]Hoja9!$A$3,[1]Hoja9!$A$5,[1]Hoja9!$B$6,[1]Hoja9!$C$7
Name aaa: [1]Hoja9!$A$1,[1]Hoja9!$A$3,[1]Hoja9!$A$5,[1]Hoja9!$B$6,[1]Hoja9!$C$7
Name aaa: [1]Hoja9!$A$1,[1]Hoja9!$A$3,[1]Hoja9!$A$5,[1]Hoja9!$B$6,[1]Hoja9!$C$7
Name aaa: [1]Hoja9!$A$1,[1]Hoja9!$A$3,[1]Hoja9!$A$5,[1]Hoja9!$B$6,[1]Hoja9!$C$7
Name aaa: [1]Hoja9!$A$1,[1]Hoja9!$A$3,[1]Hoja9!$A$5,[1]Hoja9!$B$6,[1]Hoja9!$C$7
Name aaa: [1]Hoja9!$A$1,[1]Hoja9!$A$3,[1]Hoja9!$A$5,[1]Hoja9!$B$6,[1]Hoja9!$C$7
Name aaa: [1]Hoja9!$A$1,[1]Hoja9!$A$3,[1]Hoja9!$A$5,[1]Hoja9!$B$6,[1]Hoja9!$C$7
Name aaa: [1]Hoja9!$A$1,[1]Hoja9!$A$3,[1]Hoja9!$A$5,[1]Hoja9!$B$6,[1]Hoja9!$C$7
Name aaa: #REF!,#REF!,#REF!,#REF!,#REF!
Name AAAA: #REF!
Name Criterio_Extraer_Dem_Reg: #REF!
Name Criterio_Extraer_Dem_Reg: #REF!
Name Criterio_Extraer_Dem_Reg: #REF!
Name Criterio_Extraer_Dem_Reg: #REF!
Name Criterio_Extraer_Dem_Reg: #REF!
Name Criterio_Extraer_Dem_Reg: #REF!
Name Criterio_Extraer_Dem_Reg: #REF!
Name Criterio_Extraer_Dem_Reg: #REF!
Name Criterio_Extraer_Dem_Reg: #REF!
Name Criterio_Extraer_Dem_Reg: #REF!
Name Criterio_Extraer_Dem_Reg: #REF!
Name Criterio_Extraer_Dem_Reg: #REF!
Name Criterio_Extraer_Dem_Reg: #REF!
Name Cuadro: #REF!
Name Cuadro: #REF!
Name Cuadro: #REF!
Name Cuadro: #REF!
Name Cuadro: #REF!
Name Cuadro: #REF!
Name Cuadro: #REF!
Name Cuadro: #REF!
Name Cuadro: #REF!
Name Cuadro: #REF!
Name Cuadro: #REF!
Name Cuadro: #REF!
Name Cuadro: #REF!
Name eeee: [2]Comparación!#REF!
Name eeee: [2]Comparación!#REF!
Name eeee: [2]Comparación!#REF!
Name eeee: [2]Comparación!#REF!
Name eeee: [2]Comparación!#REF!
Name eeee: #REF!
Name eeee: [2]Comparación!#REF!
Name eeee: [2]Comparación!#REF!
Name eeee: [2]Comparación!#REF!
Name eeee: [2]Comparación!#REF!
Name eeee: [2]Comparación!#REF!
Name eeee: [2]Comparación!#REF!
Name eeee: #REF!
Name Meses: [3]Evaluación_Mensual!$S$2:$S$25
Name Meses: [3]Evaluación_Mensual!$S$2:$S$25
Name Meses: [3]Evaluación_Mensual!$S$2:$S$25
Name Meses: [3]Evaluación_Mensual!$S$2:$S$25

Sheet Listas desplegables
A2: Tipo de agente: | B2: Tipo de oferta:
A3: Comercializador | B3: CURVA
A4: Generador | B4: CURVA SOLAR
B5: CURVA FNCER
B6: PLANA SOLAR
B7: MIXTA
B8: PLANA

Sheet Banco de Preguntas
A2: Consolidado banco de preguntas y respuestas agentes convocatorias ESSA
A3: N° Convocatoria
A4: Nombre remitente correo:
A5: Correo electrónico
A6: Teléfono de contacto:
A9: AGENTE | B9: N° pregunta | C9: PREGUNTA | D9: RESPUESTA

Sheet Factor garantia
A2: 12. TABLA Factores de Indexación IPP serie oferta interna
A4: Mes | B4: Factor
A5: 46023 | B5: 1.01
A6: 46054 | B6: 1.01
A7: 46082 | B7: 1.01
A8: 46113 | B8: 1.01
A9: 46143 | B9: 1.01
A10: 46174 | B10: 1.01
A11: 46204 | B11: 1.02
A12: 46235 | B12: 1.02
A13: 46266 | B13: 1.02
A14: 46296 | B14: 1.02
A15: 46327 | B15: 1.03
A16: 46357 | B16: 1.03
... A64: 47818 | B64: 1.15

Sheet Cantidades suministrar P1_26-28
B2: ANEXO 10.1 CANTIDADES DE ENERGÍA REQUERIDA PRODUCTO 1
B3: AÑOS 2026 -2028
B6: Oferta Básica, para la Solicitud Pública de Ofertas No. CP-ESSC2025-003, del 1 de febrero de 2026 a 31 de diciembre de 2028.
B8: OFERENTE: | E8: Diligenciar
B9: Tipo de agente: | E9: Elegir de la lista desplegable
B10: Oferta No.: | E10: Diligenciar
B11: Tipo de oferta: | C11: PLANA | E11: Fijo
A12: 24 | B12: Franja Horaria | C12: H1-H24
B13: % de su oferta con FNCER: | E13: Diligenciar
B15: Mes-año | C15: Energia Solicitada (kWh) | D15: Energía Horaria solicitada kWh (h1-h24) | E15: % a ofertar | F15: Energia Oferta kWh | G15: Energia Horaria Ofertada kWh | H15: Precio $ / kWh
A17: 31 | B17: 46023 | E17: 0 | H17: 0
A18: 28 | B18: 46054 | C18: =+'Cantidades 1_(26-28)'!AD15 -> 3360000 | D18: =+C18/A18/$A$12 -> 5000 | F18: =+C18*$E$17 -> 0 | G18: =+F18/A18/$A$12 -> 0
A19: 31 | B19: 46082 | C19: =+'Cantidades 1_(26-28)'!AD16 -> 3720000 | D19: =+C19/A19/$A$12 -> 5000 | F19: =+C19*$E$17 -> 0 | G19: =+F19/A19/$A$12 -> 0
A20: 30 | B20: 46113 | C20: =+'Cantidades 1_(26-28)'!AD17 -> 3600000 | D20: =+C20/A20/$A$12 -> 5000 | F20: =+C20*$E$17 -> 0 | G20: =+F20/A20/$A$12 -> 0
A21: 31 | B21: 46143 | C21: =+'Cantidades 1_(26-28)'!AD18 -> 3720000 | D21: =+C21/A21/$A$12 -> 5000 | F21: =+C21*$E$17 -> 0 | G21: =+F21/A21/$A$12 -> 0
A22: 30 | B22: 46174 | C22: =+'Cantidades 1_(26-28)'!AD19 -> 3600000 | D22: =+C22/A22/$A$12 -> 5000 | F22: =+C22*$E$17 -> 0 | G22: =+F22/A22/$A$12 -> 0
A23: 31 | B23: 46204 | C23: =+'Cantidades 1_(26-28)'!AD20 -> 3720000 | D23: =+C23/A23/$A$12 -> 5000 | F23: =+C23*$E$17 -> 0 | G23: =+F23/A23/$A$12 -> 0
A24: 31 | B24: 46235 | C24: =+'Cantidades 1_(26-28)'!AD21 -> 3720000 | D24: =+C24/A24/$A$12 -> 5000 | F24: =+C24*$E$17 -> 0 | G24: =+F24/A24/$A$12 -> 0
A25: 30 | B25: 46266 | C25: =+'Cantidades 1_(26-28)'!AD22 -> 3600000 | D25: =+C25/A25/$A$12 -> 5000 | F25: =+C25*$E$17 -> 0 | G25: =+F25/A25/$A$12 -> 0
A26: 31 | B26: 46296 | C26: =+'Cantidades 1_(26-28)'!AD23 -> 3720000 | D26: =+C26/A26/$A$12 -> 5000 | F26: =+C26*$E$17 -> 0 | G26: =+F26/A26/$A$12 -> 0
A27: 30 | B27: 46327 | C27: =+'Cantidades 1_(26-28)'!AD24 -> 3600000 | D27: =+C27/A27/$A$12 -> 5000 | F27: =+C27*$E$17 -> 0 | G27: =+F27/A27/$A$12 -> 0
A28: 31 | B28: 46357 | C28: =+'Cantidades 1_(26-28)'!AD25 -> 3720000 | D28: =+C28/A28/$A$12 -> 5000 | F28: =+C28*$E$17 -> 0 | G28: =+F28/A28/$A$12 -> 0
A29: 31 | B29: 46388 | C29: =+'Cantidades 1_(26-28)'!AD64 -> 3720000 | D29: =+C29/A29/$A$12 -> 5000 | F29: =+C29*$E$17 -> 0 | G29: =+F29/A29/$A$12 -> 0 | H29: 0
A30: 28 | B30: 46419 | C30: =+'Cantidades 1_(26-28)'!AD65 -> 3360000 | D30: =+C30/A30/$A$12 -> 5000 | F30: =+C30*$E$17 -> 0 | G30: =+F30/A30/$A$12 -> 0
A31: 31 | B31: 46447 | C31: =+'Cantidades 1_(26-28)'!AD66 -> 3720000 | D31: =+C31/A31/$A$12 -> 5000 | F31: =+C31*$E$17 -> 0 | G31: =+F31/A31/$A$12 -> 0
A32: 30 | B32: 46478 | C32: =+'Cantidades 1_(26-28)'!AD67 -> 3600000 | D32: =+C32/A32/$A$12 -> 5000 | F32: =+C32*$E$17 -> 0 | G32: =+F32/A32/$A$12 -> 0
A33: 31 | B33: 46508 | C33: =+'Cantidades 1_(26-28)'!AD68 -> 3720000 | D33: =+C33/A33/$A$12 -> 5000 | F33: =+C33*$E$17 -> 0 | G33: =+F33/A33/$A$12 -> 0
A34: 30 | B34: 46539 | C34: =+'Cantidades 1_(26-28)'!AD69 -> 3600000 | D34: =+C34/A34/$A$12 -> 5000 | F34: =+C34*$E$17 -> 0 | G34: =+F34/A34/$A$12 -> 0
A35: 31 | B35: 46569 | C35: =+'Cantidades 1_(26-28)'!AD70 -> 3720000 | D35: =+C35/A35/$A$12 -> 5000 | F35: =+C35*$E$17 -> 0 | G35: =+F35/A35/$A$12 -> 0
A36: 31 | B36: 46600 | C36: =+'Cantidades 1_(26-28)'!AD71 -> 3720000 | D36: =+C36/A36/$A$12 -> 5000 | F36: =+C36*$E$17 -> 0 | G36: =+F36/A36/$A$12 -> 0
A37: 30 | B37: 46631 | C37: =+'Cantidades 1_(26-28)'!AD72 -> 3600000 | D37: =+C37/A37/$A$12 -> 5000 | F37: =+C37*$E$17 -> 0 | G37: =+F37/A37/$A$12 -> 0
A38: 31 | B38: 46661 | C38: =+'Cantidades 1_(26-28)'!AD73 -> 3720000 | D38: =+C38/A38/$A$12 -> 5000 | F38: =+C38*$E$17 -> 0 | G38: =+F38/A38/$A$12 -> 0
A39: 30 | B39: 46692 | C39: =+'Cantidades 1_(26-28)'!AD74 -> 3600000 | D39: =+C39/A39/$A$12 -> 5000 | F39: =+C39*$E$17 -> 0 | G39: =+F39/A39/$A$12 -> 0
A40: 31 | B40: 46722 | C40: =+'Cantidades 1_(26-28)'!AD75 -> 3720000 | D40: =+C40/A40/$A$12 -> 5000 | F40: =+C40*$E$17 -> 0 | G40: =+F40/A40/$A$12 -> 0
A41: 31 | B41: 46753 | C41: =+'Cantidades 1_(26-28)'!AD114 -> 3720000 | D41: =+C41/A41/$A$12 -> 5000 | F41: =+C41*$E$17 -> 0 | G41: =+F41/A41/$A$12 -> 0 | H41: 0
A42: 29 | B42: 46784 | C42: =+'Cantidades 1_(26-28)'!AD115 -> 3480000 | D42: =+C42/A42/$A$12 -> 5000 | F42: =+C42*$E$17 -> 0 | G42: =+F42/A42/$A$12 -> 0
A43: 31 | B43: 46813 | C43: =+'Cantidades 1_(26-28)'!AD116 -> 3720000 | D43: =+C43/A43/$A$12 -> 5000 | F43: =+C43*$E$17 -> 0 | G43: =+F43/A43/$A$12 -> 0
A44: 30 | B44: 46844 | C44: =+'Cantidades 1_(26-28)'!AD117 -> 3600000 | D44: =+C44/A44/$A$12 -> 5000 | F44: =+C44*$E$17 -> 0 | G44: =+F44/A44/$A$12 -> 0
A45: 31 | B45: 46874 | C45: =+'Cantidades 1_(26-28)'!AD118 -> 3720000 | D45: =+C45/A45/$A$12 -> 5000 | F45: =+C45*$E$17 -> 0 | G45: =+F45/A45/$A$12 -> 0
A46: 30 | B46: 46905 | C46: =+'Cantidades 1_(26-28)'!AD119 -> 3600000 | D46: =+C46/A46/$A$12 -> 5000 | F46: =+C46*$E$17 -> 0 | G46: =+F46/A46/$A$12 -> 0
A47: 31 | B47: 46935 | C47: =+'Cantidades 1_(26-28)'!AD120 -> 3720000 | D47: =+C47/A47/$A$12 -> 5000 | F47: =+C47*$E$17 -> 0 | G47: =+F47/A47/$A$12 -> 0
A48: 31 | B48: 46966 | C48: =+'Cantidades 1_(26-28)'!AD121 -> 3720000 | D48: =+C48/A48/$A$12 -> 5000 | F48: =+C48*$E$17 -> 0 | G48: =+F48/A48/$A$12 -> 0
A49: 30 | B49: 46997 | C49: =+'Cantidades 1_(26-28)'!AD122 -> 3600000 | D49: =+C49/A49/$A$12 -> 5000 | F49: =+C49*$E$17 -> 0 | G49: =+F49/A49/$A$12 -> 0
A50: 31 | B50: 47027 | C50: =+'Cantidades 1_(26-28)'!AD123 -> 3720000 | D50: =+C50/A50/$A$12 -> 5000 | F50: =+C50*$E$17 -> 0 | G50: =+F50/A50/$A$12 -> 0
A51: 30 | B51: 47058 | C51: =+'Cantidades 1_(26-28)'!AD124 -> 3600000 | D51: =+C51/A51/$A$12 -> 5000 | F51: =+C51*$E$17 -> 0 | G51: =+F51/A51/$A$12 -> 0
A52: 31 | B52: 47088 | C52: =+'Cantidades 1_(26-28)'!AD125 -> 3720000 | D52: =+C52/A52/$A$12 -> 5000 | F52: =+C52*$E$17 -> 0 | G52: =+F52/A52/$A$12 -> 0
A53: =SUM(A17:A28) -> 365 | B53: TOTAL | C53: =SUM(C17:C52) -> 127800000 | E53: =+E17 -> 0 | F53: =SUM(F18:F52) -> 0
B56: Notas:
B57: (1) La Energía Ofertada se distribuye en forma horaria de acuerdo con la curva de carga presentada en la tabla 9.1. TABLAS CANTIDADES DE ENERGÍA REQUERIDA PRODUCTO 1 AÑOS 2026 A 2028 del pliego de condiciones.
B59: (2) Tipo de Contrato: pague lo contratado.
B60: (3) Precio ofertado en $kWh, en pesos de Octubre 2025 (IPP Provisional)
B61: (4) El precio igual para todos los meses por año e Independiente por año del producto, con dos cifras decimales
B62: (5) El % Igual para todos los meses y años ofertados, con dos cifras decimales.
B63: (6) El precio incluye todos los cargos, impuestos y contribuciones que según la reglamentación vigente en la fecha de apertura de propuestas son responsabilidad de EL OFERENTE.
B64: (7) No serán tenidas en cuenta ofertas con condiciones y/o modificaciones adicionales a los Pliegos definitivos.
B65: (8) La oferta se acoge a todas las condiciones del pliego CP-ESSC2025-003.
B66: (9) Tipo de oferta plana, horas 1-24
B67: EL OFERENTE deberá tener en cuenta lo siguiente al completar cada una de las Tablas de las cantidades a ofertar: Debe definir el porcentaje ofertado, hasta máximo el 100% de lo solicitado; EL CONTRATANTE aceptará la oferta de acuerdo a la metodología de evaluación hasta el máximo ofertado.
B73: FIRMA OFERENTE E.S.P.

Sheet Cantidades suministrar P2_2026
B2: ANEXO 10.2 CANTIDADES DE ENERGÍA REQUERIDA PRODUCTO 2
B3: AÑO 2026
B6: Oferta Básica, para la Solicitud Pública de Ofertas No. CP-ESSC2025-003, del 1 de febrero 2026 a 31 de diciembre de 2026.
B8: OFERENTE: | E8: Diligenciar
B9: Tipo de agente: | E9: Elegir de la lista desplegable
B10: Oferta No.: | E10: Diligenciar
B11: Tipo de oferta: | C11: CURVA | E11: Fijo
B12: % de su oferta con FNCER: | E12: Diligenciar
B14: Mes-año | C14: Energia Solicitada (kWh) | D14: % a ofertar | E14: Energia Oferta kWh | F14: Precio $ / kWh
A16: 31 | B16: 46023 | F16: 0
A17: 28 | B17: 46054 | C17: =+'Cantidades 2_(2026)'!AD15 -> 8204162 | D17: 0 | E17: =+C17*D17 -> 0
A18: 31 | B18: 46082 | C18: =+'Cantidades 2_(2026)'!AD16 -> 9865393.2 | D18: 0 | E18: =+C18*D18 -> 0
A19: 30 | B19: 46113 | C19: =+'Cantidades 2_(2026)'!AD17 -> 5842730.4 | D19: 0 | E19: =+C19*D19 -> 0
A20: 31 | B20: 46143 | C20: =+'Cantidades 2_(2026)'!AD18 -> 2193087.3 | D20: 0 | E20: =+C20*D20 -> 0
A21: 30 | B21: 46174 | C21: =+'Cantidades 2_(2026)'!AD19 -> 2044913.6 | D21: 0 | E21: =+C21*D21 -> 0
A22: 31 | B22: 46204 | C22: =+'Cantidades 2_(2026)'!AD20 -> 2074770.6 | D22: 0 | E22: =+C22*D22 -> 0
A23: 31 | B23: 46235 | C23: =+'Cantidades 2_(2026)'!AD21 -> 2068744 | D23: 0 | E23: =+C23*D23 -> 0
A24: 30 | B24: 46266 | C24: =+'Cantidades 2_(2026)'!AD22 -> 2666666.2 | D24: 0 | E24: =+C24*D24 -> 0
A25: 31 | B25: 46296 | C25: =+'Cantidades 2_(2026)'!AD23 -> 1969082 | D25: 0 | E25: =+C25*D25 -> 0
A26: 30 | B26: 46327 | C26: =+'Cantidades 2_(2026)'!AD24 -> 1831628.2 | D26: 0 | E26: =+C26*D26 -> 0
A27: 31 | B27: 46357 | C27: =+'Cantidades 2_(2026)'!AD25 -> 5062929.3 | D27: 0 | E27: =+C27*D27 -> 0
A28: =SUM(A16:A27) -> 365 | B28: TOTAL | C28: =SUM(C16:C27) -> 43824107 | D28: =+E28/C28 -> 0 | E28: =SUM(E16:E27) -> 0
B31: Notas:
B32: (1) La Energía Ofertada se distribuye en forma horaria de acuerdo con la curva de carga presentada en la tabla 9.2. TABLAS CANTIDADES DE ENERGÍA REQUERIDA PRODUCTO 2 AÑO 2026 del pliego de condiciones.
B34: (2) Tipo de Contrato: pague lo contratado.
B35: (3) Precio ofertado en $kWh, en pesos de Octubre 2025 (IPP Provisional)
B36: (4) El precio debe ser el mismo para todos los meses del año, con dos cifras decimales
B37: (5) El % igual o diferente para cada uno de los meses del año, con dos cifras decimales.
B38: (6) El precio incluye todos los cargos, impuestos y contribuciones que según la reglamentación vigente en la fecha de apertura de propuestas son responsabilidad de EL OFERENTE.
B39: (7) No serán tenidas en cuenta ofertas con condiciones y/o modificaciones adicionales a los Pliegos definitivos.
B40: (8) La oferta se acoge a todas las condiciones del pliego CP-ESSC2025-003.
B41: (9) Tipo de oferta curva
B42: EL OFERENTE deberá tener en cuenta lo siguiente al completar cada una de las Tablas de las cantidades a ofertar: Debe definir el porcentaje ofertado, hasta máximo el 100% de lo solicitado; EL CONTRATANTE aceptará la oferta de acuerdo a la metodología de evaluación hasta el máximo ofertado.
B48: FIRMA OFERENTE E.S.P.

Sheet Cantidades suministrar P3_2027
B2: ANEXO 10.3 CANTIDADES DE ENERGÍA REQUERIDA PRODUCTO 3
B3: AÑO 2027
B6: Oferta Básica, para la Solicitud Pública de Ofertas No. CP-ESSC2025-003, del 1 de enero 2027 a 31 de diciembre de 2027.
B8: OFERENTE: | E8: Diligenciar
B9: Tipo de agente: | E9: Elegir de la lista desplegable
B10: Oferta No.: | E10: Diligenciar
B11: Tipo de oferta: | C11: CURVA | E11: Fijo
B12: % de su oferta con FNCER: | E12: Diligenciar
B14: Mes-año | C14: Energia Solicitada (kWh) | D14: % a ofertar | E14: Energia Oferta kWh | F14: Precio $ / kWh
A16: 31 | B16: 46388 | C16: =+'Cantidades 3_(2027)'!AD14 -> 28661912 | D16: 0 | E16: =+C16*D16 -> 0 | F16: 0
A17: 28 | B17: 46419 | C17: =+'Cantidades 3_(2027)'!AD15 -> 25956636 | D17: 0 | E17: =+C17*D17 -> 0
A18: 31 | B18: 46447 | C18: =+'Cantidades 3_(2027)'!AD16 -> 28377636 | D18: 0 | E18: =+C18*D18 -> 0
A19: 30 | B19: 46478 | C19: =+'Cantidades 3_(2027)'!AD17 -> 21852568 | D19: 0 | E19: =+C19*D19 -> 0
A20: 31 | B20: 46508 | C20: =+'Cantidades 3_(2027)'!AD18 -> 23042026 | D20: 0 | E20: =+C20*D20 -> 0
A21: 30 | B21: 46539 | C21: =+'Cantidades 3_(2027)'!AD19 -> 6843780.2 | D21: 0 | E21: =+C21*D21 -> 0
A22: 31 | B22: 46569 | C22: =+'Cantidades 3_(2027)'!AD20 -> 3320362.4 | D22: 0 | E22: =+C22*D22 -> 0
A23: 31 | B23: 46600 | C23: =+'Cantidades 3_(2027)'!AD21 -> 7378162.4 | D23: 0 | E23: =+C23*D23 -> 0
A24: 30 | B24: 46631 | C24: =+'Cantidades 3_(2027)'!AD22 -> 7560028.8 | D24: 0 | E24: =+C24*D24 -> 0
A25: 31 | B25: 46661 | C25: =+'Cantidades 3_(2027)'!AD23 -> 9628746.9 | D25: 0 | E25: =+C25*D25 -> 0
A26: 30 | B26: 46692 | C26: =+'Cantidades 3_(2027)'!AD24 -> 13088728 | D26: 0 | E26: =+C26*D26 -> 0
A27: 31 | B27: 46722 | C27: =+'Cantidades 3_(2027)'!AD25 -> 18444368 | D27: 0 | E27: =+C27*D27 -> 0
A28: =SUM(A16:A27) -> 365 | B28: TOTAL | C28: =SUM(C16:C27) -> 1.9415495e+08 | D28: =+E28/C28 -> 0 | E28: =SUM(E16:E27) -> 0
B31: Notas:
B32: (1) La Energía Ofertada se distribuye en forma horaria de acuerdo con la curva de carga presentada en la tabla 9.3. TABLAS CANTIDADES DE ENERGÍA REQUERIDA PRODUCTO 3 AÑO 2027 del pliego de condiciones.
B34: (2) Tipo de Contrato: pague lo contratado.
B35: (3) Precio ofertado en $kWh, en pesos de Octubre 2025 (IPP Provisional)
B36: (4) El precio debe ser el mismo para todos los meses del año, con dos cifras decimales
B37: (5) El % igual o diferente para cada uno de los meses del año, con dos cifras decimales.
B38: (6) El precio incluye todos los cargos, impuestos y contribuciones que según la reglamentación vigente en la fecha de apertura de propuestas son responsabilidad de EL OFERENTE.
B39: (7) No serán tenidas en cuenta ofertas con condiciones y/o modificaciones adicionales a los Pliegos definitivos.
B40: (8) La oferta se acoge a todas las condiciones del pliego CP-ESSC2025-003.
B41: (9) Tipo de oferta curva
B42: EL OFERENTE deberá tener en cuenta lo siguiente al completar cada una de las Tablas de las cantidades a ofertar: Debe definir el porcentaje ofertado, hasta máximo el 100% de lo solicitado; EL CONTRATANTE aceptará la oferta de acuerdo a la metodología de evaluación hasta el máximo ofertado.
B48: FIRMA OFERENTE E.S.P.

Sheet Cantidades suministrar P4_2028
B2: ANEXO 10.4 CANTIDADES DE ENERGÍA REQUERIDA PRODUCTO 4
B3: AÑO 2028
B6: Oferta Básica, para la Solicitud Pública de Ofertas No. CP-ESSC2025-003, del 1 de enero de 2028 a 31 de diciembre de 2028.
B8: OFERENTE: | E8: Diligenciar
B9: Tipo de agente: | E9: Elegir de la lista desplegable
B10: Oferta No.: | E10: Diligenciar
B11: Tipo de oferta: | C11: CURVA | E11: Fijo
B12: % de su oferta con FNCER: | E12: Diligenciar
B14: Mes-año | C14: Energia Solicitada (kWh) | D14: % a ofertar | E14: Energia Oferta kWh | F14: Precio $ / kWh
A16: 31 | B16: 46753 | C16: =+'Cantidades P4_(2028)'!AD14 -> 14704773 | D16: 0 | E16: =+C16*D16 -> 0 | F16: 0
A17: 28 | B17: 46784 | C17: =+'Cantidades P4_(2028)'!AD15 -> 10265950 | D17: 0 | E17: =+C17*D17 -> 0
A18: 31 | B18: 46813 | C18: =+'Cantidades P4_(2028)'!AD16 -> 13243873 | D18: 0 | E18: =+C18*D18 -> 0
A19: 30 | B19: 46844 | C19: =+'Cantidades P4_(2028)'!AD17 -> 7655859.6 | D19: 0 | E19: =+C19*D19 -> 0
A20: 31 | B20: 46874 | C20: =+'Cantidades P4_(2028)'!AD18 -> 8689418.5 | D20: 0 | E20: =+C20*D20 -> 0
A21: 30 | B21: 46905 | C21: =+'Cantidades P4_(2028)'!AD19 -> 12471108 | D21: 0 | E21: =+C21*D21 -> 0
A22: 31 | B22: 46935 | C22: =+'Cantidades P4_(2028)'!AD20 -> 2132513 | D22: 0 | E22: =+C22*D22 -> 0
A23: 31 | B23: 46966 | C23: =+'Cantidades P4_(2028)'!AD21 -> 3655478.8 | D23: 0 | E23: =+C23*D23 -> 0
A24: 30 | B24: 46997 | C24: =+'Cantidades P4_(2028)'!AD22 -> 4619057.7 | D24: 0 | E24: =+C24*D24 -> 0
A25: 31 | B25: 47027 | C25: =+'Cantidades P4_(2028)'!AD23 -> 3459170.5 | D25: 0 | E25: =+C25*D25 -> 0
A26: 30 | B26: 47058 | C26: =+'Cantidades P4_(2028)'!AD24 -> 1619459.3 | D26: 0 | E26: =+C26*D26 -> 0
A27: 31 | B27: 47088 | C27: =+'Cantidades P4_(2028)'!AD25 -> 9419639.1 | D27: 0 | E27: =+C27*D27 -> 0
A28: =SUM(A16:A27) -> 365 | B28: TOTAL | C28: =SUM(C16:C27) -> 91936300 | D28: =+E28/C28 -> 0 | E28: =SUM(E16:E27) -> 0
B31: Notas:
B32: (1) La Energía Ofertada se distribuye en forma horaria de acuerdo con la curva de carga presentada en la tabla 9.4. TABLAS CANTIDADES DE ENERGÍA REQUERIDA PRODUCTO 4 AÑO 2028 del pliego de condiciones.
B34: (2) Tipo de Contrato: pague lo contratado.
B35: (3) Precio ofertado en $kWh, en pesos de Octubre 2025 (IPP Provisional)
B36: (4) El precio debe ser el mismo para todos los meses del año, con dos cifras decimales
B37: (5) El % igual o diferente para cada uno de los meses del año, con dos cifras decimales.
B38: (6) El precio incluye todos los cargos, impuestos y contribuciones que según la reglamentación vigente en la fecha de apertura de propuestas son responsabilidad de EL OFERENTE.
B39: (7) No serán tenidas en cuenta ofertas con condiciones y/o modificaciones adicionales a los Pliegos definitivos.
B40: (8) La oferta se acoge a todas las condiciones del pliego CP-ESSC2025-003.
B41: (9) Tipo de oferta curva
B42: EL OFERENTE deberá tener en cuenta lo siguiente al completar cada una de las Tablas de las cantidades a ofertar: Debe definir el porcentaje ofertado, hasta máximo el 100% de lo solicitado; EL CONTRATANTE aceptará la oferta de acuerdo a la metodología de evaluación hasta el máximo ofertado.
B48: FIRMA OFERENTE E.S.P.

Sheet Cantidades suministrar P5_26-28
B2: ANEXO 10.5 CANTIDADES DE ENERGÍA REQUERIDA PRODUCTO 5
B3: AÑOS 2026 -2028
B6: Oferta Básica, para la Solicitud Pública de Ofertas No. CP-ESSC2025-003, del 1 de febrero de 2026 a 31 de diciembre de 2028.
B8: OFERENTE: | D8: Diligenciar
B9: Tipo de agente: | D9: Elegir de la lista desplegable
B10: Oferta No.: | D10: Diligenciar
B11: Tipo de oferta: | C11: CURVA | D11: Fijo
B12: Franja Horaria | C12: H18-H24
B13: % de su oferta con FNCER: | D13: Diligenciar
B15: Mes-año | C15: Energia Solicitada (kWh) | D15: % a ofertar | E15: Energia Oferta kWh | F15: Precio $ / kWh
A17: 31 | B17: 46023 | D17: 0 | F17: 0
A18: 28 | B18: 46054 | C18: =+'Cantidades 5_(26-28)'!AD15 -> 12471487 | E18: =+C18*$D$17 -> 0
A19: 31 | B19: 46082 | C19: =+'Cantidades 5_(26-28)'!AD16 -> 13432833 | E19: =+C19*$D$17 -> 0
A20: 30 | B20: 46113 | C20: =+'Cantidades 5_(26-28)'!AD17 -> 11611265 | E20: =+C20*$D$17 -> 0
A21: 31 | B21: 46143 | C21: =+'Cantidades 5_(26-28)'!AD18 -> 6257333 | E21: =+C21*$D$17 -> 0
A22: 30 | B22: 46174 | C22: =+'Cantidades 5_(26-28)'!AD19 -> 7351802.1 | E22: =+C22*$D$17 -> 0
A23: 31 | B23: 46204 | C23: =+'Cantidades 5_(26-28)'!AD20 -> 8667289.6 | E23: =+C23*$D$17 -> 0
A24: 31 | B24: 46235 | C24: =+'Cantidades 5_(26-28)'!AD21 -> 8541286.1 | E24: =+C24*$D$17 -> 0
A25: 30 | B25: 46266 | C25: =+'Cantidades 5_(26-28)'!AD22 -> 10140571 | E25: =+C25*$D$17 -> 0
A26: 31 | B26: 46296 | C26: =+'Cantidades 5_(26-28)'!AD23 -> 10912077 | E26: =+C26*$D$17 -> 0
A27: 30 | B27: 46327 | C27: =+'Cantidades 5_(26-28)'!AD24 -> 9086699.7 | E27: =+C27*$D$17 -> 0
A28: 31 | B28: 46357 | C28: =+'Cantidades 5_(26-28)'!AD25 -> 12035402 | E28: =+C28*$D$17 -> 0
A29: 31 | B29: 46388 | C29: =+'Cantidades 5_(26-28)'!AD64 -> 13512052 | D29: 0 | E29: =+C29*$D$29 -> 0 | F29: 0
A30: 28 | B30: 46419 | C30: =+'Cantidades 5_(26-28)'!AD65 -> 12535983 | E30: =+C30*$D$29 -> 0
A31: 31 | B31: 46447 | C31: =+'Cantidades 5_(26-28)'!AD66 -> 13410647 | E31: =+C31*$D$29 -> 0
A32: 30 | B32: 46478 | C32: =+'Cantidades 5_(26-28)'!AD67 -> 11845997 | E32: =+C32*$D$29 -> 0
A33: 31 | B33: 46508 | C33: =+'Cantidades 5_(26-28)'!AD68 -> 12308880 | E33: =+C33*$D$29 -> 0
A34: 30 | B34: 46539 | C34: =+'Cantidades 5_(26-28)'!AD69 -> 7811321.4 | E34: =+C34*$D$29 -> 0
A35: 31 | B35: 46569 | C35: =+'Cantidades 5_(26-28)'!AD70 -> 7123196.9 | E35: =+C35*$D$29 -> 0
A36: 31 | B36: 46600 | C36: =+'Cantidades 5_(26-28)'!AD71 -> 8553825 | E36: =+C36*$D$29 -> 0
A37: 30 | B37: 46631 | C37: =+'Cantidades 5_(26-28)'!AD72 -> 7942306.5 | E37: =+C37*$D$29 -> 0
A38: 31 | B38: 46661 | C38: =+'Cantidades 5_(26-28)'!AD73 -> 9779601.8 | E38: =+C38*$D$29 -> 0
A39: 30 | B39: 46692 | C39: =+'Cantidades 5_(26-28)'!AD74 -> 10330944 | E39: =+C39*$D$29 -> 0
A40: 31 | B40: 46722 | C40: =+'Cantidades 5_(26-28)'!AD75 -> 11901394 | E40: =+C40*$D$29 -> 0
A41: 31 | B41: 46753 | C41: =+'Cantidades 5_(26-28)'!AD114 -> 13474937 | D41: 0 | E41: =+C41*$D$41 -> 0 | F41: 0
A42: 29 | B42: 46784 | C42: =+'Cantidades 5_(26-28)'!AD115 -> 11854314 | E42: =+C42*$D$41 -> 0
A43: 31 | B43: 46813 | C43: =+'Cantidades 5_(26-28)'!AD116 -> 13059269 | E43: =+C43*$D$41 -> 0
A44: 30 | B44: 46844 | C44: =+'Cantidades 5_(26-28)'!AD117 -> 10991944 | E44: =+C44*$D$41 -> 0
A45: 31 | B45: 46874 | C45: =+'Cantidades 5_(26-28)'!AD118 -> 11286422 | E45: =+C45*$D$41 -> 0
A46: 30 | B46: 46905 | C46: =+'Cantidades 5_(26-28)'!AD119 -> 12715256 | E46: =+C46*$D$41 -> 0
A47: 31 | B47: 46935 | C47: =+'Cantidades 5_(26-28)'!AD120 -> 9558262.5 | E47: =+C47*$D$41 -> 0
A48: 31 | B48: 46966 | C48: =+'Cantidades 5_(26-28)'!AD121 -> 9345896 | E48: =+C48*$D$41 -> 0
A49: 30 | B49: 46997 | C49: =+'Cantidades 5_(26-28)'!AD122 -> 8996654.2 | E49: =+C49*$D$41 -> 0
A50: 31 | B50: 47027 | C50: =+'Cantidades 5_(26-28)'!AD123 -> 9644197.1 | E50: =+C50*$D$41 -> 0
A51: 30 | B51: 47058 | C51: =+'Cantidades 5_(26-28)'!AD124 -> 7307179.3 | E51: =+C51*$D$41 -> 0
A52: 31 | B52: 47088 | C52: =+'Cantidades 5_(26-28)'!AD125 -> 11351679 | E52: =+C52*$D$41 -> 0
A53: =SUM(A17:A28) -> 365 | B53: TOTAL | C53: =SUM(C17:C52) -> 3.671502e+08 | D53: =+D17 -> 0 | E53: =SUM(E18:E52) -> 0
B56: Notas:
B57: (1) La Energía Ofertada se distribuye en forma horaria de acuerdo con la curva de carga presentada en la tabla 9.5. TABLAS CANTIDADES DE ENERGÍA REQUERIDA PRODUCTO 5 AÑOS 2026 A 2028 del pliego de condiciones.
B59: (2) Tipo de Contrato: pague lo contratado.
B60: (3) Precio ofertado en $kWh, en pesos de Octubre 2025 (IPP Provisional)
B61: (4) El precio igual para todos los meses por año e Independiente por año del producto, con dos cifras decimales
B62: (5) El % Igual para todos los meses por año e independiente por año del producto, con dos cifras decimales.
B63: (6) El precio incluye todos los cargos, impuestos y contribuciones que según la reglamentación vigente en la fecha de apertura de propuestas son responsabilidad de EL OFERENTE.
B64: (7) No serán tenidas en cuenta ofertas con condiciones y/o modificaciones adicionales a los Pliegos definitivos.
B65: (8) La oferta se acoge a todas las condiciones del pliego CP-ESSC2025-003.
B66: (9) Tipo de oferta curva, horas 18-24
B67: EL OFERENTE deberá tener en cuenta lo siguiente al completar cada una de las Tablas de las cantidades a ofertar: Debe definir el porcentaje ofertado, hasta máximo el 100% de lo solicitado; EL CONTRATANTE aceptará la oferta de acuerdo a la metodología de evaluación hasta el máximo ofertado.
B73: FIRMA OFERENTE E.S.P.

Sheet Cantidades suministrar P6_29-30
B2: ANEXO 10.6 CANTIDADES DE ENERGÍA REQUERIDA PRODUCTO 6
B3: AÑOS 2029 -2030
B6: Oferta Básica, para la Solicitud Pública de Ofertas No. CP-ESSC2025-003, del 1 de enero de 2029 a 31 de diciembre de 2030.
B8: OFERENTE: | E8: Diligenciar
B9: Tipo de agente: | E9: Elegir de la lista desplegable
B10: Oferta No.: | E10: Diligenciar
B11: Tipo de oferta: | C11: PLANA | E11: Fijo
A12: 24 | B12: Franja Horaria | C12: H1-H24
B13: % de su oferta con FNCER: | E13: Diligenciar
B15: Mes-año | C15: Energia Solicitada (kWh) | D15: Energía Horaria solicitada kWh (h1-h24) | E15: % a ofertar | F15: Energia Oferta kWh | G15: Energia Horaria Ofertada kWh | H15: Precio $ / kWh
A17: 31 | B17: 47119 | C17: =+'Cantidades P6_(2029-2040)'!AD14 -> 9820800 | D17: =+C17/A17/$A$12 -> 13200 | E17: 0 | F17: =+C17*$E$17 -> 0 | G17: =+F17/A17/$A$12 -> 0 | H17: 0
A18: 28 | B18: 47150 | C18: =+'Cantidades P6_(2029-2040)'!AD15 -> 8870400 | D18: =+C18/A18/$A$12 -> 13200 | F18: =+C18*$E$17 -> 0 | G18: =+F18/A18/$A$12 -> 0
A19: 31 | B19: 47178 | C19: =+'Cantidades P6_(2029-2040)'!AD16 -> 9820800 | D19: =+C19/A19/$A$12 -> 13200 | F19: =+C19*$E$17 -> 0 | G19: =+F19/A19/$A$12 -> 0
A20: 30 | B20: 47209 | C20: =+'Cantidades P6_(2029-2040)'!AD17 -> 9504000 | D20: =+C20/A20/$A$12 -> 13200 | F20: =+C20*$E$17 -> 0 | G20: =+F20/A20/$A$12 -> 0
A21: 31 | B21: 47239 | C21: =+'Cantidades P6_(2029-2040)'!AD18 -> 9820800 | D21: =+C21/A21/$A$12 -> 13200 | F21: =+C21*$E$17 -> 0 | G21: =+F21/A21/$A$12 -> 0
A22: 30 | B22: 47270 | C22: =+'Cantidades P6_(2029-2040)'!AD19 -> 9504000 | D22: =+C22/A22/$A$12 -> 13200 | F22: =+C22*$E$17 -> 0 | G22: =+F22/A22/$A$12 -> 0
A23: 31 | B23: 47300 | C23: =+'Cantidades P6_(2029-2040)'!AD20 -> 9820800 | D23: =+C23/A23/$A$12 -> 13200 | F23: =+C23*$E$17 -> 0 | G23: =+F23/A23/$A$12 -> 0
A24: 31 | B24: 47331 | C24: =+'Cantidades P6_(2029-2040)'!AD21 -> 9820800 | D24: =+C24/A24/$A$12 -> 13200 | F24: =+C24*$E$17 -> 0 | G24: =+F24/A24/$A$12 -> 0
A25: 30 | B25: 47362 | C25: =+'Cantidades P6_(2029-2040)'!AD22 -> 9504000 | D25: =+C25/A25/$A$12 -> 13200 | F25: =+C25*$E$17 -> 0 | G25: =+F25/A25/$A$12 -> 0
A26: 31 | B26: 47392 | C26: =+'Cantidades P6_(2029-2040)'!AD23 -> 9820800 | D26: =+C26/A26/$A$12 -> 13200 | F26: =+C26*$E$17 -> 0 | G26: =+F26/A26/$A$12 -> 0
A27: 30 | B27: 47423 | C27: =+'Cantidades P6_(2029-2040)'!AD24 -> 9504000 | D27: =+C27/A27/$A$12 -> 13200 | F27: =+C27*$E$17 -> 0 | G27: =+F27/A27/$A$12 -> 0
A28: 31 | B28: 47453 | C28: =+'Cantidades P6_(2029-2040)'!AD25 -> 9820800 | D28: =+C28/A28/$A$12 -> 13200 | F28: =+C28*$E$17 -> 0 | G28: =+F28/A28/$A$12 -> 0
A29: 31 | B29: 47484 | C29: =+'Cantidades P6_(2029-2040)'!AD64 -> 9820800 | D29: =+C29/A29/$A$12 -> 13200 | F29: =+C29*$E$17 -> 0 | G29: =+F29/A29/$A$12 -> 0 | H29: 0
A30: 28 | B30: 47515 | C30: =+'Cantidades P6_(2029-2040)'!AD65 -> 8870400 | D30: =+C30/A30/$A$12 -> 13200 | F30: =+C30*$E$17 -> 0 | G30: =+F30/A30/$A$12 -> 0
A31: 31 | B31: 47543 | C31: =+'Cantidades P6_(2029-2040)'!AD66 -> 9820800 | D31: =+C31/A31/$A$12 -> 13200 | F31: =+C31*$E$17 -> 0 | G31: =+F31/A31/$A$12 -> 0
A32: 30 | B32: 47574 | C32: =+'Cantidades P6_(2029-2040)'!AD67 -> 9504000 | D32: =+C32/A32/$A$12 -> 13200 | F32: =+C32*$E$17 -> 0 | G32: =+F32/A32/$A$12 -> 0
A33: 31 | B33: 47604 | C33: =+'Cantidades P6_(2029-2040)'!AD68 -> 9820800 | D33: =+C33/A33/$A$12 -> 13200 | F33: =+C33*$E$17 -> 0 | G33: =+F33/A33/$A$12 -> 0
A34: 30 | B34: 47635 | C34: =+'Cantidades P6_(2029-2040)'!AD69 -> 9504000 | D34: =+C34/A34/$A$12 -> 13200 | F34: =+C34*$E$17 -> 0 | G34: =+F34/A34/$A$12 -> 0
A35: 31 | B35: 47665 | C35: =+'Cantidades P6_(2029-2040)'!AD70 -> 9820800 | D35: =+C35/A35/$A$12 -> 13200 | F35: =+C35*$E$17 -> 0 | G35: =+F35/A35/$A$12 -> 0
A36: 31 | B36: 47696 | C36: =+'Cantidades P6_(2029-2040)'!AD71 -> 9820800 | D36: =+C36/A36/$A$12 -> 13200 | F36: =+C36*$E$17 -> 0 | G36: =+F36/A36/$A$12 -> 0
A37: 30 | B37: 47727 | C37: =+'Cantidades P6_(2029-2040)'!AD72 -> 9504000 | D37: =+C37/A37/$A$12 -> 13200 | F37: =+C37*$E$17 -> 0 | G37: =+F37/A37/$A$12 -> 0
A38: 31 | B38: 47757 | C38: =+'Cantidades P6_(2029-2040)'!AD73 -> 9820800 | D38: =+C38/A38/$A$12 -> 13200 | F38: =+C38*$E$17 -> 0 | G38: =+F38/A38/$A$12 -> 0
A39: 30 | B39: 47788 | C39: =+'Cantidades P6_(2029-2040)'!AD74 -> 9504000 | D39: =+C39/A39/$A$12 -> 13200 | F39: =+C39*$E$17 -> 0 | G39: =+F39/A39/$A$12 -> 0
A40: 31 | B40: 47818 | C40: =+'Cantidades P6_(2029-2040)'!AD75 -> 9820800 | D40: =+C40/A40/$A$12 -> 13200 | F40: =+C40*$E$17 -> 0 | G40: =+F40/A40/$A$12 -> 0
A41: =SUM(A17:A28) -> 365 | B41: TOTAL | C41: =SUM(C17:C40) -> 231264000 | E41: =+E17 -> 0 | F41: =SUM(F17:F40) -> 0
B44: Notas:
B45: (1) La Energía Ofertada se distribuye en forma horaria de acuerdo con la curva de carga presentada en la tabla 9.6. TABLAS CANTIDADES DE ENERGÍA REQUERIDA PRODUCTO 6 AÑOS 2029 A 2030 del pliego de condiciones.
B47: (2) Tipo de Contrato: pague lo contratado.
B48: (3) Precio ofertado en $kWh, en pesos de Octubre 2025 (IPP Provisional)
B49: (4) El precio igual para todos los meses por año e Independiente por año del producto, con dos cifras decimales
B50: (5) El % Igual para todos los meses y años ofertados, con dos cifras decimales.
B51: (6) El precio incluye todos los cargos, impuestos y contribuciones que según la reglamentación vigente en la fecha de apertura de propuestas son responsabilidad de EL OFERENTE.
B52: (7) No serán tenidas en cuenta ofertas con condiciones y/o modificaciones adicionales a los Pliegos definitivos.
B53: (8) La oferta se acoge a todas las condiciones del pliego CP-ESSC2025-003.
B54: (9) Tipo de oferta plana, horas 1-24
B55: EL OFERENTE deberá tener en cuenta lo siguiente al completar cada una de las Tablas de las cantidades a ofertar: Debe definir el porcentaje ofertado, hasta máximo el 100% de lo solicitado; EL CONTRATANTE aceptará la oferta de acuerdo a la metodología de evaluación hasta el máximo ofertado.
B61: FIRMA OFERENTE E.S.P.

Sheet Hoja9
B2: Mes | C2: AÑO 2026 Energia Solicitada (kWh) | D2: AÑO 2027 Energia Solicitada (kWh) | E2: AÑO 2028 Energia Solicitada (kWh) | F2: AÑO 2029 Energia Solicitada (kWh) | G2: AÑO 2030 Energia Solicitada (kWh) | H2: AÑO 2031 Energia Solicitada (kWh) | I2: AÑO 2032 Energia Solicitada (kWh) | J2: AÑO 2033 Energia Solicitada (kWh) | K2: AÑO 2034 Energia Solicitada (kWh) | L2: AÑO 2035 Energia Solicitada (kWh) | M2: TOTAL PRODUCTO 2 Energia Solicitada (kWh)
B3: CURVA | C3: La misma curva de la tabla 9.1.2 del producto 1 | D3: La misma curva de la tabla 9.1.3 del producto 1 | E3: La misma curva de la tabla 9.1.4 del producto 1 | F3: La misma curva de la tabla 9.1.5 del producto 1 | G3: La misma curva de la tabla 9.1.6 del producto 1 | H3: La misma curva de la tabla 9.1.7 del producto 1 | I3: La misma curva de la tabla 9.1.8 del producto 1 | J3: La misma curva de la tabla 9.1.9 del producto 1 | K3: La misma curva de la tabla 9.1.10 del producto 1 | L3: La misma curva de la tabla 9.1.11 del producto 1
B4: ene | C4: =+#REF! -> #REF! | D4: =+#REF! -> #REF! | E4: =+#REF! -> #REF! | F4: =+#REF! -> #REF! | G4: =+#REF! -> #REF! | H4: =+#REF! -> #REF! | I4: =+#REF! -> #REF! | J4: =+#REF! -> #REF! | ... L4: =+#REF! -> #REF! | M4: =SUM(C4:L4) -> #REF!
B5: feb | C5: =+#REF! -> #REF! | D5: =+#REF! -> #REF! | E5: =+#REF! -> #REF! | F5: =+#REF! -> #REF! | G5: =+#REF! -> #REF! | H5: =+#REF! -> #REF! | I5: =+#REF! -> #REF! | J5: =+#REF! -> #REF! | ... L5: =+#REF! -> #REF! | M5: =SUM(C5:L5) -> #REF!
B6: mar | C6: =+#REF! -> #REF! | D6: =+#REF! -> #REF! | E6: =+#REF! -> #REF! | F6: =+#REF! -> #REF! | G6: =+#REF! -> #REF! | H6: =+#REF! -> #REF! | I6: =+#REF! -> #REF! | J6: =+#REF! -> #REF! | ... L6: =+#REF! -> #REF! | M6: =SUM(C6:L6) -> #REF!
B7: abr | C7: =+#REF! -> #REF! | D7: =+#REF! -> #REF! | E7: =+#REF! -> #REF! | F7: =+#REF! -> #REF! | G7: =+#REF! -> #REF! | H7: =+#REF! -> #REF! | I7: =+#REF! -> #REF! | J7: =+#REF! -> #REF! | ... L7: =+#REF! -> #REF! | M7: =SUM(C7:L7) -> #REF!
B8: may | C8: =+#REF! -> #REF! | D8: =+#REF! -> #REF! | E8: =+#REF! -> #REF! | F8: =+#REF! -> #REF! | G8: =+#REF! -> #REF! | H8: =+#REF! -> #REF! | I8: =+#REF! -> #REF! | J8: =+#REF! -> #REF! | ... L8: =+#REF! -> #REF! | M8: =SUM(C8:L8) -> #REF!
B9: jun | C9: =+#REF! -> #REF! | D9: =+#REF! -> #REF! | E9: =+#REF! -> #REF! | F9: =+#REF! -> #REF! | G9: =+#REF! -> #REF! | H9: =+#REF! -> #REF! | I9: =+#REF! -> #REF! | J9: =+#REF! -> #REF! | ... L9: =+#REF! -> #REF! | M9: =SUM(C9:L9) -> #REF!
B10: jul | C10: =+#REF! -> #REF! | D10: =+#REF! -> #REF! | E10: =+#REF! -> #REF! | F10: =+#REF! -> #REF! | G10: =+#REF! -> #REF! | H10: =+#REF! -> #REF! | I10: =+#REF! -> #REF! | J10: =+#REF! -> #REF! | ... L10: =+#REF! -> #REF! | M10: =SUM(C10:L10) -> #REF!
B11: ago | C11: =+#REF! -> #REF! | D11: =+#REF! -> #REF! | E11: =+#REF! -> #REF! | F11: =+#REF! -> #REF! | G11: =+#REF! -> #REF! | H11: =+#REF! -> #REF! | I11: =+#REF! -> #REF! | J11: =+#REF! -> #REF! | ... L11: =+#REF! -> #REF! | M11: =SUM(C11:L11) -> #REF!
B12: sep | C12: =+#REF! -> #REF! | D12: =+#REF! -> #REF! | E12: =+#REF! -> #REF! | F12: =+#REF! -> #REF! | G12: =+#REF! -> #REF! | H12: =+#REF! -> #REF! | I12: =+#REF! -> #REF! | J12: =+#REF! -> #REF! | ... L12: =+#REF! -> #REF! | M12: =SUM(C12:L12) -> #REF!
B13: oct | C13: =+#REF! -> #REF! | D13: =+#REF! -> #REF! | E13: =+#REF! -> #REF! | F13: =+#REF! -> #REF! | G13: =+#REF! -> #REF! | H13: =+#REF! -> #REF! | I13: =+#REF! -> #REF! | J13: =+#REF! -> #REF! | ... L13: =+#REF! -> #REF! | M13: =SUM(C13:L13) -> #REF!
B14: nov | C14: =+#REF! -> #REF! | D14: =+#REF! -> #REF! | E14: =+#REF! -> #REF! | F14: =+#REF! -> #REF! | G14: =+#REF! -> #REF! | H14: =+#REF! -> #REF! | I14: =+#REF! -> #REF! | J14: =+#REF! -> #REF! | ... L14: =+#REF! -> #REF! | M14: =SUM(C14:L14) -> #REF!
B15: dic | C15: =+#REF! -> #REF! | D15: =+#REF! -> #REF! | E15: =+#REF! -> #REF! | F15: =+#REF! -> #REF! | G15: =+#REF! -> #REF! | H15: =+#REF! -> #REF! | I15: =+#REF! -> #REF! | J15: =+#REF! -> #REF! | ... L15: =+#REF! -> #REF! | M15: =SUM(C15:L15) -> #REF!
B16: TOTAL | C16: =SUM(C4:C15) -> #REF! | D16: =SUM(D4:D15) -> #REF! | E16: =SUM(E4:E15) -> #REF! | F16: =SUM(F4:F15) -> #REF! | G16: =SUM(G4:G15) -> #REF! | H16: =SUM(H4:H15) -> #REF! | I16: =SUM(I4:I15) -> #REF! | J16: =SUM(J4:J15) -> #REF! | ... M16: =SUM(M4:M15) -> #REF!
M17: =+M16-#REF! -> #REF!

Sheet Hoja9 (2)
B2: Mes | C2: AÑO 2027 Energia Solicitada (kWh) | D2: AÑO 2028 Energia Solicitada (kWh) | E2: AÑO 2029 Energia Solicitada (kWh) | F2: AÑO 2030 Energia Solicitada (kWh) | G2: AÑO 2031 Energia Solicitada (kWh) | H2: AÑO 2032 Energia Solicitada (kWh) | I2: AÑO 2033 Energia Solicitada (kWh) | J2: AÑO 2034 Energia Solicitada (kWh) | K2: AÑO 2035 Energia Solicitada (kWh) | L2: AÑO 2036 Energia Solicitada (kWh) | M2: TOTAL PRODUCTO 3 Energia Solicitada (kWh)
B3: CURVA | C3: La misma curva de la tabla 9.1.3 del producto 1 | D3: La misma curva de la tabla 9.1.4 del producto 1 | E3: La misma curva de la tabla 9.1.5 del producto 1 | F3: La misma curva de la tabla 9.1.6 del producto 1 | G3: La misma curva de la tabla 9.1.7 del producto 1 | H3: La misma curva de la tabla 9.1.8 del producto 1 | I3: La misma curva de la tabla 9.1.9 del producto 1 | J3: La misma curva de la tabla 9.1.10 del producto 1 | K3: La misma curva de la tabla 9.1.11 del producto 1 | L3: La misma curva de la tabla 9.1.12 del producto 1
B4: ene | C4: =+#REF! -> #REF! | D4: =+#REF! -> #REF! | E4: =+#REF! -> #REF! | F4: =+#REF! -> #REF! | G4: =+#REF! -> #REF! | H4: =+#REF! -> #REF! | I4: =+#REF! -> #REF! | J4: =+#REF! -> #REF! | ... L4: =+#REF! -> #REF! | M4: =SUM(C4:L4) -> #REF!
B5: feb | C5: =+#REF! -> #REF! | D5: =+#REF! -> #REF! | E5: =+#REF! -> #REF! | F5: =+#REF! -> #REF! | G5: =+#REF! -> #REF! | H5: =+#REF! -> #REF! | I5: =+#REF! -> #REF! | J5: =+#REF! -> #REF! | ... L5: =+#REF! -> #REF! | M5: =SUM(C5:L5) -> #REF!
B6: mar | C6: =+#REF! -> #REF! | D6: =+#REF! -> #REF! | E6: =+#REF! -> #REF! | F6: =+#REF! -> #REF! | G6: =+#REF! -> #REF! | H6: =+#REF! -> #REF! | I6: =+#REF! -> #REF! | J6: =+#REF! -> #REF! | ... L6: =+#REF! -> #REF! | M6: =SUM(C6:L6) -> #REF!
B7: abr | C7: =+#REF! -> #REF! | D7: =+#REF! -> #REF! | E7: =+#REF! -> #REF! | F7: =+#REF! -> #REF! | G7: =+#REF! -> #REF! | H7: =+#REF! -> #REF! | I7: =+#REF! -> #REF! | J7: =+#REF! -> #REF! | ... L7: =+#REF! -> #REF! | M7: =SUM(C7:L7) -> #REF!
B8: may | C8: =+#REF! -> #REF! | D8: =+#REF! -> #REF! | E8: =+#REF! -> #REF! | F8: =+#REF! -> #REF! | G8: =+#REF! -> #REF! | H8: =+#REF! -> #REF! | I8: =+#REF! -> #REF! | J8: =+#REF! -> #REF! | ... L8: =+#REF! -> #REF! | M8: =SUM(C8:L8) -> #REF!
B9: jun | C9: =+#REF! -> #REF! | D9: =+#REF! -> #REF! | E9: =+#REF! -> #REF! | F9: =+#REF! -> #REF! | G9: =+#REF! -> #REF! | H9: =+#REF! -> #REF! | I9: =+#REF! -> #REF! | J9: =+#REF! -> #REF! | ... L9: =+#REF! -> #REF! | M9: =SUM(C9:L9) -> #REF!
B10: jul | C10: =+#REF! -> #REF! | D10: =+#REF! -> #REF! | E10: =+#REF! -> #REF! | F10: =+#REF! -> #REF! | G10: =+#REF! -> #REF! | H10: =+#REF! -> #REF! | I10: =+#REF! -> #REF! | J10: =+#REF! -> #REF! | ... L10: =+#REF! -> #REF! | M10: =SUM(C10:L10) -> #REF!
B11: ago | C11: =+#REF! -> #REF! | D11: =+#REF! -> #REF! | E11: =+#REF! -> #REF! | F11: =+#REF! -> #REF! | G11: =+#REF! -> #REF! | H11: =+#REF! -> #REF! | I11: =+#REF! -> #REF! | J11: =+#REF! -> #REF! | ... L11: =+#REF! -> #REF! | M11: =SUM(C11:L11) -> #REF!
B12: sep | C12: =+#REF! -> #REF! | D12: =+#REF! -> #REF! | E12: =+#REF! -> #REF! | F12: =+#REF! -> #REF! | G12: =+#REF! -> #REF! | H12: =+#REF! -> #REF! | I12: =+#REF! -> #REF! | J12: =+#REF! -> #REF! | ... L12: =+#REF! -> #REF! | M12: =SUM(C12:L12) -> #REF!
B13: oct | C13: =+#REF! -> #REF! | D13: =+#REF! -> #REF! | E13: =+#REF! -> #REF! | F13: =+#REF! -> #REF! | G13: =+#REF! -> #REF! | H13: =+#REF! -> #REF! | I13: =+#REF! -> #REF! | J13: =+#REF! -> #REF! | ... L13: =+#REF! -> #REF! | M13: =SUM(C13:L13) -> #REF!
B14: nov | C14: =+#REF! -> #REF! | D14: =+#REF! -> #REF! | E14: =+#REF! -> #REF! | F14: =+#REF! -> #REF! | G14: =+#REF! -> #REF! | H14: =+#REF! -> #REF! | I14: =+#REF! -> #REF! | J14: =+#REF! -> #REF! | ... L14: =+#REF! -> #REF! | M14: =SUM(C14:L14) -> #REF!
B15: dic | C15: =+#REF! -> #REF! | D15: =+#REF! -> #REF! | E15: =+#REF! -> #REF! | F15: =+#REF! -> #REF! | G15: =+#REF! -> #REF! | H15: =+#REF! -> #REF! | I15: =+#REF! -> #REF! | J15: =+#REF! -> #REF! | ... L15: =+#REF! -> #REF! | M15: =SUM(C15:L15) -> #REF!
B16: TOTAL | C16: =SUM(C4:C15) -> #REF! | D16: =SUM(D4:D15) -> #REF! | E16: =SUM(E4:E15) -> #REF! | F16: =SUM(F4:F15) -> #REF! | G16: =SUM(G4:G15) -> #REF! | H16: =SUM(H4:H15) -> #REF! | I16: =SUM(I4:I15) -> #REF! | J16: =SUM(J4:J15) -> #REF! | ... M16: =SUM(M4:M15) -> #REF!
M17: =+M16-#REF! -> #REF!

Sheet Cantidades 1_(26-28)
B4: 9.1 TABLAS CANTIDADES DE ENERGÍA REQUERIDA PRODUCTO 1 AÑO 2026 -2028 (kWh)
B5: ELETRIFICADORA DE SANTANDER S.A E.S.P.
B6: SOLICITUD PÚBLICA DE OFERTAS CP-ESSC2025-003
B7: PAGUELO CONTRATADO
B10: Mes | C10: Tipo Día | D10: Días | E10: H1 | F10: H2 | G10: H3 | H10: H4 | I10: H5 | J10: H6 | K10: H7 | L10: H8 | M10: H9 | N10: H10 | O10: H11 | P10: H12 | Q10: H13 | R10: H14 | S10: H15 | T10: H16 | U10: H17 | V10: H18 | W10: H19 | X10: H20 | Y10: H21 | Z10: H22 | AA10: H23 | AB10: H24 | AC10: TOTAL MES kWh | AE10: =+AC10 -> TOTAL MES kWh
B11: 46023 | C11: Ordinario | D11: 20 | AC11: =SUM(E11:AB11)*D11+SUM(E12:AB12)*D12+SUM(E13:AB13)*D13+SUM(E14:AB14)*D14 -> 0 | AE11: =+AC11 -> 0
C12: Sábado | D12: 5 | AE12: =+AC15 -> 3360000
C13: Domingo | D13: 4 | AE13: =+AC19 -> 3720000
C14: Festivo | D14: 2 | AE14: =+AC23 -> 3600000
B15: 46054 | C15: Ordinario | D15: 20 | E15: 5000 | F15: 5000 | G15: 5000 | H15: 5000 | I15: 5000 | J15: 5000 | K15: 5000 | L15: 5000 | M15: 5000 | N15: 5000 | O15: 5000 | P15: 5000 | Q15: 5000 | R15: 5000 | S15: 5000 | T15: 5000 | U15: 5000 | V15: 5000 | W15: 5000 | X15: 5000 | Y15: 5000 | Z15: 5000 | AA15: 5000 | AB15: 5000 | AC15: =SUM(E15:AB15)*D15+SUM(E16:AB16)*D16+SUM(E17:AB17)*D17+SUM(E18:AB18)*D18 -> 3360000 | AD15: =+AC15 -> 3360000 | AE15: =+AC27 -> 3720000
B16: Feb | C16: Sábado | D16: 4 | E16: 5000 | F16: 5000 | G16: 5000 | H16: 5000 | I16: 5000 | J16: 5000 | K16: 5000 | L16: 5000 | M16: 5000 | N16: 5000 | O16: 5000 | P16: 5000 | Q16: 5000 | R16: 5000 | S16: 5000 | T16: 5000 | U16: 5000 | V16: 5000 | W16: 5000 | X16: 5000 | Y16: 5000 | Z16: 5000 | AA16: 5000 | AB16: 5000 | AD16: =+AC19 -> 3720000 | AE16: =+AC31 -> 3600000
B17: Feb | C17: Domingo | D17: 4 | E17: 5000 | F17: 5000 | G17: 5000 | H17: 5000 | I17: 5000 | J17: 5000 | K17: 5000 | L17: 5000 | M17: 5000 | N17: 5000 | O17: 5000 | P17: 5000 | Q17: 5000 | R17: 5000 | S17: 5000 | T17: 5000 | U17: 5000 | V17: 5000 | W17: 5000 | X17: 5000 | Y17: 5000 | Z17: 5000 | AA17: 5000 | AB17: 5000 | AD17: =+AC23 -> 3600000 | AE17: =+AC35 -> 3720000
B18: Feb | C18: Festivo | D18: 0 | AD18: =+AC27 -> 3720000 | AE18: =+AC39 -> 3720000
B19: 46082 | C19: Ordinario | D19: 21 | E19: 5000 | F19: 5000 | G19: 5000 | H19: 5000 | I19: 5000 | J19: 5000 | K19: 5000 | L19: 5000 | M19: 5000 | N19: 5000 | O19: 5000 | P19: 5000 | Q19: 5000 | R19: 5000 | S19: 5000 | T19: 5000 | U19: 5000 | V19: 5000 | W19: 5000 | X19: 5000 | Y19: 5000 | Z19: 5000 | AA19: 5000 | AB19: 5000 | AC19: =SUM(E19:AB19)*D19+SUM(E20:AB20)*D20+SUM(E21:AB21)*D21+SUM(E22:AB22)*D22 -> 3720000 | AD19: =+AC31 -> 3600000 | AE19: =+AC43 -> 3600000
C20: Sábado | D20: 4 | E20: 5000 | F20: 5000 | G20: 5000 | H20: 5000 | I20: 5000 | J20: 5000 | K20: 5000 | L20: 5000 | M20: 5000 | N20: 5000 | O20: 5000 | P20: 5000 | Q20: 5000 | R20: 5000 | S20: 5000 | T20: 5000 | U20: 5000 | V20: 5000 | W20: 5000 | X20: 5000 | Y20: 5000 | Z20: 5000 | AA20: 5000 | AB20: 5000 | AD20: =+AC35 -> 3720000 | AE20: =+AC47 -> 3720000
C21: Domingo | D21: 5 | E21: 5000 | F21: 5000 | G21: 5000 | H21: 5000 | I21: 5000 | J21: 5000 | K21: 5000 | L21: 5000 | M21: 5000 | N21: 5000 | O21: 5000 | P21: 5000 | Q21: 5000 | R21: 5000 | S21: 5000 | T21: 5000 | U21: 5000 | V21: 5000 | W21: 5000 | X21: 5000 | Y21: 5000 | Z21: 5000 | AA21: 5000 | AB21: 5000 | AD21: =+AC39 -> 3720000 | AE21: =+AC51 -> 3600000
C22: Festivo | D22: 1 | E22: 5000 | F22: 5000 | G22: 5000 | H22: 5000 | I22: 5000 | J22: 5000 | K22: 5000 | L22: 5000 | M22: 5000 | N22: 5000 | O22: 5000 | P22: 5000 | Q22: 5000 | R22: 5000 | S22: 5000 | T22: 5000 | U22: 5000 | V22: 5000 | W22: 5000 | X22: 5000 | Y22: 5000 | Z22: 5000 | AA22: 5000 | AB22: 5000 | AD22: =+AC43 -> 3600000 | AE22: =+AC55 -> 3720000
B23: 46113 | C23: Ordinario | D23: 20 | E23: 5000 | F23: 5000 | G23: 5000 | H23: 5000 | I23: 5000 | J23: 5000 | K23: 5000 | L23: 5000 | M23: 5000 | N23: 5000 | O23: 5000 | P23: 5000 | Q23: 5000 | R23: 5000 | S23: 5000 | T23: 5000 | U23: 5000 | V23: 5000 | W23: 5000 | X23: 5000 | Y23: 5000 | Z23: 5000 | AA23: 5000 | AB23: 5000 | AC23: =SUM(E23:AB23)*D23+SUM(E24:AB24)*D24+SUM(E25:AB25)*D25+SUM(E26:AB26)*D26 -> 3600000 | AD23: =+AC47 -> 3720000 | AE23: =SUM(AE11:AE22) -> 40080000
B24: Feb | C24: Sábado | D24: 4 | E24: 5000 | F24: 5000 | G24: 5000 | H24: 5000 | I24: 5000 | J24: 5000 | K24: 5000 | L24: 5000 | M24: 5000 | N24: 5000 | O24: 5000 | P24: 5000 | Q24: 5000 | R24: 5000 | S24: 5000 | T24: 5000 | U24: 5000 | V24: 5000 | W24: 5000 | X24: 5000 | Y24: 5000 | Z24: 5000 | AA24: 5000 | AB24: 5000 | AD24: =+AC51 -> 3600000
B25: Feb | C25: Domingo | D25: 4 | E25: 5000 | F25: 5000 | G25: 5000 | H25: 5000 | I25: 5000 | J25: 5000 | K25: 5000 | L25: 5000 | M25: 5000 | N25: 5000 | O25: 5000 | P25: 5000 | Q25: 5000 | R25: 5000 | S25: 5000 | T25: 5000 | U25: 5000 | V25: 5000 | W25: 5000 | X25: 5000 | Y25: 5000 | Z25: 5000 | AA25: 5000 | AB25: 5000 | AD25: =+AC55 -> 3720000
B26: Feb | C26: Festivo | D26: 2 | E26: 5000 | F26: 5000 | G26: 5000 | H26: 5000 | I26: 5000 | J26: 5000 | K26: 5000 | L26: 5000 | M26: 5000 | N26: 5000 | O26: 5000 | P26: 5000 | Q26: 5000 | R26: 5000 | S26: 5000 | T26: 5000 | U26: 5000 | V26: 5000 | W26: 5000 | X26: 5000 | Y26: 5000 | Z26: 5000 | AA26: 5000 | AB26: 5000
B27: 46143 | C27: Ordinario | D27: 19 | E27: 5000 | F27: 5000 | G27: 5000 | H27: 5000 | I27: 5000 | J27: 5000 | K27: 5000 | L27: 5000 | M27: 5000 | N27: 5000 | O27: 5000 | P27: 5000 | Q27: 5000 | R27: 5000 | S27: 5000 | T27: 5000 | U27: 5000 | V27: 5000 | W27: 5000 | X27: 5000 | Y27: 5000 | Z27: 5000 | AA27: 5000 | AB27: 5000 | AC27: =SUM(E27:AB27)*D27+SUM(E28:AB28)*D28+SUM(E29:AB29)*D29+SUM(E30:AB30)*D30 -> 3720000
C28: Sábado | D28: 5 | E28: 5000 | F28: 5000 | G28: 5000 | H28: 5000 | I28: 5000 | J28: 5000 | K28: 5000 | L28: 5000 | M28: 5000 | N28: 5000 | O28: 5000 | P28: 5000 | Q28: 5000 | R28: 5000 | S28: 5000 | T28: 5000 | U28: 5000 | V28: 5000 | W28: 5000 | X28: 5000 | Y28: 5000 | Z28: 5000 | AA28: 5000 | AB28: 5000
C29: Domingo | D29: 5 | E29: 5000 | F29: 5000 | G29: 5000 | H29: 5000 | I29: 5000 | J29: 5000 | K29: 5000 | L29: 5000 | M29: 5000 | N29: 5000 | O29: 5000 | P29: 5000 | Q29: 5000 | R29: 5000 | S29: 5000 | T29: 5000 | U29: 5000 | V29: 5000 | W29: 5000 | X29: 5000 | Y29: 5000 | Z29: 5000 | AA29: 5000 | AB29: 5000
C30: Festivo | D30: 2 | E30: 5000 | F30: 5000 | G30: 5000 | H30: 5000 | I30: 5000 | J30: 5000 | K30: 5000 | L30: 5000 | M30: 5000 | N30: 5000 | O30: 5000 | P30: 5000 | Q30: 5000 | R30: 5000 | S30: 5000 | T30: 5000 | U30: 5000 | V30: 5000 | W30: 5000 | X30: 5000 | Y30: 5000 | Z30: 5000 | AA30: 5000 | AB30: 5000
B31: 46174 | C31: Ordinario | D31: 19 | E31: 5000 | F31: 5000 | G31: 5000 | H31: 5000 | I31: 5000 | J31: 5000 | K31: 5000 | L31: 5000 | M31: 5000 | N31: 5000 | O31: 5000 | P31: 5000 | Q31: 5000 | R31: 5000 | S31: 5000 | T31: 5000 | U31: 5000 | V31: 5000 | W31: 5000 | X31: 5000 | Y31: 5000 | Z31: 5000 | AA31: 5000 | AB31: 5000 | AC31: =SUM(E31:AB31)*D31+SUM(E32:AB32)*D32+SUM(E33:AB33)*D33+SUM(E34:AB34)*D34 -> 3600000
B32: Feb | C32: Sábado | D32: 4 | E32: 5000 | F32: 5000 | G32: 5000 | H32: 5000 | I32: 5000 | J32: 5000 | K32: 5000 | L32: 5000 | M32: 5000 | N32: 5000 | O32: 5000 | P32: 5000 | Q32: 5000 | R32: 5000 | S32: 5000 | T32: 5000 | U32: 5000 | V32: 5000 | W32: 5000 | X32: 5000 | Y32: 5000 | Z32: 5000 | AA32: 5000 | AB32: 5000
B33: Feb | C33: Domingo | D33: 4 | E33: 5000 | F33: 5000 | G33: 5000 | H33: 5000 | I33: 5000 | J33: 5000 | K33: 5000 | L33: 5000 | M33: 5000 | N33: 5000 | O33: 5000 | P33: 5000 | Q33: 5000 | R33: 5000 | S33: 5000 | T33: 5000 | U33: 5000 | V33: 5000 | W33: 5000 | X33: 5000 | Y33: 5000 | Z33: 5000 | AA33: 5000 | AB33: 5000
B34: Feb | C34: Festivo | D34: 3 | E34: 5000 | F34: 5000 | G34: 5000 | H34: 5000 | I34: 5000 | J34: 5000 | K34: 5000 | L34: 5000 | M34: 5000 | N34: 5000 | O34: 5000 | P34: 5000 | Q34: 5000 | R34: 5000 | S34: 5000 | T34: 5000 | U34: 5000 | V34: 5000 | W34: 5000 | X34: 5000 | Y34: 5000 | Z34: 5000 | AA34: 5000 | AB34: 5000
B35: 46204 | C35: Ordinario | D35: 22 | E35: 5000 | F35: 5000 | G35: 5000 | H35: 5000 | I35: 5000 | J35: 5000 | K35: 5000 | L35: 5000 | M35: 5000 | N35: 5000 | O35: 5000 | P35: 5000 | Q35: 5000 | R35: 5000 | S35: 5000 | T35: 5000 | U35: 5000 | V35: 5000 | W35: 5000 | X35: 5000 | Y35: 5000 | Z35: 5000 | AA35: 5000 | AB35: 5000 | AC35: =SUM(E35:AB35)*D35+SUM(E36:AB36)*D36+SUM(E37:AB37)*D37+SUM(E38:AB38)*D38 -> 3720000
C36: Sábado | D36: 4 | E36: 5000 | F36: 5000 | G36: 5000 | H36: 5000 | I36: 5000 | J36: 5000 | K36: 5000 | L36: 5000 | M36: 5000 | N36: 5000 | O36: 5000 | P36: 5000 | Q36: 5000 | R36: 5000 | S36: 5000 | T36: 5000 | U36: 5000 | V36: 5000 | W36: 5000 | X36: 5000 | Y36: 5000 | Z36: 5000 | AA36: 5000 | AB36: 5000
C37: Domingo | D37: 4 | E37: 5000 | F37: 5000 | G37: 5000 | H37: 5000 | I37: 5000 | J37: 5000 | K37: 5000 | L37: 5000 | M37: 5000 | N37: 5000 | O37: 5000 | P37: 5000 | Q37: 5000 | R37: 5000 | S37: 5000 | T37: 5000 | U37: 5000 | V37: 5000 | W37: 5000 | X37: 5000 | Y37: 5000 | Z37: 5000 | AA37: 5000 | AB37: 5000
C38: Festivo | D38: 1 | E38: 5000 | F38: 5000 | G38: 5000 | H38: 5000 | I38: 5000 | J38: 5000 | K38: 5000 | L38: 5000 | M38: 5000 | N38: 5000 | O38: 5000 | P38: 5000 | Q38: 5000 | R38: 5000 | S38: 5000 | T38: 5000 | U38: 5000 | V38: 5000 | W38: 5000 | X38: 5000 | Y38: 5000 | Z38: 5000 | AA38: 5000 | AB38: 5000
B39: 46235 | C39: Ordinario | D39: 19 | E39: 5000 | F39: 5000 | G39: 5000 | H39: 5000 | I39: 5000 | J39: 5000 | K39: 5000 | L39: 5000 | M39: 5000 | N39: 5000 | O39: 5000 | P39: 5000 | Q39: 5000 | R39: 5000 | S39: 5000 | T39: 5000 | U39: 5000 | V39: 5000 | W39: 5000 | X39: 5000 | Y39: 5000 | Z39: 5000 | AA39: 5000 | AB39: 5000 | AC39: =SUM(E39:AB39)*D39+SUM(E40:AB40)*D40+SUM(E41:AB41)*D41+SUM(E42:AB42)*D42 -> 3720000
B40: Feb | C40: Sábado | D40: 5 | E40: 5000 | F40: 5000 | G40: 5000 | H40: 5000 | I40: 5000 | J40: 5000 | K40: 5000 | L40: 5000 | M40: 5000 | N40: 5000 | O40: 5000 | P40: 5000 | Q40: 5000 | R40: 5000 | S40: 5000 | T40: 5000 | U40: 5000 | V40: 5000 | W40: 5000 | X40: 5000 | Y40: 5000 | Z40: 5000 | AA40: 5000 | AB40: 5000
B41: Feb | C41: Domingo | D41: 5 | E41: 5000 | F41: 5000 | G41: 5000 | H41: 5000 | I41: 5000 | J41: 5000 | K41: 5000 | L41: 5000 | M41: 5000 | N41: 5000 | O41: 5000 | P41: 5000 | Q41: 5000 | R41: 5000 | S41: 5000 | T41: 5000 | U41: 5000 | V41: 5000 | W41: 5000 | X41: 5000 | Y41: 5000 | Z41: 5000 | AA41: 5000 | AB41: 5000
B42: Feb | C42: Festivo | D42: 2 | E42: 5000 | F42: 5000 | G42: 5000 | H42: 5000 | I42: 5000 | J42: 5000 | K42: 5000 | L42: 5000 | M42: 5000 | N42: 5000 | O42: 5000 | P42: 5000 | Q42: 5000 | R42: 5000 | S42: 5000 | T42: 5000 | U42: 5000 | V42: 5000 | W42: 5000 | X42: 5000 | Y42: 5000 | Z42: 5000 | AA42: 5000 | AB42: 5000
B43: 46266 | C43: Ordinario | D43: 22 | E43: 5000 | F43: 5000 | G43: 5000 | H43: 5000 | I43: 5000 | J43: 5000 | K43: 5000 | L43: 5000 | M43: 5000 | N43: 5000 | O43: 5000 | P43: 5000 | Q43: 5000 | R43: 5000 | S43: 5000 | T43: 5000 | U43: 5000 | V43: 5000 | W43: 5000 | X43: 5000 | Y43: 5000 | Z43: 5000 | AA43: 5000 | AB43: 5000 | AC43: =SUM(E43:AB43)*D43+SUM(E44:AB44)*D44+SUM(E45:AB45)*D45+SUM(E46:AB46)*D46 -> 3600000
C44: Sábado | D44: 4 | E44: 5000 | F44: 5000 | G44: 5000 | H44: 5000 | I44: 5000 | J44: 5000 | K44: 5000 | L44: 5000 | M44: 5000 | N44: 5000 | O44: 5000 | P44: 5000 | Q44: 5000 | R44: 5000 | S44: 5000 | T44: 5000 | U44: 5000 | V44: 5000 | W44: 5000 | X44: 5000 | Y44: 5000 | Z44: 5000 | AA44: 5000 | AB44: 5000
C45: Domingo | D45: 4 | E45: 5000 | F45: 5000 | G45: 5000 | H45: 5000 | I45: 5000 | J45: 5000 | K45: 5000 | L45: 5000 | M45: 5000 | N45: 5000 | O45: 5000 | P45: 5000 | Q45: 5000 | R45: 5000 | S45: 5000 | T45: 5000 | U45: 5000 | V45: 5000 | W45: 5000 | X45: 5000 | Y45: 5000 | Z45: 5000 | AA45: 5000 | AB45: 5000
C46: Festivo | D46: 0
B47: 46296 | C47: Ordinario | D47: 21 | E47: 5000 | F47: 5000 | G47: 5000 | H47: 5000 | I47: 5000 | J47: 5000 | K47: 5000 | L47: 5000 | M47: 5000 | N47: 5000 | O47: 5000 | P47: 5000 | Q47: 5000 | R47: 5000 | S47: 5000 | T47: 5000 | U47: 5000 | V47: 5000 | W47: 5000 | X47: 5000 | Y47: 5000 | Z47: 5000 | AA47: 5000 | AB47: 5000 | AC47: =SUM(E47:AB47)*D47+SUM(E48:AB48)*D48+SUM(E49:AB49)*D49+SUM(E50:AB50)*D50 -> 3720000
B48: Feb | C48: Sábado | D48: 5 | E48: 5000 | F48: 5000 | G48: 5000 | H48: 5000 | I48: 5000 | J48: 5000 | K48: 5000 | L48: 5000 | M48: 5000 | N48: 5000 | O48: 5000 | P48: 5000 | Q48: 5000 | R48: 5000 | S48: 5000 | T48: 5000 | U48: 5000 | V48: 5000 | W48: 5000 | X48: 5000 | Y48: 5000 | Z48: 5000 | AA48: 5000 | AB48: 5000
B49: Feb | C49: Domingo | D49: 4 | E49: 5000 | F49: 5000 | G49: 5000 | H49: 5000 | I49: 5000 | J49: 5000 | K49: 5000 | L49: 5000 | M49: 5000 | N49: 5000 | O49: 5000 | P49: 5000 | Q49: 5000 | R49: 5000 | S49: 5000 | T49: 5000 | U49: 5000 | V49: 5000 | W49: 5000 | X49: 5000 | Y49: 5000 | Z49: 5000 | AA49: 5000 | AB49: 5000
B50: Feb | C50: Festivo | D50: 1 | E50: 5000 | F50: 5000 | G50: 5000 | H50: 5000 | I50: 5000 | J50: 5000 | K50: 5000 | L50: 5000 | M50: 5000 | N50: 5000 | O50: 5000 | P50: 5000 | Q50: 5000 | R50: 5000 | S50: 5000 | T50: 5000 | U50: 5000 | V50: 5000 | W50: 5000 | X50: 5000 | Y50: 5000 | Z50: 5000 | AA50: 5000 | AB50: 5000
B51: 46327 | C51: Ordinario | D51: 19 | E51: 5000 | F51: 5000 | G51: 5000 | H51: 5000 | I51: 5000 | J51: 5000 | K51: 5000 | L51: 5000 | M51: 5000 | N51: 5000 | O51: 5000 | P51: 5000 | Q51: 5000 | R51: 5000 | S51: 5000 | T51: 5000 | U51: 5000 | V51: 5000 | W51: 5000 | X51: 5000 | Y51: 5000 | Z51: 5000 | AA51: 5000 | AB51: 5000 | AC51: =SUM(E51:AB51)*D51+SUM(E52:AB52)*D52+SUM(E53:AB53)*D53+SUM(E54:AB54)*D54 -> 3600000
C52: Sábado | D52: 4 | E52: 5000 | F52: 5000 | G52: 5000 | H52: 5000 | I52: 5000 | J52: 5000 | K52: 5000 | L52: 5000 | M52: 5000 | N52: 5000 | O52: 5000 | P52: 5000 | Q52: 5000 | R52: 5000 | S52: 5000 | T52: 5000 | U52: 5000 | V52: 5000 | W52: 5000 | X52: 5000 | Y52: 5000 | Z52: 5000 | AA52: 5000 | AB52: 5000
C53: Domingo | D53: 5 | E53: 5000 | F53: 5000 | G53: 5000 | H53: 5000 | I53: 5000 | J53: 5000 | K53: 5000 | L53: 5000 | M53: 5000 | N53: 5000 | O53: 5000 | P53: 5000 | Q53: 5000 | R53: 5000 | S53: 5000 | T53: 5000 | U53: 5000 | V53: 5000 | W53: 5000 | X53: 5000 | Y53: 5000 | Z53: 5000 | AA53: 5000 | AB53: 5000
C54: Festivo | D54: 2 | E54: 5000 | F54: 5000 | G54: 5000 | H54: 5000 | I54: 5000 | J54: 5000 | K54: 5000 | L54: 5000 | M54: 5000 | N54: 5000 | O54: 5000 | P54: 5000 | Q54: 5000 | R54: 5000 | S54: 5000 | T54: 5000 | U54: 5000 | V54: 5000 | W54: 5000 | X54: 5000 | Y54: 5000 | Z54: 5000 | AA54: 5000 | AB54: 5000
B55: 46357 | C55: Ordinario | D55: 21 | E55: 5000 | F55: 5000 | G55: 5000 | H55: 5000 | I55: 5000 | J55: 5000 | K55: 5000 | L55: 5000 | M55: 5000 | N55: 5000 | O55: 5000 | P55: 5000 | Q55: 5000 | R55: 5000 | S55: 5000 | T55: 5000 | U55: 5000 | V55: 5000 | W55: 5000 | X55: 5000 | Y55: 5000 | Z55: 5000 | AA55: 5000 | AB55: 5000 | AC55: =SUM(E55:AB55)*D55+SUM(E56:AB56)*D56+SUM(E57:AB57)*D57+SUM(E58:AB58)*D58 -> 3720000
B56: Feb | C56: Sábado | D56: 4 | E56: 5000 | F56: 5000 | G56: 5000 | H56: 5000 | I56: 5000 | J56: 5000 | K56: 5000 | L56: 5000 | M56: 5000 | N56: 5000 | O56: 5000 | P56: 5000 | Q56: 5000 | R56: 5000 | S56: 5000 | T56: 5000 | U56: 5000 | V56: 5000 | W56: 5000 | X56: 5000 | Y56: 5000 | Z56: 5000 | AA56: 5000 | AB56: 5000
B57: Feb | C57: Domingo | D57: 4 | E57: 5000 | F57: 5000 | G57: 5000 | H57: 5000 | I57: 5000 | J57: 5000 | K57: 5000 | L57: 5000 | M57: 5000 | N57: 5000 | O57: 5000 | P57: 5000 | Q57: 5000 | R57: 5000 | S57: 5000 | T57: 5000 | U57: 5000 | V57: 5000 | W57: 5000 | X57: 5000 | Y57: 5000 | Z57: 5000 | AA57: 5000 | AB57: 5000
B58: Feb | C58: Festivo | D58: 2 | E58: 5000 | F58: 5000 | G58: 5000 | H58: 5000 | I58: 5000 | J58: 5000 | K58: 5000 | L58: 5000 | M58: 5000 | N58: 5000 | O58: 5000 | P58: 5000 | Q58: 5000 | R58: 5000 | S58: 5000 | T58: 5000 | U58: 5000 | V58: 5000 | W58: 5000 | X58: 5000 | Y58: 5000 | Z58: 5000 | AA58: 5000 | AB58: 5000
Z59: TOTAL AÑO kWh | AC59: =SUM(AC11:AC58) -> 40080000
B60: Mes | C60: Tipo Día | D60: Días | E60: H1 | F60: H2 | G60: H3 | H60: H4 | I60: H5 | J60: H6 | K60: H7 | L60: H8 | M60: H9 | N60: H10 | O60: H11 | P60: H12 | Q60: H13 | R60: H14 | S60: H15 | T60: H16 | U60: H17 | V60: H18 | W60: H19 | X60: H20 | Y60: H21 | Z60: H22 | AA60: H23 | AB60: H24 | AC60: TOTAL MES kWh
B61: 46388 | C61: Ordinario | D61: 19 | E61: 5000 | F61: 5000 | G61: 5000 | H61: 5000 | I61: 5000 | J61: 5000 | K61: 5000 | L61: 5000 | M61: 5000 | N61: 5000 | O61: 5000 | P61: 5000 | Q61: 5000 | R61: 5000 | S61: 5000 | T61: 5000 | U61: 5000 | V61: 5000 | W61: 5000 | X61: 5000 | Y61: 5000 | Z61: 5000 | AA61: 5000 | AB61: 5000 | AC61: =SUM(E61:AB61)*D61+SUM(E62:AB62)*D62+SUM(E63:AB63)*D63+SUM(E64:AB64)*D64 -> 3720000
C62: Sábado | D62: 5 | E62: 5000 | F62: 5000 | G62: 5000 | H62: 5000 | I62: 5000 | J62: 5000 | K62: 5000 | L62: 5000 | M62: 5000 | N62: 5000 | O62: 5000 | P62: 5000 | Q62: 5000 | R62: 5000 | S62: 5000 | T62: 5000 | U62: 5000 | V62: 5000 | W62: 5000 | X62: 5000 | Y62: 5000 | Z62: 5000 | AA62: 5000 | AB62: 5000
C63: Domingo | D63: 5 | E63: 5000 | F63: 5000 | G63: 5000 | H63: 5000 | I63: 5000 | J63: 5000 | K63: 5000 | L63: 5000 | M63: 5000 | N63: 5000 | O63: 5000 | P63: 5000 | Q63: 5000 | R63: 5000 | S63: 5000 | T63: 5000 | U63: 5000 | V63: 5000 | W63: 5000 | X63: 5000 | Y63: 5000 | Z63: 5000 | AA63: 5000 | AB63: 5000
C64: Festivo | D64: 2 | E64: 5000 | F64: 5000 | G64: 5000 | H64: 5000 | I64: 5000 | J64: 5000 | K64: 5000 | L64: 5000 | M64: 5000 | N64: 5000 | O64: 5000 | P64: 5000 | Q64: 5000 | R64: 5000 | S64: 5000 | T64: 5000 | U64: 5000 | V64: 5000 | W64: 5000 | X64: 5000 | Y64: 5000 | Z64: 5000 | AA64: 5000 | AB64: 5000 | AD64: =+AC61 -> 3720000
B65: 46419 | C65: Ordinario | D65: 20 | E65: 5000 | F65: 5000 | G65: 5000 | H65: 5000 | I65: 5000 | J65: 5000 | K65: 5000 | L65: 5000 | M65: 5000 | N65: 5000 | O65: 5000 | P65: 5000 | Q65: 5000 | R65: 5000 | S65: 5000 | T65: 5000 | U65: 5000 | V65: 5000 | W65: 5000 | X65: 5000 | Y65: 5000 | Z65: 5000 | AA65: 5000 | AB65: 5000 | AC65: =SUM(E65:AB65)*D65+SUM(E66:AB66)*D66+SUM(E67:AB67)*D67+SUM(E68:AB68)*D68 -> 3360000 | AD65: =+AC65 -> 3360000
B66: Feb | C66: Sábado | D66: 4 | E66: 5000 | F66: 5000 | G66: 5000 | H66: 5000 | I66: 5000 | J66: 5000 | K66: 5000 | L66: 5000 | M66: 5000 | N66: 5000 | O66: 5000 | P66: 5000 | Q66: 5000 | R66: 5000 | S66: 5000 | T66: 5000 | U66: 5000 | V66: 5000 | W66: 5000 | X66: 5000 | Y66: 5000 | Z66: 5000 | AA66: 5000 | AB66: 5000 | AD66: =+AC69 -> 3720000
B67: Feb | C67: Domingo | D67: 4 | E67: 5000 | F67: 5000 | G67: 5000 | H67: 5000 | I67: 5000 | J67: 5000 | K67: 5000 | L67: 5000 | M67: 5000 | N67: 5000 | O67: 5000 | P67: 5000 | Q67: 5000 | R67: 5000 | S67: 5000 | T67: 5000 | U67: 5000 | V67: 5000 | W67: 5000 | X67: 5000 | Y67: 5000 | Z67: 5000 | AA67: 5000 | AB67: 5000 | AD67: =+AC73 -> 3600000
B68: Feb | C68: Festivo | D68: 0 | AD68: =+AC77 -> 3720000
B69: 46447 | C69: Ordinario | D69: 20 | E69: 5000 | F69: 5000 | G69: 5000 | H69: 5000 | I69: 5000 | J69: 5000 | K69: 5000 | L69: 5000 | M69: 5000 | N69: 5000 | O69: 5000 | P69: 5000 | Q69: 5000 | R69: 5000 | S69: 5000 | T69: 5000 | U69: 5000 | V69: 5000 | W69: 5000 | X69: 5000 | Y69: 5000 | Z69: 5000 | AA69: 5000 | AB69: 5000 | AC69: =SUM(E69:AB69)*D69+SUM(E70:AB70)*D70+SUM(E71:AB71)*D71+SUM(E72:AB72)*D72 -> 3720000 | AD69: =+AC81 -> 3600000
C70: Sábado | D70: 4 | E70: 5000 | F70: 5000 | G70: 5000 | H70: 5000 | I70: 5000 | J70: 5000 | K70: 5000 | L70: 5000 | M70: 5000 | N70: 5000 | O70: 5000 | P70: 5000 | Q70: 5000 | R70: 5000 | S70: 5000 | T70: 5000 | U70: 5000 | V70: 5000 | W70: 5000 | X70: 5000 | Y70: 5000 | Z70: 5000 | AA70: 5000 | AB70: 5000 | AD70: =+AC85 -> 3720000
C71: Domingo | D71: 4 | E71: 5000 | F71: 5000 | G71: 5000 | H71: 5000 | I71: 5000 | J71: 5000 | K71: 5000 | L71: 5000 | M71: 5000 | N71: 5000 | O71: 5000 | P71: 5000 | Q71: 5000 | R71: 5000 | S71: 5000 | T71: 5000 | U71: 5000 | V71: 5000 | W71: 5000 | X71: 5000 | Y71: 5000 | Z71: 5000 | AA71: 5000 | AB71: 5000 | AD71: =+AC89 -> 3720000
C72: Festivo | D72: 3 | E72: 5000 | F72: 5000 | G72: 5000 | H72: 5000 | I72: 5000 | J72: 5000 | K72: 5000 | L72: 5000 | M72: 5000 | N72: 5000 | O72: 5000 | P72: 5000 | Q72: 5000 | R72: 5000 | S72: 5000 | T72: 5000 | U72: 5000 | V72: 5000 | W72: 5000 | X72: 5000 | Y72: 5000 | Z72: 5000 | AA72: 5000 | AB72: 5000 | AD72: =+AC93 -> 3600000
B73: 46478 | C73: Ordinario | D73: 22 | E73: 5000 | F73: 5000 | G73: 5000 | H73: 5000 | I73: 5000 | J73: 5000 | K73: 5000 | L73: 5000 | M73: 5000 | N73: 5000 | O73: 5000 | P73: 5000 | Q73: 5000 | R73: 5000 | S73: 5000 | T73: 5000 | U73: 5000 | V73: 5000 | W73: 5000 | X73: 5000 | Y73: 5000 | Z73: 5000 | AA73: 5000 | AB73: 5000 | AC73: =SUM(E73:AB73)*D73+SUM(E74:AB74)*D74+SUM(E75:AB75)*D75+SUM(E76:AB76)*D76 -> 3600000 | AD73: =+AC97 -> 3720000
B74: Feb | C74: Sábado | D74: 4 | E74: 5000 | F74: 5000 | G74: 5000 | H74: 5000 | I74: 5000 | J74: 5000 | K74: 5000 | L74: 5000 | M74: 5000 | N74: 5000 | O74: 5000 | P74: 5000 | Q74: 5000 | R74: 5000 | S74: 5000 | T74: 5000 | U74: 5000 | V74: 5000 | W74: 5000 | X74: 5000 | Y74: 5000 | Z74: 5000 | AA74: 5000 | AB74: 5000 | AD74: =+AC101 -> 3600000
B75: Feb | C75: Domingo | D75: 4 | E75: 5000 | F75: 5000 | G75: 5000 | H75: 5000 | I75: 5000 | J75: 5000 | K75: 5000 | L75: 5000 | M75: 5000 | N75: 5000 | O75: 5000 | P75: 5000 | Q75: 5000 | R75: 5000 | S75: 5000 | T75: 5000 | U75: 5000 | V75: 5000 | W75: 5000 | X75: 5000 | Y75: 5000 | Z75: 5000 | AA75: 5000 | AB75: 5000 | AD75: =+AC105 -> 3720000
B76: Feb | C76: Festivo | D76: 0
B77: 46508 | C77: Ordinario | D77: 19 | E77: 5000 | F77: 5000 | G77: 5000 | H77: 5000 | I77: 5000 | J77: 5000 | K77: 5000 | L77: 5000 | M77: 5000 | N77: 5000 | O77: 5000 | P77: 5000 | Q77: 5000 | R77: 5000 | S77: 5000 | T77: 5000 | U77: 5000 | V77: 5000 | W77: 5000 | X77: 5000 | Y77: 5000 | Z77: 5000 | AA77: 5000 | AB77: 5000 | AC77: =SUM(E77:AB77)*D77+SUM(E78:AB78)*D78+SUM(E79:AB79)*D79+SUM(E80:AB80)*D80 -> 3720000
C78: Sábado | D78: 4 | E78: 5000 | F78: 5000 | G78: 5000 | H78: 5000 | I78: 5000 | J78: 5000 | K78: 5000 | L78: 5000 | M78: 5000 | N78: 5000 | O78: 5000 | P78: 5000 | Q78: 5000 | R78: 5000 | S78: 5000 | T78: 5000 | U78: 5000 | V78: 5000 | W78: 5000 | X78: 5000 | Y78: 5000 | Z78: 5000 | AA78: 5000 | AB78: 5000
C79: Domingo | D79: 5 | E79: 5000 | F79: 5000 | G79: 5000 | H79: 5000 | I79: 5000 | J79: 5000 | K79: 5000 | L79: 5000 | M79: 5000 | N79: 5000 | O79: 5000 | P79: 5000 | Q79: 5000 | R79: 5000 | S79: 5000 | T79: 5000 | U79: 5000 | V79: 5000 | W79: 5000 | X79: 5000 | Y79: 5000 | Z79: 5000 | AA79: 5000 | AB79: 5000
C80: Festivo | D80: 3 | E80: 5000 | F80: 5000 | G80: 5000 | H80: 5000 | I80: 5000 | J80: 5000 | K80: 5000 | L80: 5000 | M80: 5000 | N80: 5000 | O80: 5000 | P80: 5000 | Q80: 5000 | R80: 5000 | S80: 5000 | T80: 5000 | U80: 5000 | V80: 5000 | W80: 5000 | X80: 5000 | Y80: 5000 | Z80: 5000 | AA80: 5000 | AB80: 5000
B81: 46539 | C81: Ordinario | D81: 21 | E81: 5000 | F81: 5000 | G81: 5000 | H81: 5000 | I81: 5000 | J81: 5000 | K81: 5000 | L81: 5000 | M81: 5000 | N81: 5000 | O81: 5000 | P81: 5000 | Q81: 5000 | R81: 5000 | S81: 5000 | T81: 5000 | U81: 5000 | V81: 5000 | W81: 5000 | X81: 5000 | Y81: 5000 | Z81: 5000 | AA81: 5000 | AB81: 5000 | AC81: =SUM(E81:AB81)*D81+SUM(E82:AB82)*D82+SUM(E83:AB83)*D83+SUM(E84:AB84)*D84 -> 3600000
B82: Feb | C82: Sábado | D82: 4 | E82: 5000 | F82: 5000 | G82: 5000 | H82: 5000 | I82: 5000 | J82: 5000 | K82: 5000 | L82: 5000 | M82: 5000 | N82: 5000 | O82: 5000 | P82: 5000 | Q82: 5000 | R82: 5000 | S82: 5000 | T82: 5000 | U82: 5000 | V82: 5000 | W82: 5000 | X82: 5000 | Y82: 5000 | Z82: 5000 | AA82: 5000 | AB82: 5000
B83: Feb | C83: Domingo | D83: 4 | E83: 5000 | F83: 5000 | G83: 5000 | H83: 5000 | I83: 5000 | J83: 5000 | K83: 5000 | L83: 5000 | M83: 5000 | N83: 5000 | O83: 5000 | P83: 5000 | Q83: 5000 | R83: 5000 | S83: 5000 | T83: 5000 | U83: 5000 | V83: 5000 | W83: 5000 | X83: 5000 | Y83: 5000 | Z83: 5000 | AA83: 5000 | AB83: 5000
B84: Feb | C84: Festivo | D84: 1 | E84: 5000 | F84: 5000 | G84: 5000 | H84: 5000 | I84: 5000 | J84: 5000 | K84: 5000 | L84: 5000 | M84: 5000 | N84: 5000 | O84: 5000 | P84: 5000 | Q84: 5000 | R84: 5000 | S84: 5000 | T84: 5000 | U84: 5000 | V84: 5000 | W84: 5000 | X84: 5000 | Y84: 5000 | Z84: 5000 | AA84: 5000 | AB84: 5000
B85: 46569 | C85: Ordinario | D85: 20 | E85: 5000 | F85: 5000 | G85: 5000 | H85: 5000 | I85: 5000 | J85: 5000 | K85: 5000 | L85: 5000 | M85: 5000 | N85: 5000 | O85: 5000 | P85: 5000 | Q85: 5000 | R85: 5000 | S85: 5000 | T85: 5000 | U85: 5000 | V85: 5000 | W85: 5000 | X85: 5000 | Y85: 5000 | Z85: 5000 | AA85: 5000 | AB85: 5000 | AC85: =SUM(E85:AB85)*D85+SUM(E86:AB86)*D86+SUM(E87:AB87)*D87+SUM(E88:AB88)*D88 -> 3720000
C86: Sábado | D86: 5 | E86: 5000 | F86: 5000 | G86: 5000 | H86: 5000 | I86: 5000 | J86: 5000 | K86: 5000 | L86: 5000 | M86: 5000 | N86: 5000 | O86: 5000 | P86: 5000 | Q86: 5000 | R86: 5000 | S86: 5000 | T86: 5000 | U86: 5000 | V86: 5000 | W86: 5000 | X86: 5000 | Y86: 5000 | Z86: 5000 | AA86: 5000 | AB86: 5000
C87: Domingo | D87: 4 | E87: 5000 | F87: 5000 | G87: 5000 | H87: 5000 | I87: 5000 | J87: 5000 | K87: 5000 | L87: 5000 | M87: 5000 | N87: 5000 | O87: 5000 | P87: 5000 | Q87: 5000 | R87: 5000 | S87: 5000 | T87: 5000 | U87: 5000 | V87: 5000 | W87: 5000 | X87: 5000 | Y87: 5000 | Z87: 5000 | AA87: 5000 | AB87: 5000
C88: Festivo | D88: 2 | E88: 5000 | F88: 5000 | G88: 5000 | H88: 5000 | I88: 5000 | J88: 5000 | K88: 5000 | L88: 5000 | M88: 5000 | N88: 5000 | O88: 5000 | P88: 5000 | Q88: 5000 | R88: 5000 | S88: 5000 | T88: 5000 | U88: 5000 | V88: 5000 | W88: 5000 | X88: 5000 | Y88: 5000 | Z88: 5000 | AA88: 5000 | AB88: 5000
B89: 46600 | C89: Ordinario | D89: 21 | E89: 5000 | F89: 5000 | G89: 5000 | H89: 5000 | I89: 5000 | J89: 5000 | K89: 5000 | L89: 5000 | M89: 5000 | N89: 5000 | O89: 5000 | P89: 5000 | Q89: 5000 | R89: 5000 | S89: 5000 | T89: 5000 | U89: 5000 | V89: 5000 | W89: 5000 | X89: 5000 | Y89: 5000 | Z89: 5000 | AA89: 5000 | AB89: 5000 | AC89: =SUM(E89:AB89)*D89+SUM(E90:AB90)*D90+SUM(E91:AB91)*D91+SUM(E92:AB92)*D92 -> 3720000
B90: Feb | C90: Sábado | D90: 3 | E90: 5000 | F90: 5000 | G90: 5000 | H90: 5000 | I90: 5000 | J90: 5000 | K90: 5000 | L90: 5000 | M90: 5000 | N90: 5000 | O90: 5000 | P90: 5000 | Q90: 5000 | R90: 5000 | S90: 5000 | T90: 5000 | U90: 5000 | V90: 5000 | W90: 5000 | X90: 5000 | Y90: 5000 | Z90: 5000 | AA90: 5000 | AB90: 5000
B91: Feb | C91: Domingo | D91: 5 | E91: 5000 | F91: 5000 | G91: 5000 | H91: 5000 | I91: 5000 | J91: 5000 | K91: 5000 | L91: 5000 | M91: 5000 | N91: 5000 | O91: 5000 | P91: 5000 | Q91: 5000 | R91: 5000 | S91: 5000 | T91: 5000 | U91: 5000 | V91: 5000 | W91: 5000 | X91: 5000 | Y91: 5000 | Z91: 5000 | AA91: 5000 | AB91: 5000
B92: Feb | C92: Festivo | D92: 2 | E92: 5000 | F92: 5000 | G92: 5000 | H92: 5000 | I92: 5000 | J92: 5000 | K92: 5000 | L92: 5000 | M92: 5000 | N92: 5000 | O92: 5000 | P92: 5000 | Q92: 5000 | R92: 5000 | S92: 5000 | T92: 5000 | U92: 5000 | V92: 5000 | W92: 5000 | X92: 5000 | Y92: 5000 | Z92: 5000 | AA92: 5000 | AB92: 5000
B93: 46631 | C93: Ordinario | D93: 22 | E93: 5000 | F93: 5000 | G93: 5000 | H93: 5000 | I93: 5000 | J93: 5000 | K93: 5000 | L93: 5000 | M93: 5000 | N93: 5000 | O93: 5000 | P93: 5000 | Q93: 5000 | R93: 5000 | S93: 5000 | T93: 5000 | U93: 5000 | V93: 5000 | W93: 5000 | X93: 5000 | Y93: 5000 | Z93: 5000 | AA93: 5000 | AB93: 5000 | AC93: =SUM(E93:AB93)*D93+SUM(E94:AB94)*D94+SUM(E95:AB95)*D95+SUM(E96:AB96)*D96 -> 3600000
C94: Sábado | D94: 4 | E94: 5000 | F94: 5000 | G94: 5000 | H94: 5000 | I94: 5000 | J94: 5000 | K94: 5000 | L94: 5000 | M94: 5000 | N94: 5000 | O94: 5000 | P94: 5000 | Q94: 5000 | R94: 5000 | S94: 5000 | T94: 5000 | U94: 5000 | V94: 5000 | W94: 5000 | X94: 5000 | Y94: 5000 | Z94: 5000 | AA94: 5000 | AB94: 5000
C95: Domingo | D95: 4 | E95: 5000 | F95: 5000 | G95: 5000 | H95: 5000 | I95: 5000 | J95: 5000 | K95: 5000 | L95: 5000 | M95: 5000 | N95: 5000 | O95: 5000 | P95: 5000 | Q95: 5000 | R95: 5000 | S95: 5000 | T95: 5000 | U95: 5000 | V95: 5000 | W95: 5000 | X95: 5000 | Y95: 5000 | Z95: 5000 | AA95: 5000 | AB95: 5000
C96: Festivo | D96: 0
B97: 46661 | C97: Ordinario | D97: 20 | E97: 5000 | F97: 5000 | G97: 5000 | H97: 5000 | I97: 5000 | J97: 5000 | K97: 5000 | L97: 5000 | M97: 5000 | N97: 5000 | O97: 5000 | P97: 5000 | Q97: 5000 | R97: 5000 | S97: 5000 | T97: 5000 | U97: 5000 | V97: 5000 | W97: 5000 | X97: 5000 | Y97: 5000 | Z97: 5000 | AA97: 5000 | AB97: 5000 | AC97: =SUM(E97:AB97)*D97+SUM(E98:AB98)*D98+SUM(E99:AB99)*D99+SUM(E100:AB100)*D100 -> 3720000
B98: Feb | C98: Sábado | D98: 5 | E98: 5000 | F98: 5000 | G98: 5000 | H98: 5000 | I98: 5000 | J98: 5000 | K98: 5000 | L98: 5000 | M98: 5000 | N98: 5000 | O98: 5000 | P98: 5000 | Q98: 5000 | R98: 5000 | S98: 5000 | T98: 5000 | U98: 5000 | V98: 5000 | W98: 5000 | X98: 5000 | Y98: 5000 | Z98: 5000 | AA98: 5000 | AB98: 5000
B99: Feb | C99: Domingo | D99: 5 | E99: 5000 | F99: 5000 | G99: 5000 | H99: 5000 | I99: 5000 | J99: 5000 | K99: 5000 | L99: 5000 | M99: 5000 | N99: 5000 | O99: 5000 | P99: 5000 | Q99: 5000 | R99: 5000 | S99: 5000 | T99: 5000 | U99: 5000 | V99: 5000 | W99: 5000 | X99: 5000 | Y99: 5000 | Z99: 5000 | AA99: 5000 | AB99: 5000
B100: Feb | C100: Festivo | D100: 1 | E100: 5000 | F100: 5000 | G100: 5000 | H100: 5000 | I100: 5000 | J100: 5000 | K100: 5000 | L100: 5000 | M100: 5000 | N100: 5000 | O100: 5000 | P100: 5000 | Q100: 5000 | R100: 5000 | S100: 5000 | T100: 5000 | U100: 5000 | V100: 5000 | W100: 5000 | X100: 5000 | Y100: 5000 | Z100: 5000 | AA100: 5000 | AB100: 5000
B101: 46692 | C101: Ordinario | D101: 20 | E101: 5000 | F101: 5000 | G101: 5000 | H101: 5000 | I101: 5000 | J101: 5000 | K101: 5000 | L101: 5000 | M101: 5000 | N101: 5000 | O101: 5000 | P101: 5000 | Q101: 5000 | R101: 5000 | S101: 5000 | T101: 5000 | U101: 5000 | V101: 5000 | W101: 5000 | X101: 5000 | Y101: 5000 | Z101: 5000 | AA101: 5000 | AB101: 5000 | AC101: =SUM(E101:AB101)*D101+SUM(E102:AB102)*D102+SUM(E103:AB103)*D103+SUM(E104:AB104)*D104 -> 3600000
C102: Sábado | D102: 4 | E102: 5000 | F102: 5000 | G102: 5000 | H102: 5000 | I102: 5000 | J102: 5000 | K102: 5000 | L102: 5000 | M102: 5000 | N102: 5000 | O102: 5000 | P102: 5000 | Q102: 5000 | R102: 5000 | S102: 5000 | T102: 5000 | U102: 5000 | V102: 5000 | W102: 5000 | X102: 5000 | Y102: 5000 | Z102: 5000 | AA102: 5000 | AB102: 5000
C103: Domingo | D103: 4 | E103: 5000 | F103: 5000 | G103: 5000 | H103: 5000 | I103: 5000 | J103: 5000 | K103: 5000 | L103: 5000 | M103: 5000 | N103: 5000 | O103: 5000 | P103: 5000 | Q103: 5000 | R103: 5000 | S103: 5000 | T103: 5000 | U103: 5000 | V103: 5000 | W103: 5000 | X103: 5000 | Y103: 5000 | Z103: 5000 | AA103: 5000 | AB103: 5000
C104: Festivo | D104: 2 | E104: 5000 | F104: 5000 | G104: 5000 | H104: 5000 | I104: 5000 | J104: 5000 | K104: 5000 | L104: 5000 | M104: 5000 | N104: 5000 | O104: 5000 | P104: 5000 | Q104: 5000 | R104: 5000 | S104: 5000 | T104: 5000 | U104: 5000 | V104: 5000 | W104: 5000 | X104: 5000 | Y104: 5000 | Z104: 5000 | AA104: 5000 | AB104: 5000
B105: 46722 | C105: Ordinario | D105: 22 | E105: 5000 | F105: 5000 | G105: 5000 | H105: 5000 | I105: 5000 | J105: 5000 | K105: 5000 | L105: 5000 | M105: 5000 | N105: 5000 | O105: 5000 | P105: 5000 | Q105: 5000 | R105: 5000 | S105: 5000 | T105: 5000 | U105: 5000 | V105: 5000 | W105: 5000 | X105: 5000 | Y105: 5000 | Z105: 5000 | AA105: 5000 | AB105: 5000 | AC105: =SUM(E105:AB105)*D105+SUM(E106:AB106)*D106+SUM(E107:AB107)*D107+SUM(E108:AB108)*D108 -> 3720000
...

Sheet Cantidades 2_(2026)
B4: 9.2 TABLAS CANTIDADES DE ENERGÍA REQUERIDA PRODUCTO 2 AÑO 2026 (kWh)
B5: ELETRIFICADORA DE SANTANDER S.A E.S.P.
B6: SOLICITUD PÚBLICA DE OFERTAS CP-ESSC2025-003
B7: PAGUELO CONTRATADO
B10: Mes | C10: Tipo Día | D10: Días | E10: H1 | F10: H2 | G10: H3 | H10: H4 | I10: H5 | J10: H6 | K10: H7 | L10: H8 | M10: H9 | N10: H10 | O10: H11 | P10: H12 | Q10: H13 | R10: H14 | S10: H15 | T10: H16 | U10: H17 | V10: H18 | W10: H19 | X10: H20 | Y10: H21 | Z10: H22 | AA10: H23 | AB10: H24 | AC10: TOTAL MES kWh | AE10: =+AC10 -> TOTAL MES kWh
B11: 46023 | C11: Ordinario | D11: 20 | AC11: =SUM(E11:AB11)*D11+SUM(E12:AB12)*D12+SUM(E13:AB13)*D13+SUM(E14:AB14)*D14 -> 0 | AE11: =+AC11 -> 0
C12: Sábado | D12: 5 | AE12: =+AC15 -> 8204162
C13: Domingo | D13: 4 | AE13: =+AC19 -> 9865393.2
C14: Festivo | D14: 2 | AE14: =+AC23 -> 5842730.4
B15: 46054 | C15: Ordinario | D15: 20 | E15: 10269.7 | F15: 9463.9 | G15: 8888.4 | H15: 8511.6 | I15: 8539.3 | J15: 9291.3 | K15: 9253.1 | L15: 10724.5 | M15: 12208.3 | N15: 12936.9 | O15: 13807.3 | P15: 14391.3 | Q15: 13661.5 | R15: 14327 | S15: 15305.2 | T15: 15430.9 | U15: 15073.1 | V15: 14218.3 | W15: 15239.8 | X15: 15567.3 | Y15: 15160.1 | Z15: 14282.2 | AA15: 12851.3 | AB15: 11412.3 | AC15: =SUM(E15:AB15)*D15+SUM(E16:AB16)*D16+SUM(E17:AB17)*D17+SUM(E18:AB18)*D18 -> 8204162 | AD15: =+AC15 -> 8204162 | AE15: =+AC27 -> 2193087.3
B16: Feb | C16: Sábado | D16: 4 | E16: 10318.4 | F16: 9572.5 | G16: 8924.2 | H16: 8484.5 | I16: 8316.6 | J16: 8449.9 | K16: 8314.3 | L16: 9637.4 | M16: 11228.3 | N16: 12227.5 | O16: 13044.5 | P16: 13585.6 | Q16: 13261.5 | R16: 13048.4 | S16: 13143.2 | T16: 13140.9 | U16: 12865.5 | V16: 12741 | W16: 14432.7 | X16: 14827.6 | Y16: 14312.4 | Z16: 13616.6 | AA16: 12670.8 | AB16: 11558.5 | AD16: =+AC19 -> 9865393.2 | AE16: =+AC31 -> 2044913.6
B17: Feb | C17: Domingo | D17: 4 | E17: 10556.5 | F17: 9760 | G17: 9143.8 | H17: 8691.8 | I17: 8405.6 | J17: 8345.4 | K17: 7757.3 | L17: 8327.3 | M17: 9260.7 | N17: 10108.2 | O17: 10726.3 | P17: 11355 | Q17: 11715.5 | R17: 11826 | S17: 11926 | T17: 12003.3 | U17: 11891.8 | V17: 11852.2 | W17: 13737.6 | X17: 14581.6 | Y17: 14596.1 | Z17: 14110 | AA17: 12966.6 | AB17: 11600.1 | AD17: =+AC23 -> 5842730.4 | AE17: =+AC35 -> 2074770.6
B18: Feb | C18: Festivo | D18: 0 | E18: 0 | F18: 0 | G18: 0 | H18: 0 | I18: 0 | J18: 0 | K18: 0 | L18: 0 | M18: 0 | N18: 0 | O18: 0 | P18: 0 | Q18: 0 | R18: 0 | S18: 0 | T18: 0 | U18: 0 | V18: 0 | W18: 0 | X18: 0 | Y18: 0 | Z18: 0 | AA18: 0 | AB18: 0 | AD18: =+AC27 -> 2193087.3 | AE18: =+AC39 -> 2068744
B19: 46082 | C19: Ordinario | D19: 21 | E19: 11576.7 | F19: 10700.6 | G19: 10040.4 | H19: 9553.2 | I19: 9480 | J19: 10010.2 | K19: 9907.1 | L19: 11615.9 | M19: 13339.3 | N19: 14241.2 | O19: 15264.3 | P19: 15930.4 | Q19: 15177.1 | R19: 15981.2 | S19: 16955.8 | T19: 17060.5 | U19: 16677.1 | V19: 15751.2 | W19: 16682 | X19: 16953 | Y19: 16558.4 | Z19: 15721.8 | AA19: 14413.1 | AB19: 12940.9 | AC19: =SUM(E19:AB19)*D19+SUM(E20:AB20)*D20+SUM(E21:AB21)*D21+SUM(E22:AB22)*D22 -> 9865393.2 | AD19: =+AC31 -> 2044913.6 | AE19: =+AC43 -> 2666666.2
C20: Sábado | D20: 4 | E20: 11624.8 | F20: 10721 | G20: 10084.3 | H20: 9580.4 | I20: 9279.7 | J20: 9233.7 | K20: 9025.2 | L20: 10366.9 | M20: 11984.3 | N20: 12997.1 | O20: 13803.9 | P20: 14319.7 | Q20: 14045.7 | R20: 13847.3 | S20: 13734 | T20: 14196.7 | U20: 13545.9 | V20: 13395.4 | W20: 15321.3 | X20: 15624.4 | Y20: 15123.6 | Z20: 14479.1 | AA20: 13624.2 | AB20: 12537.7 | AD20: =+AC35 -> 2074770.6 | AE20: =+AC47 -> 1969082
C21: Domingo | D21: 5 | E21: 11491.6 | F21: 10647.4 | G21: 9893.8 | H21: 9365.1 | I21: 9119.9 | J21: 8960.2 | K21: 8278.2 | L21: 8916.8 | M21: 9841.9 | N21: 10687.9 | O21: 11329.2 | P21: 11935.5 | Q21: 12240.1 | R21: 12317.9 | S21: 12407 | T21: 12531.1 | U21: 12314.4 | V21: 12356.1 | W21: 14224.9 | X21: 14916 | Y21: 14880.2 | Z21: 14495 | AA21: 13458.8 | AB21: 12099.1 | AD21: =+AC39 -> 2068744 | AE21: =+AC51 -> 1831628.2
C22: Festivo | D22: 1 | E22: 11491.6 | F22: 10647.4 | G22: 9893.8 | H22: 9365.1 | I22: 9119.9 | J22: 8960.2 | K22: 8278.2 | L22: 8916.8 | M22: 9841.9 | N22: 10687.9 | O22: 11329.2 | P22: 11935.5 | Q22: 12240.1 | R22: 12317.9 | S22: 12407 | T22: 12531.1 | U22: 12314.4 | V22: 12356.1 | W22: 14224.9 | X22: 14916 | Y22: 14880.2 | Z22: 14495 | AA22: 13458.8 | AB22: 12099.1 | AD22: =+AC43 -> 2666666.2 | AE22: =+AC55 -> 5062929.3
B23: 46113 | C23: Ordinario | D23: 20 | E23: 6899.4 | F23: 6386.4 | G23: 5883.5 | H23: 5602.4 | I23: 5535.3 | J23: 5425.9 | K23: 5462.1 | L23: 6638.1 | M23: 7972.9 | N23: 8761.7 | O23: 9417.4 | P23: 9830.5 | Q23: 9554.9 | R23: 9380.3 | S23: 9480.1 | T23: 9477.9 | U23: 9250.2 | V23: 9167.9 | W23: 10605.2 | X23: 10729.4 | Y23: 10344.2 | Z23: 9811.1 | AA23: 9082.6 | AB23: 8200.2 | AC23: =SUM(E23:AB23)*D23+SUM(E24:AB24)*D24+SUM(E25:AB25)*D25+SUM(E26:AB26)*D26 -> 5842730.4 | AD23: =+AC47 -> 1969082 | AE23: =SUM(AE11:AE22) -> 43824107
B24: Feb | C24: Sábado | D24: 4 | E24: 6488.7 | F24: 5922.5 | G24: 5492.4 | H24: 5175.2 | I24: 5184.7 | J24: 5310.3 | K24: 5542 | L24: 6689.1 | M24: 7867.8 | N24: 8554.5 | O24: 9170.3 | P24: 9595.4 | Q24: 9196.1 | R24: 9476.2 | S24: 9958.6 | T24: 9990.8 | U24: 9754.7 | V24: 9432.4 | W24: 10427 | X24: 10560.4 | Y24: 10155.1 | Z24: 9490.5 | AA24: 8446.9 | AB24: 7294.4 | AD24: =+AC51 -> 1831628.2
B25: Feb | C25: Domingo | D25: 4 | E25: 7381.4 | F25: 6754.4 | G25: 6235.1 | H25: 5880.8 | I25: 5673.2 | J25: 5356.7 | K25: 5039.5 | L25: 5601.9 | M25: 6345.2 | N25: 7015.4 | O25: 7545.3 | P25: 7977.7 | Q25: 8176.7 | R25: 8213.5 | S25: 8141 | T25: 8082.6 | U25: 7949.1 | V25: 8072.8 | W25: 9606.3 | X25: 10045.5 | Y25: 9943.8 | Z25: 9485.2 | AA25: 8601.8 | AB25: 7547.5 | AD25: =+AC55 -> 5062929.3
B26: Feb | C26: Festivo | D26: 2 | E26: 7381.4 | F26: 6754.4 | G26: 6235.1 | H26: 5880.8 | I26: 5673.2 | J26: 5356.7 | K26: 5039.5 | L26: 5601.9 | M26: 6345.2 | N26: 7015.4 | O26: 7545.3 | P26: 7977.7 | Q26: 8176.7 | R26: 8213.5 | S26: 8141 | T26: 8082.6 | U26: 7949.1 | V26: 8072.8 | W26: 9606.3 | X26: 10045.5 | Y26: 9943.8 | Z26: 9485.2 | AA26: 8601.8 | AB26: 7547.5
B27: 46143 | C27: Ordinario | D27: 19 | E27: 2523.9 | F27: 2132.4 | G27: 1816.5 | H27: 1546.3 | I27: 1473.5 | J27: 1370.9 | K27: 1465.1 | L27: 2160.5 | M27: 2970.9 | N27: 3418.1 | O27: 3701.9 | P27: 3910.4 | Q27: 3757.3 | R27: 3599.8 | S27: 3594 | T27: 3545.6 | U27: 3429.5 | V27: 3481.2 | W27: 4401.7 | X27: 4489.2 | Y27: 4183.6 | Z27: 3804.6 | AA27: 3306.2 | AB27: 2747.9 | AC27: =SUM(E27:AB27)*D27+SUM(E28:AB28)*D28+SUM(E29:AB29)*D29+SUM(E30:AB30)*D30 -> 2193087.3
C28: Sábado | D28: 5 | E28: 1936.2 | F28: 1593.1 | G28: 1342 | H28: 1169 | I28: 1146.8 | J28: 1139.1 | K28: 1232.6 | L28: 1963 | M28: 2677.2 | N28: 3089.6 | O28: 3492.5 | P28: 3782.7 | Q28: 3591.1 | R28: 3682.6 | S28: 3911.2 | T28: 3900 | U28: 3771.8 | V28: 3601.4 | W28: 4228 | X28: 4401.8 | Y28: 4145.8 | Z28: 3725.3 | AA28: 3093.3 | AB28: 2434.2
C29: Domingo | D29: 5 | E29: 1931.1 | F29: 1659.7 | G29: 1381.3 | H29: 1233.3 | I29: 1185.9 | J29: 1032.3 | K29: 1007.2 | L29: 1472.7 | M29: 2012.5 | N29: 2432.1 | O29: 2751.2 | P29: 3147.6 | Q29: 3369.7 | R29: 3411.7 | S29: 3421.4 | T29: 3437.9 | U29: 3351.9 | V29: 3354 | W29: 4337.1 | X29: 4691.5 | Y29: 4632.5 | Z29: 4308 | AA29: 3712.7 | AB29: 3017.1
C30: Festivo | D30: 2 | E30: 1931.1 | F30: 1659.7 | G30: 1381.3 | H30: 1233.3 | I30: 1185.9 | J30: 1032.3 | K30: 1007.2 | L30: 1472.7 | M30: 2012.5 | N30: 2432.1 | O30: 2751.2 | P30: 3147.6 | Q30: 3369.7 | R30: 3411.7 | S30: 3421.4 | T30: 3437.9 | U30: 3351.9 | V30: 3354 | W30: 4337.1 | X30: 4691.5 | Y30: 4632.5 | Z30: 4308 | AA30: 3712.7 | AB30: 3017.1
B31: 46174 | C31: Ordinario | D31: 19 | E31: 1963.3 | F31: 1617.6 | G31: 1362.2 | H31: 1191.7 | I31: 1146.2 | J31: 1080.9 | K31: 1182.4 | L31: 1927.1 | M31: 2745.9 | N31: 3249.4 | O31: 3686.9 | P31: 3927.7 | Q31: 3795.9 | R31: 3644.9 | S31: 3652.2 | T31: 3627.3 | U31: 3539.9 | V31: 3549 | W31: 4285.5 | X31: 4418 | Y31: 4089.9 | Z31: 3715.4 | AA31: 3253.1 | AB31: 2730.9 | AC31: =SUM(E31:AB31)*D31+SUM(E32:AB32)*D32+SUM(E33:AB33)*D33+SUM(E34:AB34)*D34 -> 2044913.6
B32: Feb | C32: Sábado | D32: 4 | E32: 2170.9 | F32: 1818 | G32: 1549.8 | H32: 1363.8 | I32: 1341.9 | J32: 1413 | K32: 1456.6 | L32: 2182.9 | M32: 2950.3 | N32: 3394.3 | O32: 3813.3 | P32: 4086.7 | Q32: 3855.3 | R32: 4068.3 | S32: 4376.2 | T32: 4388.6 | U32: 4213.8 | V32: 3911 | W32: 4434.8 | X32: 4710.9 | Y32: 4489.4 | Z32: 4087.2 | AA32: 3431.6 | AB32: 2745.4
B33: Feb | C33: Domingo | D33: 4 | E33: 1825.6 | F33: 1549.8 | G33: 1324.3 | H33: 1178.3 | I33: 1120 | J33: 948.7 | K33: 870.4 | L33: 1348.6 | M33: 1901.6 | N33: 2246.2 | O33: 2654.8 | P33: 2957.3 | Q33: 3111.5 | R33: 3079.3 | S33: 3012.1 | T33: 2950.4 | U33: 2889.6 | V33: 3008.6 | W33: 3975.4 | X33: 4332 | Y33: 4213.6 | Z33: 3873.2 | AA33: 3273.5 | AB33: 2585.9
B34: Feb | C34: Festivo | D34: 3 | E34: 1825.6 | F34: 1549.8 | G34: 1324.3 | H34: 1178.3 | I34: 1120 | J34: 948.7 | K34: 870.4 | L34: 1348.6 | M34: 1901.6 | N34: 2246.2 | O34: 2654.8 | P34: 2957.3 | Q34: 3111.5 | R34: 3079.3 | S34: 3012.1 | T34: 2950.4 | U34: 2889.6 | V34: 3008.6 | W34: 3975.4 | X34: 4332 | Y34: 4213.6 | Z34: 3873.2 | AA34: 3273.5 | AB34: 2585.9
B35: 46204 | C35: Ordinario | D35: 22 | E35: 1881.7 | F35: 1550.5 | G35: 1332.2 | H35: 1170.6 | I35: 1145.5 | J35: 1116.9 | K35: 1173.2 | L35: 1893.3 | M35: 2731.1 | N35: 3205.7 | O35: 3632.7 | P35: 3826.9 | Q35: 3711.8 | R35: 3591 | S35: 605 | T35: 3628.6 | U35: 3508 | V35: 3488.8 | W35: 4207.8 | X35: 4452.5 | Y35: 4151.5 | Z35: 3745.8 | AA35: 3229.5 | AB35: 2679.5 | AC35: =SUM(E35:AB35)*D35+SUM(E36:AB36)*D36+SUM(E37:AB37)*D37+SUM(E38:AB38)*D38 -> 2074770.6
C36: Sábado | D36: 4 | E36: 2319.7 | F36: 1936.3 | G36: 1655.3 | H36: 1457.1 | I36: 1443.4 | J36: 1561.5 | K36: 1599.9 | L36: 2319.6 | M36: 3094.2 | N36: 3534.4 | O36: 3979.3 | P36: 4300.4 | Q36: 4057.4 | R36: 4239 | S36: 4544.1 | T36: 4544.2 | U36: 4362.1 | V36: 4093.4 | W36: 4718.4 | X36: 4918.6 | Y36: 4709 | Z36: 4296.1 | AA36: 3617.4 | AB36: 2886.8
C37: Domingo | D37: 4 | E37: 1904 | F37: 1626.7 | G37: 1392 | H37: 1177.1 | I37: 1104.9 | J37: 1009.8 | K37: 895.2 | L37: 1334.8 | M37: 1909.3 | N37: 2372.8 | O37: 2705.3 | P37: 2873.8 | Q37: 3162.9 | R37: 3181.9 | S37: 3167.4 | T37: 3190.8 | U37: 3126.8 | V37: 3053.2 | W37: 3899.9 | X37: 4388.2 | Y37: 4261.2 | Z37: 3944 | AA37: 3407.5 | AB37: 2810.1
C38: Festivo | D38: 1 | E38: 1904 | F38: 1626.7 | G38: 1392 | H38: 1177.1 | I38: 1104.9 | J38: 1009.8 | K38: 895.2 | L38: 1334.8 | M38: 1909.3 | N38: 2372.8 | O38: 2705.3 | P38: 2873.8 | Q38: 3162.9 | R38: 3181.9 | S38: 3167.4 | T38: 3190.8 | U38: 3126.8 | V38: 3053.2 | W38: 3899.9 | X38: 4388.2 | Y38: 4261.2 | Z38: 3944 | AA38: 3407.5 | AB38: 2810.1
B39: 46235 | C39: Ordinario | D39: 19 | E39: 2251 | F39: 1860.2 | G39: 1568.7 | H39: 1373.5 | I39: 1301.8 | J39: 1283.7 | K39: 1304.3 | L39: 2031.8 | M39: 2850.9 | N39: 3354.2 | O39: 3772.3 | P39: 4039 | Q39: 3889 | R39: 3762.3 | S39: 749.1 | T39: 677.8 | U39: 3503.8 | V39: 3492.5 | W39: 4262.5 | X39: 4381.4 | Y39: 4106.4 | Z39: 3727.4 | AA39: 3192.7 | AB39: 2623.2 | AC39: =SUM(E39:AB39)*D39+SUM(E40:AB40)*D40+SUM(E41:AB41)*D41+SUM(E42:AB42)*D42 -> 2068744
B40: Feb | C40: Sábado | D40: 5 | E40: 2155.2 | F40: 1800 | G40: 1528.4 | H40: 1336.8 | I40: 1318.5 | J40: 1421.9 | K40: 1490.4 | L40: 2230.9 | M40: 2989.6 | N40: 3419.5 | O40: 3865.6 | P40: 4167.5 | Q40: 3932.3 | R40: 4143.5 | S40: 4461.1 | T40: 4467.8 | U40: 4293.3 | V40: 4137.1 | W40: 4808.2 | X40: 4768.4 | Y40: 4516.3 | Z40: 4080.1 | AA40: 3385 | AB40: 2671.8
B41: Feb | C41: Domingo | D41: 5 | E41: 2151.6 | F41: 1778.9 | G41: 1489.4 | H41: 1280.1 | I41: 1192.2 | J41: 1073.8 | K41: 944.3 | L41: 1376.7 | M41: 1852.8 | N41: 2281.9 | O41: 2688.7 | P41: 3036.8 | Q41: 3164.9 | R41: 3125.7 | S41: 3089.2 | T41: 3115 | U41: 3040.9 | V41: 3031.8 | W41: 3963.3 | X41: 4468.3 | Y41: 4417.8 | Z41: 4063.5 | AA41: 3449 | AB41: 2775.9
B42: Feb | C42: Festivo | D42: 2 | E42: 2151.6 | F42: 1778.9 | G42: 1489.4 | H42: 1280.1 | I42: 1192.2 | J42: 1073.8 | K42: 944.3 | L42: 1376.7 | M42: 1852.8 | N42: 2281.9 | O42: 2688.7 | P42: 3036.8 | Q42: 3164.9 | R42: 3125.7 | S42: 3089.2 | T42: 3115 | U42: 3040.9 | V42: 3031.8 | W42: 3963.3 | X42: 4468.3 | Y42: 4417.8 | Z42: 4063.5 | AA42: 3449 | AB42: 2775.9
B43: 46266 | C43: Ordinario | D43: 22 | E43: 2912.5 | F43: 2508.6 | G43: 2196.2 | H43: 1974.8 | I43: 1909.9 | J43: 1820.6 | K43: 1864.8 | L43: 2681.2 | M43: 3553.1 | N43: 4055.9 | O43: 4484.3 | P43: 4697 | Q43: 4513.1 | R43: 4375.8 | S43: 4364.6 | T43: 4348.5 | U43: 4208.7 | V43: 4316.6 | W43: 5284.8 | X43: 5186.7 | Y43: 4833.2 | Z43: 4393.8 | AA43: 3865.2 | AB43: 3282.4 | AC43: =SUM(E43:AB43)*D43+SUM(E44:AB44)*D44+SUM(E45:AB45)*D45+SUM(E46:AB46)*D46 -> 2666666.2
C44: Sábado | D44: 4 | E44: 2396.9 | F44: 2024.7 | G44: 1764.9 | H44: 1573.4 | I44: 1576.5 | J44: 1685.5 | K44: 1821.6 | L44: 2653.9 | M44: 3464.5 | N44: 3906.8 | O44: 4374.9 | P44: 4697.5 | Q44: 4419.8 | R44: 4631.6 | S44: 4989 | T44: 5007 | U44: 4799.9 | V44: 4827 | W44: 5419.6 | X44: 5242.6 | Y44: 4915.1 | Z44: 4432.7 | AA44: 3737.8 | AB44: 3015.7
C45: Domingo | D45: 4 | E45: 2622.4 | F45: 2251.6 | G45: 1977.1 | H45: 1769.7 | I45: 1780.5 | J45: 1994.2 | K45: 2128.9 | L45: 3011.8 | M45: 3886 | N45: 4348.8 | O45: 4875.7 | P45: 5230.3 | Q45: 4870.2 | R45: 5219.3 | S45: 5714.2 | T45: 5727.7 | U45: 5484.2 | V45: 5181.4 | W45: 5776.6 | X45: 5697 | Y45: 5421.1 | Z45: 4928.8 | AA45: 4115.1 | AB45: 3297.4
C46: Festivo | D46: 0 | E46: 0 | F46: 0 | G46: 0 | H46: 0 | I46: 0 | J46: 0 | K46: 0 | L46: 0 | M46: 0 | N46: 0 | O46: 0 | P46: 0 | Q46: 0 | R46: 0 | S46: 0 | T46: 0 | U46: 0 | V46: 0 | W46: 0 | X46: 0 | Y46: 0 | Z46: 0 | AA46: 0 | AB46: 0
B47: 46296 | C47: Ordinario | D47: 21 | E47: 1955.3 | F47: 1603.6 | G47: 1323.7 | H47: 1092.2 | I47: 1004.4 | J47: 955.7 | K47: 1081.4 | L47: 1844.4 | M47: 2624.3 | N47: 3077.1 | O47: 3494.3 | P47: 3713.2 | Q47: 3558.3 | R47: 3457 | S47: 3491.8 | T47: 3475 | U47: 3366 | V47: 3583.5 | W47: 4366.1 | X47: 4209.6 | Y47: 3883.7 | Z47: 3469.6 | AA47: 2975.7 | AB47: 2447.6 | AC47: =SUM(E47:AB47)*D47+SUM(E48:AB48)*D48+SUM(E49:AB49)*D49+SUM(E50:AB50)*D50 -> 1969082
B48: Feb | C48: Sábado | D48: 5 | E48: 1464.7 | F48: 1145.4 | G48: 909.1 | H48: 767.5 | I48: 787.3 | J48: 900.1 | K48: 1007 | L48: 1710 | M48: 2411.7 | N48: 2822.9 | O48: 3200.3 | P48: 3481.7 | Q48: 3243 | R48: 3351.1 | S48: 3597.4 | T48: 3620.8 | U48: 3509.1 | V48: 3663.7 | W48: 4261.6 | X48: 4081.5 | Y48: 3728.6 | Z48: 3242.7 | AA48: 2609.1 | AB48: 1974.1
B49: Feb | C49: Domingo | D49: 4 | E49: 1533.8 | F49: 1257.2 | G49: 1037.2 | H49: 901.8 | I49: 854.8 | J49: 762.5 | K49: 625.4 | L49: 1067.7 | M49: 1434.5 | N49: 1945.8 | O49: 2344.9 | P49: 2660.5 | Q49: 2820.7 | R49: 2824 | S49: 2836.9 | T49: 2856.7 | U49: 2785.7 | V49: 3116.4 | W49: 4043.3 | X49: 4154.1 | Y49: 4010.2 | Z49: 3670.3 | AA49: 3024 | AB49: 2332.9
B50: Feb | C50: Festivo | D50: 1 | E50: 1533.8 | F50: 1257.2 | G50: 1037.2 | H50: 901.8 | I50: 854.8 | J50: 762.5 | K50: 625.4 | L50: 1067.7 | M50: 1434.5 | N50: 1945.8 | O50: 2344.9 | P50: 2660.5 | Q50: 2820.7 | R50: 2824 | S50: 2836.9 | T50: 2856.7 | U50: 2785.7 | V50: 3116.4 | W50: 4043.3 | X50: 4154.1 | Y50: 4010.2 | Z50: 3670.3 | AA50: 3024 | AB50: 2332.9
B51: 46327 | C51: Ordinario | D51: 19 | E51: 1654.4 | F51: 1328.8 | G51: 1093.7 | H51: 939.8 | I51: 941.1 | J51: 990.6 | K51: 1032 | L51: 1788.5 | M51: 2595.8 | N51: 3109.8 | O51: 3497.9 | P51: 3701.5 | Q51: 3526.8 | R51: 3378.2 | S51: 3357.4 | T51: 3337.5 | U51: 3252.2 | V51: 3527.3 | W51: 4280.3 | X51: 4084.8 | Y51: 3716.3 | Z51: 3299.3 | AA51: 2783 | AB51: 2223 | AC51: =SUM(E51:AB51)*D51+SUM(E52:AB52)*D52+SUM(E53:AB53)*D53+SUM(E54:AB54)*D54 -> 1831628.2
C52: Sábado | D52: 4 | E52: 2252 | F52: 1884.9 | G52: 1613.7 | H52: 1427.1 | I52: 1387.6 | J52: 1432 | K52: 1397.4 | L52: 2126.3 | M52: 2884.1 | N52: 3323.3 | O52: 3710.9 | P52: 4013.1 | Q52: 3818.8 | R52: 3910.7 | S52: 4165.3 | T52: 4179.6 | U52: 4034.2 | V52: 4057.6 | W52: 4819.2 | X52: 4661.8 | Y52: 4350.2 | Z52: 3937.2 | AA52: 3383.5 | AB52: 2761.4
C53: Domingo | D53: 5 | E53: 1687.1 | F53: 1331.8 | G53: 1062.1 | H53: 854.9 | I53: 784.7 | J53: 696.5 | K53: 536.6 | L53: 901.3 | M53: 1339.2 | N53: 1681 | O53: 1961 | P53: 2209.2 | Q53: 2286.6 | R53: 2323.6 | S53: 2218.3 | T53: 2225.7 | U53: 2243.2 | V53: 2699.2 | W53: 3591.1 | X53: 3622.9 | Y53: 3354.7 | Z53: 2853.5 | AA53: 2219.4 | AB53: 1622.2
C54: Festivo | D54: 2 | E54: 1687.1 | F54: 1331.8 | G54: 1062.1 | H54: 854.9 | I54: 784.7 | J54: 696.5 | K54: 536.6 | L54: 901.3 | M54: 1339.2 | N54: 1681 | O54: 1961 | P54: 2209.2 | Q54: 2286.6 | R54: 2323.6 | S54: 2218.3 | T54: 2225.7 | U54: 2243.2 | V54: 2699.2 | W54: 3591.1 | X54: 3622.9 | Y54: 3354.7 | Z54: 2853.5 | AA54: 2219.4 | AB54: 1622.2
B55: 46357 | C55: Ordinario | D55: 21 | E55: 6087.7 | F55: 5502.6 | G55: 5060.3 | H55: 4752.9 | I55: 4685.3 | J55: 4734.5 | K55: 4621.7 | L55: 5653.8 | M55: 6780.2 | N55: 7492.9 | O55: 8017.5 | P55: 8332.3 | Q55: 8043.8 | R55: 7836.9 | S55: 7868.1 | T55: 7859.1 | U55: 7699.7 | V55: 8040.3 | W55: 9361 | X55: 9048 | Y55: 8443.9 | Z55: 7782.2 | AA55: 7140.4 | AB55: 6421.2 | AC55: =SUM(E55:AB55)*D55+SUM(E56:AB56)*D56+SUM(E57:AB57)*D57+SUM(E58:AB58)*D58 -> 5062929.3
B56: Feb | C56: Sábado | D56: 4 | E56: 5882.5 | F56: 5333.1 | G56: 4920.5 | H56: 4634 | I56: 4602.5 | J56: 4757.4 | K56: 4798.9 | L56: 5873.9 | M56: 6988.4 | N56: 7632.6 | O56: 8262.1 | P56: 8704.4 | Q56: 8359.5 | R56: 8624.7 | S56: 9073.5 | T56: 9104.9 | U56: 8862.4 | V56: 8612.9 | W56: 9557.5 | X56: 9645 | Y56: 9276.3 | Z56: 8657.5 | AA56: 7709.2 | AB56: 6695.2
B57: Feb | C57: Domingo | D57: 4 | E57: 5817.4 | F57: 5481.9 | G57: 5164.6 | H57: 4860.4 | I57: 4685.1 | J57: 4431.5 | K57: 3845.7 | L57: 4139.6 | M57: 4617.4 | N57: 5066 | O57: 5484.2 | P57: 5839.6 | Q57: 6033.9 | R57: 6042.5 | S57: 5992.5 | T57: 6053.3 | U57: 6048.1 | V57: 6405.2 | W57: 7993.9 | X57: 8114 | Y57: 7947.9 | Z57: 7554.2 | AA57: 6905.4 | AB57: 6152.6
B58: Feb | C58: Festivo | D58: 2 | E58: 5817.4 | F58: 5481.9 | G58: 5164.6 | H58: 4860.4 | I58: 4685.1 | J58: 4431.5 | K58: 3845.7 | L58: 4139.6 | M58: 4617.4 | N58: 5066 | O58: 5484.2 | P58: 5839.6 | Q58: 6033.9 | R58: 6042.5 | S58: 5992.5 | T58: 6053.3 | U58: 6048.1 | V58: 6405.2 | W58: 7993.9 | X58: 8114 | Y58: 7947.9 | Z58: 7554.2 | AA58: 6905.4 | AB58: 6152.6
Z59: TOTAL AÑO kWh | AC59: =SUM(AC11:AC58) -> 43824107

Sheet Cantidades 3_(2027)
B4: 9.3 TABLAS CANTIDADES DE ENERGÍA REQUERIDA PRODUCTO 3 AÑO 2027 (kWh)
B5: ELETRIFICADORA DE SANTANDER S.A E.S.P.
B6: SOLICITUD PÚBLICA DE OFERTAS CP-ESSC2025-003
B7: PAGUELO CONTRATADO
B10: Mes | C10: Tipo Día | D10: Días | E10: H1 | F10: H2 | G10: H3 | H10: H4 | I10: H5 | J10: H6 | K10: H7 | L10: H8 | M10: H9 | N10: H10 | O10: H11 | P10: H12 | Q10: H13 | R10: H14 | S10: H15 | T10: H16 | U10: H17 | V10: H18 | W10: H19 | X10: H20 | Y10: H21 | Z10: H22 | AA10: H23 | AB10: H24 | AC10: TOTAL MES kWh | AE10: =+AC10 -> TOTAL MES kWh
B11: 46388 | C11: Ordinario | D11: 19 | E11: 34104.86 | F11: 31985.47 | G11: 30453.53 | H11: 29382.46 | I11: 29128.58 | J11: 29961.71 | K11: 29701.39 | L11: 33804.8 | M11: 38220.26 | N11: 40777.22 | O11: 43415.03 | P11: 45290.92 | Q11: 43893.52 | R11: 45265.2 | S11: 47552.82 | T11: 47769.8 | U11: 46677.48 | V11: 44600.8 | W11: 47545.21 | X11: 47706.33 | Y11: 46460.68 | Z11: 44472.69 | AA11: 41194.78 | AB11: 37514.31 | AC11: =SUM(E11:AB11)*D11+SUM(E12:AB12)*D12+SUM(E13:AB13)*D13+SUM(E14:AB14)*D14 -> 28661912 | AE11: =+AC11 -> 28661912
C12: Sábado | D12: 5 | E12: 34399.53 | F12: 32307.57 | G12: 30757.7 | H12: 29534.89 | I12: 29214.28 | J12: 29364.33 | K12: 28476.31 | L12: 31662.69 | M12: 35871.07 | N12: 38656.11 | O12: 40949.19 | P12: 42386.52 | Q12: 41714.87 | R12: 41243.94 | S12: 41507.36 | T12: 41492.54 | U12: 40806.46 | V12: 40456.14 | W12: 45128.08 | X12: 45629.98 | Y12: 44230.59 | Z12: 42487.84 | AA12: 40120.91 | AB12: 37356.94 | AE12: =+AC15 -> 25956636
C13: Domingo | D13: 5 | E13: 34838.58 | F13: 32821.24 | G13: 31185.21 | H13: 29877.63 | I13: 29212.94 | J13: 28885.13 | K13: 27137.77 | L13: 28574.04 | M13: 30973.1 | N13: 33417.83 | O13: 34921.36 | P13: 36260.2 | Q13: 37057.34 | R13: 37237.05 | S13: 37354.16 | T13: 37424.56 | U13: 37176.17 | V13: 37219.23 | W13: 42332.56 | X13: 43878.33 | Y13: 43700.9 | Z13: 42355.24 | AA13: 39809.52 | AB13: 36695.06 | AE13: =+AC19 -> 28377636
C14: Festivo | D14: 2 | E14: 34838.58 | F14: 32821.24 | G14: 31185.21 | H14: 29877.63 | I14: 29212.94 | J14: 28885.13 | K14: 27137.77 | L14: 28574.04 | M14: 30973.1 | N14: 33417.83 | O14: 34921.36 | P14: 36260.2 | Q14: 37057.34 | R14: 37237.05 | S14: 37354.16 | T14: 37424.56 | U14: 37176.17 | V14: 37219.23 | W14: 42332.56 | X14: 43878.33 | Y14: 43700.9 | Z14: 42355.24 | AA14: 39809.52 | AB14: 36695.06 | AD14: =+AC11 -> 28661912 | AE14: =+AC23 -> 21852568
B15: 46419 | C15: Ordinario | D15: 20 | E15: 33710.62 | F15: 31667.9 | G15: 30208.81 | H15: 29253.68 | I15: 29323.81 | J15: 31230.25 | K15: 31133.46 | L15: 34863.73 | M15: 38625.14 | N15: 40472.23 | O15: 42678.94 | P15: 44159.45 | Q15: 42309.28 | R15: 43996.54 | S15: 46476.36 | T15: 46795.06 | U15: 45887.94 | V15: 43720.78 | W15: 46310.4 | X15: 47140.86 | Y15: 46108.44 | Z15: 43882.79 | AA15: 40255.25 | AB15: 36607.39 | AC15: =SUM(E15:AB15)*D15+SUM(E16:AB16)*D16+SUM(E17:AB17)*D17+SUM(E18:AB18)*D18 -> 25956636 | AD15: =+AC15 -> 25956636 | AE15: =+AC27 -> 23042026
B16: Feb | C16: Sábado | D16: 4 | E16: 33834.07 | F16: 31943.18 | G16: 30299.73 | H16: 29184.94 | I16: 28759.3 | J16: 29097.11 | K16: 28753.36 | L16: 32107.75 | M16: 36140.86 | N16: 38674 | O16: 40745.17 | P16: 42116.99 | Q16: 41295.13 | R16: 40755.01 | S16: 40995.25 | T16: 40989.48 | U16: 40291.28 | V16: 39975.8 | W16: 44264.37 | X16: 45265.54 | Y16: 43959.42 | Z16: 42195.39 | AA16: 39797.85 | AB16: 36977.93 | AD16: =+AC19 -> 28377636 | AE16: =+AC31 -> 6843780.2
B17: Feb | C17: Domingo | D17: 4 | E17: 34437.74 | F17: 32418.49 | G17: 30856.44 | H17: 29710.55 | I17: 28984.81 | J17: 28832.37 | K17: 27341.41 | L17: 28786.44 | M17: 31152.58 | N17: 33301.22 | O17: 34868.21 | P17: 36461.94 | Q17: 37375.99 | R17: 37656.08 | S17: 37909.59 | T17: 38105.62 | U17: 37822.86 | V17: 37722.54 | W17: 42502.09 | X17: 44641.78 | Y17: 44678.52 | Z17: 43446.31 | AA17: 40547.65 | AB17: 37083.36 | AD17: =+AC23 -> 21852568 | AE17: =+AC35 -> 3320362.4
B18: Feb | C18: Festivo | D18: 0 | E18: 0 | F18: 0 | G18: 0 | H18: 0 | I18: 0 | J18: 0 | K18: 0 | L18: 0 | M18: 0 | N18: 0 | O18: 0 | P18: 0 | Q18: 0 | R18: 0 | S18: 0 | T18: 0 | U18: 0 | V18: 0 | W18: 0 | X18: 0 | Y18: 0 | Z18: 0 | AA18: 0 | AB18: 0 | AD18: =+AC27 -> 23042026 | AE18: =+AC39 -> 7378162.4
B19: 46447 | C19: Ordinario | D19: 20 | E19: 34320.74 | F19: 32242.73 | G19: 30676.75 | H19: 29521.02 | I19: 29347.3 | J19: 30604.97 | K19: 30360.45 | L19: 34413.73 | M19: 38501.73 | N19: 40641.23 | O19: 43068.07 | P19: 44648.03 | Q19: 42861.18 | R19: 44768.53 | S19: 47080.37 | T19: 47328.78 | U19: 46419.37 | V19: 44222.93 | W19: 46431.01 | X19: 47073.85 | Y19: 46137.64 | Z19: 44153.35 | AA19: 41048.95 | AB19: 37556.85 | AC19: =SUM(E19:AB19)*D19+SUM(E20:AB20)*D20+SUM(E21:AB21)*D21+SUM(E22:AB22)*D22 -> 28377636 | AD19: =+AC31 -> 6843780.2 | AE19: =+AC43 -> 7560028.8
C20: Sábado | D20: 4 | E20: 34434.96 | F20: 32290.98 | G20: 30780.77 | H20: 29585.62 | I20: 28872.18 | J20: 28763.11 | K20: 28268.57 | L20: 31451.24 | M20: 35287.72 | N20: 37690.21 | O20: 39604 | P20: 40827.46 | Q20: 40177.57 | R20: 39706.89 | S20: 39438.04 | T20: 40535.53 | U20: 38991.99 | V20: 38634.83 | W20: 43203.27 | X20: 43922.31 | Y20: 42734.27 | Z20: 41205.39 | AA20: 39177.6 | AB20: 36600.33 | AD20: =+AC35 -> 3320362.4 | AE20: =+AC47 -> 9628746.9
C21: Domingo | D21: 4 | E21: 34119.1 | F21: 32116.47 | G21: 30328.9 | H21: 29074.77 | I21: 28493.22 | J21: 28114.36 | K21: 26496.62 | L21: 28011.3 | M21: 30205.93 | N21: 32212.6 | O21: 33733.84 | P21: 35172.03 | Q21: 35894.47 | R21: 36079.06 | S21: 36290.32 | T21: 36584.69 | U21: 36070.83 | V21: 36169.63 | W21: 40602.46 | X21: 42241.78 | Y21: 42156.89 | Z21: 41243.3 | AA21: 38785.28 | AB21: 35560.02 | AD21: =+AC39 -> 7378162.4 | AE21: =+AC51 -> 13088728
C22: Festivo | D22: 3 | E22: 34119.1 | F22: 32116.47 | G22: 30328.9 | H22: 29074.77 | I22: 28493.22 | J22: 28114.36 | K22: 26496.62 | L22: 28011.3 | M22: 30205.93 | N22: 32212.6 | O22: 33733.84 | P22: 35172.03 | Q22: 35894.47 | R22: 36079.06 | S22: 36290.32 | T22: 36584.69 | U22: 36070.83 | V22: 36169.63 | W22: 40602.46 | X22: 42241.78 | Y22: 42156.89 | Z22: 41243.3 | AA22: 38785.28 | AB22: 35560.02 | AD22: =+AC43 -> 7560028.8 | AE22: =+AC55 -> 18444368
B23: 46478 | C23: Ordinario | D23: 22 | E23: 26951.05 | F23: 25573.51 | G23: 24223.29 | H23: 23468.61 | I23: 23288.29 | J23: 22994.62 | K23: 23091.81 | L23: 26249.5 | M23: 29833.65 | N23: 31951.46 | O23: 33712.05 | P23: 34821.3 | Q23: 34081.25 | R23: 33612.57 | S23: 33880.45 | T23: 33874.69 | U23: 33263.31 | V23: 33042.34 | W23: 36901.65 | X23: 37235.05 | Y23: 36200.73 | Z23: 34769.42 | AA23: 32813.31 | AB23: 30443.8 | AC23: =SUM(E23:AB23)*D23+SUM(E24:AB24)*D24+SUM(E25:AB25)*D25+SUM(E26:AB26)*D26 -> 21852568 | AD23: =+AC47 -> 9628746.9 | AE23: =SUM(AE11:AE22) -> 1.9415495e+08
B24: Feb | C24: Sábado | D24: 4 | E24: 25848.3 | F24: 24327.93 | G24: 23173.05 | H24: 22321.48 | I24: 22346.99 | J24: 22684.26 | K24: 23306.28 | L24: 26386.38 | M24: 29551.45 | N24: 31395.15 | O24: 33048.63 | P24: 34190.08 | Q24: 33117.94 | R24: 33870.15 | S24: 35165.44 | T24: 35251.77 | U24: 34617.86 | V24: 33752.56 | W24: 36423.13 | X24: 36781.24 | Y24: 35693 | Z24: 33908.35 | AA24: 31106.17 | AB24: 28011.72 | AD24: =+AC51 -> 13088728
B25: Feb | C25: Domingo | D25: 4 | E25: 28245.26 | F25: 26561.82 | G25: 25167.27 | H25: 24215.98 | I25: 23658.62 | J25: 22808.73 | K25: 21957.19 | L25: 23467.3 | M25: 25463.05 | N25: 27262.64 | O25: 28685.38 | P25: 29846.31 | Q25: 30380.77 | R25: 30479.55 | S25: 30284.91 | T25: 30127.99 | U25: 29769.54 | V25: 30101.7 | W25: 34219.47 | X25: 35398.6 | Y25: 35125.72 | Z25: 33894.13 | AA25: 31522.12 | AB25: 28691.2 | AD25: =+AC55 -> 18444368
B26: Feb | C26: Festivo | D26: 0 | E26: 0 | F26: 0 | G26: 0 | H26: 0 | I26: 0 | J26: 0 | K26: 0 | L26: 0 | M26: 0 | N26: 0 | O26: 0 | P26: 0 | Q26: 0 | R26: 0 | S26: 0 | T26: 0 | U26: 0 | V26: 0 | W26: 0 | X26: 0 | Y26: 0 | Z26: 0 | AA26: 0 | AB26: 0
B27: 46508 | C27: Ordinario | D27: 19 | E27: 29068.18 | F27: 27295.46 | G27: 25864.99 | H27: 24641.62 | I27: 24311.85 | J27: 23847.6 | K27: 24273.96 | L27: 27422.67 | M27: 31092.41 | N27: 33117.04 | O27: 34402.13 | P27: 35346.47 | Q27: 34653.33 | R27: 33940.08 | S27: 33913.86 | T27: 33694.55 | U27: 33168.82 | V27: 33402.89 | W27: 37570.9 | X27: 37967.11 | Y27: 36583.55 | Z27: 34867.36 | AA27: 32610.48 | AB27: 30082.55 | AC27: =SUM(E27:AB27)*D27+SUM(E28:AB28)*D28+SUM(E29:AB29)*D29+SUM(E30:AB30)*D30 -> 23042026
C28: Sábado | D28: 4 | E28: 26407.26 | F28: 24853.64 | G28: 23716.52 | H28: 22933.29 | I28: 22832.79 | J28: 22797.8 | K28: 23221.19 | L28: 26528.5 | M28: 29762.38 | N28: 31629.77 | O28: 33454.01 | P28: 34767.99 | Q28: 33900.43 | R28: 34315.11 | S28: 35349.95 | T28: 35299.41 | U28: 34718.93 | V28: 33947.39 | W28: 36784.29 | X28: 37571.63 | Y28: 36412.2 | Z28: 34508.47 | AA28: 31646.7 | AB28: 28662.16
C29: Domingo | D29: 5 | E29: 26384.13 | F29: 25155.13 | G29: 23894.73 | H29: 23224.56 | I29: 23009.6 | J29: 22314.46 | K29: 22200.88 | L29: 24308.62 | M29: 26752.54 | N29: 28652.82 | O29: 30097.48 | P29: 31892.41 | Q29: 32897.94 | R29: 33088.48 | S29: 33132.37 | T29: 33207.1 | U29: 32817.29 | V29: 32827.15 | W29: 37278.67 | X29: 38883.37 | Y29: 38616.18 | Z29: 37146.55 | AA29: 34451.2 | AB29: 31301.5
C30: Festivo | D30: 3 | E30: 26384.13 | F30: 25155.13 | G30: 23894.73 | H30: 23224.56 | I30: 23009.6 | J30: 22314.46 | K30: 22200.88 | L30: 24308.62 | M30: 26752.54 | N30: 28652.82 | O30: 30097.48 | P30: 31892.41 | Q30: 32897.94 | R30: 33088.48 | S30: 33132.37 | T30: 33207.1 | U30: 32817.29 | V30: 32827.15 | W30: 37278.67 | X30: 38883.37 | Y30: 38616.18 | Z30: 37146.55 | AA30: 34451.2 | AB30: 31301.5
B31: 46539 | C31: Ordinario | D31: 21 | E31: 7841.29 | F31: 7203.78 | G31: 6732.76 | H31: 6418.45 | I31: 6334.49 | J31: 6214.07 | K31: 6401.19 | L31: 7774.51 | M31: 9284.57 | N31: 10213.05 | O31: 11019.9 | P31: 11463.95 | Q31: 11220.89 | R31: 10942.37 | S31: 10955.82 | T31: 10909.94 | U31: 10748.76 | V31: 10765.58 | W31: 12123.76 | X31: 12368.2 | Y31: 11763.05 | Z31: 11072.39 | AA31: 10219.98 | AB31: 9256.86 | AC31: =SUM(E31:AB31)*D31+SUM(E32:AB32)*D32+SUM(E33:AB33)*D33+SUM(E34:AB34)*D34 -> 6843780.2
B32: Feb | C32: Sábado | D32: 4 | E32: 8224.08 | F32: 7573.31 | G32: 7078.8 | H32: 6735.68 | I32: 6695.3 | J32: 6826.56 | K32: 6906.83 | L32: 8246.32 | M32: 9661.41 | N32: 10480.25 | O32: 11252.92 | P32: 11757.17 | Q32: 11330.47 | R32: 11723.29 | S32: 12291.14 | T32: 12313.85 | U32: 11991.59 | V32: 11433.11 | W32: 12399.14 | X32: 12908.24 | Y32: 12499.85 | Z32: 11758.16 | AA32: 10549.02 | AB32: 9283.71
B33: Feb | C33: Domingo | D33: 4 | E33: 7587.48 | F33: 7078.72 | G33: 6663 | H33: 6393.65 | I33: 6286.21 | J33: 5970.17 | K33: 5825.83 | L33: 6707.75 | M33: 7727.58 | N33: 8363.05 | O33: 9116.64 | P33: 9674.33 | Q33: 9958.76 | R33: 9899.47 | S33: 9775.54 | T33: 9661.6 | U33: 9549.47 | V33: 9768.95 | W33: 11551.86 | X33: 12209.62 | Y33: 11991.24 | Z33: 11363.45 | AA33: 10257.61 | AB33: 8989.53
B34: Feb | C34: Festivo | D34: 1 | E34: 7587.48 | F34: 7078.72 | G34: 6663 | H34: 6393.65 | I34: 6286.21 | J34: 5970.17 | K34: 5825.83 | L34: 6707.75 | M34: 7727.58 | N34: 8363.05 | O34: 9116.64 | P34: 9674.33 | Q34: 9958.76 | R34: 9899.47 | S34: 9775.54 | T34: 9661.6 | U34: 9549.47 | V34: 9768.95 | W34: 11551.86 | X34: 12209.62 | Y34: 11991.24 | Z34: 11363.45 | AA34: 10257.61 | AB34: 8989.53
B35: 46569 | C35: Ordinario | D35: 20 | E35: 3260.06 | F35: 2862.54 | G35: 2600.49 | H35: 2406.5 | I35: 2376.41 | J35: 2342.03 | K35: 2409.62 | L35: 3273.98 | M35: 4279.57 | N35: 4849.28 | O35: 5361.73 | P35: 5594.89 | Q35: 5456.68 | R35: 5311.67 | S35: 5328.57 | T35: 5356.85 | U35: 5212.04 | V35: 5189.09 | W35: 6052.11 | X35: 6345.8 | Y35: 5984.5 | Z35: 5497.47 | AA35: 4877.81 | AB35: 4217.65 | AC35: =SUM(E35:AB35)*D35+SUM(E36:AB36)*D36+SUM(E37:AB37)*D37+SUM(E38:AB38)*D38 -> 3320362.4
C36: Sábado | D36: 5 | E36: 3785.77 | F36: 3325.62 | G36: 2988.36 | H36: 2750.41 | I36: 2734 | J36: 2875.67 | K36: 2921.86 | L36: 3785.64 | M36: 4715.39 | N36: 5243.8 | O36: 5777.83 | P36: 6163.21 | Q36: 5871.59 | R36: 6089.5 | S36: 6455.7 | T36: 6455.8 | U36: 6237.22 | V36: 5914.77 | W36: 6664.88 | X36: 6905.25 | Y36: 6653.59 | Z36: 6158.02 | AA36: 5343.4 | AB36: 4466.47
C37: Domingo | D37: 4 | E37: 3286.87 | F37: 2954 | G37: 2672.22 | H37: 2414.28 | I37: 2327.68 | J37: 2213.49 | K37: 2076.01 | L37: 2603.64 | M37: 3293.16 | N37: 3849.56 | O37: 4248.62 | P37: 4450.87 | Q37: 4797.88 | R37: 4820.68 | S37: 4803.24 | T37: 4831.36 | U37: 4754.57 | V37: 4666.22 | W37: 5682.55 | X37: 6268.54 | Y37: 6116.16 | Z37: 5735.4 | AA37: 5091.42 | AB37: 4374.39
C38: Festivo | D38: 2 | E38: 3286.87 | F38: 2954 | G38: 2672.22 | H38: 2414.28 | I38: 2327.68 | J38: 2213.49 | K38: 2076.01 | L38: 2603.64 | M38: 3293.16 | N38: 3849.56 | O38: 4248.62 | P38: 4450.87 | Q38: 4797.88 | R38: 4820.68 | S38: 4803.24 | T38: 4831.36 | U38: 4754.57 | V38: 4666.22 | W38: 5682.55 | X38: 6268.54 | Y38: 6116.16 | Z38: 5735.4 | AA38: 5091.42 | AB38: 4374.39
B39: 46600 | C39: Ordinario | D39: 21 | E39: 8660.96 | F39: 7924.82 | G39: 7375.58 | H39: 7007.76 | I39: 6872.65 | J39: 6838.61 | K39: 6877.49 | L39: 8248.02 | M39: 9791.15 | N39: 10739.55 | O39: 11527.19 | P39: 12029.65 | Q39: 11747.07 | R39: 11508.42 | S39: 11483.56 | T39: 11349.05 | U39: 11021.33 | V39: 11000.08 | W39: 12450.68 | X39: 12674.65 | Y39: 12156.69 | Z39: 11442.57 | AA39: 10435.15 | AB39: 9362.33 | AC39: =SUM(E39:AB39)*D39+SUM(E40:AB40)*D40+SUM(E41:AB41)*D41+SUM(E42:AB42)*D42 -> 7378162.4
B40: Feb | C40: Sábado | D40: 3 | E40: 8480.47 | F40: 7811.35 | G40: 7299.58 | H40: 6938.69 | I40: 6904.23 | J40: 7098.98 | K40: 7228.09 | L40: 8623.1 | M40: 10052.62 | N40: 10862.42 | O40: 11702.98 | P40: 12271.73 | Q40: 11828.56 | R40: 12226.55 | S40: 12824.8 | T40: 12837.48 | U40: 12508.68 | V40: 12214.4 | W40: 13478.86 | X40: 13403.8 | Y40: 12928.86 | Z40: 12107.14 | AA40: 10797.45 | AB40: 9453.79
B41: Feb | C41: Domingo | D41: 5 | E41: 8473.76 | F41: 7771.56 | G41: 7226.19 | H41: 6831.74 | I41: 6666.2 | J41: 6443.16 | K41: 6199.13 | L41: 7013.85 | M41: 7910.84 | N41: 8719.24 | O41: 9485.68 | P41: 10141.48 | Q41: 10382.8 | R41: 10308.97 | S41: 10240.16 | T41: 10288.73 | U41: 10149.26 | V41: 10132.12 | W41: 11887.1 | X41: 12838.5 | Y41: 12743.36 | Z41: 12075.74 | AA41: 10918.09 | AB41: 9649.96
B42: Feb | C42: Festivo | D42: 2 | E42: 8473.76 | F42: 7771.56 | G42: 7226.19 | H42: 6831.74 | I42: 6666.2 | J42: 6443.16 | K42: 6199.13 | L42: 7013.85 | M42: 7910.84 | N42: 8719.24 | O42: 9485.68 | P42: 10141.48 | Q42: 10382.8 | R42: 10308.97 | S42: 10240.16 | T42: 10288.73 | U42: 10149.26 | V42: 10132.12 | W42: 11887.1 | X42: 12838.5 | Y42: 12743.36 | Z42: 12075.74 | AA42: 10918.09 | AB42: 9649.96
B43: 46631 | C43: Ordinario | D43: 22 | E43: 9090.96 | F43: 8371.77 | G43: 7815.32 | H43: 7421.12 | I43: 7305.45 | J43: 7146.59 | K43: 7225.17 | L43: 8679.05 | M43: 10231.81 | N43: 11127.3 | O43: 11890.23 | P43: 12268.97 | Q43: 11941.5 | R43: 11696.99 | S43: 11677.03 | T43: 11648.36 | U43: 11399.39 | V43: 11591.47 | W43: 13315.81 | X43: 13141.02 | Y43: 12511.43 | Z43: 11728.96 | AA43: 10787.59 | AB43: 9749.8 | AC43: =SUM(E43:AB43)*D43+SUM(E44:AB44)*D44+SUM(E45:AB45)*D45+SUM(E46:AB46)*D46 -> 7560028.8
C44: Sábado | D44: 4 | E44: 8172.86 | F44: 7509.9 | G44: 7047.28 | H44: 6706.28 | I44: 6711.88 | J44: 6905.98 | K44: 7148.32 | L44: 8630.42 | M44: 10074 | N44: 10861.78 | O44: 11695.35 | P44: 12269.86 | Q44: 11775.32 | R44: 12152.59 | S44: 12789.01 | T44: 12821.09 | U44: 12452.28 | V44: 12500.43 | W44: 13555.79 | X44: 13240.62 | Y44: 12657.29 | Z44: 11798.37 | AA44: 10560.72 | AB44: 9274.84
C45: Domingo | D45: 4 | E45: 8574.43 | F45: 7914.02 | G45: 7425.14 | H45: 7055.87 | I45: 7075.18 | J45: 7455.74 | K45: 7695.53 | L45: 9267.9 | M45: 10824.77 | N45: 11648.95 | O45: 12587.13 | P45: 13218.74 | Q45: 12577.48 | R45: 13199.06 | S45: 14080.52 | T45: 14104.42 | U45: 13670.77 | V45: 13131.66 | W45: 14191.6 | X45: 14049.85 | Y45: 13558.42 | Z45: 12681.68 | AA45: 11232.61 | AB45: 9776.47
C46: Festivo | D46: 0 | E46: 0 | F46: 0 | G46: 0 | H46: 0 | I46: 0 | J46: 0 | K46: 0 | L46: 0 | M46: 0 | N46: 0 | O46: 0 | P46: 0 | Q46: 0 | R46: 0 | S46: 0 | T46: 0 | U46: 0 | V46: 0 | W46: 0 | X46: 0 | Y46: 0 | Z46: 0 | AA46: 0 | AB46: 0
B47: 46661 | C47: Ordinario | D47: 20 | E47: 11351.84 | F47: 10524.97 | G47: 9866.81 | H47: 9322.78 | I47: 9116.36 | J47: 9001.73 | K47: 9297.29 | L47: 11091.15 | M47: 12924.69 | N47: 13989.07 | O47: 14970.04 | P47: 15484.59 | Q47: 15120.53 | R47: 14882.17 | S47: 14964.04 | T47: 14924.64 | U47: 14668.42 | V47: 15179.76 | W47: 17019.49 | X47: 16651.56 | Y47: 15885.52 | Z47: 14911.99 | AA47: 13750.85 | AB47: 12509.28 | AC47: =SUM(E47:AB47)*D47+SUM(E48:AB48)*D48+SUM(E49:AB49)*D49+SUM(E50:AB50)*D50 -> 9628746.9
B48: Feb | C48: Sábado | D48: 5 | E48: 10198.44 | F48: 9447.74 | G48: 8892.31 | H48: 8559.41 | I48: 8605.97 | J48: 8871.07 | K48: 9122.45 | L48: 10775.07 | M48: 12424.85 | N48: 13391.61 | O48: 14278.67 | P48: 14940.33 | Q48: 14379.21 | R48: 14633.42 | S48: 15212.42 | T48: 15267.45 | U48: 15004.72 | V48: 15368.17 | W48: 16773.78 | X48: 16350.54 | Y48: 15520.87 | Z48: 14378.55 | AA48: 12889 | AB48: 11396.07
B49: Feb | C49: Domingo | D49: 5 | E49: 10360.93 | F49: 9710.6 | G49: 9193.34 | H49: 8875.03 | I49: 8764.51 | J49: 8547.58 | K49: 8225.31 | L49: 9264.98 | M49: 10127.49 | N49: 11329.59 | O49: 12267.77 | P49: 13009.79 | Q49: 13386.3 | R49: 13394.1 | S49: 13424.5 | T49: 13470.89 | U49: 13304.05 | V49: 14081.54 | W49: 16260.78 | X49: 16521.07 | Y49: 16182.96 | Z49: 15383.65 | AA49: 13864.41 | AB49: 12239.64
B50: Feb | C50: Festivo | D50: 1 | E50: 10360.93 | F50: 9710.6 | G50: 9193.34 | H50: 8875.03 | I50: 8764.51 | J50: 8547.58 | K50: 8225.31 | L50: 9264.98 | M50: 10127.49 | N50: 11329.59 | O50: 12267.77 | P50: 13009.79 | Q50: 13386.3 | R50: 13394.1 | S50: 13424.5 | T50: 13470.89 | U50: 13304.05 | V50: 14081.54 | W50: 16260.78 | X50: 16521.07 | Y50: 16182.96 | Z50: 15383.65 | AA50: 13864.41 | AB50: 12239.64
B51: 46692 | C51: Ordinario | D51: 20 | E51: 15381.33 | F51: 14384.27 | G51: 13664.11 | H51: 13192.61 | I51: 13196.82 | J51: 13348.19 | K51: 13475.14 | L51: 15791.99 | M51: 18264.78 | N51: 19839.13 | O51: 21027.83 | P51: 21651.33 | Q51: 21116.41 | R51: 20661.25 | S51: 20597.54 | T51: 20536.6 | U51: 20275.17 | V51: 21117.87 | W51: 23424.04 | X51: 22825.48 | Y51: 21696.6 | Z51: 20419.48 | AA51: 18838.05 | AB51: 17122.88 | AC51: =SUM(E51:AB51)*D51+SUM(E52:AB52)*D52+SUM(E53:AB53)*D53+SUM(E54:AB54)*D54 -> 13088728
C52: Sábado | D52: 4 | E52: 17211.7 | F52: 16087.4 | G52: 15256.63 | H52: 14685.19 | I52: 14564.17 | J52: 14700.1 | K52: 14594.36 | L52: 16826.72 | M52: 19147.87 | N52: 20492.95 | O52: 21680.05 | P52: 22605.85 | Q52: 22010.58 | R52: 22291.98 | S52: 23071.81 | T52: 23115.84 | U52: 22670.24 | V52: 22742.14 | W52: 25074.78 | X52: 24592.72 | Y52: 23638.2 | Z52: 22373.29 | AA52: 20677.24 | AB52: 18772.12
C53: Domingo | D53: 4 | E53: 15481.45 | F53: 14393.24 | G53: 13567.16 | H53: 12932.66 | I53: 12717.68 | J53: 12447.49 | K53: 11957.78 | L53: 13074.76 | M53: 14415.88 | N53: 15462.85 | O53: 16320.44 | P53: 17080.61 | Q53: 17317.82 | R53: 17430.94 | S53: 17108.59 | T53: 17131.19 | U53: 17184.89 | V53: 18581.55 | W53: 21313.11 | X53: 21410.65 | Y53: 20589.21 | Z53: 19054.19 | AA53: 17112.02 | AB53: 15282.92
C54: Festivo | D54: 2 | E54: 15481.45 | F54: 14393.24 | G54: 13567.16 | H54: 12932.66 | I54: 12717.68 | J54: 12447.49 | K54: 11957.78 | L54: 13074.76 | M54: 14415.88 | N54: 15462.85 | O54: 16320.44 | P54: 17080.61 | Q54: 17317.82 | R54: 17430.94 | S54: 17108.59 | T54: 17131.19 | U54: 17184.89 | V54: 18581.55 | W54: 21313.11 | X54: 21410.65 | Y54: 20589.21 | Z54: 19054.19 | AA54: 17112.02 | AB54: 15282.92
B55: 46722 | C55: Ordinario | D55: 22 | E55: 23010.4 | F55: 21532.18 | G55: 20414.82 | H55: 19638.17 | I55: 19467.51 | J55: 19591.8 | K55: 19306.75 | L55: 21914.14 | M55: 24759.82 | N55: 26560.28 | O55: 27885.44 | P55: 28680.62 | Q55: 27951.89 | R55: 27429.19 | S55: 27508.02 | T55: 27485.35 | U55: 27082.64 | V55: 27943.07 | W55: 31279.36 | X55: 30488.82 | Y55: 28962.68 | Z55: 27291.1 | AA55: 25669.67 | AB55: 23852.72 | AC55: =SUM(E55:AB55)*D55+SUM(E56:AB56)*D56+SUM(E57:AB57)*D57+SUM(E58:AB58)*D58 -> 18444368
B56: Feb | C56: Sábado | D56: 3 | E56: 22491.97 | F56: 21103.99 | G56: 20061.62 | H56: 19337.78 | I56: 19258.37 | J56: 19649.55 | K56: 19754.34 | L56: 22470.07 | M56: 25285.74 | N56: 26913.04 | O56: 28503.33 | P56: 29620.84 | Q56: 28749.36 | R56: 29419.3 | S56: 30553.15 | T56: 30632.56 | U56: 30019.82 | V56: 29389.62 | W56: 31775.78 | X56: 31996.98 | Y56: 31065.61 | Z56: 29502.19 | AA56: 27106.72 | AB56: 24544.92
B57: Feb | C57: Domingo | D57: 4 | E57: 22327.33 | F57: 21479.82 | G57: 20678.28 | H57: 19909.93 | I57: 19467.04 | J57: 18826.44 | K57: 17346.51 | L57: 18088.9 | M57: 19295.92 | N57: 20429.15 | O57: 21485.6 | P57: 22383.54 | Q57: 22874.34 | R57: 22896.04 | S57: 22769.81 | T57: 22923.34 | U57: 22910.31 | V57: 23812.47 | W57: 27825.71 | X57: 28129.25 | Y57: 27709.59 | Z57: 26715.05 | AA57: 25075.9 | AB57: 23174.14
B58: Feb | C58: Festivo | D58: 2 | E58: 22327.33 | F58: 21479.82 | G58: 20678.28 | H58: 19909.93 | I58: 19467.04 | J58: 18826.44 | K58: 17346.51 | L58: 18088.9 | M58: 19295.92 | N58: 20429.15 | O58: 21485.6 | P58: 22383.54 | Q58: 22874.34 | R58: 22896.04 | S58: 22769.81 | T58: 22923.34 | U58: 22910.31 | V58: 23812.47 | W58: 27825.71 | X58: 28129.25 | Y58: 27709.59 | Z58: 26715.05 | AA58: 25075.9 | AB58: 23174.14
Z59: TOTAL AÑO kWh | AC59: =SUM(AC11:AC58) -> 1.9415495e+08

Sheet Cantidades P4_(2028)
B4: 9.4 TABLAS CANTIDADES DE ENERGÍA REQUERIDA PRODUCTO 4 AÑO 2028 (kWh)
B5: ELETRIFICADORA DE SANTANDER S.A E.S.P.
B6: SOLICITUD PÚBLICA DE OFERTAS CP-ESSC2025-003
B7: PAGUELO CONTRATADO
B10: Mes | C10: Tipo Día | D10: Días | E10: H1 | F10: H2 | G10: H3 | H10: H4 | I10: H5 | J10: H6 | K10: H7 | L10: H8 | M10: H9 | N10: H10 | O10: H11 | P10: H12 | Q10: H13 | R10: H14 | S10: H15 | T10: H16 | U10: H17 | V10: H18 | W10: H19 | X10: H20 | Y10: H21 | Z10: H22 | AA10: H23 | AB10: H24 | AC10: TOTAL MES kWh | AE10: =+AC10 -> TOTAL MES kWh
B11: 46753 | C11: Ordinario | D11: 20 | E11: =ROUND('[6]2028'!E15,2) -> 17214.94 | F11: =ROUND('[6]2028'!F15,2) -> 16010.95 | G11: =ROUND('[6]2028'!G15,2) -> 15140.67 | H11: =ROUND('[6]2028'!H15,2) -> 14532.21 | I11: =ROUND('[6]2028'!I15,2) -> 14387.99 | J11: =ROUND('[6]2028'!J15,2) -> 14861.28 | K11: =ROUND('[6]2028'!K15,2) -> 14713.39 | L11: =ROUND('[6]2028'!L15,2) -> 17044.49 | ... AB11: =ROUND('[6]2028'!AB15,2) -> 19151.81 | AC11: =SUM(E11:AB11)*D11+SUM(E12:AB12)*D12+SUM(E13:AB13)*D13+SUM(E14:AB14)*D14 -> 14704773 | AE11: =+AC11 -> 14704773
C12: Sábado | D12: 4 | E12: =ROUND('[6]2028'!E16,2) -> 17382.35 | F12: =ROUND('[6]2028'!F16,2) -> 16193.93 | G12: =ROUND('[6]2028'!G16,2) -> 15313.47 | H12: =ROUND('[6]2028'!H16,2) -> 14618.81 | I12: =ROUND('[6]2028'!I16,2) -> 14436.67 | J12: =ROUND('[6]2028'!J16,2) -> 14521.92 | K12: =ROUND('[6]2028'!K16,2) -> 14017.45 | L12: =ROUND('[6]2028'!L16,2) -> 15827.59 | ... AB12: =ROUND('[6]2028'!AB16,2) -> 19062.41 | AE12: =+AC15 -> 10265950
C13: Domingo | D13: 5 | E13: =ROUND('[6]2028'!E17,2) -> 17631.77 | F13: =ROUND('[6]2028'!F17,2) -> 16485.74 | G13: =ROUND('[6]2028'!G17,2) -> 15556.33 | H13: =ROUND('[6]2028'!H17,2) -> 14813.51 | I13: =ROUND('[6]2028'!I17,2) -> 14435.91 | J13: =ROUND('[6]2028'!J17,2) -> 14249.69 | K13: =ROUND('[6]2028'!K17,2) -> 13257.03 | L13: =ROUND('[6]2028'!L17,2) -> 14072.96 | ... AB13: =ROUND('[6]2028'!AB17,2) -> 18686.4 | AE13: =+AC19 -> 13243873
C14: Festivo | D14: 2 | E14: =ROUND('[6]2028'!E18,2) -> 17631.77 | F14: =ROUND('[6]2028'!F18,2) -> 16485.74 | G14: =ROUND('[6]2028'!G18,2) -> 15556.33 | H14: =ROUND('[6]2028'!H18,2) -> 14813.51 | I14: =ROUND('[6]2028'!I18,2) -> 14435.91 | J14: =ROUND('[6]2028'!J18,2) -> 14249.69 | K14: =ROUND('[6]2028'!K18,2) -> 13257.03 | L14: =ROUND('[6]2028'!L18,2) -> 14072.96 | ... AB14: =ROUND('[6]2028'!AB18,2) -> 18686.4 | AD14: =+AC11 -> 14704773 | AE14: =+AC23 -> 7655859.6
B15: 46784 | C15: Ordinario | D15: 21 | E15: =ROUND('[6]2028'!E19,2) -> 12513.29 | F15: =ROUND('[6]2028'!F19,2) -> 11589.13 | G15: =ROUND('[6]2028'!G19,2) -> 10929.01 | H15: =ROUND('[6]2028'!H19,2) -> 10496.9 | I15: =ROUND('[6]2028'!I19,2) -> 10528.63 | J15: =ROUND('[6]2028'!J19,2) -> 11391.13 | K15: =ROUND('[6]2028'!K19,2) -> 11347.34 | L15: =ROUND('[6]2028'!L19,2) -> 13034.97 | ... AB15: =ROUND('[6]2028'!AB19,2) -> 13823.83 | AC15: =SUM(E15:AB15)*D15+SUM(E16:AB16)*D16+SUM(E17:AB17)*D17+SUM(E18:AB18)*D18 -> 10265950 | AD15: =+AC15 -> 10265950 | AE15: =+AC27 -> 8689418.5
B16: Feb | C16: Sábado | D16: 4 | E16: =ROUND('[6]2028'!E20,2) -> 12569.14 | F16: =ROUND('[6]2028'!F20,2) -> 11713.67 | G16: =ROUND('[6]2028'!G20,2) -> 10970.15 | H16: =ROUND('[6]2028'!H20,2) -> 10465.8 | I16: =ROUND('[6]2028'!I20,2) -> 10273.23 | J16: =ROUND('[6]2028'!J20,2) -> 10426.07 | K16: =ROUND('[6]2028'!K20,2) -> 10270.55 | L16: =ROUND('[6]2028'!L20,2) -> 11788.12 | ... AB16: =ROUND('[6]2028'!AB20,2) -> 13991.47 | AD16: =+AC19 -> 13243873 | AE16: =+AC31 -> 12471108
B17: Feb | C17: Domingo | D17: 4 | E17: =ROUND('[6]2028'!E21,2) -> 12842.25 | F17: =ROUND('[6]2028'!F21,2) -> 11928.71 | G17: =ROUND('[6]2028'!G21,2) -> 11222.01 | H17: =ROUND('[6]2028'!H21,2) -> 10703.6 | I17: =ROUND('[6]2028'!I21,2) -> 10375.26 | J17: =ROUND('[6]2028'!J21,2) -> 10306.29 | K17: =ROUND('[6]2028'!K21,2) -> 9631.76 | L17: =ROUND('[6]2028'!L21,2) -> 10285.51 | ... AB17: =ROUND('[6]2028'!AB21,2) -> 14039.17 | AD17: =+AC23 -> 7655859.6 | AE17: =+AC35 -> 2132513
B18: Feb | C18: Festivo | D18: 0 | E18: =ROUND('[6]2028'!E22,2) -> 0 | F18: =ROUND('[6]2028'!F22,2) -> 0 | G18: =ROUND('[6]2028'!G22,2) -> 0 | H18: =ROUND('[6]2028'!H22,2) -> 0 | I18: =ROUND('[6]2028'!I22,2) -> 0 | J18: =ROUND('[6]2028'!J22,2) -> 0 | K18: =ROUND('[6]2028'!K22,2) -> 0 | L18: =ROUND('[6]2028'!L22,2) -> 0 | ... AB18: =ROUND('[6]2028'!AB22,2) -> 0 | AD18: =+AC27 -> 8689418.5 | AE18: =+AC39 -> 3655478.8
B19: 46813 | C19: Ordinario | D19: 22 | E19: =ROUND('[6]2028'!E23,2) -> 15617.33 | F19: =ROUND('[6]2028'!F23,2) -> 14527.75 | G19: =ROUND('[6]2028'!G23,2) -> 13706.65 | H19: =ROUND('[6]2028'!H23,2) -> 13100.66 | I19: =ROUND('[6]2028'!I23,2) -> 13009.57 | J19: =ROUND('[6]2028'!J23,2) -> 13669.01 | K19: =ROUND('[6]2028'!K23,2) -> 13540.8 | L19: =ROUND('[6]2028'!L23,2) -> 15666.09 | ... AB19: =ROUND('[6]2028'!AB23,2) -> 17314.14 | AC19: =SUM(E19:AB19)*D19+SUM(E20:AB20)*D20+SUM(E21:AB21)*D21+SUM(E22:AB22)*D22 -> 13243873 | AD19: =+AC31 -> 12471108 | AE19: =+AC43 -> 4619057.7
C20: Sábado | D20: 4 | E20: =ROUND('[6]2028'!E24,2) -> 15677.22 | F20: =ROUND('[6]2028'!F24,2) -> 14553.05 | G20: =ROUND('[6]2028'!G24,2) -> 13761.19 | H20: =ROUND('[6]2028'!H24,2) -> 13134.53 | I20: =ROUND('[6]2028'!I24,2) -> 12760.45 | J20: =ROUND('[6]2028'!J24,2) -> 12703.26 | K20: =ROUND('[6]2028'!K24,2) -> 12443.95 | L20: =ROUND('[6]2028'!L24,2) -> 14112.74 | ... AB20: =ROUND('[6]2028'!AB24,2) -> 16812.6 | AD20: =+AC35 -> 2132513 | AE20: =+AC47 -> 3459170.5
C21: Domingo | D21: 4 | E21: =ROUND('[6]2028'!E25,2) -> 15511.61 | F21: =ROUND('[6]2028'!F25,2) -> 14461.55 | G21: =ROUND('[6]2028'!G25,2) -> 13524.26 | H21: =ROUND('[6]2028'!H25,2) -> 12866.67 | I21: =ROUND('[6]2028'!I25,2) -> 12561.74 | J21: =ROUND('[6]2028'!J25,2) -> 12363.09 | K21: =ROUND('[6]2028'!K25,2) -> 11514.85 | L21: =ROUND('[6]2028'!L25,2) -> 12309.06 | ... AB21: =ROUND('[6]2028'!AB25,2) -> 16267.13 | AD21: =+AC39 -> 3655478.8 | AE21: =+AC51 -> 1619459.3
C22: Festivo | D22: 1 | E22: =ROUND('[6]2028'!E26,2) -> 15511.61 | F22: =ROUND('[6]2028'!F26,2) -> 14461.55 | G22: =ROUND('[6]2028'!G26,2) -> 13524.26 | H22: =ROUND('[6]2028'!H26,2) -> 12866.67 | I22: =ROUND('[6]2028'!I26,2) -> 12561.74 | J22: =ROUND('[6]2028'!J26,2) -> 12363.09 | K22: =ROUND('[6]2028'!K26,2) -> 11514.85 | L22: =ROUND('[6]2028'!L26,2) -> 12309.06 | ... AB22: =ROUND('[6]2028'!AB26,2) -> 16267.13 | AD22: =+AC43 -> 4619057.7 | AE22: =+AC55 -> 9419639.1
B23: 46844 | C23: Ordinario | D23: 18 | E23: =ROUND('[6]2028'!E27,2) -> 9217.28 | F23: =ROUND('[6]2028'!F27,2) -> 8604.31 | G23: =ROUND('[6]2028'!G27,2) -> 8003.5 | H23: =ROUND('[6]2028'!H27,2) -> 7667.69 | I23: =ROUND('[6]2028'!I27,2) -> 7587.45 | J23: =ROUND('[6]2028'!J27,2) -> 7456.78 | K23: =ROUND('[6]2028'!K27,2) -> 7500.03 | L23: =ROUND('[6]2028'!L27,2) -> 8905.11 | ... AB23: =ROUND('[6]2028'!AB27,2) -> 10771.45 | AC23: =SUM(E23:AB23)*D23+SUM(E24:AB24)*D24+SUM(E25:AB25)*D25+SUM(E26:AB26)*D26 -> 7655859.6 | AD23: =+AC47 -> 3459170.5 | AE23: =SUM(AE11:AE22) -> 91936300
B24: Feb | C24: Sábado | D24: 5 | E24: =ROUND('[6]2028'!E28,2) -> 8726.58 | F24: =ROUND('[6]2028'!F28,2) -> 8050.07 | G24: =ROUND('[6]2028'!G28,2) -> 7536.18 | H24: =ROUND('[6]2028'!H28,2) -> 7157.25 | I24: =ROUND('[6]2028'!I28,2) -> 7168.61 | J24: =ROUND('[6]2028'!J28,2) -> 7318.68 | K24: =ROUND('[6]2028'!K28,2) -> 7595.46 | L24: =ROUND('[6]2028'!L28,2) -> 8966.01 | ... AB24: =ROUND('[6]2028'!AB28,2) -> 9689.24 | AD24: =+AC51 -> 1619459.3
B25: Feb | C25: Domingo | D25: 5 | E25: =ROUND('[6]2028'!E29,2) -> 9793.16 | F25: =ROUND('[6]2028'!F29,2) -> 9044.08 | G25: =ROUND('[6]2028'!G29,2) -> 8423.55 | H25: =ROUND('[6]2028'!H29,2) -> 8000.25 | I25: =ROUND('[6]2028'!I29,2) -> 7752.24 | J25: =ROUND('[6]2028'!J29,2) -> 7374.06 | K25: =ROUND('[6]2028'!K29,2) -> 6995.16 | L25: =ROUND('[6]2028'!L29,2) -> 7667.11 | ... AB25: =ROUND('[6]2028'!AB29,2) -> 9991.59 | AD25: =+AC55 -> 9419639.1
B26: Feb | C26: Festivo | D26: 2 | E26: =ROUND('[6]2028'!E30,2) -> 9793.16 | F26: =ROUND('[6]2028'!F30,2) -> 9044.08 | G26: =ROUND('[6]2028'!G30,2) -> 8423.55 | H26: =ROUND('[6]2028'!H30,2) -> 8000.25 | I26: =ROUND('[6]2028'!I30,2) -> 7752.24 | J26: =ROUND('[6]2028'!J30,2) -> 7374.06 | K26: =ROUND('[6]2028'!K30,2) -> 6995.16 | L26: =ROUND('[6]2028'!L30,2) -> 7667.11 | ... AB26: =ROUND('[6]2028'!AB30,2) -> 9991.59
B27: 46874 | C27: Ordinario | D27: 21 | E27: =ROUND('[6]2028'!E31,2) -> 10762.37 | F27: =ROUND('[6]2028'!F31,2) -> 9942.19 | G27: =ROUND('[6]2028'!G31,2) -> 9280.35 | H27: =ROUND('[6]2028'!H31,2) -> 8714.33 | I27: =ROUND('[6]2028'!I31,2) -> 8561.76 | J27: =ROUND('[6]2028'!J31,2) -> 8346.96 | K27: =ROUND('[6]2028'!K31,2) -> 8544.22 | L27: =ROUND('[6]2028'!L31,2) -> 10001.04 | ... AB27: =ROUND('[6]2028'!AB31,2) -> 11231.69 | AC27: =SUM(E27:AB27)*D27+SUM(E28:AB28)*D28+SUM(E29:AB29)*D29+SUM(E30:AB30)*D30 -> 8689418.5
C28: Sábado | D28: 4 | E28: =ROUND('[6]2028'!E32,2) -> 9531.24 | F28: =ROUND('[6]2028'!F32,2) -> 8812.42 | G28: =ROUND('[6]2028'!G32,2) -> 8286.31 | H28: =ROUND('[6]2028'!H32,2) -> 7923.93 | I28: =ROUND('[6]2028'!I32,2) -> 7877.43 | J28: =ROUND('[6]2028'!J32,2) -> 7861.25 | K28: =ROUND('[6]2028'!K32,2) -> 8057.14 | L28: =ROUND('[6]2028'!L32,2) -> 9587.33 | ... AB28: =ROUND('[6]2028'!AB32,2) -> 10574.52
C29: Domingo | D29: 4 | E29: =ROUND('[6]2028'!E33,2) -> 9520.54 | F29: =ROUND('[6]2028'!F33,2) -> 8951.92 | G29: =ROUND('[6]2028'!G33,2) -> 8368.76 | H29: =ROUND('[6]2028'!H33,2) -> 8058.7 | I29: =ROUND('[6]2028'!I33,2) -> 7959.24 | J29: =ROUND('[6]2028'!J33,2) -> 7637.62 | K29: =ROUND('[6]2028'!K33,2) -> 7585.07 | L29: =ROUND('[6]2028'!L33,2) -> 8560.26 | ... AB29: =ROUND('[6]2028'!AB33,2) -> 11795.66
C30: Festivo | D30: 2 | E30: =ROUND('[6]2028'!E34,2) -> 9520.54 | F30: =ROUND('[6]2028'!F34,2) -> 8951.92 | G30: =ROUND('[6]2028'!G34,2) -> 8368.76 | H30: =ROUND('[6]2028'!H34,2) -> 8058.7 | I30: =ROUND('[6]2028'!I34,2) -> 7959.24 | J30: =ROUND('[6]2028'!J34,2) -> 7637.62 | K30: =ROUND('[6]2028'!K34,2) -> 7585.07 | L30: =ROUND('[6]2028'!L34,2) -> 8560.26 | ... AB30: =ROUND('[6]2028'!AB34,2) -> 11795.66
B31: 46905 | C31: Ordinario | D31: 20 | E31: =ROUND('[6]2028'!E35,2) -> 14792.43 | F31: =ROUND('[6]2028'!F35,2) -> 13809.83 | G31: =ROUND('[6]2028'!G35,2) -> 13083.85 | H31: =ROUND('[6]2028'!H35,2) -> 12599.39 | I31: =ROUND('[6]2028'!I35,2) -> 12469.99 | J31: =ROUND('[6]2028'!J35,2) -> 12284.38 | K31: =ROUND('[6]2028'!K35,2) -> 12572.78 | L31: =ROUND('[6]2028'!L35,2) -> 14689.5 | ... AB31: =ROUND('[6]2028'!AB35,2) -> 16974.26 | AC31: =SUM(E31:AB31)*D31+SUM(E32:AB32)*D32+SUM(E33:AB33)*D33+SUM(E34:AB34)*D34 -> 12471108
B32: Feb | C32: Sábado | D32: 4 | E32: =ROUND('[6]2028'!E36,2) -> 15382.44 | F32: =ROUND('[6]2028'!F36,2) -> 14379.39 | G32: =ROUND('[6]2028'!G36,2) -> 13617.2 | H32: =ROUND('[6]2028'!H36,2) -> 13088.35 | I32: =ROUND('[6]2028'!I36,2) -> 13026.11 | J32: =ROUND('[6]2028'!J36,2) -> 13228.42 | K32: =ROUND('[6]2028'!K36,2) -> 13352.13 | L32: =ROUND('[6]2028'!L36,2) -> 15416.71 | ... AB32: =ROUND('[6]2028'!AB36,2) -> 17015.66
B33: Feb | C33: Domingo | D33: 4 | E33: =ROUND('[6]2028'!E37,2) -> 14401.23 | F33: =ROUND('[6]2028'!F37,2) -> 13617.07 | G33: =ROUND('[6]2028'!G37,2) -> 12976.32 | H33: =ROUND('[6]2028'!H37,2) -> 12561.17 | I33: =ROUND('[6]2028'!I37,2) -> 12395.58 | J33: =ROUND('[6]2028'!J37,2) -> 11908.46 | K33: =ROUND('[6]2028'!K37,2) -> 11685.98 | L33: =ROUND('[6]2028'!L37,2) -> 13045.29 | ... AB33: =ROUND('[6]2028'!AB37,2) -> 16562.23
B34: Feb | C34: Festivo | D34: 2 | E34: =ROUND('[6]2028'!E38,2) -> 14401.23 | F34: =ROUND('[6]2028'!F38,2) -> 13617.07 | G34: =ROUND('[6]2028'!G38,2) -> 12976.32 | H34: =ROUND('[6]2028'!H38,2) -> 12561.17 | I34: =ROUND('[6]2028'!I38,2) -> 12395.58 | J34: =ROUND('[6]2028'!J38,2) -> 11908.46 | K34: =ROUND('[6]2028'!K38,2) -> 11685.98 | L34: =ROUND('[6]2028'!L38,2) -> 13045.29 | ... AB34: =ROUND('[6]2028'!AB38,2) -> 16562.23
B35: 46935 | C35: Ordinario | D35: 19 | E35: =ROUND('[6]2028'!E39,2) -> 1874.35 | F35: =ROUND('[6]2028'!F39,2) -> 1543.52 | G35: =ROUND('[6]2028'!G39,2) -> 1325.43 | H35: =ROUND('[6]2028'!H39,2) -> 1163.98 | I35: =ROUND('[6]2028'!I39,2) -> 1138.94 | J35: =ROUND('[6]2028'!J39,2) -> 1110.33 | K35: =ROUND('[6]2028'!K39,2) -> 1166.58 | L35: =ROUND('[6]2028'!L39,2) -> 1885.93 | ... AB35: =ROUND('[6]2028'!AB39,2) -> 2671.29 | AC35: =SUM(E35:AB35)*D35+SUM(E36:AB36)*D36+SUM(E37:AB37)*D37+SUM(E38:AB38)*D38 -> 2132513
C36: Sábado | D36: 5 | E36: =ROUND('[6]2028'!E40,2) -> 2311.86 | F36: =ROUND('[6]2028'!F40,2) -> 1928.91 | G36: =ROUND('[6]2028'!G40,2) -> 1648.23 | H36: =ROUND('[6]2028'!H40,2) -> 1450.19 | I36: =ROUND('[6]2028'!I40,2) -> 1436.54 | J36: =ROUND('[6]2028'!J40,2) -> 1554.44 | K36: =ROUND('[6]2028'!K40,2) -> 1592.88 | L36: =ROUND('[6]2028'!L40,2) -> 2311.76 | ... AB36: =ROUND('[6]2028'!AB40,2) -> 2878.36
C37: Domingo | D37: 5 | E37: =ROUND('[6]2028'!E41,2) -> 1896.66 | F37: =ROUND('[6]2028'!F41,2) -> 1619.63 | G37: =ROUND('[6]2028'!G41,2) -> 1385.13 | H37: =ROUND('[6]2028'!H41,2) -> 1170.46 | I37: =ROUND('[6]2028'!I41,2) -> 1098.39 | J37: =ROUND('[6]2028'!J41,2) -> 1003.35 | K37: =ROUND('[6]2028'!K41,2) -> 888.94 | L37: =ROUND('[6]2028'!L41,2) -> 1328.05 | ... AB37: =ROUND('[6]2028'!AB41,2) -> 2801.74
C38: Festivo | D38: 2 | E38: =ROUND('[6]2028'!E42,2) -> 1896.66 | F38: =ROUND('[6]2028'!F42,2) -> 1619.63 | G38: =ROUND('[6]2028'!G42,2) -> 1385.13 | H38: =ROUND('[6]2028'!H42,2) -> 1170.46 | I38: =ROUND('[6]2028'!I42,2) -> 1098.39 | J38: =ROUND('[6]2028'!J42,2) -> 1003.35 | K38: =ROUND('[6]2028'!K42,2) -> 888.94 | L38: =ROUND('[6]2028'!L42,2) -> 1328.05 | ... AB38: =ROUND('[6]2028'!AB42,2) -> 2801.74
B39: 46966 | C39: Ordinario | D39: 21 | E39: =ROUND('[6]2028'!E43,2) -> 4056.28 | F39: =ROUND('[6]2028'!F43,2) -> 3568.27 | G39: =ROUND('[6]2028'!G43,2) -> 3204.16 | H39: =ROUND('[6]2028'!H43,2) -> 2960.32 | I39: =ROUND('[6]2028'!I43,2) -> 2870.75 | J39: =ROUND('[6]2028'!J43,2) -> 2848.19 | K39: =ROUND('[6]2028'!K43,2) -> 2873.97 | L39: =ROUND('[6]2028'!L43,2) -> 3782.53 | ... AB39: =ROUND('[6]2028'!AB43,2) -> 4521.24 | AC39: =SUM(E39:AB39)*D39+SUM(E40:AB40)*D40+SUM(E41:AB41)*D41+SUM(E42:AB42)*D42 -> 3655478.8
B40: Feb | C40: Sábado | D40: 4 | E40: =ROUND('[6]2028'!E44,2) -> 3936.63 | F40: =ROUND('[6]2028'!F44,2) -> 3493.05 | G40: =ROUND('[6]2028'!G44,2) -> 3153.78 | H40: =ROUND('[6]2028'!H44,2) -> 2914.53 | I40: =ROUND('[6]2028'!I44,2) -> 2891.69 | J40: =ROUND('[6]2028'!J44,2) -> 3020.8 | K40: =ROUND('[6]2028'!K44,2) -> 3106.39 | L40: =ROUND('[6]2028'!L44,2) -> 4031.18 | ... AB40: =ROUND('[6]2028'!AB44,2) -> 4581.88
B41: Feb | C41: Domingo | D41: 4 | E41: =ROUND('[6]2028'!E45,2) -> 3932.18 | F41: =ROUND('[6]2028'!F45,2) -> 3466.67 | G41: =ROUND('[6]2028'!G45,2) -> 3105.13 | H41: =ROUND('[6]2028'!H45,2) -> 2843.63 | I41: =ROUND('[6]2028'!I45,2) -> 2733.89 | J41: =ROUND('[6]2028'!J45,2) -> 2586.03 | K41: =ROUND('[6]2028'!K45,2) -> 2424.26 | L41: =ROUND('[6]2028'!L45,2) -> 2964.36 | ... AB41: =ROUND('[6]2028'!AB45,2) -> 4711.92
B42: Feb | C42: Festivo | D42: 2 | E42: =ROUND('[6]2028'!E46,2) -> 3932.18 | F42: =ROUND('[6]2028'!F46,2) -> 3466.67 | G42: =ROUND('[6]2028'!G46,2) -> 3105.13 | H42: =ROUND('[6]2028'!H46,2) -> 2843.63 | I42: =ROUND('[6]2028'!I46,2) -> 2733.89 | J42: =ROUND('[6]2028'!J46,2) -> 2586.03 | K42: =ROUND('[6]2028'!K46,2) -> 2424.26 | L42: =ROUND('[6]2028'!L46,2) -> 2964.36 | ... AB42: =ROUND('[6]2028'!AB46,2) -> 4711.92
B43: 46997 | C43: Ordinario | D43: 21 | E43: =ROUND('[6]2028'!E47,2) -> 5378.03 | F43: =ROUND('[6]2028'!F47,2) -> 4848.34 | G43: =ROUND('[6]2028'!G47,2) -> 4438.52 | H43: =ROUND('[6]2028'!H47,2) -> 4148.19 | I43: =ROUND('[6]2028'!I47,2) -> 4063 | J43: =ROUND('[6]2028'!J47,2) -> 3945.99 | K43: =ROUND('[6]2028'!K47,2) -> 4003.87 | L43: =ROUND('[6]2028'!L47,2) -> 5074.65 | ... AB43: =ROUND('[6]2028'!AB47,2) -> 5863.26 | AC43: =SUM(E43:AB43)*D43+SUM(E44:AB44)*D44+SUM(E45:AB45)*D45+SUM(E46:AB46)*D46 -> 4619057.7
C44: Sábado | D44: 5 | E44: =ROUND('[6]2028'!E48,2) -> 4701.85 | F44: =ROUND('[6]2028'!F48,2) -> 4213.57 | G44: =ROUND('[6]2028'!G48,2) -> 3872.86 | H44: =ROUND('[6]2028'!H48,2) -> 3621.71 | I44: =ROUND('[6]2028'!I48,2) -> 3625.83 | J44: =ROUND('[6]2028'!J48,2) -> 3768.78 | K44: =ROUND('[6]2028'!K48,2) -> 3947.27 | L44: =ROUND('[6]2028'!L48,2) -> 5038.84 | ... AB44: =ROUND('[6]2028'!AB48,2) -> 5513.46
C45: Domingo | D45: 4 | E45: =ROUND('[6]2028'!E49,2) -> 4997.6 | F45: =ROUND('[6]2028'!F49,2) -> 4511.21 | G45: =ROUND('[6]2028'!G49,2) -> 4151.15 | H45: =ROUND('[6]2028'!H49,2) -> 3879.18 | I45: =ROUND('[6]2028'!I49,2) -> 3893.4 | J45: =ROUND('[6]2028'!J49,2) -> 4173.69 | K45: =ROUND('[6]2028'!K49,2) -> 4350.29 | L45: =ROUND('[6]2028'!L49,2) -> 5508.35 | ... AB45: =ROUND('[6]2028'!AB49,2) -> 5882.91
C46: Festivo | D46: 0 | E46: =ROUND('[6]2028'!E50,2) -> 0 | F46: =ROUND('[6]2028'!F50,2) -> 0 | G46: =ROUND('[6]2028'!G50,2) -> 0 | H46: =ROUND('[6]2028'!H50,2) -> 0 | I46: =ROUND('[6]2028'!I50,2) -> 0 | J46: =ROUND('[6]2028'!J50,2) -> 0 | K46: =ROUND('[6]2028'!K50,2) -> 0 | L46: =ROUND('[6]2028'!L50,2) -> 0 | ... AB46: =ROUND('[6]2028'!AB50,2) -> 0
B47: 47027 | C47: Ordinario | D47: 21 | E47: =ROUND('[6]2028'!E51,2) -> 3787.22 | F47: =ROUND('[6]2028'!F51,2) -> 3342.87 | G47: =ROUND('[6]2028'!G51,2) -> 2989.19 | H47: =ROUND('[6]2028'!H51,2) -> 2696.84 | I47: =ROUND('[6]2028'!I51,2) -> 2585.91 | J47: =ROUND('[6]2028'!J51,2) -> 2524.31 | K47: =ROUND('[6]2028'!K51,2) -> 2683.14 | L47: =ROUND('[6]2028'!L51,2) -> 3647.13 | ... AB47: =ROUND('[6]2028'!AB51,2) -> 4409.21 | AC47: =SUM(E47:AB47)*D47+SUM(E48:AB48)*D48+SUM(E49:AB49)*D49+SUM(E50:AB50)*D50 -> 3459170.5
B48: Feb | C48: Sábado | D48: 4 | E48: =ROUND('[6]2028'!E52,2) -> 3167.4 | F48: =ROUND('[6]2028'!F52,2) -> 2763.99 | G48: =ROUND('[6]2028'!G52,2) -> 2465.51 | H48: =ROUND('[6]2028'!H52,2) -> 2286.61 | I48: =ROUND('[6]2028'!I52,2) -> 2311.63 | J48: =ROUND('[6]2028'!J52,2) -> 2454.09 | K48: =ROUND('[6]2028'!K52,2) -> 2589.18 | L48: =ROUND('[6]2028'!L52,2) -> 3477.27 | ... AB48: =ROUND('[6]2028'!AB52,2) -> 3810.99
B49: Feb | C49: Domingo | D49: 5 | E49: =ROUND('[6]2028'!E53,2) -> 3254.72 | F49: =ROUND('[6]2028'!F53,2) -> 2905.24 | G49: =ROUND('[6]2028'!G53,2) -> 2627.28 | H49: =ROUND('[6]2028'!H53,2) -> 2456.22 | I49: =ROUND('[6]2028'!I53,2) -> 2396.83 | J49: =ROUND('[6]2028'!J53,2) -> 2280.26 | K49: =ROUND('[6]2028'!K53,2) -> 2107.07 | L49: =ROUND('[6]2028'!L53,2) -> 2665.77 | ... AB49: =ROUND('[6]2028'!AB53,2) -> 4264.31
B50: Feb | C50: Festivo | D50: 1 | E50: =ROUND('[6]2028'!E54,2) -> 3254.72 | F50: =ROUND('[6]2028'!F54,2) -> 2905.24 | G50: =ROUND('[6]2028'!G54,2) -> 2627.28 | H50: =ROUND('[6]2028'!H54,2) -> 2456.22 | I50: =ROUND('[6]2028'!I54,2) -> 2396.83 | J50: =ROUND('[6]2028'!J54,2) -> 2280.26 | K50: =ROUND('[6]2028'!K54,2) -> 2107.07 | L50: =ROUND('[6]2028'!L54,2) -> 2665.77 | ... AB50: =ROUND('[6]2028'!AB54,2) -> 4264.31
B51: 47058 | C51: Ordinario | D51: 20 | E51: =ROUND('[6]2028'!E55,2) -> 1374.33 | F51: =ROUND('[6]2028'!F55,2) -> 1062.5 | G51: =ROUND('[6]2028'!G55,2) -> 837.27 | H51: =ROUND('[6]2028'!H55,2) -> 689.8 | I51: =ROUND('[6]2028'!I55,2) -> 691.12 | J51: =ROUND('[6]2028'!J55,2) -> 738.46 | K51: =ROUND('[6]2028'!K55,2) -> 778.17 | L51: =ROUND('[6]2028'!L55,2) -> 1502.77 | ... AB51: =ROUND('[6]2028'!AB55,2) -> 1919.01 | AC51: =SUM(E51:AB51)*D51+SUM(E52:AB52)*D52+SUM(E53:AB53)*D53+SUM(E54:AB54)*D54 -> 1619459.3
C52: Sábado | D52: 4 | E52: =ROUND('[6]2028'!E56,2) -> 1946.79 | F52: =ROUND('[6]2028'!F56,2) -> 1595.16 | G52: =ROUND('[6]2028'!G56,2) -> 1335.33 | H52: =ROUND('[6]2028'!H56,2) -> 1156.61 | I52: =ROUND('[6]2028'!I56,2) -> 1118.76 | J52: =ROUND('[6]2028'!J56,2) -> 1161.28 | K52: =ROUND('[6]2028'!K56,2) -> 1128.21 | L52: =ROUND('[6]2028'!L56,2) -> 1826.38 | ... AB52: =ROUND('[6]2028'!AB56,2) -> 2434.82
C53: Domingo | D53: 4 | E53: =ROUND('[6]2028'!E57,2) -> 1405.65 | F53: =ROUND('[6]2028'!F57,2) -> 1065.3 | G53: =ROUND('[6]2028'!G57,2) -> 806.95 | H53: =ROUND('[6]2028'!H57,2) -> 608.5 | I53: =ROUND('[6]2028'!I57,2) -> 541.27 | J53: =ROUND('[6]2028'!J57,2) -> 456.76 | K53: =ROUND('[6]2028'!K57,2) -> 303.61 | L53: =ROUND('[6]2028'!L57,2) -> 652.95 | ... AB53: =ROUND('[6]2028'!AB57,2) -> 1343.56
C54: Festivo | D54: 2 | E54: =ROUND('[6]2028'!E58,2) -> 1405.65 | F54: =ROUND('[6]2028'!F58,2) -> 1065.3 | G54: =ROUND('[6]2028'!G58,2) -> 806.95 | H54: =ROUND('[6]2028'!H58,2) -> 608.5 | I54: =ROUND('[6]2028'!I58,2) -> 541.27 | J54: =ROUND('[6]2028'!J58,2) -> 456.76 | K54: =ROUND('[6]2028'!K58,2) -> 303.61 | L54: =ROUND('[6]2028'!L58,2) -> 652.95 | ... AB54: =ROUND('[6]2028'!AB58,2) -> 1343.56
B55: 47088 | C55: Ordinario | D55: 19 | E55: =ROUND('[6]2028'!E59,2) -> 11620.45 | F55: =ROUND('[6]2028'!F59,2) -> 10743.32 | G55: =ROUND('[6]2028'!G59,2) -> 10080.32 | H55: =ROUND('[6]2028'!H59,2) -> 9619.48 | I55: =ROUND('[6]2028'!I59,2) -> 9518.22 | J55: =ROUND('[6]2028'!J59,2) -> 9591.97 | K55: =ROUND('[6]2028'!K59,2) -> 9422.83 | L55: =ROUND('[6]2028'!L59,2) -> 10969.97 | ... AB55: =ROUND('[6]2028'!AB59,2) -> 12120.25 | AC55: =SUM(E55:AB55)*D55+SUM(E56:AB56)*D56+SUM(E57:AB57)*D57+SUM(E58:AB58)*D58 -> 9419639.1
B56: Feb | C56: Sábado | D56: 5 | E56: =ROUND('[6]2028'!E60,2) -> 11312.83 | F56: =ROUND('[6]2028'!F60,2) -> 10489.25 | G56: =ROUND('[6]2028'!G60,2) -> 9870.74 | H56: =ROUND('[6]2028'!H60,2) -> 9441.24 | I56: =ROUND('[6]2028'!I60,2) -> 9394.12 | J56: =ROUND('[6]2028'!J60,2) -> 9626.23 | K56: =ROUND('[6]2028'!K60,2) -> 9688.41 | L56: =ROUND('[6]2028'!L60,2) -> 11299.84 | ... AB56: =ROUND('[6]2028'!AB60,2) -> 12530.98
B57: Feb | C57: Domingo | D57: 5 | E57: =ROUND('[6]2028'!E61,2) -> 11215.14 | F57: =ROUND('[6]2028'!F61,2) -> 10712.26 | G57: =ROUND('[6]2028'!G61,2) -> 10236.65 | H57: =ROUND('[6]2028'!H61,2) -> 9780.73 | I57: =ROUND('[6]2028'!I61,2) -> 9517.94 | J57: =ROUND('[6]2028'!J61,2) -> 9137.83 | K57: =ROUND('[6]2028'!K61,2) -> 8259.68 | L57: =ROUND('[6]2028'!L61,2) -> 8700.2 | ... AB57: =ROUND('[6]2028'!AB61,2) -> 11717.61
B58: Feb | C58: Festivo | D58: 2 | E58: =ROUND('[6]2028'!E62,2) -> 11215.14 | F58: =ROUND('[6]2028'!F62,2) -> 10712.26 | G58: =ROUND('[6]2028'!G62,2) -> 10236.65 | H58: =ROUND('[6]2028'!H62,2) -> 9780.73 | I58: =ROUND('[6]2028'!I62,2) -> 9517.94 | J58: =ROUND('[6]2028'!J62,2) -> 9137.83 | K58: =ROUND('[6]2028'!K62,2) -> 8259.68 | L58: =ROUND('[6]2028'!L62,2) -> 8700.2 | ... AB58: =ROUND('[6]2028'!AB62,2) -> 11717.61
Z59: TOTAL AÑO kWh | AC59: =SUM(AC11:AC58) -> 91936300

Sheet Cantidades 5_(26-28)
B4: 9.5 TABLAS CANTIDADES DE ENERGÍA REQUERIDA PRODUCTO5 AÑO 2026 -2028 (kWh)
B5: ELETRIFICADORA DE SANTANDER S.A E.S.P.
B6: SOLICITUD PÚBLICA DE OFERTAS CP-ESSC2025-003
B7: PAGUELO CONTRATADO
B10: Mes | C10: Tipo Día | D10: Días | E10: H1 | F10: H2 | G10: H3 | H10: H4 | I10: H5 | J10: H6 | K10: H7 | L10: H8 | M10: H9 | N10: H10 | O10: H11 | P10: H12 | Q10: H13 | R10: H14 | S10: H15 | T10: H16 | U10: H17 | V10: H18 | W10: H19 | X10: H20 | Y10: H21 | Z10: H22 | AA10: H23 | AB10: H24 | AC10: TOTAL MES kWh | AE10: =+AC10 -> TOTAL MES kWh
B11: 46023 | C11: Ordinario | D11: 20 | AC11: =SUM(E11:AB11)*D11+SUM(E12:AB12)*D12+SUM(E13:AB13)*D13+SUM(E14:AB14)*D14 -> 0 | AE11: =+AC11 -> 0
C12: Sábado | D12: 5 | AE12: =+AC15 -> 12471487
C13: Domingo | D13: 4 | AE13: =+AC19 -> 13432833
C14: Festivo | D14: 2 | AE14: =+AC23 -> 11611265
B15: 46054 | C15: Ordinario | D15: 20 | V15: 60612.69 | W15: 58240.7 | X15: 62992.8 | Y15: 65934.32 | Z15: 66035.71 | AA15: 64706.02 | AB15: 63842.6 | AC15: =SUM(E15:AB15)*D15+SUM(E16:AB16)*D16+SUM(E17:AB17)*D17+SUM(E18:AB18)*D18 -> 12471487 | AD15: =+AC15 -> 12471487 | AE15: =+AC27 -> 6257333
B16: Feb | C16: Sábado | D16: 4 | V16: 61015.15 | W16: 60125.07 | X16: 62613.11 | Y16: 62880.98 | Z16: 63309.02 | AA16: 63244.37 | AB16: 62924.12 | AD16: =+AC19 -> 13432833 | AE16: =+AC31 -> 7351802.1
B17: Feb | C17: Domingo | D17: 4 | V17: 62207.89 | W17: 61187.7 | X17: 65868.65 | Y17: 69532.52 | Z17: 72057.02 | AA17: 71327.24 | AB17: 67754.72 | AD17: =+AC23 -> 11611265 | AE17: =+AC35 -> 8667289.6
B18: Feb | C18: Festivo | D18: 0 | V18: 0 | W18: 0 | X18: 0 | Y18: 0 | Z18: 0 | AA18: 0 | AB18: 0 | AD18: =+AC27 -> 6257333 | AE18: =+AC39 -> 8541286.1
B19: 46082 | C19: Ordinario | D19: 21 | V19: 61665.29 | W19: 59997.58 | X19: 59923.36 | Y19: 62940.51 | Z19: 64925.1 | AA19: 66389.47 | AB19: 66766.4 | AC19: =SUM(E19:AB19)*D19+SUM(E20:AB20)*D20+SUM(E21:AB21)*D21+SUM(E22:AB22)*D22 -> 13432833 | AD19: =+AC31 -> 7351802.1 | AE19: =+AC43 -> 10140571
C20: Sábado | D20: 4 | V20: 53859.01 | W20: 55201.7 | X20: 53225.44 | Y20: 55265.39 | Z20: 57292.56 | AA20: 59243.62 | AB20: 60289.09 | AD20: =+AC35 -> 8667289.6 | AE20: =+AC47 -> 10912077
C21: Domingo | D21: 5 | V21: 58024.46 | W21: 57668.13 | X21: 56823.09 | Y21: 60119.55 | Z21: 64015.67 | AA21: 66411.5 | AB21: 65544 | AD21: =+AC39 -> 8541286.1 | AE21: =+AC51 -> 9086699.7
C22: Festivo | D22: 1 | V22: 56822.68 | W22: 56090.14 | X22: 55122.81 | Y22: 58328.49 | Z22: 62413.01 | AA22: 64815.74 | AB22: 63939.37 | AD22: =+AC43 -> 10140571 | AE22: =+AC55 -> 12035402
B23: 46113 | C23: Ordinario | D23: 20 | V23: 44743.4 | W23: 51438.09 | X23: 51140.15 | Y23: 52868.17 | Z23: 55730.95 | AA23: 60405.55 | AB23: 63137.81 | AC23: =SUM(E23:AB23)*D23+SUM(E24:AB24)*D24+SUM(E25:AB25)*D25+SUM(E26:AB26)*D26 -> 11611265 | AD23: =+AC47 -> 10912077 | AE23: =SUM(AE11:AE22) -> 1.1050805e+08
B24: Feb | C24: Sábado | D24: 4 | V24: 62407.44 | W24: 57641.35 | X24: 55599.27 | Y24: 56652.06 | Z24: 56345.25 | AA24: 53243.95 | AB24: 48803.88 | AD24: =+AC51 -> 9086699.7
B25: Feb | C25: Domingo | D25: 4 | V25: 57601.74 | W25: 58678.04 | X25: 57368.44 | Y25: 58796.39 | Z25: 60130.83 | AA25: 60466.31 | AB25: 57862.54 | AD25: =+AC55 -> 12035402
B26: Feb | C26: Festivo | D26: 2 | V26: 58074.03 | W26: 59143.8 | X26: 57506.38 | Y26: 58782.51 | Z26: 59419.12 | AA26: 58869.76 | AB26: 56000.72
B27: 46143 | C27: Ordinario | D27: 19 | V27: 9060.36 | W27: 19064.03 | X27: 19065.98 | Y27: 19900.21 | Z27: 27873.91 | AA27: 32600.76 | AB27: 36322.06 | AC27: =SUM(E27:AB27)*D27+SUM(E28:AB28)*D28+SUM(E29:AB29)*D29+SUM(E30:AB30)*D30 -> 6257333
C28: Sábado | D28: 5 | V28: 36325.24 | W28: 31681.53 | X28: 31249.33 | Y28: 32212.4 | Z28: 32735.61 | AA28: 31067.3 | AB28: 29473.77
C29: Domingo | D29: 5 | V29: 39695.7 | W29: 40762.99 | X29: 40726.33 | Y29: 42258.33 | Z29: 43261.9 | AA29: 43257.42 | AB29: 41441.16
C30: Festivo | D30: 2 | V30: 37295.92 | W30: 38605.21 | X30: 38912.36 | Y30: 40833.22 | Z30: 42126.23 | AA30: 42491.95 | AB30: 41099.64
B31: 46174 | C31: Ordinario | D31: 19 | V31: 18983.91 | W31: 28018.39 | X31: 27342.16 | Y31: 27812.59 | Z31: 30764.72 | AA31: 35686.32 | AB31: 39382.73 | AC31: =SUM(E31:AB31)*D31+SUM(E32:AB32)*D32+SUM(E33:AB33)*D33+SUM(E34:AB34)*D34 -> 7351802.1
B32: Feb | C32: Sábado | D32: 4 | V32: 46894.21 | W32: 41146.13 | X32: 42043.1 | Y32: 44501.27 | Z32: 45307.45 | AA32: 43377.82 | AB32: 40597.78
B33: Feb | C33: Domingo | D33: 4 | V33: 42038.84 | W33: 44757.14 | X33: 43955.21 | Y33: 45326.93 | Z33: 46454.96 | AA33: 46177.91 | AB33: 43608.59
B34: Feb | C34: Festivo | D34: 3 | V34: 41793.94 | W34: 44519.52 | X34: 43499.02 | Y34: 45127 | Z34: 46515.29 | AA34: 46345 | AB34: 43942.61
B35: 46204 | C35: Ordinario | D35: 22 | V35: 27060.42 | W35: 34331.32 | X35: 35082.97 | Y35: 35973.79 | Z35: 38150.6 | AA35: 42501.58 | AB35: 44619.01 | AC35: =SUM(E35:AB35)*D35+SUM(E36:AB36)*D36+SUM(E37:AB37)*D37+SUM(E38:AB38)*D38 -> 8667289.6
C36: Sábado | D36: 4 | V36: 52301.16 | W36: 52972.92 | X36: 49792.27 | Y36: 51722.98 | Z36: 51289.29 | AA36: 48160.99 | AB36: 44399.41
C37: Domingo | D37: 4 | V37: 42040.34 | W37: 45280.36 | X37: 45252.97 | Y37: 45480.91 | Z37: 46292.12 | AA37: 47386.21 | AB37: 47765.71
C38: Festivo | D38: 1 | V38: 41527.47 | W38: 44714.63 | X38: 44496.16 | Y38: 44965.24 | Z38: 46177.21 | AA38: 47303.26 | AB38: 47721.88
B39: 46235 | C39: Ordinario | D39: 19 | V39: 19993.36 | W39: 30639.74 | X39: 30171.75 | Y39: 31828.24 | Z39: 34646.04 | AA39: 39456.29 | AB39: 41980.91 | AC39: =SUM(E39:AB39)*D39+SUM(E40:AB40)*D40+SUM(E41:AB41)*D41+SUM(E42:AB42)*D42 -> 8541286.1
B40: Feb | C40: Sábado | D40: 5 | V40: 54604.89 | W40: 53602.37 | X40: 49545.98 | Y40: 51140.78 | Z40: 51561.53 | AA40: 48672.86 | AB40: 45701.19
B41: Feb | C41: Domingo | D41: 5 | V41: 43739.68 | W41: 45939.44 | X41: 49332.24 | Y41: 51762.03 | Z41: 53052.29 | AA41: 53275.76 | AB41: 51249.7
B42: Feb | C42: Festivo | D42: 2 | V42: 42908.69 | W42: 45159.36 | X42: 47913.64 | Y42: 50224.42 | Z42: 51590.16 | AA42: 51881.44 | AB42: 50208.36
B43: 46266 | C43: Ordinario | D43: 22 | V43: 35623.07 | W43: 41483.97 | X43: 41724.35 | Y43: 42950.26 | Z43: 44956.46 | AA43: 49522.46 | AB43: 52512.83 | AC43: =SUM(E43:AB43)*D43+SUM(E44:AB44)*D44+SUM(E45:AB45)*D45+SUM(E46:AB46)*D46 -> 10140571
C44: Sábado | D44: 4 | V44: 60214.51 | W44: 54006.96 | X44: 51445.86 | Y44: 52883.65 | Z44: 53571.78 | AA44: 52389.74 | AB44: 49720.8
C45: Domingo | D45: 4 | V45: 79346.1 | W45: 70821.92 | X45: 65866.45 | Y45: 64724.64 | Z45: 63612.29 | AA45: 60838.44 | AB45: 57445.79
C46: Festivo | D46: 0 | V46: 0 | W46: 0 | X46: 0 | Y46: 0 | Z46: 0 | AA46: 0 | AB46: 0
B47: 46296 | C47: Ordinario | D47: 21 | V47: 39947.63 | W47: 46249.16 | X47: 47369.74 | Y47: 48800.18 | Z47: 50316.93 | AA47: 54533.54 | AB47: 56265.81 | AC47: =SUM(E47:AB47)*D47+SUM(E48:AB48)*D48+SUM(E49:AB49)*D49+SUM(E50:AB50)*D50 -> 10912077
B48: Feb | C48: Sábado | D48: 5 | V48: 54300.97 | W48: 50977.66 | X48: 49815.61 | Y48: 49179.32 | Z48: 47993.44 | AA48: 46246.47 | AB48: 43448.69
B49: Feb | C49: Domingo | D49: 4 | V49: 53751.1 | W49: 55976.17 | X49: 57553.24 | Y49: 58663.08 | Z49: 59370.78 | AA49: 57854.41 | AB49: 55322.82
B50: Feb | C50: Festivo | D50: 1 | V50: 53116.2 | W50: 55022.22 | X50: 56509.08 | Y50: 58349.69 | Z50: 59098.6 | AA50: 57728.2 | AB50: 55332.67
B51: 46327 | C51: Ordinario | D51: 19 | V51: 30781.02 | W51: 37457.28 | X51: 38522.78 | Y51: 39655.06 | Z51: 41518.89 | AA51: 45232.65 | AB51: 47422.78 | AC51: =SUM(E51:AB51)*D51+SUM(E52:AB52)*D52+SUM(E53:AB53)*D53+SUM(E54:AB54)*D54 -> 9086699.7
C52: Sábado | D52: 4 | V52: 59248.83 | W52: 61006.44 | X52: 60686.93 | Y52: 61549.28 | Z52: 61862.74 | AA52: 61561.88 | AB52: 59814.27
C53: Domingo | D53: 5 | V53: 42570.51 | W53: 44742.9 | X53: 44908.16 | Y53: 43407.12 | Z53: 40883.15 | AA53: 39474.19 | AB53: 38725.49
C54: Festivo | D54: 2 | V54: 41900.74 | W54: 43523.4 | X54: 43665.93 | Y54: 42568.18 | Z54: 40379.5 | AA54: 39066.19 | AB54: 38396.98
B55: 46357 | C55: Ordinario | D55: 21 | V55: 46965.21 | W55: 53725.56 | X55: 53203.32 | Y55: 52098.82 | Z55: 51652.45 | AA55: 55281.83 | AB55: 57997.02 | AC55: =SUM(E55:AB55)*D55+SUM(E56:AB56)*D56+SUM(E57:AB57)*D57+SUM(E58:AB58)*D58 -> 12035402
B56: Feb | C56: Sábado | D56: 4 | V56: 71647.31 | W56: 66346.17 | X56: 68743.49 | Y56: 69720.86 | Z56: 69563.14 | AA56: 65917.9 | AB56: 61853.92
B57: Feb | C57: Domingo | D57: 4 | V57: 50556.83 | W57: 53554.95 | X57: 54307.35 | Y57: 56207.79 | Z57: 58351.34 | AA57: 58924.32 | AB57: 58363.53
B58: Feb | C58: Festivo | D58: 2 | V58: 51753.38 | W58: 54498.59 | X58: 54970.73 | Y58: 56884.75 | Z58: 58819.29 | AA58: 59391.64 | AB58: 58560.84
Z59: TOTAL AÑO kWh | AC59: =SUM(AC11:AC58) -> 1.1050805e+08
B60: Mes | C60: Tipo Día | D60: Días | E60: H1 | F60: H2 | G60: H3 | H60: H4 | I60: H5 | J60: H6 | K60: H7 | L60: H8 | M60: H9 | N60: H10 | O60: H11 | P60: H12 | Q60: H13 | R60: H14 | S60: H15 | T60: H16 | U60: H17 | V60: H18 | W60: H19 | X60: H20 | Y60: H21 | Z60: H22 | AA60: H23 | AB60: H24 | AC60: TOTAL MES kWh
B61: 46388 | C61: Ordinario | D61: 19 | V61: 62677.8 | W61: 65148.16 | X61: 65184.59 | Y61: 65406.36 | Z61: 64353.22 | AA61: 61630.46 | AB61: 58469.4 | AC61: =SUM(E61:AB61)*D61+SUM(E62:AB62)*D62+SUM(E63:AB63)*D63+SUM(E64:AB64)*D64 -> 13512052
C62: Sábado | D62: 5 | V62: 58369.94 | W62: 62828.56 | X62: 62810.7 | Y62: 62190.11 | Z62: 61580.77 | AA62: 60363.74 | AB62: 57941.38
C63: Domingo | D63: 5 | V63: 55066.92 | W63: 60338.59 | X63: 61757.27 | Y63: 62873.83 | Z63: 64183.67 | AA63: 60960.82 | AB63: 57996.5
C64: Festivo | D64: 2 | V64: 55470.01 | W64: 60651.68 | X64: 62124.3 | Y64: 63271.44 | Z64: 64591.28 | AA64: 61280.06 | AB64: 58215.39 | AD64: =+AC61 -> 13512052
B65: 46419 | C65: Ordinario | D65: 20 | V65: 61106.68 | W65: 63950.1 | X65: 66947.83 | Y65: 67944.75 | Z65: 66321.83 | AA65: 62690.8 | AB65: 59417.4 | AC65: =SUM(E65:AB65)*D65+SUM(E66:AB66)*D66+SUM(E67:AB67)*D67+SUM(E68:AB68)*D68 -> 12535983 | AD65: =+AC65 -> 12535983
B66: Feb | C66: Sábado | D66: 4 | V66: 58073.86 | W66: 63439.16 | X66: 65337.97 | Y66: 64745.21 | Z66: 63640.09 | AA66: 61660.57 | AB66: 59092.83 | AD66: =+AC69 -> 13410647
B67: Feb | C67: Domingo | D67: 4 | V67: 57363.75 | W67: 62986.87 | X67: 67020.07 | Y67: 69129.39 | Z67: 69799.79 | AA67: 67292.51 | AB67: 62516.7 | AD67: =+AC73 -> 11845997
B68: Feb | C68: Festivo | D68: 0 | V68: 0 | W68: 0 | X68: 0 | Y68: 0 | Z68: 0 | AA68: 0 | AB68: 0 | AD68: =+AC77 -> 12308880
B69: 46447 | C69: Ordinario | D69: 20 | V69: 61350.21 | W69: 63621.82 | X69: 64334.09 | Y69: 65710.57 | Z69: 65367.33 | AA69: 63891.02 | AB69: 61526.32 | AC69: =SUM(E69:AB69)*D69+SUM(E70:AB70)*D70+SUM(E71:AB71)*D71+SUM(E72:AB72)*D72 -> 13410647 | AD69: =+AC81 -> 7811321.4
C70: Sábado | D70: 4 | V70: 52058.7 | W70: 58340.47 | X70: 58161.49 | Y70: 58475.5 | Z70: 58650.84 | AA70: 58257.02 | AB70: 57029.62 | AD70: =+AC85 -> 7123196.9
C71: Domingo | D71: 4 | V71: 52861.12 | W71: 57725.68 | X71: 58861.38 | Y71: 60892.87 | Z71: 62850.19 | AA71: 62526.93 | AB71: 59144.43 | AD71: =+AC89 -> 8553825
C72: Festivo | D72: 3 | V72: 52379.56 | W72: 57093.36 | X72: 58180.07 | Y72: 60175.18 | Z72: 62207.99 | AA72: 61887.49 | AB72: 58501.45 | AD72: =+AC93 -> 7942306.5
B73: 46478 | C73: Ordinario | D73: 22 | V73: 47480.73 | W73: 56586.73 | X73: 57065.26 | Y73: 57348.38 | Z73: 57929.35 | AA73: 59124.27 | AB73: 58781.43 | AC73: =SUM(E73:AB73)*D73+SUM(E74:AB74)*D74+SUM(E75:AB75)*D75+SUM(E76:AB76)*D76 -> 11845997 | AD73: =+AC97 -> 9779601.8
B74: Feb | C74: Sábado | D74: 4 | V74: 58916.5 | W74: 59601.61 | X74: 59385.78 | Y74: 59196.68 | Z74: 57464.06 | AA74: 52868.43 | AB74: 47103.52 | AD74: =+AC101 -> 10330944
B75: Feb | C75: Domingo | D75: 4 | V75: 52111.41 | W75: 57882.72 | X75: 58630.67 | Y75: 59312.39 | Z75: 59334.95 | AA75: 57559.73 | AB75: 53391.93 | AD75: =+AC105 -> 11901394
B76: Feb | C76: Festivo | D76: 0 | V76: 0 | W76: 0 | X76: 0 | Y76: 0 | Z76: 0 | AA76: 0 | AB76: 0
B77: 46508 | C77: Ordinario | D77: 19 | V77: 45163.22 | W77: 55437.12 | X77: 55833.93 | Y77: 54789.22 | Z77: 54713.96 | AA77: 55136.84 | AB77: 54617.52 | AC77: =SUM(E77:AB77)*D77+SUM(E78:AB78)*D78+SUM(E79:AB79)*D79+SUM(E80:AB80)*D80 -> 12308880
C78: Sábado | D78: 4 | V78: 57914.89 | W78: 59327.7 | X78: 59843.85 | Y78: 59107.8 | Z78: 57255.38 | AA78: 52988.49 | AB78: 48647
C79: Domingo | D79: 5 | V79: 58873.27 | W79: 65663.1 | X79: 67388.95 | Y79: 68064.66 | Z79: 67036.88 | AA79: 63994.34 | AB79: 59282.28
C80: Festivo | D80: 3 | V80: 57914.5 | W80: 64801.01 | X80: 66664.23 | Y80: 67495.29 | Z80: 66583.16 | AA80: 63688.51 | AB80: 59145.83
B81: 46539 | C81: Ordinario | D81: 21 | V81: 26519.08 | W81: 33366.5 | X81: 33528.25 | Y81: 33160.19 | Z81: 34639.11 | AA81: 37251.12 | AB81: 38758.96 | AC81: =SUM(E81:AB81)*D81+SUM(E82:AB82)*D82+SUM(E83:AB83)*D83+SUM(E84:AB84)*D84 -> 7811321.4
B82: Feb | C82: Sábado | D82: 4 | V82: 46046.59 | W82: 44087.05 | X82: 45981.02 | Y82: 47545.91 | Z82: 47341.82 | AA82: 44392.94 | AB82: 40793.85
B83: Feb | C83: Domingo | D83: 4 | V83: 39970.64 | W83: 45517.54 | X83: 46280.09 | Y83: 47125.46 | Z83: 47180.6 | AA83: 45427.37 | AB83: 41519.57
B84: Feb | C84: Festivo | D84: 1 | V84: 39873.44 | W84: 45423.24 | X84: 46099.05 | Y84: 47046.11 | Z84: 47204.53 | AA84: 45493.68 | AB84: 41652.14
B85: 46569 | C85: Ordinario | D85: 20 | V85: 21251.54 | W85: 28633.86 | X85: 29871.6 | Y85: 30031.64 | Z85: 31162.85 | AA85: 33605.21 | AB85: 34228.53 | AC85: =SUM(E85:AB85)*D85+SUM(E86:AB86)*D86+SUM(E87:AB87)*D87+SUM(E88:AB88)*D88 -> 7123196.9
C86: Sábado | D86: 5 | V86: 41714.43 | W86: 43408.18 | X86: 42056.26 | Y86: 43382.9 | Z86: 42191.55 | AA86: 38440 | AB86: 34025.93
C87: Domingo | D87: 4 | V87: 32035.56 | W87: 36102.36 | X87: 37508.31 | Y87: 37293.57 | Z87: 37206.5 | AA87: 37280.16 | AB87: 36486.24
C88: Festivo | D88: 2 | V88: 31829.83 | W88: 35875.41 | X88: 37204.71 | Y88: 37086.71 | Z88: 37160.41 | AA88: 37246.88 | AB88: 36468.66
B89: 46600 | C89: Ordinario | D89: 21 | V89: 27064.68 | W89: 34714.78 | X89: 35123.91 | Y89: 35726.3 | Z89: 36721.1 | AA89: 38660.85 | AB89: 38844.06 | AC89: =SUM(E89:AB89)*D89+SUM(E90:AB90)*D90+SUM(E91:AB91)*D91+SUM(E92:AB92)*D92 -> 8553825
B90: Feb | C90: Sábado | D90: 3 | V90: 51059.93 | W90: 52734.99 | X90: 50019.89 | Y90: 50594.43 | Z90: 49766.14 | AA90: 45340.63 | AB90: 41199.79
B91: Feb | C91: Domingo | D91: 5 | V91: 40451.9 | W91: 45263.35 | X91: 50012 | Y91: 51853.85 | Z91: 51817.05 | AA91: 50261.11 | AB91: 46691.89
B92: Feb | C92: Festivo | D92: 2 | V92: 40120.6 | W92: 44952.35 | X92: 49446.44 | Y92: 51240.83 | Z92: 51234.13 | AA92: 49705.22 | AB92: 46276.73
B93: 46631 | C93: Ordinario | D93: 22 | V93: 26674.96 | W93: 34074.42 | X93: 34299.19 | Y93: 34730.4 | Z93: 35525.73 | AA93: 37976.71 | AB93: 38784.19 | AC93: =SUM(E93:AB93)*D93+SUM(E94:AB94)*D94+SUM(E95:AB95)*D95+SUM(E96:AB96)*D96 -> 7942306.5
C94: Sábado | D94: 4 | V94: 45650.23 | W94: 43222.27 | X94: 41329.94 | Y94: 42300.36 | Z94: 42136.76 | AA94: 40260.09 | AB94: 36741.51
C95: Domingo | D95: 4 | V95: 61831.16 | W95: 57079.33 | X95: 53336.92 | Y95: 52002.74 | Z95: 50241.93 | AA95: 46206.15 | AB95: 41876.44
C96: Festivo | D96: 0 | V96: 0 | W96: 0 | X96: 0 | Y96: 0 | Z96: 0 | AA96: 0 | AB96: 0
B97: 46661 | C97: Ordinario | D97: 20 | V97: 36343.15 | W97: 43797.01 | X97: 44220.96 | Y97: 44470.22 | Z97: 44368.14 | AA97: 45802.23 | AB97: 45659.64 | AC97: =SUM(E97:AB97)*D97+SUM(E98:AB98)*D98+SUM(E99:AB99)*D99+SUM(E100:AB100)*D100 -> 9779601.8
B98: Feb | C98: Sábado | D98: 5 | V98: 48632.18 | W98: 48558.1 | X98: 47496.48 | Y98: 46141.46 | Z98: 43944.14 | AA98: 40608.6 | AB98: 36529.52
B99: Feb | C99: Domingo | D99: 5 | V99: 46246.65 | W99: 51601.48 | X99: 53374.45 | Y99: 53977.68 | Z99: 53424.32 | AA99: 50152.87 | AB99: 45916.15
B100: Feb | C100: Festivo | D100: 1 | V100: 45991.68 | W100: 51218.4 | X100: 52955.13 | Y100: 53851.83 | Z100: 53315.02 | AA100: 50102.19 | AB100: 45920.1
B101: 46692 | C101: Ordinario | D101: 20 | V101: 41088.47 | W101: 49449.81 | X101: 49345.63 | Y101: 48412.7 | Z101: 47815.67 | AA101: 47996.23 | AB101: 46883.83 | AC101: =SUM(E101:AB101)*D101+SUM(E102:AB102)*D102+SUM(E103:AB103)*D103+SUM(E104:AB104)*D104 -> 10330944
C102: Sábado | D102: 4 | V102: 62001.01 | W102: 67149.1 | X102: 66501.1 | Y102: 65845.3 | Z102: 64361 | AA102: 61823.67 | AB102: 57840.58
C103: Domingo | D103: 4 | V103: 44954.55 | W103: 50922.78 | X103: 51305.81 | Y103: 49295.53 | Z103: 45458.81 | AA103: 41708.49 | AB103: 38547.98
C104: Festivo | D104: 2 | V104: 44687.58 | W104: 50436.7 | X104: 50810.68 | Y104: 48961.15 | Z104: 45258.07 | AA104: 41545.86 | AB104: 38417.04
B105: 46722 | C105: Ordinario | D105: 22 | V105: 49332.83 | W105: 57886.23 | X105: 56687.34 | Y105: 54309.81 | Z105: 52230.47 | AA105: 52758.43 | AB105: 52437.4 | AC105: =SUM(E105:AB105)*D105+SUM(E106:AB106)*D106+SUM(E107:AB107)*D107+SUM(E108:AB108)*D108 -> 11901394
...

Sheet Cantidades P6_(2029-2040)
B4: 9.6. TABLAS CANTIDADES DE ENERGÍA REQUERIDA PRODUCTO 6 AÑO 2029-2030 (kWh)
B5: ELETRIFICADORA DE SANTANDER S.A E.S.P.
B6: SOLICITUD PÚBLICA DE OFERTAS CP-ESSC2025-003
B7: PAGUELO CONTRATADO
BE8: 1000
B10: Mes | C10: Tipo Día | D10: Días | E10: H1 | F10: H2 | G10: H3 | H10: H4 | I10: H5 | J10: H6 | K10: H7 | L10: H8 | M10: H9 | N10: H10 | O10: H11 | P10: H12 | Q10: H13 | R10: H14 | S10: H15 | T10: H16 | U10: H17 | V10: H18 | W10: H19 | X10: H20 | Y10: H21 | Z10: H22 | AA10: H23 | AB10: H24 | AC10: TOTAL MES kWh | AF10: PERIODO | AG10: H1 | AH10: H2 | AI10: H3 | AJ10: H4 | AK10: H5 | AL10: H6 | AM10: H7 | AN10: H8 | AO10: H9 | AP10: H10 | AQ10: H11 | AR10: H12 | AS10: H13 | AT10: H14 | AU10: H15 | AV10: H16 | AW10: H17 | AX10: H18 | AY10: H19 | AZ10: H20 | BA10: H21 | BB10: H22 | BC10: H23 | BD10: H24 | BE10: TOTAL DIA | BF10: TOTAL AÑO | BH10: Año 2024 | BI10: =(+#REF!)/1000 -> #REF! | BJ10: MWh-año
B11: 47119 | C11: Ordinario | D11: 21 | E11: 13200 | F11: 13200 | G11: 13200 | H11: 13200 | I11: 13200 | J11: 13200 | K11: 13200 | L11: 13200 | M11: 13200 | N11: 13200 | O11: 13200 | P11: 13200 | Q11: 13200 | R11: 13200 | S11: 13200 | T11: 13200 | U11: 13200 | V11: 13200 | W11: 13200 | X11: 13200 | Y11: 13200 | Z11: 13200 | AA11: 13200 | AB11: 13200 | AC11: =SUM(E11:AB11)*D11+SUM(E12:AB12)*D12+SUM(E13:AB13)*D13+SUM(E14:AB14)*D14 -> 9820800
C12: Sábado | D12: 4 | E12: 13200 | F12: 13200 | G12: 13200 | H12: 13200 | I12: 13200 | J12: 13200 | K12: 13200 | L12: 13200 | M12: 13200 | N12: 13200 | O12: 13200 | P12: 13200 | Q12: 13200 | R12: 13200 | S12: 13200 | T12: 13200 | U12: 13200 | V12: 13200 | W12: 13200 | X12: 13200 | Y12: 13200 | Z12: 13200 | AA12: 13200 | AB12: 13200 | BG12: =+AC59/1000 -> 115632
C13: Domingo | D13: 4 | E13: 13200 | F13: 13200 | G13: 13200 | H13: 13200 | I13: 13200 | J13: 13200 | K13: 13200 | L13: 13200 | M13: 13200 | N13: 13200 | O13: 13200 | P13: 13200 | Q13: 13200 | R13: 13200 | S13: 13200 | T13: 13200 | U13: 13200 | V13: 13200 | W13: 13200 | X13: 13200 | Y13: 13200 | Z13: 13200 | AA13: 13200 | AB13: 13200 | BG13: =(+AC109)/1000 -> 115632
C14: Festivo | D14: 2 | E14: 13200 | F14: 13200 | G14: 13200 | H14: 13200 | I14: 13200 | J14: 13200 | K14: 13200 | L14: 13200 | M14: 13200 | N14: 13200 | O14: 13200 | P14: 13200 | Q14: 13200 | R14: 13200 | S14: 13200 | T14: 13200 | U14: 13200 | V14: 13200 | W14: 13200 | X14: 13200 | Y14: 13200 | Z14: 13200 | AA14: 13200 | AB14: 13200 | AD14: =+AC11 -> 9820800 | BG14: =(+#REF!)/1000 -> #REF!
B15: 47150 | C15: Ordinario | D15: 20 | E15: 13200 | F15: 13200 | G15: 13200 | H15: 13200 | I15: 13200 | J15: 13200 | K15: 13200 | L15: 13200 | M15: 13200 | N15: 13200 | O15: 13200 | P15: 13200 | Q15: 13200 | R15: 13200 | S15: 13200 | T15: 13200 | U15: 13200 | V15: 13200 | W15: 13200 | X15: 13200 | Y15: 13200 | Z15: 13200 | AA15: 13200 | AB15: 13200 | AC15: =SUM(E15:AB15)*D15+SUM(E16:AB16)*D16+SUM(E17:AB17)*D17+SUM(E18:AB18)*D18 -> 8870400 | AD15: =+AC15 -> 8870400 | BG15: =(+#REF!)/1000 -> #REF!
B16: Feb | C16: Sábado | D16: 4 | E16: 13200 | F16: 13200 | G16: 13200 | H16: 13200 | I16: 13200 | J16: 13200 | K16: 13200 | L16: 13200 | M16: 13200 | N16: 13200 | O16: 13200 | P16: 13200 | Q16: 13200 | R16: 13200 | S16: 13200 | T16: 13200 | U16: 13200 | V16: 13200 | W16: 13200 | X16: 13200 | Y16: 13200 | Z16: 13200 | AA16: 13200 | AB16: 13200 | AD16: =+AC19 -> 9820800 | BG16: =(+#REF!)/1000 -> #REF!
B17: Feb | C17: Domingo | D17: 4 | E17: 13200 | F17: 13200 | G17: 13200 | H17: 13200 | I17: 13200 | J17: 13200 | K17: 13200 | L17: 13200 | M17: 13200 | N17: 13200 | O17: 13200 | P17: 13200 | Q17: 13200 | R17: 13200 | S17: 13200 | T17: 13200 | U17: 13200 | V17: 13200 | W17: 13200 | X17: 13200 | Y17: 13200 | Z17: 13200 | AA17: 13200 | AB17: 13200 | AD17: =+AC23 -> 9504000 | BG17: =(+#REF!)/1000 -> #REF!
B18: Feb | C18: Festivo | D18: 0 | AD18: =+AC27 -> 9820800 | BG18: =(+#REF!)/1000 -> #REF!
B19: 47178 | C19: Ordinario | D19: 19 | E19: 13200 | F19: 13200 | G19: 13200 | H19: 13200 | I19: 13200 | J19: 13200 | K19: 13200 | L19: 13200 | M19: 13200 | N19: 13200 | O19: 13200 | P19: 13200 | Q19: 13200 | R19: 13200 | S19: 13200 | T19: 13200 | U19: 13200 | V19: 13200 | W19: 13200 | X19: 13200 | Y19: 13200 | Z19: 13200 | AA19: 13200 | AB19: 13200 | AC19: =SUM(E19:AB19)*D19+SUM(E20:AB20)*D20+SUM(E21:AB21)*D21+SUM(E22:AB22)*D22 -> 9820800 | AD19: =+AC31 -> 9504000 | BG19: =(+#REF!)/1000 -> #REF!
C20: Sábado | D20: 5 | E20: 13200 | F20: 13200 | G20: 13200 | H20: 13200 | I20: 13200 | J20: 13200 | K20: 13200 | L20: 13200 | M20: 13200 | N20: 13200 | O20: 13200 | P20: 13200 | Q20: 13200 | R20: 13200 | S20: 13200 | T20: 13200 | U20: 13200 | V20: 13200 | W20: 13200 | X20: 13200 | Y20: 13200 | Z20: 13200 | AA20: 13200 | AB20: 13200 | AD20: =+AC35 -> 9820800 | BG20: =+#REF!/1000 -> #REF!
C21: Domingo | D21: 4 | E21: 13200 | F21: 13200 | G21: 13200 | H21: 13200 | I21: 13200 | J21: 13200 | K21: 13200 | L21: 13200 | M21: 13200 | N21: 13200 | O21: 13200 | P21: 13200 | Q21: 13200 | R21: 13200 | S21: 13200 | T21: 13200 | U21: 13200 | V21: 13200 | W21: 13200 | X21: 13200 | Y21: 13200 | Z21: 13200 | AA21: 13200 | AB21: 13200 | AD21: =+AC39 -> 9820800 | BG21: =(+#REF!)/1000 -> #REF!
C22: Festivo | D22: 3 | E22: 13200 | F22: 13200 | G22: 13200 | H22: 13200 | I22: 13200 | J22: 13200 | K22: 13200 | L22: 13200 | M22: 13200 | N22: 13200 | O22: 13200 | P22: 13200 | Q22: 13200 | R22: 13200 | S22: 13200 | T22: 13200 | U22: 13200 | V22: 13200 | W22: 13200 | X22: 13200 | Y22: 13200 | Z22: 13200 | AA22: 13200 | AB22: 13200 | AD22: =+AC43 -> 9504000 | BG22: =(+#REF!)/1000 -> #REF!
B23: 47209 | C23: Ordinario | D23: 21 | E23: 13200 | F23: 13200 | G23: 13200 | H23: 13200 | I23: 13200 | J23: 13200 | K23: 13200 | L23: 13200 | M23: 13200 | N23: 13200 | O23: 13200 | P23: 13200 | Q23: 13200 | R23: 13200 | S23: 13200 | T23: 13200 | U23: 13200 | V23: 13200 | W23: 13200 | X23: 13200 | Y23: 13200 | Z23: 13200 | AA23: 13200 | AB23: 13200 | AC23: =SUM(E23:AB23)*D23+SUM(E24:AB24)*D24+SUM(E25:AB25)*D25+SUM(E26:AB26)*D26 -> 9504000 | AD23: =+AC47 -> 9820800 | BG23: =(+#REF!)/1000 -> #REF!
B24: Feb | C24: Sábado | D24: 4 | E24: 13200 | F24: 13200 | G24: 13200 | H24: 13200 | I24: 13200 | J24: 13200 | K24: 13200 | L24: 13200 | M24: 13200 | N24: 13200 | O24: 13200 | P24: 13200 | Q24: 13200 | R24: 13200 | S24: 13200 | T24: 13200 | U24: 13200 | V24: 13200 | W24: 13200 | X24: 13200 | Y24: 13200 | Z24: 13200 | AA24: 13200 | AB24: 13200 | AD24: =+AC51 -> 9504000
B25: Feb | C25: Domingo | D25: 5 | E25: 13200 | F25: 13200 | G25: 13200 | H25: 13200 | I25: 13200 | J25: 13200 | K25: 13200 | L25: 13200 | M25: 13200 | N25: 13200 | O25: 13200 | P25: 13200 | Q25: 13200 | R25: 13200 | S25: 13200 | T25: 13200 | U25: 13200 | V25: 13200 | W25: 13200 | X25: 13200 | Y25: 13200 | Z25: 13200 | AA25: 13200 | AB25: 13200 | AD25: =+AC55 -> 9820800 | BG25: =+AC110/1000 -> 231264
B26: Feb | C26: Festivo | D26: 0 | BG26: 1000
B27: 47239 | C27: Ordinario | D27: 21 | E27: 13200 | F27: 13200 | G27: 13200 | H27: 13200 | I27: 13200 | J27: 13200 | K27: 13200 | L27: 13200 | M27: 13200 | N27: 13200 | O27: 13200 | P27: 13200 | Q27: 13200 | R27: 13200 | S27: 13200 | T27: 13200 | U27: 13200 | V27: 13200 | W27: 13200 | X27: 13200 | Y27: 13200 | Z27: 13200 | AA27: 13200 | AB27: 13200 | AC27: =SUM(E27:AB27)*D27+SUM(E28:AB28)*D28+SUM(E29:AB29)*D29+SUM(E30:AB30)*D30 -> 9820800
C28: Sábado | D28: 4 | E28: 13200 | F28: 13200 | G28: 13200 | H28: 13200 | I28: 13200 | J28: 13200 | K28: 13200 | L28: 13200 | M28: 13200 | N28: 13200 | O28: 13200 | P28: 13200 | Q28: 13200 | R28: 13200 | S28: 13200 | T28: 13200 | U28: 13200 | V28: 13200 | W28: 13200 | X28: 13200 | Y28: 13200 | Z28: 13200 | AA28: 13200 | AB28: 13200
C29: Domingo | D29: 4 | E29: 13200 | F29: 13200 | G29: 13200 | H29: 13200 | I29: 13200 | J29: 13200 | K29: 13200 | L29: 13200 | M29: 13200 | N29: 13200 | O29: 13200 | P29: 13200 | Q29: 13200 | R29: 13200 | S29: 13200 | T29: 13200 | U29: 13200 | V29: 13200 | W29: 13200 | X29: 13200 | Y29: 13200 | Z29: 13200 | AA29: 13200 | AB29: 13200
C30: Festivo | D30: 2 | E30: 13200 | F30: 13200 | G30: 13200 | H30: 13200 | I30: 13200 | J30: 13200 | K30: 13200 | L30: 13200 | M30: 13200 | N30: 13200 | O30: 13200 | P30: 13200 | Q30: 13200 | R30: 13200 | S30: 13200 | T30: 13200 | U30: 13200 | V30: 13200 | W30: 13200 | X30: 13200 | Y30: 13200 | Z30: 13200 | AA30: 13200 | AB30: 13200
B31: 47270 | C31: Ordinario | D31: 19 | E31: 13200 | F31: 13200 | G31: 13200 | H31: 13200 | I31: 13200 | J31: 13200 | K31: 13200 | L31: 13200 | M31: 13200 | N31: 13200 | O31: 13200 | P31: 13200 | Q31: 13200 | R31: 13200 | S31: 13200 | T31: 13200 | U31: 13200 | V31: 13200 | W31: 13200 | X31: 13200 | Y31: 13200 | Z31: 13200 | AA31: 13200 | AB31: 13200 | AC31: =SUM(E31:AB31)*D31+SUM(E32:AB32)*D32+SUM(E33:AB33)*D33+SUM(E34:AB34)*D34 -> 9504000
B32: Feb | C32: Sábado | D32: 5 | E32: 13200 | F32: 13200 | G32: 13200 | H32: 13200 | I32: 13200 | J32: 13200 | K32: 13200 | L32: 13200 | M32: 13200 | N32: 13200 | O32: 13200 | P32: 13200 | Q32: 13200 | R32: 13200 | S32: 13200 | T32: 13200 | U32: 13200 | V32: 13200 | W32: 13200 | X32: 13200 | Y32: 13200 | Z32: 13200 | AA32: 13200 | AB32: 13200
B33: Feb | C33: Domingo | D33: 4 | E33: 13200 | F33: 13200 | G33: 13200 | H33: 13200 | I33: 13200 | J33: 13200 | K33: 13200 | L33: 13200 | M33: 13200 | N33: 13200 | O33: 13200 | P33: 13200 | Q33: 13200 | R33: 13200 | S33: 13200 | T33: 13200 | U33: 13200 | V33: 13200 | W33: 13200 | X33: 13200 | Y33: 13200 | Z33: 13200 | AA33: 13200 | AB33: 13200
B34: Feb | C34: Festivo | D34: 2 | E34: 13200 | F34: 13200 | G34: 13200 | H34: 13200 | I34: 13200 | J34: 13200 | K34: 13200 | L34: 13200 | M34: 13200 | N34: 13200 | O34: 13200 | P34: 13200 | Q34: 13200 | R34: 13200 | S34: 13200 | T34: 13200 | U34: 13200 | V34: 13200 | W34: 13200 | X34: 13200 | Y34: 13200 | Z34: 13200 | AA34: 13200 | AB34: 13200
B35: 47300 | C35: Ordinario | D35: 20 | E35: 13200 | F35: 13200 | G35: 13200 | H35: 13200 | I35: 13200 | J35: 13200 | K35: 13200 | L35: 13200 | M35: 13200 | N35: 13200 | O35: 13200 | P35: 13200 | Q35: 13200 | R35: 13200 | S35: 13200 | T35: 13200 | U35: 13200 | V35: 13200 | W35: 13200 | X35: 13200 | Y35: 13200 | Z35: 13200 | AA35: 13200 | AB35: 13200 | AC35: =SUM(E35:AB35)*D35+SUM(E36:AB36)*D36+SUM(E37:AB37)*D37+SUM(E38:AB38)*D38 -> 9820800
C36: Sábado | D36: 4 | E36: 13200 | F36: 13200 | G36: 13200 | H36: 13200 | I36: 13200 | J36: 13200 | K36: 13200 | L36: 13200 | M36: 13200 | N36: 13200 | O36: 13200 | P36: 13200 | Q36: 13200 | R36: 13200 | S36: 13200 | T36: 13200 | U36: 13200 | V36: 13200 | W36: 13200 | X36: 13200 | Y36: 13200 | Z36: 13200 | AA36: 13200 | AB36: 13200
C37: Domingo | D37: 5 | E37: 13200 | F37: 13200 | G37: 13200 | H37: 13200 | I37: 13200 | J37: 13200 | K37: 13200 | L37: 13200 | M37: 13200 | N37: 13200 | O37: 13200 | P37: 13200 | Q37: 13200 | R37: 13200 | S37: 13200 | T37: 13200 | U37: 13200 | V37: 13200 | W37: 13200 | X37: 13200 | Y37: 13200 | Z37: 13200 | AA37: 13200 | AB37: 13200
C38: Festivo | D38: 2 | E38: 13200 | F38: 13200 | G38: 13200 | H38: 13200 | I38: 13200 | J38: 13200 | K38: 13200 | L38: 13200 | M38: 13200 | N38: 13200 | O38: 13200 | P38: 13200 | Q38: 13200 | R38: 13200 | S38: 13200 | T38: 13200 | U38: 13200 | V38: 13200 | W38: 13200 | X38: 13200 | Y38: 13200 | Z38: 13200 | AA38: 13200 | AB38: 13200
B39: 47331 | C39: Ordinario | D39: 21 | E39: 13200 | F39: 13200 | G39: 13200 | H39: 13200 | I39: 13200 | J39: 13200 | K39: 13200 | L39: 13200 | M39: 13200 | N39: 13200 | O39: 13200 | P39: 13200 | Q39: 13200 | R39: 13200 | S39: 13200 | T39: 13200 | U39: 13200 | V39: 13200 | W39: 13200 | X39: 13200 | Y39: 13200 | Z39: 13200 | AA39: 13200 | AB39: 13200 | AC39: =SUM(E39:AB39)*D39+SUM(E40:AB40)*D40+SUM(E41:AB41)*D41+SUM(E42:AB42)*D42 -> 9820800
B40: Feb | C40: Sábado | D40: 4 | E40: 13200 | F40: 13200 | G40: 13200 | H40: 13200 | I40: 13200 | J40: 13200 | K40: 13200 | L40: 13200 | M40: 13200 | N40: 13200 | O40: 13200 | P40: 13200 | Q40: 13200 | R40: 13200 | S40: 13200 | T40: 13200 | U40: 13200 | V40: 13200 | W40: 13200 | X40: 13200 | Y40: 13200 | Z40: 13200 | AA40: 13200 | AB40: 13200
B41: Feb | C41: Domingo | D41: 4 | E41: 13200 | F41: 13200 | G41: 13200 | H41: 13200 | I41: 13200 | J41: 13200 | K41: 13200 | L41: 13200 | M41: 13200 | N41: 13200 | O41: 13200 | P41: 13200 | Q41: 13200 | R41: 13200 | S41: 13200 | T41: 13200 | U41: 13200 | V41: 13200 | W41: 13200 | X41: 13200 | Y41: 13200 | Z41: 13200 | AA41: 13200 | AB41: 13200
B42: Feb | C42: Festivo | D42: 2 | E42: 13200 | F42: 13200 | G42: 13200 | H42: 13200 | I42: 13200 | J42: 13200 | K42: 13200 | L42: 13200 | M42: 13200 | N42: 13200 | O42: 13200 | P42: 13200 | Q42: 13200 | R42: 13200 | S42: 13200 | T42: 13200 | U42: 13200 | V42: 13200 | W42: 13200 | X42: 13200 | Y42: 13200 | Z42: 13200 | AA42: 13200 | AB42: 13200
B43: 47362 | C43: Ordinario | D43: 20 | E43: 13200 | F43: 13200 | G43: 13200 | H43: 13200 | I43: 13200 | J43: 13200 | K43: 13200 | L43: 13200 | M43: 13200 | N43: 13200 | O43: 13200 | P43: 13200 | Q43: 13200 | R43: 13200 | S43: 13200 | T43: 13200 | U43: 13200 | V43: 13200 | W43: 13200 | X43: 13200 | Y43: 13200 | Z43: 13200 | AA43: 13200 | AB43: 13200 | AC43: =SUM(E43:AB43)*D43+SUM(E44:AB44)*D44+SUM(E45:AB45)*D45+SUM(E46:AB46)*D46 -> 9504000
C44: Sábado | D44: 5 | E44: 13200 | F44: 13200 | G44: 13200 | H44: 13200 | I44: 13200 | J44: 13200 | K44: 13200 | L44: 13200 | M44: 13200 | N44: 13200 | O44: 13200 | P44: 13200 | Q44: 13200 | R44: 13200 | S44: 13200 | T44: 13200 | U44: 13200 | V44: 13200 | W44: 13200 | X44: 13200 | Y44: 13200 | Z44: 13200 | AA44: 13200 | AB44: 13200
C45: Domingo | D45: 5 | E45: 13200 | F45: 13200 | G45: 13200 | H45: 13200 | I45: 13200 | J45: 13200 | K45: 13200 | L45: 13200 | M45: 13200 | N45: 13200 | O45: 13200 | P45: 13200 | Q45: 13200 | R45: 13200 | S45: 13200 | T45: 13200 | U45: 13200 | V45: 13200 | W45: 13200 | X45: 13200 | Y45: 13200 | Z45: 13200 | AA45: 13200 | AB45: 13200
C46: Festivo | D46: 0
B47: 47392 | C47: Ordinario | D47: 22 | E47: 13200 | F47: 13200 | G47: 13200 | H47: 13200 | I47: 13200 | J47: 13200 | K47: 13200 | L47: 13200 | M47: 13200 | N47: 13200 | O47: 13200 | P47: 13200 | Q47: 13200 | R47: 13200 | S47: 13200 | T47: 13200 | U47: 13200 | V47: 13200 | W47: 13200 | X47: 13200 | Y47: 13200 | Z47: 13200 | AA47: 13200 | AB47: 13200 | AC47: =SUM(E47:AB47)*D47+SUM(E48:AB48)*D48+SUM(E49:AB49)*D49+SUM(E50:AB50)*D50 -> 9820800
B48: Feb | C48: Sábado | D48: 4 | E48: 13200 | F48: 13200 | G48: 13200 | H48: 13200 | I48: 13200 | J48: 13200 | K48: 13200 | L48: 13200 | M48: 13200 | N48: 13200 | O48: 13200 | P48: 13200 | Q48: 13200 | R48: 13200 | S48: 13200 | T48: 13200 | U48: 13200 | V48: 13200 | W48: 13200 | X48: 13200 | Y48: 13200 | Z48: 13200 | AA48: 13200 | AB48: 13200
B49: Feb | C49: Domingo | D49: 4 | E49: 13200 | F49: 13200 | G49: 13200 | H49: 13200 | I49: 13200 | J49: 13200 | K49: 13200 | L49: 13200 | M49: 13200 | N49: 13200 | O49: 13200 | P49: 13200 | Q49: 13200 | R49: 13200 | S49: 13200 | T49: 13200 | U49: 13200 | V49: 13200 | W49: 13200 | X49: 13200 | Y49: 13200 | Z49: 13200 | AA49: 13200 | AB49: 13200
B50: Feb | C50: Festivo | D50: 1 | E50: 13200 | F50: 13200 | G50: 13200 | H50: 13200 | I50: 13200 | J50: 13200 | K50: 13200 | L50: 13200 | M50: 13200 | N50: 13200 | O50: 13200 | P50: 13200 | Q50: 13200 | R50: 13200 | S50: 13200 | T50: 13200 | U50: 13200 | V50: 13200 | W50: 13200 | X50: 13200 | Y50: 13200 | Z50: 13200 | AA50: 13200 | AB50: 13200
B51: 47423 | C51: Ordinario | D51: 20 | E51: 13200 | F51: 13200 | G51: 13200 | H51: 13200 | I51: 13200 | J51: 13200 | K51: 13200 | L51: 13200 | M51: 13200 | N51: 13200 | O51: 13200 | P51: 13200 | Q51: 13200 | R51: 13200 | S51: 13200 | T51: 13200 | U51: 13200 | V51: 13200 | W51: 13200 | X51: 13200 | Y51: 13200 | Z51: 13200 | AA51: 13200 | AB51: 13200 | AC51: =SUM(E51:AB51)*D51+SUM(E52:AB52)*D52+SUM(E53:AB53)*D53+SUM(E54:AB54)*D54 -> 9504000
C52: Sábado | D52: 4 | E52: 13200 | F52: 13200 | G52: 13200 | H52: 13200 | I52: 13200 | J52: 13200 | K52: 13200 | L52: 13200 | M52: 13200 | N52: 13200 | O52: 13200 | P52: 13200 | Q52: 13200 | R52: 13200 | S52: 13200 | T52: 13200 | U52: 13200 | V52: 13200 | W52: 13200 | X52: 13200 | Y52: 13200 | Z52: 13200 | AA52: 13200 | AB52: 13200
C53: Domingo | D53: 4 | E53: 13200 | F53: 13200 | G53: 13200 | H53: 13200 | I53: 13200 | J53: 13200 | K53: 13200 | L53: 13200 | M53: 13200 | N53: 13200 | O53: 13200 | P53: 13200 | Q53: 13200 | R53: 13200 | S53: 13200 | T53: 13200 | U53: 13200 | V53: 13200 | W53: 13200 | X53: 13200 | Y53: 13200 | Z53: 13200 | AA53: 13200 | AB53: 13200
C54: Festivo | D54: 2 | E54: 13200 | F54: 13200 | G54: 13200 | H54: 13200 | I54: 13200 | J54: 13200 | K54: 13200 | L54: 13200 | M54: 13200 | N54: 13200 | O54: 13200 | P54: 13200 | Q54: 13200 | R54: 13200 | S54: 13200 | T54: 13200 | U54: 13200 | V54: 13200 | W54: 13200 | X54: 13200 | Y54: 13200 | Z54: 13200 | AA54: 13200 | AB54: 13200
B55: 47453 | C55: Ordinario | D55: 20 | E55: 13200 | F55: 13200 | G55: 13200 | H55: 13200 | I55: 13200 | J55: 13200 | K55: 13200 | L55: 13200 | M55: 13200 | N55: 13200 | O55: 13200 | P55: 13200 | Q55: 13200 | R55: 13200 | S55: 13200 | T55: 13200 | U55: 13200 | V55: 13200 | W55: 13200 | X55: 13200 | Y55: 13200 | Z55: 13200 | AA55: 13200 | AB55: 13200 | AC55: =SUM(E55:AB55)*D55+SUM(E56:AB56)*D56+SUM(E57:AB57)*D57+SUM(E58:AB58)*D58 -> 9820800
B56: Feb | C56: Sábado | D56: 4 | E56: 13200 | F56: 13200 | G56: 13200 | H56: 13200 | I56: 13200 | J56: 13200 | K56: 13200 | L56: 13200 | M56: 13200 | N56: 13200 | O56: 13200 | P56: 13200 | Q56: 13200 | R56: 13200 | S56: 13200 | T56: 13200 | U56: 13200 | V56: 13200 | W56: 13200 | X56: 13200 | Y56: 13200 | Z56: 13200 | AA56: 13200 | AB56: 13200
B57: Feb | C57: Domingo | D57: 5 | E57: 13200 | F57: 13200 | G57: 13200 | H57: 13200 | I57: 13200 | J57: 13200 | K57: 13200 | L57: 13200 | M57: 13200 | N57: 13200 | O57: 13200 | P57: 13200 | Q57: 13200 | R57: 13200 | S57: 13200 | T57: 13200 | U57: 13200 | V57: 13200 | W57: 13200 | X57: 13200 | Y57: 13200 | Z57: 13200 | AA57: 13200 | AB57: 13200
B58: Feb | C58: Festivo | D58: 2 | E58: 13200 | F58: 13200 | G58: 13200 | H58: 13200 | I58: 13200 | J58: 13200 | K58: 13200 | L58: 13200 | M58: 13200 | N58: 13200 | O58: 13200 | P58: 13200 | Q58: 13200 | R58: 13200 | S58: 13200 | T58: 13200 | U58: 13200 | V58: 13200 | W58: 13200 | X58: 13200 | Y58: 13200 | Z58: 13200 | AA58: 13200 | AB58: 13200
Z59: TOTAL AÑO kWh | AC59: =SUM(AC11:AC58) -> 115632000
B60: Mes | C60: Tipo Día | D60: Días | E60: H1 | F60: H2 | G60: H3 | H60: H4 | I60: H5 | J60: H6 | K60: H7 | L60: H8 | M60: H9 | N60: H10 | O60: H11 | P60: H12 | Q60: H13 | R60: H14 | S60: H15 | T60: H16 | U60: H17 | V60: H18 | W60: H19 | X60: H20 | Y60: H21 | Z60: H22 | AA60: H23 | AB60: H24 | AC60: TOTAL MES kWh | AF60: PERIODO | AG60: H1 | AH60: H2 | AI60: H3 | AJ60: H4 | AK60: H5 | AL60: H6 | AM60: H7 | AN60: H8 | AO60: H9 | AP60: H10 | AQ60: H11 | AR60: H12 | AS60: H13 | AT60: H14 | AU60: H15 | AV60: H16 | AW60: H17 | AX60: H18 | AY60: H19 | AZ60: H20 | BA60: H21 | BB60: H22 | BC60: H23 | BD60: H24 | BE60: TOTAL DIA | BF60: TOTAL AÑO | BH60: Año 2024 | BI60: =(+#REF!)/1000 -> #REF! | BJ60: MWh-año
B61: 47484 | C61: Ordinario | D61: 21 | E61: 13200 | F61: 13200 | G61: 13200 | H61: 13200 | I61: 13200 | J61: 13200 | K61: 13200 | L61: 13200 | M61: 13200 | N61: 13200 | O61: 13200 | P61: 13200 | Q61: 13200 | R61: 13200 | S61: 13200 | T61: 13200 | U61: 13200 | V61: 13200 | W61: 13200 | X61: 13200 | Y61: 13200 | Z61: 13200 | AA61: 13200 | AB61: 13200 | AC61: =SUM(E61:AB61)*D61+SUM(E62:AB62)*D62+SUM(E63:AB63)*D63+SUM(E64:AB64)*D64 -> 9820800
C62: Sábado | D62: 4 | E62: 13200 | F62: 13200 | G62: 13200 | H62: 13200 | I62: 13200 | J62: 13200 | K62: 13200 | L62: 13200 | M62: 13200 | N62: 13200 | O62: 13200 | P62: 13200 | Q62: 13200 | R62: 13200 | S62: 13200 | T62: 13200 | U62: 13200 | V62: 13200 | W62: 13200 | X62: 13200 | Y62: 13200 | Z62: 13200 | AA62: 13200 | AB62: 13200
C63: Domingo | D63: 4 | E63: 13200 | F63: 13200 | G63: 13200 | H63: 13200 | I63: 13200 | J63: 13200 | K63: 13200 | L63: 13200 | M63: 13200 | N63: 13200 | O63: 13200 | P63: 13200 | Q63: 13200 | R63: 13200 | S63: 13200 | T63: 13200 | U63: 13200 | V63: 13200 | W63: 13200 | X63: 13200 | Y63: 13200 | Z63: 13200 | AA63: 13200 | AB63: 13200
C64: Festivo | D64: 2 | E64: 13200 | F64: 13200 | G64: 13200 | H64: 13200 | I64: 13200 | J64: 13200 | K64: 13200 | L64: 13200 | M64: 13200 | N64: 13200 | O64: 13200 | P64: 13200 | Q64: 13200 | R64: 13200 | S64: 13200 | T64: 13200 | U64: 13200 | V64: 13200 | W64: 13200 | X64: 13200 | Y64: 13200 | Z64: 13200 | AA64: 13200 | AB64: 13200 | AD64: =+AC61 -> 9820800
B65: 47515 | C65: Ordinario | D65: 20 | E65: 13200 | F65: 13200 | G65: 13200 | H65: 13200 | I65: 13200 | J65: 13200 | K65: 13200 | L65: 13200 | M65: 13200 | N65: 13200 | O65: 13200 | P65: 13200 | Q65: 13200 | R65: 13200 | S65: 13200 | T65: 13200 | U65: 13200 | V65: 13200 | W65: 13200 | X65: 13200 | Y65: 13200 | Z65: 13200 | AA65: 13200 | AB65: 13200 | AC65: =SUM(E65:AB65)*D65+SUM(E66:AB66)*D66+SUM(E67:AB67)*D67+SUM(E68:AB68)*D68 -> 8870400 | AD65: =+AC65 -> 8870400
B66: Feb | C66: Sábado | D66: 4 | E66: 13200 | F66: 13200 | G66: 13200 | H66: 13200 | I66: 13200 | J66: 13200 | K66: 13200 | L66: 13200 | M66: 13200 | N66: 13200 | O66: 13200 | P66: 13200 | Q66: 13200 | R66: 13200 | S66: 13200 | T66: 13200 | U66: 13200 | V66: 13200 | W66: 13200 | X66: 13200 | Y66: 13200 | Z66: 13200 | AA66: 13200 | AB66: 13200 | AD66: =+AC69 -> 9820800
B67: Feb | C67: Domingo | D67: 4 | E67: 13200 | F67: 13200 | G67: 13200 | H67: 13200 | I67: 13200 | J67: 13200 | K67: 13200 | L67: 13200 | M67: 13200 | N67: 13200 | O67: 13200 | P67: 13200 | Q67: 13200 | R67: 13200 | S67: 13200 | T67: 13200 | U67: 13200 | V67: 13200 | W67: 13200 | X67: 13200 | Y67: 13200 | Z67: 13200 | AA67: 13200 | AB67: 13200 | AD67: =+AC73 -> 9504000
B68: Feb | C68: Festivo | D68: 0 | AD68: =+AC77 -> 9820800
B69: 47543 | C69: Ordinario | D69: 20 | E69: 13200 | F69: 13200 | G69: 13200 | H69: 13200 | I69: 13200 | J69: 13200 | K69: 13200 | L69: 13200 | M69: 13200 | N69: 13200 | O69: 13200 | P69: 13200 | Q69: 13200 | R69: 13200 | S69: 13200 | T69: 13200 | U69: 13200 | V69: 13200 | W69: 13200 | X69: 13200 | Y69: 13200 | Z69: 13200 | AA69: 13200 | AB69: 13200 | AC69: =SUM(E69:AB69)*D69+SUM(E70:AB70)*D70+SUM(E71:AB71)*D71+SUM(E72:AB72)*D72 -> 9820800 | AD69: =+AC81 -> 9504000
C70: Sábado | D70: 5 | E70: 13200 | F70: 13200 | G70: 13200 | H70: 13200 | I70: 13200 | J70: 13200 | K70: 13200 | L70: 13200 | M70: 13200 | N70: 13200 | O70: 13200 | P70: 13200 | Q70: 13200 | R70: 13200 | S70: 13200 | T70: 13200 | U70: 13200 | V70: 13200 | W70: 13200 | X70: 13200 | Y70: 13200 | Z70: 13200 | AA70: 13200 | AB70: 13200 | AD70: =+AC85 -> 9820800
C71: Domingo | D71: 5 | E71: 13200 | F71: 13200 | G71: 13200 | H71: 13200 | I71: 13200 | J71: 13200 | K71: 13200 | L71: 13200 | M71: 13200 | N71: 13200 | O71: 13200 | P71: 13200 | Q71: 13200 | R71: 13200 | S71: 13200 | T71: 13200 | U71: 13200 | V71: 13200 | W71: 13200 | X71: 13200 | Y71: 13200 | Z71: 13200 | AA71: 13200 | AB71: 13200 | AD71: =+AC89 -> 9820800
C72: Festivo | D72: 1 | E72: 13200 | F72: 13200 | G72: 13200 | H72: 13200 | I72: 13200 | J72: 13200 | K72: 13200 | L72: 13200 | M72: 13200 | N72: 13200 | O72: 13200 | P72: 13200 | Q72: 13200 | R72: 13200 | S72: 13200 | T72: 13200 | U72: 13200 | V72: 13200 | W72: 13200 | X72: 13200 | Y72: 13200 | Z72: 13200 | AA72: 13200 | AB72: 13200 | AD72: =+AC93 -> 9504000
B73: 47574 | C73: Ordinario | D73: 20 | E73: 13200 | F73: 13200 | G73: 13200 | H73: 13200 | I73: 13200 | J73: 13200 | K73: 13200 | L73: 13200 | M73: 13200 | N73: 13200 | O73: 13200 | P73: 13200 | Q73: 13200 | R73: 13200 | S73: 13200 | T73: 13200 | U73: 13200 | V73: 13200 | W73: 13200 | X73: 13200 | Y73: 13200 | Z73: 13200 | AA73: 13200 | AB73: 13200 | AC73: =SUM(E73:AB73)*D73+SUM(E74:AB74)*D74+SUM(E75:AB75)*D75+SUM(E76:AB76)*D76 -> 9504000 | AD73: =+AC97 -> 9820800
B74: Feb | C74: Sábado | D74: 4 | E74: 13200 | F74: 13200 | G74: 13200 | H74: 13200 | I74: 13200 | J74: 13200 | K74: 13200 | L74: 13200 | M74: 13200 | N74: 13200 | O74: 13200 | P74: 13200 | Q74: 13200 | R74: 13200 | S74: 13200 | T74: 13200 | U74: 13200 | V74: 13200 | W74: 13200 | X74: 13200 | Y74: 13200 | Z74: 13200 | AA74: 13200 | AB74: 13200 | AD74: =+AC101 -> 9504000
B75: Feb | C75: Domingo | D75: 4 | E75: 13200 | F75: 13200 | G75: 13200 | H75: 13200 | I75: 13200 | J75: 13200 | K75: 13200 | L75: 13200 | M75: 13200 | N75: 13200 | O75: 13200 | P75: 13200 | Q75: 13200 | R75: 13200 | S75: 13200 | T75: 13200 | U75: 13200 | V75: 13200 | W75: 13200 | X75: 13200 | Y75: 13200 | Z75: 13200 | AA75: 13200 | AB75: 13200 | AD75: =+AC105 -> 9820800
B76: Feb | C76: Festivo | D76: 2 | E76: 13200 | F76: 13200 | G76: 13200 | H76: 13200 | I76: 13200 | J76: 13200 | K76: 13200 | L76: 13200 | M76: 13200 | N76: 13200 | O76: 13200 | P76: 13200 | Q76: 13200 | R76: 13200 | S76: 13200 | T76: 13200 | U76: 13200 | V76: 13200 | W76: 13200 | X76: 13200 | Y76: 13200 | Z76: 13200 | AA76: 13200 | AB76: 13200
B77: 47604 | C77: Ordinario | D77: 22 | E77: 13200 | F77: 13200 | G77: 13200 | H77: 13200 | I77: 13200 | J77: 13200 | K77: 13200 | L77: 13200 | M77: 13200 | N77: 13200 | O77: 13200 | P77: 13200 | Q77: 13200 | R77: 13200 | S77: 13200 | T77: 13200 | U77: 13200 | V77: 13200 | W77: 13200 | X77: 13200 | Y77: 13200 | Z77: 13200 | AA77: 13200 | AB77: 13200 | AC77: =SUM(E77:AB77)*D77+SUM(E78:AB78)*D78+SUM(E79:AB79)*D79+SUM(E80:AB80)*D80 -> 9820800
C78: Sábado | D78: 4 | E78: 13200 | F78: 13200 | G78: 13200 | H78: 13200 | I78: 13200 | J78: 13200 | K78: 13200 | L78: 13200 | M78: 13200 | N78: 13200 | O78: 13200 | P78: 13200 | Q78: 13200 | R78: 13200 | S78: 13200 | T78: 13200 | U78: 13200 | V78: 13200 | W78: 13200 | X78: 13200 | Y78: 13200 | Z78: 13200 | AA78: 13200 | AB78: 13200
C79: Domingo | D79: 4 | E79: 13200 | F79: 13200 | G79: 13200 | H79: 13200 | I79: 13200 | J79: 13200 | K79: 13200 | L79: 13200 | M79: 13200 | N79: 13200 | O79: 13200 | P79: 13200 | Q79: 13200 | R79: 13200 | S79: 13200 | T79: 13200 | U79: 13200 | V79: 13200 | W79: 13200 | X79: 13200 | Y79: 13200 | Z79: 13200 | AA79: 13200 | AB79: 13200
C80: Festivo | D80: 1 | E80: 13200 | F80: 13200 | G80: 13200 | H80: 13200 | I80: 13200 | J80: 13200 | K80: 13200 | L80: 13200 | M80: 13200 | N80: 13200 | O80: 13200 | P80: 13200 | Q80: 13200 | R80: 13200 | S80: 13200 | T80: 13200 | U80: 13200 | V80: 13200 | W80: 13200 | X80: 13200 | Y80: 13200 | Z80: 13200 | AA80: 13200 | AB80: 13200
B81: 47635 | C81: Ordinario | D81: 18 | E81: 13200 | F81: 13200 | G81: 13200 | H81: 13200 | I81: 13200 | J81: 13200 | K81: 13200 | L81: 13200 | M81: 13200 | N81: 13200 | O81: 13200 | P81: 13200 | Q81: 13200 | R81: 13200 | S81: 13200 | T81: 13200 | U81: 13200 | V81: 13200 | W81: 13200 | X81: 13200 | Y81: 13200 | Z81: 13200 | AA81: 13200 | AB81: 13200 | AC81: =SUM(E81:AB81)*D81+SUM(E82:AB82)*D82+SUM(E83:AB83)*D83+SUM(E84:AB84)*D84 -> 9504000
B82: Feb | C82: Sábado | D82: 5 | E82: 13200 | F82: 13200 | G82: 13200 | H82: 13200 | I82: 13200 | J82: 13200 | K82: 13200 | L82: 13200 | M82: 13200 | N82: 13200 | O82: 13200 | P82: 13200 | Q82: 13200 | R82: 13200 | S82: 13200 | T82: 13200 | U82: 13200 | V82: 13200 | W82: 13200 | X82: 13200 | Y82: 13200 | Z82: 13200 | AA82: 13200 | AB82: 13200
B83: Feb | C83: Domingo | D83: 5 | E83: 13200 | F83: 13200 | G83: 13200 | H83: 13200 | I83: 13200 | J83: 13200 | K83: 13200 | L83: 13200 | M83: 13200 | N83: 13200 | O83: 13200 | P83: 13200 | Q83: 13200 | R83: 13200 | S83: 13200 | T83: 13200 | U83: 13200 | V83: 13200 | W83: 13200 | X83: 13200 | Y83: 13200 | Z83: 13200 | AA83: 13200 | AB83: 13200
B84: Feb | C84: Festivo | D84: 2 | E84: 13200 | F84: 13200 | G84: 13200 | H84: 13200 | I84: 13200 | J84: 13200 | K84: 13200 | L84: 13200 | M84: 13200 | N84: 13200 | O84: 13200 | P84: 13200 | Q84: 13200 | R84: 13200 | S84: 13200 | T84: 13200 | U84: 13200 | V84: 13200 | W84: 13200 | X84: 13200 | Y84: 13200 | Z84: 13200 | AA84: 13200 | AB84: 13200
B85: 47665 | C85: Ordinario | D85: 22 | E85: 13200 | F85: 13200 | G85: 13200 | H85: 13200 | I85: 13200 | J85: 13200 | K85: 13200 | L85: 13200 | M85: 13200 | N85: 13200 | O85: 13200 | P85: 13200 | Q85: 13200 | R85: 13200 | S85: 13200 | T85: 13200 | U85: 13200 | V85: 13200 | W85: 13200 | X85: 13200 | Y85: 13200 | Z85: 13200 | AA85: 13200 | AB85: 13200 | AC85: =SUM(E85:AB85)*D85+SUM(E86:AB86)*D86+SUM(E87:AB87)*D87+SUM(E88:AB88)*D88 -> 9820800
C86: Sábado | D86: 3 | E86: 13200 | F86: 13200 | G86: 13200 | H86: 13200 | I86: 13200 | J86: 13200 | K86: 13200 | L86: 13200 | M86: 13200 | N86: 13200 | O86: 13200 | P86: 13200 | Q86: 13200 | R86: 13200 | S86: 13200 | T86: 13200 | U86: 13200 | V86: 13200 | W86: 13200 | X86: 13200 | Y86: 13200 | Z86: 13200 | AA86: 13200 | AB86: 13200
C87: Domingo | D87: 4 | E87: 13200 | F87: 13200 | G87: 13200 | H87: 13200 | I87: 13200 | J87: 13200 | K87: 13200 | L87: 13200 | M87: 13200 | N87: 13200 | O87: 13200 | P87: 13200 | Q87: 13200 | R87: 13200 | S87: 13200 | T87: 13200 | U87: 13200 | V87: 13200 | W87: 13200 | X87: 13200 | Y87: 13200 | Z87: 13200 | AA87: 13200 | AB87: 13200
C88: Festivo | D88: 2 | E88: 13200 | F88: 13200 | G88: 13200 | H88: 13200 | I88: 13200 | J88: 13200 | K88: 13200 | L88: 13200 | M88: 13200 | N88: 13200 | O88: 13200 | P88: 13200 | Q88: 13200 | R88: 13200 | S88: 13200 | T88: 13200 | U88: 13200 | V88: 13200 | W88: 13200 | X88: 13200 | Y88: 13200 | Z88: 13200 | AA88: 13200 | AB88: 13200
B89: 47696 | C89: Ordinario | D89: 20 | E89: 13200 | F89: 13200 | G89: 13200 | H89: 13200 | I89: 13200 | J89: 13200 | K89: 13200 | L89: 13200 | M89: 13200 | N89: 13200 | O89: 13200 | P89: 13200 | Q89: 13200 | R89: 13200 | S89: 13200 | T89: 13200 | U89: 13200 | V89: 13200 | W89: 13200 | X89: 13200 | Y89: 13200 | Z89: 13200 | AA89: 13200 | AB89: 13200 | AC89: =SUM(E89:AB89)*D89+SUM(E90:AB90)*D90+SUM(E91:AB91)*D91+SUM(E92:AB92)*D92 -> 9820800
B90: Feb | C90: Sábado | D90: 5 | E90: 13200 | F90: 13200 | G90: 13200 | H90: 13200 | I90: 13200 | J90: 13200 | K90: 13200 | L90: 13200 | M90: 13200 | N90: 13200 | O90: 13200 | P90: 13200 | Q90: 13200 | R90: 13200 | S90: 13200 | T90: 13200 | U90: 13200 | V90: 13200 | W90: 13200 | X90: 13200 | Y90: 13200 | Z90: 13200 | AA90: 13200 | AB90: 13200
B91: Feb | C91: Domingo | D91: 4 | E91: 13200 | F91: 13200 | G91: 13200 | H91: 13200 | I91: 13200 | J91: 13200 | K91: 13200 | L91: 13200 | M91: 13200 | N91: 13200 | O91: 13200 | P91: 13200 | Q91: 13200 | R91: 13200 | S91: 13200 | T91: 13200 | U91: 13200 | V91: 13200 | W91: 13200 | X91: 13200 | Y91: 13200 | Z91: 13200 | AA91: 13200 | AB91: 13200
B92: Feb | C92: Festivo | D92: 2 | E92: 13200 | F92: 13200 | G92: 13200 | H92: 13200 | I92: 13200 | J92: 13200 | K92: 13200 | L92: 13200 | M92: 13200 | N92: 13200 | O92: 13200 | P92: 13200 | Q92: 13200 | R92: 13200 | S92: 13200 | T92: 13200 | U92: 13200 | V92: 13200 | W92: 13200 | X92: 13200 | Y92: 13200 | Z92: 13200 | AA92: 13200 | AB92: 13200
B93: 47727 | C93: Ordinario | D93: 21 | E93: 13200 | F93: 13200 | G93: 13200 | H93: 13200 | I93: 13200 | J93: 13200 | K93: 13200 | L93: 13200 | M93: 13200 | N93: 13200 | O93: 13200 | P93: 13200 | Q93: 13200 | R93: 13200 | S93: 13200 | T93: 13200 | U93: 13200 | V93: 13200 | W93: 13200 | X93: 13200 | Y93: 13200 | Z93: 13200 | AA93: 13200 | AB93: 13200 | AC93: =SUM(E93:AB93)*D93+SUM(E94:AB94)*D94+SUM(E95:AB95)*D95+SUM(E96:AB96)*D96 -> 9504000
C94: Sábado | D94: 4 | E94: 13200 | F94: 13200 | G94: 13200 | H94: 13200 | I94: 13200 | J94: 13200 | K94: 13200 | L94: 13200 | M94: 13200 | N94: 13200 | O94: 13200 | P94: 13200 | Q94: 13200 | R94: 13200 | S94: 13200 | T94: 13200 | U94: 13200 | V94: 13200 | W94: 13200 | X94: 13200 | Y94: 13200 | Z94: 13200 | AA94: 13200 | AB94: 13200
C95: Domingo | D95: 5 | E95: 13200 | F95: 13200 | G95: 13200 | H95: 13200 | I95: 13200 | J95: 13200 | K95: 13200 | L95: 13200 | M95: 13200 | N95: 13200 | O95: 13200 | P95: 13200 | Q95: 13200 | R95: 13200 | S95: 13200 | T95: 13200 | U95: 13200 | V95: 13200 | W95: 13200 | X95: 13200 | Y95: 13200 | Z95: 13200 | AA95: 13200 | AB95: 13200
C96: Festivo | D96: 0
B97: 47757 | C97: Ordinario | D97: 22 | E97: 13200 | F97: 13200 | G97: 13200 | H97: 13200 | I97: 13200 | J97: 13200 | K97: 13200 | L97: 13200 | M97: 13200 | N97: 13200 | O97: 13200 | P97: 13200 | Q97: 13200 | R97: 13200 | S97: 13200 | T97: 13200 | U97: 13200 | V97: 13200 | W97: 13200 | X97: 13200 | Y97: 13200 | Z97: 13200 | AA97: 13200 | AB97: 13200 | AC97: =SUM(E97:AB97)*D97+SUM(E98:AB98)*D98+SUM(E99:AB99)*D99+SUM(E100:AB100)*D100 -> 9820800
B98: Feb | C98: Sábado | D98: 4 | E98: 13200 | F98: 13200 | G98: 13200 | H98: 13200 | I98: 13200 | J98: 13200 | K98: 13200 | L98: 13200 | M98: 13200 | N98: 13200 | O98: 13200 | P98: 13200 | Q98: 13200 | R98: 13200 | S98: 13200 | T98: 13200 | U98: 13200 | V98: 13200 | W98: 13200 | X98: 13200 | Y98: 13200 | Z98: 13200 | AA98: 13200 | AB98: 13200
B99: Feb | C99: Domingo | D99: 4 | E99: 13200 | F99: 13200 | G99: 13200 | H99: 13200 | I99: 13200 | J99: 13200 | K99: 13200 | L99: 13200 | M99: 13200 | N99: 13200 | O99: 13200 | P99: 13200 | Q99: 13200 | R99: 13200 | S99: 13200 | T99: 13200 | U99: 13200 | V99: 13200 | W99: 13200 | X99: 13200 | Y99: 13200 | Z99: 13200 | AA99: 13200 | AB99: 13200
B100: Feb | C100: Festivo | D100: 1 | E100: 13200 | F100: 13200 | G100: 13200 | H100: 13200 | I100: 13200 | J100: 13200 | K100: 13200 | L100: 13200 | M100: 13200 | N100: 13200 | O100: 13200 | P100: 13200 | Q100: 13200 | R100: 13200 | S100: 13200 | T100: 13200 | U100: 13200 | V100: 13200 | W100: 13200 | X100: 13200 | Y100: 13200 | Z100: 13200 | AA100: 13200 | AB100: 13200
B101: 47788 | C101: Ordinario | D101: 19 | E101: 13200 | F101: 13200 | G101: 13200 | H101: 13200 | I101: 13200 | J101: 13200 | K101: 13200 | L101: 13200 | M101: 13200 | N101: 13200 | O101: 13200 | P101: 13200 | Q101: 13200 | R101: 13200 | S101: 13200 | T101: 13200 | U101: 13200 | V101: 13200 | W101: 13200 | X101: 13200 | Y101: 13200 | Z101: 13200 | AA101: 13200 | AB101: 13200 | AC101: =SUM(E101:AB101)*D101+SUM(E102:AB102)*D102+SUM(E103:AB103)*D103+SUM(E104:AB104)*D104 -> 9504000
C102: Sábado | D102: 5 | E102: 13200 | F102: 13200 | G102: 13200 | H102: 13200 | I102: 13200 | J102: 13200 | K102: 13200 | L102: 13200 | M102: 13200 | N102: 13200 | O102: 13200 | P102: 13200 | Q102: 13200 | R102: 13200 | S102: 13200 | T102: 13200 | U102: 13200 | V102: 13200 | W102: 13200 | X102: 13200 | Y102: 13200 | Z102: 13200 | AA102: 13200 | AB102: 13200
C103: Domingo | D103: 4 | E103: 13200 | F103: 13200 | G103: 13200 | H103: 13200 | I103: 13200 | J103: 13200 | K103: 13200 | L103: 13200 | M103: 13200 | N103: 13200 | O103: 13200 | P103: 13200 | Q103: 13200 | R103: 13200 | S103: 13200 | T103: 13200 | U103: 13200 | V103: 13200 | W103: 13200 | X103: 13200 | Y103: 13200 | Z103: 13200 | AA103: 13200 | AB103: 13200
C104: Festivo | D104: 2 | E104: 13200 | F104: 13200 | G104: 13200 | H104: 13200 | I104: 13200 | J104: 13200 | K104: 13200 | L104: 13200 | M104: 13200 | N104: 13200 | O104: 13200 | P104: 13200 | Q104: 13200 | R104: 13200 | S104: 13200 | T104: 13200 | U104: 13200 | V104: 13200 | W104: 13200 | X104: 13200 | Y104: 13200 | Z104: 13200 | AA104: 13200 | AB104: 13200
...
