Workbook

Sheet Cantidades 2026
C2: CANTIDADES DE ENERGÍA SOLICITADAS (kWh)
C3: EMPRESAS PÚBLICAS DE MEDELLÍN E.S.P.
C4: 2026
C6: Mes | D6: Tipo Día | E6: Días | F6: H1 | G6: H2 | H6: H3 | I6: H4 | J6: H5 | K6: H6 | L6: H7 | M6: H8 | N6: H9 | O6: H10 | P6: H11 | Q6: H12 | R6: H13 | S6: H14 | T6: H15 | U6: H16 | V6: H17 | W6: H18 | X6: H19 | Y6: H20 | Z6: H21 | AA6: H22 | AB6: H23 | AC6: H24 | AD6: TOTAL MES
C7: Ene | D7: Ordinario | E7: 20 | F7: =+[1]Resumen!F7*1000 -> 124578.86 | G7: =+[1]Resumen!G7*1000 -> 109402.7 | H7: =+[1]Resumen!H7*1000 -> 100411.45 | I7: =+[1]Resumen!I7*1000 -> 98605.226 | J7: =+[1]Resumen!J7*1000 -> 105052.62 | K7: =+[1]Resumen!K7*1000 -> 134050.26 | L7: =+[1]Resumen!L7*1000 -> 164230 | M7: =+[1]Resumen!M7*1000 -> 141470.41 | ... AC7: =+[1]Resumen!AC7*1000 -> 112919.12 | AD7: =SUM(F7:AC7)*E7+SUM(F8:AC8)*E8+SUM(F9:AC9)*E9+SUM(F10:AC10)*E10 -> 1.128558e+08
D8: Sábado | E8: 5 | F8: =+[1]Resumen!F8*1000 -> 118969.08 | G8: =+[1]Resumen!G8*1000 -> 103503.49 | H8: =+[1]Resumen!H8*1000 -> 93866.356 | I8: =+[1]Resumen!I8*1000 -> 89493.934 | J8: =+[1]Resumen!J8*1000 -> 96596.15 | K8: =+[1]Resumen!K8*1000 -> 111260.79 | L8: =+[1]Resumen!L8*1000 -> 132737.08 | M8: =+[1]Resumen!M8*1000 -> 110594.78 | ... AC8: =+[1]Resumen!AC8*1000 -> 96953
D9: Domingo | E9: 4 | F9: =+[1]Resumen!F9*1000 -> 118965 | G9: =+[1]Resumen!G9*1000 -> 101991.39 | H9: =+[1]Resumen!H9*1000 -> 90357.16 | I9: =+[1]Resumen!I9*1000 -> 83682.428 | J9: =+[1]Resumen!J9*1000 -> 85342.866 | K9: =+[1]Resumen!K9*1000 -> 91906.505 | L9: =+[1]Resumen!L9*1000 -> 101720.42 | M9: =+[1]Resumen!M9*1000 -> 72813.263 | ... AC9: =+[1]Resumen!AC9*1000 -> 80423.048
D10: Festivo | E10: 2 | F10: =+[1]Resumen!F10*1000 -> 101283.11 | G10: =+[1]Resumen!G10*1000 -> 90727.54 | H10: =+[1]Resumen!H10*1000 -> 79383.519 | I10: =+[1]Resumen!I10*1000 -> 73338.042 | J10: =+[1]Resumen!J10*1000 -> 73549.544 | K10: =+[1]Resumen!K10*1000 -> 79333.656 | L10: =+[1]Resumen!L10*1000 -> 80331.822 | M10: =+[1]Resumen!M10*1000 -> 43394.803 | ... AC10: =+[1]Resumen!AC10*1000 -> 65781.993
C11: Feb | D11: Ordinario | E11: 20 | F11: =+[1]Resumen!F11*1000 -> 134635.56 | G11: =+[1]Resumen!G11*1000 -> 119857.73 | H11: =+[1]Resumen!H11*1000 -> 112695.26 | I11: =+[1]Resumen!I11*1000 -> 112562.45 | J11: =+[1]Resumen!J11*1000 -> 128433.67 | K11: =+[1]Resumen!K11*1000 -> 182282.38 | L11: =+[1]Resumen!L11*1000 -> 213689.94 | M11: =+[1]Resumen!M11*1000 -> 174884.44 | ... AC11: =+[1]Resumen!AC11*1000 -> 119393.43 | AD11: =SUM(F11:AC11)*E11+SUM(F12:AC12)*E12+SUM(F13:AC13)*E13+SUM(F14:AC14)*E14 -> 1.1979185e+08
D12: Sábado | E12: 4 | F12: =+[1]Resumen!F12*1000 -> 146641.36 | G12: =+[1]Resumen!G12*1000 -> 130146.11 | H12: =+[1]Resumen!H12*1000 -> 119033.18 | I12: =+[1]Resumen!I12*1000 -> 116599.56 | J12: =+[1]Resumen!J12*1000 -> 125452.6 | K12: =+[1]Resumen!K12*1000 -> 141985.36 | L12: =+[1]Resumen!L12*1000 -> 171578.55 | M12: =+[1]Resumen!M12*1000 -> 151685.25 | ... AC12: =+[1]Resumen!AC12*1000 -> 117539.17
D13: Domingo | E13: 4 | F13: =+[1]Resumen!F13*1000 -> 137422.17 | G13: =+[1]Resumen!G13*1000 -> 119656.51 | H13: =+[1]Resumen!H13*1000 -> 108603.64 | I13: =+[1]Resumen!I13*1000 -> 103407.19 | J13: =+[1]Resumen!J13*1000 -> 105484.44 | K13: =+[1]Resumen!K13*1000 -> 111788.31 | L13: =+[1]Resumen!L13*1000 -> 125267.68 | M13: =+[1]Resumen!M13*1000 -> 97334.108 | ... AC13: =+[1]Resumen!AC13*1000 -> 96928.343
D14: Festivo | E14: 0 | F14: =+[1]Resumen!F14*1000 -> 0 | G14: =+[1]Resumen!G14*1000 -> 0 | H14: =+[1]Resumen!H14*1000 -> 0 | I14: =+[1]Resumen!I14*1000 -> 0 | J14: =+[1]Resumen!J14*1000 -> 0 | K14: =+[1]Resumen!K14*1000 -> 0 | L14: =+[1]Resumen!L14*1000 -> 0 | M14: =+[1]Resumen!M14*1000 -> 0 | ... AC14: =+[1]Resumen!AC14*1000 -> 0
C15: Mar | D15: Ordinario | E15: 21 | F15: =+[1]Resumen!F15*1000 -> 129822.01 | G15: =+[1]Resumen!G15*1000 -> 116525.85 | H15: =+[1]Resumen!H15*1000 -> 109482.61 | I15: =+[1]Resumen!I15*1000 -> 109419.41 | J15: =+[1]Resumen!J15*1000 -> 124085.57 | K15: =+[1]Resumen!K15*1000 -> 173701.67 | L15: =+[1]Resumen!L15*1000 -> 202642.59 | M15: =+[1]Resumen!M15*1000 -> 166205.96 | ... AC15: =+[1]Resumen!AC15*1000 -> 114342.74 | AD15: =SUM(F15:AC15)*E15+SUM(F16:AC16)*E16+SUM(F17:AC17)*E17+SUM(F18:AC18)*E18 -> 1.259155e+08
D16: Sábado | E16: 4 | F16: =+[1]Resumen!F16*1000 -> 130520.17 | G16: =+[1]Resumen!G16*1000 -> 115832.72 | H16: =+[1]Resumen!H16*1000 -> 106139.3 | I16: =+[1]Resumen!I16*1000 -> 103687.85 | J16: =+[1]Resumen!J16*1000 -> 113347.86 | K16: =+[1]Resumen!K16*1000 -> 132696.38 | L16: =+[1]Resumen!L16*1000 -> 158591.5 | M16: =+[1]Resumen!M16*1000 -> 144599.56 | ... AC16: =+[1]Resumen!AC16*1000 -> 115154.61
D17: Domingo | E17: 5 | F17: =+[1]Resumen!F17*1000 -> 130655.27 | G17: =+[1]Resumen!G17*1000 -> 113902.66 | H17: =+[1]Resumen!H17*1000 -> 102300.95 | I17: =+[1]Resumen!I17*1000 -> 96535.679 | J17: =+[1]Resumen!J17*1000 -> 97343.365 | K17: =+[1]Resumen!K17*1000 -> 103221.51 | L17: =+[1]Resumen!L17*1000 -> 112581.15 | M17: =+[1]Resumen!M17*1000 -> 88386.59 | ... AC17: =+[1]Resumen!AC17*1000 -> 93374.045
D18: Festivo | E18: 1 | F18: =+[1]Resumen!F18*1000 -> 153414.63 | G18: =+[1]Resumen!G18*1000 -> 137763.58 | H18: =+[1]Resumen!H18*1000 -> 126600.62 | I18: =+[1]Resumen!I18*1000 -> 120389.28 | J18: =+[1]Resumen!J18*1000 -> 123541.3 | K18: =+[1]Resumen!K18*1000 -> 129442.46 | L18: =+[1]Resumen!L18*1000 -> 136709.42 | M18: =+[1]Resumen!M18*1000 -> 113398.02 | ... AC18: =+[1]Resumen!AC18*1000 -> 125787.67
C19: Abr | D19: Ordinario | E19: 20 | F19: =+[1]Resumen!F19*1000 -> 130136.36 | G19: =+[1]Resumen!G19*1000 -> 115615.23 | H19: =+[1]Resumen!H19*1000 -> 108242.05 | I19: =+[1]Resumen!I19*1000 -> 108138.33 | J19: =+[1]Resumen!J19*1000 -> 122106.07 | K19: =+[1]Resumen!K19*1000 -> 167286.91 | L19: =+[1]Resumen!L19*1000 -> 197366.31 | M19: =+[1]Resumen!M19*1000 -> 163856.1 | ... AC19: =+[1]Resumen!AC19*1000 -> 119444.52 | AD19: =SUM(F19:AC19)*E19+SUM(F20:AC20)*E20+SUM(F21:AC21)*E21+SUM(F22:AC22)*E22 -> 1.2310701e+08
D20: Sábado | E20: 4 | F20: =+[1]Resumen!F20*1000 -> 132507.75 | G20: =+[1]Resumen!G20*1000 -> 114779.88 | H20: =+[1]Resumen!H20*1000 -> 104428.08 | I20: =+[1]Resumen!I20*1000 -> 102451.77 | J20: =+[1]Resumen!J20*1000 -> 110290.99 | K20: =+[1]Resumen!K20*1000 -> 127364.78 | L20: =+[1]Resumen!L20*1000 -> 154209.69 | M20: =+[1]Resumen!M20*1000 -> 137143.14 | ... AC20: =+[1]Resumen!AC20*1000 -> 118874.98
D21: Domingo | E21: 4 | F21: =+[1]Resumen!F21*1000 -> 138598.7 | G21: =+[1]Resumen!G21*1000 -> 120696.88 | H21: =+[1]Resumen!H21*1000 -> 108698.24 | I21: =+[1]Resumen!I21*1000 -> 103357.23 | J21: =+[1]Resumen!J21*1000 -> 104658.11 | K21: =+[1]Resumen!K21*1000 -> 108446.56 | L21: =+[1]Resumen!L21*1000 -> 122069.59 | M21: =+[1]Resumen!M21*1000 -> 99192.094 | ... AC21: =+[1]Resumen!AC21*1000 -> 94096.855
D22: Festivo | E22: 2 | F22: =+[1]Resumen!F22*1000 -> 154532.94 | G22: =+[1]Resumen!G22*1000 -> 135859.73 | H22: =+[1]Resumen!H22*1000 -> 123083.57 | I22: =+[1]Resumen!I22*1000 -> 116602.42 | J22: =+[1]Resumen!J22*1000 -> 118450.93 | K22: =+[1]Resumen!K22*1000 -> 122451.37 | L22: =+[1]Resumen!L22*1000 -> 128671.71 | M22: =+[1]Resumen!M22*1000 -> 100501.35 | ... AC22: =+[1]Resumen!AC22*1000 -> 127451.02
C23: May | D23: Ordinario | E23: 19 | F23: =+[1]Resumen!F23*1000 -> 60229.398 | G23: =+[1]Resumen!G23*1000 -> 51930.199 | H23: =+[1]Resumen!H23*1000 -> 47945.509 | I23: =+[1]Resumen!I23*1000 -> 48923.683 | J23: =+[1]Resumen!J23*1000 -> 66917.281 | K23: =+[1]Resumen!K23*1000 -> 114411.01 | L23: =+[1]Resumen!L23*1000 -> 137483.77 | M23: =+[1]Resumen!M23*1000 -> 106691.77 | ... AC23: =+[1]Resumen!AC23*1000 -> 49397.73 | AD23: =SUM(F23:AC23)*E23+SUM(F24:AC24)*E24+SUM(F25:AC25)*E25+SUM(F26:AC26)*E26 -> 61191885
D24: Sábado | E24: 5 | F24: =+[1]Resumen!F24*1000 -> 78490.882 | G24: =+[1]Resumen!G24*1000 -> 65557.25 | H24: =+[1]Resumen!H24*1000 -> 57947.932 | I24: =+[1]Resumen!I24*1000 -> 52760.584 | J24: =+[1]Resumen!J24*1000 -> 50038.675 | K24: =+[1]Resumen!K24*1000 -> 51023.126 | L24: =+[1]Resumen!L24*1000 -> 58861.4 | M24: =+[1]Resumen!M24*1000 -> 44578.352 | ... AC24: =+[1]Resumen!AC24*1000 -> 54782.368
D25: Domingo | E25: 5 | F25: =+[1]Resumen!F25*1000 -> 72646.544 | G25: =+[1]Resumen!G25*1000 -> 61216.407 | H25: =+[1]Resumen!H25*1000 -> 48644.039 | I25: =+[1]Resumen!I25*1000 -> 37756.871 | J25: =+[1]Resumen!J25*1000 -> 23886.116 | K25: =+[1]Resumen!K25*1000 -> 7589.4374 | L25: =+[1]Resumen!L25*1000 -> 0 | M25: =+[1]Resumen!M25*1000 -> 0 | ... AC25: =+[1]Resumen!AC25*1000 -> 19292.608
D26: Festivo | E26: 2 | F26: =+[1]Resumen!F26*1000 -> 58943.613 | G26: =+[1]Resumen!G26*1000 -> 48811.219 | H26: =+[1]Resumen!H26*1000 -> 42705.166 | I26: =+[1]Resumen!I26*1000 -> 38858.577 | J26: =+[1]Resumen!J26*1000 -> 42982.34 | K26: =+[1]Resumen!K26*1000 -> 53595.28 | L26: =+[1]Resumen!L26*1000 -> 49777.666 | M26: =+[1]Resumen!M26*1000 -> 23587.942 | ... AC26: =+[1]Resumen!AC26*1000 -> 18841.349
C27: Jun | D27: Ordinario | E27: 19 | F27: =+[1]Resumen!F27*1000 -> 39386.405 | G27: =+[1]Resumen!G27*1000 -> 30273.889 | H27: =+[1]Resumen!H27*1000 -> 25911.86 | I27: =+[1]Resumen!I27*1000 -> 25695.218 | J27: =+[1]Resumen!J27*1000 -> 31706.431 | K27: =+[1]Resumen!K27*1000 -> 53408.962 | L27: =+[1]Resumen!L27*1000 -> 72605.989 | M27: =+[1]Resumen!M27*1000 -> 51789.776 | ... AC27: =+[1]Resumen!AC27*1000 -> 17948.571 | AD27: =SUM(F27:AC27)*E27+SUM(F28:AC28)*E28+SUM(F29:AC29)*E29+SUM(F30:AC30)*E30 -> 37597003
D28: Sábado | E28: 4 | F28: =+[1]Resumen!F28*1000 -> 37782.544 | G28: =+[1]Resumen!G28*1000 -> 28167.325 | H28: =+[1]Resumen!H28*1000 -> 20450.165 | I28: =+[1]Resumen!I28*1000 -> 18600.791 | J28: =+[1]Resumen!J28*1000 -> 22108.763 | K28: =+[1]Resumen!K28*1000 -> 30085.309 | L28: =+[1]Resumen!L28*1000 -> 44703.746 | M28: =+[1]Resumen!M28*1000 -> 32879.981 | ... AC28: =+[1]Resumen!AC28*1000 -> 18982.358
D29: Domingo | E29: 4 | F29: =+[1]Resumen!F29*1000 -> 41827.298 | G29: =+[1]Resumen!G29*1000 -> 32904.957 | H29: =+[1]Resumen!H29*1000 -> 25798.217 | I29: =+[1]Resumen!I29*1000 -> 23510.58 | J29: =+[1]Resumen!J29*1000 -> 23861.644 | K29: =+[1]Resumen!K29*1000 -> 25628.055 | L29: =+[1]Resumen!L29*1000 -> 28225.579 | M29: =+[1]Resumen!M29*1000 -> 6899.6969 | ... AC29: =+[1]Resumen!AC29*1000 -> 15098.976
D30: Festivo | E30: 3 | F30: =+[1]Resumen!F30*1000 -> 37777.478 | G30: =+[1]Resumen!G30*1000 -> 27487.941 | H30: =+[1]Resumen!H30*1000 -> 21372.304 | I30: =+[1]Resumen!I30*1000 -> 18796.426 | J30: =+[1]Resumen!J30*1000 -> 18760.73 | K30: =+[1]Resumen!K30*1000 -> 22110.706 | L30: =+[1]Resumen!L30*1000 -> 24896.114 | M30: =+[1]Resumen!M30*1000 -> 706.28262 | ... AC30: =+[1]Resumen!AC30*1000 -> 15334.742
C31: Jul | D31: Ordinario | E31: 22 | F31: =+[1]Resumen!F31*1000 -> 58407.641 | G31: =+[1]Resumen!G31*1000 -> 48195.54 | H31: =+[1]Resumen!H31*1000 -> 42332.835 | I31: =+[1]Resumen!I31*1000 -> 42152.666 | J31: =+[1]Resumen!J31*1000 -> 48114.676 | K31: =+[1]Resumen!K31*1000 -> 71303.04 | L31: =+[1]Resumen!L31*1000 -> 91915.14 | M31: =+[1]Resumen!M31*1000 -> 72941.728 | ... AC31: =+[1]Resumen!AC31*1000 -> 41746.316 | AD31: =SUM(F31:AC31)*E31+SUM(F32:AC32)*E32+SUM(F33:AC33)*E33+SUM(F34:AC34)*E34 -> 56655222
D32: Sábado | E32: 4 | F32: =+[1]Resumen!F32*1000 -> 61301.796 | G32: =+[1]Resumen!G32*1000 -> 51153.081 | H32: =+[1]Resumen!H32*1000 -> 44152.255 | I32: =+[1]Resumen!I32*1000 -> 40733.277 | J32: =+[1]Resumen!J32*1000 -> 44885.598 | K32: =+[1]Resumen!K32*1000 -> 54246.751 | L32: =+[1]Resumen!L32*1000 -> 69153.415 | M32: =+[1]Resumen!M32*1000 -> 55086.098 | ... AC32: =+[1]Resumen!AC32*1000 -> 29790.176
D33: Domingo | E33: 4 | F33: =+[1]Resumen!F33*1000 -> 42878.829 | G33: =+[1]Resumen!G33*1000 -> 32946.172 | H33: =+[1]Resumen!H33*1000 -> 25215.815 | I33: =+[1]Resumen!I33*1000 -> 21224.337 | J33: =+[1]Resumen!J33*1000 -> 23234.593 | K33: =+[1]Resumen!K33*1000 -> 24701.799 | L33: =+[1]Resumen!L33*1000 -> 32866.918 | M33: =+[1]Resumen!M33*1000 -> 13085.5 | ... AC33: =+[1]Resumen!AC33*1000 -> 8303.5238
D34: Festivo | E34: 1 | F34: =+[1]Resumen!F34*1000 -> 79081.006 | G34: =+[1]Resumen!G34*1000 -> 65745.237 | H34: =+[1]Resumen!H34*1000 -> 57263.533 | I34: =+[1]Resumen!I34*1000 -> 50841.266 | J34: =+[1]Resumen!J34*1000 -> 46538.588 | K34: =+[1]Resumen!K34*1000 -> 40350.129 | L34: =+[1]Resumen!L34*1000 -> 43700.595 | M34: =+[1]Resumen!M34*1000 -> 23346.345 | ... AC34: =+[1]Resumen!AC34*1000 -> 38445.261
C35: Ago | D35: Ordinario | E35: 19 | F35: =+[1]Resumen!F35*1000 -> 63754.357 | G35: =+[1]Resumen!G35*1000 -> 52639.122 | H35: =+[1]Resumen!H35*1000 -> 46391.527 | I35: =+[1]Resumen!I35*1000 -> 45857.156 | J35: =+[1]Resumen!J35*1000 -> 53424.11 | K35: =+[1]Resumen!K35*1000 -> 80004.131 | L35: =+[1]Resumen!L35*1000 -> 102781.4 | M35: =+[1]Resumen!M35*1000 -> 81787.137 | ... AC35: =+[1]Resumen!AC35*1000 -> 46793.493 | AD35: =SUM(F35:AC35)*E35+SUM(F36:AC36)*E36+SUM(F37:AC37)*E37+SUM(F38:AC38)*E38 -> 59386897
D36: Sábado | E36: 5 | F36: =+[1]Resumen!F36*1000 -> 60429.298 | G36: =+[1]Resumen!G36*1000 -> 50327.28 | H36: =+[1]Resumen!H36*1000 -> 44257.331 | I36: =+[1]Resumen!I36*1000 -> 40973.694 | J36: =+[1]Resumen!J36*1000 -> 46411.355 | K36: =+[1]Resumen!K36*1000 -> 53529.46 | L36: =+[1]Resumen!L36*1000 -> 70152.916 | M36: =+[1]Resumen!M36*1000 -> 58733.691 | ... AC36: =+[1]Resumen!AC36*1000 -> 33664.434
D37: Domingo | E37: 5 | F37: =+[1]Resumen!F37*1000 -> 55867.636 | G37: =+[1]Resumen!G37*1000 -> 45992.728 | H37: =+[1]Resumen!H37*1000 -> 37449.231 | I37: =+[1]Resumen!I37*1000 -> 34625.451 | J37: =+[1]Resumen!J37*1000 -> 35656.939 | K37: =+[1]Resumen!K37*1000 -> 40123.866 | L37: =+[1]Resumen!L37*1000 -> 43796.347 | M37: =+[1]Resumen!M37*1000 -> 24642.255 | ... AC37: =+[1]Resumen!AC37*1000 -> 23599.544
D38: Festivo | E38: 2 | F38: =+[1]Resumen!F38*1000 -> 45392.196 | G38: =+[1]Resumen!G38*1000 -> 34005.225 | H38: =+[1]Resumen!H38*1000 -> 24791.861 | I38: =+[1]Resumen!I38*1000 -> 24637.648 | J38: =+[1]Resumen!J38*1000 -> 23954.317 | K38: =+[1]Resumen!K38*1000 -> 32559.939 | L38: =+[1]Resumen!L38*1000 -> 40796.107 | M38: =+[1]Resumen!M38*1000 -> 17984.652 | ... AC38: =+[1]Resumen!AC38*1000 -> 24199.281
C39: Sep | D39: Ordinario | E39: 22 | F39: =+[1]Resumen!F39*1000 -> 124017.53 | G39: =+[1]Resumen!G39*1000 -> 110124.47 | H39: =+[1]Resumen!H39*1000 -> 102336.65 | I39: =+[1]Resumen!I39*1000 -> 101378.52 | J39: =+[1]Resumen!J39*1000 -> 112060.74 | K39: =+[1]Resumen!K39*1000 -> 151748.19 | L39: =+[1]Resumen!L39*1000 -> 182087.54 | M39: =+[1]Resumen!M39*1000 -> 150547.84 | ... AC39: =+[1]Resumen!AC39*1000 -> 106579.81 | AD39: =SUM(F39:AC39)*E39+SUM(F40:AC40)*E40+SUM(F41:AC41)*E41+SUM(F42:AC42)*E42 -> 1.1331602e+08
D40: Sábado | E40: 4 | F40: =+[1]Resumen!F40*1000 -> 115303.52 | G40: =+[1]Resumen!G40*1000 -> 101590.24 | H40: =+[1]Resumen!H40*1000 -> 92247.34 | I40: =+[1]Resumen!I40*1000 -> 89244.319 | J40: =+[1]Resumen!J40*1000 -> 96797.527 | K40: =+[1]Resumen!K40*1000 -> 114489.91 | L40: =+[1]Resumen!L40*1000 -> 136197.8 | M40: =+[1]Resumen!M40*1000 -> 118730.97 | ... AC40: =+[1]Resumen!AC40*1000 -> 99820.421
D41: Domingo | E41: 4 | F41: =+[1]Resumen!F41*1000 -> 121038.04 | G41: =+[1]Resumen!G41*1000 -> 102716.82 | H41: =+[1]Resumen!H41*1000 -> 91746.403 | I41: =+[1]Resumen!I41*1000 -> 85331.235 | J41: =+[1]Resumen!J41*1000 -> 85731.54 | K41: =+[1]Resumen!K41*1000 -> 89576.467 | L41: =+[1]Resumen!L41*1000 -> 97437.618 | M41: =+[1]Resumen!M41*1000 -> 69570.729 | ... AC41: =+[1]Resumen!AC41*1000 -> 77901.477
D42: Festivo | E42: 0 | F42: =+[1]Resumen!F42*1000 -> 0 | G42: =+[1]Resumen!G42*1000 -> 0 | H42: =+[1]Resumen!H42*1000 -> 0 | I42: =+[1]Resumen!I42*1000 -> 0 | J42: =+[1]Resumen!J42*1000 -> 0 | K42: =+[1]Resumen!K42*1000 -> 0 | L42: =+[1]Resumen!L42*1000 -> 0 | M42: =+[1]Resumen!M42*1000 -> 0 | ... AC42: =+[1]Resumen!AC42*1000 -> 0
C43: Oct | D43: Ordinario | E43: 21 | F43: =+[1]Resumen!F43*1000 -> 102681.17 | G43: =+[1]Resumen!G43*1000 -> 88974.585 | H43: =+[1]Resumen!H43*1000 -> 81910.008 | I43: =+[1]Resumen!I43*1000 -> 81907.516 | J43: =+[1]Resumen!J43*1000 -> 91126.265 | K43: =+[1]Resumen!K43*1000 -> 125494.91 | L43: =+[1]Resumen!L43*1000 -> 158907.28 | M43: =+[1]Resumen!M43*1000 -> 135826.28 | ... AC43: =+[1]Resumen!AC43*1000 -> 88859.243 | AD43: =SUM(F43:AC43)*E43+SUM(F44:AC44)*E44+SUM(F45:AC45)*E45+SUM(F46:AC46)*E46 -> 1.0598538e+08
D44: Sábado | E44: 5 | F44: =+[1]Resumen!F44*1000 -> 115689.6 | G44: =+[1]Resumen!G44*1000 -> 97705.809 | H44: =+[1]Resumen!H44*1000 -> 88531.568 | I44: =+[1]Resumen!I44*1000 -> 84081.895 | J44: =+[1]Resumen!J44*1000 -> 90461.553 | K44: =+[1]Resumen!K44*1000 -> 104868.49 | L44: =+[1]Resumen!L44*1000 -> 129206.48 | M44: =+[1]Resumen!M44*1000 -> 112650.81 | ... AC44: =+[1]Resumen!AC44*1000 -> 91440.232
D45: Domingo | E45: 4 | F45: =+[1]Resumen!F45*1000 -> 115095.89 | G45: =+[1]Resumen!G45*1000 -> 98999.352 | H45: =+[1]Resumen!H45*1000 -> 89636.486 | I45: =+[1]Resumen!I45*1000 -> 83631.593 | J45: =+[1]Resumen!J45*1000 -> 83671.316 | K45: =+[1]Resumen!K45*1000 -> 87870.683 | L45: =+[1]Resumen!L45*1000 -> 99158.223 | M45: =+[1]Resumen!M45*1000 -> 75494.21 | ... AC45: =+[1]Resumen!AC45*1000 -> 69637.773
D46: Festivo | E46: 1 | F46: =+[1]Resumen!F46*1000 -> 104206.12 | G46: =+[1]Resumen!G46*1000 -> 91402.474 | H46: =+[1]Resumen!H46*1000 -> 82650.814 | I46: =+[1]Resumen!I46*1000 -> 79053.389 | J46: =+[1]Resumen!J46*1000 -> 82197.115 | K46: =+[1]Resumen!K46*1000 -> 88278.925 | L46: =+[1]Resumen!L46*1000 -> 98096.285 | M46: =+[1]Resumen!M46*1000 -> 73651.074 | ... AC46: =+[1]Resumen!AC46*1000 -> 64710.671
C47: Nov | D47: Ordinario | E47: 19 | F47: =+[1]Resumen!F47*1000 -> 118048.37 | G47: =+[1]Resumen!G47*1000 -> 102814.57 | H47: =+[1]Resumen!H47*1000 -> 96164.971 | I47: =+[1]Resumen!I47*1000 -> 96314.659 | J47: =+[1]Resumen!J47*1000 -> 104966.21 | K47: =+[1]Resumen!K47*1000 -> 138405.74 | L47: =+[1]Resumen!L47*1000 -> 174010.49 | M47: =+[1]Resumen!M47*1000 -> 154232.85 | ... AC47: =+[1]Resumen!AC47*1000 -> 102822.34 | AD47: =SUM(F47:AC47)*E47+SUM(F48:AC48)*E48+SUM(F49:AC49)*E49+SUM(F50:AC50)*E50 -> 1.0920298e+08
D48: Sábado | E48: 4 | F48: =+[1]Resumen!F48*1000 -> 113581.13 | G48: =+[1]Resumen!G48*1000 -> 97044.368 | H48: =+[1]Resumen!H48*1000 -> 87091.682 | I48: =+[1]Resumen!I48*1000 -> 84278.724 | J48: =+[1]Resumen!J48*1000 -> 92398.2 | K48: =+[1]Resumen!K48*1000 -> 109901.59 | L48: =+[1]Resumen!L48*1000 -> 137268.66 | M48: =+[1]Resumen!M48*1000 -> 125321.37 | ... AC48: =+[1]Resumen!AC48*1000 -> 91135.59
D49: Domingo | E49: 5 | F49: =+[1]Resumen!F49*1000 -> 103656.97 | G49: =+[1]Resumen!G49*1000 -> 87977.065 | H49: =+[1]Resumen!H49*1000 -> 78840.218 | I49: =+[1]Resumen!I49*1000 -> 74632.928 | J49: =+[1]Resumen!J49*1000 -> 76075.536 | K49: =+[1]Resumen!K49*1000 -> 82701.264 | L49: =+[1]Resumen!L49*1000 -> 95502.648 | M49: =+[1]Resumen!M49*1000 -> 74468.575 | ... AC49: =+[1]Resumen!AC49*1000 -> 73228.864
D50: Festivo | E50: 2 | F50: =+[1]Resumen!F50*1000 -> 101396.53 | G50: =+[1]Resumen!G50*1000 -> 86403.351 | H50: =+[1]Resumen!H50*1000 -> 77534.464 | I50: =+[1]Resumen!I50*1000 -> 72861.317 | J50: =+[1]Resumen!J50*1000 -> 77415.798 | K50: =+[1]Resumen!K50*1000 -> 86797.603 | L50: =+[1]Resumen!L50*1000 -> 96352.387 | M50: =+[1]Resumen!M50*1000 -> 68554.055 | ... AC50: =+[1]Resumen!AC50*1000 -> 61988.754
C51: Dic | D51: Ordinario | E51: 21 | F51: =+[1]Resumen!F51*1000 -> 134415.81 | G51: =+[1]Resumen!G51*1000 -> 117380.34 | H51: =+[1]Resumen!H51*1000 -> 107804.09 | I51: =+[1]Resumen!I51*1000 -> 106139.97 | J51: =+[1]Resumen!J51*1000 -> 111089.27 | K51: =+[1]Resumen!K51*1000 -> 135292.92 | L51: =+[1]Resumen!L51*1000 -> 165770.97 | M51: =+[1]Resumen!M51*1000 -> 151411.61 | ... AC51: =+[1]Resumen!AC51*1000 -> 123311.35 | AD51: =SUM(F51:AC51)*E51+SUM(F52:AC52)*E52+SUM(F53:AC53)*E53+SUM(F54:AC54)*E54 -> 1.2286626e+08
D52: Sábado | E52: 4 | F52: =+[1]Resumen!F52*1000 -> 136281.93 | G52: =+[1]Resumen!G52*1000 -> 116643.1 | H52: =+[1]Resumen!H52*1000 -> 106868.14 | I52: =+[1]Resumen!I52*1000 -> 102393.37 | J52: =+[1]Resumen!J52*1000 -> 107472.2 | K52: =+[1]Resumen!K52*1000 -> 121342.25 | L52: =+[1]Resumen!L52*1000 -> 144201.54 | M52: =+[1]Resumen!M52*1000 -> 128495.94 | ... AC52: =+[1]Resumen!AC52*1000 -> 108935.73
D53: Domingo | E53: 4 | F53: =+[1]Resumen!F53*1000 -> 138116.23 | G53: =+[1]Resumen!G53*1000 -> 117449.05 | H53: =+[1]Resumen!H53*1000 -> 107254.7 | I53: =+[1]Resumen!I53*1000 -> 100233.23 | J53: =+[1]Resumen!J53*1000 -> 99080.06 | K53: =+[1]Resumen!K53*1000 -> 106307.11 | L53: =+[1]Resumen!L53*1000 -> 117216.67 | M53: =+[1]Resumen!M53*1000 -> 89312.253 | ... AC53: =+[1]Resumen!AC53*1000 -> 100042.16
D54: Festivo | E54: 2 | F54: =+[1]Resumen!F54*1000 -> 119817.58 | G54: =+[1]Resumen!G54*1000 -> 106353.42 | H54: =+[1]Resumen!H54*1000 -> 94942.196 | I54: =+[1]Resumen!I54*1000 -> 86591.011 | J54: =+[1]Resumen!J54*1000 -> 83445.972 | K54: =+[1]Resumen!K54*1000 -> 85319.722 | L54: =+[1]Resumen!L54*1000 -> 88402.576 | M54: =+[1]Resumen!M54*1000 -> 53532.131 | ... AC54: =+[1]Resumen!AC54*1000 -> 80938.607
AA55: TOTAL AÑO kWh | AD55: =SUM(AD7:AD54) -> 1.1478718e+09

Sheet Cantidades 2027
C2: CANTIDADES DE ENERGÍA SOLICITADAS (kWh)
C3: EMPRESAS PÚBLICAS DE MEDELLÍN E.S.P.
C4: 2027
C6: Mes | D6: Tipo Día | E6: Días | F6: H1 | G6: H2 | H6: H3 | I6: H4 | J6: H5 | K6: H6 | L6: H7 | M6: H8 | N6: H9 | O6: H10 | P6: H11 | Q6: H12 | R6: H13 | S6: H14 | T6: H15 | U6: H16 | V6: H17 | W6: H18 | X6: H19 | Y6: H20 | Z6: H21 | AA6: H22 | AB6: H23 | AC6: H24 | AD6: TOTAL MES
C7: Ene | D7: Ordinario | E7: 19 | F7: =+[2]Resumen!F7*1000 -> 109780.65 | G7: =+[2]Resumen!G7*1000 -> 98065.2 | H7: =+[2]Resumen!H7*1000 -> 90827.454 | I7: =+[2]Resumen!I7*1000 -> 89166.565 | J7: =+[2]Resumen!J7*1000 -> 93626.47 | K7: =+[2]Resumen!K7*1000 -> 116292.35 | L7: =+[2]Resumen!L7*1000 -> 138799.03 | M7: =+[2]Resumen!M7*1000 -> 133384.72 | ... AC7: =+[2]Resumen!AC7*1000 -> 91044.077 | AD7: =SUM(F7:AC7)*E7+SUM(F8:AC8)*E8+SUM(F9:AC9)*E9+SUM(F10:AC10)*E10 -> 97669210
D8: Sábado | E8: 5 | F8: =+[2]Resumen!F8*1000 -> 104414.73 | G8: =+[2]Resumen!G8*1000 -> 92681.833 | H8: =+[2]Resumen!H8*1000 -> 85004.564 | I8: =+[2]Resumen!I8*1000 -> 81145.159 | J8: =+[2]Resumen!J8*1000 -> 86323.126 | K8: =+[2]Resumen!K8*1000 -> 97474.795 | L8: =+[2]Resumen!L8*1000 -> 112946.21 | M8: =+[2]Resumen!M8*1000 -> 107980.7 | ... AC8: =+[2]Resumen!AC8*1000 -> 77045.607
D9: Domingo | E9: 5 | F9: =+[2]Resumen!F9*1000 -> 105214.47 | G9: =+[2]Resumen!G9*1000 -> 92083.71 | H9: =+[2]Resumen!H9*1000 -> 82764.932 | I9: =+[2]Resumen!I9*1000 -> 77107.183 | J9: =+[2]Resumen!J9*1000 -> 78465.251 | K9: =+[2]Resumen!K9*1000 -> 83588.375 | L9: =+[2]Resumen!L9*1000 -> 90850.51 | M9: =+[2]Resumen!M9*1000 -> 81310.889 | ... AC9: =+[2]Resumen!AC9*1000 -> 63043.69
D10: Festivo | E10: 2 | F10: =+[2]Resumen!F10*1000 -> 86136.746 | G10: =+[2]Resumen!G10*1000 -> 78814.524 | H10: =+[2]Resumen!H10*1000 -> 70384.022 | I10: =+[2]Resumen!I10*1000 -> 65890.016 | J10: =+[2]Resumen!J10*1000 -> 66142.931 | K10: =+[2]Resumen!K10*1000 -> 71189.971 | L10: =+[2]Resumen!L10*1000 -> 71112.434 | M10: =+[2]Resumen!M10*1000 -> 55303.249 | ... AC10: =+[2]Resumen!AC10*1000 -> 50325.886
C11: Feb | D11: Ordinario | E11: 20 | F11: =+[2]Resumen!F11*1000 -> 114748.22 | G11: =+[2]Resumen!G11*1000 -> 103276.08 | H11: =+[2]Resumen!H11*1000 -> 97817.79 | I11: =+[2]Resumen!I11*1000 -> 97470.574 | J11: =+[2]Resumen!J11*1000 -> 109780.26 | K11: =+[2]Resumen!K11*1000 -> 152778.82 | L11: =+[2]Resumen!L11*1000 -> 175798.33 | M11: =+[2]Resumen!M11*1000 -> 156806.54 | ... AC11: =+[2]Resumen!AC11*1000 -> 92154.394 | AD11: =SUM(F11:AC11)*E11+SUM(F12:AC12)*E12+SUM(F13:AC13)*E13+SUM(F14:AC14)*E14 -> 1.0185448e+08
D12: Sábado | E12: 4 | F12: =+[2]Resumen!F12*1000 -> 125593.94 | G12: =+[2]Resumen!G12*1000 -> 112829.89 | H12: =+[2]Resumen!H12*1000 -> 103892.81 | I12: =+[2]Resumen!I12*1000 -> 101782.81 | J12: =+[2]Resumen!J12*1000 -> 108049.42 | K12: =+[2]Resumen!K12*1000 -> 120356.33 | L12: =+[2]Resumen!L12*1000 -> 143020.99 | M12: =+[2]Resumen!M12*1000 -> 139052.37 | ... AC12: =+[2]Resumen!AC12*1000 -> 91536.024
D13: Domingo | E13: 4 | F13: =+[2]Resumen!F13*1000 -> 117179.15 | G13: =+[2]Resumen!G13*1000 -> 103311.31 | H13: =+[2]Resumen!H13*1000 -> 94718.407 | I13: =+[2]Resumen!I13*1000 -> 90576.483 | J13: =+[2]Resumen!J13*1000 -> 92015.763 | K13: =+[2]Resumen!K13*1000 -> 96755.371 | L13: =+[2]Resumen!L13*1000 -> 106977.86 | M13: =+[2]Resumen!M13*1000 -> 98074.252 | ... AC13: =+[2]Resumen!AC13*1000 -> 74926.431
D14: Festivo | E14: 0 | F14: =+[2]Resumen!F14*1000 -> 0 | G14: =+[2]Resumen!G14*1000 -> 0 | H14: =+[2]Resumen!H14*1000 -> 0 | I14: =+[2]Resumen!I14*1000 -> 0 | J14: =+[2]Resumen!J14*1000 -> 0 | K14: =+[2]Resumen!K14*1000 -> 0 | L14: =+[2]Resumen!L14*1000 -> 0 | M14: =+[2]Resumen!M14*1000 -> 0 | ... AC14: =+[2]Resumen!AC14*1000 -> 0
C15: Mar | D15: Ordinario | E15: 20 | F15: =+[2]Resumen!F15*1000 -> 111268.61 | G15: =+[2]Resumen!G15*1000 -> 101290.61 | H15: =+[2]Resumen!H15*1000 -> 95893.017 | I15: =+[2]Resumen!I15*1000 -> 95722.407 | J15: =+[2]Resumen!J15*1000 -> 106552.55 | K15: =+[2]Resumen!K15*1000 -> 145276.88 | L15: =+[2]Resumen!L15*1000 -> 165930.23 | M15: =+[2]Resumen!M15*1000 -> 148688.06 | ... AC15: =+[2]Resumen!AC15*1000 -> 88056.354 | AD15: =SUM(F15:AC15)*E15+SUM(F16:AC16)*E16+SUM(F17:AC17)*E17+SUM(F18:AC18)*E18 -> 1.0675288e+08
D16: Sábado | E16: 4 | F16: =+[2]Resumen!F16*1000 -> 110545.91 | G16: =+[2]Resumen!G16*1000 -> 99712.157 | H16: =+[2]Resumen!H16*1000 -> 92156.083 | I16: =+[2]Resumen!I16*1000 -> 90175.119 | J16: =+[2]Resumen!J16*1000 -> 97170.703 | K16: =+[2]Resumen!K16*1000 -> 112104.52 | L16: =+[2]Resumen!L16*1000 -> 130543.26 | M16: =+[2]Resumen!M16*1000 -> 132524.87 | ... AC16: =+[2]Resumen!AC16*1000 -> 90303.335
D17: Domingo | E17: 4 | F17: =+[2]Resumen!F17*1000 -> 111665.31 | G17: =+[2]Resumen!G17*1000 -> 99119.361 | H17: =+[2]Resumen!H17*1000 -> 89773.924 | I17: =+[2]Resumen!I17*1000 -> 85362.208 | J17: =+[2]Resumen!J17*1000 -> 85521.029 | K17: =+[2]Resumen!K17*1000 -> 89510.049 | L17: =+[2]Resumen!L17*1000 -> 95780.592 | M17: =+[2]Resumen!M17*1000 -> 89656.568 | ... AC17: =+[2]Resumen!AC17*1000 -> 72796.138
D18: Festivo | E18: 3 | F18: =+[2]Resumen!F18*1000 -> 134111.39 | G18: =+[2]Resumen!G18*1000 -> 122548.82 | H18: =+[2]Resumen!H18*1000 -> 113625.63 | I18: =+[2]Resumen!I18*1000 -> 108307.07 | J18: =+[2]Resumen!J18*1000 -> 110678.78 | K18: =+[2]Resumen!K18*1000 -> 114155.29 | L18: =+[2]Resumen!L18*1000 -> 118594.06 | M18: =+[2]Resumen!M18*1000 -> 114432.16 | ... AC18: =+[2]Resumen!AC18*1000 -> 102504.26
C19: Abr | D19: Ordinario | E19: 22 | F19: =+[2]Resumen!F19*1000 -> 104942.86 | G19: =+[2]Resumen!G19*1000 -> 93877.009 | H19: =+[2]Resumen!H19*1000 -> 88252.311 | I19: =+[2]Resumen!I19*1000 -> 88102.997 | J19: =+[2]Resumen!J19*1000 -> 98456.69 | K19: =+[2]Resumen!K19*1000 -> 133469.06 | L19: =+[2]Resumen!L19*1000 -> 155136.44 | M19: =+[2]Resumen!M19*1000 -> 139801.55 | ... AC19: =+[2]Resumen!AC19*1000 -> 86174.358 | AD19: =SUM(F19:AC19)*E19+SUM(F20:AC20)*E20+SUM(F21:AC21)*E21+SUM(F22:AC22)*E22 -> 1.0053857e+08
D20: Sábado | E20: 4 | F20: =+[2]Resumen!F20*1000 -> 106380.64 | G20: =+[2]Resumen!G20*1000 -> 92758.115 | H20: =+[2]Resumen!H20*1000 -> 84783.593 | I20: =+[2]Resumen!I20*1000 -> 83217.827 | J20: =+[2]Resumen!J20*1000 -> 88367.66 | K20: =+[2]Resumen!K20*1000 -> 101439.28 | L20: =+[2]Resumen!L20*1000 -> 120759.88 | M20: =+[2]Resumen!M20*1000 -> 118913.96 | ... AC20: =+[2]Resumen!AC20*1000 -> 86339.769
D21: Domingo | E21: 4 | F21: =+[2]Resumen!F21*1000 -> 111872.97 | G21: =+[2]Resumen!G21*1000 -> 98240.55 | H21: =+[2]Resumen!H21*1000 -> 88853.826 | I21: =+[2]Resumen!I21*1000 -> 84811.026 | J21: =+[2]Resumen!J21*1000 -> 85459.339 | K21: =+[2]Resumen!K21*1000 -> 87805.857 | L21: =+[2]Resumen!L21*1000 -> 98011.626 | M21: =+[2]Resumen!M21*1000 -> 92466.956 | ... AC21: =+[2]Resumen!AC21*1000 -> 65812.897
D22: Festivo | E22: 0 | F22: =+[2]Resumen!F22*1000 -> 262635.61 | G22: =+[2]Resumen!G22*1000 -> 243730.93 | H22: =+[2]Resumen!H22*1000 -> 230655.93 | I22: =+[2]Resumen!I22*1000 -> 224578.99 | J22: =+[2]Resumen!J22*1000 -> 226776.5 | K22: =+[2]Resumen!K22*1000 -> 231055.07 | L22: =+[2]Resumen!L22*1000 -> 239176.48 | M22: =+[2]Resumen!M22*1000 -> 231916.24 | ... AC22: =+[2]Resumen!AC22*1000 -> 233959.74
C23: May | D23: Ordinario | E23: 19 | F23: =+[2]Resumen!F23*1000 -> 88161.224 | G23: =+[2]Resumen!G23*1000 -> 76240.999 | H23: =+[2]Resumen!H23*1000 -> 70408.525 | I23: =+[2]Resumen!I23*1000 -> 70296.113 | J23: =+[2]Resumen!J23*1000 -> 80657.17 | K23: =+[2]Resumen!K23*1000 -> 120026.88 | L23: =+[2]Resumen!L23*1000 -> 142942.43 | M23: =+[2]Resumen!M23*1000 -> 129425.16 | ... AC23: =+[2]Resumen!AC23*1000 -> 68439.784 | AD23: =SUM(F23:AC23)*E23+SUM(F24:AC24)*E24+SUM(F25:AC25)*E25+SUM(F26:AC26)*E26 -> 87017546
D24: Sábado | E24: 4 | F24: =+[2]Resumen!F24*1000 -> 90064.076 | G24: =+[2]Resumen!G24*1000 -> 77303.495 | H24: =+[2]Resumen!H24*1000 -> 69659.469 | I24: =+[2]Resumen!I24*1000 -> 65835.924 | J24: =+[2]Resumen!J24*1000 -> 67244.508 | K24: =+[2]Resumen!K24*1000 -> 75333.236 | L24: =+[2]Resumen!L24*1000 -> 94029.856 | M24: =+[2]Resumen!M24*1000 -> 95413.328 | ... AC24: =+[2]Resumen!AC24*1000 -> 69271.732
D25: Domingo | E25: 5 | F25: =+[2]Resumen!F25*1000 -> 90793.084 | G25: =+[2]Resumen!G25*1000 -> 79502.394 | H25: =+[2]Resumen!H25*1000 -> 67166.29 | I25: =+[2]Resumen!I25*1000 -> 58523.563 | J25: =+[2]Resumen!J25*1000 -> 53355.698 | K25: =+[2]Resumen!K25*1000 -> 50214.886 | L25: =+[2]Resumen!L25*1000 -> 53456.511 | M25: =+[2]Resumen!M25*1000 -> 48177.702 | ... AC25: =+[2]Resumen!AC25*1000 -> 44174.778
D26: Festivo | E26: 3 | F26: =+[2]Resumen!F26*1000 -> 82062.846 | G26: =+[2]Resumen!G26*1000 -> 69898.445 | H26: =+[2]Resumen!H26*1000 -> 62843.029 | I26: =+[2]Resumen!I26*1000 -> 59889.329 | J26: =+[2]Resumen!J26*1000 -> 68499.253 | K26: =+[2]Resumen!K26*1000 -> 85200.522 | L26: =+[2]Resumen!L26*1000 -> 93330.679 | M26: =+[2]Resumen!M26*1000 -> 86294.296 | ... AC26: =+[2]Resumen!AC26*1000 -> 40670.214
C27: Jun | D27: Ordinario | E27: 21 | F27: =+[2]Resumen!F27*1000 -> 70806.739 | G27: =+[2]Resumen!G27*1000 -> 59819.822 | H27: =+[2]Resumen!H27*1000 -> 54144.338 | I27: =+[2]Resumen!I27*1000 -> 53982.871 | J27: =+[2]Resumen!J27*1000 -> 60257.536 | K27: =+[2]Resumen!K27*1000 -> 84575.115 | L27: =+[2]Resumen!L27*1000 -> 106851.83 | M27: =+[2]Resumen!M27*1000 -> 98487.818 | ... AC27: =+[2]Resumen!AC27*1000 -> 45182.055 | AD27: =SUM(F27:AC27)*E27+SUM(F28:AC28)*E28+SUM(F29:AC29)*E29+SUM(F30:AC30)*E30 -> 68081871
D28: Sábado | E28: 4 | F28: =+[2]Resumen!F28*1000 -> 69751.684 | G28: =+[2]Resumen!G28*1000 -> 57684.52 | H28: =+[2]Resumen!H28*1000 -> 49256.444 | I28: =+[2]Resumen!I28*1000 -> 46490.855 | J28: =+[2]Resumen!J28*1000 -> 49928.884 | K28: =+[2]Resumen!K28*1000 -> 59048.072 | L28: =+[2]Resumen!L28*1000 -> 77107.538 | M28: =+[2]Resumen!M28*1000 -> 76658.069 | ... AC28: =+[2]Resumen!AC28*1000 -> 45793.912
D29: Domingo | E29: 4 | F29: =+[2]Resumen!F29*1000 -> 75497.221 | G29: =+[2]Resumen!G29*1000 -> 64794.801 | H29: =+[2]Resumen!H29*1000 -> 55751.484 | I29: =+[2]Resumen!I29*1000 -> 52312.561 | J29: =+[2]Resumen!J29*1000 -> 52175.81 | K29: =+[2]Resumen!K29*1000 -> 54034.693 | L29: =+[2]Resumen!L29*1000 -> 56699.178 | M29: =+[2]Resumen!M29*1000 -> 46115.391 | ... AC29: =+[2]Resumen!AC29*1000 -> 39288.175
D30: Festivo | E30: 1 | F30: =+[2]Resumen!F30*1000 -> 69350.348 | G30: =+[2]Resumen!G30*1000 -> 57829.976 | H30: =+[2]Resumen!H30*1000 -> 50403.494 | I30: =+[2]Resumen!I30*1000 -> 47158.422 | J30: =+[2]Resumen!J30*1000 -> 47280.325 | K30: =+[2]Resumen!K30*1000 -> 51173.044 | L30: =+[2]Resumen!L30*1000 -> 55632.652 | M30: =+[2]Resumen!M30*1000 -> 43947.656 | ... AC30: =+[2]Resumen!AC30*1000 -> 40244.645
C31: Jul | D31: Ordinario | E31: 20 | F31: =+[2]Resumen!F31*1000 -> 62872.519 | G31: =+[2]Resumen!G31*1000 -> 50703.038 | H31: =+[2]Resumen!H31*1000 -> 43586.664 | I31: =+[2]Resumen!I31*1000 -> 42857.337 | J31: =+[2]Resumen!J31*1000 -> 49033.26 | K31: =+[2]Resumen!K31*1000 -> 76288.344 | L31: =+[2]Resumen!L31*1000 -> 99248.955 | M31: =+[2]Resumen!M31*1000 -> 84857.052 | ... AC31: =+[2]Resumen!AC31*1000 -> 59239.596 | AD31: =SUM(F31:AC31)*E31+SUM(F32:AC32)*E32+SUM(F33:AC33)*E33+SUM(F34:AC34)*E34 -> 66098678
D32: Sábado | E32: 5 | F32: =+[2]Resumen!F32*1000 -> 58624.986 | G32: =+[2]Resumen!G32*1000 -> 46572.741 | H32: =+[2]Resumen!H32*1000 -> 39146.011 | I32: =+[2]Resumen!I32*1000 -> 35332.561 | J32: =+[2]Resumen!J32*1000 -> 39552.086 | K32: =+[2]Resumen!K32*1000 -> 49785.55 | L32: =+[2]Resumen!L32*1000 -> 67696.687 | M32: =+[2]Resumen!M32*1000 -> 60868.904 | ... AC32: =+[2]Resumen!AC32*1000 -> 45033.095
D33: Domingo | E33: 4 | F33: =+[2]Resumen!F33*1000 -> 44159.334 | G33: =+[2]Resumen!G33*1000 -> 32559.892 | H33: =+[2]Resumen!H33*1000 -> 23590.068 | I33: =+[2]Resumen!I33*1000 -> 18792.715 | J33: =+[2]Resumen!J33*1000 -> 20849.649 | K33: =+[2]Resumen!K33*1000 -> 22976.246 | L33: =+[2]Resumen!L33*1000 -> 31828.167 | M33: =+[2]Resumen!M33*1000 -> 17857.669 | ... AC33: =+[2]Resumen!AC33*1000 -> 26096.776
D34: Festivo | E34: 2 | F34: =+[2]Resumen!F34*1000 -> 75890.328 | G34: =+[2]Resumen!G34*1000 -> 60500.406 | H34: =+[2]Resumen!H34*1000 -> 49594.643 | I34: =+[2]Resumen!I34*1000 -> 42951.488 | J34: =+[2]Resumen!J34*1000 -> 38297.697 | K34: =+[2]Resumen!K34*1000 -> 33331.038 | L34: =+[2]Resumen!L34*1000 -> 39689.568 | M34: =+[2]Resumen!M34*1000 -> 25489.402 | ... AC34: =+[2]Resumen!AC34*1000 -> 54397.445
C35: Ago | D35: Ordinario | E35: 21 | F35: =+[2]Resumen!F35*1000 -> 56218.134 | G35: =+[2]Resumen!G35*1000 -> 43783.615 | H35: =+[2]Resumen!H35*1000 -> 36646.852 | I35: =+[2]Resumen!I35*1000 -> 35788.741 | J35: =+[2]Resumen!J35*1000 -> 44589.223 | K35: =+[2]Resumen!K35*1000 -> 77636.133 | L35: =+[2]Resumen!L35*1000 -> 102941.87 | M35: =+[2]Resumen!M35*1000 -> 85285.827 | ... AC35: =+[2]Resumen!AC35*1000 -> 55859.561 | AD35: =SUM(F35:AC35)*E35+SUM(F36:AC36)*E36+SUM(F37:AC37)*E37+SUM(F38:AC38)*E38 -> 63760823
D36: Sábado | E36: 3 | F36: =+[2]Resumen!F36*1000 -> 56589.682 | G36: =+[2]Resumen!G36*1000 -> 44060.962 | H36: =+[2]Resumen!H36*1000 -> 36186.189 | I36: =+[2]Resumen!I36*1000 -> 31529.091 | J36: =+[2]Resumen!J36*1000 -> 36507.526 | K36: =+[2]Resumen!K36*1000 -> 44843.841 | L36: =+[2]Resumen!L36*1000 -> 63850.143 | M36: =+[2]Resumen!M36*1000 -> 58569.901 | ... AC36: =+[2]Resumen!AC36*1000 -> 39706.849
D37: Domingo | E37: 5 | F37: =+[2]Resumen!F37*1000 -> 44572.099 | G37: =+[2]Resumen!G37*1000 -> 33868.409 | H37: =+[2]Resumen!H37*1000 -> 24926.159 | I37: =+[2]Resumen!I37*1000 -> 21514.591 | J37: =+[2]Resumen!J37*1000 -> 22474.672 | K37: =+[2]Resumen!K37*1000 -> 28237.475 | L37: =+[2]Resumen!L37*1000 -> 32506.333 | M37: =+[2]Resumen!M37*1000 -> 19308.279 | ... AC37: =+[2]Resumen!AC37*1000 -> 27021.628
D38: Festivo | E38: 2 | F38: =+[2]Resumen!F38*1000 -> 36855.174 | G38: =+[2]Resumen!G38*1000 -> 24834.186 | H38: =+[2]Resumen!H38*1000 -> 14690.262 | I38: =+[2]Resumen!I38*1000 -> 13723.421 | J38: =+[2]Resumen!J38*1000 -> 13213.398 | K38: =+[2]Resumen!K38*1000 -> 21758.603 | L38: =+[2]Resumen!L38*1000 -> 30681.004 | M38: =+[2]Resumen!M38*1000 -> 13630.986 | ... AC38: =+[2]Resumen!AC38*1000 -> 26887.402
C39: Sep | D39: Ordinario | E39: 22 | F39: =+[2]Resumen!F39*1000 -> 78888.976 | G39: =+[2]Resumen!G39*1000 -> 68171.219 | H39: =+[2]Resumen!H39*1000 -> 61961.905 | I39: =+[2]Resumen!I39*1000 -> 60964.843 | J39: =+[2]Resumen!J39*1000 -> 69244.669 | K39: =+[2]Resumen!K39*1000 -> 102414.11 | L39: =+[2]Resumen!L39*1000 -> 124226.71 | M39: =+[2]Resumen!M39*1000 -> 103001.25 | ... AC39: =+[2]Resumen!AC39*1000 -> 74480.637 | AD39: =SUM(F39:AC39)*E39+SUM(F40:AC40)*E40+SUM(F41:AC41)*E41+SUM(F42:AC42)*E42 -> 78875477
D40: Sábado | E40: 4 | F40: =+[2]Resumen!F40*1000 -> 68795.399 | G40: =+[2]Resumen!G40*1000 -> 58584.267 | H40: =+[2]Resumen!H40*1000 -> 51629.657 | I40: =+[2]Resumen!I40*1000 -> 48773.811 | J40: =+[2]Resumen!J40*1000 -> 54309.238 | K40: =+[2]Resumen!K40*1000 -> 68558.53 | L40: =+[2]Resumen!L40*1000 -> 83873.568 | M40: =+[2]Resumen!M40*1000 -> 75723.335 | ... AC40: =+[2]Resumen!AC40*1000 -> 69406.029
D41: Domingo | E41: 4 | F41: =+[2]Resumen!F41*1000 -> 76375.522 | G41: =+[2]Resumen!G41*1000 -> 61890.645 | H41: =+[2]Resumen!H41*1000 -> 53090.205 | I41: =+[2]Resumen!I41*1000 -> 47324.067 | J41: =+[2]Resumen!J41*1000 -> 47402.612 | K41: =+[2]Resumen!K41*1000 -> 49608.874 | L41: =+[2]Resumen!L41*1000 -> 55052.412 | M41: =+[2]Resumen!M41*1000 -> 39682.446 | ... AC41: =+[2]Resumen!AC41*1000 -> 50679.344
D42: Festivo | E42: 0 | F42: =+[2]Resumen!F42*1000 -> 0 | G42: =+[2]Resumen!G42*1000 -> 0 | H42: =+[2]Resumen!H42*1000 -> 0 | I42: =+[2]Resumen!I42*1000 -> 0 | J42: =+[2]Resumen!J42*1000 -> 0 | K42: =+[2]Resumen!K42*1000 -> 0 | L42: =+[2]Resumen!L42*1000 -> 0 | M42: =+[2]Resumen!M42*1000 -> 0 | ... AC42: =+[2]Resumen!AC42*1000 -> 0
C43: Oct | D43: Ordinario | E43: 20 | F43: =+[2]Resumen!F43*1000 -> 63995.088 | G43: =+[2]Resumen!G43*1000 -> 53191.38 | H43: =+[2]Resumen!H43*1000 -> 47597.42 | I43: =+[2]Resumen!I43*1000 -> 47561.56 | J43: =+[2]Resumen!J43*1000 -> 54454.658 | K43: =+[2]Resumen!K43*1000 -> 82988.797 | L43: =+[2]Resumen!L43*1000 -> 108480.69 | M43: =+[2]Resumen!M43*1000 -> 95478.153 | ... AC43: =+[2]Resumen!AC43*1000 -> 63626.029 | AD43: =SUM(F43:AC43)*E43+SUM(F44:AC44)*E44+SUM(F45:AC45)*E45+SUM(F46:AC46)*E46 -> 75208991
D44: Sábado | E44: 5 | F44: =+[2]Resumen!F44*1000 -> 77046.544 | G44: =+[2]Resumen!G44*1000 -> 61990.706 | H44: =+[2]Resumen!H44*1000 -> 54546.043 | I44: =+[2]Resumen!I44*1000 -> 50448.74 | J44: =+[2]Resumen!J44*1000 -> 54622.239 | K44: =+[2]Resumen!K44*1000 -> 65792.367 | L44: =+[2]Resumen!L44*1000 -> 83587.488 | M44: =+[2]Resumen!M44*1000 -> 76771.538 | ... AC44: =+[2]Resumen!AC44*1000 -> 68654.767
D45: Domingo | E45: 5 | F45: =+[2]Resumen!F45*1000 -> 76652.458 | G45: =+[2]Resumen!G45*1000 -> 64267.419 | H45: =+[2]Resumen!H45*1000 -> 56973.907 | I45: =+[2]Resumen!I45*1000 -> 51851.862 | J45: =+[2]Resumen!J45*1000 -> 51423.533 | K45: =+[2]Resumen!K45*1000 -> 54927.955 | L45: =+[2]Resumen!L45*1000 -> 63113.672 | M45: =+[2]Resumen!M45*1000 -> 51145.42 | ... AC45: =+[2]Resumen!AC45*1000 -> 49041.07
D46: Festivo | E46: 1 | F46: =+[2]Resumen!F46*1000 -> 67836.645 | G46: =+[2]Resumen!G46*1000 -> 57997.515 | H46: =+[2]Resumen!H46*1000 -> 51135.446 | I46: =+[2]Resumen!I46*1000 -> 48711.121 | J46: =+[2]Resumen!J46*1000 -> 50436.765 | K46: =+[2]Resumen!K46*1000 -> 55680.756 | L46: =+[2]Resumen!L46*1000 -> 61896.094 | M46: =+[2]Resumen!M46*1000 -> 49065.154 | ... AC46: =+[2]Resumen!AC46*1000 -> 43781.21
C47: Nov | D47: Ordinario | E47: 20 | F47: =+[2]Resumen!F47*1000 -> 73985.88 | G47: =+[2]Resumen!G47*1000 -> 61973.177 | H47: =+[2]Resumen!H47*1000 -> 56961.479 | I47: =+[2]Resumen!I47*1000 -> 57094.626 | J47: =+[2]Resumen!J47*1000 -> 63255.176 | K47: =+[2]Resumen!K47*1000 -> 89855.761 | L47: =+[2]Resumen!L47*1000 -> 116516.55 | M47: =+[2]Resumen!M47*1000 -> 106829.01 | ... AC47: =+[2]Resumen!AC47*1000 -> 71520.736 | AD47: =SUM(F47:AC47)*E47+SUM(F48:AC48)*E48+SUM(F49:AC49)*E49+SUM(F50:AC50)*E50 -> 76675514
D48: Sábado | E48: 4 | F48: =+[2]Resumen!F48*1000 -> 68813.914 | G48: =+[2]Resumen!G48*1000 -> 55863.462 | H48: =+[2]Resumen!H48*1000 -> 47863.97 | I48: =+[2]Resumen!I48*1000 -> 45581.915 | J48: =+[2]Resumen!J48*1000 -> 51021.02 | K48: =+[2]Resumen!K48*1000 -> 65010.934 | L48: =+[2]Resumen!L48*1000 -> 85217.101 | M48: =+[2]Resumen!M48*1000 -> 82384.239 | ... AC48: =+[2]Resumen!AC48*1000 -> 61791.067
D49: Domingo | E49: 4 | F49: =+[2]Resumen!F49*1000 -> 59370.764 | G49: =+[2]Resumen!G49*1000 -> 47585.701 | H49: =+[2]Resumen!H49*1000 -> 40756.825 | I49: =+[2]Resumen!I49*1000 -> 37709.845 | J49: =+[2]Resumen!J49*1000 -> 38598.518 | K49: =+[2]Resumen!K49*1000 -> 43793.709 | L49: =+[2]Resumen!L49*1000 -> 53265.427 | M49: =+[2]Resumen!M49*1000 -> 44183.525 | ... AC49: =+[2]Resumen!AC49*1000 -> 46075.416
D50: Festivo | E50: 2 | F50: =+[2]Resumen!F50*1000 -> 60246.426 | G50: =+[2]Resumen!G50*1000 -> 48146.595 | H50: =+[2]Resumen!H50*1000 -> 41209.564 | I50: =+[2]Resumen!I50*1000 -> 37491.804 | J50: =+[2]Resumen!J50*1000 -> 40720.787 | K50: =+[2]Resumen!K50*1000 -> 48670.231 | L50: =+[2]Resumen!L50*1000 -> 55138.64 | M50: =+[2]Resumen!M50*1000 -> 39062.104 | ... AC50: =+[2]Resumen!AC50*1000 -> 37214.18
C51: Dic | D51: Ordinario | E51: 22 | F51: =+[2]Resumen!F51*1000 -> 89741.845 | G51: =+[2]Resumen!G51*1000 -> 76727.839 | H51: =+[2]Resumen!H51*1000 -> 69225.387 | I51: =+[2]Resumen!I51*1000 -> 67798.174 | J51: =+[2]Resumen!J51*1000 -> 70851.431 | K51: =+[2]Resumen!K51*1000 -> 89295.101 | L51: =+[2]Resumen!L51*1000 -> 111861.34 | M51: =+[2]Resumen!M51*1000 -> 107650.06 | ... AC51: =+[2]Resumen!AC51*1000 -> 91086.634 | AD51: =SUM(F51:AC51)*E51+SUM(F52:AC52)*E52+SUM(F53:AC53)*E53+SUM(F54:AC54)*E54 -> 88919407
D52: Sábado | E52: 3 | F52: =+[2]Resumen!F52*1000 -> 91710.728 | G52: =+[2]Resumen!G52*1000 -> 76217.702 | H52: =+[2]Resumen!H52*1000 -> 68493.038 | I52: =+[2]Resumen!I52*1000 -> 65044.12 | J52: =+[2]Resumen!J52*1000 -> 67207.002 | K52: =+[2]Resumen!K52*1000 -> 77109.779 | L52: =+[2]Resumen!L52*1000 -> 93103.962 | M52: =+[2]Resumen!M52*1000 -> 87765.343 | ... AC52: =+[2]Resumen!AC52*1000 -> 79332.706
D53: Domingo | E53: 4 | F53: =+[2]Resumen!F53*1000 -> 94709.568 | G53: =+[2]Resumen!G53*1000 -> 78033.298 | H53: =+[2]Resumen!H53*1000 -> 70353.617 | I53: =+[2]Resumen!I53*1000 -> 64581.669 | J53: =+[2]Resumen!J53*1000 -> 62640.006 | K53: =+[2]Resumen!K53*1000 -> 68310.786 | L53: =+[2]Resumen!L53*1000 -> 76168.377 | M53: =+[2]Resumen!M53*1000 -> 61217.354 | ... AC53: =+[2]Resumen!AC53*1000 -> 73159.798
D54: Festivo | E54: 2 | F54: =+[2]Resumen!F54*1000 -> 73566.596 | G54: =+[2]Resumen!G54*1000 -> 64039.546 | H54: =+[2]Resumen!H54*1000 -> 55485.998 | I54: =+[2]Resumen!I54*1000 -> 48842.644 | J54: =+[2]Resumen!J54*1000 -> 45478.102 | K54: =+[2]Resumen!K54*1000 -> 46493.395 | L54: =+[2]Resumen!L54*1000 -> 48105.826 | M54: =+[2]Resumen!M54*1000 -> 27663.202 | ... AC54: =+[2]Resumen!AC54*1000 -> 54369.686
Y55: TOTAL AÑO kWh | AD55: =SUM(AD7:AD54) -> 1.0114535e+09

Sheet Cantidades 2028
C2: CANTIDADES DE ENERGÍA SOLICITADAS (kWh)
C3: EMPRESAS PÚBLICAS DE MEDELLÍN E.S.P.
C4: 2028
C6: Mes | D6: Tipo Día | E6: Días | F6: H1 | G6: H2 | H6: H3 | I6: H4 | J6: H5 | K6: H6 | L6: H7 | M6: H8 | N6: H9 | O6: H10 | P6: H11 | Q6: H12 | R6: H13 | S6: H14 | T6: H15 | U6: H16 | V6: H17 | W6: H18 | X6: H19 | Y6: H20 | Z6: H21 | AA6: H22 | AB6: H23 | AC6: H24 | AD6: TOTAL MES
C7: Ene | D7: Ordinario | E7: 20 | F7: =+[3]Resumen!F7*1000 -> 71983.519 | G7: =+[3]Resumen!G7*1000 -> 57047.978 | H7: =+[3]Resumen!H7*1000 -> 48630.536 | I7: =+[3]Resumen!I7*1000 -> 47405 | J7: =+[3]Resumen!J7*1000 -> 61734.581 | K7: =+[3]Resumen!K7*1000 -> 93354.328 | L7: =+[3]Resumen!L7*1000 -> 126372.48 | M7: =+[3]Resumen!M7*1000 -> 130849.44 | ... AC7: =+[3]Resumen!AC7*1000 -> 88013.843 | AD7: =SUM(F7:AC7)*E7+SUM(F8:AC8)*E8+SUM(F9:AC9)*E9+SUM(F10:AC10)*E10 -> 1.0101246e+08
D8: Sábado | E8: 4 | F8: =+[3]Resumen!F8*1000 -> 74609.769 | G8: =+[3]Resumen!G8*1000 -> 58413.518 | H8: =+[3]Resumen!H8*1000 -> 48999.974 | I8: =+[3]Resumen!I8*1000 -> 45505.766 | J8: =+[3]Resumen!J8*1000 -> 53674.469 | K8: =+[3]Resumen!K8*1000 -> 69448.284 | L8: =+[3]Resumen!L8*1000 -> 94171.21 | M8: =+[3]Resumen!M8*1000 -> 101452.93 | ... AC8: =+[3]Resumen!AC8*1000 -> 84076.351
D9: Domingo | E9: 5 | F9: =+[3]Resumen!F9*1000 -> 75118.132 | G9: =+[3]Resumen!G9*1000 -> 57521.848 | H9: =+[3]Resumen!H9*1000 -> 46252.503 | I9: =+[3]Resumen!I9*1000 -> 40206.675 | J9: =+[3]Resumen!J9*1000 -> 41866.383 | K9: =+[3]Resumen!K9*1000 -> 48652.042 | L9: =+[3]Resumen!L9*1000 -> 60039.172 | M9: =+[3]Resumen!M9*1000 -> 58070.811 | ... AC9: =+[3]Resumen!AC9*1000 -> 67916.836
D10: Festivo | E10: 2 | F10: =+[3]Resumen!F10*1000 -> 67456.057 | G10: =+[3]Resumen!G10*1000 -> 54917.595 | H10: =+[3]Resumen!H10*1000 -> 42770.503 | I10: =+[3]Resumen!I10*1000 -> 35779.772 | J10: =+[3]Resumen!J10*1000 -> 35581.453 | K10: =+[3]Resumen!K10*1000 -> 40291.654 | L10: =+[3]Resumen!L10*1000 -> 42831.593 | M10: =+[3]Resumen!M10*1000 -> 33636.962 | ... AC10: =+[3]Resumen!AC10*1000 -> 56120.455
C11: Feb | D11: Ordinario | E11: 21 | F11: =+[3]Resumen!F11*1000 -> 67597.321 | G11: =+[3]Resumen!G11*1000 -> 53332.551 | H11: =+[3]Resumen!H11*1000 -> 46480.171 | I11: =+[3]Resumen!I11*1000 -> 46424.812 | J11: =+[3]Resumen!J11*1000 -> 66673.461 | K11: =+[3]Resumen!K11*1000 -> 112726.08 | L11: =+[3]Resumen!L11*1000 -> 148334.96 | M11: =+[3]Resumen!M11*1000 -> 144230.59 | ... AC11: =+[3]Resumen!AC11*1000 -> 81289.321 | AD11: =SUM(F11:AC11)*E11+SUM(F12:AC12)*E12+SUM(F13:AC13)*E13+SUM(F14:AC14)*E14 -> 99445567
D12: Sábado | E12: 4 | F12: =+[3]Resumen!F12*1000 -> 83401.23 | G12: =+[3]Resumen!G12*1000 -> 66755.57 | H12: =+[3]Resumen!H12*1000 -> 56323.301 | I12: =+[3]Resumen!I12*1000 -> 53841.276 | J12: =+[3]Resumen!J12*1000 -> 61790.699 | K12: =+[3]Resumen!K12*1000 -> 76108.664 | L12: =+[3]Resumen!L12*1000 -> 105043.07 | M12: =+[3]Resumen!M12*1000 -> 114117.38 | ... AC12: =+[3]Resumen!AC12*1000 -> 85078.074
D13: Domingo | E13: 4 | F13: =+[3]Resumen!F13*1000 -> 77524.194 | G13: =+[3]Resumen!G13*1000 -> 59928.235 | H13: =+[3]Resumen!H13*1000 -> 48621.266 | I13: =+[3]Resumen!I13*1000 -> 42502.035 | J13: =+[3]Resumen!J13*1000 -> 43620.574 | K13: =+[3]Resumen!K13*1000 -> 49129.953 | L13: =+[3]Resumen!L13*1000 -> 60728.435 | M13: =+[3]Resumen!M13*1000 -> 58260.729 | ... AC13: =+[3]Resumen!AC13*1000 -> 63905.287
D14: Festivo | E14: 0 | F14: =+[3]Resumen!F14*1000 -> 0 | G14: =+[3]Resumen!G14*1000 -> 0 | H14: =+[3]Resumen!H14*1000 -> 0 | I14: =+[3]Resumen!I14*1000 -> 0 | J14: =+[3]Resumen!J14*1000 -> 0 | K14: =+[3]Resumen!K14*1000 -> 0 | L14: =+[3]Resumen!L14*1000 -> 0 | M14: =+[3]Resumen!M14*1000 -> 0 | ... AC14: =+[3]Resumen!AC14*1000 -> 0
C15: Mar | D15: Ordinario | E15: 22 | F15: =+[3]Resumen!F15*1000 -> 72463.674 | G15: =+[3]Resumen!G15*1000 -> 58680.974 | H15: =+[3]Resumen!H15*1000 -> 51545.52 | I15: =+[3]Resumen!I15*1000 -> 51731.874 | J15: =+[3]Resumen!J15*1000 -> 71709.09 | K15: =+[3]Resumen!K15*1000 -> 116334.83 | L15: =+[3]Resumen!L15*1000 -> 150560.66 | M15: =+[3]Resumen!M15*1000 -> 149598.55 | ... AC15: =+[3]Resumen!AC15*1000 -> 85795.854 | AD15: =SUM(F15:AC15)*E15+SUM(F16:AC16)*E16+SUM(F17:AC17)*E17+SUM(F18:AC18)*E18 -> 1.1089801e+08
D16: Sábado | E16: 4 | F16: =+[3]Resumen!F16*1000 -> 79586.414 | G16: =+[3]Resumen!G16*1000 -> 63985.619 | H16: =+[3]Resumen!H16*1000 -> 54466.765 | I16: =+[3]Resumen!I16*1000 -> 52521.438 | J16: =+[3]Resumen!J16*1000 -> 62805.494 | K16: =+[3]Resumen!K16*1000 -> 82843.999 | L16: =+[3]Resumen!L16*1000 -> 111823.79 | M16: =+[3]Resumen!M16*1000 -> 125134.89 | ... AC16: =+[3]Resumen!AC16*1000 -> 94066.295
D17: Domingo | E17: 4 | F17: =+[3]Resumen!F17*1000 -> 80825.571 | G17: =+[3]Resumen!G17*1000 -> 63466.416 | H17: =+[3]Resumen!H17*1000 -> 51864.174 | I17: =+[3]Resumen!I17*1000 -> 46325.089 | J17: =+[3]Resumen!J17*1000 -> 47664.59 | K17: =+[3]Resumen!K17*1000 -> 54590.205 | L17: =+[3]Resumen!L17*1000 -> 65741.941 | M17: =+[3]Resumen!M17*1000 -> 69208.682 | ... AC17: =+[3]Resumen!AC17*1000 -> 74792.246
D18: Festivo | E18: 1 | F18: =+[3]Resumen!F18*1000 -> 91913.599 | G18: =+[3]Resumen!G18*1000 -> 74713.251 | H18: =+[3]Resumen!H18*1000 -> 63831.703 | I18: =+[3]Resumen!I18*1000 -> 59043.821 | J18: =+[3]Resumen!J18*1000 -> 62571.408 | K18: =+[3]Resumen!K18*1000 -> 69483.001 | L18: =+[3]Resumen!L18*1000 -> 79558.092 | M18: =+[3]Resumen!M18*1000 -> 83306.015 | ... AC18: =+[3]Resumen!AC18*1000 -> 88496.902
C19: Abr | D19: Ordinario | E19: 18 | F19: =+[3]Resumen!F19*1000 -> 73328.526 | G19: =+[3]Resumen!G19*1000 -> 58919.396 | H19: =+[3]Resumen!H19*1000 -> 51751.337 | I19: =+[3]Resumen!I19*1000 -> 52001.766 | J19: =+[3]Resumen!J19*1000 -> 70811.541 | K19: =+[3]Resumen!K19*1000 -> 110331.15 | L19: =+[3]Resumen!L19*1000 -> 144745.36 | M19: =+[3]Resumen!M19*1000 -> 147104.27 | ... AC19: =+[3]Resumen!AC19*1000 -> 88936.781 | AD19: =SUM(F19:AC19)*E19+SUM(F20:AC20)*E20+SUM(F21:AC21)*E21+SUM(F22:AC22)*E22 -> 1.0385629e+08
D20: Sábado | E20: 5 | F20: =+[3]Resumen!F20*1000 -> 78175.622 | G20: =+[3]Resumen!G20*1000 -> 61183.75 | H20: =+[3]Resumen!H20*1000 -> 51595.013 | I20: =+[3]Resumen!I20*1000 -> 49444.987 | J20: =+[3]Resumen!J20*1000 -> 57778.458 | K20: =+[3]Resumen!K20*1000 -> 73476.477 | L20: =+[3]Resumen!L20*1000 -> 98864.222 | M20: =+[3]Resumen!M20*1000 -> 109847.57 | ... AC20: =+[3]Resumen!AC20*1000 -> 93172.739
D21: Domingo | E21: 5 | F21: =+[3]Resumen!F21*1000 -> 83523.591 | G21: =+[3]Resumen!G21*1000 -> 65616.662 | H21: =+[3]Resumen!H21*1000 -> 54091.156 | I21: =+[3]Resumen!I21*1000 -> 48965.821 | J21: =+[3]Resumen!J21*1000 -> 50514.205 | K21: =+[3]Resumen!K21*1000 -> 54632.105 | L21: =+[3]Resumen!L21*1000 -> 67748.286 | M21: =+[3]Resumen!M21*1000 -> 71625.07 | ... AC21: =+[3]Resumen!AC21*1000 -> 72733.938
D22: Festivo | E22: 2 | F22: =+[3]Resumen!F22*1000 -> 93621.898 | G22: =+[3]Resumen!G22*1000 -> 74842.943 | H22: =+[3]Resumen!H22*1000 -> 62929.178 | I22: =+[3]Resumen!I22*1000 -> 57451.674 | J22: =+[3]Resumen!J22*1000 -> 59736.899 | K22: =+[3]Resumen!K22*1000 -> 64398.304 | L22: =+[3]Resumen!L22*1000 -> 74546.387 | M22: =+[3]Resumen!M22*1000 -> 74600.537 | ... AC22: =+[3]Resumen!AC22*1000 -> 91303.585
C23: May | D23: Ordinario | E23: 21 | F23: =+[3]Resumen!F23*1000 -> 72817.757 | G23: =+[3]Resumen!G23*1000 -> 58218.795 | H23: =+[3]Resumen!H23*1000 -> 50937.258 | I23: =+[3]Resumen!I23*1000 -> 51514.929 | J23: =+[3]Resumen!J23*1000 -> 71397.909 | K23: =+[3]Resumen!K23*1000 -> 113330.91 | L23: =+[3]Resumen!L23*1000 -> 149851.6 | M23: =+[3]Resumen!M23*1000 -> 151854.85 | ... AC23: =+[3]Resumen!AC23*1000 -> 88537.837 | AD23: =SUM(F23:AC23)*E23+SUM(F24:AC24)*E24+SUM(F25:AC25)*E25+SUM(F26:AC26)*E26 -> 1.0941004e+08
D24: Sábado | E24: 4 | F24: =+[3]Resumen!F24*1000 -> 82404.225 | G24: =+[3]Resumen!G24*1000 -> 65358.729 | H24: =+[3]Resumen!H24*1000 -> 56298.423 | I24: =+[3]Resumen!I24*1000 -> 53411.985 | J24: =+[3]Resumen!J24*1000 -> 61591.903 | K24: =+[3]Resumen!K24*1000 -> 75650.813 | L24: =+[3]Resumen!L24*1000 -> 103315.83 | M24: =+[3]Resumen!M24*1000 -> 116419.8 | ... AC24: =+[3]Resumen!AC24*1000 -> 91884.122
D25: Domingo | E25: 4 | F25: =+[3]Resumen!F25*1000 -> 78863.858 | G25: =+[3]Resumen!G25*1000 -> 61972.02 | H25: =+[3]Resumen!H25*1000 -> 50063.341 | I25: =+[3]Resumen!I25*1000 -> 44160.257 | J25: =+[3]Resumen!J25*1000 -> 43293.934 | K25: =+[3]Resumen!K25*1000 -> 45526.666 | L25: =+[3]Resumen!L25*1000 -> 56791.139 | M25: =+[3]Resumen!M25*1000 -> 60018.373 | ... AC25: =+[3]Resumen!AC25*1000 -> 68411.711
D26: Festivo | E26: 2 | F26: =+[3]Resumen!F26*1000 -> 71244.289 | G26: =+[3]Resumen!G26*1000 -> 54856.988 | H26: =+[3]Resumen!H26*1000 -> 45471.221 | I26: =+[3]Resumen!I26*1000 -> 42462.098 | J26: =+[3]Resumen!J26*1000 -> 50958.525 | K26: =+[3]Resumen!K26*1000 -> 64365.097 | L26: =+[3]Resumen!L26*1000 -> 79066.967 | M26: =+[3]Resumen!M26*1000 -> 83873.867 | ... AC26: =+[3]Resumen!AC26*1000 -> 69763.409
C27: Jun | D27: Ordinario | E27: 20 | F27: =+[3]Resumen!F27*1000 -> 63287.564 | G27: =+[3]Resumen!G27*1000 -> 48730.541 | H27: =+[3]Resumen!H27*1000 -> 41274.679 | I27: =+[3]Resumen!I27*1000 -> 41197.757 | J27: =+[3]Resumen!J27*1000 -> 56879.137 | K27: =+[3]Resumen!K27*1000 -> 87705.27 | L27: =+[3]Resumen!L27*1000 -> 122825.5 | M27: =+[3]Resumen!M27*1000 -> 130860.93 | ... AC27: =+[3]Resumen!AC27*1000 -> 76052.312 | AD27: =SUM(F27:AC27)*E27+SUM(F28:AC28)*E28+SUM(F29:AC29)*E29+SUM(F30:AC30)*E30 -> 94806405
D28: Sábado | E28: 4 | F28: =+[3]Resumen!F28*1000 -> 70659.377 | G28: =+[3]Resumen!G28*1000 -> 54102.198 | H28: =+[3]Resumen!H28*1000 -> 43819.356 | I28: =+[3]Resumen!I28*1000 -> 41131.38 | J28: =+[3]Resumen!J28*1000 -> 48980.015 | K28: =+[3]Resumen!K28*1000 -> 63175.18 | L28: =+[3]Resumen!L28*1000 -> 91028.984 | M28: =+[3]Resumen!M28*1000 -> 104057.43 | ... AC28: =+[3]Resumen!AC28*1000 -> 82083.612
D29: Domingo | E29: 4 | F29: =+[3]Resumen!F29*1000 -> 74802.548 | G29: =+[3]Resumen!G29*1000 -> 58332.731 | H29: =+[3]Resumen!H29*1000 -> 46856.247 | I29: =+[3]Resumen!I29*1000 -> 42043.582 | J29: =+[3]Resumen!J29*1000 -> 43134.974 | K29: =+[3]Resumen!K29*1000 -> 46371.493 | L29: =+[3]Resumen!L29*1000 -> 56599.851 | M29: =+[3]Resumen!M29*1000 -> 57854.63 | ... AC29: =+[3]Resumen!AC29*1000 -> 69083.55
D30: Festivo | E30: 2 | F30: =+[3]Resumen!F30*1000 -> 64826.482 | G30: =+[3]Resumen!G30*1000 -> 48989.166 | H30: =+[3]Resumen!H30*1000 -> 39090.056 | I30: =+[3]Resumen!I30*1000 -> 35151.245 | J30: =+[3]Resumen!J30*1000 -> 37855.784 | K30: =+[3]Resumen!K30*1000 -> 43833.297 | L30: =+[3]Resumen!L30*1000 -> 54110.556 | M30: =+[3]Resumen!M30*1000 -> 54690.969 | ... AC30: =+[3]Resumen!AC30*1000 -> 65847.314
C31: Jul | D31: Ordinario | E31: 19 | F31: =+[3]Resumen!F31*1000 -> 61200.743 | G31: =+[3]Resumen!G31*1000 -> 45708.192 | H31: =+[3]Resumen!H31*1000 -> 37173.743 | I31: =+[3]Resumen!I31*1000 -> 36571.575 | J31: =+[3]Resumen!J31*1000 -> 53106.474 | K31: =+[3]Resumen!K31*1000 -> 88813.837 | L31: =+[3]Resumen!L31*1000 -> 124191.95 | M31: =+[3]Resumen!M31*1000 -> 129668.02 | ... AC31: =+[3]Resumen!AC31*1000 -> 75651.114 | AD31: =SUM(F31:AC31)*E31+SUM(F32:AC32)*E32+SUM(F33:AC33)*E33+SUM(F34:AC34)*E34 -> 94967898
D32: Sábado | E32: 5 | F32: =+[3]Resumen!F32*1000 -> 66559.678 | G32: =+[3]Resumen!G32*1000 -> 49698.225 | H32: =+[3]Resumen!H32*1000 -> 39629.476 | I32: =+[3]Resumen!I32*1000 -> 35890.298 | J32: =+[3]Resumen!J32*1000 -> 43930.441 | K32: =+[3]Resumen!K32*1000 -> 59325.261 | L32: =+[3]Resumen!L32*1000 -> 86945.017 | M32: =+[3]Resumen!M32*1000 -> 100381.93 | ... AC32: =+[3]Resumen!AC32*1000 -> 70483.998
D33: Domingo | E33: 5 | F33: =+[3]Resumen!F33*1000 -> 55838.117 | G33: =+[3]Resumen!G33*1000 -> 38260.307 | H33: =+[3]Resumen!H33*1000 -> 26866.844 | I33: =+[3]Resumen!I33*1000 -> 21137.167 | J33: =+[3]Resumen!J33*1000 -> 23282.58 | K33: =+[3]Resumen!K33*1000 -> 27844.882 | L33: =+[3]Resumen!L33*1000 -> 41140.894 | M33: =+[3]Resumen!M33*1000 -> 43473.769 | ... AC33: =+[3]Resumen!AC33*1000 -> 49037.523
D34: Festivo | E34: 2 | F34: =+[3]Resumen!F34*1000 -> 76850.019 | G34: =+[3]Resumen!G34*1000 -> 57309.908 | H34: =+[3]Resumen!H34*1000 -> 45039.414 | I34: =+[3]Resumen!I34*1000 -> 38672.447 | J34: =+[3]Resumen!J34*1000 -> 37778.919 | K34: =+[3]Resumen!K34*1000 -> 37908.979 | L34: =+[3]Resumen!L34*1000 -> 50107.777 | M34: =+[3]Resumen!M34*1000 -> 52412.755 | ... AC34: =+[3]Resumen!AC34*1000 -> 71830.381
C35: Ago | D35: Ordinario | E35: 21 | F35: =+[3]Resumen!F35*1000 -> 57981.509 | G35: =+[3]Resumen!G35*1000 -> 42419.658 | H35: =+[3]Resumen!H35*1000 -> 34146.322 | I35: =+[3]Resumen!I35*1000 -> 33523.527 | J35: =+[3]Resumen!J35*1000 -> 51914.867 | K35: =+[3]Resumen!K35*1000 -> 91534.027 | L35: =+[3]Resumen!L35*1000 -> 128355.15 | M35: =+[3]Resumen!M35*1000 -> 130672.03 | ... AC35: =+[3]Resumen!AC35*1000 -> 73434.166 | AD35: =SUM(F35:AC35)*E35+SUM(F36:AC36)*E36+SUM(F37:AC37)*E37+SUM(F38:AC38)*E38 -> 95790142
D36: Sábado | E36: 4 | F36: =+[3]Resumen!F36*1000 -> 64152.23 | G36: =+[3]Resumen!G36*1000 -> 47928.86 | H36: =+[3]Resumen!H36*1000 -> 37860.341 | I36: =+[3]Resumen!I36*1000 -> 34394.073 | J36: =+[3]Resumen!J36*1000 -> 43093.07 | K36: =+[3]Resumen!K36*1000 -> 57735.889 | L36: =+[3]Resumen!L36*1000 -> 85946.284 | M36: =+[3]Resumen!M36*1000 -> 99730.937 | ... AC36: =+[3]Resumen!AC36*1000 -> 67395.965
D37: Domingo | E37: 4 | F37: =+[3]Resumen!F37*1000 -> 58564.138 | G37: =+[3]Resumen!G37*1000 -> 41796.787 | H37: =+[3]Resumen!H37*1000 -> 30058.563 | I37: =+[3]Resumen!I37*1000 -> 24929.196 | J37: =+[3]Resumen!J37*1000 -> 27199.592 | K37: =+[3]Resumen!K37*1000 -> 33846.972 | L37: =+[3]Resumen!L37*1000 -> 43462.035 | M37: =+[3]Resumen!M37*1000 -> 46094.341 | ... AC37: =+[3]Resumen!AC37*1000 -> 54060.877
D38: Festivo | E38: 2 | F38: =+[3]Resumen!F38*1000 -> 52154.235 | G38: =+[3]Resumen!G38*1000 -> 35142.157 | H38: =+[3]Resumen!H38*1000 -> 23644.123 | I38: =+[3]Resumen!I38*1000 -> 21282.152 | J38: =+[3]Resumen!J38*1000 -> 24258.092 | K38: =+[3]Resumen!K38*1000 -> 34328.536 | L38: =+[3]Resumen!L38*1000 -> 49186.496 | M38: =+[3]Resumen!M38*1000 -> 50443.458 | ... AC38: =+[3]Resumen!AC38*1000 -> 53509.683
C39: Sep | D39: Ordinario | E39: 21 | F39: =+[3]Resumen!F39*1000 -> 53815.17 | G39: =+[3]Resumen!G39*1000 -> 39293.432 | H39: =+[3]Resumen!H39*1000 -> 31743.14 | I39: =+[3]Resumen!I39*1000 -> 31281.802 | J39: =+[3]Resumen!J39*1000 -> 49651.353 | K39: =+[3]Resumen!K39*1000 -> 90205.453 | L39: =+[3]Resumen!L39*1000 -> 125473.53 | M39: =+[3]Resumen!M39*1000 -> 125482.41 | ... AC39: =+[3]Resumen!AC39*1000 -> 67134.857 | AD39: =SUM(F39:AC39)*E39+SUM(F40:AC40)*E40+SUM(F41:AC41)*E41+SUM(F42:AC42)*E42 -> 91500866
D40: Sábado | E40: 5 | F40: =+[3]Resumen!F40*1000 -> 58263.317 | G40: =+[3]Resumen!G40*1000 -> 42470.456 | H40: =+[3]Resumen!H40*1000 -> 32372.965 | I40: =+[3]Resumen!I40*1000 -> 29740.123 | J40: =+[3]Resumen!J40*1000 -> 39134.845 | K40: =+[3]Resumen!K40*1000 -> 57034.123 | L40: =+[3]Resumen!L40*1000 -> 83097.352 | M40: =+[3]Resumen!M40*1000 -> 95721.872 | ... AC40: =+[3]Resumen!AC40*1000 -> 68774.581
D41: Domingo | E41: 4 | F41: =+[3]Resumen!F41*1000 -> 59633.805 | G41: =+[3]Resumen!G41*1000 -> 40622.287 | H41: =+[3]Resumen!H41*1000 -> 29345.573 | I41: =+[3]Resumen!I41*1000 -> 23358.833 | J41: =+[3]Resumen!J41*1000 -> 24170.796 | K41: =+[3]Resumen!K41*1000 -> 28550.192 | L41: =+[3]Resumen!L41*1000 -> 38924.08 | M41: =+[3]Resumen!M41*1000 -> 40122.421 | ... AC41: =+[3]Resumen!AC41*1000 -> 47544.173
D42: Festivo | E42: 0 | F42: =+[3]Resumen!F42*1000 -> 0 | G42: =+[3]Resumen!G42*1000 -> 0 | H42: =+[3]Resumen!H42*1000 -> 0 | I42: =+[3]Resumen!I42*1000 -> 0 | J42: =+[3]Resumen!J42*1000 -> 0 | K42: =+[3]Resumen!K42*1000 -> 0 | L42: =+[3]Resumen!L42*1000 -> 0 | M42: =+[3]Resumen!M42*1000 -> 0 | ... AC42: =+[3]Resumen!AC42*1000 -> 0
C43: Oct | D43: Ordinario | E43: 21 | F43: =+[3]Resumen!F43*1000 -> 41907.757 | G43: =+[3]Resumen!G43*1000 -> 27734.156 | H43: =+[3]Resumen!H43*1000 -> 20616.172 | I43: =+[3]Resumen!I43*1000 -> 20787.86 | J43: =+[3]Resumen!J43*1000 -> 38613.927 | K43: =+[3]Resumen!K43*1000 -> 75294.132 | L43: =+[3]Resumen!L43*1000 -> 112450.95 | M43: =+[3]Resumen!M43*1000 -> 118518.92 | ... AC43: =+[3]Resumen!AC43*1000 -> 57664.679 | AD43: =SUM(F43:AC43)*E43+SUM(F44:AC44)*E44+SUM(F45:AC45)*E45+SUM(F46:AC46)*E46 -> 88525525
D44: Sábado | E44: 4 | F44: =+[3]Resumen!F44*1000 -> 58144.753 | G44: =+[3]Resumen!G44*1000 -> 40151.474 | H44: =+[3]Resumen!H44*1000 -> 30898.576 | I44: =+[3]Resumen!I44*1000 -> 27407.792 | J44: =+[3]Resumen!J44*1000 -> 36245.776 | K44: =+[3]Resumen!K44*1000 -> 51761.605 | L44: =+[3]Resumen!L44*1000 -> 80575.681 | M44: =+[3]Resumen!M44*1000 -> 93675.49 | ... AC44: =+[3]Resumen!AC44*1000 -> 64593.504
D45: Domingo | E45: 5 | F45: =+[3]Resumen!F45*1000 -> 57372.13 | G45: =+[3]Resumen!G45*1000 -> 40035.001 | H45: =+[3]Resumen!H45*1000 -> 29954.289 | I45: =+[3]Resumen!I45*1000 -> 24320.156 | J45: =+[3]Resumen!J45*1000 -> 25931.187 | K45: =+[3]Resumen!K45*1000 -> 30389.965 | L45: =+[3]Resumen!L45*1000 -> 43984.959 | M45: =+[3]Resumen!M45*1000 -> 47903.094 | ... AC45: =+[3]Resumen!AC45*1000 -> 44389.825
D46: Festivo | E46: 1 | F46: =+[3]Resumen!F46*1000 -> 45801.993 | G46: =+[3]Resumen!G46*1000 -> 30860.052 | H46: =+[3]Resumen!H46*1000 -> 22045.94 | I46: =+[3]Resumen!I46*1000 -> 17500.773 | J46: =+[3]Resumen!J46*1000 -> 22160.439 | K46: =+[3]Resumen!K46*1000 -> 27969.13 | L46: =+[3]Resumen!L46*1000 -> 40559.554 | M46: =+[3]Resumen!M46*1000 -> 44599.783 | ... AC46: =+[3]Resumen!AC46*1000 -> 40568.863
C47: Nov | D47: Ordinario | E47: 20 | F47: =+[3]Resumen!F47*1000 -> 50386.189 | G47: =+[3]Resumen!G47*1000 -> 35369.728 | H47: =+[3]Resumen!H47*1000 -> 28470.643 | I47: =+[3]Resumen!I47*1000 -> 28795.569 | J47: =+[3]Resumen!J47*1000 -> 46152.355 | K47: =+[3]Resumen!K47*1000 -> 81302.469 | L47: =+[3]Resumen!L47*1000 -> 120174.41 | M47: =+[3]Resumen!M47*1000 -> 129176.1 | ... AC47: =+[3]Resumen!AC47*1000 -> 65295.399 | AD47: =SUM(F47:AC47)*E47+SUM(F48:AC48)*E48+SUM(F49:AC49)*E49+SUM(F50:AC50)*E50 -> 90004302
D48: Sábado | E48: 4 | F48: =+[3]Resumen!F48*1000 -> 55563.334 | G48: =+[3]Resumen!G48*1000 -> 38536.766 | H48: =+[3]Resumen!H48*1000 -> 28247.829 | I48: =+[3]Resumen!I48*1000 -> 26164.547 | J48: =+[3]Resumen!J48*1000 -> 36100.089 | K48: =+[3]Resumen!K48*1000 -> 53871.236 | L48: =+[3]Resumen!L48*1000 -> 84765.776 | M48: =+[3]Resumen!M48*1000 -> 101190.66 | ... AC48: =+[3]Resumen!AC48*1000 -> 63818.55
D49: Domingo | E49: 4 | F49: =+[3]Resumen!F49*1000 -> 49158.69 | G49: =+[3]Resumen!G49*1000 -> 31999.845 | H49: =+[3]Resumen!H49*1000 -> 21849.684 | I49: =+[3]Resumen!I49*1000 -> 17043.5 | J49: =+[3]Resumen!J49*1000 -> 19338.42 | K49: =+[3]Resumen!K49*1000 -> 25935.461 | L49: =+[3]Resumen!L49*1000 -> 40353.637 | M49: =+[3]Resumen!M49*1000 -> 46895.095 | ... AC49: =+[3]Resumen!AC49*1000 -> 47464.132
D50: Festivo | E50: 2 | F50: =+[3]Resumen!F50*1000 -> 42503.229 | G50: =+[3]Resumen!G50*1000 -> 27237.901 | H50: =+[3]Resumen!H50*1000 -> 18173.965 | I50: =+[3]Resumen!I50*1000 -> 13936.869 | J50: =+[3]Resumen!J50*1000 -> 18786.019 | K50: =+[3]Resumen!K50*1000 -> 28367.214 | L50: =+[3]Resumen!L50*1000 -> 39447.114 | M50: =+[3]Resumen!M50*1000 -> 40900.757 | ... AC50: =+[3]Resumen!AC50*1000 -> 34960.802
C51: Dic | D51: Ordinario | E51: 19 | F51: =+[3]Resumen!F51*1000 -> 67457.475 | G51: =+[3]Resumen!G51*1000 -> 50374.979 | H51: =+[3]Resumen!H51*1000 -> 41157.629 | I51: =+[3]Resumen!I51*1000 -> 39910.295 | J51: =+[3]Resumen!J51*1000 -> 53547.638 | K51: =+[3]Resumen!K51*1000 -> 80008.784 | L51: =+[3]Resumen!L51*1000 -> 113601.21 | M51: =+[3]Resumen!M51*1000 -> 127704.92 | ... AC51: =+[3]Resumen!AC51*1000 -> 85794.383 | AD51: =SUM(F51:AC51)*E51+SUM(F52:AC52)*E52+SUM(F53:AC53)*E53+SUM(F54:AC54)*E54 -> 98808329
D52: Sábado | E52: 5 | F52: =+[3]Resumen!F52*1000 -> 77816.729 | G52: =+[3]Resumen!G52*1000 -> 58268.824 | H52: =+[3]Resumen!H52*1000 -> 47488.981 | I52: =+[3]Resumen!I52*1000 -> 43310.196 | J52: =+[3]Resumen!J52*1000 -> 50785.701 | K52: =+[3]Resumen!K52*1000 -> 66401.315 | L52: =+[3]Resumen!L52*1000 -> 92800.622 | M52: =+[3]Resumen!M52*1000 -> 105621.33 | ... AC52: =+[3]Resumen!AC52*1000 -> 80502.838
D53: Domingo | E53: 5 | F53: =+[3]Resumen!F53*1000 -> 76549.867 | G53: =+[3]Resumen!G53*1000 -> 55968.788 | H53: =+[3]Resumen!H53*1000 -> 44486.348 | I53: =+[3]Resumen!I53*1000 -> 37692.459 | J53: =+[3]Resumen!J53*1000 -> 36236.716 | K53: =+[3]Resumen!K53*1000 -> 41741.027 | L53: =+[3]Resumen!L53*1000 -> 51113.817 | M53: =+[3]Resumen!M53*1000 -> 51031.402 | ... AC53: =+[3]Resumen!AC53*1000 -> 67868.636
D54: Festivo | E54: 2 | F54: =+[3]Resumen!F54*1000 -> 69215.956 | G54: =+[3]Resumen!G54*1000 -> 53944.71 | H54: =+[3]Resumen!H54*1000 -> 41671.546 | I54: =+[3]Resumen!I54*1000 -> 33103 | J54: =+[3]Resumen!J54*1000 -> 30569.017 | K54: =+[3]Resumen!K54*1000 -> 32831.423 | L54: =+[3]Resumen!L54*1000 -> 37292.565 | M54: =+[3]Resumen!M54*1000 -> 31939.6 | ... AC54: =+[3]Resumen!AC54*1000 -> 55628.704
Z55: TOTAL AÑO kWh | AD55: =SUM(AD7:AD54) -> 1.1790258e+09

Sheet Cantidades 2029
C2: CANTIDADES DE ENERGÍA SOLICITADAS (kWh)
C3: EMPRESAS PÚBLICAS DE MEDELLÍN E.S.P.
C4: 2029
C6: Mes | D6: Tipo Día | E6: Días | F6: H1 | G6: H2 | H6: H3 | I6: H4 | J6: H5 | K6: H6 | L6: H7 | M6: H8 | N6: H9 | O6: H10 | P6: H11 | Q6: H12 | R6: H13 | S6: H14 | T6: H15 | U6: H16 | V6: H17 | W6: H18 | X6: H19 | Y6: H20 | Z6: H21 | AA6: H22 | AB6: H23 | AC6: H24 | AD6: TOTAL MES
C7: Ene | D7: Ordinario | E7: 21 | F7: =+[4]Resumen!F7*1000 -> 78165.752 | G7: =+[4]Resumen!G7*1000 -> 67145.303 | H7: =+[4]Resumen!H7*1000 -> 61035.521 | I7: =+[4]Resumen!I7*1000 -> 60238.895 | J7: =+[4]Resumen!J7*1000 -> 73574.412 | K7: =+[4]Resumen!K7*1000 -> 98036.657 | L7: =+[4]Resumen!L7*1000 -> 123689.06 | M7: =+[4]Resumen!M7*1000 -> 126250.12 | ... AC7: =+[4]Resumen!AC7*1000 -> 100906.71 | AD7: =SUM(F7:AC7)*E7+SUM(F8:AC8)*E8+SUM(F9:AC9)*E9+SUM(F10:AC10)*E10 -> 1.0048524e+08
D8: Sábado | E8: 4 | F8: =+[4]Resumen!F8*1000 -> 83570.22 | G8: =+[4]Resumen!G8*1000 -> 71056.193 | H8: =+[4]Resumen!H8*1000 -> 63851.978 | I8: =+[4]Resumen!I8*1000 -> 61241.707 | J8: =+[4]Resumen!J8*1000 -> 67736.697 | K8: =+[4]Resumen!K8*1000 -> 79932.929 | L8: =+[4]Resumen!L8*1000 -> 99301.552 | M8: =+[4]Resumen!M8*1000 -> 104243.39 | ... AC8: =+[4]Resumen!AC8*1000 -> 102148.78
D9: Domingo | E9: 4 | F9: =+[4]Resumen!F9*1000 -> 83727.066 | G9: =+[4]Resumen!G9*1000 -> 70132.872 | H9: =+[4]Resumen!H9*1000 -> 61463.847 | I9: =+[4]Resumen!I9*1000 -> 56879.397 | J9: =+[4]Resumen!J9*1000 -> 58192.443 | K9: =+[4]Resumen!K9*1000 -> 63389.328 | L9: =+[4]Resumen!L9*1000 -> 72347.961 | M9: =+[4]Resumen!M9*1000 -> 69934.085 | ... AC9: =+[4]Resumen!AC9*1000 -> 89834.524
D10: Festivo | E10: 2 | F10: =+[4]Resumen!F10*1000 -> 78901.004 | G10: =+[4]Resumen!G10*1000 -> 69201.983 | H10: =+[4]Resumen!H10*1000 -> 59889.588 | I10: =+[4]Resumen!I10*1000 -> 54439.201 | J10: =+[4]Resumen!J10*1000 -> 54319.856 | K10: =+[4]Resumen!K10*1000 -> 57766.942 | L10: =+[4]Resumen!L10*1000 -> 59999.358 | M10: =+[4]Resumen!M10*1000 -> 51904.806 | ... AC10: =+[4]Resumen!AC10*1000 -> 81170.446
C11: Feb | D11: Ordinario | E11: 20 | F11: =+[4]Resumen!F11*1000 -> 83547.084 | G11: =+[4]Resumen!G11*1000 -> 72641.063 | H11: =+[4]Resumen!H11*1000 -> 67346.703 | I11: =+[4]Resumen!I11*1000 -> 67333.018 | J11: =+[4]Resumen!J11*1000 -> 85701.428 | K11: =+[4]Resumen!K11*1000 -> 122066.08 | L11: =+[4]Resumen!L11*1000 -> 150327.92 | M11: =+[4]Resumen!M11*1000 -> 146843.02 | ... AC11: =+[4]Resumen!AC11*1000 -> 105338.53 | AD11: =SUM(F11:AC11)*E11+SUM(F12:AC12)*E12+SUM(F13:AC13)*E13+SUM(F14:AC14)*E14 -> 1.0130964e+08
D12: Sábado | E12: 4 | F12: =+[4]Resumen!F12*1000 -> 98553.024 | G12: =+[4]Resumen!G12*1000 -> 85516.221 | H12: =+[4]Resumen!H12*1000 -> 77422.944 | I12: =+[4]Resumen!I12*1000 -> 75796.476 | J12: =+[4]Resumen!J12*1000 -> 83298.281 | K12: =+[4]Resumen!K12*1000 -> 97264.819 | L12: =+[4]Resumen!L12*1000 -> 121139.49 | M12: =+[4]Resumen!M12*1000 -> 127270.18 | ... AC12: =+[4]Resumen!AC12*1000 -> 112959.13
D13: Domingo | E13: 4 | F13: =+[4]Resumen!F13*1000 -> 94588.837 | G13: =+[4]Resumen!G13*1000 -> 80674.504 | H13: =+[4]Resumen!H13*1000 -> 71832.525 | I13: =+[4]Resumen!I13*1000 -> 67370.394 | J13: =+[4]Resumen!J13*1000 -> 69182.993 | K13: =+[4]Resumen!K13*1000 -> 74714.975 | L13: =+[4]Resumen!L13*1000 -> 85629.385 | M13: =+[4]Resumen!M13*1000 -> 84347.172 | ... AC13: =+[4]Resumen!AC13*1000 -> 97162.342
D14: Festivo | E14: 0 | F14: =+[4]Resumen!F14*1000 -> 0 | G14: =+[4]Resumen!G14*1000 -> 0 | H14: =+[4]Resumen!H14*1000 -> 0 | I14: =+[4]Resumen!I14*1000 -> 0 | J14: =+[4]Resumen!J14*1000 -> 0 | K14: =+[4]Resumen!K14*1000 -> 0 | L14: =+[4]Resumen!L14*1000 -> 0 | M14: =+[4]Resumen!M14*1000 -> 0 | ... AC14: =+[4]Resumen!AC14*1000 -> 0
C15: Mar | D15: Ordinario | E15: 19 | F15: =+[4]Resumen!F15*1000 -> 81265.295 | G15: =+[4]Resumen!G15*1000 -> 71065.634 | H15: =+[4]Resumen!H15*1000 -> 65812.331 | I15: =+[4]Resumen!I15*1000 -> 66013.682 | J15: =+[4]Resumen!J15*1000 -> 84199.691 | K15: =+[4]Resumen!K15*1000 -> 119386.99 | L15: =+[4]Resumen!L15*1000 -> 146271.35 | M15: =+[4]Resumen!M15*1000 -> 144862.14 | ... AC15: =+[4]Resumen!AC15*1000 -> 102639.22 | AD15: =SUM(F15:AC15)*E15+SUM(F16:AC16)*E16+SUM(F17:AC17)*E17+SUM(F18:AC18)*E18 -> 1.088526e+08
D16: Sábado | E16: 5 | F16: =+[4]Resumen!F16*1000 -> 90415.091 | G16: =+[4]Resumen!G16*1000 -> 78264.187 | H16: =+[4]Resumen!H16*1000 -> 70928.948 | I16: =+[4]Resumen!I16*1000 -> 69515.641 | J16: =+[4]Resumen!J16*1000 -> 77799.878 | K16: =+[4]Resumen!K16*1000 -> 93478.542 | L16: =+[4]Resumen!L16*1000 -> 116461.82 | M16: =+[4]Resumen!M16*1000 -> 126180.73 | ... AC16: =+[4]Resumen!AC16*1000 -> 112719.59
D17: Domingo | E17: 4 | F17: =+[4]Resumen!F17*1000 -> 91050.888 | G17: =+[4]Resumen!G17*1000 -> 77505.576 | H17: =+[4]Resumen!H17*1000 -> 68626.943 | I17: =+[4]Resumen!I17*1000 -> 64311.338 | J17: =+[4]Resumen!J17*1000 -> 65520.48 | K17: =+[4]Resumen!K17*1000 -> 71104.957 | L17: =+[4]Resumen!L17*1000 -> 80001.701 | M17: =+[4]Resumen!M17*1000 -> 81987.497 | ... AC17: =+[4]Resumen!AC17*1000 -> 97687.265
D18: Festivo | E18: 3 | F18: =+[4]Resumen!F18*1000 -> 98933.82 | G18: =+[4]Resumen!G18*1000 -> 85511.662 | H18: =+[4]Resumen!H18*1000 -> 77147.137 | I18: =+[4]Resumen!I18*1000 -> 73599.351 | J18: =+[4]Resumen!J18*1000 -> 76330.531 | K18: =+[4]Resumen!K18*1000 -> 82114.552 | L18: =+[4]Resumen!L18*1000 -> 90122.687 | M18: =+[4]Resumen!M18*1000 -> 91728.559 | ... AC18: =+[4]Resumen!AC18*1000 -> 108020.89
C19: Abr | D19: Ordinario | E19: 21 | F19: =+[4]Resumen!F19*1000 -> 79254.966 | G19: =+[4]Resumen!G19*1000 -> 68709.561 | H19: =+[4]Resumen!H19*1000 -> 63454.783 | I19: =+[4]Resumen!I19*1000 -> 63646.445 | J19: =+[4]Resumen!J19*1000 -> 80419.941 | K19: =+[4]Resumen!K19*1000 -> 110735.15 | L19: =+[4]Resumen!L19*1000 -> 137222.13 | M19: =+[4]Resumen!M19*1000 -> 138584.68 | ... AC19: =+[4]Resumen!AC19*1000 -> 101819.11 | AD19: =SUM(F19:AC19)*E19+SUM(F20:AC20)*E20+SUM(F21:AC21)*E21+SUM(F22:AC22)*E22 -> 1.032915e+08
D20: Sábado | E20: 4 | F20: =+[4]Resumen!F20*1000 -> 86186.586 | G20: =+[4]Resumen!G20*1000 -> 73201.47 | H20: =+[4]Resumen!H20*1000 -> 65873.947 | I20: =+[4]Resumen!I20*1000 -> 64338.001 | J20: =+[4]Resumen!J20*1000 -> 71170.546 | K20: =+[4]Resumen!K20*1000 -> 83460.971 | L20: =+[4]Resumen!L20*1000 -> 103332.99 | M20: =+[4]Resumen!M20*1000 -> 111043.77 | ... AC20: =+[4]Resumen!AC20*1000 -> 108955.2
D21: Domingo | E21: 5 | F21: =+[4]Resumen!F21*1000 -> 90198.871 | G21: =+[4]Resumen!G21*1000 -> 76466.876 | H21: =+[4]Resumen!H21*1000 -> 67783.959 | I21: =+[4]Resumen!I21*1000 -> 63945.549 | J21: =+[4]Resumen!J21*1000 -> 65473.317 | K21: =+[4]Resumen!K21*1000 -> 69095.929 | L21: =+[4]Resumen!L21*1000 -> 79513.384 | M21: =+[4]Resumen!M21*1000 -> 81837.633 | ... AC21: =+[4]Resumen!AC21*1000 -> 93948.608
D22: Festivo | E22: 0 | F22: =+[4]Resumen!F22*1000 -> 170172.67 | G22: =+[4]Resumen!G22*1000 -> 154176.98 | H22: =+[4]Resumen!H22*1000 -> 144281.16 | I22: =+[4]Resumen!I22*1000 -> 139792.8 | J22: =+[4]Resumen!J22*1000 -> 142034.09 | K22: =+[4]Resumen!K22*1000 -> 146620.2 | L22: =+[4]Resumen!L22*1000 -> 155896.63 | M22: =+[4]Resumen!M22*1000 -> 154348.67 | ... AC22: =+[4]Resumen!AC22*1000 -> 183150.19
C23: May | D23: Ordinario | E23: 21 | F23: =+[4]Resumen!F23*1000 -> 80497.6 | G23: =+[4]Resumen!G23*1000 -> 69671.468 | H23: =+[4]Resumen!H23*1000 -> 64215.378 | I23: =+[4]Resumen!I23*1000 -> 64571.575 | J23: =+[4]Resumen!J23*1000 -> 81763.583 | K23: =+[4]Resumen!K23*1000 -> 112603.15 | L23: =+[4]Resumen!L23*1000 -> 140988.26 | M23: =+[4]Resumen!M23*1000 -> 143088.68 | ... AC23: =+[4]Resumen!AC23*1000 -> 103061.01 | AD23: =SUM(F23:AC23)*E23+SUM(F24:AC24)*E24+SUM(F25:AC25)*E25+SUM(F26:AC26)*E26 -> 1.0766989e+08
D24: Sábado | E24: 4 | F24: =+[4]Resumen!F24*1000 -> 90723.698 | G24: =+[4]Resumen!G24*1000 -> 77618.723 | H24: =+[4]Resumen!H24*1000 -> 70721.912 | I24: =+[4]Resumen!I24*1000 -> 68639.314 | J24: =+[4]Resumen!J24*1000 -> 75482.949 | K24: =+[4]Resumen!K24*1000 -> 86640.356 | L24: =+[4]Resumen!L24*1000 -> 109188.43 | M24: =+[4]Resumen!M24*1000 -> 119638.46 | ... AC24: =+[4]Resumen!AC24*1000 -> 110266.02
D25: Domingo | E25: 4 | F25: =+[4]Resumen!F25*1000 -> 88596.047 | G25: =+[4]Resumen!G25*1000 -> 75435.129 | H25: =+[4]Resumen!H25*1000 -> 66478.968 | I25: =+[4]Resumen!I25*1000 -> 62217.459 | J25: =+[4]Resumen!J25*1000 -> 62319.166 | K25: =+[4]Resumen!K25*1000 -> 64725.618 | L25: =+[4]Resumen!L25*1000 -> 74701.477 | M25: =+[4]Resumen!M25*1000 -> 77059.145 | ... AC25: =+[4]Resumen!AC25*1000 -> 93251.593
D26: Festivo | E26: 2 | F26: =+[4]Resumen!F26*1000 -> 82115.926 | G26: =+[4]Resumen!G26*1000 -> 69599.129 | H26: =+[4]Resumen!H26*1000 -> 62227.346 | I26: =+[4]Resumen!I26*1000 -> 59908.079 | J26: =+[4]Resumen!J26*1000 -> 66233.17 | K26: =+[4]Resumen!K26*1000 -> 76068.58 | L26: =+[4]Resumen!L26*1000 -> 87649.154 | M26: =+[4]Resumen!M26*1000 -> 90724.606 | ... AC26: =+[4]Resumen!AC26*1000 -> 92836.848
C27: Jun | D27: Ordinario | E27: 19 | F27: =+[4]Resumen!F27*1000 -> 76119.421 | G27: =+[4]Resumen!G27*1000 -> 65287.264 | H27: =+[4]Resumen!H27*1000 -> 59797.512 | I27: =+[4]Resumen!I27*1000 -> 59790.576 | J27: =+[4]Resumen!J27*1000 -> 74428.308 | K27: =+[4]Resumen!K27*1000 -> 98775.141 | L27: =+[4]Resumen!L27*1000 -> 126429.25 | M27: =+[4]Resumen!M27*1000 -> 132309.05 | ... AC27: =+[4]Resumen!AC27*1000 -> 97023.155 | AD27: =SUM(F27:AC27)*E27+SUM(F28:AC28)*E28+SUM(F29:AC29)*E29+SUM(F30:AC30)*E30 -> 97804193
D28: Sábado | E28: 5 | F28: =+[4]Resumen!F28*1000 -> 84776.557 | G28: =+[4]Resumen!G28*1000 -> 71984.995 | H28: =+[4]Resumen!H28*1000 -> 64050.179 | I28: =+[4]Resumen!I28*1000 -> 61978.182 | J28: =+[4]Resumen!J28*1000 -> 68518.038 | K28: =+[4]Resumen!K28*1000 -> 79821.414 | L28: =+[4]Resumen!L28*1000 -> 101736.37 | M28: =+[4]Resumen!M28*1000 -> 111345.6 | ... AC28: =+[4]Resumen!AC28*1000 -> 104471.94
D29: Domingo | E29: 4 | F29: =+[4]Resumen!F29*1000 -> 86948.396 | G29: =+[4]Resumen!G29*1000 -> 74106.152 | H29: =+[4]Resumen!H29*1000 -> 65311.534 | I29: =+[4]Resumen!I29*1000 -> 61573.568 | J29: =+[4]Resumen!J29*1000 -> 62567.645 | K29: =+[4]Resumen!K29*1000 -> 65391.534 | L29: =+[4]Resumen!L29*1000 -> 73929.406 | M29: =+[4]Resumen!M29*1000 -> 74337.789 | ... AC29: =+[4]Resumen!AC29*1000 -> 94472.678
D30: Festivo | E30: 2 | F30: =+[4]Resumen!F30*1000 -> 79527.227 | G30: =+[4]Resumen!G30*1000 -> 67176.244 | H30: =+[4]Resumen!H30*1000 -> 59546.686 | I30: =+[4]Resumen!I30*1000 -> 56522.262 | J30: =+[4]Resumen!J30*1000 -> 58775.107 | K30: =+[4]Resumen!K30*1000 -> 63390.987 | L30: =+[4]Resumen!L30*1000 -> 71700.432 | M30: =+[4]Resumen!M30*1000 -> 71568.803 | ... AC30: =+[4]Resumen!AC30*1000 -> 92119.877
C31: Jul | D31: Ordinario | E31: 20 | F31: =+[4]Resumen!F31*1000 -> 86465.301 | G31: =+[4]Resumen!G31*1000 -> 74986.954 | H31: =+[4]Resumen!H31*1000 -> 68707.267 | I31: =+[4]Resumen!I31*1000 -> 68309.826 | J31: =+[4]Resumen!J31*1000 -> 83567.073 | K31: =+[4]Resumen!K31*1000 -> 111604.35 | L31: =+[4]Resumen!L31*1000 -> 139222.85 | M31: =+[4]Resumen!M31*1000 -> 142680.92 | ... AC31: =+[4]Resumen!AC31*1000 -> 108704.94 | AD31: =SUM(F31:AC31)*E31+SUM(F32:AC32)*E32+SUM(F33:AC33)*E33+SUM(F34:AC34)*E34 -> 1.0828386e+08
D32: Sábado | E32: 4 | F32: =+[4]Resumen!F32*1000 -> 94051.17 | G32: =+[4]Resumen!G32*1000 -> 80994.299 | H32: =+[4]Resumen!H32*1000 -> 73231.431 | I32: =+[4]Resumen!I32*1000 -> 70417.698 | J32: =+[4]Resumen!J32*1000 -> 76826.617 | K32: =+[4]Resumen!K32*1000 -> 88992.691 | L32: =+[4]Resumen!L32*1000 -> 110669.57 | M32: =+[4]Resumen!M32*1000 -> 120510.59 | ... AC32: =+[4]Resumen!AC32*1000 -> 109217.22
D33: Domingo | E33: 5 | F33: =+[4]Resumen!F33*1000 -> 86712.718 | G33: =+[4]Resumen!G33*1000 -> 73144.817 | H33: =+[4]Resumen!H33*1000 -> 64287.287 | I33: =+[4]Resumen!I33*1000 -> 59783.902 | J33: =+[4]Resumen!J33*1000 -> 61431.277 | K33: =+[4]Resumen!K33*1000 -> 64944.457 | L33: =+[4]Resumen!L33*1000 -> 75215.66 | M33: =+[4]Resumen!M33*1000 -> 76101.891 | ... AC33: =+[4]Resumen!AC33*1000 -> 93123.053
D34: Festivo | E34: 2 | F34: =+[4]Resumen!F34*1000 -> 101477.55 | G34: =+[4]Resumen!G34*1000 -> 86679.026 | H34: =+[4]Resumen!H34*1000 -> 77181.438 | I34: =+[4]Resumen!I34*1000 -> 72401.134 | J34: =+[4]Resumen!J34*1000 -> 72178.99 | K34: =+[4]Resumen!K34*1000 -> 72928.498 | L34: =+[4]Resumen!L34*1000 -> 82453.337 | M34: =+[4]Resumen!M34*1000 -> 83596.608 | ... AC34: =+[4]Resumen!AC34*1000 -> 108636.31
C35: Ago | D35: Ordinario | E35: 21 | F35: =+[4]Resumen!F35*1000 -> 83913.86 | G35: =+[4]Resumen!G35*1000 -> 72457.096 | H35: =+[4]Resumen!H35*1000 -> 66394.097 | I35: =+[4]Resumen!I35*1000 -> 66036.926 | J35: =+[4]Resumen!J35*1000 -> 82563.022 | K35: =+[4]Resumen!K35*1000 -> 113213.52 | L35: =+[4]Resumen!L35*1000 -> 141829.86 | M35: =+[4]Resumen!M35*1000 -> 143069.13 | ... AC35: =+[4]Resumen!AC35*1000 -> 106532.65 | AD35: =SUM(F35:AC35)*E35+SUM(F36:AC36)*E36+SUM(F37:AC37)*E37+SUM(F38:AC38)*E38 -> 1.0823895e+08
D36: Sábado | E36: 4 | F36: =+[4]Resumen!F36*1000 -> 91910 | G36: =+[4]Resumen!G36*1000 -> 79356.853 | H36: =+[4]Resumen!H36*1000 -> 71615.495 | I36: =+[4]Resumen!I36*1000 -> 69025.862 | J36: =+[4]Resumen!J36*1000 -> 75921.086 | K36: =+[4]Resumen!K36*1000 -> 87400.295 | L36: =+[4]Resumen!L36*1000 -> 109188.58 | M36: =+[4]Resumen!M36*1000 -> 119337.46 | ... AC36: =+[4]Resumen!AC36*1000 -> 105919.5
D37: Domingo | E37: 4 | F37: =+[4]Resumen!F37*1000 -> 87636.232 | G37: =+[4]Resumen!G37*1000 -> 74668.189 | H37: =+[4]Resumen!H37*1000 -> 65623.138 | I37: =+[4]Resumen!I37*1000 -> 61715.004 | J37: =+[4]Resumen!J37*1000 -> 63449.692 | K37: =+[4]Resumen!K37*1000 -> 68482.422 | L37: =+[4]Resumen!L37*1000 -> 76237.364 | M37: =+[4]Resumen!M37*1000 -> 77417.427 | ... AC37: =+[4]Resumen!AC37*1000 -> 95628.268
D38: Festivo | E38: 2 | F38: =+[4]Resumen!F38*1000 -> 83094.635 | G38: =+[4]Resumen!G38*1000 -> 69751.48 | H38: =+[4]Resumen!H38*1000 -> 60974.642 | I38: =+[4]Resumen!I38*1000 -> 58988.82 | J38: =+[4]Resumen!J38*1000 -> 61497.099 | K38: =+[4]Resumen!K38*1000 -> 69152.796 | L38: =+[4]Resumen!L38*1000 -> 80591.751 | M38: =+[4]Resumen!M38*1000 -> 80985.449 | ... AC38: =+[4]Resumen!AC38*1000 -> 95719.662
C39: Sep | D39: Ordinario | E39: 20 | F39: =+[4]Resumen!F39*1000 -> 82963.672 | G39: =+[4]Resumen!G39*1000 -> 72181.681 | H39: =+[4]Resumen!H39*1000 -> 66636.177 | I39: =+[4]Resumen!I39*1000 -> 66380.778 | J39: =+[4]Resumen!J39*1000 -> 83103.876 | K39: =+[4]Resumen!K39*1000 -> 114593.69 | L39: =+[4]Resumen!L39*1000 -> 142392.75 | M39: =+[4]Resumen!M39*1000 -> 142106.23 | ... AC39: =+[4]Resumen!AC39*1000 -> 104202.8 | AD39: =SUM(F39:AC39)*E39+SUM(F40:AC40)*E40+SUM(F41:AC41)*E41+SUM(F42:AC42)*E42 -> 1.0491698e+08
D40: Sábado | E40: 5 | F40: =+[4]Resumen!F40*1000 -> 89980.281 | G40: =+[4]Resumen!G40*1000 -> 77665.556 | H40: =+[4]Resumen!H40*1000 -> 69872.822 | I40: =+[4]Resumen!I40*1000 -> 67897.906 | J40: =+[4]Resumen!J40*1000 -> 75425.252 | K40: =+[4]Resumen!K40*1000 -> 89331.856 | L40: =+[4]Resumen!L40*1000 -> 110053.54 | M40: =+[4]Resumen!M40*1000 -> 119500.22 | ... AC40: =+[4]Resumen!AC40*1000 -> 109603.07
D41: Domingo | E41: 5 | F41: =+[4]Resumen!F41*1000 -> 90813.043 | G41: =+[4]Resumen!G41*1000 -> 76109.361 | H41: =+[4]Resumen!H41*1000 -> 67359.586 | I41: =+[4]Resumen!I41*1000 -> 62739.324 | J41: =+[4]Resumen!J41*1000 -> 63447.837 | K41: =+[4]Resumen!K41*1000 -> 66976.758 | L41: =+[4]Resumen!L41*1000 -> 75304.006 | M41: =+[4]Resumen!M41*1000 -> 75563.286 | ... AC41: =+[4]Resumen!AC41*1000 -> 93462.903
D42: Festivo | E42: 0 | F42: =+[4]Resumen!F42*1000 -> 0 | G42: =+[4]Resumen!G42*1000 -> 0 | H42: =+[4]Resumen!H42*1000 -> 0 | I42: =+[4]Resumen!I42*1000 -> 0 | J42: =+[4]Resumen!J42*1000 -> 0 | K42: =+[4]Resumen!K42*1000 -> 0 | L42: =+[4]Resumen!L42*1000 -> 0 | M42: =+[4]Resumen!M42*1000 -> 0 | ... AC42: =+[4]Resumen!AC42*1000 -> 0
C43: Oct | D43: Ordinario | E43: 22 | F43: =+[4]Resumen!F43*1000 -> 71663.715 | G43: =+[4]Resumen!G43*1000 -> 61216.82 | H43: =+[4]Resumen!H43*1000 -> 55982.212 | I43: =+[4]Resumen!I43*1000 -> 56132.128 | J43: =+[4]Resumen!J43*1000 -> 72071.38 | K43: =+[4]Resumen!K43*1000 -> 100262.29 | L43: =+[4]Resumen!L43*1000 -> 129084.88 | M43: =+[4]Resumen!M43*1000 -> 133105.32 | ... AC43: =+[4]Resumen!AC43*1000 -> 94329.21 | AD43: =SUM(F43:AC43)*E43+SUM(F44:AC44)*E44+SUM(F45:AC45)*E45+SUM(F46:AC46)*E46 -> 1.0286689e+08
D44: Sábado | E44: 4 | F44: =+[4]Resumen!F44*1000 -> 86402.612 | G44: =+[4]Resumen!G44*1000 -> 72775.36 | H44: =+[4]Resumen!H44*1000 -> 65686.213 | I44: =+[4]Resumen!I44*1000 -> 63086.985 | J44: =+[4]Resumen!J44*1000 -> 70115.991 | K44: =+[4]Resumen!K44*1000 -> 82220.107 | L44: =+[4]Resumen!L44*1000 -> 104682.07 | M44: =+[4]Resumen!M44*1000 -> 114123.46 | ... AC44: =+[4]Resumen!AC44*1000 -> 102943.55
D45: Domingo | E45: 4 | F45: =+[4]Resumen!F45*1000 -> 85566.463 | G45: =+[4]Resumen!G45*1000 -> 72188.146 | H45: =+[4]Resumen!H45*1000 -> 64369.335 | I45: =+[4]Resumen!I45*1000 -> 60066.846 | J45: =+[4]Resumen!J45*1000 -> 61402.814 | K45: =+[4]Resumen!K45*1000 -> 64783.048 | L45: =+[4]Resumen!L45*1000 -> 75432.199 | M45: =+[4]Resumen!M45*1000 -> 77665.805 | ... AC45: =+[4]Resumen!AC45*1000 -> 87742.75
D46: Festivo | E46: 1 | F46: =+[4]Resumen!F46*1000 -> 76907.508 | G46: =+[4]Resumen!G46*1000 -> 65272.477 | H46: =+[4]Resumen!H46*1000 -> 58437.014 | I46: =+[4]Resumen!I46*1000 -> 54993.328 | J46: =+[4]Resumen!J46*1000 -> 58597.62 | K46: =+[4]Resumen!K46*1000 -> 63009.942 | L46: =+[4]Resumen!L46*1000 -> 72943.02 | M46: =+[4]Resumen!M46*1000 -> 75141.958 | ... AC46: =+[4]Resumen!AC46*1000 -> 84759.187
C47: Nov | D47: Ordinario | E47: 20 | F47: =+[4]Resumen!F47*1000 -> 76844.577 | G47: =+[4]Resumen!G47*1000 -> 65819.916 | H47: =+[4]Resumen!H47*1000 -> 60708.147 | I47: =+[4]Resumen!I47*1000 -> 60991.533 | J47: =+[4]Resumen!J47*1000 -> 76829.636 | K47: =+[4]Resumen!K47*1000 -> 104227.86 | L47: =+[4]Resumen!L47*1000 -> 134490.86 | M47: =+[4]Resumen!M47*1000 -> 140699.68 | ... AC47: =+[4]Resumen!AC47*1000 -> 99082.592 | AD47: =SUM(F47:AC47)*E47+SUM(F48:AC48)*E48+SUM(F49:AC49)*E49+SUM(F50:AC50)*E50 -> 1.0178348e+08
D48: Sábado | E48: 4 | F48: =+[4]Resumen!F48*1000 -> 84323.338 | G48: =+[4]Resumen!G48*1000 -> 71213.855 | H48: =+[4]Resumen!H48*1000 -> 63334.261 | I48: =+[4]Resumen!I48*1000 -> 61747.597 | J48: =+[4]Resumen!J48*1000 -> 69697.147 | K48: =+[4]Resumen!K48*1000 -> 83446.692 | L48: =+[4]Resumen!L48*1000 -> 107641.12 | M48: =+[4]Resumen!M48*1000 -> 119572.11 | ... AC48: =+[4]Resumen!AC48*1000 -> 101975.79
D49: Domingo | E49: 4 | F49: =+[4]Resumen!F49*1000 -> 79401.198 | G49: =+[4]Resumen!G49*1000 -> 66079.901 | H49: =+[4]Resumen!H49*1000 -> 58217.234 | I49: =+[4]Resumen!I49*1000 -> 54517.542 | J49: =+[4]Resumen!J49*1000 -> 56393.404 | K49: =+[4]Resumen!K49*1000 -> 61449.362 | L49: =+[4]Resumen!L49*1000 -> 72709.066 | M49: =+[4]Resumen!M49*1000 -> 77007.989 | ... AC49: =+[4]Resumen!AC49*1000 -> 89619.012
D50: Festivo | E50: 2 | F50: =+[4]Resumen!F50*1000 -> 73868.468 | G50: =+[4]Resumen!G50*1000 -> 62121.598 | H50: =+[4]Resumen!H50*1000 -> 55092.222 | I50: =+[4]Resumen!I50*1000 -> 51890.173 | J50: =+[4]Resumen!J50*1000 -> 55758.023 | K50: =+[4]Resumen!K50*1000 -> 62994.768 | L50: =+[4]Resumen!L50*1000 -> 71911.604 | M50: =+[4]Resumen!M50*1000 -> 72381.479 | ... AC50: =+[4]Resumen!AC50*1000 -> 80218.767
C51: Dic | D51: Ordinario | E51: 20 | F51: =+[4]Resumen!F51*1000 -> 87157.919 | G51: =+[4]Resumen!G51*1000 -> 74522 | H51: =+[4]Resumen!H51*1000 -> 67720.34 | I51: =+[4]Resumen!I51*1000 -> 66798.776 | J51: =+[4]Resumen!J51*1000 -> 79603.073 | K51: =+[4]Resumen!K51*1000 -> 99816.162 | L51: =+[4]Resumen!L51*1000 -> 125641.52 | M51: =+[4]Resumen!M51*1000 -> 135584.9 | ... AC51: =+[4]Resumen!AC51*1000 -> 111746.22 | AD51: =SUM(F51:AC51)*E51+SUM(F52:AC52)*E52+SUM(F53:AC53)*E53+SUM(F54:AC54)*E54 -> 1.0780734e+08
D52: Sábado | E52: 4 | F52: =+[4]Resumen!F52*1000 -> 98189.533 | G52: =+[4]Resumen!G52*1000 -> 83210.339 | H52: =+[4]Resumen!H52*1000 -> 75032.014 | I52: =+[4]Resumen!I52*1000 -> 71908.181 | J52: =+[4]Resumen!J52*1000 -> 78284.062 | K52: =+[4]Resumen!K52*1000 -> 90937.181 | L52: =+[4]Resumen!L52*1000 -> 111870.55 | M52: =+[4]Resumen!M52*1000 -> 121004.69 | ... AC52: =+[4]Resumen!AC52*1000 -> 112546.5
D53: Domingo | E53: 5 | F53: =+[4]Resumen!F53*1000 -> 97218.829 | G53: =+[4]Resumen!G53*1000 -> 81559.475 | H53: =+[4]Resumen!H53*1000 -> 72815.728 | I53: =+[4]Resumen!I53*1000 -> 67793.901 | J53: =+[4]Resumen!J53*1000 -> 67661.736 | K53: =+[4]Resumen!K53*1000 -> 72711.232 | L53: =+[4]Resumen!L53*1000 -> 81295.249 | M53: =+[4]Resumen!M53*1000 -> 81031.704 | ... AC53: =+[4]Resumen!AC53*1000 -> 103161.71
D54: Festivo | E54: 2 | F54: =+[4]Resumen!F54*1000 -> 93174.528 | G54: =+[4]Resumen!G54*1000 -> 81149.526 | H54: =+[4]Resumen!H54*1000 -> 71616.403 | I54: =+[4]Resumen!I54*1000 -> 65035.756 | J54: =+[4]Resumen!J54*1000 -> 63296.528 | K54: =+[4]Resumen!K54*1000 -> 65063.773 | L54: =+[4]Resumen!L54*1000 -> 68641.536 | M54: =+[4]Resumen!M54*1000 -> 63682.221 | ... AC54: =+[4]Resumen!AC54*1000 -> 94038.133
Z55: TOTAL AÑO kWh | AD55: =SUM(AD7:AD54) -> 1.2533106e+09

Sheet Cantidades 2030
C2: CANTIDADES DE ENERGÍA SOLICITADAS (kWh)
C3: EMPRESAS PÚBLICAS DE MEDELLÍN E.S.P.
C4: 2030
C6: Mes | D6: Tipo Día | E6: Días | F6: H1 | G6: H2 | H6: H3 | I6: H4 | J6: H5 | K6: H6 | L6: H7 | M6: H8 | N6: H9 | O6: H10 | P6: H11 | Q6: H12 | R6: H13 | S6: H14 | T6: H15 | U6: H16 | V6: H17 | W6: H18 | X6: H19 | Y6: H20 | Z6: H21 | AA6: H22 | AB6: H23 | AC6: H24 | AD6: TOTAL MES
C7: Ene | D7: Ordinario | E7: 21 | F7: =+[5]Resumen!F7*1000 -> 119217.62 | G7: =+[5]Resumen!G7*1000 -> 108275.78 | H7: =+[5]Resumen!H7*1000 -> 102213.62 | I7: =+[5]Resumen!I7*1000 -> 101433.96 | J7: =+[5]Resumen!J7*1000 -> 116036.31 | K7: =+[5]Resumen!K7*1000 -> 140189.96 | L7: =+[5]Resumen!L7*1000 -> 165522.26 | M7: =+[5]Resumen!M7*1000 -> 166901.36 | ... AC7: =+[5]Resumen!AC7*1000 -> 142608 | AD7: =SUM(F7:AC7)*E7+SUM(F8:AC8)*E8+SUM(F9:AC9)*E9+SUM(F10:AC10)*E10 -> 1.3138531e+08
D8: Sábado | E8: 4 | F8: =+[5]Resumen!F8*1000 -> 126194.32 | G8: =+[5]Resumen!G8*1000 -> 113797.09 | H8: =+[5]Resumen!H8*1000 -> 106685.59 | I8: =+[5]Resumen!I8*1000 -> 104141.01 | J8: =+[5]Resumen!J8*1000 -> 110540.61 | K8: =+[5]Resumen!K8*1000 -> 122613.22 | L8: =+[5]Resumen!L8*1000 -> 141831.3 | M8: =+[5]Resumen!M8*1000 -> 145674.33 | ... AC8: =+[5]Resumen!AC8*1000 -> 145280.26
D9: Domingo | E9: 4 | F9: =+[5]Resumen!F9*1000 -> 126246.72 | G9: =+[5]Resumen!G9*1000 -> 112832.81 | H9: =+[5]Resumen!H9*1000 -> 104274.3 | I9: =+[5]Resumen!I9*1000 -> 99797.514 | J9: =+[5]Resumen!J9*1000 -> 101057.03 | K9: =+[5]Resumen!K9*1000 -> 106178.47 | L9: =+[5]Resumen!L9*1000 -> 115040.74 | M9: =+[5]Resumen!M9*1000 -> 111571.01 | ... AC9: =+[5]Resumen!AC9*1000 -> 133297.32
D10: Festivo | E10: 2 | F10: =+[5]Resumen!F10*1000 -> 121495.17 | G10: =+[5]Resumen!G10*1000 -> 111857.93 | H10: =+[5]Resumen!H10*1000 -> 102701.97 | I10: =+[5]Resumen!I10*1000 -> 97355.682 | J10: =+[5]Resumen!J10*1000 -> 97188.967 | K10: =+[5]Resumen!K10*1000 -> 100513.5 | L10: =+[5]Resumen!L10*1000 -> 102842.1 | M10: =+[5]Resumen!M10*1000 -> 93815.073 | ... AC10: =+[5]Resumen!AC10*1000 -> 124506.14
C11: Feb | D11: Ordinario | E11: 20 | F11: =+[5]Resumen!F11*1000 -> 124956.09 | G11: =+[5]Resumen!G11*1000 -> 114105.26 | H11: =+[5]Resumen!H11*1000 -> 108808.63 | I11: =+[5]Resumen!I11*1000 -> 108791.73 | J11: =+[5]Resumen!J11*1000 -> 128309.28 | K11: =+[5]Resumen!K11*1000 -> 164052.76 | L11: =+[5]Resumen!L11*1000 -> 192022.24 | M11: =+[5]Resumen!M11*1000 -> 187606.56 | ... AC11: =+[5]Resumen!AC11*1000 -> 147513.53 | AD11: =SUM(F11:AC11)*E11+SUM(F12:AC12)*E12+SUM(F13:AC13)*E13+SUM(F14:AC14)*E14 -> 1.2940157e+08
D12: Sábado | E12: 4 | F12: =+[5]Resumen!F12*1000 -> 140639.12 | G12: =+[5]Resumen!G12*1000 -> 127729.46 | H12: =+[5]Resumen!H12*1000 -> 119769.66 | I12: =+[5]Resumen!I12*1000 -> 118113.24 | J12: =+[5]Resumen!J12*1000 -> 125499.38 | K12: =+[5]Resumen!K12*1000 -> 139364.85 | L12: =+[5]Resumen!L12*1000 -> 162998.21 | M12: =+[5]Resumen!M12*1000 -> 168143.15 | ... AC12: =+[5]Resumen!AC12*1000 -> 156234.61
D13: Domingo | E13: 4 | F13: =+[5]Resumen!F13*1000 -> 137069.5 | G13: =+[5]Resumen!G13*1000 -> 123325.24 | H13: =+[5]Resumen!H13*1000 -> 114597.46 | I13: =+[5]Resumen!I13*1000 -> 110197.9 | J13: =+[5]Resumen!J13*1000 -> 111966.49 | K13: =+[5]Resumen!K13*1000 -> 117461.29 | L13: =+[5]Resumen!L13*1000 -> 128256.3 | M13: =+[5]Resumen!M13*1000 -> 125869.55 | ... AC13: =+[5]Resumen!AC13*1000 -> 141072.71
D14: Festivo | E14: 0 | F14: =+[5]Resumen!F14*1000 -> 0 | G14: =+[5]Resumen!G14*1000 -> 0 | H14: =+[5]Resumen!H14*1000 -> 0 | I14: =+[5]Resumen!I14*1000 -> 0 | J14: =+[5]Resumen!J14*1000 -> 0 | K14: =+[5]Resumen!K14*1000 -> 0 | L14: =+[5]Resumen!L14*1000 -> 0 | M14: =+[5]Resumen!M14*1000 -> 0 | ... AC14: =+[5]Resumen!AC14*1000 -> 0
C15: Mar | D15: Ordinario | E15: 20 | F15: =+[5]Resumen!F15*1000 -> 122214.96 | G15: =+[5]Resumen!G15*1000 -> 111994.46 | H15: =+[5]Resumen!H15*1000 -> 106749.66 | I15: =+[5]Resumen!I15*1000 -> 106969.44 | J15: =+[5]Resumen!J15*1000 -> 126333.71 | K15: =+[5]Resumen!K15*1000 -> 160873.8 | L15: =+[5]Resumen!L15*1000 -> 187553.71 | M15: =+[5]Resumen!M15*1000 -> 185179.43 | ... AC15: =+[5]Resumen!AC15*1000 -> 144405.97 | AD15: =SUM(F15:AC15)*E15+SUM(F16:AC16)*E16+SUM(F17:AC17)*E17+SUM(F18:AC18)*E18 -> 1.3963044e+08
D16: Sábado | E16: 5 | F16: =+[5]Resumen!F16*1000 -> 132598.89 | G16: =+[5]Resumen!G16*1000 -> 120486.94 | H16: =+[5]Resumen!H16*1000 -> 113270.28 | I16: =+[5]Resumen!I16*1000 -> 111811.35 | J16: =+[5]Resumen!J16*1000 -> 119871.84 | K16: =+[5]Resumen!K16*1000 -> 135211.14 | L16: =+[5]Resumen!L16*1000 -> 158043.53 | M16: =+[5]Resumen!M16*1000 -> 166283.74 | ... AC16: =+[5]Resumen!AC16*1000 -> 154955.37
D17: Domingo | E17: 5 | F17: =+[5]Resumen!F17*1000 -> 132963.22 | G17: =+[5]Resumen!G17*1000 -> 119511.06 | H17: =+[5]Resumen!H17*1000 -> 110875.03 | I17: =+[5]Resumen!I17*1000 -> 106589.59 | J17: =+[5]Resumen!J17*1000 -> 107836.89 | K17: =+[5]Resumen!K17*1000 -> 113363.65 | L17: =+[5]Resumen!L17*1000 -> 122346.74 | M17: =+[5]Resumen!M17*1000 -> 123047.94 | ... AC17: =+[5]Resumen!AC17*1000 -> 140313.9
D18: Festivo | E18: 1 | F18: =+[5]Resumen!F18*1000 -> 139281.2 | G18: =+[5]Resumen!G18*1000 -> 126074.85 | H18: =+[5]Resumen!H18*1000 -> 117912.5 | I18: =+[5]Resumen!I18*1000 -> 114411.85 | J18: =+[5]Resumen!J18*1000 -> 117162.43 | K18: =+[5]Resumen!K18*1000 -> 122975.73 | L18: =+[5]Resumen!L18*1000 -> 131105.94 | M18: =+[5]Resumen!M18*1000 -> 131497.79 | ... AC18: =+[5]Resumen!AC18*1000 -> 149562.88
C19: Abr | D19: Ordinario | E19: 20 | F19: =+[5]Resumen!F19*1000 -> 121744.09 | G19: =+[5]Resumen!G19*1000 -> 111193.59 | H19: =+[5]Resumen!H19*1000 -> 105925.31 | I19: =+[5]Resumen!I19*1000 -> 106130.06 | J19: =+[5]Resumen!J19*1000 -> 124355.13 | K19: =+[5]Resumen!K19*1000 -> 154637.19 | L19: =+[5]Resumen!L19*1000 -> 181121.27 | M19: =+[5]Resumen!M19*1000 -> 181507.29 | ... AC19: =+[5]Resumen!AC19*1000 -> 145087.58 | AD19: =SUM(F19:AC19)*E19+SUM(F20:AC20)*E20+SUM(F21:AC21)*E21+SUM(F22:AC22)*E22 -> 1.337212e+08
D20: Sábado | E20: 4 | F20: =+[5]Resumen!F20*1000 -> 130090.78 | G20: =+[5]Resumen!G20*1000 -> 117201.88 | H20: =+[5]Resumen!H20*1000 -> 109946.81 | I20: =+[5]Resumen!I20*1000 -> 108382.94 | J20: =+[5]Resumen!J20*1000 -> 115286.16 | K20: =+[5]Resumen!K20*1000 -> 127591.67 | L20: =+[5]Resumen!L20*1000 -> 147777.28 | M20: =+[5]Resumen!M20*1000 -> 154685.04 | ... AC20: =+[5]Resumen!AC20*1000 -> 153243.55
D21: Domingo | E21: 4 | F21: =+[5]Resumen!F21*1000 -> 133749.02 | G21: =+[5]Resumen!G21*1000 -> 120144.91 | H21: =+[5]Resumen!H21*1000 -> 111508.68 | I21: =+[5]Resumen!I21*1000 -> 107639.97 | J21: =+[5]Resumen!J21*1000 -> 109153.26 | K21: =+[5]Resumen!K21*1000 -> 112917.18 | L21: =+[5]Resumen!L21*1000 -> 123310.23 | M21: =+[5]Resumen!M21*1000 -> 124595.97 | ... AC21: =+[5]Resumen!AC21*1000 -> 138415.05
D22: Festivo | E22: 2 | F22: =+[5]Resumen!F22*1000 -> 139877.97 | G22: =+[5]Resumen!G22*1000 -> 125713.51 | H22: =+[5]Resumen!H22*1000 -> 116981.1 | I22: =+[5]Resumen!I22*1000 -> 113036.35 | J22: =+[5]Resumen!J22*1000 -> 115086.87 | K22: =+[5]Resumen!K22*1000 -> 119209.02 | L22: =+[5]Resumen!L22*1000 -> 127333.56 | M22: =+[5]Resumen!M22*1000 -> 126287.13 | ... AC22: =+[5]Resumen!AC22*1000 -> 151339.68
C23: May | D23: Ordinario | E23: 22 | F23: =+[5]Resumen!F23*1000 -> 111770.16 | G23: =+[5]Resumen!G23*1000 -> 101077.31 | H23: =+[5]Resumen!H23*1000 -> 95687.772 | I23: =+[5]Resumen!I23*1000 -> 96018.363 | J23: =+[5]Resumen!J23*1000 -> 114155.17 | K23: =+[5]Resumen!K23*1000 -> 144437.81 | L23: =+[5]Resumen!L23*1000 -> 172387.02 | M23: =+[5]Resumen!M23*1000 -> 173336.44 | ... AC23: =+[5]Resumen!AC23*1000 -> 134798.18 | AD23: =SUM(F23:AC23)*E23+SUM(F24:AC24)*E24+SUM(F25:AC25)*E25+SUM(F26:AC26)*E26 -> 1.3172871e+08
D24: Sábado | E24: 4 | F24: =+[5]Resumen!F24*1000 -> 123072.46 | G24: =+[5]Resumen!G24*1000 -> 110253.74 | H24: =+[5]Resumen!H24*1000 -> 103428.19 | I24: =+[5]Resumen!I24*1000 -> 101414.14 | J24: =+[5]Resumen!J24*1000 -> 108408.3 | K24: =+[5]Resumen!K24*1000 -> 119903.41 | L24: =+[5]Resumen!L24*1000 -> 142394.84 | M24: =+[5]Resumen!M24*1000 -> 151235.61 | ... AC24: =+[5]Resumen!AC24*1000 -> 142861.65
D25: Domingo | E25: 4 | F25: =+[5]Resumen!F25*1000 -> 121003.97 | G25: =+[5]Resumen!G25*1000 -> 108015.38 | H25: =+[5]Resumen!H25*1000 -> 99255.337 | I25: =+[5]Resumen!I25*1000 -> 95116.593 | J25: =+[5]Resumen!J25*1000 -> 95516.207 | K25: =+[5]Resumen!K25*1000 -> 98176.879 | L25: =+[5]Resumen!L25*1000 -> 108467.34 | M25: =+[5]Resumen!M25*1000 -> 109877.63 | ... AC25: =+[5]Resumen!AC25*1000 -> 126635.88
D26: Festivo | E26: 1 | F26: =+[5]Resumen!F26*1000 -> 114377.81 | G26: =+[5]Resumen!G26*1000 -> 102034.68 | H26: =+[5]Resumen!H26*1000 -> 94792.963 | I26: =+[5]Resumen!I26*1000 -> 92464.764 | J26: =+[5]Resumen!J26*1000 -> 98390.262 | K26: =+[5]Resumen!K26*1000 -> 107522.03 | L26: =+[5]Resumen!L26*1000 -> 118993.27 | M26: =+[5]Resumen!M26*1000 -> 120857.61 | ... AC26: =+[5]Resumen!AC26*1000 -> 126272.83
C27: Jun | D27: Ordinario | E27: 18 | F27: =+[5]Resumen!F27*1000 -> 109941.33 | G27: =+[5]Resumen!G27*1000 -> 99080.15 | H27: =+[5]Resumen!H27*1000 -> 93521.473 | I27: =+[5]Resumen!I27*1000 -> 93482.427 | J27: =+[5]Resumen!J27*1000 -> 109352.28 | K27: =+[5]Resumen!K27*1000 -> 133421.8 | L27: =+[5]Resumen!L27*1000 -> 160992.61 | M27: =+[5]Resumen!M27*1000 -> 165970.18 | ... AC27: =+[5]Resumen!AC27*1000 -> 131861.31 | AD27: =SUM(F27:AC27)*E27+SUM(F28:AC28)*E28+SUM(F29:AC29)*E29+SUM(F30:AC30)*E30 -> 1.2203425e+08
D28: Sábado | E28: 5 | F28: =+[5]Resumen!F28*1000 -> 119874.06 | G28: =+[5]Resumen!G28*1000 -> 107121.36 | H28: =+[5]Resumen!H28*1000 -> 99298.238 | I28: =+[5]Resumen!I28*1000 -> 97238.736 | J28: =+[5]Resumen!J28*1000 -> 103917.41 | K28: =+[5]Resumen!K28*1000 -> 115283.36 | L28: =+[5]Resumen!L28*1000 -> 137349.76 | M28: =+[5]Resumen!M28*1000 -> 145711.46 | ... AC28: =+[5]Resumen!AC28*1000 -> 140053.8
D29: Domingo | E29: 5 | F29: =+[5]Resumen!F29*1000 -> 121509.16 | G29: =+[5]Resumen!G29*1000 -> 108702.2 | H29: =+[5]Resumen!H29*1000 -> 99974.802 | I29: =+[5]Resumen!I29*1000 -> 96184.016 | J29: =+[5]Resumen!J29*1000 -> 97216.387 | K29: =+[5]Resumen!K29*1000 -> 100161.33 | L29: =+[5]Resumen!L29*1000 -> 108862.91 | M29: =+[5]Resumen!M29*1000 -> 108359.05 | ... AC29: =+[5]Resumen!AC29*1000 -> 129883.61
D30: Festivo | E30: 2 | F30: =+[5]Resumen!F30*1000 -> 114269.75 | G30: =+[5]Resumen!G30*1000 -> 102024.96 | H30: =+[5]Resumen!H30*1000 -> 94403.952 | I30: =+[5]Resumen!I30*1000 -> 91380.008 | J30: =+[5]Resumen!J30*1000 -> 93738.03 | K30: =+[5]Resumen!K30*1000 -> 98263.832 | L30: =+[5]Resumen!L30*1000 -> 106882.18 | M30: =+[5]Resumen!M30*1000 -> 105929.92 | ... AC30: =+[5]Resumen!AC30*1000 -> 127957.54
C31: Jul | D31: Ordinario | E31: 22 | F31: =+[5]Resumen!F31*1000 -> 121110.8 | G31: =+[5]Resumen!G31*1000 -> 109838.26 | H31: =+[5]Resumen!H31*1000 -> 103692.05 | I31: =+[5]Resumen!I31*1000 -> 103327.77 | J31: =+[5]Resumen!J31*1000 -> 119840.64 | K31: =+[5]Resumen!K31*1000 -> 147678.07 | L31: =+[5]Resumen!L31*1000 -> 174897.09 | M31: =+[5]Resumen!M31*1000 -> 177029.83 | ... AC31: =+[5]Resumen!AC31*1000 -> 144002.58 | AD31: =SUM(F31:AC31)*E31+SUM(F32:AC32)*E32+SUM(F33:AC33)*E33+SUM(F34:AC34)*E34 -> 1.3587688e+08
D32: Sábado | E32: 3 | F32: =+[5]Resumen!F32*1000 -> 130194.47 | G32: =+[5]Resumen!G32*1000 -> 117429 | H32: =+[5]Resumen!H32*1000 -> 109797.25 | I32: =+[5]Resumen!I32*1000 -> 107093.5 | J32: =+[5]Resumen!J32*1000 -> 113506.17 | K32: =+[5]Resumen!K32*1000 -> 125499.75 | L32: =+[5]Resumen!L32*1000 -> 147004.88 | M32: =+[5]Resumen!M32*1000 -> 155502.92 | ... AC32: =+[5]Resumen!AC32*1000 -> 146430.74
D33: Domingo | E33: 4 | F33: =+[5]Resumen!F33*1000 -> 123690.73 | G33: =+[5]Resumen!G33*1000 -> 110346.78 | H33: =+[5]Resumen!H33*1000 -> 101616.56 | I33: =+[5]Resumen!I33*1000 -> 97208.896 | J33: =+[5]Resumen!J33*1000 -> 98791.034 | K33: =+[5]Resumen!K33*1000 -> 102281.84 | L33: =+[5]Resumen!L33*1000 -> 112412.99 | M33: =+[5]Resumen!M33*1000 -> 112151.5 | ... AC33: =+[5]Resumen!AC33*1000 -> 131015.06
D34: Festivo | E34: 2 | F34: =+[5]Resumen!F34*1000 -> 136176.68 | G34: =+[5]Resumen!G34*1000 -> 121876.27 | H34: =+[5]Resumen!H34*1000 -> 112724.56 | I34: =+[5]Resumen!I34*1000 -> 108142.67 | J34: =+[5]Resumen!J34*1000 -> 108368.18 | K34: =+[5]Resumen!K34*1000 -> 109646.06 | L34: =+[5]Resumen!L34*1000 -> 119275.67 | M34: =+[5]Resumen!M34*1000 -> 119422.27 | ... AC34: =+[5]Resumen!AC34*1000 -> 144890.43
C35: Ago | D35: Ordinario | E35: 20 | F35: =+[5]Resumen!F35*1000 -> 120510.89 | G35: =+[5]Resumen!G35*1000 -> 109167.95 | H35: =+[5]Resumen!H35*1000 -> 103234.26 | I35: =+[5]Resumen!I35*1000 -> 102908.2 | J35: =+[5]Resumen!J35*1000 -> 120688.27 | K35: =+[5]Resumen!K35*1000 -> 151089.77 | L35: =+[5]Resumen!L35*1000 -> 179338.26 | M35: =+[5]Resumen!M35*1000 -> 179580.49 | ... AC35: =+[5]Resumen!AC35*1000 -> 143716.66 | AD35: =SUM(F35:AC35)*E35+SUM(F36:AC36)*E36+SUM(F37:AC37)*E37+SUM(F38:AC38)*E38 -> 1.3564916e+08
D36: Sábado | E36: 5 | F36: =+[5]Resumen!F36*1000 -> 130004.59 | G36: =+[5]Resumen!G36*1000 -> 117509.87 | H36: =+[5]Resumen!H36*1000 -> 109998.04 | I36: =+[5]Resumen!I36*1000 -> 107398.65 | J36: =+[5]Resumen!J36*1000 -> 114350.69 | K36: =+[5]Resumen!K36*1000 -> 125963.04 | L36: =+[5]Resumen!L36*1000 -> 147855.79 | M36: =+[5]Resumen!M36*1000 -> 156769.87 | ... AC36: =+[5]Resumen!AC36*1000 -> 145198.02
D37: Domingo | E37: 4 | F37: =+[5]Resumen!F37*1000 -> 126259.66 | G37: =+[5]Resumen!G37*1000 -> 113328.62 | H37: =+[5]Resumen!H37*1000 -> 104385.21 | I37: =+[5]Resumen!I37*1000 -> 100471.5 | J37: =+[5]Resumen!J37*1000 -> 102110.03 | K37: =+[5]Resumen!K37*1000 -> 107159.4 | L37: =+[5]Resumen!L37*1000 -> 114949.45 | M37: =+[5]Resumen!M37*1000 -> 115039.48 | ... AC37: =+[5]Resumen!AC37*1000 -> 134682.58
D38: Festivo | E38: 2 | F38: =+[5]Resumen!F38*1000 -> 121464.73 | G38: =+[5]Resumen!G38*1000 -> 108357.03 | H38: =+[5]Resumen!H38*1000 -> 99740.545 | I38: =+[5]Resumen!I38*1000 -> 97765.946 | J38: =+[5]Resumen!J38*1000 -> 100213.2 | K38: =+[5]Resumen!K38*1000 -> 107578.92 | L38: =+[5]Resumen!L38*1000 -> 118657.68 | M38: =+[5]Resumen!M38*1000 -> 118147.44 | ... AC38: =+[5]Resumen!AC38*1000 -> 134337.95
C39: Sep | D39: Ordinario | E39: 21 | F39: =+[5]Resumen!F39*1000 -> 110298.6 | G39: =+[5]Resumen!G39*1000 -> 99596.274 | H39: =+[5]Resumen!H39*1000 -> 94082.352 | I39: =+[5]Resumen!I39*1000 -> 93886.108 | J39: =+[5]Resumen!J39*1000 -> 111669.94 | K39: =+[5]Resumen!K39*1000 -> 142636.98 | L39: =+[5]Resumen!L39*1000 -> 170196.13 | M39: =+[5]Resumen!M39*1000 -> 169177.85 | ... AC39: =+[5]Resumen!AC39*1000 -> 132160.24 | AD39: =SUM(F39:AC39)*E39+SUM(F40:AC40)*E40+SUM(F41:AC41)*E41+SUM(F42:AC42)*E42 -> 1.2527656e+08
D40: Sábado | E40: 4 | F40: =+[5]Resumen!F40*1000 -> 118766.42 | G40: =+[5]Resumen!G40*1000 -> 106586.19 | H40: =+[5]Resumen!H40*1000 -> 98939.189 | I40: =+[5]Resumen!I40*1000 -> 96972.279 | J40: =+[5]Resumen!J40*1000 -> 104445.46 | K40: =+[5]Resumen!K40*1000 -> 118037.28 | L40: =+[5]Resumen!L40*1000 -> 138922.55 | M40: =+[5]Resumen!M40*1000 -> 147270.87 | ... AC40: =+[5]Resumen!AC40*1000 -> 138239.11
D41: Domingo | E41: 5 | F41: =+[5]Resumen!F41*1000 -> 118970.77 | G41: =+[5]Resumen!G41*1000 -> 104739.42 | H41: =+[5]Resumen!H41*1000 -> 96048.476 | I41: =+[5]Resumen!I41*1000 -> 91524.861 | J41: =+[5]Resumen!J41*1000 -> 92273.186 | K41: =+[5]Resumen!K41*1000 -> 95932.071 | L41: =+[5]Resumen!L41*1000 -> 104254.61 | M41: =+[5]Resumen!M41*1000 -> 103579.55 | ... AC41: =+[5]Resumen!AC41*1000 -> 122544.93
D42: Festivo | E42: 0 | F42: =+[5]Resumen!F42*1000 -> 0 | G42: =+[5]Resumen!G42*1000 -> 0 | H42: =+[5]Resumen!H42*1000 -> 0 | I42: =+[5]Resumen!I42*1000 -> 0 | J42: =+[5]Resumen!J42*1000 -> 0 | K42: =+[5]Resumen!K42*1000 -> 0 | L42: =+[5]Resumen!L42*1000 -> 0 | M42: =+[5]Resumen!M42*1000 -> 0 | ... AC42: =+[5]Resumen!AC42*1000 -> 0
C43: Oct | D43: Ordinario | E43: 22 | F43: =+[5]Resumen!F43*1000 -> 99943.434 | G43: =+[5]Resumen!G43*1000 -> 89623.756 | H43: =+[5]Resumen!H43*1000 -> 84422.595 | I43: =+[5]Resumen!I43*1000 -> 84630.91 | J43: =+[5]Resumen!J43*1000 -> 101793.82 | K43: =+[5]Resumen!K43*1000 -> 129726.23 | L43: =+[5]Resumen!L43*1000 -> 158357.88 | M43: =+[5]Resumen!M43*1000 -> 161322.1 | ... AC43: =+[5]Resumen!AC43*1000 -> 122927.09 | AD43: =SUM(F43:AC43)*E43+SUM(F44:AC44)*E44+SUM(F45:AC45)*E45+SUM(F46:AC46)*E46 -> 1.2417538e+08
D44: Sábado | E44: 4 | F44: =+[5]Resumen!F44*1000 -> 115044.63 | G44: =+[5]Resumen!G44*1000 -> 101702.1 | H44: =+[5]Resumen!H44*1000 -> 94718.739 | I44: =+[5]Resumen!I44*1000 -> 92277.915 | J44: =+[5]Resumen!J44*1000 -> 99405.804 | K44: =+[5]Resumen!K44*1000 -> 111522.55 | L44: =+[5]Resumen!L44*1000 -> 134028.46 | M44: =+[5]Resumen!M44*1000 -> 142421.41 | ... AC44: =+[5]Resumen!AC44*1000 -> 131848.33
D45: Domingo | E45: 4 | F45: =+[5]Resumen!F45*1000 -> 114274.88 | G45: =+[5]Resumen!G45*1000 -> 101125.86 | H45: =+[5]Resumen!H45*1000 -> 93313.75 | I45: =+[5]Resumen!I45*1000 -> 89112.304 | J45: =+[5]Resumen!J45*1000 -> 90465.896 | K45: =+[5]Resumen!K45*1000 -> 93964.415 | L45: =+[5]Resumen!L45*1000 -> 104736.39 | M45: =+[5]Resumen!M45*1000 -> 105839.69 | ... AC45: =+[5]Resumen!AC45*1000 -> 117669.99
D46: Festivo | E46: 1 | F46: =+[5]Resumen!F46*1000 -> 106201.47 | G46: =+[5]Resumen!G46*1000 -> 94746.93 | H46: =+[5]Resumen!H46*1000 -> 87951.383 | I46: =+[5]Resumen!I46*1000 -> 84505.28 | J46: =+[5]Resumen!J46*1000 -> 88082.322 | K46: =+[5]Resumen!K46*1000 -> 92506.879 | L46: =+[5]Resumen!L46*1000 -> 102393.6 | M46: =+[5]Resumen!M46*1000 -> 103566.22 | ... AC46: =+[5]Resumen!AC46*1000 -> 114541.57
C47: Nov | D47: Ordinario | E47: 19 | F47: =+[5]Resumen!F47*1000 -> 105357.77 | G47: =+[5]Resumen!G47*1000 -> 94385.968 | H47: =+[5]Resumen!H47*1000 -> 89275.936 | I47: =+[5]Resumen!I47*1000 -> 89524.126 | J47: =+[5]Resumen!J47*1000 -> 106566.7 | K47: =+[5]Resumen!K47*1000 -> 133743.36 | L47: =+[5]Resumen!L47*1000 -> 163830.04 | M47: =+[5]Resumen!M47*1000 -> 168913.75 | ... AC47: =+[5]Resumen!AC47*1000 -> 128182.8 | AD47: =SUM(F47:AC47)*E47+SUM(F48:AC48)*E48+SUM(F49:AC49)*E49+SUM(F50:AC50)*E50 -> 1.2238769e+08
D48: Sábado | E48: 5 | F48: =+[5]Resumen!F48*1000 -> 113946.98 | G48: =+[5]Resumen!G48*1000 -> 100986.15 | H48: =+[5]Resumen!H48*1000 -> 93390.423 | I48: =+[5]Resumen!I48*1000 -> 91786.229 | J48: =+[5]Resumen!J48*1000 -> 99746.649 | K48: =+[5]Resumen!K48*1000 -> 113384.41 | L48: =+[5]Resumen!L48*1000 -> 137405.16 | M48: =+[5]Resumen!M48*1000 -> 148183.66 | ... AC48: =+[5]Resumen!AC48*1000 -> 132105.82
D49: Domingo | E49: 4 | F49: =+[5]Resumen!F49*1000 -> 109461.13 | G49: =+[5]Resumen!G49*1000 -> 96313.062 | H49: =+[5]Resumen!H49*1000 -> 88445.19 | I49: =+[5]Resumen!I49*1000 -> 84772.298 | J49: =+[5]Resumen!J49*1000 -> 86665.143 | K49: =+[5]Resumen!K49*1000 -> 91687.228 | L49: =+[5]Resumen!L49*1000 -> 102942.77 | M49: =+[5]Resumen!M49*1000 -> 105988.03 | ... AC49: =+[5]Resumen!AC49*1000 -> 120093.23
D50: Festivo | E50: 2 | F50: =+[5]Resumen!F50*1000 -> 103858.1 | G50: =+[5]Resumen!G50*1000 -> 92193.308 | H50: =+[5]Resumen!H50*1000 -> 85210.291 | I50: =+[5]Resumen!I50*1000 -> 82052.299 | J50: =+[5]Resumen!J50*1000 -> 85865.443 | K50: =+[5]Resumen!K50*1000 -> 92847.096 | L50: =+[5]Resumen!L50*1000 -> 101966.17 | M50: =+[5]Resumen!M50*1000 -> 101780.2 | ... AC50: =+[5]Resumen!AC50*1000 -> 111543.27
C51: Dic | D51: Ordinario | E51: 21 | F51: =+[5]Resumen!F51*1000 -> 127508.17 | G51: =+[5]Resumen!G51*1000 -> 115026.27 | H51: =+[5]Resumen!H51*1000 -> 108322.89 | I51: =+[5]Resumen!I51*1000 -> 107415.18 | J51: =+[5]Resumen!J51*1000 -> 121461.08 | K51: =+[5]Resumen!K51*1000 -> 141277.03 | L51: =+[5]Resumen!L51*1000 -> 166751.96 | M51: =+[5]Resumen!M51*1000 -> 175435.72 | ... AC51: =+[5]Resumen!AC51*1000 -> 152448.37 | AD51: =SUM(F51:AC51)*E51+SUM(F52:AC52)*E52+SUM(F53:AC53)*E53+SUM(F54:AC54)*E54 -> 1.3883281e+08
D52: Sábado | E52: 4 | F52: =+[5]Resumen!F52*1000 -> 139282.9 | G52: =+[5]Resumen!G52*1000 -> 124650.45 | H52: =+[5]Resumen!H52*1000 -> 116634.56 | I52: =+[5]Resumen!I52*1000 -> 113616.17 | J52: =+[5]Resumen!J52*1000 -> 119978.42 | K52: =+[5]Resumen!K52*1000 -> 132398.21 | L52: =+[5]Resumen!L52*1000 -> 153004.9 | M52: =+[5]Resumen!M52*1000 -> 160762.74 | ... AC52: =+[5]Resumen!AC52*1000 -> 154653.59
D53: Domingo | E53: 4 | F53: =+[5]Resumen!F53*1000 -> 138363.58 | G53: =+[5]Resumen!G53*1000 -> 123148.11 | H53: =+[5]Resumen!H53*1000 -> 114530.62 | I53: =+[5]Resumen!I53*1000 -> 109634.22 | J53: =+[5]Resumen!J53*1000 -> 109834.65 | K53: =+[5]Resumen!K53*1000 -> 114955.3 | L53: =+[5]Resumen!L53*1000 -> 123821.63 | M53: =+[5]Resumen!M53*1000 -> 122755.29 | ... AC53: =+[5]Resumen!AC53*1000 -> 145599.14
D54: Festivo | E54: 2 | F54: =+[5]Resumen!F54*1000 -> 135257.42 | G54: =+[5]Resumen!G54*1000 -> 123437.18 | H54: =+[5]Resumen!H54*1000 -> 114102.85 | I54: =+[5]Resumen!I54*1000 -> 107726.41 | J54: =+[5]Resumen!J54*1000 -> 106216.64 | K54: =+[5]Resumen!K54*1000 -> 108102.84 | L54: =+[5]Resumen!L54*1000 -> 111842.2 | M54: =+[5]Resumen!M54*1000 -> 105988.09 | ... AC54: =+[5]Resumen!AC54*1000 -> 137082.64
Z55: TOTAL AÑO kWh | AD55: =SUM(AD7:AD54) -> 1.5701e+09

Sheet Oferta 2026
B2: NOMBRE DEL OFERENTE
B3: PRECIOS Y CANTIDADES DE ENERGIA OFERTADA
B4: EN PESOS DE OCTUBRE 2025
B6: OFERTA - CURVA
B7: MES | C7: AÑO 2026
C8: Energia Solicitada kWh | D8: % | E8: Energia Ofertada kWh | F8: Precio $/KWh
B9: 46023 | C9: =+'Cantidades 2026'!AD7 -> 1.128558e+08 | D9: % | F9: $/kWh
B10: 46054 | C10: =+'Cantidades 2026'!AD11 -> 1.1979185e+08 | D10: %
B11: 46082 | C11: =+'Cantidades 2026'!AD15 -> 1.259155e+08 | D11: %
B12: 46113 | C12: =+'Cantidades 2026'!AD19 -> 1.2310701e+08 | D12: %
B13: 46143 | C13: =+'Cantidades 2026'!AD23 -> 61191885 | D13: %
B14: 46174 | C14: =+'Cantidades 2026'!AD27 -> 37597003 | D14: %
B15: 46204 | C15: =+'Cantidades 2026'!AD31 -> 56655222 | D15: %
B16: 46235 | C16: =+'Cantidades 2026'!AD35 -> 59386897 | D16: %
B17: 46266 | C17: =+'Cantidades 2026'!AD39 -> 1.1331602e+08 | D17: %
B18: 46296 | C18: =+'Cantidades 2026'!AD43 -> 1.0598538e+08 | D18: %
B19: 46327 | C19: =+'Cantidades 2026'!AD47 -> 1.0920298e+08 | D19: %
B20: 46357 | C20: =+'Cantidades 2026'!AD51 -> 1.2286626e+08 | D20: %
B21: Total año | C21: =SUM(C9:C20) -> 1.1478718e+09 | D21: %
A24: Notas:
A25: 1. La Energía Ofertada se distribuye en forma horaria de acuerdo con la curva de carga presentada en la hoja Cantidades por año.
A26: 2. Tipo de Contrato: pague lo contratado.
A27: 3. Precio ofertado en $kWh, en pesos de octubre 2025.
A28: 4. El precio debe ser el mismo para todos los meses del año
A29: 5. % variable por mes, siempre y cuando la oferta para cada uno de los meses de enero a abril y diciembre sea mayor o igual al 20%
A30: de la energía del mes con mayor cantidad ofertada de los meses de mayo a noviembre

Sheet Oferta 2027
B2: NOMBRE DEL OFERENTE
B3: PRECIOS Y CANTIDADES DE ENERGIA OFERTADA
B4: EN PESOS DE OCTUBRE 2025
B6: OFERTA - CURVA
B7: MES | C7: AÑO 2027
C8: Energia Solicitada kWh | D8: % | E8: Energia Ofertada kWh | F8: Precio $/KWh
B9: 46388 | C9: =+'Cantidades 2027'!AD7 -> 97669210 | D9: % | F9: $/kWh
B10: 46419 | C10: =+'Cantidades 2027'!AD11 -> 1.0185448e+08 | D10: %
B11: 46447 | C11: =+'Cantidades 2027'!AD15 -> 1.0675288e+08 | D11: %
B12: 46478 | C12: =+'Cantidades 2027'!AD19 -> 1.0053857e+08 | D12: %
B13: 46508 | C13: =+'Cantidades 2027'!AD23 -> 87017546 | D13: %
B14: 46539 | C14: =+'Cantidades 2027'!AD27 -> 68081871 | D14: %
B15: 46569 | C15: =+'Cantidades 2027'!AD31 -> 66098678 | D15: %
B16: 46600 | C16: =+'Cantidades 2027'!AD35 -> 63760823 | D16: %
B17: 46631 | C17: =+'Cantidades 2027'!AD39 -> 78875477 | D17: %
B18: 46661 | C18: =+'Cantidades 2027'!AD43 -> 75208991 | D18: %
B19: 46692 | C19: =+'Cantidades 2027'!AD47 -> 76675514 | D19: %
B20: 46722 | C20: =+'Cantidades 2027'!AD51 -> 88919407 | D20: %
B21: Total año | C21: =SUM(C9:C20) -> 1.0114535e+09 | D21: %
C23: =+C21/1000 -> 1011453.5
A24: Notas:
A25: 1. La Energía Ofertada se distribuye en forma horaria de acuerdo con la curva de carga presentada en la hoja Cantidades por año
A26: 2. Tipo de Contrato: pague lo contratado.
A27: 3. Precio ofertado en $kWh, en pesos de octubre 2025.
A28: 4. El precio debe ser el mismo para todos los meses del año
A29: 5. % variable por mes, siempre y cuando la oferta para cada uno de los meses de enero a abril y diciembre sea mayor o igual al 20%
A30: de la energía del mes con mayor cantidad ofertada de los meses de mayo a noviembre

Sheet Oferta 2028
B2: NOMBRE DEL OFERENTE
B3: PRECIOS Y CANTIDADES DE ENERGIA OFERTADA
B4: EN PESOS DE OCTUBRE 2025
B6: OFERTA - CURVA
B7: MES | C7: AÑO 2028
C8: Energia Solicitada kWh | D8: % | E8: Energia Ofertada kWh | F8: Precio $/KWh
B9: 46753 | C9: =+'Cantidades 2028'!AD7 -> 1.0101246e+08 | D9: % | F9: $/kWh
B10: 46784 | C10: =+'Cantidades 2028'!AD11 -> 99445567
B11: 46813 | C11: =+'Cantidades 2028'!AD15 -> 1.1089801e+08
B12: 46844 | C12: =+'Cantidades 2028'!AD19 -> 1.0385629e+08
B13: 46874 | C13: =+'Cantidades 2028'!AD23 -> 1.0941004e+08
B14: 46905 | C14: =+'Cantidades 2028'!AD27 -> 94806405
B15: 46935 | C15: =+'Cantidades 2028'!AD31 -> 94967898
B16: 46966 | C16: =+'Cantidades 2028'!AD35 -> 95790142
B17: 46997 | C17: =+'Cantidades 2028'!AD39 -> 91500866
B18: 47027 | C18: =+'Cantidades 2028'!AD43 -> 88525525
B19: 47058 | C19: =+'Cantidades 2028'!AD47 -> 90004302
B20: 47088 | C20: =+'Cantidades 2028'!AD51 -> 98808329
B21: Total año | C21: =SUM(C9:C20) -> 1.1790258e+09
C23: =+C21/1000 -> 1179025.8
A24: Notas:
A25: 1. La Energía Ofertada se distribuye en forma horaria de acuerdo con la curva de carga presentada en la hoja Cantidades por año
A26: 2. Tipo de Contrato: pague lo contratado.
A27: 3. Precio ofertado en $kWh, en pesos de octubre 2025
A28: 4. El % y el precio debe ser el mismo para todos los meses del año

Sheet Oferta 2029
B2: NOMBRE DEL OFERENTE
B3: PRECIOS Y CANTIDADES DE ENERGIA OFERTADA
B4: EN PESOS DE OCTUBRE 2025
B6: OFERTA - CURVA O PLANA
B7: MES | C7: AÑO 2029
C8: Energia Solicitada kWh | D8: % | E8: Energia Ofertada kWh | F8: Precio $/KWh
B9: 47119 | C9: =+'Cantidades 2029'!AD7 -> 1.0048524e+08 | D9: % | F9: $/kWh
B10: 47150 | C10: =+'Cantidades 2029'!AD11 -> 1.0130964e+08
B11: 47178 | C11: =+'Cantidades 2029'!AD15 -> 1.088526e+08
B12: 47209 | C12: =+'Cantidades 2029'!AD19 -> 1.032915e+08
B13: 47239 | C13: =+'Cantidades 2029'!AD23 -> 1.0766989e+08
B14: 47270 | C14: =+'Cantidades 2029'!AD27 -> 97804193
B15: 47300 | C15: =+'Cantidades 2029'!AD31 -> 1.0828386e+08
B16: 47331 | C16: =+'Cantidades 2029'!AD35 -> 1.0823895e+08
B17: 47362 | C17: =+'Cantidades 2029'!AD39 -> 1.0491698e+08
B18: 47392 | C18: =+'Cantidades 2029'!AD43 -> 1.0286689e+08
B19: 47423 | C19: =+'Cantidades 2029'!AD47 -> 1.0178348e+08
B20: 47453 | C20: =+'Cantidades 2029'!AD51 -> 1.0780734e+08
B21: Total año | C21: =SUM(C9:C20) -> 1.2533106e+09
C23: =+C21/1000 -> 1253310.6
A24: Notas:
A25: 1. La Energía Ofertada se distribuye en forma horaria de acuerdo con la curva de carga presentada en la hoja Cantidades por año
A26: 2. Tipo de Contrato: pague lo contratado.
A27: 3. Precio ofertado en $kWh, en pesos de octubre 2025
A28: 4. El % y el precio debe ser el mismo para todos los meses del año
A29: 5. Tope horario ofertas planas de 60.000 KWh

Sheet Oferta 2030
B2: NOMBRE DEL OFERENTE
B3: PRECIOS Y CANTIDADES DE ENERGIA OFERTADA
B4: EN PESOS DE OCTUBRE 2025
B6: OFERTA - CURVA O PLANA
B7: MES | C7: AÑO 2030
C8: Energia Solicitada kWh | D8: % | E8: Energia Ofertada kWh | F8: Precio $/KWh
B9: 47484 | C9: =+'Cantidades 2030'!AD7 -> 1.3138531e+08 | D9: % | F9: $/kWh
B10: 47515 | C10: =+'Cantidades 2030'!AD11 -> 1.2940157e+08
B11: 47543 | C11: =+'Cantidades 2030'!AD15 -> 1.3963044e+08
B12: 47574 | C12: =+'Cantidades 2030'!AD19 -> 1.337212e+08
B13: 47604 | C13: =+'Cantidades 2030'!AD23 -> 1.3172871e+08
B14: 47635 | C14: =+'Cantidades 2030'!AD27 -> 1.2203425e+08
B15: 47665 | C15: =+'Cantidades 2030'!AD31 -> 1.3587688e+08
B16: 47696 | C16: =+'Cantidades 2030'!AD35 -> 1.3564916e+08
B17: 47727 | C17: =+'Cantidades 2030'!AD39 -> 1.2527656e+08
B18: 47757 | C18: =+'Cantidades 2030'!AD43 -> 1.2417538e+08
B19: 47788 | C19: =+'Cantidades 2030'!AD47 -> 1.2238769e+08
B20: 47818 | C20: =+'Cantidades 2030'!AD51 -> 1.3883281e+08
B21: Total año | C21: =SUM(C9:C20) -> 1.5701e+09
A24: Notas:
A25: 1. La Energía Ofertada se distribuye en forma horaria de acuerdo con la curva de carga presentada en la hoja Cantidades por año
A26: 2. Tipo de Contrato: pague lo contratado.
A27: 3. Precio ofertado en $kWh, en pesos de octubre 2025
A28: 4. El % y el precio debe ser el mismo para todos los meses del año
A29: 5. Tope horario ofertas planas de 100.000 KWh

Sheet Oferta Horaria 2026-2030
C2: CANTIDADES DE ENERGÍA SOLICITADAS (kWh)
C3: EMPRESAS PÚBLICAS DE MEDELLÍN E.S.P.
C4: DISTRIBUCIÓN HORARIA PRODUCTOS 1 A 5 AÑOS 2026 A 2030
C6: Mes | D6: Tipo Día | E6: Días | F6: H1 | G6: H2 | H6: H3 | I6: H4 | J6: H5 | K6: H6 | L6: H7 | M6: H8 | N6: H9 | O6: H10 | P6: H11 | Q6: H12 | R6: H13 | S6: H14 | T6: H15 | U6: H16 | V6: H17 | W6: H18 | X6: H19 | Y6: H20 | Z6: H21 | AA6: H22 | AB6: H23 | AC6: H24 | AD6: TOTAL MES
C7: Ene | D7: Ordinario | AD7: =SUM(F7:AC7)*E7+SUM(F8:AC8)*E8+SUM(F9:AC9)*E9+SUM(F10:AC10)*E10 -> 0
D8: Sábado
D9: Domingo
D10: Festivo
C11: Feb | D11: Ordinario | AD11: =SUM(F11:AC11)*E11+SUM(F12:AC12)*E12+SUM(F13:AC13)*E13+SUM(F14:AC14)*E14 -> 0
D12: Sábado
D13: Domingo
D14: Festivo
C15: Mar | D15: Ordinario | AD15: =SUM(F15:AC15)*E15+SUM(F16:AC16)*E16+SUM(F17:AC17)*E17+SUM(F18:AC18)*E18 -> 0
D16: Sábado
D17: Domingo
D18: Festivo
C19: Abr | D19: Ordinario | AD19: =SUM(F19:AC19)*E19+SUM(F20:AC20)*E20+SUM(F21:AC21)*E21+SUM(F22:AC22)*E22 -> 0
D20: Sábado
D21: Domingo
D22: Festivo
C23: May | D23: Ordinario | AD23: =SUM(F23:AC23)*E23+SUM(F24:AC24)*E24+SUM(F25:AC25)*E25+SUM(F26:AC26)*E26 -> 0
D24: Sábado
D25: Domingo
D26: Festivo
C27: Jun | D27: Ordinario | AD27: =SUM(F27:AC27)*E27+SUM(F28:AC28)*E28+SUM(F29:AC29)*E29+SUM(F30:AC30)*E30 -> 0
D28: Sábado
D29: Domingo
D30: Festivo
C31: Jul | D31: Ordinario | AD31: =SUM(F31:AC31)*E31+SUM(F32:AC32)*E32+SUM(F33:AC33)*E33+SUM(F34:AC34)*E34 -> 0
D32: Sábado
D33: Domingo
D34: Festivo
C35: Ago | D35: Ordinario | AD35: =SUM(F35:AC35)*E35+SUM(F36:AC36)*E36+SUM(F37:AC37)*E37+SUM(F38:AC38)*E38 -> 0
D36: Sábado
D37: Domingo
D38: Festivo
C39: Sep | D39: Ordinario | AD39: =SUM(F39:AC39)*E39+SUM(F40:AC40)*E40+SUM(F41:AC41)*E41+SUM(F42:AC42)*E42 -> 0
D40: Sábado
D41: Domingo
D42: Festivo
C43: Oct | D43: Ordinario | AD43: =SUM(F43:AC43)*E43+SUM(F44:AC44)*E44+SUM(F45:AC45)*E45+SUM(F46:AC46)*E46 -> 0
D44: Sábado
D45: Domingo
D46: Festivo
C47: Nov | D47: Ordinario | AD47: =SUM(F47:AC47)*E47+SUM(F48:AC48)*E48+SUM(F49:AC49)*E49+SUM(F50:AC50)*E50 -> 0
D48: Sábado
D49: Domingo
D50: Festivo
C51: Dic | D51: Ordinario | AD51: =SUM(F51:AC51)*E51+SUM(F52:AC52)*E52+SUM(F53:AC53)*E53+SUM(F54:AC54)*E54 -> 0
D52: Sábado
D53: Domingo
D54: Festivo
AA55: TOTAL AÑO kWh | AD55: =SUM(AD7:AD54) -> 0
