Workbook

Sheet Anexo1
B3: ANEXO No 1 - PRODUCTO No. 1 - CURVA
B4: PAGUE LO CONTRATADO AÑO 2027
B5: PRECIO OFERTADO EN $ / kWh DE FEBRERO DE 2026
B8: MES | C8: ENERGIA SOLICITADA kWh/MES | D8: % OFERTADO ANUAL | E8: ENERGIA OFERTADA kWh/MES | F8: PRECIO OFERTADO ANUAL $/kWh
B10: 46388 | C10: =+'Anexo 5'!AC6 -> 24221131 | E10: =+'Cantidades Ofertadas Prod1'!AC6 -> 0
B11: 46419 | C11: =+'Anexo 5'!AC9 -> 22377856 | E11: =+'Cantidades Ofertadas Prod1'!AC9 -> 0
B12: 46447 | C12: =+'Anexo 5'!AC12 -> 24046148 | E12: =+'Cantidades Ofertadas Prod1'!AC12 -> 0
B13: 46478 | C13: =+'Anexo 5'!AC15 -> 22900488 | E13: =+'Cantidades Ofertadas Prod1'!AC15 -> 0
B14: 46508 | C14: =+'Anexo 5'!AC18 -> 23626140 | E14: =+'Cantidades Ofertadas Prod1'!AC18 -> 0
B15: 46539 | C15: =+'Anexo 5'!AC21 -> 22961808 | E15: =+'Cantidades Ofertadas Prod1'!AC21 -> 0
B16: 46569 | C16: =+'Anexo 5'!AC24 -> 24259657 | E16: =+'Cantidades Ofertadas Prod1'!AC24 -> 0
B17: 46600 | C17: =+'Anexo 5'!AC27 -> 24688809 | E17: =+'Cantidades Ofertadas Prod1'!AC27 -> 0
B18: 46631 | C18: =+'Anexo 5'!AC30 -> 24321860 | E18: =+'Cantidades Ofertadas Prod1'!AC30 -> 0
B19: 46661 | C19: =+'Anexo 5'!AC33 -> 24018034 | E19: =+'Cantidades Ofertadas Prod1'!AC33 -> 0
B20: 46692 | C20: =+'Anexo 5'!AC36 -> 22864092 | E20: =+'Cantidades Ofertadas Prod1'!AC36 -> 0
B21: 46722 | C21: =+'Anexo 5'!AC39 -> 24561468 | E21: =+'Cantidades Ofertadas Prod1'!AC39 -> 0
B22: TOTAL | C22: =+SUM(C10:C21) -> 284847491 | E22: =SUM(E10:E21) -> 0 | F22: =+F10 -> 0
B23: *Solo se debe ingresar valores en las celdas en color Naranja
B24: * Se debe ofertar un unico % para todos los meses del año.
B25: * Los % ofertados se aplicaran a las curvas de carga de la hoja "Anexo 5".
B26: * La energia ofertada se calcula de manera automatica en la hoja "Cantidades Ofertadas Prod1"
B27: * Se debe ofertar un unico precio por producto.
B28: * Para ofertas planas se debe diligenciar el anexo 1A, con un tope horario de 15.000 kWh
B32: ____________________________________________
B33: Firma del Representante Legal
B34: o Apoderado General (Responsable del negocio)

Sheet Anexo 1A
B3: ANEXO No 2A - PRODUCTO No. 1 - OFERTA PLANA BLOQUE 2
B4: PAGUE LO CONTRATADO AÑO 2027
B5: PRECIO OFERTADO EN $ / kWh DE FEBRERO DE 2026
B8: MES | C8: ENERGIA MAXIMA A OFERTAR kWh/MES | D8: kWh OFERTADO | E8: ENERGIA OFERTADA kWh/MES | F8: PRECIO OFERTADO ANUAL $/kWh
A9: 15000
A10: 31 | B10: 46388 | C10: =+$A$9*A10*24 -> 11160000 | D10: 0 | E10: =+$D$10*A10*24 -> 0
A11: 28 | B11: 46419 | C11: =+$A$9*A11*24 -> 10080000 | E11: =+$D$10*A11*24 -> 0
A12: 31 | B12: 46447 | C12: =+$A$9*A12*24 -> 11160000 | E12: =+$D$10*A12*24 -> 0
A13: 30 | B13: 46478 | C13: =+$A$9*A13*24 -> 10800000 | E13: =+$D$10*A13*24 -> 0
A14: 31 | B14: 46508 | C14: =+$A$9*A14*24 -> 11160000 | E14: =+$D$10*A14*24 -> 0
A15: 30 | B15: 46539 | C15: =+$A$9*A15*24 -> 10800000 | E15: =+$D$10*A15*24 -> 0
A16: 31 | B16: 46569 | C16: =+$A$9*A16*24 -> 11160000 | E16: =+$D$10*A16*24 -> 0
A17: 31 | B17: 46600 | C17: =+$A$9*A17*24 -> 11160000 | E17: =+$D$10*A17*24 -> 0
A18: 30 | B18: 46631 | C18: =+$A$9*A18*24 -> 10800000 | E18: =+$D$10*A18*24 -> 0
A19: 31 | B19: 46661 | C19: =+$A$9*A19*24 -> 11160000 | E19: =+$D$10*A19*24 -> 0
A20: 30 | B20: 46692 | C20: =+$A$9*A20*24 -> 10800000 | E20: =+$D$10*A20*24 -> 0
A21: 31 | B21: 46722 | C21: =+$A$9*A21*24 -> 11160000 | E21: =+$D$10*A21*24 -> 0
B22: TOTAL | C22: =+SUM(C10:C21) -> 131400000 | E22: =SUM(E10:E21) -> 0 | F22: =+F10 -> 0
B23: *Solo se debe ingresar valores en las celdas en color Naranja
B24: * Se debe oferta un valor de kWh el cual se aplica para todas las horas del año, con un tope horario de 15.000 kWh
B25: * Se debe ofertar un unico precio por producto.
B26: * A las ofertas planas al momento de la evaluación se le adicionarán 5 $/kWh al precio ofertado; con el fin de hacerlas comparables con las Ofertas que siguen la curva
B29: ____________________________________________
B30: Firma del Representante Legal
B31: o Apoderado General (Responsable del negocio)

Sheet Anexo 5
A1: CURVAS REQUERIDAS PRODUCTO 1 AÑO 2027 MODALIDAD PAGUE LO CONTRATADO - kWh
A4: Periodo | B4: Tipo de día | C4: H01 | D4: H02 | E4: H03 | F4: H04 | G4: H05 | H4: H06 | I4: H07 | J4: H08 | K4: H09 | L4: H10 | M4: H11 | N4: H12 | O4: H13 | P4: H14 | Q4: H15 | R4: H16 | S4: H17 | T4: H18 | U4: H19 | V4: H20 | W4: H21 | X4: H22 | Y4: H23 | Z4: H24 | AA4: TOTAL DÍA | AB4: Días/ | AC4: TOTAL MES
AB5: mes
A6: 46388 | B6: O | C6: 26386 | D6: 24861 | E6: 23943 | F6: 23469 | G6: 23797 | H6: 25214 | I6: 26562 | J6: 29085 | K6: 31923 | L6: 34072 | M6: 36262 | N6: 38327 | O6: 37976 | P6: 38021 | Q6: 38655 | R6: 38776 | S6: 38332 | T6: 37502 | U6: 40258 | V6: 42554 | W6: 41010 | X6: 38304 | Y6: 33954 | Z6: 29561 | AA6: =SUM(C6:Z6) -> 798804 | AB6: 19 | AC6: =+AA6*AB6+AA7*AB7+AA8*AB8 -> 24221131
B7: S | C7: 27023 | D7: 25300 | E7: 24249 | F7: 23587 | G7: 23608 | H7: 24401 | I7: 25325 | J7: 27890 | K7: 31062 | L7: 33456 | M7: 35250 | N7: 37024 | O7: 37216 | P7: 36851 | Q7: 36450 | R7: 36255 | S7: 35982 | T7: 35947 | U7: 39402 | V7: 41863 | W7: 40180 | X7: 37671 | Y7: 34111 | Z7: 30543 | AA7: =SUM(C7:Z7) -> 780646 | AB7: 5
B8: F | C8: 28328 | D8: 26467 | E8: 25233 | F8: 24362 | G8: 23937 | H8: 24104 | I8: 23868 | J8: 25277 | K8: 27691 | L8: 29817 | M8: 31387 | N8: 33021 | O8: 33989 | P8: 33874 | Q8: 33259 | R8: 32904 | S8: 32726 | T8: 32903 | U8: 36672 | V8: 39364 | W8: 38266 | X8: 35920 | Y8: 32302 | Z8: 28704 | AA8: =SUM(C8:Z8) -> 734375 | AB8: 7
A9: 46419 | B9: O | C9: 26540 | D9: 25073 | E9: 24229 | F9: 23814 | G9: 24294 | H9: 26494 | I9: 28247 | J9: 30150 | K9: 32675 | L9: 34567 | M9: 36634 | N9: 38549 | O9: 37780 | P9: 38072 | Q9: 38962 | R9: 39122 | S9: 38686 | T9: 37676 | U9: 39779 | V9: 42791 | W9: 41307 | X9: 38474 | Y9: 34003 | Z9: 29555 | AA9: =SUM(C9:Z9) -> 807473 | AB9: 20 | AC9: =+AA9*AB9+AA10*AB10+AA11*AB11 -> 22377856
B10: S | C10: 27523 | D10: 25895 | E10: 24849 | F10: 24248 | G10: 24319 | H10: 25172 | I10: 26537 | J10: 29101 | K10: 32395 | L10: 34690 | M10: 36514 | N10: 38285 | O10: 38334 | P10: 37843 | Q10: 37422 | R10: 37192 | S10: 36875 | T10: 36760 | U10: 39555 | V10: 42584 | W10: 40916 | X10: 38547 | Y10: 35159 | Z10: 31395 | AA10: =SUM(C10:Z10) -> 802110 | AB10: 4
B11: F | C11: 28586 | D11: 26739 | E11: 25613 | F11: 24768 | G11: 24498 | H11: 24752 | I11: 24954 | J11: 26607 | K11: 29254 | L11: 31421 | M11: 32857 | N11: 34409 | O11: 35279 | P11: 34995 | Q11: 34302 | R11: 33882 | S11: 33670 | T11: 33848 | U11: 36854 | V11: 40200 | W11: 39179 | X11: 36748 | Y11: 32755 | Z11: 28819 | AA11: =SUM(C11:Z11) -> 754989 | AB11: 4
A12: 46447 | B12: O | C12: 25976 | D12: 24571 | E12: 23793 | F12: 23404 | G12: 23920 | H12: 26078 | I12: 27589 | J12: 29695 | K12: 32120 | L12: 33936 | M12: 35872 | N12: 37617 | O12: 36922 | P12: 37075 | Q12: 37840 | R12: 37965 | S12: 37633 | T12: 36922 | U12: 39547 | V12: 42116 | W12: 40586 | X12: 37705 | Y12: 33324 | Z12: 28998 | AA12: =SUM(C12:Z12) -> 791204 | AB12: 20 | AC12: =+AA12*AB12+AA13*AB13+AA14*AB14 -> 24046148
B13: S | C13: 26795 | D13: 25172 | E13: 24309 | F13: 23816 | G13: 23846 | H13: 24751 | I13: 25541 | J13: 28353 | K13: 31410 | L13: 33626 | M13: 35385 | N13: 36852 | O13: 36823 | P13: 36300 | Q13: 35909 | R13: 35614 | S13: 35232 | T13: 35258 | U13: 38448 | V13: 40871 | W13: 39287 | X13: 37022 | Y13: 33651 | Z13: 30246 | AA13: =SUM(C13:Z13) -> 774517 | AB13: 4
B14: F | C14: 27614 | D14: 25828 | E14: 24778 | F14: 24065 | G14: 23770 | H14: 24120 | I14: 24033 | J14: 25819 | K14: 28251 | L14: 30212 | M14: 31580 | N14: 33134 | O14: 34059 | P14: 33801 | Q14: 33091 | R14: 32773 | S14: 32568 | T14: 32822 | U14: 36266 | V14: 39121 | W14: 38020 | X14: 35741 | Y14: 32034 | Z14: 28500 | AA14: =SUM(C14:Z14) -> 732000 | AB14: 7
A15: 46478 | B15: O | C15: 25378 | D15: 24032 | E15: 23223 | F15: 22847 | G15: 23323 | H15: 25062 | I15: 26343 | J15: 28664 | K15: 31088 | L15: 32987 | M15: 34991 | N15: 36807 | O15: 36159 | P15: 36325 | Q15: 37043 | R15: 37117 | S15: 36744 | T15: 36200 | U15: 39361 | V15: 41240 | W15: 39789 | X15: 36880 | Y15: 32477 | Z15: 28266 | AA15: =SUM(C15:Z15) -> 772346 | AB15: 22 | AC15: =+AA15*AB15+AA16*AB16+AA17*AB17 -> 22900488
B16: S | C16: 25918 | D16: 24383 | E16: 23396 | F16: 22813 | G16: 22920 | H16: 23578 | I16: 24407 | J16: 27342 | K16: 30352 | L16: 32636 | M16: 34287 | N16: 36160 | O16: 36275 | P16: 35838 | Q16: 35441 | R16: 35168 | S16: 35068 | T16: 35237 | U16: 38831 | V16: 40819 | W16: 39148 | X16: 36723 | Y16: 33309 | Z16: 29825 | AA16: =SUM(C16:Z16) -> 759874 | AB16: 4
B17: F | C17: 27010 | D17: 25287 | E17: 24172 | F17: 23415 | G17: 23121 | H17: 23082 | I17: 23261 | J17: 25277 | K17: 27635 | L17: 29704 | M17: 31177 | N17: 32678 | O17: 33551 | P17: 33310 | Q17: 32556 | R17: 32201 | S17: 31997 | T17: 32286 | U17: 36124 | V17: 38422 | W17: 37219 | X17: 34874 | Y17: 31283 | Z17: 27703 | AA17: =SUM(C17:Z17) -> 717345 | AB17: 4
A18: 46508 | B18: O | C18: 25415 | D18: 24024 | E18: 23249 | F18: 22862 | G18: 23320 | H18: 24812 | I18: 26371 | J18: 28808 | K18: 31298 | L18: 33254 | M18: 35221 | N18: 37088 | O18: 36524 | P18: 36517 | Q18: 37080 | R18: 37146 | S18: 36767 | T18: 36323 | U18: 39622 | V18: 41492 | W18: 39870 | X18: 36952 | Y18: 32480 | Z18: 28337 | AA18: =SUM(C18:Z18) -> 774832 | AB18: 19 | AC18: =+AA18*AB18+AA19*AB19+AA20*AB20 -> 23626140
B19: S | C19: 26356 | D19: 24832 | E19: 23911 | F19: 23369 | G19: 23463 | H19: 23847 | I19: 25097 | J19: 28047 | K19: 31126 | L19: 33505 | M19: 35136 | N19: 36624 | O19: 36628 | P19: 36045 | Q19: 35452 | R19: 35094 | S19: 34834 | T19: 35155 | U19: 39062 | V19: 40646 | W19: 39034 | X19: 36565 | Y19: 33130 | Z19: 29705 | AA19: =SUM(C19:Z19) -> 766663 | AB19: 4
B20: F | C20: 26817 | D20: 25150 | E20: 24116 | F20: 23427 | G20: 23216 | H20: 22954 | I20: 23425 | J20: 25670 | K20: 28167 | L20: 30384 | M20: 31899 | N20: 33483 | O20: 34177 | P20: 34038 | Q20: 33213 | R20: 34140 | S20: 32632 | T20: 32992 | U20: 36959 | V20: 39264 | W20: 38025 | X20: 35533 | Y20: 31840 | Z20: 28189 | AA20: =SUM(C20:Z20) -> 729710 | AB20: 8
A21: 46539 | B21: O | C21: 25115 | D21: 23695 | E21: 22985 | F21: 22604 | G21: 23025 | H21: 24305 | I21: 25994 | J21: 28566 | K21: 31164 | L21: 33101 | M21: 35125 | N21: 37015 | O21: 36406 | P21: 36365 | Q21: 37060 | R21: 37098 | S21: 36720 | T21: 36152 | U21: 38782 | V21: 41238 | W21: 39700 | X21: 36808 | Y21: 32270 | Z21: 28064 | AA21: =SUM(C21:Z21) -> 769357 | AB21: 21 | AC21: =+AA21*AB21+AA22*AB22+AA23*AB23 -> 22961808
B22: S | C22: 26329 | D22: 24690 | E22: 23751 | F22: 23220 | G22: 23267 | H22: 23644 | I22: 24879 | J22: 27797 | K22: 31090 | L22: 33351 | M22: 35116 | N22: 36646 | O22: 36746 | P22: 36370 | Q22: 35982 | R22: 35915 | S22: 35647 | T22: 35914 | U22: 39266 | V22: 41418 | W22: 39720 | X22: 37294 | Y22: 33703 | Z22: 30049 | AA22: =SUM(C22:Z22) -> 771804 | AB22: 4
B23: F | C23: 27401 | D23: 25655 | E23: 24641 | F23: 23949 | G23: 23786 | H23: 23758 | I23: 24075 | J23: 26414 | K23: 29014 | L23: 31022 | M23: 32673 | N23: 34270 | O23: 34840 | P23: 34598 | Q23: 33929 | R23: 33614 | S23: 33442 | T23: 33716 | U23: 37116 | V23: 39846 | W23: 38671 | X23: 36147 | Y23: 32356 | Z23: 28686 | AA23: =SUM(C23:Z23) -> 743619 | AB23: 5
A24: 46569 | B24: O | C24: 26296 | D24: 24800 | E24: 23937 | F24: 23467 | G24: 23867 | H24: 25142 | I24: 26514 | J24: 29384 | K24: 32174 | L24: 34361 | M24: 36478 | N24: 38355 | O24: 37691 | P24: 37772 | Q24: 38464 | R24: 38542 | S24: 37996 | T24: 37046 | U24: 39221 | V24: 42139 | W24: 40775 | X24: 38027 | Y24: 33493 | Z24: 29321 | AA24: =SUM(C24:Z24) -> 795262 | AB24: 20 | AC24: =+AA24*AB24+AA25*AB25+AA26*AB26 -> 24259657
B25: S | C25: 26355 | D25: 24637 | E25: 23762 | F25: 23177 | G25: 23233 | H25: 23722 | I25: 24901 | J25: 28377 | K25: 31685 | L25: 33950 | M25: 35731 | N25: 37236 | O25: 37167 | P25: 36585 | Q25: 36055 | R25: 35780 | S25: 35463 | T25: 35569 | U25: 38226 | V25: 41035 | W25: 39468 | X25: 37225 | Y25: 33714 | Z25: 30240 | AA25: =SUM(C25:Z25) -> 773293 | AB25: 5
B26: F | C26: 27968 | D26: 26250 | E26: 25117 | F26: 24376 | G26: 24145 | H26: 24153 | I26: 24311 | J26: 26521 | K26: 29172 | L26: 31372 | M26: 32972 | N26: 34456 | O26: 35192 | P26: 34805 | Q26: 34036 | R26: 33628 | S26: 33312 | T26: 33457 | U26: 36274 | V26: 39737 | W26: 38725 | X26: 36394 | Y26: 32606 | Z26: 29013 | AA26: =SUM(C26:Z26) -> 747992 | AB26: 6
A27: 46600 | B27: O | C27: 26605 | D27: 25187 | E27: 24405 | F27: 23941 | G27: 24361 | H27: 26050 | I27: 27554 | J27: 30110 | K27: 32784 | L27: 34831 | M27: 37001 | N27: 38901 | O27: 38232 | P27: 38535 | Q27: 39317 | R27: 39379 | S27: 38813 | T27: 37831 | U27: 40479 | V27: 42931 | W27: 41432 | X27: 38536 | Y27: 33945 | Z27: 29801 | AA27: =SUM(C27:Z27) -> 810961 | AB27: 21 | AC27: =+AA27*AB27+AA28*AB28+AA29*AB29 -> 24688809
B28: S | C28: 27693 | D28: 26155 | E28: 25193 | F28: 24473 | G28: 24419 | H28: 25097 | I28: 25901 | J28: 29180 | K28: 32495 | L28: 34767 | M28: 36758 | N28: 38265 | O28: 38276 | P28: 37865 | Q28: 37469 | R28: 37241 | S28: 36741 | T28: 36673 | U28: 39951 | V28: 42116 | W28: 40522 | X28: 38207 | Y28: 34837 | Z28: 31210 | AA28: =SUM(C28:Z28) -> 801504 | AB28: 3
B29: F | C29: 28210 | D29: 26460 | E29: 25307 | F29: 24573 | G29: 24334 | H29: 24415 | I29: 24411 | J29: 26711 | K29: 29308 | L29: 31449 | M29: 32965 | N29: 34536 | O29: 35347 | P29: 35030 | Q29: 34171 | R29: 33595 | S29: 33377 | T29: 33470 | U29: 36871 | V29: 39824 | W29: 38643 | X29: 36217 | Y29: 32521 | Z29: 28843 | AA29: =SUM(C29:Z29) -> 750588 | AB29: 7
A30: 46631 | B30: O | C30: 27081 | D30: 25589 | E30: 24657 | F30: 24250 | G30: 24644 | H30: 26258 | I30: 27814 | J30: 30452 | K30: 33102 | L30: 35305 | M30: 37492 | N30: 39497 | O30: 38808 | P30: 39090 | Q30: 40004 | R30: 40232 | S30: 39654 | T30: 38840 | U30: 42475 | V30: 43457 | W30: 41824 | X30: 38876 | Y30: 34190 | Z30: 30057 | AA30: =SUM(C30:Z30) -> 823648 | AB30: 22 | AC30: =+AA30*AB30+AA31*AB31+AA32*AB32 -> 24321860
B31: S | C31: 27804 | D31: 26029 | E31: 25068 | F31: 24542 | G31: 24564 | H31: 24791 | I31: 26033 | J31: 29566 | K31: 32934 | L31: 35338 | M31: 37240 | N31: 38763 | O31: 38668 | P31: 38174 | Q31: 37715 | R31: 37384 | S31: 37062 | T31: 37338 | U31: 41325 | V31: 42216 | W31: 40364 | X31: 37996 | Y31: 34537 | Z31: 31004 | AA31: =SUM(C31:Z31) -> 806455 | AB31: 4
B32: F | C32: 28309 | D32: 26610 | E32: 25494 | F32: 24630 | G32: 24239 | H32: 23943 | I32: 24125 | J32: 26383 | K32: 28929 | L32: 31017 | M32: 32472 | N32: 33862 | O32: 34666 | P32: 34420 | Q32: 33694 | R32: 33341 | S32: 33112 | T32: 33377 | U32: 37727 | V32: 39209 | W32: 38124 | X32: 35748 | Y32: 32037 | Z32: 28478 | AA32: =SUM(C32:Z32) -> 743946 | AB32: 4
A33: 46661 | B33: O | C33: 25662 | D33: 24287 | E33: 23523 | F33: 23113 | G33: 23566 | H33: 24867 | I33: 26524 | J33: 29008 | K33: 31502 | L33: 33469 | M33: 35507 | N33: 37396 | O33: 36740 | P33: 36942 | Q33: 37789 | R33: 37970 | S33: 37550 | T33: 37660 | U33: 41824 | V33: 41611 | W33: 39783 | X33: 36802 | Y33: 32423 | Z33: 28529 | AA33: =SUM(C33:Z33) -> 784047 | AB33: 20 | AC33: =+AA33*AB33+AA34*AB34+AA35*AB35 -> 24018034
B34: S | C34: 27016 | D34: 25476 | E34: 24541 | F34: 23920 | G34: 24045 | H34: 24418 | I34: 25798 | J34: 28975 | K34: 32140 | L34: 34339 | M34: 36210 | N34: 37779 | O34: 37841 | P34: 37413 | Q34: 36958 | R34: 36676 | S34: 36346 | T34: 37491 | U34: 42250 | V34: 42175 | W34: 40389 | X34: 37684 | Y34: 34350 | Z34: 30724 | AA34: =SUM(C34:Z34) -> 794954 | AB34: 5
B35: F | C35: 27107 | D35: 25466 | E35: 24334 | F35: 23543 | G35: 23291 | H35: 22963 | I35: 23402 | J35: 25551 | K35: 27988 | L35: 30128 | M35: 31646 | N35: 33139 | O35: 33976 | P35: 33697 | Q35: 33057 | R35: 32732 | S35: 32545 | T35: 33549 | U35: 38343 | V35: 38736 | W35: 37493 | X35: 35045 | Y35: 31410 | Z35: 27913 | AA35: =SUM(C35:Z35) -> 727054 | AB35: 6
A36: 46692 | B36: O | C36: 25189 | D36: 23816 | E36: 23055 | F36: 22698 | G36: 23226 | H36: 24710 | I36: 26473 | J36: 28996 | K36: 31444 | L36: 33338 | M36: 35366 | N36: 37309 | O36: 36547 | P36: 36568 | Q36: 37395 | R36: 37359 | S36: 37052 | T36: 37557 | U36: 41906 | V36: 41674 | W36: 39821 | X36: 36681 | Y36: 32172 | Z36: 28138 | AA36: =SUM(C36:Z36) -> 778490 | AB36: 20 | AC36: =+AA36*AB36+AA37*AB37+AA38*AB38 -> 22864092
B37: S | C37: 25865 | D37: 24406 | E37: 23515 | F37: 22946 | G37: 23046 | H37: 23334 | I37: 24605 | J37: 27531 | K37: 30626 | L37: 32783 | M37: 34508 | N37: 36094 | O37: 35947 | P37: 35277 | Q37: 35081 | R37: 34969 | S37: 34764 | T37: 36009 | U37: 40851 | V37: 40729 | W37: 38863 | X37: 36477 | Y37: 32947 | Z37: 29398 | AA37: =SUM(C37:Z37) -> 760571 | AB37: 4
B38: F | C38: 25970 | D38: 24407 | E38: 23348 | F38: 22572 | G38: 22468 | H38: 22191 | I38: 22719 | J38: 24957 | K38: 27399 | L38: 29496 | M38: 31022 | N38: 32572 | O38: 33339 | P38: 33035 | Q38: 32302 | R38: 31783 | S38: 31634 | T38: 32763 | U38: 37643 | V38: 38097 | W38: 36842 | X38: 34356 | Y38: 30637 | Z38: 27116 | AA38: =SUM(C38:Z38) -> 708668 | AB38: 6
A39: 46722 | B39: O | C39: 26986 | D39: 25353 | E39: 24410 | F39: 23925 | G39: 24259 | H39: 25322 | I39: 26507 | J39: 29626 | K39: 32539 | L39: 34692 | M39: 36656 | N39: 38648 | O39: 38268 | P39: 38237 | Q39: 38802 | R39: 38753 | S39: 38195 | T39: 37940 | U39: 42172 | V39: 42825 | W39: 41164 | X39: 38508 | Y39: 34433 | Z39: 30532 | AA39: =SUM(C39:Z39) -> 808752 | AB39: 22 | AC39: =+AA39*AB39+AA40*AB40+AA41*AB41 -> 24561468
B40: S | C40: 27244 | D40: 25598 | E40: 24658 | F40: 24036 | G40: 24069 | H40: 24669 | I40: 25394 | J40: 28311 | K40: 31285 | L40: 33359 | M40: 35025 | N40: 36415 | O40: 36413 | P40: 35893 | Q40: 35558 | R40: 35187 | S40: 34924 | T40: 35549 | U40: 40275 | V40: 40829 | W40: 39195 | X40: 36860 | Y40: 33526 | Z40: 30306 | AA40: =SUM(C40:Z40) -> 774578 | AB40: 3
B41: F | C41: 28146 | D41: 26431 | E41: 25233 | F41: 24383 | G41: 24050 | H41: 23929 | I41: 23890 | J41: 25824 | K41: 28228 | L41: 30340 | M41: 31922 | N41: 33407 | O41: 34207 | P41: 34165 | Q41: 33624 | R41: 33282 | S41: 33085 | T41: 33712 | U41: 38433 | V41: 39392 | W41: 38045 | X41: 35745 | Y41: 32381 | Z41: 29011 | AA41: =SUM(C41:Z41) -> 740865 | AB41: 6
A42: TOTAL AÑO | C42: =+SUM(C6:C41) -> 966016 | D42: =+SUM(D6:D41) -> 908611 | E42: =+SUM(E6:E41) -> 873997 | F42: =+SUM(F6:F41) -> 852604 | G42: =+SUM(G6:G41) -> 855256 | H42: =+SUM(H6:H41) -> 880102 | I42: =+SUM(I6:I41) -> 913384 | J42: =+SUM(J6:J41) -> 1004025 | ... AC42: =+SUM(AC6:AC41) -> 284847491

Sheet Cantidades Ofertadas Prod1
A1: CANTIDADES OFERTADAS PRODUCTO 1 AÑO 2027 MODALIDAD PAGUE LO CONTRATADO - kWh
A4: Periodo | B4: Tipo de día | C4: H01 | D4: H02 | E4: H03 | F4: H04 | G4: H05 | H4: H06 | I4: H07 | J4: H08 | K4: H09 | L4: H10 | M4: H11 | N4: H12 | O4: H13 | P4: H14 | Q4: H15 | R4: H16 | S4: H17 | T4: H18 | U4: H19 | V4: H20 | W4: H21 | X4: H22 | Y4: H23 | Z4: H24 | AA4: TOTAL DÍA | AB4: Días/ | AC4: TOTAL MES
AB5: mes
A6: 46388 | B6: O | C6: =ROUND('Anexo 5'!C6*Anexo1!$D$10,0) -> 0 | D6: =ROUND('Anexo 5'!D6*Anexo1!$D$10,0) -> 0 | E6: =ROUND('Anexo 5'!E6*Anexo1!$D$10,0) -> 0 | F6: =ROUND('Anexo 5'!F6*Anexo1!$D$10,0) -> 0 | G6: =ROUND('Anexo 5'!G6*Anexo1!$D$10,0) -> 0 | H6: =ROUND('Anexo 5'!H6*Anexo1!$D$10,0) -> 0 | I6: =ROUND('Anexo 5'!I6*Anexo1!$D$10,0) -> 0 | J6: =ROUND('Anexo 5'!J6*Anexo1!$D$10,0) -> 0 | ... Z6: =ROUND('Anexo 5'!Z6*Anexo1!$D$10,0) -> 0 | AA6: =SUM(C6:Z6) -> 0 | AB6: 19 | AC6: =+AA6*AB6+AA7*AB7+AA8*AB8 -> 0
B7: S | C7: =ROUND('Anexo 5'!C7*Anexo1!$D$10,0) -> 0 | D7: =ROUND('Anexo 5'!D7*Anexo1!$D$10,0) -> 0 | E7: =ROUND('Anexo 5'!E7*Anexo1!$D$10,0) -> 0 | F7: =ROUND('Anexo 5'!F7*Anexo1!$D$10,0) -> 0 | G7: =ROUND('Anexo 5'!G7*Anexo1!$D$10,0) -> 0 | H7: =ROUND('Anexo 5'!H7*Anexo1!$D$10,0) -> 0 | I7: =ROUND('Anexo 5'!I7*Anexo1!$D$10,0) -> 0 | J7: =ROUND('Anexo 5'!J7*Anexo1!$D$10,0) -> 0 | ... Z7: =ROUND('Anexo 5'!Z7*Anexo1!$D$10,0) -> 0 | AA7: =SUM(C7:Z7) -> 0 | AB7: 5
B8: F | C8: =ROUND('Anexo 5'!C8*Anexo1!$D$10,0) -> 0 | D8: =ROUND('Anexo 5'!D8*Anexo1!$D$10,0) -> 0 | E8: =ROUND('Anexo 5'!E8*Anexo1!$D$10,0) -> 0 | F8: =ROUND('Anexo 5'!F8*Anexo1!$D$10,0) -> 0 | G8: =ROUND('Anexo 5'!G8*Anexo1!$D$10,0) -> 0 | H8: =ROUND('Anexo 5'!H8*Anexo1!$D$10,0) -> 0 | I8: =ROUND('Anexo 5'!I8*Anexo1!$D$10,0) -> 0 | J8: =ROUND('Anexo 5'!J8*Anexo1!$D$10,0) -> 0 | ... Z8: =ROUND('Anexo 5'!Z8*Anexo1!$D$10,0) -> 0 | AA8: =SUM(C8:Z8) -> 0 | AB8: 7
A9: 46419 | B9: O | C9: =ROUND('Anexo 5'!C9*Anexo1!$D$10,0) -> 0 | D9: =ROUND('Anexo 5'!D9*Anexo1!$D$10,0) -> 0 | E9: =ROUND('Anexo 5'!E9*Anexo1!$D$10,0) -> 0 | F9: =ROUND('Anexo 5'!F9*Anexo1!$D$10,0) -> 0 | G9: =ROUND('Anexo 5'!G9*Anexo1!$D$10,0) -> 0 | H9: =ROUND('Anexo 5'!H9*Anexo1!$D$10,0) -> 0 | I9: =ROUND('Anexo 5'!I9*Anexo1!$D$10,0) -> 0 | J9: =ROUND('Anexo 5'!J9*Anexo1!$D$10,0) -> 0 | ... Z9: =ROUND('Anexo 5'!Z9*Anexo1!$D$10,0) -> 0 | AA9: =SUM(C9:Z9) -> 0 | AB9: 20 | AC9: =+AA9*AB9+AA10*AB10+AA11*AB11 -> 0
B10: S | C10: =ROUND('Anexo 5'!C10*Anexo1!$D$10,0) -> 0 | D10: =ROUND('Anexo 5'!D10*Anexo1!$D$10,0) -> 0 | E10: =ROUND('Anexo 5'!E10*Anexo1!$D$10,0) -> 0 | F10: =ROUND('Anexo 5'!F10*Anexo1!$D$10,0) -> 0 | G10: =ROUND('Anexo 5'!G10*Anexo1!$D$10,0) -> 0 | H10: =ROUND('Anexo 5'!H10*Anexo1!$D$10,0) -> 0 | I10: =ROUND('Anexo 5'!I10*Anexo1!$D$10,0) -> 0 | J10: =ROUND('Anexo 5'!J10*Anexo1!$D$10,0) -> 0 | ... Z10: =ROUND('Anexo 5'!Z10*Anexo1!$D$10,0) -> 0 | AA10: =SUM(C10:Z10) -> 0 | AB10: 4
B11: F | C11: =ROUND('Anexo 5'!C11*Anexo1!$D$10,0) -> 0 | D11: =ROUND('Anexo 5'!D11*Anexo1!$D$10,0) -> 0 | E11: =ROUND('Anexo 5'!E11*Anexo1!$D$10,0) -> 0 | F11: =ROUND('Anexo 5'!F11*Anexo1!$D$10,0) -> 0 | G11: =ROUND('Anexo 5'!G11*Anexo1!$D$10,0) -> 0 | H11: =ROUND('Anexo 5'!H11*Anexo1!$D$10,0) -> 0 | I11: =ROUND('Anexo 5'!I11*Anexo1!$D$10,0) -> 0 | J11: =ROUND('Anexo 5'!J11*Anexo1!$D$10,0) -> 0 | ... Z11: =ROUND('Anexo 5'!Z11*Anexo1!$D$10,0) -> 0 | AA11: =SUM(C11:Z11) -> 0 | AB11: 4
A12: 46447 | B12: O | C12: =ROUND('Anexo 5'!C12*Anexo1!$D$10,0) -> 0 | D12: =ROUND('Anexo 5'!D12*Anexo1!$D$10,0) -> 0 | E12: =ROUND('Anexo 5'!E12*Anexo1!$D$10,0) -> 0 | F12: =ROUND('Anexo 5'!F12*Anexo1!$D$10,0) -> 0 | G12: =ROUND('Anexo 5'!G12*Anexo1!$D$10,0) -> 0 | H12: =ROUND('Anexo 5'!H12*Anexo1!$D$10,0) -> 0 | I12: =ROUND('Anexo 5'!I12*Anexo1!$D$10,0) -> 0 | J12: =ROUND('Anexo 5'!J12*Anexo1!$D$10,0) -> 0 | ... Z12: =ROUND('Anexo 5'!Z12*Anexo1!$D$10,0) -> 0 | AA12: =SUM(C12:Z12) -> 0 | AB12: 20 | AC12: =+AA12*AB12+AA13*AB13+AA14*AB14 -> 0
B13: S | C13: =ROUND('Anexo 5'!C13*Anexo1!$D$10,0) -> 0 | D13: =ROUND('Anexo 5'!D13*Anexo1!$D$10,0) -> 0 | E13: =ROUND('Anexo 5'!E13*Anexo1!$D$10,0) -> 0 | F13: =ROUND('Anexo 5'!F13*Anexo1!$D$10,0) -> 0 | G13: =ROUND('Anexo 5'!G13*Anexo1!$D$10,0) -> 0 | H13: =ROUND('Anexo 5'!H13*Anexo1!$D$10,0) -> 0 | I13: =ROUND('Anexo 5'!I13*Anexo1!$D$10,0) -> 0 | J13: =ROUND('Anexo 5'!J13*Anexo1!$D$10,0) -> 0 | ... Z13: =ROUND('Anexo 5'!Z13*Anexo1!$D$10,0) -> 0 | AA13: =SUM(C13:Z13) -> 0 | AB13: 4
B14: F | C14: =ROUND('Anexo 5'!C14*Anexo1!$D$10,0) -> 0 | D14: =ROUND('Anexo 5'!D14*Anexo1!$D$10,0) -> 0 | E14: =ROUND('Anexo 5'!E14*Anexo1!$D$10,0) -> 0 | F14: =ROUND('Anexo 5'!F14*Anexo1!$D$10,0) -> 0 | G14: =ROUND('Anexo 5'!G14*Anexo1!$D$10,0) -> 0 | H14: =ROUND('Anexo 5'!H14*Anexo1!$D$10,0) -> 0 | I14: =ROUND('Anexo 5'!I14*Anexo1!$D$10,0) -> 0 | J14: =ROUND('Anexo 5'!J14*Anexo1!$D$10,0) -> 0 | ... Z14: =ROUND('Anexo 5'!Z14*Anexo1!$D$10,0) -> 0 | AA14: =SUM(C14:Z14) -> 0 | AB14: 7
A15: 46478 | B15: O | C15: =ROUND('Anexo 5'!C15*Anexo1!$D$10,0) -> 0 | D15: =ROUND('Anexo 5'!D15*Anexo1!$D$10,0) -> 0 | E15: =ROUND('Anexo 5'!E15*Anexo1!$D$10,0) -> 0 | F15: =ROUND('Anexo 5'!F15*Anexo1!$D$10,0) -> 0 | G15: =ROUND('Anexo 5'!G15*Anexo1!$D$10,0) -> 0 | H15: =ROUND('Anexo 5'!H15*Anexo1!$D$10,0) -> 0 | I15: =ROUND('Anexo 5'!I15*Anexo1!$D$10,0) -> 0 | J15: =ROUND('Anexo 5'!J15*Anexo1!$D$10,0) -> 0 | ... Z15: =ROUND('Anexo 5'!Z15*Anexo1!$D$10,0) -> 0 | AA15: =SUM(C15:Z15) -> 0 | AB15: 22 | AC15: =+AA15*AB15+AA16*AB16+AA17*AB17 -> 0
B16: S | C16: =ROUND('Anexo 5'!C16*Anexo1!$D$10,0) -> 0 | D16: =ROUND('Anexo 5'!D16*Anexo1!$D$10,0) -> 0 | E16: =ROUND('Anexo 5'!E16*Anexo1!$D$10,0) -> 0 | F16: =ROUND('Anexo 5'!F16*Anexo1!$D$10,0) -> 0 | G16: =ROUND('Anexo 5'!G16*Anexo1!$D$10,0) -> 0 | H16: =ROUND('Anexo 5'!H16*Anexo1!$D$10,0) -> 0 | I16: =ROUND('Anexo 5'!I16*Anexo1!$D$10,0) -> 0 | J16: =ROUND('Anexo 5'!J16*Anexo1!$D$10,0) -> 0 | ... Z16: =ROUND('Anexo 5'!Z16*Anexo1!$D$10,0) -> 0 | AA16: =SUM(C16:Z16) -> 0 | AB16: 4
B17: F | C17: =ROUND('Anexo 5'!C17*Anexo1!$D$10,0) -> 0 | D17: =ROUND('Anexo 5'!D17*Anexo1!$D$10,0) -> 0 | E17: =ROUND('Anexo 5'!E17*Anexo1!$D$10,0) -> 0 | F17: =ROUND('Anexo 5'!F17*Anexo1!$D$10,0) -> 0 | G17: =ROUND('Anexo 5'!G17*Anexo1!$D$10,0) -> 0 | H17: =ROUND('Anexo 5'!H17*Anexo1!$D$10,0) -> 0 | I17: =ROUND('Anexo 5'!I17*Anexo1!$D$10,0) -> 0 | J17: =ROUND('Anexo 5'!J17*Anexo1!$D$10,0) -> 0 | ... Z17: =ROUND('Anexo 5'!Z17*Anexo1!$D$10,0) -> 0 | AA17: =SUM(C17:Z17) -> 0 | AB17: 4
A18: 46508 | B18: O | C18: =ROUND('Anexo 5'!C18*Anexo1!$D$10,0) -> 0 | D18: =ROUND('Anexo 5'!D18*Anexo1!$D$10,0) -> 0 | E18: =ROUND('Anexo 5'!E18*Anexo1!$D$10,0) -> 0 | F18: =ROUND('Anexo 5'!F18*Anexo1!$D$10,0) -> 0 | G18: =ROUND('Anexo 5'!G18*Anexo1!$D$10,0) -> 0 | H18: =ROUND('Anexo 5'!H18*Anexo1!$D$10,0) -> 0 | I18: =ROUND('Anexo 5'!I18*Anexo1!$D$10,0) -> 0 | J18: =ROUND('Anexo 5'!J18*Anexo1!$D$10,0) -> 0 | ... Z18: =ROUND('Anexo 5'!Z18*Anexo1!$D$10,0) -> 0 | AA18: =SUM(C18:Z18) -> 0 | AB18: 19 | AC18: =+AA18*AB18+AA19*AB19+AA20*AB20 -> 0
B19: S | C19: =ROUND('Anexo 5'!C19*Anexo1!$D$10,0) -> 0 | D19: =ROUND('Anexo 5'!D19*Anexo1!$D$10,0) -> 0 | E19: =ROUND('Anexo 5'!E19*Anexo1!$D$10,0) -> 0 | F19: =ROUND('Anexo 5'!F19*Anexo1!$D$10,0) -> 0 | G19: =ROUND('Anexo 5'!G19*Anexo1!$D$10,0) -> 0 | H19: =ROUND('Anexo 5'!H19*Anexo1!$D$10,0) -> 0 | I19: =ROUND('Anexo 5'!I19*Anexo1!$D$10,0) -> 0 | J19: =ROUND('Anexo 5'!J19*Anexo1!$D$10,0) -> 0 | ... Z19: =ROUND('Anexo 5'!Z19*Anexo1!$D$10,0) -> 0 | AA19: =SUM(C19:Z19) -> 0 | AB19: 4
B20: F | C20: =ROUND('Anexo 5'!C20*Anexo1!$D$10,0) -> 0 | D20: =ROUND('Anexo 5'!D20*Anexo1!$D$10,0) -> 0 | E20: =ROUND('Anexo 5'!E20*Anexo1!$D$10,0) -> 0 | F20: =ROUND('Anexo 5'!F20*Anexo1!$D$10,0) -> 0 | G20: =ROUND('Anexo 5'!G20*Anexo1!$D$10,0) -> 0 | H20: =ROUND('Anexo 5'!H20*Anexo1!$D$10,0) -> 0 | I20: =ROUND('Anexo 5'!I20*Anexo1!$D$10,0) -> 0 | J20: =ROUND('Anexo 5'!J20*Anexo1!$D$10,0) -> 0 | ... Z20: =ROUND('Anexo 5'!Z20*Anexo1!$D$10,0) -> 0 | AA20: =SUM(C20:Z20) -> 0 | AB20: 8
A21: 46539 | B21: O | C21: =ROUND('Anexo 5'!C21*Anexo1!$D$10,0) -> 0 | D21: =ROUND('Anexo 5'!D21*Anexo1!$D$10,0) -> 0 | E21: =ROUND('Anexo 5'!E21*Anexo1!$D$10,0) -> 0 | F21: =ROUND('Anexo 5'!F21*Anexo1!$D$10,0) -> 0 | G21: =ROUND('Anexo 5'!G21*Anexo1!$D$10,0) -> 0 | H21: =ROUND('Anexo 5'!H21*Anexo1!$D$10,0) -> 0 | I21: =ROUND('Anexo 5'!I21*Anexo1!$D$10,0) -> 0 | J21: =ROUND('Anexo 5'!J21*Anexo1!$D$10,0) -> 0 | ... Z21: =ROUND('Anexo 5'!Z21*Anexo1!$D$10,0) -> 0 | AA21: =SUM(C21:Z21) -> 0 | AB21: 21 | AC21: =+AA21*AB21+AA22*AB22+AA23*AB23 -> 0
B22: S | C22: =ROUND('Anexo 5'!C22*Anexo1!$D$10,0) -> 0 | D22: =ROUND('Anexo 5'!D22*Anexo1!$D$10,0) -> 0 | E22: =ROUND('Anexo 5'!E22*Anexo1!$D$10,0) -> 0 | F22: =ROUND('Anexo 5'!F22*Anexo1!$D$10,0) -> 0 | G22: =ROUND('Anexo 5'!G22*Anexo1!$D$10,0) -> 0 | H22: =ROUND('Anexo 5'!H22*Anexo1!$D$10,0) -> 0 | I22: =ROUND('Anexo 5'!I22*Anexo1!$D$10,0) -> 0 | J22: =ROUND('Anexo 5'!J22*Anexo1!$D$10,0) -> 0 | ... Z22: =ROUND('Anexo 5'!Z22*Anexo1!$D$10,0) -> 0 | AA22: =SUM(C22:Z22) -> 0 | AB22: 4
B23: F | C23: =ROUND('Anexo 5'!C23*Anexo1!$D$10,0) -> 0 | D23: =ROUND('Anexo 5'!D23*Anexo1!$D$10,0) -> 0 | E23: =ROUND('Anexo 5'!E23*Anexo1!$D$10,0) -> 0 | F23: =ROUND('Anexo 5'!F23*Anexo1!$D$10,0) -> 0 | G23: =ROUND('Anexo 5'!G23*Anexo1!$D$10,0) -> 0 | H23: =ROUND('Anexo 5'!H23*Anexo1!$D$10,0) -> 0 | I23: =ROUND('Anexo 5'!I23*Anexo1!$D$10,0) -> 0 | J23: =ROUND('Anexo 5'!J23*Anexo1!$D$10,0) -> 0 | ... Z23: =ROUND('Anexo 5'!Z23*Anexo1!$D$10,0) -> 0 | AA23: =SUM(C23:Z23) -> 0 | AB23: 5
A24: 46569 | B24: O | C24: =ROUND('Anexo 5'!C24*Anexo1!$D$10,0) -> 0 | D24: =ROUND('Anexo 5'!D24*Anexo1!$D$10,0) -> 0 | E24: =ROUND('Anexo 5'!E24*Anexo1!$D$10,0) -> 0 | F24: =ROUND('Anexo 5'!F24*Anexo1!$D$10,0) -> 0 | G24: =ROUND('Anexo 5'!G24*Anexo1!$D$10,0) -> 0 | H24: =ROUND('Anexo 5'!H24*Anexo1!$D$10,0) -> 0 | I24: =ROUND('Anexo 5'!I24*Anexo1!$D$10,0) -> 0 | J24: =ROUND('Anexo 5'!J24*Anexo1!$D$10,0) -> 0 | ... Z24: =ROUND('Anexo 5'!Z24*Anexo1!$D$10,0) -> 0 | AA24: =SUM(C24:Z24) -> 0 | AB24: 20 | AC24: =+AA24*AB24+AA25*AB25+AA26*AB26 -> 0
B25: S | C25: =ROUND('Anexo 5'!C25*Anexo1!$D$10,0) -> 0 | D25: =ROUND('Anexo 5'!D25*Anexo1!$D$10,0) -> 0 | E25: =ROUND('Anexo 5'!E25*Anexo1!$D$10,0) -> 0 | F25: =ROUND('Anexo 5'!F25*Anexo1!$D$10,0) -> 0 | G25: =ROUND('Anexo 5'!G25*Anexo1!$D$10,0) -> 0 | H25: =ROUND('Anexo 5'!H25*Anexo1!$D$10,0) -> 0 | I25: =ROUND('Anexo 5'!I25*Anexo1!$D$10,0) -> 0 | J25: =ROUND('Anexo 5'!J25*Anexo1!$D$10,0) -> 0 | ... Z25: =ROUND('Anexo 5'!Z25*Anexo1!$D$10,0) -> 0 | AA25: =SUM(C25:Z25) -> 0 | AB25: 5
B26: F | C26: =ROUND('Anexo 5'!C26*Anexo1!$D$10,0) -> 0 | D26: =ROUND('Anexo 5'!D26*Anexo1!$D$10,0) -> 0 | E26: =ROUND('Anexo 5'!E26*Anexo1!$D$10,0) -> 0 | F26: =ROUND('Anexo 5'!F26*Anexo1!$D$10,0) -> 0 | G26: =ROUND('Anexo 5'!G26*Anexo1!$D$10,0) -> 0 | H26: =ROUND('Anexo 5'!H26*Anexo1!$D$10,0) -> 0 | I26: =ROUND('Anexo 5'!I26*Anexo1!$D$10,0) -> 0 | J26: =ROUND('Anexo 5'!J26*Anexo1!$D$10,0) -> 0 | ... Z26: =ROUND('Anexo 5'!Z26*Anexo1!$D$10,0) -> 0 | AA26: =SUM(C26:Z26) -> 0 | AB26: 6
A27: 46600 | B27: O | C27: =ROUND('Anexo 5'!C27*Anexo1!$D$10,0) -> 0 | D27: =ROUND('Anexo 5'!D27*Anexo1!$D$10,0) -> 0 | E27: =ROUND('Anexo 5'!E27*Anexo1!$D$10,0) -> 0 | F27: =ROUND('Anexo 5'!F27*Anexo1!$D$10,0) -> 0 | G27: =ROUND('Anexo 5'!G27*Anexo1!$D$10,0) -> 0 | H27: =ROUND('Anexo 5'!H27*Anexo1!$D$10,0) -> 0 | I27: =ROUND('Anexo 5'!I27*Anexo1!$D$10,0) -> 0 | J27: =ROUND('Anexo 5'!J27*Anexo1!$D$10,0) -> 0 | ... Z27: =ROUND('Anexo 5'!Z27*Anexo1!$D$10,0) -> 0 | AA27: =SUM(C27:Z27) -> 0 | AB27: 21 | AC27: =+AA27*AB27+AA28*AB28+AA29*AB29 -> 0
B28: S | C28: =ROUND('Anexo 5'!C28*Anexo1!$D$10,0) -> 0 | D28: =ROUND('Anexo 5'!D28*Anexo1!$D$10,0) -> 0 | E28: =ROUND('Anexo 5'!E28*Anexo1!$D$10,0) -> 0 | F28: =ROUND('Anexo 5'!F28*Anexo1!$D$10,0) -> 0 | G28: =ROUND('Anexo 5'!G28*Anexo1!$D$10,0) -> 0 | H28: =ROUND('Anexo 5'!H28*Anexo1!$D$10,0) -> 0 | I28: =ROUND('Anexo 5'!I28*Anexo1!$D$10,0) -> 0 | J28: =ROUND('Anexo 5'!J28*Anexo1!$D$10,0) -> 0 | ... Z28: =ROUND('Anexo 5'!Z28*Anexo1!$D$10,0) -> 0 | AA28: =SUM(C28:Z28) -> 0 | AB28: 3
B29: F | C29: =ROUND('Anexo 5'!C29*Anexo1!$D$10,0) -> 0 | D29: =ROUND('Anexo 5'!D29*Anexo1!$D$10,0) -> 0 | E29: =ROUND('Anexo 5'!E29*Anexo1!$D$10,0) -> 0 | F29: =ROUND('Anexo 5'!F29*Anexo1!$D$10,0) -> 0 | G29: =ROUND('Anexo 5'!G29*Anexo1!$D$10,0) -> 0 | H29: =ROUND('Anexo 5'!H29*Anexo1!$D$10,0) -> 0 | I29: =ROUND('Anexo 5'!I29*Anexo1!$D$10,0) -> 0 | J29: =ROUND('Anexo 5'!J29*Anexo1!$D$10,0) -> 0 | ... Z29: =ROUND('Anexo 5'!Z29*Anexo1!$D$10,0) -> 0 | AA29: =SUM(C29:Z29) -> 0 | AB29: 7
A30: 46631 | B30: O | C30: =ROUND('Anexo 5'!C30*Anexo1!$D$10,0) -> 0 | D30: =ROUND('Anexo 5'!D30*Anexo1!$D$10,0) -> 0 | E30: =ROUND('Anexo 5'!E30*Anexo1!$D$10,0) -> 0 | F30: =ROUND('Anexo 5'!F30*Anexo1!$D$10,0) -> 0 | G30: =ROUND('Anexo 5'!G30*Anexo1!$D$10,0) -> 0 | H30: =ROUND('Anexo 5'!H30*Anexo1!$D$10,0) -> 0 | I30: =ROUND('Anexo 5'!I30*Anexo1!$D$10,0) -> 0 | J30: =ROUND('Anexo 5'!J30*Anexo1!$D$10,0) -> 0 | ... Z30: =ROUND('Anexo 5'!Z30*Anexo1!$D$10,0) -> 0 | AA30: =SUM(C30:Z30) -> 0 | AB30: 22 | AC30: =+AA30*AB30+AA31*AB31+AA32*AB32 -> 0
B31: S | C31: =ROUND('Anexo 5'!C31*Anexo1!$D$10,0) -> 0 | D31: =ROUND('Anexo 5'!D31*Anexo1!$D$10,0) -> 0 | E31: =ROUND('Anexo 5'!E31*Anexo1!$D$10,0) -> 0 | F31: =ROUND('Anexo 5'!F31*Anexo1!$D$10,0) -> 0 | G31: =ROUND('Anexo 5'!G31*Anexo1!$D$10,0) -> 0 | H31: =ROUND('Anexo 5'!H31*Anexo1!$D$10,0) -> 0 | I31: =ROUND('Anexo 5'!I31*Anexo1!$D$10,0) -> 0 | J31: =ROUND('Anexo 5'!J31*Anexo1!$D$10,0) -> 0 | ... Z31: =ROUND('Anexo 5'!Z31*Anexo1!$D$10,0) -> 0 | AA31: =SUM(C31:Z31) -> 0 | AB31: 4
B32: F | C32: =ROUND('Anexo 5'!C32*Anexo1!$D$10,0) -> 0 | D32: =ROUND('Anexo 5'!D32*Anexo1!$D$10,0) -> 0 | E32: =ROUND('Anexo 5'!E32*Anexo1!$D$10,0) -> 0 | F32: =ROUND('Anexo 5'!F32*Anexo1!$D$10,0) -> 0 | G32: =ROUND('Anexo 5'!G32*Anexo1!$D$10,0) -> 0 | H32: =ROUND('Anexo 5'!H32*Anexo1!$D$10,0) -> 0 | I32: =ROUND('Anexo 5'!I32*Anexo1!$D$10,0) -> 0 | J32: =ROUND('Anexo 5'!J32*Anexo1!$D$10,0) -> 0 | ... Z32: =ROUND('Anexo 5'!Z32*Anexo1!$D$10,0) -> 0 | AA32: =SUM(C32:Z32) -> 0 | AB32: 4
A33: 46661 | B33: O | C33: =ROUND('Anexo 5'!C33*Anexo1!$D$10,0) -> 0 | D33: =ROUND('Anexo 5'!D33*Anexo1!$D$10,0) -> 0 | E33: =ROUND('Anexo 5'!E33*Anexo1!$D$10,0) -> 0 | F33: =ROUND('Anexo 5'!F33*Anexo1!$D$10,0) -> 0 | G33: =ROUND('Anexo 5'!G33*Anexo1!$D$10,0) -> 0 | H33: =ROUND('Anexo 5'!H33*Anexo1!$D$10,0) -> 0 | I33: =ROUND('Anexo 5'!I33*Anexo1!$D$10,0) -> 0 | J33: =ROUND('Anexo 5'!J33*Anexo1!$D$10,0) -> 0 | ... Z33: =ROUND('Anexo 5'!Z33*Anexo1!$D$10,0) -> 0 | AA33: =SUM(C33:Z33) -> 0 | AB33: 20 | AC33: =+AA33*AB33+AA34*AB34+AA35*AB35 -> 0
B34: S | C34: =ROUND('Anexo 5'!C34*Anexo1!$D$10,0) -> 0 | D34: =ROUND('Anexo 5'!D34*Anexo1!$D$10,0) -> 0 | E34: =ROUND('Anexo 5'!E34*Anexo1!$D$10,0) -> 0 | F34: =ROUND('Anexo 5'!F34*Anexo1!$D$10,0) -> 0 | G34: =ROUND('Anexo 5'!G34*Anexo1!$D$10,0) -> 0 | H34: =ROUND('Anexo 5'!H34*Anexo1!$D$10,0) -> 0 | I34: =ROUND('Anexo 5'!I34*Anexo1!$D$10,0) -> 0 | J34: =ROUND('Anexo 5'!J34*Anexo1!$D$10,0) -> 0 | ... Z34: =ROUND('Anexo 5'!Z34*Anexo1!$D$10,0) -> 0 | AA34: =SUM(C34:Z34) -> 0 | AB34: 5
B35: F | C35: =ROUND('Anexo 5'!C35*Anexo1!$D$10,0) -> 0 | D35: =ROUND('Anexo 5'!D35*Anexo1!$D$10,0) -> 0 | E35: =ROUND('Anexo 5'!E35*Anexo1!$D$10,0) -> 0 | F35: =ROUND('Anexo 5'!F35*Anexo1!$D$10,0) -> 0 | G35: =ROUND('Anexo 5'!G35*Anexo1!$D$10,0) -> 0 | H35: =ROUND('Anexo 5'!H35*Anexo1!$D$10,0) -> 0 | I35: =ROUND('Anexo 5'!I35*Anexo1!$D$10,0) -> 0 | J35: =ROUND('Anexo 5'!J35*Anexo1!$D$10,0) -> 0 | ... Z35: =ROUND('Anexo 5'!Z35*Anexo1!$D$10,0) -> 0 | AA35: =SUM(C35:Z35) -> 0 | AB35: 6
A36: 46692 | B36: O | C36: =ROUND('Anexo 5'!C36*Anexo1!$D$10,0) -> 0 | D36: =ROUND('Anexo 5'!D36*Anexo1!$D$10,0) -> 0 | E36: =ROUND('Anexo 5'!E36*Anexo1!$D$10,0) -> 0 | F36: =ROUND('Anexo 5'!F36*Anexo1!$D$10,0) -> 0 | G36: =ROUND('Anexo 5'!G36*Anexo1!$D$10,0) -> 0 | H36: =ROUND('Anexo 5'!H36*Anexo1!$D$10,0) -> 0 | I36: =ROUND('Anexo 5'!I36*Anexo1!$D$10,0) -> 0 | J36: =ROUND('Anexo 5'!J36*Anexo1!$D$10,0) -> 0 | ... Z36: =ROUND('Anexo 5'!Z36*Anexo1!$D$10,0) -> 0 | AA36: =SUM(C36:Z36) -> 0 | AB36: 20 | AC36: =+AA36*AB36+AA37*AB37+AA38*AB38 -> 0
B37: S | C37: =ROUND('Anexo 5'!C37*Anexo1!$D$10,0) -> 0 | D37: =ROUND('Anexo 5'!D37*Anexo1!$D$10,0) -> 0 | E37: =ROUND('Anexo 5'!E37*Anexo1!$D$10,0) -> 0 | F37: =ROUND('Anexo 5'!F37*Anexo1!$D$10,0) -> 0 | G37: =ROUND('Anexo 5'!G37*Anexo1!$D$10,0) -> 0 | H37: =ROUND('Anexo 5'!H37*Anexo1!$D$10,0) -> 0 | I37: =ROUND('Anexo 5'!I37*Anexo1!$D$10,0) -> 0 | J37: =ROUND('Anexo 5'!J37*Anexo1!$D$10,0) -> 0 | ... Z37: =ROUND('Anexo 5'!Z37*Anexo1!$D$10,0) -> 0 | AA37: =SUM(C37:Z37) -> 0 | AB37: 4
B38: F | C38: =ROUND('Anexo 5'!C38*Anexo1!$D$10,0) -> 0 | D38: =ROUND('Anexo 5'!D38*Anexo1!$D$10,0) -> 0 | E38: =ROUND('Anexo 5'!E38*Anexo1!$D$10,0) -> 0 | F38: =ROUND('Anexo 5'!F38*Anexo1!$D$10,0) -> 0 | G38: =ROUND('Anexo 5'!G38*Anexo1!$D$10,0) -> 0 | H38: =ROUND('Anexo 5'!H38*Anexo1!$D$10,0) -> 0 | I38: =ROUND('Anexo 5'!I38*Anexo1!$D$10,0) -> 0 | J38: =ROUND('Anexo 5'!J38*Anexo1!$D$10,0) -> 0 | ... Z38: =ROUND('Anexo 5'!Z38*Anexo1!$D$10,0) -> 0 | AA38: =SUM(C38:Z38) -> 0 | AB38: 6
A39: 46722 | B39: O | C39: =ROUND('Anexo 5'!C39*Anexo1!$D$10,0) -> 0 | D39: =ROUND('Anexo 5'!D39*Anexo1!$D$10,0) -> 0 | E39: =ROUND('Anexo 5'!E39*Anexo1!$D$10,0) -> 0 | F39: =ROUND('Anexo 5'!F39*Anexo1!$D$10,0) -> 0 | G39: =ROUND('Anexo 5'!G39*Anexo1!$D$10,0) -> 0 | H39: =ROUND('Anexo 5'!H39*Anexo1!$D$10,0) -> 0 | I39: =ROUND('Anexo 5'!I39*Anexo1!$D$10,0) -> 0 | J39: =ROUND('Anexo 5'!J39*Anexo1!$D$10,0) -> 0 | ... Z39: =ROUND('Anexo 5'!Z39*Anexo1!$D$10,0) -> 0 | AA39: =SUM(C39:Z39) -> 0 | AB39: 22 | AC39: =+AA39*AB39+AA40*AB40+AA41*AB41 -> 0
B40: S | C40: =ROUND('Anexo 5'!C40*Anexo1!$D$10,0) -> 0 | D40: =ROUND('Anexo 5'!D40*Anexo1!$D$10,0) -> 0 | E40: =ROUND('Anexo 5'!E40*Anexo1!$D$10,0) -> 0 | F40: =ROUND('Anexo 5'!F40*Anexo1!$D$10,0) -> 0 | G40: =ROUND('Anexo 5'!G40*Anexo1!$D$10,0) -> 0 | H40: =ROUND('Anexo 5'!H40*Anexo1!$D$10,0) -> 0 | I40: =ROUND('Anexo 5'!I40*Anexo1!$D$10,0) -> 0 | J40: =ROUND('Anexo 5'!J40*Anexo1!$D$10,0) -> 0 | ... Z40: =ROUND('Anexo 5'!Z40*Anexo1!$D$10,0) -> 0 | AA40: =SUM(C40:Z40) -> 0 | AB40: 3
B41: F | C41: =ROUND('Anexo 5'!C41*Anexo1!$D$10,0) -> 0 | D41: =ROUND('Anexo 5'!D41*Anexo1!$D$10,0) -> 0 | E41: =ROUND('Anexo 5'!E41*Anexo1!$D$10,0) -> 0 | F41: =ROUND('Anexo 5'!F41*Anexo1!$D$10,0) -> 0 | G41: =ROUND('Anexo 5'!G41*Anexo1!$D$10,0) -> 0 | H41: =ROUND('Anexo 5'!H41*Anexo1!$D$10,0) -> 0 | I41: =ROUND('Anexo 5'!I41*Anexo1!$D$10,0) -> 0 | J41: =ROUND('Anexo 5'!J41*Anexo1!$D$10,0) -> 0 | ... Z41: =ROUND('Anexo 5'!Z41*Anexo1!$D$10,0) -> 0 | AA41: =SUM(C41:Z41) -> 0 | AB41: 6
A42: TOTAL AÑO | C42: =+SUM(C6:C41) -> 0 | D42: =+SUM(D6:D41) -> 0 | E42: =+SUM(E6:E41) -> 0 | F42: =+SUM(F6:F41) -> 0 | G42: =+SUM(G6:G41) -> 0 | H42: =+SUM(H6:H41) -> 0 | I42: =+SUM(I6:I41) -> 0 | J42: =+SUM(J6:J41) -> 0 | ... AC42: =+SUM(AC6:AC41) -> 0

Sheet Anexo 2
B3: ANEXO No 2 - PRODUCTO No. 2 - CURVA
B4: PAGUE LO CONTRATADO AÑO 2028
B5: PRECIO OFERTADO EN $ / kWh DE FEBRERO DE 2026
B8: MES | C8: ENERGIA SOLICITADA kWh/MES | D8: % OFERTADO ANUAL | E8: ENERGIA OFERTADA kWh/MES | F8: PRECIO OFERTADO ANUAL $/kWh
B10: 46753 | C10: =+'Anexo 6'!AC6 -> 13414677 | E10: =+'Cantidades Ofertadas Prod 2'!AC6 -> 0
B11: 46784 | C11: =+'Anexo 6'!AC9 -> 12831352 | E11: =+'Cantidades Ofertadas Prod 2'!AC9 -> 0
B12: 46813 | C12: =+'Anexo 6'!AC12 -> 13373254 | E12: =+'Cantidades Ofertadas Prod 2'!AC12 -> 0
B13: 46844 | C13: =+'Anexo 6'!AC15 -> 12575484 | E13: =+'Cantidades Ofertadas Prod 2'!AC15 -> 0
B14: 46874 | C14: =+'Anexo 6'!AC18 -> 13125208 | E14: =+'Cantidades Ofertadas Prod 2'!AC18 -> 0
B15: 46905 | C15: =+'Anexo 6'!AC21 -> 12693374 | E15: =+'Cantidades Ofertadas Prod 2'!AC21 -> 0
B16: 46935 | C16: =+'Anexo 6'!AC24 -> 13399715 | E16: =+'Cantidades Ofertadas Prod 2'!AC24 -> 0
B17: 46966 | C17: =+'Anexo 6'!AC27 -> 13691680 | E17: =+'Cantidades Ofertadas Prod 2'!AC27 -> 0
B18: 46997 | C18: =+'Anexo 6'!AC30 -> 13450812 | E18: =+'Cantidades Ofertadas Prod 2'!AC30 -> 0
B19: 47027 | C19: =+'Anexo 6'!AC33 -> 13286149 | E19: =+'Cantidades Ofertadas Prod 2'!AC33 -> 0
B20: 47058 | C20: =+'Anexo 6'!AC36 -> 12653604 | E20: =+'Cantidades Ofertadas Prod 2'!AC36 -> 0
B21: 47088 | C21: =+'Anexo 6'!AC39 -> 13517547 | E21: =+'Cantidades Ofertadas Prod 2'!AC39 -> 0
B22: TOTAL | C22: =+SUM(C10:C21) -> 158012856 | E22: =SUM(E10:E21) -> 0 | F22: =+F10 -> 0
B23: *Solo se debe ingresar valores en las celdas en color Naranja
B24: * Se debe ofertar un unico % para todos los meses del año.
B25: * Los % ofertados se aplicaran a las curvas de carga de la hoja "Anexo 6".
B26: * La energia ofertada se calcula de manera automatica en la hoja "Cantidades Ofertadas Prod2"
B27: * Se debe ofertar un unico precio por producto.
B28: * Para ofertas planas se debe diligenciar el anexo 2A, con un tope horario de 10.000 kWh
B32: ____________________________________________
B33: Firma del Representante Legal
B34: o Apoderado General (Responsable del negocio)

Sheet Anexo 2A
B3: ANEXO No 2A - PRODUCTO No. 2 - OFERTA PLANA
B4: PAGUE LO CONTRATADO AÑO 2028
B5: PRECIO OFERTADO EN $ / kWh DE FEBRERO DE 2026
B8: MES | C8: ENERGIA MAXIMA A OFERTAR kWh/MES | D8: kWh OFERTADO | E8: ENERGIA OFERTADA kWh/MES | F8: PRECIO OFERTADO ANUAL $/kWh
A9: 10000
A10: 31 | B10: 46753 | C10: =+$A$9*A10*24 -> 7440000 | E10: =+$D$10*A10*24 -> 0
A11: 29 | B11: 46784 | C11: =+$A$9*A11*24 -> 6960000 | E11: =+$D$10*A11*24 -> 0
A12: 31 | B12: 46813 | C12: =+$A$9*A12*24 -> 7440000 | E12: =+$D$10*A12*24 -> 0
A13: 30 | B13: 46844 | C13: =+$A$9*A13*24 -> 7200000 | E13: =+$D$10*A13*24 -> 0
A14: 31 | B14: 46874 | C14: =+$A$9*A14*24 -> 7440000 | E14: =+$D$10*A14*24 -> 0
A15: 30 | B15: 46905 | C15: =+$A$9*A15*24 -> 7200000 | E15: =+$D$10*A15*24 -> 0
A16: 31 | B16: 46935 | C16: =+$A$9*A16*24 -> 7440000 | E16: =+$D$10*A16*24 -> 0
A17: 31 | B17: 46966 | C17: =+$A$9*A17*24 -> 7440000 | E17: =+$D$10*A17*24 -> 0
A18: 30 | B18: 46997 | C18: =+$A$9*A18*24 -> 7200000 | E18: =+$D$10*A18*24 -> 0
A19: 31 | B19: 47027 | C19: =+$A$9*A19*24 -> 7440000 | E19: =+$D$10*A19*24 -> 0
A20: 30 | B20: 47058 | C20: =+$A$9*A20*24 -> 7200000 | E20: =+$D$10*A20*24 -> 0
A21: 31 | B21: 47088 | C21: =+$A$9*A21*24 -> 7440000 | E21: =+$D$10*A21*24 -> 0
B22: TOTAL | C22: =+SUM(C10:C21) -> 87840000 | E22: =SUM(E10:E21) -> 0 | F22: =+F10 -> 0
B23: *Solo se debe ingresar valores en las celdas en color Naranja
B24: * Se debe oferta un valor de kWh el cual se aplica para todas las horas del año, con un tope horario de 10.000 kWh
B25: * Se debe ofertar un unico precio por producto.
B26: * A las ofertas planas al momento de la evaluación se le adicionarán 5 $/kWh al precio ofertado; con el fin de hacerlas comparables con las Ofertas que siguen la curva
B29: ____________________________________________
B30: Firma del Representante Legal
B31: o Apoderado General (Responsable del negocio)

Sheet Anexo 6
A1: CURVAS REQUERIDAS PRODUCTO 2 AÑO 2028 MODALIDAD PAGUE LO CONTRATADO - kWh
A4: Periodo | B4: Tipo de día | C4: H01 | D4: H02 | E4: H03 | F4: H04 | G4: H05 | H4: H06 | I4: H07 | J4: H08 | K4: H09 | L4: H10 | M4: H11 | N4: H12 | O4: H13 | P4: H14 | Q4: H15 | R4: H16 | S4: H17 | T4: H18 | U4: H19 | V4: H20 | W4: H21 | X4: H22 | Y4: H23 | Z4: H24 | AA4: TOTAL DÍA | AB4: Días/ | AC4: TOTAL MES
AB5: mes
A6: 46753 | B6: O | C6: 14603 | D6: 13759 | E6: 13251 | F6: 12988 | G6: 13170 | H6: 13954 | I6: 14700 | J6: 16096 | K6: 17667 | L6: 18857 | M6: 20068 | N6: 21211 | O6: 21017 | P6: 21042 | Q6: 21393 | R6: 21460 | S6: 21214 | T6: 20755 | U6: 22280 | V6: 23550 | W6: 22696 | X6: 21198 | Y6: 18791 | Z6: 16360 | AA6: =SUM(C6:Z6) -> 442080 | AB6: 20 | AC6: =+AA6*AB6+AA7*AB7+AA8*AB8 -> 13414677
B7: S | C7: 14955 | D7: 14002 | E7: 13420 | F7: 13053 | G7: 13065 | H7: 13504 | I7: 14016 | J7: 15435 | K7: 17191 | L7: 18516 | M7: 19508 | N7: 20490 | O7: 20596 | P7: 20394 | Q7: 20172 | R7: 20064 | S7: 19913 | T7: 19894 | U7: 21806 | V7: 23168 | W7: 22237 | X7: 20848 | Y7: 18878 | Z7: 16904 | AA7: =SUM(C7:Z7) -> 432029 | AB7: 4
B8: F | C8: 15677 | D8: 14648 | E8: 13965 | F8: 13483 | G8: 13247 | H8: 13340 | I8: 13209 | J8: 13989 | K8: 15325 | L8: 16502 | M8: 17370 | N8: 18275 | O8: 18810 | P8: 18747 | Q8: 18406 | R8: 18210 | S8: 18111 | T8: 18210 | U8: 20295 | V8: 21785 | W8: 21177 | X8: 19879 | Y8: 17877 | Z8: 15886 | AA8: =SUM(C8:Z8) -> 406423 | AB8: 7
A9: 46784 | B9: O | C9: 14688 | D9: 13876 | E9: 13409 | F9: 13179 | G9: 13445 | H9: 14663 | I9: 15632 | J9: 16686 | K9: 18083 | L9: 19130 | M9: 20274 | N9: 21334 | O9: 20908 | P9: 21070 | Q9: 21563 | R9: 21651 | S9: 21410 | T9: 20851 | U9: 22015 | V9: 23682 | W9: 22861 | X9: 21292 | Y9: 18818 | Z9: 16356 | AA9: =SUM(C9:Z9) -> 446876 | AB9: 21 | AC9: =+AA9*AB9+AA10*AB10+AA11*AB11 -> 12831352
B10: S | C10: 15232 | D10: 14331 | E10: 13752 | F10: 13420 | G10: 13459 | H10: 13931 | I10: 14686 | J10: 16105 | K10: 17928 | L10: 19198 | M10: 20208 | N10: 21188 | O10: 21215 | P10: 20943 | Q10: 20710 | R10: 20583 | S10: 20408 | T10: 20344 | U10: 21891 | V10: 23567 | W10: 22644 | X10: 21333 | Y10: 19458 | Z10: 17375 | AA10: =SUM(C10:Z10) -> 443909 | AB10: 4
B11: F | C11: 15820 | D11: 14798 | E11: 14175 | F11: 13707 | G11: 13558 | H11: 13698 | I11: 13810 | J11: 14725 | K11: 16190 | L11: 17389 | M11: 18184 | N11: 19043 | O11: 19524 | P11: 19367 | Q11: 18984 | R11: 18751 | S11: 18634 | T11: 18733 | U11: 20396 | V11: 22248 | W11: 21682 | X11: 20337 | Y11: 18128 | Z11: 15949 | AA11: =SUM(C11:Z11) -> 417830 | AB11: 4
A12: 46813 | B12: O | C12: 14376 | D12: 13598 | E12: 13168 | F12: 12952 | G12: 13238 | H12: 14432 | I12: 15269 | J12: 16434 | K12: 17776 | L12: 18781 | M12: 19852 | N12: 20818 | O12: 20433 | P12: 20519 | Q12: 20942 | R12: 21011 | S12: 20827 | T12: 20433 | U12: 21886 | V12: 23308 | W12: 22461 | X12: 20867 | Y12: 18442 | Z12: 16048 | AA12: =SUM(C12:Z12) -> 437871 | AB12: 22 | AC12: =+AA12*AB12+AA13*AB13+AA14*AB14 -> 13373254
B13: S | C13: 14829 | D13: 13931 | E13: 13453 | F13: 13181 | G13: 13197 | H13: 13698 | I13: 14135 | J13: 15691 | K13: 17383 | L13: 18609 | M13: 19583 | N13: 20395 | O13: 20379 | P13: 20089 | Q13: 19873 | R13: 19710 | S13: 19498 | T13: 19513 | U13: 21278 | V13: 22619 | W13: 21743 | X13: 20489 | Y13: 18623 | Z13: 16739 | AA13: =SUM(C13:Z13) -> 428638 | AB13: 4
B14: F | C14: 15282 | D14: 14294 | E14: 13713 | F14: 13318 | G14: 13155 | H14: 13349 | I14: 13300 | J14: 14289 | K14: 15635 | L14: 16720 | M14: 17477 | N14: 18337 | O14: 18849 | P14: 18706 | Q14: 18313 | R14: 18138 | S14: 18024 | T14: 18165 | U14: 20071 | V14: 21651 | W14: 21041 | X14: 19780 | Y14: 17728 | Z14: 15773 | AA14: =SUM(C14:Z14) -> 405108 | AB14: 5
A15: 46844 | B15: O | C15: 14045 | D15: 13300 | E15: 12852 | F15: 12644 | G15: 12907 | H15: 13870 | I15: 14579 | J15: 15863 | K15: 17205 | L15: 18256 | M15: 19365 | N15: 20370 | O15: 20011 | P15: 20103 | Q15: 20501 | R15: 20542 | S15: 20335 | T15: 20034 | U15: 21783 | V15: 22823 | W15: 22020 | X15: 20410 | Y15: 17974 | Z15: 15643 | AA15: =SUM(C15:Z15) -> 427435 | AB15: 18 | AC15: =+AA15*AB15+AA16*AB16+AA17*AB17 -> 12575484
B16: S | C16: 14344 | D16: 13494 | E16: 12948 | F16: 12625 | G16: 12685 | H16: 13049 | I16: 13507 | J16: 15132 | K16: 16798 | L16: 18062 | M16: 18975 | N16: 20012 | O16: 20075 | P16: 19834 | Q16: 19614 | R16: 19463 | S16: 19408 | T16: 19501 | U16: 21490 | V16: 22590 | W16: 21665 | X16: 20324 | Y16: 18434 | Z16: 16506 | AA16: =SUM(C16:Z16) -> 420535 | AB16: 5
B17: F | C17: 14948 | D17: 13994 | E17: 13378 | F17: 12958 | G17: 12796 | H17: 12774 | I17: 12873 | J17: 13989 | K17: 15294 | L17: 16439 | M17: 17254 | N17: 18085 | O17: 18568 | P17: 18434 | Q17: 18017 | R17: 17821 | S17: 17708 | T17: 17868 | U17: 19992 | V17: 21264 | W17: 20598 | X17: 19300 | Y17: 17313 | Z17: 15332 | AA17: =SUM(C17:Z17) -> 396997 | AB17: 7
A18: 46874 | B18: O | C18: 14065 | D18: 13295 | E18: 12867 | F18: 12652 | G18: 12906 | H18: 13731 | I18: 14594 | J18: 15943 | K18: 17321 | L18: 18404 | M18: 19492 | N18: 20526 | O18: 20213 | P18: 20209 | Q18: 20521 | R18: 20558 | S18: 20348 | T18: 20102 | U18: 21928 | V18: 22963 | W18: 22065 | X18: 20450 | Y18: 17975 | Z18: 15682 | AA18: =SUM(C18:Z18) -> 428810 | AB18: 21 | AC18: =+AA18*AB18+AA19*AB19+AA20*AB20 -> 13125208
B19: S | C19: 14586 | D19: 13743 | E19: 13233 | F19: 12933 | G19: 12985 | H19: 13197 | I19: 13889 | J19: 15522 | K19: 17226 | L19: 18543 | M19: 19445 | N19: 20268 | O19: 20271 | P19: 19948 | Q19: 19620 | R19: 19422 | S19: 19278 | T19: 19456 | U19: 21618 | V19: 22494 | W19: 21603 | X19: 20236 | Y19: 18335 | Z19: 16440 | AA19: =SUM(C19:Z19) -> 424291 | AB19: 4
B20: F | C20: 14841 | D20: 13919 | E20: 13346 | F20: 12965 | G20: 12848 | H20: 12703 | I20: 12964 | J20: 14206 | K20: 15588 | L20: 16815 | M20: 17654 | N20: 18530 | O20: 18915 | P20: 18838 | Q20: 18381 | R20: 18894 | S20: 18059 | T20: 18258 | U20: 20454 | V20: 21730 | W20: 21044 | X20: 19665 | Y20: 17621 | Z20: 15601 | AA20: =SUM(C20:Z20) -> 403839 | AB20: 6
A21: 46905 | B21: O | C21: 13900 | D21: 13113 | E21: 12720 | F21: 12509 | G21: 12742 | H21: 13451 | I21: 14386 | J21: 15809 | K21: 17247 | L21: 18319 | M21: 19439 | N21: 20485 | O21: 20148 | P21: 20125 | Q21: 20510 | R21: 20531 | S21: 20322 | T21: 20007 | U21: 21463 | V21: 22822 | W21: 21971 | X21: 20371 | Y21: 17859 | Z21: 15531 | AA21: =SUM(C21:Z21) -> 425780 | AB21: 20 | AC21: =+AA21*AB21+AA22*AB22+AA23*AB23 -> 12693374
B22: S | C22: 14571 | D22: 13664 | E22: 13144 | F22: 12850 | G22: 12876 | H22: 13085 | I22: 13769 | J22: 15384 | K22: 17206 | L22: 18457 | M22: 19434 | N22: 20281 | O22: 20336 | P22: 20128 | Q22: 19913 | R22: 19876 | S22: 19728 | T22: 19876 | U22: 21731 | V22: 22922 | W22: 21982 | X22: 20640 | Y22: 18652 | Z22: 16630 | AA22: =SUM(C22:Z22) -> 427135 | AB22: 4
B23: F | C23: 15165 | D23: 14198 | E23: 13637 | F23: 13254 | G23: 13164 | H23: 13149 | I23: 13324 | J23: 14618 | K23: 16057 | L23: 17168 | M23: 18082 | N23: 18966 | O23: 19281 | P23: 19148 | Q23: 18777 | R23: 18603 | S23: 18508 | T23: 18659 | U23: 20541 | V23: 22052 | W23: 21402 | X23: 20005 | Y23: 17906 | Z23: 15875 | AA23: =SUM(C23:Z23) -> 411539 | AB23: 6
A24: 46935 | B24: O | C24: 14553 | D24: 13725 | E24: 13247 | F24: 12987 | G24: 13209 | H24: 13914 | I24: 14673 | J24: 16262 | K24: 17806 | L24: 19016 | M24: 20188 | N24: 21227 | O24: 20859 | P24: 20904 | Q24: 21287 | R24: 21330 | S24: 21028 | T24: 20502 | U24: 21706 | V24: 23321 | W24: 22566 | X24: 21045 | Y24: 18536 | Z24: 16227 | AA24: =SUM(C24:Z24) -> 440118 | AB24: 19 | AC24: =+AA24*AB24+AA25*AB25+AA26*AB26 -> 13399715
B25: S | C25: 14585 | D25: 13635 | E25: 13151 | F25: 12827 | G25: 12858 | H25: 13128 | I25: 13781 | J25: 15704 | K25: 17535 | L25: 18789 | M25: 19774 | N25: 20607 | O25: 20569 | P25: 20247 | Q25: 19954 | R25: 19802 | S25: 19626 | T25: 19685 | U25: 21155 | V25: 22710 | W25: 21842 | X25: 20602 | Y25: 18658 | Z25: 16735 | AA25: =SUM(C25:Z25) -> 427959 | AB25: 5
B26: F | C26: 15478 | D26: 14528 | E26: 13900 | F26: 13490 | G26: 13362 | H26: 13367 | I26: 13454 | J26: 14677 | K26: 16145 | L26: 17362 | M26: 18247 | N26: 19069 | O26: 19476 | P26: 19262 | Q26: 18836 | R26: 18610 | S26: 18435 | T26: 18516 | U26: 20075 | V26: 21992 | W26: 21431 | X26: 20141 | Y26: 18045 | Z26: 16056 | AA26: =SUM(C26:Z26) -> 413954 | AB26: 7
A27: 46966 | B27: O | C27: 14724 | D27: 13939 | E27: 13506 | F27: 13250 | G27: 13482 | H27: 14417 | I27: 15249 | J27: 16664 | K27: 18144 | L27: 19277 | M27: 20477 | N27: 21529 | O27: 21159 | P27: 21326 | Q27: 21759 | R27: 21794 | S27: 21480 | T27: 20937 | U27: 22402 | V27: 23759 | W27: 22930 | X27: 21327 | Y27: 18786 | Z27: 16493 | AA27: =SUM(C27:Z27) -> 448810 | AB27: 21 | AC27: =+AA27*AB27+AA28*AB28+AA29*AB29 -> 13691680
B28: S | C28: 15326 | D28: 14475 | E28: 13943 | F28: 13544 | G28: 13514 | H28: 13889 | I28: 14334 | J28: 16149 | K28: 17983 | L28: 19241 | M28: 20343 | N28: 21177 | O28: 21183 | P28: 20955 | Q28: 20736 | R28: 20610 | S28: 20334 | T28: 20296 | U28: 22110 | V28: 23308 | W28: 22426 | X28: 21145 | Y28: 19279 | Z28: 17272 | AA28: =SUM(C28:Z28) -> 443572 | AB28: 4
B29: F | C29: 15612 | D29: 14644 | E29: 14006 | F29: 13599 | G29: 13467 | H29: 13512 | I29: 13510 | J29: 14783 | K29: 16220 | L29: 17405 | M29: 18244 | N29: 19113 | O29: 19562 | P29: 19387 | Q29: 18911 | R29: 18592 | S29: 18472 | T29: 18523 | U29: 20405 | V29: 22040 | W29: 21386 | X29: 20044 | Y29: 17998 | Z29: 15962 | AA29: =SUM(C29:Z29) -> 415397 | AB29: 6
A30: 46997 | B30: O | C30: 14987 | D30: 14162 | E30: 13646 | F30: 13420 | G30: 13638 | H30: 14532 | I30: 15393 | J30: 16853 | K30: 18320 | L30: 19539 | M30: 20749 | N30: 21859 | O30: 21478 | P30: 21633 | Q30: 22139 | R30: 22265 | S30: 21945 | T30: 21495 | U30: 23507 | V30: 24050 | W30: 23146 | X30: 21515 | Y30: 18922 | Z30: 16634 | AA30: =SUM(C30:Z30) -> 455827 | AB30: 21 | AC30: =+AA30*AB30+AA31*AB31+AA32*AB32 -> 13450812
B31: S | C31: 15387 | D31: 14405 | E31: 13874 | F31: 13582 | G31: 13594 | H31: 13720 | I31: 14407 | J31: 16363 | K31: 18227 | L31: 19557 | M31: 20609 | N31: 21452 | O31: 21400 | P31: 21126 | Q31: 20873 | R31: 20689 | S31: 20511 | T31: 20664 | U31: 22870 | V31: 23364 | W31: 22338 | X31: 21028 | Y31: 19114 | Z31: 17159 | AA31: =SUM(C31:Z31) -> 446313 | AB31: 5
B32: F | C32: 15667 | D32: 14727 | E32: 14109 | F32: 13631 | G32: 13415 | H32: 13251 | I32: 13352 | J32: 14601 | K32: 16010 | L32: 17165 | M32: 17971 | N32: 18740 | O32: 19185 | P32: 19049 | Q32: 18647 | R32: 18452 | S32: 18325 | T32: 18472 | U32: 20879 | V32: 21699 | W32: 21099 | X32: 19784 | Y32: 17730 | Z32: 15760 | AA32: =SUM(C32:Z32) -> 411720 | AB32: 4
A33: 47027 | B33: O | C33: 14202 | D33: 13441 | E33: 13018 | F33: 12791 | G33: 13042 | H33: 13762 | I33: 14679 | J33: 16054 | K33: 17434 | L33: 18523 | M33: 19651 | N33: 20696 | O33: 20333 | P33: 20445 | Q33: 20913 | R33: 21013 | S33: 20781 | T33: 20842 | U33: 23147 | V33: 23028 | W33: 22017 | X33: 20367 | Y33: 17944 | Z33: 15788 | AA33: =SUM(C33:Z33) -> 433911 | AB33: 21 | AC33: =+AA33*AB33+AA34*AB34+AA35*AB35 -> 13286149
B34: S | C34: 14951 | D34: 14099 | E34: 13581 | F34: 13238 | G34: 13307 | H34: 13514 | I34: 14277 | J34: 16035 | K34: 17787 | L34: 19004 | M34: 20040 | N34: 20908 | O34: 20942 | P34: 20705 | Q34: 20454 | R34: 20297 | S34: 20115 | T34: 20748 | U34: 23382 | V34: 23341 | W34: 22352 | X34: 20855 | Y34: 19010 | Z34: 17003 | AA34: =SUM(C34:Z34) -> 439945 | AB34: 4
B35: F | C35: 15002 | D35: 14094 | E35: 13467 | F35: 13029 | G35: 12890 | H35: 12709 | I35: 12952 | J35: 14141 | K35: 15489 | L35: 16674 | M35: 17513 | N35: 18340 | O35: 18803 | P35: 18649 | Q35: 18295 | R35: 18115 | S35: 18011 | T35: 18567 | U35: 21220 | V35: 21437 | W35: 20750 | X35: 19395 | Y35: 17383 | Z35: 15448 | AA35: =SUM(C35:Z35) -> 402373 | AB35: 6
A36: 47058 | B36: O | C36: 13940 | D36: 13180 | E36: 12759 | F36: 12562 | G36: 12854 | H36: 13675 | I36: 14651 | J36: 16047 | K36: 17402 | L36: 18450 | M36: 19572 | N36: 20648 | O36: 20226 | P36: 20238 | Q36: 20696 | R36: 20675 | S36: 20505 | T36: 20785 | U36: 23192 | V36: 23064 | W36: 22038 | X36: 20300 | Y36: 17805 | Z36: 15573 | AA36: =SUM(C36:Z36) -> 430837 | AB36: 20 | AC36: =+AA36*AB36+AA37*AB37+AA38*AB38 -> 12653604
B37: S | C37: 14315 | D37: 13507 | E37: 13014 | F37: 12699 | G37: 12754 | H37: 12914 | I37: 13617 | J37: 15237 | K37: 16949 | L37: 18143 | M37: 19098 | N37: 19976 | O37: 19894 | P37: 19523 | Q37: 19415 | R37: 19353 | S37: 19239 | T37: 19928 | U37: 22608 | V37: 22540 | W37: 21508 | X37: 20187 | Y37: 18234 | Z37: 16270 | AA37: =SUM(C37:Z37) -> 420922 | AB37: 4
B38: F | C38: 14373 | D38: 13507 | E38: 12921 | F38: 12492 | G38: 12435 | H38: 12281 | I38: 12573 | J38: 13812 | K38: 15163 | L38: 16324 | M38: 17168 | N38: 18026 | O38: 18451 | P38: 18283 | Q38: 17877 | R38: 17589 | S38: 17507 | T38: 18132 | U38: 20833 | V38: 21084 | W38: 20389 | X38: 19014 | Y38: 16955 | Z38: 15007 | AA38: =SUM(C38:Z38) -> 392196 | AB38: 6
A39: 47088 | B39: O | C39: 14935 | D39: 14031 | E39: 13509 | F39: 13241 | G39: 13426 | H39: 14014 | I39: 14670 | J39: 16396 | K39: 18008 | L39: 19199 | M39: 20286 | N39: 21389 | O39: 21178 | P39: 21161 | Q39: 21474 | R39: 21447 | S39: 21138 | T39: 20997 | U39: 23339 | V39: 23701 | W39: 22781 | X39: 21311 | Y39: 19056 | Z39: 16897 | AA39: =SUM(C39:Z39) -> 447584 | AB39: 19 | AC39: =+AA39*AB39+AA40*AB40+AA41*AB41 -> 13517547
B40: S | C40: 15078 | D40: 14167 | E40: 13646 | F40: 13302 | G40: 13321 | H40: 13652 | I40: 14054 | J40: 15668 | K40: 17314 | L40: 18461 | M40: 19384 | N40: 20153 | O40: 20152 | P40: 19864 | Q40: 19679 | R40: 19474 | S40: 19328 | T40: 19674 | U40: 22289 | V40: 22596 | W40: 21691 | X40: 20399 | Y40: 18554 | Z40: 16772 | AA40: =SUM(C40:Z40) -> 428672 | AB40: 5
B41: F | C41: 15577 | D41: 14627 | E41: 13965 | F41: 13494 | G41: 13310 | H41: 13243 | I41: 13221 | J41: 14292 | K41: 15622 | L41: 16791 | M41: 17666 | N41: 18488 | O41: 18931 | P41: 18908 | Q41: 18608 | R41: 18419 | S41: 18310 | T41: 18657 | U41: 21270 | V41: 21800 | W41: 21055 | X41: 19782 | Y41: 17921 | Z41: 16056 | AA41: =SUM(C41:Z41) -> 410013 | AB41: 7
A42: TOTAL AÑO | C42: =+SUM(C6:C41) -> 534619 | D42: =+SUM(D6:D41) -> 502850 | E42: =+SUM(E6:E41) -> 483693 | F42: =+SUM(F6:F41) -> 471849 | G42: =+SUM(G6:G41) -> 473321 | H42: =+SUM(H6:H41) -> 487072 | I42: =+SUM(I6:I41) -> 505489 | J42: =+SUM(J6:J41) -> 555654 | ... AC42: =+SUM(AC6:AC41) -> 158012856

Sheet Cantidades Ofertadas Prod 2
A1: CANTIDADES OFERTADAS PRODUCTO 2 AÑO 2028 MODALIDAD PAGUE LO CONTRATADO - kWh
A4: Periodo | B4: Tipo de día | C4: H01 | D4: H02 | E4: H03 | F4: H04 | G4: H05 | H4: H06 | I4: H07 | J4: H08 | K4: H09 | L4: H10 | M4: H11 | N4: H12 | O4: H13 | P4: H14 | Q4: H15 | R4: H16 | S4: H17 | T4: H18 | U4: H19 | V4: H20 | W4: H21 | X4: H22 | Y4: H23 | Z4: H24 | AA4: TOTAL DÍA | AB4: Días/ | AC4: TOTAL MES
AB5: mes
A6: 46753 | B6: O | C6: =ROUND('Anexo 6'!C6*'Anexo 2'!$D$10,0) -> 0 | D6: =ROUND('Anexo 6'!D6*'Anexo 2'!$D$10,0) -> 0 | E6: =ROUND('Anexo 6'!E6*'Anexo 2'!$D$10,0) -> 0 | F6: =ROUND('Anexo 6'!F6*'Anexo 2'!$D$10,0) -> 0 | G6: =ROUND('Anexo 6'!G6*'Anexo 2'!$D$10,0) -> 0 | H6: =ROUND('Anexo 6'!H6*'Anexo 2'!$D$10,0) -> 0 | I6: =ROUND('Anexo 6'!I6*'Anexo 2'!$D$10,0) -> 0 | J6: =ROUND('Anexo 6'!J6*'Anexo 2'!$D$10,0) -> 0 | ... Z6: =ROUND('Anexo 6'!Z6*'Anexo 2'!$D$10,0) -> 0 | AA6: =SUM(C6:Z6) -> 0 | AB6: 20 | AC6: =+AA6*AB6+AA7*AB7+AA8*AB8 -> 0
B7: S | C7: =ROUND('Anexo 6'!C7*'Anexo 2'!$D$10,0) -> 0 | D7: =ROUND('Anexo 6'!D7*'Anexo 2'!$D$10,0) -> 0 | E7: =ROUND('Anexo 6'!E7*'Anexo 2'!$D$10,0) -> 0 | F7: =ROUND('Anexo 6'!F7*'Anexo 2'!$D$10,0) -> 0 | G7: =ROUND('Anexo 6'!G7*'Anexo 2'!$D$10,0) -> 0 | H7: =ROUND('Anexo 6'!H7*'Anexo 2'!$D$10,0) -> 0 | I7: =ROUND('Anexo 6'!I7*'Anexo 2'!$D$10,0) -> 0 | J7: =ROUND('Anexo 6'!J7*'Anexo 2'!$D$10,0) -> 0 | ... Z7: =ROUND('Anexo 6'!Z7*'Anexo 2'!$D$10,0) -> 0 | AA7: =SUM(C7:Z7) -> 0 | AB7: 4
B8: F | C8: =ROUND('Anexo 6'!C8*'Anexo 2'!$D$10,0) -> 0 | D8: =ROUND('Anexo 6'!D8*'Anexo 2'!$D$10,0) -> 0 | E8: =ROUND('Anexo 6'!E8*'Anexo 2'!$D$10,0) -> 0 | F8: =ROUND('Anexo 6'!F8*'Anexo 2'!$D$10,0) -> 0 | G8: =ROUND('Anexo 6'!G8*'Anexo 2'!$D$10,0) -> 0 | H8: =ROUND('Anexo 6'!H8*'Anexo 2'!$D$10,0) -> 0 | I8: =ROUND('Anexo 6'!I8*'Anexo 2'!$D$10,0) -> 0 | J8: =ROUND('Anexo 6'!J8*'Anexo 2'!$D$10,0) -> 0 | ... Z8: =ROUND('Anexo 6'!Z8*'Anexo 2'!$D$10,0) -> 0 | AA8: =SUM(C8:Z8) -> 0 | AB8: 7
A9: 46784 | B9: O | C9: =ROUND('Anexo 6'!C9*'Anexo 2'!$D$10,0) -> 0 | D9: =ROUND('Anexo 6'!D9*'Anexo 2'!$D$10,0) -> 0 | E9: =ROUND('Anexo 6'!E9*'Anexo 2'!$D$10,0) -> 0 | F9: =ROUND('Anexo 6'!F9*'Anexo 2'!$D$10,0) -> 0 | G9: =ROUND('Anexo 6'!G9*'Anexo 2'!$D$10,0) -> 0 | H9: =ROUND('Anexo 6'!H9*'Anexo 2'!$D$10,0) -> 0 | I9: =ROUND('Anexo 6'!I9*'Anexo 2'!$D$10,0) -> 0 | J9: =ROUND('Anexo 6'!J9*'Anexo 2'!$D$10,0) -> 0 | ... Z9: =ROUND('Anexo 6'!Z9*'Anexo 2'!$D$10,0) -> 0 | AA9: =SUM(C9:Z9) -> 0 | AB9: 21 | AC9: =+AA9*AB9+AA10*AB10+AA11*AB11 -> 0
B10: S | C10: =ROUND('Anexo 6'!C10*'Anexo 2'!$D$10,0) -> 0 | D10: =ROUND('Anexo 6'!D10*'Anexo 2'!$D$10,0) -> 0 | E10: =ROUND('Anexo 6'!E10*'Anexo 2'!$D$10,0) -> 0 | F10: =ROUND('Anexo 6'!F10*'Anexo 2'!$D$10,0) -> 0 | G10: =ROUND('Anexo 6'!G10*'Anexo 2'!$D$10,0) -> 0 | H10: =ROUND('Anexo 6'!H10*'Anexo 2'!$D$10,0) -> 0 | I10: =ROUND('Anexo 6'!I10*'Anexo 2'!$D$10,0) -> 0 | J10: =ROUND('Anexo 6'!J10*'Anexo 2'!$D$10,0) -> 0 | ... Z10: =ROUND('Anexo 6'!Z10*'Anexo 2'!$D$10,0) -> 0 | AA10: =SUM(C10:Z10) -> 0 | AB10: 4
B11: F | C11: =ROUND('Anexo 6'!C11*'Anexo 2'!$D$10,0) -> 0 | D11: =ROUND('Anexo 6'!D11*'Anexo 2'!$D$10,0) -> 0 | E11: =ROUND('Anexo 6'!E11*'Anexo 2'!$D$10,0) -> 0 | F11: =ROUND('Anexo 6'!F11*'Anexo 2'!$D$10,0) -> 0 | G11: =ROUND('Anexo 6'!G11*'Anexo 2'!$D$10,0) -> 0 | H11: =ROUND('Anexo 6'!H11*'Anexo 2'!$D$10,0) -> 0 | I11: =ROUND('Anexo 6'!I11*'Anexo 2'!$D$10,0) -> 0 | J11: =ROUND('Anexo 6'!J11*'Anexo 2'!$D$10,0) -> 0 | ... Z11: =ROUND('Anexo 6'!Z11*'Anexo 2'!$D$10,0) -> 0 | AA11: =SUM(C11:Z11) -> 0 | AB11: 4
A12: 46813 | B12: O | C12: =ROUND('Anexo 6'!C12*'Anexo 2'!$D$10,0) -> 0 | D12: =ROUND('Anexo 6'!D12*'Anexo 2'!$D$10,0) -> 0 | E12: =ROUND('Anexo 6'!E12*'Anexo 2'!$D$10,0) -> 0 | F12: =ROUND('Anexo 6'!F12*'Anexo 2'!$D$10,0) -> 0 | G12: =ROUND('Anexo 6'!G12*'Anexo 2'!$D$10,0) -> 0 | H12: =ROUND('Anexo 6'!H12*'Anexo 2'!$D$10,0) -> 0 | I12: =ROUND('Anexo 6'!I12*'Anexo 2'!$D$10,0) -> 0 | J12: =ROUND('Anexo 6'!J12*'Anexo 2'!$D$10,0) -> 0 | ... Z12: =ROUND('Anexo 6'!Z12*'Anexo 2'!$D$10,0) -> 0 | AA12: =SUM(C12:Z12) -> 0 | AB12: 22 | AC12: =+AA12*AB12+AA13*AB13+AA14*AB14 -> 0
B13: S | C13: =ROUND('Anexo 6'!C13*'Anexo 2'!$D$10,0) -> 0 | D13: =ROUND('Anexo 6'!D13*'Anexo 2'!$D$10,0) -> 0 | E13: =ROUND('Anexo 6'!E13*'Anexo 2'!$D$10,0) -> 0 | F13: =ROUND('Anexo 6'!F13*'Anexo 2'!$D$10,0) -> 0 | G13: =ROUND('Anexo 6'!G13*'Anexo 2'!$D$10,0) -> 0 | H13: =ROUND('Anexo 6'!H13*'Anexo 2'!$D$10,0) -> 0 | I13: =ROUND('Anexo 6'!I13*'Anexo 2'!$D$10,0) -> 0 | J13: =ROUND('Anexo 6'!J13*'Anexo 2'!$D$10,0) -> 0 | ... Z13: =ROUND('Anexo 6'!Z13*'Anexo 2'!$D$10,0) -> 0 | AA13: =SUM(C13:Z13) -> 0 | AB13: 4
B14: F | C14: =ROUND('Anexo 6'!C14*'Anexo 2'!$D$10,0) -> 0 | D14: =ROUND('Anexo 6'!D14*'Anexo 2'!$D$10,0) -> 0 | E14: =ROUND('Anexo 6'!E14*'Anexo 2'!$D$10,0) -> 0 | F14: =ROUND('Anexo 6'!F14*'Anexo 2'!$D$10,0) -> 0 | G14: =ROUND('Anexo 6'!G14*'Anexo 2'!$D$10,0) -> 0 | H14: =ROUND('Anexo 6'!H14*'Anexo 2'!$D$10,0) -> 0 | I14: =ROUND('Anexo 6'!I14*'Anexo 2'!$D$10,0) -> 0 | J14: =ROUND('Anexo 6'!J14*'Anexo 2'!$D$10,0) -> 0 | ... Z14: =ROUND('Anexo 6'!Z14*'Anexo 2'!$D$10,0) -> 0 | AA14: =SUM(C14:Z14) -> 0 | AB14: 5
A15: 46844 | B15: O | C15: =ROUND('Anexo 6'!C15*'Anexo 2'!$D$10,0) -> 0 | D15: =ROUND('Anexo 6'!D15*'Anexo 2'!$D$10,0) -> 0 | E15: =ROUND('Anexo 6'!E15*'Anexo 2'!$D$10,0) -> 0 | F15: =ROUND('Anexo 6'!F15*'Anexo 2'!$D$10,0) -> 0 | G15: =ROUND('Anexo 6'!G15*'Anexo 2'!$D$10,0) -> 0 | H15: =ROUND('Anexo 6'!H15*'Anexo 2'!$D$10,0) -> 0 | I15: =ROUND('Anexo 6'!I15*'Anexo 2'!$D$10,0) -> 0 | J15: =ROUND('Anexo 6'!J15*'Anexo 2'!$D$10,0) -> 0 | ... Z15: =ROUND('Anexo 6'!Z15*'Anexo 2'!$D$10,0) -> 0 | AA15: =SUM(C15:Z15) -> 0 | AB15: 18 | AC15: =+AA15*AB15+AA16*AB16+AA17*AB17 -> 0
B16: S | C16: =ROUND('Anexo 6'!C16*'Anexo 2'!$D$10,0) -> 0 | D16: =ROUND('Anexo 6'!D16*'Anexo 2'!$D$10,0) -> 0 | E16: =ROUND('Anexo 6'!E16*'Anexo 2'!$D$10,0) -> 0 | F16: =ROUND('Anexo 6'!F16*'Anexo 2'!$D$10,0) -> 0 | G16: =ROUND('Anexo 6'!G16*'Anexo 2'!$D$10,0) -> 0 | H16: =ROUND('Anexo 6'!H16*'Anexo 2'!$D$10,0) -> 0 | I16: =ROUND('Anexo 6'!I16*'Anexo 2'!$D$10,0) -> 0 | J16: =ROUND('Anexo 6'!J16*'Anexo 2'!$D$10,0) -> 0 | ... Z16: =ROUND('Anexo 6'!Z16*'Anexo 2'!$D$10,0) -> 0 | AA16: =SUM(C16:Z16) -> 0 | AB16: 5
B17: F | C17: =ROUND('Anexo 6'!C17*'Anexo 2'!$D$10,0) -> 0 | D17: =ROUND('Anexo 6'!D17*'Anexo 2'!$D$10,0) -> 0 | E17: =ROUND('Anexo 6'!E17*'Anexo 2'!$D$10,0) -> 0 | F17: =ROUND('Anexo 6'!F17*'Anexo 2'!$D$10,0) -> 0 | G17: =ROUND('Anexo 6'!G17*'Anexo 2'!$D$10,0) -> 0 | H17: =ROUND('Anexo 6'!H17*'Anexo 2'!$D$10,0) -> 0 | I17: =ROUND('Anexo 6'!I17*'Anexo 2'!$D$10,0) -> 0 | J17: =ROUND('Anexo 6'!J17*'Anexo 2'!$D$10,0) -> 0 | ... Z17: =ROUND('Anexo 6'!Z17*'Anexo 2'!$D$10,0) -> 0 | AA17: =SUM(C17:Z17) -> 0 | AB17: 7
A18: 46874 | B18: O | C18: =ROUND('Anexo 6'!C18*'Anexo 2'!$D$10,0) -> 0 | D18: =ROUND('Anexo 6'!D18*'Anexo 2'!$D$10,0) -> 0 | E18: =ROUND('Anexo 6'!E18*'Anexo 2'!$D$10,0) -> 0 | F18: =ROUND('Anexo 6'!F18*'Anexo 2'!$D$10,0) -> 0 | G18: =ROUND('Anexo 6'!G18*'Anexo 2'!$D$10,0) -> 0 | H18: =ROUND('Anexo 6'!H18*'Anexo 2'!$D$10,0) -> 0 | I18: =ROUND('Anexo 6'!I18*'Anexo 2'!$D$10,0) -> 0 | J18: =ROUND('Anexo 6'!J18*'Anexo 2'!$D$10,0) -> 0 | ... Z18: =ROUND('Anexo 6'!Z18*'Anexo 2'!$D$10,0) -> 0 | AA18: =SUM(C18:Z18) -> 0 | AB18: 21 | AC18: =+AA18*AB18+AA19*AB19+AA20*AB20 -> 0
B19: S | C19: =ROUND('Anexo 6'!C19*'Anexo 2'!$D$10,0) -> 0 | D19: =ROUND('Anexo 6'!D19*'Anexo 2'!$D$10,0) -> 0 | E19: =ROUND('Anexo 6'!E19*'Anexo 2'!$D$10,0) -> 0 | F19: =ROUND('Anexo 6'!F19*'Anexo 2'!$D$10,0) -> 0 | G19: =ROUND('Anexo 6'!G19*'Anexo 2'!$D$10,0) -> 0 | H19: =ROUND('Anexo 6'!H19*'Anexo 2'!$D$10,0) -> 0 | I19: =ROUND('Anexo 6'!I19*'Anexo 2'!$D$10,0) -> 0 | J19: =ROUND('Anexo 6'!J19*'Anexo 2'!$D$10,0) -> 0 | ... Z19: =ROUND('Anexo 6'!Z19*'Anexo 2'!$D$10,0) -> 0 | AA19: =SUM(C19:Z19) -> 0 | AB19: 4
B20: F | C20: =ROUND('Anexo 6'!C20*'Anexo 2'!$D$10,0) -> 0 | D20: =ROUND('Anexo 6'!D20*'Anexo 2'!$D$10,0) -> 0 | E20: =ROUND('Anexo 6'!E20*'Anexo 2'!$D$10,0) -> 0 | F20: =ROUND('Anexo 6'!F20*'Anexo 2'!$D$10,0) -> 0 | G20: =ROUND('Anexo 6'!G20*'Anexo 2'!$D$10,0) -> 0 | H20: =ROUND('Anexo 6'!H20*'Anexo 2'!$D$10,0) -> 0 | I20: =ROUND('Anexo 6'!I20*'Anexo 2'!$D$10,0) -> 0 | J20: =ROUND('Anexo 6'!J20*'Anexo 2'!$D$10,0) -> 0 | ... Z20: =ROUND('Anexo 6'!Z20*'Anexo 2'!$D$10,0) -> 0 | AA20: =SUM(C20:Z20) -> 0 | AB20: 6
A21: 46905 | B21: O | C21: =ROUND('Anexo 6'!C21*'Anexo 2'!$D$10,0) -> 0 | D21: =ROUND('Anexo 6'!D21*'Anexo 2'!$D$10,0) -> 0 | E21: =ROUND('Anexo 6'!E21*'Anexo 2'!$D$10,0) -> 0 | F21: =ROUND('Anexo 6'!F21*'Anexo 2'!$D$10,0) -> 0 | G21: =ROUND('Anexo 6'!G21*'Anexo 2'!$D$10,0) -> 0 | H21: =ROUND('Anexo 6'!H21*'Anexo 2'!$D$10,0) -> 0 | I21: =ROUND('Anexo 6'!I21*'Anexo 2'!$D$10,0) -> 0 | J21: =ROUND('Anexo 6'!J21*'Anexo 2'!$D$10,0) -> 0 | ... Z21: =ROUND('Anexo 6'!Z21*'Anexo 2'!$D$10,0) -> 0 | AA21: =SUM(C21:Z21) -> 0 | AB21: 20 | AC21: =+AA21*AB21+AA22*AB22+AA23*AB23 -> 0
B22: S | C22: =ROUND('Anexo 6'!C22*'Anexo 2'!$D$10,0) -> 0 | D22: =ROUND('Anexo 6'!D22*'Anexo 2'!$D$10,0) -> 0 | E22: =ROUND('Anexo 6'!E22*'Anexo 2'!$D$10,0) -> 0 | F22: =ROUND('Anexo 6'!F22*'Anexo 2'!$D$10,0) -> 0 | G22: =ROUND('Anexo 6'!G22*'Anexo 2'!$D$10,0) -> 0 | H22: =ROUND('Anexo 6'!H22*'Anexo 2'!$D$10,0) -> 0 | I22: =ROUND('Anexo 6'!I22*'Anexo 2'!$D$10,0) -> 0 | J22: =ROUND('Anexo 6'!J22*'Anexo 2'!$D$10,0) -> 0 | ... Z22: =ROUND('Anexo 6'!Z22*'Anexo 2'!$D$10,0) -> 0 | AA22: =SUM(C22:Z22) -> 0 | AB22: 4
B23: F | C23: =ROUND('Anexo 6'!C23*'Anexo 2'!$D$10,0) -> 0 | D23: =ROUND('Anexo 6'!D23*'Anexo 2'!$D$10,0) -> 0 | E23: =ROUND('Anexo 6'!E23*'Anexo 2'!$D$10,0) -> 0 | F23: =ROUND('Anexo 6'!F23*'Anexo 2'!$D$10,0) -> 0 | G23: =ROUND('Anexo 6'!G23*'Anexo 2'!$D$10,0) -> 0 | H23: =ROUND('Anexo 6'!H23*'Anexo 2'!$D$10,0) -> 0 | I23: =ROUND('Anexo 6'!I23*'Anexo 2'!$D$10,0) -> 0 | J23: =ROUND('Anexo 6'!J23*'Anexo 2'!$D$10,0) -> 0 | ... Z23: =ROUND('Anexo 6'!Z23*'Anexo 2'!$D$10,0) -> 0 | AA23: =SUM(C23:Z23) -> 0 | AB23: 6
A24: 46935 | B24: O | C24: =ROUND('Anexo 6'!C24*'Anexo 2'!$D$10,0) -> 0 | D24: =ROUND('Anexo 6'!D24*'Anexo 2'!$D$10,0) -> 0 | E24: =ROUND('Anexo 6'!E24*'Anexo 2'!$D$10,0) -> 0 | F24: =ROUND('Anexo 6'!F24*'Anexo 2'!$D$10,0) -> 0 | G24: =ROUND('Anexo 6'!G24*'Anexo 2'!$D$10,0) -> 0 | H24: =ROUND('Anexo 6'!H24*'Anexo 2'!$D$10,0) -> 0 | I24: =ROUND('Anexo 6'!I24*'Anexo 2'!$D$10,0) -> 0 | J24: =ROUND('Anexo 6'!J24*'Anexo 2'!$D$10,0) -> 0 | ... Z24: =ROUND('Anexo 6'!Z24*'Anexo 2'!$D$10,0) -> 0 | AA24: =SUM(C24:Z24) -> 0 | AB24: 19 | AC24: =+AA24*AB24+AA25*AB25+AA26*AB26 -> 0
B25: S | C25: =ROUND('Anexo 6'!C25*'Anexo 2'!$D$10,0) -> 0 | D25: =ROUND('Anexo 6'!D25*'Anexo 2'!$D$10,0) -> 0 | E25: =ROUND('Anexo 6'!E25*'Anexo 2'!$D$10,0) -> 0 | F25: =ROUND('Anexo 6'!F25*'Anexo 2'!$D$10,0) -> 0 | G25: =ROUND('Anexo 6'!G25*'Anexo 2'!$D$10,0) -> 0 | H25: =ROUND('Anexo 6'!H25*'Anexo 2'!$D$10,0) -> 0 | I25: =ROUND('Anexo 6'!I25*'Anexo 2'!$D$10,0) -> 0 | J25: =ROUND('Anexo 6'!J25*'Anexo 2'!$D$10,0) -> 0 | ... Z25: =ROUND('Anexo 6'!Z25*'Anexo 2'!$D$10,0) -> 0 | AA25: =SUM(C25:Z25) -> 0 | AB25: 5
B26: F | C26: =ROUND('Anexo 6'!C26*'Anexo 2'!$D$10,0) -> 0 | D26: =ROUND('Anexo 6'!D26*'Anexo 2'!$D$10,0) -> 0 | E26: =ROUND('Anexo 6'!E26*'Anexo 2'!$D$10,0) -> 0 | F26: =ROUND('Anexo 6'!F26*'Anexo 2'!$D$10,0) -> 0 | G26: =ROUND('Anexo 6'!G26*'Anexo 2'!$D$10,0) -> 0 | H26: =ROUND('Anexo 6'!H26*'Anexo 2'!$D$10,0) -> 0 | I26: =ROUND('Anexo 6'!I26*'Anexo 2'!$D$10,0) -> 0 | J26: =ROUND('Anexo 6'!J26*'Anexo 2'!$D$10,0) -> 0 | ... Z26: =ROUND('Anexo 6'!Z26*'Anexo 2'!$D$10,0) -> 0 | AA26: =SUM(C26:Z26) -> 0 | AB26: 7
A27: 46966 | B27: O | C27: =ROUND('Anexo 6'!C27*'Anexo 2'!$D$10,0) -> 0 | D27: =ROUND('Anexo 6'!D27*'Anexo 2'!$D$10,0) -> 0 | E27: =ROUND('Anexo 6'!E27*'Anexo 2'!$D$10,0) -> 0 | F27: =ROUND('Anexo 6'!F27*'Anexo 2'!$D$10,0) -> 0 | G27: =ROUND('Anexo 6'!G27*'Anexo 2'!$D$10,0) -> 0 | H27: =ROUND('Anexo 6'!H27*'Anexo 2'!$D$10,0) -> 0 | I27: =ROUND('Anexo 6'!I27*'Anexo 2'!$D$10,0) -> 0 | J27: =ROUND('Anexo 6'!J27*'Anexo 2'!$D$10,0) -> 0 | ... Z27: =ROUND('Anexo 6'!Z27*'Anexo 2'!$D$10,0) -> 0 | AA27: =SUM(C27:Z27) -> 0 | AB27: 21 | AC27: =+AA27*AB27+AA28*AB28+AA29*AB29 -> 0
B28: S | C28: =ROUND('Anexo 6'!C28*'Anexo 2'!$D$10,0) -> 0 | D28: =ROUND('Anexo 6'!D28*'Anexo 2'!$D$10,0) -> 0 | E28: =ROUND('Anexo 6'!E28*'Anexo 2'!$D$10,0) -> 0 | F28: =ROUND('Anexo 6'!F28*'Anexo 2'!$D$10,0) -> 0 | G28: =ROUND('Anexo 6'!G28*'Anexo 2'!$D$10,0) -> 0 | H28: =ROUND('Anexo 6'!H28*'Anexo 2'!$D$10,0) -> 0 | I28: =ROUND('Anexo 6'!I28*'Anexo 2'!$D$10,0) -> 0 | J28: =ROUND('Anexo 6'!J28*'Anexo 2'!$D$10,0) -> 0 | ... Z28: =ROUND('Anexo 6'!Z28*'Anexo 2'!$D$10,0) -> 0 | AA28: =SUM(C28:Z28) -> 0 | AB28: 4
B29: F | C29: =ROUND('Anexo 6'!C29*'Anexo 2'!$D$10,0) -> 0 | D29: =ROUND('Anexo 6'!D29*'Anexo 2'!$D$10,0) -> 0 | E29: =ROUND('Anexo 6'!E29*'Anexo 2'!$D$10,0) -> 0 | F29: =ROUND('Anexo 6'!F29*'Anexo 2'!$D$10,0) -> 0 | G29: =ROUND('Anexo 6'!G29*'Anexo 2'!$D$10,0) -> 0 | H29: =ROUND('Anexo 6'!H29*'Anexo 2'!$D$10,0) -> 0 | I29: =ROUND('Anexo 6'!I29*'Anexo 2'!$D$10,0) -> 0 | J29: =ROUND('Anexo 6'!J29*'Anexo 2'!$D$10,0) -> 0 | ... Z29: =ROUND('Anexo 6'!Z29*'Anexo 2'!$D$10,0) -> 0 | AA29: =SUM(C29:Z29) -> 0 | AB29: 6
A30: 46997 | B30: O | C30: =ROUND('Anexo 6'!C30*'Anexo 2'!$D$10,0) -> 0 | D30: =ROUND('Anexo 6'!D30*'Anexo 2'!$D$10,0) -> 0 | E30: =ROUND('Anexo 6'!E30*'Anexo 2'!$D$10,0) -> 0 | F30: =ROUND('Anexo 6'!F30*'Anexo 2'!$D$10,0) -> 0 | G30: =ROUND('Anexo 6'!G30*'Anexo 2'!$D$10,0) -> 0 | H30: =ROUND('Anexo 6'!H30*'Anexo 2'!$D$10,0) -> 0 | I30: =ROUND('Anexo 6'!I30*'Anexo 2'!$D$10,0) -> 0 | J30: =ROUND('Anexo 6'!J30*'Anexo 2'!$D$10,0) -> 0 | ... Z30: =ROUND('Anexo 6'!Z30*'Anexo 2'!$D$10,0) -> 0 | AA30: =SUM(C30:Z30) -> 0 | AB30: 21 | AC30: =+AA30*AB30+AA31*AB31+AA32*AB32 -> 0
B31: S | C31: =ROUND('Anexo 6'!C31*'Anexo 2'!$D$10,0) -> 0 | D31: =ROUND('Anexo 6'!D31*'Anexo 2'!$D$10,0) -> 0 | E31: =ROUND('Anexo 6'!E31*'Anexo 2'!$D$10,0) -> 0 | F31: =ROUND('Anexo 6'!F31*'Anexo 2'!$D$10,0) -> 0 | G31: =ROUND('Anexo 6'!G31*'Anexo 2'!$D$10,0) -> 0 | H31: =ROUND('Anexo 6'!H31*'Anexo 2'!$D$10,0) -> 0 | I31: =ROUND('Anexo 6'!I31*'Anexo 2'!$D$10,0) -> 0 | J31: =ROUND('Anexo 6'!J31*'Anexo 2'!$D$10,0) -> 0 | ... Z31: =ROUND('Anexo 6'!Z31*'Anexo 2'!$D$10,0) -> 0 | AA31: =SUM(C31:Z31) -> 0 | AB31: 5
B32: F | C32: =ROUND('Anexo 6'!C32*'Anexo 2'!$D$10,0) -> 0 | D32: =ROUND('Anexo 6'!D32*'Anexo 2'!$D$10,0) -> 0 | E32: =ROUND('Anexo 6'!E32*'Anexo 2'!$D$10,0) -> 0 | F32: =ROUND('Anexo 6'!F32*'Anexo 2'!$D$10,0) -> 0 | G32: =ROUND('Anexo 6'!G32*'Anexo 2'!$D$10,0) -> 0 | H32: =ROUND('Anexo 6'!H32*'Anexo 2'!$D$10,0) -> 0 | I32: =ROUND('Anexo 6'!I32*'Anexo 2'!$D$10,0) -> 0 | J32: =ROUND('Anexo 6'!J32*'Anexo 2'!$D$10,0) -> 0 | ... Z32: =ROUND('Anexo 6'!Z32*'Anexo 2'!$D$10,0) -> 0 | AA32: =SUM(C32:Z32) -> 0 | AB32: 4
A33: 47027 | B33: O | C33: =ROUND('Anexo 6'!C33*'Anexo 2'!$D$10,0) -> 0 | D33: =ROUND('Anexo 6'!D33*'Anexo 2'!$D$10,0) -> 0 | E33: =ROUND('Anexo 6'!E33*'Anexo 2'!$D$10,0) -> 0 | F33: =ROUND('Anexo 6'!F33*'Anexo 2'!$D$10,0) -> 0 | G33: =ROUND('Anexo 6'!G33*'Anexo 2'!$D$10,0) -> 0 | H33: =ROUND('Anexo 6'!H33*'Anexo 2'!$D$10,0) -> 0 | I33: =ROUND('Anexo 6'!I33*'Anexo 2'!$D$10,0) -> 0 | J33: =ROUND('Anexo 6'!J33*'Anexo 2'!$D$10,0) -> 0 | ... Z33: =ROUND('Anexo 6'!Z33*'Anexo 2'!$D$10,0) -> 0 | AA33: =SUM(C33:Z33) -> 0 | AB33: 21 | AC33: =+AA33*AB33+AA34*AB34+AA35*AB35 -> 0
B34: S | C34: =ROUND('Anexo 6'!C34*'Anexo 2'!$D$10,0) -> 0 | D34: =ROUND('Anexo 6'!D34*'Anexo 2'!$D$10,0) -> 0 | E34: =ROUND('Anexo 6'!E34*'Anexo 2'!$D$10,0) -> 0 | F34: =ROUND('Anexo 6'!F34*'Anexo 2'!$D$10,0) -> 0 | G34: =ROUND('Anexo 6'!G34*'Anexo 2'!$D$10,0) -> 0 | H34: =ROUND('Anexo 6'!H34*'Anexo 2'!$D$10,0) -> 0 | I34: =ROUND('Anexo 6'!I34*'Anexo 2'!$D$10,0) -> 0 | J34: =ROUND('Anexo 6'!J34*'Anexo 2'!$D$10,0) -> 0 | ... Z34: =ROUND('Anexo 6'!Z34*'Anexo 2'!$D$10,0) -> 0 | AA34: =SUM(C34:Z34) -> 0 | AB34: 4
B35: F | C35: =ROUND('Anexo 6'!C35*'Anexo 2'!$D$10,0) -> 0 | D35: =ROUND('Anexo 6'!D35*'Anexo 2'!$D$10,0) -> 0 | E35: =ROUND('Anexo 6'!E35*'Anexo 2'!$D$10,0) -> 0 | F35: =ROUND('Anexo 6'!F35*'Anexo 2'!$D$10,0) -> 0 | G35: =ROUND('Anexo 6'!G35*'Anexo 2'!$D$10,0) -> 0 | H35: =ROUND('Anexo 6'!H35*'Anexo 2'!$D$10,0) -> 0 | I35: =ROUND('Anexo 6'!I35*'Anexo 2'!$D$10,0) -> 0 | J35: =ROUND('Anexo 6'!J35*'Anexo 2'!$D$10,0) -> 0 | ... Z35: =ROUND('Anexo 6'!Z35*'Anexo 2'!$D$10,0) -> 0 | AA35: =SUM(C35:Z35) -> 0 | AB35: 6
A36: 47058 | B36: O | C36: =ROUND('Anexo 6'!C36*'Anexo 2'!$D$10,0) -> 0 | D36: =ROUND('Anexo 6'!D36*'Anexo 2'!$D$10,0) -> 0 | E36: =ROUND('Anexo 6'!E36*'Anexo 2'!$D$10,0) -> 0 | F36: =ROUND('Anexo 6'!F36*'Anexo 2'!$D$10,0) -> 0 | G36: =ROUND('Anexo 6'!G36*'Anexo 2'!$D$10,0) -> 0 | H36: =ROUND('Anexo 6'!H36*'Anexo 2'!$D$10,0) -> 0 | I36: =ROUND('Anexo 6'!I36*'Anexo 2'!$D$10,0) -> 0 | J36: =ROUND('Anexo 6'!J36*'Anexo 2'!$D$10,0) -> 0 | ... Z36: =ROUND('Anexo 6'!Z36*'Anexo 2'!$D$10,0) -> 0 | AA36: =SUM(C36:Z36) -> 0 | AB36: 20 | AC36: =+AA36*AB36+AA37*AB37+AA38*AB38 -> 0
B37: S | C37: =ROUND('Anexo 6'!C37*'Anexo 2'!$D$10,0) -> 0 | D37: =ROUND('Anexo 6'!D37*'Anexo 2'!$D$10,0) -> 0 | E37: =ROUND('Anexo 6'!E37*'Anexo 2'!$D$10,0) -> 0 | F37: =ROUND('Anexo 6'!F37*'Anexo 2'!$D$10,0) -> 0 | G37: =ROUND('Anexo 6'!G37*'Anexo 2'!$D$10,0) -> 0 | H37: =ROUND('Anexo 6'!H37*'Anexo 2'!$D$10,0) -> 0 | I37: =ROUND('Anexo 6'!I37*'Anexo 2'!$D$10,0) -> 0 | J37: =ROUND('Anexo 6'!J37*'Anexo 2'!$D$10,0) -> 0 | ... Z37: =ROUND('Anexo 6'!Z37*'Anexo 2'!$D$10,0) -> 0 | AA37: =SUM(C37:Z37) -> 0 | AB37: 4
B38: F | C38: =ROUND('Anexo 6'!C38*'Anexo 2'!$D$10,0) -> 0 | D38: =ROUND('Anexo 6'!D38*'Anexo 2'!$D$10,0) -> 0 | E38: =ROUND('Anexo 6'!E38*'Anexo 2'!$D$10,0) -> 0 | F38: =ROUND('Anexo 6'!F38*'Anexo 2'!$D$10,0) -> 0 | G38: =ROUND('Anexo 6'!G38*'Anexo 2'!$D$10,0) -> 0 | H38: =ROUND('Anexo 6'!H38*'Anexo 2'!$D$10,0) -> 0 | I38: =ROUND('Anexo 6'!I38*'Anexo 2'!$D$10,0) -> 0 | J38: =ROUND('Anexo 6'!J38*'Anexo 2'!$D$10,0) -> 0 | ... Z38: =ROUND('Anexo 6'!Z38*'Anexo 2'!$D$10,0) -> 0 | AA38: =SUM(C38:Z38) -> 0 | AB38: 6
A39: 47088 | B39: O | C39: =ROUND('Anexo 6'!C39*'Anexo 2'!$D$10,0) -> 0 | D39: =ROUND('Anexo 6'!D39*'Anexo 2'!$D$10,0) -> 0 | E39: =ROUND('Anexo 6'!E39*'Anexo 2'!$D$10,0) -> 0 | F39: =ROUND('Anexo 6'!F39*'Anexo 2'!$D$10,0) -> 0 | G39: =ROUND('Anexo 6'!G39*'Anexo 2'!$D$10,0) -> 0 | H39: =ROUND('Anexo 6'!H39*'Anexo 2'!$D$10,0) -> 0 | I39: =ROUND('Anexo 6'!I39*'Anexo 2'!$D$10,0) -> 0 | J39: =ROUND('Anexo 6'!J39*'Anexo 2'!$D$10,0) -> 0 | ... Z39: =ROUND('Anexo 6'!Z39*'Anexo 2'!$D$10,0) -> 0 | AA39: =SUM(C39:Z39) -> 0 | AB39: 19 | AC39: =+AA39*AB39+AA40*AB40+AA41*AB41 -> 0
B40: S | C40: =ROUND('Anexo 6'!C40*'Anexo 2'!$D$10,0) -> 0 | D40: =ROUND('Anexo 6'!D40*'Anexo 2'!$D$10,0) -> 0 | E40: =ROUND('Anexo 6'!E40*'Anexo 2'!$D$10,0) -> 0 | F40: =ROUND('Anexo 6'!F40*'Anexo 2'!$D$10,0) -> 0 | G40: =ROUND('Anexo 6'!G40*'Anexo 2'!$D$10,0) -> 0 | H40: =ROUND('Anexo 6'!H40*'Anexo 2'!$D$10,0) -> 0 | I40: =ROUND('Anexo 6'!I40*'Anexo 2'!$D$10,0) -> 0 | J40: =ROUND('Anexo 6'!J40*'Anexo 2'!$D$10,0) -> 0 | ... Z40: =ROUND('Anexo 6'!Z40*'Anexo 2'!$D$10,0) -> 0 | AA40: =SUM(C40:Z40) -> 0 | AB40: 5
B41: F | C41: =ROUND('Anexo 6'!C41*'Anexo 2'!$D$10,0) -> 0 | D41: =ROUND('Anexo 6'!D41*'Anexo 2'!$D$10,0) -> 0 | E41: =ROUND('Anexo 6'!E41*'Anexo 2'!$D$10,0) -> 0 | F41: =ROUND('Anexo 6'!F41*'Anexo 2'!$D$10,0) -> 0 | G41: =ROUND('Anexo 6'!G41*'Anexo 2'!$D$10,0) -> 0 | H41: =ROUND('Anexo 6'!H41*'Anexo 2'!$D$10,0) -> 0 | I41: =ROUND('Anexo 6'!I41*'Anexo 2'!$D$10,0) -> 0 | J41: =ROUND('Anexo 6'!J41*'Anexo 2'!$D$10,0) -> 0 | ... Z41: =ROUND('Anexo 6'!Z41*'Anexo 2'!$D$10,0) -> 0 | AA41: =SUM(C41:Z41) -> 0 | AB41: 7
A42: TOTAL AÑO | C42: =ROUND('Anexo 6'!C42*'Anexo 2'!$D$10,0) -> 0 | D42: =ROUND('Anexo 6'!D42*'Anexo 2'!$D$10,0) -> 0 | E42: =ROUND('Anexo 6'!E42*'Anexo 2'!$D$10,0) -> 0 | F42: =ROUND('Anexo 6'!F42*'Anexo 2'!$D$10,0) -> 0 | G42: =ROUND('Anexo 6'!G42*'Anexo 2'!$D$10,0) -> 0 | H42: =ROUND('Anexo 6'!H42*'Anexo 2'!$D$10,0) -> 0 | I42: =ROUND('Anexo 6'!I42*'Anexo 2'!$D$10,0) -> 0 | J42: =ROUND('Anexo 6'!J42*'Anexo 2'!$D$10,0) -> 0 | ... Z42: =ROUND('Anexo 6'!Z42*'Anexo 2'!$D$10,0) -> 0 | AA42: =+SUM(AA6:AA41) -> 0 | AB42: =+SUM(AB6:AB41) -> 366 | AC42: =+SUM(AC6:AC41) -> 0

Sheet Anexo 3
B3: ANEXO No 3 - PRODUCTO No. 3 - CURVA
B4: PAGUE LO CONTRATADO AÑO 2029
B5: PRECIO OFERTADO EN $ / kWh DE FEBRERO DE 2026
B8: MES | C8: ENERGIA SOLICITADA kWh/MES | D8: % OFERTADO ANUAL | E8: ENERGIA OFERTADA kWh/MES | F8: PRECIO OFERTADO ANUAL $/kWh
B10: 47119 | C10: =+'Anexo 7'!AC6 -> 12622999 | E10: =+'Cantidades Ofertadas Prod 3'!AC6 -> 0
B11: 47150 | C11: =+'Anexo 7'!AC9 -> 11622692 | E11: =+'Cantidades Ofertadas Prod 3'!AC9 -> 0
B12: 47178 | C12: =+'Anexo 7'!AC12 -> 12480498 | E12: =+'Cantidades Ofertadas Prod 3'!AC12 -> 0
B13: 47209 | C13: =+'Anexo 7'!AC15 -> 11865612 | E13: =+'Cantidades Ofertadas Prod 3'!AC15 -> 0
B14: 47239 | C14: =+'Anexo 7'!AC18 -> 12317910 | E14: =+'Cantidades Ofertadas Prod 3'!AC18 -> 0
B15: 47270 | C15: =+'Anexo 7'!AC21 -> 11913904 | E15: =+'Cantidades Ofertadas Prod 3'!AC21 -> 0
B16: 47300 | C16: =+'Anexo 7'!AC24 -> 12586949 | E16: =+'Cantidades Ofertadas Prod 3'!AC24 -> 0
B17: 47331 | C17: =+'Anexo 7'!AC27 -> 12849499 | E17: =+'Cantidades Ofertadas Prod 3'!AC27 -> 0
B18: 47362 | C18: =+'Anexo 7'!AC30 -> 12582070 | E18: =+'Cantidades Ofertadas Prod 3'!AC30 -> 0
B19: 47392 | C19: =+'Anexo 7'!AC33 -> 12498517 | E19: =+'Cantidades Ofertadas Prod 3'!AC33 -> 0
B20: 47423 | C20: =+'Anexo 7'!AC36 -> 11875292 | E20: =+'Cantidades Ofertadas Prod 3'!AC36 -> 0
B21: 47453 | C21: =+'Anexo 7'!AC39 -> 12703810 | E21: =+'Cantidades Ofertadas Prod 3'!AC39 -> 0
B22: TOTAL | C22: =+SUM(C10:C21) -> 147919752 | E22: =SUM(E10:E21) -> 0 | F22: =+F10 -> 0
B23: *Solo se debe ingresar valores en las celdas en color Naranja
B24: * Se debe ofertar un unico % para todos los meses del año.
B25: * Los % ofertados se aplicaran a las curvas de carga de la hoja "Anexo 7".
B26: * La energia ofertada se calcula de manera automatica en la hoja "Cantidades Ofertadas Prod3"
B27: * Se debe ofertar un unico precio por producto.
B28: * Para ofertas planas se debe diligenciar el anexo 3A, con un tope horario de 15.000 kWh
B33: ____________________________________________
B34: Firma del Representante Legal
B35: o Apoderado General (Responsable del negocio)
H36: =+C36-G36 -> 0
H37: =+C37-G37 -> 0

Sheet Anexo 3A
B3: ANEXO No 3A - PRODUCTO No. 3 - OFERTA PLANA
B4: PAGUE LO CONTRATADO AÑO 2029
B5: PRECIO OFERTADO EN $ / kWh DE FEBRERO DE 2026
B8: MES | C8: ENERGIA MAXIMA A OFERTAR kWh/MES | D8: kWh OFERTADO | E8: ENERGIA OFERTADA kWh/MES | F8: PRECIO OFERTADO ANUAL $/kWh
A9: 15000
A10: 31 | B10: 47119 | C10: =+$A$9*A10*24 -> 11160000 | E10: =+$D$10*A10*24 -> 0
A11: 28 | B11: 47150 | C11: =+$A$9*A11*24 -> 10080000 | E11: =+$D$10*A11*24 -> 0
A12: 31 | B12: 47178 | C12: =+$A$9*A12*24 -> 11160000 | E12: =+$D$10*A12*24 -> 0
A13: 30 | B13: 47209 | C13: =+$A$9*A13*24 -> 10800000 | E13: =+$D$10*A13*24 -> 0
A14: 31 | B14: 47239 | C14: =+$A$9*A14*24 -> 11160000 | E14: =+$D$10*A14*24 -> 0
A15: 30 | B15: 47270 | C15: =+$A$9*A15*24 -> 10800000 | E15: =+$D$10*A15*24 -> 0
A16: 31 | B16: 47300 | C16: =+$A$9*A16*24 -> 11160000 | E16: =+$D$10*A16*24 -> 0
A17: 31 | B17: 47331 | C17: =+$A$9*A17*24 -> 11160000 | E17: =+$D$10*A17*24 -> 0
A18: 30 | B18: 47362 | C18: =+$A$9*A18*24 -> 10800000 | E18: =+$D$10*A18*24 -> 0
A19: 31 | B19: 47392 | C19: =+$A$9*A19*24 -> 11160000 | E19: =+$D$10*A19*24 -> 0
A20: 30 | B20: 47423 | C20: =+$A$9*A20*24 -> 10800000 | E20: =+$D$10*A20*24 -> 0
A21: 31 | B21: 47453 | C21: =+$A$9*A21*24 -> 11160000 | E21: =+$D$10*A21*24 -> 0
B22: TOTAL | C22: =+SUM(C10:C21) -> 131400000 | E22: =SUM(E10:E21) -> 0 | F22: =+F10 -> 0
B23: *Solo se debe ingresar valores en las celdas en color Naranja
B24: * Se debe oferta un valor de kWh el cual se aplica para todas las horas del año, con un tope horario de 15.000 kWh
B25: * Se debe ofertar un unico precio por producto.
B26: * A las ofertas planas al momento de la evaluación se le adicionarán 5 $/kWh al precio ofertado; con el fin de hacerlas comparables con las Ofertas que siguen la curva
B29: ____________________________________________
B30: Firma del Representante Legal
B31: o Apoderado General (Responsable del negocio)

Sheet Anexo 7
A1: CURVAS REQUERIDAS PRODUCTO 3 AÑO 2029 MODALIDAD PAGUE LO CONTRATADO - kWh
A4: Periodo | B4: Tipo de día | C4: H01 | D4: H02 | E4: H03 | F4: H04 | G4: H05 | H4: H06 | I4: H07 | J4: H08 | K4: H09 | L4: H10 | M4: H11 | N4: H12 | O4: H13 | P4: H14 | Q4: H15 | R4: H16 | S4: H17 | T4: H18 | U4: H19 | V4: H20 | W4: H21 | X4: H22 | Y4: H23 | Z4: H24 | AA4: TOTAL DÍA | AB4: Días/ | AC4: TOTAL MES
AB5: mes
A6: 47119 | B6: O | C6: 13704 | D6: 12912 | E6: 12436 | F6: 12190 | G6: 12360 | H6: 13096 | I6: 13796 | J6: 15106 | K6: 16580 | L6: 17697 | M6: 18834 | N6: 19906 | O6: 19724 | P6: 19748 | Q6: 20077 | R6: 20140 | S6: 19909 | T6: 19478 | U6: 20909 | V6: 22102 | W6: 21300 | X6: 19894 | Y6: 17635 | Z6: 15354 | AA6: =SUM(C6:Z6) -> 414887 | AB6: 21 | AC6: =+AA6*AB6+AA7*AB7+AA8*AB8 -> 12622999
B7: S | C7: 14035 | D7: 13141 | E7: 12595 | F7: 12251 | G7: 12261 | H7: 12673 | I7: 13153 | J7: 14486 | K7: 16133 | L7: 17377 | M7: 18308 | N7: 19230 | O7: 19330 | P7: 19140 | Q7: 18932 | R7: 18830 | S7: 18688 | T7: 18670 | U7: 20465 | V7: 21743 | W7: 20869 | X7: 19566 | Y7: 17717 | Z7: 15864 | AA7: =SUM(C7:Z7) -> 405457 | AB7: 4
B8: F | C8: 14713 | D8: 13747 | E8: 13106 | F8: 12653 | G8: 12433 | H8: 12519 | I8: 12397 | J8: 13129 | K8: 14382 | L8: 15487 | M8: 16302 | N8: 17151 | O8: 17653 | P8: 17593 | Q8: 17274 | R8: 17090 | S8: 16997 | T8: 17090 | U8: 19047 | V8: 20445 | W8: 19875 | X8: 18656 | Y8: 16777 | Z8: 14908 | AA8: =SUM(C8:Z8) -> 381424 | AB8: 6
A9: 47150 | B9: O | C9: 13785 | D9: 13022 | E9: 12584 | F9: 12369 | G9: 12618 | H9: 13761 | I9: 14671 | J9: 15659 | K9: 16971 | L9: 17953 | M9: 19027 | N9: 20022 | O9: 19622 | P9: 19774 | Q9: 20236 | R9: 20319 | S9: 20093 | T9: 19568 | U9: 20661 | V9: 22225 | W9: 21454 | X9: 19983 | Y9: 17661 | Z9: 15350 | AA9: =SUM(C9:Z9) -> 419388 | AB9: 20 | AC9: =+AA9*AB9+AA10*AB10+AA11*AB11 -> 11622692
B10: S | C10: 14295 | D10: 13450 | E10: 12906 | F10: 12594 | G10: 12631 | H10: 13074 | I10: 13783 | J10: 15114 | K10: 16826 | L10: 18017 | M10: 18965 | N10: 19885 | O10: 19910 | P10: 19655 | Q10: 19436 | R10: 19317 | S10: 19153 | T10: 19093 | U10: 20544 | V10: 22117 | W10: 21251 | X10: 20020 | Y10: 18261 | Z10: 16306 | AA10: =SUM(C10:Z10) -> 416603 | AB10: 4
B11: F | C11: 14847 | D11: 13888 | E11: 13303 | F11: 12864 | G11: 12724 | H11: 12856 | I11: 12961 | J11: 13819 | K11: 15194 | L11: 16320 | M11: 17065 | N11: 17872 | O11: 18323 | P11: 18176 | Q11: 17816 | R11: 17598 | S11: 17488 | T11: 17580 | U11: 19141 | V11: 20879 | W11: 20349 | X11: 19086 | Y11: 17013 | Z11: 14968 | AA11: =SUM(C11:Z11) -> 392130 | AB11: 4
A12: 47178 | B12: O | C12: 13492 | D12: 12762 | E12: 12358 | F12: 12155 | G12: 12424 | H12: 13544 | I12: 14329 | J12: 15423 | K12: 16682 | L12: 17626 | M12: 18631 | N12: 19538 | O12: 19176 | P12: 19256 | Q12: 19654 | R12: 19718 | S12: 19546 | T12: 19176 | U12: 20540 | V12: 21875 | W12: 21080 | X12: 19583 | Y12: 17308 | Z12: 15061 | AA12: =SUM(C12:Z12) -> 410937 | AB12: 19 | AC12: =+AA12*AB12+AA13*AB13+AA14*AB14 -> 12480498
B13: S | C13: 13917 | D13: 13074 | E13: 12626 | F13: 12370 | G13: 12385 | H13: 12855 | I13: 13266 | J13: 14726 | K13: 16314 | L13: 17465 | M13: 18379 | N13: 19140 | O13: 19125 | P13: 18854 | Q13: 18651 | R13: 18497 | S13: 18299 | T13: 18313 | U13: 19969 | V13: 21228 | W13: 20405 | X13: 19228 | Y13: 17478 | Z13: 15709 | AA13: =SUM(C13:Z13) -> 402273 | AB13: 5
B14: F | C14: 14342 | D14: 13415 | E14: 12869 | F14: 12499 | G14: 12346 | H14: 12528 | I14: 12482 | J14: 13410 | K14: 14673 | L14: 15692 | M14: 16402 | N14: 17209 | O14: 17690 | P14: 17556 | Q14: 17187 | R14: 17022 | S14: 16915 | T14: 17047 | U14: 18836 | V14: 20319 | W14: 19747 | X14: 18564 | Y14: 16638 | Z14: 14802 | AA14: =SUM(C14:Z14) -> 380190 | AB14: 7
A15: 47209 | B15: O | C15: 13181 | D15: 12482 | E15: 12062 | F15: 11867 | G15: 12113 | H15: 13017 | I15: 13682 | J15: 14887 | K15: 16147 | L15: 17133 | M15: 18174 | N15: 19117 | O15: 18780 | P15: 18867 | Q15: 19240 | R15: 19278 | S15: 19084 | T15: 18802 | U15: 20443 | V15: 21419 | W15: 20666 | X15: 19155 | Y15: 16868 | Z15: 14681 | AA15: =SUM(C15:Z15) -> 401145 | AB15: 21 | AC15: =+AA15*AB15+AA16*AB16+AA17*AB17 -> 11865612
B16: S | C16: 13462 | D16: 12664 | E16: 12151 | F16: 11849 | G16: 11905 | H16: 12246 | I16: 12676 | J16: 14201 | K16: 15764 | L16: 16951 | M16: 17808 | N16: 18781 | O16: 18840 | P16: 18614 | Q16: 18408 | R16: 18266 | S16: 18214 | T16: 18301 | U16: 20168 | V16: 21201 | W16: 20333 | X16: 19074 | Y16: 17300 | Z16: 15491 | AA16: =SUM(C16:Z16) -> 394668 | AB16: 4
B17: F | C17: 14029 | D17: 13134 | E17: 12555 | F17: 12161 | G17: 12009 | H17: 11988 | I17: 12082 | J17: 13128 | K17: 14353 | L17: 15428 | M17: 16193 | N17: 16972 | O17: 17426 | P17: 17301 | Q17: 16909 | R17: 16724 | S17: 16619 | T17: 16769 | U17: 18762 | V17: 19956 | W17: 19331 | X17: 18113 | Y17: 16248 | Z17: 14389 | AA17: =SUM(C17:Z17) -> 372579 | AB17: 5
A18: 47239 | B18: O | C18: 13200 | D18: 12478 | E18: 12075 | F18: 11874 | G18: 12112 | H18: 12887 | I18: 13697 | J18: 14962 | K18: 16256 | L18: 17272 | M18: 18293 | N18: 19263 | O18: 18970 | P18: 18966 | Q18: 19259 | R18: 19293 | S18: 19096 | T18: 18865 | U18: 20579 | V18: 21550 | W18: 20708 | X18: 19193 | Y18: 16870 | Z18: 14718 | AA18: =SUM(C18:Z18) -> 402436 | AB18: 21 | AC18: =+AA18*AB18+AA19*AB19+AA20*AB20 -> 12317910
B19: S | C19: 13689 | D19: 12897 | E19: 12419 | F19: 12137 | G19: 12186 | H19: 12386 | I19: 13035 | J19: 14567 | K19: 16166 | L19: 17402 | M19: 18249 | N19: 19022 | O19: 19024 | P19: 18721 | Q19: 18413 | R19: 18227 | S19: 18092 | T19: 18259 | U19: 20288 | V19: 21111 | W19: 20274 | X19: 18991 | Y19: 17207 | Z19: 15428 | AA19: =SUM(C19:Z19) -> 398190 | AB19: 4
B20: F | C20: 13928 | D20: 13063 | E20: 12525 | F20: 12168 | G20: 12058 | H20: 11922 | I20: 12167 | J20: 13332 | K20: 14629 | L20: 15781 | M20: 16568 | N20: 17390 | O20: 17751 | P20: 17679 | Q20: 17250 | R20: 17732 | S20: 16949 | T20: 17135 | U20: 19196 | V20: 20393 | W20: 19750 | X20: 18455 | Y20: 16537 | Z20: 14641 | AA20: =SUM(C20:Z20) -> 378999 | AB20: 6
A21: 47270 | B21: O | C21: 13045 | D21: 12307 | E21: 11938 | F21: 11740 | G21: 11959 | H21: 12624 | I21: 13501 | J21: 14837 | K21: 16186 | L21: 17192 | M21: 18244 | N21: 19225 | O21: 18908 | P21: 18887 | Q21: 19248 | R21: 19268 | S21: 19072 | T21: 18777 | U21: 20143 | V21: 21418 | W21: 20619 | X21: 19118 | Y21: 16761 | Z21: 14576 | AA21: =SUM(C21:Z21) -> 399593 | AB21: 19 | AC21: =+AA21*AB21+AA22*AB22+AA23*AB23 -> 11913904
B22: S | C22: 13675 | D22: 12824 | E22: 12336 | F22: 12060 | G22: 12084 | H22: 12280 | I22: 12922 | J22: 14437 | K22: 16148 | L22: 17322 | M22: 18239 | N22: 19033 | O22: 19085 | P22: 18890 | Q22: 18688 | R22: 18653 | S22: 18514 | T22: 18653 | U22: 20394 | V22: 21512 | W22: 20630 | X22: 19370 | Y22: 17505 | Z22: 15607 | AA22: =SUM(C22:Z22) -> 400861 | AB22: 5
B23: F | C23: 14232 | D23: 13325 | E23: 12798 | F23: 12439 | G23: 12354 | H23: 12340 | I23: 12504 | J23: 13719 | K23: 15069 | L23: 16112 | M23: 16970 | N23: 17799 | O23: 18095 | P23: 17970 | Q23: 17622 | R23: 17458 | S23: 17369 | T23: 17511 | U23: 19278 | V23: 20695 | W23: 20085 | X23: 18774 | Y23: 16805 | Z23: 14899 | AA23: =SUM(C23:Z23) -> 386222 | AB23: 6
A24: 47300 | B24: O | C24: 13658 | D24: 12880 | E24: 12432 | F24: 12188 | G24: 12396 | H24: 13058 | I24: 13771 | J24: 15262 | K24: 16711 | L24: 17847 | M24: 18946 | N24: 19921 | O24: 19576 | P24: 19618 | Q24: 19978 | R24: 20018 | S24: 19735 | T24: 19241 | U24: 20371 | V24: 21886 | W24: 21178 | X24: 19751 | Y24: 17396 | Z24: 15229 | AA24: =SUM(C24:Z24) -> 413047 | AB24: 20 | AC24: =+AA24*AB24+AA25*AB25+AA26*AB26 -> 12586949
B25: S | C25: 13688 | D25: 12796 | E25: 12342 | F25: 12038 | G25: 12067 | H25: 12321 | I25: 12933 | J25: 14738 | K25: 16457 | L25: 17633 | M25: 18558 | N25: 19340 | O25: 19304 | P25: 19001 | Q25: 18726 | R25: 18584 | S25: 18419 | T25: 18474 | U25: 19854 | V25: 21313 | W25: 20499 | X25: 19334 | Y25: 17511 | Z25: 15706 | AA25: =SUM(C25:Z25) -> 401636 | AB25: 4
B26: F | C26: 14526 | D26: 13634 | E26: 13045 | F26: 12660 | G26: 12540 | H26: 12544 | I26: 12627 | J26: 13775 | K26: 15152 | L26: 16294 | M26: 17125 | N26: 17896 | O26: 18278 | P26: 18077 | Q26: 17678 | R26: 17466 | S26: 17302 | T26: 17377 | U26: 18840 | V26: 20639 | W26: 20113 | X26: 18903 | Y26: 16935 | Z26: 15069 | AA26: =SUM(C26:Z26) -> 388495 | AB26: 7
A27: 47331 | B27: O | C27: 13818 | D27: 13082 | E27: 12675 | F27: 12435 | G27: 12653 | H27: 13530 | I27: 14311 | J27: 15639 | K27: 17028 | L27: 18091 | M27: 19218 | N27: 20205 | O27: 19857 | P27: 20015 | Q27: 20421 | R27: 20453 | S27: 20159 | T27: 19649 | U27: 21024 | V27: 22298 | W27: 21519 | X27: 20015 | Y27: 17630 | Z27: 15478 | AA27: =SUM(C27:Z27) -> 421203 | AB27: 21 | AC27: =+AA27*AB27+AA28*AB28+AA29*AB29 -> 12849499
B28: S | C28: 14383 | D28: 13585 | E28: 13085 | F28: 12711 | G28: 12683 | H28: 13035 | I28: 13453 | J28: 15155 | K28: 16877 | L28: 18057 | M28: 19092 | N28: 19874 | O28: 19880 | P28: 19666 | Q28: 19461 | R28: 19342 | S28: 19083 | T28: 19047 | U28: 20750 | V28: 21874 | W28: 21046 | X28: 19844 | Y28: 18094 | Z28: 16210 | AA28: =SUM(C28:Z28) -> 416287 | AB28: 4
B29: F | C29: 14652 | D29: 13743 | E29: 13144 | F29: 12763 | G29: 12639 | H29: 12681 | I29: 12679 | J29: 13873 | K29: 15222 | L29: 16334 | M29: 17122 | N29: 17938 | O29: 18359 | P29: 18194 | Q29: 17748 | R29: 17449 | S29: 17336 | T29: 17384 | U29: 19150 | V29: 20684 | W29: 20071 | X29: 18811 | Y29: 16891 | Z29: 14981 | AA29: =SUM(C29:Z29) -> 389848 | AB29: 6
A30: 47362 | B30: O | C30: 14065 | D30: 13291 | E30: 12807 | F30: 12595 | G30: 12799 | H30: 13638 | I30: 14446 | J30: 15816 | K30: 17193 | L30: 18337 | M30: 19473 | N30: 20514 | O30: 20157 | P30: 20302 | Q30: 20777 | R30: 20896 | S30: 20596 | T30: 20173 | U30: 22061 | V30: 22571 | W30: 21723 | X30: 20191 | Y30: 17758 | Z30: 15611 | AA30: =SUM(C30:Z30) -> 427790 | AB30: 20 | AC30: =+AA30*AB30+AA31*AB31+AA32*AB32 -> 12582070
B31: S | C31: 14441 | D31: 13519 | E31: 13020 | F31: 12747 | G31: 12758 | H31: 12876 | I31: 13521 | J31: 15356 | K31: 17106 | L31: 18354 | M31: 19342 | N31: 20133 | O31: 20083 | P31: 19827 | Q31: 19589 | R31: 19417 | S31: 19250 | T31: 19393 | U31: 21464 | V31: 21926 | W31: 20964 | X31: 19734 | Y31: 17938 | Z31: 16103 | AA31: =SUM(C31:Z31) -> 418861 | AB31: 5
B32: F | C32: 14703 | D32: 13821 | E32: 13241 | F32: 12792 | G32: 12589 | H32: 12436 | I32: 12530 | J32: 13703 | K32: 15025 | L32: 16110 | M32: 16866 | N32: 17587 | O32: 18005 | P32: 17877 | Q32: 17500 | R32: 17317 | S32: 17198 | T32: 17335 | U32: 19595 | V32: 20365 | W32: 19801 | X32: 18567 | Y32: 16639 | Z32: 14791 | AA32: =SUM(C32:Z32) -> 386393 | AB32: 5
A33: 47392 | B33: O | C33: 13329 | D33: 12614 | E33: 12217 | F33: 12004 | G33: 12240 | H33: 12916 | I33: 13776 | J33: 15066 | K33: 16362 | L33: 17383 | M33: 18442 | N33: 19423 | O33: 19082 | P33: 19187 | Q33: 19627 | R33: 19721 | S33: 19503 | T33: 19560 | U33: 21723 | V33: 21612 | W33: 20663 | X33: 19114 | Y33: 16840 | Z33: 14817 | AA33: =SUM(C33:Z33) -> 407221 | AB33: 22 | AC33: =+AA33*AB33+AA34*AB34+AA35*AB35 -> 12498517
B34: S | C34: 14032 | D34: 13232 | E34: 12746 | F34: 12424 | G34: 12489 | H34: 12682 | I34: 13399 | J34: 15049 | K34: 16693 | L34: 17835 | M34: 18807 | N34: 19622 | O34: 19654 | P34: 19432 | Q34: 19195 | R34: 19049 | S34: 18877 | T34: 19472 | U34: 21944 | V34: 21905 | W34: 20977 | X34: 19572 | Y34: 17841 | Z34: 15957 | AA34: =SUM(C34:Z34) -> 412885 | AB34: 4
B35: F | C35: 14079 | D35: 13227 | E35: 12639 | F35: 12228 | G35: 12097 | H35: 11927 | I35: 12155 | J35: 13271 | K35: 14536 | L35: 15648 | M35: 16436 | N35: 17212 | O35: 17647 | P35: 17502 | Q35: 17169 | R35: 17001 | S35: 16904 | T35: 17425 | U35: 19915 | V35: 20119 | W35: 19473 | X35: 18202 | Y35: 16314 | Z35: 14497 | AA35: =SUM(C35:Z35) -> 377623 | AB35: 5
A36: 47423 | B36: O | C36: 13083 | D36: 12370 | E36: 11974 | F36: 11789 | G36: 12063 | H36: 12834 | I36: 13750 | J36: 15060 | K36: 16332 | L36: 17315 | M36: 18368 | N36: 19378 | O36: 18982 | P36: 18993 | Q36: 19423 | R36: 19403 | S36: 19244 | T36: 19506 | U36: 21765 | V36: 21645 | W36: 20683 | X36: 19052 | Y36: 16710 | Z36: 14615 | AA36: =SUM(C36:Z36) -> 404337 | AB36: 20 | AC36: =+AA36*AB36+AA37*AB37+AA38*AB38 -> 11875292
B37: S | C37: 13434 | D37: 12676 | E37: 12214 | F37: 11918 | G37: 11970 | H37: 12119 | I37: 12780 | J37: 14299 | K37: 15907 | L37: 17027 | M37: 17923 | N37: 18747 | O37: 18670 | P37: 18322 | Q37: 18220 | R37: 18162 | S37: 18056 | T37: 18703 | U37: 21217 | V37: 21154 | W37: 20185 | X37: 18946 | Y37: 17112 | Z37: 15269 | AA37: =SUM(C37:Z37) -> 395030 | AB37: 4
B38: F | C38: 13489 | D38: 12677 | E38: 12127 | F38: 11724 | G38: 11670 | H38: 11526 | I38: 11800 | J38: 12962 | K38: 14231 | L38: 15320 | M38: 16112 | N38: 16917 | O38: 17316 | P38: 17158 | Q38: 16777 | R38: 16507 | S38: 16430 | T38: 17016 | U38: 19551 | V38: 19787 | W38: 19135 | X38: 17844 | Y38: 15912 | Z38: 14084 | AA38: =SUM(C38:Z38) -> 368072 | AB38: 6
A39: 47453 | B39: O | C39: 14016 | D39: 13168 | E39: 12678 | F39: 12426 | G39: 12600 | H39: 13152 | I39: 13767 | J39: 15387 | K39: 16900 | L39: 18018 | M39: 19039 | N39: 20073 | O39: 19876 | P39: 19860 | Q39: 20153 | R39: 20128 | S39: 19838 | T39: 19705 | U39: 21903 | V39: 22243 | W39: 21380 | X39: 20000 | Y39: 17884 | Z39: 15858 | AA39: =SUM(C39:Z39) -> 420052 | AB39: 20 | AC39: =+AA39*AB39+AA40*AB40+AA41*AB41 -> 12703810
B40: S | C40: 14150 | D40: 13295 | E40: 12807 | F40: 12484 | G40: 12501 | H40: 12813 | I40: 13189 | J40: 14704 | K40: 16249 | L40: 17326 | M40: 18192 | N40: 18913 | O40: 18912 | P40: 18642 | Q40: 18468 | R40: 18276 | S40: 18139 | T40: 18464 | U40: 20918 | V40: 21206 | W40: 20357 | X40: 19144 | Y40: 17413 | Z40: 15741 | AA40: =SUM(C40:Z40) -> 402303 | AB40: 4
B41: F | C41: 14619 | D41: 13728 | E41: 13106 | F41: 12664 | G41: 12491 | H41: 12428 | I41: 12408 | J41: 13413 | K41: 14661 | L41: 15758 | M41: 16580 | N41: 17351 | O41: 17767 | P41: 17745 | Q41: 17464 | R41: 17286 | S41: 17184 | T41: 17509 | U41: 19962 | V41: 20459 | W41: 19760 | X41: 18565 | Y41: 16818 | Z41: 15068 | AA41: =SUM(C41:Z41) -> 384794 | AB41: 7
A42: TOTAL AÑO | C42: =+SUM(C6:C41) -> 501736 | D42: =+SUM(D6:D41) -> 471923 | E42: =+SUM(E6:E41) -> 453941 | F42: =+SUM(F6:F41) -> 442830 | G42: =+SUM(G6:G41) -> 444207 | H42: =+SUM(H6:H41) -> 457112 | I42: =+SUM(I6:I41) -> 474399 | J42: =+SUM(J6:J41) -> 521470 | ... AC42: =+SUM(AC6:AC41) -> 147919752

Sheet Cantidades Ofertadas Prod 3
A1: CANTIDADES OFERTADAS PRODUCTO 3 AÑO 2029 MODALIDAD PAGUE LO CONTRATADO - kWh
A4: Periodo | B4: Tipo de día | C4: H01 | D4: H02 | E4: H03 | F4: H04 | G4: H05 | H4: H06 | I4: H07 | J4: H08 | K4: H09 | L4: H10 | M4: H11 | N4: H12 | O4: H13 | P4: H14 | Q4: H15 | R4: H16 | S4: H17 | T4: H18 | U4: H19 | V4: H20 | W4: H21 | X4: H22 | Y4: H23 | Z4: H24 | AA4: TOTAL DÍA | AB4: Días/ | AC4: TOTAL MES
AB5: mes
A6: 47119 | B6: O | C6: =ROUND('Anexo 7'!C6*'Anexo 3'!$D$10,0) -> 0 | D6: =ROUND('Anexo 7'!D6*'Anexo 3'!$D$10,0) -> 0 | E6: =ROUND('Anexo 7'!E6*'Anexo 3'!$D$10,0) -> 0 | F6: =ROUND('Anexo 7'!F6*'Anexo 3'!$D$10,0) -> 0 | G6: =ROUND('Anexo 7'!G6*'Anexo 3'!$D$10,0) -> 0 | H6: =ROUND('Anexo 7'!H6*'Anexo 3'!$D$10,0) -> 0 | I6: =ROUND('Anexo 7'!I6*'Anexo 3'!$D$10,0) -> 0 | J6: =ROUND('Anexo 7'!J6*'Anexo 3'!$D$10,0) -> 0 | ... Z6: =ROUND('Anexo 7'!Z6*'Anexo 3'!$D$10,0) -> 0 | AA6: =SUM(C6:Z6) -> 0 | AB6: 21 | AC6: =+AA6*AB6+AA7*AB7+AA8*AB8 -> 0
B7: S | C7: =ROUND('Anexo 7'!C7*'Anexo 3'!$D$10,0) -> 0 | D7: =ROUND('Anexo 7'!D7*'Anexo 3'!$D$10,0) -> 0 | E7: =ROUND('Anexo 7'!E7*'Anexo 3'!$D$10,0) -> 0 | F7: =ROUND('Anexo 7'!F7*'Anexo 3'!$D$10,0) -> 0 | G7: =ROUND('Anexo 7'!G7*'Anexo 3'!$D$10,0) -> 0 | H7: =ROUND('Anexo 7'!H7*'Anexo 3'!$D$10,0) -> 0 | I7: =ROUND('Anexo 7'!I7*'Anexo 3'!$D$10,0) -> 0 | J7: =ROUND('Anexo 7'!J7*'Anexo 3'!$D$10,0) -> 0 | ... Z7: =ROUND('Anexo 7'!Z7*'Anexo 3'!$D$10,0) -> 0 | AA7: =SUM(C7:Z7) -> 0 | AB7: 4
B8: F | C8: =ROUND('Anexo 7'!C8*'Anexo 3'!$D$10,0) -> 0 | D8: =ROUND('Anexo 7'!D8*'Anexo 3'!$D$10,0) -> 0 | E8: =ROUND('Anexo 7'!E8*'Anexo 3'!$D$10,0) -> 0 | F8: =ROUND('Anexo 7'!F8*'Anexo 3'!$D$10,0) -> 0 | G8: =ROUND('Anexo 7'!G8*'Anexo 3'!$D$10,0) -> 0 | H8: =ROUND('Anexo 7'!H8*'Anexo 3'!$D$10,0) -> 0 | I8: =ROUND('Anexo 7'!I8*'Anexo 3'!$D$10,0) -> 0 | J8: =ROUND('Anexo 7'!J8*'Anexo 3'!$D$10,0) -> 0 | ... Z8: =ROUND('Anexo 7'!Z8*'Anexo 3'!$D$10,0) -> 0 | AA8: =SUM(C8:Z8) -> 0 | AB8: 6
A9: 47150 | B9: O | C9: =ROUND('Anexo 7'!C9*'Anexo 3'!$D$10,0) -> 0 | D9: =ROUND('Anexo 7'!D9*'Anexo 3'!$D$10,0) -> 0 | E9: =ROUND('Anexo 7'!E9*'Anexo 3'!$D$10,0) -> 0 | F9: =ROUND('Anexo 7'!F9*'Anexo 3'!$D$10,0) -> 0 | G9: =ROUND('Anexo 7'!G9*'Anexo 3'!$D$10,0) -> 0 | H9: =ROUND('Anexo 7'!H9*'Anexo 3'!$D$10,0) -> 0 | I9: =ROUND('Anexo 7'!I9*'Anexo 3'!$D$10,0) -> 0 | J9: =ROUND('Anexo 7'!J9*'Anexo 3'!$D$10,0) -> 0 | ... Z9: =ROUND('Anexo 7'!Z9*'Anexo 3'!$D$10,0) -> 0 | AA9: =SUM(C9:Z9) -> 0 | AB9: 20 | AC9: =+AA9*AB9+AA10*AB10+AA11*AB11 -> 0
B10: S | C10: =ROUND('Anexo 7'!C10*'Anexo 3'!$D$10,0) -> 0 | D10: =ROUND('Anexo 7'!D10*'Anexo 3'!$D$10,0) -> 0 | E10: =ROUND('Anexo 7'!E10*'Anexo 3'!$D$10,0) -> 0 | F10: =ROUND('Anexo 7'!F10*'Anexo 3'!$D$10,0) -> 0 | G10: =ROUND('Anexo 7'!G10*'Anexo 3'!$D$10,0) -> 0 | H10: =ROUND('Anexo 7'!H10*'Anexo 3'!$D$10,0) -> 0 | I10: =ROUND('Anexo 7'!I10*'Anexo 3'!$D$10,0) -> 0 | J10: =ROUND('Anexo 7'!J10*'Anexo 3'!$D$10,0) -> 0 | ... Z10: =ROUND('Anexo 7'!Z10*'Anexo 3'!$D$10,0) -> 0 | AA10: =SUM(C10:Z10) -> 0 | AB10: 4
B11: F | C11: =ROUND('Anexo 7'!C11*'Anexo 3'!$D$10,0) -> 0 | D11: =ROUND('Anexo 7'!D11*'Anexo 3'!$D$10,0) -> 0 | E11: =ROUND('Anexo 7'!E11*'Anexo 3'!$D$10,0) -> 0 | F11: =ROUND('Anexo 7'!F11*'Anexo 3'!$D$10,0) -> 0 | G11: =ROUND('Anexo 7'!G11*'Anexo 3'!$D$10,0) -> 0 | H11: =ROUND('Anexo 7'!H11*'Anexo 3'!$D$10,0) -> 0 | I11: =ROUND('Anexo 7'!I11*'Anexo 3'!$D$10,0) -> 0 | J11: =ROUND('Anexo 7'!J11*'Anexo 3'!$D$10,0) -> 0 | ... Z11: =ROUND('Anexo 7'!Z11*'Anexo 3'!$D$10,0) -> 0 | AA11: =SUM(C11:Z11) -> 0 | AB11: 4
A12: 47178 | B12: O | C12: =ROUND('Anexo 7'!C12*'Anexo 3'!$D$10,0) -> 0 | D12: =ROUND('Anexo 7'!D12*'Anexo 3'!$D$10,0) -> 0 | E12: =ROUND('Anexo 7'!E12*'Anexo 3'!$D$10,0) -> 0 | F12: =ROUND('Anexo 7'!F12*'Anexo 3'!$D$10,0) -> 0 | G12: =ROUND('Anexo 7'!G12*'Anexo 3'!$D$10,0) -> 0 | H12: =ROUND('Anexo 7'!H12*'Anexo 3'!$D$10,0) -> 0 | I12: =ROUND('Anexo 7'!I12*'Anexo 3'!$D$10,0) -> 0 | J12: =ROUND('Anexo 7'!J12*'Anexo 3'!$D$10,0) -> 0 | ... Z12: =ROUND('Anexo 7'!Z12*'Anexo 3'!$D$10,0) -> 0 | AA12: =SUM(C12:Z12) -> 0 | AB12: 19 | AC12: =+AA12*AB12+AA13*AB13+AA14*AB14 -> 0
B13: S | C13: =ROUND('Anexo 7'!C13*'Anexo 3'!$D$10,0) -> 0 | D13: =ROUND('Anexo 7'!D13*'Anexo 3'!$D$10,0) -> 0 | E13: =ROUND('Anexo 7'!E13*'Anexo 3'!$D$10,0) -> 0 | F13: =ROUND('Anexo 7'!F13*'Anexo 3'!$D$10,0) -> 0 | G13: =ROUND('Anexo 7'!G13*'Anexo 3'!$D$10,0) -> 0 | H13: =ROUND('Anexo 7'!H13*'Anexo 3'!$D$10,0) -> 0 | I13: =ROUND('Anexo 7'!I13*'Anexo 3'!$D$10,0) -> 0 | J13: =ROUND('Anexo 7'!J13*'Anexo 3'!$D$10,0) -> 0 | ... Z13: =ROUND('Anexo 7'!Z13*'Anexo 3'!$D$10,0) -> 0 | AA13: =SUM(C13:Z13) -> 0 | AB13: 5
B14: F | C14: =ROUND('Anexo 7'!C14*'Anexo 3'!$D$10,0) -> 0 | D14: =ROUND('Anexo 7'!D14*'Anexo 3'!$D$10,0) -> 0 | E14: =ROUND('Anexo 7'!E14*'Anexo 3'!$D$10,0) -> 0 | F14: =ROUND('Anexo 7'!F14*'Anexo 3'!$D$10,0) -> 0 | G14: =ROUND('Anexo 7'!G14*'Anexo 3'!$D$10,0) -> 0 | H14: =ROUND('Anexo 7'!H14*'Anexo 3'!$D$10,0) -> 0 | I14: =ROUND('Anexo 7'!I14*'Anexo 3'!$D$10,0) -> 0 | J14: =ROUND('Anexo 7'!J14*'Anexo 3'!$D$10,0) -> 0 | ... Z14: =ROUND('Anexo 7'!Z14*'Anexo 3'!$D$10,0) -> 0 | AA14: =SUM(C14:Z14) -> 0 | AB14: 7
A15: 47209 | B15: O | C15: =ROUND('Anexo 7'!C15*'Anexo 3'!$D$10,0) -> 0 | D15: =ROUND('Anexo 7'!D15*'Anexo 3'!$D$10,0) -> 0 | E15: =ROUND('Anexo 7'!E15*'Anexo 3'!$D$10,0) -> 0 | F15: =ROUND('Anexo 7'!F15*'Anexo 3'!$D$10,0) -> 0 | G15: =ROUND('Anexo 7'!G15*'Anexo 3'!$D$10,0) -> 0 | H15: =ROUND('Anexo 7'!H15*'Anexo 3'!$D$10,0) -> 0 | I15: =ROUND('Anexo 7'!I15*'Anexo 3'!$D$10,0) -> 0 | J15: =ROUND('Anexo 7'!J15*'Anexo 3'!$D$10,0) -> 0 | ... Z15: =ROUND('Anexo 7'!Z15*'Anexo 3'!$D$10,0) -> 0 | AA15: =SUM(C15:Z15) -> 0 | AB15: 21 | AC15: =+AA15*AB15+AA16*AB16+AA17*AB17 -> 0
B16: S | C16: =ROUND('Anexo 7'!C16*'Anexo 3'!$D$10,0) -> 0 | D16: =ROUND('Anexo 7'!D16*'Anexo 3'!$D$10,0) -> 0 | E16: =ROUND('Anexo 7'!E16*'Anexo 3'!$D$10,0) -> 0 | F16: =ROUND('Anexo 7'!F16*'Anexo 3'!$D$10,0) -> 0 | G16: =ROUND('Anexo 7'!G16*'Anexo 3'!$D$10,0) -> 0 | H16: =ROUND('Anexo 7'!H16*'Anexo 3'!$D$10,0) -> 0 | I16: =ROUND('Anexo 7'!I16*'Anexo 3'!$D$10,0) -> 0 | J16: =ROUND('Anexo 7'!J16*'Anexo 3'!$D$10,0) -> 0 | ... Z16: =ROUND('Anexo 7'!Z16*'Anexo 3'!$D$10,0) -> 0 | AA16: =SUM(C16:Z16) -> 0 | AB16: 4
B17: F | C17: =ROUND('Anexo 7'!C17*'Anexo 3'!$D$10,0) -> 0 | D17: =ROUND('Anexo 7'!D17*'Anexo 3'!$D$10,0) -> 0 | E17: =ROUND('Anexo 7'!E17*'Anexo 3'!$D$10,0) -> 0 | F17: =ROUND('Anexo 7'!F17*'Anexo 3'!$D$10,0) -> 0 | G17: =ROUND('Anexo 7'!G17*'Anexo 3'!$D$10,0) -> 0 | H17: =ROUND('Anexo 7'!H17*'Anexo 3'!$D$10,0) -> 0 | I17: =ROUND('Anexo 7'!I17*'Anexo 3'!$D$10,0) -> 0 | J17: =ROUND('Anexo 7'!J17*'Anexo 3'!$D$10,0) -> 0 | ... Z17: =ROUND('Anexo 7'!Z17*'Anexo 3'!$D$10,0) -> 0 | AA17: =SUM(C17:Z17) -> 0 | AB17: 5
A18: 47239 | B18: O | C18: =ROUND('Anexo 7'!C18*'Anexo 3'!$D$10,0) -> 0 | D18: =ROUND('Anexo 7'!D18*'Anexo 3'!$D$10,0) -> 0 | E18: =ROUND('Anexo 7'!E18*'Anexo 3'!$D$10,0) -> 0 | F18: =ROUND('Anexo 7'!F18*'Anexo 3'!$D$10,0) -> 0 | G18: =ROUND('Anexo 7'!G18*'Anexo 3'!$D$10,0) -> 0 | H18: =ROUND('Anexo 7'!H18*'Anexo 3'!$D$10,0) -> 0 | I18: =ROUND('Anexo 7'!I18*'Anexo 3'!$D$10,0) -> 0 | J18: =ROUND('Anexo 7'!J18*'Anexo 3'!$D$10,0) -> 0 | ... Z18: =ROUND('Anexo 7'!Z18*'Anexo 3'!$D$10,0) -> 0 | AA18: =SUM(C18:Z18) -> 0 | AB18: 21 | AC18: =+AA18*AB18+AA19*AB19+AA20*AB20 -> 0
B19: S | C19: =ROUND('Anexo 7'!C19*'Anexo 3'!$D$10,0) -> 0 | D19: =ROUND('Anexo 7'!D19*'Anexo 3'!$D$10,0) -> 0 | E19: =ROUND('Anexo 7'!E19*'Anexo 3'!$D$10,0) -> 0 | F19: =ROUND('Anexo 7'!F19*'Anexo 3'!$D$10,0) -> 0 | G19: =ROUND('Anexo 7'!G19*'Anexo 3'!$D$10,0) -> 0 | H19: =ROUND('Anexo 7'!H19*'Anexo 3'!$D$10,0) -> 0 | I19: =ROUND('Anexo 7'!I19*'Anexo 3'!$D$10,0) -> 0 | J19: =ROUND('Anexo 7'!J19*'Anexo 3'!$D$10,0) -> 0 | ... Z19: =ROUND('Anexo 7'!Z19*'Anexo 3'!$D$10,0) -> 0 | AA19: =SUM(C19:Z19) -> 0 | AB19: 4
B20: F | C20: =ROUND('Anexo 7'!C20*'Anexo 3'!$D$10,0) -> 0 | D20: =ROUND('Anexo 7'!D20*'Anexo 3'!$D$10,0) -> 0 | E20: =ROUND('Anexo 7'!E20*'Anexo 3'!$D$10,0) -> 0 | F20: =ROUND('Anexo 7'!F20*'Anexo 3'!$D$10,0) -> 0 | G20: =ROUND('Anexo 7'!G20*'Anexo 3'!$D$10,0) -> 0 | H20: =ROUND('Anexo 7'!H20*'Anexo 3'!$D$10,0) -> 0 | I20: =ROUND('Anexo 7'!I20*'Anexo 3'!$D$10,0) -> 0 | J20: =ROUND('Anexo 7'!J20*'Anexo 3'!$D$10,0) -> 0 | ... Z20: =ROUND('Anexo 7'!Z20*'Anexo 3'!$D$10,0) -> 0 | AA20: =SUM(C20:Z20) -> 0 | AB20: 6
A21: 47270 | B21: O | C21: =ROUND('Anexo 7'!C21*'Anexo 3'!$D$10,0) -> 0 | D21: =ROUND('Anexo 7'!D21*'Anexo 3'!$D$10,0) -> 0 | E21: =ROUND('Anexo 7'!E21*'Anexo 3'!$D$10,0) -> 0 | F21: =ROUND('Anexo 7'!F21*'Anexo 3'!$D$10,0) -> 0 | G21: =ROUND('Anexo 7'!G21*'Anexo 3'!$D$10,0) -> 0 | H21: =ROUND('Anexo 7'!H21*'Anexo 3'!$D$10,0) -> 0 | I21: =ROUND('Anexo 7'!I21*'Anexo 3'!$D$10,0) -> 0 | J21: =ROUND('Anexo 7'!J21*'Anexo 3'!$D$10,0) -> 0 | ... Z21: =ROUND('Anexo 7'!Z21*'Anexo 3'!$D$10,0) -> 0 | AA21: =SUM(C21:Z21) -> 0 | AB21: 19 | AC21: =+AA21*AB21+AA22*AB22+AA23*AB23 -> 0
B22: S | C22: =ROUND('Anexo 7'!C22*'Anexo 3'!$D$10,0) -> 0 | D22: =ROUND('Anexo 7'!D22*'Anexo 3'!$D$10,0) -> 0 | E22: =ROUND('Anexo 7'!E22*'Anexo 3'!$D$10,0) -> 0 | F22: =ROUND('Anexo 7'!F22*'Anexo 3'!$D$10,0) -> 0 | G22: =ROUND('Anexo 7'!G22*'Anexo 3'!$D$10,0) -> 0 | H22: =ROUND('Anexo 7'!H22*'Anexo 3'!$D$10,0) -> 0 | I22: =ROUND('Anexo 7'!I22*'Anexo 3'!$D$10,0) -> 0 | J22: =ROUND('Anexo 7'!J22*'Anexo 3'!$D$10,0) -> 0 | ... Z22: =ROUND('Anexo 7'!Z22*'Anexo 3'!$D$10,0) -> 0 | AA22: =SUM(C22:Z22) -> 0 | AB22: 5
B23: F | C23: =ROUND('Anexo 7'!C23*'Anexo 3'!$D$10,0) -> 0 | D23: =ROUND('Anexo 7'!D23*'Anexo 3'!$D$10,0) -> 0 | E23: =ROUND('Anexo 7'!E23*'Anexo 3'!$D$10,0) -> 0 | F23: =ROUND('Anexo 7'!F23*'Anexo 3'!$D$10,0) -> 0 | G23: =ROUND('Anexo 7'!G23*'Anexo 3'!$D$10,0) -> 0 | H23: =ROUND('Anexo 7'!H23*'Anexo 3'!$D$10,0) -> 0 | I23: =ROUND('Anexo 7'!I23*'Anexo 3'!$D$10,0) -> 0 | J23: =ROUND('Anexo 7'!J23*'Anexo 3'!$D$10,0) -> 0 | ... Z23: =ROUND('Anexo 7'!Z23*'Anexo 3'!$D$10,0) -> 0 | AA23: =SUM(C23:Z23) -> 0 | AB23: 6
A24: 47300 | B24: O | C24: =ROUND('Anexo 7'!C24*'Anexo 3'!$D$10,0) -> 0 | D24: =ROUND('Anexo 7'!D24*'Anexo 3'!$D$10,0) -> 0 | E24: =ROUND('Anexo 7'!E24*'Anexo 3'!$D$10,0) -> 0 | F24: =ROUND('Anexo 7'!F24*'Anexo 3'!$D$10,0) -> 0 | G24: =ROUND('Anexo 7'!G24*'Anexo 3'!$D$10,0) -> 0 | H24: =ROUND('Anexo 7'!H24*'Anexo 3'!$D$10,0) -> 0 | I24: =ROUND('Anexo 7'!I24*'Anexo 3'!$D$10,0) -> 0 | J24: =ROUND('Anexo 7'!J24*'Anexo 3'!$D$10,0) -> 0 | ... Z24: =ROUND('Anexo 7'!Z24*'Anexo 3'!$D$10,0) -> 0 | AA24: =SUM(C24:Z24) -> 0 | AB24: 20 | AC24: =+AA24*AB24+AA25*AB25+AA26*AB26 -> 0
B25: S | C25: =ROUND('Anexo 7'!C25*'Anexo 3'!$D$10,0) -> 0 | D25: =ROUND('Anexo 7'!D25*'Anexo 3'!$D$10,0) -> 0 | E25: =ROUND('Anexo 7'!E25*'Anexo 3'!$D$10,0) -> 0 | F25: =ROUND('Anexo 7'!F25*'Anexo 3'!$D$10,0) -> 0 | G25: =ROUND('Anexo 7'!G25*'Anexo 3'!$D$10,0) -> 0 | H25: =ROUND('Anexo 7'!H25*'Anexo 3'!$D$10,0) -> 0 | I25: =ROUND('Anexo 7'!I25*'Anexo 3'!$D$10,0) -> 0 | J25: =ROUND('Anexo 7'!J25*'Anexo 3'!$D$10,0) -> 0 | ... Z25: =ROUND('Anexo 7'!Z25*'Anexo 3'!$D$10,0) -> 0 | AA25: =SUM(C25:Z25) -> 0 | AB25: 4
B26: F | C26: =ROUND('Anexo 7'!C26*'Anexo 3'!$D$10,0) -> 0 | D26: =ROUND('Anexo 7'!D26*'Anexo 3'!$D$10,0) -> 0 | E26: =ROUND('Anexo 7'!E26*'Anexo 3'!$D$10,0) -> 0 | F26: =ROUND('Anexo 7'!F26*'Anexo 3'!$D$10,0) -> 0 | G26: =ROUND('Anexo 7'!G26*'Anexo 3'!$D$10,0) -> 0 | H26: =ROUND('Anexo 7'!H26*'Anexo 3'!$D$10,0) -> 0 | I26: =ROUND('Anexo 7'!I26*'Anexo 3'!$D$10,0) -> 0 | J26: =ROUND('Anexo 7'!J26*'Anexo 3'!$D$10,0) -> 0 | ... Z26: =ROUND('Anexo 7'!Z26*'Anexo 3'!$D$10,0) -> 0 | AA26: =SUM(C26:Z26) -> 0 | AB26: 7
A27: 47331 | B27: O | C27: =ROUND('Anexo 7'!C27*'Anexo 3'!$D$10,0) -> 0 | D27: =ROUND('Anexo 7'!D27*'Anexo 3'!$D$10,0) -> 0 | E27: =ROUND('Anexo 7'!E27*'Anexo 3'!$D$10,0) -> 0 | F27: =ROUND('Anexo 7'!F27*'Anexo 3'!$D$10,0) -> 0 | G27: =ROUND('Anexo 7'!G27*'Anexo 3'!$D$10,0) -> 0 | H27: =ROUND('Anexo 7'!H27*'Anexo 3'!$D$10,0) -> 0 | I27: =ROUND('Anexo 7'!I27*'Anexo 3'!$D$10,0) -> 0 | J27: =ROUND('Anexo 7'!J27*'Anexo 3'!$D$10,0) -> 0 | ... Z27: =ROUND('Anexo 7'!Z27*'Anexo 3'!$D$10,0) -> 0 | AA27: =SUM(C27:Z27) -> 0 | AB27: 21 | AC27: =+AA27*AB27+AA28*AB28+AA29*AB29 -> 0
B28: S | C28: =ROUND('Anexo 7'!C28*'Anexo 3'!$D$10,0) -> 0 | D28: =ROUND('Anexo 7'!D28*'Anexo 3'!$D$10,0) -> 0 | E28: =ROUND('Anexo 7'!E28*'Anexo 3'!$D$10,0) -> 0 | F28: =ROUND('Anexo 7'!F28*'Anexo 3'!$D$10,0) -> 0 | G28: =ROUND('Anexo 7'!G28*'Anexo 3'!$D$10,0) -> 0 | H28: =ROUND('Anexo 7'!H28*'Anexo 3'!$D$10,0) -> 0 | I28: =ROUND('Anexo 7'!I28*'Anexo 3'!$D$10,0) -> 0 | J28: =ROUND('Anexo 7'!J28*'Anexo 3'!$D$10,0) -> 0 | ... Z28: =ROUND('Anexo 7'!Z28*'Anexo 3'!$D$10,0) -> 0 | AA28: =SUM(C28:Z28) -> 0 | AB28: 4
B29: F | C29: =ROUND('Anexo 7'!C29*'Anexo 3'!$D$10,0) -> 0 | D29: =ROUND('Anexo 7'!D29*'Anexo 3'!$D$10,0) -> 0 | E29: =ROUND('Anexo 7'!E29*'Anexo 3'!$D$10,0) -> 0 | F29: =ROUND('Anexo 7'!F29*'Anexo 3'!$D$10,0) -> 0 | G29: =ROUND('Anexo 7'!G29*'Anexo 3'!$D$10,0) -> 0 | H29: =ROUND('Anexo 7'!H29*'Anexo 3'!$D$10,0) -> 0 | I29: =ROUND('Anexo 7'!I29*'Anexo 3'!$D$10,0) -> 0 | J29: =ROUND('Anexo 7'!J29*'Anexo 3'!$D$10,0) -> 0 | ... Z29: =ROUND('Anexo 7'!Z29*'Anexo 3'!$D$10,0) -> 0 | AA29: =SUM(C29:Z29) -> 0 | AB29: 6
A30: 47362 | B30: O | C30: =ROUND('Anexo 7'!C30*'Anexo 3'!$D$10,0) -> 0 | D30: =ROUND('Anexo 7'!D30*'Anexo 3'!$D$10,0) -> 0 | E30: =ROUND('Anexo 7'!E30*'Anexo 3'!$D$10,0) -> 0 | F30: =ROUND('Anexo 7'!F30*'Anexo 3'!$D$10,0) -> 0 | G30: =ROUND('Anexo 7'!G30*'Anexo 3'!$D$10,0) -> 0 | H30: =ROUND('Anexo 7'!H30*'Anexo 3'!$D$10,0) -> 0 | I30: =ROUND('Anexo 7'!I30*'Anexo 3'!$D$10,0) -> 0 | J30: =ROUND('Anexo 7'!J30*'Anexo 3'!$D$10,0) -> 0 | ... Z30: =ROUND('Anexo 7'!Z30*'Anexo 3'!$D$10,0) -> 0 | AA30: =SUM(C30:Z30) -> 0 | AB30: 20 | AC30: =+AA30*AB30+AA31*AB31+AA32*AB32 -> 0
B31: S | C31: =ROUND('Anexo 7'!C31*'Anexo 3'!$D$10,0) -> 0 | D31: =ROUND('Anexo 7'!D31*'Anexo 3'!$D$10,0) -> 0 | E31: =ROUND('Anexo 7'!E31*'Anexo 3'!$D$10,0) -> 0 | F31: =ROUND('Anexo 7'!F31*'Anexo 3'!$D$10,0) -> 0 | G31: =ROUND('Anexo 7'!G31*'Anexo 3'!$D$10,0) -> 0 | H31: =ROUND('Anexo 7'!H31*'Anexo 3'!$D$10,0) -> 0 | I31: =ROUND('Anexo 7'!I31*'Anexo 3'!$D$10,0) -> 0 | J31: =ROUND('Anexo 7'!J31*'Anexo 3'!$D$10,0) -> 0 | ... Z31: =ROUND('Anexo 7'!Z31*'Anexo 3'!$D$10,0) -> 0 | AA31: =SUM(C31:Z31) -> 0 | AB31: 5
B32: F | C32: =ROUND('Anexo 7'!C32*'Anexo 3'!$D$10,0) -> 0 | D32: =ROUND('Anexo 7'!D32*'Anexo 3'!$D$10,0) -> 0 | E32: =ROUND('Anexo 7'!E32*'Anexo 3'!$D$10,0) -> 0 | F32: =ROUND('Anexo 7'!F32*'Anexo 3'!$D$10,0) -> 0 | G32: =ROUND('Anexo 7'!G32*'Anexo 3'!$D$10,0) -> 0 | H32: =ROUND('Anexo 7'!H32*'Anexo 3'!$D$10,0) -> 0 | I32: =ROUND('Anexo 7'!I32*'Anexo 3'!$D$10,0) -> 0 | J32: =ROUND('Anexo 7'!J32*'Anexo 3'!$D$10,0) -> 0 | ... Z32: =ROUND('Anexo 7'!Z32*'Anexo 3'!$D$10,0) -> 0 | AA32: =SUM(C32:Z32) -> 0 | AB32: 5
A33: 47392 | B33: O | C33: =ROUND('Anexo 7'!C33*'Anexo 3'!$D$10,0) -> 0 | D33: =ROUND('Anexo 7'!D33*'Anexo 3'!$D$10,0) -> 0 | E33: =ROUND('Anexo 7'!E33*'Anexo 3'!$D$10,0) -> 0 | F33: =ROUND('Anexo 7'!F33*'Anexo 3'!$D$10,0) -> 0 | G33: =ROUND('Anexo 7'!G33*'Anexo 3'!$D$10,0) -> 0 | H33: =ROUND('Anexo 7'!H33*'Anexo 3'!$D$10,0) -> 0 | I33: =ROUND('Anexo 7'!I33*'Anexo 3'!$D$10,0) -> 0 | J33: =ROUND('Anexo 7'!J33*'Anexo 3'!$D$10,0) -> 0 | ... Z33: =ROUND('Anexo 7'!Z33*'Anexo 3'!$D$10,0) -> 0 | AA33: =SUM(C33:Z33) -> 0 | AB33: 22 | AC33: =+AA33*AB33+AA34*AB34+AA35*AB35 -> 0
B34: S | C34: =ROUND('Anexo 7'!C34*'Anexo 3'!$D$10,0) -> 0 | D34: =ROUND('Anexo 7'!D34*'Anexo 3'!$D$10,0) -> 0 | E34: =ROUND('Anexo 7'!E34*'Anexo 3'!$D$10,0) -> 0 | F34: =ROUND('Anexo 7'!F34*'Anexo 3'!$D$10,0) -> 0 | G34: =ROUND('Anexo 7'!G34*'Anexo 3'!$D$10,0) -> 0 | H34: =ROUND('Anexo 7'!H34*'Anexo 3'!$D$10,0) -> 0 | I34: =ROUND('Anexo 7'!I34*'Anexo 3'!$D$10,0) -> 0 | J34: =ROUND('Anexo 7'!J34*'Anexo 3'!$D$10,0) -> 0 | ... Z34: =ROUND('Anexo 7'!Z34*'Anexo 3'!$D$10,0) -> 0 | AA34: =SUM(C34:Z34) -> 0 | AB34: 4
B35: F | C35: =ROUND('Anexo 7'!C35*'Anexo 3'!$D$10,0) -> 0 | D35: =ROUND('Anexo 7'!D35*'Anexo 3'!$D$10,0) -> 0 | E35: =ROUND('Anexo 7'!E35*'Anexo 3'!$D$10,0) -> 0 | F35: =ROUND('Anexo 7'!F35*'Anexo 3'!$D$10,0) -> 0 | G35: =ROUND('Anexo 7'!G35*'Anexo 3'!$D$10,0) -> 0 | H35: =ROUND('Anexo 7'!H35*'Anexo 3'!$D$10,0) -> 0 | I35: =ROUND('Anexo 7'!I35*'Anexo 3'!$D$10,0) -> 0 | J35: =ROUND('Anexo 7'!J35*'Anexo 3'!$D$10,0) -> 0 | ... Z35: =ROUND('Anexo 7'!Z35*'Anexo 3'!$D$10,0) -> 0 | AA35: =SUM(C35:Z35) -> 0 | AB35: 5
A36: 47423 | B36: O | C36: =ROUND('Anexo 7'!C36*'Anexo 3'!$D$10,0) -> 0 | D36: =ROUND('Anexo 7'!D36*'Anexo 3'!$D$10,0) -> 0 | E36: =ROUND('Anexo 7'!E36*'Anexo 3'!$D$10,0) -> 0 | F36: =ROUND('Anexo 7'!F36*'Anexo 3'!$D$10,0) -> 0 | G36: =ROUND('Anexo 7'!G36*'Anexo 3'!$D$10,0) -> 0 | H36: =ROUND('Anexo 7'!H36*'Anexo 3'!$D$10,0) -> 0 | I36: =ROUND('Anexo 7'!I36*'Anexo 3'!$D$10,0) -> 0 | J36: =ROUND('Anexo 7'!J36*'Anexo 3'!$D$10,0) -> 0 | ... Z36: =ROUND('Anexo 7'!Z36*'Anexo 3'!$D$10,0) -> 0 | AA36: =SUM(C36:Z36) -> 0 | AB36: 20 | AC36: =+AA36*AB36+AA37*AB37+AA38*AB38 -> 0
B37: S | C37: =ROUND('Anexo 7'!C37*'Anexo 3'!$D$10,0) -> 0 | D37: =ROUND('Anexo 7'!D37*'Anexo 3'!$D$10,0) -> 0 | E37: =ROUND('Anexo 7'!E37*'Anexo 3'!$D$10,0) -> 0 | F37: =ROUND('Anexo 7'!F37*'Anexo 3'!$D$10,0) -> 0 | G37: =ROUND('Anexo 7'!G37*'Anexo 3'!$D$10,0) -> 0 | H37: =ROUND('Anexo 7'!H37*'Anexo 3'!$D$10,0) -> 0 | I37: =ROUND('Anexo 7'!I37*'Anexo 3'!$D$10,0) -> 0 | J37: =ROUND('Anexo 7'!J37*'Anexo 3'!$D$10,0) -> 0 | ... Z37: =ROUND('Anexo 7'!Z37*'Anexo 3'!$D$10,0) -> 0 | AA37: =SUM(C37:Z37) -> 0 | AB37: 4
B38: F | C38: =ROUND('Anexo 7'!C38*'Anexo 3'!$D$10,0) -> 0 | D38: =ROUND('Anexo 7'!D38*'Anexo 3'!$D$10,0) -> 0 | E38: =ROUND('Anexo 7'!E38*'Anexo 3'!$D$10,0) -> 0 | F38: =ROUND('Anexo 7'!F38*'Anexo 3'!$D$10,0) -> 0 | G38: =ROUND('Anexo 7'!G38*'Anexo 3'!$D$10,0) -> 0 | H38: =ROUND('Anexo 7'!H38*'Anexo 3'!$D$10,0) -> 0 | I38: =ROUND('Anexo 7'!I38*'Anexo 3'!$D$10,0) -> 0 | J38: =ROUND('Anexo 7'!J38*'Anexo 3'!$D$10,0) -> 0 | ... Z38: =ROUND('Anexo 7'!Z38*'Anexo 3'!$D$10,0) -> 0 | AA38: =SUM(C38:Z38) -> 0 | AB38: 6
A39: 47453 | B39: O | C39: =ROUND('Anexo 7'!C39*'Anexo 3'!$D$10,0) -> 0 | D39: =ROUND('Anexo 7'!D39*'Anexo 3'!$D$10,0) -> 0 | E39: =ROUND('Anexo 7'!E39*'Anexo 3'!$D$10,0) -> 0 | F39: =ROUND('Anexo 7'!F39*'Anexo 3'!$D$10,0) -> 0 | G39: =ROUND('Anexo 7'!G39*'Anexo 3'!$D$10,0) -> 0 | H39: =ROUND('Anexo 7'!H39*'Anexo 3'!$D$10,0) -> 0 | I39: =ROUND('Anexo 7'!I39*'Anexo 3'!$D$10,0) -> 0 | J39: =ROUND('Anexo 7'!J39*'Anexo 3'!$D$10,0) -> 0 | ... Z39: =ROUND('Anexo 7'!Z39*'Anexo 3'!$D$10,0) -> 0 | AA39: =SUM(C39:Z39) -> 0 | AB39: 20 | AC39: =+AA39*AB39+AA40*AB40+AA41*AB41 -> 0
B40: S | C40: =ROUND('Anexo 7'!C40*'Anexo 3'!$D$10,0) -> 0 | D40: =ROUND('Anexo 7'!D40*'Anexo 3'!$D$10,0) -> 0 | E40: =ROUND('Anexo 7'!E40*'Anexo 3'!$D$10,0) -> 0 | F40: =ROUND('Anexo 7'!F40*'Anexo 3'!$D$10,0) -> 0 | G40: =ROUND('Anexo 7'!G40*'Anexo 3'!$D$10,0) -> 0 | H40: =ROUND('Anexo 7'!H40*'Anexo 3'!$D$10,0) -> 0 | I40: =ROUND('Anexo 7'!I40*'Anexo 3'!$D$10,0) -> 0 | J40: =ROUND('Anexo 7'!J40*'Anexo 3'!$D$10,0) -> 0 | ... Z40: =ROUND('Anexo 7'!Z40*'Anexo 3'!$D$10,0) -> 0 | AA40: =SUM(C40:Z40) -> 0 | AB40: 4
B41: F | C41: =ROUND('Anexo 7'!C41*'Anexo 3'!$D$10,0) -> 0 | D41: =ROUND('Anexo 7'!D41*'Anexo 3'!$D$10,0) -> 0 | E41: =ROUND('Anexo 7'!E41*'Anexo 3'!$D$10,0) -> 0 | F41: =ROUND('Anexo 7'!F41*'Anexo 3'!$D$10,0) -> 0 | G41: =ROUND('Anexo 7'!G41*'Anexo 3'!$D$10,0) -> 0 | H41: =ROUND('Anexo 7'!H41*'Anexo 3'!$D$10,0) -> 0 | I41: =ROUND('Anexo 7'!I41*'Anexo 3'!$D$10,0) -> 0 | J41: =ROUND('Anexo 7'!J41*'Anexo 3'!$D$10,0) -> 0 | ... Z41: =ROUND('Anexo 7'!Z41*'Anexo 3'!$D$10,0) -> 0 | AA41: =SUM(C41:Z41) -> 0 | AB41: 7
A42: TOTAL AÑO | C42: =ROUND('Anexo 6'!C42*'Anexo 2'!$D$10,0) -> 0 | D42: =ROUND('Anexo 6'!D42*'Anexo 2'!$D$10,0) -> 0 | E42: =ROUND('Anexo 6'!E42*'Anexo 2'!$D$10,0) -> 0 | F42: =ROUND('Anexo 6'!F42*'Anexo 2'!$D$10,0) -> 0 | G42: =ROUND('Anexo 6'!G42*'Anexo 2'!$D$10,0) -> 0 | H42: =ROUND('Anexo 6'!H42*'Anexo 2'!$D$10,0) -> 0 | I42: =ROUND('Anexo 6'!I42*'Anexo 2'!$D$10,0) -> 0 | J42: =ROUND('Anexo 6'!J42*'Anexo 2'!$D$10,0) -> 0 | ... Z42: =ROUND('Anexo 6'!Z42*'Anexo 2'!$D$10,0) -> 0 | AA42: =+SUM(AA6:AA41) -> 0 | AB42: =+SUM(AB6:AB41) -> 365 | AC42: =+SUM(AC6:AC41) -> 0

Sheet Anexo 4
B3: ANEXO No 4 - PRODUCTO No. 4 CURVA
B4: PAGUE LO CONTRATADO AÑO 2030
B5: PRECIO OFERTADO EN $ / kWh DE FEBRERO DE 2026
B8: MES | C8: ENERGIA SOLICITADA kWh/MES | D8: % OFERTADO ANUAL | E8: ENERGIA OFERTADA kWh/MES | F8: PRECIO OFERTADO ANUAL $/kWh
B10: 47484 | C10: =+'Anexo 8'!AC6 -> 25730642 | E10: =+'Cantidades Ofertadas Prod 4'!AC6 -> 0
B11: 47515 | C11: =+'Anexo 8'!AC9 -> 23691744 | E11: =+'Cantidades Ofertadas Prod 4'!AC9 -> 0
B12: 47543 | C12: =+'Anexo 8'!AC12 -> 25502995 | E12: =+'Cantidades Ofertadas Prod 4'!AC12 -> 0
B13: 47574 | C13: =+'Anexo 8'!AC15 -> 24128584 | E13: =+'Cantidades Ofertadas Prod 4'!AC15 -> 0
B14: 47604 | C14: =+'Anexo 8'!AC18 -> 25156646 | E14: =+'Cantidades Ofertadas Prod 4'!AC18 -> 0
B15: 47635 | C15: =+'Anexo 8'!AC21 -> 24257992 | E15: =+'Cantidades Ofertadas Prod 4'!AC21 -> 0
B16: 47665 | C16: =+'Anexo 8'!AC24 -> 25730466 | E16: =+'Cantidades Ofertadas Prod 4'!AC24 -> 0
B17: 47696 | C17: =+'Anexo 8'!AC27 -> 26182303 | E17: =+'Cantidades Ofertadas Prod 4'!AC27 -> 0
B18: 47727 | C18: =+'Anexo 8'!AC30 -> 25665500 | E18: =+'Cantidades Ofertadas Prod 4'!AC30 -> 0
B19: 47757 | C19: =+'Anexo 8'!AC33 -> 25476976 | E19: =+'Cantidades Ofertadas Prod 4'!AC33 -> 0
B20: 47788 | C20: =+'Anexo 8'!AC36 -> 24187502 | E20: =+'Cantidades Ofertadas Prod 4'!AC36 -> 0
B21: 47818 | C21: =+'Anexo 8'!AC39 -> 25967340 | E21: =+'Cantidades Ofertadas Prod 4'!AC39 -> 0
B22: TOTAL | C22: =+SUM(C10:C21) -> 301678690 | E22: =SUM(E10:E21) -> 0 | F22: =+F10 -> 0
B24: *Solo se debe ingresar valores en las celdas en color Naranja
B25: * Se debe ofertar un unico % para todos los meses del año.
B26: * Los % ofertados se aplicaran a las curvas de carga de la hoja "Anexo 8".
B27: * La energia ofertada se calcula de manera automatica en la hoja "Cantidades Ofertadas Prod4"
B28: * Se debe ofertar un unico precio por producto.
B29: * Para ofertas planas se debe diligenciar el anexo 4A, con un tope horario de 20.000 kWh
H30: =+C30-G30 -> 0
H31: =+C31-G31 -> 0
H32: =+C32-G32 -> 0
B33: ____________________________________________
B34: Firma del Representante Legal
B35: o Apoderado General (Responsable del negocio)

Sheet Anexo 4A
B3: ANEXO No 4A - PRODUCTO No. 4 - OFERTA PLANA
B4: PAGUE LO CONTRATADO AÑO 2030
B5: PRECIO OFERTADO EN $ / kWh DE FEBRERO DE 2026
B8: MES | C8: ENERGIA MAXIMA A OFERTAR kWh/MES | D8: kWh OFERTADO | E8: ENERGIA OFERTADA kWh/MES | F8: PRECIO OFERTADO ANUAL $/kWh
A9: 20000
A10: 31 | B10: 47484 | C10: =+$A$9*A10*24 -> 14880000 | E10: =+$D$10*A10*24 -> 0
A11: 28 | B11: 47515 | C11: =+$A$9*A11*24 -> 13440000 | E11: =+$D$10*A11*24 -> 0
A12: 31 | B12: 47543 | C12: =+$A$9*A12*24 -> 14880000 | E12: =+$D$10*A12*24 -> 0
A13: 30 | B13: 47574 | C13: =+$A$9*A13*24 -> 14400000 | E13: =+$D$10*A13*24 -> 0
A14: 31 | B14: 47604 | C14: =+$A$9*A14*24 -> 14880000 | E14: =+$D$10*A14*24 -> 0
A15: 30 | B15: 47635 | C15: =+$A$9*A15*24 -> 14400000 | E15: =+$D$10*A15*24 -> 0
A16: 31 | B16: 47665 | C16: =+$A$9*A16*24 -> 14880000 | E16: =+$D$10*A16*24 -> 0
A17: 31 | B17: 47696 | C17: =+$A$9*A17*24 -> 14880000 | E17: =+$D$10*A17*24 -> 0
A18: 30 | B18: 47727 | C18: =+$A$9*A18*24 -> 14400000 | E18: =+$D$10*A18*24 -> 0
A19: 31 | B19: 47757 | C19: =+$A$9*A19*24 -> 14880000 | E19: =+$D$10*A19*24 -> 0
A20: 30 | B20: 47788 | C20: =+$A$9*A20*24 -> 14400000 | E20: =+$D$10*A20*24 -> 0
A21: 31 | B21: 47818 | C21: =+$A$9*A21*24 -> 14880000 | E21: =+$D$10*A21*24 -> 0
B22: TOTAL | C22: =+SUM(C10:C21) -> 175200000 | E22: =SUM(E10:E21) -> 0 | F22: =+F10 -> 0
B23: *Solo se debe ingresar valores en las celdas en color Naranja
B24: * Se debe oferta un valor de kWh el cual se aplica para todas las horas del año, con un tope horario de 20.000 kWh
B25: * Se debe ofertar un unico precio por producto.
B26: * A las ofertas planas al momento de la evaluación se le adicionarán 5 $/kWh al precio ofertado; con el fin de hacerlas comparables con las Ofertas que siguen la curva
B30: ____________________________________________
B31: Firma del Representante Legal
B32: o Apoderado General (Responsable del negocio)
H33: =+C33-G33 -> 0
H34: =+C34-G34 -> 0

Sheet Anexo 8
A1: CURVAS REQUERIDAS PRODUCTO 4 AÑO 2030 MODALIDAD PAGUE LO CONTRATADO - kWh
A4: Periodo | B4: Tipo de día | C4: H01 | D4: H02 | E4: H03 | F4: H04 | G4: H05 | H4: H06 | I4: H07 | J4: H08 | K4: H09 | L4: H10 | M4: H11 | N4: H12 | O4: H13 | P4: H14 | Q4: H15 | R4: H16 | S4: H17 | T4: H18 | U4: H19 | V4: H20 | W4: H21 | X4: H22 | Y4: H23 | Z4: H24 | AA4: TOTAL DÍA | AB4: Días/ | AC4: TOTAL MES
AB5: mes
A6: 47484 | B6: O | C6: 27935 | D6: 26320 | E6: 25349 | F6: 24847 | G6: 25194 | H6: 26695 | I6: 28122 | J6: 30792 | K6: 33797 | L6: 36073 | M6: 38391 | N6: 40577 | O6: 40206 | P6: 40253 | Q6: 40924 | R6: 41052 | S6: 40583 | T6: 39704 | U6: 42622 | V6: 45052 | W6: 43418 | X6: 40553 | Y6: 35948 | Z6: 31297 | AA6: =SUM(C6:Z6) -> 845704 | AB6: 21 | AC6: =+AA6*AB6+AA7*AB7+AA8*AB8 -> 25730642
B7: S | C7: 28609 | D7: 26786 | E7: 25673 | F7: 24971 | G7: 24994 | H7: 25833 | I7: 26812 | J7: 29528 | K7: 32886 | L7: 35421 | M7: 37320 | N7: 39198 | O7: 39401 | P7: 39015 | Q7: 38590 | R7: 38383 | S7: 38094 | T7: 38057 | U7: 41716 | V7: 44321 | W7: 42539 | X7: 39883 | Y7: 36114 | Z7: 32337 | AA7: =SUM(C7:Z7) -> 826481 | AB7: 4
B8: F | C8: 29991 | D8: 28021 | E8: 26715 | F8: 25792 | G8: 25343 | H8: 25519 | I8: 25269 | J8: 26761 | K8: 29316 | L8: 31568 | M8: 33230 | N8: 34960 | O8: 35984 | P8: 35863 | Q8: 35211 | R8: 34836 | S8: 34647 | T8: 34835 | U8: 38825 | V8: 41675 | W8: 40513 | X8: 38028 | Y8: 34198 | Z8: 30389 | AA8: =SUM(C8:Z8) -> 777489 | AB8: 6
A9: 47515 | B9: O | C9: 28099 | D9: 26545 | E9: 25651 | F9: 25213 | G9: 25721 | H9: 28050 | I9: 29905 | J9: 31920 | K9: 34593 | L9: 36596 | M9: 38785 | N9: 40812 | O9: 39998 | P9: 40308 | Q9: 41249 | R9: 41419 | S9: 40957 | T9: 39888 | U9: 42115 | V9: 45303 | W9: 43733 | X9: 40733 | Y9: 36000 | Z9: 31290 | AA9: =SUM(C9:Z9) -> 854883 | AB9: 20 | AC9: =+AA9*AB9+AA10*AB10+AA11*AB11 -> 23691744
B10: S | C10: 29139 | D10: 27416 | E10: 26308 | F10: 25672 | G10: 25747 | H10: 26650 | I10: 28095 | J10: 30809 | K10: 34298 | L10: 36727 | M10: 38658 | N10: 40533 | O10: 40585 | P10: 40065 | Q10: 39619 | R10: 39375 | S10: 39041 | T10: 38918 | U10: 41877 | V10: 45084 | W10: 43319 | X10: 40810 | Y10: 37223 | Z10: 33238 | AA10: =SUM(C10:Z10) -> 849206 | AB10: 4
B11: F | C11: 30264 | D11: 28309 | E11: 27117 | F11: 26222 | G11: 25936 | H11: 26205 | I11: 26419 | J11: 28169 | K11: 30972 | L11: 33266 | M11: 34786 | N11: 36429 | O11: 37350 | P11: 37050 | Q11: 36316 | R11: 35871 | S11: 35647 | T11: 35836 | U11: 39018 | V11: 42560 | W11: 41479 | X11: 38905 | Y11: 34678 | Z11: 30511 | AA11: =SUM(C11:Z11) -> 799315 | AB11: 4
A12: 47543 | B12: O | C12: 27502 | D12: 26014 | E12: 25190 | F12: 24778 | G12: 25325 | H12: 27609 | I12: 29209 | J12: 31438 | K12: 34005 | L12: 35929 | M12: 37978 | N12: 39826 | O12: 39089 | P12: 39252 | Q12: 40062 | R12: 40194 | S12: 39842 | T12: 39089 | U12: 41869 | V12: 44589 | W12: 42969 | X12: 39919 | Y12: 35280 | Z12: 30701 | AA12: =SUM(C12:Z12) -> 837658 | AB12: 20 | AC12: =+AA12*AB12+AA13*AB13+AA14*AB14 -> 25502995
B13: S | C13: 28368 | D13: 26650 | E13: 25737 | F13: 25215 | G13: 25246 | H13: 26204 | I13: 27040 | J13: 30017 | K13: 33254 | L13: 35600 | M13: 37463 | N13: 39016 | O13: 38985 | P13: 38431 | Q13: 38017 | R13: 37705 | S13: 37301 | T13: 37328 | U13: 40706 | V13: 43271 | W13: 41594 | X13: 39195 | Y13: 35627 | Z13: 32021 | AA13: =SUM(C13:Z13) -> 819991 | AB13: 5
B14: F | C14: 29235 | D14: 27345 | E14: 26233 | F14: 25478 | G14: 25166 | H14: 25537 | I14: 25444 | J14: 27334 | K14: 29910 | L14: 31986 | M14: 33434 | N14: 35079 | O14: 36059 | P14: 35785 | Q14: 35034 | R14: 34698 | S14: 34480 | T14: 34749 | U14: 38395 | V14: 41418 | W14: 40253 | X14: 37840 | Y14: 33915 | Z14: 30173 | AA14: =SUM(C14:Z14) -> 774980 | AB14: 6
A15: 47574 | B15: O | C15: 26868 | D15: 25443 | E15: 24586 | F15: 24189 | G15: 24692 | H15: 26534 | I15: 27890 | J15: 30347 | K15: 32913 | L15: 34924 | M15: 37045 | N15: 38969 | O15: 38281 | P15: 38458 | Q15: 39218 | R15: 39297 | S15: 38901 | T15: 38326 | U15: 41672 | V15: 43661 | W15: 42125 | X15: 39045 | Y15: 34384 | Z15: 29926 | AA15: =SUM(C15:Z15) -> 817694 | AB15: 20 | AC15: =+AA15*AB15+AA16*AB16+AA17*AB17 -> 24128584
B16: S | C16: 27440 | D16: 25815 | E16: 24770 | F16: 24153 | G16: 24266 | H16: 24963 | I16: 25840 | J16: 28947 | K16: 32134 | L16: 34552 | M16: 36300 | N16: 38283 | O16: 38404 | P16: 37942 | Q16: 37522 | R16: 37233 | S16: 37127 | T16: 37305 | U16: 41111 | V16: 43215 | W16: 41446 | X16: 38880 | Y16: 35265 | Z16: 31576 | AA16: =SUM(C16:Z16) -> 804489 | AB16: 4
B17: F | C17: 28596 | D17: 26772 | E17: 25592 | F17: 24789 | G17: 24478 | H17: 24437 | I17: 24627 | J17: 26761 | K17: 29257 | L17: 31448 | M17: 33007 | N17: 34596 | O17: 35520 | P17: 35265 | Q17: 34468 | R17: 34091 | S17: 33875 | T17: 34182 | U17: 38245 | V17: 40678 | W17: 39404 | X17: 36921 | Y17: 33119 | Z17: 29330 | AA17: =SUM(C17:Z17) -> 759458 | AB17: 6
A18: 47604 | B18: O | C18: 26907 | D18: 25434 | E18: 24615 | F18: 24204 | G18: 24689 | H18: 26268 | I18: 27919 | J18: 30499 | K18: 33136 | L18: 35207 | M18: 37289 | N18: 39266 | O18: 38669 | P18: 38661 | Q18: 39257 | R18: 39327 | S18: 38925 | T18: 38455 | U18: 41949 | V18: 43929 | W18: 42211 | X18: 39122 | Y18: 34387 | Z18: 30001 | AA18: =SUM(C18:Z18) -> 820326 | AB18: 22 | AC18: =+AA18*AB18+AA19*AB19+AA20*AB20 -> 25156646
B19: S | C19: 27904 | D19: 26290 | E19: 25315 | F19: 24741 | G19: 24840 | H19: 25247 | I19: 26570 | J19: 29694 | K19: 32953 | L19: 35473 | M19: 37199 | N19: 38774 | O19: 38779 | P19: 38162 | Q19: 37534 | R19: 37154 | S19: 36879 | T19: 37219 | U19: 41355 | V19: 43032 | W19: 41326 | X19: 38712 | Y19: 35075 | Z19: 31449 | AA19: =SUM(C19:Z19) -> 811676 | AB19: 4
B20: F | C20: 28391 | D20: 26627 | E20: 25532 | F20: 24803 | G20: 24579 | H20: 24301 | I20: 24801 | J20: 27177 | K20: 29820 | L20: 32168 | M20: 33772 | N20: 35449 | O20: 36184 | P20: 36037 | Q20: 35163 | R20: 36144 | S20: 34548 | T20: 34929 | U20: 39129 | V20: 41569 | W20: 40258 | X20: 37619 | Y20: 33710 | Z20: 29844 | AA20: =SUM(C20:Z20) -> 772554 | AB20: 5
A21: 47635 | B21: O | C21: 26590 | D21: 25086 | E21: 24334 | F21: 23931 | G21: 24376 | H21: 25732 | I21: 27521 | J21: 30243 | K21: 32993 | L21: 35044 | M21: 37188 | N21: 39189 | O21: 38543 | P21: 38500 | Q21: 39235 | R21: 39277 | S21: 38876 | T21: 38274 | U21: 41059 | V21: 43659 | W21: 42030 | X21: 38969 | Y21: 34165 | Z21: 29712 | AA21: =SUM(C21:Z21) -> 814526 | AB21: 18 | AC21: =+AA21*AB21+AA22*AB22+AA23*AB23 -> 24257992
B22: S | C22: 27875 | D22: 26140 | E22: 25145 | F22: 24583 | G22: 24633 | H22: 25032 | I22: 26340 | J22: 29429 | K22: 32916 | L22: 35309 | M22: 37177 | N22: 38797 | O22: 38904 | P22: 38505 | Q22: 38095 | R22: 38023 | S22: 37739 | T22: 38022 | U22: 41572 | V22: 43850 | W22: 42052 | X22: 39484 | Y22: 35682 | Z22: 31813 | AA22: =SUM(C22:Z22) -> 817117 | AB22: 5
B23: F | C23: 29010 | D23: 27161 | E23: 26087 | F23: 25355 | G23: 25182 | H23: 25153 | I23: 25488 | J23: 27965 | K23: 30718 | L23: 32843 | M23: 34591 | N23: 36282 | O23: 36885 | P23: 36630 | Q23: 35922 | R23: 35587 | S23: 35406 | T23: 35695 | U23: 39295 | V23: 42185 | W23: 40942 | X23: 38270 | Y23: 34255 | Z23: 30370 | AA23: =SUM(C23:Z23) -> 787277 | AB23: 7
A24: 47665 | B24: O | C24: 27840 | D24: 26256 | E24: 25342 | F24: 24845 | G24: 25269 | H24: 26618 | I24: 28070 | J24: 31110 | K24: 34063 | L24: 36378 | M24: 38619 | N24: 40607 | O24: 39904 | P24: 39989 | Q24: 40723 | R24: 40804 | S24: 40227 | T24: 39222 | U24: 41523 | V24: 44613 | W24: 43169 | X24: 40260 | Y24: 35460 | Z24: 31042 | AA24: =SUM(C24:Z24) -> 841953 | AB24: 22 | AC24: =+AA24*AB24+AA25*AB25+AA26*AB26 -> 25730466
B25: S | C25: 27902 | D25: 26083 | E25: 25157 | F25: 24538 | G25: 24597 | H25: 25114 | I25: 26363 | J25: 30043 | K25: 33546 | L25: 35944 | M25: 37828 | N25: 39422 | O25: 39349 | P25: 38733 | Q25: 38172 | R25: 37881 | S25: 37545 | T25: 37657 | U25: 40470 | V25: 43445 | W25: 41785 | X25: 39411 | Y25: 35694 | Z25: 32015 | AA25: =SUM(C25:Z25) -> 818694 | AB25: 3
B26: F | C26: 29610 | D26: 27791 | E26: 26591 | F26: 25807 | G26: 25562 | H26: 25571 | I26: 25738 | J26: 28078 | K26: 30885 | L26: 33213 | M26: 34908 | N26: 36479 | O26: 37258 | P26: 36849 | Q26: 36034 | R26: 35602 | S26: 35267 | T26: 35422 | U26: 38403 | V26: 42070 | W26: 40998 | X26: 38531 | Y26: 34520 | Z26: 30716 | AA26: =SUM(C26:Z26) -> 791903 | AB26: 6
A27: 47696 | B27: O | C27: 28167 | D27: 26666 | E27: 25838 | F27: 25347 | G27: 25791 | H27: 27579 | I27: 29172 | J27: 31878 | K27: 34709 | L27: 36876 | M27: 39173 | N27: 41185 | O27: 40477 | P27: 40798 | Q27: 41626 | R27: 41692 | S27: 41092 | T27: 40052 | U27: 42855 | V27: 45451 | W27: 43865 | X27: 40798 | Y27: 35938 | Z27: 31551 | AA27: =SUM(C27:Z27) -> 858576 | AB27: 20 | AC27: =+AA27*AB27+AA28*AB28+AA29*AB29 -> 26182303
B28: S | C28: 29319 | D28: 27691 | E28: 26672 | F28: 25909 | G28: 25853 | H28: 26571 | I28: 27422 | J28: 30893 | K28: 34403 | L28: 36808 | M28: 38916 | N28: 40512 | O28: 40523 | P28: 40088 | Q28: 39669 | R28: 39427 | S28: 38899 | T28: 38826 | U28: 42297 | V28: 44588 | W28: 42901 | X28: 40450 | Y28: 36882 | Z28: 33042 | AA28: =SUM(C28:Z28) -> 848561 | AB28: 5
B29: F | C29: 29866 | D29: 28014 | E29: 26793 | F29: 26016 | G29: 25763 | H29: 25848 | I29: 25845 | J29: 28280 | K29: 31029 | L29: 33296 | M29: 34901 | N29: 36564 | O29: 37423 | P29: 37087 | Q29: 36177 | R29: 35568 | S29: 35337 | T29: 35435 | U29: 39035 | V29: 42163 | W29: 40912 | X29: 38344 | Y29: 34430 | Z29: 30537 | AA29: =SUM(C29:Z29) -> 794663 | AB29: 6
A30: 47727 | B30: O | C30: 28671 | D30: 27092 | E30: 26105 | F30: 25673 | G30: 26090 | H30: 27800 | I30: 29447 | J30: 32240 | K30: 35046 | L30: 37378 | M30: 39694 | N30: 41816 | O30: 41087 | P30: 41385 | Q30: 42352 | R30: 42594 | S30: 41982 | T30: 41121 | U30: 44969 | V30: 46008 | W30: 44279 | X30: 41158 | Y30: 36198 | Z30: 31822 | AA30: =SUM(C30:Z30) -> 872007 | AB30: 21 | AC30: =+AA30*AB30+AA31*AB31+AA32*AB32 -> 25665500
B31: S | C31: 29436 | D31: 27557 | E31: 26540 | F31: 25983 | G31: 26006 | H31: 26246 | I31: 27562 | J31: 31302 | K31: 34868 | L31: 37413 | M31: 39426 | N31: 41039 | O31: 40938 | P31: 40415 | Q31: 39930 | R31: 39579 | S31: 39239 | T31: 39531 | U31: 43751 | V31: 44695 | W31: 42734 | X31: 40227 | Y31: 36565 | Z31: 32825 | AA31: =SUM(C31:Z31) -> 853807 | AB31: 4
B32: F | C32: 29971 | D32: 28172 | E32: 26991 | F32: 26076 | G32: 25662 | H32: 25349 | I32: 25542 | J32: 27932 | K32: 30627 | L32: 32838 | M32: 34379 | N32: 35850 | O32: 36701 | P32: 36441 | Q32: 35672 | R32: 35298 | S32: 35056 | T32: 35337 | U32: 39942 | V32: 41511 | W32: 40363 | X32: 37847 | Y32: 33918 | Z32: 30150 | AA32: =SUM(C32:Z32) -> 787625 | AB32: 5
A33: 47757 | B33: O | C33: 27169 | D33: 25713 | E33: 24904 | F33: 24470 | G33: 24950 | H33: 26327 | I33: 28082 | J33: 30711 | K33: 33351 | L33: 35434 | M33: 37592 | N33: 39592 | O33: 38897 | P33: 39111 | Q33: 40007 | R33: 40199 | S33: 39754 | T33: 39871 | U33: 44280 | V33: 44054 | W33: 42119 | X33: 38963 | Y33: 34326 | Z33: 30204 | AA33: =SUM(C33:Z33) -> 830080 | AB33: 22 | AC33: =+AA33*AB33+AA34*AB34+AA35*AB35 -> 25476976
B34: S | C34: 28602 | D34: 26971 | E34: 25981 | F34: 25325 | G34: 25457 | H34: 25852 | I34: 27313 | J34: 30676 | K34: 34027 | L34: 36355 | M34: 38336 | N34: 39997 | O34: 40062 | P34: 39609 | Q34: 39128 | R34: 38829 | S34: 38480 | T34: 39692 | U34: 44731 | V34: 44651 | W34: 42760 | X34: 39896 | Y34: 36366 | Z34: 32528 | AA34: =SUM(C34:Z34) -> 841624 | AB34: 4
B35: F | C35: 28699 | D35: 26962 | E35: 25763 | F35: 24925 | G35: 24659 | H35: 24312 | I35: 24776 | J35: 27052 | K35: 29631 | L35: 31897 | M35: 33504 | N35: 35084 | O35: 35971 | P35: 35675 | Q35: 34998 | R35: 34654 | S35: 34456 | T35: 35519 | U35: 40594 | V35: 41010 | W35: 39695 | X35: 37102 | Y35: 33254 | Z35: 29552 | AA35: =SUM(C35:Z35) -> 769744 | AB35: 5
A36: 47788 | B36: O | C36: 26668 | D36: 25214 | E36: 24408 | F36: 24031 | G36: 24590 | H36: 26161 | I36: 28027 | J36: 30698 | K36: 33290 | L36: 35295 | M36: 37442 | N36: 39499 | O36: 38693 | P36: 38715 | Q36: 39591 | R36: 39552 | S36: 39227 | T36: 39762 | U36: 44366 | V36: 44121 | W36: 42159 | X36: 38835 | Y36: 34061 | Z36: 29790 | AA36: =SUM(C36:Z36) -> 824195 | AB36: 19 | AC36: =+AA36*AB36+AA37*AB37+AA38*AB38 -> 24187502
B37: S | C37: 27384 | D37: 25839 | E37: 24896 | F37: 24293 | G37: 24399 | H37: 24704 | I37: 26050 | J37: 29148 | K37: 32424 | L37: 34708 | M37: 36534 | N37: 38214 | O37: 38057 | P37: 37348 | Q37: 37141 | R37: 37022 | S37: 36805 | T37: 38123 | U37: 43249 | V37: 43120 | W37: 41144 | X37: 38619 | Y37: 34881 | Z37: 31125 | AA37: =SUM(C37:Z37) -> 805227 | AB37: 5
B38: F | C38: 27495 | D38: 25840 | E38: 24719 | F38: 23898 | G38: 23787 | H38: 23494 | I38: 24053 | J38: 26423 | K38: 29008 | L38: 31228 | M38: 32843 | N38: 34484 | O38: 35296 | P38: 34975 | Q38: 34199 | R38: 33649 | S38: 33491 | T38: 34686 | U38: 39853 | V38: 40334 | W38: 39005 | X38: 36373 | Y38: 32436 | Z38: 28708 | AA38: =SUM(C38:Z38) -> 750277 | AB38: 6
A39: 47818 | B39: O | C39: 28570 | D39: 26842 | E39: 25843 | F39: 25330 | G39: 25683 | H39: 26809 | I39: 28063 | J39: 31365 | K39: 34449 | L39: 36729 | M39: 38808 | N39: 40917 | O39: 40514 | P39: 40482 | Q39: 41080 | R39: 41028 | S39: 40437 | T39: 40168 | U39: 44648 | V39: 45340 | W39: 43581 | X39: 40769 | Y39: 36455 | Z39: 32324 | AA39: =SUM(C39:Z39) -> 856234 | AB39: 21 | AC39: =+AA39*AB39+AA40*AB40+AA41*AB41 -> 25967340
B40: S | C40: 28844 | D40: 27101 | E40: 26105 | F40: 25447 | G40: 25483 | H40: 26117 | I40: 26885 | J40: 29973 | K40: 33122 | L40: 35317 | M40: 37082 | N40: 38553 | O40: 38551 | P40: 38000 | Q40: 37646 | R40: 37253 | S40: 36974 | T40: 37637 | U40: 42639 | V40: 43226 | W40: 41496 | X40: 39024 | Y40: 35495 | Z40: 32086 | AA40: =SUM(C40:Z40) -> 820056 | AB40: 4
B41: F | C41: 29799 | D41: 27982 | E41: 26715 | F41: 25815 | G41: 25462 | H41: 25334 | I41: 25293 | J41: 27340 | K41: 29885 | L41: 32122 | M41: 33796 | N41: 35369 | O41: 36216 | P41: 36171 | Q41: 35598 | R41: 35237 | S41: 35028 | T41: 35691 | U41: 40690 | V41: 41704 | W41: 40279 | X41: 37843 | Y41: 34283 | Z41: 30715 | AA41: =SUM(C41:Z41) -> 784367 | AB41: 6
A42: TOTAL AÑO | C42: =+SUM(C6:C41) -> 1022735 | D42: =+SUM(D6:D41) -> 961960 | E42: =+SUM(E6:E41) -> 925312 | F42: =+SUM(F6:F41) -> 902664 | G42: =+SUM(G6:G41) -> 905470 | H42: =+SUM(H6:H41) -> 931775 | I42: =+SUM(I6:I41) -> 967014 | J42: =+SUM(J6:J41) -> 1062972 | ... AC42: =+SUM(AC6:AC41) -> 301678690

Sheet Cantidades Ofertadas Prod 4
A1: CANTIDADES OFERTADAS PRODUCTO 4 AÑO 2030 MODALIDAD PAGUE LO CONTRATADO - kWh
A4: Periodo | B4: Tipo de día | C4: H01 | D4: H02 | E4: H03 | F4: H04 | G4: H05 | H4: H06 | I4: H07 | J4: H08 | K4: H09 | L4: H10 | M4: H11 | N4: H12 | O4: H13 | P4: H14 | Q4: H15 | R4: H16 | S4: H17 | T4: H18 | U4: H19 | V4: H20 | W4: H21 | X4: H22 | Y4: H23 | Z4: H24 | AA4: TOTAL DÍA | AB4: Días/ | AC4: TOTAL MES
AB5: mes
A6: 47484 | B6: O | C6: =ROUND('Anexo 8'!C6*'Anexo 4'!$D$10,0) -> 0 | D6: =ROUND('Anexo 8'!D6*'Anexo 4'!$D$10,0) -> 0 | E6: =ROUND('Anexo 8'!E6*'Anexo 4'!$D$10,0) -> 0 | F6: =ROUND('Anexo 8'!F6*'Anexo 4'!$D$10,0) -> 0 | G6: =ROUND('Anexo 8'!G6*'Anexo 4'!$D$10,0) -> 0 | H6: =ROUND('Anexo 8'!H6*'Anexo 4'!$D$10,0) -> 0 | I6: =ROUND('Anexo 8'!I6*'Anexo 4'!$D$10,0) -> 0 | J6: =ROUND('Anexo 8'!J6*'Anexo 4'!$D$10,0) -> 0 | ... Z6: =ROUND('Anexo 8'!Z6*'Anexo 4'!$D$10,0) -> 0 | AA6: =SUM(C6:Z6) -> 0 | AB6: 21 | AC6: =+AA6*AB6+AA7*AB7+AA8*AB8 -> 0
B7: S | C7: =ROUND('Anexo 8'!C7*'Anexo 4'!$D$10,0) -> 0 | D7: =ROUND('Anexo 8'!D7*'Anexo 4'!$D$10,0) -> 0 | E7: =ROUND('Anexo 8'!E7*'Anexo 4'!$D$10,0) -> 0 | F7: =ROUND('Anexo 8'!F7*'Anexo 4'!$D$10,0) -> 0 | G7: =ROUND('Anexo 8'!G7*'Anexo 4'!$D$10,0) -> 0 | H7: =ROUND('Anexo 8'!H7*'Anexo 4'!$D$10,0) -> 0 | I7: =ROUND('Anexo 8'!I7*'Anexo 4'!$D$10,0) -> 0 | J7: =ROUND('Anexo 8'!J7*'Anexo 4'!$D$10,0) -> 0 | ... Z7: =ROUND('Anexo 8'!Z7*'Anexo 4'!$D$10,0) -> 0 | AA7: =SUM(C7:Z7) -> 0 | AB7: 4
B8: F | C8: =ROUND('Anexo 8'!C8*'Anexo 4'!$D$10,0) -> 0 | D8: =ROUND('Anexo 8'!D8*'Anexo 4'!$D$10,0) -> 0 | E8: =ROUND('Anexo 8'!E8*'Anexo 4'!$D$10,0) -> 0 | F8: =ROUND('Anexo 8'!F8*'Anexo 4'!$D$10,0) -> 0 | G8: =ROUND('Anexo 8'!G8*'Anexo 4'!$D$10,0) -> 0 | H8: =ROUND('Anexo 8'!H8*'Anexo 4'!$D$10,0) -> 0 | I8: =ROUND('Anexo 8'!I8*'Anexo 4'!$D$10,0) -> 0 | J8: =ROUND('Anexo 8'!J8*'Anexo 4'!$D$10,0) -> 0 | ... Z8: =ROUND('Anexo 8'!Z8*'Anexo 4'!$D$10,0) -> 0 | AA8: =SUM(C8:Z8) -> 0 | AB8: 6
A9: 47515 | B9: O | C9: =ROUND('Anexo 8'!C9*'Anexo 4'!$D$10,0) -> 0 | D9: =ROUND('Anexo 8'!D9*'Anexo 4'!$D$10,0) -> 0 | E9: =ROUND('Anexo 8'!E9*'Anexo 4'!$D$10,0) -> 0 | F9: =ROUND('Anexo 8'!F9*'Anexo 4'!$D$10,0) -> 0 | G9: =ROUND('Anexo 8'!G9*'Anexo 4'!$D$10,0) -> 0 | H9: =ROUND('Anexo 8'!H9*'Anexo 4'!$D$10,0) -> 0 | I9: =ROUND('Anexo 8'!I9*'Anexo 4'!$D$10,0) -> 0 | J9: =ROUND('Anexo 8'!J9*'Anexo 4'!$D$10,0) -> 0 | ... Z9: =ROUND('Anexo 8'!Z9*'Anexo 4'!$D$10,0) -> 0 | AA9: =SUM(C9:Z9) -> 0 | AB9: 20 | AC9: =+AA9*AB9+AA10*AB10+AA11*AB11 -> 0
B10: S | C10: =ROUND('Anexo 8'!C10*'Anexo 4'!$D$10,0) -> 0 | D10: =ROUND('Anexo 8'!D10*'Anexo 4'!$D$10,0) -> 0 | E10: =ROUND('Anexo 8'!E10*'Anexo 4'!$D$10,0) -> 0 | F10: =ROUND('Anexo 8'!F10*'Anexo 4'!$D$10,0) -> 0 | G10: =ROUND('Anexo 8'!G10*'Anexo 4'!$D$10,0) -> 0 | H10: =ROUND('Anexo 8'!H10*'Anexo 4'!$D$10,0) -> 0 | I10: =ROUND('Anexo 8'!I10*'Anexo 4'!$D$10,0) -> 0 | J10: =ROUND('Anexo 8'!J10*'Anexo 4'!$D$10,0) -> 0 | ... Z10: =ROUND('Anexo 8'!Z10*'Anexo 4'!$D$10,0) -> 0 | AA10: =SUM(C10:Z10) -> 0 | AB10: 4
B11: F | C11: =ROUND('Anexo 8'!C11*'Anexo 4'!$D$10,0) -> 0 | D11: =ROUND('Anexo 8'!D11*'Anexo 4'!$D$10,0) -> 0 | E11: =ROUND('Anexo 8'!E11*'Anexo 4'!$D$10,0) -> 0 | F11: =ROUND('Anexo 8'!F11*'Anexo 4'!$D$10,0) -> 0 | G11: =ROUND('Anexo 8'!G11*'Anexo 4'!$D$10,0) -> 0 | H11: =ROUND('Anexo 8'!H11*'Anexo 4'!$D$10,0) -> 0 | I11: =ROUND('Anexo 8'!I11*'Anexo 4'!$D$10,0) -> 0 | J11: =ROUND('Anexo 8'!J11*'Anexo 4'!$D$10,0) -> 0 | ... Z11: =ROUND('Anexo 8'!Z11*'Anexo 4'!$D$10,0) -> 0 | AA11: =SUM(C11:Z11) -> 0 | AB11: 4
A12: 47543 | B12: O | C12: =ROUND('Anexo 8'!C12*'Anexo 4'!$D$10,0) -> 0 | D12: =ROUND('Anexo 8'!D12*'Anexo 4'!$D$10,0) -> 0 | E12: =ROUND('Anexo 8'!E12*'Anexo 4'!$D$10,0) -> 0 | F12: =ROUND('Anexo 8'!F12*'Anexo 4'!$D$10,0) -> 0 | G12: =ROUND('Anexo 8'!G12*'Anexo 4'!$D$10,0) -> 0 | H12: =ROUND('Anexo 8'!H12*'Anexo 4'!$D$10,0) -> 0 | I12: =ROUND('Anexo 8'!I12*'Anexo 4'!$D$10,0) -> 0 | J12: =ROUND('Anexo 8'!J12*'Anexo 4'!$D$10,0) -> 0 | ... Z12: =ROUND('Anexo 8'!Z12*'Anexo 4'!$D$10,0) -> 0 | AA12: =SUM(C12:Z12) -> 0 | AB12: 20 | AC12: =+AA12*AB12+AA13*AB13+AA14*AB14 -> 0
B13: S | C13: =ROUND('Anexo 8'!C13*'Anexo 4'!$D$10,0) -> 0 | D13: =ROUND('Anexo 8'!D13*'Anexo 4'!$D$10,0) -> 0 | E13: =ROUND('Anexo 8'!E13*'Anexo 4'!$D$10,0) -> 0 | F13: =ROUND('Anexo 8'!F13*'Anexo 4'!$D$10,0) -> 0 | G13: =ROUND('Anexo 8'!G13*'Anexo 4'!$D$10,0) -> 0 | H13: =ROUND('Anexo 8'!H13*'Anexo 4'!$D$10,0) -> 0 | I13: =ROUND('Anexo 8'!I13*'Anexo 4'!$D$10,0) -> 0 | J13: =ROUND('Anexo 8'!J13*'Anexo 4'!$D$10,0) -> 0 | ... Z13: =ROUND('Anexo 8'!Z13*'Anexo 4'!$D$10,0) -> 0 | AA13: =SUM(C13:Z13) -> 0 | AB13: 5
B14: F | C14: =ROUND('Anexo 8'!C14*'Anexo 4'!$D$10,0) -> 0 | D14: =ROUND('Anexo 8'!D14*'Anexo 4'!$D$10,0) -> 0 | E14: =ROUND('Anexo 8'!E14*'Anexo 4'!$D$10,0) -> 0 | F14: =ROUND('Anexo 8'!F14*'Anexo 4'!$D$10,0) -> 0 | G14: =ROUND('Anexo 8'!G14*'Anexo 4'!$D$10,0) -> 0 | H14: =ROUND('Anexo 8'!H14*'Anexo 4'!$D$10,0) -> 0 | I14: =ROUND('Anexo 8'!I14*'Anexo 4'!$D$10,0) -> 0 | J14: =ROUND('Anexo 8'!J14*'Anexo 4'!$D$10,0) -> 0 | ... Z14: =ROUND('Anexo 8'!Z14*'Anexo 4'!$D$10,0) -> 0 | AA14: =SUM(C14:Z14) -> 0 | AB14: 6
A15: 47574 | B15: O | C15: =ROUND('Anexo 8'!C15*'Anexo 4'!$D$10,0) -> 0 | D15: =ROUND('Anexo 8'!D15*'Anexo 4'!$D$10,0) -> 0 | E15: =ROUND('Anexo 8'!E15*'Anexo 4'!$D$10,0) -> 0 | F15: =ROUND('Anexo 8'!F15*'Anexo 4'!$D$10,0) -> 0 | G15: =ROUND('Anexo 8'!G15*'Anexo 4'!$D$10,0) -> 0 | H15: =ROUND('Anexo 8'!H15*'Anexo 4'!$D$10,0) -> 0 | I15: =ROUND('Anexo 8'!I15*'Anexo 4'!$D$10,0) -> 0 | J15: =ROUND('Anexo 8'!J15*'Anexo 4'!$D$10,0) -> 0 | ... Z15: =ROUND('Anexo 8'!Z15*'Anexo 4'!$D$10,0) -> 0 | AA15: =SUM(C15:Z15) -> 0 | AB15: 20 | AC15: =+AA15*AB15+AA16*AB16+AA17*AB17 -> 0
B16: S | C16: =ROUND('Anexo 8'!C16*'Anexo 4'!$D$10,0) -> 0 | D16: =ROUND('Anexo 8'!D16*'Anexo 4'!$D$10,0) -> 0 | E16: =ROUND('Anexo 8'!E16*'Anexo 4'!$D$10,0) -> 0 | F16: =ROUND('Anexo 8'!F16*'Anexo 4'!$D$10,0) -> 0 | G16: =ROUND('Anexo 8'!G16*'Anexo 4'!$D$10,0) -> 0 | H16: =ROUND('Anexo 8'!H16*'Anexo 4'!$D$10,0) -> 0 | I16: =ROUND('Anexo 8'!I16*'Anexo 4'!$D$10,0) -> 0 | J16: =ROUND('Anexo 8'!J16*'Anexo 4'!$D$10,0) -> 0 | ... Z16: =ROUND('Anexo 8'!Z16*'Anexo 4'!$D$10,0) -> 0 | AA16: =SUM(C16:Z16) -> 0 | AB16: 4
B17: F | C17: =ROUND('Anexo 8'!C17*'Anexo 4'!$D$10,0) -> 0 | D17: =ROUND('Anexo 8'!D17*'Anexo 4'!$D$10,0) -> 0 | E17: =ROUND('Anexo 8'!E17*'Anexo 4'!$D$10,0) -> 0 | F17: =ROUND('Anexo 8'!F17*'Anexo 4'!$D$10,0) -> 0 | G17: =ROUND('Anexo 8'!G17*'Anexo 4'!$D$10,0) -> 0 | H17: =ROUND('Anexo 8'!H17*'Anexo 4'!$D$10,0) -> 0 | I17: =ROUND('Anexo 8'!I17*'Anexo 4'!$D$10,0) -> 0 | J17: =ROUND('Anexo 8'!J17*'Anexo 4'!$D$10,0) -> 0 | ... Z17: =ROUND('Anexo 8'!Z17*'Anexo 4'!$D$10,0) -> 0 | AA17: =SUM(C17:Z17) -> 0 | AB17: 6
A18: 47604 | B18: O | C18: =ROUND('Anexo 8'!C18*'Anexo 4'!$D$10,0) -> 0 | D18: =ROUND('Anexo 8'!D18*'Anexo 4'!$D$10,0) -> 0 | E18: =ROUND('Anexo 8'!E18*'Anexo 4'!$D$10,0) -> 0 | F18: =ROUND('Anexo 8'!F18*'Anexo 4'!$D$10,0) -> 0 | G18: =ROUND('Anexo 8'!G18*'Anexo 4'!$D$10,0) -> 0 | H18: =ROUND('Anexo 8'!H18*'Anexo 4'!$D$10,0) -> 0 | I18: =ROUND('Anexo 8'!I18*'Anexo 4'!$D$10,0) -> 0 | J18: =ROUND('Anexo 8'!J18*'Anexo 4'!$D$10,0) -> 0 | ... Z18: =ROUND('Anexo 8'!Z18*'Anexo 4'!$D$10,0) -> 0 | AA18: =SUM(C18:Z18) -> 0 | AB18: 22 | AC18: =+AA18*AB18+AA19*AB19+AA20*AB20 -> 0
B19: S | C19: =ROUND('Anexo 8'!C19*'Anexo 4'!$D$10,0) -> 0 | D19: =ROUND('Anexo 8'!D19*'Anexo 4'!$D$10,0) -> 0 | E19: =ROUND('Anexo 8'!E19*'Anexo 4'!$D$10,0) -> 0 | F19: =ROUND('Anexo 8'!F19*'Anexo 4'!$D$10,0) -> 0 | G19: =ROUND('Anexo 8'!G19*'Anexo 4'!$D$10,0) -> 0 | H19: =ROUND('Anexo 8'!H19*'Anexo 4'!$D$10,0) -> 0 | I19: =ROUND('Anexo 8'!I19*'Anexo 4'!$D$10,0) -> 0 | J19: =ROUND('Anexo 8'!J19*'Anexo 4'!$D$10,0) -> 0 | ... Z19: =ROUND('Anexo 8'!Z19*'Anexo 4'!$D$10,0) -> 0 | AA19: =SUM(C19:Z19) -> 0 | AB19: 4
B20: F | C20: =ROUND('Anexo 8'!C20*'Anexo 4'!$D$10,0) -> 0 | D20: =ROUND('Anexo 8'!D20*'Anexo 4'!$D$10,0) -> 0 | E20: =ROUND('Anexo 8'!E20*'Anexo 4'!$D$10,0) -> 0 | F20: =ROUND('Anexo 8'!F20*'Anexo 4'!$D$10,0) -> 0 | G20: =ROUND('Anexo 8'!G20*'Anexo 4'!$D$10,0) -> 0 | H20: =ROUND('Anexo 8'!H20*'Anexo 4'!$D$10,0) -> 0 | I20: =ROUND('Anexo 8'!I20*'Anexo 4'!$D$10,0) -> 0 | J20: =ROUND('Anexo 8'!J20*'Anexo 4'!$D$10,0) -> 0 | ... Z20: =ROUND('Anexo 8'!Z20*'Anexo 4'!$D$10,0) -> 0 | AA20: =SUM(C20:Z20) -> 0 | AB20: 5
A21: 47635 | B21: O | C21: =ROUND('Anexo 8'!C21*'Anexo 4'!$D$10,0) -> 0 | D21: =ROUND('Anexo 8'!D21*'Anexo 4'!$D$10,0) -> 0 | E21: =ROUND('Anexo 8'!E21*'Anexo 4'!$D$10,0) -> 0 | F21: =ROUND('Anexo 8'!F21*'Anexo 4'!$D$10,0) -> 0 | G21: =ROUND('Anexo 8'!G21*'Anexo 4'!$D$10,0) -> 0 | H21: =ROUND('Anexo 8'!H21*'Anexo 4'!$D$10,0) -> 0 | I21: =ROUND('Anexo 8'!I21*'Anexo 4'!$D$10,0) -> 0 | J21: =ROUND('Anexo 8'!J21*'Anexo 4'!$D$10,0) -> 0 | ... Z21: =ROUND('Anexo 8'!Z21*'Anexo 4'!$D$10,0) -> 0 | AA21: =SUM(C21:Z21) -> 0 | AB21: 18 | AC21: =+AA21*AB21+AA22*AB22+AA23*AB23 -> 0
B22: S | C22: =ROUND('Anexo 8'!C22*'Anexo 4'!$D$10,0) -> 0 | D22: =ROUND('Anexo 8'!D22*'Anexo 4'!$D$10,0) -> 0 | E22: =ROUND('Anexo 8'!E22*'Anexo 4'!$D$10,0) -> 0 | F22: =ROUND('Anexo 8'!F22*'Anexo 4'!$D$10,0) -> 0 | G22: =ROUND('Anexo 8'!G22*'Anexo 4'!$D$10,0) -> 0 | H22: =ROUND('Anexo 8'!H22*'Anexo 4'!$D$10,0) -> 0 | I22: =ROUND('Anexo 8'!I22*'Anexo 4'!$D$10,0) -> 0 | J22: =ROUND('Anexo 8'!J22*'Anexo 4'!$D$10,0) -> 0 | ... Z22: =ROUND('Anexo 8'!Z22*'Anexo 4'!$D$10,0) -> 0 | AA22: =SUM(C22:Z22) -> 0 | AB22: 5
B23: F | C23: =ROUND('Anexo 8'!C23*'Anexo 4'!$D$10,0) -> 0 | D23: =ROUND('Anexo 8'!D23*'Anexo 4'!$D$10,0) -> 0 | E23: =ROUND('Anexo 8'!E23*'Anexo 4'!$D$10,0) -> 0 | F23: =ROUND('Anexo 8'!F23*'Anexo 4'!$D$10,0) -> 0 | G23: =ROUND('Anexo 8'!G23*'Anexo 4'!$D$10,0) -> 0 | H23: =ROUND('Anexo 8'!H23*'Anexo 4'!$D$10,0) -> 0 | I23: =ROUND('Anexo 8'!I23*'Anexo 4'!$D$10,0) -> 0 | J23: =ROUND('Anexo 8'!J23*'Anexo 4'!$D$10,0) -> 0 | ... Z23: =ROUND('Anexo 8'!Z23*'Anexo 4'!$D$10,0) -> 0 | AA23: =SUM(C23:Z23) -> 0 | AB23: 7
A24: 47665 | B24: O | C24: =ROUND('Anexo 8'!C24*'Anexo 4'!$D$10,0) -> 0 | D24: =ROUND('Anexo 8'!D24*'Anexo 4'!$D$10,0) -> 0 | E24: =ROUND('Anexo 8'!E24*'Anexo 4'!$D$10,0) -> 0 | F24: =ROUND('Anexo 8'!F24*'Anexo 4'!$D$10,0) -> 0 | G24: =ROUND('Anexo 8'!G24*'Anexo 4'!$D$10,0) -> 0 | H24: =ROUND('Anexo 8'!H24*'Anexo 4'!$D$10,0) -> 0 | I24: =ROUND('Anexo 8'!I24*'Anexo 4'!$D$10,0) -> 0 | J24: =ROUND('Anexo 8'!J24*'Anexo 4'!$D$10,0) -> 0 | ... Z24: =ROUND('Anexo 8'!Z24*'Anexo 4'!$D$10,0) -> 0 | AA24: =SUM(C24:Z24) -> 0 | AB24: 22 | AC24: =+AA24*AB24+AA25*AB25+AA26*AB26 -> 0
B25: S | C25: =ROUND('Anexo 8'!C25*'Anexo 4'!$D$10,0) -> 0 | D25: =ROUND('Anexo 8'!D25*'Anexo 4'!$D$10,0) -> 0 | E25: =ROUND('Anexo 8'!E25*'Anexo 4'!$D$10,0) -> 0 | F25: =ROUND('Anexo 8'!F25*'Anexo 4'!$D$10,0) -> 0 | G25: =ROUND('Anexo 8'!G25*'Anexo 4'!$D$10,0) -> 0 | H25: =ROUND('Anexo 8'!H25*'Anexo 4'!$D$10,0) -> 0 | I25: =ROUND('Anexo 8'!I25*'Anexo 4'!$D$10,0) -> 0 | J25: =ROUND('Anexo 8'!J25*'Anexo 4'!$D$10,0) -> 0 | ... Z25: =ROUND('Anexo 8'!Z25*'Anexo 4'!$D$10,0) -> 0 | AA25: =SUM(C25:Z25) -> 0 | AB25: 3
B26: F | C26: =ROUND('Anexo 8'!C26*'Anexo 4'!$D$10,0) -> 0 | D26: =ROUND('Anexo 8'!D26*'Anexo 4'!$D$10,0) -> 0 | E26: =ROUND('Anexo 8'!E26*'Anexo 4'!$D$10,0) -> 0 | F26: =ROUND('Anexo 8'!F26*'Anexo 4'!$D$10,0) -> 0 | G26: =ROUND('Anexo 8'!G26*'Anexo 4'!$D$10,0) -> 0 | H26: =ROUND('Anexo 8'!H26*'Anexo 4'!$D$10,0) -> 0 | I26: =ROUND('Anexo 8'!I26*'Anexo 4'!$D$10,0) -> 0 | J26: =ROUND('Anexo 8'!J26*'Anexo 4'!$D$10,0) -> 0 | ... Z26: =ROUND('Anexo 8'!Z26*'Anexo 4'!$D$10,0) -> 0 | AA26: =SUM(C26:Z26) -> 0 | AB26: 6
A27: 47696 | B27: O | C27: =ROUND('Anexo 8'!C27*'Anexo 4'!$D$10,0) -> 0 | D27: =ROUND('Anexo 8'!D27*'Anexo 4'!$D$10,0) -> 0 | E27: =ROUND('Anexo 8'!E27*'Anexo 4'!$D$10,0) -> 0 | F27: =ROUND('Anexo 8'!F27*'Anexo 4'!$D$10,0) -> 0 | G27: =ROUND('Anexo 8'!G27*'Anexo 4'!$D$10,0) -> 0 | H27: =ROUND('Anexo 8'!H27*'Anexo 4'!$D$10,0) -> 0 | I27: =ROUND('Anexo 8'!I27*'Anexo 4'!$D$10,0) -> 0 | J27: =ROUND('Anexo 8'!J27*'Anexo 4'!$D$10,0) -> 0 | ... Z27: =ROUND('Anexo 8'!Z27*'Anexo 4'!$D$10,0) -> 0 | AA27: =SUM(C27:Z27) -> 0 | AB27: 20 | AC27: =+AA27*AB27+AA28*AB28+AA29*AB29 -> 0
B28: S | C28: =ROUND('Anexo 8'!C28*'Anexo 4'!$D$10,0) -> 0 | D28: =ROUND('Anexo 8'!D28*'Anexo 4'!$D$10,0) -> 0 | E28: =ROUND('Anexo 8'!E28*'Anexo 4'!$D$10,0) -> 0 | F28: =ROUND('Anexo 8'!F28*'Anexo 4'!$D$10,0) -> 0 | G28: =ROUND('Anexo 8'!G28*'Anexo 4'!$D$10,0) -> 0 | H28: =ROUND('Anexo 8'!H28*'Anexo 4'!$D$10,0) -> 0 | I28: =ROUND('Anexo 8'!I28*'Anexo 4'!$D$10,0) -> 0 | J28: =ROUND('Anexo 8'!J28*'Anexo 4'!$D$10,0) -> 0 | ... Z28: =ROUND('Anexo 8'!Z28*'Anexo 4'!$D$10,0) -> 0 | AA28: =SUM(C28:Z28) -> 0 | AB28: 5
B29: F | C29: =ROUND('Anexo 8'!C29*'Anexo 4'!$D$10,0) -> 0 | D29: =ROUND('Anexo 8'!D29*'Anexo 4'!$D$10,0) -> 0 | E29: =ROUND('Anexo 8'!E29*'Anexo 4'!$D$10,0) -> 0 | F29: =ROUND('Anexo 8'!F29*'Anexo 4'!$D$10,0) -> 0 | G29: =ROUND('Anexo 8'!G29*'Anexo 4'!$D$10,0) -> 0 | H29: =ROUND('Anexo 8'!H29*'Anexo 4'!$D$10,0) -> 0 | I29: =ROUND('Anexo 8'!I29*'Anexo 4'!$D$10,0) -> 0 | J29: =ROUND('Anexo 8'!J29*'Anexo 4'!$D$10,0) -> 0 | ... Z29: =ROUND('Anexo 8'!Z29*'Anexo 4'!$D$10,0) -> 0 | AA29: =SUM(C29:Z29) -> 0 | AB29: 6
A30: 47727 | B30: O | C30: =ROUND('Anexo 8'!C30*'Anexo 4'!$D$10,0) -> 0 | D30: =ROUND('Anexo 8'!D30*'Anexo 4'!$D$10,0) -> 0 | E30: =ROUND('Anexo 8'!E30*'Anexo 4'!$D$10,0) -> 0 | F30: =ROUND('Anexo 8'!F30*'Anexo 4'!$D$10,0) -> 0 | G30: =ROUND('Anexo 8'!G30*'Anexo 4'!$D$10,0) -> 0 | H30: =ROUND('Anexo 8'!H30*'Anexo 4'!$D$10,0) -> 0 | I30: =ROUND('Anexo 8'!I30*'Anexo 4'!$D$10,0) -> 0 | J30: =ROUND('Anexo 8'!J30*'Anexo 4'!$D$10,0) -> 0 | ... Z30: =ROUND('Anexo 8'!Z30*'Anexo 4'!$D$10,0) -> 0 | AA30: =SUM(C30:Z30) -> 0 | AB30: 21 | AC30: =+AA30*AB30+AA31*AB31+AA32*AB32 -> 0
B31: S | C31: =ROUND('Anexo 8'!C31*'Anexo 4'!$D$10,0) -> 0 | D31: =ROUND('Anexo 8'!D31*'Anexo 4'!$D$10,0) -> 0 | E31: =ROUND('Anexo 8'!E31*'Anexo 4'!$D$10,0) -> 0 | F31: =ROUND('Anexo 8'!F31*'Anexo 4'!$D$10,0) -> 0 | G31: =ROUND('Anexo 8'!G31*'Anexo 4'!$D$10,0) -> 0 | H31: =ROUND('Anexo 8'!H31*'Anexo 4'!$D$10,0) -> 0 | I31: =ROUND('Anexo 8'!I31*'Anexo 4'!$D$10,0) -> 0 | J31: =ROUND('Anexo 8'!J31*'Anexo 4'!$D$10,0) -> 0 | ... Z31: =ROUND('Anexo 8'!Z31*'Anexo 4'!$D$10,0) -> 0 | AA31: =SUM(C31:Z31) -> 0 | AB31: 4
B32: F | C32: =ROUND('Anexo 8'!C32*'Anexo 4'!$D$10,0) -> 0 | D32: =ROUND('Anexo 8'!D32*'Anexo 4'!$D$10,0) -> 0 | E32: =ROUND('Anexo 8'!E32*'Anexo 4'!$D$10,0) -> 0 | F32: =ROUND('Anexo 8'!F32*'Anexo 4'!$D$10,0) -> 0 | G32: =ROUND('Anexo 8'!G32*'Anexo 4'!$D$10,0) -> 0 | H32: =ROUND('Anexo 8'!H32*'Anexo 4'!$D$10,0) -> 0 | I32: =ROUND('Anexo 8'!I32*'Anexo 4'!$D$10,0) -> 0 | J32: =ROUND('Anexo 8'!J32*'Anexo 4'!$D$10,0) -> 0 | ... Z32: =ROUND('Anexo 8'!Z32*'Anexo 4'!$D$10,0) -> 0 | AA32: =SUM(C32:Z32) -> 0 | AB32: 5
A33: 47757 | B33: O | C33: =ROUND('Anexo 8'!C33*'Anexo 4'!$D$10,0) -> 0 | D33: =ROUND('Anexo 8'!D33*'Anexo 4'!$D$10,0) -> 0 | E33: =ROUND('Anexo 8'!E33*'Anexo 4'!$D$10,0) -> 0 | F33: =ROUND('Anexo 8'!F33*'Anexo 4'!$D$10,0) -> 0 | G33: =ROUND('Anexo 8'!G33*'Anexo 4'!$D$10,0) -> 0 | H33: =ROUND('Anexo 8'!H33*'Anexo 4'!$D$10,0) -> 0 | I33: =ROUND('Anexo 8'!I33*'Anexo 4'!$D$10,0) -> 0 | J33: =ROUND('Anexo 8'!J33*'Anexo 4'!$D$10,0) -> 0 | ... Z33: =ROUND('Anexo 8'!Z33*'Anexo 4'!$D$10,0) -> 0 | AA33: =SUM(C33:Z33) -> 0 | AB33: 22 | AC33: =+AA33*AB33+AA34*AB34+AA35*AB35 -> 0
B34: S | C34: =ROUND('Anexo 8'!C34*'Anexo 4'!$D$10,0) -> 0 | D34: =ROUND('Anexo 8'!D34*'Anexo 4'!$D$10,0) -> 0 | E34: =ROUND('Anexo 8'!E34*'Anexo 4'!$D$10,0) -> 0 | F34: =ROUND('Anexo 8'!F34*'Anexo 4'!$D$10,0) -> 0 | G34: =ROUND('Anexo 8'!G34*'Anexo 4'!$D$10,0) -> 0 | H34: =ROUND('Anexo 8'!H34*'Anexo 4'!$D$10,0) -> 0 | I34: =ROUND('Anexo 8'!I34*'Anexo 4'!$D$10,0) -> 0 | J34: =ROUND('Anexo 8'!J34*'Anexo 4'!$D$10,0) -> 0 | ... Z34: =ROUND('Anexo 8'!Z34*'Anexo 4'!$D$10,0) -> 0 | AA34: =SUM(C34:Z34) -> 0 | AB34: 4
B35: F | C35: =ROUND('Anexo 8'!C35*'Anexo 4'!$D$10,0) -> 0 | D35: =ROUND('Anexo 8'!D35*'Anexo 4'!$D$10,0) -> 0 | E35: =ROUND('Anexo 8'!E35*'Anexo 4'!$D$10,0) -> 0 | F35: =ROUND('Anexo 8'!F35*'Anexo 4'!$D$10,0) -> 0 | G35: =ROUND('Anexo 8'!G35*'Anexo 4'!$D$10,0) -> 0 | H35: =ROUND('Anexo 8'!H35*'Anexo 4'!$D$10,0) -> 0 | I35: =ROUND('Anexo 8'!I35*'Anexo 4'!$D$10,0) -> 0 | J35: =ROUND('Anexo 8'!J35*'Anexo 4'!$D$10,0) -> 0 | ... Z35: =ROUND('Anexo 8'!Z35*'Anexo 4'!$D$10,0) -> 0 | AA35: =SUM(C35:Z35) -> 0 | AB35: 5
A36: 47788 | B36: O | C36: =ROUND('Anexo 8'!C36*'Anexo 4'!$D$10,0) -> 0 | D36: =ROUND('Anexo 8'!D36*'Anexo 4'!$D$10,0) -> 0 | E36: =ROUND('Anexo 8'!E36*'Anexo 4'!$D$10,0) -> 0 | F36: =ROUND('Anexo 8'!F36*'Anexo 4'!$D$10,0) -> 0 | G36: =ROUND('Anexo 8'!G36*'Anexo 4'!$D$10,0) -> 0 | H36: =ROUND('Anexo 8'!H36*'Anexo 4'!$D$10,0) -> 0 | I36: =ROUND('Anexo 8'!I36*'Anexo 4'!$D$10,0) -> 0 | J36: =ROUND('Anexo 8'!J36*'Anexo 4'!$D$10,0) -> 0 | ... Z36: =ROUND('Anexo 8'!Z36*'Anexo 4'!$D$10,0) -> 0 | AA36: =SUM(C36:Z36) -> 0 | AB36: 19 | AC36: =+AA36*AB36+AA37*AB37+AA38*AB38 -> 0
B37: S | C37: =ROUND('Anexo 8'!C37*'Anexo 4'!$D$10,0) -> 0 | D37: =ROUND('Anexo 8'!D37*'Anexo 4'!$D$10,0) -> 0 | E37: =ROUND('Anexo 8'!E37*'Anexo 4'!$D$10,0) -> 0 | F37: =ROUND('Anexo 8'!F37*'Anexo 4'!$D$10,0) -> 0 | G37: =ROUND('Anexo 8'!G37*'Anexo 4'!$D$10,0) -> 0 | H37: =ROUND('Anexo 8'!H37*'Anexo 4'!$D$10,0) -> 0 | I37: =ROUND('Anexo 8'!I37*'Anexo 4'!$D$10,0) -> 0 | J37: =ROUND('Anexo 8'!J37*'Anexo 4'!$D$10,0) -> 0 | ... Z37: =ROUND('Anexo 8'!Z37*'Anexo 4'!$D$10,0) -> 0 | AA37: =SUM(C37:Z37) -> 0 | AB37: 5
B38: F | C38: =ROUND('Anexo 8'!C38*'Anexo 4'!$D$10,0) -> 0 | D38: =ROUND('Anexo 8'!D38*'Anexo 4'!$D$10,0) -> 0 | E38: =ROUND('Anexo 8'!E38*'Anexo 4'!$D$10,0) -> 0 | F38: =ROUND('Anexo 8'!F38*'Anexo 4'!$D$10,0) -> 0 | G38: =ROUND('Anexo 8'!G38*'Anexo 4'!$D$10,0) -> 0 | H38: =ROUND('Anexo 8'!H38*'Anexo 4'!$D$10,0) -> 0 | I38: =ROUND('Anexo 8'!I38*'Anexo 4'!$D$10,0) -> 0 | J38: =ROUND('Anexo 8'!J38*'Anexo 4'!$D$10,0) -> 0 | ... Z38: =ROUND('Anexo 8'!Z38*'Anexo 4'!$D$10,0) -> 0 | AA38: =SUM(C38:Z38) -> 0 | AB38: 6
A39: 47818 | B39: O | C39: =ROUND('Anexo 8'!C39*'Anexo 4'!$D$10,0) -> 0 | D39: =ROUND('Anexo 8'!D39*'Anexo 4'!$D$10,0) -> 0 | E39: =ROUND('Anexo 8'!E39*'Anexo 4'!$D$10,0) -> 0 | F39: =ROUND('Anexo 8'!F39*'Anexo 4'!$D$10,0) -> 0 | G39: =ROUND('Anexo 8'!G39*'Anexo 4'!$D$10,0) -> 0 | H39: =ROUND('Anexo 8'!H39*'Anexo 4'!$D$10,0) -> 0 | I39: =ROUND('Anexo 8'!I39*'Anexo 4'!$D$10,0) -> 0 | J39: =ROUND('Anexo 8'!J39*'Anexo 4'!$D$10,0) -> 0 | ... Z39: =ROUND('Anexo 8'!Z39*'Anexo 4'!$D$10,0) -> 0 | AA39: =SUM(C39:Z39) -> 0 | AB39: 21 | AC39: =+AA39*AB39+AA40*AB40+AA41*AB41 -> 0
B40: S | C40: =ROUND('Anexo 8'!C40*'Anexo 4'!$D$10,0) -> 0 | D40: =ROUND('Anexo 8'!D40*'Anexo 4'!$D$10,0) -> 0 | E40: =ROUND('Anexo 8'!E40*'Anexo 4'!$D$10,0) -> 0 | F40: =ROUND('Anexo 8'!F40*'Anexo 4'!$D$10,0) -> 0 | G40: =ROUND('Anexo 8'!G40*'Anexo 4'!$D$10,0) -> 0 | H40: =ROUND('Anexo 8'!H40*'Anexo 4'!$D$10,0) -> 0 | I40: =ROUND('Anexo 8'!I40*'Anexo 4'!$D$10,0) -> 0 | J40: =ROUND('Anexo 8'!J40*'Anexo 4'!$D$10,0) -> 0 | ... Z40: =ROUND('Anexo 8'!Z40*'Anexo 4'!$D$10,0) -> 0 | AA40: =SUM(C40:Z40) -> 0 | AB40: 4
B41: F | C41: =ROUND('Anexo 8'!C41*'Anexo 4'!$D$10,0) -> 0 | D41: =ROUND('Anexo 8'!D41*'Anexo 4'!$D$10,0) -> 0 | E41: =ROUND('Anexo 8'!E41*'Anexo 4'!$D$10,0) -> 0 | F41: =ROUND('Anexo 8'!F41*'Anexo 4'!$D$10,0) -> 0 | G41: =ROUND('Anexo 8'!G41*'Anexo 4'!$D$10,0) -> 0 | H41: =ROUND('Anexo 8'!H41*'Anexo 4'!$D$10,0) -> 0 | I41: =ROUND('Anexo 8'!I41*'Anexo 4'!$D$10,0) -> 0 | J41: =ROUND('Anexo 8'!J41*'Anexo 4'!$D$10,0) -> 0 | ... Z41: =ROUND('Anexo 8'!Z41*'Anexo 4'!$D$10,0) -> 0 | AA41: =SUM(C41:Z41) -> 0 | AB41: 6
A42: TOTAL AÑO | C42: =+SUM(C6:C41) -> 0 | D42: =+SUM(D6:D41) -> 0 | E42: =+SUM(E6:E41) -> 0 | F42: =+SUM(F6:F41) -> 0 | G42: =+SUM(G6:G41) -> 0 | H42: =+SUM(H6:H41) -> 0 | I42: =+SUM(I6:I41) -> 0 | J42: =+SUM(J6:J41) -> 0 | ... AC42: =+SUM(AC6:AC41) -> 0
