Workbook

Sheet Cantidades 2026
C2: CANTIDADES DE ENERGÍA SOLICITADAS (kWh)
C3: EMPRESAS PÚBLICAS DE MEDELLÍN E.S.P.
C4: 2026
C6: Mes | D6: Tipo Día | E6: Días | F6: H1 | G6: H2 | H6: H3 | I6: H4 | J6: H5 | K6: H6 | L6: H7 | M6: H8 | N6: H9 | O6: H10 | P6: H11 | Q6: H12 | R6: H13 | S6: H14 | T6: H15 | U6: H16 | V6: H17 | W6: H18 | X6: H19 | Y6: H20 | Z6: H21 | AA6: H22 | AB6: H23 | AC6: H24 | AD6: TOTAL MES
C7: Ene | D7: Ordinario | E7: 20 | F7: =+[1]Resumen!F7*1000 -> 0 | G7: =+[1]Resumen!G7*1000 -> 0 | H7: =+[1]Resumen!H7*1000 -> 0 | I7: =+[1]Resumen!I7*1000 -> 0 | J7: =+[1]Resumen!J7*1000 -> 0 | K7: =+[1]Resumen!K7*1000 -> 0 | L7: =+[1]Resumen!L7*1000 -> 0 | M7: =+[1]Resumen!M7*1000 -> 0 | ... AC7: =+[1]Resumen!AC7*1000 -> 0 | AD7: =SUM(F7:AC7)*E7+SUM(F8:AC8)*E8+SUM(F9:AC9)*E9+SUM(F10:AC10)*E10 -> 69124564
D8: Sábado | E8: 5 | F8: =+[1]Resumen!F8*1000 -> 0 | G8: =+[1]Resumen!G8*1000 -> 0 | H8: =+[1]Resumen!H8*1000 -> 0 | I8: =+[1]Resumen!I8*1000 -> 0 | J8: =+[1]Resumen!J8*1000 -> 0 | K8: =+[1]Resumen!K8*1000 -> 0 | L8: =+[1]Resumen!L8*1000 -> 0 | M8: =+[1]Resumen!M8*1000 -> 0 | ... AC8: =+[1]Resumen!AC8*1000 -> 0
D9: Domingo | E9: 4 | F9: =+[1]Resumen!F9*1000 -> 0 | G9: =+[1]Resumen!G9*1000 -> 0 | H9: =+[1]Resumen!H9*1000 -> 0 | I9: =+[1]Resumen!I9*1000 -> 0 | J9: =+[1]Resumen!J9*1000 -> 0 | K9: =+[1]Resumen!K9*1000 -> 0 | L9: =+[1]Resumen!L9*1000 -> 0 | M9: =+[1]Resumen!M9*1000 -> 0 | ... AC9: =+[1]Resumen!AC9*1000 -> 0
D10: Festivo | E10: 2 | F10: =+[1]Resumen!F10*1000 -> 0 | G10: =+[1]Resumen!G10*1000 -> 0 | H10: =+[1]Resumen!H10*1000 -> 0 | I10: =+[1]Resumen!I10*1000 -> 0 | J10: =+[1]Resumen!J10*1000 -> 0 | K10: =+[1]Resumen!K10*1000 -> 0 | L10: =+[1]Resumen!L10*1000 -> 0 | M10: =+[1]Resumen!M10*1000 -> 0 | ... AC10: =+[1]Resumen!AC10*1000 -> 0
C11: Feb | D11: Ordinario | E11: 20 | F11: =+[1]Resumen!F11*1000 -> 0 | G11: =+[1]Resumen!G11*1000 -> 0 | H11: =+[1]Resumen!H11*1000 -> 0 | I11: =+[1]Resumen!I11*1000 -> 0 | J11: =+[1]Resumen!J11*1000 -> 0 | K11: =+[1]Resumen!K11*1000 -> 0 | L11: =+[1]Resumen!L11*1000 -> 0 | M11: =+[1]Resumen!M11*1000 -> 0 | ... AC11: =+[1]Resumen!AC11*1000 -> 0 | AD11: =SUM(F11:AC11)*E11+SUM(F12:AC12)*E12+SUM(F13:AC13)*E13+SUM(F14:AC14)*E14 -> 82906137
D12: Sábado | E12: 4 | F12: =+[1]Resumen!F12*1000 -> 0 | G12: =+[1]Resumen!G12*1000 -> 0 | H12: =+[1]Resumen!H12*1000 -> 0 | I12: =+[1]Resumen!I12*1000 -> 0 | J12: =+[1]Resumen!J12*1000 -> 0 | K12: =+[1]Resumen!K12*1000 -> 0 | L12: =+[1]Resumen!L12*1000 -> 0 | M12: =+[1]Resumen!M12*1000 -> 0 | ... AC12: =+[1]Resumen!AC12*1000 -> 0
D13: Domingo | E13: 4 | F13: =+[1]Resumen!F13*1000 -> 0 | G13: =+[1]Resumen!G13*1000 -> 0 | H13: =+[1]Resumen!H13*1000 -> 0 | I13: =+[1]Resumen!I13*1000 -> 0 | J13: =+[1]Resumen!J13*1000 -> 0 | K13: =+[1]Resumen!K13*1000 -> 0 | L13: =+[1]Resumen!L13*1000 -> 0 | M13: =+[1]Resumen!M13*1000 -> 0 | ... AC13: =+[1]Resumen!AC13*1000 -> 0
D14: Festivo | E14: 0 | F14: =+[1]Resumen!F14*1000 -> 0 | G14: =+[1]Resumen!G14*1000 -> 0 | H14: =+[1]Resumen!H14*1000 -> 0 | I14: =+[1]Resumen!I14*1000 -> 0 | J14: =+[1]Resumen!J14*1000 -> 0 | K14: =+[1]Resumen!K14*1000 -> 0 | L14: =+[1]Resumen!L14*1000 -> 0 | M14: =+[1]Resumen!M14*1000 -> 0 | ... AC14: =+[1]Resumen!AC14*1000 -> 0
C15: Mar | D15: Ordinario | E15: 21 | F15: =+[1]Resumen!F15*1000 -> 0 | G15: =+[1]Resumen!G15*1000 -> 0 | H15: =+[1]Resumen!H15*1000 -> 0 | I15: =+[1]Resumen!I15*1000 -> 0 | J15: =+[1]Resumen!J15*1000 -> 0 | K15: =+[1]Resumen!K15*1000 -> 0 | L15: =+[1]Resumen!L15*1000 -> 0 | M15: =+[1]Resumen!M15*1000 -> 0 | ... AC15: =+[1]Resumen!AC15*1000 -> 0 | AD15: =SUM(F15:AC15)*E15+SUM(F16:AC16)*E16+SUM(F17:AC17)*E17+SUM(F18:AC18)*E18 -> 65827997
D16: Sábado | E16: 4 | F16: =+[1]Resumen!F16*1000 -> 0 | G16: =+[1]Resumen!G16*1000 -> 0 | H16: =+[1]Resumen!H16*1000 -> 0 | I16: =+[1]Resumen!I16*1000 -> 0 | J16: =+[1]Resumen!J16*1000 -> 0 | K16: =+[1]Resumen!K16*1000 -> 0 | L16: =+[1]Resumen!L16*1000 -> 0 | M16: =+[1]Resumen!M16*1000 -> 0 | ... AC16: =+[1]Resumen!AC16*1000 -> 0
D17: Domingo | E17: 5 | F17: =+[1]Resumen!F17*1000 -> 0 | G17: =+[1]Resumen!G17*1000 -> 0 | H17: =+[1]Resumen!H17*1000 -> 0 | I17: =+[1]Resumen!I17*1000 -> 0 | J17: =+[1]Resumen!J17*1000 -> 0 | K17: =+[1]Resumen!K17*1000 -> 0 | L17: =+[1]Resumen!L17*1000 -> 0 | M17: =+[1]Resumen!M17*1000 -> 0 | ... AC17: =+[1]Resumen!AC17*1000 -> 0
D18: Festivo | E18: 1 | F18: =+[1]Resumen!F18*1000 -> 0 | G18: =+[1]Resumen!G18*1000 -> 0 | H18: =+[1]Resumen!H18*1000 -> 0 | I18: =+[1]Resumen!I18*1000 -> 0 | J18: =+[1]Resumen!J18*1000 -> 0 | K18: =+[1]Resumen!K18*1000 -> 0 | L18: =+[1]Resumen!L18*1000 -> 0 | M18: =+[1]Resumen!M18*1000 -> 0 | ... AC18: =+[1]Resumen!AC18*1000 -> 0
C19: Abr | D19: Ordinario | E19: 20 | F19: =+[1]Resumen!F19*1000 -> 0 | G19: =+[1]Resumen!G19*1000 -> 0 | H19: =+[1]Resumen!H19*1000 -> 0 | I19: =+[1]Resumen!I19*1000 -> 0 | J19: =+[1]Resumen!J19*1000 -> 0 | K19: =+[1]Resumen!K19*1000 -> 0 | L19: =+[1]Resumen!L19*1000 -> 0 | M19: =+[1]Resumen!M19*1000 -> 0 | ... AC19: =+[1]Resumen!AC19*1000 -> 0 | AD19: =SUM(F19:AC19)*E19+SUM(F20:AC20)*E20+SUM(F21:AC21)*E21+SUM(F22:AC22)*E22 -> 73334508
D20: Sábado | E20: 4 | F20: =+[1]Resumen!F20*1000 -> 0 | G20: =+[1]Resumen!G20*1000 -> 0 | H20: =+[1]Resumen!H20*1000 -> 0 | I20: =+[1]Resumen!I20*1000 -> 0 | J20: =+[1]Resumen!J20*1000 -> 0 | K20: =+[1]Resumen!K20*1000 -> 0 | L20: =+[1]Resumen!L20*1000 -> 0 | M20: =+[1]Resumen!M20*1000 -> 0 | ... AC20: =+[1]Resumen!AC20*1000 -> 0
D21: Domingo | E21: 4 | F21: =+[1]Resumen!F21*1000 -> 0 | G21: =+[1]Resumen!G21*1000 -> 0 | H21: =+[1]Resumen!H21*1000 -> 0 | I21: =+[1]Resumen!I21*1000 -> 0 | J21: =+[1]Resumen!J21*1000 -> 0 | K21: =+[1]Resumen!K21*1000 -> 0 | L21: =+[1]Resumen!L21*1000 -> 0 | M21: =+[1]Resumen!M21*1000 -> 0 | ... AC21: =+[1]Resumen!AC21*1000 -> 0
D22: Festivo | E22: 2 | F22: =+[1]Resumen!F22*1000 -> 0 | G22: =+[1]Resumen!G22*1000 -> 0 | H22: =+[1]Resumen!H22*1000 -> 0 | I22: =+[1]Resumen!I22*1000 -> 0 | J22: =+[1]Resumen!J22*1000 -> 0 | K22: =+[1]Resumen!K22*1000 -> 0 | L22: =+[1]Resumen!L22*1000 -> 0 | M22: =+[1]Resumen!M22*1000 -> 0 | ... AC22: =+[1]Resumen!AC22*1000 -> 0
C23: May | D23: Ordinario | E23: 19 | F23: =+[1]Resumen!F23*1000 -> 0 | G23: =+[1]Resumen!G23*1000 -> 0 | H23: =+[1]Resumen!H23*1000 -> 0 | I23: =+[1]Resumen!I23*1000 -> 0 | J23: =+[1]Resumen!J23*1000 -> 0 | K23: =+[1]Resumen!K23*1000 -> 0 | L23: =+[1]Resumen!L23*1000 -> 0 | M23: =+[1]Resumen!M23*1000 -> 0 | ... AC23: =+[1]Resumen!AC23*1000 -> 0 | AD23: =SUM(F23:AC23)*E23+SUM(F24:AC24)*E24+SUM(F25:AC25)*E25+SUM(F26:AC26)*E26 -> 29618522
D24: Sábado | E24: 5 | F24: =+[1]Resumen!F24*1000 -> 0 | G24: =+[1]Resumen!G24*1000 -> 0 | H24: =+[1]Resumen!H24*1000 -> 0 | I24: =+[1]Resumen!I24*1000 -> 0 | J24: =+[1]Resumen!J24*1000 -> 0 | K24: =+[1]Resumen!K24*1000 -> 0 | L24: =+[1]Resumen!L24*1000 -> 0 | M24: =+[1]Resumen!M24*1000 -> 0 | ... AC24: =+[1]Resumen!AC24*1000 -> 0
D25: Domingo | E25: 5 | F25: =+[1]Resumen!F25*1000 -> 0 | G25: =+[1]Resumen!G25*1000 -> 0 | H25: =+[1]Resumen!H25*1000 -> 0 | I25: =+[1]Resumen!I25*1000 -> 0 | J25: =+[1]Resumen!J25*1000 -> 0 | K25: =+[1]Resumen!K25*1000 -> 0 | L25: =+[1]Resumen!L25*1000 -> 0 | M25: =+[1]Resumen!M25*1000 -> 0 | ... AC25: =+[1]Resumen!AC25*1000 -> 0
D26: Festivo | E26: 2 | F26: =+[1]Resumen!F26*1000 -> 0 | G26: =+[1]Resumen!G26*1000 -> 0 | H26: =+[1]Resumen!H26*1000 -> 0 | I26: =+[1]Resumen!I26*1000 -> 0 | J26: =+[1]Resumen!J26*1000 -> 0 | K26: =+[1]Resumen!K26*1000 -> 0 | L26: =+[1]Resumen!L26*1000 -> 0 | M26: =+[1]Resumen!M26*1000 -> 0 | ... AC26: =+[1]Resumen!AC26*1000 -> 0
C27: Jun | D27: Ordinario | E27: 19 | F27: =+[1]Resumen!F27*1000 -> 0 | G27: =+[1]Resumen!G27*1000 -> 0 | H27: =+[1]Resumen!H27*1000 -> 0 | I27: =+[1]Resumen!I27*1000 -> 0 | J27: =+[1]Resumen!J27*1000 -> 0 | K27: =+[1]Resumen!K27*1000 -> 0 | L27: =+[1]Resumen!L27*1000 -> 0 | M27: =+[1]Resumen!M27*1000 -> 0 | ... AC27: =+[1]Resumen!AC27*1000 -> 0 | AD27: =SUM(F27:AC27)*E27+SUM(F28:AC28)*E28+SUM(F29:AC29)*E29+SUM(F30:AC30)*E30 -> 35450077
D28: Sábado | E28: 4 | F28: =+[1]Resumen!F28*1000 -> 0 | G28: =+[1]Resumen!G28*1000 -> 0 | H28: =+[1]Resumen!H28*1000 -> 0 | I28: =+[1]Resumen!I28*1000 -> 0 | J28: =+[1]Resumen!J28*1000 -> 0 | K28: =+[1]Resumen!K28*1000 -> 0 | L28: =+[1]Resumen!L28*1000 -> 0 | M28: =+[1]Resumen!M28*1000 -> 0 | ... AC28: =+[1]Resumen!AC28*1000 -> 0
D29: Domingo | E29: 4 | F29: =+[1]Resumen!F29*1000 -> 0 | G29: =+[1]Resumen!G29*1000 -> 0 | H29: =+[1]Resumen!H29*1000 -> 0 | I29: =+[1]Resumen!I29*1000 -> 0 | J29: =+[1]Resumen!J29*1000 -> 0 | K29: =+[1]Resumen!K29*1000 -> 0 | L29: =+[1]Resumen!L29*1000 -> 0 | M29: =+[1]Resumen!M29*1000 -> 0 | ... AC29: =+[1]Resumen!AC29*1000 -> 0
D30: Festivo | E30: 3 | F30: =+[1]Resumen!F30*1000 -> 0 | G30: =+[1]Resumen!G30*1000 -> 0 | H30: =+[1]Resumen!H30*1000 -> 0 | I30: =+[1]Resumen!I30*1000 -> 0 | J30: =+[1]Resumen!J30*1000 -> 0 | K30: =+[1]Resumen!K30*1000 -> 0 | L30: =+[1]Resumen!L30*1000 -> 0 | M30: =+[1]Resumen!M30*1000 -> 0 | ... AC30: =+[1]Resumen!AC30*1000 -> 0
C31: Jul | D31: Ordinario | E31: 22 | F31: =+[1]Resumen!F31*1000 -> 0 | G31: =+[1]Resumen!G31*1000 -> 0 | H31: =+[1]Resumen!H31*1000 -> 0 | I31: =+[1]Resumen!I31*1000 -> 0 | J31: =+[1]Resumen!J31*1000 -> 0 | K31: =+[1]Resumen!K31*1000 -> 0 | L31: =+[1]Resumen!L31*1000 -> 0 | M31: =+[1]Resumen!M31*1000 -> 0 | ... AC31: =+[1]Resumen!AC31*1000 -> 0 | AD31: =SUM(F31:AC31)*E31+SUM(F32:AC32)*E32+SUM(F33:AC33)*E33+SUM(F34:AC34)*E34 -> 31680984
D32: Sábado | E32: 4 | F32: =+[1]Resumen!F32*1000 -> 0 | G32: =+[1]Resumen!G32*1000 -> 0 | H32: =+[1]Resumen!H32*1000 -> 0 | I32: =+[1]Resumen!I32*1000 -> 0 | J32: =+[1]Resumen!J32*1000 -> 0 | K32: =+[1]Resumen!K32*1000 -> 0 | L32: =+[1]Resumen!L32*1000 -> 0 | M32: =+[1]Resumen!M32*1000 -> 0 | ... AC32: =+[1]Resumen!AC32*1000 -> 0
D33: Domingo | E33: 4 | F33: =+[1]Resumen!F33*1000 -> 0 | G33: =+[1]Resumen!G33*1000 -> 0 | H33: =+[1]Resumen!H33*1000 -> 0 | I33: =+[1]Resumen!I33*1000 -> 0 | J33: =+[1]Resumen!J33*1000 -> 0 | K33: =+[1]Resumen!K33*1000 -> 0 | L33: =+[1]Resumen!L33*1000 -> 0 | M33: =+[1]Resumen!M33*1000 -> 0 | ... AC33: =+[1]Resumen!AC33*1000 -> 0
D34: Festivo | E34: 1 | F34: =+[1]Resumen!F34*1000 -> 0 | G34: =+[1]Resumen!G34*1000 -> 0 | H34: =+[1]Resumen!H34*1000 -> 0 | I34: =+[1]Resumen!I34*1000 -> 0 | J34: =+[1]Resumen!J34*1000 -> 0 | K34: =+[1]Resumen!K34*1000 -> 0 | L34: =+[1]Resumen!L34*1000 -> 0 | M34: =+[1]Resumen!M34*1000 -> 0 | ... AC34: =+[1]Resumen!AC34*1000 -> 0
C35: Ago | D35: Ordinario | E35: 19 | F35: =+[1]Resumen!F35*1000 -> 0 | G35: =+[1]Resumen!G35*1000 -> 0 | H35: =+[1]Resumen!H35*1000 -> 0 | I35: =+[1]Resumen!I35*1000 -> 0 | J35: =+[1]Resumen!J35*1000 -> 0 | K35: =+[1]Resumen!K35*1000 -> 0 | L35: =+[1]Resumen!L35*1000 -> 0 | M35: =+[1]Resumen!M35*1000 -> 0 | ... AC35: =+[1]Resumen!AC35*1000 -> 0 | AD35: =SUM(F35:AC35)*E35+SUM(F36:AC36)*E36+SUM(F37:AC37)*E37+SUM(F38:AC38)*E38 -> 34639194
D36: Sábado | E36: 5 | F36: =+[1]Resumen!F36*1000 -> 0 | G36: =+[1]Resumen!G36*1000 -> 0 | H36: =+[1]Resumen!H36*1000 -> 0 | I36: =+[1]Resumen!I36*1000 -> 0 | J36: =+[1]Resumen!J36*1000 -> 0 | K36: =+[1]Resumen!K36*1000 -> 0 | L36: =+[1]Resumen!L36*1000 -> 0 | M36: =+[1]Resumen!M36*1000 -> 0 | ... AC36: =+[1]Resumen!AC36*1000 -> 0
D37: Domingo | E37: 5 | F37: =+[1]Resumen!F37*1000 -> 0 | G37: =+[1]Resumen!G37*1000 -> 0 | H37: =+[1]Resumen!H37*1000 -> 0 | I37: =+[1]Resumen!I37*1000 -> 0 | J37: =+[1]Resumen!J37*1000 -> 0 | K37: =+[1]Resumen!K37*1000 -> 0 | L37: =+[1]Resumen!L37*1000 -> 0 | M37: =+[1]Resumen!M37*1000 -> 0 | ... AC37: =+[1]Resumen!AC37*1000 -> 0
D38: Festivo | E38: 2 | F38: =+[1]Resumen!F38*1000 -> 0 | G38: =+[1]Resumen!G38*1000 -> 0 | H38: =+[1]Resumen!H38*1000 -> 0 | I38: =+[1]Resumen!I38*1000 -> 0 | J38: =+[1]Resumen!J38*1000 -> 0 | K38: =+[1]Resumen!K38*1000 -> 0 | L38: =+[1]Resumen!L38*1000 -> 0 | M38: =+[1]Resumen!M38*1000 -> 0 | ... AC38: =+[1]Resumen!AC38*1000 -> 0
C39: Sep | D39: Ordinario | E39: 22 | F39: =+[1]Resumen!F39*1000 -> 0 | G39: =+[1]Resumen!G39*1000 -> 0 | H39: =+[1]Resumen!H39*1000 -> 0 | I39: =+[1]Resumen!I39*1000 -> 0 | J39: =+[1]Resumen!J39*1000 -> 0 | K39: =+[1]Resumen!K39*1000 -> 0 | L39: =+[1]Resumen!L39*1000 -> 0 | M39: =+[1]Resumen!M39*1000 -> 0 | ... AC39: =+[1]Resumen!AC39*1000 -> 0 | AD39: =SUM(F39:AC39)*E39+SUM(F40:AC40)*E40+SUM(F41:AC41)*E41+SUM(F42:AC42)*E42 -> 73258851
D40: Sábado | E40: 4 | F40: =+[1]Resumen!F40*1000 -> 0 | G40: =+[1]Resumen!G40*1000 -> 0 | H40: =+[1]Resumen!H40*1000 -> 0 | I40: =+[1]Resumen!I40*1000 -> 0 | J40: =+[1]Resumen!J40*1000 -> 0 | K40: =+[1]Resumen!K40*1000 -> 0 | L40: =+[1]Resumen!L40*1000 -> 0 | M40: =+[1]Resumen!M40*1000 -> 0 | ... AC40: =+[1]Resumen!AC40*1000 -> 0
D41: Domingo | E41: 4 | F41: =+[1]Resumen!F41*1000 -> 0 | G41: =+[1]Resumen!G41*1000 -> 0 | H41: =+[1]Resumen!H41*1000 -> 0 | I41: =+[1]Resumen!I41*1000 -> 0 | J41: =+[1]Resumen!J41*1000 -> 0 | K41: =+[1]Resumen!K41*1000 -> 0 | L41: =+[1]Resumen!L41*1000 -> 0 | M41: =+[1]Resumen!M41*1000 -> 0 | ... AC41: =+[1]Resumen!AC41*1000 -> 0
D42: Festivo | E42: 0 | F42: =+[1]Resumen!F42*1000 -> 0 | G42: =+[1]Resumen!G42*1000 -> 0 | H42: =+[1]Resumen!H42*1000 -> 0 | I42: =+[1]Resumen!I42*1000 -> 0 | J42: =+[1]Resumen!J42*1000 -> 0 | K42: =+[1]Resumen!K42*1000 -> 0 | L42: =+[1]Resumen!L42*1000 -> 0 | M42: =+[1]Resumen!M42*1000 -> 0 | ... AC42: =+[1]Resumen!AC42*1000 -> 0
C43: Oct | D43: Ordinario | E43: 21 | F43: =+[1]Resumen!F43*1000 -> 0 | G43: =+[1]Resumen!G43*1000 -> 0 | H43: =+[1]Resumen!H43*1000 -> 0 | I43: =+[1]Resumen!I43*1000 -> 0 | J43: =+[1]Resumen!J43*1000 -> 0 | K43: =+[1]Resumen!K43*1000 -> 0 | L43: =+[1]Resumen!L43*1000 -> 0 | M43: =+[1]Resumen!M43*1000 -> 0 | ... AC43: =+[1]Resumen!AC43*1000 -> 0 | AD43: =SUM(F43:AC43)*E43+SUM(F44:AC44)*E44+SUM(F45:AC45)*E45+SUM(F46:AC46)*E46 -> 68201706
D44: Sábado | E44: 5 | F44: =+[1]Resumen!F44*1000 -> 0 | G44: =+[1]Resumen!G44*1000 -> 0 | H44: =+[1]Resumen!H44*1000 -> 0 | I44: =+[1]Resumen!I44*1000 -> 0 | J44: =+[1]Resumen!J44*1000 -> 0 | K44: =+[1]Resumen!K44*1000 -> 0 | L44: =+[1]Resumen!L44*1000 -> 0 | M44: =+[1]Resumen!M44*1000 -> 0 | ... AC44: =+[1]Resumen!AC44*1000 -> 0
D45: Domingo | E45: 4 | F45: =+[1]Resumen!F45*1000 -> 0 | G45: =+[1]Resumen!G45*1000 -> 0 | H45: =+[1]Resumen!H45*1000 -> 0 | I45: =+[1]Resumen!I45*1000 -> 0 | J45: =+[1]Resumen!J45*1000 -> 0 | K45: =+[1]Resumen!K45*1000 -> 0 | L45: =+[1]Resumen!L45*1000 -> 0 | M45: =+[1]Resumen!M45*1000 -> 0 | ... AC45: =+[1]Resumen!AC45*1000 -> 0
D46: Festivo | E46: 1 | F46: =+[1]Resumen!F46*1000 -> 0 | G46: =+[1]Resumen!G46*1000 -> 0 | H46: =+[1]Resumen!H46*1000 -> 0 | I46: =+[1]Resumen!I46*1000 -> 0 | J46: =+[1]Resumen!J46*1000 -> 0 | K46: =+[1]Resumen!K46*1000 -> 0 | L46: =+[1]Resumen!L46*1000 -> 0 | M46: =+[1]Resumen!M46*1000 -> 0 | ... AC46: =+[1]Resumen!AC46*1000 -> 0
C47: Nov | D47: Ordinario | E47: 19 | F47: =+[1]Resumen!F47*1000 -> 0 | G47: =+[1]Resumen!G47*1000 -> 0 | H47: =+[1]Resumen!H47*1000 -> 0 | I47: =+[1]Resumen!I47*1000 -> 0 | J47: =+[1]Resumen!J47*1000 -> 0 | K47: =+[1]Resumen!K47*1000 -> 0 | L47: =+[1]Resumen!L47*1000 -> 0 | M47: =+[1]Resumen!M47*1000 -> 0 | ... AC47: =+[1]Resumen!AC47*1000 -> 0 | AD47: =SUM(F47:AC47)*E47+SUM(F48:AC48)*E48+SUM(F49:AC49)*E49+SUM(F50:AC50)*E50 -> 75671694
D48: Sábado | E48: 4 | F48: =+[1]Resumen!F48*1000 -> 0 | G48: =+[1]Resumen!G48*1000 -> 0 | H48: =+[1]Resumen!H48*1000 -> 0 | I48: =+[1]Resumen!I48*1000 -> 0 | J48: =+[1]Resumen!J48*1000 -> 0 | K48: =+[1]Resumen!K48*1000 -> 0 | L48: =+[1]Resumen!L48*1000 -> 0 | M48: =+[1]Resumen!M48*1000 -> 0 | ... AC48: =+[1]Resumen!AC48*1000 -> 0
D49: Domingo | E49: 5 | F49: =+[1]Resumen!F49*1000 -> 0 | G49: =+[1]Resumen!G49*1000 -> 0 | H49: =+[1]Resumen!H49*1000 -> 0 | I49: =+[1]Resumen!I49*1000 -> 0 | J49: =+[1]Resumen!J49*1000 -> 0 | K49: =+[1]Resumen!K49*1000 -> 0 | L49: =+[1]Resumen!L49*1000 -> 0 | M49: =+[1]Resumen!M49*1000 -> 0 | ... AC49: =+[1]Resumen!AC49*1000 -> 0
D50: Festivo | E50: 2 | F50: =+[1]Resumen!F50*1000 -> 0 | G50: =+[1]Resumen!G50*1000 -> 0 | H50: =+[1]Resumen!H50*1000 -> 0 | I50: =+[1]Resumen!I50*1000 -> 0 | J50: =+[1]Resumen!J50*1000 -> 0 | K50: =+[1]Resumen!K50*1000 -> 0 | L50: =+[1]Resumen!L50*1000 -> 0 | M50: =+[1]Resumen!M50*1000 -> 0 | ... AC50: =+[1]Resumen!AC50*1000 -> 0
C51: Dic | D51: Ordinario | E51: 21 | F51: =+[1]Resumen!F51*1000 -> 0 | G51: =+[1]Resumen!G51*1000 -> 0 | H51: =+[1]Resumen!H51*1000 -> 0 | I51: =+[1]Resumen!I51*1000 -> 0 | J51: =+[1]Resumen!J51*1000 -> 0 | K51: =+[1]Resumen!K51*1000 -> 0 | L51: =+[1]Resumen!L51*1000 -> 0 | M51: =+[1]Resumen!M51*1000 -> 0 | ... AC51: =+[1]Resumen!AC51*1000 -> 0 | AD51: =SUM(F51:AC51)*E51+SUM(F52:AC52)*E52+SUM(F53:AC53)*E53+SUM(F54:AC54)*E54 -> 69881444
D52: Sábado | E52: 4 | F52: =+[1]Resumen!F52*1000 -> 0 | G52: =+[1]Resumen!G52*1000 -> 0 | H52: =+[1]Resumen!H52*1000 -> 0 | I52: =+[1]Resumen!I52*1000 -> 0 | J52: =+[1]Resumen!J52*1000 -> 0 | K52: =+[1]Resumen!K52*1000 -> 0 | L52: =+[1]Resumen!L52*1000 -> 0 | M52: =+[1]Resumen!M52*1000 -> 0 | ... AC52: =+[1]Resumen!AC52*1000 -> 0
D53: Domingo | E53: 4 | F53: =+[1]Resumen!F53*1000 -> 0 | G53: =+[1]Resumen!G53*1000 -> 0 | H53: =+[1]Resumen!H53*1000 -> 0 | I53: =+[1]Resumen!I53*1000 -> 0 | J53: =+[1]Resumen!J53*1000 -> 0 | K53: =+[1]Resumen!K53*1000 -> 0 | L53: =+[1]Resumen!L53*1000 -> 0 | M53: =+[1]Resumen!M53*1000 -> 0 | ... AC53: =+[1]Resumen!AC53*1000 -> 0
D54: Festivo | E54: 2 | F54: =+[1]Resumen!F54*1000 -> 0 | G54: =+[1]Resumen!G54*1000 -> 0 | H54: =+[1]Resumen!H54*1000 -> 0 | I54: =+[1]Resumen!I54*1000 -> 0 | J54: =+[1]Resumen!J54*1000 -> 0 | K54: =+[1]Resumen!K54*1000 -> 0 | L54: =+[1]Resumen!L54*1000 -> 0 | M54: =+[1]Resumen!M54*1000 -> 0 | ... AC54: =+[1]Resumen!AC54*1000 -> 0
AA55: TOTAL AÑO kWh | AD55: =SUM(AD7:AD54) -> 7.0959568e+08

Sheet Cantidades 2027
C2: CANTIDADES DE ENERGÍA SOLICITADAS (kWh)
C3: EMPRESAS PÚBLICAS DE MEDELLÍN E.S.P.
C4: 2027
C6: Mes | D6: Tipo Día | E6: Días | F6: H1 | G6: H2 | H6: H3 | I6: H4 | J6: H5 | K6: H6 | L6: H7 | M6: H8 | N6: H9 | O6: H10 | P6: H11 | Q6: H12 | R6: H13 | S6: H14 | T6: H15 | U6: H16 | V6: H17 | W6: H18 | X6: H19 | Y6: H20 | Z6: H21 | AA6: H22 | AB6: H23 | AC6: H24 | AD6: TOTAL MES
C7: Ene | D7: Ordinario | E7: 19 | F7: =+[2]Resumen!F7*1000 -> 0 | G7: =+[2]Resumen!G7*1000 -> 0 | H7: =+[2]Resumen!H7*1000 -> 0 | I7: =+[2]Resumen!I7*1000 -> 0 | J7: =+[2]Resumen!J7*1000 -> 0 | K7: =+[2]Resumen!K7*1000 -> 0 | L7: =+[2]Resumen!L7*1000 -> 0 | M7: =+[2]Resumen!M7*1000 -> 171481.35 | ... AC7: =+[2]Resumen!AC7*1000 -> 0 | AD7: =SUM(F7:AC7)*E7+SUM(F8:AC8)*E8+SUM(F9:AC9)*E9+SUM(F10:AC10)*E10 -> 63756663
D8: Sábado | E8: 5 | F8: =+[2]Resumen!F8*1000 -> 0 | G8: =+[2]Resumen!G8*1000 -> 0 | H8: =+[2]Resumen!H8*1000 -> 0 | I8: =+[2]Resumen!I8*1000 -> 0 | J8: =+[2]Resumen!J8*1000 -> 0 | K8: =+[2]Resumen!K8*1000 -> 0 | L8: =+[2]Resumen!L8*1000 -> 0 | M8: =+[2]Resumen!M8*1000 -> 137706.05 | ... AC8: =+[2]Resumen!AC8*1000 -> 0
D9: Domingo | E9: 5 | F9: =+[2]Resumen!F9*1000 -> 0 | G9: =+[2]Resumen!G9*1000 -> 0 | H9: =+[2]Resumen!H9*1000 -> 0 | I9: =+[2]Resumen!I9*1000 -> 0 | J9: =+[2]Resumen!J9*1000 -> 0 | K9: =+[2]Resumen!K9*1000 -> 0 | L9: =+[2]Resumen!L9*1000 -> 0 | M9: =+[2]Resumen!M9*1000 -> 100756.86 | ... AC9: =+[2]Resumen!AC9*1000 -> 0
D10: Festivo | E10: 2 | F10: =+[2]Resumen!F10*1000 -> 0 | G10: =+[2]Resumen!G10*1000 -> 0 | H10: =+[2]Resumen!H10*1000 -> 0 | I10: =+[2]Resumen!I10*1000 -> 0 | J10: =+[2]Resumen!J10*1000 -> 0 | K10: =+[2]Resumen!K10*1000 -> 0 | L10: =+[2]Resumen!L10*1000 -> 0 | M10: =+[2]Resumen!M10*1000 -> 66624.523 | ... AC10: =+[2]Resumen!AC10*1000 -> 0
C11: Feb | D11: Ordinario | E11: 20 | F11: =+[2]Resumen!F11*1000 -> 0 | G11: =+[2]Resumen!G11*1000 -> 0 | H11: =+[2]Resumen!H11*1000 -> 0 | I11: =+[2]Resumen!I11*1000 -> 0 | J11: =+[2]Resumen!J11*1000 -> 0 | K11: =+[2]Resumen!K11*1000 -> 0 | L11: =+[2]Resumen!L11*1000 -> 0 | M11: =+[2]Resumen!M11*1000 -> 236163.39 | ... AC11: =+[2]Resumen!AC11*1000 -> 0 | AD11: =SUM(F11:AC11)*E11+SUM(F12:AC12)*E12+SUM(F13:AC13)*E13+SUM(F14:AC14)*E14 -> 76709571
D12: Sábado | E12: 4 | F12: =+[2]Resumen!F12*1000 -> 0 | G12: =+[2]Resumen!G12*1000 -> 0 | H12: =+[2]Resumen!H12*1000 -> 0 | I12: =+[2]Resumen!I12*1000 -> 0 | J12: =+[2]Resumen!J12*1000 -> 0 | K12: =+[2]Resumen!K12*1000 -> 0 | L12: =+[2]Resumen!L12*1000 -> 0 | M12: =+[2]Resumen!M12*1000 -> 209586.61 | ... AC12: =+[2]Resumen!AC12*1000 -> 0
D13: Domingo | E13: 4 | F13: =+[2]Resumen!F13*1000 -> 0 | G13: =+[2]Resumen!G13*1000 -> 0 | H13: =+[2]Resumen!H13*1000 -> 0 | I13: =+[2]Resumen!I13*1000 -> 0 | J13: =+[2]Resumen!J13*1000 -> 0 | K13: =+[2]Resumen!K13*1000 -> 0 | L13: =+[2]Resumen!L13*1000 -> 0 | M13: =+[2]Resumen!M13*1000 -> 148915.34 | ... AC13: =+[2]Resumen!AC13*1000 -> 0
D14: Festivo | E14: 0 | F14: =+[2]Resumen!F14*1000 -> 0 | G14: =+[2]Resumen!G14*1000 -> 0 | H14: =+[2]Resumen!H14*1000 -> 0 | I14: =+[2]Resumen!I14*1000 -> 0 | J14: =+[2]Resumen!J14*1000 -> 0 | K14: =+[2]Resumen!K14*1000 -> 0 | L14: =+[2]Resumen!L14*1000 -> 0 | M14: =+[2]Resumen!M14*1000 -> 0 | ... AC14: =+[2]Resumen!AC14*1000 -> 0
C15: Mar | D15: Ordinario | E15: 20 | F15: =+[2]Resumen!F15*1000 -> 0 | G15: =+[2]Resumen!G15*1000 -> 0 | H15: =+[2]Resumen!H15*1000 -> 0 | I15: =+[2]Resumen!I15*1000 -> 0 | J15: =+[2]Resumen!J15*1000 -> 0 | K15: =+[2]Resumen!K15*1000 -> 0 | L15: =+[2]Resumen!L15*1000 -> 0 | M15: =+[2]Resumen!M15*1000 -> 162009.57 | ... AC15: =+[2]Resumen!AC15*1000 -> 0 | AD15: =SUM(F15:AC15)*E15+SUM(F16:AC16)*E16+SUM(F17:AC17)*E17+SUM(F18:AC18)*E18 -> 58588907
D16: Sábado | E16: 4 | F16: =+[2]Resumen!F16*1000 -> 0 | G16: =+[2]Resumen!G16*1000 -> 0 | H16: =+[2]Resumen!H16*1000 -> 0 | I16: =+[2]Resumen!I16*1000 -> 0 | J16: =+[2]Resumen!J16*1000 -> 0 | K16: =+[2]Resumen!K16*1000 -> 0 | L16: =+[2]Resumen!L16*1000 -> 0 | M16: =+[2]Resumen!M16*1000 -> 141974.77 | ... AC16: =+[2]Resumen!AC16*1000 -> 0
D17: Domingo | E17: 4 | F17: =+[2]Resumen!F17*1000 -> 0 | G17: =+[2]Resumen!G17*1000 -> 0 | H17: =+[2]Resumen!H17*1000 -> 0 | I17: =+[2]Resumen!I17*1000 -> 0 | J17: =+[2]Resumen!J17*1000 -> 0 | K17: =+[2]Resumen!K17*1000 -> 0 | L17: =+[2]Resumen!L17*1000 -> 0 | M17: =+[2]Resumen!M17*1000 -> 88891.966 | ... AC17: =+[2]Resumen!AC17*1000 -> 0
D18: Festivo | E18: 3 | F18: =+[2]Resumen!F18*1000 -> 0 | G18: =+[2]Resumen!G18*1000 -> 0 | H18: =+[2]Resumen!H18*1000 -> 0 | I18: =+[2]Resumen!I18*1000 -> 0 | J18: =+[2]Resumen!J18*1000 -> 0 | K18: =+[2]Resumen!K18*1000 -> 0 | L18: =+[2]Resumen!L18*1000 -> 0 | M18: =+[2]Resumen!M18*1000 -> 119455.41 | ... AC18: =+[2]Resumen!AC18*1000 -> 0
C19: Abr | D19: Ordinario | E19: 22 | F19: =+[2]Resumen!F19*1000 -> 0 | G19: =+[2]Resumen!G19*1000 -> 0 | H19: =+[2]Resumen!H19*1000 -> 0 | I19: =+[2]Resumen!I19*1000 -> 0 | J19: =+[2]Resumen!J19*1000 -> 0 | K19: =+[2]Resumen!K19*1000 -> 0 | L19: =+[2]Resumen!L19*1000 -> 0 | M19: =+[2]Resumen!M19*1000 -> 179338.57 | ... AC19: =+[2]Resumen!AC19*1000 -> 0 | AD19: =SUM(F19:AC19)*E19+SUM(F20:AC20)*E20+SUM(F21:AC21)*E21+SUM(F22:AC22)*E22 -> 64978468
D20: Sábado | E20: 4 | F20: =+[2]Resumen!F20*1000 -> 0 | G20: =+[2]Resumen!G20*1000 -> 0 | H20: =+[2]Resumen!H20*1000 -> 0 | I20: =+[2]Resumen!I20*1000 -> 0 | J20: =+[2]Resumen!J20*1000 -> 0 | K20: =+[2]Resumen!K20*1000 -> 0 | L20: =+[2]Resumen!L20*1000 -> 0 | M20: =+[2]Resumen!M20*1000 -> 150642.28 | ... AC20: =+[2]Resumen!AC20*1000 -> 0
D21: Domingo | E21: 4 | F21: =+[2]Resumen!F21*1000 -> 0 | G21: =+[2]Resumen!G21*1000 -> 0 | H21: =+[2]Resumen!H21*1000 -> 0 | I21: =+[2]Resumen!I21*1000 -> 0 | J21: =+[2]Resumen!J21*1000 -> 0 | K21: =+[2]Resumen!K21*1000 -> 0 | L21: =+[2]Resumen!L21*1000 -> 0 | M21: =+[2]Resumen!M21*1000 -> 114600.98 | ... AC21: =+[2]Resumen!AC21*1000 -> 0
D22: Festivo | E22: 0 | F22: =+[2]Resumen!F22*1000 -> 0 | G22: =+[2]Resumen!G22*1000 -> 0 | H22: =+[2]Resumen!H22*1000 -> 0 | I22: =+[2]Resumen!I22*1000 -> 0 | J22: =+[2]Resumen!J22*1000 -> 0 | K22: =+[2]Resumen!K22*1000 -> 0 | L22: =+[2]Resumen!L22*1000 -> 0 | M22: =+[2]Resumen!M22*1000 -> 285690.17 | ... AC22: =+[2]Resumen!AC22*1000 -> 0
C23: May | D23: Ordinario | E23: 19 | F23: =+[2]Resumen!F23*1000 -> 0 | G23: =+[2]Resumen!G23*1000 -> 0 | H23: =+[2]Resumen!H23*1000 -> 0 | I23: =+[2]Resumen!I23*1000 -> 0 | J23: =+[2]Resumen!J23*1000 -> 0 | K23: =+[2]Resumen!K23*1000 -> 0 | L23: =+[2]Resumen!L23*1000 -> 0 | M23: =+[2]Resumen!M23*1000 -> 139071.53 | ... AC23: =+[2]Resumen!AC23*1000 -> 0 | AD23: =SUM(F23:AC23)*E23+SUM(F24:AC24)*E24+SUM(F25:AC25)*E25+SUM(F26:AC26)*E26 -> 48647934
D24: Sábado | E24: 4 | F24: =+[2]Resumen!F24*1000 -> 0 | G24: =+[2]Resumen!G24*1000 -> 0 | H24: =+[2]Resumen!H24*1000 -> 0 | I24: =+[2]Resumen!I24*1000 -> 0 | J24: =+[2]Resumen!J24*1000 -> 0 | K24: =+[2]Resumen!K24*1000 -> 0 | L24: =+[2]Resumen!L24*1000 -> 0 | M24: =+[2]Resumen!M24*1000 -> 96984.428 | ... AC24: =+[2]Resumen!AC24*1000 -> 0
D25: Domingo | E25: 5 | F25: =+[2]Resumen!F25*1000 -> 0 | G25: =+[2]Resumen!G25*1000 -> 0 | H25: =+[2]Resumen!H25*1000 -> 0 | I25: =+[2]Resumen!I25*1000 -> 0 | J25: =+[2]Resumen!J25*1000 -> 0 | K25: =+[2]Resumen!K25*1000 -> 0 | L25: =+[2]Resumen!L25*1000 -> 0 | M25: =+[2]Resumen!M25*1000 -> 38418.645 | ... AC25: =+[2]Resumen!AC25*1000 -> 0
D26: Festivo | E26: 3 | F26: =+[2]Resumen!F26*1000 -> 0 | G26: =+[2]Resumen!G26*1000 -> 0 | H26: =+[2]Resumen!H26*1000 -> 0 | I26: =+[2]Resumen!I26*1000 -> 0 | J26: =+[2]Resumen!J26*1000 -> 0 | K26: =+[2]Resumen!K26*1000 -> 0 | L26: =+[2]Resumen!L26*1000 -> 0 | M26: =+[2]Resumen!M26*1000 -> 85442.243 | ... AC26: =+[2]Resumen!AC26*1000 -> 0
C27: Jun | D27: Ordinario | E27: 21 | F27: =+[2]Resumen!F27*1000 -> 0 | G27: =+[2]Resumen!G27*1000 -> 0 | H27: =+[2]Resumen!H27*1000 -> 0 | I27: =+[2]Resumen!I27*1000 -> 0 | J27: =+[2]Resumen!J27*1000 -> 0 | K27: =+[2]Resumen!K27*1000 -> 0 | L27: =+[2]Resumen!L27*1000 -> 0 | M27: =+[2]Resumen!M27*1000 -> 153303.45 | ... AC27: =+[2]Resumen!AC27*1000 -> 0 | AD27: =SUM(F27:AC27)*E27+SUM(F28:AC28)*E28+SUM(F29:AC29)*E29+SUM(F30:AC30)*E30 -> 55973891
D28: Sábado | E28: 4 | F28: =+[2]Resumen!F28*1000 -> 0 | G28: =+[2]Resumen!G28*1000 -> 0 | H28: =+[2]Resumen!H28*1000 -> 0 | I28: =+[2]Resumen!I28*1000 -> 0 | J28: =+[2]Resumen!J28*1000 -> 0 | K28: =+[2]Resumen!K28*1000 -> 0 | L28: =+[2]Resumen!L28*1000 -> 0 | M28: =+[2]Resumen!M28*1000 -> 122318.43 | ... AC28: =+[2]Resumen!AC28*1000 -> 0
D29: Domingo | E29: 4 | F29: =+[2]Resumen!F29*1000 -> 0 | G29: =+[2]Resumen!G29*1000 -> 0 | H29: =+[2]Resumen!H29*1000 -> 0 | I29: =+[2]Resumen!I29*1000 -> 0 | J29: =+[2]Resumen!J29*1000 -> 0 | K29: =+[2]Resumen!K29*1000 -> 0 | L29: =+[2]Resumen!L29*1000 -> 0 | M29: =+[2]Resumen!M29*1000 -> 76696.802 | ... AC29: =+[2]Resumen!AC29*1000 -> 0
D30: Festivo | E30: 1 | F30: =+[2]Resumen!F30*1000 -> 0 | G30: =+[2]Resumen!G30*1000 -> 0 | H30: =+[2]Resumen!H30*1000 -> 0 | I30: =+[2]Resumen!I30*1000 -> 0 | J30: =+[2]Resumen!J30*1000 -> 0 | K30: =+[2]Resumen!K30*1000 -> 0 | L30: =+[2]Resumen!L30*1000 -> 0 | M30: =+[2]Resumen!M30*1000 -> 73582.441 | ... AC30: =+[2]Resumen!AC30*1000 -> 0
C31: Jul | D31: Ordinario | E31: 20 | F31: =+[2]Resumen!F31*1000 -> 0 | G31: =+[2]Resumen!G31*1000 -> 0 | H31: =+[2]Resumen!H31*1000 -> 0 | I31: =+[2]Resumen!I31*1000 -> 0 | J31: =+[2]Resumen!J31*1000 -> 0 | K31: =+[2]Resumen!K31*1000 -> 0 | L31: =+[2]Resumen!L31*1000 -> 0 | M31: =+[2]Resumen!M31*1000 -> 85651.629 | ... AC31: =+[2]Resumen!AC31*1000 -> 0 | AD31: =SUM(F31:AC31)*E31+SUM(F32:AC32)*E32+SUM(F33:AC33)*E33+SUM(F34:AC34)*E34 -> 37267230
D32: Sábado | E32: 5 | F32: =+[2]Resumen!F32*1000 -> 0 | G32: =+[2]Resumen!G32*1000 -> 0 | H32: =+[2]Resumen!H32*1000 -> 0 | I32: =+[2]Resumen!I32*1000 -> 0 | J32: =+[2]Resumen!J32*1000 -> 0 | K32: =+[2]Resumen!K32*1000 -> 0 | L32: =+[2]Resumen!L32*1000 -> 0 | M32: =+[2]Resumen!M32*1000 -> 50089.541 | ... AC32: =+[2]Resumen!AC32*1000 -> 0
D33: Domingo | E33: 4 | F33: =+[2]Resumen!F33*1000 -> 0 | G33: =+[2]Resumen!G33*1000 -> 0 | H33: =+[2]Resumen!H33*1000 -> 0 | I33: =+[2]Resumen!I33*1000 -> 0 | J33: =+[2]Resumen!J33*1000 -> 0 | K33: =+[2]Resumen!K33*1000 -> 0 | L33: =+[2]Resumen!L33*1000 -> 0 | M33: =+[2]Resumen!M33*1000 -> 14959.72 | ... AC33: =+[2]Resumen!AC33*1000 -> 0
D34: Festivo | E34: 2 | F34: =+[2]Resumen!F34*1000 -> 0 | G34: =+[2]Resumen!G34*1000 -> 0 | H34: =+[2]Resumen!H34*1000 -> 0 | I34: =+[2]Resumen!I34*1000 -> 0 | J34: =+[2]Resumen!J34*1000 -> 0 | K34: =+[2]Resumen!K34*1000 -> 0 | L34: =+[2]Resumen!L34*1000 -> 0 | M34: =+[2]Resumen!M34*1000 -> 13631 | ... AC34: =+[2]Resumen!AC34*1000 -> 0
C35: Ago | D35: Ordinario | E35: 21 | F35: =+[2]Resumen!F35*1000 -> 0 | G35: =+[2]Resumen!G35*1000 -> 0 | H35: =+[2]Resumen!H35*1000 -> 0 | I35: =+[2]Resumen!I35*1000 -> 0 | J35: =+[2]Resumen!J35*1000 -> 0 | K35: =+[2]Resumen!K35*1000 -> 0 | L35: =+[2]Resumen!L35*1000 -> 0 | M35: =+[2]Resumen!M35*1000 -> 91789.702 | ... AC35: =+[2]Resumen!AC35*1000 -> 0 | AD35: =SUM(F35:AC35)*E35+SUM(F36:AC36)*E36+SUM(F37:AC37)*E37+SUM(F38:AC38)*E38 -> 37886274
D36: Sábado | E36: 3 | F36: =+[2]Resumen!F36*1000 -> 0 | G36: =+[2]Resumen!G36*1000 -> 0 | H36: =+[2]Resumen!H36*1000 -> 0 | I36: =+[2]Resumen!I36*1000 -> 0 | J36: =+[2]Resumen!J36*1000 -> 0 | K36: =+[2]Resumen!K36*1000 -> 0 | L36: =+[2]Resumen!L36*1000 -> 0 | M36: =+[2]Resumen!M36*1000 -> 62455.727 | ... AC36: =+[2]Resumen!AC36*1000 -> 0
D37: Domingo | E37: 5 | F37: =+[2]Resumen!F37*1000 -> 0 | G37: =+[2]Resumen!G37*1000 -> 0 | H37: =+[2]Resumen!H37*1000 -> 0 | I37: =+[2]Resumen!I37*1000 -> 0 | J37: =+[2]Resumen!J37*1000 -> 0 | K37: =+[2]Resumen!K37*1000 -> 0 | L37: =+[2]Resumen!L37*1000 -> 0 | M37: =+[2]Resumen!M37*1000 -> 10859.535 | ... AC37: =+[2]Resumen!AC37*1000 -> 0
D38: Festivo | E38: 2 | F38: =+[2]Resumen!F38*1000 -> 0 | G38: =+[2]Resumen!G38*1000 -> 0 | H38: =+[2]Resumen!H38*1000 -> 0 | I38: =+[2]Resumen!I38*1000 -> 0 | J38: =+[2]Resumen!J38*1000 -> 0 | K38: =+[2]Resumen!K38*1000 -> 0 | L38: =+[2]Resumen!L38*1000 -> 0 | M38: =+[2]Resumen!M38*1000 -> 21023.851 | ... AC38: =+[2]Resumen!AC38*1000 -> 0
C39: Sep | D39: Ordinario | E39: 22 | F39: =+[2]Resumen!F39*1000 -> 0 | G39: =+[2]Resumen!G39*1000 -> 0 | H39: =+[2]Resumen!H39*1000 -> 0 | I39: =+[2]Resumen!I39*1000 -> 0 | J39: =+[2]Resumen!J39*1000 -> 0 | K39: =+[2]Resumen!K39*1000 -> 0 | L39: =+[2]Resumen!L39*1000 -> 0 | M39: =+[2]Resumen!M39*1000 -> 141665.41 | ... AC39: =+[2]Resumen!AC39*1000 -> 0 | AD39: =SUM(F39:AC39)*E39+SUM(F40:AC40)*E40+SUM(F41:AC41)*E41+SUM(F42:AC42)*E42 -> 54535558
D40: Sábado | E40: 4 | F40: =+[2]Resumen!F40*1000 -> 0 | G40: =+[2]Resumen!G40*1000 -> 0 | H40: =+[2]Resumen!H40*1000 -> 0 | I40: =+[2]Resumen!I40*1000 -> 0 | J40: =+[2]Resumen!J40*1000 -> 0 | K40: =+[2]Resumen!K40*1000 -> 0 | L40: =+[2]Resumen!L40*1000 -> 0 | M40: =+[2]Resumen!M40*1000 -> 109321.82 | ... AC40: =+[2]Resumen!AC40*1000 -> 0
D41: Domingo | E41: 4 | F41: =+[2]Resumen!F41*1000 -> 0 | G41: =+[2]Resumen!G41*1000 -> 0 | H41: =+[2]Resumen!H41*1000 -> 0 | I41: =+[2]Resumen!I41*1000 -> 0 | J41: =+[2]Resumen!J41*1000 -> 0 | K41: =+[2]Resumen!K41*1000 -> 0 | L41: =+[2]Resumen!L41*1000 -> 0 | M41: =+[2]Resumen!M41*1000 -> 57747.497 | ... AC41: =+[2]Resumen!AC41*1000 -> 0
D42: Festivo | E42: 0 | F42: =+[2]Resumen!F42*1000 -> 0 | G42: =+[2]Resumen!G42*1000 -> 0 | H42: =+[2]Resumen!H42*1000 -> 0 | I42: =+[2]Resumen!I42*1000 -> 0 | J42: =+[2]Resumen!J42*1000 -> 0 | K42: =+[2]Resumen!K42*1000 -> 0 | L42: =+[2]Resumen!L42*1000 -> 0 | M42: =+[2]Resumen!M42*1000 -> 0 | ... AC42: =+[2]Resumen!AC42*1000 -> 0
C43: Oct | D43: Ordinario | E43: 20 | F43: =+[2]Resumen!F43*1000 -> 0 | G43: =+[2]Resumen!G43*1000 -> 0 | H43: =+[2]Resumen!H43*1000 -> 0 | I43: =+[2]Resumen!I43*1000 -> 0 | J43: =+[2]Resumen!J43*1000 -> 0 | K43: =+[2]Resumen!K43*1000 -> 0 | L43: =+[2]Resumen!L43*1000 -> 0 | M43: =+[2]Resumen!M43*1000 -> 127019 | ... AC43: =+[2]Resumen!AC43*1000 -> 0 | AD43: =SUM(F43:AC43)*E43+SUM(F44:AC44)*E44+SUM(F45:AC45)*E45+SUM(F46:AC46)*E46 -> 50975970
D44: Sábado | E44: 5 | F44: =+[2]Resumen!F44*1000 -> 0 | G44: =+[2]Resumen!G44*1000 -> 0 | H44: =+[2]Resumen!H44*1000 -> 0 | I44: =+[2]Resumen!I44*1000 -> 0 | J44: =+[2]Resumen!J44*1000 -> 0 | K44: =+[2]Resumen!K44*1000 -> 0 | L44: =+[2]Resumen!L44*1000 -> 0 | M44: =+[2]Resumen!M44*1000 -> 101640.6 | ... AC44: =+[2]Resumen!AC44*1000 -> 0
D45: Domingo | E45: 5 | F45: =+[2]Resumen!F45*1000 -> 0 | G45: =+[2]Resumen!G45*1000 -> 0 | H45: =+[2]Resumen!H45*1000 -> 0 | I45: =+[2]Resumen!I45*1000 -> 0 | J45: =+[2]Resumen!J45*1000 -> 0 | K45: =+[2]Resumen!K45*1000 -> 0 | L45: =+[2]Resumen!L45*1000 -> 0 | M45: =+[2]Resumen!M45*1000 -> 65490.998 | ... AC45: =+[2]Resumen!AC45*1000 -> 0
D46: Festivo | E46: 1 | F46: =+[2]Resumen!F46*1000 -> 0 | G46: =+[2]Resumen!G46*1000 -> 0 | H46: =+[2]Resumen!H46*1000 -> 0 | I46: =+[2]Resumen!I46*1000 -> 0 | J46: =+[2]Resumen!J46*1000 -> 0 | K46: =+[2]Resumen!K46*1000 -> 0 | L46: =+[2]Resumen!L46*1000 -> 0 | M46: =+[2]Resumen!M46*1000 -> 62661.168 | ... AC46: =+[2]Resumen!AC46*1000 -> 0
C47: Nov | D47: Ordinario | E47: 20 | F47: =+[2]Resumen!F47*1000 -> 0 | G47: =+[2]Resumen!G47*1000 -> 0 | H47: =+[2]Resumen!H47*1000 -> 0 | I47: =+[2]Resumen!I47*1000 -> 0 | J47: =+[2]Resumen!J47*1000 -> 0 | K47: =+[2]Resumen!K47*1000 -> 0 | L47: =+[2]Resumen!L47*1000 -> 0 | M47: =+[2]Resumen!M47*1000 -> 161007.73 | ... AC47: =+[2]Resumen!AC47*1000 -> 0 | AD47: =SUM(F47:AC47)*E47+SUM(F48:AC48)*E48+SUM(F49:AC49)*E49+SUM(F50:AC50)*E50 -> 58131063
D48: Sábado | E48: 4 | F48: =+[2]Resumen!F48*1000 -> 0 | G48: =+[2]Resumen!G48*1000 -> 0 | H48: =+[2]Resumen!H48*1000 -> 0 | I48: =+[2]Resumen!I48*1000 -> 0 | J48: =+[2]Resumen!J48*1000 -> 0 | K48: =+[2]Resumen!K48*1000 -> 0 | L48: =+[2]Resumen!L48*1000 -> 0 | M48: =+[2]Resumen!M48*1000 -> 126904.19 | ... AC48: =+[2]Resumen!AC48*1000 -> 0
D49: Domingo | E49: 4 | F49: =+[2]Resumen!F49*1000 -> 0 | G49: =+[2]Resumen!G49*1000 -> 0 | H49: =+[2]Resumen!H49*1000 -> 0 | I49: =+[2]Resumen!I49*1000 -> 0 | J49: =+[2]Resumen!J49*1000 -> 0 | K49: =+[2]Resumen!K49*1000 -> 0 | L49: =+[2]Resumen!L49*1000 -> 0 | M49: =+[2]Resumen!M49*1000 -> 71615.254 | ... AC49: =+[2]Resumen!AC49*1000 -> 0
D50: Festivo | E50: 2 | F50: =+[2]Resumen!F50*1000 -> 0 | G50: =+[2]Resumen!G50*1000 -> 0 | H50: =+[2]Resumen!H50*1000 -> 0 | I50: =+[2]Resumen!I50*1000 -> 0 | J50: =+[2]Resumen!J50*1000 -> 0 | K50: =+[2]Resumen!K50*1000 -> 0 | L50: =+[2]Resumen!L50*1000 -> 0 | M50: =+[2]Resumen!M50*1000 -> 64526.283 | ... AC50: =+[2]Resumen!AC50*1000 -> 0
C51: Dic | D51: Ordinario | E51: 22 | F51: =+[2]Resumen!F51*1000 -> 0 | G51: =+[2]Resumen!G51*1000 -> 0 | H51: =+[2]Resumen!H51*1000 -> 0 | I51: =+[2]Resumen!I51*1000 -> 0 | J51: =+[2]Resumen!J51*1000 -> 0 | K51: =+[2]Resumen!K51*1000 -> 0 | L51: =+[2]Resumen!L51*1000 -> 0 | M51: =+[2]Resumen!M51*1000 -> 124185.52 | ... AC51: =+[2]Resumen!AC51*1000 -> 0 | AD51: =SUM(F51:AC51)*E51+SUM(F52:AC52)*E52+SUM(F53:AC53)*E53+SUM(F54:AC54)*E54 -> 51369646
D52: Sábado | E52: 3 | F52: =+[2]Resumen!F52*1000 -> 0 | G52: =+[2]Resumen!G52*1000 -> 0 | H52: =+[2]Resumen!H52*1000 -> 0 | I52: =+[2]Resumen!I52*1000 -> 0 | J52: =+[2]Resumen!J52*1000 -> 0 | K52: =+[2]Resumen!K52*1000 -> 0 | L52: =+[2]Resumen!L52*1000 -> 0 | M52: =+[2]Resumen!M52*1000 -> 98910.139 | ... AC52: =+[2]Resumen!AC52*1000 -> 0
D53: Domingo | E53: 4 | F53: =+[2]Resumen!F53*1000 -> 0 | G53: =+[2]Resumen!G53*1000 -> 0 | H53: =+[2]Resumen!H53*1000 -> 0 | I53: =+[2]Resumen!I53*1000 -> 0 | J53: =+[2]Resumen!J53*1000 -> 0 | K53: =+[2]Resumen!K53*1000 -> 0 | L53: =+[2]Resumen!L53*1000 -> 0 | M53: =+[2]Resumen!M53*1000 -> 64191.975 | ... AC53: =+[2]Resumen!AC53*1000 -> 0
D54: Festivo | E54: 2 | F54: =+[2]Resumen!F54*1000 -> 0 | G54: =+[2]Resumen!G54*1000 -> 0 | H54: =+[2]Resumen!H54*1000 -> 0 | I54: =+[2]Resumen!I54*1000 -> 0 | J54: =+[2]Resumen!J54*1000 -> 0 | K54: =+[2]Resumen!K54*1000 -> 0 | L54: =+[2]Resumen!L54*1000 -> 0 | M54: =+[2]Resumen!M54*1000 -> 21875.17 | ... AC54: =+[2]Resumen!AC54*1000 -> 0
Y55: TOTAL AÑO kWh | AD55: =SUM(AD7:AD54) -> 6.5882117e+08

Sheet Cantidades 2028
C2: CANTIDADES DE ENERGÍA SOLICITADAS (kWh)
C3: EMPRESAS PÚBLICAS DE MEDELLÍN E.S.P.
C4: 2028
C6: Mes | D6: Tipo Día | E6: Días | F6: H1 | G6: H2 | H6: H3 | I6: H4 | J6: H5 | K6: H6 | L6: H7 | M6: H8 | N6: H9 | O6: H10 | P6: H11 | Q6: H12 | R6: H13 | S6: H14 | T6: H15 | U6: H16 | V6: H17 | W6: H18 | X6: H19 | Y6: H20 | Z6: H21 | AA6: H22 | AB6: H23 | AC6: H24 | AD6: TOTAL MES
C7: Ene | D7: Ordinario | E7: 20 | F7: =+[3]Resumen!F7*1000 -> 0 | G7: =+[3]Resumen!G7*1000 -> 0 | H7: =+[3]Resumen!H7*1000 -> 0 | I7: =+[3]Resumen!I7*1000 -> 0 | J7: =+[3]Resumen!J7*1000 -> 0 | K7: =+[3]Resumen!K7*1000 -> 0 | L7: =+[3]Resumen!L7*1000 -> 0 | M7: =+[3]Resumen!M7*1000 -> 168425.18 | ... AC7: =+[3]Resumen!AC7*1000 -> 0 | AD7: =SUM(F7:AC7)*E7+SUM(F8:AC8)*E8+SUM(F9:AC9)*E9+SUM(F10:AC10)*E10 -> 68247889
D8: Sábado | E8: 4 | F8: =+[3]Resumen!F8*1000 -> 0 | G8: =+[3]Resumen!G8*1000 -> 0 | H8: =+[3]Resumen!H8*1000 -> 0 | I8: =+[3]Resumen!I8*1000 -> 0 | J8: =+[3]Resumen!J8*1000 -> 0 | K8: =+[3]Resumen!K8*1000 -> 0 | L8: =+[3]Resumen!L8*1000 -> 0 | M8: =+[3]Resumen!M8*1000 -> 129905.08 | ... AC8: =+[3]Resumen!AC8*1000 -> 0
D9: Domingo | E9: 5 | F9: =+[3]Resumen!F9*1000 -> 0 | G9: =+[3]Resumen!G9*1000 -> 0 | H9: =+[3]Resumen!H9*1000 -> 0 | I9: =+[3]Resumen!I9*1000 -> 0 | J9: =+[3]Resumen!J9*1000 -> 0 | K9: =+[3]Resumen!K9*1000 -> 0 | L9: =+[3]Resumen!L9*1000 -> 0 | M9: =+[3]Resumen!M9*1000 -> 72772.191 | ... AC9: =+[3]Resumen!AC9*1000 -> 0
D10: Festivo | E10: 2 | F10: =+[3]Resumen!F10*1000 -> 0 | G10: =+[3]Resumen!G10*1000 -> 0 | H10: =+[3]Resumen!H10*1000 -> 0 | I10: =+[3]Resumen!I10*1000 -> 0 | J10: =+[3]Resumen!J10*1000 -> 0 | K10: =+[3]Resumen!K10*1000 -> 0 | L10: =+[3]Resumen!L10*1000 -> 0 | M10: =+[3]Resumen!M10*1000 -> 40732.415 | ... AC10: =+[3]Resumen!AC10*1000 -> 0
C11: Feb | D11: Ordinario | E11: 21 | F11: =+[3]Resumen!F11*1000 -> 0 | G11: =+[3]Resumen!G11*1000 -> 0 | H11: =+[3]Resumen!H11*1000 -> 0 | I11: =+[3]Resumen!I11*1000 -> 0 | J11: =+[3]Resumen!J11*1000 -> 0 | K11: =+[3]Resumen!K11*1000 -> 0 | L11: =+[3]Resumen!L11*1000 -> 0 | M11: =+[3]Resumen!M11*1000 -> 208505.31 | ... AC11: =+[3]Resumen!AC11*1000 -> 0 | AD11: =SUM(F11:AC11)*E11+SUM(F12:AC12)*E12+SUM(F13:AC13)*E13+SUM(F14:AC14)*E14 -> 75030960
D12: Sábado | E12: 4 | F12: =+[3]Resumen!F12*1000 -> 0 | G12: =+[3]Resumen!G12*1000 -> 0 | H12: =+[3]Resumen!H12*1000 -> 0 | I12: =+[3]Resumen!I12*1000 -> 0 | J12: =+[3]Resumen!J12*1000 -> 0 | K12: =+[3]Resumen!K12*1000 -> 0 | L12: =+[3]Resumen!L12*1000 -> 0 | M12: =+[3]Resumen!M12*1000 -> 167646.59 | ... AC12: =+[3]Resumen!AC12*1000 -> 0
D13: Domingo | E13: 4 | F13: =+[3]Resumen!F13*1000 -> 0 | G13: =+[3]Resumen!G13*1000 -> 0 | H13: =+[3]Resumen!H13*1000 -> 0 | I13: =+[3]Resumen!I13*1000 -> 0 | J13: =+[3]Resumen!J13*1000 -> 0 | K13: =+[3]Resumen!K13*1000 -> 0 | L13: =+[3]Resumen!L13*1000 -> 0 | M13: =+[3]Resumen!M13*1000 -> 90895.384 | ... AC13: =+[3]Resumen!AC13*1000 -> 0
D14: Festivo | E14: 0 | F14: =+[3]Resumen!F14*1000 -> 0 | G14: =+[3]Resumen!G14*1000 -> 0 | H14: =+[3]Resumen!H14*1000 -> 0 | I14: =+[3]Resumen!I14*1000 -> 0 | J14: =+[3]Resumen!J14*1000 -> 0 | K14: =+[3]Resumen!K14*1000 -> 0 | L14: =+[3]Resumen!L14*1000 -> 0 | M14: =+[3]Resumen!M14*1000 -> 0 | ... AC14: =+[3]Resumen!AC14*1000 -> 0
C15: Mar | D15: Ordinario | E15: 22 | F15: =+[3]Resumen!F15*1000 -> 0 | G15: =+[3]Resumen!G15*1000 -> 0 | H15: =+[3]Resumen!H15*1000 -> 0 | I15: =+[3]Resumen!I15*1000 -> 0 | J15: =+[3]Resumen!J15*1000 -> 0 | K15: =+[3]Resumen!K15*1000 -> 0 | L15: =+[3]Resumen!L15*1000 -> 0 | M15: =+[3]Resumen!M15*1000 -> 172036.49 | ... AC15: =+[3]Resumen!AC15*1000 -> 0 | AD15: =SUM(F15:AC15)*E15+SUM(F16:AC16)*E16+SUM(F17:AC17)*E17+SUM(F18:AC18)*E18 -> 68053303
D16: Sábado | E16: 4 | F16: =+[3]Resumen!F16*1000 -> 0 | G16: =+[3]Resumen!G16*1000 -> 0 | H16: =+[3]Resumen!H16*1000 -> 0 | I16: =+[3]Resumen!I16*1000 -> 0 | J16: =+[3]Resumen!J16*1000 -> 0 | K16: =+[3]Resumen!K16*1000 -> 0 | L16: =+[3]Resumen!L16*1000 -> 0 | M16: =+[3]Resumen!M16*1000 -> 141347.71 | ... AC16: =+[3]Resumen!AC16*1000 -> 0
D17: Domingo | E17: 4 | F17: =+[3]Resumen!F17*1000 -> 0 | G17: =+[3]Resumen!G17*1000 -> 0 | H17: =+[3]Resumen!H17*1000 -> 0 | I17: =+[3]Resumen!I17*1000 -> 0 | J17: =+[3]Resumen!J17*1000 -> 0 | K17: =+[3]Resumen!K17*1000 -> 0 | L17: =+[3]Resumen!L17*1000 -> 0 | M17: =+[3]Resumen!M17*1000 -> 71190.86 | ... AC17: =+[3]Resumen!AC17*1000 -> 0
D18: Festivo | E18: 1 | F18: =+[3]Resumen!F18*1000 -> 0 | G18: =+[3]Resumen!G18*1000 -> 0 | H18: =+[3]Resumen!H18*1000 -> 0 | I18: =+[3]Resumen!I18*1000 -> 0 | J18: =+[3]Resumen!J18*1000 -> 0 | K18: =+[3]Resumen!K18*1000 -> 0 | L18: =+[3]Resumen!L18*1000 -> 0 | M18: =+[3]Resumen!M18*1000 -> 88873.492 | ... AC18: =+[3]Resumen!AC18*1000 -> 0
C19: Abr | D19: Ordinario | E19: 18 | F19: =+[3]Resumen!F19*1000 -> 0 | G19: =+[3]Resumen!G19*1000 -> 0 | H19: =+[3]Resumen!H19*1000 -> 0 | I19: =+[3]Resumen!I19*1000 -> 0 | J19: =+[3]Resumen!J19*1000 -> 0 | K19: =+[3]Resumen!K19*1000 -> 0 | L19: =+[3]Resumen!L19*1000 -> 0 | M19: =+[3]Resumen!M19*1000 -> 188810.25 | ... AC19: =+[3]Resumen!AC19*1000 -> 0 | AD19: =SUM(F19:AC19)*E19+SUM(F20:AC20)*E20+SUM(F21:AC21)*E21+SUM(F22:AC22)*E22 -> 69237487
D20: Sábado | E20: 5 | F20: =+[3]Resumen!F20*1000 -> 0 | G20: =+[3]Resumen!G20*1000 -> 0 | H20: =+[3]Resumen!H20*1000 -> 0 | I20: =+[3]Resumen!I20*1000 -> 0 | J20: =+[3]Resumen!J20*1000 -> 0 | K20: =+[3]Resumen!K20*1000 -> 0 | L20: =+[3]Resumen!L20*1000 -> 0 | M20: =+[3]Resumen!M20*1000 -> 140108.81 | ... AC20: =+[3]Resumen!AC20*1000 -> 0
D21: Domingo | E21: 5 | F21: =+[3]Resumen!F21*1000 -> 0 | G21: =+[3]Resumen!G21*1000 -> 0 | H21: =+[3]Resumen!H21*1000 -> 0 | I21: =+[3]Resumen!I21*1000 -> 0 | J21: =+[3]Resumen!J21*1000 -> 0 | K21: =+[3]Resumen!K21*1000 -> 0 | L21: =+[3]Resumen!L21*1000 -> 0 | M21: =+[3]Resumen!M21*1000 -> 89864.051 | ... AC21: =+[3]Resumen!AC21*1000 -> 0
D22: Festivo | E22: 2 | F22: =+[3]Resumen!F22*1000 -> 0 | G22: =+[3]Resumen!G22*1000 -> 0 | H22: =+[3]Resumen!H22*1000 -> 0 | I22: =+[3]Resumen!I22*1000 -> 0 | J22: =+[3]Resumen!J22*1000 -> 0 | K22: =+[3]Resumen!K22*1000 -> 0 | L22: =+[3]Resumen!L22*1000 -> 0 | M22: =+[3]Resumen!M22*1000 -> 93712.848 | ... AC22: =+[3]Resumen!AC22*1000 -> 0
C23: May | D23: Ordinario | E23: 21 | F23: =+[3]Resumen!F23*1000 -> 0 | G23: =+[3]Resumen!G23*1000 -> 0 | H23: =+[3]Resumen!H23*1000 -> 0 | I23: =+[3]Resumen!I23*1000 -> 0 | J23: =+[3]Resumen!J23*1000 -> 0 | K23: =+[3]Resumen!K23*1000 -> 0 | L23: =+[3]Resumen!L23*1000 -> 0 | M23: =+[3]Resumen!M23*1000 -> 175266.64 | ... AC23: =+[3]Resumen!AC23*1000 -> 0 | AD23: =SUM(F23:AC23)*E23+SUM(F24:AC24)*E24+SUM(F25:AC25)*E25+SUM(F26:AC26)*E26 -> 67097745
D24: Sábado | E24: 4 | F24: =+[3]Resumen!F24*1000 -> 0 | G24: =+[3]Resumen!G24*1000 -> 0 | H24: =+[3]Resumen!H24*1000 -> 0 | I24: =+[3]Resumen!I24*1000 -> 0 | J24: =+[3]Resumen!J24*1000 -> 0 | K24: =+[3]Resumen!K24*1000 -> 0 | L24: =+[3]Resumen!L24*1000 -> 0 | M24: =+[3]Resumen!M24*1000 -> 130787.86 | ... AC24: =+[3]Resumen!AC24*1000 -> 0
D25: Domingo | E25: 4 | F25: =+[3]Resumen!F25*1000 -> 0 | G25: =+[3]Resumen!G25*1000 -> 0 | H25: =+[3]Resumen!H25*1000 -> 0 | I25: =+[3]Resumen!I25*1000 -> 0 | J25: =+[3]Resumen!J25*1000 -> 0 | K25: =+[3]Resumen!K25*1000 -> 0 | L25: =+[3]Resumen!L25*1000 -> 0 | M25: =+[3]Resumen!M25*1000 -> 59975.758 | ... AC25: =+[3]Resumen!AC25*1000 -> 0
D26: Festivo | E26: 2 | F26: =+[3]Resumen!F26*1000 -> 0 | G26: =+[3]Resumen!G26*1000 -> 0 | H26: =+[3]Resumen!H26*1000 -> 0 | I26: =+[3]Resumen!I26*1000 -> 0 | J26: =+[3]Resumen!J26*1000 -> 0 | K26: =+[3]Resumen!K26*1000 -> 0 | L26: =+[3]Resumen!L26*1000 -> 0 | M26: =+[3]Resumen!M26*1000 -> 89908.326 | ... AC26: =+[3]Resumen!AC26*1000 -> 0
C27: Jun | D27: Ordinario | E27: 20 | F27: =+[3]Resumen!F27*1000 -> 0 | G27: =+[3]Resumen!G27*1000 -> 0 | H27: =+[3]Resumen!H27*1000 -> 0 | I27: =+[3]Resumen!I27*1000 -> 0 | J27: =+[3]Resumen!J27*1000 -> 0 | K27: =+[3]Resumen!K27*1000 -> 0 | L27: =+[3]Resumen!L27*1000 -> 0 | M27: =+[3]Resumen!M27*1000 -> 185749 | ... AC27: =+[3]Resumen!AC27*1000 -> 0 | AD27: =SUM(F27:AC27)*E27+SUM(F28:AC28)*E28+SUM(F29:AC29)*E29+SUM(F30:AC30)*E30 -> 71045390
D28: Sábado | E28: 4 | F28: =+[3]Resumen!F28*1000 -> 0 | G28: =+[3]Resumen!G28*1000 -> 0 | H28: =+[3]Resumen!H28*1000 -> 0 | I28: =+[3]Resumen!I28*1000 -> 0 | J28: =+[3]Resumen!J28*1000 -> 0 | K28: =+[3]Resumen!K28*1000 -> 0 | L28: =+[3]Resumen!L28*1000 -> 0 | M28: =+[3]Resumen!M28*1000 -> 149350.79 | ... AC28: =+[3]Resumen!AC28*1000 -> 0
D29: Domingo | E29: 4 | F29: =+[3]Resumen!F29*1000 -> 0 | G29: =+[3]Resumen!G29*1000 -> 0 | H29: =+[3]Resumen!H29*1000 -> 0 | I29: =+[3]Resumen!I29*1000 -> 0 | J29: =+[3]Resumen!J29*1000 -> 0 | K29: =+[3]Resumen!K29*1000 -> 0 | L29: =+[3]Resumen!L29*1000 -> 0 | M29: =+[3]Resumen!M29*1000 -> 85964.165 | ... AC29: =+[3]Resumen!AC29*1000 -> 0
D30: Festivo | E30: 2 | F30: =+[3]Resumen!F30*1000 -> 0 | G30: =+[3]Resumen!G30*1000 -> 0 | H30: =+[3]Resumen!H30*1000 -> 0 | I30: =+[3]Resumen!I30*1000 -> 0 | J30: =+[3]Resumen!J30*1000 -> 0 | K30: =+[3]Resumen!K30*1000 -> 0 | L30: =+[3]Resumen!L30*1000 -> 0 | M30: =+[3]Resumen!M30*1000 -> 81695.414 | ... AC30: =+[3]Resumen!AC30*1000 -> 0
C31: Jul | D31: Ordinario | E31: 19 | F31: =+[3]Resumen!F31*1000 -> 0 | G31: =+[3]Resumen!G31*1000 -> 0 | H31: =+[3]Resumen!H31*1000 -> 0 | I31: =+[3]Resumen!I31*1000 -> 0 | J31: =+[3]Resumen!J31*1000 -> 0 | K31: =+[3]Resumen!K31*1000 -> 0 | L31: =+[3]Resumen!L31*1000 -> 0 | M31: =+[3]Resumen!M31*1000 -> 148065.8 | ... AC31: =+[3]Resumen!AC31*1000 -> 0 | AD31: =SUM(F31:AC31)*E31+SUM(F32:AC32)*E32+SUM(F33:AC33)*E33+SUM(F34:AC34)*E34 -> 61137014
D32: Sábado | E32: 5 | F32: =+[3]Resumen!F32*1000 -> 0 | G32: =+[3]Resumen!G32*1000 -> 0 | H32: =+[3]Resumen!H32*1000 -> 0 | I32: =+[3]Resumen!I32*1000 -> 0 | J32: =+[3]Resumen!J32*1000 -> 0 | K32: =+[3]Resumen!K32*1000 -> 0 | L32: =+[3]Resumen!L32*1000 -> 0 | M32: =+[3]Resumen!M32*1000 -> 107241.56 | ... AC32: =+[3]Resumen!AC32*1000 -> 0
D33: Domingo | E33: 5 | F33: =+[3]Resumen!F33*1000 -> 0 | G33: =+[3]Resumen!G33*1000 -> 0 | H33: =+[3]Resumen!H33*1000 -> 0 | I33: =+[3]Resumen!I33*1000 -> 0 | J33: =+[3]Resumen!J33*1000 -> 0 | K33: =+[3]Resumen!K33*1000 -> 0 | L33: =+[3]Resumen!L33*1000 -> 0 | M33: =+[3]Resumen!M33*1000 -> 48696.966 | ... AC33: =+[3]Resumen!AC33*1000 -> 0
D34: Festivo | E34: 2 | F34: =+[3]Resumen!F34*1000 -> 0 | G34: =+[3]Resumen!G34*1000 -> 0 | H34: =+[3]Resumen!H34*1000 -> 0 | I34: =+[3]Resumen!I34*1000 -> 0 | J34: =+[3]Resumen!J34*1000 -> 0 | K34: =+[3]Resumen!K34*1000 -> 0 | L34: =+[3]Resumen!L34*1000 -> 0 | M34: =+[3]Resumen!M34*1000 -> 52316.209 | ... AC34: =+[3]Resumen!AC34*1000 -> 0
C35: Ago | D35: Ordinario | E35: 21 | F35: =+[3]Resumen!F35*1000 -> 0 | G35: =+[3]Resumen!G35*1000 -> 0 | H35: =+[3]Resumen!H35*1000 -> 0 | I35: =+[3]Resumen!I35*1000 -> 0 | J35: =+[3]Resumen!J35*1000 -> 0 | K35: =+[3]Resumen!K35*1000 -> 0 | L35: =+[3]Resumen!L35*1000 -> 0 | M35: =+[3]Resumen!M35*1000 -> 153479.62 | ... AC35: =+[3]Resumen!AC35*1000 -> 0 | AD35: =SUM(F35:AC35)*E35+SUM(F36:AC36)*E36+SUM(F37:AC37)*E37+SUM(F38:AC38)*E38 -> 63065210
D36: Sábado | E36: 4 | F36: =+[3]Resumen!F36*1000 -> 0 | G36: =+[3]Resumen!G36*1000 -> 0 | H36: =+[3]Resumen!H36*1000 -> 0 | I36: =+[3]Resumen!I36*1000 -> 0 | J36: =+[3]Resumen!J36*1000 -> 0 | K36: =+[3]Resumen!K36*1000 -> 0 | L36: =+[3]Resumen!L36*1000 -> 0 | M36: =+[3]Resumen!M36*1000 -> 117287.74 | ... AC36: =+[3]Resumen!AC36*1000 -> 0
D37: Domingo | E37: 4 | F37: =+[3]Resumen!F37*1000 -> 0 | G37: =+[3]Resumen!G37*1000 -> 0 | H37: =+[3]Resumen!H37*1000 -> 0 | I37: =+[3]Resumen!I37*1000 -> 0 | J37: =+[3]Resumen!J37*1000 -> 0 | K37: =+[3]Resumen!K37*1000 -> 0 | L37: =+[3]Resumen!L37*1000 -> 0 | M37: =+[3]Resumen!M37*1000 -> 47984.154 | ... AC37: =+[3]Resumen!AC37*1000 -> 0
D38: Festivo | E38: 2 | F38: =+[3]Resumen!F38*1000 -> 0 | G38: =+[3]Resumen!G38*1000 -> 0 | H38: =+[3]Resumen!H38*1000 -> 0 | I38: =+[3]Resumen!I38*1000 -> 0 | J38: =+[3]Resumen!J38*1000 -> 0 | K38: =+[3]Resumen!K38*1000 -> 0 | L38: =+[3]Resumen!L38*1000 -> 0 | M38: =+[3]Resumen!M38*1000 -> 65397.829 | ... AC38: =+[3]Resumen!AC38*1000 -> 0
C39: Sep | D39: Ordinario | E39: 21 | F39: =+[3]Resumen!F39*1000 -> 0 | G39: =+[3]Resumen!G39*1000 -> 0 | H39: =+[3]Resumen!H39*1000 -> 0 | I39: =+[3]Resumen!I39*1000 -> 0 | J39: =+[3]Resumen!J39*1000 -> 0 | K39: =+[3]Resumen!K39*1000 -> 0 | L39: =+[3]Resumen!L39*1000 -> 0 | M39: =+[3]Resumen!M39*1000 -> 166896.95 | ... AC39: =+[3]Resumen!AC39*1000 -> 0 | AD39: =SUM(F39:AC39)*E39+SUM(F40:AC40)*E40+SUM(F41:AC41)*E41+SUM(F42:AC42)*E42 -> 66915979
D40: Sábado | E40: 5 | F40: =+[3]Resumen!F40*1000 -> 0 | G40: =+[3]Resumen!G40*1000 -> 0 | H40: =+[3]Resumen!H40*1000 -> 0 | I40: =+[3]Resumen!I40*1000 -> 0 | J40: =+[3]Resumen!J40*1000 -> 0 | K40: =+[3]Resumen!K40*1000 -> 0 | L40: =+[3]Resumen!L40*1000 -> 0 | M40: =+[3]Resumen!M40*1000 -> 130550.66 | ... AC40: =+[3]Resumen!AC40*1000 -> 0
D41: Domingo | E41: 4 | F41: =+[3]Resumen!F41*1000 -> 0 | G41: =+[3]Resumen!G41*1000 -> 0 | H41: =+[3]Resumen!H41*1000 -> 0 | I41: =+[3]Resumen!I41*1000 -> 0 | J41: =+[3]Resumen!J41*1000 -> 0 | K41: =+[3]Resumen!K41*1000 -> 0 | L41: =+[3]Resumen!L41*1000 -> 0 | M41: =+[3]Resumen!M41*1000 -> 55984.636 | ... AC41: =+[3]Resumen!AC41*1000 -> 0
D42: Festivo | E42: 0 | F42: =+[3]Resumen!F42*1000 -> 0 | G42: =+[3]Resumen!G42*1000 -> 0 | H42: =+[3]Resumen!H42*1000 -> 0 | I42: =+[3]Resumen!I42*1000 -> 0 | J42: =+[3]Resumen!J42*1000 -> 0 | K42: =+[3]Resumen!K42*1000 -> 0 | L42: =+[3]Resumen!L42*1000 -> 0 | M42: =+[3]Resumen!M42*1000 -> 0 | ... AC42: =+[3]Resumen!AC42*1000 -> 0
C43: Oct | D43: Ordinario | E43: 21 | F43: =+[3]Resumen!F43*1000 -> 0 | G43: =+[3]Resumen!G43*1000 -> 0 | H43: =+[3]Resumen!H43*1000 -> 0 | I43: =+[3]Resumen!I43*1000 -> 0 | J43: =+[3]Resumen!J43*1000 -> 0 | K43: =+[3]Resumen!K43*1000 -> 0 | L43: =+[3]Resumen!L43*1000 -> 0 | M43: =+[3]Resumen!M43*1000 -> 154285.53 | ... AC43: =+[3]Resumen!AC43*1000 -> 0 | AD43: =SUM(F43:AC43)*E43+SUM(F44:AC44)*E44+SUM(F45:AC45)*E45+SUM(F46:AC46)*E46 -> 64387467
D44: Sábado | E44: 4 | F44: =+[3]Resumen!F44*1000 -> 0 | G44: =+[3]Resumen!G44*1000 -> 0 | H44: =+[3]Resumen!H44*1000 -> 0 | I44: =+[3]Resumen!I44*1000 -> 0 | J44: =+[3]Resumen!J44*1000 -> 0 | K44: =+[3]Resumen!K44*1000 -> 0 | L44: =+[3]Resumen!L44*1000 -> 0 | M44: =+[3]Resumen!M44*1000 -> 121585.28 | ... AC44: =+[3]Resumen!AC44*1000 -> 0
D45: Domingo | E45: 5 | F45: =+[3]Resumen!F45*1000 -> 0 | G45: =+[3]Resumen!G45*1000 -> 0 | H45: =+[3]Resumen!H45*1000 -> 0 | I45: =+[3]Resumen!I45*1000 -> 0 | J45: =+[3]Resumen!J45*1000 -> 0 | K45: =+[3]Resumen!K45*1000 -> 0 | L45: =+[3]Resumen!L45*1000 -> 0 | M45: =+[3]Resumen!M45*1000 -> 61153.675 | ... AC45: =+[3]Resumen!AC45*1000 -> 0
D46: Festivo | E46: 1 | F46: =+[3]Resumen!F46*1000 -> 0 | G46: =+[3]Resumen!G46*1000 -> 0 | H46: =+[3]Resumen!H46*1000 -> 0 | I46: =+[3]Resumen!I46*1000 -> 0 | J46: =+[3]Resumen!J46*1000 -> 0 | K46: =+[3]Resumen!K46*1000 -> 0 | L46: =+[3]Resumen!L46*1000 -> 0 | M46: =+[3]Resumen!M46*1000 -> 56834.275 | ... AC46: =+[3]Resumen!AC46*1000 -> 0
C47: Nov | D47: Ordinario | E47: 20 | F47: =+[3]Resumen!F47*1000 -> 0 | G47: =+[3]Resumen!G47*1000 -> 0 | H47: =+[3]Resumen!H47*1000 -> 0 | I47: =+[3]Resumen!I47*1000 -> 0 | J47: =+[3]Resumen!J47*1000 -> 0 | K47: =+[3]Resumen!K47*1000 -> 0 | L47: =+[3]Resumen!L47*1000 -> 0 | M47: =+[3]Resumen!M47*1000 -> 181510.64 | ... AC47: =+[3]Resumen!AC47*1000 -> 0 | AD47: =SUM(F47:AC47)*E47+SUM(F48:AC48)*E48+SUM(F49:AC49)*E49+SUM(F50:AC50)*E50 -> 69088404
D48: Sábado | E48: 4 | F48: =+[3]Resumen!F48*1000 -> 0 | G48: =+[3]Resumen!G48*1000 -> 0 | H48: =+[3]Resumen!H48*1000 -> 0 | I48: =+[3]Resumen!I48*1000 -> 0 | J48: =+[3]Resumen!J48*1000 -> 0 | K48: =+[3]Resumen!K48*1000 -> 0 | L48: =+[3]Resumen!L48*1000 -> 0 | M48: =+[3]Resumen!M48*1000 -> 143725.66 | ... AC48: =+[3]Resumen!AC48*1000 -> 0
D49: Domingo | E49: 4 | F49: =+[3]Resumen!F49*1000 -> 0 | G49: =+[3]Resumen!G49*1000 -> 0 | H49: =+[3]Resumen!H49*1000 -> 0 | I49: =+[3]Resumen!I49*1000 -> 0 | J49: =+[3]Resumen!J49*1000 -> 0 | K49: =+[3]Resumen!K49*1000 -> 0 | L49: =+[3]Resumen!L49*1000 -> 0 | M49: =+[3]Resumen!M49*1000 -> 70091.358 | ... AC49: =+[3]Resumen!AC49*1000 -> 0
D50: Festivo | E50: 2 | F50: =+[3]Resumen!F50*1000 -> 0 | G50: =+[3]Resumen!G50*1000 -> 0 | H50: =+[3]Resumen!H50*1000 -> 0 | I50: =+[3]Resumen!I50*1000 -> 0 | J50: =+[3]Resumen!J50*1000 -> 0 | K50: =+[3]Resumen!K50*1000 -> 0 | L50: =+[3]Resumen!L50*1000 -> 0 | M50: =+[3]Resumen!M50*1000 -> 62048.34 | ... AC50: =+[3]Resumen!AC50*1000 -> 0
C51: Dic | D51: Ordinario | E51: 19 | F51: =+[3]Resumen!F51*1000 -> 0 | G51: =+[3]Resumen!G51*1000 -> 0 | H51: =+[3]Resumen!H51*1000 -> 0 | I51: =+[3]Resumen!I51*1000 -> 0 | J51: =+[3]Resumen!J51*1000 -> 0 | K51: =+[3]Resumen!K51*1000 -> 0 | L51: =+[3]Resumen!L51*1000 -> 0 | M51: =+[3]Resumen!M51*1000 -> 153288.45 | ... AC51: =+[3]Resumen!AC51*1000 -> 0 | AD51: =SUM(F51:AC51)*E51+SUM(F52:AC52)*E52+SUM(F53:AC53)*E53+SUM(F54:AC54)*E54 -> 63760261
D52: Sábado | E52: 5 | F52: =+[3]Resumen!F52*1000 -> 0 | G52: =+[3]Resumen!G52*1000 -> 0 | H52: =+[3]Resumen!H52*1000 -> 0 | I52: =+[3]Resumen!I52*1000 -> 0 | J52: =+[3]Resumen!J52*1000 -> 0 | K52: =+[3]Resumen!K52*1000 -> 0 | L52: =+[3]Resumen!L52*1000 -> 0 | M52: =+[3]Resumen!M52*1000 -> 125115.75 | ... AC52: =+[3]Resumen!AC52*1000 -> 0
D53: Domingo | E53: 5 | F53: =+[3]Resumen!F53*1000 -> 0 | G53: =+[3]Resumen!G53*1000 -> 0 | H53: =+[3]Resumen!H53*1000 -> 0 | I53: =+[3]Resumen!I53*1000 -> 0 | J53: =+[3]Resumen!J53*1000 -> 0 | K53: =+[3]Resumen!K53*1000 -> 0 | L53: =+[3]Resumen!L53*1000 -> 0 | M53: =+[3]Resumen!M53*1000 -> 55425.728 | ... AC53: =+[3]Resumen!AC53*1000 -> 0
D54: Festivo | E54: 2 | F54: =+[3]Resumen!F54*1000 -> 0 | G54: =+[3]Resumen!G54*1000 -> 0 | H54: =+[3]Resumen!H54*1000 -> 0 | I54: =+[3]Resumen!I54*1000 -> 0 | J54: =+[3]Resumen!J54*1000 -> 0 | K54: =+[3]Resumen!K54*1000 -> 0 | L54: =+[3]Resumen!L54*1000 -> 0 | M54: =+[3]Resumen!M54*1000 -> 30878.536 | ... AC54: =+[3]Resumen!AC54*1000 -> 0
Z55: TOTAL AÑO kWh | AD55: =SUM(AD7:AD54) -> 8.0706711e+08

Sheet Cantidades 2029
C2: CANTIDADES DE ENERGÍA SOLICITADAS (kWh)
C3: EMPRESAS PÚBLICAS DE MEDELLÍN E.S.P.
C4: 2029
C6: Mes | D6: Tipo Día | E6: Días | F6: H1 | G6: H2 | H6: H3 | I6: H4 | J6: H5 | K6: H6 | L6: H7 | M6: H8 | N6: H9 | O6: H10 | P6: H11 | Q6: H12 | R6: H13 | S6: H14 | T6: H15 | U6: H16 | V6: H17 | W6: H18 | X6: H19 | Y6: H20 | Z6: H21 | AA6: H22 | AB6: H23 | AC6: H24 | AD6: TOTAL MES
C7: Ene | D7: Ordinario | E7: 21 | F7: =+[4]Resumen!F7*1000 -> 0 | G7: =+[4]Resumen!G7*1000 -> 0 | H7: =+[4]Resumen!H7*1000 -> 0 | I7: =+[4]Resumen!I7*1000 -> 0 | J7: =+[4]Resumen!J7*1000 -> 0 | K7: =+[4]Resumen!K7*1000 -> 0 | L7: =+[4]Resumen!L7*1000 -> 0 | M7: =+[4]Resumen!M7*1000 -> 114553.13 | ... AC7: =+[4]Resumen!AC7*1000 -> 0 | AD7: =SUM(F7:AC7)*E7+SUM(F8:AC8)*E8+SUM(F9:AC9)*E9+SUM(F10:AC10)*E10 -> 44246123
D8: Sábado | E8: 4 | F8: =+[4]Resumen!F8*1000 -> 0 | G8: =+[4]Resumen!G8*1000 -> 0 | H8: =+[4]Resumen!H8*1000 -> 0 | I8: =+[4]Resumen!I8*1000 -> 0 | J8: =+[4]Resumen!J8*1000 -> 0 | K8: =+[4]Resumen!K8*1000 -> 0 | L8: =+[4]Resumen!L8*1000 -> 0 | M8: =+[4]Resumen!M8*1000 -> 95389.725 | ... AC8: =+[4]Resumen!AC8*1000 -> 0
D9: Domingo | E9: 4 | F9: =+[4]Resumen!F9*1000 -> 0 | G9: =+[4]Resumen!G9*1000 -> 0 | H9: =+[4]Resumen!H9*1000 -> 0 | I9: =+[4]Resumen!I9*1000 -> 0 | J9: =+[4]Resumen!J9*1000 -> 0 | K9: =+[4]Resumen!K9*1000 -> 0 | L9: =+[4]Resumen!L9*1000 -> 0 | M9: =+[4]Resumen!M9*1000 -> 65448.185 | ... AC9: =+[4]Resumen!AC9*1000 -> 0
D10: Festivo | E10: 2 | F10: =+[4]Resumen!F10*1000 -> 0 | G10: =+[4]Resumen!G10*1000 -> 0 | H10: =+[4]Resumen!H10*1000 -> 0 | I10: =+[4]Resumen!I10*1000 -> 0 | J10: =+[4]Resumen!J10*1000 -> 0 | K10: =+[4]Resumen!K10*1000 -> 0 | L10: =+[4]Resumen!L10*1000 -> 0 | M10: =+[4]Resumen!M10*1000 -> 49729.782 | ... AC10: =+[4]Resumen!AC10*1000 -> 0
C11: Feb | D11: Ordinario | E11: 20 | F11: =+[4]Resumen!F11*1000 -> 0 | G11: =+[4]Resumen!G11*1000 -> 0 | H11: =+[4]Resumen!H11*1000 -> 0 | I11: =+[4]Resumen!I11*1000 -> 0 | J11: =+[4]Resumen!J11*1000 -> 0 | K11: =+[4]Resumen!K11*1000 -> 0 | L11: =+[4]Resumen!L11*1000 -> 0 | M11: =+[4]Resumen!M11*1000 -> 143361.84 | ... AC11: =+[4]Resumen!AC11*1000 -> 0 | AD11: =SUM(F11:AC11)*E11+SUM(F12:AC12)*E12+SUM(F13:AC13)*E13+SUM(F14:AC14)*E14 -> 47892330
D12: Sábado | E12: 4 | F12: =+[4]Resumen!F12*1000 -> 0 | G12: =+[4]Resumen!G12*1000 -> 0 | H12: =+[4]Resumen!H12*1000 -> 0 | I12: =+[4]Resumen!I12*1000 -> 0 | J12: =+[4]Resumen!J12*1000 -> 0 | K12: =+[4]Resumen!K12*1000 -> 0 | L12: =+[4]Resumen!L12*1000 -> 0 | M12: =+[4]Resumen!M12*1000 -> 125510.53 | ... AC12: =+[4]Resumen!AC12*1000 -> 0
D13: Domingo | E13: 4 | F13: =+[4]Resumen!F13*1000 -> 0 | G13: =+[4]Resumen!G13*1000 -> 0 | H13: =+[4]Resumen!H13*1000 -> 0 | I13: =+[4]Resumen!I13*1000 -> 0 | J13: =+[4]Resumen!J13*1000 -> 0 | K13: =+[4]Resumen!K13*1000 -> 0 | L13: =+[4]Resumen!L13*1000 -> 0 | M13: =+[4]Resumen!M13*1000 -> 86402.28 | ... AC13: =+[4]Resumen!AC13*1000 -> 0
D14: Festivo | E14: 0 | F14: =+[4]Resumen!F14*1000 -> 0 | G14: =+[4]Resumen!G14*1000 -> 0 | H14: =+[4]Resumen!H14*1000 -> 0 | I14: =+[4]Resumen!I14*1000 -> 0 | J14: =+[4]Resumen!J14*1000 -> 0 | K14: =+[4]Resumen!K14*1000 -> 0 | L14: =+[4]Resumen!L14*1000 -> 0 | M14: =+[4]Resumen!M14*1000 -> 0 | ... AC14: =+[4]Resumen!AC14*1000 -> 0
C15: Mar | D15: Ordinario | E15: 19 | F15: =+[4]Resumen!F15*1000 -> 0 | G15: =+[4]Resumen!G15*1000 -> 0 | H15: =+[4]Resumen!H15*1000 -> 0 | I15: =+[4]Resumen!I15*1000 -> 0 | J15: =+[4]Resumen!J15*1000 -> 0 | K15: =+[4]Resumen!K15*1000 -> 0 | L15: =+[4]Resumen!L15*1000 -> 0 | M15: =+[4]Resumen!M15*1000 -> 120819.26 | ... AC15: =+[4]Resumen!AC15*1000 -> 0 | AD15: =SUM(F15:AC15)*E15+SUM(F16:AC16)*E16+SUM(F17:AC17)*E17+SUM(F18:AC18)*E18 -> 44335232
D16: Sábado | E16: 5 | F16: =+[4]Resumen!F16*1000 -> 0 | G16: =+[4]Resumen!G16*1000 -> 0 | H16: =+[4]Resumen!H16*1000 -> 0 | I16: =+[4]Resumen!I16*1000 -> 0 | J16: =+[4]Resumen!J16*1000 -> 0 | K16: =+[4]Resumen!K16*1000 -> 0 | L16: =+[4]Resumen!L16*1000 -> 0 | M16: =+[4]Resumen!M16*1000 -> 105205.96 | ... AC16: =+[4]Resumen!AC16*1000 -> 0
D17: Domingo | E17: 4 | F17: =+[4]Resumen!F17*1000 -> 0 | G17: =+[4]Resumen!G17*1000 -> 0 | H17: =+[4]Resumen!H17*1000 -> 0 | I17: =+[4]Resumen!I17*1000 -> 0 | J17: =+[4]Resumen!J17*1000 -> 0 | K17: =+[4]Resumen!K17*1000 -> 0 | L17: =+[4]Resumen!L17*1000 -> 0 | M17: =+[4]Resumen!M17*1000 -> 68265.81 | ... AC17: =+[4]Resumen!AC17*1000 -> 0
D18: Festivo | E18: 3 | F18: =+[4]Resumen!F18*1000 -> 0 | G18: =+[4]Resumen!G18*1000 -> 0 | H18: =+[4]Resumen!H18*1000 -> 0 | I18: =+[4]Resumen!I18*1000 -> 0 | J18: =+[4]Resumen!J18*1000 -> 0 | K18: =+[4]Resumen!K18*1000 -> 0 | L18: =+[4]Resumen!L18*1000 -> 0 | M18: =+[4]Resumen!M18*1000 -> 76411.756 | ... AC18: =+[4]Resumen!AC18*1000 -> 0
C19: Abr | D19: Ordinario | E19: 21 | F19: =+[4]Resumen!F19*1000 -> 0 | G19: =+[4]Resumen!G19*1000 -> 0 | H19: =+[4]Resumen!H19*1000 -> 0 | I19: =+[4]Resumen!I19*1000 -> 0 | J19: =+[4]Resumen!J19*1000 -> 0 | K19: =+[4]Resumen!K19*1000 -> 0 | L19: =+[4]Resumen!L19*1000 -> 0 | M19: =+[4]Resumen!M19*1000 -> 124689.97 | ... AC19: =+[4]Resumen!AC19*1000 -> 0 | AD19: =SUM(F19:AC19)*E19+SUM(F20:AC20)*E20+SUM(F21:AC21)*E21+SUM(F22:AC22)*E22 -> 45269631
D20: Sábado | E20: 4 | F20: =+[4]Resumen!F20*1000 -> 0 | G20: =+[4]Resumen!G20*1000 -> 0 | H20: =+[4]Resumen!H20*1000 -> 0 | I20: =+[4]Resumen!I20*1000 -> 0 | J20: =+[4]Resumen!J20*1000 -> 0 | K20: =+[4]Resumen!K20*1000 -> 0 | L20: =+[4]Resumen!L20*1000 -> 0 | M20: =+[4]Resumen!M20*1000 -> 100767.28 | ... AC20: =+[4]Resumen!AC20*1000 -> 0
D21: Domingo | E21: 5 | F21: =+[4]Resumen!F21*1000 -> 0 | G21: =+[4]Resumen!G21*1000 -> 0 | H21: =+[4]Resumen!H21*1000 -> 0 | I21: =+[4]Resumen!I21*1000 -> 0 | J21: =+[4]Resumen!J21*1000 -> 0 | K21: =+[4]Resumen!K21*1000 -> 0 | L21: =+[4]Resumen!L21*1000 -> 0 | M21: =+[4]Resumen!M21*1000 -> 75307.149 | ... AC21: =+[4]Resumen!AC21*1000 -> 0
D22: Festivo | E22: 0 | F22: =+[4]Resumen!F22*1000 -> 0 | G22: =+[4]Resumen!G22*1000 -> 0 | H22: =+[4]Resumen!H22*1000 -> 0 | I22: =+[4]Resumen!I22*1000 -> 0 | J22: =+[4]Resumen!J22*1000 -> 0 | K22: =+[4]Resumen!K22*1000 -> 0 | L22: =+[4]Resumen!L22*1000 -> 0 | M22: =+[4]Resumen!M22*1000 -> 136024.58 | ... AC22: =+[4]Resumen!AC22*1000 -> 0
C23: May | D23: Ordinario | E23: 21 | F23: =+[4]Resumen!F23*1000 -> 0 | G23: =+[4]Resumen!G23*1000 -> 0 | H23: =+[4]Resumen!H23*1000 -> 0 | I23: =+[4]Resumen!I23*1000 -> 0 | J23: =+[4]Resumen!J23*1000 -> 0 | K23: =+[4]Resumen!K23*1000 -> 0 | L23: =+[4]Resumen!L23*1000 -> 0 | M23: =+[4]Resumen!M23*1000 -> 119458.12 | ... AC23: =+[4]Resumen!AC23*1000 -> 0 | AD23: =SUM(F23:AC23)*E23+SUM(F24:AC24)*E24+SUM(F25:AC25)*E25+SUM(F26:AC26)*E26 -> 44159243
D24: Sábado | E24: 4 | F24: =+[4]Resumen!F24*1000 -> 0 | G24: =+[4]Resumen!G24*1000 -> 0 | H24: =+[4]Resumen!H24*1000 -> 0 | I24: =+[4]Resumen!I24*1000 -> 0 | J24: =+[4]Resumen!J24*1000 -> 0 | K24: =+[4]Resumen!K24*1000 -> 0 | L24: =+[4]Resumen!L24*1000 -> 0 | M24: =+[4]Resumen!M24*1000 -> 99842.73 | ... AC24: =+[4]Resumen!AC24*1000 -> 0
D25: Domingo | E25: 4 | F25: =+[4]Resumen!F25*1000 -> 0 | G25: =+[4]Resumen!G25*1000 -> 0 | H25: =+[4]Resumen!H25*1000 -> 0 | I25: =+[4]Resumen!I25*1000 -> 0 | J25: =+[4]Resumen!J25*1000 -> 0 | K25: =+[4]Resumen!K25*1000 -> 0 | L25: =+[4]Resumen!L25*1000 -> 0 | M25: =+[4]Resumen!M25*1000 -> 64231.268 | ... AC25: =+[4]Resumen!AC25*1000 -> 0
D26: Festivo | E26: 2 | F26: =+[4]Resumen!F26*1000 -> 0 | G26: =+[4]Resumen!G26*1000 -> 0 | H26: =+[4]Resumen!H26*1000 -> 0 | I26: =+[4]Resumen!I26*1000 -> 0 | J26: =+[4]Resumen!J26*1000 -> 0 | K26: =+[4]Resumen!K26*1000 -> 0 | L26: =+[4]Resumen!L26*1000 -> 0 | M26: =+[4]Resumen!M26*1000 -> 75667.576 | ... AC26: =+[4]Resumen!AC26*1000 -> 0
C27: Jun | D27: Ordinario | E27: 19 | F27: =+[4]Resumen!F27*1000 -> 0 | G27: =+[4]Resumen!G27*1000 -> 0 | H27: =+[4]Resumen!H27*1000 -> 0 | I27: =+[4]Resumen!I27*1000 -> 0 | J27: =+[4]Resumen!J27*1000 -> 0 | K27: =+[4]Resumen!K27*1000 -> 0 | L27: =+[4]Resumen!L27*1000 -> 0 | M27: =+[4]Resumen!M27*1000 -> 127693.04 | ... AC27: =+[4]Resumen!AC27*1000 -> 0 | AD27: =SUM(F27:AC27)*E27+SUM(F28:AC28)*E28+SUM(F29:AC29)*E29+SUM(F30:AC30)*E30 -> 46032413
D28: Sábado | E28: 5 | F28: =+[4]Resumen!F28*1000 -> 0 | G28: =+[4]Resumen!G28*1000 -> 0 | H28: =+[4]Resumen!H28*1000 -> 0 | I28: =+[4]Resumen!I28*1000 -> 0 | J28: =+[4]Resumen!J28*1000 -> 0 | K28: =+[4]Resumen!K28*1000 -> 0 | L28: =+[4]Resumen!L28*1000 -> 0 | M28: =+[4]Resumen!M28*1000 -> 108874.38 | ... AC28: =+[4]Resumen!AC28*1000 -> 0
D29: Domingo | E29: 4 | F29: =+[4]Resumen!F29*1000 -> 0 | G29: =+[4]Resumen!G29*1000 -> 0 | H29: =+[4]Resumen!H29*1000 -> 0 | I29: =+[4]Resumen!I29*1000 -> 0 | J29: =+[4]Resumen!J29*1000 -> 0 | K29: =+[4]Resumen!K29*1000 -> 0 | L29: =+[4]Resumen!L29*1000 -> 0 | M29: =+[4]Resumen!M29*1000 -> 75410.409 | ... AC29: =+[4]Resumen!AC29*1000 -> 0
D30: Festivo | E30: 2 | F30: =+[4]Resumen!F30*1000 -> 0 | G30: =+[4]Resumen!G30*1000 -> 0 | H30: =+[4]Resumen!H30*1000 -> 0 | I30: =+[4]Resumen!I30*1000 -> 0 | J30: =+[4]Resumen!J30*1000 -> 0 | K30: =+[4]Resumen!K30*1000 -> 0 | L30: =+[4]Resumen!L30*1000 -> 0 | M30: =+[4]Resumen!M30*1000 -> 72955.062 | ... AC30: =+[4]Resumen!AC30*1000 -> 0
C31: Jul | D31: Ordinario | E31: 20 | F31: =+[4]Resumen!F31*1000 -> 0 | G31: =+[4]Resumen!G31*1000 -> 0 | H31: =+[4]Resumen!H31*1000 -> 0 | I31: =+[4]Resumen!I31*1000 -> 0 | J31: =+[4]Resumen!J31*1000 -> 0 | K31: =+[4]Resumen!K31*1000 -> 0 | L31: =+[4]Resumen!L31*1000 -> 0 | M31: =+[4]Resumen!M31*1000 -> 119358.97 | ... AC31: =+[4]Resumen!AC31*1000 -> 0 | AD31: =SUM(F31:AC31)*E31+SUM(F32:AC32)*E32+SUM(F33:AC33)*E33+SUM(F34:AC34)*E34 -> 45057085
D32: Sábado | E32: 4 | F32: =+[4]Resumen!F32*1000 -> 0 | G32: =+[4]Resumen!G32*1000 -> 0 | H32: =+[4]Resumen!H32*1000 -> 0 | I32: =+[4]Resumen!I32*1000 -> 0 | J32: =+[4]Resumen!J32*1000 -> 0 | K32: =+[4]Resumen!K32*1000 -> 0 | L32: =+[4]Resumen!L32*1000 -> 0 | M32: =+[4]Resumen!M32*1000 -> 98926.716 | ... AC32: =+[4]Resumen!AC32*1000 -> 0
D33: Domingo | E33: 5 | F33: =+[4]Resumen!F33*1000 -> 0 | G33: =+[4]Resumen!G33*1000 -> 0 | H33: =+[4]Resumen!H33*1000 -> 0 | I33: =+[4]Resumen!I33*1000 -> 0 | J33: =+[4]Resumen!J33*1000 -> 0 | K33: =+[4]Resumen!K33*1000 -> 0 | L33: =+[4]Resumen!L33*1000 -> 0 | M33: =+[4]Resumen!M33*1000 -> 67826.131 | ... AC33: =+[4]Resumen!AC33*1000 -> 0
D34: Festivo | E34: 2 | F34: =+[4]Resumen!F34*1000 -> 0 | G34: =+[4]Resumen!G34*1000 -> 0 | H34: =+[4]Resumen!H34*1000 -> 0 | I34: =+[4]Resumen!I34*1000 -> 0 | J34: =+[4]Resumen!J34*1000 -> 0 | K34: =+[4]Resumen!K34*1000 -> 0 | L34: =+[4]Resumen!L34*1000 -> 0 | M34: =+[4]Resumen!M34*1000 -> 70539.331 | ... AC34: =+[4]Resumen!AC34*1000 -> 0
C35: Ago | D35: Ordinario | E35: 21 | F35: =+[4]Resumen!F35*1000 -> 0 | G35: =+[4]Resumen!G35*1000 -> 0 | H35: =+[4]Resumen!H35*1000 -> 0 | I35: =+[4]Resumen!I35*1000 -> 0 | J35: =+[4]Resumen!J35*1000 -> 0 | K35: =+[4]Resumen!K35*1000 -> 0 | L35: =+[4]Resumen!L35*1000 -> 0 | M35: =+[4]Resumen!M35*1000 -> 121701.11 | ... AC35: =+[4]Resumen!AC35*1000 -> 0 | AD35: =SUM(F35:AC35)*E35+SUM(F36:AC36)*E36+SUM(F37:AC37)*E37+SUM(F38:AC38)*E38 -> 45711297
D36: Sábado | E36: 4 | F36: =+[4]Resumen!F36*1000 -> 0 | G36: =+[4]Resumen!G36*1000 -> 0 | H36: =+[4]Resumen!H36*1000 -> 0 | I36: =+[4]Resumen!I36*1000 -> 0 | J36: =+[4]Resumen!J36*1000 -> 0 | K36: =+[4]Resumen!K36*1000 -> 0 | L36: =+[4]Resumen!L36*1000 -> 0 | M36: =+[4]Resumen!M36*1000 -> 103093.56 | ... AC36: =+[4]Resumen!AC36*1000 -> 0
D37: Domingo | E37: 4 | F37: =+[4]Resumen!F37*1000 -> 0 | G37: =+[4]Resumen!G37*1000 -> 0 | H37: =+[4]Resumen!H37*1000 -> 0 | I37: =+[4]Resumen!I37*1000 -> 0 | J37: =+[4]Resumen!J37*1000 -> 0 | K37: =+[4]Resumen!K37*1000 -> 0 | L37: =+[4]Resumen!L37*1000 -> 0 | M37: =+[4]Resumen!M37*1000 -> 67117.288 | ... AC37: =+[4]Resumen!AC37*1000 -> 0
D38: Festivo | E38: 2 | F38: =+[4]Resumen!F38*1000 -> 0 | G38: =+[4]Resumen!G38*1000 -> 0 | H38: =+[4]Resumen!H38*1000 -> 0 | I38: =+[4]Resumen!I38*1000 -> 0 | J38: =+[4]Resumen!J38*1000 -> 0 | K38: =+[4]Resumen!K38*1000 -> 0 | L38: =+[4]Resumen!L38*1000 -> 0 | M38: =+[4]Resumen!M38*1000 -> 75698.385 | ... AC38: =+[4]Resumen!AC38*1000 -> 0
C39: Sep | D39: Ordinario | E39: 20 | F39: =+[4]Resumen!F39*1000 -> 0 | G39: =+[4]Resumen!G39*1000 -> 0 | H39: =+[4]Resumen!H39*1000 -> 0 | I39: =+[4]Resumen!I39*1000 -> 0 | J39: =+[4]Resumen!J39*1000 -> 0 | K39: =+[4]Resumen!K39*1000 -> 0 | L39: =+[4]Resumen!L39*1000 -> 0 | M39: =+[4]Resumen!M39*1000 -> 130323.06 | ... AC39: =+[4]Resumen!AC39*1000 -> 0 | AD39: =SUM(F39:AC39)*E39+SUM(F40:AC40)*E40+SUM(F41:AC41)*E41+SUM(F42:AC42)*E42 -> 47254069
D40: Sábado | E40: 5 | F40: =+[4]Resumen!F40*1000 -> 0 | G40: =+[4]Resumen!G40*1000 -> 0 | H40: =+[4]Resumen!H40*1000 -> 0 | I40: =+[4]Resumen!I40*1000 -> 0 | J40: =+[4]Resumen!J40*1000 -> 0 | K40: =+[4]Resumen!K40*1000 -> 0 | L40: =+[4]Resumen!L40*1000 -> 0 | M40: =+[4]Resumen!M40*1000 -> 111890 | ... AC40: =+[4]Resumen!AC40*1000 -> 0
D41: Domingo | E41: 5 | F41: =+[4]Resumen!F41*1000 -> 0 | G41: =+[4]Resumen!G41*1000 -> 0 | H41: =+[4]Resumen!H41*1000 -> 0 | I41: =+[4]Resumen!I41*1000 -> 0 | J41: =+[4]Resumen!J41*1000 -> 0 | K41: =+[4]Resumen!K41*1000 -> 0 | L41: =+[4]Resumen!L41*1000 -> 0 | M41: =+[4]Resumen!M41*1000 -> 72899.226 | ... AC41: =+[4]Resumen!AC41*1000 -> 0
D42: Festivo | E42: 0 | F42: =+[4]Resumen!F42*1000 -> 0 | G42: =+[4]Resumen!G42*1000 -> 0 | H42: =+[4]Resumen!H42*1000 -> 0 | I42: =+[4]Resumen!I42*1000 -> 0 | J42: =+[4]Resumen!J42*1000 -> 0 | K42: =+[4]Resumen!K42*1000 -> 0 | L42: =+[4]Resumen!L42*1000 -> 0 | M42: =+[4]Resumen!M42*1000 -> 0 | ... AC42: =+[4]Resumen!AC42*1000 -> 0
C43: Oct | D43: Ordinario | E43: 22 | F43: =+[4]Resumen!F43*1000 -> 0 | G43: =+[4]Resumen!G43*1000 -> 0 | H43: =+[4]Resumen!H43*1000 -> 0 | I43: =+[4]Resumen!I43*1000 -> 0 | J43: =+[4]Resumen!J43*1000 -> 0 | K43: =+[4]Resumen!K43*1000 -> 0 | L43: =+[4]Resumen!L43*1000 -> 0 | M43: =+[4]Resumen!M43*1000 -> 120834.87 | ... AC43: =+[4]Resumen!AC43*1000 -> 0 | AD43: =SUM(F43:AC43)*E43+SUM(F44:AC44)*E44+SUM(F45:AC45)*E45+SUM(F46:AC46)*E46 -> 46375464
D44: Sábado | E44: 4 | F44: =+[4]Resumen!F44*1000 -> 0 | G44: =+[4]Resumen!G44*1000 -> 0 | H44: =+[4]Resumen!H44*1000 -> 0 | I44: =+[4]Resumen!I44*1000 -> 0 | J44: =+[4]Resumen!J44*1000 -> 0 | K44: =+[4]Resumen!K44*1000 -> 0 | L44: =+[4]Resumen!L44*1000 -> 0 | M44: =+[4]Resumen!M44*1000 -> 104256.73 | ... AC44: =+[4]Resumen!AC44*1000 -> 0
D45: Domingo | E45: 4 | F45: =+[4]Resumen!F45*1000 -> 0 | G45: =+[4]Resumen!G45*1000 -> 0 | H45: =+[4]Resumen!H45*1000 -> 0 | I45: =+[4]Resumen!I45*1000 -> 0 | J45: =+[4]Resumen!J45*1000 -> 0 | K45: =+[4]Resumen!K45*1000 -> 0 | L45: =+[4]Resumen!L45*1000 -> 0 | M45: =+[4]Resumen!M45*1000 -> 72388.54 | ... AC45: =+[4]Resumen!AC45*1000 -> 0
D46: Festivo | E46: 1 | F46: =+[4]Resumen!F46*1000 -> 0 | G46: =+[4]Resumen!G46*1000 -> 0 | H46: =+[4]Resumen!H46*1000 -> 0 | I46: =+[4]Resumen!I46*1000 -> 0 | J46: =+[4]Resumen!J46*1000 -> 0 | K46: =+[4]Resumen!K46*1000 -> 0 | L46: =+[4]Resumen!L46*1000 -> 0 | M46: =+[4]Resumen!M46*1000 -> 70196.784 | ... AC46: =+[4]Resumen!AC46*1000 -> 0
C47: Nov | D47: Ordinario | E47: 20 | F47: =+[4]Resumen!F47*1000 -> 0 | G47: =+[4]Resumen!G47*1000 -> 0 | H47: =+[4]Resumen!H47*1000 -> 0 | I47: =+[4]Resumen!I47*1000 -> 0 | J47: =+[4]Resumen!J47*1000 -> 0 | K47: =+[4]Resumen!K47*1000 -> 0 | L47: =+[4]Resumen!L47*1000 -> 0 | M47: =+[4]Resumen!M47*1000 -> 133648.73 | ... AC47: =+[4]Resumen!AC47*1000 -> 0 | AD47: =SUM(F47:AC47)*E47+SUM(F48:AC48)*E48+SUM(F49:AC49)*E49+SUM(F50:AC50)*E50 -> 47638786
D48: Sábado | E48: 4 | F48: =+[4]Resumen!F48*1000 -> 0 | G48: =+[4]Resumen!G48*1000 -> 0 | H48: =+[4]Resumen!H48*1000 -> 0 | I48: =+[4]Resumen!I48*1000 -> 0 | J48: =+[4]Resumen!J48*1000 -> 0 | K48: =+[4]Resumen!K48*1000 -> 0 | L48: =+[4]Resumen!L48*1000 -> 0 | M48: =+[4]Resumen!M48*1000 -> 114742.65 | ... AC48: =+[4]Resumen!AC48*1000 -> 0
D49: Domingo | E49: 4 | F49: =+[4]Resumen!F49*1000 -> 0 | G49: =+[4]Resumen!G49*1000 -> 0 | H49: =+[4]Resumen!H49*1000 -> 0 | I49: =+[4]Resumen!I49*1000 -> 0 | J49: =+[4]Resumen!J49*1000 -> 0 | K49: =+[4]Resumen!K49*1000 -> 0 | L49: =+[4]Resumen!L49*1000 -> 0 | M49: =+[4]Resumen!M49*1000 -> 76597.694 | ... AC49: =+[4]Resumen!AC49*1000 -> 0
D50: Festivo | E50: 2 | F50: =+[4]Resumen!F50*1000 -> 0 | G50: =+[4]Resumen!G50*1000 -> 0 | H50: =+[4]Resumen!H50*1000 -> 0 | I50: =+[4]Resumen!I50*1000 -> 0 | J50: =+[4]Resumen!J50*1000 -> 0 | K50: =+[4]Resumen!K50*1000 -> 0 | L50: =+[4]Resumen!L50*1000 -> 0 | M50: =+[4]Resumen!M50*1000 -> 72485.972 | ... AC50: =+[4]Resumen!AC50*1000 -> 0
C51: Dic | D51: Ordinario | E51: 20 | F51: =+[4]Resumen!F51*1000 -> 0 | G51: =+[4]Resumen!G51*1000 -> 0 | H51: =+[4]Resumen!H51*1000 -> 0 | I51: =+[4]Resumen!I51*1000 -> 0 | J51: =+[4]Resumen!J51*1000 -> 0 | K51: =+[4]Resumen!K51*1000 -> 0 | L51: =+[4]Resumen!L51*1000 -> 0 | M51: =+[4]Resumen!M51*1000 -> 117028.08 | ... AC51: =+[4]Resumen!AC51*1000 -> 0 | AD51: =SUM(F51:AC51)*E51+SUM(F52:AC52)*E52+SUM(F53:AC53)*E53+SUM(F54:AC54)*E54 -> 45095102
D52: Sábado | E52: 4 | F52: =+[4]Resumen!F52*1000 -> 0 | G52: =+[4]Resumen!G52*1000 -> 0 | H52: =+[4]Resumen!H52*1000 -> 0 | I52: =+[4]Resumen!I52*1000 -> 0 | J52: =+[4]Resumen!J52*1000 -> 0 | K52: =+[4]Resumen!K52*1000 -> 0 | L52: =+[4]Resumen!L52*1000 -> 0 | M52: =+[4]Resumen!M52*1000 -> 104626.16 | ... AC52: =+[4]Resumen!AC52*1000 -> 0
D53: Domingo | E53: 5 | F53: =+[4]Resumen!F53*1000 -> 0 | G53: =+[4]Resumen!G53*1000 -> 0 | H53: =+[4]Resumen!H53*1000 -> 0 | I53: =+[4]Resumen!I53*1000 -> 0 | J53: =+[4]Resumen!J53*1000 -> 0 | K53: =+[4]Resumen!K53*1000 -> 0 | L53: =+[4]Resumen!L53*1000 -> 0 | M53: =+[4]Resumen!M53*1000 -> 70657.001 | ... AC53: =+[4]Resumen!AC53*1000 -> 0
D54: Festivo | E54: 2 | F54: =+[4]Resumen!F54*1000 -> 0 | G54: =+[4]Resumen!G54*1000 -> 0 | H54: =+[4]Resumen!H54*1000 -> 0 | I54: =+[4]Resumen!I54*1000 -> 0 | J54: =+[4]Resumen!J54*1000 -> 0 | K54: =+[4]Resumen!K54*1000 -> 0 | L54: =+[4]Resumen!L54*1000 -> 0 | M54: =+[4]Resumen!M54*1000 -> 55886.269 | ... AC54: =+[4]Resumen!AC54*1000 -> 0
Z55: TOTAL AÑO kWh | AD55: =SUM(AD7:AD54) -> 5.4906678e+08

Sheet Cantidades 2030
C2: CANTIDADES DE ENERGÍA SOLICITADAS (kWh)
C3: EMPRESAS PÚBLICAS DE MEDELLÍN E.S.P.
C4: 2030
C6: Mes | D6: Tipo Día | E6: Días | F6: H1 | G6: H2 | H6: H3 | I6: H4 | J6: H5 | K6: H6 | L6: H7 | M6: H8 | N6: H9 | O6: H10 | P6: H11 | Q6: H12 | R6: H13 | S6: H14 | T6: H15 | U6: H16 | V6: H17 | W6: H18 | X6: H19 | Y6: H20 | Z6: H21 | AA6: H22 | AB6: H23 | AC6: H24 | AD6: TOTAL MES
C7: Ene | D7: Ordinario | E7: 21 | F7: =+[5]Resumen!F7*1000 -> 0 | G7: =+[5]Resumen!G7*1000 -> 0 | H7: =+[5]Resumen!H7*1000 -> 0 | I7: =+[5]Resumen!I7*1000 -> 0 | J7: =+[5]Resumen!J7*1000 -> 0 | K7: =+[5]Resumen!K7*1000 -> 0 | L7: =+[5]Resumen!L7*1000 -> 0 | M7: =+[5]Resumen!M7*1000 -> 126588.7 | ... AC7: =+[5]Resumen!AC7*1000 -> 0 | AD7: =SUM(F7:AC7)*E7+SUM(F8:AC8)*E8+SUM(F9:AC9)*E9+SUM(F10:AC10)*E10 -> 46682113
D8: Sábado | E8: 4 | F8: =+[5]Resumen!F8*1000 -> 0 | G8: =+[5]Resumen!G8*1000 -> 0 | H8: =+[5]Resumen!H8*1000 -> 0 | I8: =+[5]Resumen!I8*1000 -> 0 | J8: =+[5]Resumen!J8*1000 -> 0 | K8: =+[5]Resumen!K8*1000 -> 0 | L8: =+[5]Resumen!L8*1000 -> 0 | M8: =+[5]Resumen!M8*1000 -> 110762.83 | ... AC8: =+[5]Resumen!AC8*1000 -> 0
D9: Domingo | E9: 4 | F9: =+[5]Resumen!F9*1000 -> 0 | G9: =+[5]Resumen!G9*1000 -> 0 | H9: =+[5]Resumen!H9*1000 -> 0 | I9: =+[5]Resumen!I9*1000 -> 0 | J9: =+[5]Resumen!J9*1000 -> 0 | K9: =+[5]Resumen!K9*1000 -> 0 | L9: =+[5]Resumen!L9*1000 -> 0 | M9: =+[5]Resumen!M9*1000 -> 85315.622 | ... AC9: =+[5]Resumen!AC9*1000 -> 0
D10: Festivo | E10: 2 | F10: =+[5]Resumen!F10*1000 -> 0 | G10: =+[5]Resumen!G10*1000 -> 0 | H10: =+[5]Resumen!H10*1000 -> 0 | I10: =+[5]Resumen!I10*1000 -> 0 | J10: =+[5]Resumen!J10*1000 -> 0 | K10: =+[5]Resumen!K10*1000 -> 0 | L10: =+[5]Resumen!L10*1000 -> 0 | M10: =+[5]Resumen!M10*1000 -> 72073.408 | ... AC10: =+[5]Resumen!AC10*1000 -> 0
C11: Feb | D11: Ordinario | E11: 20 | F11: =+[5]Resumen!F11*1000 -> 0 | G11: =+[5]Resumen!G11*1000 -> 0 | H11: =+[5]Resumen!H11*1000 -> 0 | I11: =+[5]Resumen!I11*1000 -> 0 | J11: =+[5]Resumen!J11*1000 -> 0 | K11: =+[5]Resumen!K11*1000 -> 0 | L11: =+[5]Resumen!L11*1000 -> 0 | M11: =+[5]Resumen!M11*1000 -> 150231.11 | ... AC11: =+[5]Resumen!AC11*1000 -> 0 | AD11: =SUM(F11:AC11)*E11+SUM(F12:AC12)*E12+SUM(F13:AC13)*E13+SUM(F14:AC14)*E14 -> 48679337
D12: Sábado | E12: 4 | F12: =+[5]Resumen!F12*1000 -> 0 | G12: =+[5]Resumen!G12*1000 -> 0 | H12: =+[5]Resumen!H12*1000 -> 0 | I12: =+[5]Resumen!I12*1000 -> 0 | J12: =+[5]Resumen!J12*1000 -> 0 | K12: =+[5]Resumen!K12*1000 -> 0 | L12: =+[5]Resumen!L12*1000 -> 0 | M12: =+[5]Resumen!M12*1000 -> 135125.26 | ... AC12: =+[5]Resumen!AC12*1000 -> 0
D13: Domingo | E13: 4 | F13: =+[5]Resumen!F13*1000 -> 0 | G13: =+[5]Resumen!G13*1000 -> 0 | H13: =+[5]Resumen!H13*1000 -> 0 | I13: =+[5]Resumen!I13*1000 -> 0 | J13: =+[5]Resumen!J13*1000 -> 0 | K13: =+[5]Resumen!K13*1000 -> 0 | L13: =+[5]Resumen!L13*1000 -> 0 | M13: =+[5]Resumen!M13*1000 -> 102322.51 | ... AC13: =+[5]Resumen!AC13*1000 -> 0
D14: Festivo | E14: 0 | F14: =+[5]Resumen!F14*1000 -> 0 | G14: =+[5]Resumen!G14*1000 -> 0 | H14: =+[5]Resumen!H14*1000 -> 0 | I14: =+[5]Resumen!I14*1000 -> 0 | J14: =+[5]Resumen!J14*1000 -> 0 | K14: =+[5]Resumen!K14*1000 -> 0 | L14: =+[5]Resumen!L14*1000 -> 0 | M14: =+[5]Resumen!M14*1000 -> 0 | ... AC14: =+[5]Resumen!AC14*1000 -> 0
C15: Mar | D15: Ordinario | E15: 20 | F15: =+[5]Resumen!F15*1000 -> 0 | G15: =+[5]Resumen!G15*1000 -> 0 | H15: =+[5]Resumen!H15*1000 -> 0 | I15: =+[5]Resumen!I15*1000 -> 0 | J15: =+[5]Resumen!J15*1000 -> 0 | K15: =+[5]Resumen!K15*1000 -> 0 | L15: =+[5]Resumen!L15*1000 -> 0 | M15: =+[5]Resumen!M15*1000 -> 132614.74 | ... AC15: =+[5]Resumen!AC15*1000 -> 0 | AD15: =SUM(F15:AC15)*E15+SUM(F16:AC16)*E16+SUM(F17:AC17)*E17+SUM(F18:AC18)*E18 -> 47143261
D16: Sábado | E16: 5 | F16: =+[5]Resumen!F16*1000 -> 0 | G16: =+[5]Resumen!G16*1000 -> 0 | H16: =+[5]Resumen!H16*1000 -> 0 | I16: =+[5]Resumen!I16*1000 -> 0 | J16: =+[5]Resumen!J16*1000 -> 0 | K16: =+[5]Resumen!K16*1000 -> 0 | L16: =+[5]Resumen!L16*1000 -> 0 | M16: =+[5]Resumen!M16*1000 -> 119051.13 | ... AC16: =+[5]Resumen!AC16*1000 -> 0
D17: Domingo | E17: 5 | F17: =+[5]Resumen!F17*1000 -> 0 | G17: =+[5]Resumen!G17*1000 -> 0 | H17: =+[5]Resumen!H17*1000 -> 0 | I17: =+[5]Resumen!I17*1000 -> 0 | J17: =+[5]Resumen!J17*1000 -> 0 | K17: =+[5]Resumen!K17*1000 -> 0 | L17: =+[5]Resumen!L17*1000 -> 0 | M17: =+[5]Resumen!M17*1000 -> 88012.063 | ... AC17: =+[5]Resumen!AC17*1000 -> 0
D18: Festivo | E18: 1 | F18: =+[5]Resumen!F18*1000 -> 0 | G18: =+[5]Resumen!G18*1000 -> 0 | H18: =+[5]Resumen!H18*1000 -> 0 | I18: =+[5]Resumen!I18*1000 -> 0 | J18: =+[5]Resumen!J18*1000 -> 0 | K18: =+[5]Resumen!K18*1000 -> 0 | L18: =+[5]Resumen!L18*1000 -> 0 | M18: =+[5]Resumen!M18*1000 -> 94081.024 | ... AC18: =+[5]Resumen!AC18*1000 -> 0
C19: Abr | D19: Ordinario | E19: 20 | F19: =+[5]Resumen!F19*1000 -> 0 | G19: =+[5]Resumen!G19*1000 -> 0 | H19: =+[5]Resumen!H19*1000 -> 0 | I19: =+[5]Resumen!I19*1000 -> 0 | J19: =+[5]Resumen!J19*1000 -> 0 | K19: =+[5]Resumen!K19*1000 -> 0 | L19: =+[5]Resumen!L19*1000 -> 0 | M19: =+[5]Resumen!M19*1000 -> 136901.36 | ... AC19: =+[5]Resumen!AC19*1000 -> 0 | AD19: =SUM(F19:AC19)*E19+SUM(F20:AC20)*E20+SUM(F21:AC21)*E21+SUM(F22:AC22)*E22 -> 47295252
D20: Sábado | E20: 4 | F20: =+[5]Resumen!F20*1000 -> 0 | G20: =+[5]Resumen!G20*1000 -> 0 | H20: =+[5]Resumen!H20*1000 -> 0 | I20: =+[5]Resumen!I20*1000 -> 0 | J20: =+[5]Resumen!J20*1000 -> 0 | K20: =+[5]Resumen!K20*1000 -> 0 | L20: =+[5]Resumen!L20*1000 -> 0 | M20: =+[5]Resumen!M20*1000 -> 116960.82 | ... AC20: =+[5]Resumen!AC20*1000 -> 0
D21: Domingo | E21: 4 | F21: =+[5]Resumen!F21*1000 -> 0 | G21: =+[5]Resumen!G21*1000 -> 0 | H21: =+[5]Resumen!H21*1000 -> 0 | I21: =+[5]Resumen!I21*1000 -> 0 | J21: =+[5]Resumen!J21*1000 -> 0 | K21: =+[5]Resumen!K21*1000 -> 0 | L21: =+[5]Resumen!L21*1000 -> 0 | M21: =+[5]Resumen!M21*1000 -> 94564.791 | ... AC21: =+[5]Resumen!AC21*1000 -> 0
D22: Festivo | E22: 2 | F22: =+[5]Resumen!F22*1000 -> 0 | G22: =+[5]Resumen!G22*1000 -> 0 | H22: =+[5]Resumen!H22*1000 -> 0 | I22: =+[5]Resumen!I22*1000 -> 0 | J22: =+[5]Resumen!J22*1000 -> 0 | K22: =+[5]Resumen!K22*1000 -> 0 | L22: =+[5]Resumen!L22*1000 -> 0 | M22: =+[5]Resumen!M22*1000 -> 95819.879 | ... AC22: =+[5]Resumen!AC22*1000 -> 0
C23: May | D23: Ordinario | E23: 22 | F23: =+[5]Resumen!F23*1000 -> 0 | G23: =+[5]Resumen!G23*1000 -> 0 | H23: =+[5]Resumen!H23*1000 -> 0 | I23: =+[5]Resumen!I23*1000 -> 0 | J23: =+[5]Resumen!J23*1000 -> 0 | K23: =+[5]Resumen!K23*1000 -> 0 | L23: =+[5]Resumen!L23*1000 -> 0 | M23: =+[5]Resumen!M23*1000 -> 124124.95 | ... AC23: =+[5]Resumen!AC23*1000 -> 0 | AD23: =SUM(F23:AC23)*E23+SUM(F24:AC24)*E24+SUM(F25:AC25)*E25+SUM(F26:AC26)*E26 -> 44939646
D24: Sábado | E24: 4 | F24: =+[5]Resumen!F24*1000 -> 0 | G24: =+[5]Resumen!G24*1000 -> 0 | H24: =+[5]Resumen!H24*1000 -> 0 | I24: =+[5]Resumen!I24*1000 -> 0 | J24: =+[5]Resumen!J24*1000 -> 0 | K24: =+[5]Resumen!K24*1000 -> 0 | L24: =+[5]Resumen!L24*1000 -> 0 | M24: =+[5]Resumen!M24*1000 -> 108250.09 | ... AC24: =+[5]Resumen!AC24*1000 -> 0
D25: Domingo | E25: 4 | F25: =+[5]Resumen!F25*1000 -> 0 | G25: =+[5]Resumen!G25*1000 -> 0 | H25: =+[5]Resumen!H25*1000 -> 0 | I25: =+[5]Resumen!I25*1000 -> 0 | J25: =+[5]Resumen!J25*1000 -> 0 | K25: =+[5]Resumen!K25*1000 -> 0 | L25: =+[5]Resumen!L25*1000 -> 0 | M25: =+[5]Resumen!M25*1000 -> 78549.768 | ... AC25: =+[5]Resumen!AC25*1000 -> 0
D26: Festivo | E26: 1 | F26: =+[5]Resumen!F26*1000 -> 0 | G26: =+[5]Resumen!G26*1000 -> 0 | H26: =+[5]Resumen!H26*1000 -> 0 | I26: =+[5]Resumen!I26*1000 -> 0 | J26: =+[5]Resumen!J26*1000 -> 0 | K26: =+[5]Resumen!K26*1000 -> 0 | L26: =+[5]Resumen!L26*1000 -> 0 | M26: =+[5]Resumen!M26*1000 -> 86443.153 | ... AC26: =+[5]Resumen!AC26*1000 -> 0
C27: Jun | D27: Ordinario | E27: 18 | F27: =+[5]Resumen!F27*1000 -> 0 | G27: =+[5]Resumen!G27*1000 -> 0 | H27: =+[5]Resumen!H27*1000 -> 0 | I27: =+[5]Resumen!I27*1000 -> 0 | J27: =+[5]Resumen!J27*1000 -> 0 | K27: =+[5]Resumen!K27*1000 -> 0 | L27: =+[5]Resumen!L27*1000 -> 0 | M27: =+[5]Resumen!M27*1000 -> 132048.02 | ... AC27: =+[5]Resumen!AC27*1000 -> 0 | AD27: =SUM(F27:AC27)*E27+SUM(F28:AC28)*E28+SUM(F29:AC29)*E29+SUM(F30:AC30)*E30 -> 45875751
D28: Sábado | E28: 5 | F28: =+[5]Resumen!F28*1000 -> 0 | G28: =+[5]Resumen!G28*1000 -> 0 | H28: =+[5]Resumen!H28*1000 -> 0 | I28: =+[5]Resumen!I28*1000 -> 0 | J28: =+[5]Resumen!J28*1000 -> 0 | K28: =+[5]Resumen!K28*1000 -> 0 | L28: =+[5]Resumen!L28*1000 -> 0 | M28: =+[5]Resumen!M28*1000 -> 116515.8 | ... AC28: =+[5]Resumen!AC28*1000 -> 0
D29: Domingo | E29: 5 | F29: =+[5]Resumen!F29*1000 -> 0 | G29: =+[5]Resumen!G29*1000 -> 0 | H29: =+[5]Resumen!H29*1000 -> 0 | I29: =+[5]Resumen!I29*1000 -> 0 | J29: =+[5]Resumen!J29*1000 -> 0 | K29: =+[5]Resumen!K29*1000 -> 0 | L29: =+[5]Resumen!L29*1000 -> 0 | M29: =+[5]Resumen!M29*1000 -> 87769.205 | ... AC29: =+[5]Resumen!AC29*1000 -> 0
D30: Festivo | E30: 2 | F30: =+[5]Resumen!F30*1000 -> 0 | G30: =+[5]Resumen!G30*1000 -> 0 | H30: =+[5]Resumen!H30*1000 -> 0 | I30: =+[5]Resumen!I30*1000 -> 0 | J30: =+[5]Resumen!J30*1000 -> 0 | K30: =+[5]Resumen!K30*1000 -> 0 | L30: =+[5]Resumen!L30*1000 -> 0 | M30: =+[5]Resumen!M30*1000 -> 85918.094 | ... AC30: =+[5]Resumen!AC30*1000 -> 0
C31: Jul | D31: Ordinario | E31: 22 | F31: =+[5]Resumen!F31*1000 -> 0 | G31: =+[5]Resumen!G31*1000 -> 0 | H31: =+[5]Resumen!H31*1000 -> 0 | I31: =+[5]Resumen!I31*1000 -> 0 | J31: =+[5]Resumen!J31*1000 -> 0 | K31: =+[5]Resumen!K31*1000 -> 0 | L31: =+[5]Resumen!L31*1000 -> 0 | M31: =+[5]Resumen!M31*1000 -> 127080.8 | ... AC31: =+[5]Resumen!AC31*1000 -> 0 | AD31: =SUM(F31:AC31)*E31+SUM(F32:AC32)*E32+SUM(F33:AC33)*E33+SUM(F34:AC34)*E34 -> 46753659
D32: Sábado | E32: 3 | F32: =+[5]Resumen!F32*1000 -> 0 | G32: =+[5]Resumen!G32*1000 -> 0 | H32: =+[5]Resumen!H32*1000 -> 0 | I32: =+[5]Resumen!I32*1000 -> 0 | J32: =+[5]Resumen!J32*1000 -> 0 | K32: =+[5]Resumen!K32*1000 -> 0 | L32: =+[5]Resumen!L32*1000 -> 0 | M32: =+[5]Resumen!M32*1000 -> 110180.77 | ... AC32: =+[5]Resumen!AC32*1000 -> 0
D33: Domingo | E33: 4 | F33: =+[5]Resumen!F33*1000 -> 0 | G33: =+[5]Resumen!G33*1000 -> 0 | H33: =+[5]Resumen!H33*1000 -> 0 | I33: =+[5]Resumen!I33*1000 -> 0 | J33: =+[5]Resumen!J33*1000 -> 0 | K33: =+[5]Resumen!K33*1000 -> 0 | L33: =+[5]Resumen!L33*1000 -> 0 | M33: =+[5]Resumen!M33*1000 -> 83613.937 | ... AC33: =+[5]Resumen!AC33*1000 -> 0
D34: Festivo | E34: 2 | F34: =+[5]Resumen!F34*1000 -> 0 | G34: =+[5]Resumen!G34*1000 -> 0 | H34: =+[5]Resumen!H34*1000 -> 0 | I34: =+[5]Resumen!I34*1000 -> 0 | J34: =+[5]Resumen!J34*1000 -> 0 | K34: =+[5]Resumen!K34*1000 -> 0 | L34: =+[5]Resumen!L34*1000 -> 0 | M34: =+[5]Resumen!M34*1000 -> 86142.084 | ... AC34: =+[5]Resumen!AC34*1000 -> 0
C35: Ago | D35: Ordinario | E35: 20 | F35: =+[5]Resumen!F35*1000 -> 0 | G35: =+[5]Resumen!G35*1000 -> 0 | H35: =+[5]Resumen!H35*1000 -> 0 | I35: =+[5]Resumen!I35*1000 -> 0 | J35: =+[5]Resumen!J35*1000 -> 0 | K35: =+[5]Resumen!K35*1000 -> 0 | L35: =+[5]Resumen!L35*1000 -> 0 | M35: =+[5]Resumen!M35*1000 -> 130304.42 | ... AC35: =+[5]Resumen!AC35*1000 -> 0 | AD35: =SUM(F35:AC35)*E35+SUM(F36:AC36)*E36+SUM(F37:AC37)*E37+SUM(F38:AC38)*E38 -> 47047002
D36: Sábado | E36: 5 | F36: =+[5]Resumen!F36*1000 -> 0 | G36: =+[5]Resumen!G36*1000 -> 0 | H36: =+[5]Resumen!H36*1000 -> 0 | I36: =+[5]Resumen!I36*1000 -> 0 | J36: =+[5]Resumen!J36*1000 -> 0 | K36: =+[5]Resumen!K36*1000 -> 0 | L36: =+[5]Resumen!L36*1000 -> 0 | M36: =+[5]Resumen!M36*1000 -> 114876.27 | ... AC36: =+[5]Resumen!AC36*1000 -> 0
D37: Domingo | E37: 4 | F37: =+[5]Resumen!F37*1000 -> 0 | G37: =+[5]Resumen!G37*1000 -> 0 | H37: =+[5]Resumen!H37*1000 -> 0 | I37: =+[5]Resumen!I37*1000 -> 0 | J37: =+[5]Resumen!J37*1000 -> 0 | K37: =+[5]Resumen!K37*1000 -> 0 | L37: =+[5]Resumen!L37*1000 -> 0 | M37: =+[5]Resumen!M37*1000 -> 84217.114 | ... AC37: =+[5]Resumen!AC37*1000 -> 0
D38: Festivo | E38: 2 | F38: =+[5]Resumen!F38*1000 -> 0 | G38: =+[5]Resumen!G38*1000 -> 0 | H38: =+[5]Resumen!H38*1000 -> 0 | I38: =+[5]Resumen!I38*1000 -> 0 | J38: =+[5]Resumen!J38*1000 -> 0 | K38: =+[5]Resumen!K38*1000 -> 0 | L38: =+[5]Resumen!L38*1000 -> 0 | M38: =+[5]Resumen!M38*1000 -> 90727.078 | ... AC38: =+[5]Resumen!AC38*1000 -> 0
C39: Sep | D39: Ordinario | E39: 21 | F39: =+[5]Resumen!F39*1000 -> 0 | G39: =+[5]Resumen!G39*1000 -> 0 | H39: =+[5]Resumen!H39*1000 -> 0 | I39: =+[5]Resumen!I39*1000 -> 0 | J39: =+[5]Resumen!J39*1000 -> 0 | K39: =+[5]Resumen!K39*1000 -> 0 | L39: =+[5]Resumen!L39*1000 -> 0 | M39: =+[5]Resumen!M39*1000 -> 130044.18 | ... AC39: =+[5]Resumen!AC39*1000 -> 0 | AD39: =SUM(F39:AC39)*E39+SUM(F40:AC40)*E40+SUM(F41:AC41)*E41+SUM(F42:AC42)*E42 -> 46078830
D40: Sábado | E40: 4 | F40: =+[5]Resumen!F40*1000 -> 0 | G40: =+[5]Resumen!G40*1000 -> 0 | H40: =+[5]Resumen!H40*1000 -> 0 | I40: =+[5]Resumen!I40*1000 -> 0 | J40: =+[5]Resumen!J40*1000 -> 0 | K40: =+[5]Resumen!K40*1000 -> 0 | L40: =+[5]Resumen!L40*1000 -> 0 | M40: =+[5]Resumen!M40*1000 -> 114671.57 | ... AC40: =+[5]Resumen!AC40*1000 -> 0
D41: Domingo | E41: 5 | F41: =+[5]Resumen!F41*1000 -> 0 | G41: =+[5]Resumen!G41*1000 -> 0 | H41: =+[5]Resumen!H41*1000 -> 0 | I41: =+[5]Resumen!I41*1000 -> 0 | J41: =+[5]Resumen!J41*1000 -> 0 | K41: =+[5]Resumen!K41*1000 -> 0 | L41: =+[5]Resumen!L41*1000 -> 0 | M41: =+[5]Resumen!M41*1000 -> 81585.162 | ... AC41: =+[5]Resumen!AC41*1000 -> 0
D42: Festivo | E42: 0 | F42: =+[5]Resumen!F42*1000 -> 0 | G42: =+[5]Resumen!G42*1000 -> 0 | H42: =+[5]Resumen!H42*1000 -> 0 | I42: =+[5]Resumen!I42*1000 -> 0 | J42: =+[5]Resumen!J42*1000 -> 0 | K42: =+[5]Resumen!K42*1000 -> 0 | L42: =+[5]Resumen!L42*1000 -> 0 | M42: =+[5]Resumen!M42*1000 -> 0 | ... AC42: =+[5]Resumen!AC42*1000 -> 0
C43: Oct | D43: Ordinario | E43: 22 | F43: =+[5]Resumen!F43*1000 -> 0 | G43: =+[5]Resumen!G43*1000 -> 0 | H43: =+[5]Resumen!H43*1000 -> 0 | I43: =+[5]Resumen!I43*1000 -> 0 | J43: =+[5]Resumen!J43*1000 -> 0 | K43: =+[5]Resumen!K43*1000 -> 0 | L43: =+[5]Resumen!L43*1000 -> 0 | M43: =+[5]Resumen!M43*1000 -> 122928.32 | ... AC43: =+[5]Resumen!AC43*1000 -> 0 | AD43: =SUM(F43:AC43)*E43+SUM(F44:AC44)*E44+SUM(F45:AC45)*E45+SUM(F46:AC46)*E46 -> 45631071
D44: Sábado | E44: 4 | F44: =+[5]Resumen!F44*1000 -> 0 | G44: =+[5]Resumen!G44*1000 -> 0 | H44: =+[5]Resumen!H44*1000 -> 0 | I44: =+[5]Resumen!I44*1000 -> 0 | J44: =+[5]Resumen!J44*1000 -> 0 | K44: =+[5]Resumen!K44*1000 -> 0 | L44: =+[5]Resumen!L44*1000 -> 0 | M44: =+[5]Resumen!M44*1000 -> 108817.88 | ... AC44: =+[5]Resumen!AC44*1000 -> 0
D45: Domingo | E45: 4 | F45: =+[5]Resumen!F45*1000 -> 0 | G45: =+[5]Resumen!G45*1000 -> 0 | H45: =+[5]Resumen!H45*1000 -> 0 | I45: =+[5]Resumen!I45*1000 -> 0 | J45: =+[5]Resumen!J45*1000 -> 0 | K45: =+[5]Resumen!K45*1000 -> 0 | L45: =+[5]Resumen!L45*1000 -> 0 | M45: =+[5]Resumen!M45*1000 -> 81495.455 | ... AC45: =+[5]Resumen!AC45*1000 -> 0
D46: Festivo | E46: 1 | F46: =+[5]Resumen!F46*1000 -> 0 | G46: =+[5]Resumen!G46*1000 -> 0 | H46: =+[5]Resumen!H46*1000 -> 0 | I46: =+[5]Resumen!I46*1000 -> 0 | J46: =+[5]Resumen!J46*1000 -> 0 | K46: =+[5]Resumen!K46*1000 -> 0 | L46: =+[5]Resumen!L46*1000 -> 0 | M46: =+[5]Resumen!M46*1000 -> 79800.916 | ... AC46: =+[5]Resumen!AC46*1000 -> 0
C47: Nov | D47: Ordinario | E47: 19 | F47: =+[5]Resumen!F47*1000 -> 0 | G47: =+[5]Resumen!G47*1000 -> 0 | H47: =+[5]Resumen!H47*1000 -> 0 | I47: =+[5]Resumen!I47*1000 -> 0 | J47: =+[5]Resumen!J47*1000 -> 0 | K47: =+[5]Resumen!K47*1000 -> 0 | L47: =+[5]Resumen!L47*1000 -> 0 | M47: =+[5]Resumen!M47*1000 -> 133293 | ... AC47: =+[5]Resumen!AC47*1000 -> 0 | AD47: =SUM(F47:AC47)*E47+SUM(F48:AC48)*E48+SUM(F49:AC49)*E49+SUM(F50:AC50)*E50 -> 46276750
D48: Sábado | E48: 5 | F48: =+[5]Resumen!F48*1000 -> 0 | G48: =+[5]Resumen!G48*1000 -> 0 | H48: =+[5]Resumen!H48*1000 -> 0 | I48: =+[5]Resumen!I48*1000 -> 0 | J48: =+[5]Resumen!J48*1000 -> 0 | K48: =+[5]Resumen!K48*1000 -> 0 | L48: =+[5]Resumen!L48*1000 -> 0 | M48: =+[5]Resumen!M48*1000 -> 117463.03 | ... AC48: =+[5]Resumen!AC48*1000 -> 0
D49: Domingo | E49: 4 | F49: =+[5]Resumen!F49*1000 -> 0 | G49: =+[5]Resumen!G49*1000 -> 0 | H49: =+[5]Resumen!H49*1000 -> 0 | I49: =+[5]Resumen!I49*1000 -> 0 | J49: =+[5]Resumen!J49*1000 -> 0 | K49: =+[5]Resumen!K49*1000 -> 0 | L49: =+[5]Resumen!L49*1000 -> 0 | M49: =+[5]Resumen!M49*1000 -> 85218.912 | ... AC49: =+[5]Resumen!AC49*1000 -> 0
D50: Festivo | E50: 2 | F50: =+[5]Resumen!F50*1000 -> 0 | G50: =+[5]Resumen!G50*1000 -> 0 | H50: =+[5]Resumen!H50*1000 -> 0 | I50: =+[5]Resumen!I50*1000 -> 0 | J50: =+[5]Resumen!J50*1000 -> 0 | K50: =+[5]Resumen!K50*1000 -> 0 | L50: =+[5]Resumen!L50*1000 -> 0 | M50: =+[5]Resumen!M50*1000 -> 82012.235 | ... AC50: =+[5]Resumen!AC50*1000 -> 0
C51: Dic | D51: Ordinario | E51: 21 | F51: =+[5]Resumen!F51*1000 -> 0 | G51: =+[5]Resumen!G51*1000 -> 0 | H51: =+[5]Resumen!H51*1000 -> 0 | I51: =+[5]Resumen!I51*1000 -> 0 | J51: =+[5]Resumen!J51*1000 -> 0 | K51: =+[5]Resumen!K51*1000 -> 0 | L51: =+[5]Resumen!L51*1000 -> 0 | M51: =+[5]Resumen!M51*1000 -> 128566.73 | ... AC51: =+[5]Resumen!AC51*1000 -> 0 | AD51: =SUM(F51:AC51)*E51+SUM(F52:AC52)*E52+SUM(F53:AC53)*E53+SUM(F54:AC54)*E54 -> 47740319
D52: Sábado | E52: 4 | F52: =+[5]Resumen!F52*1000 -> 0 | G52: =+[5]Resumen!G52*1000 -> 0 | H52: =+[5]Resumen!H52*1000 -> 0 | I52: =+[5]Resumen!I52*1000 -> 0 | J52: =+[5]Resumen!J52*1000 -> 0 | K52: =+[5]Resumen!K52*1000 -> 0 | L52: =+[5]Resumen!L52*1000 -> 0 | M52: =+[5]Resumen!M52*1000 -> 117871.79 | ... AC52: =+[5]Resumen!AC52*1000 -> 0
D53: Domingo | E53: 4 | F53: =+[5]Resumen!F53*1000 -> 0 | G53: =+[5]Resumen!G53*1000 -> 0 | H53: =+[5]Resumen!H53*1000 -> 0 | I53: =+[5]Resumen!I53*1000 -> 0 | J53: =+[5]Resumen!J53*1000 -> 0 | K53: =+[5]Resumen!K53*1000 -> 0 | L53: =+[5]Resumen!L53*1000 -> 0 | M53: =+[5]Resumen!M53*1000 -> 90170.609 | ... AC53: =+[5]Resumen!AC53*1000 -> 0
D54: Festivo | E54: 2 | F54: =+[5]Resumen!F54*1000 -> 0 | G54: =+[5]Resumen!G54*1000 -> 0 | H54: =+[5]Resumen!H54*1000 -> 0 | I54: =+[5]Resumen!I54*1000 -> 0 | J54: =+[5]Resumen!J54*1000 -> 0 | K54: =+[5]Resumen!K54*1000 -> 0 | L54: =+[5]Resumen!L54*1000 -> 0 | M54: =+[5]Resumen!M54*1000 -> 77936.4 | ... AC54: =+[5]Resumen!AC54*1000 -> 0
Z55: TOTAL AÑO kWh | AD55: =SUM(AD7:AD54) -> 560142990

Sheet Cantidades 2031
C2: CANTIDADES DE ENERGÍA SOLICITADAS (kWh)
C3: EMPRESAS PÚBLICAS DE MEDELLÍN E.S.P.
C4: 2031
C6: Mes | D6: Tipo Día | E6: Días | F6: H1 | G6: H2 | H6: H3 | I6: H4 | J6: H5 | K6: H6 | L6: H7 | M6: H8 | N6: H9 | O6: H10 | P6: H11 | Q6: H12 | R6: H13 | S6: H14 | T6: H15 | U6: H16 | V6: H17 | W6: H18 | X6: H19 | Y6: H20 | Z6: H21 | AA6: H22 | AB6: H23 | AC6: H24 | AD6: TOTAL MES
C7: Ene | D7: Ordinario | E7: =+[6]Resumen!E7 -> 21 | F7: =+[6]Resumen!F7*1000 -> 0 | G7: =+[6]Resumen!G7*1000 -> 0 | H7: =+[6]Resumen!H7*1000 -> 0 | I7: =+[6]Resumen!I7*1000 -> 0 | J7: =+[6]Resumen!J7*1000 -> 0 | K7: =+[6]Resumen!K7*1000 -> 0 | L7: =+[6]Resumen!L7*1000 -> 0 | M7: =+[6]Resumen!M7*1000 -> 129632.02 | ... AC7: =+[6]Resumen!AC7*1000 -> 0 | AD7: =SUM(F7:AC7)*E7+SUM(F8:AC8)*E8+SUM(F9:AC9)*E9+SUM(F10:AC10)*E10 -> 46579599
D8: Sábado | E8: =+[6]Resumen!E8 -> 4 | F8: =+[6]Resumen!F8*1000 -> 0 | G8: =+[6]Resumen!G8*1000 -> 0 | H8: =+[6]Resumen!H8*1000 -> 0 | I8: =+[6]Resumen!I8*1000 -> 0 | J8: =+[6]Resumen!J8*1000 -> 0 | K8: =+[6]Resumen!K8*1000 -> 0 | L8: =+[6]Resumen!L8*1000 -> 0 | M8: =+[6]Resumen!M8*1000 -> 116389.3 | ... AC8: =+[6]Resumen!AC8*1000 -> 0
D9: Domingo | E9: =+[6]Resumen!E9 -> 4 | F9: =+[6]Resumen!F9*1000 -> 0 | G9: =+[6]Resumen!G9*1000 -> 0 | H9: =+[6]Resumen!H9*1000 -> 0 | I9: =+[6]Resumen!I9*1000 -> 0 | J9: =+[6]Resumen!J9*1000 -> 0 | K9: =+[6]Resumen!K9*1000 -> 0 | L9: =+[6]Resumen!L9*1000 -> 0 | M9: =+[6]Resumen!M9*1000 -> 94555.508 | ... AC9: =+[6]Resumen!AC9*1000 -> 0
D10: Festivo | E10: =+[6]Resumen!E10 -> 2 | F10: =+[6]Resumen!F10*1000 -> 0 | G10: =+[6]Resumen!G10*1000 -> 0 | H10: =+[6]Resumen!H10*1000 -> 0 | I10: =+[6]Resumen!I10*1000 -> 0 | J10: =+[6]Resumen!J10*1000 -> 0 | K10: =+[6]Resumen!K10*1000 -> 0 | L10: =+[6]Resumen!L10*1000 -> 0 | M10: =+[6]Resumen!M10*1000 -> 83368.062 | ... AC10: =+[6]Resumen!AC10*1000 -> 0
C11: Feb | D11: Ordinario | E11: =+[6]Resumen!E11 -> 20 | F11: =+[6]Resumen!F11*1000 -> 0 | G11: =+[6]Resumen!G11*1000 -> 0 | H11: =+[6]Resumen!H11*1000 -> 0 | I11: =+[6]Resumen!I11*1000 -> 0 | J11: =+[6]Resumen!J11*1000 -> 0 | K11: =+[6]Resumen!K11*1000 -> 0 | L11: =+[6]Resumen!L11*1000 -> 0 | M11: =+[6]Resumen!M11*1000 -> 149324.64 | ... AC11: =+[6]Resumen!AC11*1000 -> 0 | AD11: =SUM(F11:AC11)*E11+SUM(F12:AC12)*E12+SUM(F13:AC13)*E13+SUM(F14:AC14)*E14 -> 47498791
D12: Sábado | E12: =+[6]Resumen!E12 -> 4 | F12: =+[6]Resumen!F12*1000 -> 0 | G12: =+[6]Resumen!G12*1000 -> 0 | H12: =+[6]Resumen!H12*1000 -> 0 | I12: =+[6]Resumen!I12*1000 -> 0 | J12: =+[6]Resumen!J12*1000 -> 0 | K12: =+[6]Resumen!K12*1000 -> 0 | L12: =+[6]Resumen!L12*1000 -> 0 | M12: =+[6]Resumen!M12*1000 -> 136467.66 | ... AC12: =+[6]Resumen!AC12*1000 -> 0
D13: Domingo | E13: =+[6]Resumen!E13 -> 4 | F13: =+[6]Resumen!F13*1000 -> 0 | G13: =+[6]Resumen!G13*1000 -> 0 | H13: =+[6]Resumen!H13*1000 -> 0 | I13: =+[6]Resumen!I13*1000 -> 0 | J13: =+[6]Resumen!J13*1000 -> 0 | K13: =+[6]Resumen!K13*1000 -> 0 | L13: =+[6]Resumen!L13*1000 -> 0 | M13: =+[6]Resumen!M13*1000 -> 108621.31 | ... AC13: =+[6]Resumen!AC13*1000 -> 0
D14: Festivo | E14: =+[6]Resumen!E14 -> 0 | F14: =+[6]Resumen!F14*1000 -> 0 | G14: =+[6]Resumen!G14*1000 -> 0 | H14: =+[6]Resumen!H14*1000 -> 0 | I14: =+[6]Resumen!I14*1000 -> 0 | J14: =+[6]Resumen!J14*1000 -> 0 | K14: =+[6]Resumen!K14*1000 -> 0 | L14: =+[6]Resumen!L14*1000 -> 0 | M14: =+[6]Resumen!M14*1000 -> 0 | ... AC14: =+[6]Resumen!AC14*1000 -> 0
C15: Mar | D15: Ordinario | E15: =+[6]Resumen!E15 -> 20 | F15: =+[6]Resumen!F15*1000 -> 0 | G15: =+[6]Resumen!G15*1000 -> 0 | H15: =+[6]Resumen!H15*1000 -> 0 | I15: =+[6]Resumen!I15*1000 -> 0 | J15: =+[6]Resumen!J15*1000 -> 0 | K15: =+[6]Resumen!K15*1000 -> 0 | L15: =+[6]Resumen!L15*1000 -> 0 | M15: =+[6]Resumen!M15*1000 -> 135362.28 | ... AC15: =+[6]Resumen!AC15*1000 -> 0 | AD15: =SUM(F15:AC15)*E15+SUM(F16:AC16)*E16+SUM(F17:AC17)*E17+SUM(F18:AC18)*E18 -> 47145685
D16: Sábado | E16: =+[6]Resumen!E16 -> 5 | F16: =+[6]Resumen!F16*1000 -> 0 | G16: =+[6]Resumen!G16*1000 -> 0 | H16: =+[6]Resumen!H16*1000 -> 0 | I16: =+[6]Resumen!I16*1000 -> 0 | J16: =+[6]Resumen!J16*1000 -> 0 | K16: =+[6]Resumen!K16*1000 -> 0 | L16: =+[6]Resumen!L16*1000 -> 0 | M16: =+[6]Resumen!M16*1000 -> 123578.06 | ... AC16: =+[6]Resumen!AC16*1000 -> 0
D17: Domingo | E17: =+[6]Resumen!E17 -> 5 | F17: =+[6]Resumen!F17*1000 -> 0 | G17: =+[6]Resumen!G17*1000 -> 0 | H17: =+[6]Resumen!H17*1000 -> 0 | I17: =+[6]Resumen!I17*1000 -> 0 | J17: =+[6]Resumen!J17*1000 -> 0 | K17: =+[6]Resumen!K17*1000 -> 0 | L17: =+[6]Resumen!L17*1000 -> 0 | M17: =+[6]Resumen!M17*1000 -> 97228.399 | ... AC17: =+[6]Resumen!AC17*1000 -> 0
D18: Festivo | E18: =+[6]Resumen!E18 -> 1 | F18: =+[6]Resumen!F18*1000 -> 0 | G18: =+[6]Resumen!G18*1000 -> 0 | H18: =+[6]Resumen!H18*1000 -> 0 | I18: =+[6]Resumen!I18*1000 -> 0 | J18: =+[6]Resumen!J18*1000 -> 0 | K18: =+[6]Resumen!K18*1000 -> 0 | L18: =+[6]Resumen!L18*1000 -> 0 | M18: =+[6]Resumen!M18*1000 -> 101921.88 | ... AC18: =+[6]Resumen!AC18*1000 -> 0
C19: Abr | D19: Ordinario | E19: =+[6]Resumen!E19 -> 20 | F19: =+[6]Resumen!F19*1000 -> 0 | G19: =+[6]Resumen!G19*1000 -> 0 | H19: =+[6]Resumen!H19*1000 -> 0 | I19: =+[6]Resumen!I19*1000 -> 0 | J19: =+[6]Resumen!J19*1000 -> 0 | K19: =+[6]Resumen!K19*1000 -> 0 | L19: =+[6]Resumen!L19*1000 -> 0 | M19: =+[6]Resumen!M19*1000 -> 138865.85 | ... AC19: =+[6]Resumen!AC19*1000 -> 0 | AD19: =SUM(F19:AC19)*E19+SUM(F20:AC20)*E20+SUM(F21:AC21)*E21+SUM(F22:AC22)*E22 -> 47002194
D20: Sábado | E20: =+[6]Resumen!E20 -> 4 | F20: =+[6]Resumen!F20*1000 -> 0 | G20: =+[6]Resumen!G20*1000 -> 0 | H20: =+[6]Resumen!H20*1000 -> 0 | I20: =+[6]Resumen!I20*1000 -> 0 | J20: =+[6]Resumen!J20*1000 -> 0 | K20: =+[6]Resumen!K20*1000 -> 0 | L20: =+[6]Resumen!L20*1000 -> 0 | M20: =+[6]Resumen!M20*1000 -> 122117.42 | ... AC20: =+[6]Resumen!AC20*1000 -> 0
D21: Domingo | E21: =+[6]Resumen!E21 -> 4 | F21: =+[6]Resumen!F21*1000 -> 0 | G21: =+[6]Resumen!G21*1000 -> 0 | H21: =+[6]Resumen!H21*1000 -> 0 | I21: =+[6]Resumen!I21*1000 -> 0 | J21: =+[6]Resumen!J21*1000 -> 0 | K21: =+[6]Resumen!K21*1000 -> 0 | L21: =+[6]Resumen!L21*1000 -> 0 | M21: =+[6]Resumen!M21*1000 -> 102560.71 | ... AC21: =+[6]Resumen!AC21*1000 -> 0
D22: Festivo | E22: =+[6]Resumen!E22 -> 2 | F22: =+[6]Resumen!F22*1000 -> 0 | G22: =+[6]Resumen!G22*1000 -> 0 | H22: =+[6]Resumen!H22*1000 -> 0 | I22: =+[6]Resumen!I22*1000 -> 0 | J22: =+[6]Resumen!J22*1000 -> 0 | K22: =+[6]Resumen!K22*1000 -> 0 | L22: =+[6]Resumen!L22*1000 -> 0 | M22: =+[6]Resumen!M22*1000 -> 103554.23 | ... AC22: =+[6]Resumen!AC22*1000 -> 0
C23: May | D23: Ordinario | E23: =+[6]Resumen!E23 -> 20 | F23: =+[6]Resumen!F23*1000 -> 0 | G23: =+[6]Resumen!G23*1000 -> 0 | H23: =+[6]Resumen!H23*1000 -> 0 | I23: =+[6]Resumen!I23*1000 -> 0 | J23: =+[6]Resumen!J23*1000 -> 0 | K23: =+[6]Resumen!K23*1000 -> 0 | L23: =+[6]Resumen!L23*1000 -> 0 | M23: =+[6]Resumen!M23*1000 -> 134329.25 | ... AC23: =+[6]Resumen!AC23*1000 -> 0 | AD23: =SUM(F23:AC23)*E23+SUM(F24:AC24)*E24+SUM(F25:AC25)*E25+SUM(F26:AC26)*E26 -> 46973110
D24: Sábado | E24: =+[6]Resumen!E24 -> 5 | F24: =+[6]Resumen!F24*1000 -> 0 | G24: =+[6]Resumen!G24*1000 -> 0 | H24: =+[6]Resumen!H24*1000 -> 0 | I24: =+[6]Resumen!I24*1000 -> 0 | J24: =+[6]Resumen!J24*1000 -> 0 | K24: =+[6]Resumen!K24*1000 -> 0 | L24: =+[6]Resumen!L24*1000 -> 0 | M24: =+[6]Resumen!M24*1000 -> 121640.53 | ... AC24: =+[6]Resumen!AC24*1000 -> 0
D25: Domingo | E25: =+[6]Resumen!E25 -> 4 | F25: =+[6]Resumen!F25*1000 -> 0 | G25: =+[6]Resumen!G25*1000 -> 0 | H25: =+[6]Resumen!H25*1000 -> 0 | I25: =+[6]Resumen!I25*1000 -> 0 | J25: =+[6]Resumen!J25*1000 -> 0 | K25: =+[6]Resumen!K25*1000 -> 0 | L25: =+[6]Resumen!L25*1000 -> 0 | M25: =+[6]Resumen!M25*1000 -> 96722.689 | ... AC25: =+[6]Resumen!AC25*1000 -> 0
D26: Festivo | E26: =+[6]Resumen!E26 -> 2 | F26: =+[6]Resumen!F26*1000 -> 0 | G26: =+[6]Resumen!G26*1000 -> 0 | H26: =+[6]Resumen!H26*1000 -> 0 | I26: =+[6]Resumen!I26*1000 -> 0 | J26: =+[6]Resumen!J26*1000 -> 0 | K26: =+[6]Resumen!K26*1000 -> 0 | L26: =+[6]Resumen!L26*1000 -> 0 | M26: =+[6]Resumen!M26*1000 -> 101902.18 | ... AC26: =+[6]Resumen!AC26*1000 -> 0
C27: Jun | D27: Ordinario | E27: =+[6]Resumen!E27 -> 18 | F27: =+[6]Resumen!F27*1000 -> 0 | G27: =+[6]Resumen!G27*1000 -> 0 | H27: =+[6]Resumen!H27*1000 -> 0 | I27: =+[6]Resumen!I27*1000 -> 0 | J27: =+[6]Resumen!J27*1000 -> 0 | K27: =+[6]Resumen!K27*1000 -> 0 | L27: =+[6]Resumen!L27*1000 -> 0 | M27: =+[6]Resumen!M27*1000 -> 140604.41 | ... AC27: =+[6]Resumen!AC27*1000 -> 0 | AD27: =SUM(F27:AC27)*E27+SUM(F28:AC28)*E28+SUM(F29:AC29)*E29+SUM(F30:AC30)*E30 -> 47390614
D28: Sábado | E28: =+[6]Resumen!E28 -> 4 | F28: =+[6]Resumen!F28*1000 -> 0 | G28: =+[6]Resumen!G28*1000 -> 0 | H28: =+[6]Resumen!H28*1000 -> 0 | I28: =+[6]Resumen!I28*1000 -> 0 | J28: =+[6]Resumen!J28*1000 -> 0 | K28: =+[6]Resumen!K28*1000 -> 0 | L28: =+[6]Resumen!L28*1000 -> 0 | M28: =+[6]Resumen!M28*1000 -> 127450.28 | ... AC28: =+[6]Resumen!AC28*1000 -> 0
D29: Domingo | E29: =+[6]Resumen!E29 -> 5 | F29: =+[6]Resumen!F29*1000 -> 0 | G29: =+[6]Resumen!G29*1000 -> 0 | H29: =+[6]Resumen!H29*1000 -> 0 | I29: =+[6]Resumen!I29*1000 -> 0 | J29: =+[6]Resumen!J29*1000 -> 0 | K29: =+[6]Resumen!K29*1000 -> 0 | L29: =+[6]Resumen!L29*1000 -> 0 | M29: =+[6]Resumen!M29*1000 -> 102706.81 | ... AC29: =+[6]Resumen!AC29*1000 -> 0
D30: Festivo | E30: =+[6]Resumen!E30 -> 3 | F30: =+[6]Resumen!F30*1000 -> 0 | G30: =+[6]Resumen!G30*1000 -> 0 | H30: =+[6]Resumen!H30*1000 -> 0 | I30: =+[6]Resumen!I30*1000 -> 0 | J30: =+[6]Resumen!J30*1000 -> 0 | K30: =+[6]Resumen!K30*1000 -> 0 | L30: =+[6]Resumen!L30*1000 -> 0 | M30: =+[6]Resumen!M30*1000 -> 101198.84 | ... AC30: =+[6]Resumen!AC30*1000 -> 0
C31: Jul | D31: Ordinario | E31: =+[6]Resumen!E31 -> 23 | F31: =+[6]Resumen!F31*1000 -> 0 | G31: =+[6]Resumen!G31*1000 -> 0 | H31: =+[6]Resumen!H31*1000 -> 0 | I31: =+[6]Resumen!I31*1000 -> 0 | J31: =+[6]Resumen!J31*1000 -> 0 | K31: =+[6]Resumen!K31*1000 -> 0 | L31: =+[6]Resumen!L31*1000 -> 0 | M31: =+[6]Resumen!M31*1000 -> 132601.64 | ... AC31: =+[6]Resumen!AC31*1000 -> 0 | AD31: =SUM(F31:AC31)*E31+SUM(F32:AC32)*E32+SUM(F33:AC33)*E33+SUM(F34:AC34)*E34 -> 47854321
D32: Sábado | E32: =+[6]Resumen!E32 -> 4 | F32: =+[6]Resumen!F32*1000 -> 0 | G32: =+[6]Resumen!G32*1000 -> 0 | H32: =+[6]Resumen!H32*1000 -> 0 | I32: =+[6]Resumen!I32*1000 -> 0 | J32: =+[6]Resumen!J32*1000 -> 0 | K32: =+[6]Resumen!K32*1000 -> 0 | L32: =+[6]Resumen!L32*1000 -> 0 | M32: =+[6]Resumen!M32*1000 -> 118489.06 | ... AC32: =+[6]Resumen!AC32*1000 -> 0
D33: Domingo | E33: =+[6]Resumen!E33 -> 4 | F33: =+[6]Resumen!F33*1000 -> 0 | G33: =+[6]Resumen!G33*1000 -> 0 | H33: =+[6]Resumen!H33*1000 -> 0 | I33: =+[6]Resumen!I33*1000 -> 0 | J33: =+[6]Resumen!J33*1000 -> 0 | K33: =+[6]Resumen!K33*1000 -> 0 | L33: =+[6]Resumen!L33*1000 -> 0 | M33: =+[6]Resumen!M33*1000 -> 95639.158 | ... AC33: =+[6]Resumen!AC33*1000 -> 0
D34: Festivo | E34: =+[6]Resumen!E34 -> 0 | F34: =+[6]Resumen!F34*1000 -> 0 | G34: =+[6]Resumen!G34*1000 -> 0 | H34: =+[6]Resumen!H34*1000 -> 0 | I34: =+[6]Resumen!I34*1000 -> 0 | J34: =+[6]Resumen!J34*1000 -> 0 | K34: =+[6]Resumen!K34*1000 -> 0 | L34: =+[6]Resumen!L34*1000 -> 0 | M34: =+[6]Resumen!M34*1000 -> 98021.711 | ... AC34: =+[6]Resumen!AC34*1000 -> 0
C35: Ago | D35: Ordinario | E35: =+[6]Resumen!E35 -> 19 | F35: =+[6]Resumen!F35*1000 -> 0 | G35: =+[6]Resumen!G35*1000 -> 0 | H35: =+[6]Resumen!H35*1000 -> 0 | I35: =+[6]Resumen!I35*1000 -> 0 | J35: =+[6]Resumen!J35*1000 -> 0 | K35: =+[6]Resumen!K35*1000 -> 0 | L35: =+[6]Resumen!L35*1000 -> 0 | M35: =+[6]Resumen!M35*1000 -> 136792.77 | ... AC35: =+[6]Resumen!AC35*1000 -> 0 | AD35: =SUM(F35:AC35)*E35+SUM(F36:AC36)*E36+SUM(F37:AC37)*E37+SUM(F38:AC38)*E38 -> 47775581
D36: Sábado | E36: =+[6]Resumen!E36 -> 5 | F36: =+[6]Resumen!F36*1000 -> 0 | G36: =+[6]Resumen!G36*1000 -> 0 | H36: =+[6]Resumen!H36*1000 -> 0 | I36: =+[6]Resumen!I36*1000 -> 0 | J36: =+[6]Resumen!J36*1000 -> 0 | K36: =+[6]Resumen!K36*1000 -> 0 | L36: =+[6]Resumen!L36*1000 -> 0 | M36: =+[6]Resumen!M36*1000 -> 123725.32 | ... AC36: =+[6]Resumen!AC36*1000 -> 0
D37: Domingo | E37: =+[6]Resumen!E37 -> 5 | F37: =+[6]Resumen!F37*1000 -> 0 | G37: =+[6]Resumen!G37*1000 -> 0 | H37: =+[6]Resumen!H37*1000 -> 0 | I37: =+[6]Resumen!I37*1000 -> 0 | J37: =+[6]Resumen!J37*1000 -> 0 | K37: =+[6]Resumen!K37*1000 -> 0 | L37: =+[6]Resumen!L37*1000 -> 0 | M37: =+[6]Resumen!M37*1000 -> 97342.99 | ... AC37: =+[6]Resumen!AC37*1000 -> 0
D38: Festivo | E38: =+[6]Resumen!E38 -> 2 | F38: =+[6]Resumen!F38*1000 -> 0 | G38: =+[6]Resumen!G38*1000 -> 0 | H38: =+[6]Resumen!H38*1000 -> 0 | I38: =+[6]Resumen!I38*1000 -> 0 | J38: =+[6]Resumen!J38*1000 -> 0 | K38: =+[6]Resumen!K38*1000 -> 0 | L38: =+[6]Resumen!L38*1000 -> 0 | M38: =+[6]Resumen!M38*1000 -> 102408.03 | ... AC38: =+[6]Resumen!AC38*1000 -> 0
C39: Sep | D39: Ordinario | E39: =+[6]Resumen!E39 -> 22 | F39: =+[6]Resumen!F39*1000 -> 0 | G39: =+[6]Resumen!G39*1000 -> 0 | H39: =+[6]Resumen!H39*1000 -> 0 | I39: =+[6]Resumen!I39*1000 -> 0 | J39: =+[6]Resumen!J39*1000 -> 0 | K39: =+[6]Resumen!K39*1000 -> 0 | L39: =+[6]Resumen!L39*1000 -> 0 | M39: =+[6]Resumen!M39*1000 -> 140451.69 | ... AC39: =+[6]Resumen!AC39*1000 -> 0 | AD39: =SUM(F39:AC39)*E39+SUM(F40:AC40)*E40+SUM(F41:AC41)*E41+SUM(F42:AC42)*E42 -> 48539572
D40: Sábado | E40: =+[6]Resumen!E40 -> 4 | F40: =+[6]Resumen!F40*1000 -> 0 | G40: =+[6]Resumen!G40*1000 -> 0 | H40: =+[6]Resumen!H40*1000 -> 0 | I40: =+[6]Resumen!I40*1000 -> 0 | J40: =+[6]Resumen!J40*1000 -> 0 | K40: =+[6]Resumen!K40*1000 -> 0 | L40: =+[6]Resumen!L40*1000 -> 0 | M40: =+[6]Resumen!M40*1000 -> 127549.13 | ... AC40: =+[6]Resumen!AC40*1000 -> 0
D41: Domingo | E41: =+[6]Resumen!E41 -> 4 | F41: =+[6]Resumen!F41*1000 -> 0 | G41: =+[6]Resumen!G41*1000 -> 0 | H41: =+[6]Resumen!H41*1000 -> 0 | I41: =+[6]Resumen!I41*1000 -> 0 | J41: =+[6]Resumen!J41*1000 -> 0 | K41: =+[6]Resumen!K41*1000 -> 0 | L41: =+[6]Resumen!L41*1000 -> 0 | M41: =+[6]Resumen!M41*1000 -> 99380.435 | ... AC41: =+[6]Resumen!AC41*1000 -> 0
D42: Festivo | E42: =+[6]Resumen!E42 -> 0 | F42: =+[6]Resumen!F42*1000 -> 0 | G42: =+[6]Resumen!G42*1000 -> 0 | H42: =+[6]Resumen!H42*1000 -> 0 | I42: =+[6]Resumen!I42*1000 -> 0 | J42: =+[6]Resumen!J42*1000 -> 0 | K42: =+[6]Resumen!K42*1000 -> 0 | L42: =+[6]Resumen!L42*1000 -> 0 | M42: =+[6]Resumen!M42*1000 -> 0 | ... AC42: =+[6]Resumen!AC42*1000 -> 0
C43: Oct | D43: Ordinario | E43: =+[6]Resumen!E43 -> 22 | F43: =+[6]Resumen!F43*1000 -> 0 | G43: =+[6]Resumen!G43*1000 -> 0 | H43: =+[6]Resumen!H43*1000 -> 0 | I43: =+[6]Resumen!I43*1000 -> 0 | J43: =+[6]Resumen!J43*1000 -> 0 | K43: =+[6]Resumen!K43*1000 -> 0 | L43: =+[6]Resumen!L43*1000 -> 0 | M43: =+[6]Resumen!M43*1000 -> 135565.67 | ... AC43: =+[6]Resumen!AC43*1000 -> 0 | AD43: =SUM(F43:AC43)*E43+SUM(F44:AC44)*E44+SUM(F45:AC45)*E45+SUM(F46:AC46)*E46 -> 48452950
D44: Sábado | E44: =+[6]Resumen!E44 -> 4 | F44: =+[6]Resumen!F44*1000 -> 0 | G44: =+[6]Resumen!G44*1000 -> 0 | H44: =+[6]Resumen!H44*1000 -> 0 | I44: =+[6]Resumen!I44*1000 -> 0 | J44: =+[6]Resumen!J44*1000 -> 0 | K44: =+[6]Resumen!K44*1000 -> 0 | L44: =+[6]Resumen!L44*1000 -> 0 | M44: =+[6]Resumen!M44*1000 -> 123540.01 | ... AC44: =+[6]Resumen!AC44*1000 -> 0
D45: Domingo | E45: =+[6]Resumen!E45 -> 4 | F45: =+[6]Resumen!F45*1000 -> 0 | G45: =+[6]Resumen!G45*1000 -> 0 | H45: =+[6]Resumen!H45*1000 -> 0 | I45: =+[6]Resumen!I45*1000 -> 0 | J45: =+[6]Resumen!J45*1000 -> 0 | K45: =+[6]Resumen!K45*1000 -> 0 | L45: =+[6]Resumen!L45*1000 -> 0 | M45: =+[6]Resumen!M45*1000 -> 99956.249 | ... AC45: =+[6]Resumen!AC45*1000 -> 0
D46: Festivo | E46: =+[6]Resumen!E46 -> 1 | F46: =+[6]Resumen!F46*1000 -> 0 | G46: =+[6]Resumen!G46*1000 -> 0 | H46: =+[6]Resumen!H46*1000 -> 0 | I46: =+[6]Resumen!I46*1000 -> 0 | J46: =+[6]Resumen!J46*1000 -> 0 | K46: =+[6]Resumen!K46*1000 -> 0 | L46: =+[6]Resumen!L46*1000 -> 0 | M46: =+[6]Resumen!M46*1000 -> 98579.673 | ... AC46: =+[6]Resumen!AC46*1000 -> 0
C47: Nov | D47: Ordinario | E47: =+[6]Resumen!E47 -> 18 | F47: =+[6]Resumen!F47*1000 -> 0 | G47: =+[6]Resumen!G47*1000 -> 0 | H47: =+[6]Resumen!H47*1000 -> 0 | I47: =+[6]Resumen!I47*1000 -> 0 | J47: =+[6]Resumen!J47*1000 -> 0 | K47: =+[6]Resumen!K47*1000 -> 0 | L47: =+[6]Resumen!L47*1000 -> 0 | M47: =+[6]Resumen!M47*1000 -> 144717.94 | ... AC47: =+[6]Resumen!AC47*1000 -> 0 | AD47: =SUM(F47:AC47)*E47+SUM(F48:AC48)*E48+SUM(F49:AC49)*E49+SUM(F50:AC50)*E50 -> 48480753
D48: Sábado | E48: =+[6]Resumen!E48 -> 5 | F48: =+[6]Resumen!F48*1000 -> 0 | G48: =+[6]Resumen!G48*1000 -> 0 | H48: =+[6]Resumen!H48*1000 -> 0 | I48: =+[6]Resumen!I48*1000 -> 0 | J48: =+[6]Resumen!J48*1000 -> 0 | K48: =+[6]Resumen!K48*1000 -> 0 | L48: =+[6]Resumen!L48*1000 -> 0 | M48: =+[6]Resumen!M48*1000 -> 131323.01 | ... AC48: =+[6]Resumen!AC48*1000 -> 0
D49: Domingo | E49: =+[6]Resumen!E49 -> 5 | F49: =+[6]Resumen!F49*1000 -> 0 | G49: =+[6]Resumen!G49*1000 -> 0 | H49: =+[6]Resumen!H49*1000 -> 0 | I49: =+[6]Resumen!I49*1000 -> 0 | J49: =+[6]Resumen!J49*1000 -> 0 | K49: =+[6]Resumen!K49*1000 -> 0 | L49: =+[6]Resumen!L49*1000 -> 0 | M49: =+[6]Resumen!M49*1000 -> 103710.85 | ... AC49: =+[6]Resumen!AC49*1000 -> 0
D50: Festivo | E50: =+[6]Resumen!E50 -> 2 | F50: =+[6]Resumen!F50*1000 -> 0 | G50: =+[6]Resumen!G50*1000 -> 0 | H50: =+[6]Resumen!H50*1000 -> 0 | I50: =+[6]Resumen!I50*1000 -> 0 | J50: =+[6]Resumen!J50*1000 -> 0 | K50: =+[6]Resumen!K50*1000 -> 0 | L50: =+[6]Resumen!L50*1000 -> 0 | M50: =+[6]Resumen!M50*1000 -> 101092.26 | ... AC50: =+[6]Resumen!AC50*1000 -> 0
C51: Dic | D51: Ordinario | E51: =+[6]Resumen!E51 -> 21 | F51: =+[6]Resumen!F51*1000 -> 0 | G51: =+[6]Resumen!G51*1000 -> 0 | H51: =+[6]Resumen!H51*1000 -> 0 | I51: =+[6]Resumen!I51*1000 -> 0 | J51: =+[6]Resumen!J51*1000 -> 0 | K51: =+[6]Resumen!K51*1000 -> 0 | L51: =+[6]Resumen!L51*1000 -> 0 | M51: =+[6]Resumen!M51*1000 -> 131429.25 | ... AC51: =+[6]Resumen!AC51*1000 -> 0 | AD51: =SUM(F51:AC51)*E51+SUM(F52:AC52)*E52+SUM(F53:AC53)*E53+SUM(F54:AC54)*E54 -> 47590078
D52: Sábado | E52: =+[6]Resumen!E52 -> 4 | F52: =+[6]Resumen!F52*1000 -> 0 | G52: =+[6]Resumen!G52*1000 -> 0 | H52: =+[6]Resumen!H52*1000 -> 0 | I52: =+[6]Resumen!I52*1000 -> 0 | J52: =+[6]Resumen!J52*1000 -> 0 | K52: =+[6]Resumen!K52*1000 -> 0 | L52: =+[6]Resumen!L52*1000 -> 0 | M52: =+[6]Resumen!M52*1000 -> 122655.5 | ... AC52: =+[6]Resumen!AC52*1000 -> 0
D53: Domingo | E53: =+[6]Resumen!E53 -> 4 | F53: =+[6]Resumen!F53*1000 -> 0 | G53: =+[6]Resumen!G53*1000 -> 0 | H53: =+[6]Resumen!H53*1000 -> 0 | I53: =+[6]Resumen!I53*1000 -> 0 | J53: =+[6]Resumen!J53*1000 -> 0 | K53: =+[6]Resumen!K53*1000 -> 0 | L53: =+[6]Resumen!L53*1000 -> 0 | M53: =+[6]Resumen!M53*1000 -> 100088.87 | ... AC53: =+[6]Resumen!AC53*1000 -> 0
D54: Festivo | E54: =+[6]Resumen!E54 -> 2 | F54: =+[6]Resumen!F54*1000 -> 0 | G54: =+[6]Resumen!G54*1000 -> 0 | H54: =+[6]Resumen!H54*1000 -> 0 | I54: =+[6]Resumen!I54*1000 -> 0 | J54: =+[6]Resumen!J54*1000 -> 0 | K54: =+[6]Resumen!K54*1000 -> 0 | L54: =+[6]Resumen!L54*1000 -> 0 | M54: =+[6]Resumen!M54*1000 -> 89005.478 | ... AC54: =+[6]Resumen!AC54*1000 -> 0
Z55: TOTAL AÑO kWh | AD55: =SUM(AD7:AD54) -> 5.7128325e+08

Sheet Cantidades 2032
C2: CANTIDADES DE ENERGÍA SOLICITADAS (kWh)
C3: EMPRESAS PÚBLICAS DE MEDELLÍN E.S.P.
C4: 2032
C6: Mes | D6: Tipo Día | E6: Días | F6: H1 | G6: H2 | H6: H3 | I6: H4 | J6: H5 | K6: H6 | L6: H7 | M6: H8 | N6: H9 | O6: H10 | P6: H11 | Q6: H12 | R6: H13 | S6: H14 | T6: H15 | U6: H16 | V6: H17 | W6: H18 | X6: H19 | Y6: H20 | Z6: H21 | AA6: H22 | AB6: H23 | AC6: H24 | AD6: TOTAL MES
C7: Ene | D7: Ordinario | E7: =+[7]Resumen!E7 -> 20 | F7: =+[7]Resumen!F7*1000 -> 0 | G7: =+[7]Resumen!G7*1000 -> 0 | H7: =+[7]Resumen!H7*1000 -> 0 | I7: =+[7]Resumen!I7*1000 -> 0 | J7: =+[7]Resumen!J7*1000 -> 0 | K7: =+[7]Resumen!K7*1000 -> 0 | L7: =+[7]Resumen!L7*1000 -> 0 | M7: =+[7]Resumen!M7*1000 -> 132663.81 | ... AC7: =+[7]Resumen!AC7*1000 -> 0 | AD7: =SUM(F7:AC7)*E7+SUM(F8:AC8)*E8+SUM(F9:AC9)*E9+SUM(F10:AC10)*E10 -> 47486286
D8: Sábado | E8: =+[7]Resumen!E8 -> 5 | F8: =+[7]Resumen!F8*1000 -> 0 | G8: =+[7]Resumen!G8*1000 -> 0 | H8: =+[7]Resumen!H8*1000 -> 0 | I8: =+[7]Resumen!I8*1000 -> 0 | J8: =+[7]Resumen!J8*1000 -> 0 | K8: =+[7]Resumen!K8*1000 -> 0 | L8: =+[7]Resumen!L8*1000 -> 0 | M8: =+[7]Resumen!M8*1000 -> 119179.02 | ... AC8: =+[7]Resumen!AC8*1000 -> 0
D9: Domingo | E9: =+[7]Resumen!E9 -> 4 | F9: =+[7]Resumen!F9*1000 -> 0 | G9: =+[7]Resumen!G9*1000 -> 0 | H9: =+[7]Resumen!H9*1000 -> 0 | I9: =+[7]Resumen!I9*1000 -> 0 | J9: =+[7]Resumen!J9*1000 -> 0 | K9: =+[7]Resumen!K9*1000 -> 0 | L9: =+[7]Resumen!L9*1000 -> 0 | M9: =+[7]Resumen!M9*1000 -> 96946.104 | ... AC9: =+[7]Resumen!AC9*1000 -> 0
D10: Festivo | E10: =+[7]Resumen!E10 -> 2 | F10: =+[7]Resumen!F10*1000 -> 0 | G10: =+[7]Resumen!G10*1000 -> 0 | H10: =+[7]Resumen!H10*1000 -> 0 | I10: =+[7]Resumen!I10*1000 -> 0 | J10: =+[7]Resumen!J10*1000 -> 0 | K10: =+[7]Resumen!K10*1000 -> 0 | L10: =+[7]Resumen!L10*1000 -> 0 | M10: =+[7]Resumen!M10*1000 -> 85554.152 | ... AC10: =+[7]Resumen!AC10*1000 -> 0
C11: Feb | D11: Ordinario | E11: =+[7]Resumen!E11 -> 20 | F11: =+[7]Resumen!F11*1000 -> 0 | G11: =+[7]Resumen!G11*1000 -> 0 | H11: =+[7]Resumen!H11*1000 -> 0 | I11: =+[7]Resumen!I11*1000 -> 0 | J11: =+[7]Resumen!J11*1000 -> 0 | K11: =+[7]Resumen!K11*1000 -> 0 | L11: =+[7]Resumen!L11*1000 -> 0 | M11: =+[7]Resumen!M11*1000 -> 146688.97 | ... AC11: =+[7]Resumen!AC11*1000 -> 0 | AD11: =SUM(F11:AC11)*E11+SUM(F12:AC12)*E12+SUM(F13:AC13)*E13+SUM(F14:AC14)*E14 -> 48065286
D12: Sábado | E12: =+[7]Resumen!E12 -> 4 | F12: =+[7]Resumen!F12*1000 -> 0 | G12: =+[7]Resumen!G12*1000 -> 0 | H12: =+[7]Resumen!H12*1000 -> 0 | I12: =+[7]Resumen!I12*1000 -> 0 | J12: =+[7]Resumen!J12*1000 -> 0 | K12: =+[7]Resumen!K12*1000 -> 0 | L12: =+[7]Resumen!L12*1000 -> 0 | M12: =+[7]Resumen!M12*1000 -> 134027.43 | ... AC12: =+[7]Resumen!AC12*1000 -> 0
D13: Domingo | E13: =+[7]Resumen!E13 -> 5 | F13: =+[7]Resumen!F13*1000 -> 0 | G13: =+[7]Resumen!G13*1000 -> 0 | H13: =+[7]Resumen!H13*1000 -> 0 | I13: =+[7]Resumen!I13*1000 -> 0 | J13: =+[7]Resumen!J13*1000 -> 0 | K13: =+[7]Resumen!K13*1000 -> 0 | L13: =+[7]Resumen!L13*1000 -> 0 | M13: =+[7]Resumen!M13*1000 -> 106604.37 | ... AC13: =+[7]Resumen!AC13*1000 -> 0
D14: Festivo | E14: =+[7]Resumen!E14 -> 0 | F14: =+[7]Resumen!F14*1000 -> 0 | G14: =+[7]Resumen!G14*1000 -> 0 | H14: =+[7]Resumen!H14*1000 -> 0 | I14: =+[7]Resumen!I14*1000 -> 0 | J14: =+[7]Resumen!J14*1000 -> 0 | K14: =+[7]Resumen!K14*1000 -> 0 | L14: =+[7]Resumen!L14*1000 -> 0 | M14: =+[7]Resumen!M14*1000 -> 0 | ... AC14: =+[7]Resumen!AC14*1000 -> 0
C15: Mar | D15: Ordinario | E15: =+[7]Resumen!E15 -> 20 | F15: =+[7]Resumen!F15*1000 -> 0 | G15: =+[7]Resumen!G15*1000 -> 0 | H15: =+[7]Resumen!H15*1000 -> 0 | I15: =+[7]Resumen!I15*1000 -> 0 | J15: =+[7]Resumen!J15*1000 -> 0 | K15: =+[7]Resumen!K15*1000 -> 0 | L15: =+[7]Resumen!L15*1000 -> 0 | M15: =+[7]Resumen!M15*1000 -> 138185.08 | ... AC15: =+[7]Resumen!AC15*1000 -> 0 | AD15: =SUM(F15:AC15)*E15+SUM(F16:AC16)*E16+SUM(F17:AC17)*E17+SUM(F18:AC18)*E18 -> 48015033
D16: Sábado | E16: =+[7]Resumen!E16 -> 4 | F16: =+[7]Resumen!F16*1000 -> 0 | G16: =+[7]Resumen!G16*1000 -> 0 | H16: =+[7]Resumen!H16*1000 -> 0 | I16: =+[7]Resumen!I16*1000 -> 0 | J16: =+[7]Resumen!J16*1000 -> 0 | K16: =+[7]Resumen!K16*1000 -> 0 | L16: =+[7]Resumen!L16*1000 -> 0 | M16: =+[7]Resumen!M16*1000 -> 126207.71 | ... AC16: =+[7]Resumen!AC16*1000 -> 0
D17: Domingo | E17: =+[7]Resumen!E17 -> 4 | F17: =+[7]Resumen!F17*1000 -> 0 | G17: =+[7]Resumen!G17*1000 -> 0 | H17: =+[7]Resumen!H17*1000 -> 0 | I17: =+[7]Resumen!I17*1000 -> 0 | J17: =+[7]Resumen!J17*1000 -> 0 | K17: =+[7]Resumen!K17*1000 -> 0 | L17: =+[7]Resumen!L17*1000 -> 0 | M17: =+[7]Resumen!M17*1000 -> 99426.162 | ... AC17: =+[7]Resumen!AC17*1000 -> 0
D18: Festivo | E18: =+[7]Resumen!E18 -> 3 | F18: =+[7]Resumen!F18*1000 -> 0 | G18: =+[7]Resumen!G18*1000 -> 0 | H18: =+[7]Resumen!H18*1000 -> 0 | I18: =+[7]Resumen!I18*1000 -> 0 | J18: =+[7]Resumen!J18*1000 -> 0 | K18: =+[7]Resumen!K18*1000 -> 0 | L18: =+[7]Resumen!L18*1000 -> 0 | M18: =+[7]Resumen!M18*1000 -> 104196.57 | ... AC18: =+[7]Resumen!AC18*1000 -> 0
C19: Abr | D19: Ordinario | E19: =+[7]Resumen!E19 -> 22 | F19: =+[7]Resumen!F19*1000 -> 0 | G19: =+[7]Resumen!G19*1000 -> 0 | H19: =+[7]Resumen!H19*1000 -> 0 | I19: =+[7]Resumen!I19*1000 -> 0 | J19: =+[7]Resumen!J19*1000 -> 0 | K19: =+[7]Resumen!K19*1000 -> 0 | L19: =+[7]Resumen!L19*1000 -> 0 | M19: =+[7]Resumen!M19*1000 -> 140184.31 | ... AC19: =+[7]Resumen!AC19*1000 -> 0 | AD19: =SUM(F19:AC19)*E19+SUM(F20:AC20)*E20+SUM(F21:AC21)*E21+SUM(F22:AC22)*E22 -> 48186895
D20: Sábado | E20: =+[7]Resumen!E20 -> 4 | F20: =+[7]Resumen!F20*1000 -> 0 | G20: =+[7]Resumen!G20*1000 -> 0 | H20: =+[7]Resumen!H20*1000 -> 0 | I20: =+[7]Resumen!I20*1000 -> 0 | J20: =+[7]Resumen!J20*1000 -> 0 | K20: =+[7]Resumen!K20*1000 -> 0 | L20: =+[7]Resumen!L20*1000 -> 0 | M20: =+[7]Resumen!M20*1000 -> 123315.62 | ... AC20: =+[7]Resumen!AC20*1000 -> 0
D21: Domingo | E21: =+[7]Resumen!E21 -> 4 | F21: =+[7]Resumen!F21*1000 -> 0 | G21: =+[7]Resumen!G21*1000 -> 0 | H21: =+[7]Resumen!H21*1000 -> 0 | I21: =+[7]Resumen!I21*1000 -> 0 | J21: =+[7]Resumen!J21*1000 -> 0 | K21: =+[7]Resumen!K21*1000 -> 0 | L21: =+[7]Resumen!L21*1000 -> 0 | M21: =+[7]Resumen!M21*1000 -> 103618.49 | ... AC21: =+[7]Resumen!AC21*1000 -> 0
D22: Festivo | E22: =+[7]Resumen!E22 -> 0 | F22: =+[7]Resumen!F22*1000 -> 0 | G22: =+[7]Resumen!G22*1000 -> 0 | H22: =+[7]Resumen!H22*1000 -> 0 | I22: =+[7]Resumen!I22*1000 -> 0 | J22: =+[7]Resumen!J22*1000 -> 0 | K22: =+[7]Resumen!K22*1000 -> 0 | L22: =+[7]Resumen!L22*1000 -> 0 | M22: =+[7]Resumen!M22*1000 -> 104619.15 | ... AC22: =+[7]Resumen!AC22*1000 -> 0
C23: May | D23: Ordinario | E23: =+[7]Resumen!E23 -> 19 | F23: =+[7]Resumen!F23*1000 -> 0 | G23: =+[7]Resumen!G23*1000 -> 0 | H23: =+[7]Resumen!H23*1000 -> 0 | I23: =+[7]Resumen!I23*1000 -> 0 | J23: =+[7]Resumen!J23*1000 -> 0 | K23: =+[7]Resumen!K23*1000 -> 0 | L23: =+[7]Resumen!L23*1000 -> 0 | M23: =+[7]Resumen!M23*1000 -> 138199.18 | ... AC23: =+[7]Resumen!AC23*1000 -> 0 | AD23: =SUM(F23:AC23)*E23+SUM(F24:AC24)*E24+SUM(F25:AC25)*E25+SUM(F26:AC26)*E26 -> 47800973
D24: Sábado | E24: =+[7]Resumen!E24 -> 4 | F24: =+[7]Resumen!F24*1000 -> 0 | G24: =+[7]Resumen!G24*1000 -> 0 | H24: =+[7]Resumen!H24*1000 -> 0 | I24: =+[7]Resumen!I24*1000 -> 0 | J24: =+[7]Resumen!J24*1000 -> 0 | K24: =+[7]Resumen!K24*1000 -> 0 | L24: =+[7]Resumen!L24*1000 -> 0 | M24: =+[7]Resumen!M24*1000 -> 125220.67 | ... AC24: =+[7]Resumen!AC24*1000 -> 0
D25: Domingo | E25: =+[7]Resumen!E25 -> 5 | F25: =+[7]Resumen!F25*1000 -> 0 | G25: =+[7]Resumen!G25*1000 -> 0 | H25: =+[7]Resumen!H25*1000 -> 0 | I25: =+[7]Resumen!I25*1000 -> 0 | J25: =+[7]Resumen!J25*1000 -> 0 | K25: =+[7]Resumen!K25*1000 -> 0 | L25: =+[7]Resumen!L25*1000 -> 0 | M25: =+[7]Resumen!M25*1000 -> 99733.752 | ... AC25: =+[7]Resumen!AC25*1000 -> 0
D26: Festivo | E26: =+[7]Resumen!E26 -> 3 | F26: =+[7]Resumen!F26*1000 -> 0 | G26: =+[7]Resumen!G26*1000 -> 0 | H26: =+[7]Resumen!H26*1000 -> 0 | I26: =+[7]Resumen!I26*1000 -> 0 | J26: =+[7]Resumen!J26*1000 -> 0 | K26: =+[7]Resumen!K26*1000 -> 0 | L26: =+[7]Resumen!L26*1000 -> 0 | M26: =+[7]Resumen!M26*1000 -> 105031.53 | ... AC26: =+[7]Resumen!AC26*1000 -> 0
C27: Jun | D27: Ordinario | E27: =+[7]Resumen!E27 -> 21 | F27: =+[7]Resumen!F27*1000 -> 0 | G27: =+[7]Resumen!G27*1000 -> 0 | H27: =+[7]Resumen!H27*1000 -> 0 | I27: =+[7]Resumen!I27*1000 -> 0 | J27: =+[7]Resumen!J27*1000 -> 0 | K27: =+[7]Resumen!K27*1000 -> 0 | L27: =+[7]Resumen!L27*1000 -> 0 | M27: =+[7]Resumen!M27*1000 -> 141195.4 | ... AC27: =+[7]Resumen!AC27*1000 -> 0 | AD27: =SUM(F27:AC27)*E27+SUM(F28:AC28)*E28+SUM(F29:AC29)*E29+SUM(F30:AC30)*E30 -> 48648407
D28: Sábado | E28: =+[7]Resumen!E28 -> 4 | F28: =+[7]Resumen!F28*1000 -> 0 | G28: =+[7]Resumen!G28*1000 -> 0 | H28: =+[7]Resumen!H28*1000 -> 0 | I28: =+[7]Resumen!I28*1000 -> 0 | J28: =+[7]Resumen!J28*1000 -> 0 | K28: =+[7]Resumen!K28*1000 -> 0 | L28: =+[7]Resumen!L28*1000 -> 0 | M28: =+[7]Resumen!M28*1000 -> 128003.63 | ... AC28: =+[7]Resumen!AC28*1000 -> 0
D29: Domingo | E29: =+[7]Resumen!E29 -> 4 | F29: =+[7]Resumen!F29*1000 -> 0 | G29: =+[7]Resumen!G29*1000 -> 0 | H29: =+[7]Resumen!H29*1000 -> 0 | I29: =+[7]Resumen!I29*1000 -> 0 | J29: =+[7]Resumen!J29*1000 -> 0 | K29: =+[7]Resumen!K29*1000 -> 0 | L29: =+[7]Resumen!L29*1000 -> 0 | M29: =+[7]Resumen!M29*1000 -> 103189.38 | ... AC29: =+[7]Resumen!AC29*1000 -> 0
D30: Festivo | E30: =+[7]Resumen!E30 -> 1 | F30: =+[7]Resumen!F30*1000 -> 0 | G30: =+[7]Resumen!G30*1000 -> 0 | H30: =+[7]Resumen!H30*1000 -> 0 | I30: =+[7]Resumen!I30*1000 -> 0 | J30: =+[7]Resumen!J30*1000 -> 0 | K30: =+[7]Resumen!K30*1000 -> 0 | L30: =+[7]Resumen!L30*1000 -> 0 | M30: =+[7]Resumen!M30*1000 -> 101677.1 | ... AC30: =+[7]Resumen!AC30*1000 -> 0
C31: Jul | D31: Ordinario | E31: =+[7]Resumen!E31 -> 20 | F31: =+[7]Resumen!F31*1000 -> 0 | G31: =+[7]Resumen!G31*1000 -> 0 | H31: =+[7]Resumen!H31*1000 -> 0 | I31: =+[7]Resumen!I31*1000 -> 0 | J31: =+[7]Resumen!J31*1000 -> 0 | K31: =+[7]Resumen!K31*1000 -> 0 | L31: =+[7]Resumen!L31*1000 -> 0 | M31: =+[7]Resumen!M31*1000 -> 137036.86 | ... AC31: =+[7]Resumen!AC31*1000 -> 0 | AD31: =SUM(F31:AC31)*E31+SUM(F32:AC32)*E32+SUM(F33:AC33)*E33+SUM(F34:AC34)*E34 -> 48647264
D32: Sábado | E32: =+[7]Resumen!E32 -> 5 | F32: =+[7]Resumen!F32*1000 -> 0 | G32: =+[7]Resumen!G32*1000 -> 0 | H32: =+[7]Resumen!H32*1000 -> 0 | I32: =+[7]Resumen!I32*1000 -> 0 | J32: =+[7]Resumen!J32*1000 -> 0 | K32: =+[7]Resumen!K32*1000 -> 0 | L32: =+[7]Resumen!L32*1000 -> 0 | M32: =+[7]Resumen!M32*1000 -> 122549.71 | ... AC32: =+[7]Resumen!AC32*1000 -> 0
D33: Domingo | E33: =+[7]Resumen!E33 -> 4 | F33: =+[7]Resumen!F33*1000 -> 0 | G33: =+[7]Resumen!G33*1000 -> 0 | H33: =+[7]Resumen!H33*1000 -> 0 | I33: =+[7]Resumen!I33*1000 -> 0 | J33: =+[7]Resumen!J33*1000 -> 0 | K33: =+[7]Resumen!K33*1000 -> 0 | L33: =+[7]Resumen!L33*1000 -> 0 | M33: =+[7]Resumen!M33*1000 -> 99093.334 | ... AC33: =+[7]Resumen!AC33*1000 -> 0
D34: Festivo | E34: =+[7]Resumen!E34 -> 2 | F34: =+[7]Resumen!F34*1000 -> 0 | G34: =+[7]Resumen!G34*1000 -> 0 | H34: =+[7]Resumen!H34*1000 -> 0 | I34: =+[7]Resumen!I34*1000 -> 0 | J34: =+[7]Resumen!J34*1000 -> 0 | K34: =+[7]Resumen!K34*1000 -> 0 | L34: =+[7]Resumen!L34*1000 -> 0 | M34: =+[7]Resumen!M34*1000 -> 101539.12 | ... AC34: =+[7]Resumen!AC34*1000 -> 0
C35: Ago | D35: Ordinario | E35: =+[7]Resumen!E35 -> 21 | F35: =+[7]Resumen!F35*1000 -> 0 | G35: =+[7]Resumen!G35*1000 -> 0 | H35: =+[7]Resumen!H35*1000 -> 0 | I35: =+[7]Resumen!I35*1000 -> 0 | J35: =+[7]Resumen!J35*1000 -> 0 | K35: =+[7]Resumen!K35*1000 -> 0 | L35: =+[7]Resumen!L35*1000 -> 0 | M35: =+[7]Resumen!M35*1000 -> 138969.41 | ... AC35: =+[7]Resumen!AC35*1000 -> 0 | AD35: =SUM(F35:AC35)*E35+SUM(F36:AC36)*E36+SUM(F37:AC37)*E37+SUM(F38:AC38)*E38 -> 48784334
D36: Sábado | E36: =+[7]Resumen!E36 -> 3 | F36: =+[7]Resumen!F36*1000 -> 0 | G36: =+[7]Resumen!G36*1000 -> 0 | H36: =+[7]Resumen!H36*1000 -> 0 | I36: =+[7]Resumen!I36*1000 -> 0 | J36: =+[7]Resumen!J36*1000 -> 0 | K36: =+[7]Resumen!K36*1000 -> 0 | L36: =+[7]Resumen!L36*1000 -> 0 | M36: =+[7]Resumen!M36*1000 -> 125740.01 | ... AC36: =+[7]Resumen!AC36*1000 -> 0
D37: Domingo | E37: =+[7]Resumen!E37 -> 5 | F37: =+[7]Resumen!F37*1000 -> 0 | G37: =+[7]Resumen!G37*1000 -> 0 | H37: =+[7]Resumen!H37*1000 -> 0 | I37: =+[7]Resumen!I37*1000 -> 0 | J37: =+[7]Resumen!J37*1000 -> 0 | K37: =+[7]Resumen!K37*1000 -> 0 | L37: =+[7]Resumen!L37*1000 -> 0 | M37: =+[7]Resumen!M37*1000 -> 99030.73 | ... AC37: =+[7]Resumen!AC37*1000 -> 0
D38: Festivo | E38: =+[7]Resumen!E38 -> 2 | F38: =+[7]Resumen!F38*1000 -> 0 | G38: =+[7]Resumen!G38*1000 -> 0 | H38: =+[7]Resumen!H38*1000 -> 0 | I38: =+[7]Resumen!I38*1000 -> 0 | J38: =+[7]Resumen!J38*1000 -> 0 | K38: =+[7]Resumen!K38*1000 -> 0 | L38: =+[7]Resumen!L38*1000 -> 0 | M38: =+[7]Resumen!M38*1000 -> 104158.54 | ... AC38: =+[7]Resumen!AC38*1000 -> 0
C39: Sep | D39: Ordinario | E39: =+[7]Resumen!E39 -> 22 | F39: =+[7]Resumen!F39*1000 -> 0 | G39: =+[7]Resumen!G39*1000 -> 0 | H39: =+[7]Resumen!H39*1000 -> 0 | I39: =+[7]Resumen!I39*1000 -> 0 | J39: =+[7]Resumen!J39*1000 -> 0 | K39: =+[7]Resumen!K39*1000 -> 0 | L39: =+[7]Resumen!L39*1000 -> 0 | M39: =+[7]Resumen!M39*1000 -> 143270.79 | ... AC39: =+[7]Resumen!AC39*1000 -> 0 | AD39: =SUM(F39:AC39)*E39+SUM(F40:AC40)*E40+SUM(F41:AC41)*E41+SUM(F42:AC42)*E42 -> 49487011
D40: Sábado | E40: =+[7]Resumen!E40 -> 4 | F40: =+[7]Resumen!F40*1000 -> 0 | G40: =+[7]Resumen!G40*1000 -> 0 | H40: =+[7]Resumen!H40*1000 -> 0 | I40: =+[7]Resumen!I40*1000 -> 0 | J40: =+[7]Resumen!J40*1000 -> 0 | K40: =+[7]Resumen!K40*1000 -> 0 | L40: =+[7]Resumen!L40*1000 -> 0 | M40: =+[7]Resumen!M40*1000 -> 130163.32 | ... AC40: =+[7]Resumen!AC40*1000 -> 0
D41: Domingo | E41: =+[7]Resumen!E41 -> 4 | F41: =+[7]Resumen!F41*1000 -> 0 | G41: =+[7]Resumen!G41*1000 -> 0 | H41: =+[7]Resumen!H41*1000 -> 0 | I41: =+[7]Resumen!I41*1000 -> 0 | J41: =+[7]Resumen!J41*1000 -> 0 | K41: =+[7]Resumen!K41*1000 -> 0 | L41: =+[7]Resumen!L41*1000 -> 0 | M41: =+[7]Resumen!M41*1000 -> 101547.26 | ... AC41: =+[7]Resumen!AC41*1000 -> 0
D42: Festivo | E42: =+[7]Resumen!E42 -> 0 | F42: =+[7]Resumen!F42*1000 -> 0 | G42: =+[7]Resumen!G42*1000 -> 0 | H42: =+[7]Resumen!H42*1000 -> 0 | I42: =+[7]Resumen!I42*1000 -> 0 | J42: =+[7]Resumen!J42*1000 -> 0 | K42: =+[7]Resumen!K42*1000 -> 0 | L42: =+[7]Resumen!L42*1000 -> 0 | M42: =+[7]Resumen!M42*1000 -> 0 | ... AC42: =+[7]Resumen!AC42*1000 -> 0
C43: Oct | D43: Ordinario | E43: =+[7]Resumen!E43 -> 20 | F43: =+[7]Resumen!F43*1000 -> 0 | G43: =+[7]Resumen!G43*1000 -> 0 | H43: =+[7]Resumen!H43*1000 -> 0 | I43: =+[7]Resumen!I43*1000 -> 0 | J43: =+[7]Resumen!J43*1000 -> 0 | K43: =+[7]Resumen!K43*1000 -> 0 | L43: =+[7]Resumen!L43*1000 -> 0 | M43: =+[7]Resumen!M43*1000 -> 139227.24 | ... AC43: =+[7]Resumen!AC43*1000 -> 0 | AD43: =SUM(F43:AC43)*E43+SUM(F44:AC44)*E44+SUM(F45:AC45)*E45+SUM(F46:AC46)*E46 -> 49273042
D44: Sábado | E44: =+[7]Resumen!E44 -> 5 | F44: =+[7]Resumen!F44*1000 -> 0 | G44: =+[7]Resumen!G44*1000 -> 0 | H44: =+[7]Resumen!H44*1000 -> 0 | I44: =+[7]Resumen!I44*1000 -> 0 | J44: =+[7]Resumen!J44*1000 -> 0 | K44: =+[7]Resumen!K44*1000 -> 0 | L44: =+[7]Resumen!L44*1000 -> 0 | M44: =+[7]Resumen!M44*1000 -> 126944.05 | ... AC44: =+[7]Resumen!AC44*1000 -> 0
D45: Domingo | E45: =+[7]Resumen!E45 -> 5 | F45: =+[7]Resumen!F45*1000 -> 0 | G45: =+[7]Resumen!G45*1000 -> 0 | H45: =+[7]Resumen!H45*1000 -> 0 | I45: =+[7]Resumen!I45*1000 -> 0 | J45: =+[7]Resumen!J45*1000 -> 0 | K45: =+[7]Resumen!K45*1000 -> 0 | L45: =+[7]Resumen!L45*1000 -> 0 | M45: =+[7]Resumen!M45*1000 -> 102855.23 | ... AC45: =+[7]Resumen!AC45*1000 -> 0
D46: Festivo | E46: =+[7]Resumen!E46 -> 1 | F46: =+[7]Resumen!F46*1000 -> 0 | G46: =+[7]Resumen!G46*1000 -> 0 | H46: =+[7]Resumen!H46*1000 -> 0 | I46: =+[7]Resumen!I46*1000 -> 0 | J46: =+[7]Resumen!J46*1000 -> 0 | K46: =+[7]Resumen!K46*1000 -> 0 | L46: =+[7]Resumen!L46*1000 -> 0 | M46: =+[7]Resumen!M46*1000 -> 101449.17 | ... AC46: =+[7]Resumen!AC46*1000 -> 0
C47: Nov | D47: Ordinario | E47: =+[7]Resumen!E47 -> 20 | F47: =+[7]Resumen!F47*1000 -> 0 | G47: =+[7]Resumen!G47*1000 -> 0 | H47: =+[7]Resumen!H47*1000 -> 0 | I47: =+[7]Resumen!I47*1000 -> 0 | J47: =+[7]Resumen!J47*1000 -> 0 | K47: =+[7]Resumen!K47*1000 -> 0 | L47: =+[7]Resumen!L47*1000 -> 0 | M47: =+[7]Resumen!M47*1000 -> 146388.36 | ... AC47: =+[7]Resumen!AC47*1000 -> 0 | AD47: =SUM(F47:AC47)*E47+SUM(F48:AC48)*E48+SUM(F49:AC49)*E49+SUM(F50:AC50)*E50 -> 49538573
D48: Sábado | E48: =+[7]Resumen!E48 -> 4 | F48: =+[7]Resumen!F48*1000 -> 0 | G48: =+[7]Resumen!G48*1000 -> 0 | H48: =+[7]Resumen!H48*1000 -> 0 | I48: =+[7]Resumen!I48*1000 -> 0 | J48: =+[7]Resumen!J48*1000 -> 0 | K48: =+[7]Resumen!K48*1000 -> 0 | L48: =+[7]Resumen!L48*1000 -> 0 | M48: =+[7]Resumen!M48*1000 -> 132873.58 | ... AC48: =+[7]Resumen!AC48*1000 -> 0
D49: Domingo | E49: =+[7]Resumen!E49 -> 4 | F49: =+[7]Resumen!F49*1000 -> 0 | G49: =+[7]Resumen!G49*1000 -> 0 | H49: =+[7]Resumen!H49*1000 -> 0 | I49: =+[7]Resumen!I49*1000 -> 0 | J49: =+[7]Resumen!J49*1000 -> 0 | K49: =+[7]Resumen!K49*1000 -> 0 | L49: =+[7]Resumen!L49*1000 -> 0 | M49: =+[7]Resumen!M49*1000 -> 105014.37 | ... AC49: =+[7]Resumen!AC49*1000 -> 0
D50: Festivo | E50: =+[7]Resumen!E50 -> 2 | F50: =+[7]Resumen!F50*1000 -> 0 | G50: =+[7]Resumen!G50*1000 -> 0 | H50: =+[7]Resumen!H50*1000 -> 0 | I50: =+[7]Resumen!I50*1000 -> 0 | J50: =+[7]Resumen!J50*1000 -> 0 | K50: =+[7]Resumen!K50*1000 -> 0 | L50: =+[7]Resumen!L50*1000 -> 0 | M50: =+[7]Resumen!M50*1000 -> 102372.35 | ... AC50: =+[7]Resumen!AC50*1000 -> 0
C51: Dic | D51: Ordinario | E51: =+[7]Resumen!E51 -> 22 | F51: =+[7]Resumen!F51*1000 -> 0 | G51: =+[7]Resumen!G51*1000 -> 0 | H51: =+[7]Resumen!H51*1000 -> 0 | I51: =+[7]Resumen!I51*1000 -> 0 | J51: =+[7]Resumen!J51*1000 -> 0 | K51: =+[7]Resumen!K51*1000 -> 0 | L51: =+[7]Resumen!L51*1000 -> 0 | M51: =+[7]Resumen!M51*1000 -> 133853.13 | ... AC51: =+[7]Resumen!AC51*1000 -> 0 | AD51: =SUM(F51:AC51)*E51+SUM(F52:AC52)*E52+SUM(F53:AC53)*E53+SUM(F54:AC54)*E54 -> 48561112
D52: Sábado | E52: =+[7]Resumen!E52 -> 3 | F52: =+[7]Resumen!F52*1000 -> 0 | G52: =+[7]Resumen!G52*1000 -> 0 | H52: =+[7]Resumen!H52*1000 -> 0 | I52: =+[7]Resumen!I52*1000 -> 0 | J52: =+[7]Resumen!J52*1000 -> 0 | K52: =+[7]Resumen!K52*1000 -> 0 | L52: =+[7]Resumen!L52*1000 -> 0 | M52: =+[7]Resumen!M52*1000 -> 124953.67 | ... AC52: =+[7]Resumen!AC52*1000 -> 0
D53: Domingo | E53: =+[7]Resumen!E53 -> 4 | F53: =+[7]Resumen!F53*1000 -> 0 | G53: =+[7]Resumen!G53*1000 -> 0 | H53: =+[7]Resumen!H53*1000 -> 0 | I53: =+[7]Resumen!I53*1000 -> 0 | J53: =+[7]Resumen!J53*1000 -> 0 | K53: =+[7]Resumen!K53*1000 -> 0 | L53: =+[7]Resumen!L53*1000 -> 0 | M53: =+[7]Resumen!M53*1000 -> 102063.71 | ... AC53: =+[7]Resumen!AC53*1000 -> 0
D54: Festivo | E54: =+[7]Resumen!E54 -> 2 | F54: =+[7]Resumen!F54*1000 -> 0 | G54: =+[7]Resumen!G54*1000 -> 0 | H54: =+[7]Resumen!H54*1000 -> 0 | I54: =+[7]Resumen!I54*1000 -> 0 | J54: =+[7]Resumen!J54*1000 -> 0 | K54: =+[7]Resumen!K54*1000 -> 0 | L54: =+[7]Resumen!L54*1000 -> 0 | M54: =+[7]Resumen!M54*1000 -> 90821.517 | ... AC54: =+[7]Resumen!AC54*1000 -> 0
Z55: TOTAL AÑO kWh | AD55: =SUM(AD7:AD54) -> 5.8249422e+08

Sheet Cantidades 2033
C2: CANTIDADES DE ENERGÍA SOLICITADAS (kWh)
C3: EMPRESAS PÚBLICAS DE MEDELLÍN E.S.P.
C4: 2033
C6: Mes | D6: Tipo Día | E6: Días | F6: H1 | G6: H2 | H6: H3 | I6: H4 | J6: H5 | K6: H6 | L6: H7 | M6: H8 | N6: H9 | O6: H10 | P6: H11 | Q6: H12 | R6: H13 | S6: H14 | T6: H15 | U6: H16 | V6: H17 | W6: H18 | X6: H19 | Y6: H20 | Z6: H21 | AA6: H22 | AB6: H23 | AC6: H24 | AD6: TOTAL MES
C7: Ene | D7: Ordinario | E7: =+[8]Resumen!E7 -> 20 | F7: =+[8]Resumen!F7*1000 -> 0 | G7: =+[8]Resumen!G7*1000 -> 0 | H7: =+[8]Resumen!H7*1000 -> 0 | I7: =+[8]Resumen!I7*1000 -> 0 | J7: =+[8]Resumen!J7*1000 -> 0 | K7: =+[8]Resumen!K7*1000 -> 0 | L7: =+[8]Resumen!L7*1000 -> 0 | M7: =+[8]Resumen!M7*1000 -> 205994.2 | ... AC7: =+[8]Resumen!AC7*1000 -> 0 | AD7: =SUM(F7:AC7)*E7+SUM(F8:AC8)*E8+SUM(F9:AC9)*E9+SUM(F10:AC10)*E10 -> 72688812
D8: Sábado | E8: =+[8]Resumen!E8 -> 4 | F8: =+[8]Resumen!F8*1000 -> 0 | G8: =+[8]Resumen!G8*1000 -> 0 | H8: =+[8]Resumen!H8*1000 -> 0 | I8: =+[8]Resumen!I8*1000 -> 0 | J8: =+[8]Resumen!J8*1000 -> 0 | K8: =+[8]Resumen!K8*1000 -> 0 | L8: =+[8]Resumen!L8*1000 -> 0 | M8: =+[8]Resumen!M8*1000 -> 186650.97 | ... AC8: =+[8]Resumen!AC8*1000 -> 0
D9: Domingo | E9: =+[8]Resumen!E9 -> 5 | F9: =+[8]Resumen!F9*1000 -> 0 | G9: =+[8]Resumen!G9*1000 -> 0 | H9: =+[8]Resumen!H9*1000 -> 0 | I9: =+[8]Resumen!I9*1000 -> 0 | J9: =+[8]Resumen!J9*1000 -> 0 | K9: =+[8]Resumen!K9*1000 -> 0 | L9: =+[8]Resumen!L9*1000 -> 0 | M9: =+[8]Resumen!M9*1000 -> 154759.03 | ... AC9: =+[8]Resumen!AC9*1000 -> 0
D10: Festivo | E10: =+[8]Resumen!E10 -> 2 | F10: =+[8]Resumen!F10*1000 -> 0 | G10: =+[8]Resumen!G10*1000 -> 0 | H10: =+[8]Resumen!H10*1000 -> 0 | I10: =+[8]Resumen!I10*1000 -> 0 | J10: =+[8]Resumen!J10*1000 -> 0 | K10: =+[8]Resumen!K10*1000 -> 0 | L10: =+[8]Resumen!L10*1000 -> 0 | M10: =+[8]Resumen!M10*1000 -> 138417.88 | ... AC10: =+[8]Resumen!AC10*1000 -> 0
C11: Feb | D11: Ordinario | E11: =+[8]Resumen!E11 -> 20 | F11: =+[8]Resumen!F11*1000 -> 0 | G11: =+[8]Resumen!G11*1000 -> 0 | H11: =+[8]Resumen!H11*1000 -> 0 | I11: =+[8]Resumen!I11*1000 -> 0 | J11: =+[8]Resumen!J11*1000 -> 0 | K11: =+[8]Resumen!K11*1000 -> 0 | L11: =+[8]Resumen!L11*1000 -> 0 | M11: =+[8]Resumen!M11*1000 -> 233623.69 | ... AC11: =+[8]Resumen!AC11*1000 -> 0 | AD11: =SUM(F11:AC11)*E11+SUM(F12:AC12)*E12+SUM(F13:AC13)*E13+SUM(F14:AC14)*E14 -> 73686903
D12: Sábado | E12: =+[8]Resumen!E12 -> 4 | F12: =+[8]Resumen!F12*1000 -> 0 | G12: =+[8]Resumen!G12*1000 -> 0 | H12: =+[8]Resumen!H12*1000 -> 0 | I12: =+[8]Resumen!I12*1000 -> 0 | J12: =+[8]Resumen!J12*1000 -> 0 | K12: =+[8]Resumen!K12*1000 -> 0 | L12: =+[8]Resumen!L12*1000 -> 0 | M12: =+[8]Resumen!M12*1000 -> 214924.96 | ... AC12: =+[8]Resumen!AC12*1000 -> 0
D13: Domingo | E13: =+[8]Resumen!E13 -> 4 | F13: =+[8]Resumen!F13*1000 -> 0 | G13: =+[8]Resumen!G13*1000 -> 0 | H13: =+[8]Resumen!H13*1000 -> 0 | I13: =+[8]Resumen!I13*1000 -> 0 | J13: =+[8]Resumen!J13*1000 -> 0 | K13: =+[8]Resumen!K13*1000 -> 0 | L13: =+[8]Resumen!L13*1000 -> 0 | M13: =+[8]Resumen!M13*1000 -> 174426.22 | ... AC13: =+[8]Resumen!AC13*1000 -> 0
D14: Festivo | E14: =+[8]Resumen!E14 -> 0 | F14: =+[8]Resumen!F14*1000 -> 0 | G14: =+[8]Resumen!G14*1000 -> 0 | H14: =+[8]Resumen!H14*1000 -> 0 | I14: =+[8]Resumen!I14*1000 -> 0 | J14: =+[8]Resumen!J14*1000 -> 0 | K14: =+[8]Resumen!K14*1000 -> 0 | L14: =+[8]Resumen!L14*1000 -> 0 | M14: =+[8]Resumen!M14*1000 -> 0 | ... AC14: =+[8]Resumen!AC14*1000 -> 0
C15: Mar | D15: Ordinario | E15: =+[8]Resumen!E15 -> 22 | F15: =+[8]Resumen!F15*1000 -> 0 | G15: =+[8]Resumen!G15*1000 -> 0 | H15: =+[8]Resumen!H15*1000 -> 0 | I15: =+[8]Resumen!I15*1000 -> 0 | J15: =+[8]Resumen!J15*1000 -> 0 | K15: =+[8]Resumen!K15*1000 -> 0 | L15: =+[8]Resumen!L15*1000 -> 0 | M15: =+[8]Resumen!M15*1000 -> 211827.78 | ... AC15: =+[8]Resumen!AC15*1000 -> 0 | AD15: =SUM(F15:AC15)*E15+SUM(F16:AC16)*E16+SUM(F17:AC17)*E17+SUM(F18:AC18)*E18 -> 73784624
D16: Sábado | E16: =+[8]Resumen!E16 -> 4 | F16: =+[8]Resumen!F16*1000 -> 0 | G16: =+[8]Resumen!G16*1000 -> 0 | H16: =+[8]Resumen!H16*1000 -> 0 | I16: =+[8]Resumen!I16*1000 -> 0 | J16: =+[8]Resumen!J16*1000 -> 0 | K16: =+[8]Resumen!K16*1000 -> 0 | L16: =+[8]Resumen!L16*1000 -> 0 | M16: =+[8]Resumen!M16*1000 -> 194794.94 | ... AC16: =+[8]Resumen!AC16*1000 -> 0
D17: Domingo | E17: =+[8]Resumen!E17 -> 4 | F17: =+[8]Resumen!F17*1000 -> 0 | G17: =+[8]Resumen!G17*1000 -> 0 | H17: =+[8]Resumen!H17*1000 -> 0 | I17: =+[8]Resumen!I17*1000 -> 0 | J17: =+[8]Resumen!J17*1000 -> 0 | K17: =+[8]Resumen!K17*1000 -> 0 | L17: =+[8]Resumen!L17*1000 -> 0 | M17: =+[8]Resumen!M17*1000 -> 156709.27 | ... AC17: =+[8]Resumen!AC17*1000 -> 0
D18: Festivo | E18: =+[8]Resumen!E18 -> 1 | F18: =+[8]Resumen!F18*1000 -> 0 | G18: =+[8]Resumen!G18*1000 -> 0 | H18: =+[8]Resumen!H18*1000 -> 0 | I18: =+[8]Resumen!I18*1000 -> 0 | J18: =+[8]Resumen!J18*1000 -> 0 | K18: =+[8]Resumen!K18*1000 -> 0 | L18: =+[8]Resumen!L18*1000 -> 0 | M18: =+[8]Resumen!M18*1000 -> 163493.21 | ... AC18: =+[8]Resumen!AC18*1000 -> 0
C19: Abr | D19: Ordinario | E19: =+[8]Resumen!E19 -> 19 | F19: =+[8]Resumen!F19*1000 -> 0 | G19: =+[8]Resumen!G19*1000 -> 0 | H19: =+[8]Resumen!H19*1000 -> 0 | I19: =+[8]Resumen!I19*1000 -> 0 | J19: =+[8]Resumen!J19*1000 -> 0 | K19: =+[8]Resumen!K19*1000 -> 0 | L19: =+[8]Resumen!L19*1000 -> 0 | M19: =+[8]Resumen!M19*1000 -> 218857.86 | ... AC19: =+[8]Resumen!AC19*1000 -> 0 | AD19: =SUM(F19:AC19)*E19+SUM(F20:AC20)*E20+SUM(F21:AC21)*E21+SUM(F22:AC22)*E22 -> 73219825
D20: Sábado | E20: =+[8]Resumen!E20 -> 5 | F20: =+[8]Resumen!F20*1000 -> 0 | G20: =+[8]Resumen!G20*1000 -> 0 | H20: =+[8]Resumen!H20*1000 -> 0 | I20: =+[8]Resumen!I20*1000 -> 0 | J20: =+[8]Resumen!J20*1000 -> 0 | K20: =+[8]Resumen!K20*1000 -> 0 | L20: =+[8]Resumen!L20*1000 -> 0 | M20: =+[8]Resumen!M20*1000 -> 194455.58 | ... AC20: =+[8]Resumen!AC20*1000 -> 0
D21: Domingo | E21: =+[8]Resumen!E21 -> 4 | F21: =+[8]Resumen!F21*1000 -> 0 | G21: =+[8]Resumen!G21*1000 -> 0 | H21: =+[8]Resumen!H21*1000 -> 0 | I21: =+[8]Resumen!I21*1000 -> 0 | J21: =+[8]Resumen!J21*1000 -> 0 | K21: =+[8]Resumen!K21*1000 -> 0 | L21: =+[8]Resumen!L21*1000 -> 0 | M21: =+[8]Resumen!M21*1000 -> 165961.66 | ... AC21: =+[8]Resumen!AC21*1000 -> 0
D22: Festivo | E22: =+[8]Resumen!E22 -> 2 | F22: =+[8]Resumen!F22*1000 -> 0 | G22: =+[8]Resumen!G22*1000 -> 0 | H22: =+[8]Resumen!H22*1000 -> 0 | I22: =+[8]Resumen!I22*1000 -> 0 | J22: =+[8]Resumen!J22*1000 -> 0 | K22: =+[8]Resumen!K22*1000 -> 0 | L22: =+[8]Resumen!L22*1000 -> 0 | M22: =+[8]Resumen!M22*1000 -> 167409.21 | ... AC22: =+[8]Resumen!AC22*1000 -> 0
C23: May | D23: Ordinario | E23: =+[8]Resumen!E23 -> 21 | F23: =+[8]Resumen!F23*1000 -> 0 | G23: =+[8]Resumen!G23*1000 -> 0 | H23: =+[8]Resumen!H23*1000 -> 0 | I23: =+[8]Resumen!I23*1000 -> 0 | J23: =+[8]Resumen!J23*1000 -> 0 | K23: =+[8]Resumen!K23*1000 -> 0 | L23: =+[8]Resumen!L23*1000 -> 0 | M23: =+[8]Resumen!M23*1000 -> 211383.28 | ... AC23: =+[8]Resumen!AC23*1000 -> 0 | AD23: =SUM(F23:AC23)*E23+SUM(F24:AC24)*E24+SUM(F25:AC25)*E25+SUM(F26:AC26)*E26 -> 73429460
D24: Sábado | E24: =+[8]Resumen!E24 -> 4 | F24: =+[8]Resumen!F24*1000 -> 0 | G24: =+[8]Resumen!G24*1000 -> 0 | H24: =+[8]Resumen!H24*1000 -> 0 | I24: =+[8]Resumen!I24*1000 -> 0 | J24: =+[8]Resumen!J24*1000 -> 0 | K24: =+[8]Resumen!K24*1000 -> 0 | L24: =+[8]Resumen!L24*1000 -> 0 | M24: =+[8]Resumen!M24*1000 -> 192962.45 | ... AC24: =+[8]Resumen!AC24*1000 -> 0
D25: Domingo | E25: =+[8]Resumen!E25 -> 4 | F25: =+[8]Resumen!F25*1000 -> 0 | G25: =+[8]Resumen!G25*1000 -> 0 | H25: =+[8]Resumen!H25*1000 -> 0 | I25: =+[8]Resumen!I25*1000 -> 0 | J25: =+[8]Resumen!J25*1000 -> 0 | K25: =+[8]Resumen!K25*1000 -> 0 | L25: =+[8]Resumen!L25*1000 -> 0 | M25: =+[8]Resumen!M25*1000 -> 156788 | ... AC25: =+[8]Resumen!AC25*1000 -> 0
D26: Festivo | E26: =+[8]Resumen!E26 -> 2 | F26: =+[8]Resumen!F26*1000 -> 0 | G26: =+[8]Resumen!G26*1000 -> 0 | H26: =+[8]Resumen!H26*1000 -> 0 | I26: =+[8]Resumen!I26*1000 -> 0 | J26: =+[8]Resumen!J26*1000 -> 0 | K26: =+[8]Resumen!K26*1000 -> 0 | L26: =+[8]Resumen!L26*1000 -> 0 | M26: =+[8]Resumen!M26*1000 -> 164307.31 | ... AC26: =+[8]Resumen!AC26*1000 -> 0
C27: Jun | D27: Ordinario | E27: =+[8]Resumen!E27 -> 20 | F27: =+[8]Resumen!F27*1000 -> 0 | G27: =+[8]Resumen!G27*1000 -> 0 | H27: =+[8]Resumen!H27*1000 -> 0 | I27: =+[8]Resumen!I27*1000 -> 0 | J27: =+[8]Resumen!J27*1000 -> 0 | K27: =+[8]Resumen!K27*1000 -> 0 | L27: =+[8]Resumen!L27*1000 -> 0 | M27: =+[8]Resumen!M27*1000 -> 218633.19 | ... AC27: =+[8]Resumen!AC27*1000 -> 0 | AD27: =SUM(F27:AC27)*E27+SUM(F28:AC28)*E28+SUM(F29:AC29)*E29+SUM(F30:AC30)*E30 -> 74126636
D28: Sábado | E28: =+[8]Resumen!E28 -> 4 | F28: =+[8]Resumen!F28*1000 -> 0 | G28: =+[8]Resumen!G28*1000 -> 0 | H28: =+[8]Resumen!H28*1000 -> 0 | I28: =+[8]Resumen!I28*1000 -> 0 | J28: =+[8]Resumen!J28*1000 -> 0 | K28: =+[8]Resumen!K28*1000 -> 0 | L28: =+[8]Resumen!L28*1000 -> 0 | M28: =+[8]Resumen!M28*1000 -> 199679.51 | ... AC28: =+[8]Resumen!AC28*1000 -> 0
D29: Domingo | E29: =+[8]Resumen!E29 -> 4 | F29: =+[8]Resumen!F29*1000 -> 0 | G29: =+[8]Resumen!G29*1000 -> 0 | H29: =+[8]Resumen!H29*1000 -> 0 | I29: =+[8]Resumen!I29*1000 -> 0 | J29: =+[8]Resumen!J29*1000 -> 0 | K29: =+[8]Resumen!K29*1000 -> 0 | L29: =+[8]Resumen!L29*1000 -> 0 | M29: =+[8]Resumen!M29*1000 -> 164026.87 | ... AC29: =+[8]Resumen!AC29*1000 -> 0
D30: Festivo | E30: =+[8]Resumen!E30 -> 2 | F30: =+[8]Resumen!F30*1000 -> 0 | G30: =+[8]Resumen!G30*1000 -> 0 | H30: =+[8]Resumen!H30*1000 -> 0 | I30: =+[8]Resumen!I30*1000 -> 0 | J30: =+[8]Resumen!J30*1000 -> 0 | K30: =+[8]Resumen!K30*1000 -> 0 | L30: =+[8]Resumen!L30*1000 -> 0 | M30: =+[8]Resumen!M30*1000 -> 161854.06 | ... AC30: =+[8]Resumen!AC30*1000 -> 0
C31: Jul | D31: Ordinario | E31: =+[8]Resumen!E31 -> 19 | F31: =+[8]Resumen!F31*1000 -> 0 | G31: =+[8]Resumen!G31*1000 -> 0 | H31: =+[8]Resumen!H31*1000 -> 0 | I31: =+[8]Resumen!I31*1000 -> 0 | J31: =+[8]Resumen!J31*1000 -> 0 | K31: =+[8]Resumen!K31*1000 -> 0 | L31: =+[8]Resumen!L31*1000 -> 0 | M31: =+[8]Resumen!M31*1000 -> 212671.88 | ... AC31: =+[8]Resumen!AC31*1000 -> 0 | AD31: =SUM(F31:AC31)*E31+SUM(F32:AC32)*E32+SUM(F33:AC33)*E33+SUM(F34:AC34)*E34 -> 74290081
D32: Sábado | E32: =+[8]Resumen!E32 -> 5 | F32: =+[8]Resumen!F32*1000 -> 0 | G32: =+[8]Resumen!G32*1000 -> 0 | H32: =+[8]Resumen!H32*1000 -> 0 | I32: =+[8]Resumen!I32*1000 -> 0 | J32: =+[8]Resumen!J32*1000 -> 0 | K32: =+[8]Resumen!K32*1000 -> 0 | L32: =+[8]Resumen!L32*1000 -> 0 | M32: =+[8]Resumen!M32*1000 -> 191855.85 | ... AC32: =+[8]Resumen!AC32*1000 -> 0
D33: Domingo | E33: =+[8]Resumen!E33 -> 5 | F33: =+[8]Resumen!F33*1000 -> 0 | G33: =+[8]Resumen!G33*1000 -> 0 | H33: =+[8]Resumen!H33*1000 -> 0 | I33: =+[8]Resumen!I33*1000 -> 0 | J33: =+[8]Resumen!J33*1000 -> 0 | K33: =+[8]Resumen!K33*1000 -> 0 | L33: =+[8]Resumen!L33*1000 -> 0 | M33: =+[8]Resumen!M33*1000 -> 158152.28 | ... AC33: =+[8]Resumen!AC33*1000 -> 0
D34: Festivo | E34: =+[8]Resumen!E34 -> 2 | F34: =+[8]Resumen!F34*1000 -> 0 | G34: =+[8]Resumen!G34*1000 -> 0 | H34: =+[8]Resumen!H34*1000 -> 0 | I34: =+[8]Resumen!I34*1000 -> 0 | J34: =+[8]Resumen!J34*1000 -> 0 | K34: =+[8]Resumen!K34*1000 -> 0 | L34: =+[8]Resumen!L34*1000 -> 0 | M34: =+[8]Resumen!M34*1000 -> 161666.54 | ... AC34: =+[8]Resumen!AC34*1000 -> 0
C35: Ago | D35: Ordinario | E35: =+[8]Resumen!E35 -> 22 | F35: =+[8]Resumen!F35*1000 -> 0 | G35: =+[8]Resumen!G35*1000 -> 0 | H35: =+[8]Resumen!H35*1000 -> 0 | I35: =+[8]Resumen!I35*1000 -> 0 | J35: =+[8]Resumen!J35*1000 -> 0 | K35: =+[8]Resumen!K35*1000 -> 0 | L35: =+[8]Resumen!L35*1000 -> 0 | M35: =+[8]Resumen!M35*1000 -> 212488.58 | ... AC35: =+[8]Resumen!AC35*1000 -> 0 | AD35: =SUM(F35:AC35)*E35+SUM(F36:AC36)*E36+SUM(F37:AC37)*E37+SUM(F38:AC38)*E38 -> 74834151
D36: Sábado | E36: =+[8]Resumen!E36 -> 4 | F36: =+[8]Resumen!F36*1000 -> 0 | G36: =+[8]Resumen!G36*1000 -> 0 | H36: =+[8]Resumen!H36*1000 -> 0 | I36: =+[8]Resumen!I36*1000 -> 0 | J36: =+[8]Resumen!J36*1000 -> 0 | K36: =+[8]Resumen!K36*1000 -> 0 | L36: =+[8]Resumen!L36*1000 -> 0 | M36: =+[8]Resumen!M36*1000 -> 193710.71 | ... AC36: =+[8]Resumen!AC36*1000 -> 0
D37: Domingo | E37: =+[8]Resumen!E37 -> 3 | F37: =+[8]Resumen!F37*1000 -> 0 | G37: =+[8]Resumen!G37*1000 -> 0 | H37: =+[8]Resumen!H37*1000 -> 0 | I37: =+[8]Resumen!I37*1000 -> 0 | J37: =+[8]Resumen!J37*1000 -> 0 | K37: =+[8]Resumen!K37*1000 -> 0 | L37: =+[8]Resumen!L37*1000 -> 0 | M37: =+[8]Resumen!M37*1000 -> 155799.42 | ... AC37: =+[8]Resumen!AC37*1000 -> 0
D38: Festivo | E38: =+[8]Resumen!E38 -> 2 | F38: =+[8]Resumen!F38*1000 -> 0 | G38: =+[8]Resumen!G38*1000 -> 0 | H38: =+[8]Resumen!H38*1000 -> 0 | I38: =+[8]Resumen!I38*1000 -> 0 | J38: =+[8]Resumen!J38*1000 -> 0 | K38: =+[8]Resumen!K38*1000 -> 0 | L38: =+[8]Resumen!L38*1000 -> 0 | M38: =+[8]Resumen!M38*1000 -> 163077.86 | ... AC38: =+[8]Resumen!AC38*1000 -> 0
C39: Sep | D39: Ordinario | E39: =+[8]Resumen!E39 -> 22 | F39: =+[8]Resumen!F39*1000 -> 0 | G39: =+[8]Resumen!G39*1000 -> 0 | H39: =+[8]Resumen!H39*1000 -> 0 | I39: =+[8]Resumen!I39*1000 -> 0 | J39: =+[8]Resumen!J39*1000 -> 0 | K39: =+[8]Resumen!K39*1000 -> 0 | L39: =+[8]Resumen!L39*1000 -> 0 | M39: =+[8]Resumen!M39*1000 -> 220494.59 | ... AC39: =+[8]Resumen!AC39*1000 -> 0 | AD39: =SUM(F39:AC39)*E39+SUM(F40:AC40)*E40+SUM(F41:AC41)*E41+SUM(F42:AC42)*E42 -> 75453820
D40: Sábado | E40: =+[8]Resumen!E40 -> 4 | F40: =+[8]Resumen!F40*1000 -> 0 | G40: =+[8]Resumen!G40*1000 -> 0 | H40: =+[8]Resumen!H40*1000 -> 0 | I40: =+[8]Resumen!I40*1000 -> 0 | J40: =+[8]Resumen!J40*1000 -> 0 | K40: =+[8]Resumen!K40*1000 -> 0 | L40: =+[8]Resumen!L40*1000 -> 0 | M40: =+[8]Resumen!M40*1000 -> 201746.5 | ... AC40: =+[8]Resumen!AC40*1000 -> 0
D41: Domingo | E41: =+[8]Resumen!E41 -> 4 | F41: =+[8]Resumen!F41*1000 -> 0 | G41: =+[8]Resumen!G41*1000 -> 0 | H41: =+[8]Resumen!H41*1000 -> 0 | I41: =+[8]Resumen!I41*1000 -> 0 | J41: =+[8]Resumen!J41*1000 -> 0 | K41: =+[8]Resumen!K41*1000 -> 0 | L41: =+[8]Resumen!L41*1000 -> 0 | M41: =+[8]Resumen!M41*1000 -> 160815.91 | ... AC41: =+[8]Resumen!AC41*1000 -> 0
D42: Festivo | E42: =+[8]Resumen!E42 -> 0 | F42: =+[8]Resumen!F42*1000 -> 0 | G42: =+[8]Resumen!G42*1000 -> 0 | H42: =+[8]Resumen!H42*1000 -> 0 | I42: =+[8]Resumen!I42*1000 -> 0 | J42: =+[8]Resumen!J42*1000 -> 0 | K42: =+[8]Resumen!K42*1000 -> 0 | L42: =+[8]Resumen!L42*1000 -> 0 | M42: =+[8]Resumen!M42*1000 -> 0 | ... AC42: =+[8]Resumen!AC42*1000 -> 0
C43: Oct | D43: Ordinario | E43: =+[8]Resumen!E43 -> 20 | F43: =+[8]Resumen!F43*1000 -> 0 | G43: =+[8]Resumen!G43*1000 -> 0 | H43: =+[8]Resumen!H43*1000 -> 0 | I43: =+[8]Resumen!I43*1000 -> 0 | J43: =+[8]Resumen!J43*1000 -> 0 | K43: =+[8]Resumen!K43*1000 -> 0 | L43: =+[8]Resumen!L43*1000 -> 0 | M43: =+[8]Resumen!M43*1000 -> 214713.14 | ... AC43: =+[8]Resumen!AC43*1000 -> 0 | AD43: =SUM(F43:AC43)*E43+SUM(F44:AC44)*E44+SUM(F45:AC45)*E45+SUM(F46:AC46)*E46 -> 75304223
D44: Sábado | E44: =+[8]Resumen!E44 -> 5 | F44: =+[8]Resumen!F44*1000 -> 0 | G44: =+[8]Resumen!G44*1000 -> 0 | H44: =+[8]Resumen!H44*1000 -> 0 | I44: =+[8]Resumen!I44*1000 -> 0 | J44: =+[8]Resumen!J44*1000 -> 0 | K44: =+[8]Resumen!K44*1000 -> 0 | L44: =+[8]Resumen!L44*1000 -> 0 | M44: =+[8]Resumen!M44*1000 -> 197143.89 | ... AC44: =+[8]Resumen!AC44*1000 -> 0
D45: Domingo | E45: =+[8]Resumen!E45 -> 5 | F45: =+[8]Resumen!F45*1000 -> 0 | G45: =+[8]Resumen!G45*1000 -> 0 | H45: =+[8]Resumen!H45*1000 -> 0 | I45: =+[8]Resumen!I45*1000 -> 0 | J45: =+[8]Resumen!J45*1000 -> 0 | K45: =+[8]Resumen!K45*1000 -> 0 | L45: =+[8]Resumen!L45*1000 -> 0 | M45: =+[8]Resumen!M45*1000 -> 162688.47 | ... AC45: =+[8]Resumen!AC45*1000 -> 0
D46: Festivo | E46: =+[8]Resumen!E46 -> 1 | F46: =+[8]Resumen!F46*1000 -> 0 | G46: =+[8]Resumen!G46*1000 -> 0 | H46: =+[8]Resumen!H46*1000 -> 0 | I46: =+[8]Resumen!I46*1000 -> 0 | J46: =+[8]Resumen!J46*1000 -> 0 | K46: =+[8]Resumen!K46*1000 -> 0 | L46: =+[8]Resumen!L46*1000 -> 0 | M46: =+[8]Resumen!M46*1000 -> 160677.32 | ... AC46: =+[8]Resumen!AC46*1000 -> 0
C47: Nov | D47: Ordinario | E47: =+[8]Resumen!E47 -> 20 | F47: =+[8]Resumen!F47*1000 -> 0 | G47: =+[8]Resumen!G47*1000 -> 0 | H47: =+[8]Resumen!H47*1000 -> 0 | I47: =+[8]Resumen!I47*1000 -> 0 | J47: =+[8]Resumen!J47*1000 -> 0 | K47: =+[8]Resumen!K47*1000 -> 0 | L47: =+[8]Resumen!L47*1000 -> 0 | M47: =+[8]Resumen!M47*1000 -> 224952.2 | ... AC47: =+[8]Resumen!AC47*1000 -> 0 | AD47: =SUM(F47:AC47)*E47+SUM(F48:AC48)*E48+SUM(F49:AC49)*E49+SUM(F50:AC50)*E50 -> 75527053
D48: Sábado | E48: =+[8]Resumen!E48 -> 4 | F48: =+[8]Resumen!F48*1000 -> 0 | G48: =+[8]Resumen!G48*1000 -> 0 | H48: =+[8]Resumen!H48*1000 -> 0 | I48: =+[8]Resumen!I48*1000 -> 0 | J48: =+[8]Resumen!J48*1000 -> 0 | K48: =+[8]Resumen!K48*1000 -> 0 | L48: =+[8]Resumen!L48*1000 -> 0 | M48: =+[8]Resumen!M48*1000 -> 205621.64 | ... AC48: =+[8]Resumen!AC48*1000 -> 0
D49: Domingo | E49: =+[8]Resumen!E49 -> 4 | F49: =+[8]Resumen!F49*1000 -> 0 | G49: =+[8]Resumen!G49*1000 -> 0 | H49: =+[8]Resumen!H49*1000 -> 0 | I49: =+[8]Resumen!I49*1000 -> 0 | J49: =+[8]Resumen!J49*1000 -> 0 | K49: =+[8]Resumen!K49*1000 -> 0 | L49: =+[8]Resumen!L49*1000 -> 0 | M49: =+[8]Resumen!M49*1000 -> 165773.85 | ... AC49: =+[8]Resumen!AC49*1000 -> 0
D50: Festivo | E50: =+[8]Resumen!E50 -> 2 | F50: =+[8]Resumen!F50*1000 -> 0 | G50: =+[8]Resumen!G50*1000 -> 0 | H50: =+[8]Resumen!H50*1000 -> 0 | I50: =+[8]Resumen!I50*1000 -> 0 | J50: =+[8]Resumen!J50*1000 -> 0 | K50: =+[8]Resumen!K50*1000 -> 0 | L50: =+[8]Resumen!L50*1000 -> 0 | M50: =+[8]Resumen!M50*1000 -> 161994.89 | ... AC50: =+[8]Resumen!AC50*1000 -> 0
C51: Dic | D51: Ordinario | E51: =+[8]Resumen!E51 -> 21 | F51: =+[8]Resumen!F51*1000 -> 0 | G51: =+[8]Resumen!G51*1000 -> 0 | H51: =+[8]Resumen!H51*1000 -> 0 | I51: =+[8]Resumen!I51*1000 -> 0 | J51: =+[8]Resumen!J51*1000 -> 0 | K51: =+[8]Resumen!K51*1000 -> 0 | L51: =+[8]Resumen!L51*1000 -> 0 | M51: =+[8]Resumen!M51*1000 -> 206845.59 | ... AC51: =+[8]Resumen!AC51*1000 -> 0 | AD51: =SUM(F51:AC51)*E51+SUM(F52:AC52)*E52+SUM(F53:AC53)*E53+SUM(F54:AC54)*E54 -> 74324882
D52: Sábado | E52: =+[8]Resumen!E52 -> 5 | F52: =+[8]Resumen!F52*1000 -> 0 | G52: =+[8]Resumen!G52*1000 -> 0 | H52: =+[8]Resumen!H52*1000 -> 0 | I52: =+[8]Resumen!I52*1000 -> 0 | J52: =+[8]Resumen!J52*1000 -> 0 | K52: =+[8]Resumen!K52*1000 -> 0 | L52: =+[8]Resumen!L52*1000 -> 0 | M52: =+[8]Resumen!M52*1000 -> 194126.04 | ... AC52: =+[8]Resumen!AC52*1000 -> 0
D53: Domingo | E53: =+[8]Resumen!E53 -> 3 | F53: =+[8]Resumen!F53*1000 -> 0 | G53: =+[8]Resumen!G53*1000 -> 0 | H53: =+[8]Resumen!H53*1000 -> 0 | I53: =+[8]Resumen!I53*1000 -> 0 | J53: =+[8]Resumen!J53*1000 -> 0 | K53: =+[8]Resumen!K53*1000 -> 0 | L53: =+[8]Resumen!L53*1000 -> 0 | M53: =+[8]Resumen!M53*1000 -> 161410.56 | ... AC53: =+[8]Resumen!AC53*1000 -> 0
D54: Festivo | E54: =+[8]Resumen!E54 -> 2 | F54: =+[8]Resumen!F54*1000 -> 0 | G54: =+[8]Resumen!G54*1000 -> 0 | H54: =+[8]Resumen!H54*1000 -> 0 | I54: =+[8]Resumen!I54*1000 -> 0 | J54: =+[8]Resumen!J54*1000 -> 0 | K54: =+[8]Resumen!K54*1000 -> 0 | L54: =+[8]Resumen!L54*1000 -> 0 | M54: =+[8]Resumen!M54*1000 -> 145342.65 | ... AC54: =+[8]Resumen!AC54*1000 -> 0
Z55: TOTAL AÑO kWh | AD55: =SUM(AD7:AD54) -> 8.9067047e+08

Sheet Cantidades 2034
C2: CANTIDADES DE ENERGÍA SOLICITADAS (kWh)
C3: EMPRESAS PÚBLICAS DE MEDELLÍN E.S.P.
C4: 2034
C6: Mes | D6: Tipo Día | E6: Días | F6: H1 | G6: H2 | H6: H3 | I6: H4 | J6: H5 | K6: H6 | L6: H7 | M6: H8 | N6: H9 | O6: H10 | P6: H11 | Q6: H12 | R6: H13 | S6: H14 | T6: H15 | U6: H16 | V6: H17 | W6: H18 | X6: H19 | Y6: H20 | Z6: H21 | AA6: H22 | AB6: H23 | AC6: H24 | AD6: TOTAL MES
C7: Ene | D7: Ordinario | E7: =+[9]Resumen!E7 -> 21 | F7: =+[9]Resumen!F7*1000 -> 0 | G7: =+[9]Resumen!G7*1000 -> 0 | H7: =+[9]Resumen!H7*1000 -> 0 | I7: =+[9]Resumen!I7*1000 -> 0 | J7: =+[9]Resumen!J7*1000 -> 0 | K7: =+[9]Resumen!K7*1000 -> 0 | L7: =+[9]Resumen!L7*1000 -> 0 | M7: =+[9]Resumen!M7*1000 -> 209067.24 | ... AC7: =+[9]Resumen!AC7*1000 -> 0 | AD7: =SUM(F7:AC7)*E7+SUM(F8:AC8)*E8+SUM(F9:AC9)*E9+SUM(F10:AC10)*E10 -> 74271058
D8: Sábado | E8: =+[9]Resumen!E8 -> 4 | F8: =+[9]Resumen!F8*1000 -> 0 | G8: =+[9]Resumen!G8*1000 -> 0 | H8: =+[9]Resumen!H8*1000 -> 0 | I8: =+[9]Resumen!I8*1000 -> 0 | J8: =+[9]Resumen!J8*1000 -> 0 | K8: =+[9]Resumen!K8*1000 -> 0 | L8: =+[9]Resumen!L8*1000 -> 0 | M8: =+[9]Resumen!M8*1000 -> 189473.04 | ... AC8: =+[9]Resumen!AC8*1000 -> 0
D9: Domingo | E9: =+[9]Resumen!E9 -> 4 | F9: =+[9]Resumen!F9*1000 -> 0 | G9: =+[9]Resumen!G9*1000 -> 0 | H9: =+[9]Resumen!H9*1000 -> 0 | I9: =+[9]Resumen!I9*1000 -> 0 | J9: =+[9]Resumen!J9*1000 -> 0 | K9: =+[9]Resumen!K9*1000 -> 0 | L9: =+[9]Resumen!L9*1000 -> 0 | M9: =+[9]Resumen!M9*1000 -> 157167.3 | ... AC9: =+[9]Resumen!AC9*1000 -> 0
D10: Festivo | E10: =+[9]Resumen!E10 -> 2 | F10: =+[9]Resumen!F10*1000 -> 0 | G10: =+[9]Resumen!G10*1000 -> 0 | H10: =+[9]Resumen!H10*1000 -> 0 | I10: =+[9]Resumen!I10*1000 -> 0 | J10: =+[9]Resumen!J10*1000 -> 0 | K10: =+[9]Resumen!K10*1000 -> 0 | L10: =+[9]Resumen!L10*1000 -> 0 | M10: =+[9]Resumen!M10*1000 -> 140614.12 | ... AC10: =+[9]Resumen!AC10*1000 -> 0
C11: Feb | D11: Ordinario | E11: =+[9]Resumen!E11 -> 20 | F11: =+[9]Resumen!F11*1000 -> 0 | G11: =+[9]Resumen!G11*1000 -> 0 | H11: =+[9]Resumen!H11*1000 -> 0 | I11: =+[9]Resumen!I11*1000 -> 0 | J11: =+[9]Resumen!J11*1000 -> 0 | K11: =+[9]Resumen!K11*1000 -> 0 | L11: =+[9]Resumen!L11*1000 -> 0 | M11: =+[9]Resumen!M11*1000 -> 238286.42 | ... AC11: =+[9]Resumen!AC11*1000 -> 0 | AD11: =SUM(F11:AC11)*E11+SUM(F12:AC12)*E12+SUM(F13:AC13)*E13+SUM(F14:AC14)*E14 -> 75138698
D12: Sábado | E12: =+[9]Resumen!E12 -> 4 | F12: =+[9]Resumen!F12*1000 -> 0 | G12: =+[9]Resumen!G12*1000 -> 0 | H12: =+[9]Resumen!H12*1000 -> 0 | I12: =+[9]Resumen!I12*1000 -> 0 | J12: =+[9]Resumen!J12*1000 -> 0 | K12: =+[9]Resumen!K12*1000 -> 0 | L12: =+[9]Resumen!L12*1000 -> 0 | M12: =+[9]Resumen!M12*1000 -> 219257.14 | ... AC12: =+[9]Resumen!AC12*1000 -> 0
D13: Domingo | E13: =+[9]Resumen!E13 -> 4 | F13: =+[9]Resumen!F13*1000 -> 0 | G13: =+[9]Resumen!G13*1000 -> 0 | H13: =+[9]Resumen!H13*1000 -> 0 | I13: =+[9]Resumen!I13*1000 -> 0 | J13: =+[9]Resumen!J13*1000 -> 0 | K13: =+[9]Resumen!K13*1000 -> 0 | L13: =+[9]Resumen!L13*1000 -> 0 | M13: =+[9]Resumen!M13*1000 -> 178042.48 | ... AC13: =+[9]Resumen!AC13*1000 -> 0
D14: Festivo | E14: =+[9]Resumen!E14 -> 0 | F14: =+[9]Resumen!F14*1000 -> 0 | G14: =+[9]Resumen!G14*1000 -> 0 | H14: =+[9]Resumen!H14*1000 -> 0 | I14: =+[9]Resumen!I14*1000 -> 0 | J14: =+[9]Resumen!J14*1000 -> 0 | K14: =+[9]Resumen!K14*1000 -> 0 | L14: =+[9]Resumen!L14*1000 -> 0 | M14: =+[9]Resumen!M14*1000 -> 0 | ... AC14: =+[9]Resumen!AC14*1000 -> 0
C15: Mar | D15: Ordinario | E15: =+[9]Resumen!E15 -> 22 | F15: =+[9]Resumen!F15*1000 -> 0 | G15: =+[9]Resumen!G15*1000 -> 0 | H15: =+[9]Resumen!H15*1000 -> 0 | I15: =+[9]Resumen!I15*1000 -> 0 | J15: =+[9]Resumen!J15*1000 -> 0 | K15: =+[9]Resumen!K15*1000 -> 0 | L15: =+[9]Resumen!L15*1000 -> 0 | M15: =+[9]Resumen!M15*1000 -> 216050.31 | ... AC15: =+[9]Resumen!AC15*1000 -> 0 | AD15: =SUM(F15:AC15)*E15+SUM(F16:AC16)*E16+SUM(F17:AC17)*E17+SUM(F18:AC18)*E18 -> 75235255
D16: Sábado | E16: =+[9]Resumen!E16 -> 4 | F16: =+[9]Resumen!F16*1000 -> 0 | G16: =+[9]Resumen!G16*1000 -> 0 | H16: =+[9]Resumen!H16*1000 -> 0 | I16: =+[9]Resumen!I16*1000 -> 0 | J16: =+[9]Resumen!J16*1000 -> 0 | K16: =+[9]Resumen!K16*1000 -> 0 | L16: =+[9]Resumen!L16*1000 -> 0 | M16: =+[9]Resumen!M16*1000 -> 198720.26 | ... AC16: =+[9]Resumen!AC16*1000 -> 0
D17: Domingo | E17: =+[9]Resumen!E17 -> 4 | F17: =+[9]Resumen!F17*1000 -> 0 | G17: =+[9]Resumen!G17*1000 -> 0 | H17: =+[9]Resumen!H17*1000 -> 0 | I17: =+[9]Resumen!I17*1000 -> 0 | J17: =+[9]Resumen!J17*1000 -> 0 | K17: =+[9]Resumen!K17*1000 -> 0 | L17: =+[9]Resumen!L17*1000 -> 0 | M17: =+[9]Resumen!M17*1000 -> 159970.05 | ... AC17: =+[9]Resumen!AC17*1000 -> 0
D18: Festivo | E18: =+[9]Resumen!E18 -> 1 | F18: =+[9]Resumen!F18*1000 -> 0 | G18: =+[9]Resumen!G18*1000 -> 0 | H18: =+[9]Resumen!H18*1000 -> 0 | I18: =+[9]Resumen!I18*1000 -> 0 | J18: =+[9]Resumen!J18*1000 -> 0 | K18: =+[9]Resumen!K18*1000 -> 0 | L18: =+[9]Resumen!L18*1000 -> 0 | M18: =+[9]Resumen!M18*1000 -> 166872.36 | ... AC18: =+[9]Resumen!AC18*1000 -> 0
C19: Abr | D19: Ordinario | E19: =+[9]Resumen!E19 -> 18 | F19: =+[9]Resumen!F19*1000 -> 0 | G19: =+[9]Resumen!G19*1000 -> 0 | H19: =+[9]Resumen!H19*1000 -> 0 | I19: =+[9]Resumen!I19*1000 -> 0 | J19: =+[9]Resumen!J19*1000 -> 0 | K19: =+[9]Resumen!K19*1000 -> 0 | L19: =+[9]Resumen!L19*1000 -> 0 | M19: =+[9]Resumen!M19*1000 -> 224300.2 | ... AC19: =+[9]Resumen!AC19*1000 -> 0 | AD19: =SUM(F19:AC19)*E19+SUM(F20:AC20)*E20+SUM(F21:AC21)*E21+SUM(F22:AC22)*E22 -> 74530013
D20: Sábado | E20: =+[9]Resumen!E20 -> 5 | F20: =+[9]Resumen!F20*1000 -> 0 | G20: =+[9]Resumen!G20*1000 -> 0 | H20: =+[9]Resumen!H20*1000 -> 0 | I20: =+[9]Resumen!I20*1000 -> 0 | J20: =+[9]Resumen!J20*1000 -> 0 | K20: =+[9]Resumen!K20*1000 -> 0 | L20: =+[9]Resumen!L20*1000 -> 0 | M20: =+[9]Resumen!M20*1000 -> 199363.76 | ... AC20: =+[9]Resumen!AC20*1000 -> 0
D21: Domingo | E21: =+[9]Resumen!E21 -> 5 | F21: =+[9]Resumen!F21*1000 -> 0 | G21: =+[9]Resumen!G21*1000 -> 0 | H21: =+[9]Resumen!H21*1000 -> 0 | I21: =+[9]Resumen!I21*1000 -> 0 | J21: =+[9]Resumen!J21*1000 -> 0 | K21: =+[9]Resumen!K21*1000 -> 0 | L21: =+[9]Resumen!L21*1000 -> 0 | M21: =+[9]Resumen!M21*1000 -> 170246.13 | ... AC21: =+[9]Resumen!AC21*1000 -> 0
D22: Festivo | E22: =+[9]Resumen!E22 -> 2 | F22: =+[9]Resumen!F22*1000 -> 0 | G22: =+[9]Resumen!G22*1000 -> 0 | H22: =+[9]Resumen!H22*1000 -> 0 | I22: =+[9]Resumen!I22*1000 -> 0 | J22: =+[9]Resumen!J22*1000 -> 0 | K22: =+[9]Resumen!K22*1000 -> 0 | L22: =+[9]Resumen!L22*1000 -> 0 | M22: =+[9]Resumen!M22*1000 -> 171725.36 | ... AC22: =+[9]Resumen!AC22*1000 -> 0
C23: May | D23: Ordinario | E23: =+[9]Resumen!E23 -> 21 | F23: =+[9]Resumen!F23*1000 -> 0 | G23: =+[9]Resumen!G23*1000 -> 0 | H23: =+[9]Resumen!H23*1000 -> 0 | I23: =+[9]Resumen!I23*1000 -> 0 | J23: =+[9]Resumen!J23*1000 -> 0 | K23: =+[9]Resumen!K23*1000 -> 0 | L23: =+[9]Resumen!L23*1000 -> 0 | M23: =+[9]Resumen!M23*1000 -> 215620.47 | ... AC23: =+[9]Resumen!AC23*1000 -> 0 | AD23: =SUM(F23:AC23)*E23+SUM(F24:AC24)*E24+SUM(F25:AC25)*E25+SUM(F26:AC26)*E26 -> 74881584
D24: Sábado | E24: =+[9]Resumen!E24 -> 4 | F24: =+[9]Resumen!F24*1000 -> 0 | G24: =+[9]Resumen!G24*1000 -> 0 | H24: =+[9]Resumen!H24*1000 -> 0 | I24: =+[9]Resumen!I24*1000 -> 0 | J24: =+[9]Resumen!J24*1000 -> 0 | K24: =+[9]Resumen!K24*1000 -> 0 | L24: =+[9]Resumen!L24*1000 -> 0 | M24: =+[9]Resumen!M24*1000 -> 196876.5 | ... AC24: =+[9]Resumen!AC24*1000 -> 0
D25: Domingo | E25: =+[9]Resumen!E25 -> 4 | F25: =+[9]Resumen!F25*1000 -> 0 | G25: =+[9]Resumen!G25*1000 -> 0 | H25: =+[9]Resumen!H25*1000 -> 0 | I25: =+[9]Resumen!I25*1000 -> 0 | J25: =+[9]Resumen!J25*1000 -> 0 | K25: =+[9]Resumen!K25*1000 -> 0 | L25: =+[9]Resumen!L25*1000 -> 0 | M25: =+[9]Resumen!M25*1000 -> 160067.46 | ... AC25: =+[9]Resumen!AC25*1000 -> 0
D26: Festivo | E26: =+[9]Resumen!E26 -> 2 | F26: =+[9]Resumen!F26*1000 -> 0 | G26: =+[9]Resumen!G26*1000 -> 0 | H26: =+[9]Resumen!H26*1000 -> 0 | I26: =+[9]Resumen!I26*1000 -> 0 | J26: =+[9]Resumen!J26*1000 -> 0 | K26: =+[9]Resumen!K26*1000 -> 0 | L26: =+[9]Resumen!L26*1000 -> 0 | M26: =+[9]Resumen!M26*1000 -> 167718.68 | ... AC26: =+[9]Resumen!AC26*1000 -> 0
C27: Jun | D27: Ordinario | E27: =+[9]Resumen!E27 -> 20 | F27: =+[9]Resumen!F27*1000 -> 0 | G27: =+[9]Resumen!G27*1000 -> 0 | H27: =+[9]Resumen!H27*1000 -> 0 | I27: =+[9]Resumen!I27*1000 -> 0 | J27: =+[9]Resumen!J27*1000 -> 0 | K27: =+[9]Resumen!K27*1000 -> 0 | L27: =+[9]Resumen!L27*1000 -> 0 | M27: =+[9]Resumen!M27*1000 -> 222977.14 | ... AC27: =+[9]Resumen!AC27*1000 -> 0 | AD27: =SUM(F27:AC27)*E27+SUM(F28:AC28)*E28+SUM(F29:AC29)*E29+SUM(F30:AC30)*E30 -> 75578869
D28: Sábado | E28: =+[9]Resumen!E28 -> 4 | F28: =+[9]Resumen!F28*1000 -> 0 | G28: =+[9]Resumen!G28*1000 -> 0 | H28: =+[9]Resumen!H28*1000 -> 0 | I28: =+[9]Resumen!I28*1000 -> 0 | J28: =+[9]Resumen!J28*1000 -> 0 | K28: =+[9]Resumen!K28*1000 -> 0 | L28: =+[9]Resumen!L28*1000 -> 0 | M28: =+[9]Resumen!M28*1000 -> 203692.55 | ... AC28: =+[9]Resumen!AC28*1000 -> 0
D29: Domingo | E29: =+[9]Resumen!E29 -> 4 | F29: =+[9]Resumen!F29*1000 -> 0 | G29: =+[9]Resumen!G29*1000 -> 0 | H29: =+[9]Resumen!H29*1000 -> 0 | I29: =+[9]Resumen!I29*1000 -> 0 | J29: =+[9]Resumen!J29*1000 -> 0 | K29: =+[9]Resumen!K29*1000 -> 0 | L29: =+[9]Resumen!L29*1000 -> 0 | M29: =+[9]Resumen!M29*1000 -> 167417.43 | ... AC29: =+[9]Resumen!AC29*1000 -> 0
D30: Festivo | E30: =+[9]Resumen!E30 -> 2 | F30: =+[9]Resumen!F30*1000 -> 0 | G30: =+[9]Resumen!G30*1000 -> 0 | H30: =+[9]Resumen!H30*1000 -> 0 | I30: =+[9]Resumen!I30*1000 -> 0 | J30: =+[9]Resumen!J30*1000 -> 0 | K30: =+[9]Resumen!K30*1000 -> 0 | L30: =+[9]Resumen!L30*1000 -> 0 | M30: =+[9]Resumen!M30*1000 -> 165206.68 | ... AC30: =+[9]Resumen!AC30*1000 -> 0
C31: Jul | D31: Ordinario | E31: =+[9]Resumen!E31 -> 19 | F31: =+[9]Resumen!F31*1000 -> 0 | G31: =+[9]Resumen!G31*1000 -> 0 | H31: =+[9]Resumen!H31*1000 -> 0 | I31: =+[9]Resumen!I31*1000 -> 0 | J31: =+[9]Resumen!J31*1000 -> 0 | K31: =+[9]Resumen!K31*1000 -> 0 | L31: =+[9]Resumen!L31*1000 -> 0 | M31: =+[9]Resumen!M31*1000 -> 216899.87 | ... AC31: =+[9]Resumen!AC31*1000 -> 0 | AD31: =SUM(F31:AC31)*E31+SUM(F32:AC32)*E32+SUM(F33:AC33)*E33+SUM(F34:AC34)*E34 -> 75746337
D32: Sábado | E32: =+[9]Resumen!E32 -> 5 | F32: =+[9]Resumen!F32*1000 -> 0 | G32: =+[9]Resumen!G32*1000 -> 0 | H32: =+[9]Resumen!H32*1000 -> 0 | I32: =+[9]Resumen!I32*1000 -> 0 | J32: =+[9]Resumen!J32*1000 -> 0 | K32: =+[9]Resumen!K32*1000 -> 0 | L32: =+[9]Resumen!L32*1000 -> 0 | M32: =+[9]Resumen!M32*1000 -> 195721.43 | ... AC32: =+[9]Resumen!AC32*1000 -> 0
D33: Domingo | E33: =+[9]Resumen!E33 -> 5 | F33: =+[9]Resumen!F33*1000 -> 0 | G33: =+[9]Resumen!G33*1000 -> 0 | H33: =+[9]Resumen!H33*1000 -> 0 | I33: =+[9]Resumen!I33*1000 -> 0 | J33: =+[9]Resumen!J33*1000 -> 0 | K33: =+[9]Resumen!K33*1000 -> 0 | L33: =+[9]Resumen!L33*1000 -> 0 | M33: =+[9]Resumen!M33*1000 -> 161431.08 | ... AC33: =+[9]Resumen!AC33*1000 -> 0
D34: Festivo | E34: =+[9]Resumen!E34 -> 2 | F34: =+[9]Resumen!F34*1000 -> 0 | G34: =+[9]Resumen!G34*1000 -> 0 | H34: =+[9]Resumen!H34*1000 -> 0 | I34: =+[9]Resumen!I34*1000 -> 0 | J34: =+[9]Resumen!J34*1000 -> 0 | K34: =+[9]Resumen!K34*1000 -> 0 | L34: =+[9]Resumen!L34*1000 -> 0 | M34: =+[9]Resumen!M34*1000 -> 165006.52 | ... AC34: =+[9]Resumen!AC34*1000 -> 0
C35: Ago | D35: Ordinario | E35: =+[9]Resumen!E35 -> 21 | F35: =+[9]Resumen!F35*1000 -> 0 | G35: =+[9]Resumen!G35*1000 -> 0 | H35: =+[9]Resumen!H35*1000 -> 0 | I35: =+[9]Resumen!I35*1000 -> 0 | J35: =+[9]Resumen!J35*1000 -> 0 | K35: =+[9]Resumen!K35*1000 -> 0 | L35: =+[9]Resumen!L35*1000 -> 0 | M35: =+[9]Resumen!M35*1000 -> 217859.28 | ... AC35: =+[9]Resumen!AC35*1000 -> 0 | AD35: =SUM(F35:AC35)*E35+SUM(F36:AC36)*E36+SUM(F37:AC37)*E37+SUM(F38:AC38)*E38 -> 76157833
D36: Sábado | E36: =+[9]Resumen!E36 -> 4 | F36: =+[9]Resumen!F36*1000 -> 0 | G36: =+[9]Resumen!G36*1000 -> 0 | H36: =+[9]Resumen!H36*1000 -> 0 | I36: =+[9]Resumen!I36*1000 -> 0 | J36: =+[9]Resumen!J36*1000 -> 0 | K36: =+[9]Resumen!K36*1000 -> 0 | L36: =+[9]Resumen!L36*1000 -> 0 | M36: =+[9]Resumen!M36*1000 -> 198665.08 | ... AC36: =+[9]Resumen!AC36*1000 -> 0
D37: Domingo | E37: =+[9]Resumen!E37 -> 4 | F37: =+[9]Resumen!F37*1000 -> 0 | G37: =+[9]Resumen!G37*1000 -> 0 | H37: =+[9]Resumen!H37*1000 -> 0 | I37: =+[9]Resumen!I37*1000 -> 0 | J37: =+[9]Resumen!J37*1000 -> 0 | K37: =+[9]Resumen!K37*1000 -> 0 | L37: =+[9]Resumen!L37*1000 -> 0 | M37: =+[9]Resumen!M37*1000 -> 159913.26 | ... AC37: =+[9]Resumen!AC37*1000 -> 0
D38: Festivo | E38: =+[9]Resumen!E38 -> 2 | F38: =+[9]Resumen!F38*1000 -> 0 | G38: =+[9]Resumen!G38*1000 -> 0 | H38: =+[9]Resumen!H38*1000 -> 0 | I38: =+[9]Resumen!I38*1000 -> 0 | J38: =+[9]Resumen!J38*1000 -> 0 | K38: =+[9]Resumen!K38*1000 -> 0 | L38: =+[9]Resumen!L38*1000 -> 0 | M38: =+[9]Resumen!M38*1000 -> 167353.07 | ... AC38: =+[9]Resumen!AC38*1000 -> 0
C39: Sep | D39: Ordinario | E39: =+[9]Resumen!E39 -> 21 | F39: =+[9]Resumen!F39*1000 -> 0 | G39: =+[9]Resumen!G39*1000 -> 0 | H39: =+[9]Resumen!H39*1000 -> 0 | I39: =+[9]Resumen!I39*1000 -> 0 | J39: =+[9]Resumen!J39*1000 -> 0 | K39: =+[9]Resumen!K39*1000 -> 0 | L39: =+[9]Resumen!L39*1000 -> 0 | M39: =+[9]Resumen!M39*1000 -> 225298.84 | ... AC39: =+[9]Resumen!AC39*1000 -> 0 | AD39: =SUM(F39:AC39)*E39+SUM(F40:AC40)*E40+SUM(F41:AC41)*E41+SUM(F42:AC42)*E42 -> 76877432
D40: Sábado | E40: =+[9]Resumen!E40 -> 5 | F40: =+[9]Resumen!F40*1000 -> 0 | G40: =+[9]Resumen!G40*1000 -> 0 | H40: =+[9]Resumen!H40*1000 -> 0 | I40: =+[9]Resumen!I40*1000 -> 0 | J40: =+[9]Resumen!J40*1000 -> 0 | K40: =+[9]Resumen!K40*1000 -> 0 | L40: =+[9]Resumen!L40*1000 -> 0 | M40: =+[9]Resumen!M40*1000 -> 206191.17 | ... AC40: =+[9]Resumen!AC40*1000 -> 0
D41: Domingo | E41: =+[9]Resumen!E41 -> 4 | F41: =+[9]Resumen!F41*1000 -> 0 | G41: =+[9]Resumen!G41*1000 -> 0 | H41: =+[9]Resumen!H41*1000 -> 0 | I41: =+[9]Resumen!I41*1000 -> 0 | J41: =+[9]Resumen!J41*1000 -> 0 | K41: =+[9]Resumen!K41*1000 -> 0 | L41: =+[9]Resumen!L41*1000 -> 0 | M41: =+[9]Resumen!M41*1000 -> 164475.55 | ... AC41: =+[9]Resumen!AC41*1000 -> 0
D42: Festivo | E42: =+[9]Resumen!E42 -> 0 | F42: =+[9]Resumen!F42*1000 -> 0 | G42: =+[9]Resumen!G42*1000 -> 0 | H42: =+[9]Resumen!H42*1000 -> 0 | I42: =+[9]Resumen!I42*1000 -> 0 | J42: =+[9]Resumen!J42*1000 -> 0 | K42: =+[9]Resumen!K42*1000 -> 0 | L42: =+[9]Resumen!L42*1000 -> 0 | M42: =+[9]Resumen!M42*1000 -> 0 | ... AC42: =+[9]Resumen!AC42*1000 -> 0
C43: Oct | D43: Ordinario | E43: =+[9]Resumen!E43 -> 21 | F43: =+[9]Resumen!F43*1000 -> 0 | G43: =+[9]Resumen!G43*1000 -> 0 | H43: =+[9]Resumen!H43*1000 -> 0 | I43: =+[9]Resumen!I43*1000 -> 0 | J43: =+[9]Resumen!J43*1000 -> 0 | K43: =+[9]Resumen!K43*1000 -> 0 | L43: =+[9]Resumen!L43*1000 -> 0 | M43: =+[9]Resumen!M43*1000 -> 218610.73 | ... AC43: =+[9]Resumen!AC43*1000 -> 0 | AD43: =SUM(F43:AC43)*E43+SUM(F44:AC44)*E44+SUM(F45:AC45)*E45+SUM(F46:AC46)*E46 -> 76818766
D44: Sábado | E44: =+[9]Resumen!E44 -> 4 | F44: =+[9]Resumen!F44*1000 -> 0 | G44: =+[9]Resumen!G44*1000 -> 0 | H44: =+[9]Resumen!H44*1000 -> 0 | I44: =+[9]Resumen!I44*1000 -> 0 | J44: =+[9]Resumen!J44*1000 -> 0 | K44: =+[9]Resumen!K44*1000 -> 0 | L44: =+[9]Resumen!L44*1000 -> 0 | M44: =+[9]Resumen!M44*1000 -> 200762.06 | ... AC44: =+[9]Resumen!AC44*1000 -> 0
D45: Domingo | E45: =+[9]Resumen!E45 -> 5 | F45: =+[9]Resumen!F45*1000 -> 0 | G45: =+[9]Resumen!G45*1000 -> 0 | H45: =+[9]Resumen!H45*1000 -> 0 | I45: =+[9]Resumen!I45*1000 -> 0 | J45: =+[9]Resumen!J45*1000 -> 0 | K45: =+[9]Resumen!K45*1000 -> 0 | L45: =+[9]Resumen!L45*1000 -> 0 | M45: =+[9]Resumen!M45*1000 -> 165758.67 | ... AC45: =+[9]Resumen!AC45*1000 -> 0
D46: Festivo | E46: =+[9]Resumen!E46 -> 1 | F46: =+[9]Resumen!F46*1000 -> 0 | G46: =+[9]Resumen!G46*1000 -> 0 | H46: =+[9]Resumen!H46*1000 -> 0 | I46: =+[9]Resumen!I46*1000 -> 0 | J46: =+[9]Resumen!J46*1000 -> 0 | K46: =+[9]Resumen!K46*1000 -> 0 | L46: =+[9]Resumen!L46*1000 -> 0 | M46: =+[9]Resumen!M46*1000 -> 163715.54 | ... AC46: =+[9]Resumen!AC46*1000 -> 0
C47: Nov | D47: Ordinario | E47: =+[9]Resumen!E47 -> 20 | F47: =+[9]Resumen!F47*1000 -> 0 | G47: =+[9]Resumen!G47*1000 -> 0 | H47: =+[9]Resumen!H47*1000 -> 0 | I47: =+[9]Resumen!I47*1000 -> 0 | J47: =+[9]Resumen!J47*1000 -> 0 | K47: =+[9]Resumen!K47*1000 -> 0 | L47: =+[9]Resumen!L47*1000 -> 0 | M47: =+[9]Resumen!M47*1000 -> 229352.64 | ... AC47: =+[9]Resumen!AC47*1000 -> 0 | AD47: =SUM(F47:AC47)*E47+SUM(F48:AC48)*E48+SUM(F49:AC49)*E49+SUM(F50:AC50)*E50 -> 76985876 | AG47: =130*3000 -> 390000
D48: Sábado | E48: =+[9]Resumen!E48 -> 4 | F48: =+[9]Resumen!F48*1000 -> 0 | G48: =+[9]Resumen!G48*1000 -> 0 | H48: =+[9]Resumen!H48*1000 -> 0 | I48: =+[9]Resumen!I48*1000 -> 0 | J48: =+[9]Resumen!J48*1000 -> 0 | K48: =+[9]Resumen!K48*1000 -> 0 | L48: =+[9]Resumen!L48*1000 -> 0 | M48: =+[9]Resumen!M48*1000 -> 209688.69 | ... AC48: =+[9]Resumen!AC48*1000 -> 0
D49: Domingo | E49: =+[9]Resumen!E49 -> 4 | F49: =+[9]Resumen!F49*1000 -> 0 | G49: =+[9]Resumen!G49*1000 -> 0 | H49: =+[9]Resumen!H49*1000 -> 0 | I49: =+[9]Resumen!I49*1000 -> 0 | J49: =+[9]Resumen!J49*1000 -> 0 | K49: =+[9]Resumen!K49*1000 -> 0 | L49: =+[9]Resumen!L49*1000 -> 0 | M49: =+[9]Resumen!M49*1000 -> 169153.65 | ... AC49: =+[9]Resumen!AC49*1000 -> 0
D50: Festivo | E50: =+[9]Resumen!E50 -> 2 | F50: =+[9]Resumen!F50*1000 -> 0 | G50: =+[9]Resumen!G50*1000 -> 0 | H50: =+[9]Resumen!H50*1000 -> 0 | I50: =+[9]Resumen!I50*1000 -> 0 | J50: =+[9]Resumen!J50*1000 -> 0 | K50: =+[9]Resumen!K50*1000 -> 0 | L50: =+[9]Resumen!L50*1000 -> 0 | M50: =+[9]Resumen!M50*1000 -> 165309.52 | ... AC50: =+[9]Resumen!AC50*1000 -> 0
C51: Dic | D51: Ordinario | E51: =+[9]Resumen!E51 -> 19 | F51: =+[9]Resumen!F51*1000 -> 0 | G51: =+[9]Resumen!G51*1000 -> 0 | H51: =+[9]Resumen!H51*1000 -> 0 | I51: =+[9]Resumen!I51*1000 -> 0 | J51: =+[9]Resumen!J51*1000 -> 0 | K51: =+[9]Resumen!K51*1000 -> 0 | L51: =+[9]Resumen!L51*1000 -> 0 | M51: =+[9]Resumen!M51*1000 -> 212774.63 | ... AC51: =+[9]Resumen!AC51*1000 -> 0 | AD51: =SUM(F51:AC51)*E51+SUM(F52:AC52)*E52+SUM(F53:AC53)*E53+SUM(F54:AC54)*E54 -> 75495896
D52: Sábado | E52: =+[9]Resumen!E52 -> 5 | F52: =+[9]Resumen!F52*1000 -> 0 | G52: =+[9]Resumen!G52*1000 -> 0 | H52: =+[9]Resumen!H52*1000 -> 0 | I52: =+[9]Resumen!I52*1000 -> 0 | J52: =+[9]Resumen!J52*1000 -> 0 | K52: =+[9]Resumen!K52*1000 -> 0 | L52: =+[9]Resumen!L52*1000 -> 0 | M52: =+[9]Resumen!M52*1000 -> 199736.09 | ... AC52: =+[9]Resumen!AC52*1000 -> 0
D53: Domingo | E53: =+[9]Resumen!E53 -> 5 | F53: =+[9]Resumen!F53*1000 -> 0 | G53: =+[9]Resumen!G53*1000 -> 0 | H53: =+[9]Resumen!H53*1000 -> 0 | I53: =+[9]Resumen!I53*1000 -> 0 | J53: =+[9]Resumen!J53*1000 -> 0 | K53: =+[9]Resumen!K53*1000 -> 0 | L53: =+[9]Resumen!L53*1000 -> 0 | M53: =+[9]Resumen!M53*1000 -> 166200.13 | ... AC53: =+[9]Resumen!AC53*1000 -> 0
D54: Festivo | E54: =+[9]Resumen!E54 -> 2 | F54: =+[9]Resumen!F54*1000 -> 0 | G54: =+[9]Resumen!G54*1000 -> 0 | H54: =+[9]Resumen!H54*1000 -> 0 | I54: =+[9]Resumen!I54*1000 -> 0 | J54: =+[9]Resumen!J54*1000 -> 0 | K54: =+[9]Resumen!K54*1000 -> 0 | L54: =+[9]Resumen!L54*1000 -> 0 | M54: =+[9]Resumen!M54*1000 -> 149729.26 | ... AC54: =+[9]Resumen!AC54*1000 -> 0
Z55: TOTAL AÑO kWh | AD55: =SUM(AD7:AD54) -> 9.0771762e+08

Sheet Cantidades 2035
C2: CANTIDADES DE ENERGÍA SOLICITADAS (kWh)
C3: EMPRESAS PÚBLICAS DE MEDELLÍN E.S.P.
C4: 2035
C6: Mes | D6: Tipo Día | E6: Días | F6: H1 | G6: H2 | H6: H3 | I6: H4 | J6: H5 | K6: H6 | L6: H7 | M6: H8 | N6: H9 | O6: H10 | P6: H11 | Q6: H12 | R6: H13 | S6: H14 | T6: H15 | U6: H16 | V6: H17 | W6: H18 | X6: H19 | Y6: H20 | Z6: H21 | AA6: H22 | AB6: H23 | AC6: H24 | AD6: TOTAL MES
C7: Ene | D7: Ordinario | E7: =+[10]Resumen!E7 -> 21 | F7: =+[10]Resumen!F7*1000 -> 0 | G7: =+[10]Resumen!G7*1000 -> 0 | H7: =+[10]Resumen!H7*1000 -> 0 | I7: =+[10]Resumen!I7*1000 -> 0 | J7: =+[10]Resumen!J7*1000 -> 0 | K7: =+[10]Resumen!K7*1000 -> 0 | L7: =+[10]Resumen!L7*1000 -> 0 | M7: =+[10]Resumen!M7*1000 -> 213094.12 | ... AC7: =+[10]Resumen!AC7*1000 -> 0 | AD7: =SUM(F7:AC7)*E7+SUM(F8:AC8)*E8+SUM(F9:AC9)*E9+SUM(F10:AC10)*E10 -> 75678113
D8: Sábado | E8: =+[10]Resumen!E8 -> 4 | F8: =+[10]Resumen!F8*1000 -> 0 | G8: =+[10]Resumen!G8*1000 -> 0 | H8: =+[10]Resumen!H8*1000 -> 0 | I8: =+[10]Resumen!I8*1000 -> 0 | J8: =+[10]Resumen!J8*1000 -> 0 | K8: =+[10]Resumen!K8*1000 -> 0 | L8: =+[10]Resumen!L8*1000 -> 0 | M8: =+[10]Resumen!M8*1000 -> 193171.17 | ... AC8: =+[10]Resumen!AC8*1000 -> 0
D9: Domingo | E9: =+[10]Resumen!E9 -> 4 | F9: =+[10]Resumen!F9*1000 -> 0 | G9: =+[10]Resumen!G9*1000 -> 0 | H9: =+[10]Resumen!H9*1000 -> 0 | I9: =+[10]Resumen!I9*1000 -> 0 | J9: =+[10]Resumen!J9*1000 -> 0 | K9: =+[10]Resumen!K9*1000 -> 0 | L9: =+[10]Resumen!L9*1000 -> 0 | M9: =+[10]Resumen!M9*1000 -> 160323.41 | ... AC9: =+[10]Resumen!AC9*1000 -> 0
D10: Festivo | E10: =+[10]Resumen!E10 -> 2 | F10: =+[10]Resumen!F10*1000 -> 0 | G10: =+[10]Resumen!G10*1000 -> 0 | H10: =+[10]Resumen!H10*1000 -> 0 | I10: =+[10]Resumen!I10*1000 -> 0 | J10: =+[10]Resumen!J10*1000 -> 0 | K10: =+[10]Resumen!K10*1000 -> 0 | L10: =+[10]Resumen!L10*1000 -> 0 | M10: =+[10]Resumen!M10*1000 -> 143492.5 | ... AC10: =+[10]Resumen!AC10*1000 -> 0
C11: Feb | D11: Ordinario | E11: =+[10]Resumen!E11 -> 20 | F11: =+[10]Resumen!F11*1000 -> 0 | G11: =+[10]Resumen!G11*1000 -> 0 | H11: =+[10]Resumen!H11*1000 -> 0 | I11: =+[10]Resumen!I11*1000 -> 0 | J11: =+[10]Resumen!J11*1000 -> 0 | K11: =+[10]Resumen!K11*1000 -> 0 | L11: =+[10]Resumen!L11*1000 -> 0 | M11: =+[10]Resumen!M11*1000 -> 242828.37 | ... AC11: =+[10]Resumen!AC11*1000 -> 0 | AD11: =SUM(F11:AC11)*E11+SUM(F12:AC12)*E12+SUM(F13:AC13)*E13+SUM(F14:AC14)*E14 -> 76552473
D12: Sábado | E12: =+[10]Resumen!E12 -> 4 | F12: =+[10]Resumen!F12*1000 -> 0 | G12: =+[10]Resumen!G12*1000 -> 0 | H12: =+[10]Resumen!H12*1000 -> 0 | I12: =+[10]Resumen!I12*1000 -> 0 | J12: =+[10]Resumen!J12*1000 -> 0 | K12: =+[10]Resumen!K12*1000 -> 0 | L12: =+[10]Resumen!L12*1000 -> 0 | M12: =+[10]Resumen!M12*1000 -> 223478.04 | ... AC12: =+[10]Resumen!AC12*1000 -> 0
D13: Domingo | E13: =+[10]Resumen!E13 -> 4 | F13: =+[10]Resumen!F13*1000 -> 0 | G13: =+[10]Resumen!G13*1000 -> 0 | H13: =+[10]Resumen!H13*1000 -> 0 | I13: =+[10]Resumen!I13*1000 -> 0 | J13: =+[10]Resumen!J13*1000 -> 0 | K13: =+[10]Resumen!K13*1000 -> 0 | L13: =+[10]Resumen!L13*1000 -> 0 | M13: =+[10]Resumen!M13*1000 -> 181568.05 | ... AC13: =+[10]Resumen!AC13*1000 -> 0
D14: Festivo | E14: =+[10]Resumen!E14 -> 0 | F14: =+[10]Resumen!F14*1000 -> 0 | G14: =+[10]Resumen!G14*1000 -> 0 | H14: =+[10]Resumen!H14*1000 -> 0 | I14: =+[10]Resumen!I14*1000 -> 0 | J14: =+[10]Resumen!J14*1000 -> 0 | K14: =+[10]Resumen!K14*1000 -> 0 | L14: =+[10]Resumen!L14*1000 -> 0 | M14: =+[10]Resumen!M14*1000 -> 0 | ... AC14: =+[10]Resumen!AC14*1000 -> 0
C15: Mar | D15: Ordinario | E15: =+[10]Resumen!E15 -> 19 | F15: =+[10]Resumen!F15*1000 -> 0 | G15: =+[10]Resumen!G15*1000 -> 0 | H15: =+[10]Resumen!H15*1000 -> 0 | I15: =+[10]Resumen!I15*1000 -> 0 | J15: =+[10]Resumen!J15*1000 -> 0 | K15: =+[10]Resumen!K15*1000 -> 0 | L15: =+[10]Resumen!L15*1000 -> 0 | M15: =+[10]Resumen!M15*1000 -> 222004.89 | ... AC15: =+[10]Resumen!AC15*1000 -> 0 | AD15: =SUM(F15:AC15)*E15+SUM(F16:AC16)*E16+SUM(F17:AC17)*E17+SUM(F18:AC18)*E18 -> 76343384
D16: Sábado | E16: =+[10]Resumen!E16 -> 5 | F16: =+[10]Resumen!F16*1000 -> 0 | G16: =+[10]Resumen!G16*1000 -> 0 | H16: =+[10]Resumen!H16*1000 -> 0 | I16: =+[10]Resumen!I16*1000 -> 0 | J16: =+[10]Resumen!J16*1000 -> 0 | K16: =+[10]Resumen!K16*1000 -> 0 | L16: =+[10]Resumen!L16*1000 -> 0 | M16: =+[10]Resumen!M16*1000 -> 204255.6 | ... AC16: =+[10]Resumen!AC16*1000 -> 0
D17: Domingo | E17: =+[10]Resumen!E17 -> 4 | F17: =+[10]Resumen!F17*1000 -> 0 | G17: =+[10]Resumen!G17*1000 -> 0 | H17: =+[10]Resumen!H17*1000 -> 0 | I17: =+[10]Resumen!I17*1000 -> 0 | J17: =+[10]Resumen!J17*1000 -> 0 | K17: =+[10]Resumen!K17*1000 -> 0 | L17: =+[10]Resumen!L17*1000 -> 0 | M17: =+[10]Resumen!M17*1000 -> 164567.96 | ... AC17: =+[10]Resumen!AC17*1000 -> 0
D18: Festivo | E18: =+[10]Resumen!E18 -> 3 | F18: =+[10]Resumen!F18*1000 -> 0 | G18: =+[10]Resumen!G18*1000 -> 0 | H18: =+[10]Resumen!H18*1000 -> 0 | I18: =+[10]Resumen!I18*1000 -> 0 | J18: =+[10]Resumen!J18*1000 -> 0 | K18: =+[10]Resumen!K18*1000 -> 0 | L18: =+[10]Resumen!L18*1000 -> 0 | M18: =+[10]Resumen!M18*1000 -> 171637.24 | ... AC18: =+[10]Resumen!AC18*1000 -> 0
C19: Abr | D19: Ordinario | E19: =+[10]Resumen!E19 -> 21 | F19: =+[10]Resumen!F19*1000 -> 0 | G19: =+[10]Resumen!G19*1000 -> 0 | H19: =+[10]Resumen!H19*1000 -> 0 | I19: =+[10]Resumen!I19*1000 -> 0 | J19: =+[10]Resumen!J19*1000 -> 0 | K19: =+[10]Resumen!K19*1000 -> 0 | L19: =+[10]Resumen!L19*1000 -> 0 | M19: =+[10]Resumen!M19*1000 -> 225760.56 | ... AC19: =+[10]Resumen!AC19*1000 -> 0 | AD19: =SUM(F19:AC19)*E19+SUM(F20:AC20)*E20+SUM(F21:AC21)*E21+SUM(F22:AC22)*E22 -> 76352288
D20: Sábado | E20: =+[10]Resumen!E20 -> 4 | F20: =+[10]Resumen!F20*1000 -> 0 | G20: =+[10]Resumen!G20*1000 -> 0 | H20: =+[10]Resumen!H20*1000 -> 0 | I20: =+[10]Resumen!I20*1000 -> 0 | J20: =+[10]Resumen!J20*1000 -> 0 | K20: =+[10]Resumen!K20*1000 -> 0 | L20: =+[10]Resumen!L20*1000 -> 0 | M20: =+[10]Resumen!M20*1000 -> 200684.48 | ... AC20: =+[10]Resumen!AC20*1000 -> 0
D21: Domingo | E21: =+[10]Resumen!E21 -> 5 | F21: =+[10]Resumen!F21*1000 -> 0 | G21: =+[10]Resumen!G21*1000 -> 0 | H21: =+[10]Resumen!H21*1000 -> 0 | I21: =+[10]Resumen!I21*1000 -> 0 | J21: =+[10]Resumen!J21*1000 -> 0 | K21: =+[10]Resumen!K21*1000 -> 0 | L21: =+[10]Resumen!L21*1000 -> 0 | M21: =+[10]Resumen!M21*1000 -> 171403.8 | ... AC21: =+[10]Resumen!AC21*1000 -> 0
D22: Festivo | E22: =+[10]Resumen!E22 -> 0 | F22: =+[10]Resumen!F22*1000 -> 0 | G22: =+[10]Resumen!G22*1000 -> 0 | H22: =+[10]Resumen!H22*1000 -> 0 | I22: =+[10]Resumen!I22*1000 -> 0 | J22: =+[10]Resumen!J22*1000 -> 0 | K22: =+[10]Resumen!K22*1000 -> 0 | L22: =+[10]Resumen!L22*1000 -> 0 | M22: =+[10]Resumen!M22*1000 -> 172891.32 | ... AC22: =+[10]Resumen!AC22*1000 -> 0
C23: May | D23: Ordinario | E23: =+[10]Resumen!E23 -> 20 | F23: =+[10]Resumen!F23*1000 -> 0 | G23: =+[10]Resumen!G23*1000 -> 0 | H23: =+[10]Resumen!H23*1000 -> 0 | I23: =+[10]Resumen!I23*1000 -> 0 | J23: =+[10]Resumen!J23*1000 -> 0 | K23: =+[10]Resumen!K23*1000 -> 0 | L23: =+[10]Resumen!L23*1000 -> 0 | M23: =+[10]Resumen!M23*1000 -> 220659.75 | ... AC23: =+[10]Resumen!AC23*1000 -> 0 | AD23: =SUM(F23:AC23)*E23+SUM(F24:AC24)*E24+SUM(F25:AC25)*E25+SUM(F26:AC26)*E26 -> 76205880
D24: Sábado | E24: =+[10]Resumen!E24 -> 4 | F24: =+[10]Resumen!F24*1000 -> 0 | G24: =+[10]Resumen!G24*1000 -> 0 | H24: =+[10]Resumen!H24*1000 -> 0 | I24: =+[10]Resumen!I24*1000 -> 0 | J24: =+[10]Resumen!J24*1000 -> 0 | K24: =+[10]Resumen!K24*1000 -> 0 | L24: =+[10]Resumen!L24*1000 -> 0 | M24: =+[10]Resumen!M24*1000 -> 201531.9 | ... AC24: =+[10]Resumen!AC24*1000 -> 0
D25: Domingo | E25: =+[10]Resumen!E25 -> 4 | F25: =+[10]Resumen!F25*1000 -> 0 | G25: =+[10]Resumen!G25*1000 -> 0 | H25: =+[10]Resumen!H25*1000 -> 0 | I25: =+[10]Resumen!I25*1000 -> 0 | J25: =+[10]Resumen!J25*1000 -> 0 | K25: =+[10]Resumen!K25*1000 -> 0 | L25: =+[10]Resumen!L25*1000 -> 0 | M25: =+[10]Resumen!M25*1000 -> 163969.03 | ... AC25: =+[10]Resumen!AC25*1000 -> 0
D26: Festivo | E26: =+[10]Resumen!E26 -> 3 | F26: =+[10]Resumen!F26*1000 -> 0 | G26: =+[10]Resumen!G26*1000 -> 0 | H26: =+[10]Resumen!H26*1000 -> 0 | I26: =+[10]Resumen!I26*1000 -> 0 | J26: =+[10]Resumen!J26*1000 -> 0 | K26: =+[10]Resumen!K26*1000 -> 0 | L26: =+[10]Resumen!L26*1000 -> 0 | M26: =+[10]Resumen!M26*1000 -> 171776.94 | ... AC26: =+[10]Resumen!AC26*1000 -> 0
C27: Jun | D27: Ordinario | E27: =+[10]Resumen!E27 -> 20 | F27: =+[10]Resumen!F27*1000 -> 0 | G27: =+[10]Resumen!G27*1000 -> 0 | H27: =+[10]Resumen!H27*1000 -> 0 | I27: =+[10]Resumen!I27*1000 -> 0 | J27: =+[10]Resumen!J27*1000 -> 0 | K27: =+[10]Resumen!K27*1000 -> 0 | L27: =+[10]Resumen!L27*1000 -> 0 | M27: =+[10]Resumen!M27*1000 -> 226553.39 | ... AC27: =+[10]Resumen!AC27*1000 -> 0 | AD27: =SUM(F27:AC27)*E27+SUM(F28:AC28)*E28+SUM(F29:AC29)*E29+SUM(F30:AC30)*E30 -> 77086827
D28: Sábado | E28: =+[10]Resumen!E28 -> 5 | F28: =+[10]Resumen!F28*1000 -> 0 | G28: =+[10]Resumen!G28*1000 -> 0 | H28: =+[10]Resumen!H28*1000 -> 0 | I28: =+[10]Resumen!I28*1000 -> 0 | J28: =+[10]Resumen!J28*1000 -> 0 | K28: =+[10]Resumen!K28*1000 -> 0 | L28: =+[10]Resumen!L28*1000 -> 0 | M28: =+[10]Resumen!M28*1000 -> 206997.76 | ... AC28: =+[10]Resumen!AC28*1000 -> 0
D29: Domingo | E29: =+[10]Resumen!E29 -> 4 | F29: =+[10]Resumen!F29*1000 -> 0 | G29: =+[10]Resumen!G29*1000 -> 0 | H29: =+[10]Resumen!H29*1000 -> 0 | I29: =+[10]Resumen!I29*1000 -> 0 | J29: =+[10]Resumen!J29*1000 -> 0 | K29: =+[10]Resumen!K29*1000 -> 0 | L29: =+[10]Resumen!L29*1000 -> 0 | M29: =+[10]Resumen!M29*1000 -> 170212.82 | ... AC29: =+[10]Resumen!AC29*1000 -> 0
D30: Festivo | E30: =+[10]Resumen!E30 -> 1 | F30: =+[10]Resumen!F30*1000 -> 0 | G30: =+[10]Resumen!G30*1000 -> 0 | H30: =+[10]Resumen!H30*1000 -> 0 | I30: =+[10]Resumen!I30*1000 -> 0 | J30: =+[10]Resumen!J30*1000 -> 0 | K30: =+[10]Resumen!K30*1000 -> 0 | L30: =+[10]Resumen!L30*1000 -> 0 | M30: =+[10]Resumen!M30*1000 -> 167971 | ... AC30: =+[10]Resumen!AC30*1000 -> 0
C31: Jul | D31: Ordinario | E31: =+[10]Resumen!E31 -> 20 | F31: =+[10]Resumen!F31*1000 -> 0 | G31: =+[10]Resumen!G31*1000 -> 0 | H31: =+[10]Resumen!H31*1000 -> 0 | I31: =+[10]Resumen!I31*1000 -> 0 | J31: =+[10]Resumen!J31*1000 -> 0 | K31: =+[10]Resumen!K31*1000 -> 0 | L31: =+[10]Resumen!L31*1000 -> 0 | M31: =+[10]Resumen!M31*1000 -> 220506.51 | ... AC31: =+[10]Resumen!AC31*1000 -> 0 | AD31: =SUM(F31:AC31)*E31+SUM(F32:AC32)*E32+SUM(F33:AC33)*E33+SUM(F34:AC34)*E34 -> 77198798
D32: Sábado | E32: =+[10]Resumen!E32 -> 4 | F32: =+[10]Resumen!F32*1000 -> 0 | G32: =+[10]Resumen!G32*1000 -> 0 | H32: =+[10]Resumen!H32*1000 -> 0 | I32: =+[10]Resumen!I32*1000 -> 0 | J32: =+[10]Resumen!J32*1000 -> 0 | K32: =+[10]Resumen!K32*1000 -> 0 | L32: =+[10]Resumen!L32*1000 -> 0 | M32: =+[10]Resumen!M32*1000 -> 199020.41 | ... AC32: =+[10]Resumen!AC32*1000 -> 0
D33: Domingo | E33: =+[10]Resumen!E33 -> 5 | F33: =+[10]Resumen!F33*1000 -> 0 | G33: =+[10]Resumen!G33*1000 -> 0 | H33: =+[10]Resumen!H33*1000 -> 0 | I33: =+[10]Resumen!I33*1000 -> 0 | J33: =+[10]Resumen!J33*1000 -> 0 | K33: =+[10]Resumen!K33*1000 -> 0 | L33: =+[10]Resumen!L33*1000 -> 0 | M33: =+[10]Resumen!M33*1000 -> 164231.93 | ... AC33: =+[10]Resumen!AC33*1000 -> 0
D34: Festivo | E34: =+[10]Resumen!E34 -> 2 | F34: =+[10]Resumen!F34*1000 -> 0 | G34: =+[10]Resumen!G34*1000 -> 0 | H34: =+[10]Resumen!H34*1000 -> 0 | I34: =+[10]Resumen!I34*1000 -> 0 | J34: =+[10]Resumen!J34*1000 -> 0 | K34: =+[10]Resumen!K34*1000 -> 0 | L34: =+[10]Resumen!L34*1000 -> 0 | M34: =+[10]Resumen!M34*1000 -> 167859.31 | ... AC34: =+[10]Resumen!AC34*1000 -> 0
C35: Ago | D35: Ordinario | E35: =+[10]Resumen!E35 -> 21 | F35: =+[10]Resumen!F35*1000 -> 0 | G35: =+[10]Resumen!G35*1000 -> 0 | H35: =+[10]Resumen!H35*1000 -> 0 | I35: =+[10]Resumen!I35*1000 -> 0 | J35: =+[10]Resumen!J35*1000 -> 0 | K35: =+[10]Resumen!K35*1000 -> 0 | L35: =+[10]Resumen!L35*1000 -> 0 | M35: =+[10]Resumen!M35*1000 -> 221975.33 | ... AC35: =+[10]Resumen!AC35*1000 -> 0 | AD35: =SUM(F35:AC35)*E35+SUM(F36:AC36)*E36+SUM(F37:AC37)*E37+SUM(F38:AC38)*E38 -> 77576414
D36: Sábado | E36: =+[10]Resumen!E36 -> 4 | F36: =+[10]Resumen!F36*1000 -> 0 | G36: =+[10]Resumen!G36*1000 -> 0 | H36: =+[10]Resumen!H36*1000 -> 0 | I36: =+[10]Resumen!I36*1000 -> 0 | J36: =+[10]Resumen!J36*1000 -> 0 | K36: =+[10]Resumen!K36*1000 -> 0 | L36: =+[10]Resumen!L36*1000 -> 0 | M36: =+[10]Resumen!M36*1000 -> 202463.64 | ... AC36: =+[10]Resumen!AC36*1000 -> 0
D37: Domingo | E37: =+[10]Resumen!E37 -> 4 | F37: =+[10]Resumen!F37*1000 -> 0 | G37: =+[10]Resumen!G37*1000 -> 0 | H37: =+[10]Resumen!H37*1000 -> 0 | I37: =+[10]Resumen!I37*1000 -> 0 | J37: =+[10]Resumen!J37*1000 -> 0 | K37: =+[10]Resumen!K37*1000 -> 0 | L37: =+[10]Resumen!L37*1000 -> 0 | M37: =+[10]Resumen!M37*1000 -> 163070.83 | ... AC37: =+[10]Resumen!AC37*1000 -> 0
D38: Festivo | E38: =+[10]Resumen!E38 -> 2 | F38: =+[10]Resumen!F38*1000 -> 0 | G38: =+[10]Resumen!G38*1000 -> 0 | H38: =+[10]Resumen!H38*1000 -> 0 | I38: =+[10]Resumen!I38*1000 -> 0 | J38: =+[10]Resumen!J38*1000 -> 0 | K38: =+[10]Resumen!K38*1000 -> 0 | L38: =+[10]Resumen!L38*1000 -> 0 | M38: =+[10]Resumen!M38*1000 -> 170633.7 | ... AC38: =+[10]Resumen!AC38*1000 -> 0
C39: Sep | D39: Ordinario | E39: =+[10]Resumen!E39 -> 20 | F39: =+[10]Resumen!F39*1000 -> 0 | G39: =+[10]Resumen!G39*1000 -> 0 | H39: =+[10]Resumen!H39*1000 -> 0 | I39: =+[10]Resumen!I39*1000 -> 0 | J39: =+[10]Resumen!J39*1000 -> 0 | K39: =+[10]Resumen!K39*1000 -> 0 | L39: =+[10]Resumen!L39*1000 -> 0 | M39: =+[10]Resumen!M39*1000 -> 230823.35 | ... AC39: =+[10]Resumen!AC39*1000 -> 0 | AD39: =SUM(F39:AC39)*E39+SUM(F40:AC40)*E40+SUM(F41:AC41)*E41+SUM(F42:AC42)*E42 -> 78156039
D40: Sábado | E40: =+[10]Resumen!E40 -> 5 | F40: =+[10]Resumen!F40*1000 -> 0 | G40: =+[10]Resumen!G40*1000 -> 0 | H40: =+[10]Resumen!H40*1000 -> 0 | I40: =+[10]Resumen!I40*1000 -> 0 | J40: =+[10]Resumen!J40*1000 -> 0 | K40: =+[10]Resumen!K40*1000 -> 0 | L40: =+[10]Resumen!L40*1000 -> 0 | M40: =+[10]Resumen!M40*1000 -> 211302.72 | ... AC40: =+[10]Resumen!AC40*1000 -> 0
D41: Domingo | E41: =+[10]Resumen!E41 -> 5 | F41: =+[10]Resumen!F41*1000 -> 0 | G41: =+[10]Resumen!G41*1000 -> 0 | H41: =+[10]Resumen!H41*1000 -> 0 | I41: =+[10]Resumen!I41*1000 -> 0 | J41: =+[10]Resumen!J41*1000 -> 0 | K41: =+[10]Resumen!K41*1000 -> 0 | L41: =+[10]Resumen!L41*1000 -> 0 | M41: =+[10]Resumen!M41*1000 -> 168685.54 | ... AC41: =+[10]Resumen!AC41*1000 -> 0
D42: Festivo | E42: =+[10]Resumen!E42 -> 0 | F42: =+[10]Resumen!F42*1000 -> 0 | G42: =+[10]Resumen!G42*1000 -> 0 | H42: =+[10]Resumen!H42*1000 -> 0 | I42: =+[10]Resumen!I42*1000 -> 0 | J42: =+[10]Resumen!J42*1000 -> 0 | K42: =+[10]Resumen!K42*1000 -> 0 | L42: =+[10]Resumen!L42*1000 -> 0 | M42: =+[10]Resumen!M42*1000 -> 0 | ... AC42: =+[10]Resumen!AC42*1000 -> 0
C43: Oct | D43: Ordinario | E43: =+[10]Resumen!E43 -> 22 | F43: =+[10]Resumen!F43*1000 -> 0 | G43: =+[10]Resumen!G43*1000 -> 0 | H43: =+[10]Resumen!H43*1000 -> 0 | I43: =+[10]Resumen!I43*1000 -> 0 | J43: =+[10]Resumen!J43*1000 -> 0 | K43: =+[10]Resumen!K43*1000 -> 0 | L43: =+[10]Resumen!L43*1000 -> 0 | M43: =+[10]Resumen!M43*1000 -> 221699.98 | ... AC43: =+[10]Resumen!AC43*1000 -> 0 | AD43: =SUM(F43:AC43)*E43+SUM(F44:AC44)*E44+SUM(F45:AC45)*E45+SUM(F46:AC46)*E46 -> 78384548
D44: Sábado | E44: =+[10]Resumen!E44 -> 4 | F44: =+[10]Resumen!F44*1000 -> 0 | G44: =+[10]Resumen!G44*1000 -> 0 | H44: =+[10]Resumen!H44*1000 -> 0 | I44: =+[10]Resumen!I44*1000 -> 0 | J44: =+[10]Resumen!J44*1000 -> 0 | K44: =+[10]Resumen!K44*1000 -> 0 | L44: =+[10]Resumen!L44*1000 -> 0 | M44: =+[10]Resumen!M44*1000 -> 203631.24 | ... AC44: =+[10]Resumen!AC44*1000 -> 0
D45: Domingo | E45: =+[10]Resumen!E45 -> 4 | F45: =+[10]Resumen!F45*1000 -> 0 | G45: =+[10]Resumen!G45*1000 -> 0 | H45: =+[10]Resumen!H45*1000 -> 0 | I45: =+[10]Resumen!I45*1000 -> 0 | J45: =+[10]Resumen!J45*1000 -> 0 | K45: =+[10]Resumen!K45*1000 -> 0 | L45: =+[10]Resumen!L45*1000 -> 0 | M45: =+[10]Resumen!M45*1000 -> 168196.28 | ... AC45: =+[10]Resumen!AC45*1000 -> 0
D46: Festivo | E46: =+[10]Resumen!E46 -> 1 | F46: =+[10]Resumen!F46*1000 -> 0 | G46: =+[10]Resumen!G46*1000 -> 0 | H46: =+[10]Resumen!H46*1000 -> 0 | I46: =+[10]Resumen!I46*1000 -> 0 | J46: =+[10]Resumen!J46*1000 -> 0 | K46: =+[10]Resumen!K46*1000 -> 0 | L46: =+[10]Resumen!L46*1000 -> 0 | M46: =+[10]Resumen!M46*1000 -> 166127.95 | ... AC46: =+[10]Resumen!AC46*1000 -> 0
C47: Nov | D47: Ordinario | E47: =+[10]Resumen!E47 -> 20 | F47: =+[10]Resumen!F47*1000 -> 0 | G47: =+[10]Resumen!G47*1000 -> 0 | H47: =+[10]Resumen!H47*1000 -> 0 | I47: =+[10]Resumen!I47*1000 -> 0 | J47: =+[10]Resumen!J47*1000 -> 0 | K47: =+[10]Resumen!K47*1000 -> 0 | L47: =+[10]Resumen!L47*1000 -> 0 | M47: =+[10]Resumen!M47*1000 -> 233637.88 | ... AC47: =+[10]Resumen!AC47*1000 -> 0 | AD47: =SUM(F47:AC47)*E47+SUM(F48:AC48)*E48+SUM(F49:AC49)*E49+SUM(F50:AC50)*E50 -> 78406088 | AG47: =130*3000 -> 390000
D48: Sábado | E48: =+[10]Resumen!E48 -> 4 | F48: =+[10]Resumen!F48*1000 -> 0 | G48: =+[10]Resumen!G48*1000 -> 0 | H48: =+[10]Resumen!H48*1000 -> 0 | I48: =+[10]Resumen!I48*1000 -> 0 | J48: =+[10]Resumen!J48*1000 -> 0 | K48: =+[10]Resumen!K48*1000 -> 0 | L48: =+[10]Resumen!L48*1000 -> 0 | M48: =+[10]Resumen!M48*1000 -> 213650.27 | ... AC48: =+[10]Resumen!AC48*1000 -> 0
D49: Domingo | E49: =+[10]Resumen!E49 -> 4 | F49: =+[10]Resumen!F49*1000 -> 0 | G49: =+[10]Resumen!G49*1000 -> 0 | H49: =+[10]Resumen!H49*1000 -> 0 | I49: =+[10]Resumen!I49*1000 -> 0 | J49: =+[10]Resumen!J49*1000 -> 0 | K49: =+[10]Resumen!K49*1000 -> 0 | L49: =+[10]Resumen!L49*1000 -> 0 | M49: =+[10]Resumen!M49*1000 -> 172448.04 | ... AC49: =+[10]Resumen!AC49*1000 -> 0
D50: Festivo | E50: =+[10]Resumen!E50 -> 2 | F50: =+[10]Resumen!F50*1000 -> 0 | G50: =+[10]Resumen!G50*1000 -> 0 | H50: =+[10]Resumen!H50*1000 -> 0 | I50: =+[10]Resumen!I50*1000 -> 0 | J50: =+[10]Resumen!J50*1000 -> 0 | K50: =+[10]Resumen!K50*1000 -> 0 | L50: =+[10]Resumen!L50*1000 -> 0 | M50: =+[10]Resumen!M50*1000 -> 168540.64 | ... AC50: =+[10]Resumen!AC50*1000 -> 0
C51: Dic | D51: Ordinario | E51: =+[10]Resumen!E51 -> 20 | F51: =+[10]Resumen!F51*1000 -> 0 | G51: =+[10]Resumen!G51*1000 -> 0 | H51: =+[10]Resumen!H51*1000 -> 0 | I51: =+[10]Resumen!I51*1000 -> 0 | J51: =+[10]Resumen!J51*1000 -> 0 | K51: =+[10]Resumen!K51*1000 -> 0 | L51: =+[10]Resumen!L51*1000 -> 0 | M51: =+[10]Resumen!M51*1000 -> 216411.87 | ... AC51: =+[10]Resumen!AC51*1000 -> 0 | AD51: =SUM(F51:AC51)*E51+SUM(F52:AC52)*E52+SUM(F53:AC53)*E53+SUM(F54:AC54)*E54 -> 76946255
D52: Sábado | E52: =+[10]Resumen!E52 -> 4 | F52: =+[10]Resumen!F52*1000 -> 0 | G52: =+[10]Resumen!G52*1000 -> 0 | H52: =+[10]Resumen!H52*1000 -> 0 | I52: =+[10]Resumen!I52*1000 -> 0 | J52: =+[10]Resumen!J52*1000 -> 0 | K52: =+[10]Resumen!K52*1000 -> 0 | L52: =+[10]Resumen!L52*1000 -> 0 | M52: =+[10]Resumen!M52*1000 -> 203179.02 | ... AC52: =+[10]Resumen!AC52*1000 -> 0
D53: Domingo | E53: =+[10]Resumen!E53 -> 5 | F53: =+[10]Resumen!F53*1000 -> 0 | G53: =+[10]Resumen!G53*1000 -> 0 | H53: =+[10]Resumen!H53*1000 -> 0 | I53: =+[10]Resumen!I53*1000 -> 0 | J53: =+[10]Resumen!J53*1000 -> 0 | K53: =+[10]Resumen!K53*1000 -> 0 | L53: =+[10]Resumen!L53*1000 -> 0 | M53: =+[10]Resumen!M53*1000 -> 169143.29 | ... AC53: =+[10]Resumen!AC53*1000 -> 0
D54: Festivo | E54: =+[10]Resumen!E54 -> 2 | F54: =+[10]Resumen!F54*1000 -> 0 | G54: =+[10]Resumen!G54*1000 -> 0 | H54: =+[10]Resumen!H54*1000 -> 0 | I54: =+[10]Resumen!I54*1000 -> 0 | J54: =+[10]Resumen!J54*1000 -> 0 | K54: =+[10]Resumen!K54*1000 -> 0 | L54: =+[10]Resumen!L54*1000 -> 0 | M54: =+[10]Resumen!M54*1000 -> 152426.96 | ... AC54: =+[10]Resumen!AC54*1000 -> 0
Z55: TOTAL AÑO kWh | AD55: =SUM(AD7:AD54) -> 9.2488711e+08

Sheet Cantidades 2036
C2: CANTIDADES DE ENERGÍA SOLICITADAS (kWh)
C3: EMPRESAS PÚBLICAS DE MEDELLÍN E.S.P.
C4: 2036
C6: Mes | D6: Tipo Día | E6: Días | F6: H1 | G6: H2 | H6: H3 | I6: H4 | J6: H5 | K6: H6 | L6: H7 | M6: H8 | N6: H9 | O6: H10 | P6: H11 | Q6: H12 | R6: H13 | S6: H14 | T6: H15 | U6: H16 | V6: H17 | W6: H18 | X6: H19 | Y6: H20 | Z6: H21 | AA6: H22 | AB6: H23 | AC6: H24 | AD6: TOTAL MES
C7: Ene | D7: Ordinario | E7: =+[11]Resumen!E7 -> 21 | F7: =+[11]Resumen!F7*1000 -> 0 | G7: =+[11]Resumen!G7*1000 -> 0 | H7: =+[11]Resumen!H7*1000 -> 0 | I7: =+[11]Resumen!I7*1000 -> 0 | J7: =+[11]Resumen!J7*1000 -> 0 | K7: =+[11]Resumen!K7*1000 -> 0 | L7: =+[11]Resumen!L7*1000 -> 0 | M7: =+[11]Resumen!M7*1000 -> 217279.63 | ... AC7: =+[11]Resumen!AC7*1000 -> 0 | AD7: =SUM(F7:AC7)*E7+SUM(F8:AC8)*E8+SUM(F9:AC9)*E9+SUM(F10:AC10)*E10 -> 77141570
D8: Sábado | E8: =+[11]Resumen!E8 -> 4 | F8: =+[11]Resumen!F8*1000 -> 0 | G8: =+[11]Resumen!G8*1000 -> 0 | H8: =+[11]Resumen!H8*1000 -> 0 | I8: =+[11]Resumen!I8*1000 -> 0 | J8: =+[11]Resumen!J8*1000 -> 0 | K8: =+[11]Resumen!K8*1000 -> 0 | L8: =+[11]Resumen!L8*1000 -> 0 | M8: =+[11]Resumen!M8*1000 -> 197012.96 | ... AC8: =+[11]Resumen!AC8*1000 -> 0
D9: Domingo | E9: =+[11]Resumen!E9 -> 4 | F9: =+[11]Resumen!F9*1000 -> 0 | G9: =+[11]Resumen!G9*1000 -> 0 | H9: =+[11]Resumen!H9*1000 -> 0 | I9: =+[11]Resumen!I9*1000 -> 0 | J9: =+[11]Resumen!J9*1000 -> 0 | K9: =+[11]Resumen!K9*1000 -> 0 | L9: =+[11]Resumen!L9*1000 -> 0 | M9: =+[11]Resumen!M9*1000 -> 163598.49 | ... AC9: =+[11]Resumen!AC9*1000 -> 0
D10: Festivo | E10: =+[11]Resumen!E10 -> 2 | F10: =+[11]Resumen!F10*1000 -> 0 | G10: =+[11]Resumen!G10*1000 -> 0 | H10: =+[11]Resumen!H10*1000 -> 0 | I10: =+[11]Resumen!I10*1000 -> 0 | J10: =+[11]Resumen!J10*1000 -> 0 | K10: =+[11]Resumen!K10*1000 -> 0 | L10: =+[11]Resumen!L10*1000 -> 0 | M10: =+[11]Resumen!M10*1000 -> 146477.2 | ... AC10: =+[11]Resumen!AC10*1000 -> 0
C11: Feb | D11: Ordinario | E11: =+[11]Resumen!E11 -> 21 | F11: =+[11]Resumen!F11*1000 -> 0 | G11: =+[11]Resumen!G11*1000 -> 0 | H11: =+[11]Resumen!H11*1000 -> 0 | I11: =+[11]Resumen!I11*1000 -> 0 | J11: =+[11]Resumen!J11*1000 -> 0 | K11: =+[11]Resumen!K11*1000 -> 0 | L11: =+[11]Resumen!L11*1000 -> 0 | M11: =+[11]Resumen!M11*1000 -> 237826.86 | ... AC11: =+[11]Resumen!AC11*1000 -> 0 | AD11: =SUM(F11:AC11)*E11+SUM(F12:AC12)*E12+SUM(F13:AC13)*E13+SUM(F14:AC14)*E14 -> 77767580
D12: Sábado | E12: =+[11]Resumen!E12 -> 4 | F12: =+[11]Resumen!F12*1000 -> 0 | G12: =+[11]Resumen!G12*1000 -> 0 | H12: =+[11]Resumen!H12*1000 -> 0 | I12: =+[11]Resumen!I12*1000 -> 0 | J12: =+[11]Resumen!J12*1000 -> 0 | K12: =+[11]Resumen!K12*1000 -> 0 | L12: =+[11]Resumen!L12*1000 -> 0 | M12: =+[11]Resumen!M12*1000 -> 218835.44 | ... AC12: =+[11]Resumen!AC12*1000 -> 0
D13: Domingo | E13: =+[11]Resumen!E13 -> 4 | F13: =+[11]Resumen!F13*1000 -> 0 | G13: =+[11]Resumen!G13*1000 -> 0 | H13: =+[11]Resumen!H13*1000 -> 0 | I13: =+[11]Resumen!I13*1000 -> 0 | J13: =+[11]Resumen!J13*1000 -> 0 | K13: =+[11]Resumen!K13*1000 -> 0 | L13: =+[11]Resumen!L13*1000 -> 0 | M13: =+[11]Resumen!M13*1000 -> 177702.79 | ... AC13: =+[11]Resumen!AC13*1000 -> 0
D14: Festivo | E14: =+[11]Resumen!E14 -> 0 | F14: =+[11]Resumen!F14*1000 -> 0 | G14: =+[11]Resumen!G14*1000 -> 0 | H14: =+[11]Resumen!H14*1000 -> 0 | I14: =+[11]Resumen!I14*1000 -> 0 | J14: =+[11]Resumen!J14*1000 -> 0 | K14: =+[11]Resumen!K14*1000 -> 0 | L14: =+[11]Resumen!L14*1000 -> 0 | M14: =+[11]Resumen!M14*1000 -> 0 | ... AC14: =+[11]Resumen!AC14*1000 -> 0
C15: Mar | D15: Ordinario | E15: =+[11]Resumen!E15 -> 20 | F15: =+[11]Resumen!F15*1000 -> 0 | G15: =+[11]Resumen!G15*1000 -> 0 | H15: =+[11]Resumen!H15*1000 -> 0 | I15: =+[11]Resumen!I15*1000 -> 0 | J15: =+[11]Resumen!J15*1000 -> 0 | K15: =+[11]Resumen!K15*1000 -> 0 | L15: =+[11]Resumen!L15*1000 -> 0 | M15: =+[11]Resumen!M15*1000 -> 225884 | ... AC15: =+[11]Resumen!AC15*1000 -> 0 | AD15: =SUM(F15:AC15)*E15+SUM(F16:AC16)*E16+SUM(F17:AC17)*E17+SUM(F18:AC18)*E18 -> 77951532
D16: Sábado | E16: =+[11]Resumen!E16 -> 5 | F16: =+[11]Resumen!F16*1000 -> 0 | G16: =+[11]Resumen!G16*1000 -> 0 | H16: =+[11]Resumen!H16*1000 -> 0 | I16: =+[11]Resumen!I16*1000 -> 0 | J16: =+[11]Resumen!J16*1000 -> 0 | K16: =+[11]Resumen!K16*1000 -> 0 | L16: =+[11]Resumen!L16*1000 -> 0 | M16: =+[11]Resumen!M16*1000 -> 207861.14 | ... AC16: =+[11]Resumen!AC16*1000 -> 0
D17: Domingo | E17: =+[11]Resumen!E17 -> 5 | F17: =+[11]Resumen!F17*1000 -> 0 | G17: =+[11]Resumen!G17*1000 -> 0 | H17: =+[11]Resumen!H17*1000 -> 0 | I17: =+[11]Resumen!I17*1000 -> 0 | J17: =+[11]Resumen!J17*1000 -> 0 | K17: =+[11]Resumen!K17*1000 -> 0 | L17: =+[11]Resumen!L17*1000 -> 0 | M17: =+[11]Resumen!M17*1000 -> 167561.8 | ... AC17: =+[11]Resumen!AC17*1000 -> 0
D18: Festivo | E18: =+[11]Resumen!E18 -> 1 | F18: =+[11]Resumen!F18*1000 -> 0 | G18: =+[11]Resumen!G18*1000 -> 0 | H18: =+[11]Resumen!H18*1000 -> 0 | I18: =+[11]Resumen!I18*1000 -> 0 | J18: =+[11]Resumen!J18*1000 -> 0 | K18: =+[11]Resumen!K18*1000 -> 0 | L18: =+[11]Resumen!L18*1000 -> 0 | M18: =+[11]Resumen!M18*1000 -> 174740.04 | ... AC18: =+[11]Resumen!AC18*1000 -> 0
C19: Abr | D19: Ordinario | E19: =+[11]Resumen!E19 -> 20 | F19: =+[11]Resumen!F19*1000 -> 0 | G19: =+[11]Resumen!G19*1000 -> 0 | H19: =+[11]Resumen!H19*1000 -> 0 | I19: =+[11]Resumen!I19*1000 -> 0 | J19: =+[11]Resumen!J19*1000 -> 0 | K19: =+[11]Resumen!K19*1000 -> 0 | L19: =+[11]Resumen!L19*1000 -> 0 | M19: =+[11]Resumen!M19*1000 -> 231387.39 | ... AC19: =+[11]Resumen!AC19*1000 -> 0 | AD19: =SUM(F19:AC19)*E19+SUM(F20:AC20)*E20+SUM(F21:AC21)*E21+SUM(F22:AC22)*E22 -> 77591543
D20: Sábado | E20: =+[11]Resumen!E20 -> 4 | F20: =+[11]Resumen!F20*1000 -> 0 | G20: =+[11]Resumen!G20*1000 -> 0 | H20: =+[11]Resumen!H20*1000 -> 0 | I20: =+[11]Resumen!I20*1000 -> 0 | J20: =+[11]Resumen!J20*1000 -> 0 | K20: =+[11]Resumen!K20*1000 -> 0 | L20: =+[11]Resumen!L20*1000 -> 0 | M20: =+[11]Resumen!M20*1000 -> 205757.9 | ... AC20: =+[11]Resumen!AC20*1000 -> 0
D21: Domingo | E21: =+[11]Resumen!E21 -> 4 | F21: =+[11]Resumen!F21*1000 -> 0 | G21: =+[11]Resumen!G21*1000 -> 0 | H21: =+[11]Resumen!H21*1000 -> 0 | I21: =+[11]Resumen!I21*1000 -> 0 | J21: =+[11]Resumen!J21*1000 -> 0 | K21: =+[11]Resumen!K21*1000 -> 0 | L21: =+[11]Resumen!L21*1000 -> 0 | M21: =+[11]Resumen!M21*1000 -> 175831.03 | ... AC21: =+[11]Resumen!AC21*1000 -> 0
D22: Festivo | E22: =+[11]Resumen!E22 -> 2 | F22: =+[11]Resumen!F22*1000 -> 0 | G22: =+[11]Resumen!G22*1000 -> 0 | H22: =+[11]Resumen!H22*1000 -> 0 | I22: =+[11]Resumen!I22*1000 -> 0 | J22: =+[11]Resumen!J22*1000 -> 0 | K22: =+[11]Resumen!K22*1000 -> 0 | L22: =+[11]Resumen!L22*1000 -> 0 | M22: =+[11]Resumen!M22*1000 -> 177351.37 | ... AC22: =+[11]Resumen!AC22*1000 -> 0
C23: May | D23: Ordinario | E23: =+[11]Resumen!E23 -> 20 | F23: =+[11]Resumen!F23*1000 -> 0 | G23: =+[11]Resumen!G23*1000 -> 0 | H23: =+[11]Resumen!H23*1000 -> 0 | I23: =+[11]Resumen!I23*1000 -> 0 | J23: =+[11]Resumen!J23*1000 -> 0 | K23: =+[11]Resumen!K23*1000 -> 0 | L23: =+[11]Resumen!L23*1000 -> 0 | M23: =+[11]Resumen!M23*1000 -> 224421.44 | ... AC23: =+[11]Resumen!AC23*1000 -> 0 | AD23: =SUM(F23:AC23)*E23+SUM(F24:AC24)*E24+SUM(F25:AC25)*E25+SUM(F26:AC26)*E26 -> 77727770
D24: Sábado | E24: =+[11]Resumen!E24 -> 5 | F24: =+[11]Resumen!F24*1000 -> 0 | G24: =+[11]Resumen!G24*1000 -> 0 | H24: =+[11]Resumen!H24*1000 -> 0 | I24: =+[11]Resumen!I24*1000 -> 0 | J24: =+[11]Resumen!J24*1000 -> 0 | K24: =+[11]Resumen!K24*1000 -> 0 | L24: =+[11]Resumen!L24*1000 -> 0 | M24: =+[11]Resumen!M24*1000 -> 205006.21 | ... AC24: =+[11]Resumen!AC24*1000 -> 0
D25: Domingo | E25: =+[11]Resumen!E25 -> 4 | F25: =+[11]Resumen!F25*1000 -> 0 | G25: =+[11]Resumen!G25*1000 -> 0 | H25: =+[11]Resumen!H25*1000 -> 0 | I25: =+[11]Resumen!I25*1000 -> 0 | J25: =+[11]Resumen!J25*1000 -> 0 | K25: =+[11]Resumen!K25*1000 -> 0 | L25: =+[11]Resumen!L25*1000 -> 0 | M25: =+[11]Resumen!M25*1000 -> 166878.98 | ... AC25: =+[11]Resumen!AC25*1000 -> 0
D26: Festivo | E26: =+[11]Resumen!E26 -> 2 | F26: =+[11]Resumen!F26*1000 -> 0 | G26: =+[11]Resumen!G26*1000 -> 0 | H26: =+[11]Resumen!H26*1000 -> 0 | I26: =+[11]Resumen!I26*1000 -> 0 | J26: =+[11]Resumen!J26*1000 -> 0 | K26: =+[11]Resumen!K26*1000 -> 0 | L26: =+[11]Resumen!L26*1000 -> 0 | M26: =+[11]Resumen!M26*1000 -> 174804.2 | ... AC26: =+[11]Resumen!AC26*1000 -> 0
C27: Jun | D27: Ordinario | E27: =+[11]Resumen!E27 -> 18 | F27: =+[11]Resumen!F27*1000 -> 0 | G27: =+[11]Resumen!G27*1000 -> 0 | H27: =+[11]Resumen!H27*1000 -> 0 | I27: =+[11]Resumen!I27*1000 -> 0 | J27: =+[11]Resumen!J27*1000 -> 0 | K27: =+[11]Resumen!K27*1000 -> 0 | L27: =+[11]Resumen!L27*1000 -> 0 | M27: =+[11]Resumen!M27*1000 -> 233915.9 | ... AC27: =+[11]Resumen!AC27*1000 -> 0 | AD27: =SUM(F27:AC27)*E27+SUM(F28:AC28)*E28+SUM(F29:AC29)*E29+SUM(F30:AC30)*E30 -> 78142334
D28: Sábado | E28: =+[11]Resumen!E28 -> 4 | F28: =+[11]Resumen!F28*1000 -> 0 | G28: =+[11]Resumen!G28*1000 -> 0 | H28: =+[11]Resumen!H28*1000 -> 0 | I28: =+[11]Resumen!I28*1000 -> 0 | J28: =+[11]Resumen!J28*1000 -> 0 | K28: =+[11]Resumen!K28*1000 -> 0 | L28: =+[11]Resumen!L28*1000 -> 0 | M28: =+[11]Resumen!M28*1000 -> 213796.77 | ... AC28: =+[11]Resumen!AC28*1000 -> 0
D29: Domingo | E29: =+[11]Resumen!E29 -> 5 | F29: =+[11]Resumen!F29*1000 -> 0 | G29: =+[11]Resumen!G29*1000 -> 0 | H29: =+[11]Resumen!H29*1000 -> 0 | I29: =+[11]Resumen!I29*1000 -> 0 | J29: =+[11]Resumen!J29*1000 -> 0 | K29: =+[11]Resumen!K29*1000 -> 0 | L29: =+[11]Resumen!L29*1000 -> 0 | M29: =+[11]Resumen!M29*1000 -> 175951.85 | ... AC29: =+[11]Resumen!AC29*1000 -> 0
D30: Festivo | E30: =+[11]Resumen!E30 -> 3 | F30: =+[11]Resumen!F30*1000 -> 0 | G30: =+[11]Resumen!G30*1000 -> 0 | H30: =+[11]Resumen!H30*1000 -> 0 | I30: =+[11]Resumen!I30*1000 -> 0 | J30: =+[11]Resumen!J30*1000 -> 0 | K30: =+[11]Resumen!K30*1000 -> 0 | L30: =+[11]Resumen!L30*1000 -> 0 | M30: =+[11]Resumen!M30*1000 -> 173645.42 | ... AC30: =+[11]Resumen!AC30*1000 -> 0
C31: Jul | D31: Ordinario | E31: =+[11]Resumen!E31 -> 23 | F31: =+[11]Resumen!F31*1000 -> 0 | G31: =+[11]Resumen!G31*1000 -> 0 | H31: =+[11]Resumen!H31*1000 -> 0 | I31: =+[11]Resumen!I31*1000 -> 0 | J31: =+[11]Resumen!J31*1000 -> 0 | K31: =+[11]Resumen!K31*1000 -> 0 | L31: =+[11]Resumen!L31*1000 -> 0 | M31: =+[11]Resumen!M31*1000 -> 221554.63 | ... AC31: =+[11]Resumen!AC31*1000 -> 0 | AD31: =SUM(F31:AC31)*E31+SUM(F32:AC32)*E32+SUM(F33:AC33)*E33+SUM(F34:AC34)*E34 -> 79052584
D32: Sábado | E32: =+[11]Resumen!E32 -> 4 | F32: =+[11]Resumen!F32*1000 -> 0 | G32: =+[11]Resumen!G32*1000 -> 0 | H32: =+[11]Resumen!H32*1000 -> 0 | I32: =+[11]Resumen!I32*1000 -> 0 | J32: =+[11]Resumen!J32*1000 -> 0 | K32: =+[11]Resumen!K32*1000 -> 0 | L32: =+[11]Resumen!L32*1000 -> 0 | M32: =+[11]Resumen!M32*1000 -> 199980.03 | ... AC32: =+[11]Resumen!AC32*1000 -> 0
D33: Domingo | E33: =+[11]Resumen!E33 -> 3 | F33: =+[11]Resumen!F33*1000 -> 0 | G33: =+[11]Resumen!G33*1000 -> 0 | H33: =+[11]Resumen!H33*1000 -> 0 | I33: =+[11]Resumen!I33*1000 -> 0 | J33: =+[11]Resumen!J33*1000 -> 0 | K33: =+[11]Resumen!K33*1000 -> 0 | L33: =+[11]Resumen!L33*1000 -> 0 | M33: =+[11]Resumen!M33*1000 -> 165048.24 | ... AC33: =+[11]Resumen!AC33*1000 -> 0
D34: Festivo | E34: =+[11]Resumen!E34 -> 1 | F34: =+[11]Resumen!F34*1000 -> 0 | G34: =+[11]Resumen!G34*1000 -> 0 | H34: =+[11]Resumen!H34*1000 -> 0 | I34: =+[11]Resumen!I34*1000 -> 0 | J34: =+[11]Resumen!J34*1000 -> 0 | K34: =+[11]Resumen!K34*1000 -> 0 | L34: =+[11]Resumen!L34*1000 -> 0 | M34: =+[11]Resumen!M34*1000 -> 168690.57 | ... AC34: =+[11]Resumen!AC34*1000 -> 0
C35: Ago | D35: Ordinario | E35: =+[11]Resumen!E35 -> 19 | F35: =+[11]Resumen!F35*1000 -> 0 | G35: =+[11]Resumen!G35*1000 -> 0 | H35: =+[11]Resumen!H35*1000 -> 0 | I35: =+[11]Resumen!I35*1000 -> 0 | J35: =+[11]Resumen!J35*1000 -> 0 | K35: =+[11]Resumen!K35*1000 -> 0 | L35: =+[11]Resumen!L35*1000 -> 0 | M35: =+[11]Resumen!M35*1000 -> 227924.41 | ... AC35: =+[11]Resumen!AC35*1000 -> 0 | AD35: =SUM(F35:AC35)*E35+SUM(F36:AC36)*E36+SUM(F37:AC37)*E37+SUM(F38:AC38)*E38 -> 78864482
D36: Sábado | E36: =+[11]Resumen!E36 -> 5 | F36: =+[11]Resumen!F36*1000 -> 0 | G36: =+[11]Resumen!G36*1000 -> 0 | H36: =+[11]Resumen!H36*1000 -> 0 | I36: =+[11]Resumen!I36*1000 -> 0 | J36: =+[11]Resumen!J36*1000 -> 0 | K36: =+[11]Resumen!K36*1000 -> 0 | L36: =+[11]Resumen!L36*1000 -> 0 | M36: =+[11]Resumen!M36*1000 -> 207950.46 | ... AC36: =+[11]Resumen!AC36*1000 -> 0
D37: Domingo | E37: =+[11]Resumen!E37 -> 5 | F37: =+[11]Resumen!F37*1000 -> 0 | G37: =+[11]Resumen!G37*1000 -> 0 | H37: =+[11]Resumen!H37*1000 -> 0 | I37: =+[11]Resumen!I37*1000 -> 0 | J37: =+[11]Resumen!J37*1000 -> 0 | K37: =+[11]Resumen!K37*1000 -> 0 | L37: =+[11]Resumen!L37*1000 -> 0 | M37: =+[11]Resumen!M37*1000 -> 167624.38 | ... AC37: =+[11]Resumen!AC37*1000 -> 0
D38: Festivo | E38: =+[11]Resumen!E38 -> 2 | F38: =+[11]Resumen!F38*1000 -> 0 | G38: =+[11]Resumen!G38*1000 -> 0 | H38: =+[11]Resumen!H38*1000 -> 0 | I38: =+[11]Resumen!I38*1000 -> 0 | J38: =+[11]Resumen!J38*1000 -> 0 | K38: =+[11]Resumen!K38*1000 -> 0 | L38: =+[11]Resumen!L38*1000 -> 0 | M38: =+[11]Resumen!M38*1000 -> 175366.42 | ... AC38: =+[11]Resumen!AC38*1000 -> 0
C39: Sep | D39: Ordinario | E39: =+[11]Resumen!E39 -> 22 | F39: =+[11]Resumen!F39*1000 -> 0 | G39: =+[11]Resumen!G39*1000 -> 0 | H39: =+[11]Resumen!H39*1000 -> 0 | I39: =+[11]Resumen!I39*1000 -> 0 | J39: =+[11]Resumen!J39*1000 -> 0 | K39: =+[11]Resumen!K39*1000 -> 0 | L39: =+[11]Resumen!L39*1000 -> 0 | M39: =+[11]Resumen!M39*1000 -> 233415.98 | ... AC39: =+[11]Resumen!AC39*1000 -> 0 | AD39: =SUM(F39:AC39)*E39+SUM(F40:AC40)*E40+SUM(F41:AC41)*E41+SUM(F42:AC42)*E42 -> 79809792
D40: Sábado | E40: =+[11]Resumen!E40 -> 4 | F40: =+[11]Resumen!F40*1000 -> 0 | G40: =+[11]Resumen!G40*1000 -> 0 | H40: =+[11]Resumen!H40*1000 -> 0 | I40: =+[11]Resumen!I40*1000 -> 0 | J40: =+[11]Resumen!J40*1000 -> 0 | K40: =+[11]Resumen!K40*1000 -> 0 | L40: =+[11]Resumen!L40*1000 -> 0 | M40: =+[11]Resumen!M40*1000 -> 213701.71 | ... AC40: =+[11]Resumen!AC40*1000 -> 0
D41: Domingo | E41: =+[11]Resumen!E41 -> 4 | F41: =+[11]Resumen!F41*1000 -> 0 | G41: =+[11]Resumen!G41*1000 -> 0 | H41: =+[11]Resumen!H41*1000 -> 0 | I41: =+[11]Resumen!I41*1000 -> 0 | J41: =+[11]Resumen!J41*1000 -> 0 | K41: =+[11]Resumen!K41*1000 -> 0 | L41: =+[11]Resumen!L41*1000 -> 0 | M41: =+[11]Resumen!M41*1000 -> 170661.77 | ... AC41: =+[11]Resumen!AC41*1000 -> 0
