Workbook

Sheet Cant. Requeridas Producto 1
A1: ANEXO 3 - CANTIDADES DE ENERGÍA SOLICITADA EN kWh
A2: PRODUCTO 1 - PAGUE LO CONTRATADO
A3: Periodo: 1 de enero 2026 a 31 diciembre de 2026
A4: CONVOCATORIA PÚBLICA N° CP-BIAC2025-004 - BIA ENERGY S.A.S. E.S.P.
A9: Mes | B9: H1 | C9: H2 | D9: H3 | E9: H4 | F9: H5 | G9: H6 | H9: H7 | I9: H8 | J9: H9 | K9: H10 | L9: H11 | M9: H12 | N9: H13 | O9: H14 | P9: H15 | Q9: H16 | R9: H17 | S9: H18 | T9: H19 | U9: H20 | V9: H21 | W9: H22 | X9: H23 | Y9: H24 | Z9: TOTAL DÍA | AA9: DÍAS | AB9: TOTAL MES
A10: 46023 | B10: 5500 | C10: =B10 -> 5500 | D10: =C10 -> 5500 | E10: =D10 -> 5500 | F10: =E10 -> 5500 | G10: =F10 -> 5500 | H10: =G10 -> 5500 | I10: =H10 -> 5500 | J10: =I10 -> 5500 | ... Y10: =X10 -> 5500 | Z10: =SUM(B10:Y10) -> 132000 | AA10: 31 | AB10: =Z10*AA10 -> 4092000
A11: 46054 | B11: =B10 -> 5500 | C11: =C10 -> 5500 | D11: =D10 -> 5500 | E11: =E10 -> 5500 | F11: =F10 -> 5500 | G11: =G10 -> 5500 | H11: =H10 -> 5500 | I11: =I10 -> 5500 | ... Z11: =Z10 -> 132000 | AA11: 28 | AB11: =Z11*AA11 -> 3696000
A12: 46082 | B12: =B11 -> 5500 | C12: =C11 -> 5500 | D12: =D11 -> 5500 | E12: =E11 -> 5500 | F12: =F11 -> 5500 | G12: =G11 -> 5500 | H12: =H11 -> 5500 | I12: =I11 -> 5500 | ... Z12: =Z11 -> 132000 | AA12: 31 | AB12: =Z12*AA12 -> 4092000
A13: 46113 | B13: =B12 -> 5500 | C13: =C12 -> 5500 | D13: =D12 -> 5500 | E13: =E12 -> 5500 | F13: =F12 -> 5500 | G13: =G12 -> 5500 | H13: =H12 -> 5500 | I13: =I12 -> 5500 | ... Z13: =Z12 -> 132000 | AA13: 30 | AB13: =Z13*AA13 -> 3960000
A14: 46143 | B14: =B13 -> 5500 | C14: =C13 -> 5500 | D14: =D13 -> 5500 | E14: =E13 -> 5500 | F14: =F13 -> 5500 | G14: =G13 -> 5500 | H14: =H13 -> 5500 | I14: =I13 -> 5500 | ... Z14: =Z13 -> 132000 | AA14: 31 | AB14: =Z14*AA14 -> 4092000
A15: 46174 | B15: =B14 -> 5500 | C15: =C14 -> 5500 | D15: =D14 -> 5500 | E15: =E14 -> 5500 | F15: =F14 -> 5500 | G15: =G14 -> 5500 | H15: =H14 -> 5500 | I15: =I14 -> 5500 | ... Z15: =Z14 -> 132000 | AA15: 30 | AB15: =Z15*AA15 -> 3960000
A16: 46204 | B16: =B15 -> 5500 | C16: =C15 -> 5500 | D16: =D15 -> 5500 | E16: =E15 -> 5500 | F16: =F15 -> 5500 | G16: =G15 -> 5500 | H16: =H15 -> 5500 | I16: =I15 -> 5500 | ... Z16: =Z15 -> 132000 | AA16: 31 | AB16: =Z16*AA16 -> 4092000
A17: 46235 | B17: =B16 -> 5500 | C17: =C16 -> 5500 | D17: =D16 -> 5500 | E17: =E16 -> 5500 | F17: =F16 -> 5500 | G17: =G16 -> 5500 | H17: =H16 -> 5500 | I17: =I16 -> 5500 | ... Z17: =Z16 -> 132000 | AA17: 31 | AB17: =Z17*AA17 -> 4092000
A18: 46266 | B18: =B17 -> 5500 | C18: =C17 -> 5500 | D18: =D17 -> 5500 | E18: =E17 -> 5500 | F18: =F17 -> 5500 | G18: =G17 -> 5500 | H18: =H17 -> 5500 | I18: =I17 -> 5500 | ... Z18: =Z17 -> 132000 | AA18: 30 | AB18: =Z18*AA18 -> 3960000
A19: 46296 | B19: =B18 -> 5500 | C19: =C18 -> 5500 | D19: =D18 -> 5500 | E19: =E18 -> 5500 | F19: =F18 -> 5500 | G19: =G18 -> 5500 | H19: =H18 -> 5500 | I19: =I18 -> 5500 | ... Z19: =Z18 -> 132000 | AA19: 31 | AB19: =Z19*AA19 -> 4092000
A20: 46327 | B20: =B19 -> 5500 | C20: =C19 -> 5500 | D20: =D19 -> 5500 | E20: =E19 -> 5500 | F20: =F19 -> 5500 | G20: =G19 -> 5500 | H20: =H19 -> 5500 | I20: =I19 -> 5500 | ... Z20: =Z19 -> 132000 | AA20: 30 | AB20: =Z20*AA20 -> 3960000
A21: 46357 | B21: =B20 -> 5500 | C21: =C20 -> 5500 | D21: =D20 -> 5500 | E21: =E20 -> 5500 | F21: =F20 -> 5500 | G21: =G20 -> 5500 | H21: =H20 -> 5500 | I21: =I20 -> 5500 | ... Z21: =Z20 -> 132000 | AA21: 31 | AB21: =Z21*AA21 -> 4092000
AA22: TOTAL | AB22: =SUM(AB10:AB21) -> 48180000

Sheet Oferta Producto 1
A4: CONVOCATORIA PÚBLICA N° CP-BIAC2025-004 - BIA ENERGY S.A.S. E.S.P.
B5: ANEXO 4. FORMATO DE OFERTA - PRODUCTO 1
B6: NOMBRE DEL OFERENTE
B7: Precios y cantidades de la energía ofertada
B8: En pesos de abril de 2025
B10: OPCIÓN 24 HORAS
B11: Mes | C11: E. Solicitada [kWh-mes] | D11: % E. Ofertada | E11: E. Ofertada [kWh-mes] | F11: $/kWh
B12: 46023 | C12: ='Cant. Requeridas Producto 1'!AB10 -> 4092000 | E12: =C12*$D$12 -> 0
B13: 46054 | C13: ='Cant. Requeridas Producto 1'!AB11 -> 3696000 | E13: =C13*$D$12 -> 0
B14: 46082 | C14: ='Cant. Requeridas Producto 1'!AB12 -> 4092000 | E14: =C14*$D$12 -> 0
B15: 46113 | C15: ='Cant. Requeridas Producto 1'!AB13 -> 3960000 | E15: =C15*$D$12 -> 0
B16: 46143 | C16: ='Cant. Requeridas Producto 1'!AB14 -> 4092000 | E16: =C16*$D$12 -> 0
B17: 46174 | C17: ='Cant. Requeridas Producto 1'!AB15 -> 3960000 | E17: =C17*$D$12 -> 0
B18: 46204 | C18: ='Cant. Requeridas Producto 1'!AB16 -> 4092000 | E18: =C18*$D$12 -> 0
B19: 46235 | C19: ='Cant. Requeridas Producto 1'!AB17 -> 4092000 | E19: =C19*$D$12 -> 0
B20: 46266 | C20: ='Cant. Requeridas Producto 1'!AB18 -> 3960000 | E20: =C20*$D$12 -> 0
B21: 46296 | C21: ='Cant. Requeridas Producto 1'!AB19 -> 4092000 | E21: =C21*$D$12 -> 0
B22: 46327 | C22: ='Cant. Requeridas Producto 1'!AB20 -> 3960000 | E22: =C22*$D$12 -> 0
B23: 46357 | C23: ='Cant. Requeridas Producto 1'!AB21 -> 4092000 | E23: =C23*$D$12 -> 0
B24: TOTAL | C24: =SUM(C12:C23) -> 48180000 | E24: =SUM(E12:E23) -> 0
B27: El oferente debe indicar si acepta adjudicaciones parciales o no
B28: • Para el año 2026, se debe presentar oferta con un único porcentaje.
B29: • El precio ofertado debe ser único para el año del producto, expresado en $/kWh, con hasta dos (2) decimales.
B34: Leonardo Velasquez
B35: BIA ENERGY S.A.S. E.S.P.

Sheet Cant. Requeridas Producto 2
A1: ANEXO 3 - CANTIDADES DE ENERGÍA SOLICITADA EN kWh
A2: PRODUCTO 2 - PAGUE LO CONTRATADO
A3: Periodo: 1 de enero 2026 a 31 diciembre de 2026
A4: CONVOCATORIA PÚBLICA N° CP-BIAC2025-004 - BIA ENERGY S.A.S. E.S.P.
A9: Mes | B9: H1 | C9: H2 | D9: H3 | E9: H4 | F9: H5 | G9: H6 | H9: H7 | I9: H8 | J9: H9 | K9: H10 | L9: H11 | M9: H12 | N9: H13 | O9: H14 | P9: H15 | Q9: H16 | R9: H17 | S9: H18 | T9: H19 | U9: H20 | V9: H21 | W9: H22 | X9: H23 | Y9: H24 | Z9: TOTAL DÍA | AA9: DÍAS | AB9: TOTAL MES
A10: 46023 | B10: 3000 | C10: =B10 -> 3000 | D10: =C10 -> 3000 | E10: =D10 -> 3000 | F10: =E10 -> 3000 | G10: =F10 -> 3000 | H10: =G10 -> 3000 | I10: =H10 -> 3000 | J10: =I10 -> 3000 | ... Y10: =X10 -> 3000 | Z10: =SUM(B10:Y10) -> 72000 | AA10: 31 | AB10: =Z10*AA10 -> 2232000
A11: 46054 | B11: =B10 -> 3000 | C11: =B11 -> 3000 | D11: =C11 -> 3000 | E11: =D11 -> 3000 | F11: =E11 -> 3000 | G11: =F11 -> 3000 | H11: =G11 -> 3000 | I11: =H11 -> 3000 | J11: =I11 -> 3000 | ... Y11: =X11 -> 3000 | Z11: =SUM(B11:Y11) -> 72000 | AA11: 28 | AB11: =Z11*AA11 -> 2016000
A12: 46082 | B12: =B11 -> 3000 | C12: =B12 -> 3000 | D12: =C12 -> 3000 | E12: =D12 -> 3000 | F12: =E12 -> 3000 | G12: =F12 -> 3000 | H12: =G12 -> 3000 | I12: =H12 -> 3000 | J12: =I12 -> 3000 | ... Y12: =X12 -> 3000 | Z12: =SUM(B12:Y12) -> 72000 | AA12: 31 | AB12: =Z12*AA12 -> 2232000
A13: 46113 | B13: =B12 -> 3000 | C13: =B13 -> 3000 | D13: =C13 -> 3000 | E13: =D13 -> 3000 | F13: =E13 -> 3000 | G13: =F13 -> 3000 | H13: =G13 -> 3000 | I13: =H13 -> 3000 | J13: =I13 -> 3000 | ... Y13: =X13 -> 3000 | Z13: =SUM(B13:Y13) -> 72000 | AA13: 30 | AB13: =Z13*AA13 -> 2160000
A14: 46143 | B14: =B13 -> 3000 | C14: =B14 -> 3000 | D14: =C14 -> 3000 | E14: =D14 -> 3000 | F14: =E14 -> 3000 | G14: =F14 -> 3000 | H14: =G14 -> 3000 | I14: =H14 -> 3000 | J14: =I14 -> 3000 | ... Y14: =X14 -> 3000 | Z14: =SUM(B14:Y14) -> 72000 | AA14: 31 | AB14: =Z14*AA14 -> 2232000
A15: 46174 | B15: =B14 -> 3000 | C15: =B15 -> 3000 | D15: =C15 -> 3000 | E15: =D15 -> 3000 | F15: =E15 -> 3000 | G15: =F15 -> 3000 | H15: =G15 -> 3000 | I15: =H15 -> 3000 | J15: =I15 -> 3000 | ... Y15: =X15 -> 3000 | Z15: =SUM(B15:Y15) -> 72000 | AA15: 30 | AB15: =Z15*AA15 -> 2160000
A16: 46204 | B16: =B15 -> 3000 | C16: =B16 -> 3000 | D16: =C16 -> 3000 | E16: =D16 -> 3000 | F16: =E16 -> 3000 | G16: =F16 -> 3000 | H16: =G16 -> 3000 | I16: =H16 -> 3000 | J16: =I16 -> 3000 | ... Y16: =X16 -> 3000 | Z16: =SUM(B16:Y16) -> 72000 | AA16: 31 | AB16: =Z16*AA16 -> 2232000
A17: 46235 | B17: =B16 -> 3000 | C17: =B17 -> 3000 | D17: =C17 -> 3000 | E17: =D17 -> 3000 | F17: =E17 -> 3000 | G17: =F17 -> 3000 | H17: =G17 -> 3000 | I17: =H17 -> 3000 | J17: =I17 -> 3000 | ... Y17: =X17 -> 3000 | Z17: =SUM(B17:Y17) -> 72000 | AA17: 31 | AB17: =Z17*AA17 -> 2232000
A18: 46266 | B18: =B17 -> 3000 | C18: =B18 -> 3000 | D18: =C18 -> 3000 | E18: =D18 -> 3000 | F18: =E18 -> 3000 | G18: =F18 -> 3000 | H18: =G18 -> 3000 | I18: =H18 -> 3000 | J18: =I18 -> 3000 | ... Y18: =X18 -> 3000 | Z18: =SUM(B18:Y18) -> 72000 | AA18: 30 | AB18: =Z18*AA18 -> 2160000
A19: 46296 | B19: =B18 -> 3000 | C19: =B19 -> 3000 | D19: =C19 -> 3000 | E19: =D19 -> 3000 | F19: =E19 -> 3000 | G19: =F19 -> 3000 | H19: =G19 -> 3000 | I19: =H19 -> 3000 | J19: =I19 -> 3000 | ... Y19: =X19 -> 3000 | Z19: =SUM(B19:Y19) -> 72000 | AA19: 31 | AB19: =Z19*AA19 -> 2232000
A20: 46327 | B20: =B19 -> 3000 | C20: =B20 -> 3000 | D20: =C20 -> 3000 | E20: =D20 -> 3000 | F20: =E20 -> 3000 | G20: =F20 -> 3000 | H20: =G20 -> 3000 | I20: =H20 -> 3000 | J20: =I20 -> 3000 | ... Y20: =X20 -> 3000 | Z20: =SUM(B20:Y20) -> 72000 | AA20: 30 | AB20: =Z20*AA20 -> 2160000
A21: 46357 | B21: =B20 -> 3000 | C21: =B21 -> 3000 | D21: =C21 -> 3000 | E21: =D21 -> 3000 | F21: =E21 -> 3000 | G21: =F21 -> 3000 | H21: =G21 -> 3000 | I21: =H21 -> 3000 | J21: =I21 -> 3000 | ... Y21: =X21 -> 3000 | Z21: =SUM(B21:Y21) -> 72000 | AA21: 31 | AB21: =Z21*AA21 -> 2232000
Z22: Total producto | AB22: =SUM(AB10:AB21) -> 26280000

Sheet Oferta Producto 2
A4: CONVOCATORIA PÚBLICA N° CP-BIAC2025-004 - BIA ENERGY S.A.S. E.S.P.
B5: ANEXO 4. FORMATO DE OFERTA - PRODUCTO 2
B6: NOMBRE DEL OFERENTE
B7: Precios y cantidades de la energía ofertada
B8: En pesos de abril de 2025
B10: OPCIÓN 24 HORAS
B11: Mes | C11: E. Solicitada [kWh-mes] | D11: % E. Ofertada | E11: E. Ofertada [kWh-mes] | F11: $/kWh
B12: 46023 | C12: ='Cant. Requeridas Producto 2'!AB10 -> 2232000 | E12: =C12*D12 -> 0
B13: 46054 | C13: ='Cant. Requeridas Producto 2'!AB11 -> 2016000 | E13: =C13*D13 -> 0
B14: 46082 | C14: ='Cant. Requeridas Producto 2'!AB12 -> 2232000 | E14: =C14*D14 -> 0
B15: 46113 | C15: ='Cant. Requeridas Producto 2'!AB13 -> 2160000 | E15: =C15*D15 -> 0
B16: 46143 | C16: ='Cant. Requeridas Producto 2'!AB14 -> 2232000 | E16: =C16*D16 -> 0
B17: 46174 | C17: ='Cant. Requeridas Producto 2'!AB15 -> 2160000 | E17: =C17*D17 -> 0
B18: 46204 | C18: ='Cant. Requeridas Producto 2'!AB16 -> 2232000 | E18: =C18*D18 -> 0
B19: 46235 | C19: ='Cant. Requeridas Producto 2'!AB17 -> 2232000 | E19: =C19*D19 -> 0
B20: 46266 | C20: ='Cant. Requeridas Producto 2'!AB18 -> 2160000 | E20: =C20*D20 -> 0
B21: 46296 | C21: ='Cant. Requeridas Producto 2'!AB19 -> 2232000 | E21: =C21*D21 -> 0
B22: 46327 | C22: ='Cant. Requeridas Producto 2'!AB20 -> 2160000 | E22: =C22*D22 -> 0
B23: 46357 | C23: ='Cant. Requeridas Producto 2'!AB21 -> 2232000 | E23: =C23*D23 -> 0
B24: TOTAL | C24: =SUM(C12:C23) -> 26280000 | E24: =SUM(E12:E23) -> 0
B27: El oferente debe indicar si acepta adjudicaciones parciales o no
B28: • Para el 2026, se puede presentar oferta con diferente porcentaje cada mes.
B29: • El precio ofertado podra ser diferente para cada mes del producto, expresado en $/kWh, con hasta dos (2) decimales.
B34: Leonardo Velasquez
B35: BIA ENERGY S.A.S. E.S.P.

Sheet Cant. Requeridas Producto 3
A1: ANEXO 3 - CANTIDADES DE ENERGÍA SOLICITADA EN kWh
A2: PRODUCTO 3 - PAGUE LO CONTRATADO
A3: Periodo: 1 de enero 2027 a 31 diciembre de 2027
A4: CONVOCATORIA PÚBLICA N° CP-BIAC2025-004 - BIA ENERGY S.A.S. E.S.P.
A9: Mes | B9: H1 | C9: H2 | D9: H3 | E9: H4 | F9: H5 | G9: H6 | H9: H7 | I9: H8 | J9: H9 | K9: H10 | L9: H11 | M9: H12 | N9: H13 | O9: H14 | P9: H15 | Q9: H16 | R9: H17 | S9: H18 | T9: H19 | U9: H20 | V9: H21 | W9: H22 | X9: H23 | Y9: H24 | Z9: TOTAL DÍA | AA9: DÍAS | AB9: TOTAL MES
A10: 46388 | B10: 3500 | C10: =B10 -> 3500 | D10: =C10 -> 3500 | E10: =D10 -> 3500 | F10: =E10 -> 3500 | G10: =F10 -> 3500 | H10: =G10 -> 3500 | I10: =H10 -> 3500 | J10: =I10 -> 3500 | ... Y10: =X10 -> 3500 | Z10: =SUM(B10:Y10) -> 84000 | AA10: 31 | AB10: =Z10*AA10 -> 2604000
A11: 46419 | B11: =B10 -> 3500 | C11: =B11 -> 3500 | D11: =C11 -> 3500 | E11: =D11 -> 3500 | F11: =E11 -> 3500 | G11: =F11 -> 3500 | H11: =G11 -> 3500 | I11: =H11 -> 3500 | J11: =I11 -> 3500 | ... Y11: =X11 -> 3500 | Z11: =SUM(B11:Y11) -> 84000 | AA11: 28 | AB11: =Z11*AA11 -> 2352000
A12: 46447 | B12: =B11 -> 3500 | C12: =B12 -> 3500 | D12: =C12 -> 3500 | E12: =D12 -> 3500 | F12: =E12 -> 3500 | G12: =F12 -> 3500 | H12: =G12 -> 3500 | I12: =H12 -> 3500 | J12: =I12 -> 3500 | ... Y12: =X12 -> 3500 | Z12: =SUM(B12:Y12) -> 84000 | AA12: 31 | AB12: =Z12*AA12 -> 2604000
A13: 46478 | B13: =B12 -> 3500 | C13: =B13 -> 3500 | D13: =C13 -> 3500 | E13: =D13 -> 3500 | F13: =E13 -> 3500 | G13: =F13 -> 3500 | H13: =G13 -> 3500 | I13: =H13 -> 3500 | J13: =I13 -> 3500 | ... Y13: =X13 -> 3500 | Z13: =SUM(B13:Y13) -> 84000 | AA13: 30 | AB13: =Z13*AA13 -> 2520000
A14: 46508 | B14: =B13 -> 3500 | C14: =B14 -> 3500 | D14: =C14 -> 3500 | E14: =D14 -> 3500 | F14: =E14 -> 3500 | G14: =F14 -> 3500 | H14: =G14 -> 3500 | I14: =H14 -> 3500 | J14: =I14 -> 3500 | ... Y14: =X14 -> 3500 | Z14: =SUM(B14:Y14) -> 84000 | AA14: 31 | AB14: =Z14*AA14 -> 2604000
A15: 46539 | B15: =B14 -> 3500 | C15: =B15 -> 3500 | D15: =C15 -> 3500 | E15: =D15 -> 3500 | F15: =E15 -> 3500 | G15: =F15 -> 3500 | H15: =G15 -> 3500 | I15: =H15 -> 3500 | J15: =I15 -> 3500 | ... Y15: =X15 -> 3500 | Z15: =SUM(B15:Y15) -> 84000 | AA15: 30 | AB15: =Z15*AA15 -> 2520000
A16: 46569 | B16: =B15 -> 3500 | C16: =B16 -> 3500 | D16: =C16 -> 3500 | E16: =D16 -> 3500 | F16: =E16 -> 3500 | G16: =F16 -> 3500 | H16: =G16 -> 3500 | I16: =H16 -> 3500 | J16: =I16 -> 3500 | ... Y16: =X16 -> 3500 | Z16: =SUM(B16:Y16) -> 84000 | AA16: 31 | AB16: =Z16*AA16 -> 2604000
A17: 46600 | B17: =B16 -> 3500 | C17: =B17 -> 3500 | D17: =C17 -> 3500 | E17: =D17 -> 3500 | F17: =E17 -> 3500 | G17: =F17 -> 3500 | H17: =G17 -> 3500 | I17: =H17 -> 3500 | J17: =I17 -> 3500 | ... Y17: =X17 -> 3500 | Z17: =SUM(B17:Y17) -> 84000 | AA17: 31 | AB17: =Z17*AA17 -> 2604000
A18: 46631 | B18: =B17 -> 3500 | C18: =B18 -> 3500 | D18: =C18 -> 3500 | E18: =D18 -> 3500 | F18: =E18 -> 3500 | G18: =F18 -> 3500 | H18: =G18 -> 3500 | I18: =H18 -> 3500 | J18: =I18 -> 3500 | ... Y18: =X18 -> 3500 | Z18: =SUM(B18:Y18) -> 84000 | AA18: 30 | AB18: =Z18*AA18 -> 2520000
A19: 46661 | B19: =B18 -> 3500 | C19: =B19 -> 3500 | D19: =C19 -> 3500 | E19: =D19 -> 3500 | F19: =E19 -> 3500 | G19: =F19 -> 3500 | H19: =G19 -> 3500 | I19: =H19 -> 3500 | J19: =I19 -> 3500 | ... Y19: =X19 -> 3500 | Z19: =SUM(B19:Y19) -> 84000 | AA19: 31 | AB19: =Z19*AA19 -> 2604000
A20: 46692 | B20: =B19 -> 3500 | C20: =B20 -> 3500 | D20: =C20 -> 3500 | E20: =D20 -> 3500 | F20: =E20 -> 3500 | G20: =F20 -> 3500 | H20: =G20 -> 3500 | I20: =H20 -> 3500 | J20: =I20 -> 3500 | ... Y20: =X20 -> 3500 | Z20: =SUM(B20:Y20) -> 84000 | AA20: 30 | AB20: =Z20*AA20 -> 2520000
A21: 46722 | B21: =B20 -> 3500 | C21: =B21 -> 3500 | D21: =C21 -> 3500 | E21: =D21 -> 3500 | F21: =E21 -> 3500 | G21: =F21 -> 3500 | H21: =G21 -> 3500 | I21: =H21 -> 3500 | J21: =I21 -> 3500 | ... Y21: =X21 -> 3500 | Z21: =SUM(B21:Y21) -> 84000 | AA21: 31 | AB21: =Z21*AA21 -> 2604000
Z22: Total producto | AB22: =SUM(AB10:AB21) -> 30660000

Sheet Oferta Producto 3
A4: CONVOCATORIA PÚBLICA N° CP-BIAC2025-004 - BIA ENERGY S.A.S. E.S.P.
B5: ANEXO 4. FORMATO DE OFERTA - PRODUCTO 3
B6: NOMBRE DEL OFERENTE
B7: Precios y cantidades de la energía ofertada
B8: En pesos de abril de 2025
B10: OPCIÓN 24 HORAS
B11: Mes | C11: E. Solicitada [kWh-mes] | D11: % E. Ofertada | E11: E. Ofertada [kWh-mes] | F11: $/kWh
B12: 46388 | C12: ='Cant. Requeridas Producto 3'!AB10 -> 2604000 | E12: =C12*$D$12 -> 0
B13: 46419 | C13: ='Cant. Requeridas Producto 3'!AB11 -> 2352000 | E13: =C13*$D$12 -> 0
B14: 46447 | C14: ='Cant. Requeridas Producto 3'!AB12 -> 2604000 | E14: =C14*$D$12 -> 0
B15: 46478 | C15: ='Cant. Requeridas Producto 3'!AB13 -> 2520000 | E15: =C15*$D$12 -> 0
B16: 46508 | C16: ='Cant. Requeridas Producto 3'!AB14 -> 2604000 | E16: =C16*$D$12 -> 0
B17: 46539 | C17: ='Cant. Requeridas Producto 3'!AB15 -> 2520000 | E17: =C17*$D$12 -> 0
B18: 46569 | C18: ='Cant. Requeridas Producto 3'!AB16 -> 2604000 | E18: =C18*$D$12 -> 0
B19: 46600 | C19: ='Cant. Requeridas Producto 3'!AB17 -> 2604000 | E19: =C19*$D$12 -> 0
B20: 46631 | C20: ='Cant. Requeridas Producto 3'!AB18 -> 2520000 | E20: =C20*$D$12 -> 0
B21: 46661 | C21: ='Cant. Requeridas Producto 3'!AB19 -> 2604000 | E21: =C21*$D$12 -> 0
B22: 46692 | C22: ='Cant. Requeridas Producto 3'!AB20 -> 2520000 | E22: =C22*$D$12 -> 0
B23: 46722 | C23: ='Cant. Requeridas Producto 3'!AB21 -> 2604000 | E23: =C23*$D$12 -> 0
B24: TOTAL | C24: =SUM(C12:C23) -> 30660000 | E24: =SUM(E12:E23) -> 0
B27: El oferente debe indicar si acepta adjudicaciones parciales o no
B28: • Se debe presentar oferta con un único porcentaje de energía para el año solicitado
B29: • El precio ofertado debe ser único para el año del producto, expresado en $/kWh, con hasta dos (2) decimales
B34: Leonardo Velasquez
B35: BIA ENERGY S.A.S. E.S.P.
