Workbook

Sheet OF P1
C1: * La energia a ofertar debe ser expresada únicamente en kilovatio (kWh) redondeado a cero decimales
C4: OFERTA PRODUCTO 1
C5: MES | D5: ENERGIA SOLICITADA (KWh) | E5: % | F5: ENERGIA OFERTADA (KWh) | G5: PRECIO $/kWh
C6: 46388 | D6: =+VLOOKUP(C6,'CURVA P1'!$A$4:$AD$55,30,FALSE) -> 28682505 | E6: % | G6: $/kWh
C7: 46419 | D7: =+VLOOKUP(C7,'CURVA P1'!$A$4:$AD$55,30,FALSE) -> 31315340 | E7: % | G7: $/kWh
C8: 46447 | D8: =+VLOOKUP(C8,'CURVA P1'!$A$4:$AD$55,30,FALSE) -> 28669562 | E8: % | G8: $/kWh
C9: 46478 | D9: =+VLOOKUP(C9,'CURVA P1'!$A$4:$AD$55,30,FALSE) -> 30932254 | E9: % | G9: $/kWh
C10: 46508 | D10: =+VLOOKUP(C10,'CURVA P1'!$A$4:$AD$55,30,FALSE) -> 15982260 | E10: % | G10: $/kWh
C11: 46539 | D11: =+VLOOKUP(C11,'CURVA P1'!$A$4:$AD$55,30,FALSE) -> 20007543 | E11: % | G11: $/kWh
C12: 46569 | D12: =+VLOOKUP(C12,'CURVA P1'!$A$4:$AD$55,30,FALSE) -> 20327705 | E12: % | G12: $/kWh
C13: 46600 | D13: =+VLOOKUP(C13,'CURVA P1'!$A$4:$AD$55,30,FALSE) -> 17995137 | E13: % | G13: $/kWh
C14: 46631 | D14: =+VLOOKUP(C14,'CURVA P1'!$A$4:$AD$55,30,FALSE) -> 21229482 | E14: % | G14: $/kWh
C15: 46661 | D15: =+VLOOKUP(C15,'CURVA P1'!$A$4:$AD$55,30,FALSE) -> 18186273 | E15: % | G15: $/kWh
C16: 46692 | D16: =+VLOOKUP(C16,'CURVA P1'!$A$4:$AD$55,30,FALSE) -> 18888936 | E16: % | G16: $/kWh
C17: 46722 | D17: =+VLOOKUP(C17,'CURVA P1'!$A$4:$AD$55,30,FALSE) -> 31197528 | E17: % | G17: $/kWh
D18: =SUM(D6:D17) -> 283414525
D20: =D18/1000000 -> 283.41453
D21: =D20*1000 -> 283414.53

Sheet CURVA P1
A1: Curva de distribucion en kwh
A2: * La energia a ofertar debe ser expresada únicamente en kilovatio (kWh) redondeado a cero decimales
A4: TOTAL | C4: =+AD55 -> 283414525
A5: MES | B5: DÍA | C5: HORA 01 | D5: HORA 02 | E5: HORA 03 | F5: HORA 04 | G5: HORA 05 | H5: HORA 06 | I5: HORA 07 | J5: HORA 08 | K5: HORA 09 | L5: HORA 10 | M5: HORA 11 | N5: HORA 12 | O5: HORA 13 | P5: HORA 14 | Q5: HORA 15 | R5: HORA 16 | S5: HORA 17 | T5: HORA 18 | U5: HORA 19 | V5: HORA 20 | W5: HORA 21 | X5: HORA 22 | Y5: HORA 23 | Z5: HORA 24 | AA5: TOTAL DÍA | AB5: NUMERO DÍAS | AC5: TOTAL DÍA MES | AD5: TOTAL MES
A7: 46388 | B7: Hábil | C7: 41936 | D7: 39709 | E7: 37387 | F7: 35678 | G7: 35143 | H7: 36159 | I7: 36880 | J7: 32562 | K7: 34826 | L7: 35655 | M7: 36743 | N7: 37217 | O7: 33710 | P7: 41495 | Q7: 51600 | R7: 56039 | S7: 56737 | T7: 46518 | U7: 48361 | V7: 46986 | W7: 45539 | X7: 43881 | Y7: 40724 | Z7: 36486 | AA7: =SUM(C7:Z7) -> 987971 | AB7: 19 | AC7: =+AA7*AB7 -> 18771449 | AD7: =+SUM(AC7:AC10) -> 28682505
B8: Sábado | C8: 43464 | D8: 40822 | E8: 38181 | F8: 36263 | G8: 35447 | H8: 35769 | I8: 35906 | J8: 31277 | K8: 33935 | L8: 34888 | M8: 35572 | N8: 35463 | O8: 33276 | P8: 37440 | Q8: 43939 | R8: 47605 | S8: 48210 | T8: 41729 | U8: 45805 | V8: 44927 | W8: 43040 | X8: 41231 | Y8: 38949 | Z8: 35783 | AA8: =SUM(C8:Z8) -> 938921 | AB8: 5 | AC8: =+AA8*AB8 -> 4694605
B9: Domingo | C9: 42586 | D9: 40188 | E9: 37685 | F9: 35722 | G9: 34590 | H9: 34021 | I9: 33065 | J9: 24629 | K9: 23407 | L9: 22680 | M9: 21805 | N9: 21626 | O9: 22492 | P9: 26200 | Q9: 31396 | R9: 35520 | S9: 37435 | T9: 33579 | U9: 38546 | V9: 39771 | W9: 39581 | X9: 38873 | Y9: 36478 | Z9: 32732 | AA9: =SUM(C9:Z9) -> 784607 | AB9: 5 | AC9: =+AA9*AB9 -> 3923035
B10: Festivo | C10: 33803 | D10: 32240 | E10: 31165 | F10: 29911 | G10: 29304 | H10: 28755 | I10: 27179 | J10: 18387 | K10: 16889 | L10: 16116 | M10: 15943 | N10: 15741 | O10: 16454 | P10: 20501 | Q10: 25597 | R10: 29504 | S10: 30983 | T10: 29209 | U10: 34540 | V10: 35346 | W10: 34876 | X10: 33838 | Y10: 31665 | Z10: 28762 | AA10: =SUM(C10:Z10) -> 646708 | AB10: 2 | AC10: =+AA10*AB10 -> 1293416
A11: 46419 | B11: Hábil | C11: 48255 | D11: 44838 | E11: 42404 | F11: 40824 | G11: 40863 | H11: 44118 | I11: 46046 | J11: 42556 | K11: 44946 | L11: 45762 | M11: 47099 | N11: 46028 | O11: 39968 | P11: 50231 | Q11: 61617 | R11: 66255 | S11: 66560 | T11: 53158 | U11: 54013 | V11: 53529 | W11: 52433 | X11: 50020 | Y11: 45098 | Z11: 39727 | AA11: =SUM(C11:Z11) -> 1166348 | AB11: 20 | AC11: =+AA11*AB11 -> 23326960 | AD11: =+SUM(AC11:AC14) -> 31315340
B12: Sábado | C12: 46223 | D12: 42954 | E12: 40586 | F12: 39047 | G12: 38427 | H12: 39436 | I12: 41077 | J12: 38269 | K12: 41537 | L12: 42738 | M12: 43409 | N12: 42979 | O12: 39827 | P12: 43471 | Q12: 49790 | R12: 53509 | S12: 53835 | T12: 45073 | U12: 49065 | V12: 49376 | W12: 47435 | X12: 45339 | Y12: 42604 | Z12: 39047 | AA12: =SUM(C12:Z12) -> 1055053 | AB12: 4 | AC12: =+AA12*AB12 -> 4220212
B13: Domingo | C13: 47823 | D13: 44366 | E13: 41904 | F13: 39881 | G13: 38843 | H13: 38561 | I13: 38213 | J13: 30722 | K13: 29838 | L13: 29671 | M13: 29123 | N13: 29303 | O13: 30010 | P13: 33492 | Q13: 39113 | R13: 43767 | S13: 45877 | T13: 40099 | U13: 45131 | V13: 47617 | W13: 47892 | X13: 47351 | Y13: 44093 | Z13: 39352 | AA13: =SUM(C13:Z13) -> 942042 | AB13: 4 | AC13: =+AA13*AB13 -> 3768168
B14: Festivo | C14: 0 | D14: 0 | E14: 0 | F14: 0 | G14: 0 | H14: 0 | I14: 0 | J14: 0 | K14: 0 | L14: 0 | M14: 0 | N14: 0 | O14: 0 | P14: 0 | Q14: 0 | R14: 0 | S14: 0 | T14: 0 | U14: 0 | V14: 0 | W14: 0 | X14: 0 | Y14: 0 | Z14: 0 | AA14: =SUM(C14:Z14) -> 0 | AB14: 0 | AC14: =+AA14*AB14 -> 0
A15: 46447 | B15: Hábil | C15: 42438 | D15: 39189 | E15: 36930 | F15: 35294 | G15: 35134 | H15: 37302 | I15: 37693 | J15: 33501 | K15: 35187 | L15: 35414 | M15: 36192 | N15: 35473 | O15: 30763 | P15: 40390 | Q15: 51147 | R15: 55530 | S15: 56258 | T15: 44997 | U15: 46090 | V15: 45967 | W15: 45546 | X15: 44111 | Y15: 40230 | Z15: 35586 | AA15: =SUM(C15:Z15) -> 976362 | AB15: 20 | AC15: =+AA15*AB15 -> 19527240 | AD15: =+SUM(AC15:AC18) -> 28669562
B16: Sábado | C16: 44097 | D16: 40752 | E16: 38290 | F16: 36289 | G16: 35336 | H16: 35457 | I16: 35950 | J16: 32380 | K16: 34689 | L16: 35289 | M16: 35851 | N16: 35065 | O16: 32033 | P16: 36088 | Q16: 42715 | R16: 46532 | S16: 47331 | T16: 40490 | U16: 44005 | V16: 44119 | W16: 42963 | X16: 41861 | Y16: 40174 | Z16: 37247 | AA16: =SUM(C16:Z16) -> 935003 | AB16: 4 | AC16: =+AA16*AB16 -> 3740012
B17: Domingo | C17: 44800 | D17: 41474 | E17: 39117 | F17: 37202 | G17: 35997 | H17: 35170 | I17: 33915 | J17: 25618 | K17: 23974 | L17: 22599 | M17: 21167 | N17: 21019 | O17: 22106 | P17: 26056 | Q17: 31765 | R17: 36226 | S17: 38358 | T17: 33968 | U17: 38475 | V17: 41095 | W17: 41842 | X17: 41777 | Y17: 38623 | Z17: 34537 | AA17: =SUM(C17:Z17) -> 806880 | AB17: 4 | AC17: =+AA17*AB17 -> 3227520
B18: Festivo | C18: 35684 | D18: 32343 | E18: 30239 | F18: 28800 | G18: 28211 | H18: 27928 | I18: 27957 | J18: 21950 | K18: 21908 | L18: 22088 | M18: 22724 | N18: 23182 | O18: 22505 | P18: 27122 | Q18: 32133 | R18: 35252 | S18: 36386 | T18: 31475 | U18: 36690 | V18: 39243 | W18: 39433 | X18: 38220 | Y18: 33982 | Z18: 29475 | AA18: =SUM(C18:Z18) -> 724930 | AB18: 3 | AC18: =+AA18*AB18 -> 2174790
A19: 46478 | B19: Hábil | C19: 44738 | D19: 41342 | E19: 39022 | F19: 37383 | G19: 37293 | H19: 38546 | I19: 39663 | J19: 36746 | K19: 39674 | L19: 40487 | M19: 42012 | N19: 41757 | O19: 36265 | P19: 46015 | Q19: 57550 | R19: 61684 | S19: 61752 | T19: 49573 | U19: 50644 | V19: 50052 | W19: 49368 | X19: 47638 | Y19: 43601 | Z19: 38526 | AA19: =SUM(C19:Z19) -> 1071331 | AB19: 22 | AC19: =+AA19*AB19 -> 23569282 | AD19: =+SUM(AC19:AC22) -> 30932254
B20: Sábado | C20: 45959 | D20: 42639 | E20: 40181 | F20: 38169 | G20: 37405 | H20: 36598 | I20: 37816 | J20: 34278 | K20: 37566 | L20: 38497 | M20: 39438 | N20: 39246 | O20: 36403 | P20: 40429 | Q20: 46890 | R20: 50418 | S20: 50548 | T20: 43432 | U20: 46765 | V20: 45844 | W20: 44202 | X20: 42405 | Y20: 40123 | Z20: 37150 | AA20: =SUM(C20:Z20) -> 992401 | AB20: 4 | AC20: =+AA20*AB20 -> 3969604
B21: Domingo | C21: 46024 | D21: 42408 | E21: 39771 | F21: 37703 | G21: 36461 | H21: 34886 | I21: 34358 | J21: 26915 | K21: 25852 | L21: 24927 | M21: 24264 | N21: 24910 | O21: 25708 | P21: 29593 | Q21: 35350 | R21: 39547 | S21: 41275 | T21: 36260 | U21: 40882 | V21: 42756 | W21: 42279 | X21: 42018 | Y21: 39251 | Z21: 34944 | AA21: =SUM(C21:Z21) -> 848342 | AB21: 4 | AC21: =+AA21*AB21 -> 3393368
B22: Festivo | C22: 0 | D22: 0 | E22: 0 | F22: 0 | G22: 0 | H22: 0 | I22: 0 | J22: 0 | K22: 0 | L22: 0 | M22: 0 | N22: 0 | O22: 0 | P22: 0 | Q22: 0 | R22: 0 | S22: 0 | T22: 0 | U22: 0 | V22: 0 | W22: 0 | X22: 0 | Y22: 0 | Z22: 0 | AA22: =SUM(C22:Z22) -> 0 | AB22: 0 | AC22: =+AA22*AB22 -> 0
A23: 46508 | B23: Hábil | C23: 25971 | D23: 22672 | E23: 20181 | F23: 18421 | G23: 17938 | H23: 17756 | I23: 18985 | J23: 16415 | K23: 19746 | L23: 20852 | M23: 22195 | N23: 21678 | O23: 16294 | P23: 26297 | Q23: 37701 | R23: 41357 | S23: 41175 | T23: 29125 | U23: 29090 | V23: 28903 | W23: 28985 | X23: 27787 | Y23: 24090 | Z23: 19275 | AA23: =SUM(C23:Z23) -> 592889 | AB23: 19 | AC23: =+AA23*AB23 -> 11264891 | AD23: =+SUM(AC23:AC26) -> 15982260
B24: Sábado | C24: 27812 | D24: 24040 | E24: 21193 | F24: 19104 | G24: 18162 | H24: 16430 | I24: 17997 | J24: 14675 | K24: 18311 | L24: 19825 | M24: 20842 | N24: 20128 | O24: 17050 | P24: 21162 | Q24: 27367 | R24: 30343 | S24: 30298 | T24: 21870 | U24: 24743 | V24: 25107 | W24: 23712 | X24: 22510 | Y24: 20651 | Z24: 17500 | AA24: =SUM(C24:Z24) -> 520832 | AB24: 4 | AC24: =+AA24*AB24 -> 2083328
B25: Domingo | C25: 25777 | D25: 22636 | E25: 20157 | F25: 18123 | G25: 16791 | H25: 14156 | I25: 14387 | J25: 6928 | K25: 5685 | L25: 4768 | M25: 4360 | N25: 4113 | O25: 3857 | P25: 7226 | Q25: 13267 | R25: 17221 | S25: 19062 | T25: 14579 | U25: 18829 | V25: 20846 | W25: 21457 | X25: 21937 | Y25: 19902 | Z25: 16149 | AA25: =SUM(C25:Z25) -> 352213 | AB25: 5 | AC25: =+AA25*AB25 -> 1761065
B26: Festivo | C26: 18781 | D26: 15673 | E26: 13425 | F26: 11737 | G26: 10936 | H26: 9048 | I26: 9808 | J26: 3323 | K26: 3087 | L26: 3121 | M26: 3473 | N26: 3758 | O26: 3448 | P26: 7787 | Q26: 13492 | R26: 17285 | S26: 18291 | T26: 12722 | U26: 17497 | V26: 20726 | W26: 21452 | X26: 21095 | Y26: 17773 | Z26: 13254 | AA26: =SUM(C26:Z26) -> 290992 | AB26: 3 | AC26: =+AA26*AB26 -> 872976
A27: 46539 | B27: Hábil | C27: 31286 | D27: 27821 | E27: 25181 | F27: 23405 | G27: 22903 | H27: 22459 | I27: 24576 | J27: 22636 | K27: 26134 | L27: 27023 | M27: 28296 | N27: 28170 | O27: 22193 | P27: 31721 | Q27: 42634 | R27: 46573 | S27: 46747 | T27: 33484 | U27: 33371 | V27: 33627 | W27: 33190 | X27: 31780 | Y27: 28272 | Z27: 23528 | AA27: =SUM(C27:Z27) -> 717010 | AB27: 21 | AC27: =+AA27*AB27 -> 15057210 | AD27: =+SUM(AC27:AC30) -> 20007543
B28: Sábado | C28: 31749 | D28: 28374 | E28: 25788 | F28: 23828 | G28: 23155 | H28: 21544 | I28: 23565 | J28: 20851 | K28: 24143 | L28: 25131 | M28: 25833 | N28: 25103 | O28: 21516 | P28: 24946 | Q28: 32165 | R28: 36125 | S28: 36315 | T28: 27788 | U28: 30292 | V28: 30405 | W28: 28938 | X28: 27381 | Y28: 25328 | Z28: 22376 | AA28: =SUM(C28:Z28) -> 642639 | AB28: 4 | AC28: =+AA28*AB28 -> 2570556
B29: Domingo | C29: 31429 | D29: 28313 | E29: 25870 | F29: 23820 | G29: 22641 | H29: 20061 | I29: 20166 | J29: 12905 | K29: 11055 | L29: 10698 | M29: 9166 | N29: 8853 | O29: 9384 | P29: 12943 | Q29: 18574 | R29: 22719 | S29: 24962 | T29: 18999 | U29: 23179 | V29: 26378 | W29: 26897 | X29: 27392 | Y29: 25690 | Z29: 22448 | AA29: =SUM(C29:Z29) -> 484542 | AB29: 4 | AC29: =+AA29*AB29 -> 1938168
B30: Festivo | C30: 25130 | D30: 22080 | E30: 19906 | F30: 18130 | G30: 17410 | H30: 15526 | I30: 16281 | J30: 10823 | K30: 11499 | L30: 12159 | M30: 12545 | N30: 12399 | O30: 11426 | P30: 15190 | Q30: 20513 | R30: 23654 | S30: 24319 | T30: 17435 | U30: 21304 | V30: 25311 | W30: 25188 | X30: 24496 | Y30: 21546 | Z30: 17339 | AA30: =SUM(C30:Z30) -> 441609 | AB30: 1 | AC30: =+AA30*AB30 -> 441609
A31: 46569 | B31: Hábil | C31: 31940 | D31: 28554 | E31: 26115 | F31: 24191 | G31: 23596 | H31: 23743 | I31: 25212 | J31: 22579 | K31: 25865 | L31: 26753 | M31: 27994 | N31: 27034 | O31: 20994 | P31: 30308 | Q31: 41068 | R31: 44982 | S31: 44835 | T31: 32230 | U31: 31786 | V31: 32925 | W31: 32992 | X31: 31898 | Y31: 28537 | Z31: 23975 | AA31: =SUM(C31:Z31) -> 710106 | AB31: 20 | AC31: =+AA31*AB31 -> 14202120 | AD31: =+SUM(AC31:AC34) -> 20327705
B32: Sábado | C32: 30776 | D32: 27636 | E32: 25352 | F32: 23521 | G32: 22892 | H32: 21642 | I32: 22932 | J32: 19702 | K32: 22538 | L32: 23512 | M32: 23815 | N32: 23665 | O32: 20531 | P32: 24608 | Q32: 31470 | R32: 34652 | S32: 34563 | T32: 25327 | U32: 28322 | V32: 30234 | W32: 28735 | X32: 27751 | Y32: 26424 | Z32: 24011 | AA32: =SUM(C32:Z32) -> 624611 | AB32: 5 | AC32: =+AA32*AB32 -> 3123055
B33: Domingo | C33: 33347 | D33: 30079 | E33: 27445 | F33: 25491 | G33: 24167 | H33: 21969 | I33: 21810 | J33: 13358 | K33: 11925 | L33: 11177 | M33: 10016 | N33: 9341 | O33: 10086 | P33: 13882 | Q33: 19057 | R33: 23524 | S33: 25390 | T33: 21061 | U33: 24631 | V33: 27953 | W33: 28539 | X33: 28807 | Y33: 26818 | Z33: 23492 | AA33: =SUM(C33:Z33) -> 513365 | AB33: 4 | AC33: =+AA33*AB33 -> 2053460
B34: Festivo | C34: 28766 | D34: 25544 | E34: 23053 | F34: 21466 | G34: 20619 | H34: 19096 | I34: 19271 | J34: 12918 | K34: 12677 | L34: 12445 | M34: 12103 | N34: 11481 | O34: 10291 | P34: 14753 | Q34: 20254 | R34: 24137 | S34: 25197 | T34: 18250 | U34: 22370 | V34: 26396 | W34: 26454 | X34: 25621 | Y34: 22696 | Z34: 18677 | AA34: =SUM(C34:Z34) -> 474535 | AB34: 2 | AC34: =+AA34*AB34 -> 949070
A35: 46600 | B35: Hábil | C35: 28700 | D35: 25178 | E35: 22551 | F35: 20531 | G35: 19833 | H35: 19853 | I35: 20862 | J35: 18380 | K35: 21318 | L35: 22747 | M35: 24050 | N35: 23596 | O35: 17620 | P35: 27917 | Q35: 39568 | R35: 43495 | S35: 43489 | T35: 30002 | U35: 29905 | V35: 30646 | W35: 30937 | X35: 30313 | Y35: 26731 | Z35: 22238 | AA35: =SUM(C35:Z35) -> 640460 | AB35: 21 | AC35: =+AA35*AB35 -> 13449660 | AD35: =+SUM(AC35:AC38) -> 17995137
B36: Sábado | C36: 32979 | D36: 29177 | E36: 26225 | F36: 23905 | G36: 22711 | H36: 21101 | I36: 21941 | J36: 19092 | K36: 21819 | L36: 23332 | M36: 23461 | N36: 23838 | O36: 19875 | P36: 24245 | Q36: 30887 | R36: 34132 | S36: 34523 | T36: 25197 | U36: 28514 | V36: 28892 | W36: 27380 | X36: 27217 | Y36: 25949 | Z36: 23323 | AA36: =SUM(C36:Z36) -> 619715 | AB36: 3 | AC36: =+AA36*AB36 -> 1859145
B37: Domingo | C37: 30687 | D37: 27187 | E37: 24379 | F37: 22167 | G37: 20482 | H37: 17566 | I37: 16726 | J37: 9219 | K37: 7384 | L37: 5653 | M37: 5021 | N37: 3729 | O37: 4684 | P37: 9866 | Q37: 15044 | R37: 19391 | S37: 19954 | T37: 14386 | U37: 19060 | V37: 21344 | W37: 22051 | X37: 22773 | Y37: 20870 | Z37: 17455 | AA37: =SUM(C37:Z37) -> 397078 | AB37: 5 | AC37: =+AA37*AB37 -> 1985390
B38: Festivo | C38: 20835 | D38: 18133 | E38: 15882 | F38: 14412 | G38: 13667 | H38: 12325 | I38: 12059 | J38: 5552 | K38: 5450 | L38: 6232 | M38: 6525 | N38: 6941 | O38: 6560 | P38: 10815 | Q38: 16480 | R38: 20676 | S38: 21517 | T38: 13713 | U38: 18716 | V38: 21970 | W38: 22265 | X38: 23214 | Y38: 20686 | Z38: 15846 | AA38: =SUM(C38:Z38) -> 350471 | AB38: 2 | AC38: =+AA38*AB38 -> 700942
A39: 46631 | B39: Hábil | C39: 33068 | D39: 29195 | E39: 26318 | F39: 24086 | G39: 23261 | H39: 23190 | I39: 24533 | J39: 22457 | K39: 25696 | L39: 27313 | M39: 28920 | N39: 28526 | O39: 22826 | P39: 33661 | Q39: 44816 | R39: 48512 | S39: 47791 | T39: 34928 | U39: 35688 | V39: 34632 | W39: 34718 | X39: 34058 | Y39: 30569 | Z39: 25367 | AA39: =SUM(C39:Z39) -> 744129 | AB39: 22 | AC39: =+AA39*AB39 -> 16370838 | AD39: =+SUM(AC39:AC42) -> 21229482
B40: Sábado | C40: 34099 | D40: 30556 | E40: 27760 | F40: 25488 | G40: 24364 | H40: 22633 | I40: 24067 | J40: 21825 | K40: 25507 | L40: 26645 | M40: 27848 | N40: 27766 | O40: 24098 | P40: 28784 | Q40: 35777 | R40: 39005 | S40: 38711 | T40: 30611 | U40: 34288 | V40: 32884 | W40: 30932 | X40: 29783 | Y40: 28049 | Z40: 25383 | AA40: =SUM(C40:Z40) -> 696863 | AB40: 4 | AC40: =+AA40*AB40 -> 2787452
B41: Domingo | C41: 33360 | D41: 30008 | E41: 27450 | F41: 25378 | G41: 23862 | H41: 21748 | I41: 21517 | J41: 13764 | K41: 11897 | L41: 10216 | M41: 9945 | N41: 10182 | O41: 9970 | P41: 14624 | Q41: 21184 | R41: 25054 | S41: 26439 | T41: 20987 | U41: 25950 | V41: 27619 | W41: 28494 | X41: 28995 | Y41: 26602 | Z41: 22553 | AA41: =SUM(C41:Z41) -> 517798 | AB41: 4 | AC41: =+AA41*AB41 -> 2071192
B42: Festivo | C42: 0 | D42: 0 | E42: 0 | F42: 0 | G42: 0 | H42: 0 | I42: 0 | J42: 0 | K42: 0 | L42: 0 | M42: 0 | N42: 0 | O42: 0 | P42: 0 | Q42: 0 | R42: 0 | S42: 0 | T42: 0 | U42: 0 | V42: 0 | W42: 0 | X42: 0 | Y42: 0 | Z42: 0 | AA42: =SUM(C42:Z42) -> 0 | AB42: 0 | AC42: =+AA42*AB42 -> 0
A43: 46661 | B43: Hábil | C43: 27382 | D43: 23870 | E43: 21342 | F43: 19563 | G43: 19063 | H43: 19059 | I43: 20571 | J43: 18455 | K43: 22520 | L43: 24256 | M43: 26142 | N43: 26267 | O43: 20680 | P43: 30770 | Q43: 42034 | R43: 45316 | S43: 44770 | T43: 34027 | U43: 33520 | V43: 31164 | W43: 29869 | X43: 28275 | Y43: 24402 | Z43: 19584 | AA43: =SUM(C43:Z43) -> 652901 | AB43: 20 | AC43: =+AA43*AB43 -> 13058020 | AD43: =+SUM(AC43:AC46) -> 18186273
B44: Sábado | C44: 25741 | D44: 22220 | E44: 19728 | F44: 17749 | G44: 16952 | H44: 15867 | I44: 17081 | J44: 13939 | K44: 18048 | L44: 19775 | M44: 20919 | N44: 21043 | O44: 18243 | P44: 21685 | Q44: 28027 | R44: 30978 | S44: 31587 | T44: 25069 | U44: 27910 | V44: 25986 | W44: 24281 | X44: 22359 | Y44: 20004 | Z44: 16986 | AA44: =SUM(C44:Z44) -> 522177 | AB44: 5 | AC44: =+AA44*AB44 -> 2610885
B45: Domingo | C45: 27401 | D45: 24182 | E45: 21700 | F45: 19613 | G45: 18224 | H45: 16207 | I45: 16178 | J45: 8093 | K45: 6756 | L45: 6369 | M45: 5747 | N45: 6316 | O45: 6793 | P45: 10699 | Q45: 16200 | R45: 20856 | S45: 22677 | T45: 19174 | U45: 23280 | V45: 23992 | W45: 24328 | X45: 24188 | Y45: 21471 | Z45: 17710 | AA45: =SUM(C45:Z45) -> 408154 | AB45: 5 | AC45: =+AA45*AB45 -> 2040770
B46: Festivo | C46: 26392 | D46: 23130 | E46: 20866 | F46: 19318 | G46: 18560 | H46: 16306 | I46: 16102 | J46: 10850 | K46: 11482 | L46: 12573 | M46: 12926 | N46: 12004 | O46: 12912 | P46: 17371 | Q46: 23971 | R46: 26884 | S46: 27850 | T46: 22656 | U46: 26270 | V46: 26859 | W46: 26822 | X46: 25442 | Y46: 21735 | Z46: 17317 | AA46: =SUM(C46:Z46) -> 476598 | AB46: 1 | AC46: =+AA46*AB46 -> 476598
A47: 46692 | B47: Hábil | C47: 27436 | D47: 24014 | E47: 21626 | F47: 20075 | G47: 19930 | H47: 20519 | I47: 22819 | J47: 21005 | K47: 24833 | L47: 26196 | M47: 27834 | N47: 27912 | O47: 22163 | P47: 31229 | Q47: 42001 | R47: 46224 | S47: 46097 | T47: 36672 | U47: 36085 | V47: 33147 | W47: 31571 | X47: 29106 | Y47: 24854 | Z47: 19805 | AA47: =SUM(C47:Z47) -> 683153 | AB47: 20 | AC47: =+AA47*AB47 -> 13663060 | AD47: =+SUM(AC47:AC50) -> 18888936
B48: Sábado | C48: 28560 | D48: 25152 | E48: 22671 | F48: 20782 | G48: 20013 | H48: 19192 | I48: 20709 | J48: 18388 | K48: 22790 | L48: 24932 | M48: 25534 | N48: 25462 | O48: 21819 | P48: 25092 | Q48: 31011 | R48: 33842 | S48: 34246 | T48: 28372 | U48: 30322 | V48: 28130 | W48: 25947 | X48: 23412 | Y48: 21024 | Z48: 17875 | AA48: =SUM(C48:Z48) -> 595277 | AB48: 4 | AC48: =+AA48*AB48 -> 2381108
B49: Domingo | C49: 27143 | D49: 24039 | E49: 21801 | F49: 19863 | G49: 18669 | H49: 17145 | I49: 17373 | J49: 10576 | K49: 10401 | L49: 10208 | M49: 10442 | N49: 10478 | O49: 11120 | P49: 14581 | Q49: 19640 | R49: 22858 | S49: 24442 | T49: 22083 | U49: 25053 | V49: 25036 | W49: 24267 | X49: 23268 | Y49: 20967 | Z49: 17317 | AA49: =SUM(C49:Z49) -> 448770 | AB49: 4 | AC49: =+AA49*AB49 -> 1795080
B50: Festivo | C50: 26522 | D50: 23211 | E50: 20863 | F50: 19215 | G50: 18585 | H50: 17227 | I50: 17452 | J50: 12380 | K50: 13334 | L50: 14715 | M50: 15894 | N50: 16533 | O50: 16204 | P50: 21173 | Q50: 26463 | R50: 29632 | S50: 30787 | T50: 27100 | U50: 30037 | V50: 29793 | W50: 28757 | X50: 26896 | Y50: 23179 | Z50: 18892 | AA50: =SUM(C50:Z50) -> 524844 | AB50: 2 | AC50: =+AA50*AB50 -> 1049688
A51: 46722 | B51: Hábil | C51: 45484 | D51: 42141 | E51: 39823 | F51: 38126 | G51: 37566 | H51: 37624 | I51: 38478 | J51: 35716 | K51: 38874 | L51: 40275 | M51: 41410 | N51: 41527 | O51: 37320 | P51: 44201 | Q51: 54271 | R51: 58526 | S51: 59268 | T51: 49791 | U51: 51462 | V51: 48980 | W51: 46746 | X51: 44853 | Y51: 41923 | Z51: 38007 | AA51: =SUM(C51:Z51) -> 1052392 | AB51: 22 | AC51: =+AA51*AB51 -> 23152624 | AD51: =+SUM(AC51:AC54) -> 31197528
B52: Sábado | C52: 47151 | D52: 43520 | E52: 40907 | F52: 38938 | G52: 37994 | H52: 37703 | I52: 38079 | J52: 33666 | K52: 36341 | L52: 37323 | M52: 38187 | N52: 38149 | O52: 36541 | P52: 40608 | Q52: 47053 | R52: 50562 | S52: 51306 | T52: 45795 | U52: 50014 | V52: 48766 | W52: 45784 | X52: 43036 | Y52: 40624 | Z52: 37789 | AA52: =SUM(C52:Z52) -> 1005836 | AB52: 3 | AC52: =+AA52*AB52 -> 3017508
B53: Domingo | C53: 48279 | D53: 44888 | E53: 42296 | F53: 40308 | G53: 39075 | H53: 36785 | I53: 36086 | J53: 28712 | K53: 27996 | L53: 27797 | M53: 27525 | N53: 27612 | O53: 27636 | P53: 31385 | Q53: 37081 | R53: 42022 | S53: 43886 | T53: 40746 | U53: 45878 | V53: 45178 | W53: 43211 | X53: 40960 | Y53: 37952 | Z53: 34762 | AA53: =SUM(C53:Z53) -> 898056 | AB53: 4 | AC53: =+AA53*AB53 -> 3592224
B54: Festivo | C54: 37407 | D54: 35545 | E54: 34077 | F54: 32649 | G54: 31752 | H54: 30794 | I54: 29704 | J54: 22273 | K54: 21023 | L54: 20637 | M54: 20199 | N54: 19839 | O54: 20385 | P54: 24450 | Q54: 29456 | R54: 33252 | S54: 35216 | T54: 31612 | U54: 36736 | V54: 37298 | W54: 36135 | X54: 34926 | Y54: 32795 | Z54: 29426 | AA54: =SUM(C54:Z54) -> 717586 | AB54: 2 | AC54: =+AA54*AB54 -> 1435172
AD55: =SUM(AD7:AD51) -> 283414525

Sheet OF P2 
C1: * La energia a ofertar debe ser expresada únicamente en kilovatio (kWh) redondeado a cero decimales - PLANA
C4: OFERTA PRODUCTO 2
C5: MES | D5: ENERGIA SOLICITADA (KWh) | E5: % | F5: ENERGIA OFERTADA (KWh) | G5: PRECIO $/kWh
C6: 46388 | D6: =+VLOOKUP(C6,'PLANA P2 '!$A$4:$AD$55,30,FALSE) -> 20832000 | E6: % | G6: $/kWh
C7: 46419 | D7: =+VLOOKUP(C7,'PLANA P2 '!$A$4:$AD$55,30,FALSE) -> 18816000
C8: 46447 | D8: =+VLOOKUP(C8,'PLANA P2 '!$A$4:$AD$55,30,FALSE) -> 20832000
C9: 46478 | D9: =+VLOOKUP(C9,'PLANA P2 '!$A$4:$AD$55,30,FALSE) -> 20160000
C10: 46508 | D10: =+VLOOKUP(C10,'PLANA P2 '!$A$4:$AD$55,30,FALSE) -> 20832000
C11: 46539 | D11: =+VLOOKUP(C11,'PLANA P2 '!$A$4:$AD$55,30,FALSE) -> 20160000
C12: 46569 | D12: =+VLOOKUP(C12,'PLANA P2 '!$A$4:$AD$55,30,FALSE) -> 20832000
C13: 46600 | D13: =+VLOOKUP(C13,'PLANA P2 '!$A$4:$AD$55,30,FALSE) -> 20832000
C14: 46631 | D14: =+VLOOKUP(C14,'PLANA P2 '!$A$4:$AD$55,30,FALSE) -> 20160000
C15: 46661 | D15: =+VLOOKUP(C15,'PLANA P2 '!$A$4:$AD$55,30,FALSE) -> 20832000
C16: 46692 | D16: =+VLOOKUP(C16,'PLANA P2 '!$A$4:$AD$55,30,FALSE) -> 20160000
C17: 46722 | D17: =+VLOOKUP(C17,'PLANA P2 '!$A$4:$AD$55,30,FALSE) -> 20832000
D18: =SUM(D6:D17) -> 245280000
D20: =D18/1000000 -> 245.28
D21: =D20*1000 -> 245280

Sheet PLANA P2 
A1: Curva de distribucion en kwh
A2: * La energia a ofertar debe ser expresada únicamente en kilovatio (kWh) redondeado a cero decimales
A4: TOTAL | C4: =+AD55 -> 245280000
A5: MES | B5: DÍA | C5: HORA 01 | D5: HORA 02 | E5: HORA 03 | F5: HORA 04 | G5: HORA 05 | H5: HORA 06 | I5: HORA 07 | J5: HORA 08 | K5: HORA 09 | L5: HORA 10 | M5: HORA 11 | N5: HORA 12 | O5: HORA 13 | P5: HORA 14 | Q5: HORA 15 | R5: HORA 16 | S5: HORA 17 | T5: HORA 18 | U5: HORA 19 | V5: HORA 20 | W5: HORA 21 | X5: HORA 22 | Y5: HORA 23 | Z5: HORA 24 | AA5: TOTAL DÍA | AB5: NUMERO DÍAS | AC5: TOTAL DÍA MES | AD5: TOTAL MES
A7: 46388 | B7: Hábil | C7: 28000 | D7: 28000 | E7: 28000 | F7: 28000 | G7: 28000 | H7: 28000 | I7: 28000 | J7: 28000 | K7: 28000 | L7: 28000 | M7: 28000 | N7: 28000 | O7: 28000 | P7: 28000 | Q7: 28000 | R7: 28000 | S7: 28000 | T7: 28000 | U7: 28000 | V7: 28000 | W7: 28000 | X7: 28000 | Y7: 28000 | Z7: 28000 | AA7: =SUM(C7:Z7) -> 672000 | AB7: 19 | AC7: =+AA7*AB7 -> 12768000 | AD7: =+SUM(AC7:AC10) -> 20832000
B8: Sábado | C8: 28000 | D8: 28000 | E8: 28000 | F8: 28000 | G8: 28000 | H8: 28000 | I8: 28000 | J8: 28000 | K8: 28000 | L8: 28000 | M8: 28000 | N8: 28000 | O8: 28000 | P8: 28000 | Q8: 28000 | R8: 28000 | S8: 28000 | T8: 28000 | U8: 28000 | V8: 28000 | W8: 28000 | X8: 28000 | Y8: 28000 | Z8: 28000 | AA8: =SUM(C8:Z8) -> 672000 | AB8: 5 | AC8: =+AA8*AB8 -> 3360000
B9: Domingo | C9: 28000 | D9: 28000 | E9: 28000 | F9: 28000 | G9: 28000 | H9: 28000 | I9: 28000 | J9: 28000 | K9: 28000 | L9: 28000 | M9: 28000 | N9: 28000 | O9: 28000 | P9: 28000 | Q9: 28000 | R9: 28000 | S9: 28000 | T9: 28000 | U9: 28000 | V9: 28000 | W9: 28000 | X9: 28000 | Y9: 28000 | Z9: 28000 | AA9: =SUM(C9:Z9) -> 672000 | AB9: 5 | AC9: =+AA9*AB9 -> 3360000
B10: Festivo | C10: 28000 | D10: 28000 | E10: 28000 | F10: 28000 | G10: 28000 | H10: 28000 | I10: 28000 | J10: 28000 | K10: 28000 | L10: 28000 | M10: 28000 | N10: 28000 | O10: 28000 | P10: 28000 | Q10: 28000 | R10: 28000 | S10: 28000 | T10: 28000 | U10: 28000 | V10: 28000 | W10: 28000 | X10: 28000 | Y10: 28000 | Z10: 28000 | AA10: =SUM(C10:Z10) -> 672000 | AB10: 2 | AC10: =+AA10*AB10 -> 1344000
A11: 46419 | B11: Hábil | C11: 28000 | D11: 28000 | E11: 28000 | F11: 28000 | G11: 28000 | H11: 28000 | I11: 28000 | J11: 28000 | K11: 28000 | L11: 28000 | M11: 28000 | N11: 28000 | O11: 28000 | P11: 28000 | Q11: 28000 | R11: 28000 | S11: 28000 | T11: 28000 | U11: 28000 | V11: 28000 | W11: 28000 | X11: 28000 | Y11: 28000 | Z11: 28000 | AA11: =SUM(C11:Z11) -> 672000 | AB11: 20 | AC11: =+AA11*AB11 -> 13440000 | AD11: =+SUM(AC11:AC14) -> 18816000
B12: Sábado | C12: 28000 | D12: 28000 | E12: 28000 | F12: 28000 | G12: 28000 | H12: 28000 | I12: 28000 | J12: 28000 | K12: 28000 | L12: 28000 | M12: 28000 | N12: 28000 | O12: 28000 | P12: 28000 | Q12: 28000 | R12: 28000 | S12: 28000 | T12: 28000 | U12: 28000 | V12: 28000 | W12: 28000 | X12: 28000 | Y12: 28000 | Z12: 28000 | AA12: =SUM(C12:Z12) -> 672000 | AB12: 4 | AC12: =+AA12*AB12 -> 2688000
B13: Domingo | C13: 28000 | D13: 28000 | E13: 28000 | F13: 28000 | G13: 28000 | H13: 28000 | I13: 28000 | J13: 28000 | K13: 28000 | L13: 28000 | M13: 28000 | N13: 28000 | O13: 28000 | P13: 28000 | Q13: 28000 | R13: 28000 | S13: 28000 | T13: 28000 | U13: 28000 | V13: 28000 | W13: 28000 | X13: 28000 | Y13: 28000 | Z13: 28000 | AA13: =SUM(C13:Z13) -> 672000 | AB13: 4 | AC13: =+AA13*AB13 -> 2688000
B14: Festivo | AA14: =SUM(C14:Z14) -> 0 | AB14: 0 | AC14: =+AA14*AB14 -> 0
A15: 46447 | B15: Hábil | C15: 28000 | D15: 28000 | E15: 28000 | F15: 28000 | G15: 28000 | H15: 28000 | I15: 28000 | J15: 28000 | K15: 28000 | L15: 28000 | M15: 28000 | N15: 28000 | O15: 28000 | P15: 28000 | Q15: 28000 | R15: 28000 | S15: 28000 | T15: 28000 | U15: 28000 | V15: 28000 | W15: 28000 | X15: 28000 | Y15: 28000 | Z15: 28000 | AA15: =SUM(C15:Z15) -> 672000 | AB15: 20 | AC15: =+AA15*AB15 -> 13440000 | AD15: =+SUM(AC15:AC18) -> 20832000
B16: Sábado | C16: 28000 | D16: 28000 | E16: 28000 | F16: 28000 | G16: 28000 | H16: 28000 | I16: 28000 | J16: 28000 | K16: 28000 | L16: 28000 | M16: 28000 | N16: 28000 | O16: 28000 | P16: 28000 | Q16: 28000 | R16: 28000 | S16: 28000 | T16: 28000 | U16: 28000 | V16: 28000 | W16: 28000 | X16: 28000 | Y16: 28000 | Z16: 28000 | AA16: =SUM(C16:Z16) -> 672000 | AB16: 4 | AC16: =+AA16*AB16 -> 2688000
B17: Domingo | C17: 28000 | D17: 28000 | E17: 28000 | F17: 28000 | G17: 28000 | H17: 28000 | I17: 28000 | J17: 28000 | K17: 28000 | L17: 28000 | M17: 28000 | N17: 28000 | O17: 28000 | P17: 28000 | Q17: 28000 | R17: 28000 | S17: 28000 | T17: 28000 | U17: 28000 | V17: 28000 | W17: 28000 | X17: 28000 | Y17: 28000 | Z17: 28000 | AA17: =SUM(C17:Z17) -> 672000 | AB17: 4 | AC17: =+AA17*AB17 -> 2688000
B18: Festivo | C18: 28000 | D18: 28000 | E18: 28000 | F18: 28000 | G18: 28000 | H18: 28000 | I18: 28000 | J18: 28000 | K18: 28000 | L18: 28000 | M18: 28000 | N18: 28000 | O18: 28000 | P18: 28000 | Q18: 28000 | R18: 28000 | S18: 28000 | T18: 28000 | U18: 28000 | V18: 28000 | W18: 28000 | X18: 28000 | Y18: 28000 | Z18: 28000 | AA18: =SUM(C18:Z18) -> 672000 | AB18: 3 | AC18: =+AA18*AB18 -> 2016000
A19: 46478 | B19: Hábil | C19: 28000 | D19: 28000 | E19: 28000 | F19: 28000 | G19: 28000 | H19: 28000 | I19: 28000 | J19: 28000 | K19: 28000 | L19: 28000 | M19: 28000 | N19: 28000 | O19: 28000 | P19: 28000 | Q19: 28000 | R19: 28000 | S19: 28000 | T19: 28000 | U19: 28000 | V19: 28000 | W19: 28000 | X19: 28000 | Y19: 28000 | Z19: 28000 | AA19: =SUM(C19:Z19) -> 672000 | AB19: 22 | AC19: =+AA19*AB19 -> 14784000 | AD19: =+SUM(AC19:AC22) -> 20160000
B20: Sábado | C20: 28000 | D20: 28000 | E20: 28000 | F20: 28000 | G20: 28000 | H20: 28000 | I20: 28000 | J20: 28000 | K20: 28000 | L20: 28000 | M20: 28000 | N20: 28000 | O20: 28000 | P20: 28000 | Q20: 28000 | R20: 28000 | S20: 28000 | T20: 28000 | U20: 28000 | V20: 28000 | W20: 28000 | X20: 28000 | Y20: 28000 | Z20: 28000 | AA20: =SUM(C20:Z20) -> 672000 | AB20: 4 | AC20: =+AA20*AB20 -> 2688000
B21: Domingo | C21: 28000 | D21: 28000 | E21: 28000 | F21: 28000 | G21: 28000 | H21: 28000 | I21: 28000 | J21: 28000 | K21: 28000 | L21: 28000 | M21: 28000 | N21: 28000 | O21: 28000 | P21: 28000 | Q21: 28000 | R21: 28000 | S21: 28000 | T21: 28000 | U21: 28000 | V21: 28000 | W21: 28000 | X21: 28000 | Y21: 28000 | Z21: 28000 | AA21: =SUM(C21:Z21) -> 672000 | AB21: 4 | AC21: =+AA21*AB21 -> 2688000
B22: Festivo | AA22: =SUM(C22:Z22) -> 0 | AB22: 0 | AC22: =+AA22*AB22 -> 0
A23: 46508 | B23: Hábil | C23: 28000 | D23: 28000 | E23: 28000 | F23: 28000 | G23: 28000 | H23: 28000 | I23: 28000 | J23: 28000 | K23: 28000 | L23: 28000 | M23: 28000 | N23: 28000 | O23: 28000 | P23: 28000 | Q23: 28000 | R23: 28000 | S23: 28000 | T23: 28000 | U23: 28000 | V23: 28000 | W23: 28000 | X23: 28000 | Y23: 28000 | Z23: 28000 | AA23: =SUM(C23:Z23) -> 672000 | AB23: 19 | AC23: =+AA23*AB23 -> 12768000 | AD23: =+SUM(AC23:AC26) -> 20832000
B24: Sábado | C24: 28000 | D24: 28000 | E24: 28000 | F24: 28000 | G24: 28000 | H24: 28000 | I24: 28000 | J24: 28000 | K24: 28000 | L24: 28000 | M24: 28000 | N24: 28000 | O24: 28000 | P24: 28000 | Q24: 28000 | R24: 28000 | S24: 28000 | T24: 28000 | U24: 28000 | V24: 28000 | W24: 28000 | X24: 28000 | Y24: 28000 | Z24: 28000 | AA24: =SUM(C24:Z24) -> 672000 | AB24: 4 | AC24: =+AA24*AB24 -> 2688000
B25: Domingo | C25: 28000 | D25: 28000 | E25: 28000 | F25: 28000 | G25: 28000 | H25: 28000 | I25: 28000 | J25: 28000 | K25: 28000 | L25: 28000 | M25: 28000 | N25: 28000 | O25: 28000 | P25: 28000 | Q25: 28000 | R25: 28000 | S25: 28000 | T25: 28000 | U25: 28000 | V25: 28000 | W25: 28000 | X25: 28000 | Y25: 28000 | Z25: 28000 | AA25: =SUM(C25:Z25) -> 672000 | AB25: 5 | AC25: =+AA25*AB25 -> 3360000
B26: Festivo | C26: 28000 | D26: 28000 | E26: 28000 | F26: 28000 | G26: 28000 | H26: 28000 | I26: 28000 | J26: 28000 | K26: 28000 | L26: 28000 | M26: 28000 | N26: 28000 | O26: 28000 | P26: 28000 | Q26: 28000 | R26: 28000 | S26: 28000 | T26: 28000 | U26: 28000 | V26: 28000 | W26: 28000 | X26: 28000 | Y26: 28000 | Z26: 28000 | AA26: =SUM(C26:Z26) -> 672000 | AB26: 3 | AC26: =+AA26*AB26 -> 2016000
A27: 46539 | B27: Hábil | C27: 28000 | D27: 28000 | E27: 28000 | F27: 28000 | G27: 28000 | H27: 28000 | I27: 28000 | J27: 28000 | K27: 28000 | L27: 28000 | M27: 28000 | N27: 28000 | O27: 28000 | P27: 28000 | Q27: 28000 | R27: 28000 | S27: 28000 | T27: 28000 | U27: 28000 | V27: 28000 | W27: 28000 | X27: 28000 | Y27: 28000 | Z27: 28000 | AA27: =SUM(C27:Z27) -> 672000 | AB27: 21 | AC27: =+AA27*AB27 -> 14112000 | AD27: =+SUM(AC27:AC30) -> 20160000
B28: Sábado | C28: 28000 | D28: 28000 | E28: 28000 | F28: 28000 | G28: 28000 | H28: 28000 | I28: 28000 | J28: 28000 | K28: 28000 | L28: 28000 | M28: 28000 | N28: 28000 | O28: 28000 | P28: 28000 | Q28: 28000 | R28: 28000 | S28: 28000 | T28: 28000 | U28: 28000 | V28: 28000 | W28: 28000 | X28: 28000 | Y28: 28000 | Z28: 28000 | AA28: =SUM(C28:Z28) -> 672000 | AB28: 4 | AC28: =+AA28*AB28 -> 2688000
B29: Domingo | C29: 28000 | D29: 28000 | E29: 28000 | F29: 28000 | G29: 28000 | H29: 28000 | I29: 28000 | J29: 28000 | K29: 28000 | L29: 28000 | M29: 28000 | N29: 28000 | O29: 28000 | P29: 28000 | Q29: 28000 | R29: 28000 | S29: 28000 | T29: 28000 | U29: 28000 | V29: 28000 | W29: 28000 | X29: 28000 | Y29: 28000 | Z29: 28000 | AA29: =SUM(C29:Z29) -> 672000 | AB29: 4 | AC29: =+AA29*AB29 -> 2688000
B30: Festivo | C30: 28000 | D30: 28000 | E30: 28000 | F30: 28000 | G30: 28000 | H30: 28000 | I30: 28000 | J30: 28000 | K30: 28000 | L30: 28000 | M30: 28000 | N30: 28000 | O30: 28000 | P30: 28000 | Q30: 28000 | R30: 28000 | S30: 28000 | T30: 28000 | U30: 28000 | V30: 28000 | W30: 28000 | X30: 28000 | Y30: 28000 | Z30: 28000 | AA30: =SUM(C30:Z30) -> 672000 | AB30: 1 | AC30: =+AA30*AB30 -> 672000
A31: 46569 | B31: Hábil | C31: 28000 | D31: 28000 | E31: 28000 | F31: 28000 | G31: 28000 | H31: 28000 | I31: 28000 | J31: 28000 | K31: 28000 | L31: 28000 | M31: 28000 | N31: 28000 | O31: 28000 | P31: 28000 | Q31: 28000 | R31: 28000 | S31: 28000 | T31: 28000 | U31: 28000 | V31: 28000 | W31: 28000 | X31: 28000 | Y31: 28000 | Z31: 28000 | AA31: =SUM(C31:Z31) -> 672000 | AB31: 20 | AC31: =+AA31*AB31 -> 13440000 | AD31: =+SUM(AC31:AC34) -> 20832000
B32: Sábado | C32: 28000 | D32: 28000 | E32: 28000 | F32: 28000 | G32: 28000 | H32: 28000 | I32: 28000 | J32: 28000 | K32: 28000 | L32: 28000 | M32: 28000 | N32: 28000 | O32: 28000 | P32: 28000 | Q32: 28000 | R32: 28000 | S32: 28000 | T32: 28000 | U32: 28000 | V32: 28000 | W32: 28000 | X32: 28000 | Y32: 28000 | Z32: 28000 | AA32: =SUM(C32:Z32) -> 672000 | AB32: 5 | AC32: =+AA32*AB32 -> 3360000
B33: Domingo | C33: 28000 | D33: 28000 | E33: 28000 | F33: 28000 | G33: 28000 | H33: 28000 | I33: 28000 | J33: 28000 | K33: 28000 | L33: 28000 | M33: 28000 | N33: 28000 | O33: 28000 | P33: 28000 | Q33: 28000 | R33: 28000 | S33: 28000 | T33: 28000 | U33: 28000 | V33: 28000 | W33: 28000 | X33: 28000 | Y33: 28000 | Z33: 28000 | AA33: =SUM(C33:Z33) -> 672000 | AB33: 4 | AC33: =+AA33*AB33 -> 2688000
B34: Festivo | C34: 28000 | D34: 28000 | E34: 28000 | F34: 28000 | G34: 28000 | H34: 28000 | I34: 28000 | J34: 28000 | K34: 28000 | L34: 28000 | M34: 28000 | N34: 28000 | O34: 28000 | P34: 28000 | Q34: 28000 | R34: 28000 | S34: 28000 | T34: 28000 | U34: 28000 | V34: 28000 | W34: 28000 | X34: 28000 | Y34: 28000 | Z34: 28000 | AA34: =SUM(C34:Z34) -> 672000 | AB34: 2 | AC34: =+AA34*AB34 -> 1344000
A35: 46600 | B35: Hábil | C35: 28000 | D35: 28000 | E35: 28000 | F35: 28000 | G35: 28000 | H35: 28000 | I35: 28000 | J35: 28000 | K35: 28000 | L35: 28000 | M35: 28000 | N35: 28000 | O35: 28000 | P35: 28000 | Q35: 28000 | R35: 28000 | S35: 28000 | T35: 28000 | U35: 28000 | V35: 28000 | W35: 28000 | X35: 28000 | Y35: 28000 | Z35: 28000 | AA35: =SUM(C35:Z35) -> 672000 | AB35: 21 | AC35: =+AA35*AB35 -> 14112000 | AD35: =+SUM(AC35:AC38) -> 20832000
B36: Sábado | C36: 28000 | D36: 28000 | E36: 28000 | F36: 28000 | G36: 28000 | H36: 28000 | I36: 28000 | J36: 28000 | K36: 28000 | L36: 28000 | M36: 28000 | N36: 28000 | O36: 28000 | P36: 28000 | Q36: 28000 | R36: 28000 | S36: 28000 | T36: 28000 | U36: 28000 | V36: 28000 | W36: 28000 | X36: 28000 | Y36: 28000 | Z36: 28000 | AA36: =SUM(C36:Z36) -> 672000 | AB36: 3 | AC36: =+AA36*AB36 -> 2016000
B37: Domingo | C37: 28000 | D37: 28000 | E37: 28000 | F37: 28000 | G37: 28000 | H37: 28000 | I37: 28000 | J37: 28000 | K37: 28000 | L37: 28000 | M37: 28000 | N37: 28000 | O37: 28000 | P37: 28000 | Q37: 28000 | R37: 28000 | S37: 28000 | T37: 28000 | U37: 28000 | V37: 28000 | W37: 28000 | X37: 28000 | Y37: 28000 | Z37: 28000 | AA37: =SUM(C37:Z37) -> 672000 | AB37: 5 | AC37: =+AA37*AB37 -> 3360000
B38: Festivo | C38: 28000 | D38: 28000 | E38: 28000 | F38: 28000 | G38: 28000 | H38: 28000 | I38: 28000 | J38: 28000 | K38: 28000 | L38: 28000 | M38: 28000 | N38: 28000 | O38: 28000 | P38: 28000 | Q38: 28000 | R38: 28000 | S38: 28000 | T38: 28000 | U38: 28000 | V38: 28000 | W38: 28000 | X38: 28000 | Y38: 28000 | Z38: 28000 | AA38: =SUM(C38:Z38) -> 672000 | AB38: 2 | AC38: =+AA38*AB38 -> 1344000
A39: 46631 | B39: Hábil | C39: 28000 | D39: 28000 | E39: 28000 | F39: 28000 | G39: 28000 | H39: 28000 | I39: 28000 | J39: 28000 | K39: 28000 | L39: 28000 | M39: 28000 | N39: 28000 | O39: 28000 | P39: 28000 | Q39: 28000 | R39: 28000 | S39: 28000 | T39: 28000 | U39: 28000 | V39: 28000 | W39: 28000 | X39: 28000 | Y39: 28000 | Z39: 28000 | AA39: =SUM(C39:Z39) -> 672000 | AB39: 22 | AC39: =+AA39*AB39 -> 14784000 | AD39: =+SUM(AC39:AC42) -> 20160000
B40: Sábado | C40: 28000 | D40: 28000 | E40: 28000 | F40: 28000 | G40: 28000 | H40: 28000 | I40: 28000 | J40: 28000 | K40: 28000 | L40: 28000 | M40: 28000 | N40: 28000 | O40: 28000 | P40: 28000 | Q40: 28000 | R40: 28000 | S40: 28000 | T40: 28000 | U40: 28000 | V40: 28000 | W40: 28000 | X40: 28000 | Y40: 28000 | Z40: 28000 | AA40: =SUM(C40:Z40) -> 672000 | AB40: 4 | AC40: =+AA40*AB40 -> 2688000
B41: Domingo | C41: 28000 | D41: 28000 | E41: 28000 | F41: 28000 | G41: 28000 | H41: 28000 | I41: 28000 | J41: 28000 | K41: 28000 | L41: 28000 | M41: 28000 | N41: 28000 | O41: 28000 | P41: 28000 | Q41: 28000 | R41: 28000 | S41: 28000 | T41: 28000 | U41: 28000 | V41: 28000 | W41: 28000 | X41: 28000 | Y41: 28000 | Z41: 28000 | AA41: =SUM(C41:Z41) -> 672000 | AB41: 4 | AC41: =+AA41*AB41 -> 2688000
B42: Festivo | AA42: =SUM(C42:Z42) -> 0 | AB42: 0 | AC42: =+AA42*AB42 -> 0
A43: 46661 | B43: Hábil | C43: 28000 | D43: 28000 | E43: 28000 | F43: 28000 | G43: 28000 | H43: 28000 | I43: 28000 | J43: 28000 | K43: 28000 | L43: 28000 | M43: 28000 | N43: 28000 | O43: 28000 | P43: 28000 | Q43: 28000 | R43: 28000 | S43: 28000 | T43: 28000 | U43: 28000 | V43: 28000 | W43: 28000 | X43: 28000 | Y43: 28000 | Z43: 28000 | AA43: =SUM(C43:Z43) -> 672000 | AB43: 20 | AC43: =+AA43*AB43 -> 13440000 | AD43: =+SUM(AC43:AC46) -> 20832000
B44: Sábado | C44: 28000 | D44: 28000 | E44: 28000 | F44: 28000 | G44: 28000 | H44: 28000 | I44: 28000 | J44: 28000 | K44: 28000 | L44: 28000 | M44: 28000 | N44: 28000 | O44: 28000 | P44: 28000 | Q44: 28000 | R44: 28000 | S44: 28000 | T44: 28000 | U44: 28000 | V44: 28000 | W44: 28000 | X44: 28000 | Y44: 28000 | Z44: 28000 | AA44: =SUM(C44:Z44) -> 672000 | AB44: 5 | AC44: =+AA44*AB44 -> 3360000
B45: Domingo | C45: 28000 | D45: 28000 | E45: 28000 | F45: 28000 | G45: 28000 | H45: 28000 | I45: 28000 | J45: 28000 | K45: 28000 | L45: 28000 | M45: 28000 | N45: 28000 | O45: 28000 | P45: 28000 | Q45: 28000 | R45: 28000 | S45: 28000 | T45: 28000 | U45: 28000 | V45: 28000 | W45: 28000 | X45: 28000 | Y45: 28000 | Z45: 28000 | AA45: =SUM(C45:Z45) -> 672000 | AB45: 5 | AC45: =+AA45*AB45 -> 3360000
B46: Festivo | C46: 28000 | D46: 28000 | E46: 28000 | F46: 28000 | G46: 28000 | H46: 28000 | I46: 28000 | J46: 28000 | K46: 28000 | L46: 28000 | M46: 28000 | N46: 28000 | O46: 28000 | P46: 28000 | Q46: 28000 | R46: 28000 | S46: 28000 | T46: 28000 | U46: 28000 | V46: 28000 | W46: 28000 | X46: 28000 | Y46: 28000 | Z46: 28000 | AA46: =SUM(C46:Z46) -> 672000 | AB46: 1 | AC46: =+AA46*AB46 -> 672000
A47: 46692 | B47: Hábil | C47: 28000 | D47: 28000 | E47: 28000 | F47: 28000 | G47: 28000 | H47: 28000 | I47: 28000 | J47: 28000 | K47: 28000 | L47: 28000 | M47: 28000 | N47: 28000 | O47: 28000 | P47: 28000 | Q47: 28000 | R47: 28000 | S47: 28000 | T47: 28000 | U47: 28000 | V47: 28000 | W47: 28000 | X47: 28000 | Y47: 28000 | Z47: 28000 | AA47: =SUM(C47:Z47) -> 672000 | AB47: 20 | AC47: =+AA47*AB47 -> 13440000 | AD47: =+SUM(AC47:AC50) -> 20160000
B48: Sábado | C48: 28000 | D48: 28000 | E48: 28000 | F48: 28000 | G48: 28000 | H48: 28000 | I48: 28000 | J48: 28000 | K48: 28000 | L48: 28000 | M48: 28000 | N48: 28000 | O48: 28000 | P48: 28000 | Q48: 28000 | R48: 28000 | S48: 28000 | T48: 28000 | U48: 28000 | V48: 28000 | W48: 28000 | X48: 28000 | Y48: 28000 | Z48: 28000 | AA48: =SUM(C48:Z48) -> 672000 | AB48: 4 | AC48: =+AA48*AB48 -> 2688000
B49: Domingo | C49: 28000 | D49: 28000 | E49: 28000 | F49: 28000 | G49: 28000 | H49: 28000 | I49: 28000 | J49: 28000 | K49: 28000 | L49: 28000 | M49: 28000 | N49: 28000 | O49: 28000 | P49: 28000 | Q49: 28000 | R49: 28000 | S49: 28000 | T49: 28000 | U49: 28000 | V49: 28000 | W49: 28000 | X49: 28000 | Y49: 28000 | Z49: 28000 | AA49: =SUM(C49:Z49) -> 672000 | AB49: 4 | AC49: =+AA49*AB49 -> 2688000
B50: Festivo | C50: 28000 | D50: 28000 | E50: 28000 | F50: 28000 | G50: 28000 | H50: 28000 | I50: 28000 | J50: 28000 | K50: 28000 | L50: 28000 | M50: 28000 | N50: 28000 | O50: 28000 | P50: 28000 | Q50: 28000 | R50: 28000 | S50: 28000 | T50: 28000 | U50: 28000 | V50: 28000 | W50: 28000 | X50: 28000 | Y50: 28000 | Z50: 28000 | AA50: =SUM(C50:Z50) -> 672000 | AB50: 2 | AC50: =+AA50*AB50 -> 1344000
A51: 46722 | B51: Hábil | C51: 28000 | D51: 28000 | E51: 28000 | F51: 28000 | G51: 28000 | H51: 28000 | I51: 28000 | J51: 28000 | K51: 28000 | L51: 28000 | M51: 28000 | N51: 28000 | O51: 28000 | P51: 28000 | Q51: 28000 | R51: 28000 | S51: 28000 | T51: 28000 | U51: 28000 | V51: 28000 | W51: 28000 | X51: 28000 | Y51: 28000 | Z51: 28000 | AA51: =SUM(C51:Z51) -> 672000 | AB51: 22 | AC51: =+AA51*AB51 -> 14784000 | AD51: =+SUM(AC51:AC54) -> 20832000
B52: Sábado | C52: 28000 | D52: 28000 | E52: 28000 | F52: 28000 | G52: 28000 | H52: 28000 | I52: 28000 | J52: 28000 | K52: 28000 | L52: 28000 | M52: 28000 | N52: 28000 | O52: 28000 | P52: 28000 | Q52: 28000 | R52: 28000 | S52: 28000 | T52: 28000 | U52: 28000 | V52: 28000 | W52: 28000 | X52: 28000 | Y52: 28000 | Z52: 28000 | AA52: =SUM(C52:Z52) -> 672000 | AB52: 3 | AC52: =+AA52*AB52 -> 2016000
B53: Domingo | C53: 28000 | D53: 28000 | E53: 28000 | F53: 28000 | G53: 28000 | H53: 28000 | I53: 28000 | J53: 28000 | K53: 28000 | L53: 28000 | M53: 28000 | N53: 28000 | O53: 28000 | P53: 28000 | Q53: 28000 | R53: 28000 | S53: 28000 | T53: 28000 | U53: 28000 | V53: 28000 | W53: 28000 | X53: 28000 | Y53: 28000 | Z53: 28000 | AA53: =SUM(C53:Z53) -> 672000 | AB53: 4 | AC53: =+AA53*AB53 -> 2688000
B54: Festivo | C54: 28000 | D54: 28000 | E54: 28000 | F54: 28000 | G54: 28000 | H54: 28000 | I54: 28000 | J54: 28000 | K54: 28000 | L54: 28000 | M54: 28000 | N54: 28000 | O54: 28000 | P54: 28000 | Q54: 28000 | R54: 28000 | S54: 28000 | T54: 28000 | U54: 28000 | V54: 28000 | W54: 28000 | X54: 28000 | Y54: 28000 | Z54: 28000 | AA54: =SUM(C54:Z54) -> 672000 | AB54: 2 | AC54: =+AA54*AB54 -> 1344000
AD55: =SUM(AD7:AD51) -> 245280000

Sheet OF P3
C1: * La energia a ofertar debe ser expresada únicamente en kilovatio (kWh) redondeado a cero decimales
C4: OFERTA PRODUCTO 3
C5: MES | D5: ENERGIA SOLICITADA (KWh) | E5: % | F5: ENERGIA OFERTADA (KWh) | G5: PRECIO $/kWh
C6: 46753 | D6: =+VLOOKUP(C6,'CURVA P3'!$A$4:$AD$55,30,FALSE) -> 27293590 | E6: % | G6: $/kWh
C7: 46784 | D7: =+VLOOKUP(C7,'CURVA P3'!$A$4:$AD$55,30,FALSE) -> 28327143 | E7: % | G7: $/kWh
C8: 46813 | D8: =+VLOOKUP(C8,'CURVA P3'!$A$4:$AD$55,30,FALSE) -> 27529348 | E8: % | G8: $/kWh
C9: 46844 | D9: =+VLOOKUP(C9,'CURVA P3'!$A$4:$AD$55,30,FALSE) -> 28305101 | E9: % | G9: $/kWh
C10: 46874 | D10: =+VLOOKUP(C10,'CURVA P3'!$A$4:$AD$55,30,FALSE) -> 17994946 | E10: % | G10: $/kWh
C11: 46905 | D11: =+VLOOKUP(C11,'CURVA P3'!$A$4:$AD$55,30,FALSE) -> 24728392 | E11: % | G11: $/kWh
C12: 46935 | D12: =+VLOOKUP(C12,'CURVA P3'!$A$4:$AD$55,30,FALSE) -> 19351405 | E12: % | G12: $/kWh
C13: 46966 | D13: =+VLOOKUP(C13,'CURVA P3'!$A$4:$AD$55,30,FALSE) -> 19300018 | E13: % | G13: $/kWh
C14: 46997 | D14: =+VLOOKUP(C14,'CURVA P3'!$A$4:$AD$55,30,FALSE) -> 26083915 | E14: % | G14: $/kWh
C15: 47027 | D15: =+VLOOKUP(C15,'CURVA P3'!$A$4:$AD$55,30,FALSE) -> 23052095 | E15: % | G15: $/kWh
C16: 47058 | D16: =+VLOOKUP(C16,'CURVA P3'!$A$4:$AD$55,30,FALSE) -> 16958156 | E16: % | G16: $/kWh
C17: 47088 | D17: =+VLOOKUP(C17,'CURVA P3'!$A$4:$AD$55,30,FALSE) -> 26365460 | E17: % | G17: $/kWh
D18: =SUM(D6:D17) -> 285289569
D20: =D18/1000000 -> 285.28957
D21: =D20*1000 -> 285289.57

Sheet CURVA P3
A1: Curva de distribucion en kwh
A2: * La energia a ofertar debe ser expresada únicamente en kilovatio (kWh) redondeado a cero decimales
A4: TOTAL | C4: =+AD55 -> 285289569
A5: MES | B5: DÍA | C5: HORA 01 | D5: HORA 02 | E5: HORA 03 | F5: HORA 04 | G5: HORA 05 | H5: HORA 06 | I5: HORA 07 | J5: HORA 08 | K5: HORA 09 | L5: HORA 10 | M5: HORA 11 | N5: HORA 12 | O5: HORA 13 | P5: HORA 14 | Q5: HORA 15 | R5: HORA 16 | S5: HORA 17 | T5: HORA 18 | U5: HORA 19 | V5: HORA 20 | W5: HORA 21 | X5: HORA 22 | Y5: HORA 23 | Z5: HORA 24 | AA5: TOTAL DÍA | AB5: NUMERO DÍAS | AC5: TOTAL DÍA MES | AD5: TOTAL MES
A7: 46753 | B7: Hábil | C7: 40381 | D7: 38830 | E7: 37350 | F7: 36190 | G7: 35741 | H7: 36093 | I7: 35927 | J7: 37524 | K7: 29199 | L7: 25414 | M7: 23774 | N7: 21492 | O7: 20489 | P7: 30983 | Q7: 46682 | R7: 58735 | S7: 63747 | T7: 45876 | U7: 47143 | V7: 46528 | W7: 46070 | X7: 45334 | Y7: 43279 | Z7: 40410 | AA7: =SUM(C7:Z7) -> 933191 | AB7: 20 | AC7: =+AA7*AB7 -> 18663820 | AD7: =+SUM(AC7:AC10) -> 27293590
B8: Sábado | C8: 40691 | D8: 38882 | E8: 37222 | F8: 36044 | G8: 35406 | H8: 35405 | I8: 34974 | J8: 36233 | K8: 28288 | L8: 24478 | M8: 22484 | N8: 19677 | O8: 19642 | P8: 27140 | Q8: 40046 | R8: 51567 | S8: 56624 | T8: 42516 | U8: 45310 | V8: 44826 | W8: 43713 | X8: 42747 | Y8: 41469 | Z8: 39382 | AA8: =SUM(C8:Z8) -> 884766 | AB8: 4 | AC8: =+AA8*AB8 -> 3539064
B9: Domingo | C9: 40069 | D9: 38431 | E9: 36854 | F9: 35626 | G9: 34901 | H9: 34414 | I9: 33411 | J9: 31183 | K9: 19904 | L9: 14703 | M9: 11470 | N9: 8601 | O9: 11053 | P9: 18213 | Q9: 30161 | R9: 42172 | S9: 48249 | T9: 37477 | U9: 40860 | V9: 41934 | W9: 42086 | X9: 41887 | Y9: 40352 | Z9: 37755 | AA9: =SUM(C9:Z9) -> 771766 | AB9: 5 | AC9: =+AA9*AB9 -> 3858830
B10: Festivo | C10: 31909 | D10: 31092 | E10: 30434 | F10: 29732 | G10: 29378 | H10: 29070 | I10: 28018 | J10: 24854 | K10: 12919 | L10: 7565 | M10: 4702 | N10: 1811 | O10: 4232 | P10: 11533 | Q10: 23225 | R10: 34920 | S10: 40783 | T10: 31718 | U10: 35624 | V10: 36315 | W10: 35920 | X10: 35090 | Y10: 33543 | Z10: 31551 | AA10: =SUM(C10:Z10) -> 615938 | AB10: 2 | AC10: =+AA10*AB10 -> 1231876
A11: 46784 | B11: Hábil | C11: 42870 | D11: 40825 | E11: 39322 | F11: 38318 | G11: 38230 | H11: 39776 | I11: 40370 | J11: 43509 | K11: 34672 | L11: 30462 | M11: 28777 | N11: 24927 | O11: 22238 | P11: 34555 | Q11: 51559 | R11: 64140 | S11: 69227 | T11: 48664 | U11: 49068 | V11: 48865 | W11: 48683 | X11: 47472 | Y11: 44563 | Z11: 41191 | AA11: =SUM(C11:Z11) -> 1012283 | AB11: 21 | AC11: =+AA11*AB11 -> 21257943 | AD11: =+SUM(AC11:AC14) -> 28327143
B12: Sábado | C12: 40517 | D12: 38768 | E12: 37390 | F12: 36560 | G12: 36256 | H12: 36769 | I12: 37072 | J12: 39866 | K12: 31709 | L12: 27668 | M12: 25476 | N12: 22301 | O12: 21444 | P12: 28565 | Q12: 41721 | R12: 53693 | S12: 58931 | T12: 43263 | U12: 45854 | V12: 46030 | W12: 45085 | X12: 44083 | Y12: 42642 | Z12: 40409 | AA12: =SUM(C12:Z12) -> 922072 | AB12: 4 | AC12: =+AA12*AB12 -> 3688288
B13: Domingo | C13: 41898 | D13: 39899 | E13: 38430 | F13: 37195 | G13: 36570 | H13: 36227 | I13: 35433 | J13: 34179 | K13: 22490 | L13: 17610 | M13: 14653 | N13: 12150 | O13: 14619 | P13: 21578 | Q13: 34044 | R13: 46765 | S13: 53319 | T13: 40587 | U13: 43883 | V13: 45660 | W13: 46278 | X13: 46292 | Y13: 44305 | Z13: 41164 | AA13: =SUM(C13:Z13) -> 845228 | AB13: 4 | AC13: =+AA13*AB13 -> 3380912
B14: Festivo | C14: 0 | D14: 0 | E14: 0 | F14: 0 | G14: 0 | H14: 0 | I14: 0 | J14: 0 | K14: 0 | L14: 0 | M14: 0 | N14: 0 | O14: 0 | P14: 0 | Q14: 0 | R14: 0 | S14: 0 | T14: 0 | U14: 0 | V14: 0 | W14: 0 | X14: 0 | Y14: 0 | Z14: 0 | AB14: 0 | AC14: =+AA14*AB14 -> 0
A15: 46813 | B15: Hábil | C15: 40616 | D15: 38559 | E15: 37070 | F15: 35924 | G15: 35595 | H15: 36269 | I15: 36247 | J15: 38148 | K15: 29340 | L15: 24885 | M15: 22915 | N15: 19597 | O15: 17897 | P15: 29600 | Q15: 45570 | R15: 57472 | S15: 62574 | T15: 44023 | U15: 44718 | V15: 44772 | W15: 45018 | X15: 44631 | Y15: 42584 | Z15: 39711 | AA15: =SUM(C15:Z15) -> 913735 | AB15: 22 | AC15: =+AA15*AB15 -> 20102170 | AD15: =+SUM(AC15:AC18) -> 27529348
B16: Sábado | C16: 42048 | D16: 39913 | E16: 38269 | F16: 36940 | G16: 36198 | H16: 35983 | I16: 35842 | J16: 37438 | K16: 29120 | L16: 24851 | M16: 22742 | N16: 19251 | O16: 18623 | P16: 26212 | Q16: 39317 | R16: 50859 | S16: 55982 | T16: 41959 | U16: 44166 | V16: 44253 | W16: 43718 | X16: 43472 | Y16: 42708 | Z16: 40857 | AA16: =SUM(C16:Z16) -> 890721 | AB16: 4 | AC16: =+AA16*AB16 -> 3562884
B17: Domingo | C17: 42322 | D17: 40378 | E17: 38862 | F17: 37665 | G17: 36863 | H17: 36061 | I17: 34892 | J17: 32257 | K17: 20607 | L17: 14908 | M17: 11326 | N17: 8600 | O17: 11174 | P17: 18525 | Q17: 31028 | R17: 43118 | S17: 49228 | T17: 38252 | U17: 40969 | V17: 42936 | W17: 44121 | X17: 44765 | Y17: 43004 | Z17: 40209 | AA17: =SUM(C17:Z17) -> 802070 | AB17: 4 | AC17: =+AA17*AB17 -> 3208280
B18: Festivo | C18: 32207 | D18: 30431 | E18: 29297 | F18: 28526 | G18: 28168 | H18: 28056 | I18: 27862 | J18: 27344 | K18: 16796 | L18: 12123 | M18: 9854 | N18: 7223 | O18: 8201 | P18: 15832 | Q18: 27564 | R18: 38783 | S18: 44351 | T18: 32205 | U18: 35664 | V18: 37218 | W18: 37222 | X18: 36351 | Y18: 33756 | Z18: 30980 | AA18: =SUM(C18:Z18) -> 656014 | AB18: 1 | AC18: =+AA18*AB18 -> 656014
A19: 46844 | B19: Hábil | C19: 42251 | D19: 40116 | E19: 38632 | F19: 37531 | G19: 37382 | H19: 37986 | I19: 38280 | J19: 41997 | K19: 34259 | L19: 30217 | M19: 28909 | N19: 25860 | O19: 23031 | P19: 35142 | Q19: 52281 | R19: 64352 | S19: 69036 | T19: 48576 | U19: 49237 | V19: 49001 | W19: 49091 | X19: 48272 | Y19: 45680 | Z19: 42294 | AA19: =SUM(C19:Z19) -> 1009413 | AB19: 18 | AC19: =+AA19*AB19 -> 18169434 | AD19: =+SUM(AC19:AC22) -> 28305101
B20: Sábado | C20: 42575 | D20: 40498 | E20: 39036 | F20: 37755 | G20: 37139 | H20: 36514 | I20: 36830 | J20: 39519 | K20: 31984 | L20: 28047 | M20: 26093 | N20: 23435 | O20: 22751 | P20: 30343 | Q20: 43469 | R20: 55054 | S20: 59745 | T20: 44135 | U20: 46268 | V20: 45813 | W20: 45034 | X20: 44138 | Y20: 42759 | Z20: 40691 | AA20: =SUM(C20:Z20) -> 939625 | AB20: 5 | AC20: =+AA20*AB20 -> 4698125
B21: Domingo | C21: 42311 | D21: 40160 | E21: 38594 | F21: 37293 | G21: 36472 | H21: 35353 | I21: 34661 | J21: 33565 | K21: 22264 | L21: 17004 | M21: 13943 | N21: 11610 | O21: 14094 | P21: 21495 | Q21: 34013 | R21: 46062 | S21: 52016 | T21: 39573 | U21: 42808 | V21: 44279 | W21: 44357 | X21: 44521 | Y21: 42740 | Z21: 39646 | AA21: =SUM(C21:Z21) -> 828834 | AB21: 5 | AC21: =+AA21*AB21 -> 4144170
B22: Festivo | C22: 36283 | D22: 34415 | E22: 33077 | F22: 32111 | G22: 31464 | H22: 30545 | I22: 30181 | J22: 27585 | K22: 14675 | L22: 7911 | M22: 4149 | N22: 1400 | O22: 4143 | P22: 11448 | Q22: 23933 | R22: 35584 | S22: 41974 | T22: 32135 | U22: 35697 | V22: 36808 | W22: 36569 | X22: 36216 | Y22: 35126 | Z22: 33257 | AA22: =SUM(C22:Z22) -> 646686 | AB22: 2 | AC22: =+AA22*AB22 -> 1293372
A23: 46874 | B23: Hábil | C23: 23668 | D23: 22666 | E23: 21876 | F23: 21331 | G23: 21145 | H23: 21016 | I23: 32249 | J23: 33232 | K23: 26541 | L23: 22326 | M23: 19929 | N23: 17106 | O23: 15898 | P23: 24428 | Q23: 36457 | R23: 45227 | S23: 37849 | T23: 23920 | U23: 24129 | V23: 24166 | W23: 24306 | X23: 24052 | Y23: 22946 | Z23: 21337 | AA23: =SUM(C23:Z23) -> 607800 | AB23: 21 | AC23: =+AA23*AB23 -> 12763800 | AD23: =+SUM(AC23:AC26) -> 17994946
B24: Sábado | C24: 24347 | D24: 23101 | E24: 22119 | F24: 21454 | G24: 21115 | H24: 20607 | I24: 31874 | J24: 32317 | K24: 25756 | L24: 21749 | M24: 19130 | N24: 16112 | O24: 15692 | P24: 21749 | Q24: 31443 | R24: 40024 | S24: 32823 | T24: 21242 | U24: 22523 | V24: 22688 | W24: 22294 | X24: 21987 | Y24: 21451 | Z24: 20433 | AA24: =SUM(C24:Z24) -> 574030 | AB24: 4 | AC24: =+AA24*AB24 -> 2296120
B25: Domingo | C25: 23338 | D25: 22412 | E25: 21688 | F25: 21043 | G25: 20594 | H25: 19836 | I25: 30701 | J25: 29034 | K25: 20218 | L25: 15003 | M25: 11930 | N25: 9204 | O25: 10217 | P25: 15851 | Q25: 25483 | R25: 34316 | S25: 27786 | T25: 18523 | U25: 20201 | V25: 20988 | W25: 21294 | X25: 21566 | Y25: 20940 | Z25: 19655 | AA25: =SUM(C25:Z25) -> 501821 | AB25: 4 | AC25: =+AA25*AB25 -> 2007284
B26: Festivo | C26: 19984 | D26: 19097 | E26: 18458 | F26: 17986 | G26: 17764 | H26: 17244 | I26: 28424 | J26: 26963 | K26: 18568 | L26: 13898 | M26: 11145 | N26: 8645 | O26: 9504 | P26: 15668 | Q26: 25211 | R26: 34017 | S26: 27201 | T26: 17552 | U26: 19188 | V26: 20169 | W26: 20325 | X26: 20127 | Y26: 19072 | Z26: 17661 | AA26: =SUM(C26:Z26) -> 463871 | AB26: 2 | AC26: =+AA26*AB26 -> 927742
A27: 46905 | B27: Hábil | C27: 35666 | D27: 34035 | E27: 32777 | F27: 31938 | G27: 31637 | H27: 31298 | I27: 36971 | J27: 40195 | K27: 33174 | L27: 28949 | M27: 26877 | N27: 24042 | O27: 21629 | P27: 31728 | Q27: 46098 | R27: 56639 | S27: 56157 | T27: 37569 | U27: 37881 | V27: 38112 | W27: 38060 | X27: 37525 | Y27: 35812 | Z27: 33359 | AA27: =SUM(C27:Z27) -> 858128 | AB27: 20 | AC27: =+AA27*AB27 -> 17162560 | AD27: =+SUM(AC27:AC30) -> 24728392
B28: Sábado | C28: 36234 | D28: 34697 | E28: 33412 | F28: 32485 | G28: 32121 | H28: 31333 | I28: 37064 | J28: 39522 | K28: 32237 | L28: 27927 | M28: 25668 | N28: 22508 | O28: 21561 | P28: 27718 | Q28: 39915 | R28: 50619 | S28: 50028 | T28: 35400 | U28: 36780 | V28: 36916 | W28: 36192 | X28: 35612 | Y28: 34694 | Z28: 33224 | AA28: =SUM(C28:Z28) -> 823867 | AB28: 4 | AC28: =+AA28*AB28 -> 3295468
B29: Domingo | C29: 35802 | D29: 34358 | E29: 33215 | F29: 32237 | G29: 31683 | H29: 30442 | I29: 35157 | J29: 34338 | K29: 23443 | L29: 18725 | M29: 14734 | N29: 12005 | O29: 13897 | P29: 20505 | Q29: 31753 | R29: 42500 | S29: 43330 | T29: 31388 | U29: 33906 | V29: 35515 | W29: 35843 | X29: 36278 | Y29: 35604 | Z29: 33952 | AA29: =SUM(C29:Z29) -> 730610 | AB29: 4 | AC29: =+AA29*AB29 -> 2922440
B30: Festivo | C30: 31035 | D30: 29658 | E30: 28694 | F30: 27917 | G30: 27616 | H30: 26788 | I30: 31974 | J30: 31907 | K30: 22709 | L30: 18342 | M30: 15949 | N30: 13235 | O30: 14063 | P30: 20751 | Q30: 31652 | R30: 41757 | S30: 41578 | T30: 28935 | U30: 31137 | V30: 33130 | W30: 33024 | X30: 32505 | Y30: 30902 | Z30: 28704 | AA30: =SUM(C30:Z30) -> 673962 | AB30: 2 | AC30: =+AA30*AB30 -> 1347924
A31: 46935 | B31: Hábil | C31: 26556 | D31: 25438 | E31: 24606 | F31: 23953 | G31: 23688 | H31: 23652 | I31: 34225 | J31: 35496 | K31: 28717 | L31: 24349 | M31: 22027 | N31: 18932 | O31: 17206 | P31: 25877 | Q31: 38145 | R31: 47230 | S31: 40613 | T31: 25416 | U31: 25426 | V31: 25981 | W31: 26120 | X31: 25883 | Y31: 24741 | Z31: 23032 | AA31: =SUM(C31:Z31) -> 657309 | AB31: 19 | AC31: =+AA31*AB31 -> 12488871 | AD31: =+SUM(AC31:AC34) -> 19351405
B32: Sábado | C32: 25255 | D32: 24303 | E32: 23575 | F32: 22994 | G32: 22780 | H32: 22423 | I32: 32876 | J32: 33704 | K32: 26624 | L32: 22305 | M32: 19446 | N32: 16879 | O32: 16492 | P32: 22647 | Q32: 33058 | R32: 41630 | S32: 35152 | T32: 22375 | U32: 23638 | V32: 24323 | W32: 23861 | X32: 23535 | Y32: 23047 | Z32: 22092 | AA32: =SUM(C32:Z32) -> 605014 | AB32: 5 | AC32: =+AA32*AB32 -> 3025070
B33: Domingo | C33: 26056 | D33: 25074 | E33: 24273 | F33: 23642 | G33: 23207 | H33: 22569 | I33: 32660 | J33: 30907 | K33: 21861 | L33: 16811 | M33: 13371 | N33: 10371 | O33: 11939 | P33: 17924 | Q33: 27301 | R33: 36709 | S33: 30917 | T33: 20758 | U33: 22216 | V33: 23434 | W33: 23604 | X33: 23722 | Y33: 23051 | Z33: 21949 | AA33: =SUM(C33:Z33) -> 554326 | AB33: 5 | AC33: =+AA33*AB33 -> 2771630
B34: Festivo | C34: 23851 | D34: 22832 | E34: 22060 | F34: 21569 | G34: 21311 | H34: 20856 | I34: 31078 | J34: 30245 | K34: 21859 | L34: 17085 | M34: 14070 | N34: 11213 | O34: 11636 | P34: 18055 | Q34: 27825 | R34: 36942 | S34: 31095 | T34: 19854 | U34: 21199 | V34: 22603 | W34: 22583 | X34: 22242 | Y34: 21173 | Z34: 19681 | AA34: =SUM(C34:Z34) -> 532917 | AB34: 2 | AC34: =+AA34*AB34 -> 1065834
A35: 46966 | B35: Hábil | C35: 25704 | D35: 24518 | E35: 23613 | F35: 22893 | G35: 22608 | H35: 22513 | I35: 32856 | J35: 34251 | K35: 27139 | L35: 23128 | M35: 20795 | N35: 18022 | O35: 16249 | P35: 25342 | Q35: 37922 | R35: 46999 | S35: 40875 | T35: 25987 | U35: 26161 | V35: 26494 | W35: 26741 | X35: 26596 | Y35: 25412 | Z35: 23730 | AA35: =SUM(C35:Z35) -> 646548 | AB35: 21 | AC35: =+AA35*AB35 -> 13577508 | AD35: =+SUM(AC35:AC38) -> 19300018
B36: Sábado | C36: 27112 | D36: 25917 | E36: 24884 | F36: 24099 | G36: 23658 | H36: 23057 | I36: 33237 | J36: 34526 | K36: 27335 | L36: 23383 | M36: 20288 | N36: 18197 | O36: 17093 | P36: 23526 | Q36: 33790 | R36: 42706 | S36: 37043 | T36: 24478 | U36: 25843 | V36: 26034 | W36: 25647 | X36: 25562 | Y36: 25124 | Z36: 24180 | AA36: =SUM(C36:Z36) -> 636719 | AB36: 4 | AC36: =+AA36*AB36 -> 2546876
B37: Domingo | C37: 26440 | D37: 25320 | E37: 24422 | F37: 23666 | G37: 22971 | H37: 21983 | I37: 31666 | J37: 30132 | K37: 20688 | L37: 14966 | M37: 11935 | N37: 8579 | O37: 10093 | P37: 16824 | Q37: 26199 | R37: 35763 | S37: 29865 | T37: 20353 | U37: 22286 | V37: 23359 | W37: 23615 | X37: 24064 | Y37: 23413 | Z37: 22092 | AA37: =SUM(C37:Z37) -> 540694 | AB37: 4 | AC37: =+AA37*AB37 -> 2162776
B38: Festivo | C38: 21856 | D38: 20981 | E38: 20268 | F38: 19794 | G38: 19560 | H38: 19124 | I38: 28907 | J38: 27748 | K38: 19315 | L38: 14978 | M38: 12266 | N38: 9871 | O38: 10729 | P38: 16986 | Q38: 26782 | R38: 36111 | S38: 30436 | T38: 19718 | U38: 21507 | V38: 22528 | W38: 22531 | X38: 22650 | Y38: 21686 | Z38: 20097 | AA38: =SUM(C38:Z38) -> 506429 | AB38: 2 | AC38: =+AA38*AB38 -> 1012858
A39: 46997 | B39: Hábil | C39: 37241 | D39: 35326 | E39: 33846 | F39: 32694 | G39: 32254 | H39: 32234 | I39: 36634 | J39: 40084 | K39: 32539 | L39: 28863 | M39: 27141 | N39: 24070 | O39: 21642 | P39: 33109 | Q39: 48259 | R39: 59163 | S39: 58998 | T39: 41028 | U39: 41845 | V39: 41305 | W39: 41541 | X39: 41275 | Y39: 39352 | Z39: 36540 | AA39: =SUM(C39:Z39) -> 896983 | AB39: 21 | AC39: =+AA39*AB39 -> 18836643 | AD39: =+SUM(AC39:AC42) -> 26083915
B40: Sábado | C40: 36800 | D40: 35138 | E40: 33778 | F40: 32670 | G40: 32159 | H40: 31405 | I40: 35889 | J40: 39293 | K40: 31895 | L40: 27617 | M40: 25761 | N40: 23106 | O40: 22050 | P40: 29514 | Q40: 41834 | R40: 52154 | S40: 52501 | T40: 38307 | U40: 40661 | V40: 39894 | W40: 39016 | X40: 38372 | Y40: 37479 | Z40: 35915 | AA40: =SUM(C40:Z40) -> 853208 | AB40: 5 | AC40: =+AA40*AB40 -> 4266040
B41: Domingo | C41: 37163 | D41: 35530 | E41: 34244 | F41: 33183 | G41: 32490 | H41: 31414 | I41: 35049 | J41: 34088 | K41: 22879 | L41: 16670 | M41: 13909 | N41: 11287 | O41: 12430 | P41: 19969 | Q41: 32063 | R41: 42902 | S41: 44477 | T41: 33488 | U41: 36518 | V41: 37433 | W41: 38061 | X41: 38342 | Y41: 37020 | Z41: 34699 | AA41: =SUM(C41:Z41) -> 745308 | AB41: 4 | AC41: =+AA41*AB41 -> 2981232
B42: Festivo | C42: 0 | D42: 0 | E42: 0 | F42: 0 | G42: 0 | H42: 0 | I42: 0 | J42: 0 | K42: 0 | L42: 0 | M42: 0 | N42: 0 | O42: 0 | P42: 0 | Q42: 0 | R42: 0 | S42: 0 | T42: 0 | U42: 0 | V42: 0 | W42: 0 | X42: 0 | Y42: 0 | Z42: 0 | AB42: 0 | AC42: =+AA42*AB42 -> 0
A43: 47027 | B43: Hábil | C43: 31116 | D43: 29594 | E43: 28425 | F43: 27563 | G43: 27200 | H43: 26960 | I43: 33780 | J43: 36478 | K43: 30050 | L43: 26484 | M43: 24919 | N43: 22471 | O43: 20415 | P43: 30741 | Q43: 44865 | R43: 54433 | S43: 51507 | T43: 35735 | U43: 35250 | V43: 34308 | W43: 33981 | X43: 33541 | Y43: 31837 | Z43: 29601 | AA43: =SUM(C43:Z43) -> 781254 | AB43: 21 | AC43: =+AA43*AB43 -> 16406334 | AD43: =+SUM(AC43:AC46) -> 23052095
B44: Sábado | C44: 29656 | D44: 28263 | E44: 27142 | F44: 26307 | G44: 25895 | H44: 25370 | I44: 31989 | J44: 33472 | K44: 27019 | L44: 23386 | M44: 21214 | N44: 18680 | O44: 18338 | P44: 24443 | Q44: 35614 | R44: 45075 | S44: 43070 | T44: 30780 | U44: 31812 | V44: 30887 | W44: 30357 | X44: 29850 | Y44: 29098 | Z44: 27802 | AA44: =SUM(C44:Z44) -> 695519 | AB44: 4 | AC44: =+AA44*AB44 -> 2782076
B45: Domingo | C45: 31339 | D45: 29944 | E45: 28927 | F45: 28091 | G45: 27429 | H45: 26459 | I45: 32635 | J45: 30623 | K45: 20472 | L45: 15357 | M45: 12011 | N45: 9782 | O45: 11194 | P45: 17795 | Q45: 28360 | R45: 39057 | S45: 37713 | T45: 28074 | U45: 30007 | V45: 30539 | W45: 31122 | X45: 31502 | Y45: 30372 | Z45: 28649 | AA45: =SUM(C45:Z45) -> 637453 | AB45: 5 | AC45: =+AA45*AB45 -> 3187265
B46: Festivo | C46: 30504 | D46: 28947 | E46: 27988 | F46: 27405 | G46: 26996 | H46: 25886 | I46: 31708 | J46: 31990 | K46: 23304 | L46: 19356 | M46: 16427 | N46: 12769 | O46: 15286 | P46: 22315 | Q46: 33812 | R46: 42847 | S46: 40752 | T46: 29616 | U46: 31459 | V46: 31904 | W46: 32478 | X46: 32575 | Y46: 31043 | Z46: 29053 | AA46: =SUM(C46:Z46) -> 676420 | AB46: 1 | AC46: =+AA46*AB46 -> 676420
A47: 47058 | B47: Hábil | C47: 21773 | D47: 20806 | E47: 20138 | F47: 19635 | G47: 19527 | H47: 19485 | I47: 31799 | J47: 33259 | K47: 26745 | L47: 22537 | M47: 20239 | N47: 17642 | O47: 16401 | P47: 24633 | Q47: 36112 | R47: 45062 | S47: 36721 | T47: 23924 | U47: 23591 | V47: 22849 | W47: 22657 | X47: 22099 | Y47: 20930 | Z47: 19483 | AA47: =SUM(C47:Z47) -> 588047 | AB47: 20 | AC47: =+AA47*AB47 -> 11760940 | AD47: =+SUM(AC47:AC50) -> 16958156
B48: Sábado | C48: 21933 | D48: 20958 | E48: 20245 | F48: 19775 | G48: 19534 | H48: 19245 | I48: 31295 | J48: 32142 | K48: 25716 | L48: 21763 | M48: 18749 | N48: 16143 | O48: 15669 | P48: 21470 | Q48: 31118 | R48: 39514 | S48: 31456 | T48: 20951 | U48: 21622 | V48: 20921 | W48: 20276 | X48: 19717 | Y48: 19263 | Z48: 18318 | AA48: =SUM(C48:Z48) -> 547793 | AB48: 4 | AC48: =+AA48*AB48 -> 2191172
B49: Domingo | C49: 21130 | D49: 20342 | E49: 19805 | F49: 19207 | G49: 18884 | H49: 18403 | I49: 30231 | J49: 28926 | K49: 20435 | L49: 15445 | M49: 12632 | N49: 9935 | O49: 11255 | P49: 17109 | Q49: 26408 | R49: 35054 | S49: 27391 | T49: 19095 | U49: 19860 | V49: 19956 | W49: 19822 | X49: 19642 | Y49: 19176 | Z49: 18152 | AA49: =SUM(C49:Z49) -> 488295 | AB49: 4 | AC49: =+AA49*AB49 -> 1953180
B50: Festivo | C50: 21734 | D50: 20824 | E50: 20106 | F50: 19576 | G50: 19297 | H50: 18807 | I50: 30414 | J50: 29834 | K50: 21888 | L50: 17569 | M50: 14910 | N50: 12519 | O50: 13656 | P50: 20054 | Q50: 29277 | R50: 37774 | S50: 30030 | T50: 20615 | U50: 21528 | V50: 21747 | W50: 21972 | X50: 21821 | Y50: 20908 | Z50: 19572 | AA50: =SUM(C50:Z50) -> 526432 | AB50: 2 | AC50: =+AA50*AB50 -> 1052864
A51: 47088 | B51: Hábil | C51: 37750 | D51: 36044 | E51: 34782 | F51: 33809 | G51: 33410 | H51: 33182 | I51: 35742 | J51: 38503 | K51: 31001 | L51: 27360 | M51: 25464 | N51: 22715 | O51: 21255 | P51: 30622 | Q51: 45398 | R51: 56463 | S51: 58811 | T51: 42428 | U51: 43144 | V51: 41793 | W51: 40920 | X51: 40156 | Y51: 38782 | Z51: 36683 | AA51: =SUM(C51:Z51) -> 886217 | AB51: 19 | AC51: =+AA51*AB51 -> 16838123 | AD51: =+SUM(AC51:AC54) -> 26365460
B52: Sábado | C52: 38997 | D52: 37244 | E52: 35713 | F52: 34549 | G52: 33943 | H52: 33773 | I52: 35887 | J52: 37344 | K52: 29735 | L52: 25799 | M52: 23556 | N52: 20737 | O52: 21074 | P52: 28258 | Q52: 40445 | R52: 51091 | S52: 53506 | T52: 40904 | U52: 43034 | V52: 42017 | W52: 40838 | X52: 40158 | Y52: 39652 | Z52: 38232 | AA52: =SUM(C52:Z52) -> 866486 | AB52: 5 | AC52: =+AA52*AB52 -> 4332430
B53: Domingo | C53: 40810 | D53: 38829 | E53: 37316 | F53: 36182 | G53: 35400 | H53: 33510 | I53: 35192 | J53: 33654 | K53: 23108 | L53: 18010 | M53: 14945 | N53: 12545 | O53: 14169 | P53: 21309 | Q53: 33345 | R53: 45694 | S53: 49057 | T53: 38888 | U53: 42265 | V53: 41859 | W53: 40378 | X53: 38577 | Y53: 36698 | Z53: 34989 | AA53: =SUM(C53:Z53) -> 796729 | AB53: 5 | AC53: =+AA53*AB53 -> 3983645
B54: Festivo | C54: 29979 | D54: 29105 | E54: 28407 | F54: 27725 | G54: 27279 | H54: 26797 | I54: 28687 | J54: 27453 | K54: 16370 | L54: 11200 | M54: 8219 | N54: 5136 | O54: 7192 | P54: 14259 | Q54: 25331 | R54: 36247 | S54: 39520 | T54: 29468 | U54: 32412 | V54: 32709 | W54: 32104 | X54: 31442 | Y54: 30217 | Z54: 28373 | AA54: =SUM(C54:Z54) -> 605631 | AB54: 2 | AC54: =+AA54*AB54 -> 1211262
AD55: =SUM(AD7:AD51) -> 285289569

Sheet OF P4
C1: * La energia a ofertar debe ser expresada únicamente en kilovatio (kWh) redondeado a cero decimales
C4: OFERTA PRODUCTO 4
C5: MES | D5: ENERGIA SOLICITADA (KWh) | E5: % | F5: ENERGIA OFERTADA (KWh) | G5: PRECIO $/kWh
C6: 47119 | D6: =+VLOOKUP(C6,'CURVA P4'!$A$4:$AD$55,30,FALSE) -> 34074890 | E6: % | G6: $/kWh
C7: 47150 | D7: =+VLOOKUP(C7,'CURVA P4'!$A$4:$AD$55,30,FALSE) -> 37016204
C8: 47178 | D8: =+VLOOKUP(C8,'CURVA P4'!$A$4:$AD$55,30,FALSE) -> 33999707
C9: 47209 | D9: =+VLOOKUP(C9,'CURVA P4'!$A$4:$AD$55,30,FALSE) -> 36272875
C10: 47239 | D10: =+VLOOKUP(C10,'CURVA P4'!$A$4:$AD$55,30,FALSE) -> 36538851
C11: 47270 | D11: =+VLOOKUP(C11,'CURVA P4'!$A$4:$AD$55,30,FALSE) -> 37976865
C12: 47300 | D12: =+VLOOKUP(C12,'CURVA P4'!$A$4:$AD$55,30,FALSE) -> 36037226
C13: 47331 | D13: =+VLOOKUP(C13,'CURVA P4'!$A$4:$AD$55,30,FALSE) -> 37660774
C14: 47362 | D14: =+VLOOKUP(C14,'CURVA P4'!$A$4:$AD$55,30,FALSE) -> 39521710
C15: 47392 | D15: =+VLOOKUP(C15,'CURVA P4'!$A$4:$AD$55,30,FALSE) -> 38647476
C16: 47423 | D16: =+VLOOKUP(C16,'CURVA P4'!$A$4:$AD$55,30,FALSE) -> 38283096
C17: 47453 | D17: =+VLOOKUP(C17,'CURVA P4'!$A$4:$AD$55,30,FALSE) -> 36672929
D18: =SUM(D6:D17) -> 442702603
D20: =D18/1000000 -> 442.7026
D21: =D20*1000 -> 442702.6

Sheet CURVA P4
A1: Curva de distribucion en kwh
A2: * La energia a ofertar debe ser expresada únicamente en kilovatio (kWh) redondeado a cero decimales
A4: TOTAL | C4: =+AD55 -> 442702603
A5: MES | B5: DÍA | C5: HORA 01 | D5: HORA 02 | E5: HORA 03 | F5: HORA 04 | G5: HORA 05 | H5: HORA 06 | I5: HORA 07 | J5: HORA 08 | K5: HORA 09 | L5: HORA 10 | M5: HORA 11 | N5: HORA 12 | O5: HORA 13 | P5: HORA 14 | Q5: HORA 15 | R5: HORA 16 | S5: HORA 17 | T5: HORA 18 | U5: HORA 19 | V5: HORA 20 | W5: HORA 21 | X5: HORA 22 | Y5: HORA 23 | Z5: HORA 24 | AA5: TOTAL DÍA | AB5: NUMERO DÍAS | AC5: TOTAL DÍA MES | AD5: TOTAL MES
A7: 47119 | B7: Hábil | C7: 49918 | D7: 46686 | E7: 44077 | F7: 42157 | G7: 41553 | H7: 42709 | I7: 43061 | J7: 33987 | K7: 29672 | L7: 27993 | M7: 28340 | N7: 27115 | O7: 24534 | P7: 35699 | Q7: 52657 | R7: 64537 | S7: 69227 | T7: 68034 | U7: 71131 | V7: 70030 | W7: 68602 | X7: 66311 | Y7: 61642 | Z7: 55444 | AA7: =SUM(C7:Z7) -> 1165116 | AB7: 21 | AC7: =+AA7*AB7 -> 24467436 | AD7: =+SUM(AC7:AC10) -> 34074890
B8: Sábado | C8: 51593 | D8: 48016 | E8: 45110 | F8: 42968 | G8: 42095 | H8: 42474 | I8: 42090 | J8: 32171 | K8: 27848 | L8: 26057 | M8: 25752 | N8: 23961 | O8: 23184 | P8: 30139 | Q8: 42769 | R8: 53652 | S8: 58381 | T8: 61019 | U8: 67469 | V8: 67052 | W8: 64728 | X8: 62392 | Y8: 59167 | Z8: 54743 | AA8: =SUM(C8:Z8) -> 1094830 | AB8: 4 | AC8: =+AA8*AB8 -> 4379320
B9: Domingo | C9: 50749 | D9: 47406 | E9: 44582 | F9: 42356 | G9: 41087 | H9: 40461 | I9: 38828 | J9: 24831 | K9: 15890 | L9: 12329 | M9: 10180 | N9: 8249 | O9: 10901 | P9: 17282 | Q9: 28602 | R9: 40222 | S9: 46524 | T9: 51816 | U9: 59550 | V9: 61722 | W9: 61452 | X9: 60334 | Y9: 56721 | Z9: 51592 | AA9: =SUM(C9:Z9) -> 923666 | AB9: 4 | AC9: =+AA9*AB9 -> 3694664
B10: Festivo | C10: 40903 | D10: 39282 | E10: 37855 | F10: 36401 | G10: 35652 | H10: 35013 | I10: 32767 | J10: 18152 | K10: 8549 | L10: 4952 | M10: 3412 | N10: 1477 | O10: 4234 | P10: 10969 | Q10: 22023 | R10: 33296 | S10: 39090 | T10: 46364 | U10: 54732 | V10: 56264 | W10: 55391 | X10: 53574 | Y10: 50286 | Z10: 46097 | AA10: =SUM(C10:Z10) -> 766735 | AB10: 2 | AC10: =+AA10*AB10 -> 1533470
A11: 47150 | B11: Hábil | C11: 57510 | D11: 53555 | E11: 50768 | F11: 48895 | G11: 48824 | H11: 52068 | I11: 53585 | J11: 45167 | K11: 40283 | L11: 38232 | M11: 38638 | N11: 35729 | O11: 30553 | P11: 44682 | Q11: 63870 | R11: 76779 | S11: 81554 | T11: 77533 | U11: 79128 | V11: 78979 | W11: 77734 | X11: 74968 | Y11: 68978 | Z11: 61635 | AA11: =SUM(C11:Z11) -> 1379647 | AB11: 20 | AC11: =+AA11*AB11 -> 27592940 | AD11: =+SUM(AC11:AC14) -> 37016204
B12: Sábado | C12: 55611 | D12: 51818 | E12: 49121 | F12: 47265 | G12: 46644 | H12: 47693 | I12: 48798 | J12: 40554 | K12: 36695 | L12: 34857 | M12: 34492 | N12: 32067 | O12: 29751 | P12: 36485 | Q12: 50118 | R12: 61802 | S12: 66688 | T12: 67397 | U12: 73171 | V12: 73799 | W12: 71392 | X12: 68800 | Y12: 65422 | Z12: 60595 | AA12: =SUM(C12:Z12) -> 1251035 | AB12: 4 | AC12: =+AA12*AB12 -> 5004140
B13: Domingo | C13: 57136 | D13: 53101 | E13: 50292 | F13: 48040 | G13: 46785 | H13: 46403 | I13: 45340 | J13: 32011 | K13: 22506 | L13: 19098 | M13: 17209 | N13: 15429 | O13: 18213 | P13: 24642 | Q13: 36975 | R13: 49702 | S13: 56629 | T13: 59886 | U13: 67039 | V13: 70769 | W13: 71280 | X13: 70604 | Y13: 66034 | Z13: 59658 | AA13: =SUM(C13:Z13) -> 1104781 | AB13: 4 | AC13: =+AA13*AB13 -> 4419124
B14: Festivo | C14: 0 | D14: 0 | E14: 0 | F14: 0 | G14: 0 | H14: 0 | I14: 0 | J14: 0 | K14: 0 | L14: 0 | M14: 0 | N14: 0 | O14: 0 | P14: 0 | Q14: 0 | R14: 0 | S14: 0 | T14: 0 | U14: 0 | V14: 0 | W14: 0 | X14: 0 | Y14: 0 | Z14: 0 | AA14: =SUM(C14:Z14) -> 0 | AB14: 0 | AC14: =+AA14*AB14 -> 0
A15: 47178 | B15: Hábil | C15: 50285 | D15: 46572 | E15: 44001 | F15: 42144 | G15: 41938 | H15: 44077 | I15: 44383 | J15: 35683 | K15: 30815 | L15: 28372 | M15: 28289 | N15: 25866 | O15: 21932 | P15: 34849 | Q15: 52475 | R15: 64314 | S15: 69235 | T15: 67167 | U15: 69270 | V15: 69157 | W15: 68202 | X15: 66046 | Y15: 61161 | Z15: 54766 | AA15: =SUM(C15:Z15) -> 1160999 | AB15: 19 | AC15: =+AA15*AB15 -> 22058981 | AD15: =+SUM(AC15:AC18) -> 33999707
B16: Sábado | C16: 52111 | D16: 48219 | E16: 45460 | F16: 43251 | G16: 42275 | H16: 42467 | I16: 42705 | J16: 34299 | K16: 29862 | L16: 27558 | M16: 27125 | N16: 24392 | O16: 22399 | P16: 29115 | Q16: 41864 | R16: 52928 | S16: 57932 | T16: 60164 | U16: 65702 | V16: 66119 | W16: 64220 | X16: 62313 | Y16: 59671 | Z16: 55645 | AA16: =SUM(C16:Z16) -> 1097796 | AB16: 5 | AC16: =+AA16*AB16 -> 5488980
B17: Domingo | C17: 52400 | D17: 48659 | E17: 45993 | F17: 43831 | G17: 42538 | H17: 41704 | I17: 39906 | J17: 26245 | K17: 17047 | L17: 12923 | M17: 10268 | N17: 8629 | O17: 11387 | P17: 17874 | Q17: 29759 | R17: 41479 | S17: 47957 | T17: 52653 | U17: 59355 | V17: 62786 | W17: 63560 | X17: 63208 | Y17: 59233 | Z17: 53703 | AA17: =SUM(C17:Z17) -> 953097 | AB17: 4 | AC17: =+AA17*AB17 -> 3812388
B18: Festivo | C18: 44009 | D18: 40247 | E18: 37826 | F18: 36180 | G18: 35359 | H18: 35175 | I18: 34705 | J18: 23489 | K18: 16043 | L18: 13504 | M18: 12884 | N18: 11265 | O18: 11782 | P18: 19090 | Q18: 30379 | R18: 40976 | S18: 46259 | T18: 50271 | U18: 57827 | V18: 61125 | W18: 61047 | X18: 59098 | Y18: 53580 | Z18: 47666 | AA18: =SUM(C18:Z18) -> 879786 | AB18: 3 | AC18: =+AA18*AB18 -> 2639358
A19: 47209 | B19: Hábil | C19: 53103 | D19: 49194 | E19: 46518 | F19: 44638 | G19: 44433 | H19: 45409 | I19: 46301 | J19: 38840 | K19: 35194 | L19: 33473 | M19: 34147 | N19: 32193 | O19: 27485 | P19: 40836 | Q19: 59479 | R19: 71273 | S19: 75552 | T19: 72562 | U19: 74198 | V19: 73735 | W19: 72997 | X19: 70649 | Y19: 65421 | Z19: 58531 | AA19: =SUM(C19:Z19) -> 1266161 | AB19: 21 | AC19: =+AA19*AB19 -> 26589381 | AD19: =+SUM(AC19:AC22) -> 36272875
B20: Sábado | C20: 54112 | D20: 50194 | E20: 47334 | F20: 45164 | G20: 44269 | H20: 43195 | I20: 44057 | J20: 35667 | K20: 32227 | L20: 30664 | M20: 30393 | N20: 28396 | O20: 26800 | P20: 33875 | Q20: 46979 | R20: 57903 | S20: 62246 | T20: 63900 | U20: 68982 | V20: 68366 | W20: 66352 | X20: 64153 | Y20: 61177 | Z20: 57081 | AA20: =SUM(C20:Z20) -> 1163486 | AB20: 4 | AC20: =+AA20*AB20 -> 4653944
B21: Domingo | C21: 54317 | D21: 50239 | E21: 47269 | F21: 44900 | G21: 43538 | H21: 41662 | I21: 40731 | J21: 27798 | K21: 18780 | L21: 15135 | M21: 13364 | N21: 12210 | O21: 14895 | P21: 21596 | Q21: 33740 | R21: 45494 | S21: 51561 | T21: 55572 | U21: 62211 | V21: 64936 | W21: 64925 | X21: 64632 | Y21: 61037 | Z21: 55368 | AA21: =SUM(C21:Z21) -> 1005910 | AB21: 5 | AC21: =+AA21*AB21 -> 5029550
B22: Festivo | C22: 0 | D22: 0 | E22: 0 | F22: 0 | G22: 0 | H22: 0 | I22: 0 | J22: 0 | K22: 0 | L22: 0 | M22: 0 | N22: 0 | O22: 0 | P22: 0 | Q22: 0 | R22: 0 | S22: 0 | T22: 0 | U22: 0 | V22: 0 | W22: 0 | X22: 0 | Y22: 0 | Z22: 0 | AA22: =SUM(C22:Z22) -> 0 | AB22: 0 | AC22: =+AA22*AB22 -> 0
A23: 47239 | B23: Hábil | C23: 53115 | D23: 49407 | E23: 46674 | F23: 44761 | G23: 44264 | H23: 43835 | I23: 45095 | J23: 37911 | K23: 34975 | L23: 33560 | M23: 34004 | N23: 31800 | O23: 27278 | P23: 40298 | Q23: 58461 | R23: 69507 | S23: 73441 | T23: 70437 | U23: 71688 | V23: 71784 | W23: 71492 | X23: 69592 | Y23: 64687 | Z23: 58201 | AA23: =SUM(C23:Z23) -> 1246267 | AB23: 21 | AC23: =+AA23*AB23 -> 26171607 | AD23: =+SUM(AC23:AC26) -> 36538851
B24: Sábado | C24: 55831 | D24: 51629 | E24: 48544 | F24: 46155 | G24: 45178 | H24: 43229 | I24: 44256 | J24: 35949 | K24: 33169 | L24: 32040 | M24: 31799 | N24: 29157 | O24: 27051 | P24: 33792 | Q24: 46165 | R24: 56923 | S24: 61023 | T24: 61844 | U24: 66643 | V24: 67335 | W24: 65689 | X24: 64002 | Y24: 61312 | Z24: 57293 | AA24: =SUM(C24:Z24) -> 1166008 | AB24: 4 | AC24: =+AA24*AB24 -> 4664032
B25: Domingo | C25: 53587 | D25: 49979 | E25: 47235 | F25: 44960 | G25: 43505 | H25: 40547 | I25: 40417 | J25: 27150 | K25: 18294 | L25: 14634 | M25: 13054 | N25: 11052 | O25: 12590 | P25: 18659 | Q25: 30847 | R25: 42064 | S25: 48129 | T25: 52505 | U25: 58956 | V25: 62033 | W25: 62663 | X25: 62798 | Y25: 59877 | Z25: 54817 | AA25: =SUM(C25:Z25) -> 970352 | AB25: 4 | AC25: =+AA25*AB25 -> 3881408
B26: Festivo | C26: 45929 | D26: 42379 | E26: 39855 | F26: 38019 | G26: 37176 | H26: 35207 | I26: 35627 | J26: 23805 | K26: 16135 | L26: 13596 | M26: 13050 | N26: 11533 | O26: 12601 | P26: 19708 | Q26: 31782 | R26: 42830 | S26: 48005 | T26: 51359 | U26: 58092 | V26: 61847 | W26: 62278 | X26: 61304 | Y26: 57145 | Z26: 51640 | AA26: =SUM(C26:Z26) -> 910902 | AB26: 2 | AC26: =+AA26*AB26 -> 1821804
A27: 47270 | B27: Hábil | C27: 56811 | D27: 52841 | E27: 49917 | F27: 47911 | G27: 47394 | H27: 46711 | I27: 48813 | J27: 42544 | K27: 39763 | L27: 38131 | M27: 38504 | N27: 36597 | O27: 31352 | P27: 44248 | Q27: 62432 | R27: 73975 | S27: 78370 | T27: 74344 | U27: 74806 | V27: 75563 | W27: 74705 | X27: 72421 | Y27: 67590 | Z27: 61098 | AA27: =SUM(C27:Z27) -> 1336841 | AB27: 19 | AC27: =+AA27*AB27 -> 25399979 | AD27: =+SUM(AC27:AC30) -> 37976865
B28: Sábado | C28: 58050 | D28: 54191 | E28: 51265 | F28: 49097 | G28: 48347 | H28: 46465 | I28: 48304 | J28: 40589 | K28: 37449 | L28: 35900 | M28: 35715 | N28: 33214 | O28: 30727 | P28: 36696 | Q28: 50065 | R28: 61433 | S28: 65883 | T28: 66495 | U28: 70393 | V28: 71516 | W28: 69510 | X28: 67431 | Y28: 64595 | Z28: 60582 | AA28: =SUM(C28:Z28) -> 1253912 | AB28: 5 | AC28: =+AA28*AB28 -> 6269560
B29: Domingo | C29: 57536 | D29: 53832 | E29: 51077 | F29: 48850 | G29: 47525 | H29: 44643 | I29: 44417 | J29: 31692 | K29: 21977 | L29: 18880 | M29: 16051 | N29: 13883 | O29: 16122 | P29: 22302 | Q29: 34170 | R29: 45748 | S29: 52547 | T29: 55754 | U29: 61908 | V29: 66496 | W29: 66871 | X29: 66672 | Y29: 64042 | Z29: 59427 | AA29: =SUM(C29:Z29) -> 1062422 | AB29: 4 | AC29: =+AA29*AB29 -> 4249688
B30: Festivo | C30: 50637 | D30: 47053 | E30: 44579 | F30: 42599 | G30: 41862 | H30: 39750 | I30: 40202 | J30: 29443 | K30: 22537 | L30: 20511 | M30: 20184 | N30: 18437 | O30: 19058 | P30: 25825 | Q30: 37491 | R30: 48029 | S30: 52959 | T30: 55262 | U30: 61138 | V30: 66228 | W30: 65910 | X30: 64425 | Y30: 60204 | Z30: 54496 | AA30: =SUM(C30:Z30) -> 1028819 | AB30: 2 | AC30: =+AA30*AB30 -> 2057638
A31: 47300 | B31: Hábil | C31: 53628 | D31: 49785 | E31: 47028 | F31: 44916 | G31: 44266 | H31: 44225 | I31: 45730 | J31: 38577 | K31: 35505 | L31: 33892 | M31: 34210 | N31: 31535 | O31: 26135 | P31: 38869 | Q31: 56716 | R31: 68114 | S31: 72040 | T31: 68652 | U31: 68564 | V31: 70558 | W31: 70212 | X31: 68494 | Y31: 64037 | Z31: 57906 | AA31: =SUM(C31:Z31) -> 1233594 | AB31: 20 | AC31: =+AA31*AB31 -> 24671880 | AD31: =+SUM(AC31:AC34) -> 36037226
B32: Sábado | C32: 52838 | D32: 49137 | E32: 46564 | F32: 44488 | G32: 43695 | H32: 42298 | I32: 43418 | J32: 35451 | K32: 31888 | L32: 30334 | M32: 29590 | N32: 27677 | O32: 25531 | P32: 32139 | Q32: 45191 | R32: 55600 | S32: 59749 | T32: 60358 | U32: 64391 | V32: 66922 | W32: 64979 | X32: 63221 | Y32: 60993 | Z32: 57457 | AA32: =SUM(C32:Z32) -> 1133909 | AB32: 4 | AC32: =+AA32*AB32 -> 4535636
B33: Domingo | C33: 54678 | D33: 50851 | E33: 48008 | F33: 45889 | G33: 44475 | H33: 42063 | I33: 41509 | J33: 27716 | K33: 18667 | L33: 14823 | M33: 12490 | N33: 9956 | O33: 12545 | P33: 18820 | Q33: 30104 | R33: 42045 | S33: 48051 | T33: 52443 | U33: 57471 | V33: 62307 | W33: 63069 | X33: 63006 | Y33: 60087 | Z33: 55487 | AA33: =SUM(C33:Z33) -> 976560 | AB33: 5 | AC33: =+AA33*AB33 -> 4882800
B34: Festivo | C34: 50155 | D34: 46455 | E34: 43701 | F34: 41907 | G34: 41024 | H34: 39389 | I34: 39501 | J34: 28049 | K34: 20787 | L34: 17931 | M34: 16587 | N34: 14224 | O34: 14165 | P34: 21664 | Q34: 33744 | R34: 45077 | S34: 50318 | T34: 52738 | U34: 57753 | V34: 63142 | W34: 63056 | X34: 61829 | Y34: 57939 | Z34: 52320 | AA34: =SUM(C34:Z34) -> 973455 | AB34: 2 | AC34: =+AA34*AB34 -> 1946910
A35: 47331 | B35: Hábil | C35: 54992 | D35: 51101 | E35: 48153 | F35: 45925 | G35: 45176 | H35: 45159 | I35: 46064 | J35: 38911 | K35: 35597 | L35: 34558 | M35: 35075 | N35: 32929 | O35: 27719 | P35: 41427 | Q35: 60071 | R35: 71370 | S35: 75376 | T35: 71414 | U35: 71970 | V35: 72789 | W35: 72715 | X35: 71269 | Y35: 66575 | Z35: 60413 | AA35: =SUM(C35:Z35) -> 1276748 | AB35: 21 | AC35: =+AA35*AB35 -> 26811708 | AD35: =+SUM(AC35:AC38) -> 37660774
B36: Sábado | C36: 58947 | D36: 54762 | E36: 51534 | F36: 49038 | G36: 47718 | H36: 46135 | I36: 46710 | J36: 38911 | K36: 35408 | L36: 34309 | M36: 33476 | N36: 32248 | O36: 29378 | P36: 36519 | Q36: 49407 | R36: 60051 | S36: 64478 | T36: 64398 | U36: 69136 | V36: 69797 | W36: 67769 | X36: 66757 | Y36: 64748 | Z36: 60957 | AA36: =SUM(C36:Z36) -> 1232591 | AB36: 4 | AC36: =+AA36*AB36 -> 4930364
B37: Domingo | C37: 57229 | D37: 53260 | E37: 50103 | F37: 47673 | G37: 45856 | H37: 42721 | I37: 41468 | J37: 28507 | K37: 19161 | L37: 14742 | M37: 12947 | N37: 9924 | O37: 12616 | P37: 20303 | Q37: 31639 | R37: 43398 | S37: 48293 | T37: 51870 | U37: 58289 | V37: 61855 | W37: 62784 | X37: 63132 | Y37: 60505 | Z37: 55702 | AA37: =SUM(C37:Z37) -> 993977 | AB37: 4 | AC37: =+AA37*AB37 -> 3975908
B38: Festivo | C38: 47994 | D38: 44733 | E38: 42135 | F38: 40370 | G38: 39523 | H38: 37895 | I38: 37396 | J38: 25796 | K38: 18633 | L38: 16872 | M38: 16320 | N38: 15119 | O38: 16066 | P38: 23078 | Q38: 35088 | R38: 46795 | S38: 51696 | T38: 53341 | U38: 59806 | V38: 63216 | W38: 63036 | X38: 63049 | Y38: 59456 | Z38: 53984 | AA38: =SUM(C38:Z38) -> 971397 | AB38: 2 | AC38: =+AA38*AB38 -> 1942794
A39: 47362 | B39: Hábil | C39: 58742 | D39: 54422 | E39: 51226 | F39: 48764 | G39: 47885 | H39: 47678 | I39: 48926 | J39: 42309 | K39: 39378 | L39: 38557 | M39: 39379 | N39: 37273 | O39: 32293 | P39: 46758 | Q39: 65384 | R39: 76700 | S39: 79993 | T39: 76884 | U39: 78343 | V39: 76766 | W39: 76411 | X39: 75081 | Y39: 70378 | Z39: 63559 | AA39: =SUM(C39:Z39) -> 1373089 | AB39: 20 | AC39: =+AA39*AB39 -> 27461780 | AD39: =+SUM(AC39:AC42) -> 39521710
B40: Sábado | C40: 60280 | D40: 56299 | E40: 53145 | F40: 50480 | G40: 49207 | H40: 47402 | I40: 48413 | J40: 41300 | K40: 38540 | L40: 37180 | M40: 37623 | N40: 35713 | O40: 33349 | P40: 40790 | Q40: 54163 | R40: 64726 | S40: 68420 | T40: 69826 | U40: 75348 | V40: 73887 | W40: 71313 | X40: 69416 | Y40: 67187 | Z40: 63481 | AA40: =SUM(C40:Z40) -> 1307488 | AB40: 5 | AC40: =+AA40*AB40 -> 6537440
B41: Domingo | C41: 59463 | D41: 55601 | E41: 52632 | F41: 50259 | G41: 48644 | H41: 46200 | I41: 45539 | J41: 32250 | K41: 22654 | L41: 18210 | M41: 16688 | N41: 15279 | O41: 17021 | P41: 24576 | Q41: 37404 | R41: 48764 | S41: 54531 | T41: 58618 | U41: 65925 | V41: 68009 | W41: 69201 | X41: 69704 | Y41: 66491 | Z41: 60835 | AA41: =SUM(C41:Z41) -> 1104498 | AB41: 5 | AC41: =+AA41*AB41 -> 5522490
B42: Festivo | C42: 0 | D42: 0 | E42: 0 | F42: 0 | G42: 0 | H42: 0 | I42: 0 | J42: 0 | K42: 0 | L42: 0 | M42: 0 | N42: 0 | O42: 0 | P42: 0 | Q42: 0 | R42: 0 | S42: 0 | T42: 0 | U42: 0 | V42: 0 | W42: 0 | X42: 0 | Y42: 0 | Z42: 0 | AA42: =SUM(C42:Z42) -> 0 | AB42: 0 | AC42: =+AA42*AB42 -> 0
A43: 47392 | B43: Hábil | C43: 54539 | D43: 50577 | E43: 47736 | F43: 45768 | G43: 45191 | H43: 44966 | I43: 46367 | J43: 39579 | K43: 37517 | L43: 36844 | M43: 37824 | N43: 36239 | O43: 31423 | P43: 45113 | Q43: 63413 | R43: 74037 | S43: 77527 | T43: 77567 | U43: 77546 | V43: 74470 | W43: 72747 | X43: 70445 | Y43: 65385 | Z43: 59019 | AA43: =SUM(C43:Z43) -> 1311839 | AB43: 22 | AC43: =+AA43*AB43 -> 28860458 | AD43: =+SUM(AC43:AC46) -> 38647476
B44: Sábado | C44: 52953 | D44: 49027 | E44: 46271 | F44: 44072 | G44: 43171 | H44: 41868 | I44: 42820 | J44: 34749 | K44: 32605 | L44: 31858 | M44: 32158 | N44: 30515 | O44: 28799 | P44: 34988 | Q44: 47672 | R44: 57517 | S44: 61958 | T44: 66175 | U44: 69823 | V44: 67504 | W44: 65217 | X44: 62702 | Y44: 59577 | Z44: 55494 | AA44: =SUM(C44:Z44) -> 1159493 | AB44: 4 | AC44: =+AA44*AB44 -> 4637972
B45: Domingo | C45: 54340 | D45: 50695 | E45: 47932 | F45: 45558 | G45: 44038 | H45: 41771 | I45: 41244 | J45: 27384 | K45: 18448 | L45: 15402 | M45: 13683 | N45: 12601 | O45: 14817 | P45: 21327 | Q45: 33043 | R45: 45123 | S45: 51066 | T45: 58037 | U45: 63513 | V45: 64353 | W45: 64748 | X45: 64411 | Y45: 61008 | Z45: 56024 | AA45: =SUM(C45:Z45) -> 1010566 | AB45: 4 | AC45: =+AA45*AB45 -> 4042264
B46: Festivo | C46: 53404 | D46: 49664 | E46: 46993 | F46: 45017 | G46: 44089 | H46: 41406 | I46: 41025 | J46: 30509 | K46: 24144 | L46: 22782 | M46: 22212 | N46: 19612 | O46: 22160 | P46: 29653 | Q46: 42662 | R46: 52861 | S46: 57838 | T46: 63043 | U46: 68353 | V46: 69796 | W46: 69754 | X46: 68399 | Y46: 63811 | Z46: 57595 | AA46: =SUM(C46:Z46) -> 1106782 | AB46: 1 | AC46: =+AA46*AB46 -> 1106782
A47: 47423 | B47: Hábil | C47: 54290 | D47: 50435 | E47: 47709 | F47: 45942 | G47: 45728 | H47: 46207 | I47: 48486 | J47: 42042 | K47: 39512 | L47: 38347 | M47: 39199 | N47: 37584 | O47: 32579 | P47: 45321 | Q47: 63391 | R47: 75130 | S47: 79145 | T47: 80671 | U47: 80409 | V47: 76765 | W47: 74531 | X47: 71172 | Y47: 65662 | Z47: 58990 | AA47: =SUM(C47:Z47) -> 1339247 | AB47: 20 | AC47: =+AA47*AB47 -> 26784940 | AD47: =+SUM(AC47:AC50) -> 38283096
B48: Sábado | C48: 55707 | D48: 51805 | E48: 49014 | F48: 46804 | G48: 45968 | H48: 44956 | I48: 46259 | J48: 39144 | K48: 37197 | L48: 36984 | M48: 36664 | N48: 34789 | O48: 32288 | P48: 38547 | Q48: 51113 | R48: 61412 | S48: 65937 | T48: 71037 | U48: 73989 | V48: 71251 | W48: 68399 | X48: 65150 | Y48: 61786 | Z48: 57676 | AA48: =SUM(C48:Z48) -> 1243876 | AB48: 4 | AC48: =+AA48*AB48 -> 4975504
B49: Domingo | C49: 54666 | D49: 51046 | E49: 48294 | F49: 46087 | G49: 44721 | H49: 42914 | I49: 42729 | J49: 30340 | K49: 22445 | L49: 19380 | M49: 18571 | N49: 16771 | O49: 19341 | P49: 25573 | Q49: 37009 | R49: 47839 | S49: 53805 | T49: 62133 | U49: 66581 | V49: 66686 | W49: 65844 | X49: 64495 | Y49: 61297 | Z49: 56390 | AA49: =SUM(C49:Z49) -> 1064957 | AB49: 4 | AC49: =+AA49*AB49 -> 4259828
B50: Festivo | C50: 52720 | D50: 48897 | E50: 46374 | F50: 44554 | G50: 43824 | H50: 42320 | I50: 42244 | J50: 31876 | K50: 25445 | L50: 24237 | M50: 24490 | N50: 23384 | O50: 24398 | P50: 32323 | Q50: 44009 | R50: 54633 | S50: 60094 | T50: 67015 | U50: 71271 | V50: 71122 | W50: 69833 | X50: 67388 | Y50: 62388 | Z50: 56573 | AA50: =SUM(C50:Z50) -> 1131412 | AB50: 2 | AC50: =+AA50*AB50 -> 2262824
A51: 47453 | B51: Hábil | C51: 53585 | D51: 49775 | E51: 47128 | F51: 45179 | G51: 44563 | H51: 44637 | I51: 45289 | J51: 37792 | K51: 34636 | L51: 33505 | M51: 33776 | N51: 32129 | O51: 28705 | P51: 38904 | Q51: 55850 | R51: 67453 | S51: 72381 | T51: 73415 | U51: 76154 | V51: 72909 | W51: 69921 | X51: 67190 | Y51: 63126 | Z51: 57834 | AA51: =SUM(C51:Z51) -> 1245836 | AB51: 20 | AC51: =+AA51*AB51 -> 24916720 | AD51: =+SUM(AC51:AC54) -> 36672929
B52: Sábado | C52: 55065 | D52: 51033 | E52: 48042 | F52: 45850 | G52: 44843 | H52: 44519 | I52: 44619 | J52: 35626 | K52: 31964 | L52: 30479 | M52: 30418 | N52: 28603 | O52: 28018 | P52: 34774 | Q52: 47398 | R52: 58019 | S52: 62853 | T52: 67862 | U52: 73474 | V52: 71531 | W52: 67852 | X52: 64546 | Y52: 61298 | Z52: 57489 | AA52: =SUM(C52:Z52) -> 1186175 | AB52: 4 | AC52: =+AA52*AB52 -> 4744700
B53: Domingo | C53: 55900 | D53: 52077 | E53: 49137 | F53: 46921 | G53: 45516 | H53: 42977 | I53: 41839 | J53: 29045 | K53: 20923 | L53: 18163 | M53: 16868 | N53: 15318 | O53: 17567 | P53: 24099 | Q53: 36011 | R53: 48322 | S53: 54403 | T53: 61416 | U53: 68382 | V53: 67720 | W53: 65570 | X53: 62981 | Y53: 59182 | Z53: 54804 | AA53: =SUM(C53:Z53) -> 1055141 | AB53: 5 | AC53: =+AA53*AB53 -> 5275705
B54: Festivo | C54: 45521 | D54: 43523 | E54: 41911 | F54: 40331 | G54: 39270 | H54: 38115 | I54: 36432 | J54: 23428 | K54: 14380 | L54: 11007 | M54: 9344 | N54: 7109 | O54: 9250 | P54: 16070 | Q54: 27179 | R54: 38221 | S54: 44523 | T54: 51034 | U54: 58017 | V54: 58702 | W54: 57319 | X54: 55776 | Y54: 52868 | Z54: 48572 | AA54: =SUM(C54:Z54) -> 867902 | AB54: 2 | AC54: =+AA54*AB54 -> 1735804
AD55: =+SUM(AD7:AD54) -> 442702603

Sheet OF P5
C1: * La energia a ofertar debe ser expresada únicamente en kilovatio (kWh) redondeado a cero decimales - PLANA
C4: OFERTA PRODUCTO 5
C5: MES | D5: ENERGIA SOLICITADA (KWh) | E5: % | F5: ENERGIA OFERTADA (KWh) | G5: PRECIO $/kWh
C6: 47119 | D6: =+VLOOKUP(C6,'PLANA P5'!$A$4:$AD$55,30,FALSE) -> 29760000 | E6: % | G6: $/kWh
C7: 47150 | D7: =+VLOOKUP(C7,'PLANA P5'!$A$4:$AD$55,30,FALSE) -> 26880000
C8: 47178 | D8: =+VLOOKUP(C8,'PLANA P5'!$A$4:$AD$55,30,FALSE) -> 29760000
C9: 47209 | D9: =+VLOOKUP(C9,'PLANA P5'!$A$4:$AD$55,30,FALSE) -> 28800000
C10: 47239 | D10: =+VLOOKUP(C10,'PLANA P5'!$A$4:$AD$55,30,FALSE) -> 29760000
C11: 47270 | D11: =+VLOOKUP(C11,'PLANA P5'!$A$4:$AD$55,30,FALSE) -> 28800000
C12: 47300 | D12: =+VLOOKUP(C12,'PLANA P5'!$A$4:$AD$55,30,FALSE) -> 29760000
C13: 47331 | D13: =+VLOOKUP(C13,'PLANA P5'!$A$4:$AD$55,30,FALSE) -> 29760000
C14: 47362 | D14: =+VLOOKUP(C14,'PLANA P5'!$A$4:$AD$55,30,FALSE) -> 28800000
C15: 47392 | D15: =+VLOOKUP(C15,'PLANA P5'!$A$4:$AD$55,30,FALSE) -> 29760000
C16: 47423 | D16: =+VLOOKUP(C16,'PLANA P5'!$A$4:$AD$55,30,FALSE) -> 28800000
C17: 47453 | D17: =+VLOOKUP(C17,'PLANA P5'!$A$4:$AD$55,30,FALSE) -> 29760000
D18: =SUM(D6:D17) -> 350400000
D20: =D18/1000000 -> 350.4
D21: =D20*1000 -> 350400

Sheet PLANA P5
A1: Curva de distribucion en kwh
A2: * La energia a ofertar debe ser expresada únicamente en kilovatio (kWh) redondeado a cero decimales
A4: TOTAL | C4: =+AD55 -> 350400000
A5: MES | B5: DÍA | C5: HORA 01 | D5: HORA 02 | E5: HORA 03 | F5: HORA 04 | G5: HORA 05 | H5: HORA 06 | I5: HORA 07 | J5: HORA 08 | K5: HORA 09 | L5: HORA 10 | M5: HORA 11 | N5: HORA 12 | O5: HORA 13 | P5: HORA 14 | Q5: HORA 15 | R5: HORA 16 | S5: HORA 17 | T5: HORA 18 | U5: HORA 19 | V5: HORA 20 | W5: HORA 21 | X5: HORA 22 | Y5: HORA 23 | Z5: HORA 24 | AA5: TOTAL DÍA | AB5: NUMERO DÍAS | AC5: TOTAL DÍA MES | AD5: TOTAL MES
A7: 47119 | B7: Hábil | C7: 40000 | D7: 40000 | E7: 40000 | F7: 40000 | G7: 40000 | H7: 40000 | I7: 40000 | J7: 40000 | K7: 40000 | L7: 40000 | M7: 40000 | N7: 40000 | O7: 40000 | P7: 40000 | Q7: 40000 | R7: 40000 | S7: 40000 | T7: 40000 | U7: 40000 | V7: 40000 | W7: 40000 | X7: 40000 | Y7: 40000 | Z7: 40000 | AA7: =SUM(C7:Z7) -> 960000 | AB7: 21 | AC7: =+AA7*AB7 -> 20160000 | AD7: =+SUM(AC7:AC10) -> 29760000
B8: Sábado | C8: 40000 | D8: 40000 | E8: 40000 | F8: 40000 | G8: 40000 | H8: 40000 | I8: 40000 | J8: 40000 | K8: 40000 | L8: 40000 | M8: 40000 | N8: 40000 | O8: 40000 | P8: 40000 | Q8: 40000 | R8: 40000 | S8: 40000 | T8: 40000 | U8: 40000 | V8: 40000 | W8: 40000 | X8: 40000 | Y8: 40000 | Z8: 40000 | AA8: =SUM(C8:Z8) -> 960000 | AB8: 4 | AC8: =+AA8*AB8 -> 3840000
B9: Domingo | C9: 40000 | D9: 40000 | E9: 40000 | F9: 40000 | G9: 40000 | H9: 40000 | I9: 40000 | J9: 40000 | K9: 40000 | L9: 40000 | M9: 40000 | N9: 40000 | O9: 40000 | P9: 40000 | Q9: 40000 | R9: 40000 | S9: 40000 | T9: 40000 | U9: 40000 | V9: 40000 | W9: 40000 | X9: 40000 | Y9: 40000 | Z9: 40000 | AA9: =SUM(C9:Z9) -> 960000 | AB9: 4 | AC9: =+AA9*AB9 -> 3840000
B10: Festivo | C10: 40000 | D10: 40000 | E10: 40000 | F10: 40000 | G10: 40000 | H10: 40000 | I10: 40000 | J10: 40000 | K10: 40000 | L10: 40000 | M10: 40000 | N10: 40000 | O10: 40000 | P10: 40000 | Q10: 40000 | R10: 40000 | S10: 40000 | T10: 40000 | U10: 40000 | V10: 40000 | W10: 40000 | X10: 40000 | Y10: 40000 | Z10: 40000 | AA10: =SUM(C10:Z10) -> 960000 | AB10: 2 | AC10: =+AA10*AB10 -> 1920000
A11: 47150 | B11: Hábil | C11: 40000 | D11: 40000 | E11: 40000 | F11: 40000 | G11: 40000 | H11: 40000 | I11: 40000 | J11: 40000 | K11: 40000 | L11: 40000 | M11: 40000 | N11: 40000 | O11: 40000 | P11: 40000 | Q11: 40000 | R11: 40000 | S11: 40000 | T11: 40000 | U11: 40000 | V11: 40000 | W11: 40000 | X11: 40000 | Y11: 40000 | Z11: 40000 | AA11: =SUM(C11:Z11) -> 960000 | AB11: 20 | AC11: =+AA11*AB11 -> 19200000 | AD11: =+SUM(AC11:AC14) -> 26880000
B12: Sábado | C12: 40000 | D12: 40000 | E12: 40000 | F12: 40000 | G12: 40000 | H12: 40000 | I12: 40000 | J12: 40000 | K12: 40000 | L12: 40000 | M12: 40000 | N12: 40000 | O12: 40000 | P12: 40000 | Q12: 40000 | R12: 40000 | S12: 40000 | T12: 40000 | U12: 40000 | V12: 40000 | W12: 40000 | X12: 40000 | Y12: 40000 | Z12: 40000 | AA12: =SUM(C12:Z12) -> 960000 | AB12: 4 | AC12: =+AA12*AB12 -> 3840000
B13: Domingo | C13: 40000 | D13: 40000 | E13: 40000 | F13: 40000 | G13: 40000 | H13: 40000 | I13: 40000 | J13: 40000 | K13: 40000 | L13: 40000 | M13: 40000 | N13: 40000 | O13: 40000 | P13: 40000 | Q13: 40000 | R13: 40000 | S13: 40000 | T13: 40000 | U13: 40000 | V13: 40000 | W13: 40000 | X13: 40000 | Y13: 40000 | Z13: 40000 | AA13: =SUM(C13:Z13) -> 960000 | AB13: 4 | AC13: =+AA13*AB13 -> 3840000
B14: Festivo | AA14: =SUM(C14:Z14) -> 0 | AB14: 0 | AC14: =+AA14*AB14 -> 0
A15: 47178 | B15: Hábil | C15: 40000 | D15: 40000 | E15: 40000 | F15: 40000 | G15: 40000 | H15: 40000 | I15: 40000 | J15: 40000 | K15: 40000 | L15: 40000 | M15: 40000 | N15: 40000 | O15: 40000 | P15: 40000 | Q15: 40000 | R15: 40000 | S15: 40000 | T15: 40000 | U15: 40000 | V15: 40000 | W15: 40000 | X15: 40000 | Y15: 40000 | Z15: 40000 | AA15: =SUM(C15:Z15) -> 960000 | AB15: 19 | AC15: =+AA15*AB15 -> 18240000 | AD15: =+SUM(AC15:AC18) -> 29760000
B16: Sábado | C16: 40000 | D16: 40000 | E16: 40000 | F16: 40000 | G16: 40000 | H16: 40000 | I16: 40000 | J16: 40000 | K16: 40000 | L16: 40000 | M16: 40000 | N16: 40000 | O16: 40000 | P16: 40000 | Q16: 40000 | R16: 40000 | S16: 40000 | T16: 40000 | U16: 40000 | V16: 40000 | W16: 40000 | X16: 40000 | Y16: 40000 | Z16: 40000 | AA16: =SUM(C16:Z16) -> 960000 | AB16: 5 | AC16: =+AA16*AB16 -> 4800000
B17: Domingo | C17: 40000 | D17: 40000 | E17: 40000 | F17: 40000 | G17: 40000 | H17: 40000 | I17: 40000 | J17: 40000 | K17: 40000 | L17: 40000 | M17: 40000 | N17: 40000 | O17: 40000 | P17: 40000 | Q17: 40000 | R17: 40000 | S17: 40000 | T17: 40000 | U17: 40000 | V17: 40000 | W17: 40000 | X17: 40000 | Y17: 40000 | Z17: 40000 | AA17: =SUM(C17:Z17) -> 960000 | AB17: 4 | AC17: =+AA17*AB17 -> 3840000
B18: Festivo | C18: 40000 | D18: 40000 | E18: 40000 | F18: 40000 | G18: 40000 | H18: 40000 | I18: 40000 | J18: 40000 | K18: 40000 | L18: 40000 | M18: 40000 | N18: 40000 | O18: 40000 | P18: 40000 | Q18: 40000 | R18: 40000 | S18: 40000 | T18: 40000 | U18: 40000 | V18: 40000 | W18: 40000 | X18: 40000 | Y18: 40000 | Z18: 40000 | AA18: =SUM(C18:Z18) -> 960000 | AB18: 3 | AC18: =+AA18*AB18 -> 2880000
A19: 47209 | B19: Hábil | C19: 40000 | D19: 40000 | E19: 40000 | F19: 40000 | G19: 40000 | H19: 40000 | I19: 40000 | J19: 40000 | K19: 40000 | L19: 40000 | M19: 40000 | N19: 40000 | O19: 40000 | P19: 40000 | Q19: 40000 | R19: 40000 | S19: 40000 | T19: 40000 | U19: 40000 | V19: 40000 | W19: 40000 | X19: 40000 | Y19: 40000 | Z19: 40000 | AA19: =SUM(C19:Z19) -> 960000 | AB19: 21 | AC19: =+AA19*AB19 -> 20160000 | AD19: =+SUM(AC19:AC22) -> 28800000
B20: Sábado | C20: 40000 | D20: 40000 | E20: 40000 | F20: 40000 | G20: 40000 | H20: 40000 | I20: 40000 | J20: 40000 | K20: 40000 | L20: 40000 | M20: 40000 | N20: 40000 | O20: 40000 | P20: 40000 | Q20: 40000 | R20: 40000 | S20: 40000 | T20: 40000 | U20: 40000 | V20: 40000 | W20: 40000 | X20: 40000 | Y20: 40000 | Z20: 40000 | AA20: =SUM(C20:Z20) -> 960000 | AB20: 4 | AC20: =+AA20*AB20 -> 3840000
B21: Domingo | C21: 40000 | D21: 40000 | E21: 40000 | F21: 40000 | G21: 40000 | H21: 40000 | I21: 40000 | J21: 40000 | K21: 40000 | L21: 40000 | M21: 40000 | N21: 40000 | O21: 40000 | P21: 40000 | Q21: 40000 | R21: 40000 | S21: 40000 | T21: 40000 | U21: 40000 | V21: 40000 | W21: 40000 | X21: 40000 | Y21: 40000 | Z21: 40000 | AA21: =SUM(C21:Z21) -> 960000 | AB21: 5 | AC21: =+AA21*AB21 -> 4800000
B22: Festivo | AA22: =SUM(C22:Z22) -> 0 | AB22: 0 | AC22: =+AA22*AB22 -> 0
A23: 47239 | B23: Hábil | C23: 40000 | D23: 40000 | E23: 40000 | F23: 40000 | G23: 40000 | H23: 40000 | I23: 40000 | J23: 40000 | K23: 40000 | L23: 40000 | M23: 40000 | N23: 40000 | O23: 40000 | P23: 40000 | Q23: 40000 | R23: 40000 | S23: 40000 | T23: 40000 | U23: 40000 | V23: 40000 | W23: 40000 | X23: 40000 | Y23: 40000 | Z23: 40000 | AA23: =SUM(C23:Z23) -> 960000 | AB23: 21 | AC23: =+AA23*AB23 -> 20160000 | AD23: =+SUM(AC23:AC26) -> 29760000
B24: Sábado | C24: 40000 | D24: 40000 | E24: 40000 | F24: 40000 | G24: 40000 | H24: 40000 | I24: 40000 | J24: 40000 | K24: 40000 | L24: 40000 | M24: 40000 | N24: 40000 | O24: 40000 | P24: 40000 | Q24: 40000 | R24: 40000 | S24: 40000 | T24: 40000 | U24: 40000 | V24: 40000 | W24: 40000 | X24: 40000 | Y24: 40000 | Z24: 40000 | AA24: =SUM(C24:Z24) -> 960000 | AB24: 4 | AC24: =+AA24*AB24 -> 3840000
B25: Domingo | C25: 40000 | D25: 40000 | E25: 40000 | F25: 40000 | G25: 40000 | H25: 40000 | I25: 40000 | J25: 40000 | K25: 40000 | L25: 40000 | M25: 40000 | N25: 40000 | O25: 40000 | P25: 40000 | Q25: 40000 | R25: 40000 | S25: 40000 | T25: 40000 | U25: 40000 | V25: 40000 | W25: 40000 | X25: 40000 | Y25: 40000 | Z25: 40000 | AA25: =SUM(C25:Z25) -> 960000 | AB25: 4 | AC25: =+AA25*AB25 -> 3840000
B26: Festivo | C26: 40000 | D26: 40000 | E26: 40000 | F26: 40000 | G26: 40000 | H26: 40000 | I26: 40000 | J26: 40000 | K26: 40000 | L26: 40000 | M26: 40000 | N26: 40000 | O26: 40000 | P26: 40000 | Q26: 40000 | R26: 40000 | S26: 40000 | T26: 40000 | U26: 40000 | V26: 40000 | W26: 40000 | X26: 40000 | Y26: 40000 | Z26: 40000 | AA26: =SUM(C26:Z26) -> 960000 | AB26: 2 | AC26: =+AA26*AB26 -> 1920000
A27: 47270 | B27: Hábil | C27: 40000 | D27: 40000 | E27: 40000 | F27: 40000 | G27: 40000 | H27: 40000 | I27: 40000 | J27: 40000 | K27: 40000 | L27: 40000 | M27: 40000 | N27: 40000 | O27: 40000 | P27: 40000 | Q27: 40000 | R27: 40000 | S27: 40000 | T27: 40000 | U27: 40000 | V27: 40000 | W27: 40000 | X27: 40000 | Y27: 40000 | Z27: 40000 | AA27: =SUM(C27:Z27) -> 960000 | AB27: 19 | AC27: =+AA27*AB27 -> 18240000 | AD27: =+SUM(AC27:AC30) -> 28800000
B28: Sábado | C28: 40000 | D28: 40000 | E28: 40000 | F28: 40000 | G28: 40000 | H28: 40000 | I28: 40000 | J28: 40000 | K28: 40000 | L28: 40000 | M28: 40000 | N28: 40000 | O28: 40000 | P28: 40000 | Q28: 40000 | R28: 40000 | S28: 40000 | T28: 40000 | U28: 40000 | V28: 40000 | W28: 40000 | X28: 40000 | Y28: 40000 | Z28: 40000 | AA28: =SUM(C28:Z28) -> 960000 | AB28: 5 | AC28: =+AA28*AB28 -> 4800000
B29: Domingo | C29: 40000 | D29: 40000 | E29: 40000 | F29: 40000 | G29: 40000 | H29: 40000 | I29: 40000 | J29: 40000 | K29: 40000 | L29: 40000 | M29: 40000 | N29: 40000 | O29: 40000 | P29: 40000 | Q29: 40000 | R29: 40000 | S29: 40000 | T29: 40000 | U29: 40000 | V29: 40000 | W29: 40000 | X29: 40000 | Y29: 40000 | Z29: 40000 | AA29: =SUM(C29:Z29) -> 960000 | AB29: 4 | AC29: =+AA29*AB29 -> 3840000
B30: Festivo | C30: 40000 | D30: 40000 | E30: 40000 | F30: 40000 | G30: 40000 | H30: 40000 | I30: 40000 | J30: 40000 | K30: 40000 | L30: 40000 | M30: 40000 | N30: 40000 | O30: 40000 | P30: 40000 | Q30: 40000 | R30: 40000 | S30: 40000 | T30: 40000 | U30: 40000 | V30: 40000 | W30: 40000 | X30: 40000 | Y30: 40000 | Z30: 40000 | AA30: =SUM(C30:Z30) -> 960000 | AB30: 2 | AC30: =+AA30*AB30 -> 1920000
A31: 47300 | B31: Hábil | C31: 40000 | D31: 40000 | E31: 40000 | F31: 40000 | G31: 40000 | H31: 40000 | I31: 40000 | J31: 40000 | K31: 40000 | L31: 40000 | M31: 40000 | N31: 40000 | O31: 40000 | P31: 40000 | Q31: 40000 | R31: 40000 | S31: 40000 | T31: 40000 | U31: 40000 | V31: 40000 | W31: 40000 | X31: 40000 | Y31: 40000 | Z31: 40000 | AA31: =SUM(C31:Z31) -> 960000 | AB31: 20 | AC31: =+AA31*AB31 -> 19200000 | AD31: =+SUM(AC31:AC34) -> 29760000
B32: Sábado | C32: 40000 | D32: 40000 | E32: 40000 | F32: 40000 | G32: 40000 | H32: 40000 | I32: 40000 | J32: 40000 | K32: 40000 | L32: 40000 | M32: 40000 | N32: 40000 | O32: 40000 | P32: 40000 | Q32: 40000 | R32: 40000 | S32: 40000 | T32: 40000 | U32: 40000 | V32: 40000 | W32: 40000 | X32: 40000 | Y32: 40000 | Z32: 40000 | AA32: =SUM(C32:Z32) -> 960000 | AB32: 4 | AC32: =+AA32*AB32 -> 3840000
B33: Domingo | C33: 40000 | D33: 40000 | E33: 40000 | F33: 40000 | G33: 40000 | H33: 40000 | I33: 40000 | J33: 40000 | K33: 40000 | L33: 40000 | M33: 40000 | N33: 40000 | O33: 40000 | P33: 40000 | Q33: 40000 | R33: 40000 | S33: 40000 | T33: 40000 | U33: 40000 | V33: 40000 | W33: 40000 | X33: 40000 | Y33: 40000 | Z33: 40000 | AA33: =SUM(C33:Z33) -> 960000 | AB33: 5 | AC33: =+AA33*AB33 -> 4800000
B34: Festivo | C34: 40000 | D34: 40000 | E34: 40000 | F34: 40000 | G34: 40000 | H34: 40000 | I34: 40000 | J34: 40000 | K34: 40000 | L34: 40000 | M34: 40000 | N34: 40000 | O34: 40000 | P34: 40000 | Q34: 40000 | R34: 40000 | S34: 40000 | T34: 40000 | U34: 40000 | V34: 40000 | W34: 40000 | X34: 40000 | Y34: 40000 | Z34: 40000 | AA34: =SUM(C34:Z34) -> 960000 | AB34: 2 | AC34: =+AA34*AB34 -> 1920000
A35: 47331 | B35: Hábil | C35: 40000 | D35: 40000 | E35: 40000 | F35: 40000 | G35: 40000 | H35: 40000 | I35: 40000 | J35: 40000 | K35: 40000 | L35: 40000 | M35: 40000 | N35: 40000 | O35: 40000 | P35: 40000 | Q35: 40000 | R35: 40000 | S35: 40000 | T35: 40000 | U35: 40000 | V35: 40000 | W35: 40000 | X35: 40000 | Y35: 40000 | Z35: 40000 | AA35: =SUM(C35:Z35) -> 960000 | AB35: 21 | AC35: =+AA35*AB35 -> 20160000 | AD35: =+SUM(AC35:AC38) -> 29760000
B36: Sábado | C36: 40000 | D36: 40000 | E36: 40000 | F36: 40000 | G36: 40000 | H36: 40000 | I36: 40000 | J36: 40000 | K36: 40000 | L36: 40000 | M36: 40000 | N36: 40000 | O36: 40000 | P36: 40000 | Q36: 40000 | R36: 40000 | S36: 40000 | T36: 40000 | U36: 40000 | V36: 40000 | W36: 40000 | X36: 40000 | Y36: 40000 | Z36: 40000 | AA36: =SUM(C36:Z36) -> 960000 | AB36: 4 | AC36: =+AA36*AB36 -> 3840000
B37: Domingo | C37: 40000 | D37: 40000 | E37: 40000 | F37: 40000 | G37: 40000 | H37: 40000 | I37: 40000 | J37: 40000 | K37: 40000 | L37: 40000 | M37: 40000 | N37: 40000 | O37: 40000 | P37: 40000 | Q37: 40000 | R37: 40000 | S37: 40000 | T37: 40000 | U37: 40000 | V37: 40000 | W37: 40000 | X37: 40000 | Y37: 40000 | Z37: 40000 | AA37: =SUM(C37:Z37) -> 960000 | AB37: 4 | AC37: =+AA37*AB37 -> 3840000
B38: Festivo | C38: 40000 | D38: 40000 | E38: 40000 | F38: 40000 | G38: 40000 | H38: 40000 | I38: 40000 | J38: 40000 | K38: 40000 | L38: 40000 | M38: 40000 | N38: 40000 | O38: 40000 | P38: 40000 | Q38: 40000 | R38: 40000 | S38: 40000 | T38: 40000 | U38: 40000 | V38: 40000 | W38: 40000 | X38: 40000 | Y38: 40000 | Z38: 40000 | AA38: =SUM(C38:Z38) -> 960000 | AB38: 2 | AC38: =+AA38*AB38 -> 1920000
A39: 47362 | B39: Hábil | C39: 40000 | D39: 40000 | E39: 40000 | F39: 40000 | G39: 40000 | H39: 40000 | I39: 40000 | J39: 40000 | K39: 40000 | L39: 40000 | M39: 40000 | N39: 40000 | O39: 40000 | P39: 40000 | Q39: 40000 | R39: 40000 | S39: 40000 | T39: 40000 | U39: 40000 | V39: 40000 | W39: 40000 | X39: 40000 | Y39: 40000 | Z39: 40000 | AA39: =SUM(C39:Z39) -> 960000 | AB39: 20 | AC39: =+AA39*AB39 -> 19200000 | AD39: =+SUM(AC39:AC42) -> 28800000
B40: Sábado | C40: 40000 | D40: 40000 | E40: 40000 | F40: 40000 | G40: 40000 | H40: 40000 | I40: 40000 | J40: 40000 | K40: 40000 | L40: 40000 | M40: 40000 | N40: 40000 | O40: 40000 | P40: 40000 | Q40: 40000 | R40: 40000 | S40: 40000 | T40: 40000 | U40: 40000 | V40: 40000 | W40: 40000 | X40: 40000 | Y40: 40000 | Z40: 40000 | AA40: =SUM(C40:Z40) -> 960000 | AB40: 5 | AC40: =+AA40*AB40 -> 4800000
B41: Domingo | C41: 40000 | D41: 40000 | E41: 40000 | F41: 40000 | G41: 40000 | H41: 40000 | I41: 40000 | J41: 40000 | K41: 40000 | L41: 40000 | M41: 40000 | N41: 40000 | O41: 40000 | P41: 40000 | Q41: 40000 | R41: 40000 | S41: 40000 | T41: 40000 | U41: 40000 | V41: 40000 | W41: 40000 | X41: 40000 | Y41: 40000 | Z41: 40000 | AA41: =SUM(C41:Z41) -> 960000 | AB41: 5 | AC41: =+AA41*AB41 -> 4800000
B42: Festivo | AA42: =SUM(C42:Z42) -> 0 | AB42: 0 | AC42: =+AA42*AB42 -> 0
A43: 47392 | B43: Hábil | C43: 40000 | D43: 40000 | E43: 40000 | F43: 40000 | G43: 40000 | H43: 40000 | I43: 40000 | J43: 40000 | K43: 40000 | L43: 40000 | M43: 40000 | N43: 40000 | O43: 40000 | P43: 40000 | Q43: 40000 | R43: 40000 | S43: 40000 | T43: 40000 | U43: 40000 | V43: 40000 | W43: 40000 | X43: 40000 | Y43: 40000 | Z43: 40000 | AA43: =SUM(C43:Z43) -> 960000 | AB43: 22 | AC43: =+AA43*AB43 -> 21120000 | AD43: =+SUM(AC43:AC46) -> 29760000
B44: Sábado | C44: 40000 | D44: 40000 | E44: 40000 | F44: 40000 | G44: 40000 | H44: 40000 | I44: 40000 | J44: 40000 | K44: 40000 | L44: 40000 | M44: 40000 | N44: 40000 | O44: 40000 | P44: 40000 | Q44: 40000 | R44: 40000 | S44: 40000 | T44: 40000 | U44: 40000 | V44: 40000 | W44: 40000 | X44: 40000 | Y44: 40000 | Z44: 40000 | AA44: =SUM(C44:Z44) -> 960000 | AB44: 4 | AC44: =+AA44*AB44 -> 3840000
B45: Domingo | C45: 40000 | D45: 40000 | E45: 40000 | F45: 40000 | G45: 40000 | H45: 40000 | I45: 40000 | J45: 40000 | K45: 40000 | L45: 40000 | M45: 40000 | N45: 40000 | O45: 40000 | P45: 40000 | Q45: 40000 | R45: 40000 | S45: 40000 | T45: 40000 | U45: 40000 | V45: 40000 | W45: 40000 | X45: 40000 | Y45: 40000 | Z45: 40000 | AA45: =SUM(C45:Z45) -> 960000 | AB45: 4 | AC45: =+AA45*AB45 -> 3840000
B46: Festivo | C46: 40000 | D46: 40000 | E46: 40000 | F46: 40000 | G46: 40000 | H46: 40000 | I46: 40000 | J46: 40000 | K46: 40000 | L46: 40000 | M46: 40000 | N46: 40000 | O46: 40000 | P46: 40000 | Q46: 40000 | R46: 40000 | S46: 40000 | T46: 40000 | U46: 40000 | V46: 40000 | W46: 40000 | X46: 40000 | Y46: 40000 | Z46: 40000 | AA46: =SUM(C46:Z46) -> 960000 | AB46: 1 | AC46: =+AA46*AB46 -> 960000
A47: 47423 | B47: Hábil | C47: 40000 | D47: 40000 | E47: 40000 | F47: 40000 | G47: 40000 | H47: 40000 | I47: 40000 | J47: 40000 | K47: 40000 | L47: 40000 | M47: 40000 | N47: 40000 | O47: 40000 | P47: 40000 | Q47: 40000 | R47: 40000 | S47: 40000 | T47: 40000 | U47: 40000 | V47: 40000 | W47: 40000 | X47: 40000 | Y47: 40000 | Z47: 40000 | AA47: =SUM(C47:Z47) -> 960000 | AB47: 20 | AC47: =+AA47*AB47 -> 19200000 | AD47: =+SUM(AC47:AC50) -> 28800000
B48: Sábado | C48: 40000 | D48: 40000 | E48: 40000 | F48: 40000 | G48: 40000 | H48: 40000 | I48: 40000 | J48: 40000 | K48: 40000 | L48: 40000 | M48: 40000 | N48: 40000 | O48: 40000 | P48: 40000 | Q48: 40000 | R48: 40000 | S48: 40000 | T48: 40000 | U48: 40000 | V48: 40000 | W48: 40000 | X48: 40000 | Y48: 40000 | Z48: 40000 | AA48: =SUM(C48:Z48) -> 960000 | AB48: 4 | AC48: =+AA48*AB48 -> 3840000
B49: Domingo | C49: 40000 | D49: 40000 | E49: 40000 | F49: 40000 | G49: 40000 | H49: 40000 | I49: 40000 | J49: 40000 | K49: 40000 | L49: 40000 | M49: 40000 | N49: 40000 | O49: 40000 | P49: 40000 | Q49: 40000 | R49: 40000 | S49: 40000 | T49: 40000 | U49: 40000 | V49: 40000 | W49: 40000 | X49: 40000 | Y49: 40000 | Z49: 40000 | AA49: =SUM(C49:Z49) -> 960000 | AB49: 4 | AC49: =+AA49*AB49 -> 3840000
B50: Festivo | C50: 40000 | D50: 40000 | E50: 40000 | F50: 40000 | G50: 40000 | H50: 40000 | I50: 40000 | J50: 40000 | K50: 40000 | L50: 40000 | M50: 40000 | N50: 40000 | O50: 40000 | P50: 40000 | Q50: 40000 | R50: 40000 | S50: 40000 | T50: 40000 | U50: 40000 | V50: 40000 | W50: 40000 | X50: 40000 | Y50: 40000 | Z50: 40000 | AA50: =SUM(C50:Z50) -> 960000 | AB50: 2 | AC50: =+AA50*AB50 -> 1920000
A51: 47453 | B51: Hábil | C51: 40000 | D51: 40000 | E51: 40000 | F51: 40000 | G51: 40000 | H51: 40000 | I51: 40000 | J51: 40000 | K51: 40000 | L51: 40000 | M51: 40000 | N51: 40000 | O51: 40000 | P51: 40000 | Q51: 40000 | R51: 40000 | S51: 40000 | T51: 40000 | U51: 40000 | V51: 40000 | W51: 40000 | X51: 40000 | Y51: 40000 | Z51: 40000 | AA51: =SUM(C51:Z51) -> 960000 | AB51: 20 | AC51: =+AA51*AB51 -> 19200000 | AD51: =+SUM(AC51:AC54) -> 29760000
B52: Sábado | C52: 40000 | D52: 40000 | E52: 40000 | F52: 40000 | G52: 40000 | H52: 40000 | I52: 40000 | J52: 40000 | K52: 40000 | L52: 40000 | M52: 40000 | N52: 40000 | O52: 40000 | P52: 40000 | Q52: 40000 | R52: 40000 | S52: 40000 | T52: 40000 | U52: 40000 | V52: 40000 | W52: 40000 | X52: 40000 | Y52: 40000 | Z52: 40000 | AA52: =SUM(C52:Z52) -> 960000 | AB52: 4 | AC52: =+AA52*AB52 -> 3840000
B53: Domingo | C53: 40000 | D53: 40000 | E53: 40000 | F53: 40000 | G53: 40000 | H53: 40000 | I53: 40000 | J53: 40000 | K53: 40000 | L53: 40000 | M53: 40000 | N53: 40000 | O53: 40000 | P53: 40000 | Q53: 40000 | R53: 40000 | S53: 40000 | T53: 40000 | U53: 40000 | V53: 40000 | W53: 40000 | X53: 40000 | Y53: 40000 | Z53: 40000 | AA53: =SUM(C53:Z53) -> 960000 | AB53: 5 | AC53: =+AA53*AB53 -> 4800000
B54: Festivo | C54: 40000 | D54: 40000 | E54: 40000 | F54: 40000 | G54: 40000 | H54: 40000 | I54: 40000 | J54: 40000 | K54: 40000 | L54: 40000 | M54: 40000 | N54: 40000 | O54: 40000 | P54: 40000 | Q54: 40000 | R54: 40000 | S54: 40000 | T54: 40000 | U54: 40000 | V54: 40000 | W54: 40000 | X54: 40000 | Y54: 40000 | Z54: 40000 | AA54: =SUM(C54:Z54) -> 960000 | AB54: 2 | AC54: =+AA54*AB54 -> 1920000
AD55: =+SUM(AD7:AD54) -> 350400000

Sheet OF P6
C1: * La energia a ofertar debe ser expresada únicamente en kilovatio (kWh) redondeado a cero decimales
C4: OFERTA PRODUCTO 6
C5: MES | D5: ENERGIA SOLICITADA (KWh) | E5: % | F5: ENERGIA OFERTADA (KWh) | G5: PRECIO $/kWh
C6: 47484 | D6: =+VLOOKUP(C6,'CURVA P6'!$A$4:$AD$55,30,FALSE) -> 37293323 | E6: % | G6: $/kWh
C7: 47515 | D7: =+VLOOKUP(C7,'CURVA P6'!$A$4:$AD$55,30,FALSE) -> 39743100
C8: 47543 | D8: =+VLOOKUP(C8,'CURVA P6'!$A$4:$AD$55,30,FALSE) -> 37163429
C9: 47574 | D9: =+VLOOKUP(C9,'CURVA P6'!$A$4:$AD$55,30,FALSE) -> 39331446
C10: 47604 | D10: =+VLOOKUP(C10,'CURVA P6'!$A$4:$AD$55,30,FALSE) -> 39645761
C11: 47635 | D11: =+VLOOKUP(C11,'CURVA P6'!$A$4:$AD$55,30,FALSE) -> 40931335
C12: 47665 | D12: =+VLOOKUP(C12,'CURVA P6'!$A$4:$AD$55,30,FALSE) -> 39122600
C13: 47696 | D13: =+VLOOKUP(C13,'CURVA P6'!$A$4:$AD$55,30,FALSE) -> 40790419
C14: 47727 | D14: =+VLOOKUP(C14,'CURVA P6'!$A$4:$AD$55,30,FALSE) -> 42415574
C15: 47757 | D15: =+VLOOKUP(C15,'CURVA P6'!$A$4:$AD$55,30,FALSE) -> 41662961
C16: 47788 | D16: =+VLOOKUP(C16,'CURVA P6'!$A$4:$AD$55,30,FALSE) -> 41208669
C17: 47818 | D17: =+VLOOKUP(C17,'CURVA P6'!$A$4:$AD$55,30,FALSE) -> 39740989
D18: =SUM(D6:D17) -> 479049606
D20: =D18/1000000 -> 479.04961
D21: =D20*1000 -> 479049.61

Sheet CURVA P6
A1: Curva de distribucion en kwh
A2: * La energia a ofertar debe ser expresada únicamente en kilovatio (kWh) redondeado a cero decimales
A4: TOTAL | C4: =+AD55 -> 479049606
A5: MES | B5: DÍA | C5: HORA 01 | D5: HORA 02 | E5: HORA 03 | F5: HORA 04 | G5: HORA 05 | H5: HORA 06 | I5: HORA 07 | J5: HORA 08 | K5: HORA 09 | L5: HORA 10 | M5: HORA 11 | N5: HORA 12 | O5: HORA 13 | P5: HORA 14 | Q5: HORA 15 | R5: HORA 16 | S5: HORA 17 | T5: HORA 18 | U5: HORA 19 | V5: HORA 20 | W5: HORA 21 | X5: HORA 22 | Y5: HORA 23 | Z5: HORA 24 | AA5: TOTAL DÍA | AB5: NUMERO DÍAS | AC5: TOTAL DÍA MES | AD5: TOTAL MES
A7: 47484 | B7: Hábil | C7: 53192 | D7: 49949 | E7: 47361 | F7: 45472 | G7: 44896 | H7: 46105 | I7: 46757 | J7: 39106 | K7: 34223 | L7: 33396 | M7: 34237 | N7: 33504 | O7: 30765 | P7: 40719 | Q7: 55777 | R7: 65909 | S7: 69576 | T7: 72998 | U7: 76193 | V7: 75077 | W7: 73560 | X7: 71144 | Y7: 66349 | Z7: 60014 | AA7: =SUM(C7:Z7) -> 1266279 | AB7: 21 | AC7: =+AA7*AB7 -> 26591859 | AD7: =+SUM(AC7:AC10) -> 37293323
B8: Sábado | C8: 54985 | D8: 51410 | E8: 48529 | F8: 46397 | G8: 45559 | H8: 45980 | I8: 45874 | J8: 37309 | K8: 32421 | L8: 31483 | M8: 31683 | N8: 30430 | O8: 29472 | P8: 35397 | Q8: 46260 | R8: 55406 | S8: 59103 | T8: 65855 | U8: 72481 | V8: 72106 | W8: 69732 | X8: 67313 | Y8: 63968 | Z8: 59450 | AA8: =SUM(C8:Z8) -> 1198603 | AB8: 4 | AC8: =+AA8*AB8 -> 4794412
B9: Domingo | C9: 54174 | D9: 50823 | E9: 48019 | F9: 45805 | G9: 44548 | H9: 43954 | I9: 42581 | J9: 29934 | K9: 20946 | L9: 18336 | M9: 16757 | N9: 15363 | O9: 17682 | P9: 23045 | Q9: 32653 | R9: 42507 | S9: 47727 | T9: 56578 | U9: 64518 | V9: 66716 | W9: 66378 | X9: 65165 | Y9: 61444 | Z9: 56246 | AA9: =SUM(C9:Z9) -> 1031899 | AB9: 4 | AC9: =+AA9*AB9 -> 4127596
B10: Festivo | C10: 44943 | D10: 43309 | E10: 41869 | F10: 40404 | G10: 39649 | H10: 39004 | I10: 36960 | J10: 23700 | K10: 14226 | L10: 11601 | M10: 10627 | N10: 9230 | O10: 11674 | P10: 17416 | Q10: 26800 | R10: 36337 | S10: 41043 | T10: 51715 | U10: 60251 | V10: 61815 | W10: 60924 | X10: 59069 | Y10: 55716 | Z10: 51446 | AA10: =SUM(C10:Z10) -> 889728 | AB10: 2 | AC10: =+AA10*AB10 -> 1779456
A11: 47515 | B11: Hábil | C11: 60616 | D11: 56675 | E11: 53910 | F11: 52052 | G11: 51995 | H11: 55269 | I11: 57057 | J11: 50059 | K11: 44329 | L11: 43198 | M11: 44111 | N11: 41856 | O11: 36612 | P11: 49380 | Q11: 66494 | R11: 77541 | S11: 81236 | T11: 82449 | U11: 84144 | V11: 84013 | W11: 82650 | X11: 79807 | Y11: 73725 | Z11: 66239 | AA11: =SUM(C11:Z11) -> 1475417 | AB11: 20 | AC11: =+AA11*AB11 -> 29508340 | AD11: =+SUM(AC11:AC14) -> 39743100
B12: Sábado | C12: 59004 | D12: 55180 | E12: 52488 | F12: 50612 | G12: 49987 | H12: 51043 | I12: 52438 | J12: 45592 | K12: 40991 | L12: 40066 | M12: 40236 | N12: 38380 | O12: 35909 | P12: 41624 | Q12: 53427 | R12: 63258 | S12: 67040 | T12: 72275 | U12: 78168 | V12: 78830 | W12: 76337 | X12: 73645 | Y12: 70170 | Z12: 65252 | AA12: =SUM(C12:Z12) -> 1351952 | AB12: 4 | AC12: =+AA12*AB12 -> 5407808
B13: Domingo | C13: 60406 | D13: 56368 | E13: 53571 | F13: 51341 | G13: 50086 | H13: 49737 | I13: 48964 | J13: 37026 | K13: 27332 | L13: 24855 | M13: 23514 | N13: 22231 | O13: 24655 | P13: 30072 | Q13: 40602 | R13: 51425 | S13: 57178 | T13: 64453 | U13: 71734 | V13: 75516 | W13: 75946 | X13: 75181 | Y13: 70498 | Z13: 64047 | AA13: =SUM(C13:Z13) -> 1206738 | AB13: 4 | AC13: =+AA13*AB13 -> 4826952
B14: Festivo | C14: 0 | D14: 0 | E14: 0 | F14: 0 | G14: 0 | H14: 0 | I14: 0 | J14: 0 | K14: 0 | L14: 0 | M14: 0 | N14: 0 | O14: 0 | P14: 0 | Q14: 0 | R14: 0 | S14: 0 | T14: 0 | U14: 0 | V14: 0 | W14: 0 | X14: 0 | Y14: 0 | Z14: 0 | AA14: =SUM(C14:Z14) -> 0 | AB14: 0 | AC14: =+AA14*AB14 -> 0
A15: 47543 | B15: Hábil | C15: 53031 | D15: 49366 | E15: 46842 | F15: 45032 | G15: 44873 | H15: 47100 | I15: 47651 | J15: 40317 | K15: 34820 | L15: 33261 | M15: 33672 | N15: 31813 | O15: 27762 | P15: 39370 | Q15: 55068 | R15: 65183 | S15: 69098 | T15: 71728 | U15: 73915 | V15: 73776 | W15: 72659 | X15: 70335 | Y15: 65315 | Z15: 58800 | AA15: =SUM(C15:Z15) -> 1250787 | AB15: 20 | AC15: =+AA15*AB15 -> 25015740 | AD15: =+SUM(AC15:AC18) -> 37163429
B16: Sábado | C16: 54750 | D16: 50906 | E16: 48204 | F16: 46043 | G16: 45118 | H16: 45371 | I16: 45877 | J16: 38874 | K16: 33834 | L16: 32397 | M16: 32455 | N16: 30300 | O16: 28155 | P16: 33801 | Q16: 44745 | R16: 54089 | S16: 58090 | T16: 64366 | U16: 70056 | V16: 70500 | W16: 68500 | X16: 66428 | Y16: 63648 | Z16: 59554 | AA16: =SUM(C16:Z16) -> 1186061 | AB16: 5 | AC16: =+AA16*AB16 -> 5930305
B17: Domingo | C17: 55027 | D17: 51306 | E17: 48680 | F17: 46547 | G17: 45285 | H17: 44528 | I17: 43003 | J17: 30759 | K17: 21541 | L17: 18385 | M17: 16305 | N17: 15182 | O17: 17595 | P17: 23041 | Q17: 33155 | R17: 43109 | S17: 48525 | T17: 56759 | U17: 63642 | V17: 67048 | W17: 67654 | X17: 67120 | Y17: 63057 | Z17: 57491 | AA17: =SUM(C17:Z17) -> 1044744 | AB17: 5 | AC17: =+AA17*AB17 -> 5223720
B18: Festivo | C18: 47807 | D18: 44028 | E18: 41596 | F18: 39943 | G18: 39117 | H18: 38933 | I18: 38675 | J18: 28805 | K18: 21144 | L18: 19524 | M18: 19425 | N18: 18323 | O18: 18610 | P18: 24901 | Q18: 34510 | R18: 43401 | S18: 47621 | T18: 55425 | U18: 63101 | V18: 66451 | W18: 66370 | X18: 64388 | Y18: 58786 | Z18: 52780 | AA18: =SUM(C18:Z18) -> 993664 | AB18: 1 | AC18: =+AA18*AB18 -> 993664
A19: 47574 | B19: Hábil | C19: 57259 | D19: 53324 | E19: 50635 | F19: 48758 | G19: 48562 | H19: 49541 | I19: 50722 | J19: 44776 | K19: 40452 | L19: 39698 | M19: 40894 | N19: 39537 | O19: 34740 | P19: 46851 | Q19: 63549 | R19: 73566 | S19: 76792 | T19: 78659 | U19: 80371 | V19: 79890 | W19: 79027 | X19: 76535 | Y19: 71157 | Z19: 64068 | AA19: =SUM(C19:Z19) -> 1389363 | AB19: 20 | AC19: =+AA19*AB19 -> 27787260 | AD19: =+SUM(AC19:AC22) -> 39331446
B20: Sábado | C20: 58332 | D20: 54378 | E20: 51479 | F20: 49310 | G20: 48436 | H20: 47366 | I20: 48514 | J20: 41649 | K20: 37626 | L20: 37025 | M20: 37308 | N20: 35828 | O20: 34058 | P20: 40093 | Q20: 51433 | R20: 60585 | S20: 63882 | T20: 69796 | U20: 75096 | V20: 74483 | W20: 72360 | X20: 70053 | Y20: 66970 | Z20: 62770 | AA20: =SUM(C20:Z20) -> 1288830 | AB20: 4 | AC20: =+AA20*AB20 -> 5155320
B21: Domingo | C21: 58613 | D21: 54490 | E21: 51486 | F21: 49103 | G21: 47746 | H21: 45879 | I21: 45221 | J21: 33786 | K21: 24633 | L21: 21983 | M21: 20813 | N21: 20205 | O21: 22555 | P21: 28219 | Q21: 38619 | R21: 48598 | S21: 53560 | T21: 61306 | U21: 68137 | V21: 70908 | W21: 70866 | X21: 70494 | Y21: 66795 | Z21: 61030 | AA21: =SUM(C21:Z21) -> 1135045 | AB21: 4 | AC21: =+AA21*AB21 -> 4540180
B22: Festivo | C22: 52272 | D22: 48475 | E22: 45775 | F22: 43842 | G22: 42577 | H22: 40671 | I22: 40117 | J22: 27048 | K22: 16219 | L22: 11710 | M22: 9587 | N22: 8351 | O22: 11167 | P22: 16880 | Q22: 27323 | R22: 36642 | S22: 42069 | T22: 51349 | U22: 58915 | V22: 61229 | W22: 60792 | X22: 60009 | Y22: 57637 | Z22: 53687 | AA22: =SUM(C22:Z22) -> 924343 | AB22: 2 | AC22: =+AA22*AB22 -> 1848686
A23: 47604 | B23: Hábil | C23: 55989 | D23: 52303 | E23: 49601 | F23: 47705 | G23: 47227 | H23: 46813 | I23: 48319 | J23: 42464 | K23: 38704 | L23: 38140 | M23: 39057 | N23: 37401 | O23: 32856 | P23: 44583 | Q23: 60726 | R23: 70053 | S23: 73017 | T23: 74872 | U23: 76137 | V23: 76222 | W23: 75863 | X23: 73875 | Y23: 68880 | Z23: 62328 | AA23: =SUM(C23:Z23) -> 1333135 | AB23: 22 | AC23: =+AA23*AB23 -> 29328970 | AD23: =+SUM(AC23:AC26) -> 39645761
B24: Sábado | C24: 58684 | D24: 54539 | E24: 51516 | F24: 49148 | G24: 48199 | H24: 46254 | I24: 47521 | J24: 40585 | K24: 37015 | L24: 36698 | M24: 36959 | N24: 34900 | O24: 32710 | P24: 38449 | Q24: 49092 | R24: 58155 | S24: 61240 | T24: 66350 | U24: 71143 | V24: 71840 | W24: 70166 | X24: 68424 | Y24: 65666 | Z24: 61608 | AA24: =SUM(C24:Z24) -> 1256861 | AB24: 4 | AC24: =+AA24*AB24 -> 5027444
B25: Domingo | C25: 56578 | D25: 52978 | E25: 50245 | F25: 47992 | G25: 46560 | H25: 43608 | I25: 43739 | J25: 31796 | K25: 22774 | L25: 20106 | M25: 19061 | N25: 17596 | O25: 18861 | P25: 24002 | Q25: 34468 | R25: 43965 | S25: 48959 | T25: 57044 | U25: 63516 | V25: 66605 | W25: 67194 | X25: 67262 | Y25: 64281 | Z25: 59180 | AA25: =SUM(C25:Z25) -> 1068370 | AB25: 4 | AC25: =+AA25*AB25 -> 4273480
B26: Festivo | C26: 49367 | D26: 45816 | E26: 43293 | F26: 41458 | G26: 40616 | H26: 38648 | I26: 39276 | J26: 28779 | K26: 20940 | L26: 19305 | M26: 19266 | N26: 18256 | O26: 19077 | P26: 25172 | Q26: 35533 | R26: 44857 | S26: 48981 | T26: 56090 | U26: 62895 | V26: 66687 | W26: 67119 | X26: 66133 | Y26: 61931 | Z26: 56372 | AA26: =SUM(C26:Z26) -> 1015867 | AB26: 1 | AC26: =+AA26*AB26 -> 1015867
A27: 47635 | B27: Hábil | C27: 60346 | D27: 56367 | E27: 53447 | F27: 51439 | G27: 50942 | H27: 50276 | I27: 52652 | J27: 47815 | K27: 44154 | L27: 43458 | M27: 44367 | N27: 43020 | O27: 37746 | P27: 49424 | Q27: 65685 | R27: 75474 | S27: 78810 | T27: 79856 | U27: 80277 | V27: 81058 | W27: 80113 | X27: 77701 | Y27: 72740 | Z27: 66112 | AA27: =SUM(C27:Z27) -> 1443279 | AB27: 18 | AC27: =+AA27*AB27 -> 25979022 | AD27: =+SUM(AC27:AC30) -> 40931335
B28: Sábado | C28: 61554 | D28: 57673 | E28: 54759 | F28: 52592 | G28: 51854 | H28: 49972 | I28: 52049 | J28: 45712 | K28: 41844 | L28: 41261 | M28: 41598 | N28: 39677 | O28: 37073 | P28: 42102 | Q28: 53622 | R28: 63189 | S28: 66609 | T28: 71629 | U28: 75625 | V28: 76828 | W28: 74772 | X28: 72594 | Y28: 69658 | Z28: 65548 | AA28: =SUM(C28:Z28) -> 1359794 | AB28: 5 | AC28: =+AA28*AB28 -> 6798970
B29: Domingo | C29: 61097 | D29: 57368 | E29: 54609 | F29: 52388 | G29: 51062 | H29: 48184 | I29: 48228 | J29: 36860 | K29: 27006 | L29: 24824 | M29: 22681 | N29: 21027 | O29: 22923 | P29: 28073 | Q29: 38167 | R29: 47952 | S29: 53606 | T29: 60629 | U29: 66848 | V29: 71561 | W29: 71900 | X29: 71577 | Y29: 68812 | Z29: 64081 | AA29: =SUM(C29:Z29) -> 1171463 | AB29: 5 | AC29: =+AA29*AB29 -> 5857315
B30: Festivo | C30: 54650 | D30: 51036 | E30: 48542 | F30: 46547 | G30: 45805 | H30: 43677 | I30: 44355 | J30: 34994 | K30: 27793 | L30: 26703 | M30: 26911 | N30: 25707 | O30: 26083 | P30: 31847 | Q30: 41797 | R30: 50593 | S30: 54444 | T30: 60705 | U30: 66695 | V30: 71879 | W30: 71555 | X30: 70039 | Y30: 65736 | Z30: 59921 | AA30: =SUM(C30:Z30) -> 1148014 | AB30: 2 | AC30: =+AA30*AB30 -> 2296028
A31: 47665 | B31: Hábil | C31: 56362 | D31: 52541 | E31: 49811 | F31: 47721 | G31: 47097 | H31: 47071 | I31: 48789 | J31: 42919 | K31: 39082 | L31: 38358 | M31: 39139 | N31: 37049 | O31: 31683 | P31: 43123 | Q31: 58952 | R31: 68626 | S31: 71627 | T31: 73070 | U31: 72957 | V31: 74954 | W31: 74538 | X31: 72735 | Y31: 68213 | Z31: 62039 | AA31: =SUM(C31:Z31) -> 1318456 | AB31: 22 | AC31: =+AA31*AB31 -> 29006032 | AD31: =+SUM(AC31:AC34) -> 39122600
B32: Sábado | C32: 55885 | D32: 52172 | E32: 49607 | F32: 47537 | G32: 46747 | H32: 45344 | I32: 46687 | J32: 40016 | K32: 35804 | L32: 35130 | M32: 34927 | N32: 33505 | O32: 31246 | P32: 36845 | Q32: 48074 | R32: 56842 | S32: 60038 | T32: 64939 | U32: 68952 | V32: 71508 | W32: 69524 | X32: 67709 | Y32: 65433 | Z32: 61871 | AA32: =SUM(C32:Z32) -> 1226342 | AB32: 3 | AC32: =+AA32*AB32 -> 3679026
B33: Domingo | C33: 57670 | D33: 53831 | E33: 50992 | F33: 48887 | G33: 47486 | H33: 45065 | I33: 44710 | J33: 32197 | K33: 23024 | L33: 20115 | M33: 18371 | N33: 16411 | O33: 18657 | P33: 23948 | Q33: 33577 | R33: 43742 | S33: 48746 | T33: 56828 | U33: 61865 | V33: 66768 | W33: 67550 | X33: 67451 | Y33: 64471 | Z33: 59784 | AA33: =SUM(C33:Z33) -> 1072146 | AB33: 4 | AC33: =+AA33*AB33 -> 4288584
B34: Festivo | C34: 53433 | D34: 49738 | E34: 46989 | F34: 45197 | G34: 44316 | H34: 42683 | I34: 43003 | J34: 32846 | K34: 25288 | L34: 23345 | M34: 22540 | N34: 20719 | O34: 20461 | P34: 26933 | Q34: 37297 | R34: 46895 | S34: 51084 | T34: 57387 | U34: 62450 | V34: 67893 | W34: 67806 | X34: 66568 | Y34: 62641 | Z34: 56967 | AA34: =SUM(C34:Z34) -> 1074479 | AB34: 2 | AC34: =+AA34*AB34 -> 2148958
A35: 47696 | B35: Hábil | C35: 58376 | D35: 54494 | E35: 51556 | F35: 49347 | G35: 48616 | H35: 48627 | I35: 49704 | J35: 43918 | K35: 39865 | L35: 39687 | M35: 40710 | N35: 39103 | O35: 33907 | P35: 46332 | Q35: 63003 | R35: 72595 | S35: 75603 | T35: 76557 | U35: 77099 | V35: 77899 | W35: 77746 | X35: 76209 | Y35: 71404 | Z35: 65147 | AA35: =SUM(C35:Z35) -> 1377504 | AB35: 20 | AC35: =+AA35*AB35 -> 27550080 | AD35: =+SUM(AC35:AC38) -> 40790419
B36: Sábado | C36: 62286 | D36: 58088 | E36: 54882 | F36: 52397 | G36: 51091 | H36: 49541 | I36: 50312 | J36: 43839 | K36: 39626 | L36: 39372 | M36: 39157 | N36: 38345 | O36: 35482 | P36: 41577 | Q36: 52703 | R36: 61629 | S36: 64961 | T36: 69308 | U36: 74091 | V36: 74757 | W36: 72640 | X36: 71568 | Y36: 69498 | Z36: 65621 | AA36: =SUM(C36:Z36) -> 1332771 | AB36: 5 | AC36: =+AA36*AB36 -> 6663855
B37: Domingo | C37: 60589 | D37: 56607 | E37: 53439 | F37: 51019 | G37: 49247 | H37: 46129 | I37: 45055 | J37: 33436 | K37: 23994 | L37: 20657 | M37: 19385 | N37: 16998 | O37: 19387 | P37: 25997 | Q37: 35700 | R37: 45647 | S37: 49544 | T37: 56764 | U37: 63222 | V37: 66800 | W37: 67745 | X37: 67996 | Y37: 65305 | Z37: 60435 | AA37: =SUM(C37:Z37) -> 1101097 | AB37: 4 | AC37: =+AA37*AB37 -> 4404388
B38: Festivo | C38: 51853 | D38: 48574 | E38: 45961 | F38: 44187 | G38: 43337 | H38: 41698 | I38: 41415 | J38: 31183 | K38: 23773 | L38: 22911 | M38: 22885 | N38: 22191 | O38: 22890 | P38: 28899 | Q38: 39204 | R38: 49159 | S38: 53007 | T38: 58545 | U38: 65111 | V38: 68570 | W38: 68384 | X38: 68390 | Y38: 64737 | Z38: 59184 | AA38: =SUM(C38:Z38) -> 1086048 | AB38: 2 | AC38: =+AA38*AB38 -> 2172096
A39: 47727 | B39: Hábil | C39: 61846 | D39: 57543 | E39: 54373 | F39: 51935 | G39: 51069 | H39: 50850 | I39: 52316 | J39: 47057 | K39: 43242 | L39: 43283 | M39: 44593 | N39: 43063 | O39: 38088 | P39: 51200 | Q39: 67829 | R39: 77356 | S39: 79710 | T39: 81731 | U39: 83144 | V39: 81522 | W39: 81073 | X39: 79662 | Y39: 74895 | Z39: 67986 | AA39: =SUM(C39:Z39) -> 1465366 | AB39: 21 | AC39: =+AA39*AB39 -> 30772686 | AD39: =+SUM(AC39:AC42) -> 42415574
B40: Sábado | C40: 63631 | D40: 59643 | E40: 56492 | F40: 53825 | G40: 52544 | H40: 50732 | I40: 51927 | J40: 46127 | K40: 42492 | L40: 42081 | M40: 43005 | N40: 41599 | O40: 39158 | P40: 45516 | Q40: 57072 | R40: 65913 | S40: 68593 | T40: 74559 | U40: 80120 | V40: 78674 | W40: 76020 | X40: 74069 | Y40: 71804 | Z40: 68061 | AA40: =SUM(C40:Z40) -> 1403657 | AB40: 4 | AC40: =+AA40*AB40 -> 5614628
B41: Domingo | C41: 62646 | D41: 58783 | E41: 55823 | F41: 53463 | G41: 51847 | H41: 49413 | I41: 48964 | J41: 37056 | K41: 27217 | L41: 23877 | M41: 22869 | N41: 22000 | O41: 23534 | P41: 29996 | Q41: 41007 | R41: 50599 | S41: 55258 | T41: 63224 | U41: 70607 | V41: 72708 | W41: 73880 | X41: 74373 | Y41: 71118 | Z41: 65390 | AA41: =SUM(C41:Z41) -> 1205652 | AB41: 5 | AC41: =+AA41*AB41 -> 6028260
B42: Festivo | C42: 0 | D42: 0 | E42: 0 | F42: 0 | G42: 0 | H42: 0 | I42: 0 | J42: 0 | K42: 0 | L42: 0 | M42: 0 | N42: 0 | O42: 0 | P42: 0 | Q42: 0 | R42: 0 | S42: 0 | T42: 0 | U42: 0 | V42: 0 | W42: 0 | X42: 0 | Y42: 0 | Z42: 0 | AA42: =SUM(C42:Z42) -> 0 | AB42: 0 | AC42: =+AA42*AB42 -> 0
A43: 47757 | B43: Hábil | C43: 57742 | D43: 53797 | E43: 50987 | F43: 49053 | G43: 48515 | H43: 48338 | I43: 50025 | J43: 44581 | K43: 41556 | L43: 41700 | M43: 43097 | N43: 42000 | O43: 37190 | P43: 49534 | Q43: 65802 | R43: 74747 | S43: 77297 | T43: 82493 | U43: 82593 | V43: 79432 | W43: 77605 | X43: 75169 | Y43: 70013 | Z43: 63554 | AA43: =SUM(C43:Z43) -> 1406820 | AB43: 22 | AC43: =+AA43*AB43 -> 30950040 | AD43: =+SUM(AC43:AC46) -> 41662961
B44: Sábado | C44: 56375 | D44: 52433 | E44: 49703 | F44: 47509 | G44: 46629 | H44: 45340 | I44: 46592 | J44: 39932 | K44: 36968 | L44: 37053 | M44: 37855 | N44: 36720 | O44: 34855 | P44: 40099 | Q44: 51001 | R44: 59136 | S44: 62502 | T44: 71195 | U44: 74970 | V44: 72644 | W44: 70246 | X44: 67588 | Y44: 64318 | Z44: 60139 | AA44: =SUM(C44:Z44) -> 1261802 | AB44: 4 | AC44: =+AA44*AB44 -> 5047208
B45: Domingo | C45: 57473 | D45: 53841 | E45: 51076 | F45: 48694 | G45: 47199 | H45: 44964 | I45: 44715 | J45: 32277 | K45: 23255 | L45: 21206 | M45: 20110 | N45: 19506 | O45: 21469 | P45: 26945 | Q45: 36947 | R45: 47194 | S45: 52023 | T45: 62903 | U45: 68456 | V45: 69242 | W45: 69518 | X45: 69038 | Y45: 65563 | Z45: 60498 | AA45: =SUM(C45:Z45) -> 1114112 | AB45: 4 | AC45: =+AA45*AB45 -> 4456448
B46: Festivo | C46: 56658 | D46: 52966 | E46: 50292 | F46: 48286 | G46: 47377 | H46: 44731 | I46: 44720 | J46: 35480 | K46: 28730 | L46: 28221 | M46: 28267 | N46: 26365 | O46: 28416 | P46: 34843 | Q46: 46017 | R46: 54633 | S46: 58599 | T46: 68034 | U46: 73416 | V46: 74884 | W46: 74674 | X46: 73126 | Y46: 68442 | Z46: 62088 | AA46: =SUM(C46:Z46) -> 1209265 | AB46: 1 | AC46: =+AA46*AB46 -> 1209265
A47: 47788 | B47: Hábil | C47: 57577 | D47: 53727 | E47: 51002 | F47: 49260 | G47: 49066 | H47: 49608 | I47: 52212 | J47: 47175 | K47: 43665 | L47: 43387 | M47: 44709 | N47: 43637 | O47: 38587 | P47: 50026 | Q47: 66120 | R47: 76044 | S47: 79027 | T47: 85772 | U47: 85593 | V47: 81853 | W47: 79473 | X47: 75987 | Y47: 70358 | Z47: 63556 | AA47: =SUM(C47:Z47) -> 1437421 | AB47: 19 | AC47: =+AA47*AB47 -> 27310999 | AD47: =+SUM(AC47:AC50) -> 41208669
B48: Sábado | C48: 59050 | D48: 55158 | E48: 52376 | F48: 50144 | G48: 49318 | H48: 48323 | I48: 49965 | J48: 44316 | K48: 41510 | L48: 42170 | M48: 42466 | N48: 41120 | O48: 38509 | P48: 43762 | Q48: 54530 | R48: 63083 | S48: 66525 | T48: 76240 | U48: 79229 | V48: 76471 | W48: 73573 | X48: 70204 | Y48: 66679 | Z48: 62507 | AA48: =SUM(C48:Z48) -> 1347228 | AB48: 5 | AC48: =+AA48*AB48 -> 6736140
B49: Domingo | C49: 58173 | D49: 54524 | E49: 51734 | F49: 49546 | G49: 48177 | H49: 46385 | I49: 46494 | J49: 35555 | K49: 27381 | L49: 25319 | M49: 25024 | N49: 23790 | O49: 26044 | P49: 31259 | Q49: 40931 | R49: 49969 | S49: 54830 | T49: 67149 | U49: 71744 | V49: 71822 | W49: 70941 | X49: 69525 | Y49: 66184 | Z49: 61169 | AA49: =SUM(C49:Z49) -> 1173669 | AB49: 4 | AC49: =+AA49*AB49 -> 4694676
B50: Festivo | C50: 55911 | D50: 52081 | E50: 49587 | F50: 47793 | G50: 47098 | H50: 45633 | I50: 45929 | J50: 36948 | K50: 30145 | L50: 29860 | M50: 30660 | N50: 30071 | O50: 30726 | P50: 37584 | Q50: 47552 | R50: 56420 | S50: 60765 | T50: 72004 | U50: 76338 | V50: 76087 | W50: 74587 | X50: 71954 | Y50: 66795 | Z50: 60899 | AA50: =SUM(C50:Z50) -> 1233427 | AB50: 2 | AC50: =+AA50*AB50 -> 2466854
A51: 47818 | B51: Hábil | C51: 56333 | D51: 52531 | E51: 49908 | F51: 47986 | G51: 47398 | H51: 47529 | I51: 48463 | J51: 42300 | K51: 38343 | L51: 38034 | M51: 38786 | N51: 37674 | O51: 34175 | P51: 43157 | Q51: 58151 | R51: 68046 | S51: 71950 | T51: 77879 | U51: 80752 | V51: 77457 | W51: 74332 | X51: 71475 | Y51: 67274 | Z51: 61877 | AA51: =SUM(C51:Z51) -> 1331810 | AB51: 21 | AC51: =+AA51*AB51 -> 27968010 | AD51: =+SUM(AC51:AC54) -> 39740989
B52: Sábado | C52: 57691 | D52: 53653 | E52: 50712 | F52: 48564 | G52: 47593 | H52: 47275 | I52: 47703 | J52: 40080 | K52: 35700 | L52: 35066 | M52: 35530 | N52: 34250 | O52: 33460 | P52: 39170 | Q52: 50021 | R52: 58939 | S52: 62729 | T52: 72054 | U52: 77803 | V52: 75886 | W52: 72058 | X52: 68527 | Y52: 65024 | Z52: 61116 | AA52: =SUM(C52:Z52) -> 1270604 | AB52: 4 | AC52: =+AA52*AB52 -> 5082416
B53: Domingo | C53: 58215 | D53: 54461 | E53: 51569 | F53: 49390 | G53: 48022 | H53: 45655 | I53: 44822 | J53: 33439 | K53: 25144 | L53: 23369 | M53: 22666 | N53: 21583 | O53: 23574 | P53: 29044 | Q53: 39149 | R53: 49540 | S53: 54485 | T53: 65342 | U53: 72295 | V53: 71650 | W53: 69599 | X53: 67140 | Y53: 63350 | Z53: 58879 | AA53: =SUM(C53:Z53) -> 1142382 | AB53: 5 | AC53: =+AA53*AB53 -> 5711910
B54: Festivo | C54: 49181 | D54: 47179 | E54: 45565 | F54: 43981 | G54: 42916 | H54: 41759 | I54: 40284 | J54: 28605 | K54: 19383 | L54: 16951 | M54: 15846 | N54: 14151 | O54: 15999 | P54: 21820 | Q54: 31257 | R54: 40575 | S54: 45777 | T54: 56005 | U54: 63081 | V54: 63775 | W54: 62375 | X54: 60811 | Y54: 57865 | Z54: 53512 | AA54: =SUM(C54:Z54) -> 978653 | AB54: 1 | AC54: =+AA54*AB54 -> 978653
AD55: =+SUM(AD7:AD54) -> 479049606

Sheet OF P7
C1: * La energia a ofertar debe ser expresada únicamente en kilovatio (kWh) redondeado a cero decimales - PLANA
C4: OFERTA PRODUCTO 7
C5: MES | D5: ENERGIA SOLICITADA (KWh) | E5: % | F5: ENERGIA OFERTADA (KWh) | G5: PRECIO $/kWh
C6: 47484 | D6: =+VLOOKUP(C6,'PLANA P7'!$A$4:$AD$55,30,FALSE) -> 37200000 | E6: % | G6: $/kWh
C7: 47515 | D7: =+VLOOKUP(C7,'PLANA P7'!$A$4:$AD$55,30,FALSE) -> 33600000
C8: 47543 | D8: =+VLOOKUP(C8,'PLANA P7'!$A$4:$AD$55,30,FALSE) -> 37200000
C9: 47574 | D9: =+VLOOKUP(C9,'PLANA P7'!$A$4:$AD$55,30,FALSE) -> 36000000
C10: 47604 | D10: =+VLOOKUP(C10,'PLANA P7'!$A$4:$AD$55,30,FALSE) -> 37200000
C11: 47635 | D11: =+VLOOKUP(C11,'PLANA P7'!$A$4:$AD$55,30,FALSE) -> 36000000
C12: 47665 | D12: =+VLOOKUP(C12,'PLANA P7'!$A$4:$AD$55,30,FALSE) -> 37200000
C13: 47696 | D13: =+VLOOKUP(C13,'PLANA P7'!$A$4:$AD$55,30,FALSE) -> 37200000
C14: 47727 | D14: =+VLOOKUP(C14,'PLANA P7'!$A$4:$AD$55,30,FALSE) -> 36000000
C15: 47757 | D15: =+VLOOKUP(C15,'PLANA P7'!$A$4:$AD$55,30,FALSE) -> 37200000
C16: 47788 | D16: =+VLOOKUP(C16,'PLANA P7'!$A$4:$AD$55,30,FALSE) -> 36000000
C17: 47818 | D17: =+VLOOKUP(C17,'PLANA P7'!$A$4:$AD$55,30,FALSE) -> 37200000
D18: =SUM(D6:D17) -> 438000000
D20: =D18/1000000 -> 438
D21: =D20*1000 -> 438000

Sheet PLANA P7
A1: Curva de distribucion en kwh
A2: * La energia a ofertar debe ser expresada únicamente en kilovatio (kWh) redondeado a cero decimales
A4: TOTAL | C4: =+AD55 -> 438000000
A5: MES | B5: DÍA | C5: HORA 01 | D5: HORA 02 | E5: HORA 03 | F5: HORA 04 | G5: HORA 05 | H5: HORA 06 | I5: HORA 07 | J5: HORA 08 | K5: HORA 09 | L5: HORA 10 | M5: HORA 11 | N5: HORA 12 | O5: HORA 13 | P5: HORA 14 | Q5: HORA 15 | R5: HORA 16 | S5: HORA 17 | T5: HORA 18 | U5: HORA 19 | V5: HORA 20 | W5: HORA 21 | X5: HORA 22 | Y5: HORA 23 | Z5: HORA 24 | AA5: TOTAL DÍA | AB5: NUMERO DÍAS | AC5: TOTAL DÍA MES | AD5: TOTAL MES
A7: 47484 | B7: Hábil | C7: 50000 | D7: 50000 | E7: 50000 | F7: 50000 | G7: 50000 | H7: 50000 | I7: 50000 | J7: 50000 | K7: 50000 | L7: 50000 | M7: 50000 | N7: 50000 | O7: 50000 | P7: 50000 | Q7: 50000 | R7: 50000 | S7: 50000 | T7: 50000 | U7: 50000 | V7: 50000 | W7: 50000 | X7: 50000 | Y7: 50000 | Z7: 50000 | AA7: =SUM(C7:Z7) -> 1200000 | AB7: 21 | AC7: =+AA7*AB7 -> 25200000 | AD7: =+SUM(AC7:AC10) -> 37200000
B8: Sábado | C8: 50000 | D8: 50000 | E8: 50000 | F8: 50000 | G8: 50000 | H8: 50000 | I8: 50000 | J8: 50000 | K8: 50000 | L8: 50000 | M8: 50000 | N8: 50000 | O8: 50000 | P8: 50000 | Q8: 50000 | R8: 50000 | S8: 50000 | T8: 50000 | U8: 50000 | V8: 50000 | W8: 50000 | X8: 50000 | Y8: 50000 | Z8: 50000 | AA8: =SUM(C8:Z8) -> 1200000 | AB8: 4 | AC8: =+AA8*AB8 -> 4800000
B9: Domingo | C9: 50000 | D9: 50000 | E9: 50000 | F9: 50000 | G9: 50000 | H9: 50000 | I9: 50000 | J9: 50000 | K9: 50000 | L9: 50000 | M9: 50000 | N9: 50000 | O9: 50000 | P9: 50000 | Q9: 50000 | R9: 50000 | S9: 50000 | T9: 50000 | U9: 50000 | V9: 50000 | W9: 50000 | X9: 50000 | Y9: 50000 | Z9: 50000 | AA9: =SUM(C9:Z9) -> 1200000 | AB9: 4 | AC9: =+AA9*AB9 -> 4800000
B10: Festivo | C10: 50000 | D10: 50000 | E10: 50000 | F10: 50000 | G10: 50000 | H10: 50000 | I10: 50000 | J10: 50000 | K10: 50000 | L10: 50000 | M10: 50000 | N10: 50000 | O10: 50000 | P10: 50000 | Q10: 50000 | R10: 50000 | S10: 50000 | T10: 50000 | U10: 50000 | V10: 50000 | W10: 50000 | X10: 50000 | Y10: 50000 | Z10: 50000 | AA10: =SUM(C10:Z10) -> 1200000 | AB10: 2 | AC10: =+AA10*AB10 -> 2400000
A11: 47515 | B11: Hábil | C11: 50000 | D11: 50000 | E11: 50000 | F11: 50000 | G11: 50000 | H11: 50000 | I11: 50000 | J11: 50000 | K11: 50000 | L11: 50000 | M11: 50000 | N11: 50000 | O11: 50000 | P11: 50000 | Q11: 50000 | R11: 50000 | S11: 50000 | T11: 50000 | U11: 50000 | V11: 50000 | W11: 50000 | X11: 50000 | Y11: 50000 | Z11: 50000 | AA11: =SUM(C11:Z11) -> 1200000 | AB11: 20 | AC11: =+AA11*AB11 -> 24000000 | AD11: =+SUM(AC11:AC14) -> 33600000
B12: Sábado | C12: 50000 | D12: 50000 | E12: 50000 | F12: 50000 | G12: 50000 | H12: 50000 | I12: 50000 | J12: 50000 | K12: 50000 | L12: 50000 | M12: 50000 | N12: 50000 | O12: 50000 | P12: 50000 | Q12: 50000 | R12: 50000 | S12: 50000 | T12: 50000 | U12: 50000 | V12: 50000 | W12: 50000 | X12: 50000 | Y12: 50000 | Z12: 50000 | AA12: =SUM(C12:Z12) -> 1200000 | AB12: 4 | AC12: =+AA12*AB12 -> 4800000
B13: Domingo | C13: 50000 | D13: 50000 | E13: 50000 | F13: 50000 | G13: 50000 | H13: 50000 | I13: 50000 | J13: 50000 | K13: 50000 | L13: 50000 | M13: 50000 | N13: 50000 | O13: 50000 | P13: 50000 | Q13: 50000 | R13: 50000 | S13: 50000 | T13: 50000 | U13: 50000 | V13: 50000 | W13: 50000 | X13: 50000 | Y13: 50000 | Z13: 50000 | AA13: =SUM(C13:Z13) -> 1200000 | AB13: 4 | AC13: =+AA13*AB13 -> 4800000
B14: Festivo | C14: 0 | D14: 0 | E14: 0 | F14: 0 | G14: 0 | H14: 0 | I14: 0 | J14: 0 | K14: 0 | L14: 0 | M14: 0 | N14: 0 | O14: 0 | P14: 0 | Q14: 0 | R14: 0 | S14: 0 | T14: 0 | U14: 0 | V14: 0 | W14: 0 | X14: 0 | Y14: 0 | Z14: 0 | AA14: =SUM(C14:Z14) -> 0 | AB14: 0 | AC14: =+AA14*AB14 -> 0
A15: 47543 | B15: Hábil | C15: 50000 | D15: 50000 | E15: 50000 | F15: 50000 | G15: 50000 | H15: 50000 | I15: 50000 | J15: 50000 | K15: 50000 | L15: 50000 | M15: 50000 | N15: 50000 | O15: 50000 | P15: 50000 | Q15: 50000 | R15: 50000 | S15: 50000 | T15: 50000 | U15: 50000 | V15: 50000 | W15: 50000 | X15: 50000 | Y15: 50000 | Z15: 50000 | AA15: =SUM(C15:Z15) -> 1200000 | AB15: 20 | AC15: =+AA15*AB15 -> 24000000 | AD15: =+SUM(AC15:AC18) -> 37200000
B16: Sábado | C16: 50000 | D16: 50000 | E16: 50000 | F16: 50000 | G16: 50000 | H16: 50000 | I16: 50000 | J16: 50000 | K16: 50000 | L16: 50000 | M16: 50000 | N16: 50000 | O16: 50000 | P16: 50000 | Q16: 50000 | R16: 50000 | S16: 50000 | T16: 50000 | U16: 50000 | V16: 50000 | W16: 50000 | X16: 50000 | Y16: 50000 | Z16: 50000 | AA16: =SUM(C16:Z16) -> 1200000 | AB16: 5 | AC16: =+AA16*AB16 -> 6000000
B17: Domingo | C17: 50000 | D17: 50000 | E17: 50000 | F17: 50000 | G17: 50000 | H17: 50000 | I17: 50000 | J17: 50000 | K17: 50000 | L17: 50000 | M17: 50000 | N17: 50000 | O17: 50000 | P17: 50000 | Q17: 50000 | R17: 50000 | S17: 50000 | T17: 50000 | U17: 50000 | V17: 50000 | W17: 50000 | X17: 50000 | Y17: 50000 | Z17: 50000 | AA17: =SUM(C17:Z17) -> 1200000 | AB17: 5 | AC17: =+AA17*AB17 -> 6000000
B18: Festivo | C18: 50000 | D18: 50000 | E18: 50000 | F18: 50000 | G18: 50000 | H18: 50000 | I18: 50000 | J18: 50000 | K18: 50000 | L18: 50000 | M18: 50000 | N18: 50000 | O18: 50000 | P18: 50000 | Q18: 50000 | R18: 50000 | S18: 50000 | T18: 50000 | U18: 50000 | V18: 50000 | W18: 50000 | X18: 50000 | Y18: 50000 | Z18: 50000 | AA18: =SUM(C18:Z18) -> 1200000 | AB18: 1 | AC18: =+AA18*AB18 -> 1200000
A19: 47574 | B19: Hábil | C19: 50000 | D19: 50000 | E19: 50000 | F19: 50000 | G19: 50000 | H19: 50000 | I19: 50000 | J19: 50000 | K19: 50000 | L19: 50000 | M19: 50000 | N19: 50000 | O19: 50000 | P19: 50000 | Q19: 50000 | R19: 50000 | S19: 50000 | T19: 50000 | U19: 50000 | V19: 50000 | W19: 50000 | X19: 50000 | Y19: 50000 | Z19: 50000 | AA19: =SUM(C19:Z19) -> 1200000 | AB19: 20 | AC19: =+AA19*AB19 -> 24000000 | AD19: =+SUM(AC19:AC22) -> 36000000
B20: Sábado | C20: 50000 | D20: 50000 | E20: 50000 | F20: 50000 | G20: 50000 | H20: 50000 | I20: 50000 | J20: 50000 | K20: 50000 | L20: 50000 | M20: 50000 | N20: 50000 | O20: 50000 | P20: 50000 | Q20: 50000 | R20: 50000 | S20: 50000 | T20: 50000 | U20: 50000 | V20: 50000 | W20: 50000 | X20: 50000 | Y20: 50000 | Z20: 50000 | AA20: =SUM(C20:Z20) -> 1200000 | AB20: 4 | AC20: =+AA20*AB20 -> 4800000
B21: Domingo | C21: 50000 | D21: 50000 | E21: 50000 | F21: 50000 | G21: 50000 | H21: 50000 | I21: 50000 | J21: 50000 | K21: 50000 | L21: 50000 | M21: 50000 | N21: 50000 | O21: 50000 | P21: 50000 | Q21: 50000 | R21: 50000 | S21: 50000 | T21: 50000 | U21: 50000 | V21: 50000 | W21: 50000 | X21: 50000 | Y21: 50000 | Z21: 50000 | AA21: =SUM(C21:Z21) -> 1200000 | AB21: 4 | AC21: =+AA21*AB21 -> 4800000
B22: Festivo | C22: 50000 | D22: 50000 | E22: 50000 | F22: 50000 | G22: 50000 | H22: 50000 | I22: 50000 | J22: 50000 | K22: 50000 | L22: 50000 | M22: 50000 | N22: 50000 | O22: 50000 | P22: 50000 | Q22: 50000 | R22: 50000 | S22: 50000 | T22: 50000 | U22: 50000 | V22: 50000 | W22: 50000 | X22: 50000 | Y22: 50000 | Z22: 50000 | AA22: =SUM(C22:Z22) -> 1200000 | AB22: 2 | AC22: =+AA22*AB22 -> 2400000
A23: 47604 | B23: Hábil | C23: 50000 | D23: 50000 | E23: 50000 | F23: 50000 | G23: 50000 | H23: 50000 | I23: 50000 | J23: 50000 | K23: 50000 | L23: 50000 | M23: 50000 | N23: 50000 | O23: 50000 | P23: 50000 | Q23: 50000 | R23: 50000 | S23: 50000 | T23: 50000 | U23: 50000 | V23: 50000 | W23: 50000 | X23: 50000 | Y23: 50000 | Z23: 50000 | AA23: =SUM(C23:Z23) -> 1200000 | AB23: 22 | AC23: =+AA23*AB23 -> 26400000 | AD23: =+SUM(AC23:AC26) -> 37200000
B24: Sábado | C24: 50000 | D24: 50000 | E24: 50000 | F24: 50000 | G24: 50000 | H24: 50000 | I24: 50000 | J24: 50000 | K24: 50000 | L24: 50000 | M24: 50000 | N24: 50000 | O24: 50000 | P24: 50000 | Q24: 50000 | R24: 50000 | S24: 50000 | T24: 50000 | U24: 50000 | V24: 50000 | W24: 50000 | X24: 50000 | Y24: 50000 | Z24: 50000 | AA24: =SUM(C24:Z24) -> 1200000 | AB24: 4 | AC24: =+AA24*AB24 -> 4800000
B25: Domingo | C25: 50000 | D25: 50000 | E25: 50000 | F25: 50000 | G25: 50000 | H25: 50000 | I25: 50000 | J25: 50000 | K25: 50000 | L25: 50000 | M25: 50000 | N25: 50000 | O25: 50000 | P25: 50000 | Q25: 50000 | R25: 50000 | S25: 50000 | T25: 50000 | U25: 50000 | V25: 50000 | W25: 50000 | X25: 50000 | Y25: 50000 | Z25: 50000 | AA25: =SUM(C25:Z25) -> 1200000 | AB25: 4 | AC25: =+AA25*AB25 -> 4800000
B26: Festivo | C26: 50000 | D26: 50000 | E26: 50000 | F26: 50000 | G26: 50000 | H26: 50000 | I26: 50000 | J26: 50000 | K26: 50000 | L26: 50000 | M26: 50000 | N26: 50000 | O26: 50000 | P26: 50000 | Q26: 50000 | R26: 50000 | S26: 50000 | T26: 50000 | U26: 50000 | V26: 50000 | W26: 50000 | X26: 50000 | Y26: 50000 | Z26: 50000 | AA26: =SUM(C26:Z26) -> 1200000 | AB26: 1 | AC26: =+AA26*AB26 -> 1200000
A27: 47635 | B27: Hábil | C27: 50000 | D27: 50000 | E27: 50000 | F27: 50000 | G27: 50000 | H27: 50000 | I27: 50000 | J27: 50000 | K27: 50000 | L27: 50000 | M27: 50000 | N27: 50000 | O27: 50000 | P27: 50000 | Q27: 50000 | R27: 50000 | S27: 50000 | T27: 50000 | U27: 50000 | V27: 50000 | W27: 50000 | X27: 50000 | Y27: 50000 | Z27: 50000 | AA27: =SUM(C27:Z27) -> 1200000 | AB27: 18 | AC27: =+AA27*AB27 -> 21600000 | AD27: =+SUM(AC27:AC30) -> 36000000
B28: Sábado | C28: 50000 | D28: 50000 | E28: 50000 | F28: 50000 | G28: 50000 | H28: 50000 | I28: 50000 | J28: 50000 | K28: 50000 | L28: 50000 | M28: 50000 | N28: 50000 | O28: 50000 | P28: 50000 | Q28: 50000 | R28: 50000 | S28: 50000 | T28: 50000 | U28: 50000 | V28: 50000 | W28: 50000 | X28: 50000 | Y28: 50000 | Z28: 50000 | AA28: =SUM(C28:Z28) -> 1200000 | AB28: 5 | AC28: =+AA28*AB28 -> 6000000
B29: Domingo | C29: 50000 | D29: 50000 | E29: 50000 | F29: 50000 | G29: 50000 | H29: 50000 | I29: 50000 | J29: 50000 | K29: 50000 | L29: 50000 | M29: 50000 | N29: 50000 | O29: 50000 | P29: 50000 | Q29: 50000 | R29: 50000 | S29: 50000 | T29: 50000 | U29: 50000 | V29: 50000 | W29: 50000 | X29: 50000 | Y29: 50000 | Z29: 50000 | AA29: =SUM(C29:Z29) -> 1200000 | AB29: 5 | AC29: =+AA29*AB29 -> 6000000
B30: Festivo | C30: 50000 | D30: 50000 | E30: 50000 | F30: 50000 | G30: 50000 | H30: 50000 | I30: 50000 | J30: 50000 | K30: 50000 | L30: 50000 | M30: 50000 | N30: 50000 | O30: 50000 | P30: 50000 | Q30: 50000 | R30: 50000 | S30: 50000 | T30: 50000 | U30: 50000 | V30: 50000 | W30: 50000 | X30: 50000 | Y30: 50000 | Z30: 50000 | AA30: =SUM(C30:Z30) -> 1200000 | AB30: 2 | AC30: =+AA30*AB30 -> 2400000
A31: 47665 | B31: Hábil | C31: 50000 | D31: 50000 | E31: 50000 | F31: 50000 | G31: 50000 | H31: 50000 | I31: 50000 | J31: 50000 | K31: 50000 | L31: 50000 | M31: 50000 | N31: 50000 | O31: 50000 | P31: 50000 | Q31: 50000 | R31: 50000 | S31: 50000 | T31: 50000 | U31: 50000 | V31: 50000 | W31: 50000 | X31: 50000 | Y31: 50000 | Z31: 50000 | AA31: =SUM(C31:Z31) -> 1200000 | AB31: 22 | AC31: =+AA31*AB31 -> 26400000 | AD31: =+SUM(AC31:AC34) -> 37200000
B32: Sábado | C32: 50000 | D32: 50000 | E32: 50000 | F32: 50000 | G32: 50000 | H32: 50000 | I32: 50000 | J32: 50000 | K32: 50000 | L32: 50000 | M32: 50000 | N32: 50000 | O32: 50000 | P32: 50000 | Q32: 50000 | R32: 50000 | S32: 50000 | T32: 50000 | U32: 50000 | V32: 50000 | W32: 50000 | X32: 50000 | Y32: 50000 | Z32: 50000 | AA32: =SUM(C32:Z32) -> 1200000 | AB32: 3 | AC32: =+AA32*AB32 -> 3600000
B33: Domingo | C33: 50000 | D33: 50000 | E33: 50000 | F33: 50000 | G33: 50000 | H33: 50000 | I33: 50000 | J33: 50000 | K33: 50000 | L33: 50000 | M33: 50000 | N33: 50000 | O33: 50000 | P33: 50000 | Q33: 50000 | R33: 50000 | S33: 50000 | T33: 50000 | U33: 50000 | V33: 50000 | W33: 50000 | X33: 50000 | Y33: 50000 | Z33: 50000 | AA33: =SUM(C33:Z33) -> 1200000 | AB33: 4 | AC33: =+AA33*AB33 -> 4800000
B34: Festivo | C34: 50000 | D34: 50000 | E34: 50000 | F34: 50000 | G34: 50000 | H34: 50000 | I34: 50000 | J34: 50000 | K34: 50000 | L34: 50000 | M34: 50000 | N34: 50000 | O34: 50000 | P34: 50000 | Q34: 50000 | R34: 50000 | S34: 50000 | T34: 50000 | U34: 50000 | V34: 50000 | W34: 50000 | X34: 50000 | Y34: 50000 | Z34: 50000 | AA34: =SUM(C34:Z34) -> 1200000 | AB34: 2 | AC34: =+AA34*AB34 -> 2400000
A35: 47696 | B35: Hábil | C35: 50000 | D35: 50000 | E35: 50000 | F35: 50000 | G35: 50000 | H35: 50000 | I35: 50000 | J35: 50000 | K35: 50000 | L35: 50000 | M35: 50000 | N35: 50000 | O35: 50000 | P35: 50000 | Q35: 50000 | R35: 50000 | S35: 50000 | T35: 50000 | U35: 50000 | V35: 50000 | W35: 50000 | X35: 50000 | Y35: 50000 | Z35: 50000 | AA35: =SUM(C35:Z35) -> 1200000 | AB35: 20 | AC35: =+AA35*AB35 -> 24000000 | AD35: =+SUM(AC35:AC38) -> 37200000
B36: Sábado | C36: 50000 | D36: 50000 | E36: 50000 | F36: 50000 | G36: 50000 | H36: 50000 | I36: 50000 | J36: 50000 | K36: 50000 | L36: 50000 | M36: 50000 | N36: 50000 | O36: 50000 | P36: 50000 | Q36: 50000 | R36: 50000 | S36: 50000 | T36: 50000 | U36: 50000 | V36: 50000 | W36: 50000 | X36: 50000 | Y36: 50000 | Z36: 50000 | AA36: =SUM(C36:Z36) -> 1200000 | AB36: 5 | AC36: =+AA36*AB36 -> 6000000
B37: Domingo | C37: 50000 | D37: 50000 | E37: 50000 | F37: 50000 | G37: 50000 | H37: 50000 | I37: 50000 | J37: 50000 | K37: 50000 | L37: 50000 | M37: 50000 | N37: 50000 | O37: 50000 | P37: 50000 | Q37: 50000 | R37: 50000 | S37: 50000 | T37: 50000 | U37: 50000 | V37: 50000 | W37: 50000 | X37: 50000 | Y37: 50000 | Z37: 50000 | AA37: =SUM(C37:Z37) -> 1200000 | AB37: 4 | AC37: =+AA37*AB37 -> 4800000
B38: Festivo | C38: 50000 | D38: 50000 | E38: 50000 | F38: 50000 | G38: 50000 | H38: 50000 | I38: 50000 | J38: 50000 | K38: 50000 | L38: 50000 | M38: 50000 | N38: 50000 | O38: 50000 | P38: 50000 | Q38: 50000 | R38: 50000 | S38: 50000 | T38: 50000 | U38: 50000 | V38: 50000 | W38: 50000 | X38: 50000 | Y38: 50000 | Z38: 50000 | AA38: =SUM(C38:Z38) -> 1200000 | AB38: 2 | AC38: =+AA38*AB38 -> 2400000
A39: 47727 | B39: Hábil | C39: 50000 | D39: 50000 | E39: 50000 | F39: 50000 | G39: 50000 | H39: 50000 | I39: 50000 | J39: 50000 | K39: 50000 | L39: 50000 | M39: 50000 | N39: 50000 | O39: 50000 | P39: 50000 | Q39: 50000 | R39: 50000 | S39: 50000 | T39: 50000 | U39: 50000 | V39: 50000 | W39: 50000 | X39: 50000 | Y39: 50000 | Z39: 50000 | AA39: =SUM(C39:Z39) -> 1200000 | AB39: 21 | AC39: =+AA39*AB39 -> 25200000 | AD39: =+SUM(AC39:AC42) -> 36000000
B40: Sábado | C40: 50000 | D40: 50000 | E40: 50000 | F40: 50000 | G40: 50000 | H40: 50000 | I40: 50000 | J40: 50000 | K40: 50000 | L40: 50000 | M40: 50000 | N40: 50000 | O40: 50000 | P40: 50000 | Q40: 50000 | R40: 50000 | S40: 50000 | T40: 50000 | U40: 50000 | V40: 50000 | W40: 50000 | X40: 50000 | Y40: 50000 | Z40: 50000 | AA40: =SUM(C40:Z40) -> 1200000 | AB40: 4 | AC40: =+AA40*AB40 -> 4800000
B41: Domingo | C41: 50000 | D41: 50000 | E41: 50000 | F41: 50000 | G41: 50000 | H41: 50000 | I41: 50000 | J41: 50000 | K41: 50000 | L41: 50000 | M41: 50000 | N41: 50000 | O41: 50000 | P41: 50000 | Q41: 50000 | R41: 50000 | S41: 50000 | T41: 50000 | U41: 50000 | V41: 50000 | W41: 50000 | X41: 50000 | Y41: 50000 | Z41: 50000 | AA41: =SUM(C41:Z41) -> 1200000 | AB41: 5 | AC41: =+AA41*AB41 -> 6000000
B42: Festivo | C42: 0 | D42: 0 | E42: 0 | F42: 0 | G42: 0 | H42: 0 | I42: 0 | J42: 0 | K42: 0 | L42: 0 | M42: 0 | N42: 0 | O42: 0 | P42: 0 | Q42: 0 | R42: 0 | S42: 0 | T42: 0 | U42: 0 | V42: 0 | W42: 0 | X42: 0 | Y42: 0 | Z42: 0 | AA42: =SUM(C42:Z42) -> 0 | AB42: 0 | AC42: =+AA42*AB42 -> 0
A43: 47757 | B43: Hábil | C43: 50000 | D43: 50000 | E43: 50000 | F43: 50000 | G43: 50000 | H43: 50000 | I43: 50000 | J43: 50000 | K43: 50000 | L43: 50000 | M43: 50000 | N43: 50000 | O43: 50000 | P43: 50000 | Q43: 50000 | R43: 50000 | S43: 50000 | T43: 50000 | U43: 50000 | V43: 50000 | W43: 50000 | X43: 50000 | Y43: 50000 | Z43: 50000 | AA43: =SUM(C43:Z43) -> 1200000 | AB43: 22 | AC43: =+AA43*AB43 -> 26400000 | AD43: =+SUM(AC43:AC46) -> 37200000
B44: Sábado | C44: 50000 | D44: 50000 | E44: 50000 | F44: 50000 | G44: 50000 | H44: 50000 | I44: 50000 | J44: 50000 | K44: 50000 | L44: 50000 | M44: 50000 | N44: 50000 | O44: 50000 | P44: 50000 | Q44: 50000 | R44: 50000 | S44: 50000 | T44: 50000 | U44: 50000 | V44: 50000 | W44: 50000 | X44: 50000 | Y44: 50000 | Z44: 50000 | AA44: =SUM(C44:Z44) -> 1200000 | AB44: 4 | AC44: =+AA44*AB44 -> 4800000
B45: Domingo | C45: 50000 | D45: 50000 | E45: 50000 | F45: 50000 | G45: 50000 | H45: 50000 | I45: 50000 | J45: 50000 | K45: 50000 | L45: 50000 | M45: 50000 | N45: 50000 | O45: 50000 | P45: 50000 | Q45: 50000 | R45: 50000 | S45: 50000 | T45: 50000 | U45: 50000 | V45: 50000 | W45: 50000 | X45: 50000 | Y45: 50000 | Z45: 50000 | AA45: =SUM(C45:Z45) -> 1200000 | AB45: 4 | AC45: =+AA45*AB45 -> 4800000
B46: Festivo | C46: 50000 | D46: 50000 | E46: 50000 | F46: 50000 | G46: 50000 | H46: 50000 | I46: 50000 | J46: 50000 | K46: 50000 | L46: 50000 | M46: 50000 | N46: 50000 | O46: 50000 | P46: 50000 | Q46: 50000 | R46: 50000 | S46: 50000 | T46: 50000 | U46: 50000 | V46: 50000 | W46: 50000 | X46: 50000 | Y46: 50000 | Z46: 50000 | AA46: =SUM(C46:Z46) -> 1200000 | AB46: 1 | AC46: =+AA46*AB46 -> 1200000
A47: 47788 | B47: Hábil | C47: 50000 | D47: 50000 | E47: 50000 | F47: 50000 | G47: 50000 | H47: 50000 | I47: 50000 | J47: 50000 | K47: 50000 | L47: 50000 | M47: 50000 | N47: 50000 | O47: 50000 | P47: 50000 | Q47: 50000 | R47: 50000 | S47: 50000 | T47: 50000 | U47: 50000 | V47: 50000 | W47: 50000 | X47: 50000 | Y47: 50000 | Z47: 50000 | AA47: =SUM(C47:Z47) -> 1200000 | AB47: 19 | AC47: =+AA47*AB47 -> 22800000 | AD47: =+SUM(AC47:AC50) -> 36000000
B48: Sábado | C48: 50000 | D48: 50000 | E48: 50000 | F48: 50000 | G48: 50000 | H48: 50000 | I48: 50000 | J48: 50000 | K48: 50000 | L48: 50000 | M48: 50000 | N48: 50000 | O48: 50000 | P48: 50000 | Q48: 50000 | R48: 50000 | S48: 50000 | T48: 50000 | U48: 50000 | V48: 50000 | W48: 50000 | X48: 50000 | Y48: 50000 | Z48: 50000 | AA48: =SUM(C48:Z48) -> 1200000 | AB48: 5 | AC48: =+AA48*AB48 -> 6000000
B49: Domingo | C49: 50000 | D49: 50000 | E49: 50000 | F49: 50000 | G49: 50000 | H49: 50000 | I49: 50000 | J49: 50000 | K49: 50000 | L49: 50000 | M49: 50000 | N49: 50000 | O49: 50000 | P49: 50000 | Q49: 50000 | R49: 50000 | S49: 50000 | T49: 50000 | U49: 50000 | V49: 50000 | W49: 50000 | X49: 50000 | Y49: 50000 | Z49: 50000 | AA49: =SUM(C49:Z49) -> 1200000 | AB49: 4 | AC49: =+AA49*AB49 -> 4800000
B50: Festivo | C50: 50000 | D50: 50000 | E50: 50000 | F50: 50000 | G50: 50000 | H50: 50000 | I50: 50000 | J50: 50000 | K50: 50000 | L50: 50000 | M50: 50000 | N50: 50000 | O50: 50000 | P50: 50000 | Q50: 50000 | R50: 50000 | S50: 50000 | T50: 50000 | U50: 50000 | V50: 50000 | W50: 50000 | X50: 50000 | Y50: 50000 | Z50: 50000 | AA50: =SUM(C50:Z50) -> 1200000 | AB50: 2 | AC50: =+AA50*AB50 -> 2400000
A51: 47818 | B51: Hábil | C51: 50000 | D51: 50000 | E51: 50000 | F51: 50000 | G51: 50000 | H51: 50000 | I51: 50000 | J51: 50000 | K51: 50000 | L51: 50000 | M51: 50000 | N51: 50000 | O51: 50000 | P51: 50000 | Q51: 50000 | R51: 50000 | S51: 50000 | T51: 50000 | U51: 50000 | V51: 50000 | W51: 50000 | X51: 50000 | Y51: 50000 | Z51: 50000 | AA51: =SUM(C51:Z51) -> 1200000 | AB51: 21 | AC51: =+AA51*AB51 -> 25200000 | AD51: =+SUM(AC51:AC54) -> 37200000
B52: Sábado | C52: 50000 | D52: 50000 | E52: 50000 | F52: 50000 | G52: 50000 | H52: 50000 | I52: 50000 | J52: 50000 | K52: 50000 | L52: 50000 | M52: 50000 | N52: 50000 | O52: 50000 | P52: 50000 | Q52: 50000 | R52: 50000 | S52: 50000 | T52: 50000 | U52: 50000 | V52: 50000 | W52: 50000 | X52: 50000 | Y52: 50000 | Z52: 50000 | AA52: =SUM(C52:Z52) -> 1200000 | AB52: 4 | AC52: =+AA52*AB52 -> 4800000
B53: Domingo | C53: 50000 | D53: 50000 | E53: 50000 | F53: 50000 | G53: 50000 | H53: 50000 | I53: 50000 | J53: 50000 | K53: 50000 | L53: 50000 | M53: 50000 | N53: 50000 | O53: 50000 | P53: 50000 | Q53: 50000 | R53: 50000 | S53: 50000 | T53: 50000 | U53: 50000 | V53: 50000 | W53: 50000 | X53: 50000 | Y53: 50000 | Z53: 50000 | AA53: =SUM(C53:Z53) -> 1200000 | AB53: 5 | AC53: =+AA53*AB53 -> 6000000
B54: Festivo | C54: 50000 | D54: 50000 | E54: 50000 | F54: 50000 | G54: 50000 | H54: 50000 | I54: 50000 | J54: 50000 | K54: 50000 | L54: 50000 | M54: 50000 | N54: 50000 | O54: 50000 | P54: 50000 | Q54: 50000 | R54: 50000 | S54: 50000 | T54: 50000 | U54: 50000 | V54: 50000 | W54: 50000 | X54: 50000 | Y54: 50000 | Z54: 50000 | AA54: =SUM(C54:Z54) -> 1200000 | AB54: 1 | AC54: =+AA54*AB54 -> 1200000
AD55: =+SUM(AD7:AD54) -> 438000000

Sheet OF P8
C1: * La energia a ofertar debe ser expresada únicamente en kilovatio (kWh) redondeado a cero decimales
C4: OFERTA PRODUCTO 8
C5: MES | D5: ENERGIA SOLICITADA (KWh) | E5: % | F5: ENERGIA OFERTADA (KWh) | G5: PRECIO $/kWh
C6: 47849 | D6: =+VLOOKUP(C6,'CURVA P8'!$A$4:$AD$55,30,FALSE) -> 39072423 | E6: % | G6: $/kWh
C7: 47880 | D7: =+VLOOKUP(C7,'CURVA P8'!$A$4:$AD$55,30,FALSE) -> 41473312
C8: 47908 | D8: =+VLOOKUP(C8,'CURVA P8'!$A$4:$AD$55,30,FALSE) -> 38941727
C9: 47939 | D9: =+VLOOKUP(C9,'CURVA P8'!$A$4:$AD$55,30,FALSE) -> 41085624
C10: 47969 | D10: =+VLOOKUP(C10,'CURVA P8'!$A$4:$AD$55,30,FALSE) -> 41407219
C11: 48000 | D11: =+VLOOKUP(C11,'CURVA P8'!$A$4:$AD$55,30,FALSE) -> 42678135
C12: 48030 | D12: =+VLOOKUP(C12,'CURVA P8'!$A$4:$AD$55,30,FALSE) -> 40899356
C13: 48061 | D13: =+VLOOKUP(C13,'CURVA P8'!$A$4:$AD$55,30,FALSE) -> 42547608
C14: 48092 | D14: =+VLOOKUP(C14,'CURVA P8'!$A$4:$AD$55,30,FALSE) -> 44164596
C15: 48122 | D15: =+VLOOKUP(C15,'CURVA P8'!$A$4:$AD$55,30,FALSE) -> 43421099
C16: 48153 | D16: =+VLOOKUP(C16,'CURVA P8'!$A$4:$AD$55,30,FALSE) -> 42950492
C17: 48183 | D17: =+VLOOKUP(C17,'CURVA P8'!$A$4:$AD$55,30,FALSE) -> 41505243
D18: =SUM(D6:D17) -> 500146834
D20: =D18/1000000 -> 500.14683
D21: =D20*1000 -> 500146.83

Sheet CURVA P8
A1: Curva de distribucion en kwh
A2: * La energia a ofertar debe ser expresada únicamente en kilovatio (kWh) redondeado a cero decimales
A4: TOTAL | C4: =+AD55 -> 500146834
A5: MES | B5: DÍA | C5: HORA 01 | D5: HORA 02 | E5: HORA 03 | F5: HORA 04 | G5: HORA 05 | H5: HORA 06 | I5: HORA 07 | J5: HORA 08 | K5: HORA 09 | L5: HORA 10 | M5: HORA 11 | N5: HORA 12 | O5: HORA 13 | P5: HORA 14 | Q5: HORA 15 | R5: HORA 16 | S5: HORA 17 | T5: HORA 18 | U5: HORA 19 | V5: HORA 20 | W5: HORA 21 | X5: HORA 22 | Y5: HORA 23 | Z5: HORA 24 | AA5: TOTAL DÍA | AB5: NUMERO DÍAS | AC5: TOTAL DÍA MES | AD5: TOTAL MES
A7: 47849 | B7: Hábil | C7: 55369 | D7: 52072 | E7: 49437 | F7: 47513 | G7: 46927 | H7: 48157 | I7: 48844 | J7: 41471 | K7: 36741 | L7: 36013 | M7: 36937 | N7: 36255 | O7: 33432 | P7: 43474 | Q7: 58643 | R7: 68778 | S7: 72392 | T7: 75481 | U7: 78732 | V7: 77593 | W7: 76047 | X7: 73588 | Y7: 68708 | Z7: 62261 | AA7: =SUM(C7:Z7) -> 1324865 | AB7: 21 | AC7: =+AA7*AB7 -> 27822165 | AD7: =+SUM(AC7:AC10) -> 39072423
B8: Sábado | C8: 57195 | D8: 53558 | E8: 50624 | F8: 48453 | G8: 47600 | H8: 48028 | I8: 47944 | J8: 39641 | K8: 34908 | L8: 34067 | M8: 34339 | N8: 33126 | O8: 32118 | P8: 38055 | Q8: 48947 | R8: 58079 | S8: 61722 | T8: 68212 | U8: 74954 | V8: 74568 | W8: 72150 | X8: 69687 | Y8: 66283 | Z8: 61686 | AA8: =SUM(C8:Z8) -> 1255944 | AB8: 4 | AC8: =+AA8*AB8 -> 5023776
B9: Domingo | C9: 56367 | D9: 52960 | E9: 50105 | F9: 47850 | G9: 46570 | H9: 45966 | I9: 44591 | J9: 32124 | K9: 23213 | L9: 20668 | M9: 19126 | N9: 17769 | O9: 20100 | P9: 25465 | Q9: 35080 | R9: 44932 | S9: 50127 | T9: 58761 | U9: 66840 | V9: 69075 | W9: 68732 | X9: 67497 | Y9: 63711 | Z9: 58421 | AA9: =SUM(C9:Z9) -> 1086050 | AB9: 4 | AC9: =+AA9*AB9 -> 4344200
B10: Festivo | C10: 46962 | D10: 45299 | E10: 43834 | F10: 42343 | G10: 41575 | H10: 40918 | I10: 38862 | J10: 25769 | K10: 16362 | L10: 13802 | M10: 12877 | N10: 11518 | O10: 13976 | P10: 19726 | Q10: 29113 | R10: 38642 | S10: 43312 | T10: 53806 | U10: 62491 | V10: 64082 | W10: 63175 | X10: 61289 | Y10: 57877 | Z10: 53531 | AA10: =SUM(C10:Z10) -> 941141 | AB10: 2 | AC10: =+AA10*AB10 -> 1882282
A11: 47880 | B11: Hábil | C11: 62934 | D11: 58921 | E11: 56106 | F11: 54214 | G11: 54157 | H11: 57494 | I11: 59339 | J11: 52649 | K11: 47076 | L11: 46046 | M11: 47047 | N11: 44817 | O11: 39435 | P11: 52342 | Q11: 69593 | R11: 80647 | S11: 84280 | T11: 85108 | U11: 86831 | V11: 86697 | W11: 85308 | X11: 82410 | Y11: 76217 | Z11: 68598 | AA11: =SUM(C11:Z11) -> 1538266 | AB11: 20 | AC11: =+AA11*AB11 -> 30765320 | AD11: =+SUM(AC11:AC14) -> 41473312
B12: Sábado | C12: 61288 | D12: 57396 | E12: 54654 | F12: 52745 | G12: 52107 | H12: 53183 | I12: 54628 | J12: 48095 | K12: 43674 | L12: 42853 | M12: 43096 | N12: 41275 | O12: 38722 | P12: 44439 | Q12: 56276 | R12: 66091 | S12: 69813 | T12: 74747 | U12: 80744 | V12: 81417 | W12: 78879 | X12: 76138 | Y12: 72599 | Z12: 67593 | AA12: =SUM(C12:Z12) -> 1412452 | AB12: 4 | AC12: =+AA12*AB12 -> 5649808
B13: Domingo | C13: 62719 | D13: 58607 | E13: 55760 | F13: 53488 | G13: 52211 | H13: 51856 | I13: 51092 | J13: 39365 | K13: 29755 | L13: 27353 | M13: 26058 | N13: 24818 | O13: 27253 | P13: 32667 | Q13: 43209 | R13: 54035 | S13: 59765 | T13: 66787 | U13: 74199 | V13: 78047 | W13: 78485 | X13: 77705 | Y13: 72939 | Z13: 66373 | AA13: =SUM(C13:Z13) -> 1264546 | AB13: 4 | AC13: =+AA13*AB13 -> 5058184
B14: Festivo | C14: 0 | D14: 0 | E14: 0 | F14: 0 | G14: 0 | H14: 0 | I14: 0 | J14: 0 | K14: 0 | L14: 0 | M14: 0 | N14: 0 | O14: 0 | P14: 0 | Q14: 0 | R14: 0 | S14: 0 | T14: 0 | U14: 0 | V14: 0 | W14: 0 | X14: 0 | Y14: 0 | Z14: 0 | AA14: =SUM(C14:Z14) -> 0 | AB14: 0 | AC14: =+AA14*AB14 -> 0
A15: 47908 | B15: Hábil | C15: 55211 | D15: 51479 | E15: 48908 | F15: 47064 | G15: 46903 | H15: 49172 | I15: 49753 | J15: 42706 | K15: 37351 | L15: 35876 | M15: 36363 | N15: 34532 | O15: 30372 | P15: 42101 | Q15: 57923 | R15: 68042 | S15: 71905 | T15: 74188 | U15: 76411 | V15: 76270 | W15: 75135 | X15: 72770 | Y15: 67659 | Z15: 61027 | AA15: =SUM(C15:Z15) -> 1309121 | AB15: 20 | AC15: =+AA15*AB15 -> 26182420 | AD15: =+SUM(AC15:AC18) -> 38941727
B16: Sábado | C16: 56962 | D16: 53048 | E16: 50296 | F16: 48094 | G16: 47152 | H16: 47409 | I16: 47946 | J16: 41236 | K16: 36346 | L16: 34999 | M16: 35125 | N16: 32994 | O16: 30776 | P16: 36429 | Q16: 47406 | R16: 56739 | S16: 60691 | T16: 66698 | U16: 72487 | V16: 72937 | W16: 70903 | X16: 68795 | Y16: 65968 | Z16: 61800 | AA16: =SUM(C16:Z16) -> 1243236 | AB16: 5 | AC16: =+AA16*AB16 -> 6216180
B17: Domingo | C17: 57247 | D17: 53458 | E17: 50784 | F17: 48611 | G17: 47326 | H17: 46554 | I17: 45023 | J17: 32968 | K17: 23819 | L17: 20718 | M17: 18665 | N17: 17585 | O17: 20012 | P17: 25461 | Q17: 35591 | R17: 45547 | S17: 50943 | T17: 58949 | U17: 65953 | V17: 69421 | W17: 70039 | X17: 69497 | Y17: 65360 | Z17: 59694 | AA17: =SUM(C17:Z17) -> 1099225 | AB17: 5 | AC17: =+AA17*AB17 -> 5496125
B18: Festivo | C18: 49875 | D18: 46028 | E18: 43551 | F18: 41868 | G18: 41028 | H18: 40841 | I18: 40600 | J18: 30969 | K18: 23409 | L18: 21873 | M18: 21840 | N18: 20783 | O18: 21045 | P18: 27355 | Q18: 36969 | R18: 45839 | S18: 50016 | T18: 57583 | U18: 65396 | V18: 68805 | W18: 68724 | X18: 66709 | Y18: 61005 | Z18: 54891 | AA18: =SUM(C18:Z18) -> 1047002 | AB18: 1 | AC18: =+AA18*AB18 -> 1047002
A19: 47939 | B19: Hábil | C19: 59474 | D19: 55469 | E19: 52732 | F19: 50821 | G19: 50622 | H19: 51622 | I19: 52845 | J19: 47212 | K19: 43055 | L19: 42400 | M19: 43686 | N19: 42366 | O19: 37448 | P19: 49685 | Q19: 66518 | R19: 76531 | S19: 79694 | T19: 81197 | U19: 82938 | V19: 82448 | W19: 81568 | X19: 79034 | Y19: 73561 | Z19: 66348 | AA19: =SUM(C19:Z19) -> 1449274 | AB19: 20 | AC19: =+AA19*AB19 -> 28985480 | AD19: =+SUM(AC19:AC22) -> 41085624
B20: Sábado | C20: 60569 | D20: 56544 | E20: 53594 | F20: 51385 | G20: 50495 | H20: 49407 | I20: 50599 | J20: 44028 | K20: 40177 | L20: 39679 | M20: 40035 | N20: 38591 | O20: 36756 | P20: 42803 | Q20: 54177 | R20: 63310 | S20: 66544 | T20: 72180 | U20: 77570 | V20: 76945 | W20: 74784 | X20: 72435 | Y20: 69298 | Z20: 65024 | AA20: =SUM(C20:Z20) -> 1346929 | AB20: 4 | AC20: =+AA20*AB20 -> 5387716
B21: Domingo | C21: 60853 | D21: 56655 | E21: 53598 | F21: 51172 | G21: 49790 | H21: 47890 | I21: 47242 | J21: 36016 | K21: 26940 | L21: 24355 | M21: 23229 | N21: 22674 | O21: 25036 | P21: 30705 | Q21: 41121 | R21: 51097 | S21: 56028 | T21: 63536 | U21: 70484 | V21: 73303 | W21: 73259 | X21: 72880 | Y21: 69116 | Z21: 63249 | AA21: =SUM(C21:Z21) -> 1190228 | AB21: 4 | AC21: =+AA21*AB21 -> 4760912
B22: Festivo | C22: 54404 | D22: 50539 | E22: 47790 | F22: 45821 | G22: 44533 | H22: 42593 | I22: 42051 | J22: 29155 | K22: 18371 | L22: 13892 | M22: 11796 | N22: 10602 | O22: 13437 | P22: 19156 | Q22: 29617 | R22: 38921 | S22: 44324 | T22: 53402 | U22: 61099 | V22: 63454 | W22: 63008 | X22: 62211 | Y22: 59800 | Z22: 55782 | AA22: =SUM(C22:Z22) -> 975758 | AB22: 2 | AC22: =+AA22*AB22 -> 1951516
A23: 47969 | B23: Hábil | C23: 58633 | D23: 54862 | E23: 52096 | F23: 50156 | G23: 49667 | H23: 49245 | I23: 50811 | J23: 45329 | K23: 41786 | L23: 41351 | M23: 42375 | N23: 40760 | O23: 36065 | P23: 47948 | Q23: 64255 | R23: 73567 | S23: 76446 | T23: 77887 | U23: 79178 | V23: 79262 | W23: 78897 | X23: 76864 | Y23: 71754 | Z23: 65053 | AA23: =SUM(C23:Z23) -> 1404247 | AB23: 20 | AC23: =+AA23*AB23 -> 28084940 | AD23: =+SUM(AC23:AC26) -> 41407219
B24: Sábado | C24: 61387 | D24: 57146 | E24: 54052 | F24: 51630 | G24: 50657 | H24: 48668 | I24: 49994 | J24: 43404 | K24: 40056 | L24: 39876 | M24: 40229 | N24: 38201 | O24: 35920 | P24: 41668 | Q24: 52345 | R24: 61384 | S24: 64389 | T24: 69167 | U24: 74065 | V24: 74777 | W24: 73064 | X24: 71284 | Y24: 68464 | Z24: 64312 | AA24: =SUM(C24:Z24) -> 1326139 | AB24: 5 | AC24: =+AA24*AB24 -> 6630695
B25: Domingo | C25: 59231 | D25: 55549 | E25: 52751 | F25: 50446 | G25: 48982 | H25: 45961 | I25: 46123 | J25: 34408 | K25: 25479 | L25: 22889 | M25: 21904 | N25: 20484 | O25: 21738 | P25: 26876 | Q25: 37370 | R25: 46856 | S25: 51815 | T25: 59645 | U25: 66262 | V25: 69423 | W25: 70025 | X25: 70096 | Y25: 67048 | Z25: 61830 | AA25: =SUM(C25:Z25) -> 1133191 | AB25: 4 | AC25: =+AA25*AB25 -> 4532764
B26: Festivo | C26: 51849 | D26: 48218 | E26: 45636 | F26: 43758 | G26: 42897 | H26: 40883 | I26: 41553 | J26: 31315 | K26: 23598 | L26: 22066 | M26: 22111 | N26: 21157 | O26: 21958 | P26: 28071 | Q26: 38457 | R26: 47766 | S26: 51835 | T26: 58665 | U26: 65624 | V26: 69504 | W26: 69949 | X26: 68942 | Y26: 64643 | Z26: 58955 | AA26: =SUM(C26:Z26) -> 1079410 | AB26: 2 | AC26: =+AA26*AB26 -> 2158820
A27: 48000 | B27: Hábil | C27: 62848 | D27: 58787 | E27: 55808 | F27: 53758 | G27: 53250 | H27: 52571 | I27: 55021 | J27: 50548 | K27: 47089 | L27: 46508 | M27: 47511 | N27: 46210 | O27: 40786 | P27: 52597 | Q27: 69002 | R27: 78783 | S27: 82049 | T27: 82688 | U27: 83116 | V27: 83910 | W27: 82948 | X27: 80489 | Y27: 75429 | Z27: 68669 | AA27: =SUM(C27:Z27) -> 1510375 | AB27: 18 | AC27: =+AA27*AB27 -> 27186750 | AD27: =+SUM(AC27:AC30) -> 42678135
B28: Sábado | C28: 64076 | D28: 60116 | E28: 57142 | F28: 54930 | G28: 54178 | H28: 52257 | I28: 54402 | J28: 48401 | K28: 44730 | L28: 44264 | M28: 44685 | N28: 42795 | O28: 40099 | P28: 45120 | Q28: 56685 | R28: 66239 | S28: 69591 | T28: 74297 | U28: 78371 | V28: 79595 | W28: 77499 | X28: 75276 | Y28: 72281 | Z28: 68089 | AA28: =SUM(C28:Z28) -> 1425118 | AB28: 4 | AC28: =+AA28*AB28 -> 5700472
B29: Domingo | C29: 63611 | D29: 59806 | E29: 56990 | F29: 54724 | G29: 53370 | H29: 50433 | I29: 50504 | J29: 39362 | K29: 29581 | L29: 27481 | M29: 25369 | N29: 23752 | O29: 25652 | P29: 30798 | Q29: 40903 | R29: 50682 | S29: 56315 | T29: 63072 | U29: 69414 | V29: 74221 | W29: 74568 | X29: 74243 | Y29: 71423 | Z29: 66598 | AA29: =SUM(C29:Z29) -> 1232872 | AB29: 5 | AC29: =+AA29*AB29 -> 6164360
B30: Festivo | C30: 57027 | D30: 53340 | E30: 50795 | F30: 48761 | G30: 48003 | H30: 45831 | I30: 46547 | J30: 37456 | K30: 30383 | L30: 29399 | M30: 29686 | N30: 28529 | O30: 28875 | P30: 34646 | Q30: 44607 | R30: 53373 | S30: 57165 | T30: 63142 | U30: 69250 | V30: 74539 | W30: 74210 | X30: 72665 | Y30: 68277 | Z30: 62345 | AA30: =SUM(C30:Z30) -> 1208851 | AB30: 3 | AC30: =+AA30*AB30 -> 3626553
A31: 48030 | B31: Hábil | C31: 58072 | D31: 54205 | E31: 51440 | F31: 49325 | G31: 48693 | H31: 48669 | I31: 50420 | J31: 44787 | K31: 41068 | L31: 40412 | M31: 41249 | N31: 39175 | O31: 33717 | P31: 45237 | Q31: 61150 | R31: 70822 | S31: 73777 | T31: 74925 | U31: 74809 | V31: 76827 | W31: 76408 | X31: 74586 | Y31: 70010 | Z31: 63765 | AA31: =SUM(C31:Z31) -> 1363548 | AB31: 23 | AC31: =+AA31*AB31 -> 31361604 | AD31: =+SUM(AC31:AC34) -> 40899356
B32: Sábado | C32: 57583 | D32: 53826 | E32: 51231 | F32: 49135 | G32: 48337 | H32: 46916 | I32: 48289 | J32: 41846 | K32: 37745 | L32: 37140 | M32: 36980 | N32: 35584 | O32: 33275 | P32: 38878 | Q32: 50133 | R32: 58886 | S32: 62038 | T32: 66694 | U32: 70753 | V32: 73340 | W32: 71333 | X32: 69499 | Y32: 67198 | Z32: 63596 | AA32: =SUM(C32:Z32) -> 1270235 | AB32: 4 | AC32: =+AA32*AB32 -> 5080940
B33: Domingo | C33: 59398 | D33: 55513 | E33: 52639 | F33: 50508 | G33: 49089 | H33: 46639 | I33: 46294 | J33: 33928 | K33: 24804 | L33: 21936 | M33: 20214 | N33: 18273 | O33: 20527 | P33: 25817 | Q33: 35451 | R33: 45619 | S33: 50603 | T33: 58497 | U33: 63593 | V33: 68552 | W33: 69343 | X33: 69245 | Y33: 66231 | Z33: 61490 | AA33: =SUM(C33:Z33) -> 1114203 | AB33: 4 | AC33: =+AA33*AB33 -> 4456812
B34: Festivo | C34: 59398 | D34: 55513 | E34: 52639 | F34: 50508 | G34: 49089 | H34: 46639 | I34: 46294 | J34: 33928 | K34: 24804 | L34: 21936 | M34: 20214 | N34: 18273 | O34: 20527 | P34: 25817 | Q34: 35451 | R34: 45619 | S34: 50603 | T34: 58497 | U34: 63593 | V34: 68552 | W34: 69343 | X34: 69245 | Y34: 66231 | Z34: 61490 | AA34: =SUM(C34:Z34) -> 1114203 | AB34: 0 | AC34: =+AA34*AB34 -> 0
A35: 48061 | B35: Hábil | C35: 60889 | D35: 56925 | E35: 53925 | F35: 51669 | G35: 50923 | H35: 50935 | I35: 52059 | J35: 46628 | K35: 42766 | L35: 42715 | M35: 43837 | N35: 42269 | O35: 36922 | P35: 49504 | Q35: 66335 | R35: 75919 | S35: 78852 | T35: 79381 | U35: 79932 | V35: 80750 | W35: 80597 | X35: 79030 | Y35: 74125 | Z35: 67740 | AA35: =SUM(C35:Z35) -> 1444627 | AB35: 19 | AC35: =+AA35*AB35 -> 27447913 | AD35: =+SUM(AC35:AC38) -> 42547608
B36: Sábado | C36: 64887 | D36: 60601 | E36: 57326 | F36: 54789 | G36: 53454 | H36: 51870 | I36: 52683 | J36: 46549 | K36: 42525 | L36: 42396 | M36: 42253 | N36: 41498 | O36: 38534 | P36: 44647 | Q36: 55813 | R36: 64717 | S36: 67981 | T36: 71986 | U36: 76867 | V36: 77545 | W36: 75384 | X36: 74294 | Y36: 72182 | Z36: 68227 | AA36: =SUM(C36:Z36) -> 1399008 | AB36: 5 | AC36: =+AA36*AB36 -> 6995040
B37: Domingo | C37: 63149 | D37: 59083 | E37: 55850 | F37: 53378 | G37: 51568 | H37: 48383 | I37: 47312 | J37: 35918 | K37: 26551 | L37: 23270 | M37: 22048 | N37: 19682 | O37: 22085 | P37: 28726 | Q37: 38438 | R37: 48384 | S37: 52224 | T37: 59174 | U37: 65766 | V37: 69416 | W37: 70379 | X37: 70640 | Y37: 67894 | Z37: 62923 | AA37: =SUM(C37:Z37) -> 1162241 | AB37: 5 | AC37: =+AA37*AB37 -> 5811205
B38: Festivo | C38: 54215 | D38: 50868 | E38: 48201 | F38: 46390 | G38: 45522 | H38: 43850 | I38: 43585 | J38: 33610 | K38: 26318 | L38: 25568 | M38: 25618 | N38: 24983 | O38: 25660 | P38: 31685 | Q38: 42012 | R38: 51966 | S38: 55757 | T38: 60982 | U38: 67685 | V38: 71219 | W38: 71031 | X38: 71042 | Y38: 67315 | Z38: 61643 | AA38: =SUM(C38:Z38) -> 1146725 | AB38: 2 | AC38: =+AA38*AB38 -> 2293450
A39: 48092 | B39: Hábil | C39: 63744 | D39: 59382 | E39: 56170 | F39: 53699 | G39: 52821 | H39: 52600 | I39: 54101 | J39: 49105 | K39: 45422 | L39: 45550 | M39: 46929 | N39: 45426 | O39: 40356 | P39: 53579 | Q39: 70308 | R39: 79824 | S39: 82119 | T39: 83836 | U39: 85266 | V39: 83625 | W39: 83172 | X39: 81744 | Y39: 76915 | Z39: 69915 | AA39: =SUM(C39:Z39) -> 1515608 | AB39: 22 | AC39: =+AA39*AB39 -> 33343376 | AD39: =+SUM(AC39:AC42) -> 44164596
B40: Sábado | C40: 65549 | D40: 61508 | E40: 58315 | F40: 55613 | G40: 54314 | H40: 52478 | I40: 53706 | J40: 48162 | K40: 44663 | L40: 44334 | M40: 45320 | N40: 43943 | O40: 41442 | P40: 47815 | Q40: 59400 | R40: 68223 | S40: 70847 | T40: 76576 | U40: 82207 | V40: 80740 | W40: 78051 | X40: 76077 | Y40: 73781 | Z40: 69991 | AA40: =SUM(C40:Z40) -> 1453055 | AB40: 4 | AC40: =+AA40*AB40 -> 5812220
B41: Domingo | C41: 64553 | D41: 60638 | E41: 57638 | F41: 55247 | G41: 53608 | H41: 51143 | I41: 50704 | J41: 38962 | K41: 29171 | L41: 25870 | M41: 24899 | N41: 24066 | O41: 25596 | P41: 32073 | Q41: 43107 | R41: 52691 | S41: 57322 | T41: 65086 | U41: 72563 | V41: 74692 | W41: 75879 | X41: 76379 | Y41: 73082 | Z41: 67281 | AA41: =SUM(C41:Z41) -> 1252250 | AB41: 4 | AC41: =+AA41*AB41 -> 5009000
B42: Festivo | C42: 0 | D42: 0 | E42: 0 | F42: 0 | G42: 0 | H42: 0 | I42: 0 | J42: 0 | K42: 0 | L42: 0 | M42: 0 | N42: 0 | O42: 0 | P42: 0 | Q42: 0 | R42: 0 | S42: 0 | T42: 0 | U42: 0 | V42: 0 | W42: 0 | X42: 0 | Y42: 0 | Z42: 0 | AA42: =SUM(C42:Z42) -> 0 | AB42: 0 | AC42: =+AA42*AB42 -> 0
A43: 48122 | B43: Hábil | C43: 59883 | D43: 55872 | E43: 53014 | F43: 51047 | G43: 50501 | H43: 50321 | I43: 52057 | J43: 46919 | K43: 44067 | L43: 44320 | M43: 45805 | N43: 44749 | O43: 39823 | P43: 52293 | Q43: 68684 | R43: 77610 | S43: 80092 | T43: 84991 | U43: 85090 | V43: 81878 | W43: 80020 | X43: 77546 | Y43: 72303 | Z43: 65738 | AA43: =SUM(C43:Z43) -> 1464623 | AB43: 22 | AC43: =+AA43*AB43 -> 32221706 | AD43: =+SUM(AC43:AC46) -> 43421099
B44: Sábado | C44: 58491 | D44: 54483 | E44: 51706 | F44: 49475 | G44: 48580 | H44: 47269 | I44: 48563 | J44: 42186 | K44: 39398 | L44: 39590 | M44: 40470 | N44: 39374 | O44: 37445 | P44: 42689 | Q44: 53619 | R44: 61723 | S44: 65036 | T44: 73504 | U44: 77341 | V44: 74975 | W44: 72539 | X44: 69837 | Y44: 66514 | Z44: 62265 | AA44: =SUM(C44:Z44) -> 1317072 | AB44: 4 | AC44: =+AA44*AB44 -> 5268288
B45: Domingo | C45: 59612 | D45: 55919 | E45: 53107 | F45: 50686 | G45: 49165 | H45: 46893 | I45: 46659 | J45: 34399 | K45: 25446 | L45: 23468 | M45: 22414 | N45: 21859 | O45: 23827 | P45: 29305 | Q45: 39320 | R45: 49574 | S45: 54374 | T45: 65076 | U45: 70721 | V45: 71520 | W45: 71802 | X45: 71315 | Y45: 67780 | Z45: 62632 | AA45: =SUM(C45:Z45) -> 1166873 | AB45: 4 | AC45: =+AA45*AB45 -> 4667492
B46: Festivo | C46: 58782 | D46: 55027 | E46: 52309 | F46: 50271 | G46: 49346 | H46: 46657 | I46: 46665 | J46: 37659 | K46: 31017 | L46: 30604 | M46: 30713 | N46: 28837 | O46: 30896 | P46: 37342 | Q46: 48549 | R46: 57141 | S46: 61063 | T46: 70291 | U46: 75759 | V46: 77248 | W46: 77036 | X46: 75461 | Y46: 70699 | Z46: 64241 | AA46: =SUM(C46:Z46) -> 1263613 | AB46: 1 | AC46: =+AA46*AB46 -> 1263613
A47: 48153 | B47: Hábil | C47: 60070 | D47: 56139 | E47: 53358 | F47: 51578 | G47: 51381 | H47: 51934 | I47: 54618 | J47: 49954 | K47: 46655 | L47: 46504 | M47: 47934 | N47: 46913 | O47: 41715 | P47: 53284 | Q47: 69523 | R47: 79442 | S47: 82345 | T47: 88787 | U47: 88604 | V47: 84785 | W47: 82356 | X47: 78799 | Y47: 73053 | Z47: 66110 | AA47: =SUM(C47:Z47) -> 1505841 | AB47: 18 | AC47: =+AA47*AB47 -> 27105138 | AD47: =+SUM(AC47:AC50) -> 42950492
B48: Sábado | C48: 61572 | D48: 57599 | E48: 54759 | F48: 52481 | G48: 51637 | H48: 50621 | I48: 52323 | J48: 47033 | K48: 44454 | L48: 45261 | M48: 45641 | N48: 44341 | O48: 41634 | P48: 46884 | Q48: 57679 | R48: 66195 | S48: 69569 | T48: 79052 | U48: 82101 | V48: 79286 | W48: 76328 | X48: 72890 | Y48: 69292 | Z48: 65033 | AA48: =SUM(C48:Z48) -> 1413665 | AB48: 5 | AC48: =+AA48*AB48 -> 7068325
B49: Domingo | C49: 60673 | D49: 56948 | E49: 54100 | F49: 51867 | G49: 50469 | H49: 48642 | I49: 48777 | J49: 38082 | K49: 30018 | L49: 28044 | M49: 27822 | N49: 26636 | O49: 28900 | P49: 34112 | Q49: 43787 | R49: 52800 | S49: 57622 | T49: 69775 | U49: 74465 | V49: 74543 | W49: 73643 | X49: 72198 | Y49: 68789 | Z49: 63671 | AA49: =SUM(C49:Z49) -> 1236383 | AB49: 5 | AC49: =+AA49*AB49 -> 6181915
B50: Festivo | C50: 58373 | D50: 54463 | E50: 51916 | F50: 50084 | G50: 49374 | H50: 47877 | I50: 48204 | J50: 39507 | K50: 32845 | L50: 32686 | M50: 33582 | N50: 33055 | O50: 33688 | P50: 40577 | Q50: 50555 | R50: 59395 | S50: 63690 | T50: 74738 | U50: 79160 | V50: 78905 | W50: 77373 | X50: 74686 | Y50: 69421 | Z50: 63403 | AA50: =SUM(C50:Z50) -> 1297557 | AB50: 2 | AC50: =+AA50*AB50 -> 2595114
A51: 48183 | B51: Hábil | C51: 58702 | D51: 54825 | E51: 52149 | F51: 50190 | G51: 49590 | H51: 49723 | I51: 50699 | J51: 44855 | K51: 41080 | L51: 40888 | M51: 41728 | N51: 40664 | O51: 37058 | P51: 46115 | Q51: 61226 | R51: 71121 | S51: 74971 | T51: 80616 | U51: 83545 | V51: 80185 | W51: 76999 | X51: 74086 | Y51: 69804 | Z51: 64300 | AA51: =SUM(C51:Z51) -> 1395119 | AB51: 21 | AC51: =+AA51*AB51 -> 29297499 | AD51: =+SUM(AC51:AC54) -> 41505243
B52: Sábado | C52: 60090 | D52: 55971 | E52: 52972 | F52: 50782 | G52: 49789 | H52: 49465 | I52: 49926 | J52: 42588 | K52: 38383 | L52: 37859 | M52: 38405 | N52: 37168 | O52: 36328 | P52: 42046 | Q52: 52929 | R52: 61827 | S52: 65563 | T52: 74680 | U52: 80539 | V52: 78587 | W52: 74683 | X52: 71081 | Y52: 67510 | Z52: 63525 | AA52: =SUM(C52:Z52) -> 1332696 | AB52: 4 | AC52: =+AA52*AB52 -> 5330784
B53: Domingo | C53: 60628 | D53: 56799 | E53: 53851 | F53: 51627 | G53: 50232 | H53: 47816 | I53: 46990 | J53: 35814 | K53: 27615 | L53: 25926 | M53: 25281 | N53: 24244 | O53: 26239 | P53: 31712 | Q53: 41835 | R53: 52235 | S53: 57149 | T53: 67835 | U53: 74925 | V53: 74265 | W53: 72173 | X53: 69663 | Y53: 65798 | Z53: 61240 | AA53: =SUM(C53:Z53) -> 1201892 | AB53: 4 | AC53: =+AA53*AB53 -> 4807568
B54: Festivo | C54: 51399 | D54: 49357 | E54: 47710 | F54: 46095 | G54: 45009 | H54: 43829 | I54: 42348 | J54: 30875 | K54: 21730 | L54: 19373 | M54: 18317 | N54: 16656 | O54: 18509 | P54: 24340 | Q54: 33780 | R54: 43085 | S54: 48261 | T54: 58305 | U54: 65521 | V54: 66228 | W54: 64800 | X54: 63205 | Y54: 60202 | Z54: 55762 | AA54: =SUM(C54:Z54) -> 1034696 | AB54: 2 | AC54: =+AA54*AB54 -> 2069392
AD55: =+SUM(AD7:AD54) -> 500146834

Sheet OF P9
C1: * La energia a ofertar debe ser expresada únicamente en kilovatio (kWh) redondeado a cero decimales - PLANA
C4: OFERTA PRODUCTO 9
C5: MES | D5: ENERGIA SOLICITADA (KWh) | E5: % | F5: ENERGIA OFERTADA (KWh) | G5: PRECIO $/kWh
C6: 47849 | D6: =+VLOOKUP(C6,'PLANA P9'!$A$4:$AD$55,30,FALSE) -> 37200000 | E6: % | G6: $/kWh
C7: 47880 | D7: =+VLOOKUP(C7,'PLANA P9'!$A$4:$AD$55,30,FALSE) -> 33600000
C8: 47908 | D8: =+VLOOKUP(C8,'PLANA P9'!$A$4:$AD$55,30,FALSE) -> 37200000
C9: 47939 | D9: =+VLOOKUP(C9,'PLANA P9'!$A$4:$AD$55,30,FALSE) -> 36000000
C10: 47969 | D10: =+VLOOKUP(C10,'PLANA P9'!$A$4:$AD$55,30,FALSE) -> 37200000
C11: 48000 | D11: =+VLOOKUP(C11,'PLANA P9'!$A$4:$AD$55,30,FALSE) -> 36000000
C12: 48030 | D12: =+VLOOKUP(C12,'PLANA P9'!$A$4:$AD$55,30,FALSE) -> 37200000
C13: 48061 | D13: =+VLOOKUP(C13,'PLANA P9'!$A$4:$AD$55,30,FALSE) -> 37200000
C14: 48092 | D14: =+VLOOKUP(C14,'PLANA P9'!$A$4:$AD$55,30,FALSE) -> 36000000
C15: 48122 | D15: =+VLOOKUP(C15,'PLANA P9'!$A$4:$AD$55,30,FALSE) -> 37200000
C16: 48153 | D16: =+VLOOKUP(C16,'PLANA P9'!$A$4:$AD$55,30,FALSE) -> 36000000
C17: 48183 | D17: =+VLOOKUP(C17,'PLANA P9'!$A$4:$AD$55,30,FALSE) -> 37200000
D18: =SUM(D6:D17) -> 438000000
D20: =D18/1000000 -> 438
D21: =D20*1000 -> 438000

Sheet PLANA P9
A1: Curva de distribucion en kwh
A2: * La energia a ofertar debe ser expresada únicamente en kilovatio (kWh) redondeado a cero decimales
A4: TOTAL | C4: =+AD55 -> 438000000
A5: MES | B5: DÍA | C5: HORA 01 | D5: HORA 02 | E5: HORA 03 | F5: HORA 04 | G5: HORA 05 | H5: HORA 06 | I5: HORA 07 | J5: HORA 08 | K5: HORA 09 | L5: HORA 10 | M5: HORA 11 | N5: HORA 12 | O5: HORA 13 | P5: HORA 14 | Q5: HORA 15 | R5: HORA 16 | S5: HORA 17 | T5: HORA 18 | U5: HORA 19 | V5: HORA 20 | W5: HORA 21 | X5: HORA 22 | Y5: HORA 23 | Z5: HORA 24 | AA5: TOTAL DÍA | AB5: NUMERO DÍAS | AC5: TOTAL DÍA MES | AD5: TOTAL MES
A7: 47849 | B7: Hábil | C7: 50000 | D7: 50000 | E7: 50000 | F7: 50000 | G7: 50000 | H7: 50000 | I7: 50000 | J7: 50000 | K7: 50000 | L7: 50000 | M7: 50000 | N7: 50000 | O7: 50000 | P7: 50000 | Q7: 50000 | R7: 50000 | S7: 50000 | T7: 50000 | U7: 50000 | V7: 50000 | W7: 50000 | X7: 50000 | Y7: 50000 | Z7: 50000 | AA7: =SUM(C7:Z7) -> 1200000 | AB7: 21 | AC7: =+AA7*AB7 -> 25200000 | AD7: =+SUM(AC7:AC10) -> 37200000
B8: Sábado | C8: 50000 | D8: 50000 | E8: 50000 | F8: 50000 | G8: 50000 | H8: 50000 | I8: 50000 | J8: 50000 | K8: 50000 | L8: 50000 | M8: 50000 | N8: 50000 | O8: 50000 | P8: 50000 | Q8: 50000 | R8: 50000 | S8: 50000 | T8: 50000 | U8: 50000 | V8: 50000 | W8: 50000 | X8: 50000 | Y8: 50000 | Z8: 50000 | AA8: =SUM(C8:Z8) -> 1200000 | AB8: 4 | AC8: =+AA8*AB8 -> 4800000
B9: Domingo | C9: 50000 | D9: 50000 | E9: 50000 | F9: 50000 | G9: 50000 | H9: 50000 | I9: 50000 | J9: 50000 | K9: 50000 | L9: 50000 | M9: 50000 | N9: 50000 | O9: 50000 | P9: 50000 | Q9: 50000 | R9: 50000 | S9: 50000 | T9: 50000 | U9: 50000 | V9: 50000 | W9: 50000 | X9: 50000 | Y9: 50000 | Z9: 50000 | AA9: =SUM(C9:Z9) -> 1200000 | AB9: 4 | AC9: =+AA9*AB9 -> 4800000
B10: Festivo | C10: 50000 | D10: 50000 | E10: 50000 | F10: 50000 | G10: 50000 | H10: 50000 | I10: 50000 | J10: 50000 | K10: 50000 | L10: 50000 | M10: 50000 | N10: 50000 | O10: 50000 | P10: 50000 | Q10: 50000 | R10: 50000 | S10: 50000 | T10: 50000 | U10: 50000 | V10: 50000 | W10: 50000 | X10: 50000 | Y10: 50000 | Z10: 50000 | AA10: =SUM(C10:Z10) -> 1200000 | AB10: 2 | AC10: =+AA10*AB10 -> 2400000
A11: 47880 | B11: Hábil | C11: 50000 | D11: 50000 | E11: 50000 | F11: 50000 | G11: 50000 | H11: 50000 | I11: 50000 | J11: 50000 | K11: 50000 | L11: 50000 | M11: 50000 | N11: 50000 | O11: 50000 | P11: 50000 | Q11: 50000 | R11: 50000 | S11: 50000 | T11: 50000 | U11: 50000 | V11: 50000 | W11: 50000 | X11: 50000 | Y11: 50000 | Z11: 50000 | AA11: =SUM(C11:Z11) -> 1200000 | AB11: 20 | AC11: =+AA11*AB11 -> 24000000 | AD11: =+SUM(AC11:AC14) -> 33600000
B12: Sábado | C12: 50000 | D12: 50000 | E12: 50000 | F12: 50000 | G12: 50000 | H12: 50000 | I12: 50000 | J12: 50000 | K12: 50000 | L12: 50000 | M12: 50000 | N12: 50000 | O12: 50000 | P12: 50000 | Q12: 50000 | R12: 50000 | S12: 50000 | T12: 50000 | U12: 50000 | V12: 50000 | W12: 50000 | X12: 50000 | Y12: 50000 | Z12: 50000 | AA12: =SUM(C12:Z12) -> 1200000 | AB12: 4 | AC12: =+AA12*AB12 -> 4800000
B13: Domingo | C13: 50000 | D13: 50000 | E13: 50000 | F13: 50000 | G13: 50000 | H13: 50000 | I13: 50000 | J13: 50000 | K13: 50000 | L13: 50000 | M13: 50000 | N13: 50000 | O13: 50000 | P13: 50000 | Q13: 50000 | R13: 50000 | S13: 50000 | T13: 50000 | U13: 50000 | V13: 50000 | W13: 50000 | X13: 50000 | Y13: 50000 | Z13: 50000 | AA13: =SUM(C13:Z13) -> 1200000 | AB13: 4 | AC13: =+AA13*AB13 -> 4800000
B14: Festivo | AA14: =SUM(C14:Z14) -> 0 | AB14: 0 | AC14: =+AA14*AB14 -> 0
A15: 47908 | B15: Hábil | C15: 50000 | D15: 50000 | E15: 50000 | F15: 50000 | G15: 50000 | H15: 50000 | I15: 50000 | J15: 50000 | K15: 50000 | L15: 50000 | M15: 50000 | N15: 50000 | O15: 50000 | P15: 50000 | Q15: 50000 | R15: 50000 | S15: 50000 | T15: 50000 | U15: 50000 | V15: 50000 | W15: 50000 | X15: 50000 | Y15: 50000 | Z15: 50000 | AA15: =SUM(C15:Z15) -> 1200000 | AB15: 20 | AC15: =+AA15*AB15 -> 24000000 | AD15: =+SUM(AC15:AC18) -> 37200000
B16: Sábado | C16: 50000 | D16: 50000 | E16: 50000 | F16: 50000 | G16: 50000 | H16: 50000 | I16: 50000 | J16: 50000 | K16: 50000 | L16: 50000 | M16: 50000 | N16: 50000 | O16: 50000 | P16: 50000 | Q16: 50000 | R16: 50000 | S16: 50000 | T16: 50000 | U16: 50000 | V16: 50000 | W16: 50000 | X16: 50000 | Y16: 50000 | Z16: 50000 | AA16: =SUM(C16:Z16) -> 1200000 | AB16: 5 | AC16: =+AA16*AB16 -> 6000000
B17: Domingo | C17: 50000 | D17: 50000 | E17: 50000 | F17: 50000 | G17: 50000 | H17: 50000 | I17: 50000 | J17: 50000 | K17: 50000 | L17: 50000 | M17: 50000 | N17: 50000 | O17: 50000 | P17: 50000 | Q17: 50000 | R17: 50000 | S17: 50000 | T17: 50000 | U17: 50000 | V17: 50000 | W17: 50000 | X17: 50000 | Y17: 50000 | Z17: 50000 | AA17: =SUM(C17:Z17) -> 1200000 | AB17: 5 | AC17: =+AA17*AB17 -> 6000000
B18: Festivo | C18: 50000 | D18: 50000 | E18: 50000 | F18: 50000 | G18: 50000 | H18: 50000 | I18: 50000 | J18: 50000 | K18: 50000 | L18: 50000 | M18: 50000 | N18: 50000 | O18: 50000 | P18: 50000 | Q18: 50000 | R18: 50000 | S18: 50000 | T18: 50000 | U18: 50000 | V18: 50000 | W18: 50000 | X18: 50000 | Y18: 50000 | Z18: 50000 | AA18: =SUM(C18:Z18) -> 1200000 | AB18: 1 | AC18: =+AA18*AB18 -> 1200000
A19: 47939 | B19: Hábil | C19: 50000 | D19: 50000 | E19: 50000 | F19: 50000 | G19: 50000 | H19: 50000 | I19: 50000 | J19: 50000 | K19: 50000 | L19: 50000 | M19: 50000 | N19: 50000 | O19: 50000 | P19: 50000 | Q19: 50000 | R19: 50000 | S19: 50000 | T19: 50000 | U19: 50000 | V19: 50000 | W19: 50000 | X19: 50000 | Y19: 50000 | Z19: 50000 | AA19: =SUM(C19:Z19) -> 1200000 | AB19: 20 | AC19: =+AA19*AB19 -> 24000000 | AD19: =+SUM(AC19:AC22) -> 36000000
B20: Sábado | C20: 50000 | D20: 50000 | E20: 50000 | F20: 50000 | G20: 50000 | H20: 50000 | I20: 50000 | J20: 50000 | K20: 50000 | L20: 50000 | M20: 50000 | N20: 50000 | O20: 50000 | P20: 50000 | Q20: 50000 | R20: 50000 | S20: 50000 | T20: 50000 | U20: 50000 | V20: 50000 | W20: 50000 | X20: 50000 | Y20: 50000 | Z20: 50000 | AA20: =SUM(C20:Z20) -> 1200000 | AB20: 4 | AC20: =+AA20*AB20 -> 4800000
B21: Domingo | C21: 50000 | D21: 50000 | E21: 50000 | F21: 50000 | G21: 50000 | H21: 50000 | I21: 50000 | J21: 50000 | K21: 50000 | L21: 50000 | M21: 50000 | N21: 50000 | O21: 50000 | P21: 50000 | Q21: 50000 | R21: 50000 | S21: 50000 | T21: 50000 | U21: 50000 | V21: 50000 | W21: 50000 | X21: 50000 | Y21: 50000 | Z21: 50000 | AA21: =SUM(C21:Z21) -> 1200000 | AB21: 4 | AC21: =+AA21*AB21 -> 4800000
B22: Festivo | C22: 50000 | D22: 50000 | E22: 50000 | F22: 50000 | G22: 50000 | H22: 50000 | I22: 50000 | J22: 50000 | K22: 50000 | L22: 50000 | M22: 50000 | N22: 50000 | O22: 50000 | P22: 50000 | Q22: 50000 | R22: 50000 | S22: 50000 | T22: 50000 | U22: 50000 | V22: 50000 | W22: 50000 | X22: 50000 | Y22: 50000 | Z22: 50000 | AA22: =SUM(C22:Z22) -> 1200000 | AB22: 2 | AC22: =+AA22*AB22 -> 2400000
A23: 47969 | B23: Hábil | C23: 50000 | D23: 50000 | E23: 50000 | F23: 50000 | G23: 50000 | H23: 50000 | I23: 50000 | J23: 50000 | K23: 50000 | L23: 50000 | M23: 50000 | N23: 50000 | O23: 50000 | P23: 50000 | Q23: 50000 | R23: 50000 | S23: 50000 | T23: 50000 | U23: 50000 | V23: 50000 | W23: 50000 | X23: 50000 | Y23: 50000 | Z23: 50000 | AA23: =SUM(C23:Z23) -> 1200000 | AB23: 20 | AC23: =+AA23*AB23 -> 24000000 | AD23: =+SUM(AC23:AC26) -> 37200000
B24: Sábado | C24: 50000 | D24: 50000 | E24: 50000 | F24: 50000 | G24: 50000 | H24: 50000 | I24: 50000 | J24: 50000 | K24: 50000 | L24: 50000 | M24: 50000 | N24: 50000 | O24: 50000 | P24: 50000 | Q24: 50000 | R24: 50000 | S24: 50000 | T24: 50000 | U24: 50000 | V24: 50000 | W24: 50000 | X24: 50000 | Y24: 50000 | Z24: 50000 | AA24: =SUM(C24:Z24) -> 1200000 | AB24: 5 | AC24: =+AA24*AB24 -> 6000000
B25: Domingo | C25: 50000 | D25: 50000 | E25: 50000 | F25: 50000 | G25: 50000 | H25: 50000 | I25: 50000 | J25: 50000 | K25: 50000 | L25: 50000 | M25: 50000 | N25: 50000 | O25: 50000 | P25: 50000 | Q25: 50000 | R25: 50000 | S25: 50000 | T25: 50000 | U25: 50000 | V25: 50000 | W25: 50000 | X25: 50000 | Y25: 50000 | Z25: 50000 | AA25: =SUM(C25:Z25) -> 1200000 | AB25: 4 | AC25: =+AA25*AB25 -> 4800000
B26: Festivo | C26: 50000 | D26: 50000 | E26: 50000 | F26: 50000 | G26: 50000 | H26: 50000 | I26: 50000 | J26: 50000 | K26: 50000 | L26: 50000 | M26: 50000 | N26: 50000 | O26: 50000 | P26: 50000 | Q26: 50000 | R26: 50000 | S26: 50000 | T26: 50000 | U26: 50000 | V26: 50000 | W26: 50000 | X26: 50000 | Y26: 50000 | Z26: 50000 | AA26: =SUM(C26:Z26) -> 1200000 | AB26: 2 | AC26: =+AA26*AB26 -> 2400000
A27: 48000 | B27: Hábil | C27: 50000 | D27: 50000 | E27: 50000 | F27: 50000 | G27: 50000 | H27: 50000 | I27: 50000 | J27: 50000 | K27: 50000 | L27: 50000 | M27: 50000 | N27: 50000 | O27: 50000 | P27: 50000 | Q27: 50000 | R27: 50000 | S27: 50000 | T27: 50000 | U27: 50000 | V27: 50000 | W27: 50000 | X27: 50000 | Y27: 50000 | Z27: 50000 | AA27: =SUM(C27:Z27) -> 1200000 | AB27: 18 | AC27: =+AA27*AB27 -> 21600000 | AD27: =+SUM(AC27:AC30) -> 36000000
B28: Sábado | C28: 50000 | D28: 50000 | E28: 50000 | F28: 50000 | G28: 50000 | H28: 50000 | I28: 50000 | J28: 50000 | K28: 50000 | L28: 50000 | M28: 50000 | N28: 50000 | O28: 50000 | P28: 50000 | Q28: 50000 | R28: 50000 | S28: 50000 | T28: 50000 | U28: 50000 | V28: 50000 | W28: 50000 | X28: 50000 | Y28: 50000 | Z28: 50000 | AA28: =SUM(C28:Z28) -> 1200000 | AB28: 4 | AC28: =+AA28*AB28 -> 4800000
B29: Domingo | C29: 50000 | D29: 50000 | E29: 50000 | F29: 50000 | G29: 50000 | H29: 50000 | I29: 50000 | J29: 50000 | K29: 50000 | L29: 50000 | M29: 50000 | N29: 50000 | O29: 50000 | P29: 50000 | Q29: 50000 | R29: 50000 | S29: 50000 | T29: 50000 | U29: 50000 | V29: 50000 | W29: 50000 | X29: 50000 | Y29: 50000 | Z29: 50000 | AA29: =SUM(C29:Z29) -> 1200000 | AB29: 5 | AC29: =+AA29*AB29 -> 6000000
B30: Festivo | C30: 50000 | D30: 50000 | E30: 50000 | F30: 50000 | G30: 50000 | H30: 50000 | I30: 50000 | J30: 50000 | K30: 50000 | L30: 50000 | M30: 50000 | N30: 50000 | O30: 50000 | P30: 50000 | Q30: 50000 | R30: 50000 | S30: 50000 | T30: 50000 | U30: 50000 | V30: 50000 | W30: 50000 | X30: 50000 | Y30: 50000 | Z30: 50000 | AA30: =SUM(C30:Z30) -> 1200000 | AB30: 3 | AC30: =+AA30*AB30 -> 3600000
A31: 48030 | B31: Hábil | C31: 50000 | D31: 50000 | E31: 50000 | F31: 50000 | G31: 50000 | H31: 50000 | I31: 50000 | J31: 50000 | K31: 50000 | L31: 50000 | M31: 50000 | N31: 50000 | O31: 50000 | P31: 50000 | Q31: 50000 | R31: 50000 | S31: 50000 | T31: 50000 | U31: 50000 | V31: 50000 | W31: 50000 | X31: 50000 | Y31: 50000 | Z31: 50000 | AA31: =SUM(C31:Z31) -> 1200000 | AB31: 23 | AC31: =+AA31*AB31 -> 27600000 | AD31: =+SUM(AC31:AC34) -> 37200000
B32: Sábado | C32: 50000 | D32: 50000 | E32: 50000 | F32: 50000 | G32: 50000 | H32: 50000 | I32: 50000 | J32: 50000 | K32: 50000 | L32: 50000 | M32: 50000 | N32: 50000 | O32: 50000 | P32: 50000 | Q32: 50000 | R32: 50000 | S32: 50000 | T32: 50000 | U32: 50000 | V32: 50000 | W32: 50000 | X32: 50000 | Y32: 50000 | Z32: 50000 | AA32: =SUM(C32:Z32) -> 1200000 | AB32: 4 | AC32: =+AA32*AB32 -> 4800000
B33: Domingo | C33: 50000 | D33: 50000 | E33: 50000 | F33: 50000 | G33: 50000 | H33: 50000 | I33: 50000 | J33: 50000 | K33: 50000 | L33: 50000 | M33: 50000 | N33: 50000 | O33: 50000 | P33: 50000 | Q33: 50000 | R33: 50000 | S33: 50000 | T33: 50000 | U33: 50000 | V33: 50000 | W33: 50000 | X33: 50000 | Y33: 50000 | Z33: 50000 | AA33: =SUM(C33:Z33) -> 1200000 | AB33: 4 | AC33: =+AA33*AB33 -> 4800000
B34: Festivo | C34: 50000 | D34: 50000 | E34: 50000 | F34: 50000 | G34: 50000 | H34: 50000 | I34: 50000 | J34: 50000 | K34: 50000 | L34: 50000 | M34: 50000 | N34: 50000 | O34: 50000 | P34: 50000 | Q34: 50000 | R34: 50000 | S34: 50000 | T34: 50000 | U34: 50000 | V34: 50000 | W34: 50000 | X34: 50000 | Y34: 50000 | Z34: 50000 | AA34: =SUM(C34:Z34) -> 1200000 | AB34: 0 | AC34: =+AA34*AB34 -> 0
A35: 48061 | B35: Hábil | C35: 50000 | D35: 50000 | E35: 50000 | F35: 50000 | G35: 50000 | H35: 50000 | I35: 50000 | J35: 50000 | K35: 50000 | L35: 50000 | M35: 50000 | N35: 50000 | O35: 50000 | P35: 50000 | Q35: 50000 | R35: 50000 | S35: 50000 | T35: 50000 | U35: 50000 | V35: 50000 | W35: 50000 | X35: 50000 | Y35: 50000 | Z35: 50000 | AA35: =SUM(C35:Z35) -> 1200000 | AB35: 19 | AC35: =+AA35*AB35 -> 22800000 | AD35: =+SUM(AC35:AC38) -> 37200000
B36: Sábado | C36: 50000 | D36: 50000 | E36: 50000 | F36: 50000 | G36: 50000 | H36: 50000 | I36: 50000 | J36: 50000 | K36: 50000 | L36: 50000 | M36: 50000 | N36: 50000 | O36: 50000 | P36: 50000 | Q36: 50000 | R36: 50000 | S36: 50000 | T36: 50000 | U36: 50000 | V36: 50000 | W36: 50000 | X36: 50000 | Y36: 50000 | Z36: 50000 | AA36: =SUM(C36:Z36) -> 1200000 | AB36: 5 | AC36: =+AA36*AB36 -> 6000000
B37: Domingo | C37: 50000 | D37: 50000 | E37: 50000 | F37: 50000 | G37: 50000 | H37: 50000 | I37: 50000 | J37: 50000 | K37: 50000 | L37: 50000 | M37: 50000 | N37: 50000 | O37: 50000 | P37: 50000 | Q37: 50000 | R37: 50000 | S37: 50000 | T37: 50000 | U37: 50000 | V37: 50000 | W37: 50000 | X37: 50000 | Y37: 50000 | Z37: 50000 | AA37: =SUM(C37:Z37) -> 1200000 | AB37: 5 | AC37: =+AA37*AB37 -> 6000000
B38: Festivo | C38: 50000 | D38: 50000 | E38: 50000 | F38: 50000 | G38: 50000 | H38: 50000 | I38: 50000 | J38: 50000 | K38: 50000 | L38: 50000 | M38: 50000 | N38: 50000 | O38: 50000 | P38: 50000 | Q38: 50000 | R38: 50000 | S38: 50000 | T38: 50000 | U38: 50000 | V38: 50000 | W38: 50000 | X38: 50000 | Y38: 50000 | Z38: 50000 | AA38: =SUM(C38:Z38) -> 1200000 | AB38: 2 | AC38: =+AA38*AB38 -> 2400000
A39: 48092 | B39: Hábil | C39: 50000 | D39: 50000 | E39: 50000 | F39: 50000 | G39: 50000 | H39: 50000 | I39: 50000 | J39: 50000 | K39: 50000 | L39: 50000 | M39: 50000 | N39: 50000 | O39: 50000 | P39: 50000 | Q39: 50000 | R39: 50000 | S39: 50000 | T39: 50000 | U39: 50000 | V39: 50000 | W39: 50000 | X39: 50000 | Y39: 50000 | Z39: 50000 | AA39: =SUM(C39:Z39) -> 1200000 | AB39: 22 | AC39: =+AA39*AB39 -> 26400000 | AD39: =+SUM(AC39:AC42) -> 36000000
B40: Sábado | C40: 50000 | D40: 50000 | E40: 50000 | F40: 50000 | G40: 50000 | H40: 50000 | I40: 50000 | J40: 50000 | K40: 50000 | L40: 50000 | M40: 50000 | N40: 50000 | O40: 50000 | P40: 50000 | Q40: 50000 | R40: 50000 | S40: 50000 | T40: 50000 | U40: 50000 | V40: 50000 | W40: 50000 | X40: 50000 | Y40: 50000 | Z40: 50000 | AA40: =SUM(C40:Z40) -> 1200000 | AB40: 4 | AC40: =+AA40*AB40 -> 4800000
B41: Domingo | C41: 50000 | D41: 50000 | E41: 50000 | F41: 50000 | G41: 50000 | H41: 50000 | I41: 50000 | J41: 50000 | K41: 50000 | L41: 50000 | M41: 50000 | N41: 50000 | O41: 50000 | P41: 50000 | Q41: 50000 | R41: 50000 | S41: 50000 | T41: 50000 | U41: 50000 | V41: 50000 | W41: 50000 | X41: 50000 | Y41: 50000 | Z41: 50000 | AA41: =SUM(C41:Z41) -> 1200000 | AB41: 4 | AC41: =+AA41*AB41 -> 4800000
B42: Festivo | AA42: =SUM(C42:Z42) -> 0 | AB42: 0 | AC42: =+AA42*AB42 -> 0
A43: 48122 | B43: Hábil | C43: 50000 | D43: 50000 | E43: 50000 | F43: 50000 | G43: 50000 | H43: 50000 | I43: 50000 | J43: 50000 | K43: 50000 | L43: 50000 | M43: 50000 | N43: 50000 | O43: 50000 | P43: 50000 | Q43: 50000 | R43: 50000 | S43: 50000 | T43: 50000 | U43: 50000 | V43: 50000 | W43: 50000 | X43: 50000 | Y43: 50000 | Z43: 50000 | AA43: =SUM(C43:Z43) -> 1200000 | AB43: 22 | AC43: =+AA43*AB43 -> 26400000 | AD43: =+SUM(AC43:AC46) -> 37200000
B44: Sábado | C44: 50000 | D44: 50000 | E44: 50000 | F44: 50000 | G44: 50000 | H44: 50000 | I44: 50000 | J44: 50000 | K44: 50000 | L44: 50000 | M44: 50000 | N44: 50000 | O44: 50000 | P44: 50000 | Q44: 50000 | R44: 50000 | S44: 50000 | T44: 50000 | U44: 50000 | V44: 50000 | W44: 50000 | X44: 50000 | Y44: 50000 | Z44: 50000 | AA44: =SUM(C44:Z44) -> 1200000 | AB44: 4 | AC44: =+AA44*AB44 -> 4800000
B45: Domingo | C45: 50000 | D45: 50000 | E45: 50000 | F45: 50000 | G45: 50000 | H45: 50000 | I45: 50000 | J45: 50000 | K45: 50000 | L45: 50000 | M45: 50000 | N45: 50000 | O45: 50000 | P45: 50000 | Q45: 50000 | R45: 50000 | S45: 50000 | T45: 50000 | U45: 50000 | V45: 50000 | W45: 50000 | X45: 50000 | Y45: 50000 | Z45: 50000 | AA45: =SUM(C45:Z45) -> 1200000 | AB45: 4 | AC45: =+AA45*AB45 -> 4800000
B46: Festivo | C46: 50000 | D46: 50000 | E46: 50000 | F46: 50000 | G46: 50000 | H46: 50000 | I46: 50000 | J46: 50000 | K46: 50000 | L46: 50000 | M46: 50000 | N46: 50000 | O46: 50000 | P46: 50000 | Q46: 50000 | R46: 50000 | S46: 50000 | T46: 50000 | U46: 50000 | V46: 50000 | W46: 50000 | X46: 50000 | Y46: 50000 | Z46: 50000 | AA46: =SUM(C46:Z46) -> 1200000 | AB46: 1 | AC46: =+AA46*AB46 -> 1200000
A47: 48153 | B47: Hábil | C47: 50000 | D47: 50000 | E47: 50000 | F47: 50000 | G47: 50000 | H47: 50000 | I47: 50000 | J47: 50000 | K47: 50000 | L47: 50000 | M47: 50000 | N47: 50000 | O47: 50000 | P47: 50000 | Q47: 50000 | R47: 50000 | S47: 50000 | T47: 50000 | U47: 50000 | V47: 50000 | W47: 50000 | X47: 50000 | Y47: 50000 | Z47: 50000 | AA47: =SUM(C47:Z47) -> 1200000 | AB47: 18 | AC47: =+AA47*AB47 -> 21600000 | AD47: =+SUM(AC47:AC50) -> 36000000
B48: Sábado | C48: 50000 | D48: 50000 | E48: 50000 | F48: 50000 | G48: 50000 | H48: 50000 | I48: 50000 | J48: 50000 | K48: 50000 | L48: 50000 | M48: 50000 | N48: 50000 | O48: 50000 | P48: 50000 | Q48: 50000 | R48: 50000 | S48: 50000 | T48: 50000 | U48: 50000 | V48: 50000 | W48: 50000 | X48: 50000 | Y48: 50000 | Z48: 50000 | AA48: =SUM(C48:Z48) -> 1200000 | AB48: 5 | AC48: =+AA48*AB48 -> 6000000
B49: Domingo | C49: 50000 | D49: 50000 | E49: 50000 | F49: 50000 | G49: 50000 | H49: 50000 | I49: 50000 | J49: 50000 | K49: 50000 | L49: 50000 | M49: 50000 | N49: 50000 | O49: 50000 | P49: 50000 | Q49: 50000 | R49: 50000 | S49: 50000 | T49: 50000 | U49: 50000 | V49: 50000 | W49: 50000 | X49: 50000 | Y49: 50000 | Z49: 50000 | AA49: =SUM(C49:Z49) -> 1200000 | AB49: 5 | AC49: =+AA49*AB49 -> 6000000
B50: Festivo | C50: 50000 | D50: 50000 | E50: 50000 | F50: 50000 | G50: 50000 | H50: 50000 | I50: 50000 | J50: 50000 | K50: 50000 | L50: 50000 | M50: 50000 | N50: 50000 | O50: 50000 | P50: 50000 | Q50: 50000 | R50: 50000 | S50: 50000 | T50: 50000 | U50: 50000 | V50: 50000 | W50: 50000 | X50: 50000 | Y50: 50000 | Z50: 50000 | AA50: =SUM(C50:Z50) -> 1200000 | AB50: 2 | AC50: =+AA50*AB50 -> 2400000
A51: 48183 | B51: Hábil | C51: 50000 | D51: 50000 | E51: 50000 | F51: 50000 | G51: 50000 | H51: 50000 | I51: 50000 | J51: 50000 | K51: 50000 | L51: 50000 | M51: 50000 | N51: 50000 | O51: 50000 | P51: 50000 | Q51: 50000 | R51: 50000 | S51: 50000 | T51: 50000 | U51: 50000 | V51: 50000 | W51: 50000 | X51: 50000 | Y51: 50000 | Z51: 50000 | AA51: =SUM(C51:Z51) -> 1200000 | AB51: 21 | AC51: =+AA51*AB51 -> 25200000 | AD51: =+SUM(AC51:AC54) -> 37200000
B52: Sábado | C52: 50000 | D52: 50000 | E52: 50000 | F52: 50000 | G52: 50000 | H52: 50000 | I52: 50000 | J52: 50000 | K52: 50000 | L52: 50000 | M52: 50000 | N52: 50000 | O52: 50000 | P52: 50000 | Q52: 50000 | R52: 50000 | S52: 50000 | T52: 50000 | U52: 50000 | V52: 50000 | W52: 50000 | X52: 50000 | Y52: 50000 | Z52: 50000 | AA52: =SUM(C52:Z52) -> 1200000 | AB52: 4 | AC52: =+AA52*AB52 -> 4800000
B53: Domingo | C53: 50000 | D53: 50000 | E53: 50000 | F53: 50000 | G53: 50000 | H53: 50000 | I53: 50000 | J53: 50000 | K53: 50000 | L53: 50000 | M53: 50000 | N53: 50000 | O53: 50000 | P53: 50000 | Q53: 50000 | R53: 50000 | S53: 50000 | T53: 50000 | U53: 50000 | V53: 50000 | W53: 50000 | X53: 50000 | Y53: 50000 | Z53: 50000 | AA53: =SUM(C53:Z53) -> 1200000 | AB53: 4 | AC53: =+AA53*AB53 -> 4800000
B54: Festivo | C54: 50000 | D54: 50000 | E54: 50000 | F54: 50000 | G54: 50000 | H54: 50000 | I54: 50000 | J54: 50000 | K54: 50000 | L54: 50000 | M54: 50000 | N54: 50000 | O54: 50000 | P54: 50000 | Q54: 50000 | R54: 50000 | S54: 50000 | T54: 50000 | U54: 50000 | V54: 50000 | W54: 50000 | X54: 50000 | Y54: 50000 | Z54: 50000 | AA54: =SUM(C54:Z54) -> 1200000 | AB54: 2 | AC54: =+AA54*AB54 -> 2400000
AD55: =+SUM(AD7:AD54) -> 438000000
