Workbook

Sheet Cantidades Producto 1
C2: CANTIDADES DE ENERGÍA SOLICITADAS (kWh)
C3: EMPRESAS PÚBLICAS DE MEDELLÍN E.S.P.
C4: 2026
C6: Mes | D6: Tipo Día | E6: Días | F6: H1 | G6: H2 | H6: H3 | I6: H4 | J6: H5 | K6: H6 | L6: H7 | M6: H8 | N6: H9 | O6: H10 | P6: H11 | Q6: H12 | R6: H13 | S6: H14 | T6: H15 | U6: H16 | V6: H17 | W6: H18 | X6: H19 | Y6: H20 | Z6: H21 | AA6: H22 | AB6: H23 | AC6: H24 | AD6: TOTAL MES
C7: Ene | D7: Ordinario | E7: 20 | F7: =+[1]Resumen!F7*1000 -> 118803.05 | G7: =+[1]Resumen!G7*1000 -> 102965.44 | H7: =+[1]Resumen!H7*1000 -> 93626.992 | I7: =+[1]Resumen!I7*1000 -> 91797.815 | J7: =+[1]Resumen!J7*1000 -> 99208.357 | K7: =+[1]Resumen!K7*1000 -> 129732.22 | L7: =+[1]Resumen!L7*1000 -> 161520.27 | M7: =+[1]Resumen!M7*1000 -> 143195.33 | ... AC7: =+[1]Resumen!AC7*1000 -> 131050.18 | AD7: =SUM(F7:AC7)*E7+SUM(F8:AC8)*E8+SUM(F9:AC9)*E9+SUM(F10:AC10)*E10 -> 1.196225e+08
D8: Sábado | E8: 5 | F8: =+[1]Resumen!F8*1000 -> 113731.69 | G8: =+[1]Resumen!G8*1000 -> 97498.696 | H8: =+[1]Resumen!H8*1000 -> 87446.258 | I8: =+[1]Resumen!I8*1000 -> 82954.404 | J8: =+[1]Resumen!J8*1000 -> 90481.271 | K8: =+[1]Resumen!K8*1000 -> 105903.93 | L8: =+[1]Resumen!L8*1000 -> 128647.02 | M8: =+[1]Resumen!M8*1000 -> 111176.43 | ... AC8: =+[1]Resumen!AC8*1000 -> 115425.43
D9: Domingo | E9: 4 | F9: =+[1]Resumen!F9*1000 -> 113723.43 | G9: =+[1]Resumen!G9*1000 -> 95929.086 | H9: =+[1]Resumen!H9*1000 -> 83793.976 | I9: =+[1]Resumen!I9*1000 -> 76877.948 | J9: =+[1]Resumen!J9*1000 -> 78613.166 | K9: =+[1]Resumen!K9*1000 -> 85486.196 | L9: =+[1]Resumen!L9*1000 -> 95888.127 | M9: =+[1]Resumen!M9*1000 -> 71128.072 | ... AC9: =+[1]Resumen!AC9*1000 -> 98213.121
D10: Festivo | E10: 2 | F10: =+[1]Resumen!F10*1000 -> 96105.208 | G10: =+[1]Resumen!G10*1000 -> 84910.786 | H10: =+[1]Resumen!H10*1000 -> 73004.789 | I10: =+[1]Resumen!I10*1000 -> 66612.361 | J10: =+[1]Resumen!J10*1000 -> 66799.961 | K10: =+[1]Resumen!K10*1000 -> 72733.852 | L10: =+[1]Resumen!L10*1000 -> 73943.476 | M10: =+[1]Resumen!M10*1000 -> 40842.905 | ... AC10: =+[1]Resumen!AC10*1000 -> 83130.958
C11: Feb | D11: Ordinario | E11: 20 | F11: =+[1]Resumen!F11*1000 -> 148904.24 | G11: =+[1]Resumen!G11*1000 -> 131850.26 | H11: =+[1]Resumen!H11*1000 -> 122882.96 | I11: =+[1]Resumen!I11*1000 -> 122286.62 | J11: =+[1]Resumen!J11*1000 -> 138689.16 | K11: =+[1]Resumen!K11*1000 -> 193109.74 | L11: =+[1]Resumen!L11*1000 -> 229558.65 | M11: =+[1]Resumen!M11*1000 -> 202595.71 | ... AC11: =+[1]Resumen!AC11*1000 -> 156975.3 | AD11: =SUM(F11:AC11)*E11+SUM(F12:AC12)*E12+SUM(F13:AC13)*E13+SUM(F14:AC14)*E14 -> 1.4518956e+08
D12: Sábado | E12: 4 | F12: =+[1]Resumen!F12*1000 -> 152302.6 | G12: =+[1]Resumen!G12*1000 -> 133240.41 | H12: =+[1]Resumen!H12*1000 -> 120948.52 | I12: =+[1]Resumen!I12*1000 -> 117010.39 | J12: =+[1]Resumen!J12*1000 -> 125498.7 | K12: =+[1]Resumen!K12*1000 -> 145616.52 | L12: =+[1]Resumen!L12*1000 -> 178665.18 | M12: =+[1]Resumen!M12*1000 -> 172555.14 | ... AC12: =+[1]Resumen!AC12*1000 -> 155587.97
D13: Domingo | E13: 4 | F13: =+[1]Resumen!F13*1000 -> 149955.14 | G13: =+[1]Resumen!G13*1000 -> 129668.37 | H13: =+[1]Resumen!H13*1000 -> 117160.52 | I13: =+[1]Resumen!I13*1000 -> 111192.77 | J13: =+[1]Resumen!J13*1000 -> 112630.14 | K13: =+[1]Resumen!K13*1000 -> 120389.52 | L13: =+[1]Resumen!L13*1000 -> 135993.78 | M13: =+[1]Resumen!M13*1000 -> 115804.01 | ... AC13: =+[1]Resumen!AC13*1000 -> 142494.35
D14: Festivo | E14: 0 | F14: =+[1]Resumen!F14*1000 -> 0 | G14: =+[1]Resumen!G14*1000 -> 0 | H14: =+[1]Resumen!H14*1000 -> 0 | I14: =+[1]Resumen!I14*1000 -> 0 | J14: =+[1]Resumen!J14*1000 -> 0 | K14: =+[1]Resumen!K14*1000 -> 0 | L14: =+[1]Resumen!L14*1000 -> 0 | M14: =+[1]Resumen!M14*1000 -> 0 | ... AC14: =+[1]Resumen!AC14*1000 -> 0
C15: Mar | D15: Ordinario | E15: 21 | F15: =+[1]Resumen!F15*1000 -> 118356.05 | G15: =+[1]Resumen!G15*1000 -> 102474.47 | H15: =+[1]Resumen!H15*1000 -> 93761.434 | I15: =+[1]Resumen!I15*1000 -> 92183.292 | J15: =+[1]Resumen!J15*1000 -> 100412.54 | K15: =+[1]Resumen!K15*1000 -> 139642.45 | L15: =+[1]Resumen!L15*1000 -> 167406.53 | M15: =+[1]Resumen!M15*1000 -> 143399.94 | ... AC15: =+[1]Resumen!AC15*1000 -> 126933.39 | AD15: =SUM(F15:AC15)*E15+SUM(F16:AC16)*E16+SUM(F17:AC17)*E17+SUM(F18:AC18)*E18 -> 1.1532532e+08
D16: Sábado | E16: 4 | F16: =+[1]Resumen!F16*1000 -> 114752.12 | G16: =+[1]Resumen!G16*1000 -> 97488.312 | H16: =+[1]Resumen!H16*1000 -> 87294.346 | I16: =+[1]Resumen!I16*1000 -> 82473.197 | J16: =+[1]Resumen!J16*1000 -> 86708.962 | K16: =+[1]Resumen!K16*1000 -> 97832.973 | L16: =+[1]Resumen!L16*1000 -> 118040.47 | M16: =+[1]Resumen!M16*1000 -> 105770.64 | ... AC16: =+[1]Resumen!AC16*1000 -> 110331.14
D17: Domingo | E17: 5 | F17: =+[1]Resumen!F17*1000 -> 111504.65 | G17: =+[1]Resumen!G17*1000 -> 95488.392 | H17: =+[1]Resumen!H17*1000 -> 84393.473 | I17: =+[1]Resumen!I17*1000 -> 78590.612 | J17: =+[1]Resumen!J17*1000 -> 79875.861 | K17: =+[1]Resumen!K17*1000 -> 84514.227 | L17: =+[1]Resumen!L17*1000 -> 93409.075 | M17: =+[1]Resumen!M17*1000 -> 70847.622 | ... AC17: =+[1]Resumen!AC17*1000 -> 92566.644
D18: Festivo | E18: 1 | F18: =+[1]Resumen!F18*1000 -> 103538.62 | G18: =+[1]Resumen!G18*1000 -> 88606.361 | H18: =+[1]Resumen!H18*1000 -> 79634.296 | I18: =+[1]Resumen!I18*1000 -> 72706.092 | J18: =+[1]Resumen!J18*1000 -> 75605.301 | K18: =+[1]Resumen!K18*1000 -> 82418.923 | L18: =+[1]Resumen!L18*1000 -> 92792.093 | M18: =+[1]Resumen!M18*1000 -> 74431.941 | ... AC18: =+[1]Resumen!AC18*1000 -> 105295.33
C19: Abr | D19: Ordinario | E19: 20 | F19: =+[1]Resumen!F19*1000 -> 122497.38 | G19: =+[1]Resumen!G19*1000 -> 107408.99 | H19: =+[1]Resumen!H19*1000 -> 99334.439 | I19: =+[1]Resumen!I19*1000 -> 99022.773 | J19: =+[1]Resumen!J19*1000 -> 113843.63 | K19: =+[1]Resumen!K19*1000 -> 163879.29 | L19: =+[1]Resumen!L19*1000 -> 196446.01 | M19: =+[1]Resumen!M19*1000 -> 169681.81 | ... AC19: =+[1]Resumen!AC19*1000 -> 132475.54 | AD19: =SUM(F19:AC19)*E19+SUM(F20:AC20)*E20+SUM(F21:AC21)*E21+SUM(F22:AC22)*E22 -> 1.2961433e+08
D20: Sábado | E20: 4 | F20: =+[1]Resumen!F20*1000 -> 131023.2 | G20: =+[1]Resumen!G20*1000 -> 115785.66 | H20: =+[1]Resumen!H20*1000 -> 102139.22 | I20: =+[1]Resumen!I20*1000 -> 98574.777 | J20: =+[1]Resumen!J20*1000 -> 107765.64 | K20: =+[1]Resumen!K20*1000 -> 127025.16 | L20: =+[1]Resumen!L20*1000 -> 163300.05 | M20: =+[1]Resumen!M20*1000 -> 161073.08 | ... AC20: =+[1]Resumen!AC20*1000 -> 127882.11
D21: Domingo | E21: 4 | F21: =+[1]Resumen!F21*1000 -> 127153.85 | G21: =+[1]Resumen!G21*1000 -> 108881.56 | H21: =+[1]Resumen!H21*1000 -> 96649.856 | I21: =+[1]Resumen!I21*1000 -> 90087.21 | J21: =+[1]Resumen!J21*1000 -> 90932.233 | K21: =+[1]Resumen!K21*1000 -> 96818.331 | L21: =+[1]Resumen!L21*1000 -> 110910.75 | M21: =+[1]Resumen!M21*1000 -> 91092.448 | ... AC21: =+[1]Resumen!AC21*1000 -> 106139.72
D22: Festivo | E22: 2 | F22: =+[1]Resumen!F22*1000 -> 128881.36 | G22: =+[1]Resumen!G22*1000 -> 111265.41 | H22: =+[1]Resumen!H22*1000 -> 98371.298 | I22: =+[1]Resumen!I22*1000 -> 90771.637 | J22: =+[1]Resumen!J22*1000 -> 90692.426 | K22: =+[1]Resumen!K22*1000 -> 95777.052 | L22: =+[1]Resumen!L22*1000 -> 108192.12 | M22: =+[1]Resumen!M22*1000 -> 88450.358 | ... AC22: =+[1]Resumen!AC22*1000 -> 108896.75
C23: May | D23: Ordinario | E23: 19 | F23: =+[1]Resumen!F23*1000 -> 99546.372 | G23: =+[1]Resumen!G23*1000 -> 81129.397 | H23: =+[1]Resumen!H23*1000 -> 71396.972 | I23: =+[1]Resumen!I23*1000 -> 67725.535 | J23: =+[1]Resumen!J23*1000 -> 66158.122 | K23: =+[1]Resumen!K23*1000 -> 74017.588 | L23: =+[1]Resumen!L23*1000 -> 98901.45 | M23: =+[1]Resumen!M23*1000 -> 96021.54 | ... AC23: =+[1]Resumen!AC23*1000 -> 97627.197 | AD23: =SUM(F23:AC23)*E23+SUM(F24:AC24)*E24+SUM(F25:AC25)*E25+SUM(F26:AC26)*E26 -> 1.1674581e+08
D24: Sábado | E24: 5 | F24: =+[1]Resumen!F24*1000 -> 65508.152 | G24: =+[1]Resumen!G24*1000 -> 55577.851 | H24: =+[1]Resumen!H24*1000 -> 48308.672 | I24: =+[1]Resumen!I24*1000 -> 49455.265 | J24: =+[1]Resumen!J24*1000 -> 66429.311 | K24: =+[1]Resumen!K24*1000 -> 96187.898 | L24: =+[1]Resumen!L24*1000 -> 149388.56 | M24: =+[1]Resumen!M24*1000 -> 152116.73 | ... AC24: =+[1]Resumen!AC24*1000 -> 88592.434
D25: Domingo | E25: 5 | F25: =+[1]Resumen!F25*1000 -> 82610.959 | G25: =+[1]Resumen!G25*1000 -> 70678.132 | H25: =+[1]Resumen!H25*1000 -> 62419.694 | I25: =+[1]Resumen!I25*1000 -> 62896.364 | J25: =+[1]Resumen!J25*1000 -> 87749.838 | K25: =+[1]Resumen!K25*1000 -> 124024.95 | L25: =+[1]Resumen!L25*1000 -> 187843.37 | M25: =+[1]Resumen!M25*1000 -> 199628.29 | ... AC25: =+[1]Resumen!AC25*1000 -> 107944.64
D26: Festivo | E26: 2 | F26: =+[1]Resumen!F26*1000 -> 93558.971 | G26: =+[1]Resumen!G26*1000 -> 75511.724 | H26: =+[1]Resumen!H26*1000 -> 66698.888 | I26: =+[1]Resumen!I26*1000 -> 66132.393 | J26: =+[1]Resumen!J26*1000 -> 82520.594 | K26: =+[1]Resumen!K26*1000 -> 105726.36 | L26: =+[1]Resumen!L26*1000 -> 151488.62 | M26: =+[1]Resumen!M26*1000 -> 155277.68 | ... AC26: =+[1]Resumen!AC26*1000 -> 98781.078
C27: Jun | D27: Ordinario | E27: 19 | F27: =+[1]Resumen!F27*1000 -> 126298.32 | G27: =+[1]Resumen!G27*1000 -> 109995.82 | H27: =+[1]Resumen!H27*1000 -> 100746.67 | I27: =+[1]Resumen!I27*1000 -> 100971.9 | J27: =+[1]Resumen!J27*1000 -> 111518.58 | K27: =+[1]Resumen!K27*1000 -> 142956.56 | L27: =+[1]Resumen!L27*1000 -> 178640.11 | M27: =+[1]Resumen!M27*1000 -> 166696.27 | ... AC27: =+[1]Resumen!AC27*1000 -> 136726.93 | AD27: =SUM(F27:AC27)*E27+SUM(F28:AC28)*E28+SUM(F29:AC29)*E29+SUM(F30:AC30)*E30 -> 1.2827847e+08
D28: Sábado | E28: 4 | F28: =+[1]Resumen!F28*1000 -> 130896.96 | G28: =+[1]Resumen!G28*1000 -> 112114.8 | H28: =+[1]Resumen!H28*1000 -> 103306.64 | I28: =+[1]Resumen!I28*1000 -> 98278.053 | J28: =+[1]Resumen!J28*1000 -> 106551.69 | K28: =+[1]Resumen!K28*1000 -> 121763.39 | L28: =+[1]Resumen!L28*1000 -> 154030.87 | M28: =+[1]Resumen!M28*1000 -> 141554.41 | ... AC28: =+[1]Resumen!AC28*1000 -> 128319.54
D29: Domingo | E29: 4 | F29: =+[1]Resumen!F29*1000 -> 130270.27 | G29: =+[1]Resumen!G29*1000 -> 113023.56 | H29: =+[1]Resumen!H29*1000 -> 99950.708 | I29: =+[1]Resumen!I29*1000 -> 92738.23 | J29: =+[1]Resumen!J29*1000 -> 92948.665 | K29: =+[1]Resumen!K29*1000 -> 98233.392 | L29: =+[1]Resumen!L29*1000 -> 109063.64 | M29: =+[1]Resumen!M29*1000 -> 87684.647 | ... AC29: =+[1]Resumen!AC29*1000 -> 111664.03
D30: Festivo | E30: 3 | F30: =+[1]Resumen!F30*1000 -> 119360.9 | G30: =+[1]Resumen!G30*1000 -> 104300.16 | H30: =+[1]Resumen!H30*1000 -> 93714.152 | I30: =+[1]Resumen!I30*1000 -> 89127.259 | J30: =+[1]Resumen!J30*1000 -> 92447.021 | K30: =+[1]Resumen!K30*1000 -> 98042.983 | L30: =+[1]Resumen!L30*1000 -> 113008.46 | M30: =+[1]Resumen!M30*1000 -> 96638.507 | ... AC30: =+[1]Resumen!AC30*1000 -> 115066.38
C31: Jul | D31: Ordinario | E31: 22 | F31: =+[1]Resumen!F31*1000 -> 111395.06 | G31: =+[1]Resumen!G31*1000 -> 95549.342 | H31: =+[1]Resumen!H31*1000 -> 86511.813 | I31: =+[1]Resumen!I31*1000 -> 84800.992 | J31: =+[1]Resumen!J31*1000 -> 93713.584 | K31: =+[1]Resumen!K31*1000 -> 130766.24 | L31: =+[1]Resumen!L31*1000 -> 161606.47 | M31: =+[1]Resumen!M31*1000 -> 138969.21 | ... AC31: =+[1]Resumen!AC31*1000 -> 113949.5 | AD31: =SUM(F31:AC31)*E31+SUM(F32:AC32)*E32+SUM(F33:AC33)*E33+SUM(F34:AC34)*E34 -> 1.146364e+08
D32: Sábado | E32: 4 | F32: =+[1]Resumen!F32*1000 -> 94480.721 | G32: =+[1]Resumen!G32*1000 -> 78200.282 | H32: =+[1]Resumen!H32*1000 -> 70254.735 | I32: =+[1]Resumen!I32*1000 -> 66910.173 | J32: =+[1]Resumen!J32*1000 -> 73361.995 | K32: =+[1]Resumen!K32*1000 -> 87097.96 | L32: =+[1]Resumen!L32*1000 -> 114925.82 | M32: =+[1]Resumen!M32*1000 -> 105411.87 | ... AC32: =+[1]Resumen!AC32*1000 -> 104711.86
D33: Domingo | E33: 4 | F33: =+[1]Resumen!F33*1000 -> 104995.13 | G33: =+[1]Resumen!G33*1000 -> 89480.85 | H33: =+[1]Resumen!H33*1000 -> 77508.266 | I33: =+[1]Resumen!I33*1000 -> 70866.596 | J33: =+[1]Resumen!J33*1000 -> 72472.088 | K33: =+[1]Resumen!K33*1000 -> 76677.508 | L33: =+[1]Resumen!L33*1000 -> 86786.574 | M33: =+[1]Resumen!M33*1000 -> 65230.885 | ... AC33: =+[1]Resumen!AC33*1000 -> 103027.65
D34: Festivo | E34: 1 | F34: =+[1]Resumen!F34*1000 -> 93016.275 | G34: =+[1]Resumen!G34*1000 -> 77028.305 | H34: =+[1]Resumen!H34*1000 -> 62098.385 | I34: =+[1]Resumen!I34*1000 -> 57687.715 | J34: =+[1]Resumen!J34*1000 -> 60148.628 | K34: =+[1]Resumen!K34*1000 -> 68814.671 | L34: =+[1]Resumen!L34*1000 -> 85410.852 | M34: =+[1]Resumen!M34*1000 -> 67324.317 | ... AC34: =+[1]Resumen!AC34*1000 -> 94870.993
C35: Ago | D35: Ordinario | E35: 19 | F35: =+[1]Resumen!F35*1000 -> 116018.31 | G35: =+[1]Resumen!G35*1000 -> 101434.98 | H35: =+[1]Resumen!H35*1000 -> 93375.266 | I35: =+[1]Resumen!I35*1000 -> 92247.186 | J35: =+[1]Resumen!J35*1000 -> 103398.42 | K35: =+[1]Resumen!K35*1000 -> 145002.07 | L35: =+[1]Resumen!L35*1000 -> 179527.26 | M35: =+[1]Resumen!M35*1000 -> 156646.53 | ... AC35: =+[1]Resumen!AC35*1000 -> 127383.1 | AD35: =SUM(F35:AC35)*E35+SUM(F36:AC36)*E36+SUM(F37:AC37)*E37+SUM(F38:AC38)*E38 -> 1.2230665e+08
D36: Sábado | E36: 5 | F36: =+[1]Resumen!F36*1000 -> 127554.56 | G36: =+[1]Resumen!G36*1000 -> 108898.14 | H36: =+[1]Resumen!H36*1000 -> 97110.007 | I36: =+[1]Resumen!I36*1000 -> 91193.694 | J36: =+[1]Resumen!J36*1000 -> 96745.608 | K36: =+[1]Resumen!K36*1000 -> 111546.48 | L36: =+[1]Resumen!L36*1000 -> 138647.11 | M36: =+[1]Resumen!M36*1000 -> 127470.83 | ... AC36: =+[1]Resumen!AC36*1000 -> 113318.02
D37: Domingo | E37: 5 | F37: =+[1]Resumen!F37*1000 -> 105974.65 | G37: =+[1]Resumen!G37*1000 -> 90750.372 | H37: =+[1]Resumen!H37*1000 -> 81208.745 | I37: =+[1]Resumen!I37*1000 -> 76092.945 | J37: =+[1]Resumen!J37*1000 -> 76903.778 | K37: =+[1]Resumen!K37*1000 -> 84595.339 | L37: =+[1]Resumen!L37*1000 -> 94833.483 | M37: =+[1]Resumen!M37*1000 -> 73997.663 | ... AC37: =+[1]Resumen!AC37*1000 -> 96357.006
D38: Festivo | E38: 2 | F38: =+[1]Resumen!F38*1000 -> 111048.4 | G38: =+[1]Resumen!G38*1000 -> 96990.19 | H38: =+[1]Resumen!H38*1000 -> 87054.61 | I38: =+[1]Resumen!I38*1000 -> 82412.212 | J38: =+[1]Resumen!J38*1000 -> 86221.735 | K38: =+[1]Resumen!K38*1000 -> 92719.579 | L38: =+[1]Resumen!L38*1000 -> 104768.7 | M38: =+[1]Resumen!M38*1000 -> 85093.807 | ... AC38: =+[1]Resumen!AC38*1000 -> 96732.797
C39: Sep | D39: Ordinario | E39: 22 | F39: =+[1]Resumen!F39*1000 -> 122809.59 | G39: =+[1]Resumen!G39*1000 -> 107837.44 | H39: =+[1]Resumen!H39*1000 -> 99418.993 | I39: =+[1]Resumen!I39*1000 -> 98469.153 | J39: =+[1]Resumen!J39*1000 -> 108821.95 | K39: =+[1]Resumen!K39*1000 -> 148947.87 | L39: =+[1]Resumen!L39*1000 -> 182723.34 | M39: =+[1]Resumen!M39*1000 -> 162830.14 | ... AC39: =+[1]Resumen!AC39*1000 -> 133752.25 | AD39: =SUM(F39:AC39)*E39+SUM(F40:AC40)*E40+SUM(F41:AC41)*E41+SUM(F42:AC42)*E42 -> 1.2785128e+08
D40: Sábado | E40: 4 | F40: =+[1]Resumen!F40*1000 -> 122014.01 | G40: =+[1]Resumen!G40*1000 -> 105531.49 | H40: =+[1]Resumen!H40*1000 -> 95634.803 | I40: =+[1]Resumen!I40*1000 -> 91279.905 | J40: =+[1]Resumen!J40*1000 -> 98019.587 | K40: =+[1]Resumen!K40*1000 -> 115169.69 | L40: =+[1]Resumen!L40*1000 -> 141733.45 | M40: =+[1]Resumen!M40*1000 -> 132093.29 | ... AC40: =+[1]Resumen!AC40*1000 -> 116274.35
D41: Domingo | E41: 4 | F41: =+[1]Resumen!F41*1000 -> 116121.45 | G41: =+[1]Resumen!G41*1000 -> 99250.793 | H41: =+[1]Resumen!H41*1000 -> 87315.79 | I41: =+[1]Resumen!I41*1000 -> 80667.157 | J41: =+[1]Resumen!J41*1000 -> 82086.114 | K41: =+[1]Resumen!K41*1000 -> 85145.791 | L41: =+[1]Resumen!L41*1000 -> 97500.078 | M41: =+[1]Resumen!M41*1000 -> 77010.166 | ... AC41: =+[1]Resumen!AC41*1000 -> 95820.481
D42: Festivo | E42: 0 | F42: =+[1]Resumen!F42*1000 -> 0 | G42: =+[1]Resumen!G42*1000 -> 0 | H42: =+[1]Resumen!H42*1000 -> 0 | I42: =+[1]Resumen!I42*1000 -> 0 | J42: =+[1]Resumen!J42*1000 -> 0 | K42: =+[1]Resumen!K42*1000 -> 0 | L42: =+[1]Resumen!L42*1000 -> 0 | M42: =+[1]Resumen!M42*1000 -> 0 | ... AC42: =+[1]Resumen!AC42*1000 -> 0
C43: Oct | D43: Ordinario | E43: 21 | F43: =+[1]Resumen!F43*1000 -> 100895.86 | G43: =+[1]Resumen!G43*1000 -> 86071.407 | H43: =+[1]Resumen!H43*1000 -> 78442.185 | I43: =+[1]Resumen!I43*1000 -> 78466.589 | J43: =+[1]Resumen!J43*1000 -> 89239.768 | K43: =+[1]Resumen!K43*1000 -> 126550.17 | L43: =+[1]Resumen!L43*1000 -> 162984.48 | M43: =+[1]Resumen!M43*1000 -> 144070.72 | ... AC43: =+[1]Resumen!AC43*1000 -> 111422.85 | AD43: =SUM(F43:AC43)*E43+SUM(F44:AC44)*E44+SUM(F45:AC45)*E45+SUM(F46:AC46)*E46 -> 1.1762924e+08
D44: Sábado | E44: 5 | F44: =+[1]Resumen!F44*1000 -> 115123.81 | G44: =+[1]Resumen!G44*1000 -> 95750.948 | H44: =+[1]Resumen!H44*1000 -> 85845.361 | I44: =+[1]Resumen!I44*1000 -> 81148.782 | J44: =+[1]Resumen!J44*1000 -> 88294.493 | K44: =+[1]Resumen!K44*1000 -> 103988.69 | L44: =+[1]Resumen!L44*1000 -> 130715.71 | M44: =+[1]Resumen!M44*1000 -> 118908.27 | ... AC44: =+[1]Resumen!AC44*1000 -> 114495.46
D45: Domingo | E45: 4 | F45: =+[1]Resumen!F45*1000 -> 114443.1 | G45: =+[1]Resumen!G45*1000 -> 96969.768 | H45: =+[1]Resumen!H45*1000 -> 86779.323 | I45: =+[1]Resumen!I45*1000 -> 80336.372 | J45: =+[1]Resumen!J45*1000 -> 80523.461 | K45: =+[1]Resumen!K45*1000 -> 85098.574 | L45: =+[1]Resumen!L45*1000 -> 97537.999 | M45: =+[1]Resumen!M45*1000 -> 77843.825 | ... AC45: =+[1]Resumen!AC45*1000 -> 91258.079
D46: Festivo | E46: 1 | F46: =+[1]Resumen!F46*1000 -> 102744.34 | G46: =+[1]Resumen!G46*1000 -> 88734.913 | H46: =+[1]Resumen!H46*1000 -> 79264.899 | I46: =+[1]Resumen!I46*1000 -> 75306.654 | J46: =+[1]Resumen!J46*1000 -> 78825.437 | K46: =+[1]Resumen!K46*1000 -> 85376.532 | L46: =+[1]Resumen!L46*1000 -> 96239.608 | M46: =+[1]Resumen!M46*1000 -> 75772.494 | ... AC46: =+[1]Resumen!AC46*1000 -> 85985.946
C47: Nov | D47: Ordinario | E47: 19 | F47: =+[1]Resumen!F47*1000 -> 127761.77 | G47: =+[1]Resumen!G47*1000 -> 111226.24 | H47: =+[1]Resumen!H47*1000 -> 103707.9 | I47: =+[1]Resumen!I47*1000 -> 104034.59 | J47: =+[1]Resumen!J47*1000 -> 114844.64 | K47: =+[1]Resumen!K47*1000 -> 152407.57 | L47: =+[1]Resumen!L47*1000 -> 192666.18 | M47: =+[1]Resumen!M47*1000 -> 178064.84 | ... AC47: =+[1]Resumen!AC47*1000 -> 137564.82 | AD47: =SUM(F47:AC47)*E47+SUM(F48:AC48)*E48+SUM(F49:AC49)*E49+SUM(F50:AC50)*E50 -> 1.3092664e+08
D48: Sábado | E48: 4 | F48: =+[1]Resumen!F48*1000 -> 126274.01 | G48: =+[1]Resumen!G48*1000 -> 107877.08 | H48: =+[1]Resumen!H48*1000 -> 97724.022 | I48: =+[1]Resumen!I48*1000 -> 94745.58 | J48: =+[1]Resumen!J48*1000 -> 104236.26 | K48: =+[1]Resumen!K48*1000 -> 123937.33 | L48: =+[1]Resumen!L48*1000 -> 155283.27 | M48: =+[1]Resumen!M48*1000 -> 150019.82 | ... AC48: =+[1]Resumen!AC48*1000 -> 125515.96
D49: Domingo | E49: 5 | F49: =+[1]Resumen!F49*1000 -> 112526.76 | G49: =+[1]Resumen!G49*1000 -> 94912.089 | H49: =+[1]Resumen!H49*1000 -> 84606.191 | I49: =+[1]Resumen!I49*1000 -> 79857.412 | J49: =+[1]Resumen!J49*1000 -> 81596.209 | K49: =+[1]Resumen!K49*1000 -> 88954.155 | L49: =+[1]Resumen!L49*1000 -> 103435.08 | M49: =+[1]Resumen!M49*1000 -> 87732.635 | ... AC49: =+[1]Resumen!AC49*1000 -> 105777.74
D50: Festivo | E50: 2 | F50: =+[1]Resumen!F50*1000 -> 109374.32 | G50: =+[1]Resumen!G50*1000 -> 92670.677 | H50: =+[1]Resumen!H50*1000 -> 82775.308 | I50: =+[1]Resumen!I50*1000 -> 77652.315 | J50: =+[1]Resumen!J50*1000 -> 82772.593 | K50: =+[1]Resumen!K50*1000 -> 93150.041 | L50: =+[1]Resumen!L50*1000 -> 104103.85 | M50: =+[1]Resumen!M50*1000 -> 81240.753 | ... AC50: =+[1]Resumen!AC50*1000 -> 93376.109
C51: Dic | D51: Ordinario | E51: 21 | F51: =+[1]Resumen!F51*1000 -> 119386.79 | G51: =+[1]Resumen!G51*1000 -> 102543.25 | H51: =+[1]Resumen!H51*1000 -> 93087.471 | I51: =+[1]Resumen!I51*1000 -> 91440.437 | J51: =+[1]Resumen!J51*1000 -> 96797.426 | K51: =+[1]Resumen!K51*1000 -> 121205.23 | L51: =+[1]Resumen!L51*1000 -> 151927.67 | M51: =+[1]Resumen!M51*1000 -> 141214.35 | ... AC51: =+[1]Resumen!AC51*1000 -> 131206.02 | AD51: =SUM(F51:AC51)*E51+SUM(F52:AC52)*E52+SUM(F53:AC53)*E53+SUM(F54:AC54)*E54 -> 1.2065033e+08
D52: Sábado | E52: 4 | F52: =+[1]Resumen!F52*1000 -> 121311.83 | G52: =+[1]Resumen!G52*1000 -> 101543.66 | H52: =+[1]Resumen!H52*1000 -> 91669.753 | I52: =+[1]Resumen!I52*1000 -> 87183.285 | J52: =+[1]Resumen!J52*1000 -> 92429.602 | K52: =+[1]Resumen!K52*1000 -> 106502.09 | L52: =+[1]Resumen!L52*1000 -> 129695.07 | M52: =+[1]Resumen!M52*1000 -> 117762.96 | ... AC52: =+[1]Resumen!AC52*1000 -> 116711.66
D53: Domingo | E53: 4 | F53: =+[1]Resumen!F53*1000 -> 123868.7 | G53: =+[1]Resumen!G53*1000 -> 102408.68 | H53: =+[1]Resumen!H53*1000 -> 92096.261 | I53: =+[1]Resumen!I53*1000 -> 85117.217 | J53: =+[1]Resumen!J53*1000 -> 83993.386 | K53: =+[1]Resumen!K53*1000 -> 91278.09 | L53: =+[1]Resumen!L53*1000 -> 102625.4 | M53: =+[1]Resumen!M53*1000 -> 79195.547 | ... AC53: =+[1]Resumen!AC53*1000 -> 107748.66
D54: Festivo | E54: 2 | F54: =+[1]Resumen!F54*1000 -> 105173.9 | G54: =+[1]Resumen!G54*1000 -> 91529.967 | H54: =+[1]Resumen!H54*1000 -> 80001.778 | I54: =+[1]Resumen!I54*1000 -> 71589.253 | J54: =+[1]Resumen!J54*1000 -> 68470.132 | K54: =+[1]Resumen!K54*1000 -> 70383.813 | L54: =+[1]Resumen!L54*1000 -> 73563.645 | M54: =+[1]Resumen!M54*1000 -> 42375.703 | ... AC54: =+[1]Resumen!AC54*1000 -> 88703.423
AA55: TOTAL AÑO kWh | AD55: =SUM(AD7:AD54) -> 1.4887765e+09

Sheet Cantidades Producto 2
C2: CANTIDADES DE ENERGÍA SOLICITADAS (kWh)
C3: EMPRESAS PÚBLICAS DE MEDELLÍN E.S.P.
C4: 2027
C6: Mes | D6: Tipo Día | E6: Días | F6: H1 | G6: H2 | H6: H3 | I6: H4 | J6: H5 | K6: H6 | L6: H7 | M6: H8 | N6: H9 | O6: H10 | P6: H11 | Q6: H12 | R6: H13 | S6: H14 | T6: H15 | U6: H16 | V6: H17 | W6: H18 | X6: H19 | Y6: H20 | Z6: H21 | AA6: H22 | AB6: H23 | AC6: H24 | AD6: TOTAL MES
C7: Ene | D7: Ordinario | E7: 19 | F7: =+[2]Resumen!F7*1000 -> 115710.32 | G7: =+[2]Resumen!G7*1000 -> 101957.94 | H7: =+[2]Resumen!H7*1000 -> 93538.938 | I7: =+[2]Resumen!I7*1000 -> 91675.173 | J7: =+[2]Resumen!J7*1000 -> 97686.288 | K7: =+[2]Resumen!K7*1000 -> 124543.34 | L7: =+[2]Resumen!L7*1000 -> 151353.3 | M7: =+[2]Resumen!M7*1000 -> 149962.64 | ... AC7: =+[2]Resumen!AC7*1000 -> 120528.2 | AD7: =SUM(F7:AC7)*E7+SUM(F8:AC8)*E8+SUM(F9:AC9)*E9+SUM(F10:AC10)*E10 -> 1.1354692e+08
D8: Sábado | E8: 5 | F8: =+[2]Resumen!F8*1000 -> 110346.05 | G8: =+[2]Resumen!G8*1000 -> 96453.5 | H8: =+[2]Resumen!H8*1000 -> 87470.246 | I8: =+[2]Resumen!I8*1000 -> 83063.781 | J8: =+[2]Resumen!J8*1000 -> 89294.708 | K8: =+[2]Resumen!K8*1000 -> 102528.35 | L8: =+[2]Resumen!L8*1000 -> 121151.68 | M8: =+[2]Resumen!M8*1000 -> 120428.82 | ... AC8: =+[2]Resumen!AC8*1000 -> 105364.25
D9: Domingo | E9: 5 | F9: =+[2]Resumen!F9*1000 -> 111200.19 | G9: =+[2]Resumen!G9*1000 -> 95703.301 | H9: =+[2]Resumen!H9*1000 -> 84804.677 | I9: =+[2]Resumen!I9*1000 -> 78266.48 | J9: =+[2]Resumen!J9*1000 -> 79855.6 | K9: =+[2]Resumen!K9*1000 -> 85888.576 | L9: =+[2]Resumen!L9*1000 -> 94614.885 | M9: =+[2]Resumen!M9*1000 -> 88121.043 | ... AC9: =+[2]Resumen!AC9*1000 -> 89092.621
D10: Festivo | E10: 2 | F10: =+[2]Resumen!F10*1000 -> 90234.562 | G10: =+[2]Resumen!G10*1000 -> 81366.752 | H10: =+[2]Resumen!H10*1000 -> 71366.057 | I10: =+[2]Resumen!I10*1000 -> 65984.807 | J10: =+[2]Resumen!J10*1000 -> 66237.569 | K10: =+[2]Resumen!K10*1000 -> 71995.244 | L10: =+[2]Resumen!L10*1000 -> 72167.404 | M10: =+[2]Resumen!M10*1000 -> 58277.004 | ... AC10: =+[2]Resumen!AC10*1000 -> 74514.476
C11: Feb | D11: Ordinario | E11: 20 | F11: =+[2]Resumen!F11*1000 -> 142727.67 | G11: =+[2]Resumen!G11*1000 -> 127519.34 | H11: =+[2]Resumen!H11*1000 -> 119498.97 | I11: =+[2]Resumen!I11*1000 -> 118620.55 | J11: =+[2]Resumen!J11*1000 -> 132857.02 | K11: =+[2]Resumen!K11*1000 -> 181222.63 | L11: =+[2]Resumen!L11*1000 -> 212287.64 | M11: =+[2]Resumen!M11*1000 -> 203982.92 | ... AC11: =+[2]Resumen!AC11*1000 -> 142613.71 | AD11: =SUM(F11:AC11)*E11+SUM(F12:AC12)*E12+SUM(F13:AC13)*E13+SUM(F14:AC14)*E14 -> 1.3781334e+08
D12: Sábado | E12: 4 | F12: =+[2]Resumen!F12*1000 -> 145400.79 | G12: =+[2]Resumen!G12*1000 -> 128442.64 | H12: =+[2]Resumen!H12*1000 -> 117247.55 | I12: =+[2]Resumen!I12*1000 -> 113283.47 | J12: =+[2]Resumen!J12*1000 -> 119871.57 | K12: =+[2]Resumen!K12*1000 -> 137437.93 | L12: =+[2]Resumen!L12*1000 -> 166364.21 | M12: =+[2]Resumen!M12*1000 -> 176787.25 | ... AC12: =+[2]Resumen!AC12*1000 -> 142380.91
D13: Domingo | E13: 4 | F13: =+[2]Resumen!F13*1000 -> 143518.8 | G13: =+[2]Resumen!G13*1000 -> 125387.63 | H13: =+[2]Resumen!H13*1000 -> 114268.27 | I13: =+[2]Resumen!I13*1000 -> 108837.66 | J13: =+[2]Resumen!J13*1000 -> 109750.36 | K13: =+[2]Resumen!K13*1000 -> 116593.88 | L13: =+[2]Resumen!L13*1000 -> 130257.06 | M13: =+[2]Resumen!M13*1000 -> 128468.55 | ... AC13: =+[2]Resumen!AC13*1000 -> 132078.38
D14: Festivo | E14: 0 | F14: =+[2]Resumen!F14*1000 -> 0 | G14: =+[2]Resumen!G14*1000 -> 0 | H14: =+[2]Resumen!H14*1000 -> 0 | I14: =+[2]Resumen!I14*1000 -> 0 | J14: =+[2]Resumen!J14*1000 -> 0 | K14: =+[2]Resumen!K14*1000 -> 0 | L14: =+[2]Resumen!L14*1000 -> 0 | M14: =+[2]Resumen!M14*1000 -> 0 | ... AC14: =+[2]Resumen!AC14*1000 -> 0
C15: Mar | D15: Ordinario | E15: 20 | F15: =+[2]Resumen!F15*1000 -> 113341.39 | G15: =+[2]Resumen!G15*1000 -> 99310.301 | H15: =+[2]Resumen!H15*1000 -> 91432.503 | I15: =+[2]Resumen!I15*1000 -> 89602.138 | J15: =+[2]Resumen!J15*1000 -> 94827.59 | K15: =+[2]Resumen!K15*1000 -> 126965.08 | L15: =+[2]Resumen!L15*1000 -> 148993.76 | M15: =+[2]Resumen!M15*1000 -> 143269.29 | ... AC15: =+[2]Resumen!AC15*1000 -> 113642.51 | AD15: =SUM(F15:AC15)*E15+SUM(F16:AC16)*E16+SUM(F17:AC17)*E17+SUM(F18:AC18)*E18 -> 1.04893e+08
D16: Sábado | E16: 4 | F16: =+[2]Resumen!F16*1000 -> 107964.46 | G16: =+[2]Resumen!G16*1000 -> 92967.496 | H16: =+[2]Resumen!H16*1000 -> 83944.946 | I16: =+[2]Resumen!I16*1000 -> 79151.774 | J16: =+[2]Resumen!J16*1000 -> 81136.254 | K16: =+[2]Resumen!K16*1000 -> 88965.318 | L16: =+[2]Resumen!L16*1000 -> 103584.76 | M16: =+[2]Resumen!M16*1000 -> 107605.08 | ... AC16: =+[2]Resumen!AC16*1000 -> 97195.144
D17: Domingo | E17: 4 | F17: =+[2]Resumen!F17*1000 -> 105494.67 | G17: =+[2]Resumen!G17*1000 -> 92184.735 | H17: =+[2]Resumen!H17*1000 -> 82264.727 | I17: =+[2]Resumen!I17*1000 -> 77269.529 | J17: =+[2]Resumen!J17*1000 -> 77995.087 | K17: =+[2]Resumen!K17*1000 -> 81161.016 | L17: =+[2]Resumen!L17*1000 -> 87758.313 | M17: =+[2]Resumen!M17*1000 -> 82461.49 | ... AC17: =+[2]Resumen!AC17*1000 -> 81956.079
D18: Festivo | E18: 3 | F18: =+[2]Resumen!F18*1000 -> 96957.166 | G18: =+[2]Resumen!G18*1000 -> 84721.667 | H18: =+[2]Resumen!H18*1000 -> 77103.479 | I18: =+[2]Resumen!I18*1000 -> 70388.225 | J18: =+[2]Resumen!J18*1000 -> 72782.217 | K18: =+[2]Resumen!K18*1000 -> 77741.25 | L18: =+[2]Resumen!L18*1000 -> 86180.909 | M18: =+[2]Resumen!M18*1000 -> 86701.173 | ... AC18: =+[2]Resumen!AC18*1000 -> 93552.032
C19: Abr | D19: Ordinario | E19: 22 | F19: =+[2]Resumen!F19*1000 -> 111767.55 | G19: =+[2]Resumen!G19*1000 -> 98873.672 | H19: =+[2]Resumen!H19*1000 -> 91876.993 | I19: =+[2]Resumen!I19*1000 -> 91489.554 | J19: =+[2]Resumen!J19*1000 -> 103887.38 | K19: =+[2]Resumen!K19*1000 -> 147957.92 | L19: =+[2]Resumen!L19*1000 -> 174706.73 | M19: =+[2]Resumen!M19*1000 -> 164771.58 | ... AC19: =+[2]Resumen!AC19*1000 -> 113022.66 | AD19: =SUM(F19:AC19)*E19+SUM(F20:AC20)*E20+SUM(F21:AC21)*E21+SUM(F22:AC22)*E22 -> 1.1894706e+08
D20: Sábado | E20: 4 | F20: =+[2]Resumen!F20*1000 -> 119958.46 | G20: =+[2]Resumen!G20*1000 -> 107505.13 | H20: =+[2]Resumen!H20*1000 -> 95121.248 | I20: =+[2]Resumen!I20*1000 -> 91683.567 | J20: =+[2]Resumen!J20*1000 -> 98874.67 | K20: =+[2]Resumen!K20*1000 -> 115729.76 | L20: =+[2]Resumen!L20*1000 -> 147326.36 | M20: =+[2]Resumen!M20*1000 -> 160960.53 | ... AC20: =+[2]Resumen!AC20*1000 -> 108852.3
D21: Domingo | E21: 4 | F21: =+[2]Resumen!F21*1000 -> 115356.24 | G21: =+[2]Resumen!G21*1000 -> 99824.129 | H21: =+[2]Resumen!H21*1000 -> 89159.986 | I21: =+[2]Resumen!I21*1000 -> 83360.821 | J21: =+[2]Resumen!J21*1000 -> 83602.105 | K21: =+[2]Resumen!K21*1000 -> 88470.274 | L21: =+[2]Resumen!L21*1000 -> 100309.76 | M21: =+[2]Resumen!M21*1000 -> 97102.27 | ... AC21: =+[2]Resumen!AC21*1000 -> 89357.838
D22: Festivo | E22: 0 | F22: =+[2]Resumen!F22*1000 -> 0 | G22: =+[2]Resumen!G22*1000 -> 0 | H22: =+[2]Resumen!H22*1000 -> 0 | I22: =+[2]Resumen!I22*1000 -> 0 | J22: =+[2]Resumen!J22*1000 -> 0 | K22: =+[2]Resumen!K22*1000 -> 0 | L22: =+[2]Resumen!L22*1000 -> 0 | M22: =+[2]Resumen!M22*1000 -> 0 | ... AC22: =+[2]Resumen!AC22*1000 -> 0
C23: May | D23: Ordinario | E23: 19 | F23: =+[2]Resumen!F23*1000 -> 90690.455 | G23: =+[2]Resumen!G23*1000 -> 73819.683 | H23: =+[2]Resumen!H23*1000 -> 64953.015 | I23: =+[2]Resumen!I23*1000 -> 61046.134 | J23: =+[2]Resumen!J23*1000 -> 55625.489 | K23: =+[2]Resumen!K23*1000 -> 53551.448 | L23: =+[2]Resumen!L23*1000 -> 71946.579 | M23: =+[2]Resumen!M23*1000 -> 87920.807 | ... AC23: =+[2]Resumen!AC23*1000 -> 79637.974 | AD23: =SUM(F23:AC23)*E23+SUM(F24:AC24)*E24+SUM(F25:AC25)*E25+SUM(F26:AC26)*E26 -> 1.068194e+08
D24: Sábado | E24: 4 | F24: =+[2]Resumen!F24*1000 -> 53036.379 | G24: =+[2]Resumen!G24*1000 -> 45739.064 | H24: =+[2]Resumen!H24*1000 -> 40252.752 | I24: =+[2]Resumen!I24*1000 -> 42449.716 | J24: =+[2]Resumen!J24*1000 -> 59196.452 | K24: =+[2]Resumen!K24*1000 -> 88540.046 | L24: =+[2]Resumen!L24*1000 -> 139151.93 | M24: =+[2]Resumen!M24*1000 -> 157722.78 | ... AC24: =+[2]Resumen!AC24*1000 -> 71876.396
D25: Domingo | E25: 5 | F25: =+[2]Resumen!F25*1000 -> 72477.72 | G25: =+[2]Resumen!G25*1000 -> 63715.108 | H25: =+[2]Resumen!H25*1000 -> 57695.682 | I25: =+[2]Resumen!I25*1000 -> 60232.601 | J25: =+[2]Resumen!J25*1000 -> 87434.857 | K25: =+[2]Resumen!K25*1000 -> 127702.94 | L25: =+[2]Resumen!L25*1000 -> 193545.52 | M25: =+[2]Resumen!M25*1000 -> 224754.1 | ... AC25: =+[2]Resumen!AC25*1000 -> 96473.784
D26: Festivo | E26: 3 | F26: =+[2]Resumen!F26*1000 -> 85548.637 | G26: =+[2]Resumen!G26*1000 -> 70010.46 | H26: =+[2]Resumen!H26*1000 -> 62449.132 | I26: =+[2]Resumen!I26*1000 -> 62920.358 | J26: =+[2]Resumen!J26*1000 -> 79781.41 | K26: =+[2]Resumen!K26*1000 -> 103475.87 | L26: =+[2]Resumen!L26*1000 -> 149617.28 | M26: =+[2]Resumen!M26*1000 -> 172447.2 | ... AC26: =+[2]Resumen!AC26*1000 -> 86488.08
C27: Jun | D27: Ordinario | E27: 21 | F27: =+[2]Resumen!F27*1000 -> 117079.46 | G27: =+[2]Resumen!G27*1000 -> 103122.58 | H27: =+[2]Resumen!H27*1000 -> 94960.37 | I27: =+[2]Resumen!I27*1000 -> 95173.935 | J27: =+[2]Resumen!J27*1000 -> 103169.13 | K27: =+[2]Resumen!K27*1000 -> 129138.26 | L27: =+[2]Resumen!L27*1000 -> 158554.73 | M27: =+[2]Resumen!M27*1000 -> 162976.93 | ... AC27: =+[2]Resumen!AC27*1000 -> 118972.62 | AD27: =SUM(F27:AC27)*E27+SUM(F28:AC28)*E28+SUM(F29:AC29)*E29+SUM(F30:AC30)*E30 -> 1.1872409e+08
D28: Sábado | E28: 4 | F28: =+[2]Resumen!F28*1000 -> 120889.58 | G28: =+[2]Resumen!G28*1000 -> 104524.33 | H28: =+[2]Resumen!H28*1000 -> 97221.202 | I28: =+[2]Resumen!I28*1000 -> 92580.423 | J28: =+[2]Resumen!J28*1000 -> 98526.946 | K28: =+[2]Resumen!K28*1000 -> 110878.55 | L28: =+[2]Resumen!L28*1000 -> 138102.24 | M28: =+[2]Resumen!M28*1000 -> 141192.71 | ... AC28: =+[2]Resumen!AC28*1000 -> 112517.42
D29: Domingo | E29: 4 | F29: =+[2]Resumen!F29*1000 -> 122395.62 | G29: =+[2]Resumen!G29*1000 -> 107874.87 | H29: =+[2]Resumen!H29*1000 -> 96223.139 | I29: =+[2]Resumen!I29*1000 -> 89756.313 | J29: =+[2]Resumen!J29*1000 -> 89391.497 | K29: =+[2]Resumen!K29*1000 -> 93325.533 | L29: =+[2]Resumen!L29*1000 -> 101214.29 | M29: =+[2]Resumen!M29*1000 -> 96848.494 | ... AC29: =+[2]Resumen!AC29*1000 -> 97673.172
D30: Festivo | E30: 1 | F30: =+[2]Resumen!F30*1000 -> 112217.32 | G30: =+[2]Resumen!G30*1000 -> 99805.719 | H30: =+[2]Resumen!H30*1000 -> 90636.709 | I30: =+[2]Resumen!I30*1000 -> 86556.709 | J30: =+[2]Resumen!J30*1000 -> 89095.645 | K30: =+[2]Resumen!K30*1000 -> 93783.551 | L30: =+[2]Resumen!L30*1000 -> 106367.36 | M30: =+[2]Resumen!M30*1000 -> 107382.31 | ... AC30: =+[2]Resumen!AC30*1000 -> 100898.28
C31: Jul | D31: Ordinario | E31: 20 | F31: =+[2]Resumen!F31*1000 -> 77323.214 | G31: =+[2]Resumen!G31*1000 -> 63664.227 | H31: =+[2]Resumen!H31*1000 -> 55724.723 | I31: =+[2]Resumen!I31*1000 -> 53900.482 | J31: =+[2]Resumen!J31*1000 -> 60609.276 | K31: =+[2]Resumen!K31*1000 -> 91984.926 | L31: =+[2]Resumen!L31*1000 -> 116996.61 | M31: =+[2]Resumen!M31*1000 -> 105359.53 | ... AC31: =+[2]Resumen!AC31*1000 -> 92136.527 | AD31: =SUM(F31:AC31)*E31+SUM(F32:AC32)*E32+SUM(F33:AC33)*E33+SUM(F34:AC34)*E34 -> 85800296
D32: Sábado | E32: 5 | F32: =+[2]Resumen!F32*1000 -> 57499.24 | G32: =+[2]Resumen!G32*1000 -> 43590.05 | H32: =+[2]Resumen!H32*1000 -> 37310.564 | I32: =+[2]Resumen!I32*1000 -> 34425.915 | J32: =+[2]Resumen!J32*1000 -> 39197.379 | K32: =+[2]Resumen!K32*1000 -> 50154.418 | L32: =+[2]Resumen!L32*1000 -> 73618.526 | M32: =+[2]Resumen!M32*1000 -> 74265.628 | ... AC32: =+[2]Resumen!AC32*1000 -> 82856.53
D33: Domingo | E33: 4 | F33: =+[2]Resumen!F33*1000 -> 69017.386 | G33: =+[2]Resumen!G33*1000 -> 55920.404 | H33: =+[2]Resumen!H33*1000 -> 45856.953 | I33: =+[2]Resumen!I33*1000 -> 40151.05 | J33: =+[2]Resumen!J33*1000 -> 41388.112 | K33: =+[2]Resumen!K33*1000 -> 45139.804 | L33: =+[2]Resumen!L33*1000 -> 53270.023 | M33: =+[2]Resumen!M33*1000 -> 43548.484 | ... AC33: =+[2]Resumen!AC33*1000 -> 84052.879
D34: Festivo | E34: 2 | F34: =+[2]Resumen!F34*1000 -> 56189.916 | G34: =+[2]Resumen!G34*1000 -> 42277.938 | H34: =+[2]Resumen!H34*1000 -> 28799.572 | I34: =+[2]Resumen!I34*1000 -> 25286.307 | J34: =+[2]Resumen!J34*1000 -> 26603.972 | K34: =+[2]Resumen!K34*1000 -> 34043.74 | L34: =+[2]Resumen!L34*1000 -> 49255.963 | M34: =+[2]Resumen!M34*1000 -> 42386.937 | ... AC34: =+[2]Resumen!AC34*1000 -> 76689.99
C35: Ago | D35: Ordinario | E35: 21 | F35: =+[2]Resumen!F35*1000 -> 69034.996 | G35: =+[2]Resumen!G35*1000 -> 56813.223 | H35: =+[2]Resumen!H35*1000 -> 49883.032 | I35: =+[2]Resumen!I35*1000 -> 48707.417 | J35: =+[2]Resumen!J35*1000 -> 58254.9 | K35: =+[2]Resumen!K35*1000 -> 95885.492 | L35: =+[2]Resumen!L35*1000 -> 124080.15 | M35: =+[2]Resumen!M35*1000 -> 110726.5 | ... AC35: =+[2]Resumen!AC35*1000 -> 94118.249 | AD35: =SUM(F35:AC35)*E35+SUM(F36:AC36)*E36+SUM(F37:AC37)*E37+SUM(F38:AC38)*E38 -> 86838019
D36: Sábado | E36: 3 | F36: =+[2]Resumen!F36*1000 -> 81217.314 | G36: =+[2]Resumen!G36*1000 -> 64899.308 | H36: =+[2]Resumen!H36*1000 -> 54304.899 | I36: =+[2]Resumen!I36*1000 -> 48476.462 | J36: =+[2]Resumen!J36*1000 -> 52125.142 | K36: =+[2]Resumen!K36*1000 -> 64282.498 | L36: =+[2]Resumen!L36*1000 -> 86806.341 | M36: =+[2]Resumen!M36*1000 -> 85078.295 | ... AC36: =+[2]Resumen!AC36*1000 -> 80363.006
D37: Domingo | E37: 5 | F37: =+[2]Resumen!F37*1000 -> 57526.943 | G37: =+[2]Resumen!G37*1000 -> 45407.382 | H37: =+[2]Resumen!H37*1000 -> 37876.66 | I37: =+[2]Resumen!I37*1000 -> 33485.01 | J37: =+[2]Resumen!J37*1000 -> 34018.68 | K37: =+[2]Resumen!K37*1000 -> 41072.083 | L37: =+[2]Resumen!L37*1000 -> 49182.504 | M37: =+[2]Resumen!M37*1000 -> 39963.39 | ... AC37: =+[2]Resumen!AC37*1000 -> 65056.98
D38: Festivo | E38: 2 | F38: =+[2]Resumen!F38*1000 -> 63864.165 | G38: =+[2]Resumen!G38*1000 -> 52752.501 | H38: =+[2]Resumen!H38*1000 -> 44346.989 | I38: =+[2]Resumen!I38*1000 -> 40126.28 | J38: =+[2]Resumen!J38*1000 -> 43035.304 | K38: =+[2]Resumen!K38*1000 -> 47883.227 | L38: =+[2]Resumen!L38*1000 -> 57518.145 | M38: =+[2]Resumen!M38*1000 -> 48851.051 | ... AC38: =+[2]Resumen!AC38*1000 -> 64557.8
C39: Sep | D39: Ordinario | E39: 22 | F39: =+[2]Resumen!F39*1000 -> 87460.245 | G39: =+[2]Resumen!G39*1000 -> 74801.766 | H39: =+[2]Resumen!H39*1000 -> 67460.57 | I39: =+[2]Resumen!I39*1000 -> 66395.31 | J39: =+[2]Resumen!J39*1000 -> 74922.952 | K39: =+[2]Resumen!K39*1000 -> 111042 | L39: =+[2]Resumen!L39*1000 -> 138098.13 | M39: =+[2]Resumen!M39*1000 -> 127692.23 | ... AC39: =+[2]Resumen!AC39*1000 -> 111967.9 | AD39: =SUM(F39:AC39)*E39+SUM(F40:AC40)*E40+SUM(F41:AC41)*E41+SUM(F42:AC42)*E42 -> 1.0052052e+08
D40: Sábado | E40: 4 | F40: =+[2]Resumen!F40*1000 -> 84904.406 | G40: =+[2]Resumen!G40*1000 -> 71015.089 | H40: =+[2]Resumen!H40*1000 -> 62955.686 | I40: =+[2]Resumen!I40*1000 -> 58460.704 | J40: =+[2]Resumen!J40*1000 -> 63548.715 | K40: =+[2]Resumen!K40*1000 -> 78297.36 | L40: =+[2]Resumen!L40*1000 -> 99861.955 | M40: =+[2]Resumen!M40*1000 -> 99412.506 | ... AC40: =+[2]Resumen!AC40*1000 -> 95193.61
D41: Domingo | E41: 4 | F41: =+[2]Resumen!F41*1000 -> 80821.481 | G41: =+[2]Resumen!G41*1000 -> 66776.083 | H41: =+[2]Resumen!H41*1000 -> 56299.829 | I41: =+[2]Resumen!I41*1000 -> 49853.852 | J41: =+[2]Resumen!J41*1000 -> 51009.533 | K41: =+[2]Resumen!K41*1000 -> 52552.318 | L41: =+[2]Resumen!L41*1000 -> 63128.736 | M41: =+[2]Resumen!M41*1000 -> 54316.72 | ... AC41: =+[2]Resumen!AC41*1000 -> 76599.561
D42: Festivo | E42: 0 | F42: =+[2]Resumen!F42*1000 -> 0 | G42: =+[2]Resumen!G42*1000 -> 0 | H42: =+[2]Resumen!H42*1000 -> 0 | I42: =+[2]Resumen!I42*1000 -> 0 | J42: =+[2]Resumen!J42*1000 -> 0 | K42: =+[2]Resumen!K42*1000 -> 0 | L42: =+[2]Resumen!L42*1000 -> 0 | M42: =+[2]Resumen!M42*1000 -> 0 | ... AC42: =+[2]Resumen!AC42*1000 -> 0
C43: Oct | D43: Ordinario | E43: 20 | F43: =+[2]Resumen!F43*1000 -> 70526.763 | G43: =+[2]Resumen!G43*1000 -> 57778.091 | H43: =+[2]Resumen!H43*1000 -> 51191.442 | I43: =+[2]Resumen!I43*1000 -> 51180.192 | J43: =+[2]Resumen!J43*1000 -> 60167.254 | K43: =+[2]Resumen!K43*1000 -> 93825.452 | L43: =+[2]Resumen!L43*1000 -> 124297.26 | M43: =+[2]Resumen!M43*1000 -> 114885.8 | ... AC43: =+[2]Resumen!AC43*1000 -> 95107.363 | AD43: =SUM(F43:AC43)*E43+SUM(F44:AC44)*E44+SUM(F45:AC45)*E45+SUM(F46:AC46)*E46 -> 93336950
D44: Sábado | E44: 5 | F44: =+[2]Resumen!F44*1000 -> 85791.147 | G44: =+[2]Resumen!G44*1000 -> 68197.141 | H44: =+[2]Resumen!H44*1000 -> 59451.988 | I44: =+[2]Resumen!I44*1000 -> 54797.33 | J44: =+[2]Resumen!J44*1000 -> 60062.117 | K44: =+[2]Resumen!K44*1000 -> 73376.709 | L44: =+[2]Resumen!L44*1000 -> 94932.552 | M44: =+[2]Resumen!M44*1000 -> 92696.247 | ... AC44: =+[2]Resumen!AC44*1000 -> 101007.99
D45: Domingo | E45: 5 | F45: =+[2]Resumen!F45*1000 -> 85279.17 | G45: =+[2]Resumen!G45*1000 -> 70567.468 | H45: =+[2]Resumen!H45*1000 -> 61886.876 | I45: =+[2]Resumen!I45*1000 -> 55936.437 | J45: =+[2]Resumen!J45*1000 -> 55625.9 | K45: =+[2]Resumen!K45*1000 -> 59774.263 | L45: =+[2]Resumen!L45*1000 -> 69743.667 | M45: =+[2]Resumen!M45*1000 -> 61087.434 | ... AC45: =+[2]Resumen!AC45*1000 -> 78469.252
D46: Festivo | E46: 1 | F46: =+[2]Resumen!F46*1000 -> 74981.169 | G46: =+[2]Resumen!G46*1000 -> 63180.121 | H46: =+[2]Resumen!H46*1000 -> 55074.17 | I46: =+[2]Resumen!I46*1000 -> 52101.362 | J46: =+[2]Resumen!J46*1000 -> 54337.896 | K46: =+[2]Resumen!K46*1000 -> 60451.018 | L46: =+[2]Resumen!L46*1000 -> 68195.496 | M46: =+[2]Resumen!M46*1000 -> 58613.356 | ... AC46: =+[2]Resumen!AC46*1000 -> 72466.333
C47: Nov | D47: Ordinario | E47: 20 | F47: =+[2]Resumen!F47*1000 -> 94424.872 | G47: =+[2]Resumen!G47*1000 -> 80010.766 | H47: =+[2]Resumen!H47*1000 -> 73652.132 | I47: =+[2]Resumen!I47*1000 -> 73982.824 | J47: =+[2]Resumen!J47*1000 -> 82916.56 | K47: =+[2]Resumen!K47*1000 -> 116130.85 | L47: =+[2]Resumen!L47*1000 -> 149983.65 | M47: =+[2]Resumen!M47*1000 -> 145058.13 | ... AC47: =+[2]Resumen!AC47*1000 -> 117535.4 | AD47: =SUM(F47:AC47)*E47+SUM(F48:AC48)*E48+SUM(F49:AC49)*E49+SUM(F50:AC50)*E50 -> 1.0661572e+08
D48: Sábado | E48: 4 | F48: =+[2]Resumen!F48*1000 -> 91933.884 | G48: =+[2]Resumen!G48*1000 -> 75914.031 | H48: =+[2]Resumen!H48*1000 -> 67021.922 | I48: =+[2]Resumen!I48*1000 -> 64368.388 | J48: =+[2]Resumen!J48*1000 -> 71721.68 | K48: =+[2]Resumen!K48*1000 -> 89223.116 | L48: =+[2]Resumen!L48*1000 -> 115356.04 | M48: =+[2]Resumen!M48*1000 -> 119370.55 | ... AC48: =+[2]Resumen!AC48*1000 -> 106553.31
D49: Domingo | E49: 4 | F49: =+[2]Resumen!F49*1000 -> 77646.555 | G49: =+[2]Resumen!G49*1000 -> 62811.389 | H49: =+[2]Resumen!H49*1000 -> 54165.371 | I49: =+[2]Resumen!I49*1000 -> 50285.575 | J49: =+[2]Resumen!J49*1000 -> 51561.522 | K49: =+[2]Resumen!K49*1000 -> 57974.015 | L49: =+[2]Resumen!L49*1000 -> 70027.263 | M49: =+[2]Resumen!M49*1000 -> 65685.687 | ... AC49: =+[2]Resumen!AC49*1000 -> 87571.209
D50: Festivo | E50: 2 | F50: =+[2]Resumen!F50*1000 -> 77644.24 | G50: =+[2]Resumen!G50*1000 -> 62709.634 | H50: =+[2]Resumen!H50*1000 -> 54096.924 | I50: =+[2]Resumen!I50*1000 -> 49584.872 | J50: =+[2]Resumen!J50*1000 -> 53689.392 | K50: =+[2]Resumen!K50*1000 -> 63364.063 | L50: =+[2]Resumen!L50*1000 -> 71863.973 | M50: =+[2]Resumen!M50*1000 -> 59502.275 | ... AC50: =+[2]Resumen!AC50*1000 -> 76724
C51: Dic | D51: Ordinario | E51: 22 | F51: =+[2]Resumen!F51*1000 -> 83800.543 | G51: =+[2]Resumen!G51*1000 -> 69563.395 | H51: =+[2]Resumen!H51*1000 -> 61371.479 | I51: =+[2]Resumen!I51*1000 -> 59809.827 | J51: =+[2]Resumen!J51*1000 -> 63627.185 | K51: =+[2]Resumen!K51*1000 -> 84312.146 | L51: =+[2]Resumen!L51*1000 -> 109635.14 | M51: =+[2]Resumen!M51*1000 -> 108739.81 | ... AC51: =+[2]Resumen!AC51*1000 -> 109043.75 | AD51: =SUM(F51:AC51)*E51+SUM(F52:AC52)*E52+SUM(F53:AC53)*E53+SUM(F54:AC54)*E54 -> 94139433
D52: Sábado | E52: 3 | F52: =+[2]Resumen!F52*1000 -> 85995.999 | G52: =+[2]Resumen!G52*1000 -> 68677.195 | H52: =+[2]Resumen!H52*1000 -> 60009.247 | I52: =+[2]Resumen!I52*1000 -> 56167.568 | J52: =+[2]Resumen!J52*1000 -> 58796.865 | K52: =+[2]Resumen!K52*1000 -> 70020.369 | L52: =+[2]Resumen!L52*1000 -> 88167.224 | M52: =+[2]Resumen!M52*1000 -> 86097.754 | ... AC52: =+[2]Resumen!AC52*1000 -> 95850.942
D53: Domingo | E53: 4 | F53: =+[2]Resumen!F53*1000 -> 90057.68 | G53: =+[2]Resumen!G53*1000 -> 70722.718 | H53: =+[2]Resumen!H53*1000 -> 62072.411 | I53: =+[2]Resumen!I53*1000 -> 55724.174 | J53: =+[2]Resumen!J53*1000 -> 53631.084 | K53: =+[2]Resumen!K53*1000 -> 59981.628 | L53: =+[2]Resumen!L53*1000 -> 69185.409 | M53: =+[2]Resumen!M53*1000 -> 57122.701 | ... AC53: =+[2]Resumen!AC53*1000 -> 88913.203
D54: Festivo | E54: 2 | F54: =+[2]Resumen!F54*1000 -> 66363.455 | G54: =+[2]Resumen!G54*1000 -> 55576.915 | H54: =+[2]Resumen!H54*1000 -> 45954.999 | I54: =+[2]Resumen!I54*1000 -> 38525.026 | J54: =+[2]Resumen!J54*1000 -> 34848.27 | K54: =+[2]Resumen!K54*1000 -> 36030.429 | L54: =+[2]Resumen!L54*1000 -> 37943.499 | M54: =+[2]Resumen!M54*1000 -> 18830.092 | ... AC54: =+[2]Resumen!AC54*1000 -> 68241.358
AA55: TOTAL AÑO kWh | AD55: =SUM(AD7:AD54) -> 1.2679948e+09

Sheet Cantidades Producto 3
C2: CANTIDADES DE ENERGÍA SOLICITADAS (kWh)
C3: EMPRESAS PÚBLICAS DE MEDELLÍN E.S.P.
C4: 2028
C6: Mes | D6: Tipo Día | E6: Días | F6: H1 | G6: H2 | H6: H3 | I6: H4 | J6: H5 | K6: H6 | L6: H7 | M6: H8 | N6: H9 | O6: H10 | P6: H11 | Q6: H12 | R6: H13 | S6: H14 | T6: H15 | U6: H16 | V6: H17 | W6: H18 | X6: H19 | Y6: H20 | Z6: H21 | AA6: H22 | AB6: H23 | AC6: H24 | AD6: TOTAL MES
C7: Ene | D7: Ordinario | E7: 20 | F7: =+[3]Resumen!F7*1000 -> 89371.422 | G7: =+[3]Resumen!G7*1000 -> 69462.157 | H7: =+[3]Resumen!H7*1000 -> 58252.107 | I7: =+[3]Resumen!I7*1000 -> 56630.726 | J7: =+[3]Resumen!J7*1000 -> 75807.178 | K7: =+[3]Resumen!K7*1000 -> 117984.84 | L7: =+[3]Resumen!L7*1000 -> 162037.44 | M7: =+[3]Resumen!M7*1000 -> 171837.88 | ... AC7: =+[3]Resumen!AC7*1000 -> 129596.21 | AD7: =SUM(F7:AC7)*E7+SUM(F8:AC8)*E8+SUM(F9:AC9)*E9+SUM(F10:AC10)*E10 -> 1.3525605e+08
D8: Sábado | E8: 4 | F8: =+[3]Resumen!F8*1000 -> 93020.066 | G8: =+[3]Resumen!G8*1000 -> 71412.905 | H8: =+[3]Resumen!H8*1000 -> 58864.112 | I8: =+[3]Resumen!I8*1000 -> 54215.553 | J8: =+[3]Resumen!J8*1000 -> 65127.411 | K8: =+[3]Resumen!K8*1000 -> 86170.172 | L8: =+[3]Resumen!L8*1000 -> 119179.75 | M8: =+[3]Resumen!M8*1000 -> 132538.39 | ... AC8: =+[3]Resumen!AC8*1000 -> 124483.56
D9: Domingo | E9: 5 | F9: =+[3]Resumen!F9*1000 -> 93663.26 | G9: =+[3]Resumen!G9*1000 -> 70194.928 | H9: =+[3]Resumen!H9*1000 -> 55166.86 | I9: =+[3]Resumen!I9*1000 -> 47116.67 | J9: =+[3]Resumen!J9*1000 -> 49329.513 | K9: =+[3]Resumen!K9*1000 -> 58374.198 | L9: =+[3]Resumen!L9*1000 -> 73579.929 | M9: =+[3]Resumen!M9*1000 -> 74252.402 | ... AC9: =+[3]Resumen!AC9*1000 -> 102967.44
D10: Festivo | E10: 2 | F10: =+[3]Resumen!F10*1000 -> 83542.886 | G10: =+[3]Resumen!G10*1000 -> 66812.82 | H10: =+[3]Resumen!H10*1000 -> 50624.867 | I10: =+[3]Resumen!I10*1000 -> 41300.881 | J10: =+[3]Resumen!J10*1000 -> 41034.029 | K10: =+[3]Resumen!K10*1000 -> 47288.433 | L10: =+[3]Resumen!L10*1000 -> 50717.478 | M10: =+[3]Resumen!M10*1000 -> 41565.989 | ... AC10: =+[3]Resumen!AC10*1000 -> 87245.752
C11: Feb | D11: Ordinario | E11: 21 | F11: =+[3]Resumen!F11*1000 -> 100135.97 | G11: =+[3]Resumen!G11*1000 -> 79768.687 | H11: =+[3]Resumen!H11*1000 -> 69378.976 | I11: =+[3]Resumen!I11*1000 -> 68911.009 | J11: =+[3]Resumen!J11*1000 -> 95395.138 | K11: =+[3]Resumen!K11*1000 -> 155541.71 | L11: =+[3]Resumen!L11*1000 -> 205701.97 | M11: =+[3]Resumen!M11*1000 -> 210684.77 | ... AC11: =+[3]Resumen!AC11*1000 -> 136682.83 | AD11: =SUM(F11:AC11)*E11+SUM(F12:AC12)*E12+SUM(F13:AC13)*E13+SUM(F14:AC14)*E14 -> 1.4899673e+08
D12: Sábado | E12: 4 | F12: =+[3]Resumen!F12*1000 -> 113131.67 | G12: =+[3]Resumen!G12*1000 -> 89458.619 | H12: =+[3]Resumen!H12*1000 -> 74966.806 | I12: =+[3]Resumen!I12*1000 -> 70481.667 | J12: =+[3]Resumen!J12*1000 -> 80449.296 | K12: =+[3]Resumen!K12*1000 -> 102020.57 | L12: =+[3]Resumen!L12*1000 -> 142327.92 | M12: =+[3]Resumen!M12*1000 -> 165892.49 | ... AC12: =+[3]Resumen!AC12*1000 -> 141821.42
D13: Domingo | E13: 4 | F13: =+[3]Resumen!F13*1000 -> 111294.88 | G13: =+[3]Resumen!G13*1000 -> 86426.124 | H13: =+[3]Resumen!H13*1000 -> 70594.352 | I13: =+[3]Resumen!I13*1000 -> 62057.08 | J13: =+[3]Resumen!J13*1000 -> 62974.228 | K13: =+[3]Resumen!K13*1000 -> 71336.59 | L13: =+[3]Resumen!L13*1000 -> 88153.731 | M13: =+[3]Resumen!M13*1000 -> 91319.479 | ... AC13: =+[3]Resumen!AC13*1000 -> 120877.63
D14: Festivo | E14: 0 | F14: =+[3]Resumen!F14*1000 -> 0 | G14: =+[3]Resumen!G14*1000 -> 0 | H14: =+[3]Resumen!H14*1000 -> 0 | I14: =+[3]Resumen!I14*1000 -> 0 | J14: =+[3]Resumen!J14*1000 -> 0 | K14: =+[3]Resumen!K14*1000 -> 0 | L14: =+[3]Resumen!L14*1000 -> 0 | M14: =+[3]Resumen!M14*1000 -> 0 | ... AC14: =+[3]Resumen!AC14*1000 -> 0
C15: Mar | D15: Ordinario | E15: 22 | F15: =+[3]Resumen!F15*1000 -> 84714.946 | G15: =+[3]Resumen!G15*1000 -> 64651.556 | H15: =+[3]Resumen!H15*1000 -> 53969.572 | I15: =+[3]Resumen!I15*1000 -> 52875.296 | J15: =+[3]Resumen!J15*1000 -> 72903.724 | K15: =+[3]Resumen!K15*1000 -> 121590.2 | L15: =+[3]Resumen!L15*1000 -> 164644.99 | M15: =+[3]Resumen!M15*1000 -> 174200.09 | ... AC15: =+[3]Resumen!AC15*1000 -> 121499.59 | AD15: =SUM(F15:AC15)*E15+SUM(F16:AC16)*E16+SUM(F17:AC17)*E17+SUM(F18:AC18)*E18 -> 1.3277833e+08
D16: Sábado | E16: 4 | F16: =+[3]Resumen!F16*1000 -> 89972.734 | G16: =+[3]Resumen!G16*1000 -> 67580.444 | H16: =+[3]Resumen!H16*1000 -> 54836.404 | I16: =+[3]Resumen!I16*1000 -> 50232.546 | J16: =+[3]Resumen!J16*1000 -> 58749.84 | K16: =+[3]Resumen!K16*1000 -> 77416.783 | L16: =+[3]Resumen!L16*1000 -> 109793.78 | M16: =+[3]Resumen!M16*1000 -> 128444.73 | ... AC16: =+[3]Resumen!AC16*1000 -> 116733.39
D17: Domingo | E17: 4 | F17: =+[3]Resumen!F17*1000 -> 88586.142 | G17: =+[3]Resumen!G17*1000 -> 66817.511 | H17: =+[3]Resumen!H17*1000 -> 52267.058 | I17: =+[3]Resumen!I17*1000 -> 45071.245 | J17: =+[3]Resumen!J17*1000 -> 47205.216 | K17: =+[3]Resumen!K17*1000 -> 55039.015 | L17: =+[3]Resumen!L17*1000 -> 68991.479 | M17: =+[3]Resumen!M17*1000 -> 74435.587 | ... AC17: =+[3]Resumen!AC17*1000 -> 95282.082
D18: Festivo | E18: 1 | F18: =+[3]Resumen!F18*1000 -> 76302.949 | G18: =+[3]Resumen!G18*1000 -> 54746.771 | H18: =+[3]Resumen!H18*1000 -> 42597.36 | I18: =+[3]Resumen!I18*1000 -> 35744.409 | J18: =+[3]Resumen!J18*1000 -> 40070.831 | K18: =+[3]Resumen!K18*1000 -> 49771.469 | L18: =+[3]Resumen!L18*1000 -> 65437.037 | M18: =+[3]Resumen!M18*1000 -> 74272.471 | ... AC18: =+[3]Resumen!AC18*1000 -> 96229.081
C19: Abr | D19: Ordinario | E19: 18 | F19: =+[3]Resumen!F19*1000 -> 89066.541 | G19: =+[3]Resumen!G19*1000 -> 69951.937 | H19: =+[3]Resumen!H19*1000 -> 60067.719 | I19: =+[3]Resumen!I19*1000 -> 60197.296 | J19: =+[3]Resumen!J19*1000 -> 85111.034 | K19: =+[3]Resumen!K19*1000 -> 140595.82 | L19: =+[3]Resumen!L19*1000 -> 187127.91 | M19: =+[3]Resumen!M19*1000 -> 196090.3 | ... AC19: =+[3]Resumen!AC19*1000 -> 125848.71 | AD19: =SUM(F19:AC19)*E19+SUM(F20:AC20)*E20+SUM(F21:AC21)*E21+SUM(F22:AC22)*E22 -> 1.3833478e+08
D20: Sábado | E20: 5 | F20: =+[3]Resumen!F20*1000 -> 100709.07 | G20: =+[3]Resumen!G20*1000 -> 80954.832 | H20: =+[3]Resumen!H20*1000 -> 65629.999 | I20: =+[3]Resumen!I20*1000 -> 61449.231 | J20: =+[3]Resumen!J20*1000 -> 73391.232 | K20: =+[3]Resumen!K20*1000 -> 95633.87 | L20: =+[3]Resumen!L20*1000 -> 136809.47 | M20: =+[3]Resumen!M20*1000 -> 164011.02 | ... AC20: =+[3]Resumen!AC20*1000 -> 127620.97
D21: Domingo | E21: 5 | F21: =+[3]Resumen!F21*1000 -> 98807.602 | G21: =+[3]Resumen!G21*1000 -> 75353.78 | H21: =+[3]Resumen!H21*1000 -> 60249.798 | I21: =+[3]Resumen!I21*1000 -> 52542.137 | J21: =+[3]Resumen!J21*1000 -> 54128.131 | K21: =+[3]Resumen!K21*1000 -> 61291.073 | L21: =+[3]Resumen!L21*1000 -> 78654.786 | M21: =+[3]Resumen!M21*1000 -> 85984.338 | ... AC21: =+[3]Resumen!AC21*1000 -> 103798.88
D22: Festivo | E22: 2 | F22: =+[3]Resumen!F22*1000 -> 99420.664 | G22: =+[3]Resumen!G22*1000 -> 76108.553 | H22: =+[3]Resumen!H22*1000 -> 60592.874 | I22: =+[3]Resumen!I22*1000 -> 52499.289 | J22: =+[3]Resumen!J22*1000 -> 53726.489 | K22: =+[3]Resumen!K22*1000 -> 60684.056 | L22: =+[3]Resumen!L22*1000 -> 79176.52 | M22: =+[3]Resumen!M22*1000 -> 86307.417 | ... AC22: =+[3]Resumen!AC22*1000 -> 101049.66
C23: May | D23: Ordinario | E23: 21 | F23: =+[3]Resumen!F23*1000 -> 68093.623 | G23: =+[3]Resumen!G23*1000 -> 46022.188 | H23: =+[3]Resumen!H23*1000 -> 34544.946 | I23: =+[3]Resumen!I23*1000 -> 32195.406 | J23: =+[3]Resumen!J23*1000 -> 44232.764 | K23: =+[3]Resumen!K23*1000 -> 61877.504 | L23: =+[3]Resumen!L23*1000 -> 103717.78 | M23: =+[3]Resumen!M23*1000 -> 132051.24 | ... AC23: =+[3]Resumen!AC23*1000 -> 96329.585 | AD23: =SUM(F23:AC23)*E23+SUM(F24:AC24)*E24+SUM(F25:AC25)*E25+SUM(F26:AC26)*E26 -> 1.3117665e+08
D24: Sábado | E24: 4 | F24: =+[3]Resumen!F24*1000 -> 48022.146 | G24: =+[3]Resumen!G24*1000 -> 31359.403 | H24: =+[3]Resumen!H24*1000 -> 21944.458 | I24: =+[3]Resumen!I24*1000 -> 23384.324 | J24: =+[3]Resumen!J24*1000 -> 46338.827 | K24: =+[3]Resumen!K24*1000 -> 81277.965 | L24: =+[3]Resumen!L24*1000 -> 141754.72 | M24: =+[3]Resumen!M24*1000 -> 173226.6 | ... AC24: =+[3]Resumen!AC24*1000 -> 93587.99
D25: Domingo | E25: 4 | F25: =+[3]Resumen!F25*1000 -> 58712.236 | G25: =+[3]Resumen!G25*1000 -> 39757.194 | H25: =+[3]Resumen!H25*1000 -> 30364.348 | I25: =+[3]Resumen!I25*1000 -> 32431.628 | J25: =+[3]Resumen!J25*1000 -> 58065.33 | K25: =+[3]Resumen!K25*1000 -> 96563.972 | L25: =+[3]Resumen!L25*1000 -> 161953.96 | M25: =+[3]Resumen!M25*1000 -> 196620.76 | ... AC25: =+[3]Resumen!AC25*1000 -> 105534.68
D26: Festivo | E26: 2 | F26: =+[3]Resumen!F26*1000 -> 67230.752 | G26: =+[3]Resumen!G26*1000 -> 44163.017 | H26: =+[3]Resumen!H26*1000 -> 32118.192 | I26: =+[3]Resumen!I26*1000 -> 31223.871 | J26: =+[3]Resumen!J26*1000 -> 48338.268 | K26: =+[3]Resumen!K26*1000 -> 70234.677 | L26: =+[3]Resumen!L26*1000 -> 119649.49 | M26: =+[3]Resumen!M26*1000 -> 151104.26 | ... AC26: =+[3]Resumen!AC26*1000 -> 102170.16
C27: Jun | D27: Ordinario | E27: 20 | F27: =+[3]Resumen!F27*1000 -> 88614.517 | G27: =+[3]Resumen!G27*1000 -> 68387.44 | H27: =+[3]Resumen!H27*1000 -> 57240.453 | I27: =+[3]Resumen!I27*1000 -> 57459.28 | J27: =+[3]Resumen!J27*1000 -> 78368.054 | K27: =+[3]Resumen!K27*1000 -> 117341.7 | L27: =+[3]Resumen!L27*1000 -> 166372.41 | M27: =+[3]Resumen!M27*1000 -> 188151.12 | ... AC27: =+[3]Resumen!AC27*1000 -> 128331.65 | AD27: =SUM(F27:AC27)*E27+SUM(F28:AC28)*E28+SUM(F29:AC29)*E29+SUM(F30:AC30)*E30 -> 1.3947566e+08
D28: Sábado | E28: 4 | F28: =+[3]Resumen!F28*1000 -> 102000.61 | G28: =+[3]Resumen!G28*1000 -> 78215.771 | H28: =+[3]Resumen!H28*1000 -> 66603.715 | I28: =+[3]Resumen!I28*1000 -> 61827.851 | J28: =+[3]Resumen!J28*1000 -> 73621.543 | K28: =+[3]Resumen!K28*1000 -> 93714.34 | L28: =+[3]Resumen!L28*1000 -> 135440.14 | M28: =+[3]Resumen!M28*1000 -> 155368.34 | ... AC28: =+[3]Resumen!AC28*1000 -> 130165.03
D29: Domingo | E29: 4 | F29: =+[3]Resumen!F29*1000 -> 103450.06 | G29: =+[3]Resumen!G29*1000 -> 80086.997 | H29: =+[3]Resumen!H29*1000 -> 63944.176 | I29: =+[3]Resumen!I29*1000 -> 55572.062 | J29: =+[3]Resumen!J29*1000 -> 56776.526 | K29: =+[3]Resumen!K29*1000 -> 62463.352 | L29: =+[3]Resumen!L29*1000 -> 79541.785 | M29: =+[3]Resumen!M29*1000 -> 87073.825 | ... AC29: =+[3]Resumen!AC29*1000 -> 107251.39
D30: Festivo | E30: 2 | F30: =+[3]Resumen!F30*1000 -> 87869.35 | G30: =+[3]Resumen!G30*1000 -> 67751.702 | H30: =+[3]Resumen!H30*1000 -> 54220.705 | I30: =+[3]Resumen!I30*1000 -> 48738.385 | J30: =+[3]Resumen!J30*1000 -> 54136.236 | K30: =+[3]Resumen!K30*1000 -> 62132.581 | L30: =+[3]Resumen!L30*1000 -> 81538.061 | M30: =+[3]Resumen!M30*1000 -> 93565.229 | ... AC30: =+[3]Resumen!AC30*1000 -> 104942.46
C31: Jul | D31: Ordinario | E31: 19 | F31: =+[3]Resumen!F31*1000 -> 78365.593 | G31: =+[3]Resumen!G31*1000 -> 58245.569 | H31: =+[3]Resumen!H31*1000 -> 47184.168 | I31: =+[3]Resumen!I31*1000 -> 45568.396 | J31: =+[3]Resumen!J31*1000 -> 66579.647 | K31: =+[3]Resumen!K31*1000 -> 113554.07 | L31: =+[3]Resumen!L31*1000 -> 158680.11 | M31: =+[3]Resumen!M31*1000 -> 169282.59 | ... AC31: =+[3]Resumen!AC31*1000 -> 111446.74 | AD31: =SUM(F31:AC31)*E31+SUM(F32:AC32)*E32+SUM(F33:AC33)*E33+SUM(F34:AC34)*E34 -> 1.2747981e+08
D32: Sábado | E32: 5 | F32: =+[3]Resumen!F32*1000 -> 72655.726 | G32: =+[3]Resumen!G32*1000 -> 50493.845 | H32: =+[3]Resumen!H32*1000 -> 39120.144 | I32: =+[3]Resumen!I32*1000 -> 35370.286 | J32: =+[3]Resumen!J32*1000 -> 45754.285 | K32: =+[3]Resumen!K32*1000 -> 65236.9 | L32: =+[3]Resumen!L32*1000 -> 103699.13 | M32: =+[3]Resumen!M32*1000 -> 127634.28 | ... AC32: =+[3]Resumen!AC32*1000 -> 109769.28
D33: Domingo | E33: 5 | F33: =+[3]Resumen!F33*1000 -> 81188.928 | G33: =+[3]Resumen!G33*1000 -> 58386.386 | H33: =+[3]Resumen!H33*1000 -> 43593.994 | I33: =+[3]Resumen!I33*1000 -> 35878.962 | J33: =+[3]Resumen!J33*1000 -> 37803.365 | K33: =+[3]Resumen!K33*1000 -> 44786.536 | L33: =+[3]Resumen!L33*1000 -> 60512.051 | M33: =+[3]Resumen!M33*1000 -> 67907.94 | ... AC33: =+[3]Resumen!AC33*1000 -> 100198.81
D34: Festivo | E34: 2 | F34: =+[3]Resumen!F34*1000 -> 69472.577 | G34: =+[3]Resumen!G34*1000 -> 46842.023 | H34: =+[3]Resumen!H34*1000 -> 29842.42 | I34: =+[3]Resumen!I34*1000 -> 24733.13 | J34: =+[3]Resumen!J34*1000 -> 28760.017 | K34: =+[3]Resumen!K34*1000 -> 39366.361 | L34: =+[3]Resumen!L34*1000 -> 61684.239 | M34: =+[3]Resumen!M34*1000 -> 71600.24 | ... AC34: =+[3]Resumen!AC34*1000 -> 98223.601
C35: Ago | D35: Ordinario | E35: 21 | F35: =+[3]Resumen!F35*1000 -> 73541.152 | G35: =+[3]Resumen!G35*1000 -> 54723.269 | H35: =+[3]Resumen!H35*1000 -> 44825.55 | I35: =+[3]Resumen!I35*1000 -> 43828.339 | J35: =+[3]Resumen!J35*1000 -> 67225.927 | K35: =+[3]Resumen!K35*1000 -> 119209.36 | L35: =+[3]Resumen!L35*1000 -> 166732.66 | M35: =+[3]Resumen!M35*1000 -> 174805.69 | ... AC35: =+[3]Resumen!AC35*1000 -> 113429.64 | AD35: =SUM(F35:AC35)*E35+SUM(F36:AC36)*E36+SUM(F37:AC37)*E37+SUM(F38:AC38)*E38 -> 1.3147171e+08
D36: Sábado | E36: 4 | F36: =+[3]Resumen!F36*1000 -> 90928.288 | G36: =+[3]Resumen!G36*1000 -> 68029.023 | H36: =+[3]Resumen!H36*1000 -> 53522.469 | I36: =+[3]Resumen!I36*1000 -> 48454.302 | J36: =+[3]Resumen!J36*1000 -> 58105.219 | K36: =+[3]Resumen!K36*1000 -> 79274.708 | L36: =+[3]Resumen!L36*1000 -> 116764.34 | M36: =+[3]Resumen!M36*1000 -> 137883.25 | ... AC36: =+[3]Resumen!AC36*1000 -> 108674.64
D37: Domingo | E37: 4 | F37: =+[3]Resumen!F37*1000 -> 75077.845 | G37: =+[3]Resumen!G37*1000 -> 53307.033 | H37: =+[3]Resumen!H37*1000 -> 40103.459 | I37: =+[3]Resumen!I37*1000 -> 33007.238 | J37: =+[3]Resumen!J37*1000 -> 35483.342 | K37: =+[3]Resumen!K37*1000 -> 44616.013 | L37: =+[3]Resumen!L37*1000 -> 59670.136 | M37: =+[3]Resumen!M37*1000 -> 67180.74 | ... AC37: =+[3]Resumen!AC37*1000 -> 90398.497
D38: Festivo | E38: 2 | F38: =+[3]Resumen!F38*1000 -> 78825.564 | G38: =+[3]Resumen!G38*1000 -> 58711.471 | H38: =+[3]Resumen!H38*1000 -> 46148.933 | I38: =+[3]Resumen!I38*1000 -> 40570.139 | J38: =+[3]Resumen!J38*1000 -> 47150.289 | K38: =+[3]Resumen!K38*1000 -> 56408.758 | L38: =+[3]Resumen!L38*1000 -> 75296.945 | M38: =+[3]Resumen!M38*1000 -> 84945.919 | ... AC38: =+[3]Resumen!AC38*1000 -> 89411.311
C39: Sep | D39: Ordinario | E39: 21 | F39: =+[3]Resumen!F39*1000 -> 85320.675 | G39: =+[3]Resumen!G39*1000 -> 65957.811 | H39: =+[3]Resumen!H39*1000 -> 55828.269 | I39: =+[3]Resumen!I39*1000 -> 55246.401 | J39: =+[3]Resumen!J39*1000 -> 78251.498 | K39: =+[3]Resumen!K39*1000 -> 130114.17 | L39: =+[3]Resumen!L39*1000 -> 177822.17 | M39: =+[3]Resumen!M39*1000 -> 188493.86 | ... AC39: =+[3]Resumen!AC39*1000 -> 125611.44 | AD39: =SUM(F39:AC39)*E39+SUM(F40:AC40)*E40+SUM(F41:AC41)*E41+SUM(F42:AC42)*E42 -> 1.3973544e+08
D40: Sábado | E40: 5 | F40: =+[3]Resumen!F40*1000 -> 97713.345 | G40: =+[3]Resumen!G40*1000 -> 75290.28 | H40: =+[3]Resumen!H40*1000 -> 61995.804 | I40: =+[3]Resumen!I40*1000 -> 57489.611 | J40: =+[3]Resumen!J40*1000 -> 68708.903 | K40: =+[3]Resumen!K40*1000 -> 90968.669 | L40: =+[3]Resumen!L40*1000 -> 128207.65 | M40: =+[3]Resumen!M40*1000 -> 151413.9 | ... AC40: =+[3]Resumen!AC40*1000 -> 118447.11
D41: Domingo | E41: 4 | F41: =+[3]Resumen!F41*1000 -> 89484.011 | G41: =+[3]Resumen!G41*1000 -> 66591.982 | H41: =+[3]Resumen!H41*1000 -> 51447.594 | I41: =+[3]Resumen!I41*1000 -> 43644.072 | J41: =+[3]Resumen!J41*1000 -> 45547.598 | K41: =+[3]Resumen!K41*1000 -> 50427.64 | L41: =+[3]Resumen!L41*1000 -> 67447.713 | M41: =+[3]Resumen!M41*1000 -> 75342.716 | ... AC41: =+[3]Resumen!AC41*1000 -> 92743.548
D42: Festivo | E42: 0 | F42: =+[3]Resumen!F42*1000 -> 0 | G42: =+[3]Resumen!G42*1000 -> 0 | H42: =+[3]Resumen!H42*1000 -> 0 | I42: =+[3]Resumen!I42*1000 -> 0 | J42: =+[3]Resumen!J42*1000 -> 0 | K42: =+[3]Resumen!K42*1000 -> 0 | L42: =+[3]Resumen!L42*1000 -> 0 | M42: =+[3]Resumen!M42*1000 -> 0 | ... AC42: =+[3]Resumen!AC42*1000 -> 0
C43: Oct | D43: Ordinario | E43: 21 | F43: =+[3]Resumen!F43*1000 -> 69348.59 | G43: =+[3]Resumen!G43*1000 -> 50434.203 | H43: =+[3]Resumen!H43*1000 -> 40932.694 | I43: =+[3]Resumen!I43*1000 -> 41172.064 | J43: =+[3]Resumen!J43*1000 -> 65069.233 | K43: =+[3]Resumen!K43*1000 -> 114055.3 | L43: =+[3]Resumen!L43*1000 -> 163709.33 | M43: =+[3]Resumen!M43*1000 -> 175627.87 | ... AC43: =+[3]Resumen!AC43*1000 -> 109242.89 | AD43: =SUM(F43:AC43)*E43+SUM(F44:AC44)*E44+SUM(F45:AC45)*E45+SUM(F46:AC46)*E46 -> 1.3363643e+08
D44: Sábado | E44: 4 | F44: =+[3]Resumen!F44*1000 -> 90966.591 | G44: =+[3]Resumen!G44*1000 -> 66977.814 | H44: =+[3]Resumen!H44*1000 -> 54628.569 | I44: =+[3]Resumen!I44*1000 -> 49991.372 | J44: =+[3]Resumen!J44*1000 -> 61837.348 | K44: =+[3]Resumen!K44*1000 -> 82591.888 | L44: =+[3]Resumen!L44*1000 -> 121131.34 | M44: =+[3]Resumen!M44*1000 -> 142267.54 | ... AC44: =+[3]Resumen!AC44*1000 -> 118442.91
D45: Domingo | E45: 5 | F45: =+[3]Resumen!F45*1000 -> 89915.376 | G45: =+[3]Resumen!G45*1000 -> 66772.573 | H45: =+[3]Resumen!H45*1000 -> 53295.063 | I45: =+[3]Resumen!I45*1000 -> 45780.843 | J45: =+[3]Resumen!J45*1000 -> 47945.212 | K45: =+[3]Resumen!K45*1000 -> 53914.031 | L45: =+[3]Resumen!L45*1000 -> 72116.7 | M45: =+[3]Resumen!M45*1000 -> 80616.095 | ... AC45: =+[3]Resumen!AC45*1000 -> 91602.985
D46: Festivo | E46: 1 | F46: =+[3]Resumen!F46*1000 -> 74556.178 | G46: =+[3]Resumen!G46*1000 -> 54596.621 | H46: =+[3]Resumen!H46*1000 -> 42816.083 | I46: =+[3]Resumen!I46*1000 -> 36749.532 | J46: =+[3]Resumen!J46*1000 -> 42972.449 | K46: =+[3]Resumen!K46*1000 -> 50733.136 | L46: =+[3]Resumen!L46*1000 -> 67573.803 | M46: =+[3]Resumen!M46*1000 -> 76209.506 | ... AC46: =+[3]Resumen!AC46*1000 -> 86468.881
C47: Nov | D47: Ordinario | E47: 20 | F47: =+[3]Resumen!F47*1000 -> 90754.654 | G47: =+[3]Resumen!G47*1000 -> 70476.909 | H47: =+[3]Resumen!H47*1000 -> 60932.17 | I47: =+[3]Resumen!I47*1000 -> 61497.086 | J47: =+[3]Resumen!J47*1000 -> 85390.069 | K47: =+[3]Resumen!K47*1000 -> 133751.15 | L47: =+[3]Resumen!L47*1000 -> 187299.08 | M47: =+[3]Resumen!M47*1000 -> 203771.86 | ... AC47: =+[3]Resumen!AC47*1000 -> 130196.52 | AD47: =SUM(F47:AC47)*E47+SUM(F48:AC48)*E48+SUM(F49:AC49)*E49+SUM(F50:AC50)*E50 -> 1.446074e+08
D48: Sábado | E48: 4 | F48: =+[3]Resumen!F48*1000 -> 99806.345 | G48: =+[3]Resumen!G48*1000 -> 76492.186 | H48: =+[3]Resumen!H48*1000 -> 63195.96 | I48: =+[3]Resumen!I48*1000 -> 60388.756 | J48: =+[3]Resumen!J48*1000 -> 74217.969 | K48: =+[3]Resumen!K48*1000 -> 98773.109 | L48: =+[3]Resumen!L48*1000 -> 141561.76 | M48: =+[3]Resumen!M48*1000 -> 168588.75 | ... AC48: =+[3]Resumen!AC48*1000 -> 127882.65
D49: Domingo | E49: 4 | F49: =+[3]Resumen!F49*1000 -> 88303.207 | G49: =+[3]Resumen!G49*1000 -> 64767.523 | H49: =+[3]Resumen!H49*1000 -> 50826.907 | I49: =+[3]Resumen!I49*1000 -> 44236.749 | J49: =+[3]Resumen!J49*1000 -> 47408.039 | K49: =+[3]Resumen!K49*1000 -> 56453.386 | L49: =+[3]Resumen!L49*1000 -> 76269.269 | M49: =+[3]Resumen!M49*1000 -> 89117.938 | ... AC49: =+[3]Resumen!AC49*1000 -> 105423.53
D50: Festivo | E50: 2 | F50: =+[3]Resumen!F50*1000 -> 79098.869 | G50: =+[3]Resumen!G50*1000 -> 58158.694 | H50: =+[3]Resumen!H50*1000 -> 45716.863 | I50: =+[3]Resumen!I50*1000 -> 39919.527 | J50: =+[3]Resumen!J50*1000 -> 46587.262 | K50: =+[3]Resumen!K50*1000 -> 59667.517 | L50: =+[3]Resumen!L50*1000 -> 74979.42 | M50: =+[3]Resumen!M50*1000 -> 80924.573 | ... AC50: =+[3]Resumen!AC50*1000 -> 88474.356
C51: Dic | D51: Ordinario | E51: 19 | F51: =+[3]Resumen!F51*1000 -> 93163.217 | G51: =+[3]Resumen!G51*1000 -> 71282.429 | H51: =+[3]Resumen!H51*1000 -> 59480.692 | I51: =+[3]Resumen!I51*1000 -> 57874.817 | J51: =+[3]Resumen!J51*1000 -> 75608.377 | K51: =+[3]Resumen!K51*1000 -> 109891.16 | L51: =+[3]Resumen!L51*1000 -> 153389.51 | M51: =+[3]Resumen!M51*1000 -> 174748.85 | ... AC51: =+[3]Resumen!AC51*1000 -> 135370.27 | AD51: =SUM(F51:AC51)*E51+SUM(F52:AC52)*E52+SUM(F53:AC53)*E53+SUM(F54:AC54)*E54 -> 1.375521e+08
D52: Sábado | E52: 5 | F52: =+[3]Resumen!F52*1000 -> 106367.41 | G52: =+[3]Resumen!G52*1000 -> 81014.862 | H52: =+[3]Resumen!H52*1000 -> 67036.253 | I52: =+[3]Resumen!I52*1000 -> 61622.008 | J52: =+[3]Resumen!J52*1000 -> 71349.551 | K52: =+[3]Resumen!K52*1000 -> 91633.699 | L52: =+[3]Resumen!L52*1000 -> 125907.77 | M52: =+[3]Resumen!M52*1000 -> 145560.85 | ... AC52: =+[3]Resumen!AC52*1000 -> 128178.67
D53: Domingo | E53: 5 | F53: =+[3]Resumen!F53*1000 -> 105450.32 | G53: =+[3]Resumen!G53*1000 -> 78174.539 | H53: =+[3]Resumen!H53*1000 -> 63280.197 | I53: =+[3]Resumen!I53*1000 -> 54538.82 | J53: =+[3]Resumen!J53*1000 -> 52676.441 | K53: =+[3]Resumen!K53*1000 -> 59864.628 | L53: =+[3]Resumen!L53*1000 -> 72367.22 | M53: =+[3]Resumen!M53*1000 -> 75593.588 | ... AC53: =+[3]Resumen!AC53*1000 -> 111897.92
D54: Festivo | E54: 2 | F54: =+[3]Resumen!F54*1000 -> 95318.86 | G54: =+[3]Resumen!G54*1000 -> 75496.548 | H54: =+[3]Resumen!H54*1000 -> 59572.859 | I54: =+[3]Resumen!I54*1000 -> 48461.909 | J54: =+[3]Resumen!J54*1000 -> 45192.772 | K54: =+[3]Resumen!K54*1000 -> 48136.12 | L54: =+[3]Resumen!L54*1000 -> 53940.213 | M54: =+[3]Resumen!M54*1000 -> 49489.075 | ... AC54: =+[3]Resumen!AC54*1000 -> 95963.335
AA55: TOTAL AÑO kWh | AD55: =SUM(AD7:AD54) -> 1.6405011e+09

Sheet Cantidades Producto 4
C2: CANTIDADES DE ENERGÍA SOLICITADAS (kWh)
C3: EMPRESAS PÚBLICAS DE MEDELLÍN E.S.P.
C4: 2029
C6: Mes | D6: Tipo Día | E6: Días | F6: H1 | G6: H2 | H6: H3 | I6: H4 | J6: H5 | K6: H6 | L6: H7 | M6: H8 | N6: H9 | O6: H10 | P6: H11 | Q6: H12 | R6: H13 | S6: H14 | T6: H15 | U6: H16 | V6: H17 | W6: H18 | X6: H19 | Y6: H20 | Z6: H21 | AA6: H22 | AB6: H23 | AC6: H24 | AD6: TOTAL MES
C7: Ene | D7: Ordinario | E7: 21 | F7: =+[4]Resumen!F7*1000 -> 118757.34 | G7: =+[4]Resumen!G7*1000 -> 102891.79 | H7: =+[4]Resumen!H7*1000 -> 94097.321 | I7: =+[4]Resumen!I7*1000 -> 92952.769 | J7: =+[4]Resumen!J7*1000 -> 107398.68 | K7: =+[4]Resumen!K7*1000 -> 141025.88 | L7: =+[4]Resumen!L7*1000 -> 176289.8 | M7: =+[4]Resumen!M7*1000 -> 180693.88 | ... AC7: =+[4]Resumen!AC7*1000 -> 151567.68 | AD7: =SUM(F7:AC7)*E7+SUM(F8:AC8)*E8+SUM(F9:AC9)*E9+SUM(F10:AC10)*E10 -> 1.4309377e+08
D8: Sábado | E8: 4 | F8: =+[4]Resumen!F8*1000 -> 121163.73 | G8: =+[4]Resumen!G8*1000 -> 103958.37 | H8: =+[4]Resumen!H8*1000 -> 94056.2 | I8: =+[4]Resumen!I8*1000 -> 90471.329 | J8: =+[4]Resumen!J8*1000 -> 99400.801 | K8: =+[4]Resumen!K8*1000 -> 116168.19 | L8: =+[4]Resumen!L8*1000 -> 142801.72 | M8: =+[4]Resumen!M8*1000 -> 150464.67 | ... AC8: =+[4]Resumen!AC8*1000 -> 146761.71
D9: Domingo | E9: 4 | F9: =+[4]Resumen!F9*1000 -> 121368.45 | G9: =+[4]Resumen!G9*1000 -> 102682.39 | H9: =+[4]Resumen!H9*1000 -> 90765.589 | I9: =+[4]Resumen!I9*1000 -> 84468.253 | J9: =+[4]Resumen!J9*1000 -> 86270.961 | K9: =+[4]Resumen!K9*1000 -> 93413.192 | L9: =+[4]Resumen!L9*1000 -> 105731.29 | M9: =+[4]Resumen!M9*1000 -> 103235.72 | ... AC9: =+[4]Resumen!AC9*1000 -> 129850.2
D10: Festivo | E10: 2 | F10: =+[4]Resumen!F10*1000 -> 114742.55 | G10: =+[4]Resumen!G10*1000 -> 101406.29 | H10: =+[4]Resumen!H10*1000 -> 88610.569 | I10: =+[4]Resumen!I10*1000 -> 81121.088 | J10: =+[4]Resumen!J10*1000 -> 80953.62 | K10: =+[4]Resumen!K10*1000 -> 85683.481 | L10: =+[4]Resumen!L10*1000 -> 88765.617 | M10: =+[4]Resumen!M10*1000 -> 78441.969 | ... AC10: =+[4]Resumen!AC10*1000 -> 117924.27
C11: Feb | D11: Ordinario | E11: 20 | F11: =+[4]Resumen!F11*1000 -> 138817.22 | G11: =+[4]Resumen!G11*1000 -> 122107.87 | H11: =+[4]Resumen!H11*1000 -> 113548.01 | I11: =+[4]Resumen!I11*1000 -> 113229.26 | J11: =+[4]Resumen!J11*1000 -> 133769.65 | K11: =+[4]Resumen!K11*1000 -> 182819.56 | L11: =+[4]Resumen!L11*1000 -> 223689.69 | M11: =+[4]Resumen!M11*1000 -> 224632.25 | ... AC11: =+[4]Resumen!AC11*1000 -> 169816.07 | AD11: =SUM(F11:AC11)*E11+SUM(F12:AC12)*E12+SUM(F13:AC13)*E13+SUM(F14:AC14)*E14 -> 1.551214e+08
D12: Sábado | E12: 4 | F12: =+[4]Resumen!F12*1000 -> 148018.19 | G12: =+[4]Resumen!G12*1000 -> 128972.9 | H12: =+[4]Resumen!H12*1000 -> 117397.8 | I12: =+[4]Resumen!I12*1000 -> 114255.69 | J12: =+[4]Resumen!J12*1000 -> 124021.82 | K12: =+[4]Resumen!K12*1000 -> 144939.06 | L12: =+[4]Resumen!L12*1000 -> 179006.45 | M12: =+[4]Resumen!M12*1000 -> 194126.73 | ... AC12: =+[4]Resumen!AC12*1000 -> 173539.89
D13: Domingo | E13: 4 | F13: =+[4]Resumen!F13*1000 -> 147050.55 | G13: =+[4]Resumen!G13*1000 -> 126859.68 | H13: =+[4]Resumen!H13*1000 -> 114127.9 | I13: =+[4]Resumen!I13*1000 -> 107686.03 | J13: =+[4]Resumen!J13*1000 -> 109690.83 | K13: =+[4]Resumen!K13*1000 -> 117994.03 | L13: =+[4]Resumen!L13*1000 -> 133917.41 | M13: =+[4]Resumen!M13*1000 -> 135243.96 | ... AC13: =+[4]Resumen!AC13*1000 -> 157259.92
D14: Festivo | E14: 0 | F14: =+[4]Resumen!F14*1000 -> 0 | G14: =+[4]Resumen!G14*1000 -> 0 | H14: =+[4]Resumen!H14*1000 -> 0 | I14: =+[4]Resumen!I14*1000 -> 0 | J14: =+[4]Resumen!J14*1000 -> 0 | K14: =+[4]Resumen!K14*1000 -> 0 | L14: =+[4]Resumen!L14*1000 -> 0 | M14: =+[4]Resumen!M14*1000 -> 0 | ... AC14: =+[4]Resumen!AC14*1000 -> 0
C15: Mar | D15: Ordinario | E15: 19 | F15: =+[4]Resumen!F15*1000 -> 120918.43 | G15: =+[4]Resumen!G15*1000 -> 104899.21 | H15: =+[4]Resumen!H15*1000 -> 96426.536 | I15: =+[4]Resumen!I15*1000 -> 95725.735 | J15: =+[4]Resumen!J15*1000 -> 111698.73 | K15: =+[4]Resumen!K15*1000 -> 152362.81 | L15: =+[4]Resumen!L15*1000 -> 187624.5 | M15: =+[4]Resumen!M15*1000 -> 191818.75 | ... AC15: =+[4]Resumen!AC15*1000 -> 152042.41 | AD15: =SUM(F15:AC15)*E15+SUM(F16:AC16)*E16+SUM(F17:AC17)*E17+SUM(F18:AC18)*E18 -> 1.4315175e+08
D16: Sábado | E16: 5 | F16: =+[4]Resumen!F16*1000 -> 125124.25 | G16: =+[4]Resumen!G16*1000 -> 107150.39 | H16: =+[4]Resumen!H16*1000 -> 96965.007 | I16: =+[4]Resumen!I16*1000 -> 93524.248 | J16: =+[4]Resumen!J16*1000 -> 101136.89 | K16: =+[4]Resumen!K16*1000 -> 116882.18 | L16: =+[4]Resumen!L16*1000 -> 144026.94 | M16: =+[4]Resumen!M16*1000 -> 156394.94 | ... AC16: =+[4]Resumen!AC16*1000 -> 147673.33
D17: Domingo | E17: 4 | F17: =+[4]Resumen!F17*1000 -> 123782.76 | G17: =+[4]Resumen!G17*1000 -> 106068.24 | H17: =+[4]Resumen!H17*1000 -> 94460.312 | I17: =+[4]Resumen!I17*1000 -> 88632.6 | J17: =+[4]Resumen!J17*1000 -> 90551.537 | K17: =+[4]Resumen!K17*1000 -> 97231.18 | L17: =+[4]Resumen!L17*1000 -> 108847.19 | M17: =+[4]Resumen!M17*1000 -> 110708.86 | ... AC17: =+[4]Resumen!AC17*1000 -> 130018.28
D18: Festivo | E18: 3 | F18: =+[4]Resumen!F18*1000 -> 114783.49 | G18: =+[4]Resumen!G18*1000 -> 97240.717 | H18: =+[4]Resumen!H18*1000 -> 87406.618 | I18: =+[4]Resumen!I18*1000 -> 82145.13 | J18: =+[4]Resumen!J18*1000 -> 85645.269 | K18: =+[4]Resumen!K18*1000 -> 93977.798 | L18: =+[4]Resumen!L18*1000 -> 106686.79 | M18: =+[4]Resumen!M18*1000 -> 110216.46 | ... AC18: =+[4]Resumen!AC18*1000 -> 131560.92
C19: Abr | D19: Ordinario | E19: 21 | F19: =+[4]Resumen!F19*1000 -> 118751.11 | G19: =+[4]Resumen!G19*1000 -> 103631.35 | H19: =+[4]Resumen!H19*1000 -> 95827.588 | I19: =+[4]Resumen!I19*1000 -> 95956.043 | J19: =+[4]Resumen!J19*1000 -> 114703.78 | K19: =+[4]Resumen!K19*1000 -> 158369.39 | L19: =+[4]Resumen!L19*1000 -> 195225.38 | M19: =+[4]Resumen!M19*1000 -> 199311.11 | ... AC19: =+[4]Resumen!AC19*1000 -> 149225.62 | AD19: =SUM(F19:AC19)*E19+SUM(F20:AC20)*E20+SUM(F21:AC21)*E21+SUM(F22:AC22)*E22 -> 1.4607574e+08
D20: Sábado | E20: 4 | F20: =+[4]Resumen!F20*1000 -> 126780.28 | G20: =+[4]Resumen!G20*1000 -> 111022.22 | H20: =+[4]Resumen!H20*1000 -> 99123.572 | I20: =+[4]Resumen!I20*1000 -> 96061.042 | J20: =+[4]Resumen!J20*1000 -> 106021.77 | K20: =+[4]Resumen!K20*1000 -> 123839.85 | L20: =+[4]Resumen!L20*1000 -> 156392.92 | M20: =+[4]Resumen!M20*1000 -> 174232.08 | ... AC20: =+[4]Resumen!AC20*1000 -> 149548.32
D21: Domingo | E21: 5 | F21: =+[4]Resumen!F21*1000 -> 125800.93 | G21: =+[4]Resumen!G21*1000 -> 107234.48 | H21: =+[4]Resumen!H21*1000 -> 95483.489 | I21: =+[4]Resumen!I21*1000 -> 89575.114 | J21: =+[4]Resumen!J21*1000 -> 91310.645 | K21: =+[4]Resumen!K21*1000 -> 97464.535 | L21: =+[4]Resumen!L21*1000 -> 111669.28 | M21: =+[4]Resumen!M21*1000 -> 114791.8 | ... AC21: =+[4]Resumen!AC21*1000 -> 131356.25
D22: Festivo | E22: 0 | F22: =+[4]Resumen!F22*1000 -> 0 | G22: =+[4]Resumen!G22*1000 -> 0 | H22: =+[4]Resumen!H22*1000 -> 0 | I22: =+[4]Resumen!I22*1000 -> 0 | J22: =+[4]Resumen!J22*1000 -> 0 | K22: =+[4]Resumen!K22*1000 -> 0 | L22: =+[4]Resumen!L22*1000 -> 0 | M22: =+[4]Resumen!M22*1000 -> 0 | ... AC22: =+[4]Resumen!AC22*1000 -> 0
C23: May | D23: Ordinario | E23: 21 | F23: =+[4]Resumen!F23*1000 -> 105718.31 | G23: =+[4]Resumen!G23*1000 -> 88234.695 | H23: =+[4]Resumen!H23*1000 -> 79095.73 | I23: =+[4]Resumen!I23*1000 -> 77343.888 | J23: =+[4]Resumen!J23*1000 -> 86237.148 | K23: =+[4]Resumen!K23*1000 -> 100868.12 | L23: =+[4]Resumen!L23*1000 -> 134875.2 | M23: =+[4]Resumen!M23*1000 -> 154413.73 | ... AC23: =+[4]Resumen!AC23*1000 -> 129854.76 | AD23: =SUM(F23:AC23)*E23+SUM(F24:AC24)*E24+SUM(F25:AC25)*E25+SUM(F26:AC26)*E26 -> 1.4173246e+08
D24: Sábado | E24: 4 | F24: =+[4]Resumen!F24*1000 -> 90604.178 | G24: =+[4]Resumen!G24*1000 -> 77004.23 | H24: =+[4]Resumen!H24*1000 -> 69460.766 | I24: =+[4]Resumen!I24*1000 -> 70436.847 | J24: =+[4]Resumen!J24*1000 -> 88570.981 | K24: =+[4]Resumen!K24*1000 -> 115658.18 | L24: =+[4]Resumen!L24*1000 -> 163728.83 | M24: =+[4]Resumen!M24*1000 -> 186429.79 | ... AC24: =+[4]Resumen!AC24*1000 -> 127713.02
D25: Domingo | E25: 4 | F25: =+[4]Resumen!F25*1000 -> 98854.36 | G25: =+[4]Resumen!G25*1000 -> 83372.12 | H25: =+[4]Resumen!H25*1000 -> 75768.825 | I25: =+[4]Resumen!I25*1000 -> 77124.351 | J25: =+[4]Resumen!J25*1000 -> 96702.652 | K25: =+[4]Resumen!K25*1000 -> 125804.83 | L25: =+[4]Resumen!L25*1000 -> 176072.89 | M25: =+[4]Resumen!M25*1000 -> 199821.4 | ... AC25: =+[4]Resumen!AC25*1000 -> 135719.93
D26: Festivo | E26: 2 | F26: =+[4]Resumen!F26*1000 -> 103570.62 | G26: =+[4]Resumen!G26*1000 -> 85478.378 | H26: =+[4]Resumen!H26*1000 -> 75697.742 | I26: =+[4]Resumen!I26*1000 -> 74779.042 | J26: =+[4]Resumen!J26*1000 -> 87694.557 | K26: =+[4]Resumen!K26*1000 -> 104167.73 | L26: =+[4]Resumen!L26*1000 -> 141751.41 | M26: =+[4]Resumen!M26*1000 -> 162540.47 | ... AC26: =+[4]Resumen!AC26*1000 -> 131475.83
C27: Jun | D27: Ordinario | E27: 19 | F27: =+[4]Resumen!F27*1000 -> 123470.61 | G27: =+[4]Resumen!G27*1000 -> 107275.92 | H27: =+[4]Resumen!H27*1000 -> 98488.59 | I27: =+[4]Resumen!I27*1000 -> 98709.823 | J27: =+[4]Resumen!J27*1000 -> 114859.75 | K27: =+[4]Resumen!K27*1000 -> 146733.54 | L27: =+[4]Resumen!L27*1000 -> 186307.09 | M27: =+[4]Resumen!M27*1000 -> 200448.17 | ... AC27: =+[4]Resumen!AC27*1000 -> 156414.25 | AD27: =SUM(F27:AC27)*E27+SUM(F28:AC28)*E28+SUM(F29:AC29)*E29+SUM(F30:AC30)*E30 -> 1.4805922e+08
D28: Sábado | E28: 5 | F28: =+[4]Resumen!F28*1000 -> 132926.56 | G28: =+[4]Resumen!G28*1000 -> 114105.34 | H28: =+[4]Resumen!H28*1000 -> 104730.07 | I28: =+[4]Resumen!I28*1000 -> 101014.45 | J28: =+[4]Resumen!J28*1000 -> 110940.04 | K28: =+[4]Resumen!K28*1000 -> 127300.84 | L28: =+[4]Resumen!L28*1000 -> 160731.16 | M28: =+[4]Resumen!M28*1000 -> 173932.08 | ... AC28: =+[4]Resumen!AC28*1000 -> 155775.02
D29: Domingo | E29: 4 | F29: =+[4]Resumen!F29*1000 -> 133005.23 | G29: =+[4]Resumen!G29*1000 -> 114343.77 | H29: =+[4]Resumen!H29*1000 -> 101642.33 | I29: =+[4]Resumen!I29*1000 -> 95083.169 | J29: =+[4]Resumen!J29*1000 -> 96257.38 | K29: =+[4]Resumen!K29*1000 -> 101117.1 | L29: =+[4]Resumen!L29*1000 -> 115316.97 | M29: =+[4]Resumen!M29*1000 -> 118500.53 | ... AC29: =+[4]Resumen!AC29*1000 -> 137968.48
D30: Festivo | E30: 2 | F30: =+[4]Resumen!F30*1000 -> 121130.13 | G30: =+[4]Resumen!G30*1000 -> 104893.14 | H30: =+[4]Resumen!H30*1000 -> 94166.555 | I30: =+[4]Resumen!I30*1000 -> 89841.746 | J30: =+[4]Resumen!J30*1000 -> 94232.546 | K30: =+[4]Resumen!K30*1000 -> 100594.68 | L30: =+[4]Resumen!L30*1000 -> 116143.52 | M30: =+[4]Resumen!M30*1000 -> 122529.83 | ... AC30: =+[4]Resumen!AC30*1000 -> 136186.64
C31: Jul | D31: Ordinario | E31: 20 | F31: =+[4]Resumen!F31*1000 -> 118597.44 | G31: =+[4]Resumen!G31*1000 -> 102500.37 | H31: =+[4]Resumen!H31*1000 -> 93708.647 | I31: =+[4]Resumen!I31*1000 -> 92544.682 | J31: =+[4]Resumen!J31*1000 -> 108490.85 | K31: =+[4]Resumen!K31*1000 -> 146514.07 | L31: =+[4]Resumen!L31*1000 -> 182950.17 | M31: =+[4]Resumen!M31*1000 -> 188273.95 | ... AC31: =+[4]Resumen!AC31*1000 -> 146911.76 | AD31: =SUM(F31:AC31)*E31+SUM(F32:AC32)*E32+SUM(F33:AC33)*E33+SUM(F34:AC34)*E34 -> 1.4337456e+08
D32: Sábado | E32: 4 | F32: =+[4]Resumen!F32*1000 -> 114277.61 | G32: =+[4]Resumen!G32*1000 -> 96575.999 | H32: =+[4]Resumen!H32*1000 -> 87400.623 | I32: =+[4]Resumen!I32*1000 -> 84427.673 | J32: =+[4]Resumen!J32*1000 -> 92974.807 | K32: =+[4]Resumen!K32*1000 -> 108912.65 | L32: =+[4]Resumen!L32*1000 -> 139854.65 | M32: =+[4]Resumen!M32*1000 -> 156044.61 | ... AC32: =+[4]Resumen!AC32*1000 -> 144585.54
D33: Domingo | E33: 5 | F33: =+[4]Resumen!F33*1000 -> 120705.83 | G33: =+[4]Resumen!G33*1000 -> 102528.54 | H33: =+[4]Resumen!H33*1000 -> 90654.554 | I33: =+[4]Resumen!I33*1000 -> 84418.201 | J33: =+[4]Resumen!J33*1000 -> 86002.477 | K33: =+[4]Resumen!K33*1000 -> 91481.947 | L33: =+[4]Resumen!L33*1000 -> 104137.13 | M33: =+[4]Resumen!M33*1000 -> 106987.3 | ... AC33: =+[4]Resumen!AC33*1000 -> 136255.55
D34: Festivo | E34: 2 | F34: =+[4]Resumen!F34*1000 -> 112249.92 | G34: =+[4]Resumen!G34*1000 -> 94387.594 | H34: =+[4]Resumen!H34*1000 -> 80877.573 | I34: =+[4]Resumen!I34*1000 -> 76755.499 | J34: =+[4]Resumen!J34*1000 -> 80207.275 | K34: =+[4]Resumen!K34*1000 -> 88767.214 | L34: =+[4]Resumen!L34*1000 -> 106236.04 | M34: =+[4]Resumen!M34*1000 -> 111267.03 | ... AC34: =+[4]Resumen!AC34*1000 -> 134206.36
C35: Ago | D35: Ordinario | E35: 21 | F35: =+[4]Resumen!F35*1000 -> 114818.02 | G35: =+[4]Resumen!G35*1000 -> 99731.394 | H35: =+[4]Resumen!H35*1000 -> 91826.293 | I35: =+[4]Resumen!I35*1000 -> 91184.472 | J35: =+[4]Resumen!J35*1000 -> 108819.93 | K35: =+[4]Resumen!K35*1000 -> 150322.8 | L35: =+[4]Resumen!L35*1000 -> 188493.86 | M35: =+[4]Resumen!M35*1000 -> 191968.39 | ... AC35: =+[4]Resumen!AC35*1000 -> 147733.77 | AD35: =SUM(F35:AC35)*E35+SUM(F36:AC36)*E36+SUM(F37:AC37)*E37+SUM(F38:AC38)*E38 -> 1.454877e+08
D36: Sábado | E36: 4 | F36: =+[4]Resumen!F36*1000 -> 127040.76 | G36: =+[4]Resumen!G36*1000 -> 108870.32 | H36: =+[4]Resumen!H36*1000 -> 97442.682 | I36: =+[4]Resumen!I36*1000 -> 93554.616 | J36: =+[4]Resumen!J36*1000 -> 101602.34 | K36: =+[4]Resumen!K36*1000 -> 118562.01 | L36: =+[4]Resumen!L36*1000 -> 148410.51 | M36: =+[4]Resumen!M36*1000 -> 162617.28 | ... AC36: =+[4]Resumen!AC36*1000 -> 142400.37
D37: Domingo | E37: 4 | F37: =+[4]Resumen!F37*1000 -> 115054.7 | G37: =+[4]Resumen!G37*1000 -> 97661.868 | H37: =+[4]Resumen!H37*1000 -> 87010.874 | I37: =+[4]Resumen!I37*1000 -> 81450.641 | J37: =+[4]Resumen!J37*1000 -> 83435.28 | K37: =+[4]Resumen!K37*1000 -> 90552.546 | L37: =+[4]Resumen!L37*1000 -> 102813.83 | M37: =+[4]Resumen!M37*1000 -> 105869.18 | ... AC37: =+[4]Resumen!AC37*1000 -> 127899.6
D38: Festivo | E38: 2 | F38: =+[4]Resumen!F38*1000 -> 117732.04 | G38: =+[4]Resumen!G38*1000 -> 101275.55 | H38: =+[4]Resumen!H38*1000 -> 91221.229 | I38: =+[4]Resumen!I38*1000 -> 86735.195 | J38: =+[4]Resumen!J38*1000 -> 92069.627 | K38: =+[4]Resumen!K38*1000 -> 99566.866 | L38: =+[4]Resumen!L38*1000 -> 114618.97 | M38: =+[4]Resumen!M38*1000 -> 119404.8 | ... AC38: =+[4]Resumen!AC38*1000 -> 127814.16
C39: Sep | D39: Ordinario | E39: 20 | F39: =+[4]Resumen!F39*1000 -> 126098.85 | G39: =+[4]Resumen!G39*1000 -> 110570.68 | H39: =+[4]Resumen!H39*1000 -> 102535.02 | I39: =+[4]Resumen!I39*1000 -> 102185.85 | J39: =+[4]Resumen!J39*1000 -> 119748.22 | K39: =+[4]Resumen!K39*1000 -> 161413.91 | L39: =+[4]Resumen!L39*1000 -> 200096.28 | M39: =+[4]Resumen!M39*1000 -> 205568.44 | ... AC39: =+[4]Resumen!AC39*1000 -> 159418.47 | AD39: =SUM(F39:AC39)*E39+SUM(F40:AC40)*E40+SUM(F41:AC41)*E41+SUM(F42:AC42)*E42 -> 1.5120115e+08
D40: Sábado | E40: 5 | F40: =+[4]Resumen!F40*1000 -> 135017.84 | G40: =+[4]Resumen!G40*1000 -> 117097.28 | H40: =+[4]Resumen!H40*1000 -> 106507.1 | I40: =+[4]Resumen!I40*1000 -> 103061.2 | J40: =+[4]Resumen!J40*1000 -> 112437.86 | K40: =+[4]Resumen!K40*1000 -> 130377.9 | L40: =+[4]Resumen!L40*1000 -> 160645.46 | M40: =+[4]Resumen!M40*1000 -> 176492.58 | ... AC40: =+[4]Resumen!AC40*1000 -> 153191.61
D41: Domingo | E41: 5 | F41: =+[4]Resumen!F41*1000 -> 128829.92 | G41: =+[4]Resumen!G41*1000 -> 110411.28 | H41: =+[4]Resumen!H41*1000 -> 98305.984 | I41: =+[4]Resumen!I41*1000 -> 92084.717 | J41: =+[4]Resumen!J41*1000 -> 93653.512 | K41: =+[4]Resumen!K41*1000 -> 97794.249 | L41: =+[4]Resumen!L41*1000 -> 111552.7 | M41: =+[4]Resumen!M41*1000 -> 114989.47 | ... AC41: =+[4]Resumen!AC41*1000 -> 132889.63
D42: Festivo | E42: 0 | F42: =+[4]Resumen!F42*1000 -> 0 | G42: =+[4]Resumen!G42*1000 -> 0 | H42: =+[4]Resumen!H42*1000 -> 0 | I42: =+[4]Resumen!I42*1000 -> 0 | J42: =+[4]Resumen!J42*1000 -> 0 | K42: =+[4]Resumen!K42*1000 -> 0 | L42: =+[4]Resumen!L42*1000 -> 0 | M42: =+[4]Resumen!M42*1000 -> 0 | ... AC42: =+[4]Resumen!AC42*1000 -> 0
C43: Oct | D43: Ordinario | E43: 22 | F43: =+[4]Resumen!F43*1000 -> 110065.43 | G43: =+[4]Resumen!G43*1000 -> 94964.961 | H43: =+[4]Resumen!H43*1000 -> 87396.094 | I43: =+[4]Resumen!I43*1000 -> 87618.376 | J43: =+[4]Resumen!J43*1000 -> 105684.76 | K43: =+[4]Resumen!K43*1000 -> 144481.04 | L43: =+[4]Resumen!L43*1000 -> 184153.1 | M43: =+[4]Resumen!M43*1000 -> 190602 | ... AC43: =+[4]Resumen!AC43*1000 -> 142882.4 | AD43: =SUM(F43:AC43)*E43+SUM(F44:AC44)*E44+SUM(F45:AC45)*E45+SUM(F46:AC46)*E46 -> 1.466941e+08
D44: Sábado | E44: 4 | F44: =+[4]Resumen!F44*1000 -> 125319.7 | G44: =+[4]Resumen!G44*1000 -> 106582.41 | H44: =+[4]Resumen!H44*1000 -> 96830.444 | I44: =+[4]Resumen!I44*1000 -> 93265.413 | J44: =+[4]Resumen!J44*1000 -> 102954.55 | K44: =+[4]Resumen!K44*1000 -> 119624.72 | L44: =+[4]Resumen!L44*1000 -> 150558.72 | M44: =+[4]Resumen!M44*1000 -> 164452.05 | ... AC44: =+[4]Resumen!AC44*1000 -> 148122.84
D45: Domingo | E45: 4 | F45: =+[4]Resumen!F45*1000 -> 124169.39 | G45: =+[4]Resumen!G45*1000 -> 105768.41 | H45: =+[4]Resumen!H45*1000 -> 95002.143 | I45: =+[4]Resumen!I45*1000 -> 89086.339 | J45: =+[4]Resumen!J45*1000 -> 90928.139 | K45: =+[4]Resumen!K45*1000 -> 95592.164 | L45: =+[4]Resumen!L45*1000 -> 110267.86 | M45: =+[4]Resumen!M45*1000 -> 114183.93 | ... AC45: =+[4]Resumen!AC45*1000 -> 127281.12
D46: Festivo | E46: 1 | F46: =+[4]Resumen!F46*1000 -> 112302.47 | G46: =+[4]Resumen!G46*1000 -> 96295.566 | H46: =+[4]Resumen!H46*1000 -> 86885.701 | I46: =+[4]Resumen!I46*1000 -> 82146.087 | J46: =+[4]Resumen!J46*1000 -> 87105.017 | K46: =+[4]Resumen!K46*1000 -> 93182.318 | L46: =+[4]Resumen!L46*1000 -> 106855.67 | M46: =+[4]Resumen!M46*1000 -> 110726.71 | ... AC46: =+[4]Resumen!AC46*1000 -> 123156.67
C47: Nov | D47: Ordinario | E47: 20 | F47: =+[4]Resumen!F47*1000 -> 124845.14 | G47: =+[4]Resumen!G47*1000 -> 108748.13 | H47: =+[4]Resumen!H47*1000 -> 101122.18 | I47: =+[4]Resumen!I47*1000 -> 101624.38 | J47: =+[4]Resumen!J47*1000 -> 119731.39 | K47: =+[4]Resumen!K47*1000 -> 158442.01 | L47: =+[4]Resumen!L47*1000 -> 201251.76 | M47: =+[4]Resumen!M47*1000 -> 211082.81 | ... AC47: =+[4]Resumen!AC47*1000 -> 157495.02 | AD47: =SUM(F47:AC47)*E47+SUM(F48:AC48)*E48+SUM(F49:AC49)*E49+SUM(F50:AC50)*E50 -> 1.5191511e+08
D48: Sábado | E48: 4 | F48: =+[4]Resumen!F48*1000 -> 131371.82 | G48: =+[4]Resumen!G48*1000 -> 112914.63 | H48: =+[4]Resumen!H48*1000 -> 102391.5 | I48: =+[4]Resumen!I48*1000 -> 100189.25 | J48: =+[4]Resumen!J48*1000 -> 111516.52 | K48: =+[4]Resumen!K48*1000 -> 131029.3 | L48: =+[4]Resumen!L48*1000 -> 165407.78 | M48: =+[4]Resumen!M48*1000 -> 183707.18 | ... AC48: =+[4]Resumen!AC48*1000 -> 154400.29
D49: Domingo | E49: 4 | F49: =+[4]Resumen!F49*1000 -> 122451.25 | G49: =+[4]Resumen!G49*1000 -> 103676.45 | H49: =+[4]Resumen!H49*1000 -> 92580.726 | I49: =+[4]Resumen!I49*1000 -> 87365.155 | J49: =+[4]Resumen!J49*1000 -> 90016.88 | K49: =+[4]Resumen!K49*1000 -> 97146.137 | L49: =+[4]Resumen!L49*1000 -> 113036.8 | M49: =+[4]Resumen!M49*1000 -> 120375.28 | ... AC49: =+[4]Resumen!AC49*1000 -> 136932.41
D50: Festivo | E50: 2 | F50: =+[4]Resumen!F50*1000 -> 114633.69 | G50: =+[4]Resumen!G50*1000 -> 98067.413 | H50: =+[4]Resumen!H50*1000 -> 88153.154 | I50: =+[4]Resumen!I50*1000 -> 83642.475 | J50: =+[4]Resumen!J50*1000 -> 89096.002 | K50: =+[4]Resumen!K50*1000 -> 99270.515 | L50: =+[4]Resumen!L50*1000 -> 111889 | M50: =+[4]Resumen!M50*1000 -> 113898.28 | ... AC50: =+[4]Resumen!AC50*1000 -> 123795.82
C51: Dic | D51: Ordinario | E51: 20 | F51: =+[4]Resumen!F51*1000 -> 124536.22 | G51: =+[4]Resumen!G51*1000 -> 107031.94 | H51: =+[4]Resumen!H51*1000 -> 97612.881 | I51: =+[4]Resumen!I51*1000 -> 96330.315 | J51: =+[4]Resumen!J51*1000 -> 109412.89 | K51: =+[4]Resumen!K51*1000 -> 136466.94 | L51: =+[4]Resumen!L51*1000 -> 171010.63 | M51: =+[4]Resumen!M51*1000 -> 184687.56 | ... AC51: =+[4]Resumen!AC51*1000 -> 159129.25 | AD51: =SUM(F51:AC51)*E51+SUM(F52:AC52)*E52+SUM(F53:AC53)*E53+SUM(F54:AC54)*E54 -> 1.4646474e+08
D52: Sábado | E52: 4 | F52: =+[4]Resumen!F52*1000 -> 133794.8 | G52: =+[4]Resumen!G52*1000 -> 113727.65 | H52: =+[4]Resumen!H52*1000 -> 102771.16 | I52: =+[4]Resumen!I52*1000 -> 98587.958 | J52: =+[4]Resumen!J52*1000 -> 107136.2 | K52: =+[4]Resumen!K52*1000 -> 124092.71 | L52: =+[4]Resumen!L52*1000 -> 152144.09 | M52: =+[4]Resumen!M52*1000 -> 164801.4 | ... AC52: =+[4]Resumen!AC52*1000 -> 153074.9
D53: Domingo | E53: 5 | F53: =+[4]Resumen!F53*1000 -> 133020.75 | G53: =+[4]Resumen!G53*1000 -> 111615.73 | H53: =+[4]Resumen!H53*1000 -> 99899.428 | I53: =+[4]Resumen!I53*1000 -> 93217.989 | J53: =+[4]Resumen!J53*1000 -> 93032.829 | K53: =+[4]Resumen!K53*1000 -> 99811.182 | L53: =+[4]Resumen!L53*1000 -> 111524.2 | M53: =+[4]Resumen!M53*1000 -> 112040.62 | ... AC53: =+[4]Resumen!AC53*1000 -> 140570.31
D54: Festivo | E54: 2 | F54: =+[4]Resumen!F54*1000 -> 127108.96 | G54: =+[4]Resumen!G54*1000 -> 110995.94 | H54: =+[4]Resumen!H54*1000 -> 98223.577 | I54: =+[4]Resumen!I54*1000 -> 89409.136 | J54: =+[4]Resumen!J54*1000 -> 87085.497 | K54: =+[4]Resumen!K54*1000 -> 89457.768 | L54: =+[4]Resumen!L54*1000 -> 94258.503 | M54: =+[4]Resumen!M54*1000 -> 87971.475 | ... AC54: =+[4]Resumen!AC54*1000 -> 128295.86
AA55: TOTAL AÑO kWh | AD55: =SUM(AD7:AD54) -> 1.7623717e+09

Sheet Cantidades Producto 5
C2: CANTIDADES DE ENERGÍA SOLICITADAS (kWh)
C3: EMPRESAS PÚBLICAS DE MEDELLÍN E.S.P.
C4: 2030
C6: Mes | D6: Tipo Día | E6: Días | F6: H1 | G6: H2 | H6: H3 | I6: H4 | J6: H5 | K6: H6 | L6: H7 | M6: H8 | N6: H9 | O6: H10 | P6: H11 | Q6: H12 | R6: H13 | S6: H14 | T6: H15 | U6: H16 | V6: H17 | W6: H18 | X6: H19 | Y6: H20 | Z6: H21 | AA6: H22 | AB6: H23 | AC6: H24 | AD6: TOTAL MES
C7: Ene | D7: Ordinario | E7: 21 | F7: =+[5]Resumen!F7*1000 -> 179040.83 | G7: =+[5]Resumen!G7*1000 -> 162911.53 | H7: =+[5]Resumen!H7*1000 -> 153976.37 | I7: =+[5]Resumen!I7*1000 -> 152828.5 | J7: =+[5]Resumen!J7*1000 -> 168262.97 | K7: =+[5]Resumen!K7*1000 -> 202600.74 | L7: =+[5]Resumen!L7*1000 -> 238614.53 | M7: =+[5]Resumen!M7*1000 -> 241398.74 | ... AC7: =+[5]Resumen!AC7*1000 -> 213542.39 | AD7: =SUM(F7:AC7)*E7+SUM(F8:AC8)*E8+SUM(F9:AC9)*E9+SUM(F10:AC10)*E10 -> 1.8950812e+08
D8: Sábado | E8: 4 | F8: =+[5]Resumen!F8*1000 -> 182711.14 | G8: =+[5]Resumen!G8*1000 -> 165086.21 | H8: =+[5]Resumen!H8*1000 -> 154977.13 | I8: =+[5]Resumen!I8*1000 -> 151360.97 | J8: =+[5]Resumen!J8*1000 -> 160460.45 | K8: =+[5]Resumen!K8*1000 -> 177623.42 | L8: =+[5]Resumen!L8*1000 -> 204947.29 | M8: =+[5]Resumen!M8*1000 -> 211218.38 | ... AC8: =+[5]Resumen!AC8*1000 -> 209859.93
D9: Domingo | E9: 4 | F9: =+[5]Resumen!F9*1000 -> 182781.13 | G9: =+[5]Resumen!G9*1000 -> 163712.08 | H9: =+[5]Resumen!H9*1000 -> 151545.04 | I9: =+[5]Resumen!I9*1000 -> 145182.35 | J9: =+[5]Resumen!J9*1000 -> 146972.71 | K9: =+[5]Resumen!K9*1000 -> 154252.56 | L9: =+[5]Resumen!L9*1000 -> 166853.33 | M9: =+[5]Resumen!M9*1000 -> 162691.96 | ... AC9: =+[5]Resumen!AC9*1000 -> 192830.26
D10: Festivo | E10: 2 | F10: =+[5]Resumen!F10*1000 -> 176032.55 | G10: =+[5]Resumen!G10*1000 -> 162331.77 | H10: =+[5]Resumen!H10*1000 -> 149318.28 | I10: =+[5]Resumen!I10*1000 -> 141718.63 | J10: =+[5]Resumen!J10*1000 -> 141481 | K10: =+[5]Resumen!K10*1000 -> 146203.57 | L10: =+[5]Resumen!L10*1000 -> 149519.54 | M10: =+[5]Resumen!M10*1000 -> 137439.79 | ... AC10: =+[5]Resumen!AC10*1000 -> 180329.95
C11: Feb | D11: Ordinario | E11: 20 | F11: =+[5]Resumen!F11*1000 -> 198817.14 | G11: =+[5]Resumen!G11*1000 -> 181888.32 | H11: =+[5]Resumen!H11*1000 -> 173215.19 | I11: =+[5]Resumen!I11*1000 -> 172914.36 | J11: =+[5]Resumen!J11*1000 -> 194545.57 | K11: =+[5]Resumen!K11*1000 -> 244483.64 | L11: =+[5]Resumen!L11*1000 -> 286092.68 | M11: =+[5]Resumen!M11*1000 -> 285095.61 | ... AC11: =+[5]Resumen!AC11*1000 -> 231681.79 | AD11: =SUM(F11:AC11)*E11+SUM(F12:AC12)*E12+SUM(F13:AC13)*E13+SUM(F14:AC14)*E14 -> 1.9681147e+08
D12: Sábado | E12: 4 | F12: =+[5]Resumen!F12*1000 -> 208932.75 | G12: =+[5]Resumen!G12*1000 -> 189550.84 | H12: =+[5]Resumen!H12*1000 -> 177822.07 | I12: =+[5]Resumen!I12*1000 -> 174634.27 | J12: =+[5]Resumen!J12*1000 -> 184627.63 | K12: =+[5]Resumen!K12*1000 -> 205914.01 | L12: =+[5]Resumen!L12*1000 -> 240648.46 | M12: =+[5]Resumen!M12*1000 -> 254122.94 | ... AC12: =+[5]Resumen!AC12*1000 -> 236301.16
D13: Domingo | E13: 4 | F13: =+[5]Resumen!F13*1000 -> 207977.97 | G13: =+[5]Resumen!G13*1000 -> 187464.2 | H13: =+[5]Resumen!H13*1000 -> 174528.02 | I13: =+[5]Resumen!I13*1000 -> 167991.01 | J13: =+[5]Resumen!J13*1000 -> 170056.03 | K13: =+[5]Resumen!K13*1000 -> 178507.94 | L13: =+[5]Resumen!L13*1000 -> 194697.11 | M13: =+[5]Resumen!M13*1000 -> 194159.4 | ... AC13: =+[5]Resumen!AC13*1000 -> 219747.45
D14: Festivo | E14: 0 | F14: =+[5]Resumen!F14*1000 -> 0 | G14: =+[5]Resumen!G14*1000 -> 0 | H14: =+[5]Resumen!H14*1000 -> 0 | I14: =+[5]Resumen!I14*1000 -> 0 | J14: =+[5]Resumen!J14*1000 -> 0 | K14: =+[5]Resumen!K14*1000 -> 0 | L14: =+[5]Resumen!L14*1000 -> 0 | M14: =+[5]Resumen!M14*1000 -> 0 | ... AC14: =+[5]Resumen!AC14*1000 -> 0
C15: Mar | D15: Ordinario | E15: 20 | F15: =+[5]Resumen!F15*1000 -> 180160.14 | G15: =+[5]Resumen!G15*1000 -> 163935.1 | H15: =+[5]Resumen!H15*1000 -> 155401.88 | I15: =+[5]Resumen!I15*1000 -> 154814.54 | J15: =+[5]Resumen!J15*1000 -> 172201.52 | K15: =+[5]Resumen!K15*1000 -> 214027.87 | L15: =+[5]Resumen!L15*1000 -> 250225.34 | M15: =+[5]Resumen!M15*1000 -> 252404.11 | ... AC15: =+[5]Resumen!AC15*1000 -> 213008.23 | AD15: =SUM(F15:AC15)*E15+SUM(F16:AC16)*E16+SUM(F17:AC17)*E17+SUM(F18:AC18)*E18 -> 1.9066276e+08
D16: Sábado | E16: 5 | F16: =+[5]Resumen!F16*1000 -> 185539.77 | G16: =+[5]Resumen!G16*1000 -> 167238.54 | H16: =+[5]Resumen!H16*1000 -> 156929.74 | I16: =+[5]Resumen!I16*1000 -> 153494.26 | J16: =+[5]Resumen!J16*1000 -> 161445.52 | K16: =+[5]Resumen!K16*1000 -> 177835.45 | L16: =+[5]Resumen!L16*1000 -> 206060.41 | M16: =+[5]Resumen!M16*1000 -> 216749.83 | ... AC16: =+[5]Resumen!AC16*1000 -> 209720.72
D17: Domingo | E17: 5 | F17: =+[5]Resumen!F17*1000 -> 184037.86 | G17: =+[5]Resumen!G17*1000 -> 165834.2 | H17: =+[5]Resumen!H17*1000 -> 154151.98 | I17: =+[5]Resumen!I17*1000 -> 148184.26 | J17: =+[5]Resumen!J17*1000 -> 150182.11 | K17: =+[5]Resumen!K17*1000 -> 157088.68 | L17: =+[5]Resumen!L17*1000 -> 169227.93 | M17: =+[5]Resumen!M17*1000 -> 169361.21 | ... AC17: =+[5]Resumen!AC17*1000 -> 191747.85
D18: Festivo | E18: 1 | F18: =+[5]Resumen!F18*1000 -> 174865.5 | G18: =+[5]Resumen!G18*1000 -> 157004.92 | H18: =+[5]Resumen!H18*1000 -> 146974.03 | I18: =+[5]Resumen!I18*1000 -> 141666.65 | J18: =+[5]Resumen!J18*1000 -> 145323.19 | K18: =+[5]Resumen!K18*1000 -> 153894.96 | L18: =+[5]Resumen!L18*1000 -> 166949.13 | M18: =+[5]Resumen!M18*1000 -> 168648.42 | ... AC18: =+[5]Resumen!AC18*1000 -> 193275.39
C19: Abr | D19: Ordinario | E19: 20 | F19: =+[5]Resumen!F19*1000 -> 181148.48 | G19: =+[5]Resumen!G19*1000 -> 165663.01 | H19: =+[5]Resumen!H19*1000 -> 157681.11 | I19: =+[5]Resumen!I19*1000 -> 157845.33 | J19: =+[5]Resumen!J19*1000 -> 177954.6 | K19: =+[5]Resumen!K19*1000 -> 222818.44 | L19: =+[5]Resumen!L19*1000 -> 260851.42 | M19: =+[5]Resumen!M19*1000 -> 263438.25 | ... AC19: =+[5]Resumen!AC19*1000 -> 213633.01 | AD19: =SUM(F19:AC19)*E19+SUM(F20:AC20)*E20+SUM(F21:AC21)*E21+SUM(F22:AC22)*E22 -> 1.919484e+08
D20: Sábado | E20: 4 | F20: =+[5]Resumen!F20*1000 -> 189950.4 | G20: =+[5]Resumen!G20*1000 -> 173576.59 | H20: =+[5]Resumen!H20*1000 -> 161574.42 | I20: =+[5]Resumen!I20*1000 -> 158472.69 | J20: =+[5]Resumen!J20*1000 -> 168801.65 | K20: =+[5]Resumen!K20*1000 -> 187136.12 | L20: =+[5]Resumen!L20*1000 -> 220646.66 | M20: =+[5]Resumen!M20*1000 -> 237152.4 | ... AC20: =+[5]Resumen!AC20*1000 -> 214908.98
D21: Domingo | E21: 4 | F21: =+[5]Resumen!F21*1000 -> 189144.24 | G21: =+[5]Resumen!G21*1000 -> 170100.92 | H21: =+[5]Resumen!H21*1000 -> 158002.56 | I21: =+[5]Resumen!I21*1000 -> 151923 | J21: =+[5]Resumen!J21*1000 -> 153735.31 | K21: =+[5]Resumen!K21*1000 -> 160162.79 | L21: =+[5]Resumen!L21*1000 -> 174819.86 | M21: =+[5]Resumen!M21*1000 -> 176576.66 | ... AC21: =+[5]Resumen!AC21*1000 -> 196095.24
D22: Festivo | E22: 2 | F22: =+[5]Resumen!F22*1000 -> 189363.84 | G22: =+[5]Resumen!G22*1000 -> 170389.41 | H22: =+[5]Resumen!H22*1000 -> 158213.95 | I22: =+[5]Resumen!I22*1000 -> 152071.52 | J22: =+[5]Resumen!J22*1000 -> 153752.88 | K22: =+[5]Resumen!K22*1000 -> 160071.25 | L22: =+[5]Resumen!L22*1000 -> 174899.71 | M22: =+[5]Resumen!M22*1000 -> 176566.2 | ... AC22: =+[5]Resumen!AC22*1000 -> 196172.76
C23: May | D23: Ordinario | E23: 22 | F23: =+[5]Resumen!F23*1000 -> 154597.27 | G23: =+[5]Resumen!G23*1000 -> 137003.45 | H23: =+[5]Resumen!H23*1000 -> 127833.46 | I23: =+[5]Resumen!I23*1000 -> 126235.15 | J23: =+[5]Resumen!J23*1000 -> 137035.25 | K23: =+[5]Resumen!K23*1000 -> 154620.66 | L23: =+[5]Resumen!L23*1000 -> 189861.41 | M23: =+[5]Resumen!M23*1000 -> 206642.09 | ... AC23: =+[5]Resumen!AC23*1000 -> 180978.07 | AD23: =SUM(F23:AC23)*E23+SUM(F24:AC24)*E24+SUM(F25:AC25)*E25+SUM(F26:AC26)*E26 -> 1.7986342e+08
D24: Sábado | E24: 4 | F24: =+[5]Resumen!F24*1000 -> 142415.32 | G24: =+[5]Resumen!G24*1000 -> 128200.08 | H24: =+[5]Resumen!H24*1000 -> 120253.47 | I24: =+[5]Resumen!I24*1000 -> 120920.53 | J24: =+[5]Resumen!J24*1000 -> 138934.36 | K24: =+[5]Resumen!K24*1000 -> 166144.45 | L24: =+[5]Resumen!L24*1000 -> 213962.6 | M24: =+[5]Resumen!M24*1000 -> 234347.68 | ... AC24: =+[5]Resumen!AC24*1000 -> 180065.4
D25: Domingo | E25: 4 | F25: =+[5]Resumen!F25*1000 -> 149773.01 | G25: =+[5]Resumen!G25*1000 -> 133655.68 | H25: =+[5]Resumen!H25*1000 -> 125501.54 | I25: =+[5]Resumen!I25*1000 -> 126250.26 | J25: =+[5]Resumen!J25*1000 -> 144737.99 | K25: =+[5]Resumen!K25*1000 -> 172314.53 | L25: =+[5]Resumen!L25*1000 -> 220691.94 | M25: =+[5]Resumen!M25*1000 -> 241686.26 | ... AC25: =+[5]Resumen!AC25*1000 -> 185859.34
D26: Festivo | E26: 1 | F26: =+[5]Resumen!F26*1000 -> 152903.21 | G26: =+[5]Resumen!G26*1000 -> 134481.23 | H26: =+[5]Resumen!H26*1000 -> 124476.88 | I26: =+[5]Resumen!I26*1000 -> 123251.97 | J26: =+[5]Resumen!J26*1000 -> 135612.66 | K26: =+[5]Resumen!K26*1000 -> 151389.54 | L26: =+[5]Resumen!L26*1000 -> 187734.21 | M26: =+[5]Resumen!M26*1000 -> 205745.22 | ... AC26: =+[5]Resumen!AC26*1000 -> 181949.82
C27: Jun | D27: Ordinario | E27: 18 | F27: =+[5]Resumen!F27*1000 -> 173054.84 | G27: =+[5]Resumen!G27*1000 -> 156472.71 | H27: =+[5]Resumen!H27*1000 -> 147454.07 | I27: =+[5]Resumen!I27*1000 -> 147612.4 | J27: =+[5]Resumen!J27*1000 -> 164967.37 | K27: =+[5]Resumen!K27*1000 -> 197710.04 | L27: =+[5]Resumen!L27*1000 -> 238342.51 | M27: =+[5]Resumen!M27*1000 -> 251020.63 | ... AC27: =+[5]Resumen!AC27*1000 -> 207988.25 | AD27: =SUM(F27:AC27)*E27+SUM(F28:AC28)*E28+SUM(F29:AC29)*E29+SUM(F30:AC30)*E30 -> 1.8442792e+08
D28: Sábado | E28: 5 | F28: =+[5]Resumen!F28*1000 -> 183473.77 | G28: =+[5]Resumen!G28*1000 -> 164200.64 | H28: =+[5]Resumen!H28*1000 -> 154497.37 | I28: =+[5]Resumen!I28*1000 -> 150765.72 | J28: =+[5]Resumen!J28*1000 -> 161117.29 | K28: =+[5]Resumen!K28*1000 -> 178029.69 | L28: =+[5]Resumen!L28*1000 -> 212446.28 | M28: =+[5]Resumen!M28*1000 -> 224330.13 | ... AC28: =+[5]Resumen!AC28*1000 -> 208209.69
D29: Domingo | E29: 5 | F29: =+[5]Resumen!F29*1000 -> 183130.87 | G29: =+[5]Resumen!G29*1000 -> 163993.65 | H29: =+[5]Resumen!H29*1000 -> 151019.51 | I29: =+[5]Resumen!I29*1000 -> 144317.55 | J29: =+[5]Resumen!J29*1000 -> 145604.39 | K29: =+[5]Resumen!K29*1000 -> 150689.83 | L29: =+[5]Resumen!L29*1000 -> 165331.17 | M29: =+[5]Resumen!M29*1000 -> 167041.96 | ... AC29: =+[5]Resumen!AC29*1000 -> 189999.55
D30: Festivo | E30: 2 | F30: =+[5]Resumen!F30*1000 -> 171281.36 | G30: =+[5]Resumen!G30*1000 -> 154561.1 | H30: =+[5]Resumen!H30*1000 -> 143508.46 | I30: =+[5]Resumen!I30*1000 -> 139055.68 | J30: =+[5]Resumen!J30*1000 -> 143600.99 | K30: =+[5]Resumen!K30*1000 -> 150053.23 | L30: =+[5]Resumen!L30*1000 -> 166111.03 | M30: =+[5]Resumen!M30*1000 -> 170837.85 | ... AC30: =+[5]Resumen!AC30*1000 -> 188587.3
C31: Jul | D31: Ordinario | E31: 22 | F31: =+[5]Resumen!F31*1000 -> 171311.05 | G31: =+[5]Resumen!G31*1000 -> 155046.25 | H31: =+[5]Resumen!H31*1000 -> 146191.17 | I31: =+[5]Resumen!I31*1000 -> 145108.86 | J31: =+[5]Resumen!J31*1000 -> 162375.51 | K31: =+[5]Resumen!K31*1000 -> 201467.87 | L31: =+[5]Resumen!L31*1000 -> 238764.53 | M31: =+[5]Resumen!M31*1000 -> 242336.65 | ... AC31: =+[5]Resumen!AC31*1000 -> 201682.36 | AD31: =SUM(F31:AC31)*E31+SUM(F32:AC32)*E32+SUM(F33:AC33)*E33+SUM(F34:AC34)*E34 -> 1.8633398e+08
D32: Sábado | E32: 3 | F32: =+[5]Resumen!F32*1000 -> 169187.63 | G32: =+[5]Resumen!G32*1000 -> 151259.17 | H32: =+[5]Resumen!H32*1000 -> 141778.93 | I32: =+[5]Resumen!I32*1000 -> 138751.63 | J32: =+[5]Resumen!J32*1000 -> 147622.81 | K32: =+[5]Resumen!K32*1000 -> 163953.75 | L32: =+[5]Resumen!L32*1000 -> 195570.22 | M32: =+[5]Resumen!M32*1000 -> 210109.16 | ... AC32: =+[5]Resumen!AC32*1000 -> 200876.79
D33: Domingo | E33: 4 | F33: =+[5]Resumen!F33*1000 -> 175043.85 | G33: =+[5]Resumen!G33*1000 -> 156504.72 | H33: =+[5]Resumen!H33*1000 -> 144369.3 | I33: =+[5]Resumen!I33*1000 -> 138059.09 | J33: =+[5]Resumen!J33*1000 -> 139687.02 | K33: =+[5]Resumen!K33*1000 -> 145244.66 | L33: =+[5]Resumen!L33*1000 -> 158306.14 | M33: =+[5]Resumen!M33*1000 -> 159447.54 | ... AC33: =+[5]Resumen!AC33*1000 -> 191581.67
D34: Festivo | E34: 2 | F34: =+[5]Resumen!F34*1000 -> 166544.81 | G34: =+[5]Resumen!G34*1000 -> 148471.92 | H34: =+[5]Resumen!H34*1000 -> 135033.02 | I34: =+[5]Resumen!I34*1000 -> 130757.17 | J34: =+[5]Resumen!J34*1000 -> 134498.81 | K34: =+[5]Resumen!K34*1000 -> 143190.17 | L34: =+[5]Resumen!L34*1000 -> 160880.01 | M34: =+[5]Resumen!M34*1000 -> 164268.59 | ... AC34: =+[5]Resumen!AC34*1000 -> 189955
C35: Ago | D35: Ordinario | E35: 20 | F35: =+[5]Resumen!F35*1000 -> 169946.29 | G35: =+[5]Resumen!G35*1000 -> 154510.44 | H35: =+[5]Resumen!H35*1000 -> 146512.62 | I35: =+[5]Resumen!I35*1000 -> 145911.95 | J35: =+[5]Resumen!J35*1000 -> 164841.89 | K35: =+[5]Resumen!K35*1000 -> 207452.39 | L35: =+[5]Resumen!L35*1000 -> 246516.48 | M35: =+[5]Resumen!M35*1000 -> 248483.93 | ... AC35: =+[5]Resumen!AC35*1000 -> 204466.69 | AD35: =SUM(F35:AC35)*E35+SUM(F36:AC36)*E36+SUM(F37:AC37)*E37+SUM(F38:AC38)*E38 -> 1.8806001e+08
D36: Sábado | E36: 5 | F36: =+[5]Resumen!F36*1000 -> 183040.92 | G36: =+[5]Resumen!G36*1000 -> 164446.04 | H36: =+[5]Resumen!H36*1000 -> 153038.07 | I36: =+[5]Resumen!I36*1000 -> 149043.19 | J36: =+[5]Resumen!J36*1000 -> 157592 | K36: =+[5]Resumen!K36*1000 -> 175168.95 | L36: =+[5]Resumen!L36*1000 -> 206164.12 | M36: =+[5]Resumen!M36*1000 -> 219063.23 | ... AC36: =+[5]Resumen!AC36*1000 -> 200955.95
D37: Domingo | E37: 4 | F37: =+[5]Resumen!F37*1000 -> 172046.44 | G37: =+[5]Resumen!G37*1000 -> 154078.59 | H37: =+[5]Resumen!H37*1000 -> 143018.12 | I37: =+[5]Resumen!I37*1000 -> 137285.81 | J37: =+[5]Resumen!J37*1000 -> 139248.54 | K37: =+[5]Resumen!K37*1000 -> 146603.59 | L37: =+[5]Resumen!L37*1000 -> 159145.76 | M37: =+[5]Resumen!M37*1000 -> 160597.77 | ... AC37: =+[5]Resumen!AC37*1000 -> 185705.19
D38: Festivo | E38: 2 | F38: =+[5]Resumen!F38*1000 -> 173493.46 | G38: =+[5]Resumen!G38*1000 -> 156606.56 | H38: =+[5]Resumen!H38*1000 -> 146218.05 | I38: =+[5]Resumen!I38*1000 -> 141789.86 | J38: =+[5]Resumen!J38*1000 -> 147012.42 | K38: =+[5]Resumen!K38*1000 -> 154692.4 | L38: =+[5]Resumen!L38*1000 -> 169825.81 | M38: =+[5]Resumen!M38*1000 -> 173011.94 | ... AC38: =+[5]Resumen!AC38*1000 -> 185042.86
C39: Sep | D39: Ordinario | E39: 21 | F39: =+[5]Resumen!F39*1000 -> 167326.94 | G39: =+[5]Resumen!G39*1000 -> 151505.72 | H39: =+[5]Resumen!H39*1000 -> 143309.79 | I39: =+[5]Resumen!I39*1000 -> 143033.67 | J39: =+[5]Resumen!J39*1000 -> 161938.38 | K39: =+[5]Resumen!K39*1000 -> 204465.05 | L39: =+[5]Resumen!L39*1000 -> 244060.23 | M39: =+[5]Resumen!M39*1000 -> 247987.67 | ... AC39: =+[5]Resumen!AC39*1000 -> 202116.82 | AD39: =SUM(F39:AC39)*E39+SUM(F40:AC40)*E40+SUM(F41:AC41)*E41+SUM(F42:AC42)*E42 -> 1.8314227e+08
D40: Sábado | E40: 4 | F40: =+[5]Resumen!F40*1000 -> 177364.83 | G40: =+[5]Resumen!G40*1000 -> 159140.58 | H40: =+[5]Resumen!H40*1000 -> 148381.61 | I40: =+[5]Resumen!I40*1000 -> 144913.78 | J40: =+[5]Resumen!J40*1000 -> 154639.16 | K40: =+[5]Resumen!K40*1000 -> 172881.11 | L40: =+[5]Resumen!L40*1000 -> 204183.95 | M40: =+[5]Resumen!M40*1000 -> 218672.88 | ... AC40: =+[5]Resumen!AC40*1000 -> 196932.53
D41: Domingo | E41: 5 | F41: =+[5]Resumen!F41*1000 -> 170935.93 | G41: =+[5]Resumen!G41*1000 -> 152345.37 | H41: =+[5]Resumen!H41*1000 -> 139924.33 | I41: =+[5]Resumen!I41*1000 -> 133612.62 | J41: =+[5]Resumen!J41*1000 -> 135221.21 | K41: =+[5]Resumen!K41*1000 -> 139758.3 | L41: =+[5]Resumen!L41*1000 -> 153709.88 | M41: =+[5]Resumen!M41*1000 -> 155578.77 | ... AC41: =+[5]Resumen!AC41*1000 -> 176349.04
D42: Festivo | E42: 0 | F42: =+[5]Resumen!F42*1000 -> 0 | G42: =+[5]Resumen!G42*1000 -> 0 | H42: =+[5]Resumen!H42*1000 -> 0 | I42: =+[5]Resumen!I42*1000 -> 0 | J42: =+[5]Resumen!J42*1000 -> 0 | K42: =+[5]Resumen!K42*1000 -> 0 | L42: =+[5]Resumen!L42*1000 -> 0 | M42: =+[5]Resumen!M42*1000 -> 0 | ... AC42: =+[5]Resumen!AC42*1000 -> 0
C43: Oct | D43: Ordinario | E43: 22 | F43: =+[5]Resumen!F43*1000 -> 152126.33 | G43: =+[5]Resumen!G43*1000 -> 136838.43 | H43: =+[5]Resumen!H43*1000 -> 129132.63 | I43: =+[5]Resumen!I43*1000 -> 129443.03 | J43: =+[5]Resumen!J43*1000 -> 148888.3 | K43: =+[5]Resumen!K43*1000 -> 188627.57 | L43: =+[5]Resumen!L43*1000 -> 229363.64 | M43: =+[5]Resumen!M43*1000 -> 234418.08 | ... AC43: =+[5]Resumen!AC43*1000 -> 186192.7 | AD43: =SUM(F43:AC43)*E43+SUM(F44:AC44)*E44+SUM(F45:AC45)*E45+SUM(F46:AC46)*E46 -> 1.7995765e+08
D44: Sábado | E44: 4 | F44: =+[5]Resumen!F44*1000 -> 167710.94 | G44: =+[5]Resumen!G44*1000 -> 148735.02 | H44: =+[5]Resumen!H44*1000 -> 138801.36 | I44: =+[5]Resumen!I44*1000 -> 135332.62 | J44: =+[5]Resumen!J44*1000 -> 145479.07 | K44: =+[5]Resumen!K44*1000 -> 162722.22 | L44: =+[5]Resumen!L44*1000 -> 194747.92 | M44: =+[5]Resumen!M44*1000 -> 207510.18 | ... AC44: =+[5]Resumen!AC44*1000 -> 191631.27
D45: Domingo | E45: 4 | F45: =+[5]Resumen!F45*1000 -> 166613.36 | G45: =+[5]Resumen!G45*1000 -> 147909.95 | H45: =+[5]Resumen!H45*1000 -> 136793.68 | I45: =+[5]Resumen!I45*1000 -> 130817.86 | J45: =+[5]Resumen!J45*1000 -> 132744.93 | K45: =+[5]Resumen!K45*1000 -> 137725.45 | L45: =+[5]Resumen!L45*1000 -> 153057.45 | M45: =+[5]Resumen!M45*1000 -> 155407.71 | ... AC45: =+[5]Resumen!AC45*1000 -> 171483.63
D46: Festivo | E46: 1 | F46: =+[5]Resumen!F46*1000 -> 155145.29 | G46: =+[5]Resumen!G46*1000 -> 138849.9 | H46: =+[5]Resumen!H46*1000 -> 129180.52 | I46: =+[5]Resumen!I46*1000 -> 124279.03 | J46: =+[5]Resumen!J46*1000 -> 129366.7 | K46: =+[5]Resumen!K46*1000 -> 135663.29 | L46: =+[5]Resumen!L46*1000 -> 149729.87 | M46: =+[5]Resumen!M46*1000 -> 152176.3 | ... AC46: =+[5]Resumen!AC46*1000 -> 167025.38
C47: Nov | D47: Ordinario | E47: 19 | F47: =+[5]Resumen!F47*1000 -> 166854.34 | G47: =+[5]Resumen!G47*1000 -> 150451 | H47: =+[5]Resumen!H47*1000 -> 142662.9 | I47: =+[5]Resumen!I47*1000 -> 143117.99 | J47: =+[5]Resumen!J47*1000 -> 162543.53 | K47: =+[5]Resumen!K47*1000 -> 202125.93 | L47: =+[5]Resumen!L47*1000 -> 245988.61 | M47: =+[5]Resumen!M47*1000 -> 254395.23 | ... AC47: =+[5]Resumen!AC47*1000 -> 201096.44 | AD47: =SUM(F47:AC47)*E47+SUM(F48:AC48)*E48+SUM(F49:AC49)*E49+SUM(F50:AC50)*E50 -> 1.8359647e+08
D48: Sábado | E48: 5 | F48: =+[5]Resumen!F48*1000 -> 174270.36 | G48: =+[5]Resumen!G48*1000 -> 155449.19 | H48: =+[5]Resumen!H48*1000 -> 144930.09 | I48: =+[5]Resumen!I48*1000 -> 142632.78 | J48: =+[5]Resumen!J48*1000 -> 154308.43 | K48: =+[5]Resumen!K48*1000 -> 174251.44 | L48: =+[5]Resumen!L48*1000 -> 209415.19 | M48: =+[5]Resumen!M48*1000 -> 226471.85 | ... AC48: =+[5]Resumen!AC48*1000 -> 198893.95
D49: Domingo | E49: 4 | F49: =+[5]Resumen!F49*1000 -> 165884.91 | G49: =+[5]Resumen!G49*1000 -> 146772.13 | H49: =+[5]Resumen!H49*1000 -> 135330.95 | I49: =+[5]Resumen!I49*1000 -> 129992.37 | J49: =+[5]Resumen!J49*1000 -> 132747.59 | K49: =+[5]Resumen!K49*1000 -> 140048.52 | L49: =+[5]Resumen!L49*1000 -> 156417.76 | M49: =+[5]Resumen!M49*1000 -> 162066.51 | ... AC49: =+[5]Resumen!AC49*1000 -> 181367.54
D50: Festivo | E50: 2 | F50: =+[5]Resumen!F50*1000 -> 157733.87 | G50: =+[5]Resumen!G50*1000 -> 140773.69 | H50: =+[5]Resumen!H50*1000 -> 130620.05 | I50: =+[5]Resumen!I50*1000 -> 126031.17 | J50: =+[5]Resumen!J50*1000 -> 131576.49 | K50: =+[5]Resumen!K50*1000 -> 141716.38 | L50: =+[5]Resumen!L50*1000 -> 154992.16 | M50: =+[5]Resumen!M50*1000 -> 155960.15 | ... AC50: =+[5]Resumen!AC50*1000 -> 168979.41
C51: Dic | D51: Ordinario | E51: 21 | F51: =+[5]Resumen!F51*1000 -> 184667.49 | G51: =+[5]Resumen!G51*1000 -> 166885.5 | H51: =+[5]Resumen!H51*1000 -> 157338.53 | I51: =+[5]Resumen!I51*1000 -> 156039.94 | J51: =+[5]Resumen!J51*1000 -> 170094.59 | K51: =+[5]Resumen!K51*1000 -> 197586.23 | L51: =+[5]Resumen!L51*1000 -> 232905.44 | M51: =+[5]Resumen!M51*1000 -> 245251.82 | ... AC51: =+[5]Resumen!AC51*1000 -> 220682 | AD51: =SUM(F51:AC51)*E51+SUM(F52:AC52)*E52+SUM(F53:AC53)*E53+SUM(F54:AC54)*E54 -> 1.9380335e+08
D52: Sábado | E52: 4 | F52: =+[5]Resumen!F52*1000 -> 194372.1 | G52: =+[5]Resumen!G52*1000 -> 174054.09 | H52: =+[5]Resumen!H52*1000 -> 162923.74 | I52: =+[5]Resumen!I52*1000 -> 158733.25 | J52: =+[5]Resumen!J52*1000 -> 167570.41 | K52: =+[5]Resumen!K52*1000 -> 184819.02 | L52: =+[5]Resumen!L52*1000 -> 213435.74 | M52: =+[5]Resumen!M52*1000 -> 224559.73 | ... AC52: =+[5]Resumen!AC52*1000 -> 215729.19
D53: Domingo | E53: 4 | F53: =+[5]Resumen!F53*1000 -> 193578.26 | G53: =+[5]Resumen!G53*1000 -> 172056.85 | H53: =+[5]Resumen!H53*1000 -> 160089.97 | I53: =+[5]Resumen!I53*1000 -> 153333 | J53: =+[5]Resumen!J53*1000 -> 153595.79 | K53: =+[5]Resumen!K53*1000 -> 160713.54 | L53: =+[5]Resumen!L53*1000 -> 173209.04 | M53: =+[5]Resumen!M53*1000 -> 172489.99 | ... AC53: =+[5]Resumen!AC53*1000 -> 203216.01
D54: Festivo | E54: 2 | F54: =+[5]Resumen!F54*1000 -> 188793.21 | G54: =+[5]Resumen!G54*1000 -> 172378.69 | H54: =+[5]Resumen!H54*1000 -> 159416.93 | I54: =+[5]Resumen!I54*1000 -> 150563.16 | J54: =+[5]Resumen!J54*1000 -> 148468.59 | K54: =+[5]Resumen!K54*1000 -> 151088.82 | L54: =+[5]Resumen!L54*1000 -> 156283.17 | M54: =+[5]Resumen!M54*1000 -> 148452.31 | ... AC54: =+[5]Resumen!AC54*1000 -> 191335.08
AA55: TOTAL AÑO kWh | AD55: =SUM(AD7:AD54) -> 2.2481158e+09

Sheet Oferta Producto 1
B2: NOMBRE DEL OFERENTE
B3: PRECIOS Y CANTIDADES DE ENERGIA OFERTADA
B4: EN PESOS DE MARZO 2025
B6: OFERTA PRODUCTO 1 - CURVA O PLANA
B7: MES | C7: AÑO 2026
C8: Energia Solicitada kWh | D8: % | E8: Energia Ofertada kWh | F8: Precio $/KWh
B9: 46023 | C9: =+'Cantidades Producto 1'!AD7 -> 1.196225e+08 | D9: % | F9: $/kWh
B10: 46054 | C10: =+'Cantidades Producto 1'!AD11 -> 1.4518956e+08 | D10: %
B11: 46082 | C11: =+'Cantidades Producto 1'!AD15 -> 1.1532532e+08 | D11: %
B12: 46113 | C12: =+'Cantidades Producto 1'!AD19 -> 1.2961433e+08 | D12: %
B13: 46143 | C13: =+'Cantidades Producto 1'!AD23 -> 1.1674581e+08 | D13: %
B14: 46174 | C14: =+'Cantidades Producto 1'!AD27 -> 1.2827847e+08 | D14: %
B15: 46204 | C15: =+'Cantidades Producto 1'!AD31 -> 1.146364e+08 | D15: %
B16: 46235 | C16: =+'Cantidades Producto 1'!AD35 -> 1.2230665e+08 | D16: %
B17: 46266 | C17: =+'Cantidades Producto 1'!AD39 -> 1.2785128e+08 | D17: %
B18: 46296 | C18: =+'Cantidades Producto 1'!AD43 -> 1.1762924e+08 | D18: %
B19: 46327 | C19: =+'Cantidades Producto 1'!AD47 -> 1.3092664e+08 | D19: %
B20: 46357 | C20: =+'Cantidades Producto 1'!AD51 -> 1.2065033e+08 | D20: %
B21: Total año | C21: =SUM(C9:C20) -> 1.4887765e+09 | D21: %
C23: =+C21/1000 -> 1488776.5
A24: Notas:
A25: 1. La Energía Ofertada se distribuye en forma horaria de acuerdo con la curva de carga presentada en la hoja Cantidades Producto 2
A26: 2. Modalidad: pague lo contratado.
A27: 3. Precio ofertado en $kWh, en pesos de marzo 2025
A28: 4. El % puede ser diferente y el precio debe ser el mismo para todos los meses del año
A29: 5. Tope horario ofertas planas 50.000 KWh

Sheet Oferta Producto 2
B2: NOMBRE DEL OFERENTE
B3: PRECIOS Y CANTIDADES DE ENERGIA OFERTADA
B4: EN PESOS DE MARZO 2025
B6: OFERTA PRODUCTO 2 - CURVA O PLANA
B7: MES | C7: AÑO 2027
C8: Energia Solicitada kWh | D8: % | E8: Energia Ofertada kWh | F8: Precio $/KWh
B9: 46388 | C9: =+'Cantidades Producto 2'!AD7 -> 1.1354692e+08 | D9: % | F9: $/kWh
B10: 46419 | C10: =+'Cantidades Producto 2'!AD11 -> 1.3781334e+08
B11: 46447 | C11: =+'Cantidades Producto 2'!AD15 -> 1.04893e+08
B12: 46478 | C12: =+'Cantidades Producto 2'!AD19 -> 1.1894706e+08
B13: 46508 | C13: =+'Cantidades Producto 2'!AD23 -> 1.068194e+08
B14: 46539 | C14: =+'Cantidades Producto 2'!AD27 -> 1.1872409e+08
B15: 46569 | C15: =+'Cantidades Producto 2'!AD31 -> 85800296
B16: 46600 | C16: =+'Cantidades Producto 2'!AD35 -> 86838019
B17: 46631 | C17: =+'Cantidades Producto 2'!AD39 -> 1.0052052e+08
B18: 46661 | C18: =+'Cantidades Producto 2'!AD43 -> 93336950
B19: 46692 | C19: =+'Cantidades Producto 2'!AD47 -> 1.0661572e+08
B20: 46722 | C20: =+'Cantidades Producto 2'!AD51 -> 94139433
B21: Total año | C21: =SUM(C9:C20) -> 1.2679948e+09
C23: =+C21/1000 -> 1267994.8
A24: Notas:
A25: 1. La Energía Ofertada se distribuye en forma horaria de acuerdo con la curva de carga presentada en la hoja Cantidades Producto 3
A26: 2. Modalidad: pague lo contratado.
A27: 3. Precio ofertado en $kWh, en pesos de marzo 2025
A28: 4. El % y el precio debe ser el mismo para todos los meses del año
A29: 5. Tope horario ofertas planas 40.000 KWh

Sheet Oferta Producto 3
B2: NOMBRE DEL OFERENTE
B3: PRECIOS Y CANTIDADES DE ENERGIA OFERTADA
B4: EN PESOS DE MARZO 2025
B6: OFERTA PRODUCTO 3 - CURVA O PLANA
B7: MES | C7: AÑO 2028
C8: Energia Solicitada kWh | D8: % | E8: Energia Ofertada kWh | F8: Precio $/KWh
B9: 46753 | C9: =+'Cantidades Producto 3'!AD7 -> 1.3525605e+08 | D9: % | F9: $/kWh
B10: 46784 | C10: =+'Cantidades Producto 3'!AD11 -> 1.4899673e+08
B11: 46813 | C11: =+'Cantidades Producto 3'!AD15 -> 1.3277833e+08
B12: 46844 | C12: =+'Cantidades Producto 3'!AD19 -> 1.3833478e+08
B13: 46874 | C13: =+'Cantidades Producto 3'!AD23 -> 1.3117665e+08
B14: 46905 | C14: =+'Cantidades Producto 3'!AD27 -> 1.3947566e+08
B15: 46935 | C15: =+'Cantidades Producto 3'!AD31 -> 1.2747981e+08
B16: 46966 | C16: =+'Cantidades Producto 3'!AD35 -> 1.3147171e+08
B17: 46997 | C17: =+'Cantidades Producto 3'!AD39 -> 1.3973544e+08
B18: 47027 | C18: =+'Cantidades Producto 3'!AD43 -> 1.3363643e+08
B19: 47058 | C19: =+'Cantidades Producto 3'!AD47 -> 1.446074e+08
B20: 47088 | C20: =+'Cantidades Producto 3'!AD51 -> 1.375521e+08
B21: Total año | C21: =SUM(C9:C20) -> 1.6405011e+09
C23: =+C21/1000 -> 1640501.1
A24: Notas:
A25: 1. La Energía Ofertada se distribuye en forma horaria de acuerdo con la curva de carga presentada en la hoja Cantidades Producto 4
A26: 2. Modalidad: pague lo contratado.
A27: 3. Precio ofertado en $kWh, en pesos de marzo 2025
A28: 4. El % y el precio debe ser el mismo para todos los meses del año
A29: 5. Tope horario ofertas planas 30.000 KWh

Sheet Oferta Producto 4
B2: NOMBRE DEL OFERENTE
B3: PRECIOS Y CANTIDADES DE ENERGIA OFERTADA
B4: EN PESOS DE MARZO 2025
B6: OFERTA PRODUCTO 4 - CURVA
B7: MES | C7: AÑO 2029
C8: Energia Solicitada kWh | D8: % | E8: Energia Ofertada kWh | F8: Precio $/KWh
B9: 47119 | C9: =+'Cantidades Producto 4'!AD7 -> 1.4309377e+08 | D9: % | F9: $/kWh
B10: 47150 | C10: =+'Cantidades Producto 4'!AD11 -> 1.551214e+08
B11: 47178 | C11: =+'Cantidades Producto 4'!AD15 -> 1.4315175e+08
B12: 47209 | C12: =+'Cantidades Producto 4'!AD19 -> 1.4607574e+08
B13: 47239 | C13: =+'Cantidades Producto 4'!AD23 -> 1.4173246e+08
B14: 47270 | C14: =+'Cantidades Producto 4'!AD27 -> 1.4805922e+08
B15: 47300 | C15: =+'Cantidades Producto 4'!AD31 -> 1.4337456e+08
B16: 47331 | C16: =+'Cantidades Producto 4'!AD35 -> 1.454877e+08
B17: 47362 | C17: =+'Cantidades Producto 4'!AD39 -> 1.5120115e+08
B18: 47392 | C18: =+'Cantidades Producto 4'!AD43 -> 1.466941e+08
B19: 47423 | C19: =+'Cantidades Producto 4'!AD47 -> 1.5191511e+08
B20: 47453 | C20: =+'Cantidades Producto 4'!AD51 -> 1.4646474e+08
B21: Total año | C21: =SUM(C9:C20) -> 1.7623717e+09
C23: =+C21/1000 -> 1762371.7
A24: Notas:
A25: 1. La Energía Ofertada se distribuye en forma horaria de acuerdo con la curva de carga presentada en la hoja Cantidades Producto 4
A26: 2. Modalidad: pague lo contratado.
A27: 3. Precio ofertado en $kWh, en pesos de marzo 2025
A28: 4. El % y el precio debe ser el mismo para todos los meses del año

Sheet Oferta Producto 5
B2: NOMBRE DEL OFERENTE
B3: PRECIOS Y CANTIDADES DE ENERGIA OFERTADA
B4: EN PESOS DE MARZO 2025
B6: OFERTA PRODUCTO 5 - CURVA
B7: MES | C7: AÑO 2030
C8: Energia Solicitada kWh | D8: % | E8: Energia Ofertada kWh | F8: Precio $/KWh
B9: 47484 | C9: =+'Cantidades Producto 5'!AD7 -> 1.8950812e+08 | D9: % | F9: $/kWh
B10: 47515 | C10: =+'Cantidades Producto 5'!AD11 -> 1.9681147e+08
B11: 47543 | C11: =+'Cantidades Producto 5'!AD15 -> 1.9066276e+08
B12: 47574 | C12: =+'Cantidades Producto 5'!AD19 -> 1.919484e+08
B13: 47604 | C13: =+'Cantidades Producto 5'!AD23 -> 1.7986342e+08
B14: 47635 | C14: =+'Cantidades Producto 5'!AD27 -> 1.8442792e+08
B15: 47665 | C15: =+'Cantidades Producto 5'!AD31 -> 1.8633398e+08
B16: 47696 | C16: =+'Cantidades Producto 5'!AD35 -> 1.8806001e+08
B17: 47727 | C17: =+'Cantidades Producto 5'!AD39 -> 1.8314227e+08
B18: 47757 | C18: =+'Cantidades Producto 5'!AD43 -> 1.7995765e+08
B19: 47788 | C19: =+'Cantidades Producto 5'!AD47 -> 1.8359647e+08
B20: 47818 | C20: =+'Cantidades Producto 5'!AD51 -> 1.9380335e+08
B21: Total año | C21: =SUM(C9:C20) -> 2.2481158e+09
C23: =+C21/1000 -> 2248115.8
A24: Notas:
A25: 1. La Energía Ofertada se distribuye en forma horaria de acuerdo con la curva de carga presentada en la hoja Cantidades Producto 5
A26: 2. Modalidad: pague lo contratado.
A27: 3. Precio ofertado en $kWh, en pesos de marzo 2025
A28: 4. El % y el precio debe ser el mismo para todos los meses del año

Sheet Oferta Horaria Productos 1-5
C2: CANTIDADES DE ENERGÍA SOLICITADAS (kWh)
C3: EMPRESAS PÚBLICAS DE MEDELLÍN E.S.P.
C4: DISTRIBUCIÓN HORARIA PRODUCTOS 1 AL 5
C6: Mes | D6: Tipo Día | E6: Días | F6: H1 | G6: H2 | H6: H3 | I6: H4 | J6: H5 | K6: H6 | L6: H7 | M6: H8 | N6: H9 | O6: H10 | P6: H11 | Q6: H12 | R6: H13 | S6: H14 | T6: H15 | U6: H16 | V6: H17 | W6: H18 | X6: H19 | Y6: H20 | Z6: H21 | AA6: H22 | AB6: H23 | AC6: H24 | AD6: TOTAL MES
C7: Ene | D7: Ordinario | AD7: =SUM(F7:AC7)*E7+SUM(F8:AC8)*E8+SUM(F9:AC9)*E9+SUM(F10:AC10)*E10 -> 0
D8: Sábado
D9: Domingo
D10: Festivo
C11: Feb | D11: Ordinario | AD11: =SUM(F11:AC11)*E11+SUM(F12:AC12)*E12+SUM(F13:AC13)*E13+SUM(F14:AC14)*E14 -> 0
D12: Sábado
D13: Domingo
D14: Festivo
C15: Mar | D15: Ordinario | AD15: =SUM(F15:AC15)*E15+SUM(F16:AC16)*E16+SUM(F17:AC17)*E17+SUM(F18:AC18)*E18 -> 0
D16: Sábado
D17: Domingo
D18: Festivo
C19: Abr | D19: Ordinario | AD19: =SUM(F19:AC19)*E19+SUM(F20:AC20)*E20+SUM(F21:AC21)*E21+SUM(F22:AC22)*E22 -> 0
D20: Sábado
D21: Domingo
D22: Festivo
C23: May | D23: Ordinario | AD23: =SUM(F23:AC23)*E23+SUM(F24:AC24)*E24+SUM(F25:AC25)*E25+SUM(F26:AC26)*E26 -> 0
D24: Sábado
D25: Domingo
D26: Festivo
C27: Jun | D27: Ordinario | AD27: =SUM(F27:AC27)*E27+SUM(F28:AC28)*E28+SUM(F29:AC29)*E29+SUM(F30:AC30)*E30 -> 0
D28: Sábado
D29: Domingo
D30: Festivo
C31: Jul | D31: Ordinario | AD31: =SUM(F31:AC31)*E31+SUM(F32:AC32)*E32+SUM(F33:AC33)*E33+SUM(F34:AC34)*E34 -> 0
D32: Sábado
D33: Domingo
D34: Festivo
C35: Ago | D35: Ordinario | AD35: =SUM(F35:AC35)*E35+SUM(F36:AC36)*E36+SUM(F37:AC37)*E37+SUM(F38:AC38)*E38 -> 0
D36: Sábado
D37: Domingo
D38: Festivo
C39: Sep | D39: Ordinario | AD39: =SUM(F39:AC39)*E39+SUM(F40:AC40)*E40+SUM(F41:AC41)*E41+SUM(F42:AC42)*E42 -> 0
D40: Sábado
D41: Domingo
D42: Festivo
C43: Oct | D43: Ordinario | AD43: =SUM(F43:AC43)*E43+SUM(F44:AC44)*E44+SUM(F45:AC45)*E45+SUM(F46:AC46)*E46 -> 0
D44: Sábado
D45: Domingo
D46: Festivo
C47: Nov | D47: Ordinario | AD47: =SUM(F47:AC47)*E47+SUM(F48:AC48)*E48+SUM(F49:AC49)*E49+SUM(F50:AC50)*E50 -> 0
D48: Sábado
D49: Domingo
D50: Festivo
C51: Dic | D51: Ordinario | AD51: =SUM(F51:AC51)*E51+SUM(F52:AC52)*E52+SUM(F53:AC53)*E53+SUM(F54:AC54)*E54 -> 0
D52: Sábado
D53: Domingo
D54: Festivo
AA55: TOTAL AÑO kWh | AD55: =SUM(AD7:AD54) -> 0
